freq,size_emp,nace_r2,indic_is,unit,geo\TIME_PERIOD,num_2016,flag_2016,num_2020,flag_2020
A,GE10,C,P_CUSE,PC_EMP,AT,,NaN,,NaN
A,GE10,C,P_CUSE,PC_EMP,BA,,NaN,,NaN
A,GE10,C,P_CUSE,PC_EMP,BE,57.93,NaN,,NaN
A,GE10,C,P_CUSE,PC_EMP,BG,19.17,NaN,,NaN
A,GE10,C,P_CUSE,PC_EMP,CY,32.96,NaN,,NaN
A,GE10,C,P_CUSE,PC_EMP,CZ,46.41,NaN,,NaN
A,GE10,C,P_CUSE,PC_EMP,DE,59.39,NaN,,NaN
A,GE10,C,P_CUSE,PC_EMP,DK,,NaN,,NaN
A,GE10,C,P_CUSE,PC_EMP,EA,54.1,NaN,,NaN
A,GE10,C,P_CUSE,PC_EMP,EE,35.98,NaN,,NaN
A,GE10,C,P_CUSE,PC_EMP,EL,40.33,NaN,,NaN
A,GE10,C,P_CUSE,PC_EMP,ES,52.99,NaN,,NaN
A,GE10,C,P_CUSE,PC_EMP,EU15,55.47,NaN,,NaN
A,GE10,C,P_CUSE,PC_EMP,EU25,,NaN,,NaN
A,GE10,C,P_CUSE,PC_EMP,EU27_2007,48.95,NaN,,NaN
A,GE10,C,P_CUSE,PC_EMP,EU27_2020,47.86,NaN,,NaN
A,GE10,C,P_CUSE,PC_EMP,EU28,48.84,NaN,,NaN
A,GE10,C,P_CUSE,PC_EMP,FI,74.75,NaN,,NaN
A,GE10,C,P_CUSE,PC_EMP,FR,,NaN,,NaN
A,GE10,C,P_CUSE,PC_EMP,HR,37.9,NaN,,NaN
A,GE10,C,P_CUSE,PC_EMP,HU,39.67,NaN,,NaN
A,GE10,C,P_CUSE,PC_EMP,IE,57.45,NaN,,NaN
A,GE10,C,P_CUSE,PC_EMP,IS,,NaN,,NaN
A,GE10,C,P_CUSE,PC_EMP,IT,47.04,NaN,,NaN
A,GE10,C,P_CUSE,PC_EMP,LT,31.71,NaN,,NaN
A,GE10,C,P_CUSE,PC_EMP,LU,,NaN,,NaN
A,GE10,C,P_CUSE,PC_EMP,LV,,NaN,,NaN
A,GE10,C,P_CUSE,PC_EMP,ME,38.49,NaN,,NaN
A,GE10,C,P_CUSE,PC_EMP,MK,17.32,NaN,,NaN
A,GE10,C,P_CUSE,PC_EMP,MT,,NaN,,NaN
A,GE10,C,P_CUSE,PC_EMP,NL,58.83,NaN,,NaN
A,GE10,C,P_CUSE,PC_EMP,NO,67.2,NaN,,NaN
A,GE10,C,P_CUSE,PC_EMP,PL,33.49,NaN,,NaN
A,GE10,C,P_CUSE,PC_EMP,PT,33.74,NaN,,NaN
A,GE10,C,P_CUSE,PC_EMP,RO,22.33,NaN,,NaN
A,GE10,C,P_CUSE,PC_EMP,RS,,NaN,,NaN
A,GE10,C,P_CUSE,PC_EMP,SE,,NaN,,NaN
A,GE10,C,P_CUSE,PC_EMP,SI,48.88,NaN,,NaN
A,GE10,C,P_CUSE,PC_EMP,SK,39.06,NaN,,NaN
A,GE10,C,P_CUSE,PC_EMP,TR,,NaN,,NaN
A,GE10,C,P_CUSE,PC_EMP,UK,57.95,NaN,,NaN
A,GE10,C,P_CUSE,PC_EMP_CUSE2,AT,,NaN,,NaN
A,GE10,C,P_CUSE,PC_EMP_CUSE2,BE,,NaN,,NaN
A,GE10,C,P_CUSE,PC_EMP_CUSE2,BG,,NaN,,NaN
A,GE10,C,P_CUSE,PC_EMP_CUSE2,CY,,NaN,,NaN
A,GE10,C,P_CUSE,PC_EMP_CUSE2,CZ,,NaN,,NaN
A,GE10,C,P_CUSE,PC_EMP_CUSE2,DE,,NaN,,NaN
A,GE10,C,P_CUSE,PC_EMP_CUSE2,DK,,NaN,,NaN
A,GE10,C,P_CUSE,PC_EMP_CUSE2,EA,,NaN,,NaN
A,GE10,C,P_CUSE,PC_EMP_CUSE2,EE,,NaN,,NaN
A,GE10,C,P_CUSE,PC_EMP_CUSE2,EL,,NaN,,NaN
A,GE10,C,P_CUSE,PC_EMP_CUSE2,ES,,NaN,,NaN
A,GE10,C,P_CUSE,PC_EMP_CUSE2,EU15,,NaN,,NaN
A,GE10,C,P_CUSE,PC_EMP_CUSE2,EU27_2007,,NaN,,NaN
A,GE10,C,P_CUSE,PC_EMP_CUSE2,EU27_2020,,NaN,,NaN
A,GE10,C,P_CUSE,PC_EMP_CUSE2,EU28,,NaN,,NaN
A,GE10,C,P_CUSE,PC_EMP_CUSE2,FI,,NaN,,NaN
A,GE10,C,P_CUSE,PC_EMP_CUSE2,FR,,NaN,,NaN
A,GE10,C,P_CUSE,PC_EMP_CUSE2,HR,,NaN,,NaN
A,GE10,C,P_CUSE,PC_EMP_CUSE2,HU,,NaN,,NaN
A,GE10,C,P_CUSE,PC_EMP_CUSE2,IE,,NaN,,NaN
A,GE10,C,P_CUSE,PC_EMP_CUSE2,IT,,NaN,,NaN
A,GE10,C,P_CUSE,PC_EMP_CUSE2,LT,,NaN,,NaN
A,GE10,C,P_CUSE,PC_EMP_CUSE2,MK,,NaN,,NaN
A,GE10,C,P_CUSE,PC_EMP_CUSE2,MT,,NaN,,NaN
A,GE10,C,P_CUSE,PC_EMP_CUSE2,NL,,NaN,,NaN
A,GE10,C,P_CUSE,PC_EMP_CUSE2,NO,,NaN,,NaN
A,GE10,C,P_CUSE,PC_EMP_CUSE2,PL,,NaN,,NaN
A,GE10,C,P_CUSE,PC_EMP_CUSE2,PT,,NaN,,NaN
A,GE10,C,P_CUSE,PC_EMP_CUSE2,RO,,NaN,,NaN
A,GE10,C,P_CUSE,PC_EMP_CUSE2,RS,,NaN,,NaN
A,GE10,C,P_CUSE,PC_EMP_CUSE2,SI,,NaN,,NaN
A,GE10,C,P_CUSE,PC_EMP_CUSE2,SK,,NaN,,NaN
A,GE10,C,P_CUSE,PC_EMP_CUSE2,UK,,NaN,,NaN
A,GE10,C,P_IUSE,PC_EMP,AL,,NaN,,NaN
A,GE10,C,P_IUSE,PC_EMP,AT,51.02,NaN,59.57,NaN
A,GE10,C,P_IUSE,PC_EMP,BA,,NaN,21.81,NaN
A,GE10,C,P_IUSE,PC_EMP,BE,47.42,NaN,,u
A,GE10,C,P_IUSE,PC_EMP,BG,16.27,NaN,21.06,NaN
A,GE10,C,P_IUSE,PC_EMP,CY,27.51,NaN,31.83,NaN
A,GE10,C,P_IUSE,PC_EMP,CZ,29.13,NaN,43.05,NaN
A,GE10,C,P_IUSE,PC_EMP,DE,50.73,NaN,55.06,NaN
A,GE10,C,P_IUSE,PC_EMP,DK,64.82,NaN,69.4,NaN
A,GE10,C,P_IUSE,PC_EMP,EA,46.89,NaN,53.02,NaN
A,GE10,C,P_IUSE,PC_EMP,EE,32.01,NaN,37.62,NaN
A,GE10,C,P_IUSE,PC_EMP,EL,33.82,NaN,38.81,NaN
A,GE10,C,P_IUSE,PC_EMP,ES,43.59,NaN,50.48,NaN
A,GE10,C,P_IUSE,PC_EMP,EU15,48.88,NaN,,NaN
A,GE10,C,P_IUSE,PC_EMP,EU25,,NaN,,NaN
A,GE10,C,P_IUSE,PC_EMP,EU27_2007,42.98,NaN,,NaN
A,GE10,C,P_IUSE,PC_EMP,EU27_2020,42.14,NaN,49.08,NaN
A,GE10,C,P_IUSE,PC_EMP,EU28,42.9,NaN,,NaN
A,GE10,C,P_IUSE,PC_EMP,FI,65.02,NaN,75.6,NaN
A,GE10,C,P_IUSE,PC_EMP,FR,53.91,NaN,58.63,NaN
A,GE10,C,P_IUSE,PC_EMP,HR,32.92,NaN,35.4,NaN
A,GE10,C,P_IUSE,PC_EMP,HU,30.46,NaN,36.2,NaN
A,GE10,C,P_IUSE,PC_EMP,IE,55.61,NaN,56.46,NaN
A,GE10,C,P_IUSE,PC_EMP,IS,,NaN,100.0,NaN
A,GE10,C,P_IUSE,PC_EMP,IT,38.17,NaN,48.98,NaN
A,GE10,C,P_IUSE,PC_EMP,LT,28.0,NaN,38.79,NaN
A,GE10,C,P_IUSE,PC_EMP,LU,,NaN,,NaN
A,GE10,C,P_IUSE,PC_EMP,LV,24.34,NaN,30.35,NaN
A,GE10,C,P_IUSE,PC_EMP,ME,33.82,NaN,30.43,NaN
A,GE10,C,P_IUSE,PC_EMP,MK,14.31,NaN,,u
A,GE10,C,P_IUSE,PC_EMP,MT,33.34,NaN,41.57,NaN
A,GE10,C,P_IUSE,PC_EMP,NL,53.12,NaN,60.39,NaN
A,GE10,C,P_IUSE,PC_EMP,NO,62.17,NaN,75.37,NaN
A,GE10,C,P_IUSE,PC_EMP,PL,28.34,NaN,37.6,NaN
A,GE10,C,P_IUSE,PC_EMP,PT,26.63,NaN,32.02,NaN
A,GE10,C,P_IUSE,PC_EMP,RO,18.66,NaN,24.31,NaN
A,GE10,C,P_IUSE,PC_EMP,RS,,NaN,33.58,NaN
A,GE10,C,P_IUSE,PC_EMP,SE,68.08,NaN,78.11,NaN
A,GE10,C,P_IUSE,PC_EMP,SI,42.26,NaN,47.07,NaN
A,GE10,C,P_IUSE,PC_EMP,SK,30.27,NaN,35.49,NaN
A,GE10,C,P_IUSE,PC_EMP,TR,22.21,NaN,,NaN
A,GE10,C,P_IUSE,PC_EMP,UK,51.29,NaN,54.75,NaN
A,GE10,C,P_IUSE,PC_EMP_CUSE,AT,,NaN,,NaN
A,GE10,C,P_IUSE,PC_EMP_CUSE,BA,,NaN,,NaN
A,GE10,C,P_IUSE,PC_EMP_CUSE,BE,81.86,NaN,,NaN
A,GE10,C,P_IUSE,PC_EMP_CUSE,BG,84.85,NaN,,NaN
A,GE10,C,P_IUSE,PC_EMP_CUSE,CY,83.46,NaN,,NaN
A,GE10,C,P_IUSE,PC_EMP_CUSE,CZ,62.76,NaN,,NaN
A,GE10,C,P_IUSE,PC_EMP_CUSE,DE,85.43,NaN,,NaN
A,GE10,C,P_IUSE,PC_EMP_CUSE,DK,,NaN,,NaN
A,GE10,C,P_IUSE,PC_EMP_CUSE,EA,84.38,NaN,,NaN
A,GE10,C,P_IUSE,PC_EMP_CUSE,EE,88.97,NaN,,NaN
A,GE10,C,P_IUSE,PC_EMP_CUSE,EL,83.86,NaN,,NaN
A,GE10,C,P_IUSE,PC_EMP_CUSE,ES,82.25,NaN,,NaN
A,GE10,C,P_IUSE,PC_EMP_CUSE,EU15,85.05,NaN,,NaN
A,GE10,C,P_IUSE,PC_EMP_CUSE,EU25,,NaN,,NaN
A,GE10,C,P_IUSE,PC_EMP_CUSE,EU27_2007,83.54,NaN,,NaN
A,GE10,C,P_IUSE,PC_EMP_CUSE,EU27_2020,82.91,NaN,,NaN
A,GE10,C,P_IUSE,PC_EMP_CUSE,EU28,83.56,NaN,,NaN
A,GE10,C,P_IUSE,PC_EMP_CUSE,FI,86.99,NaN,,NaN
A,GE10,C,P_IUSE,PC_EMP_CUSE,FR,,NaN,,NaN
A,GE10,C,P_IUSE,PC_EMP_CUSE,HR,86.86,NaN,,NaN
A,GE10,C,P_IUSE,PC_EMP_CUSE,HU,76.79,NaN,,NaN
A,GE10,C,P_IUSE,PC_EMP_CUSE,IE,96.8,NaN,,NaN
A,GE10,C,P_IUSE,PC_EMP_CUSE,IS,,NaN,,NaN
A,GE10,C,P_IUSE,PC_EMP_CUSE,IT,81.14,NaN,,NaN
A,GE10,C,P_IUSE,PC_EMP_CUSE,LT,88.3,NaN,,NaN
A,GE10,C,P_IUSE,PC_EMP_CUSE,LU,,NaN,,NaN
A,GE10,C,P_IUSE,PC_EMP_CUSE,LV,,NaN,,NaN
A,GE10,C,P_IUSE,PC_EMP_CUSE,ME,87.87,NaN,,NaN
A,GE10,C,P_IUSE,PC_EMP_CUSE,MK,82.62,NaN,,NaN
A,GE10,C,P_IUSE,PC_EMP_CUSE,MT,,NaN,,NaN
A,GE10,C,P_IUSE,PC_EMP_CUSE,NL,90.29,NaN,,NaN
A,GE10,C,P_IUSE,PC_EMP_CUSE,NO,92.51,NaN,,NaN
A,GE10,C,P_IUSE,PC_EMP_CUSE,PL,84.64,NaN,,NaN
A,GE10,C,P_IUSE,PC_EMP_CUSE,PT,78.92,NaN,,NaN
A,GE10,C,P_IUSE,PC_EMP_CUSE,RO,83.57,NaN,,NaN
A,GE10,C,P_IUSE,PC_EMP_CUSE,RS,,NaN,,NaN
A,GE10,C,P_IUSE,PC_EMP_CUSE,SE,,NaN,,NaN
A,GE10,C,P_IUSE,PC_EMP_CUSE,SI,86.47,NaN,,NaN
A,GE10,C,P_IUSE,PC_EMP_CUSE,SK,77.51,NaN,,NaN
A,GE10,C,P_IUSE,PC_EMP_CUSE,TR,,NaN,,NaN
A,GE10,C,P_IUSE,PC_EMP_CUSE,UK,88.5,NaN,,NaN
A,GE10,C,P_IUSE,PC_EMP_CUSE2,AT,,NaN,,NaN
A,GE10,C,P_IUSE,PC_EMP_CUSE2,BE,,NaN,,NaN
A,GE10,C,P_IUSE,PC_EMP_CUSE2,BG,,NaN,,NaN
A,GE10,C,P_IUSE,PC_EMP_CUSE2,CY,,NaN,,NaN
A,GE10,C,P_IUSE,PC_EMP_CUSE2,CZ,,NaN,,NaN
A,GE10,C,P_IUSE,PC_EMP_CUSE2,DE,,NaN,,NaN
A,GE10,C,P_IUSE,PC_EMP_CUSE2,DK,,NaN,,NaN
A,GE10,C,P_IUSE,PC_EMP_CUSE2,EA,,NaN,,NaN
A,GE10,C,P_IUSE,PC_EMP_CUSE2,EE,,NaN,,NaN
A,GE10,C,P_IUSE,PC_EMP_CUSE2,EL,,NaN,,NaN
A,GE10,C,P_IUSE,PC_EMP_CUSE2,ES,,NaN,,NaN
A,GE10,C,P_IUSE,PC_EMP_CUSE2,EU15,,NaN,,NaN
A,GE10,C,P_IUSE,PC_EMP_CUSE2,EU27_2007,,NaN,,NaN
A,GE10,C,P_IUSE,PC_EMP_CUSE2,EU27_2020,,NaN,,NaN
A,GE10,C,P_IUSE,PC_EMP_CUSE2,EU28,,NaN,,NaN
A,GE10,C,P_IUSE,PC_EMP_CUSE2,FI,,NaN,,NaN
A,GE10,C,P_IUSE,PC_EMP_CUSE2,FR,,NaN,,NaN
A,GE10,C,P_IUSE,PC_EMP_CUSE2,HR,,NaN,,NaN
A,GE10,C,P_IUSE,PC_EMP_CUSE2,HU,,NaN,,NaN
A,GE10,C,P_IUSE,PC_EMP_CUSE2,IE,,NaN,,NaN
A,GE10,C,P_IUSE,PC_EMP_CUSE2,IS,,NaN,,NaN
A,GE10,C,P_IUSE,PC_EMP_CUSE2,IT,,NaN,,NaN
A,GE10,C,P_IUSE,PC_EMP_CUSE2,LT,,NaN,,NaN
A,GE10,C,P_IUSE,PC_EMP_CUSE2,LU,,NaN,,NaN
A,GE10,C,P_IUSE,PC_EMP_CUSE2,LV,,NaN,,NaN
A,GE10,C,P_IUSE,PC_EMP_CUSE2,MK,,NaN,,NaN
A,GE10,C,P_IUSE,PC_EMP_CUSE2,MT,,NaN,,NaN
A,GE10,C,P_IUSE,PC_EMP_CUSE2,NL,,NaN,,NaN
A,GE10,C,P_IUSE,PC_EMP_CUSE2,NO,,NaN,,NaN
A,GE10,C,P_IUSE,PC_EMP_CUSE2,PL,,NaN,,NaN
A,GE10,C,P_IUSE,PC_EMP_CUSE2,PT,,NaN,,NaN
A,GE10,C,P_IUSE,PC_EMP_CUSE2,RO,,NaN,,NaN
A,GE10,C,P_IUSE,PC_EMP_CUSE2,RS,,NaN,,NaN
A,GE10,C,P_IUSE,PC_EMP_CUSE2,SE,,NaN,,NaN
A,GE10,C,P_IUSE,PC_EMP_CUSE2,SI,,NaN,,NaN
A,GE10,C,P_IUSE,PC_EMP_CUSE2,SK,,NaN,,NaN
A,GE10,C,P_IUSE,PC_EMP_CUSE2,TR,,NaN,,NaN
A,GE10,C,P_IUSE,PC_EMP_CUSE2,UK,,NaN,,NaN
A,GE10,C,P_IUSE,PC_EMP_IACC,AT,,NaN,,NaN
A,GE10,C,P_IUSE,PC_EMP_IACC,BE,,NaN,,NaN
A,GE10,C,P_IUSE,PC_EMP_IACC,BG,,NaN,,NaN
A,GE10,C,P_IUSE,PC_EMP_IACC,CY,,NaN,,NaN
A,GE10,C,P_IUSE,PC_EMP_IACC,CZ,,NaN,,NaN
A,GE10,C,P_IUSE,PC_EMP_IACC,DE,,NaN,,NaN
A,GE10,C,P_IUSE,PC_EMP_IACC,DK,,NaN,,NaN
A,GE10,C,P_IUSE,PC_EMP_IACC,EA,,NaN,,NaN
A,GE10,C,P_IUSE,PC_EMP_IACC,EE,,NaN,,NaN
A,GE10,C,P_IUSE,PC_EMP_IACC,EL,,NaN,,NaN
A,GE10,C,P_IUSE,PC_EMP_IACC,ES,,NaN,,NaN
A,GE10,C,P_IUSE,PC_EMP_IACC,EU15,,NaN,,NaN
A,GE10,C,P_IUSE,PC_EMP_IACC,EU27_2007,,NaN,,NaN
A,GE10,C,P_IUSE,PC_EMP_IACC,EU27_2020,,NaN,,NaN
A,GE10,C,P_IUSE,PC_EMP_IACC,EU28,,NaN,,NaN
A,GE10,C,P_IUSE,PC_EMP_IACC,FI,,NaN,,NaN
A,GE10,C,P_IUSE,PC_EMP_IACC,FR,,NaN,,NaN
A,GE10,C,P_IUSE,PC_EMP_IACC,HR,,NaN,,NaN
A,GE10,C,P_IUSE,PC_EMP_IACC,HU,,NaN,,NaN
A,GE10,C,P_IUSE,PC_EMP_IACC,IE,,NaN,,NaN
A,GE10,C,P_IUSE,PC_EMP_IACC,IS,,NaN,,NaN
A,GE10,C,P_IUSE,PC_EMP_IACC,IT,,NaN,,NaN
A,GE10,C,P_IUSE,PC_EMP_IACC,LT,,NaN,,NaN
A,GE10,C,P_IUSE,PC_EMP_IACC,LU,,NaN,,NaN
A,GE10,C,P_IUSE,PC_EMP_IACC,LV,,NaN,,NaN
A,GE10,C,P_IUSE,PC_EMP_IACC,MK,,NaN,,NaN
A,GE10,C,P_IUSE,PC_EMP_IACC,MT,,NaN,,NaN
A,GE10,C,P_IUSE,PC_EMP_IACC,NL,,NaN,,NaN
A,GE10,C,P_IUSE,PC_EMP_IACC,NO,,NaN,,NaN
A,GE10,C,P_IUSE,PC_EMP_IACC,PL,,NaN,,NaN
A,GE10,C,P_IUSE,PC_EMP_IACC,PT,,NaN,,NaN
A,GE10,C,P_IUSE,PC_EMP_IACC,RO,,NaN,,NaN
A,GE10,C,P_IUSE,PC_EMP_IACC,RS,,NaN,,NaN
A,GE10,C,P_IUSE,PC_EMP_IACC,SE,,NaN,,NaN
A,GE10,C,P_IUSE,PC_EMP_IACC,SI,,NaN,,NaN
A,GE10,C,P_IUSE,PC_EMP_IACC,SK,,NaN,,NaN
A,GE10,C,P_IUSE,PC_EMP_IACC,TR,,NaN,,NaN
A,GE10,C,P_IUSE,PC_EMP_IACC,UK,,NaN,,NaN
A,GE10,C-E,P_CUSE,PC_EMP,AT,,NaN,,NaN
A,GE10,C-E,P_CUSE,PC_EMP,BA,,NaN,,NaN
A,GE10,C-E,P_CUSE,PC_EMP,BE,,u,,NaN
A,GE10,C-E,P_CUSE,PC_EMP,BG,20.49,NaN,,NaN
A,GE10,C-E,P_CUSE,PC_EMP,CY,36.74,NaN,,NaN
A,GE10,C-E,P_CUSE,PC_EMP,CZ,46.69,NaN,,NaN
A,GE10,C-E,P_CUSE,PC_EMP,DE,59.73,NaN,,NaN
A,GE10,C-E,P_CUSE,PC_EMP,DK,,NaN,,NaN
A,GE10,C-E,P_CUSE,PC_EMP,EA,54.45,NaN,,NaN
A,GE10,C-E,P_CUSE,PC_EMP,EE,37.94,NaN,,NaN
A,GE10,C-E,P_CUSE,PC_EMP,EL,41.68,NaN,,NaN
A,GE10,C-E,P_CUSE,PC_EMP,ES,52.06,NaN,,NaN
A,GE10,C-E,P_CUSE,PC_EMP,EU15,56.06,NaN,,NaN
A,GE10,C-E,P_CUSE,PC_EMP,EU25,,NaN,,NaN
A,GE10,C-E,P_CUSE,PC_EMP,EU27_2007,49.64,NaN,,NaN
A,GE10,C-E,P_CUSE,PC_EMP,EU27_2020,48.35,NaN,,NaN
A,GE10,C-E,P_CUSE,PC_EMP,EU28,49.53,NaN,,NaN
A,GE10,C-E,P_CUSE,PC_EMP,FI,75.57,NaN,,NaN
A,GE10,C-E,P_CUSE,PC_EMP,FR,,NaN,,NaN
A,GE10,C-E,P_CUSE,PC_EMP,HR,39.55,NaN,,NaN
A,GE10,C-E,P_CUSE,PC_EMP,HU,41.02,NaN,,NaN
A,GE10,C-E,P_CUSE,PC_EMP,IE,59.34,NaN,,NaN
A,GE10,C-E,P_CUSE,PC_EMP,IS,,NaN,,NaN
A,GE10,C-E,P_CUSE,PC_EMP,IT,47.27,NaN,,NaN
A,GE10,C-E,P_CUSE,PC_EMP,LT,33.69,NaN,,NaN
A,GE10,C-E,P_CUSE,PC_EMP,LU,,NaN,,NaN
A,GE10,C-E,P_CUSE,PC_EMP,LV,,NaN,,NaN
A,GE10,C-E,P_CUSE,PC_EMP,ME,52.84,NaN,,NaN
A,GE10,C-E,P_CUSE,PC_EMP,MK,19.23,NaN,,NaN
A,GE10,C-E,P_CUSE,PC_EMP,MT,,NaN,,NaN
A,GE10,C-E,P_CUSE,PC_EMP,NL,60.78,NaN,,NaN
A,GE10,C-E,P_CUSE,PC_EMP,NO,69.12,NaN,,NaN
A,GE10,C-E,P_CUSE,PC_EMP,PL,34.99,NaN,,NaN
A,GE10,C-E,P_CUSE,PC_EMP,PT,34.89,NaN,,NaN
A,GE10,C-E,P_CUSE,PC_EMP,RO,23.82,NaN,,NaN
A,GE10,C-E,P_CUSE,PC_EMP,RS,,NaN,,NaN
A,GE10,C-E,P_CUSE,PC_EMP,SE,,NaN,,NaN
A,GE10,C-E,P_CUSE,PC_EMP,SI,49.81,NaN,,NaN
A,GE10,C-E,P_CUSE,PC_EMP,SK,40.4,NaN,,NaN
A,GE10,C-E,P_CUSE,PC_EMP,TR,,NaN,,NaN
A,GE10,C-E,P_CUSE,PC_EMP,UK,60.21,NaN,,NaN
A,GE10,C-E,P_CUSE,PC_EMP_CUSE2,AT,,NaN,,NaN
A,GE10,C-E,P_CUSE,PC_EMP_CUSE2,BE,,NaN,,NaN
A,GE10,C-E,P_CUSE,PC_EMP_CUSE2,BG,,NaN,,NaN
A,GE10,C-E,P_CUSE,PC_EMP_CUSE2,CY,,NaN,,NaN
A,GE10,C-E,P_CUSE,PC_EMP_CUSE2,CZ,,NaN,,NaN
A,GE10,C-E,P_CUSE,PC_EMP_CUSE2,DE,,NaN,,NaN
A,GE10,C-E,P_CUSE,PC_EMP_CUSE2,DK,,NaN,,NaN
A,GE10,C-E,P_CUSE,PC_EMP_CUSE2,EA,,NaN,,NaN
A,GE10,C-E,P_CUSE,PC_EMP_CUSE2,EE,,NaN,,NaN
A,GE10,C-E,P_CUSE,PC_EMP_CUSE2,EL,,NaN,,NaN
A,GE10,C-E,P_CUSE,PC_EMP_CUSE2,ES,,NaN,,NaN
A,GE10,C-E,P_CUSE,PC_EMP_CUSE2,EU15,,NaN,,NaN
A,GE10,C-E,P_CUSE,PC_EMP_CUSE2,EU27_2007,,NaN,,NaN
A,GE10,C-E,P_CUSE,PC_EMP_CUSE2,EU27_2020,,NaN,,NaN
A,GE10,C-E,P_CUSE,PC_EMP_CUSE2,EU28,,NaN,,NaN
A,GE10,C-E,P_CUSE,PC_EMP_CUSE2,FI,,NaN,,NaN
A,GE10,C-E,P_CUSE,PC_EMP_CUSE2,FR,,NaN,,NaN
A,GE10,C-E,P_CUSE,PC_EMP_CUSE2,HR,,NaN,,NaN
A,GE10,C-E,P_CUSE,PC_EMP_CUSE2,HU,,NaN,,NaN
A,GE10,C-E,P_CUSE,PC_EMP_CUSE2,IE,,NaN,,NaN
A,GE10,C-E,P_CUSE,PC_EMP_CUSE2,IT,,NaN,,NaN
A,GE10,C-E,P_CUSE,PC_EMP_CUSE2,LT,,NaN,,NaN
A,GE10,C-E,P_CUSE,PC_EMP_CUSE2,MK,,NaN,,NaN
A,GE10,C-E,P_CUSE,PC_EMP_CUSE2,MT,,NaN,,NaN
A,GE10,C-E,P_CUSE,PC_EMP_CUSE2,NL,,NaN,,NaN
A,GE10,C-E,P_CUSE,PC_EMP_CUSE2,NO,,NaN,,NaN
A,GE10,C-E,P_CUSE,PC_EMP_CUSE2,PL,,NaN,,NaN
A,GE10,C-E,P_CUSE,PC_EMP_CUSE2,PT,,NaN,,NaN
A,GE10,C-E,P_CUSE,PC_EMP_CUSE2,RO,,NaN,,NaN
A,GE10,C-E,P_CUSE,PC_EMP_CUSE2,RS,,NaN,,NaN
A,GE10,C-E,P_CUSE,PC_EMP_CUSE2,SI,,NaN,,NaN
A,GE10,C-E,P_CUSE,PC_EMP_CUSE2,SK,,NaN,,NaN
A,GE10,C-E,P_CUSE,PC_EMP_CUSE2,UK,,NaN,,NaN
A,GE10,C-E,P_IUSE,PC_EMP,AL,,NaN,,NaN
A,GE10,C-E,P_IUSE,PC_EMP,AT,52.49,NaN,60.99,NaN
A,GE10,C-E,P_IUSE,PC_EMP,BA,,NaN,24.44,NaN
A,GE10,C-E,P_IUSE,PC_EMP,BE,,u,,u
A,GE10,C-E,P_IUSE,PC_EMP,BG,16.78,NaN,22.26,NaN
A,GE10,C-E,P_IUSE,PC_EMP,CY,29.25,NaN,34.99,NaN
A,GE10,C-E,P_IUSE,PC_EMP,CZ,30.05,NaN,44.12,NaN
A,GE10,C-E,P_IUSE,PC_EMP,DE,51.39,NaN,56.03,NaN
A,GE10,C-E,P_IUSE,PC_EMP,DK,65.1,NaN,70.07,NaN
A,GE10,C-E,P_IUSE,PC_EMP,EA,47.8,NaN,54.2,NaN
A,GE10,C-E,P_IUSE,PC_EMP,EE,34.08,NaN,39.68,NaN
A,GE10,C-E,P_IUSE,PC_EMP,EL,34.49,NaN,,u
A,GE10,C-E,P_IUSE,PC_EMP,ES,43.58,NaN,50.77,NaN
A,GE10,C-E,P_IUSE,PC_EMP,EU15,49.91,NaN,,NaN
A,GE10,C-E,P_IUSE,PC_EMP,EU25,,NaN,,NaN
A,GE10,C-E,P_IUSE,PC_EMP,EU27_2007,44.06,NaN,,NaN
A,GE10,C-E,P_IUSE,PC_EMP,EU27_2020,43.1,NaN,50.26,NaN
A,GE10,C-E,P_IUSE,PC_EMP,EU28,43.98,NaN,,NaN
A,GE10,C-E,P_IUSE,PC_EMP,FI,66.29,NaN,76.87,NaN
A,GE10,C-E,P_IUSE,PC_EMP,FR,55.23,NaN,60.48,NaN
A,GE10,C-E,P_IUSE,PC_EMP,HR,34.98,NaN,38.28,NaN
A,GE10,C-E,P_IUSE,PC_EMP,HU,31.76,NaN,37.62,NaN
A,GE10,C-E,P_IUSE,PC_EMP,IE,57.52,NaN,58.06,NaN
A,GE10,C-E,P_IUSE,PC_EMP,IS,,NaN,100.0,NaN
A,GE10,C-E,P_IUSE,PC_EMP,IT,38.93,NaN,50.09,NaN
A,GE10,C-E,P_IUSE,PC_EMP,LT,29.83,NaN,40.9,NaN
A,GE10,C-E,P_IUSE,PC_EMP,LU,46.49,NaN,55.09,NaN
A,GE10,C-E,P_IUSE,PC_EMP,LV,27.58,NaN,33.65,NaN
A,GE10,C-E,P_IUSE,PC_EMP,ME,39.91,NaN,38.38,NaN
A,GE10,C-E,P_IUSE,PC_EMP,MK,16.22,NaN,,NaN
A,GE10,C-E,P_IUSE,PC_EMP,MT,,u,,u
A,GE10,C-E,P_IUSE,PC_EMP,NL,54.81,NaN,61.6,NaN
A,GE10,C-E,P_IUSE,PC_EMP,NO,64.56,NaN,77.53,NaN
A,GE10,C-E,P_IUSE,PC_EMP,PL,29.94,NaN,39.24,NaN
A,GE10,C-E,P_IUSE,PC_EMP,PT,28.09,NaN,33.71,NaN
A,GE10,C-E,P_IUSE,PC_EMP,RO,20.07,NaN,25.7,NaN
A,GE10,C-E,P_IUSE,PC_EMP,RS,,NaN,35.6,NaN
A,GE10,C-E,P_IUSE,PC_EMP,SE,69.73,NaN,79.73,NaN
A,GE10,C-E,P_IUSE,PC_EMP,SI,43.7,NaN,49.02,NaN
A,GE10,C-E,P_IUSE,PC_EMP,SK,32.19,NaN,37.28,NaN
A,GE10,C-E,P_IUSE,PC_EMP,TR,22.72,NaN,,NaN
A,GE10,C-E,P_IUSE,PC_EMP,UK,53.46,NaN,57.14,NaN
A,GE10,C-E,P_IUSE,PC_EMP_CUSE,AT,,NaN,,NaN
A,GE10,C-E,P_IUSE,PC_EMP_CUSE,BA,,NaN,,NaN
A,GE10,C-E,P_IUSE,PC_EMP_CUSE,BE,,u,,NaN
A,GE10,C-E,P_IUSE,PC_EMP_CUSE,BG,81.91,NaN,,NaN
A,GE10,C-E,P_IUSE,PC_EMP_CUSE,CY,79.61,NaN,,NaN
A,GE10,C-E,P_IUSE,PC_EMP_CUSE,CZ,64.37,NaN,,NaN
A,GE10,C-E,P_IUSE,PC_EMP_CUSE,DE,86.04,NaN,,NaN
A,GE10,C-E,P_IUSE,PC_EMP_CUSE,DK,,NaN,,NaN
A,GE10,C-E,P_IUSE,PC_EMP_CUSE,EA,85.21,NaN,,NaN
A,GE10,C-E,P_IUSE,PC_EMP_CUSE,EE,89.8,NaN,,NaN
A,GE10,C-E,P_IUSE,PC_EMP_CUSE,EL,82.74,NaN,,NaN
A,GE10,C-E,P_IUSE,PC_EMP_CUSE,ES,83.72,NaN,,NaN
A,GE10,C-E,P_IUSE,PC_EMP_CUSE,EU15,85.81,NaN,,NaN
A,GE10,C-E,P_IUSE,PC_EMP_CUSE,EU25,,NaN,,NaN
A,GE10,C-E,P_IUSE,PC_EMP_CUSE,EU27_2007,84.36,NaN,,NaN
A,GE10,C-E,P_IUSE,PC_EMP_CUSE,EU27_2020,83.79,NaN,,NaN
A,GE10,C-E,P_IUSE,PC_EMP_CUSE,EU28,84.4,NaN,,NaN
A,GE10,C-E,P_IUSE,PC_EMP_CUSE,FI,87.72,NaN,,NaN
A,GE10,C-E,P_IUSE,PC_EMP_CUSE,FR,,NaN,,NaN
A,GE10,C-E,P_IUSE,PC_EMP_CUSE,HR,88.44,NaN,,NaN
A,GE10,C-E,P_IUSE,PC_EMP_CUSE,HU,77.42,NaN,,NaN
A,GE10,C-E,P_IUSE,PC_EMP_CUSE,IE,96.93,NaN,,NaN
A,GE10,C-E,P_IUSE,PC_EMP_CUSE,IS,,NaN,,NaN
A,GE10,C-E,P_IUSE,PC_EMP_CUSE,IT,82.36,NaN,,NaN
A,GE10,C-E,P_IUSE,PC_EMP_CUSE,LT,88.53,NaN,,NaN
A,GE10,C-E,P_IUSE,PC_EMP_CUSE,LU,,NaN,,NaN
A,GE10,C-E,P_IUSE,PC_EMP_CUSE,LV,,NaN,,NaN
A,GE10,C-E,P_IUSE,PC_EMP_CUSE,ME,75.52,NaN,,NaN
A,GE10,C-E,P_IUSE,PC_EMP_CUSE,MK,84.35,NaN,,NaN
A,GE10,C-E,P_IUSE,PC_EMP_CUSE,MT,,NaN,,NaN
A,GE10,C-E,P_IUSE,PC_EMP_CUSE,NL,90.17,NaN,,NaN
A,GE10,C-E,P_IUSE,PC_EMP_CUSE,NO,93.4,NaN,,NaN
A,GE10,C-E,P_IUSE,PC_EMP_CUSE,PL,85.56,NaN,,NaN
A,GE10,C-E,P_IUSE,PC_EMP_CUSE,PT,80.51,NaN,,NaN
A,GE10,C-E,P_IUSE,PC_EMP_CUSE,RO,84.25,NaN,,NaN
A,GE10,C-E,P_IUSE,PC_EMP_CUSE,RS,,NaN,,NaN
A,GE10,C-E,P_IUSE,PC_EMP_CUSE,SE,,NaN,,NaN
A,GE10,C-E,P_IUSE,PC_EMP_CUSE,SI,87.72,NaN,,NaN
A,GE10,C-E,P_IUSE,PC_EMP_CUSE,SK,79.67,NaN,,NaN
A,GE10,C-E,P_IUSE,PC_EMP_CUSE,TR,,NaN,,NaN
A,GE10,C-E,P_IUSE,PC_EMP_CUSE,UK,88.8,NaN,,NaN
A,GE10,C-E,P_IUSE,PC_EMP_CUSE2,AT,,NaN,,NaN
A,GE10,C-E,P_IUSE,PC_EMP_CUSE2,BE,,NaN,,NaN
A,GE10,C-E,P_IUSE,PC_EMP_CUSE2,BG,,NaN,,NaN
A,GE10,C-E,P_IUSE,PC_EMP_CUSE2,CY,,NaN,,NaN
A,GE10,C-E,P_IUSE,PC_EMP_CUSE2,CZ,,NaN,,NaN
A,GE10,C-E,P_IUSE,PC_EMP_CUSE2,DE,,NaN,,NaN
A,GE10,C-E,P_IUSE,PC_EMP_CUSE2,DK,,NaN,,NaN
A,GE10,C-E,P_IUSE,PC_EMP_CUSE2,EA,,NaN,,NaN
A,GE10,C-E,P_IUSE,PC_EMP_CUSE2,EE,,NaN,,NaN
A,GE10,C-E,P_IUSE,PC_EMP_CUSE2,EL,,NaN,,NaN
A,GE10,C-E,P_IUSE,PC_EMP_CUSE2,ES,,NaN,,NaN
A,GE10,C-E,P_IUSE,PC_EMP_CUSE2,EU15,,NaN,,NaN
A,GE10,C-E,P_IUSE,PC_EMP_CUSE2,EU27_2007,,NaN,,NaN
A,GE10,C-E,P_IUSE,PC_EMP_CUSE2,EU27_2020,,NaN,,NaN
A,GE10,C-E,P_IUSE,PC_EMP_CUSE2,EU28,,NaN,,NaN
A,GE10,C-E,P_IUSE,PC_EMP_CUSE2,FI,,NaN,,NaN
A,GE10,C-E,P_IUSE,PC_EMP_CUSE2,FR,,NaN,,NaN
A,GE10,C-E,P_IUSE,PC_EMP_CUSE2,HR,,NaN,,NaN
A,GE10,C-E,P_IUSE,PC_EMP_CUSE2,HU,,NaN,,NaN
A,GE10,C-E,P_IUSE,PC_EMP_CUSE2,IE,,NaN,,NaN
A,GE10,C-E,P_IUSE,PC_EMP_CUSE2,IS,,NaN,,NaN
A,GE10,C-E,P_IUSE,PC_EMP_CUSE2,IT,,NaN,,NaN
A,GE10,C-E,P_IUSE,PC_EMP_CUSE2,LT,,NaN,,NaN
A,GE10,C-E,P_IUSE,PC_EMP_CUSE2,LU,,NaN,,NaN
A,GE10,C-E,P_IUSE,PC_EMP_CUSE2,LV,,NaN,,NaN
A,GE10,C-E,P_IUSE,PC_EMP_CUSE2,MK,,NaN,,NaN
A,GE10,C-E,P_IUSE,PC_EMP_CUSE2,MT,,NaN,,NaN
A,GE10,C-E,P_IUSE,PC_EMP_CUSE2,NL,,NaN,,NaN
A,GE10,C-E,P_IUSE,PC_EMP_CUSE2,NO,,NaN,,NaN
A,GE10,C-E,P_IUSE,PC_EMP_CUSE2,PL,,NaN,,NaN
A,GE10,C-E,P_IUSE,PC_EMP_CUSE2,PT,,NaN,,NaN
A,GE10,C-E,P_IUSE,PC_EMP_CUSE2,RO,,NaN,,NaN
A,GE10,C-E,P_IUSE,PC_EMP_CUSE2,RS,,NaN,,NaN
A,GE10,C-E,P_IUSE,PC_EMP_CUSE2,SE,,NaN,,NaN
A,GE10,C-E,P_IUSE,PC_EMP_CUSE2,SI,,NaN,,NaN
A,GE10,C-E,P_IUSE,PC_EMP_CUSE2,SK,,NaN,,NaN
A,GE10,C-E,P_IUSE,PC_EMP_CUSE2,TR,,NaN,,NaN
A,GE10,C-E,P_IUSE,PC_EMP_CUSE2,UK,,NaN,,NaN
A,GE10,C-E,P_IUSE,PC_EMP_IACC,AT,,NaN,,NaN
A,GE10,C-E,P_IUSE,PC_EMP_IACC,BE,,NaN,,NaN
A,GE10,C-E,P_IUSE,PC_EMP_IACC,BG,,NaN,,NaN
A,GE10,C-E,P_IUSE,PC_EMP_IACC,CY,,NaN,,NaN
A,GE10,C-E,P_IUSE,PC_EMP_IACC,CZ,,NaN,,NaN
A,GE10,C-E,P_IUSE,PC_EMP_IACC,DE,,NaN,,NaN
A,GE10,C-E,P_IUSE,PC_EMP_IACC,DK,,NaN,,NaN
A,GE10,C-E,P_IUSE,PC_EMP_IACC,EA,,NaN,,NaN
A,GE10,C-E,P_IUSE,PC_EMP_IACC,EE,,NaN,,NaN
A,GE10,C-E,P_IUSE,PC_EMP_IACC,EL,,NaN,,NaN
A,GE10,C-E,P_IUSE,PC_EMP_IACC,ES,,NaN,,NaN
A,GE10,C-E,P_IUSE,PC_EMP_IACC,EU15,,NaN,,NaN
A,GE10,C-E,P_IUSE,PC_EMP_IACC,EU27_2007,,NaN,,NaN
A,GE10,C-E,P_IUSE,PC_EMP_IACC,EU27_2020,,NaN,,NaN
A,GE10,C-E,P_IUSE,PC_EMP_IACC,EU28,,NaN,,NaN
A,GE10,C-E,P_IUSE,PC_EMP_IACC,FI,,NaN,,NaN
A,GE10,C-E,P_IUSE,PC_EMP_IACC,FR,,NaN,,NaN
A,GE10,C-E,P_IUSE,PC_EMP_IACC,HR,,NaN,,NaN
A,GE10,C-E,P_IUSE,PC_EMP_IACC,HU,,NaN,,NaN
A,GE10,C-E,P_IUSE,PC_EMP_IACC,IE,,NaN,,NaN
A,GE10,C-E,P_IUSE,PC_EMP_IACC,IS,,NaN,,NaN
A,GE10,C-E,P_IUSE,PC_EMP_IACC,IT,,NaN,,NaN
A,GE10,C-E,P_IUSE,PC_EMP_IACC,LT,,NaN,,NaN
A,GE10,C-E,P_IUSE,PC_EMP_IACC,LU,,NaN,,NaN
A,GE10,C-E,P_IUSE,PC_EMP_IACC,LV,,NaN,,NaN
A,GE10,C-E,P_IUSE,PC_EMP_IACC,MK,,NaN,,NaN
A,GE10,C-E,P_IUSE,PC_EMP_IACC,MT,,NaN,,NaN
A,GE10,C-E,P_IUSE,PC_EMP_IACC,NL,,NaN,,NaN
A,GE10,C-E,P_IUSE,PC_EMP_IACC,NO,,NaN,,NaN
A,GE10,C-E,P_IUSE,PC_EMP_IACC,PL,,NaN,,NaN
A,GE10,C-E,P_IUSE,PC_EMP_IACC,PT,,NaN,,NaN
A,GE10,C-E,P_IUSE,PC_EMP_IACC,RO,,NaN,,NaN
A,GE10,C-E,P_IUSE,PC_EMP_IACC,RS,,NaN,,NaN
A,GE10,C-E,P_IUSE,PC_EMP_IACC,SE,,NaN,,NaN
A,GE10,C-E,P_IUSE,PC_EMP_IACC,SI,,NaN,,NaN
A,GE10,C-E,P_IUSE,PC_EMP_IACC,SK,,NaN,,NaN
A,GE10,C-E,P_IUSE,PC_EMP_IACC,TR,,NaN,,NaN
A,GE10,C-E,P_IUSE,PC_EMP_IACC,UK,,NaN,,NaN
A,GE10,C-F,P_CUSE,PC_EMP,AT,,NaN,,NaN
A,GE10,C-F,P_CUSE,PC_EMP,BA,,NaN,,NaN
A,GE10,C-F,P_CUSE,PC_EMP,BE,55.47,NaN,,NaN
A,GE10,C-F,P_CUSE,PC_EMP,BG,19.79,NaN,,NaN
A,GE10,C-F,P_CUSE,PC_EMP,CY,37.06,NaN,,NaN
A,GE10,C-F,P_CUSE,PC_EMP,CZ,46.23,NaN,,NaN
A,GE10,C-F,P_CUSE,PC_EMP,DE,57.48,NaN,,NaN
A,GE10,C-F,P_CUSE,PC_EMP,DK,,NaN,,NaN
A,GE10,C-F,P_CUSE,PC_EMP,EA,52.47,NaN,,NaN
A,GE10,C-F,P_CUSE,PC_EMP,EE,37.74,NaN,,NaN
A,GE10,C-F,P_CUSE,PC_EMP,EL,39.73,NaN,,NaN
A,GE10,C-F,P_CUSE,PC_EMP,ES,50.51,NaN,,NaN
A,GE10,C-F,P_CUSE,PC_EMP,EU15,54.34,NaN,,NaN
A,GE10,C-F,P_CUSE,PC_EMP,EU25,,NaN,,NaN
A,GE10,C-F,P_CUSE,PC_EMP,EU27_2007,48.25,NaN,,NaN
A,GE10,C-F,P_CUSE,PC_EMP,EU27_2020,46.7,NaN,,NaN
A,GE10,C-F,P_CUSE,PC_EMP,EU28,48.13,NaN,,NaN
A,GE10,C-F,P_CUSE,PC_EMP,FI,69.06,NaN,,NaN
A,GE10,C-F,P_CUSE,PC_EMP,FR,,NaN,,NaN
A,GE10,C-F,P_CUSE,PC_EMP,HR,36.67,NaN,,NaN
A,GE10,C-F,P_CUSE,PC_EMP,HU,40.01,NaN,,NaN
A,GE10,C-F,P_CUSE,PC_EMP,IE,56.87,NaN,,NaN
A,GE10,C-F,P_CUSE,PC_EMP,IS,,NaN,,NaN
A,GE10,C-F,P_CUSE,PC_EMP,IT,45.71,NaN,,NaN
A,GE10,C-F,P_CUSE,PC_EMP,LT,31.94,NaN,,NaN
A,GE10,C-F,P_CUSE,PC_EMP,LU,,NaN,,NaN
A,GE10,C-F,P_CUSE,PC_EMP,LV,,NaN,,NaN
A,GE10,C-F,P_CUSE,PC_EMP,ME,50.9,NaN,,NaN
A,GE10,C-F,P_CUSE,PC_EMP,MK,19.54,NaN,,NaN
A,GE10,C-F,P_CUSE,PC_EMP,MT,,NaN,,NaN
A,GE10,C-F,P_CUSE,PC_EMP,NL,61.16,NaN,,NaN
A,GE10,C-F,P_CUSE,PC_EMP,NO,63.64,NaN,,NaN
A,GE10,C-F,P_CUSE,PC_EMP,PL,34.41,NaN,,NaN
A,GE10,C-F,P_CUSE,PC_EMP,PT,32.94,NaN,,NaN
A,GE10,C-F,P_CUSE,PC_EMP,RO,23.19,NaN,,NaN
A,GE10,C-F,P_CUSE,PC_EMP,RS,,NaN,,NaN
A,GE10,C-F,P_CUSE,PC_EMP,SE,,NaN,,NaN
A,GE10,C-F,P_CUSE,PC_EMP,SI,47.08,NaN,,NaN
A,GE10,C-F,P_CUSE,PC_EMP,SK,40.36,NaN,,NaN
A,GE10,C-F,P_CUSE,PC_EMP,TR,,NaN,,NaN
A,GE10,C-F,P_CUSE,PC_EMP,UK,59.69,NaN,,NaN
A,GE10,C-F,P_CUSE,PC_EMP_CUSE2,AT,,NaN,,NaN
A,GE10,C-F,P_CUSE,PC_EMP_CUSE2,BE,,NaN,,NaN
A,GE10,C-F,P_CUSE,PC_EMP_CUSE2,BG,,NaN,,NaN
A,GE10,C-F,P_CUSE,PC_EMP_CUSE2,CY,,NaN,,NaN
A,GE10,C-F,P_CUSE,PC_EMP_CUSE2,CZ,,NaN,,NaN
A,GE10,C-F,P_CUSE,PC_EMP_CUSE2,DE,,NaN,,NaN
A,GE10,C-F,P_CUSE,PC_EMP_CUSE2,DK,,NaN,,NaN
A,GE10,C-F,P_CUSE,PC_EMP_CUSE2,EA,,NaN,,NaN
A,GE10,C-F,P_CUSE,PC_EMP_CUSE2,EE,,NaN,,NaN
A,GE10,C-F,P_CUSE,PC_EMP_CUSE2,EL,,NaN,,NaN
A,GE10,C-F,P_CUSE,PC_EMP_CUSE2,ES,,NaN,,NaN
A,GE10,C-F,P_CUSE,PC_EMP_CUSE2,EU15,,NaN,,NaN
A,GE10,C-F,P_CUSE,PC_EMP_CUSE2,EU27_2007,,NaN,,NaN
A,GE10,C-F,P_CUSE,PC_EMP_CUSE2,EU27_2020,,NaN,,NaN
A,GE10,C-F,P_CUSE,PC_EMP_CUSE2,EU28,,NaN,,NaN
A,GE10,C-F,P_CUSE,PC_EMP_CUSE2,FI,,NaN,,NaN
A,GE10,C-F,P_CUSE,PC_EMP_CUSE2,FR,,NaN,,NaN
A,GE10,C-F,P_CUSE,PC_EMP_CUSE2,HR,,NaN,,NaN
A,GE10,C-F,P_CUSE,PC_EMP_CUSE2,HU,,NaN,,NaN
A,GE10,C-F,P_CUSE,PC_EMP_CUSE2,IE,,NaN,,NaN
A,GE10,C-F,P_CUSE,PC_EMP_CUSE2,IT,,NaN,,NaN
A,GE10,C-F,P_CUSE,PC_EMP_CUSE2,LT,,NaN,,NaN
A,GE10,C-F,P_CUSE,PC_EMP_CUSE2,MK,,NaN,,NaN
A,GE10,C-F,P_CUSE,PC_EMP_CUSE2,MT,,NaN,,NaN
A,GE10,C-F,P_CUSE,PC_EMP_CUSE2,NL,,NaN,,NaN
A,GE10,C-F,P_CUSE,PC_EMP_CUSE2,NO,,NaN,,NaN
A,GE10,C-F,P_CUSE,PC_EMP_CUSE2,PL,,NaN,,NaN
A,GE10,C-F,P_CUSE,PC_EMP_CUSE2,PT,,NaN,,NaN
A,GE10,C-F,P_CUSE,PC_EMP_CUSE2,RO,,NaN,,NaN
A,GE10,C-F,P_CUSE,PC_EMP_CUSE2,RS,,NaN,,NaN
A,GE10,C-F,P_CUSE,PC_EMP_CUSE2,SI,,NaN,,NaN
A,GE10,C-F,P_CUSE,PC_EMP_CUSE2,SK,,NaN,,NaN
A,GE10,C-F,P_CUSE,PC_EMP_CUSE2,UK,,NaN,,NaN
A,GE10,C-F,P_IUSE,PC_EMP,AL,,NaN,,NaN
A,GE10,C-F,P_IUSE,PC_EMP,AT,48.78,NaN,58.96,NaN
A,GE10,C-F,P_IUSE,PC_EMP,BA,,NaN,24.49,NaN
A,GE10,C-F,P_IUSE,PC_EMP,BE,47.27,NaN,57.36,NaN
A,GE10,C-F,P_IUSE,PC_EMP,BG,16.61,NaN,22.42,NaN
A,GE10,C-F,P_IUSE,PC_EMP,CY,31.33,NaN,35.16,NaN
A,GE10,C-F,P_IUSE,PC_EMP,CZ,31.35,NaN,44.91,NaN
A,GE10,C-F,P_IUSE,PC_EMP,DE,49.88,NaN,55.15,NaN
A,GE10,C-F,P_IUSE,PC_EMP,DK,63.39,NaN,69.47,NaN
A,GE10,C-F,P_IUSE,PC_EMP,EA,46.28,NaN,53.42,NaN
A,GE10,C-F,P_IUSE,PC_EMP,EE,34.41,NaN,40.75,NaN
A,GE10,C-F,P_IUSE,PC_EMP,EL,33.42,NaN,41.33,NaN
A,GE10,C-F,P_IUSE,PC_EMP,ES,43.46,NaN,50.09,NaN
A,GE10,C-F,P_IUSE,PC_EMP,EU15,48.72,NaN,,NaN
A,GE10,C-F,P_IUSE,PC_EMP,EU25,,NaN,,NaN
A,GE10,C-F,P_IUSE,PC_EMP,EU27_2007,43.36,NaN,,NaN
A,GE10,C-F,P_IUSE,PC_EMP,EU27_2020,42.18,NaN,49.89,NaN
A,GE10,C-F,P_IUSE,PC_EMP,EU28,43.27,NaN,,NaN
A,GE10,C-F,P_IUSE,PC_EMP,FI,61.99,NaN,75.01,NaN
A,GE10,C-F,P_IUSE,PC_EMP,FR,51.2,NaN,57.36,NaN
A,GE10,C-F,P_IUSE,PC_EMP,HR,32.87,NaN,36.67,NaN
A,GE10,C-F,P_IUSE,PC_EMP,HU,31.63,NaN,37.01,NaN
A,GE10,C-F,P_IUSE,PC_EMP,IE,54.82,NaN,57.71,NaN
A,GE10,C-F,P_IUSE,PC_EMP,IS,,NaN,100.0,NaN
A,GE10,C-F,P_IUSE,PC_EMP,IT,38.28,NaN,50.05,NaN
A,GE10,C-F,P_IUSE,PC_EMP,LT,28.9,NaN,40.94,NaN
A,GE10,C-F,P_IUSE,PC_EMP,LU,36.36,NaN,47.52,NaN
A,GE10,C-F,P_IUSE,PC_EMP,LV,27.63,NaN,33.68,NaN
A,GE10,C-F,P_IUSE,PC_EMP,ME,,u,37.68,NaN
A,GE10,C-F,P_IUSE,PC_EMP,MK,16.69,NaN,21.22,NaN
A,GE10,C-F,P_IUSE,PC_EMP,MT,34.92,NaN,41.29,NaN
A,GE10,C-F,P_IUSE,PC_EMP,NL,55.63,NaN,64.64,NaN
A,GE10,C-F,P_IUSE,PC_EMP,NO,59.82,NaN,77.19,NaN
A,GE10,C-F,P_IUSE,PC_EMP,PL,29.91,NaN,39.42,NaN
A,GE10,C-F,P_IUSE,PC_EMP,PT,27.3,NaN,33.25,NaN
A,GE10,C-F,P_IUSE,PC_EMP,RO,19.93,NaN,25.16,NaN
A,GE10,C-F,P_IUSE,PC_EMP,RS,,NaN,35.58,NaN
A,GE10,C-F,P_IUSE,PC_EMP,SE,68.53,NaN,80.24,NaN
A,GE10,C-F,P_IUSE,PC_EMP,SI,41.73,NaN,45.69,NaN
A,GE10,C-F,P_IUSE,PC_EMP,SK,32.79,NaN,38.32,NaN
A,GE10,C-F,P_IUSE,PC_EMP,TR,21.32,NaN,,NaN
A,GE10,C-F,P_IUSE,PC_EMP,UK,54.2,NaN,58.78,NaN
A,GE10,C-F,P_IUSE,PC_EMP_CUSE,AT,,NaN,,NaN
A,GE10,C-F,P_IUSE,PC_EMP_CUSE,BA,,NaN,,NaN
A,GE10,C-F,P_IUSE,PC_EMP_CUSE,BE,85.23,NaN,,NaN
A,GE10,C-F,P_IUSE,PC_EMP_CUSE,BG,83.97,NaN,,NaN
A,GE10,C-F,P_IUSE,PC_EMP_CUSE,CY,84.53,NaN,,NaN
A,GE10,C-F,P_IUSE,PC_EMP_CUSE,CZ,67.81,NaN,,NaN
A,GE10,C-F,P_IUSE,PC_EMP_CUSE,DE,86.78,NaN,,NaN
A,GE10,C-F,P_IUSE,PC_EMP_CUSE,DK,,NaN,,NaN
A,GE10,C-F,P_IUSE,PC_EMP_CUSE,EA,86.42,NaN,,NaN
A,GE10,C-F,P_IUSE,PC_EMP_CUSE,EE,91.18,NaN,,NaN
A,GE10,C-F,P_IUSE,PC_EMP_CUSE,EL,84.1,NaN,,NaN
A,GE10,C-F,P_IUSE,PC_EMP_CUSE,ES,86.05,NaN,,NaN
A,GE10,C-F,P_IUSE,PC_EMP_CUSE,EU15,87.2,NaN,,NaN
A,GE10,C-F,P_IUSE,PC_EMP_CUSE,EU25,,NaN,,NaN
A,GE10,C-F,P_IUSE,PC_EMP_CUSE,EU27_2007,85.94,NaN,,NaN
A,GE10,C-F,P_IUSE,PC_EMP_CUSE,EU27_2020,85.21,NaN,,NaN
A,GE10,C-F,P_IUSE,PC_EMP_CUSE,EU28,85.97,NaN,,NaN
A,GE10,C-F,P_IUSE,PC_EMP_CUSE,FI,89.76,NaN,,NaN
A,GE10,C-F,P_IUSE,PC_EMP_CUSE,FR,,NaN,,NaN
A,GE10,C-F,P_IUSE,PC_EMP_CUSE,HR,89.64,NaN,,NaN
A,GE10,C-F,P_IUSE,PC_EMP_CUSE,HU,79.05,NaN,,NaN
A,GE10,C-F,P_IUSE,PC_EMP_CUSE,IE,96.39,NaN,,NaN
A,GE10,C-F,P_IUSE,PC_EMP_CUSE,IS,,NaN,,NaN
A,GE10,C-F,P_IUSE,PC_EMP_CUSE,IT,83.74,NaN,,NaN
A,GE10,C-F,P_IUSE,PC_EMP_CUSE,LT,90.48,NaN,,NaN
A,GE10,C-F,P_IUSE,PC_EMP_CUSE,LU,,NaN,,NaN
A,GE10,C-F,P_IUSE,PC_EMP_CUSE,LV,,NaN,,NaN
A,GE10,C-F,P_IUSE,PC_EMP_CUSE,ME,,u,,NaN
A,GE10,C-F,P_IUSE,PC_EMP_CUSE,MK,85.4,NaN,,NaN
A,GE10,C-F,P_IUSE,PC_EMP_CUSE,MT,,NaN,,NaN
A,GE10,C-F,P_IUSE,PC_EMP_CUSE,NL,90.97,NaN,,NaN
A,GE10,C-F,P_IUSE,PC_EMP_CUSE,NO,94.0,NaN,,NaN
A,GE10,C-F,P_IUSE,PC_EMP_CUSE,PL,86.91,NaN,,NaN
A,GE10,C-F,P_IUSE,PC_EMP_CUSE,PT,82.89,NaN,,NaN
A,GE10,C-F,P_IUSE,PC_EMP_CUSE,RO,85.93,NaN,,NaN
A,GE10,C-F,P_IUSE,PC_EMP_CUSE,RS,,NaN,,NaN
A,GE10,C-F,P_IUSE,PC_EMP_CUSE,SE,,NaN,,NaN
A,GE10,C-F,P_IUSE,PC_EMP_CUSE,SI,88.64,NaN,,NaN
A,GE10,C-F,P_IUSE,PC_EMP_CUSE,SK,81.26,NaN,,NaN
A,GE10,C-F,P_IUSE,PC_EMP_CUSE,TR,,NaN,,NaN
A,GE10,C-F,P_IUSE,PC_EMP_CUSE,UK,90.79,NaN,,NaN
A,GE10,C-F,P_IUSE,PC_EMP_CUSE2,AT,,NaN,,NaN
A,GE10,C-F,P_IUSE,PC_EMP_CUSE2,BE,,NaN,,NaN
A,GE10,C-F,P_IUSE,PC_EMP_CUSE2,BG,,NaN,,NaN
A,GE10,C-F,P_IUSE,PC_EMP_CUSE2,CY,,NaN,,NaN
A,GE10,C-F,P_IUSE,PC_EMP_CUSE2,CZ,,NaN,,NaN
A,GE10,C-F,P_IUSE,PC_EMP_CUSE2,DE,,NaN,,NaN
A,GE10,C-F,P_IUSE,PC_EMP_CUSE2,DK,,NaN,,NaN
A,GE10,C-F,P_IUSE,PC_EMP_CUSE2,EA,,NaN,,NaN
A,GE10,C-F,P_IUSE,PC_EMP_CUSE2,EE,,NaN,,NaN
A,GE10,C-F,P_IUSE,PC_EMP_CUSE2,EL,,NaN,,NaN
A,GE10,C-F,P_IUSE,PC_EMP_CUSE2,ES,,NaN,,NaN
A,GE10,C-F,P_IUSE,PC_EMP_CUSE2,EU15,,NaN,,NaN
A,GE10,C-F,P_IUSE,PC_EMP_CUSE2,EU27_2007,,NaN,,NaN
A,GE10,C-F,P_IUSE,PC_EMP_CUSE2,EU27_2020,,NaN,,NaN
A,GE10,C-F,P_IUSE,PC_EMP_CUSE2,EU28,,NaN,,NaN
A,GE10,C-F,P_IUSE,PC_EMP_CUSE2,FI,,NaN,,NaN
A,GE10,C-F,P_IUSE,PC_EMP_CUSE2,FR,,NaN,,NaN
A,GE10,C-F,P_IUSE,PC_EMP_CUSE2,HR,,NaN,,NaN
A,GE10,C-F,P_IUSE,PC_EMP_CUSE2,HU,,NaN,,NaN
A,GE10,C-F,P_IUSE,PC_EMP_CUSE2,IE,,NaN,,NaN
A,GE10,C-F,P_IUSE,PC_EMP_CUSE2,IS,,NaN,,NaN
A,GE10,C-F,P_IUSE,PC_EMP_CUSE2,IT,,NaN,,NaN
A,GE10,C-F,P_IUSE,PC_EMP_CUSE2,LT,,NaN,,NaN
A,GE10,C-F,P_IUSE,PC_EMP_CUSE2,LU,,NaN,,NaN
A,GE10,C-F,P_IUSE,PC_EMP_CUSE2,LV,,NaN,,NaN
A,GE10,C-F,P_IUSE,PC_EMP_CUSE2,MK,,NaN,,NaN
A,GE10,C-F,P_IUSE,PC_EMP_CUSE2,MT,,NaN,,NaN
A,GE10,C-F,P_IUSE,PC_EMP_CUSE2,NL,,NaN,,NaN
A,GE10,C-F,P_IUSE,PC_EMP_CUSE2,NO,,NaN,,NaN
A,GE10,C-F,P_IUSE,PC_EMP_CUSE2,PL,,NaN,,NaN
A,GE10,C-F,P_IUSE,PC_EMP_CUSE2,PT,,NaN,,NaN
A,GE10,C-F,P_IUSE,PC_EMP_CUSE2,RO,,NaN,,NaN
A,GE10,C-F,P_IUSE,PC_EMP_CUSE2,RS,,NaN,,NaN
A,GE10,C-F,P_IUSE,PC_EMP_CUSE2,SE,,NaN,,NaN
A,GE10,C-F,P_IUSE,PC_EMP_CUSE2,SI,,NaN,,NaN
A,GE10,C-F,P_IUSE,PC_EMP_CUSE2,SK,,NaN,,NaN
A,GE10,C-F,P_IUSE,PC_EMP_CUSE2,TR,,NaN,,NaN
A,GE10,C-F,P_IUSE,PC_EMP_CUSE2,UK,,NaN,,NaN
A,GE10,C-F,P_IUSE,PC_EMP_IACC,AT,,NaN,,NaN
A,GE10,C-F,P_IUSE,PC_EMP_IACC,BE,,NaN,,NaN
A,GE10,C-F,P_IUSE,PC_EMP_IACC,BG,,NaN,,NaN
A,GE10,C-F,P_IUSE,PC_EMP_IACC,CY,,NaN,,NaN
A,GE10,C-F,P_IUSE,PC_EMP_IACC,CZ,,NaN,,NaN
A,GE10,C-F,P_IUSE,PC_EMP_IACC,DE,,NaN,,NaN
A,GE10,C-F,P_IUSE,PC_EMP_IACC,DK,,NaN,,NaN
A,GE10,C-F,P_IUSE,PC_EMP_IACC,EA,,NaN,,NaN
A,GE10,C-F,P_IUSE,PC_EMP_IACC,EE,,NaN,,NaN
A,GE10,C-F,P_IUSE,PC_EMP_IACC,EL,,NaN,,NaN
A,GE10,C-F,P_IUSE,PC_EMP_IACC,ES,,NaN,,NaN
A,GE10,C-F,P_IUSE,PC_EMP_IACC,EU15,,NaN,,NaN
A,GE10,C-F,P_IUSE,PC_EMP_IACC,EU27_2007,,NaN,,NaN
A,GE10,C-F,P_IUSE,PC_EMP_IACC,EU27_2020,,NaN,,NaN
A,GE10,C-F,P_IUSE,PC_EMP_IACC,EU28,,NaN,,NaN
A,GE10,C-F,P_IUSE,PC_EMP_IACC,FI,,NaN,,NaN
A,GE10,C-F,P_IUSE,PC_EMP_IACC,FR,,NaN,,NaN
A,GE10,C-F,P_IUSE,PC_EMP_IACC,HR,,NaN,,NaN
A,GE10,C-F,P_IUSE,PC_EMP_IACC,HU,,NaN,,NaN
A,GE10,C-F,P_IUSE,PC_EMP_IACC,IE,,NaN,,NaN
A,GE10,C-F,P_IUSE,PC_EMP_IACC,IS,,NaN,,NaN
A,GE10,C-F,P_IUSE,PC_EMP_IACC,IT,,NaN,,NaN
A,GE10,C-F,P_IUSE,PC_EMP_IACC,LT,,NaN,,NaN
A,GE10,C-F,P_IUSE,PC_EMP_IACC,LU,,NaN,,NaN
A,GE10,C-F,P_IUSE,PC_EMP_IACC,LV,,NaN,,NaN
A,GE10,C-F,P_IUSE,PC_EMP_IACC,MK,,NaN,,NaN
A,GE10,C-F,P_IUSE,PC_EMP_IACC,MT,,NaN,,NaN
A,GE10,C-F,P_IUSE,PC_EMP_IACC,NL,,NaN,,NaN
A,GE10,C-F,P_IUSE,PC_EMP_IACC,NO,,NaN,,NaN
A,GE10,C-F,P_IUSE,PC_EMP_IACC,PL,,NaN,,NaN
A,GE10,C-F,P_IUSE,PC_EMP_IACC,PT,,NaN,,NaN
A,GE10,C-F,P_IUSE,PC_EMP_IACC,RO,,NaN,,NaN
A,GE10,C-F,P_IUSE,PC_EMP_IACC,RS,,NaN,,NaN
A,GE10,C-F,P_IUSE,PC_EMP_IACC,SE,,NaN,,NaN
A,GE10,C-F,P_IUSE,PC_EMP_IACC,SI,,NaN,,NaN
A,GE10,C-F,P_IUSE,PC_EMP_IACC,SK,,NaN,,NaN
A,GE10,C-F,P_IUSE,PC_EMP_IACC,TR,,NaN,,NaN
A,GE10,C-F,P_IUSE,PC_EMP_IACC,UK,,NaN,,NaN
A,GE10,C10-C12,P_CUSE,PC_EMP,AT,,NaN,,NaN
A,GE10,C10-C12,P_CUSE,PC_EMP,BA,,NaN,,NaN
A,GE10,C10-C12,P_CUSE,PC_EMP,BE,47.22,NaN,,NaN
A,GE10,C10-C12,P_CUSE,PC_EMP,BG,20.78,NaN,,NaN
A,GE10,C10-C12,P_CUSE,PC_EMP,CY,28.73,NaN,,NaN
A,GE10,C10-C12,P_CUSE,PC_EMP,CZ,34.19,NaN,,NaN
A,GE10,C10-C12,P_CUSE,PC_EMP,DE,34.53,NaN,,NaN
A,GE10,C10-C12,P_CUSE,PC_EMP,DK,,NaN,,NaN
A,GE10,C10-C12,P_CUSE,PC_EMP,EA,38.16,NaN,,NaN
A,GE10,C10-C12,P_CUSE,PC_EMP,EE,33.9,NaN,,NaN
A,GE10,C10-C12,P_CUSE,PC_EMP,EL,33.22,NaN,,NaN
A,GE10,C10-C12,P_CUSE,PC_EMP,ES,,u,,NaN
A,GE10,C10-C12,P_CUSE,PC_EMP,EU15,39.34,NaN,,NaN
A,GE10,C10-C12,P_CUSE,PC_EMP,EU25,,NaN,,NaN
A,GE10,C10-C12,P_CUSE,PC_EMP,EU27_2007,35.64,NaN,,NaN
A,GE10,C10-C12,P_CUSE,PC_EMP,EU27_2020,34.67,NaN,,NaN
A,GE10,C10-C12,P_CUSE,PC_EMP,EU28,35.76,NaN,,NaN
A,GE10,C10-C12,P_CUSE,PC_EMP,FI,60.54,NaN,,NaN
A,GE10,C10-C12,P_CUSE,PC_EMP,FR,,NaN,,NaN
A,GE10,C10-C12,P_CUSE,PC_EMP,HR,43.28,NaN,,NaN
A,GE10,C10-C12,P_CUSE,PC_EMP,HU,29.67,NaN,,NaN
A,GE10,C10-C12,P_CUSE,PC_EMP,IE,38.03,NaN,,NaN
A,GE10,C10-C12,P_CUSE,PC_EMP,IS,,NaN,,NaN
A,GE10,C10-C12,P_CUSE,PC_EMP,IT,38.93,NaN,,NaN
A,GE10,C10-C12,P_CUSE,PC_EMP,LT,30.38,NaN,,NaN
A,GE10,C10-C12,P_CUSE,PC_EMP,LU,,NaN,,NaN
A,GE10,C10-C12,P_CUSE,PC_EMP,LV,,NaN,,NaN
A,GE10,C10-C12,P_CUSE,PC_EMP,ME,,u,,NaN
A,GE10,C10-C12,P_CUSE,PC_EMP,MK,22.54,NaN,,NaN
A,GE10,C10-C12,P_CUSE,PC_EMP,MT,,NaN,,NaN
A,GE10,C10-C12,P_CUSE,PC_EMP,NL,54.23,NaN,,NaN
A,GE10,C10-C12,P_CUSE,PC_EMP,NO,52.44,NaN,,NaN
A,GE10,C10-C12,P_CUSE,PC_EMP,PL,28.41,NaN,,NaN
A,GE10,C10-C12,P_CUSE,PC_EMP,PT,33.94,NaN,,NaN
A,GE10,C10-C12,P_CUSE,PC_EMP,RO,20.65,NaN,,NaN
A,GE10,C10-C12,P_CUSE,PC_EMP,RS,,NaN,,NaN
A,GE10,C10-C12,P_CUSE,PC_EMP,SE,,NaN,,NaN
A,GE10,C10-C12,P_CUSE,PC_EMP,SI,43.28,NaN,,NaN
A,GE10,C10-C12,P_CUSE,PC_EMP,SK,34.39,NaN,,NaN
A,GE10,C10-C12,P_CUSE,PC_EMP,TR,,NaN,,NaN
A,GE10,C10-C12,P_CUSE,PC_EMP,UK,43.27,NaN,,NaN
A,GE10,C10-C12,P_CUSE,PC_EMP_CUSE2,AT,,NaN,,NaN
A,GE10,C10-C12,P_CUSE,PC_EMP_CUSE2,BE,,NaN,,NaN
A,GE10,C10-C12,P_CUSE,PC_EMP_CUSE2,BG,,NaN,,NaN
A,GE10,C10-C12,P_CUSE,PC_EMP_CUSE2,CY,,NaN,,NaN
A,GE10,C10-C12,P_CUSE,PC_EMP_CUSE2,CZ,,NaN,,NaN
A,GE10,C10-C12,P_CUSE,PC_EMP_CUSE2,DE,,NaN,,NaN
A,GE10,C10-C12,P_CUSE,PC_EMP_CUSE2,DK,,NaN,,NaN
A,GE10,C10-C12,P_CUSE,PC_EMP_CUSE2,EA,,NaN,,NaN
A,GE10,C10-C12,P_CUSE,PC_EMP_CUSE2,EE,,NaN,,NaN
A,GE10,C10-C12,P_CUSE,PC_EMP_CUSE2,EL,,NaN,,NaN
A,GE10,C10-C12,P_CUSE,PC_EMP_CUSE2,ES,,NaN,,NaN
A,GE10,C10-C12,P_CUSE,PC_EMP_CUSE2,EU15,,NaN,,NaN
A,GE10,C10-C12,P_CUSE,PC_EMP_CUSE2,EU27_2007,,NaN,,NaN
A,GE10,C10-C12,P_CUSE,PC_EMP_CUSE2,EU27_2020,,NaN,,NaN
A,GE10,C10-C12,P_CUSE,PC_EMP_CUSE2,EU28,,NaN,,NaN
A,GE10,C10-C12,P_CUSE,PC_EMP_CUSE2,FI,,NaN,,NaN
A,GE10,C10-C12,P_CUSE,PC_EMP_CUSE2,FR,,NaN,,NaN
A,GE10,C10-C12,P_CUSE,PC_EMP_CUSE2,HR,,NaN,,NaN
A,GE10,C10-C12,P_CUSE,PC_EMP_CUSE2,HU,,NaN,,NaN
A,GE10,C10-C12,P_CUSE,PC_EMP_CUSE2,IE,,NaN,,NaN
A,GE10,C10-C12,P_CUSE,PC_EMP_CUSE2,IT,,NaN,,NaN
A,GE10,C10-C12,P_CUSE,PC_EMP_CUSE2,LT,,NaN,,NaN
A,GE10,C10-C12,P_CUSE,PC_EMP_CUSE2,MK,,NaN,,NaN
A,GE10,C10-C12,P_CUSE,PC_EMP_CUSE2,MT,,NaN,,NaN
A,GE10,C10-C12,P_CUSE,PC_EMP_CUSE2,NL,,NaN,,NaN
A,GE10,C10-C12,P_CUSE,PC_EMP_CUSE2,NO,,NaN,,NaN
A,GE10,C10-C12,P_CUSE,PC_EMP_CUSE2,PL,,NaN,,NaN
A,GE10,C10-C12,P_CUSE,PC_EMP_CUSE2,PT,,NaN,,NaN
A,GE10,C10-C12,P_CUSE,PC_EMP_CUSE2,RO,,NaN,,NaN
A,GE10,C10-C12,P_CUSE,PC_EMP_CUSE2,RS,,NaN,,NaN
A,GE10,C10-C12,P_CUSE,PC_EMP_CUSE2,SI,,NaN,,NaN
A,GE10,C10-C12,P_CUSE,PC_EMP_CUSE2,SK,,NaN,,NaN
A,GE10,C10-C12,P_CUSE,PC_EMP_CUSE2,UK,,NaN,,NaN
A,GE10,C10-C12,P_IUSE,PC_EMP,AL,,NaN,,NaN
A,GE10,C10-C12,P_IUSE,PC_EMP,AT,29.7,NaN,,u
A,GE10,C10-C12,P_IUSE,PC_EMP,BA,,NaN,31.25,NaN
A,GE10,C10-C12,P_IUSE,PC_EMP,BE,37.59,NaN,47.05,NaN
A,GE10,C10-C12,P_IUSE,PC_EMP,BG,18.49,NaN,22.52,NaN
A,GE10,C10-C12,P_IUSE,PC_EMP,CY,20.82,NaN,25.32,NaN
A,GE10,C10-C12,P_IUSE,PC_EMP,CZ,29.16,NaN,39.1,NaN
A,GE10,C10-C12,P_IUSE,PC_EMP,DE,26.18,NaN,30.05,NaN
A,GE10,C10-C12,P_IUSE,PC_EMP,DK,49.69,NaN,56.92,NaN
A,GE10,C10-C12,P_IUSE,PC_EMP,EA,31.75,NaN,37.85,NaN
A,GE10,C10-C12,P_IUSE,PC_EMP,EE,32.34,NaN,33.67,NaN
A,GE10,C10-C12,P_IUSE,PC_EMP,EL,27.2,NaN,33.43,NaN
A,GE10,C10-C12,P_IUSE,PC_EMP,ES,,u,,u
A,GE10,C10-C12,P_IUSE,PC_EMP,EU15,33.5,NaN,,NaN
A,GE10,C10-C12,P_IUSE,PC_EMP,EU25,,NaN,,NaN
A,GE10,C10-C12,P_IUSE,PC_EMP,EU27_2007,30.93,NaN,,NaN
A,GE10,C10-C12,P_IUSE,PC_EMP,EU27_2020,30.17,NaN,36.84,NaN
A,GE10,C10-C12,P_IUSE,PC_EMP,EU28,31.04,NaN,,NaN
A,GE10,C10-C12,P_IUSE,PC_EMP,FI,54.16,NaN,,u
A,GE10,C10-C12,P_IUSE,PC_EMP,FR,35.01,NaN,41.0,NaN
A,GE10,C10-C12,P_IUSE,PC_EMP,HR,39.38,NaN,40.1,NaN
A,GE10,C10-C12,P_IUSE,PC_EMP,HU,25.18,NaN,28.88,NaN
A,GE10,C10-C12,P_IUSE,PC_EMP,IE,36.52,NaN,34.42,NaN
A,GE10,C10-C12,P_IUSE,PC_EMP,IS,,NaN,100.0,NaN
A,GE10,C10-C12,P_IUSE,PC_EMP,IT,32.27,NaN,41.61,NaN
A,GE10,C10-C12,P_IUSE,PC_EMP,LT,28.17,NaN,35.05,NaN
A,GE10,C10-C12,P_IUSE,PC_EMP,LU,,NaN,,NaN
A,GE10,C10-C12,P_IUSE,PC_EMP,LV,23.44,NaN,27.84,NaN
A,GE10,C10-C12,P_IUSE,PC_EMP,ME,,u,35.65,NaN
A,GE10,C10-C12,P_IUSE,PC_EMP,MK,20.17,NaN,25.97,NaN
A,GE10,C10-C12,P_IUSE,PC_EMP,MT,33.22,NaN,40.75,NaN
A,GE10,C10-C12,P_IUSE,PC_EMP,NL,47.73,NaN,51.93,NaN
A,GE10,C10-C12,P_IUSE,PC_EMP,NO,47.89,NaN,67.78,NaN
A,GE10,C10-C12,P_IUSE,PC_EMP,PL,24.97,NaN,35.9,NaN
A,GE10,C10-C12,P_IUSE,PC_EMP,PT,28.41,NaN,31.25,NaN
A,GE10,C10-C12,P_IUSE,PC_EMP,RO,17.18,NaN,22.3,NaN
A,GE10,C10-C12,P_IUSE,PC_EMP,RS,,NaN,39.74,NaN
A,GE10,C10-C12,P_IUSE,PC_EMP,SE,55.26,NaN,60.74,NaN
A,GE10,C10-C12,P_IUSE,PC_EMP,SI,41.01,NaN,45.78,NaN
A,GE10,C10-C12,P_IUSE,PC_EMP,SK,30.04,NaN,32.93,NaN
A,GE10,C10-C12,P_IUSE,PC_EMP,TR,20.84,NaN,,NaN
A,GE10,C10-C12,P_IUSE,PC_EMP,UK,38.38,NaN,43.49,NaN
A,GE10,C10-C12,P_IUSE,PC_EMP_CUSE,AT,,NaN,,NaN
A,GE10,C10-C12,P_IUSE,PC_EMP_CUSE,BA,,NaN,,NaN
A,GE10,C10-C12,P_IUSE,PC_EMP_CUSE,BE,79.61,NaN,,NaN
A,GE10,C10-C12,P_IUSE,PC_EMP_CUSE,BG,88.97,NaN,,NaN
A,GE10,C10-C12,P_IUSE,PC_EMP_CUSE,CY,72.47,NaN,,NaN
A,GE10,C10-C12,P_IUSE,PC_EMP_CUSE,CZ,85.28,NaN,,NaN
A,GE10,C10-C12,P_IUSE,PC_EMP_CUSE,DE,75.81,NaN,,NaN
A,GE10,C10-C12,P_IUSE,PC_EMP_CUSE,DK,,NaN,,NaN
A,GE10,C10-C12,P_IUSE,PC_EMP_CUSE,EA,81.71,NaN,,NaN
A,GE10,C10-C12,P_IUSE,PC_EMP_CUSE,EE,95.4,NaN,,NaN
A,GE10,C10-C12,P_IUSE,PC_EMP_CUSE,EL,81.87,NaN,,NaN
A,GE10,C10-C12,P_IUSE,PC_EMP_CUSE,ES,,u,,NaN
A,GE10,C10-C12,P_IUSE,PC_EMP_CUSE,EU15,82.8,NaN,,NaN
A,GE10,C10-C12,P_IUSE,PC_EMP_CUSE,EU25,,NaN,,NaN
A,GE10,C10-C12,P_IUSE,PC_EMP_CUSE,EU27_2007,83.8,NaN,,NaN
A,GE10,C10-C12,P_IUSE,PC_EMP_CUSE,EU27_2020,83.08,NaN,,NaN
A,GE10,C10-C12,P_IUSE,PC_EMP_CUSE,EU28,83.93,NaN,,NaN
A,GE10,C10-C12,P_IUSE,PC_EMP_CUSE,FI,89.46,NaN,,NaN
A,GE10,C10-C12,P_IUSE,PC_EMP_CUSE,FR,,NaN,,NaN
A,GE10,C10-C12,P_IUSE,PC_EMP_CUSE,HR,90.99,NaN,,NaN
A,GE10,C10-C12,P_IUSE,PC_EMP_CUSE,HU,84.88,NaN,,NaN
A,GE10,C10-C12,P_IUSE,PC_EMP_CUSE,IE,96.01,NaN,,NaN
A,GE10,C10-C12,P_IUSE,PC_EMP_CUSE,IS,,NaN,,NaN
A,GE10,C10-C12,P_IUSE,PC_EMP_CUSE,IT,82.89,NaN,,NaN
A,GE10,C10-C12,P_IUSE,PC_EMP_CUSE,LT,92.72,NaN,,NaN
A,GE10,C10-C12,P_IUSE,PC_EMP_CUSE,LU,,NaN,,NaN
A,GE10,C10-C12,P_IUSE,PC_EMP_CUSE,LV,,NaN,,NaN
A,GE10,C10-C12,P_IUSE,PC_EMP_CUSE,ME,,u,,NaN
A,GE10,C10-C12,P_IUSE,PC_EMP_CUSE,MK,89.47,NaN,,NaN
A,GE10,C10-C12,P_IUSE,PC_EMP_CUSE,MT,,NaN,,NaN
A,GE10,C10-C12,P_IUSE,PC_EMP_CUSE,NL,88.01,NaN,,NaN
A,GE10,C10-C12,P_IUSE,PC_EMP_CUSE,NO,91.32,NaN,,NaN
A,GE10,C10-C12,P_IUSE,PC_EMP_CUSE,PL,87.87,NaN,,NaN
A,GE10,C10-C12,P_IUSE,PC_EMP_CUSE,PT,83.73,NaN,,NaN
A,GE10,C10-C12,P_IUSE,PC_EMP_CUSE,RO,83.23,NaN,,NaN
A,GE10,C10-C12,P_IUSE,PC_EMP_CUSE,RS,,NaN,,NaN
A,GE10,C10-C12,P_IUSE,PC_EMP_CUSE,SE,,NaN,,NaN
A,GE10,C10-C12,P_IUSE,PC_EMP_CUSE,SI,94.75,NaN,,NaN
A,GE10,C10-C12,P_IUSE,PC_EMP_CUSE,SK,87.35,NaN,,NaN
A,GE10,C10-C12,P_IUSE,PC_EMP_CUSE,TR,,NaN,,NaN
A,GE10,C10-C12,P_IUSE,PC_EMP_CUSE,UK,88.71,NaN,,NaN
A,GE10,C10-C12,P_IUSE,PC_EMP_CUSE2,AT,,NaN,,NaN
A,GE10,C10-C12,P_IUSE,PC_EMP_CUSE2,BE,,NaN,,NaN
A,GE10,C10-C12,P_IUSE,PC_EMP_CUSE2,BG,,NaN,,NaN
A,GE10,C10-C12,P_IUSE,PC_EMP_CUSE2,CY,,NaN,,NaN
A,GE10,C10-C12,P_IUSE,PC_EMP_CUSE2,CZ,,NaN,,NaN
A,GE10,C10-C12,P_IUSE,PC_EMP_CUSE2,DE,,NaN,,NaN
A,GE10,C10-C12,P_IUSE,PC_EMP_CUSE2,DK,,NaN,,NaN
A,GE10,C10-C12,P_IUSE,PC_EMP_CUSE2,EA,,NaN,,NaN
A,GE10,C10-C12,P_IUSE,PC_EMP_CUSE2,EE,,NaN,,NaN
A,GE10,C10-C12,P_IUSE,PC_EMP_CUSE2,EL,,NaN,,NaN
A,GE10,C10-C12,P_IUSE,PC_EMP_CUSE2,ES,,NaN,,NaN
A,GE10,C10-C12,P_IUSE,PC_EMP_CUSE2,EU15,,NaN,,NaN
A,GE10,C10-C12,P_IUSE,PC_EMP_CUSE2,EU27_2007,,NaN,,NaN
A,GE10,C10-C12,P_IUSE,PC_EMP_CUSE2,EU27_2020,,NaN,,NaN
A,GE10,C10-C12,P_IUSE,PC_EMP_CUSE2,EU28,,NaN,,NaN
A,GE10,C10-C12,P_IUSE,PC_EMP_CUSE2,FI,,NaN,,NaN
A,GE10,C10-C12,P_IUSE,PC_EMP_CUSE2,FR,,NaN,,NaN
A,GE10,C10-C12,P_IUSE,PC_EMP_CUSE2,HR,,NaN,,NaN
A,GE10,C10-C12,P_IUSE,PC_EMP_CUSE2,HU,,NaN,,NaN
A,GE10,C10-C12,P_IUSE,PC_EMP_CUSE2,IE,,NaN,,NaN
A,GE10,C10-C12,P_IUSE,PC_EMP_CUSE2,IS,,NaN,,NaN
A,GE10,C10-C12,P_IUSE,PC_EMP_CUSE2,IT,,NaN,,NaN
A,GE10,C10-C12,P_IUSE,PC_EMP_CUSE2,LT,,NaN,,NaN
A,GE10,C10-C12,P_IUSE,PC_EMP_CUSE2,LU,,NaN,,NaN
A,GE10,C10-C12,P_IUSE,PC_EMP_CUSE2,LV,,NaN,,NaN
A,GE10,C10-C12,P_IUSE,PC_EMP_CUSE2,MK,,NaN,,NaN
A,GE10,C10-C12,P_IUSE,PC_EMP_CUSE2,MT,,NaN,,NaN
A,GE10,C10-C12,P_IUSE,PC_EMP_CUSE2,NL,,NaN,,NaN
A,GE10,C10-C12,P_IUSE,PC_EMP_CUSE2,NO,,NaN,,NaN
A,GE10,C10-C12,P_IUSE,PC_EMP_CUSE2,PL,,NaN,,NaN
A,GE10,C10-C12,P_IUSE,PC_EMP_CUSE2,PT,,NaN,,NaN
A,GE10,C10-C12,P_IUSE,PC_EMP_CUSE2,RO,,NaN,,NaN
A,GE10,C10-C12,P_IUSE,PC_EMP_CUSE2,RS,,NaN,,NaN
A,GE10,C10-C12,P_IUSE,PC_EMP_CUSE2,SE,,NaN,,NaN
A,GE10,C10-C12,P_IUSE,PC_EMP_CUSE2,SI,,NaN,,NaN
A,GE10,C10-C12,P_IUSE,PC_EMP_CUSE2,SK,,NaN,,NaN
A,GE10,C10-C12,P_IUSE,PC_EMP_CUSE2,TR,,NaN,,NaN
A,GE10,C10-C12,P_IUSE,PC_EMP_CUSE2,UK,,NaN,,NaN
A,GE10,C10-C12,P_IUSE,PC_EMP_IACC,AT,,NaN,,NaN
A,GE10,C10-C12,P_IUSE,PC_EMP_IACC,BE,,NaN,,NaN
A,GE10,C10-C12,P_IUSE,PC_EMP_IACC,BG,,NaN,,NaN
A,GE10,C10-C12,P_IUSE,PC_EMP_IACC,CY,,NaN,,NaN
A,GE10,C10-C12,P_IUSE,PC_EMP_IACC,CZ,,NaN,,NaN
A,GE10,C10-C12,P_IUSE,PC_EMP_IACC,DE,,NaN,,NaN
A,GE10,C10-C12,P_IUSE,PC_EMP_IACC,DK,,NaN,,NaN
A,GE10,C10-C12,P_IUSE,PC_EMP_IACC,EA,,NaN,,NaN
A,GE10,C10-C12,P_IUSE,PC_EMP_IACC,EE,,NaN,,NaN
A,GE10,C10-C12,P_IUSE,PC_EMP_IACC,EL,,NaN,,NaN
A,GE10,C10-C12,P_IUSE,PC_EMP_IACC,ES,,NaN,,NaN
A,GE10,C10-C12,P_IUSE,PC_EMP_IACC,EU15,,NaN,,NaN
A,GE10,C10-C12,P_IUSE,PC_EMP_IACC,EU27_2007,,NaN,,NaN
A,GE10,C10-C12,P_IUSE,PC_EMP_IACC,EU27_2020,,NaN,,NaN
A,GE10,C10-C12,P_IUSE,PC_EMP_IACC,EU28,,NaN,,NaN
A,GE10,C10-C12,P_IUSE,PC_EMP_IACC,FI,,NaN,,NaN
A,GE10,C10-C12,P_IUSE,PC_EMP_IACC,FR,,NaN,,NaN
A,GE10,C10-C12,P_IUSE,PC_EMP_IACC,HR,,NaN,,NaN
A,GE10,C10-C12,P_IUSE,PC_EMP_IACC,HU,,NaN,,NaN
A,GE10,C10-C12,P_IUSE,PC_EMP_IACC,IE,,NaN,,NaN
A,GE10,C10-C12,P_IUSE,PC_EMP_IACC,IS,,NaN,,NaN
A,GE10,C10-C12,P_IUSE,PC_EMP_IACC,IT,,NaN,,NaN
A,GE10,C10-C12,P_IUSE,PC_EMP_IACC,LT,,NaN,,NaN
A,GE10,C10-C12,P_IUSE,PC_EMP_IACC,LU,,NaN,,NaN
A,GE10,C10-C12,P_IUSE,PC_EMP_IACC,LV,,NaN,,NaN
A,GE10,C10-C12,P_IUSE,PC_EMP_IACC,MK,,NaN,,NaN
A,GE10,C10-C12,P_IUSE,PC_EMP_IACC,MT,,NaN,,NaN
A,GE10,C10-C12,P_IUSE,PC_EMP_IACC,NL,,NaN,,NaN
A,GE10,C10-C12,P_IUSE,PC_EMP_IACC,NO,,NaN,,NaN
A,GE10,C10-C12,P_IUSE,PC_EMP_IACC,PL,,NaN,,NaN
A,GE10,C10-C12,P_IUSE,PC_EMP_IACC,PT,,NaN,,NaN
A,GE10,C10-C12,P_IUSE,PC_EMP_IACC,RO,,NaN,,NaN
A,GE10,C10-C12,P_IUSE,PC_EMP_IACC,RS,,NaN,,NaN
A,GE10,C10-C12,P_IUSE,PC_EMP_IACC,SE,,NaN,,NaN
A,GE10,C10-C12,P_IUSE,PC_EMP_IACC,SI,,NaN,,NaN
A,GE10,C10-C12,P_IUSE,PC_EMP_IACC,SK,,NaN,,NaN
A,GE10,C10-C12,P_IUSE,PC_EMP_IACC,TR,,NaN,,NaN
A,GE10,C10-C12,P_IUSE,PC_EMP_IACC,UK,,NaN,,NaN
A,GE10,C10-C18,P_CUSE,PC_EMP,AT,,NaN,,NaN
A,GE10,C10-C18,P_CUSE,PC_EMP,BA,,NaN,,NaN
A,GE10,C10-C18,P_CUSE,PC_EMP,BE,48.56,NaN,,NaN
A,GE10,C10-C18,P_CUSE,PC_EMP,BG,14.65,NaN,,NaN
A,GE10,C10-C18,P_CUSE,PC_EMP,CY,29.25,NaN,,NaN
A,GE10,C10-C18,P_CUSE,PC_EMP,CZ,54.53,NaN,,NaN
A,GE10,C10-C18,P_CUSE,PC_EMP,DE,41.64,NaN,,NaN
A,GE10,C10-C18,P_CUSE,PC_EMP,DK,,NaN,,NaN
A,GE10,C10-C18,P_CUSE,PC_EMP,EA,40.9,NaN,,NaN
A,GE10,C10-C18,P_CUSE,PC_EMP,EE,29.85,NaN,,NaN
A,GE10,C10-C18,P_CUSE,PC_EMP,EL,35.11,NaN,,NaN
A,GE10,C10-C18,P_CUSE,PC_EMP,ES,43.81,NaN,,NaN
A,GE10,C10-C18,P_CUSE,PC_EMP,EU15,42.66,NaN,,NaN
A,GE10,C10-C18,P_CUSE,PC_EMP,EU25,,NaN,,NaN
A,GE10,C10-C18,P_CUSE,PC_EMP,EU27_2007,37.0,NaN,,NaN
A,GE10,C10-C18,P_CUSE,PC_EMP,EU27_2020,35.78,NaN,,NaN
A,GE10,C10-C18,P_CUSE,PC_EMP,EU28,36.96,NaN,,NaN
A,GE10,C10-C18,P_CUSE,PC_EMP,FI,67.92,NaN,,NaN
A,GE10,C10-C18,P_CUSE,PC_EMP,FR,,NaN,,NaN
A,GE10,C10-C18,P_CUSE,PC_EMP,HR,34.71,NaN,,NaN
A,GE10,C10-C18,P_CUSE,PC_EMP,HU,29.03,NaN,,NaN
A,GE10,C10-C18,P_CUSE,PC_EMP,IE,40.18,NaN,,NaN
A,GE10,C10-C18,P_CUSE,PC_EMP,IS,,NaN,,NaN
A,GE10,C10-C18,P_CUSE,PC_EMP,IT,40.15,NaN,,NaN
A,GE10,C10-C18,P_CUSE,PC_EMP,LT,25.7,NaN,,NaN
A,GE10,C10-C18,P_CUSE,PC_EMP,LU,,NaN,,NaN
A,GE10,C10-C18,P_CUSE,PC_EMP,LV,,NaN,,NaN
A,GE10,C10-C18,P_CUSE,PC_EMP,ME,,u,,NaN
A,GE10,C10-C18,P_CUSE,PC_EMP,MK,11.99,NaN,,NaN
A,GE10,C10-C18,P_CUSE,PC_EMP,MT,,NaN,,NaN
A,GE10,C10-C18,P_CUSE,PC_EMP,NL,55.91,NaN,,NaN
A,GE10,C10-C18,P_CUSE,PC_EMP,NO,54.7,NaN,,NaN
A,GE10,C10-C18,P_CUSE,PC_EMP,PL,27.08,NaN,,NaN
A,GE10,C10-C18,P_CUSE,PC_EMP,PT,26.13,NaN,,NaN
A,GE10,C10-C18,P_CUSE,PC_EMP,RO,14.97,NaN,,NaN
A,GE10,C10-C18,P_CUSE,PC_EMP,RS,,NaN,,NaN
A,GE10,C10-C18,P_CUSE,PC_EMP,SE,,NaN,,NaN
A,GE10,C10-C18,P_CUSE,PC_EMP,SI,40.99,NaN,,NaN
A,GE10,C10-C18,P_CUSE,PC_EMP,SK,28.92,NaN,,NaN
A,GE10,C10-C18,P_CUSE,PC_EMP,TR,,NaN,,NaN
A,GE10,C10-C18,P_CUSE,PC_EMP,UK,47.07,NaN,,NaN
A,GE10,C10-C18,P_CUSE,PC_EMP_CUSE2,AT,,NaN,,NaN
A,GE10,C10-C18,P_CUSE,PC_EMP_CUSE2,BE,,NaN,,NaN
A,GE10,C10-C18,P_CUSE,PC_EMP_CUSE2,BG,,NaN,,NaN
A,GE10,C10-C18,P_CUSE,PC_EMP_CUSE2,CY,,NaN,,NaN
A,GE10,C10-C18,P_CUSE,PC_EMP_CUSE2,CZ,,NaN,,NaN
A,GE10,C10-C18,P_CUSE,PC_EMP_CUSE2,DE,,NaN,,NaN
A,GE10,C10-C18,P_CUSE,PC_EMP_CUSE2,DK,,NaN,,NaN
A,GE10,C10-C18,P_CUSE,PC_EMP_CUSE2,EA,,NaN,,NaN
A,GE10,C10-C18,P_CUSE,PC_EMP_CUSE2,EE,,NaN,,NaN
A,GE10,C10-C18,P_CUSE,PC_EMP_CUSE2,EL,,NaN,,NaN
A,GE10,C10-C18,P_CUSE,PC_EMP_CUSE2,ES,,NaN,,NaN
A,GE10,C10-C18,P_CUSE,PC_EMP_CUSE2,EU15,,NaN,,NaN
A,GE10,C10-C18,P_CUSE,PC_EMP_CUSE2,EU27_2007,,NaN,,NaN
A,GE10,C10-C18,P_CUSE,PC_EMP_CUSE2,EU27_2020,,NaN,,NaN
A,GE10,C10-C18,P_CUSE,PC_EMP_CUSE2,EU28,,NaN,,NaN
A,GE10,C10-C18,P_CUSE,PC_EMP_CUSE2,FI,,NaN,,NaN
A,GE10,C10-C18,P_CUSE,PC_EMP_CUSE2,FR,,NaN,,NaN
A,GE10,C10-C18,P_CUSE,PC_EMP_CUSE2,HR,,NaN,,NaN
A,GE10,C10-C18,P_CUSE,PC_EMP_CUSE2,HU,,NaN,,NaN
A,GE10,C10-C18,P_CUSE,PC_EMP_CUSE2,IE,,NaN,,NaN
A,GE10,C10-C18,P_CUSE,PC_EMP_CUSE2,IT,,NaN,,NaN
A,GE10,C10-C18,P_CUSE,PC_EMP_CUSE2,LT,,NaN,,NaN
A,GE10,C10-C18,P_CUSE,PC_EMP_CUSE2,MK,,NaN,,NaN
A,GE10,C10-C18,P_CUSE,PC_EMP_CUSE2,MT,,NaN,,NaN
A,GE10,C10-C18,P_CUSE,PC_EMP_CUSE2,NL,,NaN,,NaN
A,GE10,C10-C18,P_CUSE,PC_EMP_CUSE2,NO,,NaN,,NaN
A,GE10,C10-C18,P_CUSE,PC_EMP_CUSE2,PL,,NaN,,NaN
A,GE10,C10-C18,P_CUSE,PC_EMP_CUSE2,PT,,NaN,,NaN
A,GE10,C10-C18,P_CUSE,PC_EMP_CUSE2,RO,,NaN,,NaN
A,GE10,C10-C18,P_CUSE,PC_EMP_CUSE2,RS,,NaN,,NaN
A,GE10,C10-C18,P_CUSE,PC_EMP_CUSE2,SI,,NaN,,NaN
A,GE10,C10-C18,P_CUSE,PC_EMP_CUSE2,SK,,NaN,,NaN
A,GE10,C10-C18,P_CUSE,PC_EMP_CUSE2,UK,,NaN,,NaN
A,GE10,C10-C18,P_IUSE,PC_EMP,AL,,NaN,,NaN
A,GE10,C10-C18,P_IUSE,PC_EMP,AT,36.9,NaN,45.49,NaN
A,GE10,C10-C18,P_IUSE,PC_EMP,BA,,NaN,18.88,NaN
A,GE10,C10-C18,P_IUSE,PC_EMP,BE,37.53,NaN,46.65,NaN
A,GE10,C10-C18,P_IUSE,PC_EMP,BG,12.38,NaN,16.51,NaN
A,GE10,C10-C18,P_IUSE,PC_EMP,CY,21.88,NaN,26.19,NaN
A,GE10,C10-C18,P_IUSE,PC_EMP,CZ,18.91,NaN,36.61,NaN
A,GE10,C10-C18,P_IUSE,PC_EMP,DE,32.34,NaN,36.76,NaN
A,GE10,C10-C18,P_IUSE,PC_EMP,DK,51.68,NaN,57.9,NaN
A,GE10,C10-C18,P_IUSE,PC_EMP,EA,33.76,NaN,40.01,NaN
A,GE10,C10-C18,P_IUSE,PC_EMP,EE,27.17,NaN,31.43,NaN
A,GE10,C10-C18,P_IUSE,PC_EMP,EL,28.14,NaN,33.21,NaN
A,GE10,C10-C18,P_IUSE,PC_EMP,ES,36.31,NaN,44.12,NaN
A,GE10,C10-C18,P_IUSE,PC_EMP,EU15,36.25,NaN,,NaN
A,GE10,C10-C18,P_IUSE,PC_EMP,EU25,,NaN,,NaN
A,GE10,C10-C18,P_IUSE,PC_EMP,EU27_2007,30.87,NaN,,NaN
A,GE10,C10-C18,P_IUSE,PC_EMP,EU27_2020,29.83,NaN,36.94,NaN
A,GE10,C10-C18,P_IUSE,PC_EMP,EU28,30.84,NaN,,NaN
A,GE10,C10-C18,P_IUSE,PC_EMP,FI,59.92,NaN,71.47,NaN
A,GE10,C10-C18,P_IUSE,PC_EMP,FR,37.59,NaN,43.02,NaN
A,GE10,C10-C18,P_IUSE,PC_EMP,HR,28.97,NaN,31.43,NaN
A,GE10,C10-C18,P_IUSE,PC_EMP,HU,24.04,NaN,28.04,NaN
A,GE10,C10-C18,P_IUSE,PC_EMP,IE,37.88,NaN,36.9,NaN
A,GE10,C10-C18,P_IUSE,PC_EMP,IS,,NaN,100.0,NaN
A,GE10,C10-C18,P_IUSE,PC_EMP,IT,32.64,NaN,41.58,NaN
A,GE10,C10-C18,P_IUSE,PC_EMP,LT,23.48,NaN,34.55,NaN
A,GE10,C10-C18,P_IUSE,PC_EMP,LU,,NaN,,NaN
A,GE10,C10-C18,P_IUSE,PC_EMP,LV,19.76,NaN,24.99,NaN
A,GE10,C10-C18,P_IUSE,PC_EMP,ME,,u,32.24,NaN
A,GE10,C10-C18,P_IUSE,PC_EMP,MK,10.62,NaN,15.0,NaN
A,GE10,C10-C18,P_IUSE,PC_EMP,MT,31.93,NaN,43.47,NaN
A,GE10,C10-C18,P_IUSE,PC_EMP,NL,48.02,NaN,52.61,NaN
A,GE10,C10-C18,P_IUSE,PC_EMP,NO,48.95,NaN,67.77,NaN
A,GE10,C10-C18,P_IUSE,PC_EMP,PL,23.47,NaN,32.85,NaN
A,GE10,C10-C18,P_IUSE,PC_EMP,PT,21.68,NaN,25.37,NaN
A,GE10,C10-C18,P_IUSE,PC_EMP,RO,12.67,NaN,16.61,NaN
A,GE10,C10-C18,P_IUSE,PC_EMP,RS,,NaN,30.25,NaN
A,GE10,C10-C18,P_IUSE,PC_EMP,SE,65.34,NaN,68.82,NaN
A,GE10,C10-C18,P_IUSE,PC_EMP,SI,34.63,NaN,42.9,NaN
A,GE10,C10-C18,P_IUSE,PC_EMP,SK,22.75,NaN,27.11,NaN
A,GE10,C10-C18,P_IUSE,PC_EMP,TR,19.05,NaN,,NaN
A,GE10,C10-C18,P_IUSE,PC_EMP,UK,41.02,NaN,45.42,NaN
A,GE10,C10-C18,P_IUSE,PC_EMP_CUSE,AT,,NaN,,NaN
A,GE10,C10-C18,P_IUSE,PC_EMP_CUSE,BA,,NaN,,NaN
A,GE10,C10-C18,P_IUSE,PC_EMP_CUSE,BE,77.28,NaN,,NaN
A,GE10,C10-C18,P_IUSE,PC_EMP_CUSE,BG,84.48,NaN,,NaN
A,GE10,C10-C18,P_IUSE,PC_EMP_CUSE,CY,74.81,NaN,,NaN
A,GE10,C10-C18,P_IUSE,PC_EMP_CUSE,CZ,34.68,NaN,,NaN
A,GE10,C10-C18,P_IUSE,PC_EMP_CUSE,DE,77.65,NaN,,NaN
A,GE10,C10-C18,P_IUSE,PC_EMP_CUSE,DK,,NaN,,NaN
A,GE10,C10-C18,P_IUSE,PC_EMP_CUSE,EA,81.02,NaN,,NaN
A,GE10,C10-C18,P_IUSE,PC_EMP_CUSE,EE,91.03,NaN,,NaN
A,GE10,C10-C18,P_IUSE,PC_EMP_CUSE,EL,80.16,NaN,,NaN
A,GE10,C10-C18,P_IUSE,PC_EMP_CUSE,ES,82.87,NaN,,NaN
A,GE10,C10-C18,P_IUSE,PC_EMP_CUSE,EU15,81.95,NaN,,NaN
A,GE10,C10-C18,P_IUSE,PC_EMP_CUSE,EU25,,NaN,,NaN
A,GE10,C10-C18,P_IUSE,PC_EMP_CUSE,EU27_2007,79.17,NaN,,NaN
A,GE10,C10-C18,P_IUSE,PC_EMP_CUSE,EU27_2020,78.01,NaN,,NaN
A,GE10,C10-C18,P_IUSE,PC_EMP_CUSE,EU28,79.23,NaN,,NaN
A,GE10,C10-C18,P_IUSE,PC_EMP_CUSE,FI,88.23,NaN,,NaN
A,GE10,C10-C18,P_IUSE,PC_EMP_CUSE,FR,,NaN,,NaN
A,GE10,C10-C18,P_IUSE,PC_EMP_CUSE,HR,83.47,NaN,,NaN
A,GE10,C10-C18,P_IUSE,PC_EMP_CUSE,HU,82.81,NaN,,NaN
A,GE10,C10-C18,P_IUSE,PC_EMP_CUSE,IE,94.27,NaN,,NaN
A,GE10,C10-C18,P_IUSE,PC_EMP_CUSE,IS,,NaN,,NaN
A,GE10,C10-C18,P_IUSE,PC_EMP_CUSE,IT,81.31,NaN,,NaN
A,GE10,C10-C18,P_IUSE,PC_EMP_CUSE,LT,91.36,NaN,,NaN
A,GE10,C10-C18,P_IUSE,PC_EMP_CUSE,LU,,NaN,,NaN
A,GE10,C10-C18,P_IUSE,PC_EMP_CUSE,LV,,NaN,,NaN
A,GE10,C10-C18,P_IUSE,PC_EMP_CUSE,ME,,u,,NaN
A,GE10,C10-C18,P_IUSE,PC_EMP_CUSE,MK,88.56,NaN,,NaN
A,GE10,C10-C18,P_IUSE,PC_EMP_CUSE,MT,,NaN,,NaN
A,GE10,C10-C18,P_IUSE,PC_EMP_CUSE,NL,85.9,NaN,,NaN
A,GE10,C10-C18,P_IUSE,PC_EMP_CUSE,NO,89.49,NaN,,NaN
A,GE10,C10-C18,P_IUSE,PC_EMP_CUSE,PL,86.68,NaN,,NaN
A,GE10,C10-C18,P_IUSE,PC_EMP_CUSE,PT,82.99,NaN,,NaN
A,GE10,C10-C18,P_IUSE,PC_EMP_CUSE,RO,84.67,NaN,,NaN
A,GE10,C10-C18,P_IUSE,PC_EMP_CUSE,RS,,NaN,,NaN
A,GE10,C10-C18,P_IUSE,PC_EMP_CUSE,SE,,NaN,,NaN
A,GE10,C10-C18,P_IUSE,PC_EMP_CUSE,SI,84.49,NaN,,NaN
A,GE10,C10-C18,P_IUSE,PC_EMP_CUSE,SK,78.65,NaN,,NaN
A,GE10,C10-C18,P_IUSE,PC_EMP_CUSE,TR,,NaN,,NaN
A,GE10,C10-C18,P_IUSE,PC_EMP_CUSE,UK,87.14,NaN,,NaN
A,GE10,C10-C18,P_IUSE,PC_EMP_CUSE2,AT,,NaN,,NaN
A,GE10,C10-C18,P_IUSE,PC_EMP_CUSE2,BE,,NaN,,NaN
A,GE10,C10-C18,P_IUSE,PC_EMP_CUSE2,BG,,NaN,,NaN
A,GE10,C10-C18,P_IUSE,PC_EMP_CUSE2,CY,,NaN,,NaN
A,GE10,C10-C18,P_IUSE,PC_EMP_CUSE2,CZ,,NaN,,NaN
A,GE10,C10-C18,P_IUSE,PC_EMP_CUSE2,DE,,NaN,,NaN
A,GE10,C10-C18,P_IUSE,PC_EMP_CUSE2,DK,,NaN,,NaN
A,GE10,C10-C18,P_IUSE,PC_EMP_CUSE2,EA,,NaN,,NaN
A,GE10,C10-C18,P_IUSE,PC_EMP_CUSE2,EE,,NaN,,NaN
A,GE10,C10-C18,P_IUSE,PC_EMP_CUSE2,EL,,NaN,,NaN
A,GE10,C10-C18,P_IUSE,PC_EMP_CUSE2,ES,,NaN,,NaN
A,GE10,C10-C18,P_IUSE,PC_EMP_CUSE2,EU15,,NaN,,NaN
A,GE10,C10-C18,P_IUSE,PC_EMP_CUSE2,EU27_2007,,NaN,,NaN
A,GE10,C10-C18,P_IUSE,PC_EMP_CUSE2,EU27_2020,,NaN,,NaN
A,GE10,C10-C18,P_IUSE,PC_EMP_CUSE2,EU28,,NaN,,NaN
A,GE10,C10-C18,P_IUSE,PC_EMP_CUSE2,FI,,NaN,,NaN
A,GE10,C10-C18,P_IUSE,PC_EMP_CUSE2,FR,,NaN,,NaN
A,GE10,C10-C18,P_IUSE,PC_EMP_CUSE2,HR,,NaN,,NaN
A,GE10,C10-C18,P_IUSE,PC_EMP_CUSE2,HU,,NaN,,NaN
A,GE10,C10-C18,P_IUSE,PC_EMP_CUSE2,IE,,NaN,,NaN
A,GE10,C10-C18,P_IUSE,PC_EMP_CUSE2,IS,,NaN,,NaN
A,GE10,C10-C18,P_IUSE,PC_EMP_CUSE2,IT,,NaN,,NaN
A,GE10,C10-C18,P_IUSE,PC_EMP_CUSE2,LT,,NaN,,NaN
A,GE10,C10-C18,P_IUSE,PC_EMP_CUSE2,LU,,NaN,,NaN
A,GE10,C10-C18,P_IUSE,PC_EMP_CUSE2,LV,,NaN,,NaN
A,GE10,C10-C18,P_IUSE,PC_EMP_CUSE2,MK,,NaN,,NaN
A,GE10,C10-C18,P_IUSE,PC_EMP_CUSE2,MT,,NaN,,NaN
A,GE10,C10-C18,P_IUSE,PC_EMP_CUSE2,NL,,NaN,,NaN
A,GE10,C10-C18,P_IUSE,PC_EMP_CUSE2,NO,,NaN,,NaN
A,GE10,C10-C18,P_IUSE,PC_EMP_CUSE2,PL,,NaN,,NaN
A,GE10,C10-C18,P_IUSE,PC_EMP_CUSE2,PT,,NaN,,NaN
A,GE10,C10-C18,P_IUSE,PC_EMP_CUSE2,RO,,NaN,,NaN
A,GE10,C10-C18,P_IUSE,PC_EMP_CUSE2,RS,,NaN,,NaN
A,GE10,C10-C18,P_IUSE,PC_EMP_CUSE2,SE,,NaN,,NaN
A,GE10,C10-C18,P_IUSE,PC_EMP_CUSE2,SI,,NaN,,NaN
A,GE10,C10-C18,P_IUSE,PC_EMP_CUSE2,SK,,NaN,,NaN
A,GE10,C10-C18,P_IUSE,PC_EMP_CUSE2,TR,,NaN,,NaN
A,GE10,C10-C18,P_IUSE,PC_EMP_CUSE2,UK,,NaN,,NaN
A,GE10,C10-C18,P_IUSE,PC_EMP_IACC,AT,,NaN,,NaN
A,GE10,C10-C18,P_IUSE,PC_EMP_IACC,BE,,NaN,,NaN
A,GE10,C10-C18,P_IUSE,PC_EMP_IACC,BG,,NaN,,NaN
A,GE10,C10-C18,P_IUSE,PC_EMP_IACC,CY,,NaN,,NaN
A,GE10,C10-C18,P_IUSE,PC_EMP_IACC,CZ,,NaN,,NaN
A,GE10,C10-C18,P_IUSE,PC_EMP_IACC,DE,,NaN,,NaN
A,GE10,C10-C18,P_IUSE,PC_EMP_IACC,DK,,NaN,,NaN
A,GE10,C10-C18,P_IUSE,PC_EMP_IACC,EA,,NaN,,NaN
A,GE10,C10-C18,P_IUSE,PC_EMP_IACC,EE,,NaN,,NaN
A,GE10,C10-C18,P_IUSE,PC_EMP_IACC,EL,,NaN,,NaN
A,GE10,C10-C18,P_IUSE,PC_EMP_IACC,ES,,NaN,,NaN
A,GE10,C10-C18,P_IUSE,PC_EMP_IACC,EU15,,NaN,,NaN
A,GE10,C10-C18,P_IUSE,PC_EMP_IACC,EU27_2007,,NaN,,NaN
A,GE10,C10-C18,P_IUSE,PC_EMP_IACC,EU27_2020,,NaN,,NaN
A,GE10,C10-C18,P_IUSE,PC_EMP_IACC,EU28,,NaN,,NaN
A,GE10,C10-C18,P_IUSE,PC_EMP_IACC,FI,,NaN,,NaN
A,GE10,C10-C18,P_IUSE,PC_EMP_IACC,FR,,NaN,,NaN
A,GE10,C10-C18,P_IUSE,PC_EMP_IACC,HR,,NaN,,NaN
A,GE10,C10-C18,P_IUSE,PC_EMP_IACC,HU,,NaN,,NaN
A,GE10,C10-C18,P_IUSE,PC_EMP_IACC,IE,,NaN,,NaN
A,GE10,C10-C18,P_IUSE,PC_EMP_IACC,IS,,NaN,,NaN
A,GE10,C10-C18,P_IUSE,PC_EMP_IACC,IT,,NaN,,NaN
A,GE10,C10-C18,P_IUSE,PC_EMP_IACC,LT,,NaN,,NaN
A,GE10,C10-C18,P_IUSE,PC_EMP_IACC,LU,,NaN,,NaN
A,GE10,C10-C18,P_IUSE,PC_EMP_IACC,LV,,NaN,,NaN
A,GE10,C10-C18,P_IUSE,PC_EMP_IACC,MK,,NaN,,NaN
A,GE10,C10-C18,P_IUSE,PC_EMP_IACC,MT,,NaN,,NaN
A,GE10,C10-C18,P_IUSE,PC_EMP_IACC,NL,,NaN,,NaN
A,GE10,C10-C18,P_IUSE,PC_EMP_IACC,NO,,NaN,,NaN
A,GE10,C10-C18,P_IUSE,PC_EMP_IACC,PL,,NaN,,NaN
A,GE10,C10-C18,P_IUSE,PC_EMP_IACC,PT,,NaN,,NaN
A,GE10,C10-C18,P_IUSE,PC_EMP_IACC,RO,,NaN,,NaN
A,GE10,C10-C18,P_IUSE,PC_EMP_IACC,RS,,NaN,,NaN
A,GE10,C10-C18,P_IUSE,PC_EMP_IACC,SE,,NaN,,NaN
A,GE10,C10-C18,P_IUSE,PC_EMP_IACC,SI,,NaN,,NaN
A,GE10,C10-C18,P_IUSE,PC_EMP_IACC,SK,,NaN,,NaN
A,GE10,C10-C18,P_IUSE,PC_EMP_IACC,TR,,NaN,,NaN
A,GE10,C10-C18,P_IUSE,PC_EMP_IACC,UK,,NaN,,NaN
A,GE10,C10-S951_X_K,P_CUSE,PC_EMP,AT,,NaN,,NaN
A,GE10,C10-S951_X_K,P_CUSE,PC_EMP,BA,,NaN,,NaN
A,GE10,C10-S951_X_K,P_CUSE,PC_EMP,BE,63.43,NaN,,NaN
A,GE10,C10-S951_X_K,P_CUSE,PC_EMP,BG,29.7,NaN,,NaN
A,GE10,C10-S951_X_K,P_CUSE,PC_EMP,CY,49.09,NaN,,NaN
A,GE10,C10-S951_X_K,P_CUSE,PC_EMP,CZ,47.62,NaN,,NaN
A,GE10,C10-S951_X_K,P_CUSE,PC_EMP,DE,59.74,NaN,,NaN
A,GE10,C10-S951_X_K,P_CUSE,PC_EMP,DK,,NaN,,NaN
A,GE10,C10-S951_X_K,P_CUSE,PC_EMP,EA,57.08,NaN,,NaN
A,GE10,C10-S951_X_K,P_CUSE,PC_EMP,EE,46.52,NaN,,NaN
A,GE10,C10-S951_X_K,P_CUSE,PC_EMP,EL,43.42,NaN,,NaN
A,GE10,C10-S951_X_K,P_CUSE,PC_EMP,ES,58.27,NaN,,NaN
A,GE10,C10-S951_X_K,P_CUSE,PC_EMP,EU15,58.32,NaN,,NaN
A,GE10,C10-S951_X_K,P_CUSE,PC_EMP,EU25,,NaN,,NaN
A,GE10,C10-S951_X_K,P_CUSE,PC_EMP,EU27_2007,54.56,NaN,,NaN
A,GE10,C10-S951_X_K,P_CUSE,PC_EMP,EU27_2020,53.06,NaN,,NaN
A,GE10,C10-S951_X_K,P_CUSE,PC_EMP,EU28,54.52,NaN,,NaN
A,GE10,C10-S951_X_K,P_CUSE,PC_EMP,FI,75.54,NaN,,NaN
A,GE10,C10-S951_X_K,P_CUSE,PC_EMP,FR,,NaN,,NaN
A,GE10,C10-S951_X_K,P_CUSE,PC_EMP,HR,49.94,NaN,,NaN
A,GE10,C10-S951_X_K,P_CUSE,PC_EMP,HU,45.89,NaN,,NaN
A,GE10,C10-S951_X_K,P_CUSE,PC_EMP,IE,56.78,NaN,,NaN
A,GE10,C10-S951_X_K,P_CUSE,PC_EMP,IS,,NaN,,NaN
A,GE10,C10-S951_X_K,P_CUSE,PC_EMP,IT,48.41,NaN,,NaN
A,GE10,C10-S951_X_K,P_CUSE,PC_EMP,LT,43.53,NaN,,NaN
A,GE10,C10-S951_X_K,P_CUSE,PC_EMP,LV,,NaN,,NaN
A,GE10,C10-S951_X_K,P_CUSE,PC_EMP,ME,60.32,NaN,,NaN
A,GE10,C10-S951_X_K,P_CUSE,PC_EMP,MK,33.07,NaN,,NaN
A,GE10,C10-S951_X_K,P_CUSE,PC_EMP,MT,,NaN,,NaN
A,GE10,C10-S951_X_K,P_CUSE,PC_EMP,NL,67.73,NaN,,NaN
A,GE10,C10-S951_X_K,P_CUSE,PC_EMP,NO,74.33,NaN,,NaN
A,GE10,C10-S951_X_K,P_CUSE,PC_EMP,PL,43.96,NaN,,NaN
A,GE10,C10-S951_X_K,P_CUSE,PC_EMP,PT,42.23,NaN,,NaN
A,GE10,C10-S951_X_K,P_CUSE,PC_EMP,RO,32.66,NaN,,NaN
A,GE10,C10-S951_X_K,P_CUSE,PC_EMP,RS,,NaN,,NaN
A,GE10,C10-S951_X_K,P_CUSE,PC_EMP,SE,,NaN,,NaN
A,GE10,C10-S951_X_K,P_CUSE,PC_EMP,SI,55.38,NaN,,NaN
A,GE10,C10-S951_X_K,P_CUSE,PC_EMP,SK,49.17,NaN,,NaN
A,GE10,C10-S951_X_K,P_CUSE,PC_EMP,TR,,NaN,,NaN
A,GE10,C10-S951_X_K,P_CUSE,PC_EMP,UK,60.66,NaN,,NaN
A,GE10,C10-S951_X_K,P_CUSE,PC_EMP_CUSE2,AT,,NaN,,NaN
A,GE10,C10-S951_X_K,P_CUSE,PC_EMP_CUSE2,BE,,NaN,,NaN
A,GE10,C10-S951_X_K,P_CUSE,PC_EMP_CUSE2,BG,,NaN,,NaN
A,GE10,C10-S951_X_K,P_CUSE,PC_EMP_CUSE2,CY,,NaN,,NaN
A,GE10,C10-S951_X_K,P_CUSE,PC_EMP_CUSE2,CZ,,NaN,,NaN
A,GE10,C10-S951_X_K,P_CUSE,PC_EMP_CUSE2,DE,,NaN,,NaN
A,GE10,C10-S951_X_K,P_CUSE,PC_EMP_CUSE2,DK,,NaN,,NaN
A,GE10,C10-S951_X_K,P_CUSE,PC_EMP_CUSE2,EA,,NaN,,NaN
A,GE10,C10-S951_X_K,P_CUSE,PC_EMP_CUSE2,EE,,NaN,,NaN
A,GE10,C10-S951_X_K,P_CUSE,PC_EMP_CUSE2,EL,,NaN,,NaN
A,GE10,C10-S951_X_K,P_CUSE,PC_EMP_CUSE2,ES,,NaN,,NaN
A,GE10,C10-S951_X_K,P_CUSE,PC_EMP_CUSE2,EU15,,NaN,,NaN
A,GE10,C10-S951_X_K,P_CUSE,PC_EMP_CUSE2,EU27_2007,,NaN,,NaN
A,GE10,C10-S951_X_K,P_CUSE,PC_EMP_CUSE2,EU27_2020,,NaN,,NaN
A,GE10,C10-S951_X_K,P_CUSE,PC_EMP_CUSE2,EU28,,NaN,,NaN
A,GE10,C10-S951_X_K,P_CUSE,PC_EMP_CUSE2,FI,,NaN,,NaN
A,GE10,C10-S951_X_K,P_CUSE,PC_EMP_CUSE2,FR,,NaN,,NaN
A,GE10,C10-S951_X_K,P_CUSE,PC_EMP_CUSE2,HR,,NaN,,NaN
A,GE10,C10-S951_X_K,P_CUSE,PC_EMP_CUSE2,HU,,NaN,,NaN
A,GE10,C10-S951_X_K,P_CUSE,PC_EMP_CUSE2,IE,,NaN,,NaN
A,GE10,C10-S951_X_K,P_CUSE,PC_EMP_CUSE2,IT,,NaN,,NaN
A,GE10,C10-S951_X_K,P_CUSE,PC_EMP_CUSE2,LT,,NaN,,NaN
A,GE10,C10-S951_X_K,P_CUSE,PC_EMP_CUSE2,MK,,NaN,,NaN
A,GE10,C10-S951_X_K,P_CUSE,PC_EMP_CUSE2,MT,,NaN,,NaN
A,GE10,C10-S951_X_K,P_CUSE,PC_EMP_CUSE2,NL,,NaN,,NaN
A,GE10,C10-S951_X_K,P_CUSE,PC_EMP_CUSE2,NO,,NaN,,NaN
A,GE10,C10-S951_X_K,P_CUSE,PC_EMP_CUSE2,PL,,NaN,,NaN
A,GE10,C10-S951_X_K,P_CUSE,PC_EMP_CUSE2,PT,,NaN,,NaN
A,GE10,C10-S951_X_K,P_CUSE,PC_EMP_CUSE2,RO,,NaN,,NaN
A,GE10,C10-S951_X_K,P_CUSE,PC_EMP_CUSE2,RS,,NaN,,NaN
A,GE10,C10-S951_X_K,P_CUSE,PC_EMP_CUSE2,SI,,NaN,,NaN
A,GE10,C10-S951_X_K,P_CUSE,PC_EMP_CUSE2,SK,,NaN,,NaN
A,GE10,C10-S951_X_K,P_CUSE,PC_EMP_CUSE2,UK,,NaN,,NaN
A,GE10,C10-S951_X_K,P_IUSE,PC_EMP,AL,,NaN,,NaN
A,GE10,C10-S951_X_K,P_IUSE,PC_EMP,AT,52.77,NaN,63.1,NaN
A,GE10,C10-S951_X_K,P_IUSE,PC_EMP,BA,,NaN,37.92,NaN
A,GE10,C10-S951_X_K,P_IUSE,PC_EMP,BE,55.27,NaN,65.21,NaN
A,GE10,C10-S951_X_K,P_IUSE,PC_EMP,BG,25.83,NaN,33.73,NaN
A,GE10,C10-S951_X_K,P_IUSE,PC_EMP,CY,40.57,NaN,46.22,NaN
A,GE10,C10-S951_X_K,P_IUSE,PC_EMP,CZ,36.93,NaN,49.41,NaN
A,GE10,C10-S951_X_K,P_IUSE,PC_EMP,DE,52.85,NaN,58.55,NaN
A,GE10,C10-S951_X_K,P_IUSE,PC_EMP,DK,72.67,NaN,77.36,NaN
A,GE10,C10-S951_X_K,P_IUSE,PC_EMP,EA,51.06,NaN,58.24,NaN
A,GE10,C10-S951_X_K,P_IUSE,PC_EMP,EE,43.86,NaN,50.62,NaN
A,GE10,C10-S951_X_K,P_IUSE,PC_EMP,EL,37.56,NaN,44.72,NaN
A,GE10,C10-S951_X_K,P_IUSE,PC_EMP,ES,49.86,NaN,55.67,NaN
A,GE10,C10-S951_X_K,P_IUSE,PC_EMP,EU15,53.2,NaN,,NaN
A,GE10,C10-S951_X_K,P_IUSE,PC_EMP,EU25,,NaN,,NaN
A,GE10,C10-S951_X_K,P_IUSE,PC_EMP,EU27_2007,49.85,NaN,,NaN
A,GE10,C10-S951_X_K,P_IUSE,PC_EMP,EU27_2020,48.62,NaN,56.45,NaN
A,GE10,C10-S951_X_K,P_IUSE,PC_EMP,EU28,49.81,NaN,,NaN
A,GE10,C10-S951_X_K,P_IUSE,PC_EMP,FI,70.04,NaN,80.37,NaN
A,GE10,C10-S951_X_K,P_IUSE,PC_EMP,FR,54.13,NaN,61.33,NaN
A,GE10,C10-S951_X_K,P_IUSE,PC_EMP,HR,43.81,NaN,49.62,NaN
A,GE10,C10-S951_X_K,P_IUSE,PC_EMP,HU,37.36,NaN,44.67,NaN
A,GE10,C10-S951_X_K,P_IUSE,PC_EMP,IE,52.02,NaN,59.4,NaN
A,GE10,C10-S951_X_K,P_IUSE,PC_EMP,IS,,NaN,100.0,NaN
A,GE10,C10-S951_X_K,P_IUSE,PC_EMP,IT,42.55,NaN,53.24,NaN
A,GE10,C10-S951_X_K,P_IUSE,PC_EMP,LT,39.82,NaN,54.51,NaN
A,GE10,C10-S951_X_K,P_IUSE,PC_EMP,LU,45.44,NaN,52.74,NaN
A,GE10,C10-S951_X_K,P_IUSE,PC_EMP,LV,40.72,NaN,44.36,NaN
A,GE10,C10-S951_X_K,P_IUSE,PC_EMP,ME,45.8,NaN,50.32,NaN
A,GE10,C10-S951_X_K,P_IUSE,PC_EMP,MK,27.44,NaN,35.27,NaN
A,GE10,C10-S951_X_K,P_IUSE,PC_EMP,MT,44.4,NaN,52.64,NaN
A,GE10,C10-S951_X_K,P_IUSE,PC_EMP,NL,62.91,NaN,71.64,NaN
A,GE10,C10-S951_X_K,P_IUSE,PC_EMP,NO,70.04,NaN,82.4,NaN
A,GE10,C10-S951_X_K,P_IUSE,PC_EMP,PL,39.03,NaN,50.16,NaN
A,GE10,C10-S951_X_K,P_IUSE,PC_EMP,PT,35.77,NaN,42.76,NaN
A,GE10,C10-S951_X_K,P_IUSE,PC_EMP,RO,28.29,NaN,35.41,NaN
A,GE10,C10-S951_X_K,P_IUSE,PC_EMP,RS,,NaN,48.11,NaN
A,GE10,C10-S951_X_K,P_IUSE,PC_EMP,SE,72.97,NaN,83.33,NaN
A,GE10,C10-S951_X_K,P_IUSE,PC_EMP,SI,50.93,NaN,54.24,NaN
A,GE10,C10-S951_X_K,P_IUSE,PC_EMP,SK,41.28,NaN,48.06,NaN
A,GE10,C10-S951_X_K,P_IUSE,PC_EMP,TR,25.07,NaN,,NaN
A,GE10,C10-S951_X_K,P_IUSE,PC_EMP,UK,56.17,NaN,61.97,NaN
A,GE10,C10-S951_X_K,P_IUSE,PC_EMP_CUSE,AT,,NaN,,NaN
A,GE10,C10-S951_X_K,P_IUSE,PC_EMP_CUSE,BA,,NaN,,NaN
A,GE10,C10-S951_X_K,P_IUSE,PC_EMP_CUSE,BE,87.13,NaN,,NaN
A,GE10,C10-S951_X_K,P_IUSE,PC_EMP_CUSE,BG,86.98,NaN,,NaN
A,GE10,C10-S951_X_K,P_IUSE,PC_EMP_CUSE,CY,82.65,NaN,,NaN
A,GE10,C10-S951_X_K,P_IUSE,PC_EMP_CUSE,CZ,77.56,NaN,,NaN
A,GE10,C10-S951_X_K,P_IUSE,PC_EMP_CUSE,DE,88.47,NaN,,NaN
A,GE10,C10-S951_X_K,P_IUSE,PC_EMP_CUSE,DK,,NaN,,NaN
A,GE10,C10-S951_X_K,P_IUSE,PC_EMP_CUSE,EA,88.3,NaN,,NaN
A,GE10,C10-S951_X_K,P_IUSE,PC_EMP_CUSE,EE,94.27,NaN,,NaN
A,GE10,C10-S951_X_K,P_IUSE,PC_EMP_CUSE,EL,86.51,NaN,,NaN
A,GE10,C10-S951_X_K,P_IUSE,PC_EMP_CUSE,ES,85.56,NaN,,NaN
A,GE10,C10-S951_X_K,P_IUSE,PC_EMP_CUSE,EU15,89.42,NaN,,NaN
A,GE10,C10-S951_X_K,P_IUSE,PC_EMP_CUSE,EU25,,NaN,,NaN
A,GE10,C10-S951_X_K,P_IUSE,PC_EMP_CUSE,EU27_2007,88.72,NaN,,NaN
A,GE10,C10-S951_X_K,P_IUSE,PC_EMP_CUSE,EU27_2020,87.66,NaN,,NaN
A,GE10,C10-S951_X_K,P_IUSE,PC_EMP_CUSE,EU28,88.72,NaN,,NaN
A,GE10,C10-S951_X_K,P_IUSE,PC_EMP_CUSE,FI,92.72,NaN,,NaN
A,GE10,C10-S951_X_K,P_IUSE,PC_EMP_CUSE,FR,,NaN,,NaN
A,GE10,C10-S951_X_K,P_IUSE,PC_EMP_CUSE,HR,87.73,NaN,,NaN
A,GE10,C10-S951_X_K,P_IUSE,PC_EMP_CUSE,HU,81.41,NaN,,NaN
A,GE10,C10-S951_X_K,P_IUSE,PC_EMP_CUSE,IE,91.61,NaN,,NaN
A,GE10,C10-S951_X_K,P_IUSE,PC_EMP_CUSE,IS,,NaN,,NaN
A,GE10,C10-S951_X_K,P_IUSE,PC_EMP_CUSE,IT,87.9,NaN,,NaN
A,GE10,C10-S951_X_K,P_IUSE,PC_EMP_CUSE,LT,91.47,NaN,,NaN
A,GE10,C10-S951_X_K,P_IUSE,PC_EMP_CUSE,LV,,NaN,,NaN
A,GE10,C10-S951_X_K,P_IUSE,PC_EMP_CUSE,ME,75.93,NaN,,NaN
A,GE10,C10-S951_X_K,P_IUSE,PC_EMP_CUSE,MK,82.98,NaN,,NaN
A,GE10,C10-S951_X_K,P_IUSE,PC_EMP_CUSE,MT,,NaN,,NaN
A,GE10,C10-S951_X_K,P_IUSE,PC_EMP_CUSE,NL,92.9,NaN,,NaN
A,GE10,C10-S951_X_K,P_IUSE,PC_EMP_CUSE,NO,94.23,NaN,,NaN
A,GE10,C10-S951_X_K,P_IUSE,PC_EMP_CUSE,PL,88.77,NaN,,NaN
A,GE10,C10-S951_X_K,P_IUSE,PC_EMP_CUSE,PT,84.7,NaN,,NaN
A,GE10,C10-S951_X_K,P_IUSE,PC_EMP_CUSE,RO,86.6,NaN,,NaN
A,GE10,C10-S951_X_K,P_IUSE,PC_EMP_CUSE,RS,,NaN,,NaN
A,GE10,C10-S951_X_K,P_IUSE,PC_EMP_CUSE,SE,,NaN,,NaN
A,GE10,C10-S951_X_K,P_IUSE,PC_EMP_CUSE,SI,91.96,NaN,,NaN
A,GE10,C10-S951_X_K,P_IUSE,PC_EMP_CUSE,SK,83.94,NaN,,NaN
A,GE10,C10-S951_X_K,P_IUSE,PC_EMP_CUSE,TR,,NaN,,NaN
A,GE10,C10-S951_X_K,P_IUSE,PC_EMP_CUSE,UK,92.6,NaN,,NaN
A,GE10,C10-S951_X_K,P_IUSE,PC_EMP_CUSE2,AT,,NaN,,NaN
A,GE10,C10-S951_X_K,P_IUSE,PC_EMP_CUSE2,BE,,NaN,,NaN
A,GE10,C10-S951_X_K,P_IUSE,PC_EMP_CUSE2,BG,,NaN,,NaN
A,GE10,C10-S951_X_K,P_IUSE,PC_EMP_CUSE2,CY,,NaN,,NaN
A,GE10,C10-S951_X_K,P_IUSE,PC_EMP_CUSE2,CZ,,NaN,,NaN
A,GE10,C10-S951_X_K,P_IUSE,PC_EMP_CUSE2,DE,,NaN,,NaN
A,GE10,C10-S951_X_K,P_IUSE,PC_EMP_CUSE2,DK,,NaN,,NaN
A,GE10,C10-S951_X_K,P_IUSE,PC_EMP_CUSE2,EA,,NaN,,NaN
A,GE10,C10-S951_X_K,P_IUSE,PC_EMP_CUSE2,EE,,NaN,,NaN
A,GE10,C10-S951_X_K,P_IUSE,PC_EMP_CUSE2,EL,,NaN,,NaN
A,GE10,C10-S951_X_K,P_IUSE,PC_EMP_CUSE2,ES,,NaN,,NaN
A,GE10,C10-S951_X_K,P_IUSE,PC_EMP_CUSE2,EU15,,NaN,,NaN
A,GE10,C10-S951_X_K,P_IUSE,PC_EMP_CUSE2,EU27_2007,,NaN,,NaN
A,GE10,C10-S951_X_K,P_IUSE,PC_EMP_CUSE2,EU27_2020,,NaN,,NaN
A,GE10,C10-S951_X_K,P_IUSE,PC_EMP_CUSE2,EU28,,NaN,,NaN
A,GE10,C10-S951_X_K,P_IUSE,PC_EMP_CUSE2,FI,,NaN,,NaN
A,GE10,C10-S951_X_K,P_IUSE,PC_EMP_CUSE2,FR,,NaN,,NaN
A,GE10,C10-S951_X_K,P_IUSE,PC_EMP_CUSE2,HR,,NaN,,NaN
A,GE10,C10-S951_X_K,P_IUSE,PC_EMP_CUSE2,HU,,NaN,,NaN
A,GE10,C10-S951_X_K,P_IUSE,PC_EMP_CUSE2,IE,,NaN,,NaN
A,GE10,C10-S951_X_K,P_IUSE,PC_EMP_CUSE2,IS,,NaN,,NaN
A,GE10,C10-S951_X_K,P_IUSE,PC_EMP_CUSE2,IT,,NaN,,NaN
A,GE10,C10-S951_X_K,P_IUSE,PC_EMP_CUSE2,LT,,NaN,,NaN
A,GE10,C10-S951_X_K,P_IUSE,PC_EMP_CUSE2,LU,,NaN,,NaN
A,GE10,C10-S951_X_K,P_IUSE,PC_EMP_CUSE2,LV,,NaN,,NaN
A,GE10,C10-S951_X_K,P_IUSE,PC_EMP_CUSE2,MK,,NaN,,NaN
A,GE10,C10-S951_X_K,P_IUSE,PC_EMP_CUSE2,MT,,NaN,,NaN
A,GE10,C10-S951_X_K,P_IUSE,PC_EMP_CUSE2,NL,,NaN,,NaN
A,GE10,C10-S951_X_K,P_IUSE,PC_EMP_CUSE2,NO,,NaN,,NaN
A,GE10,C10-S951_X_K,P_IUSE,PC_EMP_CUSE2,PL,,NaN,,NaN
A,GE10,C10-S951_X_K,P_IUSE,PC_EMP_CUSE2,PT,,NaN,,NaN
A,GE10,C10-S951_X_K,P_IUSE,PC_EMP_CUSE2,RO,,NaN,,NaN
A,GE10,C10-S951_X_K,P_IUSE,PC_EMP_CUSE2,RS,,NaN,,NaN
A,GE10,C10-S951_X_K,P_IUSE,PC_EMP_CUSE2,SE,,NaN,,NaN
A,GE10,C10-S951_X_K,P_IUSE,PC_EMP_CUSE2,SI,,NaN,,NaN
A,GE10,C10-S951_X_K,P_IUSE,PC_EMP_CUSE2,SK,,NaN,,NaN
A,GE10,C10-S951_X_K,P_IUSE,PC_EMP_CUSE2,TR,,NaN,,NaN
A,GE10,C10-S951_X_K,P_IUSE,PC_EMP_CUSE2,UK,,NaN,,NaN
A,GE10,C10-S951_X_K,P_IUSE,PC_EMP_IACC,AT,,NaN,,NaN
A,GE10,C10-S951_X_K,P_IUSE,PC_EMP_IACC,BE,,NaN,,NaN
A,GE10,C10-S951_X_K,P_IUSE,PC_EMP_IACC,BG,,NaN,,NaN
A,GE10,C10-S951_X_K,P_IUSE,PC_EMP_IACC,CY,,NaN,,NaN
A,GE10,C10-S951_X_K,P_IUSE,PC_EMP_IACC,CZ,,NaN,,NaN
A,GE10,C10-S951_X_K,P_IUSE,PC_EMP_IACC,DE,,NaN,,NaN
A,GE10,C10-S951_X_K,P_IUSE,PC_EMP_IACC,DK,,NaN,,NaN
A,GE10,C10-S951_X_K,P_IUSE,PC_EMP_IACC,EA,,NaN,,NaN
A,GE10,C10-S951_X_K,P_IUSE,PC_EMP_IACC,EE,,NaN,,NaN
A,GE10,C10-S951_X_K,P_IUSE,PC_EMP_IACC,EL,,NaN,,NaN
A,GE10,C10-S951_X_K,P_IUSE,PC_EMP_IACC,ES,,NaN,,NaN
A,GE10,C10-S951_X_K,P_IUSE,PC_EMP_IACC,EU15,,NaN,,NaN
A,GE10,C10-S951_X_K,P_IUSE,PC_EMP_IACC,EU27_2007,,NaN,,NaN
A,GE10,C10-S951_X_K,P_IUSE,PC_EMP_IACC,EU27_2020,,NaN,,NaN
A,GE10,C10-S951_X_K,P_IUSE,PC_EMP_IACC,EU28,,NaN,,NaN
A,GE10,C10-S951_X_K,P_IUSE,PC_EMP_IACC,FI,,NaN,,NaN
A,GE10,C10-S951_X_K,P_IUSE,PC_EMP_IACC,FR,,NaN,,NaN
A,GE10,C10-S951_X_K,P_IUSE,PC_EMP_IACC,HR,,NaN,,NaN
A,GE10,C10-S951_X_K,P_IUSE,PC_EMP_IACC,HU,,NaN,,NaN
A,GE10,C10-S951_X_K,P_IUSE,PC_EMP_IACC,IE,,NaN,,NaN
A,GE10,C10-S951_X_K,P_IUSE,PC_EMP_IACC,IS,,NaN,,NaN
A,GE10,C10-S951_X_K,P_IUSE,PC_EMP_IACC,IT,,NaN,,NaN
A,GE10,C10-S951_X_K,P_IUSE,PC_EMP_IACC,LT,,NaN,,NaN
A,GE10,C10-S951_X_K,P_IUSE,PC_EMP_IACC,LU,,NaN,,NaN
A,GE10,C10-S951_X_K,P_IUSE,PC_EMP_IACC,LV,,NaN,,NaN
A,GE10,C10-S951_X_K,P_IUSE,PC_EMP_IACC,MK,,NaN,,NaN
A,GE10,C10-S951_X_K,P_IUSE,PC_EMP_IACC,MT,,NaN,,NaN
A,GE10,C10-S951_X_K,P_IUSE,PC_EMP_IACC,NL,,NaN,,NaN
A,GE10,C10-S951_X_K,P_IUSE,PC_EMP_IACC,NO,,NaN,,NaN
A,GE10,C10-S951_X_K,P_IUSE,PC_EMP_IACC,PL,,NaN,,NaN
A,GE10,C10-S951_X_K,P_IUSE,PC_EMP_IACC,PT,,NaN,,NaN
A,GE10,C10-S951_X_K,P_IUSE,PC_EMP_IACC,RO,,NaN,,NaN
A,GE10,C10-S951_X_K,P_IUSE,PC_EMP_IACC,RS,,NaN,,NaN
A,GE10,C10-S951_X_K,P_IUSE,PC_EMP_IACC,SE,,NaN,,NaN
A,GE10,C10-S951_X_K,P_IUSE,PC_EMP_IACC,SI,,NaN,,NaN
A,GE10,C10-S951_X_K,P_IUSE,PC_EMP_IACC,SK,,NaN,,NaN
A,GE10,C10-S951_X_K,P_IUSE,PC_EMP_IACC,TR,,NaN,,NaN
A,GE10,C10-S951_X_K,P_IUSE,PC_EMP_IACC,UK,,NaN,,NaN
A,GE10,C13-C15,P_CUSE,PC_EMP,AT,,NaN,,NaN
A,GE10,C13-C15,P_CUSE,PC_EMP,BA,,NaN,,NaN
A,GE10,C13-C15,P_CUSE,PC_EMP,BE,43.24,NaN,,NaN
A,GE10,C13-C15,P_CUSE,PC_EMP,BG,8.28,NaN,,NaN
A,GE10,C13-C15,P_CUSE,PC_EMP,CY,41.81,NaN,,NaN
A,GE10,C13-C15,P_CUSE,PC_EMP,CZ,27.68,NaN,,NaN
A,GE10,C13-C15,P_CUSE,PC_EMP,DE,51.69,NaN,,NaN
A,GE10,C13-C15,P_CUSE,PC_EMP,DK,,NaN,,NaN
A,GE10,C13-C15,P_CUSE,PC_EMP,EA,36.98,NaN,,NaN
A,GE10,C13-C15,P_CUSE,PC_EMP,EE,22.67,NaN,,NaN
A,GE10,C13-C15,P_CUSE,PC_EMP,EL,34.39,NaN,,NaN
A,GE10,C13-C15,P_CUSE,PC_EMP,ES,,u,,NaN
A,GE10,C13-C15,P_CUSE,PC_EMP,EU15,38.59,NaN,,NaN
A,GE10,C13-C15,P_CUSE,PC_EMP,EU25,,NaN,,NaN
A,GE10,C13-C15,P_CUSE,PC_EMP,EU27_2007,26.93,NaN,,NaN
A,GE10,C13-C15,P_CUSE,PC_EMP,EU27_2020,26.35,NaN,,NaN
A,GE10,C13-C15,P_CUSE,PC_EMP,EU28,26.92,NaN,,NaN
A,GE10,C13-C15,P_CUSE,PC_EMP,FI,51.8,NaN,,NaN
A,GE10,C13-C15,P_CUSE,PC_EMP,FR,,NaN,,NaN
A,GE10,C13-C15,P_CUSE,PC_EMP,HR,26.3,NaN,,NaN
A,GE10,C13-C15,P_CUSE,PC_EMP,HU,17.79,NaN,,NaN
A,GE10,C13-C15,P_CUSE,PC_EMP,IE,38.55,NaN,,NaN
A,GE10,C13-C15,P_CUSE,PC_EMP,IS,,NaN,,NaN
A,GE10,C13-C15,P_CUSE,PC_EMP,IT,38.5,NaN,,NaN
A,GE10,C13-C15,P_CUSE,PC_EMP,LT,18.83,NaN,,NaN
A,GE10,C13-C15,P_CUSE,PC_EMP,LU,,NaN,,NaN
A,GE10,C13-C15,P_CUSE,PC_EMP,LV,,NaN,,NaN
A,GE10,C13-C15,P_CUSE,PC_EMP,ME,,u,,NaN
A,GE10,C13-C15,P_CUSE,PC_EMP,MK,6.0,NaN,,NaN
A,GE10,C13-C15,P_CUSE,PC_EMP,MT,,NaN,,NaN
A,GE10,C13-C15,P_CUSE,PC_EMP,NL,59.38,NaN,,NaN
A,GE10,C13-C15,P_CUSE,PC_EMP,NO,52.0,NaN,,NaN
A,GE10,C13-C15,P_CUSE,PC_EMP,PL,17.08,NaN,,NaN
A,GE10,C13-C15,P_CUSE,PC_EMP,PT,18.62,NaN,,NaN
A,GE10,C13-C15,P_CUSE,PC_EMP,RO,8.9,NaN,,NaN
A,GE10,C13-C15,P_CUSE,PC_EMP,RS,,NaN,,NaN
A,GE10,C13-C15,P_CUSE,PC_EMP,SE,,NaN,,NaN
A,GE10,C13-C15,P_CUSE,PC_EMP,SI,,u,,NaN
A,GE10,C13-C15,P_CUSE,PC_EMP,SK,16.08,NaN,,NaN
A,GE10,C13-C15,P_CUSE,PC_EMP,TR,,NaN,,NaN
A,GE10,C13-C15,P_CUSE,PC_EMP,UK,38.17,NaN,,NaN
A,GE10,C13-C15,P_CUSE,PC_EMP_CUSE2,AT,,NaN,,NaN
A,GE10,C13-C15,P_CUSE,PC_EMP_CUSE2,BE,,NaN,,NaN
A,GE10,C13-C15,P_CUSE,PC_EMP_CUSE2,BG,,NaN,,NaN
A,GE10,C13-C15,P_CUSE,PC_EMP_CUSE2,CY,,NaN,,NaN
A,GE10,C13-C15,P_CUSE,PC_EMP_CUSE2,CZ,,NaN,,NaN
A,GE10,C13-C15,P_CUSE,PC_EMP_CUSE2,DE,,NaN,,NaN
A,GE10,C13-C15,P_CUSE,PC_EMP_CUSE2,DK,,NaN,,NaN
A,GE10,C13-C15,P_CUSE,PC_EMP_CUSE2,EA,,NaN,,NaN
A,GE10,C13-C15,P_CUSE,PC_EMP_CUSE2,EE,,NaN,,NaN
A,GE10,C13-C15,P_CUSE,PC_EMP_CUSE2,EL,,NaN,,NaN
A,GE10,C13-C15,P_CUSE,PC_EMP_CUSE2,ES,,NaN,,NaN
A,GE10,C13-C15,P_CUSE,PC_EMP_CUSE2,EU15,,NaN,,NaN
A,GE10,C13-C15,P_CUSE,PC_EMP_CUSE2,EU27_2007,,NaN,,NaN
A,GE10,C13-C15,P_CUSE,PC_EMP_CUSE2,EU27_2020,,NaN,,NaN
A,GE10,C13-C15,P_CUSE,PC_EMP_CUSE2,EU28,,NaN,,NaN
A,GE10,C13-C15,P_CUSE,PC_EMP_CUSE2,FI,,NaN,,NaN
A,GE10,C13-C15,P_CUSE,PC_EMP_CUSE2,FR,,NaN,,NaN
A,GE10,C13-C15,P_CUSE,PC_EMP_CUSE2,HR,,NaN,,NaN
A,GE10,C13-C15,P_CUSE,PC_EMP_CUSE2,HU,,NaN,,NaN
A,GE10,C13-C15,P_CUSE,PC_EMP_CUSE2,IE,,NaN,,NaN
A,GE10,C13-C15,P_CUSE,PC_EMP_CUSE2,IT,,NaN,,NaN
A,GE10,C13-C15,P_CUSE,PC_EMP_CUSE2,LT,,NaN,,NaN
A,GE10,C13-C15,P_CUSE,PC_EMP_CUSE2,MK,,NaN,,NaN
A,GE10,C13-C15,P_CUSE,PC_EMP_CUSE2,MT,,NaN,,NaN
A,GE10,C13-C15,P_CUSE,PC_EMP_CUSE2,NL,,NaN,,NaN
A,GE10,C13-C15,P_CUSE,PC_EMP_CUSE2,NO,,NaN,,NaN
A,GE10,C13-C15,P_CUSE,PC_EMP_CUSE2,PL,,NaN,,NaN
A,GE10,C13-C15,P_CUSE,PC_EMP_CUSE2,PT,,NaN,,NaN
A,GE10,C13-C15,P_CUSE,PC_EMP_CUSE2,RO,,NaN,,NaN
A,GE10,C13-C15,P_CUSE,PC_EMP_CUSE2,RS,,NaN,,NaN
A,GE10,C13-C15,P_CUSE,PC_EMP_CUSE2,SI,,NaN,,NaN
A,GE10,C13-C15,P_CUSE,PC_EMP_CUSE2,SK,,NaN,,NaN
A,GE10,C13-C15,P_CUSE,PC_EMP_CUSE2,UK,,NaN,,NaN
A,GE10,C13-C15,P_IUSE,PC_EMP,AL,,NaN,,NaN
A,GE10,C13-C15,P_IUSE,PC_EMP,AT,,u,,u
A,GE10,C13-C15,P_IUSE,PC_EMP,BA,,NaN,11.59,NaN
A,GE10,C13-C15,P_IUSE,PC_EMP,BE,34.79,NaN,41.9,NaN
A,GE10,C13-C15,P_IUSE,PC_EMP,BG,6.22,NaN,9.6,NaN
A,GE10,C13-C15,P_IUSE,PC_EMP,CY,36.16,NaN,45.84,NaN
A,GE10,C13-C15,P_IUSE,PC_EMP,CZ,22.1,NaN,27.61,NaN
A,GE10,C13-C15,P_IUSE,PC_EMP,DE,41.49,NaN,46.84,NaN
A,GE10,C13-C15,P_IUSE,PC_EMP,DK,67.36,NaN,70.79,NaN
A,GE10,C13-C15,P_IUSE,PC_EMP,EA,32.36,NaN,37.53,NaN
A,GE10,C13-C15,P_IUSE,PC_EMP,EE,20.54,NaN,26.77,NaN
A,GE10,C13-C15,P_IUSE,PC_EMP,EL,28.59,NaN,,u
A,GE10,C13-C15,P_IUSE,PC_EMP,ES,,u,,u
A,GE10,C13-C15,P_IUSE,PC_EMP,EU15,34.12,NaN,,NaN
A,GE10,C13-C15,P_IUSE,PC_EMP,EU25,,NaN,,NaN
A,GE10,C13-C15,P_IUSE,PC_EMP,EU27_2007,24.19,NaN,,NaN
A,GE10,C13-C15,P_IUSE,PC_EMP,EU27_2020,23.59,NaN,29.35,NaN
A,GE10,C13-C15,P_IUSE,PC_EMP,EU28,24.02,NaN,,NaN
A,GE10,C13-C15,P_IUSE,PC_EMP,FI,50.09,NaN,,u
A,GE10,C13-C15,P_IUSE,PC_EMP,FR,47.7,NaN,46.53,NaN
A,GE10,C13-C15,P_IUSE,PC_EMP,HR,14.67,NaN,18.78,NaN
A,GE10,C13-C15,P_IUSE,PC_EMP,HU,14.27,NaN,15.89,NaN
A,GE10,C13-C15,P_IUSE,PC_EMP,IE,35.09,NaN,36.38,NaN
A,GE10,C13-C15,P_IUSE,PC_EMP,IS,,NaN,100.0,NaN
A,GE10,C13-C15,P_IUSE,PC_EMP,IT,31.78,NaN,39.64,NaN
A,GE10,C13-C15,P_IUSE,PC_EMP,LT,16.69,NaN,31.25,NaN
A,GE10,C13-C15,P_IUSE,PC_EMP,LU,,NaN,,NaN
A,GE10,C13-C15,P_IUSE,PC_EMP,LV,16.84,NaN,18.31,NaN
A,GE10,C13-C15,P_IUSE,PC_EMP,ME,,u,,u
A,GE10,C13-C15,P_IUSE,PC_EMP,MK,5.07,NaN,8.53,NaN
A,GE10,C13-C15,P_IUSE,PC_EMP,MT,,u,,u
A,GE10,C13-C15,P_IUSE,PC_EMP,NL,51.44,NaN,52.14,NaN
A,GE10,C13-C15,P_IUSE,PC_EMP,NO,48.24,NaN,66.29,NaN
A,GE10,C13-C15,P_IUSE,PC_EMP,PL,15.22,NaN,23.25,NaN
A,GE10,C13-C15,P_IUSE,PC_EMP,PT,15.41,NaN,18.7,NaN
A,GE10,C13-C15,P_IUSE,PC_EMP,RO,7.48,NaN,10.1,NaN
A,GE10,C13-C15,P_IUSE,PC_EMP,RS,,NaN,18.02,NaN
A,GE10,C13-C15,P_IUSE,PC_EMP,SE,58.33,NaN,69.9,NaN
A,GE10,C13-C15,P_IUSE,PC_EMP,SI,22.99,NaN,36.26,NaN
A,GE10,C13-C15,P_IUSE,PC_EMP,SK,11.65,NaN,15.9,NaN
A,GE10,C13-C15,P_IUSE,PC_EMP,TR,16.16,NaN,,NaN
A,GE10,C13-C15,P_IUSE,PC_EMP,UK,33.21,NaN,38.93,NaN
A,GE10,C13-C15,P_IUSE,PC_EMP_CUSE,AT,,NaN,,NaN
A,GE10,C13-C15,P_IUSE,PC_EMP_CUSE,BA,,NaN,,NaN
A,GE10,C13-C15,P_IUSE,PC_EMP_CUSE,BE,80.44,NaN,,NaN
A,GE10,C13-C15,P_IUSE,PC_EMP_CUSE,BG,75.17,NaN,,NaN
A,GE10,C13-C15,P_IUSE,PC_EMP_CUSE,CY,86.49,NaN,,NaN
A,GE10,C13-C15,P_IUSE,PC_EMP_CUSE,CZ,79.83,NaN,,NaN
A,GE10,C13-C15,P_IUSE,PC_EMP_CUSE,DE,80.26,NaN,,NaN
A,GE10,C13-C15,P_IUSE,PC_EMP_CUSE,DK,,NaN,,NaN
A,GE10,C13-C15,P_IUSE,PC_EMP_CUSE,EA,82.14,NaN,,NaN
A,GE10,C13-C15,P_IUSE,PC_EMP_CUSE,EE,90.6,NaN,,NaN
A,GE10,C13-C15,P_IUSE,PC_EMP_CUSE,EL,83.14,NaN,,NaN
A,GE10,C13-C15,P_IUSE,PC_EMP_CUSE,ES,,u,,NaN
A,GE10,C13-C15,P_IUSE,PC_EMP_CUSE,EU15,82.67,NaN,,NaN
A,GE10,C13-C15,P_IUSE,PC_EMP_CUSE,EU25,,NaN,,NaN
A,GE10,C13-C15,P_IUSE,PC_EMP_CUSE,EU27_2007,82.76,NaN,,NaN
A,GE10,C13-C15,P_IUSE,PC_EMP_CUSE,EU27_2020,81.91,NaN,,NaN
A,GE10,C13-C15,P_IUSE,PC_EMP_CUSE,EU28,82.26,NaN,,NaN
A,GE10,C13-C15,P_IUSE,PC_EMP_CUSE,FI,96.7,NaN,,NaN
A,GE10,C13-C15,P_IUSE,PC_EMP_CUSE,FR,,NaN,,NaN
A,GE10,C13-C15,P_IUSE,PC_EMP_CUSE,HR,55.8,NaN,,NaN
A,GE10,C13-C15,P_IUSE,PC_EMP_CUSE,HU,80.21,NaN,,NaN
A,GE10,C13-C15,P_IUSE,PC_EMP_CUSE,IE,91.02,NaN,,NaN
A,GE10,C13-C15,P_IUSE,PC_EMP_CUSE,IS,,NaN,,NaN
A,GE10,C13-C15,P_IUSE,PC_EMP_CUSE,IT,82.53,NaN,,NaN
A,GE10,C13-C15,P_IUSE,PC_EMP_CUSE,LT,88.66,NaN,,NaN
A,GE10,C13-C15,P_IUSE,PC_EMP_CUSE,LU,,NaN,,NaN
A,GE10,C13-C15,P_IUSE,PC_EMP_CUSE,LV,,NaN,,NaN
A,GE10,C13-C15,P_IUSE,PC_EMP_CUSE,ME,,u,,NaN
A,GE10,C13-C15,P_IUSE,PC_EMP_CUSE,MK,84.42,NaN,,NaN
A,GE10,C13-C15,P_IUSE,PC_EMP_CUSE,MT,,NaN,,NaN
A,GE10,C13-C15,P_IUSE,PC_EMP_CUSE,NL,86.62,NaN,,NaN
A,GE10,C13-C15,P_IUSE,PC_EMP_CUSE,NO,92.77,NaN,,NaN
A,GE10,C13-C15,P_IUSE,PC_EMP_CUSE,PL,89.1,NaN,,NaN
A,GE10,C13-C15,P_IUSE,PC_EMP_CUSE,PT,82.74,NaN,,NaN
A,GE10,C13-C15,P_IUSE,PC_EMP_CUSE,RO,84.04,NaN,,NaN
A,GE10,C13-C15,P_IUSE,PC_EMP_CUSE,RS,,NaN,,NaN
A,GE10,C13-C15,P_IUSE,PC_EMP_CUSE,SE,,NaN,,NaN
A,GE10,C13-C15,P_IUSE,PC_EMP_CUSE,SI,69.87,NaN,,NaN
A,GE10,C13-C15,P_IUSE,PC_EMP_CUSE,SK,72.47,NaN,,NaN
A,GE10,C13-C15,P_IUSE,PC_EMP_CUSE,TR,,NaN,,NaN
A,GE10,C13-C15,P_IUSE,PC_EMP_CUSE,UK,87.01,NaN,,NaN
A,GE10,C13-C15,P_IUSE,PC_EMP_CUSE2,AT,,NaN,,NaN
A,GE10,C13-C15,P_IUSE,PC_EMP_CUSE2,BE,,NaN,,NaN
A,GE10,C13-C15,P_IUSE,PC_EMP_CUSE2,BG,,NaN,,NaN
A,GE10,C13-C15,P_IUSE,PC_EMP_CUSE2,CY,,NaN,,NaN
A,GE10,C13-C15,P_IUSE,PC_EMP_CUSE2,CZ,,NaN,,NaN
A,GE10,C13-C15,P_IUSE,PC_EMP_CUSE2,DE,,NaN,,NaN
A,GE10,C13-C15,P_IUSE,PC_EMP_CUSE2,DK,,NaN,,NaN
A,GE10,C13-C15,P_IUSE,PC_EMP_CUSE2,EA,,NaN,,NaN
A,GE10,C13-C15,P_IUSE,PC_EMP_CUSE2,EE,,NaN,,NaN
A,GE10,C13-C15,P_IUSE,PC_EMP_CUSE2,EL,,NaN,,NaN
A,GE10,C13-C15,P_IUSE,PC_EMP_CUSE2,ES,,NaN,,NaN
A,GE10,C13-C15,P_IUSE,PC_EMP_CUSE2,EU15,,NaN,,NaN
A,GE10,C13-C15,P_IUSE,PC_EMP_CUSE2,EU27_2007,,NaN,,NaN
A,GE10,C13-C15,P_IUSE,PC_EMP_CUSE2,EU27_2020,,NaN,,NaN
A,GE10,C13-C15,P_IUSE,PC_EMP_CUSE2,EU28,,NaN,,NaN
A,GE10,C13-C15,P_IUSE,PC_EMP_CUSE2,FI,,NaN,,NaN
A,GE10,C13-C15,P_IUSE,PC_EMP_CUSE2,FR,,NaN,,NaN
A,GE10,C13-C15,P_IUSE,PC_EMP_CUSE2,HR,,NaN,,NaN
A,GE10,C13-C15,P_IUSE,PC_EMP_CUSE2,HU,,NaN,,NaN
A,GE10,C13-C15,P_IUSE,PC_EMP_CUSE2,IE,,NaN,,NaN
A,GE10,C13-C15,P_IUSE,PC_EMP_CUSE2,IS,,NaN,,NaN
A,GE10,C13-C15,P_IUSE,PC_EMP_CUSE2,IT,,NaN,,NaN
A,GE10,C13-C15,P_IUSE,PC_EMP_CUSE2,LT,,NaN,,NaN
A,GE10,C13-C15,P_IUSE,PC_EMP_CUSE2,LU,,NaN,,NaN
A,GE10,C13-C15,P_IUSE,PC_EMP_CUSE2,LV,,NaN,,NaN
A,GE10,C13-C15,P_IUSE,PC_EMP_CUSE2,MK,,NaN,,NaN
A,GE10,C13-C15,P_IUSE,PC_EMP_CUSE2,MT,,NaN,,NaN
A,GE10,C13-C15,P_IUSE,PC_EMP_CUSE2,NL,,NaN,,NaN
A,GE10,C13-C15,P_IUSE,PC_EMP_CUSE2,NO,,NaN,,NaN
A,GE10,C13-C15,P_IUSE,PC_EMP_CUSE2,PL,,NaN,,NaN
A,GE10,C13-C15,P_IUSE,PC_EMP_CUSE2,PT,,NaN,,NaN
A,GE10,C13-C15,P_IUSE,PC_EMP_CUSE2,RO,,NaN,,NaN
A,GE10,C13-C15,P_IUSE,PC_EMP_CUSE2,RS,,NaN,,NaN
A,GE10,C13-C15,P_IUSE,PC_EMP_CUSE2,SE,,NaN,,NaN
A,GE10,C13-C15,P_IUSE,PC_EMP_CUSE2,SI,,NaN,,NaN
A,GE10,C13-C15,P_IUSE,PC_EMP_CUSE2,SK,,NaN,,NaN
A,GE10,C13-C15,P_IUSE,PC_EMP_CUSE2,TR,,NaN,,NaN
A,GE10,C13-C15,P_IUSE,PC_EMP_CUSE2,UK,,NaN,,NaN
A,GE10,C13-C15,P_IUSE,PC_EMP_IACC,AT,,NaN,,NaN
A,GE10,C13-C15,P_IUSE,PC_EMP_IACC,BE,,NaN,,NaN
A,GE10,C13-C15,P_IUSE,PC_EMP_IACC,BG,,NaN,,NaN
A,GE10,C13-C15,P_IUSE,PC_EMP_IACC,CY,,NaN,,NaN
A,GE10,C13-C15,P_IUSE,PC_EMP_IACC,CZ,,NaN,,NaN
A,GE10,C13-C15,P_IUSE,PC_EMP_IACC,DE,,NaN,,NaN
A,GE10,C13-C15,P_IUSE,PC_EMP_IACC,DK,,NaN,,NaN
A,GE10,C13-C15,P_IUSE,PC_EMP_IACC,EA,,NaN,,NaN
A,GE10,C13-C15,P_IUSE,PC_EMP_IACC,EE,,NaN,,NaN
A,GE10,C13-C15,P_IUSE,PC_EMP_IACC,EL,,NaN,,NaN
A,GE10,C13-C15,P_IUSE,PC_EMP_IACC,ES,,NaN,,NaN
A,GE10,C13-C15,P_IUSE,PC_EMP_IACC,EU15,,NaN,,NaN
A,GE10,C13-C15,P_IUSE,PC_EMP_IACC,EU27_2007,,NaN,,NaN
A,GE10,C13-C15,P_IUSE,PC_EMP_IACC,EU27_2020,,NaN,,NaN
A,GE10,C13-C15,P_IUSE,PC_EMP_IACC,EU28,,NaN,,NaN
A,GE10,C13-C15,P_IUSE,PC_EMP_IACC,FI,,NaN,,NaN
A,GE10,C13-C15,P_IUSE,PC_EMP_IACC,FR,,NaN,,NaN
A,GE10,C13-C15,P_IUSE,PC_EMP_IACC,HR,,NaN,,NaN
A,GE10,C13-C15,P_IUSE,PC_EMP_IACC,HU,,NaN,,NaN
A,GE10,C13-C15,P_IUSE,PC_EMP_IACC,IE,,NaN,,NaN
A,GE10,C13-C15,P_IUSE,PC_EMP_IACC,IS,,NaN,,NaN
A,GE10,C13-C15,P_IUSE,PC_EMP_IACC,IT,,NaN,,NaN
A,GE10,C13-C15,P_IUSE,PC_EMP_IACC,LT,,NaN,,NaN
A,GE10,C13-C15,P_IUSE,PC_EMP_IACC,LU,,NaN,,NaN
A,GE10,C13-C15,P_IUSE,PC_EMP_IACC,LV,,NaN,,NaN
A,GE10,C13-C15,P_IUSE,PC_EMP_IACC,MK,,NaN,,NaN
A,GE10,C13-C15,P_IUSE,PC_EMP_IACC,MT,,NaN,,NaN
A,GE10,C13-C15,P_IUSE,PC_EMP_IACC,NL,,NaN,,NaN
A,GE10,C13-C15,P_IUSE,PC_EMP_IACC,NO,,NaN,,NaN
A,GE10,C13-C15,P_IUSE,PC_EMP_IACC,PL,,NaN,,NaN
A,GE10,C13-C15,P_IUSE,PC_EMP_IACC,PT,,NaN,,NaN
A,GE10,C13-C15,P_IUSE,PC_EMP_IACC,RO,,NaN,,NaN
A,GE10,C13-C15,P_IUSE,PC_EMP_IACC,RS,,NaN,,NaN
A,GE10,C13-C15,P_IUSE,PC_EMP_IACC,SE,,NaN,,NaN
A,GE10,C13-C15,P_IUSE,PC_EMP_IACC,SI,,NaN,,NaN
A,GE10,C13-C15,P_IUSE,PC_EMP_IACC,SK,,NaN,,NaN
A,GE10,C13-C15,P_IUSE,PC_EMP_IACC,TR,,NaN,,NaN
A,GE10,C13-C15,P_IUSE,PC_EMP_IACC,UK,,NaN,,NaN
A,GE10,C16-C18,P_CUSE,PC_EMP,AT,,NaN,,NaN
A,GE10,C16-C18,P_CUSE,PC_EMP,BA,,NaN,,NaN
A,GE10,C16-C18,P_CUSE,PC_EMP,BE,55.66,NaN,,NaN
A,GE10,C16-C18,P_CUSE,PC_EMP,BG,22.26,NaN,,NaN
A,GE10,C16-C18,P_CUSE,PC_EMP,CY,29.99,NaN,,NaN
A,GE10,C16-C18,P_CUSE,PC_EMP,CZ,75.62,NaN,,NaN
A,GE10,C16-C18,P_CUSE,PC_EMP,DE,53.27,NaN,,NaN
A,GE10,C16-C18,P_CUSE,PC_EMP,DK,,NaN,,NaN
A,GE10,C16-C18,P_CUSE,PC_EMP,EA,50.26,NaN,,NaN
A,GE10,C16-C18,P_CUSE,PC_EMP,EE,30.58,NaN,,NaN
A,GE10,C16-C18,P_CUSE,PC_EMP,EL,44.54,NaN,,NaN
A,GE10,C16-C18,P_CUSE,PC_EMP,ES,,u,,NaN
A,GE10,C16-C18,P_CUSE,PC_EMP,EU15,53.28,NaN,,NaN
A,GE10,C16-C18,P_CUSE,PC_EMP,EU25,,NaN,,NaN
A,GE10,C16-C18,P_CUSE,PC_EMP,EU27_2007,49.25,NaN,,NaN
A,GE10,C16-C18,P_CUSE,PC_EMP,EU27_2020,47.61,NaN,,NaN
A,GE10,C16-C18,P_CUSE,PC_EMP,EU28,48.94,NaN,,NaN
A,GE10,C16-C18,P_CUSE,PC_EMP,FI,75.76,NaN,,NaN
A,GE10,C16-C18,P_CUSE,PC_EMP,FR,,NaN,,NaN
A,GE10,C16-C18,P_CUSE,PC_EMP,HR,25.93,NaN,,NaN
A,GE10,C16-C18,P_CUSE,PC_EMP,HU,39.3,NaN,,NaN
A,GE10,C16-C18,P_CUSE,PC_EMP,IE,50.18,NaN,,NaN
A,GE10,C16-C18,P_CUSE,PC_EMP,IS,,NaN,,NaN
A,GE10,C16-C18,P_CUSE,PC_EMP,IT,45.48,NaN,,NaN
A,GE10,C16-C18,P_CUSE,PC_EMP,LT,25.24,NaN,,NaN
A,GE10,C16-C18,P_CUSE,PC_EMP,LU,,NaN,,NaN
A,GE10,C16-C18,P_CUSE,PC_EMP,LV,,NaN,,NaN
A,GE10,C16-C18,P_CUSE,PC_EMP,ME,,u,,NaN
A,GE10,C16-C18,P_CUSE,PC_EMP,MK,30.8,NaN,,NaN
A,GE10,C16-C18,P_CUSE,PC_EMP,MT,,NaN,,NaN
A,GE10,C16-C18,P_CUSE,PC_EMP,NL,59.32,NaN,,NaN
A,GE10,C16-C18,P_CUSE,PC_EMP,NO,61.34,NaN,,NaN
A,GE10,C16-C18,P_CUSE,PC_EMP,PL,31.97,NaN,,NaN
A,GE10,C16-C18,P_CUSE,PC_EMP,PT,38.1,NaN,,NaN
A,GE10,C16-C18,P_CUSE,PC_EMP,RO,20.84,NaN,,NaN
A,GE10,C16-C18,P_CUSE,PC_EMP,RS,,NaN,,NaN
A,GE10,C16-C18,P_CUSE,PC_EMP,SE,,NaN,,NaN
A,GE10,C16-C18,P_CUSE,PC_EMP,SI,44.29,NaN,,NaN
A,GE10,C16-C18,P_CUSE,PC_EMP,SK,38.1,NaN,,NaN
A,GE10,C16-C18,P_CUSE,PC_EMP,TR,,NaN,,NaN
A,GE10,C16-C18,P_CUSE,PC_EMP,UK,59.06,NaN,,NaN
A,GE10,C16-C18,P_CUSE,PC_EMP_CUSE2,AT,,NaN,,NaN
A,GE10,C16-C18,P_CUSE,PC_EMP_CUSE2,BE,,NaN,,NaN
A,GE10,C16-C18,P_CUSE,PC_EMP_CUSE2,BG,,NaN,,NaN
A,GE10,C16-C18,P_CUSE,PC_EMP_CUSE2,CY,,NaN,,NaN
A,GE10,C16-C18,P_CUSE,PC_EMP_CUSE2,CZ,,NaN,,NaN
A,GE10,C16-C18,P_CUSE,PC_EMP_CUSE2,DE,,NaN,,NaN
A,GE10,C16-C18,P_CUSE,PC_EMP_CUSE2,DK,,NaN,,NaN
A,GE10,C16-C18,P_CUSE,PC_EMP_CUSE2,EA,,NaN,,NaN
A,GE10,C16-C18,P_CUSE,PC_EMP_CUSE2,EE,,NaN,,NaN
A,GE10,C16-C18,P_CUSE,PC_EMP_CUSE2,EL,,NaN,,NaN
A,GE10,C16-C18,P_CUSE,PC_EMP_CUSE2,ES,,NaN,,NaN
A,GE10,C16-C18,P_CUSE,PC_EMP_CUSE2,EU15,,NaN,,NaN
A,GE10,C16-C18,P_CUSE,PC_EMP_CUSE2,EU27_2007,,NaN,,NaN
A,GE10,C16-C18,P_CUSE,PC_EMP_CUSE2,EU27_2020,,NaN,,NaN
A,GE10,C16-C18,P_CUSE,PC_EMP_CUSE2,EU28,,NaN,,NaN
A,GE10,C16-C18,P_CUSE,PC_EMP_CUSE2,FI,,NaN,,NaN
A,GE10,C16-C18,P_CUSE,PC_EMP_CUSE2,FR,,NaN,,NaN
A,GE10,C16-C18,P_CUSE,PC_EMP_CUSE2,HR,,NaN,,NaN
A,GE10,C16-C18,P_CUSE,PC_EMP_CUSE2,HU,,NaN,,NaN
A,GE10,C16-C18,P_CUSE,PC_EMP_CUSE2,IE,,NaN,,NaN
A,GE10,C16-C18,P_CUSE,PC_EMP_CUSE2,IT,,NaN,,NaN
A,GE10,C16-C18,P_CUSE,PC_EMP_CUSE2,LT,,NaN,,NaN
A,GE10,C16-C18,P_CUSE,PC_EMP_CUSE2,MK,,NaN,,NaN
A,GE10,C16-C18,P_CUSE,PC_EMP_CUSE2,MT,,NaN,,NaN
A,GE10,C16-C18,P_CUSE,PC_EMP_CUSE2,NL,,NaN,,NaN
A,GE10,C16-C18,P_CUSE,PC_EMP_CUSE2,NO,,NaN,,NaN
A,GE10,C16-C18,P_CUSE,PC_EMP_CUSE2,PL,,NaN,,NaN
A,GE10,C16-C18,P_CUSE,PC_EMP_CUSE2,PT,,NaN,,NaN
A,GE10,C16-C18,P_CUSE,PC_EMP_CUSE2,RO,,NaN,,NaN
A,GE10,C16-C18,P_CUSE,PC_EMP_CUSE2,RS,,NaN,,NaN
A,GE10,C16-C18,P_CUSE,PC_EMP_CUSE2,SI,,NaN,,NaN
A,GE10,C16-C18,P_CUSE,PC_EMP_CUSE2,SK,,NaN,,NaN
A,GE10,C16-C18,P_CUSE,PC_EMP_CUSE2,UK,,NaN,,NaN
A,GE10,C16-C18,P_IUSE,PC_EMP,AT,41.38,NaN,,u
A,GE10,C16-C18,P_IUSE,PC_EMP,BA,,NaN,19.39,NaN
A,GE10,C16-C18,P_IUSE,PC_EMP,BE,39.16,NaN,48.16,NaN
A,GE10,C16-C18,P_IUSE,PC_EMP,BG,19.16,NaN,21.76,NaN
A,GE10,C16-C18,P_IUSE,PC_EMP,CY,26.07,NaN,29.06,NaN
A,GE10,C16-C18,P_IUSE,PC_EMP,CZ,11.12,NaN,38.3,NaN
A,GE10,C16-C18,P_IUSE,PC_EMP,DE,42.26,NaN,49.1,NaN
A,GE10,C16-C18,P_IUSE,PC_EMP,DK,54.19,NaN,57.8,NaN
A,GE10,C16-C18,P_IUSE,PC_EMP,EA,39.24,NaN,47.19,NaN
A,GE10,C16-C18,P_IUSE,PC_EMP,EE,26.75,NaN,31.84,NaN
A,GE10,C16-C18,P_IUSE,PC_EMP,EL,32.22,NaN,41.24,NaN
A,GE10,C16-C18,P_IUSE,PC_EMP,ES,,u,,u
A,GE10,C16-C18,P_IUSE,PC_EMP,EU15,43.81,NaN,,NaN
A,GE10,C16-C18,P_IUSE,PC_EMP,EU25,,NaN,,NaN
A,GE10,C16-C18,P_IUSE,PC_EMP,EU27_2007,36.43,NaN,,NaN
A,GE10,C16-C18,P_IUSE,PC_EMP,EU27_2020,34.81,NaN,43.89,NaN
A,GE10,C16-C18,P_IUSE,PC_EMP,EU28,36.29,NaN,,NaN
A,GE10,C16-C18,P_IUSE,PC_EMP,FI,65.72,NaN,,u
A,GE10,C16-C18,P_IUSE,PC_EMP,FR,39.06,NaN,47.78,NaN
A,GE10,C16-C18,P_IUSE,PC_EMP,HR,23.77,NaN,26.4,NaN
A,GE10,C16-C18,P_IUSE,PC_EMP,HU,31.35,NaN,36.86,NaN
A,GE10,C16-C18,P_IUSE,PC_EMP,IE,44.54,NaN,48.75,NaN
A,GE10,C16-C18,P_IUSE,PC_EMP,IS,,NaN,100.0,NaN
A,GE10,C16-C18,P_IUSE,PC_EMP,IT,35.01,NaN,45.49,NaN
A,GE10,C16-C18,P_IUSE,PC_EMP,LT,22.93,NaN,36.85,NaN
A,GE10,C16-C18,P_IUSE,PC_EMP,LU,,NaN,,NaN
A,GE10,C16-C18,P_IUSE,PC_EMP,LV,17.65,NaN,24.87,NaN
A,GE10,C16-C18,P_IUSE,PC_EMP,ME,,u,,u
A,GE10,C16-C18,P_IUSE,PC_EMP,MK,29.11,NaN,29.49,NaN
A,GE10,C16-C18,P_IUSE,PC_EMP,MT,35.9,NaN,52.35,NaN
A,GE10,C16-C18,P_IUSE,PC_EMP,NL,47.89,NaN,54.62,NaN
A,GE10,C16-C18,P_IUSE,PC_EMP,NO,51.99,NaN,67.98,NaN
A,GE10,C16-C18,P_IUSE,PC_EMP,PL,26.61,NaN,32.46,NaN
A,GE10,C16-C18,P_IUSE,PC_EMP,PT,31.27,NaN,36.2,NaN
A,GE10,C16-C18,P_IUSE,PC_EMP,RO,18.44,NaN,20.8,NaN
A,GE10,C16-C18,P_IUSE,PC_EMP,RS,,NaN,29.33,NaN
A,GE10,C16-C18,P_IUSE,PC_EMP,SE,73.98,NaN,75.05,NaN
A,GE10,C16-C18,P_IUSE,PC_EMP,SI,36.57,NaN,43.38,NaN
A,GE10,C16-C18,P_IUSE,PC_EMP,SK,26.91,NaN,32.04,NaN
A,GE10,C16-C18,P_IUSE,PC_EMP,TR,30.7,NaN,,NaN
A,GE10,C16-C18,P_IUSE,PC_EMP,UK,49.98,NaN,52.76,NaN
A,GE10,C16-C18,P_IUSE,PC_EMP_CUSE,AT,,NaN,,NaN
A,GE10,C16-C18,P_IUSE,PC_EMP_CUSE,BA,,NaN,,NaN
A,GE10,C16-C18,P_IUSE,PC_EMP_CUSE,BE,70.37,NaN,,NaN
A,GE10,C16-C18,P_IUSE,PC_EMP_CUSE,BG,86.09,NaN,,NaN
A,GE10,C16-C18,P_IUSE,PC_EMP_CUSE,CY,86.93,NaN,,NaN
A,GE10,C16-C18,P_IUSE,PC_EMP_CUSE,CZ,14.7,NaN,,NaN
A,GE10,C16-C18,P_IUSE,PC_EMP_CUSE,DE,79.32,NaN,,NaN
A,GE10,C16-C18,P_IUSE,PC_EMP_CUSE,DK,,NaN,,NaN
A,GE10,C16-C18,P_IUSE,PC_EMP_CUSE,EA,79.16,NaN,,NaN
A,GE10,C16-C18,P_IUSE,PC_EMP_CUSE,EE,87.49,NaN,,NaN
A,GE10,C16-C18,P_IUSE,PC_EMP_CUSE,EL,72.34,NaN,,NaN
A,GE10,C16-C18,P_IUSE,PC_EMP_CUSE,ES,,u,,NaN
A,GE10,C16-C18,P_IUSE,PC_EMP_CUSE,EU15,80.14,NaN,,NaN
A,GE10,C16-C18,P_IUSE,PC_EMP_CUSE,EU25,,NaN,,NaN
A,GE10,C16-C18,P_IUSE,PC_EMP_CUSE,EU27_2007,70.48,NaN,,NaN
A,GE10,C16-C18,P_IUSE,PC_EMP_CUSE,EU27_2020,68.36,NaN,,NaN
A,GE10,C16-C18,P_IUSE,PC_EMP_CUSE,EU28,70.63,NaN,,NaN
A,GE10,C16-C18,P_IUSE,PC_EMP_CUSE,FI,86.74,NaN,,NaN
A,GE10,C16-C18,P_IUSE,PC_EMP_CUSE,FR,,NaN,,NaN
A,GE10,C16-C18,P_IUSE,PC_EMP_CUSE,HR,91.69,NaN,,NaN
A,GE10,C16-C18,P_IUSE,PC_EMP_CUSE,HU,79.78,NaN,,NaN
A,GE10,C16-C18,P_IUSE,PC_EMP_CUSE,IE,88.76,NaN,,NaN
A,GE10,C16-C18,P_IUSE,PC_EMP_CUSE,IS,,NaN,,NaN
A,GE10,C16-C18,P_IUSE,PC_EMP_CUSE,IT,76.97,NaN,,NaN
A,GE10,C16-C18,P_IUSE,PC_EMP_CUSE,LT,90.84,NaN,,NaN
A,GE10,C16-C18,P_IUSE,PC_EMP_CUSE,LU,,NaN,,NaN
A,GE10,C16-C18,P_IUSE,PC_EMP_CUSE,LV,,NaN,,NaN
A,GE10,C16-C18,P_IUSE,PC_EMP_CUSE,ME,,u,,NaN
A,GE10,C16-C18,P_IUSE,PC_EMP_CUSE,MK,94.52,NaN,,NaN
A,GE10,C16-C18,P_IUSE,PC_EMP_CUSE,MT,,NaN,,NaN
A,GE10,C16-C18,P_IUSE,PC_EMP_CUSE,NL,80.73,NaN,,NaN
A,GE10,C16-C18,P_IUSE,PC_EMP_CUSE,NO,84.76,NaN,,NaN
A,GE10,C16-C18,P_IUSE,PC_EMP_CUSE,PL,83.25,NaN,,NaN
A,GE10,C16-C18,P_IUSE,PC_EMP_CUSE,PT,82.06,NaN,,NaN
A,GE10,C16-C18,P_IUSE,PC_EMP_CUSE,RO,88.45,NaN,,NaN
A,GE10,C16-C18,P_IUSE,PC_EMP_CUSE,RS,,NaN,,NaN
A,GE10,C16-C18,P_IUSE,PC_EMP_CUSE,SE,,NaN,,NaN
A,GE10,C16-C18,P_IUSE,PC_EMP_CUSE,SI,82.56,NaN,,NaN
A,GE10,C16-C18,P_IUSE,PC_EMP_CUSE,SK,70.64,NaN,,NaN
A,GE10,C16-C18,P_IUSE,PC_EMP_CUSE,TR,,NaN,,NaN
A,GE10,C16-C18,P_IUSE,PC_EMP_CUSE,UK,84.62,NaN,,NaN
A,GE10,C16-C18,P_IUSE,PC_EMP_CUSE2,AT,,NaN,,NaN
A,GE10,C16-C18,P_IUSE,PC_EMP_CUSE2,BE,,NaN,,NaN
A,GE10,C16-C18,P_IUSE,PC_EMP_CUSE2,BG,,NaN,,NaN
A,GE10,C16-C18,P_IUSE,PC_EMP_CUSE2,CY,,NaN,,NaN
A,GE10,C16-C18,P_IUSE,PC_EMP_CUSE2,CZ,,NaN,,NaN
A,GE10,C16-C18,P_IUSE,PC_EMP_CUSE2,DE,,NaN,,NaN
A,GE10,C16-C18,P_IUSE,PC_EMP_CUSE2,DK,,NaN,,NaN
A,GE10,C16-C18,P_IUSE,PC_EMP_CUSE2,EA,,NaN,,NaN
A,GE10,C16-C18,P_IUSE,PC_EMP_CUSE2,EE,,NaN,,NaN
A,GE10,C16-C18,P_IUSE,PC_EMP_CUSE2,EL,,NaN,,NaN
A,GE10,C16-C18,P_IUSE,PC_EMP_CUSE2,ES,,NaN,,NaN
A,GE10,C16-C18,P_IUSE,PC_EMP_CUSE2,EU15,,NaN,,NaN
A,GE10,C16-C18,P_IUSE,PC_EMP_CUSE2,EU27_2007,,NaN,,NaN
A,GE10,C16-C18,P_IUSE,PC_EMP_CUSE2,EU27_2020,,NaN,,NaN
A,GE10,C16-C18,P_IUSE,PC_EMP_CUSE2,EU28,,NaN,,NaN
A,GE10,C16-C18,P_IUSE,PC_EMP_CUSE2,FI,,NaN,,NaN
A,GE10,C16-C18,P_IUSE,PC_EMP_CUSE2,FR,,NaN,,NaN
A,GE10,C16-C18,P_IUSE,PC_EMP_CUSE2,HR,,NaN,,NaN
A,GE10,C16-C18,P_IUSE,PC_EMP_CUSE2,HU,,NaN,,NaN
A,GE10,C16-C18,P_IUSE,PC_EMP_CUSE2,IE,,NaN,,NaN
A,GE10,C16-C18,P_IUSE,PC_EMP_CUSE2,IS,,NaN,,NaN
A,GE10,C16-C18,P_IUSE,PC_EMP_CUSE2,IT,,NaN,,NaN
A,GE10,C16-C18,P_IUSE,PC_EMP_CUSE2,LT,,NaN,,NaN
A,GE10,C16-C18,P_IUSE,PC_EMP_CUSE2,LU,,NaN,,NaN
A,GE10,C16-C18,P_IUSE,PC_EMP_CUSE2,LV,,NaN,,NaN
A,GE10,C16-C18,P_IUSE,PC_EMP_CUSE2,MK,,NaN,,NaN
A,GE10,C16-C18,P_IUSE,PC_EMP_CUSE2,MT,,NaN,,NaN
A,GE10,C16-C18,P_IUSE,PC_EMP_CUSE2,NL,,NaN,,NaN
A,GE10,C16-C18,P_IUSE,PC_EMP_CUSE2,NO,,NaN,,NaN
A,GE10,C16-C18,P_IUSE,PC_EMP_CUSE2,PL,,NaN,,NaN
A,GE10,C16-C18,P_IUSE,PC_EMP_CUSE2,PT,,NaN,,NaN
A,GE10,C16-C18,P_IUSE,PC_EMP_CUSE2,RO,,NaN,,NaN
A,GE10,C16-C18,P_IUSE,PC_EMP_CUSE2,RS,,NaN,,NaN
A,GE10,C16-C18,P_IUSE,PC_EMP_CUSE2,SE,,NaN,,NaN
A,GE10,C16-C18,P_IUSE,PC_EMP_CUSE2,SI,,NaN,,NaN
A,GE10,C16-C18,P_IUSE,PC_EMP_CUSE2,SK,,NaN,,NaN
A,GE10,C16-C18,P_IUSE,PC_EMP_CUSE2,TR,,NaN,,NaN
A,GE10,C16-C18,P_IUSE,PC_EMP_CUSE2,UK,,NaN,,NaN
A,GE10,C16-C18,P_IUSE,PC_EMP_IACC,AT,,NaN,,NaN
A,GE10,C16-C18,P_IUSE,PC_EMP_IACC,BE,,NaN,,NaN
A,GE10,C16-C18,P_IUSE,PC_EMP_IACC,BG,,NaN,,NaN
A,GE10,C16-C18,P_IUSE,PC_EMP_IACC,CY,,NaN,,NaN
A,GE10,C16-C18,P_IUSE,PC_EMP_IACC,CZ,,NaN,,NaN
A,GE10,C16-C18,P_IUSE,PC_EMP_IACC,DE,,NaN,,NaN
A,GE10,C16-C18,P_IUSE,PC_EMP_IACC,DK,,NaN,,NaN
A,GE10,C16-C18,P_IUSE,PC_EMP_IACC,EA,,NaN,,NaN
A,GE10,C16-C18,P_IUSE,PC_EMP_IACC,EE,,NaN,,NaN
A,GE10,C16-C18,P_IUSE,PC_EMP_IACC,EL,,NaN,,NaN
A,GE10,C16-C18,P_IUSE,PC_EMP_IACC,ES,,NaN,,NaN
A,GE10,C16-C18,P_IUSE,PC_EMP_IACC,EU15,,NaN,,NaN
A,GE10,C16-C18,P_IUSE,PC_EMP_IACC,EU27_2007,,NaN,,NaN
A,GE10,C16-C18,P_IUSE,PC_EMP_IACC,EU27_2020,,NaN,,NaN
A,GE10,C16-C18,P_IUSE,PC_EMP_IACC,EU28,,NaN,,NaN
A,GE10,C16-C18,P_IUSE,PC_EMP_IACC,FI,,NaN,,NaN
A,GE10,C16-C18,P_IUSE,PC_EMP_IACC,FR,,NaN,,NaN
A,GE10,C16-C18,P_IUSE,PC_EMP_IACC,HR,,NaN,,NaN
A,GE10,C16-C18,P_IUSE,PC_EMP_IACC,HU,,NaN,,NaN
A,GE10,C16-C18,P_IUSE,PC_EMP_IACC,IE,,NaN,,NaN
A,GE10,C16-C18,P_IUSE,PC_EMP_IACC,IS,,NaN,,NaN
A,GE10,C16-C18,P_IUSE,PC_EMP_IACC,IT,,NaN,,NaN
A,GE10,C16-C18,P_IUSE,PC_EMP_IACC,LT,,NaN,,NaN
A,GE10,C16-C18,P_IUSE,PC_EMP_IACC,LU,,NaN,,NaN
A,GE10,C16-C18,P_IUSE,PC_EMP_IACC,LV,,NaN,,NaN
A,GE10,C16-C18,P_IUSE,PC_EMP_IACC,MK,,NaN,,NaN
A,GE10,C16-C18,P_IUSE,PC_EMP_IACC,MT,,NaN,,NaN
A,GE10,C16-C18,P_IUSE,PC_EMP_IACC,NL,,NaN,,NaN
A,GE10,C16-C18,P_IUSE,PC_EMP_IACC,NO,,NaN,,NaN
A,GE10,C16-C18,P_IUSE,PC_EMP_IACC,PL,,NaN,,NaN
A,GE10,C16-C18,P_IUSE,PC_EMP_IACC,PT,,NaN,,NaN
A,GE10,C16-C18,P_IUSE,PC_EMP_IACC,RO,,NaN,,NaN
A,GE10,C16-C18,P_IUSE,PC_EMP_IACC,RS,,NaN,,NaN
A,GE10,C16-C18,P_IUSE,PC_EMP_IACC,SE,,NaN,,NaN
A,GE10,C16-C18,P_IUSE,PC_EMP_IACC,SI,,NaN,,NaN
A,GE10,C16-C18,P_IUSE,PC_EMP_IACC,SK,,NaN,,NaN
A,GE10,C16-C18,P_IUSE,PC_EMP_IACC,TR,,NaN,,NaN
A,GE10,C16-C18,P_IUSE,PC_EMP_IACC,UK,,NaN,,NaN
A,GE10,C19,P_IUSE,PC_EMP,AT,,NaN,,NaN
A,GE10,C19,P_IUSE,PC_EMP,BA,,NaN,,NaN
A,GE10,C19,P_IUSE,PC_EMP,BE,,NaN,,NaN
A,GE10,C19,P_IUSE,PC_EMP,BG,,NaN,,NaN
A,GE10,C19,P_IUSE,PC_EMP,CY,,NaN,,NaN
A,GE10,C19,P_IUSE,PC_EMP,CZ,,NaN,,NaN
A,GE10,C19,P_IUSE,PC_EMP,DE,,NaN,,NaN
A,GE10,C19,P_IUSE,PC_EMP,DK,,NaN,,NaN
A,GE10,C19,P_IUSE,PC_EMP,EA,,NaN,,NaN
A,GE10,C19,P_IUSE,PC_EMP,EE,,NaN,,NaN
A,GE10,C19,P_IUSE,PC_EMP,EL,,NaN,,NaN
A,GE10,C19,P_IUSE,PC_EMP,ES,,NaN,,NaN
A,GE10,C19,P_IUSE,PC_EMP,EU27_2020,,NaN,,NaN
A,GE10,C19,P_IUSE,PC_EMP,FI,,NaN,,NaN
A,GE10,C19,P_IUSE,PC_EMP,FR,,NaN,,NaN
A,GE10,C19,P_IUSE,PC_EMP,HR,,NaN,,NaN
A,GE10,C19,P_IUSE,PC_EMP,HU,,NaN,,NaN
A,GE10,C19,P_IUSE,PC_EMP,IE,,NaN,,NaN
A,GE10,C19,P_IUSE,PC_EMP,IT,,NaN,,NaN
A,GE10,C19,P_IUSE,PC_EMP,LT,,NaN,,NaN
A,GE10,C19,P_IUSE,PC_EMP,NL,,NaN,,NaN
A,GE10,C19,P_IUSE,PC_EMP,NO,,NaN,,NaN
A,GE10,C19,P_IUSE,PC_EMP,PL,,NaN,,NaN
A,GE10,C19,P_IUSE,PC_EMP,PT,,NaN,,NaN
A,GE10,C19,P_IUSE,PC_EMP,RO,,NaN,,NaN
A,GE10,C19,P_IUSE,PC_EMP,RS,,NaN,,NaN
A,GE10,C19,P_IUSE,PC_EMP,SE,,NaN,,NaN
A,GE10,C19,P_IUSE,PC_EMP,SK,,NaN,,NaN
A,GE10,C19,P_IUSE,PC_EMP,TR,,NaN,,NaN
A,GE10,C19-C23,P_CUSE,PC_EMP,AT,,NaN,,NaN
A,GE10,C19-C23,P_CUSE,PC_EMP,BA,,NaN,,NaN
A,GE10,C19-C23,P_CUSE,PC_EMP,BE,67.71,NaN,,NaN
A,GE10,C19-C23,P_CUSE,PC_EMP,BG,26.07,NaN,,NaN
A,GE10,C19-C23,P_CUSE,PC_EMP,CY,39.63,NaN,,NaN
A,GE10,C19-C23,P_CUSE,PC_EMP,CZ,40.31,NaN,,NaN
A,GE10,C19-C23,P_CUSE,PC_EMP,DE,58.56,NaN,,NaN
A,GE10,C19-C23,P_CUSE,PC_EMP,DK,,NaN,,NaN
A,GE10,C19-C23,P_CUSE,PC_EMP,EA,58.49,NaN,,NaN
A,GE10,C19-C23,P_CUSE,PC_EMP,EE,38.85,NaN,,NaN
A,GE10,C19-C23,P_CUSE,PC_EMP,EL,46.56,NaN,,NaN
A,GE10,C19-C23,P_CUSE,PC_EMP,ES,63.65,NaN,,NaN
A,GE10,C19-C23,P_CUSE,PC_EMP,EU15,59.31,NaN,,NaN
A,GE10,C19-C23,P_CUSE,PC_EMP,EU25,,NaN,,NaN
A,GE10,C19-C23,P_CUSE,PC_EMP,EU27_2007,53.5,NaN,,NaN
A,GE10,C19-C23,P_CUSE,PC_EMP,EU27_2020,52.69,NaN,,NaN
A,GE10,C19-C23,P_CUSE,PC_EMP,EU28,53.51,NaN,,NaN
A,GE10,C19-C23,P_CUSE,PC_EMP,FI,77.04,NaN,,NaN
A,GE10,C19-C23,P_CUSE,PC_EMP,FR,,NaN,,NaN
A,GE10,C19-C23,P_CUSE,PC_EMP,HR,54.21,NaN,,NaN
A,GE10,C19-C23,P_CUSE,PC_EMP,HU,47.53,NaN,,NaN
A,GE10,C19-C23,P_CUSE,PC_EMP,IE,65.71,NaN,,NaN
A,GE10,C19-C23,P_CUSE,PC_EMP,IS,,NaN,,NaN
A,GE10,C19-C23,P_CUSE,PC_EMP,IT,53.08,NaN,,NaN
A,GE10,C19-C23,P_CUSE,PC_EMP,LT,45.25,NaN,,NaN
A,GE10,C19-C23,P_CUSE,PC_EMP,LV,,NaN,,NaN
A,GE10,C19-C23,P_CUSE,PC_EMP,ME,,u,,NaN
A,GE10,C19-C23,P_CUSE,PC_EMP,MK,26.81,NaN,,NaN
A,GE10,C19-C23,P_CUSE,PC_EMP,MT,,NaN,,NaN
A,GE10,C19-C23,P_CUSE,PC_EMP,NL,69.79,NaN,,NaN
A,GE10,C19-C23,P_CUSE,PC_EMP,NO,75.46,NaN,,NaN
A,GE10,C19-C23,P_CUSE,PC_EMP,PL,38.06,NaN,,NaN
A,GE10,C19-C23,P_CUSE,PC_EMP,PT,48.18,NaN,,NaN
A,GE10,C19-C23,P_CUSE,PC_EMP,RO,30.75,NaN,,NaN
A,GE10,C19-C23,P_CUSE,PC_EMP,RS,,NaN,,NaN
A,GE10,C19-C23,P_CUSE,PC_EMP,SE,,NaN,,NaN
A,GE10,C19-C23,P_CUSE,PC_EMP,SI,62.7,NaN,,NaN
A,GE10,C19-C23,P_CUSE,PC_EMP,SK,42.28,NaN,,NaN
A,GE10,C19-C23,P_CUSE,PC_EMP,TR,,NaN,,NaN
A,GE10,C19-C23,P_CUSE,PC_EMP,UK,60.75,NaN,,NaN
A,GE10,C19-C23,P_CUSE,PC_EMP_CUSE2,AT,,NaN,,NaN
A,GE10,C19-C23,P_CUSE,PC_EMP_CUSE2,BE,,NaN,,NaN
A,GE10,C19-C23,P_CUSE,PC_EMP_CUSE2,BG,,NaN,,NaN
A,GE10,C19-C23,P_CUSE,PC_EMP_CUSE2,CY,,NaN,,NaN
A,GE10,C19-C23,P_CUSE,PC_EMP_CUSE2,CZ,,NaN,,NaN
A,GE10,C19-C23,P_CUSE,PC_EMP_CUSE2,DE,,NaN,,NaN
A,GE10,C19-C23,P_CUSE,PC_EMP_CUSE2,DK,,NaN,,NaN
A,GE10,C19-C23,P_CUSE,PC_EMP_CUSE2,EA,,NaN,,NaN
A,GE10,C19-C23,P_CUSE,PC_EMP_CUSE2,EE,,NaN,,NaN
A,GE10,C19-C23,P_CUSE,PC_EMP_CUSE2,EL,,NaN,,NaN
A,GE10,C19-C23,P_CUSE,PC_EMP_CUSE2,ES,,NaN,,NaN
A,GE10,C19-C23,P_CUSE,PC_EMP_CUSE2,EU15,,NaN,,NaN
A,GE10,C19-C23,P_CUSE,PC_EMP_CUSE2,EU27_2007,,NaN,,NaN
A,GE10,C19-C23,P_CUSE,PC_EMP_CUSE2,EU27_2020,,NaN,,NaN
A,GE10,C19-C23,P_CUSE,PC_EMP_CUSE2,EU28,,NaN,,NaN
A,GE10,C19-C23,P_CUSE,PC_EMP_CUSE2,FI,,NaN,,NaN
A,GE10,C19-C23,P_CUSE,PC_EMP_CUSE2,FR,,NaN,,NaN
A,GE10,C19-C23,P_CUSE,PC_EMP_CUSE2,HR,,NaN,,NaN
A,GE10,C19-C23,P_CUSE,PC_EMP_CUSE2,HU,,NaN,,NaN
A,GE10,C19-C23,P_CUSE,PC_EMP_CUSE2,IE,,NaN,,NaN
A,GE10,C19-C23,P_CUSE,PC_EMP_CUSE2,IT,,NaN,,NaN
A,GE10,C19-C23,P_CUSE,PC_EMP_CUSE2,LT,,NaN,,NaN
A,GE10,C19-C23,P_CUSE,PC_EMP_CUSE2,MK,,NaN,,NaN
A,GE10,C19-C23,P_CUSE,PC_EMP_CUSE2,MT,,NaN,,NaN
A,GE10,C19-C23,P_CUSE,PC_EMP_CUSE2,NL,,NaN,,NaN
A,GE10,C19-C23,P_CUSE,PC_EMP_CUSE2,NO,,NaN,,NaN
A,GE10,C19-C23,P_CUSE,PC_EMP_CUSE2,PL,,NaN,,NaN
A,GE10,C19-C23,P_CUSE,PC_EMP_CUSE2,PT,,NaN,,NaN
A,GE10,C19-C23,P_CUSE,PC_EMP_CUSE2,RO,,NaN,,NaN
A,GE10,C19-C23,P_CUSE,PC_EMP_CUSE2,RS,,NaN,,NaN
A,GE10,C19-C23,P_CUSE,PC_EMP_CUSE2,SI,,NaN,,NaN
A,GE10,C19-C23,P_CUSE,PC_EMP_CUSE2,SK,,NaN,,NaN
A,GE10,C19-C23,P_CUSE,PC_EMP_CUSE2,UK,,NaN,,NaN
A,GE10,C19-C23,P_IUSE,PC_EMP,AL,,NaN,,NaN
A,GE10,C19-C23,P_IUSE,PC_EMP,AT,,u,61.58,NaN
A,GE10,C19-C23,P_IUSE,PC_EMP,BA,,NaN,24.9,NaN
A,GE10,C19-C23,P_IUSE,PC_EMP,BE,58.06,NaN,,u
A,GE10,C19-C23,P_IUSE,PC_EMP,BG,22.79,NaN,27.72,NaN
A,GE10,C19-C23,P_IUSE,PC_EMP,CY,37.49,NaN,45.96,NaN
A,GE10,C19-C23,P_IUSE,PC_EMP,CZ,31.18,NaN,40.67,NaN
A,GE10,C19-C23,P_IUSE,PC_EMP,DE,51.45,NaN,61.28,NaN
A,GE10,C19-C23,P_IUSE,PC_EMP,DK,76.45,NaN,79.06,NaN
A,GE10,C19-C23,P_IUSE,PC_EMP,EA,52.26,NaN,60.6,NaN
A,GE10,C19-C23,P_IUSE,PC_EMP,EE,34.74,NaN,39.33,NaN
A,GE10,C19-C23,P_IUSE,PC_EMP,EL,42.49,NaN,46.96,NaN
A,GE10,C19-C23,P_IUSE,PC_EMP,ES,54.14,NaN,60.57,NaN
A,GE10,C19-C23,P_IUSE,PC_EMP,EU15,53.79,NaN,,NaN
A,GE10,C19-C23,P_IUSE,PC_EMP,EU25,,NaN,,NaN
A,GE10,C19-C23,P_IUSE,PC_EMP,EU27_2007,48.59,NaN,,NaN
A,GE10,C19-C23,P_IUSE,PC_EMP,EU27_2020,48.07,NaN,56.18,NaN
A,GE10,C19-C23,P_IUSE,PC_EMP,EU28,48.6,NaN,,NaN
A,GE10,C19-C23,P_IUSE,PC_EMP,FI,68.19,NaN,80.4,NaN
A,GE10,C19-C23,P_IUSE,PC_EMP,FR,61.48,NaN,67.38,NaN
A,GE10,C19-C23,P_IUSE,PC_EMP,HR,49.8,NaN,45.99,NaN
A,GE10,C19-C23,P_IUSE,PC_EMP,HU,35.55,NaN,42.56,NaN
A,GE10,C19-C23,P_IUSE,PC_EMP,IE,65.31,NaN,70.51,NaN
A,GE10,C19-C23,P_IUSE,PC_EMP,IS,,NaN,100.0,NaN
A,GE10,C19-C23,P_IUSE,PC_EMP,IT,42.51,NaN,54.04,NaN
A,GE10,C19-C23,P_IUSE,PC_EMP,LT,39.3,NaN,48.56,NaN
A,GE10,C19-C23,P_IUSE,PC_EMP,LU,,NaN,,NaN
A,GE10,C19-C23,P_IUSE,PC_EMP,LV,38.25,NaN,45.24,NaN
A,GE10,C19-C23,P_IUSE,PC_EMP,ME,,u,,u
A,GE10,C19-C23,P_IUSE,PC_EMP,MK,23.97,NaN,,u
A,GE10,C19-C23,P_IUSE,PC_EMP,MT,30.62,NaN,39.33,NaN
A,GE10,C19-C23,P_IUSE,PC_EMP,NL,63.01,NaN,67.33,NaN
A,GE10,C19-C23,P_IUSE,PC_EMP,NO,70.59,NaN,77.76,NaN
A,GE10,C19-C23,P_IUSE,PC_EMP,PL,32.69,NaN,42.86,NaN
A,GE10,C19-C23,P_IUSE,PC_EMP,PT,38.1,NaN,43.73,NaN
A,GE10,C19-C23,P_IUSE,PC_EMP,RO,26.48,NaN,32.35,NaN
A,GE10,C19-C23,P_IUSE,PC_EMP,RS,,NaN,27.94,NaN
A,GE10,C19-C23,P_IUSE,PC_EMP,SE,73.01,NaN,80.12,NaN
A,GE10,C19-C23,P_IUSE,PC_EMP,SI,55.87,NaN,57.52,NaN
A,GE10,C19-C23,P_IUSE,PC_EMP,SK,32.03,NaN,39.04,NaN
A,GE10,C19-C23,P_IUSE,PC_EMP,TR,24.67,NaN,,NaN
A,GE10,C19-C23,P_IUSE,PC_EMP,UK,54.33,NaN,58.32,NaN
A,GE10,C19-C23,P_IUSE,PC_EMP_CUSE,AT,,NaN,,NaN
A,GE10,C19-C23,P_IUSE,PC_EMP_CUSE,BA,,NaN,,NaN
A,GE10,C19-C23,P_IUSE,PC_EMP_CUSE,BE,85.75,NaN,,NaN
A,GE10,C19-C23,P_IUSE,PC_EMP_CUSE,BG,87.4,NaN,,NaN
A,GE10,C19-C23,P_IUSE,PC_EMP_CUSE,CY,94.61,NaN,,NaN
A,GE10,C19-C23,P_IUSE,PC_EMP_CUSE,CZ,77.36,NaN,,NaN
A,GE10,C19-C23,P_IUSE,PC_EMP_CUSE,DE,87.86,NaN,,NaN
A,GE10,C19-C23,P_IUSE,PC_EMP_CUSE,DK,,NaN,,NaN
A,GE10,C19-C23,P_IUSE,PC_EMP_CUSE,EA,86.01,NaN,,NaN
A,GE10,C19-C23,P_IUSE,PC_EMP_CUSE,EE,89.41,NaN,,NaN
A,GE10,C19-C23,P_IUSE,PC_EMP_CUSE,EL,91.27,NaN,,NaN
A,GE10,C19-C23,P_IUSE,PC_EMP_CUSE,ES,85.06,NaN,,NaN
A,GE10,C19-C23,P_IUSE,PC_EMP_CUSE,EU15,86.6,NaN,,NaN
A,GE10,C19-C23,P_IUSE,PC_EMP_CUSE,EU25,,NaN,,NaN
A,GE10,C19-C23,P_IUSE,PC_EMP_CUSE,EU27_2007,85.8,NaN,,NaN
A,GE10,C19-C23,P_IUSE,PC_EMP_CUSE,EU27_2020,85.4,NaN,,NaN
A,GE10,C19-C23,P_IUSE,PC_EMP_CUSE,EU28,85.86,NaN,,NaN
A,GE10,C19-C23,P_IUSE,PC_EMP_CUSE,FI,88.51,NaN,,NaN
A,GE10,C19-C23,P_IUSE,PC_EMP_CUSE,FR,,NaN,,NaN
A,GE10,C19-C23,P_IUSE,PC_EMP_CUSE,HR,91.85,NaN,,NaN
A,GE10,C19-C23,P_IUSE,PC_EMP_CUSE,HU,74.8,NaN,,NaN
A,GE10,C19-C23,P_IUSE,PC_EMP_CUSE,IE,99.4,NaN,,NaN
A,GE10,C19-C23,P_IUSE,PC_EMP_CUSE,IS,,NaN,,NaN
A,GE10,C19-C23,P_IUSE,PC_EMP_CUSE,IT,80.08,NaN,,NaN
A,GE10,C19-C23,P_IUSE,PC_EMP_CUSE,LT,86.86,NaN,,NaN
A,GE10,C19-C23,P_IUSE,PC_EMP_CUSE,LV,,NaN,,NaN
A,GE10,C19-C23,P_IUSE,PC_EMP_CUSE,ME,,u,,NaN
A,GE10,C19-C23,P_IUSE,PC_EMP_CUSE,MK,89.41,NaN,,NaN
A,GE10,C19-C23,P_IUSE,PC_EMP_CUSE,MT,,NaN,,NaN
A,GE10,C19-C23,P_IUSE,PC_EMP_CUSE,NL,90.29,NaN,,NaN
A,GE10,C19-C23,P_IUSE,PC_EMP_CUSE,NO,93.55,NaN,,NaN
A,GE10,C19-C23,P_IUSE,PC_EMP_CUSE,PL,85.9,NaN,,NaN
A,GE10,C19-C23,P_IUSE,PC_EMP_CUSE,PT,79.09,NaN,,NaN
A,GE10,C19-C23,P_IUSE,PC_EMP_CUSE,RO,86.11,NaN,,NaN
A,GE10,C19-C23,P_IUSE,PC_EMP_CUSE,RS,,NaN,,NaN
A,GE10,C19-C23,P_IUSE,PC_EMP_CUSE,SE,,NaN,,NaN
A,GE10,C19-C23,P_IUSE,PC_EMP_CUSE,SI,89.11,NaN,,NaN
A,GE10,C19-C23,P_IUSE,PC_EMP_CUSE,SK,75.75,NaN,,NaN
A,GE10,C19-C23,P_IUSE,PC_EMP_CUSE,TR,,NaN,,NaN
A,GE10,C19-C23,P_IUSE,PC_EMP_CUSE,UK,89.43,NaN,,NaN
A,GE10,C19-C23,P_IUSE,PC_EMP_CUSE2,AT,,NaN,,NaN
A,GE10,C19-C23,P_IUSE,PC_EMP_CUSE2,BE,,NaN,,NaN
A,GE10,C19-C23,P_IUSE,PC_EMP_CUSE2,BG,,NaN,,NaN
A,GE10,C19-C23,P_IUSE,PC_EMP_CUSE2,CY,,NaN,,NaN
A,GE10,C19-C23,P_IUSE,PC_EMP_CUSE2,CZ,,NaN,,NaN
A,GE10,C19-C23,P_IUSE,PC_EMP_CUSE2,DE,,NaN,,NaN
A,GE10,C19-C23,P_IUSE,PC_EMP_CUSE2,DK,,NaN,,NaN
A,GE10,C19-C23,P_IUSE,PC_EMP_CUSE2,EA,,NaN,,NaN
A,GE10,C19-C23,P_IUSE,PC_EMP_CUSE2,EE,,NaN,,NaN
A,GE10,C19-C23,P_IUSE,PC_EMP_CUSE2,EL,,NaN,,NaN
A,GE10,C19-C23,P_IUSE,PC_EMP_CUSE2,ES,,NaN,,NaN
A,GE10,C19-C23,P_IUSE,PC_EMP_CUSE2,EU15,,NaN,,NaN
A,GE10,C19-C23,P_IUSE,PC_EMP_CUSE2,EU27_2007,,NaN,,NaN
A,GE10,C19-C23,P_IUSE,PC_EMP_CUSE2,EU27_2020,,NaN,,NaN
A,GE10,C19-C23,P_IUSE,PC_EMP_CUSE2,EU28,,NaN,,NaN
A,GE10,C19-C23,P_IUSE,PC_EMP_CUSE2,FI,,NaN,,NaN
A,GE10,C19-C23,P_IUSE,PC_EMP_CUSE2,FR,,NaN,,NaN
A,GE10,C19-C23,P_IUSE,PC_EMP_CUSE2,HR,,NaN,,NaN
A,GE10,C19-C23,P_IUSE,PC_EMP_CUSE2,HU,,NaN,,NaN
A,GE10,C19-C23,P_IUSE,PC_EMP_CUSE2,IE,,NaN,,NaN
A,GE10,C19-C23,P_IUSE,PC_EMP_CUSE2,IS,,NaN,,NaN
A,GE10,C19-C23,P_IUSE,PC_EMP_CUSE2,IT,,NaN,,NaN
A,GE10,C19-C23,P_IUSE,PC_EMP_CUSE2,LT,,NaN,,NaN
A,GE10,C19-C23,P_IUSE,PC_EMP_CUSE2,LU,,NaN,,NaN
A,GE10,C19-C23,P_IUSE,PC_EMP_CUSE2,LV,,NaN,,NaN
A,GE10,C19-C23,P_IUSE,PC_EMP_CUSE2,MK,,NaN,,NaN
A,GE10,C19-C23,P_IUSE,PC_EMP_CUSE2,MT,,NaN,,NaN
A,GE10,C19-C23,P_IUSE,PC_EMP_CUSE2,NL,,NaN,,NaN
A,GE10,C19-C23,P_IUSE,PC_EMP_CUSE2,NO,,NaN,,NaN
A,GE10,C19-C23,P_IUSE,PC_EMP_CUSE2,PL,,NaN,,NaN
A,GE10,C19-C23,P_IUSE,PC_EMP_CUSE2,PT,,NaN,,NaN
A,GE10,C19-C23,P_IUSE,PC_EMP_CUSE2,RO,,NaN,,NaN
A,GE10,C19-C23,P_IUSE,PC_EMP_CUSE2,RS,,NaN,,NaN
A,GE10,C19-C23,P_IUSE,PC_EMP_CUSE2,SE,,NaN,,NaN
A,GE10,C19-C23,P_IUSE,PC_EMP_CUSE2,SI,,NaN,,NaN
A,GE10,C19-C23,P_IUSE,PC_EMP_CUSE2,SK,,NaN,,NaN
A,GE10,C19-C23,P_IUSE,PC_EMP_CUSE2,TR,,NaN,,NaN
A,GE10,C19-C23,P_IUSE,PC_EMP_CUSE2,UK,,NaN,,NaN
A,GE10,C19-C23,P_IUSE,PC_EMP_IACC,AT,,NaN,,NaN
A,GE10,C19-C23,P_IUSE,PC_EMP_IACC,BE,,NaN,,NaN
A,GE10,C19-C23,P_IUSE,PC_EMP_IACC,BG,,NaN,,NaN
A,GE10,C19-C23,P_IUSE,PC_EMP_IACC,CY,,NaN,,NaN
A,GE10,C19-C23,P_IUSE,PC_EMP_IACC,CZ,,NaN,,NaN
A,GE10,C19-C23,P_IUSE,PC_EMP_IACC,DE,,NaN,,NaN
A,GE10,C19-C23,P_IUSE,PC_EMP_IACC,DK,,NaN,,NaN
A,GE10,C19-C23,P_IUSE,PC_EMP_IACC,EA,,NaN,,NaN
A,GE10,C19-C23,P_IUSE,PC_EMP_IACC,EE,,NaN,,NaN
A,GE10,C19-C23,P_IUSE,PC_EMP_IACC,EL,,NaN,,NaN
A,GE10,C19-C23,P_IUSE,PC_EMP_IACC,ES,,NaN,,NaN
A,GE10,C19-C23,P_IUSE,PC_EMP_IACC,EU15,,NaN,,NaN
A,GE10,C19-C23,P_IUSE,PC_EMP_IACC,EU27_2007,,NaN,,NaN
A,GE10,C19-C23,P_IUSE,PC_EMP_IACC,EU27_2020,,NaN,,NaN
A,GE10,C19-C23,P_IUSE,PC_EMP_IACC,EU28,,NaN,,NaN
A,GE10,C19-C23,P_IUSE,PC_EMP_IACC,FI,,NaN,,NaN
A,GE10,C19-C23,P_IUSE,PC_EMP_IACC,FR,,NaN,,NaN
A,GE10,C19-C23,P_IUSE,PC_EMP_IACC,HR,,NaN,,NaN
A,GE10,C19-C23,P_IUSE,PC_EMP_IACC,HU,,NaN,,NaN
A,GE10,C19-C23,P_IUSE,PC_EMP_IACC,IE,,NaN,,NaN
A,GE10,C19-C23,P_IUSE,PC_EMP_IACC,IS,,NaN,,NaN
A,GE10,C19-C23,P_IUSE,PC_EMP_IACC,IT,,NaN,,NaN
A,GE10,C19-C23,P_IUSE,PC_EMP_IACC,LT,,NaN,,NaN
A,GE10,C19-C23,P_IUSE,PC_EMP_IACC,LU,,NaN,,NaN
A,GE10,C19-C23,P_IUSE,PC_EMP_IACC,LV,,NaN,,NaN
A,GE10,C19-C23,P_IUSE,PC_EMP_IACC,MK,,NaN,,NaN
A,GE10,C19-C23,P_IUSE,PC_EMP_IACC,MT,,NaN,,NaN
A,GE10,C19-C23,P_IUSE,PC_EMP_IACC,NL,,NaN,,NaN
A,GE10,C19-C23,P_IUSE,PC_EMP_IACC,NO,,NaN,,NaN
A,GE10,C19-C23,P_IUSE,PC_EMP_IACC,PL,,NaN,,NaN
A,GE10,C19-C23,P_IUSE,PC_EMP_IACC,PT,,NaN,,NaN
A,GE10,C19-C23,P_IUSE,PC_EMP_IACC,RO,,NaN,,NaN
A,GE10,C19-C23,P_IUSE,PC_EMP_IACC,RS,,NaN,,NaN
A,GE10,C19-C23,P_IUSE,PC_EMP_IACC,SE,,NaN,,NaN
A,GE10,C19-C23,P_IUSE,PC_EMP_IACC,SI,,NaN,,NaN
A,GE10,C19-C23,P_IUSE,PC_EMP_IACC,SK,,NaN,,NaN
A,GE10,C19-C23,P_IUSE,PC_EMP_IACC,TR,,NaN,,NaN
A,GE10,C19-C23,P_IUSE,PC_EMP_IACC,UK,,NaN,,NaN
A,GE10,C20,P_IUSE,PC_EMP,AT,,NaN,,NaN
A,GE10,C20,P_IUSE,PC_EMP,BA,,NaN,,NaN
A,GE10,C20,P_IUSE,PC_EMP,BE,,NaN,,NaN
A,GE10,C20,P_IUSE,PC_EMP,BG,,NaN,,NaN
A,GE10,C20,P_IUSE,PC_EMP,CY,,NaN,,NaN
A,GE10,C20,P_IUSE,PC_EMP,CZ,,NaN,,NaN
A,GE10,C20,P_IUSE,PC_EMP,DE,,NaN,,NaN
A,GE10,C20,P_IUSE,PC_EMP,DK,,NaN,,NaN
A,GE10,C20,P_IUSE,PC_EMP,EA,,NaN,,NaN
A,GE10,C20,P_IUSE,PC_EMP,EE,,NaN,,NaN
A,GE10,C20,P_IUSE,PC_EMP,EL,,NaN,,NaN
A,GE10,C20,P_IUSE,PC_EMP,ES,,NaN,,NaN
A,GE10,C20,P_IUSE,PC_EMP,EU27_2020,,NaN,,NaN
A,GE10,C20,P_IUSE,PC_EMP,FI,,NaN,,NaN
A,GE10,C20,P_IUSE,PC_EMP,FR,,NaN,,NaN
A,GE10,C20,P_IUSE,PC_EMP,HR,,NaN,,NaN
A,GE10,C20,P_IUSE,PC_EMP,HU,,NaN,,NaN
A,GE10,C20,P_IUSE,PC_EMP,IE,,NaN,,NaN
A,GE10,C20,P_IUSE,PC_EMP,IT,,NaN,,NaN
A,GE10,C20,P_IUSE,PC_EMP,LT,,NaN,,NaN
A,GE10,C20,P_IUSE,PC_EMP,LU,,NaN,,NaN
A,GE10,C20,P_IUSE,PC_EMP,LV,,NaN,,NaN
A,GE10,C20,P_IUSE,PC_EMP,ME,,NaN,,NaN
A,GE10,C20,P_IUSE,PC_EMP,MK,,NaN,,NaN
A,GE10,C20,P_IUSE,PC_EMP,MT,,NaN,,NaN
A,GE10,C20,P_IUSE,PC_EMP,NL,,NaN,,NaN
A,GE10,C20,P_IUSE,PC_EMP,NO,,NaN,,NaN
A,GE10,C20,P_IUSE,PC_EMP,PL,,NaN,,NaN
A,GE10,C20,P_IUSE,PC_EMP,PT,,NaN,,NaN
A,GE10,C20,P_IUSE,PC_EMP,RO,,NaN,,NaN
A,GE10,C20,P_IUSE,PC_EMP,RS,,NaN,,NaN
A,GE10,C20,P_IUSE,PC_EMP,SE,,NaN,,NaN
A,GE10,C20,P_IUSE,PC_EMP,SI,,NaN,,NaN
A,GE10,C20,P_IUSE,PC_EMP,SK,,NaN,,NaN
A,GE10,C20,P_IUSE,PC_EMP,TR,,NaN,,NaN
A,GE10,C21,P_IUSE,PC_EMP,AT,,NaN,,NaN
A,GE10,C21,P_IUSE,PC_EMP,BA,,NaN,,NaN
A,GE10,C21,P_IUSE,PC_EMP,BE,,NaN,,NaN
A,GE10,C21,P_IUSE,PC_EMP,BG,,NaN,,NaN
A,GE10,C21,P_IUSE,PC_EMP,CY,,NaN,,NaN
A,GE10,C21,P_IUSE,PC_EMP,CZ,,NaN,,NaN
A,GE10,C21,P_IUSE,PC_EMP,DE,,NaN,,NaN
A,GE10,C21,P_IUSE,PC_EMP,DK,,NaN,,NaN
A,GE10,C21,P_IUSE,PC_EMP,EA,,NaN,,NaN
A,GE10,C21,P_IUSE,PC_EMP,EE,,NaN,,NaN
A,GE10,C21,P_IUSE,PC_EMP,EL,,NaN,,NaN
A,GE10,C21,P_IUSE,PC_EMP,ES,,NaN,,NaN
A,GE10,C21,P_IUSE,PC_EMP,EU27_2020,,NaN,,NaN
A,GE10,C21,P_IUSE,PC_EMP,FI,,NaN,,NaN
A,GE10,C21,P_IUSE,PC_EMP,FR,,NaN,,NaN
A,GE10,C21,P_IUSE,PC_EMP,HR,,NaN,,NaN
A,GE10,C21,P_IUSE,PC_EMP,HU,,NaN,,NaN
A,GE10,C21,P_IUSE,PC_EMP,IE,,NaN,,NaN
A,GE10,C21,P_IUSE,PC_EMP,IT,,NaN,,NaN
A,GE10,C21,P_IUSE,PC_EMP,LT,,NaN,,NaN
A,GE10,C21,P_IUSE,PC_EMP,LV,,NaN,,NaN
A,GE10,C21,P_IUSE,PC_EMP,ME,,NaN,,NaN
A,GE10,C21,P_IUSE,PC_EMP,MK,,NaN,,NaN
A,GE10,C21,P_IUSE,PC_EMP,MT,,NaN,,NaN
A,GE10,C21,P_IUSE,PC_EMP,NL,,NaN,,NaN
A,GE10,C21,P_IUSE,PC_EMP,NO,,NaN,,NaN
A,GE10,C21,P_IUSE,PC_EMP,PL,,NaN,,NaN
A,GE10,C21,P_IUSE,PC_EMP,PT,,NaN,,NaN
A,GE10,C21,P_IUSE,PC_EMP,RO,,NaN,,NaN
A,GE10,C21,P_IUSE,PC_EMP,RS,,NaN,,NaN
A,GE10,C21,P_IUSE,PC_EMP,SE,,NaN,,NaN
A,GE10,C21,P_IUSE,PC_EMP,SI,,NaN,,NaN
A,GE10,C21,P_IUSE,PC_EMP,SK,,NaN,,NaN
A,GE10,C21,P_IUSE,PC_EMP,TR,,NaN,,NaN
A,GE10,C22_C23,P_IUSE,PC_EMP,AL,,NaN,,NaN
A,GE10,C22_C23,P_IUSE,PC_EMP,AT,,NaN,,NaN
A,GE10,C22_C23,P_IUSE,PC_EMP,BA,,NaN,,NaN
A,GE10,C22_C23,P_IUSE,PC_EMP,BE,,NaN,,NaN
A,GE10,C22_C23,P_IUSE,PC_EMP,BG,,NaN,,NaN
A,GE10,C22_C23,P_IUSE,PC_EMP,CY,,NaN,,NaN
A,GE10,C22_C23,P_IUSE,PC_EMP,CZ,,NaN,,NaN
A,GE10,C22_C23,P_IUSE,PC_EMP,DE,,NaN,,NaN
A,GE10,C22_C23,P_IUSE,PC_EMP,DK,,NaN,,NaN
A,GE10,C22_C23,P_IUSE,PC_EMP,EA,,NaN,,NaN
A,GE10,C22_C23,P_IUSE,PC_EMP,EE,,NaN,,NaN
A,GE10,C22_C23,P_IUSE,PC_EMP,EL,,NaN,,NaN
A,GE10,C22_C23,P_IUSE,PC_EMP,ES,,NaN,,NaN
A,GE10,C22_C23,P_IUSE,PC_EMP,EU27_2020,,NaN,,NaN
A,GE10,C22_C23,P_IUSE,PC_EMP,FI,,NaN,,NaN
A,GE10,C22_C23,P_IUSE,PC_EMP,FR,,NaN,,NaN
A,GE10,C22_C23,P_IUSE,PC_EMP,HR,,NaN,,NaN
A,GE10,C22_C23,P_IUSE,PC_EMP,HU,,NaN,,NaN
A,GE10,C22_C23,P_IUSE,PC_EMP,IE,,NaN,,NaN
A,GE10,C22_C23,P_IUSE,PC_EMP,IT,,NaN,,NaN
A,GE10,C22_C23,P_IUSE,PC_EMP,LT,,NaN,,NaN
A,GE10,C22_C23,P_IUSE,PC_EMP,LU,,NaN,,NaN
A,GE10,C22_C23,P_IUSE,PC_EMP,LV,,NaN,,NaN
A,GE10,C22_C23,P_IUSE,PC_EMP,ME,,NaN,,NaN
A,GE10,C22_C23,P_IUSE,PC_EMP,MK,,NaN,,NaN
A,GE10,C22_C23,P_IUSE,PC_EMP,MT,,NaN,,NaN
A,GE10,C22_C23,P_IUSE,PC_EMP,NL,,NaN,,NaN
A,GE10,C22_C23,P_IUSE,PC_EMP,NO,,NaN,,NaN
A,GE10,C22_C23,P_IUSE,PC_EMP,PL,,NaN,,NaN
A,GE10,C22_C23,P_IUSE,PC_EMP,PT,,NaN,,NaN
A,GE10,C22_C23,P_IUSE,PC_EMP,RO,,NaN,,NaN
A,GE10,C22_C23,P_IUSE,PC_EMP,RS,,NaN,,NaN
A,GE10,C22_C23,P_IUSE,PC_EMP,SE,,NaN,,NaN
A,GE10,C22_C23,P_IUSE,PC_EMP,SI,,NaN,,NaN
A,GE10,C22_C23,P_IUSE,PC_EMP,SK,,NaN,,NaN
A,GE10,C22_C23,P_IUSE,PC_EMP,TR,,NaN,,NaN
A,GE10,C24_C25,P_CUSE,PC_EMP,AT,,NaN,,NaN
A,GE10,C24_C25,P_CUSE,PC_EMP,BA,,NaN,,NaN
A,GE10,C24_C25,P_CUSE,PC_EMP,BE,56.94,NaN,,NaN
A,GE10,C24_C25,P_CUSE,PC_EMP,BG,19.61,NaN,,NaN
A,GE10,C24_C25,P_CUSE,PC_EMP,CY,32.36,NaN,,NaN
A,GE10,C24_C25,P_CUSE,PC_EMP,CZ,37.88,NaN,,NaN
A,GE10,C24_C25,P_CUSE,PC_EMP,DE,51.9,NaN,,NaN
A,GE10,C24_C25,P_CUSE,PC_EMP,DK,,NaN,,NaN
A,GE10,C24_C25,P_CUSE,PC_EMP,EA,47.48,NaN,,NaN
A,GE10,C24_C25,P_CUSE,PC_EMP,EE,34.74,NaN,,NaN
A,GE10,C24_C25,P_CUSE,PC_EMP,EL,43.5,NaN,,NaN
A,GE10,C24_C25,P_CUSE,PC_EMP,ES,46.54,NaN,,NaN
A,GE10,C24_C25,P_CUSE,PC_EMP,EU15,48.23,NaN,,NaN
A,GE10,C24_C25,P_CUSE,PC_EMP,EU25,,NaN,,NaN
A,GE10,C24_C25,P_CUSE,PC_EMP,EU27_2007,43.61,NaN,,NaN
A,GE10,C24_C25,P_CUSE,PC_EMP,EU27_2020,42.86,NaN,,NaN
A,GE10,C24_C25,P_CUSE,PC_EMP,EU28,43.48,NaN,,NaN
A,GE10,C24_C25,P_CUSE,PC_EMP,FI,70.39,NaN,,NaN
A,GE10,C24_C25,P_CUSE,PC_EMP,FR,,NaN,,NaN
A,GE10,C24_C25,P_CUSE,PC_EMP,HR,27.18,NaN,,NaN
A,GE10,C24_C25,P_CUSE,PC_EMP,HU,33.1,NaN,,NaN
A,GE10,C24_C25,P_CUSE,PC_EMP,IE,44.26,NaN,,NaN
A,GE10,C24_C25,P_CUSE,PC_EMP,IS,,NaN,,NaN
A,GE10,C24_C25,P_CUSE,PC_EMP,IT,37.92,NaN,,NaN
A,GE10,C24_C25,P_CUSE,PC_EMP,LT,34.23,NaN,,NaN
A,GE10,C24_C25,P_CUSE,PC_EMP,LV,,NaN,,NaN
A,GE10,C24_C25,P_CUSE,PC_EMP,ME,,u,,NaN
A,GE10,C24_C25,P_CUSE,PC_EMP,MK,27.28,NaN,,NaN
A,GE10,C24_C25,P_CUSE,PC_EMP,MT,,NaN,,NaN
A,GE10,C24_C25,P_CUSE,PC_EMP,NL,56.19,NaN,,NaN
A,GE10,C24_C25,P_CUSE,PC_EMP,NO,67.5,NaN,,NaN
A,GE10,C24_C25,P_CUSE,PC_EMP,PL,31.58,NaN,,NaN
A,GE10,C24_C25,P_CUSE,PC_EMP,PT,30.44,NaN,,NaN
A,GE10,C24_C25,P_CUSE,PC_EMP,RO,23.87,NaN,,NaN
A,GE10,C24_C25,P_CUSE,PC_EMP,RS,,NaN,,NaN
A,GE10,C24_C25,P_CUSE,PC_EMP,SE,,NaN,,NaN
A,GE10,C24_C25,P_CUSE,PC_EMP,SI,40.06,NaN,,NaN
A,GE10,C24_C25,P_CUSE,PC_EMP,SK,38.99,NaN,,NaN
A,GE10,C24_C25,P_CUSE,PC_EMP,TR,,NaN,,NaN
A,GE10,C24_C25,P_CUSE,PC_EMP,UK,49.52,NaN,,NaN
A,GE10,C24_C25,P_CUSE,PC_EMP_CUSE2,AT,,NaN,,NaN
A,GE10,C24_C25,P_CUSE,PC_EMP_CUSE2,BE,,NaN,,NaN
A,GE10,C24_C25,P_CUSE,PC_EMP_CUSE2,BG,,NaN,,NaN
A,GE10,C24_C25,P_CUSE,PC_EMP_CUSE2,CY,,NaN,,NaN
A,GE10,C24_C25,P_CUSE,PC_EMP_CUSE2,CZ,,NaN,,NaN
A,GE10,C24_C25,P_CUSE,PC_EMP_CUSE2,DE,,NaN,,NaN
A,GE10,C24_C25,P_CUSE,PC_EMP_CUSE2,DK,,NaN,,NaN
A,GE10,C24_C25,P_CUSE,PC_EMP_CUSE2,EA,,NaN,,NaN
A,GE10,C24_C25,P_CUSE,PC_EMP_CUSE2,EE,,NaN,,NaN
A,GE10,C24_C25,P_CUSE,PC_EMP_CUSE2,EL,,NaN,,NaN
A,GE10,C24_C25,P_CUSE,PC_EMP_CUSE2,ES,,NaN,,NaN
A,GE10,C24_C25,P_CUSE,PC_EMP_CUSE2,EU15,,NaN,,NaN
A,GE10,C24_C25,P_CUSE,PC_EMP_CUSE2,EU27_2007,,NaN,,NaN
A,GE10,C24_C25,P_CUSE,PC_EMP_CUSE2,EU27_2020,,NaN,,NaN
A,GE10,C24_C25,P_CUSE,PC_EMP_CUSE2,EU28,,NaN,,NaN
A,GE10,C24_C25,P_CUSE,PC_EMP_CUSE2,FI,,NaN,,NaN
A,GE10,C24_C25,P_CUSE,PC_EMP_CUSE2,FR,,NaN,,NaN
A,GE10,C24_C25,P_CUSE,PC_EMP_CUSE2,HR,,NaN,,NaN
A,GE10,C24_C25,P_CUSE,PC_EMP_CUSE2,HU,,NaN,,NaN
A,GE10,C24_C25,P_CUSE,PC_EMP_CUSE2,IE,,NaN,,NaN
A,GE10,C24_C25,P_CUSE,PC_EMP_CUSE2,IT,,NaN,,NaN
A,GE10,C24_C25,P_CUSE,PC_EMP_CUSE2,LT,,NaN,,NaN
A,GE10,C24_C25,P_CUSE,PC_EMP_CUSE2,MK,,NaN,,NaN
A,GE10,C24_C25,P_CUSE,PC_EMP_CUSE2,MT,,NaN,,NaN
A,GE10,C24_C25,P_CUSE,PC_EMP_CUSE2,NL,,NaN,,NaN
A,GE10,C24_C25,P_CUSE,PC_EMP_CUSE2,NO,,NaN,,NaN
A,GE10,C24_C25,P_CUSE,PC_EMP_CUSE2,PL,,NaN,,NaN
A,GE10,C24_C25,P_CUSE,PC_EMP_CUSE2,PT,,NaN,,NaN
A,GE10,C24_C25,P_CUSE,PC_EMP_CUSE2,RO,,NaN,,NaN
A,GE10,C24_C25,P_CUSE,PC_EMP_CUSE2,RS,,NaN,,NaN
A,GE10,C24_C25,P_CUSE,PC_EMP_CUSE2,SI,,NaN,,NaN
A,GE10,C24_C25,P_CUSE,PC_EMP_CUSE2,SK,,NaN,,NaN
A,GE10,C24_C25,P_CUSE,PC_EMP_CUSE2,UK,,NaN,,NaN
A,GE10,C24_C25,P_IUSE,PC_EMP,AL,,NaN,,NaN
A,GE10,C24_C25,P_IUSE,PC_EMP,AT,,u,,u
A,GE10,C24_C25,P_IUSE,PC_EMP,BA,,NaN,24.14,NaN
A,GE10,C24_C25,P_IUSE,PC_EMP,BE,45.02,NaN,52.86,NaN
A,GE10,C24_C25,P_IUSE,PC_EMP,BG,15.63,NaN,18.32,NaN
A,GE10,C24_C25,P_IUSE,PC_EMP,CY,27.62,NaN,34.36,NaN
A,GE10,C24_C25,P_IUSE,PC_EMP,CZ,28.77,NaN,40.18,NaN
A,GE10,C24_C25,P_IUSE,PC_EMP,DE,40.16,NaN,45.05,NaN
A,GE10,C24_C25,P_IUSE,PC_EMP,DK,44.89,NaN,55.0,NaN
A,GE10,C24_C25,P_IUSE,PC_EMP,EA,37.53,NaN,45.12,NaN
A,GE10,C24_C25,P_IUSE,PC_EMP,EE,33.05,NaN,35.64,NaN
A,GE10,C24_C25,P_IUSE,PC_EMP,EL,31.95,NaN,39.39,NaN
A,GE10,C24_C25,P_IUSE,PC_EMP,ES,34.23,NaN,40.03,NaN
A,GE10,C24_C25,P_IUSE,PC_EMP,EU15,38.87,NaN,,NaN
A,GE10,C24_C25,P_IUSE,PC_EMP,EU25,,NaN,,NaN
A,GE10,C24_C25,P_IUSE,PC_EMP,EU27_2007,35.75,NaN,,NaN
A,GE10,C24_C25,P_IUSE,PC_EMP,EU27_2020,35.19,NaN,42.8,NaN
A,GE10,C24_C25,P_IUSE,PC_EMP,EU28,35.67,NaN,,NaN
A,GE10,C24_C25,P_IUSE,PC_EMP,FI,48.2,NaN,63.02,NaN
A,GE10,C24_C25,P_IUSE,PC_EMP,FR,41.36,NaN,49.26,NaN
A,GE10,C24_C25,P_IUSE,PC_EMP,HR,23.27,NaN,32.93,NaN
A,GE10,C24_C25,P_IUSE,PC_EMP,HU,24.75,NaN,29.48,NaN
A,GE10,C24_C25,P_IUSE,PC_EMP,IE,38.21,NaN,40.93,NaN
A,GE10,C24_C25,P_IUSE,PC_EMP,IS,,NaN,100.0,NaN
A,GE10,C24_C25,P_IUSE,PC_EMP,IT,28.93,NaN,43.2,NaN
A,GE10,C24_C25,P_IUSE,PC_EMP,LT,28.13,NaN,46.18,NaN
A,GE10,C24_C25,P_IUSE,PC_EMP,LU,,NaN,,NaN
A,GE10,C24_C25,P_IUSE,PC_EMP,LV,28.45,NaN,34.22,NaN
A,GE10,C24_C25,P_IUSE,PC_EMP,ME,,u,21.08,NaN
A,GE10,C24_C25,P_IUSE,PC_EMP,MK,18.14,NaN,22.75,NaN
A,GE10,C24_C25,P_IUSE,PC_EMP,MT,33.83,NaN,28.6,NaN
A,GE10,C24_C25,P_IUSE,PC_EMP,NL,48.48,NaN,57.19,NaN
A,GE10,C24_C25,P_IUSE,PC_EMP,NO,58.83,NaN,77.75,NaN
A,GE10,C24_C25,P_IUSE,PC_EMP,PL,27.42,NaN,33.72,NaN
A,GE10,C24_C25,P_IUSE,PC_EMP,PT,24.24,NaN,30.19,NaN
A,GE10,C24_C25,P_IUSE,PC_EMP,RO,20.22,NaN,24.55,NaN
A,GE10,C24_C25,P_IUSE,PC_EMP,RS,,NaN,32.61,NaN
A,GE10,C24_C25,P_IUSE,PC_EMP,SE,57.71,NaN,76.62,NaN
A,GE10,C24_C25,P_IUSE,PC_EMP,SI,36.21,NaN,39.73,NaN
A,GE10,C24_C25,P_IUSE,PC_EMP,SK,30.89,NaN,32.9,NaN
A,GE10,C24_C25,P_IUSE,PC_EMP,TR,23.27,NaN,,NaN
A,GE10,C24_C25,P_IUSE,PC_EMP,UK,41.27,NaN,46.5,NaN
A,GE10,C24_C25,P_IUSE,PC_EMP_CUSE,AT,,NaN,,NaN
A,GE10,C24_C25,P_IUSE,PC_EMP_CUSE,BA,,NaN,,NaN
A,GE10,C24_C25,P_IUSE,PC_EMP_CUSE,BE,79.06,NaN,,NaN
A,GE10,C24_C25,P_IUSE,PC_EMP_CUSE,BG,79.7,NaN,,NaN
A,GE10,C24_C25,P_IUSE,PC_EMP_CUSE,CY,85.35,NaN,,NaN
A,GE10,C24_C25,P_IUSE,PC_EMP_CUSE,CZ,75.97,NaN,,NaN
A,GE10,C24_C25,P_IUSE,PC_EMP_CUSE,DE,77.37,NaN,,NaN
A,GE10,C24_C25,P_IUSE,PC_EMP_CUSE,DK,,NaN,,NaN
A,GE10,C24_C25,P_IUSE,PC_EMP_CUSE,EA,77.36,NaN,,NaN
A,GE10,C24_C25,P_IUSE,PC_EMP_CUSE,EE,95.13,NaN,,NaN
A,GE10,C24_C25,P_IUSE,PC_EMP_CUSE,EL,73.43,NaN,,NaN
A,GE10,C24_C25,P_IUSE,PC_EMP_CUSE,ES,73.55,NaN,,NaN
A,GE10,C24_C25,P_IUSE,PC_EMP_CUSE,EU15,77.89,NaN,,NaN
A,GE10,C24_C25,P_IUSE,PC_EMP_CUSE,EU25,,NaN,,NaN
A,GE10,C24_C25,P_IUSE,PC_EMP_CUSE,EU27_2007,78.75,NaN,,NaN
A,GE10,C24_C25,P_IUSE,PC_EMP_CUSE,EU27_2020,78.24,NaN,,NaN
A,GE10,C24_C25,P_IUSE,PC_EMP_CUSE,EU28,78.78,NaN,,NaN
A,GE10,C24_C25,P_IUSE,PC_EMP_CUSE,FI,68.48,NaN,,NaN
A,GE10,C24_C25,P_IUSE,PC_EMP_CUSE,FR,,NaN,,NaN
A,GE10,C24_C25,P_IUSE,PC_EMP_CUSE,HR,85.6,NaN,,NaN
A,GE10,C24_C25,P_IUSE,PC_EMP_CUSE,HU,74.77,NaN,,NaN
A,GE10,C24_C25,P_IUSE,PC_EMP_CUSE,IE,86.32,NaN,,NaN
A,GE10,C24_C25,P_IUSE,PC_EMP_CUSE,IS,,NaN,,NaN
A,GE10,C24_C25,P_IUSE,PC_EMP_CUSE,IT,76.3,NaN,,NaN
A,GE10,C24_C25,P_IUSE,PC_EMP_CUSE,LT,82.19,NaN,,NaN
A,GE10,C24_C25,P_IUSE,PC_EMP_CUSE,LV,,NaN,,NaN
A,GE10,C24_C25,P_IUSE,PC_EMP_CUSE,ME,,u,,NaN
A,GE10,C24_C25,P_IUSE,PC_EMP_CUSE,MK,66.49,NaN,,NaN
A,GE10,C24_C25,P_IUSE,PC_EMP_CUSE,MT,,NaN,,NaN
A,GE10,C24_C25,P_IUSE,PC_EMP_CUSE,NL,86.29,NaN,,NaN
A,GE10,C24_C25,P_IUSE,PC_EMP_CUSE,NO,87.15,NaN,,NaN
A,GE10,C24_C25,P_IUSE,PC_EMP_CUSE,PL,86.83,NaN,,NaN
A,GE10,C24_C25,P_IUSE,PC_EMP_CUSE,PT,79.64,NaN,,NaN
A,GE10,C24_C25,P_IUSE,PC_EMP_CUSE,RO,84.72,NaN,,NaN
A,GE10,C24_C25,P_IUSE,PC_EMP_CUSE,RS,,NaN,,NaN
A,GE10,C24_C25,P_IUSE,PC_EMP_CUSE,SE,,NaN,,NaN
A,GE10,C24_C25,P_IUSE,PC_EMP_CUSE,SI,90.38,NaN,,NaN
A,GE10,C24_C25,P_IUSE,PC_EMP_CUSE,SK,79.24,NaN,,NaN
A,GE10,C24_C25,P_IUSE,PC_EMP_CUSE,TR,,NaN,,NaN
A,GE10,C24_C25,P_IUSE,PC_EMP_CUSE,UK,83.35,NaN,,NaN
A,GE10,C24_C25,P_IUSE,PC_EMP_CUSE2,AT,,NaN,,NaN
A,GE10,C24_C25,P_IUSE,PC_EMP_CUSE2,BE,,NaN,,NaN
A,GE10,C24_C25,P_IUSE,PC_EMP_CUSE2,BG,,NaN,,NaN
A,GE10,C24_C25,P_IUSE,PC_EMP_CUSE2,CY,,NaN,,NaN
A,GE10,C24_C25,P_IUSE,PC_EMP_CUSE2,CZ,,NaN,,NaN
A,GE10,C24_C25,P_IUSE,PC_EMP_CUSE2,DE,,NaN,,NaN
A,GE10,C24_C25,P_IUSE,PC_EMP_CUSE2,DK,,NaN,,NaN
A,GE10,C24_C25,P_IUSE,PC_EMP_CUSE2,EA,,NaN,,NaN
A,GE10,C24_C25,P_IUSE,PC_EMP_CUSE2,EE,,NaN,,NaN
A,GE10,C24_C25,P_IUSE,PC_EMP_CUSE2,EL,,NaN,,NaN
A,GE10,C24_C25,P_IUSE,PC_EMP_CUSE2,ES,,NaN,,NaN
A,GE10,C24_C25,P_IUSE,PC_EMP_CUSE2,EU15,,NaN,,NaN
A,GE10,C24_C25,P_IUSE,PC_EMP_CUSE2,EU27_2007,,NaN,,NaN
A,GE10,C24_C25,P_IUSE,PC_EMP_CUSE2,EU27_2020,,NaN,,NaN
A,GE10,C24_C25,P_IUSE,PC_EMP_CUSE2,EU28,,NaN,,NaN
A,GE10,C24_C25,P_IUSE,PC_EMP_CUSE2,FI,,NaN,,NaN
A,GE10,C24_C25,P_IUSE,PC_EMP_CUSE2,FR,,NaN,,NaN
A,GE10,C24_C25,P_IUSE,PC_EMP_CUSE2,HR,,NaN,,NaN
A,GE10,C24_C25,P_IUSE,PC_EMP_CUSE2,HU,,NaN,,NaN
A,GE10,C24_C25,P_IUSE,PC_EMP_CUSE2,IE,,NaN,,NaN
A,GE10,C24_C25,P_IUSE,PC_EMP_CUSE2,IS,,NaN,,NaN
A,GE10,C24_C25,P_IUSE,PC_EMP_CUSE2,IT,,NaN,,NaN
A,GE10,C24_C25,P_IUSE,PC_EMP_CUSE2,LT,,NaN,,NaN
A,GE10,C24_C25,P_IUSE,PC_EMP_CUSE2,LU,,NaN,,NaN
A,GE10,C24_C25,P_IUSE,PC_EMP_CUSE2,LV,,NaN,,NaN
A,GE10,C24_C25,P_IUSE,PC_EMP_CUSE2,MK,,NaN,,NaN
A,GE10,C24_C25,P_IUSE,PC_EMP_CUSE2,MT,,NaN,,NaN
A,GE10,C24_C25,P_IUSE,PC_EMP_CUSE2,NL,,NaN,,NaN
A,GE10,C24_C25,P_IUSE,PC_EMP_CUSE2,NO,,NaN,,NaN
A,GE10,C24_C25,P_IUSE,PC_EMP_CUSE2,PL,,NaN,,NaN
A,GE10,C24_C25,P_IUSE,PC_EMP_CUSE2,PT,,NaN,,NaN
A,GE10,C24_C25,P_IUSE,PC_EMP_CUSE2,RO,,NaN,,NaN
A,GE10,C24_C25,P_IUSE,PC_EMP_CUSE2,RS,,NaN,,NaN
A,GE10,C24_C25,P_IUSE,PC_EMP_CUSE2,SE,,NaN,,NaN
A,GE10,C24_C25,P_IUSE,PC_EMP_CUSE2,SI,,NaN,,NaN
A,GE10,C24_C25,P_IUSE,PC_EMP_CUSE2,SK,,NaN,,NaN
A,GE10,C24_C25,P_IUSE,PC_EMP_CUSE2,TR,,NaN,,NaN
A,GE10,C24_C25,P_IUSE,PC_EMP_CUSE2,UK,,NaN,,NaN
A,GE10,C24_C25,P_IUSE,PC_EMP_IACC,AT,,NaN,,NaN
A,GE10,C24_C25,P_IUSE,PC_EMP_IACC,BE,,NaN,,NaN
A,GE10,C24_C25,P_IUSE,PC_EMP_IACC,BG,,NaN,,NaN
A,GE10,C24_C25,P_IUSE,PC_EMP_IACC,CY,,NaN,,NaN
A,GE10,C24_C25,P_IUSE,PC_EMP_IACC,CZ,,NaN,,NaN
A,GE10,C24_C25,P_IUSE,PC_EMP_IACC,DE,,NaN,,NaN
A,GE10,C24_C25,P_IUSE,PC_EMP_IACC,DK,,NaN,,NaN
A,GE10,C24_C25,P_IUSE,PC_EMP_IACC,EA,,NaN,,NaN
A,GE10,C24_C25,P_IUSE,PC_EMP_IACC,EE,,NaN,,NaN
A,GE10,C24_C25,P_IUSE,PC_EMP_IACC,EL,,NaN,,NaN
A,GE10,C24_C25,P_IUSE,PC_EMP_IACC,ES,,NaN,,NaN
A,GE10,C24_C25,P_IUSE,PC_EMP_IACC,EU15,,NaN,,NaN
A,GE10,C24_C25,P_IUSE,PC_EMP_IACC,EU27_2007,,NaN,,NaN
A,GE10,C24_C25,P_IUSE,PC_EMP_IACC,EU27_2020,,NaN,,NaN
A,GE10,C24_C25,P_IUSE,PC_EMP_IACC,EU28,,NaN,,NaN
A,GE10,C24_C25,P_IUSE,PC_EMP_IACC,FI,,NaN,,NaN
A,GE10,C24_C25,P_IUSE,PC_EMP_IACC,FR,,NaN,,NaN
A,GE10,C24_C25,P_IUSE,PC_EMP_IACC,HR,,NaN,,NaN
A,GE10,C24_C25,P_IUSE,PC_EMP_IACC,HU,,NaN,,NaN
A,GE10,C24_C25,P_IUSE,PC_EMP_IACC,IE,,NaN,,NaN
A,GE10,C24_C25,P_IUSE,PC_EMP_IACC,IS,,NaN,,NaN
A,GE10,C24_C25,P_IUSE,PC_EMP_IACC,IT,,NaN,,NaN
A,GE10,C24_C25,P_IUSE,PC_EMP_IACC,LT,,NaN,,NaN
A,GE10,C24_C25,P_IUSE,PC_EMP_IACC,LU,,NaN,,NaN
A,GE10,C24_C25,P_IUSE,PC_EMP_IACC,LV,,NaN,,NaN
A,GE10,C24_C25,P_IUSE,PC_EMP_IACC,MK,,NaN,,NaN
A,GE10,C24_C25,P_IUSE,PC_EMP_IACC,MT,,NaN,,NaN
A,GE10,C24_C25,P_IUSE,PC_EMP_IACC,NL,,NaN,,NaN
A,GE10,C24_C25,P_IUSE,PC_EMP_IACC,NO,,NaN,,NaN
A,GE10,C24_C25,P_IUSE,PC_EMP_IACC,PL,,NaN,,NaN
A,GE10,C24_C25,P_IUSE,PC_EMP_IACC,PT,,NaN,,NaN
A,GE10,C24_C25,P_IUSE,PC_EMP_IACC,RO,,NaN,,NaN
A,GE10,C24_C25,P_IUSE,PC_EMP_IACC,RS,,NaN,,NaN
A,GE10,C24_C25,P_IUSE,PC_EMP_IACC,SE,,NaN,,NaN
A,GE10,C24_C25,P_IUSE,PC_EMP_IACC,SI,,NaN,,NaN
A,GE10,C24_C25,P_IUSE,PC_EMP_IACC,SK,,NaN,,NaN
A,GE10,C24_C25,P_IUSE,PC_EMP_IACC,TR,,NaN,,NaN
A,GE10,C24_C25,P_IUSE,PC_EMP_IACC,UK,,NaN,,NaN
A,GE10,C26,P_CUSE,PC_EMP,AT,,NaN,,NaN
A,GE10,C26,P_CUSE,PC_EMP,BA,,NaN,,NaN
A,GE10,C26,P_CUSE,PC_EMP,BE,,u,,NaN
A,GE10,C26,P_CUSE,PC_EMP,BG,41.02,NaN,,NaN
A,GE10,C26,P_CUSE,PC_EMP,CY,,u,,NaN
A,GE10,C26,P_CUSE,PC_EMP,CZ,61.96,NaN,,NaN
A,GE10,C26,P_CUSE,PC_EMP,DE,83.79,NaN,,NaN
A,GE10,C26,P_CUSE,PC_EMP,DK,,NaN,,NaN
A,GE10,C26,P_CUSE,PC_EMP,EA,81.09,NaN,,NaN
A,GE10,C26,P_CUSE,PC_EMP,EE,73.16,NaN,,NaN
A,GE10,C26,P_CUSE,PC_EMP,EL,81.16,NaN,,NaN
A,GE10,C26,P_CUSE,PC_EMP,ES,,u,,NaN
A,GE10,C26,P_CUSE,PC_EMP,EU15,82.55,NaN,,NaN
A,GE10,C26,P_CUSE,PC_EMP,EU25,,NaN,,NaN
A,GE10,C26,P_CUSE,PC_EMP,EU27_2007,75.75,NaN,,NaN
A,GE10,C26,P_CUSE,PC_EMP,EU27_2020,74.63,NaN,,NaN
A,GE10,C26,P_CUSE,PC_EMP,EU28,75.71,NaN,,NaN
A,GE10,C26,P_CUSE,PC_EMP,FI,94.89,NaN,,NaN
A,GE10,C26,P_CUSE,PC_EMP,FR,,NaN,,NaN
A,GE10,C26,P_CUSE,PC_EMP,HR,69.24,NaN,,NaN
A,GE10,C26,P_CUSE,PC_EMP,HU,63.82,NaN,,NaN
A,GE10,C26,P_CUSE,PC_EMP,IE,78.79,NaN,,NaN
A,GE10,C26,P_CUSE,PC_EMP,IS,,NaN,,NaN
A,GE10,C26,P_CUSE,PC_EMP,IT,75.7,NaN,,NaN
A,GE10,C26,P_CUSE,PC_EMP,LT,67.93,NaN,,NaN
A,GE10,C26,P_CUSE,PC_EMP,LU,,NaN,,NaN
A,GE10,C26,P_CUSE,PC_EMP,LV,,NaN,,NaN
A,GE10,C26,P_CUSE,PC_EMP,ME,,NaN,,NaN
A,GE10,C26,P_CUSE,PC_EMP,MK,29.25,NaN,,NaN
A,GE10,C26,P_CUSE,PC_EMP,MT,,NaN,,NaN
A,GE10,C26,P_CUSE,PC_EMP,NL,87.44,NaN,,NaN
A,GE10,C26,P_CUSE,PC_EMP,NO,96.19,NaN,,NaN
A,GE10,C26,P_CUSE,PC_EMP,PL,54.59,NaN,,NaN
A,GE10,C26,P_CUSE,PC_EMP,PT,63.83,NaN,,NaN
A,GE10,C26,P_CUSE,PC_EMP,RO,41.29,NaN,,NaN
A,GE10,C26,P_CUSE,PC_EMP,RS,,NaN,,NaN
A,GE10,C26,P_CUSE,PC_EMP,SE,,NaN,,NaN
A,GE10,C26,P_CUSE,PC_EMP,SI,60.29,NaN,,NaN
A,GE10,C26,P_CUSE,PC_EMP,SK,48.91,NaN,,NaN
A,GE10,C26,P_CUSE,PC_EMP,TR,,NaN,,NaN
A,GE10,C26,P_CUSE,PC_EMP,UK,83.15,NaN,,NaN
A,GE10,C26,P_CUSE,PC_EMP_CUSE2,AT,,NaN,,NaN
A,GE10,C26,P_CUSE,PC_EMP_CUSE2,BE,,NaN,,NaN
A,GE10,C26,P_CUSE,PC_EMP_CUSE2,BG,,NaN,,NaN
A,GE10,C26,P_CUSE,PC_EMP_CUSE2,CY,,NaN,,NaN
A,GE10,C26,P_CUSE,PC_EMP_CUSE2,CZ,,NaN,,NaN
A,GE10,C26,P_CUSE,PC_EMP_CUSE2,DE,,NaN,,NaN
A,GE10,C26,P_CUSE,PC_EMP_CUSE2,DK,,NaN,,NaN
A,GE10,C26,P_CUSE,PC_EMP_CUSE2,EA,,NaN,,NaN
A,GE10,C26,P_CUSE,PC_EMP_CUSE2,EE,,NaN,,NaN
A,GE10,C26,P_CUSE,PC_EMP_CUSE2,EL,,NaN,,NaN
A,GE10,C26,P_CUSE,PC_EMP_CUSE2,ES,,NaN,,NaN
A,GE10,C26,P_CUSE,PC_EMP_CUSE2,EU15,,NaN,,NaN
A,GE10,C26,P_CUSE,PC_EMP_CUSE2,EU27_2007,,NaN,,NaN
A,GE10,C26,P_CUSE,PC_EMP_CUSE2,EU27_2020,,NaN,,NaN
A,GE10,C26,P_CUSE,PC_EMP_CUSE2,EU28,,NaN,,NaN
A,GE10,C26,P_CUSE,PC_EMP_CUSE2,FI,,NaN,,NaN
A,GE10,C26,P_CUSE,PC_EMP_CUSE2,FR,,NaN,,NaN
A,GE10,C26,P_CUSE,PC_EMP_CUSE2,HR,,NaN,,NaN
A,GE10,C26,P_CUSE,PC_EMP_CUSE2,HU,,NaN,,NaN
A,GE10,C26,P_CUSE,PC_EMP_CUSE2,IE,,NaN,,NaN
A,GE10,C26,P_CUSE,PC_EMP_CUSE2,IT,,NaN,,NaN
A,GE10,C26,P_CUSE,PC_EMP_CUSE2,LT,,NaN,,NaN
A,GE10,C26,P_CUSE,PC_EMP_CUSE2,MK,,NaN,,NaN
A,GE10,C26,P_CUSE,PC_EMP_CUSE2,MT,,NaN,,NaN
A,GE10,C26,P_CUSE,PC_EMP_CUSE2,NL,,NaN,,NaN
A,GE10,C26,P_CUSE,PC_EMP_CUSE2,NO,,NaN,,NaN
A,GE10,C26,P_CUSE,PC_EMP_CUSE2,PL,,NaN,,NaN
A,GE10,C26,P_CUSE,PC_EMP_CUSE2,PT,,NaN,,NaN
A,GE10,C26,P_CUSE,PC_EMP_CUSE2,RO,,NaN,,NaN
A,GE10,C26,P_CUSE,PC_EMP_CUSE2,RS,,NaN,,NaN
A,GE10,C26,P_CUSE,PC_EMP_CUSE2,SI,,NaN,,NaN
A,GE10,C26,P_CUSE,PC_EMP_CUSE2,SK,,NaN,,NaN
A,GE10,C26,P_CUSE,PC_EMP_CUSE2,UK,,NaN,,NaN
A,GE10,C26,P_IUSE,PC_EMP,AT,,u,,u
A,GE10,C26,P_IUSE,PC_EMP,BA,,NaN,51.2,NaN
A,GE10,C26,P_IUSE,PC_EMP,BE,,u,,u
A,GE10,C26,P_IUSE,PC_EMP,BG,36.4,NaN,38.64,NaN
A,GE10,C26,P_IUSE,PC_EMP,CY,,u,,NaN
A,GE10,C26,P_IUSE,PC_EMP,CZ,40.36,NaN,56.99,NaN
A,GE10,C26,P_IUSE,PC_EMP,DE,69.79,NaN,82.13,NaN
A,GE10,C26,P_IUSE,PC_EMP,DK,80.75,NaN,88.02,NaN
A,GE10,C26,P_IUSE,PC_EMP,EA,71.14,NaN,79.91,NaN
A,GE10,C26,P_IUSE,PC_EMP,EE,57.45,NaN,68.9,NaN
A,GE10,C26,P_IUSE,PC_EMP,EL,78.77,NaN,63.74,NaN
A,GE10,C26,P_IUSE,PC_EMP,ES,,u,,u
A,GE10,C26,P_IUSE,PC_EMP,EU15,73.84,NaN,,NaN
A,GE10,C26,P_IUSE,PC_EMP,EU25,,NaN,,NaN
A,GE10,C26,P_IUSE,PC_EMP,EU27_2007,67.17,NaN,,NaN
A,GE10,C26,P_IUSE,PC_EMP,EU27_2020,66.12,NaN,74.32,NaN
A,GE10,C26,P_IUSE,PC_EMP,EU28,67.17,NaN,,NaN
A,GE10,C26,P_IUSE,PC_EMP,FI,91.94,NaN,,u
A,GE10,C26,P_IUSE,PC_EMP,FR,77.65,NaN,80.9,NaN
A,GE10,C26,P_IUSE,PC_EMP,HR,67.23,NaN,52.19,NaN
A,GE10,C26,P_IUSE,PC_EMP,HU,41.44,NaN,48.5,NaN
A,GE10,C26,P_IUSE,PC_EMP,IE,76.47,NaN,84.5,NaN
A,GE10,C26,P_IUSE,PC_EMP,IS,,NaN,100.0,NaN
A,GE10,C26,P_IUSE,PC_EMP,IT,63.19,NaN,72.57,NaN
A,GE10,C26,P_IUSE,PC_EMP,LT,61.55,NaN,77.53,NaN
A,GE10,C26,P_IUSE,PC_EMP,LU,,NaN,,NaN
A,GE10,C26,P_IUSE,PC_EMP,LV,60.84,NaN,57.15,NaN
A,GE10,C26,P_IUSE,PC_EMP,ME,,NaN,,NaN
A,GE10,C26,P_IUSE,PC_EMP,MK,29.25,NaN,63.75,NaN
A,GE10,C26,P_IUSE,PC_EMP,MT,24.09,NaN,,NaN
A,GE10,C26,P_IUSE,PC_EMP,NL,82.47,NaN,79.74,NaN
A,GE10,C26,P_IUSE,PC_EMP,NO,96.19,NaN,94.93,NaN
A,GE10,C26,P_IUSE,PC_EMP,PL,45.16,NaN,60.46,NaN
A,GE10,C26,P_IUSE,PC_EMP,PT,52.88,NaN,72.04,NaN
A,GE10,C26,P_IUSE,PC_EMP,RO,37.08,NaN,38.52,NaN
A,GE10,C26,P_IUSE,PC_EMP,RS,,NaN,70.75,NaN
A,GE10,C26,P_IUSE,PC_EMP,SE,93.81,NaN,88.73,NaN
A,GE10,C26,P_IUSE,PC_EMP,SI,55.51,NaN,68.58,NaN
A,GE10,C26,P_IUSE,PC_EMP,SK,34.26,NaN,41.78,NaN
A,GE10,C26,P_IUSE,PC_EMP,TR,40.28,NaN,,NaN
A,GE10,C26,P_IUSE,PC_EMP,UK,76.31,NaN,,u
A,GE10,C26,P_IUSE,PC_EMP_CUSE,AT,,NaN,,NaN
A,GE10,C26,P_IUSE,PC_EMP_CUSE,BA,,NaN,,NaN
A,GE10,C26,P_IUSE,PC_EMP_CUSE,BE,,u,,NaN
A,GE10,C26,P_IUSE,PC_EMP_CUSE,BG,88.74,NaN,,NaN
A,GE10,C26,P_IUSE,PC_EMP_CUSE,CY,,u,,NaN
A,GE10,C26,P_IUSE,PC_EMP_CUSE,CZ,65.15,NaN,,NaN
A,GE10,C26,P_IUSE,PC_EMP_CUSE,DE,83.29,NaN,,NaN
A,GE10,C26,P_IUSE,PC_EMP_CUSE,DK,,NaN,,NaN
A,GE10,C26,P_IUSE,PC_EMP_CUSE,EA,85.39,NaN,,NaN
A,GE10,C26,P_IUSE,PC_EMP_CUSE,EE,78.52,NaN,,NaN
A,GE10,C26,P_IUSE,PC_EMP_CUSE,EL,97.06,NaN,,NaN
A,GE10,C26,P_IUSE,PC_EMP_CUSE,ES,,u,,NaN
A,GE10,C26,P_IUSE,PC_EMP_CUSE,EU15,86.69,NaN,,NaN
A,GE10,C26,P_IUSE,PC_EMP_CUSE,EU25,,NaN,,NaN
A,GE10,C26,P_IUSE,PC_EMP_CUSE,EU27_2007,84.49,NaN,,NaN
A,GE10,C26,P_IUSE,PC_EMP_CUSE,EU27_2020,83.37,NaN,,NaN
A,GE10,C26,P_IUSE,PC_EMP_CUSE,EU28,84.55,NaN,,NaN
A,GE10,C26,P_IUSE,PC_EMP_CUSE,FI,96.89,NaN,,NaN
A,GE10,C26,P_IUSE,PC_EMP_CUSE,FR,,NaN,,NaN
A,GE10,C26,P_IUSE,PC_EMP_CUSE,HR,97.11,NaN,,NaN
A,GE10,C26,P_IUSE,PC_EMP_CUSE,HU,64.93,NaN,,NaN
A,GE10,C26,P_IUSE,PC_EMP_CUSE,IE,97.05,NaN,,NaN
A,GE10,C26,P_IUSE,PC_EMP_CUSE,IS,,NaN,,NaN
A,GE10,C26,P_IUSE,PC_EMP_CUSE,IT,83.47,NaN,,NaN
A,GE10,C26,P_IUSE,PC_EMP_CUSE,LT,90.61,NaN,,NaN
A,GE10,C26,P_IUSE,PC_EMP_CUSE,LU,,NaN,,NaN
A,GE10,C26,P_IUSE,PC_EMP_CUSE,LV,,NaN,,NaN
A,GE10,C26,P_IUSE,PC_EMP_CUSE,ME,,NaN,,NaN
A,GE10,C26,P_IUSE,PC_EMP_CUSE,MK,100.0,NaN,,NaN
A,GE10,C26,P_IUSE,PC_EMP_CUSE,MT,,NaN,,NaN
A,GE10,C26,P_IUSE,PC_EMP_CUSE,NL,94.32,NaN,,NaN
A,GE10,C26,P_IUSE,PC_EMP_CUSE,NO,100.0,NaN,,NaN
A,GE10,C26,P_IUSE,PC_EMP_CUSE,PL,82.74,NaN,,NaN
A,GE10,C26,P_IUSE,PC_EMP_CUSE,PT,82.85,NaN,,NaN
A,GE10,C26,P_IUSE,PC_EMP_CUSE,RO,89.8,NaN,,NaN
A,GE10,C26,P_IUSE,PC_EMP_CUSE,RS,,NaN,,NaN
A,GE10,C26,P_IUSE,PC_EMP_CUSE,SE,,NaN,,NaN
A,GE10,C26,P_IUSE,PC_EMP_CUSE,SI,92.08,NaN,,NaN
A,GE10,C26,P_IUSE,PC_EMP_CUSE,SK,70.06,NaN,,NaN
A,GE10,C26,P_IUSE,PC_EMP_CUSE,TR,,NaN,,NaN
A,GE10,C26,P_IUSE,PC_EMP_CUSE,UK,91.78,NaN,,NaN
A,GE10,C26,P_IUSE,PC_EMP_CUSE2,AT,,NaN,,NaN
A,GE10,C26,P_IUSE,PC_EMP_CUSE2,BE,,NaN,,NaN
A,GE10,C26,P_IUSE,PC_EMP_CUSE2,BG,,NaN,,NaN
A,GE10,C26,P_IUSE,PC_EMP_CUSE2,CY,,NaN,,NaN
A,GE10,C26,P_IUSE,PC_EMP_CUSE2,CZ,,NaN,,NaN
A,GE10,C26,P_IUSE,PC_EMP_CUSE2,DE,,NaN,,NaN
A,GE10,C26,P_IUSE,PC_EMP_CUSE2,DK,,NaN,,NaN
A,GE10,C26,P_IUSE,PC_EMP_CUSE2,EA,,NaN,,NaN
A,GE10,C26,P_IUSE,PC_EMP_CUSE2,EE,,NaN,,NaN
A,GE10,C26,P_IUSE,PC_EMP_CUSE2,EL,,NaN,,NaN
A,GE10,C26,P_IUSE,PC_EMP_CUSE2,ES,,NaN,,NaN
A,GE10,C26,P_IUSE,PC_EMP_CUSE2,EU15,,NaN,,NaN
A,GE10,C26,P_IUSE,PC_EMP_CUSE2,EU27_2007,,NaN,,NaN
A,GE10,C26,P_IUSE,PC_EMP_CUSE2,EU27_2020,,NaN,,NaN
A,GE10,C26,P_IUSE,PC_EMP_CUSE2,EU28,,NaN,,NaN
A,GE10,C26,P_IUSE,PC_EMP_CUSE2,FI,,NaN,,NaN
A,GE10,C26,P_IUSE,PC_EMP_CUSE2,FR,,NaN,,NaN
A,GE10,C26,P_IUSE,PC_EMP_CUSE2,HR,,NaN,,NaN
A,GE10,C26,P_IUSE,PC_EMP_CUSE2,HU,,NaN,,NaN
A,GE10,C26,P_IUSE,PC_EMP_CUSE2,IE,,NaN,,NaN
A,GE10,C26,P_IUSE,PC_EMP_CUSE2,IS,,NaN,,NaN
A,GE10,C26,P_IUSE,PC_EMP_CUSE2,IT,,NaN,,NaN
A,GE10,C26,P_IUSE,PC_EMP_CUSE2,LT,,NaN,,NaN
A,GE10,C26,P_IUSE,PC_EMP_CUSE2,LU,,NaN,,NaN
A,GE10,C26,P_IUSE,PC_EMP_CUSE2,LV,,NaN,,NaN
A,GE10,C26,P_IUSE,PC_EMP_CUSE2,MK,,NaN,,NaN
A,GE10,C26,P_IUSE,PC_EMP_CUSE2,MT,,NaN,,NaN
A,GE10,C26,P_IUSE,PC_EMP_CUSE2,NL,,NaN,,NaN
A,GE10,C26,P_IUSE,PC_EMP_CUSE2,NO,,NaN,,NaN
A,GE10,C26,P_IUSE,PC_EMP_CUSE2,PL,,NaN,,NaN
A,GE10,C26,P_IUSE,PC_EMP_CUSE2,PT,,NaN,,NaN
A,GE10,C26,P_IUSE,PC_EMP_CUSE2,RO,,NaN,,NaN
A,GE10,C26,P_IUSE,PC_EMP_CUSE2,RS,,NaN,,NaN
A,GE10,C26,P_IUSE,PC_EMP_CUSE2,SE,,NaN,,NaN
A,GE10,C26,P_IUSE,PC_EMP_CUSE2,SI,,NaN,,NaN
A,GE10,C26,P_IUSE,PC_EMP_CUSE2,SK,,NaN,,NaN
A,GE10,C26,P_IUSE,PC_EMP_CUSE2,TR,,NaN,,NaN
A,GE10,C26,P_IUSE,PC_EMP_CUSE2,UK,,NaN,,NaN
A,GE10,C26,P_IUSE,PC_EMP_IACC,AT,,NaN,,NaN
A,GE10,C26,P_IUSE,PC_EMP_IACC,BE,,NaN,,NaN
A,GE10,C26,P_IUSE,PC_EMP_IACC,BG,,NaN,,NaN
A,GE10,C26,P_IUSE,PC_EMP_IACC,CY,,NaN,,NaN
A,GE10,C26,P_IUSE,PC_EMP_IACC,CZ,,NaN,,NaN
A,GE10,C26,P_IUSE,PC_EMP_IACC,DE,,NaN,,NaN
A,GE10,C26,P_IUSE,PC_EMP_IACC,DK,,NaN,,NaN
A,GE10,C26,P_IUSE,PC_EMP_IACC,EA,,NaN,,NaN
A,GE10,C26,P_IUSE,PC_EMP_IACC,EE,,NaN,,NaN
A,GE10,C26,P_IUSE,PC_EMP_IACC,EL,,NaN,,NaN
A,GE10,C26,P_IUSE,PC_EMP_IACC,ES,,NaN,,NaN
A,GE10,C26,P_IUSE,PC_EMP_IACC,EU15,,NaN,,NaN
A,GE10,C26,P_IUSE,PC_EMP_IACC,EU27_2007,,NaN,,NaN
A,GE10,C26,P_IUSE,PC_EMP_IACC,EU27_2020,,NaN,,NaN
A,GE10,C26,P_IUSE,PC_EMP_IACC,EU28,,NaN,,NaN
A,GE10,C26,P_IUSE,PC_EMP_IACC,FI,,NaN,,NaN
A,GE10,C26,P_IUSE,PC_EMP_IACC,FR,,NaN,,NaN
A,GE10,C26,P_IUSE,PC_EMP_IACC,HR,,NaN,,NaN
A,GE10,C26,P_IUSE,PC_EMP_IACC,HU,,NaN,,NaN
A,GE10,C26,P_IUSE,PC_EMP_IACC,IE,,NaN,,NaN
A,GE10,C26,P_IUSE,PC_EMP_IACC,IS,,NaN,,NaN
A,GE10,C26,P_IUSE,PC_EMP_IACC,IT,,NaN,,NaN
A,GE10,C26,P_IUSE,PC_EMP_IACC,LT,,NaN,,NaN
A,GE10,C26,P_IUSE,PC_EMP_IACC,LU,,NaN,,NaN
A,GE10,C26,P_IUSE,PC_EMP_IACC,LV,,NaN,,NaN
A,GE10,C26,P_IUSE,PC_EMP_IACC,MK,,NaN,,NaN
A,GE10,C26,P_IUSE,PC_EMP_IACC,MT,,NaN,,NaN
A,GE10,C26,P_IUSE,PC_EMP_IACC,NL,,NaN,,NaN
A,GE10,C26,P_IUSE,PC_EMP_IACC,NO,,NaN,,NaN
A,GE10,C26,P_IUSE,PC_EMP_IACC,PL,,NaN,,NaN
A,GE10,C26,P_IUSE,PC_EMP_IACC,PT,,NaN,,NaN
A,GE10,C26,P_IUSE,PC_EMP_IACC,RO,,NaN,,NaN
A,GE10,C26,P_IUSE,PC_EMP_IACC,RS,,NaN,,NaN
A,GE10,C26,P_IUSE,PC_EMP_IACC,SE,,NaN,,NaN
A,GE10,C26,P_IUSE,PC_EMP_IACC,SI,,NaN,,NaN
A,GE10,C26,P_IUSE,PC_EMP_IACC,SK,,NaN,,NaN
A,GE10,C26,P_IUSE,PC_EMP_IACC,TR,,NaN,,NaN
A,GE10,C26,P_IUSE,PC_EMP_IACC,UK,,NaN,,NaN
A,GE10,C26-C33,P_CUSE,PC_EMP,AT,,NaN,,NaN
A,GE10,C26-C33,P_CUSE,PC_EMP,BA,,NaN,,NaN
A,GE10,C26-C33,P_CUSE,PC_EMP,BE,58.93,NaN,,NaN
A,GE10,C26-C33,P_CUSE,PC_EMP,BG,23.69,NaN,,NaN
A,GE10,C26-C33,P_CUSE,PC_EMP,CY,40.62,NaN,,NaN
A,GE10,C26-C33,P_CUSE,PC_EMP,CZ,46.94,NaN,,NaN
A,GE10,C26-C33,P_CUSE,PC_EMP,DE,68.73,NaN,,NaN
A,GE10,C26-C33,P_CUSE,PC_EMP,DK,,NaN,,NaN
A,GE10,C26-C33,P_CUSE,PC_EMP,EA,62.58,NaN,,NaN
A,GE10,C26-C33,P_CUSE,PC_EMP,EE,44.02,NaN,,NaN
A,GE10,C26-C33,P_CUSE,PC_EMP,EL,46.08,NaN,,NaN
A,GE10,C26-C33,P_CUSE,PC_EMP,ES,58.72,NaN,,NaN
A,GE10,C26-C33,P_CUSE,PC_EMP,EU15,64.33,NaN,,NaN
A,GE10,C26-C33,P_CUSE,PC_EMP,EU25,,NaN,,NaN
A,GE10,C26-C33,P_CUSE,PC_EMP,EU27_2007,57.3,NaN,,NaN
A,GE10,C26-C33,P_CUSE,PC_EMP,EU27_2020,56.05,NaN,,NaN
A,GE10,C26-C33,P_CUSE,PC_EMP,EU28,57.19,NaN,,NaN
A,GE10,C26-C33,P_CUSE,PC_EMP,FI,80.59,NaN,,NaN
A,GE10,C26-C33,P_CUSE,PC_EMP,FR,,NaN,,NaN
A,GE10,C26-C33,P_CUSE,PC_EMP,HR,37.65,NaN,,NaN
A,GE10,C26-C33,P_CUSE,PC_EMP,HU,44.97,NaN,,NaN
A,GE10,C26-C33,P_CUSE,PC_EMP,IE,68.26,NaN,,NaN
A,GE10,C26-C33,P_CUSE,PC_EMP,IS,,NaN,,NaN
A,GE10,C26-C33,P_CUSE,PC_EMP,IT,53.27,NaN,,NaN
A,GE10,C26-C33,P_CUSE,PC_EMP,LT,35.7,NaN,,NaN
A,GE10,C26-C33,P_CUSE,PC_EMP,LU,,NaN,,NaN
A,GE10,C26-C33,P_CUSE,PC_EMP,LV,,NaN,,NaN
A,GE10,C26-C33,P_CUSE,PC_EMP,ME,,u,,NaN
A,GE10,C26-C33,P_CUSE,PC_EMP,MK,25.41,NaN,,NaN
A,GE10,C26-C33,P_CUSE,PC_EMP,MT,,NaN,,NaN
A,GE10,C26-C33,P_CUSE,PC_EMP,NL,57.18,NaN,,NaN
A,GE10,C26-C33,P_CUSE,PC_EMP,NO,75.2,NaN,,NaN
A,GE10,C26-C33,P_CUSE,PC_EMP,PL,37.94,NaN,,NaN
A,GE10,C26-C33,P_CUSE,PC_EMP,PT,43.35,NaN,,NaN
A,GE10,C26-C33,P_CUSE,PC_EMP,RO,28.7,NaN,,NaN
A,GE10,C26-C33,P_CUSE,PC_EMP,RS,,NaN,,NaN
A,GE10,C26-C33,P_CUSE,PC_EMP,SE,,NaN,,NaN
A,GE10,C26-C33,P_CUSE,PC_EMP,SI,50.34,NaN,,NaN
A,GE10,C26-C33,P_CUSE,PC_EMP,SK,42.52,NaN,,NaN
A,GE10,C26-C33,P_CUSE,PC_EMP,TR,,NaN,,NaN
A,GE10,C26-C33,P_CUSE,PC_EMP,UK,68.38,NaN,,NaN
A,GE10,C26-C33,P_CUSE,PC_EMP_CUSE2,AT,,NaN,,NaN
A,GE10,C26-C33,P_CUSE,PC_EMP_CUSE2,BE,,NaN,,NaN
A,GE10,C26-C33,P_CUSE,PC_EMP_CUSE2,BG,,NaN,,NaN
A,GE10,C26-C33,P_CUSE,PC_EMP_CUSE2,CY,,NaN,,NaN
A,GE10,C26-C33,P_CUSE,PC_EMP_CUSE2,CZ,,NaN,,NaN
A,GE10,C26-C33,P_CUSE,PC_EMP_CUSE2,DE,,NaN,,NaN
A,GE10,C26-C33,P_CUSE,PC_EMP_CUSE2,DK,,NaN,,NaN
A,GE10,C26-C33,P_CUSE,PC_EMP_CUSE2,EA,,NaN,,NaN
A,GE10,C26-C33,P_CUSE,PC_EMP_CUSE2,EE,,NaN,,NaN
A,GE10,C26-C33,P_CUSE,PC_EMP_CUSE2,EL,,NaN,,NaN
A,GE10,C26-C33,P_CUSE,PC_EMP_CUSE2,ES,,NaN,,NaN
A,GE10,C26-C33,P_CUSE,PC_EMP_CUSE2,EU15,,NaN,,NaN
A,GE10,C26-C33,P_CUSE,PC_EMP_CUSE2,EU27_2007,,NaN,,NaN
A,GE10,C26-C33,P_CUSE,PC_EMP_CUSE2,EU27_2020,,NaN,,NaN
A,GE10,C26-C33,P_CUSE,PC_EMP_CUSE2,EU28,,NaN,,NaN
A,GE10,C26-C33,P_CUSE,PC_EMP_CUSE2,FI,,NaN,,NaN
A,GE10,C26-C33,P_CUSE,PC_EMP_CUSE2,FR,,NaN,,NaN
A,GE10,C26-C33,P_CUSE,PC_EMP_CUSE2,HR,,NaN,,NaN
A,GE10,C26-C33,P_CUSE,PC_EMP_CUSE2,HU,,NaN,,NaN
A,GE10,C26-C33,P_CUSE,PC_EMP_CUSE2,IE,,NaN,,NaN
A,GE10,C26-C33,P_CUSE,PC_EMP_CUSE2,IT,,NaN,,NaN
A,GE10,C26-C33,P_CUSE,PC_EMP_CUSE2,LT,,NaN,,NaN
A,GE10,C26-C33,P_CUSE,PC_EMP_CUSE2,MK,,NaN,,NaN
A,GE10,C26-C33,P_CUSE,PC_EMP_CUSE2,MT,,NaN,,NaN
A,GE10,C26-C33,P_CUSE,PC_EMP_CUSE2,NL,,NaN,,NaN
A,GE10,C26-C33,P_CUSE,PC_EMP_CUSE2,NO,,NaN,,NaN
A,GE10,C26-C33,P_CUSE,PC_EMP_CUSE2,PL,,NaN,,NaN
A,GE10,C26-C33,P_CUSE,PC_EMP_CUSE2,PT,,NaN,,NaN
A,GE10,C26-C33,P_CUSE,PC_EMP_CUSE2,RO,,NaN,,NaN
A,GE10,C26-C33,P_CUSE,PC_EMP_CUSE2,RS,,NaN,,NaN
A,GE10,C26-C33,P_CUSE,PC_EMP_CUSE2,SI,,NaN,,NaN
A,GE10,C26-C33,P_CUSE,PC_EMP_CUSE2,SK,,NaN,,NaN
A,GE10,C26-C33,P_CUSE,PC_EMP_CUSE2,UK,,NaN,,NaN
A,GE10,C26-C33,P_IUSE,PC_EMP,AL,,NaN,,NaN
A,GE10,C26-C33,P_IUSE,PC_EMP,AT,61.35,NaN,69.48,NaN
A,GE10,C26-C33,P_IUSE,PC_EMP,BA,,NaN,25.64,NaN
A,GE10,C26-C33,P_IUSE,PC_EMP,BE,48.92,NaN,57.2,NaN
A,GE10,C26-C33,P_IUSE,PC_EMP,BG,20.34,NaN,25.7,NaN
A,GE10,C26-C33,P_IUSE,PC_EMP,CY,38.74,NaN,33.67,NaN
A,GE10,C26-C33,P_IUSE,PC_EMP,CZ,34.33,NaN,47.0,NaN
A,GE10,C26-C33,P_IUSE,PC_EMP,DE,60.76,NaN,62.82,NaN
A,GE10,C26-C33,P_IUSE,PC_EMP,DK,71.61,NaN,74.52,NaN
A,GE10,C26-C33,P_IUSE,PC_EMP,EA,56.03,NaN,60.71,NaN
A,GE10,C26-C33,P_IUSE,PC_EMP,EE,37.42,NaN,45.66,NaN
A,GE10,C26-C33,P_IUSE,PC_EMP,EL,41.32,NaN,47.36,NaN
A,GE10,C26-C33,P_IUSE,PC_EMP,ES,48.65,NaN,55.87,NaN
A,GE10,C26-C33,P_IUSE,PC_EMP,EU15,58.18,NaN,,NaN
A,GE10,C26-C33,P_IUSE,PC_EMP,EU25,,NaN,,NaN
A,GE10,C26-C33,P_IUSE,PC_EMP,EU27_2007,51.61,NaN,,NaN
A,GE10,C26-C33,P_IUSE,PC_EMP,EU27_2020,50.65,NaN,56.34,NaN
A,GE10,C26-C33,P_IUSE,PC_EMP,EU28,51.52,NaN,,NaN
A,GE10,C26-C33,P_IUSE,PC_EMP,FI,74.08,NaN,81.59,NaN
A,GE10,C26-C33,P_IUSE,PC_EMP,FR,65.07,NaN,68.49,NaN
A,GE10,C26-C33,P_IUSE,PC_EMP,HR,33.23,NaN,37.59,NaN
A,GE10,C26-C33,P_IUSE,PC_EMP,HU,34.04,NaN,39.85,NaN
A,GE10,C26-C33,P_IUSE,PC_EMP,IE,66.68,NaN,67.51,NaN
A,GE10,C26-C33,P_IUSE,PC_EMP,IS,,NaN,100.0,NaN
A,GE10,C26-C33,P_IUSE,PC_EMP,IT,44.17,NaN,54.78,NaN
A,GE10,C26-C33,P_IUSE,PC_EMP,LT,30.96,NaN,39.13,NaN
A,GE10,C26-C33,P_IUSE,PC_EMP,LU,,NaN,,NaN
A,GE10,C26-C33,P_IUSE,PC_EMP,LV,27.35,NaN,32.89,NaN
A,GE10,C26-C33,P_IUSE,PC_EMP,ME,,u,31.9,NaN
A,GE10,C26-C33,P_IUSE,PC_EMP,MK,20.34,NaN,21.44,NaN
A,GE10,C26-C33,P_IUSE,PC_EMP,MT,35.45,NaN,43.03,NaN
A,GE10,C26-C33,P_IUSE,PC_EMP,NL,53.63,NaN,63.12,NaN
A,GE10,C26-C33,P_IUSE,PC_EMP,NO,72.06,NaN,80.95,NaN
A,GE10,C26-C33,P_IUSE,PC_EMP,PL,31.05,NaN,40.66,NaN
A,GE10,C26-C33,P_IUSE,PC_EMP,PT,31.73,NaN,38.82,NaN
A,GE10,C26-C33,P_IUSE,PC_EMP,RO,23.45,NaN,30.04,NaN
A,GE10,C26-C33,P_IUSE,PC_EMP,RS,,NaN,41.51,NaN
A,GE10,C26-C33,P_IUSE,PC_EMP,SE,72.27,NaN,82.74,NaN
A,GE10,C26-C33,P_IUSE,PC_EMP,SI,42.33,NaN,47.87,NaN
A,GE10,C26-C33,P_IUSE,PC_EMP,SK,32.8,NaN,38.44,NaN
A,GE10,C26-C33,P_IUSE,PC_EMP,TR,26.55,NaN,,NaN
A,GE10,C26-C33,P_IUSE,PC_EMP,UK,61.69,NaN,63.51,NaN
A,GE10,C26-C33,P_IUSE,PC_EMP_CUSE,AT,,NaN,,NaN
A,GE10,C26-C33,P_IUSE,PC_EMP_CUSE,BA,,NaN,,NaN
A,GE10,C26-C33,P_IUSE,PC_EMP_CUSE,BE,83.02,NaN,,NaN
A,GE10,C26-C33,P_IUSE,PC_EMP_CUSE,BG,85.87,NaN,,NaN
A,GE10,C26-C33,P_IUSE,PC_EMP_CUSE,CY,95.37,NaN,,NaN
A,GE10,C26-C33,P_IUSE,PC_EMP_CUSE,CZ,73.15,NaN,,NaN
A,GE10,C26-C33,P_IUSE,PC_EMP_CUSE,DE,88.4,NaN,,NaN
A,GE10,C26-C33,P_IUSE,PC_EMP_CUSE,DK,,NaN,,NaN
A,GE10,C26-C33,P_IUSE,PC_EMP_CUSE,EA,86.97,NaN,,NaN
A,GE10,C26-C33,P_IUSE,PC_EMP_CUSE,EE,85.03,NaN,,NaN
A,GE10,C26-C33,P_IUSE,PC_EMP_CUSE,EL,89.68,NaN,,NaN
A,GE10,C26-C33,P_IUSE,PC_EMP_CUSE,ES,82.85,NaN,,NaN
A,GE10,C26-C33,P_IUSE,PC_EMP_CUSE,EU15,87.62,NaN,,NaN
A,GE10,C26-C33,P_IUSE,PC_EMP_CUSE,EU25,,NaN,,NaN
A,GE10,C26-C33,P_IUSE,PC_EMP_CUSE,EU27_2007,85.93,NaN,,NaN
A,GE10,C26-C33,P_IUSE,PC_EMP_CUSE,EU27_2020,85.41,NaN,,NaN
A,GE10,C26-C33,P_IUSE,PC_EMP_CUSE,EU28,85.94,NaN,,NaN
A,GE10,C26-C33,P_IUSE,PC_EMP_CUSE,FI,91.91,NaN,,NaN
A,GE10,C26-C33,P_IUSE,PC_EMP_CUSE,FR,,NaN,,NaN
A,GE10,C26-C33,P_IUSE,PC_EMP_CUSE,HR,88.26,NaN,,NaN
A,GE10,C26-C33,P_IUSE,PC_EMP_CUSE,HU,75.7,NaN,,NaN
A,GE10,C26-C33,P_IUSE,PC_EMP_CUSE,IE,97.69,NaN,,NaN
A,GE10,C26-C33,P_IUSE,PC_EMP_CUSE,IS,,NaN,,NaN
A,GE10,C26-C33,P_IUSE,PC_EMP_CUSE,IT,82.92,NaN,,NaN
A,GE10,C26-C33,P_IUSE,PC_EMP_CUSE,LT,86.71,NaN,,NaN
A,GE10,C26-C33,P_IUSE,PC_EMP_CUSE,LU,,NaN,,NaN
A,GE10,C26-C33,P_IUSE,PC_EMP_CUSE,LV,,NaN,,NaN
A,GE10,C26-C33,P_IUSE,PC_EMP_CUSE,ME,,u,,NaN
A,GE10,C26-C33,P_IUSE,PC_EMP_CUSE,MK,80.03,NaN,,NaN
A,GE10,C26-C33,P_IUSE,PC_EMP_CUSE,MT,,NaN,,NaN
A,GE10,C26-C33,P_IUSE,PC_EMP_CUSE,NL,93.8,NaN,,NaN
A,GE10,C26-C33,P_IUSE,PC_EMP_CUSE,NO,95.83,NaN,,NaN
A,GE10,C26-C33,P_IUSE,PC_EMP_CUSE,PL,81.84,NaN,,NaN
A,GE10,C26-C33,P_IUSE,PC_EMP_CUSE,PT,73.2,NaN,,NaN
A,GE10,C26-C33,P_IUSE,PC_EMP_CUSE,RO,81.71,NaN,,NaN
A,GE10,C26-C33,P_IUSE,PC_EMP_CUSE,RS,,NaN,,NaN
A,GE10,C26-C33,P_IUSE,PC_EMP_CUSE,SE,,NaN,,NaN
A,GE10,C26-C33,P_IUSE,PC_EMP_CUSE,SI,84.09,NaN,,NaN
A,GE10,C26-C33,P_IUSE,PC_EMP_CUSE,SK,77.13,NaN,,NaN
A,GE10,C26-C33,P_IUSE,PC_EMP_CUSE,TR,,NaN,,NaN
A,GE10,C26-C33,P_IUSE,PC_EMP_CUSE,UK,90.21,NaN,,NaN
A,GE10,C26-C33,P_IUSE,PC_EMP_CUSE2,AT,,NaN,,NaN
A,GE10,C26-C33,P_IUSE,PC_EMP_CUSE2,BE,,NaN,,NaN
A,GE10,C26-C33,P_IUSE,PC_EMP_CUSE2,BG,,NaN,,NaN
A,GE10,C26-C33,P_IUSE,PC_EMP_CUSE2,CY,,NaN,,NaN
A,GE10,C26-C33,P_IUSE,PC_EMP_CUSE2,CZ,,NaN,,NaN
A,GE10,C26-C33,P_IUSE,PC_EMP_CUSE2,DE,,NaN,,NaN
A,GE10,C26-C33,P_IUSE,PC_EMP_CUSE2,DK,,NaN,,NaN
A,GE10,C26-C33,P_IUSE,PC_EMP_CUSE2,EA,,NaN,,NaN
A,GE10,C26-C33,P_IUSE,PC_EMP_CUSE2,EE,,NaN,,NaN
A,GE10,C26-C33,P_IUSE,PC_EMP_CUSE2,EL,,NaN,,NaN
A,GE10,C26-C33,P_IUSE,PC_EMP_CUSE2,ES,,NaN,,NaN
A,GE10,C26-C33,P_IUSE,PC_EMP_CUSE2,EU15,,NaN,,NaN
A,GE10,C26-C33,P_IUSE,PC_EMP_CUSE2,EU27_2007,,NaN,,NaN
A,GE10,C26-C33,P_IUSE,PC_EMP_CUSE2,EU27_2020,,NaN,,NaN
A,GE10,C26-C33,P_IUSE,PC_EMP_CUSE2,EU28,,NaN,,NaN
A,GE10,C26-C33,P_IUSE,PC_EMP_CUSE2,FI,,NaN,,NaN
A,GE10,C26-C33,P_IUSE,PC_EMP_CUSE2,FR,,NaN,,NaN
A,GE10,C26-C33,P_IUSE,PC_EMP_CUSE2,HR,,NaN,,NaN
A,GE10,C26-C33,P_IUSE,PC_EMP_CUSE2,HU,,NaN,,NaN
A,GE10,C26-C33,P_IUSE,PC_EMP_CUSE2,IE,,NaN,,NaN
A,GE10,C26-C33,P_IUSE,PC_EMP_CUSE2,IS,,NaN,,NaN
A,GE10,C26-C33,P_IUSE,PC_EMP_CUSE2,IT,,NaN,,NaN
A,GE10,C26-C33,P_IUSE,PC_EMP_CUSE2,LT,,NaN,,NaN
A,GE10,C26-C33,P_IUSE,PC_EMP_CUSE2,LU,,NaN,,NaN
A,GE10,C26-C33,P_IUSE,PC_EMP_CUSE2,LV,,NaN,,NaN
A,GE10,C26-C33,P_IUSE,PC_EMP_CUSE2,MK,,NaN,,NaN
A,GE10,C26-C33,P_IUSE,PC_EMP_CUSE2,MT,,NaN,,NaN
A,GE10,C26-C33,P_IUSE,PC_EMP_CUSE2,NL,,NaN,,NaN
A,GE10,C26-C33,P_IUSE,PC_EMP_CUSE2,NO,,NaN,,NaN
A,GE10,C26-C33,P_IUSE,PC_EMP_CUSE2,PL,,NaN,,NaN
A,GE10,C26-C33,P_IUSE,PC_EMP_CUSE2,PT,,NaN,,NaN
A,GE10,C26-C33,P_IUSE,PC_EMP_CUSE2,RO,,NaN,,NaN
A,GE10,C26-C33,P_IUSE,PC_EMP_CUSE2,RS,,NaN,,NaN
A,GE10,C26-C33,P_IUSE,PC_EMP_CUSE2,SE,,NaN,,NaN
A,GE10,C26-C33,P_IUSE,PC_EMP_CUSE2,SI,,NaN,,NaN
A,GE10,C26-C33,P_IUSE,PC_EMP_CUSE2,SK,,NaN,,NaN
A,GE10,C26-C33,P_IUSE,PC_EMP_CUSE2,TR,,NaN,,NaN
A,GE10,C26-C33,P_IUSE,PC_EMP_CUSE2,UK,,NaN,,NaN
A,GE10,C26-C33,P_IUSE,PC_EMP_IACC,AT,,NaN,,NaN
A,GE10,C26-C33,P_IUSE,PC_EMP_IACC,BE,,NaN,,NaN
A,GE10,C26-C33,P_IUSE,PC_EMP_IACC,BG,,NaN,,NaN
A,GE10,C26-C33,P_IUSE,PC_EMP_IACC,CY,,NaN,,NaN
A,GE10,C26-C33,P_IUSE,PC_EMP_IACC,CZ,,NaN,,NaN
A,GE10,C26-C33,P_IUSE,PC_EMP_IACC,DE,,NaN,,NaN
A,GE10,C26-C33,P_IUSE,PC_EMP_IACC,DK,,NaN,,NaN
A,GE10,C26-C33,P_IUSE,PC_EMP_IACC,EA,,NaN,,NaN
A,GE10,C26-C33,P_IUSE,PC_EMP_IACC,EE,,NaN,,NaN
A,GE10,C26-C33,P_IUSE,PC_EMP_IACC,EL,,NaN,,NaN
A,GE10,C26-C33,P_IUSE,PC_EMP_IACC,ES,,NaN,,NaN
A,GE10,C26-C33,P_IUSE,PC_EMP_IACC,EU15,,NaN,,NaN
A,GE10,C26-C33,P_IUSE,PC_EMP_IACC,EU27_2007,,NaN,,NaN
A,GE10,C26-C33,P_IUSE,PC_EMP_IACC,EU27_2020,,NaN,,NaN
A,GE10,C26-C33,P_IUSE,PC_EMP_IACC,EU28,,NaN,,NaN
A,GE10,C26-C33,P_IUSE,PC_EMP_IACC,FI,,NaN,,NaN
A,GE10,C26-C33,P_IUSE,PC_EMP_IACC,FR,,NaN,,NaN
A,GE10,C26-C33,P_IUSE,PC_EMP_IACC,HR,,NaN,,NaN
A,GE10,C26-C33,P_IUSE,PC_EMP_IACC,HU,,NaN,,NaN
A,GE10,C26-C33,P_IUSE,PC_EMP_IACC,IE,,NaN,,NaN
A,GE10,C26-C33,P_IUSE,PC_EMP_IACC,IS,,NaN,,NaN
A,GE10,C26-C33,P_IUSE,PC_EMP_IACC,IT,,NaN,,NaN
A,GE10,C26-C33,P_IUSE,PC_EMP_IACC,LT,,NaN,,NaN
A,GE10,C26-C33,P_IUSE,PC_EMP_IACC,LU,,NaN,,NaN
A,GE10,C26-C33,P_IUSE,PC_EMP_IACC,LV,,NaN,,NaN
A,GE10,C26-C33,P_IUSE,PC_EMP_IACC,MK,,NaN,,NaN
A,GE10,C26-C33,P_IUSE,PC_EMP_IACC,MT,,NaN,,NaN
A,GE10,C26-C33,P_IUSE,PC_EMP_IACC,NL,,NaN,,NaN
A,GE10,C26-C33,P_IUSE,PC_EMP_IACC,NO,,NaN,,NaN
A,GE10,C26-C33,P_IUSE,PC_EMP_IACC,PL,,NaN,,NaN
A,GE10,C26-C33,P_IUSE,PC_EMP_IACC,PT,,NaN,,NaN
A,GE10,C26-C33,P_IUSE,PC_EMP_IACC,RO,,NaN,,NaN
A,GE10,C26-C33,P_IUSE,PC_EMP_IACC,RS,,NaN,,NaN
A,GE10,C26-C33,P_IUSE,PC_EMP_IACC,SE,,NaN,,NaN
A,GE10,C26-C33,P_IUSE,PC_EMP_IACC,SI,,NaN,,NaN
A,GE10,C26-C33,P_IUSE,PC_EMP_IACC,SK,,NaN,,NaN
A,GE10,C26-C33,P_IUSE,PC_EMP_IACC,TR,,NaN,,NaN
A,GE10,C26-C33,P_IUSE,PC_EMP_IACC,UK,,NaN,,NaN
A,GE10,C27,P_IUSE,PC_EMP,AT,,NaN,,NaN
A,GE10,C27,P_IUSE,PC_EMP,BA,,NaN,,NaN
A,GE10,C27,P_IUSE,PC_EMP,BE,,NaN,,NaN
A,GE10,C27,P_IUSE,PC_EMP,BG,,NaN,,NaN
A,GE10,C27,P_IUSE,PC_EMP,CY,,NaN,,NaN
A,GE10,C27,P_IUSE,PC_EMP,CZ,,NaN,,NaN
A,GE10,C27,P_IUSE,PC_EMP,DE,,NaN,,NaN
A,GE10,C27,P_IUSE,PC_EMP,DK,,NaN,,NaN
A,GE10,C27,P_IUSE,PC_EMP,EA,,NaN,,NaN
A,GE10,C27,P_IUSE,PC_EMP,EE,,NaN,,NaN
A,GE10,C27,P_IUSE,PC_EMP,EL,,NaN,,NaN
A,GE10,C27,P_IUSE,PC_EMP,ES,,NaN,,NaN
A,GE10,C27,P_IUSE,PC_EMP,EU27_2020,,NaN,,NaN
A,GE10,C27,P_IUSE,PC_EMP,FI,,NaN,,NaN
A,GE10,C27,P_IUSE,PC_EMP,FR,,NaN,,NaN
A,GE10,C27,P_IUSE,PC_EMP,HR,,NaN,,NaN
A,GE10,C27,P_IUSE,PC_EMP,HU,,NaN,,NaN
A,GE10,C27,P_IUSE,PC_EMP,IE,,NaN,,NaN
A,GE10,C27,P_IUSE,PC_EMP,IT,,NaN,,NaN
A,GE10,C27,P_IUSE,PC_EMP,LT,,NaN,,NaN
A,GE10,C27,P_IUSE,PC_EMP,LU,,NaN,,NaN
A,GE10,C27,P_IUSE,PC_EMP,LV,,NaN,,NaN
A,GE10,C27,P_IUSE,PC_EMP,ME,,NaN,,NaN
A,GE10,C27,P_IUSE,PC_EMP,MK,,NaN,,NaN
A,GE10,C27,P_IUSE,PC_EMP,MT,,NaN,,NaN
A,GE10,C27,P_IUSE,PC_EMP,NL,,NaN,,NaN
A,GE10,C27,P_IUSE,PC_EMP,NO,,NaN,,NaN
A,GE10,C27,P_IUSE,PC_EMP,PL,,NaN,,NaN
A,GE10,C27,P_IUSE,PC_EMP,PT,,NaN,,NaN
A,GE10,C27,P_IUSE,PC_EMP,RO,,NaN,,NaN
A,GE10,C27,P_IUSE,PC_EMP,RS,,NaN,,NaN
A,GE10,C27,P_IUSE,PC_EMP,SE,,NaN,,NaN
A,GE10,C27,P_IUSE,PC_EMP,SI,,NaN,,NaN
A,GE10,C27,P_IUSE,PC_EMP,SK,,NaN,,NaN
A,GE10,C27,P_IUSE,PC_EMP,TR,,NaN,,NaN
A,GE10,C27_C28,P_CUSE,PC_EMP,AT,,NaN,,NaN
A,GE10,C27_C28,P_CUSE,PC_EMP,BA,,NaN,,NaN
A,GE10,C27_C28,P_CUSE,PC_EMP,BE,60.42,NaN,,NaN
A,GE10,C27_C28,P_CUSE,PC_EMP,BG,26.52,NaN,,NaN
A,GE10,C27_C28,P_CUSE,PC_EMP,CY,27.45,NaN,,NaN
A,GE10,C27_C28,P_CUSE,PC_EMP,CZ,48.39,NaN,,NaN
A,GE10,C27_C28,P_CUSE,PC_EMP,DE,75.39,NaN,,NaN
A,GE10,C27_C28,P_CUSE,PC_EMP,DK,,NaN,,NaN
A,GE10,C27_C28,P_CUSE,PC_EMP,EA,68.75,NaN,,NaN
A,GE10,C27_C28,P_CUSE,PC_EMP,EE,44.93,NaN,,NaN
A,GE10,C27_C28,P_CUSE,PC_EMP,EL,45.01,NaN,,NaN
A,GE10,C27_C28,P_CUSE,PC_EMP,ES,,u,,NaN
A,GE10,C27_C28,P_CUSE,PC_EMP,EU15,69.75,NaN,,NaN
A,GE10,C27_C28,P_CUSE,PC_EMP,EU25,,NaN,,NaN
A,GE10,C27_C28,P_CUSE,PC_EMP,EU27_2007,63.35,NaN,,NaN
A,GE10,C27_C28,P_CUSE,PC_EMP,EU27_2020,62.82,NaN,,NaN
A,GE10,C27_C28,P_CUSE,PC_EMP,EU28,63.23,NaN,,NaN
A,GE10,C27_C28,P_CUSE,PC_EMP,FI,85.56,NaN,,NaN
A,GE10,C27_C28,P_CUSE,PC_EMP,FR,,NaN,,NaN
A,GE10,C27_C28,P_CUSE,PC_EMP,HR,40.73,NaN,,NaN
A,GE10,C27_C28,P_CUSE,PC_EMP,HU,44.05,NaN,,NaN
A,GE10,C27_C28,P_CUSE,PC_EMP,IE,61.01,NaN,,NaN
A,GE10,C27_C28,P_CUSE,PC_EMP,IS,,NaN,,NaN
A,GE10,C27_C28,P_CUSE,PC_EMP,IT,55.93,NaN,,NaN
A,GE10,C27_C28,P_CUSE,PC_EMP,LT,40.73,NaN,,NaN
A,GE10,C27_C28,P_CUSE,PC_EMP,LU,,NaN,,NaN
A,GE10,C27_C28,P_CUSE,PC_EMP,LV,,NaN,,NaN
A,GE10,C27_C28,P_CUSE,PC_EMP,ME,,u,,NaN
A,GE10,C27_C28,P_CUSE,PC_EMP,MK,29.84,NaN,,NaN
A,GE10,C27_C28,P_CUSE,PC_EMP,MT,,NaN,,NaN
A,GE10,C27_C28,P_CUSE,PC_EMP,NL,74.71,NaN,,NaN
A,GE10,C27_C28,P_CUSE,PC_EMP,NO,83.16,NaN,,NaN
A,GE10,C27_C28,P_CUSE,PC_EMP,PL,39.66,NaN,,NaN
A,GE10,C27_C28,P_CUSE,PC_EMP,PT,49.81,NaN,,NaN
A,GE10,C27_C28,P_CUSE,PC_EMP,RO,31.42,NaN,,NaN
A,GE10,C27_C28,P_CUSE,PC_EMP,RS,,NaN,,NaN
A,GE10,C27_C28,P_CUSE,PC_EMP,SE,,NaN,,NaN
A,GE10,C27_C28,P_CUSE,PC_EMP,SI,52.64,NaN,,NaN
A,GE10,C27_C28,P_CUSE,PC_EMP,SK,43.36,NaN,,NaN
A,GE10,C27_C28,P_CUSE,PC_EMP,TR,,NaN,,NaN
A,GE10,C27_C28,P_CUSE,PC_EMP,UK,68.53,NaN,,NaN
A,GE10,C27_C28,P_CUSE,PC_EMP_CUSE2,AT,,NaN,,NaN
A,GE10,C27_C28,P_CUSE,PC_EMP_CUSE2,BE,,NaN,,NaN
A,GE10,C27_C28,P_CUSE,PC_EMP_CUSE2,BG,,NaN,,NaN
A,GE10,C27_C28,P_CUSE,PC_EMP_CUSE2,CY,,NaN,,NaN
A,GE10,C27_C28,P_CUSE,PC_EMP_CUSE2,CZ,,NaN,,NaN
A,GE10,C27_C28,P_CUSE,PC_EMP_CUSE2,DE,,NaN,,NaN
A,GE10,C27_C28,P_CUSE,PC_EMP_CUSE2,DK,,NaN,,NaN
A,GE10,C27_C28,P_CUSE,PC_EMP_CUSE2,EA,,NaN,,NaN
A,GE10,C27_C28,P_CUSE,PC_EMP_CUSE2,EE,,NaN,,NaN
A,GE10,C27_C28,P_CUSE,PC_EMP_CUSE2,EL,,NaN,,NaN
A,GE10,C27_C28,P_CUSE,PC_EMP_CUSE2,ES,,NaN,,NaN
A,GE10,C27_C28,P_CUSE,PC_EMP_CUSE2,EU15,,NaN,,NaN
A,GE10,C27_C28,P_CUSE,PC_EMP_CUSE2,EU27_2007,,NaN,,NaN
A,GE10,C27_C28,P_CUSE,PC_EMP_CUSE2,EU27_2020,,NaN,,NaN
A,GE10,C27_C28,P_CUSE,PC_EMP_CUSE2,EU28,,NaN,,NaN
A,GE10,C27_C28,P_CUSE,PC_EMP_CUSE2,FI,,NaN,,NaN
A,GE10,C27_C28,P_CUSE,PC_EMP_CUSE2,FR,,NaN,,NaN
A,GE10,C27_C28,P_CUSE,PC_EMP_CUSE2,HR,,NaN,,NaN
A,GE10,C27_C28,P_CUSE,PC_EMP_CUSE2,HU,,NaN,,NaN
A,GE10,C27_C28,P_CUSE,PC_EMP_CUSE2,IE,,NaN,,NaN
A,GE10,C27_C28,P_CUSE,PC_EMP_CUSE2,IT,,NaN,,NaN
A,GE10,C27_C28,P_CUSE,PC_EMP_CUSE2,LT,,NaN,,NaN
A,GE10,C27_C28,P_CUSE,PC_EMP_CUSE2,MK,,NaN,,NaN
A,GE10,C27_C28,P_CUSE,PC_EMP_CUSE2,MT,,NaN,,NaN
A,GE10,C27_C28,P_CUSE,PC_EMP_CUSE2,NL,,NaN,,NaN
A,GE10,C27_C28,P_CUSE,PC_EMP_CUSE2,NO,,NaN,,NaN
A,GE10,C27_C28,P_CUSE,PC_EMP_CUSE2,PL,,NaN,,NaN
A,GE10,C27_C28,P_CUSE,PC_EMP_CUSE2,PT,,NaN,,NaN
A,GE10,C27_C28,P_CUSE,PC_EMP_CUSE2,RO,,NaN,,NaN
A,GE10,C27_C28,P_CUSE,PC_EMP_CUSE2,RS,,NaN,,NaN
A,GE10,C27_C28,P_CUSE,PC_EMP_CUSE2,SI,,NaN,,NaN
A,GE10,C27_C28,P_CUSE,PC_EMP_CUSE2,SK,,NaN,,NaN
A,GE10,C27_C28,P_CUSE,PC_EMP_CUSE2,UK,,NaN,,NaN
A,GE10,C27_C28,P_IUSE,PC_EMP,AT,60.82,NaN,,u
A,GE10,C27_C28,P_IUSE,PC_EMP,BA,,NaN,29.5,NaN
A,GE10,C27_C28,P_IUSE,PC_EMP,BE,48.73,NaN,54.95,NaN
A,GE10,C27_C28,P_IUSE,PC_EMP,BG,22.48,NaN,27.01,NaN
A,GE10,C27_C28,P_IUSE,PC_EMP,CY,26.38,NaN,51.65,NaN
A,GE10,C27_C28,P_IUSE,PC_EMP,CZ,37.51,NaN,47.83,NaN
A,GE10,C27_C28,P_IUSE,PC_EMP,DE,66.77,NaN,65.24,NaN
A,GE10,C27_C28,P_IUSE,PC_EMP,DK,71.52,NaN,74.3,NaN
A,GE10,C27_C28,P_IUSE,PC_EMP,EA,60.51,NaN,63.12,NaN
A,GE10,C27_C28,P_IUSE,PC_EMP,EE,37.73,NaN,50.06,NaN
A,GE10,C27_C28,P_IUSE,PC_EMP,EL,39.86,NaN,45.64,NaN
A,GE10,C27_C28,P_IUSE,PC_EMP,ES,,u,,u
A,GE10,C27_C28,P_IUSE,PC_EMP,EU15,62.0,NaN,,NaN
A,GE10,C27_C28,P_IUSE,PC_EMP,EU25,,NaN,,NaN
A,GE10,C27_C28,P_IUSE,PC_EMP,EU27_2007,56.33,NaN,,NaN
A,GE10,C27_C28,P_IUSE,PC_EMP,EU27_2020,55.87,NaN,59.71,NaN
A,GE10,C27_C28,P_IUSE,PC_EMP,EU28,56.22,NaN,,NaN
A,GE10,C27_C28,P_IUSE,PC_EMP,FI,76.7,NaN,,u
A,GE10,C27_C28,P_IUSE,PC_EMP,FR,64.11,NaN,68.32,NaN
A,GE10,C27_C28,P_IUSE,PC_EMP,HR,33.08,NaN,38.13,NaN
A,GE10,C27_C28,P_IUSE,PC_EMP,HU,32.97,NaN,37.81,NaN
A,GE10,C27_C28,P_IUSE,PC_EMP,IE,59.2,NaN,42.38,NaN
A,GE10,C27_C28,P_IUSE,PC_EMP,IS,,NaN,,NaN
A,GE10,C27_C28,P_IUSE,PC_EMP,IT,46.92,NaN,57.21,NaN
A,GE10,C27_C28,P_IUSE,PC_EMP,LT,33.96,NaN,45.96,NaN
A,GE10,C27_C28,P_IUSE,PC_EMP,LU,,u,,NaN
A,GE10,C27_C28,P_IUSE,PC_EMP,LV,29.5,NaN,39.37,NaN
A,GE10,C27_C28,P_IUSE,PC_EMP,ME,,u,,u
A,GE10,C27_C28,P_IUSE,PC_EMP,MK,26.44,NaN,33.52,NaN
A,GE10,C27_C28,P_IUSE,PC_EMP,MT,28.0,NaN,33.24,NaN
A,GE10,C27_C28,P_IUSE,PC_EMP,NL,70.18,NaN,75.1,NaN
A,GE10,C27_C28,P_IUSE,PC_EMP,NO,77.74,NaN,82.76,NaN
A,GE10,C27_C28,P_IUSE,PC_EMP,PL,34.24,NaN,44.7,NaN
A,GE10,C27_C28,P_IUSE,PC_EMP,PT,37.56,NaN,39.86,NaN
A,GE10,C27_C28,P_IUSE,PC_EMP,RO,26.32,NaN,33.99,NaN
A,GE10,C27_C28,P_IUSE,PC_EMP,RS,,NaN,35.25,NaN
A,GE10,C27_C28,P_IUSE,PC_EMP,SE,73.58,NaN,84.22,NaN
A,GE10,C27_C28,P_IUSE,PC_EMP,SI,42.23,NaN,46.35,NaN
A,GE10,C27_C28,P_IUSE,PC_EMP,SK,34.82,NaN,38.98,NaN
A,GE10,C27_C28,P_IUSE,PC_EMP,TR,28.35,NaN,,NaN
A,GE10,C27_C28,P_IUSE,PC_EMP,UK,61.47,NaN,58.33,NaN
A,GE10,C27_C28,P_IUSE,PC_EMP_CUSE,AT,,NaN,,NaN
A,GE10,C27_C28,P_IUSE,PC_EMP_CUSE,BA,,NaN,,NaN
A,GE10,C27_C28,P_IUSE,PC_EMP_CUSE,BE,80.66,NaN,,NaN
A,GE10,C27_C28,P_IUSE,PC_EMP_CUSE,BG,84.79,NaN,,NaN
A,GE10,C27_C28,P_IUSE,PC_EMP_CUSE,CY,96.09,NaN,,NaN
A,GE10,C27_C28,P_IUSE,PC_EMP_CUSE,CZ,77.51,NaN,,NaN
A,GE10,C27_C28,P_IUSE,PC_EMP_CUSE,DE,88.56,NaN,,NaN
A,GE10,C27_C28,P_IUSE,PC_EMP_CUSE,DK,,NaN,,NaN
A,GE10,C27_C28,P_IUSE,PC_EMP_CUSE,EA,87.58,NaN,,NaN
A,GE10,C27_C28,P_IUSE,PC_EMP_CUSE,EE,83.98,NaN,,NaN
A,GE10,C27_C28,P_IUSE,PC_EMP_CUSE,EL,88.56,NaN,,NaN
A,GE10,C27_C28,P_IUSE,PC_EMP_CUSE,ES,,u,,NaN
A,GE10,C27_C28,P_IUSE,PC_EMP_CUSE,EU15,87.97,NaN,,NaN
A,GE10,C27_C28,P_IUSE,PC_EMP_CUSE,EU25,,NaN,,NaN
A,GE10,C27_C28,P_IUSE,PC_EMP_CUSE,EU27_2007,86.9,NaN,,NaN
A,GE10,C27_C28,P_IUSE,PC_EMP_CUSE,EU27_2020,86.65,NaN,,NaN
A,GE10,C27_C28,P_IUSE,PC_EMP_CUSE,EU28,86.88,NaN,,NaN
A,GE10,C27_C28,P_IUSE,PC_EMP_CUSE,FI,89.65,NaN,,NaN
A,GE10,C27_C28,P_IUSE,PC_EMP_CUSE,FR,,NaN,,NaN
A,GE10,C27_C28,P_IUSE,PC_EMP_CUSE,HR,81.22,NaN,,NaN
A,GE10,C27_C28,P_IUSE,PC_EMP_CUSE,HU,74.83,NaN,,NaN
A,GE10,C27_C28,P_IUSE,PC_EMP_CUSE,IE,97.03,NaN,,NaN
A,GE10,C27_C28,P_IUSE,PC_EMP_CUSE,IS,,NaN,,NaN
A,GE10,C27_C28,P_IUSE,PC_EMP_CUSE,IT,83.88,NaN,,NaN
A,GE10,C27_C28,P_IUSE,PC_EMP_CUSE,LT,83.37,NaN,,NaN
A,GE10,C27_C28,P_IUSE,PC_EMP_CUSE,LU,,NaN,,NaN
A,GE10,C27_C28,P_IUSE,PC_EMP_CUSE,LV,,NaN,,NaN
A,GE10,C27_C28,P_IUSE,PC_EMP_CUSE,ME,,u,,NaN
A,GE10,C27_C28,P_IUSE,PC_EMP_CUSE,MK,88.6,NaN,,NaN
A,GE10,C27_C28,P_IUSE,PC_EMP_CUSE,MT,,NaN,,NaN
A,GE10,C27_C28,P_IUSE,PC_EMP_CUSE,NL,93.93,NaN,,NaN
A,GE10,C27_C28,P_IUSE,PC_EMP_CUSE,NO,93.49,NaN,,NaN
A,GE10,C27_C28,P_IUSE,PC_EMP_CUSE,PL,86.34,NaN,,NaN
A,GE10,C27_C28,P_IUSE,PC_EMP_CUSE,PT,75.41,NaN,,NaN
A,GE10,C27_C28,P_IUSE,PC_EMP_CUSE,RO,83.76,NaN,,NaN
A,GE10,C27_C28,P_IUSE,PC_EMP_CUSE,RS,,NaN,,NaN
A,GE10,C27_C28,P_IUSE,PC_EMP_CUSE,SE,,NaN,,NaN
A,GE10,C27_C28,P_IUSE,PC_EMP_CUSE,SI,80.22,NaN,,NaN
A,GE10,C27_C28,P_IUSE,PC_EMP_CUSE,SK,80.3,NaN,,NaN
A,GE10,C27_C28,P_IUSE,PC_EMP_CUSE,TR,,NaN,,NaN
A,GE10,C27_C28,P_IUSE,PC_EMP_CUSE,UK,89.69,NaN,,NaN
A,GE10,C27_C28,P_IUSE,PC_EMP_CUSE2,AT,,NaN,,NaN
A,GE10,C27_C28,P_IUSE,PC_EMP_CUSE2,BE,,NaN,,NaN
A,GE10,C27_C28,P_IUSE,PC_EMP_CUSE2,BG,,NaN,,NaN
A,GE10,C27_C28,P_IUSE,PC_EMP_CUSE2,CY,,NaN,,NaN
A,GE10,C27_C28,P_IUSE,PC_EMP_CUSE2,CZ,,NaN,,NaN
A,GE10,C27_C28,P_IUSE,PC_EMP_CUSE2,DE,,NaN,,NaN
A,GE10,C27_C28,P_IUSE,PC_EMP_CUSE2,DK,,NaN,,NaN
A,GE10,C27_C28,P_IUSE,PC_EMP_CUSE2,EA,,NaN,,NaN
A,GE10,C27_C28,P_IUSE,PC_EMP_CUSE2,EE,,NaN,,NaN
A,GE10,C27_C28,P_IUSE,PC_EMP_CUSE2,EL,,NaN,,NaN
A,GE10,C27_C28,P_IUSE,PC_EMP_CUSE2,ES,,NaN,,NaN
A,GE10,C27_C28,P_IUSE,PC_EMP_CUSE2,EU15,,NaN,,NaN
A,GE10,C27_C28,P_IUSE,PC_EMP_CUSE2,EU27_2007,,NaN,,NaN
A,GE10,C27_C28,P_IUSE,PC_EMP_CUSE2,EU27_2020,,NaN,,NaN
A,GE10,C27_C28,P_IUSE,PC_EMP_CUSE2,EU28,,NaN,,NaN
A,GE10,C27_C28,P_IUSE,PC_EMP_CUSE2,FI,,NaN,,NaN
A,GE10,C27_C28,P_IUSE,PC_EMP_CUSE2,FR,,NaN,,NaN
A,GE10,C27_C28,P_IUSE,PC_EMP_CUSE2,HR,,NaN,,NaN
A,GE10,C27_C28,P_IUSE,PC_EMP_CUSE2,HU,,NaN,,NaN
A,GE10,C27_C28,P_IUSE,PC_EMP_CUSE2,IE,,NaN,,NaN
A,GE10,C27_C28,P_IUSE,PC_EMP_CUSE2,IS,,NaN,,NaN
A,GE10,C27_C28,P_IUSE,PC_EMP_CUSE2,IT,,NaN,,NaN
A,GE10,C27_C28,P_IUSE,PC_EMP_CUSE2,LT,,NaN,,NaN
A,GE10,C27_C28,P_IUSE,PC_EMP_CUSE2,LU,,NaN,,NaN
A,GE10,C27_C28,P_IUSE,PC_EMP_CUSE2,LV,,NaN,,NaN
A,GE10,C27_C28,P_IUSE,PC_EMP_CUSE2,MK,,NaN,,NaN
A,GE10,C27_C28,P_IUSE,PC_EMP_CUSE2,MT,,NaN,,NaN
A,GE10,C27_C28,P_IUSE,PC_EMP_CUSE2,NL,,NaN,,NaN
A,GE10,C27_C28,P_IUSE,PC_EMP_CUSE2,NO,,NaN,,NaN
A,GE10,C27_C28,P_IUSE,PC_EMP_CUSE2,PL,,NaN,,NaN
A,GE10,C27_C28,P_IUSE,PC_EMP_CUSE2,PT,,NaN,,NaN
A,GE10,C27_C28,P_IUSE,PC_EMP_CUSE2,RO,,NaN,,NaN
A,GE10,C27_C28,P_IUSE,PC_EMP_CUSE2,RS,,NaN,,NaN
A,GE10,C27_C28,P_IUSE,PC_EMP_CUSE2,SE,,NaN,,NaN
A,GE10,C27_C28,P_IUSE,PC_EMP_CUSE2,SI,,NaN,,NaN
A,GE10,C27_C28,P_IUSE,PC_EMP_CUSE2,SK,,NaN,,NaN
A,GE10,C27_C28,P_IUSE,PC_EMP_CUSE2,TR,,NaN,,NaN
A,GE10,C27_C28,P_IUSE,PC_EMP_CUSE2,UK,,NaN,,NaN
A,GE10,C27_C28,P_IUSE,PC_EMP_IACC,AT,,NaN,,NaN
A,GE10,C27_C28,P_IUSE,PC_EMP_IACC,BE,,NaN,,NaN
A,GE10,C27_C28,P_IUSE,PC_EMP_IACC,BG,,NaN,,NaN
A,GE10,C27_C28,P_IUSE,PC_EMP_IACC,CY,,NaN,,NaN
A,GE10,C27_C28,P_IUSE,PC_EMP_IACC,CZ,,NaN,,NaN
A,GE10,C27_C28,P_IUSE,PC_EMP_IACC,DE,,NaN,,NaN
A,GE10,C27_C28,P_IUSE,PC_EMP_IACC,DK,,NaN,,NaN
A,GE10,C27_C28,P_IUSE,PC_EMP_IACC,EA,,NaN,,NaN
A,GE10,C27_C28,P_IUSE,PC_EMP_IACC,EE,,NaN,,NaN
A,GE10,C27_C28,P_IUSE,PC_EMP_IACC,EL,,NaN,,NaN
A,GE10,C27_C28,P_IUSE,PC_EMP_IACC,ES,,NaN,,NaN
A,GE10,C27_C28,P_IUSE,PC_EMP_IACC,EU15,,NaN,,NaN
A,GE10,C27_C28,P_IUSE,PC_EMP_IACC,EU27_2007,,NaN,,NaN
A,GE10,C27_C28,P_IUSE,PC_EMP_IACC,EU27_2020,,NaN,,NaN
A,GE10,C27_C28,P_IUSE,PC_EMP_IACC,EU28,,NaN,,NaN
A,GE10,C27_C28,P_IUSE,PC_EMP_IACC,FI,,NaN,,NaN
A,GE10,C27_C28,P_IUSE,PC_EMP_IACC,FR,,NaN,,NaN
A,GE10,C27_C28,P_IUSE,PC_EMP_IACC,HR,,NaN,,NaN
A,GE10,C27_C28,P_IUSE,PC_EMP_IACC,HU,,NaN,,NaN
A,GE10,C27_C28,P_IUSE,PC_EMP_IACC,IE,,NaN,,NaN
A,GE10,C27_C28,P_IUSE,PC_EMP_IACC,IS,,NaN,,NaN
A,GE10,C27_C28,P_IUSE,PC_EMP_IACC,IT,,NaN,,NaN
A,GE10,C27_C28,P_IUSE,PC_EMP_IACC,LT,,NaN,,NaN
A,GE10,C27_C28,P_IUSE,PC_EMP_IACC,LU,,NaN,,NaN
A,GE10,C27_C28,P_IUSE,PC_EMP_IACC,LV,,NaN,,NaN
A,GE10,C27_C28,P_IUSE,PC_EMP_IACC,MK,,NaN,,NaN
A,GE10,C27_C28,P_IUSE,PC_EMP_IACC,MT,,NaN,,NaN
A,GE10,C27_C28,P_IUSE,PC_EMP_IACC,NL,,NaN,,NaN
A,GE10,C27_C28,P_IUSE,PC_EMP_IACC,NO,,NaN,,NaN
A,GE10,C27_C28,P_IUSE,PC_EMP_IACC,PL,,NaN,,NaN
A,GE10,C27_C28,P_IUSE,PC_EMP_IACC,PT,,NaN,,NaN
A,GE10,C27_C28,P_IUSE,PC_EMP_IACC,RO,,NaN,,NaN
A,GE10,C27_C28,P_IUSE,PC_EMP_IACC,RS,,NaN,,NaN
A,GE10,C27_C28,P_IUSE,PC_EMP_IACC,SE,,NaN,,NaN
A,GE10,C27_C28,P_IUSE,PC_EMP_IACC,SI,,NaN,,NaN
A,GE10,C27_C28,P_IUSE,PC_EMP_IACC,SK,,NaN,,NaN
A,GE10,C27_C28,P_IUSE,PC_EMP_IACC,TR,,NaN,,NaN
A,GE10,C27_C28,P_IUSE,PC_EMP_IACC,UK,,NaN,,NaN
A,GE10,C28,P_IUSE,PC_EMP,AT,,NaN,,NaN
A,GE10,C28,P_IUSE,PC_EMP,BA,,NaN,,NaN
A,GE10,C28,P_IUSE,PC_EMP,BE,,NaN,,NaN
A,GE10,C28,P_IUSE,PC_EMP,BG,,NaN,,NaN
A,GE10,C28,P_IUSE,PC_EMP,CY,,NaN,,NaN
A,GE10,C28,P_IUSE,PC_EMP,CZ,,NaN,,NaN
A,GE10,C28,P_IUSE,PC_EMP,DE,,NaN,,NaN
A,GE10,C28,P_IUSE,PC_EMP,DK,,NaN,,NaN
A,GE10,C28,P_IUSE,PC_EMP,EA,,NaN,,NaN
A,GE10,C28,P_IUSE,PC_EMP,EE,,NaN,,NaN
A,GE10,C28,P_IUSE,PC_EMP,EL,,NaN,,NaN
A,GE10,C28,P_IUSE,PC_EMP,ES,,NaN,,NaN
A,GE10,C28,P_IUSE,PC_EMP,EU27_2020,,NaN,,NaN
A,GE10,C28,P_IUSE,PC_EMP,FI,,NaN,,NaN
A,GE10,C28,P_IUSE,PC_EMP,FR,,NaN,,NaN
A,GE10,C28,P_IUSE,PC_EMP,HR,,NaN,,NaN
A,GE10,C28,P_IUSE,PC_EMP,HU,,NaN,,NaN
A,GE10,C28,P_IUSE,PC_EMP,IE,,NaN,,NaN
A,GE10,C28,P_IUSE,PC_EMP,IT,,NaN,,NaN
A,GE10,C28,P_IUSE,PC_EMP,LT,,NaN,,NaN
A,GE10,C28,P_IUSE,PC_EMP,LU,,NaN,,NaN
A,GE10,C28,P_IUSE,PC_EMP,LV,,NaN,,NaN
A,GE10,C28,P_IUSE,PC_EMP,ME,,NaN,,NaN
A,GE10,C28,P_IUSE,PC_EMP,MK,,NaN,,NaN
A,GE10,C28,P_IUSE,PC_EMP,MT,,NaN,,NaN
A,GE10,C28,P_IUSE,PC_EMP,NL,,NaN,,NaN
A,GE10,C28,P_IUSE,PC_EMP,NO,,NaN,,NaN
A,GE10,C28,P_IUSE,PC_EMP,PL,,NaN,,NaN
A,GE10,C28,P_IUSE,PC_EMP,PT,,NaN,,NaN
A,GE10,C28,P_IUSE,PC_EMP,RO,,NaN,,NaN
A,GE10,C28,P_IUSE,PC_EMP,RS,,NaN,,NaN
A,GE10,C28,P_IUSE,PC_EMP,SE,,NaN,,NaN
A,GE10,C28,P_IUSE,PC_EMP,SI,,NaN,,NaN
A,GE10,C28,P_IUSE,PC_EMP,SK,,NaN,,NaN
A,GE10,C28,P_IUSE,PC_EMP,TR,,NaN,,NaN
A,GE10,C29_C30,P_CUSE,PC_EMP,AT,,NaN,,NaN
A,GE10,C29_C30,P_CUSE,PC_EMP,BA,,NaN,,NaN
A,GE10,C29_C30,P_CUSE,PC_EMP,BE,,u,,NaN
A,GE10,C29_C30,P_CUSE,PC_EMP,BG,13.3,NaN,,NaN
A,GE10,C29_C30,P_CUSE,PC_EMP,CY,21.74,NaN,,NaN
A,GE10,C29_C30,P_CUSE,PC_EMP,CZ,43.7,NaN,,NaN
A,GE10,C29_C30,P_CUSE,PC_EMP,DE,57.65,NaN,,NaN
A,GE10,C29_C30,P_CUSE,PC_EMP,DK,,NaN,,NaN
A,GE10,C29_C30,P_CUSE,PC_EMP,EA,55.59,NaN,,NaN
A,GE10,C29_C30,P_CUSE,PC_EMP,EE,41.3,NaN,,NaN
A,GE10,C29_C30,P_CUSE,PC_EMP,EL,40.19,NaN,,NaN
A,GE10,C29_C30,P_CUSE,PC_EMP,ES,,u,,NaN
A,GE10,C29_C30,P_CUSE,PC_EMP,EU15,58.33,NaN,,NaN
A,GE10,C29_C30,P_CUSE,PC_EMP,EU25,,NaN,,NaN
A,GE10,C29_C30,P_CUSE,PC_EMP,EU27_2007,52.16,NaN,,NaN
A,GE10,C29_C30,P_CUSE,PC_EMP,EU27_2020,50.09,NaN,,NaN
A,GE10,C29_C30,P_CUSE,PC_EMP,EU28,52.06,NaN,,NaN
A,GE10,C29_C30,P_CUSE,PC_EMP,FI,62.23,NaN,,NaN
A,GE10,C29_C30,P_CUSE,PC_EMP,FR,,NaN,,NaN
A,GE10,C29_C30,P_CUSE,PC_EMP,HR,26.02,NaN,,NaN
A,GE10,C29_C30,P_CUSE,PC_EMP,HU,39.62,NaN,,NaN
A,GE10,C29_C30,P_CUSE,PC_EMP,IE,53.4,NaN,,NaN
A,GE10,C29_C30,P_CUSE,PC_EMP,IS,,NaN,,NaN
A,GE10,C29_C30,P_CUSE,PC_EMP,IT,49.21,NaN,,NaN
A,GE10,C29_C30,P_CUSE,PC_EMP,LT,43.91,NaN,,NaN
A,GE10,C29_C30,P_CUSE,PC_EMP,LU,,NaN,,NaN
A,GE10,C29_C30,P_CUSE,PC_EMP,LV,,NaN,,NaN
A,GE10,C29_C30,P_CUSE,PC_EMP,MK,23.21,NaN,,NaN
A,GE10,C29_C30,P_CUSE,PC_EMP,MT,,NaN,,NaN
A,GE10,C29_C30,P_CUSE,PC_EMP,NL,60.01,NaN,,NaN
A,GE10,C29_C30,P_CUSE,PC_EMP,NO,66.61,NaN,,NaN
A,GE10,C29_C30,P_CUSE,PC_EMP,PL,42.83,NaN,,NaN
A,GE10,C29_C30,P_CUSE,PC_EMP,PT,45.77,NaN,,NaN
A,GE10,C29_C30,P_CUSE,PC_EMP,RO,30.92,NaN,,NaN
A,GE10,C29_C30,P_CUSE,PC_EMP,RS,,NaN,,NaN
A,GE10,C29_C30,P_CUSE,PC_EMP,SE,,NaN,,NaN
A,GE10,C29_C30,P_CUSE,PC_EMP,SI,49.35,NaN,,NaN
A,GE10,C29_C30,P_CUSE,PC_EMP,SK,40.54,NaN,,NaN
A,GE10,C29_C30,P_CUSE,PC_EMP,TR,,NaN,,NaN
A,GE10,C29_C30,P_CUSE,PC_EMP,UK,69.13,NaN,,NaN
A,GE10,C29_C30,P_CUSE,PC_EMP_CUSE2,AT,,NaN,,NaN
A,GE10,C29_C30,P_CUSE,PC_EMP_CUSE2,BE,,NaN,,NaN
A,GE10,C29_C30,P_CUSE,PC_EMP_CUSE2,BG,,NaN,,NaN
A,GE10,C29_C30,P_CUSE,PC_EMP_CUSE2,CY,,NaN,,NaN
A,GE10,C29_C30,P_CUSE,PC_EMP_CUSE2,CZ,,NaN,,NaN
A,GE10,C29_C30,P_CUSE,PC_EMP_CUSE2,DE,,NaN,,NaN
A,GE10,C29_C30,P_CUSE,PC_EMP_CUSE2,DK,,NaN,,NaN
A,GE10,C29_C30,P_CUSE,PC_EMP_CUSE2,EA,,NaN,,NaN
A,GE10,C29_C30,P_CUSE,PC_EMP_CUSE2,EE,,NaN,,NaN
A,GE10,C29_C30,P_CUSE,PC_EMP_CUSE2,EL,,NaN,,NaN
A,GE10,C29_C30,P_CUSE,PC_EMP_CUSE2,ES,,NaN,,NaN
A,GE10,C29_C30,P_CUSE,PC_EMP_CUSE2,EU15,,NaN,,NaN
A,GE10,C29_C30,P_CUSE,PC_EMP_CUSE2,EU27_2007,,NaN,,NaN
A,GE10,C29_C30,P_CUSE,PC_EMP_CUSE2,EU27_2020,,NaN,,NaN
A,GE10,C29_C30,P_CUSE,PC_EMP_CUSE2,EU28,,NaN,,NaN
A,GE10,C29_C30,P_CUSE,PC_EMP_CUSE2,FI,,NaN,,NaN
A,GE10,C29_C30,P_CUSE,PC_EMP_CUSE2,FR,,NaN,,NaN
A,GE10,C29_C30,P_CUSE,PC_EMP_CUSE2,HR,,NaN,,NaN
A,GE10,C29_C30,P_CUSE,PC_EMP_CUSE2,HU,,NaN,,NaN
A,GE10,C29_C30,P_CUSE,PC_EMP_CUSE2,IE,,NaN,,NaN
A,GE10,C29_C30,P_CUSE,PC_EMP_CUSE2,IT,,NaN,,NaN
A,GE10,C29_C30,P_CUSE,PC_EMP_CUSE2,LT,,NaN,,NaN
A,GE10,C29_C30,P_CUSE,PC_EMP_CUSE2,MK,,NaN,,NaN
A,GE10,C29_C30,P_CUSE,PC_EMP_CUSE2,MT,,NaN,,NaN
A,GE10,C29_C30,P_CUSE,PC_EMP_CUSE2,NL,,NaN,,NaN
A,GE10,C29_C30,P_CUSE,PC_EMP_CUSE2,NO,,NaN,,NaN
A,GE10,C29_C30,P_CUSE,PC_EMP_CUSE2,PL,,NaN,,NaN
A,GE10,C29_C30,P_CUSE,PC_EMP_CUSE2,PT,,NaN,,NaN
A,GE10,C29_C30,P_CUSE,PC_EMP_CUSE2,RO,,NaN,,NaN
A,GE10,C29_C30,P_CUSE,PC_EMP_CUSE2,RS,,NaN,,NaN
A,GE10,C29_C30,P_CUSE,PC_EMP_CUSE2,SI,,NaN,,NaN
A,GE10,C29_C30,P_CUSE,PC_EMP_CUSE2,SK,,NaN,,NaN
A,GE10,C29_C30,P_CUSE,PC_EMP_CUSE2,UK,,NaN,,NaN
A,GE10,C29_C30,P_IUSE,PC_EMP,AL,,NaN,,NaN
A,GE10,C29_C30,P_IUSE,PC_EMP,AT,,u,,u
A,GE10,C29_C30,P_IUSE,PC_EMP,BA,,NaN,21.77,NaN
A,GE10,C29_C30,P_IUSE,PC_EMP,BE,,u,,u
A,GE10,C29_C30,P_IUSE,PC_EMP,BG,10.92,NaN,16.92,NaN
A,GE10,C29_C30,P_IUSE,PC_EMP,CY,21.74,NaN,,NaN
A,GE10,C29_C30,P_IUSE,PC_EMP,CZ,27.52,NaN,42.78,NaN
A,GE10,C29_C30,P_IUSE,PC_EMP,DE,52.8,NaN,54.37,NaN
A,GE10,C29_C30,P_IUSE,PC_EMP,DK,55.23,NaN,61.47,NaN
A,GE10,C29_C30,P_IUSE,PC_EMP,EA,51.16,NaN,55.15,NaN
A,GE10,C29_C30,P_IUSE,PC_EMP,EE,33.0,NaN,44.27,NaN
A,GE10,C29_C30,P_IUSE,PC_EMP,EL,37.77,NaN,49.01,NaN
A,GE10,C29_C30,P_IUSE,PC_EMP,ES,,u,,u
A,GE10,C29_C30,P_IUSE,PC_EMP,EU15,53.78,NaN,,NaN
A,GE10,C29_C30,P_IUSE,PC_EMP,EU25,,NaN,,NaN
A,GE10,C29_C30,P_IUSE,PC_EMP,EU27_2007,46.89,NaN,,NaN
A,GE10,C29_C30,P_IUSE,PC_EMP,EU27_2020,45.37,NaN,51.51,NaN
A,GE10,C29_C30,P_IUSE,PC_EMP,EU28,46.83,NaN,,NaN
A,GE10,C29_C30,P_IUSE,PC_EMP,FI,54.35,NaN,,u
A,GE10,C29_C30,P_IUSE,PC_EMP,FR,67.35,NaN,68.35,NaN
A,GE10,C29_C30,P_IUSE,PC_EMP,HR,25.15,NaN,30.93,NaN
A,GE10,C29_C30,P_IUSE,PC_EMP,HU,31.9,NaN,38.51,NaN
A,GE10,C29_C30,P_IUSE,PC_EMP,IE,51.21,NaN,45.78,NaN
A,GE10,C29_C30,P_IUSE,PC_EMP,IS,,NaN,,NaN
A,GE10,C29_C30,P_IUSE,PC_EMP,IT,36.8,NaN,48.57,NaN
A,GE10,C29_C30,P_IUSE,PC_EMP,LT,35.06,NaN,30.14,NaN
A,GE10,C29_C30,P_IUSE,PC_EMP,LU,,NaN,,NaN
A,GE10,C29_C30,P_IUSE,PC_EMP,LV,28.94,NaN,34.24,NaN
A,GE10,C29_C30,P_IUSE,PC_EMP,MK,,u,,NaN
A,GE10,C29_C30,P_IUSE,PC_EMP,MT,,NaN,,NaN
A,GE10,C29_C30,P_IUSE,PC_EMP,NL,57.63,NaN,65.18,NaN
A,GE10,C29_C30,P_IUSE,PC_EMP,NO,65.51,NaN,74.97,NaN
A,GE10,C29_C30,P_IUSE,PC_EMP,PL,31.15,NaN,42.32,NaN
A,GE10,C29_C30,P_IUSE,PC_EMP,PT,27.23,NaN,37.38,NaN
A,GE10,C29_C30,P_IUSE,PC_EMP,RO,24.55,NaN,32.74,NaN
A,GE10,C29_C30,P_IUSE,PC_EMP,RS,,NaN,40.09,NaN
A,GE10,C29_C30,P_IUSE,PC_EMP,SE,65.7,NaN,82.62,NaN
A,GE10,C29_C30,P_IUSE,PC_EMP,SI,42.03,NaN,37.94,NaN
A,GE10,C29_C30,P_IUSE,PC_EMP,SK,28.12,NaN,35.03,NaN
A,GE10,C29_C30,P_IUSE,PC_EMP,TR,26.29,NaN,,NaN
A,GE10,C29_C30,P_IUSE,PC_EMP,UK,62.01,NaN,,u
A,GE10,C29_C30,P_IUSE,PC_EMP_CUSE,AT,,NaN,,NaN
A,GE10,C29_C30,P_IUSE,PC_EMP_CUSE,BA,,NaN,,NaN
A,GE10,C29_C30,P_IUSE,PC_EMP_CUSE,BE,,u,,NaN
A,GE10,C29_C30,P_IUSE,PC_EMP_CUSE,BG,82.09,NaN,,NaN
A,GE10,C29_C30,P_IUSE,PC_EMP_CUSE,CY,100.0,NaN,,NaN
A,GE10,C29_C30,P_IUSE,PC_EMP_CUSE,CZ,62.98,NaN,,NaN
A,GE10,C29_C30,P_IUSE,PC_EMP_CUSE,DE,91.58,NaN,,NaN
A,GE10,C29_C30,P_IUSE,PC_EMP_CUSE,DK,,NaN,,NaN
A,GE10,C29_C30,P_IUSE,PC_EMP_CUSE,EA,85.34,NaN,,NaN
A,GE10,C29_C30,P_IUSE,PC_EMP_CUSE,EE,79.9,NaN,,NaN
A,GE10,C29_C30,P_IUSE,PC_EMP_CUSE,EL,94.0,NaN,,NaN
A,GE10,C29_C30,P_IUSE,PC_EMP_CUSE,ES,,u,,NaN
A,GE10,C29_C30,P_IUSE,PC_EMP_CUSE,EU15,86.57,NaN,,NaN
A,GE10,C29_C30,P_IUSE,PC_EMP_CUSE,EU25,,NaN,,NaN
A,GE10,C29_C30,P_IUSE,PC_EMP_CUSE,EU27_2007,83.22,NaN,,NaN
A,GE10,C29_C30,P_IUSE,PC_EMP_CUSE,EU27_2020,82.22,NaN,,NaN
A,GE10,C29_C30,P_IUSE,PC_EMP_CUSE,EU28,83.25,NaN,,NaN
A,GE10,C29_C30,P_IUSE,PC_EMP_CUSE,FI,87.35,NaN,,NaN
A,GE10,C29_C30,P_IUSE,PC_EMP_CUSE,FR,,NaN,,NaN
A,GE10,C29_C30,P_IUSE,PC_EMP_CUSE,HR,96.62,NaN,,NaN
A,GE10,C29_C30,P_IUSE,PC_EMP_CUSE,HU,80.52,NaN,,NaN
A,GE10,C29_C30,P_IUSE,PC_EMP_CUSE,IE,95.9,NaN,,NaN
A,GE10,C29_C30,P_IUSE,PC_EMP_CUSE,IS,,NaN,,NaN
A,GE10,C29_C30,P_IUSE,PC_EMP_CUSE,IT,74.79,NaN,,NaN
A,GE10,C29_C30,P_IUSE,PC_EMP_CUSE,LT,79.83,NaN,,NaN
A,GE10,C29_C30,P_IUSE,PC_EMP_CUSE,LU,,NaN,,NaN
A,GE10,C29_C30,P_IUSE,PC_EMP_CUSE,LV,,NaN,,NaN
A,GE10,C29_C30,P_IUSE,PC_EMP_CUSE,MK,,u,,NaN
A,GE10,C29_C30,P_IUSE,PC_EMP_CUSE,MT,,NaN,,NaN
A,GE10,C29_C30,P_IUSE,PC_EMP_CUSE,NL,96.02,NaN,,NaN
A,GE10,C29_C30,P_IUSE,PC_EMP_CUSE,NO,98.34,NaN,,NaN
A,GE10,C29_C30,P_IUSE,PC_EMP_CUSE,PL,72.72,NaN,,NaN
A,GE10,C29_C30,P_IUSE,PC_EMP_CUSE,PT,59.49,NaN,,NaN
A,GE10,C29_C30,P_IUSE,PC_EMP_CUSE,RO,79.41,NaN,,NaN
A,GE10,C29_C30,P_IUSE,PC_EMP_CUSE,RS,,NaN,,NaN
A,GE10,C29_C30,P_IUSE,PC_EMP_CUSE,SE,,NaN,,NaN
A,GE10,C29_C30,P_IUSE,PC_EMP_CUSE,SI,85.17,NaN,,NaN
A,GE10,C29_C30,P_IUSE,PC_EMP_CUSE,SK,69.36,NaN,,NaN
A,GE10,C29_C30,P_IUSE,PC_EMP_CUSE,TR,,NaN,,NaN
A,GE10,C29_C30,P_IUSE,PC_EMP_CUSE,UK,89.69,NaN,,NaN
A,GE10,C29_C30,P_IUSE,PC_EMP_CUSE2,AT,,NaN,,NaN
A,GE10,C29_C30,P_IUSE,PC_EMP_CUSE2,BE,,NaN,,NaN
A,GE10,C29_C30,P_IUSE,PC_EMP_CUSE2,BG,,NaN,,NaN
A,GE10,C29_C30,P_IUSE,PC_EMP_CUSE2,CY,,NaN,,NaN
A,GE10,C29_C30,P_IUSE,PC_EMP_CUSE2,CZ,,NaN,,NaN
A,GE10,C29_C30,P_IUSE,PC_EMP_CUSE2,DE,,NaN,,NaN
A,GE10,C29_C30,P_IUSE,PC_EMP_CUSE2,DK,,NaN,,NaN
A,GE10,C29_C30,P_IUSE,PC_EMP_CUSE2,EA,,NaN,,NaN
A,GE10,C29_C30,P_IUSE,PC_EMP_CUSE2,EE,,NaN,,NaN
A,GE10,C29_C30,P_IUSE,PC_EMP_CUSE2,EL,,NaN,,NaN
A,GE10,C29_C30,P_IUSE,PC_EMP_CUSE2,ES,,NaN,,NaN
A,GE10,C29_C30,P_IUSE,PC_EMP_CUSE2,EU15,,NaN,,NaN
A,GE10,C29_C30,P_IUSE,PC_EMP_CUSE2,EU27_2007,,NaN,,NaN
A,GE10,C29_C30,P_IUSE,PC_EMP_CUSE2,EU27_2020,,NaN,,NaN
A,GE10,C29_C30,P_IUSE,PC_EMP_CUSE2,EU28,,NaN,,NaN
A,GE10,C29_C30,P_IUSE,PC_EMP_CUSE2,FI,,NaN,,NaN
A,GE10,C29_C30,P_IUSE,PC_EMP_CUSE2,FR,,NaN,,NaN
A,GE10,C29_C30,P_IUSE,PC_EMP_CUSE2,HR,,NaN,,NaN
A,GE10,C29_C30,P_IUSE,PC_EMP_CUSE2,HU,,NaN,,NaN
A,GE10,C29_C30,P_IUSE,PC_EMP_CUSE2,IE,,NaN,,NaN
A,GE10,C29_C30,P_IUSE,PC_EMP_CUSE2,IS,,NaN,,NaN
A,GE10,C29_C30,P_IUSE,PC_EMP_CUSE2,IT,,NaN,,NaN
A,GE10,C29_C30,P_IUSE,PC_EMP_CUSE2,LT,,NaN,,NaN
A,GE10,C29_C30,P_IUSE,PC_EMP_CUSE2,LU,,NaN,,NaN
A,GE10,C29_C30,P_IUSE,PC_EMP_CUSE2,LV,,NaN,,NaN
A,GE10,C29_C30,P_IUSE,PC_EMP_CUSE2,MK,,NaN,,NaN
A,GE10,C29_C30,P_IUSE,PC_EMP_CUSE2,MT,,NaN,,NaN
A,GE10,C29_C30,P_IUSE,PC_EMP_CUSE2,NL,,NaN,,NaN
A,GE10,C29_C30,P_IUSE,PC_EMP_CUSE2,NO,,NaN,,NaN
A,GE10,C29_C30,P_IUSE,PC_EMP_CUSE2,PL,,NaN,,NaN
A,GE10,C29_C30,P_IUSE,PC_EMP_CUSE2,PT,,NaN,,NaN
A,GE10,C29_C30,P_IUSE,PC_EMP_CUSE2,RO,,NaN,,NaN
A,GE10,C29_C30,P_IUSE,PC_EMP_CUSE2,RS,,NaN,,NaN
A,GE10,C29_C30,P_IUSE,PC_EMP_CUSE2,SE,,NaN,,NaN
A,GE10,C29_C30,P_IUSE,PC_EMP_CUSE2,SI,,NaN,,NaN
A,GE10,C29_C30,P_IUSE,PC_EMP_CUSE2,SK,,NaN,,NaN
A,GE10,C29_C30,P_IUSE,PC_EMP_CUSE2,TR,,NaN,,NaN
A,GE10,C29_C30,P_IUSE,PC_EMP_CUSE2,UK,,NaN,,NaN
A,GE10,C29_C30,P_IUSE,PC_EMP_IACC,AT,,NaN,,NaN
A,GE10,C29_C30,P_IUSE,PC_EMP_IACC,BE,,NaN,,NaN
A,GE10,C29_C30,P_IUSE,PC_EMP_IACC,BG,,NaN,,NaN
A,GE10,C29_C30,P_IUSE,PC_EMP_IACC,CY,,NaN,,NaN
A,GE10,C29_C30,P_IUSE,PC_EMP_IACC,CZ,,NaN,,NaN
A,GE10,C29_C30,P_IUSE,PC_EMP_IACC,DE,,NaN,,NaN
A,GE10,C29_C30,P_IUSE,PC_EMP_IACC,DK,,NaN,,NaN
A,GE10,C29_C30,P_IUSE,PC_EMP_IACC,EA,,NaN,,NaN
A,GE10,C29_C30,P_IUSE,PC_EMP_IACC,EE,,NaN,,NaN
A,GE10,C29_C30,P_IUSE,PC_EMP_IACC,EL,,NaN,,NaN
A,GE10,C29_C30,P_IUSE,PC_EMP_IACC,ES,,NaN,,NaN
A,GE10,C29_C30,P_IUSE,PC_EMP_IACC,EU15,,NaN,,NaN
A,GE10,C29_C30,P_IUSE,PC_EMP_IACC,EU27_2007,,NaN,,NaN
A,GE10,C29_C30,P_IUSE,PC_EMP_IACC,EU27_2020,,NaN,,NaN
A,GE10,C29_C30,P_IUSE,PC_EMP_IACC,EU28,,NaN,,NaN
A,GE10,C29_C30,P_IUSE,PC_EMP_IACC,FI,,NaN,,NaN
A,GE10,C29_C30,P_IUSE,PC_EMP_IACC,FR,,NaN,,NaN
A,GE10,C29_C30,P_IUSE,PC_EMP_IACC,HR,,NaN,,NaN
A,GE10,C29_C30,P_IUSE,PC_EMP_IACC,HU,,NaN,,NaN
A,GE10,C29_C30,P_IUSE,PC_EMP_IACC,IE,,NaN,,NaN
A,GE10,C29_C30,P_IUSE,PC_EMP_IACC,IS,,NaN,,NaN
A,GE10,C29_C30,P_IUSE,PC_EMP_IACC,IT,,NaN,,NaN
A,GE10,C29_C30,P_IUSE,PC_EMP_IACC,LT,,NaN,,NaN
A,GE10,C29_C30,P_IUSE,PC_EMP_IACC,LU,,NaN,,NaN
A,GE10,C29_C30,P_IUSE,PC_EMP_IACC,LV,,NaN,,NaN
A,GE10,C29_C30,P_IUSE,PC_EMP_IACC,MK,,NaN,,NaN
A,GE10,C29_C30,P_IUSE,PC_EMP_IACC,MT,,NaN,,NaN
A,GE10,C29_C30,P_IUSE,PC_EMP_IACC,NL,,NaN,,NaN
A,GE10,C29_C30,P_IUSE,PC_EMP_IACC,NO,,NaN,,NaN
A,GE10,C29_C30,P_IUSE,PC_EMP_IACC,PL,,NaN,,NaN
A,GE10,C29_C30,P_IUSE,PC_EMP_IACC,PT,,NaN,,NaN
A,GE10,C29_C30,P_IUSE,PC_EMP_IACC,RO,,NaN,,NaN
A,GE10,C29_C30,P_IUSE,PC_EMP_IACC,RS,,NaN,,NaN
A,GE10,C29_C30,P_IUSE,PC_EMP_IACC,SE,,NaN,,NaN
A,GE10,C29_C30,P_IUSE,PC_EMP_IACC,SI,,NaN,,NaN
A,GE10,C29_C30,P_IUSE,PC_EMP_IACC,SK,,NaN,,NaN
A,GE10,C29_C30,P_IUSE,PC_EMP_IACC,TR,,NaN,,NaN
A,GE10,C29_C30,P_IUSE,PC_EMP_IACC,UK,,NaN,,NaN
A,GE10,C31-C33,P_CUSE,PC_EMP,AT,,NaN,,NaN
A,GE10,C31-C33,P_CUSE,PC_EMP,BA,,NaN,,NaN
A,GE10,C31-C33,P_CUSE,PC_EMP,BE,50.26,NaN,,NaN
A,GE10,C31-C33,P_CUSE,PC_EMP,BG,23.05,NaN,,NaN
A,GE10,C31-C33,P_CUSE,PC_EMP,CY,50.38,NaN,,NaN
A,GE10,C31-C33,P_CUSE,PC_EMP,CZ,42.99,NaN,,NaN
A,GE10,C31-C33,P_CUSE,PC_EMP,DE,60.22,NaN,,NaN
A,GE10,C31-C33,P_CUSE,PC_EMP,DK,,NaN,,NaN
A,GE10,C31-C33,P_CUSE,PC_EMP,EA,50.71,NaN,,NaN
A,GE10,C31-C33,P_CUSE,PC_EMP,EE,30.76,NaN,,NaN
A,GE10,C31-C33,P_CUSE,PC_EMP,EL,35.55,NaN,,NaN
A,GE10,C31-C33,P_CUSE,PC_EMP,ES,,u,,NaN
A,GE10,C31-C33,P_CUSE,PC_EMP,EU15,53.08,NaN,,NaN
A,GE10,C31-C33,P_CUSE,PC_EMP,EU25,,NaN,,NaN
A,GE10,C31-C33,P_CUSE,PC_EMP,EU27_2007,45.79,NaN,,NaN
A,GE10,C31-C33,P_CUSE,PC_EMP,EU27_2020,44.11,NaN,,NaN
A,GE10,C31-C33,P_CUSE,PC_EMP,EU28,45.68,NaN,,NaN
A,GE10,C31-C33,P_CUSE,PC_EMP,FI,65.85,NaN,,NaN
A,GE10,C31-C33,P_CUSE,PC_EMP,FR,,NaN,,NaN
A,GE10,C31-C33,P_CUSE,PC_EMP,HR,32.98,NaN,,NaN
A,GE10,C31-C33,P_CUSE,PC_EMP,HU,40.4,NaN,,NaN
A,GE10,C31-C33,P_CUSE,PC_EMP,IE,67.45,NaN,,NaN
A,GE10,C31-C33,P_CUSE,PC_EMP,IS,,NaN,,NaN
A,GE10,C31-C33,P_CUSE,PC_EMP,IT,42.99,NaN,,NaN
A,GE10,C31-C33,P_CUSE,PC_EMP,LT,30.18,NaN,,NaN
A,GE10,C31-C33,P_CUSE,PC_EMP,LU,,NaN,,NaN
A,GE10,C31-C33,P_CUSE,PC_EMP,LV,,NaN,,NaN
A,GE10,C31-C33,P_CUSE,PC_EMP,ME,,u,,NaN
A,GE10,C31-C33,P_CUSE,PC_EMP,MK,26.56,NaN,,NaN
A,GE10,C31-C33,P_CUSE,PC_EMP,MT,,NaN,,NaN
A,GE10,C31-C33,P_CUSE,PC_EMP,NL,38.99,NaN,,NaN
A,GE10,C31-C33,P_CUSE,PC_EMP,NO,68.75,NaN,,NaN
A,GE10,C31-C33,P_CUSE,PC_EMP,PL,29.44,NaN,,NaN
A,GE10,C31-C33,P_CUSE,PC_EMP,PT,31.56,NaN,,NaN
A,GE10,C31-C33,P_CUSE,PC_EMP,RO,18.46,NaN,,NaN
A,GE10,C31-C33,P_CUSE,PC_EMP,RS,,NaN,,NaN
A,GE10,C31-C33,P_CUSE,PC_EMP,SE,,NaN,,NaN
A,GE10,C31-C33,P_CUSE,PC_EMP,SI,40.86,NaN,,NaN
A,GE10,C31-C33,P_CUSE,PC_EMP,SK,42.02,NaN,,NaN
A,GE10,C31-C33,P_CUSE,PC_EMP,TR,,NaN,,NaN
A,GE10,C31-C33,P_CUSE,PC_EMP,UK,59.61,NaN,,NaN
A,GE10,C31-C33,P_CUSE,PC_EMP_CUSE2,AT,,NaN,,NaN
A,GE10,C31-C33,P_CUSE,PC_EMP_CUSE2,BE,,NaN,,NaN
A,GE10,C31-C33,P_CUSE,PC_EMP_CUSE2,BG,,NaN,,NaN
A,GE10,C31-C33,P_CUSE,PC_EMP_CUSE2,CY,,NaN,,NaN
A,GE10,C31-C33,P_CUSE,PC_EMP_CUSE2,CZ,,NaN,,NaN
A,GE10,C31-C33,P_CUSE,PC_EMP_CUSE2,DE,,NaN,,NaN
A,GE10,C31-C33,P_CUSE,PC_EMP_CUSE2,DK,,NaN,,NaN
A,GE10,C31-C33,P_CUSE,PC_EMP_CUSE2,EA,,NaN,,NaN
A,GE10,C31-C33,P_CUSE,PC_EMP_CUSE2,EE,,NaN,,NaN
A,GE10,C31-C33,P_CUSE,PC_EMP_CUSE2,EL,,NaN,,NaN
A,GE10,C31-C33,P_CUSE,PC_EMP_CUSE2,ES,,NaN,,NaN
A,GE10,C31-C33,P_CUSE,PC_EMP_CUSE2,EU15,,NaN,,NaN
A,GE10,C31-C33,P_CUSE,PC_EMP_CUSE2,EU27_2007,,NaN,,NaN
A,GE10,C31-C33,P_CUSE,PC_EMP_CUSE2,EU27_2020,,NaN,,NaN
A,GE10,C31-C33,P_CUSE,PC_EMP_CUSE2,EU28,,NaN,,NaN
A,GE10,C31-C33,P_CUSE,PC_EMP_CUSE2,FI,,NaN,,NaN
A,GE10,C31-C33,P_CUSE,PC_EMP_CUSE2,FR,,NaN,,NaN
A,GE10,C31-C33,P_CUSE,PC_EMP_CUSE2,HR,,NaN,,NaN
A,GE10,C31-C33,P_CUSE,PC_EMP_CUSE2,HU,,NaN,,NaN
A,GE10,C31-C33,P_CUSE,PC_EMP_CUSE2,IE,,NaN,,NaN
A,GE10,C31-C33,P_CUSE,PC_EMP_CUSE2,IT,,NaN,,NaN
A,GE10,C31-C33,P_CUSE,PC_EMP_CUSE2,LT,,NaN,,NaN
A,GE10,C31-C33,P_CUSE,PC_EMP_CUSE2,MK,,NaN,,NaN
A,GE10,C31-C33,P_CUSE,PC_EMP_CUSE2,MT,,NaN,,NaN
A,GE10,C31-C33,P_CUSE,PC_EMP_CUSE2,NL,,NaN,,NaN
A,GE10,C31-C33,P_CUSE,PC_EMP_CUSE2,NO,,NaN,,NaN
A,GE10,C31-C33,P_CUSE,PC_EMP_CUSE2,PL,,NaN,,NaN
A,GE10,C31-C33,P_CUSE,PC_EMP_CUSE2,PT,,NaN,,NaN
A,GE10,C31-C33,P_CUSE,PC_EMP_CUSE2,RO,,NaN,,NaN
A,GE10,C31-C33,P_CUSE,PC_EMP_CUSE2,RS,,NaN,,NaN
A,GE10,C31-C33,P_CUSE,PC_EMP_CUSE2,SI,,NaN,,NaN
A,GE10,C31-C33,P_CUSE,PC_EMP_CUSE2,SK,,NaN,,NaN
A,GE10,C31-C33,P_CUSE,PC_EMP_CUSE2,UK,,NaN,,NaN
A,GE10,C31-C33,P_IUSE,PC_EMP,AL,,NaN,,NaN
A,GE10,C31-C33,P_IUSE,PC_EMP,AT,57.82,NaN,,u
A,GE10,C31-C33,P_IUSE,PC_EMP,BA,,NaN,23.65,NaN
A,GE10,C31-C33,P_IUSE,PC_EMP,BE,46.77,NaN,53.77,NaN
A,GE10,C31-C33,P_IUSE,PC_EMP,BG,20.25,NaN,26.59,NaN
A,GE10,C31-C33,P_IUSE,PC_EMP,CY,47.89,NaN,26.49,NaN
A,GE10,C31-C33,P_IUSE,PC_EMP,CZ,38.79,NaN,50.1,NaN
A,GE10,C31-C33,P_IUSE,PC_EMP,DE,51.98,NaN,58.95,NaN
A,GE10,C31-C33,P_IUSE,PC_EMP,DK,69.45,NaN,69.1,NaN
A,GE10,C31-C33,P_IUSE,PC_EMP,EA,46.96,NaN,54.89,NaN
A,GE10,C31-C33,P_IUSE,PC_EMP,EE,29.36,NaN,32.31,NaN
A,GE10,C31-C33,P_IUSE,PC_EMP,EL,28.67,NaN,,u
A,GE10,C31-C33,P_IUSE,PC_EMP,ES,,u,,u
A,GE10,C31-C33,P_IUSE,PC_EMP,EU15,49.32,NaN,,NaN
A,GE10,C31-C33,P_IUSE,PC_EMP,EU25,,NaN,,NaN
A,GE10,C31-C33,P_IUSE,PC_EMP,EU27_2007,42.97,NaN,,NaN
A,GE10,C31-C33,P_IUSE,PC_EMP,EU27_2020,41.84,NaN,49.41,NaN
A,GE10,C31-C33,P_IUSE,PC_EMP,EU28,42.88,NaN,,NaN
A,GE10,C31-C33,P_IUSE,PC_EMP,FI,63.69,NaN,,u
A,GE10,C31-C33,P_IUSE,PC_EMP,FR,55.99,NaN,62.83,NaN
A,GE10,C31-C33,P_IUSE,PC_EMP,HR,29.75,NaN,38.52,NaN
A,GE10,C31-C33,P_IUSE,PC_EMP,HU,33.88,NaN,38.57,NaN
A,GE10,C31-C33,P_IUSE,PC_EMP,IE,66.38,NaN,68.97,NaN
A,GE10,C31-C33,P_IUSE,PC_EMP,IS,,NaN,,NaN
A,GE10,C31-C33,P_IUSE,PC_EMP,IT,38.12,NaN,49.95,NaN
A,GE10,C31-C33,P_IUSE,PC_EMP,LT,26.81,NaN,35.5,NaN
A,GE10,C31-C33,P_IUSE,PC_EMP,LU,,u,,NaN
A,GE10,C31-C33,P_IUSE,PC_EMP,LV,20.64,NaN,23.97,NaN
A,GE10,C31-C33,P_IUSE,PC_EMP,ME,,u,,u
A,GE10,C31-C33,P_IUSE,PC_EMP,MK,24.73,NaN,24.65,NaN
A,GE10,C31-C33,P_IUSE,PC_EMP,MT,38.77,NaN,50.46,NaN
A,GE10,C31-C33,P_IUSE,PC_EMP,NL,36.08,NaN,50.04,NaN
A,GE10,C31-C33,P_IUSE,PC_EMP,NO,64.84,NaN,81.0,NaN
A,GE10,C31-C33,P_IUSE,PC_EMP,PL,25.75,NaN,32.13,NaN
A,GE10,C31-C33,P_IUSE,PC_EMP,PT,26.37,NaN,31.39,NaN
A,GE10,C31-C33,P_IUSE,PC_EMP,RO,14.88,NaN,17.23,NaN
A,GE10,C31-C33,P_IUSE,PC_EMP,RS,,NaN,48.14,NaN
A,GE10,C31-C33,P_IUSE,PC_EMP,SE,64.1,NaN,76.56,NaN
A,GE10,C31-C33,P_IUSE,PC_EMP,SI,36.55,NaN,55.8,NaN
A,GE10,C31-C33,P_IUSE,PC_EMP,SK,38.25,NaN,45.6,NaN
A,GE10,C31-C33,P_IUSE,PC_EMP,TR,22.38,NaN,,NaN
A,GE10,C31-C33,P_IUSE,PC_EMP,UK,54.03,NaN,58.31,NaN
A,GE10,C31-C33,P_IUSE,PC_EMP_CUSE,AT,,NaN,,NaN
A,GE10,C31-C33,P_IUSE,PC_EMP_CUSE,BA,,NaN,,NaN
A,GE10,C31-C33,P_IUSE,PC_EMP_CUSE,BE,93.07,NaN,,NaN
A,GE10,C31-C33,P_IUSE,PC_EMP_CUSE,BG,87.85,NaN,,NaN
A,GE10,C31-C33,P_IUSE,PC_EMP_CUSE,CY,95.05,NaN,,NaN
A,GE10,C31-C33,P_IUSE,PC_EMP_CUSE,CZ,90.22,NaN,,NaN
A,GE10,C31-C33,P_IUSE,PC_EMP_CUSE,DE,86.32,NaN,,NaN
A,GE10,C31-C33,P_IUSE,PC_EMP_CUSE,DK,,NaN,,NaN
A,GE10,C31-C33,P_IUSE,PC_EMP_CUSE,EA,88.63,NaN,,NaN
A,GE10,C31-C33,P_IUSE,PC_EMP_CUSE,EE,95.45,NaN,,NaN
A,GE10,C31-C33,P_IUSE,PC_EMP_CUSE,EL,80.65,NaN,,NaN
A,GE10,C31-C33,P_IUSE,PC_EMP_CUSE,ES,,u,,NaN
A,GE10,C31-C33,P_IUSE,PC_EMP_CUSE,EU15,88.88,NaN,,NaN
A,GE10,C31-C33,P_IUSE,PC_EMP_CUSE,EU25,,NaN,,NaN
A,GE10,C31-C33,P_IUSE,PC_EMP_CUSE,EU27_2007,88.58,NaN,,NaN
A,GE10,C31-C33,P_IUSE,PC_EMP_CUSE,EU27_2020,88.28,NaN,,NaN
A,GE10,C31-C33,P_IUSE,PC_EMP_CUSE,EU28,88.59,NaN,,NaN
A,GE10,C31-C33,P_IUSE,PC_EMP_CUSE,FI,96.72,NaN,,NaN
A,GE10,C31-C33,P_IUSE,PC_EMP_CUSE,FR,,NaN,,NaN
A,GE10,C31-C33,P_IUSE,PC_EMP_CUSE,HR,90.21,NaN,,NaN
A,GE10,C31-C33,P_IUSE,PC_EMP_CUSE,HU,83.87,NaN,,NaN
A,GE10,C31-C33,P_IUSE,PC_EMP_CUSE,IE,98.41,NaN,,NaN
A,GE10,C31-C33,P_IUSE,PC_EMP_CUSE,IS,,NaN,,NaN
A,GE10,C31-C33,P_IUSE,PC_EMP_CUSE,IT,88.68,NaN,,NaN
A,GE10,C31-C33,P_IUSE,PC_EMP_CUSE,LT,88.85,NaN,,NaN
A,GE10,C31-C33,P_IUSE,PC_EMP_CUSE,LU,,NaN,,NaN
A,GE10,C31-C33,P_IUSE,PC_EMP_CUSE,LV,,NaN,,NaN
A,GE10,C31-C33,P_IUSE,PC_EMP_CUSE,ME,,u,,NaN
A,GE10,C31-C33,P_IUSE,PC_EMP_CUSE,MK,93.12,NaN,,NaN
A,GE10,C31-C33,P_IUSE,PC_EMP_CUSE,MT,,NaN,,NaN
A,GE10,C31-C33,P_IUSE,PC_EMP_CUSE,NL,92.54,NaN,,NaN
A,GE10,C31-C33,P_IUSE,PC_EMP_CUSE,NO,94.31,NaN,,NaN
A,GE10,C31-C33,P_IUSE,PC_EMP_CUSE,PL,87.46,NaN,,NaN
A,GE10,C31-C33,P_IUSE,PC_EMP_CUSE,PT,83.58,NaN,,NaN
A,GE10,C31-C33,P_IUSE,PC_EMP_CUSE,RO,80.61,NaN,,NaN
A,GE10,C31-C33,P_IUSE,PC_EMP_CUSE,RS,,NaN,,NaN
A,GE10,C31-C33,P_IUSE,PC_EMP_CUSE,SE,,NaN,,NaN
A,GE10,C31-C33,P_IUSE,PC_EMP_CUSE,SI,89.45,NaN,,NaN
A,GE10,C31-C33,P_IUSE,PC_EMP_CUSE,SK,91.03,NaN,,NaN
A,GE10,C31-C33,P_IUSE,PC_EMP_CUSE,TR,,NaN,,NaN
A,GE10,C31-C33,P_IUSE,PC_EMP_CUSE,UK,90.65,NaN,,NaN
A,GE10,C31-C33,P_IUSE,PC_EMP_CUSE2,AT,,NaN,,NaN
A,GE10,C31-C33,P_IUSE,PC_EMP_CUSE2,BE,,NaN,,NaN
A,GE10,C31-C33,P_IUSE,PC_EMP_CUSE2,BG,,NaN,,NaN
A,GE10,C31-C33,P_IUSE,PC_EMP_CUSE2,CY,,NaN,,NaN
A,GE10,C31-C33,P_IUSE,PC_EMP_CUSE2,CZ,,NaN,,NaN
A,GE10,C31-C33,P_IUSE,PC_EMP_CUSE2,DE,,NaN,,NaN
A,GE10,C31-C33,P_IUSE,PC_EMP_CUSE2,DK,,NaN,,NaN
A,GE10,C31-C33,P_IUSE,PC_EMP_CUSE2,EA,,NaN,,NaN
A,GE10,C31-C33,P_IUSE,PC_EMP_CUSE2,EE,,NaN,,NaN
A,GE10,C31-C33,P_IUSE,PC_EMP_CUSE2,EL,,NaN,,NaN
A,GE10,C31-C33,P_IUSE,PC_EMP_CUSE2,ES,,NaN,,NaN
A,GE10,C31-C33,P_IUSE,PC_EMP_CUSE2,EU15,,NaN,,NaN
A,GE10,C31-C33,P_IUSE,PC_EMP_CUSE2,EU27_2007,,NaN,,NaN
A,GE10,C31-C33,P_IUSE,PC_EMP_CUSE2,EU27_2020,,NaN,,NaN
A,GE10,C31-C33,P_IUSE,PC_EMP_CUSE2,EU28,,NaN,,NaN
A,GE10,C31-C33,P_IUSE,PC_EMP_CUSE2,FI,,NaN,,NaN
A,GE10,C31-C33,P_IUSE,PC_EMP_CUSE2,FR,,NaN,,NaN
A,GE10,C31-C33,P_IUSE,PC_EMP_CUSE2,HR,,NaN,,NaN
A,GE10,C31-C33,P_IUSE,PC_EMP_CUSE2,HU,,NaN,,NaN
A,GE10,C31-C33,P_IUSE,PC_EMP_CUSE2,IE,,NaN,,NaN
A,GE10,C31-C33,P_IUSE,PC_EMP_CUSE2,IS,,NaN,,NaN
A,GE10,C31-C33,P_IUSE,PC_EMP_CUSE2,IT,,NaN,,NaN
A,GE10,C31-C33,P_IUSE,PC_EMP_CUSE2,LT,,NaN,,NaN
A,GE10,C31-C33,P_IUSE,PC_EMP_CUSE2,LU,,NaN,,NaN
A,GE10,C31-C33,P_IUSE,PC_EMP_CUSE2,LV,,NaN,,NaN
A,GE10,C31-C33,P_IUSE,PC_EMP_CUSE2,MK,,NaN,,NaN
A,GE10,C31-C33,P_IUSE,PC_EMP_CUSE2,MT,,NaN,,NaN
A,GE10,C31-C33,P_IUSE,PC_EMP_CUSE2,NL,,NaN,,NaN
A,GE10,C31-C33,P_IUSE,PC_EMP_CUSE2,NO,,NaN,,NaN
A,GE10,C31-C33,P_IUSE,PC_EMP_CUSE2,PL,,NaN,,NaN
A,GE10,C31-C33,P_IUSE,PC_EMP_CUSE2,PT,,NaN,,NaN
A,GE10,C31-C33,P_IUSE,PC_EMP_CUSE2,RO,,NaN,,NaN
A,GE10,C31-C33,P_IUSE,PC_EMP_CUSE2,RS,,NaN,,NaN
A,GE10,C31-C33,P_IUSE,PC_EMP_CUSE2,SE,,NaN,,NaN
A,GE10,C31-C33,P_IUSE,PC_EMP_CUSE2,SI,,NaN,,NaN
A,GE10,C31-C33,P_IUSE,PC_EMP_CUSE2,SK,,NaN,,NaN
A,GE10,C31-C33,P_IUSE,PC_EMP_CUSE2,TR,,NaN,,NaN
A,GE10,C31-C33,P_IUSE,PC_EMP_CUSE2,UK,,NaN,,NaN
A,GE10,C31-C33,P_IUSE,PC_EMP_IACC,AT,,NaN,,NaN
A,GE10,C31-C33,P_IUSE,PC_EMP_IACC,BE,,NaN,,NaN
A,GE10,C31-C33,P_IUSE,PC_EMP_IACC,BG,,NaN,,NaN
A,GE10,C31-C33,P_IUSE,PC_EMP_IACC,CY,,NaN,,NaN
A,GE10,C31-C33,P_IUSE,PC_EMP_IACC,CZ,,NaN,,NaN
A,GE10,C31-C33,P_IUSE,PC_EMP_IACC,DE,,NaN,,NaN
A,GE10,C31-C33,P_IUSE,PC_EMP_IACC,DK,,NaN,,NaN
A,GE10,C31-C33,P_IUSE,PC_EMP_IACC,EA,,NaN,,NaN
A,GE10,C31-C33,P_IUSE,PC_EMP_IACC,EE,,NaN,,NaN
A,GE10,C31-C33,P_IUSE,PC_EMP_IACC,EL,,NaN,,NaN
A,GE10,C31-C33,P_IUSE,PC_EMP_IACC,ES,,NaN,,NaN
A,GE10,C31-C33,P_IUSE,PC_EMP_IACC,EU15,,NaN,,NaN
A,GE10,C31-C33,P_IUSE,PC_EMP_IACC,EU27_2007,,NaN,,NaN
A,GE10,C31-C33,P_IUSE,PC_EMP_IACC,EU27_2020,,NaN,,NaN
A,GE10,C31-C33,P_IUSE,PC_EMP_IACC,EU28,,NaN,,NaN
A,GE10,C31-C33,P_IUSE,PC_EMP_IACC,FI,,NaN,,NaN
A,GE10,C31-C33,P_IUSE,PC_EMP_IACC,FR,,NaN,,NaN
A,GE10,C31-C33,P_IUSE,PC_EMP_IACC,HR,,NaN,,NaN
A,GE10,C31-C33,P_IUSE,PC_EMP_IACC,HU,,NaN,,NaN
A,GE10,C31-C33,P_IUSE,PC_EMP_IACC,IE,,NaN,,NaN
A,GE10,C31-C33,P_IUSE,PC_EMP_IACC,IS,,NaN,,NaN
A,GE10,C31-C33,P_IUSE,PC_EMP_IACC,IT,,NaN,,NaN
A,GE10,C31-C33,P_IUSE,PC_EMP_IACC,LT,,NaN,,NaN
A,GE10,C31-C33,P_IUSE,PC_EMP_IACC,LU,,NaN,,NaN
A,GE10,C31-C33,P_IUSE,PC_EMP_IACC,LV,,NaN,,NaN
A,GE10,C31-C33,P_IUSE,PC_EMP_IACC,MK,,NaN,,NaN
A,GE10,C31-C33,P_IUSE,PC_EMP_IACC,MT,,NaN,,NaN
A,GE10,C31-C33,P_IUSE,PC_EMP_IACC,NL,,NaN,,NaN
A,GE10,C31-C33,P_IUSE,PC_EMP_IACC,NO,,NaN,,NaN
A,GE10,C31-C33,P_IUSE,PC_EMP_IACC,PL,,NaN,,NaN
A,GE10,C31-C33,P_IUSE,PC_EMP_IACC,PT,,NaN,,NaN
A,GE10,C31-C33,P_IUSE,PC_EMP_IACC,RO,,NaN,,NaN
A,GE10,C31-C33,P_IUSE,PC_EMP_IACC,RS,,NaN,,NaN
A,GE10,C31-C33,P_IUSE,PC_EMP_IACC,SE,,NaN,,NaN
A,GE10,C31-C33,P_IUSE,PC_EMP_IACC,SI,,NaN,,NaN
A,GE10,C31-C33,P_IUSE,PC_EMP_IACC,SK,,NaN,,NaN
A,GE10,C31-C33,P_IUSE,PC_EMP_IACC,TR,,NaN,,NaN
A,GE10,C31-C33,P_IUSE,PC_EMP_IACC,UK,,NaN,,NaN
A,GE10,D35,P_IUSE,PC_EMP,AL,,NaN,,NaN
A,GE10,D35,P_IUSE,PC_EMP,AT,,NaN,,NaN
A,GE10,D35,P_IUSE,PC_EMP,BA,,NaN,,NaN
A,GE10,D35,P_IUSE,PC_EMP,BE,,NaN,,NaN
A,GE10,D35,P_IUSE,PC_EMP,BG,,NaN,,NaN
A,GE10,D35,P_IUSE,PC_EMP,CY,,NaN,,NaN
A,GE10,D35,P_IUSE,PC_EMP,CZ,,NaN,,NaN
A,GE10,D35,P_IUSE,PC_EMP,DE,,NaN,,NaN
A,GE10,D35,P_IUSE,PC_EMP,DK,,NaN,,NaN
A,GE10,D35,P_IUSE,PC_EMP,EA,,NaN,,NaN
A,GE10,D35,P_IUSE,PC_EMP,EE,,NaN,,NaN
A,GE10,D35,P_IUSE,PC_EMP,EL,,NaN,,NaN
A,GE10,D35,P_IUSE,PC_EMP,ES,,NaN,,NaN
A,GE10,D35,P_IUSE,PC_EMP,EU27_2020,,NaN,,NaN
A,GE10,D35,P_IUSE,PC_EMP,FI,,NaN,,NaN
A,GE10,D35,P_IUSE,PC_EMP,FR,,NaN,,NaN
A,GE10,D35,P_IUSE,PC_EMP,HR,,NaN,,NaN
A,GE10,D35,P_IUSE,PC_EMP,HU,,NaN,,NaN
A,GE10,D35,P_IUSE,PC_EMP,IE,,NaN,,NaN
A,GE10,D35,P_IUSE,PC_EMP,IT,,NaN,,NaN
A,GE10,D35,P_IUSE,PC_EMP,LT,,NaN,,NaN
A,GE10,D35,P_IUSE,PC_EMP,LU,,NaN,,NaN
A,GE10,D35,P_IUSE,PC_EMP,LV,,NaN,,NaN
A,GE10,D35,P_IUSE,PC_EMP,ME,,NaN,,NaN
A,GE10,D35,P_IUSE,PC_EMP,MK,,NaN,,NaN
A,GE10,D35,P_IUSE,PC_EMP,MT,,NaN,,NaN
A,GE10,D35,P_IUSE,PC_EMP,NL,,NaN,,NaN
A,GE10,D35,P_IUSE,PC_EMP,NO,,NaN,,NaN
A,GE10,D35,P_IUSE,PC_EMP,PL,,NaN,,NaN
A,GE10,D35,P_IUSE,PC_EMP,PT,,NaN,,NaN
A,GE10,D35,P_IUSE,PC_EMP,RO,,NaN,,NaN
A,GE10,D35,P_IUSE,PC_EMP,RS,,NaN,,NaN
A,GE10,D35,P_IUSE,PC_EMP,SE,,NaN,,NaN
A,GE10,D35,P_IUSE,PC_EMP,SI,,NaN,,NaN
A,GE10,D35,P_IUSE,PC_EMP,SK,,NaN,,NaN
A,GE10,D35,P_IUSE,PC_EMP,TR,,NaN,,NaN
A,GE10,D_E,P_CUSE,PC_EMP,AT,,NaN,,NaN
A,GE10,D_E,P_CUSE,PC_EMP,BA,,NaN,,NaN
A,GE10,D_E,P_CUSE,PC_EMP,BE,,u,,NaN
A,GE10,D_E,P_CUSE,PC_EMP,BG,30.88,NaN,,NaN
A,GE10,D_E,P_CUSE,PC_EMP,CY,57.59,NaN,,NaN
A,GE10,D_E,P_CUSE,PC_EMP,CZ,51.17,NaN,,NaN
A,GE10,D_E,P_CUSE,PC_EMP,DE,64.7,NaN,,NaN
A,GE10,D_E,P_CUSE,PC_EMP,DK,,NaN,,NaN
A,GE10,D_E,P_CUSE,PC_EMP,EA,58.55,NaN,,NaN
A,GE10,D_E,P_CUSE,PC_EMP,EE,62.05,NaN,,NaN
A,GE10,D_E,P_CUSE,PC_EMP,EL,49.23,NaN,,NaN
A,GE10,D_E,P_CUSE,PC_EMP,ES,45.86,NaN,,NaN
A,GE10,D_E,P_CUSE,PC_EMP,EU15,62.67,NaN,,NaN
A,GE10,D_E,P_CUSE,PC_EMP,EU25,,NaN,,NaN
A,GE10,D_E,P_CUSE,PC_EMP,EU27_2007,57.0,NaN,,NaN
A,GE10,D_E,P_CUSE,PC_EMP,EU27_2020,53.71,NaN,,NaN
A,GE10,D_E,P_CUSE,PC_EMP,EU28,56.87,NaN,,NaN
A,GE10,D_E,P_CUSE,PC_EMP,FI,90.97,NaN,,NaN
A,GE10,D_E,P_CUSE,PC_EMP,FR,,NaN,,NaN
A,GE10,D_E,P_CUSE,PC_EMP,HR,49.41,NaN,,NaN
A,GE10,D_E,P_CUSE,PC_EMP,HU,56.42,NaN,,NaN
A,GE10,D_E,P_CUSE,PC_EMP,IE,78.02,NaN,,NaN
A,GE10,D_E,P_CUSE,PC_EMP,IS,,NaN,,NaN
A,GE10,D_E,P_CUSE,PC_EMP,IT,49.89,NaN,,NaN
A,GE10,D_E,P_CUSE,PC_EMP,LT,49.63,NaN,,NaN
A,GE10,D_E,P_CUSE,PC_EMP,LU,,NaN,,NaN
A,GE10,D_E,P_CUSE,PC_EMP,LV,,NaN,,NaN
A,GE10,D_E,P_CUSE,PC_EMP,ME,,u,,NaN
A,GE10,D_E,P_CUSE,PC_EMP,MK,29.46,NaN,,NaN
A,GE10,D_E,P_CUSE,PC_EMP,MT,,NaN,,NaN
A,GE10,D_E,P_CUSE,PC_EMP,NL,82.54,NaN,,NaN
A,GE10,D_E,P_CUSE,PC_EMP,NO,87.16,NaN,,NaN
A,GE10,D_E,P_CUSE,PC_EMP,PL,48.92,NaN,,NaN
A,GE10,D_E,P_CUSE,PC_EMP,PT,53.87,NaN,,NaN
A,GE10,D_E,P_CUSE,PC_EMP,RO,35.24,NaN,,NaN
A,GE10,D_E,P_CUSE,PC_EMP,RS,,NaN,,NaN
A,GE10,D_E,P_CUSE,PC_EMP,SE,,NaN,,NaN
A,GE10,D_E,P_CUSE,PC_EMP,SI,58.83,NaN,,NaN
A,GE10,D_E,P_CUSE,PC_EMP,SK,54.33,NaN,,NaN
A,GE10,D_E,P_CUSE,PC_EMP,TR,,NaN,,NaN
A,GE10,D_E,P_CUSE,PC_EMP,UK,78.64,NaN,,NaN
A,GE10,D_E,P_CUSE,PC_EMP_CUSE2,AT,,NaN,,NaN
A,GE10,D_E,P_CUSE,PC_EMP_CUSE2,BE,,NaN,,NaN
A,GE10,D_E,P_CUSE,PC_EMP_CUSE2,BG,,NaN,,NaN
A,GE10,D_E,P_CUSE,PC_EMP_CUSE2,CY,,NaN,,NaN
A,GE10,D_E,P_CUSE,PC_EMP_CUSE2,CZ,,NaN,,NaN
A,GE10,D_E,P_CUSE,PC_EMP_CUSE2,DE,,NaN,,NaN
A,GE10,D_E,P_CUSE,PC_EMP_CUSE2,DK,,NaN,,NaN
A,GE10,D_E,P_CUSE,PC_EMP_CUSE2,EA,,NaN,,NaN
A,GE10,D_E,P_CUSE,PC_EMP_CUSE2,EE,,NaN,,NaN
A,GE10,D_E,P_CUSE,PC_EMP_CUSE2,EL,,NaN,,NaN
A,GE10,D_E,P_CUSE,PC_EMP_CUSE2,ES,,NaN,,NaN
A,GE10,D_E,P_CUSE,PC_EMP_CUSE2,EU15,,NaN,,NaN
A,GE10,D_E,P_CUSE,PC_EMP_CUSE2,EU27_2007,,NaN,,NaN
A,GE10,D_E,P_CUSE,PC_EMP_CUSE2,EU27_2020,,NaN,,NaN
A,GE10,D_E,P_CUSE,PC_EMP_CUSE2,EU28,,NaN,,NaN
A,GE10,D_E,P_CUSE,PC_EMP_CUSE2,FI,,NaN,,NaN
A,GE10,D_E,P_CUSE,PC_EMP_CUSE2,FR,,NaN,,NaN
A,GE10,D_E,P_CUSE,PC_EMP_CUSE2,HR,,NaN,,NaN
A,GE10,D_E,P_CUSE,PC_EMP_CUSE2,HU,,NaN,,NaN
A,GE10,D_E,P_CUSE,PC_EMP_CUSE2,IE,,NaN,,NaN
A,GE10,D_E,P_CUSE,PC_EMP_CUSE2,IT,,NaN,,NaN
A,GE10,D_E,P_CUSE,PC_EMP_CUSE2,LT,,NaN,,NaN
A,GE10,D_E,P_CUSE,PC_EMP_CUSE2,MK,,NaN,,NaN
A,GE10,D_E,P_CUSE,PC_EMP_CUSE2,MT,,NaN,,NaN
A,GE10,D_E,P_CUSE,PC_EMP_CUSE2,NL,,NaN,,NaN
A,GE10,D_E,P_CUSE,PC_EMP_CUSE2,NO,,NaN,,NaN
A,GE10,D_E,P_CUSE,PC_EMP_CUSE2,PL,,NaN,,NaN
A,GE10,D_E,P_CUSE,PC_EMP_CUSE2,PT,,NaN,,NaN
A,GE10,D_E,P_CUSE,PC_EMP_CUSE2,RO,,NaN,,NaN
A,GE10,D_E,P_CUSE,PC_EMP_CUSE2,RS,,NaN,,NaN
A,GE10,D_E,P_CUSE,PC_EMP_CUSE2,SI,,NaN,,NaN
A,GE10,D_E,P_CUSE,PC_EMP_CUSE2,SK,,NaN,,NaN
A,GE10,D_E,P_CUSE,PC_EMP_CUSE2,UK,,NaN,,NaN
A,GE10,D_E,P_IUSE,PC_EMP,AL,,NaN,,NaN
A,GE10,D_E,P_IUSE,PC_EMP,AT,,u,,u
A,GE10,D_E,P_IUSE,PC_EMP,BA,,NaN,35.52,NaN
A,GE10,D_E,P_IUSE,PC_EMP,BE,,u,,u
A,GE10,D_E,P_IUSE,PC_EMP,BG,20.83,NaN,31.71,NaN
A,GE10,D_E,P_IUSE,PC_EMP,CY,38.85,NaN,56.75,NaN
A,GE10,D_E,P_IUSE,PC_EMP,CZ,45.11,NaN,59.54,NaN
A,GE10,D_E,P_IUSE,PC_EMP,DE,60.95,NaN,69.85,NaN
A,GE10,D_E,P_IUSE,PC_EMP,DK,74.1,NaN,90.21,NaN
A,GE10,D_E,P_IUSE,PC_EMP,EA,57.55,NaN,67.23,NaN
A,GE10,D_E,P_IUSE,PC_EMP,EE,59.41,NaN,64.37,NaN
A,GE10,D_E,P_IUSE,PC_EMP,EL,38.23,NaN,,u
A,GE10,D_E,P_IUSE,PC_EMP,ES,43.56,NaN,52.69,NaN
A,GE10,D_E,P_IUSE,PC_EMP,EU15,60.73,NaN,,NaN
A,GE10,D_E,P_IUSE,PC_EMP,EU25,,NaN,,NaN
A,GE10,D_E,P_IUSE,PC_EMP,EU27_2007,55.06,NaN,,NaN
A,GE10,D_E,P_IUSE,PC_EMP,EU27_2020,53.07,NaN,62.89,NaN
A,GE10,D_E,P_IUSE,PC_EMP,EU28,54.95,NaN,,NaN
A,GE10,D_E,P_IUSE,PC_EMP,FI,90.08,NaN,97.41,NaN
A,GE10,D_E,P_IUSE,PC_EMP,FR,64.49,NaN,76.0,NaN
A,GE10,D_E,P_IUSE,PC_EMP,HR,47.3,NaN,53.44,NaN
A,GE10,D_E,P_IUSE,PC_EMP,HU,46.55,NaN,56.25,NaN
A,GE10,D_E,P_IUSE,PC_EMP,IE,76.34,NaN,81.12,NaN
A,GE10,D_E,P_IUSE,PC_EMP,IS,,NaN,100.0,NaN
A,GE10,D_E,P_IUSE,PC_EMP,IT,47.57,NaN,62.48,NaN
A,GE10,D_E,P_IUSE,PC_EMP,LT,44.52,NaN,59.7,NaN
A,GE10,D_E,P_IUSE,PC_EMP,LU,,NaN,,NaN
A,GE10,D_E,P_IUSE,PC_EMP,LV,46.21,NaN,55.31,NaN
A,GE10,D_E,P_IUSE,PC_EMP,ME,,u,45.38,NaN
A,GE10,D_E,P_IUSE,PC_EMP,MK,26.46,NaN,,NaN
A,GE10,D_E,P_IUSE,PC_EMP,MT,,u,,u
A,GE10,D_E,P_IUSE,PC_EMP,NL,73.63,NaN,75.89,NaN
A,GE10,D_E,P_IUSE,PC_EMP,NO,87.02,NaN,96.36,NaN
A,GE10,D_E,P_IUSE,PC_EMP,PL,44.68,NaN,55.03,NaN
A,GE10,D_E,P_IUSE,PC_EMP,PT,52.18,NaN,57.95,NaN
A,GE10,D_E,P_IUSE,PC_EMP,RO,30.85,NaN,36.77,NaN
A,GE10,D_E,P_IUSE,PC_EMP,RS,,NaN,50.44,NaN
A,GE10,D_E,P_IUSE,PC_EMP,SE,87.89,NaN,96.52,NaN
A,GE10,D_E,P_IUSE,PC_EMP,SI,57.55,NaN,69.47,NaN
A,GE10,D_E,P_IUSE,PC_EMP,SK,51.97,NaN,57.59,NaN
A,GE10,D_E,P_IUSE,PC_EMP,TR,32.52,NaN,,NaN
A,GE10,D_E,P_IUSE,PC_EMP,UK,71.23,NaN,75.35,NaN
A,GE10,D_E,P_IUSE,PC_EMP_CUSE,AT,,NaN,,NaN
A,GE10,D_E,P_IUSE,PC_EMP_CUSE,BA,,NaN,,NaN
A,GE10,D_E,P_IUSE,PC_EMP_CUSE,BE,,u,,NaN
A,GE10,D_E,P_IUSE,PC_EMP_CUSE,BG,67.47,NaN,,NaN
A,GE10,D_E,P_IUSE,PC_EMP_CUSE,CY,67.46,NaN,,NaN
A,GE10,D_E,P_IUSE,PC_EMP_CUSE,CZ,88.15,NaN,,NaN
A,GE10,D_E,P_IUSE,PC_EMP_CUSE,DE,94.2,NaN,,NaN
A,GE10,D_E,P_IUSE,PC_EMP_CUSE,DK,,NaN,,NaN
A,GE10,D_E,P_IUSE,PC_EMP_CUSE,EA,94.13,NaN,,NaN
A,GE10,D_E,P_IUSE,PC_EMP_CUSE,EE,95.75,NaN,,NaN
A,GE10,D_E,P_IUSE,PC_EMP_CUSE,EL,77.65,NaN,,NaN
A,GE10,D_E,P_IUSE,PC_EMP_CUSE,ES,94.98,NaN,,NaN
A,GE10,D_E,P_IUSE,PC_EMP_CUSE,EU15,93.3,NaN,,NaN
A,GE10,D_E,P_IUSE,PC_EMP_CUSE,EU25,,NaN,,NaN
A,GE10,D_E,P_IUSE,PC_EMP_CUSE,EU27_2007,91.95,NaN,,NaN
A,GE10,D_E,P_IUSE,PC_EMP_CUSE,EU27_2020,92.31,NaN,,NaN
A,GE10,D_E,P_IUSE,PC_EMP_CUSE,EU28,92.01,NaN,,NaN
A,GE10,D_E,P_IUSE,PC_EMP_CUSE,FI,99.02,NaN,,NaN
A,GE10,D_E,P_IUSE,PC_EMP_CUSE,FR,,NaN,,NaN
A,GE10,D_E,P_IUSE,PC_EMP_CUSE,HR,95.74,NaN,,NaN
A,GE10,D_E,P_IUSE,PC_EMP_CUSE,HU,82.51,NaN,,NaN
A,GE10,D_E,P_IUSE,PC_EMP_CUSE,IE,97.85,NaN,,NaN
A,GE10,D_E,P_IUSE,PC_EMP_CUSE,IS,,NaN,,NaN
A,GE10,D_E,P_IUSE,PC_EMP_CUSE,IT,95.35,NaN,,NaN
A,GE10,D_E,P_IUSE,PC_EMP_CUSE,LT,89.71,NaN,,NaN
A,GE10,D_E,P_IUSE,PC_EMP_CUSE,LU,,NaN,,NaN
A,GE10,D_E,P_IUSE,PC_EMP_CUSE,LV,,NaN,,NaN
A,GE10,D_E,P_IUSE,PC_EMP_CUSE,ME,,u,,NaN
A,GE10,D_E,P_IUSE,PC_EMP_CUSE,MK,89.83,NaN,,NaN
A,GE10,D_E,P_IUSE,PC_EMP_CUSE,MT,,NaN,,NaN
A,GE10,D_E,P_IUSE,PC_EMP_CUSE,NL,89.2,NaN,,NaN
A,GE10,D_E,P_IUSE,PC_EMP_CUSE,NO,99.83,NaN,,NaN
A,GE10,D_E,P_IUSE,PC_EMP_CUSE,PL,91.34,NaN,,NaN
A,GE10,D_E,P_IUSE,PC_EMP_CUSE,PT,96.86,NaN,,NaN
A,GE10,D_E,P_IUSE,PC_EMP_CUSE,RO,87.54,NaN,,NaN
A,GE10,D_E,P_IUSE,PC_EMP_CUSE,RS,,NaN,,NaN
A,GE10,D_E,P_IUSE,PC_EMP_CUSE,SE,,NaN,,NaN
A,GE10,D_E,P_IUSE,PC_EMP_CUSE,SI,97.83,NaN,,NaN
A,GE10,D_E,P_IUSE,PC_EMP_CUSE,SK,95.65,NaN,,NaN
A,GE10,D_E,P_IUSE,PC_EMP_CUSE,TR,,NaN,,NaN
A,GE10,D_E,P_IUSE,PC_EMP_CUSE,UK,90.58,NaN,,NaN
A,GE10,D_E,P_IUSE,PC_EMP_CUSE2,AT,,NaN,,NaN
A,GE10,D_E,P_IUSE,PC_EMP_CUSE2,BE,,NaN,,NaN
A,GE10,D_E,P_IUSE,PC_EMP_CUSE2,BG,,NaN,,NaN
A,GE10,D_E,P_IUSE,PC_EMP_CUSE2,CY,,NaN,,NaN
A,GE10,D_E,P_IUSE,PC_EMP_CUSE2,CZ,,NaN,,NaN
A,GE10,D_E,P_IUSE,PC_EMP_CUSE2,DE,,NaN,,NaN
A,GE10,D_E,P_IUSE,PC_EMP_CUSE2,DK,,NaN,,NaN
A,GE10,D_E,P_IUSE,PC_EMP_CUSE2,EA,,NaN,,NaN
A,GE10,D_E,P_IUSE,PC_EMP_CUSE2,EE,,NaN,,NaN
A,GE10,D_E,P_IUSE,PC_EMP_CUSE2,EL,,NaN,,NaN
A,GE10,D_E,P_IUSE,PC_EMP_CUSE2,ES,,NaN,,NaN
A,GE10,D_E,P_IUSE,PC_EMP_CUSE2,EU15,,NaN,,NaN
A,GE10,D_E,P_IUSE,PC_EMP_CUSE2,EU27_2007,,NaN,,NaN
A,GE10,D_E,P_IUSE,PC_EMP_CUSE2,EU27_2020,,NaN,,NaN
A,GE10,D_E,P_IUSE,PC_EMP_CUSE2,EU28,,NaN,,NaN
A,GE10,D_E,P_IUSE,PC_EMP_CUSE2,FI,,NaN,,NaN
A,GE10,D_E,P_IUSE,PC_EMP_CUSE2,FR,,NaN,,NaN
A,GE10,D_E,P_IUSE,PC_EMP_CUSE2,HR,,NaN,,NaN
A,GE10,D_E,P_IUSE,PC_EMP_CUSE2,HU,,NaN,,NaN
A,GE10,D_E,P_IUSE,PC_EMP_CUSE2,IE,,NaN,,NaN
A,GE10,D_E,P_IUSE,PC_EMP_CUSE2,IS,,NaN,,NaN
A,GE10,D_E,P_IUSE,PC_EMP_CUSE2,IT,,NaN,,NaN
A,GE10,D_E,P_IUSE,PC_EMP_CUSE2,LT,,NaN,,NaN
A,GE10,D_E,P_IUSE,PC_EMP_CUSE2,LU,,NaN,,NaN
A,GE10,D_E,P_IUSE,PC_EMP_CUSE2,LV,,NaN,,NaN
A,GE10,D_E,P_IUSE,PC_EMP_CUSE2,MK,,NaN,,NaN
A,GE10,D_E,P_IUSE,PC_EMP_CUSE2,MT,,NaN,,NaN
A,GE10,D_E,P_IUSE,PC_EMP_CUSE2,NL,,NaN,,NaN
A,GE10,D_E,P_IUSE,PC_EMP_CUSE2,NO,,NaN,,NaN
A,GE10,D_E,P_IUSE,PC_EMP_CUSE2,PL,,NaN,,NaN
A,GE10,D_E,P_IUSE,PC_EMP_CUSE2,PT,,NaN,,NaN
A,GE10,D_E,P_IUSE,PC_EMP_CUSE2,RO,,NaN,,NaN
A,GE10,D_E,P_IUSE,PC_EMP_CUSE2,RS,,NaN,,NaN
A,GE10,D_E,P_IUSE,PC_EMP_CUSE2,SE,,NaN,,NaN
A,GE10,D_E,P_IUSE,PC_EMP_CUSE2,SI,,NaN,,NaN
A,GE10,D_E,P_IUSE,PC_EMP_CUSE2,SK,,NaN,,NaN
A,GE10,D_E,P_IUSE,PC_EMP_CUSE2,TR,,NaN,,NaN
A,GE10,D_E,P_IUSE,PC_EMP_CUSE2,UK,,NaN,,NaN
A,GE10,D_E,P_IUSE,PC_EMP_IACC,AT,,NaN,,NaN
A,GE10,D_E,P_IUSE,PC_EMP_IACC,BE,,NaN,,NaN
A,GE10,D_E,P_IUSE,PC_EMP_IACC,BG,,NaN,,NaN
A,GE10,D_E,P_IUSE,PC_EMP_IACC,CY,,NaN,,NaN
A,GE10,D_E,P_IUSE,PC_EMP_IACC,CZ,,NaN,,NaN
A,GE10,D_E,P_IUSE,PC_EMP_IACC,DE,,NaN,,NaN
A,GE10,D_E,P_IUSE,PC_EMP_IACC,DK,,NaN,,NaN
A,GE10,D_E,P_IUSE,PC_EMP_IACC,EA,,NaN,,NaN
A,GE10,D_E,P_IUSE,PC_EMP_IACC,EE,,NaN,,NaN
A,GE10,D_E,P_IUSE,PC_EMP_IACC,EL,,NaN,,NaN
A,GE10,D_E,P_IUSE,PC_EMP_IACC,ES,,NaN,,NaN
A,GE10,D_E,P_IUSE,PC_EMP_IACC,EU15,,NaN,,NaN
A,GE10,D_E,P_IUSE,PC_EMP_IACC,EU27_2007,,NaN,,NaN
A,GE10,D_E,P_IUSE,PC_EMP_IACC,EU27_2020,,NaN,,NaN
A,GE10,D_E,P_IUSE,PC_EMP_IACC,EU28,,NaN,,NaN
A,GE10,D_E,P_IUSE,PC_EMP_IACC,FI,,NaN,,NaN
A,GE10,D_E,P_IUSE,PC_EMP_IACC,FR,,NaN,,NaN
A,GE10,D_E,P_IUSE,PC_EMP_IACC,HR,,NaN,,NaN
A,GE10,D_E,P_IUSE,PC_EMP_IACC,HU,,NaN,,NaN
A,GE10,D_E,P_IUSE,PC_EMP_IACC,IE,,NaN,,NaN
A,GE10,D_E,P_IUSE,PC_EMP_IACC,IS,,NaN,,NaN
A,GE10,D_E,P_IUSE,PC_EMP_IACC,IT,,NaN,,NaN
A,GE10,D_E,P_IUSE,PC_EMP_IACC,LT,,NaN,,NaN
A,GE10,D_E,P_IUSE,PC_EMP_IACC,LU,,NaN,,NaN
A,GE10,D_E,P_IUSE,PC_EMP_IACC,LV,,NaN,,NaN
A,GE10,D_E,P_IUSE,PC_EMP_IACC,MK,,NaN,,NaN
A,GE10,D_E,P_IUSE,PC_EMP_IACC,MT,,NaN,,NaN
A,GE10,D_E,P_IUSE,PC_EMP_IACC,NL,,NaN,,NaN
A,GE10,D_E,P_IUSE,PC_EMP_IACC,NO,,NaN,,NaN
A,GE10,D_E,P_IUSE,PC_EMP_IACC,PL,,NaN,,NaN
A,GE10,D_E,P_IUSE,PC_EMP_IACC,PT,,NaN,,NaN
A,GE10,D_E,P_IUSE,PC_EMP_IACC,RO,,NaN,,NaN
A,GE10,D_E,P_IUSE,PC_EMP_IACC,RS,,NaN,,NaN
A,GE10,D_E,P_IUSE,PC_EMP_IACC,SE,,NaN,,NaN
A,GE10,D_E,P_IUSE,PC_EMP_IACC,SI,,NaN,,NaN
A,GE10,D_E,P_IUSE,PC_EMP_IACC,SK,,NaN,,NaN
A,GE10,D_E,P_IUSE,PC_EMP_IACC,TR,,NaN,,NaN
A,GE10,D_E,P_IUSE,PC_EMP_IACC,UK,,NaN,,NaN
A,GE10,E,P_IUSE,PC_EMP,AL,,NaN,,NaN
A,GE10,E,P_IUSE,PC_EMP,AT,,NaN,,NaN
A,GE10,E,P_IUSE,PC_EMP,BA,,NaN,,NaN
A,GE10,E,P_IUSE,PC_EMP,BE,,NaN,,NaN
A,GE10,E,P_IUSE,PC_EMP,BG,,NaN,,NaN
A,GE10,E,P_IUSE,PC_EMP,CY,,NaN,,NaN
A,GE10,E,P_IUSE,PC_EMP,CZ,,NaN,,NaN
A,GE10,E,P_IUSE,PC_EMP,DE,,NaN,,NaN
A,GE10,E,P_IUSE,PC_EMP,DK,,NaN,,NaN
A,GE10,E,P_IUSE,PC_EMP,EA,,NaN,,NaN
A,GE10,E,P_IUSE,PC_EMP,EE,,NaN,,NaN
A,GE10,E,P_IUSE,PC_EMP,EL,,NaN,,NaN
A,GE10,E,P_IUSE,PC_EMP,ES,,NaN,,NaN
A,GE10,E,P_IUSE,PC_EMP,EU27_2020,,NaN,,NaN
A,GE10,E,P_IUSE,PC_EMP,FI,,NaN,,NaN
A,GE10,E,P_IUSE,PC_EMP,FR,,NaN,,NaN
A,GE10,E,P_IUSE,PC_EMP,HR,,NaN,,NaN
A,GE10,E,P_IUSE,PC_EMP,HU,,NaN,,NaN
A,GE10,E,P_IUSE,PC_EMP,IE,,NaN,,NaN
A,GE10,E,P_IUSE,PC_EMP,IT,,NaN,,NaN
A,GE10,E,P_IUSE,PC_EMP,LT,,NaN,,NaN
A,GE10,E,P_IUSE,PC_EMP,LU,,NaN,,NaN
A,GE10,E,P_IUSE,PC_EMP,LV,,NaN,,NaN
A,GE10,E,P_IUSE,PC_EMP,ME,,NaN,,NaN
A,GE10,E,P_IUSE,PC_EMP,MK,,NaN,,NaN
A,GE10,E,P_IUSE,PC_EMP,MT,,NaN,,NaN
A,GE10,E,P_IUSE,PC_EMP,NL,,NaN,,NaN
A,GE10,E,P_IUSE,PC_EMP,NO,,NaN,,NaN
A,GE10,E,P_IUSE,PC_EMP,PL,,NaN,,NaN
A,GE10,E,P_IUSE,PC_EMP,PT,,NaN,,NaN
A,GE10,E,P_IUSE,PC_EMP,RO,,NaN,,NaN
A,GE10,E,P_IUSE,PC_EMP,RS,,NaN,,NaN
A,GE10,E,P_IUSE,PC_EMP,SE,,NaN,,NaN
A,GE10,E,P_IUSE,PC_EMP,SI,,NaN,,NaN
A,GE10,E,P_IUSE,PC_EMP,SK,,NaN,,NaN
A,GE10,E,P_IUSE,PC_EMP,TR,,NaN,,NaN
A,GE10,F,P_CUSE,PC_EMP,AT,,NaN,,NaN
A,GE10,F,P_CUSE,PC_EMP,BA,,NaN,,NaN
A,GE10,F,P_CUSE,PC_EMP,BE,41.86,NaN,,NaN
A,GE10,F,P_CUSE,PC_EMP,BG,16.4,NaN,,NaN
A,GE10,F,P_CUSE,PC_EMP,CY,37.94,NaN,,NaN
A,GE10,F,P_CUSE,PC_EMP,CZ,42.55,NaN,,NaN
A,GE10,F,P_CUSE,PC_EMP,DE,43.09,NaN,,NaN
A,GE10,F,P_CUSE,PC_EMP,DK,,NaN,,NaN
A,GE10,F,P_CUSE,PC_EMP,EA,42.0,NaN,,NaN
A,GE10,F,P_CUSE,PC_EMP,EE,36.79,NaN,,NaN
A,GE10,F,P_CUSE,PC_EMP,EL,32.2,NaN,,NaN
A,GE10,F,P_CUSE,PC_EMP,ES,44.62,NaN,,NaN
A,GE10,F,P_CUSE,PC_EMP,EU15,46.03,NaN,,NaN
A,GE10,F,P_CUSE,PC_EMP,EU25,,NaN,,NaN
A,GE10,F,P_CUSE,PC_EMP,EU27_2007,41.27,NaN,,NaN
A,GE10,F,P_CUSE,PC_EMP,EU27_2020,37.86,NaN,,NaN
A,GE10,F,P_CUSE,PC_EMP,EU28,41.07,NaN,,NaN
A,GE10,F,P_CUSE,PC_EMP,FI,49.42,NaN,,NaN
A,GE10,F,P_CUSE,PC_EMP,FR,,NaN,,NaN
A,GE10,F,P_CUSE,PC_EMP,HR,24.42,NaN,,NaN
A,GE10,F,P_CUSE,PC_EMP,HU,33.28,NaN,,NaN
A,GE10,F,P_CUSE,PC_EMP,IE,42.41,NaN,,NaN
A,GE10,F,P_CUSE,PC_EMP,IS,,NaN,,NaN
A,GE10,F,P_CUSE,PC_EMP,IT,35.2,NaN,,NaN
A,GE10,F,P_CUSE,PC_EMP,LT,27.02,NaN,,NaN
A,GE10,F,P_CUSE,PC_EMP,LU,,NaN,,NaN
A,GE10,F,P_CUSE,PC_EMP,LV,,NaN,,NaN
A,GE10,F,P_CUSE,PC_EMP,ME,,u,,NaN
A,GE10,F,P_CUSE,PC_EMP,MK,21.28,NaN,,NaN
A,GE10,F,P_CUSE,PC_EMP,MT,,NaN,,NaN
A,GE10,F,P_CUSE,PC_EMP,NL,62.28,NaN,,NaN
A,GE10,F,P_CUSE,PC_EMP,NO,55.53,NaN,,NaN
A,GE10,F,P_CUSE,PC_EMP,PL,30.89,NaN,,NaN
A,GE10,F,P_CUSE,PC_EMP,PT,25.55,NaN,,NaN
A,GE10,F,P_CUSE,PC_EMP,RO,20.67,NaN,,NaN
A,GE10,F,P_CUSE,PC_EMP,RS,,NaN,,NaN
A,GE10,F,P_CUSE,PC_EMP,SE,,NaN,,NaN
A,GE10,F,P_CUSE,PC_EMP,SI,30.85,NaN,,NaN
A,GE10,F,P_CUSE,PC_EMP,SK,39.87,NaN,,NaN
A,GE10,F,P_CUSE,PC_EMP,TR,,NaN,,NaN
A,GE10,F,P_CUSE,PC_EMP,UK,58.07,NaN,,NaN
A,GE10,F,P_CUSE,PC_EMP_CUSE2,AT,,NaN,,NaN
A,GE10,F,P_CUSE,PC_EMP_CUSE2,BE,,NaN,,NaN
A,GE10,F,P_CUSE,PC_EMP_CUSE2,BG,,NaN,,NaN
A,GE10,F,P_CUSE,PC_EMP_CUSE2,CY,,NaN,,NaN
A,GE10,F,P_CUSE,PC_EMP_CUSE2,CZ,,NaN,,NaN
A,GE10,F,P_CUSE,PC_EMP_CUSE2,DE,,NaN,,NaN
A,GE10,F,P_CUSE,PC_EMP_CUSE2,DK,,NaN,,NaN
A,GE10,F,P_CUSE,PC_EMP_CUSE2,EA,,NaN,,NaN
A,GE10,F,P_CUSE,PC_EMP_CUSE2,EE,,NaN,,NaN
A,GE10,F,P_CUSE,PC_EMP_CUSE2,EL,,NaN,,NaN
A,GE10,F,P_CUSE,PC_EMP_CUSE2,ES,,NaN,,NaN
A,GE10,F,P_CUSE,PC_EMP_CUSE2,EU15,,NaN,,NaN
A,GE10,F,P_CUSE,PC_EMP_CUSE2,EU27_2007,,NaN,,NaN
A,GE10,F,P_CUSE,PC_EMP_CUSE2,EU27_2020,,NaN,,NaN
A,GE10,F,P_CUSE,PC_EMP_CUSE2,EU28,,NaN,,NaN
A,GE10,F,P_CUSE,PC_EMP_CUSE2,FI,,NaN,,NaN
A,GE10,F,P_CUSE,PC_EMP_CUSE2,FR,,NaN,,NaN
A,GE10,F,P_CUSE,PC_EMP_CUSE2,HR,,NaN,,NaN
A,GE10,F,P_CUSE,PC_EMP_CUSE2,HU,,NaN,,NaN
A,GE10,F,P_CUSE,PC_EMP_CUSE2,IE,,NaN,,NaN
A,GE10,F,P_CUSE,PC_EMP_CUSE2,IT,,NaN,,NaN
A,GE10,F,P_CUSE,PC_EMP_CUSE2,LT,,NaN,,NaN
A,GE10,F,P_CUSE,PC_EMP_CUSE2,MK,,NaN,,NaN
A,GE10,F,P_CUSE,PC_EMP_CUSE2,MT,,NaN,,NaN
A,GE10,F,P_CUSE,PC_EMP_CUSE2,NL,,NaN,,NaN
A,GE10,F,P_CUSE,PC_EMP_CUSE2,NO,,NaN,,NaN
A,GE10,F,P_CUSE,PC_EMP_CUSE2,PL,,NaN,,NaN
A,GE10,F,P_CUSE,PC_EMP_CUSE2,PT,,NaN,,NaN
A,GE10,F,P_CUSE,PC_EMP_CUSE2,RO,,NaN,,NaN
A,GE10,F,P_CUSE,PC_EMP_CUSE2,RS,,NaN,,NaN
A,GE10,F,P_CUSE,PC_EMP_CUSE2,SI,,NaN,,NaN
A,GE10,F,P_CUSE,PC_EMP_CUSE2,SK,,NaN,,NaN
A,GE10,F,P_CUSE,PC_EMP_CUSE2,UK,,NaN,,NaN
A,GE10,F,P_IUSE,PC_EMP,AL,,NaN,,NaN
A,GE10,F,P_IUSE,PC_EMP,AT,37.52,NaN,52.96,NaN
A,GE10,F,P_IUSE,PC_EMP,BA,,NaN,24.85,NaN
A,GE10,F,P_IUSE,PC_EMP,BE,39.61,NaN,51.58,NaN
A,GE10,F,P_IUSE,PC_EMP,BG,15.81,NaN,23.19,NaN
A,GE10,F,P_IUSE,PC_EMP,CY,37.01,NaN,35.48,NaN
A,GE10,F,P_IUSE,PC_EMP,CZ,41.84,NaN,50.8,NaN
A,GE10,F,P_IUSE,PC_EMP,DE,40.21,NaN,50.03,NaN
A,GE10,F,P_IUSE,PC_EMP,DK,57.93,NaN,67.83,NaN
A,GE10,F,P_IUSE,PC_EMP,EA,39.41,NaN,50.12,NaN
A,GE10,F,P_IUSE,PC_EMP,EE,36.0,NaN,45.09,NaN
A,GE10,F,P_IUSE,PC_EMP,EL,29.27,NaN,,u
A,GE10,F,P_IUSE,PC_EMP,ES,43.02,NaN,48.0,NaN
A,GE10,F,P_IUSE,PC_EMP,EU15,43.73,NaN,,NaN
A,GE10,F,P_IUSE,PC_EMP,EU25,,NaN,,NaN
A,GE10,F,P_IUSE,PC_EMP,EU27_2007,40.24,NaN,,NaN
A,GE10,F,P_IUSE,PC_EMP,EU27_2020,37.85,NaN,48.26,NaN
A,GE10,F,P_IUSE,PC_EMP,EU28,40.09,NaN,,NaN
A,GE10,F,P_IUSE,PC_EMP,FI,49.02,NaN,70.36,NaN
A,GE10,F,P_IUSE,PC_EMP,FR,39.75,NaN,48.49,NaN
A,GE10,F,P_IUSE,PC_EMP,HR,23.91,NaN,29.66,NaN
A,GE10,F,P_IUSE,PC_EMP,HU,30.75,NaN,33.43,NaN
A,GE10,F,P_IUSE,PC_EMP,IE,39.0,NaN,56.23,NaN
A,GE10,F,P_IUSE,PC_EMP,IS,,NaN,100.0,NaN
A,GE10,F,P_IUSE,PC_EMP,IT,33.89,NaN,49.8,NaN
A,GE10,F,P_IUSE,PC_EMP,LT,26.29,NaN,41.05,NaN
A,GE10,F,P_IUSE,PC_EMP,LU,26.48,NaN,40.95,NaN
A,GE10,F,P_IUSE,PC_EMP,LV,27.76,NaN,33.77,NaN
A,GE10,F,P_IUSE,PC_EMP,ME,,u,36.37,NaN
A,GE10,F,P_IUSE,PC_EMP,MK,19.27,NaN,22.6,NaN
A,GE10,F,P_IUSE,PC_EMP,MT,34.35,NaN,37.98,NaN
A,GE10,F,P_IUSE,PC_EMP,NL,58.11,NaN,73.33,NaN
A,GE10,F,P_IUSE,PC_EMP,NO,52.82,NaN,76.77,NaN
A,GE10,F,P_IUSE,PC_EMP,PL,29.7,NaN,40.49,NaN
A,GE10,F,P_IUSE,PC_EMP,PT,24.32,NaN,31.3,NaN
A,GE10,F,P_IUSE,PC_EMP,RO,19.35,NaN,23.08,NaN
A,GE10,F,P_IUSE,PC_EMP,RS,,NaN,35.43,NaN
A,GE10,F,P_IUSE,PC_EMP,SE,65.42,NaN,81.4,NaN
A,GE10,F,P_IUSE,PC_EMP,SI,30.04,NaN,29.3,NaN
A,GE10,F,P_IUSE,PC_EMP,SK,38.9,NaN,49.66,NaN
A,GE10,F,P_IUSE,PC_EMP,TR,17.22,NaN,,NaN
A,GE10,F,P_IUSE,PC_EMP,UK,56.52,NaN,63.75,NaN
A,GE10,F,P_IUSE,PC_EMP_CUSE,AT,,NaN,,NaN
A,GE10,F,P_IUSE,PC_EMP_CUSE,BA,,NaN,,NaN
A,GE10,F,P_IUSE,PC_EMP_CUSE,BE,94.62,NaN,,NaN
A,GE10,F,P_IUSE,PC_EMP_CUSE,BG,96.36,NaN,,NaN
A,GE10,F,P_IUSE,PC_EMP_CUSE,CY,97.54,NaN,,NaN
A,GE10,F,P_IUSE,PC_EMP_CUSE,CZ,98.31,NaN,,NaN
A,GE10,F,P_IUSE,PC_EMP_CUSE,DE,93.33,NaN,,NaN
A,GE10,F,P_IUSE,PC_EMP_CUSE,DK,,NaN,,NaN
A,GE10,F,P_IUSE,PC_EMP_CUSE,EA,94.73,NaN,,NaN
A,GE10,F,P_IUSE,PC_EMP_CUSE,EE,97.85,NaN,,NaN
A,GE10,F,P_IUSE,PC_EMP_CUSE,EL,90.92,NaN,,NaN
A,GE10,F,P_IUSE,PC_EMP_CUSE,ES,96.41,NaN,,NaN
A,GE10,F,P_IUSE,PC_EMP_CUSE,EU15,95.36,NaN,,NaN
A,GE10,F,P_IUSE,PC_EMP_CUSE,EU25,,NaN,,NaN
A,GE10,F,P_IUSE,PC_EMP_CUSE,EU27_2007,95.47,NaN,,NaN
A,GE10,F,P_IUSE,PC_EMP_CUSE,EU27_2020,94.95,NaN,,NaN
A,GE10,F,P_IUSE,PC_EMP_CUSE,EU28,95.49,NaN,,NaN
A,GE10,F,P_IUSE,PC_EMP_CUSE,FI,99.19,NaN,,NaN
A,GE10,F,P_IUSE,PC_EMP_CUSE,FR,,NaN,,NaN
A,GE10,F,P_IUSE,PC_EMP_CUSE,HR,97.89,NaN,,NaN
A,GE10,F,P_IUSE,PC_EMP_CUSE,HU,92.42,NaN,,NaN
A,GE10,F,P_IUSE,PC_EMP_CUSE,IE,91.97,NaN,,NaN
A,GE10,F,P_IUSE,PC_EMP_CUSE,IS,,NaN,,NaN
A,GE10,F,P_IUSE,PC_EMP_CUSE,IT,96.28,NaN,,NaN
A,GE10,F,P_IUSE,PC_EMP_CUSE,LT,97.32,NaN,,NaN
A,GE10,F,P_IUSE,PC_EMP_CUSE,LU,,NaN,,NaN
A,GE10,F,P_IUSE,PC_EMP_CUSE,LV,,NaN,,NaN
A,GE10,F,P_IUSE,PC_EMP_CUSE,ME,,u,,NaN
A,GE10,F,P_IUSE,PC_EMP_CUSE,MK,90.56,NaN,,NaN
A,GE10,F,P_IUSE,PC_EMP_CUSE,MT,,NaN,,NaN
A,GE10,F,P_IUSE,PC_EMP_CUSE,NL,93.3,NaN,,NaN
A,GE10,F,P_IUSE,PC_EMP_CUSE,NO,95.11,NaN,,NaN
A,GE10,F,P_IUSE,PC_EMP_CUSE,PL,96.15,NaN,,NaN
A,GE10,F,P_IUSE,PC_EMP_CUSE,PT,95.19,NaN,,NaN
A,GE10,F,P_IUSE,PC_EMP_CUSE,RO,93.61,NaN,,NaN
A,GE10,F,P_IUSE,PC_EMP_CUSE,RS,,NaN,,NaN
A,GE10,F,P_IUSE,PC_EMP_CUSE,SE,,NaN,,NaN
A,GE10,F,P_IUSE,PC_EMP_CUSE,SI,97.4,NaN,,NaN
A,GE10,F,P_IUSE,PC_EMP_CUSE,SK,97.57,NaN,,NaN
A,GE10,F,P_IUSE,PC_EMP_CUSE,TR,,NaN,,NaN
A,GE10,F,P_IUSE,PC_EMP_CUSE,UK,97.33,NaN,,NaN
A,GE10,F,P_IUSE,PC_EMP_CUSE2,AT,,NaN,,NaN
A,GE10,F,P_IUSE,PC_EMP_CUSE2,BE,,NaN,,NaN
A,GE10,F,P_IUSE,PC_EMP_CUSE2,BG,,NaN,,NaN
A,GE10,F,P_IUSE,PC_EMP_CUSE2,CY,,NaN,,NaN
A,GE10,F,P_IUSE,PC_EMP_CUSE2,CZ,,NaN,,NaN
A,GE10,F,P_IUSE,PC_EMP_CUSE2,DE,,NaN,,NaN
A,GE10,F,P_IUSE,PC_EMP_CUSE2,DK,,NaN,,NaN
A,GE10,F,P_IUSE,PC_EMP_CUSE2,EA,,NaN,,NaN
A,GE10,F,P_IUSE,PC_EMP_CUSE2,EE,,NaN,,NaN
A,GE10,F,P_IUSE,PC_EMP_CUSE2,EL,,NaN,,NaN
A,GE10,F,P_IUSE,PC_EMP_CUSE2,ES,,NaN,,NaN
A,GE10,F,P_IUSE,PC_EMP_CUSE2,EU15,,NaN,,NaN
A,GE10,F,P_IUSE,PC_EMP_CUSE2,EU27_2007,,NaN,,NaN
A,GE10,F,P_IUSE,PC_EMP_CUSE2,EU27_2020,,NaN,,NaN
A,GE10,F,P_IUSE,PC_EMP_CUSE2,EU28,,NaN,,NaN
A,GE10,F,P_IUSE,PC_EMP_CUSE2,FI,,NaN,,NaN
A,GE10,F,P_IUSE,PC_EMP_CUSE2,FR,,NaN,,NaN
A,GE10,F,P_IUSE,PC_EMP_CUSE2,HR,,NaN,,NaN
A,GE10,F,P_IUSE,PC_EMP_CUSE2,HU,,NaN,,NaN
A,GE10,F,P_IUSE,PC_EMP_CUSE2,IE,,NaN,,NaN
A,GE10,F,P_IUSE,PC_EMP_CUSE2,IS,,NaN,,NaN
A,GE10,F,P_IUSE,PC_EMP_CUSE2,IT,,NaN,,NaN
A,GE10,F,P_IUSE,PC_EMP_CUSE2,LT,,NaN,,NaN
A,GE10,F,P_IUSE,PC_EMP_CUSE2,LU,,NaN,,NaN
A,GE10,F,P_IUSE,PC_EMP_CUSE2,LV,,NaN,,NaN
A,GE10,F,P_IUSE,PC_EMP_CUSE2,MK,,NaN,,NaN
A,GE10,F,P_IUSE,PC_EMP_CUSE2,MT,,NaN,,NaN
A,GE10,F,P_IUSE,PC_EMP_CUSE2,NL,,NaN,,NaN
A,GE10,F,P_IUSE,PC_EMP_CUSE2,NO,,NaN,,NaN
A,GE10,F,P_IUSE,PC_EMP_CUSE2,PL,,NaN,,NaN
A,GE10,F,P_IUSE,PC_EMP_CUSE2,PT,,NaN,,NaN
A,GE10,F,P_IUSE,PC_EMP_CUSE2,RO,,NaN,,NaN
A,GE10,F,P_IUSE,PC_EMP_CUSE2,RS,,NaN,,NaN
A,GE10,F,P_IUSE,PC_EMP_CUSE2,SE,,NaN,,NaN
A,GE10,F,P_IUSE,PC_EMP_CUSE2,SI,,NaN,,NaN
A,GE10,F,P_IUSE,PC_EMP_CUSE2,SK,,NaN,,NaN
A,GE10,F,P_IUSE,PC_EMP_CUSE2,TR,,NaN,,NaN
A,GE10,F,P_IUSE,PC_EMP_CUSE2,UK,,NaN,,NaN
A,GE10,F,P_IUSE,PC_EMP_IACC,AT,,NaN,,NaN
A,GE10,F,P_IUSE,PC_EMP_IACC,BE,,NaN,,NaN
A,GE10,F,P_IUSE,PC_EMP_IACC,BG,,NaN,,NaN
A,GE10,F,P_IUSE,PC_EMP_IACC,CY,,NaN,,NaN
A,GE10,F,P_IUSE,PC_EMP_IACC,CZ,,NaN,,NaN
A,GE10,F,P_IUSE,PC_EMP_IACC,DE,,NaN,,NaN
A,GE10,F,P_IUSE,PC_EMP_IACC,DK,,NaN,,NaN
A,GE10,F,P_IUSE,PC_EMP_IACC,EA,,NaN,,NaN
A,GE10,F,P_IUSE,PC_EMP_IACC,EE,,NaN,,NaN
A,GE10,F,P_IUSE,PC_EMP_IACC,EL,,NaN,,NaN
A,GE10,F,P_IUSE,PC_EMP_IACC,ES,,NaN,,NaN
A,GE10,F,P_IUSE,PC_EMP_IACC,EU15,,NaN,,NaN
A,GE10,F,P_IUSE,PC_EMP_IACC,EU27_2007,,NaN,,NaN
A,GE10,F,P_IUSE,PC_EMP_IACC,EU27_2020,,NaN,,NaN
A,GE10,F,P_IUSE,PC_EMP_IACC,EU28,,NaN,,NaN
A,GE10,F,P_IUSE,PC_EMP_IACC,FI,,NaN,,NaN
A,GE10,F,P_IUSE,PC_EMP_IACC,FR,,NaN,,NaN
A,GE10,F,P_IUSE,PC_EMP_IACC,HR,,NaN,,NaN
A,GE10,F,P_IUSE,PC_EMP_IACC,HU,,NaN,,NaN
A,GE10,F,P_IUSE,PC_EMP_IACC,IE,,NaN,,NaN
A,GE10,F,P_IUSE,PC_EMP_IACC,IS,,NaN,,NaN
A,GE10,F,P_IUSE,PC_EMP_IACC,IT,,NaN,,NaN
A,GE10,F,P_IUSE,PC_EMP_IACC,LT,,NaN,,NaN
A,GE10,F,P_IUSE,PC_EMP_IACC,LU,,NaN,,NaN
A,GE10,F,P_IUSE,PC_EMP_IACC,LV,,NaN,,NaN
A,GE10,F,P_IUSE,PC_EMP_IACC,MK,,NaN,,NaN
A,GE10,F,P_IUSE,PC_EMP_IACC,MT,,NaN,,NaN
A,GE10,F,P_IUSE,PC_EMP_IACC,NL,,NaN,,NaN
A,GE10,F,P_IUSE,PC_EMP_IACC,NO,,NaN,,NaN
A,GE10,F,P_IUSE,PC_EMP_IACC,PL,,NaN,,NaN
A,GE10,F,P_IUSE,PC_EMP_IACC,PT,,NaN,,NaN
A,GE10,F,P_IUSE,PC_EMP_IACC,RO,,NaN,,NaN
A,GE10,F,P_IUSE,PC_EMP_IACC,RS,,NaN,,NaN
A,GE10,F,P_IUSE,PC_EMP_IACC,SE,,NaN,,NaN
A,GE10,F,P_IUSE,PC_EMP_IACC,SI,,NaN,,NaN
A,GE10,F,P_IUSE,PC_EMP_IACC,SK,,NaN,,NaN
A,GE10,F,P_IUSE,PC_EMP_IACC,TR,,NaN,,NaN
A,GE10,F,P_IUSE,PC_EMP_IACC,UK,,NaN,,NaN
A,GE10,G,P_CUSE,PC_EMP,AT,,NaN,,NaN
A,GE10,G,P_CUSE,PC_EMP,BA,,NaN,,NaN
A,GE10,G,P_CUSE,PC_EMP,BE,67.43,NaN,,NaN
A,GE10,G,P_CUSE,PC_EMP,BG,42.01,NaN,,NaN
A,GE10,G,P_CUSE,PC_EMP,CY,47.4,NaN,,NaN
A,GE10,G,P_CUSE,PC_EMP,CZ,56.83,NaN,,NaN
A,GE10,G,P_CUSE,PC_EMP,DE,66.72,NaN,,NaN
A,GE10,G,P_CUSE,PC_EMP,DK,,NaN,,NaN
A,GE10,G,P_CUSE,PC_EMP,EA,64.53,NaN,,NaN
A,GE10,G,P_CUSE,PC_EMP,EE,64.25,NaN,,NaN
A,GE10,G,P_CUSE,PC_EMP,EL,40.31,NaN,,NaN
A,GE10,G,P_CUSE,PC_EMP,ES,69.77,NaN,,NaN
A,GE10,G,P_CUSE,PC_EMP,EU15,62.34,NaN,,NaN
A,GE10,G,P_CUSE,PC_EMP,EU25,,NaN,,NaN
A,GE10,G,P_CUSE,PC_EMP,EU27_2007,60.36,NaN,,NaN
A,GE10,G,P_CUSE,PC_EMP,EU27_2020,61.54,NaN,,NaN
A,GE10,G,P_CUSE,PC_EMP,EU28,60.42,NaN,,NaN
A,GE10,G,P_CUSE,PC_EMP,FI,90.15,NaN,,NaN
A,GE10,G,P_CUSE,PC_EMP,FR,,NaN,,NaN
A,GE10,G,P_CUSE,PC_EMP,HR,67.84,NaN,,NaN
A,GE10,G,P_CUSE,PC_EMP,HU,57.34,NaN,,NaN
A,GE10,G,P_CUSE,PC_EMP,IE,55.95,NaN,,NaN
A,GE10,G,P_CUSE,PC_EMP,IS,,NaN,,NaN
A,GE10,G,P_CUSE,PC_EMP,IT,57.08,NaN,,NaN
A,GE10,G,P_CUSE,PC_EMP,LT,56.55,NaN,,NaN
A,GE10,G,P_CUSE,PC_EMP,LU,,NaN,,NaN
A,GE10,G,P_CUSE,PC_EMP,LV,,NaN,,NaN
A,GE10,G,P_CUSE,PC_EMP,ME,57.48,NaN,,NaN
A,GE10,G,P_CUSE,PC_EMP,MK,59.37,NaN,,NaN
A,GE10,G,P_CUSE,PC_EMP,MT,,NaN,,NaN
A,GE10,G,P_CUSE,PC_EMP,NL,62.55,NaN,,NaN
A,GE10,G,P_CUSE,PC_EMP,NO,83.23,NaN,,NaN
A,GE10,G,P_CUSE,PC_EMP,PL,54.61,NaN,,NaN
A,GE10,G,P_CUSE,PC_EMP,PT,58.91,NaN,,NaN
A,GE10,G,P_CUSE,PC_EMP,RO,42.78,NaN,,NaN
A,GE10,G,P_CUSE,PC_EMP,RS,,NaN,,NaN
A,GE10,G,P_CUSE,PC_EMP,SE,,NaN,,NaN
A,GE10,G,P_CUSE,PC_EMP,SI,70.74,NaN,,NaN
A,GE10,G,P_CUSE,PC_EMP,SK,63.52,NaN,,NaN
A,GE10,G,P_CUSE,PC_EMP,TR,,NaN,,NaN
A,GE10,G,P_CUSE,PC_EMP,UK,56.76,NaN,,NaN
A,GE10,G,P_CUSE,PC_EMP_CUSE2,AT,,NaN,,NaN
A,GE10,G,P_CUSE,PC_EMP_CUSE2,BE,,NaN,,NaN
A,GE10,G,P_CUSE,PC_EMP_CUSE2,BG,,NaN,,NaN
A,GE10,G,P_CUSE,PC_EMP_CUSE2,CY,,NaN,,NaN
A,GE10,G,P_CUSE,PC_EMP_CUSE2,CZ,,NaN,,NaN
A,GE10,G,P_CUSE,PC_EMP_CUSE2,DE,,NaN,,NaN
A,GE10,G,P_CUSE,PC_EMP_CUSE2,DK,,NaN,,NaN
A,GE10,G,P_CUSE,PC_EMP_CUSE2,EA,,NaN,,NaN
A,GE10,G,P_CUSE,PC_EMP_CUSE2,EE,,NaN,,NaN
A,GE10,G,P_CUSE,PC_EMP_CUSE2,EL,,NaN,,NaN
A,GE10,G,P_CUSE,PC_EMP_CUSE2,ES,,NaN,,NaN
A,GE10,G,P_CUSE,PC_EMP_CUSE2,EU15,,NaN,,NaN
A,GE10,G,P_CUSE,PC_EMP_CUSE2,EU27_2007,,NaN,,NaN
A,GE10,G,P_CUSE,PC_EMP_CUSE2,EU27_2020,,NaN,,NaN
A,GE10,G,P_CUSE,PC_EMP_CUSE2,EU28,,NaN,,NaN
A,GE10,G,P_CUSE,PC_EMP_CUSE2,FI,,NaN,,NaN
A,GE10,G,P_CUSE,PC_EMP_CUSE2,FR,,NaN,,NaN
A,GE10,G,P_CUSE,PC_EMP_CUSE2,HR,,NaN,,NaN
A,GE10,G,P_CUSE,PC_EMP_CUSE2,HU,,NaN,,NaN
A,GE10,G,P_CUSE,PC_EMP_CUSE2,IE,,NaN,,NaN
A,GE10,G,P_CUSE,PC_EMP_CUSE2,IT,,NaN,,NaN
A,GE10,G,P_CUSE,PC_EMP_CUSE2,LT,,NaN,,NaN
A,GE10,G,P_CUSE,PC_EMP_CUSE2,MK,,NaN,,NaN
A,GE10,G,P_CUSE,PC_EMP_CUSE2,MT,,NaN,,NaN
A,GE10,G,P_CUSE,PC_EMP_CUSE2,NL,,NaN,,NaN
A,GE10,G,P_CUSE,PC_EMP_CUSE2,NO,,NaN,,NaN
A,GE10,G,P_CUSE,PC_EMP_CUSE2,PL,,NaN,,NaN
A,GE10,G,P_CUSE,PC_EMP_CUSE2,PT,,NaN,,NaN
A,GE10,G,P_CUSE,PC_EMP_CUSE2,RO,,NaN,,NaN
A,GE10,G,P_CUSE,PC_EMP_CUSE2,RS,,NaN,,NaN
A,GE10,G,P_CUSE,PC_EMP_CUSE2,SI,,NaN,,NaN
A,GE10,G,P_CUSE,PC_EMP_CUSE2,SK,,NaN,,NaN
A,GE10,G,P_CUSE,PC_EMP_CUSE2,UK,,NaN,,NaN
A,GE10,G,P_IUSE,PC_EMP,AL,,NaN,,NaN
A,GE10,G,P_IUSE,PC_EMP,AT,57.54,NaN,,u
A,GE10,G,P_IUSE,PC_EMP,BA,,NaN,48.79,NaN
A,GE10,G,P_IUSE,PC_EMP,BE,57.68,NaN,65.96,NaN
A,GE10,G,P_IUSE,PC_EMP,BG,34.39,NaN,42.41,NaN
A,GE10,G,P_IUSE,PC_EMP,CY,34.67,NaN,45.94,NaN
A,GE10,G,P_IUSE,PC_EMP,CZ,48.17,NaN,56.9,NaN
A,GE10,G,P_IUSE,PC_EMP,DE,56.15,NaN,59.84,NaN
A,GE10,G,P_IUSE,PC_EMP,DK,79.35,NaN,80.83,NaN
A,GE10,G,P_IUSE,PC_EMP,EA,54.42,NaN,61.67,NaN
A,GE10,G,P_IUSE,PC_EMP,EE,60.37,NaN,63.23,NaN
A,GE10,G,P_IUSE,PC_EMP,EL,33.68,NaN,46.64,NaN
A,GE10,G,P_IUSE,PC_EMP,ES,54.15,NaN,59.41,NaN
A,GE10,G,P_IUSE,PC_EMP,EU15,54.21,NaN,,NaN
A,GE10,G,P_IUSE,PC_EMP,EU25,,NaN,,NaN
A,GE10,G,P_IUSE,PC_EMP,EU27_2007,52.47,NaN,,NaN
A,GE10,G,P_IUSE,PC_EMP,EU27_2020,53.25,NaN,61.08,NaN
A,GE10,G,P_IUSE,PC_EMP,EU28,52.47,NaN,,NaN
A,GE10,G,P_IUSE,PC_EMP,FI,83.24,NaN,86.97,NaN
A,GE10,G,P_IUSE,PC_EMP,FR,54.57,NaN,63.01,NaN
A,GE10,G,P_IUSE,PC_EMP,HR,53.12,NaN,59.45,NaN
A,GE10,G,P_IUSE,PC_EMP,HU,43.09,NaN,51.25,NaN
A,GE10,G,P_IUSE,PC_EMP,IE,48.76,NaN,56.25,NaN
A,GE10,G,P_IUSE,PC_EMP,IS,,NaN,100.0,NaN
A,GE10,G,P_IUSE,PC_EMP,IT,49.88,NaN,65.7,NaN
A,GE10,G,P_IUSE,PC_EMP,LT,49.32,NaN,61.32,NaN
A,GE10,G,P_IUSE,PC_EMP,LU,48.77,NaN,55.89,NaN
A,GE10,G,P_IUSE,PC_EMP,LV,54.95,NaN,49.37,NaN
A,GE10,G,P_IUSE,PC_EMP,ME,40.62,NaN,51.11,NaN
A,GE10,G,P_IUSE,PC_EMP,MK,46.01,NaN,52.61,NaN
A,GE10,G,P_IUSE,PC_EMP,MT,49.57,NaN,61.59,NaN
A,GE10,G,P_IUSE,PC_EMP,NL,55.57,NaN,62.62,NaN
A,GE10,G,P_IUSE,PC_EMP,NO,74.2,NaN,87.66,NaN
A,GE10,G,P_IUSE,PC_EMP,PL,45.25,NaN,59.6,NaN
A,GE10,G,P_IUSE,PC_EMP,PT,46.26,NaN,59.05,NaN
A,GE10,G,P_IUSE,PC_EMP,RO,36.12,NaN,43.9,NaN
A,GE10,G,P_IUSE,PC_EMP,RS,,NaN,56.05,NaN
A,GE10,G,P_IUSE,PC_EMP,SE,82.84,NaN,88.48,NaN
A,GE10,G,P_IUSE,PC_EMP,SI,65.13,NaN,69.78,NaN
A,GE10,G,P_IUSE,PC_EMP,SK,54.23,NaN,64.43,NaN
A,GE10,G,P_IUSE,PC_EMP,TR,33.22,NaN,,NaN
A,GE10,G,P_IUSE,PC_EMP,UK,49.22,NaN,58.38,NaN
A,GE10,G,P_IUSE,PC_EMP_CUSE,AT,,NaN,,NaN
A,GE10,G,P_IUSE,PC_EMP_CUSE,BA,,NaN,,NaN
A,GE10,G,P_IUSE,PC_EMP_CUSE,BE,85.54,NaN,,NaN
A,GE10,G,P_IUSE,PC_EMP_CUSE,BG,81.85,NaN,,NaN
A,GE10,G,P_IUSE,PC_EMP_CUSE,CY,73.15,NaN,,NaN
A,GE10,G,P_IUSE,PC_EMP_CUSE,CZ,84.75,NaN,,NaN
A,GE10,G,P_IUSE,PC_EMP_CUSE,DE,84.16,NaN,,NaN
A,GE10,G,P_IUSE,PC_EMP_CUSE,DK,,NaN,,NaN
A,GE10,G,P_IUSE,PC_EMP_CUSE,EA,84.07,NaN,,NaN
A,GE10,G,P_IUSE,PC_EMP_CUSE,EE,93.96,NaN,,NaN
A,GE10,G,P_IUSE,PC_EMP_CUSE,EL,83.55,NaN,,NaN
A,GE10,G,P_IUSE,PC_EMP_CUSE,ES,77.61,NaN,,NaN
A,GE10,G,P_IUSE,PC_EMP_CUSE,EU15,84.67,NaN,,NaN
A,GE10,G,P_IUSE,PC_EMP_CUSE,EU25,,NaN,,NaN
A,GE10,G,P_IUSE,PC_EMP_CUSE,EU27_2007,84.43,NaN,,NaN
A,GE10,G,P_IUSE,PC_EMP_CUSE,EU27_2020,83.7,NaN,,NaN
A,GE10,G,P_IUSE,PC_EMP_CUSE,EU28,84.37,NaN,,NaN
A,GE10,G,P_IUSE,PC_EMP_CUSE,FI,92.34,NaN,,NaN
A,GE10,G,P_IUSE,PC_EMP_CUSE,FR,,NaN,,NaN
A,GE10,G,P_IUSE,PC_EMP_CUSE,HR,78.31,NaN,,NaN
A,GE10,G,P_IUSE,PC_EMP_CUSE,HU,75.14,NaN,,NaN
A,GE10,G,P_IUSE,PC_EMP_CUSE,IE,87.15,NaN,,NaN
A,GE10,G,P_IUSE,PC_EMP_CUSE,IS,,NaN,,NaN
A,GE10,G,P_IUSE,PC_EMP_CUSE,IT,87.39,NaN,,NaN
A,GE10,G,P_IUSE,PC_EMP_CUSE,LT,87.23,NaN,,NaN
A,GE10,G,P_IUSE,PC_EMP_CUSE,LU,,NaN,,NaN
A,GE10,G,P_IUSE,PC_EMP_CUSE,LV,,NaN,,NaN
A,GE10,G,P_IUSE,PC_EMP_CUSE,ME,70.67,NaN,,NaN
A,GE10,G,P_IUSE,PC_EMP_CUSE,MK,77.5,NaN,,NaN
A,GE10,G,P_IUSE,PC_EMP_CUSE,MT,,NaN,,NaN
A,GE10,G,P_IUSE,PC_EMP_CUSE,NL,88.84,NaN,,NaN
A,GE10,G,P_IUSE,PC_EMP_CUSE,NO,89.15,NaN,,NaN
A,GE10,G,P_IUSE,PC_EMP_CUSE,PL,82.86,NaN,,NaN
A,GE10,G,P_IUSE,PC_EMP_CUSE,PT,78.52,NaN,,NaN
A,GE10,G,P_IUSE,PC_EMP_CUSE,RO,84.43,NaN,,NaN
A,GE10,G,P_IUSE,PC_EMP_CUSE,RS,,NaN,,NaN
A,GE10,G,P_IUSE,PC_EMP_CUSE,SE,,NaN,,NaN
A,GE10,G,P_IUSE,PC_EMP_CUSE,SI,92.06,NaN,,NaN
A,GE10,G,P_IUSE,PC_EMP_CUSE,SK,85.38,NaN,,NaN
A,GE10,G,P_IUSE,PC_EMP_CUSE,TR,,NaN,,NaN
A,GE10,G,P_IUSE,PC_EMP_CUSE,UK,86.72,NaN,,NaN
A,GE10,G,P_IUSE,PC_EMP_CUSE2,AT,,NaN,,NaN
A,GE10,G,P_IUSE,PC_EMP_CUSE2,BE,,NaN,,NaN
A,GE10,G,P_IUSE,PC_EMP_CUSE2,BG,,NaN,,NaN
A,GE10,G,P_IUSE,PC_EMP_CUSE2,CY,,NaN,,NaN
A,GE10,G,P_IUSE,PC_EMP_CUSE2,CZ,,NaN,,NaN
A,GE10,G,P_IUSE,PC_EMP_CUSE2,DE,,NaN,,NaN
A,GE10,G,P_IUSE,PC_EMP_CUSE2,DK,,NaN,,NaN
A,GE10,G,P_IUSE,PC_EMP_CUSE2,EA,,NaN,,NaN
A,GE10,G,P_IUSE,PC_EMP_CUSE2,EE,,NaN,,NaN
A,GE10,G,P_IUSE,PC_EMP_CUSE2,EL,,NaN,,NaN
A,GE10,G,P_IUSE,PC_EMP_CUSE2,ES,,NaN,,NaN
A,GE10,G,P_IUSE,PC_EMP_CUSE2,EU15,,NaN,,NaN
A,GE10,G,P_IUSE,PC_EMP_CUSE2,EU27_2007,,NaN,,NaN
A,GE10,G,P_IUSE,PC_EMP_CUSE2,EU27_2020,,NaN,,NaN
A,GE10,G,P_IUSE,PC_EMP_CUSE2,EU28,,NaN,,NaN
A,GE10,G,P_IUSE,PC_EMP_CUSE2,FI,,NaN,,NaN
A,GE10,G,P_IUSE,PC_EMP_CUSE2,FR,,NaN,,NaN
A,GE10,G,P_IUSE,PC_EMP_CUSE2,HR,,NaN,,NaN
A,GE10,G,P_IUSE,PC_EMP_CUSE2,HU,,NaN,,NaN
A,GE10,G,P_IUSE,PC_EMP_CUSE2,IE,,NaN,,NaN
A,GE10,G,P_IUSE,PC_EMP_CUSE2,IS,,NaN,,NaN
A,GE10,G,P_IUSE,PC_EMP_CUSE2,IT,,NaN,,NaN
A,GE10,G,P_IUSE,PC_EMP_CUSE2,LT,,NaN,,NaN
A,GE10,G,P_IUSE,PC_EMP_CUSE2,LU,,NaN,,NaN
A,GE10,G,P_IUSE,PC_EMP_CUSE2,LV,,NaN,,NaN
A,GE10,G,P_IUSE,PC_EMP_CUSE2,MK,,NaN,,NaN
A,GE10,G,P_IUSE,PC_EMP_CUSE2,MT,,NaN,,NaN
A,GE10,G,P_IUSE,PC_EMP_CUSE2,NL,,NaN,,NaN
A,GE10,G,P_IUSE,PC_EMP_CUSE2,NO,,NaN,,NaN
A,GE10,G,P_IUSE,PC_EMP_CUSE2,PL,,NaN,,NaN
A,GE10,G,P_IUSE,PC_EMP_CUSE2,PT,,NaN,,NaN
A,GE10,G,P_IUSE,PC_EMP_CUSE2,RO,,NaN,,NaN
A,GE10,G,P_IUSE,PC_EMP_CUSE2,RS,,NaN,,NaN
A,GE10,G,P_IUSE,PC_EMP_CUSE2,SE,,NaN,,NaN
A,GE10,G,P_IUSE,PC_EMP_CUSE2,SI,,NaN,,NaN
A,GE10,G,P_IUSE,PC_EMP_CUSE2,SK,,NaN,,NaN
A,GE10,G,P_IUSE,PC_EMP_CUSE2,TR,,NaN,,NaN
A,GE10,G,P_IUSE,PC_EMP_CUSE2,UK,,NaN,,NaN
A,GE10,G,P_IUSE,PC_EMP_IACC,AT,,NaN,,NaN
A,GE10,G,P_IUSE,PC_EMP_IACC,BE,,NaN,,NaN
A,GE10,G,P_IUSE,PC_EMP_IACC,BG,,NaN,,NaN
A,GE10,G,P_IUSE,PC_EMP_IACC,CY,,NaN,,NaN
A,GE10,G,P_IUSE,PC_EMP_IACC,CZ,,NaN,,NaN
A,GE10,G,P_IUSE,PC_EMP_IACC,DE,,NaN,,NaN
A,GE10,G,P_IUSE,PC_EMP_IACC,DK,,NaN,,NaN
A,GE10,G,P_IUSE,PC_EMP_IACC,EA,,NaN,,NaN
A,GE10,G,P_IUSE,PC_EMP_IACC,EE,,NaN,,NaN
A,GE10,G,P_IUSE,PC_EMP_IACC,EL,,NaN,,NaN
A,GE10,G,P_IUSE,PC_EMP_IACC,ES,,NaN,,NaN
A,GE10,G,P_IUSE,PC_EMP_IACC,EU15,,NaN,,NaN
A,GE10,G,P_IUSE,PC_EMP_IACC,EU27_2007,,NaN,,NaN
A,GE10,G,P_IUSE,PC_EMP_IACC,EU27_2020,,NaN,,NaN
A,GE10,G,P_IUSE,PC_EMP_IACC,EU28,,NaN,,NaN
A,GE10,G,P_IUSE,PC_EMP_IACC,FI,,NaN,,NaN
A,GE10,G,P_IUSE,PC_EMP_IACC,FR,,NaN,,NaN
A,GE10,G,P_IUSE,PC_EMP_IACC,HR,,NaN,,NaN
A,GE10,G,P_IUSE,PC_EMP_IACC,HU,,NaN,,NaN
A,GE10,G,P_IUSE,PC_EMP_IACC,IE,,NaN,,NaN
A,GE10,G,P_IUSE,PC_EMP_IACC,IS,,NaN,,NaN
A,GE10,G,P_IUSE,PC_EMP_IACC,IT,,NaN,,NaN
A,GE10,G,P_IUSE,PC_EMP_IACC,LT,,NaN,,NaN
A,GE10,G,P_IUSE,PC_EMP_IACC,LU,,NaN,,NaN
A,GE10,G,P_IUSE,PC_EMP_IACC,LV,,NaN,,NaN
A,GE10,G,P_IUSE,PC_EMP_IACC,MK,,NaN,,NaN
A,GE10,G,P_IUSE,PC_EMP_IACC,MT,,NaN,,NaN
A,GE10,G,P_IUSE,PC_EMP_IACC,NL,,NaN,,NaN
A,GE10,G,P_IUSE,PC_EMP_IACC,NO,,NaN,,NaN
A,GE10,G,P_IUSE,PC_EMP_IACC,PL,,NaN,,NaN
A,GE10,G,P_IUSE,PC_EMP_IACC,PT,,NaN,,NaN
A,GE10,G,P_IUSE,PC_EMP_IACC,RO,,NaN,,NaN
A,GE10,G,P_IUSE,PC_EMP_IACC,RS,,NaN,,NaN
A,GE10,G,P_IUSE,PC_EMP_IACC,SE,,NaN,,NaN
A,GE10,G,P_IUSE,PC_EMP_IACC,SI,,NaN,,NaN
A,GE10,G,P_IUSE,PC_EMP_IACC,SK,,NaN,,NaN
A,GE10,G,P_IUSE,PC_EMP_IACC,TR,,NaN,,NaN
A,GE10,G,P_IUSE,PC_EMP_IACC,UK,,NaN,,NaN
A,GE10,G45,P_CUSE,PC_EMP,AT,,NaN,,NaN
A,GE10,G45,P_CUSE,PC_EMP,BA,,NaN,,NaN
A,GE10,G45,P_CUSE,PC_EMP,BE,70.11,NaN,,NaN
A,GE10,G45,P_CUSE,PC_EMP,BG,47.03,NaN,,NaN
A,GE10,G45,P_CUSE,PC_EMP,CY,57.11,NaN,,NaN
A,GE10,G45,P_CUSE,PC_EMP,CZ,67.68,NaN,,NaN
A,GE10,G45,P_CUSE,PC_EMP,DE,74.94,NaN,,NaN
A,GE10,G45,P_CUSE,PC_EMP,DK,,NaN,,NaN
A,GE10,G45,P_CUSE,PC_EMP,EA,73.54,NaN,,NaN
A,GE10,G45,P_CUSE,PC_EMP,EE,68.77,NaN,,NaN
A,GE10,G45,P_CUSE,PC_EMP,EL,57.11,NaN,,NaN
A,GE10,G45,P_CUSE,PC_EMP,ES,76.77,NaN,,NaN
A,GE10,G45,P_CUSE,PC_EMP,EU15,75.31,NaN,,NaN
A,GE10,G45,P_CUSE,PC_EMP,EU25,,NaN,,NaN
A,GE10,G45,P_CUSE,PC_EMP,EU27_2007,71.9,NaN,,NaN
A,GE10,G45,P_CUSE,PC_EMP,EU27_2020,69.89,NaN,,NaN
A,GE10,G45,P_CUSE,PC_EMP,EU28,71.88,NaN,,NaN
A,GE10,G45,P_CUSE,PC_EMP,FI,93.71,NaN,,NaN
A,GE10,G45,P_CUSE,PC_EMP,FR,,NaN,,NaN
A,GE10,G45,P_CUSE,PC_EMP,HR,67.53,NaN,,NaN
A,GE10,G45,P_CUSE,PC_EMP,HU,64.91,NaN,,NaN
A,GE10,G45,P_CUSE,PC_EMP,IE,69.17,NaN,,NaN
A,GE10,G45,P_CUSE,PC_EMP,IS,,NaN,,NaN
A,GE10,G45,P_CUSE,PC_EMP,IT,,u,,NaN
A,GE10,G45,P_CUSE,PC_EMP,LT,60.36,NaN,,NaN
A,GE10,G45,P_CUSE,PC_EMP,LU,,NaN,,NaN
A,GE10,G45,P_CUSE,PC_EMP,LV,,NaN,,NaN
A,GE10,G45,P_CUSE,PC_EMP,ME,,u,,NaN
A,GE10,G45,P_CUSE,PC_EMP,MK,58.29,NaN,,NaN
A,GE10,G45,P_CUSE,PC_EMP,MT,,NaN,,NaN
A,GE10,G45,P_CUSE,PC_EMP,NL,74.92,NaN,,NaN
A,GE10,G45,P_CUSE,PC_EMP,NO,89.97,NaN,,NaN
A,GE10,G45,P_CUSE,PC_EMP,PL,57.57,NaN,,NaN
A,GE10,G45,P_CUSE,PC_EMP,PT,68.42,NaN,,NaN
A,GE10,G45,P_CUSE,PC_EMP,RO,48.05,NaN,,NaN
A,GE10,G45,P_CUSE,PC_EMP,RS,,NaN,,NaN
A,GE10,G45,P_CUSE,PC_EMP,SE,,NaN,,NaN
A,GE10,G45,P_CUSE,PC_EMP,SI,72.35,NaN,,NaN
A,GE10,G45,P_CUSE,PC_EMP,SK,66.48,NaN,,NaN
A,GE10,G45,P_CUSE,PC_EMP,TR,,NaN,,NaN
A,GE10,G45,P_CUSE,PC_EMP,UK,78.84,NaN,,NaN
A,GE10,G45,P_CUSE,PC_EMP_CUSE2,AT,,NaN,,NaN
A,GE10,G45,P_CUSE,PC_EMP_CUSE2,BE,,NaN,,NaN
A,GE10,G45,P_CUSE,PC_EMP_CUSE2,BG,,NaN,,NaN
A,GE10,G45,P_CUSE,PC_EMP_CUSE2,CY,,NaN,,NaN
A,GE10,G45,P_CUSE,PC_EMP_CUSE2,CZ,,NaN,,NaN
A,GE10,G45,P_CUSE,PC_EMP_CUSE2,DE,,NaN,,NaN
A,GE10,G45,P_CUSE,PC_EMP_CUSE2,DK,,NaN,,NaN
A,GE10,G45,P_CUSE,PC_EMP_CUSE2,EA,,NaN,,NaN
A,GE10,G45,P_CUSE,PC_EMP_CUSE2,EE,,NaN,,NaN
A,GE10,G45,P_CUSE,PC_EMP_CUSE2,EL,,NaN,,NaN
A,GE10,G45,P_CUSE,PC_EMP_CUSE2,ES,,NaN,,NaN
A,GE10,G45,P_CUSE,PC_EMP_CUSE2,EU15,,NaN,,NaN
A,GE10,G45,P_CUSE,PC_EMP_CUSE2,EU27_2007,,NaN,,NaN
A,GE10,G45,P_CUSE,PC_EMP_CUSE2,EU27_2020,,NaN,,NaN
A,GE10,G45,P_CUSE,PC_EMP_CUSE2,EU28,,NaN,,NaN
A,GE10,G45,P_CUSE,PC_EMP_CUSE2,FI,,NaN,,NaN
A,GE10,G45,P_CUSE,PC_EMP_CUSE2,FR,,NaN,,NaN
A,GE10,G45,P_CUSE,PC_EMP_CUSE2,HR,,NaN,,NaN
A,GE10,G45,P_CUSE,PC_EMP_CUSE2,HU,,NaN,,NaN
A,GE10,G45,P_CUSE,PC_EMP_CUSE2,IE,,NaN,,NaN
A,GE10,G45,P_CUSE,PC_EMP_CUSE2,IT,,NaN,,NaN
A,GE10,G45,P_CUSE,PC_EMP_CUSE2,LT,,NaN,,NaN
A,GE10,G45,P_CUSE,PC_EMP_CUSE2,MK,,NaN,,NaN
A,GE10,G45,P_CUSE,PC_EMP_CUSE2,MT,,NaN,,NaN
A,GE10,G45,P_CUSE,PC_EMP_CUSE2,NL,,NaN,,NaN
A,GE10,G45,P_CUSE,PC_EMP_CUSE2,NO,,NaN,,NaN
A,GE10,G45,P_CUSE,PC_EMP_CUSE2,PL,,NaN,,NaN
A,GE10,G45,P_CUSE,PC_EMP_CUSE2,PT,,NaN,,NaN
A,GE10,G45,P_CUSE,PC_EMP_CUSE2,RO,,NaN,,NaN
A,GE10,G45,P_CUSE,PC_EMP_CUSE2,RS,,NaN,,NaN
A,GE10,G45,P_CUSE,PC_EMP_CUSE2,SI,,NaN,,NaN
A,GE10,G45,P_CUSE,PC_EMP_CUSE2,SK,,NaN,,NaN
A,GE10,G45,P_CUSE,PC_EMP_CUSE2,UK,,NaN,,NaN
A,GE10,G45,P_IUSE,PC_EMP,AT,,u,,u
A,GE10,G45,P_IUSE,PC_EMP,BA,,NaN,64.08,NaN
A,GE10,G45,P_IUSE,PC_EMP,BE,69.17,NaN,73.03,NaN
A,GE10,G45,P_IUSE,PC_EMP,BG,46.3,NaN,51.42,NaN
A,GE10,G45,P_IUSE,PC_EMP,CY,48.22,NaN,63.52,NaN
A,GE10,G45,P_IUSE,PC_EMP,CZ,64.73,NaN,71.37,NaN
A,GE10,G45,P_IUSE,PC_EMP,DE,71.52,NaN,74.92,NaN
A,GE10,G45,P_IUSE,PC_EMP,DK,78.17,NaN,79.71,NaN
A,GE10,G45,P_IUSE,PC_EMP,EA,67.19,NaN,72.45,NaN
A,GE10,G45,P_IUSE,PC_EMP,EE,67.45,NaN,65.68,NaN
A,GE10,G45,P_IUSE,PC_EMP,EL,51.15,NaN,53.53,NaN
A,GE10,G45,P_IUSE,PC_EMP,ES,69.5,NaN,75.27,NaN
A,GE10,G45,P_IUSE,PC_EMP,EU15,69.68,NaN,,NaN
A,GE10,G45,P_IUSE,PC_EMP,EU25,,NaN,,NaN
A,GE10,G45,P_IUSE,PC_EMP,EU27_2007,67.05,NaN,,NaN
A,GE10,G45,P_IUSE,PC_EMP,EU27_2020,65.24,NaN,71.13,NaN
A,GE10,G45,P_IUSE,PC_EMP,EU28,67.03,NaN,,NaN
A,GE10,G45,P_IUSE,PC_EMP,FI,91.64,NaN,,u
A,GE10,G45,P_IUSE,PC_EMP,FR,58.99,NaN,64.43,NaN
A,GE10,G45,P_IUSE,PC_EMP,HR,62.95,NaN,74.44,NaN
A,GE10,G45,P_IUSE,PC_EMP,HU,55.99,NaN,62.07,NaN
A,GE10,G45,P_IUSE,PC_EMP,IE,57.57,NaN,71.53,NaN
A,GE10,G45,P_IUSE,PC_EMP,IS,,NaN,100.0,NaN
A,GE10,G45,P_IUSE,PC_EMP,IT,,u,,u
A,GE10,G45,P_IUSE,PC_EMP,LT,58.2,NaN,66.15,NaN
A,GE10,G45,P_IUSE,PC_EMP,LU,,u,,u
A,GE10,G45,P_IUSE,PC_EMP,LV,54.78,NaN,62.25,NaN
A,GE10,G45,P_IUSE,PC_EMP,ME,,u,68.31,NaN
A,GE10,G45,P_IUSE,PC_EMP,MK,55.63,NaN,59.15,NaN
A,GE10,G45,P_IUSE,PC_EMP,MT,66.76,NaN,77.41,NaN
A,GE10,G45,P_IUSE,PC_EMP,NL,70.95,NaN,73.06,NaN
A,GE10,G45,P_IUSE,PC_EMP,NO,87.32,NaN,93.75,NaN
A,GE10,G45,P_IUSE,PC_EMP,PL,54.1,NaN,69.48,NaN
A,GE10,G45,P_IUSE,PC_EMP,PT,65.82,NaN,64.91,NaN
A,GE10,G45,P_IUSE,PC_EMP,RO,41.48,NaN,42.22,NaN
A,GE10,G45,P_IUSE,PC_EMP,RS,,NaN,70.15,NaN
A,GE10,G45,P_IUSE,PC_EMP,SE,83.89,NaN,92.6,NaN
A,GE10,G45,P_IUSE,PC_EMP,SI,70.91,NaN,77.79,NaN
A,GE10,G45,P_IUSE,PC_EMP,SK,63.13,NaN,74.16,NaN
A,GE10,G45,P_IUSE,PC_EMP,TR,51.28,NaN,,NaN
A,GE10,G45,P_IUSE,PC_EMP,UK,75.19,NaN,80.34,NaN
A,GE10,G45,P_IUSE,PC_EMP_CUSE,AT,,NaN,,NaN
A,GE10,G45,P_IUSE,PC_EMP_CUSE,BA,,NaN,,NaN
A,GE10,G45,P_IUSE,PC_EMP_CUSE,BE,98.66,NaN,,NaN
A,GE10,G45,P_IUSE,PC_EMP_CUSE,BG,98.46,NaN,,NaN
A,GE10,G45,P_IUSE,PC_EMP_CUSE,CY,84.43,NaN,,NaN
A,GE10,G45,P_IUSE,PC_EMP_CUSE,CZ,95.64,NaN,,NaN
A,GE10,G45,P_IUSE,PC_EMP_CUSE,DE,95.43,NaN,,NaN
A,GE10,G45,P_IUSE,PC_EMP_CUSE,DK,,NaN,,NaN
A,GE10,G45,P_IUSE,PC_EMP_CUSE,EA,94.7,NaN,,NaN
A,GE10,G45,P_IUSE,PC_EMP_CUSE,EE,98.07,NaN,,NaN
A,GE10,G45,P_IUSE,PC_EMP_CUSE,EL,89.56,NaN,,NaN
A,GE10,G45,P_IUSE,PC_EMP_CUSE,ES,90.53,NaN,,NaN
A,GE10,G45,P_IUSE,PC_EMP_CUSE,EU15,94.86,NaN,,NaN
A,GE10,G45,P_IUSE,PC_EMP_CUSE,EU25,,NaN,,NaN
A,GE10,G45,P_IUSE,PC_EMP_CUSE,EU27_2007,94.47,NaN,,NaN
A,GE10,G45,P_IUSE,PC_EMP_CUSE,EU27_2020,94.17,NaN,,NaN
A,GE10,G45,P_IUSE,PC_EMP_CUSE,EU28,94.46,NaN,,NaN
A,GE10,G45,P_IUSE,PC_EMP_CUSE,FI,97.8,NaN,,NaN
A,GE10,G45,P_IUSE,PC_EMP_CUSE,FR,,NaN,,NaN
A,GE10,G45,P_IUSE,PC_EMP_CUSE,HR,93.21,NaN,,NaN
A,GE10,G45,P_IUSE,PC_EMP_CUSE,HU,86.26,NaN,,NaN
A,GE10,G45,P_IUSE,PC_EMP_CUSE,IE,83.24,NaN,,NaN
A,GE10,G45,P_IUSE,PC_EMP_CUSE,IS,,NaN,,NaN
A,GE10,G45,P_IUSE,PC_EMP_CUSE,IT,,u,,NaN
A,GE10,G45,P_IUSE,PC_EMP_CUSE,LT,96.43,NaN,,NaN
A,GE10,G45,P_IUSE,PC_EMP_CUSE,LU,,NaN,,NaN
A,GE10,G45,P_IUSE,PC_EMP_CUSE,LV,,NaN,,NaN
A,GE10,G45,P_IUSE,PC_EMP_CUSE,ME,,u,,NaN
A,GE10,G45,P_IUSE,PC_EMP_CUSE,MK,95.43,NaN,,NaN
A,GE10,G45,P_IUSE,PC_EMP_CUSE,MT,,NaN,,NaN
A,GE10,G45,P_IUSE,PC_EMP_CUSE,NL,94.71,NaN,,NaN
A,GE10,G45,P_IUSE,PC_EMP_CUSE,NO,97.05,NaN,,NaN
A,GE10,G45,P_IUSE,PC_EMP_CUSE,PL,93.96,NaN,,NaN
A,GE10,G45,P_IUSE,PC_EMP_CUSE,PT,96.2,NaN,,NaN
A,GE10,G45,P_IUSE,PC_EMP_CUSE,RO,86.33,NaN,,NaN
A,GE10,G45,P_IUSE,PC_EMP_CUSE,RS,,NaN,,NaN
A,GE10,G45,P_IUSE,PC_EMP_CUSE,SE,,NaN,,NaN
A,GE10,G45,P_IUSE,PC_EMP_CUSE,SI,98.01,NaN,,NaN
A,GE10,G45,P_IUSE,PC_EMP_CUSE,SK,94.97,NaN,,NaN
A,GE10,G45,P_IUSE,PC_EMP_CUSE,TR,,NaN,,NaN
A,GE10,G45,P_IUSE,PC_EMP_CUSE,UK,95.37,NaN,,NaN
A,GE10,G45,P_IUSE,PC_EMP_CUSE2,AT,,NaN,,NaN
A,GE10,G45,P_IUSE,PC_EMP_CUSE2,BE,,NaN,,NaN
A,GE10,G45,P_IUSE,PC_EMP_CUSE2,BG,,NaN,,NaN
A,GE10,G45,P_IUSE,PC_EMP_CUSE2,CY,,NaN,,NaN
A,GE10,G45,P_IUSE,PC_EMP_CUSE2,CZ,,NaN,,NaN
A,GE10,G45,P_IUSE,PC_EMP_CUSE2,DE,,NaN,,NaN
A,GE10,G45,P_IUSE,PC_EMP_CUSE2,DK,,NaN,,NaN
A,GE10,G45,P_IUSE,PC_EMP_CUSE2,EA,,NaN,,NaN
A,GE10,G45,P_IUSE,PC_EMP_CUSE2,EE,,NaN,,NaN
A,GE10,G45,P_IUSE,PC_EMP_CUSE2,EL,,NaN,,NaN
A,GE10,G45,P_IUSE,PC_EMP_CUSE2,ES,,NaN,,NaN
A,GE10,G45,P_IUSE,PC_EMP_CUSE2,EU15,,NaN,,NaN
A,GE10,G45,P_IUSE,PC_EMP_CUSE2,EU27_2007,,NaN,,NaN
A,GE10,G45,P_IUSE,PC_EMP_CUSE2,EU27_2020,,NaN,,NaN
A,GE10,G45,P_IUSE,PC_EMP_CUSE2,EU28,,NaN,,NaN
A,GE10,G45,P_IUSE,PC_EMP_CUSE2,FI,,NaN,,NaN
A,GE10,G45,P_IUSE,PC_EMP_CUSE2,FR,,NaN,,NaN
A,GE10,G45,P_IUSE,PC_EMP_CUSE2,HR,,NaN,,NaN
A,GE10,G45,P_IUSE,PC_EMP_CUSE2,HU,,NaN,,NaN
A,GE10,G45,P_IUSE,PC_EMP_CUSE2,IE,,NaN,,NaN
A,GE10,G45,P_IUSE,PC_EMP_CUSE2,IS,,NaN,,NaN
A,GE10,G45,P_IUSE,PC_EMP_CUSE2,IT,,NaN,,NaN
A,GE10,G45,P_IUSE,PC_EMP_CUSE2,LT,,NaN,,NaN
A,GE10,G45,P_IUSE,PC_EMP_CUSE2,LU,,NaN,,NaN
A,GE10,G45,P_IUSE,PC_EMP_CUSE2,LV,,NaN,,NaN
A,GE10,G45,P_IUSE,PC_EMP_CUSE2,MK,,NaN,,NaN
A,GE10,G45,P_IUSE,PC_EMP_CUSE2,MT,,NaN,,NaN
A,GE10,G45,P_IUSE,PC_EMP_CUSE2,NL,,NaN,,NaN
A,GE10,G45,P_IUSE,PC_EMP_CUSE2,NO,,NaN,,NaN
A,GE10,G45,P_IUSE,PC_EMP_CUSE2,PL,,NaN,,NaN
A,GE10,G45,P_IUSE,PC_EMP_CUSE2,PT,,NaN,,NaN
A,GE10,G45,P_IUSE,PC_EMP_CUSE2,RO,,NaN,,NaN
A,GE10,G45,P_IUSE,PC_EMP_CUSE2,RS,,NaN,,NaN
A,GE10,G45,P_IUSE,PC_EMP_CUSE2,SE,,NaN,,NaN
A,GE10,G45,P_IUSE,PC_EMP_CUSE2,SI,,NaN,,NaN
A,GE10,G45,P_IUSE,PC_EMP_CUSE2,SK,,NaN,,NaN
A,GE10,G45,P_IUSE,PC_EMP_CUSE2,TR,,NaN,,NaN
A,GE10,G45,P_IUSE,PC_EMP_CUSE2,UK,,NaN,,NaN
A,GE10,G45,P_IUSE,PC_EMP_IACC,AT,,NaN,,NaN
A,GE10,G45,P_IUSE,PC_EMP_IACC,BE,,NaN,,NaN
A,GE10,G45,P_IUSE,PC_EMP_IACC,BG,,NaN,,NaN
A,GE10,G45,P_IUSE,PC_EMP_IACC,CY,,NaN,,NaN
A,GE10,G45,P_IUSE,PC_EMP_IACC,CZ,,NaN,,NaN
A,GE10,G45,P_IUSE,PC_EMP_IACC,DE,,NaN,,NaN
A,GE10,G45,P_IUSE,PC_EMP_IACC,DK,,NaN,,NaN
A,GE10,G45,P_IUSE,PC_EMP_IACC,EA,,NaN,,NaN
A,GE10,G45,P_IUSE,PC_EMP_IACC,EE,,NaN,,NaN
A,GE10,G45,P_IUSE,PC_EMP_IACC,EL,,NaN,,NaN
A,GE10,G45,P_IUSE,PC_EMP_IACC,ES,,NaN,,NaN
A,GE10,G45,P_IUSE,PC_EMP_IACC,EU15,,NaN,,NaN
A,GE10,G45,P_IUSE,PC_EMP_IACC,EU27_2007,,NaN,,NaN
A,GE10,G45,P_IUSE,PC_EMP_IACC,EU27_2020,,NaN,,NaN
A,GE10,G45,P_IUSE,PC_EMP_IACC,EU28,,NaN,,NaN
A,GE10,G45,P_IUSE,PC_EMP_IACC,FI,,NaN,,NaN
A,GE10,G45,P_IUSE,PC_EMP_IACC,FR,,NaN,,NaN
A,GE10,G45,P_IUSE,PC_EMP_IACC,HR,,NaN,,NaN
A,GE10,G45,P_IUSE,PC_EMP_IACC,HU,,NaN,,NaN
A,GE10,G45,P_IUSE,PC_EMP_IACC,IE,,NaN,,NaN
A,GE10,G45,P_IUSE,PC_EMP_IACC,IS,,NaN,,NaN
A,GE10,G45,P_IUSE,PC_EMP_IACC,IT,,NaN,,NaN
A,GE10,G45,P_IUSE,PC_EMP_IACC,LT,,NaN,,NaN
A,GE10,G45,P_IUSE,PC_EMP_IACC,LU,,NaN,,NaN
A,GE10,G45,P_IUSE,PC_EMP_IACC,LV,,NaN,,NaN
A,GE10,G45,P_IUSE,PC_EMP_IACC,MK,,NaN,,NaN
A,GE10,G45,P_IUSE,PC_EMP_IACC,MT,,NaN,,NaN
A,GE10,G45,P_IUSE,PC_EMP_IACC,NL,,NaN,,NaN
A,GE10,G45,P_IUSE,PC_EMP_IACC,NO,,NaN,,NaN
A,GE10,G45,P_IUSE,PC_EMP_IACC,PL,,NaN,,NaN
A,GE10,G45,P_IUSE,PC_EMP_IACC,PT,,NaN,,NaN
A,GE10,G45,P_IUSE,PC_EMP_IACC,RO,,NaN,,NaN
A,GE10,G45,P_IUSE,PC_EMP_IACC,RS,,NaN,,NaN
A,GE10,G45,P_IUSE,PC_EMP_IACC,SE,,NaN,,NaN
A,GE10,G45,P_IUSE,PC_EMP_IACC,SI,,NaN,,NaN
A,GE10,G45,P_IUSE,PC_EMP_IACC,SK,,NaN,,NaN
A,GE10,G45,P_IUSE,PC_EMP_IACC,TR,,NaN,,NaN
A,GE10,G45,P_IUSE,PC_EMP_IACC,UK,,NaN,,NaN
A,GE10,G45-S951_X_K,P_CUSE,PC_EMP,AT,,NaN,,NaN
A,GE10,G45-S951_X_K,P_CUSE,PC_EMP,BA,,NaN,,NaN
A,GE10,G45-S951_X_K,P_CUSE,PC_EMP,BE,67.71,NaN,,NaN
A,GE10,G45-S951_X_K,P_CUSE,PC_EMP,BG,39.44,NaN,,NaN
A,GE10,G45-S951_X_K,P_CUSE,PC_EMP,CY,52.69,NaN,,NaN
A,GE10,G45-S951_X_K,P_CUSE,PC_EMP,CZ,49.22,NaN,,NaN
A,GE10,G45-S951_X_K,P_CUSE,PC_EMP,DE,61.38,NaN,,NaN
A,GE10,G45-S951_X_K,P_CUSE,PC_EMP,DK,,NaN,,NaN
A,GE10,G45-S951_X_K,P_CUSE,PC_EMP,EA,60.08,NaN,,NaN
A,GE10,G45-S951_X_K,P_CUSE,PC_EMP,EE,53.16,NaN,,NaN
A,GE10,G45-S951_X_K,P_CUSE,PC_EMP,EL,44.9,NaN,,NaN
A,GE10,G45-S951_X_K,P_CUSE,PC_EMP,ES,61.82,NaN,,NaN
A,GE10,G45-S951_X_K,P_CUSE,PC_EMP,EU15,60.44,NaN,,NaN
A,GE10,G45-S951_X_K,P_CUSE,PC_EMP,EU25,,NaN,,NaN
A,GE10,G45-S951_X_K,P_CUSE,PC_EMP,EU27_2007,58.48,NaN,,NaN
A,GE10,G45-S951_X_K,P_CUSE,PC_EMP,EU27_2020,57.73,NaN,,NaN
A,GE10,G45-S951_X_K,P_CUSE,PC_EMP,EU28,58.51,NaN,,NaN
A,GE10,G45-S951_X_K,P_CUSE,PC_EMP,FI,80.01,NaN,,NaN
A,GE10,G45-S951_X_K,P_CUSE,PC_EMP,FR,,NaN,,NaN
A,GE10,G45-S951_X_K,P_CUSE,PC_EMP,HR,61.93,NaN,,NaN
A,GE10,G45-S951_X_K,P_CUSE,PC_EMP,HU,51.01,NaN,,NaN
A,GE10,G45-S951_X_K,P_CUSE,PC_EMP,IE,56.76,NaN,,NaN
A,GE10,G45-S951_X_K,P_CUSE,PC_EMP,IS,,NaN,,NaN
A,GE10,G45-S951_X_K,P_CUSE,PC_EMP,IT,50.65,NaN,,NaN
A,GE10,G45-S951_X_K,P_CUSE,PC_EMP,LT,52.31,NaN,,NaN
A,GE10,G45-S951_X_K,P_CUSE,PC_EMP,LV,,NaN,,NaN
A,GE10,G45-S951_X_K,P_CUSE,PC_EMP,ME,63.74,NaN,,NaN
A,GE10,G45-S951_X_K,P_CUSE,PC_EMP,MK,50.57,NaN,,NaN
A,GE10,G45-S951_X_K,P_CUSE,PC_EMP,MT,,NaN,,NaN
A,GE10,G45-S951_X_K,P_CUSE,PC_EMP,NL,70.36,NaN,,NaN
A,GE10,G45-S951_X_K,P_CUSE,PC_EMP,NO,79.57,NaN,,NaN
A,GE10,G45-S951_X_K,P_CUSE,PC_EMP,PL,53.66,NaN,,NaN
A,GE10,G45-S951_X_K,P_CUSE,PC_EMP,PT,48.9,NaN,,NaN
A,GE10,G45-S951_X_K,P_CUSE,PC_EMP,RO,42.54,NaN,,NaN
A,GE10,G45-S951_X_K,P_CUSE,PC_EMP,RS,,NaN,,NaN
A,GE10,G45-S951_X_K,P_CUSE,PC_EMP,SE,,NaN,,NaN
A,GE10,G45-S951_X_K,P_CUSE,PC_EMP,SI,65.5,NaN,,NaN
A,GE10,G45-S951_X_K,P_CUSE,PC_EMP,SK,59.7,NaN,,NaN
A,GE10,G45-S951_X_K,P_CUSE,PC_EMP,TR,,NaN,,NaN
A,GE10,G45-S951_X_K,P_CUSE,PC_EMP,UK,60.93,NaN,,NaN
A,GE10,G45-S951_X_K,P_CUSE,PC_EMP_CUSE2,AT,,NaN,,NaN
A,GE10,G45-S951_X_K,P_CUSE,PC_EMP_CUSE2,BE,,NaN,,NaN
A,GE10,G45-S951_X_K,P_CUSE,PC_EMP_CUSE2,BG,,NaN,,NaN
A,GE10,G45-S951_X_K,P_CUSE,PC_EMP_CUSE2,CY,,NaN,,NaN
A,GE10,G45-S951_X_K,P_CUSE,PC_EMP_CUSE2,CZ,,NaN,,NaN
A,GE10,G45-S951_X_K,P_CUSE,PC_EMP_CUSE2,DE,,NaN,,NaN
A,GE10,G45-S951_X_K,P_CUSE,PC_EMP_CUSE2,DK,,NaN,,NaN
A,GE10,G45-S951_X_K,P_CUSE,PC_EMP_CUSE2,EA,,NaN,,NaN
A,GE10,G45-S951_X_K,P_CUSE,PC_EMP_CUSE2,EE,,NaN,,NaN
A,GE10,G45-S951_X_K,P_CUSE,PC_EMP_CUSE2,EL,,NaN,,NaN
A,GE10,G45-S951_X_K,P_CUSE,PC_EMP_CUSE2,ES,,NaN,,NaN
A,GE10,G45-S951_X_K,P_CUSE,PC_EMP_CUSE2,EU15,,NaN,,NaN
A,GE10,G45-S951_X_K,P_CUSE,PC_EMP_CUSE2,EU27_2007,,NaN,,NaN
A,GE10,G45-S951_X_K,P_CUSE,PC_EMP_CUSE2,EU27_2020,,NaN,,NaN
A,GE10,G45-S951_X_K,P_CUSE,PC_EMP_CUSE2,EU28,,NaN,,NaN
A,GE10,G45-S951_X_K,P_CUSE,PC_EMP_CUSE2,FI,,NaN,,NaN
A,GE10,G45-S951_X_K,P_CUSE,PC_EMP_CUSE2,FR,,NaN,,NaN
A,GE10,G45-S951_X_K,P_CUSE,PC_EMP_CUSE2,HR,,NaN,,NaN
A,GE10,G45-S951_X_K,P_CUSE,PC_EMP_CUSE2,HU,,NaN,,NaN
A,GE10,G45-S951_X_K,P_CUSE,PC_EMP_CUSE2,IE,,NaN,,NaN
A,GE10,G45-S951_X_K,P_CUSE,PC_EMP_CUSE2,IT,,NaN,,NaN
A,GE10,G45-S951_X_K,P_CUSE,PC_EMP_CUSE2,LT,,NaN,,NaN
A,GE10,G45-S951_X_K,P_CUSE,PC_EMP_CUSE2,MK,,NaN,,NaN
A,GE10,G45-S951_X_K,P_CUSE,PC_EMP_CUSE2,MT,,NaN,,NaN
A,GE10,G45-S951_X_K,P_CUSE,PC_EMP_CUSE2,NL,,NaN,,NaN
A,GE10,G45-S951_X_K,P_CUSE,PC_EMP_CUSE2,NO,,NaN,,NaN
A,GE10,G45-S951_X_K,P_CUSE,PC_EMP_CUSE2,PL,,NaN,,NaN
A,GE10,G45-S951_X_K,P_CUSE,PC_EMP_CUSE2,PT,,NaN,,NaN
A,GE10,G45-S951_X_K,P_CUSE,PC_EMP_CUSE2,RO,,NaN,,NaN
A,GE10,G45-S951_X_K,P_CUSE,PC_EMP_CUSE2,RS,,NaN,,NaN
A,GE10,G45-S951_X_K,P_CUSE,PC_EMP_CUSE2,SI,,NaN,,NaN
A,GE10,G45-S951_X_K,P_CUSE,PC_EMP_CUSE2,SK,,NaN,,NaN
A,GE10,G45-S951_X_K,P_CUSE,PC_EMP_CUSE2,UK,,NaN,,NaN
A,GE10,G45-S951_X_K,P_IUSE,PC_EMP,AL,,NaN,,NaN
A,GE10,G45-S951_X_K,P_IUSE,PC_EMP,AT,55.38,NaN,65.88,NaN
A,GE10,G45-S951_X_K,P_IUSE,PC_EMP,BA,,NaN,53.23,NaN
A,GE10,G45-S951_X_K,P_IUSE,PC_EMP,BE,59.56,NaN,69.05,NaN
A,GE10,G45-S951_X_K,P_IUSE,PC_EMP,BG,34.89,NaN,43.78,NaN
A,GE10,G45-S951_X_K,P_IUSE,PC_EMP,CY,43.34,NaN,49.95,NaN
A,GE10,G45-S951_X_K,P_IUSE,PC_EMP,CZ,43.4,NaN,54.2,NaN
A,GE10,G45-S951_X_K,P_IUSE,PC_EMP,DE,55.01,NaN,60.85,NaN
A,GE10,G45-S951_X_K,P_IUSE,PC_EMP,DK,78.47,NaN,81.99,NaN
A,GE10,G45-S951_X_K,P_IUSE,PC_EMP,EA,54.08,NaN,61.09,NaN
A,GE10,G45-S951_X_K,P_IUSE,PC_EMP,EE,51.0,NaN,57.92,NaN
A,GE10,G45-S951_X_K,P_IUSE,PC_EMP,EL,39.23,NaN,45.85,NaN
A,GE10,G45-S951_X_K,P_IUSE,PC_EMP,ES,52.78,NaN,58.19,NaN
A,GE10,G45-S951_X_K,P_IUSE,PC_EMP,EU15,55.61,NaN,,NaN
A,GE10,G45-S951_X_K,P_IUSE,PC_EMP,EU25,,NaN,,NaN
A,GE10,G45-S951_X_K,P_IUSE,PC_EMP,EU27_2007,53.83,NaN,,NaN
A,GE10,G45-S951_X_K,P_IUSE,PC_EMP,EU27_2020,53.1,NaN,60.69,NaN
A,GE10,G45-S951_X_K,P_IUSE,PC_EMP,EU28,53.83,NaN,,NaN
A,GE10,G45-S951_X_K,P_IUSE,PC_EMP,FI,75.6,NaN,,u
A,GE10,G45-S951_X_K,P_IUSE,PC_EMP,FR,55.75,NaN,63.41,NaN
A,GE10,G45-S951_X_K,P_IUSE,PC_EMP,HR,53.7,NaN,60.83,NaN
A,GE10,G45-S951_X_K,P_IUSE,PC_EMP,HU,42.35,NaN,51.14,NaN
A,GE10,G45-S951_X_K,P_IUSE,PC_EMP,IE,51.13,NaN,59.95,NaN
A,GE10,G45-S951_X_K,P_IUSE,PC_EMP,IS,,NaN,100.0,NaN
A,GE10,G45-S951_X_K,P_IUSE,PC_EMP,IT,46.09,NaN,55.58,NaN
A,GE10,G45-S951_X_K,P_IUSE,PC_EMP,LT,48.09,NaN,64.1,NaN
A,GE10,G45-S951_X_K,P_IUSE,PC_EMP,LU,50.18,NaN,55.17,NaN
A,GE10,G45-S951_X_K,P_IUSE,PC_EMP,LV,48.62,NaN,50.46,NaN
A,GE10,G45-S951_X_K,P_IUSE,PC_EMP,ME,47.62,NaN,55.71,NaN
A,GE10,G45-S951_X_K,P_IUSE,PC_EMP,MK,41.36,NaN,51.62,NaN
A,GE10,G45-S951_X_K,P_IUSE,PC_EMP,MT,47.8,NaN,56.2,NaN
A,GE10,G45-S951_X_K,P_IUSE,PC_EMP,NL,65.83,NaN,74.2,NaN
A,GE10,G45-S951_X_K,P_IUSE,PC_EMP,NO,75.04,NaN,84.98,NaN
A,GE10,G45-S951_X_K,P_IUSE,PC_EMP,PL,48.28,NaN,60.27,NaN
A,GE10,G45-S951_X_K,P_IUSE,PC_EMP,PT,41.84,NaN,49.08,NaN
A,GE10,G45-S951_X_K,P_IUSE,PC_EMP,RO,37.0,NaN,44.66,NaN
A,GE10,G45-S951_X_K,P_IUSE,PC_EMP,RS,,NaN,62.79,NaN
A,GE10,G45-S951_X_K,P_IUSE,PC_EMP,SE,75.48,NaN,85.07,NaN
A,GE10,G45-S951_X_K,P_IUSE,PC_EMP,SI,62.15,NaN,64.55,NaN
A,GE10,G45-S951_X_K,P_IUSE,PC_EMP,SK,51.4,NaN,58.59,NaN
A,GE10,G45-S951_X_K,P_IUSE,PC_EMP,TR,28.98,NaN,,NaN
A,GE10,G45-S951_X_K,P_IUSE,PC_EMP,UK,56.72,NaN,62.86,NaN
A,GE10,G45-S951_X_K,P_IUSE,PC_EMP_CUSE,AT,,NaN,,NaN
A,GE10,G45-S951_X_K,P_IUSE,PC_EMP_CUSE,BA,,NaN,,NaN
A,GE10,G45-S951_X_K,P_IUSE,PC_EMP_CUSE,BE,87.97,NaN,,NaN
A,GE10,G45-S951_X_K,P_IUSE,PC_EMP_CUSE,BG,88.47,NaN,,NaN
A,GE10,G45-S951_X_K,P_IUSE,PC_EMP_CUSE,CY,82.26,NaN,,NaN
A,GE10,G45-S951_X_K,P_IUSE,PC_EMP_CUSE,CZ,88.17,NaN,,NaN
A,GE10,G45-S951_X_K,P_IUSE,PC_EMP_CUSE,DE,89.61,NaN,,NaN
A,GE10,G45-S951_X_K,P_IUSE,PC_EMP_CUSE,DK,,NaN,,NaN
A,GE10,G45-S951_X_K,P_IUSE,PC_EMP_CUSE,EA,89.37,NaN,,NaN
A,GE10,G45-S951_X_K,P_IUSE,PC_EMP_CUSE,EE,95.92,NaN,,NaN
A,GE10,G45-S951_X_K,P_IUSE,PC_EMP_CUSE,EL,87.37,NaN,,NaN
A,GE10,G45-S951_X_K,P_IUSE,PC_EMP_CUSE,ES,85.38,NaN,,NaN
A,GE10,G45-S951_X_K,P_IUSE,PC_EMP_CUSE,EU15,90.48,NaN,,NaN
A,GE10,G45-S951_X_K,P_IUSE,PC_EMP_CUSE,EU25,,NaN,,NaN
A,GE10,G45-S951_X_K,P_IUSE,PC_EMP_CUSE,EU27_2007,90.15,NaN,,NaN
A,GE10,G45-S951_X_K,P_IUSE,PC_EMP_CUSE,EU27_2020,89.11,NaN,,NaN
A,GE10,G45-S951_X_K,P_IUSE,PC_EMP_CUSE,EU28,90.12,NaN,,NaN
A,GE10,G45-S951_X_K,P_IUSE,PC_EMP_CUSE,FI,94.49,NaN,,NaN
A,GE10,G45-S951_X_K,P_IUSE,PC_EMP_CUSE,FR,,NaN,,NaN
A,GE10,G45-S951_X_K,P_IUSE,PC_EMP_CUSE,HR,86.71,NaN,,NaN
A,GE10,G45-S951_X_K,P_IUSE,PC_EMP_CUSE,HU,83.02,NaN,,NaN
A,GE10,G45-S951_X_K,P_IUSE,PC_EMP_CUSE,IE,90.08,NaN,,NaN
A,GE10,G45-S951_X_K,P_IUSE,PC_EMP_CUSE,IS,,NaN,,NaN
A,GE10,G45-S951_X_K,P_IUSE,PC_EMP_CUSE,IT,91.01,NaN,,NaN
A,GE10,G45-S951_X_K,P_IUSE,PC_EMP_CUSE,LT,91.93,NaN,,NaN
A,GE10,G45-S951_X_K,P_IUSE,PC_EMP_CUSE,LV,,NaN,,NaN
A,GE10,G45-S951_X_K,P_IUSE,PC_EMP_CUSE,ME,74.7,NaN,,NaN
A,GE10,G45-S951_X_K,P_IUSE,PC_EMP_CUSE,MK,81.77,NaN,,NaN
A,GE10,G45-S951_X_K,P_IUSE,PC_EMP_CUSE,MT,,NaN,,NaN
A,GE10,G45-S951_X_K,P_IUSE,PC_EMP_CUSE,NL,93.57,NaN,,NaN
A,GE10,G45-S951_X_K,P_IUSE,PC_EMP_CUSE,NO,94.32,NaN,,NaN
A,GE10,G45-S951_X_K,P_IUSE,PC_EMP_CUSE,PL,89.98,NaN,,NaN
A,GE10,G45-S951_X_K,P_IUSE,PC_EMP_CUSE,PT,85.57,NaN,,NaN
A,GE10,G45-S951_X_K,P_IUSE,PC_EMP_CUSE,RO,86.98,NaN,,NaN
A,GE10,G45-S951_X_K,P_IUSE,PC_EMP_CUSE,RS,,NaN,,NaN
A,GE10,G45-S951_X_K,P_IUSE,PC_EMP_CUSE,SE,,NaN,,NaN
A,GE10,G45-S951_X_K,P_IUSE,PC_EMP_CUSE,SI,94.88,NaN,,NaN
A,GE10,G45-S951_X_K,P_IUSE,PC_EMP_CUSE,SK,86.11,NaN,,NaN
A,GE10,G45-S951_X_K,P_IUSE,PC_EMP_CUSE,TR,,NaN,,NaN
A,GE10,G45-S951_X_K,P_IUSE,PC_EMP_CUSE,UK,93.09,NaN,,NaN
A,GE10,G45-S951_X_K,P_IUSE,PC_EMP_CUSE2,AT,,NaN,,NaN
A,GE10,G45-S951_X_K,P_IUSE,PC_EMP_CUSE2,BE,,NaN,,NaN
A,GE10,G45-S951_X_K,P_IUSE,PC_EMP_CUSE2,BG,,NaN,,NaN
A,GE10,G45-S951_X_K,P_IUSE,PC_EMP_CUSE2,CY,,NaN,,NaN
A,GE10,G45-S951_X_K,P_IUSE,PC_EMP_CUSE2,CZ,,NaN,,NaN
A,GE10,G45-S951_X_K,P_IUSE,PC_EMP_CUSE2,DE,,NaN,,NaN
A,GE10,G45-S951_X_K,P_IUSE,PC_EMP_CUSE2,DK,,NaN,,NaN
A,GE10,G45-S951_X_K,P_IUSE,PC_EMP_CUSE2,EA,,NaN,,NaN
A,GE10,G45-S951_X_K,P_IUSE,PC_EMP_CUSE2,EE,,NaN,,NaN
A,GE10,G45-S951_X_K,P_IUSE,PC_EMP_CUSE2,EL,,NaN,,NaN
A,GE10,G45-S951_X_K,P_IUSE,PC_EMP_CUSE2,ES,,NaN,,NaN
A,GE10,G45-S951_X_K,P_IUSE,PC_EMP_CUSE2,EU15,,NaN,,NaN
A,GE10,G45-S951_X_K,P_IUSE,PC_EMP_CUSE2,EU27_2007,,NaN,,NaN
A,GE10,G45-S951_X_K,P_IUSE,PC_EMP_CUSE2,EU27_2020,,NaN,,NaN
A,GE10,G45-S951_X_K,P_IUSE,PC_EMP_CUSE2,EU28,,NaN,,NaN
A,GE10,G45-S951_X_K,P_IUSE,PC_EMP_CUSE2,FI,,NaN,,NaN
A,GE10,G45-S951_X_K,P_IUSE,PC_EMP_CUSE2,FR,,NaN,,NaN
A,GE10,G45-S951_X_K,P_IUSE,PC_EMP_CUSE2,HR,,NaN,,NaN
A,GE10,G45-S951_X_K,P_IUSE,PC_EMP_CUSE2,HU,,NaN,,NaN
A,GE10,G45-S951_X_K,P_IUSE,PC_EMP_CUSE2,IE,,NaN,,NaN
A,GE10,G45-S951_X_K,P_IUSE,PC_EMP_CUSE2,IS,,NaN,,NaN
A,GE10,G45-S951_X_K,P_IUSE,PC_EMP_CUSE2,IT,,NaN,,NaN
A,GE10,G45-S951_X_K,P_IUSE,PC_EMP_CUSE2,LT,,NaN,,NaN
A,GE10,G45-S951_X_K,P_IUSE,PC_EMP_CUSE2,LU,,NaN,,NaN
A,GE10,G45-S951_X_K,P_IUSE,PC_EMP_CUSE2,LV,,NaN,,NaN
A,GE10,G45-S951_X_K,P_IUSE,PC_EMP_CUSE2,MK,,NaN,,NaN
A,GE10,G45-S951_X_K,P_IUSE,PC_EMP_CUSE2,MT,,NaN,,NaN
A,GE10,G45-S951_X_K,P_IUSE,PC_EMP_CUSE2,NL,,NaN,,NaN
A,GE10,G45-S951_X_K,P_IUSE,PC_EMP_CUSE2,NO,,NaN,,NaN
A,GE10,G45-S951_X_K,P_IUSE,PC_EMP_CUSE2,PL,,NaN,,NaN
A,GE10,G45-S951_X_K,P_IUSE,PC_EMP_CUSE2,PT,,NaN,,NaN
A,GE10,G45-S951_X_K,P_IUSE,PC_EMP_CUSE2,RO,,NaN,,NaN
A,GE10,G45-S951_X_K,P_IUSE,PC_EMP_CUSE2,RS,,NaN,,NaN
A,GE10,G45-S951_X_K,P_IUSE,PC_EMP_CUSE2,SE,,NaN,,NaN
A,GE10,G45-S951_X_K,P_IUSE,PC_EMP_CUSE2,SI,,NaN,,NaN
A,GE10,G45-S951_X_K,P_IUSE,PC_EMP_CUSE2,SK,,NaN,,NaN
A,GE10,G45-S951_X_K,P_IUSE,PC_EMP_CUSE2,TR,,NaN,,NaN
A,GE10,G45-S951_X_K,P_IUSE,PC_EMP_CUSE2,UK,,NaN,,NaN
A,GE10,G45-S951_X_K,P_IUSE,PC_EMP_IACC,AT,,NaN,,NaN
A,GE10,G45-S951_X_K,P_IUSE,PC_EMP_IACC,BE,,NaN,,NaN
A,GE10,G45-S951_X_K,P_IUSE,PC_EMP_IACC,BG,,NaN,,NaN
A,GE10,G45-S951_X_K,P_IUSE,PC_EMP_IACC,CY,,NaN,,NaN
A,GE10,G45-S951_X_K,P_IUSE,PC_EMP_IACC,CZ,,NaN,,NaN
A,GE10,G45-S951_X_K,P_IUSE,PC_EMP_IACC,DE,,NaN,,NaN
A,GE10,G45-S951_X_K,P_IUSE,PC_EMP_IACC,DK,,NaN,,NaN
A,GE10,G45-S951_X_K,P_IUSE,PC_EMP_IACC,EA,,NaN,,NaN
A,GE10,G45-S951_X_K,P_IUSE,PC_EMP_IACC,EE,,NaN,,NaN
A,GE10,G45-S951_X_K,P_IUSE,PC_EMP_IACC,EL,,NaN,,NaN
A,GE10,G45-S951_X_K,P_IUSE,PC_EMP_IACC,ES,,NaN,,NaN
A,GE10,G45-S951_X_K,P_IUSE,PC_EMP_IACC,EU15,,NaN,,NaN
A,GE10,G45-S951_X_K,P_IUSE,PC_EMP_IACC,EU27_2007,,NaN,,NaN
A,GE10,G45-S951_X_K,P_IUSE,PC_EMP_IACC,EU27_2020,,NaN,,NaN
A,GE10,G45-S951_X_K,P_IUSE,PC_EMP_IACC,EU28,,NaN,,NaN
A,GE10,G45-S951_X_K,P_IUSE,PC_EMP_IACC,FI,,NaN,,NaN
A,GE10,G45-S951_X_K,P_IUSE,PC_EMP_IACC,FR,,NaN,,NaN
A,GE10,G45-S951_X_K,P_IUSE,PC_EMP_IACC,HR,,NaN,,NaN
A,GE10,G45-S951_X_K,P_IUSE,PC_EMP_IACC,HU,,NaN,,NaN
A,GE10,G45-S951_X_K,P_IUSE,PC_EMP_IACC,IE,,NaN,,NaN
A,GE10,G45-S951_X_K,P_IUSE,PC_EMP_IACC,IS,,NaN,,NaN
A,GE10,G45-S951_X_K,P_IUSE,PC_EMP_IACC,IT,,NaN,,NaN
A,GE10,G45-S951_X_K,P_IUSE,PC_EMP_IACC,LT,,NaN,,NaN
A,GE10,G45-S951_X_K,P_IUSE,PC_EMP_IACC,LU,,NaN,,NaN
A,GE10,G45-S951_X_K,P_IUSE,PC_EMP_IACC,LV,,NaN,,NaN
A,GE10,G45-S951_X_K,P_IUSE,PC_EMP_IACC,MK,,NaN,,NaN
A,GE10,G45-S951_X_K,P_IUSE,PC_EMP_IACC,MT,,NaN,,NaN
A,GE10,G45-S951_X_K,P_IUSE,PC_EMP_IACC,NL,,NaN,,NaN
A,GE10,G45-S951_X_K,P_IUSE,PC_EMP_IACC,NO,,NaN,,NaN
A,GE10,G45-S951_X_K,P_IUSE,PC_EMP_IACC,PL,,NaN,,NaN
A,GE10,G45-S951_X_K,P_IUSE,PC_EMP_IACC,PT,,NaN,,NaN
A,GE10,G45-S951_X_K,P_IUSE,PC_EMP_IACC,RO,,NaN,,NaN
A,GE10,G45-S951_X_K,P_IUSE,PC_EMP_IACC,RS,,NaN,,NaN
A,GE10,G45-S951_X_K,P_IUSE,PC_EMP_IACC,SE,,NaN,,NaN
A,GE10,G45-S951_X_K,P_IUSE,PC_EMP_IACC,SI,,NaN,,NaN
A,GE10,G45-S951_X_K,P_IUSE,PC_EMP_IACC,SK,,NaN,,NaN
A,GE10,G45-S951_X_K,P_IUSE,PC_EMP_IACC,TR,,NaN,,NaN
A,GE10,G45-S951_X_K,P_IUSE,PC_EMP_IACC,UK,,NaN,,NaN
A,GE10,G46,P_CUSE,PC_EMP,AT,,NaN,,NaN
A,GE10,G46,P_CUSE,PC_EMP,BA,,NaN,,NaN
A,GE10,G46,P_CUSE,PC_EMP,BE,81.53,NaN,,NaN
A,GE10,G46,P_CUSE,PC_EMP,BG,42.68,NaN,,NaN
A,GE10,G46,P_CUSE,PC_EMP,CY,52.85,NaN,,NaN
A,GE10,G46,P_CUSE,PC_EMP,CZ,65.7,NaN,,NaN
A,GE10,G46,P_CUSE,PC_EMP,DE,77.06,NaN,,NaN
A,GE10,G46,P_CUSE,PC_EMP,DK,,NaN,,NaN
A,GE10,G46,P_CUSE,PC_EMP,EA,72.84,NaN,,NaN
A,GE10,G46,P_CUSE,PC_EMP,EE,69.51,NaN,,NaN
A,GE10,G46,P_CUSE,PC_EMP,EL,56.24,NaN,,NaN
A,GE10,G46,P_CUSE,PC_EMP,ES,66.65,NaN,,NaN
A,GE10,G46,P_CUSE,PC_EMP,EU15,73.29,NaN,,NaN
A,GE10,G46,P_CUSE,PC_EMP,EU25,,NaN,,NaN
A,GE10,G46,P_CUSE,PC_EMP,EU27_2007,70.08,NaN,,NaN
A,GE10,G46,P_CUSE,PC_EMP,EU27_2020,69.29,NaN,,NaN
A,GE10,G46,P_CUSE,PC_EMP,EU28,70.09,NaN,,NaN
A,GE10,G46,P_CUSE,PC_EMP,FI,91.34,NaN,,NaN
A,GE10,G46,P_CUSE,PC_EMP,FR,,NaN,,NaN
A,GE10,G46,P_CUSE,PC_EMP,HR,72.45,NaN,,NaN
A,GE10,G46,P_CUSE,PC_EMP,HU,65.8,NaN,,NaN
A,GE10,G46,P_CUSE,PC_EMP,IE,67.67,NaN,,NaN
A,GE10,G46,P_CUSE,PC_EMP,IS,,NaN,,NaN
A,GE10,G46,P_CUSE,PC_EMP,IT,,u,,NaN
A,GE10,G46,P_CUSE,PC_EMP,LT,67.76,NaN,,NaN
A,GE10,G46,P_CUSE,PC_EMP,LU,,NaN,,NaN
A,GE10,G46,P_CUSE,PC_EMP,LV,,NaN,,NaN
A,GE10,G46,P_CUSE,PC_EMP,ME,,u,,NaN
A,GE10,G46,P_CUSE,PC_EMP,MK,59.1,NaN,,NaN
A,GE10,G46,P_CUSE,PC_EMP,MT,,NaN,,NaN
A,GE10,G46,P_CUSE,PC_EMP,NL,76.68,NaN,,NaN
A,GE10,G46,P_CUSE,PC_EMP,NO,89.37,NaN,,NaN
A,GE10,G46,P_CUSE,PC_EMP,PL,62.29,NaN,,NaN
A,GE10,G46,P_CUSE,PC_EMP,PT,62.01,NaN,,NaN
A,GE10,G46,P_CUSE,PC_EMP,RO,46.82,NaN,,NaN
A,GE10,G46,P_CUSE,PC_EMP,RS,,NaN,,NaN
A,GE10,G46,P_CUSE,PC_EMP,SE,,NaN,,NaN
A,GE10,G46,P_CUSE,PC_EMP,SI,79.24,NaN,,NaN
A,GE10,G46,P_CUSE,PC_EMP,SK,67.4,NaN,,NaN
A,GE10,G46,P_CUSE,PC_EMP,TR,,NaN,,NaN
A,GE10,G46,P_CUSE,PC_EMP,UK,74.11,NaN,,NaN
A,GE10,G46,P_CUSE,PC_EMP_CUSE2,AT,,NaN,,NaN
A,GE10,G46,P_CUSE,PC_EMP_CUSE2,BE,,NaN,,NaN
A,GE10,G46,P_CUSE,PC_EMP_CUSE2,BG,,NaN,,NaN
A,GE10,G46,P_CUSE,PC_EMP_CUSE2,CY,,NaN,,NaN
A,GE10,G46,P_CUSE,PC_EMP_CUSE2,CZ,,NaN,,NaN
A,GE10,G46,P_CUSE,PC_EMP_CUSE2,DE,,NaN,,NaN
A,GE10,G46,P_CUSE,PC_EMP_CUSE2,DK,,NaN,,NaN
A,GE10,G46,P_CUSE,PC_EMP_CUSE2,EA,,NaN,,NaN
A,GE10,G46,P_CUSE,PC_EMP_CUSE2,EE,,NaN,,NaN
A,GE10,G46,P_CUSE,PC_EMP_CUSE2,EL,,NaN,,NaN
A,GE10,G46,P_CUSE,PC_EMP_CUSE2,ES,,NaN,,NaN
A,GE10,G46,P_CUSE,PC_EMP_CUSE2,EU15,,NaN,,NaN
A,GE10,G46,P_CUSE,PC_EMP_CUSE2,EU27_2007,,NaN,,NaN
A,GE10,G46,P_CUSE,PC_EMP_CUSE2,EU27_2020,,NaN,,NaN
A,GE10,G46,P_CUSE,PC_EMP_CUSE2,EU28,,NaN,,NaN
A,GE10,G46,P_CUSE,PC_EMP_CUSE2,FI,,NaN,,NaN
A,GE10,G46,P_CUSE,PC_EMP_CUSE2,FR,,NaN,,NaN
A,GE10,G46,P_CUSE,PC_EMP_CUSE2,HR,,NaN,,NaN
A,GE10,G46,P_CUSE,PC_EMP_CUSE2,HU,,NaN,,NaN
A,GE10,G46,P_CUSE,PC_EMP_CUSE2,IE,,NaN,,NaN
A,GE10,G46,P_CUSE,PC_EMP_CUSE2,IT,,NaN,,NaN
A,GE10,G46,P_CUSE,PC_EMP_CUSE2,LT,,NaN,,NaN
A,GE10,G46,P_CUSE,PC_EMP_CUSE2,MK,,NaN,,NaN
A,GE10,G46,P_CUSE,PC_EMP_CUSE2,MT,,NaN,,NaN
A,GE10,G46,P_CUSE,PC_EMP_CUSE2,NL,,NaN,,NaN
A,GE10,G46,P_CUSE,PC_EMP_CUSE2,NO,,NaN,,NaN
A,GE10,G46,P_CUSE,PC_EMP_CUSE2,PL,,NaN,,NaN
A,GE10,G46,P_CUSE,PC_EMP_CUSE2,PT,,NaN,,NaN
A,GE10,G46,P_CUSE,PC_EMP_CUSE2,RO,,NaN,,NaN
A,GE10,G46,P_CUSE,PC_EMP_CUSE2,RS,,NaN,,NaN
A,GE10,G46,P_CUSE,PC_EMP_CUSE2,SI,,NaN,,NaN
A,GE10,G46,P_CUSE,PC_EMP_CUSE2,SK,,NaN,,NaN
A,GE10,G46,P_CUSE,PC_EMP_CUSE2,UK,,NaN,,NaN
A,GE10,G46,P_IUSE,PC_EMP,AT,69.18,NaN,78.28,NaN
A,GE10,G46,P_IUSE,PC_EMP,BA,,NaN,55.82,NaN
A,GE10,G46,P_IUSE,PC_EMP,BE,74.26,NaN,79.57,NaN
A,GE10,G46,P_IUSE,PC_EMP,BG,37.85,NaN,49.36,NaN
A,GE10,G46,P_IUSE,PC_EMP,CY,44.69,NaN,60.82,NaN
A,GE10,G46,P_IUSE,PC_EMP,CZ,62.3,NaN,72.01,NaN
A,GE10,G46,P_IUSE,PC_EMP,DE,71.26,NaN,70.95,NaN
A,GE10,G46,P_IUSE,PC_EMP,DK,85.04,NaN,86.65,NaN
A,GE10,G46,P_IUSE,PC_EMP,EA,67.73,NaN,72.46,NaN
A,GE10,G46,P_IUSE,PC_EMP,EE,67.57,NaN,73.19,NaN
A,GE10,G46,P_IUSE,PC_EMP,EL,49.41,NaN,64.45,NaN
A,GE10,G46,P_IUSE,PC_EMP,ES,60.63,NaN,65.69,NaN
A,GE10,G46,P_IUSE,PC_EMP,EU15,68.86,NaN,,NaN
A,GE10,G46,P_IUSE,PC_EMP,EU25,,NaN,,NaN
A,GE10,G46,P_IUSE,PC_EMP,EU27_2007,66.07,NaN,,NaN
A,GE10,G46,P_IUSE,PC_EMP,EU27_2020,65.63,NaN,71.41,NaN
A,GE10,G46,P_IUSE,PC_EMP,EU28,66.09,NaN,,NaN
A,GE10,G46,P_IUSE,PC_EMP,FI,87.22,NaN,,u
A,GE10,G46,P_IUSE,PC_EMP,FR,70.58,NaN,77.25,NaN
A,GE10,G46,P_IUSE,PC_EMP,HR,69.77,NaN,77.46,NaN
A,GE10,G46,P_IUSE,PC_EMP,HU,59.32,NaN,60.11,NaN
A,GE10,G46,P_IUSE,PC_EMP,IE,65.58,NaN,79.01,NaN
A,GE10,G46,P_IUSE,PC_EMP,IS,,NaN,100.0,NaN
A,GE10,G46,P_IUSE,PC_EMP,IT,,u,,u
A,GE10,G46,P_IUSE,PC_EMP,LT,65.31,NaN,76.34,NaN
A,GE10,G46,P_IUSE,PC_EMP,LU,,u,,u
A,GE10,G46,P_IUSE,PC_EMP,LV,65.49,NaN,65.15,NaN
A,GE10,G46,P_IUSE,PC_EMP,ME,,u,65.36,NaN
A,GE10,G46,P_IUSE,PC_EMP,MK,55.17,NaN,58.46,NaN
A,GE10,G46,P_IUSE,PC_EMP,MT,57.81,NaN,69.09,NaN
A,GE10,G46,P_IUSE,PC_EMP,NL,70.79,NaN,73.7,NaN
A,GE10,G46,P_IUSE,PC_EMP,NO,85.57,NaN,93.41,NaN
A,GE10,G46,P_IUSE,PC_EMP,PL,57.01,NaN,68.78,NaN
A,GE10,G46,P_IUSE,PC_EMP,PT,58.58,NaN,64.87,NaN
A,GE10,G46,P_IUSE,PC_EMP,RO,39.78,NaN,47.68,NaN
A,GE10,G46,P_IUSE,PC_EMP,RS,,NaN,55.53,NaN
A,GE10,G46,P_IUSE,PC_EMP,SE,85.4,NaN,95.41,NaN
A,GE10,G46,P_IUSE,PC_EMP,SI,76.18,NaN,80.75,NaN
A,GE10,G46,P_IUSE,PC_EMP,SK,61.57,NaN,75.09,NaN
A,GE10,G46,P_IUSE,PC_EMP,TR,39.86,NaN,,NaN
A,GE10,G46,P_IUSE,PC_EMP,UK,69.07,NaN,72.33,NaN
A,GE10,G46,P_IUSE,PC_EMP_CUSE,AT,,NaN,,NaN
A,GE10,G46,P_IUSE,PC_EMP_CUSE,BA,,NaN,,NaN
A,GE10,G46,P_IUSE,PC_EMP_CUSE,BE,91.08,NaN,,NaN
A,GE10,G46,P_IUSE,PC_EMP_CUSE,BG,88.67,NaN,,NaN
A,GE10,G46,P_IUSE,PC_EMP_CUSE,CY,84.58,NaN,,NaN
A,GE10,G46,P_IUSE,PC_EMP_CUSE,CZ,94.83,NaN,,NaN
A,GE10,G46,P_IUSE,PC_EMP_CUSE,DE,92.48,NaN,,NaN
A,GE10,G46,P_IUSE,PC_EMP_CUSE,DK,,NaN,,NaN
A,GE10,G46,P_IUSE,PC_EMP_CUSE,EA,92.05,NaN,,NaN
A,GE10,G46,P_IUSE,PC_EMP_CUSE,EE,97.22,NaN,,NaN
A,GE10,G46,P_IUSE,PC_EMP_CUSE,EL,87.86,NaN,,NaN
A,GE10,G46,P_IUSE,PC_EMP_CUSE,ES,90.97,NaN,,NaN
A,GE10,G46,P_IUSE,PC_EMP_CUSE,EU15,92.24,NaN,,NaN
A,GE10,G46,P_IUSE,PC_EMP_CUSE,EU25,,NaN,,NaN
A,GE10,G46,P_IUSE,PC_EMP_CUSE,EU27_2007,92.02,NaN,,NaN
A,GE10,G46,P_IUSE,PC_EMP_CUSE,EU27_2020,91.8,NaN,,NaN
A,GE10,G46,P_IUSE,PC_EMP_CUSE,EU28,92.05,NaN,,NaN
A,GE10,G46,P_IUSE,PC_EMP_CUSE,FI,95.49,NaN,,NaN
A,GE10,G46,P_IUSE,PC_EMP_CUSE,FR,,NaN,,NaN
A,GE10,G46,P_IUSE,PC_EMP_CUSE,HR,96.3,NaN,,NaN
A,GE10,G46,P_IUSE,PC_EMP_CUSE,HU,90.15,NaN,,NaN
A,GE10,G46,P_IUSE,PC_EMP_CUSE,IE,96.91,NaN,,NaN
A,GE10,G46,P_IUSE,PC_EMP_CUSE,IS,,NaN,,NaN
A,GE10,G46,P_IUSE,PC_EMP_CUSE,IT,,u,,NaN
A,GE10,G46,P_IUSE,PC_EMP_CUSE,LT,96.38,NaN,,NaN
A,GE10,G46,P_IUSE,PC_EMP_CUSE,LU,,NaN,,NaN
A,GE10,G46,P_IUSE,PC_EMP_CUSE,LV,,NaN,,NaN
A,GE10,G46,P_IUSE,PC_EMP_CUSE,ME,,u,,NaN
A,GE10,G46,P_IUSE,PC_EMP_CUSE,MK,93.34,NaN,,NaN
A,GE10,G46,P_IUSE,PC_EMP_CUSE,MT,,NaN,,NaN
A,GE10,G46,P_IUSE,PC_EMP_CUSE,NL,92.32,NaN,,NaN
A,GE10,G46,P_IUSE,PC_EMP_CUSE,NO,95.75,NaN,,NaN
A,GE10,G46,P_IUSE,PC_EMP_CUSE,PL,91.53,NaN,,NaN
A,GE10,G46,P_IUSE,PC_EMP_CUSE,PT,94.46,NaN,,NaN
A,GE10,G46,P_IUSE,PC_EMP_CUSE,RO,84.96,NaN,,NaN
A,GE10,G46,P_IUSE,PC_EMP_CUSE,RS,,NaN,,NaN
A,GE10,G46,P_IUSE,PC_EMP_CUSE,SE,,NaN,,NaN
A,GE10,G46,P_IUSE,PC_EMP_CUSE,SI,96.13,NaN,,NaN
A,GE10,G46,P_IUSE,PC_EMP_CUSE,SK,91.35,NaN,,NaN
A,GE10,G46,P_IUSE,PC_EMP_CUSE,TR,,NaN,,NaN
A,GE10,G46,P_IUSE,PC_EMP_CUSE,UK,93.2,NaN,,NaN
A,GE10,G46,P_IUSE,PC_EMP_CUSE2,AT,,NaN,,NaN
A,GE10,G46,P_IUSE,PC_EMP_CUSE2,BE,,NaN,,NaN
A,GE10,G46,P_IUSE,PC_EMP_CUSE2,BG,,NaN,,NaN
A,GE10,G46,P_IUSE,PC_EMP_CUSE2,CY,,NaN,,NaN
A,GE10,G46,P_IUSE,PC_EMP_CUSE2,CZ,,NaN,,NaN
A,GE10,G46,P_IUSE,PC_EMP_CUSE2,DE,,NaN,,NaN
A,GE10,G46,P_IUSE,PC_EMP_CUSE2,DK,,NaN,,NaN
A,GE10,G46,P_IUSE,PC_EMP_CUSE2,EA,,NaN,,NaN
A,GE10,G46,P_IUSE,PC_EMP_CUSE2,EE,,NaN,,NaN
A,GE10,G46,P_IUSE,PC_EMP_CUSE2,EL,,NaN,,NaN
A,GE10,G46,P_IUSE,PC_EMP_CUSE2,ES,,NaN,,NaN
A,GE10,G46,P_IUSE,PC_EMP_CUSE2,EU15,,NaN,,NaN
A,GE10,G46,P_IUSE,PC_EMP_CUSE2,EU27_2007,,NaN,,NaN
A,GE10,G46,P_IUSE,PC_EMP_CUSE2,EU27_2020,,NaN,,NaN
A,GE10,G46,P_IUSE,PC_EMP_CUSE2,EU28,,NaN,,NaN
A,GE10,G46,P_IUSE,PC_EMP_CUSE2,FI,,NaN,,NaN
A,GE10,G46,P_IUSE,PC_EMP_CUSE2,FR,,NaN,,NaN
A,GE10,G46,P_IUSE,PC_EMP_CUSE2,HR,,NaN,,NaN
A,GE10,G46,P_IUSE,PC_EMP_CUSE2,HU,,NaN,,NaN
A,GE10,G46,P_IUSE,PC_EMP_CUSE2,IE,,NaN,,NaN
A,GE10,G46,P_IUSE,PC_EMP_CUSE2,IS,,NaN,,NaN
A,GE10,G46,P_IUSE,PC_EMP_CUSE2,IT,,NaN,,NaN
A,GE10,G46,P_IUSE,PC_EMP_CUSE2,LT,,NaN,,NaN
A,GE10,G46,P_IUSE,PC_EMP_CUSE2,LU,,NaN,,NaN
A,GE10,G46,P_IUSE,PC_EMP_CUSE2,LV,,NaN,,NaN
A,GE10,G46,P_IUSE,PC_EMP_CUSE2,MK,,NaN,,NaN
A,GE10,G46,P_IUSE,PC_EMP_CUSE2,MT,,NaN,,NaN
A,GE10,G46,P_IUSE,PC_EMP_CUSE2,NL,,NaN,,NaN
A,GE10,G46,P_IUSE,PC_EMP_CUSE2,NO,,NaN,,NaN
A,GE10,G46,P_IUSE,PC_EMP_CUSE2,PL,,NaN,,NaN
A,GE10,G46,P_IUSE,PC_EMP_CUSE2,PT,,NaN,,NaN
A,GE10,G46,P_IUSE,PC_EMP_CUSE2,RO,,NaN,,NaN
A,GE10,G46,P_IUSE,PC_EMP_CUSE2,RS,,NaN,,NaN
A,GE10,G46,P_IUSE,PC_EMP_CUSE2,SE,,NaN,,NaN
A,GE10,G46,P_IUSE,PC_EMP_CUSE2,SI,,NaN,,NaN
A,GE10,G46,P_IUSE,PC_EMP_CUSE2,SK,,NaN,,NaN
A,GE10,G46,P_IUSE,PC_EMP_CUSE2,TR,,NaN,,NaN
A,GE10,G46,P_IUSE,PC_EMP_CUSE2,UK,,NaN,,NaN
A,GE10,G46,P_IUSE,PC_EMP_IACC,AT,,NaN,,NaN
A,GE10,G46,P_IUSE,PC_EMP_IACC,BE,,NaN,,NaN
A,GE10,G46,P_IUSE,PC_EMP_IACC,BG,,NaN,,NaN
A,GE10,G46,P_IUSE,PC_EMP_IACC,CY,,NaN,,NaN
A,GE10,G46,P_IUSE,PC_EMP_IACC,CZ,,NaN,,NaN
A,GE10,G46,P_IUSE,PC_EMP_IACC,DE,,NaN,,NaN
A,GE10,G46,P_IUSE,PC_EMP_IACC,DK,,NaN,,NaN
A,GE10,G46,P_IUSE,PC_EMP_IACC,EA,,NaN,,NaN
A,GE10,G46,P_IUSE,PC_EMP_IACC,EE,,NaN,,NaN
A,GE10,G46,P_IUSE,PC_EMP_IACC,EL,,NaN,,NaN
A,GE10,G46,P_IUSE,PC_EMP_IACC,ES,,NaN,,NaN
A,GE10,G46,P_IUSE,PC_EMP_IACC,EU15,,NaN,,NaN
A,GE10,G46,P_IUSE,PC_EMP_IACC,EU27_2007,,NaN,,NaN
A,GE10,G46,P_IUSE,PC_EMP_IACC,EU27_2020,,NaN,,NaN
A,GE10,G46,P_IUSE,PC_EMP_IACC,EU28,,NaN,,NaN
A,GE10,G46,P_IUSE,PC_EMP_IACC,FI,,NaN,,NaN
A,GE10,G46,P_IUSE,PC_EMP_IACC,FR,,NaN,,NaN
A,GE10,G46,P_IUSE,PC_EMP_IACC,HR,,NaN,,NaN
A,GE10,G46,P_IUSE,PC_EMP_IACC,HU,,NaN,,NaN
A,GE10,G46,P_IUSE,PC_EMP_IACC,IE,,NaN,,NaN
A,GE10,G46,P_IUSE,PC_EMP_IACC,IS,,NaN,,NaN
A,GE10,G46,P_IUSE,PC_EMP_IACC,IT,,NaN,,NaN
A,GE10,G46,P_IUSE,PC_EMP_IACC,LT,,NaN,,NaN
A,GE10,G46,P_IUSE,PC_EMP_IACC,LU,,NaN,,NaN
A,GE10,G46,P_IUSE,PC_EMP_IACC,LV,,NaN,,NaN
A,GE10,G46,P_IUSE,PC_EMP_IACC,MK,,NaN,,NaN
A,GE10,G46,P_IUSE,PC_EMP_IACC,MT,,NaN,,NaN
A,GE10,G46,P_IUSE,PC_EMP_IACC,NL,,NaN,,NaN
A,GE10,G46,P_IUSE,PC_EMP_IACC,NO,,NaN,,NaN
A,GE10,G46,P_IUSE,PC_EMP_IACC,PL,,NaN,,NaN
A,GE10,G46,P_IUSE,PC_EMP_IACC,PT,,NaN,,NaN
A,GE10,G46,P_IUSE,PC_EMP_IACC,RO,,NaN,,NaN
A,GE10,G46,P_IUSE,PC_EMP_IACC,RS,,NaN,,NaN
A,GE10,G46,P_IUSE,PC_EMP_IACC,SE,,NaN,,NaN
A,GE10,G46,P_IUSE,PC_EMP_IACC,SI,,NaN,,NaN
A,GE10,G46,P_IUSE,PC_EMP_IACC,SK,,NaN,,NaN
A,GE10,G46,P_IUSE,PC_EMP_IACC,TR,,NaN,,NaN
A,GE10,G46,P_IUSE,PC_EMP_IACC,UK,,NaN,,NaN
A,GE10,G47,P_CUSE,PC_EMP,AT,,NaN,,NaN
A,GE10,G47,P_CUSE,PC_EMP,BA,,NaN,,NaN
A,GE10,G47,P_CUSE,PC_EMP,BE,55.79,NaN,,NaN
A,GE10,G47,P_CUSE,PC_EMP,BG,40.65,NaN,,NaN
A,GE10,G47,P_CUSE,PC_EMP,CY,41.6,NaN,,NaN
A,GE10,G47,P_CUSE,PC_EMP,CZ,47.71,NaN,,NaN
A,GE10,G47,P_CUSE,PC_EMP,DE,58.2,NaN,,NaN
A,GE10,G47,P_CUSE,PC_EMP,DK,,NaN,,NaN
A,GE10,G47,P_CUSE,PC_EMP,EA,56.97,NaN,,NaN
A,GE10,G47,P_CUSE,PC_EMP,EE,61.18,NaN,,NaN
A,GE10,G47,P_CUSE,PC_EMP,EL,24.25,NaN,,NaN
A,GE10,G47,P_CUSE,PC_EMP,ES,71.12,NaN,,NaN
A,GE10,G47,P_CUSE,PC_EMP,EU15,53.62,NaN,,NaN
A,GE10,G47,P_CUSE,PC_EMP,EU25,,NaN,,NaN
A,GE10,G47,P_CUSE,PC_EMP,EU27_2007,52.4,NaN,,NaN
A,GE10,G47,P_CUSE,PC_EMP,EU27_2020,54.53,NaN,,NaN
A,GE10,G47,P_CUSE,PC_EMP,EU28,52.54,NaN,,NaN
A,GE10,G47,P_CUSE,PC_EMP,FI,88.81,NaN,,NaN
A,GE10,G47,P_CUSE,PC_EMP,FR,,NaN,,NaN
A,GE10,G47,P_CUSE,PC_EMP,HR,65.97,NaN,,NaN
A,GE10,G47,P_CUSE,PC_EMP,HU,50.1,NaN,,NaN
A,GE10,G47,P_CUSE,PC_EMP,IE,49.55,NaN,,NaN
A,GE10,G47,P_CUSE,PC_EMP,IS,,NaN,,NaN
A,GE10,G47,P_CUSE,PC_EMP,IT,46.3,NaN,,NaN
A,GE10,G47,P_CUSE,PC_EMP,LT,49.63,NaN,,NaN
A,GE10,G47,P_CUSE,PC_EMP,LU,,NaN,,NaN
A,GE10,G47,P_CUSE,PC_EMP,LV,,NaN,,NaN
A,GE10,G47,P_CUSE,PC_EMP,ME,46.17,NaN,,NaN
A,GE10,G47,P_CUSE,PC_EMP,MK,59.6,NaN,,NaN
A,GE10,G47,P_CUSE,PC_EMP,MT,,NaN,,NaN
A,GE10,G47,P_CUSE,PC_EMP,NL,45.25,NaN,,NaN
A,GE10,G47,P_CUSE,PC_EMP,NO,79.07,NaN,,NaN
A,GE10,G47,P_CUSE,PC_EMP,PL,48.75,NaN,,NaN
A,GE10,G47,P_CUSE,PC_EMP,PT,55.25,NaN,,NaN
A,GE10,G47,P_CUSE,PC_EMP,RO,38.76,NaN,,NaN
A,GE10,G47,P_CUSE,PC_EMP,RS,,NaN,,NaN
A,GE10,G47,P_CUSE,PC_EMP,SE,,NaN,,NaN
A,GE10,G47,P_CUSE,PC_EMP,SI,66.53,NaN,,NaN
A,GE10,G47,P_CUSE,PC_EMP,SK,60.38,NaN,,NaN
A,GE10,G47,P_CUSE,PC_EMP,TR,,NaN,,NaN
A,GE10,G47,P_CUSE,PC_EMP,UK,47.33,NaN,,NaN
A,GE10,G47,P_CUSE,PC_EMP_CUSE2,AT,,NaN,,NaN
A,GE10,G47,P_CUSE,PC_EMP_CUSE2,BE,,NaN,,NaN
A,GE10,G47,P_CUSE,PC_EMP_CUSE2,BG,,NaN,,NaN
A,GE10,G47,P_CUSE,PC_EMP_CUSE2,CY,,NaN,,NaN
A,GE10,G47,P_CUSE,PC_EMP_CUSE2,CZ,,NaN,,NaN
A,GE10,G47,P_CUSE,PC_EMP_CUSE2,DE,,NaN,,NaN
A,GE10,G47,P_CUSE,PC_EMP_CUSE2,DK,,NaN,,NaN
A,GE10,G47,P_CUSE,PC_EMP_CUSE2,EA,,NaN,,NaN
A,GE10,G47,P_CUSE,PC_EMP_CUSE2,EE,,NaN,,NaN
A,GE10,G47,P_CUSE,PC_EMP_CUSE2,EL,,NaN,,NaN
A,GE10,G47,P_CUSE,PC_EMP_CUSE2,ES,,NaN,,NaN
A,GE10,G47,P_CUSE,PC_EMP_CUSE2,EU15,,NaN,,NaN
A,GE10,G47,P_CUSE,PC_EMP_CUSE2,EU27_2007,,NaN,,NaN
A,GE10,G47,P_CUSE,PC_EMP_CUSE2,EU27_2020,,NaN,,NaN
A,GE10,G47,P_CUSE,PC_EMP_CUSE2,EU28,,NaN,,NaN
A,GE10,G47,P_CUSE,PC_EMP_CUSE2,FI,,NaN,,NaN
A,GE10,G47,P_CUSE,PC_EMP_CUSE2,FR,,NaN,,NaN
A,GE10,G47,P_CUSE,PC_EMP_CUSE2,HR,,NaN,,NaN
A,GE10,G47,P_CUSE,PC_EMP_CUSE2,HU,,NaN,,NaN
A,GE10,G47,P_CUSE,PC_EMP_CUSE2,IE,,NaN,,NaN
A,GE10,G47,P_CUSE,PC_EMP_CUSE2,IT,,NaN,,NaN
A,GE10,G47,P_CUSE,PC_EMP_CUSE2,LT,,NaN,,NaN
A,GE10,G47,P_CUSE,PC_EMP_CUSE2,MK,,NaN,,NaN
A,GE10,G47,P_CUSE,PC_EMP_CUSE2,MT,,NaN,,NaN
A,GE10,G47,P_CUSE,PC_EMP_CUSE2,NL,,NaN,,NaN
A,GE10,G47,P_CUSE,PC_EMP_CUSE2,NO,,NaN,,NaN
A,GE10,G47,P_CUSE,PC_EMP_CUSE2,PL,,NaN,,NaN
A,GE10,G47,P_CUSE,PC_EMP_CUSE2,PT,,NaN,,NaN
A,GE10,G47,P_CUSE,PC_EMP_CUSE2,RO,,NaN,,NaN
A,GE10,G47,P_CUSE,PC_EMP_CUSE2,RS,,NaN,,NaN
A,GE10,G47,P_CUSE,PC_EMP_CUSE2,SI,,NaN,,NaN
A,GE10,G47,P_CUSE,PC_EMP_CUSE2,SK,,NaN,,NaN
A,GE10,G47,P_CUSE,PC_EMP_CUSE2,UK,,NaN,,NaN
A,GE10,G47,P_IUSE,PC_EMP,AT,,u,,u
A,GE10,G47,P_IUSE,PC_EMP,BA,,NaN,43.64,NaN
A,GE10,G47,P_IUSE,PC_EMP,BE,42.04,NaN,53.17,NaN
A,GE10,G47,P_IUSE,PC_EMP,BG,29.64,NaN,35.28,NaN
A,GE10,G47,P_IUSE,PC_EMP,CY,24.65,NaN,32.54,NaN
A,GE10,G47,P_IUSE,PC_EMP,CZ,33.77,NaN,42.52,NaN
A,GE10,G47,P_IUSE,PC_EMP,DE,42.95,NaN,49.17,NaN
A,GE10,G47,P_IUSE,PC_EMP,DK,73.04,NaN,74.13,NaN
A,GE10,G47,P_IUSE,PC_EMP,EA,42.77,NaN,52.12,NaN
A,GE10,G47,P_IUSE,PC_EMP,EE,56.01,NaN,58.59,NaN
A,GE10,G47,P_IUSE,PC_EMP,EL,17.71,NaN,33.46,NaN
A,GE10,G47,P_IUSE,PC_EMP,ES,46.26,NaN,50.91,NaN
A,GE10,G47,P_IUSE,PC_EMP,EU15,42.48,NaN,,NaN
A,GE10,G47,P_IUSE,PC_EMP,EU25,,NaN,,NaN
A,GE10,G47,P_IUSE,PC_EMP,EU27_2007,41.36,NaN,,NaN
A,GE10,G47,P_IUSE,PC_EMP,EU27_2020,42.31,NaN,51.93,NaN
A,GE10,G47,P_IUSE,PC_EMP,EU28,41.4,NaN,,NaN
A,GE10,G47,P_IUSE,PC_EMP,FI,79.52,NaN,80.79,NaN
A,GE10,G47,P_IUSE,PC_EMP,FR,42.79,NaN,53.89,NaN
A,GE10,G47,P_IUSE,PC_EMP,HR,45.28,NaN,50.12,NaN
A,GE10,G47,P_IUSE,PC_EMP,HU,29.52,NaN,42.59,NaN
A,GE10,G47,P_IUSE,PC_EMP,IE,40.52,NaN,43.81,NaN
A,GE10,G47,P_IUSE,PC_EMP,IS,,NaN,,NaN
A,GE10,G47,P_IUSE,PC_EMP,IT,38.0,NaN,58.0,NaN
A,GE10,G47,P_IUSE,PC_EMP,LT,38.78,NaN,51.24,NaN
A,GE10,G47,P_IUSE,PC_EMP,LU,,u,43.19,NaN
A,GE10,G47,P_IUSE,PC_EMP,LV,50.3,NaN,39.88,NaN
A,GE10,G47,P_IUSE,PC_EMP,ME,,u,38.83,NaN
A,GE10,G47,P_IUSE,PC_EMP,MK,39.89,NaN,48.33,NaN
A,GE10,G47,P_IUSE,PC_EMP,MT,40.57,NaN,53.31,NaN
A,GE10,G47,P_IUSE,PC_EMP,NL,36.5,NaN,48.8,NaN
A,GE10,G47,P_IUSE,PC_EMP,NO,66.38,NaN,83.58,NaN
A,GE10,G47,P_IUSE,PC_EMP,PL,35.66,NaN,51.84,NaN
A,GE10,G47,P_IUSE,PC_EMP,PT,35.16,NaN,54.52,NaN
A,GE10,G47,P_IUSE,PC_EMP,RO,32.35,NaN,41.7,NaN
A,GE10,G47,P_IUSE,PC_EMP,RS,,NaN,54.98,NaN
A,GE10,G47,P_IUSE,PC_EMP,SE,80.67,NaN,82.2,NaN
A,GE10,G47,P_IUSE,PC_EMP,SI,59.11,NaN,62.67,NaN
A,GE10,G47,P_IUSE,PC_EMP,SK,47.71,NaN,55.93,NaN
A,GE10,G47,P_IUSE,PC_EMP,TR,25.27,NaN,,NaN
A,GE10,G47,P_IUSE,PC_EMP,UK,38.34,NaN,,u
A,GE10,G47,P_IUSE,PC_EMP_CUSE,AT,,NaN,,NaN
A,GE10,G47,P_IUSE,PC_EMP_CUSE,BA,,NaN,,NaN
A,GE10,G47,P_IUSE,PC_EMP_CUSE,BE,75.35,NaN,,NaN
A,GE10,G47,P_IUSE,PC_EMP_CUSE,BG,72.92,NaN,,NaN
A,GE10,G47,P_IUSE,PC_EMP_CUSE,CY,59.25,NaN,,NaN
A,GE10,G47,P_IUSE,PC_EMP_CUSE,CZ,70.77,NaN,,NaN
A,GE10,G47,P_IUSE,PC_EMP_CUSE,DE,73.8,NaN,,NaN
A,GE10,G47,P_IUSE,PC_EMP_CUSE,DK,,NaN,,NaN
A,GE10,G47,P_IUSE,PC_EMP_CUSE,EA,74.28,NaN,,NaN
A,GE10,G47,P_IUSE,PC_EMP_CUSE,EE,91.55,NaN,,NaN
A,GE10,G47,P_IUSE,PC_EMP_CUSE,EL,73.06,NaN,,NaN
A,GE10,G47,P_IUSE,PC_EMP_CUSE,ES,65.05,NaN,,NaN
A,GE10,G47,P_IUSE,PC_EMP_CUSE,EU15,76.07,NaN,,NaN
A,GE10,G47,P_IUSE,PC_EMP_CUSE,EU25,,NaN,,NaN
A,GE10,G47,P_IUSE,PC_EMP_CUSE,EU27_2007,75.81,NaN,,NaN
A,GE10,G47,P_IUSE,PC_EMP_CUSE,EU27_2020,73.96,NaN,,NaN
A,GE10,G47,P_IUSE,PC_EMP_CUSE,EU28,75.72,NaN,,NaN
A,GE10,G47,P_IUSE,PC_EMP_CUSE,FI,89.54,NaN,,NaN
A,GE10,G47,P_IUSE,PC_EMP_CUSE,FR,,NaN,,NaN
A,GE10,G47,P_IUSE,PC_EMP_CUSE,HR,68.64,NaN,,NaN
A,GE10,G47,P_IUSE,PC_EMP_CUSE,HU,58.92,NaN,,NaN
A,GE10,G47,P_IUSE,PC_EMP_CUSE,IE,81.78,NaN,,NaN
A,GE10,G47,P_IUSE,PC_EMP_CUSE,IS,,NaN,,NaN
A,GE10,G47,P_IUSE,PC_EMP_CUSE,IT,82.08,NaN,,NaN
A,GE10,G47,P_IUSE,PC_EMP_CUSE,LT,78.13,NaN,,NaN
A,GE10,G47,P_IUSE,PC_EMP_CUSE,LU,,NaN,,NaN
A,GE10,G47,P_IUSE,PC_EMP_CUSE,LV,,NaN,,NaN
A,GE10,G47,P_IUSE,PC_EMP_CUSE,ME,,u,,NaN
A,GE10,G47,P_IUSE,PC_EMP_CUSE,MK,66.93,NaN,,NaN
A,GE10,G47,P_IUSE,PC_EMP_CUSE,MT,,NaN,,NaN
A,GE10,G47,P_IUSE,PC_EMP_CUSE,NL,80.67,NaN,,NaN
A,GE10,G47,P_IUSE,PC_EMP_CUSE,NO,83.94,NaN,,NaN
A,GE10,G47,P_IUSE,PC_EMP_CUSE,PL,73.16,NaN,,NaN
A,GE10,G47,P_IUSE,PC_EMP_CUSE,PT,63.64,NaN,,NaN
A,GE10,G47,P_IUSE,PC_EMP_CUSE,RO,83.46,NaN,,NaN
A,GE10,G47,P_IUSE,PC_EMP_CUSE,RS,,NaN,,NaN
A,GE10,G47,P_IUSE,PC_EMP_CUSE,SE,,NaN,,NaN
A,GE10,G47,P_IUSE,PC_EMP_CUSE,SI,88.85,NaN,,NaN
A,GE10,G47,P_IUSE,PC_EMP_CUSE,SK,79.02,NaN,,NaN
A,GE10,G47,P_IUSE,PC_EMP_CUSE,TR,,NaN,,NaN
A,GE10,G47,P_IUSE,PC_EMP_CUSE,UK,80.99,NaN,,NaN
A,GE10,G47,P_IUSE,PC_EMP_CUSE2,AT,,NaN,,NaN
A,GE10,G47,P_IUSE,PC_EMP_CUSE2,BE,,NaN,,NaN
A,GE10,G47,P_IUSE,PC_EMP_CUSE2,BG,,NaN,,NaN
A,GE10,G47,P_IUSE,PC_EMP_CUSE2,CY,,NaN,,NaN
A,GE10,G47,P_IUSE,PC_EMP_CUSE2,CZ,,NaN,,NaN
A,GE10,G47,P_IUSE,PC_EMP_CUSE2,DE,,NaN,,NaN
A,GE10,G47,P_IUSE,PC_EMP_CUSE2,DK,,NaN,,NaN
A,GE10,G47,P_IUSE,PC_EMP_CUSE2,EA,,NaN,,NaN
A,GE10,G47,P_IUSE,PC_EMP_CUSE2,EE,,NaN,,NaN
A,GE10,G47,P_IUSE,PC_EMP_CUSE2,EL,,NaN,,NaN
A,GE10,G47,P_IUSE,PC_EMP_CUSE2,ES,,NaN,,NaN
A,GE10,G47,P_IUSE,PC_EMP_CUSE2,EU15,,NaN,,NaN
A,GE10,G47,P_IUSE,PC_EMP_CUSE2,EU27_2007,,NaN,,NaN
A,GE10,G47,P_IUSE,PC_EMP_CUSE2,EU27_2020,,NaN,,NaN
A,GE10,G47,P_IUSE,PC_EMP_CUSE2,EU28,,NaN,,NaN
A,GE10,G47,P_IUSE,PC_EMP_CUSE2,FI,,NaN,,NaN
A,GE10,G47,P_IUSE,PC_EMP_CUSE2,FR,,NaN,,NaN
A,GE10,G47,P_IUSE,PC_EMP_CUSE2,HR,,NaN,,NaN
A,GE10,G47,P_IUSE,PC_EMP_CUSE2,HU,,NaN,,NaN
A,GE10,G47,P_IUSE,PC_EMP_CUSE2,IE,,NaN,,NaN
A,GE10,G47,P_IUSE,PC_EMP_CUSE2,IS,,NaN,,NaN
A,GE10,G47,P_IUSE,PC_EMP_CUSE2,IT,,NaN,,NaN
A,GE10,G47,P_IUSE,PC_EMP_CUSE2,LT,,NaN,,NaN
A,GE10,G47,P_IUSE,PC_EMP_CUSE2,LU,,NaN,,NaN
A,GE10,G47,P_IUSE,PC_EMP_CUSE2,LV,,NaN,,NaN
A,GE10,G47,P_IUSE,PC_EMP_CUSE2,MK,,NaN,,NaN
A,GE10,G47,P_IUSE,PC_EMP_CUSE2,MT,,NaN,,NaN
A,GE10,G47,P_IUSE,PC_EMP_CUSE2,NL,,NaN,,NaN
A,GE10,G47,P_IUSE,PC_EMP_CUSE2,NO,,NaN,,NaN
A,GE10,G47,P_IUSE,PC_EMP_CUSE2,PL,,NaN,,NaN
A,GE10,G47,P_IUSE,PC_EMP_CUSE2,PT,,NaN,,NaN
A,GE10,G47,P_IUSE,PC_EMP_CUSE2,RO,,NaN,,NaN
A,GE10,G47,P_IUSE,PC_EMP_CUSE2,RS,,NaN,,NaN
A,GE10,G47,P_IUSE,PC_EMP_CUSE2,SE,,NaN,,NaN
A,GE10,G47,P_IUSE,PC_EMP_CUSE2,SI,,NaN,,NaN
A,GE10,G47,P_IUSE,PC_EMP_CUSE2,SK,,NaN,,NaN
A,GE10,G47,P_IUSE,PC_EMP_CUSE2,TR,,NaN,,NaN
A,GE10,G47,P_IUSE,PC_EMP_CUSE2,UK,,NaN,,NaN
A,GE10,G47,P_IUSE,PC_EMP_IACC,AT,,NaN,,NaN
A,GE10,G47,P_IUSE,PC_EMP_IACC,BE,,NaN,,NaN
A,GE10,G47,P_IUSE,PC_EMP_IACC,BG,,NaN,,NaN
A,GE10,G47,P_IUSE,PC_EMP_IACC,CY,,NaN,,NaN
A,GE10,G47,P_IUSE,PC_EMP_IACC,CZ,,NaN,,NaN
A,GE10,G47,P_IUSE,PC_EMP_IACC,DE,,NaN,,NaN
A,GE10,G47,P_IUSE,PC_EMP_IACC,DK,,NaN,,NaN
A,GE10,G47,P_IUSE,PC_EMP_IACC,EA,,NaN,,NaN
A,GE10,G47,P_IUSE,PC_EMP_IACC,EE,,NaN,,NaN
A,GE10,G47,P_IUSE,PC_EMP_IACC,EL,,NaN,,NaN
A,GE10,G47,P_IUSE,PC_EMP_IACC,ES,,NaN,,NaN
A,GE10,G47,P_IUSE,PC_EMP_IACC,EU15,,NaN,,NaN
A,GE10,G47,P_IUSE,PC_EMP_IACC,EU27_2007,,NaN,,NaN
A,GE10,G47,P_IUSE,PC_EMP_IACC,EU27_2020,,NaN,,NaN
A,GE10,G47,P_IUSE,PC_EMP_IACC,EU28,,NaN,,NaN
A,GE10,G47,P_IUSE,PC_EMP_IACC,FI,,NaN,,NaN
A,GE10,G47,P_IUSE,PC_EMP_IACC,FR,,NaN,,NaN
A,GE10,G47,P_IUSE,PC_EMP_IACC,HR,,NaN,,NaN
A,GE10,G47,P_IUSE,PC_EMP_IACC,HU,,NaN,,NaN
A,GE10,G47,P_IUSE,PC_EMP_IACC,IE,,NaN,,NaN
A,GE10,G47,P_IUSE,PC_EMP_IACC,IS,,NaN,,NaN
A,GE10,G47,P_IUSE,PC_EMP_IACC,IT,,NaN,,NaN
A,GE10,G47,P_IUSE,PC_EMP_IACC,LT,,NaN,,NaN
A,GE10,G47,P_IUSE,PC_EMP_IACC,LU,,NaN,,NaN
A,GE10,G47,P_IUSE,PC_EMP_IACC,LV,,NaN,,NaN
A,GE10,G47,P_IUSE,PC_EMP_IACC,MK,,NaN,,NaN
A,GE10,G47,P_IUSE,PC_EMP_IACC,MT,,NaN,,NaN
A,GE10,G47,P_IUSE,PC_EMP_IACC,NL,,NaN,,NaN
A,GE10,G47,P_IUSE,PC_EMP_IACC,NO,,NaN,,NaN
A,GE10,G47,P_IUSE,PC_EMP_IACC,PL,,NaN,,NaN
A,GE10,G47,P_IUSE,PC_EMP_IACC,PT,,NaN,,NaN
A,GE10,G47,P_IUSE,PC_EMP_IACC,RO,,NaN,,NaN
A,GE10,G47,P_IUSE,PC_EMP_IACC,RS,,NaN,,NaN
A,GE10,G47,P_IUSE,PC_EMP_IACC,SE,,NaN,,NaN
A,GE10,G47,P_IUSE,PC_EMP_IACC,SI,,NaN,,NaN
A,GE10,G47,P_IUSE,PC_EMP_IACC,SK,,NaN,,NaN
A,GE10,G47,P_IUSE,PC_EMP_IACC,TR,,NaN,,NaN
A,GE10,G47,P_IUSE,PC_EMP_IACC,UK,,NaN,,NaN
A,GE10,H,P_CUSE,PC_EMP,AT,,NaN,,NaN
A,GE10,H,P_CUSE,PC_EMP,BA,,NaN,,NaN
A,GE10,H,P_CUSE,PC_EMP,BE,,u,,NaN
A,GE10,H,P_CUSE,PC_EMP,BG,26.32,NaN,,NaN
A,GE10,H,P_CUSE,PC_EMP,CY,51.0,NaN,,NaN
A,GE10,H,P_CUSE,PC_EMP,CZ,39.23,NaN,,NaN
A,GE10,H,P_CUSE,PC_EMP,DE,51.04,NaN,,NaN
A,GE10,H,P_CUSE,PC_EMP,DK,,NaN,,NaN
A,GE10,H,P_CUSE,PC_EMP,EA,52.92,NaN,,NaN
A,GE10,H,P_CUSE,PC_EMP,EE,44.3,NaN,,NaN
A,GE10,H,P_CUSE,PC_EMP,EL,50.86,NaN,,NaN
A,GE10,H,P_CUSE,PC_EMP,ES,60.87,NaN,,NaN
A,GE10,H,P_CUSE,PC_EMP,EU15,52.77,NaN,,NaN
A,GE10,H,P_CUSE,PC_EMP,EU25,,NaN,,NaN
A,GE10,H,P_CUSE,PC_EMP,EU27_2007,49.61,NaN,,NaN
A,GE10,H,P_CUSE,PC_EMP,EU27_2020,49.39,NaN,,NaN
A,GE10,H,P_CUSE,PC_EMP,EU28,49.59,NaN,,NaN
A,GE10,H,P_CUSE,PC_EMP,FI,62.85,NaN,,NaN
A,GE10,H,P_CUSE,PC_EMP,FR,,NaN,,NaN
A,GE10,H,P_CUSE,PC_EMP,HR,47.49,NaN,,NaN
A,GE10,H,P_CUSE,PC_EMP,HU,42.57,NaN,,NaN
A,GE10,H,P_CUSE,PC_EMP,IE,48.82,NaN,,NaN
A,GE10,H,P_CUSE,PC_EMP,IS,,NaN,,NaN
A,GE10,H,P_CUSE,PC_EMP,IT,49.0,NaN,,NaN
A,GE10,H,P_CUSE,PC_EMP,LT,42.94,NaN,,NaN
A,GE10,H,P_CUSE,PC_EMP,LU,,NaN,,NaN
A,GE10,H,P_CUSE,PC_EMP,LV,,NaN,,NaN
A,GE10,H,P_CUSE,PC_EMP,ME,,u,,NaN
A,GE10,H,P_CUSE,PC_EMP,MK,35.04,NaN,,NaN
A,GE10,H,P_CUSE,PC_EMP,MT,,NaN,,NaN
A,GE10,H,P_CUSE,PC_EMP,NL,54.12,NaN,,NaN
A,GE10,H,P_CUSE,PC_EMP,NO,65.39,NaN,,NaN
A,GE10,H,P_CUSE,PC_EMP,PL,44.07,NaN,,NaN
A,GE10,H,P_CUSE,PC_EMP,PT,51.92,NaN,,NaN
A,GE10,H,P_CUSE,PC_EMP,RO,32.56,NaN,,NaN
A,GE10,H,P_CUSE,PC_EMP,RS,,NaN,,NaN
A,GE10,H,P_CUSE,PC_EMP,SE,,NaN,,NaN
A,GE10,H,P_CUSE,PC_EMP,SI,51.22,NaN,,NaN
A,GE10,H,P_CUSE,PC_EMP,SK,48.62,NaN,,NaN
A,GE10,H,P_CUSE,PC_EMP,TR,,NaN,,NaN
A,GE10,H,P_CUSE,PC_EMP,UK,50.69,NaN,,NaN
A,GE10,H,P_CUSE,PC_EMP_CUSE2,AT,,NaN,,NaN
A,GE10,H,P_CUSE,PC_EMP_CUSE2,BE,,NaN,,NaN
A,GE10,H,P_CUSE,PC_EMP_CUSE2,BG,,NaN,,NaN
A,GE10,H,P_CUSE,PC_EMP_CUSE2,CY,,NaN,,NaN
A,GE10,H,P_CUSE,PC_EMP_CUSE2,CZ,,NaN,,NaN
A,GE10,H,P_CUSE,PC_EMP_CUSE2,DE,,NaN,,NaN
A,GE10,H,P_CUSE,PC_EMP_CUSE2,DK,,NaN,,NaN
A,GE10,H,P_CUSE,PC_EMP_CUSE2,EA,,NaN,,NaN
A,GE10,H,P_CUSE,PC_EMP_CUSE2,EE,,NaN,,NaN
A,GE10,H,P_CUSE,PC_EMP_CUSE2,EL,,NaN,,NaN
A,GE10,H,P_CUSE,PC_EMP_CUSE2,ES,,NaN,,NaN
A,GE10,H,P_CUSE,PC_EMP_CUSE2,EU15,,NaN,,NaN
A,GE10,H,P_CUSE,PC_EMP_CUSE2,EU27_2007,,NaN,,NaN
A,GE10,H,P_CUSE,PC_EMP_CUSE2,EU27_2020,,NaN,,NaN
A,GE10,H,P_CUSE,PC_EMP_CUSE2,EU28,,NaN,,NaN
A,GE10,H,P_CUSE,PC_EMP_CUSE2,FI,,NaN,,NaN
A,GE10,H,P_CUSE,PC_EMP_CUSE2,FR,,NaN,,NaN
A,GE10,H,P_CUSE,PC_EMP_CUSE2,HR,,NaN,,NaN
A,GE10,H,P_CUSE,PC_EMP_CUSE2,HU,,NaN,,NaN
A,GE10,H,P_CUSE,PC_EMP_CUSE2,IE,,NaN,,NaN
A,GE10,H,P_CUSE,PC_EMP_CUSE2,IT,,NaN,,NaN
A,GE10,H,P_CUSE,PC_EMP_CUSE2,LT,,NaN,,NaN
A,GE10,H,P_CUSE,PC_EMP_CUSE2,MK,,NaN,,NaN
A,GE10,H,P_CUSE,PC_EMP_CUSE2,MT,,NaN,,NaN
A,GE10,H,P_CUSE,PC_EMP_CUSE2,NL,,NaN,,NaN
A,GE10,H,P_CUSE,PC_EMP_CUSE2,NO,,NaN,,NaN
A,GE10,H,P_CUSE,PC_EMP_CUSE2,PL,,NaN,,NaN
A,GE10,H,P_CUSE,PC_EMP_CUSE2,PT,,NaN,,NaN
A,GE10,H,P_CUSE,PC_EMP_CUSE2,RO,,NaN,,NaN
A,GE10,H,P_CUSE,PC_EMP_CUSE2,RS,,NaN,,NaN
A,GE10,H,P_CUSE,PC_EMP_CUSE2,SI,,NaN,,NaN
A,GE10,H,P_CUSE,PC_EMP_CUSE2,SK,,NaN,,NaN
A,GE10,H,P_CUSE,PC_EMP_CUSE2,UK,,NaN,,NaN
A,GE10,H,P_IUSE,PC_EMP,AL,,NaN,,NaN
A,GE10,H,P_IUSE,PC_EMP,AT,44.49,NaN,,u
A,GE10,H,P_IUSE,PC_EMP,BA,,NaN,39.57,NaN
A,GE10,H,P_IUSE,PC_EMP,BE,,u,,u
A,GE10,H,P_IUSE,PC_EMP,BG,24.14,NaN,33.64,NaN
A,GE10,H,P_IUSE,PC_EMP,CY,46.34,NaN,63.54,NaN
A,GE10,H,P_IUSE,PC_EMP,CZ,29.12,NaN,45.22,NaN
A,GE10,H,P_IUSE,PC_EMP,DE,43.67,NaN,58.19,NaN
A,GE10,H,P_IUSE,PC_EMP,DK,68.91,NaN,76.8,NaN
A,GE10,H,P_IUSE,PC_EMP,EA,45.08,NaN,58.68,NaN
A,GE10,H,P_IUSE,PC_EMP,EE,42.38,NaN,54.57,NaN
A,GE10,H,P_IUSE,PC_EMP,EL,44.37,NaN,53.75,NaN
A,GE10,H,P_IUSE,PC_EMP,ES,44.36,NaN,57.3,NaN
A,GE10,H,P_IUSE,PC_EMP,EU15,46.3,NaN,,NaN
A,GE10,H,P_IUSE,PC_EMP,EU25,,NaN,,NaN
A,GE10,H,P_IUSE,PC_EMP,EU27_2007,43.81,NaN,,NaN
A,GE10,H,P_IUSE,PC_EMP,EU27_2020,43.38,NaN,56.66,NaN
A,GE10,H,P_IUSE,PC_EMP,EU28,43.8,NaN,,NaN
A,GE10,H,P_IUSE,PC_EMP,FI,53.1,NaN,73.05,NaN
A,GE10,H,P_IUSE,PC_EMP,FR,48.62,NaN,60.67,NaN
A,GE10,H,P_IUSE,PC_EMP,HR,43.42,NaN,54.6,NaN
A,GE10,H,P_IUSE,PC_EMP,HU,29.07,NaN,37.8,NaN
A,GE10,H,P_IUSE,PC_EMP,IE,46.41,NaN,56.97,NaN
A,GE10,H,P_IUSE,PC_EMP,IS,,NaN,100.0,NaN
A,GE10,H,P_IUSE,PC_EMP,IT,44.0,NaN,56.0,NaN
A,GE10,H,P_IUSE,PC_EMP,LT,40.74,NaN,69.38,NaN
A,GE10,H,P_IUSE,PC_EMP,LU,44.19,NaN,45.75,NaN
A,GE10,H,P_IUSE,PC_EMP,LV,41.34,NaN,50.88,NaN
A,GE10,H,P_IUSE,PC_EMP,ME,,u,51.52,NaN
A,GE10,H,P_IUSE,PC_EMP,MK,25.88,NaN,34.33,NaN
A,GE10,H,P_IUSE,PC_EMP,MT,46.16,NaN,63.82,NaN
A,GE10,H,P_IUSE,PC_EMP,NL,44.58,NaN,65.87,NaN
A,GE10,H,P_IUSE,PC_EMP,NO,63.3,NaN,84.39,NaN
A,GE10,H,P_IUSE,PC_EMP,PL,41.67,NaN,54.45,NaN
A,GE10,H,P_IUSE,PC_EMP,PT,48.81,NaN,49.34,NaN
A,GE10,H,P_IUSE,PC_EMP,RO,25.73,NaN,36.36,NaN
A,GE10,H,P_IUSE,PC_EMP,RS,,NaN,64.49,NaN
A,GE10,H,P_IUSE,PC_EMP,SE,59.17,NaN,77.09,NaN
A,GE10,H,P_IUSE,PC_EMP,SI,48.46,NaN,66.2,NaN
A,GE10,H,P_IUSE,PC_EMP,SK,27.98,NaN,39.59,NaN
A,GE10,H,P_IUSE,PC_EMP,TR,30.94,NaN,,NaN
A,GE10,H,P_IUSE,PC_EMP,UK,46.99,NaN,,u
A,GE10,H,P_IUSE,PC_EMP_CUSE,AT,,NaN,,NaN
A,GE10,H,P_IUSE,PC_EMP_CUSE,BA,,NaN,,NaN
A,GE10,H,P_IUSE,PC_EMP_CUSE,BE,,u,,NaN
A,GE10,H,P_IUSE,PC_EMP_CUSE,BG,91.7,NaN,,NaN
A,GE10,H,P_IUSE,PC_EMP_CUSE,CY,90.87,NaN,,NaN
A,GE10,H,P_IUSE,PC_EMP_CUSE,CZ,74.22,NaN,,NaN
A,GE10,H,P_IUSE,PC_EMP_CUSE,DE,85.55,NaN,,NaN
A,GE10,H,P_IUSE,PC_EMP_CUSE,DK,,NaN,,NaN
A,GE10,H,P_IUSE,PC_EMP_CUSE,EA,83.18,NaN,,NaN
A,GE10,H,P_IUSE,PC_EMP_CUSE,EE,95.68,NaN,,NaN
A,GE10,H,P_IUSE,PC_EMP_CUSE,EL,87.23,NaN,,NaN
A,GE10,H,P_IUSE,PC_EMP_CUSE,ES,72.88,NaN,,NaN
A,GE10,H,P_IUSE,PC_EMP_CUSE,EU15,85.1,NaN,,NaN
A,GE10,H,P_IUSE,PC_EMP_CUSE,EU25,,NaN,,NaN
A,GE10,H,P_IUSE,PC_EMP_CUSE,EU27_2007,84.86,NaN,,NaN
A,GE10,H,P_IUSE,PC_EMP_CUSE,EU27_2020,83.5,NaN,,NaN
A,GE10,H,P_IUSE,PC_EMP_CUSE,EU28,84.92,NaN,,NaN
A,GE10,H,P_IUSE,PC_EMP_CUSE,FI,84.48,NaN,,NaN
A,GE10,H,P_IUSE,PC_EMP_CUSE,FR,,NaN,,NaN
A,GE10,H,P_IUSE,PC_EMP_CUSE,HR,91.43,NaN,,NaN
A,GE10,H,P_IUSE,PC_EMP_CUSE,HU,68.3,NaN,,NaN
A,GE10,H,P_IUSE,PC_EMP_CUSE,IE,95.05,NaN,,NaN
A,GE10,H,P_IUSE,PC_EMP_CUSE,IS,,NaN,,NaN
A,GE10,H,P_IUSE,PC_EMP_CUSE,IT,89.8,NaN,,NaN
A,GE10,H,P_IUSE,PC_EMP_CUSE,LT,94.89,NaN,,NaN
A,GE10,H,P_IUSE,PC_EMP_CUSE,LU,,NaN,,NaN
A,GE10,H,P_IUSE,PC_EMP_CUSE,LV,,NaN,,NaN
A,GE10,H,P_IUSE,PC_EMP_CUSE,ME,,u,,NaN
A,GE10,H,P_IUSE,PC_EMP_CUSE,MK,73.86,NaN,,NaN
A,GE10,H,P_IUSE,PC_EMP_CUSE,MT,,NaN,,NaN
A,GE10,H,P_IUSE,PC_EMP_CUSE,NL,82.36,NaN,,NaN
A,GE10,H,P_IUSE,PC_EMP_CUSE,NO,96.8,NaN,,NaN
A,GE10,H,P_IUSE,PC_EMP_CUSE,PL,94.56,NaN,,NaN
A,GE10,H,P_IUSE,PC_EMP_CUSE,PT,94.0,NaN,,NaN
A,GE10,H,P_IUSE,PC_EMP_CUSE,RO,79.03,NaN,,NaN
A,GE10,H,P_IUSE,PC_EMP_CUSE,RS,,NaN,,NaN
A,GE10,H,P_IUSE,PC_EMP_CUSE,SE,,NaN,,NaN
A,GE10,H,P_IUSE,PC_EMP_CUSE,SI,94.61,NaN,,NaN
A,GE10,H,P_IUSE,PC_EMP_CUSE,SK,57.55,NaN,,NaN
A,GE10,H,P_IUSE,PC_EMP_CUSE,TR,,NaN,,NaN
A,GE10,H,P_IUSE,PC_EMP_CUSE,UK,92.69,NaN,,NaN
A,GE10,H,P_IUSE,PC_EMP_CUSE2,AT,,NaN,,NaN
A,GE10,H,P_IUSE,PC_EMP_CUSE2,BE,,NaN,,NaN
A,GE10,H,P_IUSE,PC_EMP_CUSE2,BG,,NaN,,NaN
A,GE10,H,P_IUSE,PC_EMP_CUSE2,CY,,NaN,,NaN
A,GE10,H,P_IUSE,PC_EMP_CUSE2,CZ,,NaN,,NaN
A,GE10,H,P_IUSE,PC_EMP_CUSE2,DE,,NaN,,NaN
A,GE10,H,P_IUSE,PC_EMP_CUSE2,DK,,NaN,,NaN
A,GE10,H,P_IUSE,PC_EMP_CUSE2,EA,,NaN,,NaN
A,GE10,H,P_IUSE,PC_EMP_CUSE2,EE,,NaN,,NaN
A,GE10,H,P_IUSE,PC_EMP_CUSE2,EL,,NaN,,NaN
A,GE10,H,P_IUSE,PC_EMP_CUSE2,ES,,NaN,,NaN
A,GE10,H,P_IUSE,PC_EMP_CUSE2,EU15,,NaN,,NaN
A,GE10,H,P_IUSE,PC_EMP_CUSE2,EU27_2007,,NaN,,NaN
A,GE10,H,P_IUSE,PC_EMP_CUSE2,EU27_2020,,NaN,,NaN
A,GE10,H,P_IUSE,PC_EMP_CUSE2,EU28,,NaN,,NaN
A,GE10,H,P_IUSE,PC_EMP_CUSE2,FI,,NaN,,NaN
A,GE10,H,P_IUSE,PC_EMP_CUSE2,FR,,NaN,,NaN
A,GE10,H,P_IUSE,PC_EMP_CUSE2,HR,,NaN,,NaN
A,GE10,H,P_IUSE,PC_EMP_CUSE2,HU,,NaN,,NaN
A,GE10,H,P_IUSE,PC_EMP_CUSE2,IE,,NaN,,NaN
A,GE10,H,P_IUSE,PC_EMP_CUSE2,IS,,NaN,,NaN
A,GE10,H,P_IUSE,PC_EMP_CUSE2,IT,,NaN,,NaN
A,GE10,H,P_IUSE,PC_EMP_CUSE2,LT,,NaN,,NaN
A,GE10,H,P_IUSE,PC_EMP_CUSE2,LU,,NaN,,NaN
A,GE10,H,P_IUSE,PC_EMP_CUSE2,LV,,NaN,,NaN
A,GE10,H,P_IUSE,PC_EMP_CUSE2,MK,,NaN,,NaN
A,GE10,H,P_IUSE,PC_EMP_CUSE2,MT,,NaN,,NaN
A,GE10,H,P_IUSE,PC_EMP_CUSE2,NL,,NaN,,NaN
A,GE10,H,P_IUSE,PC_EMP_CUSE2,NO,,NaN,,NaN
A,GE10,H,P_IUSE,PC_EMP_CUSE2,PL,,NaN,,NaN
A,GE10,H,P_IUSE,PC_EMP_CUSE2,PT,,NaN,,NaN
A,GE10,H,P_IUSE,PC_EMP_CUSE2,RO,,NaN,,NaN
A,GE10,H,P_IUSE,PC_EMP_CUSE2,RS,,NaN,,NaN
A,GE10,H,P_IUSE,PC_EMP_CUSE2,SE,,NaN,,NaN
A,GE10,H,P_IUSE,PC_EMP_CUSE2,SI,,NaN,,NaN
A,GE10,H,P_IUSE,PC_EMP_CUSE2,SK,,NaN,,NaN
A,GE10,H,P_IUSE,PC_EMP_CUSE2,TR,,NaN,,NaN
A,GE10,H,P_IUSE,PC_EMP_CUSE2,UK,,NaN,,NaN
A,GE10,H,P_IUSE,PC_EMP_IACC,AT,,NaN,,NaN
A,GE10,H,P_IUSE,PC_EMP_IACC,BE,,NaN,,NaN
A,GE10,H,P_IUSE,PC_EMP_IACC,BG,,NaN,,NaN
A,GE10,H,P_IUSE,PC_EMP_IACC,CY,,NaN,,NaN
A,GE10,H,P_IUSE,PC_EMP_IACC,CZ,,NaN,,NaN
A,GE10,H,P_IUSE,PC_EMP_IACC,DE,,NaN,,NaN
A,GE10,H,P_IUSE,PC_EMP_IACC,DK,,NaN,,NaN
A,GE10,H,P_IUSE,PC_EMP_IACC,EA,,NaN,,NaN
A,GE10,H,P_IUSE,PC_EMP_IACC,EE,,NaN,,NaN
A,GE10,H,P_IUSE,PC_EMP_IACC,EL,,NaN,,NaN
A,GE10,H,P_IUSE,PC_EMP_IACC,ES,,NaN,,NaN
A,GE10,H,P_IUSE,PC_EMP_IACC,EU15,,NaN,,NaN
A,GE10,H,P_IUSE,PC_EMP_IACC,EU27_2007,,NaN,,NaN
A,GE10,H,P_IUSE,PC_EMP_IACC,EU27_2020,,NaN,,NaN
A,GE10,H,P_IUSE,PC_EMP_IACC,EU28,,NaN,,NaN
A,GE10,H,P_IUSE,PC_EMP_IACC,FI,,NaN,,NaN
A,GE10,H,P_IUSE,PC_EMP_IACC,FR,,NaN,,NaN
A,GE10,H,P_IUSE,PC_EMP_IACC,HR,,NaN,,NaN
A,GE10,H,P_IUSE,PC_EMP_IACC,HU,,NaN,,NaN
A,GE10,H,P_IUSE,PC_EMP_IACC,IE,,NaN,,NaN
A,GE10,H,P_IUSE,PC_EMP_IACC,IS,,NaN,,NaN
A,GE10,H,P_IUSE,PC_EMP_IACC,IT,,NaN,,NaN
A,GE10,H,P_IUSE,PC_EMP_IACC,LT,,NaN,,NaN
A,GE10,H,P_IUSE,PC_EMP_IACC,LU,,NaN,,NaN
A,GE10,H,P_IUSE,PC_EMP_IACC,LV,,NaN,,NaN
A,GE10,H,P_IUSE,PC_EMP_IACC,MK,,NaN,,NaN
A,GE10,H,P_IUSE,PC_EMP_IACC,MT,,NaN,,NaN
A,GE10,H,P_IUSE,PC_EMP_IACC,NL,,NaN,,NaN
A,GE10,H,P_IUSE,PC_EMP_IACC,NO,,NaN,,NaN
A,GE10,H,P_IUSE,PC_EMP_IACC,PL,,NaN,,NaN
A,GE10,H,P_IUSE,PC_EMP_IACC,PT,,NaN,,NaN
A,GE10,H,P_IUSE,PC_EMP_IACC,RO,,NaN,,NaN
A,GE10,H,P_IUSE,PC_EMP_IACC,RS,,NaN,,NaN
A,GE10,H,P_IUSE,PC_EMP_IACC,SE,,NaN,,NaN
A,GE10,H,P_IUSE,PC_EMP_IACC,SI,,NaN,,NaN
A,GE10,H,P_IUSE,PC_EMP_IACC,SK,,NaN,,NaN
A,GE10,H,P_IUSE,PC_EMP_IACC,TR,,NaN,,NaN
A,GE10,H,P_IUSE,PC_EMP_IACC,UK,,NaN,,NaN
A,GE10,I,P_CUSE,PC_EMP,AT,,NaN,,NaN
A,GE10,I,P_CUSE,PC_EMP,BA,,NaN,,NaN
A,GE10,I,P_CUSE,PC_EMP,BE,36.91,NaN,,NaN
A,GE10,I,P_CUSE,PC_EMP,BG,24.33,NaN,,NaN
A,GE10,I,P_CUSE,PC_EMP,CY,33.54,NaN,,NaN
A,GE10,I,P_CUSE,PC_EMP,CZ,31.31,NaN,,NaN
A,GE10,I,P_CUSE,PC_EMP,DE,31.42,NaN,,NaN
A,GE10,I,P_CUSE,PC_EMP,DK,,NaN,,NaN
A,GE10,I,P_CUSE,PC_EMP,EA,31.82,NaN,,NaN
A,GE10,I,P_CUSE,PC_EMP,EE,32.22,NaN,,NaN
A,GE10,I,P_CUSE,PC_EMP,EL,24.87,NaN,,NaN
A,GE10,I,P_CUSE,PC_EMP,ES,35.91,NaN,,NaN
A,GE10,I,P_CUSE,PC_EMP,EU15,31.31,NaN,,NaN
A,GE10,I,P_CUSE,PC_EMP,EU25,,NaN,,NaN
A,GE10,I,P_CUSE,PC_EMP,EU27_2007,30.99,NaN,,NaN
A,GE10,I,P_CUSE,PC_EMP,EU27_2020,31.4,NaN,,NaN
A,GE10,I,P_CUSE,PC_EMP,EU28,31.16,NaN,,NaN
A,GE10,I,P_CUSE,PC_EMP,FI,53.19,NaN,,NaN
A,GE10,I,P_CUSE,PC_EMP,FR,,NaN,,NaN
A,GE10,I,P_CUSE,PC_EMP,HR,50.69,NaN,,NaN
A,GE10,I,P_CUSE,PC_EMP,HU,30.58,NaN,,NaN
A,GE10,I,P_CUSE,PC_EMP,IE,31.33,NaN,,NaN
A,GE10,I,P_CUSE,PC_EMP,IS,,NaN,,NaN
A,GE10,I,P_CUSE,PC_EMP,IT,23.03,NaN,,NaN
A,GE10,I,P_CUSE,PC_EMP,LT,28.93,NaN,,NaN
A,GE10,I,P_CUSE,PC_EMP,LU,,NaN,,NaN
A,GE10,I,P_CUSE,PC_EMP,LV,,NaN,,NaN
A,GE10,I,P_CUSE,PC_EMP,ME,,u,,NaN
A,GE10,I,P_CUSE,PC_EMP,MK,35.25,NaN,,NaN
A,GE10,I,P_CUSE,PC_EMP,MT,,NaN,,NaN
A,GE10,I,P_CUSE,PC_EMP,NL,37.46,NaN,,NaN
A,GE10,I,P_CUSE,PC_EMP,NO,52.72,NaN,,NaN
A,GE10,I,P_CUSE,PC_EMP,PL,30.29,NaN,,NaN
A,GE10,I,P_CUSE,PC_EMP,PT,38.99,NaN,,NaN
A,GE10,I,P_CUSE,PC_EMP,RO,23.63,NaN,,NaN
A,GE10,I,P_CUSE,PC_EMP,RS,,NaN,,NaN
A,GE10,I,P_CUSE,PC_EMP,SE,,NaN,,NaN
A,GE10,I,P_CUSE,PC_EMP,SI,52.41,NaN,,NaN
A,GE10,I,P_CUSE,PC_EMP,SK,30.96,NaN,,NaN
A,GE10,I,P_CUSE,PC_EMP,TR,,NaN,,NaN
A,GE10,I,P_CUSE,PC_EMP,UK,30.7,NaN,,NaN
A,GE10,I,P_CUSE,PC_EMP_CUSE2,AT,,NaN,,NaN
A,GE10,I,P_CUSE,PC_EMP_CUSE2,BE,,NaN,,NaN
A,GE10,I,P_CUSE,PC_EMP_CUSE2,BG,,NaN,,NaN
A,GE10,I,P_CUSE,PC_EMP_CUSE2,CY,,NaN,,NaN
A,GE10,I,P_CUSE,PC_EMP_CUSE2,CZ,,NaN,,NaN
A,GE10,I,P_CUSE,PC_EMP_CUSE2,DE,,NaN,,NaN
A,GE10,I,P_CUSE,PC_EMP_CUSE2,DK,,NaN,,NaN
A,GE10,I,P_CUSE,PC_EMP_CUSE2,EA,,NaN,,NaN
A,GE10,I,P_CUSE,PC_EMP_CUSE2,EE,,NaN,,NaN
A,GE10,I,P_CUSE,PC_EMP_CUSE2,EL,,NaN,,NaN
A,GE10,I,P_CUSE,PC_EMP_CUSE2,ES,,NaN,,NaN
A,GE10,I,P_CUSE,PC_EMP_CUSE2,EU15,,NaN,,NaN
A,GE10,I,P_CUSE,PC_EMP_CUSE2,EU27_2007,,NaN,,NaN
A,GE10,I,P_CUSE,PC_EMP_CUSE2,EU27_2020,,NaN,,NaN
A,GE10,I,P_CUSE,PC_EMP_CUSE2,EU28,,NaN,,NaN
A,GE10,I,P_CUSE,PC_EMP_CUSE2,FI,,NaN,,NaN
A,GE10,I,P_CUSE,PC_EMP_CUSE2,FR,,NaN,,NaN
A,GE10,I,P_CUSE,PC_EMP_CUSE2,HR,,NaN,,NaN
A,GE10,I,P_CUSE,PC_EMP_CUSE2,HU,,NaN,,NaN
A,GE10,I,P_CUSE,PC_EMP_CUSE2,IE,,NaN,,NaN
A,GE10,I,P_CUSE,PC_EMP_CUSE2,IT,,NaN,,NaN
A,GE10,I,P_CUSE,PC_EMP_CUSE2,LT,,NaN,,NaN
A,GE10,I,P_CUSE,PC_EMP_CUSE2,MK,,NaN,,NaN
A,GE10,I,P_CUSE,PC_EMP_CUSE2,MT,,NaN,,NaN
A,GE10,I,P_CUSE,PC_EMP_CUSE2,NL,,NaN,,NaN
A,GE10,I,P_CUSE,PC_EMP_CUSE2,NO,,NaN,,NaN
A,GE10,I,P_CUSE,PC_EMP_CUSE2,PL,,NaN,,NaN
A,GE10,I,P_CUSE,PC_EMP_CUSE2,PT,,NaN,,NaN
A,GE10,I,P_CUSE,PC_EMP_CUSE2,RO,,NaN,,NaN
A,GE10,I,P_CUSE,PC_EMP_CUSE2,RS,,NaN,,NaN
A,GE10,I,P_CUSE,PC_EMP_CUSE2,SI,,NaN,,NaN
A,GE10,I,P_CUSE,PC_EMP_CUSE2,SK,,NaN,,NaN
A,GE10,I,P_CUSE,PC_EMP_CUSE2,UK,,NaN,,NaN
A,GE10,I,P_IUSE,PC_EMP,AL,,NaN,,NaN
A,GE10,I,P_IUSE,PC_EMP,AT,28.93,NaN,37.89,NaN
A,GE10,I,P_IUSE,PC_EMP,BA,,NaN,40.88,NaN
A,GE10,I,P_IUSE,PC_EMP,BE,30.1,NaN,51.82,NaN
A,GE10,I,P_IUSE,PC_EMP,BG,18.89,NaN,20.39,NaN
A,GE10,I,P_IUSE,PC_EMP,CY,19.62,NaN,22.9,NaN
A,GE10,I,P_IUSE,PC_EMP,CZ,28.4,NaN,36.39,NaN
A,GE10,I,P_IUSE,PC_EMP,DE,25.73,NaN,33.85,NaN
A,GE10,I,P_IUSE,PC_EMP,DK,38.39,NaN,49.37,NaN
A,GE10,I,P_IUSE,PC_EMP,EA,26.15,NaN,34.19,NaN
A,GE10,I,P_IUSE,PC_EMP,EE,31.0,NaN,33.96,NaN
A,GE10,I,P_IUSE,PC_EMP,EL,19.37,NaN,28.87,NaN
A,GE10,I,P_IUSE,PC_EMP,ES,28.61,NaN,,u
A,GE10,I,P_IUSE,PC_EMP,EU15,26.8,NaN,,NaN
A,GE10,I,P_IUSE,PC_EMP,EU25,,NaN,,NaN
A,GE10,I,P_IUSE,PC_EMP,EU27_2007,26.54,NaN,,NaN
A,GE10,I,P_IUSE,PC_EMP,EU27_2020,26.62,NaN,34.26,NaN
A,GE10,I,P_IUSE,PC_EMP,EU28,26.67,NaN,,NaN
A,GE10,I,P_IUSE,PC_EMP,FI,49.19,NaN,,u
A,GE10,I,P_IUSE,PC_EMP,FR,26.9,NaN,32.39,NaN
A,GE10,I,P_IUSE,PC_EMP,HR,45.53,NaN,45.28,NaN
A,GE10,I,P_IUSE,PC_EMP,HU,24.28,NaN,29.11,NaN
A,GE10,I,P_IUSE,PC_EMP,IE,23.12,NaN,26.09,NaN
A,GE10,I,P_IUSE,PC_EMP,IS,,NaN,100.0,NaN
A,GE10,I,P_IUSE,PC_EMP,IT,19.45,NaN,31.4,NaN
A,GE10,I,P_IUSE,PC_EMP,LT,26.4,NaN,43.67,NaN
A,GE10,I,P_IUSE,PC_EMP,LU,21.73,NaN,30.31,NaN
A,GE10,I,P_IUSE,PC_EMP,LV,24.14,NaN,27.12,NaN
A,GE10,I,P_IUSE,PC_EMP,ME,,u,45.64,NaN
A,GE10,I,P_IUSE,PC_EMP,MK,25.14,NaN,33.46,NaN
A,GE10,I,P_IUSE,PC_EMP,MT,21.85,NaN,29.91,NaN
A,GE10,I,P_IUSE,PC_EMP,NL,33.65,NaN,45.74,NaN
A,GE10,I,P_IUSE,PC_EMP,NO,48.76,NaN,71.93,NaN
A,GE10,I,P_IUSE,PC_EMP,PL,28.01,NaN,36.18,NaN
A,GE10,I,P_IUSE,PC_EMP,PT,26.94,NaN,29.81,NaN
A,GE10,I,P_IUSE,PC_EMP,RO,19.81,NaN,21.43,NaN
A,GE10,I,P_IUSE,PC_EMP,RS,,NaN,44.25,NaN
A,GE10,I,P_IUSE,PC_EMP,SE,45.65,NaN,61.24,NaN
A,GE10,I,P_IUSE,PC_EMP,SI,48.24,NaN,46.81,NaN
A,GE10,I,P_IUSE,PC_EMP,SK,24.9,NaN,41.62,NaN
A,GE10,I,P_IUSE,PC_EMP,TR,16.84,NaN,,NaN
A,GE10,I,P_IUSE,PC_EMP,UK,26.81,NaN,37.99,NaN
A,GE10,I,P_IUSE,PC_EMP_CUSE,AT,,NaN,,NaN
A,GE10,I,P_IUSE,PC_EMP_CUSE,BA,,NaN,,NaN
A,GE10,I,P_IUSE,PC_EMP_CUSE,BE,81.55,NaN,,NaN
A,GE10,I,P_IUSE,PC_EMP_CUSE,BG,77.63,NaN,,NaN
A,GE10,I,P_IUSE,PC_EMP_CUSE,CY,58.51,NaN,,NaN
A,GE10,I,P_IUSE,PC_EMP_CUSE,CZ,90.71,NaN,,NaN
A,GE10,I,P_IUSE,PC_EMP_CUSE,DE,81.9,NaN,,NaN
A,GE10,I,P_IUSE,PC_EMP_CUSE,DK,,NaN,,NaN
A,GE10,I,P_IUSE,PC_EMP_CUSE,EA,81.3,NaN,,NaN
A,GE10,I,P_IUSE,PC_EMP_CUSE,EE,96.24,NaN,,NaN
A,GE10,I,P_IUSE,PC_EMP_CUSE,EL,77.88,NaN,,NaN
A,GE10,I,P_IUSE,PC_EMP_CUSE,ES,79.67,NaN,,NaN
A,GE10,I,P_IUSE,PC_EMP_CUSE,EU15,83.68,NaN,,NaN
A,GE10,I,P_IUSE,PC_EMP_CUSE,EU25,,NaN,,NaN
A,GE10,I,P_IUSE,PC_EMP_CUSE,EU27_2007,83.86,NaN,,NaN
A,GE10,I,P_IUSE,PC_EMP_CUSE,EU27_2020,82.15,NaN,,NaN
A,GE10,I,P_IUSE,PC_EMP_CUSE,EU28,83.94,NaN,,NaN
A,GE10,I,P_IUSE,PC_EMP_CUSE,FI,92.48,NaN,,NaN
A,GE10,I,P_IUSE,PC_EMP_CUSE,FR,,NaN,,NaN
A,GE10,I,P_IUSE,PC_EMP_CUSE,HR,89.82,NaN,,NaN
A,GE10,I,P_IUSE,PC_EMP_CUSE,HU,79.41,NaN,,NaN
A,GE10,I,P_IUSE,PC_EMP_CUSE,IE,73.77,NaN,,NaN
A,GE10,I,P_IUSE,PC_EMP_CUSE,IS,,NaN,,NaN
A,GE10,I,P_IUSE,PC_EMP_CUSE,IT,84.46,NaN,,NaN
A,GE10,I,P_IUSE,PC_EMP_CUSE,LT,91.25,NaN,,NaN
A,GE10,I,P_IUSE,PC_EMP_CUSE,LU,,NaN,,NaN
A,GE10,I,P_IUSE,PC_EMP_CUSE,LV,,NaN,,NaN
A,GE10,I,P_IUSE,PC_EMP_CUSE,ME,,u,,NaN
A,GE10,I,P_IUSE,PC_EMP_CUSE,MK,71.32,NaN,,NaN
A,GE10,I,P_IUSE,PC_EMP_CUSE,MT,,NaN,,NaN
A,GE10,I,P_IUSE,PC_EMP_CUSE,NL,89.84,NaN,,NaN
A,GE10,I,P_IUSE,PC_EMP_CUSE,NO,92.49,NaN,,NaN
A,GE10,I,P_IUSE,PC_EMP_CUSE,PL,92.47,NaN,,NaN
A,GE10,I,P_IUSE,PC_EMP_CUSE,PT,69.1,NaN,,NaN
A,GE10,I,P_IUSE,PC_EMP_CUSE,RO,83.86,NaN,,NaN
A,GE10,I,P_IUSE,PC_EMP_CUSE,RS,,NaN,,NaN
A,GE10,I,P_IUSE,PC_EMP_CUSE,SE,,NaN,,NaN
A,GE10,I,P_IUSE,PC_EMP_CUSE,SI,92.04,NaN,,NaN
A,GE10,I,P_IUSE,PC_EMP_CUSE,SK,80.44,NaN,,NaN
A,GE10,I,P_IUSE,PC_EMP_CUSE,TR,,NaN,,NaN
A,GE10,I,P_IUSE,PC_EMP_CUSE,UK,87.33,NaN,,NaN
A,GE10,I,P_IUSE,PC_EMP_CUSE2,AT,,NaN,,NaN
A,GE10,I,P_IUSE,PC_EMP_CUSE2,BE,,NaN,,NaN
A,GE10,I,P_IUSE,PC_EMP_CUSE2,BG,,NaN,,NaN
A,GE10,I,P_IUSE,PC_EMP_CUSE2,CY,,NaN,,NaN
A,GE10,I,P_IUSE,PC_EMP_CUSE2,CZ,,NaN,,NaN
A,GE10,I,P_IUSE,PC_EMP_CUSE2,DE,,NaN,,NaN
A,GE10,I,P_IUSE,PC_EMP_CUSE2,DK,,NaN,,NaN
A,GE10,I,P_IUSE,PC_EMP_CUSE2,EA,,NaN,,NaN
A,GE10,I,P_IUSE,PC_EMP_CUSE2,EE,,NaN,,NaN
A,GE10,I,P_IUSE,PC_EMP_CUSE2,EL,,NaN,,NaN
A,GE10,I,P_IUSE,PC_EMP_CUSE2,ES,,NaN,,NaN
A,GE10,I,P_IUSE,PC_EMP_CUSE2,EU15,,NaN,,NaN
A,GE10,I,P_IUSE,PC_EMP_CUSE2,EU27_2007,,NaN,,NaN
A,GE10,I,P_IUSE,PC_EMP_CUSE2,EU27_2020,,NaN,,NaN
A,GE10,I,P_IUSE,PC_EMP_CUSE2,EU28,,NaN,,NaN
A,GE10,I,P_IUSE,PC_EMP_CUSE2,FI,,NaN,,NaN
A,GE10,I,P_IUSE,PC_EMP_CUSE2,FR,,NaN,,NaN
A,GE10,I,P_IUSE,PC_EMP_CUSE2,HR,,NaN,,NaN
A,GE10,I,P_IUSE,PC_EMP_CUSE2,HU,,NaN,,NaN
A,GE10,I,P_IUSE,PC_EMP_CUSE2,IE,,NaN,,NaN
A,GE10,I,P_IUSE,PC_EMP_CUSE2,IS,,NaN,,NaN
A,GE10,I,P_IUSE,PC_EMP_CUSE2,IT,,NaN,,NaN
A,GE10,I,P_IUSE,PC_EMP_CUSE2,LT,,NaN,,NaN
A,GE10,I,P_IUSE,PC_EMP_CUSE2,LU,,NaN,,NaN
A,GE10,I,P_IUSE,PC_EMP_CUSE2,LV,,NaN,,NaN
A,GE10,I,P_IUSE,PC_EMP_CUSE2,MK,,NaN,,NaN
A,GE10,I,P_IUSE,PC_EMP_CUSE2,MT,,NaN,,NaN
A,GE10,I,P_IUSE,PC_EMP_CUSE2,NL,,NaN,,NaN
A,GE10,I,P_IUSE,PC_EMP_CUSE2,NO,,NaN,,NaN
A,GE10,I,P_IUSE,PC_EMP_CUSE2,PL,,NaN,,NaN
A,GE10,I,P_IUSE,PC_EMP_CUSE2,PT,,NaN,,NaN
A,GE10,I,P_IUSE,PC_EMP_CUSE2,RO,,NaN,,NaN
A,GE10,I,P_IUSE,PC_EMP_CUSE2,RS,,NaN,,NaN
A,GE10,I,P_IUSE,PC_EMP_CUSE2,SE,,NaN,,NaN
A,GE10,I,P_IUSE,PC_EMP_CUSE2,SI,,NaN,,NaN
A,GE10,I,P_IUSE,PC_EMP_CUSE2,SK,,NaN,,NaN
A,GE10,I,P_IUSE,PC_EMP_CUSE2,TR,,NaN,,NaN
A,GE10,I,P_IUSE,PC_EMP_CUSE2,UK,,NaN,,NaN
A,GE10,I,P_IUSE,PC_EMP_IACC,AT,,NaN,,NaN
A,GE10,I,P_IUSE,PC_EMP_IACC,BE,,NaN,,NaN
A,GE10,I,P_IUSE,PC_EMP_IACC,BG,,NaN,,NaN
A,GE10,I,P_IUSE,PC_EMP_IACC,CY,,NaN,,NaN
A,GE10,I,P_IUSE,PC_EMP_IACC,CZ,,NaN,,NaN
A,GE10,I,P_IUSE,PC_EMP_IACC,DE,,NaN,,NaN
A,GE10,I,P_IUSE,PC_EMP_IACC,DK,,NaN,,NaN
A,GE10,I,P_IUSE,PC_EMP_IACC,EA,,NaN,,NaN
A,GE10,I,P_IUSE,PC_EMP_IACC,EE,,NaN,,NaN
A,GE10,I,P_IUSE,PC_EMP_IACC,EL,,NaN,,NaN
A,GE10,I,P_IUSE,PC_EMP_IACC,ES,,NaN,,NaN
A,GE10,I,P_IUSE,PC_EMP_IACC,EU15,,NaN,,NaN
A,GE10,I,P_IUSE,PC_EMP_IACC,EU27_2007,,NaN,,NaN
A,GE10,I,P_IUSE,PC_EMP_IACC,EU27_2020,,NaN,,NaN
A,GE10,I,P_IUSE,PC_EMP_IACC,EU28,,NaN,,NaN
A,GE10,I,P_IUSE,PC_EMP_IACC,FI,,NaN,,NaN
A,GE10,I,P_IUSE,PC_EMP_IACC,FR,,NaN,,NaN
A,GE10,I,P_IUSE,PC_EMP_IACC,HR,,NaN,,NaN
A,GE10,I,P_IUSE,PC_EMP_IACC,HU,,NaN,,NaN
A,GE10,I,P_IUSE,PC_EMP_IACC,IE,,NaN,,NaN
A,GE10,I,P_IUSE,PC_EMP_IACC,IS,,NaN,,NaN
A,GE10,I,P_IUSE,PC_EMP_IACC,IT,,NaN,,NaN
A,GE10,I,P_IUSE,PC_EMP_IACC,LT,,NaN,,NaN
A,GE10,I,P_IUSE,PC_EMP_IACC,LU,,NaN,,NaN
A,GE10,I,P_IUSE,PC_EMP_IACC,LV,,NaN,,NaN
A,GE10,I,P_IUSE,PC_EMP_IACC,MK,,NaN,,NaN
A,GE10,I,P_IUSE,PC_EMP_IACC,MT,,NaN,,NaN
A,GE10,I,P_IUSE,PC_EMP_IACC,NL,,NaN,,NaN
A,GE10,I,P_IUSE,PC_EMP_IACC,NO,,NaN,,NaN
A,GE10,I,P_IUSE,PC_EMP_IACC,PL,,NaN,,NaN
A,GE10,I,P_IUSE,PC_EMP_IACC,PT,,NaN,,NaN
A,GE10,I,P_IUSE,PC_EMP_IACC,RO,,NaN,,NaN
A,GE10,I,P_IUSE,PC_EMP_IACC,RS,,NaN,,NaN
A,GE10,I,P_IUSE,PC_EMP_IACC,SE,,NaN,,NaN
A,GE10,I,P_IUSE,PC_EMP_IACC,SI,,NaN,,NaN
A,GE10,I,P_IUSE,PC_EMP_IACC,SK,,NaN,,NaN
A,GE10,I,P_IUSE,PC_EMP_IACC,TR,,NaN,,NaN
A,GE10,I,P_IUSE,PC_EMP_IACC,UK,,NaN,,NaN
A,GE10,I55,P_CUSE,PC_EMP,AT,,NaN,,NaN
A,GE10,I55,P_CUSE,PC_EMP,BA,,NaN,,NaN
A,GE10,I55,P_CUSE,PC_EMP,BE,52.94,NaN,,NaN
A,GE10,I55,P_CUSE,PC_EMP,BG,29.43,NaN,,NaN
A,GE10,I55,P_CUSE,PC_EMP,CY,33.36,NaN,,NaN
A,GE10,I55,P_CUSE,PC_EMP,CZ,37.85,NaN,,NaN
A,GE10,I55,P_CUSE,PC_EMP,DE,40.03,NaN,,NaN
A,GE10,I55,P_CUSE,PC_EMP,DK,,NaN,,NaN
A,GE10,I55,P_CUSE,PC_EMP,EA,40.34,NaN,,NaN
A,GE10,I55,P_CUSE,PC_EMP,EE,39.95,NaN,,NaN
A,GE10,I55,P_CUSE,PC_EMP,EL,28.4,NaN,,NaN
A,GE10,I55,P_CUSE,PC_EMP,ES,43.56,NaN,,NaN
A,GE10,I55,P_CUSE,PC_EMP,EU15,41.31,NaN,,NaN
A,GE10,I55,P_CUSE,PC_EMP,EU25,,NaN,,NaN
A,GE10,I55,P_CUSE,PC_EMP,EU27_2007,40.81,NaN,,NaN
A,GE10,I55,P_CUSE,PC_EMP,EU27_2020,39.98,NaN,,NaN
A,GE10,I55,P_CUSE,PC_EMP,EU28,40.93,NaN,,NaN
A,GE10,I55,P_CUSE,PC_EMP,FI,79.49,NaN,,NaN
A,GE10,I55,P_CUSE,PC_EMP,FR,,NaN,,NaN
A,GE10,I55,P_CUSE,PC_EMP,HR,48.16,NaN,,NaN
A,GE10,I55,P_CUSE,PC_EMP,HU,47.97,NaN,,NaN
A,GE10,I55,P_CUSE,PC_EMP,IE,30.52,NaN,,NaN
A,GE10,I55,P_CUSE,PC_EMP,IS,,NaN,,NaN
A,GE10,I55,P_CUSE,PC_EMP,IT,37.54,NaN,,NaN
A,GE10,I55,P_CUSE,PC_EMP,LT,44.63,NaN,,NaN
A,GE10,I55,P_CUSE,PC_EMP,LU,,NaN,,NaN
A,GE10,I55,P_CUSE,PC_EMP,LV,,NaN,,NaN
A,GE10,I55,P_CUSE,PC_EMP,ME,,u,,NaN
A,GE10,I55,P_CUSE,PC_EMP,MK,41.72,NaN,,NaN
A,GE10,I55,P_CUSE,PC_EMP,MT,,NaN,,NaN
A,GE10,I55,P_CUSE,PC_EMP,NL,47.89,NaN,,NaN
A,GE10,I55,P_CUSE,PC_EMP,NO,63.7,NaN,,NaN
A,GE10,I55,P_CUSE,PC_EMP,PL,44.35,NaN,,NaN
A,GE10,I55,P_CUSE,PC_EMP,PT,41.92,NaN,,NaN
A,GE10,I55,P_CUSE,PC_EMP,RO,28.19,NaN,,NaN
A,GE10,I55,P_CUSE,PC_EMP,RS,,NaN,,NaN
A,GE10,I55,P_CUSE,PC_EMP,SE,,NaN,,NaN
A,GE10,I55,P_CUSE,PC_EMP,SI,61.35,NaN,,NaN
A,GE10,I55,P_CUSE,PC_EMP,SK,41.22,NaN,,NaN
A,GE10,I55,P_CUSE,PC_EMP,TR,,NaN,,NaN
A,GE10,I55,P_CUSE,PC_EMP,UK,43.61,NaN,,NaN
A,GE10,I55,P_CUSE,PC_EMP_CUSE2,AT,,NaN,,NaN
A,GE10,I55,P_CUSE,PC_EMP_CUSE2,BE,,NaN,,NaN
A,GE10,I55,P_CUSE,PC_EMP_CUSE2,BG,,NaN,,NaN
A,GE10,I55,P_CUSE,PC_EMP_CUSE2,CY,,NaN,,NaN
A,GE10,I55,P_CUSE,PC_EMP_CUSE2,CZ,,NaN,,NaN
A,GE10,I55,P_CUSE,PC_EMP_CUSE2,DE,,NaN,,NaN
A,GE10,I55,P_CUSE,PC_EMP_CUSE2,DK,,NaN,,NaN
A,GE10,I55,P_CUSE,PC_EMP_CUSE2,EA,,NaN,,NaN
A,GE10,I55,P_CUSE,PC_EMP_CUSE2,EE,,NaN,,NaN
A,GE10,I55,P_CUSE,PC_EMP_CUSE2,EL,,NaN,,NaN
A,GE10,I55,P_CUSE,PC_EMP_CUSE2,ES,,NaN,,NaN
A,GE10,I55,P_CUSE,PC_EMP_CUSE2,EU15,,NaN,,NaN
A,GE10,I55,P_CUSE,PC_EMP_CUSE2,EU27_2007,,NaN,,NaN
A,GE10,I55,P_CUSE,PC_EMP_CUSE2,EU27_2020,,NaN,,NaN
A,GE10,I55,P_CUSE,PC_EMP_CUSE2,EU28,,NaN,,NaN
A,GE10,I55,P_CUSE,PC_EMP_CUSE2,FI,,NaN,,NaN
A,GE10,I55,P_CUSE,PC_EMP_CUSE2,FR,,NaN,,NaN
A,GE10,I55,P_CUSE,PC_EMP_CUSE2,HR,,NaN,,NaN
A,GE10,I55,P_CUSE,PC_EMP_CUSE2,HU,,NaN,,NaN
A,GE10,I55,P_CUSE,PC_EMP_CUSE2,IE,,NaN,,NaN
A,GE10,I55,P_CUSE,PC_EMP_CUSE2,IT,,NaN,,NaN
A,GE10,I55,P_CUSE,PC_EMP_CUSE2,LT,,NaN,,NaN
A,GE10,I55,P_CUSE,PC_EMP_CUSE2,MK,,NaN,,NaN
A,GE10,I55,P_CUSE,PC_EMP_CUSE2,MT,,NaN,,NaN
A,GE10,I55,P_CUSE,PC_EMP_CUSE2,NL,,NaN,,NaN
A,GE10,I55,P_CUSE,PC_EMP_CUSE2,NO,,NaN,,NaN
A,GE10,I55,P_CUSE,PC_EMP_CUSE2,PL,,NaN,,NaN
A,GE10,I55,P_CUSE,PC_EMP_CUSE2,PT,,NaN,,NaN
A,GE10,I55,P_CUSE,PC_EMP_CUSE2,RO,,NaN,,NaN
A,GE10,I55,P_CUSE,PC_EMP_CUSE2,RS,,NaN,,NaN
A,GE10,I55,P_CUSE,PC_EMP_CUSE2,SI,,NaN,,NaN
A,GE10,I55,P_CUSE,PC_EMP_CUSE2,SK,,NaN,,NaN
A,GE10,I55,P_CUSE,PC_EMP_CUSE2,UK,,NaN,,NaN
A,GE10,I55,P_IUSE,PC_EMP,AL,,NaN,,NaN
A,GE10,I55,P_IUSE,PC_EMP,AT,38.2,NaN,46.98,NaN
A,GE10,I55,P_IUSE,PC_EMP,BA,,NaN,42.24,NaN
A,GE10,I55,P_IUSE,PC_EMP,BE,50.63,NaN,46.98,NaN
A,GE10,I55,P_IUSE,PC_EMP,BG,26.0,NaN,21.12,NaN
A,GE10,I55,P_IUSE,PC_EMP,CY,19.67,NaN,24.93,NaN
A,GE10,I55,P_IUSE,PC_EMP,CZ,34.41,NaN,46.14,NaN
A,GE10,I55,P_IUSE,PC_EMP,DE,37.41,NaN,42.01,NaN
A,GE10,I55,P_IUSE,PC_EMP,DK,58.17,NaN,66.45,NaN
A,GE10,I55,P_IUSE,PC_EMP,EA,37.65,NaN,42.97,NaN
A,GE10,I55,P_IUSE,PC_EMP,EE,39.42,NaN,43.72,NaN
A,GE10,I55,P_IUSE,PC_EMP,EL,24.05,NaN,34.78,NaN
A,GE10,I55,P_IUSE,PC_EMP,ES,38.14,NaN,43.54,NaN
A,GE10,I55,P_IUSE,PC_EMP,EU15,39.49,NaN,,NaN
A,GE10,I55,P_IUSE,PC_EMP,EU25,,NaN,,NaN
A,GE10,I55,P_IUSE,PC_EMP,EU27_2007,38.64,NaN,,NaN
A,GE10,I55,P_IUSE,PC_EMP,EU27_2020,37.96,NaN,43.05,NaN
A,GE10,I55,P_IUSE,PC_EMP,EU28,38.74,NaN,,NaN
A,GE10,I55,P_IUSE,PC_EMP,FI,78.19,NaN,88.7,NaN
A,GE10,I55,P_IUSE,PC_EMP,FR,44.05,NaN,49.7,NaN
A,GE10,I55,P_IUSE,PC_EMP,HR,45.49,NaN,46.77,NaN
A,GE10,I55,P_IUSE,PC_EMP,HU,36.37,NaN,43.96,NaN
A,GE10,I55,P_IUSE,PC_EMP,IE,25.03,NaN,24.16,NaN
A,GE10,I55,P_IUSE,PC_EMP,IS,,NaN,100.0,NaN
A,GE10,I55,P_IUSE,PC_EMP,IT,34.58,NaN,44.95,NaN
A,GE10,I55,P_IUSE,PC_EMP,LT,44.48,NaN,47.15,NaN
A,GE10,I55,P_IUSE,PC_EMP,LU,33.96,NaN,39.41,NaN
A,GE10,I55,P_IUSE,PC_EMP,LV,40.78,NaN,44.87,NaN
A,GE10,I55,P_IUSE,PC_EMP,ME,,u,45.64,NaN
A,GE10,I55,P_IUSE,PC_EMP,MK,32.06,NaN,37.07,NaN
A,GE10,I55,P_IUSE,PC_EMP,MT,28.28,NaN,41.17,NaN
A,GE10,I55,P_IUSE,PC_EMP,NL,44.81,NaN,57.15,NaN
A,GE10,I55,P_IUSE,PC_EMP,NO,60.15,NaN,73.96,NaN
A,GE10,I55,P_IUSE,PC_EMP,PL,41.29,NaN,51.44,NaN
A,GE10,I55,P_IUSE,PC_EMP,PT,37.06,NaN,33.52,NaN
A,GE10,I55,P_IUSE,PC_EMP,RO,23.9,NaN,23.35,NaN
A,GE10,I55,P_IUSE,PC_EMP,RS,,NaN,48.71,NaN
A,GE10,I55,P_IUSE,PC_EMP,SE,67.41,NaN,74.26,NaN
A,GE10,I55,P_IUSE,PC_EMP,SI,58.28,NaN,61.53,NaN
A,GE10,I55,P_IUSE,PC_EMP,SK,36.61,NaN,42.15,NaN
A,GE10,I55,P_IUSE,PC_EMP,TR,21.73,NaN,,NaN
A,GE10,I55,P_IUSE,PC_EMP,UK,41.54,NaN,,u
A,GE10,I55,P_IUSE,PC_EMP_CUSE,AT,,NaN,,NaN
A,GE10,I55,P_IUSE,PC_EMP_CUSE,BA,,NaN,,NaN
A,GE10,I55,P_IUSE,PC_EMP_CUSE,BE,95.63,NaN,,NaN
A,GE10,I55,P_IUSE,PC_EMP_CUSE,BG,88.36,NaN,,NaN
A,GE10,I55,P_IUSE,PC_EMP_CUSE,CY,58.97,NaN,,NaN
A,GE10,I55,P_IUSE,PC_EMP_CUSE,CZ,90.93,NaN,,NaN
A,GE10,I55,P_IUSE,PC_EMP_CUSE,DE,93.44,NaN,,NaN
A,GE10,I55,P_IUSE,PC_EMP_CUSE,DK,,NaN,,NaN
A,GE10,I55,P_IUSE,PC_EMP_CUSE,EA,90.39,NaN,,NaN
A,GE10,I55,P_IUSE,PC_EMP_CUSE,EE,98.67,NaN,,NaN
A,GE10,I55,P_IUSE,PC_EMP_CUSE,EL,84.71,NaN,,NaN
A,GE10,I55,P_IUSE,PC_EMP_CUSE,ES,87.56,NaN,,NaN
A,GE10,I55,P_IUSE,PC_EMP_CUSE,EU15,92.22,NaN,,NaN
A,GE10,I55,P_IUSE,PC_EMP_CUSE,EU25,,NaN,,NaN
A,GE10,I55,P_IUSE,PC_EMP_CUSE,EU27_2007,91.48,NaN,,NaN
A,GE10,I55,P_IUSE,PC_EMP_CUSE,EU27_2020,90.1,NaN,,NaN
A,GE10,I55,P_IUSE,PC_EMP_CUSE,EU28,91.54,NaN,,NaN
A,GE10,I55,P_IUSE,PC_EMP_CUSE,FI,98.36,NaN,,NaN
A,GE10,I55,P_IUSE,PC_EMP_CUSE,FR,,NaN,,NaN
A,GE10,I55,P_IUSE,PC_EMP_CUSE,HR,94.45,NaN,,NaN
A,GE10,I55,P_IUSE,PC_EMP_CUSE,HU,75.82,NaN,,NaN
A,GE10,I55,P_IUSE,PC_EMP_CUSE,IE,82.02,NaN,,NaN
A,GE10,I55,P_IUSE,PC_EMP_CUSE,IS,,NaN,,NaN
A,GE10,I55,P_IUSE,PC_EMP_CUSE,IT,92.1,NaN,,NaN
A,GE10,I55,P_IUSE,PC_EMP_CUSE,LT,99.65,NaN,,NaN
A,GE10,I55,P_IUSE,PC_EMP_CUSE,LU,,NaN,,NaN
A,GE10,I55,P_IUSE,PC_EMP_CUSE,LV,,NaN,,NaN
A,GE10,I55,P_IUSE,PC_EMP_CUSE,ME,,u,,NaN
A,GE10,I55,P_IUSE,PC_EMP_CUSE,MK,76.85,NaN,,NaN
A,GE10,I55,P_IUSE,PC_EMP_CUSE,MT,,NaN,,NaN
A,GE10,I55,P_IUSE,PC_EMP_CUSE,NL,93.56,NaN,,NaN
A,GE10,I55,P_IUSE,PC_EMP_CUSE,NO,94.43,NaN,,NaN
A,GE10,I55,P_IUSE,PC_EMP_CUSE,PL,93.1,NaN,,NaN
A,GE10,I55,P_IUSE,PC_EMP_CUSE,PT,88.42,NaN,,NaN
A,GE10,I55,P_IUSE,PC_EMP_CUSE,RO,84.8,NaN,,NaN
A,GE10,I55,P_IUSE,PC_EMP_CUSE,RS,,NaN,,NaN
A,GE10,I55,P_IUSE,PC_EMP_CUSE,SE,,NaN,,NaN
A,GE10,I55,P_IUSE,PC_EMP_CUSE,SI,94.99,NaN,,NaN
A,GE10,I55,P_IUSE,PC_EMP_CUSE,SK,88.81,NaN,,NaN
A,GE10,I55,P_IUSE,PC_EMP_CUSE,TR,,NaN,,NaN
A,GE10,I55,P_IUSE,PC_EMP_CUSE,UK,95.25,NaN,,NaN
A,GE10,I55,P_IUSE,PC_EMP_CUSE2,AT,,NaN,,NaN
A,GE10,I55,P_IUSE,PC_EMP_CUSE2,BE,,NaN,,NaN
A,GE10,I55,P_IUSE,PC_EMP_CUSE2,BG,,NaN,,NaN
A,GE10,I55,P_IUSE,PC_EMP_CUSE2,CY,,NaN,,NaN
A,GE10,I55,P_IUSE,PC_EMP_CUSE2,CZ,,NaN,,NaN
A,GE10,I55,P_IUSE,PC_EMP_CUSE2,DE,,NaN,,NaN
A,GE10,I55,P_IUSE,PC_EMP_CUSE2,DK,,NaN,,NaN
A,GE10,I55,P_IUSE,PC_EMP_CUSE2,EA,,NaN,,NaN
A,GE10,I55,P_IUSE,PC_EMP_CUSE2,EE,,NaN,,NaN
A,GE10,I55,P_IUSE,PC_EMP_CUSE2,EL,,NaN,,NaN
A,GE10,I55,P_IUSE,PC_EMP_CUSE2,ES,,NaN,,NaN
A,GE10,I55,P_IUSE,PC_EMP_CUSE2,EU15,,NaN,,NaN
A,GE10,I55,P_IUSE,PC_EMP_CUSE2,EU27_2007,,NaN,,NaN
A,GE10,I55,P_IUSE,PC_EMP_CUSE2,EU27_2020,,NaN,,NaN
A,GE10,I55,P_IUSE,PC_EMP_CUSE2,EU28,,NaN,,NaN
A,GE10,I55,P_IUSE,PC_EMP_CUSE2,FI,,NaN,,NaN
A,GE10,I55,P_IUSE,PC_EMP_CUSE2,FR,,NaN,,NaN
A,GE10,I55,P_IUSE,PC_EMP_CUSE2,HR,,NaN,,NaN
A,GE10,I55,P_IUSE,PC_EMP_CUSE2,HU,,NaN,,NaN
A,GE10,I55,P_IUSE,PC_EMP_CUSE2,IE,,NaN,,NaN
A,GE10,I55,P_IUSE,PC_EMP_CUSE2,IS,,NaN,,NaN
A,GE10,I55,P_IUSE,PC_EMP_CUSE2,IT,,NaN,,NaN
A,GE10,I55,P_IUSE,PC_EMP_CUSE2,LT,,NaN,,NaN
A,GE10,I55,P_IUSE,PC_EMP_CUSE2,LU,,NaN,,NaN
A,GE10,I55,P_IUSE,PC_EMP_CUSE2,LV,,NaN,,NaN
A,GE10,I55,P_IUSE,PC_EMP_CUSE2,MK,,NaN,,NaN
A,GE10,I55,P_IUSE,PC_EMP_CUSE2,MT,,NaN,,NaN
A,GE10,I55,P_IUSE,PC_EMP_CUSE2,NL,,NaN,,NaN
A,GE10,I55,P_IUSE,PC_EMP_CUSE2,NO,,NaN,,NaN
A,GE10,I55,P_IUSE,PC_EMP_CUSE2,PL,,NaN,,NaN
A,GE10,I55,P_IUSE,PC_EMP_CUSE2,PT,,NaN,,NaN
A,GE10,I55,P_IUSE,PC_EMP_CUSE2,RO,,NaN,,NaN
A,GE10,I55,P_IUSE,PC_EMP_CUSE2,RS,,NaN,,NaN
A,GE10,I55,P_IUSE,PC_EMP_CUSE2,SE,,NaN,,NaN
A,GE10,I55,P_IUSE,PC_EMP_CUSE2,SI,,NaN,,NaN
A,GE10,I55,P_IUSE,PC_EMP_CUSE2,SK,,NaN,,NaN
A,GE10,I55,P_IUSE,PC_EMP_CUSE2,TR,,NaN,,NaN
A,GE10,I55,P_IUSE,PC_EMP_CUSE2,UK,,NaN,,NaN
A,GE10,I55,P_IUSE,PC_EMP_IACC,AT,,NaN,,NaN
A,GE10,I55,P_IUSE,PC_EMP_IACC,BE,,NaN,,NaN
A,GE10,I55,P_IUSE,PC_EMP_IACC,BG,,NaN,,NaN
A,GE10,I55,P_IUSE,PC_EMP_IACC,CY,,NaN,,NaN
A,GE10,I55,P_IUSE,PC_EMP_IACC,CZ,,NaN,,NaN
A,GE10,I55,P_IUSE,PC_EMP_IACC,DE,,NaN,,NaN
A,GE10,I55,P_IUSE,PC_EMP_IACC,DK,,NaN,,NaN
A,GE10,I55,P_IUSE,PC_EMP_IACC,EA,,NaN,,NaN
A,GE10,I55,P_IUSE,PC_EMP_IACC,EE,,NaN,,NaN
A,GE10,I55,P_IUSE,PC_EMP_IACC,EL,,NaN,,NaN
A,GE10,I55,P_IUSE,PC_EMP_IACC,ES,,NaN,,NaN
A,GE10,I55,P_IUSE,PC_EMP_IACC,EU15,,NaN,,NaN
A,GE10,I55,P_IUSE,PC_EMP_IACC,EU27_2007,,NaN,,NaN
A,GE10,I55,P_IUSE,PC_EMP_IACC,EU27_2020,,NaN,,NaN
A,GE10,I55,P_IUSE,PC_EMP_IACC,EU28,,NaN,,NaN
A,GE10,I55,P_IUSE,PC_EMP_IACC,FI,,NaN,,NaN
A,GE10,I55,P_IUSE,PC_EMP_IACC,FR,,NaN,,NaN
A,GE10,I55,P_IUSE,PC_EMP_IACC,HR,,NaN,,NaN
A,GE10,I55,P_IUSE,PC_EMP_IACC,HU,,NaN,,NaN
A,GE10,I55,P_IUSE,PC_EMP_IACC,IE,,NaN,,NaN
A,GE10,I55,P_IUSE,PC_EMP_IACC,IS,,NaN,,NaN
A,GE10,I55,P_IUSE,PC_EMP_IACC,IT,,NaN,,NaN
A,GE10,I55,P_IUSE,PC_EMP_IACC,LT,,NaN,,NaN
A,GE10,I55,P_IUSE,PC_EMP_IACC,LU,,NaN,,NaN
A,GE10,I55,P_IUSE,PC_EMP_IACC,LV,,NaN,,NaN
A,GE10,I55,P_IUSE,PC_EMP_IACC,MK,,NaN,,NaN
A,GE10,I55,P_IUSE,PC_EMP_IACC,MT,,NaN,,NaN
A,GE10,I55,P_IUSE,PC_EMP_IACC,NL,,NaN,,NaN
A,GE10,I55,P_IUSE,PC_EMP_IACC,NO,,NaN,,NaN
A,GE10,I55,P_IUSE,PC_EMP_IACC,PL,,NaN,,NaN
A,GE10,I55,P_IUSE,PC_EMP_IACC,PT,,NaN,,NaN
A,GE10,I55,P_IUSE,PC_EMP_IACC,RO,,NaN,,NaN
A,GE10,I55,P_IUSE,PC_EMP_IACC,RS,,NaN,,NaN
A,GE10,I55,P_IUSE,PC_EMP_IACC,SE,,NaN,,NaN
A,GE10,I55,P_IUSE,PC_EMP_IACC,SI,,NaN,,NaN
A,GE10,I55,P_IUSE,PC_EMP_IACC,SK,,NaN,,NaN
A,GE10,I55,P_IUSE,PC_EMP_IACC,TR,,NaN,,NaN
A,GE10,I55,P_IUSE,PC_EMP_IACC,UK,,NaN,,NaN
A,GE10,ICT,P_CUSE,PC_EMP,AT,,NaN,,NaN
A,GE10,ICT,P_CUSE,PC_EMP,BA,,NaN,,NaN
A,GE10,ICT,P_CUSE,PC_EMP,BE,96.42,NaN,,NaN
A,GE10,ICT,P_CUSE,PC_EMP,BG,84.75,NaN,,NaN
A,GE10,ICT,P_CUSE,PC_EMP,CY,94.93,NaN,,NaN
A,GE10,ICT,P_CUSE,PC_EMP,CZ,82.12,NaN,,NaN
A,GE10,ICT,P_CUSE,PC_EMP,DE,93.48,NaN,,NaN
A,GE10,ICT,P_CUSE,PC_EMP,DK,,NaN,,NaN
A,GE10,ICT,P_CUSE,PC_EMP,EA,94.21,NaN,,NaN
A,GE10,ICT,P_CUSE,PC_EMP,EE,91.96,NaN,,NaN
A,GE10,ICT,P_CUSE,PC_EMP,EL,86.05,NaN,,NaN
A,GE10,ICT,P_CUSE,PC_EMP,ES,96.92,NaN,,NaN
A,GE10,ICT,P_CUSE,PC_EMP,EU15,95.45,NaN,,NaN
A,GE10,ICT,P_CUSE,PC_EMP,EU25,,NaN,,NaN
A,GE10,ICT,P_CUSE,PC_EMP,EU27_2007,93.21,NaN,,NaN
A,GE10,ICT,P_CUSE,PC_EMP,EU27_2020,91.96,NaN,,NaN
A,GE10,ICT,P_CUSE,PC_EMP,EU28,93.23,NaN,,NaN
A,GE10,ICT,P_CUSE,PC_EMP,FI,99.08,NaN,,NaN
A,GE10,ICT,P_CUSE,PC_EMP,FR,,NaN,,NaN
A,GE10,ICT,P_CUSE,PC_EMP,HR,97.82,NaN,,NaN
A,GE10,ICT,P_CUSE,PC_EMP,HU,84.62,NaN,,NaN
A,GE10,ICT,P_CUSE,PC_EMP,IE,95.0,NaN,,NaN
A,GE10,ICT,P_CUSE,PC_EMP,IS,,NaN,,NaN
A,GE10,ICT,P_CUSE,PC_EMP,IT,94.69,NaN,,NaN
A,GE10,ICT,P_CUSE,PC_EMP,LT,92.55,NaN,,NaN
A,GE10,ICT,P_CUSE,PC_EMP,LV,,NaN,,NaN
A,GE10,ICT,P_CUSE,PC_EMP,ME,,u,,NaN
A,GE10,ICT,P_CUSE,PC_EMP,MK,82.32,NaN,,NaN
A,GE10,ICT,P_CUSE,PC_EMP,MT,,NaN,,NaN
A,GE10,ICT,P_CUSE,PC_EMP,NL,96.59,NaN,,NaN
A,GE10,ICT,P_CUSE,PC_EMP,NO,99.28,NaN,,NaN
A,GE10,ICT,P_CUSE,PC_EMP,PL,89.08,NaN,,NaN
A,GE10,ICT,P_CUSE,PC_EMP,PT,85.82,NaN,,NaN
A,GE10,ICT,P_CUSE,PC_EMP,RO,78.92,NaN,,NaN
A,GE10,ICT,P_CUSE,PC_EMP,RS,,NaN,,NaN
A,GE10,ICT,P_CUSE,PC_EMP,SE,,NaN,,NaN
A,GE10,ICT,P_CUSE,PC_EMP,SI,87.08,NaN,,NaN
A,GE10,ICT,P_CUSE,PC_EMP,SK,83.86,NaN,,NaN
A,GE10,ICT,P_CUSE,PC_EMP,TR,,NaN,,NaN
A,GE10,ICT,P_CUSE,PC_EMP,UK,97.97,NaN,,NaN
A,GE10,ICT,P_CUSE,PC_EMP_CUSE2,AT,,NaN,,NaN
A,GE10,ICT,P_CUSE,PC_EMP_CUSE2,BE,,NaN,,NaN
A,GE10,ICT,P_CUSE,PC_EMP_CUSE2,BG,,NaN,,NaN
A,GE10,ICT,P_CUSE,PC_EMP_CUSE2,CY,,NaN,,NaN
A,GE10,ICT,P_CUSE,PC_EMP_CUSE2,CZ,,NaN,,NaN
A,GE10,ICT,P_CUSE,PC_EMP_CUSE2,DE,,NaN,,NaN
A,GE10,ICT,P_CUSE,PC_EMP_CUSE2,DK,,NaN,,NaN
A,GE10,ICT,P_CUSE,PC_EMP_CUSE2,EA,,NaN,,NaN
A,GE10,ICT,P_CUSE,PC_EMP_CUSE2,EE,,NaN,,NaN
A,GE10,ICT,P_CUSE,PC_EMP_CUSE2,EL,,NaN,,NaN
A,GE10,ICT,P_CUSE,PC_EMP_CUSE2,ES,,NaN,,NaN
A,GE10,ICT,P_CUSE,PC_EMP_CUSE2,EU15,,NaN,,NaN
A,GE10,ICT,P_CUSE,PC_EMP_CUSE2,EU27_2007,,NaN,,NaN
A,GE10,ICT,P_CUSE,PC_EMP_CUSE2,EU27_2020,,NaN,,NaN
A,GE10,ICT,P_CUSE,PC_EMP_CUSE2,EU28,,NaN,,NaN
A,GE10,ICT,P_CUSE,PC_EMP_CUSE2,FI,,NaN,,NaN
A,GE10,ICT,P_CUSE,PC_EMP_CUSE2,FR,,NaN,,NaN
A,GE10,ICT,P_CUSE,PC_EMP_CUSE2,HR,,NaN,,NaN
A,GE10,ICT,P_CUSE,PC_EMP_CUSE2,HU,,NaN,,NaN
A,GE10,ICT,P_CUSE,PC_EMP_CUSE2,IE,,NaN,,NaN
A,GE10,ICT,P_CUSE,PC_EMP_CUSE2,IS,,NaN,,NaN
A,GE10,ICT,P_CUSE,PC_EMP_CUSE2,IT,,NaN,,NaN
A,GE10,ICT,P_CUSE,PC_EMP_CUSE2,LT,,NaN,,NaN
A,GE10,ICT,P_CUSE,PC_EMP_CUSE2,MK,,NaN,,NaN
A,GE10,ICT,P_CUSE,PC_EMP_CUSE2,MT,,NaN,,NaN
A,GE10,ICT,P_CUSE,PC_EMP_CUSE2,NL,,NaN,,NaN
A,GE10,ICT,P_CUSE,PC_EMP_CUSE2,NO,,NaN,,NaN
A,GE10,ICT,P_CUSE,PC_EMP_CUSE2,PL,,NaN,,NaN
A,GE10,ICT,P_CUSE,PC_EMP_CUSE2,PT,,NaN,,NaN
A,GE10,ICT,P_CUSE,PC_EMP_CUSE2,RO,,NaN,,NaN
A,GE10,ICT,P_CUSE,PC_EMP_CUSE2,RS,,NaN,,NaN
A,GE10,ICT,P_CUSE,PC_EMP_CUSE2,SI,,NaN,,NaN
A,GE10,ICT,P_CUSE,PC_EMP_CUSE2,SK,,NaN,,NaN
A,GE10,ICT,P_CUSE,PC_EMP_CUSE2,UK,,NaN,,NaN
A,GE10,ICT,P_IUSE,PC_EMP,AT,,u,,u
A,GE10,ICT,P_IUSE,PC_EMP,BA,,NaN,92.06,NaN
A,GE10,ICT,P_IUSE,PC_EMP,BE,94.68,NaN,98.26,NaN
A,GE10,ICT,P_IUSE,PC_EMP,BG,83.4,NaN,90.38,NaN
A,GE10,ICT,P_IUSE,PC_EMP,CY,93.77,NaN,97.76,NaN
A,GE10,ICT,P_IUSE,PC_EMP,CZ,75.37,NaN,85.68,NaN
A,GE10,ICT,P_IUSE,PC_EMP,DE,88.03,NaN,94.59,NaN
A,GE10,ICT,P_IUSE,PC_EMP,DK,97.17,NaN,98.51,NaN
A,GE10,ICT,P_IUSE,PC_EMP,EA,90.14,NaN,94.41,NaN
A,GE10,ICT,P_IUSE,PC_EMP,EE,86.72,NaN,90.37,NaN
A,GE10,ICT,P_IUSE,PC_EMP,EL,84.14,NaN,90.41,NaN
A,GE10,ICT,P_IUSE,PC_EMP,ES,94.79,NaN,97.5,NaN
A,GE10,ICT,P_IUSE,PC_EMP,EU15,91.83,NaN,,NaN
A,GE10,ICT,P_IUSE,PC_EMP,EU25,,NaN,,NaN
A,GE10,ICT,P_IUSE,PC_EMP,EU27_2007,89.85,NaN,,NaN
A,GE10,ICT,P_IUSE,PC_EMP,EU27_2020,88.71,NaN,93.16,NaN
A,GE10,ICT,P_IUSE,PC_EMP,EU28,89.89,NaN,,NaN
A,GE10,ICT,P_IUSE,PC_EMP,FI,98.51,NaN,98.56,NaN
A,GE10,ICT,P_IUSE,PC_EMP,FR,88.07,NaN,92.1,NaN
A,GE10,ICT,P_IUSE,PC_EMP,HR,97.78,NaN,96.64,NaN
A,GE10,ICT,P_IUSE,PC_EMP,HU,75.33,NaN,78.72,NaN
A,GE10,ICT,P_IUSE,PC_EMP,IE,92.04,NaN,97.13,NaN
A,GE10,ICT,P_IUSE,PC_EMP,IS,,NaN,100.0,NaN
A,GE10,ICT,P_IUSE,PC_EMP,IT,90.93,NaN,94.05,NaN
A,GE10,ICT,P_IUSE,PC_EMP,LT,91.87,NaN,96.13,NaN
A,GE10,ICT,P_IUSE,PC_EMP,LU,88.57,NaN,91.97,NaN
A,GE10,ICT,P_IUSE,PC_EMP,LV,84.67,NaN,85.53,NaN
A,GE10,ICT,P_IUSE,PC_EMP,ME,,u,90.35,NaN
A,GE10,ICT,P_IUSE,PC_EMP,MK,80.26,NaN,87.63,NaN
A,GE10,ICT,P_IUSE,PC_EMP,MT,72.61,NaN,75.07,NaN
A,GE10,ICT,P_IUSE,PC_EMP,NL,95.73,NaN,96.52,NaN
A,GE10,ICT,P_IUSE,PC_EMP,NO,98.59,NaN,99.13,NaN
A,GE10,ICT,P_IUSE,PC_EMP,PL,86.43,NaN,92.48,NaN
A,GE10,ICT,P_IUSE,PC_EMP,PT,83.13,NaN,92.17,NaN
A,GE10,ICT,P_IUSE,PC_EMP,RO,74.96,NaN,80.43,NaN
A,GE10,ICT,P_IUSE,PC_EMP,RS,,NaN,90.59,NaN
A,GE10,ICT,P_IUSE,PC_EMP,SE,96.46,NaN,98.57,NaN
A,GE10,ICT,P_IUSE,PC_EMP,SI,85.72,NaN,94.39,NaN
A,GE10,ICT,P_IUSE,PC_EMP,SK,79.52,NaN,84.82,NaN
A,GE10,ICT,P_IUSE,PC_EMP,TR,78.17,NaN,,NaN
A,GE10,ICT,P_IUSE,PC_EMP,UK,95.75,NaN,,u
A,GE10,ICT,P_IUSE,PC_EMP_CUSE,AT,,NaN,,NaN
A,GE10,ICT,P_IUSE,PC_EMP_CUSE,BA,,NaN,,NaN
A,GE10,ICT,P_IUSE,PC_EMP_CUSE,BE,98.19,NaN,,NaN
A,GE10,ICT,P_IUSE,PC_EMP_CUSE,BG,98.41,NaN,,NaN
A,GE10,ICT,P_IUSE,PC_EMP_CUSE,CY,98.78,NaN,,NaN
A,GE10,ICT,P_IUSE,PC_EMP_CUSE,CZ,91.79,NaN,,NaN
A,GE10,ICT,P_IUSE,PC_EMP_CUSE,DE,94.17,NaN,,NaN
A,GE10,ICT,P_IUSE,PC_EMP_CUSE,DK,,NaN,,NaN
A,GE10,ICT,P_IUSE,PC_EMP_CUSE,EA,96.19,NaN,,NaN
A,GE10,ICT,P_IUSE,PC_EMP_CUSE,EE,94.31,NaN,,NaN
A,GE10,ICT,P_IUSE,PC_EMP_CUSE,EL,97.78,NaN,,NaN
A,GE10,ICT,P_IUSE,PC_EMP_CUSE,ES,97.8,NaN,,NaN
A,GE10,ICT,P_IUSE,PC_EMP_CUSE,EU15,96.61,NaN,,NaN
A,GE10,ICT,P_IUSE,PC_EMP_CUSE,EU25,,NaN,,NaN
A,GE10,ICT,P_IUSE,PC_EMP_CUSE,EU27_2007,96.26,NaN,,NaN
A,GE10,ICT,P_IUSE,PC_EMP_CUSE,EU27_2020,95.87,NaN,,NaN
A,GE10,ICT,P_IUSE,PC_EMP_CUSE,EU28,96.28,NaN,,NaN
A,GE10,ICT,P_IUSE,PC_EMP_CUSE,FI,99.42,NaN,,NaN
A,GE10,ICT,P_IUSE,PC_EMP_CUSE,FR,,NaN,,NaN
A,GE10,ICT,P_IUSE,PC_EMP_CUSE,HR,99.95,NaN,,NaN
A,GE10,ICT,P_IUSE,PC_EMP_CUSE,HU,89.02,NaN,,NaN
A,GE10,ICT,P_IUSE,PC_EMP_CUSE,IE,96.88,NaN,,NaN
A,GE10,ICT,P_IUSE,PC_EMP_CUSE,IS,,NaN,,NaN
A,GE10,ICT,P_IUSE,PC_EMP_CUSE,IT,96.03,NaN,,NaN
A,GE10,ICT,P_IUSE,PC_EMP_CUSE,LT,99.27,NaN,,NaN
A,GE10,ICT,P_IUSE,PC_EMP_CUSE,LV,,NaN,,NaN
A,GE10,ICT,P_IUSE,PC_EMP_CUSE,ME,,u,,NaN
A,GE10,ICT,P_IUSE,PC_EMP_CUSE,MK,97.5,NaN,,NaN
A,GE10,ICT,P_IUSE,PC_EMP_CUSE,MT,,NaN,,NaN
A,GE10,ICT,P_IUSE,PC_EMP_CUSE,NL,99.11,NaN,,NaN
A,GE10,ICT,P_IUSE,PC_EMP_CUSE,NO,99.3,NaN,,NaN
A,GE10,ICT,P_IUSE,PC_EMP_CUSE,PL,97.03,NaN,,NaN
A,GE10,ICT,P_IUSE,PC_EMP_CUSE,PT,96.86,NaN,,NaN
A,GE10,ICT,P_IUSE,PC_EMP_CUSE,RO,94.98,NaN,,NaN
A,GE10,ICT,P_IUSE,PC_EMP_CUSE,RS,,NaN,,NaN
A,GE10,ICT,P_IUSE,PC_EMP_CUSE,SE,,NaN,,NaN
A,GE10,ICT,P_IUSE,PC_EMP_CUSE,SI,98.44,NaN,,NaN
A,GE10,ICT,P_IUSE,PC_EMP_CUSE,SK,94.83,NaN,,NaN
A,GE10,ICT,P_IUSE,PC_EMP_CUSE,TR,,NaN,,NaN
A,GE10,ICT,P_IUSE,PC_EMP_CUSE,UK,97.74,NaN,,NaN
A,GE10,ICT,P_IUSE,PC_EMP_CUSE2,AT,,NaN,,NaN
A,GE10,ICT,P_IUSE,PC_EMP_CUSE2,BE,,NaN,,NaN
A,GE10,ICT,P_IUSE,PC_EMP_CUSE2,BG,,NaN,,NaN
A,GE10,ICT,P_IUSE,PC_EMP_CUSE2,CY,,NaN,,NaN
A,GE10,ICT,P_IUSE,PC_EMP_CUSE2,CZ,,NaN,,NaN
A,GE10,ICT,P_IUSE,PC_EMP_CUSE2,DE,,NaN,,NaN
A,GE10,ICT,P_IUSE,PC_EMP_CUSE2,DK,,NaN,,NaN
A,GE10,ICT,P_IUSE,PC_EMP_CUSE2,EA,,NaN,,NaN
A,GE10,ICT,P_IUSE,PC_EMP_CUSE2,EE,,NaN,,NaN
A,GE10,ICT,P_IUSE,PC_EMP_CUSE2,EL,,NaN,,NaN
A,GE10,ICT,P_IUSE,PC_EMP_CUSE2,ES,,NaN,,NaN
A,GE10,ICT,P_IUSE,PC_EMP_CUSE2,EU15,,NaN,,NaN
A,GE10,ICT,P_IUSE,PC_EMP_CUSE2,EU27_2007,,NaN,,NaN
A,GE10,ICT,P_IUSE,PC_EMP_CUSE2,EU27_2020,,NaN,,NaN
A,GE10,ICT,P_IUSE,PC_EMP_CUSE2,EU28,,NaN,,NaN
A,GE10,ICT,P_IUSE,PC_EMP_CUSE2,FI,,NaN,,NaN
A,GE10,ICT,P_IUSE,PC_EMP_CUSE2,FR,,NaN,,NaN
A,GE10,ICT,P_IUSE,PC_EMP_CUSE2,HR,,NaN,,NaN
A,GE10,ICT,P_IUSE,PC_EMP_CUSE2,HU,,NaN,,NaN
A,GE10,ICT,P_IUSE,PC_EMP_CUSE2,IE,,NaN,,NaN
A,GE10,ICT,P_IUSE,PC_EMP_CUSE2,IS,,NaN,,NaN
A,GE10,ICT,P_IUSE,PC_EMP_CUSE2,IT,,NaN,,NaN
A,GE10,ICT,P_IUSE,PC_EMP_CUSE2,LT,,NaN,,NaN
A,GE10,ICT,P_IUSE,PC_EMP_CUSE2,LU,,NaN,,NaN
A,GE10,ICT,P_IUSE,PC_EMP_CUSE2,LV,,NaN,,NaN
A,GE10,ICT,P_IUSE,PC_EMP_CUSE2,MK,,NaN,,NaN
A,GE10,ICT,P_IUSE,PC_EMP_CUSE2,MT,,NaN,,NaN
A,GE10,ICT,P_IUSE,PC_EMP_CUSE2,NL,,NaN,,NaN
A,GE10,ICT,P_IUSE,PC_EMP_CUSE2,NO,,NaN,,NaN
A,GE10,ICT,P_IUSE,PC_EMP_CUSE2,PL,,NaN,,NaN
A,GE10,ICT,P_IUSE,PC_EMP_CUSE2,PT,,NaN,,NaN
A,GE10,ICT,P_IUSE,PC_EMP_CUSE2,RO,,NaN,,NaN
A,GE10,ICT,P_IUSE,PC_EMP_CUSE2,RS,,NaN,,NaN
A,GE10,ICT,P_IUSE,PC_EMP_CUSE2,SE,,NaN,,NaN
A,GE10,ICT,P_IUSE,PC_EMP_CUSE2,SI,,NaN,,NaN
A,GE10,ICT,P_IUSE,PC_EMP_CUSE2,SK,,NaN,,NaN
A,GE10,ICT,P_IUSE,PC_EMP_CUSE2,TR,,NaN,,NaN
A,GE10,ICT,P_IUSE,PC_EMP_CUSE2,UK,,NaN,,NaN
A,GE10,ICT,P_IUSE,PC_EMP_IACC,AT,,NaN,,NaN
A,GE10,ICT,P_IUSE,PC_EMP_IACC,BE,,NaN,,NaN
A,GE10,ICT,P_IUSE,PC_EMP_IACC,BG,,NaN,,NaN
A,GE10,ICT,P_IUSE,PC_EMP_IACC,CY,,NaN,,NaN
A,GE10,ICT,P_IUSE,PC_EMP_IACC,CZ,,NaN,,NaN
A,GE10,ICT,P_IUSE,PC_EMP_IACC,DE,,NaN,,NaN
A,GE10,ICT,P_IUSE,PC_EMP_IACC,DK,,NaN,,NaN
A,GE10,ICT,P_IUSE,PC_EMP_IACC,EA,,NaN,,NaN
A,GE10,ICT,P_IUSE,PC_EMP_IACC,EE,,NaN,,NaN
A,GE10,ICT,P_IUSE,PC_EMP_IACC,EL,,NaN,,NaN
A,GE10,ICT,P_IUSE,PC_EMP_IACC,ES,,NaN,,NaN
A,GE10,ICT,P_IUSE,PC_EMP_IACC,EU15,,NaN,,NaN
A,GE10,ICT,P_IUSE,PC_EMP_IACC,EU27_2007,,NaN,,NaN
A,GE10,ICT,P_IUSE,PC_EMP_IACC,EU27_2020,,NaN,,NaN
A,GE10,ICT,P_IUSE,PC_EMP_IACC,EU28,,NaN,,NaN
A,GE10,ICT,P_IUSE,PC_EMP_IACC,FI,,NaN,,NaN
A,GE10,ICT,P_IUSE,PC_EMP_IACC,FR,,NaN,,NaN
A,GE10,ICT,P_IUSE,PC_EMP_IACC,HR,,NaN,,NaN
A,GE10,ICT,P_IUSE,PC_EMP_IACC,HU,,NaN,,NaN
A,GE10,ICT,P_IUSE,PC_EMP_IACC,IE,,NaN,,NaN
A,GE10,ICT,P_IUSE,PC_EMP_IACC,IS,,NaN,,NaN
A,GE10,ICT,P_IUSE,PC_EMP_IACC,IT,,NaN,,NaN
A,GE10,ICT,P_IUSE,PC_EMP_IACC,LT,,NaN,,NaN
A,GE10,ICT,P_IUSE,PC_EMP_IACC,LU,,NaN,,NaN
A,GE10,ICT,P_IUSE,PC_EMP_IACC,LV,,NaN,,NaN
A,GE10,ICT,P_IUSE,PC_EMP_IACC,MK,,NaN,,NaN
A,GE10,ICT,P_IUSE,PC_EMP_IACC,MT,,NaN,,NaN
A,GE10,ICT,P_IUSE,PC_EMP_IACC,NL,,NaN,,NaN
A,GE10,ICT,P_IUSE,PC_EMP_IACC,NO,,NaN,,NaN
A,GE10,ICT,P_IUSE,PC_EMP_IACC,PL,,NaN,,NaN
A,GE10,ICT,P_IUSE,PC_EMP_IACC,PT,,NaN,,NaN
A,GE10,ICT,P_IUSE,PC_EMP_IACC,RO,,NaN,,NaN
A,GE10,ICT,P_IUSE,PC_EMP_IACC,RS,,NaN,,NaN
A,GE10,ICT,P_IUSE,PC_EMP_IACC,SE,,NaN,,NaN
A,GE10,ICT,P_IUSE,PC_EMP_IACC,SI,,NaN,,NaN
A,GE10,ICT,P_IUSE,PC_EMP_IACC,SK,,NaN,,NaN
A,GE10,ICT,P_IUSE,PC_EMP_IACC,TR,,NaN,,NaN
A,GE10,ICT,P_IUSE,PC_EMP_IACC,UK,,NaN,,NaN
A,GE10,J,P_CUSE,PC_EMP,AT,,NaN,,NaN
A,GE10,J,P_CUSE,PC_EMP,BA,,NaN,,NaN
A,GE10,J,P_CUSE,PC_EMP,BE,97.64,NaN,,NaN
A,GE10,J,P_CUSE,PC_EMP,BG,86.56,NaN,,NaN
A,GE10,J,P_CUSE,PC_EMP,CY,94.5,NaN,,NaN
A,GE10,J,P_CUSE,PC_EMP,CZ,86.56,NaN,,NaN
A,GE10,J,P_CUSE,PC_EMP,DE,93.51,NaN,,NaN
A,GE10,J,P_CUSE,PC_EMP,DK,,NaN,,NaN
A,GE10,J,P_CUSE,PC_EMP,EA,94.73,NaN,,NaN
A,GE10,J,P_CUSE,PC_EMP,EE,90.52,NaN,,NaN
A,GE10,J,P_CUSE,PC_EMP,EL,82.88,NaN,,NaN
A,GE10,J,P_CUSE,PC_EMP,ES,96.97,NaN,,NaN
A,GE10,J,P_CUSE,PC_EMP,EU15,95.43,NaN,,NaN
A,GE10,J,P_CUSE,PC_EMP,EU25,,NaN,,NaN
A,GE10,J,P_CUSE,PC_EMP,EU27_2007,94.62,NaN,,NaN
A,GE10,J,P_CUSE,PC_EMP,EU27_2020,93.84,NaN,,NaN
A,GE10,J,P_CUSE,PC_EMP,EU28,94.63,NaN,,NaN
A,GE10,J,P_CUSE,PC_EMP,FI,98.65,NaN,,NaN
A,GE10,J,P_CUSE,PC_EMP,FR,,NaN,,NaN
A,GE10,J,P_CUSE,PC_EMP,HR,95.56,NaN,,NaN
A,GE10,J,P_CUSE,PC_EMP,HU,94.35,NaN,,NaN
A,GE10,J,P_CUSE,PC_EMP,IE,96.94,NaN,,NaN
A,GE10,J,P_CUSE,PC_EMP,IS,,NaN,,NaN
A,GE10,J,P_CUSE,PC_EMP,IT,95.39,NaN,,NaN
A,GE10,J,P_CUSE,PC_EMP,LT,94.24,NaN,,NaN
A,GE10,J,P_CUSE,PC_EMP,LU,,NaN,,NaN
A,GE10,J,P_CUSE,PC_EMP,LV,,NaN,,NaN
A,GE10,J,P_CUSE,PC_EMP,ME,,u,,NaN
A,GE10,J,P_CUSE,PC_EMP,MK,86.41,NaN,,NaN
A,GE10,J,P_CUSE,PC_EMP,MT,,NaN,,NaN
A,GE10,J,P_CUSE,PC_EMP,NL,97.57,NaN,,NaN
A,GE10,J,P_CUSE,PC_EMP,NO,99.35,NaN,,NaN
A,GE10,J,P_CUSE,PC_EMP,PL,96.01,NaN,,NaN
A,GE10,J,P_CUSE,PC_EMP,PT,87.7,NaN,,NaN
A,GE10,J,P_CUSE,PC_EMP,RO,84.38,NaN,,NaN
A,GE10,J,P_CUSE,PC_EMP,RS,,NaN,,NaN
A,GE10,J,P_CUSE,PC_EMP,SE,,NaN,,NaN
A,GE10,J,P_CUSE,PC_EMP,SI,98.2,NaN,,NaN
A,GE10,J,P_CUSE,PC_EMP,SK,96.9,NaN,,NaN
A,GE10,J,P_CUSE,PC_EMP,TR,,NaN,,NaN
A,GE10,J,P_CUSE,PC_EMP,UK,97.18,NaN,,NaN
A,GE10,J,P_CUSE,PC_EMP_CUSE2,AT,,NaN,,NaN
A,GE10,J,P_CUSE,PC_EMP_CUSE2,BE,,NaN,,NaN
A,GE10,J,P_CUSE,PC_EMP_CUSE2,BG,,NaN,,NaN
A,GE10,J,P_CUSE,PC_EMP_CUSE2,CY,,NaN,,NaN
A,GE10,J,P_CUSE,PC_EMP_CUSE2,CZ,,NaN,,NaN
A,GE10,J,P_CUSE,PC_EMP_CUSE2,DE,,NaN,,NaN
A,GE10,J,P_CUSE,PC_EMP_CUSE2,DK,,NaN,,NaN
A,GE10,J,P_CUSE,PC_EMP_CUSE2,EA,,NaN,,NaN
A,GE10,J,P_CUSE,PC_EMP_CUSE2,EE,,NaN,,NaN
A,GE10,J,P_CUSE,PC_EMP_CUSE2,EL,,NaN,,NaN
A,GE10,J,P_CUSE,PC_EMP_CUSE2,ES,,NaN,,NaN
A,GE10,J,P_CUSE,PC_EMP_CUSE2,EU15,,NaN,,NaN
A,GE10,J,P_CUSE,PC_EMP_CUSE2,EU27_2007,,NaN,,NaN
A,GE10,J,P_CUSE,PC_EMP_CUSE2,EU27_2020,,NaN,,NaN
A,GE10,J,P_CUSE,PC_EMP_CUSE2,EU28,,NaN,,NaN
A,GE10,J,P_CUSE,PC_EMP_CUSE2,FI,,NaN,,NaN
A,GE10,J,P_CUSE,PC_EMP_CUSE2,FR,,NaN,,NaN
A,GE10,J,P_CUSE,PC_EMP_CUSE2,HR,,NaN,,NaN
A,GE10,J,P_CUSE,PC_EMP_CUSE2,HU,,NaN,,NaN
A,GE10,J,P_CUSE,PC_EMP_CUSE2,IE,,NaN,,NaN
A,GE10,J,P_CUSE,PC_EMP_CUSE2,IT,,NaN,,NaN
A,GE10,J,P_CUSE,PC_EMP_CUSE2,LT,,NaN,,NaN
A,GE10,J,P_CUSE,PC_EMP_CUSE2,MK,,NaN,,NaN
A,GE10,J,P_CUSE,PC_EMP_CUSE2,MT,,NaN,,NaN
A,GE10,J,P_CUSE,PC_EMP_CUSE2,NL,,NaN,,NaN
A,GE10,J,P_CUSE,PC_EMP_CUSE2,NO,,NaN,,NaN
A,GE10,J,P_CUSE,PC_EMP_CUSE2,PL,,NaN,,NaN
A,GE10,J,P_CUSE,PC_EMP_CUSE2,PT,,NaN,,NaN
A,GE10,J,P_CUSE,PC_EMP_CUSE2,RO,,NaN,,NaN
A,GE10,J,P_CUSE,PC_EMP_CUSE2,RS,,NaN,,NaN
A,GE10,J,P_CUSE,PC_EMP_CUSE2,SI,,NaN,,NaN
A,GE10,J,P_CUSE,PC_EMP_CUSE2,SK,,NaN,,NaN
A,GE10,J,P_CUSE,PC_EMP_CUSE2,UK,,NaN,,NaN
A,GE10,J,P_IUSE,PC_EMP,AL,,NaN,,NaN
A,GE10,J,P_IUSE,PC_EMP,AT,,u,,u
A,GE10,J,P_IUSE,PC_EMP,BA,,NaN,90.77,NaN
A,GE10,J,P_IUSE,PC_EMP,BE,96.61,NaN,98.23,NaN
A,GE10,J,P_IUSE,PC_EMP,BG,85.81,NaN,90.75,NaN
A,GE10,J,P_IUSE,PC_EMP,CY,92.93,NaN,96.21,NaN
A,GE10,J,P_IUSE,PC_EMP,CZ,86.06,NaN,93.12,NaN
A,GE10,J,P_IUSE,PC_EMP,DE,91.09,NaN,95.06,NaN
A,GE10,J,P_IUSE,PC_EMP,DK,99.13,NaN,98.89,NaN
A,GE10,J,P_IUSE,PC_EMP,EA,92.18,NaN,94.99,NaN
A,GE10,J,P_IUSE,PC_EMP,EE,90.23,NaN,93.16,NaN
A,GE10,J,P_IUSE,PC_EMP,EL,80.35,NaN,86.9,NaN
A,GE10,J,P_IUSE,PC_EMP,ES,94.85,NaN,96.97,NaN
A,GE10,J,P_IUSE,PC_EMP,EU15,93.23,NaN,,NaN
A,GE10,J,P_IUSE,PC_EMP,EU25,,NaN,,NaN
A,GE10,J,P_IUSE,PC_EMP,EU27_2007,92.64,NaN,,NaN
A,GE10,J,P_IUSE,PC_EMP,EU27_2020,91.95,NaN,94.81,NaN
A,GE10,J,P_IUSE,PC_EMP,EU28,92.66,NaN,,NaN
A,GE10,J,P_IUSE,PC_EMP,FI,98.57,NaN,99.63,NaN
A,GE10,J,P_IUSE,PC_EMP,FR,90.06,NaN,92.12,NaN
A,GE10,J,P_IUSE,PC_EMP,HR,94.89,NaN,94.6,NaN
A,GE10,J,P_IUSE,PC_EMP,HU,92.89,NaN,94.5,NaN
A,GE10,J,P_IUSE,PC_EMP,IE,92.34,NaN,97.77,NaN
A,GE10,J,P_IUSE,PC_EMP,IS,,NaN,100.0,NaN
A,GE10,J,P_IUSE,PC_EMP,IT,93.4,NaN,95.22,NaN
A,GE10,J,P_IUSE,PC_EMP,LT,93.98,NaN,97.61,NaN
A,GE10,J,P_IUSE,PC_EMP,LU,87.74,NaN,92.37,NaN
A,GE10,J,P_IUSE,PC_EMP,LV,86.58,NaN,84.78,NaN
A,GE10,J,P_IUSE,PC_EMP,ME,,u,,u
A,GE10,J,P_IUSE,PC_EMP,MK,80.04,NaN,90.48,NaN
A,GE10,J,P_IUSE,PC_EMP,MT,79.01,NaN,86.44,NaN
A,GE10,J,P_IUSE,PC_EMP,NL,97.05,NaN,97.64,NaN
A,GE10,J,P_IUSE,PC_EMP,NO,98.58,NaN,99.55,NaN
A,GE10,J,P_IUSE,PC_EMP,PL,94.76,NaN,97.42,NaN
A,GE10,J,P_IUSE,PC_EMP,PT,85.9,NaN,93.9,NaN
A,GE10,J,P_IUSE,PC_EMP,RO,80.7,NaN,86.04,NaN
A,GE10,J,P_IUSE,PC_EMP,RS,,NaN,90.56,NaN
A,GE10,J,P_IUSE,PC_EMP,SE,97.35,NaN,98.55,NaN
A,GE10,J,P_IUSE,PC_EMP,SI,97.74,NaN,98.8,NaN
A,GE10,J,P_IUSE,PC_EMP,SK,96.28,NaN,96.4,NaN
A,GE10,J,P_IUSE,PC_EMP,TR,78.07,NaN,,NaN
A,GE10,J,P_IUSE,PC_EMP,UK,95.73,NaN,,u
A,GE10,J,P_IUSE,PC_EMP_CUSE,AT,,NaN,,NaN
A,GE10,J,P_IUSE,PC_EMP_CUSE,BA,,NaN,,NaN
A,GE10,J,P_IUSE,PC_EMP_CUSE,BE,98.95,NaN,,NaN
A,GE10,J,P_IUSE,PC_EMP_CUSE,BG,99.13,NaN,,NaN
A,GE10,J,P_IUSE,PC_EMP_CUSE,CY,98.34,NaN,,NaN
A,GE10,J,P_IUSE,PC_EMP_CUSE,CZ,99.43,NaN,,NaN
A,GE10,J,P_IUSE,PC_EMP_CUSE,DE,97.42,NaN,,NaN
A,GE10,J,P_IUSE,PC_EMP_CUSE,DK,,NaN,,NaN
A,GE10,J,P_IUSE,PC_EMP_CUSE,EA,97.9,NaN,,NaN
A,GE10,J,P_IUSE,PC_EMP_CUSE,EE,99.68,NaN,,NaN
A,GE10,J,P_IUSE,PC_EMP_CUSE,EL,96.95,NaN,,NaN
A,GE10,J,P_IUSE,PC_EMP_CUSE,ES,97.81,NaN,,NaN
A,GE10,J,P_IUSE,PC_EMP_CUSE,EU15,98.03,NaN,,NaN
A,GE10,J,P_IUSE,PC_EMP_CUSE,EU25,,NaN,,NaN
A,GE10,J,P_IUSE,PC_EMP_CUSE,EU27_2007,98.09,NaN,,NaN
A,GE10,J,P_IUSE,PC_EMP_CUSE,EU27_2020,97.97,NaN,,NaN
A,GE10,J,P_IUSE,PC_EMP_CUSE,EU28,98.1,NaN,,NaN
A,GE10,J,P_IUSE,PC_EMP_CUSE,FI,99.91,NaN,,NaN
A,GE10,J,P_IUSE,PC_EMP_CUSE,FR,,NaN,,NaN
A,GE10,J,P_IUSE,PC_EMP_CUSE,HR,99.3,NaN,,NaN
A,GE10,J,P_IUSE,PC_EMP_CUSE,HU,98.45,NaN,,NaN
A,GE10,J,P_IUSE,PC_EMP_CUSE,IE,95.26,NaN,,NaN
A,GE10,J,P_IUSE,PC_EMP_CUSE,IS,,NaN,,NaN
A,GE10,J,P_IUSE,PC_EMP_CUSE,IT,97.91,NaN,,NaN
A,GE10,J,P_IUSE,PC_EMP_CUSE,LT,99.73,NaN,,NaN
A,GE10,J,P_IUSE,PC_EMP_CUSE,LU,,NaN,,NaN
A,GE10,J,P_IUSE,PC_EMP_CUSE,LV,,NaN,,NaN
A,GE10,J,P_IUSE,PC_EMP_CUSE,ME,,u,,NaN
A,GE10,J,P_IUSE,PC_EMP_CUSE,MK,92.63,NaN,,NaN
A,GE10,J,P_IUSE,PC_EMP_CUSE,MT,,NaN,,NaN
A,GE10,J,P_IUSE,PC_EMP_CUSE,NL,99.47,NaN,,NaN
A,GE10,J,P_IUSE,PC_EMP_CUSE,NO,99.23,NaN,,NaN
A,GE10,J,P_IUSE,PC_EMP_CUSE,PL,98.69,NaN,,NaN
A,GE10,J,P_IUSE,PC_EMP_CUSE,PT,97.95,NaN,,NaN
A,GE10,J,P_IUSE,PC_EMP_CUSE,RO,95.65,NaN,,NaN
A,GE10,J,P_IUSE,PC_EMP_CUSE,RS,,NaN,,NaN
A,GE10,J,P_IUSE,PC_EMP_CUSE,SE,,NaN,,NaN
A,GE10,J,P_IUSE,PC_EMP_CUSE,SI,99.54,NaN,,NaN
A,GE10,J,P_IUSE,PC_EMP_CUSE,SK,99.37,NaN,,NaN
A,GE10,J,P_IUSE,PC_EMP_CUSE,TR,,NaN,,NaN
A,GE10,J,P_IUSE,PC_EMP_CUSE,UK,98.51,NaN,,NaN
A,GE10,J,P_IUSE,PC_EMP_CUSE2,AT,,NaN,,NaN
A,GE10,J,P_IUSE,PC_EMP_CUSE2,BE,,NaN,,NaN
A,GE10,J,P_IUSE,PC_EMP_CUSE2,BG,,NaN,,NaN
A,GE10,J,P_IUSE,PC_EMP_CUSE2,CY,,NaN,,NaN
A,GE10,J,P_IUSE,PC_EMP_CUSE2,CZ,,NaN,,NaN
A,GE10,J,P_IUSE,PC_EMP_CUSE2,DE,,NaN,,NaN
A,GE10,J,P_IUSE,PC_EMP_CUSE2,DK,,NaN,,NaN
A,GE10,J,P_IUSE,PC_EMP_CUSE2,EA,,NaN,,NaN
A,GE10,J,P_IUSE,PC_EMP_CUSE2,EE,,NaN,,NaN
A,GE10,J,P_IUSE,PC_EMP_CUSE2,EL,,NaN,,NaN
A,GE10,J,P_IUSE,PC_EMP_CUSE2,ES,,NaN,,NaN
A,GE10,J,P_IUSE,PC_EMP_CUSE2,EU15,,NaN,,NaN
A,GE10,J,P_IUSE,PC_EMP_CUSE2,EU27_2007,,NaN,,NaN
A,GE10,J,P_IUSE,PC_EMP_CUSE2,EU27_2020,,NaN,,NaN
A,GE10,J,P_IUSE,PC_EMP_CUSE2,EU28,,NaN,,NaN
A,GE10,J,P_IUSE,PC_EMP_CUSE2,FI,,NaN,,NaN
A,GE10,J,P_IUSE,PC_EMP_CUSE2,FR,,NaN,,NaN
A,GE10,J,P_IUSE,PC_EMP_CUSE2,HR,,NaN,,NaN
A,GE10,J,P_IUSE,PC_EMP_CUSE2,HU,,NaN,,NaN
A,GE10,J,P_IUSE,PC_EMP_CUSE2,IE,,NaN,,NaN
A,GE10,J,P_IUSE,PC_EMP_CUSE2,IS,,NaN,,NaN
A,GE10,J,P_IUSE,PC_EMP_CUSE2,IT,,NaN,,NaN
A,GE10,J,P_IUSE,PC_EMP_CUSE2,LT,,NaN,,NaN
A,GE10,J,P_IUSE,PC_EMP_CUSE2,LU,,NaN,,NaN
A,GE10,J,P_IUSE,PC_EMP_CUSE2,LV,,NaN,,NaN
A,GE10,J,P_IUSE,PC_EMP_CUSE2,MK,,NaN,,NaN
A,GE10,J,P_IUSE,PC_EMP_CUSE2,MT,,NaN,,NaN
A,GE10,J,P_IUSE,PC_EMP_CUSE2,NL,,NaN,,NaN
A,GE10,J,P_IUSE,PC_EMP_CUSE2,NO,,NaN,,NaN
A,GE10,J,P_IUSE,PC_EMP_CUSE2,PL,,NaN,,NaN
A,GE10,J,P_IUSE,PC_EMP_CUSE2,PT,,NaN,,NaN
A,GE10,J,P_IUSE,PC_EMP_CUSE2,RO,,NaN,,NaN
A,GE10,J,P_IUSE,PC_EMP_CUSE2,RS,,NaN,,NaN
A,GE10,J,P_IUSE,PC_EMP_CUSE2,SE,,NaN,,NaN
A,GE10,J,P_IUSE,PC_EMP_CUSE2,SI,,NaN,,NaN
A,GE10,J,P_IUSE,PC_EMP_CUSE2,SK,,NaN,,NaN
A,GE10,J,P_IUSE,PC_EMP_CUSE2,TR,,NaN,,NaN
A,GE10,J,P_IUSE,PC_EMP_CUSE2,UK,,NaN,,NaN
A,GE10,J,P_IUSE,PC_EMP_IACC,AT,,NaN,,NaN
A,GE10,J,P_IUSE,PC_EMP_IACC,BE,,NaN,,NaN
A,GE10,J,P_IUSE,PC_EMP_IACC,BG,,NaN,,NaN
A,GE10,J,P_IUSE,PC_EMP_IACC,CY,,NaN,,NaN
A,GE10,J,P_IUSE,PC_EMP_IACC,CZ,,NaN,,NaN
A,GE10,J,P_IUSE,PC_EMP_IACC,DE,,NaN,,NaN
A,GE10,J,P_IUSE,PC_EMP_IACC,DK,,NaN,,NaN
A,GE10,J,P_IUSE,PC_EMP_IACC,EA,,NaN,,NaN
A,GE10,J,P_IUSE,PC_EMP_IACC,EE,,NaN,,NaN
A,GE10,J,P_IUSE,PC_EMP_IACC,EL,,NaN,,NaN
A,GE10,J,P_IUSE,PC_EMP_IACC,ES,,NaN,,NaN
A,GE10,J,P_IUSE,PC_EMP_IACC,EU15,,NaN,,NaN
A,GE10,J,P_IUSE,PC_EMP_IACC,EU27_2007,,NaN,,NaN
A,GE10,J,P_IUSE,PC_EMP_IACC,EU27_2020,,NaN,,NaN
A,GE10,J,P_IUSE,PC_EMP_IACC,EU28,,NaN,,NaN
A,GE10,J,P_IUSE,PC_EMP_IACC,FI,,NaN,,NaN
A,GE10,J,P_IUSE,PC_EMP_IACC,FR,,NaN,,NaN
A,GE10,J,P_IUSE,PC_EMP_IACC,HR,,NaN,,NaN
A,GE10,J,P_IUSE,PC_EMP_IACC,HU,,NaN,,NaN
A,GE10,J,P_IUSE,PC_EMP_IACC,IE,,NaN,,NaN
A,GE10,J,P_IUSE,PC_EMP_IACC,IS,,NaN,,NaN
A,GE10,J,P_IUSE,PC_EMP_IACC,IT,,NaN,,NaN
A,GE10,J,P_IUSE,PC_EMP_IACC,LT,,NaN,,NaN
A,GE10,J,P_IUSE,PC_EMP_IACC,LU,,NaN,,NaN
A,GE10,J,P_IUSE,PC_EMP_IACC,LV,,NaN,,NaN
A,GE10,J,P_IUSE,PC_EMP_IACC,MK,,NaN,,NaN
A,GE10,J,P_IUSE,PC_EMP_IACC,MT,,NaN,,NaN
A,GE10,J,P_IUSE,PC_EMP_IACC,NL,,NaN,,NaN
A,GE10,J,P_IUSE,PC_EMP_IACC,NO,,NaN,,NaN
A,GE10,J,P_IUSE,PC_EMP_IACC,PL,,NaN,,NaN
A,GE10,J,P_IUSE,PC_EMP_IACC,PT,,NaN,,NaN
A,GE10,J,P_IUSE,PC_EMP_IACC,RO,,NaN,,NaN
A,GE10,J,P_IUSE,PC_EMP_IACC,RS,,NaN,,NaN
A,GE10,J,P_IUSE,PC_EMP_IACC,SE,,NaN,,NaN
A,GE10,J,P_IUSE,PC_EMP_IACC,SI,,NaN,,NaN
A,GE10,J,P_IUSE,PC_EMP_IACC,SK,,NaN,,NaN
A,GE10,J,P_IUSE,PC_EMP_IACC,TR,,NaN,,NaN
A,GE10,J,P_IUSE,PC_EMP_IACC,UK,,NaN,,NaN
A,GE10,J58-J60,P_CUSE,PC_EMP,AT,,NaN,,NaN
A,GE10,J58-J60,P_CUSE,PC_EMP,BA,,NaN,,NaN
A,GE10,J58-J60,P_CUSE,PC_EMP,BE,93.45,NaN,,NaN
A,GE10,J58-J60,P_CUSE,PC_EMP,BG,73.44,NaN,,NaN
A,GE10,J58-J60,P_CUSE,PC_EMP,CY,93.08,NaN,,NaN
A,GE10,J58-J60,P_CUSE,PC_EMP,CZ,81.48,NaN,,NaN
A,GE10,J58-J60,P_CUSE,PC_EMP,DE,86.56,NaN,,NaN
A,GE10,J58-J60,P_CUSE,PC_EMP,DK,,NaN,,NaN
A,GE10,J58-J60,P_CUSE,PC_EMP,EA,87.59,NaN,,NaN
A,GE10,J58-J60,P_CUSE,PC_EMP,EE,67.29,NaN,,NaN
A,GE10,J58-J60,P_CUSE,PC_EMP,EL,74.29,NaN,,NaN
A,GE10,J58-J60,P_CUSE,PC_EMP,ES,,u,,NaN
A,GE10,J58-J60,P_CUSE,PC_EMP,EU15,88.48,NaN,,NaN
A,GE10,J58-J60,P_CUSE,PC_EMP,EU25,,NaN,,NaN
A,GE10,J58-J60,P_CUSE,PC_EMP,EU27_2007,88.0,NaN,,NaN
A,GE10,J58-J60,P_CUSE,PC_EMP,EU27_2020,87.15,NaN,,NaN
A,GE10,J58-J60,P_CUSE,PC_EMP,EU28,87.99,NaN,,NaN
A,GE10,J58-J60,P_CUSE,PC_EMP,FI,95.42,NaN,,NaN
A,GE10,J58-J60,P_CUSE,PC_EMP,FR,,NaN,,NaN
A,GE10,J58-J60,P_CUSE,PC_EMP,HR,86.75,NaN,,NaN
A,GE10,J58-J60,P_CUSE,PC_EMP,HU,89.12,NaN,,NaN
A,GE10,J58-J60,P_CUSE,PC_EMP,IE,94.52,NaN,,NaN
A,GE10,J58-J60,P_CUSE,PC_EMP,IS,,NaN,,NaN
A,GE10,J58-J60,P_CUSE,PC_EMP,IT,85.53,NaN,,NaN
A,GE10,J58-J60,P_CUSE,PC_EMP,LT,85.32,NaN,,NaN
A,GE10,J58-J60,P_CUSE,PC_EMP,LU,,NaN,,NaN
A,GE10,J58-J60,P_CUSE,PC_EMP,LV,,NaN,,NaN
A,GE10,J58-J60,P_CUSE,PC_EMP,ME,,u,,NaN
A,GE10,J58-J60,P_CUSE,PC_EMP,MK,77.92,NaN,,NaN
A,GE10,J58-J60,P_CUSE,PC_EMP,MT,,NaN,,NaN
A,GE10,J58-J60,P_CUSE,PC_EMP,NL,93.83,NaN,,NaN
A,GE10,J58-J60,P_CUSE,PC_EMP,NO,98.91,NaN,,NaN
A,GE10,J58-J60,P_CUSE,PC_EMP,PL,90.36,NaN,,NaN
A,GE10,J58-J60,P_CUSE,PC_EMP,PT,76.84,NaN,,NaN
A,GE10,J58-J60,P_CUSE,PC_EMP,RO,78.96,NaN,,NaN
A,GE10,J58-J60,P_CUSE,PC_EMP,RS,,NaN,,NaN
A,GE10,J58-J60,P_CUSE,PC_EMP,SE,,NaN,,NaN
A,GE10,J58-J60,P_CUSE,PC_EMP,SI,95.67,NaN,,NaN
A,GE10,J58-J60,P_CUSE,PC_EMP,SK,93.57,NaN,,NaN
A,GE10,J58-J60,P_CUSE,PC_EMP,TR,,NaN,,NaN
A,GE10,J58-J60,P_CUSE,PC_EMP,UK,90.55,NaN,,NaN
A,GE10,J58-J60,P_CUSE,PC_EMP_CUSE2,AT,,NaN,,NaN
A,GE10,J58-J60,P_CUSE,PC_EMP_CUSE2,BE,,NaN,,NaN
A,GE10,J58-J60,P_CUSE,PC_EMP_CUSE2,BG,,NaN,,NaN
A,GE10,J58-J60,P_CUSE,PC_EMP_CUSE2,CY,,NaN,,NaN
A,GE10,J58-J60,P_CUSE,PC_EMP_CUSE2,CZ,,NaN,,NaN
A,GE10,J58-J60,P_CUSE,PC_EMP_CUSE2,DE,,NaN,,NaN
A,GE10,J58-J60,P_CUSE,PC_EMP_CUSE2,DK,,NaN,,NaN
A,GE10,J58-J60,P_CUSE,PC_EMP_CUSE2,EA,,NaN,,NaN
A,GE10,J58-J60,P_CUSE,PC_EMP_CUSE2,EE,,NaN,,NaN
A,GE10,J58-J60,P_CUSE,PC_EMP_CUSE2,EL,,NaN,,NaN
A,GE10,J58-J60,P_CUSE,PC_EMP_CUSE2,ES,,NaN,,NaN
A,GE10,J58-J60,P_CUSE,PC_EMP_CUSE2,EU15,,NaN,,NaN
A,GE10,J58-J60,P_CUSE,PC_EMP_CUSE2,EU27_2007,,NaN,,NaN
A,GE10,J58-J60,P_CUSE,PC_EMP_CUSE2,EU27_2020,,NaN,,NaN
A,GE10,J58-J60,P_CUSE,PC_EMP_CUSE2,EU28,,NaN,,NaN
A,GE10,J58-J60,P_CUSE,PC_EMP_CUSE2,FI,,NaN,,NaN
A,GE10,J58-J60,P_CUSE,PC_EMP_CUSE2,FR,,NaN,,NaN
A,GE10,J58-J60,P_CUSE,PC_EMP_CUSE2,HR,,NaN,,NaN
A,GE10,J58-J60,P_CUSE,PC_EMP_CUSE2,HU,,NaN,,NaN
A,GE10,J58-J60,P_CUSE,PC_EMP_CUSE2,IE,,NaN,,NaN
A,GE10,J58-J60,P_CUSE,PC_EMP_CUSE2,IT,,NaN,,NaN
A,GE10,J58-J60,P_CUSE,PC_EMP_CUSE2,LT,,NaN,,NaN
A,GE10,J58-J60,P_CUSE,PC_EMP_CUSE2,MK,,NaN,,NaN
A,GE10,J58-J60,P_CUSE,PC_EMP_CUSE2,MT,,NaN,,NaN
A,GE10,J58-J60,P_CUSE,PC_EMP_CUSE2,NL,,NaN,,NaN
A,GE10,J58-J60,P_CUSE,PC_EMP_CUSE2,NO,,NaN,,NaN
A,GE10,J58-J60,P_CUSE,PC_EMP_CUSE2,PL,,NaN,,NaN
A,GE10,J58-J60,P_CUSE,PC_EMP_CUSE2,PT,,NaN,,NaN
A,GE10,J58-J60,P_CUSE,PC_EMP_CUSE2,RO,,NaN,,NaN
A,GE10,J58-J60,P_CUSE,PC_EMP_CUSE2,RS,,NaN,,NaN
A,GE10,J58-J60,P_CUSE,PC_EMP_CUSE2,SI,,NaN,,NaN
A,GE10,J58-J60,P_CUSE,PC_EMP_CUSE2,SK,,NaN,,NaN
A,GE10,J58-J60,P_CUSE,PC_EMP_CUSE2,UK,,NaN,,NaN
A,GE10,J58-J60,P_IUSE,PC_EMP,AL,,NaN,,NaN
A,GE10,J58-J60,P_IUSE,PC_EMP,AT,,u,,u
A,GE10,J58-J60,P_IUSE,PC_EMP,BA,,NaN,86.52,NaN
A,GE10,J58-J60,P_IUSE,PC_EMP,BE,91.36,NaN,93.42,NaN
A,GE10,J58-J60,P_IUSE,PC_EMP,BG,72.91,NaN,59.76,NaN
A,GE10,J58-J60,P_IUSE,PC_EMP,CY,89.56,NaN,91.69,NaN
A,GE10,J58-J60,P_IUSE,PC_EMP,CZ,80.04,NaN,91.22,NaN
A,GE10,J58-J60,P_IUSE,PC_EMP,DE,82.65,NaN,87.31,NaN
A,GE10,J58-J60,P_IUSE,PC_EMP,DK,97.99,NaN,96.98,NaN
A,GE10,J58-J60,P_IUSE,PC_EMP,EA,85.85,NaN,88.76,NaN
A,GE10,J58-J60,P_IUSE,PC_EMP,EE,66.28,NaN,77.2,NaN
A,GE10,J58-J60,P_IUSE,PC_EMP,EL,69.96,NaN,81.3,NaN
A,GE10,J58-J60,P_IUSE,PC_EMP,ES,,u,,u
A,GE10,J58-J60,P_IUSE,PC_EMP,EU15,87.45,NaN,,NaN
A,GE10,J58-J60,P_IUSE,PC_EMP,EU25,,NaN,,NaN
A,GE10,J58-J60,P_IUSE,PC_EMP,EU27_2007,86.84,NaN,,NaN
A,GE10,J58-J60,P_IUSE,PC_EMP,EU27_2020,86.15,NaN,88.46,NaN
A,GE10,J58-J60,P_IUSE,PC_EMP,EU28,86.83,NaN,,NaN
A,GE10,J58-J60,P_IUSE,PC_EMP,FI,95.35,NaN,,u
A,GE10,J58-J60,P_IUSE,PC_EMP,FR,91.46,NaN,89.76,NaN
A,GE10,J58-J60,P_IUSE,PC_EMP,HR,84.78,NaN,82.95,NaN
A,GE10,J58-J60,P_IUSE,PC_EMP,HU,86.88,NaN,90.42,NaN
A,GE10,J58-J60,P_IUSE,PC_EMP,IE,85.84,NaN,91.86,NaN
A,GE10,J58-J60,P_IUSE,PC_EMP,IS,,NaN,100.0,NaN
A,GE10,J58-J60,P_IUSE,PC_EMP,IT,82.64,NaN,81.56,NaN
A,GE10,J58-J60,P_IUSE,PC_EMP,LT,83.97,NaN,92.02,NaN
A,GE10,J58-J60,P_IUSE,PC_EMP,LU,,NaN,,NaN
A,GE10,J58-J60,P_IUSE,PC_EMP,LV,84.73,NaN,73.23,NaN
A,GE10,J58-J60,P_IUSE,PC_EMP,ME,,u,,u
A,GE10,J58-J60,P_IUSE,PC_EMP,MK,65.59,NaN,83.69,NaN
A,GE10,J58-J60,P_IUSE,PC_EMP,MT,47.06,NaN,81.01,NaN
A,GE10,J58-J60,P_IUSE,PC_EMP,NL,92.79,NaN,91.38,NaN
A,GE10,J58-J60,P_IUSE,PC_EMP,NO,98.43,NaN,99.47,NaN
A,GE10,J58-J60,P_IUSE,PC_EMP,PL,87.31,NaN,90.99,NaN
A,GE10,J58-J60,P_IUSE,PC_EMP,PT,75.62,NaN,94.4,NaN
A,GE10,J58-J60,P_IUSE,PC_EMP,RO,76.0,NaN,71.08,NaN
A,GE10,J58-J60,P_IUSE,PC_EMP,RS,,NaN,89.8,NaN
A,GE10,J58-J60,P_IUSE,PC_EMP,SE,99.34,NaN,97.2,NaN
A,GE10,J58-J60,P_IUSE,PC_EMP,SI,95.67,NaN,98.88,NaN
A,GE10,J58-J60,P_IUSE,PC_EMP,SK,93.2,NaN,91.0,NaN
A,GE10,J58-J60,P_IUSE,PC_EMP,TR,65.51,NaN,,NaN
A,GE10,J58-J60,P_IUSE,PC_EMP,UK,89.59,NaN,90.86,NaN
A,GE10,J58-J60,P_IUSE,PC_EMP_CUSE,AT,,NaN,,NaN
A,GE10,J58-J60,P_IUSE,PC_EMP_CUSE,BA,,NaN,,NaN
A,GE10,J58-J60,P_IUSE,PC_EMP_CUSE,BE,97.76,NaN,,NaN
A,GE10,J58-J60,P_IUSE,PC_EMP_CUSE,BG,99.27,NaN,,NaN
A,GE10,J58-J60,P_IUSE,PC_EMP_CUSE,CY,96.22,NaN,,NaN
A,GE10,J58-J60,P_IUSE,PC_EMP_CUSE,CZ,98.24,NaN,,NaN
A,GE10,J58-J60,P_IUSE,PC_EMP_CUSE,DE,95.49,NaN,,NaN
A,GE10,J58-J60,P_IUSE,PC_EMP_CUSE,DK,,NaN,,NaN
A,GE10,J58-J60,P_IUSE,PC_EMP_CUSE,EA,96.25,NaN,,NaN
A,GE10,J58-J60,P_IUSE,PC_EMP_CUSE,EE,98.5,NaN,,NaN
A,GE10,J58-J60,P_IUSE,PC_EMP_CUSE,EL,94.17,NaN,,NaN
A,GE10,J58-J60,P_IUSE,PC_EMP_CUSE,ES,,u,,NaN
A,GE10,J58-J60,P_IUSE,PC_EMP_CUSE,EU15,97.01,NaN,,NaN
A,GE10,J58-J60,P_IUSE,PC_EMP_CUSE,EU25,,NaN,,NaN
A,GE10,J58-J60,P_IUSE,PC_EMP_CUSE,EU27_2007,97.05,NaN,,NaN
A,GE10,J58-J60,P_IUSE,PC_EMP_CUSE,EU27_2020,96.41,NaN,,NaN
A,GE10,J58-J60,P_IUSE,PC_EMP_CUSE,EU28,97.05,NaN,,NaN
A,GE10,J58-J60,P_IUSE,PC_EMP_CUSE,FI,99.93,NaN,,NaN
A,GE10,J58-J60,P_IUSE,PC_EMP_CUSE,FR,,NaN,,NaN
A,GE10,J58-J60,P_IUSE,PC_EMP_CUSE,HR,97.73,NaN,,NaN
A,GE10,J58-J60,P_IUSE,PC_EMP_CUSE,HU,97.49,NaN,,NaN
A,GE10,J58-J60,P_IUSE,PC_EMP_CUSE,IE,90.81,NaN,,NaN
A,GE10,J58-J60,P_IUSE,PC_EMP_CUSE,IS,,NaN,,NaN
A,GE10,J58-J60,P_IUSE,PC_EMP_CUSE,IT,96.62,NaN,,NaN
A,GE10,J58-J60,P_IUSE,PC_EMP_CUSE,LT,98.41,NaN,,NaN
A,GE10,J58-J60,P_IUSE,PC_EMP_CUSE,LU,,NaN,,NaN
A,GE10,J58-J60,P_IUSE,PC_EMP_CUSE,LV,,NaN,,NaN
A,GE10,J58-J60,P_IUSE,PC_EMP_CUSE,ME,,u,,NaN
A,GE10,J58-J60,P_IUSE,PC_EMP_CUSE,MK,84.18,NaN,,NaN
A,GE10,J58-J60,P_IUSE,PC_EMP_CUSE,MT,,NaN,,NaN
A,GE10,J58-J60,P_IUSE,PC_EMP_CUSE,NL,98.89,NaN,,NaN
A,GE10,J58-J60,P_IUSE,PC_EMP_CUSE,NO,99.5,NaN,,NaN
A,GE10,J58-J60,P_IUSE,PC_EMP_CUSE,PL,96.63,NaN,,NaN
A,GE10,J58-J60,P_IUSE,PC_EMP_CUSE,PT,98.42,NaN,,NaN
A,GE10,J58-J60,P_IUSE,PC_EMP_CUSE,RO,96.25,NaN,,NaN
A,GE10,J58-J60,P_IUSE,PC_EMP_CUSE,RS,,NaN,,NaN
A,GE10,J58-J60,P_IUSE,PC_EMP_CUSE,SE,,NaN,,NaN
A,GE10,J58-J60,P_IUSE,PC_EMP_CUSE,SI,100.0,NaN,,NaN
A,GE10,J58-J60,P_IUSE,PC_EMP_CUSE,SK,99.61,NaN,,NaN
A,GE10,J58-J60,P_IUSE,PC_EMP_CUSE,TR,,NaN,,NaN
A,GE10,J58-J60,P_IUSE,PC_EMP_CUSE,UK,98.95,NaN,,NaN
A,GE10,J58-J60,P_IUSE,PC_EMP_CUSE2,AT,,NaN,,NaN
A,GE10,J58-J60,P_IUSE,PC_EMP_CUSE2,BE,,NaN,,NaN
A,GE10,J58-J60,P_IUSE,PC_EMP_CUSE2,BG,,NaN,,NaN
A,GE10,J58-J60,P_IUSE,PC_EMP_CUSE2,CY,,NaN,,NaN
A,GE10,J58-J60,P_IUSE,PC_EMP_CUSE2,CZ,,NaN,,NaN
A,GE10,J58-J60,P_IUSE,PC_EMP_CUSE2,DE,,NaN,,NaN
A,GE10,J58-J60,P_IUSE,PC_EMP_CUSE2,DK,,NaN,,NaN
A,GE10,J58-J60,P_IUSE,PC_EMP_CUSE2,EA,,NaN,,NaN
A,GE10,J58-J60,P_IUSE,PC_EMP_CUSE2,EE,,NaN,,NaN
A,GE10,J58-J60,P_IUSE,PC_EMP_CUSE2,EL,,NaN,,NaN
A,GE10,J58-J60,P_IUSE,PC_EMP_CUSE2,ES,,NaN,,NaN
A,GE10,J58-J60,P_IUSE,PC_EMP_CUSE2,EU15,,NaN,,NaN
A,GE10,J58-J60,P_IUSE,PC_EMP_CUSE2,EU27_2007,,NaN,,NaN
A,GE10,J58-J60,P_IUSE,PC_EMP_CUSE2,EU27_2020,,NaN,,NaN
A,GE10,J58-J60,P_IUSE,PC_EMP_CUSE2,EU28,,NaN,,NaN
A,GE10,J58-J60,P_IUSE,PC_EMP_CUSE2,FI,,NaN,,NaN
A,GE10,J58-J60,P_IUSE,PC_EMP_CUSE2,FR,,NaN,,NaN
A,GE10,J58-J60,P_IUSE,PC_EMP_CUSE2,HR,,NaN,,NaN
A,GE10,J58-J60,P_IUSE,PC_EMP_CUSE2,HU,,NaN,,NaN
A,GE10,J58-J60,P_IUSE,PC_EMP_CUSE2,IE,,NaN,,NaN
A,GE10,J58-J60,P_IUSE,PC_EMP_CUSE2,IS,,NaN,,NaN
A,GE10,J58-J60,P_IUSE,PC_EMP_CUSE2,IT,,NaN,,NaN
A,GE10,J58-J60,P_IUSE,PC_EMP_CUSE2,LT,,NaN,,NaN
A,GE10,J58-J60,P_IUSE,PC_EMP_CUSE2,LU,,NaN,,NaN
A,GE10,J58-J60,P_IUSE,PC_EMP_CUSE2,LV,,NaN,,NaN
A,GE10,J58-J60,P_IUSE,PC_EMP_CUSE2,MK,,NaN,,NaN
A,GE10,J58-J60,P_IUSE,PC_EMP_CUSE2,MT,,NaN,,NaN
A,GE10,J58-J60,P_IUSE,PC_EMP_CUSE2,NL,,NaN,,NaN
A,GE10,J58-J60,P_IUSE,PC_EMP_CUSE2,NO,,NaN,,NaN
A,GE10,J58-J60,P_IUSE,PC_EMP_CUSE2,PL,,NaN,,NaN
A,GE10,J58-J60,P_IUSE,PC_EMP_CUSE2,PT,,NaN,,NaN
A,GE10,J58-J60,P_IUSE,PC_EMP_CUSE2,RO,,NaN,,NaN
A,GE10,J58-J60,P_IUSE,PC_EMP_CUSE2,RS,,NaN,,NaN
A,GE10,J58-J60,P_IUSE,PC_EMP_CUSE2,SE,,NaN,,NaN
A,GE10,J58-J60,P_IUSE,PC_EMP_CUSE2,SI,,NaN,,NaN
A,GE10,J58-J60,P_IUSE,PC_EMP_CUSE2,SK,,NaN,,NaN
A,GE10,J58-J60,P_IUSE,PC_EMP_CUSE2,TR,,NaN,,NaN
A,GE10,J58-J60,P_IUSE,PC_EMP_CUSE2,UK,,NaN,,NaN
A,GE10,J58-J60,P_IUSE,PC_EMP_IACC,AT,,NaN,,NaN
A,GE10,J58-J60,P_IUSE,PC_EMP_IACC,BE,,NaN,,NaN
A,GE10,J58-J60,P_IUSE,PC_EMP_IACC,BG,,NaN,,NaN
A,GE10,J58-J60,P_IUSE,PC_EMP_IACC,CY,,NaN,,NaN
A,GE10,J58-J60,P_IUSE,PC_EMP_IACC,CZ,,NaN,,NaN
A,GE10,J58-J60,P_IUSE,PC_EMP_IACC,DE,,NaN,,NaN
A,GE10,J58-J60,P_IUSE,PC_EMP_IACC,DK,,NaN,,NaN
A,GE10,J58-J60,P_IUSE,PC_EMP_IACC,EA,,NaN,,NaN
A,GE10,J58-J60,P_IUSE,PC_EMP_IACC,EE,,NaN,,NaN
A,GE10,J58-J60,P_IUSE,PC_EMP_IACC,EL,,NaN,,NaN
A,GE10,J58-J60,P_IUSE,PC_EMP_IACC,ES,,NaN,,NaN
A,GE10,J58-J60,P_IUSE,PC_EMP_IACC,EU15,,NaN,,NaN
A,GE10,J58-J60,P_IUSE,PC_EMP_IACC,EU27_2007,,NaN,,NaN
A,GE10,J58-J60,P_IUSE,PC_EMP_IACC,EU27_2020,,NaN,,NaN
A,GE10,J58-J60,P_IUSE,PC_EMP_IACC,EU28,,NaN,,NaN
A,GE10,J58-J60,P_IUSE,PC_EMP_IACC,FI,,NaN,,NaN
A,GE10,J58-J60,P_IUSE,PC_EMP_IACC,FR,,NaN,,NaN
A,GE10,J58-J60,P_IUSE,PC_EMP_IACC,HR,,NaN,,NaN
A,GE10,J58-J60,P_IUSE,PC_EMP_IACC,HU,,NaN,,NaN
A,GE10,J58-J60,P_IUSE,PC_EMP_IACC,IE,,NaN,,NaN
A,GE10,J58-J60,P_IUSE,PC_EMP_IACC,IS,,NaN,,NaN
A,GE10,J58-J60,P_IUSE,PC_EMP_IACC,IT,,NaN,,NaN
A,GE10,J58-J60,P_IUSE,PC_EMP_IACC,LT,,NaN,,NaN
A,GE10,J58-J60,P_IUSE,PC_EMP_IACC,LU,,NaN,,NaN
A,GE10,J58-J60,P_IUSE,PC_EMP_IACC,LV,,NaN,,NaN
A,GE10,J58-J60,P_IUSE,PC_EMP_IACC,MK,,NaN,,NaN
A,GE10,J58-J60,P_IUSE,PC_EMP_IACC,MT,,NaN,,NaN
A,GE10,J58-J60,P_IUSE,PC_EMP_IACC,NL,,NaN,,NaN
A,GE10,J58-J60,P_IUSE,PC_EMP_IACC,NO,,NaN,,NaN
A,GE10,J58-J60,P_IUSE,PC_EMP_IACC,PL,,NaN,,NaN
A,GE10,J58-J60,P_IUSE,PC_EMP_IACC,PT,,NaN,,NaN
A,GE10,J58-J60,P_IUSE,PC_EMP_IACC,RO,,NaN,,NaN
A,GE10,J58-J60,P_IUSE,PC_EMP_IACC,RS,,NaN,,NaN
A,GE10,J58-J60,P_IUSE,PC_EMP_IACC,SE,,NaN,,NaN
A,GE10,J58-J60,P_IUSE,PC_EMP_IACC,SI,,NaN,,NaN
A,GE10,J58-J60,P_IUSE,PC_EMP_IACC,SK,,NaN,,NaN
A,GE10,J58-J60,P_IUSE,PC_EMP_IACC,TR,,NaN,,NaN
A,GE10,J58-J60,P_IUSE,PC_EMP_IACC,UK,,NaN,,NaN
A,GE10,J61,P_CUSE,PC_EMP,AT,,NaN,,NaN
A,GE10,J61,P_CUSE,PC_EMP,BA,,NaN,,NaN
A,GE10,J61,P_CUSE,PC_EMP,BE,,u,,NaN
A,GE10,J61,P_CUSE,PC_EMP,BG,78.54,NaN,,NaN
A,GE10,J61,P_CUSE,PC_EMP,CY,95.16,NaN,,NaN
A,GE10,J61,P_CUSE,PC_EMP,CZ,86.65,NaN,,NaN
A,GE10,J61,P_CUSE,PC_EMP,DE,99.57,NaN,,NaN
A,GE10,J61,P_CUSE,PC_EMP,DK,,NaN,,NaN
A,GE10,J61,P_CUSE,PC_EMP,EA,98.54,NaN,,NaN
A,GE10,J61,P_CUSE,PC_EMP,EE,96.55,NaN,,NaN
A,GE10,J61,P_CUSE,PC_EMP,EL,95.32,NaN,,NaN
A,GE10,J61,P_CUSE,PC_EMP,ES,,u,,NaN
A,GE10,J61,P_CUSE,PC_EMP,EU15,98.96,NaN,,NaN
A,GE10,J61,P_CUSE,PC_EMP,EU25,,NaN,,NaN
A,GE10,J61,P_CUSE,PC_EMP,EU27_2007,96.34,NaN,,NaN
A,GE10,J61,P_CUSE,PC_EMP,EU27_2020,95.11,NaN,,NaN
A,GE10,J61,P_CUSE,PC_EMP,EU28,96.38,NaN,,NaN
A,GE10,J61,P_CUSE,PC_EMP,FI,99.92,NaN,,NaN
A,GE10,J61,P_CUSE,PC_EMP,FR,,NaN,,NaN
A,GE10,J61,P_CUSE,PC_EMP,HR,99.71,NaN,,NaN
A,GE10,J61,P_CUSE,PC_EMP,HU,97.49,NaN,,NaN
A,GE10,J61,P_CUSE,PC_EMP,IE,99.89,NaN,,NaN
A,GE10,J61,P_CUSE,PC_EMP,IS,,NaN,,NaN
A,GE10,J61,P_CUSE,PC_EMP,IT,98.73,NaN,,NaN
A,GE10,J61,P_CUSE,PC_EMP,LT,95.58,NaN,,NaN
A,GE10,J61,P_CUSE,PC_EMP,LU,,NaN,,NaN
A,GE10,J61,P_CUSE,PC_EMP,LV,,NaN,,NaN
A,GE10,J61,P_CUSE,PC_EMP,ME,,u,,NaN
A,GE10,J61,P_CUSE,PC_EMP,MK,,u,,NaN
A,GE10,J61,P_CUSE,PC_EMP,MT,,NaN,,NaN
A,GE10,J61,P_CUSE,PC_EMP,NL,98.5,NaN,,NaN
A,GE10,J61,P_CUSE,PC_EMP,NO,99.91,NaN,,NaN
A,GE10,J61,P_CUSE,PC_EMP,PL,96.77,NaN,,NaN
A,GE10,J61,P_CUSE,PC_EMP,PT,,u,,NaN
A,GE10,J61,P_CUSE,PC_EMP,RO,72.81,NaN,,NaN
A,GE10,J61,P_CUSE,PC_EMP,RS,,NaN,,NaN
A,GE10,J61,P_CUSE,PC_EMP,SE,,NaN,,NaN
A,GE10,J61,P_CUSE,PC_EMP,SI,98.65,NaN,,NaN
A,GE10,J61,P_CUSE,PC_EMP,SK,99.68,NaN,,NaN
A,GE10,J61,P_CUSE,PC_EMP,TR,,NaN,,NaN
A,GE10,J61,P_CUSE,PC_EMP,UK,99.55,NaN,,NaN
A,GE10,J61,P_CUSE,PC_EMP_CUSE2,AT,,NaN,,NaN
A,GE10,J61,P_CUSE,PC_EMP_CUSE2,BE,,NaN,,NaN
A,GE10,J61,P_CUSE,PC_EMP_CUSE2,BG,,NaN,,NaN
A,GE10,J61,P_CUSE,PC_EMP_CUSE2,CY,,NaN,,NaN
A,GE10,J61,P_CUSE,PC_EMP_CUSE2,CZ,,NaN,,NaN
A,GE10,J61,P_CUSE,PC_EMP_CUSE2,DE,,NaN,,NaN
A,GE10,J61,P_CUSE,PC_EMP_CUSE2,DK,,NaN,,NaN
A,GE10,J61,P_CUSE,PC_EMP_CUSE2,EA,,NaN,,NaN
A,GE10,J61,P_CUSE,PC_EMP_CUSE2,EE,,NaN,,NaN
A,GE10,J61,P_CUSE,PC_EMP_CUSE2,EL,,NaN,,NaN
A,GE10,J61,P_CUSE,PC_EMP_CUSE2,ES,,NaN,,NaN
A,GE10,J61,P_CUSE,PC_EMP_CUSE2,EU15,,NaN,,NaN
A,GE10,J61,P_CUSE,PC_EMP_CUSE2,EU27_2007,,NaN,,NaN
A,GE10,J61,P_CUSE,PC_EMP_CUSE2,EU27_2020,,NaN,,NaN
A,GE10,J61,P_CUSE,PC_EMP_CUSE2,EU28,,NaN,,NaN
A,GE10,J61,P_CUSE,PC_EMP_CUSE2,FI,,NaN,,NaN
A,GE10,J61,P_CUSE,PC_EMP_CUSE2,FR,,NaN,,NaN
A,GE10,J61,P_CUSE,PC_EMP_CUSE2,HR,,NaN,,NaN
A,GE10,J61,P_CUSE,PC_EMP_CUSE2,HU,,NaN,,NaN
A,GE10,J61,P_CUSE,PC_EMP_CUSE2,IE,,NaN,,NaN
A,GE10,J61,P_CUSE,PC_EMP_CUSE2,IT,,NaN,,NaN
A,GE10,J61,P_CUSE,PC_EMP_CUSE2,LT,,NaN,,NaN
A,GE10,J61,P_CUSE,PC_EMP_CUSE2,MK,,NaN,,NaN
A,GE10,J61,P_CUSE,PC_EMP_CUSE2,MT,,NaN,,NaN
A,GE10,J61,P_CUSE,PC_EMP_CUSE2,NL,,NaN,,NaN
A,GE10,J61,P_CUSE,PC_EMP_CUSE2,NO,,NaN,,NaN
A,GE10,J61,P_CUSE,PC_EMP_CUSE2,PL,,NaN,,NaN
A,GE10,J61,P_CUSE,PC_EMP_CUSE2,PT,,NaN,,NaN
A,GE10,J61,P_CUSE,PC_EMP_CUSE2,RO,,NaN,,NaN
A,GE10,J61,P_CUSE,PC_EMP_CUSE2,RS,,NaN,,NaN
A,GE10,J61,P_CUSE,PC_EMP_CUSE2,SI,,NaN,,NaN
A,GE10,J61,P_CUSE,PC_EMP_CUSE2,SK,,NaN,,NaN
A,GE10,J61,P_CUSE,PC_EMP_CUSE2,UK,,NaN,,NaN
A,GE10,J61,P_IUSE,PC_EMP,AT,,u,99.23,NaN
A,GE10,J61,P_IUSE,PC_EMP,BA,,NaN,92.88,NaN
A,GE10,J61,P_IUSE,PC_EMP,BE,,u,99.65,NaN
A,GE10,J61,P_IUSE,PC_EMP,BG,77.79,NaN,91.97,NaN
A,GE10,J61,P_IUSE,PC_EMP,CY,94.71,NaN,98.79,NaN
A,GE10,J61,P_IUSE,PC_EMP,CZ,86.36,NaN,96.94,NaN
A,GE10,J61,P_IUSE,PC_EMP,DE,98.33,NaN,99.58,NaN
A,GE10,J61,P_IUSE,PC_EMP,DK,99.87,NaN,99.72,NaN
A,GE10,J61,P_IUSE,PC_EMP,EA,97.71,NaN,98.21,NaN
A,GE10,J61,P_IUSE,PC_EMP,EE,96.3,NaN,96.32,NaN
A,GE10,J61,P_IUSE,PC_EMP,EL,94.9,NaN,93.5,NaN
A,GE10,J61,P_IUSE,PC_EMP,ES,,u,,u
A,GE10,J61,P_IUSE,PC_EMP,EU15,97.97,NaN,,NaN
A,GE10,J61,P_IUSE,PC_EMP,EU25,,NaN,,NaN
A,GE10,J61,P_IUSE,PC_EMP,EU27_2007,95.47,NaN,,NaN
A,GE10,J61,P_IUSE,PC_EMP,EU27_2020,94.53,NaN,97.21,NaN
A,GE10,J61,P_IUSE,PC_EMP,EU28,95.52,NaN,,NaN
A,GE10,J61,P_IUSE,PC_EMP,FI,99.92,NaN,,u
A,GE10,J61,P_IUSE,PC_EMP,FR,,NaN,,NaN
A,GE10,J61,P_IUSE,PC_EMP,HR,99.71,NaN,97.94,NaN
A,GE10,J61,P_IUSE,PC_EMP,HU,96.99,NaN,94.43,NaN
A,GE10,J61,P_IUSE,PC_EMP,IE,97.58,NaN,99.31,NaN
A,GE10,J61,P_IUSE,PC_EMP,IS,,NaN,100.0,NaN
A,GE10,J61,P_IUSE,PC_EMP,IT,98.51,NaN,99.04,NaN
A,GE10,J61,P_IUSE,PC_EMP,LT,95.54,NaN,98.49,NaN
A,GE10,J61,P_IUSE,PC_EMP,LU,,u,,NaN
A,GE10,J61,P_IUSE,PC_EMP,LV,89.67,NaN,95.71,NaN
A,GE10,J61,P_IUSE,PC_EMP,ME,,u,,u
A,GE10,J61,P_IUSE,PC_EMP,MK,,u,,u
A,GE10,J61,P_IUSE,PC_EMP,MT,96.83,NaN,,u
A,GE10,J61,P_IUSE,PC_EMP,NL,98.35,NaN,99.83,NaN
A,GE10,J61,P_IUSE,PC_EMP,NO,99.02,NaN,100.0,NaN
A,GE10,J61,P_IUSE,PC_EMP,PL,96.04,NaN,98.32,NaN
A,GE10,J61,P_IUSE,PC_EMP,PT,,u,83.69,NaN
A,GE10,J61,P_IUSE,PC_EMP,RO,69.61,NaN,89.42,NaN
A,GE10,J61,P_IUSE,PC_EMP,RS,,NaN,53.66,NaN
A,GE10,J61,P_IUSE,PC_EMP,SE,97.13,NaN,99.06,NaN
A,GE10,J61,P_IUSE,PC_EMP,SI,98.65,NaN,99.45,NaN
A,GE10,J61,P_IUSE,PC_EMP,SK,99.6,NaN,97.18,NaN
A,GE10,J61,P_IUSE,PC_EMP,TR,94.4,NaN,,NaN
A,GE10,J61,P_IUSE,PC_EMP,UK,98.29,NaN,,u
A,GE10,J61,P_IUSE,PC_EMP_CUSE,AT,,NaN,,NaN
A,GE10,J61,P_IUSE,PC_EMP_CUSE,BA,,NaN,,NaN
A,GE10,J61,P_IUSE,PC_EMP_CUSE,BE,,u,,NaN
A,GE10,J61,P_IUSE,PC_EMP_CUSE,BG,99.04,NaN,,NaN
A,GE10,J61,P_IUSE,PC_EMP_CUSE,CY,99.53,NaN,,NaN
A,GE10,J61,P_IUSE,PC_EMP_CUSE,CZ,99.66,NaN,,NaN
A,GE10,J61,P_IUSE,PC_EMP_CUSE,DE,98.76,NaN,,NaN
A,GE10,J61,P_IUSE,PC_EMP_CUSE,DK,,NaN,,NaN
A,GE10,J61,P_IUSE,PC_EMP_CUSE,EA,99.42,NaN,,NaN
A,GE10,J61,P_IUSE,PC_EMP_CUSE,EE,99.75,NaN,,NaN
A,GE10,J61,P_IUSE,PC_EMP_CUSE,EL,99.57,NaN,,NaN
A,GE10,J61,P_IUSE,PC_EMP_CUSE,ES,,u,,NaN
A,GE10,J61,P_IUSE,PC_EMP_CUSE,EU15,99.14,NaN,,NaN
A,GE10,J61,P_IUSE,PC_EMP_CUSE,EU25,,NaN,,NaN
A,GE10,J61,P_IUSE,PC_EMP_CUSE,EU27_2007,99.04,NaN,,NaN
A,GE10,J61,P_IUSE,PC_EMP_CUSE,EU27_2020,99.18,NaN,,NaN
A,GE10,J61,P_IUSE,PC_EMP_CUSE,EU28,99.05,NaN,,NaN
A,GE10,J61,P_IUSE,PC_EMP_CUSE,FI,100.0,NaN,,NaN
A,GE10,J61,P_IUSE,PC_EMP_CUSE,FR,,NaN,,NaN
A,GE10,J61,P_IUSE,PC_EMP_CUSE,HR,100.0,NaN,,NaN
A,GE10,J61,P_IUSE,PC_EMP_CUSE,HU,99.49,NaN,,NaN
A,GE10,J61,P_IUSE,PC_EMP_CUSE,IE,97.69,NaN,,NaN
A,GE10,J61,P_IUSE,PC_EMP_CUSE,IS,,NaN,,NaN
A,GE10,J61,P_IUSE,PC_EMP_CUSE,IT,99.77,NaN,,NaN
A,GE10,J61,P_IUSE,PC_EMP_CUSE,LT,99.96,NaN,,NaN
A,GE10,J61,P_IUSE,PC_EMP_CUSE,LU,,NaN,,NaN
A,GE10,J61,P_IUSE,PC_EMP_CUSE,LV,,NaN,,NaN
A,GE10,J61,P_IUSE,PC_EMP_CUSE,ME,,u,,NaN
A,GE10,J61,P_IUSE,PC_EMP_CUSE,MK,,u,,NaN
A,GE10,J61,P_IUSE,PC_EMP_CUSE,MT,,NaN,,NaN
A,GE10,J61,P_IUSE,PC_EMP_CUSE,NL,99.84,NaN,,NaN
A,GE10,J61,P_IUSE,PC_EMP_CUSE,NO,99.11,NaN,,NaN
A,GE10,J61,P_IUSE,PC_EMP_CUSE,PL,99.25,NaN,,NaN
A,GE10,J61,P_IUSE,PC_EMP_CUSE,PT,,u,,NaN
A,GE10,J61,P_IUSE,PC_EMP_CUSE,RO,95.6,NaN,,NaN
A,GE10,J61,P_IUSE,PC_EMP_CUSE,RS,,NaN,,NaN
A,GE10,J61,P_IUSE,PC_EMP_CUSE,SE,,NaN,,NaN
A,GE10,J61,P_IUSE,PC_EMP_CUSE,SI,100.0,NaN,,NaN
A,GE10,J61,P_IUSE,PC_EMP_CUSE,SK,99.92,NaN,,NaN
A,GE10,J61,P_IUSE,PC_EMP_CUSE,TR,,NaN,,NaN
A,GE10,J61,P_IUSE,PC_EMP_CUSE,UK,98.73,NaN,,NaN
A,GE10,J61,P_IUSE,PC_EMP_CUSE2,AT,,NaN,,NaN
A,GE10,J61,P_IUSE,PC_EMP_CUSE2,BE,,NaN,,NaN
A,GE10,J61,P_IUSE,PC_EMP_CUSE2,BG,,NaN,,NaN
A,GE10,J61,P_IUSE,PC_EMP_CUSE2,CY,,NaN,,NaN
A,GE10,J61,P_IUSE,PC_EMP_CUSE2,CZ,,NaN,,NaN
A,GE10,J61,P_IUSE,PC_EMP_CUSE2,DE,,NaN,,NaN
A,GE10,J61,P_IUSE,PC_EMP_CUSE2,DK,,NaN,,NaN
A,GE10,J61,P_IUSE,PC_EMP_CUSE2,EA,,NaN,,NaN
A,GE10,J61,P_IUSE,PC_EMP_CUSE2,EE,,NaN,,NaN
A,GE10,J61,P_IUSE,PC_EMP_CUSE2,EL,,NaN,,NaN
A,GE10,J61,P_IUSE,PC_EMP_CUSE2,ES,,NaN,,NaN
A,GE10,J61,P_IUSE,PC_EMP_CUSE2,EU15,,NaN,,NaN
A,GE10,J61,P_IUSE,PC_EMP_CUSE2,EU27_2007,,NaN,,NaN
A,GE10,J61,P_IUSE,PC_EMP_CUSE2,EU27_2020,,NaN,,NaN
A,GE10,J61,P_IUSE,PC_EMP_CUSE2,EU28,,NaN,,NaN
A,GE10,J61,P_IUSE,PC_EMP_CUSE2,FI,,NaN,,NaN
A,GE10,J61,P_IUSE,PC_EMP_CUSE2,FR,,NaN,,NaN
A,GE10,J61,P_IUSE,PC_EMP_CUSE2,HR,,NaN,,NaN
A,GE10,J61,P_IUSE,PC_EMP_CUSE2,HU,,NaN,,NaN
A,GE10,J61,P_IUSE,PC_EMP_CUSE2,IE,,NaN,,NaN
A,GE10,J61,P_IUSE,PC_EMP_CUSE2,IS,,NaN,,NaN
A,GE10,J61,P_IUSE,PC_EMP_CUSE2,IT,,NaN,,NaN
A,GE10,J61,P_IUSE,PC_EMP_CUSE2,LT,,NaN,,NaN
A,GE10,J61,P_IUSE,PC_EMP_CUSE2,LU,,NaN,,NaN
A,GE10,J61,P_IUSE,PC_EMP_CUSE2,LV,,NaN,,NaN
A,GE10,J61,P_IUSE,PC_EMP_CUSE2,MK,,NaN,,NaN
A,GE10,J61,P_IUSE,PC_EMP_CUSE2,MT,,NaN,,NaN
A,GE10,J61,P_IUSE,PC_EMP_CUSE2,NL,,NaN,,NaN
A,GE10,J61,P_IUSE,PC_EMP_CUSE2,NO,,NaN,,NaN
A,GE10,J61,P_IUSE,PC_EMP_CUSE2,PL,,NaN,,NaN
A,GE10,J61,P_IUSE,PC_EMP_CUSE2,PT,,NaN,,NaN
A,GE10,J61,P_IUSE,PC_EMP_CUSE2,RO,,NaN,,NaN
A,GE10,J61,P_IUSE,PC_EMP_CUSE2,RS,,NaN,,NaN
A,GE10,J61,P_IUSE,PC_EMP_CUSE2,SE,,NaN,,NaN
A,GE10,J61,P_IUSE,PC_EMP_CUSE2,SI,,NaN,,NaN
A,GE10,J61,P_IUSE,PC_EMP_CUSE2,SK,,NaN,,NaN
A,GE10,J61,P_IUSE,PC_EMP_CUSE2,TR,,NaN,,NaN
A,GE10,J61,P_IUSE,PC_EMP_CUSE2,UK,,NaN,,NaN
A,GE10,J61,P_IUSE,PC_EMP_IACC,AT,,NaN,,NaN
A,GE10,J61,P_IUSE,PC_EMP_IACC,BE,,NaN,,NaN
A,GE10,J61,P_IUSE,PC_EMP_IACC,BG,,NaN,,NaN
A,GE10,J61,P_IUSE,PC_EMP_IACC,CY,,NaN,,NaN
A,GE10,J61,P_IUSE,PC_EMP_IACC,CZ,,NaN,,NaN
A,GE10,J61,P_IUSE,PC_EMP_IACC,DE,,NaN,,NaN
A,GE10,J61,P_IUSE,PC_EMP_IACC,DK,,NaN,,NaN
A,GE10,J61,P_IUSE,PC_EMP_IACC,EA,,NaN,,NaN
A,GE10,J61,P_IUSE,PC_EMP_IACC,EE,,NaN,,NaN
A,GE10,J61,P_IUSE,PC_EMP_IACC,EL,,NaN,,NaN
A,GE10,J61,P_IUSE,PC_EMP_IACC,ES,,NaN,,NaN
A,GE10,J61,P_IUSE,PC_EMP_IACC,EU15,,NaN,,NaN
A,GE10,J61,P_IUSE,PC_EMP_IACC,EU27_2007,,NaN,,NaN
A,GE10,J61,P_IUSE,PC_EMP_IACC,EU27_2020,,NaN,,NaN
A,GE10,J61,P_IUSE,PC_EMP_IACC,EU28,,NaN,,NaN
A,GE10,J61,P_IUSE,PC_EMP_IACC,FI,,NaN,,NaN
A,GE10,J61,P_IUSE,PC_EMP_IACC,FR,,NaN,,NaN
A,GE10,J61,P_IUSE,PC_EMP_IACC,HR,,NaN,,NaN
A,GE10,J61,P_IUSE,PC_EMP_IACC,HU,,NaN,,NaN
A,GE10,J61,P_IUSE,PC_EMP_IACC,IE,,NaN,,NaN
A,GE10,J61,P_IUSE,PC_EMP_IACC,IS,,NaN,,NaN
A,GE10,J61,P_IUSE,PC_EMP_IACC,IT,,NaN,,NaN
A,GE10,J61,P_IUSE,PC_EMP_IACC,LT,,NaN,,NaN
A,GE10,J61,P_IUSE,PC_EMP_IACC,LU,,NaN,,NaN
A,GE10,J61,P_IUSE,PC_EMP_IACC,LV,,NaN,,NaN
A,GE10,J61,P_IUSE,PC_EMP_IACC,MK,,NaN,,NaN
A,GE10,J61,P_IUSE,PC_EMP_IACC,MT,,NaN,,NaN
A,GE10,J61,P_IUSE,PC_EMP_IACC,NL,,NaN,,NaN
A,GE10,J61,P_IUSE,PC_EMP_IACC,NO,,NaN,,NaN
A,GE10,J61,P_IUSE,PC_EMP_IACC,PL,,NaN,,NaN
A,GE10,J61,P_IUSE,PC_EMP_IACC,PT,,NaN,,NaN
A,GE10,J61,P_IUSE,PC_EMP_IACC,RO,,NaN,,NaN
A,GE10,J61,P_IUSE,PC_EMP_IACC,RS,,NaN,,NaN
A,GE10,J61,P_IUSE,PC_EMP_IACC,SE,,NaN,,NaN
A,GE10,J61,P_IUSE,PC_EMP_IACC,SI,,NaN,,NaN
A,GE10,J61,P_IUSE,PC_EMP_IACC,SK,,NaN,,NaN
A,GE10,J61,P_IUSE,PC_EMP_IACC,TR,,NaN,,NaN
A,GE10,J61,P_IUSE,PC_EMP_IACC,UK,,NaN,,NaN
A,GE10,J62_J63,P_CUSE,PC_EMP,AT,,NaN,,NaN
A,GE10,J62_J63,P_CUSE,PC_EMP,BA,,NaN,,NaN
A,GE10,J62_J63,P_CUSE,PC_EMP,BE,97.8,NaN,,NaN
A,GE10,J62_J63,P_CUSE,PC_EMP,BG,93.71,NaN,,NaN
A,GE10,J62_J63,P_CUSE,PC_EMP,CY,95.11,NaN,,NaN
A,GE10,J62_J63,P_CUSE,PC_EMP,CZ,88.16,NaN,,NaN
A,GE10,J62_J63,P_CUSE,PC_EMP,DE,96.35,NaN,,NaN
A,GE10,J62_J63,P_CUSE,PC_EMP,DK,,NaN,,NaN
A,GE10,J62_J63,P_CUSE,PC_EMP,EA,96.73,NaN,,NaN
A,GE10,J62_J63,P_CUSE,PC_EMP,EE,97.57,NaN,,NaN
A,GE10,J62_J63,P_CUSE,PC_EMP,EL,78.02,NaN,,NaN
A,GE10,J62_J63,P_CUSE,PC_EMP,ES,,u,,NaN
A,GE10,J62_J63,P_CUSE,PC_EMP,EU15,97.44,NaN,,NaN
A,GE10,J62_J63,P_CUSE,PC_EMP,EU25,,NaN,,NaN
A,GE10,J62_J63,P_CUSE,PC_EMP,EU27_2007,96.89,NaN,,NaN
A,GE10,J62_J63,P_CUSE,PC_EMP,EU27_2020,96.22,NaN,,NaN
A,GE10,J62_J63,P_CUSE,PC_EMP,EU28,96.9,NaN,,NaN
A,GE10,J62_J63,P_CUSE,PC_EMP,FI,99.73,NaN,,NaN
A,GE10,J62_J63,P_CUSE,PC_EMP,FR,,NaN,,NaN
A,GE10,J62_J63,P_CUSE,PC_EMP,HR,99.6,NaN,,NaN
A,GE10,J62_J63,P_CUSE,PC_EMP,HU,94.73,NaN,,NaN
A,GE10,J62_J63,P_CUSE,PC_EMP,IE,97.02,NaN,,NaN
A,GE10,J62_J63,P_CUSE,PC_EMP,IS,,NaN,,NaN
A,GE10,J62_J63,P_CUSE,PC_EMP,IT,97.03,NaN,,NaN
A,GE10,J62_J63,P_CUSE,PC_EMP,LT,96.14,NaN,,NaN
A,GE10,J62_J63,P_CUSE,PC_EMP,LU,,NaN,,NaN
A,GE10,J62_J63,P_CUSE,PC_EMP,LV,,NaN,,NaN
A,GE10,J62_J63,P_CUSE,PC_EMP,ME,,u,,NaN
A,GE10,J62_J63,P_CUSE,PC_EMP,MK,95.15,NaN,,NaN
A,GE10,J62_J63,P_CUSE,PC_EMP,MT,,NaN,,NaN
A,GE10,J62_J63,P_CUSE,PC_EMP,NL,98.36,NaN,,NaN
A,GE10,J62_J63,P_CUSE,PC_EMP,NO,99.5,NaN,,NaN
A,GE10,J62_J63,P_CUSE,PC_EMP,PL,98.1,NaN,,NaN
A,GE10,J62_J63,P_CUSE,PC_EMP,PT,89.9,NaN,,NaN
A,GE10,J62_J63,P_CUSE,PC_EMP,RO,92.87,NaN,,NaN
A,GE10,J62_J63,P_CUSE,PC_EMP,RS,,NaN,,NaN
A,GE10,J62_J63,P_CUSE,PC_EMP,SE,,NaN,,NaN
A,GE10,J62_J63,P_CUSE,PC_EMP,SI,98.83,NaN,,NaN
A,GE10,J62_J63,P_CUSE,PC_EMP,SK,96.0,NaN,,NaN
A,GE10,J62_J63,P_CUSE,PC_EMP,TR,,NaN,,NaN
A,GE10,J62_J63,P_CUSE,PC_EMP,UK,99.44,NaN,,NaN
A,GE10,J62_J63,P_CUSE,PC_EMP_CUSE2,AT,,NaN,,NaN
A,GE10,J62_J63,P_CUSE,PC_EMP_CUSE2,BE,,NaN,,NaN
A,GE10,J62_J63,P_CUSE,PC_EMP_CUSE2,BG,,NaN,,NaN
A,GE10,J62_J63,P_CUSE,PC_EMP_CUSE2,CY,,NaN,,NaN
A,GE10,J62_J63,P_CUSE,PC_EMP_CUSE2,CZ,,NaN,,NaN
A,GE10,J62_J63,P_CUSE,PC_EMP_CUSE2,DE,,NaN,,NaN
A,GE10,J62_J63,P_CUSE,PC_EMP_CUSE2,DK,,NaN,,NaN
A,GE10,J62_J63,P_CUSE,PC_EMP_CUSE2,EA,,NaN,,NaN
A,GE10,J62_J63,P_CUSE,PC_EMP_CUSE2,EE,,NaN,,NaN
A,GE10,J62_J63,P_CUSE,PC_EMP_CUSE2,EL,,NaN,,NaN
A,GE10,J62_J63,P_CUSE,PC_EMP_CUSE2,ES,,NaN,,NaN
A,GE10,J62_J63,P_CUSE,PC_EMP_CUSE2,EU15,,NaN,,NaN
A,GE10,J62_J63,P_CUSE,PC_EMP_CUSE2,EU27_2007,,NaN,,NaN
A,GE10,J62_J63,P_CUSE,PC_EMP_CUSE2,EU27_2020,,NaN,,NaN
A,GE10,J62_J63,P_CUSE,PC_EMP_CUSE2,EU28,,NaN,,NaN
A,GE10,J62_J63,P_CUSE,PC_EMP_CUSE2,FI,,NaN,,NaN
A,GE10,J62_J63,P_CUSE,PC_EMP_CUSE2,FR,,NaN,,NaN
A,GE10,J62_J63,P_CUSE,PC_EMP_CUSE2,HR,,NaN,,NaN
A,GE10,J62_J63,P_CUSE,PC_EMP_CUSE2,HU,,NaN,,NaN
A,GE10,J62_J63,P_CUSE,PC_EMP_CUSE2,IE,,NaN,,NaN
A,GE10,J62_J63,P_CUSE,PC_EMP_CUSE2,IT,,NaN,,NaN
A,GE10,J62_J63,P_CUSE,PC_EMP_CUSE2,LT,,NaN,,NaN
A,GE10,J62_J63,P_CUSE,PC_EMP_CUSE2,MK,,NaN,,NaN
A,GE10,J62_J63,P_CUSE,PC_EMP_CUSE2,MT,,NaN,,NaN
A,GE10,J62_J63,P_CUSE,PC_EMP_CUSE2,NL,,NaN,,NaN
A,GE10,J62_J63,P_CUSE,PC_EMP_CUSE2,NO,,NaN,,NaN
A,GE10,J62_J63,P_CUSE,PC_EMP_CUSE2,PL,,NaN,,NaN
A,GE10,J62_J63,P_CUSE,PC_EMP_CUSE2,PT,,NaN,,NaN
A,GE10,J62_J63,P_CUSE,PC_EMP_CUSE2,RO,,NaN,,NaN
A,GE10,J62_J63,P_CUSE,PC_EMP_CUSE2,RS,,NaN,,NaN
A,GE10,J62_J63,P_CUSE,PC_EMP_CUSE2,SI,,NaN,,NaN
A,GE10,J62_J63,P_CUSE,PC_EMP_CUSE2,SK,,NaN,,NaN
A,GE10,J62_J63,P_CUSE,PC_EMP_CUSE2,UK,,NaN,,NaN
A,GE10,J62_J63,P_IUSE,PC_EMP,AL,,NaN,,NaN
A,GE10,J62_J63,P_IUSE,PC_EMP,AT,,u,,u
A,GE10,J62_J63,P_IUSE,PC_EMP,BA,,NaN,91.32,NaN
A,GE10,J62_J63,P_IUSE,PC_EMP,BE,96.6,NaN,98.83,NaN
A,GE10,J62_J63,P_IUSE,PC_EMP,BG,92.9,NaN,95.2,NaN
A,GE10,J62_J63,P_IUSE,PC_EMP,CY,94.07,NaN,96.46,NaN
A,GE10,J62_J63,P_IUSE,PC_EMP,CZ,87.91,NaN,92.59,NaN
A,GE10,J62_J63,P_IUSE,PC_EMP,DE,94.56,NaN,97.18,NaN
A,GE10,J62_J63,P_IUSE,PC_EMP,DK,99.57,NaN,99.33,NaN
A,GE10,J62_J63,P_IUSE,PC_EMP,EA,94.9,NaN,97.44,NaN
A,GE10,J62_J63,P_IUSE,PC_EMP,EE,97.57,NaN,96.15,NaN
A,GE10,J62_J63,P_IUSE,PC_EMP,EL,75.14,NaN,87.51,NaN
A,GE10,J62_J63,P_IUSE,PC_EMP,ES,,u,,u
A,GE10,J62_J63,P_IUSE,PC_EMP,EU15,95.74,NaN,,NaN
A,GE10,J62_J63,P_IUSE,PC_EMP,EU25,,NaN,,NaN
A,GE10,J62_J63,P_IUSE,PC_EMP,EU27_2007,95.23,NaN,,NaN
A,GE10,J62_J63,P_IUSE,PC_EMP,EU27_2020,94.66,NaN,97.0,NaN
A,GE10,J62_J63,P_IUSE,PC_EMP,EU28,95.25,NaN,,NaN
A,GE10,J62_J63,P_IUSE,PC_EMP,FI,99.62,NaN,,u
A,GE10,J62_J63,P_IUSE,PC_EMP,FR,,NaN,,NaN
A,GE10,J62_J63,P_IUSE,PC_EMP,HR,99.47,NaN,98.79,NaN
A,GE10,J62_J63,P_IUSE,PC_EMP,HU,93.15,NaN,95.4,NaN
A,GE10,J62_J63,P_IUSE,PC_EMP,IE,93.49,NaN,99.36,NaN
A,GE10,J62_J63,P_IUSE,PC_EMP,IS,,NaN,100.0,NaN
A,GE10,J62_J63,P_IUSE,PC_EMP,IT,94.69,NaN,96.78,NaN
A,GE10,J62_J63,P_IUSE,PC_EMP,LT,96.08,NaN,98.17,NaN
A,GE10,J62_J63,P_IUSE,PC_EMP,LU,,NaN,,NaN
A,GE10,J62_J63,P_IUSE,PC_EMP,LV,86.07,NaN,85.37,NaN
A,GE10,J62_J63,P_IUSE,PC_EMP,ME,,u,,u
A,GE10,J62_J63,P_IUSE,PC_EMP,MK,90.39,NaN,97.02,NaN
A,GE10,J62_J63,P_IUSE,PC_EMP,MT,87.57,NaN,83.92,NaN
A,GE10,J62_J63,P_IUSE,PC_EMP,NL,97.9,NaN,98.63,NaN
A,GE10,J62_J63,P_IUSE,PC_EMP,NO,98.57,NaN,99.49,NaN
A,GE10,J62_J63,P_IUSE,PC_EMP,PL,97.4,NaN,98.93,NaN
A,GE10,J62_J63,P_IUSE,PC_EMP,PT,87.11,NaN,96.29,NaN
A,GE10,J62_J63,P_IUSE,PC_EMP,RO,88.69,NaN,88.91,NaN
A,GE10,J62_J63,P_IUSE,PC_EMP,RS,,NaN,97.67,NaN
A,GE10,J62_J63,P_IUSE,PC_EMP,SE,96.52,NaN,98.92,NaN
A,GE10,J62_J63,P_IUSE,PC_EMP,SI,97.94,NaN,98.55,NaN
A,GE10,J62_J63,P_IUSE,PC_EMP,SK,95.07,NaN,96.81,NaN
A,GE10,J62_J63,P_IUSE,PC_EMP,TR,77.54,NaN,,NaN
A,GE10,J62_J63,P_IUSE,PC_EMP,UK,97.65,NaN,95.04,NaN
A,GE10,J62_J63,P_IUSE,PC_EMP_CUSE,AT,,NaN,,NaN
A,GE10,J62_J63,P_IUSE,PC_EMP_CUSE,BA,,NaN,,NaN
A,GE10,J62_J63,P_IUSE,PC_EMP_CUSE,BE,98.77,NaN,,NaN
A,GE10,J62_J63,P_IUSE,PC_EMP_CUSE,BG,99.14,NaN,,NaN
A,GE10,J62_J63,P_IUSE,PC_EMP_CUSE,CY,98.91,NaN,,NaN
A,GE10,J62_J63,P_IUSE,PC_EMP_CUSE,CZ,99.71,NaN,,NaN
A,GE10,J62_J63,P_IUSE,PC_EMP_CUSE,DE,98.15,NaN,,NaN
A,GE10,J62_J63,P_IUSE,PC_EMP_CUSE,DK,,NaN,,NaN
A,GE10,J62_J63,P_IUSE,PC_EMP_CUSE,EA,98.11,NaN,,NaN
A,GE10,J62_J63,P_IUSE,PC_EMP_CUSE,EE,100.0,NaN,,NaN
A,GE10,J62_J63,P_IUSE,PC_EMP_CUSE,EL,96.31,NaN,,NaN
A,GE10,J62_J63,P_IUSE,PC_EMP_CUSE,ES,,u,,NaN
A,GE10,J62_J63,P_IUSE,PC_EMP_CUSE,EU15,98.1,NaN,,NaN
A,GE10,J62_J63,P_IUSE,PC_EMP_CUSE,EU25,,NaN,,NaN
A,GE10,J62_J63,P_IUSE,PC_EMP_CUSE,EU27_2007,98.18,NaN,,NaN
A,GE10,J62_J63,P_IUSE,PC_EMP_CUSE,EU27_2020,98.19,NaN,,NaN
A,GE10,J62_J63,P_IUSE,PC_EMP_CUSE,EU28,98.19,NaN,,NaN
A,GE10,J62_J63,P_IUSE,PC_EMP_CUSE,FI,99.88,NaN,,NaN
A,GE10,J62_J63,P_IUSE,PC_EMP_CUSE,FR,,NaN,,NaN
A,GE10,J62_J63,P_IUSE,PC_EMP_CUSE,HR,99.88,NaN,,NaN
A,GE10,J62_J63,P_IUSE,PC_EMP_CUSE,HU,98.33,NaN,,NaN
A,GE10,J62_J63,P_IUSE,PC_EMP_CUSE,IE,96.35,NaN,,NaN
A,GE10,J62_J63,P_IUSE,PC_EMP_CUSE,IS,,NaN,,NaN
A,GE10,J62_J63,P_IUSE,PC_EMP_CUSE,IT,97.59,NaN,,NaN
A,GE10,J62_J63,P_IUSE,PC_EMP_CUSE,LT,99.94,NaN,,NaN
A,GE10,J62_J63,P_IUSE,PC_EMP_CUSE,LU,,NaN,,NaN
A,GE10,J62_J63,P_IUSE,PC_EMP_CUSE,LV,,NaN,,NaN
A,GE10,J62_J63,P_IUSE,PC_EMP_CUSE,ME,,u,,NaN
A,GE10,J62_J63,P_IUSE,PC_EMP_CUSE,MK,95.0,NaN,,NaN
A,GE10,J62_J63,P_IUSE,PC_EMP_CUSE,MT,,NaN,,NaN
A,GE10,J62_J63,P_IUSE,PC_EMP_CUSE,NL,99.53,NaN,,NaN
A,GE10,J62_J63,P_IUSE,PC_EMP_CUSE,NO,99.07,NaN,,NaN
A,GE10,J62_J63,P_IUSE,PC_EMP_CUSE,PL,99.29,NaN,,NaN
A,GE10,J62_J63,P_IUSE,PC_EMP_CUSE,PT,96.9,NaN,,NaN
A,GE10,J62_J63,P_IUSE,PC_EMP_CUSE,RO,95.5,NaN,,NaN
A,GE10,J62_J63,P_IUSE,PC_EMP_CUSE,RS,,NaN,,NaN
A,GE10,J62_J63,P_IUSE,PC_EMP_CUSE,SE,,NaN,,NaN
A,GE10,J62_J63,P_IUSE,PC_EMP_CUSE,SI,99.1,NaN,,NaN
A,GE10,J62_J63,P_IUSE,PC_EMP_CUSE,SK,99.02,NaN,,NaN
A,GE10,J62_J63,P_IUSE,PC_EMP_CUSE,TR,,NaN,,NaN
A,GE10,J62_J63,P_IUSE,PC_EMP_CUSE,UK,98.2,NaN,,NaN
A,GE10,J62_J63,P_IUSE,PC_EMP_CUSE2,AT,,NaN,,NaN
A,GE10,J62_J63,P_IUSE,PC_EMP_CUSE2,BE,,NaN,,NaN
A,GE10,J62_J63,P_IUSE,PC_EMP_CUSE2,BG,,NaN,,NaN
A,GE10,J62_J63,P_IUSE,PC_EMP_CUSE2,CY,,NaN,,NaN
A,GE10,J62_J63,P_IUSE,PC_EMP_CUSE2,CZ,,NaN,,NaN
A,GE10,J62_J63,P_IUSE,PC_EMP_CUSE2,DE,,NaN,,NaN
A,GE10,J62_J63,P_IUSE,PC_EMP_CUSE2,DK,,NaN,,NaN
A,GE10,J62_J63,P_IUSE,PC_EMP_CUSE2,EA,,NaN,,NaN
A,GE10,J62_J63,P_IUSE,PC_EMP_CUSE2,EE,,NaN,,NaN
A,GE10,J62_J63,P_IUSE,PC_EMP_CUSE2,EL,,NaN,,NaN
A,GE10,J62_J63,P_IUSE,PC_EMP_CUSE2,ES,,NaN,,NaN
A,GE10,J62_J63,P_IUSE,PC_EMP_CUSE2,EU15,,NaN,,NaN
A,GE10,J62_J63,P_IUSE,PC_EMP_CUSE2,EU27_2007,,NaN,,NaN
A,GE10,J62_J63,P_IUSE,PC_EMP_CUSE2,EU27_2020,,NaN,,NaN
A,GE10,J62_J63,P_IUSE,PC_EMP_CUSE2,EU28,,NaN,,NaN
A,GE10,J62_J63,P_IUSE,PC_EMP_CUSE2,FI,,NaN,,NaN
A,GE10,J62_J63,P_IUSE,PC_EMP_CUSE2,FR,,NaN,,NaN
A,GE10,J62_J63,P_IUSE,PC_EMP_CUSE2,HR,,NaN,,NaN
A,GE10,J62_J63,P_IUSE,PC_EMP_CUSE2,HU,,NaN,,NaN
A,GE10,J62_J63,P_IUSE,PC_EMP_CUSE2,IE,,NaN,,NaN
A,GE10,J62_J63,P_IUSE,PC_EMP_CUSE2,IS,,NaN,,NaN
A,GE10,J62_J63,P_IUSE,PC_EMP_CUSE2,IT,,NaN,,NaN
A,GE10,J62_J63,P_IUSE,PC_EMP_CUSE2,LT,,NaN,,NaN
A,GE10,J62_J63,P_IUSE,PC_EMP_CUSE2,LU,,NaN,,NaN
A,GE10,J62_J63,P_IUSE,PC_EMP_CUSE2,LV,,NaN,,NaN
A,GE10,J62_J63,P_IUSE,PC_EMP_CUSE2,MK,,NaN,,NaN
A,GE10,J62_J63,P_IUSE,PC_EMP_CUSE2,MT,,NaN,,NaN
A,GE10,J62_J63,P_IUSE,PC_EMP_CUSE2,NL,,NaN,,NaN
A,GE10,J62_J63,P_IUSE,PC_EMP_CUSE2,NO,,NaN,,NaN
A,GE10,J62_J63,P_IUSE,PC_EMP_CUSE2,PL,,NaN,,NaN
A,GE10,J62_J63,P_IUSE,PC_EMP_CUSE2,PT,,NaN,,NaN
A,GE10,J62_J63,P_IUSE,PC_EMP_CUSE2,RO,,NaN,,NaN
A,GE10,J62_J63,P_IUSE,PC_EMP_CUSE2,RS,,NaN,,NaN
A,GE10,J62_J63,P_IUSE,PC_EMP_CUSE2,SE,,NaN,,NaN
A,GE10,J62_J63,P_IUSE,PC_EMP_CUSE2,SI,,NaN,,NaN
A,GE10,J62_J63,P_IUSE,PC_EMP_CUSE2,SK,,NaN,,NaN
A,GE10,J62_J63,P_IUSE,PC_EMP_CUSE2,TR,,NaN,,NaN
A,GE10,J62_J63,P_IUSE,PC_EMP_CUSE2,UK,,NaN,,NaN
A,GE10,J62_J63,P_IUSE,PC_EMP_IACC,AT,,NaN,,NaN
A,GE10,J62_J63,P_IUSE,PC_EMP_IACC,BE,,NaN,,NaN
A,GE10,J62_J63,P_IUSE,PC_EMP_IACC,BG,,NaN,,NaN
A,GE10,J62_J63,P_IUSE,PC_EMP_IACC,CY,,NaN,,NaN
A,GE10,J62_J63,P_IUSE,PC_EMP_IACC,CZ,,NaN,,NaN
A,GE10,J62_J63,P_IUSE,PC_EMP_IACC,DE,,NaN,,NaN
A,GE10,J62_J63,P_IUSE,PC_EMP_IACC,DK,,NaN,,NaN
A,GE10,J62_J63,P_IUSE,PC_EMP_IACC,EA,,NaN,,NaN
A,GE10,J62_J63,P_IUSE,PC_EMP_IACC,EE,,NaN,,NaN
A,GE10,J62_J63,P_IUSE,PC_EMP_IACC,EL,,NaN,,NaN
A,GE10,J62_J63,P_IUSE,PC_EMP_IACC,ES,,NaN,,NaN
A,GE10,J62_J63,P_IUSE,PC_EMP_IACC,EU15,,NaN,,NaN
A,GE10,J62_J63,P_IUSE,PC_EMP_IACC,EU27_2007,,NaN,,NaN
A,GE10,J62_J63,P_IUSE,PC_EMP_IACC,EU27_2020,,NaN,,NaN
A,GE10,J62_J63,P_IUSE,PC_EMP_IACC,EU28,,NaN,,NaN
A,GE10,J62_J63,P_IUSE,PC_EMP_IACC,FI,,NaN,,NaN
A,GE10,J62_J63,P_IUSE,PC_EMP_IACC,FR,,NaN,,NaN
A,GE10,J62_J63,P_IUSE,PC_EMP_IACC,HR,,NaN,,NaN
A,GE10,J62_J63,P_IUSE,PC_EMP_IACC,HU,,NaN,,NaN
A,GE10,J62_J63,P_IUSE,PC_EMP_IACC,IE,,NaN,,NaN
A,GE10,J62_J63,P_IUSE,PC_EMP_IACC,IS,,NaN,,NaN
A,GE10,J62_J63,P_IUSE,PC_EMP_IACC,IT,,NaN,,NaN
A,GE10,J62_J63,P_IUSE,PC_EMP_IACC,LT,,NaN,,NaN
A,GE10,J62_J63,P_IUSE,PC_EMP_IACC,LU,,NaN,,NaN
A,GE10,J62_J63,P_IUSE,PC_EMP_IACC,LV,,NaN,,NaN
A,GE10,J62_J63,P_IUSE,PC_EMP_IACC,MK,,NaN,,NaN
A,GE10,J62_J63,P_IUSE,PC_EMP_IACC,MT,,NaN,,NaN
A,GE10,J62_J63,P_IUSE,PC_EMP_IACC,NL,,NaN,,NaN
A,GE10,J62_J63,P_IUSE,PC_EMP_IACC,NO,,NaN,,NaN
A,GE10,J62_J63,P_IUSE,PC_EMP_IACC,PL,,NaN,,NaN
A,GE10,J62_J63,P_IUSE,PC_EMP_IACC,PT,,NaN,,NaN
A,GE10,J62_J63,P_IUSE,PC_EMP_IACC,RO,,NaN,,NaN
A,GE10,J62_J63,P_IUSE,PC_EMP_IACC,RS,,NaN,,NaN
A,GE10,J62_J63,P_IUSE,PC_EMP_IACC,SE,,NaN,,NaN
A,GE10,J62_J63,P_IUSE,PC_EMP_IACC,SI,,NaN,,NaN
A,GE10,J62_J63,P_IUSE,PC_EMP_IACC,SK,,NaN,,NaN
A,GE10,J62_J63,P_IUSE,PC_EMP_IACC,TR,,NaN,,NaN
A,GE10,J62_J63,P_IUSE,PC_EMP_IACC,UK,,NaN,,NaN
A,GE10,L68,P_CUSE,PC_EMP,AT,,NaN,,NaN
A,GE10,L68,P_CUSE,PC_EMP,BA,,NaN,,NaN
A,GE10,L68,P_CUSE,PC_EMP,BE,61.58,NaN,,NaN
A,GE10,L68,P_CUSE,PC_EMP,BG,44.69,NaN,,NaN
A,GE10,L68,P_CUSE,PC_EMP,CY,70.02,NaN,,NaN
A,GE10,L68,P_CUSE,PC_EMP,CZ,49.57,NaN,,NaN
A,GE10,L68,P_CUSE,PC_EMP,DE,73.19,NaN,,NaN
A,GE10,L68,P_CUSE,PC_EMP,DK,,NaN,,NaN
A,GE10,L68,P_CUSE,PC_EMP,EA,74.11,NaN,,NaN
A,GE10,L68,P_CUSE,PC_EMP,EE,41.44,NaN,,NaN
A,GE10,L68,P_CUSE,PC_EMP,EL,51.68,NaN,,NaN
A,GE10,L68,P_CUSE,PC_EMP,ES,78.51,NaN,,NaN
A,GE10,L68,P_CUSE,PC_EMP,EU15,81.12,NaN,,NaN
A,GE10,L68,P_CUSE,PC_EMP,EU25,,NaN,,NaN
A,GE10,L68,P_CUSE,PC_EMP,EU27_2007,73.13,NaN,,NaN
A,GE10,L68,P_CUSE,PC_EMP,EU27_2020,65.25,NaN,,NaN
A,GE10,L68,P_CUSE,PC_EMP,EU28,73.0,NaN,,NaN
A,GE10,L68,P_CUSE,PC_EMP,FI,94.26,NaN,,NaN
A,GE10,L68,P_CUSE,PC_EMP,FR,,NaN,,NaN
A,GE10,L68,P_CUSE,PC_EMP,HR,50.51,NaN,,NaN
A,GE10,L68,P_CUSE,PC_EMP,HU,47.74,NaN,,NaN
A,GE10,L68,P_CUSE,PC_EMP,IE,73.62,NaN,,NaN
A,GE10,L68,P_CUSE,PC_EMP,IS,,NaN,,NaN
A,GE10,L68,P_CUSE,PC_EMP,IT,68.92,NaN,,NaN
A,GE10,L68,P_CUSE,PC_EMP,LT,53.61,NaN,,NaN
A,GE10,L68,P_CUSE,PC_EMP,LU,,NaN,,NaN
A,GE10,L68,P_CUSE,PC_EMP,LV,,NaN,,NaN
A,GE10,L68,P_CUSE,PC_EMP,ME,,u,,NaN
A,GE10,L68,P_CUSE,PC_EMP,MK,51.9,NaN,,NaN
A,GE10,L68,P_CUSE,PC_EMP,MT,,NaN,,NaN
A,GE10,L68,P_CUSE,PC_EMP,NL,94.57,NaN,,NaN
A,GE10,L68,P_CUSE,PC_EMP,NO,92.94,NaN,,NaN
A,GE10,L68,P_CUSE,PC_EMP,PL,55.34,NaN,,NaN
A,GE10,L68,P_CUSE,PC_EMP,PT,70.4,NaN,,NaN
A,GE10,L68,P_CUSE,PC_EMP,RO,36.58,NaN,,NaN
A,GE10,L68,P_CUSE,PC_EMP,RS,,NaN,,NaN
A,GE10,L68,P_CUSE,PC_EMP,SE,,NaN,,NaN
A,GE10,L68,P_CUSE,PC_EMP,SI,70.82,NaN,,NaN
A,GE10,L68,P_CUSE,PC_EMP,SK,53.52,NaN,,NaN
A,GE10,L68,P_CUSE,PC_EMP,TR,,NaN,,NaN
A,GE10,L68,P_CUSE,PC_EMP,UK,86.07,NaN,,NaN
A,GE10,L68,P_CUSE,PC_EMP_CUSE2,AT,,NaN,,NaN
A,GE10,L68,P_CUSE,PC_EMP_CUSE2,BE,,NaN,,NaN
A,GE10,L68,P_CUSE,PC_EMP_CUSE2,BG,,NaN,,NaN
A,GE10,L68,P_CUSE,PC_EMP_CUSE2,CY,,NaN,,NaN
A,GE10,L68,P_CUSE,PC_EMP_CUSE2,CZ,,NaN,,NaN
A,GE10,L68,P_CUSE,PC_EMP_CUSE2,DE,,NaN,,NaN
A,GE10,L68,P_CUSE,PC_EMP_CUSE2,DK,,NaN,,NaN
A,GE10,L68,P_CUSE,PC_EMP_CUSE2,EA,,NaN,,NaN
A,GE10,L68,P_CUSE,PC_EMP_CUSE2,EE,,NaN,,NaN
A,GE10,L68,P_CUSE,PC_EMP_CUSE2,EL,,NaN,,NaN
A,GE10,L68,P_CUSE,PC_EMP_CUSE2,ES,,NaN,,NaN
A,GE10,L68,P_CUSE,PC_EMP_CUSE2,EU15,,NaN,,NaN
A,GE10,L68,P_CUSE,PC_EMP_CUSE2,EU27_2007,,NaN,,NaN
A,GE10,L68,P_CUSE,PC_EMP_CUSE2,EU27_2020,,NaN,,NaN
A,GE10,L68,P_CUSE,PC_EMP_CUSE2,EU28,,NaN,,NaN
A,GE10,L68,P_CUSE,PC_EMP_CUSE2,FI,,NaN,,NaN
A,GE10,L68,P_CUSE,PC_EMP_CUSE2,FR,,NaN,,NaN
A,GE10,L68,P_CUSE,PC_EMP_CUSE2,HR,,NaN,,NaN
A,GE10,L68,P_CUSE,PC_EMP_CUSE2,HU,,NaN,,NaN
A,GE10,L68,P_CUSE,PC_EMP_CUSE2,IE,,NaN,,NaN
A,GE10,L68,P_CUSE,PC_EMP_CUSE2,IT,,NaN,,NaN
A,GE10,L68,P_CUSE,PC_EMP_CUSE2,LT,,NaN,,NaN
A,GE10,L68,P_CUSE,PC_EMP_CUSE2,MK,,NaN,,NaN
A,GE10,L68,P_CUSE,PC_EMP_CUSE2,MT,,NaN,,NaN
A,GE10,L68,P_CUSE,PC_EMP_CUSE2,NL,,NaN,,NaN
A,GE10,L68,P_CUSE,PC_EMP_CUSE2,NO,,NaN,,NaN
A,GE10,L68,P_CUSE,PC_EMP_CUSE2,PL,,NaN,,NaN
A,GE10,L68,P_CUSE,PC_EMP_CUSE2,PT,,NaN,,NaN
A,GE10,L68,P_CUSE,PC_EMP_CUSE2,RO,,NaN,,NaN
A,GE10,L68,P_CUSE,PC_EMP_CUSE2,RS,,NaN,,NaN
A,GE10,L68,P_CUSE,PC_EMP_CUSE2,SI,,NaN,,NaN
A,GE10,L68,P_CUSE,PC_EMP_CUSE2,SK,,NaN,,NaN
A,GE10,L68,P_CUSE,PC_EMP_CUSE2,UK,,NaN,,NaN
A,GE10,L68,P_IUSE,PC_EMP,AL,,NaN,,NaN
A,GE10,L68,P_IUSE,PC_EMP,AT,,u,,u
A,GE10,L68,P_IUSE,PC_EMP,BA,,NaN,38.27,NaN
A,GE10,L68,P_IUSE,PC_EMP,BE,60.88,NaN,76.32,NaN
A,GE10,L68,P_IUSE,PC_EMP,BG,41.66,NaN,43.21,NaN
A,GE10,L68,P_IUSE,PC_EMP,CY,70.02,NaN,76.36,NaN
A,GE10,L68,P_IUSE,PC_EMP,CZ,48.64,NaN,70.41,NaN
A,GE10,L68,P_IUSE,PC_EMP,DE,71.53,NaN,87.52,NaN
A,GE10,L68,P_IUSE,PC_EMP,DK,94.01,NaN,89.33,NaN
A,GE10,L68,P_IUSE,PC_EMP,EA,74.9,NaN,83.12,NaN
A,GE10,L68,P_IUSE,PC_EMP,EE,40.3,NaN,44.27,NaN
A,GE10,L68,P_IUSE,PC_EMP,EL,44.74,NaN,,u
A,GE10,L68,P_IUSE,PC_EMP,ES,76.63,NaN,84.52,NaN
A,GE10,L68,P_IUSE,PC_EMP,EU15,81.19,NaN,,NaN
A,GE10,L68,P_IUSE,PC_EMP,EU25,,NaN,,NaN
A,GE10,L68,P_IUSE,PC_EMP,EU27_2007,73.88,NaN,,NaN
A,GE10,L68,P_IUSE,PC_EMP,EU27_2020,69.06,NaN,77.76,NaN
A,GE10,L68,P_IUSE,PC_EMP,EU28,73.78,NaN,,NaN
A,GE10,L68,P_IUSE,PC_EMP,FI,94.26,NaN,95.9,NaN
A,GE10,L68,P_IUSE,PC_EMP,FR,81.73,NaN,88.21,NaN
A,GE10,L68,P_IUSE,PC_EMP,HR,49.4,NaN,51.61,NaN
A,GE10,L68,P_IUSE,PC_EMP,HU,43.42,NaN,48.09,NaN
A,GE10,L68,P_IUSE,PC_EMP,IE,73.25,NaN,51.09,NaN
A,GE10,L68,P_IUSE,PC_EMP,IS,,NaN,100.0,NaN
A,GE10,L68,P_IUSE,PC_EMP,IT,66.53,NaN,66.76,NaN
A,GE10,L68,P_IUSE,PC_EMP,LT,53.37,NaN,59.5,NaN
A,GE10,L68,P_IUSE,PC_EMP,LU,,NaN,,NaN
A,GE10,L68,P_IUSE,PC_EMP,LV,33.0,NaN,38.52,NaN
A,GE10,L68,P_IUSE,PC_EMP,ME,,u,,u
A,GE10,L68,P_IUSE,PC_EMP,MK,46.62,NaN,,NaN
A,GE10,L68,P_IUSE,PC_EMP,MT,,u,,NaN
A,GE10,L68,P_IUSE,PC_EMP,NL,93.44,NaN,95.43,NaN
A,GE10,L68,P_IUSE,PC_EMP,NO,92.94,NaN,96.69,NaN
A,GE10,L68,P_IUSE,PC_EMP,PL,51.51,NaN,62.11,NaN
A,GE10,L68,P_IUSE,PC_EMP,PT,66.33,NaN,76.07,NaN
A,GE10,L68,P_IUSE,PC_EMP,RO,31.73,NaN,31.53,NaN
A,GE10,L68,P_IUSE,PC_EMP,RS,,NaN,67.56,NaN
A,GE10,L68,P_IUSE,PC_EMP,SE,92.02,NaN,96.39,NaN
A,GE10,L68,P_IUSE,PC_EMP,SI,70.56,NaN,80.22,NaN
A,GE10,L68,P_IUSE,PC_EMP,SK,52.57,NaN,64.85,NaN
A,GE10,L68,P_IUSE,PC_EMP,TR,37.87,NaN,,NaN
A,GE10,L68,P_IUSE,PC_EMP,UK,85.91,NaN,,u
A,GE10,L68,P_IUSE,PC_EMP_CUSE,AT,,NaN,,NaN
A,GE10,L68,P_IUSE,PC_EMP_CUSE,BA,,NaN,,NaN
A,GE10,L68,P_IUSE,PC_EMP_CUSE,BE,98.86,NaN,,NaN
A,GE10,L68,P_IUSE,PC_EMP_CUSE,BG,93.22,NaN,,NaN
A,GE10,L68,P_IUSE,PC_EMP_CUSE,CY,100.0,NaN,,NaN
A,GE10,L68,P_IUSE,PC_EMP_CUSE,CZ,98.12,NaN,,NaN
A,GE10,L68,P_IUSE,PC_EMP_CUSE,DE,97.74,NaN,,NaN
A,GE10,L68,P_IUSE,PC_EMP_CUSE,DK,,NaN,,NaN
A,GE10,L68,P_IUSE,PC_EMP_CUSE,EA,97.84,NaN,,NaN
A,GE10,L68,P_IUSE,PC_EMP_CUSE,EE,97.26,NaN,,NaN
A,GE10,L68,P_IUSE,PC_EMP_CUSE,EL,86.58,NaN,,NaN
A,GE10,L68,P_IUSE,PC_EMP_CUSE,ES,97.61,NaN,,NaN
A,GE10,L68,P_IUSE,PC_EMP_CUSE,EU15,98.87,NaN,,NaN
A,GE10,L68,P_IUSE,PC_EMP_CUSE,EU25,,NaN,,NaN
A,GE10,L68,P_IUSE,PC_EMP_CUSE,EU27_2007,97.95,NaN,,NaN
A,GE10,L68,P_IUSE,PC_EMP_CUSE,EU27_2020,96.49,NaN,,NaN
A,GE10,L68,P_IUSE,PC_EMP_CUSE,EU28,97.95,NaN,,NaN
A,GE10,L68,P_IUSE,PC_EMP_CUSE,FI,100.0,NaN,,NaN
A,GE10,L68,P_IUSE,PC_EMP_CUSE,FR,,NaN,,NaN
A,GE10,L68,P_IUSE,PC_EMP_CUSE,HR,97.79,NaN,,NaN
A,GE10,L68,P_IUSE,PC_EMP_CUSE,HU,90.95,NaN,,NaN
A,GE10,L68,P_IUSE,PC_EMP_CUSE,IE,99.49,NaN,,NaN
A,GE10,L68,P_IUSE,PC_EMP_CUSE,IS,,NaN,,NaN
A,GE10,L68,P_IUSE,PC_EMP_CUSE,IT,96.52,NaN,,NaN
A,GE10,L68,P_IUSE,PC_EMP_CUSE,LT,99.55,NaN,,NaN
A,GE10,L68,P_IUSE,PC_EMP_CUSE,LU,,NaN,,NaN
A,GE10,L68,P_IUSE,PC_EMP_CUSE,LV,,NaN,,NaN
A,GE10,L68,P_IUSE,PC_EMP_CUSE,ME,,u,,NaN
A,GE10,L68,P_IUSE,PC_EMP_CUSE,MK,89.83,NaN,,NaN
A,GE10,L68,P_IUSE,PC_EMP_CUSE,MT,,NaN,,NaN
A,GE10,L68,P_IUSE,PC_EMP_CUSE,NL,98.8,NaN,,NaN
A,GE10,L68,P_IUSE,PC_EMP_CUSE,NO,100.0,NaN,,NaN
A,GE10,L68,P_IUSE,PC_EMP_CUSE,PL,93.08,NaN,,NaN
A,GE10,L68,P_IUSE,PC_EMP_CUSE,PT,94.22,NaN,,NaN
A,GE10,L68,P_IUSE,PC_EMP_CUSE,RO,86.75,NaN,,NaN
A,GE10,L68,P_IUSE,PC_EMP_CUSE,RS,,NaN,,NaN
A,GE10,L68,P_IUSE,PC_EMP_CUSE,SE,,NaN,,NaN
A,GE10,L68,P_IUSE,PC_EMP_CUSE,SI,99.64,NaN,,NaN
A,GE10,L68,P_IUSE,PC_EMP_CUSE,SK,98.22,NaN,,NaN
A,GE10,L68,P_IUSE,PC_EMP_CUSE,TR,,NaN,,NaN
A,GE10,L68,P_IUSE,PC_EMP_CUSE,UK,99.81,NaN,,NaN
A,GE10,L68,P_IUSE,PC_EMP_CUSE2,AT,,NaN,,NaN
A,GE10,L68,P_IUSE,PC_EMP_CUSE2,BE,,NaN,,NaN
A,GE10,L68,P_IUSE,PC_EMP_CUSE2,BG,,NaN,,NaN
A,GE10,L68,P_IUSE,PC_EMP_CUSE2,CY,,NaN,,NaN
A,GE10,L68,P_IUSE,PC_EMP_CUSE2,CZ,,NaN,,NaN
A,GE10,L68,P_IUSE,PC_EMP_CUSE2,DE,,NaN,,NaN
A,GE10,L68,P_IUSE,PC_EMP_CUSE2,DK,,NaN,,NaN
A,GE10,L68,P_IUSE,PC_EMP_CUSE2,EA,,NaN,,NaN
A,GE10,L68,P_IUSE,PC_EMP_CUSE2,EE,,NaN,,NaN
A,GE10,L68,P_IUSE,PC_EMP_CUSE2,EL,,NaN,,NaN
A,GE10,L68,P_IUSE,PC_EMP_CUSE2,ES,,NaN,,NaN
A,GE10,L68,P_IUSE,PC_EMP_CUSE2,EU15,,NaN,,NaN
A,GE10,L68,P_IUSE,PC_EMP_CUSE2,EU27_2007,,NaN,,NaN
A,GE10,L68,P_IUSE,PC_EMP_CUSE2,EU27_2020,,NaN,,NaN
A,GE10,L68,P_IUSE,PC_EMP_CUSE2,EU28,,NaN,,NaN
A,GE10,L68,P_IUSE,PC_EMP_CUSE2,FI,,NaN,,NaN
A,GE10,L68,P_IUSE,PC_EMP_CUSE2,FR,,NaN,,NaN
A,GE10,L68,P_IUSE,PC_EMP_CUSE2,HR,,NaN,,NaN
A,GE10,L68,P_IUSE,PC_EMP_CUSE2,HU,,NaN,,NaN
A,GE10,L68,P_IUSE,PC_EMP_CUSE2,IE,,NaN,,NaN
A,GE10,L68,P_IUSE,PC_EMP_CUSE2,IS,,NaN,,NaN
A,GE10,L68,P_IUSE,PC_EMP_CUSE2,IT,,NaN,,NaN
A,GE10,L68,P_IUSE,PC_EMP_CUSE2,LT,,NaN,,NaN
A,GE10,L68,P_IUSE,PC_EMP_CUSE2,LU,,NaN,,NaN
A,GE10,L68,P_IUSE,PC_EMP_CUSE2,LV,,NaN,,NaN
A,GE10,L68,P_IUSE,PC_EMP_CUSE2,MK,,NaN,,NaN
A,GE10,L68,P_IUSE,PC_EMP_CUSE2,MT,,NaN,,NaN
A,GE10,L68,P_IUSE,PC_EMP_CUSE2,NL,,NaN,,NaN
A,GE10,L68,P_IUSE,PC_EMP_CUSE2,NO,,NaN,,NaN
A,GE10,L68,P_IUSE,PC_EMP_CUSE2,PL,,NaN,,NaN
A,GE10,L68,P_IUSE,PC_EMP_CUSE2,PT,,NaN,,NaN
A,GE10,L68,P_IUSE,PC_EMP_CUSE2,RO,,NaN,,NaN
A,GE10,L68,P_IUSE,PC_EMP_CUSE2,RS,,NaN,,NaN
A,GE10,L68,P_IUSE,PC_EMP_CUSE2,SE,,NaN,,NaN
A,GE10,L68,P_IUSE,PC_EMP_CUSE2,SI,,NaN,,NaN
A,GE10,L68,P_IUSE,PC_EMP_CUSE2,SK,,NaN,,NaN
A,GE10,L68,P_IUSE,PC_EMP_CUSE2,TR,,NaN,,NaN
A,GE10,L68,P_IUSE,PC_EMP_CUSE2,UK,,NaN,,NaN
A,GE10,L68,P_IUSE,PC_EMP_IACC,AT,,NaN,,NaN
A,GE10,L68,P_IUSE,PC_EMP_IACC,BE,,NaN,,NaN
A,GE10,L68,P_IUSE,PC_EMP_IACC,BG,,NaN,,NaN
A,GE10,L68,P_IUSE,PC_EMP_IACC,CY,,NaN,,NaN
A,GE10,L68,P_IUSE,PC_EMP_IACC,CZ,,NaN,,NaN
A,GE10,L68,P_IUSE,PC_EMP_IACC,DE,,NaN,,NaN
A,GE10,L68,P_IUSE,PC_EMP_IACC,DK,,NaN,,NaN
A,GE10,L68,P_IUSE,PC_EMP_IACC,EA,,NaN,,NaN
A,GE10,L68,P_IUSE,PC_EMP_IACC,EE,,NaN,,NaN
A,GE10,L68,P_IUSE,PC_EMP_IACC,EL,,NaN,,NaN
A,GE10,L68,P_IUSE,PC_EMP_IACC,ES,,NaN,,NaN
A,GE10,L68,P_IUSE,PC_EMP_IACC,EU15,,NaN,,NaN
A,GE10,L68,P_IUSE,PC_EMP_IACC,EU27_2007,,NaN,,NaN
A,GE10,L68,P_IUSE,PC_EMP_IACC,EU27_2020,,NaN,,NaN
A,GE10,L68,P_IUSE,PC_EMP_IACC,EU28,,NaN,,NaN
A,GE10,L68,P_IUSE,PC_EMP_IACC,FI,,NaN,,NaN
A,GE10,L68,P_IUSE,PC_EMP_IACC,FR,,NaN,,NaN
A,GE10,L68,P_IUSE,PC_EMP_IACC,HR,,NaN,,NaN
A,GE10,L68,P_IUSE,PC_EMP_IACC,HU,,NaN,,NaN
A,GE10,L68,P_IUSE,PC_EMP_IACC,IE,,NaN,,NaN
A,GE10,L68,P_IUSE,PC_EMP_IACC,IS,,NaN,,NaN
A,GE10,L68,P_IUSE,PC_EMP_IACC,IT,,NaN,,NaN
A,GE10,L68,P_IUSE,PC_EMP_IACC,LT,,NaN,,NaN
A,GE10,L68,P_IUSE,PC_EMP_IACC,LU,,NaN,,NaN
A,GE10,L68,P_IUSE,PC_EMP_IACC,LV,,NaN,,NaN
A,GE10,L68,P_IUSE,PC_EMP_IACC,MK,,NaN,,NaN
A,GE10,L68,P_IUSE,PC_EMP_IACC,MT,,NaN,,NaN
A,GE10,L68,P_IUSE,PC_EMP_IACC,NL,,NaN,,NaN
A,GE10,L68,P_IUSE,PC_EMP_IACC,NO,,NaN,,NaN
A,GE10,L68,P_IUSE,PC_EMP_IACC,PL,,NaN,,NaN
A,GE10,L68,P_IUSE,PC_EMP_IACC,PT,,NaN,,NaN
A,GE10,L68,P_IUSE,PC_EMP_IACC,RO,,NaN,,NaN
A,GE10,L68,P_IUSE,PC_EMP_IACC,RS,,NaN,,NaN
A,GE10,L68,P_IUSE,PC_EMP_IACC,SE,,NaN,,NaN
A,GE10,L68,P_IUSE,PC_EMP_IACC,SI,,NaN,,NaN
A,GE10,L68,P_IUSE,PC_EMP_IACC,SK,,NaN,,NaN
A,GE10,L68,P_IUSE,PC_EMP_IACC,TR,,NaN,,NaN
A,GE10,L68,P_IUSE,PC_EMP_IACC,UK,,NaN,,NaN
A,GE10,L_M,P_IUSE,PC_EMP,AL,,NaN,,NaN
A,GE10,L_M,P_IUSE,PC_EMP,AT,,NaN,,NaN
A,GE10,L_M,P_IUSE,PC_EMP,BA,,NaN,,NaN
A,GE10,L_M,P_IUSE,PC_EMP,BE,,NaN,,NaN
A,GE10,L_M,P_IUSE,PC_EMP,BG,,NaN,,NaN
A,GE10,L_M,P_IUSE,PC_EMP,CY,,NaN,,NaN
A,GE10,L_M,P_IUSE,PC_EMP,CZ,,NaN,,NaN
A,GE10,L_M,P_IUSE,PC_EMP,DE,,NaN,,NaN
A,GE10,L_M,P_IUSE,PC_EMP,DK,,NaN,,NaN
A,GE10,L_M,P_IUSE,PC_EMP,EA,,NaN,,NaN
A,GE10,L_M,P_IUSE,PC_EMP,EE,,NaN,,NaN
A,GE10,L_M,P_IUSE,PC_EMP,EL,,NaN,,NaN
A,GE10,L_M,P_IUSE,PC_EMP,ES,,NaN,,NaN
A,GE10,L_M,P_IUSE,PC_EMP,EU27_2020,,NaN,,NaN
A,GE10,L_M,P_IUSE,PC_EMP,FI,,NaN,,NaN
A,GE10,L_M,P_IUSE,PC_EMP,FR,,NaN,,NaN
A,GE10,L_M,P_IUSE,PC_EMP,HR,,NaN,,NaN
A,GE10,L_M,P_IUSE,PC_EMP,HU,,NaN,,NaN
A,GE10,L_M,P_IUSE,PC_EMP,IE,,NaN,,NaN
A,GE10,L_M,P_IUSE,PC_EMP,IT,,NaN,,NaN
A,GE10,L_M,P_IUSE,PC_EMP,LT,,NaN,,NaN
A,GE10,L_M,P_IUSE,PC_EMP,LU,,NaN,,NaN
A,GE10,L_M,P_IUSE,PC_EMP,LV,,NaN,,NaN
A,GE10,L_M,P_IUSE,PC_EMP,ME,,NaN,,NaN
A,GE10,L_M,P_IUSE,PC_EMP,MK,,NaN,,NaN
A,GE10,L_M,P_IUSE,PC_EMP,MT,,NaN,,NaN
A,GE10,L_M,P_IUSE,PC_EMP,NL,,NaN,,NaN
A,GE10,L_M,P_IUSE,PC_EMP,NO,,NaN,,NaN
A,GE10,L_M,P_IUSE,PC_EMP,PL,,NaN,,NaN
A,GE10,L_M,P_IUSE,PC_EMP,PT,,NaN,,NaN
A,GE10,L_M,P_IUSE,PC_EMP,RO,,NaN,,NaN
A,GE10,L_M,P_IUSE,PC_EMP,RS,,NaN,,NaN
A,GE10,L_M,P_IUSE,PC_EMP,SE,,NaN,,NaN
A,GE10,L_M,P_IUSE,PC_EMP,SI,,NaN,,NaN
A,GE10,L_M,P_IUSE,PC_EMP,SK,,NaN,,NaN
A,GE10,L_M,P_IUSE,PC_EMP,TR,,NaN,,NaN
A,GE10,M,P_IUSE,PC_EMP,AL,,NaN,,NaN
A,GE10,M,P_IUSE,PC_EMP,AT,,NaN,,NaN
A,GE10,M,P_IUSE,PC_EMP,BA,,NaN,,NaN
A,GE10,M,P_IUSE,PC_EMP,BE,,NaN,,NaN
A,GE10,M,P_IUSE,PC_EMP,BG,,NaN,,NaN
A,GE10,M,P_IUSE,PC_EMP,CY,,NaN,,NaN
A,GE10,M,P_IUSE,PC_EMP,CZ,,NaN,,NaN
A,GE10,M,P_IUSE,PC_EMP,DE,,NaN,,NaN
A,GE10,M,P_IUSE,PC_EMP,DK,,NaN,,NaN
A,GE10,M,P_IUSE,PC_EMP,EA,,NaN,,NaN
A,GE10,M,P_IUSE,PC_EMP,EE,,NaN,,NaN
A,GE10,M,P_IUSE,PC_EMP,EL,,NaN,,NaN
A,GE10,M,P_IUSE,PC_EMP,ES,,NaN,,NaN
A,GE10,M,P_IUSE,PC_EMP,EU27_2020,,NaN,,NaN
A,GE10,M,P_IUSE,PC_EMP,FI,,NaN,,NaN
A,GE10,M,P_IUSE,PC_EMP,FR,,NaN,,NaN
A,GE10,M,P_IUSE,PC_EMP,HR,,NaN,,NaN
A,GE10,M,P_IUSE,PC_EMP,HU,,NaN,,NaN
A,GE10,M,P_IUSE,PC_EMP,IE,,NaN,,NaN
A,GE10,M,P_IUSE,PC_EMP,IT,,NaN,,NaN
A,GE10,M,P_IUSE,PC_EMP,LT,,NaN,,NaN
A,GE10,M,P_IUSE,PC_EMP,LU,,NaN,,NaN
A,GE10,M,P_IUSE,PC_EMP,LV,,NaN,,NaN
A,GE10,M,P_IUSE,PC_EMP,ME,,NaN,,NaN
A,GE10,M,P_IUSE,PC_EMP,MK,,NaN,,NaN
A,GE10,M,P_IUSE,PC_EMP,MT,,NaN,,NaN
A,GE10,M,P_IUSE,PC_EMP,NL,,NaN,,NaN
A,GE10,M,P_IUSE,PC_EMP,NO,,NaN,,NaN
A,GE10,M,P_IUSE,PC_EMP,PL,,NaN,,NaN
A,GE10,M,P_IUSE,PC_EMP,PT,,NaN,,NaN
A,GE10,M,P_IUSE,PC_EMP,RO,,NaN,,NaN
A,GE10,M,P_IUSE,PC_EMP,RS,,NaN,,NaN
A,GE10,M,P_IUSE,PC_EMP,SE,,NaN,,NaN
A,GE10,M,P_IUSE,PC_EMP,SI,,NaN,,NaN
A,GE10,M,P_IUSE,PC_EMP,SK,,NaN,,NaN
A,GE10,M,P_IUSE,PC_EMP,TR,,NaN,,NaN
A,GE10,M69-M71,P_IUSE,PC_EMP,AL,,NaN,,NaN
A,GE10,M69-M71,P_IUSE,PC_EMP,AT,,NaN,,NaN
A,GE10,M69-M71,P_IUSE,PC_EMP,BA,,NaN,,NaN
A,GE10,M69-M71,P_IUSE,PC_EMP,BE,,NaN,,NaN
A,GE10,M69-M71,P_IUSE,PC_EMP,BG,,NaN,,NaN
A,GE10,M69-M71,P_IUSE,PC_EMP,CY,,NaN,,NaN
A,GE10,M69-M71,P_IUSE,PC_EMP,CZ,,NaN,,NaN
A,GE10,M69-M71,P_IUSE,PC_EMP,DE,,NaN,,NaN
A,GE10,M69-M71,P_IUSE,PC_EMP,DK,,NaN,,NaN
A,GE10,M69-M71,P_IUSE,PC_EMP,EA,,NaN,,NaN
A,GE10,M69-M71,P_IUSE,PC_EMP,EE,,NaN,,NaN
A,GE10,M69-M71,P_IUSE,PC_EMP,EL,,NaN,,NaN
A,GE10,M69-M71,P_IUSE,PC_EMP,ES,,NaN,,NaN
A,GE10,M69-M71,P_IUSE,PC_EMP,EU27_2020,,NaN,,NaN
A,GE10,M69-M71,P_IUSE,PC_EMP,FI,,NaN,,NaN
A,GE10,M69-M71,P_IUSE,PC_EMP,FR,,NaN,,NaN
A,GE10,M69-M71,P_IUSE,PC_EMP,HR,,NaN,,NaN
A,GE10,M69-M71,P_IUSE,PC_EMP,HU,,NaN,,NaN
A,GE10,M69-M71,P_IUSE,PC_EMP,IE,,NaN,,NaN
A,GE10,M69-M71,P_IUSE,PC_EMP,IT,,NaN,,NaN
A,GE10,M69-M71,P_IUSE,PC_EMP,LT,,NaN,,NaN
A,GE10,M69-M71,P_IUSE,PC_EMP,LU,,NaN,,NaN
A,GE10,M69-M71,P_IUSE,PC_EMP,LV,,NaN,,NaN
A,GE10,M69-M71,P_IUSE,PC_EMP,ME,,NaN,,NaN
A,GE10,M69-M71,P_IUSE,PC_EMP,MK,,NaN,,NaN
A,GE10,M69-M71,P_IUSE,PC_EMP,MT,,NaN,,NaN
A,GE10,M69-M71,P_IUSE,PC_EMP,NL,,NaN,,NaN
A,GE10,M69-M71,P_IUSE,PC_EMP,NO,,NaN,,NaN
A,GE10,M69-M71,P_IUSE,PC_EMP,PL,,NaN,,NaN
A,GE10,M69-M71,P_IUSE,PC_EMP,PT,,NaN,,NaN
A,GE10,M69-M71,P_IUSE,PC_EMP,RO,,NaN,,NaN
A,GE10,M69-M71,P_IUSE,PC_EMP,RS,,NaN,,NaN
A,GE10,M69-M71,P_IUSE,PC_EMP,SE,,NaN,,NaN
A,GE10,M69-M71,P_IUSE,PC_EMP,SI,,NaN,,NaN
A,GE10,M69-M71,P_IUSE,PC_EMP,SK,,NaN,,NaN
A,GE10,M69-M71,P_IUSE,PC_EMP,TR,,NaN,,NaN
A,GE10,M69-M74,P_CUSE,PC_EMP,AT,,NaN,,NaN
A,GE10,M69-M74,P_CUSE,PC_EMP,BA,,NaN,,NaN
A,GE10,M69-M74,P_CUSE,PC_EMP,BE,86.01,NaN,,NaN
A,GE10,M69-M74,P_CUSE,PC_EMP,BG,69.57,NaN,,NaN
A,GE10,M69-M74,P_CUSE,PC_EMP,CY,94.46,NaN,,NaN
A,GE10,M69-M74,P_CUSE,PC_EMP,CZ,78.09,NaN,,NaN
A,GE10,M69-M74,P_CUSE,PC_EMP,DE,92.03,NaN,,NaN
A,GE10,M69-M74,P_CUSE,PC_EMP,DK,,NaN,,NaN
A,GE10,M69-M74,P_CUSE,PC_EMP,EA,90.5,NaN,,NaN
A,GE10,M69-M74,P_CUSE,PC_EMP,EE,78.57,NaN,,NaN
A,GE10,M69-M74,P_CUSE,PC_EMP,EL,81.24,NaN,,NaN
A,GE10,M69-M74,P_CUSE,PC_EMP,ES,88.49,NaN,,NaN
A,GE10,M69-M74,P_CUSE,PC_EMP,EU15,90.99,NaN,,NaN
A,GE10,M69-M74,P_CUSE,PC_EMP,EU25,,NaN,,NaN
A,GE10,M69-M74,P_CUSE,PC_EMP,EU27_2007,89.45,NaN,,NaN
A,GE10,M69-M74,P_CUSE,PC_EMP,EU27_2020,88.55,NaN,,NaN
A,GE10,M69-M74,P_CUSE,PC_EMP,EU28,89.43,NaN,,NaN
A,GE10,M69-M74,P_CUSE,PC_EMP,FI,98.07,NaN,,NaN
A,GE10,M69-M74,P_CUSE,PC_EMP,FR,,NaN,,NaN
A,GE10,M69-M74,P_CUSE,PC_EMP,HR,86.36,NaN,,NaN
A,GE10,M69-M74,P_CUSE,PC_EMP,HU,83.09,NaN,,NaN
A,GE10,M69-M74,P_CUSE,PC_EMP,IE,93.15,NaN,,NaN
A,GE10,M69-M74,P_CUSE,PC_EMP,IS,,NaN,,NaN
A,GE10,M69-M74,P_CUSE,PC_EMP,IT,89.85,NaN,,NaN
A,GE10,M69-M74,P_CUSE,PC_EMP,LT,86.33,NaN,,NaN
A,GE10,M69-M74,P_CUSE,PC_EMP,LU,,NaN,,NaN
A,GE10,M69-M74,P_CUSE,PC_EMP,LV,,NaN,,NaN
A,GE10,M69-M74,P_CUSE,PC_EMP,ME,,u,,NaN
A,GE10,M69-M74,P_CUSE,PC_EMP,MK,81.8,NaN,,NaN
A,GE10,M69-M74,P_CUSE,PC_EMP,MT,,NaN,,NaN
A,GE10,M69-M74,P_CUSE,PC_EMP,NL,93.0,NaN,,NaN
A,GE10,M69-M74,P_CUSE,PC_EMP,NO,97.46,NaN,,NaN
A,GE10,M69-M74,P_CUSE,PC_EMP,PL,88.31,NaN,,NaN
A,GE10,M69-M74,P_CUSE,PC_EMP,PT,78.63,NaN,,NaN
A,GE10,M69-M74,P_CUSE,PC_EMP,RO,64.71,NaN,,NaN
A,GE10,M69-M74,P_CUSE,PC_EMP,RS,,NaN,,NaN
A,GE10,M69-M74,P_CUSE,PC_EMP,SE,,NaN,,NaN
A,GE10,M69-M74,P_CUSE,PC_EMP,SI,83.89,NaN,,NaN
A,GE10,M69-M74,P_CUSE,PC_EMP,SK,85.3,NaN,,NaN
A,GE10,M69-M74,P_CUSE,PC_EMP,TR,,NaN,,NaN
A,GE10,M69-M74,P_CUSE,PC_EMP,UK,91.65,NaN,,NaN
A,GE10,M69-M74,P_CUSE,PC_EMP_CUSE2,AT,,NaN,,NaN
A,GE10,M69-M74,P_CUSE,PC_EMP_CUSE2,BE,,NaN,,NaN
A,GE10,M69-M74,P_CUSE,PC_EMP_CUSE2,BG,,NaN,,NaN
A,GE10,M69-M74,P_CUSE,PC_EMP_CUSE2,CY,,NaN,,NaN
A,GE10,M69-M74,P_CUSE,PC_EMP_CUSE2,CZ,,NaN,,NaN
A,GE10,M69-M74,P_CUSE,PC_EMP_CUSE2,DE,,NaN,,NaN
A,GE10,M69-M74,P_CUSE,PC_EMP_CUSE2,DK,,NaN,,NaN
A,GE10,M69-M74,P_CUSE,PC_EMP_CUSE2,EA,,NaN,,NaN
A,GE10,M69-M74,P_CUSE,PC_EMP_CUSE2,EE,,NaN,,NaN
A,GE10,M69-M74,P_CUSE,PC_EMP_CUSE2,EL,,NaN,,NaN
A,GE10,M69-M74,P_CUSE,PC_EMP_CUSE2,ES,,NaN,,NaN
A,GE10,M69-M74,P_CUSE,PC_EMP_CUSE2,EU15,,NaN,,NaN
A,GE10,M69-M74,P_CUSE,PC_EMP_CUSE2,EU27_2007,,NaN,,NaN
A,GE10,M69-M74,P_CUSE,PC_EMP_CUSE2,EU27_2020,,NaN,,NaN
A,GE10,M69-M74,P_CUSE,PC_EMP_CUSE2,EU28,,NaN,,NaN
A,GE10,M69-M74,P_CUSE,PC_EMP_CUSE2,FI,,NaN,,NaN
A,GE10,M69-M74,P_CUSE,PC_EMP_CUSE2,FR,,NaN,,NaN
A,GE10,M69-M74,P_CUSE,PC_EMP_CUSE2,HR,,NaN,,NaN
A,GE10,M69-M74,P_CUSE,PC_EMP_CUSE2,HU,,NaN,,NaN
A,GE10,M69-M74,P_CUSE,PC_EMP_CUSE2,IE,,NaN,,NaN
A,GE10,M69-M74,P_CUSE,PC_EMP_CUSE2,IT,,NaN,,NaN
A,GE10,M69-M74,P_CUSE,PC_EMP_CUSE2,LT,,NaN,,NaN
A,GE10,M69-M74,P_CUSE,PC_EMP_CUSE2,MK,,NaN,,NaN
A,GE10,M69-M74,P_CUSE,PC_EMP_CUSE2,MT,,NaN,,NaN
A,GE10,M69-M74,P_CUSE,PC_EMP_CUSE2,NL,,NaN,,NaN
A,GE10,M69-M74,P_CUSE,PC_EMP_CUSE2,NO,,NaN,,NaN
A,GE10,M69-M74,P_CUSE,PC_EMP_CUSE2,PL,,NaN,,NaN
A,GE10,M69-M74,P_CUSE,PC_EMP_CUSE2,PT,,NaN,,NaN
A,GE10,M69-M74,P_CUSE,PC_EMP_CUSE2,RO,,NaN,,NaN
A,GE10,M69-M74,P_CUSE,PC_EMP_CUSE2,RS,,NaN,,NaN
A,GE10,M69-M74,P_CUSE,PC_EMP_CUSE2,SI,,NaN,,NaN
A,GE10,M69-M74,P_CUSE,PC_EMP_CUSE2,SK,,NaN,,NaN
A,GE10,M69-M74,P_CUSE,PC_EMP_CUSE2,UK,,NaN,,NaN
A,GE10,M69-M74,P_IUSE,PC_EMP,AT,88.94,NaN,94.82,NaN
A,GE10,M69-M74,P_IUSE,PC_EMP,BA,,NaN,78.79,NaN
A,GE10,M69-M74,P_IUSE,PC_EMP,BE,80.52,NaN,85.73,NaN
A,GE10,M69-M74,P_IUSE,PC_EMP,BG,64.58,NaN,76.4,NaN
A,GE10,M69-M74,P_IUSE,PC_EMP,CY,90.67,NaN,93.12,NaN
A,GE10,M69-M74,P_IUSE,PC_EMP,CZ,75.36,NaN,83.26,NaN
A,GE10,M69-M74,P_IUSE,PC_EMP,DE,89.23,NaN,90.61,NaN
A,GE10,M69-M74,P_IUSE,PC_EMP,DK,93.54,NaN,96.65,NaN
A,GE10,M69-M74,P_IUSE,PC_EMP,EA,87.39,NaN,90.6,NaN
A,GE10,M69-M74,P_IUSE,PC_EMP,EE,77.55,NaN,89.45,NaN
A,GE10,M69-M74,P_IUSE,PC_EMP,EL,75.2,NaN,82.49,NaN
A,GE10,M69-M74,P_IUSE,PC_EMP,ES,86.51,NaN,93.2,NaN
A,GE10,M69-M74,P_IUSE,PC_EMP,EU15,88.67,NaN,,NaN
A,GE10,M69-M74,P_IUSE,PC_EMP,EU25,,NaN,,NaN
A,GE10,M69-M74,P_IUSE,PC_EMP,EU27_2007,87.34,NaN,,NaN
A,GE10,M69-M74,P_IUSE,PC_EMP,EU27_2020,86.27,NaN,90.0,NaN
A,GE10,M69-M74,P_IUSE,PC_EMP,EU28,87.31,NaN,,NaN
A,GE10,M69-M74,P_IUSE,PC_EMP,FI,98.04,NaN,99.03,NaN
A,GE10,M69-M74,P_IUSE,PC_EMP,FR,85.5,NaN,88.52,NaN
A,GE10,M69-M74,P_IUSE,PC_EMP,HR,80.0,NaN,92.0,NaN
A,GE10,M69-M74,P_IUSE,PC_EMP,HU,80.19,NaN,83.18,NaN
A,GE10,M69-M74,P_IUSE,PC_EMP,IE,88.58,NaN,91.61,NaN
A,GE10,M69-M74,P_IUSE,PC_EMP,IS,,NaN,100.0,NaN
A,GE10,M69-M74,P_IUSE,PC_EMP,IT,86.41,NaN,91.2,NaN
A,GE10,M69-M74,P_IUSE,PC_EMP,LT,85.95,NaN,96.83,NaN
A,GE10,M69-M74,P_IUSE,PC_EMP,LU,94.14,NaN,92.82,NaN
A,GE10,M69-M74,P_IUSE,PC_EMP,LV,81.4,NaN,78.55,NaN
A,GE10,M69-M74,P_IUSE,PC_EMP,ME,,u,65.11,NaN
A,GE10,M69-M74,P_IUSE,PC_EMP,MK,80.21,NaN,78.8,NaN
A,GE10,M69-M74,P_IUSE,PC_EMP,MT,86.67,NaN,88.75,NaN
A,GE10,M69-M74,P_IUSE,PC_EMP,NL,91.18,NaN,94.57,NaN
A,GE10,M69-M74,P_IUSE,PC_EMP,NO,96.8,NaN,99.01,NaN
A,GE10,M69-M74,P_IUSE,PC_EMP,PL,86.4,NaN,90.23,NaN
A,GE10,M69-M74,P_IUSE,PC_EMP,PT,76.08,NaN,82.01,NaN
A,GE10,M69-M74,P_IUSE,PC_EMP,RO,59.24,NaN,68.97,NaN
A,GE10,M69-M74,P_IUSE,PC_EMP,RS,,NaN,89.81,NaN
A,GE10,M69-M74,P_IUSE,PC_EMP,SE,96.05,NaN,98.99,NaN
A,GE10,M69-M74,P_IUSE,PC_EMP,SI,82.52,NaN,87.35,NaN
A,GE10,M69-M74,P_IUSE,PC_EMP,SK,84.04,NaN,80.53,NaN
A,GE10,M69-M74,P_IUSE,PC_EMP,TR,43.08,NaN,,NaN
A,GE10,M69-M74,P_IUSE,PC_EMP,UK,90.83,NaN,92.28,NaN
A,GE10,M69-M74,P_IUSE,PC_EMP_CUSE,AT,,NaN,,NaN
A,GE10,M69-M74,P_IUSE,PC_EMP_CUSE,BA,,NaN,,NaN
A,GE10,M69-M74,P_IUSE,PC_EMP_CUSE,BE,93.62,NaN,,NaN
A,GE10,M69-M74,P_IUSE,PC_EMP_CUSE,BG,92.83,NaN,,NaN
A,GE10,M69-M74,P_IUSE,PC_EMP_CUSE,CY,95.99,NaN,,NaN
A,GE10,M69-M74,P_IUSE,PC_EMP_CUSE,CZ,96.51,NaN,,NaN
A,GE10,M69-M74,P_IUSE,PC_EMP_CUSE,DE,96.96,NaN,,NaN
A,GE10,M69-M74,P_IUSE,PC_EMP_CUSE,DK,,NaN,,NaN
A,GE10,M69-M74,P_IUSE,PC_EMP_CUSE,EA,97.05,NaN,,NaN
A,GE10,M69-M74,P_IUSE,PC_EMP_CUSE,EE,98.7,NaN,,NaN
A,GE10,M69-M74,P_IUSE,PC_EMP_CUSE,EL,92.57,NaN,,NaN
A,GE10,M69-M74,P_IUSE,PC_EMP_CUSE,ES,97.76,NaN,,NaN
A,GE10,M69-M74,P_IUSE,PC_EMP_CUSE,EU15,97.71,NaN,,NaN
A,GE10,M69-M74,P_IUSE,PC_EMP_CUSE,EU25,,NaN,,NaN
A,GE10,M69-M74,P_IUSE,PC_EMP_CUSE,EU27_2007,97.54,NaN,,NaN
A,GE10,M69-M74,P_IUSE,PC_EMP_CUSE,EU27_2020,96.86,NaN,,NaN
A,GE10,M69-M74,P_IUSE,PC_EMP_CUSE,EU28,97.51,NaN,,NaN
A,GE10,M69-M74,P_IUSE,PC_EMP_CUSE,FI,99.96,NaN,,NaN
A,GE10,M69-M74,P_IUSE,PC_EMP_CUSE,FR,,NaN,,NaN
A,GE10,M69-M74,P_IUSE,PC_EMP_CUSE,HR,92.63,NaN,,NaN
A,GE10,M69-M74,P_IUSE,PC_EMP_CUSE,HU,96.51,NaN,,NaN
A,GE10,M69-M74,P_IUSE,PC_EMP_CUSE,IE,95.1,NaN,,NaN
A,GE10,M69-M74,P_IUSE,PC_EMP_CUSE,IS,,NaN,,NaN
A,GE10,M69-M74,P_IUSE,PC_EMP_CUSE,IT,96.16,NaN,,NaN
A,GE10,M69-M74,P_IUSE,PC_EMP_CUSE,LT,99.56,NaN,,NaN
A,GE10,M69-M74,P_IUSE,PC_EMP_CUSE,LU,,NaN,,NaN
A,GE10,M69-M74,P_IUSE,PC_EMP_CUSE,LV,,NaN,,NaN
A,GE10,M69-M74,P_IUSE,PC_EMP_CUSE,ME,,u,,NaN
A,GE10,M69-M74,P_IUSE,PC_EMP_CUSE,MK,98.06,NaN,,NaN
A,GE10,M69-M74,P_IUSE,PC_EMP_CUSE,MT,,NaN,,NaN
A,GE10,M69-M74,P_IUSE,PC_EMP_CUSE,NL,98.04,NaN,,NaN
A,GE10,M69-M74,P_IUSE,PC_EMP_CUSE,NO,99.33,NaN,,NaN
A,GE10,M69-M74,P_IUSE,PC_EMP_CUSE,PL,97.83,NaN,,NaN
A,GE10,M69-M74,P_IUSE,PC_EMP_CUSE,PT,96.75,NaN,,NaN
A,GE10,M69-M74,P_IUSE,PC_EMP_CUSE,RO,91.55,NaN,,NaN
A,GE10,M69-M74,P_IUSE,PC_EMP_CUSE,RS,,NaN,,NaN
A,GE10,M69-M74,P_IUSE,PC_EMP_CUSE,SE,,NaN,,NaN
A,GE10,M69-M74,P_IUSE,PC_EMP_CUSE,SI,98.38,NaN,,NaN
A,GE10,M69-M74,P_IUSE,PC_EMP_CUSE,SK,98.52,NaN,,NaN
A,GE10,M69-M74,P_IUSE,PC_EMP_CUSE,TR,,NaN,,NaN
A,GE10,M69-M74,P_IUSE,PC_EMP_CUSE,UK,99.11,NaN,,NaN
A,GE10,M69-M74,P_IUSE,PC_EMP_CUSE2,AT,,NaN,,NaN
A,GE10,M69-M74,P_IUSE,PC_EMP_CUSE2,BE,,NaN,,NaN
A,GE10,M69-M74,P_IUSE,PC_EMP_CUSE2,BG,,NaN,,NaN
A,GE10,M69-M74,P_IUSE,PC_EMP_CUSE2,CY,,NaN,,NaN
A,GE10,M69-M74,P_IUSE,PC_EMP_CUSE2,CZ,,NaN,,NaN
A,GE10,M69-M74,P_IUSE,PC_EMP_CUSE2,DE,,NaN,,NaN
A,GE10,M69-M74,P_IUSE,PC_EMP_CUSE2,DK,,NaN,,NaN
A,GE10,M69-M74,P_IUSE,PC_EMP_CUSE2,EA,,NaN,,NaN
A,GE10,M69-M74,P_IUSE,PC_EMP_CUSE2,EE,,NaN,,NaN
A,GE10,M69-M74,P_IUSE,PC_EMP_CUSE2,EL,,NaN,,NaN
A,GE10,M69-M74,P_IUSE,PC_EMP_CUSE2,ES,,NaN,,NaN
A,GE10,M69-M74,P_IUSE,PC_EMP_CUSE2,EU15,,NaN,,NaN
A,GE10,M69-M74,P_IUSE,PC_EMP_CUSE2,EU27_2007,,NaN,,NaN
A,GE10,M69-M74,P_IUSE,PC_EMP_CUSE2,EU27_2020,,NaN,,NaN
A,GE10,M69-M74,P_IUSE,PC_EMP_CUSE2,EU28,,NaN,,NaN
A,GE10,M69-M74,P_IUSE,PC_EMP_CUSE2,FI,,NaN,,NaN
A,GE10,M69-M74,P_IUSE,PC_EMP_CUSE2,FR,,NaN,,NaN
A,GE10,M69-M74,P_IUSE,PC_EMP_CUSE2,HR,,NaN,,NaN
A,GE10,M69-M74,P_IUSE,PC_EMP_CUSE2,HU,,NaN,,NaN
A,GE10,M69-M74,P_IUSE,PC_EMP_CUSE2,IE,,NaN,,NaN
A,GE10,M69-M74,P_IUSE,PC_EMP_CUSE2,IS,,NaN,,NaN
A,GE10,M69-M74,P_IUSE,PC_EMP_CUSE2,IT,,NaN,,NaN
A,GE10,M69-M74,P_IUSE,PC_EMP_CUSE2,LT,,NaN,,NaN
A,GE10,M69-M74,P_IUSE,PC_EMP_CUSE2,LU,,NaN,,NaN
A,GE10,M69-M74,P_IUSE,PC_EMP_CUSE2,LV,,NaN,,NaN
A,GE10,M69-M74,P_IUSE,PC_EMP_CUSE2,MK,,NaN,,NaN
A,GE10,M69-M74,P_IUSE,PC_EMP_CUSE2,MT,,NaN,,NaN
A,GE10,M69-M74,P_IUSE,PC_EMP_CUSE2,NL,,NaN,,NaN
A,GE10,M69-M74,P_IUSE,PC_EMP_CUSE2,NO,,NaN,,NaN
A,GE10,M69-M74,P_IUSE,PC_EMP_CUSE2,PL,,NaN,,NaN
A,GE10,M69-M74,P_IUSE,PC_EMP_CUSE2,PT,,NaN,,NaN
A,GE10,M69-M74,P_IUSE,PC_EMP_CUSE2,RO,,NaN,,NaN
A,GE10,M69-M74,P_IUSE,PC_EMP_CUSE2,RS,,NaN,,NaN
A,GE10,M69-M74,P_IUSE,PC_EMP_CUSE2,SE,,NaN,,NaN
A,GE10,M69-M74,P_IUSE,PC_EMP_CUSE2,SI,,NaN,,NaN
A,GE10,M69-M74,P_IUSE,PC_EMP_CUSE2,SK,,NaN,,NaN
A,GE10,M69-M74,P_IUSE,PC_EMP_CUSE2,TR,,NaN,,NaN
A,GE10,M69-M74,P_IUSE,PC_EMP_CUSE2,UK,,NaN,,NaN
A,GE10,M69-M74,P_IUSE,PC_EMP_IACC,AT,,NaN,,NaN
A,GE10,M69-M74,P_IUSE,PC_EMP_IACC,BE,,NaN,,NaN
A,GE10,M69-M74,P_IUSE,PC_EMP_IACC,BG,,NaN,,NaN
A,GE10,M69-M74,P_IUSE,PC_EMP_IACC,CY,,NaN,,NaN
A,GE10,M69-M74,P_IUSE,PC_EMP_IACC,CZ,,NaN,,NaN
A,GE10,M69-M74,P_IUSE,PC_EMP_IACC,DE,,NaN,,NaN
A,GE10,M69-M74,P_IUSE,PC_EMP_IACC,DK,,NaN,,NaN
A,GE10,M69-M74,P_IUSE,PC_EMP_IACC,EA,,NaN,,NaN
A,GE10,M69-M74,P_IUSE,PC_EMP_IACC,EE,,NaN,,NaN
A,GE10,M69-M74,P_IUSE,PC_EMP_IACC,EL,,NaN,,NaN
A,GE10,M69-M74,P_IUSE,PC_EMP_IACC,ES,,NaN,,NaN
A,GE10,M69-M74,P_IUSE,PC_EMP_IACC,EU15,,NaN,,NaN
A,GE10,M69-M74,P_IUSE,PC_EMP_IACC,EU27_2007,,NaN,,NaN
A,GE10,M69-M74,P_IUSE,PC_EMP_IACC,EU27_2020,,NaN,,NaN
A,GE10,M69-M74,P_IUSE,PC_EMP_IACC,EU28,,NaN,,NaN
A,GE10,M69-M74,P_IUSE,PC_EMP_IACC,FI,,NaN,,NaN
A,GE10,M69-M74,P_IUSE,PC_EMP_IACC,FR,,NaN,,NaN
A,GE10,M69-M74,P_IUSE,PC_EMP_IACC,HR,,NaN,,NaN
A,GE10,M69-M74,P_IUSE,PC_EMP_IACC,HU,,NaN,,NaN
A,GE10,M69-M74,P_IUSE,PC_EMP_IACC,IE,,NaN,,NaN
A,GE10,M69-M74,P_IUSE,PC_EMP_IACC,IS,,NaN,,NaN
A,GE10,M69-M74,P_IUSE,PC_EMP_IACC,IT,,NaN,,NaN
A,GE10,M69-M74,P_IUSE,PC_EMP_IACC,LT,,NaN,,NaN
A,GE10,M69-M74,P_IUSE,PC_EMP_IACC,LU,,NaN,,NaN
A,GE10,M69-M74,P_IUSE,PC_EMP_IACC,LV,,NaN,,NaN
A,GE10,M69-M74,P_IUSE,PC_EMP_IACC,MK,,NaN,,NaN
A,GE10,M69-M74,P_IUSE,PC_EMP_IACC,MT,,NaN,,NaN
A,GE10,M69-M74,P_IUSE,PC_EMP_IACC,NL,,NaN,,NaN
A,GE10,M69-M74,P_IUSE,PC_EMP_IACC,NO,,NaN,,NaN
A,GE10,M69-M74,P_IUSE,PC_EMP_IACC,PL,,NaN,,NaN
A,GE10,M69-M74,P_IUSE,PC_EMP_IACC,PT,,NaN,,NaN
A,GE10,M69-M74,P_IUSE,PC_EMP_IACC,RO,,NaN,,NaN
A,GE10,M69-M74,P_IUSE,PC_EMP_IACC,RS,,NaN,,NaN
A,GE10,M69-M74,P_IUSE,PC_EMP_IACC,SE,,NaN,,NaN
A,GE10,M69-M74,P_IUSE,PC_EMP_IACC,SI,,NaN,,NaN
A,GE10,M69-M74,P_IUSE,PC_EMP_IACC,SK,,NaN,,NaN
A,GE10,M69-M74,P_IUSE,PC_EMP_IACC,TR,,NaN,,NaN
A,GE10,M69-M74,P_IUSE,PC_EMP_IACC,UK,,NaN,,NaN
A,GE10,M72,P_IUSE,PC_EMP,AT,,NaN,,NaN
A,GE10,M72,P_IUSE,PC_EMP,BA,,NaN,,NaN
A,GE10,M72,P_IUSE,PC_EMP,BE,,NaN,,NaN
A,GE10,M72,P_IUSE,PC_EMP,BG,,NaN,,NaN
A,GE10,M72,P_IUSE,PC_EMP,CY,,NaN,,NaN
A,GE10,M72,P_IUSE,PC_EMP,CZ,,NaN,,NaN
A,GE10,M72,P_IUSE,PC_EMP,DE,,NaN,,NaN
A,GE10,M72,P_IUSE,PC_EMP,DK,,NaN,,NaN
A,GE10,M72,P_IUSE,PC_EMP,EA,,NaN,,NaN
A,GE10,M72,P_IUSE,PC_EMP,EE,,NaN,,NaN
A,GE10,M72,P_IUSE,PC_EMP,EL,,NaN,,NaN
A,GE10,M72,P_IUSE,PC_EMP,ES,,NaN,,NaN
A,GE10,M72,P_IUSE,PC_EMP,EU27_2020,,NaN,,NaN
A,GE10,M72,P_IUSE,PC_EMP,FI,,NaN,,NaN
A,GE10,M72,P_IUSE,PC_EMP,FR,,NaN,,NaN
A,GE10,M72,P_IUSE,PC_EMP,HR,,NaN,,NaN
A,GE10,M72,P_IUSE,PC_EMP,HU,,NaN,,NaN
A,GE10,M72,P_IUSE,PC_EMP,IE,,NaN,,NaN
A,GE10,M72,P_IUSE,PC_EMP,IT,,NaN,,NaN
A,GE10,M72,P_IUSE,PC_EMP,LT,,NaN,,NaN
A,GE10,M72,P_IUSE,PC_EMP,LU,,NaN,,NaN
A,GE10,M72,P_IUSE,PC_EMP,LV,,NaN,,NaN
A,GE10,M72,P_IUSE,PC_EMP,ME,,NaN,,NaN
A,GE10,M72,P_IUSE,PC_EMP,MK,,NaN,,NaN
A,GE10,M72,P_IUSE,PC_EMP,MT,,NaN,,NaN
A,GE10,M72,P_IUSE,PC_EMP,NL,,NaN,,NaN
A,GE10,M72,P_IUSE,PC_EMP,NO,,NaN,,NaN
A,GE10,M72,P_IUSE,PC_EMP,PL,,NaN,,NaN
A,GE10,M72,P_IUSE,PC_EMP,PT,,NaN,,NaN
A,GE10,M72,P_IUSE,PC_EMP,RO,,NaN,,NaN
A,GE10,M72,P_IUSE,PC_EMP,RS,,NaN,,NaN
A,GE10,M72,P_IUSE,PC_EMP,SE,,NaN,,NaN
A,GE10,M72,P_IUSE,PC_EMP,SI,,NaN,,NaN
A,GE10,M72,P_IUSE,PC_EMP,SK,,NaN,,NaN
A,GE10,M72,P_IUSE,PC_EMP,TR,,NaN,,NaN
A,GE10,M73-M75,P_IUSE,PC_EMP,AL,,NaN,,NaN
A,GE10,M73-M75,P_IUSE,PC_EMP,AT,,NaN,,NaN
A,GE10,M73-M75,P_IUSE,PC_EMP,BA,,NaN,,NaN
A,GE10,M73-M75,P_IUSE,PC_EMP,BE,,NaN,,NaN
A,GE10,M73-M75,P_IUSE,PC_EMP,BG,,NaN,,NaN
A,GE10,M73-M75,P_IUSE,PC_EMP,CY,,NaN,,NaN
A,GE10,M73-M75,P_IUSE,PC_EMP,CZ,,NaN,,NaN
A,GE10,M73-M75,P_IUSE,PC_EMP,DE,,NaN,,NaN
A,GE10,M73-M75,P_IUSE,PC_EMP,DK,,NaN,,NaN
A,GE10,M73-M75,P_IUSE,PC_EMP,EA,,NaN,,NaN
A,GE10,M73-M75,P_IUSE,PC_EMP,EE,,NaN,,NaN
A,GE10,M73-M75,P_IUSE,PC_EMP,EL,,NaN,,NaN
A,GE10,M73-M75,P_IUSE,PC_EMP,ES,,NaN,,NaN
A,GE10,M73-M75,P_IUSE,PC_EMP,EU27_2020,,NaN,,NaN
A,GE10,M73-M75,P_IUSE,PC_EMP,FI,,NaN,,NaN
A,GE10,M73-M75,P_IUSE,PC_EMP,FR,,NaN,,NaN
A,GE10,M73-M75,P_IUSE,PC_EMP,HR,,NaN,,NaN
A,GE10,M73-M75,P_IUSE,PC_EMP,HU,,NaN,,NaN
A,GE10,M73-M75,P_IUSE,PC_EMP,IE,,NaN,,NaN
A,GE10,M73-M75,P_IUSE,PC_EMP,IT,,NaN,,NaN
A,GE10,M73-M75,P_IUSE,PC_EMP,LT,,NaN,,NaN
A,GE10,M73-M75,P_IUSE,PC_EMP,LU,,NaN,,NaN
A,GE10,M73-M75,P_IUSE,PC_EMP,LV,,NaN,,NaN
A,GE10,M73-M75,P_IUSE,PC_EMP,ME,,NaN,,NaN
A,GE10,M73-M75,P_IUSE,PC_EMP,MK,,NaN,,NaN
A,GE10,M73-M75,P_IUSE,PC_EMP,MT,,NaN,,NaN
A,GE10,M73-M75,P_IUSE,PC_EMP,NL,,NaN,,NaN
A,GE10,M73-M75,P_IUSE,PC_EMP,NO,,NaN,,NaN
A,GE10,M73-M75,P_IUSE,PC_EMP,PL,,NaN,,NaN
A,GE10,M73-M75,P_IUSE,PC_EMP,PT,,NaN,,NaN
A,GE10,M73-M75,P_IUSE,PC_EMP,RO,,NaN,,NaN
A,GE10,M73-M75,P_IUSE,PC_EMP,RS,,NaN,,NaN
A,GE10,M73-M75,P_IUSE,PC_EMP,SE,,NaN,,NaN
A,GE10,M73-M75,P_IUSE,PC_EMP,SI,,NaN,,NaN
A,GE10,M73-M75,P_IUSE,PC_EMP,SK,,NaN,,NaN
A,GE10,M73-M75,P_IUSE,PC_EMP,TR,,NaN,,NaN
A,GE10,N,P_CUSE,PC_EMP,AT,,NaN,,NaN
A,GE10,N,P_CUSE,PC_EMP,BA,,NaN,,NaN
A,GE10,N,P_CUSE,PC_EMP,BE,,u,,NaN
A,GE10,N,P_CUSE,PC_EMP,BG,16.9,NaN,,NaN
A,GE10,N,P_CUSE,PC_EMP,CY,35.23,NaN,,NaN
A,GE10,N,P_CUSE,PC_EMP,CZ,18.42,NaN,,NaN
A,GE10,N,P_CUSE,PC_EMP,DE,,u,,NaN
A,GE10,N,P_CUSE,PC_EMP,DK,,NaN,,NaN
A,GE10,N,P_CUSE,PC_EMP,EA,40.88,NaN,,NaN
A,GE10,N,P_CUSE,PC_EMP,EE,23.52,NaN,,NaN
A,GE10,N,P_CUSE,PC_EMP,EL,35.11,NaN,,NaN
A,GE10,N,P_CUSE,PC_EMP,ES,37.16,NaN,,NaN
A,GE10,N,P_CUSE,PC_EMP,EU15,46.1,NaN,,NaN
A,GE10,N,P_CUSE,PC_EMP,EU25,,NaN,,NaN
A,GE10,N,P_CUSE,PC_EMP,EU27_2007,43.35,NaN,,NaN
A,GE10,N,P_CUSE,PC_EMP,EU27_2020,38.43,NaN,,NaN
A,GE10,N,P_CUSE,PC_EMP,EU28,43.33,NaN,,NaN
A,GE10,N,P_CUSE,PC_EMP,FI,64.72,NaN,,NaN
A,GE10,N,P_CUSE,PC_EMP,FR,,NaN,,NaN
A,GE10,N,P_CUSE,PC_EMP,HR,36.65,NaN,,NaN
A,GE10,N,P_CUSE,PC_EMP,HU,25.39,NaN,,NaN
A,GE10,N,P_CUSE,PC_EMP,IE,44.61,NaN,,NaN
A,GE10,N,P_CUSE,PC_EMP,IS,,NaN,,NaN
A,GE10,N,P_CUSE,PC_EMP,IT,26.85,NaN,,NaN
A,GE10,N,P_CUSE,PC_EMP,LT,31.98,NaN,,NaN
A,GE10,N,P_CUSE,PC_EMP,LU,,NaN,,NaN
A,GE10,N,P_CUSE,PC_EMP,LV,,NaN,,NaN
A,GE10,N,P_CUSE,PC_EMP,ME,,u,,NaN
A,GE10,N,P_CUSE,PC_EMP,MK,19.37,NaN,,NaN
A,GE10,N,P_CUSE,PC_EMP,MT,,NaN,,NaN
A,GE10,N,P_CUSE,PC_EMP,NL,74.31,NaN,,NaN
A,GE10,N,P_CUSE,PC_EMP,NO,74.59,NaN,,NaN
A,GE10,N,P_CUSE,PC_EMP,PL,31.05,NaN,,NaN
A,GE10,N,P_CUSE,PC_EMP,PT,16.91,NaN,,NaN
A,GE10,N,P_CUSE,PC_EMP,RO,31.9,NaN,,NaN
A,GE10,N,P_CUSE,PC_EMP,RS,,NaN,,NaN
A,GE10,N,P_CUSE,PC_EMP,SE,,NaN,,NaN
A,GE10,N,P_CUSE,PC_EMP,SI,48.7,NaN,,NaN
A,GE10,N,P_CUSE,PC_EMP,SK,33.21,NaN,,NaN
A,GE10,N,P_CUSE,PC_EMP,TR,,NaN,,NaN
A,GE10,N,P_CUSE,PC_EMP,UK,58.95,NaN,,NaN
A,GE10,N,P_CUSE,PC_EMP_CUSE2,AT,,NaN,,NaN
A,GE10,N,P_CUSE,PC_EMP_CUSE2,BE,,NaN,,NaN
A,GE10,N,P_CUSE,PC_EMP_CUSE2,BG,,NaN,,NaN
A,GE10,N,P_CUSE,PC_EMP_CUSE2,CY,,NaN,,NaN
A,GE10,N,P_CUSE,PC_EMP_CUSE2,CZ,,NaN,,NaN
A,GE10,N,P_CUSE,PC_EMP_CUSE2,DE,,NaN,,NaN
A,GE10,N,P_CUSE,PC_EMP_CUSE2,DK,,NaN,,NaN
A,GE10,N,P_CUSE,PC_EMP_CUSE2,EA,,NaN,,NaN
A,GE10,N,P_CUSE,PC_EMP_CUSE2,EE,,NaN,,NaN
A,GE10,N,P_CUSE,PC_EMP_CUSE2,EL,,NaN,,NaN
A,GE10,N,P_CUSE,PC_EMP_CUSE2,ES,,NaN,,NaN
A,GE10,N,P_CUSE,PC_EMP_CUSE2,EU15,,NaN,,NaN
A,GE10,N,P_CUSE,PC_EMP_CUSE2,EU27_2007,,NaN,,NaN
A,GE10,N,P_CUSE,PC_EMP_CUSE2,EU27_2020,,NaN,,NaN
A,GE10,N,P_CUSE,PC_EMP_CUSE2,EU28,,NaN,,NaN
A,GE10,N,P_CUSE,PC_EMP_CUSE2,FI,,NaN,,NaN
A,GE10,N,P_CUSE,PC_EMP_CUSE2,FR,,NaN,,NaN
A,GE10,N,P_CUSE,PC_EMP_CUSE2,HR,,NaN,,NaN
A,GE10,N,P_CUSE,PC_EMP_CUSE2,HU,,NaN,,NaN
A,GE10,N,P_CUSE,PC_EMP_CUSE2,IE,,NaN,,NaN
A,GE10,N,P_CUSE,PC_EMP_CUSE2,IT,,NaN,,NaN
A,GE10,N,P_CUSE,PC_EMP_CUSE2,LT,,NaN,,NaN
A,GE10,N,P_CUSE,PC_EMP_CUSE2,MK,,NaN,,NaN
A,GE10,N,P_CUSE,PC_EMP_CUSE2,MT,,NaN,,NaN
A,GE10,N,P_CUSE,PC_EMP_CUSE2,NL,,NaN,,NaN
A,GE10,N,P_CUSE,PC_EMP_CUSE2,NO,,NaN,,NaN
A,GE10,N,P_CUSE,PC_EMP_CUSE2,PL,,NaN,,NaN
A,GE10,N,P_CUSE,PC_EMP_CUSE2,PT,,NaN,,NaN
A,GE10,N,P_CUSE,PC_EMP_CUSE2,RO,,NaN,,NaN
A,GE10,N,P_CUSE,PC_EMP_CUSE2,RS,,NaN,,NaN
A,GE10,N,P_CUSE,PC_EMP_CUSE2,SE,,NaN,,NaN
A,GE10,N,P_CUSE,PC_EMP_CUSE2,SI,,NaN,,NaN
A,GE10,N,P_CUSE,PC_EMP_CUSE2,SK,,NaN,,NaN
A,GE10,N,P_CUSE,PC_EMP_CUSE2,UK,,NaN,,NaN
A,GE10,N,P_IUSE,PC_EMP,AL,,NaN,,NaN
A,GE10,N,P_IUSE,PC_EMP,AT,39.91,NaN,48.78,NaN
A,GE10,N,P_IUSE,PC_EMP,BA,,NaN,50.65,NaN
A,GE10,N,P_IUSE,PC_EMP,BE,,u,,u
A,GE10,N,P_IUSE,PC_EMP,BG,15.64,NaN,24.96,NaN
A,GE10,N,P_IUSE,PC_EMP,CY,33.87,NaN,40.06,NaN
A,GE10,N,P_IUSE,PC_EMP,CZ,16.35,NaN,26.62,NaN
A,GE10,N,P_IUSE,PC_EMP,DE,,u,40.38,NaN
A,GE10,N,P_IUSE,PC_EMP,DK,67.38,NaN,71.46,NaN
A,GE10,N,P_IUSE,PC_EMP,EA,38.22,NaN,44.92,NaN
A,GE10,N,P_IUSE,PC_EMP,EE,22.76,NaN,27.78,NaN
A,GE10,N,P_IUSE,PC_EMP,EL,32.09,NaN,41.01,NaN
A,GE10,N,P_IUSE,PC_EMP,ES,34.54,NaN,42.07,NaN
A,GE10,N,P_IUSE,PC_EMP,EU15,43.24,NaN,,NaN
A,GE10,N,P_IUSE,PC_EMP,EU25,,NaN,,NaN
A,GE10,N,P_IUSE,PC_EMP,EU27_2007,40.95,NaN,,NaN
A,GE10,N,P_IUSE,PC_EMP,EU27_2020,37.0,NaN,44.61,NaN
A,GE10,N,P_IUSE,PC_EMP,EU28,40.93,NaN,,NaN
A,GE10,N,P_IUSE,PC_EMP,FI,64.0,NaN,75.39,NaN
A,GE10,N,P_IUSE,PC_EMP,FR,36.04,NaN,42.27,NaN
A,GE10,N,P_IUSE,PC_EMP,HR,35.98,NaN,52.18,NaN
A,GE10,N,P_IUSE,PC_EMP,HU,24.72,NaN,39.53,NaN
A,GE10,N,P_IUSE,PC_EMP,IE,42.87,NaN,63.87,NaN
A,GE10,N,P_IUSE,PC_EMP,IS,,NaN,100.0,NaN
A,GE10,N,P_IUSE,PC_EMP,IT,24.64,NaN,32.08,NaN
A,GE10,N,P_IUSE,PC_EMP,LT,28.53,NaN,41.73,NaN
A,GE10,N,P_IUSE,PC_EMP,LU,14.22,NaN,17.76,NaN
A,GE10,N,P_IUSE,PC_EMP,LV,33.41,NaN,37.14,NaN
A,GE10,N,P_IUSE,PC_EMP,ME,,u,70.22,NaN
A,GE10,N,P_IUSE,PC_EMP,MK,18.33,NaN,,NaN
A,GE10,N,P_IUSE,PC_EMP,MT,34.48,NaN,39.06,NaN
A,GE10,N,P_IUSE,PC_EMP,NL,72.2,NaN,80.14,NaN
A,GE10,N,P_IUSE,PC_EMP,NO,73.24,NaN,68.42,NaN
A,GE10,N,P_IUSE,PC_EMP,PL,28.77,NaN,38.31,NaN
A,GE10,N,P_IUSE,PC_EMP,PT,15.64,NaN,21.23,NaN
A,GE10,N,P_IUSE,PC_EMP,RO,28.6,NaN,35.36,NaN
A,GE10,N,P_IUSE,PC_EMP,RS,,NaN,53.06,NaN
A,GE10,N,P_IUSE,PC_EMP,SE,59.01,NaN,76.06,NaN
A,GE10,N,P_IUSE,PC_EMP,SI,48.09,NaN,27.07,NaN
A,GE10,N,P_IUSE,PC_EMP,SK,31.67,NaN,33.22,NaN
A,GE10,N,P_IUSE,PC_EMP,TR,13.54,NaN,,NaN
A,GE10,N,P_IUSE,PC_EMP,UK,56.33,NaN,55.91,NaN
A,GE10,N,P_IUSE,PC_EMP_CUSE,AT,,NaN,,NaN
A,GE10,N,P_IUSE,PC_EMP_CUSE,BA,,NaN,,NaN
A,GE10,N,P_IUSE,PC_EMP_CUSE,BE,,u,,NaN
A,GE10,N,P_IUSE,PC_EMP_CUSE,BG,92.51,NaN,,NaN
A,GE10,N,P_IUSE,PC_EMP_CUSE,CY,96.15,NaN,,NaN
A,GE10,N,P_IUSE,PC_EMP_CUSE,CZ,88.78,NaN,,NaN
A,GE10,N,P_IUSE,PC_EMP_CUSE,DE,,u,,NaN
A,GE10,N,P_IUSE,PC_EMP_CUSE,DK,,NaN,,NaN
A,GE10,N,P_IUSE,PC_EMP_CUSE,EA,94.69,NaN,,NaN
A,GE10,N,P_IUSE,PC_EMP_CUSE,EE,96.76,NaN,,NaN
A,GE10,N,P_IUSE,PC_EMP_CUSE,EL,91.41,NaN,,NaN
A,GE10,N,P_IUSE,PC_EMP_CUSE,ES,92.93,NaN,,NaN
A,GE10,N,P_IUSE,PC_EMP_CUSE,EU15,95.01,NaN,,NaN
A,GE10,N,P_IUSE,PC_EMP_CUSE,EU25,,NaN,,NaN
A,GE10,N,P_IUSE,PC_EMP_CUSE,EU27_2007,94.75,NaN,,NaN
A,GE10,N,P_IUSE,PC_EMP_CUSE,EU27_2020,94.37,NaN,,NaN
A,GE10,N,P_IUSE,PC_EMP_CUSE,EU28,94.76,NaN,,NaN
A,GE10,N,P_IUSE,PC_EMP_CUSE,FI,98.88,NaN,,NaN
A,GE10,N,P_IUSE,PC_EMP_CUSE,FR,,NaN,,NaN
A,GE10,N,P_IUSE,PC_EMP_CUSE,HR,98.17,NaN,,NaN
A,GE10,N,P_IUSE,PC_EMP_CUSE,HU,97.36,NaN,,NaN
A,GE10,N,P_IUSE,PC_EMP_CUSE,IE,96.1,NaN,,NaN
A,GE10,N,P_IUSE,PC_EMP_CUSE,IS,,NaN,,NaN
A,GE10,N,P_IUSE,PC_EMP_CUSE,IT,91.77,NaN,,NaN
A,GE10,N,P_IUSE,PC_EMP_CUSE,LT,89.2,NaN,,NaN
A,GE10,N,P_IUSE,PC_EMP_CUSE,LU,,NaN,,NaN
A,GE10,N,P_IUSE,PC_EMP_CUSE,LV,,NaN,,NaN
A,GE10,N,P_IUSE,PC_EMP_CUSE,ME,,u,,NaN
A,GE10,N,P_IUSE,PC_EMP_CUSE,MK,94.63,NaN,,NaN
A,GE10,N,P_IUSE,PC_EMP_CUSE,MT,,NaN,,NaN
A,GE10,N,P_IUSE,PC_EMP_CUSE,NL,97.15,NaN,,NaN
A,GE10,N,P_IUSE,PC_EMP_CUSE,NO,98.19,NaN,,NaN
A,GE10,N,P_IUSE,PC_EMP_CUSE,PL,92.65,NaN,,NaN
A,GE10,N,P_IUSE,PC_EMP_CUSE,PT,92.51,NaN,,NaN
A,GE10,N,P_IUSE,PC_EMP_CUSE,RO,89.65,NaN,,NaN
A,GE10,N,P_IUSE,PC_EMP_CUSE,RS,,NaN,,NaN
A,GE10,N,P_IUSE,PC_EMP_CUSE,SE,,NaN,,NaN
A,GE10,N,P_IUSE,PC_EMP_CUSE,SI,98.75,NaN,,NaN
A,GE10,N,P_IUSE,PC_EMP_CUSE,SK,95.38,NaN,,NaN
A,GE10,N,P_IUSE,PC_EMP_CUSE,TR,,NaN,,NaN
A,GE10,N,P_IUSE,PC_EMP_CUSE,UK,95.57,NaN,,NaN
A,GE10,N,P_IUSE,PC_EMP_CUSE2,AT,,NaN,,NaN
A,GE10,N,P_IUSE,PC_EMP_CUSE2,BE,,NaN,,NaN
A,GE10,N,P_IUSE,PC_EMP_CUSE2,BG,,NaN,,NaN
A,GE10,N,P_IUSE,PC_EMP_CUSE2,CY,,NaN,,NaN
A,GE10,N,P_IUSE,PC_EMP_CUSE2,CZ,,NaN,,NaN
A,GE10,N,P_IUSE,PC_EMP_CUSE2,DE,,NaN,,NaN
A,GE10,N,P_IUSE,PC_EMP_CUSE2,DK,,NaN,,NaN
A,GE10,N,P_IUSE,PC_EMP_CUSE2,EA,,NaN,,NaN
A,GE10,N,P_IUSE,PC_EMP_CUSE2,EE,,NaN,,NaN
A,GE10,N,P_IUSE,PC_EMP_CUSE2,EL,,NaN,,NaN
A,GE10,N,P_IUSE,PC_EMP_CUSE2,ES,,NaN,,NaN
A,GE10,N,P_IUSE,PC_EMP_CUSE2,EU15,,NaN,,NaN
A,GE10,N,P_IUSE,PC_EMP_CUSE2,EU27_2007,,NaN,,NaN
A,GE10,N,P_IUSE,PC_EMP_CUSE2,EU27_2020,,NaN,,NaN
A,GE10,N,P_IUSE,PC_EMP_CUSE2,EU28,,NaN,,NaN
A,GE10,N,P_IUSE,PC_EMP_CUSE2,FI,,NaN,,NaN
A,GE10,N,P_IUSE,PC_EMP_CUSE2,FR,,NaN,,NaN
A,GE10,N,P_IUSE,PC_EMP_CUSE2,HR,,NaN,,NaN
A,GE10,N,P_IUSE,PC_EMP_CUSE2,HU,,NaN,,NaN
A,GE10,N,P_IUSE,PC_EMP_CUSE2,IE,,NaN,,NaN
A,GE10,N,P_IUSE,PC_EMP_CUSE2,IS,,NaN,,NaN
A,GE10,N,P_IUSE,PC_EMP_CUSE2,IT,,NaN,,NaN
A,GE10,N,P_IUSE,PC_EMP_CUSE2,LT,,NaN,,NaN
A,GE10,N,P_IUSE,PC_EMP_CUSE2,LU,,NaN,,NaN
A,GE10,N,P_IUSE,PC_EMP_CUSE2,LV,,NaN,,NaN
A,GE10,N,P_IUSE,PC_EMP_CUSE2,MK,,NaN,,NaN
A,GE10,N,P_IUSE,PC_EMP_CUSE2,MT,,NaN,,NaN
A,GE10,N,P_IUSE,PC_EMP_CUSE2,NL,,NaN,,NaN
A,GE10,N,P_IUSE,PC_EMP_CUSE2,NO,,NaN,,NaN
A,GE10,N,P_IUSE,PC_EMP_CUSE2,PL,,NaN,,NaN
A,GE10,N,P_IUSE,PC_EMP_CUSE2,PT,,NaN,,NaN
A,GE10,N,P_IUSE,PC_EMP_CUSE2,RO,,NaN,,NaN
A,GE10,N,P_IUSE,PC_EMP_CUSE2,RS,,NaN,,NaN
A,GE10,N,P_IUSE,PC_EMP_CUSE2,SE,,NaN,,NaN
A,GE10,N,P_IUSE,PC_EMP_CUSE2,SI,,NaN,,NaN
A,GE10,N,P_IUSE,PC_EMP_CUSE2,SK,,NaN,,NaN
A,GE10,N,P_IUSE,PC_EMP_CUSE2,TR,,NaN,,NaN
A,GE10,N,P_IUSE,PC_EMP_CUSE2,UK,,NaN,,NaN
A,GE10,N,P_IUSE,PC_EMP_IACC,AT,,NaN,,NaN
A,GE10,N,P_IUSE,PC_EMP_IACC,BE,,NaN,,NaN
A,GE10,N,P_IUSE,PC_EMP_IACC,BG,,NaN,,NaN
A,GE10,N,P_IUSE,PC_EMP_IACC,CY,,NaN,,NaN
A,GE10,N,P_IUSE,PC_EMP_IACC,CZ,,NaN,,NaN
A,GE10,N,P_IUSE,PC_EMP_IACC,DE,,NaN,,NaN
A,GE10,N,P_IUSE,PC_EMP_IACC,DK,,NaN,,NaN
A,GE10,N,P_IUSE,PC_EMP_IACC,EA,,NaN,,NaN
A,GE10,N,P_IUSE,PC_EMP_IACC,EE,,NaN,,NaN
A,GE10,N,P_IUSE,PC_EMP_IACC,EL,,NaN,,NaN
A,GE10,N,P_IUSE,PC_EMP_IACC,ES,,NaN,,NaN
A,GE10,N,P_IUSE,PC_EMP_IACC,EU15,,NaN,,NaN
A,GE10,N,P_IUSE,PC_EMP_IACC,EU27_2007,,NaN,,NaN
A,GE10,N,P_IUSE,PC_EMP_IACC,EU27_2020,,NaN,,NaN
A,GE10,N,P_IUSE,PC_EMP_IACC,EU28,,NaN,,NaN
A,GE10,N,P_IUSE,PC_EMP_IACC,FI,,NaN,,NaN
A,GE10,N,P_IUSE,PC_EMP_IACC,FR,,NaN,,NaN
A,GE10,N,P_IUSE,PC_EMP_IACC,HR,,NaN,,NaN
A,GE10,N,P_IUSE,PC_EMP_IACC,HU,,NaN,,NaN
A,GE10,N,P_IUSE,PC_EMP_IACC,IE,,NaN,,NaN
A,GE10,N,P_IUSE,PC_EMP_IACC,IS,,NaN,,NaN
A,GE10,N,P_IUSE,PC_EMP_IACC,IT,,NaN,,NaN
A,GE10,N,P_IUSE,PC_EMP_IACC,LT,,NaN,,NaN
A,GE10,N,P_IUSE,PC_EMP_IACC,LU,,NaN,,NaN
A,GE10,N,P_IUSE,PC_EMP_IACC,LV,,NaN,,NaN
A,GE10,N,P_IUSE,PC_EMP_IACC,MK,,NaN,,NaN
A,GE10,N,P_IUSE,PC_EMP_IACC,MT,,NaN,,NaN
A,GE10,N,P_IUSE,PC_EMP_IACC,NL,,NaN,,NaN
A,GE10,N,P_IUSE,PC_EMP_IACC,NO,,NaN,,NaN
A,GE10,N,P_IUSE,PC_EMP_IACC,PL,,NaN,,NaN
A,GE10,N,P_IUSE,PC_EMP_IACC,PT,,NaN,,NaN
A,GE10,N,P_IUSE,PC_EMP_IACC,RO,,NaN,,NaN
A,GE10,N,P_IUSE,PC_EMP_IACC,RS,,NaN,,NaN
A,GE10,N,P_IUSE,PC_EMP_IACC,SE,,NaN,,NaN
A,GE10,N,P_IUSE,PC_EMP_IACC,SI,,NaN,,NaN
A,GE10,N,P_IUSE,PC_EMP_IACC,SK,,NaN,,NaN
A,GE10,N,P_IUSE,PC_EMP_IACC,TR,,NaN,,NaN
A,GE10,N,P_IUSE,PC_EMP_IACC,UK,,NaN,,NaN
A,GE10,N77-N82_X_N79,P_CUSE,PC_EMP,AT,,NaN,,NaN
A,GE10,N77-N82_X_N79,P_CUSE,PC_EMP,BA,,NaN,,NaN
A,GE10,N77-N82_X_N79,P_CUSE,PC_EMP,BE,,u,,NaN
A,GE10,N77-N82_X_N79,P_CUSE,PC_EMP,BG,15.65,NaN,,NaN
A,GE10,N77-N82_X_N79,P_CUSE,PC_EMP,CY,28.42,NaN,,NaN
A,GE10,N77-N82_X_N79,P_CUSE,PC_EMP,CZ,16.9,NaN,,NaN
A,GE10,N77-N82_X_N79,P_CUSE,PC_EMP,DE,,u,,NaN
A,GE10,N77-N82_X_N79,P_CUSE,PC_EMP,DK,,NaN,,NaN
A,GE10,N77-N82_X_N79,P_CUSE,PC_EMP,EA,39.54,NaN,,NaN
A,GE10,N77-N82_X_N79,P_CUSE,PC_EMP,EE,21.13,NaN,,NaN
A,GE10,N77-N82_X_N79,P_CUSE,PC_EMP,EL,30.31,NaN,,NaN
A,GE10,N77-N82_X_N79,P_CUSE,PC_EMP,ES,35.06,NaN,,NaN
A,GE10,N77-N82_X_N79,P_CUSE,PC_EMP,EU15,44.75,NaN,,NaN
A,GE10,N77-N82_X_N79,P_CUSE,PC_EMP,EU25,,NaN,,NaN
A,GE10,N77-N82_X_N79,P_CUSE,PC_EMP,EU27_2007,42.01,NaN,,NaN
A,GE10,N77-N82_X_N79,P_CUSE,PC_EMP,EU27_2020,37.12,NaN,,NaN
A,GE10,N77-N82_X_N79,P_CUSE,PC_EMP,EU28,41.98,NaN,,NaN
A,GE10,N77-N82_X_N79,P_CUSE,PC_EMP,FI,63.95,NaN,,NaN
A,GE10,N77-N82_X_N79,P_CUSE,PC_EMP,FR,,NaN,,NaN
A,GE10,N77-N82_X_N79,P_CUSE,PC_EMP,HR,33.44,NaN,,NaN
A,GE10,N77-N82_X_N79,P_CUSE,PC_EMP,HU,24.34,NaN,,NaN
A,GE10,N77-N82_X_N79,P_CUSE,PC_EMP,IE,43.15,NaN,,NaN
A,GE10,N77-N82_X_N79,P_CUSE,PC_EMP,IS,,NaN,,NaN
A,GE10,N77-N82_X_N79,P_CUSE,PC_EMP,IT,25.52,NaN,,NaN
A,GE10,N77-N82_X_N79,P_CUSE,PC_EMP,LT,30.2,NaN,,NaN
A,GE10,N77-N82_X_N79,P_CUSE,PC_EMP,LU,,NaN,,NaN
A,GE10,N77-N82_X_N79,P_CUSE,PC_EMP,LV,,NaN,,NaN
A,GE10,N77-N82_X_N79,P_CUSE,PC_EMP,ME,,u,,NaN
A,GE10,N77-N82_X_N79,P_CUSE,PC_EMP,MK,18.43,NaN,,NaN
A,GE10,N77-N82_X_N79,P_CUSE,PC_EMP,MT,,NaN,,NaN
A,GE10,N77-N82_X_N79,P_CUSE,PC_EMP,NL,73.67,NaN,,NaN
A,GE10,N77-N82_X_N79,P_CUSE,PC_EMP,NO,74.04,NaN,,NaN
A,GE10,N77-N82_X_N79,P_CUSE,PC_EMP,PL,30.18,NaN,,NaN
A,GE10,N77-N82_X_N79,P_CUSE,PC_EMP,PT,15.44,NaN,,NaN
A,GE10,N77-N82_X_N79,P_CUSE,PC_EMP,RO,31.04,NaN,,NaN
A,GE10,N77-N82_X_N79,P_CUSE,PC_EMP,RS,,NaN,,NaN
A,GE10,N77-N82_X_N79,P_CUSE,PC_EMP,SE,,NaN,,NaN
A,GE10,N77-N82_X_N79,P_CUSE,PC_EMP,SI,47.48,NaN,,NaN
A,GE10,N77-N82_X_N79,P_CUSE,PC_EMP,SK,31.96,NaN,,NaN
A,GE10,N77-N82_X_N79,P_CUSE,PC_EMP,TR,,NaN,,NaN
A,GE10,N77-N82_X_N79,P_CUSE,PC_EMP,UK,57.64,NaN,,NaN
A,GE10,N77-N82_X_N79,P_CUSE,PC_EMP_CUSE2,AT,,NaN,,NaN
A,GE10,N77-N82_X_N79,P_CUSE,PC_EMP_CUSE2,BE,,NaN,,NaN
A,GE10,N77-N82_X_N79,P_CUSE,PC_EMP_CUSE2,BG,,NaN,,NaN
A,GE10,N77-N82_X_N79,P_CUSE,PC_EMP_CUSE2,CY,,NaN,,NaN
A,GE10,N77-N82_X_N79,P_CUSE,PC_EMP_CUSE2,CZ,,NaN,,NaN
A,GE10,N77-N82_X_N79,P_CUSE,PC_EMP_CUSE2,DE,,NaN,,NaN
A,GE10,N77-N82_X_N79,P_CUSE,PC_EMP_CUSE2,DK,,NaN,,NaN
A,GE10,N77-N82_X_N79,P_CUSE,PC_EMP_CUSE2,EA,,NaN,,NaN
A,GE10,N77-N82_X_N79,P_CUSE,PC_EMP_CUSE2,EE,,NaN,,NaN
A,GE10,N77-N82_X_N79,P_CUSE,PC_EMP_CUSE2,EL,,NaN,,NaN
A,GE10,N77-N82_X_N79,P_CUSE,PC_EMP_CUSE2,ES,,NaN,,NaN
A,GE10,N77-N82_X_N79,P_CUSE,PC_EMP_CUSE2,EU15,,NaN,,NaN
A,GE10,N77-N82_X_N79,P_CUSE,PC_EMP_CUSE2,EU27_2007,,NaN,,NaN
A,GE10,N77-N82_X_N79,P_CUSE,PC_EMP_CUSE2,EU27_2020,,NaN,,NaN
A,GE10,N77-N82_X_N79,P_CUSE,PC_EMP_CUSE2,EU28,,NaN,,NaN
A,GE10,N77-N82_X_N79,P_CUSE,PC_EMP_CUSE2,FI,,NaN,,NaN
A,GE10,N77-N82_X_N79,P_CUSE,PC_EMP_CUSE2,FR,,NaN,,NaN
A,GE10,N77-N82_X_N79,P_CUSE,PC_EMP_CUSE2,HR,,NaN,,NaN
A,GE10,N77-N82_X_N79,P_CUSE,PC_EMP_CUSE2,HU,,NaN,,NaN
A,GE10,N77-N82_X_N79,P_CUSE,PC_EMP_CUSE2,IE,,NaN,,NaN
A,GE10,N77-N82_X_N79,P_CUSE,PC_EMP_CUSE2,IT,,NaN,,NaN
A,GE10,N77-N82_X_N79,P_CUSE,PC_EMP_CUSE2,LT,,NaN,,NaN
A,GE10,N77-N82_X_N79,P_CUSE,PC_EMP_CUSE2,MK,,NaN,,NaN
A,GE10,N77-N82_X_N79,P_CUSE,PC_EMP_CUSE2,MT,,NaN,,NaN
A,GE10,N77-N82_X_N79,P_CUSE,PC_EMP_CUSE2,NL,,NaN,,NaN
A,GE10,N77-N82_X_N79,P_CUSE,PC_EMP_CUSE2,NO,,NaN,,NaN
A,GE10,N77-N82_X_N79,P_CUSE,PC_EMP_CUSE2,PL,,NaN,,NaN
A,GE10,N77-N82_X_N79,P_CUSE,PC_EMP_CUSE2,PT,,NaN,,NaN
A,GE10,N77-N82_X_N79,P_CUSE,PC_EMP_CUSE2,RO,,NaN,,NaN
A,GE10,N77-N82_X_N79,P_CUSE,PC_EMP_CUSE2,RS,,NaN,,NaN
A,GE10,N77-N82_X_N79,P_CUSE,PC_EMP_CUSE2,SE,,NaN,,NaN
A,GE10,N77-N82_X_N79,P_CUSE,PC_EMP_CUSE2,SI,,NaN,,NaN
A,GE10,N77-N82_X_N79,P_CUSE,PC_EMP_CUSE2,SK,,NaN,,NaN
A,GE10,N77-N82_X_N79,P_CUSE,PC_EMP_CUSE2,UK,,NaN,,NaN
A,GE10,N77-N82_X_N79,P_IUSE,PC_EMP,AL,,NaN,,NaN
A,GE10,N77-N82_X_N79,P_IUSE,PC_EMP,AT,38.11,NaN,46.82,NaN
A,GE10,N77-N82_X_N79,P_IUSE,PC_EMP,BA,,NaN,50.13,NaN
A,GE10,N77-N82_X_N79,P_IUSE,PC_EMP,BE,,u,,u
A,GE10,N77-N82_X_N79,P_IUSE,PC_EMP,BG,14.34,NaN,23.87,NaN
A,GE10,N77-N82_X_N79,P_IUSE,PC_EMP,CY,27.46,NaN,33.9,NaN
A,GE10,N77-N82_X_N79,P_IUSE,PC_EMP,CZ,14.79,NaN,24.52,NaN
A,GE10,N77-N82_X_N79,P_IUSE,PC_EMP,DE,,u,39.19,NaN
A,GE10,N77-N82_X_N79,P_IUSE,PC_EMP,DK,65.9,NaN,70.08,NaN
A,GE10,N77-N82_X_N79,P_IUSE,PC_EMP,EA,36.73,NaN,43.85,NaN
A,GE10,N77-N82_X_N79,P_IUSE,PC_EMP,EE,20.37,NaN,24.93,NaN
A,GE10,N77-N82_X_N79,P_IUSE,PC_EMP,EL,27.2,NaN,35.34,NaN
A,GE10,N77-N82_X_N79,P_IUSE,PC_EMP,ES,32.38,NaN,40.57,NaN
A,GE10,N77-N82_X_N79,P_IUSE,PC_EMP,EU15,41.77,NaN,,NaN
A,GE10,N77-N82_X_N79,P_IUSE,PC_EMP,EU25,,NaN,,NaN
A,GE10,N77-N82_X_N79,P_IUSE,PC_EMP,EU27_2007,39.5,NaN,,NaN
A,GE10,N77-N82_X_N79,P_IUSE,PC_EMP,EU27_2020,35.56,NaN,43.54,NaN
A,GE10,N77-N82_X_N79,P_IUSE,PC_EMP,EU28,39.48,NaN,,NaN
A,GE10,N77-N82_X_N79,P_IUSE,PC_EMP,FI,63.22,NaN,,u
A,GE10,N77-N82_X_N79,P_IUSE,PC_EMP,FR,33.98,NaN,40.94,NaN
A,GE10,N77-N82_X_N79,P_IUSE,PC_EMP,HR,33.09,NaN,48.63,NaN
A,GE10,N77-N82_X_N79,P_IUSE,PC_EMP,HU,23.67,NaN,38.79,NaN
A,GE10,N77-N82_X_N79,P_IUSE,PC_EMP,IE,41.43,NaN,63.02,NaN
A,GE10,N77-N82_X_N79,P_IUSE,PC_EMP,IS,,NaN,100.0,NaN
A,GE10,N77-N82_X_N79,P_IUSE,PC_EMP,IT,23.27,NaN,31.1,NaN
A,GE10,N77-N82_X_N79,P_IUSE,PC_EMP,LT,26.63,NaN,40.28,NaN
A,GE10,N77-N82_X_N79,P_IUSE,PC_EMP,LU,,u,,NaN
A,GE10,N77-N82_X_N79,P_IUSE,PC_EMP,LV,31.59,NaN,35.76,NaN
A,GE10,N77-N82_X_N79,P_IUSE,PC_EMP,ME,,u,69.45,NaN
A,GE10,N77-N82_X_N79,P_IUSE,PC_EMP,MK,17.38,NaN,,NaN
A,GE10,N77-N82_X_N79,P_IUSE,PC_EMP,MT,32.04,NaN,37.1,NaN
A,GE10,N77-N82_X_N79,P_IUSE,PC_EMP,NL,71.51,NaN,79.73,NaN
A,GE10,N77-N82_X_N79,P_IUSE,PC_EMP,NO,72.64,NaN,67.37,NaN
A,GE10,N77-N82_X_N79,P_IUSE,PC_EMP,PL,27.87,NaN,37.23,NaN
A,GE10,N77-N82_X_N79,P_IUSE,PC_EMP,PT,14.16,NaN,19.44,NaN
A,GE10,N77-N82_X_N79,P_IUSE,PC_EMP,RO,27.76,NaN,34.96,NaN
A,GE10,N77-N82_X_N79,P_IUSE,PC_EMP,RS,,NaN,52.76,NaN
A,GE10,N77-N82_X_N79,P_IUSE,PC_EMP,SE,57.91,NaN,75.49,NaN
A,GE10,N77-N82_X_N79,P_IUSE,PC_EMP,SI,46.85,NaN,24.7,NaN
A,GE10,N77-N82_X_N79,P_IUSE,PC_EMP,SK,30.39,NaN,32.34,NaN
A,GE10,N77-N82_X_N79,P_IUSE,PC_EMP,TR,12.04,NaN,,NaN
A,GE10,N77-N82_X_N79,P_IUSE,PC_EMP,UK,54.97,NaN,54.54,NaN
A,GE10,N77-N82_X_N79,P_IUSE,PC_EMP_CUSE,AT,,NaN,,NaN
A,GE10,N77-N82_X_N79,P_IUSE,PC_EMP_CUSE,BA,,NaN,,NaN
A,GE10,N77-N82_X_N79,P_IUSE,PC_EMP_CUSE,BE,,u,,NaN
A,GE10,N77-N82_X_N79,P_IUSE,PC_EMP_CUSE,BG,91.68,NaN,,NaN
A,GE10,N77-N82_X_N79,P_IUSE,PC_EMP_CUSE,CY,96.61,NaN,,NaN
A,GE10,N77-N82_X_N79,P_IUSE,PC_EMP_CUSE,CZ,87.53,NaN,,NaN
A,GE10,N77-N82_X_N79,P_IUSE,PC_EMP_CUSE,DE,,u,,NaN
A,GE10,N77-N82_X_N79,P_IUSE,PC_EMP_CUSE,DK,,NaN,,NaN
A,GE10,N77-N82_X_N79,P_IUSE,PC_EMP_CUSE,EA,94.41,NaN,,NaN
A,GE10,N77-N82_X_N79,P_IUSE,PC_EMP_CUSE,EE,96.36,NaN,,NaN
A,GE10,N77-N82_X_N79,P_IUSE,PC_EMP_CUSE,EL,89.72,NaN,,NaN
A,GE10,N77-N82_X_N79,P_IUSE,PC_EMP_CUSE,ES,92.37,NaN,,NaN
A,GE10,N77-N82_X_N79,P_IUSE,PC_EMP_CUSE,EU15,94.75,NaN,,NaN
A,GE10,N77-N82_X_N79,P_IUSE,PC_EMP_CUSE,EU25,,NaN,,NaN
A,GE10,N77-N82_X_N79,P_IUSE,PC_EMP_CUSE,EU27_2007,94.49,NaN,,NaN
A,GE10,N77-N82_X_N79,P_IUSE,PC_EMP_CUSE,EU27_2020,94.08,NaN,,NaN
A,GE10,N77-N82_X_N79,P_IUSE,PC_EMP_CUSE,EU28,94.5,NaN,,NaN
A,GE10,N77-N82_X_N79,P_IUSE,PC_EMP_CUSE,FI,98.85,NaN,,NaN
A,GE10,N77-N82_X_N79,P_IUSE,PC_EMP_CUSE,FR,,NaN,,NaN
A,GE10,N77-N82_X_N79,P_IUSE,PC_EMP_CUSE,HR,98.95,NaN,,NaN
A,GE10,N77-N82_X_N79,P_IUSE,PC_EMP_CUSE,HU,97.28,NaN,,NaN
A,GE10,N77-N82_X_N79,P_IUSE,PC_EMP_CUSE,IE,96.02,NaN,,NaN
A,GE10,N77-N82_X_N79,P_IUSE,PC_EMP_CUSE,IS,,NaN,,NaN
A,GE10,N77-N82_X_N79,P_IUSE,PC_EMP_CUSE,IT,91.18,NaN,,NaN
A,GE10,N77-N82_X_N79,P_IUSE,PC_EMP_CUSE,LT,88.18,NaN,,NaN
A,GE10,N77-N82_X_N79,P_IUSE,PC_EMP_CUSE,LU,,NaN,,NaN
A,GE10,N77-N82_X_N79,P_IUSE,PC_EMP_CUSE,LV,,NaN,,NaN
A,GE10,N77-N82_X_N79,P_IUSE,PC_EMP_CUSE,ME,,u,,NaN
A,GE10,N77-N82_X_N79,P_IUSE,PC_EMP_CUSE,MK,94.26,NaN,,NaN
A,GE10,N77-N82_X_N79,P_IUSE,PC_EMP_CUSE,MT,,NaN,,NaN
A,GE10,N77-N82_X_N79,P_IUSE,PC_EMP_CUSE,NL,97.07,NaN,,NaN
A,GE10,N77-N82_X_N79,P_IUSE,PC_EMP_CUSE,NO,98.11,NaN,,NaN
A,GE10,N77-N82_X_N79,P_IUSE,PC_EMP_CUSE,PL,92.36,NaN,,NaN
A,GE10,N77-N82_X_N79,P_IUSE,PC_EMP_CUSE,PT,91.73,NaN,,NaN
A,GE10,N77-N82_X_N79,P_IUSE,PC_EMP_CUSE,RO,89.43,NaN,,NaN
A,GE10,N77-N82_X_N79,P_IUSE,PC_EMP_CUSE,RS,,NaN,,NaN
A,GE10,N77-N82_X_N79,P_IUSE,PC_EMP_CUSE,SE,,NaN,,NaN
A,GE10,N77-N82_X_N79,P_IUSE,PC_EMP_CUSE,SI,98.68,NaN,,NaN
A,GE10,N77-N82_X_N79,P_IUSE,PC_EMP_CUSE,SK,95.11,NaN,,NaN
A,GE10,N77-N82_X_N79,P_IUSE,PC_EMP_CUSE,TR,,NaN,,NaN
A,GE10,N77-N82_X_N79,P_IUSE,PC_EMP_CUSE,UK,95.35,NaN,,NaN
A,GE10,N77-N82_X_N79,P_IUSE,PC_EMP_CUSE2,AT,,NaN,,NaN
A,GE10,N77-N82_X_N79,P_IUSE,PC_EMP_CUSE2,BE,,NaN,,NaN
A,GE10,N77-N82_X_N79,P_IUSE,PC_EMP_CUSE2,BG,,NaN,,NaN
A,GE10,N77-N82_X_N79,P_IUSE,PC_EMP_CUSE2,CY,,NaN,,NaN
A,GE10,N77-N82_X_N79,P_IUSE,PC_EMP_CUSE2,CZ,,NaN,,NaN
A,GE10,N77-N82_X_N79,P_IUSE,PC_EMP_CUSE2,DE,,NaN,,NaN
A,GE10,N77-N82_X_N79,P_IUSE,PC_EMP_CUSE2,DK,,NaN,,NaN
A,GE10,N77-N82_X_N79,P_IUSE,PC_EMP_CUSE2,EA,,NaN,,NaN
A,GE10,N77-N82_X_N79,P_IUSE,PC_EMP_CUSE2,EE,,NaN,,NaN
A,GE10,N77-N82_X_N79,P_IUSE,PC_EMP_CUSE2,EL,,NaN,,NaN
A,GE10,N77-N82_X_N79,P_IUSE,PC_EMP_CUSE2,ES,,NaN,,NaN
A,GE10,N77-N82_X_N79,P_IUSE,PC_EMP_CUSE2,EU15,,NaN,,NaN
A,GE10,N77-N82_X_N79,P_IUSE,PC_EMP_CUSE2,EU27_2007,,NaN,,NaN
A,GE10,N77-N82_X_N79,P_IUSE,PC_EMP_CUSE2,EU27_2020,,NaN,,NaN
A,GE10,N77-N82_X_N79,P_IUSE,PC_EMP_CUSE2,EU28,,NaN,,NaN
A,GE10,N77-N82_X_N79,P_IUSE,PC_EMP_CUSE2,FI,,NaN,,NaN
A,GE10,N77-N82_X_N79,P_IUSE,PC_EMP_CUSE2,FR,,NaN,,NaN
A,GE10,N77-N82_X_N79,P_IUSE,PC_EMP_CUSE2,HR,,NaN,,NaN
A,GE10,N77-N82_X_N79,P_IUSE,PC_EMP_CUSE2,HU,,NaN,,NaN
A,GE10,N77-N82_X_N79,P_IUSE,PC_EMP_CUSE2,IE,,NaN,,NaN
A,GE10,N77-N82_X_N79,P_IUSE,PC_EMP_CUSE2,IS,,NaN,,NaN
A,GE10,N77-N82_X_N79,P_IUSE,PC_EMP_CUSE2,IT,,NaN,,NaN
A,GE10,N77-N82_X_N79,P_IUSE,PC_EMP_CUSE2,LT,,NaN,,NaN
A,GE10,N77-N82_X_N79,P_IUSE,PC_EMP_CUSE2,LU,,NaN,,NaN
A,GE10,N77-N82_X_N79,P_IUSE,PC_EMP_CUSE2,LV,,NaN,,NaN
A,GE10,N77-N82_X_N79,P_IUSE,PC_EMP_CUSE2,MK,,NaN,,NaN
A,GE10,N77-N82_X_N79,P_IUSE,PC_EMP_CUSE2,MT,,NaN,,NaN
A,GE10,N77-N82_X_N79,P_IUSE,PC_EMP_CUSE2,NL,,NaN,,NaN
A,GE10,N77-N82_X_N79,P_IUSE,PC_EMP_CUSE2,NO,,NaN,,NaN
A,GE10,N77-N82_X_N79,P_IUSE,PC_EMP_CUSE2,PL,,NaN,,NaN
A,GE10,N77-N82_X_N79,P_IUSE,PC_EMP_CUSE2,PT,,NaN,,NaN
A,GE10,N77-N82_X_N79,P_IUSE,PC_EMP_CUSE2,RO,,NaN,,NaN
A,GE10,N77-N82_X_N79,P_IUSE,PC_EMP_CUSE2,RS,,NaN,,NaN
A,GE10,N77-N82_X_N79,P_IUSE,PC_EMP_CUSE2,SE,,NaN,,NaN
A,GE10,N77-N82_X_N79,P_IUSE,PC_EMP_CUSE2,SI,,NaN,,NaN
A,GE10,N77-N82_X_N79,P_IUSE,PC_EMP_CUSE2,SK,,NaN,,NaN
A,GE10,N77-N82_X_N79,P_IUSE,PC_EMP_CUSE2,TR,,NaN,,NaN
A,GE10,N77-N82_X_N79,P_IUSE,PC_EMP_CUSE2,UK,,NaN,,NaN
A,GE10,N77-N82_X_N79,P_IUSE,PC_EMP_IACC,AT,,NaN,,NaN
A,GE10,N77-N82_X_N79,P_IUSE,PC_EMP_IACC,BE,,NaN,,NaN
A,GE10,N77-N82_X_N79,P_IUSE,PC_EMP_IACC,BG,,NaN,,NaN
A,GE10,N77-N82_X_N79,P_IUSE,PC_EMP_IACC,CY,,NaN,,NaN
A,GE10,N77-N82_X_N79,P_IUSE,PC_EMP_IACC,CZ,,NaN,,NaN
A,GE10,N77-N82_X_N79,P_IUSE,PC_EMP_IACC,DE,,NaN,,NaN
A,GE10,N77-N82_X_N79,P_IUSE,PC_EMP_IACC,DK,,NaN,,NaN
A,GE10,N77-N82_X_N79,P_IUSE,PC_EMP_IACC,EA,,NaN,,NaN
A,GE10,N77-N82_X_N79,P_IUSE,PC_EMP_IACC,EE,,NaN,,NaN
A,GE10,N77-N82_X_N79,P_IUSE,PC_EMP_IACC,EL,,NaN,,NaN
A,GE10,N77-N82_X_N79,P_IUSE,PC_EMP_IACC,ES,,NaN,,NaN
A,GE10,N77-N82_X_N79,P_IUSE,PC_EMP_IACC,EU15,,NaN,,NaN
A,GE10,N77-N82_X_N79,P_IUSE,PC_EMP_IACC,EU27_2007,,NaN,,NaN
A,GE10,N77-N82_X_N79,P_IUSE,PC_EMP_IACC,EU27_2020,,NaN,,NaN
A,GE10,N77-N82_X_N79,P_IUSE,PC_EMP_IACC,EU28,,NaN,,NaN
A,GE10,N77-N82_X_N79,P_IUSE,PC_EMP_IACC,FI,,NaN,,NaN
A,GE10,N77-N82_X_N79,P_IUSE,PC_EMP_IACC,FR,,NaN,,NaN
A,GE10,N77-N82_X_N79,P_IUSE,PC_EMP_IACC,HR,,NaN,,NaN
A,GE10,N77-N82_X_N79,P_IUSE,PC_EMP_IACC,HU,,NaN,,NaN
A,GE10,N77-N82_X_N79,P_IUSE,PC_EMP_IACC,IE,,NaN,,NaN
A,GE10,N77-N82_X_N79,P_IUSE,PC_EMP_IACC,IS,,NaN,,NaN
A,GE10,N77-N82_X_N79,P_IUSE,PC_EMP_IACC,IT,,NaN,,NaN
A,GE10,N77-N82_X_N79,P_IUSE,PC_EMP_IACC,LT,,NaN,,NaN
A,GE10,N77-N82_X_N79,P_IUSE,PC_EMP_IACC,LU,,NaN,,NaN
A,GE10,N77-N82_X_N79,P_IUSE,PC_EMP_IACC,LV,,NaN,,NaN
A,GE10,N77-N82_X_N79,P_IUSE,PC_EMP_IACC,MK,,NaN,,NaN
A,GE10,N77-N82_X_N79,P_IUSE,PC_EMP_IACC,MT,,NaN,,NaN
A,GE10,N77-N82_X_N79,P_IUSE,PC_EMP_IACC,NL,,NaN,,NaN
A,GE10,N77-N82_X_N79,P_IUSE,PC_EMP_IACC,NO,,NaN,,NaN
A,GE10,N77-N82_X_N79,P_IUSE,PC_EMP_IACC,PL,,NaN,,NaN
A,GE10,N77-N82_X_N79,P_IUSE,PC_EMP_IACC,PT,,NaN,,NaN
A,GE10,N77-N82_X_N79,P_IUSE,PC_EMP_IACC,RO,,NaN,,NaN
A,GE10,N77-N82_X_N79,P_IUSE,PC_EMP_IACC,RS,,NaN,,NaN
A,GE10,N77-N82_X_N79,P_IUSE,PC_EMP_IACC,SE,,NaN,,NaN
A,GE10,N77-N82_X_N79,P_IUSE,PC_EMP_IACC,SI,,NaN,,NaN
A,GE10,N77-N82_X_N79,P_IUSE,PC_EMP_IACC,SK,,NaN,,NaN
A,GE10,N77-N82_X_N79,P_IUSE,PC_EMP_IACC,TR,,NaN,,NaN
A,GE10,N77-N82_X_N79,P_IUSE,PC_EMP_IACC,UK,,NaN,,NaN
A,GE10,N79,P_CUSE,PC_EMP,AT,,NaN,,NaN
A,GE10,N79,P_CUSE,PC_EMP,BA,,NaN,,NaN
A,GE10,N79,P_CUSE,PC_EMP,BE,91.6,NaN,,NaN
A,GE10,N79,P_CUSE,PC_EMP,BG,61.09,NaN,,NaN
A,GE10,N79,P_CUSE,PC_EMP,CY,80.79,NaN,,NaN
A,GE10,N79,P_CUSE,PC_EMP,CZ,70.88,NaN,,NaN
A,GE10,N79,P_CUSE,PC_EMP,DE,84.53,NaN,,NaN
A,GE10,N79,P_CUSE,PC_EMP,DK,,NaN,,NaN
A,GE10,N79,P_CUSE,PC_EMP,EA,88.61,NaN,,NaN
A,GE10,N79,P_CUSE,PC_EMP,EE,91.56,NaN,,NaN
A,GE10,N79,P_CUSE,PC_EMP,EL,65.3,NaN,,NaN
A,GE10,N79,P_CUSE,PC_EMP,ES,96.26,NaN,,NaN
A,GE10,N79,P_CUSE,PC_EMP,EU15,90.76,NaN,,NaN
A,GE10,N79,P_CUSE,PC_EMP,EU25,,NaN,,NaN
A,GE10,N79,P_CUSE,PC_EMP,EU27_2007,89.3,NaN,,NaN
A,GE10,N79,P_CUSE,PC_EMP,EU27_2020,86.92,NaN,,NaN
A,GE10,N79,P_CUSE,PC_EMP,EU28,89.22,NaN,,NaN
A,GE10,N79,P_CUSE,PC_EMP,FI,95.56,NaN,,NaN
A,GE10,N79,P_CUSE,PC_EMP,FR,,NaN,,NaN
A,GE10,N79,P_CUSE,PC_EMP,HR,79.96,NaN,,NaN
A,GE10,N79,P_CUSE,PC_EMP,HU,86.55,NaN,,NaN
A,GE10,N79,P_CUSE,PC_EMP,IE,84.8,NaN,,NaN
A,GE10,N79,P_CUSE,PC_EMP,IS,,NaN,,NaN
A,GE10,N79,P_CUSE,PC_EMP,IT,93.13,NaN,,NaN
A,GE10,N79,P_CUSE,PC_EMP,LT,85.47,NaN,,NaN
A,GE10,N79,P_CUSE,PC_EMP,LU,,NaN,,NaN
A,GE10,N79,P_CUSE,PC_EMP,LV,,NaN,,NaN
A,GE10,N79,P_CUSE,PC_EMP,ME,,u,,NaN
A,GE10,N79,P_CUSE,PC_EMP,MK,71.88,NaN,,NaN
A,GE10,N79,P_CUSE,PC_EMP,MT,,NaN,,NaN
A,GE10,N79,P_CUSE,PC_EMP,NL,99.06,NaN,,NaN
A,GE10,N79,P_CUSE,PC_EMP,NO,89.36,NaN,,NaN
A,GE10,N79,P_CUSE,PC_EMP,PL,89.08,NaN,,NaN
A,GE10,N79,P_CUSE,PC_EMP,PT,77.53,NaN,,NaN
A,GE10,N79,P_CUSE,PC_EMP,RO,72.16,NaN,,NaN
A,GE10,N79,P_CUSE,PC_EMP,RS,,NaN,,NaN
A,GE10,N79,P_CUSE,PC_EMP,SE,,NaN,,NaN
A,GE10,N79,P_CUSE,PC_EMP,SI,89.49,NaN,,NaN
A,GE10,N79,P_CUSE,PC_EMP,SK,78.78,NaN,,NaN
A,GE10,N79,P_CUSE,PC_EMP,TR,,NaN,,NaN
A,GE10,N79,P_CUSE,PC_EMP,UK,94.72,NaN,,NaN
A,GE10,N79,P_CUSE,PC_EMP_CUSE2,AT,,NaN,,NaN
A,GE10,N79,P_CUSE,PC_EMP_CUSE2,BE,,NaN,,NaN
A,GE10,N79,P_CUSE,PC_EMP_CUSE2,BG,,NaN,,NaN
A,GE10,N79,P_CUSE,PC_EMP_CUSE2,CY,,NaN,,NaN
A,GE10,N79,P_CUSE,PC_EMP_CUSE2,CZ,,NaN,,NaN
A,GE10,N79,P_CUSE,PC_EMP_CUSE2,DE,,NaN,,NaN
A,GE10,N79,P_CUSE,PC_EMP_CUSE2,DK,,NaN,,NaN
A,GE10,N79,P_CUSE,PC_EMP_CUSE2,EA,,NaN,,NaN
A,GE10,N79,P_CUSE,PC_EMP_CUSE2,EE,,NaN,,NaN
A,GE10,N79,P_CUSE,PC_EMP_CUSE2,EL,,NaN,,NaN
A,GE10,N79,P_CUSE,PC_EMP_CUSE2,ES,,NaN,,NaN
A,GE10,N79,P_CUSE,PC_EMP_CUSE2,EU15,,NaN,,NaN
A,GE10,N79,P_CUSE,PC_EMP_CUSE2,EU27_2007,,NaN,,NaN
A,GE10,N79,P_CUSE,PC_EMP_CUSE2,EU27_2020,,NaN,,NaN
A,GE10,N79,P_CUSE,PC_EMP_CUSE2,EU28,,NaN,,NaN
A,GE10,N79,P_CUSE,PC_EMP_CUSE2,FI,,NaN,,NaN
A,GE10,N79,P_CUSE,PC_EMP_CUSE2,FR,,NaN,,NaN
A,GE10,N79,P_CUSE,PC_EMP_CUSE2,HR,,NaN,,NaN
A,GE10,N79,P_CUSE,PC_EMP_CUSE2,HU,,NaN,,NaN
A,GE10,N79,P_CUSE,PC_EMP_CUSE2,IE,,NaN,,NaN
A,GE10,N79,P_CUSE,PC_EMP_CUSE2,IT,,NaN,,NaN
A,GE10,N79,P_CUSE,PC_EMP_CUSE2,LT,,NaN,,NaN
A,GE10,N79,P_CUSE,PC_EMP_CUSE2,MK,,NaN,,NaN
A,GE10,N79,P_CUSE,PC_EMP_CUSE2,MT,,NaN,,NaN
A,GE10,N79,P_CUSE,PC_EMP_CUSE2,NL,,NaN,,NaN
A,GE10,N79,P_CUSE,PC_EMP_CUSE2,NO,,NaN,,NaN
A,GE10,N79,P_CUSE,PC_EMP_CUSE2,PL,,NaN,,NaN
A,GE10,N79,P_CUSE,PC_EMP_CUSE2,PT,,NaN,,NaN
A,GE10,N79,P_CUSE,PC_EMP_CUSE2,RO,,NaN,,NaN
A,GE10,N79,P_CUSE,PC_EMP_CUSE2,RS,,NaN,,NaN
A,GE10,N79,P_CUSE,PC_EMP_CUSE2,SE,,NaN,,NaN
A,GE10,N79,P_CUSE,PC_EMP_CUSE2,SI,,NaN,,NaN
A,GE10,N79,P_CUSE,PC_EMP_CUSE2,SK,,NaN,,NaN
A,GE10,N79,P_CUSE,PC_EMP_CUSE2,UK,,NaN,,NaN
A,GE10,N79,P_IUSE,PC_EMP,AT,,u,,u
A,GE10,N79,P_IUSE,PC_EMP,BA,,NaN,68.83,NaN
A,GE10,N79,P_IUSE,PC_EMP,BE,90.33,NaN,88.0,NaN
A,GE10,N79,P_IUSE,PC_EMP,BG,61.09,NaN,60.91,NaN
A,GE10,N79,P_IUSE,PC_EMP,CY,76.81,NaN,82.0,NaN
A,GE10,N79,P_IUSE,PC_EMP,CZ,70.17,NaN,87.36,NaN
A,GE10,N79,P_IUSE,PC_EMP,DE,84.2,NaN,84.6,NaN
A,GE10,N79,P_IUSE,PC_EMP,DK,98.15,NaN,99.69,NaN
A,GE10,N79,P_IUSE,PC_EMP,EA,87.9,NaN,89.34,NaN
A,GE10,N79,P_IUSE,PC_EMP,EE,91.0,NaN,86.76,NaN
A,GE10,N79,P_IUSE,PC_EMP,EL,62.93,NaN,,u
A,GE10,N79,P_IUSE,PC_EMP,ES,94.94,NaN,95.6,NaN
A,GE10,N79,P_IUSE,PC_EMP,EU15,89.93,NaN,,NaN
A,GE10,N79,P_IUSE,PC_EMP,EU25,,NaN,,NaN
A,GE10,N79,P_IUSE,PC_EMP,EU27_2007,88.63,NaN,,NaN
A,GE10,N79,P_IUSE,PC_EMP,EU27_2020,86.83,NaN,88.65,NaN
A,GE10,N79,P_IUSE,PC_EMP,EU28,88.53,NaN,,NaN
A,GE10,N79,P_IUSE,PC_EMP,FI,95.3,NaN,,u
A,GE10,N79,P_IUSE,PC_EMP,FR,,u,93.37,NaN
A,GE10,N79,P_IUSE,PC_EMP,HR,74.97,NaN,97.51,NaN
A,GE10,N79,P_IUSE,PC_EMP,HU,85.43,NaN,84.96,NaN
A,GE10,N79,P_IUSE,PC_EMP,IE,82.38,NaN,90.62,NaN
A,GE10,N79,P_IUSE,PC_EMP,IS,,NaN,100.0,NaN
A,GE10,N79,P_IUSE,PC_EMP,IT,92.91,NaN,87.36,NaN
A,GE10,N79,P_IUSE,PC_EMP,LT,85.47,NaN,88.64,NaN
A,GE10,N79,P_IUSE,PC_EMP,LU,,u,,NaN
A,GE10,N79,P_IUSE,PC_EMP,LV,81.94,NaN,82.35,NaN
A,GE10,N79,P_IUSE,PC_EMP,ME,,u,,u
A,GE10,N79,P_IUSE,PC_EMP,MK,71.88,NaN,97.14,NaN
A,GE10,N79,P_IUSE,PC_EMP,MT,79.42,NaN,90.04,NaN
A,GE10,N79,P_IUSE,PC_EMP,NL,98.69,NaN,97.07,NaN
A,GE10,N79,P_IUSE,PC_EMP,NO,89.36,NaN,97.68,NaN
A,GE10,N79,P_IUSE,PC_EMP,PL,88.21,NaN,94.03,NaN
A,GE10,N79,P_IUSE,PC_EMP,PT,76.69,NaN,92.33,NaN
A,GE10,N79,P_IUSE,PC_EMP,RO,67.98,NaN,54.24,NaN
A,GE10,N79,P_IUSE,PC_EMP,RS,,NaN,67.03,NaN
A,GE10,N79,P_IUSE,PC_EMP,SE,97.56,NaN,96.4,NaN
A,GE10,N79,P_IUSE,PC_EMP,SI,89.49,NaN,92.17,NaN
A,GE10,N79,P_IUSE,PC_EMP,SK,78.22,NaN,86.26,NaN
A,GE10,N79,P_IUSE,PC_EMP,TR,55.69,NaN,,NaN
A,GE10,N79,P_IUSE,PC_EMP,UK,93.87,NaN,,u
A,GE10,N79,P_IUSE,PC_EMP_CUSE,AT,,NaN,,NaN
A,GE10,N79,P_IUSE,PC_EMP_CUSE,BA,,NaN,,NaN
A,GE10,N79,P_IUSE,PC_EMP_CUSE,BE,98.61,NaN,,NaN
A,GE10,N79,P_IUSE,PC_EMP_CUSE,BG,100.0,NaN,,NaN
A,GE10,N79,P_IUSE,PC_EMP_CUSE,CY,95.08,NaN,,NaN
A,GE10,N79,P_IUSE,PC_EMP_CUSE,CZ,99.0,NaN,,NaN
A,GE10,N79,P_IUSE,PC_EMP_CUSE,DE,99.61,NaN,,NaN
A,GE10,N79,P_IUSE,PC_EMP_CUSE,DK,,NaN,,NaN
A,GE10,N79,P_IUSE,PC_EMP_CUSE,EA,99.13,NaN,,NaN
A,GE10,N79,P_IUSE,PC_EMP_CUSE,EE,99.39,NaN,,NaN
A,GE10,N79,P_IUSE,PC_EMP_CUSE,EL,96.37,NaN,,NaN
A,GE10,N79,P_IUSE,PC_EMP_CUSE,ES,98.63,NaN,,NaN
A,GE10,N79,P_IUSE,PC_EMP_CUSE,EU15,99.12,NaN,,NaN
A,GE10,N79,P_IUSE,PC_EMP_CUSE,EU25,,NaN,,NaN
A,GE10,N79,P_IUSE,PC_EMP_CUSE,EU27_2007,99.03,NaN,,NaN
A,GE10,N79,P_IUSE,PC_EMP_CUSE,EU27_2020,98.94,NaN,,NaN
A,GE10,N79,P_IUSE,PC_EMP_CUSE,EU28,98.99,NaN,,NaN
A,GE10,N79,P_IUSE,PC_EMP_CUSE,FI,99.74,NaN,,NaN
A,GE10,N79,P_IUSE,PC_EMP_CUSE,FR,,NaN,,NaN
A,GE10,N79,P_IUSE,PC_EMP_CUSE,HR,93.76,NaN,,NaN
A,GE10,N79,P_IUSE,PC_EMP_CUSE,HU,98.7,NaN,,NaN
A,GE10,N79,P_IUSE,PC_EMP_CUSE,IE,97.16,NaN,,NaN
A,GE10,N79,P_IUSE,PC_EMP_CUSE,IS,,NaN,,NaN
A,GE10,N79,P_IUSE,PC_EMP_CUSE,IT,99.76,NaN,,NaN
A,GE10,N79,P_IUSE,PC_EMP_CUSE,LT,100.0,NaN,,NaN
A,GE10,N79,P_IUSE,PC_EMP_CUSE,LU,,NaN,,NaN
A,GE10,N79,P_IUSE,PC_EMP_CUSE,LV,,NaN,,NaN
A,GE10,N79,P_IUSE,PC_EMP_CUSE,ME,,u,,NaN
A,GE10,N79,P_IUSE,PC_EMP_CUSE,MK,100.0,NaN,,NaN
A,GE10,N79,P_IUSE,PC_EMP_CUSE,MT,,NaN,,NaN
A,GE10,N79,P_IUSE,PC_EMP_CUSE,NL,99.63,NaN,,NaN
A,GE10,N79,P_IUSE,PC_EMP_CUSE,NO,100.0,NaN,,NaN
A,GE10,N79,P_IUSE,PC_EMP_CUSE,PL,99.02,NaN,,NaN
A,GE10,N79,P_IUSE,PC_EMP_CUSE,PT,98.92,NaN,,NaN
A,GE10,N79,P_IUSE,PC_EMP_CUSE,RO,94.2,NaN,,NaN
A,GE10,N79,P_IUSE,PC_EMP_CUSE,RS,,NaN,,NaN
A,GE10,N79,P_IUSE,PC_EMP_CUSE,SE,,NaN,,NaN
A,GE10,N79,P_IUSE,PC_EMP_CUSE,SI,100.0,NaN,,NaN
A,GE10,N79,P_IUSE,PC_EMP_CUSE,SK,99.29,NaN,,NaN
A,GE10,N79,P_IUSE,PC_EMP_CUSE,TR,,NaN,,NaN
A,GE10,N79,P_IUSE,PC_EMP_CUSE,UK,99.1,NaN,,NaN
A,GE10,N79,P_IUSE,PC_EMP_CUSE2,AT,,NaN,,NaN
A,GE10,N79,P_IUSE,PC_EMP_CUSE2,BE,,NaN,,NaN
A,GE10,N79,P_IUSE,PC_EMP_CUSE2,BG,,NaN,,NaN
A,GE10,N79,P_IUSE,PC_EMP_CUSE2,CY,,NaN,,NaN
A,GE10,N79,P_IUSE,PC_EMP_CUSE2,CZ,,NaN,,NaN
A,GE10,N79,P_IUSE,PC_EMP_CUSE2,DE,,NaN,,NaN
A,GE10,N79,P_IUSE,PC_EMP_CUSE2,DK,,NaN,,NaN
A,GE10,N79,P_IUSE,PC_EMP_CUSE2,EA,,NaN,,NaN
A,GE10,N79,P_IUSE,PC_EMP_CUSE2,EE,,NaN,,NaN
A,GE10,N79,P_IUSE,PC_EMP_CUSE2,EL,,NaN,,NaN
A,GE10,N79,P_IUSE,PC_EMP_CUSE2,ES,,NaN,,NaN
A,GE10,N79,P_IUSE,PC_EMP_CUSE2,EU15,,NaN,,NaN
A,GE10,N79,P_IUSE,PC_EMP_CUSE2,EU27_2007,,NaN,,NaN
A,GE10,N79,P_IUSE,PC_EMP_CUSE2,EU27_2020,,NaN,,NaN
A,GE10,N79,P_IUSE,PC_EMP_CUSE2,EU28,,NaN,,NaN
A,GE10,N79,P_IUSE,PC_EMP_CUSE2,FI,,NaN,,NaN
A,GE10,N79,P_IUSE,PC_EMP_CUSE2,FR,,NaN,,NaN
A,GE10,N79,P_IUSE,PC_EMP_CUSE2,HR,,NaN,,NaN
A,GE10,N79,P_IUSE,PC_EMP_CUSE2,HU,,NaN,,NaN
A,GE10,N79,P_IUSE,PC_EMP_CUSE2,IE,,NaN,,NaN
A,GE10,N79,P_IUSE,PC_EMP_CUSE2,IS,,NaN,,NaN
A,GE10,N79,P_IUSE,PC_EMP_CUSE2,IT,,NaN,,NaN
A,GE10,N79,P_IUSE,PC_EMP_CUSE2,LT,,NaN,,NaN
A,GE10,N79,P_IUSE,PC_EMP_CUSE2,LU,,NaN,,NaN
A,GE10,N79,P_IUSE,PC_EMP_CUSE2,LV,,NaN,,NaN
A,GE10,N79,P_IUSE,PC_EMP_CUSE2,MK,,NaN,,NaN
A,GE10,N79,P_IUSE,PC_EMP_CUSE2,MT,,NaN,,NaN
A,GE10,N79,P_IUSE,PC_EMP_CUSE2,NL,,NaN,,NaN
A,GE10,N79,P_IUSE,PC_EMP_CUSE2,NO,,NaN,,NaN
A,GE10,N79,P_IUSE,PC_EMP_CUSE2,PL,,NaN,,NaN
A,GE10,N79,P_IUSE,PC_EMP_CUSE2,PT,,NaN,,NaN
A,GE10,N79,P_IUSE,PC_EMP_CUSE2,RO,,NaN,,NaN
A,GE10,N79,P_IUSE,PC_EMP_CUSE2,RS,,NaN,,NaN
A,GE10,N79,P_IUSE,PC_EMP_CUSE2,SE,,NaN,,NaN
A,GE10,N79,P_IUSE,PC_EMP_CUSE2,SI,,NaN,,NaN
A,GE10,N79,P_IUSE,PC_EMP_CUSE2,SK,,NaN,,NaN
A,GE10,N79,P_IUSE,PC_EMP_CUSE2,TR,,NaN,,NaN
A,GE10,N79,P_IUSE,PC_EMP_CUSE2,UK,,NaN,,NaN
A,GE10,N79,P_IUSE,PC_EMP_IACC,AT,,NaN,,NaN
A,GE10,N79,P_IUSE,PC_EMP_IACC,BE,,NaN,,NaN
A,GE10,N79,P_IUSE,PC_EMP_IACC,BG,,NaN,,NaN
A,GE10,N79,P_IUSE,PC_EMP_IACC,CY,,NaN,,NaN
A,GE10,N79,P_IUSE,PC_EMP_IACC,CZ,,NaN,,NaN
A,GE10,N79,P_IUSE,PC_EMP_IACC,DE,,NaN,,NaN
A,GE10,N79,P_IUSE,PC_EMP_IACC,DK,,NaN,,NaN
A,GE10,N79,P_IUSE,PC_EMP_IACC,EA,,NaN,,NaN
A,GE10,N79,P_IUSE,PC_EMP_IACC,EE,,NaN,,NaN
A,GE10,N79,P_IUSE,PC_EMP_IACC,EL,,NaN,,NaN
A,GE10,N79,P_IUSE,PC_EMP_IACC,ES,,NaN,,NaN
A,GE10,N79,P_IUSE,PC_EMP_IACC,EU15,,NaN,,NaN
A,GE10,N79,P_IUSE,PC_EMP_IACC,EU27_2007,,NaN,,NaN
A,GE10,N79,P_IUSE,PC_EMP_IACC,EU27_2020,,NaN,,NaN
A,GE10,N79,P_IUSE,PC_EMP_IACC,EU28,,NaN,,NaN
A,GE10,N79,P_IUSE,PC_EMP_IACC,FI,,NaN,,NaN
A,GE10,N79,P_IUSE,PC_EMP_IACC,FR,,NaN,,NaN
A,GE10,N79,P_IUSE,PC_EMP_IACC,HR,,NaN,,NaN
A,GE10,N79,P_IUSE,PC_EMP_IACC,HU,,NaN,,NaN
A,GE10,N79,P_IUSE,PC_EMP_IACC,IE,,NaN,,NaN
A,GE10,N79,P_IUSE,PC_EMP_IACC,IS,,NaN,,NaN
A,GE10,N79,P_IUSE,PC_EMP_IACC,IT,,NaN,,NaN
A,GE10,N79,P_IUSE,PC_EMP_IACC,LT,,NaN,,NaN
A,GE10,N79,P_IUSE,PC_EMP_IACC,LU,,NaN,,NaN
A,GE10,N79,P_IUSE,PC_EMP_IACC,LV,,NaN,,NaN
A,GE10,N79,P_IUSE,PC_EMP_IACC,MK,,NaN,,NaN
A,GE10,N79,P_IUSE,PC_EMP_IACC,MT,,NaN,,NaN
A,GE10,N79,P_IUSE,PC_EMP_IACC,NL,,NaN,,NaN
A,GE10,N79,P_IUSE,PC_EMP_IACC,NO,,NaN,,NaN
A,GE10,N79,P_IUSE,PC_EMP_IACC,PL,,NaN,,NaN
A,GE10,N79,P_IUSE,PC_EMP_IACC,PT,,NaN,,NaN
A,GE10,N79,P_IUSE,PC_EMP_IACC,RO,,NaN,,NaN
A,GE10,N79,P_IUSE,PC_EMP_IACC,RS,,NaN,,NaN
A,GE10,N79,P_IUSE,PC_EMP_IACC,SE,,NaN,,NaN
A,GE10,N79,P_IUSE,PC_EMP_IACC,SI,,NaN,,NaN
A,GE10,N79,P_IUSE,PC_EMP_IACC,SK,,NaN,,NaN
A,GE10,N79,P_IUSE,PC_EMP_IACC,TR,,NaN,,NaN
A,GE10,N79,P_IUSE,PC_EMP_IACC,UK,,NaN,,NaN
A,GE10,S951,P_CUSE,PC_EMP,AT,,NaN,,NaN
A,GE10,S951,P_CUSE,PC_EMP,BA,,NaN,,NaN
A,GE10,S951,P_CUSE,PC_EMP,BE,,u,,NaN
A,GE10,S951,P_CUSE,PC_EMP,BG,85.64,NaN,,NaN
A,GE10,S951,P_CUSE,PC_EMP,CY,,u,,NaN
A,GE10,S951,P_CUSE,PC_EMP,CZ,71.28,NaN,,NaN
A,GE10,S951,P_CUSE,PC_EMP,DE,94.6,NaN,,NaN
A,GE10,S951,P_CUSE,PC_EMP,DK,,NaN,,NaN
A,GE10,S951,P_CUSE,PC_EMP,EA,90.92,NaN,,NaN
A,GE10,S951,P_CUSE,PC_EMP,EE,97.01,NaN,,NaN
A,GE10,S951,P_CUSE,PC_EMP,EL,76.01,NaN,,NaN
A,GE10,S951,P_CUSE,PC_EMP,ES,87.43,NaN,,NaN
A,GE10,S951,P_CUSE,PC_EMP,EU15,93.26,NaN,,NaN
A,GE10,S951,P_CUSE,PC_EMP,EU25,,NaN,,NaN
A,GE10,S951,P_CUSE,PC_EMP,EU27_2007,89.37,NaN,,NaN
A,GE10,S951,P_CUSE,PC_EMP,EU27_2020,86.16,NaN,,NaN
A,GE10,S951,P_CUSE,PC_EMP,EU28,89.33,NaN,,NaN
A,GE10,S951,P_CUSE,PC_EMP,FI,100.0,NaN,,NaN
A,GE10,S951,P_CUSE,PC_EMP,FR,,NaN,,NaN
A,GE10,S951,P_CUSE,PC_EMP,HR,85.48,NaN,,NaN
A,GE10,S951,P_CUSE,PC_EMP,HU,86.88,NaN,,NaN
A,GE10,S951,P_CUSE,PC_EMP,IE,100.0,NaN,,NaN
A,GE10,S951,P_CUSE,PC_EMP,IT,,u,,NaN
A,GE10,S951,P_CUSE,PC_EMP,LT,84.29,NaN,,NaN
A,GE10,S951,P_CUSE,PC_EMP,LV,,NaN,,NaN
A,GE10,S951,P_CUSE,PC_EMP,ME,,u,,NaN
A,GE10,S951,P_CUSE,PC_EMP,MK,,NaN,,NaN
A,GE10,S951,P_CUSE,PC_EMP,MT,,NaN,,NaN
A,GE10,S951,P_CUSE,PC_EMP,NL,,u,,NaN
A,GE10,S951,P_CUSE,PC_EMP,NO,100.0,NaN,,NaN
A,GE10,S951,P_CUSE,PC_EMP,PL,86.84,NaN,,NaN
A,GE10,S951,P_CUSE,PC_EMP,PT,90.71,NaN,,NaN
A,GE10,S951,P_CUSE,PC_EMP,RO,72.09,NaN,,NaN
A,GE10,S951,P_CUSE,PC_EMP,RS,,NaN,,NaN
A,GE10,S951,P_CUSE,PC_EMP,SE,,NaN,,NaN
A,GE10,S951,P_CUSE,PC_EMP,SI,,u,,NaN
A,GE10,S951,P_CUSE,PC_EMP,SK,98.37,NaN,,NaN
A,GE10,S951,P_CUSE,PC_EMP,TR,,NaN,,NaN
A,GE10,S951,P_CUSE,PC_EMP,UK,96.21,NaN,,NaN
A,GE10,S951,P_CUSE,PC_EMP_CUSE2,AT,,NaN,,NaN
A,GE10,S951,P_CUSE,PC_EMP_CUSE2,BE,,NaN,,NaN
A,GE10,S951,P_CUSE,PC_EMP_CUSE2,BG,,NaN,,NaN
A,GE10,S951,P_CUSE,PC_EMP_CUSE2,CY,,NaN,,NaN
A,GE10,S951,P_CUSE,PC_EMP_CUSE2,CZ,,NaN,,NaN
A,GE10,S951,P_CUSE,PC_EMP_CUSE2,DE,,NaN,,NaN
A,GE10,S951,P_CUSE,PC_EMP_CUSE2,DK,,NaN,,NaN
A,GE10,S951,P_CUSE,PC_EMP_CUSE2,EA,,NaN,,NaN
A,GE10,S951,P_CUSE,PC_EMP_CUSE2,EE,,NaN,,NaN
A,GE10,S951,P_CUSE,PC_EMP_CUSE2,EL,,NaN,,NaN
A,GE10,S951,P_CUSE,PC_EMP_CUSE2,ES,,NaN,,NaN
A,GE10,S951,P_CUSE,PC_EMP_CUSE2,EU15,,NaN,,NaN
A,GE10,S951,P_CUSE,PC_EMP_CUSE2,EU27_2007,,NaN,,NaN
A,GE10,S951,P_CUSE,PC_EMP_CUSE2,EU27_2020,,NaN,,NaN
A,GE10,S951,P_CUSE,PC_EMP_CUSE2,EU28,,NaN,,NaN
A,GE10,S951,P_CUSE,PC_EMP_CUSE2,FI,,NaN,,NaN
A,GE10,S951,P_CUSE,PC_EMP_CUSE2,FR,,NaN,,NaN
A,GE10,S951,P_CUSE,PC_EMP_CUSE2,HR,,NaN,,NaN
A,GE10,S951,P_CUSE,PC_EMP_CUSE2,HU,,NaN,,NaN
A,GE10,S951,P_CUSE,PC_EMP_CUSE2,IE,,NaN,,NaN
A,GE10,S951,P_CUSE,PC_EMP_CUSE2,IT,,NaN,,NaN
A,GE10,S951,P_CUSE,PC_EMP_CUSE2,LT,,NaN,,NaN
A,GE10,S951,P_CUSE,PC_EMP_CUSE2,MK,,NaN,,NaN
A,GE10,S951,P_CUSE,PC_EMP_CUSE2,MT,,NaN,,NaN
A,GE10,S951,P_CUSE,PC_EMP_CUSE2,NL,,NaN,,NaN
A,GE10,S951,P_CUSE,PC_EMP_CUSE2,NO,,NaN,,NaN
A,GE10,S951,P_CUSE,PC_EMP_CUSE2,PL,,NaN,,NaN
A,GE10,S951,P_CUSE,PC_EMP_CUSE2,PT,,NaN,,NaN
A,GE10,S951,P_CUSE,PC_EMP_CUSE2,RO,,NaN,,NaN
A,GE10,S951,P_CUSE,PC_EMP_CUSE2,RS,,NaN,,NaN
A,GE10,S951,P_CUSE,PC_EMP_CUSE2,SI,,NaN,,NaN
A,GE10,S951,P_CUSE,PC_EMP_CUSE2,SK,,NaN,,NaN
A,GE10,S951,P_CUSE,PC_EMP_CUSE2,UK,,NaN,,NaN
A,GE10,S951,P_IUSE,PC_EMP,AL,,NaN,,NaN
A,GE10,S951,P_IUSE,PC_EMP,AT,96.86,NaN,,u
A,GE10,S951,P_IUSE,PC_EMP,BA,,NaN,82.01,NaN
A,GE10,S951,P_IUSE,PC_EMP,BE,,u,91.33,NaN
A,GE10,S951,P_IUSE,PC_EMP,BG,83.66,NaN,76.37,NaN
A,GE10,S951,P_IUSE,PC_EMP,CY,,u,,NaN
A,GE10,S951,P_IUSE,PC_EMP,CZ,56.68,NaN,79.87,NaN
A,GE10,S951,P_IUSE,PC_EMP,DE,80.57,NaN,92.27,NaN
A,GE10,S951,P_IUSE,PC_EMP,DK,99.83,NaN,99.88,NaN
A,GE10,S951,P_IUSE,PC_EMP,EA,83.73,NaN,94.1,NaN
A,GE10,S951,P_IUSE,PC_EMP,EE,97.01,NaN,91.67,NaN
A,GE10,S951,P_IUSE,PC_EMP,EL,,u,99.29,NaN
A,GE10,S951,P_IUSE,PC_EMP,ES,80.97,NaN,96.09,NaN
A,GE10,S951,P_IUSE,PC_EMP,EU15,86.91,NaN,,NaN
A,GE10,S951,P_IUSE,PC_EMP,EU25,,NaN,,NaN
A,GE10,S951,P_IUSE,PC_EMP,EU27_2007,82.98,NaN,,NaN
A,GE10,S951,P_IUSE,PC_EMP,EU27_2020,79.93,NaN,90.27,NaN
A,GE10,S951,P_IUSE,PC_EMP,EU28,83.0,NaN,,NaN
A,GE10,S951,P_IUSE,PC_EMP,FI,100.0,NaN,,u
A,GE10,S951,P_IUSE,PC_EMP,FR,83.46,NaN,96.21,NaN
A,GE10,S951,P_IUSE,PC_EMP,HR,85.48,NaN,95.12,NaN
A,GE10,S951,P_IUSE,PC_EMP,HU,78.61,NaN,68.99,NaN
A,GE10,S951,P_IUSE,PC_EMP,IE,100.0,NaN,100.0,NaN
A,GE10,S951,P_IUSE,PC_EMP,IS,,NaN,,NaN
A,GE10,S951,P_IUSE,PC_EMP,IT,,u,,u
A,GE10,S951,P_IUSE,PC_EMP,LT,83.77,NaN,92.45,NaN
A,GE10,S951,P_IUSE,PC_EMP,LU,,NaN,,NaN
A,GE10,S951,P_IUSE,PC_EMP,LV,83.09,NaN,99.14,NaN
A,GE10,S951,P_IUSE,PC_EMP,ME,,u,,u
A,GE10,S951,P_IUSE,PC_EMP,MK,,NaN,,NaN
A,GE10,S951,P_IUSE,PC_EMP,MT,,NaN,,NaN
A,GE10,S951,P_IUSE,PC_EMP,NL,,u,79.21,NaN
A,GE10,S951,P_IUSE,PC_EMP,NO,100.0,NaN,100.0,NaN
A,GE10,S951,P_IUSE,PC_EMP,PL,81.87,NaN,81.94,NaN
A,GE10,S951,P_IUSE,PC_EMP,PT,89.1,NaN,87.89,NaN
A,GE10,S951,P_IUSE,PC_EMP,RO,63.32,NaN,62.95,NaN
A,GE10,S951,P_IUSE,PC_EMP,RS,,NaN,100.0,NaN
A,GE10,S951,P_IUSE,PC_EMP,SE,100.0,NaN,98.51,NaN
A,GE10,S951,P_IUSE,PC_EMP,SI,,u,,u
A,GE10,S951,P_IUSE,PC_EMP,SK,81.54,NaN,68.33,NaN
A,GE10,S951,P_IUSE,PC_EMP,TR,85.67,NaN,,NaN
A,GE10,S951,P_IUSE,PC_EMP,UK,91.45,NaN,,u
A,GE10,S951,P_IUSE,PC_EMP_CUSE,AT,,NaN,,NaN
A,GE10,S951,P_IUSE,PC_EMP_CUSE,BA,,NaN,,NaN
A,GE10,S951,P_IUSE,PC_EMP_CUSE,BE,,u,,NaN
A,GE10,S951,P_IUSE,PC_EMP_CUSE,BG,97.69,NaN,,NaN
A,GE10,S951,P_IUSE,PC_EMP_CUSE,CY,,u,,NaN
A,GE10,S951,P_IUSE,PC_EMP_CUSE,CZ,79.51,NaN,,NaN
A,GE10,S951,P_IUSE,PC_EMP_CUSE,DE,85.17,NaN,,NaN
A,GE10,S951,P_IUSE,PC_EMP_CUSE,DK,,NaN,,NaN
A,GE10,S951,P_IUSE,PC_EMP_CUSE,EA,91.83,NaN,,NaN
A,GE10,S951,P_IUSE,PC_EMP_CUSE,EE,100.0,NaN,,NaN
A,GE10,S951,P_IUSE,PC_EMP_CUSE,EL,,u,,NaN
A,GE10,S951,P_IUSE,PC_EMP_CUSE,ES,92.62,NaN,,NaN
A,GE10,S951,P_IUSE,PC_EMP_CUSE,EU15,93.26,NaN,,NaN
A,GE10,S951,P_IUSE,PC_EMP_CUSE,EU25,,NaN,,NaN
A,GE10,S951,P_IUSE,PC_EMP_CUSE,EU27_2007,92.11,NaN,,NaN
A,GE10,S951,P_IUSE,PC_EMP_CUSE,EU27_2020,90.7,NaN,,NaN
A,GE10,S951,P_IUSE,PC_EMP_CUSE,EU28,92.18,NaN,,NaN
A,GE10,S951,P_IUSE,PC_EMP_CUSE,FI,100.0,NaN,,NaN
A,GE10,S951,P_IUSE,PC_EMP_CUSE,FR,,NaN,,NaN
A,GE10,S951,P_IUSE,PC_EMP_CUSE,HR,100.0,NaN,,NaN
A,GE10,S951,P_IUSE,PC_EMP_CUSE,HU,90.49,NaN,,NaN
A,GE10,S951,P_IUSE,PC_EMP_CUSE,IE,100.0,NaN,,NaN
A,GE10,S951,P_IUSE,PC_EMP_CUSE,IT,,u,,NaN
A,GE10,S951,P_IUSE,PC_EMP_CUSE,LT,99.38,NaN,,NaN
A,GE10,S951,P_IUSE,PC_EMP_CUSE,LV,,NaN,,NaN
A,GE10,S951,P_IUSE,PC_EMP_CUSE,ME,,u,,NaN
A,GE10,S951,P_IUSE,PC_EMP_CUSE,MK,,NaN,,NaN
A,GE10,S951,P_IUSE,PC_EMP_CUSE,MT,,NaN,,NaN
A,GE10,S951,P_IUSE,PC_EMP_CUSE,NL,,u,,NaN
A,GE10,S951,P_IUSE,PC_EMP_CUSE,NO,100.0,NaN,,NaN
A,GE10,S951,P_IUSE,PC_EMP_CUSE,PL,94.28,NaN,,NaN
A,GE10,S951,P_IUSE,PC_EMP_CUSE,PT,98.23,NaN,,NaN
A,GE10,S951,P_IUSE,PC_EMP_CUSE,RO,87.83,NaN,,NaN
A,GE10,S951,P_IUSE,PC_EMP_CUSE,RS,,NaN,,NaN
A,GE10,S951,P_IUSE,PC_EMP_CUSE,SE,,NaN,,NaN
A,GE10,S951,P_IUSE,PC_EMP_CUSE,SI,,u,,NaN
A,GE10,S951,P_IUSE,PC_EMP_CUSE,SK,82.89,NaN,,NaN
A,GE10,S951,P_IUSE,PC_EMP_CUSE,TR,,NaN,,NaN
A,GE10,S951,P_IUSE,PC_EMP_CUSE,UK,95.05,NaN,,NaN
A,GE10,S951,P_IUSE,PC_EMP_CUSE2,AT,,NaN,,NaN
A,GE10,S951,P_IUSE,PC_EMP_CUSE2,BE,,NaN,,NaN
A,GE10,S951,P_IUSE,PC_EMP_CUSE2,BG,,NaN,,NaN
A,GE10,S951,P_IUSE,PC_EMP_CUSE2,CY,,NaN,,NaN
A,GE10,S951,P_IUSE,PC_EMP_CUSE2,CZ,,NaN,,NaN
A,GE10,S951,P_IUSE,PC_EMP_CUSE2,DE,,NaN,,NaN
A,GE10,S951,P_IUSE,PC_EMP_CUSE2,DK,,NaN,,NaN
A,GE10,S951,P_IUSE,PC_EMP_CUSE2,EA,,NaN,,NaN
A,GE10,S951,P_IUSE,PC_EMP_CUSE2,EE,,NaN,,NaN
A,GE10,S951,P_IUSE,PC_EMP_CUSE2,EL,,NaN,,NaN
A,GE10,S951,P_IUSE,PC_EMP_CUSE2,ES,,NaN,,NaN
A,GE10,S951,P_IUSE,PC_EMP_CUSE2,EU15,,NaN,,NaN
A,GE10,S951,P_IUSE,PC_EMP_CUSE2,EU27_2007,,NaN,,NaN
A,GE10,S951,P_IUSE,PC_EMP_CUSE2,EU27_2020,,NaN,,NaN
A,GE10,S951,P_IUSE,PC_EMP_CUSE2,EU28,,NaN,,NaN
A,GE10,S951,P_IUSE,PC_EMP_CUSE2,FI,,NaN,,NaN
A,GE10,S951,P_IUSE,PC_EMP_CUSE2,FR,,NaN,,NaN
A,GE10,S951,P_IUSE,PC_EMP_CUSE2,HR,,NaN,,NaN
A,GE10,S951,P_IUSE,PC_EMP_CUSE2,HU,,NaN,,NaN
A,GE10,S951,P_IUSE,PC_EMP_CUSE2,IE,,NaN,,NaN
A,GE10,S951,P_IUSE,PC_EMP_CUSE2,IS,,NaN,,NaN
A,GE10,S951,P_IUSE,PC_EMP_CUSE2,IT,,NaN,,NaN
A,GE10,S951,P_IUSE,PC_EMP_CUSE2,LT,,NaN,,NaN
A,GE10,S951,P_IUSE,PC_EMP_CUSE2,LU,,NaN,,NaN
A,GE10,S951,P_IUSE,PC_EMP_CUSE2,LV,,NaN,,NaN
A,GE10,S951,P_IUSE,PC_EMP_CUSE2,MK,,NaN,,NaN
A,GE10,S951,P_IUSE,PC_EMP_CUSE2,MT,,NaN,,NaN
A,GE10,S951,P_IUSE,PC_EMP_CUSE2,NL,,NaN,,NaN
A,GE10,S951,P_IUSE,PC_EMP_CUSE2,NO,,NaN,,NaN
A,GE10,S951,P_IUSE,PC_EMP_CUSE2,PL,,NaN,,NaN
A,GE10,S951,P_IUSE,PC_EMP_CUSE2,PT,,NaN,,NaN
A,GE10,S951,P_IUSE,PC_EMP_CUSE2,RO,,NaN,,NaN
A,GE10,S951,P_IUSE,PC_EMP_CUSE2,RS,,NaN,,NaN
A,GE10,S951,P_IUSE,PC_EMP_CUSE2,SE,,NaN,,NaN
A,GE10,S951,P_IUSE,PC_EMP_CUSE2,SI,,NaN,,NaN
A,GE10,S951,P_IUSE,PC_EMP_CUSE2,SK,,NaN,,NaN
A,GE10,S951,P_IUSE,PC_EMP_CUSE2,TR,,NaN,,NaN
A,GE10,S951,P_IUSE,PC_EMP_CUSE2,UK,,NaN,,NaN
A,GE10,S951,P_IUSE,PC_EMP_IACC,AT,,NaN,,NaN
A,GE10,S951,P_IUSE,PC_EMP_IACC,BE,,NaN,,NaN
A,GE10,S951,P_IUSE,PC_EMP_IACC,BG,,NaN,,NaN
A,GE10,S951,P_IUSE,PC_EMP_IACC,CY,,NaN,,NaN
A,GE10,S951,P_IUSE,PC_EMP_IACC,CZ,,NaN,,NaN
A,GE10,S951,P_IUSE,PC_EMP_IACC,DE,,NaN,,NaN
A,GE10,S951,P_IUSE,PC_EMP_IACC,DK,,NaN,,NaN
A,GE10,S951,P_IUSE,PC_EMP_IACC,EA,,NaN,,NaN
A,GE10,S951,P_IUSE,PC_EMP_IACC,EE,,NaN,,NaN
A,GE10,S951,P_IUSE,PC_EMP_IACC,EL,,NaN,,NaN
A,GE10,S951,P_IUSE,PC_EMP_IACC,ES,,NaN,,NaN
A,GE10,S951,P_IUSE,PC_EMP_IACC,EU15,,NaN,,NaN
A,GE10,S951,P_IUSE,PC_EMP_IACC,EU27_2007,,NaN,,NaN
A,GE10,S951,P_IUSE,PC_EMP_IACC,EU27_2020,,NaN,,NaN
A,GE10,S951,P_IUSE,PC_EMP_IACC,EU28,,NaN,,NaN
A,GE10,S951,P_IUSE,PC_EMP_IACC,FI,,NaN,,NaN
A,GE10,S951,P_IUSE,PC_EMP_IACC,FR,,NaN,,NaN
A,GE10,S951,P_IUSE,PC_EMP_IACC,HR,,NaN,,NaN
A,GE10,S951,P_IUSE,PC_EMP_IACC,HU,,NaN,,NaN
A,GE10,S951,P_IUSE,PC_EMP_IACC,IE,,NaN,,NaN
A,GE10,S951,P_IUSE,PC_EMP_IACC,IS,,NaN,,NaN
A,GE10,S951,P_IUSE,PC_EMP_IACC,IT,,NaN,,NaN
A,GE10,S951,P_IUSE,PC_EMP_IACC,LT,,NaN,,NaN
A,GE10,S951,P_IUSE,PC_EMP_IACC,LU,,NaN,,NaN
A,GE10,S951,P_IUSE,PC_EMP_IACC,LV,,NaN,,NaN
A,GE10,S951,P_IUSE,PC_EMP_IACC,MK,,NaN,,NaN
A,GE10,S951,P_IUSE,PC_EMP_IACC,MT,,NaN,,NaN
A,GE10,S951,P_IUSE,PC_EMP_IACC,NL,,NaN,,NaN
A,GE10,S951,P_IUSE,PC_EMP_IACC,NO,,NaN,,NaN
A,GE10,S951,P_IUSE,PC_EMP_IACC,PL,,NaN,,NaN
A,GE10,S951,P_IUSE,PC_EMP_IACC,PT,,NaN,,NaN
A,GE10,S951,P_IUSE,PC_EMP_IACC,RO,,NaN,,NaN
A,GE10,S951,P_IUSE,PC_EMP_IACC,RS,,NaN,,NaN
A,GE10,S951,P_IUSE,PC_EMP_IACC,SE,,NaN,,NaN
A,GE10,S951,P_IUSE,PC_EMP_IACC,SI,,NaN,,NaN
A,GE10,S951,P_IUSE,PC_EMP_IACC,SK,,NaN,,NaN
A,GE10,S951,P_IUSE,PC_EMP_IACC,TR,,NaN,,NaN
A,GE10,S951,P_IUSE,PC_EMP_IACC,UK,,NaN,,NaN
