freq,product,nrg_cons,unit,tax,currency,geo,2016,2020,flag_2016,flag_2020
S,6000,MWH20-499,KWH,I_TAX,EUR,AL,,0.1244,NaN,e
S,6000,MWH20-499,KWH,I_TAX,EUR,AT,0.15045,0.1619,NaN,NaN
S,6000,MWH20-499,KWH,I_TAX,EUR,BA,0.1004,0.1061,NaN,NaN
S,6000,MWH20-499,KWH,I_TAX,EUR,BE,0.1849,0.18465,NaN,NaN
S,6000,MWH20-499,KWH,I_TAX,EUR,BG,0.12105,0.11335,NaN,NaN
S,6000,MWH20-499,KWH,I_TAX,EUR,CY,0.16449999999999998,0.17945,NaN,NaN
S,6000,MWH20-499,KWH,I_TAX,EUR,CZ,0.14105,0.17075,NaN,NaN
S,6000,MWH20-499,KWH,I_TAX,EUR,DE,0.2246,0.2391,NaN,NaN
S,6000,MWH20-499,KWH,I_TAX,EUR,DK,0.2731,0.2573,NaN,NaN
S,6000,MWH20-499,KWH,I_TAX,EUR,EA,0.1805,0.19225,NaN,NaN
S,6000,MWH20-499,KWH,I_TAX,EUR,EE,0.11355,0.1099,NaN,NaN
S,6000,MWH20-499,KWH,I_TAX,EUR,EL,0.1553,0.15139999999999998,NaN,NaN
S,6000,MWH20-499,KWH,I_TAX,EUR,ES,0.17404999999999998,0.17785,NaN,NaN
S,6000,MWH20-499,KWH,I_TAX,EUR,EU27_2020,0.17035,0.183,NaN,NaN
S,6000,MWH20-499,KWH,I_TAX,EUR,FI,0.1037,0.1099,NaN,NaN
S,6000,MWH20-499,KWH,I_TAX,EUR,FR,0.1357,0.16085,NaN,NaN
S,6000,MWH20-499,KWH,I_TAX,EUR,GE,,0.061950000000000005,NaN,NaN
S,6000,MWH20-499,KWH,I_TAX,EUR,HR,0.13165,0.13685,NaN,NaN
S,6000,MWH20-499,KWH,I_TAX,EUR,HU,0.11624999999999999,0.14195000000000002,NaN,NaN
S,6000,MWH20-499,KWH,I_TAX,EUR,IE,0.17795,0.1873,NaN,NaN
S,6000,MWH20-499,KWH,I_TAX,EUR,IS,0.0928,0.0815,NaN,e
S,6000,MWH20-499,KWH,I_TAX,EUR,IT,0.2154,0.20245,NaN,NaN
S,6000,MWH20-499,KWH,I_TAX,EUR,LI,,,NaN,NaN
S,6000,MWH20-499,KWH,I_TAX,EUR,LT,0.1241,0.13419999999999999,NaN,NaN
S,6000,MWH20-499,KWH,I_TAX,EUR,LU,0.10955,0.12680000000000002,NaN,NaN
S,6000,MWH20-499,KWH,I_TAX,EUR,LV,0.16,0.15510000000000002,NaN,NaN
S,6000,MWH20-499,KWH,I_TAX,EUR,MD,0.09459999999999999,0.09784999999999999,NaN,NaN
S,6000,MWH20-499,KWH,I_TAX,EUR,ME,0.10819999999999999,0.11185,NaN,NaN
S,6000,MWH20-499,KWH,I_TAX,EUR,MK,0.12125,0.1079,NaN,NaN
S,6000,MWH20-499,KWH,I_TAX,EUR,MT,0.16454999999999997,0.15944999999999998,NaN,NaN
S,6000,MWH20-499,KWH,I_TAX,EUR,NL,0.14525,0.15975,NaN,NaN
S,6000,MWH20-499,KWH,I_TAX,EUR,NO,0.09809999999999999,0.0625,NaN,NaN
S,6000,MWH20-499,KWH,I_TAX,EUR,PL,0.13119999999999998,0.16075,NaN,NaN
S,6000,MWH20-499,KWH,I_TAX,EUR,PT,0.18435,0.17304999999999998,NaN,NaN
S,6000,MWH20-499,KWH,I_TAX,EUR,RO,0.11030000000000001,0.14055,NaN,NaN
S,6000,MWH20-499,KWH,I_TAX,EUR,RS,0.08495,0.1122,NaN,NaN
S,6000,MWH20-499,KWH,I_TAX,EUR,SE,0.09245,0.09715,NaN,NaN
S,6000,MWH20-499,KWH,I_TAX,EUR,SI,0.1264,0.14105,NaN,NaN
S,6000,MWH20-499,KWH,I_TAX,EUR,SK,0.1617,0.18525,NaN,NaN
S,6000,MWH20-499,KWH,I_TAX,EUR,TR,0.0905,0.09129999999999999,NaN,NaN
S,6000,MWH20-499,KWH,I_TAX,EUR,UA,,0.07225,NaN,NaN
S,6000,MWH20-499,KWH,I_TAX,EUR,UK,0.17765,,NaN,NaN
S,6000,MWH20-499,KWH,I_TAX,EUR,XK,0.09945000000000001,0.08875,NaN,NaN
S,6000,MWH20-499,KWH,I_TAX,NAC,AL,,15.396,NaN,e
S,6000,MWH20-499,KWH,I_TAX,NAC,AT,0.15045,0.1619,NaN,NaN
S,6000,MWH20-499,KWH,I_TAX,NAC,BA,0.19635000000000002,0.2076,NaN,NaN
S,6000,MWH20-499,KWH,I_TAX,NAC,BE,0.1849,0.18465,NaN,NaN
S,6000,MWH20-499,KWH,I_TAX,NAC,BG,0.23670000000000002,0.22165,NaN,NaN
S,6000,MWH20-499,KWH,I_TAX,NAC,CY,0.16449999999999998,0.17945,NaN,NaN
S,6000,MWH20-499,KWH,I_TAX,NAC,CZ,3.8139000000000003,4.5177,NaN,NaN
S,6000,MWH20-499,KWH,I_TAX,NAC,DE,0.2246,0.2391,NaN,NaN
S,6000,MWH20-499,KWH,I_TAX,NAC,DK,2.03335,1.91785,NaN,NaN
S,6000,MWH20-499,KWH,I_TAX,NAC,EA,0.18075,,NaN,NaN
S,6000,MWH20-499,KWH,I_TAX,NAC,EE,0.11355,0.1099,NaN,NaN
S,6000,MWH20-499,KWH,I_TAX,NAC,EL,0.1553,0.15139999999999998,NaN,NaN
S,6000,MWH20-499,KWH,I_TAX,NAC,ES,0.17404999999999998,0.17785,NaN,NaN
S,6000,MWH20-499,KWH,I_TAX,NAC,FI,0.1037,0.1099,NaN,NaN
S,6000,MWH20-499,KWH,I_TAX,NAC,FR,0.1357,0.16085,NaN,NaN
S,6000,MWH20-499,KWH,I_TAX,NAC,GE,,0.2192,NaN,NaN
S,6000,MWH20-499,KWH,I_TAX,NAC,HR,0.99195,1.0317500000000002,NaN,NaN
S,6000,MWH20-499,KWH,I_TAX,NAC,HU,36.2038,49.8508,NaN,NaN
S,6000,MWH20-499,KWH,I_TAX,NAC,IE,0.17795,0.1873,NaN,NaN
S,6000,MWH20-499,KWH,I_TAX,NAC,IS,12.4057,12.6,NaN,e
S,6000,MWH20-499,KWH,I_TAX,NAC,IT,0.2154,0.20245,NaN,NaN
S,6000,MWH20-499,KWH,I_TAX,NAC,LI,,,NaN,NaN
S,6000,MWH20-499,KWH,I_TAX,NAC,LT,0.1241,0.13419999999999999,NaN,NaN
S,6000,MWH20-499,KWH,I_TAX,NAC,LU,0.10955,0.12680000000000002,NaN,NaN
S,6000,MWH20-499,KWH,I_TAX,NAC,LV,0.16,0.15510000000000002,NaN,NaN
S,6000,MWH20-499,KWH,I_TAX,NAC,MD,2.0857,1.93035,NaN,NaN
S,6000,MWH20-499,KWH,I_TAX,NAC,ME,0.10819999999999999,0.11185,NaN,NaN
S,6000,MWH20-499,KWH,I_TAX,NAC,MK,7.469900000000001,6.653700000000001,NaN,NaN
S,6000,MWH20-499,KWH,I_TAX,NAC,MT,0.16454999999999997,0.15944999999999998,NaN,NaN
S,6000,MWH20-499,KWH,I_TAX,NAC,NL,0.14525,0.15975,NaN,NaN
S,6000,MWH20-499,KWH,I_TAX,NAC,NO,0.91115,0.67015,NaN,NaN
S,6000,MWH20-499,KWH,I_TAX,NAC,PL,0.5723,0.71405,NaN,NaN
S,6000,MWH20-499,KWH,I_TAX,NAC,PT,0.18435,0.17304999999999998,NaN,NaN
S,6000,MWH20-499,KWH,I_TAX,NAC,RO,0.49539999999999995,0.67995,NaN,NaN
S,6000,MWH20-499,KWH,I_TAX,NAC,RS,10.4589,13.19155,NaN,NaN
S,6000,MWH20-499,KWH,I_TAX,NAC,SE,0.87555,1.0181,NaN,NaN
S,6000,MWH20-499,KWH,I_TAX,NAC,SI,0.1264,0.14105,NaN,NaN
S,6000,MWH20-499,KWH,I_TAX,NAC,SK,0.1617,0.18525,NaN,NaN
S,6000,MWH20-499,KWH,I_TAX,NAC,TR,0.30245,0.72685,NaN,NaN
S,6000,MWH20-499,KWH,I_TAX,NAC,UA,,2.2163500000000003,NaN,NaN
S,6000,MWH20-499,KWH,I_TAX,NAC,UK,0.14525,,NaN,NaN
S,6000,MWH20-499,KWH,I_TAX,NAC,XK,0.09945000000000001,0.08875,NaN,NaN
S,6000,MWH20-499,KWH,I_TAX,PPS,AL,,0.2421,NaN,e
S,6000,MWH20-499,KWH,I_TAX,PPS,AT,0.14095000000000002,0.14165,NaN,NaN
S,6000,MWH20-499,KWH,I_TAX,PPS,BA,0.21234999999999998,0.2072,NaN,NaN
S,6000,MWH20-499,KWH,I_TAX,PPS,BE,0.17195,0.1655,NaN,NaN
S,6000,MWH20-499,KWH,I_TAX,PPS,BG,0.26185,0.2103,NaN,NaN
S,6000,MWH20-499,KWH,I_TAX,PPS,CY,0.18605,0.1959,NaN,NaN
S,6000,MWH20-499,KWH,I_TAX,PPS,CZ,0.2215,0.236,NaN,NaN
S,6000,MWH20-499,KWH,I_TAX,PPS,DE,0.2172,0.21639999999999998,NaN,NaN
S,6000,MWH20-499,KWH,I_TAX,PPS,DK,0.20345000000000002,0.19319999999999998,NaN,NaN
S,6000,MWH20-499,KWH,I_TAX,PPS,EA,0.1762,0.18445,NaN,NaN
S,6000,MWH20-499,KWH,I_TAX,PPS,EE,0.15765,0.137,NaN,NaN
S,6000,MWH20-499,KWH,I_TAX,PPS,EL,0.1882,0.183,NaN,NaN
S,6000,MWH20-499,KWH,I_TAX,PPS,ES,0.19565,0.1894,NaN,NaN
S,6000,MWH20-499,KWH,I_TAX,PPS,EU27_2020,,0.1895,NaN,NaN
S,6000,MWH20-499,KWH,I_TAX,PPS,FI,0.08524999999999999,0.08695,NaN,NaN
S,6000,MWH20-499,KWH,I_TAX,PPS,FR,0.12355,0.1478,NaN,NaN
S,6000,MWH20-499,KWH,I_TAX,PPS,HR,0.20925,0.21225,NaN,NaN
S,6000,MWH20-499,KWH,I_TAX,PPS,HU,0.20650000000000002,0.22385,NaN,NaN
S,6000,MWH20-499,KWH,I_TAX,PPS,IE,0.1626,0.15515,NaN,NaN
S,6000,MWH20-499,KWH,I_TAX,PPS,IS,0.06625,0.05625,NaN,e
S,6000,MWH20-499,KWH,I_TAX,PPS,IT,0.21944999999999998,0.2038,NaN,NaN
S,6000,MWH20-499,KWH,I_TAX,PPS,LT,0.20679999999999998,0.19685000000000002,NaN,NaN
S,6000,MWH20-499,KWH,I_TAX,PPS,LU,0.0929,0.098,NaN,NaN
S,6000,MWH20-499,KWH,I_TAX,PPS,LV,0.24085,0.2101,NaN,NaN
S,6000,MWH20-499,KWH,I_TAX,PPS,ME,0.22244999999999998,0.22175,NaN,NaN
S,6000,MWH20-499,KWH,I_TAX,PPS,MK,0.29259999999999997,0.2349,NaN,NaN
S,6000,MWH20-499,KWH,I_TAX,PPS,MT,0.2051,0.18180000000000002,NaN,NaN
S,6000,MWH20-499,KWH,I_TAX,PPS,NL,0.13415,0.13795,NaN,NaN
S,6000,MWH20-499,KWH,I_TAX,PPS,NO,0.07050000000000001,0.04425,NaN,NaN
S,6000,MWH20-499,KWH,I_TAX,PPS,PL,0.24214999999999998,0.2665,NaN,NaN
S,6000,MWH20-499,KWH,I_TAX,PPS,PT,0.2363,0.2034,NaN,NaN
S,6000,MWH20-499,KWH,I_TAX,PPS,RO,0.226,0.26605,NaN,NaN
S,6000,MWH20-499,KWH,I_TAX,PPS,RS,0.1925,0.21105000000000002,NaN,NaN
S,6000,MWH20-499,KWH,I_TAX,PPS,SE,0.0732,0.0769,NaN,NaN
S,6000,MWH20-499,KWH,I_TAX,PPS,SI,0.16095,0.1678,NaN,NaN
S,6000,MWH20-499,KWH,I_TAX,PPS,SK,0.248,0.2301,NaN,NaN
S,6000,MWH20-499,KWH,I_TAX,PPS,TR,0.18195,0.22105,NaN,NaN
S,6000,MWH20-499,KWH,I_TAX,PPS,UK,0.1575,,NaN,NaN
S,6000,MWH20-499,KWH,X_TAX,EUR,AL,,0.10364999999999999,NaN,e
S,6000,MWH20-499,KWH,X_TAX,EUR,AT,0.0886,0.1036,NaN,NaN
S,6000,MWH20-499,KWH,X_TAX,EUR,BA,0.0858,0.0884,NaN,NaN
S,6000,MWH20-499,KWH,X_TAX,EUR,BE,0.1199,0.11175,NaN,NaN
S,6000,MWH20-499,KWH,X_TAX,EUR,BG,0.0998,0.0934,NaN,NaN
S,6000,MWH20-499,KWH,X_TAX,EUR,CY,0.1301,0.12440000000000001,NaN,NaN
S,6000,MWH20-499,KWH,X_TAX,EUR,CZ,0.11555,0.1243,NaN,NaN
S,6000,MWH20-499,KWH,X_TAX,EUR,DE,0.0985,0.1004,NaN,NaN
S,6000,MWH20-499,KWH,X_TAX,EUR,DK,0.06664999999999999,0.07935,NaN,NaN
S,6000,MWH20-499,KWH,X_TAX,EUR,EA,0.1015,0.10139999999999999,NaN,NaN
S,6000,MWH20-499,KWH,X_TAX,EUR,EE,0.08055000000000001,0.078,NaN,NaN
S,6000,MWH20-499,KWH,X_TAX,EUR,EL,0.11495,0.1049,NaN,NaN
S,6000,MWH20-499,KWH,X_TAX,EUR,ES,0.1368,0.1,NaN,NaN
S,6000,MWH20-499,KWH,X_TAX,EUR,EU27_2020,0.09945,0.10025,NaN,NaN
S,6000,MWH20-499,KWH,X_TAX,EUR,FI,0.0766,0.08165,NaN,NaN
S,6000,MWH20-499,KWH,X_TAX,EUR,FR,0.08635,0.10495,NaN,NaN
S,6000,MWH20-499,KWH,X_TAX,EUR,GE,,0.05255,NaN,NaN
S,6000,MWH20-499,KWH,X_TAX,EUR,HR,0.1,0.10655,NaN,NaN
S,6000,MWH20-499,KWH,X_TAX,EUR,HU,0.0853,0.1017,NaN,NaN
S,6000,MWH20-499,KWH,X_TAX,EUR,IE,0.1407,0.15595,NaN,NaN
S,6000,MWH20-499,KWH,X_TAX,EUR,IS,0.07465,0.0716,NaN,NaN
S,6000,MWH20-499,KWH,X_TAX,EUR,IT,0.10205,0.0985,NaN,NaN
S,6000,MWH20-499,KWH,X_TAX,EUR,LI,,,NaN,NaN
S,6000,MWH20-499,KWH,X_TAX,EUR,LT,0.08685,0.09989999999999999,NaN,NaN
S,6000,MWH20-499,KWH,X_TAX,EUR,LU,0.0928,0.1,NaN,NaN
S,6000,MWH20-499,KWH,X_TAX,EUR,LV,0.10545,0.10314999999999999,NaN,NaN
S,6000,MWH20-499,KWH,X_TAX,EUR,MD,0.0852,0.0817,NaN,NaN
S,6000,MWH20-499,KWH,X_TAX,EUR,ME,0.09040000000000001,0.0833,NaN,NaN
S,6000,MWH20-499,KWH,X_TAX,EUR,MK,0.10275000000000001,0.09140000000000001,NaN,NaN
S,6000,MWH20-499,KWH,X_TAX,EUR,MT,0.15675,0.15034999999999998,NaN,NaN
S,6000,MWH20-499,KWH,X_TAX,EUR,NL,0.0796,0.08145,NaN,NaN
S,6000,MWH20-499,KWH,X_TAX,EUR,NO,0.0613,0.0407,NaN,NaN
S,6000,MWH20-499,KWH,X_TAX,EUR,PL,0.10205,0.10250000000000001,NaN,NaN
S,6000,MWH20-499,KWH,X_TAX,EUR,PT,0.1238,0.09964999999999999,NaN,NaN
S,6000,MWH20-499,KWH,X_TAX,EUR,RO,0.07865,0.10064999999999999,NaN,NaN
S,6000,MWH20-499,KWH,X_TAX,EUR,RS,0.0645,0.0861,NaN,NaN
S,6000,MWH20-499,KWH,X_TAX,EUR,SE,0.07344999999999999,0.07725,NaN,NaN
S,6000,MWH20-499,KWH,X_TAX,EUR,SI,0.08615,0.09815,NaN,NaN
S,6000,MWH20-499,KWH,X_TAX,EUR,SK,0.13024999999999998,0.12,NaN,NaN
S,6000,MWH20-499,KWH,X_TAX,EUR,TR,0.07450000000000001,0.0753,NaN,NaN
S,6000,MWH20-499,KWH,X_TAX,EUR,UA,,0.060200000000000004,NaN,NaN
S,6000,MWH20-499,KWH,X_TAX,EUR,UK,0.11195,,NaN,NaN
S,6000,MWH20-499,KWH,X_TAX,EUR,XK,0.0858,0.0785,NaN,NaN
S,6000,MWH20-499,KWH,X_TAX,NAC,AL,,12.83,NaN,e
S,6000,MWH20-499,KWH,X_TAX,NAC,AT,0.0886,0.1036,NaN,NaN
S,6000,MWH20-499,KWH,X_TAX,NAC,BA,0.16785,0.17285,NaN,NaN
S,6000,MWH20-499,KWH,X_TAX,NAC,BE,0.1199,0.11175,NaN,NaN
S,6000,MWH20-499,KWH,X_TAX,NAC,BG,0.19525,0.1827,NaN,NaN
S,6000,MWH20-499,KWH,X_TAX,NAC,CY,0.1301,0.12440000000000001,NaN,NaN
S,6000,MWH20-499,KWH,X_TAX,NAC,CZ,3.1237000000000004,3.2876000000000003,NaN,NaN
S,6000,MWH20-499,KWH,X_TAX,NAC,DE,0.0985,0.1004,NaN,NaN
S,6000,MWH20-499,KWH,X_TAX,NAC,DK,0.49634999999999996,0.59145,NaN,NaN
S,6000,MWH20-499,KWH,X_TAX,NAC,EA,0.1016,,NaN,NaN
S,6000,MWH20-499,KWH,X_TAX,NAC,EE,0.08055000000000001,0.078,NaN,NaN
S,6000,MWH20-499,KWH,X_TAX,NAC,EL,0.11495,0.1049,NaN,NaN
S,6000,MWH20-499,KWH,X_TAX,NAC,ES,0.1368,0.1,NaN,NaN
S,6000,MWH20-499,KWH,X_TAX,NAC,FI,0.0766,0.08165,NaN,NaN
S,6000,MWH20-499,KWH,X_TAX,NAC,FR,0.08635,0.10495,NaN,NaN
S,6000,MWH20-499,KWH,X_TAX,NAC,GE,,0.18580000000000002,NaN,NaN
S,6000,MWH20-499,KWH,X_TAX,NAC,HR,0.7538,0.80325,NaN,NaN
S,6000,MWH20-499,KWH,X_TAX,NAC,HU,26.5665,35.7074,NaN,NaN
S,6000,MWH20-499,KWH,X_TAX,NAC,IE,0.1407,0.15595,NaN,NaN
S,6000,MWH20-499,KWH,X_TAX,NAC,IS,9.9703,11.07,NaN,NaN
S,6000,MWH20-499,KWH,X_TAX,NAC,IT,0.10205,0.0985,NaN,NaN
S,6000,MWH20-499,KWH,X_TAX,NAC,LI,,,NaN,NaN
S,6000,MWH20-499,KWH,X_TAX,NAC,LT,0.08685,0.09989999999999999,NaN,NaN
S,6000,MWH20-499,KWH,X_TAX,NAC,LU,0.0928,0.1,NaN,NaN
S,6000,MWH20-499,KWH,X_TAX,NAC,LV,0.10545,0.10314999999999999,NaN,NaN
S,6000,MWH20-499,KWH,X_TAX,NAC,MD,1.87975,1.61215,NaN,NaN
S,6000,MWH20-499,KWH,X_TAX,NAC,ME,0.09040000000000001,0.0833,NaN,NaN
S,6000,MWH20-499,KWH,X_TAX,NAC,MK,6.33045,5.6387,NaN,NaN
S,6000,MWH20-499,KWH,X_TAX,NAC,MT,0.15675,0.15034999999999998,NaN,NaN
S,6000,MWH20-499,KWH,X_TAX,NAC,NL,0.0796,0.08145,NaN,NaN
S,6000,MWH20-499,KWH,X_TAX,NAC,NO,0.5689,0.43655,NaN,NaN
S,6000,MWH20-499,KWH,X_TAX,NAC,PL,0.44530000000000003,0.45535000000000003,NaN,NaN
S,6000,MWH20-499,KWH,X_TAX,NAC,PT,0.1238,0.09964999999999999,NaN,NaN
S,6000,MWH20-499,KWH,X_TAX,NAC,RO,0.3532,0.4871,NaN,NaN
S,6000,MWH20-499,KWH,X_TAX,NAC,RS,7.93665,10.1206,NaN,NaN
S,6000,MWH20-499,KWH,X_TAX,NAC,SE,0.6955,0.80945,NaN,NaN
S,6000,MWH20-499,KWH,X_TAX,NAC,SI,0.08615,0.09815,NaN,NaN
S,6000,MWH20-499,KWH,X_TAX,NAC,SK,0.13024999999999998,0.12,NaN,NaN
S,6000,MWH20-499,KWH,X_TAX,NAC,TR,0.24905,0.59955,NaN,NaN
S,6000,MWH20-499,KWH,X_TAX,NAC,UA,,1.84695,NaN,NaN
S,6000,MWH20-499,KWH,X_TAX,NAC,UK,0.0915,,NaN,NaN
S,6000,MWH20-499,KWH,X_TAX,NAC,XK,0.0858,0.0785,NaN,NaN
S,6000,MWH20-499,KWH,X_TAX,PPS,AL,,0.2017,NaN,e
S,6000,MWH20-499,KWH,X_TAX,PPS,AT,0.08305,0.0906,NaN,NaN
S,6000,MWH20-499,KWH,X_TAX,PPS,BA,0.1815,0.17254999999999998,NaN,NaN
S,6000,MWH20-499,KWH,X_TAX,PPS,BE,0.1115,0.10014999999999999,NaN,NaN
S,6000,MWH20-499,KWH,X_TAX,PPS,BG,0.21600000000000003,0.17335,NaN,NaN
S,6000,MWH20-499,KWH,X_TAX,PPS,CY,0.14715,0.13579999999999998,NaN,NaN
S,6000,MWH20-499,KWH,X_TAX,PPS,CZ,0.18145,0.1717,NaN,NaN
S,6000,MWH20-499,KWH,X_TAX,PPS,DE,0.0953,0.0909,NaN,NaN
S,6000,MWH20-499,KWH,X_TAX,PPS,DK,0.049699999999999994,0.0596,NaN,NaN
S,6000,MWH20-499,KWH,X_TAX,PPS,EA,0.099,0.09775,NaN,NaN
S,6000,MWH20-499,KWH,X_TAX,PPS,EE,0.11185,0.09725,NaN,NaN
S,6000,MWH20-499,KWH,X_TAX,PPS,EL,0.1393,0.1268,NaN,NaN
S,6000,MWH20-499,KWH,X_TAX,PPS,ES,0.1538,0.10655,NaN,NaN
S,6000,MWH20-499,KWH,X_TAX,PPS,EU27_2020,,0.10644999999999999,NaN,NaN
S,6000,MWH20-499,KWH,X_TAX,PPS,FI,0.06295,0.0646,NaN,NaN
S,6000,MWH20-499,KWH,X_TAX,PPS,FR,0.0786,0.09645,NaN,NaN
S,6000,MWH20-499,KWH,X_TAX,PPS,HR,0.15905000000000002,0.16525,NaN,NaN
S,6000,MWH20-499,KWH,X_TAX,PPS,HU,0.15155,0.16035,NaN,NaN
S,6000,MWH20-499,KWH,X_TAX,PPS,IE,0.12855,0.12924999999999998,NaN,NaN
S,6000,MWH20-499,KWH,X_TAX,PPS,IS,0.05325,0.0494,NaN,NaN
S,6000,MWH20-499,KWH,X_TAX,PPS,IT,0.10395,0.09915,NaN,NaN
S,6000,MWH20-499,KWH,X_TAX,PPS,LT,0.1447,0.14650000000000002,NaN,NaN
S,6000,MWH20-499,KWH,X_TAX,PPS,LU,0.07865,0.07730000000000001,NaN,NaN
S,6000,MWH20-499,KWH,X_TAX,PPS,LV,0.15875,0.13974999999999999,NaN,NaN
S,6000,MWH20-499,KWH,X_TAX,PPS,ME,0.18585000000000002,0.1652,NaN,NaN
S,6000,MWH20-499,KWH,X_TAX,PPS,MK,0.24795,0.19905,NaN,NaN
S,6000,MWH20-499,KWH,X_TAX,PPS,MT,0.19540000000000002,0.17145,NaN,NaN
S,6000,MWH20-499,KWH,X_TAX,PPS,NL,0.07355,0.0703,NaN,NaN
S,6000,MWH20-499,KWH,X_TAX,PPS,NO,0.04405,0.02885,NaN,NaN
S,6000,MWH20-499,KWH,X_TAX,PPS,PL,0.1884,0.16995,NaN,NaN
S,6000,MWH20-499,KWH,X_TAX,PPS,PT,0.15865,0.11715,NaN,NaN
S,6000,MWH20-499,KWH,X_TAX,PPS,RO,0.16115000000000002,0.1906,NaN,NaN
S,6000,MWH20-499,KWH,X_TAX,PPS,RS,0.14605,0.1619,NaN,NaN
S,6000,MWH20-499,KWH,X_TAX,PPS,SE,0.0581,0.061149999999999996,NaN,NaN
S,6000,MWH20-499,KWH,X_TAX,PPS,SI,0.10969999999999999,0.11675,NaN,NaN
S,6000,MWH20-499,KWH,X_TAX,PPS,SK,0.19979999999999998,0.14905000000000002,NaN,NaN
S,6000,MWH20-499,KWH,X_TAX,PPS,TR,0.14984999999999998,0.18235,NaN,NaN
S,6000,MWH20-499,KWH,X_TAX,PPS,UK,0.09920000000000001,,NaN,NaN
S,6000,MWH20-499,KWH,X_VAT,EUR,AL,,0.10364999999999999,NaN,e
S,6000,MWH20-499,KWH,X_VAT,EUR,AT,0.1221,0.13495000000000001,NaN,NaN
S,6000,MWH20-499,KWH,X_VAT,EUR,BA,0.0858,0.0907,NaN,NaN
S,6000,MWH20-499,KWH,X_VAT,EUR,BE,0.15339999999999998,0.15339999999999998,NaN,NaN
S,6000,MWH20-499,KWH,X_VAT,EUR,BG,0.10085,0.09445,NaN,NaN
S,6000,MWH20-499,KWH,X_VAT,EUR,CY,0.13905,0.1518,NaN,NaN
S,6000,MWH20-499,KWH,X_VAT,EUR,CZ,0.11655,0.1411,NaN,NaN
S,6000,MWH20-499,KWH,X_VAT,EUR,DE,0.1734,0.2024,NaN,NaN
S,6000,MWH20-499,KWH,X_VAT,EUR,DK,0.10015,0.0867,NaN,NaN
S,6000,MWH20-499,KWH,X_VAT,EUR,EA,0.1474,0.16165000000000002,NaN,NaN
S,6000,MWH20-499,KWH,X_VAT,EUR,EE,0.09465000000000001,0.0916,NaN,NaN
S,6000,MWH20-499,KWH,X_VAT,EUR,EL,0.1573,0.1431,NaN,NaN
S,6000,MWH20-499,KWH,X_VAT,EUR,ES,0.14384999999999998,0.14695,NaN,NaN
S,6000,MWH20-499,KWH,X_VAT,EUR,EU27_2020,0.13765,0.15095,NaN,NaN
S,6000,MWH20-499,KWH,X_VAT,EUR,FI,0.08360000000000001,0.08865,NaN,NaN
S,6000,MWH20-499,KWH,X_VAT,EUR,FR,0.11435000000000001,0.13455,NaN,NaN
S,6000,MWH20-499,KWH,X_VAT,EUR,GE,,0.05255,NaN,NaN
S,6000,MWH20-499,KWH,X_VAT,EUR,HR,0.1053,0.1211,NaN,NaN
S,6000,MWH20-499,KWH,X_VAT,EUR,HU,0.09295,0.11425,NaN,NaN
S,6000,MWH20-499,KWH,X_VAT,EUR,IE,0.1565,0.16535,NaN,NaN
S,6000,MWH20-499,KWH,X_VAT,EUR,IS,0.0769,0.07325000000000001,NaN,NaN
S,6000,MWH20-499,KWH,X_VAT,EUR,IT,0.18059999999999998,0.16995,NaN,NaN
S,6000,MWH20-499,KWH,X_VAT,EUR,LI,,,NaN,NaN
S,6000,MWH20-499,KWH,X_VAT,EUR,LT,0.10250000000000001,0.10985,NaN,NaN
S,6000,MWH20-499,KWH,X_VAT,EUR,LU,0.10139999999999999,0.1168,NaN,NaN
S,6000,MWH20-499,KWH,X_VAT,EUR,LV,0.13225,0.1282,NaN,NaN
S,6000,MWH20-499,KWH,X_VAT,EUR,MD,0.0852,0.0817,NaN,NaN
S,6000,MWH20-499,KWH,X_VAT,EUR,ME,0.09040000000000001,0.09265000000000001,NaN,NaN
S,6000,MWH20-499,KWH,X_VAT,EUR,MK,0.10275000000000001,0.09140000000000001,NaN,NaN
S,6000,MWH20-499,KWH,X_VAT,EUR,MT,0.15675,0.15184999999999998,NaN,NaN
S,6000,MWH20-499,KWH,X_VAT,EUR,NL,0.12005,0.132,NaN,NaN
S,6000,MWH20-499,KWH,X_VAT,EUR,NO,0.0785,0.05,NaN,NaN
S,6000,MWH20-499,KWH,X_VAT,EUR,PL,0.10665,0.13065,NaN,NaN
S,6000,MWH20-499,KWH,X_VAT,EUR,PT,0.1499,0.14195,NaN,NaN
S,6000,MWH20-499,KWH,X_VAT,EUR,RO,0.0915,0.1181,NaN,NaN
S,6000,MWH20-499,KWH,X_VAT,EUR,RS,0.0708,0.0935,NaN,NaN
S,6000,MWH20-499,KWH,X_VAT,EUR,SE,0.07394999999999999,0.07769999999999999,NaN,NaN
S,6000,MWH20-499,KWH,X_VAT,EUR,SI,0.10364999999999999,0.11560000000000001,NaN,NaN
S,6000,MWH20-499,KWH,X_VAT,EUR,SK,0.13474999999999998,0.15439999999999998,NaN,NaN
S,6000,MWH20-499,KWH,X_VAT,EUR,TR,0.07669999999999999,0.0772,NaN,NaN
S,6000,MWH20-499,KWH,X_VAT,EUR,UA,,0.060200000000000004,NaN,NaN
S,6000,MWH20-499,KWH,X_VAT,EUR,UK,0.14805000000000001,,NaN,NaN
S,6000,MWH20-499,KWH,X_VAT,EUR,XK,0.0921,0.08215,NaN,NaN
S,6000,MWH20-499,KWH,X_VAT,NAC,AL,,12.83,NaN,e
S,6000,MWH20-499,KWH,X_VAT,NAC,AT,0.1221,0.13495000000000001,NaN,NaN
S,6000,MWH20-499,KWH,X_VAT,NAC,BA,0.16785,0.1774,NaN,NaN
S,6000,MWH20-499,KWH,X_VAT,NAC,BE,0.15339999999999998,0.15339999999999998,NaN,NaN
S,6000,MWH20-499,KWH,X_VAT,NAC,BG,0.19724999999999998,0.1847,NaN,NaN
S,6000,MWH20-499,KWH,X_VAT,NAC,CY,0.13905,0.1518,NaN,NaN
S,6000,MWH20-499,KWH,X_VAT,NAC,CZ,3.152,3.7336,NaN,NaN
S,6000,MWH20-499,KWH,X_VAT,NAC,DE,0.1734,0.2024,NaN,NaN
S,6000,MWH20-499,KWH,X_VAT,NAC,DK,0.7457,0.6463,NaN,NaN
S,6000,MWH20-499,KWH,X_VAT,NAC,EA,0.14755000000000001,,NaN,NaN
S,6000,MWH20-499,KWH,X_VAT,NAC,EE,0.09465000000000001,0.0916,NaN,NaN
S,6000,MWH20-499,KWH,X_VAT,NAC,EL,0.1573,0.1431,NaN,NaN
S,6000,MWH20-499,KWH,X_VAT,NAC,ES,0.14384999999999998,0.14695,NaN,NaN
S,6000,MWH20-499,KWH,X_VAT,NAC,FI,0.08360000000000001,0.08865,NaN,NaN
S,6000,MWH20-499,KWH,X_VAT,NAC,FR,0.11435000000000001,0.13455,NaN,NaN
S,6000,MWH20-499,KWH,X_VAT,NAC,GE,,0.18580000000000002,NaN,NaN
S,6000,MWH20-499,KWH,X_VAT,NAC,HR,0.79355,0.9131,NaN,NaN
S,6000,MWH20-499,KWH,X_VAT,NAC,HU,28.947,40.126000000000005,NaN,NaN
S,6000,MWH20-499,KWH,X_VAT,NAC,IE,0.1565,0.16535,NaN,NaN
S,6000,MWH20-499,KWH,X_VAT,NAC,IS,10.27045,11.315,NaN,NaN
S,6000,MWH20-499,KWH,X_VAT,NAC,IT,0.18059999999999998,0.16995,NaN,NaN
S,6000,MWH20-499,KWH,X_VAT,NAC,LI,,,NaN,NaN
S,6000,MWH20-499,KWH,X_VAT,NAC,LT,0.10250000000000001,0.10985,NaN,NaN
S,6000,MWH20-499,KWH,X_VAT,NAC,LU,0.10139999999999999,0.1168,NaN,NaN
S,6000,MWH20-499,KWH,X_VAT,NAC,LV,0.13225,0.1282,NaN,NaN
S,6000,MWH20-499,KWH,X_VAT,NAC,MD,1.87975,1.61215,NaN,NaN
S,6000,MWH20-499,KWH,X_VAT,NAC,ME,0.09040000000000001,0.09265000000000001,NaN,NaN
S,6000,MWH20-499,KWH,X_VAT,NAC,MK,6.33045,5.6387,NaN,NaN
S,6000,MWH20-499,KWH,X_VAT,NAC,MT,0.15675,0.15184999999999998,NaN,NaN
S,6000,MWH20-499,KWH,X_VAT,NAC,NL,0.12005,0.132,NaN,NaN
S,6000,MWH20-499,KWH,X_VAT,NAC,NO,0.7289,0.5361,NaN,NaN
S,6000,MWH20-499,KWH,X_VAT,NAC,PL,0.4653,0.58055,NaN,NaN
S,6000,MWH20-499,KWH,X_VAT,NAC,PT,0.1499,0.14195,NaN,NaN
S,6000,MWH20-499,KWH,X_VAT,NAC,RO,0.41090000000000004,0.57135,NaN,NaN
S,6000,MWH20-499,KWH,X_VAT,NAC,RS,8.7158,10.99295,NaN,NaN
S,6000,MWH20-499,KWH,X_VAT,NAC,SE,0.7005,0.81445,NaN,NaN
S,6000,MWH20-499,KWH,X_VAT,NAC,SI,0.10364999999999999,0.11560000000000001,NaN,NaN
S,6000,MWH20-499,KWH,X_VAT,NAC,SK,0.13474999999999998,0.15439999999999998,NaN,NaN
S,6000,MWH20-499,KWH,X_VAT,NAC,TR,0.25635,0.6144000000000001,NaN,NaN
S,6000,MWH20-499,KWH,X_VAT,NAC,UA,,1.84695,NaN,NaN
S,6000,MWH20-499,KWH,X_VAT,NAC,UK,0.12104999999999999,,NaN,NaN
S,6000,MWH20-499,KWH,X_VAT,NAC,XK,0.0921,0.08215,NaN,NaN
S,6000,MWH20-499,KWH,X_VAT,PPS,AL,,0.2017,NaN,e
S,6000,MWH20-499,KWH,X_VAT,PPS,AT,0.1144,0.11805,NaN,NaN
S,6000,MWH20-499,KWH,X_VAT,PPS,BA,0.1815,0.1771,NaN,NaN
S,6000,MWH20-499,KWH,X_VAT,PPS,BE,0.1427,0.1375,NaN,NaN
S,6000,MWH20-499,KWH,X_VAT,PPS,BG,0.2182,0.17525000000000002,NaN,NaN
S,6000,MWH20-499,KWH,X_VAT,PPS,CY,0.15725,0.16575,NaN,NaN
S,6000,MWH20-499,KWH,X_VAT,PPS,CZ,0.18305,0.195,NaN,NaN
S,6000,MWH20-499,KWH,X_VAT,PPS,DE,0.16770000000000002,0.1832,NaN,NaN
S,6000,MWH20-499,KWH,X_VAT,PPS,DK,0.0746,0.06509999999999999,NaN,NaN
S,6000,MWH20-499,KWH,X_VAT,PPS,EA,0.1438,0.15510000000000002,NaN,NaN
S,6000,MWH20-499,KWH,X_VAT,PPS,EE,0.13145,0.11415,NaN,NaN
S,6000,MWH20-499,KWH,X_VAT,PPS,EL,0.1906,0.173,NaN,NaN
S,6000,MWH20-499,KWH,X_VAT,PPS,ES,0.1617,0.1565,NaN,NaN
S,6000,MWH20-499,KWH,X_VAT,PPS,EU27_2020,,0.1567,NaN,NaN
S,6000,MWH20-499,KWH,X_VAT,PPS,FI,0.06875,0.0701,NaN,NaN
S,6000,MWH20-499,KWH,X_VAT,PPS,FR,0.1041,0.12359999999999999,NaN,NaN
S,6000,MWH20-499,KWH,X_VAT,PPS,HR,0.16745,0.18785000000000002,NaN,NaN
S,6000,MWH20-499,KWH,X_VAT,PPS,HU,0.1651,0.18015,NaN,NaN
S,6000,MWH20-499,KWH,X_VAT,PPS,IE,0.14305,0.137,NaN,NaN
S,6000,MWH20-499,KWH,X_VAT,PPS,IS,0.054849999999999996,0.0505,NaN,NaN
S,6000,MWH20-499,KWH,X_VAT,PPS,IT,0.184,0.17104999999999998,NaN,NaN
S,6000,MWH20-499,KWH,X_VAT,PPS,LT,0.17075,0.16115000000000002,NaN,NaN
S,6000,MWH20-499,KWH,X_VAT,PPS,LU,0.08595,0.09029999999999999,NaN,NaN
S,6000,MWH20-499,KWH,X_VAT,PPS,LV,0.19905,0.17365,NaN,NaN
S,6000,MWH20-499,KWH,X_VAT,PPS,ME,0.18585000000000002,0.1837,NaN,NaN
S,6000,MWH20-499,KWH,X_VAT,PPS,MK,0.24795,0.19905,NaN,NaN
S,6000,MWH20-499,KWH,X_VAT,PPS,MT,0.19540000000000002,0.17315,NaN,NaN
S,6000,MWH20-499,KWH,X_VAT,PPS,NL,0.1109,0.11395,NaN,NaN
S,6000,MWH20-499,KWH,X_VAT,PPS,NO,0.0564,0.0354,NaN,NaN
S,6000,MWH20-499,KWH,X_VAT,PPS,PL,0.1969,0.21665,NaN,NaN
S,6000,MWH20-499,KWH,X_VAT,PPS,PT,0.1921,0.16685,NaN,NaN
S,6000,MWH20-499,KWH,X_VAT,PPS,RO,0.18745,0.22355,NaN,NaN
S,6000,MWH20-499,KWH,X_VAT,PPS,RS,0.1604,0.17585,NaN,NaN
S,6000,MWH20-499,KWH,X_VAT,PPS,SE,0.058550000000000005,0.06155,NaN,NaN
S,6000,MWH20-499,KWH,X_VAT,PPS,SI,0.132,0.1375,NaN,NaN
S,6000,MWH20-499,KWH,X_VAT,PPS,SK,0.2067,0.1918,NaN,NaN
S,6000,MWH20-499,KWH,X_VAT,PPS,TR,0.15425,0.18685000000000002,NaN,NaN
S,6000,MWH20-499,KWH,X_VAT,PPS,UK,0.13125,,NaN,NaN
S,6000,MWH2000-19999,KWH,I_TAX,EUR,AL,,0.1244,NaN,e
S,6000,MWH2000-19999,KWH,I_TAX,EUR,AT,0.10185,0.1197,NaN,NaN
S,6000,MWH2000-19999,KWH,I_TAX,EUR,BA,0.07225,0.082,NaN,NaN
S,6000,MWH2000-19999,KWH,I_TAX,EUR,BE,0.11604999999999999,0.11925,NaN,NaN
S,6000,MWH2000-19999,KWH,I_TAX,EUR,BG,0.0879,0.09425,NaN,NaN
S,6000,MWH2000-19999,KWH,I_TAX,EUR,CY,0.12514999999999998,0.15860000000000002,NaN,NaN
S,6000,MWH2000-19999,KWH,I_TAX,EUR,CZ,0.07669999999999999,0.0986,NaN,NaN
S,6000,MWH2000-19999,KWH,I_TAX,EUR,DE,0.16985,0.1911,NaN,NaN
S,6000,MWH2000-19999,KWH,I_TAX,EUR,DK,0.2647,0.2323,NaN,NaN
S,6000,MWH2000-19999,KWH,I_TAX,EUR,EA,0.1278,0.13655,NaN,NaN
S,6000,MWH2000-19999,KWH,I_TAX,EUR,EE,0.09684999999999999,0.09035,NaN,NaN
S,6000,MWH2000-19999,KWH,I_TAX,EUR,EL,0.10125,0.0974,NaN,NaN
S,6000,MWH2000-19999,KWH,I_TAX,EUR,ES,0.10685,0.10164999999999999,NaN,NaN
S,6000,MWH2000-19999,KWH,I_TAX,EUR,EU27_2020,0.12104999999999999,0.13175,NaN,NaN
S,6000,MWH2000-19999,KWH,I_TAX,EUR,FI,0.0817,0.0851,NaN,NaN
S,6000,MWH2000-19999,KWH,I_TAX,EUR,FR,0.09204999999999999,0.099,NaN,NaN
S,6000,MWH2000-19999,KWH,I_TAX,EUR,GE,,0.05035,NaN,NaN
S,6000,MWH2000-19999,KWH,I_TAX,EUR,HR,0.0965,0.1067,NaN,NaN
S,6000,MWH2000-19999,KWH,I_TAX,EUR,HU,0.0942,0.11085,NaN,NaN
S,6000,MWH2000-19999,KWH,I_TAX,EUR,IE,0.11275,0.11545,NaN,NaN
S,6000,MWH2000-19999,KWH,I_TAX,EUR,IS,0.0619,0.0545,NaN,e
S,6000,MWH2000-19999,KWH,I_TAX,EUR,IT,0.15915,0.14529999999999998,NaN,NaN
S,6000,MWH2000-19999,KWH,I_TAX,EUR,LI,,,NaN,NaN
S,6000,MWH2000-19999,KWH,I_TAX,EUR,LT,0.09845000000000001,0.1026,NaN,NaN
S,6000,MWH2000-19999,KWH,I_TAX,EUR,LU,0.058499999999999996,0.07125000000000001,NaN,NaN
S,6000,MWH2000-19999,KWH,I_TAX,EUR,LV,0.12985000000000002,0.10485,NaN,NaN
S,6000,MWH2000-19999,KWH,I_TAX,EUR,MD,0.08335000000000001,0.08685000000000001,NaN,NaN
S,6000,MWH2000-19999,KWH,I_TAX,EUR,ME,0.0767,0.07955000000000001,NaN,NaN
S,6000,MWH2000-19999,KWH,I_TAX,EUR,MK,0.07289999999999999,0.085,NaN,NaN
S,6000,MWH2000-19999,KWH,I_TAX,EUR,MT,0.1288,0.12425,NaN,NaN
S,6000,MWH2000-19999,KWH,I_TAX,EUR,NL,0.0932,0.11854999999999999,NaN,NaN
S,6000,MWH2000-19999,KWH,I_TAX,EUR,NO,0.081,0.049100000000000005,NaN,NaN
S,6000,MWH2000-19999,KWH,I_TAX,EUR,PL,0.08775,0.1195,NaN,NaN
S,6000,MWH2000-19999,KWH,I_TAX,EUR,PT,0.12585000000000002,0.12405,NaN,NaN
S,6000,MWH2000-19999,KWH,I_TAX,EUR,RO,0.0842,0.11610000000000001,NaN,NaN
S,6000,MWH2000-19999,KWH,I_TAX,EUR,RS,0.06359999999999999,0.08875,NaN,NaN
S,6000,MWH2000-19999,KWH,I_TAX,EUR,SE,0.06805,0.06445000000000001,NaN,NaN
S,6000,MWH2000-19999,KWH,I_TAX,EUR,SI,0.08710000000000001,0.10445,NaN,NaN
S,6000,MWH2000-19999,KWH,I_TAX,EUR,SK,0.1179,0.1488,NaN,NaN
S,6000,MWH2000-19999,KWH,I_TAX,EUR,TR,0.07825,0.07719999999999999,NaN,NaN
S,6000,MWH2000-19999,KWH,I_TAX,EUR,UA,0.06485,0.06670000000000001,p,NaN
S,6000,MWH2000-19999,KWH,I_TAX,EUR,UK,0.14679999999999999,,NaN,NaN
S,6000,MWH2000-19999,KWH,I_TAX,EUR,XK,0.0761,0.06645000000000001,NaN,NaN
S,6000,MWH2000-19999,KWH,I_TAX,NAC,AL,,15.396,NaN,e
S,6000,MWH2000-19999,KWH,I_TAX,NAC,AT,0.10185,0.1197,NaN,NaN
S,6000,MWH2000-19999,KWH,I_TAX,NAC,BA,0.14129999999999998,0.16035,NaN,NaN
S,6000,MWH2000-19999,KWH,I_TAX,NAC,BE,0.11604999999999999,0.11925,NaN,NaN
S,6000,MWH2000-19999,KWH,I_TAX,NAC,BG,0.17195,0.18430000000000002,NaN,NaN
S,6000,MWH2000-19999,KWH,I_TAX,NAC,CY,0.12514999999999998,0.15860000000000002,NaN,NaN
S,6000,MWH2000-19999,KWH,I_TAX,NAC,CZ,2.0734,2.6087,NaN,NaN
S,6000,MWH2000-19999,KWH,I_TAX,NAC,DE,0.16985,0.1911,NaN,NaN
S,6000,MWH2000-19999,KWH,I_TAX,NAC,DK,1.97075,1.7317,NaN,NaN
S,6000,MWH2000-19999,KWH,I_TAX,NAC,EA,0.128,,NaN,NaN
S,6000,MWH2000-19999,KWH,I_TAX,NAC,EE,0.09684999999999999,0.09035,NaN,NaN
S,6000,MWH2000-19999,KWH,I_TAX,NAC,EL,0.10125,0.0974,NaN,NaN
S,6000,MWH2000-19999,KWH,I_TAX,NAC,ES,0.10685,0.10164999999999999,NaN,NaN
S,6000,MWH2000-19999,KWH,I_TAX,NAC,FI,0.0817,0.0851,NaN,NaN
S,6000,MWH2000-19999,KWH,I_TAX,NAC,FR,0.09204999999999999,0.099,NaN,NaN
S,6000,MWH2000-19999,KWH,I_TAX,NAC,GE,,0.17795,NaN,NaN
S,6000,MWH2000-19999,KWH,I_TAX,NAC,HR,0.7271000000000001,0.8045,NaN,NaN
S,6000,MWH2000-19999,KWH,I_TAX,NAC,HU,29.3442,38.9159,NaN,NaN
S,6000,MWH2000-19999,KWH,I_TAX,NAC,IE,0.11275,0.11545,NaN,NaN
S,6000,MWH2000-19999,KWH,I_TAX,NAC,IS,8.350200000000001,8.415,NaN,e
S,6000,MWH2000-19999,KWH,I_TAX,NAC,IT,0.15915,0.14529999999999998,NaN,NaN
S,6000,MWH2000-19999,KWH,I_TAX,NAC,LI,,,NaN,NaN
S,6000,MWH2000-19999,KWH,I_TAX,NAC,LT,0.09845000000000001,0.1026,NaN,NaN
S,6000,MWH2000-19999,KWH,I_TAX,NAC,LU,0.058499999999999996,0.07125000000000001,NaN,NaN
S,6000,MWH2000-19999,KWH,I_TAX,NAC,LV,0.12985000000000002,0.10485,NaN,NaN
S,6000,MWH2000-19999,KWH,I_TAX,NAC,MD,1.83805,1.71375,NaN,NaN
S,6000,MWH2000-19999,KWH,I_TAX,NAC,ME,0.0767,0.07955000000000001,NaN,NaN
S,6000,MWH2000-19999,KWH,I_TAX,NAC,MK,4.490550000000001,5.2423,NaN,NaN
S,6000,MWH2000-19999,KWH,I_TAX,NAC,MT,0.1288,0.12425,NaN,NaN
S,6000,MWH2000-19999,KWH,I_TAX,NAC,NL,0.0932,0.11854999999999999,NaN,NaN
S,6000,MWH2000-19999,KWH,I_TAX,NAC,NO,0.75205,0.5267999999999999,NaN,NaN
S,6000,MWH2000-19999,KWH,I_TAX,NAC,PL,0.3829,0.5307999999999999,NaN,NaN
S,6000,MWH2000-19999,KWH,I_TAX,NAC,PT,0.12585000000000002,0.12405,NaN,NaN
S,6000,MWH2000-19999,KWH,I_TAX,NAC,RO,0.37815,0.5617,NaN,NaN
S,6000,MWH2000-19999,KWH,I_TAX,NAC,RS,7.8268,10.4392,NaN,NaN
S,6000,MWH2000-19999,KWH,I_TAX,NAC,SE,0.6443,0.67505,NaN,NaN
S,6000,MWH2000-19999,KWH,I_TAX,NAC,SI,0.08710000000000001,0.10445,NaN,NaN
S,6000,MWH2000-19999,KWH,I_TAX,NAC,SK,0.1179,0.1488,NaN,NaN
S,6000,MWH2000-19999,KWH,I_TAX,NAC,TR,0.2615,0.61425,NaN,NaN
S,6000,MWH2000-19999,KWH,I_TAX,NAC,UA,1.835,2.04805,p,NaN
S,6000,MWH2000-19999,KWH,I_TAX,NAC,UK,0.12,,NaN,NaN
S,6000,MWH2000-19999,KWH,I_TAX,NAC,XK,0.0761,0.06645000000000001,NaN,NaN
S,6000,MWH2000-19999,KWH,I_TAX,PPS,AL,,0.2421,NaN,e
S,6000,MWH2000-19999,KWH,I_TAX,PPS,AT,0.0954,0.1047,NaN,NaN
S,6000,MWH2000-19999,KWH,I_TAX,PPS,BA,0.1528,0.16005,NaN,NaN
S,6000,MWH2000-19999,KWH,I_TAX,PPS,BE,0.1079,0.1069,NaN,NaN
S,6000,MWH2000-19999,KWH,I_TAX,PPS,BG,0.19025,0.17485,NaN,NaN
S,6000,MWH2000-19999,KWH,I_TAX,PPS,CY,0.14150000000000001,0.17315,NaN,NaN
S,6000,MWH2000-19999,KWH,I_TAX,PPS,CZ,0.12045,0.1363,NaN,NaN
S,6000,MWH2000-19999,KWH,I_TAX,PPS,DE,0.16425,0.17295,NaN,NaN
S,6000,MWH2000-19999,KWH,I_TAX,PPS,DK,0.19715,0.17445,NaN,NaN
S,6000,MWH2000-19999,KWH,I_TAX,PPS,EA,0.12475,0.1306,NaN,NaN
S,6000,MWH2000-19999,KWH,I_TAX,PPS,EE,0.13445000000000001,0.1126,NaN,NaN
S,6000,MWH2000-19999,KWH,I_TAX,PPS,EL,0.1227,0.11775,NaN,NaN
S,6000,MWH2000-19999,KWH,I_TAX,PPS,ES,0.12015,0.10825,NaN,NaN
S,6000,MWH2000-19999,KWH,I_TAX,PPS,EU27_2020,,0.1364,NaN,NaN
S,6000,MWH2000-19999,KWH,I_TAX,PPS,FI,0.06720000000000001,0.0673,NaN,NaN
S,6000,MWH2000-19999,KWH,I_TAX,PPS,FR,0.0838,0.09095,NaN,NaN
S,6000,MWH2000-19999,KWH,I_TAX,PPS,HR,0.15339999999999998,0.1655,NaN,NaN
S,6000,MWH2000-19999,KWH,I_TAX,PPS,HU,0.16735,0.17475,NaN,NaN
S,6000,MWH2000-19999,KWH,I_TAX,PPS,IE,0.10305,0.09565000000000001,NaN,NaN
S,6000,MWH2000-19999,KWH,I_TAX,PPS,IS,0.0446,0.03755,NaN,e
S,6000,MWH2000-19999,KWH,I_TAX,PPS,IT,0.16215000000000002,0.14629999999999999,NaN,NaN
S,6000,MWH2000-19999,KWH,I_TAX,PPS,LT,0.16405,0.15050000000000002,NaN,NaN
S,6000,MWH2000-19999,KWH,I_TAX,PPS,LU,0.049600000000000005,0.0551,NaN,NaN
S,6000,MWH2000-19999,KWH,I_TAX,PPS,LV,0.19545,0.14205,NaN,NaN
S,6000,MWH2000-19999,KWH,I_TAX,PPS,ME,0.1577,0.1577,NaN,NaN
S,6000,MWH2000-19999,KWH,I_TAX,PPS,MK,0.1758,0.18505,NaN,NaN
S,6000,MWH2000-19999,KWH,I_TAX,PPS,MT,0.16055,0.14165,NaN,NaN
S,6000,MWH2000-19999,KWH,I_TAX,PPS,NL,0.08615,0.10235,NaN,NaN
S,6000,MWH2000-19999,KWH,I_TAX,PPS,NO,0.0582,0.03475,NaN,NaN
S,6000,MWH2000-19999,KWH,I_TAX,PPS,PL,0.162,0.1981,NaN,NaN
S,6000,MWH2000-19999,KWH,I_TAX,PPS,PT,0.1613,0.1458,NaN,NaN
S,6000,MWH2000-19999,KWH,I_TAX,PPS,RO,0.17254999999999998,0.2198,NaN,NaN
S,6000,MWH2000-19999,KWH,I_TAX,PPS,RS,0.14405,0.16699999999999998,NaN,NaN
S,6000,MWH2000-19999,KWH,I_TAX,PPS,SE,0.053849999999999995,0.05105,NaN,NaN
S,6000,MWH2000-19999,KWH,I_TAX,PPS,SI,0.1109,0.1242,NaN,NaN
S,6000,MWH2000-19999,KWH,I_TAX,PPS,SK,0.1809,0.18485000000000001,NaN,NaN
S,6000,MWH2000-19999,KWH,I_TAX,PPS,TR,0.1573,0.18685000000000002,NaN,NaN
S,6000,MWH2000-19999,KWH,I_TAX,PPS,UK,0.13015,,NaN,NaN
S,6000,MWH2000-19999,KWH,X_TAX,EUR,AL,,0.10364999999999999,NaN,e
S,6000,MWH2000-19999,KWH,X_TAX,EUR,AT,0.05695,0.0726,NaN,NaN
S,6000,MWH2000-19999,KWH,X_TAX,EUR,BA,0.06175,0.06820000000000001,NaN,NaN
S,6000,MWH2000-19999,KWH,X_TAX,EUR,BE,0.07680000000000001,0.07155,NaN,NaN
S,6000,MWH2000-19999,KWH,X_TAX,EUR,BG,0.07225,0.0775,NaN,NaN
S,6000,MWH2000-19999,KWH,X_TAX,EUR,CY,0.09705,0.10944999999999999,NaN,NaN
S,6000,MWH2000-19999,KWH,X_TAX,EUR,CZ,0.062299999999999994,0.0716,NaN,NaN
S,6000,MWH2000-19999,KWH,X_TAX,EUR,DE,0.0674,0.07185,NaN,NaN
S,6000,MWH2000-19999,KWH,X_TAX,EUR,DK,0.06025,0.059649999999999995,NaN,NaN
S,6000,MWH2000-19999,KWH,X_TAX,EUR,EA,0.07050000000000001,0.0722,NaN,NaN
S,6000,MWH2000-19999,KWH,X_TAX,EUR,EE,0.06665,0.06185,NaN,NaN
S,6000,MWH2000-19999,KWH,X_TAX,EUR,EL,0.0721,0.07214999999999999,NaN,NaN
S,6000,MWH2000-19999,KWH,X_TAX,EUR,ES,0.08395,0.06505,NaN,NaN
S,6000,MWH2000-19999,KWH,X_TAX,EUR,EU27_2020,0.0689,0.07139999999999999,NaN,NaN
S,6000,MWH2000-19999,KWH,X_TAX,EUR,FI,0.05885,0.0616,NaN,NaN
S,6000,MWH2000-19999,KWH,X_TAX,EUR,FR,0.060950000000000004,0.06864999999999999,NaN,NaN
S,6000,MWH2000-19999,KWH,X_TAX,EUR,GE,,0.04265,NaN,NaN
S,6000,MWH2000-19999,KWH,X_TAX,EUR,HR,0.0726,0.0807,NaN,NaN
S,6000,MWH2000-19999,KWH,X_TAX,EUR,HU,0.06795,0.07715,NaN,NaN
S,6000,MWH2000-19999,KWH,X_TAX,EUR,IE,0.09285,0.0977,NaN,NaN
S,6000,MWH2000-19999,KWH,X_TAX,EUR,IS,0.05025,0.0484,NaN,NaN
S,6000,MWH2000-19999,KWH,X_TAX,EUR,IT,0.0791,0.08245,NaN,NaN
S,6000,MWH2000-19999,KWH,X_TAX,EUR,LI,,,NaN,NaN
S,6000,MWH2000-19999,KWH,X_TAX,EUR,LT,0.0658,0.07385,NaN,NaN
S,6000,MWH2000-19999,KWH,X_TAX,EUR,LU,0.05145,0.0602,NaN,NaN
S,6000,MWH2000-19999,KWH,X_TAX,EUR,LV,0.0805,0.06805,NaN,NaN
S,6000,MWH2000-19999,KWH,X_TAX,EUR,MD,0.074,0.07344999999999999,NaN,NaN
S,6000,MWH2000-19999,KWH,X_TAX,EUR,ME,0.06425,0.06155,NaN,NaN
S,6000,MWH2000-19999,KWH,X_TAX,EUR,MK,0.0618,0.07205,NaN,NaN
S,6000,MWH2000-19999,KWH,X_TAX,EUR,MT,0.1227,0.11685000000000001,NaN,NaN
S,6000,MWH2000-19999,KWH,X_TAX,EUR,NL,0.06135,0.06355,NaN,NaN
S,6000,MWH2000-19999,KWH,X_TAX,EUR,NO,0.04755,0.0303,NaN,NaN
S,6000,MWH2000-19999,KWH,X_TAX,EUR,PL,0.06675,0.07025,NaN,NaN
S,6000,MWH2000-19999,KWH,X_TAX,EUR,PT,0.0858,0.07205,NaN,NaN
S,6000,MWH2000-19999,KWH,X_TAX,EUR,RO,0.057499999999999996,0.0807,NaN,NaN
S,6000,MWH2000-19999,KWH,X_TAX,EUR,RS,0.04815,0.0679,NaN,NaN
S,6000,MWH2000-19999,KWH,X_TAX,EUR,SE,0.053849999999999995,0.0511,NaN,NaN
S,6000,MWH2000-19999,KWH,X_TAX,EUR,SI,0.05935,0.0733,NaN,NaN
S,6000,MWH2000-19999,KWH,X_TAX,EUR,SK,0.09375,0.0896,NaN,NaN
S,6000,MWH2000-19999,KWH,X_TAX,EUR,TR,0.06420000000000001,0.06315,NaN,NaN
S,6000,MWH2000-19999,KWH,X_TAX,EUR,UA,0.05355,0.0556,NaN,NaN
S,6000,MWH2000-19999,KWH,X_TAX,EUR,UK,0.09140000000000001,,NaN,NaN
S,6000,MWH2000-19999,KWH,X_TAX,EUR,XK,0.06409999999999999,0.0579,NaN,NaN
S,6000,MWH2000-19999,KWH,X_TAX,NAC,AL,,12.83,NaN,e
S,6000,MWH2000-19999,KWH,X_TAX,NAC,AT,0.05695,0.0726,NaN,NaN
S,6000,MWH2000-19999,KWH,X_TAX,NAC,BA,0.12075,0.13335000000000002,NaN,NaN
S,6000,MWH2000-19999,KWH,X_TAX,NAC,BE,0.07680000000000001,0.07155,NaN,NaN
S,6000,MWH2000-19999,KWH,X_TAX,NAC,BG,0.14129999999999998,0.15155,NaN,NaN
S,6000,MWH2000-19999,KWH,X_TAX,NAC,CY,0.09705,0.10944999999999999,NaN,NaN
S,6000,MWH2000-19999,KWH,X_TAX,NAC,CZ,1.68525,1.89535,NaN,NaN
S,6000,MWH2000-19999,KWH,X_TAX,NAC,DE,0.0674,0.07185,NaN,NaN
S,6000,MWH2000-19999,KWH,X_TAX,NAC,DK,0.4485,0.4445,NaN,NaN
S,6000,MWH2000-19999,KWH,X_TAX,NAC,EA,0.07050000000000001,,NaN,NaN
S,6000,MWH2000-19999,KWH,X_TAX,NAC,EE,0.06665,0.06185,NaN,NaN
S,6000,MWH2000-19999,KWH,X_TAX,NAC,EL,0.0721,0.07214999999999999,NaN,NaN
S,6000,MWH2000-19999,KWH,X_TAX,NAC,ES,0.08395,0.06505,NaN,NaN
S,6000,MWH2000-19999,KWH,X_TAX,NAC,FI,0.05885,0.0616,NaN,NaN
S,6000,MWH2000-19999,KWH,X_TAX,NAC,FR,0.060950000000000004,0.06864999999999999,NaN,NaN
S,6000,MWH2000-19999,KWH,X_TAX,NAC,GE,,0.1508,NaN,NaN
S,6000,MWH2000-19999,KWH,X_TAX,NAC,HR,0.5469999999999999,0.6087,NaN,NaN
S,6000,MWH2000-19999,KWH,X_TAX,NAC,HU,21.16525,27.097299999999997,NaN,NaN
S,6000,MWH2000-19999,KWH,X_TAX,NAC,IE,0.09285,0.0977,NaN,NaN
S,6000,MWH2000-19999,KWH,X_TAX,NAC,IS,6.7643,7.48,NaN,NaN
S,6000,MWH2000-19999,KWH,X_TAX,NAC,IT,0.0791,0.08245,NaN,NaN
S,6000,MWH2000-19999,KWH,X_TAX,NAC,LI,,,NaN,NaN
S,6000,MWH2000-19999,KWH,X_TAX,NAC,LT,0.0658,0.07385,NaN,NaN
S,6000,MWH2000-19999,KWH,X_TAX,NAC,LU,0.05145,0.0602,NaN,NaN
S,6000,MWH2000-19999,KWH,X_TAX,NAC,LV,0.0805,0.06805,NaN,NaN
S,6000,MWH2000-19999,KWH,X_TAX,NAC,MD,1.6322,1.44915,NaN,NaN
S,6000,MWH2000-19999,KWH,X_TAX,NAC,ME,0.06425,0.06155,NaN,NaN
S,6000,MWH2000-19999,KWH,X_TAX,NAC,MK,3.8056,4.44265,NaN,NaN
S,6000,MWH2000-19999,KWH,X_TAX,NAC,MT,0.1227,0.11685000000000001,NaN,NaN
S,6000,MWH2000-19999,KWH,X_TAX,NAC,NL,0.06135,0.06355,NaN,NaN
S,6000,MWH2000-19999,KWH,X_TAX,NAC,NO,0.4416,0.32484999999999997,NaN,NaN
S,6000,MWH2000-19999,KWH,X_TAX,NAC,PL,0.2913,0.31205,NaN,NaN
S,6000,MWH2000-19999,KWH,X_TAX,NAC,PT,0.0858,0.07205,NaN,NaN
S,6000,MWH2000-19999,KWH,X_TAX,NAC,RO,0.2582,0.3903,NaN,NaN
S,6000,MWH2000-19999,KWH,X_TAX,NAC,RS,5.92105,7.9869,NaN,NaN
S,6000,MWH2000-19999,KWH,X_TAX,NAC,SE,0.5104,0.535,NaN,NaN
S,6000,MWH2000-19999,KWH,X_TAX,NAC,SI,0.05935,0.0733,NaN,NaN
S,6000,MWH2000-19999,KWH,X_TAX,NAC,SK,0.09375,0.0896,NaN,NaN
S,6000,MWH2000-19999,KWH,X_TAX,NAC,TR,0.2146,0.5025999999999999,NaN,NaN
S,6000,MWH2000-19999,KWH,X_TAX,NAC,UA,1.515,1.70675,NaN,NaN
S,6000,MWH2000-19999,KWH,X_TAX,NAC,UK,0.0747,,NaN,NaN
S,6000,MWH2000-19999,KWH,X_TAX,NAC,XK,0.06409999999999999,0.0579,NaN,NaN
S,6000,MWH2000-19999,KWH,X_TAX,PPS,AL,,0.2017,NaN,e
S,6000,MWH2000-19999,KWH,X_TAX,PPS,AT,0.053349999999999995,0.0635,NaN,NaN
S,6000,MWH2000-19999,KWH,X_TAX,PPS,BA,0.1306,0.13315,NaN,NaN
S,6000,MWH2000-19999,KWH,X_TAX,PPS,BE,0.07139999999999999,0.06409999999999999,NaN,NaN
S,6000,MWH2000-19999,KWH,X_TAX,PPS,BG,0.1563,0.14379999999999998,NaN,NaN
S,6000,MWH2000-19999,KWH,X_TAX,PPS,CY,0.10980000000000001,0.1195,NaN,NaN
S,6000,MWH2000-19999,KWH,X_TAX,PPS,CZ,0.0979,0.099,NaN,NaN
S,6000,MWH2000-19999,KWH,X_TAX,PPS,DE,0.06515,0.06505,NaN,NaN
S,6000,MWH2000-19999,KWH,X_TAX,PPS,DK,0.04485,0.0448,NaN,NaN
S,6000,MWH2000-19999,KWH,X_TAX,PPS,EA,0.06870000000000001,0.0697,NaN,NaN
S,6000,MWH2000-19999,KWH,X_TAX,PPS,EE,0.09255,0.0771,NaN,NaN
S,6000,MWH2000-19999,KWH,X_TAX,PPS,EL,0.0874,0.0872,NaN,NaN
S,6000,MWH2000-19999,KWH,X_TAX,PPS,ES,0.09435,0.0693,NaN,NaN
S,6000,MWH2000-19999,KWH,X_TAX,PPS,EU27_2020,,0.0759,NaN,NaN
S,6000,MWH2000-19999,KWH,X_TAX,PPS,FI,0.0484,0.0487,NaN,NaN
S,6000,MWH2000-19999,KWH,X_TAX,PPS,FR,0.0555,0.0631,NaN,NaN
S,6000,MWH2000-19999,KWH,X_TAX,PPS,HR,0.1154,0.12525,NaN,NaN
S,6000,MWH2000-19999,KWH,X_TAX,PPS,HU,0.1207,0.1217,NaN,NaN
S,6000,MWH2000-19999,KWH,X_TAX,PPS,IE,0.08485000000000001,0.08095,NaN,NaN
S,6000,MWH2000-19999,KWH,X_TAX,PPS,IS,0.03615,0.0334,NaN,NaN
S,6000,MWH2000-19999,KWH,X_TAX,PPS,IT,0.0806,0.08299999999999999,NaN,NaN
S,6000,MWH2000-19999,KWH,X_TAX,PPS,LT,0.10965,0.10835,NaN,NaN
S,6000,MWH2000-19999,KWH,X_TAX,PPS,LU,0.043649999999999994,0.0465,NaN,NaN
S,6000,MWH2000-19999,KWH,X_TAX,PPS,LV,0.1212,0.0922,NaN,NaN
S,6000,MWH2000-19999,KWH,X_TAX,PPS,ME,0.1321,0.122,NaN,NaN
S,6000,MWH2000-19999,KWH,X_TAX,PPS,MK,0.14900000000000002,0.1568,NaN,NaN
S,6000,MWH2000-19999,KWH,X_TAX,PPS,MT,0.15294999999999997,0.13325,NaN,NaN
S,6000,MWH2000-19999,KWH,X_TAX,PPS,NL,0.0567,0.054849999999999996,NaN,NaN
S,6000,MWH2000-19999,KWH,X_TAX,PPS,NO,0.03415,0.021449999999999997,NaN,NaN
S,6000,MWH2000-19999,KWH,X_TAX,PPS,PL,0.1232,0.11645,NaN,NaN
S,6000,MWH2000-19999,KWH,X_TAX,PPS,PT,0.10994999999999999,0.08465,NaN,NaN
S,6000,MWH2000-19999,KWH,X_TAX,PPS,RO,0.11785000000000001,0.15275,NaN,NaN
S,6000,MWH2000-19999,KWH,X_TAX,PPS,RS,0.10894999999999999,0.1278,NaN,NaN
S,6000,MWH2000-19999,KWH,X_TAX,PPS,SE,0.04265,0.04045,NaN,NaN
S,6000,MWH2000-19999,KWH,X_TAX,PPS,SI,0.07555,0.0872,NaN,NaN
S,6000,MWH2000-19999,KWH,X_TAX,PPS,SK,0.14379999999999998,0.1113,NaN,NaN
S,6000,MWH2000-19999,KWH,X_TAX,PPS,TR,0.12915,0.15284999999999999,NaN,NaN
S,6000,MWH2000-19999,KWH,X_TAX,PPS,UK,0.081,,NaN,NaN
S,6000,MWH2000-19999,KWH,X_VAT,EUR,AL,,0.10364999999999999,NaN,e
S,6000,MWH2000-19999,KWH,X_VAT,EUR,AT,0.0826,0.0998,NaN,NaN
S,6000,MWH2000-19999,KWH,X_VAT,EUR,BA,0.06175,0.07005,NaN,NaN
S,6000,MWH2000-19999,KWH,X_VAT,EUR,BE,0.0963,0.09915,NaN,NaN
S,6000,MWH2000-19999,KWH,X_VAT,EUR,BG,0.07325,0.0785,NaN,NaN
S,6000,MWH2000-19999,KWH,X_VAT,EUR,CY,0.10595,0.13640000000000002,NaN,NaN
S,6000,MWH2000-19999,KWH,X_VAT,EUR,CZ,0.0634,0.08145,NaN,NaN
S,6000,MWH2000-19999,KWH,X_VAT,EUR,DE,0.12735000000000002,0.15215,NaN,NaN
S,6000,MWH2000-19999,KWH,X_VAT,EUR,DK,0.0925,0.06675,NaN,NaN
S,6000,MWH2000-19999,KWH,X_VAT,EUR,EA,0.1041,0.1135,NaN,NaN
S,6000,MWH2000-19999,KWH,X_VAT,EUR,EE,0.0807,0.0753,NaN,NaN
S,6000,MWH2000-19999,KWH,X_VAT,EUR,EL,0.08954999999999999,0.092,NaN,NaN
S,6000,MWH2000-19999,KWH,X_VAT,EUR,ES,0.08825,0.08405,NaN,NaN
S,6000,MWH2000-19999,KWH,X_VAT,EUR,EU27_2020,0.09715,0.10685,NaN,NaN
S,6000,MWH2000-19999,KWH,X_VAT,EUR,FI,0.06584999999999999,0.0686,NaN,NaN
S,6000,MWH2000-19999,KWH,X_VAT,EUR,FR,0.07730000000000001,0.0829,NaN,NaN
S,6000,MWH2000-19999,KWH,X_VAT,EUR,GE,,0.04265,NaN,NaN
S,6000,MWH2000-19999,KWH,X_VAT,EUR,HR,0.0773,0.09445,NaN,NaN
S,6000,MWH2000-19999,KWH,X_VAT,EUR,HU,0.0756,0.08975,NaN,NaN
S,6000,MWH2000-19999,KWH,X_VAT,EUR,IE,0.10185,0.10400000000000001,NaN,NaN
S,6000,MWH2000-19999,KWH,X_VAT,EUR,IS,0.05235,0.0496,NaN,NaN
S,6000,MWH2000-19999,KWH,X_VAT,EUR,IT,0.14205,0.12945,NaN,NaN
S,6000,MWH2000-19999,KWH,X_VAT,EUR,LI,,,NaN,NaN
S,6000,MWH2000-19999,KWH,X_VAT,EUR,LT,0.08135,0.08485,NaN,NaN
S,6000,MWH2000-19999,KWH,X_VAT,EUR,LU,0.054150000000000004,0.0656,NaN,NaN
S,6000,MWH2000-19999,KWH,X_VAT,EUR,LV,0.1073,0.08665,NaN,NaN
S,6000,MWH2000-19999,KWH,X_VAT,EUR,MD,0.074,0.07344999999999999,NaN,NaN
S,6000,MWH2000-19999,KWH,X_VAT,EUR,ME,0.06425,0.06970000000000001,NaN,NaN
S,6000,MWH2000-19999,KWH,X_VAT,EUR,MK,0.0618,0.07205,NaN,NaN
S,6000,MWH2000-19999,KWH,X_VAT,EUR,MT,0.1227,0.11835000000000001,NaN,NaN
S,6000,MWH2000-19999,KWH,X_VAT,EUR,NL,0.077,0.098,NaN,NaN
S,6000,MWH2000-19999,KWH,X_VAT,EUR,NO,0.0648,0.0393,NaN,NaN
S,6000,MWH2000-19999,KWH,X_VAT,EUR,PL,0.07135,0.09715,NaN,NaN
S,6000,MWH2000-19999,KWH,X_VAT,EUR,PT,0.10235,0.10165,NaN,NaN
S,6000,MWH2000-19999,KWH,X_VAT,EUR,RO,0.0702,0.09759999999999999,NaN,NaN
S,6000,MWH2000-19999,KWH,X_VAT,EUR,RS,0.053000000000000005,0.07400000000000001,NaN,NaN
S,6000,MWH2000-19999,KWH,X_VAT,EUR,SE,0.054400000000000004,0.05155,NaN,NaN
S,6000,MWH2000-19999,KWH,X_VAT,EUR,SI,0.07145,0.08565,NaN,NaN
S,6000,MWH2000-19999,KWH,X_VAT,EUR,SK,0.09825,0.124,NaN,NaN
S,6000,MWH2000-19999,KWH,X_VAT,EUR,TR,0.0663,0.06505,NaN,NaN
S,6000,MWH2000-19999,KWH,X_VAT,EUR,UA,0.05355,0.0556,NaN,NaN
S,6000,MWH2000-19999,KWH,X_VAT,EUR,UK,0.12235,,NaN,NaN
S,6000,MWH2000-19999,KWH,X_VAT,EUR,XK,0.07039999999999999,0.06155,NaN,NaN
S,6000,MWH2000-19999,KWH,X_VAT,NAC,AL,,12.83,NaN,e
S,6000,MWH2000-19999,KWH,X_VAT,NAC,AT,0.0826,0.0998,NaN,NaN
S,6000,MWH2000-19999,KWH,X_VAT,NAC,BA,0.12075,0.13705,NaN,NaN
S,6000,MWH2000-19999,KWH,X_VAT,NAC,BE,0.0963,0.09915,NaN,NaN
S,6000,MWH2000-19999,KWH,X_VAT,NAC,BG,0.14329999999999998,0.15355,NaN,NaN
S,6000,MWH2000-19999,KWH,X_VAT,NAC,CY,0.10595,0.13640000000000002,NaN,NaN
S,6000,MWH2000-19999,KWH,X_VAT,NAC,CZ,1.7135500000000001,2.15595,NaN,NaN
S,6000,MWH2000-19999,KWH,X_VAT,NAC,DE,0.12735000000000002,0.15215,NaN,NaN
S,6000,MWH2000-19999,KWH,X_VAT,NAC,DK,0.68875,0.4974,NaN,NaN
S,6000,MWH2000-19999,KWH,X_VAT,NAC,EA,0.10425,,NaN,NaN
S,6000,MWH2000-19999,KWH,X_VAT,NAC,EE,0.0807,0.0753,NaN,NaN
S,6000,MWH2000-19999,KWH,X_VAT,NAC,EL,0.08954999999999999,0.092,NaN,NaN
S,6000,MWH2000-19999,KWH,X_VAT,NAC,ES,0.08825,0.08405,NaN,NaN
S,6000,MWH2000-19999,KWH,X_VAT,NAC,FI,0.06584999999999999,0.0686,NaN,NaN
S,6000,MWH2000-19999,KWH,X_VAT,NAC,FR,0.07730000000000001,0.0829,NaN,NaN
S,6000,MWH2000-19999,KWH,X_VAT,NAC,GE,,0.1508,NaN,NaN
S,6000,MWH2000-19999,KWH,X_VAT,NAC,HR,0.58235,0.7119500000000001,NaN,NaN
S,6000,MWH2000-19999,KWH,X_VAT,NAC,HU,23.545749999999998,31.51585,NaN,NaN
S,6000,MWH2000-19999,KWH,X_VAT,NAC,IE,0.10185,0.10400000000000001,NaN,NaN
S,6000,MWH2000-19999,KWH,X_VAT,NAC,IS,7.04795,7.66,NaN,NaN
S,6000,MWH2000-19999,KWH,X_VAT,NAC,IT,0.14205,0.12945,NaN,NaN
S,6000,MWH2000-19999,KWH,X_VAT,NAC,LI,,,NaN,NaN
S,6000,MWH2000-19999,KWH,X_VAT,NAC,LT,0.08135,0.08485,NaN,NaN
S,6000,MWH2000-19999,KWH,X_VAT,NAC,LU,0.054150000000000004,0.0656,NaN,NaN
S,6000,MWH2000-19999,KWH,X_VAT,NAC,LV,0.1073,0.08665,NaN,NaN
S,6000,MWH2000-19999,KWH,X_VAT,NAC,MD,1.6322,1.44915,NaN,NaN
S,6000,MWH2000-19999,KWH,X_VAT,NAC,ME,0.06425,0.06970000000000001,NaN,NaN
S,6000,MWH2000-19999,KWH,X_VAT,NAC,MK,3.8056,4.44265,NaN,NaN
S,6000,MWH2000-19999,KWH,X_VAT,NAC,MT,0.1227,0.11835000000000001,NaN,NaN
S,6000,MWH2000-19999,KWH,X_VAT,NAC,NL,0.077,0.098,NaN,NaN
S,6000,MWH2000-19999,KWH,X_VAT,NAC,NO,0.6016,0.4214,NaN,NaN
S,6000,MWH2000-19999,KWH,X_VAT,NAC,PL,0.3113,0.43155,NaN,NaN
S,6000,MWH2000-19999,KWH,X_VAT,NAC,PT,0.10235,0.10165,NaN,NaN
S,6000,MWH2000-19999,KWH,X_VAT,NAC,RO,0.31525000000000003,0.4722,NaN,NaN
S,6000,MWH2000-19999,KWH,X_VAT,NAC,RS,6.5222999999999995,8.699349999999999,NaN,NaN
S,6000,MWH2000-19999,KWH,X_VAT,NAC,SE,0.5154000000000001,0.54,NaN,NaN
S,6000,MWH2000-19999,KWH,X_VAT,NAC,SI,0.07145,0.08565,NaN,NaN
S,6000,MWH2000-19999,KWH,X_VAT,NAC,SK,0.09825,0.124,NaN,NaN
S,6000,MWH2000-19999,KWH,X_VAT,NAC,TR,0.2216,0.51735,NaN,NaN
S,6000,MWH2000-19999,KWH,X_VAT,NAC,UA,1.515,1.70675,NaN,NaN
S,6000,MWH2000-19999,KWH,X_VAT,NAC,UK,0.1,,NaN,NaN
S,6000,MWH2000-19999,KWH,X_VAT,NAC,XK,0.07039999999999999,0.06155,NaN,NaN
S,6000,MWH2000-19999,KWH,X_VAT,PPS,AL,,0.2017,NaN,e
S,6000,MWH2000-19999,KWH,X_VAT,PPS,AT,0.0774,0.0873,NaN,NaN
S,6000,MWH2000-19999,KWH,X_VAT,PPS,BA,0.1306,0.13685,NaN,NaN
S,6000,MWH2000-19999,KWH,X_VAT,PPS,BE,0.08954999999999999,0.0889,NaN,NaN
S,6000,MWH2000-19999,KWH,X_VAT,PPS,BG,0.1585,0.1457,NaN,NaN
S,6000,MWH2000-19999,KWH,X_VAT,PPS,CY,0.11985000000000001,0.1489,NaN,NaN
S,6000,MWH2000-19999,KWH,X_VAT,PPS,CZ,0.0995,0.1126,NaN,NaN
S,6000,MWH2000-19999,KWH,X_VAT,PPS,DE,0.12315000000000001,0.1377,NaN,NaN
S,6000,MWH2000-19999,KWH,X_VAT,PPS,DK,0.06889999999999999,0.0501,NaN,NaN
S,6000,MWH2000-19999,KWH,X_VAT,PPS,EA,0.1016,0.10875,NaN,NaN
S,6000,MWH2000-19999,KWH,X_VAT,PPS,EE,0.112,0.09385,NaN,NaN
S,6000,MWH2000-19999,KWH,X_VAT,PPS,EL,0.10855000000000001,0.1112,NaN,NaN
S,6000,MWH2000-19999,KWH,X_VAT,PPS,ES,0.09920000000000001,0.08954999999999999,NaN,NaN
S,6000,MWH2000-19999,KWH,X_VAT,PPS,EU27_2020,,0.11130000000000001,NaN,NaN
S,6000,MWH2000-19999,KWH,X_VAT,PPS,FI,0.054150000000000004,0.05425,NaN,NaN
S,6000,MWH2000-19999,KWH,X_VAT,PPS,FR,0.07035,0.07615,NaN,NaN
S,6000,MWH2000-19999,KWH,X_VAT,PPS,HR,0.12285,0.14645,NaN,NaN
S,6000,MWH2000-19999,KWH,X_VAT,PPS,HU,0.13425,0.14155,NaN,NaN
S,6000,MWH2000-19999,KWH,X_VAT,PPS,IE,0.0931,0.08615,NaN,NaN
S,6000,MWH2000-19999,KWH,X_VAT,PPS,IS,0.03765,0.034199999999999994,NaN,NaN
S,6000,MWH2000-19999,KWH,X_VAT,PPS,IT,0.1447,0.13035,NaN,NaN
S,6000,MWH2000-19999,KWH,X_VAT,PPS,LT,0.13555,0.12445,NaN,NaN
S,6000,MWH2000-19999,KWH,X_VAT,PPS,LU,0.045950000000000005,0.050699999999999995,NaN,NaN
S,6000,MWH2000-19999,KWH,X_VAT,PPS,LV,0.1615,0.1174,NaN,NaN
S,6000,MWH2000-19999,KWH,X_VAT,PPS,ME,0.1321,0.1382,NaN,NaN
S,6000,MWH2000-19999,KWH,X_VAT,PPS,MK,0.14900000000000002,0.1568,NaN,NaN
S,6000,MWH2000-19999,KWH,X_VAT,PPS,MT,0.15294999999999997,0.13495000000000001,NaN,NaN
S,6000,MWH2000-19999,KWH,X_VAT,PPS,NL,0.0711,0.08465,NaN,NaN
S,6000,MWH2000-19999,KWH,X_VAT,PPS,NO,0.0466,0.02785,NaN,NaN
S,6000,MWH2000-19999,KWH,X_VAT,PPS,PL,0.13169999999999998,0.16105,NaN,NaN
S,6000,MWH2000-19999,KWH,X_VAT,PPS,PT,0.13115,0.11945,NaN,NaN
S,6000,MWH2000-19999,KWH,X_VAT,PPS,RO,0.14385,0.18475,NaN,NaN
S,6000,MWH2000-19999,KWH,X_VAT,PPS,RS,0.12005,0.13915,NaN,NaN
S,6000,MWH2000-19999,KWH,X_VAT,PPS,SE,0.043050000000000005,0.0408,NaN,NaN
S,6000,MWH2000-19999,KWH,X_VAT,PPS,SI,0.09095,0.10189999999999999,NaN,NaN
S,6000,MWH2000-19999,KWH,X_VAT,PPS,SK,0.1507,0.15405000000000002,NaN,NaN
S,6000,MWH2000-19999,KWH,X_VAT,PPS,TR,0.1333,0.15735,NaN,NaN
S,6000,MWH2000-19999,KWH,X_VAT,PPS,UK,0.1084,,NaN,NaN
S,6000,MWH20000-69999,KWH,I_TAX,EUR,AL,,0.1244,NaN,e
S,6000,MWH20000-69999,KWH,I_TAX,EUR,AT,0.09,0.10825,NaN,NaN
S,6000,MWH20000-69999,KWH,I_TAX,EUR,BA,0.05245,0.06814999999999999,NaN,NaN
S,6000,MWH20000-69999,KWH,I_TAX,EUR,BE,0.09065000000000001,0.09215,NaN,NaN
S,6000,MWH20000-69999,KWH,I_TAX,EUR,BG,0.07985,0.0874,NaN,NaN
S,6000,MWH20000-69999,KWH,I_TAX,EUR,CY,0.1142,0.15,NaN,NaN
S,6000,MWH20000-69999,KWH,I_TAX,EUR,CZ,0.07919999999999999,0.0923,NaN,NaN
S,6000,MWH20000-69999,KWH,I_TAX,EUR,DE,0.13645000000000002,0.16094999999999998,NaN,NaN
S,6000,MWH20000-69999,KWH,I_TAX,EUR,DK,0.24964999999999998,0.2205,NaN,NaN
S,6000,MWH20000-69999,KWH,I_TAX,EUR,EA,0.1058,0.1117,NaN,NaN
S,6000,MWH20000-69999,KWH,I_TAX,EUR,EE,0.0862,0.08085,NaN,NaN
S,6000,MWH20000-69999,KWH,I_TAX,EUR,EL,0.0842,0.08499999999999999,NaN,NaN
S,6000,MWH20000-69999,KWH,I_TAX,EUR,ES,0.0903,0.0867,NaN,NaN
S,6000,MWH20000-69999,KWH,I_TAX,EUR,EU27_2020,0.10195,0.11025,NaN,NaN
S,6000,MWH20000-69999,KWH,I_TAX,EUR,FI,0.06570000000000001,0.0665,NaN,NaN
S,6000,MWH20000-69999,KWH,I_TAX,EUR,FR,0.07725,0.08285000000000001,NaN,NaN
S,6000,MWH20000-69999,KWH,I_TAX,EUR,GE,,0.04815,NaN,NaN
S,6000,MWH20000-69999,KWH,I_TAX,EUR,HR,0.07980000000000001,0.09634999999999999,NaN,NaN
S,6000,MWH20000-69999,KWH,I_TAX,EUR,HU,0.0912,0.09845,NaN,NaN
S,6000,MWH20000-69999,KWH,I_TAX,EUR,IE,0.09620000000000001,0.10355,NaN,NaN
S,6000,MWH20000-69999,KWH,I_TAX,EUR,IS,,,NaN,NaN
S,6000,MWH20000-69999,KWH,I_TAX,EUR,IT,0.1358,0.1082,NaN,NaN
S,6000,MWH20000-69999,KWH,I_TAX,EUR,LI,,,NaN,NaN
S,6000,MWH20000-69999,KWH,I_TAX,EUR,LT,0.08985,0.0941,NaN,NaN
S,6000,MWH20000-69999,KWH,I_TAX,EUR,LU,0.0494,0.05165,NaN,NaN
S,6000,MWH20000-69999,KWH,I_TAX,EUR,LV,0.12115000000000001,0.092,NaN,NaN
S,6000,MWH20000-69999,KWH,I_TAX,EUR,MD,,0.07705000000000001,NaN,NaN
S,6000,MWH20000-69999,KWH,I_TAX,EUR,ME,0.06185,0.0503,NaN,NaN
S,6000,MWH20000-69999,KWH,I_TAX,EUR,MK,0.06505,0.0764,NaN,NaN
S,6000,MWH20000-69999,KWH,I_TAX,EUR,MT,0.118,0.10985,NaN,NaN
S,6000,MWH20000-69999,KWH,I_TAX,EUR,NL,0.07544999999999999,0.08225,NaN,NaN
S,6000,MWH20000-69999,KWH,I_TAX,EUR,NO,0.0683,0.03975,NaN,NaN
S,6000,MWH20000-69999,KWH,I_TAX,EUR,PL,0.07975,0.10855000000000001,NaN,NaN
S,6000,MWH20000-69999,KWH,I_TAX,EUR,PT,0.1056,0.10275000000000001,NaN,NaN
S,6000,MWH20000-69999,KWH,I_TAX,EUR,RO,0.07415,0.10600000000000001,NaN,NaN
S,6000,MWH20000-69999,KWH,I_TAX,EUR,RS,0.0629,0.08510000000000001,NaN,NaN
S,6000,MWH20000-69999,KWH,I_TAX,EUR,SE,0.06104999999999999,0.05385,NaN,NaN
S,6000,MWH20000-69999,KWH,I_TAX,EUR,SI,0.0762,0.089,NaN,NaN
S,6000,MWH20000-69999,KWH,I_TAX,EUR,SK,0.1066,0.1353,NaN,NaN
S,6000,MWH20000-69999,KWH,I_TAX,EUR,TR,0.07455,0.0694,NaN,NaN
S,6000,MWH20000-69999,KWH,I_TAX,EUR,UA,0.06485,0.06055,p,NaN
S,6000,MWH20000-69999,KWH,I_TAX,EUR,UK,0.14405,,NaN,NaN
S,6000,MWH20000-69999,KWH,I_TAX,EUR,XK,0.053250000000000006,,NaN,NaN
S,6000,MWH20000-69999,KWH,I_TAX,NAC,AL,,15.396,NaN,e
S,6000,MWH20000-69999,KWH,I_TAX,NAC,AT,0.09,0.10825,NaN,NaN
S,6000,MWH20000-69999,KWH,I_TAX,NAC,BA,0.10255,0.1333,NaN,NaN
S,6000,MWH20000-69999,KWH,I_TAX,NAC,BE,0.09065000000000001,0.09215,NaN,NaN
S,6000,MWH20000-69999,KWH,I_TAX,NAC,BG,0.15615,0.17085,NaN,NaN
S,6000,MWH20000-69999,KWH,I_TAX,NAC,CY,0.1142,0.15,NaN,NaN
S,6000,MWH20000-69999,KWH,I_TAX,NAC,CZ,2.1403499999999998,2.4423,NaN,NaN
S,6000,MWH20000-69999,KWH,I_TAX,NAC,DE,0.13645000000000002,0.16094999999999998,NaN,NaN
S,6000,MWH20000-69999,KWH,I_TAX,NAC,DK,1.85885,1.6437,NaN,NaN
S,6000,MWH20000-69999,KWH,I_TAX,NAC,EA,0.10595,,NaN,NaN
S,6000,MWH20000-69999,KWH,I_TAX,NAC,EE,0.0862,0.08085,NaN,NaN
S,6000,MWH20000-69999,KWH,I_TAX,NAC,EL,0.0842,0.08499999999999999,NaN,NaN
S,6000,MWH20000-69999,KWH,I_TAX,NAC,ES,0.0903,0.0867,NaN,NaN
S,6000,MWH20000-69999,KWH,I_TAX,NAC,FI,0.06570000000000001,0.0665,NaN,NaN
S,6000,MWH20000-69999,KWH,I_TAX,NAC,FR,0.07725,0.08285000000000001,NaN,NaN
S,6000,MWH20000-69999,KWH,I_TAX,NAC,GE,,0.16975,NaN,NaN
S,6000,MWH20000-69999,KWH,I_TAX,NAC,HR,0.6014999999999999,0.72645,NaN,NaN
S,6000,MWH20000-69999,KWH,I_TAX,NAC,HU,28.409399999999998,34.548,NaN,NaN
S,6000,MWH20000-69999,KWH,I_TAX,NAC,IE,0.09620000000000001,0.10355,NaN,NaN
S,6000,MWH20000-69999,KWH,I_TAX,NAC,IS,,,NaN,NaN
S,6000,MWH20000-69999,KWH,I_TAX,NAC,IT,0.1358,0.1082,NaN,NaN
S,6000,MWH20000-69999,KWH,I_TAX,NAC,LI,,,NaN,NaN
S,6000,MWH20000-69999,KWH,I_TAX,NAC,LT,0.08985,0.0941,NaN,NaN
S,6000,MWH20000-69999,KWH,I_TAX,NAC,LU,0.0494,0.05165,NaN,NaN
S,6000,MWH20000-69999,KWH,I_TAX,NAC,LV,0.12115000000000001,0.092,NaN,NaN
S,6000,MWH20000-69999,KWH,I_TAX,NAC,MD,,1.52,NaN,NaN
S,6000,MWH20000-69999,KWH,I_TAX,NAC,ME,0.06185,0.0503,NaN,NaN
S,6000,MWH20000-69999,KWH,I_TAX,NAC,MK,4.00485,4.711399999999999,NaN,NaN
S,6000,MWH20000-69999,KWH,I_TAX,NAC,MT,0.118,0.10985,NaN,NaN
S,6000,MWH20000-69999,KWH,I_TAX,NAC,NL,0.07544999999999999,0.08225,NaN,NaN
S,6000,MWH20000-69999,KWH,I_TAX,NAC,NO,0.63395,0.42605,NaN,NaN
S,6000,MWH20000-69999,KWH,I_TAX,NAC,PL,0.348,0.48245000000000005,NaN,NaN
S,6000,MWH20000-69999,KWH,I_TAX,NAC,PT,0.1056,0.10275000000000001,NaN,NaN
S,6000,MWH20000-69999,KWH,I_TAX,NAC,RO,0.3331,0.51295,NaN,NaN
S,6000,MWH20000-69999,KWH,I_TAX,NAC,RS,7.74345,10.006,NaN,NaN
S,6000,MWH20000-69999,KWH,I_TAX,NAC,SE,0.5788500000000001,0.5635,NaN,NaN
S,6000,MWH20000-69999,KWH,I_TAX,NAC,SI,0.0762,0.089,NaN,NaN
S,6000,MWH20000-69999,KWH,I_TAX,NAC,SK,0.1066,0.1353,NaN,NaN
S,6000,MWH20000-69999,KWH,I_TAX,NAC,TR,0.24914999999999998,0.5517000000000001,NaN,NaN
S,6000,MWH20000-69999,KWH,I_TAX,NAC,UA,1.835,1.86225,p,NaN
S,6000,MWH20000-69999,KWH,I_TAX,NAC,UK,0.11775,,NaN,NaN
S,6000,MWH20000-69999,KWH,I_TAX,NAC,XK,0.053250000000000006,,NaN,NaN
S,6000,MWH20000-69999,KWH,I_TAX,PPS,AL,,0.2421,NaN,e
S,6000,MWH20000-69999,KWH,I_TAX,PPS,AT,0.08435000000000001,0.0947,NaN,NaN
S,6000,MWH20000-69999,KWH,I_TAX,PPS,BA,0.1109,0.1331,NaN,NaN
S,6000,MWH20000-69999,KWH,I_TAX,PPS,BE,0.08435000000000001,0.0826,NaN,NaN
S,6000,MWH20000-69999,KWH,I_TAX,PPS,BG,0.17275000000000001,0.1621,NaN,NaN
S,6000,MWH20000-69999,KWH,I_TAX,PPS,CY,0.12915000000000001,0.16375,NaN,NaN
S,6000,MWH20000-69999,KWH,I_TAX,PPS,CZ,0.1243,0.12755,NaN,NaN
S,6000,MWH20000-69999,KWH,I_TAX,PPS,DE,0.132,0.14565,NaN,NaN
S,6000,MWH20000-69999,KWH,I_TAX,PPS,DK,0.186,0.1656,NaN,NaN
S,6000,MWH20000-69999,KWH,I_TAX,PPS,EA,0.10325000000000001,0.10695,NaN,NaN
S,6000,MWH20000-69999,KWH,I_TAX,PPS,EE,0.11965,0.10075,NaN,NaN
S,6000,MWH20000-69999,KWH,I_TAX,PPS,EL,0.10205,0.10275000000000001,NaN,NaN
S,6000,MWH20000-69999,KWH,I_TAX,PPS,ES,0.1015,0.09234999999999999,NaN,NaN
S,6000,MWH20000-69999,KWH,I_TAX,PPS,EU27_2020,,0.1149,NaN,NaN
S,6000,MWH20000-69999,KWH,I_TAX,PPS,FI,0.054,0.05255,NaN,NaN
S,6000,MWH20000-69999,KWH,I_TAX,PPS,FR,0.07035,0.0761,NaN,NaN
S,6000,MWH20000-69999,KWH,I_TAX,PPS,HR,0.1269,0.1495,NaN,NaN
S,6000,MWH20000-69999,KWH,I_TAX,PPS,HU,0.162,0.15515,NaN,NaN
S,6000,MWH20000-69999,KWH,I_TAX,PPS,IE,0.0879,0.0858,NaN,NaN
S,6000,MWH20000-69999,KWH,I_TAX,PPS,IS,,,NaN,NaN
S,6000,MWH20000-69999,KWH,I_TAX,PPS,IT,0.13835,0.1089,NaN,NaN
S,6000,MWH20000-69999,KWH,I_TAX,PPS,LT,0.1497,0.13805,NaN,NaN
S,6000,MWH20000-69999,KWH,I_TAX,PPS,LU,0.04185,0.039900000000000005,NaN,NaN
S,6000,MWH20000-69999,KWH,I_TAX,PPS,LV,0.18235,0.12465,NaN,NaN
S,6000,MWH20000-69999,KWH,I_TAX,PPS,ME,0.1272,0.0997,NaN,NaN
S,6000,MWH20000-69999,KWH,I_TAX,PPS,MK,0.1567,0.1663,NaN,NaN
S,6000,MWH20000-69999,KWH,I_TAX,PPS,MT,0.1471,0.12525,NaN,NaN
S,6000,MWH20000-69999,KWH,I_TAX,PPS,NL,0.0697,0.07100000000000001,NaN,NaN
S,6000,MWH20000-69999,KWH,I_TAX,PPS,NO,0.049100000000000005,0.0281,NaN,NaN
S,6000,MWH20000-69999,KWH,I_TAX,PPS,PL,0.1472,0.18005,NaN,NaN
S,6000,MWH20000-69999,KWH,I_TAX,PPS,PT,0.13535,0.1208,NaN,NaN
S,6000,MWH20000-69999,KWH,I_TAX,PPS,RO,0.15200000000000002,0.20074999999999998,NaN,NaN
S,6000,MWH20000-69999,KWH,I_TAX,PPS,RS,0.14255,0.16005,NaN,NaN
S,6000,MWH20000-69999,KWH,I_TAX,PPS,SE,0.048350000000000004,0.0426,NaN,NaN
S,6000,MWH20000-69999,KWH,I_TAX,PPS,SI,0.097,0.10585,NaN,NaN
S,6000,MWH20000-69999,KWH,I_TAX,PPS,SK,0.16355,0.16805,NaN,NaN
S,6000,MWH20000-69999,KWH,I_TAX,PPS,TR,0.1499,0.1678,NaN,NaN
S,6000,MWH20000-69999,KWH,I_TAX,PPS,UK,0.1277,,NaN,NaN
S,6000,MWH20000-69999,KWH,X_TAX,EUR,AL,,0.10364999999999999,NaN,e
S,6000,MWH20000-69999,KWH,X_TAX,EUR,AT,0.051500000000000004,0.06620000000000001,NaN,NaN
S,6000,MWH20000-69999,KWH,X_TAX,EUR,BA,0.0448,0.0557,NaN,NaN
S,6000,MWH20000-69999,KWH,X_TAX,EUR,BE,0.06165,0.056150000000000005,NaN,NaN
S,6000,MWH20000-69999,KWH,X_TAX,EUR,BG,0.06555,0.0718,NaN,NaN
S,6000,MWH20000-69999,KWH,X_TAX,EUR,CY,0.08785000000000001,0.10535,NaN,NaN
S,6000,MWH20000-69999,KWH,X_TAX,EUR,CZ,0.0644,0.0685,NaN,NaN
S,6000,MWH20000-69999,KWH,X_TAX,EUR,DE,0.0537,0.05665,NaN,NaN
S,6000,MWH20000-69999,KWH,X_TAX,EUR,DK,0.04820000000000001,0.05025,NaN,NaN
S,6000,MWH20000-69999,KWH,X_TAX,EUR,EA,0.06075,0.0627,NaN,NaN
S,6000,MWH20000-69999,KWH,X_TAX,EUR,EE,0.0584,0.054150000000000004,NaN,NaN
S,6000,MWH20000-69999,KWH,X_TAX,EUR,EL,0.06409999999999999,0.06995,NaN,NaN
S,6000,MWH20000-69999,KWH,X_TAX,EUR,ES,0.07100000000000001,0.0611,NaN,NaN
S,6000,MWH20000-69999,KWH,X_TAX,EUR,EU27_2020,0.06,0.0625,NaN,NaN
S,6000,MWH20000-69999,KWH,X_TAX,EUR,FI,0.045950000000000005,0.0466,NaN,NaN
S,6000,MWH20000-69999,KWH,X_TAX,EUR,FR,0.0566,0.06115,NaN,NaN
S,6000,MWH20000-69999,KWH,X_TAX,EUR,GE,,0.04085,NaN,NaN
S,6000,MWH20000-69999,KWH,X_TAX,EUR,HR,0.0614,0.07335,NaN,NaN
S,6000,MWH20000-69999,KWH,X_TAX,EUR,HU,0.06559999999999999,0.06735,NaN,NaN
S,6000,MWH20000-69999,KWH,X_TAX,EUR,IE,0.0811,0.08990000000000001,NaN,NaN
S,6000,MWH20000-69999,KWH,X_TAX,EUR,IS,,,NaN,NaN
S,6000,MWH20000-69999,KWH,X_TAX,EUR,IT,0.07189999999999999,0.074,NaN,NaN
S,6000,MWH20000-69999,KWH,X_TAX,EUR,LI,,,NaN,NaN
S,6000,MWH20000-69999,KWH,X_TAX,EUR,LT,0.05875,0.06814999999999999,NaN,NaN
S,6000,MWH20000-69999,KWH,X_TAX,EUR,LU,0.044950000000000004,0.04575,NaN,NaN
S,6000,MWH20000-69999,KWH,X_TAX,EUR,LV,0.07335,0.0579,NaN,NaN
S,6000,MWH20000-69999,KWH,X_TAX,EUR,MD,,0.0641,NaN,NaN
S,6000,MWH20000-69999,KWH,X_TAX,EUR,ME,0.051750000000000004,0.039,NaN,NaN
S,6000,MWH20000-69999,KWH,X_TAX,EUR,MK,0.055099999999999996,0.06475,NaN,NaN
S,6000,MWH20000-69999,KWH,X_TAX,EUR,MT,0.1124,0.10314999999999999,NaN,NaN
S,6000,MWH20000-69999,KWH,X_TAX,EUR,NL,0.0574,0.0603,NaN,NaN
S,6000,MWH20000-69999,KWH,X_TAX,EUR,NO,0.0374,0.02275,NaN,NaN
S,6000,MWH20000-69999,KWH,X_TAX,EUR,PL,0.06025,0.06325,NaN,NaN
S,6000,MWH20000-69999,KWH,X_TAX,EUR,PT,0.06915,0.06045,NaN,NaN
S,6000,MWH20000-69999,KWH,X_TAX,EUR,RO,0.05,0.07345,NaN,NaN
S,6000,MWH20000-69999,KWH,X_TAX,EUR,RS,0.04765,0.06505,NaN,NaN
S,6000,MWH20000-69999,KWH,X_TAX,EUR,SE,0.048299999999999996,0.042550000000000004,NaN,NaN
S,6000,MWH20000-69999,KWH,X_TAX,EUR,SI,0.05305,0.0649,NaN,NaN
S,6000,MWH20000-69999,KWH,X_TAX,EUR,SK,0.08435,0.07835,NaN,NaN
S,6000,MWH20000-69999,KWH,X_TAX,EUR,TR,0.0611,0.05675,NaN,NaN
S,6000,MWH20000-69999,KWH,X_TAX,EUR,UA,0.05355,0.0505,NaN,NaN
S,6000,MWH20000-69999,KWH,X_TAX,EUR,UK,0.08935,,NaN,NaN
S,6000,MWH20000-69999,KWH,X_TAX,EUR,XK,0.043050000000000005,,NaN,NaN
S,6000,MWH20000-69999,KWH,X_TAX,NAC,AL,,12.83,NaN,e
S,6000,MWH20000-69999,KWH,X_TAX,NAC,AT,0.051500000000000004,0.06620000000000001,NaN,NaN
S,6000,MWH20000-69999,KWH,X_TAX,NAC,BA,0.08765,0.1089,NaN,NaN
S,6000,MWH20000-69999,KWH,X_TAX,NAC,BE,0.06165,0.056150000000000005,NaN,NaN
S,6000,MWH20000-69999,KWH,X_TAX,NAC,BG,0.12815,0.14035,NaN,NaN
S,6000,MWH20000-69999,KWH,X_TAX,NAC,CY,0.08785000000000001,0.10535,NaN,NaN
S,6000,MWH20000-69999,KWH,X_TAX,NAC,CZ,1.7406,1.8121,NaN,NaN
S,6000,MWH20000-69999,KWH,X_TAX,NAC,DE,0.0537,0.05665,NaN,NaN
S,6000,MWH20000-69999,KWH,X_TAX,NAC,DK,0.3589,0.3748,NaN,NaN
S,6000,MWH20000-69999,KWH,X_TAX,NAC,EA,0.06075,,NaN,NaN
S,6000,MWH20000-69999,KWH,X_TAX,NAC,EE,0.0584,0.054150000000000004,NaN,NaN
S,6000,MWH20000-69999,KWH,X_TAX,NAC,EL,0.06409999999999999,0.06995,NaN,NaN
S,6000,MWH20000-69999,KWH,X_TAX,NAC,ES,0.07100000000000001,0.0611,NaN,NaN
S,6000,MWH20000-69999,KWH,X_TAX,NAC,FI,0.045950000000000005,0.0466,NaN,NaN
S,6000,MWH20000-69999,KWH,X_TAX,NAC,FR,0.0566,0.06115,NaN,NaN
S,6000,MWH20000-69999,KWH,X_TAX,NAC,GE,,0.14384999999999998,NaN,NaN
S,6000,MWH20000-69999,KWH,X_TAX,NAC,HR,0.4625,0.5529,NaN,NaN
S,6000,MWH20000-69999,KWH,X_TAX,NAC,HU,20.4292,23.65795,NaN,NaN
S,6000,MWH20000-69999,KWH,X_TAX,NAC,IE,0.0811,0.08990000000000001,NaN,NaN
S,6000,MWH20000-69999,KWH,X_TAX,NAC,IS,,,NaN,NaN
S,6000,MWH20000-69999,KWH,X_TAX,NAC,IT,0.07189999999999999,0.074,NaN,NaN
S,6000,MWH20000-69999,KWH,X_TAX,NAC,LI,,,NaN,NaN
S,6000,MWH20000-69999,KWH,X_TAX,NAC,LT,0.05875,0.06814999999999999,NaN,NaN
S,6000,MWH20000-69999,KWH,X_TAX,NAC,LU,0.044950000000000004,0.04575,NaN,NaN
S,6000,MWH20000-69999,KWH,X_TAX,NAC,LV,0.07335,0.0579,NaN,NaN
S,6000,MWH20000-69999,KWH,X_TAX,NAC,MD,,1.2650000000000001,NaN,NaN
S,6000,MWH20000-69999,KWH,X_TAX,NAC,ME,0.051750000000000004,0.039,NaN,NaN
S,6000,MWH20000-69999,KWH,X_TAX,NAC,MK,3.3939500000000002,3.9927,NaN,NaN
S,6000,MWH20000-69999,KWH,X_TAX,NAC,MT,0.1124,0.10314999999999999,NaN,NaN
S,6000,MWH20000-69999,KWH,X_TAX,NAC,NL,0.0574,0.0603,NaN,NaN
S,6000,MWH20000-69999,KWH,X_TAX,NAC,NO,0.34715,0.24435,NaN,NaN
S,6000,MWH20000-69999,KWH,X_TAX,NAC,PL,0.26295,0.281,NaN,NaN
S,6000,MWH20000-69999,KWH,X_TAX,NAC,PT,0.06915,0.06045,NaN,NaN
S,6000,MWH20000-69999,KWH,X_TAX,NAC,RO,0.2246,0.35519999999999996,NaN,NaN
S,6000,MWH20000-69999,KWH,X_TAX,NAC,RS,5.86015,7.6486,NaN,NaN
S,6000,MWH20000-69999,KWH,X_TAX,NAC,SE,0.4581,0.4458,NaN,NaN
S,6000,MWH20000-69999,KWH,X_TAX,NAC,SI,0.05305,0.0649,NaN,NaN
S,6000,MWH20000-69999,KWH,X_TAX,NAC,SK,0.08435,0.07835,NaN,NaN
S,6000,MWH20000-69999,KWH,X_TAX,NAC,TR,0.20415,0.45099999999999996,NaN,NaN
S,6000,MWH20000-69999,KWH,X_TAX,NAC,UA,1.515,1.55185,NaN,NaN
S,6000,MWH20000-69999,KWH,X_TAX,NAC,UK,0.07305,,NaN,NaN
S,6000,MWH20000-69999,KWH,X_TAX,NAC,XK,0.043050000000000005,,NaN,NaN
S,6000,MWH20000-69999,KWH,X_TAX,PPS,AL,,0.2017,NaN,e
S,6000,MWH20000-69999,KWH,X_TAX,PPS,AT,0.04825,0.0579,NaN,NaN
S,6000,MWH20000-69999,KWH,X_TAX,PPS,BA,0.09475,0.10869999999999999,NaN,NaN
S,6000,MWH20000-69999,KWH,X_TAX,PPS,BE,0.057300000000000004,0.0503,NaN,NaN
S,6000,MWH20000-69999,KWH,X_TAX,PPS,BG,0.14179999999999998,0.13315,NaN,NaN
S,6000,MWH20000-69999,KWH,X_TAX,PPS,CY,0.0994,0.115,NaN,NaN
S,6000,MWH20000-69999,KWH,X_TAX,PPS,CZ,0.1011,0.0947,NaN,NaN
S,6000,MWH20000-69999,KWH,X_TAX,PPS,DE,0.051949999999999996,0.0513,NaN,NaN
S,6000,MWH20000-69999,KWH,X_TAX,PPS,DK,0.0359,0.03775,NaN,NaN
S,6000,MWH20000-69999,KWH,X_TAX,PPS,EA,0.0592,0.0608,NaN,NaN
S,6000,MWH20000-69999,KWH,X_TAX,PPS,EE,0.0811,0.0675,NaN,NaN
S,6000,MWH20000-69999,KWH,X_TAX,PPS,EL,0.07765,0.08455,NaN,NaN
S,6000,MWH20000-69999,KWH,X_TAX,PPS,ES,0.0798,0.0651,NaN,NaN
S,6000,MWH20000-69999,KWH,X_TAX,PPS,EU27_2020,,0.0668,NaN,NaN
S,6000,MWH20000-69999,KWH,X_TAX,PPS,FI,0.0378,0.03685,NaN,NaN
S,6000,MWH20000-69999,KWH,X_TAX,PPS,FR,0.051500000000000004,0.0562,NaN,NaN
S,6000,MWH20000-69999,KWH,X_TAX,PPS,HR,0.09759999999999999,0.11374999999999999,NaN,NaN
S,6000,MWH20000-69999,KWH,X_TAX,PPS,HU,0.11649999999999999,0.10625000000000001,NaN,NaN
S,6000,MWH20000-69999,KWH,X_TAX,PPS,IE,0.0741,0.07445,NaN,NaN
S,6000,MWH20000-69999,KWH,X_TAX,PPS,IS,,,NaN,NaN
S,6000,MWH20000-69999,KWH,X_TAX,PPS,IT,0.07325,0.0745,NaN,NaN
S,6000,MWH20000-69999,KWH,X_TAX,PPS,LT,0.0979,0.1,NaN,NaN
S,6000,MWH20000-69999,KWH,X_TAX,PPS,LU,0.0381,0.035350000000000006,NaN,NaN
S,6000,MWH20000-69999,KWH,X_TAX,PPS,LV,0.1104,0.07844999999999999,NaN,NaN
S,6000,MWH20000-69999,KWH,X_TAX,PPS,ME,0.10644999999999999,0.07735,NaN,NaN
S,6000,MWH20000-69999,KWH,X_TAX,PPS,MK,0.1328,0.14095000000000002,NaN,NaN
S,6000,MWH20000-69999,KWH,X_TAX,PPS,MT,0.1401,0.1176,NaN,NaN
S,6000,MWH20000-69999,KWH,X_TAX,PPS,NL,0.05305,0.05205,NaN,NaN
S,6000,MWH20000-69999,KWH,X_TAX,PPS,NO,0.02685,0.016149999999999998,NaN,NaN
S,6000,MWH20000-69999,KWH,X_TAX,PPS,PL,0.11125,0.1049,NaN,NaN
S,6000,MWH20000-69999,KWH,X_TAX,PPS,PT,0.0886,0.07105,NaN,NaN
S,6000,MWH20000-69999,KWH,X_TAX,PPS,RO,0.10245,0.139,NaN,NaN
S,6000,MWH20000-69999,KWH,X_TAX,PPS,RS,0.10785,0.12235,NaN,NaN
S,6000,MWH20000-69999,KWH,X_TAX,PPS,SE,0.0383,0.03365,NaN,NaN
S,6000,MWH20000-69999,KWH,X_TAX,PPS,SI,0.06755,0.07719999999999999,NaN,NaN
S,6000,MWH20000-69999,KWH,X_TAX,PPS,SK,0.12945,0.09734999999999999,NaN,NaN
S,6000,MWH20000-69999,KWH,X_TAX,PPS,TR,0.1228,0.1372,NaN,NaN
S,6000,MWH20000-69999,KWH,X_TAX,PPS,UK,0.07919999999999999,,NaN,NaN
S,6000,MWH20000-69999,KWH,X_VAT,EUR,AL,,0.10364999999999999,NaN,e
S,6000,MWH20000-69999,KWH,X_VAT,EUR,AT,0.07235,0.09029999999999999,NaN,NaN
S,6000,MWH20000-69999,KWH,X_VAT,EUR,BA,0.0448,0.058249999999999996,NaN,NaN
S,6000,MWH20000-69999,KWH,X_VAT,EUR,BE,0.07545,0.07665,NaN,NaN
S,6000,MWH20000-69999,KWH,X_VAT,EUR,BG,0.06655,0.0728,NaN,NaN
S,6000,MWH20000-69999,KWH,X_VAT,EUR,CY,0.09675,0.1331,NaN,NaN
S,6000,MWH20000-69999,KWH,X_VAT,EUR,CZ,0.0654,0.0763,NaN,NaN
S,6000,MWH20000-69999,KWH,X_VAT,EUR,DE,0.0993,0.12384999999999999,NaN,NaN
S,6000,MWH20000-69999,KWH,X_VAT,EUR,DK,0.0796,0.057249999999999995,NaN,NaN
S,6000,MWH20000-69999,KWH,X_VAT,EUR,EA,0.086,0.092,NaN,NaN
S,6000,MWH20000-69999,KWH,X_VAT,EUR,EE,0.0718,0.06735,NaN,NaN
S,6000,MWH20000-69999,KWH,X_VAT,EUR,EL,0.07450000000000001,0.08080000000000001,NaN,NaN
S,6000,MWH20000-69999,KWH,X_VAT,EUR,ES,0.07465,0.07164999999999999,NaN,NaN
S,6000,MWH20000-69999,KWH,X_VAT,EUR,EU27_2020,0.08145,0.08825,NaN,NaN
S,6000,MWH20000-69999,KWH,X_VAT,EUR,FI,0.053000000000000005,0.0536,NaN,NaN
S,6000,MWH20000-69999,KWH,X_VAT,EUR,FR,0.0649,0.06975,NaN,NaN
S,6000,MWH20000-69999,KWH,X_VAT,EUR,GE,,0.04085,NaN,NaN
S,6000,MWH20000-69999,KWH,X_VAT,EUR,HR,0.064,0.0853,NaN,NaN
S,6000,MWH20000-69999,KWH,X_VAT,EUR,HU,0.07325,0.08,NaN,NaN
S,6000,MWH20000-69999,KWH,X_VAT,EUR,IE,0.0872,0.09465,NaN,NaN
S,6000,MWH20000-69999,KWH,X_VAT,EUR,IS,,,NaN,NaN
S,6000,MWH20000-69999,KWH,X_VAT,EUR,IT,0.12425,0.09864999999999999,NaN,NaN
S,6000,MWH20000-69999,KWH,X_VAT,EUR,LI,,,NaN,NaN
S,6000,MWH20000-69999,KWH,X_VAT,EUR,LT,0.0744,0.07780000000000001,NaN,NaN
S,6000,MWH20000-69999,KWH,X_VAT,EUR,LU,0.0458,0.0463,NaN,NaN
S,6000,MWH20000-69999,KWH,X_VAT,EUR,LV,0.10014999999999999,0.07605,NaN,NaN
S,6000,MWH20000-69999,KWH,X_VAT,EUR,MD,,0.0641,NaN,NaN
S,6000,MWH20000-69999,KWH,X_VAT,EUR,ME,0.051750000000000004,0.041550000000000004,NaN,NaN
S,6000,MWH20000-69999,KWH,X_VAT,EUR,MK,0.055099999999999996,0.06475,NaN,NaN
S,6000,MWH20000-69999,KWH,X_VAT,EUR,MT,0.1124,0.10464999999999999,NaN,NaN
S,6000,MWH20000-69999,KWH,X_VAT,EUR,NL,0.062400000000000004,0.06795000000000001,NaN,NaN
S,6000,MWH20000-69999,KWH,X_VAT,EUR,NO,0.054599999999999996,0.03175,NaN,NaN
S,6000,MWH20000-69999,KWH,X_VAT,EUR,PL,0.06484999999999999,0.0883,NaN,NaN
S,6000,MWH20000-69999,KWH,X_VAT,EUR,PT,0.08585000000000001,0.08455,NaN,NaN
S,6000,MWH20000-69999,KWH,X_VAT,EUR,RO,0.06185,0.08915000000000001,NaN,NaN
S,6000,MWH20000-69999,KWH,X_VAT,EUR,RS,0.05245,0.07089999999999999,NaN,NaN
S,6000,MWH20000-69999,KWH,X_VAT,EUR,SE,0.0489,0.04305,NaN,NaN
S,6000,MWH20000-69999,KWH,X_VAT,EUR,SI,0.062450000000000006,0.07300000000000001,NaN,NaN
S,6000,MWH20000-69999,KWH,X_VAT,EUR,SK,0.08885,0.11275,NaN,NaN
S,6000,MWH20000-69999,KWH,X_VAT,EUR,TR,0.06325,0.058499999999999996,NaN,NaN
S,6000,MWH20000-69999,KWH,X_VAT,EUR,UA,0.05355,0.0505,NaN,NaN
S,6000,MWH20000-69999,KWH,X_VAT,EUR,UK,0.12009999999999998,,NaN,NaN
S,6000,MWH20000-69999,KWH,X_VAT,EUR,XK,0.049350000000000005,,NaN,NaN
S,6000,MWH20000-69999,KWH,X_VAT,NAC,AL,,12.83,NaN,e
S,6000,MWH20000-69999,KWH,X_VAT,NAC,AT,0.07235,0.09029999999999999,NaN,NaN
S,6000,MWH20000-69999,KWH,X_VAT,NAC,BA,0.08765,0.11395,NaN,NaN
S,6000,MWH20000-69999,KWH,X_VAT,NAC,BE,0.07545,0.07665,NaN,NaN
S,6000,MWH20000-69999,KWH,X_VAT,NAC,BG,0.13015,0.14235,NaN,NaN
S,6000,MWH20000-69999,KWH,X_VAT,NAC,CY,0.09675,0.1331,NaN,NaN
S,6000,MWH20000-69999,KWH,X_VAT,NAC,CZ,1.7689,2.0184,NaN,NaN
S,6000,MWH20000-69999,KWH,X_VAT,NAC,DE,0.0993,0.12384999999999999,NaN,NaN
S,6000,MWH20000-69999,KWH,X_VAT,NAC,DK,0.5929,0.42695,NaN,NaN
S,6000,MWH20000-69999,KWH,X_VAT,NAC,EA,0.08610000000000001,,NaN,NaN
S,6000,MWH20000-69999,KWH,X_VAT,NAC,EE,0.0718,0.06735,NaN,NaN
S,6000,MWH20000-69999,KWH,X_VAT,NAC,EL,0.07450000000000001,0.08080000000000001,NaN,NaN
S,6000,MWH20000-69999,KWH,X_VAT,NAC,ES,0.07465,0.07164999999999999,NaN,NaN
S,6000,MWH20000-69999,KWH,X_VAT,NAC,FI,0.053000000000000005,0.0536,NaN,NaN
S,6000,MWH20000-69999,KWH,X_VAT,NAC,FR,0.0649,0.06975,NaN,NaN
S,6000,MWH20000-69999,KWH,X_VAT,NAC,GE,,0.14384999999999998,NaN,NaN
S,6000,MWH20000-69999,KWH,X_VAT,NAC,HR,0.4822,0.6428499999999999,NaN,NaN
S,6000,MWH20000-69999,KWH,X_VAT,NAC,HU,22.8097,28.0765,NaN,NaN
S,6000,MWH20000-69999,KWH,X_VAT,NAC,IE,0.0872,0.09465,NaN,NaN
S,6000,MWH20000-69999,KWH,X_VAT,NAC,IS,,,NaN,NaN
S,6000,MWH20000-69999,KWH,X_VAT,NAC,IT,0.12425,0.09864999999999999,NaN,NaN
S,6000,MWH20000-69999,KWH,X_VAT,NAC,LI,,,NaN,NaN
S,6000,MWH20000-69999,KWH,X_VAT,NAC,LT,0.0744,0.07780000000000001,NaN,NaN
S,6000,MWH20000-69999,KWH,X_VAT,NAC,LU,0.0458,0.0463,NaN,NaN
S,6000,MWH20000-69999,KWH,X_VAT,NAC,LV,0.10014999999999999,0.07605,NaN,NaN
S,6000,MWH20000-69999,KWH,X_VAT,NAC,MD,,1.2650000000000001,NaN,NaN
S,6000,MWH20000-69999,KWH,X_VAT,NAC,ME,0.051750000000000004,0.041550000000000004,NaN,NaN
S,6000,MWH20000-69999,KWH,X_VAT,NAC,MK,3.3939500000000002,3.9927,NaN,NaN
S,6000,MWH20000-69999,KWH,X_VAT,NAC,MT,0.1124,0.10464999999999999,NaN,NaN
S,6000,MWH20000-69999,KWH,X_VAT,NAC,NL,0.062400000000000004,0.06795000000000001,NaN,NaN
S,6000,MWH20000-69999,KWH,X_VAT,NAC,NO,0.50715,0.34085,NaN,NaN
S,6000,MWH20000-69999,KWH,X_VAT,NAC,PL,0.28295000000000003,0.39225,NaN,NaN
S,6000,MWH20000-69999,KWH,X_VAT,NAC,PT,0.08585000000000001,0.08455,NaN,NaN
S,6000,MWH20000-69999,KWH,X_VAT,NAC,RO,0.2776,0.43105,NaN,NaN
S,6000,MWH20000-69999,KWH,X_VAT,NAC,RS,6.45285,8.33835,NaN,NaN
S,6000,MWH20000-69999,KWH,X_VAT,NAC,SE,0.4631,0.4508,NaN,NaN
S,6000,MWH20000-69999,KWH,X_VAT,NAC,SI,0.062450000000000006,0.07300000000000001,NaN,NaN
S,6000,MWH20000-69999,KWH,X_VAT,NAC,SK,0.08885,0.11275,NaN,NaN
S,6000,MWH20000-69999,KWH,X_VAT,NAC,TR,0.2112,0.46495,NaN,NaN
S,6000,MWH20000-69999,KWH,X_VAT,NAC,UA,1.515,1.55185,NaN,NaN
S,6000,MWH20000-69999,KWH,X_VAT,NAC,UK,0.09815,,NaN,NaN
S,6000,MWH20000-69999,KWH,X_VAT,NAC,XK,0.049350000000000005,,NaN,NaN
S,6000,MWH20000-69999,KWH,X_VAT,PPS,AL,,0.2017,NaN,e
S,6000,MWH20000-69999,KWH,X_VAT,PPS,AT,0.0678,0.079,NaN,NaN
S,6000,MWH20000-69999,KWH,X_VAT,PPS,BA,0.09475,0.11374999999999999,NaN,NaN
S,6000,MWH20000-69999,KWH,X_VAT,PPS,BE,0.07015,0.06870000000000001,NaN,NaN
S,6000,MWH20000-69999,KWH,X_VAT,PPS,BG,0.14400000000000002,0.13505,NaN,NaN
S,6000,MWH20000-69999,KWH,X_VAT,PPS,CY,0.10944999999999999,0.14529999999999998,NaN,NaN
S,6000,MWH20000-69999,KWH,X_VAT,PPS,CZ,0.10275000000000001,0.1054,NaN,NaN
S,6000,MWH20000-69999,KWH,X_VAT,PPS,DE,0.09605,0.11205000000000001,NaN,NaN
S,6000,MWH20000-69999,KWH,X_VAT,PPS,DK,0.05935,0.043050000000000005,NaN,NaN
S,6000,MWH20000-69999,KWH,X_VAT,PPS,EA,0.0839,0.08835,NaN,NaN
S,6000,MWH20000-69999,KWH,X_VAT,PPS,EE,0.09970000000000001,0.08395,NaN,NaN
S,6000,MWH20000-69999,KWH,X_VAT,PPS,EL,0.09025,0.09765,NaN,NaN
S,6000,MWH20000-69999,KWH,X_VAT,PPS,ES,0.0839,0.0763,NaN,NaN
S,6000,MWH20000-69999,KWH,X_VAT,PPS,EU27_2020,,0.0929,NaN,NaN
S,6000,MWH20000-69999,KWH,X_VAT,PPS,FI,0.0436,0.04239999999999999,NaN,NaN
S,6000,MWH20000-69999,KWH,X_VAT,PPS,FR,0.0591,0.0641,NaN,NaN
S,6000,MWH20000-69999,KWH,X_VAT,PPS,HR,0.10175000000000001,0.13225,NaN,NaN
S,6000,MWH20000-69999,KWH,X_VAT,PPS,HU,0.1301,0.12605,NaN,NaN
S,6000,MWH20000-69999,KWH,X_VAT,PPS,IE,0.0797,0.0784,NaN,NaN
S,6000,MWH20000-69999,KWH,X_VAT,PPS,IS,,,NaN,NaN
S,6000,MWH20000-69999,KWH,X_VAT,PPS,IT,0.1266,0.0993,NaN,NaN
S,6000,MWH20000-69999,KWH,X_VAT,PPS,LT,0.12395,0.11415,NaN,NaN
S,6000,MWH20000-69999,KWH,X_VAT,PPS,LU,0.03885,0.035750000000000004,NaN,NaN
S,6000,MWH20000-69999,KWH,X_VAT,PPS,LV,0.15075,0.10300000000000001,NaN,NaN
S,6000,MWH20000-69999,KWH,X_VAT,PPS,ME,0.10644999999999999,0.0824,NaN,NaN
S,6000,MWH20000-69999,KWH,X_VAT,PPS,MK,0.1328,0.14095000000000002,NaN,NaN
S,6000,MWH20000-69999,KWH,X_VAT,PPS,MT,0.1401,0.1193,NaN,NaN
S,6000,MWH20000-69999,KWH,X_VAT,PPS,NL,0.05765,0.058649999999999994,NaN,NaN
S,6000,MWH20000-69999,KWH,X_VAT,PPS,NO,0.03925,0.0225,NaN,NaN
S,6000,MWH20000-69999,KWH,X_VAT,PPS,PL,0.1197,0.1464,NaN,NaN
S,6000,MWH20000-69999,KWH,X_VAT,PPS,PT,0.11,0.09935,NaN,NaN
S,6000,MWH20000-69999,KWH,X_VAT,PPS,RO,0.12669999999999998,0.16865,NaN,NaN
S,6000,MWH20000-69999,KWH,X_VAT,PPS,RS,0.11879999999999999,0.13340000000000002,NaN,NaN
S,6000,MWH20000-69999,KWH,X_VAT,PPS,SE,0.0387,0.03405,NaN,NaN
S,6000,MWH20000-69999,KWH,X_VAT,PPS,SI,0.07955,0.08685,NaN,NaN
S,6000,MWH20000-69999,KWH,X_VAT,PPS,SK,0.1363,0.14005,NaN,NaN
S,6000,MWH20000-69999,KWH,X_VAT,PPS,TR,0.12705,0.1414,NaN,NaN
S,6000,MWH20000-69999,KWH,X_VAT,PPS,UK,0.1064,,NaN,NaN
S,6000,MWH500-1999,KWH,I_TAX,EUR,AL,,0.1244,NaN,e
S,6000,MWH500-1999,KWH,I_TAX,EUR,AT,0.12465000000000001,0.14250000000000002,NaN,NaN
S,6000,MWH500-1999,KWH,I_TAX,EUR,BA,0.07135,0.08560000000000001,NaN,NaN
S,6000,MWH500-1999,KWH,I_TAX,EUR,BE,0.13735,0.1417,NaN,NaN
S,6000,MWH500-1999,KWH,I_TAX,EUR,BG,0.1074,0.0995,NaN,NaN
S,6000,MWH500-1999,KWH,I_TAX,EUR,CY,0.1385,0.16570000000000001,NaN,NaN
S,6000,MWH500-1999,KWH,I_TAX,EUR,CZ,0.08845,0.1021,NaN,NaN
S,6000,MWH500-1999,KWH,I_TAX,EUR,DE,0.1966,0.21805,NaN,NaN
S,6000,MWH500-1999,KWH,I_TAX,EUR,DK,0.26575000000000004,0.23005,NaN,NaN
S,6000,MWH500-1999,KWH,I_TAX,EUR,EA,0.14834999999999998,0.16105,NaN,NaN
S,6000,MWH500-1999,KWH,I_TAX,EUR,EE,0.10644999999999999,0.1018,NaN,NaN
S,6000,MWH500-1999,KWH,I_TAX,EUR,EL,0.1293,0.11295,NaN,NaN
S,6000,MWH500-1999,KWH,I_TAX,EUR,ES,0.1291,0.1362,NaN,NaN
S,6000,MWH500-1999,KWH,I_TAX,EUR,EU27_2020,0.1397,0.15284999999999999,NaN,NaN
S,6000,MWH500-1999,KWH,I_TAX,EUR,FI,0.08549999999999999,0.09015000000000001,NaN,NaN
S,6000,MWH500-1999,KWH,I_TAX,EUR,FR,0.111,0.12035,NaN,NaN
S,6000,MWH500-1999,KWH,I_TAX,EUR,GE,,0.0555,NaN,NaN
S,6000,MWH500-1999,KWH,I_TAX,EUR,HR,0.11125,0.11674999999999999,NaN,NaN
S,6000,MWH500-1999,KWH,I_TAX,EUR,HU,0.0998,0.11965,NaN,NaN
S,6000,MWH500-1999,KWH,I_TAX,EUR,IE,0.1451,0.15055,NaN,NaN
S,6000,MWH500-1999,KWH,I_TAX,EUR,IS,0.0826,0.08105000000000001,NaN,e
S,6000,MWH500-1999,KWH,I_TAX,EUR,IT,0.1789,0.17455,NaN,NaN
S,6000,MWH500-1999,KWH,I_TAX,EUR,LI,0.15885,0.11065,NaN,NaN
S,6000,MWH500-1999,KWH,I_TAX,EUR,LT,0.11025,0.1192,NaN,NaN
S,6000,MWH500-1999,KWH,I_TAX,EUR,LU,0.09345,0.10145,NaN,NaN
S,6000,MWH500-1999,KWH,I_TAX,EUR,LV,0.14315,0.1261,NaN,NaN
S,6000,MWH500-1999,KWH,I_TAX,EUR,MD,0.08955,0.0906,NaN,NaN
S,6000,MWH500-1999,KWH,I_TAX,EUR,ME,0.09375,0.09079999999999999,NaN,NaN
S,6000,MWH500-1999,KWH,I_TAX,EUR,MK,0.0791,0.09054999999999999,NaN,NaN
S,6000,MWH500-1999,KWH,I_TAX,EUR,MT,0.1481,0.14095,NaN,NaN
S,6000,MWH500-1999,KWH,I_TAX,EUR,NL,0.10055,0.12719999999999998,NaN,NaN
S,6000,MWH500-1999,KWH,I_TAX,EUR,NO,0.09734999999999999,0.06185,NaN,NaN
S,6000,MWH500-1999,KWH,I_TAX,EUR,PL,0.0998,0.13305,NaN,NaN
S,6000,MWH500-1999,KWH,I_TAX,EUR,PT,0.13879999999999998,0.13624999999999998,NaN,NaN
S,6000,MWH500-1999,KWH,I_TAX,EUR,RO,0.09195,0.12390000000000001,NaN,NaN
S,6000,MWH500-1999,KWH,I_TAX,EUR,RS,0.06845,0.09655,NaN,NaN
S,6000,MWH500-1999,KWH,I_TAX,EUR,SE,0.0795,0.0789,NaN,NaN
S,6000,MWH500-1999,KWH,I_TAX,EUR,SI,0.1024,0.11954999999999999,NaN,NaN
S,6000,MWH500-1999,KWH,I_TAX,EUR,SK,0.13219999999999998,0.1582,NaN,NaN
S,6000,MWH500-1999,KWH,I_TAX,EUR,TR,0.0867,0.085,NaN,NaN
S,6000,MWH500-1999,KWH,I_TAX,EUR,UA,,0.06915,NaN,NaN
S,6000,MWH500-1999,KWH,I_TAX,EUR,UK,0.15935,,NaN,NaN
S,6000,MWH500-1999,KWH,I_TAX,EUR,XK,0.0821,0.07300000000000001,NaN,NaN
S,6000,MWH500-1999,KWH,I_TAX,NAC,AL,,15.396,NaN,e
S,6000,MWH500-1999,KWH,I_TAX,NAC,AT,0.12465000000000001,0.14250000000000002,NaN,NaN
S,6000,MWH500-1999,KWH,I_TAX,NAC,BA,0.13955,0.16749999999999998,NaN,NaN
S,6000,MWH500-1999,KWH,I_TAX,NAC,BE,0.13735,0.1417,NaN,NaN
S,6000,MWH500-1999,KWH,I_TAX,NAC,BG,0.21005000000000001,0.1946,NaN,NaN
S,6000,MWH500-1999,KWH,I_TAX,NAC,CY,0.1385,0.16570000000000001,NaN,NaN
S,6000,MWH500-1999,KWH,I_TAX,NAC,CZ,2.39135,2.7016999999999998,NaN,NaN
S,6000,MWH500-1999,KWH,I_TAX,NAC,DE,0.1966,0.21805,NaN,NaN
S,6000,MWH500-1999,KWH,I_TAX,NAC,DK,1.9785,1.7147999999999999,NaN,NaN
S,6000,MWH500-1999,KWH,I_TAX,NAC,EA,0.1486,,NaN,NaN
S,6000,MWH500-1999,KWH,I_TAX,NAC,EE,0.10644999999999999,0.1018,NaN,NaN
S,6000,MWH500-1999,KWH,I_TAX,NAC,EL,0.1293,0.11295,NaN,NaN
S,6000,MWH500-1999,KWH,I_TAX,NAC,ES,0.1291,0.1362,NaN,NaN
S,6000,MWH500-1999,KWH,I_TAX,NAC,FI,0.08549999999999999,0.09015000000000001,NaN,NaN
S,6000,MWH500-1999,KWH,I_TAX,NAC,FR,0.111,0.12035,NaN,NaN
S,6000,MWH500-1999,KWH,I_TAX,NAC,GE,,0.19624999999999998,NaN,NaN
S,6000,MWH500-1999,KWH,I_TAX,NAC,HR,0.8384,0.8801,NaN,NaN
S,6000,MWH500-1999,KWH,I_TAX,NAC,HU,31.0944,42.00705000000001,NaN,NaN
S,6000,MWH500-1999,KWH,I_TAX,NAC,IE,0.1451,0.15055,NaN,NaN
S,6000,MWH500-1999,KWH,I_TAX,NAC,IS,11.1106,12.52,NaN,e
S,6000,MWH500-1999,KWH,I_TAX,NAC,IT,0.1789,0.17455,NaN,NaN
S,6000,MWH500-1999,KWH,I_TAX,NAC,LI,0.1732,0.11885000000000001,NaN,NaN
S,6000,MWH500-1999,KWH,I_TAX,NAC,LT,0.11025,0.1192,NaN,NaN
S,6000,MWH500-1999,KWH,I_TAX,NAC,LU,0.09345,0.10145,NaN,NaN
S,6000,MWH500-1999,KWH,I_TAX,NAC,LV,0.14315,0.1261,NaN,NaN
S,6000,MWH500-1999,KWH,I_TAX,NAC,MD,1.9741,1.7875,NaN,NaN
S,6000,MWH500-1999,KWH,I_TAX,NAC,ME,0.09375,0.09079999999999999,NaN,NaN
S,6000,MWH500-1999,KWH,I_TAX,NAC,MK,4.87245,5.5824,NaN,NaN
S,6000,MWH500-1999,KWH,I_TAX,NAC,MT,0.1481,0.14095,NaN,NaN
S,6000,MWH500-1999,KWH,I_TAX,NAC,NL,0.10055,0.12719999999999998,NaN,NaN
S,6000,MWH500-1999,KWH,I_TAX,NAC,NO,0.9037,0.66385,NaN,NaN
S,6000,MWH500-1999,KWH,I_TAX,NAC,PL,0.43545,0.5911500000000001,NaN,NaN
S,6000,MWH500-1999,KWH,I_TAX,NAC,PT,0.13879999999999998,0.13624999999999998,NaN,NaN
S,6000,MWH500-1999,KWH,I_TAX,NAC,RO,0.41285,0.59935,NaN,NaN
S,6000,MWH500-1999,KWH,I_TAX,NAC,RS,8.4212,11.3527,NaN,NaN
S,6000,MWH500-1999,KWH,I_TAX,NAC,SE,0.75295,0.8270500000000001,NaN,NaN
S,6000,MWH500-1999,KWH,I_TAX,NAC,SI,0.1024,0.11954999999999999,NaN,NaN
S,6000,MWH500-1999,KWH,I_TAX,NAC,SK,0.13219999999999998,0.1582,NaN,NaN
S,6000,MWH500-1999,KWH,I_TAX,NAC,TR,0.28964999999999996,0.6757500000000001,NaN,NaN
S,6000,MWH500-1999,KWH,I_TAX,NAC,UA,,2.1245000000000003,NaN,NaN
S,6000,MWH500-1999,KWH,I_TAX,NAC,UK,0.13025,,NaN,NaN
S,6000,MWH500-1999,KWH,I_TAX,NAC,XK,0.0821,0.07300000000000001,NaN,NaN
S,6000,MWH500-1999,KWH,I_TAX,PPS,AL,,0.2421,NaN,e
S,6000,MWH500-1999,KWH,I_TAX,PPS,AT,0.1168,0.12465,NaN,NaN
S,6000,MWH500-1999,KWH,I_TAX,PPS,BA,0.1509,0.16720000000000002,NaN,NaN
S,6000,MWH500-1999,KWH,I_TAX,PPS,BE,0.12775,0.127,NaN,NaN
S,6000,MWH500-1999,KWH,I_TAX,PPS,BG,0.2324,0.18465,NaN,NaN
S,6000,MWH500-1999,KWH,I_TAX,PPS,CY,0.15665,0.18085,NaN,NaN
S,6000,MWH500-1999,KWH,I_TAX,PPS,CZ,0.1389,0.1411,NaN,NaN
S,6000,MWH500-1999,KWH,I_TAX,PPS,DE,0.19014999999999999,0.19735,NaN,NaN
S,6000,MWH500-1999,KWH,I_TAX,PPS,DK,0.19790000000000002,0.17275000000000001,NaN,NaN
S,6000,MWH500-1999,KWH,I_TAX,PPS,EA,0.14485,0.1543,NaN,NaN
S,6000,MWH500-1999,KWH,I_TAX,PPS,EE,0.1478,0.12685,NaN,NaN
S,6000,MWH500-1999,KWH,I_TAX,PPS,EL,0.1567,0.13655,NaN,NaN
S,6000,MWH500-1999,KWH,I_TAX,PPS,ES,0.1451,0.1451,NaN,NaN
S,6000,MWH500-1999,KWH,I_TAX,PPS,EU27_2020,,0.1577,NaN,NaN
S,6000,MWH500-1999,KWH,I_TAX,PPS,FI,0.0703,0.0713,NaN,NaN
S,6000,MWH500-1999,KWH,I_TAX,PPS,FR,0.10105,0.11055,NaN,NaN
S,6000,MWH500-1999,KWH,I_TAX,PPS,HR,0.17685,0.18109999999999998,NaN,NaN
S,6000,MWH500-1999,KWH,I_TAX,PPS,HU,0.17735,0.18864999999999998,NaN,NaN
S,6000,MWH500-1999,KWH,I_TAX,PPS,IE,0.13255,0.1247,NaN,NaN
S,6000,MWH500-1999,KWH,I_TAX,PPS,IS,0.05935,0.0559,NaN,e
S,6000,MWH500-1999,KWH,I_TAX,PPS,IT,0.18225000000000002,0.17575,NaN,NaN
S,6000,MWH500-1999,KWH,I_TAX,PPS,LT,0.1837,0.17485,NaN,NaN
S,6000,MWH500-1999,KWH,I_TAX,PPS,LU,0.07925,0.0784,NaN,NaN
S,6000,MWH500-1999,KWH,I_TAX,PPS,LV,0.2155,0.17085,NaN,NaN
S,6000,MWH500-1999,KWH,I_TAX,PPS,ME,0.19275,0.18005,NaN,NaN
S,6000,MWH500-1999,KWH,I_TAX,PPS,MK,0.19095,0.19705,NaN,NaN
S,6000,MWH500-1999,KWH,I_TAX,PPS,MT,0.1846,0.16075,NaN,NaN
S,6000,MWH500-1999,KWH,I_TAX,PPS,NL,0.09290000000000001,0.10985,NaN,NaN
S,6000,MWH500-1999,KWH,I_TAX,PPS,NO,0.06995,0.04385,NaN,NaN
S,6000,MWH500-1999,KWH,I_TAX,PPS,PL,0.18425,0.22065,NaN,NaN
S,6000,MWH500-1999,KWH,I_TAX,PPS,PT,0.1779,0.1601,NaN,NaN
S,6000,MWH500-1999,KWH,I_TAX,PPS,RO,0.1884,0.23454999999999998,NaN,NaN
S,6000,MWH500-1999,KWH,I_TAX,PPS,RS,0.155,0.18165,NaN,NaN
S,6000,MWH500-1999,KWH,I_TAX,PPS,SE,0.06295,0.0625,NaN,NaN
S,6000,MWH500-1999,KWH,I_TAX,PPS,SI,0.13040000000000002,0.14225,NaN,NaN
S,6000,MWH500-1999,KWH,I_TAX,PPS,SK,0.2028,0.1965,NaN,NaN
S,6000,MWH500-1999,KWH,I_TAX,PPS,TR,0.1743,0.20555,NaN,NaN
S,6000,MWH500-1999,KWH,I_TAX,PPS,UK,0.14125,,NaN,NaN
S,6000,MWH500-1999,KWH,X_TAX,EUR,AL,,0.10364999999999999,NaN,e
S,6000,MWH500-1999,KWH,X_TAX,EUR,AT,0.0694,0.0874,NaN,NaN
S,6000,MWH500-1999,KWH,X_TAX,EUR,BA,0.06095,0.07050000000000001,NaN,NaN
S,6000,MWH500-1999,KWH,X_TAX,EUR,BE,0.08645,0.08025,NaN,NaN
S,6000,MWH500-1999,KWH,X_TAX,EUR,BG,0.0885,0.0819,NaN,NaN
S,6000,MWH500-1999,KWH,X_TAX,EUR,CY,0.10825,0.11365,NaN,NaN
S,6000,MWH500-1999,KWH,X_TAX,EUR,CZ,0.07205,0.07145,NaN,NaN
S,6000,MWH500-1999,KWH,X_TAX,EUR,DE,0.07905,0.0867,NaN,NaN
S,6000,MWH500-1999,KWH,X_TAX,EUR,DK,0.06104999999999999,0.057749999999999996,NaN,NaN
S,6000,MWH500-1999,KWH,X_TAX,EUR,EA,0.08065,0.08385000000000001,NaN,NaN
S,6000,MWH500-1999,KWH,X_TAX,EUR,EE,0.0746,0.07125000000000001,NaN,NaN
S,6000,MWH500-1999,KWH,X_TAX,EUR,EL,0.0902,0.0814,NaN,NaN
S,6000,MWH500-1999,KWH,X_TAX,EUR,ES,0.1015,0.0834,NaN,NaN
S,6000,MWH500-1999,KWH,X_TAX,EUR,EU27_2020,0.0788,0.0818,NaN,NaN
S,6000,MWH500-1999,KWH,X_TAX,EUR,FI,0.0619,0.06570000000000001,NaN,NaN
S,6000,MWH500-1999,KWH,X_TAX,EUR,FR,0.06845000000000001,0.08005,NaN,NaN
S,6000,MWH500-1999,KWH,X_TAX,EUR,GE,,0.047,NaN,NaN
S,6000,MWH500-1999,KWH,X_TAX,EUR,HR,0.0838,0.0888,NaN,NaN
S,6000,MWH500-1999,KWH,X_TAX,EUR,HU,0.0724,0.08410000000000001,NaN,NaN
S,6000,MWH500-1999,KWH,X_TAX,EUR,IE,0.11565,0.12585000000000002,NaN,NaN
S,6000,MWH500-1999,KWH,X_TAX,EUR,IS,0.06720000000000001,0.07085,NaN,NaN
S,6000,MWH500-1999,KWH,X_TAX,EUR,IT,0.086,0.0867,NaN,NaN
S,6000,MWH500-1999,KWH,X_TAX,EUR,LI,0.12614999999999998,0.08875,NaN,NaN
S,6000,MWH500-1999,KWH,X_TAX,EUR,LT,0.07535,0.0886,NaN,NaN
S,6000,MWH500-1999,KWH,X_TAX,EUR,LU,0.07755000000000001,0.0828,NaN,NaN
S,6000,MWH500-1999,KWH,X_TAX,EUR,LV,0.0915,0.0826,NaN,NaN
S,6000,MWH500-1999,KWH,X_TAX,EUR,MD,0.08024999999999999,0.07565,NaN,NaN
S,6000,MWH500-1999,KWH,X_TAX,EUR,ME,0.07880000000000001,0.06395,NaN,NaN
S,6000,MWH500-1999,KWH,X_TAX,EUR,MK,0.067,0.07669999999999999,NaN,NaN
S,6000,MWH500-1999,KWH,X_TAX,EUR,MT,0.14105,0.13275,NaN,NaN
S,6000,MWH500-1999,KWH,X_TAX,EUR,NL,0.06545,0.0689,NaN,NaN
S,6000,MWH500-1999,KWH,X_TAX,EUR,NO,0.060649999999999996,0.04045,NaN,NaN
S,6000,MWH500-1999,KWH,X_TAX,EUR,PL,0.07655,0.07919999999999999,NaN,NaN
S,6000,MWH500-1999,KWH,X_TAX,EUR,PT,0.09455,0.07875,NaN,NaN
S,6000,MWH500-1999,KWH,X_TAX,EUR,RO,0.0639,0.0869,NaN,NaN
S,6000,MWH500-1999,KWH,X_TAX,EUR,RS,0.051699999999999996,0.07395,NaN,NaN
S,6000,MWH500-1999,KWH,X_TAX,EUR,SE,0.0631,0.0627,NaN,NaN
S,6000,MWH500-1999,KWH,X_TAX,EUR,SI,0.06720000000000001,0.081,NaN,NaN
S,6000,MWH500-1999,KWH,X_TAX,EUR,SK,0.1057,0.09745,NaN,NaN
S,6000,MWH500-1999,KWH,X_TAX,EUR,TR,0.0713,0.07005,NaN,NaN
S,6000,MWH500-1999,KWH,X_TAX,EUR,UA,,0.05765,NaN,NaN
S,6000,MWH500-1999,KWH,X_TAX,EUR,UK,0.1006,,NaN,NaN
S,6000,MWH500-1999,KWH,X_TAX,EUR,XK,0.06975,0.06395,NaN,NaN
S,6000,MWH500-1999,KWH,X_TAX,NAC,AL,,12.83,NaN,e
S,6000,MWH500-1999,KWH,X_TAX,NAC,AT,0.0694,0.0874,NaN,NaN
S,6000,MWH500-1999,KWH,X_TAX,NAC,BA,0.11925,0.13790000000000002,NaN,NaN
S,6000,MWH500-1999,KWH,X_TAX,NAC,BE,0.08645,0.08025,NaN,NaN
S,6000,MWH500-1999,KWH,X_TAX,NAC,BG,0.1731,0.1602,NaN,NaN
S,6000,MWH500-1999,KWH,X_TAX,NAC,CY,0.10825,0.11365,NaN,NaN
S,6000,MWH500-1999,KWH,X_TAX,NAC,CZ,1.948,1.8900000000000001,NaN,NaN
S,6000,MWH500-1999,KWH,X_TAX,NAC,DE,0.07905,0.0867,NaN,NaN
S,6000,MWH500-1999,KWH,X_TAX,NAC,DK,0.4545,0.4304,NaN,NaN
S,6000,MWH500-1999,KWH,X_TAX,NAC,EA,0.0807,,NaN,NaN
S,6000,MWH500-1999,KWH,X_TAX,NAC,EE,0.0746,0.07125000000000001,NaN,NaN
S,6000,MWH500-1999,KWH,X_TAX,NAC,EL,0.0902,0.0814,NaN,NaN
S,6000,MWH500-1999,KWH,X_TAX,NAC,ES,0.1015,0.0834,NaN,NaN
S,6000,MWH500-1999,KWH,X_TAX,NAC,FI,0.0619,0.06570000000000001,NaN,NaN
S,6000,MWH500-1999,KWH,X_TAX,NAC,FR,0.06845000000000001,0.08005,NaN,NaN
S,6000,MWH500-1999,KWH,X_TAX,NAC,GE,,0.1663,NaN,NaN
S,6000,MWH500-1999,KWH,X_TAX,NAC,HR,0.6313,0.66945,NaN,NaN
S,6000,MWH500-1999,KWH,X_TAX,NAC,HU,22.5434,29.5312,NaN,NaN
S,6000,MWH500-1999,KWH,X_TAX,NAC,IE,0.11565,0.12585000000000002,NaN,NaN
S,6000,MWH500-1999,KWH,X_TAX,NAC,IS,9.019950000000001,10.940000000000001,NaN,NaN
S,6000,MWH500-1999,KWH,X_TAX,NAC,IT,0.086,0.0867,NaN,NaN
S,6000,MWH500-1999,KWH,X_TAX,NAC,LI,0.1375,0.09535,NaN,NaN
S,6000,MWH500-1999,KWH,X_TAX,NAC,LT,0.07535,0.0886,NaN,NaN
S,6000,MWH500-1999,KWH,X_TAX,NAC,LU,0.07755000000000001,0.0828,NaN,NaN
S,6000,MWH500-1999,KWH,X_TAX,NAC,LV,0.0915,0.0826,NaN,NaN
S,6000,MWH500-1999,KWH,X_TAX,NAC,MD,1.77045,1.4927000000000001,NaN,NaN
S,6000,MWH500-1999,KWH,X_TAX,NAC,ME,0.07880000000000001,0.06395,NaN,NaN
S,6000,MWH500-1999,KWH,X_TAX,NAC,MK,4.1292,4.73085,NaN,NaN
S,6000,MWH500-1999,KWH,X_TAX,NAC,MT,0.14105,0.13275,NaN,NaN
S,6000,MWH500-1999,KWH,X_TAX,NAC,NL,0.06545,0.0689,NaN,NaN
S,6000,MWH500-1999,KWH,X_TAX,NAC,NO,0.56295,0.43394999999999995,NaN,NaN
S,6000,MWH500-1999,KWH,X_TAX,NAC,PL,0.33404999999999996,0.3519,NaN,NaN
S,6000,MWH500-1999,KWH,X_TAX,NAC,PT,0.09455,0.07875,NaN,NaN
S,6000,MWH500-1999,KWH,X_TAX,NAC,RO,0.28695000000000004,0.42025,NaN,NaN
S,6000,MWH500-1999,KWH,X_TAX,NAC,RS,6.36265,8.69305,NaN,NaN
S,6000,MWH500-1999,KWH,X_TAX,NAC,SE,0.59735,0.65665,NaN,NaN
S,6000,MWH500-1999,KWH,X_TAX,NAC,SI,0.06720000000000001,0.081,NaN,NaN
S,6000,MWH500-1999,KWH,X_TAX,NAC,SK,0.1057,0.09745,NaN,NaN
S,6000,MWH500-1999,KWH,X_TAX,NAC,TR,0.23825,0.5569,NaN,NaN
S,6000,MWH500-1999,KWH,X_TAX,NAC,UA,,1.7704,NaN,NaN
S,6000,MWH500-1999,KWH,X_TAX,NAC,UK,0.08225,,NaN,NaN
S,6000,MWH500-1999,KWH,X_TAX,NAC,XK,0.06975,0.06395,NaN,NaN
S,6000,MWH500-1999,KWH,X_TAX,PPS,AL,,0.2017,NaN,e
S,6000,MWH500-1999,KWH,X_TAX,PPS,AT,0.06505,0.07645,NaN,NaN
S,6000,MWH500-1999,KWH,X_TAX,PPS,BA,0.12895,0.1377,NaN,NaN
S,6000,MWH500-1999,KWH,X_TAX,PPS,BE,0.0804,0.07195,NaN,NaN
S,6000,MWH500-1999,KWH,X_TAX,PPS,BG,0.19155,0.152,NaN,NaN
S,6000,MWH500-1999,KWH,X_TAX,PPS,CY,0.1224,0.12405,NaN,NaN
S,6000,MWH500-1999,KWH,X_TAX,PPS,CZ,0.11315,0.09875,NaN,NaN
S,6000,MWH500-1999,KWH,X_TAX,PPS,DE,0.07644999999999999,0.07844999999999999,NaN,NaN
S,6000,MWH500-1999,KWH,X_TAX,PPS,DK,0.045450000000000004,0.04335,NaN,NaN
S,6000,MWH500-1999,KWH,X_TAX,PPS,EA,0.07865,0.08085,NaN,NaN
S,6000,MWH500-1999,KWH,X_TAX,PPS,EE,0.1036,0.08879999999999999,NaN,NaN
S,6000,MWH500-1999,KWH,X_TAX,PPS,EL,0.10930000000000001,0.0984,NaN,NaN
S,6000,MWH500-1999,KWH,X_TAX,PPS,ES,0.11410000000000001,0.08879999999999999,NaN,NaN
S,6000,MWH500-1999,KWH,X_TAX,PPS,EU27_2020,,0.0865,NaN,NaN
S,6000,MWH500-1999,KWH,X_TAX,PPS,FI,0.0509,0.051949999999999996,NaN,NaN
S,6000,MWH500-1999,KWH,X_TAX,PPS,FR,0.0623,0.07355,NaN,NaN
S,6000,MWH500-1999,KWH,X_TAX,PPS,HR,0.13319999999999999,0.13774999999999998,NaN,NaN
S,6000,MWH500-1999,KWH,X_TAX,PPS,HU,0.12855,0.13265,NaN,NaN
S,6000,MWH500-1999,KWH,X_TAX,PPS,IE,0.10565,0.10425,NaN,NaN
S,6000,MWH500-1999,KWH,X_TAX,PPS,IS,0.0482,0.048799999999999996,NaN,NaN
S,6000,MWH500-1999,KWH,X_TAX,PPS,IT,0.08765,0.0873,NaN,NaN
S,6000,MWH500-1999,KWH,X_TAX,PPS,LT,0.12555,0.13,NaN,NaN
S,6000,MWH500-1999,KWH,X_TAX,PPS,LU,0.06575,0.064,NaN,NaN
S,6000,MWH500-1999,KWH,X_TAX,PPS,LV,0.1377,0.1119,NaN,NaN
S,6000,MWH500-1999,KWH,X_TAX,PPS,ME,0.162,0.1268,NaN,NaN
S,6000,MWH500-1999,KWH,X_TAX,PPS,MK,0.1618,0.16699999999999998,NaN,NaN
S,6000,MWH500-1999,KWH,X_TAX,PPS,MT,0.1758,0.15134999999999998,NaN,NaN
S,6000,MWH500-1999,KWH,X_TAX,PPS,NL,0.060450000000000004,0.0595,NaN,NaN
S,6000,MWH500-1999,KWH,X_TAX,PPS,NO,0.043550000000000005,0.028650000000000002,NaN,NaN
S,6000,MWH500-1999,KWH,X_TAX,PPS,PL,0.14129999999999998,0.1313,NaN,NaN
S,6000,MWH500-1999,KWH,X_TAX,PPS,PT,0.12115000000000001,0.09255,NaN,NaN
S,6000,MWH500-1999,KWH,X_TAX,PPS,RO,0.13095,0.16444999999999999,NaN,NaN
S,6000,MWH500-1999,KWH,X_TAX,PPS,RS,0.11705,0.1391,NaN,NaN
S,6000,MWH500-1999,KWH,X_TAX,PPS,SE,0.0499,0.0496,NaN,NaN
S,6000,MWH500-1999,KWH,X_TAX,PPS,SI,0.08555,0.09634999999999999,NaN,NaN
S,6000,MWH500-1999,KWH,X_TAX,PPS,SK,0.16215000000000002,0.12104999999999999,NaN,NaN
S,6000,MWH500-1999,KWH,X_TAX,PPS,TR,0.14335,0.16935,NaN,NaN
S,6000,MWH500-1999,KWH,X_TAX,PPS,UK,0.08915000000000001,,NaN,NaN
S,6000,MWH500-1999,KWH,X_VAT,EUR,AL,,0.10364999999999999,NaN,e
S,6000,MWH500-1999,KWH,X_VAT,EUR,AT,0.1015,0.11875,NaN,NaN
S,6000,MWH500-1999,KWH,X_VAT,EUR,BA,0.06095,0.0732,NaN,NaN
S,6000,MWH500-1999,KWH,X_VAT,EUR,BE,0.11365,0.11779999999999999,NaN,NaN
S,6000,MWH500-1999,KWH,X_VAT,EUR,BG,0.0895,0.08295,NaN,NaN
S,6000,MWH500-1999,KWH,X_VAT,EUR,CY,0.11715,0.1406,NaN,NaN
S,6000,MWH500-1999,KWH,X_VAT,EUR,CZ,0.0731,0.0844,NaN,NaN
S,6000,MWH500-1999,KWH,X_VAT,EUR,DE,0.14984999999999998,0.17995,NaN,NaN
S,6000,MWH500-1999,KWH,X_VAT,EUR,DK,0.0942,0.0649,NaN,NaN
S,6000,MWH500-1999,KWH,X_VAT,EUR,EA,0.1206,0.13490000000000002,NaN,NaN
S,6000,MWH500-1999,KWH,X_VAT,EUR,EE,0.0887,0.0848,NaN,NaN
S,6000,MWH500-1999,KWH,X_VAT,EUR,EL,0.1144,0.10675,NaN,NaN
S,6000,MWH500-1999,KWH,X_VAT,EUR,ES,0.1067,0.11255,NaN,NaN
S,6000,MWH500-1999,KWH,X_VAT,EUR,EU27_2020,0.1122,0.12519999999999998,NaN,NaN
S,6000,MWH500-1999,KWH,X_VAT,EUR,FI,0.06895000000000001,0.0727,NaN,NaN
S,6000,MWH500-1999,KWH,X_VAT,EUR,FR,0.09325,0.10055,NaN,NaN
S,6000,MWH500-1999,KWH,X_VAT,EUR,GE,,0.047,NaN,NaN
S,6000,MWH500-1999,KWH,X_VAT,EUR,HR,0.089,0.1033,NaN,NaN
S,6000,MWH500-1999,KWH,X_VAT,EUR,HU,0.08005000000000001,0.09675,NaN,NaN
S,6000,MWH500-1999,KWH,X_VAT,EUR,IE,0.1286,0.13324999999999998,NaN,NaN
S,6000,MWH500-1999,KWH,X_VAT,EUR,IS,0.06939999999999999,0.07264999999999999,NaN,NaN
S,6000,MWH500-1999,KWH,X_VAT,EUR,IT,0.15410000000000001,0.15084999999999998,NaN,NaN
S,6000,MWH500-1999,KWH,X_VAT,EUR,LI,0.1471,0.10275000000000001,NaN,NaN
S,6000,MWH500-1999,KWH,X_VAT,EUR,LT,0.0911,0.09845,NaN,NaN
S,6000,MWH500-1999,KWH,X_VAT,EUR,LU,0.08655,0.0933,NaN,NaN
S,6000,MWH500-1999,KWH,X_VAT,EUR,LV,0.1183,0.10425,NaN,NaN
S,6000,MWH500-1999,KWH,X_VAT,EUR,MD,0.08024999999999999,0.07565,NaN,NaN
S,6000,MWH500-1999,KWH,X_VAT,EUR,ME,0.07880000000000001,0.0758,NaN,NaN
S,6000,MWH500-1999,KWH,X_VAT,EUR,MK,0.067,0.07669999999999999,NaN,NaN
S,6000,MWH500-1999,KWH,X_VAT,EUR,MT,0.14105,0.13425,NaN,NaN
S,6000,MWH500-1999,KWH,X_VAT,EUR,NL,0.08310000000000001,0.1051,NaN,NaN
S,6000,MWH500-1999,KWH,X_VAT,EUR,NO,0.07785,0.04955,NaN,NaN
S,6000,MWH500-1999,KWH,X_VAT,EUR,PL,0.08115,0.10815,NaN,NaN
S,6000,MWH500-1999,KWH,X_VAT,EUR,PT,0.11285,0.11195,NaN,NaN
S,6000,MWH500-1999,KWH,X_VAT,EUR,RO,0.07655,0.1041,NaN,NaN
S,6000,MWH500-1999,KWH,X_VAT,EUR,RS,0.057,0.0805,NaN,NaN
S,6000,MWH500-1999,KWH,X_VAT,EUR,SE,0.0636,0.06315,NaN,NaN
S,6000,MWH500-1999,KWH,X_VAT,EUR,SI,0.08395,0.098,NaN,NaN
S,6000,MWH500-1999,KWH,X_VAT,EUR,SK,0.11019999999999999,0.13185,NaN,NaN
S,6000,MWH500-1999,KWH,X_VAT,EUR,TR,0.07344999999999999,0.07195,NaN,NaN
S,6000,MWH500-1999,KWH,X_VAT,EUR,UA,,0.05765,NaN,NaN
S,6000,MWH500-1999,KWH,X_VAT,EUR,UK,0.13274999999999998,,NaN,NaN
S,6000,MWH500-1999,KWH,X_VAT,EUR,XK,0.07605,0.06755,NaN,NaN
S,6000,MWH500-1999,KWH,X_VAT,NAC,AL,,12.83,NaN,e
S,6000,MWH500-1999,KWH,X_VAT,NAC,AT,0.1015,0.11875,NaN,NaN
S,6000,MWH500-1999,KWH,X_VAT,NAC,BA,0.11925,0.14315,NaN,NaN
S,6000,MWH500-1999,KWH,X_VAT,NAC,BE,0.11365,0.11779999999999999,NaN,NaN
S,6000,MWH500-1999,KWH,X_VAT,NAC,BG,0.1751,0.1622,NaN,NaN
S,6000,MWH500-1999,KWH,X_VAT,NAC,CY,0.11715,0.1406,NaN,NaN
S,6000,MWH500-1999,KWH,X_VAT,NAC,CZ,1.9763000000000002,2.2328,NaN,NaN
S,6000,MWH500-1999,KWH,X_VAT,NAC,DE,0.14984999999999998,0.17995,NaN,NaN
S,6000,MWH500-1999,KWH,X_VAT,NAC,DK,0.7013,0.48385,NaN,NaN
S,6000,MWH500-1999,KWH,X_VAT,NAC,EA,0.12079999999999999,,NaN,NaN
S,6000,MWH500-1999,KWH,X_VAT,NAC,EE,0.0887,0.0848,NaN,NaN
S,6000,MWH500-1999,KWH,X_VAT,NAC,EL,0.1144,0.10675,NaN,NaN
S,6000,MWH500-1999,KWH,X_VAT,NAC,ES,0.1067,0.11255,NaN,NaN
S,6000,MWH500-1999,KWH,X_VAT,NAC,FI,0.06895000000000001,0.0727,NaN,NaN
S,6000,MWH500-1999,KWH,X_VAT,NAC,FR,0.09325,0.10055,NaN,NaN
S,6000,MWH500-1999,KWH,X_VAT,NAC,GE,,0.1663,NaN,NaN
S,6000,MWH500-1999,KWH,X_VAT,NAC,HR,0.6707000000000001,0.77885,NaN,NaN
S,6000,MWH500-1999,KWH,X_VAT,NAC,HU,24.923900000000003,33.949799999999996,NaN,NaN
S,6000,MWH500-1999,KWH,X_VAT,NAC,IE,0.1286,0.13324999999999998,NaN,NaN
S,6000,MWH500-1999,KWH,X_VAT,NAC,IS,9.307749999999999,11.225,NaN,NaN
S,6000,MWH500-1999,KWH,X_VAT,NAC,IT,0.15410000000000001,0.15084999999999998,NaN,NaN
S,6000,MWH500-1999,KWH,X_VAT,NAC,LI,0.1604,0.11035,NaN,NaN
S,6000,MWH500-1999,KWH,X_VAT,NAC,LT,0.0911,0.09845,NaN,NaN
S,6000,MWH500-1999,KWH,X_VAT,NAC,LU,0.08655,0.0933,NaN,NaN
S,6000,MWH500-1999,KWH,X_VAT,NAC,LV,0.1183,0.10425,NaN,NaN
S,6000,MWH500-1999,KWH,X_VAT,NAC,MD,1.77045,1.4927000000000001,NaN,NaN
S,6000,MWH500-1999,KWH,X_VAT,NAC,ME,0.07880000000000001,0.0758,NaN,NaN
S,6000,MWH500-1999,KWH,X_VAT,NAC,MK,4.1292,4.73085,NaN,NaN
S,6000,MWH500-1999,KWH,X_VAT,NAC,MT,0.14105,0.13425,NaN,NaN
S,6000,MWH500-1999,KWH,X_VAT,NAC,NL,0.08310000000000001,0.1051,NaN,NaN
S,6000,MWH500-1999,KWH,X_VAT,NAC,NO,0.72295,0.5311,NaN,NaN
S,6000,MWH500-1999,KWH,X_VAT,NAC,PL,0.35405,0.4806,NaN,NaN
S,6000,MWH500-1999,KWH,X_VAT,NAC,PT,0.11285,0.11195,NaN,NaN
S,6000,MWH500-1999,KWH,X_VAT,NAC,RO,0.34385,0.5036499999999999,NaN,NaN
S,6000,MWH500-1999,KWH,X_VAT,NAC,RS,7.01765,9.46055,NaN,NaN
S,6000,MWH500-1999,KWH,X_VAT,NAC,SE,0.6023499999999999,0.6616500000000001,NaN,NaN
S,6000,MWH500-1999,KWH,X_VAT,NAC,SI,0.08395,0.098,NaN,NaN
S,6000,MWH500-1999,KWH,X_VAT,NAC,SK,0.11019999999999999,0.13185,NaN,NaN
S,6000,MWH500-1999,KWH,X_VAT,NAC,TR,0.2455,0.57125,NaN,NaN
S,6000,MWH500-1999,KWH,X_VAT,NAC,UA,,1.7704,NaN,NaN
S,6000,MWH500-1999,KWH,X_VAT,NAC,UK,0.1085,,NaN,NaN
S,6000,MWH500-1999,KWH,X_VAT,NAC,XK,0.07605,0.06755,NaN,NaN
S,6000,MWH500-1999,KWH,X_VAT,PPS,AL,,0.2017,NaN,e
S,6000,MWH500-1999,KWH,X_VAT,PPS,AT,0.0951,0.10389999999999999,NaN,NaN
S,6000,MWH500-1999,KWH,X_VAT,PPS,BA,0.12895,0.14295000000000002,NaN,NaN
S,6000,MWH500-1999,KWH,X_VAT,PPS,BE,0.10565,0.1056,NaN,NaN
S,6000,MWH500-1999,KWH,X_VAT,PPS,BG,0.19375,0.15389999999999998,NaN,NaN
S,6000,MWH500-1999,KWH,X_VAT,PPS,CY,0.1325,0.1535,NaN,NaN
S,6000,MWH500-1999,KWH,X_VAT,PPS,CZ,0.11474999999999999,0.11665,NaN,NaN
S,6000,MWH500-1999,KWH,X_VAT,PPS,DE,0.14495,0.16285,NaN,NaN
S,6000,MWH500-1999,KWH,X_VAT,PPS,DK,0.0702,0.04875,NaN,NaN
S,6000,MWH500-1999,KWH,X_VAT,PPS,EA,0.11775,0.1293,NaN,NaN
S,6000,MWH500-1999,KWH,X_VAT,PPS,EE,0.12315,0.10569999999999999,NaN,NaN
S,6000,MWH500-1999,KWH,X_VAT,PPS,EL,0.1386,0.12905,NaN,NaN
S,6000,MWH500-1999,KWH,X_VAT,PPS,ES,0.11995,0.11984999999999998,NaN,NaN
S,6000,MWH500-1999,KWH,X_VAT,PPS,EU27_2020,,0.1297,NaN,NaN
S,6000,MWH500-1999,KWH,X_VAT,PPS,FI,0.0567,0.057499999999999996,NaN,NaN
S,6000,MWH500-1999,KWH,X_VAT,PPS,FR,0.0849,0.09235,NaN,NaN
S,6000,MWH500-1999,KWH,X_VAT,PPS,HR,0.14155,0.16025,NaN,NaN
S,6000,MWH500-1999,KWH,X_VAT,PPS,HU,0.14215,0.1525,NaN,NaN
S,6000,MWH500-1999,KWH,X_VAT,PPS,IE,0.1175,0.1104,NaN,NaN
S,6000,MWH500-1999,KWH,X_VAT,PPS,IS,0.049699999999999994,0.050100000000000006,NaN,NaN
S,6000,MWH500-1999,KWH,X_VAT,PPS,IT,0.157,0.15184999999999998,NaN,NaN
S,6000,MWH500-1999,KWH,X_VAT,PPS,LT,0.15175,0.1444,NaN,NaN
S,6000,MWH500-1999,KWH,X_VAT,PPS,LU,0.07335,0.0721,NaN,NaN
S,6000,MWH500-1999,KWH,X_VAT,PPS,LV,0.17809999999999998,0.1412,NaN,NaN
S,6000,MWH500-1999,KWH,X_VAT,PPS,ME,0.162,0.1503,NaN,NaN
S,6000,MWH500-1999,KWH,X_VAT,PPS,MK,0.1618,0.16699999999999998,NaN,NaN
S,6000,MWH500-1999,KWH,X_VAT,PPS,MT,0.1758,0.15305000000000002,NaN,NaN
S,6000,MWH500-1999,KWH,X_VAT,PPS,NL,0.07680000000000001,0.09075,NaN,NaN
S,6000,MWH500-1999,KWH,X_VAT,PPS,NO,0.05595,0.0351,NaN,NaN
S,6000,MWH500-1999,KWH,X_VAT,PPS,PL,0.1498,0.17935,NaN,NaN
S,6000,MWH500-1999,KWH,X_VAT,PPS,PT,0.14465,0.13155,NaN,NaN
S,6000,MWH500-1999,KWH,X_VAT,PPS,RO,0.15689999999999998,0.19705,NaN,NaN
S,6000,MWH500-1999,KWH,X_VAT,PPS,RS,0.12915,0.15135,NaN,NaN
S,6000,MWH500-1999,KWH,X_VAT,PPS,SE,0.050350000000000006,0.05,NaN,NaN
S,6000,MWH500-1999,KWH,X_VAT,PPS,SI,0.1069,0.11655,NaN,NaN
S,6000,MWH500-1999,KWH,X_VAT,PPS,SK,0.16905,0.1638,NaN,NaN
S,6000,MWH500-1999,KWH,X_VAT,PPS,TR,0.1477,0.17375000000000002,NaN,NaN
S,6000,MWH500-1999,KWH,X_VAT,PPS,UK,0.11765,,NaN,NaN
S,6000,MWH70000-149999,KWH,I_TAX,EUR,AL,,0.1244,NaN,e
S,6000,MWH70000-149999,KWH,I_TAX,EUR,AT,0.08395,0.09889999999999999,NaN,NaN
S,6000,MWH70000-149999,KWH,I_TAX,EUR,BA,0.046549999999999994,0.0584,NaN,NaN
S,6000,MWH70000-149999,KWH,I_TAX,EUR,BE,0.075,0.07705000000000001,NaN,NaN
S,6000,MWH70000-149999,KWH,I_TAX,EUR,BG,0.07355,0.07765,NaN,NaN
S,6000,MWH70000-149999,KWH,I_TAX,EUR,CY,0.1055,0.0749,NaN,NaN
S,6000,MWH70000-149999,KWH,I_TAX,EUR,CZ,0.0817,0.08474999999999999,NaN,NaN
S,6000,MWH70000-149999,KWH,I_TAX,EUR,DE,0.11785000000000001,0.14250000000000002,NaN,NaN
S,6000,MWH70000-149999,KWH,I_TAX,EUR,DK,0.2483,0.2172,NaN,NaN
S,6000,MWH70000-149999,KWH,I_TAX,EUR,EA,0.08995,0.09685,NaN,NaN
S,6000,MWH70000-149999,KWH,I_TAX,EUR,EE,0.08365,0.08115,NaN,NaN
S,6000,MWH70000-149999,KWH,I_TAX,EUR,EL,0.06875,,NaN,NaN
S,6000,MWH70000-149999,KWH,I_TAX,EUR,ES,0.0829,0.07635,NaN,NaN
S,6000,MWH70000-149999,KWH,I_TAX,EUR,EU27_2020,0.08829999999999999,0.097,NaN,NaN
S,6000,MWH70000-149999,KWH,I_TAX,EUR,FI,0.06265,0.06295,NaN,NaN
S,6000,MWH70000-149999,KWH,I_TAX,EUR,FR,0.06420000000000001,0.07005,NaN,NaN
S,6000,MWH70000-149999,KWH,I_TAX,EUR,GE,,,NaN,NaN
S,6000,MWH70000-149999,KWH,I_TAX,EUR,HR,0.07980000000000001,0.075,NaN,NaN
S,6000,MWH70000-149999,KWH,I_TAX,EUR,HU,0.0905,0.0938,NaN,NaN
S,6000,MWH70000-149999,KWH,I_TAX,EUR,IE,0.088,0.09609999999999999,NaN,NaN
S,6000,MWH70000-149999,KWH,I_TAX,EUR,IS,,,NaN,NaN
S,6000,MWH70000-149999,KWH,I_TAX,EUR,IT,0.10025,0.08099999999999999,NaN,NaN
S,6000,MWH70000-149999,KWH,I_TAX,EUR,LI,,,NaN,NaN
S,6000,MWH70000-149999,KWH,I_TAX,EUR,LT,0.08665,0.09435,NaN,NaN
S,6000,MWH70000-149999,KWH,I_TAX,EUR,LU,,,NaN,NaN
S,6000,MWH70000-149999,KWH,I_TAX,EUR,LV,0.1008,0.08135,NaN,NaN
S,6000,MWH70000-149999,KWH,I_TAX,EUR,MD,,,NaN,NaN
S,6000,MWH70000-149999,KWH,I_TAX,EUR,ME,,,NaN,NaN
S,6000,MWH70000-149999,KWH,I_TAX,EUR,MK,0.06475,0.06435,NaN,NaN
S,6000,MWH70000-149999,KWH,I_TAX,EUR,MT,0.10400000000000001,0.10765,NaN,NaN
S,6000,MWH70000-149999,KWH,I_TAX,EUR,NL,0.07300000000000001,0.07669999999999999,NaN,NaN
S,6000,MWH70000-149999,KWH,I_TAX,EUR,NO,0.0634,0.0191,NaN,NaN
S,6000,MWH70000-149999,KWH,I_TAX,EUR,PL,0.07325000000000001,0.09815,NaN,NaN
S,6000,MWH70000-149999,KWH,I_TAX,EUR,PT,0.091,0.09,NaN,NaN
S,6000,MWH70000-149999,KWH,I_TAX,EUR,RO,0.07300000000000001,0.10335,NaN,NaN
S,6000,MWH70000-149999,KWH,I_TAX,EUR,RS,0.06005,0.0751,NaN,NaN
S,6000,MWH70000-149999,KWH,I_TAX,EUR,SE,0.0518,0.050600000000000006,NaN,NaN
S,6000,MWH70000-149999,KWH,I_TAX,EUR,SI,0.0706,0.0801,NaN,NaN
S,6000,MWH70000-149999,KWH,I_TAX,EUR,SK,0.1021,0.1207,NaN,NaN
S,6000,MWH70000-149999,KWH,I_TAX,EUR,TR,0.0726,0.0667,NaN,NaN
S,6000,MWH70000-149999,KWH,I_TAX,EUR,UA,,0.05525,NaN,NaN
S,6000,MWH70000-149999,KWH,I_TAX,EUR,UK,0.14145000000000002,,NaN,NaN
S,6000,MWH70000-149999,KWH,I_TAX,EUR,XK,0.0527,,NaN,NaN
S,6000,MWH70000-149999,KWH,I_TAX,NAC,AL,,15.396,NaN,e
S,6000,MWH70000-149999,KWH,I_TAX,NAC,AT,0.08395,0.09889999999999999,NaN,NaN
S,6000,MWH70000-149999,KWH,I_TAX,NAC,BA,0.09104999999999999,0.1143,NaN,NaN
S,6000,MWH70000-149999,KWH,I_TAX,NAC,BE,0.075,0.07705000000000001,NaN,NaN
S,6000,MWH70000-149999,KWH,I_TAX,NAC,BG,0.1439,0.1518,NaN,NaN
S,6000,MWH70000-149999,KWH,I_TAX,NAC,CY,0.1055,0.0749,NaN,NaN
S,6000,MWH70000-149999,KWH,I_TAX,NAC,CZ,2.20855,2.2422,NaN,NaN
S,6000,MWH70000-149999,KWH,I_TAX,NAC,DE,0.11785000000000001,0.14250000000000002,NaN,NaN
S,6000,MWH70000-149999,KWH,I_TAX,NAC,DK,1.8485,1.6188,NaN,NaN
S,6000,MWH70000-149999,KWH,I_TAX,NAC,EA,0.09004999999999999,,NaN,NaN
S,6000,MWH70000-149999,KWH,I_TAX,NAC,EE,0.08365,0.08115,NaN,NaN
S,6000,MWH70000-149999,KWH,I_TAX,NAC,EL,0.06875,,NaN,NaN
S,6000,MWH70000-149999,KWH,I_TAX,NAC,ES,0.0829,0.07635,NaN,NaN
S,6000,MWH70000-149999,KWH,I_TAX,NAC,FI,0.06265,0.06295,NaN,NaN
S,6000,MWH70000-149999,KWH,I_TAX,NAC,FR,0.06420000000000001,0.07005,NaN,NaN
S,6000,MWH70000-149999,KWH,I_TAX,NAC,GE,,,NaN,NaN
S,6000,MWH70000-149999,KWH,I_TAX,NAC,HR,0.601,0.5653999999999999,NaN,NaN
S,6000,MWH70000-149999,KWH,I_TAX,NAC,HU,28.17785,32.94645,NaN,NaN
S,6000,MWH70000-149999,KWH,I_TAX,NAC,IE,0.088,0.09609999999999999,NaN,NaN
S,6000,MWH70000-149999,KWH,I_TAX,NAC,IS,,,NaN,NaN
S,6000,MWH70000-149999,KWH,I_TAX,NAC,IT,0.10025,0.08099999999999999,NaN,NaN
S,6000,MWH70000-149999,KWH,I_TAX,NAC,LI,,,NaN,NaN
S,6000,MWH70000-149999,KWH,I_TAX,NAC,LT,0.08665,0.09435,NaN,NaN
S,6000,MWH70000-149999,KWH,I_TAX,NAC,LU,,,NaN,NaN
S,6000,MWH70000-149999,KWH,I_TAX,NAC,LV,0.1008,0.08135,NaN,NaN
S,6000,MWH70000-149999,KWH,I_TAX,NAC,MD,,,NaN,NaN
S,6000,MWH70000-149999,KWH,I_TAX,NAC,ME,,,NaN,NaN
S,6000,MWH70000-149999,KWH,I_TAX,NAC,MK,3.9871499999999997,3.9670500000000004,NaN,NaN
S,6000,MWH70000-149999,KWH,I_TAX,NAC,MT,0.10400000000000001,0.10765,NaN,NaN
S,6000,MWH70000-149999,KWH,I_TAX,NAC,NL,0.07300000000000001,0.07669999999999999,NaN,NaN
S,6000,MWH70000-149999,KWH,I_TAX,NAC,NO,0.5889500000000001,0.2046,NaN,NaN
S,6000,MWH70000-149999,KWH,I_TAX,NAC,PL,0.31945,0.43620000000000003,NaN,NaN
S,6000,MWH70000-149999,KWH,I_TAX,NAC,PT,0.091,0.09,NaN,NaN
S,6000,MWH70000-149999,KWH,I_TAX,NAC,RO,0.32785,0.49985,NaN,NaN
S,6000,MWH70000-149999,KWH,I_TAX,NAC,RS,7.3934500000000005,8.832149999999999,NaN,NaN
S,6000,MWH70000-149999,KWH,I_TAX,NAC,SE,0.4909,0.53035,NaN,NaN
S,6000,MWH70000-149999,KWH,I_TAX,NAC,SI,0.0706,0.0801,NaN,NaN
S,6000,MWH70000-149999,KWH,I_TAX,NAC,SK,0.1021,0.1207,NaN,NaN
S,6000,MWH70000-149999,KWH,I_TAX,NAC,TR,0.24280000000000002,0.52905,NaN,NaN
S,6000,MWH70000-149999,KWH,I_TAX,NAC,UA,,1.6978499999999999,NaN,NaN
S,6000,MWH70000-149999,KWH,I_TAX,NAC,UK,0.11565,,NaN,NaN
S,6000,MWH70000-149999,KWH,I_TAX,NAC,XK,0.0527,,NaN,NaN
S,6000,MWH70000-149999,KWH,I_TAX,PPS,AL,,0.2421,NaN,e
S,6000,MWH70000-149999,KWH,I_TAX,PPS,AT,0.07869999999999999,0.0865,NaN,NaN
S,6000,MWH70000-149999,KWH,I_TAX,PPS,BA,0.09845000000000001,0.1141,NaN,NaN
S,6000,MWH70000-149999,KWH,I_TAX,PPS,BE,0.06975,0.0691,NaN,NaN
S,6000,MWH70000-149999,KWH,I_TAX,PPS,BG,0.1592,0.14405,NaN,NaN
S,6000,MWH70000-149999,KWH,I_TAX,PPS,CY,0.11935000000000001,0.08175,NaN,NaN
S,6000,MWH70000-149999,KWH,I_TAX,PPS,CZ,0.1283,0.11715,NaN,NaN
S,6000,MWH70000-149999,KWH,I_TAX,PPS,DE,0.11395,0.12895,NaN,NaN
S,6000,MWH70000-149999,KWH,I_TAX,PPS,DK,0.18495,0.16305,NaN,NaN
S,6000,MWH70000-149999,KWH,I_TAX,PPS,EA,0.08775,0.09215000000000001,NaN,NaN
S,6000,MWH70000-149999,KWH,I_TAX,PPS,EE,0.11610000000000001,0.1011,NaN,NaN
S,6000,MWH70000-149999,KWH,I_TAX,PPS,EL,0.08335000000000001,,NaN,NaN
S,6000,MWH70000-149999,KWH,I_TAX,PPS,ES,0.0932,0.0813,NaN,NaN
S,6000,MWH70000-149999,KWH,I_TAX,PPS,EU27_2020,,0.10125,NaN,NaN
S,6000,MWH70000-149999,KWH,I_TAX,PPS,FI,0.051500000000000004,0.0498,NaN,NaN
S,6000,MWH70000-149999,KWH,I_TAX,PPS,FR,0.05845,0.06434999999999999,NaN,NaN
S,6000,MWH70000-149999,KWH,I_TAX,PPS,HR,0.1268,0.11635,NaN,NaN
S,6000,MWH70000-149999,KWH,I_TAX,PPS,HU,0.1607,0.14795,NaN,NaN
S,6000,MWH70000-149999,KWH,I_TAX,PPS,IE,0.0804,0.0796,NaN,NaN
S,6000,MWH70000-149999,KWH,I_TAX,PPS,IS,,,NaN,NaN
S,6000,MWH70000-149999,KWH,I_TAX,PPS,IT,0.1021,0.08155,NaN,NaN
S,6000,MWH70000-149999,KWH,I_TAX,PPS,LT,0.1444,0.13840000000000002,NaN,NaN
S,6000,MWH70000-149999,KWH,I_TAX,PPS,LU,,,NaN,NaN
S,6000,MWH70000-149999,KWH,I_TAX,PPS,LV,0.15175,0.11019999999999999,NaN,NaN
S,6000,MWH70000-149999,KWH,I_TAX,PPS,ME,,,NaN,NaN
S,6000,MWH70000-149999,KWH,I_TAX,PPS,MK,0.156,0.14,NaN,NaN
S,6000,MWH70000-149999,KWH,I_TAX,PPS,MT,0.12965,0.1227,NaN,NaN
S,6000,MWH70000-149999,KWH,I_TAX,PPS,NL,0.06745,0.0662,NaN,NaN
S,6000,MWH70000-149999,KWH,I_TAX,PPS,NO,0.04555,0.013500000000000002,NaN,NaN
S,6000,MWH70000-149999,KWH,I_TAX,PPS,PL,0.13515,0.1628,NaN,NaN
S,6000,MWH70000-149999,KWH,I_TAX,PPS,PT,0.1166,0.10575,NaN,NaN
S,6000,MWH70000-149999,KWH,I_TAX,PPS,RO,0.14965,0.1956,NaN,NaN
S,6000,MWH70000-149999,KWH,I_TAX,PPS,RS,0.1361,0.14129999999999998,NaN,NaN
S,6000,MWH70000-149999,KWH,I_TAX,PPS,SE,0.040999999999999995,0.0401,NaN,NaN
S,6000,MWH70000-149999,KWH,I_TAX,PPS,SI,0.08990000000000001,0.0953,NaN,NaN
S,6000,MWH70000-149999,KWH,I_TAX,PPS,SK,0.15665,0.14989999999999998,NaN,NaN
S,6000,MWH70000-149999,KWH,I_TAX,PPS,TR,0.14605,0.1609,NaN,NaN
S,6000,MWH70000-149999,KWH,I_TAX,PPS,UK,0.1254,,NaN,NaN
S,6000,MWH70000-149999,KWH,X_TAX,EUR,AL,,0.10364999999999999,NaN,e
S,6000,MWH70000-149999,KWH,X_TAX,EUR,AT,0.04635,0.060200000000000004,NaN,NaN
S,6000,MWH70000-149999,KWH,X_TAX,EUR,BA,0.0398,0.0461,NaN,NaN
S,6000,MWH70000-149999,KWH,X_TAX,EUR,BE,0.05605,0.05205,NaN,NaN
S,6000,MWH70000-149999,KWH,X_TAX,EUR,BG,0.06029999999999999,0.06365,NaN,NaN
S,6000,MWH70000-149999,KWH,X_TAX,EUR,CY,0.08049999999999999,0.05045,NaN,NaN
S,6000,MWH70000-149999,KWH,X_TAX,EUR,CZ,0.0665,0.06305,NaN,NaN
S,6000,MWH70000-149999,KWH,X_TAX,EUR,DE,0.0429,0.046200000000000005,NaN,NaN
S,6000,MWH70000-149999,KWH,X_TAX,EUR,DK,0.0471,0.04755,NaN,NaN
S,6000,MWH70000-149999,KWH,X_TAX,EUR,EA,0.05295,0.0548,NaN,NaN
S,6000,MWH70000-149999,KWH,X_TAX,EUR,EE,0.0557,0.0539,NaN,NaN
S,6000,MWH70000-149999,KWH,X_TAX,EUR,EL,0.051500000000000004,,NaN,NaN
S,6000,MWH70000-149999,KWH,X_TAX,EUR,ES,0.06520000000000001,0.0537,NaN,NaN
S,6000,MWH70000-149999,KWH,X_TAX,EUR,EU27_2020,0.053,0.055,NaN,NaN
S,6000,MWH70000-149999,KWH,X_TAX,EUR,FI,0.04345,0.04375,NaN,NaN
S,6000,MWH70000-149999,KWH,X_TAX,EUR,FR,0.05155,0.054099999999999995,NaN,NaN
S,6000,MWH70000-149999,KWH,X_TAX,EUR,GE,,,NaN,NaN
S,6000,MWH70000-149999,KWH,X_TAX,EUR,HR,0.06225,0.0611,NaN,NaN
S,6000,MWH70000-149999,KWH,X_TAX,EUR,HU,0.06505,0.06375,NaN,NaN
S,6000,MWH70000-149999,KWH,X_TAX,EUR,IE,0.07594999999999999,0.08085,NaN,NaN
S,6000,MWH70000-149999,KWH,X_TAX,EUR,IS,,,NaN,NaN
S,6000,MWH70000-149999,KWH,X_TAX,EUR,IT,0.059050000000000005,0.06475,NaN,NaN
S,6000,MWH70000-149999,KWH,X_TAX,EUR,LI,,,NaN,NaN
S,6000,MWH70000-149999,KWH,X_TAX,EUR,LT,0.05595,0.06825,NaN,NaN
S,6000,MWH70000-149999,KWH,X_TAX,EUR,LU,,,NaN,NaN
S,6000,MWH70000-149999,KWH,X_TAX,EUR,LV,0.05655,0.0492,NaN,NaN
S,6000,MWH70000-149999,KWH,X_TAX,EUR,MD,,,NaN,NaN
S,6000,MWH70000-149999,KWH,X_TAX,EUR,ME,,,NaN,NaN
S,6000,MWH70000-149999,KWH,X_TAX,EUR,MK,0.054849999999999996,0.0545,NaN,NaN
S,6000,MWH70000-149999,KWH,X_TAX,EUR,MT,0.09905,0.10105,NaN,NaN
S,6000,MWH70000-149999,KWH,X_TAX,EUR,NL,0.05815,0.0597,NaN,NaN
S,6000,MWH70000-149999,KWH,X_TAX,EUR,NO,0.0335,0.015300000000000001,NaN,NaN
S,6000,MWH70000-149999,KWH,X_TAX,EUR,PL,0.05495,0.05365,NaN,NaN
S,6000,MWH70000-149999,KWH,X_TAX,EUR,PT,0.0548,0.05315,NaN,NaN
S,6000,MWH70000-149999,KWH,X_TAX,EUR,RO,0.04885,0.07235,NaN,NaN
S,6000,MWH70000-149999,KWH,X_TAX,EUR,RS,0.04555,0.0573,NaN,NaN
S,6000,MWH70000-149999,KWH,X_TAX,EUR,SE,0.0409,0.039999999999999994,NaN,NaN
S,6000,MWH70000-149999,KWH,X_TAX,EUR,SI,0.05155,0.0589,NaN,NaN
S,6000,MWH70000-149999,KWH,X_TAX,EUR,SK,0.0806,0.06615,NaN,NaN
S,6000,MWH70000-149999,KWH,X_TAX,EUR,TR,0.059399999999999994,0.054849999999999996,NaN,NaN
S,6000,MWH70000-149999,KWH,X_TAX,EUR,UA,,0.04605,NaN,NaN
S,6000,MWH70000-149999,KWH,X_TAX,EUR,UK,0.08775,,NaN,NaN
S,6000,MWH70000-149999,KWH,X_TAX,EUR,XK,0.042499999999999996,,NaN,NaN
S,6000,MWH70000-149999,KWH,X_TAX,NAC,AL,,12.83,NaN,e
S,6000,MWH70000-149999,KWH,X_TAX,NAC,AT,0.04635,0.060200000000000004,NaN,NaN
S,6000,MWH70000-149999,KWH,X_TAX,NAC,BA,0.07785,0.0902,NaN,NaN
S,6000,MWH70000-149999,KWH,X_TAX,NAC,BE,0.05605,0.05205,NaN,NaN
S,6000,MWH70000-149999,KWH,X_TAX,NAC,BG,0.1179,0.12445,NaN,NaN
S,6000,MWH70000-149999,KWH,X_TAX,NAC,CY,0.08049999999999999,0.05045,NaN,NaN
S,6000,MWH70000-149999,KWH,X_TAX,NAC,CZ,1.79695,1.66835,NaN,NaN
S,6000,MWH70000-149999,KWH,X_TAX,NAC,DE,0.0429,0.046200000000000005,NaN,NaN
S,6000,MWH70000-149999,KWH,X_TAX,NAC,DK,0.3507,0.35419999999999996,NaN,NaN
S,6000,MWH70000-149999,KWH,X_TAX,NAC,EA,0.0529,,NaN,NaN
S,6000,MWH70000-149999,KWH,X_TAX,NAC,EE,0.0557,0.0539,NaN,NaN
S,6000,MWH70000-149999,KWH,X_TAX,NAC,EL,0.051500000000000004,,NaN,NaN
S,6000,MWH70000-149999,KWH,X_TAX,NAC,ES,0.06520000000000001,0.0537,NaN,NaN
S,6000,MWH70000-149999,KWH,X_TAX,NAC,FI,0.04345,0.04375,NaN,NaN
S,6000,MWH70000-149999,KWH,X_TAX,NAC,FR,0.05155,0.054099999999999995,NaN,NaN
S,6000,MWH70000-149999,KWH,X_TAX,NAC,GE,,,NaN,NaN
S,6000,MWH70000-149999,KWH,X_TAX,NAC,HR,0.4688,0.46055,NaN,NaN
S,6000,MWH70000-149999,KWH,X_TAX,NAC,HU,20.2469,22.396900000000002,NaN,NaN
S,6000,MWH70000-149999,KWH,X_TAX,NAC,IE,0.07594999999999999,0.08085,NaN,NaN
S,6000,MWH70000-149999,KWH,X_TAX,NAC,IS,,,NaN,NaN
S,6000,MWH70000-149999,KWH,X_TAX,NAC,IT,0.059050000000000005,0.06475,NaN,NaN
S,6000,MWH70000-149999,KWH,X_TAX,NAC,LI,,,NaN,NaN
S,6000,MWH70000-149999,KWH,X_TAX,NAC,LT,0.05595,0.06825,NaN,NaN
S,6000,MWH70000-149999,KWH,X_TAX,NAC,LU,,,NaN,NaN
S,6000,MWH70000-149999,KWH,X_TAX,NAC,LV,0.05655,0.0492,NaN,NaN
S,6000,MWH70000-149999,KWH,X_TAX,NAC,MD,,,NaN,NaN
S,6000,MWH70000-149999,KWH,X_TAX,NAC,ME,,,NaN,NaN
S,6000,MWH70000-149999,KWH,X_TAX,NAC,MK,3.37895,3.3619,NaN,NaN
S,6000,MWH70000-149999,KWH,X_TAX,NAC,MT,0.09905,0.10105,NaN,NaN
S,6000,MWH70000-149999,KWH,X_TAX,NAC,NL,0.05815,0.0597,NaN,NaN
S,6000,MWH70000-149999,KWH,X_TAX,NAC,NO,0.31115000000000004,0.1637,NaN,NaN
S,6000,MWH70000-149999,KWH,X_TAX,NAC,PL,0.23970000000000002,0.2382,NaN,NaN
S,6000,MWH70000-149999,KWH,X_TAX,NAC,PT,0.0548,0.05315,NaN,NaN
S,6000,MWH70000-149999,KWH,X_TAX,NAC,RO,0.21935,0.35014999999999996,NaN,NaN
S,6000,MWH70000-149999,KWH,X_TAX,NAC,RS,5.607950000000001,6.739050000000001,NaN,NaN
S,6000,MWH70000-149999,KWH,X_TAX,NAC,SE,0.38775,0.41925,NaN,NaN
S,6000,MWH70000-149999,KWH,X_TAX,NAC,SI,0.05155,0.0589,NaN,NaN
S,6000,MWH70000-149999,KWH,X_TAX,NAC,SK,0.0806,0.06615,NaN,NaN
S,6000,MWH70000-149999,KWH,X_TAX,NAC,TR,0.19865,0.4357,NaN,NaN
S,6000,MWH70000-149999,KWH,X_TAX,NAC,UA,,1.4149,NaN,NaN
S,6000,MWH70000-149999,KWH,X_TAX,NAC,UK,0.07175000000000001,,NaN,NaN
S,6000,MWH70000-149999,KWH,X_TAX,NAC,XK,0.042499999999999996,,NaN,NaN
S,6000,MWH70000-149999,KWH,X_TAX,PPS,AL,,0.2017,NaN,e
S,6000,MWH70000-149999,KWH,X_TAX,PPS,AT,0.04345,0.05265,NaN,NaN
S,6000,MWH70000-149999,KWH,X_TAX,PPS,BA,0.0842,0.09,NaN,NaN
S,6000,MWH70000-149999,KWH,X_TAX,PPS,BE,0.05215,0.04665,NaN,NaN
S,6000,MWH70000-149999,KWH,X_TAX,PPS,BG,0.13045,0.11810000000000001,NaN,NaN
S,6000,MWH70000-149999,KWH,X_TAX,PPS,CY,0.09104999999999999,0.0551,NaN,NaN
S,6000,MWH70000-149999,KWH,X_TAX,PPS,CZ,0.10439999999999999,0.08710000000000001,NaN,NaN
S,6000,MWH70000-149999,KWH,X_TAX,PPS,DE,0.041499999999999995,0.041800000000000004,NaN,NaN
S,6000,MWH70000-149999,KWH,X_TAX,PPS,DK,0.0351,0.0357,NaN,NaN
S,6000,MWH70000-149999,KWH,X_TAX,PPS,EA,0.05155,0.05275,NaN,NaN
S,6000,MWH70000-149999,KWH,X_TAX,PPS,EE,0.07730000000000001,0.06715,NaN,NaN
S,6000,MWH70000-149999,KWH,X_TAX,PPS,EL,0.0624,,NaN,NaN
S,6000,MWH70000-149999,KWH,X_TAX,PPS,ES,0.07325000000000001,0.0572,NaN,NaN
S,6000,MWH70000-149999,KWH,X_TAX,PPS,EU27_2020,,0.05875,NaN,NaN
S,6000,MWH70000-149999,KWH,X_TAX,PPS,FI,0.035750000000000004,0.0346,NaN,NaN
S,6000,MWH70000-149999,KWH,X_TAX,PPS,FR,0.04695,0.049699999999999994,NaN,NaN
S,6000,MWH70000-149999,KWH,X_TAX,PPS,HR,0.0989,0.09475,NaN,NaN
S,6000,MWH70000-149999,KWH,X_TAX,PPS,HU,0.11549999999999999,0.1006,NaN,NaN
S,6000,MWH70000-149999,KWH,X_TAX,PPS,IE,0.06939999999999999,0.06695000000000001,NaN,NaN
S,6000,MWH70000-149999,KWH,X_TAX,PPS,IS,,,NaN,NaN
S,6000,MWH70000-149999,KWH,X_TAX,PPS,IT,0.0602,0.0652,NaN,NaN
S,6000,MWH70000-149999,KWH,X_TAX,PPS,LT,0.09325,0.1001,NaN,NaN
S,6000,MWH70000-149999,KWH,X_TAX,PPS,LU,,,NaN,NaN
S,6000,MWH70000-149999,KWH,X_TAX,PPS,LV,0.08515,0.06665,NaN,NaN
S,6000,MWH70000-149999,KWH,X_TAX,PPS,ME,,,NaN,NaN
S,6000,MWH70000-149999,KWH,X_TAX,PPS,MK,0.13225,0.1187,NaN,NaN
S,6000,MWH70000-149999,KWH,X_TAX,PPS,MT,0.12345,0.11525,NaN,NaN
S,6000,MWH70000-149999,KWH,X_TAX,PPS,NL,0.0537,0.051500000000000004,NaN,NaN
S,6000,MWH70000-149999,KWH,X_TAX,PPS,NO,0.0241,0.01085,NaN,NaN
S,6000,MWH70000-149999,KWH,X_TAX,PPS,PL,0.1014,0.0889,NaN,NaN
S,6000,MWH70000-149999,KWH,X_TAX,PPS,PT,0.0702,0.06245,NaN,NaN
S,6000,MWH70000-149999,KWH,X_TAX,PPS,RO,0.1001,0.13705,NaN,NaN
S,6000,MWH70000-149999,KWH,X_TAX,PPS,RS,0.1032,0.1078,NaN,NaN
S,6000,MWH70000-149999,KWH,X_TAX,PPS,SE,0.0324,0.0317,NaN,NaN
S,6000,MWH70000-149999,KWH,X_TAX,PPS,SI,0.06565,0.0701,NaN,NaN
S,6000,MWH70000-149999,KWH,X_TAX,PPS,SK,0.12365,0.08215,NaN,NaN
S,6000,MWH70000-149999,KWH,X_TAX,PPS,TR,0.11955,0.1325,NaN,NaN
S,6000,MWH70000-149999,KWH,X_TAX,PPS,UK,0.0778,,NaN,NaN
S,6000,MWH70000-149999,KWH,X_VAT,EUR,AL,,0.10364999999999999,NaN,e
S,6000,MWH70000-149999,KWH,X_VAT,EUR,AT,0.06509999999999999,0.08274999999999999,NaN,NaN
S,6000,MWH70000-149999,KWH,X_VAT,EUR,BA,0.0398,0.05,NaN,NaN
S,6000,MWH70000-149999,KWH,X_VAT,EUR,BE,0.06265,0.06409999999999999,NaN,NaN
S,6000,MWH70000-149999,KWH,X_VAT,EUR,BG,0.06129999999999999,0.06465000000000001,NaN,NaN
S,6000,MWH70000-149999,KWH,X_VAT,EUR,CY,0.08945,0.0633,NaN,NaN
S,6000,MWH70000-149999,KWH,X_VAT,EUR,CZ,0.0675,0.07005,NaN,NaN
S,6000,MWH70000-149999,KWH,X_VAT,EUR,DE,0.08365,0.10644999999999999,NaN,NaN
S,6000,MWH70000-149999,KWH,X_VAT,EUR,DK,0.07815,0.054599999999999996,NaN,NaN
S,6000,MWH70000-149999,KWH,X_VAT,EUR,EA,0.07255,0.0783,NaN,NaN
S,6000,MWH70000-149999,KWH,X_VAT,EUR,EE,0.0697,0.06765,NaN,NaN
S,6000,MWH70000-149999,KWH,X_VAT,EUR,EL,0.06085,,NaN,NaN
S,6000,MWH70000-149999,KWH,X_VAT,EUR,ES,0.0685,0.0631,NaN,NaN
S,6000,MWH70000-149999,KWH,X_VAT,EUR,EU27_2020,0.06985,0.07615,NaN,NaN
S,6000,MWH70000-149999,KWH,X_VAT,EUR,FI,0.05055,0.05075,NaN,NaN
S,6000,MWH70000-149999,KWH,X_VAT,EUR,FR,0.05445,0.0592,NaN,NaN
S,6000,MWH70000-149999,KWH,X_VAT,EUR,GE,,,NaN,NaN
S,6000,MWH70000-149999,KWH,X_VAT,EUR,HR,0.06385,0.06634999999999999,NaN,NaN
S,6000,MWH70000-149999,KWH,X_VAT,EUR,HU,0.07264999999999999,0.0764,NaN,NaN
S,6000,MWH70000-149999,KWH,X_VAT,EUR,IE,0.07935,0.0859,NaN,NaN
S,6000,MWH70000-149999,KWH,X_VAT,EUR,IS,,,NaN,NaN
S,6000,MWH70000-149999,KWH,X_VAT,EUR,IT,0.09325,0.07339999999999999,NaN,NaN
S,6000,MWH70000-149999,KWH,X_VAT,EUR,LI,,,NaN,NaN
S,6000,MWH70000-149999,KWH,X_VAT,EUR,LT,0.07155,0.078,NaN,NaN
S,6000,MWH70000-149999,KWH,X_VAT,EUR,LU,,,NaN,NaN
S,6000,MWH70000-149999,KWH,X_VAT,EUR,LV,0.08335000000000001,0.06720000000000001,NaN,NaN
S,6000,MWH70000-149999,KWH,X_VAT,EUR,MD,,,NaN,NaN
S,6000,MWH70000-149999,KWH,X_VAT,EUR,ME,,,NaN,NaN
S,6000,MWH70000-149999,KWH,X_VAT,EUR,MK,0.054849999999999996,0.0545,NaN,NaN
S,6000,MWH70000-149999,KWH,X_VAT,EUR,MT,0.09905,0.10255,NaN,NaN
S,6000,MWH70000-149999,KWH,X_VAT,EUR,NL,0.06035,0.0634,NaN,NaN
S,6000,MWH70000-149999,KWH,X_VAT,EUR,NO,0.05075,0.015300000000000001,NaN,NaN
S,6000,MWH70000-149999,KWH,X_VAT,EUR,PL,0.05955,0.0798,NaN,NaN
S,6000,MWH70000-149999,KWH,X_VAT,EUR,PT,0.07395,0.0734,NaN,NaN
S,6000,MWH70000-149999,KWH,X_VAT,EUR,RO,0.06085,0.08685000000000001,NaN,NaN
S,6000,MWH70000-149999,KWH,X_VAT,EUR,RS,0.05005,0.0626,NaN,NaN
S,6000,MWH70000-149999,KWH,X_VAT,EUR,SE,0.04145,0.040499999999999994,NaN,NaN
S,6000,MWH70000-149999,KWH,X_VAT,EUR,SI,0.05785,0.06559999999999999,NaN,NaN
S,6000,MWH70000-149999,KWH,X_VAT,EUR,SK,0.08510000000000001,0.10055,NaN,NaN
S,6000,MWH70000-149999,KWH,X_VAT,EUR,TR,0.0615,0.0566,NaN,NaN
S,6000,MWH70000-149999,KWH,X_VAT,EUR,UA,,0.04605,NaN,NaN
S,6000,MWH70000-149999,KWH,X_VAT,EUR,UK,0.1179,,NaN,NaN
S,6000,MWH70000-149999,KWH,X_VAT,EUR,XK,0.048799999999999996,,NaN,NaN
S,6000,MWH70000-149999,KWH,X_VAT,NAC,AL,,12.83,NaN,e
S,6000,MWH70000-149999,KWH,X_VAT,NAC,AT,0.06509999999999999,0.08274999999999999,NaN,NaN
S,6000,MWH70000-149999,KWH,X_VAT,NAC,BA,0.07785,0.0977,NaN,NaN
S,6000,MWH70000-149999,KWH,X_VAT,NAC,BE,0.06265,0.06409999999999999,NaN,NaN
S,6000,MWH70000-149999,KWH,X_VAT,NAC,BG,0.1199,0.12645,NaN,NaN
S,6000,MWH70000-149999,KWH,X_VAT,NAC,CY,0.08945,0.0633,NaN,NaN
S,6000,MWH70000-149999,KWH,X_VAT,NAC,CZ,1.82525,1.85305,NaN,NaN
S,6000,MWH70000-149999,KWH,X_VAT,NAC,DE,0.08365,0.10644999999999999,NaN,NaN
S,6000,MWH70000-149999,KWH,X_VAT,NAC,DK,0.58185,0.40700000000000003,NaN,NaN
S,6000,MWH70000-149999,KWH,X_VAT,NAC,EA,0.0726,,NaN,NaN
S,6000,MWH70000-149999,KWH,X_VAT,NAC,EE,0.0697,0.06765,NaN,NaN
S,6000,MWH70000-149999,KWH,X_VAT,NAC,EL,0.06085,,NaN,NaN
S,6000,MWH70000-149999,KWH,X_VAT,NAC,ES,0.0685,0.0631,NaN,NaN
S,6000,MWH70000-149999,KWH,X_VAT,NAC,FI,0.05055,0.05075,NaN,NaN
S,6000,MWH70000-149999,KWH,X_VAT,NAC,FR,0.05445,0.0592,NaN,NaN
S,6000,MWH70000-149999,KWH,X_VAT,NAC,GE,,,NaN,NaN
S,6000,MWH70000-149999,KWH,X_VAT,NAC,HR,0.48075,0.50035,NaN,NaN
S,6000,MWH70000-149999,KWH,X_VAT,NAC,HU,22.6274,26.815399999999997,NaN,NaN
S,6000,MWH70000-149999,KWH,X_VAT,NAC,IE,0.07935,0.0859,NaN,NaN
S,6000,MWH70000-149999,KWH,X_VAT,NAC,IS,,,NaN,NaN
S,6000,MWH70000-149999,KWH,X_VAT,NAC,IT,0.09325,0.07339999999999999,NaN,NaN
S,6000,MWH70000-149999,KWH,X_VAT,NAC,LI,,,NaN,NaN
S,6000,MWH70000-149999,KWH,X_VAT,NAC,LT,0.07155,0.078,NaN,NaN
S,6000,MWH70000-149999,KWH,X_VAT,NAC,LU,,,NaN,NaN
S,6000,MWH70000-149999,KWH,X_VAT,NAC,LV,0.08335000000000001,0.06720000000000001,NaN,NaN
S,6000,MWH70000-149999,KWH,X_VAT,NAC,MD,,,NaN,NaN
S,6000,MWH70000-149999,KWH,X_VAT,NAC,ME,,,NaN,NaN
S,6000,MWH70000-149999,KWH,X_VAT,NAC,MK,3.37895,3.3619,NaN,NaN
S,6000,MWH70000-149999,KWH,X_VAT,NAC,MT,0.09905,0.10255,NaN,NaN
S,6000,MWH70000-149999,KWH,X_VAT,NAC,NL,0.06035,0.0634,NaN,NaN
S,6000,MWH70000-149999,KWH,X_VAT,NAC,NO,0.47114999999999996,0.1637,NaN,NaN
S,6000,MWH70000-149999,KWH,X_VAT,NAC,PL,0.2597,0.3546,NaN,NaN
S,6000,MWH70000-149999,KWH,X_VAT,NAC,PT,0.07395,0.0734,NaN,NaN
S,6000,MWH70000-149999,KWH,X_VAT,NAC,RO,0.2733,0.42010000000000003,NaN,NaN
S,6000,MWH70000-149999,KWH,X_VAT,NAC,RS,6.1612,7.36015,NaN,NaN
S,6000,MWH70000-149999,KWH,X_VAT,NAC,SE,0.39275,0.42425,NaN,NaN
S,6000,MWH70000-149999,KWH,X_VAT,NAC,SI,0.05785,0.06559999999999999,NaN,NaN
S,6000,MWH70000-149999,KWH,X_VAT,NAC,SK,0.08510000000000001,0.10055,NaN,NaN
S,6000,MWH70000-149999,KWH,X_VAT,NAC,TR,0.2058,0.4491,NaN,NaN
S,6000,MWH70000-149999,KWH,X_VAT,NAC,UA,,1.4149,NaN,NaN
S,6000,MWH70000-149999,KWH,X_VAT,NAC,UK,0.09635,,NaN,NaN
S,6000,MWH70000-149999,KWH,X_VAT,NAC,XK,0.048799999999999996,,NaN,NaN
S,6000,MWH70000-149999,KWH,X_VAT,PPS,AL,,0.2017,NaN,e
S,6000,MWH70000-149999,KWH,X_VAT,PPS,AT,0.061,0.07235,NaN,NaN
S,6000,MWH70000-149999,KWH,X_VAT,PPS,BA,0.0842,0.0975,NaN,NaN
S,6000,MWH70000-149999,KWH,X_VAT,PPS,BE,0.058300000000000005,0.05745,NaN,NaN
S,6000,MWH70000-149999,KWH,X_VAT,PPS,BG,0.13265,0.12,NaN,NaN
S,6000,MWH70000-149999,KWH,X_VAT,PPS,CY,0.10114999999999999,0.0691,NaN,NaN
S,6000,MWH70000-149999,KWH,X_VAT,PPS,CZ,0.106,0.0968,NaN,NaN
S,6000,MWH70000-149999,KWH,X_VAT,PPS,DE,0.08085,0.0963,NaN,NaN
S,6000,MWH70000-149999,KWH,X_VAT,PPS,DK,0.0582,0.041,NaN,NaN
S,6000,MWH70000-149999,KWH,X_VAT,PPS,EA,0.07075000000000001,0.07475,NaN,NaN
S,6000,MWH70000-149999,KWH,X_VAT,PPS,EE,0.09675,0.0843,NaN,NaN
S,6000,MWH70000-149999,KWH,X_VAT,PPS,EL,0.07375000000000001,,NaN,NaN
S,6000,MWH70000-149999,KWH,X_VAT,PPS,ES,0.07695,0.0672,NaN,NaN
S,6000,MWH70000-149999,KWH,X_VAT,PPS,EU27_2020,,0.0804,NaN,NaN
S,6000,MWH70000-149999,KWH,X_VAT,PPS,FI,0.0416,0.040150000000000005,NaN,NaN
S,6000,MWH70000-149999,KWH,X_VAT,PPS,FR,0.04955,0.054400000000000004,NaN,NaN
S,6000,MWH70000-149999,KWH,X_VAT,PPS,HR,0.10145,0.10295,NaN,NaN
S,6000,MWH70000-149999,KWH,X_VAT,PPS,HU,0.12905,0.12045,NaN,NaN
S,6000,MWH70000-149999,KWH,X_VAT,PPS,IE,0.07255,0.0712,NaN,NaN
S,6000,MWH70000-149999,KWH,X_VAT,PPS,IS,,,NaN,NaN
S,6000,MWH70000-149999,KWH,X_VAT,PPS,IT,0.095,0.0739,NaN,NaN
S,6000,MWH70000-149999,KWH,X_VAT,PPS,LT,0.11925,0.1144,NaN,NaN
S,6000,MWH70000-149999,KWH,X_VAT,PPS,LU,,,NaN,NaN
S,6000,MWH70000-149999,KWH,X_VAT,PPS,LV,0.1255,0.09105,NaN,NaN
S,6000,MWH70000-149999,KWH,X_VAT,PPS,ME,,,NaN,NaN
S,6000,MWH70000-149999,KWH,X_VAT,PPS,MK,0.13225,0.1187,NaN,NaN
S,6000,MWH70000-149999,KWH,X_VAT,PPS,MT,0.12345,0.11695,NaN,NaN
S,6000,MWH70000-149999,KWH,X_VAT,PPS,NL,0.05575,0.05475,NaN,NaN
S,6000,MWH70000-149999,KWH,X_VAT,PPS,NO,0.036449999999999996,0.01085,NaN,NaN
S,6000,MWH70000-149999,KWH,X_VAT,PPS,PL,0.1099,0.13235000000000002,NaN,NaN
S,6000,MWH70000-149999,KWH,X_VAT,PPS,PT,0.09475,0.0863,NaN,NaN
S,6000,MWH70000-149999,KWH,X_VAT,PPS,RO,0.12475,0.1644,NaN,NaN
S,6000,MWH70000-149999,KWH,X_VAT,PPS,RS,0.11345,0.11775,NaN,NaN
S,6000,MWH70000-149999,KWH,X_VAT,PPS,SE,0.032850000000000004,0.03205,NaN,NaN
S,6000,MWH70000-149999,KWH,X_VAT,PPS,SI,0.07365,0.07805000000000001,NaN,NaN
S,6000,MWH70000-149999,KWH,X_VAT,PPS,SK,0.13055,0.1249,NaN,NaN
S,6000,MWH70000-149999,KWH,X_VAT,PPS,TR,0.1238,0.1366,NaN,NaN
S,6000,MWH70000-149999,KWH,X_VAT,PPS,UK,0.10445,,NaN,NaN
S,6000,MWH_GE150000,KWH,I_TAX,EUR,AL,,0.1244,NaN,e
S,6000,MWH_GE150000,KWH,I_TAX,EUR,AT,,0.08940000000000001,NaN,NaN
S,6000,MWH_GE150000,KWH,I_TAX,EUR,BA,0.05305,0.08180000000000001,NaN,NaN
S,6000,MWH_GE150000,KWH,I_TAX,EUR,BE,,0.0542,NaN,NaN
S,6000,MWH_GE150000,KWH,I_TAX,EUR,BG,0.07185,0.0729,NaN,NaN
S,6000,MWH_GE150000,KWH,I_TAX,EUR,CY,,0.06735,NaN,NaN
S,6000,MWH_GE150000,KWH,I_TAX,EUR,CZ,,,NaN,NaN
S,6000,MWH_GE150000,KWH,I_TAX,EUR,DE,,0.10045000000000001,NaN,NaN
S,6000,MWH_GE150000,KWH,I_TAX,EUR,DK,,0.215,NaN,NaN
S,6000,MWH_GE150000,KWH,I_TAX,EUR,EA,0.07615,0.07575,NaN,NaN
S,6000,MWH_GE150000,KWH,I_TAX,EUR,EE,,,NaN,NaN
S,6000,MWH_GE150000,KWH,I_TAX,EUR,EL,,,NaN,NaN
S,6000,MWH_GE150000,KWH,I_TAX,EUR,ES,0.07045,0.06315,NaN,NaN
S,6000,MWH_GE150000,KWH,I_TAX,EUR,EU27_2020,0.07555,0.07919999999999999,NaN,NaN
S,6000,MWH_GE150000,KWH,I_TAX,EUR,FI,,,NaN,NaN
S,6000,MWH_GE150000,KWH,I_TAX,EUR,FR,,0.06095,NaN,NaN
S,6000,MWH_GE150000,KWH,I_TAX,EUR,GE,,,NaN,NaN
S,6000,MWH_GE150000,KWH,I_TAX,EUR,HR,,,NaN,NaN
S,6000,MWH_GE150000,KWH,I_TAX,EUR,HU,0.0915,0.08135,NaN,NaN
S,6000,MWH_GE150000,KWH,I_TAX,EUR,IE,,0.0864,NaN,NaN
S,6000,MWH_GE150000,KWH,I_TAX,EUR,IS,,,NaN,NaN
S,6000,MWH_GE150000,KWH,I_TAX,EUR,IT,0.0821,0.0689,NaN,NaN
S,6000,MWH_GE150000,KWH,I_TAX,EUR,LI,,,NaN,NaN
S,6000,MWH_GE150000,KWH,I_TAX,EUR,LT,,,NaN,NaN
S,6000,MWH_GE150000,KWH,I_TAX,EUR,LU,,,NaN,NaN
S,6000,MWH_GE150000,KWH,I_TAX,EUR,LV,,0.0,NaN,NaN
S,6000,MWH_GE150000,KWH,I_TAX,EUR,ME,,,NaN,NaN
S,6000,MWH_GE150000,KWH,I_TAX,EUR,MK,,0.06335,NaN,NaN
S,6000,MWH_GE150000,KWH,I_TAX,EUR,MT,,,NaN,NaN
S,6000,MWH_GE150000,KWH,I_TAX,EUR,NL,0.07050000000000001,0.07065,NaN,NaN
S,6000,MWH_GE150000,KWH,I_TAX,EUR,NO,,0.038849999999999996,NaN,NaN
S,6000,MWH_GE150000,KWH,I_TAX,EUR,PL,0.06955,0.09525,NaN,NaN
S,6000,MWH_GE150000,KWH,I_TAX,EUR,PT,,0.08230000000000001,NaN,NaN
S,6000,MWH_GE150000,KWH,I_TAX,EUR,RO,,0.07919999999999999,NaN,NaN
S,6000,MWH_GE150000,KWH,I_TAX,EUR,RS,,0.06995000000000001,NaN,NaN
S,6000,MWH_GE150000,KWH,I_TAX,EUR,SE,,0.04455,NaN,NaN
S,6000,MWH_GE150000,KWH,I_TAX,EUR,SI,,,NaN,NaN
S,6000,MWH_GE150000,KWH,I_TAX,EUR,SK,0.0848,0.11435000000000001,NaN,NaN
S,6000,MWH_GE150000,KWH,I_TAX,EUR,TR,0.0685,0.06415,NaN,NaN
S,6000,MWH_GE150000,KWH,I_TAX,EUR,UA,0.06485,0.058550000000000005,p,NaN
S,6000,MWH_GE150000,KWH,I_TAX,EUR,UK,0.13715,,NaN,NaN
S,6000,MWH_GE150000,KWH,I_TAX,EUR,XK,,,NaN,NaN
S,6000,MWH_GE150000,KWH,I_TAX,NAC,AL,,15.396,NaN,e
S,6000,MWH_GE150000,KWH,I_TAX,NAC,AT,,0.08940000000000001,NaN,NaN
S,6000,MWH_GE150000,KWH,I_TAX,NAC,BA,0.1037,0.16005,NaN,NaN
S,6000,MWH_GE150000,KWH,I_TAX,NAC,BE,,0.0542,NaN,NaN
S,6000,MWH_GE150000,KWH,I_TAX,NAC,BG,0.1405,0.14255,NaN,NaN
S,6000,MWH_GE150000,KWH,I_TAX,NAC,CY,,0.06735,NaN,NaN
S,6000,MWH_GE150000,KWH,I_TAX,NAC,CZ,,,NaN,NaN
S,6000,MWH_GE150000,KWH,I_TAX,NAC,DE,,0.10045000000000001,NaN,NaN
S,6000,MWH_GE150000,KWH,I_TAX,NAC,DK,,1.6025,NaN,NaN
S,6000,MWH_GE150000,KWH,I_TAX,NAC,EE,,,NaN,NaN
S,6000,MWH_GE150000,KWH,I_TAX,NAC,EL,,,NaN,NaN
S,6000,MWH_GE150000,KWH,I_TAX,NAC,ES,0.07045,0.06315,NaN,NaN
S,6000,MWH_GE150000,KWH,I_TAX,NAC,FI,,,NaN,NaN
S,6000,MWH_GE150000,KWH,I_TAX,NAC,FR,,0.06095,NaN,NaN
S,6000,MWH_GE150000,KWH,I_TAX,NAC,GE,,,NaN,NaN
S,6000,MWH_GE150000,KWH,I_TAX,NAC,HR,,,NaN,NaN
S,6000,MWH_GE150000,KWH,I_TAX,NAC,HU,28.5011,28.582349999999998,NaN,NaN
S,6000,MWH_GE150000,KWH,I_TAX,NAC,IE,,0.0864,NaN,NaN
S,6000,MWH_GE150000,KWH,I_TAX,NAC,IS,,,NaN,NaN
S,6000,MWH_GE150000,KWH,I_TAX,NAC,IT,0.0821,0.0689,NaN,NaN
S,6000,MWH_GE150000,KWH,I_TAX,NAC,LI,,,NaN,NaN
S,6000,MWH_GE150000,KWH,I_TAX,NAC,LT,,,NaN,NaN
S,6000,MWH_GE150000,KWH,I_TAX,NAC,LU,,,NaN,NaN
S,6000,MWH_GE150000,KWH,I_TAX,NAC,LV,,0.0,NaN,NaN
S,6000,MWH_GE150000,KWH,I_TAX,NAC,ME,,,NaN,NaN
S,6000,MWH_GE150000,KWH,I_TAX,NAC,MK,,3.9062,NaN,NaN
S,6000,MWH_GE150000,KWH,I_TAX,NAC,MT,,,NaN,NaN
S,6000,MWH_GE150000,KWH,I_TAX,NAC,NL,0.07050000000000001,0.07065,NaN,NaN
S,6000,MWH_GE150000,KWH,I_TAX,NAC,NO,,0.4163,NaN,NaN
S,6000,MWH_GE150000,KWH,I_TAX,NAC,PL,0.3035,0.42335,NaN,NaN
S,6000,MWH_GE150000,KWH,I_TAX,NAC,PT,,0.08230000000000001,NaN,NaN
S,6000,MWH_GE150000,KWH,I_TAX,NAC,RO,,0.3832,NaN,NaN
S,6000,MWH_GE150000,KWH,I_TAX,NAC,RS,,8.224,NaN,NaN
S,6000,MWH_GE150000,KWH,I_TAX,NAC,SE,,0.4667,NaN,NaN
S,6000,MWH_GE150000,KWH,I_TAX,NAC,SI,,,NaN,NaN
S,6000,MWH_GE150000,KWH,I_TAX,NAC,SK,0.0848,0.11435000000000001,NaN,NaN
S,6000,MWH_GE150000,KWH,I_TAX,NAC,TR,0.22885,0.5089,NaN,NaN
S,6000,MWH_GE150000,KWH,I_TAX,NAC,UA,1.835,1.8028499999999998,p,NaN
S,6000,MWH_GE150000,KWH,I_TAX,NAC,UK,0.1121,,NaN,NaN
S,6000,MWH_GE150000,KWH,I_TAX,NAC,XK,,,NaN,NaN
S,6000,MWH_GE150000,KWH,I_TAX,PPS,AL,,0.2421,NaN,e
S,6000,MWH_GE150000,KWH,I_TAX,PPS,AT,,0.0782,NaN,NaN
S,6000,MWH_GE150000,KWH,I_TAX,PPS,BA,0.11215,0.1598,NaN,NaN
S,6000,MWH_GE150000,KWH,I_TAX,PPS,BE,,0.0486,NaN,NaN
S,6000,MWH_GE150000,KWH,I_TAX,PPS,BG,0.15544999999999998,0.1353,NaN,NaN
S,6000,MWH_GE150000,KWH,I_TAX,PPS,CY,,0.0735,NaN,NaN
S,6000,MWH_GE150000,KWH,I_TAX,PPS,CZ,,,NaN,NaN
S,6000,MWH_GE150000,KWH,I_TAX,PPS,DE,,0.09090000000000001,NaN,NaN
S,6000,MWH_GE150000,KWH,I_TAX,PPS,DK,,0.16144999999999998,NaN,NaN
S,6000,MWH_GE150000,KWH,I_TAX,PPS,EA,,0.07245,NaN,NaN
S,6000,MWH_GE150000,KWH,I_TAX,PPS,EE,,,NaN,NaN
S,6000,MWH_GE150000,KWH,I_TAX,PPS,EL,,,NaN,NaN
S,6000,MWH_GE150000,KWH,I_TAX,PPS,ES,0.07915,0.0673,NaN,NaN
S,6000,MWH_GE150000,KWH,I_TAX,PPS,EU27_2020,,0.08374999999999999,NaN,NaN
S,6000,MWH_GE150000,KWH,I_TAX,PPS,FI,,,NaN,NaN
S,6000,MWH_GE150000,KWH,I_TAX,PPS,FR,,0.055999999999999994,NaN,NaN
S,6000,MWH_GE150000,KWH,I_TAX,PPS,HR,,,NaN,NaN
S,6000,MWH_GE150000,KWH,I_TAX,PPS,HU,0.16255,0.12835000000000002,NaN,NaN
S,6000,MWH_GE150000,KWH,I_TAX,PPS,IE,,0.07155,NaN,NaN
S,6000,MWH_GE150000,KWH,I_TAX,PPS,IS,,,NaN,NaN
S,6000,MWH_GE150000,KWH,I_TAX,PPS,IT,0.08365,0.06935,NaN,NaN
S,6000,MWH_GE150000,KWH,I_TAX,PPS,LT,,,NaN,NaN
S,6000,MWH_GE150000,KWH,I_TAX,PPS,LU,,,NaN,NaN
S,6000,MWH_GE150000,KWH,I_TAX,PPS,LV,,0.0,NaN,NaN
S,6000,MWH_GE150000,KWH,I_TAX,PPS,ME,,,NaN,NaN
S,6000,MWH_GE150000,KWH,I_TAX,PPS,MK,,0.1379,NaN,NaN
S,6000,MWH_GE150000,KWH,I_TAX,PPS,MT,,,NaN,NaN
S,6000,MWH_GE150000,KWH,I_TAX,PPS,NL,0.06515,0.061,NaN,NaN
S,6000,MWH_GE150000,KWH,I_TAX,PPS,NO,,0.0275,NaN,NaN
S,6000,MWH_GE150000,KWH,I_TAX,PPS,PL,0.12840000000000001,0.158,NaN,NaN
S,6000,MWH_GE150000,KWH,I_TAX,PPS,PT,,0.09670000000000001,NaN,NaN
S,6000,MWH_GE150000,KWH,I_TAX,PPS,RO,,0.14995,NaN,NaN
S,6000,MWH_GE150000,KWH,I_TAX,PPS,RS,,0.13155,NaN,NaN
S,6000,MWH_GE150000,KWH,I_TAX,PPS,SE,,0.0353,NaN,NaN
S,6000,MWH_GE150000,KWH,I_TAX,PPS,SI,,,NaN,NaN
S,6000,MWH_GE150000,KWH,I_TAX,PPS,SK,0.1301,0.14200000000000002,NaN,NaN
S,6000,MWH_GE150000,KWH,I_TAX,PPS,TR,0.1377,0.1548,NaN,NaN
S,6000,MWH_GE150000,KWH,I_TAX,PPS,UK,0.12154999999999999,,NaN,NaN
S,6000,MWH_GE150000,KWH,X_TAX,EUR,AL,,0.10364999999999999,NaN,e
S,6000,MWH_GE150000,KWH,X_TAX,EUR,AT,,0.0534,NaN,NaN
S,6000,MWH_GE150000,KWH,X_TAX,EUR,BA,0.04535,0.06835,NaN,NaN
S,6000,MWH_GE150000,KWH,X_TAX,EUR,BE,,0.04015,NaN,NaN
S,6000,MWH_GE150000,KWH,X_TAX,EUR,BG,0.0588,0.05975,NaN,NaN
S,6000,MWH_GE150000,KWH,X_TAX,EUR,CY,,0.0427,NaN,NaN
S,6000,MWH_GE150000,KWH,X_TAX,EUR,CZ,,,NaN,NaN
S,6000,MWH_GE150000,KWH,X_TAX,EUR,DE,,0.03655,NaN,NaN
S,6000,MWH_GE150000,KWH,X_TAX,EUR,DK,,0.04645,NaN,NaN
S,6000,MWH_GE150000,KWH,X_TAX,EUR,EA,0.057300000000000004,0.047,NaN,NaN
S,6000,MWH_GE150000,KWH,X_TAX,EUR,EE,,,NaN,NaN
S,6000,MWH_GE150000,KWH,X_TAX,EUR,EL,,,NaN,NaN
S,6000,MWH_GE150000,KWH,X_TAX,EUR,ES,0.055400000000000005,0.0442,NaN,NaN
S,6000,MWH_GE150000,KWH,X_TAX,EUR,EU27_2020,0.0568,0.047850000000000004,NaN,NaN
S,6000,MWH_GE150000,KWH,X_TAX,EUR,FI,,,NaN,NaN
S,6000,MWH_GE150000,KWH,X_TAX,EUR,FR,,0.0514,NaN,NaN
S,6000,MWH_GE150000,KWH,X_TAX,EUR,GE,,,NaN,NaN
S,6000,MWH_GE150000,KWH,X_TAX,EUR,HR,,,NaN,NaN
S,6000,MWH_GE150000,KWH,X_TAX,EUR,HU,0.0658,0.05395,NaN,NaN
S,6000,MWH_GE150000,KWH,X_TAX,EUR,IE,,0.07600000000000001,NaN,NaN
S,6000,MWH_GE150000,KWH,X_TAX,EUR,IS,,,NaN,NaN
S,6000,MWH_GE150000,KWH,X_TAX,EUR,IT,0.0576,0.055900000000000005,NaN,NaN
S,6000,MWH_GE150000,KWH,X_TAX,EUR,LI,,,NaN,NaN
S,6000,MWH_GE150000,KWH,X_TAX,EUR,LT,,,NaN,NaN
S,6000,MWH_GE150000,KWH,X_TAX,EUR,LU,,,NaN,NaN
S,6000,MWH_GE150000,KWH,X_TAX,EUR,LV,,0.0,NaN,NaN
S,6000,MWH_GE150000,KWH,X_TAX,EUR,ME,,,NaN,NaN
S,6000,MWH_GE150000,KWH,X_TAX,EUR,MK,,0.0537,NaN,NaN
S,6000,MWH_GE150000,KWH,X_TAX,EUR,MT,,,NaN,NaN
S,6000,MWH_GE150000,KWH,X_TAX,EUR,NL,0.057150000000000006,0.056249999999999994,NaN,NaN
S,6000,MWH_GE150000,KWH,X_TAX,EUR,NO,,0.03105,NaN,NaN
S,6000,MWH_GE150000,KWH,X_TAX,EUR,PL,0.052000000000000005,0.05165,NaN,NaN
S,6000,MWH_GE150000,KWH,X_TAX,EUR,PT,,0.05205,NaN,NaN
S,6000,MWH_GE150000,KWH,X_TAX,EUR,RO,,0.05785,NaN,NaN
S,6000,MWH_GE150000,KWH,X_TAX,EUR,RS,,0.0533,NaN,NaN
S,6000,MWH_GE150000,KWH,X_TAX,EUR,SE,,0.035199999999999995,NaN,NaN
S,6000,MWH_GE150000,KWH,X_TAX,EUR,SI,,,NaN,NaN
S,6000,MWH_GE150000,KWH,X_TAX,EUR,SK,0.06615,0.060899999999999996,NaN,NaN
S,6000,MWH_GE150000,KWH,X_TAX,EUR,TR,0.05595,0.05245,NaN,NaN
S,6000,MWH_GE150000,KWH,X_TAX,EUR,UA,0.05355,0.048799999999999996,NaN,NaN
S,6000,MWH_GE150000,KWH,X_TAX,EUR,UK,0.08560000000000001,,NaN,NaN
S,6000,MWH_GE150000,KWH,X_TAX,EUR,XK,,,NaN,NaN
S,6000,MWH_GE150000,KWH,X_TAX,NAC,AL,,12.83,NaN,e
S,6000,MWH_GE150000,KWH,X_TAX,NAC,AT,,0.0534,NaN,NaN
S,6000,MWH_GE150000,KWH,X_TAX,NAC,BA,0.08865,0.13365,NaN,NaN
S,6000,MWH_GE150000,KWH,X_TAX,NAC,BE,,0.04015,NaN,NaN
S,6000,MWH_GE150000,KWH,X_TAX,NAC,BG,0.11505000000000001,0.11679999999999999,NaN,NaN
S,6000,MWH_GE150000,KWH,X_TAX,NAC,CY,,0.0427,NaN,NaN
S,6000,MWH_GE150000,KWH,X_TAX,NAC,CZ,,,NaN,NaN
S,6000,MWH_GE150000,KWH,X_TAX,NAC,DE,,0.03655,NaN,NaN
S,6000,MWH_GE150000,KWH,X_TAX,NAC,DK,,0.34650000000000003,NaN,NaN
S,6000,MWH_GE150000,KWH,X_TAX,NAC,EE,,,NaN,NaN
S,6000,MWH_GE150000,KWH,X_TAX,NAC,EL,,,NaN,NaN
S,6000,MWH_GE150000,KWH,X_TAX,NAC,ES,0.055400000000000005,0.0442,NaN,NaN
S,6000,MWH_GE150000,KWH,X_TAX,NAC,FI,,,NaN,NaN
S,6000,MWH_GE150000,KWH,X_TAX,NAC,FR,,0.0514,NaN,NaN
S,6000,MWH_GE150000,KWH,X_TAX,NAC,GE,,,NaN,NaN
S,6000,MWH_GE150000,KWH,X_TAX,NAC,HR,,,NaN,NaN
S,6000,MWH_GE150000,KWH,X_TAX,NAC,HU,20.5014,18.9606,NaN,NaN
S,6000,MWH_GE150000,KWH,X_TAX,NAC,IE,,0.07600000000000001,NaN,NaN
S,6000,MWH_GE150000,KWH,X_TAX,NAC,IS,,,NaN,NaN
S,6000,MWH_GE150000,KWH,X_TAX,NAC,IT,0.0576,0.055900000000000005,NaN,NaN
S,6000,MWH_GE150000,KWH,X_TAX,NAC,LI,,,NaN,NaN
S,6000,MWH_GE150000,KWH,X_TAX,NAC,LT,,,NaN,NaN
S,6000,MWH_GE150000,KWH,X_TAX,NAC,LU,,,NaN,NaN
S,6000,MWH_GE150000,KWH,X_TAX,NAC,LV,,0.0,NaN,NaN
S,6000,MWH_GE150000,KWH,X_TAX,NAC,ME,,,NaN,NaN
S,6000,MWH_GE150000,KWH,X_TAX,NAC,MK,,3.3103,NaN,NaN
S,6000,MWH_GE150000,KWH,X_TAX,NAC,MT,,,NaN,NaN
S,6000,MWH_GE150000,KWH,X_TAX,NAC,NL,0.057150000000000006,0.056249999999999994,NaN,NaN
S,6000,MWH_GE150000,KWH,X_TAX,NAC,NO,,0.33305,NaN,NaN
S,6000,MWH_GE150000,KWH,X_TAX,NAC,PL,0.22675,0.2296,NaN,NaN
S,6000,MWH_GE150000,KWH,X_TAX,NAC,PT,,0.05205,NaN,NaN
S,6000,MWH_GE150000,KWH,X_TAX,NAC,RO,,0.27969999999999995,NaN,NaN
S,6000,MWH_GE150000,KWH,X_TAX,NAC,RS,,6.2675,NaN,NaN
S,6000,MWH_GE150000,KWH,X_TAX,NAC,SE,,0.36835,NaN,NaN
S,6000,MWH_GE150000,KWH,X_TAX,NAC,SI,,,NaN,NaN
S,6000,MWH_GE150000,KWH,X_TAX,NAC,SK,0.06615,0.060899999999999996,NaN,NaN
S,6000,MWH_GE150000,KWH,X_TAX,NAC,TR,0.18695,0.41625,NaN,NaN
S,6000,MWH_GE150000,KWH,X_TAX,NAC,UA,1.515,1.5024000000000002,NaN,NaN
S,6000,MWH_GE150000,KWH,X_TAX,NAC,UK,0.07,,NaN,NaN
S,6000,MWH_GE150000,KWH,X_TAX,NAC,XK,,,NaN,NaN
S,6000,MWH_GE150000,KWH,X_TAX,PPS,AL,,0.2017,NaN,e
S,6000,MWH_GE150000,KWH,X_TAX,PPS,AT,,0.04675,NaN,NaN
S,6000,MWH_GE150000,KWH,X_TAX,PPS,BA,0.09584999999999999,0.13340000000000002,NaN,NaN
S,6000,MWH_GE150000,KWH,X_TAX,PPS,BE,,0.036000000000000004,NaN,NaN
S,6000,MWH_GE150000,KWH,X_TAX,PPS,BG,0.12725,0.1108,NaN,NaN
S,6000,MWH_GE150000,KWH,X_TAX,PPS,CY,,0.0466,NaN,NaN
S,6000,MWH_GE150000,KWH,X_TAX,PPS,CZ,,,NaN,NaN
S,6000,MWH_GE150000,KWH,X_TAX,PPS,DE,,0.033100000000000004,NaN,NaN
S,6000,MWH_GE150000,KWH,X_TAX,PPS,DK,,0.0349,NaN,NaN
S,6000,MWH_GE150000,KWH,X_TAX,PPS,EA,,0.04535,NaN,NaN
S,6000,MWH_GE150000,KWH,X_TAX,PPS,EE,,,NaN,NaN
S,6000,MWH_GE150000,KWH,X_TAX,PPS,EL,,,NaN,NaN
S,6000,MWH_GE150000,KWH,X_TAX,PPS,ES,0.06225,0.0471,NaN,NaN
S,6000,MWH_GE150000,KWH,X_TAX,PPS,EU27_2020,,0.051449999999999996,NaN,NaN
S,6000,MWH_GE150000,KWH,X_TAX,PPS,FI,,,NaN,NaN
S,6000,MWH_GE150000,KWH,X_TAX,PPS,FR,,0.0472,NaN,NaN
S,6000,MWH_GE150000,KWH,X_TAX,PPS,HR,,,NaN,NaN
S,6000,MWH_GE150000,KWH,X_TAX,PPS,HU,0.1169,0.08515,NaN,NaN
S,6000,MWH_GE150000,KWH,X_TAX,PPS,IE,,0.06295,NaN,NaN
S,6000,MWH_GE150000,KWH,X_TAX,PPS,IS,,,NaN,NaN
S,6000,MWH_GE150000,KWH,X_TAX,PPS,IT,0.05865,0.05625,NaN,NaN
S,6000,MWH_GE150000,KWH,X_TAX,PPS,LT,,,NaN,NaN
S,6000,MWH_GE150000,KWH,X_TAX,PPS,LU,,,NaN,NaN
S,6000,MWH_GE150000,KWH,X_TAX,PPS,LV,,0.0,NaN,NaN
S,6000,MWH_GE150000,KWH,X_TAX,PPS,ME,,,NaN,NaN
S,6000,MWH_GE150000,KWH,X_TAX,PPS,MK,,0.1169,NaN,NaN
S,6000,MWH_GE150000,KWH,X_TAX,PPS,MT,,,NaN,NaN
S,6000,MWH_GE150000,KWH,X_TAX,PPS,NL,0.05285,0.048549999999999996,NaN,NaN
S,6000,MWH_GE150000,KWH,X_TAX,PPS,NO,,0.022,NaN,NaN
S,6000,MWH_GE150000,KWH,X_TAX,PPS,PL,0.09595000000000001,0.08565,NaN,NaN
S,6000,MWH_GE150000,KWH,X_TAX,PPS,PT,,0.061149999999999996,NaN,NaN
S,6000,MWH_GE150000,KWH,X_TAX,PPS,RO,,0.10945,NaN,NaN
S,6000,MWH_GE150000,KWH,X_TAX,PPS,RS,,0.10025,NaN,NaN
S,6000,MWH_GE150000,KWH,X_TAX,PPS,SE,,0.02785,NaN,NaN
S,6000,MWH_GE150000,KWH,X_TAX,PPS,SI,,,NaN,NaN
S,6000,MWH_GE150000,KWH,X_TAX,PPS,SK,0.10145,0.07565,NaN,NaN
S,6000,MWH_GE150000,KWH,X_TAX,PPS,TR,0.11249999999999999,0.1266,NaN,NaN
S,6000,MWH_GE150000,KWH,X_TAX,PPS,UK,0.0759,,NaN,NaN
S,6000,MWH_GE150000,KWH,X_VAT,EUR,AL,,0.10364999999999999,NaN,e
S,6000,MWH_GE150000,KWH,X_VAT,EUR,AT,,0.07475,NaN,NaN
S,6000,MWH_GE150000,KWH,X_VAT,EUR,BA,0.04535,0.0699,NaN,NaN
S,6000,MWH_GE150000,KWH,X_VAT,EUR,BE,,0.04495,NaN,NaN
S,6000,MWH_GE150000,KWH,X_VAT,EUR,BG,0.05985,0.06075,NaN,NaN
S,6000,MWH_GE150000,KWH,X_VAT,EUR,CY,,0.057,NaN,NaN
S,6000,MWH_GE150000,KWH,X_VAT,EUR,CZ,,,NaN,NaN
S,6000,MWH_GE150000,KWH,X_VAT,EUR,DE,,0.0688,NaN,NaN
S,6000,MWH_GE150000,KWH,X_VAT,EUR,DK,,0.0529,NaN,NaN
S,6000,MWH_GE150000,KWH,X_VAT,EUR,EA,0.06675,0.0603,NaN,NaN
S,6000,MWH_GE150000,KWH,X_VAT,EUR,EE,,,NaN,NaN
S,6000,MWH_GE150000,KWH,X_VAT,EUR,EL,,,NaN,NaN
S,6000,MWH_GE150000,KWH,X_VAT,EUR,ES,0.0582,0.05225,NaN,NaN
S,6000,MWH_GE150000,KWH,X_VAT,EUR,EU27_2020,0.0651,0.060899999999999996,NaN,NaN
S,6000,MWH_GE150000,KWH,X_VAT,EUR,FI,,,NaN,NaN
S,6000,MWH_GE150000,KWH,X_VAT,EUR,FR,,0.05245,NaN,NaN
S,6000,MWH_GE150000,KWH,X_VAT,EUR,GE,,,NaN,NaN
S,6000,MWH_GE150000,KWH,X_VAT,EUR,HR,,,NaN,NaN
S,6000,MWH_GE150000,KWH,X_VAT,EUR,HU,0.07345,0.06655,NaN,NaN
S,6000,MWH_GE150000,KWH,X_VAT,EUR,IE,,0.0794,NaN,NaN
S,6000,MWH_GE150000,KWH,X_VAT,EUR,IS,,,NaN,NaN
S,6000,MWH_GE150000,KWH,X_VAT,EUR,IT,0.07669999999999999,0.0615,NaN,NaN
S,6000,MWH_GE150000,KWH,X_VAT,EUR,LI,,,NaN,NaN
S,6000,MWH_GE150000,KWH,X_VAT,EUR,LT,,,NaN,NaN
S,6000,MWH_GE150000,KWH,X_VAT,EUR,LU,,,NaN,NaN
S,6000,MWH_GE150000,KWH,X_VAT,EUR,LV,,0.0,NaN,NaN
S,6000,MWH_GE150000,KWH,X_VAT,EUR,ME,,,NaN,NaN
S,6000,MWH_GE150000,KWH,X_VAT,EUR,MK,,0.0537,NaN,NaN
S,6000,MWH_GE150000,KWH,X_VAT,EUR,MT,,,NaN,NaN
S,6000,MWH_GE150000,KWH,X_VAT,EUR,NL,0.058300000000000005,0.058399999999999994,NaN,NaN
S,6000,MWH_GE150000,KWH,X_VAT,EUR,NO,,0.03105,NaN,NaN
S,6000,MWH_GE150000,KWH,X_VAT,EUR,PL,0.05655,0.07745,NaN,NaN
S,6000,MWH_GE150000,KWH,X_VAT,EUR,PT,,0.0706,NaN,NaN
S,6000,MWH_GE150000,KWH,X_VAT,EUR,RO,,0.06659999999999999,NaN,NaN
S,6000,MWH_GE150000,KWH,X_VAT,EUR,RS,,0.0583,NaN,NaN
S,6000,MWH_GE150000,KWH,X_VAT,EUR,SE,,0.0356,NaN,NaN
S,6000,MWH_GE150000,KWH,X_VAT,EUR,SI,,,NaN,NaN
S,6000,MWH_GE150000,KWH,X_VAT,EUR,SK,0.07064999999999999,0.0953,NaN,NaN
S,6000,MWH_GE150000,KWH,X_VAT,EUR,TR,0.058050000000000004,0.0543,NaN,NaN
S,6000,MWH_GE150000,KWH,X_VAT,EUR,UA,0.05355,0.048799999999999996,NaN,NaN
S,6000,MWH_GE150000,KWH,X_VAT,EUR,UK,0.1143,,NaN,NaN
S,6000,MWH_GE150000,KWH,X_VAT,EUR,XK,,,NaN,NaN
S,6000,MWH_GE150000,KWH,X_VAT,NAC,AL,,12.83,NaN,e
S,6000,MWH_GE150000,KWH,X_VAT,NAC,AT,,0.07475,NaN,NaN
S,6000,MWH_GE150000,KWH,X_VAT,NAC,BA,0.08865,0.13674999999999998,NaN,NaN
S,6000,MWH_GE150000,KWH,X_VAT,NAC,BE,,0.04495,NaN,NaN
S,6000,MWH_GE150000,KWH,X_VAT,NAC,BG,0.11704999999999999,0.11879999999999999,NaN,NaN
S,6000,MWH_GE150000,KWH,X_VAT,NAC,CY,,0.057,NaN,NaN
S,6000,MWH_GE150000,KWH,X_VAT,NAC,CZ,,,NaN,NaN
S,6000,MWH_GE150000,KWH,X_VAT,NAC,DE,,0.0688,NaN,NaN
S,6000,MWH_GE150000,KWH,X_VAT,NAC,DK,,0.394,NaN,NaN
S,6000,MWH_GE150000,KWH,X_VAT,NAC,EE,,,NaN,NaN
S,6000,MWH_GE150000,KWH,X_VAT,NAC,EL,,,NaN,NaN
S,6000,MWH_GE150000,KWH,X_VAT,NAC,ES,0.0582,0.05225,NaN,NaN
S,6000,MWH_GE150000,KWH,X_VAT,NAC,FI,,,NaN,NaN
S,6000,MWH_GE150000,KWH,X_VAT,NAC,FR,,0.05245,NaN,NaN
S,6000,MWH_GE150000,KWH,X_VAT,NAC,GE,,,NaN,NaN
S,6000,MWH_GE150000,KWH,X_VAT,NAC,HR,,,NaN,NaN
S,6000,MWH_GE150000,KWH,X_VAT,NAC,HU,22.8819,23.37915,NaN,NaN
S,6000,MWH_GE150000,KWH,X_VAT,NAC,IE,,0.0794,NaN,NaN
S,6000,MWH_GE150000,KWH,X_VAT,NAC,IS,,,NaN,NaN
S,6000,MWH_GE150000,KWH,X_VAT,NAC,IT,0.07669999999999999,0.0615,NaN,NaN
S,6000,MWH_GE150000,KWH,X_VAT,NAC,LI,,,NaN,NaN
S,6000,MWH_GE150000,KWH,X_VAT,NAC,LT,,,NaN,NaN
S,6000,MWH_GE150000,KWH,X_VAT,NAC,LU,,,NaN,NaN
S,6000,MWH_GE150000,KWH,X_VAT,NAC,LV,,0.0,NaN,NaN
S,6000,MWH_GE150000,KWH,X_VAT,NAC,ME,,,NaN,NaN
S,6000,MWH_GE150000,KWH,X_VAT,NAC,MK,,3.3103,NaN,NaN
S,6000,MWH_GE150000,KWH,X_VAT,NAC,MT,,,NaN,NaN
S,6000,MWH_GE150000,KWH,X_VAT,NAC,NL,0.058300000000000005,0.058399999999999994,NaN,NaN
S,6000,MWH_GE150000,KWH,X_VAT,NAC,NO,,0.33305,NaN,NaN
S,6000,MWH_GE150000,KWH,X_VAT,NAC,PL,0.24675,0.34414999999999996,NaN,NaN
S,6000,MWH_GE150000,KWH,X_VAT,NAC,PT,,0.0706,NaN,NaN
S,6000,MWH_GE150000,KWH,X_VAT,NAC,RO,,0.32215,NaN,NaN
S,6000,MWH_GE150000,KWH,X_VAT,NAC,RS,,6.8533,NaN,NaN
S,6000,MWH_GE150000,KWH,X_VAT,NAC,SE,,0.37335,NaN,NaN
S,6000,MWH_GE150000,KWH,X_VAT,NAC,SI,,,NaN,NaN
S,6000,MWH_GE150000,KWH,X_VAT,NAC,SK,0.07064999999999999,0.0953,NaN,NaN
S,6000,MWH_GE150000,KWH,X_VAT,NAC,TR,0.19390000000000002,0.4309,NaN,NaN
S,6000,MWH_GE150000,KWH,X_VAT,NAC,UA,1.515,1.5024000000000002,NaN,NaN
S,6000,MWH_GE150000,KWH,X_VAT,NAC,UK,0.09345,,NaN,NaN
S,6000,MWH_GE150000,KWH,X_VAT,NAC,XK,,,NaN,NaN
S,6000,MWH_GE150000,KWH,X_VAT,PPS,AL,,0.2017,NaN,e
S,6000,MWH_GE150000,KWH,X_VAT,PPS,AT,,0.0654,NaN,NaN
S,6000,MWH_GE150000,KWH,X_VAT,PPS,BA,0.09584999999999999,0.1365,NaN,NaN
S,6000,MWH_GE150000,KWH,X_VAT,PPS,BE,,0.0403,NaN,NaN
S,6000,MWH_GE150000,KWH,X_VAT,PPS,BG,0.12945,0.1127,NaN,NaN
S,6000,MWH_GE150000,KWH,X_VAT,PPS,CY,,0.06225,NaN,NaN
S,6000,MWH_GE150000,KWH,X_VAT,PPS,CZ,,,NaN,NaN
S,6000,MWH_GE150000,KWH,X_VAT,PPS,DE,,0.06225,NaN,NaN
S,6000,MWH_GE150000,KWH,X_VAT,PPS,DK,,0.0397,NaN,NaN
S,6000,MWH_GE150000,KWH,X_VAT,PPS,EA,,0.0579,NaN,NaN
S,6000,MWH_GE150000,KWH,X_VAT,PPS,EE,,,NaN,NaN
S,6000,MWH_GE150000,KWH,X_VAT,PPS,EL,,,NaN,NaN
S,6000,MWH_GE150000,KWH,X_VAT,PPS,ES,0.0654,0.055650000000000005,NaN,NaN
S,6000,MWH_GE150000,KWH,X_VAT,PPS,EU27_2020,,0.06559999999999999,NaN,NaN
S,6000,MWH_GE150000,KWH,X_VAT,PPS,FI,,,NaN,NaN
S,6000,MWH_GE150000,KWH,X_VAT,PPS,FR,,0.0482,NaN,NaN
S,6000,MWH_GE150000,KWH,X_VAT,PPS,HR,,,NaN,NaN
S,6000,MWH_GE150000,KWH,X_VAT,PPS,HU,0.1305,0.10495,NaN,NaN
S,6000,MWH_GE150000,KWH,X_VAT,PPS,IE,,0.0658,NaN,NaN
S,6000,MWH_GE150000,KWH,X_VAT,PPS,IS,,,NaN,NaN
S,6000,MWH_GE150000,KWH,X_VAT,PPS,IT,0.07815,0.061900000000000004,NaN,NaN
S,6000,MWH_GE150000,KWH,X_VAT,PPS,LT,,,NaN,NaN
S,6000,MWH_GE150000,KWH,X_VAT,PPS,LU,,,NaN,NaN
S,6000,MWH_GE150000,KWH,X_VAT,PPS,LV,,0.0,NaN,NaN
S,6000,MWH_GE150000,KWH,X_VAT,PPS,ME,,,NaN,NaN
S,6000,MWH_GE150000,KWH,X_VAT,PPS,MK,,0.1169,NaN,NaN
S,6000,MWH_GE150000,KWH,X_VAT,PPS,MT,,,NaN,NaN
S,6000,MWH_GE150000,KWH,X_VAT,PPS,NL,0.05385,0.05045,NaN,NaN
S,6000,MWH_GE150000,KWH,X_VAT,PPS,NO,,0.022,NaN,NaN
S,6000,MWH_GE150000,KWH,X_VAT,PPS,PL,0.10439999999999999,0.12845,NaN,NaN
S,6000,MWH_GE150000,KWH,X_VAT,PPS,PT,,0.08295,NaN,NaN
S,6000,MWH_GE150000,KWH,X_VAT,PPS,RO,,0.12605,NaN,NaN
S,6000,MWH_GE150000,KWH,X_VAT,PPS,RS,,0.10965,NaN,NaN
S,6000,MWH_GE150000,KWH,X_VAT,PPS,SE,,0.028200000000000003,NaN,NaN
S,6000,MWH_GE150000,KWH,X_VAT,PPS,SI,,,NaN,NaN
S,6000,MWH_GE150000,KWH,X_VAT,PPS,SK,0.1084,0.1184,NaN,NaN
S,6000,MWH_GE150000,KWH,X_VAT,PPS,TR,0.11665,0.13105,NaN,NaN
S,6000,MWH_GE150000,KWH,X_VAT,PPS,UK,0.10135,,NaN,NaN
S,6000,MWH_LT20,KWH,I_TAX,EUR,AL,,0.1244,NaN,e
S,6000,MWH_LT20,KWH,I_TAX,EUR,AT,0.1981,0.196,NaN,NaN
S,6000,MWH_LT20,KWH,I_TAX,EUR,BA,0.12885,0.13025,NaN,NaN
S,6000,MWH_LT20,KWH,I_TAX,EUR,BE,0.2354,0.27075,NaN,NaN
S,6000,MWH_LT20,KWH,I_TAX,EUR,BG,0.12795,0.1229,NaN,NaN
S,6000,MWH_LT20,KWH,I_TAX,EUR,CY,0.18245,0.19535,NaN,NaN
S,6000,MWH_LT20,KWH,I_TAX,EUR,CZ,0.19475,0.2419,NaN,NaN
S,6000,MWH_LT20,KWH,I_TAX,EUR,DE,0.27775,0.29000000000000004,NaN,NaN
S,6000,MWH_LT20,KWH,I_TAX,EUR,DK,0.2906,0.2859,NaN,NaN
S,6000,MWH_LT20,KWH,I_TAX,EUR,EA,0.24280000000000002,0.264,NaN,NaN
S,6000,MWH_LT20,KWH,I_TAX,EUR,EE,0.12805,0.13585,NaN,NaN
S,6000,MWH_LT20,KWH,I_TAX,EUR,EL,0.2237,0.178,NaN,NaN
S,6000,MWH_LT20,KWH,I_TAX,EUR,ES,0.2996,0.2986,NaN,NaN
S,6000,MWH_LT20,KWH,I_TAX,EUR,EU27_2020,0.22885,0.249,NaN,NaN
S,6000,MWH_LT20,KWH,I_TAX,EUR,FI,0.109,0.12365000000000001,NaN,NaN
S,6000,MWH_LT20,KWH,I_TAX,EUR,FR,0.1703,0.2046,NaN,NaN
S,6000,MWH_LT20,KWH,I_TAX,EUR,GE,,0.0645,NaN,NaN
S,6000,MWH_LT20,KWH,I_TAX,EUR,HR,0.15515,0.16145,NaN,NaN
S,6000,MWH_LT20,KWH,I_TAX,EUR,HU,0.1299,0.16305,NaN,NaN
S,6000,MWH_LT20,KWH,I_TAX,EUR,IE,0.22145,0.2555,NaN,NaN
S,6000,MWH_LT20,KWH,I_TAX,EUR,IS,0.09425,0.09125,NaN,e
S,6000,MWH_LT20,KWH,I_TAX,EUR,IT,0.3206,0.33625,NaN,NaN
S,6000,MWH_LT20,KWH,I_TAX,EUR,LI,,,NaN,NaN
S,6000,MWH_LT20,KWH,I_TAX,EUR,LT,0.1492,0.17105,NaN,NaN
S,6000,MWH_LT20,KWH,I_TAX,EUR,LU,0.17635,0.17685,NaN,NaN
S,6000,MWH_LT20,KWH,I_TAX,EUR,LV,0.2032,0.23165000000000002,NaN,NaN
S,6000,MWH_LT20,KWH,I_TAX,EUR,MD,0.106,0.1071,NaN,NaN
S,6000,MWH_LT20,KWH,I_TAX,EUR,ME,0.1077,0.12440000000000001,NaN,NaN
S,6000,MWH_LT20,KWH,I_TAX,EUR,MK,0.15575,0.13435,NaN,NaN
S,6000,MWH_LT20,KWH,I_TAX,EUR,MT,0.22605,0.25415,NaN,NaN
S,6000,MWH_LT20,KWH,I_TAX,EUR,NL,0.16899999999999998,0.19995000000000002,NaN,u
S,6000,MWH_LT20,KWH,I_TAX,EUR,NO,0.09620000000000001,0.07465,NaN,NaN
S,6000,MWH_LT20,KWH,I_TAX,EUR,PL,0.17170000000000002,0.2046,NaN,NaN
S,6000,MWH_LT20,KWH,I_TAX,EUR,PT,0.2457,0.2348,NaN,NaN
S,6000,MWH_LT20,KWH,I_TAX,EUR,RO,0.1246,0.1511,NaN,NaN
S,6000,MWH_LT20,KWH,I_TAX,EUR,RS,0.092,0.11035,NaN,NaN
S,6000,MWH_LT20,KWH,I_TAX,EUR,SE,0.1694,0.1558,NaN,NaN
S,6000,MWH_LT20,KWH,I_TAX,EUR,SI,0.16770000000000002,0.1772,NaN,NaN
S,6000,MWH_LT20,KWH,I_TAX,EUR,SK,0.24070000000000003,0.2667,NaN,NaN
S,6000,MWH_LT20,KWH,I_TAX,EUR,TR,0.0929,0.09159999999999999,NaN,NaN
S,6000,MWH_LT20,KWH,I_TAX,EUR,UA,,0.0749,NaN,NaN
S,6000,MWH_LT20,KWH,I_TAX,EUR,UK,0.1869,,NaN,NaN
S,6000,MWH_LT20,KWH,I_TAX,EUR,XK,0.1724,0.13219999999999998,NaN,NaN
S,6000,MWH_LT20,KWH,I_TAX,NAC,AL,,15.396,NaN,e
S,6000,MWH_LT20,KWH,I_TAX,NAC,AT,0.1981,0.196,NaN,NaN
S,6000,MWH_LT20,KWH,I_TAX,NAC,BA,0.25195,0.25475000000000003,NaN,NaN
S,6000,MWH_LT20,KWH,I_TAX,NAC,BE,0.2354,0.27075,NaN,NaN
S,6000,MWH_LT20,KWH,I_TAX,NAC,BG,0.25025000000000003,0.24035,NaN,NaN
S,6000,MWH_LT20,KWH,I_TAX,NAC,CY,0.18245,0.19535,NaN,NaN
S,6000,MWH_LT20,KWH,I_TAX,NAC,CZ,5.2658000000000005,6.399649999999999,NaN,NaN
S,6000,MWH_LT20,KWH,I_TAX,NAC,DE,0.27775,0.29000000000000004,NaN,NaN
S,6000,MWH_LT20,KWH,I_TAX,NAC,DK,2.16355,2.1312,NaN,NaN
S,6000,MWH_LT20,KWH,I_TAX,NAC,EA,0.2435,,NaN,NaN
S,6000,MWH_LT20,KWH,I_TAX,NAC,EE,0.12805,0.13585,NaN,NaN
S,6000,MWH_LT20,KWH,I_TAX,NAC,EL,0.2237,0.178,NaN,NaN
S,6000,MWH_LT20,KWH,I_TAX,NAC,ES,0.2996,0.2986,NaN,NaN
S,6000,MWH_LT20,KWH,I_TAX,NAC,FI,0.109,0.12365000000000001,NaN,NaN
S,6000,MWH_LT20,KWH,I_TAX,NAC,FR,0.1703,0.2046,NaN,NaN
S,6000,MWH_LT20,KWH,I_TAX,NAC,GE,,0.22794999999999999,NaN,NaN
S,6000,MWH_LT20,KWH,I_TAX,NAC,HR,1.16885,1.2169,NaN,NaN
S,6000,MWH_LT20,KWH,I_TAX,NAC,HU,40.4504,57.239900000000006,NaN,NaN
S,6000,MWH_LT20,KWH,I_TAX,NAC,IE,0.22145,0.2555,NaN,NaN
S,6000,MWH_LT20,KWH,I_TAX,NAC,IS,12.64885,14.09,NaN,e
S,6000,MWH_LT20,KWH,I_TAX,NAC,IT,0.3206,0.33625,NaN,NaN
S,6000,MWH_LT20,KWH,I_TAX,NAC,LI,,,NaN,NaN
S,6000,MWH_LT20,KWH,I_TAX,NAC,LT,0.1492,0.17105,NaN,NaN
S,6000,MWH_LT20,KWH,I_TAX,NAC,LU,0.17635,0.17685,NaN,NaN
S,6000,MWH_LT20,KWH,I_TAX,NAC,LV,0.2032,0.23165000000000002,NaN,NaN
S,6000,MWH_LT20,KWH,I_TAX,NAC,MD,2.3384,2.113,NaN,NaN
S,6000,MWH_LT20,KWH,I_TAX,NAC,ME,0.1077,0.12440000000000001,NaN,NaN
S,6000,MWH_LT20,KWH,I_TAX,NAC,MK,9.593050000000002,8.2889,NaN,NaN
S,6000,MWH_LT20,KWH,I_TAX,NAC,MT,0.22605,0.25415,NaN,NaN
S,6000,MWH_LT20,KWH,I_TAX,NAC,NL,0.16899999999999998,0.19995000000000002,NaN,u
S,6000,MWH_LT20,KWH,I_TAX,NAC,NO,0.89335,0.8008500000000001,NaN,NaN
S,6000,MWH_LT20,KWH,I_TAX,NAC,PL,0.74925,0.9093,NaN,NaN
S,6000,MWH_LT20,KWH,I_TAX,NAC,PT,0.2457,0.2348,NaN,NaN
S,6000,MWH_LT20,KWH,I_TAX,NAC,RO,0.55955,0.73095,NaN,NaN
S,6000,MWH_LT20,KWH,I_TAX,NAC,RS,11.3238,12.9762,NaN,NaN
S,6000,MWH_LT20,KWH,I_TAX,NAC,SE,1.6061999999999999,1.633,NaN,NaN
S,6000,MWH_LT20,KWH,I_TAX,NAC,SI,0.16770000000000002,0.1772,NaN,NaN
S,6000,MWH_LT20,KWH,I_TAX,NAC,SK,0.24070000000000003,0.2667,NaN,NaN
S,6000,MWH_LT20,KWH,I_TAX,NAC,TR,0.31055,0.7239,NaN,NaN
S,6000,MWH_LT20,KWH,I_TAX,NAC,UA,,2.29955,NaN,NaN
S,6000,MWH_LT20,KWH,I_TAX,NAC,UK,0.1526,,NaN,NaN
S,6000,MWH_LT20,KWH,I_TAX,NAC,XK,0.1724,0.13219999999999998,NaN,NaN
S,6000,MWH_LT20,KWH,I_TAX,PPS,AL,,0.2421,NaN,e
S,6000,MWH_LT20,KWH,I_TAX,PPS,AT,0.1856,0.17145,NaN,NaN
S,6000,MWH_LT20,KWH,I_TAX,PPS,BA,0.27244999999999997,0.25435,NaN,NaN
S,6000,MWH_LT20,KWH,I_TAX,PPS,BE,0.21889999999999998,0.24264999999999998,NaN,NaN
S,6000,MWH_LT20,KWH,I_TAX,PPS,BG,0.27675,0.22805,NaN,NaN
S,6000,MWH_LT20,KWH,I_TAX,PPS,CY,0.20635,0.21325,NaN,NaN
S,6000,MWH_LT20,KWH,I_TAX,PPS,CZ,0.3058,0.33430000000000004,NaN,NaN
S,6000,MWH_LT20,KWH,I_TAX,PPS,DE,0.26865,0.26245,NaN,NaN
S,6000,MWH_LT20,KWH,I_TAX,PPS,DK,0.21644999999999998,0.2147,NaN,NaN
S,6000,MWH_LT20,KWH,I_TAX,PPS,EA,0.2373,0.25505,NaN,NaN
S,6000,MWH_LT20,KWH,I_TAX,PPS,EE,0.1778,0.1693,NaN,NaN
S,6000,MWH_LT20,KWH,I_TAX,PPS,EL,0.2711,0.21515,NaN,NaN
S,6000,MWH_LT20,KWH,I_TAX,PPS,ES,0.3368,0.31799999999999995,NaN,NaN
S,6000,MWH_LT20,KWH,I_TAX,PPS,EU27_2020,,0.25715,NaN,NaN
S,6000,MWH_LT20,KWH,I_TAX,PPS,FI,0.0896,0.09775,NaN,NaN
S,6000,MWH_LT20,KWH,I_TAX,PPS,FR,0.15505,0.18795,NaN,NaN
S,6000,MWH_LT20,KWH,I_TAX,PPS,HR,0.24664999999999998,0.25035,NaN,NaN
S,6000,MWH_LT20,KWH,I_TAX,PPS,HU,0.2307,0.25705,NaN,NaN
S,6000,MWH_LT20,KWH,I_TAX,PPS,IE,0.2025,0.21165,NaN,NaN
S,6000,MWH_LT20,KWH,I_TAX,PPS,IS,0.06755,0.0629,NaN,e
S,6000,MWH_LT20,KWH,I_TAX,PPS,IT,0.32665,0.3385,NaN,NaN
S,6000,MWH_LT20,KWH,I_TAX,PPS,LT,0.2486,0.25085,NaN,NaN
S,6000,MWH_LT20,KWH,I_TAX,PPS,LU,0.1495,0.1367,NaN,NaN
S,6000,MWH_LT20,KWH,I_TAX,PPS,LV,0.30595,0.31384999999999996,NaN,NaN
S,6000,MWH_LT20,KWH,I_TAX,PPS,ME,0.22139999999999999,0.24664999999999998,NaN,NaN
S,6000,MWH_LT20,KWH,I_TAX,PPS,MK,0.37555,0.29264999999999997,NaN,NaN
S,6000,MWH_LT20,KWH,I_TAX,PPS,MT,0.2818,0.2898,NaN,NaN
S,6000,MWH_LT20,KWH,I_TAX,PPS,NL,0.15615,0.1726,NaN,u
S,6000,MWH_LT20,KWH,I_TAX,PPS,NO,0.06915,0.0529,NaN,NaN
S,6000,MWH_LT20,KWH,I_TAX,PPS,PL,0.317,0.33935000000000004,NaN,NaN
S,6000,MWH_LT20,KWH,I_TAX,PPS,PT,0.3149,0.27595000000000003,NaN,NaN
S,6000,MWH_LT20,KWH,I_TAX,PPS,RO,0.25525,0.28605,NaN,NaN
S,6000,MWH_LT20,KWH,I_TAX,PPS,RS,0.2085,0.2076,NaN,NaN
S,6000,MWH_LT20,KWH,I_TAX,PPS,SE,0.13424999999999998,0.1234,NaN,NaN
S,6000,MWH_LT20,KWH,I_TAX,PPS,SI,0.21355000000000002,0.21075,NaN,NaN
S,6000,MWH_LT20,KWH,I_TAX,PPS,SK,0.3692,0.3313,NaN,NaN
S,6000,MWH_LT20,KWH,I_TAX,PPS,TR,0.18685,0.22015,NaN,NaN
S,6000,MWH_LT20,KWH,I_TAX,PPS,UK,0.16544999999999999,,NaN,NaN
S,6000,MWH_LT20,KWH,X_TAX,EUR,AL,,0.10364999999999999,NaN,e
S,6000,MWH_LT20,KWH,X_TAX,EUR,AT,0.1163,0.12625,NaN,NaN
S,6000,MWH_LT20,KWH,X_TAX,EUR,BA,0.11005000000000001,0.10894999999999999,NaN,NaN
S,6000,MWH_LT20,KWH,X_TAX,EUR,BE,0.15065,0.17895,NaN,NaN
S,6000,MWH_LT20,KWH,X_TAX,EUR,BG,0.1056,0.10135,NaN,NaN
S,6000,MWH_LT20,KWH,X_TAX,EUR,CY,0.1451,0.13724999999999998,NaN,NaN
S,6000,MWH_LT20,KWH,X_TAX,EUR,CZ,0.1599,0.18025,NaN,NaN
S,6000,MWH_LT20,KWH,X_TAX,EUR,DE,0.12695,0.13574999999999998,NaN,NaN
S,6000,MWH_LT20,KWH,X_TAX,EUR,DK,0.07615,0.0973,NaN,NaN
S,6000,MWH_LT20,KWH,X_TAX,EUR,EA,0.14185,0.1466,NaN,NaN
S,6000,MWH_LT20,KWH,X_TAX,EUR,EE,0.0926,0.0996,NaN,NaN
S,6000,MWH_LT20,KWH,X_TAX,EUR,EL,0.1478,0.1278,NaN,NaN
S,6000,MWH_LT20,KWH,X_TAX,EUR,ES,0.23554999999999998,0.17025,NaN,NaN
S,6000,MWH_LT20,KWH,X_TAX,EUR,EU27_2020,0.13865,0.14379999999999998,NaN,NaN
S,6000,MWH_LT20,KWH,X_TAX,EUR,FI,0.08085,0.0927,NaN,NaN
S,6000,MWH_LT20,KWH,X_TAX,EUR,FR,0.11195,0.1365,NaN,NaN
S,6000,MWH_LT20,KWH,X_TAX,EUR,GE,,0.054650000000000004,NaN,NaN
S,6000,MWH_LT20,KWH,X_TAX,EUR,HR,0.11875,0.1283,NaN,NaN
S,6000,MWH_LT20,KWH,X_TAX,EUR,HU,0.09605,0.1182,NaN,NaN
S,6000,MWH_LT20,KWH,X_TAX,EUR,IE,0.16094999999999998,0.19965,NaN,NaN
S,6000,MWH_LT20,KWH,X_TAX,EUR,IS,0.0784,0.0794,NaN,NaN
S,6000,MWH_LT20,KWH,X_TAX,EUR,IT,0.1619,0.1686,NaN,NaN
S,6000,MWH_LT20,KWH,X_TAX,EUR,LI,,,NaN,NaN
S,6000,MWH_LT20,KWH,X_TAX,EUR,LT,0.10755,0.13145,NaN,NaN
S,6000,MWH_LT20,KWH,X_TAX,EUR,LU,0.1349,0.1266,NaN,NaN
S,6000,MWH_LT20,KWH,X_TAX,EUR,LV,0.1411,0.14855000000000002,NaN,NaN
S,6000,MWH_LT20,KWH,X_TAX,EUR,MD,0.0887,0.08940000000000001,NaN,NaN
S,6000,MWH_LT20,KWH,X_TAX,EUR,ME,0.08905,0.0922,NaN,NaN
S,6000,MWH_LT20,KWH,X_TAX,EUR,MK,0.132,0.1139,NaN,NaN
S,6000,MWH_LT20,KWH,X_TAX,EUR,MT,0.2153,0.24054999999999999,NaN,NaN
S,6000,MWH_LT20,KWH,X_TAX,EUR,NL,0.10700000000000001,0.11415,NaN,u
S,6000,MWH_LT20,KWH,X_TAX,EUR,NO,0.0597,0.04325,NaN,NaN
S,6000,MWH_LT20,KWH,X_TAX,EUR,PL,0.135,0.13424999999999998,NaN,NaN
S,6000,MWH_LT20,KWH,X_TAX,EUR,PT,0.15855,0.12925,NaN,NaN
S,6000,MWH_LT20,KWH,X_TAX,EUR,RO,0.08955,0.10944999999999999,NaN,NaN
S,6000,MWH_LT20,KWH,X_TAX,EUR,RS,0.07050000000000001,0.08460000000000001,NaN,NaN
S,6000,MWH_LT20,KWH,X_TAX,EUR,SE,0.135,0.12415,NaN,NaN
S,6000,MWH_LT20,KWH,X_TAX,EUR,SI,0.10425,0.11665,NaN,NaN
S,6000,MWH_LT20,KWH,X_TAX,EUR,SK,0.1961,0.18785000000000002,NaN,NaN
S,6000,MWH_LT20,KWH,X_TAX,EUR,TR,0.07644999999999999,0.0756,NaN,NaN
S,6000,MWH_LT20,KWH,X_TAX,EUR,UA,,0.062450000000000006,NaN,NaN
S,6000,MWH_LT20,KWH,X_TAX,EUR,UK,0.12125,,NaN,NaN
S,6000,MWH_LT20,KWH,X_TAX,EUR,XK,0.1533,0.1188,NaN,NaN
S,6000,MWH_LT20,KWH,X_TAX,NAC,AL,,12.83,NaN,e
S,6000,MWH_LT20,KWH,X_TAX,NAC,AT,0.1163,0.12625,NaN,NaN
S,6000,MWH_LT20,KWH,X_TAX,NAC,BA,0.2153,0.21315,NaN,NaN
S,6000,MWH_LT20,KWH,X_TAX,NAC,BE,0.15065,0.17895,NaN,NaN
S,6000,MWH_LT20,KWH,X_TAX,NAC,BG,0.20655,0.19824999999999998,NaN,NaN
S,6000,MWH_LT20,KWH,X_TAX,NAC,CY,0.1451,0.13724999999999998,NaN,NaN
S,6000,MWH_LT20,KWH,X_TAX,NAC,CZ,4.3236,4.76845,NaN,NaN
S,6000,MWH_LT20,KWH,X_TAX,NAC,DE,0.12695,0.13574999999999998,NaN,NaN
S,6000,MWH_LT20,KWH,X_TAX,NAC,DK,0.5669500000000001,0.72515,NaN,NaN
S,6000,MWH_LT20,KWH,X_TAX,NAC,EA,0.1422,,NaN,NaN
S,6000,MWH_LT20,KWH,X_TAX,NAC,EE,0.0926,0.0996,NaN,NaN
S,6000,MWH_LT20,KWH,X_TAX,NAC,EL,0.1478,0.1278,NaN,NaN
S,6000,MWH_LT20,KWH,X_TAX,NAC,ES,0.23554999999999998,0.17025,NaN,NaN
S,6000,MWH_LT20,KWH,X_TAX,NAC,FI,0.08085,0.0927,NaN,NaN
S,6000,MWH_LT20,KWH,X_TAX,NAC,FR,0.11195,0.1365,NaN,NaN
S,6000,MWH_LT20,KWH,X_TAX,NAC,GE,,0.19319999999999998,NaN,NaN
S,6000,MWH_LT20,KWH,X_TAX,NAC,HR,0.8948499999999999,0.9671000000000001,NaN,NaN
S,6000,MWH_LT20,KWH,X_TAX,NAC,HU,29.910249999999998,41.52555,NaN,NaN
S,6000,MWH_LT20,KWH,X_TAX,NAC,IE,0.16094999999999998,0.19965,NaN,NaN
S,6000,MWH_LT20,KWH,X_TAX,NAC,IS,10.4893,12.260000000000002,NaN,NaN
S,6000,MWH_LT20,KWH,X_TAX,NAC,IT,0.1619,0.1686,NaN,NaN
S,6000,MWH_LT20,KWH,X_TAX,NAC,LI,,,NaN,NaN
S,6000,MWH_LT20,KWH,X_TAX,NAC,LT,0.10755,0.13145,NaN,NaN
S,6000,MWH_LT20,KWH,X_TAX,NAC,LU,0.1349,0.1266,NaN,NaN
S,6000,MWH_LT20,KWH,X_TAX,NAC,LV,0.1411,0.14855000000000002,NaN,NaN
S,6000,MWH_LT20,KWH,X_TAX,NAC,MD,1.95655,1.7640500000000001,NaN,NaN
S,6000,MWH_LT20,KWH,X_TAX,NAC,ME,0.08905,0.0922,NaN,NaN
S,6000,MWH_LT20,KWH,X_TAX,NAC,MK,8.12975,7.02445,NaN,NaN
S,6000,MWH_LT20,KWH,X_TAX,NAC,MT,0.2153,0.24054999999999999,NaN,NaN
S,6000,MWH_LT20,KWH,X_TAX,NAC,NL,0.10700000000000001,0.11415,NaN,u
S,6000,MWH_LT20,KWH,X_TAX,NAC,NO,0.5547,0.4642,NaN,NaN
S,6000,MWH_LT20,KWH,X_TAX,NAC,PL,0.5891500000000001,0.5965499999999999,NaN,NaN
S,6000,MWH_LT20,KWH,X_TAX,NAC,PT,0.15855,0.12925,NaN,NaN
S,6000,MWH_LT20,KWH,X_TAX,NAC,RO,0.40205,0.5294000000000001,NaN,NaN
S,6000,MWH_LT20,KWH,X_TAX,NAC,RS,8.678,9.951699999999999,NaN,NaN
S,6000,MWH_LT20,KWH,X_TAX,NAC,SE,1.27995,1.3014000000000001,NaN,NaN
S,6000,MWH_LT20,KWH,X_TAX,NAC,SI,0.10425,0.11665,NaN,NaN
S,6000,MWH_LT20,KWH,X_TAX,NAC,SK,0.1961,0.18785000000000002,NaN,NaN
S,6000,MWH_LT20,KWH,X_TAX,NAC,TR,0.2556,0.59765,NaN,NaN
S,6000,MWH_LT20,KWH,X_TAX,NAC,UA,,1.9163000000000001,NaN,NaN
S,6000,MWH_LT20,KWH,X_TAX,NAC,UK,0.099,,NaN,NaN
S,6000,MWH_LT20,KWH,X_TAX,NAC,XK,0.1533,0.1188,NaN,NaN
S,6000,MWH_LT20,KWH,X_TAX,PPS,AL,,0.2017,NaN,e
S,6000,MWH_LT20,KWH,X_TAX,PPS,AT,0.10894999999999999,0.11044999999999999,NaN,NaN
S,6000,MWH_LT20,KWH,X_TAX,PPS,BA,0.2328,0.21275,NaN,NaN
S,6000,MWH_LT20,KWH,X_TAX,PPS,BE,0.1401,0.1604,NaN,NaN
S,6000,MWH_LT20,KWH,X_TAX,PPS,BG,0.22845,0.18815,NaN,NaN
S,6000,MWH_LT20,KWH,X_TAX,PPS,CY,0.16410000000000002,0.14984999999999998,NaN,NaN
S,6000,MWH_LT20,KWH,X_TAX,PPS,CZ,0.2511,0.2491,NaN,NaN
S,6000,MWH_LT20,KWH,X_TAX,PPS,DE,0.12275,0.12285,NaN,NaN
S,6000,MWH_LT20,KWH,X_TAX,PPS,DK,0.0567,0.07305,NaN,NaN
S,6000,MWH_LT20,KWH,X_TAX,PPS,EA,0.1386,0.14195,NaN,NaN
S,6000,MWH_LT20,KWH,X_TAX,PPS,EE,0.12855,0.12409999999999999,NaN,NaN
S,6000,MWH_LT20,KWH,X_TAX,PPS,EL,0.17909999999999998,0.15444999999999998,NaN,NaN
S,6000,MWH_LT20,KWH,X_TAX,PPS,ES,0.2648,0.18135,NaN,NaN
S,6000,MWH_LT20,KWH,X_TAX,PPS,EU27_2020,,0.15089999999999998,NaN,NaN
S,6000,MWH_LT20,KWH,X_TAX,PPS,FI,0.06645000000000001,0.0733,NaN,NaN
S,6000,MWH_LT20,KWH,X_TAX,PPS,FR,0.1019,0.1254,NaN,NaN
S,6000,MWH_LT20,KWH,X_TAX,PPS,HR,0.1888,0.19895000000000002,NaN,NaN
S,6000,MWH_LT20,KWH,X_TAX,PPS,HU,0.1706,0.18645,NaN,NaN
S,6000,MWH_LT20,KWH,X_TAX,PPS,IE,0.1471,0.1654,NaN,NaN
S,6000,MWH_LT20,KWH,X_TAX,PPS,IS,0.05605,0.0547,NaN,NaN
S,6000,MWH_LT20,KWH,X_TAX,PPS,IT,0.1649,0.16975,NaN,NaN
S,6000,MWH_LT20,KWH,X_TAX,PPS,LT,0.17925000000000002,0.1928,NaN,NaN
S,6000,MWH_LT20,KWH,X_TAX,PPS,LU,0.11435000000000001,0.09784999999999999,NaN,NaN
S,6000,MWH_LT20,KWH,X_TAX,PPS,LV,0.21245,0.20124999999999998,NaN,NaN
S,6000,MWH_LT20,KWH,X_TAX,PPS,ME,0.18309999999999998,0.1828,NaN,NaN
S,6000,MWH_LT20,KWH,X_TAX,PPS,MK,0.31825000000000003,0.248,NaN,NaN
S,6000,MWH_LT20,KWH,X_TAX,PPS,MT,0.2684,0.27425,NaN,NaN
S,6000,MWH_LT20,KWH,X_TAX,PPS,NL,0.0989,0.09855,NaN,u
S,6000,MWH_LT20,KWH,X_TAX,PPS,NO,0.04295,0.030649999999999997,NaN,NaN
S,6000,MWH_LT20,KWH,X_TAX,PPS,PL,0.24925000000000003,0.22260000000000002,NaN,NaN
S,6000,MWH_LT20,KWH,X_TAX,PPS,PT,0.2032,0.1519,NaN,NaN
S,6000,MWH_LT20,KWH,X_TAX,PPS,RO,0.1834,0.2072,NaN,NaN
S,6000,MWH_LT20,KWH,X_TAX,PPS,RS,0.1598,0.1592,NaN,NaN
S,6000,MWH_LT20,KWH,X_TAX,PPS,SE,0.10695,0.09834999999999999,NaN,NaN
S,6000,MWH_LT20,KWH,X_TAX,PPS,SI,0.13275,0.13874999999999998,NaN,NaN
S,6000,MWH_LT20,KWH,X_TAX,PPS,SK,0.30079999999999996,0.23335,NaN,NaN
S,6000,MWH_LT20,KWH,X_TAX,PPS,TR,0.15375,0.18175,NaN,NaN
S,6000,MWH_LT20,KWH,X_TAX,PPS,UK,0.10735,,NaN,NaN
S,6000,MWH_LT20,KWH,X_VAT,EUR,AL,,0.10364999999999999,NaN,e
S,6000,MWH_LT20,KWH,X_VAT,EUR,AT,0.16035,0.16335,NaN,NaN
S,6000,MWH_LT20,KWH,X_VAT,EUR,BA,0.11005000000000001,0.11135,NaN,NaN
S,6000,MWH_LT20,KWH,X_VAT,EUR,BE,0.19575,0.2254,NaN,NaN
S,6000,MWH_LT20,KWH,X_VAT,EUR,BG,0.10665,0.10239999999999999,NaN,NaN
S,6000,MWH_LT20,KWH,X_VAT,EUR,CY,0.15415,0.1651,NaN,NaN
S,6000,MWH_LT20,KWH,X_VAT,EUR,CZ,0.161,0.1999,NaN,NaN
S,6000,MWH_LT20,KWH,X_VAT,EUR,DE,0.21805,0.247,NaN,NaN
S,6000,MWH_LT20,KWH,X_VAT,EUR,DK,0.183,0.17325000000000002,NaN,NaN
S,6000,MWH_LT20,KWH,X_VAT,EUR,EA,0.19915,0.2223,NaN,NaN
S,6000,MWH_LT20,KWH,X_VAT,EUR,EE,0.1067,0.1132,NaN,NaN
S,6000,MWH_LT20,KWH,X_VAT,EUR,EL,0.198,0.16835,NaN,NaN
S,6000,MWH_LT20,KWH,X_VAT,EUR,ES,0.2476,0.24680000000000002,NaN,NaN
S,6000,MWH_LT20,KWH,X_VAT,EUR,EU27_2020,0.1868,0.2079,NaN,NaN
S,6000,MWH_LT20,KWH,X_VAT,EUR,FI,0.0879,0.0997,NaN,NaN
S,6000,MWH_LT20,KWH,X_VAT,EUR,FR,0.14529999999999998,0.17525000000000002,NaN,NaN
S,6000,MWH_LT20,KWH,X_VAT,EUR,GE,,0.054650000000000004,NaN,NaN
S,6000,MWH_LT20,KWH,X_VAT,EUR,HR,0.12415,0.14284999999999998,NaN,NaN
S,6000,MWH_LT20,KWH,X_VAT,EUR,HU,0.1037,0.13085000000000002,NaN,NaN
S,6000,MWH_LT20,KWH,X_VAT,EUR,IE,0.19485,0.22485,NaN,NaN
S,6000,MWH_LT20,KWH,X_VAT,EUR,IS,0.0804,0.0813,NaN,NaN
S,6000,MWH_LT20,KWH,X_VAT,EUR,IT,0.26725,0.2782,NaN,NaN
S,6000,MWH_LT20,KWH,X_VAT,EUR,LI,,,NaN,NaN
S,6000,MWH_LT20,KWH,X_VAT,EUR,LT,0.12334999999999999,0.14134999999999998,NaN,NaN
S,6000,MWH_LT20,KWH,X_VAT,EUR,LU,0.16335,0.1627,NaN,NaN
S,6000,MWH_LT20,KWH,X_VAT,EUR,LV,0.1679,0.19145,NaN,NaN
S,6000,MWH_LT20,KWH,X_VAT,EUR,MD,0.0887,0.08940000000000001,NaN,NaN
S,6000,MWH_LT20,KWH,X_VAT,EUR,ME,0.08905,0.10305,NaN,NaN
S,6000,MWH_LT20,KWH,X_VAT,EUR,MK,0.132,0.1139,NaN,NaN
S,6000,MWH_LT20,KWH,X_VAT,EUR,MT,0.2153,0.24205,NaN,NaN
S,6000,MWH_LT20,KWH,X_VAT,EUR,NL,0.13965,0.16525,NaN,u
S,6000,MWH_LT20,KWH,X_VAT,EUR,NO,0.07694999999999999,0.05975,NaN,NaN
S,6000,MWH_LT20,KWH,X_VAT,EUR,PL,0.1396,0.16635,NaN,NaN
S,6000,MWH_LT20,KWH,X_VAT,EUR,PT,0.19974999999999998,0.192,NaN,NaN
S,6000,MWH_LT20,KWH,X_VAT,EUR,RO,0.10245,0.127,NaN,NaN
S,6000,MWH_LT20,KWH,X_VAT,EUR,RS,0.07665,0.092,NaN,NaN
S,6000,MWH_LT20,KWH,X_VAT,EUR,SE,0.1355,0.12464999999999998,NaN,NaN
S,6000,MWH_LT20,KWH,X_VAT,EUR,SI,0.1375,0.14525,NaN,NaN
S,6000,MWH_LT20,KWH,X_VAT,EUR,SK,0.2006,0.22225,NaN,NaN
S,6000,MWH_LT20,KWH,X_VAT,EUR,TR,0.0787,0.0775,NaN,NaN
S,6000,MWH_LT20,KWH,X_VAT,EUR,UA,,0.062450000000000006,NaN,NaN
S,6000,MWH_LT20,KWH,X_VAT,EUR,UK,0.1558,,NaN,NaN
S,6000,MWH_LT20,KWH,X_VAT,EUR,XK,0.1596,0.12240000000000001,NaN,NaN
S,6000,MWH_LT20,KWH,X_VAT,NAC,AL,,12.83,NaN,e
S,6000,MWH_LT20,KWH,X_VAT,NAC,AT,0.16035,0.16335,NaN,NaN
S,6000,MWH_LT20,KWH,X_VAT,NAC,BA,0.2153,0.2177,NaN,NaN
S,6000,MWH_LT20,KWH,X_VAT,NAC,BE,0.19575,0.2254,NaN,NaN
S,6000,MWH_LT20,KWH,X_VAT,NAC,BG,0.20855,0.20024999999999998,NaN,NaN
S,6000,MWH_LT20,KWH,X_VAT,NAC,CY,0.15415,0.1651,NaN,NaN
S,6000,MWH_LT20,KWH,X_VAT,NAC,CZ,4.3519000000000005,5.28895,NaN,NaN
S,6000,MWH_LT20,KWH,X_VAT,NAC,DE,0.21805,0.247,NaN,NaN
S,6000,MWH_LT20,KWH,X_VAT,NAC,DK,1.36275,1.2916,NaN,NaN
S,6000,MWH_LT20,KWH,X_VAT,NAC,EA,0.1997,,NaN,NaN
S,6000,MWH_LT20,KWH,X_VAT,NAC,EE,0.1067,0.1132,NaN,NaN
S,6000,MWH_LT20,KWH,X_VAT,NAC,EL,0.198,0.16835,NaN,NaN
S,6000,MWH_LT20,KWH,X_VAT,NAC,ES,0.2476,0.24680000000000002,NaN,NaN
S,6000,MWH_LT20,KWH,X_VAT,NAC,FI,0.0879,0.0997,NaN,NaN
S,6000,MWH_LT20,KWH,X_VAT,NAC,FR,0.14529999999999998,0.17525000000000002,NaN,NaN
S,6000,MWH_LT20,KWH,X_VAT,NAC,GE,,0.19319999999999998,NaN,NaN
S,6000,MWH_LT20,KWH,X_VAT,NAC,HR,0.9352,1.0768499999999999,NaN,NaN
S,6000,MWH_LT20,KWH,X_VAT,NAC,HU,32.29075,45.94414999999999,NaN,NaN
S,6000,MWH_LT20,KWH,X_VAT,NAC,IE,0.19485,0.22485,NaN,NaN
S,6000,MWH_LT20,KWH,X_VAT,NAC,IS,10.75525,12.555,NaN,NaN
S,6000,MWH_LT20,KWH,X_VAT,NAC,IT,0.26725,0.2782,NaN,NaN
S,6000,MWH_LT20,KWH,X_VAT,NAC,LI,,,NaN,NaN
S,6000,MWH_LT20,KWH,X_VAT,NAC,LT,0.12334999999999999,0.14134999999999998,NaN,NaN
S,6000,MWH_LT20,KWH,X_VAT,NAC,LU,0.16335,0.1627,NaN,NaN
S,6000,MWH_LT20,KWH,X_VAT,NAC,LV,0.1679,0.19145,NaN,NaN
S,6000,MWH_LT20,KWH,X_VAT,NAC,MD,1.95655,1.7640500000000001,NaN,NaN
S,6000,MWH_LT20,KWH,X_VAT,NAC,ME,0.08905,0.10305,NaN,NaN
S,6000,MWH_LT20,KWH,X_VAT,NAC,MK,8.12975,7.02445,NaN,NaN
S,6000,MWH_LT20,KWH,X_VAT,NAC,MT,0.2153,0.24205,NaN,NaN
S,6000,MWH_LT20,KWH,X_VAT,NAC,NL,0.13965,0.16525,NaN,u
S,6000,MWH_LT20,KWH,X_VAT,NAC,NO,0.7147,0.6407,NaN,NaN
S,6000,MWH_LT20,KWH,X_VAT,NAC,PL,0.60915,0.7393000000000001,NaN,NaN
S,6000,MWH_LT20,KWH,X_VAT,NAC,PT,0.19974999999999998,0.192,NaN,NaN
S,6000,MWH_LT20,KWH,X_VAT,NAC,RO,0.46004999999999996,0.61425,NaN,NaN
S,6000,MWH_LT20,KWH,X_VAT,NAC,RS,9.436499999999999,10.813500000000001,NaN,NaN
S,6000,MWH_LT20,KWH,X_VAT,NAC,SE,1.2849499999999998,1.3064,NaN,NaN
S,6000,MWH_LT20,KWH,X_VAT,NAC,SI,0.1375,0.14525,NaN,NaN
S,6000,MWH_LT20,KWH,X_VAT,NAC,SK,0.2006,0.22225,NaN,NaN
S,6000,MWH_LT20,KWH,X_VAT,NAC,TR,0.2632,0.61255,NaN,NaN
S,6000,MWH_LT20,KWH,X_VAT,NAC,UA,,1.9163000000000001,NaN,NaN
S,6000,MWH_LT20,KWH,X_VAT,NAC,UK,0.12719999999999998,,NaN,NaN
S,6000,MWH_LT20,KWH,X_VAT,NAC,XK,0.1596,0.12240000000000001,NaN,NaN
S,6000,MWH_LT20,KWH,X_VAT,PPS,AL,,0.2017,NaN,e
S,6000,MWH_LT20,KWH,X_VAT,PPS,AT,0.15025,0.1429,NaN,NaN
S,6000,MWH_LT20,KWH,X_VAT,PPS,BA,0.2328,0.2173,NaN,NaN
S,6000,MWH_LT20,KWH,X_VAT,PPS,BE,0.18205,0.20205,NaN,NaN
S,6000,MWH_LT20,KWH,X_VAT,PPS,BG,0.23065,0.19005,NaN,NaN
S,6000,MWH_LT20,KWH,X_VAT,PPS,CY,0.17435,0.1802,NaN,NaN
S,6000,MWH_LT20,KWH,X_VAT,PPS,CZ,0.25275000000000003,0.2763,NaN,NaN
S,6000,MWH_LT20,KWH,X_VAT,PPS,DE,0.2109,0.22355,NaN,NaN
S,6000,MWH_LT20,KWH,X_VAT,PPS,DK,0.13629999999999998,0.1301,NaN,NaN
S,6000,MWH_LT20,KWH,X_VAT,PPS,EA,0.1946,0.21465,NaN,NaN
S,6000,MWH_LT20,KWH,X_VAT,PPS,EE,0.14815,0.1411,NaN,NaN
S,6000,MWH_LT20,KWH,X_VAT,PPS,EL,0.2399,0.20350000000000001,NaN,NaN
S,6000,MWH_LT20,KWH,X_VAT,PPS,ES,0.2783,0.26285000000000003,NaN,NaN
S,6000,MWH_LT20,KWH,X_VAT,PPS,EU27_2020,,0.2146,NaN,NaN
S,6000,MWH_LT20,KWH,X_VAT,PPS,FI,0.07225000000000001,0.07885,NaN,NaN
S,6000,MWH_LT20,KWH,X_VAT,PPS,FR,0.13224999999999998,0.16105,NaN,NaN
S,6000,MWH_LT20,KWH,X_VAT,PPS,HR,0.1973,0.22155,NaN,NaN
S,6000,MWH_LT20,KWH,X_VAT,PPS,HU,0.18415,0.2063,NaN,NaN
S,6000,MWH_LT20,KWH,X_VAT,PPS,IE,0.17815,0.18625,NaN,NaN
S,6000,MWH_LT20,KWH,X_VAT,PPS,IS,0.05745,0.05605,NaN,NaN
S,6000,MWH_LT20,KWH,X_VAT,PPS,IT,0.2723,0.28005,NaN,NaN
S,6000,MWH_LT20,KWH,X_VAT,PPS,LT,0.20555,0.20735,NaN,NaN
S,6000,MWH_LT20,KWH,X_VAT,PPS,LU,0.1385,0.1258,NaN,NaN
S,6000,MWH_LT20,KWH,X_VAT,PPS,LV,0.25275000000000003,0.2594,NaN,NaN
S,6000,MWH_LT20,KWH,X_VAT,PPS,ME,0.18309999999999998,0.20429999999999998,NaN,NaN
S,6000,MWH_LT20,KWH,X_VAT,PPS,MK,0.31825000000000003,0.248,NaN,NaN
S,6000,MWH_LT20,KWH,X_VAT,PPS,MT,0.2684,0.276,NaN,NaN
S,6000,MWH_LT20,KWH,X_VAT,PPS,NL,0.129,0.1427,NaN,u
S,6000,MWH_LT20,KWH,X_VAT,PPS,NO,0.0553,0.0423,NaN,NaN
S,6000,MWH_LT20,KWH,X_VAT,PPS,PL,0.2577,0.27595000000000003,NaN,NaN
S,6000,MWH_LT20,KWH,X_VAT,PPS,PT,0.256,0.22565000000000002,NaN,NaN
S,6000,MWH_LT20,KWH,X_VAT,PPS,RO,0.20985,0.24035,NaN,NaN
S,6000,MWH_LT20,KWH,X_VAT,PPS,RS,0.17375000000000002,0.173,NaN,NaN
S,6000,MWH_LT20,KWH,X_VAT,PPS,SE,0.10735,0.09875,NaN,NaN
S,6000,MWH_LT20,KWH,X_VAT,PPS,SI,0.17509999999999998,0.17275000000000001,NaN,NaN
S,6000,MWH_LT20,KWH,X_VAT,PPS,SK,0.3077,0.27605,NaN,NaN
S,6000,MWH_LT20,KWH,X_VAT,PPS,TR,0.15835,0.18630000000000002,NaN,NaN
S,6000,MWH_LT20,KWH,X_VAT,PPS,UK,0.1379,,NaN,NaN
S,6000,TOT_KWH,KWH,I_TAX,EUR,AL,,,NaN,NaN
S,6000,TOT_KWH,KWH,I_TAX,EUR,AT,,,NaN,NaN
S,6000,TOT_KWH,KWH,I_TAX,EUR,BA,,,NaN,NaN
S,6000,TOT_KWH,KWH,I_TAX,EUR,BE,,,NaN,NaN
S,6000,TOT_KWH,KWH,I_TAX,EUR,BG,,,NaN,NaN
S,6000,TOT_KWH,KWH,I_TAX,EUR,CY,,,NaN,NaN
S,6000,TOT_KWH,KWH,I_TAX,EUR,CZ,,,NaN,NaN
S,6000,TOT_KWH,KWH,I_TAX,EUR,DE,,,NaN,NaN
S,6000,TOT_KWH,KWH,I_TAX,EUR,DK,,,NaN,NaN
S,6000,TOT_KWH,KWH,I_TAX,EUR,EA,,,NaN,NaN
S,6000,TOT_KWH,KWH,I_TAX,EUR,EE,,,NaN,NaN
S,6000,TOT_KWH,KWH,I_TAX,EUR,EL,,,NaN,NaN
S,6000,TOT_KWH,KWH,I_TAX,EUR,ES,,,NaN,NaN
S,6000,TOT_KWH,KWH,I_TAX,EUR,EU27_2020,,,NaN,NaN
S,6000,TOT_KWH,KWH,I_TAX,EUR,FI,,,NaN,NaN
S,6000,TOT_KWH,KWH,I_TAX,EUR,FR,,,NaN,NaN
S,6000,TOT_KWH,KWH,I_TAX,EUR,GE,,,NaN,NaN
S,6000,TOT_KWH,KWH,I_TAX,EUR,HR,,,NaN,NaN
S,6000,TOT_KWH,KWH,I_TAX,EUR,HU,,,NaN,NaN
S,6000,TOT_KWH,KWH,I_TAX,EUR,IE,,,NaN,NaN
S,6000,TOT_KWH,KWH,I_TAX,EUR,IT,,,NaN,NaN
S,6000,TOT_KWH,KWH,I_TAX,EUR,LT,,,NaN,NaN
S,6000,TOT_KWH,KWH,I_TAX,EUR,LU,,,NaN,NaN
S,6000,TOT_KWH,KWH,I_TAX,EUR,LV,,,NaN,NaN
S,6000,TOT_KWH,KWH,I_TAX,EUR,MD,,,NaN,NaN
S,6000,TOT_KWH,KWH,I_TAX,EUR,MK,,,NaN,NaN
S,6000,TOT_KWH,KWH,I_TAX,EUR,NL,,,NaN,NaN
S,6000,TOT_KWH,KWH,I_TAX,EUR,NO,,,NaN,NaN
S,6000,TOT_KWH,KWH,I_TAX,EUR,PL,,,NaN,NaN
S,6000,TOT_KWH,KWH,I_TAX,EUR,PT,,,NaN,NaN
S,6000,TOT_KWH,KWH,I_TAX,EUR,RO,,,NaN,NaN
S,6000,TOT_KWH,KWH,I_TAX,EUR,RS,,,NaN,NaN
S,6000,TOT_KWH,KWH,I_TAX,EUR,SE,,0.06985,NaN,NaN
S,6000,TOT_KWH,KWH,I_TAX,EUR,SI,,,NaN,NaN
S,6000,TOT_KWH,KWH,I_TAX,EUR,SK,,,NaN,NaN
S,6000,TOT_KWH,KWH,I_TAX,EUR,TR,,,NaN,NaN
S,6000,TOT_KWH,KWH,I_TAX,NAC,AL,,,NaN,NaN
S,6000,TOT_KWH,KWH,I_TAX,NAC,AT,,,NaN,NaN
S,6000,TOT_KWH,KWH,I_TAX,NAC,BA,,,NaN,NaN
S,6000,TOT_KWH,KWH,I_TAX,NAC,BE,,,NaN,NaN
S,6000,TOT_KWH,KWH,I_TAX,NAC,BG,,,NaN,NaN
S,6000,TOT_KWH,KWH,I_TAX,NAC,CY,,,NaN,NaN
S,6000,TOT_KWH,KWH,I_TAX,NAC,CZ,,,NaN,NaN
S,6000,TOT_KWH,KWH,I_TAX,NAC,DE,,,NaN,NaN
S,6000,TOT_KWH,KWH,I_TAX,NAC,DK,,,NaN,NaN
S,6000,TOT_KWH,KWH,I_TAX,NAC,EE,,,NaN,NaN
S,6000,TOT_KWH,KWH,I_TAX,NAC,EL,,,NaN,NaN
S,6000,TOT_KWH,KWH,I_TAX,NAC,ES,,,NaN,NaN
S,6000,TOT_KWH,KWH,I_TAX,NAC,FI,,,NaN,NaN
S,6000,TOT_KWH,KWH,I_TAX,NAC,FR,,,NaN,NaN
S,6000,TOT_KWH,KWH,I_TAX,NAC,GE,,,NaN,NaN
S,6000,TOT_KWH,KWH,I_TAX,NAC,HR,,,NaN,NaN
S,6000,TOT_KWH,KWH,I_TAX,NAC,HU,,,NaN,NaN
S,6000,TOT_KWH,KWH,I_TAX,NAC,IE,,,NaN,NaN
S,6000,TOT_KWH,KWH,I_TAX,NAC,IT,,,NaN,NaN
S,6000,TOT_KWH,KWH,I_TAX,NAC,LT,,,NaN,NaN
S,6000,TOT_KWH,KWH,I_TAX,NAC,LU,,,NaN,NaN
S,6000,TOT_KWH,KWH,I_TAX,NAC,LV,,,NaN,NaN
S,6000,TOT_KWH,KWH,I_TAX,NAC,MD,,,NaN,NaN
S,6000,TOT_KWH,KWH,I_TAX,NAC,MK,,,NaN,NaN
S,6000,TOT_KWH,KWH,I_TAX,NAC,NL,,,NaN,NaN
S,6000,TOT_KWH,KWH,I_TAX,NAC,NO,,,NaN,NaN
S,6000,TOT_KWH,KWH,I_TAX,NAC,PL,,,NaN,NaN
S,6000,TOT_KWH,KWH,I_TAX,NAC,PT,,,NaN,NaN
S,6000,TOT_KWH,KWH,I_TAX,NAC,RO,,,NaN,NaN
S,6000,TOT_KWH,KWH,I_TAX,NAC,RS,,,NaN,NaN
S,6000,TOT_KWH,KWH,I_TAX,NAC,SE,,0.7322,NaN,NaN
S,6000,TOT_KWH,KWH,I_TAX,NAC,SI,,,NaN,NaN
S,6000,TOT_KWH,KWH,I_TAX,NAC,SK,,,NaN,NaN
S,6000,TOT_KWH,KWH,I_TAX,NAC,TR,,,NaN,NaN
S,6000,TOT_KWH,KWH,I_TAX,PPS,AL,,,NaN,NaN
S,6000,TOT_KWH,KWH,I_TAX,PPS,AT,,,NaN,NaN
S,6000,TOT_KWH,KWH,I_TAX,PPS,BA,,,NaN,NaN
S,6000,TOT_KWH,KWH,I_TAX,PPS,BE,,,NaN,NaN
S,6000,TOT_KWH,KWH,I_TAX,PPS,BG,,,NaN,NaN
S,6000,TOT_KWH,KWH,I_TAX,PPS,CY,,,NaN,NaN
S,6000,TOT_KWH,KWH,I_TAX,PPS,CZ,,,NaN,NaN
S,6000,TOT_KWH,KWH,I_TAX,PPS,DE,,,NaN,NaN
S,6000,TOT_KWH,KWH,I_TAX,PPS,DK,,,NaN,NaN
S,6000,TOT_KWH,KWH,I_TAX,PPS,EA,,,NaN,NaN
S,6000,TOT_KWH,KWH,I_TAX,PPS,EE,,,NaN,NaN
S,6000,TOT_KWH,KWH,I_TAX,PPS,EL,,,NaN,NaN
S,6000,TOT_KWH,KWH,I_TAX,PPS,ES,,,NaN,NaN
S,6000,TOT_KWH,KWH,I_TAX,PPS,EU27_2020,,,NaN,NaN
S,6000,TOT_KWH,KWH,I_TAX,PPS,FI,,,NaN,NaN
S,6000,TOT_KWH,KWH,I_TAX,PPS,FR,,,NaN,NaN
S,6000,TOT_KWH,KWH,I_TAX,PPS,HR,,,NaN,NaN
S,6000,TOT_KWH,KWH,I_TAX,PPS,HU,,,NaN,NaN
S,6000,TOT_KWH,KWH,I_TAX,PPS,IE,,,NaN,NaN
S,6000,TOT_KWH,KWH,I_TAX,PPS,IT,,,NaN,NaN
S,6000,TOT_KWH,KWH,I_TAX,PPS,LT,,,NaN,NaN
S,6000,TOT_KWH,KWH,I_TAX,PPS,LU,,,NaN,NaN
S,6000,TOT_KWH,KWH,I_TAX,PPS,LV,,,NaN,NaN
S,6000,TOT_KWH,KWH,I_TAX,PPS,MK,,,NaN,NaN
S,6000,TOT_KWH,KWH,I_TAX,PPS,NL,,,NaN,NaN
S,6000,TOT_KWH,KWH,I_TAX,PPS,NO,,,NaN,NaN
S,6000,TOT_KWH,KWH,I_TAX,PPS,PL,,,NaN,NaN
S,6000,TOT_KWH,KWH,I_TAX,PPS,PT,,,NaN,NaN
S,6000,TOT_KWH,KWH,I_TAX,PPS,RO,,,NaN,NaN
S,6000,TOT_KWH,KWH,I_TAX,PPS,RS,,,NaN,NaN
S,6000,TOT_KWH,KWH,I_TAX,PPS,SE,,0.0553,NaN,NaN
S,6000,TOT_KWH,KWH,I_TAX,PPS,SI,,,NaN,NaN
S,6000,TOT_KWH,KWH,I_TAX,PPS,SK,,,NaN,NaN
S,6000,TOT_KWH,KWH,I_TAX,PPS,TR,,,NaN,NaN
S,6000,TOT_KWH,KWH,X_TAX,EUR,AL,,,NaN,NaN
S,6000,TOT_KWH,KWH,X_TAX,EUR,AT,,,NaN,NaN
S,6000,TOT_KWH,KWH,X_TAX,EUR,BA,,,NaN,NaN
S,6000,TOT_KWH,KWH,X_TAX,EUR,BE,,,NaN,NaN
S,6000,TOT_KWH,KWH,X_TAX,EUR,BG,,,NaN,NaN
S,6000,TOT_KWH,KWH,X_TAX,EUR,CY,,,NaN,NaN
S,6000,TOT_KWH,KWH,X_TAX,EUR,CZ,,,NaN,NaN
S,6000,TOT_KWH,KWH,X_TAX,EUR,DE,,,NaN,NaN
S,6000,TOT_KWH,KWH,X_TAX,EUR,DK,,,NaN,NaN
S,6000,TOT_KWH,KWH,X_TAX,EUR,EA,,,NaN,NaN
S,6000,TOT_KWH,KWH,X_TAX,EUR,EE,,,NaN,NaN
S,6000,TOT_KWH,KWH,X_TAX,EUR,EL,,,NaN,NaN
S,6000,TOT_KWH,KWH,X_TAX,EUR,ES,,,NaN,NaN
S,6000,TOT_KWH,KWH,X_TAX,EUR,EU27_2020,,,NaN,NaN
S,6000,TOT_KWH,KWH,X_TAX,EUR,FI,,,NaN,NaN
S,6000,TOT_KWH,KWH,X_TAX,EUR,FR,,,NaN,NaN
S,6000,TOT_KWH,KWH,X_TAX,EUR,GE,,,NaN,NaN
S,6000,TOT_KWH,KWH,X_TAX,EUR,HR,,,NaN,NaN
S,6000,TOT_KWH,KWH,X_TAX,EUR,HU,,,NaN,NaN
S,6000,TOT_KWH,KWH,X_TAX,EUR,IE,,,NaN,NaN
S,6000,TOT_KWH,KWH,X_TAX,EUR,IT,,,NaN,NaN
S,6000,TOT_KWH,KWH,X_TAX,EUR,LT,,,NaN,NaN
S,6000,TOT_KWH,KWH,X_TAX,EUR,LU,,,NaN,NaN
S,6000,TOT_KWH,KWH,X_TAX,EUR,LV,,,NaN,NaN
S,6000,TOT_KWH,KWH,X_TAX,EUR,MD,,,NaN,NaN
S,6000,TOT_KWH,KWH,X_TAX,EUR,MK,,,NaN,NaN
S,6000,TOT_KWH,KWH,X_TAX,EUR,NL,,,NaN,NaN
S,6000,TOT_KWH,KWH,X_TAX,EUR,NO,,,NaN,NaN
S,6000,TOT_KWH,KWH,X_TAX,EUR,PL,,,NaN,NaN
S,6000,TOT_KWH,KWH,X_TAX,EUR,PT,,,NaN,NaN
S,6000,TOT_KWH,KWH,X_TAX,EUR,RO,,,NaN,NaN
S,6000,TOT_KWH,KWH,X_TAX,EUR,RS,,,NaN,NaN
S,6000,TOT_KWH,KWH,X_TAX,EUR,SE,,0.05545,NaN,NaN
S,6000,TOT_KWH,KWH,X_TAX,EUR,SI,,,NaN,NaN
S,6000,TOT_KWH,KWH,X_TAX,EUR,SK,,,NaN,NaN
S,6000,TOT_KWH,KWH,X_TAX,EUR,TR,,,NaN,NaN
S,6000,TOT_KWH,KWH,X_TAX,NAC,AL,,,NaN,NaN
S,6000,TOT_KWH,KWH,X_TAX,NAC,AT,,,NaN,NaN
S,6000,TOT_KWH,KWH,X_TAX,NAC,BA,,,NaN,NaN
S,6000,TOT_KWH,KWH,X_TAX,NAC,BE,,,NaN,NaN
S,6000,TOT_KWH,KWH,X_TAX,NAC,BG,,,NaN,NaN
S,6000,TOT_KWH,KWH,X_TAX,NAC,CY,,,NaN,NaN
S,6000,TOT_KWH,KWH,X_TAX,NAC,CZ,,,NaN,NaN
S,6000,TOT_KWH,KWH,X_TAX,NAC,DE,,,NaN,NaN
S,6000,TOT_KWH,KWH,X_TAX,NAC,DK,,,NaN,NaN
S,6000,TOT_KWH,KWH,X_TAX,NAC,EE,,,NaN,NaN
S,6000,TOT_KWH,KWH,X_TAX,NAC,EL,,,NaN,NaN
S,6000,TOT_KWH,KWH,X_TAX,NAC,ES,,,NaN,NaN
S,6000,TOT_KWH,KWH,X_TAX,NAC,FI,,,NaN,NaN
S,6000,TOT_KWH,KWH,X_TAX,NAC,FR,,,NaN,NaN
S,6000,TOT_KWH,KWH,X_TAX,NAC,GE,,,NaN,NaN
S,6000,TOT_KWH,KWH,X_TAX,NAC,HR,,,NaN,NaN
S,6000,TOT_KWH,KWH,X_TAX,NAC,HU,,,NaN,NaN
S,6000,TOT_KWH,KWH,X_TAX,NAC,IE,,,NaN,NaN
S,6000,TOT_KWH,KWH,X_TAX,NAC,IT,,,NaN,NaN
S,6000,TOT_KWH,KWH,X_TAX,NAC,LT,,,NaN,NaN
S,6000,TOT_KWH,KWH,X_TAX,NAC,LU,,,NaN,NaN
S,6000,TOT_KWH,KWH,X_TAX,NAC,LV,,,NaN,NaN
S,6000,TOT_KWH,KWH,X_TAX,NAC,MD,,,NaN,NaN
S,6000,TOT_KWH,KWH,X_TAX,NAC,MK,,,NaN,NaN
S,6000,TOT_KWH,KWH,X_TAX,NAC,NL,,,NaN,NaN
S,6000,TOT_KWH,KWH,X_TAX,NAC,NO,,,NaN,NaN
S,6000,TOT_KWH,KWH,X_TAX,NAC,PL,,,NaN,NaN
S,6000,TOT_KWH,KWH,X_TAX,NAC,PT,,,NaN,NaN
S,6000,TOT_KWH,KWH,X_TAX,NAC,RO,,,NaN,NaN
S,6000,TOT_KWH,KWH,X_TAX,NAC,RS,,,NaN,NaN
S,6000,TOT_KWH,KWH,X_TAX,NAC,SE,,0.58075,NaN,NaN
S,6000,TOT_KWH,KWH,X_TAX,NAC,SI,,,NaN,NaN
S,6000,TOT_KWH,KWH,X_TAX,NAC,SK,,,NaN,NaN
S,6000,TOT_KWH,KWH,X_TAX,NAC,TR,,,NaN,NaN
S,6000,TOT_KWH,KWH,X_TAX,PPS,AL,,,NaN,NaN
S,6000,TOT_KWH,KWH,X_TAX,PPS,AT,,,NaN,NaN
S,6000,TOT_KWH,KWH,X_TAX,PPS,BA,,,NaN,NaN
S,6000,TOT_KWH,KWH,X_TAX,PPS,BE,,,NaN,NaN
S,6000,TOT_KWH,KWH,X_TAX,PPS,BG,,,NaN,NaN
S,6000,TOT_KWH,KWH,X_TAX,PPS,CY,,,NaN,NaN
S,6000,TOT_KWH,KWH,X_TAX,PPS,CZ,,,NaN,NaN
S,6000,TOT_KWH,KWH,X_TAX,PPS,DE,,,NaN,NaN
S,6000,TOT_KWH,KWH,X_TAX,PPS,DK,,,NaN,NaN
S,6000,TOT_KWH,KWH,X_TAX,PPS,EA,,,NaN,NaN
S,6000,TOT_KWH,KWH,X_TAX,PPS,EE,,,NaN,NaN
S,6000,TOT_KWH,KWH,X_TAX,PPS,EL,,,NaN,NaN
S,6000,TOT_KWH,KWH,X_TAX,PPS,ES,,,NaN,NaN
S,6000,TOT_KWH,KWH,X_TAX,PPS,EU27_2020,,,NaN,NaN
S,6000,TOT_KWH,KWH,X_TAX,PPS,FI,,,NaN,NaN
S,6000,TOT_KWH,KWH,X_TAX,PPS,FR,,,NaN,NaN
S,6000,TOT_KWH,KWH,X_TAX,PPS,HR,,,NaN,NaN
S,6000,TOT_KWH,KWH,X_TAX,PPS,HU,,,NaN,NaN
S,6000,TOT_KWH,KWH,X_TAX,PPS,IE,,,NaN,NaN
S,6000,TOT_KWH,KWH,X_TAX,PPS,IT,,,NaN,NaN
S,6000,TOT_KWH,KWH,X_TAX,PPS,LT,,,NaN,NaN
S,6000,TOT_KWH,KWH,X_TAX,PPS,LU,,,NaN,NaN
S,6000,TOT_KWH,KWH,X_TAX,PPS,LV,,,NaN,NaN
S,6000,TOT_KWH,KWH,X_TAX,PPS,MK,,,NaN,NaN
S,6000,TOT_KWH,KWH,X_TAX,PPS,NL,,,NaN,NaN
S,6000,TOT_KWH,KWH,X_TAX,PPS,NO,,,NaN,NaN
S,6000,TOT_KWH,KWH,X_TAX,PPS,PL,,,NaN,NaN
S,6000,TOT_KWH,KWH,X_TAX,PPS,PT,,,NaN,NaN
S,6000,TOT_KWH,KWH,X_TAX,PPS,RO,,,NaN,NaN
S,6000,TOT_KWH,KWH,X_TAX,PPS,RS,,,NaN,NaN
S,6000,TOT_KWH,KWH,X_TAX,PPS,SE,,0.04385,NaN,NaN
S,6000,TOT_KWH,KWH,X_TAX,PPS,SI,,,NaN,NaN
S,6000,TOT_KWH,KWH,X_TAX,PPS,SK,,,NaN,NaN
S,6000,TOT_KWH,KWH,X_TAX,PPS,TR,,,NaN,NaN
S,6000,TOT_KWH,KWH,X_VAT,EUR,AL,,,NaN,NaN
S,6000,TOT_KWH,KWH,X_VAT,EUR,AT,,,NaN,NaN
S,6000,TOT_KWH,KWH,X_VAT,EUR,BA,,,NaN,NaN
S,6000,TOT_KWH,KWH,X_VAT,EUR,BE,,,NaN,NaN
S,6000,TOT_KWH,KWH,X_VAT,EUR,BG,,,NaN,NaN
S,6000,TOT_KWH,KWH,X_VAT,EUR,CY,,,NaN,NaN
S,6000,TOT_KWH,KWH,X_VAT,EUR,CZ,,,NaN,NaN
S,6000,TOT_KWH,KWH,X_VAT,EUR,DE,,,NaN,NaN
S,6000,TOT_KWH,KWH,X_VAT,EUR,DK,,,NaN,NaN
S,6000,TOT_KWH,KWH,X_VAT,EUR,EA,,,NaN,NaN
S,6000,TOT_KWH,KWH,X_VAT,EUR,EE,,,NaN,NaN
S,6000,TOT_KWH,KWH,X_VAT,EUR,EL,,,NaN,NaN
S,6000,TOT_KWH,KWH,X_VAT,EUR,ES,,,NaN,NaN
S,6000,TOT_KWH,KWH,X_VAT,EUR,EU27_2020,,,NaN,NaN
S,6000,TOT_KWH,KWH,X_VAT,EUR,FI,,,NaN,NaN
S,6000,TOT_KWH,KWH,X_VAT,EUR,FR,,,NaN,NaN
S,6000,TOT_KWH,KWH,X_VAT,EUR,GE,,,NaN,NaN
S,6000,TOT_KWH,KWH,X_VAT,EUR,HR,,,NaN,NaN
S,6000,TOT_KWH,KWH,X_VAT,EUR,HU,,,NaN,NaN
S,6000,TOT_KWH,KWH,X_VAT,EUR,IE,,,NaN,NaN
S,6000,TOT_KWH,KWH,X_VAT,EUR,IT,,,NaN,NaN
S,6000,TOT_KWH,KWH,X_VAT,EUR,LT,,,NaN,NaN
S,6000,TOT_KWH,KWH,X_VAT,EUR,LU,,,NaN,NaN
S,6000,TOT_KWH,KWH,X_VAT,EUR,LV,,,NaN,NaN
S,6000,TOT_KWH,KWH,X_VAT,EUR,MD,,,NaN,NaN
S,6000,TOT_KWH,KWH,X_VAT,EUR,MK,,,NaN,NaN
S,6000,TOT_KWH,KWH,X_VAT,EUR,NL,,,NaN,NaN
S,6000,TOT_KWH,KWH,X_VAT,EUR,NO,,,NaN,NaN
S,6000,TOT_KWH,KWH,X_VAT,EUR,PL,,,NaN,NaN
S,6000,TOT_KWH,KWH,X_VAT,EUR,PT,,,NaN,NaN
S,6000,TOT_KWH,KWH,X_VAT,EUR,RO,,,NaN,NaN
S,6000,TOT_KWH,KWH,X_VAT,EUR,RS,,,NaN,NaN
S,6000,TOT_KWH,KWH,X_VAT,EUR,SE,,0.0559,NaN,NaN
S,6000,TOT_KWH,KWH,X_VAT,EUR,SI,,,NaN,NaN
S,6000,TOT_KWH,KWH,X_VAT,EUR,SK,,,NaN,NaN
S,6000,TOT_KWH,KWH,X_VAT,EUR,TR,,,NaN,NaN
S,6000,TOT_KWH,KWH,X_VAT,NAC,AL,,,NaN,NaN
S,6000,TOT_KWH,KWH,X_VAT,NAC,AT,,,NaN,NaN
S,6000,TOT_KWH,KWH,X_VAT,NAC,BA,,,NaN,NaN
S,6000,TOT_KWH,KWH,X_VAT,NAC,BE,,,NaN,NaN
S,6000,TOT_KWH,KWH,X_VAT,NAC,BG,,,NaN,NaN
S,6000,TOT_KWH,KWH,X_VAT,NAC,CY,,,NaN,NaN
S,6000,TOT_KWH,KWH,X_VAT,NAC,CZ,,,NaN,NaN
S,6000,TOT_KWH,KWH,X_VAT,NAC,DE,,,NaN,NaN
S,6000,TOT_KWH,KWH,X_VAT,NAC,DK,,,NaN,NaN
S,6000,TOT_KWH,KWH,X_VAT,NAC,EE,,,NaN,NaN
S,6000,TOT_KWH,KWH,X_VAT,NAC,EL,,,NaN,NaN
S,6000,TOT_KWH,KWH,X_VAT,NAC,ES,,,NaN,NaN
S,6000,TOT_KWH,KWH,X_VAT,NAC,FI,,,NaN,NaN
S,6000,TOT_KWH,KWH,X_VAT,NAC,FR,,,NaN,NaN
S,6000,TOT_KWH,KWH,X_VAT,NAC,GE,,,NaN,NaN
S,6000,TOT_KWH,KWH,X_VAT,NAC,HR,,,NaN,NaN
S,6000,TOT_KWH,KWH,X_VAT,NAC,HU,,,NaN,NaN
S,6000,TOT_KWH,KWH,X_VAT,NAC,IE,,,NaN,NaN
S,6000,TOT_KWH,KWH,X_VAT,NAC,IT,,,NaN,NaN
S,6000,TOT_KWH,KWH,X_VAT,NAC,LT,,,NaN,NaN
S,6000,TOT_KWH,KWH,X_VAT,NAC,LU,,,NaN,NaN
S,6000,TOT_KWH,KWH,X_VAT,NAC,LV,,,NaN,NaN
S,6000,TOT_KWH,KWH,X_VAT,NAC,MD,,,NaN,NaN
S,6000,TOT_KWH,KWH,X_VAT,NAC,MK,,,NaN,NaN
S,6000,TOT_KWH,KWH,X_VAT,NAC,NL,,,NaN,NaN
S,6000,TOT_KWH,KWH,X_VAT,NAC,NO,,,NaN,NaN
S,6000,TOT_KWH,KWH,X_VAT,NAC,PL,,,NaN,NaN
S,6000,TOT_KWH,KWH,X_VAT,NAC,PT,,,NaN,NaN
S,6000,TOT_KWH,KWH,X_VAT,NAC,RO,,,NaN,NaN
S,6000,TOT_KWH,KWH,X_VAT,NAC,RS,,,NaN,NaN
S,6000,TOT_KWH,KWH,X_VAT,NAC,SE,,0.58575,NaN,NaN
S,6000,TOT_KWH,KWH,X_VAT,NAC,SI,,,NaN,NaN
S,6000,TOT_KWH,KWH,X_VAT,NAC,SK,,,NaN,NaN
S,6000,TOT_KWH,KWH,X_VAT,NAC,TR,,,NaN,NaN
S,6000,TOT_KWH,KWH,X_VAT,PPS,AL,,,NaN,NaN
S,6000,TOT_KWH,KWH,X_VAT,PPS,AT,,,NaN,NaN
S,6000,TOT_KWH,KWH,X_VAT,PPS,BA,,,NaN,NaN
S,6000,TOT_KWH,KWH,X_VAT,PPS,BE,,,NaN,NaN
S,6000,TOT_KWH,KWH,X_VAT,PPS,BG,,,NaN,NaN
S,6000,TOT_KWH,KWH,X_VAT,PPS,CY,,,NaN,NaN
S,6000,TOT_KWH,KWH,X_VAT,PPS,CZ,,,NaN,NaN
S,6000,TOT_KWH,KWH,X_VAT,PPS,DE,,,NaN,NaN
S,6000,TOT_KWH,KWH,X_VAT,PPS,DK,,,NaN,NaN
S,6000,TOT_KWH,KWH,X_VAT,PPS,EA,,,NaN,NaN
S,6000,TOT_KWH,KWH,X_VAT,PPS,EE,,,NaN,NaN
S,6000,TOT_KWH,KWH,X_VAT,PPS,EL,,,NaN,NaN
S,6000,TOT_KWH,KWH,X_VAT,PPS,ES,,,NaN,NaN
S,6000,TOT_KWH,KWH,X_VAT,PPS,EU27_2020,,,NaN,NaN
S,6000,TOT_KWH,KWH,X_VAT,PPS,FI,,,NaN,NaN
S,6000,TOT_KWH,KWH,X_VAT,PPS,FR,,,NaN,NaN
S,6000,TOT_KWH,KWH,X_VAT,PPS,HR,,,NaN,NaN
S,6000,TOT_KWH,KWH,X_VAT,PPS,HU,,,NaN,NaN
S,6000,TOT_KWH,KWH,X_VAT,PPS,IE,,,NaN,NaN
S,6000,TOT_KWH,KWH,X_VAT,PPS,IT,,,NaN,NaN
S,6000,TOT_KWH,KWH,X_VAT,PPS,LT,,,NaN,NaN
S,6000,TOT_KWH,KWH,X_VAT,PPS,LU,,,NaN,NaN
S,6000,TOT_KWH,KWH,X_VAT,PPS,LV,,,NaN,NaN
S,6000,TOT_KWH,KWH,X_VAT,PPS,MK,,,NaN,NaN
S,6000,TOT_KWH,KWH,X_VAT,PPS,NL,,,NaN,NaN
S,6000,TOT_KWH,KWH,X_VAT,PPS,NO,,,NaN,NaN
S,6000,TOT_KWH,KWH,X_VAT,PPS,PL,,,NaN,NaN
S,6000,TOT_KWH,KWH,X_VAT,PPS,PT,,,NaN,NaN
S,6000,TOT_KWH,KWH,X_VAT,PPS,RO,,,NaN,NaN
S,6000,TOT_KWH,KWH,X_VAT,PPS,RS,,,NaN,NaN
S,6000,TOT_KWH,KWH,X_VAT,PPS,SE,,0.04425,NaN,NaN
S,6000,TOT_KWH,KWH,X_VAT,PPS,SI,,,NaN,NaN
S,6000,TOT_KWH,KWH,X_VAT,PPS,SK,,,NaN,NaN
S,6000,TOT_KWH,KWH,X_VAT,PPS,TR,,,NaN,NaN
