freq,unit,na_item,geo,num_2020,flag_2020,num_2021,flag_2021,num_2022,flag_2022,num_2023,flag_2023,num_2024,flag_2024
A,CLV10_EUR_HAB,B1GQ,AL,3880.0,NaN,4270.0,NaN,4530.0,NaN,,NaN,,NaN
A,CLV10_EUR_HAB,B1GQ,AT,35480.0,NaN,37080.0,NaN,38620.0,NaN,37990.0,NaN,37550.0,NaN
A,CLV10_EUR_HAB,B1GQ,BE,33990.0,NaN,35960.0,NaN,37090.0,NaN,37400.0,NaN,37600.0,p
A,CLV10_EUR_HAB,B1GQ,BG,6800.0,NaN,7380.0,NaN,7730.0,NaN,7880.0,NaN,8160.0,NaN
A,CLV10_EUR_HAB,B1GQ,CH,60140.0,NaN,63020.0,NaN,64390.0,NaN,63870.0,NaN,63980.0,NaN
A,CLV10_EUR_HAB,B1GQ,CY,24190.0,NaN,26540.0,NaN,28210.0,NaN,28670.0,NaN,29330.0,p
A,CLV10_EUR_HAB,B1GQ,CZ,17900.0,NaN,18620.0,NaN,18690.0,NaN,18500.0,NaN,18700.0,NaN
A,CLV10_EUR_HAB,B1GQ,DE,35620.0,NaN,37070.0,NaN,37490.0,p,36830.0,p,36550.0,p
A,CLV10_EUR_HAB,B1GQ,DK,47940.0,NaN,50840.0,NaN,50620.0,NaN,50570.0,NaN,52080.0,NaN
A,CLV10_EUR_HAB,B1GQ,EA,29720.0,NaN,31610.0,NaN,32590.0,NaN,32340.0,NaN,32490.0,NaN
A,CLV10_EUR_HAB,B1GQ,EA12,30340.0,NaN,32260.0,NaN,33280.0,NaN,33200.0,NaN,33350.0,NaN
A,CLV10_EUR_HAB,B1GQ,EA19,29720.0,NaN,31610.0,NaN,32590.0,NaN,32530.0,NaN,32680.0,NaN
A,CLV10_EUR_HAB,B1GQ,EA20,29520.0,NaN,31410.0,NaN,32390.0,NaN,32340.0,NaN,32490.0,NaN
A,CLV10_EUR_HAB,B1GQ,EE,15070.0,NaN,16300.0,NaN,16080.0,NaN,15250.0,NaN,15140.0,NaN
A,CLV10_EUR_HAB,B1GQ,EL,16320.0,p,17820.0,p,18920.0,p,19380.0,p,19810.0,p
A,CLV10_EUR_HAB,B1GQ,ES,22510.0,NaN,24020.0,NaN,25310.0,NaN,25630.0,p,26240.0,p
A,CLV10_EUR_HAB,B1GQ,EU27_2020,26850.0,b,28570.0,NaN,29400.0,NaN,29380.0,NaN,29610.0,NaN
A,CLV10_EUR_HAB,B1GQ,FI,35990.0,NaN,36880.0,NaN,37060.0,NaN,36570.0,NaN,36440.0,NaN
A,CLV10_EUR_HAB,B1GQ,FR,30800.0,NaN,32770.0,NaN,33530.0,NaN,33920.0,p,34240.0,p
A,CLV10_EUR_HAB,B1GQ,HR,12140.0,NaN,13790.0,NaN,14870.0,NaN,15420.0,NaN,15960.0,p
A,CLV10_EUR_HAB,B1GQ,HU,12930.0,NaN,13930.0,NaN,14540.0,NaN,14440.0,NaN,14570.0,p
A,CLV10_EUR_HAB,B1GQ,IE,63230.0,NaN,72680.0,NaN,76520.0,NaN,73230.0,NaN,73890.0,NaN
A,CLV10_EUR_HAB,B1GQ,IS,36020.0,p,37320.0,p,39680.0,p,40710.0,p,39570.0,p
A,CLV10_EUR_HAB,B1GQ,IT,24960.0,NaN,27330.0,NaN,28710.0,NaN,29000.0,NaN,29220.0,p
A,CLV10_EUR_HAB,B1GQ,LT,14310.0,NaN,15240.0,NaN,15490.0,NaN,15390.0,NaN,15760.0,NaN
A,CLV10_EUR_HAB,B1GQ,LU,82550.0,NaN,86900.0,NaN,84090.0,NaN,82600.0,NaN,81590.0,p
A,CLV10_EUR_HAB,B1GQ,LV,11890.0,NaN,12820.0,NaN,13050.0,NaN,12960.0,NaN,13070.0,NaN
A,CLV10_EUR_HAB,B1GQ,ME,5410.0,NaN,6130.0,NaN,6620.0,NaN,7050.0,NaN,7270.0,NaN
A,CLV10_EUR_HAB,B1GQ,MK,4570.0,e,4830.0,e,4980.0,e,5120.0,e,5280.0,e
A,CLV10_EUR_HAB,B1GQ,MT,22230.0,NaN,25080.0,NaN,25030.0,NaN,26610.0,NaN,27640.0,NaN
A,CLV10_EUR_HAB,B1GQ,NL,40800.0,NaN,43140.0,NaN,44870.0,NaN,44160.0,p,44350.0,p
A,CLV10_EUR_HAB,B1GQ,NO,68850.0,NaN,71160.0,NaN,72810.0,NaN,72030.0,NaN,72850.0,NaN
A,CLV10_EUR_HAB,B1GQ,PL,13370.0,b,14370.0,NaN,14800.0,b,14900.0,NaN,15390.0,NaN
A,CLV10_EUR_HAB,B1GQ,PT,16940.0,NaN,17840.0,NaN,18970.0,NaN,19360.0,NaN,19560.0,p
A,CLV10_EUR_HAB,B1GQ,RO,8960.0,NaN,9540.0,NaN,9990.0,NaN,10210.0,NaN,10300.0,p
A,CLV10_EUR_HAB,B1GQ,RS,5420.0,NaN,5910.0,NaN,6220.0,NaN,6500.0,p,6790.0,p
A,CLV10_EUR_HAB,B1GQ,SE,42520.0,NaN,44480.0,NaN,44560.0,NaN,44170.0,NaN,44400.0,NaN
A,CLV10_EUR_HAB,B1GQ,SI,19630.0,NaN,21240.0,NaN,21780.0,NaN,22180.0,NaN,22500.0,NaN
A,CLV10_EUR_HAB,B1GQ,SK,15510.0,NaN,16450.0,b,16490.0,NaN,16830.0,NaN,17150.0,NaN
A,CLV10_EUR_HAB,B1GQ,TR,11730.0,NaN,12990.0,NaN,13570.0,NaN,14190.0,NaN,,NaN
A,CLV10_EUR_HAB,B1GQ,UK,,NaN,,NaN,,NaN,,NaN,,NaN
A,CLV10_EUR_HAB,P3,AL,3320.0,NaN,3500.0,NaN,3730.0,NaN,,NaN,,NaN
A,CLV10_EUR_HAB,P3,AT,24760.0,NaN,26090.0,NaN,26760.0,NaN,26540.0,NaN,26870.0,NaN
A,CLV10_EUR_HAB,P3,BE,25340.0,NaN,26530.0,NaN,27240.0,NaN,27430.0,NaN,27820.0,p
A,CLV10_EUR_HAB,P3,BG,5780.0,NaN,6210.0,NaN,6560.0,NaN,6650.0,NaN,6960.0,NaN
A,CLV10_EUR_HAB,P3,CH,37630.0,NaN,38240.0,NaN,39140.0,NaN,39150.0,NaN,39400.0,NaN
A,CLV10_EUR_HAB,P3,CY,19590.0,NaN,20400.0,NaN,21840.0,NaN,22600.0,NaN,23000.0,p
A,CLV10_EUR_HAB,P3,CZ,12220.0,NaN,12630.0,NaN,12380.0,NaN,12130.0,NaN,12440.0,NaN
A,CLV10_EUR_HAB,P3,DE,26600.0,NaN,27260.0,NaN,28360.0,p,27960.0,p,28190.0,p
A,CLV10_EUR_HAB,P3,DK,35060.0,NaN,36780.0,NaN,35640.0,NaN,34820.0,NaN,34990.0,NaN
A,CLV10_EUR_HAB,P3,EA,22330.0,NaN,23330.0,NaN,24160.0,NaN,24060.0,NaN,24330.0,NaN
A,CLV10_EUR_HAB,P3,EA12,22800.0,NaN,23810.0,NaN,24670.0,NaN,24710.0,NaN,24970.0,NaN
A,CLV10_EUR_HAB,P3,EA19,22330.0,NaN,23330.0,NaN,24160.0,NaN,24200.0,NaN,24460.0,NaN
A,CLV10_EUR_HAB,P3,EA20,22190.0,NaN,23190.0,NaN,24020.0,NaN,24060.0,NaN,24330.0,NaN
A,CLV10_EUR_HAB,P3,EE,11140.0,NaN,11820.0,NaN,12000.0,NaN,11600.0,NaN,11600.0,NaN
A,CLV10_EUR_HAB,P3,EL,15460.0,p,16210.0,p,17450.0,p,17920.0,p,18190.0,p
A,CLV10_EUR_HAB,P3,ES,17060.0,NaN,18100.0,NaN,18610.0,NaN,18860.0,p,19230.0,p
A,CLV10_EUR_HAB,P3,EU27_2020,20150.0,b,21090.0,NaN,21770.0,NaN,21810.0,NaN,22130.0,NaN
A,CLV10_EUR_HAB,P3,FI,27460.0,NaN,28370.0,NaN,28400.0,NaN,28520.0,NaN,28400.0,NaN
A,CLV10_EUR_HAB,P3,FR,24540.0,NaN,25810.0,NaN,26520.0,NaN,26690.0,p,26930.0,p
A,CLV10_EUR_HAB,P3,HR,10160.0,NaN,11110.0,NaN,11790.0,NaN,12270.0,NaN,13010.0,p
A,CLV10_EUR_HAB,P3,HU,9690.0,NaN,10150.0,NaN,10800.0,NaN,10740.0,NaN,11140.0,p
A,CLV10_EUR_HAB,P3,IE,25550.0,NaN,27350.0,NaN,29040.0,NaN,29940.0,NaN,30490.0,NaN
A,CLV10_EUR_HAB,P3,IS,28020.0,p,29300.0,p,30200.0,p,29800.0,p,29620.0,p
A,CLV10_EUR_HAB,P3,IT,19850.0,NaN,20930.0,NaN,21840.0,NaN,22000.0,NaN,22150.0,p
A,CLV10_EUR_HAB,P3,LT,10350.0,NaN,11020.0,NaN,11130.0,NaN,10960.0,NaN,11200.0,NaN
A,CLV10_EUR_HAB,P3,LU,41590.0,NaN,44590.0,NaN,46100.0,NaN,46600.0,NaN,47620.0,p
A,CLV10_EUR_HAB,P3,LV,9400.0,NaN,10130.0,NaN,10500.0,NaN,10520.0,NaN,10610.0,NaN
A,CLV10_EUR_HAB,P3,ME,6060.0,NaN,6300.0,NaN,7010.0,NaN,7450.0,NaN,8090.0,NaN
A,CLV10_EUR_HAB,P3,MK,4130.0,e,4480.0,e,4660.0,e,4720.0,e,4820.0,e
A,CLV10_EUR_HAB,P3,MT,15170.0,NaN,16510.0,NaN,17140.0,NaN,18180.0,NaN,18920.0,NaN
A,CLV10_EUR_HAB,P3,NL,27540.0,NaN,28640.0,NaN,29730.0,NaN,29870.0,p,30280.0,p
A,CLV10_EUR_HAB,P3,NO,43470.0,NaN,45200.0,NaN,47300.0,NaN,46950.0,NaN,47340.0,NaN
A,CLV10_EUR_HAB,P3,PL,10160.0,b,10810.0,NaN,11010.0,b,11150.0,NaN,11670.0,NaN
A,CLV10_EUR_HAB,P3,PT,14410.0,NaN,15050.0,NaN,15660.0,NaN,15850.0,NaN,16100.0,p
A,CLV10_EUR_HAB,P3,RO,7450.0,NaN,7900.0,NaN,8250.0,NaN,8470.0,NaN,8880.0,p
A,CLV10_EUR_HAB,P3,RS,4690.0,NaN,5070.0,NaN,5350.0,NaN,5380.0,p,5670.0,p
A,CLV10_EUR_HAB,P3,SE,30110.0,NaN,31370.0,NaN,31660.0,NaN,31240.0,NaN,31400.0,NaN
A,CLV10_EUR_HAB,P3,SI,14060.0,NaN,15400.0,NaN,15790.0,NaN,15790.0,NaN,16490.0,NaN
A,CLV10_EUR_HAB,P3,SK,11350.0,NaN,11760.0,b,12050.0,NaN,11710.0,NaN,12130.0,NaN
A,CLV10_EUR_HAB,P3,TR,8380.0,NaN,9400.0,NaN,10610.0,NaN,11530.0,NaN,,NaN
A,CLV10_EUR_HAB,P3,UK,,NaN,,NaN,,NaN,,NaN,,NaN
A,CLV10_EUR_HAB,P31_S13,AL,220.0,NaN,240.0,NaN,240.0,NaN,,NaN,,NaN
A,CLV10_EUR_HAB,P31_S13,AT,4440.0,NaN,4920.0,NaN,4850.0,NaN,4800.0,NaN,4950.0,NaN
A,CLV10_EUR_HAB,P31_S13,BE,5120.0,NaN,5360.0,NaN,5500.0,NaN,5640.0,NaN,5720.0,p
A,CLV10_EUR_HAB,P31_S13,BG,610.0,NaN,640.0,NaN,670.0,NaN,680.0,NaN,710.0,NaN
A,CLV10_EUR_HAB,P31_S13,CH,3730.0,NaN,3920.0,NaN,3730.0,NaN,3770.0,NaN,,NaN
A,CLV10_EUR_HAB,P31_S13,CY,2550.0,NaN,2870.0,NaN,2930.0,NaN,2920.0,NaN,3000.0,p
A,CLV10_EUR_HAB,P31_S13,CZ,1940.0,NaN,2010.0,NaN,1970.0,NaN,2020.0,NaN,2090.0,NaN
A,CLV10_EUR_HAB,P31_S13,DE,4830.0,NaN,5020.0,NaN,5070.0,p,4930.0,p,5060.0,p
A,CLV10_EUR_HAB,P31_S13,DK,8500.0,NaN,8970.0,NaN,8630.0,NaN,8520.0,NaN,8480.0,NaN
A,CLV10_EUR_HAB,P31_S13,EA,4140.0,NaN,4370.0,NaN,4420.0,NaN,4400.0,NaN,4480.0,NaN
A,CLV10_EUR_HAB,P31_S13,EA12,4260.0,NaN,4500.0,NaN,4540.0,NaN,4560.0,NaN,4640.0,NaN
A,CLV10_EUR_HAB,P31_S13,EA19,4140.0,NaN,4370.0,NaN,4420.0,NaN,4430.0,NaN,4510.0,NaN
A,CLV10_EUR_HAB,P31_S13,EA20,4110.0,NaN,4340.0,NaN,4390.0,NaN,4400.0,NaN,4480.0,NaN
A,CLV10_EUR_HAB,P31_S13,EE,1510.0,NaN,1590.0,NaN,1580.0,NaN,1530.0,NaN,1550.0,NaN
A,CLV10_EUR_HAB,P31_S13,EL,1910.0,p,1980.0,p,2020.0,p,2090.0,p,2030.0,p
A,CLV10_EUR_HAB,P31_S13,ES,2950.0,NaN,3080.0,NaN,3040.0,NaN,3140.0,p,3220.0,p
A,CLV10_EUR_HAB,P31_S13,EU27_2020,3680.0,b,3890.0,NaN,3910.0,NaN,3930.0,NaN,4010.0,NaN
A,CLV10_EUR_HAB,P31_S13,FI,5900.0,NaN,6130.0,NaN,6090.0,NaN,6610.0,b,6670.0,NaN
A,CLV10_EUR_HAB,P31_S13,FR,4910.0,NaN,5300.0,NaN,5430.0,NaN,5460.0,p,5520.0,p
A,CLV10_EUR_HAB,P31_S13,HR,1590.0,NaN,1650.0,NaN,1690.0,NaN,1770.0,NaN,1930.0,p
A,CLV10_EUR_HAB,P31_S13,HU,1080.0,NaN,1110.0,NaN,1170.0,NaN,1200.0,NaN,1220.0,p
A,CLV10_EUR_HAB,P31_S13,IE,5750.0,NaN,6060.0,NaN,6200.0,NaN,6560.0,NaN,6720.0,NaN
A,CLV10_EUR_HAB,P31_S13,IS,5140.0,p,5180.0,p,5150.0,p,5140.0,p,5140.0,p
A,CLV10_EUR_HAB,P31_S13,IT,3190.0,NaN,3340.0,NaN,3370.0,NaN,3420.0,NaN,3410.0,p
A,CLV10_EUR_HAB,P31_S13,LT,1080.0,NaN,1090.0,NaN,1100.0,NaN,1090.0,NaN,1100.0,NaN
A,CLV10_EUR_HAB,P31_S13,LU,8980.0,NaN,9290.0,NaN,9490.0,NaN,9320.0,NaN,9650.0,p
A,CLV10_EUR_HAB,P31_S13,LV,850.0,NaN,900.0,NaN,850.0,NaN,900.0,NaN,890.0,NaN
A,CLV10_EUR_HAB,P31_S13,ME,590.0,NaN,600.0,NaN,600.0,NaN,630.0,NaN,640.0,NaN
A,CLV10_EUR_HAB,P31_S13,MT,2880.0,NaN,3080.0,NaN,2920.0,NaN,2910.0,NaN,3090.0,NaN
A,CLV10_EUR_HAB,P31_S13,NL,7060.0,NaN,7390.0,NaN,7360.0,NaN,7400.0,p,7550.0,p
A,CLV10_EUR_HAB,P31_S13,NO,9370.0,NaN,9720.0,NaN,9900.0,NaN,10060.0,NaN,10190.0,NaN
A,CLV10_EUR_HAB,P31_S13,PL,1310.0,b,1430.0,NaN,1380.0,b,1450.0,NaN,1590.0,NaN
A,CLV10_EUR_HAB,P31_S13,PT,1910.0,NaN,2070.0,NaN,2150.0,NaN,2170.0,NaN,2230.0,p
A,CLV10_EUR_HAB,P31_S13,RO,530.0,NaN,540.0,NaN,560.0,NaN,580.0,NaN,560.0,p
A,CLV10_EUR_HAB,P31_S13,RS,600.0,NaN,610.0,NaN,660.0,NaN,660.0,p,680.0,p
A,CLV10_EUR_HAB,P31_S13,SE,7120.0,NaN,7330.0,NaN,7240.0,NaN,7190.0,NaN,7220.0,NaN
A,CLV10_EUR_HAB,P31_S13,SI,2400.0,NaN,2560.0,NaN,2570.0,NaN,2550.0,NaN,2800.0,NaN
A,CLV10_EUR_HAB,P31_S13,SK,1340.0,NaN,1470.0,b,1560.0,NaN,1540.0,NaN,1550.0,NaN
A,CLV10_EUR_HAB,P31_S13,TR,1240.0,NaN,1310.0,NaN,1320.0,NaN,1430.0,NaN,,NaN
A,CLV10_EUR_HAB,P31_S13,UK,,NaN,,NaN,,NaN,,NaN,,NaN
A,CLV10_EUR_HAB,P31_S14,AL,2770.0,NaN,2920.0,NaN,3130.0,NaN,,NaN,,NaN
A,CLV10_EUR_HAB,P31_S14,AT,16830.0,NaN,17550.0,NaN,18340.0,NaN,18100.0,NaN,18170.0,NaN
A,CLV10_EUR_HAB,P31_S14,BE,16990.0,NaN,17850.0,NaN,18330.0,NaN,18360.0,NaN,18640.0,p
A,CLV10_EUR_HAB,P31_S14,BG,4500.0,NaN,4920.0,NaN,5140.0,NaN,5210.0,NaN,5480.0,NaN
A,CLV10_EUR_HAB,P31_S14,CH,29650.0,NaN,30060.0,NaN,31130.0,NaN,31100.0,NaN,,NaN
A,CLV10_EUR_HAB,P31_S14,CY,14690.0,NaN,15120.0,NaN,16430.0,NaN,17090.0,NaN,17480.0,p
A,CLV10_EUR_HAB,P31_S14,CZ,8470.0,NaN,8820.0,NaN,8640.0,NaN,8310.0,NaN,8480.0,NaN
A,CLV10_EUR_HAB,P31_S14,DE,18240.0,NaN,18640.0,NaN,19750.0,p,19440.0,p,19480.0,p
A,CLV10_EUR_HAB,P31_S14,DK,22340.0,NaN,23530.0,NaN,22760.0,NaN,22000.0,NaN,22130.0,NaN
A,CLV10_EUR_HAB,P31_S14,EA,15250.0,NaN,15950.0,NaN,16720.0,NaN,16600.0,NaN,16730.0,NaN
A,CLV10_EUR_HAB,P31_S14,EA12,15540.0,NaN,16250.0,NaN,17030.0,NaN,17010.0,NaN,17130.0,NaN
A,CLV10_EUR_HAB,P31_S14,EA19,15250.0,NaN,15950.0,NaN,16720.0,NaN,16690.0,NaN,16820.0,NaN
A,CLV10_EUR_HAB,P31_S14,EA20,15150.0,NaN,15860.0,NaN,16620.0,NaN,16600.0,NaN,16730.0,NaN
A,CLV10_EUR_HAB,P31_S14,EE,8030.0,NaN,8610.0,NaN,8870.0,NaN,8510.0,NaN,8460.0,NaN
A,CLV10_EUR_HAB,P31_S14,EL,11230.0,p,11880.0,p,13080.0,p,13430.0,p,13780.0,p
A,CLV10_EUR_HAB,P31_S14,ES,11900.0,NaN,12760.0,NaN,13260.0,NaN,13320.0,p,13580.0,p
A,CLV10_EUR_HAB,P31_S14,EU27_2020,13820.0,b,14510.0,NaN,15140.0,NaN,15110.0,NaN,15280.0,NaN
A,CLV10_EUR_HAB,P31_S14,FI,17930.0,NaN,18510.0,NaN,18610.0,NaN,18570.0,NaN,18340.0,NaN
A,CLV10_EUR_HAB,P31_S14,FR,16170.0,NaN,16940.0,NaN,17410.0,NaN,17470.0,p,17610.0,p
A,CLV10_EUR_HAB,P31_S14,HR,7000.0,NaN,7830.0,NaN,8410.0,NaN,8670.0,NaN,9160.0,p
A,CLV10_EUR_HAB,P31_S14,HU,6730.0,NaN,7110.0,NaN,7630.0,NaN,7430.0,NaN,7910.0,p
A,CLV10_EUR_HAB,P31_S14,IE,16660.0,NaN,17990.0,NaN,19540.0,NaN,20010.0,NaN,20180.0,NaN
A,CLV10_EUR_HAB,P31_S14,IS,18630.0,p,19900.0,p,20960.0,p,20540.0,p,20340.0,p
A,CLV10_EUR_HAB,P31_S14,IT,14390.0,NaN,15300.0,NaN,16140.0,NaN,16230.0,NaN,16330.0,p
A,CLV10_EUR_HAB,P31_S14,LT,8320.0,NaN,9010.0,NaN,9100.0,NaN,8960.0,NaN,9180.0,NaN
A,CLV10_EUR_HAB,P31_S14,LU,25110.0,NaN,27400.0,NaN,28500.0,NaN,28970.0,NaN,29450.0,p
A,CLV10_EUR_HAB,P31_S14,LV,6980.0,NaN,7600.0,NaN,8000.0,NaN,7960.0,NaN,8050.0,NaN
A,CLV10_EUR_HAB,P31_S14,ME,4650.0,NaN,4910.0,NaN,5590.0,NaN,5990.0,NaN,6610.0,NaN
A,CLV10_EUR_HAB,P31_S14,MK,3270.0,e,3580.0,e,3790.0,e,3860.0,e,3950.0,e
A,CLV10_EUR_HAB,P31_S14,MT,9940.0,NaN,10990.0,NaN,11740.0,NaN,12790.0,NaN,13180.0,NaN
A,CLV10_EUR_HAB,P31_S14,NL,16750.0,NaN,17400.0,NaN,18460.0,NaN,18400.0,p,18490.0,p
A,CLV10_EUR_HAB,P31_S14,NO,27170.0,NaN,28410.0,NaN,30250.0,NaN,29490.0,NaN,29660.0,NaN
A,CLV10_EUR_HAB,P31_S14,PL,7620.0,b,8140.0,NaN,8360.0,b,8370.0,NaN,8640.0,NaN
A,CLV10_EUR_HAB,P31_S14,PT,10720.0,NaN,11220.0,NaN,11770.0,NaN,11930.0,NaN,12150.0,p
A,CLV10_EUR_HAB,P31_S14,RO,6100.0,NaN,6600.0,NaN,7000.0,NaN,7160.0,NaN,7570.0,p
A,CLV10_EUR_HAB,P31_S14,RS,3560.0,NaN,3870.0,NaN,4110.0,NaN,4160.0,p,4400.0,p
A,CLV10_EUR_HAB,P31_S14,SE,19670.0,NaN,20670.0,NaN,21040.0,NaN,20530.0,NaN,20590.0,NaN
A,CLV10_EUR_HAB,P31_S14,SI,10030.0,NaN,11130.0,NaN,11520.0,NaN,11460.0,NaN,11850.0,NaN
A,CLV10_EUR_HAB,P31_S14,SK,8400.0,NaN,8680.0,b,9070.0,NaN,8790.0,NaN,9110.0,NaN
A,CLV10_EUR_HAB,P31_S14,TR,6640.0,NaN,7600.0,NaN,8750.0,NaN,9630.0,NaN,,NaN
A,CLV10_EUR_HAB,P31_S14,UK,,NaN,,NaN,,NaN,,NaN,,NaN
A,CLV10_EUR_HAB,P31_S14_S15,AL,2800.0,NaN,2950.0,NaN,3170.0,NaN,,NaN,,NaN
A,CLV10_EUR_HAB,P31_S14_S15,AT,17540.0,NaN,18330.0,NaN,19100.0,NaN,18890.0,NaN,18980.0,NaN
A,CLV10_EUR_HAB,P31_S14_S15,BE,17330.0,NaN,18220.0,NaN,18730.0,NaN,18780.0,NaN,19050.0,p
A,CLV10_EUR_HAB,P31_S14_S15,BG,4540.0,NaN,4970.0,NaN,5200.0,NaN,5270.0,NaN,5540.0,NaN
A,CLV10_EUR_HAB,P31_S14_S15,CH,30980.0,NaN,31440.0,NaN,32500.0,NaN,32500.0,NaN,32710.0,NaN
A,CLV10_EUR_HAB,P31_S14_S15,CY,14930.0,NaN,15400.0,NaN,16700.0,NaN,17380.0,NaN,17790.0,p
A,CLV10_EUR_HAB,P31_S14_S15,CZ,8630.0,NaN,8990.0,NaN,8820.0,NaN,8500.0,NaN,8700.0,NaN
A,CLV10_EUR_HAB,P31_S14_S15,DE,18750.0,NaN,19150.0,NaN,20270.0,p,19960.0,p,20010.0,p
A,CLV10_EUR_HAB,P31_S14_S15,DK,23030.0,NaN,24220.0,NaN,23480.0,NaN,22730.0,NaN,22840.0,NaN
A,CLV10_EUR_HAB,P31_S14_S15,EA,15650.0,NaN,16370.0,NaN,17150.0,NaN,17040.0,NaN,17180.0,NaN
A,CLV10_EUR_HAB,P31_S14_S15,EA12,15960.0,NaN,16680.0,NaN,17480.0,NaN,17460.0,NaN,17590.0,NaN
A,CLV10_EUR_HAB,P31_S14_S15,EA19,15650.0,NaN,16370.0,NaN,17150.0,NaN,17130.0,NaN,17270.0,NaN
A,CLV10_EUR_HAB,P31_S14_S15,EA20,15550.0,NaN,16270.0,NaN,17060.0,NaN,17040.0,NaN,17180.0,NaN
A,CLV10_EUR_HAB,P31_S14_S15,EE,8340.0,NaN,8930.0,NaN,9180.0,NaN,8830.0,NaN,8780.0,NaN
A,CLV10_EUR_HAB,P31_S14_S15,EL,11480.0,p,12130.0,p,13320.0,p,13670.0,p,14020.0,p
A,CLV10_EUR_HAB,P31_S14_S15,ES,12160.0,NaN,13030.0,NaN,13540.0,NaN,13620.0,p,13900.0,p
A,CLV10_EUR_HAB,P31_S14_S15,EU27_2020,14180.0,b,14870.0,NaN,15520.0,NaN,15500.0,NaN,15680.0,NaN
A,CLV10_EUR_HAB,P31_S14_S15,FI,18670.0,NaN,19230.0,NaN,19340.0,NaN,19260.0,NaN,19040.0,NaN
A,CLV10_EUR_HAB,P31_S14_S15,FR,16830.0,NaN,17640.0,NaN,18150.0,NaN,18230.0,p,18380.0,p
A,CLV10_EUR_HAB,P31_S14_S15,HR,7160.0,NaN,8000.0,NaN,8590.0,NaN,8860.0,NaN,9370.0,p
A,CLV10_EUR_HAB,P31_S14_S15,HU,7010.0,NaN,7400.0,NaN,7970.0,NaN,7800.0,NaN,8270.0,p
A,CLV10_EUR_HAB,P31_S14_S15,IE,16990.0,NaN,18300.0,NaN,19860.0,NaN,20350.0,NaN,20610.0,NaN
A,CLV10_EUR_HAB,P31_S14_S15,IS,19300.0,p,20560.0,p,21600.0,p,21180.0,p,20990.0,p
A,CLV10_EUR_HAB,P31_S14_S15,IT,14510.0,NaN,15440.0,NaN,16280.0,NaN,16380.0,NaN,16480.0,p
A,CLV10_EUR_HAB,P31_S14_S15,LT,8360.0,NaN,9040.0,NaN,9130.0,NaN,8990.0,NaN,9220.0,NaN
A,CLV10_EUR_HAB,P31_S14_S15,LU,26630.0,NaN,29210.0,NaN,30460.0,NaN,31030.0,NaN,31530.0,p
A,CLV10_EUR_HAB,P31_S14_S15,LV,7120.0,NaN,7760.0,NaN,8150.0,NaN,8100.0,NaN,8180.0,NaN
A,CLV10_EUR_HAB,P31_S14_S15,ME,4730.0,NaN,5000.0,NaN,5690.0,NaN,6100.0,NaN,6730.0,NaN
A,CLV10_EUR_HAB,P31_S14_S15,MK,3310.0,e,3630.0,e,3850.0,e,3920.0,e,4010.0,e
A,CLV10_EUR_HAB,P31_S14_S15,MT,10330.0,NaN,11420.0,NaN,12190.0,NaN,13240.0,NaN,13670.0,NaN
A,CLV10_EUR_HAB,P31_S14_S15,NL,17090.0,NaN,17760.0,NaN,18810.0,NaN,18760.0,p,18850.0,p
A,CLV10_EUR_HAB,P31_S14_S15,NO,28650.0,NaN,29940.0,NaN,32000.0,NaN,31250.0,NaN,31390.0,NaN
A,CLV10_EUR_HAB,P31_S14_S15,PL,7740.0,b,8270.0,NaN,8510.0,b,8520.0,NaN,8800.0,NaN
A,CLV10_EUR_HAB,P31_S14_S15,PT,11030.0,NaN,11550.0,NaN,12120.0,NaN,12280.0,NaN,12510.0,p
A,CLV10_EUR_HAB,P31_S14_S15,RO,6150.0,NaN,6630.0,NaN,7020.0,NaN,7200.0,NaN,7610.0,p
A,CLV10_EUR_HAB,P31_S14_S15,RS,3620.0,NaN,3940.0,NaN,4180.0,NaN,4220.0,p,4470.0,p
A,CLV10_EUR_HAB,P31_S14_S15,SE,20150.0,NaN,21160.0,NaN,21520.0,NaN,21030.0,NaN,21100.0,NaN
A,CLV10_EUR_HAB,P31_S14_S15,SI,10210.0,NaN,11330.0,NaN,11770.0,NaN,11700.0,NaN,12110.0,NaN
A,CLV10_EUR_HAB,P31_S14_S15,SK,8530.0,NaN,8820.0,b,9230.0,NaN,8960.0,NaN,9270.0,NaN
A,CLV10_EUR_HAB,P31_S14_S15,TR,6680.0,NaN,7660.0,NaN,8810.0,NaN,9690.0,NaN,,NaN
A,CLV10_EUR_HAB,P31_S14_S15,UK,,NaN,,NaN,,NaN,,NaN,,NaN
A,CLV10_EUR_HAB,P31_S15,AL,30.0,NaN,40.0,NaN,40.0,NaN,,NaN,,NaN
A,CLV10_EUR_HAB,P31_S15,AT,720.0,NaN,790.0,NaN,760.0,NaN,800.0,NaN,820.0,NaN
A,CLV10_EUR_HAB,P31_S15,BE,340.0,NaN,370.0,NaN,400.0,NaN,410.0,NaN,410.0,p
A,CLV10_EUR_HAB,P31_S15,BG,50.0,NaN,50.0,NaN,60.0,NaN,60.0,NaN,60.0,NaN
A,CLV10_EUR_HAB,P31_S15,CH,1320.0,NaN,1370.0,NaN,1370.0,NaN,1390.0,NaN,,NaN
A,CLV10_EUR_HAB,P31_S15,CY,240.0,NaN,280.0,NaN,280.0,NaN,290.0,NaN,310.0,p
A,CLV10_EUR_HAB,P31_S15,CZ,160.0,NaN,180.0,NaN,190.0,NaN,200.0,NaN,220.0,NaN
A,CLV10_EUR_HAB,P31_S15,DE,510.0,NaN,510.0,NaN,530.0,p,520.0,p,530.0,p
A,CLV10_EUR_HAB,P31_S15,DK,690.0,NaN,690.0,NaN,710.0,NaN,720.0,NaN,700.0,NaN
A,CLV10_EUR_HAB,P31_S15,EA,400.0,NaN,420.0,NaN,440.0,NaN,440.0,NaN,450.0,NaN
A,CLV10_EUR_HAB,P31_S15,EA12,420.0,NaN,430.0,NaN,450.0,NaN,450.0,NaN,460.0,NaN
A,CLV10_EUR_HAB,P31_S15,EA19,400.0,NaN,420.0,NaN,440.0,NaN,440.0,NaN,450.0,NaN
A,CLV10_EUR_HAB,P31_S15,EA20,400.0,NaN,420.0,NaN,430.0,NaN,440.0,NaN,450.0,NaN
A,CLV10_EUR_HAB,P31_S15,EE,310.0,NaN,330.0,NaN,310.0,NaN,320.0,NaN,330.0,NaN
A,CLV10_EUR_HAB,P31_S15,EL,240.0,p,240.0,p,240.0,p,240.0,p,240.0,p
A,CLV10_EUR_HAB,P31_S15,ES,270.0,NaN,270.0,NaN,290.0,NaN,310.0,p,320.0,p
A,CLV10_EUR_HAB,P31_S15,EU27_2020,360.0,b,370.0,NaN,380.0,NaN,390.0,NaN,400.0,NaN
A,CLV10_EUR_HAB,P31_S15,FI,730.0,NaN,710.0,NaN,720.0,NaN,680.0,NaN,690.0,NaN
A,CLV10_EUR_HAB,P31_S15,FR,660.0,NaN,700.0,NaN,740.0,NaN,750.0,p,760.0,p
A,CLV10_EUR_HAB,P31_S15,HR,160.0,NaN,170.0,NaN,180.0,NaN,190.0,NaN,210.0,p
A,CLV10_EUR_HAB,P31_S15,HU,280.0,NaN,290.0,NaN,340.0,NaN,360.0,NaN,360.0,p
A,CLV10_EUR_HAB,P31_S15,IE,320.0,NaN,300.0,NaN,310.0,NaN,330.0,NaN,450.0,NaN
A,CLV10_EUR_HAB,P31_S15,IS,660.0,p,660.0,p,660.0,p,660.0,p,660.0,p
A,CLV10_EUR_HAB,P31_S15,IT,120.0,NaN,140.0,NaN,140.0,NaN,150.0,NaN,150.0,p
A,CLV10_EUR_HAB,P31_S15,LT,30.0,NaN,30.0,NaN,30.0,NaN,30.0,NaN,30.0,NaN
A,CLV10_EUR_HAB,P31_S15,LU,1520.0,NaN,1780.0,NaN,1920.0,NaN,2010.0,NaN,2030.0,p
A,CLV10_EUR_HAB,P31_S15,LV,140.0,NaN,160.0,NaN,150.0,NaN,140.0,NaN,130.0,i
A,CLV10_EUR_HAB,P31_S15,ME,80.0,NaN,90.0,NaN,100.0,NaN,110.0,NaN,110.0,NaN
A,CLV10_EUR_HAB,P31_S15,MK,40.0,e,50.0,e,50.0,e,60.0,e,60.0,e
A,CLV10_EUR_HAB,P31_S15,MT,390.0,NaN,430.0,NaN,450.0,NaN,460.0,NaN,490.0,NaN
A,CLV10_EUR_HAB,P31_S15,NL,340.0,NaN,360.0,NaN,350.0,NaN,360.0,p,360.0,p
A,CLV10_EUR_HAB,P31_S15,NO,1460.0,NaN,1520.0,NaN,1730.0,NaN,1730.0,NaN,1710.0,NaN
A,CLV10_EUR_HAB,P31_S15,PL,120.0,b,130.0,NaN,140.0,b,150.0,NaN,160.0,NaN
A,CLV10_EUR_HAB,P31_S15,PT,320.0,NaN,320.0,NaN,350.0,NaN,360.0,NaN,370.0,p
A,CLV10_EUR_HAB,P31_S15,RO,60.0,NaN,50.0,NaN,50.0,NaN,50.0,NaN,60.0,p
A,CLV10_EUR_HAB,P31_S15,RS,60.0,NaN,70.0,NaN,70.0,NaN,70.0,p,70.0,p
A,CLV10_EUR_HAB,P31_S15,SE,480.0,NaN,500.0,NaN,480.0,NaN,500.0,NaN,510.0,NaN
A,CLV10_EUR_HAB,P31_S15,SI,180.0,NaN,200.0,NaN,250.0,NaN,250.0,NaN,260.0,NaN
A,CLV10_EUR_HAB,P31_S15,SK,130.0,NaN,140.0,b,160.0,NaN,170.0,NaN,160.0,NaN
A,CLV10_EUR_HAB,P31_S15,TR,50.0,NaN,50.0,NaN,50.0,NaN,60.0,NaN,,NaN
A,CLV10_EUR_HAB,P31_S15,UK,,NaN,,NaN,,NaN,,NaN,,NaN
A,CLV10_EUR_HAB,P32_S13,AL,310.0,NaN,310.0,NaN,320.0,NaN,,NaN,,NaN
A,CLV10_EUR_HAB,P32_S13,AT,2780.0,NaN,2820.0,NaN,2800.0,NaN,2840.0,NaN,2950.0,NaN
A,CLV10_EUR_HAB,P32_S13,BE,2890.0,NaN,2950.0,NaN,3000.0,NaN,3010.0,NaN,3040.0,p
A,CLV10_EUR_HAB,P32_S13,BG,630.0,NaN,610.0,NaN,690.0,NaN,690.0,NaN,710.0,NaN
A,CLV10_EUR_HAB,P32_S13,CH,2900.0,NaN,2860.0,NaN,2920.0,NaN,2880.0,NaN,,NaN
A,CLV10_EUR_HAB,P32_S13,CY,2100.0,NaN,2120.0,NaN,2200.0,NaN,2290.0,NaN,2210.0,p
A,CLV10_EUR_HAB,P32_S13,CZ,1630.0,NaN,1600.0,NaN,1560.0,NaN,1590.0,NaN,1630.0,NaN
A,CLV10_EUR_HAB,P32_S13,DE,3000.0,NaN,3060.0,NaN,3000.0,p,3060.0,p,3110.0,p
A,CLV10_EUR_HAB,P32_S13,DK,3490.0,NaN,3560.0,NaN,3480.0,NaN,3540.0,NaN,3630.0,NaN
A,CLV10_EUR_HAB,P32_S13,EA,2540.0,NaN,2590.0,NaN,2600.0,NaN,2630.0,NaN,2680.0,NaN
A,CLV10_EUR_HAB,P32_S13,EA12,2590.0,NaN,2650.0,NaN,2660.0,NaN,2700.0,NaN,2750.0,NaN
A,CLV10_EUR_HAB,P32_S13,EA19,2540.0,NaN,2590.0,NaN,2600.0,NaN,2640.0,NaN,2690.0,NaN
A,CLV10_EUR_HAB,P32_S13,EA20,2530.0,NaN,2580.0,NaN,2590.0,NaN,2630.0,NaN,2680.0,NaN
A,CLV10_EUR_HAB,P32_S13,EE,1280.0,NaN,1300.0,NaN,1260.0,NaN,1260.0,NaN,1270.0,NaN
A,CLV10_EUR_HAB,P32_S13,EL,2060.0,p,2090.0,p,2080.0,p,2130.0,p,2090.0,p
A,CLV10_EUR_HAB,P32_S13,ES,1960.0,NaN,2000.0,NaN,2040.0,NaN,2110.0,p,2120.0,p
A,CLV10_EUR_HAB,P32_S13,EU27_2020,2280.0,b,2330.0,NaN,2330.0,NaN,2380.0,NaN,2430.0,NaN
A,CLV10_EUR_HAB,P32_S13,FI,2880.0,NaN,3000.0,NaN,2970.0,NaN,2630.0,b,2650.0,NaN
A,CLV10_EUR_HAB,P32_S13,FR,2790.0,NaN,2870.0,NaN,2940.0,NaN,3000.0,p,3040.0,p
A,CLV10_EUR_HAB,P32_S13,HR,1420.0,NaN,1470.0,NaN,1520.0,NaN,1640.0,NaN,1730.0,p
A,CLV10_EUR_HAB,P32_S13,HU,1630.0,NaN,1670.0,NaN,1690.0,NaN,1750.0,NaN,1680.0,p
A,CLV10_EUR_HAB,P32_S13,IE,2830.0,NaN,3010.0,NaN,3010.0,NaN,3060.0,NaN,3200.0,NaN
A,CLV10_EUR_HAB,P32_S13,IS,3550.0,p,3580.0,p,3560.0,p,3550.0,p,3550.0,p
A,CLV10_EUR_HAB,P32_S13,IT,2170.0,NaN,2170.0,NaN,2210.0,NaN,2210.0,NaN,2280.0,p
A,CLV10_EUR_HAB,P32_S13,LT,920.0,NaN,940.0,NaN,940.0,NaN,930.0,NaN,940.0,NaN
A,CLV10_EUR_HAB,P32_S13,LU,5870.0,NaN,6020.0,NaN,6100.0,NaN,6220.0,NaN,6390.0,p
A,CLV10_EUR_HAB,P32_S13,LV,1410.0,NaN,1460.0,NaN,1550.0,NaN,1540.0,NaN,1570.0,NaN
A,CLV10_EUR_HAB,P32_S13,ME,730.0,NaN,690.0,NaN,720.0,NaN,720.0,NaN,740.0,NaN
A,CLV10_EUR_HAB,P32_S13,MT,2000.0,NaN,2040.0,NaN,2070.0,NaN,2070.0,NaN,2190.0,NaN
A,CLV10_EUR_HAB,P32_S13,NL,3390.0,NaN,3500.0,NaN,3550.0,NaN,3710.0,p,3900.0,p
A,CLV10_EUR_HAB,P32_S13,NO,5440.0,NaN,5530.0,NaN,5480.0,NaN,5660.0,NaN,5750.0,NaN
A,CLV10_EUR_HAB,P32_S13,PL,1100.0,b,1100.0,NaN,1110.0,b,1180.0,NaN,1260.0,NaN
A,CLV10_EUR_HAB,P32_S13,PT,1470.0,NaN,1430.0,NaN,1390.0,NaN,1390.0,NaN,1360.0,p
A,CLV10_EUR_HAB,P32_S13,RO,760.0,NaN,750.0,NaN,710.0,NaN,740.0,NaN,780.0,p
A,CLV10_EUR_HAB,P32_S13,RS,470.0,NaN,520.0,NaN,510.0,NaN,490.0,p,520.0,p
A,CLV10_EUR_HAB,P32_S13,SE,2870.0,NaN,2950.0,NaN,3000.0,NaN,3090.0,NaN,3160.0,NaN
A,CLV10_EUR_HAB,P32_S13,SI,1440.0,NaN,1510.0,NaN,1470.0,NaN,1550.0,NaN,1590.0,NaN
A,CLV10_EUR_HAB,P32_S13,SK,1480.0,NaN,1480.0,b,1310.0,NaN,1270.0,NaN,1350.0,NaN
A,CLV10_EUR_HAB,P32_S13,TR,480.0,NaN,470.0,NaN,520.0,NaN,480.0,NaN,,NaN
A,CLV10_EUR_HAB,P32_S13,UK,,NaN,,NaN,,NaN,,NaN,,NaN
A,CLV10_EUR_HAB,P3_S13,AL,530.0,NaN,540.0,NaN,560.0,NaN,,NaN,,NaN
A,CLV10_EUR_HAB,P3_S13,AT,7220.0,NaN,7750.0,NaN,7670.0,NaN,7650.0,NaN,7900.0,NaN
A,CLV10_EUR_HAB,P3_S13,BE,8010.0,NaN,8310.0,NaN,8500.0,NaN,8660.0,NaN,8760.0,p
A,CLV10_EUR_HAB,P3_S13,BG,1230.0,NaN,1250.0,NaN,1350.0,NaN,1370.0,NaN,1420.0,NaN
A,CLV10_EUR_HAB,P3_S13,CH,6630.0,NaN,6780.0,NaN,6640.0,NaN,6650.0,NaN,6700.0,NaN
A,CLV10_EUR_HAB,P3_S13,CY,4650.0,NaN,4990.0,NaN,5130.0,NaN,5210.0,NaN,5210.0,p
A,CLV10_EUR_HAB,P3_S13,CZ,3570.0,NaN,3620.0,NaN,3550.0,NaN,3620.0,NaN,3730.0,NaN
A,CLV10_EUR_HAB,P3_S13,DE,7820.0,NaN,8080.0,NaN,8080.0,p,7990.0,p,8170.0,p
A,CLV10_EUR_HAB,P3_S13,DK,12000.0,NaN,12530.0,NaN,12130.0,NaN,12070.0,NaN,12130.0,NaN
A,CLV10_EUR_HAB,P3_S13,EA,6680.0,NaN,6960.0,NaN,7020.0,NaN,7040.0,NaN,7160.0,NaN
A,CLV10_EUR_HAB,P3_S13,EA12,6850.0,NaN,7140.0,NaN,7200.0,NaN,7260.0,NaN,7390.0,NaN
A,CLV10_EUR_HAB,P3_S13,EA19,6680.0,NaN,6960.0,NaN,7020.0,NaN,7080.0,NaN,7200.0,NaN
A,CLV10_EUR_HAB,P3_S13,EA20,6640.0,NaN,6920.0,NaN,6980.0,NaN,7040.0,NaN,7160.0,NaN
A,CLV10_EUR_HAB,P3_S13,EE,2790.0,NaN,2900.0,NaN,2850.0,NaN,2800.0,NaN,2830.0,NaN
A,CLV10_EUR_HAB,P3_S13,EL,3980.0,p,4070.0,p,4090.0,p,4220.0,p,4120.0,p
A,CLV10_EUR_HAB,P3_S13,ES,4910.0,NaN,5090.0,NaN,5080.0,NaN,5250.0,p,5340.0,p
A,CLV10_EUR_HAB,P3_S13,EU27_2020,5970.0,b,6220.0,NaN,6250.0,NaN,6320.0,NaN,6450.0,NaN
A,CLV10_EUR_HAB,P3_S13,FI,8790.0,NaN,9140.0,NaN,9060.0,NaN,9260.0,NaN,9350.0,NaN
A,CLV10_EUR_HAB,P3_S13,FR,7710.0,NaN,8180.0,NaN,8370.0,NaN,8460.0,p,8560.0,p
A,CLV10_EUR_HAB,P3_S13,HR,3010.0,NaN,3120.0,NaN,3210.0,NaN,3420.0,NaN,3660.0,p
A,CLV10_EUR_HAB,P3_S13,HU,2690.0,NaN,2760.0,NaN,2850.0,NaN,2940.0,NaN,2900.0,p
A,CLV10_EUR_HAB,P3_S13,IE,8580.0,NaN,9070.0,NaN,9210.0,NaN,9620.0,NaN,9920.0,NaN
A,CLV10_EUR_HAB,P3_S13,IS,8680.0,p,8760.0,p,8710.0,p,8700.0,p,8700.0,p
A,CLV10_EUR_HAB,P3_S13,IT,5360.0,NaN,5510.0,NaN,5570.0,NaN,5630.0,NaN,5680.0,p
A,CLV10_EUR_HAB,P3_S13,LT,2000.0,NaN,2020.0,NaN,2040.0,NaN,2010.0,NaN,2030.0,NaN
A,CLV10_EUR_HAB,P3_S13,LU,14850.0,NaN,15320.0,NaN,15600.0,NaN,15550.0,NaN,16060.0,p
A,CLV10_EUR_HAB,P3_S13,LV,2240.0,NaN,2340.0,NaN,2350.0,NaN,2410.0,NaN,2420.0,NaN
A,CLV10_EUR_HAB,P3_S13,ME,1320.0,NaN,1290.0,NaN,1320.0,NaN,1360.0,NaN,1380.0,NaN
A,CLV10_EUR_HAB,P3_S13,MK,830.0,e,840.0,e,810.0,e,800.0,e,810.0,e
A,CLV10_EUR_HAB,P3_S13,MT,4880.0,NaN,5130.0,NaN,4990.0,NaN,4980.0,NaN,5280.0,NaN
A,CLV10_EUR_HAB,P3_S13,NL,10460.0,NaN,10890.0,NaN,10920.0,NaN,11110.0,p,11440.0,p
A,CLV10_EUR_HAB,P3_S13,NO,14770.0,NaN,15220.0,NaN,15360.0,NaN,15690.0,NaN,15910.0,NaN
A,CLV10_EUR_HAB,P3_S13,PL,2400.0,b,2540.0,NaN,2500.0,b,2620.0,NaN,2860.0,NaN
A,CLV10_EUR_HAB,P3_S13,PT,3380.0,NaN,3500.0,NaN,3540.0,NaN,3560.0,NaN,3580.0,p
A,CLV10_EUR_HAB,P3_S13,RO,1280.0,NaN,1290.0,NaN,1280.0,NaN,1330.0,NaN,1340.0,p
A,CLV10_EUR_HAB,P3_S13,RS,1070.0,NaN,1130.0,NaN,1170.0,NaN,1150.0,p,1200.0,p
A,CLV10_EUR_HAB,P3_S13,SE,9980.0,NaN,10260.0,NaN,10220.0,NaN,10260.0,NaN,10350.0,NaN
A,CLV10_EUR_HAB,P3_S13,SI,3840.0,NaN,4070.0,NaN,4040.0,NaN,4100.0,NaN,4390.0,NaN
A,CLV10_EUR_HAB,P3_S13,SK,2820.0,NaN,2940.0,b,2840.0,NaN,2770.0,NaN,2880.0,NaN
A,CLV10_EUR_HAB,P3_S13,TR,1700.0,NaN,1750.0,NaN,1810.0,NaN,1840.0,NaN,,NaN
A,CLV10_EUR_HAB,P3_S13,UK,,NaN,,NaN,,NaN,,NaN,,NaN
A,CLV10_EUR_HAB,P41,AL,3020.0,NaN,3190.0,NaN,3410.0,NaN,,NaN,,NaN
A,CLV10_EUR_HAB,P41,AT,21980.0,NaN,23270.0,NaN,23960.0,NaN,23700.0,NaN,23930.0,NaN
A,CLV10_EUR_HAB,P41,BE,22450.0,NaN,23580.0,NaN,24240.0,NaN,24420.0,NaN,24780.0,p
A,CLV10_EUR_HAB,P41,BG,5160.0,NaN,5610.0,NaN,5870.0,NaN,5960.0,NaN,6250.0,NaN
A,CLV10_EUR_HAB,P41,CH,34730.0,NaN,35390.0,NaN,36230.0,NaN,36270.0,NaN,,NaN
A,CLV10_EUR_HAB,P41,CY,17470.0,NaN,18250.0,NaN,19620.0,NaN,20290.0,NaN,20770.0,p
A,CLV10_EUR_HAB,P41,CZ,10590.0,NaN,11030.0,NaN,10820.0,NaN,10550.0,NaN,10810.0,NaN
A,CLV10_EUR_HAB,P41,DE,23600.0,NaN,24210.0,NaN,25360.0,p,24900.0,p,25080.0,p
A,CLV10_EUR_HAB,P41,DK,31560.0,NaN,33220.0,NaN,32150.0,NaN,31280.0,NaN,31350.0,NaN
A,CLV10_EUR_HAB,P41,EA,19780.0,NaN,20730.0,NaN,21560.0,NaN,21430.0,NaN,21650.0,NaN
A,CLV10_EUR_HAB,P41,EA12,20210.0,NaN,21170.0,NaN,22020.0,NaN,22010.0,NaN,22220.0,NaN
A,CLV10_EUR_HAB,P41,EA19,19780.0,NaN,20730.0,NaN,21560.0,NaN,21550.0,NaN,21770.0,NaN
A,CLV10_EUR_HAB,P41,EA20,19660.0,NaN,20610.0,NaN,21440.0,NaN,21430.0,NaN,21650.0,NaN
A,CLV10_EUR_HAB,P41,EE,9860.0,NaN,10530.0,NaN,10760.0,NaN,10360.0,NaN,10340.0,NaN
A,CLV10_EUR_HAB,P41,EL,13400.0,p,14120.0,p,15360.0,p,15780.0,p,16090.0,p
A,CLV10_EUR_HAB,P41,ES,15100.0,NaN,16100.0,NaN,16570.0,NaN,16740.0,p,17100.0,p
A,CLV10_EUR_HAB,P41,EU27_2020,17860.0,b,18760.0,NaN,19430.0,NaN,19430.0,NaN,19690.0,NaN
A,CLV10_EUR_HAB,P41,FI,24570.0,NaN,25370.0,NaN,25430.0,NaN,25890.0,NaN,25740.0,NaN
A,CLV10_EUR_HAB,P41,FR,21740.0,NaN,22940.0,NaN,23580.0,NaN,23690.0,p,23900.0,p
A,CLV10_EUR_HAB,P41,HR,8740.0,NaN,9650.0,NaN,10270.0,NaN,10630.0,NaN,11290.0,p
A,CLV10_EUR_HAB,P41,HU,8070.0,NaN,8490.0,NaN,9110.0,NaN,8990.0,NaN,9460.0,p
A,CLV10_EUR_HAB,P41,IE,22720.0,NaN,24350.0,NaN,26040.0,NaN,26880.0,NaN,27300.0,NaN
A,CLV10_EUR_HAB,P41,IS,24480.0,p,25730.0,p,26660.0,p,26270.0,p,26080.0,p
A,CLV10_EUR_HAB,P41,IT,17670.0,NaN,18750.0,NaN,19630.0,NaN,19780.0,NaN,19870.0,p
A,CLV10_EUR_HAB,P41,LT,9420.0,NaN,10080.0,NaN,10190.0,NaN,10030.0,NaN,10260.0,NaN
A,CLV10_EUR_HAB,P41,LU,35700.0,NaN,38560.0,NaN,40000.0,NaN,40370.0,NaN,41220.0,p
A,CLV10_EUR_HAB,P41,LV,7970.0,NaN,8640.0,NaN,8920.0,NaN,8950.0,NaN,9010.0,NaN
A,CLV10_EUR_HAB,P41,ME,5320.0,NaN,5600.0,NaN,6270.0,NaN,6700.0,NaN,7320.0,NaN
A,CLV10_EUR_HAB,P41,MT,13180.0,NaN,14470.0,NaN,15080.0,NaN,16120.0,NaN,16730.0,NaN
A,CLV10_EUR_HAB,P41,NL,24150.0,NaN,25140.0,NaN,26180.0,NaN,26160.0,p,26390.0,p
A,CLV10_EUR_HAB,P41,NO,38020.0,NaN,39650.0,NaN,41810.0,NaN,41270.0,NaN,41560.0,NaN
A,CLV10_EUR_HAB,P41,PL,9060.0,b,9710.0,NaN,9890.0,b,9970.0,NaN,10410.0,NaN
A,CLV10_EUR_HAB,P41,PT,12950.0,NaN,13610.0,NaN,14260.0,NaN,14450.0,NaN,14730.0,p
A,CLV10_EUR_HAB,P41,RO,6670.0,NaN,7150.0,NaN,7560.0,NaN,7750.0,NaN,8120.0,p
A,CLV10_EUR_HAB,P41,RS,4220.0,NaN,4550.0,NaN,4840.0,NaN,4890.0,p,5160.0,p
A,CLV10_EUR_HAB,P41,SE,27240.0,NaN,28430.0,NaN,28660.0,NaN,28140.0,NaN,28240.0,NaN
A,CLV10_EUR_HAB,P41,SI,12610.0,NaN,13890.0,NaN,14330.0,NaN,14240.0,NaN,14920.0,NaN
A,CLV10_EUR_HAB,P41,SK,9870.0,NaN,10290.0,b,10790.0,NaN,10500.0,NaN,10830.0,NaN
A,CLV10_EUR_HAB,P41,TR,7920.0,NaN,8980.0,NaN,10150.0,NaN,11150.0,NaN,,NaN
A,CLV10_EUR_HAB,P41,UK,,NaN,,NaN,,NaN,,NaN,,NaN
A,CLV15_EUR_HAB,B1GQ,AL,4000.0,NaN,4400.0,NaN,4670.0,NaN,,NaN,,NaN
A,CLV15_EUR_HAB,B1GQ,AT,39140.0,NaN,40910.0,NaN,42610.0,NaN,41910.0,NaN,41420.0,NaN
A,CLV15_EUR_HAB,B1GQ,BE,36740.0,NaN,38880.0,NaN,40100.0,NaN,40440.0,NaN,40650.0,p
A,CLV15_EUR_HAB,B1GQ,BG,7610.0,NaN,8260.0,NaN,8660.0,NaN,8830.0,NaN,9140.0,NaN
A,CLV15_EUR_HAB,B1GQ,CH,76220.0,NaN,79870.0,NaN,81600.0,NaN,80940.0,NaN,81080.0,NaN
A,CLV15_EUR_HAB,B1GQ,CY,24240.0,NaN,26600.0,NaN,28270.0,NaN,28740.0,NaN,29400.0,p
A,CLV15_EUR_HAB,B1GQ,CZ,17670.0,NaN,18380.0,NaN,18450.0,NaN,18260.0,NaN,18450.0,NaN
A,CLV15_EUR_HAB,B1GQ,DE,38670.0,NaN,40250.0,NaN,40710.0,p,39990.0,p,39680.0,p
A,CLV15_EUR_HAB,B1GQ,DK,50470.0,NaN,53520.0,NaN,53290.0,NaN,53230.0,NaN,54820.0,NaN
A,CLV15_EUR_HAB,B1GQ,EA,31540.0,NaN,33550.0,NaN,34590.0,NaN,34310.0,NaN,34480.0,NaN
A,CLV15_EUR_HAB,B1GQ,EA12,32200.0,NaN,34230.0,NaN,35310.0,NaN,35240.0,NaN,35390.0,NaN
A,CLV15_EUR_HAB,B1GQ,EA19,31540.0,NaN,33550.0,NaN,34590.0,NaN,34520.0,NaN,34690.0,NaN
A,CLV15_EUR_HAB,B1GQ,EA20,31320.0,NaN,33320.0,NaN,34370.0,NaN,34310.0,NaN,34480.0,NaN
A,CLV15_EUR_HAB,B1GQ,EE,17990.0,NaN,19450.0,NaN,19190.0,NaN,18200.0,NaN,18070.0,NaN
A,CLV15_EUR_HAB,B1GQ,EL,15760.0,p,17220.0,p,18270.0,p,18720.0,p,19140.0,p
A,CLV15_EUR_HAB,B1GQ,ES,22610.0,NaN,24120.0,NaN,25420.0,NaN,25740.0,p,26350.0,p
A,CLV15_EUR_HAB,B1GQ,EU27_2020,28450.0,b,30280.0,NaN,31160.0,NaN,31150.0,NaN,31380.0,NaN
A,CLV15_EUR_HAB,B1GQ,FI,40270.0,NaN,41270.0,NaN,41470.0,NaN,40930.0,NaN,40780.0,NaN
A,CLV15_EUR_HAB,B1GQ,FR,32170.0,NaN,34230.0,NaN,35030.0,NaN,35440.0,p,35770.0,p
A,CLV15_EUR_HAB,B1GQ,HR,12100.0,NaN,13750.0,NaN,14820.0,NaN,15370.0,NaN,15910.0,p
A,CLV15_EUR_HAB,B1GQ,HU,13210.0,NaN,14230.0,NaN,14860.0,NaN,14760.0,NaN,14880.0,p
A,CLV15_EUR_HAB,B1GQ,IE,73020.0,NaN,83930.0,NaN,88360.0,NaN,84560.0,NaN,85320.0,NaN
A,CLV15_EUR_HAB,B1GQ,IS,48670.0,p,50430.0,p,53610.0,p,55000.0,p,53460.0,p
A,CLV15_EUR_HAB,B1GQ,IT,26560.0,NaN,29080.0,NaN,30550.0,NaN,30860.0,NaN,31090.0,p
A,CLV15_EUR_HAB,B1GQ,LT,15720.0,NaN,16740.0,NaN,17010.0,NaN,16900.0,NaN,17310.0,NaN
A,CLV15_EUR_HAB,B1GQ,LU,94770.0,NaN,99760.0,NaN,96540.0,NaN,94830.0,NaN,93670.0,p
A,CLV15_EUR_HAB,B1GQ,LV,13430.0,NaN,14480.0,NaN,14750.0,NaN,14640.0,NaN,14770.0,NaN
A,CLV15_EUR_HAB,B1GQ,ME,5720.0,NaN,6490.0,NaN,7010.0,NaN,7460.0,NaN,7700.0,NaN
A,CLV15_EUR_HAB,B1GQ,MK,5170.0,e,5470.0,e,5630.0,e,5790.0,e,5980.0,e
A,CLV15_EUR_HAB,B1GQ,MT,25120.0,NaN,28330.0,NaN,28280.0,NaN,30070.0,NaN,31230.0,NaN
A,CLV15_EUR_HAB,B1GQ,NL,42440.0,NaN,44870.0,NaN,46670.0,NaN,45930.0,p,46130.0,p
A,CLV15_EUR_HAB,B1GQ,NO,67840.0,NaN,70120.0,NaN,71740.0,NaN,70980.0,NaN,71790.0,NaN
A,CLV15_EUR_HAB,B1GQ,PL,13720.0,b,14750.0,NaN,15190.0,b,15290.0,NaN,15800.0,NaN
A,CLV15_EUR_HAB,B1GQ,PT,17680.0,NaN,18620.0,NaN,19800.0,NaN,20200.0,NaN,20410.0,p
A,CLV15_EUR_HAB,B1GQ,RO,9760.0,NaN,10390.0,NaN,10880.0,NaN,11120.0,NaN,11220.0,p
A,CLV15_EUR_HAB,B1GQ,RS,6170.0,NaN,6730.0,NaN,7090.0,NaN,7400.0,p,7730.0,p
A,CLV15_EUR_HAB,B1GQ,SE,46550.0,NaN,48690.0,NaN,48780.0,NaN,48350.0,NaN,48600.0,NaN
A,CLV15_EUR_HAB,B1GQ,SI,20560.0,NaN,22230.0,NaN,22810.0,NaN,23230.0,NaN,23560.0,NaN
A,CLV15_EUR_HAB,B1GQ,SK,16010.0,NaN,16970.0,b,17010.0,NaN,17370.0,NaN,17700.0,NaN
A,CLV15_EUR_HAB,B1GQ,TR,11090.0,NaN,12290.0,NaN,12830.0,NaN,13430.0,NaN,,NaN
A,CLV15_EUR_HAB,B1GQ,UK,,NaN,,NaN,,NaN,,NaN,,NaN
A,CLV15_EUR_HAB,P3,AL,3500.0,NaN,3690.0,NaN,3930.0,NaN,,NaN,,NaN
A,CLV15_EUR_HAB,P3,AT,27500.0,NaN,28970.0,NaN,29710.0,NaN,29470.0,NaN,29840.0,NaN
A,CLV15_EUR_HAB,P3,BE,27490.0,NaN,28780.0,NaN,29550.0,NaN,29770.0,NaN,30180.0,p
A,CLV15_EUR_HAB,P3,BG,6360.0,NaN,6820.0,NaN,7210.0,NaN,7310.0,NaN,7650.0,NaN
A,CLV15_EUR_HAB,P3,CH,47650.0,NaN,48430.0,NaN,49570.0,NaN,49570.0,NaN,49900.0,NaN
A,CLV15_EUR_HAB,P3,CY,19550.0,NaN,20360.0,NaN,21790.0,NaN,22550.0,NaN,22950.0,p
A,CLV15_EUR_HAB,P3,CZ,12000.0,NaN,12400.0,NaN,12160.0,NaN,11920.0,NaN,12220.0,NaN
A,CLV15_EUR_HAB,P3,DE,28570.0,NaN,29280.0,NaN,30460.0,p,30030.0,p,30280.0,p
A,CLV15_EUR_HAB,P3,DK,36460.0,NaN,38260.0,NaN,37070.0,NaN,36220.0,NaN,36390.0,NaN
A,CLV15_EUR_HAB,P3,EA,23590.0,NaN,24650.0,NaN,25530.0,NaN,25420.0,NaN,25710.0,NaN
A,CLV15_EUR_HAB,P3,EA12,24090.0,NaN,25160.0,NaN,26070.0,NaN,26110.0,NaN,26380.0,NaN
A,CLV15_EUR_HAB,P3,EA19,23590.0,NaN,24650.0,NaN,25530.0,NaN,25570.0,NaN,25850.0,NaN
A,CLV15_EUR_HAB,P3,EA20,23440.0,NaN,24500.0,NaN,25380.0,NaN,25420.0,NaN,25710.0,NaN
A,CLV15_EUR_HAB,P3,EE,12990.0,NaN,13780.0,NaN,13990.0,NaN,13530.0,NaN,13520.0,NaN
A,CLV15_EUR_HAB,P3,EL,14750.0,p,15470.0,p,16650.0,p,17100.0,p,17360.0,p
A,CLV15_EUR_HAB,P3,ES,17700.0,NaN,18780.0,NaN,19310.0,NaN,19560.0,p,19950.0,p
A,CLV15_EUR_HAB,P3,EU27_2020,21260.0,b,22260.0,NaN,22970.0,NaN,23020.0,NaN,23350.0,NaN
A,CLV15_EUR_HAB,P3,FI,30570.0,NaN,31590.0,NaN,31620.0,NaN,31760.0,NaN,31610.0,NaN
A,CLV15_EUR_HAB,P3,FR,25430.0,NaN,26760.0,NaN,27480.0,NaN,27660.0,p,27910.0,p
A,CLV15_EUR_HAB,P3,HR,10240.0,NaN,11200.0,NaN,11880.0,NaN,12360.0,NaN,13110.0,p
A,CLV15_EUR_HAB,P3,HU,9530.0,NaN,9990.0,NaN,10620.0,NaN,10560.0,NaN,10960.0,p
A,CLV15_EUR_HAB,P3,IE,26810.0,NaN,28700.0,NaN,30480.0,NaN,31430.0,NaN,32000.0,NaN
A,CLV15_EUR_HAB,P3,IS,38020.0,p,39750.0,p,40980.0,p,40440.0,p,40190.0,p
A,CLV15_EUR_HAB,P3,IT,21010.0,NaN,22150.0,NaN,23110.0,NaN,23280.0,NaN,23450.0,p
A,CLV15_EUR_HAB,P3,LT,11250.0,NaN,11980.0,NaN,12100.0,NaN,11920.0,NaN,12170.0,NaN
A,CLV15_EUR_HAB,P3,LU,45690.0,NaN,48990.0,NaN,50650.0,NaN,51200.0,NaN,52320.0,p
A,CLV15_EUR_HAB,P3,LV,10460.0,NaN,11270.0,NaN,11680.0,NaN,11700.0,NaN,11800.0,NaN
A,CLV15_EUR_HAB,P3,ME,6420.0,NaN,6670.0,NaN,7430.0,NaN,7890.0,NaN,8580.0,NaN
A,CLV15_EUR_HAB,P3,MK,4570.0,e,4950.0,e,5150.0,e,5220.0,e,5330.0,e
A,CLV15_EUR_HAB,P3,MT,16250.0,NaN,17680.0,NaN,18350.0,NaN,19480.0,NaN,20260.0,NaN
A,CLV15_EUR_HAB,P3,NL,29150.0,NaN,30310.0,NaN,31470.0,NaN,31620.0,p,32050.0,p
A,CLV15_EUR_HAB,P3,NO,43810.0,NaN,45560.0,NaN,47670.0,NaN,47320.0,NaN,47710.0,NaN
A,CLV15_EUR_HAB,P3,PL,10480.0,b,11150.0,NaN,11350.0,b,11500.0,NaN,12040.0,NaN
A,CLV15_EUR_HAB,P3,PT,14870.0,NaN,15530.0,NaN,16160.0,NaN,16360.0,NaN,16610.0,p
A,CLV15_EUR_HAB,P3,RO,7960.0,NaN,8440.0,NaN,8810.0,NaN,9060.0,NaN,9490.0,p
A,CLV15_EUR_HAB,P3,RS,5210.0,NaN,5620.0,NaN,5930.0,NaN,5960.0,p,6290.0,p
A,CLV15_EUR_HAB,P3,SE,33110.0,NaN,34500.0,NaN,34820.0,NaN,34350.0,NaN,34530.0,NaN
A,CLV15_EUR_HAB,P3,SI,14600.0,NaN,15990.0,NaN,16390.0,NaN,16390.0,NaN,17130.0,NaN
A,CLV15_EUR_HAB,P3,SK,12240.0,NaN,12690.0,b,13000.0,NaN,12630.0,NaN,13090.0,NaN
A,CLV15_EUR_HAB,P3,TR,7960.0,NaN,8930.0,NaN,10080.0,NaN,10950.0,NaN,,NaN
A,CLV15_EUR_HAB,P3,UK,,NaN,,NaN,,NaN,,NaN,,NaN
A,CLV15_EUR_HAB,P31_S13,AL,230.0,NaN,250.0,NaN,260.0,NaN,,NaN,,NaN
A,CLV15_EUR_HAB,P31_S13,AT,4960.0,NaN,5490.0,NaN,5420.0,NaN,5360.0,NaN,5520.0,NaN
A,CLV15_EUR_HAB,P31_S13,BE,5610.0,NaN,5870.0,NaN,6030.0,NaN,6180.0,NaN,6260.0,p
A,CLV15_EUR_HAB,P31_S13,BG,710.0,NaN,740.0,NaN,780.0,NaN,790.0,NaN,830.0,NaN
A,CLV15_EUR_HAB,P31_S13,CH,5020.0,NaN,5280.0,NaN,5020.0,NaN,5070.0,NaN,,NaN
A,CLV15_EUR_HAB,P31_S13,CY,2340.0,NaN,2630.0,NaN,2690.0,NaN,2690.0,NaN,2750.0,p
A,CLV15_EUR_HAB,P31_S13,CZ,1960.0,NaN,2040.0,NaN,2000.0,NaN,2040.0,NaN,2110.0,NaN
A,CLV15_EUR_HAB,P31_S13,DE,5280.0,NaN,5500.0,NaN,5550.0,p,5390.0,p,5540.0,p
A,CLV15_EUR_HAB,P31_S13,DK,8380.0,NaN,8840.0,NaN,8510.0,NaN,8400.0,NaN,8360.0,NaN
A,CLV15_EUR_HAB,P31_S13,EA,4300.0,NaN,4540.0,NaN,4590.0,NaN,4570.0,NaN,4660.0,NaN
A,CLV15_EUR_HAB,P31_S13,EA12,4420.0,NaN,4670.0,NaN,4720.0,NaN,4740.0,NaN,4820.0,NaN
A,CLV15_EUR_HAB,P31_S13,EA19,4300.0,NaN,4540.0,NaN,4590.0,NaN,4610.0,NaN,4690.0,NaN
A,CLV15_EUR_HAB,P31_S13,EA20,4270.0,NaN,4510.0,NaN,4560.0,NaN,4570.0,NaN,4660.0,NaN
A,CLV15_EUR_HAB,P31_S13,EE,1880.0,NaN,1980.0,NaN,1970.0,NaN,1910.0,NaN,1930.0,NaN
A,CLV15_EUR_HAB,P31_S13,EL,1650.0,p,1710.0,p,1740.0,p,1810.0,p,1760.0,p
A,CLV15_EUR_HAB,P31_S13,ES,2920.0,NaN,3050.0,NaN,3010.0,NaN,3110.0,p,3190.0,p
A,CLV15_EUR_HAB,P31_S13,EU27_2020,3840.0,b,4060.0,NaN,4090.0,NaN,4110.0,NaN,4190.0,NaN
A,CLV15_EUR_HAB,P31_S13,FI,6760.0,NaN,7030.0,NaN,6980.0,NaN,7570.0,b,7650.0,NaN
A,CLV15_EUR_HAB,P31_S13,FR,4980.0,NaN,5380.0,NaN,5500.0,NaN,5540.0,p,5600.0,p
A,CLV15_EUR_HAB,P31_S13,HR,1540.0,NaN,1610.0,NaN,1640.0,NaN,1720.0,NaN,1870.0,p
A,CLV15_EUR_HAB,P31_S13,HU,1080.0,NaN,1110.0,NaN,1180.0,NaN,1210.0,NaN,1230.0,p
A,CLV15_EUR_HAB,P31_S13,IE,5910.0,NaN,6230.0,NaN,6370.0,NaN,6730.0,NaN,6900.0,NaN
A,CLV15_EUR_HAB,P31_S13,IS,7680.0,p,7750.0,p,7700.0,p,7690.0,p,7690.0,p
A,CLV15_EUR_HAB,P31_S13,IT,3180.0,NaN,3330.0,NaN,3350.0,NaN,3410.0,NaN,3400.0,p
A,CLV15_EUR_HAB,P31_S13,LT,1240.0,NaN,1250.0,NaN,1270.0,NaN,1250.0,NaN,1260.0,NaN
A,CLV15_EUR_HAB,P31_S13,LU,10280.0,NaN,10630.0,NaN,10860.0,NaN,10670.0,NaN,11050.0,p
A,CLV15_EUR_HAB,P31_S13,LV,1000.0,NaN,1050.0,NaN,990.0,NaN,1050.0,NaN,1050.0,NaN
A,CLV15_EUR_HAB,P31_S13,ME,580.0,NaN,590.0,NaN,590.0,NaN,620.0,NaN,630.0,NaN
A,CLV15_EUR_HAB,P31_S13,MT,2950.0,NaN,3170.0,NaN,3000.0,NaN,2990.0,NaN,3180.0,NaN
A,CLV15_EUR_HAB,P31_S13,NL,7310.0,NaN,7650.0,NaN,7620.0,NaN,7660.0,p,7810.0,p
A,CLV15_EUR_HAB,P31_S13,NO,10280.0,NaN,10670.0,NaN,10860.0,NaN,11040.0,NaN,11180.0,NaN
A,CLV15_EUR_HAB,P31_S13,PL,1370.0,b,1500.0,NaN,1450.0,b,1520.0,NaN,1670.0,NaN
A,CLV15_EUR_HAB,P31_S13,PT,1770.0,NaN,1920.0,NaN,1990.0,NaN,2010.0,NaN,2060.0,p
A,CLV15_EUR_HAB,P31_S13,RO,590.0,NaN,610.0,NaN,630.0,NaN,650.0,NaN,630.0,p
A,CLV15_EUR_HAB,P31_S13,RS,610.0,NaN,620.0,NaN,670.0,NaN,670.0,p,690.0,p
A,CLV15_EUR_HAB,P31_S13,SE,8430.0,NaN,8680.0,NaN,8570.0,NaN,8510.0,NaN,8550.0,NaN
A,CLV15_EUR_HAB,P31_S13,SI,2380.0,NaN,2540.0,NaN,2550.0,NaN,2520.0,NaN,2780.0,NaN
A,CLV15_EUR_HAB,P31_S13,SK,1470.0,NaN,1610.0,b,1700.0,NaN,1680.0,NaN,1700.0,NaN
A,CLV15_EUR_HAB,P31_S13,TR,1200.0,NaN,1280.0,NaN,1280.0,NaN,1390.0,NaN,,NaN
A,CLV15_EUR_HAB,P31_S13,UK,,NaN,,NaN,,NaN,,NaN,,NaN
A,CLV15_EUR_HAB,P31_S14,AL,2920.0,NaN,3080.0,NaN,3310.0,NaN,,NaN,,NaN
A,CLV15_EUR_HAB,P31_S14,AT,18740.0,NaN,19540.0,NaN,20420.0,NaN,20150.0,NaN,20230.0,NaN
A,CLV15_EUR_HAB,P31_S14,BE,18280.0,NaN,19200.0,NaN,19730.0,NaN,19760.0,NaN,20050.0,p
A,CLV15_EUR_HAB,P31_S14,BG,4900.0,NaN,5360.0,NaN,5600.0,NaN,5680.0,NaN,5970.0,NaN
A,CLV15_EUR_HAB,P31_S14,CH,37020.0,NaN,37540.0,NaN,38870.0,NaN,38840.0,NaN,,NaN
A,CLV15_EUR_HAB,P31_S14,CY,15000.0,NaN,15440.0,NaN,16770.0,NaN,17450.0,NaN,17850.0,p
A,CLV15_EUR_HAB,P31_S14,CZ,8290.0,NaN,8630.0,NaN,8450.0,NaN,8130.0,NaN,8300.0,NaN
A,CLV15_EUR_HAB,P31_S14,DE,19470.0,NaN,19900.0,NaN,21080.0,p,20760.0,p,20800.0,p
A,CLV15_EUR_HAB,P31_S14,DK,23720.0,NaN,24990.0,NaN,24180.0,NaN,23370.0,NaN,23500.0,NaN
A,CLV15_EUR_HAB,P31_S14,EA,16200.0,NaN,16940.0,NaN,17760.0,NaN,17630.0,NaN,17770.0,NaN
A,CLV15_EUR_HAB,P31_S14,EA12,16510.0,NaN,17260.0,NaN,18090.0,NaN,18060.0,NaN,18190.0,NaN
A,CLV15_EUR_HAB,P31_S14,EA19,16200.0,NaN,16940.0,NaN,17760.0,NaN,17730.0,NaN,17870.0,NaN
A,CLV15_EUR_HAB,P31_S14,EA20,16100.0,NaN,16840.0,NaN,17660.0,NaN,17630.0,NaN,17770.0,NaN
A,CLV15_EUR_HAB,P31_S14,EE,9190.0,NaN,9840.0,NaN,10140.0,NaN,9740.0,NaN,9670.0,NaN
A,CLV15_EUR_HAB,P31_S14,EL,11060.0,p,11700.0,p,12880.0,p,13230.0,p,13570.0,p
A,CLV15_EUR_HAB,P31_S14,ES,12560.0,NaN,13470.0,NaN,14000.0,NaN,14060.0,p,14340.0,p
A,CLV15_EUR_HAB,P31_S14,EU27_2020,14640.0,b,15360.0,NaN,16040.0,NaN,16000.0,NaN,16190.0,NaN
A,CLV15_EUR_HAB,P31_S14,FI,19880.0,NaN,20520.0,NaN,20630.0,NaN,20590.0,NaN,20330.0,NaN
A,CLV15_EUR_HAB,P31_S14,FR,16840.0,NaN,17630.0,NaN,18130.0,NaN,18190.0,p,18330.0,p
A,CLV15_EUR_HAB,P31_S14,HR,7150.0,NaN,8000.0,NaN,8600.0,NaN,8870.0,NaN,9360.0,p
A,CLV15_EUR_HAB,P31_S14,HU,6690.0,NaN,7070.0,NaN,7590.0,NaN,7390.0,NaN,7860.0,p
A,CLV15_EUR_HAB,P31_S14,IE,17660.0,NaN,19070.0,NaN,20720.0,NaN,21220.0,NaN,21390.0,NaN
A,CLV15_EUR_HAB,P31_S14,IS,24350.0,p,26010.0,p,27400.0,p,26850.0,p,26590.0,p
A,CLV15_EUR_HAB,P31_S14,IT,15430.0,NaN,16410.0,NaN,17320.0,NaN,17410.0,NaN,17510.0,p
A,CLV15_EUR_HAB,P31_S14,LT,8970.0,NaN,9710.0,NaN,9810.0,NaN,9660.0,NaN,9900.0,NaN
A,CLV15_EUR_HAB,P31_S14,LU,27180.0,NaN,29660.0,NaN,30850.0,NaN,31370.0,NaN,31880.0,p
A,CLV15_EUR_HAB,P31_S14,LV,7580.0,NaN,8250.0,NaN,8680.0,NaN,8640.0,NaN,8730.0,NaN
A,CLV15_EUR_HAB,P31_S14,ME,5080.0,NaN,5370.0,NaN,6110.0,NaN,6540.0,NaN,7220.0,NaN
A,CLV15_EUR_HAB,P31_S14,MK,3650.0,e,4010.0,e,4240.0,e,4320.0,e,4420.0,e
A,CLV15_EUR_HAB,P31_S14,MT,10790.0,NaN,11940.0,NaN,12750.0,NaN,13890.0,NaN,14320.0,NaN
A,CLV15_EUR_HAB,P31_S14,NL,17910.0,NaN,18610.0,NaN,19740.0,NaN,19690.0,p,19780.0,p
A,CLV15_EUR_HAB,P31_S14,NO,26440.0,NaN,27650.0,NaN,29430.0,NaN,28700.0,NaN,28870.0,NaN
A,CLV15_EUR_HAB,P31_S14,PL,7820.0,b,8350.0,NaN,8580.0,b,8590.0,NaN,8870.0,NaN
A,CLV15_EUR_HAB,P31_S14,PT,11340.0,NaN,11880.0,NaN,12460.0,NaN,12620.0,NaN,12860.0,p
A,CLV15_EUR_HAB,P31_S14,RO,6460.0,NaN,7000.0,NaN,7420.0,NaN,7590.0,NaN,8030.0,p
A,CLV15_EUR_HAB,P31_S14,RS,4040.0,NaN,4390.0,NaN,4660.0,NaN,4710.0,p,4980.0,p
A,CLV15_EUR_HAB,P31_S14,SE,20900.0,NaN,21960.0,NaN,22350.0,NaN,21810.0,NaN,21870.0,NaN
A,CLV15_EUR_HAB,P31_S14,SI,10510.0,NaN,11660.0,NaN,12070.0,NaN,12010.0,NaN,12420.0,NaN
A,CLV15_EUR_HAB,P31_S14,SK,9110.0,NaN,9420.0,b,9850.0,NaN,9530.0,NaN,9890.0,NaN
A,CLV15_EUR_HAB,P31_S14,TR,6230.0,NaN,7140.0,NaN,8220.0,NaN,9040.0,NaN,,NaN
A,CLV15_EUR_HAB,P31_S14,UK,,NaN,,NaN,,NaN,,NaN,,NaN
A,CLV15_EUR_HAB,P31_S14_S15,AL,2960.0,NaN,3120.0,NaN,3350.0,NaN,,NaN,,NaN
A,CLV15_EUR_HAB,P31_S14_S15,AT,19500.0,NaN,20380.0,NaN,21230.0,NaN,21000.0,NaN,21100.0,NaN
A,CLV15_EUR_HAB,P31_S14_S15,BE,18660.0,NaN,19620.0,NaN,20180.0,NaN,20230.0,NaN,20530.0,p
A,CLV15_EUR_HAB,P31_S14_S15,BG,4960.0,NaN,5420.0,NaN,5680.0,NaN,5750.0,NaN,6040.0,NaN
A,CLV15_EUR_HAB,P31_S14_S15,CH,38720.0,NaN,39300.0,NaN,40630.0,NaN,40630.0,NaN,40890.0,NaN
A,CLV15_EUR_HAB,P31_S14_S15,CY,15240.0,NaN,15720.0,NaN,17060.0,NaN,17750.0,NaN,18160.0,p
A,CLV15_EUR_HAB,P31_S14_S15,CZ,8440.0,NaN,8800.0,NaN,8630.0,NaN,8310.0,NaN,8500.0,NaN
A,CLV15_EUR_HAB,P31_S14_S15,DE,20050.0,NaN,20480.0,NaN,21670.0,p,21330.0,p,21390.0,p
A,CLV15_EUR_HAB,P31_S14_S15,DK,24440.0,NaN,25700.0,NaN,24920.0,NaN,24120.0,NaN,24240.0,NaN
A,CLV15_EUR_HAB,P31_S14_S15,EA,16630.0,NaN,17400.0,NaN,18230.0,NaN,18100.0,NaN,18260.0,NaN
A,CLV15_EUR_HAB,P31_S14_S15,EA12,16950.0,NaN,17720.0,NaN,18570.0,NaN,18550.0,NaN,18690.0,NaN
A,CLV15_EUR_HAB,P31_S14_S15,EA19,16630.0,NaN,17400.0,NaN,18230.0,NaN,18200.0,NaN,18350.0,NaN
A,CLV15_EUR_HAB,P31_S14_S15,EA20,16530.0,NaN,17290.0,NaN,18120.0,NaN,18100.0,NaN,18260.0,NaN
A,CLV15_EUR_HAB,P31_S14_S15,EE,9530.0,NaN,10210.0,NaN,10490.0,NaN,10090.0,NaN,10040.0,NaN
A,CLV15_EUR_HAB,P31_S14_S15,EL,11310.0,p,11950.0,p,13130.0,p,13470.0,p,13810.0,p
A,CLV15_EUR_HAB,P31_S14_S15,ES,12830.0,NaN,13740.0,NaN,14280.0,NaN,14360.0,p,14650.0,p
A,CLV15_EUR_HAB,P31_S14_S15,EU27_2020,15030.0,b,15760.0,NaN,16450.0,NaN,16420.0,NaN,16620.0,NaN
A,CLV15_EUR_HAB,P31_S14_S15,FI,20660.0,NaN,21280.0,NaN,21410.0,NaN,21320.0,NaN,21070.0,NaN
A,CLV15_EUR_HAB,P31_S14_S15,FR,17550.0,NaN,18380.0,NaN,18920.0,NaN,19000.0,p,19150.0,p
A,CLV15_EUR_HAB,P31_S14_S15,HR,7310.0,NaN,8170.0,NaN,8780.0,NaN,9060.0,NaN,9570.0,p
A,CLV15_EUR_HAB,P31_S14_S15,HU,6980.0,NaN,7380.0,NaN,7940.0,NaN,7770.0,NaN,8230.0,p
A,CLV15_EUR_HAB,P31_S14_S15,IE,18000.0,NaN,19390.0,NaN,21040.0,NaN,21560.0,NaN,21840.0,NaN
A,CLV15_EUR_HAB,P31_S14_S15,IS,25360.0,p,27020.0,p,28390.0,p,27850.0,p,27590.0,p
A,CLV15_EUR_HAB,P31_S14_S15,IT,15570.0,NaN,16560.0,NaN,17470.0,NaN,17570.0,NaN,17680.0,p
A,CLV15_EUR_HAB,P31_S14_S15,LT,9010.0,NaN,9740.0,NaN,9840.0,NaN,9690.0,NaN,9930.0,NaN
A,CLV15_EUR_HAB,P31_S14_S15,LU,28890.0,NaN,31680.0,NaN,33050.0,NaN,33660.0,NaN,34200.0,p
A,CLV15_EUR_HAB,P31_S14_S15,LV,7740.0,NaN,8430.0,NaN,8850.0,NaN,8800.0,NaN,8880.0,NaN
A,CLV15_EUR_HAB,P31_S14_S15,ME,5170.0,NaN,5470.0,NaN,6220.0,NaN,6660.0,NaN,7350.0,NaN
A,CLV15_EUR_HAB,P31_S14_S15,MK,3700.0,e,4060.0,e,4300.0,e,4380.0,e,4480.0,e
A,CLV15_EUR_HAB,P31_S14_S15,MT,11210.0,NaN,12390.0,NaN,13230.0,NaN,14370.0,NaN,14840.0,NaN
A,CLV15_EUR_HAB,P31_S14_S15,NL,18270.0,NaN,18990.0,NaN,20110.0,NaN,20060.0,p,20160.0,p
A,CLV15_EUR_HAB,P31_S14_S15,NO,27950.0,NaN,29220.0,NaN,31220.0,NaN,30490.0,NaN,30630.0,NaN
A,CLV15_EUR_HAB,P31_S14_S15,PL,7950.0,b,8480.0,NaN,8730.0,b,8740.0,NaN,9030.0,NaN
A,CLV15_EUR_HAB,P31_S14_S15,PT,11660.0,NaN,12200.0,NaN,12810.0,NaN,12980.0,NaN,13220.0,p
A,CLV15_EUR_HAB,P31_S14_S15,RO,6560.0,NaN,7070.0,NaN,7490.0,NaN,7680.0,NaN,8120.0,p
A,CLV15_EUR_HAB,P31_S14_S15,RS,4100.0,NaN,4460.0,NaN,4730.0,NaN,4790.0,p,5060.0,p
A,CLV15_EUR_HAB,P31_S14_S15,SE,21450.0,NaN,22520.0,NaN,22910.0,NaN,22380.0,NaN,22460.0,NaN
A,CLV15_EUR_HAB,P31_S14_S15,SI,10690.0,NaN,11870.0,NaN,12330.0,NaN,12260.0,NaN,12690.0,NaN
A,CLV15_EUR_HAB,P31_S14_S15,SK,9250.0,NaN,9570.0,b,10010.0,NaN,9720.0,NaN,10060.0,NaN
A,CLV15_EUR_HAB,P31_S14_S15,TR,6280.0,NaN,7190.0,NaN,8270.0,NaN,9100.0,NaN,,NaN
A,CLV15_EUR_HAB,P31_S14_S15,UK,,NaN,,NaN,,NaN,,NaN,,NaN
A,CLV15_EUR_HAB,P31_S15,AL,40.0,NaN,40.0,NaN,40.0,NaN,,NaN,,NaN
A,CLV15_EUR_HAB,P31_S15,AT,760.0,NaN,840.0,NaN,810.0,NaN,850.0,NaN,870.0,NaN
A,CLV15_EUR_HAB,P31_S15,BE,390.0,NaN,420.0,NaN,460.0,NaN,470.0,NaN,480.0,p
A,CLV15_EUR_HAB,P31_S15,BG,60.0,NaN,70.0,NaN,80.0,NaN,80.0,NaN,80.0,NaN
A,CLV15_EUR_HAB,P31_S15,CH,1700.0,NaN,1760.0,NaN,1770.0,NaN,1790.0,NaN,,NaN
A,CLV15_EUR_HAB,P31_S15,CY,240.0,NaN,280.0,NaN,280.0,NaN,300.0,NaN,310.0,p
A,CLV15_EUR_HAB,P31_S15,CZ,160.0,NaN,170.0,NaN,180.0,NaN,190.0,NaN,210.0,NaN
A,CLV15_EUR_HAB,P31_S15,DE,570.0,NaN,570.0,NaN,590.0,p,580.0,p,590.0,p
A,CLV15_EUR_HAB,P31_S15,DK,720.0,NaN,720.0,NaN,740.0,NaN,750.0,NaN,730.0,NaN
A,CLV15_EUR_HAB,P31_S15,EA,440.0,NaN,450.0,NaN,470.0,NaN,470.0,NaN,480.0,NaN
A,CLV15_EUR_HAB,P31_S15,EA12,450.0,NaN,460.0,NaN,480.0,NaN,490.0,NaN,500.0,NaN
A,CLV15_EUR_HAB,P31_S15,EA19,440.0,NaN,450.0,NaN,470.0,NaN,480.0,NaN,490.0,NaN
A,CLV15_EUR_HAB,P31_S15,EA20,430.0,NaN,450.0,NaN,470.0,NaN,470.0,NaN,480.0,NaN
A,CLV15_EUR_HAB,P31_S15,EE,350.0,NaN,360.0,NaN,350.0,NaN,360.0,NaN,370.0,NaN
A,CLV15_EUR_HAB,P31_S15,EL,240.0,p,250.0,p,250.0,p,240.0,p,240.0,p
A,CLV15_EUR_HAB,P31_S15,ES,270.0,NaN,270.0,NaN,290.0,NaN,300.0,p,320.0,p
A,CLV15_EUR_HAB,P31_S15,EU27_2020,380.0,b,400.0,NaN,410.0,NaN,420.0,NaN,430.0,NaN
A,CLV15_EUR_HAB,P31_S15,FI,780.0,NaN,760.0,NaN,770.0,NaN,730.0,NaN,740.0,NaN
A,CLV15_EUR_HAB,P31_S15,FR,710.0,NaN,750.0,NaN,790.0,NaN,810.0,p,820.0,p
A,CLV15_EUR_HAB,P31_S15,HR,160.0,NaN,170.0,NaN,180.0,NaN,190.0,NaN,210.0,p
A,CLV15_EUR_HAB,P31_S15,HU,290.0,NaN,300.0,NaN,350.0,NaN,380.0,NaN,370.0,p
A,CLV15_EUR_HAB,P31_S15,IE,330.0,NaN,320.0,NaN,320.0,NaN,350.0,NaN,460.0,NaN
A,CLV15_EUR_HAB,P31_S15,IS,1000.0,p,1010.0,p,1000.0,p,1000.0,p,1000.0,p
A,CLV15_EUR_HAB,P31_S15,IT,130.0,NaN,150.0,NaN,150.0,NaN,160.0,NaN,170.0,p
A,CLV15_EUR_HAB,P31_S15,LT,30.0,NaN,30.0,NaN,30.0,NaN,30.0,NaN,40.0,NaN
A,CLV15_EUR_HAB,P31_S15,LU,1710.0,NaN,2000.0,NaN,2160.0,NaN,2260.0,NaN,2280.0,p
A,CLV15_EUR_HAB,P31_S15,LV,160.0,NaN,180.0,NaN,170.0,NaN,150.0,NaN,150.0,i
A,CLV15_EUR_HAB,P31_S15,ME,90.0,NaN,100.0,NaN,110.0,NaN,120.0,NaN,120.0,NaN
A,CLV15_EUR_HAB,P31_S15,MK,50.0,e,60.0,e,60.0,e,60.0,e,60.0,e
A,CLV15_EUR_HAB,P31_S15,MT,410.0,NaN,450.0,NaN,470.0,NaN,480.0,NaN,510.0,NaN
A,CLV15_EUR_HAB,P31_S15,NL,360.0,NaN,380.0,NaN,370.0,NaN,370.0,p,380.0,p
A,CLV15_EUR_HAB,P31_S15,NO,1500.0,NaN,1560.0,NaN,1780.0,NaN,1780.0,NaN,1760.0,NaN
A,CLV15_EUR_HAB,P31_S15,PL,130.0,b,130.0,NaN,150.0,b,150.0,NaN,160.0,NaN
A,CLV15_EUR_HAB,P31_S15,PT,320.0,NaN,320.0,NaN,340.0,NaN,360.0,NaN,360.0,p
A,CLV15_EUR_HAB,P31_S15,RO,90.0,NaN,80.0,NaN,80.0,NaN,90.0,NaN,90.0,p
A,CLV15_EUR_HAB,P31_S15,RS,70.0,NaN,80.0,NaN,80.0,NaN,80.0,p,80.0,p
A,CLV15_EUR_HAB,P31_S15,SE,550.0,NaN,570.0,NaN,550.0,NaN,580.0,NaN,580.0,NaN
A,CLV15_EUR_HAB,P31_S15,SI,180.0,NaN,210.0,NaN,250.0,NaN,250.0,NaN,260.0,NaN
A,CLV15_EUR_HAB,P31_S15,SK,140.0,NaN,150.0,b,170.0,NaN,180.0,NaN,170.0,NaN
A,CLV15_EUR_HAB,P31_S15,TR,40.0,NaN,50.0,NaN,50.0,NaN,60.0,NaN,,NaN
A,CLV15_EUR_HAB,P31_S15,UK,,NaN,,NaN,,NaN,,NaN,,NaN
A,CLV15_EUR_HAB,P32_S13,AL,310.0,NaN,310.0,NaN,320.0,NaN,,NaN,,NaN
A,CLV15_EUR_HAB,P32_S13,AT,3030.0,NaN,3070.0,NaN,3050.0,NaN,3090.0,NaN,3210.0,NaN
A,CLV15_EUR_HAB,P32_S13,BE,3220.0,NaN,3290.0,NaN,3340.0,NaN,3360.0,NaN,3390.0,p
A,CLV15_EUR_HAB,P32_S13,BG,690.0,NaN,670.0,NaN,760.0,NaN,760.0,NaN,790.0,NaN
A,CLV15_EUR_HAB,P32_S13,CH,3900.0,NaN,3850.0,NaN,3920.0,NaN,3880.0,NaN,,NaN
A,CLV15_EUR_HAB,P32_S13,CY,1930.0,NaN,1950.0,NaN,2020.0,NaN,2100.0,NaN,2030.0,p
A,CLV15_EUR_HAB,P32_S13,CZ,1580.0,NaN,1550.0,NaN,1520.0,NaN,1550.0,NaN,1590.0,NaN
A,CLV15_EUR_HAB,P32_S13,DE,3220.0,NaN,3290.0,NaN,3230.0,p,3290.0,p,3340.0,p
A,CLV15_EUR_HAB,P32_S13,DK,3650.0,NaN,3720.0,NaN,3640.0,NaN,3700.0,NaN,3790.0,NaN
A,CLV15_EUR_HAB,P32_S13,EA,2650.0,NaN,2710.0,NaN,2720.0,NaN,2750.0,NaN,2800.0,NaN
A,CLV15_EUR_HAB,P32_S13,EA12,2710.0,NaN,2760.0,NaN,2770.0,NaN,2820.0,NaN,2870.0,NaN
A,CLV15_EUR_HAB,P32_S13,EA19,2650.0,NaN,2710.0,NaN,2720.0,NaN,2760.0,NaN,2810.0,NaN
A,CLV15_EUR_HAB,P32_S13,EA20,2640.0,NaN,2690.0,NaN,2700.0,NaN,2750.0,NaN,2800.0,NaN
A,CLV15_EUR_HAB,P32_S13,EE,1570.0,NaN,1590.0,NaN,1540.0,NaN,1540.0,NaN,1560.0,NaN
A,CLV15_EUR_HAB,P32_S13,EL,1780.0,p,1810.0,p,1800.0,p,1840.0,p,1800.0,p
A,CLV15_EUR_HAB,P32_S13,ES,1940.0,NaN,1980.0,NaN,2020.0,NaN,2090.0,p,2100.0,p
A,CLV15_EUR_HAB,P32_S13,EU27_2020,2380.0,b,2430.0,NaN,2440.0,NaN,2490.0,NaN,2540.0,NaN
A,CLV15_EUR_HAB,P32_S13,FI,3150.0,NaN,3280.0,NaN,3240.0,NaN,2870.0,b,2890.0,NaN
A,CLV15_EUR_HAB,P32_S13,FR,2900.0,NaN,2990.0,NaN,3050.0,NaN,3110.0,p,3160.0,p
A,CLV15_EUR_HAB,P32_S13,HR,1380.0,NaN,1420.0,NaN,1470.0,NaN,1590.0,NaN,1670.0,p
A,CLV15_EUR_HAB,P32_S13,HU,1480.0,NaN,1510.0,NaN,1530.0,NaN,1590.0,NaN,1520.0,p
A,CLV15_EUR_HAB,P32_S13,IE,2880.0,NaN,3060.0,NaN,3060.0,NaN,3120.0,NaN,3260.0,NaN
A,CLV15_EUR_HAB,P32_S13,IS,4910.0,p,4960.0,p,4930.0,p,4920.0,p,4920.0,p
A,CLV15_EUR_HAB,P32_S13,IT,2270.0,NaN,2270.0,NaN,2300.0,NaN,2310.0,NaN,2380.0,p
A,CLV15_EUR_HAB,P32_S13,LT,1010.0,NaN,1030.0,NaN,1030.0,NaN,1020.0,NaN,1030.0,NaN
A,CLV15_EUR_HAB,P32_S13,LU,6470.0,NaN,6650.0,NaN,6730.0,NaN,6870.0,NaN,7050.0,p
A,CLV15_EUR_HAB,P32_S13,LV,1740.0,NaN,1810.0,NaN,1920.0,NaN,1910.0,NaN,1940.0,NaN
A,CLV15_EUR_HAB,P32_S13,ME,670.0,NaN,630.0,NaN,660.0,NaN,660.0,NaN,670.0,NaN
A,CLV15_EUR_HAB,P32_S13,MT,2060.0,NaN,2100.0,NaN,2130.0,NaN,2130.0,NaN,2260.0,NaN
A,CLV15_EUR_HAB,P32_S13,NL,3560.0,NaN,3670.0,NaN,3730.0,NaN,3900.0,p,4090.0,p
A,CLV15_EUR_HAB,P32_S13,NO,5570.0,NaN,5670.0,NaN,5620.0,NaN,5800.0,NaN,5900.0,NaN
A,CLV15_EUR_HAB,P32_S13,PL,1150.0,b,1160.0,NaN,1170.0,b,1230.0,NaN,1320.0,NaN
A,CLV15_EUR_HAB,P32_S13,PT,1440.0,NaN,1400.0,NaN,1360.0,NaN,1370.0,NaN,1330.0,p
A,CLV15_EUR_HAB,P32_S13,RO,780.0,NaN,780.0,NaN,740.0,NaN,770.0,NaN,810.0,p
A,CLV15_EUR_HAB,P32_S13,RS,500.0,NaN,540.0,NaN,530.0,NaN,510.0,p,540.0,p
A,CLV15_EUR_HAB,P32_S13,SE,3230.0,NaN,3320.0,NaN,3380.0,NaN,3480.0,NaN,3550.0,NaN
A,CLV15_EUR_HAB,P32_S13,SI,1510.0,NaN,1580.0,NaN,1540.0,NaN,1630.0,NaN,1660.0,NaN
A,CLV15_EUR_HAB,P32_S13,SK,1530.0,NaN,1530.0,b,1360.0,NaN,1310.0,NaN,1400.0,NaN
A,CLV15_EUR_HAB,P32_S13,TR,500.0,NaN,500.0,NaN,540.0,NaN,500.0,NaN,,NaN
A,CLV15_EUR_HAB,P32_S13,UK,,NaN,,NaN,,NaN,,NaN,,NaN
A,CLV15_EUR_HAB,P3_S13,AL,540.0,NaN,560.0,NaN,580.0,NaN,,NaN,,NaN
A,CLV15_EUR_HAB,P3_S13,AT,7990.0,NaN,8580.0,NaN,8480.0,NaN,8460.0,NaN,8740.0,NaN
A,CLV15_EUR_HAB,P3_S13,BE,8830.0,NaN,9160.0,NaN,9370.0,NaN,9540.0,NaN,9660.0,p
A,CLV15_EUR_HAB,P3_S13,BG,1400.0,NaN,1410.0,NaN,1530.0,NaN,1560.0,NaN,1610.0,NaN
A,CLV15_EUR_HAB,P3_S13,CH,8920.0,NaN,9120.0,NaN,8940.0,NaN,8950.0,NaN,9020.0,NaN
A,CLV15_EUR_HAB,P3_S13,CY,4270.0,NaN,4580.0,NaN,4710.0,NaN,4780.0,NaN,4790.0,p
A,CLV15_EUR_HAB,P3_S13,CZ,3540.0,NaN,3600.0,NaN,3520.0,NaN,3600.0,NaN,3700.0,NaN
A,CLV15_EUR_HAB,P3_S13,DE,8510.0,NaN,8790.0,NaN,8780.0,p,8680.0,p,8880.0,p
A,CLV15_EUR_HAB,P3_S13,DK,12030.0,NaN,12570.0,NaN,12160.0,NaN,12100.0,NaN,12160.0,NaN
A,CLV15_EUR_HAB,P3_S13,EA,6950.0,NaN,7250.0,NaN,7310.0,NaN,7320.0,NaN,7460.0,NaN
A,CLV15_EUR_HAB,P3_S13,EA12,7130.0,NaN,7430.0,NaN,7500.0,NaN,7560.0,NaN,7690.0,NaN
A,CLV15_EUR_HAB,P3_S13,EA19,6950.0,NaN,7250.0,NaN,7310.0,NaN,7370.0,NaN,7500.0,NaN
A,CLV15_EUR_HAB,P3_S13,EA20,6910.0,NaN,7200.0,NaN,7260.0,NaN,7320.0,NaN,7460.0,NaN
A,CLV15_EUR_HAB,P3_S13,EE,3450.0,NaN,3580.0,NaN,3520.0,NaN,3450.0,NaN,3490.0,NaN
A,CLV15_EUR_HAB,P3_S13,EL,3440.0,p,3520.0,p,3540.0,p,3650.0,p,3560.0,p
A,CLV15_EUR_HAB,P3_S13,ES,4860.0,NaN,5040.0,NaN,5030.0,NaN,5200.0,p,5290.0,p
A,CLV15_EUR_HAB,P3_S13,EU27_2020,6230.0,b,6490.0,NaN,6530.0,NaN,6600.0,NaN,6730.0,NaN
A,CLV15_EUR_HAB,P3_S13,FI,9910.0,NaN,10310.0,NaN,10220.0,NaN,10440.0,NaN,10540.0,NaN
A,CLV15_EUR_HAB,P3_S13,FR,7890.0,NaN,8370.0,NaN,8560.0,NaN,8660.0,p,8760.0,p
A,CLV15_EUR_HAB,P3_S13,HR,2920.0,NaN,3030.0,NaN,3110.0,NaN,3310.0,NaN,3550.0,p
A,CLV15_EUR_HAB,P3_S13,HU,2560.0,NaN,2630.0,NaN,2710.0,NaN,2800.0,NaN,2760.0,p
A,CLV15_EUR_HAB,P3_S13,IE,8790.0,NaN,9290.0,NaN,9430.0,NaN,9850.0,NaN,10150.0,NaN
A,CLV15_EUR_HAB,P3_S13,IS,12600.0,p,12710.0,p,12630.0,p,12620.0,p,12620.0,p
A,CLV15_EUR_HAB,P3_S13,IT,5440.0,NaN,5600.0,NaN,5650.0,NaN,5720.0,NaN,5780.0,p
A,CLV15_EUR_HAB,P3_S13,LT,2250.0,NaN,2270.0,NaN,2300.0,NaN,2270.0,NaN,2290.0,NaN
A,CLV15_EUR_HAB,P3_S13,LU,16750.0,NaN,17280.0,NaN,17590.0,NaN,17540.0,NaN,18110.0,p
A,CLV15_EUR_HAB,P3_S13,LV,2700.0,NaN,2830.0,NaN,2830.0,NaN,2910.0,NaN,2920.0,NaN
A,CLV15_EUR_HAB,P3_S13,ME,1250.0,NaN,1220.0,NaN,1250.0,NaN,1280.0,NaN,1300.0,NaN
A,CLV15_EUR_HAB,P3_S13,MK,880.0,e,900.0,e,860.0,e,850.0,e,860.0,e
A,CLV15_EUR_HAB,P3_S13,MT,5020.0,NaN,5280.0,NaN,5130.0,NaN,5120.0,NaN,5440.0,NaN
A,CLV15_EUR_HAB,P3_S13,NL,10870.0,NaN,11320.0,NaN,11350.0,NaN,11550.0,p,11890.0,p
A,CLV15_EUR_HAB,P3_S13,NO,15850.0,NaN,16330.0,NaN,16480.0,NaN,16840.0,NaN,17080.0,NaN
A,CLV15_EUR_HAB,P3_S13,PL,2520.0,b,2660.0,NaN,2620.0,b,2750.0,NaN,3000.0,NaN
A,CLV15_EUR_HAB,P3_S13,PT,3210.0,NaN,3330.0,NaN,3360.0,NaN,3390.0,NaN,3400.0,p
A,CLV15_EUR_HAB,P3_S13,RO,1380.0,NaN,1390.0,NaN,1380.0,NaN,1430.0,NaN,1450.0,p
A,CLV15_EUR_HAB,P3_S13,RS,1100.0,NaN,1160.0,NaN,1200.0,NaN,1180.0,p,1230.0,p
A,CLV15_EUR_HAB,P3_S13,SE,11660.0,NaN,11990.0,NaN,11940.0,NaN,11980.0,NaN,12080.0,NaN
A,CLV15_EUR_HAB,P3_S13,SI,3890.0,NaN,4120.0,NaN,4090.0,NaN,4150.0,NaN,4440.0,NaN
A,CLV15_EUR_HAB,P3_S13,SK,3000.0,NaN,3120.0,b,3020.0,NaN,2940.0,NaN,3060.0,NaN
A,CLV15_EUR_HAB,P3_S13,TR,1690.0,NaN,1740.0,NaN,1810.0,NaN,1840.0,NaN,,NaN
A,CLV15_EUR_HAB,P3_S13,UK,,NaN,,NaN,,NaN,,NaN,,NaN
A,CLV15_EUR_HAB,P41,AL,3190.0,NaN,3380.0,NaN,3610.0,NaN,,NaN,,NaN
A,CLV15_EUR_HAB,P41,AT,24470.0,NaN,25890.0,NaN,26660.0,NaN,26370.0,NaN,26630.0,NaN
A,CLV15_EUR_HAB,P41,BE,24270.0,NaN,25490.0,NaN,26210.0,NaN,26410.0,NaN,26790.0,p
A,CLV15_EUR_HAB,P41,BG,5670.0,NaN,6160.0,NaN,6450.0,NaN,6540.0,NaN,6870.0,NaN
A,CLV15_EUR_HAB,P41,CH,43750.0,NaN,44580.0,NaN,45640.0,NaN,45700.0,NaN,,NaN
A,CLV15_EUR_HAB,P41,CY,17620.0,NaN,18410.0,NaN,19780.0,NaN,20460.0,NaN,20940.0,p
A,CLV15_EUR_HAB,P41,CZ,10410.0,NaN,10850.0,NaN,10640.0,NaN,10370.0,NaN,10630.0,NaN
A,CLV15_EUR_HAB,P41,DE,25340.0,NaN,25990.0,NaN,27230.0,p,26730.0,p,26930.0,p
A,CLV15_EUR_HAB,P41,DK,32810.0,NaN,34540.0,NaN,33420.0,NaN,32510.0,NaN,32590.0,NaN
A,CLV15_EUR_HAB,P41,EA,20940.0,NaN,21940.0,NaN,22820.0,NaN,22680.0,NaN,22910.0,NaN
A,CLV15_EUR_HAB,P41,EA12,21380.0,NaN,22400.0,NaN,23290.0,NaN,23290.0,NaN,23510.0,NaN
A,CLV15_EUR_HAB,P41,EA19,20940.0,NaN,21940.0,NaN,22820.0,NaN,22810.0,NaN,23040.0,NaN
A,CLV15_EUR_HAB,P41,EA20,20800.0,NaN,21810.0,NaN,22680.0,NaN,22680.0,NaN,22910.0,NaN
A,CLV15_EUR_HAB,P41,EE,11420.0,NaN,12190.0,NaN,12460.0,NaN,11990.0,NaN,11970.0,NaN
A,CLV15_EUR_HAB,P41,EL,12970.0,p,13660.0,p,14870.0,p,15280.0,p,15570.0,p
A,CLV15_EUR_HAB,P41,ES,15750.0,NaN,16800.0,NaN,17290.0,NaN,17470.0,p,17840.0,p
A,CLV15_EUR_HAB,P41,EU27_2020,18870.0,b,19830.0,NaN,20540.0,NaN,20530.0,NaN,20810.0,NaN
A,CLV15_EUR_HAB,P41,FI,27420.0,NaN,28310.0,NaN,28380.0,NaN,28880.0,NaN,28720.0,NaN
A,CLV15_EUR_HAB,P41,FR,22530.0,NaN,23770.0,NaN,24430.0,NaN,24550.0,p,24760.0,p
A,CLV15_EUR_HAB,P41,HR,8860.0,NaN,9780.0,NaN,10410.0,NaN,10780.0,NaN,11440.0,p
A,CLV15_EUR_HAB,P41,HU,8050.0,NaN,8470.0,NaN,9090.0,NaN,8960.0,NaN,9430.0,p
A,CLV15_EUR_HAB,P41,IE,23920.0,NaN,25630.0,NaN,27420.0,NaN,28300.0,NaN,28740.0,NaN
A,CLV15_EUR_HAB,P41,IS,33110.0,p,34790.0,p,36050.0,p,35520.0,p,35270.0,p
A,CLV15_EUR_HAB,P41,IT,18740.0,NaN,19880.0,NaN,20810.0,NaN,20980.0,NaN,21070.0,p
A,CLV15_EUR_HAB,P41,LT,10240.0,NaN,10950.0,NaN,11070.0,NaN,10900.0,NaN,11150.0,NaN
A,CLV15_EUR_HAB,P41,LU,39200.0,NaN,42340.0,NaN,43920.0,NaN,44330.0,NaN,45260.0,p
A,CLV15_EUR_HAB,P41,LV,8730.0,NaN,9470.0,NaN,9780.0,NaN,9810.0,NaN,9880.0,NaN
A,CLV15_EUR_HAB,P41,ME,5750.0,NaN,6050.0,NaN,6780.0,NaN,7240.0,NaN,7910.0,NaN
A,CLV15_EUR_HAB,P41,MT,14180.0,NaN,15580.0,NaN,16230.0,NaN,17350.0,NaN,18000.0,NaN
A,CLV15_EUR_HAB,P41,NL,25590.0,NaN,26640.0,NaN,27740.0,NaN,27730.0,p,27970.0,p
A,CLV15_EUR_HAB,P41,NO,38240.0,NaN,39890.0,NaN,42050.0,NaN,41520.0,NaN,41810.0,NaN
A,CLV15_EUR_HAB,P41,PL,9320.0,b,9990.0,NaN,10190.0,b,10260.0,NaN,10710.0,NaN
A,CLV15_EUR_HAB,P41,PT,13440.0,NaN,14130.0,NaN,14810.0,NaN,15000.0,NaN,15290.0,p
A,CLV15_EUR_HAB,P41,RO,7160.0,NaN,7670.0,NaN,8110.0,NaN,8320.0,NaN,8710.0,p
A,CLV15_EUR_HAB,P41,RS,4710.0,NaN,5080.0,NaN,5410.0,NaN,5460.0,p,5760.0,p
A,CLV15_EUR_HAB,P41,SE,29870.0,NaN,31180.0,NaN,31440.0,NaN,30860.0,NaN,30970.0,NaN
A,CLV15_EUR_HAB,P41,SI,13080.0,NaN,14410.0,NaN,14870.0,NaN,14770.0,NaN,15470.0,NaN
A,CLV15_EUR_HAB,P41,SK,10720.0,NaN,11180.0,b,11720.0,NaN,11410.0,NaN,11760.0,NaN
A,CLV15_EUR_HAB,P41,TR,7480.0,NaN,8470.0,NaN,9580.0,NaN,10530.0,NaN,,NaN
A,CLV15_EUR_HAB,P41,UK,,NaN,,NaN,,NaN,,NaN,,NaN
A,CLV20_EUR_HAB,B1GQ,AL,4710.0,NaN,5190.0,NaN,5500.0,NaN,,NaN,,NaN
A,CLV20_EUR_HAB,B1GQ,AT,42650.0,NaN,44580.0,NaN,46430.0,NaN,45670.0,NaN,45140.0,NaN
A,CLV20_EUR_HAB,B1GQ,BE,40190.0,NaN,42530.0,NaN,43860.0,NaN,44230.0,NaN,44460.0,p
A,CLV20_EUR_HAB,B1GQ,BG,9440.0,NaN,10250.0,NaN,10740.0,NaN,10950.0,NaN,11330.0,NaN
A,CLV20_EUR_HAB,B1GQ,CH,75280.0,NaN,78880.0,NaN,80600.0,NaN,79940.0,NaN,80080.0,NaN
A,CLV20_EUR_HAB,B1GQ,CY,24630.0,NaN,27030.0,NaN,28730.0,NaN,29200.0,NaN,29870.0,p
A,CLV20_EUR_HAB,B1GQ,CZ,20980.0,NaN,21830.0,NaN,21910.0,NaN,21680.0,NaN,21910.0,NaN
A,CLV20_EUR_HAB,B1GQ,DE,42020.0,NaN,43730.0,NaN,44230.0,p,43450.0,p,43110.0,p
A,CLV20_EUR_HAB,B1GQ,DK,53540.0,NaN,56780.0,NaN,56530.0,NaN,56470.0,NaN,58160.0,NaN
A,CLV20_EUR_HAB,B1GQ,EA,33840.0,NaN,35990.0,NaN,37110.0,NaN,36810.0,NaN,36990.0,NaN
A,CLV20_EUR_HAB,B1GQ,EA12,34530.0,NaN,36710.0,NaN,37870.0,NaN,37780.0,NaN,37950.0,NaN
A,CLV20_EUR_HAB,B1GQ,EA19,33840.0,NaN,35990.0,NaN,37110.0,NaN,37040.0,NaN,37220.0,NaN
A,CLV20_EUR_HAB,B1GQ,EA20,33610.0,NaN,35750.0,NaN,36880.0,NaN,36810.0,NaN,36990.0,NaN
A,CLV20_EUR_HAB,B1GQ,EE,20960.0,NaN,22670.0,NaN,22370.0,NaN,21210.0,NaN,21060.0,NaN
A,CLV20_EUR_HAB,B1GQ,EL,15660.0,p,17110.0,p,18160.0,p,18600.0,p,19020.0,p
A,CLV20_EUR_HAB,B1GQ,ES,23850.0,NaN,25440.0,NaN,26820.0,NaN,27150.0,p,27800.0,p
A,CLV20_EUR_HAB,B1GQ,EU27_2020,30510.0,b,32470.0,NaN,33420.0,NaN,33400.0,NaN,33650.0,NaN
A,CLV20_EUR_HAB,B1GQ,FI,42740.0,NaN,43800.0,NaN,44010.0,NaN,43440.0,NaN,43280.0,NaN
A,CLV20_EUR_HAB,B1GQ,FR,34280.0,NaN,36470.0,NaN,37320.0,NaN,37760.0,p,38110.0,p
A,CLV20_EUR_HAB,B1GQ,HR,12980.0,NaN,14750.0,NaN,15900.0,NaN,16490.0,NaN,17060.0,p
A,CLV20_EUR_HAB,B1GQ,HU,14370.0,NaN,15470.0,NaN,16160.0,NaN,16050.0,NaN,16190.0,p
A,CLV20_EUR_HAB,B1GQ,IE,75820.0,NaN,87160.0,NaN,91760.0,NaN,87810.0,NaN,88600.0,NaN
A,CLV20_EUR_HAB,B1GQ,IS,54190.0,p,56150.0,p,59700.0,p,61240.0,p,59530.0,p
A,CLV20_EUR_HAB,B1GQ,IT,28100.0,NaN,30760.0,NaN,32310.0,NaN,32640.0,NaN,32890.0,p
A,CLV20_EUR_HAB,B1GQ,LT,17890.0,NaN,19040.0,NaN,19350.0,NaN,19220.0,NaN,19690.0,NaN
A,CLV20_EUR_HAB,B1GQ,LU,102190.0,NaN,107570.0,NaN,104100.0,NaN,102250.0,NaN,101000.0,p
A,CLV20_EUR_HAB,B1GQ,LV,15370.0,NaN,16580.0,NaN,16890.0,NaN,16770.0,NaN,16910.0,NaN
A,CLV20_EUR_HAB,B1GQ,ME,6610.0,NaN,7500.0,NaN,8100.0,NaN,8620.0,NaN,8890.0,NaN
A,CLV20_EUR_HAB,B1GQ,MK,5840.0,e,6170.0,e,6360.0,e,6540.0,e,6750.0,e
A,CLV20_EUR_HAB,B1GQ,MT,27870.0,NaN,31430.0,NaN,31380.0,NaN,33360.0,NaN,34650.0,NaN
A,CLV20_EUR_HAB,B1GQ,NL,46810.0,NaN,49490.0,NaN,51480.0,NaN,50660.0,p,50880.0,p
A,CLV20_EUR_HAB,B1GQ,NO,60020.0,NaN,62030.0,NaN,63470.0,NaN,62790.0,NaN,63500.0,NaN
A,CLV20_EUR_HAB,B1GQ,PL,14310.0,b,15380.0,NaN,15840.0,b,15950.0,NaN,16470.0,NaN
A,CLV20_EUR_HAB,B1GQ,PT,19360.0,NaN,20390.0,NaN,21690.0,NaN,22130.0,NaN,22350.0,p
A,CLV20_EUR_HAB,B1GQ,RO,11390.0,NaN,12130.0,NaN,12690.0,NaN,12970.0,NaN,13100.0,p
A,CLV20_EUR_HAB,B1GQ,RS,7110.0,NaN,7740.0,NaN,8160.0,NaN,8510.0,p,8900.0,p
A,CLV20_EUR_HAB,B1GQ,SE,46180.0,NaN,48300.0,NaN,48390.0,NaN,47960.0,NaN,48210.0,NaN
A,CLV20_EUR_HAB,B1GQ,SI,22230.0,NaN,24040.0,NaN,24660.0,NaN,25120.0,NaN,25480.0,NaN
A,CLV20_EUR_HAB,B1GQ,SK,17270.0,NaN,18320.0,b,18360.0,NaN,18750.0,NaN,19110.0,NaN
A,CLV20_EUR_HAB,B1GQ,TR,7660.0,NaN,8480.0,NaN,8860.0,NaN,9270.0,NaN,,NaN
A,CLV20_EUR_HAB,P3,AL,4160.0,NaN,4370.0,NaN,4670.0,NaN,,NaN,,NaN
A,CLV20_EUR_HAB,P3,AT,30240.0,NaN,31860.0,NaN,32680.0,NaN,32410.0,NaN,32820.0,NaN
A,CLV20_EUR_HAB,P3,BE,29940.0,NaN,31340.0,NaN,32180.0,NaN,32410.0,NaN,32870.0,p
A,CLV20_EUR_HAB,P3,BG,7300.0,NaN,7830.0,NaN,8280.0,NaN,8390.0,NaN,8790.0,NaN
A,CLV20_EUR_HAB,P3,CH,48190.0,NaN,48980.0,NaN,50130.0,NaN,50140.0,NaN,50460.0,NaN
A,CLV20_EUR_HAB,P3,CY,19880.0,NaN,20700.0,NaN,22170.0,NaN,22930.0,NaN,23340.0,p
A,CLV20_EUR_HAB,P3,CZ,14380.0,NaN,14860.0,NaN,14570.0,NaN,14280.0,NaN,14630.0,NaN
A,CLV20_EUR_HAB,P3,DE,30660.0,NaN,31420.0,NaN,32690.0,p,32220.0,p,32490.0,p
A,CLV20_EUR_HAB,P3,DK,38330.0,NaN,40220.0,NaN,38970.0,NaN,38070.0,NaN,38260.0,NaN
A,CLV20_EUR_HAB,P3,EA,25170.0,NaN,26290.0,NaN,27240.0,NaN,27120.0,NaN,27420.0,NaN
A,CLV20_EUR_HAB,P3,EA12,25670.0,NaN,26810.0,NaN,27780.0,NaN,27820.0,NaN,28120.0,NaN
A,CLV20_EUR_HAB,P3,EA19,25170.0,NaN,26290.0,NaN,27240.0,NaN,27280.0,NaN,27570.0,NaN
A,CLV20_EUR_HAB,P3,EA20,25000.0,NaN,26130.0,NaN,27070.0,NaN,27120.0,NaN,27420.0,NaN
A,CLV20_EUR_HAB,P3,EE,14970.0,NaN,15890.0,NaN,16130.0,NaN,15600.0,NaN,15580.0,NaN
A,CLV20_EUR_HAB,P3,EL,14700.0,p,15410.0,p,16590.0,p,17040.0,p,17290.0,p
A,CLV20_EUR_HAB,P3,ES,18570.0,NaN,19710.0,NaN,20260.0,NaN,20530.0,p,20930.0,p
A,CLV20_EUR_HAB,P3,EU27_2020,22660.0,b,23720.0,NaN,24480.0,NaN,24530.0,NaN,24880.0,NaN
A,CLV20_EUR_HAB,P3,FI,31910.0,NaN,32980.0,NaN,33010.0,NaN,33150.0,NaN,33010.0,NaN
A,CLV20_EUR_HAB,P3,FR,27050.0,NaN,28460.0,NaN,29240.0,NaN,29430.0,p,29700.0,p
A,CLV20_EUR_HAB,P3,HR,10830.0,NaN,11840.0,NaN,12560.0,NaN,13070.0,NaN,13860.0,p
A,CLV20_EUR_HAB,P3,HU,10190.0,NaN,10670.0,NaN,11340.0,NaN,11280.0,NaN,11710.0,p
A,CLV20_EUR_HAB,P3,IE,28370.0,NaN,30370.0,NaN,32250.0,NaN,33250.0,NaN,33860.0,NaN
A,CLV20_EUR_HAB,P3,IS,42990.0,p,44940.0,p,46330.0,p,45720.0,p,45440.0,p
A,CLV20_EUR_HAB,P3,IT,22080.0,NaN,23280.0,NaN,24290.0,NaN,24470.0,NaN,24640.0,p
A,CLV20_EUR_HAB,P3,LT,13310.0,NaN,14170.0,NaN,14310.0,NaN,14100.0,NaN,14400.0,NaN
A,CLV20_EUR_HAB,P3,LU,49850.0,NaN,53450.0,NaN,55260.0,NaN,55860.0,NaN,57090.0,p
A,CLV20_EUR_HAB,P3,LV,11750.0,NaN,12660.0,NaN,13120.0,NaN,13150.0,NaN,13260.0,NaN
A,CLV20_EUR_HAB,P3,ME,6960.0,NaN,7240.0,NaN,8060.0,NaN,8560.0,NaN,9310.0,NaN
A,CLV20_EUR_HAB,P3,MK,4830.0,e,5230.0,e,5440.0,e,5520.0,e,5630.0,e
A,CLV20_EUR_HAB,P3,MT,17370.0,NaN,18910.0,NaN,19630.0,NaN,20830.0,NaN,21660.0,NaN
A,CLV20_EUR_HAB,P3,NL,32020.0,NaN,33300.0,NaN,34570.0,NaN,34730.0,p,35200.0,p
A,CLV20_EUR_HAB,P3,NO,41760.0,NaN,43420.0,NaN,45440.0,NaN,45100.0,NaN,45470.0,NaN
A,CLV20_EUR_HAB,P3,PL,10810.0,b,11510.0,NaN,11720.0,b,11870.0,NaN,12420.0,NaN
A,CLV20_EUR_HAB,P3,PT,15990.0,NaN,16690.0,NaN,17370.0,NaN,17580.0,NaN,17850.0,p
A,CLV20_EUR_HAB,P3,RO,9120.0,NaN,9680.0,NaN,10100.0,NaN,10380.0,NaN,10880.0,p
A,CLV20_EUR_HAB,P3,RS,5970.0,NaN,6440.0,NaN,6800.0,NaN,6840.0,p,7210.0,p
A,CLV20_EUR_HAB,P3,SE,33010.0,NaN,34390.0,NaN,34710.0,NaN,34250.0,NaN,34430.0,NaN
A,CLV20_EUR_HAB,P3,SI,15740.0,NaN,17240.0,NaN,17680.0,NaN,17680.0,NaN,18470.0,NaN
A,CLV20_EUR_HAB,P3,SK,13600.0,NaN,14090.0,b,14440.0,NaN,14030.0,NaN,14540.0,NaN
A,CLV20_EUR_HAB,P3,TR,5260.0,NaN,5910.0,NaN,6670.0,NaN,7240.0,NaN,,NaN
A,CLV20_EUR_HAB,P31_S13,AL,290.0,NaN,320.0,NaN,330.0,NaN,,NaN,,NaN
A,CLV20_EUR_HAB,P31_S13,AT,5780.0,NaN,6400.0,NaN,6310.0,NaN,6240.0,NaN,6430.0,NaN
A,CLV20_EUR_HAB,P31_S13,BE,6270.0,NaN,6570.0,NaN,6740.0,NaN,6920.0,NaN,7010.0,p
A,CLV20_EUR_HAB,P31_S13,BG,920.0,NaN,960.0,NaN,1010.0,NaN,1030.0,NaN,1070.0,NaN
A,CLV20_EUR_HAB,P31_S13,CH,5140.0,NaN,5410.0,NaN,5140.0,NaN,5200.0,NaN,,NaN
A,CLV20_EUR_HAB,P31_S13,CY,2590.0,NaN,2920.0,NaN,2980.0,NaN,2980.0,NaN,3050.0,p
A,CLV20_EUR_HAB,P31_S13,CZ,2540.0,NaN,2640.0,NaN,2590.0,NaN,2650.0,NaN,2740.0,NaN
A,CLV20_EUR_HAB,P31_S13,DE,5870.0,NaN,6100.0,NaN,6170.0,p,5990.0,p,6150.0,p
A,CLV20_EUR_HAB,P31_S13,DK,9330.0,NaN,9850.0,NaN,9480.0,NaN,9360.0,NaN,9310.0,NaN
A,CLV20_EUR_HAB,P31_S13,EA,4750.0,NaN,5020.0,NaN,5070.0,NaN,5050.0,NaN,5140.0,NaN
A,CLV20_EUR_HAB,P31_S13,EA12,4880.0,NaN,5150.0,NaN,5200.0,NaN,5220.0,NaN,5310.0,NaN
A,CLV20_EUR_HAB,P31_S13,EA19,4750.0,NaN,5020.0,NaN,5070.0,NaN,5090.0,NaN,5180.0,NaN
A,CLV20_EUR_HAB,P31_S13,EA20,4720.0,NaN,4980.0,NaN,5030.0,NaN,5050.0,NaN,5140.0,NaN
A,CLV20_EUR_HAB,P31_S13,EE,2450.0,NaN,2580.0,NaN,2570.0,NaN,2490.0,NaN,2520.0,NaN
A,CLV20_EUR_HAB,P31_S13,EL,1720.0,p,1780.0,p,1810.0,p,1880.0,p,1830.0,p
A,CLV20_EUR_HAB,P31_S13,ES,3120.0,NaN,3260.0,NaN,3210.0,NaN,3310.0,p,3400.0,p
A,CLV20_EUR_HAB,P31_S13,EU27_2020,4260.0,b,4500.0,NaN,4530.0,NaN,4560.0,NaN,4650.0,NaN
A,CLV20_EUR_HAB,P31_S13,FI,7160.0,NaN,7450.0,NaN,7390.0,NaN,8020.0,b,8110.0,NaN
A,CLV20_EUR_HAB,P31_S13,FR,5590.0,NaN,6030.0,NaN,6170.0,NaN,6210.0,p,6280.0,p
A,CLV20_EUR_HAB,P31_S13,HR,1700.0,NaN,1770.0,NaN,1810.0,NaN,1900.0,NaN,2070.0,p
A,CLV20_EUR_HAB,P31_S13,HU,1390.0,NaN,1430.0,NaN,1510.0,NaN,1550.0,NaN,1570.0,p
A,CLV20_EUR_HAB,P31_S13,IE,6410.0,NaN,6760.0,NaN,6910.0,NaN,7310.0,NaN,7480.0,NaN
A,CLV20_EUR_HAB,P31_S13,IS,9660.0,p,9750.0,p,9690.0,p,9670.0,p,9670.0,p
A,CLV20_EUR_HAB,P31_S13,IT,3380.0,NaN,3540.0,NaN,3570.0,NaN,3630.0,NaN,3620.0,p
A,CLV20_EUR_HAB,P31_S13,LT,1960.0,NaN,1970.0,NaN,2000.0,NaN,1970.0,NaN,1990.0,NaN
A,CLV20_EUR_HAB,P31_S13,LU,11530.0,NaN,11930.0,NaN,12190.0,NaN,11970.0,NaN,12400.0,p
A,CLV20_EUR_HAB,P31_S13,LV,1460.0,NaN,1540.0,NaN,1450.0,NaN,1540.0,NaN,1530.0,NaN
A,CLV20_EUR_HAB,P31_S13,ME,800.0,NaN,810.0,NaN,810.0,NaN,850.0,NaN,860.0,NaN
A,CLV20_EUR_HAB,P31_S13,MT,3280.0,NaN,3520.0,NaN,3330.0,NaN,3320.0,NaN,3530.0,NaN
A,CLV20_EUR_HAB,P31_S13,NL,8160.0,NaN,8540.0,NaN,8510.0,NaN,8560.0,p,8720.0,p
A,CLV20_EUR_HAB,P31_S13,NO,10420.0,NaN,10810.0,NaN,11010.0,NaN,11190.0,NaN,11330.0,NaN
A,CLV20_EUR_HAB,P31_S13,PL,1460.0,b,1610.0,NaN,1550.0,b,1620.0,NaN,1790.0,NaN
A,CLV20_EUR_HAB,P31_S13,PT,2050.0,NaN,2220.0,NaN,2300.0,NaN,2330.0,NaN,2390.0,p
A,CLV20_EUR_HAB,P31_S13,RO,960.0,NaN,980.0,NaN,1020.0,NaN,1050.0,NaN,1010.0,p
A,CLV20_EUR_HAB,P31_S13,RS,740.0,NaN,750.0,NaN,810.0,NaN,810.0,p,840.0,p
A,CLV20_EUR_HAB,P31_S13,SE,9080.0,NaN,9340.0,NaN,9230.0,NaN,9160.0,NaN,9200.0,NaN
A,CLV20_EUR_HAB,P31_S13,SI,2810.0,NaN,3000.0,NaN,3010.0,NaN,2980.0,NaN,3280.0,NaN
A,CLV20_EUR_HAB,P31_S13,SK,1630.0,NaN,1780.0,b,1890.0,NaN,1870.0,NaN,1890.0,NaN
A,CLV20_EUR_HAB,P31_S13,TR,700.0,NaN,740.0,NaN,750.0,NaN,810.0,NaN,,NaN
A,CLV20_EUR_HAB,P31_S14,AL,3470.0,NaN,3660.0,NaN,3930.0,NaN,,NaN,,NaN
A,CLV20_EUR_HAB,P31_S14,AT,20320.0,NaN,21190.0,NaN,22150.0,NaN,21860.0,NaN,21940.0,NaN
A,CLV20_EUR_HAB,P31_S14,BE,19780.0,NaN,20780.0,NaN,21350.0,NaN,21380.0,NaN,21700.0,p
A,CLV20_EUR_HAB,P31_S14,BG,5440.0,NaN,5940.0,NaN,6220.0,NaN,6300.0,NaN,6620.0,NaN
A,CLV20_EUR_HAB,P31_S14,CH,37350.0,NaN,37880.0,NaN,39220.0,NaN,39190.0,NaN,,NaN
A,CLV20_EUR_HAB,P31_S14,CY,14910.0,NaN,15350.0,NaN,16670.0,NaN,17340.0,NaN,17740.0,p
A,CLV20_EUR_HAB,P31_S14,CZ,9690.0,NaN,10090.0,NaN,9880.0,NaN,9500.0,NaN,9700.0,NaN
A,CLV20_EUR_HAB,P31_S14,DE,20650.0,NaN,21100.0,NaN,22350.0,p,22010.0,p,22050.0,p
A,CLV20_EUR_HAB,P31_S14,DK,24300.0,NaN,25600.0,NaN,24760.0,NaN,23940.0,NaN,24080.0,NaN
A,CLV20_EUR_HAB,P31_S14,EA,17080.0,NaN,17860.0,NaN,18720.0,NaN,18590.0,NaN,18740.0,NaN
A,CLV20_EUR_HAB,P31_S14,EA12,17390.0,NaN,18180.0,NaN,19060.0,NaN,19030.0,NaN,19170.0,NaN
A,CLV20_EUR_HAB,P31_S14,EA19,17080.0,NaN,17860.0,NaN,18720.0,NaN,18690.0,NaN,18840.0,NaN
A,CLV20_EUR_HAB,P31_S14,EA20,16970.0,NaN,17760.0,NaN,18610.0,NaN,18590.0,NaN,18740.0,NaN
A,CLV20_EUR_HAB,P31_S14,EE,10290.0,NaN,11020.0,NaN,11360.0,NaN,10900.0,NaN,10830.0,NaN
A,CLV20_EUR_HAB,P31_S14,EL,10890.0,p,11510.0,p,12680.0,p,13020.0,p,13360.0,p
A,CLV20_EUR_HAB,P31_S14,ES,13110.0,NaN,14060.0,NaN,14610.0,NaN,14680.0,p,14970.0,p
A,CLV20_EUR_HAB,P31_S14,EU27_2020,15390.0,b,16150.0,NaN,16850.0,NaN,16810.0,NaN,17010.0,NaN
A,CLV20_EUR_HAB,P31_S14,FI,20670.0,NaN,21340.0,NaN,21450.0,NaN,21400.0,NaN,21140.0,NaN
A,CLV20_EUR_HAB,P31_S14,FR,17600.0,NaN,18430.0,NaN,18950.0,NaN,19010.0,p,19160.0,p
A,CLV20_EUR_HAB,P31_S14,HR,7440.0,NaN,8320.0,NaN,8940.0,NaN,9220.0,NaN,9740.0,p
A,CLV20_EUR_HAB,P31_S14,HU,6850.0,NaN,7240.0,NaN,7770.0,NaN,7570.0,NaN,8050.0,p
A,CLV20_EUR_HAB,P31_S14,IE,18480.0,NaN,19960.0,NaN,21680.0,NaN,22200.0,NaN,22390.0,NaN
A,CLV20_EUR_HAB,P31_S14,IS,26450.0,p,28250.0,p,29760.0,p,29160.0,p,28880.0,p
A,CLV20_EUR_HAB,P31_S14,IT,16120.0,NaN,17140.0,NaN,18080.0,NaN,18180.0,NaN,18290.0,p
A,CLV20_EUR_HAB,P31_S14,LT,9980.0,NaN,10800.0,NaN,10910.0,NaN,10740.0,NaN,11010.0,NaN
A,CLV20_EUR_HAB,P31_S14,LU,28830.0,NaN,31460.0,NaN,32730.0,NaN,33270.0,NaN,33820.0,p
A,CLV20_EUR_HAB,P31_S14,LV,8330.0,NaN,9080.0,NaN,9550.0,NaN,9510.0,NaN,9600.0,NaN
A,CLV20_EUR_HAB,P31_S14,ME,5300.0,NaN,5600.0,NaN,6380.0,NaN,6820.0,NaN,7540.0,NaN
A,CLV20_EUR_HAB,P31_S14,MK,3810.0,e,4180.0,e,4420.0,e,4500.0,e,4610.0,e
A,CLV20_EUR_HAB,P31_S14,MT,11420.0,NaN,12630.0,NaN,13490.0,NaN,14690.0,NaN,15150.0,NaN
A,CLV20_EUR_HAB,P31_S14,NL,19610.0,NaN,20380.0,NaN,21610.0,NaN,21550.0,p,21650.0,p
A,CLV20_EUR_HAB,P31_S14,NO,24600.0,NaN,25720.0,NaN,27380.0,NaN,26700.0,NaN,26850.0,NaN
A,CLV20_EUR_HAB,P31_S14,PL,7980.0,b,8530.0,NaN,8760.0,b,8770.0,NaN,9050.0,NaN
A,CLV20_EUR_HAB,P31_S14,PT,12010.0,NaN,12580.0,NaN,13200.0,NaN,13360.0,NaN,13610.0,p
A,CLV20_EUR_HAB,P31_S14,RO,6870.0,NaN,7430.0,NaN,7880.0,NaN,8060.0,NaN,8530.0,p
A,CLV20_EUR_HAB,P31_S14,RS,4520.0,NaN,4910.0,NaN,5220.0,NaN,5280.0,p,5580.0,p
A,CLV20_EUR_HAB,P31_S14,SE,20170.0,NaN,21190.0,NaN,21580.0,NaN,21050.0,NaN,21110.0,NaN
A,CLV20_EUR_HAB,P31_S14,SI,10940.0,NaN,12140.0,NaN,12560.0,NaN,12500.0,NaN,12930.0,NaN
A,CLV20_EUR_HAB,P31_S14,SK,9760.0,NaN,10090.0,b,10540.0,NaN,10210.0,NaN,10590.0,NaN
A,CLV20_EUR_HAB,P31_S14,TR,4080.0,NaN,4680.0,NaN,5390.0,NaN,5930.0,NaN,,NaN
A,CLV20_EUR_HAB,P31_S14_S15,AL,3510.0,NaN,3710.0,NaN,3980.0,NaN,,NaN,,NaN
A,CLV20_EUR_HAB,P31_S14_S15,AT,21150.0,NaN,22100.0,NaN,23030.0,NaN,22780.0,NaN,22890.0,NaN
A,CLV20_EUR_HAB,P31_S14_S15,BE,20200.0,NaN,21240.0,NaN,21840.0,NaN,21890.0,NaN,22210.0,p
A,CLV20_EUR_HAB,P31_S14_S15,BG,5480.0,NaN,5990.0,NaN,6270.0,NaN,6350.0,NaN,6670.0,NaN
A,CLV20_EUR_HAB,P31_S14_S15,CH,39060.0,NaN,39640.0,NaN,40990.0,NaN,40990.0,NaN,41240.0,NaN
A,CLV20_EUR_HAB,P31_S14_S15,CY,15150.0,NaN,15630.0,NaN,16960.0,NaN,17640.0,NaN,18050.0,p
A,CLV20_EUR_HAB,P31_S14_S15,CZ,9880.0,NaN,10290.0,NaN,10100.0,NaN,9730.0,NaN,9950.0,NaN
A,CLV20_EUR_HAB,P31_S14_S15,DE,21290.0,NaN,21750.0,NaN,23020.0,p,22660.0,p,22720.0,p
A,CLV20_EUR_HAB,P31_S14_S15,DK,25080.0,NaN,26370.0,NaN,25570.0,NaN,24740.0,NaN,24870.0,NaN
A,CLV20_EUR_HAB,P31_S14_S15,EA,17550.0,NaN,18350.0,NaN,19230.0,NaN,19100.0,NaN,19260.0,NaN
A,CLV20_EUR_HAB,P31_S14_S15,EA12,17880.0,NaN,18690.0,NaN,19590.0,NaN,19560.0,NaN,19710.0,NaN
A,CLV20_EUR_HAB,P31_S14_S15,EA19,17550.0,NaN,18350.0,NaN,19230.0,NaN,19210.0,NaN,19360.0,NaN
A,CLV20_EUR_HAB,P31_S14_S15,EA20,17440.0,NaN,18240.0,NaN,19120.0,NaN,19100.0,NaN,19260.0,NaN
A,CLV20_EUR_HAB,P31_S14_S15,EE,10650.0,NaN,11410.0,NaN,11720.0,NaN,11280.0,NaN,11220.0,NaN
A,CLV20_EUR_HAB,P31_S14_S15,EL,11130.0,p,11760.0,p,12920.0,p,13260.0,p,13600.0,p
A,CLV20_EUR_HAB,P31_S14_S15,ES,13380.0,NaN,14330.0,NaN,14900.0,NaN,14990.0,p,15290.0,p
A,CLV20_EUR_HAB,P31_S14_S15,EU27_2020,15800.0,b,16580.0,NaN,17300.0,NaN,17270.0,NaN,17480.0,NaN
A,CLV20_EUR_HAB,P31_S14_S15,FI,21470.0,NaN,22110.0,NaN,22240.0,NaN,22150.0,NaN,21890.0,NaN
A,CLV20_EUR_HAB,P31_S14_S15,FR,18370.0,NaN,19240.0,NaN,19810.0,NaN,19890.0,p,20050.0,p
A,CLV20_EUR_HAB,P31_S14_S15,HR,7600.0,NaN,8490.0,NaN,9120.0,NaN,9410.0,NaN,9950.0,p
A,CLV20_EUR_HAB,P31_S14_S15,HU,7140.0,NaN,7540.0,NaN,8120.0,NaN,7950.0,NaN,8420.0,p
A,CLV20_EUR_HAB,P31_S14_S15,IE,18830.0,NaN,20290.0,NaN,22020.0,NaN,22570.0,NaN,22860.0,NaN
A,CLV20_EUR_HAB,P31_S14_S15,IS,27770.0,p,29580.0,p,31080.0,p,30480.0,p,30200.0,p
A,CLV20_EUR_HAB,P31_S14_S15,IT,16260.0,NaN,17290.0,NaN,18240.0,NaN,18350.0,NaN,18460.0,p
A,CLV20_EUR_HAB,P31_S14_S15,LT,10020.0,NaN,10840.0,NaN,10950.0,NaN,10780.0,NaN,11060.0,NaN
A,CLV20_EUR_HAB,P31_S14_S15,LU,31010.0,NaN,34020.0,NaN,35480.0,NaN,36140.0,NaN,36720.0,p
A,CLV20_EUR_HAB,P31_S14_S15,LV,8520.0,NaN,9290.0,NaN,9750.0,NaN,9690.0,NaN,9780.0,NaN
A,CLV20_EUR_HAB,P31_S14_S15,ME,5400.0,NaN,5710.0,NaN,6490.0,NaN,6950.0,NaN,7670.0,NaN
A,CLV20_EUR_HAB,P31_S14_S15,MK,3850.0,e,4240.0,e,4480.0,e,4570.0,e,4670.0,e
A,CLV20_EUR_HAB,P31_S14_S15,MT,11880.0,NaN,13140.0,NaN,14020.0,NaN,15230.0,NaN,15730.0,NaN
A,CLV20_EUR_HAB,P31_S14_S15,NL,19990.0,NaN,20770.0,NaN,22010.0,NaN,21950.0,p,22050.0,p
A,CLV20_EUR_HAB,P31_S14_S15,NO,26080.0,NaN,27260.0,NaN,29130.0,NaN,28440.0,NaN,28580.0,NaN
A,CLV20_EUR_HAB,P31_S14_S15,PL,8120.0,b,8660.0,NaN,8920.0,b,8930.0,NaN,9220.0,NaN
A,CLV20_EUR_HAB,P31_S14_S15,PT,12330.0,NaN,12910.0,NaN,13550.0,NaN,13730.0,NaN,13980.0,p
A,CLV20_EUR_HAB,P31_S14_S15,RO,6970.0,NaN,7520.0,NaN,7970.0,NaN,8160.0,NaN,8630.0,p
A,CLV20_EUR_HAB,P31_S14_S15,RS,4590.0,NaN,4990.0,NaN,5300.0,NaN,5360.0,p,5670.0,p
A,CLV20_EUR_HAB,P31_S14_S15,SE,20720.0,NaN,21760.0,NaN,22130.0,NaN,21630.0,NaN,21700.0,NaN
A,CLV20_EUR_HAB,P31_S14_S15,SI,11130.0,NaN,12360.0,NaN,12840.0,NaN,12770.0,NaN,13210.0,NaN
A,CLV20_EUR_HAB,P31_S14_S15,SK,9930.0,NaN,10270.0,b,10740.0,NaN,10430.0,NaN,10790.0,NaN
A,CLV20_EUR_HAB,P31_S14_S15,TR,4110.0,NaN,4710.0,NaN,5420.0,NaN,5960.0,NaN,,NaN
A,CLV20_EUR_HAB,P31_S15,AL,40.0,NaN,50.0,NaN,50.0,NaN,,NaN,,NaN
A,CLV20_EUR_HAB,P31_S15,AT,830.0,NaN,910.0,NaN,880.0,NaN,920.0,NaN,950.0,NaN
A,CLV20_EUR_HAB,P31_S15,BE,420.0,NaN,460.0,NaN,490.0,NaN,510.0,NaN,520.0,p
A,CLV20_EUR_HAB,P31_S15,BG,40.0,NaN,50.0,NaN,50.0,NaN,50.0,NaN,50.0,NaN
A,CLV20_EUR_HAB,P31_S15,CH,1710.0,NaN,1770.0,NaN,1770.0,NaN,1800.0,NaN,,NaN
A,CLV20_EUR_HAB,P31_S15,CY,240.0,NaN,290.0,NaN,280.0,NaN,300.0,NaN,310.0,p
A,CLV20_EUR_HAB,P31_S15,CZ,190.0,NaN,200.0,NaN,220.0,NaN,230.0,NaN,250.0,NaN
A,CLV20_EUR_HAB,P31_S15,DE,650.0,NaN,650.0,NaN,660.0,p,650.0,p,660.0,p
A,CLV20_EUR_HAB,P31_S15,DK,780.0,NaN,770.0,NaN,800.0,NaN,810.0,NaN,790.0,NaN
A,CLV20_EUR_HAB,P31_S15,EA,470.0,NaN,490.0,NaN,510.0,NaN,510.0,NaN,520.0,NaN
A,CLV20_EUR_HAB,P31_S15,EA12,490.0,NaN,500.0,NaN,520.0,NaN,530.0,NaN,540.0,NaN
A,CLV20_EUR_HAB,P31_S15,EA19,470.0,NaN,490.0,NaN,510.0,NaN,520.0,NaN,530.0,NaN
A,CLV20_EUR_HAB,P31_S15,EA20,470.0,NaN,490.0,NaN,510.0,NaN,510.0,NaN,520.0,NaN
A,CLV20_EUR_HAB,P31_S15,EE,370.0,NaN,390.0,NaN,370.0,NaN,380.0,NaN,390.0,NaN
A,CLV20_EUR_HAB,P31_S15,EL,240.0,p,250.0,p,240.0,p,240.0,p,240.0,p
A,CLV20_EUR_HAB,P31_S15,ES,270.0,NaN,270.0,NaN,290.0,NaN,310.0,p,320.0,p
A,CLV20_EUR_HAB,P31_S15,EU27_2020,410.0,b,430.0,NaN,450.0,NaN,450.0,NaN,470.0,NaN
A,CLV20_EUR_HAB,P31_S15,FI,800.0,NaN,770.0,NaN,790.0,NaN,750.0,NaN,750.0,NaN
A,CLV20_EUR_HAB,P31_S15,FR,770.0,NaN,810.0,NaN,860.0,NaN,880.0,p,890.0,p
A,CLV20_EUR_HAB,P31_S15,HR,160.0,NaN,170.0,NaN,180.0,NaN,190.0,NaN,210.0,p
A,CLV20_EUR_HAB,P31_S15,HU,290.0,NaN,310.0,NaN,360.0,NaN,380.0,NaN,380.0,p
A,CLV20_EUR_HAB,P31_S15,IE,350.0,NaN,330.0,NaN,340.0,NaN,360.0,NaN,490.0,NaN
A,CLV20_EUR_HAB,P31_S15,IS,1320.0,p,1330.0,p,1330.0,p,1320.0,p,1320.0,p
A,CLV20_EUR_HAB,P31_S15,IT,140.0,NaN,160.0,NaN,160.0,NaN,170.0,NaN,170.0,p
A,CLV20_EUR_HAB,P31_S15,LT,40.0,NaN,40.0,NaN,40.0,NaN,40.0,NaN,50.0,NaN
A,CLV20_EUR_HAB,P31_S15,LU,2180.0,NaN,2550.0,NaN,2760.0,NaN,2890.0,NaN,2920.0,p
A,CLV20_EUR_HAB,P31_S15,LV,190.0,NaN,210.0,NaN,200.0,NaN,180.0,NaN,180.0,i
A,CLV20_EUR_HAB,P31_S15,ME,100.0,NaN,100.0,NaN,110.0,NaN,130.0,NaN,130.0,NaN
A,CLV20_EUR_HAB,P31_S15,MK,50.0,e,60.0,e,60.0,e,60.0,e,70.0,e
A,CLV20_EUR_HAB,P31_S15,MT,470.0,NaN,510.0,NaN,530.0,NaN,540.0,NaN,580.0,NaN
A,CLV20_EUR_HAB,P31_S15,NL,380.0,NaN,400.0,NaN,390.0,NaN,400.0,p,400.0,p
A,CLV20_EUR_HAB,P31_S15,NO,1480.0,NaN,1540.0,NaN,1750.0,NaN,1750.0,NaN,1730.0,NaN
A,CLV20_EUR_HAB,P31_S15,PL,130.0,b,140.0,NaN,150.0,b,160.0,NaN,170.0,NaN
A,CLV20_EUR_HAB,P31_S15,PT,320.0,NaN,330.0,NaN,350.0,NaN,360.0,NaN,370.0,p
A,CLV20_EUR_HAB,P31_S15,RO,100.0,NaN,90.0,NaN,90.0,NaN,100.0,NaN,100.0,p
A,CLV20_EUR_HAB,P31_S15,RS,70.0,NaN,80.0,NaN,80.0,NaN,80.0,p,90.0,p
A,CLV20_EUR_HAB,P31_S15,SE,550.0,NaN,570.0,NaN,560.0,NaN,580.0,NaN,590.0,NaN
A,CLV20_EUR_HAB,P31_S15,SI,200.0,NaN,220.0,NaN,270.0,NaN,270.0,NaN,280.0,NaN
A,CLV20_EUR_HAB,P31_S15,SK,170.0,NaN,180.0,b,200.0,NaN,220.0,NaN,200.0,NaN
A,CLV20_EUR_HAB,P31_S15,TR,30.0,NaN,30.0,NaN,30.0,NaN,40.0,NaN,,NaN
A,CLV20_EUR_HAB,P32_S13,AL,350.0,NaN,350.0,NaN,360.0,NaN,,NaN,,NaN
A,CLV20_EUR_HAB,P32_S13,AT,3310.0,NaN,3360.0,NaN,3330.0,NaN,3380.0,NaN,3510.0,NaN
A,CLV20_EUR_HAB,P32_S13,BE,3470.0,NaN,3540.0,NaN,3600.0,NaN,3610.0,NaN,3650.0,p
A,CLV20_EUR_HAB,P32_S13,BG,910.0,NaN,880.0,NaN,1000.0,NaN,1010.0,NaN,1040.0,NaN
A,CLV20_EUR_HAB,P32_S13,CH,3980.0,NaN,3930.0,NaN,4010.0,NaN,3960.0,NaN,,NaN
A,CLV20_EUR_HAB,P32_S13,CY,2130.0,NaN,2150.0,NaN,2240.0,NaN,2320.0,NaN,2250.0,p
A,CLV20_EUR_HAB,P32_S13,CZ,1960.0,NaN,1920.0,NaN,1880.0,NaN,1910.0,NaN,1960.0,NaN
A,CLV20_EUR_HAB,P32_S13,DE,3500.0,NaN,3570.0,NaN,3500.0,p,3570.0,p,3630.0,p
A,CLV20_EUR_HAB,P32_S13,DK,3930.0,NaN,4000.0,NaN,3920.0,NaN,3980.0,NaN,4080.0,NaN
A,CLV20_EUR_HAB,P32_S13,EA,2870.0,NaN,2930.0,NaN,2930.0,NaN,2970.0,NaN,3030.0,NaN
A,CLV20_EUR_HAB,P32_S13,EA12,2910.0,NaN,2970.0,NaN,2990.0,NaN,3040.0,NaN,3090.0,NaN
A,CLV20_EUR_HAB,P32_S13,EA19,2870.0,NaN,2930.0,NaN,2930.0,NaN,2980.0,NaN,3040.0,NaN
A,CLV20_EUR_HAB,P32_S13,EA20,2850.0,NaN,2910.0,NaN,2920.0,NaN,2970.0,NaN,3030.0,NaN
A,CLV20_EUR_HAB,P32_S13,EE,1870.0,NaN,1900.0,NaN,1830.0,NaN,1830.0,NaN,1850.0,NaN
A,CLV20_EUR_HAB,P32_S13,EL,1850.0,p,1880.0,p,1860.0,p,1910.0,p,1870.0,p
A,CLV20_EUR_HAB,P32_S13,ES,2070.0,NaN,2120.0,NaN,2150.0,NaN,2230.0,p,2240.0,p
A,CLV20_EUR_HAB,P32_S13,EU27_2020,2590.0,b,2640.0,NaN,2650.0,NaN,2700.0,NaN,2760.0,NaN
A,CLV20_EUR_HAB,P32_S13,FI,3280.0,NaN,3420.0,NaN,3380.0,NaN,3000.0,b,3020.0,NaN
A,CLV20_EUR_HAB,P32_S13,FR,3100.0,NaN,3190.0,NaN,3260.0,NaN,3330.0,p,3370.0,p
A,CLV20_EUR_HAB,P32_S13,HR,1530.0,NaN,1580.0,NaN,1630.0,NaN,1760.0,NaN,1860.0,p
A,CLV20_EUR_HAB,P32_S13,HU,1660.0,NaN,1700.0,NaN,1710.0,NaN,1780.0,NaN,1710.0,p
A,CLV20_EUR_HAB,P32_S13,IE,3130.0,NaN,3320.0,NaN,3320.0,NaN,3380.0,NaN,3530.0,NaN
A,CLV20_EUR_HAB,P32_S13,IS,5560.0,p,5620.0,p,5580.0,p,5570.0,p,5570.0,p
A,CLV20_EUR_HAB,P32_S13,IT,2440.0,NaN,2450.0,NaN,2480.0,NaN,2490.0,NaN,2560.0,p
A,CLV20_EUR_HAB,P32_S13,LT,1330.0,NaN,1360.0,NaN,1360.0,NaN,1340.0,NaN,1360.0,NaN
A,CLV20_EUR_HAB,P32_S13,LU,7300.0,NaN,7500.0,NaN,7590.0,NaN,7740.0,NaN,7950.0,p
A,CLV20_EUR_HAB,P32_S13,LV,1770.0,NaN,1830.0,NaN,1950.0,NaN,1940.0,NaN,1970.0,NaN
A,CLV20_EUR_HAB,P32_S13,ME,770.0,NaN,720.0,NaN,760.0,NaN,760.0,NaN,780.0,NaN
A,CLV20_EUR_HAB,P32_S13,MT,2200.0,NaN,2250.0,NaN,2280.0,NaN,2270.0,NaN,2410.0,NaN
A,CLV20_EUR_HAB,P32_S13,NL,3860.0,NaN,3980.0,NaN,4050.0,NaN,4230.0,p,4440.0,p
A,CLV20_EUR_HAB,P32_S13,NO,5260.0,NaN,5350.0,NaN,5300.0,NaN,5480.0,NaN,5570.0,NaN
A,CLV20_EUR_HAB,P32_S13,PL,1230.0,b,1240.0,NaN,1250.0,b,1320.0,NaN,1410.0,NaN
A,CLV20_EUR_HAB,P32_S13,PT,1600.0,NaN,1570.0,NaN,1520.0,NaN,1520.0,NaN,1480.0,p
A,CLV20_EUR_HAB,P32_S13,RO,1190.0,NaN,1180.0,NaN,1120.0,NaN,1170.0,NaN,1230.0,p
A,CLV20_EUR_HAB,P32_S13,RS,640.0,NaN,700.0,NaN,690.0,NaN,660.0,p,700.0,p
A,CLV20_EUR_HAB,P32_S13,SE,3210.0,NaN,3290.0,NaN,3350.0,NaN,3460.0,NaN,3530.0,NaN
A,CLV20_EUR_HAB,P32_S13,SI,1790.0,NaN,1880.0,NaN,1830.0,NaN,1940.0,NaN,1980.0,NaN
A,CLV20_EUR_HAB,P32_S13,SK,2040.0,NaN,2040.0,b,1810.0,NaN,1740.0,NaN,1860.0,NaN
A,CLV20_EUR_HAB,P32_S13,TR,450.0,NaN,440.0,NaN,480.0,NaN,450.0,NaN,,NaN
A,CLV20_EUR_HAB,P3_S13,AL,640.0,NaN,670.0,NaN,690.0,NaN,,NaN,,NaN
A,CLV20_EUR_HAB,P3_S13,AT,9090.0,NaN,9750.0,NaN,9640.0,NaN,9620.0,NaN,9940.0,NaN
A,CLV20_EUR_HAB,P3_S13,BE,9740.0,NaN,10110.0,NaN,10340.0,NaN,10530.0,NaN,10660.0,p
A,CLV20_EUR_HAB,P3_S13,BG,1820.0,NaN,1850.0,NaN,2010.0,NaN,2030.0,NaN,2110.0,NaN
A,CLV20_EUR_HAB,P3_S13,CH,9130.0,NaN,9330.0,NaN,9140.0,NaN,9160.0,NaN,9230.0,NaN
A,CLV20_EUR_HAB,P3_S13,CY,4730.0,NaN,5070.0,NaN,5210.0,NaN,5300.0,NaN,5300.0,p
A,CLV20_EUR_HAB,P3_S13,CZ,4500.0,NaN,4560.0,NaN,4470.0,NaN,4560.0,NaN,4700.0,NaN
A,CLV20_EUR_HAB,P3_S13,DE,9360.0,NaN,9670.0,NaN,9670.0,p,9560.0,p,9780.0,p
A,CLV20_EUR_HAB,P3_S13,DK,13260.0,NaN,13850.0,NaN,13400.0,NaN,13340.0,NaN,13400.0,NaN
A,CLV20_EUR_HAB,P3_S13,EA,7620.0,NaN,7940.0,NaN,8000.0,NaN,8020.0,NaN,8170.0,NaN
A,CLV20_EUR_HAB,P3_S13,EA12,7790.0,NaN,8120.0,NaN,8190.0,NaN,8260.0,NaN,8410.0,NaN
A,CLV20_EUR_HAB,P3_S13,EA19,7620.0,NaN,7940.0,NaN,8000.0,NaN,8070.0,NaN,8220.0,NaN
A,CLV20_EUR_HAB,P3_S13,EA20,7570.0,NaN,7890.0,NaN,7950.0,NaN,8020.0,NaN,8170.0,NaN
A,CLV20_EUR_HAB,P3_S13,EE,4320.0,NaN,4480.0,NaN,4410.0,NaN,4320.0,NaN,4370.0,NaN
A,CLV20_EUR_HAB,P3_S13,EL,3570.0,p,3650.0,p,3670.0,p,3790.0,p,3700.0,p
A,CLV20_EUR_HAB,P3_S13,ES,5190.0,NaN,5370.0,NaN,5370.0,NaN,5540.0,p,5650.0,p
A,CLV20_EUR_HAB,P3_S13,EU27_2020,6860.0,b,7140.0,NaN,7180.0,NaN,7260.0,NaN,7410.0,NaN
A,CLV20_EUR_HAB,P3_S13,FI,10440.0,NaN,10870.0,NaN,10770.0,NaN,11010.0,NaN,11110.0,NaN
A,CLV20_EUR_HAB,P3_S13,FR,8690.0,NaN,9220.0,NaN,9430.0,NaN,9540.0,p,9650.0,p
A,CLV20_EUR_HAB,P3_S13,HR,3230.0,NaN,3350.0,NaN,3440.0,NaN,3670.0,NaN,3920.0,p
A,CLV20_EUR_HAB,P3_S13,HU,3050.0,NaN,3130.0,NaN,3220.0,NaN,3330.0,NaN,3280.0,p
A,CLV20_EUR_HAB,P3_S13,IE,9540.0,NaN,10080.0,NaN,10230.0,NaN,10680.0,NaN,11010.0,NaN
A,CLV20_EUR_HAB,P3_S13,IS,15220.0,p,15360.0,p,15270.0,p,15250.0,p,15250.0,p
A,CLV20_EUR_HAB,P3_S13,IT,5820.0,NaN,5990.0,NaN,6050.0,NaN,6120.0,NaN,6180.0,p
A,CLV20_EUR_HAB,P3_S13,LT,3290.0,NaN,3330.0,NaN,3360.0,NaN,3310.0,NaN,3340.0,NaN
A,CLV20_EUR_HAB,P3_S13,LU,18830.0,NaN,19430.0,NaN,19780.0,NaN,19720.0,NaN,20360.0,p
A,CLV20_EUR_HAB,P3_S13,LV,3220.0,NaN,3370.0,NaN,3380.0,NaN,3470.0,NaN,3490.0,NaN
A,CLV20_EUR_HAB,P3_S13,ME,1570.0,NaN,1540.0,NaN,1570.0,NaN,1610.0,NaN,1640.0,NaN
A,CLV20_EUR_HAB,P3_S13,MK,980.0,e,1000.0,e,960.0,e,950.0,e,950.0,e
A,CLV20_EUR_HAB,P3_S13,MT,5490.0,NaN,5770.0,NaN,5610.0,NaN,5600.0,NaN,5940.0,NaN
A,CLV20_EUR_HAB,P3_S13,NL,12030.0,NaN,12520.0,NaN,12560.0,NaN,12780.0,p,13150.0,p
A,CLV20_EUR_HAB,P3_S13,NO,15680.0,NaN,16160.0,NaN,16310.0,NaN,16670.0,NaN,16900.0,NaN
A,CLV20_EUR_HAB,P3_S13,PL,2700.0,b,2840.0,NaN,2800.0,b,2940.0,NaN,3200.0,NaN
A,CLV20_EUR_HAB,P3_S13,PT,3660.0,NaN,3790.0,NaN,3830.0,NaN,3850.0,NaN,3870.0,p
A,CLV20_EUR_HAB,P3_S13,RO,2150.0,NaN,2160.0,NaN,2140.0,NaN,2220.0,NaN,2250.0,p
A,CLV20_EUR_HAB,P3_S13,RS,1380.0,NaN,1450.0,NaN,1500.0,NaN,1480.0,p,1540.0,p
A,CLV20_EUR_HAB,P3_S13,SE,12290.0,NaN,12630.0,NaN,12580.0,NaN,12620.0,NaN,12730.0,NaN
A,CLV20_EUR_HAB,P3_S13,SI,4610.0,NaN,4880.0,NaN,4850.0,NaN,4920.0,NaN,5260.0,NaN
A,CLV20_EUR_HAB,P3_S13,SK,3670.0,NaN,3820.0,b,3700.0,NaN,3600.0,NaN,3750.0,NaN
A,CLV20_EUR_HAB,P3_S13,TR,1150.0,NaN,1190.0,NaN,1230.0,NaN,1250.0,NaN,,NaN
A,CLV20_EUR_HAB,P41,AL,3810.0,NaN,4030.0,NaN,4310.0,NaN,,NaN,,NaN
A,CLV20_EUR_HAB,P41,AT,26930.0,NaN,28500.0,NaN,29340.0,NaN,29030.0,NaN,29310.0,NaN
A,CLV20_EUR_HAB,P41,BE,26470.0,NaN,27800.0,NaN,28580.0,NaN,28800.0,NaN,29220.0,p
A,CLV20_EUR_HAB,P41,BG,6390.0,NaN,6950.0,NaN,7280.0,NaN,7380.0,NaN,7750.0,NaN
A,CLV20_EUR_HAB,P41,CH,44210.0,NaN,45050.0,NaN,46120.0,NaN,46180.0,NaN,,NaN
A,CLV20_EUR_HAB,P41,CY,17750.0,NaN,18550.0,NaN,19930.0,NaN,20610.0,NaN,21100.0,p
A,CLV20_EUR_HAB,P41,CZ,12420.0,NaN,12940.0,NaN,12690.0,NaN,12370.0,NaN,12680.0,NaN
A,CLV20_EUR_HAB,P41,DE,27160.0,NaN,27850.0,NaN,29190.0,p,28650.0,p,28860.0,p
A,CLV20_EUR_HAB,P41,DK,34400.0,NaN,36220.0,NaN,35050.0,NaN,34100.0,NaN,34180.0,NaN
A,CLV20_EUR_HAB,P41,EA,22300.0,NaN,23370.0,NaN,24300.0,NaN,24150.0,NaN,24400.0,NaN
A,CLV20_EUR_HAB,P41,EA12,22760.0,NaN,23840.0,NaN,24790.0,NaN,24780.0,NaN,25020.0,NaN
A,CLV20_EUR_HAB,P41,EA19,22300.0,NaN,23370.0,NaN,24300.0,NaN,24290.0,NaN,24540.0,NaN
A,CLV20_EUR_HAB,P41,EA20,22150.0,NaN,23220.0,NaN,24160.0,NaN,24150.0,NaN,24400.0,NaN
A,CLV20_EUR_HAB,P41,EE,13100.0,NaN,13990.0,NaN,14300.0,NaN,13760.0,NaN,13730.0,NaN
A,CLV20_EUR_HAB,P41,EL,12840.0,p,13540.0,p,14730.0,p,15130.0,p,15420.0,p
A,CLV20_EUR_HAB,P41,ES,16500.0,NaN,17590.0,NaN,18110.0,NaN,18300.0,p,18690.0,p
A,CLV20_EUR_HAB,P41,EU27_2020,20070.0,b,21080.0,NaN,21830.0,NaN,21830.0,NaN,22120.0,NaN
A,CLV20_EUR_HAB,P41,FI,28630.0,NaN,29560.0,NaN,29630.0,NaN,30160.0,NaN,29990.0,NaN
A,CLV20_EUR_HAB,P41,FR,23950.0,NaN,25280.0,NaN,25980.0,NaN,26100.0,p,26330.0,p
A,CLV20_EUR_HAB,P41,HR,9300.0,NaN,10260.0,NaN,10930.0,NaN,11310.0,NaN,12010.0,p
A,CLV20_EUR_HAB,P41,HU,8530.0,NaN,8970.0,NaN,9630.0,NaN,9500.0,NaN,10000.0,p
A,CLV20_EUR_HAB,P41,IE,25240.0,NaN,27050.0,NaN,28930.0,NaN,29870.0,NaN,30330.0,NaN
A,CLV20_EUR_HAB,P41,IS,37430.0,p,39330.0,p,40750.0,p,40150.0,p,39870.0,p
A,CLV20_EUR_HAB,P41,IT,19640.0,NaN,20840.0,NaN,21810.0,NaN,21980.0,NaN,22080.0,p
A,CLV20_EUR_HAB,P41,LT,11980.0,NaN,12810.0,NaN,12950.0,NaN,12750.0,NaN,13040.0,NaN
A,CLV20_EUR_HAB,P41,LU,42550.0,NaN,45950.0,NaN,47670.0,NaN,48120.0,NaN,49130.0,p
A,CLV20_EUR_HAB,P41,LV,9980.0,NaN,10830.0,NaN,11180.0,NaN,11210.0,NaN,11290.0,NaN
A,CLV20_EUR_HAB,P41,ME,6200.0,NaN,6520.0,NaN,7300.0,NaN,7800.0,NaN,8530.0,NaN
A,CLV20_EUR_HAB,P41,MT,15170.0,NaN,16660.0,NaN,17350.0,NaN,18560.0,NaN,19260.0,NaN
A,CLV20_EUR_HAB,P41,NL,28160.0,NaN,29310.0,NaN,30520.0,NaN,30510.0,p,30770.0,p
A,CLV20_EUR_HAB,P41,NO,36500.0,NaN,38070.0,NaN,40140.0,NaN,39630.0,NaN,39900.0,NaN
A,CLV20_EUR_HAB,P41,PL,9580.0,b,10270.0,NaN,10470.0,b,10550.0,NaN,11010.0,NaN
A,CLV20_EUR_HAB,P41,PT,14380.0,NaN,15130.0,NaN,15850.0,NaN,16060.0,NaN,16370.0,p
A,CLV20_EUR_HAB,P41,RO,7930.0,NaN,8500.0,NaN,8980.0,NaN,9210.0,NaN,9650.0,p
A,CLV20_EUR_HAB,P41,RS,5330.0,NaN,5740.0,NaN,6110.0,NaN,6170.0,p,6510.0,p
A,CLV20_EUR_HAB,P41,SE,29800.0,NaN,31100.0,NaN,31360.0,NaN,30790.0,NaN,30890.0,NaN
A,CLV20_EUR_HAB,P41,SI,13950.0,NaN,15350.0,NaN,15850.0,NaN,15750.0,NaN,16490.0,NaN
A,CLV20_EUR_HAB,P41,SK,11560.0,NaN,12050.0,b,12640.0,NaN,12290.0,NaN,12680.0,NaN
A,CLV20_EUR_HAB,P41,TR,4810.0,NaN,5460.0,NaN,6170.0,NaN,6780.0,NaN,,NaN
A,CLV_I10_HAB,B1GQ,AL,123.963,NaN,136.34,NaN,144.669,NaN,,NaN,,NaN
A,CLV_I10_HAB,B1GQ,AT,100.885,NaN,105.442,NaN,109.82,NaN,108.028,NaN,106.764,NaN
A,CLV_I10_HAB,B1GQ,BE,101.943,NaN,107.874,NaN,111.241,NaN,112.189,NaN,112.775,p
A,CLV_I10_HAB,B1GQ,BG,133.749,NaN,145.181,NaN,152.097,NaN,155.098,NaN,160.48,NaN
A,CLV_I10_HAB,B1GQ,CH,104.199,NaN,109.185,NaN,111.56,NaN,110.647,NaN,110.838,NaN
A,CLV_I10_HAB,B1GQ,CY,103.088,NaN,113.132,NaN,120.236,NaN,122.21,NaN,125.018,p
A,CLV_I10_HAB,B1GQ,CZ,118.035,NaN,122.806,NaN,123.266,NaN,121.981,NaN,123.29,NaN
A,CLV_I10_HAB,B1GQ,DE,109.336,NaN,113.792,NaN,115.101,p,113.062,p,112.192,p
A,CLV_I10_HAB,B1GQ,DK,109.253,NaN,115.863,NaN,115.353,NaN,115.239,NaN,118.672,NaN
A,CLV_I10_HAB,B1GQ,EA,103.605,NaN,110.19,NaN,113.619,NaN,113.64,NaN,114.194,NaN
A,CLV_I10_HAB,B1GQ,EA12,103.004,NaN,109.516,NaN,112.972,NaN,112.727,NaN,113.213,NaN
A,CLV_I10_HAB,B1GQ,EA19,103.605,NaN,110.19,NaN,113.619,NaN,113.4,NaN,113.933,NaN
A,CLV_I10_HAB,B1GQ,EA20,103.736,NaN,110.369,NaN,113.835,NaN,113.64,NaN,114.194,NaN
A,CLV_I10_HAB,B1GQ,EE,136.334,NaN,147.458,NaN,145.461,NaN,137.938,NaN,136.932,NaN
A,CLV_I10_HAB,B1GQ,EL,81.155,p,88.661,p,94.098,p,96.391,p,98.559,p
A,CLV_I10_HAB,B1GQ,ES,97.325,NaN,103.825,NaN,109.424,NaN,110.803,p,113.449,p
A,CLV_I10_HAB,B1GQ,EU27_2020,106.973,b,113.845,NaN,117.158,NaN,117.093,NaN,117.978,NaN
A,CLV_I10_HAB,B1GQ,FI,102.584,NaN,105.124,NaN,105.633,NaN,104.256,NaN,103.88,NaN
A,CLV_I10_HAB,B1GQ,FR,99.901,NaN,106.286,NaN,108.76,NaN,110.043,p,111.061,p
A,CLV_I10_HAB,B1GQ,HR,113.407,NaN,128.867,NaN,138.936,NaN,144.064,NaN,149.126,p
A,CLV_I10_HAB,B1GQ,HU,129.918,NaN,139.873,NaN,146.073,NaN,145.074,NaN,146.346,p
A,CLV_I10_HAB,B1GQ,IE,172.385,NaN,198.152,NaN,208.615,NaN,199.633,NaN,201.432,NaN
A,CLV_I10_HAB,B1GQ,IS,107.835,p,111.727,p,118.79,p,121.856,p,118.457,p
A,CLV_I10_HAB,B1GQ,IT,92.299,NaN,101.062,NaN,106.149,NaN,107.238,NaN,108.039,p
A,CLV_I10_HAB,B1GQ,LT,160.267,NaN,170.637,NaN,173.407,NaN,172.26,NaN,176.454,NaN
A,CLV_I10_HAB,B1GQ,LU,98.808,NaN,104.009,NaN,100.648,NaN,98.865,NaN,97.657,p
A,CLV_I10_HAB,B1GQ,LV,141.851,NaN,152.996,NaN,155.794,NaN,154.712,NaN,156.02,NaN
A,CLV_I10_HAB,B1GQ,ME,107.334,NaN,121.636,NaN,131.357,NaN,139.881,NaN,144.308,NaN
A,CLV_I10_HAB,B1GQ,MK,125.134,e,132.354,e,136.406,e,140.189,e,144.66,e
A,CLV_I10_HAB,B1GQ,MT,134.325,NaN,151.511,NaN,151.237,NaN,160.78,NaN,166.985,NaN
A,CLV_I10_HAB,B1GQ,NL,105.43,NaN,111.466,NaN,115.936,NaN,114.108,p,114.592,p
A,CLV_I10_HAB,B1GQ,NO,103.414,NaN,106.88,NaN,109.359,NaN,108.189,NaN,109.427,NaN
A,CLV_I10_HAB,B1GQ,PL,140.929,b,151.478,NaN,156.035,b,157.043,NaN,162.251,NaN
A,CLV_I10_HAB,B1GQ,PT,99.558,NaN,104.861,NaN,111.531,NaN,113.8,NaN,114.969,p
A,CLV_I10_HAB,B1GQ,RO,141.458,NaN,150.576,NaN,157.599,NaN,161.057,NaN,162.611,p
A,CLV_I10_HAB,B1GQ,RS,120.389,NaN,131.191,NaN,138.172,NaN,144.244,p,150.777,p
A,CLV_I10_HAB,B1GQ,SE,107.08,NaN,112.001,NaN,112.207,NaN,111.215,NaN,111.794,NaN
A,CLV_I10_HAB,B1GQ,SI,111.574,NaN,120.682,NaN,123.805,NaN,126.08,NaN,127.881,NaN
A,CLV_I10_HAB,B1GQ,SK,122.535,NaN,129.937,b,130.25,NaN,132.994,NaN,135.538,NaN
A,CLV_I10_HAB,B1GQ,TR,145.629,NaN,161.355,NaN,168.467,NaN,176.249,NaN,,NaN
A,CLV_I10_HAB,B1GQ,UK,,NaN,,NaN,,NaN,,NaN,,NaN
A,CLV_I10_HAB,P3,AL,120.957,NaN,127.227,NaN,135.777,NaN,,NaN,,NaN
A,CLV_I10_HAB,P3,AT,95.259,NaN,100.358,NaN,102.936,NaN,102.082,NaN,103.374,NaN
A,CLV_I10_HAB,P3,BE,99.862,NaN,104.542,NaN,107.343,NaN,108.114,NaN,109.631,p
A,CLV_I10_HAB,P3,BG,141.067,NaN,151.378,NaN,159.967,NaN,162.153,NaN,169.788,NaN
A,CLV_I10_HAB,P3,CH,101.081,NaN,102.731,NaN,105.143,NaN,105.16,NaN,105.844,NaN
A,CLV_I10_HAB,P3,CY,98.767,NaN,102.841,NaN,110.113,NaN,113.931,NaN,115.968,p
A,CLV_I10_HAB,P3,CZ,114.691,NaN,118.529,NaN,116.239,NaN,113.905,NaN,116.753,NaN
A,CLV_I10_HAB,P3,DE,108.354,NaN,111.045,NaN,115.524,p,113.874,p,114.828,p
A,CLV_I10_HAB,P3,DK,105.973,NaN,111.191,NaN,107.735,NaN,105.258,NaN,105.77,NaN
A,CLV_I10_HAB,P3,EA,100.286,NaN,104.781,NaN,108.537,NaN,108.935,NaN,110.162,NaN
A,CLV_I10_HAB,P3,EA12,99.759,NaN,104.189,NaN,107.947,NaN,108.13,NaN,109.265,NaN
A,CLV_I10_HAB,P3,EA19,100.286,NaN,104.781,NaN,108.537,NaN,108.688,NaN,109.881,NaN
A,CLV_I10_HAB,P3,EA20,100.443,NaN,104.975,NaN,108.758,NaN,108.935,NaN,110.162,NaN
A,CLV_I10_HAB,P3,EE,139.972,NaN,148.513,NaN,150.761,NaN,145.79,NaN,145.672,NaN
A,CLV_I10_HAB,P3,EL,86.153,p,90.347,p,97.258,p,99.896,p,101.379,p
A,CLV_I10_HAB,P3,ES,93.765,NaN,99.512,NaN,102.325,NaN,103.647,p,105.695,p
A,CLV_I10_HAB,P3,EU27_2020,103.664,b,108.517,NaN,112.005,NaN,112.219,NaN,113.847,NaN
A,CLV_I10_HAB,P3,FI,103.109,NaN,106.562,NaN,106.662,NaN,107.124,NaN,106.645,NaN
A,CLV_I10_HAB,P3,FR,99.991,NaN,105.201,NaN,108.065,NaN,108.762,p,109.755,p
A,CLV_I10_HAB,P3,HR,116.838,NaN,127.764,NaN,135.515,NaN,141.048,NaN,149.57,p
A,CLV_I10_HAB,P3,HU,131.312,NaN,137.564,NaN,146.242,NaN,145.48,NaN,150.949,p
A,CLV_I10_HAB,P3,IE,105.563,NaN,113.002,NaN,120.01,NaN,123.718,NaN,125.996,NaN
A,CLV_I10_HAB,P3,IS,109.857,p,114.848,p,118.393,p,116.841,p,116.121,p
A,CLV_I10_HAB,P3,IT,90.572,NaN,95.503,NaN,99.638,NaN,100.371,NaN,101.077,p
A,CLV_I10_HAB,P3,LT,137.665,NaN,146.532,NaN,148.019,NaN,145.81,NaN,148.956,NaN
A,CLV_I10_HAB,P3,LU,99.215,NaN,106.378,NaN,109.986,NaN,111.182,NaN,113.622,p
A,CLV_I10_HAB,P3,LV,138.111,NaN,148.828,NaN,154.271,NaN,154.602,NaN,155.906,NaN
A,CLV_I10_HAB,P3,ME,116.52,NaN,121.176,NaN,134.807,NaN,143.314,NaN,155.746,NaN
A,CLV_I10_HAB,P3,MK,120.652,e,130.685,e,135.85,e,137.727,e,140.504,e
A,CLV_I10_HAB,P3,MT,118.827,NaN,129.314,NaN,134.248,NaN,142.45,NaN,148.184,NaN
A,CLV_I10_HAB,P3,NL,99.565,NaN,103.538,NaN,107.502,NaN,108.006,p,109.462,p
A,CLV_I10_HAB,P3,NO,103.723,NaN,107.851,NaN,112.858,NaN,112.028,NaN,112.947,NaN
A,CLV_I10_HAB,P3,PL,131.255,b,139.716,NaN,142.232,b,144.064,NaN,150.837,NaN
A,CLV_I10_HAB,P3,PT,98.031,NaN,102.355,NaN,106.528,NaN,107.823,NaN,109.472,p
A,CLV_I10_HAB,P3,RO,147.816,NaN,156.829,NaN,163.696,NaN,168.21,NaN,176.246,p
A,CLV_I10_HAB,P3,RS,110.411,NaN,119.142,NaN,125.824,NaN,126.431,p,133.396,p
A,CLV_I10_HAB,P3,SE,103.981,NaN,108.348,NaN,109.353,NaN,107.889,NaN,108.447,NaN
A,CLV_I10_HAB,P3,SI,104.624,NaN,114.585,NaN,117.514,NaN,117.518,NaN,122.753,NaN
A,CLV_I10_HAB,P3,SK,118.655,NaN,122.945,b,125.999,NaN,122.445,NaN,126.856,NaN
A,CLV_I10_HAB,P3,TR,138.142,NaN,155.057,NaN,174.987,NaN,190.057,NaN,,NaN
A,CLV_I10_HAB,P3,UK,,NaN,,NaN,,NaN,,NaN,,NaN
A,CLV_I10_HAB,P31_S13,AL,123.166,NaN,133.757,NaN,137.631,NaN,,NaN,,NaN
A,CLV_I10_HAB,P31_S13,AT,100.817,NaN,111.624,NaN,110.137,NaN,108.956,NaN,112.227,NaN
A,CLV_I10_HAB,P31_S13,BE,102.695,NaN,107.479,NaN,110.378,NaN,113.235,NaN,114.747,p
A,CLV_I10_HAB,P31_S13,BG,145.597,NaN,152.828,NaN,160.521,NaN,163.419,NaN,170.42,NaN
A,CLV_I10_HAB,P31_S13,CH,107.56,NaN,113.024,NaN,107.414,NaN,108.648,NaN,,NaN
A,CLV_I10_HAB,P31_S13,CY,133.743,NaN,150.37,NaN,153.499,NaN,153.394,NaN,157.156,p
A,CLV_I10_HAB,P31_S13,CZ,122.652,NaN,127.627,NaN,125.086,NaN,128.017,NaN,132.396,NaN
A,CLV_I10_HAB,P31_S13,DE,123.104,NaN,128.11,NaN,129.437,p,125.625,p,129.019,p
A,CLV_I10_HAB,P31_S13,DK,101.432,NaN,107.045,NaN,103.051,NaN,101.722,NaN,101.259,NaN
A,CLV_I10_HAB,P31_S13,EA,109.268,NaN,115.395,NaN,116.632,NaN,117.203,NaN,119.302,NaN
A,CLV_I10_HAB,P31_S13,EA12,108.977,NaN,115.059,NaN,116.284,NaN,116.655,NaN,118.675,NaN
A,CLV_I10_HAB,P31_S13,EA19,109.268,NaN,115.395,NaN,116.632,NaN,116.98,NaN,119.039,NaN
A,CLV_I10_HAB,P31_S13,EA20,109.438,NaN,115.576,NaN,116.827,NaN,117.203,NaN,119.302,NaN
A,CLV_I10_HAB,P31_S13,EE,127.469,NaN,134.467,NaN,133.843,NaN,129.463,NaN,130.957,NaN
A,CLV_I10_HAB,P31_S13,EL,85.591,p,88.682,p,90.243,p,93.676,p,91.048,p
A,CLV_I10_HAB,P31_S13,ES,108.034,NaN,112.917,NaN,111.354,NaN,114.867,p,117.927,p
A,CLV_I10_HAB,P31_S13,EU27_2020,110.603,b,116.805,NaN,117.614,NaN,118.236,NaN,120.606,NaN
A,CLV_I10_HAB,P31_S13,FI,110.237,NaN,114.637,NaN,113.782,NaN,123.502,b,124.778,NaN
A,CLV_I10_HAB,P31_S13,FR,102.971,NaN,111.198,NaN,113.781,NaN,114.513,p,115.738,p
A,CLV_I10_HAB,P31_S13,HR,127.581,NaN,133.09,NaN,135.862,NaN,142.762,NaN,155.078,p
A,CLV_I10_HAB,P31_S13,HU,103.608,NaN,106.575,NaN,112.563,NaN,115.679,NaN,117.437,p
A,CLV_I10_HAB,P31_S13,IE,124.259,NaN,130.987,NaN,133.978,NaN,141.644,NaN,145.077,NaN
A,CLV_I10_HAB,P31_S13,IS,102.314,p,103.257,p,102.629,p,102.486,p,102.48,p
A,CLV_I10_HAB,P31_S13,IT,98.946,NaN,103.721,NaN,104.466,NaN,106.193,NaN,105.903,p
A,CLV_I10_HAB,P31_S13,LT,104.632,NaN,105.432,NaN,106.901,NaN,105.477,NaN,106.239,NaN
A,CLV_I10_HAB,P31_S13,LU,114.427,NaN,118.364,NaN,120.905,NaN,118.711,NaN,123.011,p
A,CLV_I10_HAB,P31_S13,LV,119.696,NaN,126.232,NaN,119.117,NaN,126.126,NaN,125.412,NaN
A,CLV_I10_HAB,P31_S13,ME,115.64,NaN,117.328,NaN,117.666,NaN,123.098,NaN,124.838,NaN
A,CLV_I10_HAB,P31_S13,MT,177.114,NaN,189.956,NaN,179.763,NaN,179.227,NaN,190.355,NaN
A,CLV_I10_HAB,P31_S13,NL,102.435,NaN,107.134,NaN,106.82,NaN,107.368,p,109.45,p
A,CLV_I10_HAB,P31_S13,NO,98.031,NaN,101.673,NaN,103.542,NaN,105.24,NaN,106.593,NaN
A,CLV_I10_HAB,P31_S13,PL,135.545,b,148.609,NaN,143.602,b,149.956,NaN,165.494,NaN
A,CLV_I10_HAB,P31_S13,PT,98.861,NaN,106.924,NaN,110.907,NaN,112.222,NaN,114.97,p
A,CLV_I10_HAB,P31_S13,RO,103.539,NaN,105.784,NaN,110.07,NaN,113.76,NaN,109.857,p
A,CLV_I10_HAB,P31_S13,RS,115.231,NaN,117.083,NaN,127.498,NaN,127.117,p,131.599,p
A,CLV_I10_HAB,P31_S13,SE,97.455,NaN,100.267,NaN,99.082,NaN,98.359,NaN,98.754,NaN
A,CLV_I10_HAB,P31_S13,SI,110.207,NaN,117.44,NaN,118.09,NaN,116.918,NaN,128.731,NaN
A,CLV_I10_HAB,P31_S13,SK,118.502,NaN,129.697,b,137.74,NaN,135.9,NaN,137.28,NaN
A,CLV_I10_HAB,P31_S13,TR,150.699,NaN,160.096,NaN,160.661,NaN,174.573,NaN,,NaN
A,CLV_I10_HAB,P31_S13,UK,,NaN,,NaN,,NaN,,NaN,,NaN
A,CLV_I10_HAB,P31_S14,AL,116.995,NaN,123.335,NaN,132.418,NaN,,NaN,,NaN
A,CLV_I10_HAB,P31_S14,AT,92.604,NaN,96.572,NaN,100.923,NaN,99.605,NaN,99.967,NaN
A,CLV_I10_HAB,P31_S14,BE,99.278,NaN,104.294,NaN,107.154,NaN,107.323,NaN,108.918,p
A,CLV_I10_HAB,P31_S14,BG,138.717,NaN,151.667,NaN,158.659,NaN,160.839,NaN,168.97,NaN
A,CLV_I10_HAB,P31_S14,CH,100.16,NaN,101.559,NaN,105.157,NaN,105.077,NaN,,NaN
A,CLV_I10_HAB,P31_S14,CY,96.436,NaN,99.262,NaN,107.842,NaN,112.171,NaN,114.757,p
A,CLV_I10_HAB,P31_S14,CZ,113.776,NaN,118.459,NaN,116.054,NaN,111.607,NaN,113.942,NaN
A,CLV_I10_HAB,P31_S14,DE,103.326,NaN,105.603,NaN,111.87,p,110.129,p,110.364,p
A,CLV_I10_HAB,P31_S14,DK,109.557,NaN,115.417,NaN,111.652,NaN,107.925,NaN,108.548,NaN
A,CLV_I10_HAB,P31_S14,EA,97.278,NaN,101.753,NaN,106.658,NaN,106.715,NaN,107.581,NaN
A,CLV_I10_HAB,P31_S14,EA12,96.658,NaN,101.05,NaN,105.941,NaN,105.78,NaN,106.547,NaN
A,CLV_I10_HAB,P31_S14,EA19,97.278,NaN,101.753,NaN,106.658,NaN,106.466,NaN,107.3,NaN
A,CLV_I10_HAB,P31_S14,EA20,97.428,NaN,101.951,NaN,106.885,NaN,106.715,NaN,107.581,NaN
A,CLV_I10_HAB,P31_S14,EE,142.469,NaN,152.632,NaN,157.276,NaN,150.972,NaN,149.947,NaN
A,CLV_I10_HAB,P31_S14,EL,85.29,p,90.194,p,99.303,p,101.962,p,104.635,p
A,CLV_I10_HAB,P31_S14,ES,90.031,NaN,96.546,NaN,100.32,NaN,100.801,p,102.782,p
A,CLV_I10_HAB,P31_S14,EU27_2020,101.19,b,106.171,NaN,110.826,NaN,110.567,NaN,111.859,NaN
A,CLV_I10_HAB,P31_S14,FI,102.253,NaN,105.573,NaN,106.128,NaN,105.904,NaN,104.6,NaN
A,CLV_I10_HAB,P31_S14,FR,98.416,NaN,103.08,NaN,105.961,NaN,106.332,p,107.155,p
A,CLV_I10_HAB,P31_S14,HR,112.785,NaN,126.139,NaN,135.529,NaN,139.793,NaN,147.613,p
A,CLV_I10_HAB,P31_S14,HU,131.856,NaN,139.382,NaN,149.56,NaN,145.731,NaN,154.973,p
A,CLV_I10_HAB,P31_S14,IE,98.716,NaN,106.602,NaN,115.794,NaN,118.57,NaN,119.566,NaN
A,CLV_I10_HAB,P31_S14,IS,113.585,p,121.319,p,127.811,p,125.263,p,124.044,p
A,CLV_I10_HAB,P31_S14,IT,88.951,NaN,94.57,NaN,99.809,NaN,100.358,NaN,100.942,p
A,CLV_I10_HAB,P31_S14,LT,146.178,NaN,158.192,NaN,159.801,NaN,157.319,NaN,161.233,NaN
A,CLV_I10_HAB,P31_S14,LU,92.529,NaN,100.981,NaN,105.034,NaN,106.779,NaN,108.546,p
A,CLV_I10_HAB,P31_S14,LV,135.78,NaN,147.843,NaN,155.515,NaN,154.852,NaN,156.46,NaN
A,CLV_I10_HAB,P31_S14,ME,114.637,NaN,121.196,NaN,137.927,NaN,147.612,NaN,163.089,NaN
A,CLV_I10_HAB,P31_S14,MK,119.657,e,131.345,e,138.999,e,141.531,e,144.813,e
A,CLV_I10_HAB,P31_S14,MT,105.431,NaN,116.639,NaN,124.572,NaN,135.665,NaN,139.874,NaN
A,CLV_I10_HAB,P31_S14,NL,97.124,NaN,100.913,NaN,107.041,NaN,106.734,p,107.223,p
A,CLV_I10_HAB,P31_S14,NO,102.421,NaN,107.095,NaN,113.998,NaN,111.149,NaN,111.799,NaN
A,CLV_I10_HAB,P31_S14,PL,130.765,b,139.66,NaN,143.533,b,143.695,NaN,148.298,NaN
A,CLV_I10_HAB,P31_S14,PT,98.354,NaN,103.01,NaN,108.076,NaN,109.462,NaN,111.501,p
A,CLV_I10_HAB,P31_S14,RO,152.531,NaN,165.084,NaN,174.976,NaN,179.062,NaN,189.371,p
A,CLV_I10_HAB,P31_S14,RS,109.516,NaN,119.0,NaN,126.342,NaN,127.82,p,135.168,p
A,CLV_I10_HAB,P31_S14,SE,106.59,NaN,112.001,NaN,114.023,NaN,111.231,NaN,111.559,NaN
A,CLV_I10_HAB,P31_S14,SI,104.05,NaN,115.441,NaN,119.505,NaN,118.879,NaN,122.994,NaN
A,CLV_I10_HAB,P31_S14,SK,120.541,NaN,124.622,b,130.227,NaN,126.098,NaN,130.811,NaN
A,CLV_I10_HAB,P31_S14,TR,136.496,NaN,156.395,NaN,180.041,NaN,198.017,NaN,,NaN
A,CLV_I10_HAB,P31_S14,UK,,NaN,,NaN,,NaN,,NaN,,NaN
A,CLV_I10_HAB,P31_S14_S15,AL,117.496,NaN,123.981,NaN,133.04,NaN,,NaN,,NaN
A,CLV_I10_HAB,P31_S14_S15,AT,93.703,NaN,97.93,NaN,102.031,NaN,100.929,NaN,101.396,NaN
A,CLV_I10_HAB,P31_S14_S15,BE,99.233,NaN,104.338,NaN,107.307,NaN,107.538,NaN,109.13,p
A,CLV_I10_HAB,P31_S14_S15,BG,139.359,NaN,152.398,NaN,159.549,NaN,161.715,NaN,169.849,NaN
A,CLV_I10_HAB,P31_S14_S15,CH,100.664,NaN,102.161,NaN,105.634,NaN,105.622,NaN,106.286,NaN
A,CLV_I10_HAB,P31_S14_S15,CY,96.699,NaN,99.747,NaN,108.199,NaN,112.573,NaN,115.218,p
A,CLV_I10_HAB,P31_S14_S15,CZ,114.445,NaN,119.245,NaN,116.995,NaN,112.72,NaN,115.298,NaN
A,CLV_I10_HAB,P31_S14_S15,DE,103.196,NaN,105.397,NaN,111.554,p,109.816,p,110.092,p
A,CLV_I10_HAB,P31_S14_S15,DK,109.324,NaN,114.977,NaN,111.475,NaN,107.882,NaN,108.414,NaN
A,CLV_I10_HAB,P31_S14_S15,EA,97.414,NaN,101.873,NaN,106.754,NaN,106.86,NaN,107.763,NaN
A,CLV_I10_HAB,P31_S14_S15,EA12,96.797,NaN,101.171,NaN,106.036,NaN,105.921,NaN,106.728,NaN
A,CLV_I10_HAB,P31_S14_S15,EA19,97.414,NaN,101.873,NaN,106.754,NaN,106.609,NaN,107.479,NaN
A,CLV_I10_HAB,P31_S14_S15,EA20,97.566,NaN,102.072,NaN,106.983,NaN,106.86,NaN,107.763,NaN
A,CLV_I10_HAB,P31_S14_S15,EE,143.928,NaN,154.118,NaN,158.4,NaN,152.375,NaN,151.543,NaN
A,CLV_I10_HAB,P31_S14_S15,EL,85.529,p,90.374,p,99.306,p,101.885,p,104.509,p
A,CLV_I10_HAB,P31_S14_S15,ES,90.424,NaN,96.844,NaN,100.664,NaN,101.254,p,103.291,p
A,CLV_I10_HAB,P31_S14_S15,EU27_2020,101.289,b,106.238,NaN,110.883,NaN,110.684,NaN,112.01,NaN
A,CLV_I10_HAB,P31_S14_S15,FI,101.919,NaN,104.977,NaN,105.586,NaN,105.153,NaN,103.945,NaN
A,CLV_I10_HAB,P31_S14_S15,FR,98.517,NaN,103.217,NaN,106.239,NaN,106.685,p,107.536,p
A,CLV_I10_HAB,P31_S14_S15,HR,113.372,NaN,126.671,NaN,136.054,NaN,140.411,NaN,148.405,p
A,CLV_I10_HAB,P31_S14_S15,HU,133.576,NaN,141.136,NaN,151.975,NaN,148.709,NaN,157.545,p
A,CLV_I10_HAB,P31_S14_S15,IE,97.91,NaN,105.492,NaN,114.465,NaN,117.309,NaN,118.82,NaN
A,CLV_I10_HAB,P31_S14_S15,IS,113.352,p,120.753,p,126.869,p,124.444,p,123.283,p
A,CLV_I10_HAB,P31_S14_S15,IT,88.909,NaN,94.578,NaN,99.763,NaN,100.372,NaN,100.983,p
A,CLV_I10_HAB,P31_S14_S15,LT,146.194,NaN,158.092,NaN,159.696,NaN,157.28,NaN,161.251,NaN
A,CLV_I10_HAB,P31_S14_S15,LU,92.704,NaN,101.682,NaN,106.054,NaN,108.029,NaN,109.758,p
A,CLV_I10_HAB,P31_S14_S15,LV,135.707,NaN,147.887,NaN,155.257,NaN,154.234,NaN,155.752,NaN
A,CLV_I10_HAB,P31_S14_S15,ME,116.462,NaN,123.115,NaN,140.014,NaN,149.982,NaN,165.507,NaN
A,CLV_I10_HAB,P31_S14_S15,MK,119.889,e,131.75,e,139.413,e,142.02,e,145.329,e
A,CLV_I10_HAB,P31_S14_S15,MT,106.613,NaN,117.845,NaN,125.782,NaN,136.642,NaN,141.089,NaN
A,CLV_I10_HAB,P31_S14_S15,NL,97.613,NaN,101.434,NaN,107.441,NaN,107.166,p,107.674,p
A,CLV_I10_HAB,P31_S14_S15,NO,103.121,NaN,107.797,NaN,115.2,NaN,112.482,NaN,113.018,NaN
A,CLV_I10_HAB,P31_S14_S15,PL,130.746,b,139.577,NaN,143.635,b,143.84,NaN,148.568,NaN
A,CLV_I10_HAB,P31_S14_S15,PT,98.471,NaN,103.064,NaN,108.175,NaN,109.64,NaN,111.675,p
A,CLV_I10_HAB,P31_S14_S15,RO,150.504,NaN,162.309,NaN,171.921,NaN,176.15,NaN,186.295,p
A,CLV_I10_HAB,P31_S14_S15,RS,109.931,NaN,119.533,NaN,126.84,NaN,128.26,p,135.665,p
A,CLV_I10_HAB,P31_S14_S15,SE,106.217,NaN,111.549,NaN,113.435,NaN,110.849,NaN,111.205,NaN
A,CLV_I10_HAB,P31_S14_S15,SI,104.028,NaN,115.472,NaN,119.923,NaN,119.269,NaN,123.453,NaN
A,CLV_I10_HAB,P31_S14_S15,SK,120.726,NaN,124.884,b,130.64,NaN,126.818,NaN,131.235,NaN
A,CLV_I10_HAB,P31_S14_S15,TR,136.872,NaN,156.807,NaN,180.364,NaN,198.451,NaN,,NaN
A,CLV_I10_HAB,P31_S14_S15,UK,,NaN,,NaN,,NaN,,NaN,,NaN
A,CLV_I10_HAB,P31_S15,AL,177.539,NaN,202.509,NaN,207.839,NaN,,NaN,,NaN
A,CLV_I10_HAB,P31_S15,AT,131.816,NaN,145.058,NaN,140.513,NaN,146.858,NaN,150.932,NaN
A,CLV_I10_HAB,P31_S15,BE,96.733,NaN,105.913,NaN,114.01,NaN,117.372,NaN,118.798,p
A,CLV_I10_HAB,P31_S15,BG,232.683,NaN,260.878,NaN,302.335,NaN,300.092,NaN,305.588,NaN
A,CLV_I10_HAB,P31_S15,CH,112.965,NaN,116.86,NaN,117.292,NaN,118.921,NaN,,NaN
A,CLV_I10_HAB,P31_S15,CY,115.927,NaN,135.296,NaN,134.255,NaN,141.926,NaN,148.933,p
A,CLV_I10_HAB,P31_S15,CZ,166.595,NaN,180.249,NaN,189.689,NaN,200.15,NaN,223.791,NaN
A,CLV_I10_HAB,P31_S15,DE,98.615,NaN,98.476,NaN,101.274,p,99.623,p,100.978,p
A,CLV_I10_HAB,P31_S15,DK,101.994,NaN,101.565,NaN,105.698,NaN,106.171,NaN,103.965,NaN
A,CLV_I10_HAB,P31_S15,EA,102.818,NaN,106.656,NaN,110.623,NaN,112.65,NaN,115.029,NaN
A,CLV_I10_HAB,P31_S15,EA12,102.234,NaN,105.959,NaN,109.853,NaN,111.512,NaN,113.873,NaN
A,CLV_I10_HAB,P31_S15,EA19,102.818,NaN,106.656,NaN,110.623,NaN,112.329,NaN,114.656,NaN
A,CLV_I10_HAB,P31_S15,EA20,103.056,NaN,106.921,NaN,110.914,NaN,112.65,NaN,115.029,NaN
A,CLV_I10_HAB,P31_S15,EE,198.759,NaN,209.817,NaN,199.884,NaN,204.404,NaN,211.066,NaN
A,CLV_I10_HAB,P31_S15,EL,98.168,p,99.954,p,99.709,p,98.297,p,98.448,p
A,CLV_I10_HAB,P31_S15,ES,113.808,NaN,114.445,NaN,120.93,NaN,127.797,p,133.28,p
A,CLV_I10_HAB,P31_S15,EU27_2020,105.211,b,108.945,NaN,113.176,NaN,115.399,NaN,118.081,NaN
A,CLV_I10_HAB,P31_S15,FI,94.237,NaN,91.06,NaN,92.905,NaN,87.952,NaN,88.854,NaN
A,CLV_I10_HAB,P31_S15,FR,101.053,NaN,106.619,NaN,112.941,NaN,115.166,p,116.721,p
A,CLV_I10_HAB,P31_S15,HR,148.326,NaN,158.147,NaN,167.145,NaN,176.982,NaN,195.12,p
A,CLV_I10_HAB,P31_S15,HU,191.377,NaN,200.097,NaN,233.618,NaN,251.496,NaN,245.338,p
A,CLV_I10_HAB,P31_S15,IE,68.434,NaN,64.874,NaN,65.814,NaN,71.31,NaN,94.992,NaN
A,CLV_I10_HAB,P31_S15,IS,105.331,p,106.313,p,105.62,p,105.442,p,105.356,p
A,CLV_I10_HAB,P31_S15,IT,84.342,NaN,95.552,NaN,94.605,NaN,102.104,NaN,105.776,p
A,CLV_I10_HAB,P31_S15,LT,150.528,NaN,133.228,NaN,133.465,NaN,148.734,NaN,167.875,NaN
A,CLV_I10_HAB,P31_S15,LU,95.453,NaN,111.623,NaN,120.73,NaN,126.276,NaN,127.417,p
A,CLV_I10_HAB,P31_S15,LV,132.802,NaN,150.105,NaN,143.852,NaN,126.736,NaN,124.159,i
A,CLV_I10_HAB,P31_S15,ME,947.652,NaN,996.976,NaN,1091.106,NaN,1227.837,NaN,1268.363,NaN
A,CLV_I10_HAB,P31_S15,MK,141.482,e,169.17,e,177.828,e,186.89,e,192.562,e
A,CLV_I10_HAB,P31_S15,MT,148.24,NaN,160.422,NaN,168.606,NaN,171.599,NaN,184.322,NaN
A,CLV_I10_HAB,P31_S15,NL,130.091,NaN,136.011,NaN,133.365,NaN,135.372,p,137.24,p
A,CLV_I10_HAB,P31_S15,NO,117.261,NaN,121.994,NaN,139.028,NaN,138.849,NaN,137.175,NaN
A,CLV_I10_HAB,P31_S15,PL,129.425,b,134.356,NaN,149.575,b,152.401,NaN,164.526,NaN
A,CLV_I10_HAB,P31_S15,PT,103.084,NaN,105.207,NaN,112.117,NaN,116.662,NaN,118.564,p
A,CLV_I10_HAB,P31_S15,RO,67.66,NaN,55.828,NaN,55.757,NaN,63.731,NaN,67.531,p
A,CLV_I10_HAB,P31_S15,RS,143.15,NaN,162.588,NaN,167.114,NaN,163.992,p,176.034,p
A,CLV_I10_HAB,P31_S15,SE,92.982,NaN,95.753,NaN,93.336,NaN,97.246,NaN,98.517,NaN
A,CLV_I10_HAB,P31_S15,SI,102.76,NaN,117.115,NaN,143.119,NaN,140.938,NaN,148.983,NaN
A,CLV_I10_HAB,P31_S15,SK,137.521,NaN,146.826,b,162.755,NaN,179.126,NaN,164.091,NaN
A,CLV_I10_HAB,P31_S15,TR,231.112,NaN,260.043,NaN,259.478,NaN,309.39,NaN,,NaN
A,CLV_I10_HAB,P31_S15,UK,,NaN,,NaN,,NaN,,NaN,,NaN
A,CLV_I10_HAB,P32_S13,AL,165.092,NaN,163.441,NaN,169.983,NaN,,NaN,,NaN
A,CLV_I10_HAB,P32_S13,AT,96.785,NaN,98.114,NaN,97.42,NaN,98.788,NaN,102.532,NaN
A,CLV_I10_HAB,P32_S13,BE,98.675,NaN,100.717,NaN,102.368,NaN,102.786,NaN,103.861,p
A,CLV_I10_HAB,P32_S13,BG,148.066,NaN,144.111,NaN,162.402,NaN,163.996,NaN,169.035,NaN
A,CLV_I10_HAB,P32_S13,CH,97.148,NaN,95.798,NaN,97.695,NaN,96.568,NaN,,NaN
A,CLV_I10_HAB,P32_S13,CY,84.249,NaN,85.036,NaN,88.289,NaN,91.699,NaN,88.86,p
A,CLV_I10_HAB,P32_S13,CZ,106.269,NaN,104.294,NaN,102.108,NaN,103.844,NaN,106.397,NaN
A,CLV_I10_HAB,P32_S13,DE,121.968,NaN,124.398,NaN,122.052,p,124.441,p,126.449,p
A,CLV_I10_HAB,P32_S13,DK,95.958,NaN,97.789,NaN,95.834,NaN,97.243,NaN,99.781,NaN
A,CLV_I10_HAB,P32_S13,EA,105.532,NaN,107.677,NaN,108.006,NaN,110.094,NaN,112.184,NaN
A,CLV_I10_HAB,P32_S13,EA12,105.216,NaN,107.365,NaN,107.83,NaN,109.721,NaN,111.727,NaN
A,CLV_I10_HAB,P32_S13,EA19,105.532,NaN,107.677,NaN,108.006,NaN,109.823,NaN,111.883,NaN
A,CLV_I10_HAB,P32_S13,EA20,105.711,NaN,107.871,NaN,108.227,NaN,110.094,NaN,112.184,NaN
A,CLV_I10_HAB,P32_S13,EE,131.012,NaN,132.768,NaN,128.337,NaN,128.262,NaN,129.723,NaN
A,CLV_I10_HAB,P32_S13,EL,89.993,p,91.11,p,90.582,p,92.809,p,90.956,p
A,CLV_I10_HAB,P32_S13,ES,97.56,NaN,99.775,NaN,101.49,NaN,105.01,p,105.74,p
A,CLV_I10_HAB,P32_S13,EU27_2020,108.417,b,110.492,NaN,110.746,NaN,113.039,NaN,115.533,NaN
A,CLV_I10_HAB,P32_S13,FI,97.249,NaN,101.366,NaN,100.141,NaN,88.695,b,89.366,NaN
A,CLV_I10_HAB,P32_S13,FR,104.168,NaN,107.097,NaN,109.477,NaN,111.71,p,113.233,p
A,CLV_I10_HAB,P32_S13,HR,124.604,NaN,128.494,NaN,132.835,NaN,143.629,NaN,151.139,p
A,CLV_I10_HAB,P32_S13,HU,148.758,NaN,152.438,NaN,153.837,NaN,159.968,NaN,153.663,p
A,CLV_I10_HAB,P32_S13,IE,127.37,NaN,135.274,NaN,135.288,NaN,137.703,NaN,143.923,NaN
A,CLV_I10_HAB,P32_S13,IS,102.314,p,103.257,p,102.629,p,102.486,p,102.48,p
A,CLV_I10_HAB,P32_S13,IT,91.491,NaN,91.581,NaN,92.919,NaN,93.266,NaN,95.944,p
A,CLV_I10_HAB,P32_S13,LT,119.43,NaN,121.814,NaN,122.323,NaN,120.417,NaN,122.073,NaN
A,CLV_I10_HAB,P32_S13,LU,109.837,NaN,112.816,NaN,114.22,NaN,116.536,NaN,119.702,p
A,CLV_I10_HAB,P32_S13,LV,166.825,NaN,173.146,NaN,183.782,NaN,183.394,NaN,186.081,NaN
A,CLV_I10_HAB,P32_S13,ME,116.843,NaN,110.475,NaN,115.102,NaN,115.92,NaN,118.128,NaN
A,CLV_I10_HAB,P32_S13,MT,137.93,NaN,140.617,NaN,142.459,NaN,142.304,NaN,150.987,NaN
A,CLV_I10_HAB,P32_S13,NL,103.993,NaN,107.245,NaN,108.977,NaN,113.884,p,119.504,p
A,CLV_I10_HAB,P32_S13,NO,118.985,NaN,121.084,NaN,119.929,NaN,123.854,NaN,125.911,NaN
A,CLV_I10_HAB,P32_S13,PL,128.715,b,129.512,NaN,130.493,b,137.839,NaN,147.944,NaN
A,CLV_I10_HAB,P32_S13,PT,93.788,NaN,91.601,NaN,89.118,NaN,89.147,NaN,86.623,p
A,CLV_I10_HAB,P32_S13,RO,170.136,NaN,168.515,NaN,160.024,NaN,166.974,NaN,175.732,p
A,CLV_I10_HAB,P32_S13,RS,108.002,NaN,117.946,NaN,115.946,NaN,111.821,p,118.276,p
A,CLV_I10_HAB,P32_S13,SE,107.245,NaN,110.053,NaN,112.094,NaN,115.616,NaN,117.976,NaN
A,CLV_I10_HAB,P32_S13,SI,99.575,NaN,104.53,NaN,101.783,NaN,107.391,NaN,109.837,NaN
A,CLV_I10_HAB,P32_S13,SK,108.262,NaN,108.04,b,95.955,NaN,92.5,NaN,98.697,NaN
A,CLV_I10_HAB,P32_S13,TR,132.396,NaN,130.545,NaN,141.959,NaN,131.02,NaN,,NaN
A,CLV_I10_HAB,P32_S13,UK,,NaN,,NaN,,NaN,,NaN,,NaN
A,CLV_I10_HAB,P3_S13,AL,143.737,NaN,148.547,NaN,153.721,NaN,,NaN,,NaN
A,CLV_I10_HAB,P3_S13,AT,99.229,NaN,106.487,NaN,105.299,NaN,105.079,NaN,108.527,NaN
A,CLV_I10_HAB,P3_S13,BE,101.187,NaN,104.968,NaN,107.413,NaN,109.373,NaN,110.723,p
A,CLV_I10_HAB,P3_S13,BG,146.753,NaN,148.464,NaN,161.351,NaN,163.604,NaN,169.664,NaN
A,CLV_I10_HAB,P3_S13,CH,102.745,NaN,105.062,NaN,102.918,NaN,103.061,NaN,103.83,NaN
A,CLV_I10_HAB,P3_S13,CY,105.707,NaN,113.362,NaN,116.552,NaN,118.439,NaN,118.461,p
A,CLV_I10_HAB,P3_S13,CZ,114.716,NaN,116.419,NaN,114.05,NaN,116.414,NaN,119.925,NaN
A,CLV_I10_HAB,P3_S13,DE,122.656,NaN,126.698,NaN,126.635,p,125.228,p,128.091,p
A,CLV_I10_HAB,P3_S13,DK,99.834,NaN,104.286,NaN,100.921,NaN,100.445,NaN,100.921,NaN
A,CLV_I10_HAB,P3_S13,EA,107.813,NaN,112.408,NaN,113.295,NaN,114.457,NaN,116.553,NaN
A,CLV_I10_HAB,P3_S13,EA12,107.519,NaN,112.097,NaN,113.031,NaN,113.993,NaN,116.008,NaN
A,CLV_I10_HAB,P3_S13,EA19,107.813,NaN,112.408,NaN,113.295,NaN,114.218,NaN,116.278,NaN
A,CLV_I10_HAB,P3_S13,EA20,107.985,NaN,112.591,NaN,113.497,NaN,114.457,NaN,116.553,NaN
A,CLV_I10_HAB,P3_S13,EE,129.197,NaN,133.967,NaN,131.714,NaN,129.208,NaN,130.69,NaN
A,CLV_I10_HAB,P3_S13,EL,87.821,p,89.911,p,90.415,p,93.237,p,91.001,p
A,CLV_I10_HAB,P3_S13,ES,103.596,NaN,107.349,NaN,107.175,NaN,110.691,p,112.763,p
A,CLV_I10_HAB,P3_S13,EU27_2020,109.76,b,114.383,NaN,114.979,NaN,116.253,NaN,118.672,NaN
A,CLV_I10_HAB,P3_S13,FI,105.708,NaN,110.007,NaN,109.024,NaN,111.414,NaN,112.48,NaN
A,CLV_I10_HAB,P3_S13,FR,103.423,NaN,109.773,NaN,112.285,NaN,113.562,p,114.895,p
A,CLV_I10_HAB,P3_S13,HR,126.135,NaN,130.867,NaN,134.405,NaN,143.202,NaN,153.205,p
A,CLV_I10_HAB,P3_S13,HU,125.944,NaN,129.284,NaN,133.295,NaN,137.88,NaN,135.791,p
A,CLV_I10_HAB,P3_S13,IE,125.273,NaN,132.38,NaN,134.411,NaN,140.367,NaN,144.712,NaN
A,CLV_I10_HAB,P3_S13,IS,102.314,p,103.257,p,102.629,p,102.486,p,102.48,p
A,CLV_I10_HAB,P3_S13,IT,95.729,NaN,98.45,NaN,99.458,NaN,100.578,NaN,101.593,p
A,CLV_I10_HAB,P3_S13,LT,110.727,NaN,112.125,NaN,113.264,NaN,111.652,NaN,112.744,NaN
A,CLV_I10_HAB,P3_S13,LU,112.631,NaN,116.188,NaN,118.276,NaN,117.915,NaN,121.756,p
A,CLV_I10_HAB,P3_S13,LV,144.003,NaN,150.548,NaN,150.959,NaN,155.069,NaN,155.775,NaN
A,CLV_I10_HAB,P3_S13,ME,116.201,NaN,113.965,NaN,116.371,NaN,119.694,NaN,121.65,NaN
A,CLV_I10_HAB,P3_S13,MK,123.538,e,126.12,e,121.033,e,119.974,e,120.669,e
A,CLV_I10_HAB,P3_S13,MT,158.651,NaN,166.777,NaN,162.181,NaN,161.823,NaN,171.799,NaN
A,CLV_I10_HAB,P3_S13,NL,102.973,NaN,107.214,NaN,107.543,NaN,109.458,p,112.642,p
A,CLV_I10_HAB,P3_S13,NO,104.492,NaN,107.691,NaN,108.674,NaN,111.041,NaN,112.607,NaN
A,CLV_I10_HAB,P3_S13,PL,132.339,b,139.644,NaN,137.448,b,144.268,NaN,157.256,NaN
A,CLV_I10_HAB,P3_S13,PT,96.57,NaN,100.004,NaN,101.067,NaN,101.802,NaN,102.168,p
A,CLV_I10_HAB,P3_S13,RO,134.863,NaN,135.45,NaN,134.17,NaN,139.383,NaN,141.148,p
A,CLV_I10_HAB,P3_S13,RS,111.697,NaN,117.447,NaN,122.015,NaN,119.818,p,125.267,p
A,CLV_I10_HAB,P3_S13,SE,99.991,NaN,102.806,NaN,102.41,NaN,102.752,NaN,103.631,NaN
A,CLV_I10_HAB,P3_S13,SI,105.863,NaN,112.156,NaN,111.403,NaN,113.096,NaN,121.01,NaN
A,CLV_I10_HAB,P3_S13,SK,112.957,NaN,117.568,b,113.812,NaN,110.948,NaN,115.324,NaN
A,CLV_I10_HAB,P3_S13,TR,143.299,NaN,147.946,NaN,153.143,NaN,155.955,NaN,,NaN
A,CLV_I10_HAB,P3_S13,UK,,NaN,,NaN,,NaN,,NaN,,NaN
A,CLV_I10_HAB,P41,AL,117.942,NaN,124.73,NaN,133.413,NaN,,NaN,,NaN
A,CLV_I10_HAB,P41,AT,95.075,NaN,100.63,NaN,103.604,NaN,102.487,NaN,103.493,NaN
A,CLV_I10_HAB,P41,BE,100.022,NaN,105.053,NaN,108.005,NaN,108.822,NaN,110.397,p
A,CLV_I10_HAB,P41,BG,140.235,NaN,152.472,NaN,159.703,NaN,161.969,NaN,169.943,NaN
A,CLV_I10_HAB,P41,CH,101.418,NaN,103.35,NaN,105.811,NaN,105.936,NaN,,NaN
A,CLV_I10_HAB,P41,CY,100.704,NaN,105.245,NaN,113.089,NaN,116.96,NaN,119.726,p
A,CLV_I10_HAB,P41,CZ,116.08,NaN,120.916,NaN,118.609,NaN,115.623,NaN,118.521,NaN
A,CLV_I10_HAB,P41,DE,106.838,NaN,109.567,NaN,114.811,p,112.692,p,113.527,p
A,CLV_I10_HAB,P41,DK,107.191,NaN,112.839,NaN,109.193,NaN,106.227,NaN,106.486,NaN
A,CLV_I10_HAB,P41,EA,99.648,NaN,104.428,NaN,108.601,NaN,108.793,NaN,109.917,NaN
A,CLV_I10_HAB,P41,EA12,99.1,NaN,103.805,NaN,107.96,NaN,107.937,NaN,108.969,NaN
A,CLV_I10_HAB,P41,EA19,99.648,NaN,104.428,NaN,108.601,NaN,108.549,NaN,109.639,NaN
A,CLV_I10_HAB,P41,EA20,99.802,NaN,104.622,NaN,108.821,NaN,108.793,NaN,109.917,NaN
A,CLV_I10_HAB,P41,EE,141.266,NaN,150.848,NaN,154.131,NaN,148.409,NaN,148.051,NaN
A,CLV_I10_HAB,P41,EL,85.597,p,90.211,p,98.152,p,100.845,p,102.779,p
A,CLV_I10_HAB,P41,ES,93.284,NaN,99.453,NaN,102.396,NaN,103.458,p,105.657,p
A,CLV_I10_HAB,P41,EU27_2020,103.075,b,108.27,NaN,112.154,NaN,112.113,NaN,113.636,NaN
A,CLV_I10_HAB,P41,FI,103.833,NaN,107.205,NaN,107.469,NaN,109.395,NaN,108.774,NaN
A,CLV_I10_HAB,P41,FR,99.479,NaN,104.971,NaN,107.895,NaN,108.402,p,109.333,p
A,CLV_I10_HAB,P41,HR,115.669,NaN,127.67,NaN,135.958,NaN,140.711,NaN,149.384,p
A,CLV_I10_HAB,P41,HU,128.383,NaN,135.066,NaN,144.976,NaN,142.97,NaN,150.483,p
A,CLV_I10_HAB,P41,IE,103.39,NaN,110.784,NaN,118.494,NaN,122.331,NaN,124.226,NaN
A,CLV_I10_HAB,P41,IS,111.074,p,116.719,p,120.941,p,119.16,p,118.325,p
A,CLV_I10_HAB,P41,IT,90.437,NaN,95.962,NaN,100.444,NaN,101.224,NaN,101.702,p
A,CLV_I10_HAB,P41,LT,139.686,NaN,149.373,NaN,150.979,NaN,148.736,NaN,152.065,NaN
A,CLV_I10_HAB,P41,LU,97.622,NaN,105.424,NaN,109.371,NaN,110.392,NaN,112.717,p
A,CLV_I10_HAB,P41,LV,133.64,NaN,144.949,NaN,149.658,NaN,150.077,NaN,151.199,NaN
A,CLV_I10_HAB,P41,ME,116.395,NaN,122.406,NaN,137.133,NaN,146.505,NaN,160.149,NaN
A,CLV_I10_HAB,P41,MT,116.497,NaN,127.942,NaN,133.261,NaN,142.499,NaN,147.873,NaN
A,CLV_I10_HAB,P41,NL,98.963,NaN,103.03,NaN,107.277,NaN,107.228,p,108.168,p
A,CLV_I10_HAB,P41,NO,101.815,NaN,106.193,NaN,111.962,NaN,110.538,NaN,111.315,NaN
A,CLV_I10_HAB,P41,PL,131.505,b,140.967,NaN,143.683,b,144.794,NaN,151.126,NaN
A,CLV_I10_HAB,P41,PT,98.527,NaN,103.612,NaN,108.563,NaN,110.006,NaN,112.143,p
A,CLV_I10_HAB,P41,RO,145.318,NaN,155.722,NaN,164.607,NaN,168.815,NaN,176.774,p
A,CLV_I10_HAB,P41,RS,110.688,NaN,119.267,NaN,127.002,NaN,128.188,p,135.215,p
A,CLV_I10_HAB,P41,SE,103.642,NaN,108.171,NaN,109.068,NaN,107.071,NaN,107.44,NaN
A,CLV_I10_HAB,P41,SI,105.208,NaN,115.841,NaN,119.547,NaN,118.799,NaN,124.404,NaN
A,CLV_I10_HAB,P41,SK,120.426,NaN,125.593,b,131.675,NaN,128.121,NaN,132.126,NaN
A,CLV_I10_HAB,P41,TR,138.871,NaN,157.415,NaN,177.945,NaN,195.51,NaN,,NaN
A,CLV_I10_HAB,P41,UK,,NaN,,NaN,,NaN,,NaN,,NaN
A,CLV_I15_HAB,B1GQ,AL,111.45,NaN,122.578,NaN,130.066,NaN,,NaN,,NaN
A,CLV_I15_HAB,B1GQ,AT,98.741,NaN,103.201,NaN,107.486,NaN,105.731,NaN,104.494,NaN
A,CLV_I15_HAB,B1GQ,BE,99.694,NaN,105.494,NaN,108.786,NaN,109.713,NaN,110.287,p
A,CLV_I15_HAB,B1GQ,BG,116.116,NaN,126.041,NaN,132.045,NaN,134.65,NaN,139.323,NaN
A,CLV_I15_HAB,B1GQ,CH,101.009,NaN,105.842,NaN,108.144,NaN,107.259,NaN,107.444,NaN
A,CLV_I15_HAB,B1GQ,CY,116.49,NaN,127.839,NaN,135.867,NaN,138.097,NaN,141.27,p
A,CLV_I15_HAB,B1GQ,CZ,108.858,NaN,113.258,NaN,113.682,NaN,112.497,NaN,113.704,NaN
A,CLV_I15_HAB,B1GQ,DE,101.904,NaN,106.057,NaN,107.277,p,105.377,p,104.565,p
A,CLV_I15_HAB,B1GQ,DK,105.362,NaN,111.737,NaN,111.245,NaN,111.135,NaN,114.445,NaN
A,CLV_I15_HAB,B1GQ,EA,100.439,NaN,106.823,NaN,110.147,NaN,110.131,NaN,110.667,NaN
A,CLV_I15_HAB,B1GQ,EA12,100.143,NaN,106.474,NaN,109.835,NaN,109.596,NaN,110.068,NaN
A,CLV_I15_HAB,B1GQ,EA19,100.439,NaN,106.823,NaN,110.147,NaN,109.934,NaN,110.451,NaN
A,CLV_I15_HAB,B1GQ,EA20,100.532,NaN,106.96,NaN,110.319,NaN,110.131,NaN,110.667,NaN
A,CLV_I15_HAB,B1GQ,EE,112.427,NaN,121.6,NaN,119.953,NaN,113.75,NaN,112.919,NaN
A,CLV_I15_HAB,B1GQ,EL,97.254,p,106.249,p,112.765,p,115.512,p,118.111,p
A,CLV_I15_HAB,B1GQ,ES,96.466,NaN,102.909,NaN,108.458,NaN,109.825,p,112.448,p
A,CLV_I15_HAB,B1GQ,EU27_2020,102.362,b,108.937,NaN,112.107,NaN,112.045,NaN,112.892,NaN
A,CLV_I15_HAB,B1GQ,FI,105.003,NaN,107.603,NaN,108.123,NaN,106.714,NaN,106.329,NaN
A,CLV_I15_HAB,B1GQ,FR,96.914,NaN,103.108,NaN,105.509,NaN,106.754,p,107.741,p
A,CLV_I15_HAB,B1GQ,HR,110.389,NaN,125.437,NaN,135.238,NaN,140.229,NaN,145.157,p
A,CLV_I15_HAB,B1GQ,HU,114.718,NaN,123.508,NaN,128.983,NaN,128.101,NaN,129.224,p
A,CLV_I15_HAB,B1GQ,IE,125.925,NaN,144.747,NaN,152.39,NaN,145.829,NaN,147.144,NaN
A,CLV_I15_HAB,B1GQ,IS,98.953,p,102.525,p,109.006,p,111.819,p,108.7,p
A,CLV_I15_HAB,B1GQ,IT,96.181,NaN,105.313,NaN,110.614,NaN,111.749,NaN,112.583,p
A,CLV_I15_HAB,B1GQ,LT,122.242,NaN,130.151,NaN,132.264,NaN,131.389,NaN,134.588,NaN
A,CLV_I15_HAB,B1GQ,LU,99.671,NaN,104.917,NaN,101.527,NaN,99.729,NaN,98.51,p
A,CLV_I15_HAB,B1GQ,LV,111.814,NaN,120.599,NaN,122.805,NaN,121.952,NaN,122.983,NaN
A,CLV_I15_HAB,B1GQ,ME,98.925,NaN,112.106,NaN,121.065,NaN,128.921,NaN,133.001,NaN
A,CLV_I15_HAB,B1GQ,MK,108.957,e,115.244,e,118.772,e,122.067,e,125.959,e
A,CLV_I15_HAB,B1GQ,MT,109.209,NaN,123.182,NaN,122.958,NaN,130.717,NaN,135.762,NaN
A,CLV_I15_HAB,B1GQ,NL,102.821,NaN,108.707,NaN,113.067,NaN,111.284,p,111.756,p
A,CLV_I15_HAB,B1GQ,NO,100.674,NaN,104.048,NaN,106.461,NaN,105.322,NaN,106.527,NaN
A,CLV_I15_HAB,B1GQ,PL,120.517,b,129.538,NaN,133.436,b,134.298,NaN,138.751,NaN
A,CLV_I15_HAB,B1GQ,PT,102.294,NaN,107.743,NaN,114.596,NaN,116.928,NaN,118.129,p
A,CLV_I15_HAB,B1GQ,RO,120.757,NaN,128.541,NaN,134.535,NaN,137.487,NaN,138.814,p
A,CLV_I15_HAB,B1GQ,RS,117.708,NaN,128.269,NaN,135.095,NaN,141.031,p,147.419,p
A,CLV_I15_HAB,B1GQ,SE,100.853,NaN,105.488,NaN,105.682,NaN,104.748,NaN,105.293,NaN
A,CLV_I15_HAB,B1GQ,SI,110.184,NaN,119.179,NaN,122.263,NaN,124.509,NaN,126.288,NaN
A,CLV_I15_HAB,B1GQ,SK,107.977,NaN,114.5,b,114.775,NaN,117.193,NaN,119.435,NaN
A,CLV_I15_HAB,B1GQ,TR,111.513,NaN,123.555,NaN,129.001,NaN,134.959,NaN,,NaN
A,CLV_I15_HAB,B1GQ,UK,,NaN,,NaN,,NaN,,NaN,,NaN
A,CLV_I15_HAB,P3,AL,109.295,NaN,114.959,NaN,122.686,NaN,,NaN,,NaN
A,CLV_I15_HAB,P3,AT,95.88,NaN,101.013,NaN,103.607,NaN,102.748,NaN,104.048,NaN
A,CLV_I15_HAB,P3,BE,98.163,NaN,102.763,NaN,105.516,NaN,106.274,NaN,107.766,p
A,CLV_I15_HAB,P3,BG,124.07,NaN,133.138,NaN,140.692,NaN,142.615,NaN,149.329,NaN
A,CLV_I15_HAB,P3,CH,98.047,NaN,99.648,NaN,101.987,NaN,102.004,NaN,102.668,NaN
A,CLV_I15_HAB,P3,CY,111.943,NaN,116.561,NaN,124.803,NaN,129.13,NaN,131.439,p
A,CLV_I15_HAB,P3,CZ,110.32,NaN,114.012,NaN,111.809,NaN,109.564,NaN,112.304,NaN
A,CLV_I15_HAB,P3,DE,103.006,NaN,105.564,NaN,109.821,p,108.253,p,109.16,p
A,CLV_I15_HAB,P3,DK,104.333,NaN,109.471,NaN,106.069,NaN,103.63,NaN,104.134,NaN
A,CLV_I15_HAB,P3,EA,99.76,NaN,104.232,NaN,107.969,NaN,108.327,NaN,109.547,NaN
A,CLV_I15_HAB,P3,EA12,99.457,NaN,103.873,NaN,107.621,NaN,107.803,NaN,108.935,NaN
A,CLV_I15_HAB,P3,EA19,99.76,NaN,104.232,NaN,107.969,NaN,108.118,NaN,109.305,NaN
A,CLV_I15_HAB,P3,EA20,99.883,NaN,104.389,NaN,108.151,NaN,108.327,NaN,109.547,NaN
A,CLV_I15_HAB,P3,EE,113.552,NaN,120.481,NaN,122.305,NaN,118.272,NaN,118.176,NaN
A,CLV_I15_HAB,P3,EL,102.394,p,107.378,p,115.592,p,118.727,p,120.489,p
A,CLV_I15_HAB,P3,ES,97.287,NaN,103.25,NaN,106.168,NaN,107.541,p,109.665,p
A,CLV_I15_HAB,P3,EU27_2020,101.861,b,106.63,NaN,110.057,NaN,110.267,NaN,111.867,NaN
A,CLV_I15_HAB,P3,FI,101.192,NaN,104.581,NaN,104.679,NaN,105.132,NaN,104.662,NaN
A,CLV_I15_HAB,P3,FR,97.713,NaN,102.804,NaN,105.603,NaN,106.283,p,107.254,p
A,CLV_I15_HAB,P3,HR,116.307,NaN,127.183,NaN,134.899,NaN,140.406,NaN,148.89,p
A,CLV_I15_HAB,P3,HU,120.712,NaN,126.458,NaN,134.436,NaN,133.736,NaN,138.763,p
A,CLV_I15_HAB,P3,IE,105.516,NaN,112.952,NaN,119.957,NaN,123.663,NaN,125.94,NaN
A,CLV_I15_HAB,P3,IS,105.863,p,110.673,p,114.088,p,112.594,p,111.899,p
A,CLV_I15_HAB,P3,IT,95.26,NaN,100.447,NaN,104.796,NaN,105.567,NaN,106.31,p
A,CLV_I15_HAB,P3,LT,111.542,NaN,118.726,NaN,119.931,NaN,118.141,NaN,120.69,NaN
A,CLV_I15_HAB,P3,LU,99.063,NaN,106.215,NaN,109.818,NaN,111.012,NaN,113.447,p
A,CLV_I15_HAB,P3,LV,113.021,NaN,121.791,NaN,126.246,NaN,126.516,NaN,127.583,NaN
A,CLV_I15_HAB,P3,ME,112.1,NaN,116.579,NaN,129.693,NaN,137.877,NaN,149.838,NaN
A,CLV_I15_HAB,P3,MK,112.324,e,121.664,e,126.472,e,128.22,e,130.806,e
A,CLV_I15_HAB,P3,MT,106.577,NaN,115.983,NaN,120.408,NaN,127.765,NaN,132.907,NaN
A,CLV_I15_HAB,P3,NL,100.644,NaN,104.661,NaN,108.667,NaN,109.177,p,110.648,p
A,CLV_I15_HAB,P3,NO,97.964,NaN,101.864,NaN,106.593,NaN,105.809,NaN,106.677,NaN
A,CLV_I15_HAB,P3,PL,119.3,b,126.991,NaN,129.278,b,130.942,NaN,137.098,NaN
A,CLV_I15_HAB,P3,PT,103.291,NaN,107.848,NaN,112.245,NaN,113.609,NaN,115.347,p
A,CLV_I15_HAB,P3,RO,130.66,NaN,138.627,NaN,144.698,NaN,148.687,NaN,155.79,p
A,CLV_I15_HAB,P3,RS,112.501,NaN,121.396,NaN,128.204,NaN,128.823,p,135.92,p
A,CLV_I15_HAB,P3,SE,98.299,NaN,102.427,NaN,103.377,NaN,101.993,NaN,102.52,NaN
A,CLV_I15_HAB,P3,SI,108.027,NaN,118.313,NaN,121.337,NaN,121.34,NaN,126.746,NaN
A,CLV_I15_HAB,P3,SK,114.296,NaN,118.428,b,121.37,NaN,117.947,NaN,122.195,NaN
A,CLV_I15_HAB,P3,TR,112.283,NaN,126.032,NaN,142.232,NaN,154.481,NaN,,NaN
A,CLV_I15_HAB,P3,UK,,NaN,,NaN,,NaN,,NaN,,NaN
A,CLV_I15_HAB,P31_S13,AL,115.199,NaN,125.105,NaN,128.728,NaN,,NaN,,NaN
A,CLV_I15_HAB,P31_S13,AT,100.102,NaN,110.831,NaN,109.355,NaN,108.183,NaN,111.43,NaN
A,CLV_I15_HAB,P31_S13,BE,100.597,NaN,105.283,NaN,108.122,NaN,110.921,NaN,112.403,p
A,CLV_I15_HAB,P31_S13,BG,134.255,NaN,140.923,NaN,148.016,NaN,150.688,NaN,157.144,NaN
A,CLV_I15_HAB,P31_S13,CH,103.171,NaN,108.411,NaN,103.03,NaN,104.215,NaN,,NaN
A,CLV_I15_HAB,P31_S13,CY,141.256,NaN,158.817,NaN,162.12,NaN,162.01,NaN,165.983,p
A,CLV_I15_HAB,P31_S13,CZ,118.653,NaN,123.466,NaN,121.008,NaN,123.843,NaN,128.08,NaN
A,CLV_I15_HAB,P31_S13,DE,113.136,NaN,117.736,NaN,118.955,p,115.452,p,118.572,p
A,CLV_I15_HAB,P31_S13,DK,95.831,NaN,101.135,NaN,97.362,NaN,96.106,NaN,95.669,NaN
A,CLV_I15_HAB,P31_S13,EA,106.459,NaN,112.429,NaN,113.634,NaN,114.139,NaN,116.183,NaN
A,CLV_I15_HAB,P31_S13,EA12,106.319,NaN,112.253,NaN,113.448,NaN,113.81,NaN,115.781,NaN
A,CLV_I15_HAB,P31_S13,EA19,106.459,NaN,112.429,NaN,113.634,NaN,113.973,NaN,115.979,NaN
A,CLV_I15_HAB,P31_S13,EA20,106.577,NaN,112.554,NaN,113.773,NaN,114.139,NaN,116.183,NaN
A,CLV_I15_HAB,P31_S13,EE,114.352,NaN,120.63,NaN,120.07,NaN,116.14,NaN,117.481,NaN
A,CLV_I15_HAB,P31_S13,EL,111.887,p,115.927,p,117.969,p,122.455,p,119.02,p
A,CLV_I15_HAB,P31_S13,ES,113.396,NaN,118.522,NaN,116.881,NaN,120.568,p,123.779,p
A,CLV_I15_HAB,P31_S13,EU27_2020,107.017,b,113.018,NaN,113.802,NaN,114.403,NaN,116.696,NaN
A,CLV_I15_HAB,P31_S13,FI,107.836,NaN,112.14,NaN,111.304,NaN,120.813,b,122.061,NaN
A,CLV_I15_HAB,P31_S13,FR,96.981,NaN,104.729,NaN,107.162,NaN,107.851,p,109.005,p
A,CLV_I15_HAB,P31_S13,HR,122.129,NaN,127.403,NaN,130.056,NaN,136.661,NaN,148.45,p
A,CLV_I15_HAB,P31_S13,HU,98.981,NaN,101.816,NaN,107.536,NaN,110.513,NaN,112.193,p
A,CLV_I15_HAB,P31_S13,IE,125.926,NaN,132.744,NaN,135.775,NaN,143.544,NaN,147.023,NaN
A,CLV_I15_HAB,P31_S13,IS,107.326,p,108.316,p,107.657,p,107.506,p,107.5,p
A,CLV_I15_HAB,P31_S13,IT,103.122,NaN,108.098,NaN,108.875,NaN,110.675,NaN,110.373,p
A,CLV_I15_HAB,P31_S13,LT,99.212,NaN,99.97,NaN,101.363,NaN,100.013,NaN,100.735,NaN
A,CLV_I15_HAB,P31_S13,LU,111.852,NaN,115.701,NaN,118.184,NaN,116.039,NaN,120.243,p
A,CLV_I15_HAB,P31_S13,LV,100.906,NaN,106.416,NaN,100.418,NaN,106.326,NaN,105.724,NaN
A,CLV_I15_HAB,P31_S13,ME,101.154,NaN,102.63,NaN,102.926,NaN,107.678,NaN,109.2,NaN
A,CLV_I15_HAB,P31_S13,MT,135.091,NaN,144.887,NaN,137.112,NaN,136.704,NaN,145.191,NaN
A,CLV_I15_HAB,P31_S13,NL,104.557,NaN,109.353,NaN,109.033,NaN,109.592,p,111.718,p
A,CLV_I15_HAB,P31_S13,NO,97.807,NaN,101.44,NaN,103.305,NaN,104.999,NaN,106.348,NaN
A,CLV_I15_HAB,P31_S13,PL,123.615,b,135.529,NaN,130.963,b,136.758,NaN,150.928,NaN
A,CLV_I15_HAB,P31_S13,PT,107.415,NaN,116.175,NaN,120.503,NaN,121.931,NaN,124.917,p
A,CLV_I15_HAB,P31_S13,RO,112.426,NaN,114.863,NaN,119.517,NaN,123.524,NaN,119.286,p
A,CLV_I15_HAB,P31_S13,RS,121.467,NaN,123.419,NaN,134.397,NaN,133.995,p,138.72,p
A,CLV_I15_HAB,P31_S13,SE,96.394,NaN,99.174,NaN,98.003,NaN,97.287,NaN,97.678,NaN
A,CLV_I15_HAB,P31_S13,SI,113.117,NaN,120.541,NaN,121.208,NaN,120.005,NaN,132.13,NaN
A,CLV_I15_HAB,P31_S13,SK,112.925,NaN,123.593,b,131.257,NaN,129.504,NaN,130.819,NaN
A,CLV_I15_HAB,P31_S13,TR,134.289,NaN,142.663,NaN,143.167,NaN,155.564,NaN,,NaN
A,CLV_I15_HAB,P31_S13,UK,,NaN,,NaN,,NaN,,NaN,,NaN
A,CLV_I15_HAB,P31_S14,AL,106.102,NaN,111.851,NaN,120.089,NaN,,NaN,,NaN
A,CLV_I15_HAB,P31_S14,AT,93.71,NaN,97.725,NaN,102.128,NaN,100.794,NaN,101.161,NaN
A,CLV_I15_HAB,P31_S14,BE,96.661,NaN,101.545,NaN,104.329,NaN,104.494,NaN,106.047,p
A,CLV_I15_HAB,P31_S14,BG,121.56,NaN,132.908,NaN,139.034,NaN,140.945,NaN,148.07,NaN
A,CLV_I15_HAB,P31_S14,CH,96.682,NaN,98.033,NaN,101.506,NaN,101.429,NaN,,NaN
A,CLV_I15_HAB,P31_S14,CY,108.771,NaN,111.958,NaN,121.636,NaN,126.519,NaN,129.435,p
A,CLV_I15_HAB,P31_S14,CZ,107.59,NaN,112.018,NaN,109.744,NaN,105.539,NaN,107.747,NaN
A,CLV_I15_HAB,P31_S14,DE,98.705,NaN,100.879,NaN,106.866,p,105.203,p,105.427,p
A,CLV_I15_HAB,P31_S14,DK,108.007,NaN,113.784,NaN,110.073,NaN,106.398,NaN,107.013,NaN
A,CLV_I15_HAB,P31_S14,EA,97.115,NaN,101.583,NaN,106.48,NaN,106.511,NaN,107.376,NaN
A,CLV_I15_HAB,P31_S14,EA12,96.731,NaN,101.127,NaN,106.021,NaN,105.86,NaN,106.628,NaN
A,CLV_I15_HAB,P31_S14,EA19,97.115,NaN,101.583,NaN,106.48,NaN,106.287,NaN,107.12,NaN
A,CLV_I15_HAB,P31_S14,EA20,97.241,NaN,101.756,NaN,106.681,NaN,106.511,NaN,107.376,NaN
A,CLV_I15_HAB,P31_S14,EE,113.297,NaN,121.38,NaN,125.072,NaN,120.059,NaN,119.244,NaN
A,CLV_I15_HAB,P31_S14,EL,102.567,p,108.465,p,119.419,p,122.616,p,125.831,p
A,CLV_I15_HAB,P31_S14,ES,93.632,NaN,100.409,NaN,104.334,NaN,104.833,p,106.893,p
A,CLV_I15_HAB,P31_S14,EU27_2020,99.602,b,104.505,NaN,109.087,NaN,108.832,NaN,110.104,NaN
A,CLV_I15_HAB,P31_S14,FI,99.354,NaN,102.579,NaN,103.119,NaN,102.901,NaN,101.634,NaN
A,CLV_I15_HAB,P31_S14,FR,97.337,NaN,101.95,NaN,104.799,NaN,105.167,p,105.98,p
A,CLV_I15_HAB,P31_S14,HR,115.077,NaN,128.702,NaN,138.283,NaN,142.634,NaN,150.612,p
A,CLV_I15_HAB,P31_S14,HU,122.91,NaN,129.925,NaN,139.413,NaN,135.844,NaN,144.459,p
A,CLV_I15_HAB,P31_S14,IE,98.16,NaN,106.001,NaN,115.141,NaN,117.901,NaN,118.892,NaN
A,CLV_I15_HAB,P31_S14,IS,104.715,p,111.845,p,117.83,p,115.481,p,114.357,p
A,CLV_I15_HAB,P31_S14,IT,92.91,NaN,98.779,NaN,104.252,NaN,104.824,NaN,105.435,p
A,CLV_I15_HAB,P31_S14,LT,114.324,NaN,123.719,NaN,124.978,NaN,123.037,NaN,126.098,NaN
A,CLV_I15_HAB,P31_S14,LU,93.154,NaN,101.663,NaN,105.744,NaN,107.501,NaN,109.28,p
A,CLV_I15_HAB,P31_S14,LV,109.674,NaN,119.418,NaN,125.614,NaN,125.079,NaN,126.378,NaN
A,CLV_I15_HAB,P31_S14,ME,113.388,NaN,119.876,NaN,136.424,NaN,146.004,NaN,161.313,NaN
A,CLV_I15_HAB,P31_S14,MK,113.068,e,124.113,e,131.345,e,133.738,e,136.839,e
A,CLV_I15_HAB,P31_S14,MT,97.812,NaN,108.21,NaN,115.57,NaN,125.862,NaN,129.766,NaN
A,CLV_I15_HAB,P31_S14,NL,97.505,NaN,101.309,NaN,107.46,NaN,107.153,p,107.643,p
A,CLV_I15_HAB,P31_S14,NO,95.832,NaN,100.206,NaN,106.665,NaN,103.998,NaN,104.607,NaN
A,CLV_I15_HAB,P31_S14,PL,117.377,b,125.362,NaN,128.838,b,128.983,NaN,133.115,NaN
A,CLV_I15_HAB,P31_S14,PT,103.495,NaN,108.394,NaN,113.724,NaN,115.183,NaN,117.329,p
A,CLV_I15_HAB,P31_S14,RO,132.439,NaN,143.339,NaN,151.928,NaN,155.476,NaN,164.427,p
A,CLV_I15_HAB,P31_S14,RS,111.665,NaN,121.336,NaN,128.822,NaN,130.328,p,137.82,p
A,CLV_I15_HAB,P31_S14,SE,98.726,NaN,103.738,NaN,105.61,NaN,103.025,NaN,103.328,NaN
A,CLV_I15_HAB,P31_S14,SI,107.141,NaN,118.87,NaN,123.055,NaN,122.41,NaN,126.647,NaN
A,CLV_I15_HAB,P31_S14,SK,117.949,NaN,121.942,b,127.426,NaN,123.386,NaN,127.998,NaN
A,CLV_I15_HAB,P31_S14,TR,109.089,NaN,124.992,NaN,143.89,NaN,158.256,NaN,,NaN
A,CLV_I15_HAB,P31_S14,UK,,NaN,,NaN,,NaN,,NaN,,NaN
A,CLV_I15_HAB,P31_S14_S15,AL,106.285,NaN,112.151,NaN,120.345,NaN,,NaN,,NaN
A,CLV_I15_HAB,P31_S14_S15,AT,94.207,NaN,98.457,NaN,102.579,NaN,101.472,NaN,101.941,NaN
A,CLV_I15_HAB,P31_S14_S15,BE,96.791,NaN,101.771,NaN,104.666,NaN,104.892,NaN,106.444,p
A,CLV_I15_HAB,P31_S14_S15,BG,121.777,NaN,133.171,NaN,139.42,NaN,141.312,NaN,148.42,NaN
A,CLV_I15_HAB,P31_S14_S15,CH,97.066,NaN,98.509,NaN,101.858,NaN,101.846,NaN,102.487,NaN
A,CLV_I15_HAB,P31_S14_S15,CY,108.824,NaN,112.254,NaN,121.766,NaN,126.689,NaN,129.666,p
A,CLV_I15_HAB,P31_S14_S15,CZ,108.133,NaN,112.669,NaN,110.544,NaN,106.504,NaN,108.94,NaN
A,CLV_I15_HAB,P31_S14_S15,DE,98.823,NaN,100.931,NaN,106.827,p,105.163,p,105.427,p
A,CLV_I15_HAB,P31_S14_S15,DK,107.797,NaN,113.37,NaN,109.917,NaN,106.374,NaN,106.899,NaN
A,CLV_I15_HAB,P31_S14_S15,EA,97.185,NaN,101.634,NaN,106.504,NaN,106.582,NaN,107.483,NaN
A,CLV_I15_HAB,P31_S14_S15,EA12,96.809,NaN,101.185,NaN,106.05,NaN,105.935,NaN,106.742,NaN
A,CLV_I15_HAB,P31_S14_S15,EA19,97.185,NaN,101.634,NaN,106.504,NaN,106.359,NaN,107.227,NaN
A,CLV_I15_HAB,P31_S14_S15,EA20,97.312,NaN,101.807,NaN,106.705,NaN,106.582,NaN,107.483,NaN
A,CLV_I15_HAB,P31_S14_S15,EE,113.995,NaN,122.065,NaN,125.456,NaN,120.685,NaN,120.026,NaN
A,CLV_I15_HAB,P31_S14_S15,EL,102.464,p,108.268,p,118.968,p,122.058,p,125.202,p
A,CLV_I15_HAB,P31_S14_S15,ES,93.793,NaN,100.453,NaN,104.416,NaN,105.028,p,107.141,p
A,CLV_I15_HAB,P31_S14_S15,EU27_2020,99.68,b,104.55,NaN,109.121,NaN,108.925,NaN,110.23,NaN
A,CLV_I15_HAB,P31_S14_S15,FI,99.427,NaN,102.41,NaN,103.004,NaN,102.582,NaN,101.403,NaN
A,CLV_I15_HAB,P31_S14_S15,FR,97.28,NaN,101.921,NaN,104.904,NaN,105.345,p,106.185,p
A,CLV_I15_HAB,P31_S14_S15,HR,115.313,NaN,128.84,NaN,138.384,NaN,142.815,NaN,150.946,p
A,CLV_I15_HAB,P31_S14_S15,HU,124.012,NaN,131.031,NaN,141.094,NaN,138.062,NaN,146.265,p
A,CLV_I15_HAB,P31_S14_S15,IE,97.908,NaN,105.49,NaN,114.463,NaN,117.307,NaN,118.817,NaN
A,CLV_I15_HAB,P31_S14_S15,IS,104.886,p,111.734,p,117.394,p,115.149,p,114.075,p
A,CLV_I15_HAB,P31_S14_S15,IT,92.875,NaN,98.797,NaN,104.214,NaN,104.849,NaN,105.487,p
A,CLV_I15_HAB,P31_S14_S15,LT,114.262,NaN,123.561,NaN,124.815,NaN,122.926,NaN,126.03,NaN
A,CLV_I15_HAB,P31_S14_S15,LU,93.377,NaN,102.42,NaN,106.825,NaN,108.814,NaN,110.556,p
A,CLV_I15_HAB,P31_S14_S15,LV,109.502,NaN,119.331,NaN,125.277,NaN,124.452,NaN,125.677,NaN
A,CLV_I15_HAB,P31_S14_S15,ME,113.868,NaN,120.373,NaN,136.895,NaN,146.642,NaN,161.82,NaN
A,CLV_I15_HAB,P31_S14_S15,MK,113.155,e,124.349,e,131.582,e,134.042,e,137.165,e
A,CLV_I15_HAB,P31_S14_S15,MT,98.771,NaN,109.177,NaN,116.53,NaN,126.591,NaN,130.712,NaN
A,CLV_I15_HAB,P31_S14_S15,NL,97.707,NaN,101.531,NaN,107.545,NaN,107.27,p,107.777,p
A,CLV_I15_HAB,P31_S14_S15,NO,95.86,NaN,100.206,NaN,107.088,NaN,104.561,NaN,105.06,NaN
A,CLV_I15_HAB,P31_S14_S15,PL,117.834,b,125.793,NaN,129.451,b,129.635,NaN,133.897,NaN
A,CLV_I15_HAB,P31_S14_S15,PT,103.044,NaN,107.85,NaN,113.199,NaN,114.731,NaN,116.861,p
A,CLV_I15_HAB,P31_S14_S15,RO,132.122,NaN,142.485,NaN,150.922,NaN,154.635,NaN,163.541,p
A,CLV_I15_HAB,P31_S14_S15,RS,111.763,NaN,121.525,NaN,128.953,NaN,130.398,p,137.926,p
A,CLV_I15_HAB,P31_S14_S15,SE,98.723,NaN,103.679,NaN,105.432,NaN,103.029,NaN,103.36,NaN
A,CLV_I15_HAB,P31_S14_S15,SI,107.194,NaN,118.986,NaN,123.572,NaN,122.899,NaN,127.21,NaN
A,CLV_I15_HAB,P31_S14_S15,SK,117.2,NaN,121.236,b,126.825,NaN,123.114,NaN,127.402,NaN
A,CLV_I15_HAB,P31_S14_S15,TR,109.255,NaN,125.167,NaN,143.971,NaN,158.409,NaN,,NaN
A,CLV_I15_HAB,P31_S14_S15,UK,,NaN,,NaN,,NaN,,NaN,,NaN
A,CLV_I15_HAB,P31_S15,AL,117.921,NaN,134.505,NaN,138.045,NaN,,NaN,,NaN
A,CLV_I15_HAB,P31_S15,AT,108.355,NaN,119.24,NaN,115.504,NaN,120.72,NaN,124.069,NaN
A,CLV_I15_HAB,P31_S15,BE,103.355,NaN,113.164,NaN,121.816,NaN,125.408,NaN,126.931,p
A,CLV_I15_HAB,P31_S15,BG,144.471,NaN,161.977,NaN,187.717,NaN,186.324,NaN,189.736,NaN
A,CLV_I15_HAB,P31_S15,CH,106.25,NaN,109.914,NaN,110.32,NaN,111.852,NaN,,NaN
A,CLV_I15_HAB,P31_S15,CY,112.177,NaN,130.92,NaN,129.912,NaN,137.335,NaN,144.116,p
A,CLV_I15_HAB,P31_S15,CZ,147.965,NaN,160.093,NaN,168.476,NaN,177.768,NaN,198.765,NaN
A,CLV_I15_HAB,P31_S15,DE,102.749,NaN,102.605,NaN,105.519,p,103.799,p,105.211,p
A,CLV_I15_HAB,P31_S15,DK,101.289,NaN,100.863,NaN,104.967,NaN,105.437,NaN,103.246,NaN
A,CLV_I15_HAB,P31_S15,EA,99.891,NaN,103.62,NaN,107.474,NaN,109.353,NaN,111.662,NaN
A,CLV_I15_HAB,P31_S15,EA12,99.781,NaN,103.417,NaN,107.217,NaN,108.837,NaN,111.141,NaN
A,CLV_I15_HAB,P31_S15,EA19,99.891,NaN,103.62,NaN,107.474,NaN,109.132,NaN,111.393,NaN
A,CLV_I15_HAB,P31_S15,EA20,100.039,NaN,103.792,NaN,107.668,NaN,109.353,NaN,111.662,NaN
A,CLV_I15_HAB,P31_S15,EE,137.092,NaN,144.719,NaN,137.868,NaN,140.985,NaN,145.58,NaN
A,CLV_I15_HAB,P31_S15,EL,97.853,p,99.634,p,99.389,p,97.982,p,98.132,p
A,CLV_I15_HAB,P31_S15,ES,102.76,NaN,103.335,NaN,109.19,NaN,115.391,p,120.341,p
A,CLV_I15_HAB,P31_S15,EU27_2020,102.711,b,106.355,NaN,110.486,NaN,112.656,NaN,115.274,NaN
A,CLV_I15_HAB,P31_S15,FI,101.24,NaN,97.827,NaN,99.81,NaN,94.489,NaN,95.457,NaN
A,CLV_I15_HAB,P31_S15,FR,95.935,NaN,101.219,NaN,107.22,NaN,109.333,p,110.809,p
A,CLV_I15_HAB,P31_S15,HR,127.133,NaN,135.552,NaN,143.264,NaN,151.696,NaN,167.242,p
A,CLV_I15_HAB,P31_S15,HU,155.881,NaN,162.983,NaN,190.287,NaN,204.849,NaN,199.834,p
A,CLV_I15_HAB,P31_S15,IE,86.178,NaN,81.695,NaN,82.878,NaN,89.799,NaN,119.621,NaN
A,CLV_I15_HAB,P31_S15,IS,107.654,p,108.657,p,107.949,p,107.767,p,107.679,p
A,CLV_I15_HAB,P31_S15,IT,89.038,NaN,100.871,NaN,99.872,NaN,107.788,NaN,111.665,p
A,CLV_I15_HAB,P31_S15,LT,99.345,NaN,87.928,NaN,88.084,NaN,98.161,NaN,110.793,NaN
A,CLV_I15_HAB,P31_S15,LU,97.022,NaN,113.458,NaN,122.714,NaN,128.352,NaN,129.511,p
A,CLV_I15_HAB,P31_S15,LV,101.998,NaN,115.287,NaN,110.484,NaN,97.338,NaN,95.359,i
A,CLV_I15_HAB,P31_S15,ME,147.699,NaN,155.386,NaN,170.057,NaN,191.368,NaN,197.684,NaN
A,CLV_I15_HAB,P31_S15,MK,120.683,e,144.301,e,151.686,e,159.416,e,164.254,e
A,CLV_I15_HAB,P31_S15,MT,130.608,NaN,141.341,NaN,148.552,NaN,151.189,NaN,162.398,NaN
A,CLV_I15_HAB,P31_S15,NL,109.15,NaN,114.117,NaN,111.897,NaN,113.581,p,115.148,p
A,CLV_I15_HAB,P31_S15,NO,96.272,NaN,100.158,NaN,114.143,NaN,113.996,NaN,112.621,NaN
A,CLV_I15_HAB,P31_S15,PL,154.347,b,160.228,NaN,178.377,b,181.747,NaN,196.207,NaN
A,CLV_I15_HAB,P31_S15,PT,88.505,NaN,90.327,NaN,96.26,NaN,100.162,NaN,101.795,p
A,CLV_I15_HAB,P31_S15,RO,112.471,NaN,92.803,NaN,92.684,NaN,105.94,NaN,112.256,p
A,CLV_I15_HAB,P31_S15,RS,118.198,NaN,134.248,NaN,137.985,NaN,135.407,p,145.35,p
A,CLV_I15_HAB,P31_S15,SE,98.554,NaN,101.491,NaN,98.929,NaN,103.073,NaN,104.42,NaN
A,CLV_I15_HAB,P31_S15,SI,110.223,NaN,125.621,NaN,153.513,NaN,151.174,NaN,159.803,NaN
A,CLV_I15_HAB,P31_S15,SK,84.234,NaN,89.933,b,99.69,NaN,109.718,NaN,100.508,NaN
A,CLV_I15_HAB,P31_S15,TR,141.331,NaN,159.023,NaN,158.678,NaN,189.201,NaN,,NaN
A,CLV_I15_HAB,P31_S15,UK,,NaN,,NaN,,NaN,,NaN,,NaN
A,CLV_I15_HAB,P32_S13,AL,142.655,NaN,141.229,NaN,146.882,NaN,,NaN,,NaN
A,CLV_I15_HAB,P32_S13,AT,100.265,NaN,101.642,NaN,100.924,NaN,102.34,NaN,106.219,NaN
A,CLV_I15_HAB,P32_S13,BE,102.23,NaN,104.346,NaN,106.056,NaN,106.489,NaN,107.603,p
A,CLV_I15_HAB,P32_S13,BG,130.359,NaN,126.877,NaN,142.98,NaN,144.383,NaN,148.82,NaN
A,CLV_I15_HAB,P32_S13,CH,101.61,NaN,100.197,NaN,102.181,NaN,101.003,NaN,,NaN
A,CLV_I15_HAB,P32_S13,CY,107.213,NaN,108.214,NaN,112.353,NaN,116.693,NaN,113.08,p
A,CLV_I15_HAB,P32_S13,CZ,111.486,NaN,109.414,NaN,107.12,NaN,108.942,NaN,111.62,NaN
A,CLV_I15_HAB,P32_S13,DE,115.997,NaN,118.309,NaN,116.077,p,118.349,p,120.259,p
A,CLV_I15_HAB,P32_S13,DK,103.25,NaN,105.22,NaN,103.116,NaN,104.633,NaN,107.363,NaN
A,CLV_I15_HAB,P32_S13,EA,106.391,NaN,108.553,NaN,108.884,NaN,110.898,NaN,113.004,NaN
A,CLV_I15_HAB,P32_S13,EA12,106.295,NaN,108.466,NaN,108.935,NaN,110.846,NaN,112.873,NaN
A,CLV_I15_HAB,P32_S13,EA19,106.391,NaN,108.553,NaN,108.884,NaN,110.717,NaN,112.793,NaN
A,CLV_I15_HAB,P32_S13,EA20,106.483,NaN,108.659,NaN,109.017,NaN,110.898,NaN,113.004,NaN
A,CLV_I15_HAB,P32_S13,EE,109.485,NaN,110.953,NaN,107.25,NaN,107.187,NaN,108.408,NaN
A,CLV_I15_HAB,P32_S13,EL,94.138,p,95.306,p,94.755,p,97.084,p,95.146,p
A,CLV_I15_HAB,P32_S13,ES,100.256,NaN,102.533,NaN,104.295,NaN,107.913,p,108.663,p
A,CLV_I15_HAB,P32_S13,EU27_2020,108.056,b,110.125,NaN,110.378,NaN,112.663,NaN,115.149,NaN
A,CLV_I15_HAB,P32_S13,FI,99.814,NaN,104.04,NaN,102.783,NaN,91.035,b,91.723,NaN
A,CLV_I15_HAB,P32_S13,FR,101.766,NaN,104.628,NaN,106.953,NaN,109.134,p,110.622,p
A,CLV_I15_HAB,P32_S13,HR,114.972,NaN,118.56,NaN,122.566,NaN,132.525,NaN,139.455,p
A,CLV_I15_HAB,P32_S13,HU,125.737,NaN,128.847,NaN,130.029,NaN,135.212,NaN,129.883,p
A,CLV_I15_HAB,P32_S13,IE,123.307,NaN,130.959,NaN,130.972,NaN,133.31,NaN,139.332,NaN
A,CLV_I15_HAB,P32_S13,IS,107.326,p,108.316,p,107.657,p,107.506,p,107.5,p
A,CLV_I15_HAB,P32_S13,IT,102.309,NaN,102.41,NaN,103.905,NaN,104.294,NaN,107.289,p
A,CLV_I15_HAB,P32_S13,LT,105.621,NaN,107.73,NaN,108.181,NaN,106.495,NaN,107.959,NaN
A,CLV_I15_HAB,P32_S13,LU,108.022,NaN,110.952,NaN,112.333,NaN,114.611,NaN,117.724,p
A,CLV_I15_HAB,P32_S13,LV,145.841,NaN,151.368,NaN,160.666,NaN,160.326,NaN,162.676,NaN
A,CLV_I15_HAB,P32_S13,ME,109.137,NaN,103.189,NaN,107.511,NaN,108.274,NaN,110.337,NaN
A,CLV_I15_HAB,P32_S13,MT,120.939,NaN,123.295,NaN,124.91,NaN,124.774,NaN,132.388,NaN
A,CLV_I15_HAB,P32_S13,NL,108.868,NaN,112.273,NaN,114.087,NaN,119.223,p,125.107,p
A,CLV_I15_HAB,P32_S13,NO,110.331,NaN,112.277,NaN,111.206,NaN,114.846,NaN,116.753,NaN
A,CLV_I15_HAB,P32_S13,PL,123.856,b,124.623,NaN,125.567,b,132.636,NaN,142.359,NaN
A,CLV_I15_HAB,P32_S13,PT,100.221,NaN,97.885,NaN,95.231,NaN,95.262,NaN,92.564,p
A,CLV_I15_HAB,P32_S13,RO,130.652,NaN,129.407,NaN,122.886,NaN,128.223,NaN,134.949,p
A,CLV_I15_HAB,P32_S13,RS,108.232,NaN,118.197,NaN,116.193,NaN,112.06,p,118.528,p
A,CLV_I15_HAB,P32_S13,SE,100.857,NaN,103.497,NaN,105.417,NaN,108.729,NaN,110.948,NaN
A,CLV_I15_HAB,P32_S13,SI,105.285,NaN,110.525,NaN,107.619,NaN,113.55,NaN,116.136,NaN
A,CLV_I15_HAB,P32_S13,SK,100.908,NaN,100.701,b,89.437,NaN,86.217,NaN,91.992,NaN
A,CLV_I15_HAB,P32_S13,TR,112.972,NaN,111.393,NaN,121.132,NaN,111.798,NaN,,NaN
A,CLV_I15_HAB,P32_S13,UK,,NaN,,NaN,,NaN,,NaN,,NaN
A,CLV_I15_HAB,P3_S13,AL,129.007,NaN,133.325,NaN,137.969,NaN,,NaN,,NaN
A,CLV_I15_HAB,P3_S13,AT,100.164,NaN,107.491,NaN,106.291,NaN,106.069,NaN,109.55,NaN
A,CLV_I15_HAB,P3_S13,BE,101.167,NaN,104.948,NaN,107.392,NaN,109.352,NaN,110.701,p
A,CLV_I15_HAB,P3_S13,BG,132.275,NaN,133.817,NaN,145.432,NaN,147.464,NaN,152.926,NaN
A,CLV_I15_HAB,P3_S13,CH,102.483,NaN,104.795,NaN,102.656,NaN,102.799,NaN,103.566,NaN
A,CLV_I15_HAB,P3_S13,CY,123.548,NaN,132.495,NaN,136.223,NaN,138.428,NaN,138.454,p
A,CLV_I15_HAB,P3_S13,CZ,115.382,NaN,117.095,NaN,114.712,NaN,117.09,NaN,120.621,NaN
A,CLV_I15_HAB,P3_S13,DE,114.192,NaN,117.954,NaN,117.896,p,116.586,p,119.252,p
A,CLV_I15_HAB,P3_S13,DK,97.994,NaN,102.365,NaN,99.061,NaN,98.594,NaN,99.062,NaN
A,CLV_I15_HAB,P3_S13,EA,106.434,NaN,110.97,NaN,111.846,NaN,112.928,NaN,114.996,NaN
A,CLV_I15_HAB,P3_S13,EA12,106.31,NaN,110.837,NaN,111.76,NaN,112.712,NaN,114.704,NaN
A,CLV_I15_HAB,P3_S13,EA19,106.434,NaN,110.97,NaN,111.846,NaN,112.757,NaN,114.791,NaN
A,CLV_I15_HAB,P3_S13,EA20,106.542,NaN,111.086,NaN,111.98,NaN,112.928,NaN,114.996,NaN
A,CLV_I15_HAB,P3_S13,EE,112.125,NaN,116.265,NaN,114.31,NaN,112.135,NaN,113.422,NaN
A,CLV_I15_HAB,P3_S13,EL,101.914,p,104.34,p,104.924,p,108.199,p,105.605,p
A,CLV_I15_HAB,P3_S13,ES,107.761,NaN,111.664,NaN,111.483,NaN,115.14,p,117.296,p
A,CLV_I15_HAB,P3_S13,EU27_2020,107.416,b,111.94,NaN,112.524,NaN,113.771,NaN,116.138,NaN
A,CLV_I15_HAB,P3_S13,FI,105.146,NaN,109.422,NaN,108.445,NaN,110.822,NaN,111.883,NaN
A,CLV_I15_HAB,P3_S13,FR,98.703,NaN,104.764,NaN,107.161,NaN,108.38,p,109.652,p
A,CLV_I15_HAB,P3_S13,HR,118.618,NaN,123.068,NaN,126.395,NaN,134.667,NaN,144.074,p
A,CLV_I15_HAB,P3_S13,HU,112.744,NaN,115.734,NaN,119.325,NaN,123.429,NaN,121.559,p
A,CLV_I15_HAB,P3_S13,IE,125.057,NaN,132.152,NaN,134.179,NaN,140.124,NaN,144.462,NaN
A,CLV_I15_HAB,P3_S13,IS,107.326,p,108.316,p,107.657,p,107.506,p,107.5,p
A,CLV_I15_HAB,P3_S13,IT,102.784,NaN,105.706,NaN,106.788,NaN,107.991,NaN,109.08,p
A,CLV_I15_HAB,P3_S13,LT,101.857,NaN,103.144,NaN,104.191,NaN,102.709,NaN,103.713,NaN
A,CLV_I15_HAB,P3_S13,LU,110.347,NaN,113.833,NaN,115.878,NaN,115.524,NaN,119.288,p
A,CLV_I15_HAB,P3_S13,LV,123.812,NaN,129.44,NaN,129.793,NaN,133.327,NaN,133.934,NaN
A,CLV_I15_HAB,P3_S13,ME,105.202,NaN,103.179,NaN,105.357,NaN,108.365,NaN,110.136,NaN
A,CLV_I15_HAB,P3_S13,MK,108.859,e,111.135,e,106.652,e,105.719,e,106.331,e
A,CLV_I15_HAB,P3_S13,MT,128.926,NaN,135.529,NaN,131.794,NaN,131.504,NaN,139.61,NaN
A,CLV_I15_HAB,P3_S13,NL,105.935,NaN,110.298,NaN,110.637,NaN,112.607,p,115.883,p
A,CLV_I15_HAB,P3_S13,NO,101.799,NaN,104.915,NaN,105.873,NaN,108.179,NaN,109.705,NaN
A,CLV_I15_HAB,P3_S13,PL,123.725,b,130.555,NaN,128.501,b,134.878,NaN,147.02,NaN
A,CLV_I15_HAB,P3_S13,PT,104.136,NaN,107.84,NaN,108.986,NaN,109.778,NaN,110.173,p
A,CLV_I15_HAB,P3_S13,RO,122.633,NaN,123.167,NaN,122.002,NaN,126.743,NaN,128.348,p
A,CLV_I15_HAB,P3_S13,RS,114.923,NaN,120.839,NaN,125.539,NaN,123.279,p,128.885,p
A,CLV_I15_HAB,P3_S13,SE,97.544,NaN,100.29,NaN,99.903,NaN,100.237,NaN,101.094,NaN
A,CLV_I15_HAB,P3_S13,SI,109.928,NaN,116.463,NaN,115.681,NaN,117.439,NaN,125.657,NaN
A,CLV_I15_HAB,P3_S13,SK,106.354,NaN,110.695,b,107.159,NaN,104.463,NaN,108.582,NaN
A,CLV_I15_HAB,P3_S13,TR,125.814,NaN,129.894,NaN,134.457,NaN,136.926,NaN,,NaN
A,CLV_I15_HAB,P3_S13,UK,,NaN,,NaN,,NaN,,NaN,,NaN
A,CLV_I15_HAB,P41,AL,106.925,NaN,113.079,NaN,120.951,NaN,,NaN,,NaN
A,CLV_I15_HAB,P41,AT,95.36,NaN,100.932,NaN,103.915,NaN,102.795,NaN,103.803,NaN
A,CLV_I15_HAB,P41,BE,97.655,NaN,102.567,NaN,105.449,NaN,106.247,NaN,107.784,p
A,CLV_I15_HAB,P41,BG,123.296,NaN,134.056,NaN,140.413,NaN,142.405,NaN,149.416,NaN
A,CLV_I15_HAB,P41,CH,97.737,NaN,99.598,NaN,101.969,NaN,102.091,NaN,,NaN
A,CLV_I15_HAB,P41,CY,112.46,NaN,117.531,NaN,126.291,NaN,130.613,NaN,133.702,p
A,CLV_I15_HAB,P41,CZ,110.125,NaN,114.713,NaN,112.524,NaN,109.691,NaN,112.44,NaN
A,CLV_I15_HAB,P41,DE,101.548,NaN,104.141,NaN,109.127,p,107.112,p,107.905,p
A,CLV_I15_HAB,P41,DK,104.442,NaN,109.945,NaN,106.393,NaN,103.503,NaN,103.755,NaN
A,CLV_I15_HAB,P41,EA,98.97,NaN,103.717,NaN,107.861,NaN,108.021,NaN,109.137,NaN
A,CLV_I15_HAB,P41,EA12,98.647,NaN,103.329,NaN,107.466,NaN,107.443,NaN,108.47,NaN
A,CLV_I15_HAB,P41,EA19,98.97,NaN,103.717,NaN,107.861,NaN,107.809,NaN,108.892,NaN
A,CLV_I15_HAB,P41,EA20,99.094,NaN,103.88,NaN,108.049,NaN,108.021,NaN,109.137,NaN
A,CLV_I15_HAB,P41,EE,114.132,NaN,121.873,NaN,124.525,NaN,119.902,NaN,119.613,NaN
A,CLV_I15_HAB,P41,EL,103.633,p,109.219,p,118.834,p,122.094,p,124.435,p
A,CLV_I15_HAB,P41,ES,96.924,NaN,103.334,NaN,106.392,NaN,107.495,p,109.781,p
A,CLV_I15_HAB,P41,EU27_2020,101.111,b,106.207,NaN,110.017,NaN,109.977,NaN,111.47,NaN
A,CLV_I15_HAB,P41,FI,101.35,NaN,104.641,NaN,104.899,NaN,106.779,NaN,106.173,NaN
A,CLV_I15_HAB,P41,FR,97.215,NaN,102.582,NaN,105.439,NaN,105.935,p,106.844,p
A,CLV_I15_HAB,P41,HR,116.502,NaN,128.59,NaN,136.938,NaN,141.725,NaN,150.46,p
A,CLV_I15_HAB,P41,HU,119.716,NaN,125.947,NaN,135.189,NaN,133.317,NaN,140.323,p
A,CLV_I15_HAB,P41,IE,103.679,NaN,111.094,NaN,118.825,NaN,122.672,NaN,124.573,NaN
A,CLV_I15_HAB,P41,IS,105.653,p,111.022,p,115.039,p,113.345,p,112.55,p
A,CLV_I15_HAB,P41,IT,94.448,NaN,100.218,NaN,104.899,NaN,105.714,NaN,106.212,p
A,CLV_I15_HAB,P41,LT,112.131,NaN,119.907,NaN,121.197,NaN,119.396,NaN,122.068,NaN
A,CLV_I15_HAB,P41,LU,97.696,NaN,105.504,NaN,109.453,NaN,110.475,NaN,112.802,p
A,CLV_I15_HAB,P41,LV,108.376,NaN,117.546,NaN,121.365,NaN,121.705,NaN,122.615,NaN
A,CLV_I15_HAB,P41,ME,112.423,NaN,118.229,NaN,132.453,NaN,141.505,NaN,154.684,NaN
A,CLV_I15_HAB,P41,MT,104.781,NaN,115.075,NaN,119.86,NaN,128.169,NaN,133.002,NaN
A,CLV_I15_HAB,P41,NL,99.587,NaN,103.679,NaN,107.953,NaN,107.904,p,108.849,p
A,CLV_I15_HAB,P41,NO,96.399,NaN,100.544,NaN,106.006,NaN,104.658,NaN,105.394,NaN
A,CLV_I15_HAB,P41,PL,118.713,b,127.254,NaN,129.706,b,130.709,NaN,136.425,NaN
A,CLV_I15_HAB,P41,PT,103.645,NaN,108.995,NaN,114.203,NaN,115.721,NaN,117.968,p
A,CLV_I15_HAB,P41,RO,130.366,NaN,139.699,NaN,147.67,NaN,151.445,NaN,158.585,p
A,CLV_I15_HAB,P41,RS,113.002,NaN,121.761,NaN,129.657,NaN,130.869,p,138.042,p
A,CLV_I15_HAB,P41,SE,98.028,NaN,102.311,NaN,103.16,NaN,101.271,NaN,101.62,NaN
A,CLV_I15_HAB,P41,SI,108.322,NaN,119.27,NaN,123.086,NaN,122.316,NaN,128.086,NaN
A,CLV_I15_HAB,P41,SK,116.613,NaN,121.616,b,127.506,NaN,124.065,NaN,127.943,NaN
A,CLV_I15_HAB,P41,TR,112.578,NaN,127.611,NaN,144.253,NaN,158.493,NaN,,NaN
A,CLV_I15_HAB,P41,UK,,NaN,,NaN,,NaN,,NaN,,NaN
A,CLV_I20_HAB,B1GQ,AL,100.0,NaN,109.984,NaN,116.703,NaN,,NaN,,NaN
A,CLV_I20_HAB,B1GQ,AT,100.0,NaN,104.517,NaN,108.856,NaN,107.08,NaN,105.827,NaN
A,CLV_I20_HAB,B1GQ,BE,100.0,NaN,105.818,NaN,109.12,NaN,110.05,NaN,110.625,p
A,CLV_I20_HAB,B1GQ,BG,100.0,NaN,108.547,NaN,113.718,NaN,115.962,NaN,119.986,NaN
A,CLV_I20_HAB,B1GQ,CH,100.0,NaN,104.785,NaN,107.064,NaN,106.188,NaN,106.372,NaN
A,CLV_I20_HAB,B1GQ,CY,100.0,NaN,109.743,NaN,116.634,NaN,118.549,NaN,121.273,p
A,CLV_I20_HAB,B1GQ,CZ,100.0,NaN,104.042,NaN,104.432,NaN,103.343,NaN,104.451,NaN
A,CLV_I20_HAB,B1GQ,DE,100.0,NaN,104.076,NaN,105.273,p,103.408,p,102.612,p
A,CLV_I20_HAB,B1GQ,DK,100.0,NaN,106.051,NaN,105.584,NaN,105.48,NaN,108.622,NaN
A,CLV_I20_HAB,B1GQ,EA,100.0,NaN,106.356,NaN,109.666,NaN,109.548,NaN,110.081,NaN
A,CLV_I20_HAB,B1GQ,EA12,100.0,NaN,106.322,NaN,109.678,NaN,109.44,NaN,109.911,NaN
A,CLV_I20_HAB,B1GQ,EA19,100.0,NaN,106.356,NaN,109.666,NaN,109.454,NaN,109.968,NaN
A,CLV_I20_HAB,B1GQ,EA20,100.0,NaN,106.394,NaN,109.735,NaN,109.548,NaN,110.081,NaN
A,CLV_I20_HAB,B1GQ,EE,100.0,NaN,108.159,NaN,106.694,NaN,101.177,NaN,100.438,NaN
A,CLV_I20_HAB,B1GQ,EL,100.0,p,109.249,p,115.948,p,118.774,p,121.446,p
A,CLV_I20_HAB,B1GQ,ES,100.0,NaN,106.679,NaN,112.431,NaN,113.849,p,116.567,p
A,CLV_I20_HAB,B1GQ,EU27_2020,100.0,b,106.424,NaN,109.521,NaN,109.46,NaN,110.287,NaN
A,CLV_I20_HAB,B1GQ,FI,100.0,NaN,102.476,NaN,102.972,NaN,101.63,NaN,101.263,NaN
A,CLV_I20_HAB,B1GQ,FR,100.0,NaN,106.391,NaN,108.868,NaN,110.153,p,111.171,p
A,CLV_I20_HAB,B1GQ,HR,100.0,NaN,113.632,NaN,122.511,NaN,127.032,NaN,131.496,p
A,CLV_I20_HAB,B1GQ,HU,100.0,NaN,107.663,NaN,112.435,NaN,111.666,NaN,112.645,p
A,CLV_I20_HAB,B1GQ,IE,100.0,NaN,114.947,NaN,121.017,NaN,115.806,NaN,116.85,NaN
A,CLV_I20_HAB,B1GQ,IS,100.0,p,103.61,p,110.159,p,113.002,p,109.85,p
A,CLV_I20_HAB,B1GQ,IT,100.0,NaN,109.494,NaN,115.006,NaN,116.186,NaN,117.053,p
A,CLV_I20_HAB,B1GQ,LT,100.0,NaN,106.47,NaN,108.199,NaN,107.483,NaN,110.1,NaN
A,CLV_I20_HAB,B1GQ,LU,100.0,NaN,105.263,NaN,101.862,NaN,100.058,NaN,98.834,p
A,CLV_I20_HAB,B1GQ,LV,100.0,NaN,107.857,NaN,109.829,NaN,109.066,NaN,109.988,NaN
A,CLV_I20_HAB,B1GQ,ME,100.0,NaN,113.324,NaN,122.381,NaN,130.323,NaN,134.447,NaN
A,CLV_I20_HAB,B1GQ,MK,100.0,e,105.77,e,109.008,e,112.032,e,115.604,e
A,CLV_I20_HAB,B1GQ,MT,100.0,NaN,112.794,NaN,112.59,NaN,119.694,NaN,124.313,NaN
A,CLV_I20_HAB,B1GQ,NL,100.0,NaN,105.725,NaN,109.965,NaN,108.232,p,108.69,p
A,CLV_I20_HAB,B1GQ,NO,100.0,NaN,103.351,NaN,105.748,NaN,104.617,NaN,105.814,NaN
A,CLV_I20_HAB,B1GQ,PL,100.0,b,107.486,NaN,110.719,b,111.435,NaN,115.13,NaN
A,CLV_I20_HAB,B1GQ,PT,100.0,NaN,105.327,NaN,112.027,NaN,114.306,NaN,115.48,p
A,CLV_I20_HAB,B1GQ,RO,100.0,NaN,106.446,NaN,111.41,NaN,113.855,NaN,114.954,p
A,CLV_I20_HAB,B1GQ,RS,100.0,NaN,108.973,NaN,114.771,NaN,119.815,p,125.242,p
A,CLV_I20_HAB,B1GQ,SE,100.0,NaN,104.596,NaN,104.789,NaN,103.862,NaN,104.403,NaN
A,CLV_I20_HAB,B1GQ,SI,100.0,NaN,108.163,NaN,110.962,NaN,113.001,NaN,114.616,NaN
A,CLV_I20_HAB,B1GQ,SK,100.0,NaN,106.041,b,106.296,NaN,108.536,NaN,110.612,NaN
A,CLV_I20_HAB,B1GQ,TR,100.0,NaN,110.799,NaN,115.682,NaN,121.026,NaN,,NaN
A,CLV_I20_HAB,P3,AL,100.0,NaN,105.183,NaN,112.252,NaN,,NaN,,NaN
A,CLV_I20_HAB,P3,AT,100.0,NaN,105.354,NaN,108.06,NaN,107.163,NaN,108.519,NaN
A,CLV_I20_HAB,P3,BE,100.0,NaN,104.687,NaN,107.491,NaN,108.263,NaN,109.783,p
A,CLV_I20_HAB,P3,BG,100.0,NaN,107.309,NaN,113.397,NaN,114.947,NaN,120.359,NaN
A,CLV_I20_HAB,P3,CH,100.0,NaN,101.632,NaN,104.019,NaN,104.035,NaN,104.713,NaN
A,CLV_I20_HAB,P3,CY,100.0,NaN,104.125,NaN,111.488,NaN,115.353,NaN,117.415,p
A,CLV_I20_HAB,P3,CZ,100.0,NaN,103.347,NaN,101.35,NaN,99.315,NaN,101.799,NaN
A,CLV_I20_HAB,P3,DE,100.0,NaN,102.483,NaN,106.617,p,105.094,p,105.975,p
A,CLV_I20_HAB,P3,DK,100.0,NaN,104.925,NaN,101.663,NaN,99.326,NaN,99.809,NaN
A,CLV_I20_HAB,P3,EA,100.0,NaN,104.482,NaN,108.228,NaN,108.454,NaN,109.676,NaN
A,CLV_I20_HAB,P3,EA12,100.0,NaN,104.44,NaN,108.208,NaN,108.391,NaN,109.529,NaN
A,CLV_I20_HAB,P3,EA19,100.0,NaN,104.482,NaN,108.228,NaN,108.378,NaN,109.568,NaN
A,CLV_I20_HAB,P3,EA20,100.0,NaN,104.512,NaN,108.278,NaN,108.454,NaN,109.676,NaN
A,CLV_I20_HAB,P3,EE,100.0,NaN,106.102,NaN,107.709,NaN,104.157,NaN,104.073,NaN
A,CLV_I20_HAB,P3,EL,100.0,p,104.867,p,112.89,p,115.951,p,117.672,p
A,CLV_I20_HAB,P3,ES,100.0,NaN,106.129,NaN,109.129,NaN,110.54,p,112.723,p
A,CLV_I20_HAB,P3,EU27_2020,100.0,b,104.682,NaN,108.046,NaN,108.253,NaN,109.823,NaN
A,CLV_I20_HAB,P3,FI,100.0,NaN,103.349,NaN,103.447,NaN,103.894,NaN,103.429,NaN
A,CLV_I20_HAB,P3,FR,100.0,NaN,105.211,NaN,108.075,NaN,108.771,p,109.764,p
A,CLV_I20_HAB,P3,HR,100.0,NaN,109.351,NaN,115.985,NaN,120.721,NaN,128.015,p
A,CLV_I20_HAB,P3,HU,100.0,NaN,104.761,NaN,111.37,NaN,110.789,NaN,114.954,p
A,CLV_I20_HAB,P3,IE,100.0,NaN,107.048,NaN,113.686,NaN,117.199,NaN,119.357,NaN
A,CLV_I20_HAB,P3,IS,100.0,p,104.544,p,107.77,p,106.358,p,105.702,p
A,CLV_I20_HAB,P3,IT,100.0,NaN,105.444,NaN,110.01,NaN,110.82,NaN,111.599,p
A,CLV_I20_HAB,P3,LT,100.0,NaN,106.441,NaN,107.521,NaN,105.917,NaN,108.202,NaN
A,CLV_I20_HAB,P3,LU,100.0,NaN,107.219,NaN,110.856,NaN,112.062,NaN,114.52,p
A,CLV_I20_HAB,P3,LV,100.0,NaN,107.76,NaN,111.701,NaN,111.94,NaN,112.884,NaN
A,CLV_I20_HAB,P3,ME,100.0,NaN,103.995,NaN,115.694,NaN,122.995,NaN,133.664,NaN
A,CLV_I20_HAB,P3,MK,100.0,e,108.315,e,112.596,e,114.152,e,116.454,e
A,CLV_I20_HAB,P3,MT,100.0,NaN,108.826,NaN,112.978,NaN,119.88,NaN,124.705,NaN
A,CLV_I20_HAB,P3,NL,100.0,NaN,103.991,NaN,107.972,NaN,108.478,p,109.94,p
A,CLV_I20_HAB,P3,NO,100.0,NaN,103.981,NaN,108.808,NaN,108.007,NaN,108.894,NaN
A,CLV_I20_HAB,P3,PL,100.0,b,106.446,NaN,108.364,b,109.759,NaN,114.919,NaN
A,CLV_I20_HAB,P3,PT,100.0,NaN,104.411,NaN,108.668,NaN,109.989,NaN,111.671,p
A,CLV_I20_HAB,P3,RO,100.0,NaN,106.098,NaN,110.744,NaN,113.797,NaN,119.233,p
A,CLV_I20_HAB,P3,RS,100.0,NaN,107.907,NaN,113.959,NaN,114.509,p,120.818,p
A,CLV_I20_HAB,P3,SE,100.0,NaN,104.2,NaN,105.166,NaN,103.758,NaN,104.295,NaN
A,CLV_I20_HAB,P3,SI,100.0,NaN,109.521,NaN,112.321,NaN,112.324,NaN,117.328,NaN
A,CLV_I20_HAB,P3,SK,100.0,NaN,103.616,b,106.189,NaN,103.195,NaN,106.911,NaN
A,CLV_I20_HAB,P3,TR,100.0,NaN,112.245,NaN,126.672,NaN,137.581,NaN,,NaN
A,CLV_I20_HAB,P31_S13,AL,100.0,NaN,108.599,NaN,111.744,NaN,,NaN,,NaN
A,CLV_I20_HAB,P31_S13,AT,100.0,NaN,110.719,NaN,109.244,NaN,108.073,NaN,111.317,NaN
A,CLV_I20_HAB,P31_S13,BE,100.0,NaN,104.658,NaN,107.481,NaN,110.263,NaN,111.736,p
A,CLV_I20_HAB,P31_S13,BG,100.0,NaN,104.966,NaN,110.25,NaN,112.24,NaN,117.049,NaN
A,CLV_I20_HAB,P31_S13,CH,100.0,NaN,105.08,NaN,99.864,NaN,101.012,NaN,,NaN
A,CLV_I20_HAB,P31_S13,CY,100.0,NaN,112.432,NaN,114.771,NaN,114.692,NaN,117.505,p
A,CLV_I20_HAB,P31_S13,CZ,100.0,NaN,104.057,NaN,101.985,NaN,104.374,NaN,107.945,NaN
A,CLV_I20_HAB,P31_S13,DE,100.0,NaN,104.066,NaN,105.144,p,102.047,p,104.805,p
A,CLV_I20_HAB,P31_S13,DK,100.0,NaN,105.534,NaN,101.597,NaN,100.286,NaN,99.83,NaN
A,CLV_I20_HAB,P31_S13,EA,100.0,NaN,105.607,NaN,106.739,NaN,107.096,NaN,109.014,NaN
A,CLV_I20_HAB,P31_S13,EA12,100.0,NaN,105.582,NaN,106.706,NaN,107.046,NaN,108.9,NaN
A,CLV_I20_HAB,P31_S13,EA19,100.0,NaN,105.607,NaN,106.739,NaN,107.058,NaN,108.942,NaN
A,CLV_I20_HAB,P31_S13,EA20,100.0,NaN,105.609,NaN,106.752,NaN,107.096,NaN,109.014,NaN
A,CLV_I20_HAB,P31_S13,EE,100.0,NaN,105.49,NaN,105.001,NaN,101.564,NaN,102.736,NaN
A,CLV_I20_HAB,P31_S13,EL,100.0,p,103.611,p,105.435,p,109.446,p,106.375,p
A,CLV_I20_HAB,P31_S13,ES,100.0,NaN,104.52,NaN,103.073,NaN,106.324,p,109.157,p
A,CLV_I20_HAB,P31_S13,EU27_2020,100.0,b,105.608,NaN,106.339,NaN,106.902,NaN,109.044,NaN
A,CLV_I20_HAB,P31_S13,FI,100.0,NaN,103.992,NaN,103.216,NaN,112.034,b,113.191,NaN
A,CLV_I20_HAB,P31_S13,FR,100.0,NaN,107.989,NaN,110.498,NaN,111.209,p,112.398,p
A,CLV_I20_HAB,P31_S13,HR,100.0,NaN,104.318,NaN,106.491,NaN,111.899,NaN,121.552,p
A,CLV_I20_HAB,P31_S13,HU,100.0,NaN,102.864,NaN,108.643,NaN,111.651,NaN,113.348,p
A,CLV_I20_HAB,P31_S13,IE,100.0,NaN,105.414,NaN,107.821,NaN,113.99,NaN,116.753,NaN
A,CLV_I20_HAB,P31_S13,IS,100.0,p,100.922,p,100.308,p,100.168,p,100.162,p
A,CLV_I20_HAB,P31_S13,IT,100.0,NaN,104.826,NaN,105.58,NaN,107.325,NaN,107.032,p
A,CLV_I20_HAB,P31_S13,LT,100.0,NaN,100.764,NaN,102.168,NaN,100.807,NaN,101.536,NaN
A,CLV_I20_HAB,P31_S13,LU,100.0,NaN,103.441,NaN,105.661,NaN,103.744,NaN,107.502,p
A,CLV_I20_HAB,P31_S13,LV,100.0,NaN,105.461,NaN,99.517,NaN,105.372,NaN,104.775,NaN
A,CLV_I20_HAB,P31_S13,ME,100.0,NaN,101.46,NaN,101.752,NaN,106.449,NaN,107.955,NaN
A,CLV_I20_HAB,P31_S13,MT,100.0,NaN,107.251,NaN,101.496,NaN,101.193,NaN,107.476,NaN
A,CLV_I20_HAB,P31_S13,NL,100.0,NaN,104.587,NaN,104.281,NaN,104.815,p,106.849,p
A,CLV_I20_HAB,P31_S13,NO,100.0,NaN,103.715,NaN,105.622,NaN,107.354,NaN,108.733,NaN
A,CLV_I20_HAB,P31_S13,PL,100.0,b,109.638,NaN,105.944,b,110.631,NaN,122.095,NaN
A,CLV_I20_HAB,P31_S13,PT,100.0,NaN,108.156,NaN,112.185,NaN,113.514,NaN,116.294,p
A,CLV_I20_HAB,P31_S13,RO,100.0,NaN,102.168,NaN,106.307,NaN,109.871,NaN,106.102,p
A,CLV_I20_HAB,P31_S13,RS,100.0,NaN,101.607,NaN,110.645,NaN,110.315,p,114.204,p
A,CLV_I20_HAB,P31_S13,SE,100.0,NaN,102.885,NaN,101.67,NaN,100.927,NaN,101.333,NaN
A,CLV_I20_HAB,P31_S13,SI,100.0,NaN,106.563,NaN,107.153,NaN,106.09,NaN,116.809,NaN
A,CLV_I20_HAB,P31_S13,SK,100.0,NaN,109.447,b,116.234,NaN,114.681,NaN,115.846,NaN
A,CLV_I20_HAB,P31_S13,TR,100.0,NaN,106.236,NaN,106.61,NaN,115.842,NaN,,NaN
A,CLV_I20_HAB,P31_S14,AL,100.0,NaN,105.419,NaN,113.183,NaN,,NaN,,NaN
A,CLV_I20_HAB,P31_S14,AT,100.0,NaN,104.285,NaN,108.984,NaN,107.56,NaN,107.951,NaN
A,CLV_I20_HAB,P31_S14,BE,100.0,NaN,105.053,NaN,107.933,NaN,108.103,NaN,109.71,p
A,CLV_I20_HAB,P31_S14,BG,100.0,NaN,109.335,NaN,114.376,NaN,115.947,NaN,121.809,NaN
A,CLV_I20_HAB,P31_S14,CH,100.0,NaN,101.397,NaN,104.989,NaN,104.909,NaN,,NaN
A,CLV_I20_HAB,P31_S14,CY,100.0,NaN,102.93,NaN,111.828,NaN,116.317,NaN,118.998,p
A,CLV_I20_HAB,P31_S14,CZ,100.0,NaN,104.116,NaN,102.003,NaN,98.093,NaN,100.146,NaN
A,CLV_I20_HAB,P31_S14,DE,100.0,NaN,102.203,NaN,108.269,p,106.583,p,106.811,p
A,CLV_I20_HAB,P31_S14,DK,100.0,NaN,105.349,NaN,101.913,NaN,98.51,NaN,99.079,NaN
A,CLV_I20_HAB,P31_S14,EA,100.0,NaN,104.601,NaN,109.643,NaN,109.533,NaN,110.422,NaN
A,CLV_I20_HAB,P31_S14,EA12,100.0,NaN,104.544,NaN,109.604,NaN,109.437,NaN,110.232,NaN
A,CLV_I20_HAB,P31_S14,EA19,100.0,NaN,104.601,NaN,109.643,NaN,109.445,NaN,110.303,NaN
A,CLV_I20_HAB,P31_S14,EA20,100.0,NaN,104.642,NaN,109.707,NaN,109.533,NaN,110.422,NaN
A,CLV_I20_HAB,P31_S14,EE,100.0,NaN,107.134,NaN,110.393,NaN,105.968,NaN,105.248,NaN
A,CLV_I20_HAB,P31_S14,EL,100.0,p,105.75,p,116.43,p,119.547,p,122.681,p
A,CLV_I20_HAB,P31_S14,ES,100.0,NaN,107.237,NaN,111.429,NaN,111.963,p,114.163,p
A,CLV_I20_HAB,P31_S14,EU27_2020,100.0,b,104.922,NaN,109.523,NaN,109.266,NaN,110.543,NaN
A,CLV_I20_HAB,P31_S14,FI,100.0,NaN,103.247,NaN,103.79,NaN,103.571,NaN,102.296,NaN
A,CLV_I20_HAB,P31_S14,FR,100.0,NaN,104.738,NaN,107.666,NaN,108.043,p,108.879,p
A,CLV_I20_HAB,P31_S14,HR,100.0,NaN,111.84,NaN,120.165,NaN,123.946,NaN,130.879,p
A,CLV_I20_HAB,P31_S14,HU,100.0,NaN,105.707,NaN,113.427,NaN,110.523,NaN,117.532,p
A,CLV_I20_HAB,P31_S14,IE,100.0,NaN,107.988,NaN,117.3,NaN,120.112,NaN,121.121,NaN
A,CLV_I20_HAB,P31_S14,IS,100.0,p,106.809,p,112.525,p,110.281,p,109.208,p
A,CLV_I20_HAB,P31_S14,IT,100.0,NaN,106.317,NaN,112.207,NaN,112.824,NaN,113.481,p
A,CLV_I20_HAB,P31_S14,LT,100.0,NaN,108.219,NaN,109.32,NaN,107.621,NaN,110.299,NaN
A,CLV_I20_HAB,P31_S14,LU,100.0,NaN,109.135,NaN,113.515,NaN,115.401,NaN,117.311,p
A,CLV_I20_HAB,P31_S14,LV,100.0,NaN,108.884,NaN,114.534,NaN,114.046,NaN,115.23,NaN
A,CLV_I20_HAB,P31_S14,ME,100.0,NaN,105.722,NaN,120.316,NaN,128.765,NaN,142.266,NaN
A,CLV_I20_HAB,P31_S14,MK,100.0,e,109.768,e,116.164,e,118.281,e,121.024,e
A,CLV_I20_HAB,P31_S14,MT,100.0,NaN,110.631,NaN,118.155,NaN,128.677,NaN,132.669,NaN
A,CLV_I20_HAB,P31_S14,NL,100.0,NaN,103.902,NaN,110.211,NaN,109.895,p,110.398,p
A,CLV_I20_HAB,P31_S14,NO,100.0,NaN,104.564,NaN,111.304,NaN,108.521,NaN,109.156,NaN
A,CLV_I20_HAB,P31_S14,PL,100.0,b,106.803,NaN,109.765,b,109.888,NaN,113.408,NaN
A,CLV_I20_HAB,P31_S14,PT,100.0,NaN,104.734,NaN,109.884,NaN,111.293,NaN,113.366,p
A,CLV_I20_HAB,P31_S14,RO,100.0,NaN,108.23,NaN,114.715,NaN,117.394,NaN,124.152,p
A,CLV_I20_HAB,P31_S14,RS,100.0,NaN,108.66,NaN,115.364,NaN,116.713,p,123.423,p
A,CLV_I20_HAB,P31_S14,SE,100.0,NaN,105.076,NaN,106.973,NaN,104.354,NaN,104.662,NaN
A,CLV_I20_HAB,P31_S14,SI,100.0,NaN,110.947,NaN,114.853,NaN,114.251,NaN,118.206,NaN
A,CLV_I20_HAB,P31_S14,SK,100.0,NaN,103.386,b,108.035,NaN,104.61,NaN,108.52,NaN
A,CLV_I20_HAB,P31_S14,TR,100.0,NaN,114.578,NaN,131.902,NaN,145.071,NaN,,NaN
A,CLV_I20_HAB,P31_S14_S15,AL,100.0,NaN,105.52,NaN,113.229,NaN,,NaN,,NaN
A,CLV_I20_HAB,P31_S14_S15,AT,100.0,NaN,104.511,NaN,108.887,NaN,107.711,NaN,108.21,NaN
A,CLV_I20_HAB,P31_S14_S15,BE,100.0,NaN,105.145,NaN,108.137,NaN,108.37,NaN,109.974,p
A,CLV_I20_HAB,P31_S14_S15,BG,100.0,NaN,109.356,NaN,114.488,NaN,116.042,NaN,121.878,NaN
A,CLV_I20_HAB,P31_S14_S15,CH,100.0,NaN,101.487,NaN,104.938,NaN,104.925,NaN,105.585,NaN
A,CLV_I20_HAB,P31_S14_S15,CY,100.0,NaN,103.153,NaN,111.893,NaN,116.417,NaN,119.152,p
A,CLV_I20_HAB,P31_S14_S15,CZ,100.0,NaN,104.194,NaN,102.229,NaN,98.493,NaN,100.746,NaN
A,CLV_I20_HAB,P31_S14_S15,DE,100.0,NaN,102.133,NaN,108.1,p,106.416,p,106.683,p
A,CLV_I20_HAB,P31_S14_S15,DK,100.0,NaN,105.17,NaN,101.967,NaN,98.681,NaN,99.167,NaN
A,CLV_I20_HAB,P31_S14_S15,EA,100.0,NaN,104.578,NaN,109.588,NaN,109.526,NaN,110.451,NaN
A,CLV_I20_HAB,P31_S14_S15,EA12,100.0,NaN,104.519,NaN,109.545,NaN,109.426,NaN,110.26,NaN
A,CLV_I20_HAB,P31_S14_S15,EA19,100.0,NaN,104.578,NaN,109.588,NaN,109.439,NaN,110.332,NaN
A,CLV_I20_HAB,P31_S14_S15,EA20,100.0,NaN,104.618,NaN,109.652,NaN,109.526,NaN,110.451,NaN
A,CLV_I20_HAB,P31_S14_S15,EE,100.0,NaN,107.08,NaN,110.054,NaN,105.868,NaN,105.29,NaN
A,CLV_I20_HAB,P31_S14_S15,EL,100.0,p,105.665,p,116.108,p,119.124,p,122.191,p
A,CLV_I20_HAB,P31_S14_S15,ES,100.0,NaN,107.101,NaN,111.325,NaN,111.978,p,114.231,p
A,CLV_I20_HAB,P31_S14_S15,EU27_2020,100.0,b,104.886,NaN,109.472,NaN,109.275,NaN,110.584,NaN
A,CLV_I20_HAB,P31_S14_S15,FI,100.0,NaN,103.0,NaN,103.597,NaN,103.173,NaN,101.987,NaN
A,CLV_I20_HAB,P31_S14_S15,FR,100.0,NaN,104.771,NaN,107.838,NaN,108.29,p,109.154,p
A,CLV_I20_HAB,P31_S14_S15,HR,100.0,NaN,111.731,NaN,120.007,NaN,123.85,NaN,130.902,p
A,CLV_I20_HAB,P31_S14_S15,HU,100.0,NaN,105.66,NaN,113.774,NaN,111.33,NaN,117.944,p
A,CLV_I20_HAB,P31_S14_S15,IE,100.0,NaN,107.743,NaN,116.908,NaN,119.813,NaN,121.356,NaN
A,CLV_I20_HAB,P31_S14_S15,IS,100.0,p,106.529,p,111.925,p,109.785,p,108.761,p
A,CLV_I20_HAB,P31_S14_S15,IT,100.0,NaN,106.376,NaN,112.209,NaN,112.893,NaN,113.58,p
A,CLV_I20_HAB,P31_S14_S15,LT,100.0,NaN,108.138,NaN,109.235,NaN,107.583,NaN,110.299,NaN
A,CLV_I20_HAB,P31_S14_S15,LU,100.0,NaN,109.685,NaN,114.401,NaN,116.531,NaN,118.397,p
A,CLV_I20_HAB,P31_S14_S15,LV,100.0,NaN,108.976,NaN,114.406,NaN,113.652,NaN,114.771,NaN
A,CLV_I20_HAB,P31_S14_S15,ME,100.0,NaN,105.713,NaN,120.222,NaN,128.782,NaN,142.112,NaN
A,CLV_I20_HAB,P31_S14_S15,MK,100.0,e,109.893,e,116.285,e,118.46,e,121.219,e
A,CLV_I20_HAB,P31_S14_S15,MT,100.0,NaN,110.536,NaN,117.98,NaN,128.166,NaN,132.338,NaN
A,CLV_I20_HAB,P31_S14_S15,NL,100.0,NaN,103.914,NaN,110.069,NaN,109.787,p,110.307,p
A,CLV_I20_HAB,P31_S14_S15,NO,100.0,NaN,104.534,NaN,111.713,NaN,109.077,NaN,109.597,NaN
A,CLV_I20_HAB,P31_S14_S15,PL,100.0,b,106.754,NaN,109.858,b,110.015,NaN,113.631,NaN
A,CLV_I20_HAB,P31_S14_S15,PT,100.0,NaN,104.664,NaN,109.855,NaN,111.342,NaN,113.409,p
A,CLV_I20_HAB,P31_S14_S15,RO,100.0,NaN,107.844,NaN,114.23,NaN,117.04,NaN,123.78,p
A,CLV_I20_HAB,P31_S14_S15,RS,100.0,NaN,108.735,NaN,115.381,NaN,116.674,p,123.409,p
A,CLV_I20_HAB,P31_S14_S15,SE,100.0,NaN,105.02,NaN,106.795,NaN,104.361,NaN,104.696,NaN
A,CLV_I20_HAB,P31_S14_S15,SI,100.0,NaN,111.0,NaN,115.279,NaN,114.651,NaN,118.672,NaN
A,CLV_I20_HAB,P31_S14_S15,SK,100.0,NaN,103.444,b,108.212,NaN,105.046,NaN,108.704,NaN
A,CLV_I20_HAB,P31_S14_S15,TR,100.0,NaN,114.564,NaN,131.775,NaN,144.99,NaN,,NaN
A,CLV_I20_HAB,P31_S15,AL,100.0,NaN,114.064,NaN,117.066,NaN,,NaN,,NaN
A,CLV_I20_HAB,P31_S15,AT,100.0,NaN,110.046,NaN,106.598,NaN,111.411,NaN,114.502,NaN
A,CLV_I20_HAB,P31_S15,BE,100.0,NaN,109.491,NaN,117.861,NaN,121.337,NaN,122.81,p
A,CLV_I20_HAB,P31_S15,BG,100.0,NaN,112.117,NaN,129.934,NaN,128.97,NaN,131.332,NaN
A,CLV_I20_HAB,P31_S15,CH,100.0,NaN,103.448,NaN,103.83,NaN,105.272,NaN,,NaN
A,CLV_I20_HAB,P31_S15,CY,100.0,NaN,116.708,NaN,115.81,NaN,122.427,NaN,128.472,p
A,CLV_I20_HAB,P31_S15,CZ,100.0,NaN,108.196,NaN,113.862,NaN,120.142,NaN,134.332,NaN
A,CLV_I20_HAB,P31_S15,DE,100.0,NaN,99.859,NaN,102.696,p,101.022,p,102.396,p
A,CLV_I20_HAB,P31_S15,DK,100.0,NaN,99.579,NaN,103.631,NaN,104.095,NaN,101.932,NaN
A,CLV_I20_HAB,P31_S15,EA,100.0,NaN,103.733,NaN,107.592,NaN,109.31,NaN,111.618,NaN
A,CLV_I20_HAB,P31_S15,EA12,100.0,NaN,103.643,NaN,107.452,NaN,109.075,NaN,111.384,NaN
A,CLV_I20_HAB,P31_S15,EA19,100.0,NaN,103.733,NaN,107.592,NaN,109.251,NaN,111.514,NaN
A,CLV_I20_HAB,P31_S15,EA20,100.0,NaN,103.751,NaN,107.626,NaN,109.31,NaN,111.618,NaN
A,CLV_I20_HAB,P31_S15,EE,100.0,NaN,105.563,NaN,100.566,NaN,102.84,NaN,106.192,NaN
A,CLV_I20_HAB,P31_S15,EL,100.0,p,101.82,p,101.57,p,100.131,p,100.285,p
A,CLV_I20_HAB,P31_S15,ES,100.0,NaN,100.56,NaN,106.258,NaN,112.292,p,117.109,p
A,CLV_I20_HAB,P31_S15,EU27_2020,100.0,b,103.549,NaN,107.57,NaN,109.683,NaN,112.232,NaN
A,CLV_I20_HAB,P31_S15,FI,100.0,NaN,96.629,NaN,98.587,NaN,93.331,NaN,94.288,NaN
A,CLV_I20_HAB,P31_S15,FR,100.0,NaN,105.508,NaN,111.764,NaN,113.966,p,115.505,p
A,CLV_I20_HAB,P31_S15,HR,100.0,NaN,106.622,NaN,112.688,NaN,119.32,NaN,131.549,p
A,CLV_I20_HAB,P31_S15,HU,100.0,NaN,104.556,NaN,122.072,NaN,131.414,NaN,128.196,p
A,CLV_I20_HAB,P31_S15,IE,100.0,NaN,94.798,NaN,96.172,NaN,104.202,NaN,138.808,NaN
A,CLV_I20_HAB,P31_S15,IS,100.0,p,100.931,p,100.274,p,100.105,p,100.023,p
A,CLV_I20_HAB,P31_S15,IT,100.0,NaN,113.291,NaN,112.168,NaN,121.059,NaN,125.413,p
A,CLV_I20_HAB,P31_S15,LT,100.0,NaN,88.507,NaN,88.665,NaN,98.808,NaN,111.524,NaN
A,CLV_I20_HAB,P31_S15,LU,100.0,NaN,116.94,NaN,126.481,NaN,132.291,NaN,133.486,p
A,CLV_I20_HAB,P31_S15,LV,100.0,NaN,113.029,NaN,108.32,NaN,95.432,NaN,93.491,i
A,CLV_I20_HAB,P31_S15,ME,100.0,NaN,105.205,NaN,115.138,NaN,129.566,NaN,133.843,NaN
A,CLV_I20_HAB,P31_S15,MK,100.0,e,119.57,e,125.69,e,132.095,e,136.103,e
A,CLV_I20_HAB,P31_S15,MT,100.0,NaN,108.217,NaN,113.738,NaN,115.758,NaN,124.34,NaN
A,CLV_I20_HAB,P31_S15,NL,100.0,NaN,104.551,NaN,102.517,NaN,104.059,p,105.496,p
A,CLV_I20_HAB,P31_S15,NO,100.0,NaN,104.036,NaN,118.562,NaN,118.41,NaN,116.982,NaN
A,CLV_I20_HAB,P31_S15,PL,100.0,b,103.81,NaN,115.569,b,117.752,NaN,127.121,NaN
A,CLV_I20_HAB,P31_S15,PT,100.0,NaN,102.059,NaN,108.762,NaN,113.172,NaN,115.016,p
A,CLV_I20_HAB,P31_S15,RO,100.0,NaN,82.513,NaN,82.408,NaN,94.194,NaN,99.809,p
A,CLV_I20_HAB,P31_S15,RS,100.0,NaN,113.578,NaN,116.74,NaN,114.559,p,122.971,p
A,CLV_I20_HAB,P31_S15,SE,100.0,NaN,102.981,NaN,100.381,NaN,104.586,NaN,105.953,NaN
A,CLV_I20_HAB,P31_S15,SI,100.0,NaN,113.97,NaN,139.276,NaN,137.153,NaN,144.982,NaN
A,CLV_I20_HAB,P31_S15,SK,100.0,NaN,106.766,b,118.349,NaN,130.254,NaN,119.321,NaN
A,CLV_I20_HAB,P31_S15,TR,100.0,NaN,112.518,NaN,112.274,NaN,133.87,NaN,,NaN
A,CLV_I20_HAB,P32_S13,AL,100.0,NaN,99.0,NaN,102.963,NaN,,NaN,,NaN
A,CLV_I20_HAB,P32_S13,AT,100.0,NaN,101.373,NaN,100.657,NaN,102.07,NaN,105.938,NaN
A,CLV_I20_HAB,P32_S13,BE,100.0,NaN,102.069,NaN,103.742,NaN,104.166,NaN,105.256,p
A,CLV_I20_HAB,P32_S13,BG,100.0,NaN,97.329,NaN,109.682,NaN,110.758,NaN,114.161,NaN
A,CLV_I20_HAB,P32_S13,CH,100.0,NaN,98.61,NaN,100.562,NaN,99.403,NaN,,NaN
A,CLV_I20_HAB,P32_S13,CY,100.0,NaN,100.934,NaN,104.795,NaN,108.842,NaN,105.473,p
A,CLV_I20_HAB,P32_S13,CZ,100.0,NaN,98.142,NaN,96.084,NaN,97.718,NaN,100.12,NaN
A,CLV_I20_HAB,P32_S13,DE,100.0,NaN,101.993,NaN,100.069,p,102.028,p,103.674,p
A,CLV_I20_HAB,P32_S13,DK,100.0,NaN,101.908,NaN,99.871,NaN,101.339,NaN,103.984,NaN
A,CLV_I20_HAB,P32_S13,EA,100.0,NaN,102.033,NaN,102.344,NaN,104.146,NaN,106.124,NaN
A,CLV_I20_HAB,P32_S13,EA12,100.0,NaN,102.043,NaN,102.484,NaN,104.281,NaN,106.188,NaN
A,CLV_I20_HAB,P32_S13,EA19,100.0,NaN,102.033,NaN,102.344,NaN,104.066,NaN,106.018,NaN
A,CLV_I20_HAB,P32_S13,EA20,100.0,NaN,102.044,NaN,102.38,NaN,104.146,NaN,106.124,NaN
A,CLV_I20_HAB,P32_S13,EE,100.0,NaN,101.34,NaN,97.958,NaN,97.901,NaN,99.016,NaN
A,CLV_I20_HAB,P32_S13,EL,100.0,p,101.241,p,100.655,p,103.129,p,101.071,p
A,CLV_I20_HAB,P32_S13,ES,100.0,NaN,102.271,NaN,104.029,NaN,107.637,p,108.385,p
A,CLV_I20_HAB,P32_S13,EU27_2020,100.0,b,101.914,NaN,102.148,NaN,104.263,NaN,106.564,NaN
A,CLV_I20_HAB,P32_S13,FI,100.0,NaN,104.234,NaN,102.974,NaN,91.205,b,91.894,NaN
A,CLV_I20_HAB,P32_S13,FR,100.0,NaN,102.812,NaN,105.097,NaN,107.24,p,108.702,p
A,CLV_I20_HAB,P32_S13,HR,100.0,NaN,103.121,NaN,106.606,NaN,115.268,NaN,121.295,p
A,CLV_I20_HAB,P32_S13,HU,100.0,NaN,102.474,NaN,103.414,NaN,107.535,NaN,103.297,p
A,CLV_I20_HAB,P32_S13,IE,100.0,NaN,106.206,NaN,106.216,NaN,108.112,NaN,112.996,NaN
A,CLV_I20_HAB,P32_S13,IS,100.0,p,100.922,p,100.308,p,100.168,p,100.162,p
A,CLV_I20_HAB,P32_S13,IT,100.0,NaN,100.098,NaN,101.56,NaN,101.94,NaN,104.867,p
A,CLV_I20_HAB,P32_S13,LT,100.0,NaN,101.996,NaN,102.423,NaN,100.827,NaN,102.213,NaN
A,CLV_I20_HAB,P32_S13,LU,100.0,NaN,102.713,NaN,103.991,NaN,106.1,NaN,108.982,p
A,CLV_I20_HAB,P32_S13,LV,100.0,NaN,103.79,NaN,110.165,NaN,109.932,NaN,111.543,NaN
A,CLV_I20_HAB,P32_S13,ME,100.0,NaN,94.55,NaN,98.51,NaN,99.209,NaN,101.1,NaN
A,CLV_I20_HAB,P32_S13,MT,100.0,NaN,101.948,NaN,103.284,NaN,103.172,NaN,109.467,NaN
A,CLV_I20_HAB,P32_S13,NL,100.0,NaN,103.128,NaN,104.793,NaN,109.511,p,114.916,p
A,CLV_I20_HAB,P32_S13,NO,100.0,NaN,101.764,NaN,100.793,NaN,104.092,NaN,105.821,NaN
A,CLV_I20_HAB,P32_S13,PL,100.0,b,100.619,NaN,101.381,b,107.089,NaN,114.94,NaN
A,CLV_I20_HAB,P32_S13,PT,100.0,NaN,97.669,NaN,95.021,NaN,95.052,NaN,92.36,p
A,CLV_I20_HAB,P32_S13,RO,100.0,NaN,99.047,NaN,94.056,NaN,98.141,NaN,103.289,p
A,CLV_I20_HAB,P32_S13,RS,100.0,NaN,109.207,NaN,107.356,NaN,103.536,p,109.513,p
A,CLV_I20_HAB,P32_S13,SE,100.0,NaN,102.618,NaN,104.521,NaN,107.805,NaN,110.005,NaN
A,CLV_I20_HAB,P32_S13,SI,100.0,NaN,104.977,NaN,102.217,NaN,107.85,NaN,110.307,NaN
A,CLV_I20_HAB,P32_S13,SK,100.0,NaN,99.794,b,88.632,NaN,85.44,NaN,91.164,NaN
A,CLV_I20_HAB,P32_S13,TR,100.0,NaN,98.602,NaN,107.223,NaN,98.96,NaN,,NaN
A,CLV_I20_HAB,P3_S13,AL,100.0,NaN,103.347,NaN,106.947,NaN,,NaN,,NaN
A,CLV_I20_HAB,P3_S13,AT,100.0,NaN,107.315,NaN,106.117,NaN,105.896,NaN,109.37,NaN
A,CLV_I20_HAB,P3_S13,BE,100.0,NaN,103.737,NaN,106.153,NaN,108.09,NaN,109.424,p
A,CLV_I20_HAB,P3_S13,BG,100.0,NaN,101.166,NaN,109.947,NaN,111.483,NaN,115.612,NaN
A,CLV_I20_HAB,P3_S13,CH,100.0,NaN,102.255,NaN,100.169,NaN,100.308,NaN,101.057,NaN
A,CLV_I20_HAB,P3_S13,CY,100.0,NaN,107.242,NaN,110.26,NaN,112.044,NaN,112.065,p
A,CLV_I20_HAB,P3_S13,CZ,100.0,NaN,101.485,NaN,99.42,NaN,101.481,NaN,104.541,NaN
A,CLV_I20_HAB,P3_S13,DE,100.0,NaN,103.295,NaN,103.243,p,102.097,p,104.431,p
A,CLV_I20_HAB,P3_S13,DK,100.0,NaN,104.46,NaN,101.089,NaN,100.612,NaN,101.089,NaN
A,CLV_I20_HAB,P3_S13,EA,100.0,NaN,104.262,NaN,105.085,NaN,105.994,NaN,107.935,NaN
A,CLV_I20_HAB,P3_S13,EA12,100.0,NaN,104.258,NaN,105.126,NaN,106.021,NaN,107.896,NaN
A,CLV_I20_HAB,P3_S13,EA19,100.0,NaN,104.262,NaN,105.085,NaN,105.941,NaN,107.852,NaN
A,CLV_I20_HAB,P3_S13,EA20,100.0,NaN,104.266,NaN,105.104,NaN,105.994,NaN,107.935,NaN
A,CLV_I20_HAB,P3_S13,EE,100.0,NaN,103.692,NaN,101.949,NaN,100.009,NaN,101.156,NaN
A,CLV_I20_HAB,P3_S13,EL,100.0,p,102.381,p,102.954,p,106.167,p,103.622,p
A,CLV_I20_HAB,P3_S13,ES,100.0,NaN,103.623,NaN,103.455,NaN,106.848,p,108.849,p
A,CLV_I20_HAB,P3_S13,EU27_2020,100.0,b,104.212,NaN,104.755,NaN,105.915,NaN,108.12,NaN
A,CLV_I20_HAB,P3_S13,FI,100.0,NaN,104.067,NaN,103.137,NaN,105.398,NaN,106.407,NaN
A,CLV_I20_HAB,P3_S13,FR,100.0,NaN,106.141,NaN,108.569,NaN,109.804,p,111.093,p
A,CLV_I20_HAB,P3_S13,HR,100.0,NaN,103.751,NaN,106.556,NaN,113.53,NaN,121.461,p
A,CLV_I20_HAB,P3_S13,HU,100.0,NaN,102.652,NaN,105.836,NaN,109.477,NaN,107.818,p
A,CLV_I20_HAB,P3_S13,IE,100.0,NaN,105.673,NaN,107.294,NaN,112.048,NaN,115.517,NaN
A,CLV_I20_HAB,P3_S13,IS,100.0,p,100.922,p,100.308,p,100.168,p,100.162,p
A,CLV_I20_HAB,P3_S13,IT,100.0,NaN,102.843,NaN,103.895,NaN,105.066,NaN,106.125,p
A,CLV_I20_HAB,P3_S13,LT,100.0,NaN,101.263,NaN,102.291,NaN,100.836,NaN,101.822,NaN
A,CLV_I20_HAB,P3_S13,LU,100.0,NaN,103.159,NaN,105.012,NaN,104.692,NaN,108.102,p
A,CLV_I20_HAB,P3_S13,LV,100.0,NaN,104.545,NaN,104.83,NaN,107.685,NaN,108.175,NaN
A,CLV_I20_HAB,P3_S13,ME,100.0,NaN,98.076,NaN,100.147,NaN,103.006,NaN,104.689,NaN
A,CLV_I20_HAB,P3_S13,MK,100.0,e,102.091,e,97.972,e,97.115,e,97.678,e
A,CLV_I20_HAB,P3_S13,MT,100.0,NaN,105.122,NaN,102.225,NaN,102.0,NaN,108.288,NaN
A,CLV_I20_HAB,P3_S13,NL,100.0,NaN,104.118,NaN,104.438,NaN,106.298,p,109.39,p
A,CLV_I20_HAB,P3_S13,NO,100.0,NaN,103.061,NaN,104.002,NaN,106.267,NaN,107.766,NaN
A,CLV_I20_HAB,P3_S13,PL,100.0,b,105.52,NaN,103.86,b,109.014,NaN,118.828,NaN
A,CLV_I20_HAB,P3_S13,PT,100.0,NaN,103.556,NaN,104.657,NaN,105.417,NaN,105.797,p
A,CLV_I20_HAB,P3_S13,RO,100.0,NaN,100.435,NaN,99.486,NaN,103.352,NaN,104.661,p
A,CLV_I20_HAB,P3_S13,RS,100.0,NaN,105.147,NaN,109.238,NaN,107.271,p,112.149,p
A,CLV_I20_HAB,P3_S13,SE,100.0,NaN,102.815,NaN,102.419,NaN,102.761,NaN,103.64,NaN
A,CLV_I20_HAB,P3_S13,SI,100.0,NaN,105.945,NaN,105.233,NaN,106.833,NaN,114.308,NaN
A,CLV_I20_HAB,P3_S13,SK,100.0,NaN,104.082,b,100.757,NaN,98.222,NaN,102.095,NaN
A,CLV_I20_HAB,P3_S13,TR,100.0,NaN,103.243,NaN,106.869,NaN,108.832,NaN,,NaN
A,CLV_I20_HAB,P41,AL,100.0,NaN,105.756,NaN,113.118,NaN,,NaN,,NaN
A,CLV_I20_HAB,P41,AT,100.0,NaN,105.843,NaN,108.971,NaN,107.796,NaN,108.854,NaN
A,CLV_I20_HAB,P41,BE,100.0,NaN,105.029,NaN,107.981,NaN,108.798,NaN,110.373,p
A,CLV_I20_HAB,P41,BG,100.0,NaN,108.727,NaN,113.883,NaN,115.499,NaN,121.185,NaN
A,CLV_I20_HAB,P41,CH,100.0,NaN,101.905,NaN,104.331,NaN,104.455,NaN,,NaN
A,CLV_I20_HAB,P41,CY,100.0,NaN,104.509,NaN,112.298,NaN,116.142,NaN,118.889,p
A,CLV_I20_HAB,P41,CZ,100.0,NaN,104.166,NaN,102.179,NaN,99.606,NaN,102.103,NaN
A,CLV_I20_HAB,P41,DE,100.0,NaN,102.554,NaN,107.463,p,105.479,p,106.26,p
A,CLV_I20_HAB,P41,DK,100.0,NaN,105.269,NaN,101.867,NaN,99.101,NaN,99.342,NaN
A,CLV_I20_HAB,P41,EA,100.0,NaN,104.797,NaN,108.984,NaN,109.008,NaN,110.135,NaN
A,CLV_I20_HAB,P41,EA12,100.0,NaN,104.747,NaN,108.94,NaN,108.917,NaN,109.958,NaN
A,CLV_I20_HAB,P41,EA19,100.0,NaN,104.797,NaN,108.984,NaN,108.932,NaN,110.026,NaN
A,CLV_I20_HAB,P41,EA20,100.0,NaN,104.829,NaN,109.037,NaN,109.008,NaN,110.135,NaN
A,CLV_I20_HAB,P41,EE,100.0,NaN,106.782,NaN,109.106,NaN,105.056,NaN,104.803,NaN
A,CLV_I20_HAB,P41,EL,100.0,p,105.39,p,114.668,p,117.814,p,120.073,p
A,CLV_I20_HAB,P41,ES,100.0,NaN,106.613,NaN,109.769,NaN,110.907,p,113.264,p
A,CLV_I20_HAB,P41,EU27_2020,100.0,b,105.04,NaN,108.808,NaN,108.768,NaN,110.245,NaN
A,CLV_I20_HAB,P41,FI,100.0,NaN,103.248,NaN,103.502,NaN,105.357,NaN,104.759,NaN
A,CLV_I20_HAB,P41,FR,100.0,NaN,105.521,NaN,108.46,NaN,108.97,p,109.905,p
A,CLV_I20_HAB,P41,HR,100.0,NaN,110.376,NaN,117.541,NaN,121.65,NaN,129.148,p
A,CLV_I20_HAB,P41,HU,100.0,NaN,105.205,NaN,112.925,NaN,111.362,NaN,117.214,p
A,CLV_I20_HAB,P41,IE,100.0,NaN,107.152,NaN,114.609,NaN,118.32,NaN,120.153,NaN
A,CLV_I20_HAB,P41,IS,100.0,p,105.082,p,108.884,p,107.281,p,106.528,p
A,CLV_I20_HAB,P41,IT,100.0,NaN,106.11,NaN,111.066,NaN,111.928,NaN,112.456,p
A,CLV_I20_HAB,P41,LT,100.0,NaN,106.934,NaN,108.085,NaN,106.479,NaN,108.862,NaN
A,CLV_I20_HAB,P41,LU,100.0,NaN,107.992,NaN,112.035,NaN,113.081,NaN,115.462,p
A,CLV_I20_HAB,P41,LV,100.0,NaN,108.462,NaN,111.986,NaN,112.299,NaN,113.139,NaN
A,CLV_I20_HAB,P41,ME,100.0,NaN,105.164,NaN,117.816,NaN,125.869,NaN,137.591,NaN
A,CLV_I20_HAB,P41,MT,100.0,NaN,109.824,NaN,114.391,NaN,122.32,NaN,126.933,NaN
A,CLV_I20_HAB,P41,NL,100.0,NaN,104.109,NaN,108.401,NaN,108.352,p,109.301,p
A,CLV_I20_HAB,P41,NO,100.0,NaN,104.3,NaN,109.967,NaN,108.568,NaN,109.332,NaN
A,CLV_I20_HAB,P41,PL,100.0,b,107.195,NaN,109.26,b,110.105,NaN,114.92,NaN
A,CLV_I20_HAB,P41,PT,100.0,NaN,105.162,NaN,110.187,NaN,111.651,NaN,113.82,p
A,CLV_I20_HAB,P41,RO,100.0,NaN,107.159,NaN,113.273,NaN,116.169,NaN,121.646,p
A,CLV_I20_HAB,P41,RS,100.0,NaN,107.751,NaN,114.739,NaN,115.811,p,122.158,p
A,CLV_I20_HAB,P41,SE,100.0,NaN,104.37,NaN,105.235,NaN,103.308,NaN,103.665,NaN
A,CLV_I20_HAB,P41,SI,100.0,NaN,110.106,NaN,113.629,NaN,112.918,NaN,118.245,NaN
A,CLV_I20_HAB,P41,SK,100.0,NaN,104.29,b,109.341,NaN,106.39,NaN,109.716,NaN
A,CLV_I20_HAB,P41,TR,100.0,NaN,113.353,NaN,128.136,NaN,140.785,NaN,,NaN
A,CLV_PCH_PRE_HAB,B1GQ,AL,,NaN,10.0,NaN,6.1,NaN,,NaN,,NaN
A,CLV_PCH_PRE_HAB,B1GQ,AT,,NaN,4.5,NaN,4.2,NaN,,NaN,,NaN
A,CLV_PCH_PRE_HAB,B1GQ,BE,,NaN,5.8,NaN,3.1,NaN,0.9,NaN,0.5,p
A,CLV_PCH_PRE_HAB,B1GQ,BG,,NaN,8.5,NaN,4.8,NaN,2.0,NaN,3.5,NaN
A,CLV_PCH_PRE_HAB,B1GQ,CH,,NaN,4.8,NaN,2.2,NaN,,NaN,0.2,NaN
A,CLV_PCH_PRE_HAB,B1GQ,CY,,NaN,9.7,NaN,6.3,NaN,1.6,NaN,2.3,p
A,CLV_PCH_PRE_HAB,B1GQ,CZ,,NaN,4.0,NaN,0.4,NaN,,NaN,1.1,NaN
A,CLV_PCH_PRE_HAB,B1GQ,DE,,NaN,4.1,NaN,1.2,p,,NaN,,NaN
A,CLV_PCH_PRE_HAB,B1GQ,DK,,NaN,6.1,NaN,,NaN,,NaN,3.0,NaN
A,CLV_PCH_PRE_HAB,B1GQ,EA,,NaN,6.4,NaN,3.1,NaN,,NaN,0.5,NaN
A,CLV_PCH_PRE_HAB,B1GQ,EA12,,NaN,6.3,NaN,3.2,NaN,,NaN,0.4,NaN
A,CLV_PCH_PRE_HAB,B1GQ,EA19,,NaN,6.4,NaN,3.1,NaN,,NaN,0.5,NaN
A,CLV_PCH_PRE_HAB,B1GQ,EA20,,NaN,6.4,NaN,3.1,NaN,,NaN,0.5,NaN
A,CLV_PCH_PRE_HAB,B1GQ,EE,,NaN,8.2,NaN,,NaN,,NaN,,NaN
A,CLV_PCH_PRE_HAB,B1GQ,EL,,NaN,9.2,p,6.1,p,2.4,p,2.2,p
A,CLV_PCH_PRE_HAB,B1GQ,ES,,NaN,6.7,NaN,5.4,NaN,1.3,p,2.4,p
A,CLV_PCH_PRE_HAB,B1GQ,EU27_2020,,NaN,6.4,NaN,2.9,NaN,,NaN,0.8,NaN
A,CLV_PCH_PRE_HAB,B1GQ,FI,,NaN,2.5,NaN,0.5,NaN,,NaN,,NaN
A,CLV_PCH_PRE_HAB,B1GQ,FR,,NaN,6.4,NaN,2.3,NaN,1.2,p,0.9,p
A,CLV_PCH_PRE_HAB,B1GQ,HR,,NaN,13.6,NaN,7.8,NaN,3.7,NaN,3.5,p
A,CLV_PCH_PRE_HAB,B1GQ,HU,,NaN,7.7,NaN,4.4,NaN,,NaN,0.9,p
A,CLV_PCH_PRE_HAB,B1GQ,IE,5.7,NaN,14.9,NaN,5.3,NaN,,NaN,0.9,NaN
A,CLV_PCH_PRE_HAB,B1GQ,IS,,NaN,3.6,p,6.3,p,2.6,p,,NaN
A,CLV_PCH_PRE_HAB,B1GQ,IT,,NaN,9.5,NaN,5.0,NaN,1.0,NaN,0.7,p
A,CLV_PCH_PRE_HAB,B1GQ,LT,0.1,NaN,6.5,NaN,1.6,NaN,,NaN,2.4,NaN
A,CLV_PCH_PRE_HAB,B1GQ,LU,,NaN,5.3,NaN,,NaN,,NaN,,NaN
A,CLV_PCH_PRE_HAB,B1GQ,LV,,NaN,7.9,NaN,1.8,NaN,,NaN,0.8,NaN
A,CLV_PCH_PRE_HAB,B1GQ,ME,,NaN,13.3,NaN,8.0,NaN,6.5,NaN,3.2,NaN
A,CLV_PCH_PRE_HAB,B1GQ,MK,,NaN,5.8,e,3.1,e,2.8,e,3.2,e
A,CLV_PCH_PRE_HAB,B1GQ,MT,,NaN,12.8,NaN,,NaN,6.3,NaN,3.9,NaN
A,CLV_PCH_PRE_HAB,B1GQ,NL,,NaN,5.7,NaN,4.0,NaN,,NaN,0.4,p
A,CLV_PCH_PRE_HAB,B1GQ,NO,,NaN,3.4,NaN,2.3,NaN,,NaN,1.1,NaN
A,CLV_PCH_PRE_HAB,B1GQ,PL,0.0,b,7.5,NaN,3.0,b,0.6,NaN,3.3,NaN
A,CLV_PCH_PRE_HAB,B1GQ,PT,,NaN,5.3,NaN,6.4,NaN,2.0,NaN,1.0,p
A,CLV_PCH_PRE_HAB,B1GQ,RO,,NaN,6.4,NaN,4.7,NaN,2.2,NaN,1.0,p
A,CLV_PCH_PRE_HAB,B1GQ,RS,,NaN,9.0,NaN,5.3,NaN,4.4,p,4.5,p
A,CLV_PCH_PRE_HAB,B1GQ,SE,,NaN,4.6,NaN,0.2,NaN,,NaN,0.5,NaN
A,CLV_PCH_PRE_HAB,B1GQ,SI,,NaN,8.2,NaN,2.6,NaN,1.8,NaN,1.4,NaN
A,CLV_PCH_PRE_HAB,B1GQ,SK,,NaN,6.0,b,0.2,NaN,2.1,NaN,1.9,NaN
A,CLV_PCH_PRE_HAB,B1GQ,TR,0.8,NaN,10.8,NaN,4.4,NaN,4.6,NaN,,NaN
A,CLV_PCH_PRE_HAB,B1GQ,UK,,NaN,,NaN,,NaN,,NaN,,NaN
A,CLV_PCH_PRE_HAB,P3,AL,,NaN,5.2,NaN,6.7,NaN,,NaN,,NaN
A,CLV_PCH_PRE_HAB,P3,AT,,NaN,5.4,NaN,2.6,NaN,,NaN,1.3,NaN
A,CLV_PCH_PRE_HAB,P3,BE,,NaN,4.7,NaN,2.7,NaN,0.7,NaN,1.4,p
A,CLV_PCH_PRE_HAB,P3,BG,2.7,NaN,7.3,NaN,5.7,NaN,1.4,NaN,4.7,NaN
A,CLV_PCH_PRE_HAB,P3,CH,,NaN,1.6,NaN,2.3,NaN,0.0,NaN,0.7,NaN
A,CLV_PCH_PRE_HAB,P3,CY,,NaN,4.1,NaN,7.1,NaN,3.5,NaN,1.8,p
A,CLV_PCH_PRE_HAB,P3,CZ,,NaN,3.3,NaN,,NaN,,NaN,2.5,NaN
A,CLV_PCH_PRE_HAB,P3,DE,,NaN,2.5,NaN,4.0,p,,NaN,0.8,p
A,CLV_PCH_PRE_HAB,P3,DK,,NaN,4.9,NaN,,NaN,,NaN,0.5,NaN
A,CLV_PCH_PRE_HAB,P3,EA,,NaN,4.5,NaN,3.6,NaN,0.2,NaN,1.1,NaN
A,CLV_PCH_PRE_HAB,P3,EA12,,NaN,4.4,NaN,3.6,NaN,0.2,NaN,1.0,NaN
A,CLV_PCH_PRE_HAB,P3,EA19,,NaN,4.5,NaN,3.6,NaN,0.1,NaN,1.1,NaN
A,CLV_PCH_PRE_HAB,P3,EA20,,NaN,4.5,NaN,3.6,NaN,0.2,NaN,1.1,NaN
A,CLV_PCH_PRE_HAB,P3,EE,0.2,NaN,6.1,NaN,1.5,NaN,,NaN,,NaN
A,CLV_PCH_PRE_HAB,P3,EL,,NaN,4.9,p,7.6,p,2.7,p,1.5,p
A,CLV_PCH_PRE_HAB,P3,ES,,NaN,6.1,NaN,2.8,NaN,1.3,p,2.0,p
A,CLV_PCH_PRE_HAB,P3,EU27_2020,,NaN,4.7,NaN,3.2,NaN,0.2,NaN,1.5,NaN
A,CLV_PCH_PRE_HAB,P3,FI,,NaN,3.3,NaN,0.1,NaN,0.4,NaN,,NaN
A,CLV_PCH_PRE_HAB,P3,FR,,NaN,5.2,NaN,2.7,NaN,0.6,p,0.9,p
A,CLV_PCH_PRE_HAB,P3,HR,,NaN,9.4,NaN,6.1,NaN,4.1,NaN,6.0,p
A,CLV_PCH_PRE_HAB,P3,HU,0.3,NaN,4.8,NaN,6.3,NaN,,NaN,3.8,p
A,CLV_PCH_PRE_HAB,P3,IE,,NaN,7.0,NaN,6.2,NaN,3.1,NaN,1.8,NaN
A,CLV_PCH_PRE_HAB,P3,IS,,NaN,4.5,p,3.1,p,,NaN,,NaN
A,CLV_PCH_PRE_HAB,P3,IT,,NaN,5.4,NaN,4.3,NaN,0.7,NaN,0.7,p
A,CLV_PCH_PRE_HAB,P3,LT,,NaN,6.4,NaN,1.0,NaN,,NaN,2.2,NaN
A,CLV_PCH_PRE_HAB,P3,LU,,NaN,7.2,NaN,3.4,NaN,1.1,NaN,2.2,p
A,CLV_PCH_PRE_HAB,P3,LV,,NaN,7.8,NaN,3.7,NaN,0.2,NaN,0.8,NaN
A,CLV_PCH_PRE_HAB,P3,ME,,NaN,4.0,NaN,11.2,NaN,6.3,NaN,8.7,NaN
A,CLV_PCH_PRE_HAB,P3,MK,,NaN,8.3,e,4.0,e,1.4,e,2.0,e
A,CLV_PCH_PRE_HAB,P3,MT,,NaN,8.8,NaN,3.8,NaN,6.1,NaN,4.0,NaN
A,CLV_PCH_PRE_HAB,P3,NL,,NaN,4.0,NaN,3.8,NaN,0.5,p,1.3,p
A,CLV_PCH_PRE_HAB,P3,NO,,NaN,4.0,NaN,4.6,NaN,,NaN,0.8,NaN
A,CLV_PCH_PRE_HAB,P3,PL,0.7,b,6.4,NaN,1.8,b,1.3,NaN,4.7,NaN
A,CLV_PCH_PRE_HAB,P3,PT,,NaN,4.4,NaN,4.1,NaN,1.2,NaN,1.5,p
A,CLV_PCH_PRE_HAB,P3,RO,,NaN,6.1,NaN,4.4,NaN,2.8,NaN,4.8,p
A,CLV_PCH_PRE_HAB,P3,RS,,NaN,7.9,NaN,5.6,NaN,0.5,p,5.5,p
A,CLV_PCH_PRE_HAB,P3,SE,,NaN,4.2,NaN,0.9,NaN,,NaN,0.5,NaN
A,CLV_PCH_PRE_HAB,P3,SI,,NaN,9.5,NaN,2.6,NaN,0.0,NaN,4.5,NaN
A,CLV_PCH_PRE_HAB,P3,SK,,NaN,3.6,b,2.5,NaN,,NaN,3.6,NaN
A,CLV_PCH_PRE_HAB,P3,TR,2.5,NaN,12.2,NaN,12.9,NaN,8.6,NaN,,NaN
A,CLV_PCH_PRE_HAB,P3,UK,,NaN,,NaN,,NaN,,NaN,,NaN
A,CLV_PCH_PRE_HAB,P31_S13,AL,1.9,NaN,8.6,NaN,2.9,NaN,,NaN,,NaN
A,CLV_PCH_PRE_HAB,P31_S13,AT,,NaN,10.7,NaN,,NaN,,NaN,3.0,NaN
A,CLV_PCH_PRE_HAB,P31_S13,BE,,NaN,4.7,NaN,2.7,NaN,2.6,NaN,1.3,p
A,CLV_PCH_PRE_HAB,P31_S13,BG,10.9,NaN,5.0,NaN,5.0,NaN,1.8,NaN,4.3,NaN
A,CLV_PCH_PRE_HAB,P31_S13,CH,2.5,NaN,5.1,NaN,,NaN,1.1,NaN,,NaN
A,CLV_PCH_PRE_HAB,P31_S13,CY,19.6,NaN,12.4,NaN,2.1,NaN,,NaN,2.5,p
A,CLV_PCH_PRE_HAB,P31_S13,CZ,6.9,NaN,4.1,NaN,,NaN,2.3,NaN,3.4,NaN
A,CLV_PCH_PRE_HAB,P31_S13,DE,5.0,NaN,4.1,NaN,1.0,p,,NaN,2.7,p
A,CLV_PCH_PRE_HAB,P31_S13,DK,,NaN,5.5,NaN,,NaN,,NaN,,NaN
A,CLV_PCH_PRE_HAB,P31_S13,EA,0.4,NaN,5.6,NaN,1.1,NaN,0.3,NaN,1.8,NaN
A,CLV_PCH_PRE_HAB,P31_S13,EA12,0.4,NaN,5.6,NaN,1.1,NaN,0.3,NaN,1.7,NaN
A,CLV_PCH_PRE_HAB,P31_S13,EA19,0.4,NaN,5.6,NaN,1.1,NaN,0.3,NaN,1.8,NaN
A,CLV_PCH_PRE_HAB,P31_S13,EA20,0.5,NaN,5.6,NaN,1.1,NaN,0.3,NaN,1.8,NaN
A,CLV_PCH_PRE_HAB,P31_S13,EE,4.9,NaN,5.5,NaN,,NaN,,NaN,1.2,NaN
A,CLV_PCH_PRE_HAB,P31_S13,EL,4.7,p,3.6,p,1.8,p,3.8,p,,NaN
A,CLV_PCH_PRE_HAB,P31_S13,ES,4.7,NaN,4.5,NaN,,NaN,3.2,p,2.7,p
A,CLV_PCH_PRE_HAB,P31_S13,EU27_2020,0.6,b,5.6,NaN,0.7,NaN,0.5,NaN,2.0,NaN
A,CLV_PCH_PRE_HAB,P31_S13,FI,,NaN,4.0,NaN,,NaN,8.5,b,1.0,NaN
A,CLV_PCH_PRE_HAB,P31_S13,FR,,NaN,8.0,NaN,2.3,NaN,0.6,p,1.1,p
A,CLV_PCH_PRE_HAB,P31_S13,HR,7.3,NaN,4.3,NaN,2.1,NaN,5.1,NaN,8.6,p
A,CLV_PCH_PRE_HAB,P31_S13,HU,,NaN,2.9,NaN,5.6,NaN,2.8,NaN,1.5,p
A,CLV_PCH_PRE_HAB,P31_S13,IE,8.5,NaN,5.4,NaN,2.3,NaN,5.7,NaN,2.4,NaN
A,CLV_PCH_PRE_HAB,P31_S13,IS,3.6,p,0.9,p,,NaN,,NaN,0.0,p
A,CLV_PCH_PRE_HAB,P31_S13,IT,0.1,NaN,4.8,NaN,0.7,NaN,1.7,NaN,,NaN
A,CLV_PCH_PRE_HAB,P31_S13,LT,,NaN,0.8,NaN,1.4,NaN,,NaN,0.7,NaN
A,CLV_PCH_PRE_HAB,P31_S13,LU,6.0,NaN,3.4,NaN,2.1,NaN,,NaN,3.6,p
A,CLV_PCH_PRE_HAB,P31_S13,LV,,NaN,5.5,NaN,,NaN,5.9,NaN,,NaN
A,CLV_PCH_PRE_HAB,P31_S13,ME,,NaN,1.5,NaN,0.3,NaN,4.6,NaN,1.4,NaN
A,CLV_PCH_PRE_HAB,P31_S13,MT,12.1,NaN,7.3,NaN,,NaN,,NaN,6.2,NaN
A,CLV_PCH_PRE_HAB,P31_S13,NL,,NaN,4.6,NaN,,NaN,0.5,p,1.9,p
A,CLV_PCH_PRE_HAB,P31_S13,NO,,NaN,3.7,NaN,1.8,NaN,1.6,NaN,1.3,NaN
A,CLV_PCH_PRE_HAB,P31_S13,PL,6.3,b,9.6,NaN,,NaN,4.4,NaN,10.4,NaN
A,CLV_PCH_PRE_HAB,P31_S13,PT,,NaN,8.2,NaN,3.7,NaN,1.2,NaN,2.4,p
A,CLV_PCH_PRE_HAB,P31_S13,RO,0.0,NaN,2.2,NaN,4.1,NaN,3.4,NaN,,NaN
A,CLV_PCH_PRE_HAB,P31_S13,RS,11.7,NaN,1.6,NaN,8.9,NaN,,NaN,3.5,p
A,CLV_PCH_PRE_HAB,P31_S13,SE,,NaN,2.9,NaN,,NaN,,NaN,0.4,NaN
A,CLV_PCH_PRE_HAB,P31_S13,SI,3.9,NaN,6.6,NaN,0.6,NaN,,NaN,10.1,NaN
A,CLV_PCH_PRE_HAB,P31_S13,SK,,NaN,9.4,b,6.2,NaN,,NaN,1.0,NaN
A,CLV_PCH_PRE_HAB,P31_S13,TR,5.9,NaN,6.2,NaN,0.4,NaN,8.7,NaN,,NaN
A,CLV_PCH_PRE_HAB,P31_S13,UK,,NaN,,NaN,,NaN,,NaN,,NaN
A,CLV_PCH_PRE_HAB,P31_S14,AL,,NaN,5.4,NaN,7.4,NaN,,NaN,,NaN
A,CLV_PCH_PRE_HAB,P31_S14,AT,,NaN,4.3,NaN,4.5,NaN,,NaN,0.4,NaN
A,CLV_PCH_PRE_HAB,P31_S14,BE,,NaN,5.1,NaN,2.7,NaN,0.2,NaN,1.5,p
A,CLV_PCH_PRE_HAB,P31_S14,BG,0.8,NaN,9.3,NaN,4.6,NaN,1.4,NaN,5.1,NaN
A,CLV_PCH_PRE_HAB,P31_S14,CH,,NaN,1.4,NaN,3.5,NaN,,NaN,,NaN
A,CLV_PCH_PRE_HAB,P31_S14,CY,,NaN,2.9,NaN,8.6,NaN,4.0,NaN,2.3,p
A,CLV_PCH_PRE_HAB,P31_S14,CZ,,NaN,4.1,NaN,,NaN,,NaN,2.1,NaN
A,CLV_PCH_PRE_HAB,P31_S14,DE,,NaN,2.2,NaN,5.9,p,,NaN,0.2,p
A,CLV_PCH_PRE_HAB,P31_S14,DK,,NaN,5.3,NaN,,NaN,,NaN,0.6,NaN
A,CLV_PCH_PRE_HAB,P31_S14,EA,,NaN,4.6,NaN,4.8,NaN,,NaN,0.8,NaN
A,CLV_PCH_PRE_HAB,P31_S14,EA12,,NaN,4.5,NaN,4.8,NaN,,NaN,0.7,NaN
A,CLV_PCH_PRE_HAB,P31_S14,EA19,,NaN,4.6,NaN,4.8,NaN,,NaN,0.8,NaN
A,CLV_PCH_PRE_HAB,P31_S14,EA20,,NaN,4.6,NaN,4.8,NaN,,NaN,0.8,NaN
A,CLV_PCH_PRE_HAB,P31_S14,EE,,NaN,7.1,NaN,3.0,NaN,,NaN,,NaN
A,CLV_PCH_PRE_HAB,P31_S14,EL,,NaN,5.7,p,10.1,p,2.7,p,2.6,p
A,CLV_PCH_PRE_HAB,P31_S14,ES,,NaN,7.2,NaN,3.9,NaN,0.5,p,2.0,p
A,CLV_PCH_PRE_HAB,P31_S14,EU27_2020,,NaN,4.9,NaN,4.4,NaN,,NaN,1.2,NaN
A,CLV_PCH_PRE_HAB,P31_S14,FI,,NaN,3.2,NaN,0.5,NaN,,NaN,,NaN
A,CLV_PCH_PRE_HAB,P31_S14,FR,,NaN,4.7,NaN,2.8,NaN,0.4,p,0.8,p
A,CLV_PCH_PRE_HAB,P31_S14,HR,,NaN,11.8,NaN,7.4,NaN,3.1,NaN,5.6,p
A,CLV_PCH_PRE_HAB,P31_S14,HU,,NaN,5.7,NaN,7.3,NaN,,NaN,6.3,p
A,CLV_PCH_PRE_HAB,P31_S14,IE,,NaN,8.0,NaN,8.6,NaN,2.4,NaN,0.8,NaN
A,CLV_PCH_PRE_HAB,P31_S14,IS,,NaN,6.8,p,5.4,p,,NaN,,NaN
A,CLV_PCH_PRE_HAB,P31_S14,IT,,NaN,6.3,NaN,5.5,NaN,0.5,NaN,0.6,p
A,CLV_PCH_PRE_HAB,P31_S14,LT,,NaN,8.2,NaN,1.0,NaN,,NaN,2.5,NaN
A,CLV_PCH_PRE_HAB,P31_S14,LU,,NaN,9.1,NaN,4.0,NaN,1.7,NaN,1.7,p
A,CLV_PCH_PRE_HAB,P31_S14,LV,,NaN,8.9,NaN,5.2,NaN,,NaN,1.0,NaN
A,CLV_PCH_PRE_HAB,P31_S14,ME,,NaN,5.7,NaN,13.8,NaN,7.0,NaN,10.5,NaN
A,CLV_PCH_PRE_HAB,P31_S14,MK,,NaN,9.8,e,5.8,e,1.8,e,2.3,e
A,CLV_PCH_PRE_HAB,P31_S14,MT,,NaN,10.6,NaN,6.8,NaN,8.9,NaN,3.1,NaN
A,CLV_PCH_PRE_HAB,P31_S14,NL,,NaN,3.9,NaN,6.1,NaN,,NaN,0.5,p
A,CLV_PCH_PRE_HAB,P31_S14,NO,,NaN,4.6,NaN,6.4,NaN,,NaN,0.6,NaN
A,CLV_PCH_PRE_HAB,P31_S14,PL,,NaN,6.8,NaN,2.8,b,0.1,NaN,3.2,NaN
A,CLV_PCH_PRE_HAB,P31_S14,PT,,NaN,4.7,NaN,4.9,NaN,1.3,NaN,1.9,p
A,CLV_PCH_PRE_HAB,P31_S14,RO,,NaN,8.2,NaN,6.0,NaN,2.3,NaN,5.8,p
A,CLV_PCH_PRE_HAB,P31_S14,RS,,NaN,8.7,NaN,6.2,NaN,1.2,p,5.7,p
A,CLV_PCH_PRE_HAB,P31_S14,SE,,NaN,5.1,NaN,1.8,NaN,,NaN,0.3,NaN
A,CLV_PCH_PRE_HAB,P31_S14,SI,,NaN,10.9,NaN,3.5,NaN,,NaN,3.5,NaN
A,CLV_PCH_PRE_HAB,P31_S14,SK,0.6,NaN,3.4,b,4.5,NaN,,NaN,3.7,NaN
A,CLV_PCH_PRE_HAB,P31_S14,TR,2.6,NaN,14.6,NaN,15.1,NaN,10.0,NaN,,NaN
A,CLV_PCH_PRE_HAB,P31_S14,UK,,NaN,,NaN,,NaN,,NaN,,NaN
A,CLV_PCH_PRE_HAB,P31_S14_S15,AL,,NaN,5.5,NaN,7.3,NaN,,NaN,,NaN
A,CLV_PCH_PRE_HAB,P31_S14_S15,AT,,NaN,4.5,NaN,4.2,NaN,,NaN,0.5,NaN
A,CLV_PCH_PRE_HAB,P31_S14_S15,BE,,NaN,5.1,NaN,2.8,NaN,0.2,NaN,1.5,p
A,CLV_PCH_PRE_HAB,P31_S14_S15,BG,0.7,NaN,9.4,NaN,4.7,NaN,1.4,NaN,5.0,NaN
A,CLV_PCH_PRE_HAB,P31_S14_S15,CH,,NaN,1.5,NaN,3.4,NaN,0.0,NaN,0.6,NaN
A,CLV_PCH_PRE_HAB,P31_S14_S15,CY,,NaN,3.2,NaN,8.5,NaN,4.0,NaN,2.3,p
A,CLV_PCH_PRE_HAB,P31_S14_S15,CZ,,NaN,4.2,NaN,,NaN,,NaN,2.3,NaN
A,CLV_PCH_PRE_HAB,P31_S14_S15,DE,,NaN,2.1,NaN,5.8,p,,NaN,0.3,p
A,CLV_PCH_PRE_HAB,P31_S14_S15,DK,,NaN,5.2,NaN,,NaN,,NaN,0.5,NaN
A,CLV_PCH_PRE_HAB,P31_S14_S15,EA,,NaN,4.6,NaN,4.8,NaN,,NaN,0.8,NaN
A,CLV_PCH_PRE_HAB,P31_S14_S15,EA12,,NaN,4.5,NaN,4.8,NaN,,NaN,0.8,NaN
A,CLV_PCH_PRE_HAB,P31_S14_S15,EA19,,NaN,4.6,NaN,4.8,NaN,,NaN,0.8,NaN
A,CLV_PCH_PRE_HAB,P31_S14_S15,EA20,,NaN,4.6,NaN,4.8,NaN,,NaN,0.8,NaN
A,CLV_PCH_PRE_HAB,P31_S14_S15,EE,,NaN,7.1,NaN,2.8,NaN,,NaN,,NaN
A,CLV_PCH_PRE_HAB,P31_S14_S15,EL,,NaN,5.7,p,9.9,p,2.6,p,2.6,p
A,CLV_PCH_PRE_HAB,P31_S14_S15,ES,,NaN,7.1,NaN,3.9,NaN,0.6,p,2.0,p
A,CLV_PCH_PRE_HAB,P31_S14_S15,EU27_2020,,NaN,4.9,NaN,4.4,NaN,,NaN,1.2,NaN
A,CLV_PCH_PRE_HAB,P31_S14_S15,FI,,NaN,3.0,NaN,0.6,NaN,,NaN,,NaN
A,CLV_PCH_PRE_HAB,P31_S14_S15,FR,,NaN,4.8,NaN,2.9,NaN,0.4,p,0.8,p
A,CLV_PCH_PRE_HAB,P31_S14_S15,HR,,NaN,11.7,NaN,7.4,NaN,3.2,NaN,5.7,p
A,CLV_PCH_PRE_HAB,P31_S14_S15,HU,0.4,NaN,5.7,NaN,7.7,NaN,,NaN,5.9,p
A,CLV_PCH_PRE_HAB,P31_S14_S15,IE,,NaN,7.7,NaN,8.5,NaN,2.5,NaN,1.3,NaN
A,CLV_PCH_PRE_HAB,P31_S14_S15,IS,,NaN,6.5,p,5.1,p,,NaN,,NaN
A,CLV_PCH_PRE_HAB,P31_S14_S15,IT,,NaN,6.4,NaN,5.5,NaN,0.6,NaN,0.6,p
A,CLV_PCH_PRE_HAB,P31_S14_S15,LT,,NaN,8.1,NaN,1.0,NaN,,NaN,2.5,NaN
A,CLV_PCH_PRE_HAB,P31_S14_S15,LU,,NaN,9.7,NaN,4.3,NaN,1.9,NaN,1.6,p
A,CLV_PCH_PRE_HAB,P31_S14_S15,LV,,NaN,9.0,NaN,5.0,NaN,,NaN,1.0,NaN
A,CLV_PCH_PRE_HAB,P31_S14_S15,ME,,NaN,5.7,NaN,13.7,NaN,7.1,NaN,10.4,NaN
A,CLV_PCH_PRE_HAB,P31_S14_S15,MK,,NaN,9.9,e,5.8,e,1.9,e,2.3,e
A,CLV_PCH_PRE_HAB,P31_S14_S15,MT,,NaN,10.5,NaN,6.7,NaN,8.6,NaN,3.3,NaN
A,CLV_PCH_PRE_HAB,P31_S14_S15,NL,,NaN,3.9,NaN,5.9,NaN,,NaN,0.5,p
A,CLV_PCH_PRE_HAB,P31_S14_S15,NO,,NaN,4.5,NaN,6.9,NaN,,NaN,0.5,NaN
A,CLV_PCH_PRE_HAB,P31_S14_S15,PL,,NaN,6.8,NaN,2.9,b,0.1,NaN,3.3,NaN
A,CLV_PCH_PRE_HAB,P31_S14_S15,PT,,NaN,4.7,NaN,5.0,NaN,1.4,NaN,1.9,p
A,CLV_PCH_PRE_HAB,P31_S14_S15,RO,,NaN,7.8,NaN,5.9,NaN,2.5,NaN,5.8,p
A,CLV_PCH_PRE_HAB,P31_S14_S15,RS,,NaN,8.7,NaN,6.1,NaN,1.1,p,5.8,p
A,CLV_PCH_PRE_HAB,P31_S14_S15,SE,,NaN,5.0,NaN,1.7,NaN,,NaN,0.3,NaN
A,CLV_PCH_PRE_HAB,P31_S14_S15,SI,,NaN,11.0,NaN,3.9,NaN,,NaN,3.5,NaN
A,CLV_PCH_PRE_HAB,P31_S14_S15,SK,0.3,NaN,3.4,b,4.6,NaN,,NaN,3.5,NaN
A,CLV_PCH_PRE_HAB,P31_S14_S15,TR,2.6,NaN,14.6,NaN,15.0,NaN,10.0,NaN,,NaN
A,CLV_PCH_PRE_HAB,P31_S14_S15,UK,,NaN,,NaN,,NaN,,NaN,,NaN
A,CLV_PCH_PRE_HAB,P31_S15,AL,,NaN,14.1,NaN,2.6,NaN,,NaN,,NaN
A,CLV_PCH_PRE_HAB,P31_S15,AT,1.7,NaN,10.0,NaN,,NaN,4.5,NaN,2.8,NaN
A,CLV_PCH_PRE_HAB,P31_S15,BE,,NaN,9.5,NaN,7.6,NaN,2.9,NaN,1.2,p
A,CLV_PCH_PRE_HAB,P31_S15,BG,,NaN,12.1,NaN,15.9,NaN,,NaN,1.8,NaN
A,CLV_PCH_PRE_HAB,P31_S15,CH,0.8,NaN,3.4,NaN,0.4,NaN,1.4,NaN,,NaN
A,CLV_PCH_PRE_HAB,P31_S15,CY,,NaN,16.7,NaN,,NaN,5.7,NaN,4.9,p
A,CLV_PCH_PRE_HAB,P31_S15,CZ,2.2,NaN,8.2,NaN,5.2,NaN,5.5,NaN,11.8,NaN
A,CLV_PCH_PRE_HAB,P31_S15,DE,,NaN,,NaN,2.8,p,,NaN,1.4,p
A,CLV_PCH_PRE_HAB,P31_S15,DK,0.2,NaN,,NaN,4.1,NaN,0.4,NaN,,NaN
A,CLV_PCH_PRE_HAB,P31_S15,EA,,NaN,3.7,NaN,3.7,NaN,1.6,NaN,2.1,NaN
A,CLV_PCH_PRE_HAB,P31_S15,EA12,,NaN,3.6,NaN,3.7,NaN,1.5,NaN,2.1,NaN
A,CLV_PCH_PRE_HAB,P31_S15,EA19,,NaN,3.7,NaN,3.7,NaN,1.5,NaN,2.1,NaN
A,CLV_PCH_PRE_HAB,P31_S15,EA20,,NaN,3.8,NaN,3.7,NaN,1.6,NaN,2.1,NaN
A,CLV_PCH_PRE_HAB,P31_S15,EE,5.0,NaN,5.6,NaN,,NaN,2.3,NaN,3.3,NaN
A,CLV_PCH_PRE_HAB,P31_S15,EL,,NaN,1.8,p,,NaN,,NaN,0.2,p
A,CLV_PCH_PRE_HAB,P31_S15,ES,,NaN,0.6,NaN,5.7,NaN,5.7,p,4.3,p
A,CLV_PCH_PRE_HAB,P31_S15,EU27_2020,,NaN,3.5,NaN,3.9,NaN,2.0,NaN,2.3,NaN
A,CLV_PCH_PRE_HAB,P31_S15,FI,0.7,NaN,,NaN,2.0,NaN,,NaN,1.0,NaN
A,CLV_PCH_PRE_HAB,P31_S15,FR,,NaN,5.5,NaN,5.9,NaN,2.0,p,1.4,p
A,CLV_PCH_PRE_HAB,P31_S15,HR,,NaN,6.6,NaN,5.7,NaN,5.9,NaN,10.2,p
A,CLV_PCH_PRE_HAB,P31_S15,HU,13.6,NaN,4.6,NaN,16.8,NaN,7.7,NaN,,NaN
A,CLV_PCH_PRE_HAB,P31_S15,IE,,NaN,,NaN,1.4,NaN,8.4,NaN,33.2,NaN
A,CLV_PCH_PRE_HAB,P31_S15,IS,3.4,p,0.9,p,,NaN,,NaN,,NaN
A,CLV_PCH_PRE_HAB,P31_S15,IT,,NaN,13.3,NaN,,NaN,7.9,NaN,3.6,p
A,CLV_PCH_PRE_HAB,P31_S15,LT,12.6,NaN,,NaN,0.2,NaN,11.4,NaN,12.9,NaN
A,CLV_PCH_PRE_HAB,P31_S15,LU,,NaN,16.9,NaN,8.2,NaN,4.6,NaN,0.9,p
A,CLV_PCH_PRE_HAB,P31_S15,LV,,NaN,13.0,NaN,,NaN,,NaN,,NaN
A,CLV_PCH_PRE_HAB,P31_S15,ME,,NaN,5.2,NaN,9.4,NaN,12.5,NaN,3.3,NaN
A,CLV_PCH_PRE_HAB,P31_S15,MK,,NaN,19.6,e,5.1,e,5.1,e,3.0,e
A,CLV_PCH_PRE_HAB,P31_S15,MT,16.0,NaN,8.2,NaN,5.1,NaN,1.8,NaN,7.4,NaN
A,CLV_PCH_PRE_HAB,P31_S15,NL,,NaN,4.6,NaN,,NaN,1.5,p,1.4,p
A,CLV_PCH_PRE_HAB,P31_S15,NO,,NaN,4.0,NaN,14.0,NaN,,NaN,,NaN
A,CLV_PCH_PRE_HAB,P31_S15,PL,12.2,b,3.8,NaN,11.3,b,1.9,NaN,8.0,NaN
A,CLV_PCH_PRE_HAB,P31_S15,PT,,NaN,2.1,NaN,6.6,NaN,4.1,NaN,1.6,p
A,CLV_PCH_PRE_HAB,P31_S15,RO,0.6,NaN,,NaN,,NaN,14.3,NaN,6.0,p
A,CLV_PCH_PRE_HAB,P31_S15,RS,,NaN,13.6,NaN,2.8,NaN,,NaN,7.3,p
A,CLV_PCH_PRE_HAB,P31_S15,SE,,NaN,3.0,NaN,,NaN,4.2,NaN,1.3,NaN
A,CLV_PCH_PRE_HAB,P31_S15,SI,,NaN,14.0,NaN,22.2,NaN,,NaN,5.7,NaN
A,CLV_PCH_PRE_HAB,P31_S15,SK,,NaN,6.8,b,10.8,NaN,10.1,NaN,,NaN
A,CLV_PCH_PRE_HAB,P31_S15,TR,13.1,NaN,12.5,NaN,,NaN,19.2,NaN,,NaN
A,CLV_PCH_PRE_HAB,P31_S15,UK,,NaN,,NaN,,NaN,,NaN,,NaN
A,CLV_PCH_PRE_HAB,P32_S13,AL,7.8,NaN,,NaN,4.0,NaN,,NaN,,NaN
A,CLV_PCH_PRE_HAB,P32_S13,AT,2.1,NaN,1.4,NaN,,NaN,1.4,NaN,3.8,NaN
A,CLV_PCH_PRE_HAB,P32_S13,BE,2.2,NaN,2.1,NaN,1.6,NaN,0.4,NaN,1.0,p
A,CLV_PCH_PRE_HAB,P32_S13,BG,8.0,NaN,,NaN,12.7,NaN,1.0,NaN,3.1,NaN
A,CLV_PCH_PRE_HAB,P32_S13,CH,3.8,NaN,,NaN,2.0,NaN,,NaN,,NaN
A,CLV_PCH_PRE_HAB,P32_S13,CY,,NaN,0.9,NaN,3.8,NaN,3.9,NaN,,NaN
A,CLV_PCH_PRE_HAB,P32_S13,CZ,1.9,NaN,,NaN,,NaN,1.7,NaN,2.5,NaN
A,CLV_PCH_PRE_HAB,P32_S13,DE,5.1,NaN,2.0,NaN,,NaN,2.0,p,1.6,p
A,CLV_PCH_PRE_HAB,P32_S13,DK,1.8,NaN,1.9,NaN,,NaN,1.5,NaN,2.6,NaN
A,CLV_PCH_PRE_HAB,P32_S13,EA,2.2,NaN,2.0,NaN,0.3,NaN,1.7,NaN,1.9,NaN
A,CLV_PCH_PRE_HAB,P32_S13,EA12,2.2,NaN,2.0,NaN,0.4,NaN,1.8,NaN,1.8,NaN
A,CLV_PCH_PRE_HAB,P32_S13,EA19,2.2,NaN,2.0,NaN,0.3,NaN,1.7,NaN,1.9,NaN
A,CLV_PCH_PRE_HAB,P32_S13,EA20,2.2,NaN,2.0,NaN,0.3,NaN,1.7,NaN,1.9,NaN
A,CLV_PCH_PRE_HAB,P32_S13,EE,2.0,NaN,1.3,NaN,,NaN,,NaN,1.1,NaN
A,CLV_PCH_PRE_HAB,P32_S13,EL,2.0,p,1.2,p,,NaN,2.5,p,,NaN
A,CLV_PCH_PRE_HAB,P32_S13,ES,0.5,NaN,2.3,NaN,1.7,NaN,3.5,p,0.7,p
A,CLV_PCH_PRE_HAB,P32_S13,EU27_2020,2.6,b,1.9,NaN,0.2,NaN,2.1,NaN,2.2,NaN
A,CLV_PCH_PRE_HAB,P32_S13,FI,1.5,NaN,4.2,NaN,,NaN,,NaN,0.8,NaN
A,CLV_PCH_PRE_HAB,P32_S13,FR,,NaN,2.8,NaN,2.2,NaN,2.0,p,1.4,p
A,CLV_PCH_PRE_HAB,P32_S13,HR,1.5,NaN,3.1,NaN,3.4,NaN,8.1,NaN,5.2,p
A,CLV_PCH_PRE_HAB,P32_S13,HU,4.5,NaN,2.5,NaN,0.9,NaN,4.0,NaN,,NaN
A,CLV_PCH_PRE_HAB,P32_S13,IE,9.7,NaN,6.2,NaN,0.0,NaN,1.8,NaN,4.5,NaN
A,CLV_PCH_PRE_HAB,P32_S13,IS,3.6,p,0.9,p,,NaN,,NaN,0.0,p
A,CLV_PCH_PRE_HAB,P32_S13,IT,1.8,NaN,0.1,NaN,1.5,NaN,0.4,NaN,2.9,p
A,CLV_PCH_PRE_HAB,P32_S13,LT,0.0,NaN,2.0,NaN,0.4,NaN,,NaN,1.4,NaN
A,CLV_PCH_PRE_HAB,P32_S13,LU,5.7,NaN,2.7,NaN,1.2,NaN,2.0,NaN,2.7,p
A,CLV_PCH_PRE_HAB,P32_S13,LV,13.8,NaN,3.8,NaN,6.1,NaN,,NaN,1.5,NaN
A,CLV_PCH_PRE_HAB,P32_S13,ME,1.4,NaN,,NaN,4.2,NaN,0.7,NaN,1.9,NaN
A,CLV_PCH_PRE_HAB,P32_S13,MT,6.2,NaN,1.9,NaN,1.3,NaN,,NaN,6.1,NaN
A,CLV_PCH_PRE_HAB,P32_S13,NL,5.0,NaN,3.1,NaN,1.6,NaN,4.5,p,4.9,p
A,CLV_PCH_PRE_HAB,P32_S13,NO,4.8,NaN,1.8,NaN,,NaN,3.3,NaN,1.7,NaN
A,CLV_PCH_PRE_HAB,P32_S13,PL,8.0,b,0.6,NaN,0.8,b,5.6,NaN,7.3,NaN
A,CLV_PCH_PRE_HAB,P32_S13,PT,2.4,NaN,,NaN,,NaN,0.0,NaN,,NaN
A,CLV_PCH_PRE_HAB,P32_S13,RO,5.7,NaN,,NaN,,NaN,4.3,NaN,5.2,p
A,CLV_PCH_PRE_HAB,P32_S13,RS,,NaN,9.2,NaN,,NaN,,NaN,5.8,p
A,CLV_PCH_PRE_HAB,P32_S13,SE,,NaN,2.6,NaN,1.9,NaN,3.1,NaN,2.0,NaN
A,CLV_PCH_PRE_HAB,P32_S13,SI,2.6,NaN,5.0,NaN,,NaN,5.5,NaN,2.3,NaN
A,CLV_PCH_PRE_HAB,P32_S13,SK,,NaN,,NaN,,NaN,,NaN,6.7,NaN
A,CLV_PCH_PRE_HAB,P32_S13,TR,,NaN,,NaN,8.7,NaN,,NaN,,NaN
A,CLV_PCH_PRE_HAB,P32_S13,UK,,NaN,,NaN,,NaN,,NaN,,NaN
A,CLV_PCH_PRE_HAB,P3_S13,AL,5.0,NaN,3.3,NaN,3.5,NaN,,NaN,,NaN
A,CLV_PCH_PRE_HAB,P3_S13,AT,,NaN,7.3,NaN,,NaN,,NaN,3.3,NaN
A,CLV_PCH_PRE_HAB,P3_S13,BE,,NaN,3.7,NaN,2.3,NaN,1.8,NaN,1.2,p
A,CLV_PCH_PRE_HAB,P3_S13,BG,9.4,NaN,1.2,NaN,8.7,NaN,1.4,NaN,3.7,NaN
A,CLV_PCH_PRE_HAB,P3_S13,CH,3.1,NaN,2.3,NaN,,NaN,0.1,NaN,0.7,NaN
A,CLV_PCH_PRE_HAB,P3_S13,CY,9.5,NaN,7.2,NaN,2.8,NaN,1.6,NaN,0.0,p
A,CLV_PCH_PRE_HAB,P3_S13,CZ,4.6,NaN,1.5,NaN,,NaN,2.1,NaN,3.0,NaN
A,CLV_PCH_PRE_HAB,P3_S13,DE,5.0,NaN,3.3,NaN,0.0,p,,NaN,2.3,p
A,CLV_PCH_PRE_HAB,P3_S13,DK,,NaN,4.5,NaN,,NaN,,NaN,0.5,NaN
A,CLV_PCH_PRE_HAB,P3_S13,EA,1.1,NaN,4.3,NaN,0.8,NaN,0.8,NaN,1.8,NaN
A,CLV_PCH_PRE_HAB,P3_S13,EA12,1.1,NaN,4.3,NaN,0.8,NaN,0.9,NaN,1.8,NaN
A,CLV_PCH_PRE_HAB,P3_S13,EA19,1.1,NaN,4.3,NaN,0.8,NaN,0.8,NaN,1.8,NaN
A,CLV_PCH_PRE_HAB,P3_S13,EA20,1.1,NaN,4.3,NaN,0.8,NaN,0.8,NaN,1.8,NaN
A,CLV_PCH_PRE_HAB,P3_S13,EE,3.6,NaN,3.7,NaN,,NaN,,NaN,1.1,NaN
A,CLV_PCH_PRE_HAB,P3_S13,EL,3.3,p,2.4,p,0.6,p,3.1,p,,NaN
A,CLV_PCH_PRE_HAB,P3_S13,ES,3.0,NaN,3.6,NaN,,NaN,3.3,p,1.9,p
A,CLV_PCH_PRE_HAB,P3_S13,EU27_2020,1.4,b,4.2,NaN,0.5,NaN,1.1,NaN,2.1,NaN
A,CLV_PCH_PRE_HAB,P3_S13,FI,0.3,NaN,4.1,NaN,,NaN,2.2,NaN,1.0,NaN
A,CLV_PCH_PRE_HAB,P3_S13,FR,,NaN,6.1,NaN,2.3,NaN,1.1,p,1.2,p
A,CLV_PCH_PRE_HAB,P3_S13,HR,4.5,NaN,3.8,NaN,2.7,NaN,6.5,NaN,7.0,p
A,CLV_PCH_PRE_HAB,P3_S13,HU,0.0,NaN,2.7,NaN,3.1,NaN,3.4,NaN,,NaN
A,CLV_PCH_PRE_HAB,P3_S13,IE,8.9,NaN,5.7,NaN,1.5,NaN,4.4,NaN,3.1,NaN
A,CLV_PCH_PRE_HAB,P3_S13,IS,3.6,p,0.9,p,,NaN,,NaN,0.0,p
A,CLV_PCH_PRE_HAB,P3_S13,IT,0.8,NaN,2.8,NaN,1.0,NaN,1.1,NaN,1.0,p
A,CLV_PCH_PRE_HAB,P3_S13,LT,,NaN,1.3,NaN,1.0,NaN,,NaN,1.0,NaN
A,CLV_PCH_PRE_HAB,P3_S13,LU,5.9,NaN,3.2,NaN,1.8,NaN,,NaN,3.3,p
A,CLV_PCH_PRE_HAB,P3_S13,LV,4.6,NaN,4.5,NaN,0.3,NaN,2.7,NaN,0.5,NaN
A,CLV_PCH_PRE_HAB,P3_S13,ME,0.0,NaN,,NaN,2.1,NaN,2.9,NaN,1.6,NaN
A,CLV_PCH_PRE_HAB,P3_S13,MK,10.8,e,2.1,e,,NaN,,NaN,0.6,e
A,CLV_PCH_PRE_HAB,P3_S13,MT,9.7,NaN,5.1,NaN,,NaN,,NaN,6.2,NaN
A,CLV_PCH_PRE_HAB,P3_S13,NL,1.0,NaN,4.1,NaN,0.3,NaN,1.8,p,2.9,p
A,CLV_PCH_PRE_HAB,P3_S13,NO,,NaN,3.1,NaN,0.9,NaN,2.2,NaN,1.4,NaN
A,CLV_PCH_PRE_HAB,P3_S13,PL,7.1,b,5.5,NaN,,NaN,5.0,NaN,9.0,NaN
A,CLV_PCH_PRE_HAB,P3_S13,PT,0.1,NaN,3.6,NaN,1.1,NaN,0.7,NaN,0.4,p
A,CLV_PCH_PRE_HAB,P3_S13,RO,3.1,NaN,0.4,NaN,,NaN,3.9,NaN,1.3,p
A,CLV_PCH_PRE_HAB,P3_S13,RS,3.9,NaN,5.1,NaN,3.9,NaN,,NaN,4.5,p
A,CLV_PCH_PRE_HAB,P3_S13,SE,,NaN,2.8,NaN,,NaN,0.3,NaN,0.9,NaN
A,CLV_PCH_PRE_HAB,P3_S13,SI,3.4,NaN,5.9,NaN,,NaN,1.5,NaN,7.0,NaN
A,CLV_PCH_PRE_HAB,P3_S13,SK,,NaN,4.1,b,,NaN,,NaN,3.9,NaN
A,CLV_PCH_PRE_HAB,P3_S13,TR,1.8,NaN,3.2,NaN,3.5,NaN,1.8,NaN,,NaN
A,CLV_PCH_PRE_HAB,P3_S13,UK,,NaN,,NaN,,NaN,,NaN,,NaN
A,CLV_PCH_PRE_HAB,P41,AL,,NaN,5.8,NaN,7.0,NaN,,NaN,,NaN
A,CLV_PCH_PRE_HAB,P41,AT,,NaN,5.8,NaN,3.0,NaN,,NaN,1.0,NaN
A,CLV_PCH_PRE_HAB,P41,BE,,NaN,5.0,NaN,2.8,NaN,0.8,NaN,1.4,p
A,CLV_PCH_PRE_HAB,P41,BG,2.0,NaN,8.7,NaN,4.7,NaN,1.4,NaN,4.9,NaN
A,CLV_PCH_PRE_HAB,P41,CH,,NaN,1.9,NaN,2.4,NaN,0.1,NaN,,NaN
A,CLV_PCH_PRE_HAB,P41,CY,,NaN,4.5,NaN,7.5,NaN,3.4,NaN,2.4,p
A,CLV_PCH_PRE_HAB,P41,CZ,,NaN,4.2,NaN,,NaN,,NaN,2.5,NaN
A,CLV_PCH_PRE_HAB,P41,DE,,NaN,2.6,NaN,4.8,p,,NaN,0.7,p
A,CLV_PCH_PRE_HAB,P41,DK,,NaN,5.3,NaN,,NaN,,NaN,0.2,NaN
A,CLV_PCH_PRE_HAB,P41,EA,,NaN,4.8,NaN,4.0,NaN,0.0,NaN,1.0,NaN
A,CLV_PCH_PRE_HAB,P41,EA12,,NaN,4.7,NaN,4.0,NaN,0.0,NaN,1.0,NaN
A,CLV_PCH_PRE_HAB,P41,EA19,,NaN,4.8,NaN,4.0,NaN,0.0,NaN,1.0,NaN
A,CLV_PCH_PRE_HAB,P41,EA20,,NaN,4.8,NaN,4.0,NaN,0.0,NaN,1.0,NaN
A,CLV_PCH_PRE_HAB,P41,EE,,NaN,6.8,NaN,2.2,NaN,,NaN,,NaN
A,CLV_PCH_PRE_HAB,P41,EL,,NaN,5.4,p,8.8,p,2.7,p,1.9,p
A,CLV_PCH_PRE_HAB,P41,ES,,NaN,6.6,NaN,3.0,NaN,1.0,p,2.1,p
A,CLV_PCH_PRE_HAB,P41,EU27_2020,,NaN,5.0,NaN,3.6,NaN,0.0,NaN,1.4,NaN
A,CLV_PCH_PRE_HAB,P41,FI,,NaN,3.2,NaN,0.2,NaN,1.8,NaN,,NaN
A,CLV_PCH_PRE_HAB,P41,FR,,NaN,5.5,NaN,2.8,NaN,0.5,p,0.9,p
A,CLV_PCH_PRE_HAB,P41,HR,,NaN,10.4,NaN,6.5,NaN,3.5,NaN,6.2,p
A,CLV_PCH_PRE_HAB,P41,HU,,NaN,5.2,NaN,7.3,NaN,,NaN,5.3,p
A,CLV_PCH_PRE_HAB,P41,IE,,NaN,7.2,NaN,7.0,NaN,3.2,NaN,1.5,NaN
A,CLV_PCH_PRE_HAB,P41,IS,,NaN,5.1,p,3.6,p,,NaN,,NaN
A,CLV_PCH_PRE_HAB,P41,IT,,NaN,6.1,NaN,4.7,NaN,0.8,NaN,0.5,p
A,CLV_PCH_PRE_HAB,P41,LT,,NaN,6.9,NaN,1.1,NaN,,NaN,2.2,NaN
A,CLV_PCH_PRE_HAB,P41,LU,,NaN,8.0,NaN,3.7,NaN,0.9,NaN,2.1,p
A,CLV_PCH_PRE_HAB,P41,LV,,NaN,8.5,NaN,3.2,NaN,0.3,NaN,0.7,NaN
A,CLV_PCH_PRE_HAB,P41,ME,,NaN,5.2,NaN,12.0,NaN,6.8,NaN,9.3,NaN
A,CLV_PCH_PRE_HAB,P41,MT,,NaN,9.8,NaN,4.2,NaN,6.9,NaN,3.8,NaN
A,CLV_PCH_PRE_HAB,P41,NL,,NaN,4.1,NaN,4.1,NaN,0.0,p,0.9,p
A,CLV_PCH_PRE_HAB,P41,NO,,NaN,4.3,NaN,5.4,NaN,,NaN,0.7,NaN
A,CLV_PCH_PRE_HAB,P41,PL,,NaN,7.2,NaN,1.9,b,0.8,NaN,4.4,NaN
A,CLV_PCH_PRE_HAB,P41,PT,,NaN,5.2,NaN,4.8,NaN,1.3,NaN,1.9,p
A,CLV_PCH_PRE_HAB,P41,RO,,NaN,7.2,NaN,5.7,NaN,2.6,NaN,4.7,p
A,CLV_PCH_PRE_HAB,P41,RS,0.2,NaN,7.8,NaN,6.5,NaN,0.9,p,5.5,p
A,CLV_PCH_PRE_HAB,P41,SE,,NaN,4.4,NaN,0.8,NaN,,NaN,0.3,NaN
A,CLV_PCH_PRE_HAB,P41,SI,,NaN,10.1,NaN,3.2,NaN,,NaN,4.7,NaN
A,CLV_PCH_PRE_HAB,P41,SK,0.1,NaN,4.3,b,4.8,NaN,,NaN,3.1,NaN
A,CLV_PCH_PRE_HAB,P41,TR,3.1,NaN,13.4,NaN,13.0,NaN,9.9,NaN,,NaN
A,CLV_PCH_PRE_HAB,P41,UK,,NaN,,NaN,,NaN,,NaN,,NaN
A,CP_EUR_HAB,B1GQ,AL,4710.0,NaN,5420.0,NaN,6500.0,NaN,,NaN,,NaN
A,CP_EUR_HAB,B1GQ,AT,42650.0,NaN,45380.0,NaN,49640.0,NaN,52330.0,NaN,53830.0,NaN
A,CP_EUR_HAB,B1GQ,BE,40190.0,NaN,43680.0,NaN,48060.0,NaN,51140.0,NaN,52370.0,p
A,CP_EUR_HAB,B1GQ,BG,9440.0,NaN,10960.0,NaN,13310.0,NaN,14660.0,NaN,16260.0,NaN
A,CP_EUR_HAB,B1GQ,CH,75280.0,NaN,79140.0,NaN,89660.0,NaN,92760.0,NaN,96010.0,NaN
A,CP_EUR_HAB,B1GQ,CY,24630.0,NaN,27850.0,NaN,31560.0,NaN,33870.0,NaN,35730.0,p
A,CP_EUR_HAB,B1GQ,CZ,20980.0,NaN,23430.0,NaN,26670.0,NaN,29330.0,NaN,29440.0,NaN
A,CP_EUR_HAB,B1GQ,DE,42020.0,NaN,44910.0,NaN,48340.0,p,50660.0,p,51830.0,p
A,CP_EUR_HAB,B1GQ,DK,53540.0,NaN,58640.0,NaN,64430.0,NaN,62910.0,NaN,65650.0,NaN
A,CP_EUR_HAB,B1GQ,EA,33840.0,NaN,36750.0,NaN,39850.0,NaN,41950.0,NaN,43400.0,NaN
A,CP_EUR_HAB,B1GQ,EA12,34530.0,NaN,37460.0,NaN,40610.0,NaN,42950.0,NaN,44400.0,NaN
A,CP_EUR_HAB,B1GQ,EA19,33840.0,NaN,36750.0,NaN,39850.0,NaN,42190.0,NaN,43640.0,NaN
A,CP_EUR_HAB,B1GQ,EA20,33610.0,NaN,36500.0,NaN,39610.0,NaN,41950.0,NaN,43400.0,NaN
A,CP_EUR_HAB,B1GQ,EE,20960.0,NaN,23650.0,NaN,27260.0,NaN,28080.0,NaN,28990.0,NaN
A,CP_EUR_HAB,B1GQ,EL,15660.0,p,17350.0,p,19570.0,p,21300.0,p,22480.0,p
A,CP_EUR_HAB,B1GQ,ES,23850.0,NaN,26090.0,NaN,28790.0,NaN,30980.0,p,32630.0,p
A,CP_EUR_HAB,B1GQ,EU27_2020,30510.0,b,33260.0,NaN,36140.0,NaN,38380.0,NaN,39940.0,NaN
A,CP_EUR_HAB,B1GQ,FI,42740.0,NaN,44890.0,NaN,47890.0,NaN,48920.0,NaN,49100.0,NaN
A,CP_EUR_HAB,B1GQ,FR,34280.0,NaN,36920.0,NaN,38920.0,NaN,41340.0,p,42590.0,p
A,CP_EUR_HAB,B1GQ,HR,12980.0,NaN,15070.0,NaN,17540.0,NaN,20530.0,NaN,22200.0,p
A,CP_EUR_HAB,B1GQ,HU,14370.0,NaN,16090.0,NaN,17550.0,NaN,20560.0,NaN,21550.0,p
A,CP_EUR_HAB,B1GQ,IE,75820.0,NaN,88070.0,NaN,100140.0,NaN,99080.0,NaN,104510.0,NaN
A,CP_EUR_HAB,B1GQ,IS,54190.0,p,61360.0,p,74950.0,p,77210.0,p,79480.0,p
A,CP_EUR_HAB,B1GQ,IT,28100.0,NaN,31160.0,NaN,33860.0,NaN,36330.0,NaN,37310.0,p
A,CP_EUR_HAB,B1GQ,LI,142470.0,NaN,168450.0,NaN,173290.0,p,186890.0,e,,NaN
A,CP_EUR_HAB,B1GQ,LT,17890.0,NaN,20190.0,NaN,23690.0,NaN,25880.0,NaN,27350.0,NaN
A,CP_EUR_HAB,B1GQ,LU,102190.0,NaN,113920.0,NaN,117100.0,NaN,122970.0,NaN,127030.0,p
A,CP_EUR_HAB,B1GQ,LV,15370.0,NaN,17130.0,NaN,19130.0,NaN,21030.0,NaN,21640.0,NaN
A,CP_EUR_HAB,B1GQ,ME,6610.0,NaN,7880.0,NaN,9530.0,NaN,11340.0,NaN,12260.0,NaN
A,CP_EUR_HAB,B1GQ,MK,5840.0,e,6440.0,e,7230.0,e,8020.0,e,8590.0,e
A,CP_EUR_HAB,B1GQ,MT,27870.0,NaN,32210.0,NaN,33790.0,NaN,37770.0,NaN,40530.0,NaN
A,CP_EUR_HAB,B1GQ,NL,46810.0,NaN,50850.0,NaN,56140.0,NaN,58740.0,p,62380.0,p
A,CP_EUR_HAB,B1GQ,NO,60020.0,NaN,78670.0,NaN,103990.0,NaN,80890.0,NaN,80200.0,NaN
A,CP_EUR_HAB,B1GQ,PL,14310.0,b,15770.0,NaN,17520.0,b,19980.0,NaN,22610.0,NaN
A,CP_EUR_HAB,B1GQ,PT,19360.0,NaN,20800.0,NaN,23300.0,NaN,25560.0,NaN,27060.0,p
A,CP_EUR_HAB,B1GQ,RO,11390.0,NaN,12590.0,NaN,14740.0,NaN,16870.0,NaN,18560.0,p
A,CP_EUR_HAB,B1GQ,RS,7110.0,NaN,8180.0,NaN,9530.0,NaN,11350.0,p,12640.0,p
A,CP_EUR_HAB,B1GQ,SE,46180.0,NaN,51260.0,NaN,51980.0,NaN,50490.0,NaN,52490.0,NaN
A,CP_EUR_HAB,B1GQ,SI,22230.0,NaN,24690.0,NaN,26970.0,NaN,30200.0,NaN,31700.0,NaN
A,CP_EUR_HAB,B1GQ,SK,17270.0,NaN,18730.0,b,20150.0,NaN,22640.0,NaN,23850.0,NaN
A,CP_EUR_HAB,B1GQ,TR,7660.0,NaN,8400.0,NaN,10360.0,NaN,12330.0,NaN,,NaN
A,CP_EUR_HAB,B1GQ,UK,,NaN,,NaN,,NaN,,NaN,,NaN
A,CP_EUR_HAB,P3,AL,4160.0,NaN,4590.0,NaN,5430.0,NaN,,NaN,,NaN
A,CP_EUR_HAB,P3,AT,30240.0,NaN,32430.0,NaN,35490.0,NaN,37820.0,NaN,39690.0,NaN
A,CP_EUR_HAB,P3,BE,29940.0,NaN,32180.0,NaN,36070.0,NaN,38370.0,NaN,39740.0,p
A,CP_EUR_HAB,P3,BG,7300.0,NaN,8420.0,NaN,10150.0,NaN,11160.0,NaN,12530.0,NaN
A,CP_EUR_HAB,P3,CH,48190.0,NaN,48770.0,NaN,55050.0,NaN,58130.0,NaN,60290.0,NaN
A,CP_EUR_HAB,P3,CY,19880.0,NaN,21070.0,NaN,23930.0,NaN,25910.0,NaN,27040.0,p
A,CP_EUR_HAB,P3,CZ,14380.0,NaN,15970.0,NaN,18180.0,NaN,19620.0,NaN,19850.0,NaN
A,CP_EUR_HAB,P3,DE,30660.0,NaN,32430.0,NaN,35890.0,p,37510.0,p,38730.0,p
A,CP_EUR_HAB,P3,DK,38330.0,NaN,41020.0,NaN,42340.0,NaN,42370.0,NaN,43700.0,NaN
A,CP_EUR_HAB,P3,EA,25170.0,NaN,26890.0,NaN,29540.0,NaN,31040.0,NaN,32170.0,NaN
A,CP_EUR_HAB,P3,EA12,25670.0,NaN,27400.0,NaN,30070.0,NaN,31750.0,NaN,32870.0,NaN
A,CP_EUR_HAB,P3,EA19,25170.0,NaN,26890.0,NaN,29540.0,NaN,31210.0,NaN,32330.0,NaN
A,CP_EUR_HAB,P3,EA20,25000.0,NaN,26720.0,NaN,29360.0,NaN,31040.0,NaN,32170.0,NaN
A,CP_EUR_HAB,P3,EE,14970.0,NaN,16620.0,NaN,19610.0,NaN,20760.0,NaN,21580.0,NaN
A,CP_EUR_HAB,P3,EL,14700.0,p,15610.0,p,17780.0,p,18880.0,p,19620.0,p
A,CP_EUR_HAB,P3,ES,18570.0,NaN,20130.0,NaN,22010.0,NaN,23250.0,p,24370.0,p
A,CP_EUR_HAB,P3,EU27_2020,22660.0,b,24320.0,NaN,26710.0,NaN,28330.0,NaN,29600.0,NaN
A,CP_EUR_HAB,P3,FI,31910.0,NaN,33740.0,NaN,35780.0,NaN,37710.0,NaN,37910.0,NaN
A,CP_EUR_HAB,P3,FR,27050.0,NaN,28710.0,NaN,30630.0,NaN,32570.0,p,33570.0,p
A,CP_EUR_HAB,P3,HR,10830.0,NaN,12200.0,NaN,14060.0,NaN,15900.0,NaN,17810.0,p
A,CP_EUR_HAB,P3,HU,10190.0,NaN,11170.0,NaN,12480.0,NaN,14370.0,NaN,15570.0,p
A,CP_EUR_HAB,P3,IE,28370.0,NaN,31180.0,NaN,35340.0,NaN,39110.0,NaN,41230.0,NaN
A,CP_EUR_HAB,P3,IS,42990.0,p,48280.0,p,56450.0,p,57110.0,p,59570.0,p
A,CP_EUR_HAB,P3,IT,22080.0,NaN,23670.0,NaN,26150.0,NaN,27380.0,NaN,28070.0,p
A,CP_EUR_HAB,P3,LT,13310.0,NaN,14890.0,NaN,17610.0,NaN,19020.0,NaN,20210.0,NaN
A,CP_EUR_HAB,P3,LU,49850.0,NaN,54210.0,NaN,59170.0,NaN,63180.0,NaN,66510.0,p
A,CP_EUR_HAB,P3,LV,11750.0,NaN,13270.0,NaN,15350.0,NaN,16610.0,NaN,17460.0,NaN
A,CP_EUR_HAB,P3,ME,6960.0,NaN,7400.0,NaN,9070.0,NaN,10530.0,NaN,11840.0,NaN
A,CP_EUR_HAB,P3,MK,4830.0,e,5390.0,e,6110.0,e,6690.0,e,7080.0,e
A,CP_EUR_HAB,P3,MT,17370.0,NaN,19190.0,NaN,20900.0,NaN,23460.0,NaN,25220.0,NaN
A,CP_EUR_HAB,P3,NL,32020.0,NaN,34610.0,NaN,38380.0,NaN,41110.0,p,43230.0,p
A,CP_EUR_HAB,P3,NO,41760.0,NaN,47250.0,NaN,52440.0,NaN,48770.0,NaN,49920.0,NaN
A,CP_EUR_HAB,P3,PL,10810.0,b,11820.0,NaN,13360.0,b,15310.0,NaN,17680.0,NaN
A,CP_EUR_HAB,P3,PT,15990.0,NaN,17020.0,NaN,18880.0,NaN,20020.0,NaN,21050.0,p
A,CP_EUR_HAB,P3,RO,9120.0,NaN,9980.0,NaN,11770.0,NaN,13270.0,NaN,15030.0,p
A,CP_EUR_HAB,P3,RS,5970.0,NaN,6770.0,NaN,8010.0,NaN,9050.0,p,10050.0,p
A,CP_EUR_HAB,P3,SE,33010.0,NaN,36330.0,NaN,37200.0,NaN,36340.0,NaN,37750.0,NaN
A,CP_EUR_HAB,P3,SI,15740.0,NaN,17920.0,NaN,19800.0,NaN,21380.0,NaN,22910.0,NaN
A,CP_EUR_HAB,P3,SK,13600.0,NaN,14560.0,b,16650.0,NaN,17810.0,NaN,19110.0,NaN
A,CP_EUR_HAB,P3,TR,5260.0,NaN,5470.0,NaN,6740.0,NaN,8290.0,NaN,,NaN
A,CP_EUR_HAB,P3,UK,,NaN,,NaN,,NaN,,NaN,,NaN
A,CP_EUR_HAB,P31_S13,AL,290.0,NaN,330.0,NaN,360.0,NaN,,NaN,,NaN
A,CP_EUR_HAB,P31_S13,AT,5780.0,NaN,6470.0,NaN,6640.0,NaN,6950.0,NaN,7480.0,NaN
A,CP_EUR_HAB,P31_S13,BE,6270.0,NaN,6770.0,NaN,7320.0,NaN,7750.0,NaN,8100.0,p
A,CP_EUR_HAB,P31_S13,BG,920.0,NaN,1090.0,NaN,1230.0,NaN,1410.0,NaN,1730.0,NaN
A,CP_EUR_HAB,P31_S13,CH,5140.0,NaN,5460.0,NaN,5690.0,NaN,6120.0,NaN,,NaN
A,CP_EUR_HAB,P31_S13,CY,2590.0,NaN,3010.0,NaN,3240.0,NaN,3510.0,NaN,3780.0,p
A,CP_EUR_HAB,P31_S13,CZ,2540.0,NaN,2860.0,NaN,3030.0,NaN,3330.0,NaN,3420.0,NaN
A,CP_EUR_HAB,P31_S13,DE,5870.0,NaN,6270.0,NaN,6570.0,p,6620.0,p,7020.0,p
A,CP_EUR_HAB,P31_S13,DK,9330.0,NaN,9990.0,NaN,10000.0,NaN,10020.0,NaN,10460.0,NaN
A,CP_EUR_HAB,P31_S13,EA,4750.0,NaN,5110.0,NaN,5340.0,NaN,5520.0,NaN,5810.0,NaN
A,CP_EUR_HAB,P31_S13,EA12,4880.0,NaN,5240.0,NaN,5480.0,NaN,5690.0,NaN,5970.0,NaN
A,CP_EUR_HAB,P31_S13,EA19,4750.0,NaN,5110.0,NaN,5340.0,NaN,5560.0,NaN,5840.0,NaN
A,CP_EUR_HAB,P31_S13,EA20,4720.0,NaN,5080.0,NaN,5310.0,NaN,5520.0,NaN,5810.0,NaN
A,CP_EUR_HAB,P31_S13,EE,2450.0,NaN,2710.0,NaN,3000.0,NaN,3290.0,NaN,3550.0,NaN
A,CP_EUR_HAB,P31_S13,EL,1720.0,p,1820.0,p,1920.0,p,2050.0,p,2060.0,p
A,CP_EUR_HAB,P31_S13,ES,3120.0,NaN,3320.0,NaN,3460.0,NaN,3640.0,p,3800.0,p
A,CP_EUR_HAB,P31_S13,EU27_2020,4260.0,b,4610.0,NaN,4800.0,NaN,5020.0,NaN,5330.0,NaN
A,CP_EUR_HAB,P31_S13,FI,7160.0,NaN,7610.0,NaN,7890.0,NaN,9120.0,b,9280.0,NaN
A,CP_EUR_HAB,P31_S13,FR,5590.0,NaN,6030.0,NaN,6190.0,NaN,6440.0,p,6660.0,p
A,CP_EUR_HAB,P31_S13,HR,1700.0,NaN,1810.0,NaN,1920.0,NaN,2220.0,NaN,2690.0,p
A,CP_EUR_HAB,P31_S13,HU,1390.0,NaN,1560.0,NaN,1630.0,NaN,1870.0,NaN,2030.0,p
A,CP_EUR_HAB,P31_S13,IE,6410.0,NaN,6910.0,NaN,7390.0,NaN,8130.0,NaN,8500.0,NaN
A,CP_EUR_HAB,P31_S13,IS,9660.0,p,10770.0,p,12280.0,p,12530.0,p,13320.0,p
A,CP_EUR_HAB,P31_S13,IT,3380.0,NaN,3600.0,NaN,3750.0,NaN,3850.0,NaN,3980.0,p
A,CP_EUR_HAB,P31_S13,LT,1960.0,NaN,2170.0,NaN,2430.0,NaN,2750.0,NaN,3150.0,NaN
A,CP_EUR_HAB,P31_S13,LU,11530.0,NaN,12030.0,NaN,12840.0,NaN,13520.0,NaN,14510.0,p
A,CP_EUR_HAB,P31_S13,LV,1460.0,NaN,1860.0,NaN,1910.0,NaN,2200.0,NaN,2430.0,NaN
A,CP_EUR_HAB,P31_S13,ME,800.0,NaN,840.0,NaN,950.0,NaN,1120.0,NaN,1180.0,NaN
A,CP_EUR_HAB,P31_S13,MK,560.0,e,500.0,e,510.0,e,570.0,e,580.0,e
A,CP_EUR_HAB,P31_S13,MT,3280.0,NaN,3600.0,NaN,3520.0,NaN,3660.0,NaN,4040.0,NaN
A,CP_EUR_HAB,P31_S13,NL,8160.0,NaN,8850.0,NaN,9320.0,NaN,9980.0,p,10840.0,p
A,CP_EUR_HAB,P31_S13,NO,10420.0,NaN,11810.0,NaN,12580.0,NaN,11760.0,NaN,12150.0,NaN
A,CP_EUR_HAB,P31_S13,PL,1460.0,b,1650.0,NaN,1760.0,b,2090.0,NaN,2630.0,NaN
A,CP_EUR_HAB,P31_S13,PT,2050.0,NaN,2260.0,NaN,2400.0,NaN,2490.0,NaN,2730.0,p
A,CP_EUR_HAB,P31_S13,RO,960.0,NaN,1010.0,NaN,1130.0,NaN,1330.0,NaN,1500.0,p
A,CP_EUR_HAB,P31_S13,RS,740.0,NaN,810.0,NaN,940.0,NaN,1060.0,p,1210.0,p
A,CP_EUR_HAB,P31_S13,SE,9080.0,NaN,9850.0,NaN,9700.0,NaN,9650.0,NaN,10050.0,NaN
A,CP_EUR_HAB,P31_S13,SI,2810.0,NaN,3160.0,NaN,3220.0,NaN,3500.0,NaN,4050.0,NaN
A,CP_EUR_HAB,P31_S13,SK,1630.0,NaN,1820.0,b,2050.0,NaN,2230.0,NaN,2410.0,NaN
A,CP_EUR_HAB,P31_S13,TR,700.0,NaN,680.0,NaN,710.0,NaN,970.0,NaN,,NaN
A,CP_EUR_HAB,P31_S13,UK,,NaN,,NaN,,NaN,,NaN,,NaN
A,CP_EUR_HAB,P31_S14,AL,3470.0,NaN,3840.0,NaN,4590.0,NaN,,NaN,,NaN
A,CP_EUR_HAB,P31_S14,AT,20320.0,NaN,21590.0,NaN,24310.0,NaN,25950.0,NaN,26850.0,NaN
A,CP_EUR_HAB,P31_S14,BE,19780.0,NaN,21340.0,NaN,24290.0,NaN,25860.0,NaN,26680.0,p
A,CP_EUR_HAB,P31_S14,BG,5440.0,NaN,6300.0,NaN,7650.0,NaN,8390.0,NaN,9250.0,NaN
A,CP_EUR_HAB,P31_S14,CH,37350.0,NaN,37580.0,NaN,42940.0,NaN,45240.0,NaN,,NaN
A,CP_EUR_HAB,P31_S14,CY,14910.0,NaN,15550.0,NaN,17940.0,NaN,19330.0,NaN,20110.0,p
A,CP_EUR_HAB,P31_S14,CZ,9690.0,NaN,10850.0,NaN,12710.0,NaN,13590.0,NaN,13660.0,NaN
A,CP_EUR_HAB,P31_S14,DE,20650.0,NaN,21800.0,NaN,24670.0,p,25930.0,p,26600.0,p
A,CP_EUR_HAB,P31_S14,DK,24300.0,NaN,26140.0,NaN,27270.0,NaN,27110.0,NaN,27670.0,NaN
A,CP_EUR_HAB,P31_S14,EA,17080.0,NaN,18290.0,NaN,20470.0,NaN,21610.0,NaN,22290.0,NaN
A,CP_EUR_HAB,P31_S14,EA12,17390.0,NaN,18610.0,NaN,20810.0,NaN,22070.0,NaN,22750.0,NaN
A,CP_EUR_HAB,P31_S14,EA19,17080.0,NaN,18290.0,NaN,20470.0,NaN,21720.0,NaN,22400.0,NaN
A,CP_EUR_HAB,P31_S14,EA20,16970.0,NaN,18180.0,NaN,20360.0,NaN,21610.0,NaN,22290.0,NaN
A,CP_EUR_HAB,P31_S14,EE,10290.0,NaN,11510.0,NaN,13920.0,NaN,14550.0,NaN,14940.0,NaN
A,CP_EUR_HAB,P31_S14,EL,10890.0,p,11630.0,p,13610.0,p,14460.0,p,15150.0,p
A,CP_EUR_HAB,P31_S14,ES,13110.0,NaN,14350.0,NaN,15900.0,NaN,16820.0,p,17710.0,p
A,CP_EUR_HAB,P31_S14,EU27_2020,15390.0,b,16570.0,NaN,18540.0,NaN,19720.0,NaN,20490.0,NaN
A,CP_EUR_HAB,P31_S14,FI,20670.0,NaN,21790.0,NaN,23270.0,NaN,24240.0,NaN,24210.0,NaN
A,CP_EUR_HAB,P31_S14,FR,17600.0,NaN,18680.0,NaN,20150.0,NaN,21640.0,p,22280.0,p
A,CP_EUR_HAB,P31_S14,HR,7440.0,NaN,8540.0,NaN,10140.0,NaN,11360.0,NaN,12410.0,p
A,CP_EUR_HAB,P31_S14,HU,6850.0,NaN,7510.0,NaN,8490.0,NaN,9700.0,NaN,10650.0,p
A,CP_EUR_HAB,P31_S14,IE,18480.0,NaN,20540.0,NaN,24000.0,NaN,26760.0,NaN,28120.0,NaN
A,CP_EUR_HAB,P31_S14,IS,26450.0,p,29940.0,p,35620.0,p,35920.0,p,37170.0,p
A,CP_EUR_HAB,P31_S14,IT,16120.0,NaN,17390.0,NaN,19600.0,NaN,20700.0,NaN,21140.0,p
A,CP_EUR_HAB,P31_S14,LT,9980.0,NaN,11300.0,NaN,13520.0,NaN,14450.0,NaN,15000.0,NaN
A,CP_EUR_HAB,P31_S14,LU,28830.0,NaN,32160.0,NaN,35410.0,NaN,37650.0,NaN,39280.0,p
A,CP_EUR_HAB,P31_S14,LV,8330.0,NaN,9320.0,NaN,11150.0,NaN,11970.0,NaN,12520.0,NaN
A,CP_EUR_HAB,P31_S14,ME,5300.0,NaN,5720.0,NaN,7220.0,NaN,8350.0,NaN,9510.0,NaN
A,CP_EUR_HAB,P31_S14,MK,3810.0,e,4300.0,e,4950.0,e,5410.0,e,5650.0,e
A,CP_EUR_HAB,P31_S14,MT,11420.0,NaN,12770.0,NaN,14370.0,NaN,16640.0,NaN,17680.0,NaN
A,CP_EUR_HAB,P31_S14,NL,19610.0,NaN,21290.0,NaN,24290.0,NaN,25910.0,p,26680.0,p
A,CP_EUR_HAB,P31_S14,NO,24600.0,NaN,27930.0,NaN,31680.0,NaN,29200.0,NaN,29760.0,NaN
A,CP_EUR_HAB,P31_S14,PL,7980.0,b,8760.0,NaN,10010.0,b,11320.0,NaN,12740.0,NaN
A,CP_EUR_HAB,P31_S14,PT,12010.0,NaN,12840.0,NaN,14450.0,NaN,15340.0,NaN,16050.0,p
A,CP_EUR_HAB,P31_S14,RO,6870.0,NaN,7650.0,NaN,9220.0,NaN,10250.0,NaN,11460.0,p
A,CP_EUR_HAB,P31_S14,RS,4520.0,NaN,5150.0,NaN,6160.0,NaN,7000.0,p,7720.0,p
A,CP_EUR_HAB,P31_S14,SE,20170.0,NaN,22380.0,NaN,23210.0,NaN,22380.0,NaN,23150.0,NaN
A,CP_EUR_HAB,P31_S14,SI,10940.0,NaN,12550.0,NaN,14250.0,NaN,15260.0,NaN,16100.0,NaN
A,CP_EUR_HAB,P31_S14,SK,9760.0,NaN,10410.0,b,12140.0,NaN,12930.0,NaN,13810.0,NaN
A,CP_EUR_HAB,P31_S14,TR,4080.0,NaN,4350.0,NaN,5480.0,NaN,6620.0,NaN,,NaN
A,CP_EUR_HAB,P31_S14,UK,,NaN,,NaN,,NaN,,NaN,,NaN
A,CP_EUR_HAB,P31_S14_S15,AL,3510.0,NaN,3890.0,NaN,4640.0,NaN,,NaN,,NaN
A,CP_EUR_HAB,P31_S14_S15,AT,21150.0,NaN,22530.0,NaN,25290.0,NaN,27050.0,NaN,28070.0,NaN
A,CP_EUR_HAB,P31_S14_S15,BE,20200.0,NaN,21800.0,NaN,24800.0,NaN,26410.0,NaN,27270.0,p
A,CP_EUR_HAB,P31_S14_S15,BG,5480.0,NaN,6350.0,NaN,7710.0,NaN,8450.0,NaN,9320.0,NaN
A,CP_EUR_HAB,P31_S14_S15,CH,39060.0,NaN,39340.0,NaN,44900.0,NaN,47320.0,NaN,49060.0,NaN
A,CP_EUR_HAB,P31_S14_S15,CY,15150.0,NaN,15840.0,NaN,18250.0,NaN,19660.0,NaN,20470.0,p
A,CP_EUR_HAB,P31_S14_S15,CZ,9880.0,NaN,11070.0,NaN,12950.0,NaN,13870.0,NaN,13970.0,NaN
A,CP_EUR_HAB,P31_S14_S15,DE,21290.0,NaN,22460.0,NaN,25370.0,p,26640.0,p,27340.0,p
A,CP_EUR_HAB,P31_S14_S15,DK,25080.0,NaN,26930.0,NaN,28130.0,NaN,28000.0,NaN,28620.0,NaN
A,CP_EUR_HAB,P31_S14_S15,EA,17550.0,NaN,18790.0,NaN,21010.0,NaN,22180.0,NaN,22880.0,NaN
A,CP_EUR_HAB,P31_S14_S15,EA12,17880.0,NaN,19120.0,NaN,21360.0,NaN,22660.0,NaN,23360.0,NaN
A,CP_EUR_HAB,P31_S14_S15,EA19,17550.0,NaN,18790.0,NaN,21010.0,NaN,22290.0,NaN,22990.0,NaN
A,CP_EUR_HAB,P31_S14_S15,EA20,17440.0,NaN,18670.0,NaN,20890.0,NaN,22180.0,NaN,22880.0,NaN
A,CP_EUR_HAB,P31_S14_S15,EE,10650.0,NaN,11910.0,NaN,14390.0,NaN,15060.0,NaN,15480.0,NaN
A,CP_EUR_HAB,P31_S14_S15,EL,11130.0,p,11870.0,p,13880.0,p,14740.0,p,15440.0,p
A,CP_EUR_HAB,P31_S14_S15,ES,13380.0,NaN,14650.0,NaN,16230.0,NaN,17170.0,p,18070.0,p
A,CP_EUR_HAB,P31_S14_S15,EU27_2020,15800.0,b,17010.0,NaN,19020.0,NaN,20230.0,NaN,21020.0,NaN
A,CP_EUR_HAB,P31_S14_S15,FI,21470.0,NaN,22600.0,NaN,24210.0,NaN,25150.0,NaN,25110.0,NaN
A,CP_EUR_HAB,P31_S14_S15,FR,18370.0,NaN,19500.0,NaN,21050.0,NaN,22590.0,p,23270.0,p
A,CP_EUR_HAB,P31_S14_S15,HR,7600.0,NaN,8730.0,NaN,10350.0,NaN,11610.0,NaN,12690.0,p
A,CP_EUR_HAB,P31_S14_S15,HU,7140.0,NaN,7830.0,NaN,8840.0,NaN,10160.0,NaN,11140.0,p
A,CP_EUR_HAB,P31_S14_S15,IE,18830.0,NaN,20880.0,NaN,24350.0,NaN,27130.0,NaN,28620.0,NaN
A,CP_EUR_HAB,P31_S14_S15,IS,27770.0,p,31440.0,p,37290.0,p,37640.0,p,38980.0,p
A,CP_EUR_HAB,P31_S14_S15,IT,16260.0,NaN,17550.0,NaN,19770.0,NaN,20880.0,NaN,21330.0,p
A,CP_EUR_HAB,P31_S14_S15,LT,10020.0,NaN,11340.0,NaN,13560.0,NaN,14500.0,NaN,15060.0,NaN
A,CP_EUR_HAB,P31_S14_S15,LU,31010.0,NaN,34550.0,NaN,38010.0,NaN,40560.0,NaN,42310.0,p
A,CP_EUR_HAB,P31_S14_S15,LV,8520.0,NaN,9530.0,NaN,11390.0,NaN,12190.0,NaN,12730.0,NaN
A,CP_EUR_HAB,P31_S14_S15,ME,5400.0,NaN,5830.0,NaN,7350.0,NaN,8510.0,NaN,9680.0,NaN
A,CP_EUR_HAB,P31_S14_S15,MK,3850.0,e,4370.0,e,5030.0,e,5490.0,e,5740.0,e
A,CP_EUR_HAB,P31_S14_S15,MT,11880.0,NaN,13290.0,NaN,14940.0,NaN,17250.0,NaN,18360.0,NaN
A,CP_EUR_HAB,P31_S14_S15,NL,19990.0,NaN,21700.0,NaN,24710.0,NaN,26350.0,p,27130.0,p
A,CP_EUR_HAB,P31_S14_S15,NO,26080.0,NaN,29590.0,NaN,33680.0,NaN,31060.0,NaN,31650.0,NaN
A,CP_EUR_HAB,P31_S14_S15,PL,8120.0,b,8900.0,NaN,10180.0,b,11520.0,NaN,12970.0,NaN
A,CP_EUR_HAB,P31_S14_S15,PT,12330.0,NaN,13170.0,NaN,14830.0,NaN,15750.0,NaN,16490.0,p
A,CP_EUR_HAB,P31_S14_S15,RO,6970.0,NaN,7740.0,NaN,9310.0,NaN,10370.0,NaN,11600.0,p
A,CP_EUR_HAB,P31_S14_S15,RS,4590.0,NaN,5230.0,NaN,6260.0,NaN,7110.0,p,7840.0,p
A,CP_EUR_HAB,P31_S14_S15,SE,20720.0,NaN,22990.0,NaN,23820.0,NaN,23000.0,NaN,23800.0,NaN
A,CP_EUR_HAB,P31_S14_S15,SI,11130.0,NaN,12780.0,NaN,14550.0,NaN,15570.0,NaN,16450.0,NaN
A,CP_EUR_HAB,P31_S14_S15,SK,9930.0,NaN,10600.0,b,12360.0,NaN,13210.0,NaN,14070.0,NaN
A,CP_EUR_HAB,P31_S14_S15,TR,4110.0,NaN,4380.0,NaN,5510.0,NaN,6660.0,NaN,,NaN
A,CP_EUR_HAB,P31_S14_S15,UK,,NaN,,NaN,,NaN,,NaN,,NaN
A,CP_EUR_HAB,P31_S15,AL,40.0,NaN,50.0,NaN,50.0,NaN,,NaN,,NaN
A,CP_EUR_HAB,P31_S15,AT,830.0,NaN,940.0,NaN,980.0,NaN,1100.0,NaN,1220.0,NaN
A,CP_EUR_HAB,P31_S15,BE,420.0,NaN,460.0,NaN,510.0,NaN,550.0,NaN,590.0,p
A,CP_EUR_HAB,P31_S15,BG,40.0,NaN,50.0,NaN,60.0,NaN,70.0,NaN,70.0,NaN
A,CP_EUR_HAB,P31_S15,CH,1710.0,NaN,1760.0,NaN,1960.0,NaN,2090.0,NaN,,NaN
A,CP_EUR_HAB,P31_S15,CY,240.0,NaN,290.0,NaN,310.0,NaN,330.0,NaN,350.0,p
A,CP_EUR_HAB,P31_S15,CZ,190.0,NaN,220.0,NaN,250.0,NaN,280.0,NaN,310.0,NaN
A,CP_EUR_HAB,P31_S15,DE,650.0,NaN,660.0,NaN,700.0,p,710.0,p,740.0,p
A,CP_EUR_HAB,P31_S15,DK,780.0,NaN,790.0,NaN,860.0,NaN,890.0,NaN,950.0,NaN
A,CP_EUR_HAB,P31_S15,EA,470.0,NaN,500.0,NaN,540.0,NaN,570.0,NaN,590.0,NaN
A,CP_EUR_HAB,P31_S15,EA12,490.0,NaN,510.0,NaN,560.0,NaN,580.0,NaN,610.0,NaN
A,CP_EUR_HAB,P31_S15,EA19,470.0,NaN,500.0,NaN,540.0,NaN,570.0,NaN,590.0,NaN
A,CP_EUR_HAB,P31_S15,EA20,470.0,NaN,500.0,NaN,540.0,NaN,570.0,NaN,590.0,NaN
A,CP_EUR_HAB,P31_S15,EE,370.0,NaN,400.0,NaN,470.0,NaN,510.0,NaN,540.0,NaN
A,CP_EUR_HAB,P31_S15,EL,240.0,p,250.0,p,270.0,p,280.0,p,280.0,p
A,CP_EUR_HAB,P31_S15,ES,270.0,NaN,300.0,NaN,330.0,NaN,350.0,p,360.0,p
A,CP_EUR_HAB,P31_S15,EU27_2020,410.0,b,440.0,NaN,480.0,NaN,510.0,NaN,530.0,NaN
A,CP_EUR_HAB,P31_S15,FI,800.0,NaN,820.0,NaN,940.0,NaN,900.0,NaN,910.0,NaN
A,CP_EUR_HAB,P31_S15,FR,770.0,NaN,820.0,NaN,900.0,NaN,960.0,p,990.0,p
A,CP_EUR_HAB,P31_S15,HR,160.0,NaN,180.0,NaN,210.0,NaN,250.0,NaN,290.0,p
A,CP_EUR_HAB,P31_S15,HU,290.0,NaN,310.0,NaN,360.0,NaN,460.0,NaN,480.0,p
A,CP_EUR_HAB,P31_S15,IE,350.0,NaN,340.0,NaN,360.0,NaN,370.0,NaN,500.0,NaN
A,CP_EUR_HAB,P31_S15,IS,1320.0,p,1500.0,p,1670.0,p,1720.0,p,1810.0,p
A,CP_EUR_HAB,P31_S15,IT,140.0,NaN,150.0,NaN,160.0,NaN,180.0,NaN,190.0,p
A,CP_EUR_HAB,P31_S15,LT,40.0,NaN,40.0,NaN,40.0,NaN,50.0,NaN,60.0,NaN
A,CP_EUR_HAB,P31_S15,LU,2180.0,NaN,2390.0,NaN,2600.0,NaN,2910.0,NaN,3030.0,p
A,CP_EUR_HAB,P31_S15,LV,190.0,NaN,210.0,NaN,230.0,NaN,220.0,NaN,210.0,NaN
A,CP_EUR_HAB,P31_S15,ME,100.0,NaN,110.0,NaN,130.0,NaN,160.0,NaN,170.0,NaN
A,CP_EUR_HAB,P31_S15,MK,50.0,e,60.0,e,70.0,e,80.0,e,90.0,e
A,CP_EUR_HAB,P31_S15,MT,470.0,NaN,520.0,NaN,570.0,NaN,610.0,NaN,680.0,NaN
A,CP_EUR_HAB,P31_S15,NL,380.0,NaN,400.0,NaN,420.0,NaN,440.0,p,460.0,p
A,CP_EUR_HAB,P31_S15,NO,1480.0,NaN,1660.0,NaN,1990.0,NaN,1870.0,NaN,1890.0,NaN
A,CP_EUR_HAB,P31_S15,PL,130.0,b,140.0,NaN,170.0,b,200.0,NaN,240.0,NaN
A,CP_EUR_HAB,P31_S15,PT,320.0,NaN,330.0,NaN,370.0,NaN,410.0,NaN,430.0,p
A,CP_EUR_HAB,P31_S15,RO,100.0,NaN,90.0,NaN,100.0,NaN,120.0,NaN,140.0,p
A,CP_EUR_HAB,P31_S15,RS,70.0,NaN,90.0,NaN,100.0,NaN,110.0,p,120.0,p
A,CP_EUR_HAB,P31_S15,SE,550.0,NaN,610.0,NaN,600.0,NaN,610.0,NaN,650.0,NaN
A,CP_EUR_HAB,P31_S15,SI,200.0,NaN,230.0,NaN,300.0,NaN,320.0,NaN,350.0,NaN
A,CP_EUR_HAB,P31_S15,SK,170.0,NaN,190.0,b,230.0,NaN,280.0,NaN,270.0,NaN
A,CP_EUR_HAB,P31_S15,TR,30.0,NaN,30.0,NaN,30.0,NaN,40.0,NaN,,NaN
A,CP_EUR_HAB,P31_S15,UK,,NaN,,NaN,,NaN,,NaN,,NaN
A,CP_EUR_HAB,P32_S13,AL,350.0,NaN,370.0,NaN,430.0,NaN,,NaN,,NaN
A,CP_EUR_HAB,P32_S13,AT,3310.0,NaN,3430.0,NaN,3550.0,NaN,3820.0,NaN,4150.0,NaN
A,CP_EUR_HAB,P32_S13,BE,3470.0,NaN,3610.0,NaN,3950.0,NaN,4200.0,NaN,4380.0,p
A,CP_EUR_HAB,P32_S13,BG,910.0,NaN,990.0,NaN,1210.0,NaN,1300.0,NaN,1480.0,NaN
A,CP_EUR_HAB,P32_S13,CH,3980.0,NaN,3970.0,NaN,4460.0,NaN,4690.0,NaN,,NaN
A,CP_EUR_HAB,P32_S13,CY,2130.0,NaN,2220.0,NaN,2440.0,NaN,2740.0,NaN,2800.0,p
A,CP_EUR_HAB,P32_S13,CZ,1960.0,NaN,2030.0,NaN,2200.0,NaN,2420.0,NaN,2460.0,NaN
A,CP_EUR_HAB,P32_S13,DE,3500.0,NaN,3690.0,NaN,3950.0,p,4250.0,p,4380.0,p
A,CP_EUR_HAB,P32_S13,DK,3930.0,NaN,4100.0,NaN,4220.0,NaN,4350.0,NaN,4620.0,NaN
A,CP_EUR_HAB,P32_S13,EA,2870.0,NaN,2990.0,NaN,3180.0,NaN,3340.0,NaN,3480.0,NaN
A,CP_EUR_HAB,P32_S13,EA12,2910.0,NaN,3040.0,NaN,3230.0,NaN,3410.0,NaN,3540.0,NaN
A,CP_EUR_HAB,P32_S13,EA19,2870.0,NaN,2990.0,NaN,3180.0,NaN,3360.0,NaN,3490.0,NaN
A,CP_EUR_HAB,P32_S13,EA20,2850.0,NaN,2970.0,NaN,3160.0,NaN,3340.0,NaN,3480.0,NaN
A,CP_EUR_HAB,P32_S13,EE,1870.0,NaN,2000.0,NaN,2220.0,NaN,2420.0,NaN,2550.0,NaN
A,CP_EUR_HAB,P32_S13,EL,1850.0,p,1920.0,p,1980.0,p,2090.0,p,2120.0,p
A,CP_EUR_HAB,P32_S13,ES,2070.0,NaN,2160.0,NaN,2320.0,NaN,2440.0,p,2500.0,p
A,CP_EUR_HAB,P32_S13,EU27_2020,2590.0,b,2710.0,NaN,2890.0,NaN,3080.0,NaN,3250.0,NaN
A,CP_EUR_HAB,P32_S13,FI,3280.0,NaN,3530.0,NaN,3680.0,NaN,3440.0,b,3520.0,NaN
A,CP_EUR_HAB,P32_S13,FR,3100.0,NaN,3180.0,NaN,3390.0,NaN,3530.0,p,3640.0,p
A,CP_EUR_HAB,P32_S13,HR,1530.0,NaN,1670.0,NaN,1780.0,NaN,2070.0,NaN,2420.0,p
A,CP_EUR_HAB,P32_S13,HU,1660.0,NaN,1790.0,NaN,2000.0,NaN,2340.0,NaN,2400.0,p
A,CP_EUR_HAB,P32_S13,IE,3130.0,NaN,3400.0,NaN,3600.0,NaN,3850.0,NaN,4110.0,NaN
A,CP_EUR_HAB,P32_S13,IS,5560.0,p,6080.0,p,6870.0,p,6940.0,p,7270.0,p
A,CP_EUR_HAB,P32_S13,IT,2440.0,NaN,2510.0,NaN,2630.0,NaN,2650.0,NaN,2770.0,p
A,CP_EUR_HAB,P32_S13,LT,1330.0,NaN,1370.0,NaN,1620.0,NaN,1770.0,NaN,2000.0,NaN
A,CP_EUR_HAB,P32_S13,LU,7300.0,NaN,7620.0,NaN,8310.0,NaN,9110.0,NaN,9690.0,p
A,CP_EUR_HAB,P32_S13,LV,1770.0,NaN,1870.0,NaN,2060.0,NaN,2220.0,NaN,2310.0,NaN
A,CP_EUR_HAB,P32_S13,ME,770.0,NaN,740.0,NaN,780.0,NaN,910.0,NaN,980.0,NaN
A,CP_EUR_HAB,P32_S13,MK,420.0,e,520.0,e,580.0,e,630.0,e,750.0,e
A,CP_EUR_HAB,P32_S13,MT,2200.0,NaN,2310.0,NaN,2440.0,NaN,2550.0,NaN,2820.0,NaN
A,CP_EUR_HAB,P32_S13,NL,3860.0,NaN,4060.0,NaN,4340.0,NaN,4780.0,p,5260.0,p
A,CP_EUR_HAB,P32_S13,NO,5260.0,NaN,5850.0,NaN,6190.0,NaN,5940.0,NaN,6120.0,NaN
A,CP_EUR_HAB,P32_S13,PL,1230.0,b,1270.0,NaN,1410.0,b,1700.0,NaN,2080.0,NaN
A,CP_EUR_HAB,P32_S13,PT,1600.0,NaN,1590.0,NaN,1650.0,NaN,1780.0,NaN,1830.0,p
A,CP_EUR_HAB,P32_S13,RO,1190.0,NaN,1230.0,NaN,1320.0,NaN,1570.0,NaN,1940.0,p
A,CP_EUR_HAB,P32_S13,RS,640.0,NaN,730.0,NaN,810.0,NaN,880.0,p,1000.0,p
A,CP_EUR_HAB,P32_S13,SE,3210.0,NaN,3500.0,NaN,3680.0,NaN,3690.0,NaN,3890.0,NaN
A,CP_EUR_HAB,P32_S13,SI,1790.0,NaN,1980.0,NaN,2030.0,NaN,2300.0,NaN,2420.0,NaN
A,CP_EUR_HAB,P32_S13,SK,2040.0,NaN,2140.0,b,2230.0,NaN,2370.0,NaN,2630.0,NaN
A,CP_EUR_HAB,P32_S13,TR,450.0,NaN,410.0,NaN,510.0,NaN,660.0,NaN,,NaN
A,CP_EUR_HAB,P32_S13,UK,,NaN,,NaN,,NaN,,NaN,,NaN
A,CP_EUR_HAB,P3_S13,AL,640.0,NaN,700.0,NaN,790.0,NaN,,NaN,,NaN
A,CP_EUR_HAB,P3_S13,AT,9090.0,NaN,9900.0,NaN,10190.0,NaN,10770.0,NaN,11630.0,NaN
A,CP_EUR_HAB,P3_S13,BE,9740.0,NaN,10380.0,NaN,11270.0,NaN,11960.0,NaN,12480.0,p
A,CP_EUR_HAB,P3_S13,BG,1820.0,NaN,2070.0,NaN,2430.0,NaN,2710.0,NaN,3210.0,NaN
A,CP_EUR_HAB,P3_S13,CH,9130.0,NaN,9430.0,NaN,10150.0,NaN,10800.0,NaN,11230.0,NaN
A,CP_EUR_HAB,P3_S13,CY,4730.0,NaN,5230.0,NaN,5680.0,NaN,6250.0,NaN,6580.0,p
A,CP_EUR_HAB,P3_S13,CZ,4500.0,NaN,4900.0,NaN,5230.0,NaN,5750.0,NaN,5880.0,NaN
A,CP_EUR_HAB,P3_S13,DE,9360.0,NaN,9970.0,NaN,10520.0,p,10870.0,p,11400.0,p
A,CP_EUR_HAB,P3_S13,DK,13260.0,NaN,14090.0,NaN,14210.0,NaN,14370.0,NaN,15080.0,NaN
A,CP_EUR_HAB,P3_S13,EA,7620.0,NaN,8100.0,NaN,8520.0,NaN,8860.0,NaN,9290.0,NaN
A,CP_EUR_HAB,P3_S13,EA12,7790.0,NaN,8280.0,NaN,8700.0,NaN,9090.0,NaN,9510.0,NaN
A,CP_EUR_HAB,P3_S13,EA19,7620.0,NaN,8100.0,NaN,8520.0,NaN,8910.0,NaN,9340.0,NaN
A,CP_EUR_HAB,P3_S13,EA20,7570.0,NaN,8050.0,NaN,8470.0,NaN,8860.0,NaN,9290.0,NaN
A,CP_EUR_HAB,P3_S13,EE,4320.0,NaN,4710.0,NaN,5220.0,NaN,5710.0,NaN,6100.0,NaN
A,CP_EUR_HAB,P3_S13,EL,3570.0,p,3740.0,p,3890.0,p,4140.0,p,4180.0,p
A,CP_EUR_HAB,P3_S13,ES,5190.0,NaN,5480.0,NaN,5770.0,NaN,6080.0,p,6300.0,p
A,CP_EUR_HAB,P3_S13,EU27_2020,6860.0,b,7310.0,NaN,7690.0,NaN,8100.0,NaN,8570.0,NaN
A,CP_EUR_HAB,P3_S13,FI,10440.0,NaN,11140.0,NaN,11570.0,NaN,12570.0,NaN,12800.0,NaN
A,CP_EUR_HAB,P3_S13,FR,8690.0,NaN,9200.0,NaN,9580.0,NaN,9980.0,p,10300.0,p
A,CP_EUR_HAB,P3_S13,HR,3230.0,NaN,3480.0,NaN,3700.0,NaN,4290.0,NaN,5120.0,p
A,CP_EUR_HAB,P3_S13,HU,3050.0,NaN,3350.0,NaN,3630.0,NaN,4200.0,NaN,4430.0,p
A,CP_EUR_HAB,P3_S13,IE,9540.0,NaN,10310.0,NaN,10990.0,NaN,11980.0,NaN,12610.0,NaN
A,CP_EUR_HAB,P3_S13,IS,15220.0,p,16840.0,p,19160.0,p,19470.0,p,20590.0,p
A,CP_EUR_HAB,P3_S13,IT,5820.0,NaN,6120.0,NaN,6380.0,NaN,6490.0,NaN,6740.0,p
A,CP_EUR_HAB,P3_S13,LT,3290.0,NaN,3550.0,NaN,4050.0,NaN,4520.0,NaN,5150.0,NaN
A,CP_EUR_HAB,P3_S13,LU,18830.0,NaN,19660.0,NaN,21150.0,NaN,22630.0,NaN,24200.0,p
A,CP_EUR_HAB,P3_S13,LV,3220.0,NaN,3730.0,NaN,3960.0,NaN,4420.0,NaN,4730.0,NaN
A,CP_EUR_HAB,P3_S13,ME,1570.0,NaN,1580.0,NaN,1720.0,NaN,2030.0,NaN,2160.0,NaN
A,CP_EUR_HAB,P3_S13,MK,980.0,e,1020.0,e,1090.0,e,1200.0,e,1340.0,e
A,CP_EUR_HAB,P3_S13,MT,5490.0,NaN,5900.0,NaN,5960.0,NaN,6210.0,NaN,6860.0,NaN
A,CP_EUR_HAB,P3_S13,NL,12030.0,NaN,12910.0,NaN,13670.0,NaN,14760.0,p,16100.0,p
A,CP_EUR_HAB,P3_S13,NO,15680.0,NaN,17660.0,NaN,18770.0,NaN,17700.0,NaN,18270.0,NaN
A,CP_EUR_HAB,P3_S13,PL,2700.0,b,2920.0,NaN,3170.0,b,3790.0,NaN,4710.0,NaN
A,CP_EUR_HAB,P3_S13,PT,3660.0,NaN,3860.0,NaN,4060.0,NaN,4270.0,NaN,4570.0,p
A,CP_EUR_HAB,P3_S13,RO,2150.0,NaN,2240.0,NaN,2450.0,NaN,2900.0,NaN,3440.0,p
A,CP_EUR_HAB,P3_S13,RS,1380.0,NaN,1540.0,NaN,1750.0,NaN,1940.0,p,2210.0,p
A,CP_EUR_HAB,P3_S13,SE,12290.0,NaN,13340.0,NaN,13380.0,NaN,13340.0,NaN,13950.0,NaN
A,CP_EUR_HAB,P3_S13,SI,4610.0,NaN,5140.0,NaN,5260.0,NaN,5800.0,NaN,6460.0,NaN
A,CP_EUR_HAB,P3_S13,SK,3670.0,NaN,3970.0,b,4280.0,NaN,4600.0,NaN,5040.0,NaN
A,CP_EUR_HAB,P3_S13,TR,1150.0,NaN,1100.0,NaN,1220.0,NaN,1630.0,NaN,,NaN
A,CP_EUR_HAB,P3_S13,UK,,NaN,,NaN,,NaN,,NaN,,NaN
A,CP_EUR_HAB,P41,AL,3810.0,NaN,4220.0,NaN,5010.0,NaN,,NaN,,NaN
A,CP_EUR_HAB,P41,AT,26930.0,NaN,29010.0,NaN,31930.0,NaN,34000.0,NaN,35540.0,NaN
A,CP_EUR_HAB,P41,BE,26470.0,NaN,28570.0,NaN,32120.0,NaN,34170.0,NaN,35360.0,p
A,CP_EUR_HAB,P41,BG,6390.0,NaN,7430.0,NaN,8940.0,NaN,9860.0,NaN,11050.0,NaN
A,CP_EUR_HAB,P41,CH,44210.0,NaN,44800.0,NaN,50600.0,NaN,53440.0,NaN,,NaN
A,CP_EUR_HAB,P41,CY,17750.0,NaN,18850.0,NaN,21490.0,NaN,23170.0,NaN,24250.0,p
A,CP_EUR_HAB,P41,CZ,12420.0,NaN,13930.0,NaN,15980.0,NaN,17200.0,NaN,17390.0,NaN
A,CP_EUR_HAB,P41,DE,27160.0,NaN,28730.0,NaN,31950.0,p,33260.0,p,34360.0,p
A,CP_EUR_HAB,P41,DK,34400.0,NaN,36920.0,NaN,38120.0,NaN,38020.0,NaN,39080.0,NaN
A,CP_EUR_HAB,P41,EA,22300.0,NaN,23900.0,NaN,26360.0,NaN,27690.0,NaN,28690.0,NaN
A,CP_EUR_HAB,P41,EA12,22760.0,NaN,24370.0,NaN,26840.0,NaN,28340.0,NaN,29330.0,NaN
A,CP_EUR_HAB,P41,EA19,22300.0,NaN,23900.0,NaN,26360.0,NaN,27850.0,NaN,28840.0,NaN
A,CP_EUR_HAB,P41,EA20,22150.0,NaN,23750.0,NaN,26200.0,NaN,27690.0,NaN,28690.0,NaN
A,CP_EUR_HAB,P41,EE,13100.0,NaN,14630.0,NaN,17390.0,NaN,18340.0,NaN,19030.0,NaN
A,CP_EUR_HAB,P41,EL,12840.0,p,13690.0,p,15800.0,p,16790.0,p,17500.0,p
A,CP_EUR_HAB,P41,ES,16500.0,NaN,17970.0,NaN,19690.0,NaN,20800.0,p,21860.0,p
A,CP_EUR_HAB,P41,EU27_2020,20070.0,b,21610.0,NaN,23820.0,NaN,25250.0,NaN,26350.0,NaN
A,CP_EUR_HAB,P41,FI,28630.0,NaN,30210.0,NaN,32100.0,NaN,34270.0,NaN,34390.0,NaN
A,CP_EUR_HAB,P41,FR,23950.0,NaN,25530.0,NaN,27240.0,NaN,29040.0,p,29930.0,p
A,CP_EUR_HAB,P41,HR,9300.0,NaN,10540.0,NaN,12280.0,NaN,13830.0,NaN,15390.0,p
A,CP_EUR_HAB,P41,HU,8530.0,NaN,9380.0,NaN,10470.0,NaN,12030.0,NaN,13170.0,p
A,CP_EUR_HAB,P41,IE,25240.0,NaN,27780.0,NaN,31740.0,NaN,35270.0,NaN,37120.0,NaN
A,CP_EUR_HAB,P41,IS,37430.0,p,42200.0,p,49570.0,p,50170.0,p,52300.0,p
A,CP_EUR_HAB,P41,IT,19640.0,NaN,21150.0,NaN,23520.0,NaN,24730.0,NaN,25310.0,p
A,CP_EUR_HAB,P41,LT,11980.0,NaN,13510.0,NaN,15990.0,NaN,17250.0,NaN,18210.0,NaN
A,CP_EUR_HAB,P41,LU,42550.0,NaN,46580.0,NaN,50860.0,NaN,54070.0,NaN,56820.0,p
A,CP_EUR_HAB,P41,LV,9980.0,NaN,11390.0,NaN,13290.0,NaN,14390.0,NaN,15160.0,NaN
A,CP_EUR_HAB,P41,ME,6200.0,NaN,6670.0,NaN,8300.0,NaN,9620.0,NaN,10860.0,NaN
A,CP_EUR_HAB,P41,MK,4410.0,e,4860.0,e,5540.0,e,6060.0,e,6330.0,e
A,CP_EUR_HAB,P41,MT,15170.0,NaN,16880.0,NaN,18460.0,NaN,20910.0,NaN,22400.0,NaN
A,CP_EUR_HAB,P41,NL,28160.0,NaN,30550.0,NaN,34040.0,NaN,36330.0,p,37970.0,p
A,CP_EUR_HAB,P41,NO,36500.0,NaN,41400.0,NaN,46260.0,NaN,42830.0,NaN,43800.0,NaN
A,CP_EUR_HAB,P41,PL,9580.0,b,10550.0,NaN,11940.0,b,13610.0,NaN,15600.0,NaN
A,CP_EUR_HAB,P41,PT,14380.0,NaN,15430.0,NaN,17230.0,NaN,18240.0,NaN,19220.0,p
A,CP_EUR_HAB,P41,RO,7930.0,NaN,8750.0,NaN,10450.0,NaN,11700.0,NaN,13100.0,p
A,CP_EUR_HAB,P41,RS,5330.0,NaN,6040.0,NaN,7200.0,NaN,8170.0,p,9050.0,p
A,CP_EUR_HAB,P41,SE,29800.0,NaN,32830.0,NaN,33520.0,NaN,32650.0,NaN,33850.0,NaN
A,CP_EUR_HAB,P41,SI,13950.0,NaN,15940.0,NaN,17770.0,NaN,19070.0,NaN,20500.0,NaN
A,CP_EUR_HAB,P41,SK,11560.0,NaN,12420.0,b,14410.0,NaN,15440.0,NaN,16480.0,NaN
A,CP_EUR_HAB,P41,TR,4810.0,NaN,5060.0,NaN,6220.0,NaN,7630.0,NaN,,NaN
A,CP_EUR_HAB,P41,UK,,NaN,,NaN,,NaN,,NaN,,NaN
A,CP_NAC_HAB,B1GQ,AL,583540.0,NaN,663900.0,NaN,773930.0,NaN,,NaN,,NaN
A,CP_NAC_HAB,B1GQ,AT,42650.0,NaN,45380.0,NaN,49640.0,NaN,52330.0,NaN,53830.0,NaN
A,CP_NAC_HAB,B1GQ,BE,40190.0,NaN,43680.0,NaN,48060.0,NaN,51140.0,NaN,52370.0,p
A,CP_NAC_HAB,B1GQ,BG,18470.0,NaN,21440.0,NaN,26040.0,NaN,28680.0,NaN,31810.0,NaN
A,CP_NAC_HAB,B1GQ,CH,80590.0,NaN,85560.0,NaN,90080.0,NaN,90140.0,NaN,91460.0,NaN
A,CP_NAC_HAB,B1GQ,CY,24630.0,NaN,27850.0,NaN,31560.0,NaN,33870.0,NaN,35730.0,p
A,CP_NAC_HAB,B1GQ,CZ,554960.0,NaN,600690.0,NaN,655220.0,NaN,704140.0,NaN,739500.0,NaN
A,CP_NAC_HAB,B1GQ,DE,42020.0,NaN,44910.0,NaN,48340.0,p,50660.0,p,51830.0,p
A,CP_NAC_HAB,B1GQ,DK,399090.0,NaN,436130.0,NaN,479360.0,NaN,468720.0,NaN,489710.0,NaN
A,CP_NAC_HAB,B1GQ,EA,33840.0,NaN,36750.0,NaN,39850.0,NaN,41950.0,NaN,43400.0,NaN
A,CP_NAC_HAB,B1GQ,EA12,34530.0,NaN,37460.0,NaN,40610.0,NaN,42950.0,NaN,44400.0,NaN
A,CP_NAC_HAB,B1GQ,EA19,33840.0,NaN,36750.0,NaN,39850.0,NaN,42190.0,NaN,43640.0,NaN
A,CP_NAC_HAB,B1GQ,EA20,33610.0,NaN,36500.0,NaN,39610.0,NaN,41950.0,NaN,43400.0,NaN
A,CP_NAC_HAB,B1GQ,EE,20960.0,NaN,23650.0,NaN,27260.0,NaN,28080.0,NaN,28990.0,NaN
A,CP_NAC_HAB,B1GQ,EL,15660.0,p,17350.0,p,19570.0,p,21300.0,p,22480.0,p
A,CP_NAC_HAB,B1GQ,ES,23850.0,NaN,26090.0,NaN,28790.0,NaN,30980.0,p,32630.0,p
A,CP_NAC_HAB,B1GQ,EU27_2020,30510.0,b,33260.0,NaN,36140.0,NaN,38380.0,NaN,39940.0,NaN
A,CP_NAC_HAB,B1GQ,FI,42740.0,NaN,44890.0,NaN,47890.0,NaN,48920.0,NaN,49100.0,NaN
A,CP_NAC_HAB,B1GQ,FR,34280.0,NaN,36920.0,NaN,38920.0,NaN,41340.0,p,42590.0,p
A,CP_NAC_HAB,B1GQ,HR,12980.0,NaN,15060.0,NaN,17540.0,NaN,20530.0,NaN,22200.0,p
A,CP_NAC_HAB,B1GQ,HU,5047120.0,NaN,5768960.0,NaN,6866210.0,NaN,7849380.0,NaN,8517780.0,p
A,CP_NAC_HAB,B1GQ,IE,75820.0,NaN,88070.0,NaN,100140.0,NaN,99080.0,NaN,104510.0,NaN
A,CP_NAC_HAB,B1GQ,IS,8377240.0,p,9213320.0,p,10660870.0,p,11514470.0,p,11867100.0,p
A,CP_NAC_HAB,B1GQ,IT,28100.0,NaN,31160.0,NaN,33860.0,NaN,36330.0,NaN,37310.0,p
A,CP_NAC_HAB,B1GQ,LI,152510.0,NaN,182120.0,NaN,174110.0,p,181620.0,e,,NaN
A,CP_NAC_HAB,B1GQ,LT,17890.0,NaN,20190.0,NaN,23690.0,NaN,25880.0,NaN,27350.0,NaN
A,CP_NAC_HAB,B1GQ,LU,102190.0,NaN,113920.0,NaN,117100.0,NaN,122970.0,NaN,127030.0,p
A,CP_NAC_HAB,B1GQ,LV,15370.0,NaN,17130.0,NaN,19130.0,NaN,21030.0,NaN,21640.0,NaN
A,CP_NAC_HAB,B1GQ,ME,6610.0,NaN,7880.0,NaN,9530.0,NaN,11340.0,NaN,12260.0,NaN
A,CP_NAC_HAB,B1GQ,MK,359970.0,e,397060.0,e,445530.0,e,493980.0,e,528450.0,e
A,CP_NAC_HAB,B1GQ,MT,27870.0,NaN,32210.0,NaN,33790.0,NaN,37770.0,NaN,40530.0,NaN
A,CP_NAC_HAB,B1GQ,NL,46810.0,NaN,50850.0,NaN,56140.0,NaN,58740.0,p,62380.0,p
A,CP_NAC_HAB,B1GQ,NO,643540.0,NaN,799540.0,NaN,1050560.0,NaN,924200.0,NaN,932630.0,NaN
A,CP_NAC_HAB,B1GQ,PL,63580.0,b,71990.0,NaN,82080.0,b,90760.0,NaN,97360.0,NaN
A,CP_NAC_HAB,B1GQ,PT,19360.0,NaN,20800.0,NaN,23300.0,NaN,25560.0,NaN,27060.0,p
A,CP_NAC_HAB,B1GQ,RO,55120.0,NaN,61960.0,NaN,72670.0,NaN,83440.0,NaN,92320.0,p
A,CP_NAC_HAB,B1GQ,RS,835490.0,NaN,962210.0,NaN,1119390.0,NaN,1331370.0,p,1480040.0,p
A,CP_NAC_HAB,B1GQ,SE,484170.0,NaN,520150.0,NaN,552510.0,NaN,579580.0,NaN,600120.0,NaN
A,CP_NAC_HAB,B1GQ,SI,22230.0,NaN,24690.0,NaN,26970.0,NaN,30200.0,NaN,31700.0,NaN
A,CP_NAC_HAB,B1GQ,SK,17270.0,NaN,18730.0,b,20150.0,NaN,22640.0,NaN,23850.0,NaN
A,CP_NAC_HAB,B1GQ,TR,61660.0,NaN,88340.0,NaN,180350.0,NaN,317510.0,NaN,,NaN
A,CP_NAC_HAB,B1GQ,UK,,NaN,,NaN,,NaN,,NaN,,NaN
A,CP_NAC_HAB,P3,AL,514800.0,NaN,562010.0,NaN,646240.0,NaN,,NaN,,NaN
A,CP_NAC_HAB,P3,AT,30240.0,NaN,32430.0,NaN,35490.0,NaN,37820.0,NaN,39690.0,NaN
A,CP_NAC_HAB,P3,BE,29940.0,NaN,32180.0,NaN,36070.0,NaN,38370.0,NaN,39740.0,p
A,CP_NAC_HAB,P3,BG,14280.0,NaN,16470.0,NaN,19840.0,NaN,21820.0,NaN,24510.0,NaN
A,CP_NAC_HAB,P3,CH,51590.0,NaN,52720.0,NaN,55310.0,NaN,56490.0,NaN,57430.0,NaN
A,CP_NAC_HAB,P3,CY,19880.0,NaN,21070.0,NaN,23930.0,NaN,25910.0,NaN,27040.0,p
A,CP_NAC_HAB,P3,CZ,380310.0,NaN,409370.0,NaN,446590.0,NaN,470840.0,NaN,498750.0,NaN
A,CP_NAC_HAB,P3,DE,30660.0,NaN,32430.0,NaN,35890.0,p,37510.0,p,38730.0,p
A,CP_NAC_HAB,P3,DK,285740.0,NaN,305060.0,NaN,314980.0,NaN,315690.0,NaN,325920.0,NaN
A,CP_NAC_HAB,P3,EA,25170.0,NaN,26890.0,NaN,29540.0,NaN,31040.0,NaN,32170.0,NaN
A,CP_NAC_HAB,P3,EA12,25670.0,NaN,27400.0,NaN,30070.0,NaN,31750.0,NaN,32870.0,NaN
A,CP_NAC_HAB,P3,EA19,25170.0,NaN,26890.0,NaN,29540.0,NaN,31210.0,NaN,32330.0,NaN
A,CP_NAC_HAB,P3,EA20,25000.0,NaN,26720.0,NaN,29360.0,NaN,31040.0,NaN,32170.0,NaN
A,CP_NAC_HAB,P3,EE,14970.0,NaN,16620.0,NaN,19610.0,NaN,20760.0,NaN,21580.0,NaN
A,CP_NAC_HAB,P3,EL,14700.0,p,15610.0,p,17780.0,p,18880.0,p,19620.0,p
A,CP_NAC_HAB,P3,ES,18570.0,NaN,20130.0,NaN,22010.0,NaN,23250.0,p,24370.0,p
A,CP_NAC_HAB,P3,EU27_2020,22660.0,b,24320.0,NaN,26710.0,NaN,28330.0,NaN,29600.0,NaN
A,CP_NAC_HAB,P3,FI,31910.0,NaN,33740.0,NaN,35780.0,NaN,37710.0,NaN,37910.0,NaN
A,CP_NAC_HAB,P3,FR,27050.0,NaN,28710.0,NaN,30630.0,NaN,32570.0,p,33570.0,p
A,CP_NAC_HAB,P3,HR,10830.0,NaN,12190.0,NaN,14060.0,NaN,15900.0,NaN,17810.0,p
A,CP_NAC_HAB,P3,HU,3577730.0,NaN,4005290.0,NaN,4881530.0,NaN,5485500.0,NaN,6155220.0,p
A,CP_NAC_HAB,P3,IE,28370.0,NaN,31180.0,NaN,35340.0,NaN,39110.0,NaN,41230.0,NaN
A,CP_NAC_HAB,P3,IS,6645760.0,p,7249240.0,p,8029160.0,p,8516330.0,p,8894570.0,p
A,CP_NAC_HAB,P3,IT,22080.0,NaN,23670.0,NaN,26150.0,NaN,27380.0,NaN,28070.0,p
A,CP_NAC_HAB,P3,LT,13310.0,NaN,14890.0,NaN,17610.0,NaN,19020.0,NaN,20210.0,NaN
A,CP_NAC_HAB,P3,LU,49850.0,NaN,54210.0,NaN,59170.0,NaN,63180.0,NaN,66510.0,p
A,CP_NAC_HAB,P3,LV,11750.0,NaN,13270.0,NaN,15350.0,NaN,16610.0,NaN,17460.0,NaN
A,CP_NAC_HAB,P3,ME,6960.0,NaN,7400.0,NaN,9070.0,NaN,10530.0,NaN,11840.0,NaN
A,CP_NAC_HAB,P3,MK,297990.0,e,331990.0,e,376740.0,e,411840.0,e,435290.0,e
A,CP_NAC_HAB,P3,MT,17370.0,NaN,19190.0,NaN,20900.0,NaN,23460.0,NaN,25220.0,NaN
A,CP_NAC_HAB,P3,NL,32020.0,NaN,34610.0,NaN,38380.0,NaN,41110.0,p,43230.0,p
A,CP_NAC_HAB,P3,NO,447780.0,NaN,480220.0,NaN,529820.0,NaN,557150.0,NaN,580510.0,NaN
A,CP_NAC_HAB,P3,PL,48030.0,b,53980.0,NaN,62590.0,b,69520.0,NaN,76130.0,NaN
A,CP_NAC_HAB,P3,PT,15990.0,NaN,17020.0,NaN,18880.0,NaN,20020.0,NaN,21050.0,p
A,CP_NAC_HAB,P3,RO,44150.0,NaN,49110.0,NaN,58040.0,NaN,65650.0,NaN,74790.0,p
A,CP_NAC_HAB,P3,RS,701950.0,NaN,795900.0,NaN,940880.0,NaN,1061460.0,p,1177090.0,p
A,CP_NAC_HAB,P3,SE,346080.0,NaN,368630.0,NaN,395410.0,NaN,417100.0,NaN,431530.0,NaN
A,CP_NAC_HAB,P3,SI,15740.0,NaN,17920.0,NaN,19800.0,NaN,21380.0,NaN,22910.0,NaN
A,CP_NAC_HAB,P3,SK,13600.0,NaN,14560.0,b,16650.0,NaN,17810.0,NaN,19110.0,NaN
A,CP_NAC_HAB,P3,TR,42400.0,NaN,57530.0,NaN,117250.0,NaN,213580.0,NaN,,NaN
A,CP_NAC_HAB,P3,UK,,NaN,,NaN,,NaN,,NaN,,NaN
A,CP_NAC_HAB,P31_S13,AL,36120.0,NaN,40400.0,NaN,43410.0,NaN,,NaN,,NaN
A,CP_NAC_HAB,P31_S13,AT,5780.0,NaN,6470.0,NaN,6640.0,NaN,6950.0,NaN,7480.0,NaN
A,CP_NAC_HAB,P31_S13,BE,6270.0,NaN,6770.0,NaN,7320.0,NaN,7750.0,NaN,8100.0,p
A,CP_NAC_HAB,P31_S13,BG,1790.0,NaN,2120.0,NaN,2400.0,NaN,2760.0,NaN,3390.0,NaN
A,CP_NAC_HAB,P31_S13,CH,5510.0,NaN,5900.0,NaN,5720.0,NaN,5940.0,NaN,,NaN
A,CP_NAC_HAB,P31_S13,CY,2590.0,NaN,3010.0,NaN,3240.0,NaN,3510.0,NaN,3780.0,p
A,CP_NAC_HAB,P31_S13,CZ,67250.0,NaN,73440.0,NaN,74390.0,NaN,79890.0,NaN,85950.0,NaN
A,CP_NAC_HAB,P31_S13,DE,5870.0,NaN,6270.0,NaN,6570.0,p,6620.0,p,7020.0,p
A,CP_NAC_HAB,P31_S13,DK,69550.0,NaN,74310.0,NaN,74370.0,NaN,74620.0,NaN,78000.0,NaN
A,CP_NAC_HAB,P31_S13,EA,4750.0,NaN,5110.0,NaN,5340.0,NaN,5520.0,NaN,5810.0,NaN
A,CP_NAC_HAB,P31_S13,EA12,4880.0,NaN,5240.0,NaN,5480.0,NaN,5690.0,NaN,5970.0,NaN
A,CP_NAC_HAB,P31_S13,EA19,4750.0,NaN,5110.0,NaN,5340.0,NaN,5560.0,NaN,5840.0,NaN
A,CP_NAC_HAB,P31_S13,EA20,4720.0,NaN,5080.0,NaN,5310.0,NaN,5520.0,NaN,5810.0,NaN
A,CP_NAC_HAB,P31_S13,EE,2450.0,NaN,2710.0,NaN,3000.0,NaN,3290.0,NaN,3550.0,NaN
A,CP_NAC_HAB,P31_S13,EL,1720.0,p,1820.0,p,1920.0,p,2050.0,p,2060.0,p
A,CP_NAC_HAB,P31_S13,ES,3120.0,NaN,3320.0,NaN,3460.0,NaN,3640.0,p,3800.0,p
A,CP_NAC_HAB,P31_S13,EU27_2020,4260.0,b,4610.0,NaN,4800.0,NaN,5020.0,NaN,5330.0,NaN
A,CP_NAC_HAB,P31_S13,FI,7160.0,NaN,7610.0,NaN,7890.0,NaN,9120.0,b,9280.0,NaN
A,CP_NAC_HAB,P31_S13,FR,5590.0,NaN,6030.0,NaN,6190.0,NaN,6440.0,p,6660.0,p
A,CP_NAC_HAB,P31_S13,HR,1700.0,NaN,1810.0,NaN,1920.0,NaN,2220.0,NaN,2690.0,p
A,CP_NAC_HAB,P31_S13,HU,487550.0,NaN,557550.0,NaN,637020.0,NaN,712970.0,NaN,803250.0,p
A,CP_NAC_HAB,P31_S13,IE,6410.0,NaN,6910.0,NaN,7390.0,NaN,8130.0,NaN,8500.0,NaN
A,CP_NAC_HAB,P31_S13,IS,1493050.0,p,1616370.0,p,1746930.0,p,1869180.0,p,1989300.0,p
A,CP_NAC_HAB,P31_S13,IT,3380.0,NaN,3600.0,NaN,3750.0,NaN,3850.0,NaN,3980.0,p
A,CP_NAC_HAB,P31_S13,LT,1960.0,NaN,2170.0,NaN,2430.0,NaN,2750.0,NaN,3150.0,NaN
A,CP_NAC_HAB,P31_S13,LU,11530.0,NaN,12030.0,NaN,12840.0,NaN,13520.0,NaN,14510.0,p
A,CP_NAC_HAB,P31_S13,LV,1460.0,NaN,1860.0,NaN,1910.0,NaN,2200.0,NaN,2430.0,NaN
A,CP_NAC_HAB,P31_S13,ME,800.0,NaN,840.0,NaN,950.0,NaN,1120.0,NaN,1180.0,NaN
A,CP_NAC_HAB,P31_S13,MK,34370.0,e,30700.0,e,31310.0,e,34840.0,e,35970.0,e
A,CP_NAC_HAB,P31_S13,MT,3280.0,NaN,3600.0,NaN,3520.0,NaN,3660.0,NaN,4040.0,NaN
A,CP_NAC_HAB,P31_S13,NL,8160.0,NaN,8850.0,NaN,9320.0,NaN,9980.0,p,10840.0,p
A,CP_NAC_HAB,P31_S13,NO,111770.0,NaN,120040.0,NaN,127120.0,NaN,134370.0,NaN,141310.0,NaN
A,CP_NAC_HAB,P31_S13,PL,6510.0,b,7530.0,NaN,8240.0,b,9480.0,NaN,11310.0,NaN
A,CP_NAC_HAB,P31_S13,PT,2050.0,NaN,2260.0,NaN,2400.0,NaN,2490.0,NaN,2730.0,p
A,CP_NAC_HAB,P31_S13,RO,4630.0,NaN,4970.0,NaN,5590.0,NaN,6580.0,NaN,7450.0,p
A,CP_NAC_HAB,P31_S13,RS,86510.0,NaN,95230.0,NaN,110750.0,NaN,124340.0,p,141320.0,p
A,CP_NAC_HAB,P31_S13,SE,95200.0,NaN,99900.0,NaN,103110.0,NaN,110780.0,NaN,114940.0,NaN
A,CP_NAC_HAB,P31_S13,SI,2810.0,NaN,3160.0,NaN,3220.0,NaN,3500.0,NaN,4050.0,NaN
A,CP_NAC_HAB,P31_S13,SK,1630.0,NaN,1820.0,b,2050.0,NaN,2230.0,NaN,2410.0,NaN
A,CP_NAC_HAB,P31_S13,TR,5640.0,NaN,7180.0,NaN,12430.0,NaN,24910.0,NaN,,NaN
A,CP_NAC_HAB,P31_S13,UK,,NaN,,NaN,,NaN,,NaN,,NaN
A,CP_NAC_HAB,P31_S14,AL,429970.0,NaN,470070.0,NaN,545780.0,NaN,,NaN,,NaN
A,CP_NAC_HAB,P31_S14,AT,20320.0,NaN,21590.0,NaN,24310.0,NaN,25950.0,NaN,26850.0,NaN
A,CP_NAC_HAB,P31_S14,BE,19780.0,NaN,21340.0,NaN,24290.0,NaN,25860.0,NaN,26680.0,p
A,CP_NAC_HAB,P31_S14,BG,10630.0,NaN,12330.0,NaN,14960.0,NaN,16400.0,NaN,18090.0,NaN
A,CP_NAC_HAB,P31_S14,CH,39990.0,NaN,40620.0,NaN,43140.0,NaN,43960.0,NaN,,NaN
A,CP_NAC_HAB,P31_S14,CY,14910.0,NaN,15550.0,NaN,17940.0,NaN,19330.0,NaN,20110.0,p
A,CP_NAC_HAB,P31_S14,CZ,256320.0,NaN,278180.0,NaN,312140.0,NaN,326210.0,NaN,343210.0,NaN
A,CP_NAC_HAB,P31_S14,DE,20650.0,NaN,21800.0,NaN,24670.0,p,25930.0,p,26600.0,p
A,CP_NAC_HAB,P31_S14,DK,181140.0,NaN,194380.0,NaN,202850.0,NaN,201990.0,NaN,206380.0,NaN
A,CP_NAC_HAB,P31_S14,EA,17080.0,NaN,18290.0,NaN,20470.0,NaN,21610.0,NaN,22290.0,NaN
A,CP_NAC_HAB,P31_S14,EA12,17390.0,NaN,18610.0,NaN,20810.0,NaN,22070.0,NaN,22750.0,NaN
A,CP_NAC_HAB,P31_S14,EA19,17080.0,NaN,18290.0,NaN,20470.0,NaN,21720.0,NaN,22400.0,NaN
A,CP_NAC_HAB,P31_S14,EA20,16970.0,NaN,18180.0,NaN,20360.0,NaN,21610.0,NaN,22290.0,NaN
A,CP_NAC_HAB,P31_S14,EE,10290.0,NaN,11510.0,NaN,13920.0,NaN,14550.0,NaN,14940.0,NaN
A,CP_NAC_HAB,P31_S14,EL,10890.0,p,11630.0,p,13610.0,p,14460.0,p,15150.0,p
A,CP_NAC_HAB,P31_S14,ES,13110.0,NaN,14350.0,NaN,15900.0,NaN,16820.0,p,17710.0,p
A,CP_NAC_HAB,P31_S14,EU27_2020,15390.0,b,16570.0,NaN,18540.0,NaN,19720.0,NaN,20490.0,NaN
A,CP_NAC_HAB,P31_S14,FI,20670.0,NaN,21790.0,NaN,23270.0,NaN,24240.0,NaN,24210.0,NaN
A,CP_NAC_HAB,P31_S14,FR,17600.0,NaN,18680.0,NaN,20150.0,NaN,21640.0,p,22280.0,p
A,CP_NAC_HAB,P31_S14,HR,7440.0,NaN,8540.0,NaN,10140.0,NaN,11360.0,NaN,12410.0,p
A,CP_NAC_HAB,P31_S14,HU,2405160.0,NaN,2693960.0,NaN,3320550.0,NaN,3703480.0,NaN,4211510.0,p
A,CP_NAC_HAB,P31_S14,IE,18480.0,NaN,20540.0,NaN,24000.0,NaN,26760.0,NaN,28120.0,NaN
A,CP_NAC_HAB,P31_S14,IS,4088190.0,p,4495460.0,p,5066270.0,p,5356870.0,p,5549130.0,p
A,CP_NAC_HAB,P31_S14,IT,16120.0,NaN,17390.0,NaN,19600.0,NaN,20700.0,NaN,21140.0,p
A,CP_NAC_HAB,P31_S14,LT,9980.0,NaN,11300.0,NaN,13520.0,NaN,14450.0,NaN,15000.0,NaN
A,CP_NAC_HAB,P31_S14,LU,28830.0,NaN,32160.0,NaN,35410.0,NaN,37650.0,NaN,39280.0,p
A,CP_NAC_HAB,P31_S14,LV,8330.0,NaN,9320.0,NaN,11150.0,NaN,11970.0,NaN,12520.0,NaN
A,CP_NAC_HAB,P31_S14,ME,5300.0,NaN,5720.0,NaN,7220.0,NaN,8350.0,NaN,9510.0,NaN
A,CP_NAC_HAB,P31_S14,MK,234710.0,e,265330.0,e,305290.0,e,332940.0,e,347390.0,e
A,CP_NAC_HAB,P31_S14,MT,11420.0,NaN,12770.0,NaN,14370.0,NaN,16640.0,NaN,17680.0,NaN
A,CP_NAC_HAB,P31_S14,NL,19610.0,NaN,21290.0,NaN,24290.0,NaN,25910.0,p,26680.0,p
A,CP_NAC_HAB,P31_S14,NO,263770.0,NaN,283840.0,NaN,320090.0,NaN,333550.0,NaN,346040.0,NaN
A,CP_NAC_HAB,P31_S14,PL,35470.0,b,40010.0,NaN,46910.0,b,51400.0,NaN,54840.0,NaN
A,CP_NAC_HAB,P31_S14,PT,12010.0,NaN,12840.0,NaN,14450.0,NaN,15340.0,NaN,16050.0,p
A,CP_NAC_HAB,P31_S14,RO,33240.0,NaN,37640.0,NaN,45450.0,NaN,50700.0,NaN,57020.0,p
A,CP_NAC_HAB,P31_S14,RS,531810.0,NaN,604920.0,NaN,723530.0,NaN,820800.0,p,904000.0,p
A,CP_NAC_HAB,P31_S14,SE,211470.0,NaN,227060.0,NaN,246760.0,NaN,256950.0,NaN,264670.0,NaN
A,CP_NAC_HAB,P31_S14,SI,10940.0,NaN,12550.0,NaN,14250.0,NaN,15260.0,NaN,16100.0,NaN
A,CP_NAC_HAB,P31_S14,SK,9760.0,NaN,10410.0,b,12140.0,NaN,12930.0,NaN,13810.0,NaN
A,CP_NAC_HAB,P31_S14,TR,32900.0,NaN,45720.0,NaN,95480.0,NaN,170650.0,NaN,,NaN
A,CP_NAC_HAB,P31_S14,UK,,NaN,,NaN,,NaN,,NaN,,NaN
A,CP_NAC_HAB,P31_S14_S15,AL,435050.0,NaN,475980.0,NaN,552260.0,NaN,,NaN,,NaN
A,CP_NAC_HAB,P31_S14_S15,AT,21150.0,NaN,22530.0,NaN,25290.0,NaN,27050.0,NaN,28070.0,NaN
A,CP_NAC_HAB,P31_S14_S15,BE,20200.0,NaN,21800.0,NaN,24800.0,NaN,26410.0,NaN,27270.0,p
A,CP_NAC_HAB,P31_S14_S15,BG,10710.0,NaN,12420.0,NaN,15080.0,NaN,16530.0,NaN,18230.0,NaN
A,CP_NAC_HAB,P31_S14_S15,CH,41820.0,NaN,42530.0,NaN,45110.0,NaN,45990.0,NaN,46730.0,NaN
A,CP_NAC_HAB,P31_S14_S15,CY,15150.0,NaN,15840.0,NaN,18250.0,NaN,19660.0,NaN,20470.0,p
A,CP_NAC_HAB,P31_S14_S15,CZ,261330.0,NaN,283790.0,NaN,318200.0,NaN,332860.0,NaN,350950.0,NaN
A,CP_NAC_HAB,P31_S14_S15,DE,21290.0,NaN,22460.0,NaN,25370.0,p,26640.0,p,27340.0,p
A,CP_NAC_HAB,P31_S14_S15,DK,186920.0,NaN,200260.0,NaN,209250.0,NaN,208630.0,NaN,213460.0,NaN
A,CP_NAC_HAB,P31_S14_S15,EA,17550.0,NaN,18790.0,NaN,21010.0,NaN,22180.0,NaN,22880.0,NaN
A,CP_NAC_HAB,P31_S14_S15,EA12,17880.0,NaN,19120.0,NaN,21360.0,NaN,22660.0,NaN,23360.0,NaN
A,CP_NAC_HAB,P31_S14_S15,EA19,17550.0,NaN,18790.0,NaN,21010.0,NaN,22290.0,NaN,22990.0,NaN
A,CP_NAC_HAB,P31_S14_S15,EA20,17440.0,NaN,18670.0,NaN,20890.0,NaN,22180.0,NaN,22880.0,NaN
A,CP_NAC_HAB,P31_S14_S15,EE,10650.0,NaN,11910.0,NaN,14390.0,NaN,15060.0,NaN,15480.0,NaN
A,CP_NAC_HAB,P31_S14_S15,EL,11130.0,p,11870.0,p,13880.0,p,14740.0,p,15440.0,p
A,CP_NAC_HAB,P31_S14_S15,ES,13380.0,NaN,14650.0,NaN,16230.0,NaN,17170.0,p,18070.0,p
A,CP_NAC_HAB,P31_S14_S15,EU27_2020,15800.0,b,17010.0,NaN,19020.0,NaN,20230.0,NaN,21020.0,NaN
A,CP_NAC_HAB,P31_S14_S15,FI,21470.0,NaN,22600.0,NaN,24210.0,NaN,25150.0,NaN,25110.0,NaN
A,CP_NAC_HAB,P31_S14_S15,FR,18370.0,NaN,19500.0,NaN,21050.0,NaN,22590.0,p,23270.0,p
A,CP_NAC_HAB,P31_S14_S15,HR,7600.0,NaN,8720.0,NaN,10350.0,NaN,11610.0,NaN,12690.0,p
A,CP_NAC_HAB,P31_S14_S15,HU,2508040.0,NaN,2805820.0,NaN,3460020.0,NaN,3880230.0,NaN,4403160.0,p
A,CP_NAC_HAB,P31_S14_S15,IE,18830.0,NaN,20880.0,NaN,24350.0,NaN,27130.0,NaN,28620.0,NaN
A,CP_NAC_HAB,P31_S14_S15,IS,4292580.0,p,4720490.0,p,5304440.0,p,5612900.0,p,5819920.0,p
A,CP_NAC_HAB,P31_S14_S15,IT,16260.0,NaN,17550.0,NaN,19770.0,NaN,20880.0,NaN,21330.0,p
A,CP_NAC_HAB,P31_S14_S15,LT,10020.0,NaN,11340.0,NaN,13560.0,NaN,14500.0,NaN,15060.0,NaN
A,CP_NAC_HAB,P31_S14_S15,LU,31010.0,NaN,34550.0,NaN,38010.0,NaN,40560.0,NaN,42310.0,p
A,CP_NAC_HAB,P31_S14_S15,LV,8520.0,NaN,9530.0,NaN,11390.0,NaN,12190.0,NaN,12730.0,NaN
A,CP_NAC_HAB,P31_S14_S15,ME,5400.0,NaN,5830.0,NaN,7350.0,NaN,8510.0,NaN,9680.0,NaN
A,CP_NAC_HAB,P31_S14_S15,MK,237730.0,e,269140.0,e,309810.0,e,338070.0,e,353130.0,e
A,CP_NAC_HAB,P31_S14_S15,MT,11880.0,NaN,13290.0,NaN,14940.0,NaN,17250.0,NaN,18360.0,NaN
A,CP_NAC_HAB,P31_S14_S15,NL,19990.0,NaN,21700.0,NaN,24710.0,NaN,26350.0,p,27130.0,p
A,CP_NAC_HAB,P31_S14_S15,NO,279600.0,NaN,300730.0,NaN,340210.0,NaN,354890.0,NaN,368040.0,NaN
A,CP_NAC_HAB,P31_S14_S15,PL,36060.0,b,40650.0,NaN,47720.0,b,52320.0,NaN,55870.0,NaN
A,CP_NAC_HAB,P31_S14_S15,PT,12330.0,NaN,13170.0,NaN,14830.0,NaN,15750.0,NaN,16490.0,p
A,CP_NAC_HAB,P31_S14_S15,RO,33740.0,NaN,38080.0,NaN,45930.0,NaN,51290.0,NaN,57700.0,p
A,CP_NAC_HAB,P31_S14_S15,RS,540000.0,NaN,615350.0,NaN,735440.0,NaN,833440.0,p,918180.0,p
A,CP_NAC_HAB,P31_S14_S15,SE,217270.0,NaN,233250.0,NaN,253190.0,NaN,263980.0,NaN,272100.0,NaN
A,CP_NAC_HAB,P31_S14_S15,SI,11130.0,NaN,12780.0,NaN,14550.0,NaN,15570.0,NaN,16450.0,NaN
A,CP_NAC_HAB,P31_S14_S15,SK,9930.0,NaN,10600.0,b,12360.0,NaN,13210.0,NaN,14070.0,NaN
A,CP_NAC_HAB,P31_S14_S15,TR,33130.0,NaN,46010.0,NaN,95940.0,NaN,171550.0,NaN,,NaN
A,CP_NAC_HAB,P31_S14_S15,UK,,NaN,,NaN,,NaN,,NaN,,NaN
A,CP_NAC_HAB,P31_S15,AL,5080.0,NaN,5910.0,NaN,6480.0,NaN,,NaN,,NaN
A,CP_NAC_HAB,P31_S15,AT,830.0,NaN,940.0,NaN,980.0,NaN,1100.0,NaN,1220.0,NaN
A,CP_NAC_HAB,P31_S15,BE,420.0,NaN,460.0,NaN,510.0,NaN,550.0,NaN,590.0,p
A,CP_NAC_HAB,P31_S15,BG,80.0,NaN,90.0,NaN,120.0,NaN,130.0,NaN,130.0,NaN
A,CP_NAC_HAB,P31_S15,CH,1830.0,NaN,1900.0,NaN,1970.0,NaN,2030.0,NaN,,NaN
A,CP_NAC_HAB,P31_S15,CY,240.0,NaN,290.0,NaN,310.0,NaN,330.0,NaN,350.0,p
A,CP_NAC_HAB,P31_S15,CZ,5010.0,NaN,5610.0,NaN,6070.0,NaN,6660.0,NaN,7750.0,NaN
A,CP_NAC_HAB,P31_S15,DE,650.0,NaN,660.0,NaN,700.0,p,710.0,p,740.0,p
A,CP_NAC_HAB,P31_S15,DK,5780.0,NaN,5880.0,NaN,6400.0,NaN,6630.0,NaN,7080.0,NaN
A,CP_NAC_HAB,P31_S15,EA,470.0,NaN,500.0,NaN,540.0,NaN,570.0,NaN,590.0,NaN
A,CP_NAC_HAB,P31_S15,EA12,490.0,NaN,510.0,NaN,560.0,NaN,580.0,NaN,610.0,NaN
A,CP_NAC_HAB,P31_S15,EA19,470.0,NaN,500.0,NaN,540.0,NaN,570.0,NaN,590.0,NaN
A,CP_NAC_HAB,P31_S15,EA20,470.0,NaN,500.0,NaN,540.0,NaN,570.0,NaN,590.0,NaN
A,CP_NAC_HAB,P31_S15,EE,370.0,NaN,400.0,NaN,470.0,NaN,510.0,NaN,540.0,NaN
A,CP_NAC_HAB,P31_S15,EL,240.0,p,250.0,p,270.0,p,280.0,p,280.0,p
A,CP_NAC_HAB,P31_S15,ES,270.0,NaN,300.0,NaN,330.0,NaN,350.0,p,360.0,p
A,CP_NAC_HAB,P31_S15,EU27_2020,410.0,b,440.0,NaN,480.0,NaN,510.0,NaN,530.0,NaN
A,CP_NAC_HAB,P31_S15,FI,800.0,NaN,820.0,NaN,940.0,NaN,900.0,NaN,910.0,NaN
A,CP_NAC_HAB,P31_S15,FR,770.0,NaN,820.0,NaN,900.0,NaN,960.0,p,990.0,p
A,CP_NAC_HAB,P31_S15,HR,160.0,NaN,180.0,NaN,210.0,NaN,250.0,NaN,290.0,p
A,CP_NAC_HAB,P31_S15,HU,102880.0,NaN,111860.0,NaN,139470.0,NaN,176750.0,NaN,191650.0,p
A,CP_NAC_HAB,P31_S15,IE,350.0,NaN,340.0,NaN,360.0,NaN,370.0,NaN,500.0,NaN
A,CP_NAC_HAB,P31_S15,IS,204400.0,p,225030.0,p,238160.0,p,256030.0,p,270790.0,p
A,CP_NAC_HAB,P31_S15,IT,140.0,NaN,150.0,NaN,160.0,NaN,180.0,NaN,190.0,p
A,CP_NAC_HAB,P31_S15,LT,40.0,NaN,40.0,NaN,40.0,NaN,50.0,NaN,60.0,NaN
A,CP_NAC_HAB,P31_S15,LU,2180.0,NaN,2390.0,NaN,2600.0,NaN,2910.0,NaN,3030.0,p
A,CP_NAC_HAB,P31_S15,LV,190.0,NaN,210.0,NaN,230.0,NaN,220.0,NaN,210.0,NaN
A,CP_NAC_HAB,P31_S15,ME,100.0,NaN,110.0,NaN,130.0,NaN,160.0,NaN,170.0,NaN
A,CP_NAC_HAB,P31_S15,MK,3030.0,e,3810.0,e,4520.0,e,5130.0,e,5740.0,e
A,CP_NAC_HAB,P31_S15,MT,470.0,NaN,520.0,NaN,570.0,NaN,610.0,NaN,680.0,NaN
A,CP_NAC_HAB,P31_S15,NL,380.0,NaN,400.0,NaN,420.0,NaN,440.0,p,460.0,p
A,CP_NAC_HAB,P31_S15,NO,15820.0,NaN,16890.0,NaN,20120.0,NaN,21340.0,NaN,22000.0,NaN
A,CP_NAC_HAB,P31_S15,PL,580.0,b,640.0,NaN,810.0,b,920.0,NaN,1030.0,NaN
A,CP_NAC_HAB,P31_S15,PT,320.0,NaN,330.0,NaN,370.0,NaN,410.0,NaN,430.0,p
A,CP_NAC_HAB,P31_S15,RO,510.0,NaN,440.0,NaN,480.0,NaN,590.0,NaN,670.0,p
A,CP_NAC_HAB,P31_S15,RS,8190.0,NaN,10420.0,NaN,11920.0,NaN,12640.0,p,14180.0,p
A,CP_NAC_HAB,P31_S15,SE,5800.0,NaN,6190.0,NaN,6430.0,NaN,7040.0,NaN,7430.0,NaN
A,CP_NAC_HAB,P31_S15,SI,200.0,NaN,230.0,NaN,300.0,NaN,320.0,NaN,350.0,NaN
A,CP_NAC_HAB,P31_S15,SK,170.0,NaN,190.0,b,230.0,NaN,280.0,NaN,270.0,NaN
A,CP_NAC_HAB,P31_S15,TR,220.0,NaN,290.0,NaN,460.0,NaN,910.0,NaN,,NaN
A,CP_NAC_HAB,P31_S15,UK,,NaN,,NaN,,NaN,,NaN,,NaN
A,CP_NAC_HAB,P32_S13,AL,43640.0,NaN,45630.0,NaN,50580.0,NaN,,NaN,,NaN
A,CP_NAC_HAB,P32_S13,AT,3310.0,NaN,3430.0,NaN,3550.0,NaN,3820.0,NaN,4150.0,NaN
A,CP_NAC_HAB,P32_S13,BE,3470.0,NaN,3610.0,NaN,3950.0,NaN,4200.0,NaN,4380.0,p
A,CP_NAC_HAB,P32_S13,BG,1780.0,NaN,1930.0,NaN,2360.0,NaN,2540.0,NaN,2890.0,NaN
A,CP_NAC_HAB,P32_S13,CH,4270.0,NaN,4290.0,NaN,4480.0,NaN,4560.0,NaN,,NaN
A,CP_NAC_HAB,P32_S13,CY,2130.0,NaN,2220.0,NaN,2440.0,NaN,2740.0,NaN,2800.0,p
A,CP_NAC_HAB,P32_S13,CZ,51730.0,NaN,52140.0,NaN,54000.0,NaN,58090.0,NaN,61840.0,NaN
A,CP_NAC_HAB,P32_S13,DE,3500.0,NaN,3690.0,NaN,3950.0,p,4250.0,p,4380.0,p
A,CP_NAC_HAB,P32_S13,DK,29280.0,NaN,30490.0,NaN,31360.0,NaN,32440.0,NaN,34460.0,NaN
A,CP_NAC_HAB,P32_S13,EA,2870.0,NaN,2990.0,NaN,3180.0,NaN,3340.0,NaN,3480.0,NaN
A,CP_NAC_HAB,P32_S13,EA12,2910.0,NaN,3040.0,NaN,3230.0,NaN,3410.0,NaN,3540.0,NaN
A,CP_NAC_HAB,P32_S13,EA19,2870.0,NaN,2990.0,NaN,3180.0,NaN,3360.0,NaN,3490.0,NaN
A,CP_NAC_HAB,P32_S13,EA20,2850.0,NaN,2970.0,NaN,3160.0,NaN,3340.0,NaN,3480.0,NaN
A,CP_NAC_HAB,P32_S13,EE,1870.0,NaN,2000.0,NaN,2220.0,NaN,2420.0,NaN,2550.0,NaN
A,CP_NAC_HAB,P32_S13,EL,1850.0,p,1920.0,p,1980.0,p,2090.0,p,2120.0,p
A,CP_NAC_HAB,P32_S13,ES,2070.0,NaN,2160.0,NaN,2320.0,NaN,2440.0,p,2500.0,p
A,CP_NAC_HAB,P32_S13,EU27_2020,2590.0,b,2710.0,NaN,2890.0,NaN,3080.0,NaN,3250.0,NaN
A,CP_NAC_HAB,P32_S13,FI,3280.0,NaN,3530.0,NaN,3680.0,NaN,3440.0,b,3520.0,NaN
A,CP_NAC_HAB,P32_S13,FR,3100.0,NaN,3180.0,NaN,3390.0,NaN,3530.0,p,3640.0,p
A,CP_NAC_HAB,P32_S13,HR,1530.0,NaN,1660.0,NaN,1780.0,NaN,2070.0,NaN,2420.0,p
A,CP_NAC_HAB,P32_S13,HU,582150.0,NaN,641920.0,NaN,784480.0,NaN,892300.0,NaN,948810.0,p
A,CP_NAC_HAB,P32_S13,IE,3130.0,NaN,3400.0,NaN,3600.0,NaN,3850.0,NaN,4110.0,NaN
A,CP_NAC_HAB,P32_S13,IS,860130.0,p,912370.0,p,977800.0,p,1034250.0,p,1085360.0,p
A,CP_NAC_HAB,P32_S13,IT,2440.0,NaN,2510.0,NaN,2630.0,NaN,2650.0,NaN,2770.0,p
A,CP_NAC_HAB,P32_S13,LT,1330.0,NaN,1370.0,NaN,1620.0,NaN,1770.0,NaN,2000.0,NaN
A,CP_NAC_HAB,P32_S13,LU,7300.0,NaN,7620.0,NaN,8310.0,NaN,9110.0,NaN,9690.0,p
A,CP_NAC_HAB,P32_S13,LV,1770.0,NaN,1870.0,NaN,2060.0,NaN,2220.0,NaN,2310.0,NaN
A,CP_NAC_HAB,P32_S13,ME,770.0,NaN,740.0,NaN,780.0,NaN,910.0,NaN,980.0,NaN
A,CP_NAC_HAB,P32_S13,MK,25880.0,e,32160.0,e,35620.0,e,38940.0,e,46190.0,e
A,CP_NAC_HAB,P32_S13,MT,2200.0,NaN,2310.0,NaN,2440.0,NaN,2550.0,NaN,2820.0,NaN
A,CP_NAC_HAB,P32_S13,NL,3860.0,NaN,4060.0,NaN,4340.0,NaN,4780.0,p,5260.0,p
A,CP_NAC_HAB,P32_S13,NO,56410.0,NaN,59450.0,NaN,62490.0,NaN,67880.0,NaN,71170.0,NaN
A,CP_NAC_HAB,P32_S13,PL,5470.0,b,5810.0,NaN,6630.0,b,7710.0,NaN,8950.0,NaN
A,CP_NAC_HAB,P32_S13,PT,1600.0,NaN,1590.0,NaN,1650.0,NaN,1780.0,NaN,1830.0,p
A,CP_NAC_HAB,P32_S13,RO,5780.0,NaN,6060.0,NaN,6510.0,NaN,7770.0,NaN,9640.0,p
A,CP_NAC_HAB,P32_S13,RS,75440.0,NaN,85330.0,NaN,94690.0,NaN,103680.0,p,117590.0,p
A,CP_NAC_HAB,P32_S13,SE,33610.0,NaN,35470.0,NaN,39110.0,NaN,42330.0,NaN,44480.0,NaN
A,CP_NAC_HAB,P32_S13,SI,1790.0,NaN,1980.0,NaN,2030.0,NaN,2300.0,NaN,2420.0,NaN
A,CP_NAC_HAB,P32_S13,SK,2040.0,NaN,2140.0,b,2230.0,NaN,2370.0,NaN,2630.0,NaN
A,CP_NAC_HAB,P32_S13,TR,3630.0,NaN,4340.0,NaN,8890.0,NaN,17120.0,NaN,,NaN
A,CP_NAC_HAB,P32_S13,UK,,NaN,,NaN,,NaN,,NaN,,NaN
A,CP_NAC_HAB,P3_S13,AL,79750.0,NaN,86020.0,NaN,93990.0,NaN,,NaN,,NaN
A,CP_NAC_HAB,P3_S13,AT,9090.0,NaN,9900.0,NaN,10190.0,NaN,10770.0,NaN,11630.0,NaN
A,CP_NAC_HAB,P3_S13,BE,9740.0,NaN,10380.0,NaN,11270.0,NaN,11960.0,NaN,12480.0,p
A,CP_NAC_HAB,P3_S13,BG,3570.0,NaN,4050.0,NaN,4760.0,NaN,5290.0,NaN,6280.0,NaN
A,CP_NAC_HAB,P3_S13,CH,9770.0,NaN,10200.0,NaN,10200.0,NaN,10500.0,NaN,10700.0,NaN
A,CP_NAC_HAB,P3_S13,CY,4730.0,NaN,5230.0,NaN,5680.0,NaN,6250.0,NaN,6580.0,p
A,CP_NAC_HAB,P3_S13,CZ,118980.0,NaN,125580.0,NaN,128390.0,NaN,137980.0,NaN,147790.0,NaN
A,CP_NAC_HAB,P3_S13,DE,9360.0,NaN,9970.0,NaN,10520.0,p,10870.0,p,11400.0,p
A,CP_NAC_HAB,P3_S13,DK,98820.0,NaN,104800.0,NaN,105730.0,NaN,107060.0,NaN,112460.0,NaN
A,CP_NAC_HAB,P3_S13,EA,7620.0,NaN,8100.0,NaN,8520.0,NaN,8860.0,NaN,9290.0,NaN
A,CP_NAC_HAB,P3_S13,EA12,7790.0,NaN,8280.0,NaN,8700.0,NaN,9090.0,NaN,9510.0,NaN
A,CP_NAC_HAB,P3_S13,EA19,7620.0,NaN,8100.0,NaN,8520.0,NaN,8910.0,NaN,9340.0,NaN
A,CP_NAC_HAB,P3_S13,EA20,7570.0,NaN,8050.0,NaN,8470.0,NaN,8860.0,NaN,9290.0,NaN
A,CP_NAC_HAB,P3_S13,EE,4320.0,NaN,4710.0,NaN,5220.0,NaN,5710.0,NaN,6100.0,NaN
A,CP_NAC_HAB,P3_S13,EL,3570.0,p,3740.0,p,3890.0,p,4140.0,p,4180.0,p
A,CP_NAC_HAB,P3_S13,ES,5190.0,NaN,5480.0,NaN,5770.0,NaN,6080.0,p,6300.0,p
A,CP_NAC_HAB,P3_S13,EU27_2020,6860.0,b,7310.0,NaN,7690.0,NaN,8100.0,NaN,8570.0,NaN
A,CP_NAC_HAB,P3_S13,FI,10440.0,NaN,11140.0,NaN,11570.0,NaN,12570.0,NaN,12800.0,NaN
A,CP_NAC_HAB,P3_S13,FR,8690.0,NaN,9200.0,NaN,9580.0,NaN,9980.0,p,10300.0,p
A,CP_NAC_HAB,P3_S13,HR,3230.0,NaN,3480.0,NaN,3700.0,NaN,4290.0,NaN,5120.0,p
A,CP_NAC_HAB,P3_S13,HU,1069700.0,NaN,1199470.0,NaN,1421500.0,NaN,1605270.0,NaN,1752060.0,p
A,CP_NAC_HAB,P3_S13,IE,9540.0,NaN,10310.0,NaN,10990.0,NaN,11980.0,NaN,12610.0,NaN
A,CP_NAC_HAB,P3_S13,IS,2353180.0,p,2528750.0,p,2724730.0,p,2903430.0,p,3074650.0,p
A,CP_NAC_HAB,P3_S13,IT,5820.0,NaN,6120.0,NaN,6380.0,NaN,6490.0,NaN,6740.0,p
A,CP_NAC_HAB,P3_S13,LT,3290.0,NaN,3550.0,NaN,4050.0,NaN,4520.0,NaN,5150.0,NaN
A,CP_NAC_HAB,P3_S13,LU,18830.0,NaN,19660.0,NaN,21150.0,NaN,22630.0,NaN,24200.0,p
A,CP_NAC_HAB,P3_S13,LV,3220.0,NaN,3730.0,NaN,3960.0,NaN,4420.0,NaN,4730.0,NaN
A,CP_NAC_HAB,P3_S13,ME,1570.0,NaN,1580.0,NaN,1720.0,NaN,2030.0,NaN,2160.0,NaN
A,CP_NAC_HAB,P3_S13,MK,60260.0,e,62860.0,e,66930.0,e,73770.0,e,82160.0,e
A,CP_NAC_HAB,P3_S13,MT,5490.0,NaN,5900.0,NaN,5960.0,NaN,6210.0,NaN,6860.0,NaN
A,CP_NAC_HAB,P3_S13,NL,12030.0,NaN,12910.0,NaN,13670.0,NaN,14760.0,p,16100.0,p
A,CP_NAC_HAB,P3_S13,NO,168180.0,NaN,179490.0,NaN,189610.0,NaN,202260.0,NaN,212480.0,NaN
A,CP_NAC_HAB,P3_S13,PL,11980.0,b,13330.0,NaN,14870.0,b,17200.0,NaN,20260.0,NaN
A,CP_NAC_HAB,P3_S13,PT,3660.0,NaN,3860.0,NaN,4060.0,NaN,4270.0,NaN,4570.0,p
A,CP_NAC_HAB,P3_S13,RO,10400.0,NaN,11030.0,NaN,12100.0,NaN,14350.0,NaN,17090.0,p
A,CP_NAC_HAB,P3_S13,RS,161950.0,NaN,180560.0,NaN,205440.0,NaN,228020.0,p,258910.0,p
A,CP_NAC_HAB,P3_S13,SE,128810.0,NaN,135380.0,NaN,142220.0,NaN,153110.0,NaN,159430.0,NaN
A,CP_NAC_HAB,P3_S13,SI,4610.0,NaN,5140.0,NaN,5260.0,NaN,5800.0,NaN,6460.0,NaN
A,CP_NAC_HAB,P3_S13,SK,3670.0,NaN,3970.0,b,4280.0,NaN,4600.0,NaN,5040.0,NaN
A,CP_NAC_HAB,P3_S13,TR,9270.0,NaN,11520.0,NaN,21310.0,NaN,42030.0,NaN,,NaN
A,CP_NAC_HAB,P3_S13,UK,,NaN,,NaN,,NaN,,NaN,,NaN
A,CP_NAC_HAB,P41,AL,471160.0,NaN,516380.0,NaN,595670.0,NaN,,NaN,,NaN
A,CP_NAC_HAB,P41,AT,26930.0,NaN,29010.0,NaN,31930.0,NaN,34000.0,NaN,35540.0,NaN
A,CP_NAC_HAB,P41,BE,26470.0,NaN,28570.0,NaN,32120.0,NaN,34170.0,NaN,35360.0,p
A,CP_NAC_HAB,P41,BG,12500.0,NaN,14540.0,NaN,17480.0,NaN,19290.0,NaN,21620.0,NaN
A,CP_NAC_HAB,P41,CH,47320.0,NaN,48430.0,NaN,50830.0,NaN,51930.0,NaN,,NaN
A,CP_NAC_HAB,P41,CY,17750.0,NaN,18850.0,NaN,21490.0,NaN,23170.0,NaN,24250.0,p
A,CP_NAC_HAB,P41,CZ,328580.0,NaN,357230.0,NaN,392590.0,NaN,412750.0,NaN,436910.0,NaN
A,CP_NAC_HAB,P41,DE,27160.0,NaN,28730.0,NaN,31950.0,p,33260.0,p,34360.0,p
A,CP_NAC_HAB,P41,DK,256460.0,NaN,274570.0,NaN,283620.0,NaN,283250.0,NaN,291460.0,NaN
A,CP_NAC_HAB,P41,EA,22300.0,NaN,23900.0,NaN,26360.0,NaN,27690.0,NaN,28690.0,NaN
A,CP_NAC_HAB,P41,EA12,22760.0,NaN,24370.0,NaN,26840.0,NaN,28340.0,NaN,29330.0,NaN
A,CP_NAC_HAB,P41,EA19,22300.0,NaN,23900.0,NaN,26360.0,NaN,27850.0,NaN,28840.0,NaN
A,CP_NAC_HAB,P41,EA20,22150.0,NaN,23750.0,NaN,26200.0,NaN,27690.0,NaN,28690.0,NaN
A,CP_NAC_HAB,P41,EE,13100.0,NaN,14630.0,NaN,17390.0,NaN,18340.0,NaN,19030.0,NaN
A,CP_NAC_HAB,P41,EL,12840.0,p,13690.0,p,15800.0,p,16790.0,p,17500.0,p
A,CP_NAC_HAB,P41,ES,16500.0,NaN,17970.0,NaN,19690.0,NaN,20800.0,p,21860.0,p
A,CP_NAC_HAB,P41,EU27_2020,20070.0,b,21610.0,NaN,23820.0,NaN,25250.0,NaN,26350.0,NaN
A,CP_NAC_HAB,P41,FI,28630.0,NaN,30210.0,NaN,32100.0,NaN,34270.0,NaN,34390.0,NaN
A,CP_NAC_HAB,P41,FR,23950.0,NaN,25530.0,NaN,27240.0,NaN,29040.0,p,29930.0,p
A,CP_NAC_HAB,P41,HR,9300.0,NaN,10530.0,NaN,12280.0,NaN,13830.0,NaN,15390.0,p
A,CP_NAC_HAB,P41,HU,2995590.0,NaN,3363370.0,NaN,4097040.0,NaN,4593200.0,NaN,5206410.0,p
A,CP_NAC_HAB,P41,IE,25240.0,NaN,27780.0,NaN,31740.0,NaN,35270.0,NaN,37120.0,NaN
A,CP_NAC_HAB,P41,IS,5785630.0,p,6336860.0,p,7051370.0,p,7482080.0,p,7809220.0,p
A,CP_NAC_HAB,P41,IT,19640.0,NaN,21150.0,NaN,23520.0,NaN,24730.0,NaN,25310.0,p
A,CP_NAC_HAB,P41,LT,11980.0,NaN,13510.0,NaN,15990.0,NaN,17250.0,NaN,18210.0,NaN
A,CP_NAC_HAB,P41,LU,42550.0,NaN,46580.0,NaN,50860.0,NaN,54070.0,NaN,56820.0,p
A,CP_NAC_HAB,P41,LV,9980.0,NaN,11390.0,NaN,13290.0,NaN,14390.0,NaN,15160.0,NaN
A,CP_NAC_HAB,P41,ME,6200.0,NaN,6670.0,NaN,8300.0,NaN,9620.0,NaN,10860.0,NaN
A,CP_NAC_HAB,P41,MK,272110.0,e,299840.0,e,341120.0,e,372910.0,e,389100.0,e
A,CP_NAC_HAB,P41,MT,15170.0,NaN,16880.0,NaN,18460.0,NaN,20910.0,NaN,22400.0,NaN
A,CP_NAC_HAB,P41,NL,28160.0,NaN,30550.0,NaN,34040.0,NaN,36330.0,p,37970.0,p
A,CP_NAC_HAB,P41,NO,391370.0,NaN,420770.0,NaN,467330.0,NaN,489270.0,NaN,509340.0,NaN
A,CP_NAC_HAB,P41,PL,42570.0,b,48170.0,NaN,55960.0,b,61800.0,NaN,67180.0,NaN
A,CP_NAC_HAB,P41,PT,14380.0,NaN,15430.0,NaN,17230.0,NaN,18240.0,NaN,19220.0,p
A,CP_NAC_HAB,P41,RO,38370.0,NaN,43050.0,NaN,51520.0,NaN,57880.0,NaN,65140.0,p
A,CP_NAC_HAB,P41,RS,626510.0,NaN,710570.0,NaN,846190.0,NaN,957780.0,p,1059510.0,p
A,CP_NAC_HAB,P41,SE,312470.0,NaN,333160.0,NaN,356300.0,NaN,374770.0,NaN,387040.0,NaN
A,CP_NAC_HAB,P41,SI,13950.0,NaN,15940.0,NaN,17770.0,NaN,19070.0,NaN,20500.0,NaN
A,CP_NAC_HAB,P41,SK,11560.0,NaN,12420.0,b,14410.0,NaN,15440.0,NaN,16480.0,NaN
A,CP_NAC_HAB,P41,TR,38760.0,NaN,53190.0,NaN,108360.0,NaN,196460.0,NaN,,NaN
A,CP_NAC_HAB,P41,UK,,NaN,,NaN,,NaN,,NaN,,NaN
A,CP_PPS_EU27_2020_HAB,B1GQ,AL,9269.8,NaN,10286.7,NaN,12188.9,NaN,,NaN,,NaN
A,CP_PPS_EU27_2020_HAB,B1GQ,AT,37382.4,NaN,40182.4,NaN,44418.8,NaN,46171.3,NaN,46883.1,NaN
A,CP_PPS_EU27_2020_HAB,B1GQ,BE,35847.3,NaN,38696.1,NaN,42539.5,NaN,45291.9,NaN,46651.6,p
A,CP_PPS_EU27_2020_HAB,B1GQ,BG,17471.5,NaN,19746.7,NaN,22449.1,NaN,24284.8,NaN,26509.9,NaN
A,CP_PPS_EU27_2020_HAB,B1GQ,CY,27191.8,NaN,30380.5,NaN,34379.7,NaN,37188.4,NaN,39121.6,p
A,CP_PPS_EU27_2020_HAB,B1GQ,CZ,29175.6,NaN,30499.9,NaN,32148.5,NaN,34664.5,NaN,36435.9,NaN
A,CP_PPS_EU27_2020_HAB,B1GQ,DE,37970.8,NaN,40533.0,NaN,43403.4,p,45253.1,p,46414.1,p
A,CP_PPS_EU27_2020_HAB,B1GQ,DK,40050.9,NaN,44236.9,NaN,48266.2,NaN,47539.5,NaN,50187.7,NaN
A,CP_PPS_EU27_2020_HAB,B1GQ,EA,31998.8,NaN,34854.3,NaN,37924.5,NaN,40132.1,NaN,41633.7,NaN
A,CP_PPS_EU27_2020_HAB,B1GQ,EA12,32341.7,NaN,35213.3,NaN,38337.8,NaN,40658.6,NaN,42162.5,NaN
A,CP_PPS_EU27_2020_HAB,B1GQ,EA19,31998.8,NaN,34854.3,NaN,37924.5,NaN,40246.1,NaN,41750.3,NaN
A,CP_PPS_EU27_2020_HAB,B1GQ,EA20,31865.5,NaN,34728.0,NaN,37795.6,NaN,40132.1,NaN,41633.7,NaN
A,CP_PPS_EU27_2020_HAB,B1GQ,EE,25992.3,NaN,28240.6,NaN,30227.7,NaN,30583.4,NaN,31706.0,NaN
A,CP_PPS_EU27_2020_HAB,B1GQ,EL,18864.7,p,21244.0,p,23999.2,p,26294.5,p,27662.5,p
A,CP_PPS_EU27_2020_HAB,B1GQ,ES,25129.0,NaN,28282.8,NaN,31684.9,NaN,34514.7,p,36371.9,p
A,CP_PPS_EU27_2020_HAB,B1GQ,EU27_2020,30513.0,b,33262.4,NaN,36136.9,NaN,38377.2,NaN,39943.9,NaN
A,CP_PPS_EU27_2020_HAB,B1GQ,FI,34037.0,NaN,36219.4,NaN,38447.0,NaN,40025.4,NaN,40884.6,NaN
A,CP_PPS_EU27_2020_HAB,B1GQ,FR,31595.1,NaN,33449.6,NaN,35127.1,NaN,37839.7,p,39112.9,p
A,CP_PPS_EU27_2020_HAB,B1GQ,HR,20212.1,NaN,23586.5,NaN,26302.7,NaN,30029.1,NaN,31142.8,p
A,CP_PPS_EU27_2020_HAB,B1GQ,HU,22729.6,NaN,24803.3,NaN,27503.9,NaN,29323.0,NaN,30391.1,p
A,CP_PPS_EU27_2020_HAB,B1GQ,IE,62458.7,NaN,74710.7,NaN,85489.3,NaN,83557.7,NaN,88284.9,NaN
A,CP_PPS_EU27_2020_HAB,B1GQ,IS,37354.0,p,41213.3,p,48281.2,p,51919.6,p,51970.9,p
A,CP_PPS_EU27_2020_HAB,B1GQ,IT,28383.9,NaN,31780.1,NaN,35255.9,NaN,37759.7,NaN,39004.2,p
A,CP_PPS_EU27_2020_HAB,B1GQ,LT,26357.1,NaN,29274.7,NaN,31476.8,NaN,33263.8,NaN,35000.0,NaN
A,CP_PPS_EU27_2020_HAB,B1GQ,LU,77882.3,NaN,87091.5,NaN,89574.0,NaN,93488.9,NaN,96249.0,p
A,CP_PPS_EU27_2020_HAB,B1GQ,LV,20909.5,NaN,23540.3,NaN,24949.1,NaN,27195.5,NaN,28076.9,NaN
A,CP_PPS_EU27_2020_HAB,B1GQ,ME,13174.4,NaN,15110.2,NaN,17357.3,NaN,20151.6,NaN,21853.0,NaN
A,CP_PPS_EU27_2020_HAB,B1GQ,MK,12729.7,e,14124.2,e,15085.6,e,15914.3,e,16943.1,e
A,CP_PPS_EU27_2020_HAB,B1GQ,MT,31929.1,NaN,36260.6,NaN,37239.9,NaN,41598.2,NaN,44555.7,NaN
A,CP_PPS_EU27_2020_HAB,B1GQ,NL,39983.4,NaN,43738.4,NaN,48359.0,NaN,49966.9,p,53220.9,p
A,CP_PPS_EU27_2020_HAB,B1GQ,NO,42871.8,NaN,56760.0,NaN,77192.6,NaN,65150.3,NaN,64493.1,NaN
A,CP_PPS_EU27_2020_HAB,B1GQ,PL,23914.3,b,26195.3,NaN,28149.4,b,29572.1,NaN,31439.0,NaN
A,CP_PPS_EU27_2020_HAB,B1GQ,PT,22780.1,NaN,24548.3,NaN,27836.4,NaN,31045.2,NaN,32820.0,p
A,CP_PPS_EU27_2020_HAB,B1GQ,RO,21807.0,NaN,23917.4,NaN,26363.2,NaN,29431.7,NaN,31107.8,p
A,CP_PPS_EU27_2020_HAB,B1GQ,RS,13422.4,NaN,14929.2,NaN,16451.8,NaN,18649.8,p,20581.0,p
A,CP_PPS_EU27_2020_HAB,B1GQ,SE,36662.8,NaN,39667.2,NaN,41100.5,NaN,42892.0,NaN,44617.8,NaN
A,CP_PPS_EU27_2020_HAB,B1GQ,SI,26674.6,NaN,29295.7,NaN,32041.9,NaN,35052.2,NaN,36327.5,NaN
A,CP_PPS_EU27_2020_HAB,B1GQ,SK,22559.3,NaN,24477.8,b,25618.8,NaN,28282.8,NaN,29743.9,NaN
A,CP_PPS_EU27_2020_HAB,B1GQ,TR,18657.8,NaN,20477.9,NaN,25021.4,NaN,28021.9,NaN,,NaN
A,CP_PPS_EU27_2020_HAB,B1GQ,UK,,NaN,,NaN,,NaN,,NaN,,NaN
A,CP_PPS_EU27_2020_HAB,P3,AL,8177.9,NaN,8707.9,NaN,10177.9,NaN,,NaN,,NaN
A,CP_PPS_EU27_2020_HAB,P3,AT,26504.0,NaN,28717.6,NaN,31753.4,NaN,33365.8,NaN,34568.9,NaN
A,CP_PPS_EU27_2020_HAB,P3,BE,26701.9,NaN,28512.9,NaN,31925.9,NaN,33987.5,NaN,35403.9,p
A,CP_PPS_EU27_2020_HAB,P3,BG,13509.3,NaN,15167.2,NaN,17105.8,NaN,18481.2,NaN,20427.6,NaN
A,CP_PPS_EU27_2020_HAB,P3,CY,21951.8,NaN,22987.8,NaN,26068.9,NaN,28444.8,NaN,29609.1,p
A,CP_PPS_EU27_2020_HAB,P3,CZ,19993.6,NaN,20785.5,NaN,21912.2,NaN,23179.2,NaN,24573.9,NaN
A,CP_PPS_EU27_2020_HAB,P3,DE,27705.4,NaN,29267.6,NaN,32228.3,p,33502.5,p,34682.1,p
A,CP_PPS_EU27_2020_HAB,P3,DK,28675.2,NaN,30942.8,NaN,31714.8,NaN,32018.8,NaN,33402.2,NaN
A,CP_PPS_EU27_2020_HAB,P3,EA,23796.4,NaN,25504.5,NaN,28105.5,NaN,29689.3,NaN,30859.1,NaN
A,CP_PPS_EU27_2020_HAB,P3,EA12,24045.9,NaN,25757.1,NaN,28386.3,NaN,30060.4,NaN,31216.1,NaN
A,CP_PPS_EU27_2020_HAB,P3,EA19,23796.4,NaN,25504.5,NaN,28105.5,NaN,29766.0,NaN,30931.1,NaN
A,CP_PPS_EU27_2020_HAB,P3,EA20,23710.0,NaN,25424.7,NaN,28021.3,NaN,29689.3,NaN,30859.1,NaN
A,CP_PPS_EU27_2020_HAB,P3,EE,18566.2,NaN,19851.0,NaN,21748.8,NaN,22612.8,NaN,23603.8,NaN
A,CP_PPS_EU27_2020_HAB,P3,EL,17704.9,p,19121.5,p,21803.1,p,23303.6,p,24138.5,p
A,CP_PPS_EU27_2020_HAB,P3,ES,19564.8,NaN,21816.3,NaN,24217.7,NaN,25901.0,p,27157.2,p
A,CP_PPS_EU27_2020_HAB,P3,EU27_2020,22658.1,b,24319.0,NaN,26709.7,NaN,28325.3,NaN,29595.0,NaN
A,CP_PPS_EU27_2020_HAB,P3,FI,25412.6,NaN,27221.7,NaN,28722.9,NaN,30856.0,NaN,31570.0,NaN
A,CP_PPS_EU27_2020_HAB,P3,FR,24934.8,NaN,26012.0,NaN,27647.7,NaN,29812.3,p,30826.7,p
A,CP_PPS_EU27_2020_HAB,P3,HR,16865.6,NaN,19096.0,NaN,21084.0,NaN,23265.6,NaN,24983.1,p
A,CP_PPS_EU27_2020_HAB,P3,HU,16112.2,NaN,17220.5,NaN,19553.9,NaN,20492.2,NaN,21961.6,p
A,CP_PPS_EU27_2020_HAB,P3,IE,23369.2,NaN,26454.2,NaN,30171.4,NaN,32985.5,NaN,34832.0,NaN
A,CP_PPS_EU27_2020_HAB,P3,IS,29633.4,p,32427.5,p,36362.6,p,38400.8,p,38953.0,p
A,CP_PPS_EU27_2020_HAB,P3,IT,22306.6,NaN,24139.4,NaN,27224.8,NaN,28457.8,NaN,29345.3,p
A,CP_PPS_EU27_2020_HAB,P3,LT,19611.6,NaN,21582.5,NaN,23398.7,NaN,24440.9,NaN,25858.0,NaN
A,CP_PPS_EU27_2020_HAB,P3,LU,37989.4,NaN,41439.9,NaN,45259.1,NaN,48035.9,NaN,50395.2,p
A,CP_PPS_EU27_2020_HAB,P3,LV,15976.8,NaN,18232.3,NaN,20014.0,NaN,21476.9,NaN,22658.0,NaN
A,CP_PPS_EU27_2020_HAB,P3,ME,13868.6,NaN,14205.4,NaN,16521.3,NaN,18721.0,NaN,21103.3,NaN
A,CP_PPS_EU27_2020_HAB,P3,MK,10537.8,e,11809.7,e,12756.3,e,13268.1,e,13956.0,e
A,CP_PPS_EU27_2020_HAB,P3,MT,19903.3,NaN,21606.1,NaN,23037.3,NaN,25835.5,NaN,27725.8,NaN
A,CP_PPS_EU27_2020_HAB,P3,NL,27347.9,NaN,29768.8,NaN,33056.8,NaN,34965.8,p,36884.4,p
A,CP_PPS_EU27_2020_HAB,P3,NO,29830.7,NaN,34091.2,NaN,38929.8,NaN,39275.9,NaN,40143.5,NaN
A,CP_PPS_EU27_2020_HAB,P3,PL,18067.7,b,19643.2,NaN,21465.8,b,22650.4,NaN,24584.2,NaN
A,CP_PPS_EU27_2020_HAB,P3,PT,18811.4,NaN,20090.8,NaN,22555.1,NaN,24317.0,NaN,25529.3,p
A,CP_PPS_EU27_2020_HAB,P3,RO,17464.7,NaN,18956.7,NaN,21054.2,NaN,23155.8,NaN,25201.0,p
A,CP_PPS_EU27_2020_HAB,P3,RS,11277.1,NaN,12348.9,NaN,13828.2,NaN,14868.9,p,16368.3,p
A,CP_PPS_EU27_2020_HAB,P3,SE,26206.2,NaN,28112.2,NaN,29413.9,NaN,30867.4,NaN,32083.4,NaN
A,CP_PPS_EU27_2020_HAB,P3,SI,18889.8,NaN,21266.0,NaN,23532.5,NaN,24807.5,NaN,26260.9,NaN
A,CP_PPS_EU27_2020_HAB,P3,SK,17756.6,NaN,19036.2,b,21164.5,NaN,22251.8,NaN,23830.8,NaN
A,CP_PPS_EU27_2020_HAB,P3,TR,12828.3,NaN,13336.4,NaN,16267.3,NaN,18849.7,NaN,,NaN
A,CP_PPS_EU27_2020_HAB,P3,UK,,NaN,,NaN,,NaN,,NaN,,NaN
A,CP_PPS_EU27_2020_HAB,P31_S13,AL,573.7,NaN,625.9,NaN,683.7,NaN,,NaN,,NaN
A,CP_PPS_EU27_2020_HAB,P31_S13,AT,5064.3,NaN,5733.2,NaN,5941.8,NaN,6128.9,NaN,6510.7,NaN
A,CP_PPS_EU27_2020_HAB,P31_S13,BE,5596.4,NaN,5996.9,NaN,6481.7,NaN,6868.0,NaN,7214.6,p
A,CP_PPS_EU27_2020_HAB,P31_S13,BG,1696.4,NaN,1954.6,NaN,2069.7,NaN,2333.4,NaN,2827.5,NaN
A,CP_PPS_EU27_2020_HAB,P31_S13,CY,2864.7,NaN,3282.2,NaN,3531.2,NaN,3849.7,NaN,4141.0,p
A,CP_PPS_EU27_2020_HAB,P31_S13,CZ,3535.2,NaN,3729.1,NaN,3649.8,NaN,3933.0,NaN,4234.9,NaN
A,CP_PPS_EU27_2020_HAB,P31_S13,DE,5300.8,NaN,5662.0,NaN,5902.0,p,5913.1,p,6286.9,p
A,CP_PPS_EU27_2020_HAB,P31_S13,DK,6979.2,NaN,7537.2,NaN,7488.1,NaN,7568.7,NaN,7994.2,NaN
A,CP_PPS_EU27_2020_HAB,P31_S13,EA,4492.0,NaN,4850.9,NaN,5084.6,NaN,5279.0,NaN,5570.3,NaN
A,CP_PPS_EU27_2020_HAB,P31_S13,EA12,4567.8,NaN,4928.6,NaN,5169.0,NaN,5382.9,NaN,5670.6,NaN
A,CP_PPS_EU27_2020_HAB,P31_S13,EA19,4492.0,NaN,4850.9,NaN,5084.6,NaN,5299.2,NaN,5588.8,NaN
A,CP_PPS_EU27_2020_HAB,P31_S13,EA20,4472.0,NaN,4830.3,NaN,5062.8,NaN,5279.0,NaN,5570.3,NaN
A,CP_PPS_EU27_2020_HAB,P31_S13,EE,3037.2,NaN,3242.1,NaN,3322.9,NaN,3580.5,NaN,3881.5,NaN
A,CP_PPS_EU27_2020_HAB,P31_S13,EL,2067.8,p,2229.4,p,2351.9,p,2534.8,p,2538.9,p
A,CP_PPS_EU27_2020_HAB,P31_S13,ES,3284.1,NaN,3600.3,NaN,3803.3,NaN,4050.6,p,4232.1,p
A,CP_PPS_EU27_2020_HAB,P31_S13,EU27_2020,4264.1,b,4606.5,NaN,4801.0,NaN,5021.1,NaN,5326.3,NaN
A,CP_PPS_EU27_2020_HAB,P31_S13,FI,5702.8,NaN,6137.1,NaN,6337.4,NaN,7464.4,b,7726.4,NaN
A,CP_PPS_EU27_2020_HAB,P31_S13,FR,5147.6,NaN,5459.7,NaN,5588.9,NaN,5898.4,p,6115.4,p
A,CP_PPS_EU27_2020_HAB,P31_S13,HR,2648.0,NaN,2835.9,NaN,2881.5,NaN,3244.0,NaN,3779.8,p
A,CP_PPS_EU27_2020_HAB,P31_S13,HU,2195.7,NaN,2397.1,NaN,2551.7,NaN,2663.5,NaN,2866.0,p
A,CP_PPS_EU27_2020_HAB,P31_S13,IE,5280.2,NaN,5860.8,NaN,6305.7,NaN,6859.1,NaN,7183.5,NaN
A,CP_PPS_EU27_2020_HAB,P31_S13,IS,6657.5,p,7230.4,p,7911.5,p,8428.3,p,8712.0,p
A,CP_PPS_EU27_2020_HAB,P31_S13,IT,3415.8,NaN,3676.2,NaN,3906.9,NaN,3999.2,NaN,4158.0,p
A,CP_PPS_EU27_2020_HAB,P31_S13,LT,2881.4,NaN,3146.6,NaN,3224.9,NaN,3532.8,NaN,4031.2,NaN
A,CP_PPS_EU27_2020_HAB,P31_S13,LU,8790.8,NaN,9200.1,NaN,9824.9,NaN,10276.7,NaN,10995.4,p
A,CP_PPS_EU27_2020_HAB,P31_S13,LV,1983.1,NaN,2557.7,NaN,2488.0,NaN,2840.0,NaN,3147.3,NaN
A,CP_PPS_EU27_2020_HAB,P31_S13,ME,1591.6,NaN,1613.0,NaN,1721.5,NaN,1986.4,NaN,2105.9,NaN
A,CP_PPS_EU27_2020_HAB,P31_S13,MK,1215.6,e,1092.1,e,1060.2,e,1122.3,e,1153.2,e
A,CP_PPS_EU27_2020_HAB,P31_S13,MT,3763.3,NaN,4048.1,NaN,3876.4,NaN,4026.2,NaN,4442.2,NaN
A,CP_PPS_EU27_2020_HAB,P31_S13,NL,6973.0,NaN,7612.9,NaN,8030.8,NaN,8490.5,p,9246.6,p
A,CP_PPS_EU27_2020_HAB,P31_S13,NO,7446.3,NaN,8522.0,NaN,9340.6,NaN,9472.6,NaN,9771.8,NaN
A,CP_PPS_EU27_2020_HAB,P31_S13,PL,2447.9,b,2739.6,NaN,2827.1,b,3090.0,NaN,3653.5,NaN
A,CP_PPS_EU27_2020_HAB,P31_S13,PT,2416.0,NaN,2667.8,NaN,2869.5,NaN,3024.9,NaN,3312.2,p
A,CP_PPS_EU27_2020_HAB,P31_S13,RO,1830.9,NaN,1917.8,NaN,2028.4,NaN,2321.5,NaN,2509.3,p
A,CP_PPS_EU27_2020_HAB,P31_S13,RS,1389.8,NaN,1477.5,NaN,1627.7,NaN,1741.8,p,1965.2,p
A,CP_PPS_EU27_2020_HAB,P31_S13,SE,7208.9,NaN,7618.8,NaN,7670.4,NaN,8198.7,NaN,8545.8,NaN
A,CP_PPS_EU27_2020_HAB,P31_S13,SI,3373.1,NaN,3751.8,NaN,3831.8,NaN,4061.4,NaN,4636.5,NaN
A,CP_PPS_EU27_2020_HAB,P31_S13,SK,2128.5,NaN,2383.2,b,2606.5,NaN,2786.8,NaN,3003.2,NaN
A,CP_PPS_EU27_2020_HAB,P31_S13,TR,1705.1,NaN,1665.5,NaN,1724.0,NaN,2198.4,NaN,,NaN
A,CP_PPS_EU27_2020_HAB,P31_S13,UK,,NaN,,NaN,,NaN,,NaN,,NaN
A,CP_PPS_EU27_2020_HAB,P31_S14,AL,6830.2,NaN,7283.4,NaN,8595.7,NaN,,NaN,,NaN
A,CP_PPS_EU27_2020_HAB,P31_S14,AT,17811.0,NaN,19121.0,NaN,21750.3,NaN,22892.2,NaN,23379.4,NaN
A,CP_PPS_EU27_2020_HAB,P31_S14,BE,17639.4,NaN,18907.4,NaN,21500.1,NaN,22906.9,NaN,23766.1,p
A,CP_PPS_EU27_2020_HAB,P31_S14,BG,10057.6,NaN,11352.2,NaN,12897.3,NaN,13888.3,NaN,15077.5,NaN
A,CP_PPS_EU27_2020_HAB,P31_S14,CY,16460.1,NaN,16968.4,NaN,19549.8,NaN,21222.6,NaN,22022.9,p
A,CP_PPS_EU27_2020_HAB,P31_S14,CZ,13475.4,NaN,14124.4,NaN,15314.9,NaN,16059.0,NaN,16910.3,NaN
A,CP_PPS_EU27_2020_HAB,P31_S14,DE,18658.0,NaN,19675.5,NaN,22152.2,p,23159.3,p,23818.0,p
A,CP_PPS_EU27_2020_HAB,P31_S14,DK,18178.1,NaN,19716.1,NaN,20424.6,NaN,20487.1,NaN,21150.8,NaN
A,CP_PPS_EU27_2020_HAB,P31_S14,EA,16146.7,NaN,17345.2,NaN,19479.7,NaN,20671.4,NaN,21382.6,NaN
A,CP_PPS_EU27_2020_HAB,P31_S14,EA12,16292.8,NaN,17492.1,NaN,19643.5,NaN,20899.4,NaN,21604.5,NaN
A,CP_PPS_EU27_2020_HAB,P31_S14,EA19,16146.7,NaN,17345.2,NaN,19479.7,NaN,20721.7,NaN,21431.8,NaN
A,CP_PPS_EU27_2020_HAB,P31_S14,EA20,16089.0,NaN,17293.4,NaN,19425.5,NaN,20671.4,NaN,21382.6,NaN
A,CP_PPS_EU27_2020_HAB,P31_S14,EE,12753.2,NaN,13741.8,NaN,15438.0,NaN,15843.4,NaN,16342.4,NaN
A,CP_PPS_EU27_2020_HAB,P31_S14,EL,13115.5,p,14237.3,p,16695.3,p,17849.5,p,18645.9,p
A,CP_PPS_EU27_2020_HAB,P31_S14,ES,13812.4,NaN,15557.3,NaN,17498.0,NaN,18741.7,p,19736.3,p
A,CP_PPS_EU27_2020_HAB,P31_S14,EU27_2020,15388.6,b,16566.8,NaN,18544.5,NaN,19720.1,NaN,20488.7,NaN
A,CP_PPS_EU27_2020_HAB,P31_S14,FI,16458.0,NaN,17578.7,NaN,18678.5,NaN,19833.7,NaN,20158.1,NaN
A,CP_PPS_EU27_2020_HAB,P31_S14,FR,16218.1,NaN,16926.4,NaN,18187.0,NaN,19805.8,p,20461.5,p
A,CP_PPS_EU27_2020_HAB,P31_S14,HR,11588.9,NaN,13367.0,NaN,15212.3,NaN,16626.0,NaN,17402.1,p
A,CP_PPS_EU27_2020_HAB,P31_S14,HU,10831.6,NaN,11582.6,NaN,13301.1,NaN,13835.1,NaN,15026.5,p
A,CP_PPS_EU27_2020_HAB,P31_S14,IE,15226.3,NaN,17422.2,NaN,20486.0,NaN,22566.1,NaN,23753.8,NaN
A,CP_PPS_EU27_2020_HAB,P31_S14,IS,18229.2,p,20109.2,p,22944.2,p,24154.5,p,24302.0,p
A,CP_PPS_EU27_2020_HAB,P31_S14,IT,16282.5,NaN,17740.6,NaN,20413.6,NaN,21518.0,NaN,22099.9,p
A,CP_PPS_EU27_2020_HAB,P31_S14,LT,14710.3,NaN,16387.3,NaN,17960.8,NaN,18570.3,NaN,19191.9,NaN
A,CP_PPS_EU27_2020_HAB,P31_S14,LU,21971.4,NaN,24587.8,NaN,27089.0,NaN,28621.7,NaN,29765.2,p
A,CP_PPS_EU27_2020_HAB,P31_S14,LV,11335.6,NaN,12812.0,NaN,14545.3,NaN,15485.4,NaN,16241.2,NaN
A,CP_PPS_EU27_2020_HAB,P31_S14,ME,10555.4,NaN,10974.8,NaN,13148.7,NaN,14838.7,NaN,16943.7,NaN
A,CP_PPS_EU27_2020_HAB,P31_S14,MK,8300.0,e,9438.2,e,10337.1,e,10726.3,e,11137.8,e
A,CP_PPS_EU27_2020_HAB,P31_S14,MT,13080.1,NaN,14374.6,NaN,15842.3,NaN,18326.4,NaN,19437.5,NaN
A,CP_PPS_EU27_2020_HAB,P31_S14,NL,16750.7,NaN,18316.8,NaN,20924.0,NaN,22037.1,p,22759.1,p
A,CP_PPS_EU27_2020_HAB,P31_S14,NO,17572.3,NaN,20149.8,NaN,23519.2,NaN,23513.4,NaN,23929.1,NaN
A,CP_PPS_EU27_2020_HAB,P31_S14,PL,13342.9,b,14558.8,NaN,16086.8,b,16746.6,NaN,17707.5,NaN
A,CP_PPS_EU27_2020_HAB,P31_S14,PT,14131.4,NaN,15149.2,NaN,17265.9,NaN,18634.1,NaN,19466.1,p
A,CP_PPS_EU27_2020_HAB,P31_S14,RO,13148.5,NaN,14527.6,NaN,16489.3,NaN,17884.9,NaN,19214.6,p
A,CP_PPS_EU27_2020_HAB,P31_S14,RS,8543.7,NaN,9385.8,NaN,10633.7,NaN,11497.7,p,12570.8,p
A,CP_PPS_EU27_2020_HAB,P31_S14,SE,16013.3,NaN,17315.9,NaN,18355.8,NaN,19015.5,NaN,19677.8,NaN
A,CP_PPS_EU27_2020_HAB,P31_S14,SI,13127.9,NaN,14894.3,NaN,16933.3,NaN,17704.0,NaN,18452.9,NaN
A,CP_PPS_EU27_2020_HAB,P31_S14,SK,12743.4,NaN,13606.2,b,15429.3,NaN,16156.8,NaN,17216.4,NaN
A,CP_PPS_EU27_2020_HAB,P31_S14,TR,9955.8,NaN,10597.6,NaN,13246.8,NaN,15060.8,NaN,,NaN
A,CP_PPS_EU27_2020_HAB,P31_S14,UK,,NaN,,NaN,,NaN,,NaN,,NaN
A,CP_PPS_EU27_2020_HAB,P31_S14_S15,AL,6911.0,NaN,7375.0,NaN,8697.7,NaN,,NaN,,NaN
A,CP_PPS_EU27_2020_HAB,P31_S14_S15,AT,18537.9,NaN,19951.5,NaN,22631.7,NaN,23866.1,NaN,24443.1,NaN
A,CP_PPS_EU27_2020_HAB,P31_S14_S15,BE,18013.6,NaN,19316.1,NaN,21951.7,NaN,23395.5,NaN,24288.7,p
A,CP_PPS_EU27_2020_HAB,P31_S14_S15,BG,10132.9,NaN,11436.2,NaN,13002.2,NaN,13999.1,NaN,15189.9,NaN
A,CP_PPS_EU27_2020_HAB,P31_S14_S15,CY,16730.0,NaN,17281.2,NaN,19882.7,NaN,21586.6,NaN,22407.4,p
A,CP_PPS_EU27_2020_HAB,P31_S14_S15,CZ,13738.7,NaN,14409.2,NaN,15612.6,NaN,16386.7,NaN,17292.0,NaN
A,CP_PPS_EU27_2020_HAB,P31_S14_S15,DE,19243.0,NaN,20272.1,NaN,22782.4,p,23794.0,p,24477.3,p
A,CP_PPS_EU27_2020_HAB,P31_S14_S15,DK,18758.0,NaN,20312.7,NaN,21069.2,NaN,21160.0,NaN,21876.6,NaN
A,CP_PPS_EU27_2020_HAB,P31_S14_S15,EA,16593.8,NaN,17819.7,NaN,19995.6,NaN,21212.6,NaN,21948.7,NaN
A,CP_PPS_EU27_2020_HAB,P31_S14_S15,EA12,16748.1,NaN,17975.1,NaN,20168.4,NaN,21451.5,NaN,22181.9,NaN
A,CP_PPS_EU27_2020_HAB,P31_S14_S15,EA19,16593.8,NaN,17819.7,NaN,19995.6,NaN,21264.8,NaN,21999.7,NaN
A,CP_PPS_EU27_2020_HAB,P31_S14_S15,EA20,16534.0,NaN,17766.0,NaN,19939.4,NaN,21212.6,NaN,21948.7,NaN
A,CP_PPS_EU27_2020_HAB,P31_S14_S15,EE,13207.6,NaN,14225.1,NaN,15958.4,NaN,16398.7,NaN,16933.7,NaN
A,CP_PPS_EU27_2020_HAB,P31_S14_S15,EL,13405.5,p,14541.1,p,17028.0,p,18191.1,p,18996.3,p
A,CP_PPS_EU27_2020_HAB,P31_S14_S15,ES,14100.4,NaN,15877.1,NaN,17866.0,NaN,19128.0,p,20135.2,p
A,CP_PPS_EU27_2020_HAB,P31_S14_S15,EU27_2020,15803.1,b,17005.7,NaN,19021.5,NaN,20225.7,NaN,21020.2,NaN
A,CP_PPS_EU27_2020_HAB,P31_S14_S15,FI,17094.7,NaN,18237.1,NaN,19431.2,NaN,20573.4,NaN,20913.8,NaN
A,CP_PPS_EU27_2020_HAB,P31_S14_S15,FR,16928.7,NaN,17672.4,NaN,18997.7,NaN,20680.2,p,21369.4,p
A,CP_PPS_EU27_2020_HAB,P31_S14_S15,HR,11835.3,NaN,13653.9,NaN,15529.2,NaN,16989.1,NaN,17807.8,p
A,CP_PPS_EU27_2020_HAB,P31_S14_S15,HU,11294.9,NaN,12063.5,NaN,13859.8,NaN,14495.4,NaN,15710.3,p
A,CP_PPS_EU27_2020_HAB,P31_S14_S15,IE,15514.7,NaN,17708.4,NaN,20790.3,NaN,22882.3,NaN,24176.5,NaN
A,CP_PPS_EU27_2020_HAB,P31_S14_S15,IS,19140.6,p,21115.8,p,24022.8,p,25309.0,p,25487.8,p
A,CP_PPS_EU27_2020_HAB,P31_S14_S15,IT,16422.1,NaN,17898.5,NaN,20583.1,NaN,21707.4,NaN,22296.7,p
A,CP_PPS_EU27_2020_HAB,P31_S14_S15,LT,14770.6,NaN,16442.6,NaN,18017.1,NaN,18636.8,NaN,19270.4,NaN
A,CP_PPS_EU27_2020_HAB,P31_S14_S15,LU,23636.4,NaN,26413.1,NaN,29078.4,NaN,30832.7,NaN,32059.2,p
A,CP_PPS_EU27_2020_HAB,P31_S14_S15,LV,11591.8,NaN,13100.0,NaN,14846.2,NaN,15765.2,NaN,16519.3,NaN
A,CP_PPS_EU27_2020_HAB,P31_S14_S15,ME,10750.0,NaN,11176.7,NaN,13385.8,NaN,15121.5,NaN,17248.7,NaN
A,CP_PPS_EU27_2020_HAB,P31_S14_S15,MK,8407.0,e,9573.7,e,10490.2,e,10891.4,e,11321.8,e
A,CP_PPS_EU27_2020_HAB,P31_S14_S15,MT,13616.0,NaN,14959.8,NaN,16470.3,NaN,18998.5,NaN,20182.5,NaN
A,CP_PPS_EU27_2020_HAB,P31_S14_S15,NL,17076.5,NaN,18663.3,NaN,21286.1,NaN,22412.0,p,23150.2,p
A,CP_PPS_EU27_2020_HAB,P31_S14_S15,NO,18626.5,NaN,21349.0,NaN,24997.4,NaN,25017.9,NaN,25450.4,NaN
A,CP_PPS_EU27_2020_HAB,P31_S14_S15,PL,13562.9,b,14791.0,NaN,16365.4,b,17047.0,NaN,18040.6,NaN
A,CP_PPS_EU27_2020_HAB,P31_S14_S15,PT,14509.7,NaN,15541.1,NaN,17710.6,NaN,19132.4,NaN,19992.5,p
A,CP_PPS_EU27_2020_HAB,P31_S14_S15,RO,13348.7,NaN,14698.0,NaN,16662.9,NaN,18093.6,NaN,19441.6,p
A,CP_PPS_EU27_2020_HAB,P31_S14_S15,RS,8675.3,NaN,9547.5,NaN,10808.8,NaN,11674.8,p,12768.0,p
A,CP_PPS_EU27_2020_HAB,P31_S14_S15,SE,16452.4,NaN,17788.2,NaN,18834.1,NaN,19536.3,NaN,20230.4,NaN
A,CP_PPS_EU27_2020_HAB,P31_S14_S15,SI,13363.1,NaN,15165.1,NaN,17288.2,NaN,18072.8,NaN,18854.0,NaN
A,CP_PPS_EU27_2020_HAB,P31_S14_S15,SK,12964.6,NaN,13850.9,b,15720.3,NaN,16503.7,NaN,17550.5,NaN
A,CP_PPS_EU27_2020_HAB,P31_S14_S15,TR,10023.7,NaN,10664.9,NaN,13310.5,NaN,15140.7,NaN,,NaN
A,CP_PPS_EU27_2020_HAB,P31_S14_S15,UK,,NaN,,NaN,,NaN,,NaN,,NaN
A,CP_PPS_EU27_2020_HAB,P31_S15,AL,80.7,NaN,91.6,NaN,102.0,NaN,,NaN,,NaN
A,CP_PPS_EU27_2020_HAB,P31_S15,AT,726.9,NaN,830.4,NaN,881.3,NaN,973.8,NaN,1063.8,NaN
A,CP_PPS_EU27_2020_HAB,P31_S15,BE,374.2,NaN,408.6,NaN,451.7,NaN,488.6,NaN,522.7,p
A,CP_PPS_EU27_2020_HAB,P31_S15,BG,75.3,NaN,84.0,NaN,104.9,NaN,110.7,NaN,112.5,NaN
A,CP_PPS_EU27_2020_HAB,P31_S15,CY,269.9,NaN,312.7,NaN,332.9,NaN,364.0,NaN,384.4,p
A,CP_PPS_EU27_2020_HAB,P31_S15,CZ,263.4,NaN,284.8,NaN,297.6,NaN,327.7,NaN,381.7,NaN
A,CP_PPS_EU27_2020_HAB,P31_S15,DE,585.0,NaN,596.6,NaN,630.2,p,634.8,p,659.3,p
A,CP_PPS_EU27_2020_HAB,P31_S15,DK,579.9,NaN,596.6,NaN,644.6,NaN,672.8,NaN,725.8,NaN
A,CP_PPS_EU27_2020_HAB,P31_S15,EA,447.1,NaN,474.5,NaN,516.0,NaN,541.2,NaN,566.2,NaN
A,CP_PPS_EU27_2020_HAB,P31_S15,EA12,455.4,NaN,483.0,NaN,524.9,NaN,552.1,NaN,577.5,NaN
A,CP_PPS_EU27_2020_HAB,P31_S15,EA19,447.1,NaN,474.5,NaN,516.0,NaN,543.1,NaN,567.9,NaN
A,CP_PPS_EU27_2020_HAB,P31_S15,EA20,445.0,NaN,472.6,NaN,513.9,NaN,541.2,NaN,566.2,NaN
A,CP_PPS_EU27_2020_HAB,P31_S15,EE,454.4,NaN,483.3,NaN,520.4,NaN,555.3,NaN,591.4,NaN
A,CP_PPS_EU27_2020_HAB,P31_S15,EL,289.9,p,303.8,p,332.8,p,341.6,p,350.4,p
A,CP_PPS_EU27_2020_HAB,P31_S15,ES,288.0,NaN,319.8,NaN,368.0,NaN,386.3,p,398.9,p
A,CP_PPS_EU27_2020_HAB,P31_S15,EU27_2020,414.5,b,438.9,NaN,476.9,NaN,505.6,NaN,531.5,NaN
A,CP_PPS_EU27_2020_HAB,P31_S15,FI,636.7,NaN,658.4,NaN,752.7,NaN,739.6,NaN,755.7,NaN
A,CP_PPS_EU27_2020_HAB,P31_S15,FR,710.6,NaN,746.0,NaN,810.7,NaN,874.4,p,907.9,p
A,CP_PPS_EU27_2020_HAB,P31_S15,HR,246.4,NaN,286.9,NaN,316.9,NaN,363.1,NaN,405.7,p
A,CP_PPS_EU27_2020_HAB,P31_S15,HU,463.3,NaN,480.9,NaN,558.7,NaN,660.3,NaN,683.8,p
A,CP_PPS_EU27_2020_HAB,P31_S15,IE,288.3,NaN,286.2,NaN,304.3,NaN,316.2,NaN,422.7,NaN
A,CP_PPS_EU27_2020_HAB,P31_S15,IS,911.4,p,1006.6,p,1078.6,p,1154.5,p,1185.9,p
A,CP_PPS_EU27_2020_HAB,P31_S15,IT,139.6,NaN,157.9,NaN,169.5,NaN,189.5,NaN,196.8,p
A,CP_PPS_EU27_2020_HAB,P31_S15,LT,60.4,NaN,55.2,NaN,56.4,NaN,66.4,NaN,78.5,NaN
A,CP_PPS_EU27_2020_HAB,P31_S15,LU,1665.0,NaN,1825.2,NaN,1989.4,NaN,2210.9,NaN,2293.9,p
A,CP_PPS_EU27_2020_HAB,P31_S15,LV,256.2,NaN,288.0,NaN,300.9,NaN,279.8,NaN,278.2,NaN
A,CP_PPS_EU27_2020_HAB,P31_S15,ME,194.5,NaN,201.9,NaN,237.0,NaN,282.8,NaN,305.1,NaN
A,CP_PPS_EU27_2020_HAB,P31_S15,MK,107.0,e,135.5,e,153.1,e,165.1,e,184.0,e
A,CP_PPS_EU27_2020_HAB,P31_S15,MT,535.9,NaN,585.3,NaN,628.0,NaN,672.1,NaN,745.0,NaN
A,CP_PPS_EU27_2020_HAB,P31_S15,NL,325.8,NaN,346.5,NaN,362.0,NaN,374.8,p,391.1,p
A,CP_PPS_EU27_2020_HAB,P31_S15,NO,1054.2,NaN,1199.1,NaN,1478.3,NaN,1504.5,NaN,1521.3,NaN
A,CP_PPS_EU27_2020_HAB,P31_S15,PL,220.0,b,232.2,NaN,278.6,b,300.4,NaN,333.1,NaN
A,CP_PPS_EU27_2020_HAB,P31_S15,PT,378.3,NaN,391.8,NaN,444.8,NaN,498.3,NaN,526.4,p
A,CP_PPS_EU27_2020_HAB,P31_S15,RO,200.3,NaN,170.3,NaN,173.6,NaN,208.7,NaN,227.0,p
A,CP_PPS_EU27_2020_HAB,P31_S15,RS,131.6,NaN,161.7,NaN,175.1,NaN,177.1,p,197.2,p
A,CP_PPS_EU27_2020_HAB,P31_S15,SE,439.1,NaN,472.3,NaN,478.3,NaN,520.9,NaN,552.5,NaN
A,CP_PPS_EU27_2020_HAB,P31_S15,SI,235.2,NaN,270.9,NaN,354.9,NaN,368.9,NaN,401.1,NaN
A,CP_PPS_EU27_2020_HAB,P31_S15,SK,221.2,NaN,244.7,b,291.0,NaN,346.8,NaN,334.1,NaN
A,CP_PPS_EU27_2020_HAB,P31_S15,TR,67.9,NaN,67.2,NaN,63.6,NaN,79.9,NaN,,NaN
A,CP_PPS_EU27_2020_HAB,P31_S15,UK,,NaN,,NaN,,NaN,,NaN,,NaN
A,CP_PPS_EU27_2020_HAB,P32_S13,AL,693.2,NaN,707.0,NaN,796.6,NaN,,NaN,,NaN
A,CP_PPS_EU27_2020_HAB,P32_S13,AT,2901.8,NaN,3032.9,NaN,3179.9,NaN,3370.8,NaN,3615.1,NaN
A,CP_PPS_EU27_2020_HAB,P32_S13,BE,3091.9,NaN,3200.0,NaN,3492.4,NaN,3724.1,NaN,3900.6,p
A,CP_PPS_EU27_2020_HAB,P32_S13,BG,1679.9,NaN,1776.4,NaN,2033.9,NaN,2148.7,NaN,2410.2,NaN
A,CP_PPS_EU27_2020_HAB,P32_S13,CY,2357.0,NaN,2424.4,NaN,2655.0,NaN,3008.4,NaN,3060.7,p
A,CP_PPS_EU27_2020_HAB,P32_S13,CZ,2719.6,NaN,2647.3,NaN,2649.7,NaN,2859.5,NaN,3047.0,NaN
A,CP_PPS_EU27_2020_HAB,P32_S13,DE,3161.6,NaN,3333.5,NaN,3543.9,p,3795.3,p,3917.8,p
A,CP_PPS_EU27_2020_HAB,P32_S13,DK,2938.0,NaN,3092.9,NaN,3157.6,NaN,3290.1,NaN,3531.4,NaN
A,CP_PPS_EU27_2020_HAB,P32_S13,EA,2710.7,NaN,2833.9,NaN,3025.3,NaN,3197.7,NaN,3340.1,NaN
A,CP_PPS_EU27_2020_HAB,P32_S13,EA12,2729.9,NaN,2853.4,NaN,3048.9,NaN,3226.0,NaN,3363.6,NaN
A,CP_PPS_EU27_2020_HAB,P32_S13,EA19,2710.7,NaN,2833.9,NaN,3025.3,NaN,3202.1,NaN,3342.6,NaN
A,CP_PPS_EU27_2020_HAB,P32_S13,EA20,2704.0,NaN,2828.4,NaN,3019.1,NaN,3197.7,NaN,3340.1,NaN
A,CP_PPS_EU27_2020_HAB,P32_S13,EE,2321.4,NaN,2383.8,NaN,2467.5,NaN,2633.7,NaN,2788.5,NaN
A,CP_PPS_EU27_2020_HAB,P32_S13,EL,2231.6,p,2351.0,p,2423.1,p,2577.7,p,2603.3,p
A,CP_PPS_EU27_2020_HAB,P32_S13,ES,2180.3,NaN,2338.9,NaN,2548.4,NaN,2722.4,p,2789.9,p
A,CP_PPS_EU27_2020_HAB,P32_S13,EU27_2020,2591.0,b,2706.8,NaN,2887.2,NaN,3078.5,NaN,3248.6,NaN
A,CP_PPS_EU27_2020_HAB,P32_S13,FI,2615.1,NaN,2847.5,NaN,2954.3,NaN,2818.2,b,2929.7,NaN
A,CP_PPS_EU27_2020_HAB,P32_S13,FR,2858.5,NaN,2879.9,NaN,3061.1,NaN,3233.6,p,3342.0,p
A,CP_PPS_EU27_2020_HAB,P32_S13,HR,2382.3,NaN,2606.3,NaN,2673.3,NaN,3032.5,NaN,3395.5,p
A,CP_PPS_EU27_2020_HAB,P32_S13,HU,2621.7,NaN,2759.9,NaN,3142.4,NaN,3333.4,NaN,3385.3,p
A,CP_PPS_EU27_2020_HAB,P32_S13,IE,2574.4,NaN,2885.0,NaN,3075.5,NaN,3244.0,NaN,3472.0,NaN
A,CP_PPS_EU27_2020_HAB,P32_S13,IS,3835.3,p,4081.3,p,4428.3,p,4663.5,p,4753.2,p
A,CP_PPS_EU27_2020_HAB,P32_S13,IT,2468.8,NaN,2564.7,NaN,2734.8,NaN,2751.1,NaN,2890.6,p
A,CP_PPS_EU27_2020_HAB,P32_S13,LT,1959.6,NaN,1993.4,NaN,2156.7,NaN,2271.4,NaN,2556.3,NaN
A,CP_PPS_EU27_2020_HAB,P32_S13,LU,5562.2,NaN,5826.7,NaN,6355.8,NaN,6926.6,NaN,7340.6,p
A,CP_PPS_EU27_2020_HAB,P32_S13,LV,2402.0,NaN,2574.6,NaN,2679.9,NaN,2871.7,NaN,2991.4,NaN
A,CP_PPS_EU27_2020_HAB,P32_S13,ME,1527.1,NaN,1415.7,NaN,1414.0,NaN,1613.1,NaN,1748.7,NaN
A,CP_PPS_EU27_2020_HAB,P32_S13,MK,915.2,e,1143.9,e,1206.0,e,1254.4,e,1481.0,e
A,CP_PPS_EU27_2020_HAB,P32_S13,MT,2524.0,NaN,2598.3,NaN,2690.6,NaN,2810.7,NaN,3101.1,NaN
A,CP_PPS_EU27_2020_HAB,P32_S13,NL,3298.4,NaN,3492.6,NaN,3739.9,NaN,4063.2,p,4487.6,p
A,CP_PPS_EU27_2020_HAB,P32_S13,NO,3757.8,NaN,4220.3,NaN,4591.8,NaN,4785.4,NaN,4921.3,NaN
A,CP_PPS_EU27_2020_HAB,P32_S13,PL,2056.9,b,2112.6,NaN,2273.3,b,2513.3,NaN,2890.0,NaN
A,CP_PPS_EU27_2020_HAB,P32_S13,PT,1885.6,NaN,1882.0,NaN,1974.9,NaN,2159.7,NaN,2224.6,p
A,CP_PPS_EU27_2020_HAB,P32_S13,RO,2285.0,NaN,2341.0,NaN,2362.9,NaN,2740.7,NaN,3250.1,p
A,CP_PPS_EU27_2020_HAB,P32_S13,RS,1212.0,NaN,1324.0,NaN,1391.6,NaN,1452.3,p,1635.1,p
A,CP_PPS_EU27_2020_HAB,P32_S13,SE,2545.0,NaN,2705.2,NaN,2909.5,NaN,3132.3,NaN,3307.3,NaN
A,CP_PPS_EU27_2020_HAB,P32_S13,SI,2153.6,NaN,2349.0,NaN,2412.5,NaN,2673.3,NaN,2770.4,NaN
A,CP_PPS_EU27_2020_HAB,P32_S13,SK,2663.4,NaN,2802.1,b,2837.7,NaN,2961.4,NaN,3277.2,NaN
A,CP_PPS_EU27_2020_HAB,P32_S13,TR,1099.5,NaN,1006.0,NaN,1232.8,NaN,1510.6,NaN,,NaN
A,CP_PPS_EU27_2020_HAB,P32_S13,UK,,NaN,,NaN,,NaN,,NaN,,NaN
A,CP_PPS_EU27_2020_HAB,P3_S13,AL,1266.9,NaN,1332.9,NaN,1480.3,NaN,,NaN,,NaN
A,CP_PPS_EU27_2020_HAB,P3_S13,AT,7966.0,NaN,8766.1,NaN,9121.7,NaN,9499.7,NaN,10125.7,NaN
A,CP_PPS_EU27_2020_HAB,P3_S13,BE,8688.3,NaN,9196.9,NaN,9974.1,NaN,10592.0,NaN,11115.2,p
A,CP_PPS_EU27_2020_HAB,P3_S13,BG,3376.4,NaN,3731.0,NaN,4103.6,NaN,4482.1,NaN,5237.6,NaN
A,CP_PPS_EU27_2020_HAB,P3_S13,CY,5221.7,NaN,5706.7,NaN,6186.2,NaN,6858.1,NaN,7201.7,p
A,CP_PPS_EU27_2020_HAB,P3_S13,CZ,6254.8,NaN,6376.4,NaN,6299.6,NaN,6792.6,NaN,7281.9,NaN
A,CP_PPS_EU27_2020_HAB,P3_S13,DE,8462.4,NaN,8995.5,NaN,9445.9,p,9708.5,p,10204.8,p
A,CP_PPS_EU27_2020_HAB,P3_S13,DK,9917.2,NaN,10630.1,NaN,10645.7,NaN,10858.8,NaN,11525.5,NaN
A,CP_PPS_EU27_2020_HAB,P3_S13,EA,7202.7,NaN,7684.8,NaN,8109.9,NaN,8476.7,NaN,8910.4,NaN
A,CP_PPS_EU27_2020_HAB,P3_S13,EA12,7297.7,NaN,7782.0,NaN,8217.9,NaN,8608.9,NaN,9034.2,NaN
A,CP_PPS_EU27_2020_HAB,P3_S13,EA19,7202.7,NaN,7684.8,NaN,8109.9,NaN,8501.3,NaN,8931.5,NaN
A,CP_PPS_EU27_2020_HAB,P3_S13,EA20,7176.0,NaN,7658.6,NaN,8081.8,NaN,8476.7,NaN,8910.4,NaN
A,CP_PPS_EU27_2020_HAB,P3_S13,EE,5358.6,NaN,5625.9,NaN,5790.4,NaN,6214.1,NaN,6670.0,NaN
A,CP_PPS_EU27_2020_HAB,P3_S13,EL,4299.4,p,4580.4,p,4775.1,p,5112.4,p,5142.1,p
A,CP_PPS_EU27_2020_HAB,P3_S13,ES,5464.4,NaN,5939.2,NaN,6351.7,NaN,6773.0,p,7021.9,p
A,CP_PPS_EU27_2020_HAB,P3_S13,EU27_2020,6855.1,b,7313.3,NaN,7688.3,NaN,8099.6,NaN,8574.8,NaN
A,CP_PPS_EU27_2020_HAB,P3_S13,FI,8317.9,NaN,8984.5,NaN,9291.7,NaN,10282.6,NaN,10656.2,NaN
A,CP_PPS_EU27_2020_HAB,P3_S13,FR,8006.1,NaN,8339.6,NaN,8650.0,NaN,9132.0,p,9457.3,p
A,CP_PPS_EU27_2020_HAB,P3_S13,HR,5030.3,NaN,5442.2,NaN,5554.8,NaN,6276.5,NaN,7175.3,p
A,CP_PPS_EU27_2020_HAB,P3_S13,HU,4817.4,NaN,5157.0,NaN,5694.1,NaN,5996.8,NaN,6251.3,p
A,CP_PPS_EU27_2020_HAB,P3_S13,IE,7854.6,NaN,8745.8,NaN,9381.1,NaN,10103.1,NaN,10655.5,NaN
A,CP_PPS_EU27_2020_HAB,P3_S13,IS,10492.8,p,11311.7,p,12339.8,p,13091.8,p,13465.2,p
A,CP_PPS_EU27_2020_HAB,P3_S13,IT,5884.6,NaN,6240.8,NaN,6641.7,NaN,6750.4,NaN,7048.6,p
A,CP_PPS_EU27_2020_HAB,P3_S13,LT,4841.0,NaN,5139.9,NaN,5381.6,NaN,5804.1,NaN,6587.5,NaN
A,CP_PPS_EU27_2020_HAB,P3_S13,LU,14353.0,NaN,15026.8,NaN,16180.7,NaN,17203.2,NaN,18336.0,p
A,CP_PPS_EU27_2020_HAB,P3_S13,LV,4385.0,NaN,5132.3,NaN,5167.8,NaN,5711.7,NaN,6138.7,NaN
A,CP_PPS_EU27_2020_HAB,P3_S13,ME,3118.6,NaN,3028.6,NaN,3135.6,NaN,3599.5,NaN,3854.6,NaN
A,CP_PPS_EU27_2020_HAB,P3_S13,MK,2130.8,e,2236.0,e,2266.2,e,2376.7,e,2634.2,e
A,CP_PPS_EU27_2020_HAB,P3_S13,MT,6287.4,NaN,6646.3,NaN,6567.0,NaN,6837.0,NaN,7543.2,NaN
A,CP_PPS_EU27_2020_HAB,P3_S13,NL,10271.4,NaN,11105.5,NaN,11770.7,NaN,12553.8,p,13734.2,p
A,CP_PPS_EU27_2020_HAB,P3_S13,NO,11204.1,NaN,12742.2,NaN,13932.4,NaN,14258.0,NaN,14693.1,NaN
A,CP_PPS_EU27_2020_HAB,P3_S13,PL,4504.8,b,4852.2,NaN,5100.4,b,5603.4,NaN,6543.5,NaN
A,CP_PPS_EU27_2020_HAB,P3_S13,PT,4301.7,NaN,4549.7,NaN,4844.4,NaN,5184.6,NaN,5536.8,p
A,CP_PPS_EU27_2020_HAB,P3_S13,RO,4115.9,NaN,4258.8,NaN,4391.3,NaN,5062.3,NaN,5759.4,p
A,CP_PPS_EU27_2020_HAB,P3_S13,RS,2601.8,NaN,2801.4,NaN,3019.4,NaN,3194.1,p,3600.3,p
A,CP_PPS_EU27_2020_HAB,P3_S13,SE,9753.9,NaN,10324.0,NaN,10579.8,NaN,11331.0,NaN,11853.1,NaN
A,CP_PPS_EU27_2020_HAB,P3_S13,SI,5526.7,NaN,6100.9,NaN,6244.3,NaN,6734.7,NaN,7406.8,NaN
A,CP_PPS_EU27_2020_HAB,P3_S13,SK,4791.9,NaN,5185.3,b,5444.1,NaN,5748.1,NaN,6280.4,NaN
A,CP_PPS_EU27_2020_HAB,P3_S13,TR,2804.6,NaN,2671.5,NaN,2956.9,NaN,3709.0,NaN,,NaN
A,CP_PPS_EU27_2020_HAB,P3_S13,UK,,NaN,,NaN,,NaN,,NaN,,NaN
A,CP_PPS_EU27_2020_HAB,P41,AL,7484.7,NaN,8000.9,NaN,9381.4,NaN,,NaN,,NaN
A,CP_PPS_EU27_2020_HAB,P41,AT,23602.2,NaN,25684.7,NaN,28573.5,NaN,29995.0,NaN,30953.8,NaN
A,CP_PPS_EU27_2020_HAB,P41,BE,23610.0,NaN,25312.9,NaN,28433.5,NaN,30263.4,NaN,31503.3,p
A,CP_PPS_EU27_2020_HAB,P41,BG,11829.3,NaN,13390.8,NaN,15071.9,NaN,16332.5,NaN,18017.4,NaN
A,CP_PPS_EU27_2020_HAB,P41,CY,19594.7,NaN,20563.4,NaN,23413.9,NaN,25436.4,NaN,26548.4,p
A,CP_PPS_EU27_2020_HAB,P41,CZ,17273.9,NaN,18138.2,NaN,19262.4,NaN,20319.7,NaN,21526.9,NaN
A,CP_PPS_EU27_2020_HAB,P41,DE,24543.8,NaN,25934.0,NaN,28684.4,p,29707.2,p,30764.3,p
A,CP_PPS_EU27_2020_HAB,P41,DK,25737.2,NaN,27849.9,NaN,28557.2,NaN,28728.7,NaN,29870.8,NaN
A,CP_PPS_EU27_2020_HAB,P41,EA,21085.8,NaN,22670.6,NaN,25080.2,NaN,26491.6,NaN,27519.0,NaN
A,CP_PPS_EU27_2020_HAB,P41,EA12,21316.0,NaN,22903.7,NaN,25337.4,NaN,26834.5,NaN,27852.5,NaN
A,CP_PPS_EU27_2020_HAB,P41,EA19,21085.8,NaN,22670.6,NaN,25080.2,NaN,26563.9,NaN,27588.5,NaN
A,CP_PPS_EU27_2020_HAB,P41,EA20,21006.0,NaN,22596.3,NaN,25002.2,NaN,26491.6,NaN,27519.0,NaN
A,CP_PPS_EU27_2020_HAB,P41,EE,16244.8,NaN,17467.2,NaN,19281.4,NaN,19979.2,NaN,20815.2,NaN
A,CP_PPS_EU27_2020_HAB,P41,EL,15473.3,p,16770.5,p,19380.0,p,20725.9,p,21535.2,p
A,CP_PPS_EU27_2020_HAB,P41,ES,17384.4,NaN,19477.5,NaN,21669.2,NaN,23178.6,p,24367.3,p
A,CP_PPS_EU27_2020_HAB,P41,EU27_2020,20067.1,b,21612.2,NaN,23822.5,NaN,25246.8,NaN,26346.5,NaN
A,CP_PPS_EU27_2020_HAB,P41,FI,22797.5,NaN,24374.2,NaN,25768.6,NaN,28037.8,NaN,28640.2,NaN
A,CP_PPS_EU27_2020_HAB,P41,FR,22076.3,NaN,23132.1,NaN,24586.6,NaN,26578.7,p,27484.8,p
A,CP_PPS_EU27_2020_HAB,P41,HR,14483.3,NaN,16489.7,NaN,18410.7,NaN,20233.1,NaN,21587.6,p
A,CP_PPS_EU27_2020_HAB,P41,HU,13490.5,NaN,14460.6,NaN,16411.5,NaN,17158.9,NaN,18576.3,p
A,CP_PPS_EU27_2020_HAB,P41,IE,20794.8,NaN,23569.2,NaN,27096.0,NaN,29741.4,NaN,31360.0,NaN
A,CP_PPS_EU27_2020_HAB,P41,IS,25798.1,p,28346.3,p,31934.4,p,33737.2,p,34199.8,p
A,CP_PPS_EU27_2020_HAB,P41,IT,19837.9,NaN,21574.7,NaN,24490.0,NaN,25706.7,NaN,26454.7,p
A,CP_PPS_EU27_2020_HAB,P41,LT,17652.0,NaN,19589.1,NaN,21242.1,NaN,22169.5,NaN,23301.7,NaN
A,CP_PPS_EU27_2020_HAB,P41,LU,32427.2,NaN,35613.2,NaN,38903.3,NaN,41109.3,NaN,43054.6,p
A,CP_PPS_EU27_2020_HAB,P41,LV,13574.8,NaN,15657.7,NaN,17334.2,NaN,18605.2,NaN,19666.6,NaN
A,CP_PPS_EU27_2020_HAB,P41,ME,12341.5,NaN,12789.7,NaN,15107.3,NaN,17108.0,NaN,19354.7,NaN
A,CP_PPS_EU27_2020_HAB,P41,MK,9622.5,e,10665.8,e,11550.4,e,12013.8,e,12475.0,e
A,CP_PPS_EU27_2020_HAB,P41,MT,17379.3,NaN,19007.9,NaN,20346.7,NaN,23024.7,NaN,24624.7,NaN
A,CP_PPS_EU27_2020_HAB,P41,NL,24049.5,NaN,26276.2,NaN,29316.9,NaN,30902.5,p,32396.8,p
A,CP_PPS_EU27_2020_HAB,P41,NO,26072.8,NaN,29870.9,NaN,34338.0,NaN,34490.5,NaN,35222.1,NaN
A,CP_PPS_EU27_2020_HAB,P41,PL,16010.8,b,17530.6,NaN,19192.5,b,20137.1,NaN,21694.2,NaN
A,CP_PPS_EU27_2020_HAB,P41,PT,16925.7,NaN,18208.8,NaN,20580.2,NaN,22157.3,NaN,23304.8,p
A,CP_PPS_EU27_2020_HAB,P41,RO,15179.7,NaN,16615.7,NaN,18691.3,NaN,20415.1,NaN,21951.0,p
A,CP_PPS_EU27_2020_HAB,P41,RS,10065.1,NaN,11025.0,NaN,12436.6,NaN,13416.6,p,14733.2,p
A,CP_PPS_EU27_2020_HAB,P41,SE,23661.2,NaN,25407.0,NaN,26504.5,NaN,27735.0,NaN,28776.1,NaN
A,CP_PPS_EU27_2020_HAB,P41,SI,16736.2,NaN,18916.9,NaN,21120.0,NaN,22134.2,NaN,23490.5,NaN
A,CP_PPS_EU27_2020_HAB,P41,SK,15093.1,NaN,16234.1,b,18326.8,NaN,19290.4,NaN,20553.7,NaN
A,CP_PPS_EU27_2020_HAB,P41,TR,11728.8,NaN,12330.3,NaN,15034.5,NaN,17339.2,NaN,,NaN
A,CP_PPS_EU27_2020_HAB,P41,UK,,NaN,,NaN,,NaN,,NaN,,NaN
A,PC_EU27_2020_HAB_MEUR_CP,B1GQ,AL,15.5,b,16.3,NaN,18.0,NaN,,NaN,,NaN
A,PC_EU27_2020_HAB_MEUR_CP,B1GQ,AT,139.8,b,136.4,NaN,137.4,NaN,136.4,NaN,134.8,NaN
A,PC_EU27_2020_HAB_MEUR_CP,B1GQ,BA,,NaN,,NaN,,NaN,,NaN,,NaN
A,PC_EU27_2020_HAB_MEUR_CP,B1GQ,BE,131.7,b,131.3,NaN,133.0,NaN,133.2,NaN,131.1,p
A,PC_EU27_2020_HAB_MEUR_CP,B1GQ,BG,30.9,b,33.0,NaN,36.8,NaN,38.2,NaN,40.7,NaN
A,PC_EU27_2020_HAB_MEUR_CP,B1GQ,CH,246.7,b,237.9,NaN,248.1,NaN,241.7,NaN,240.4,NaN
A,PC_EU27_2020_HAB_MEUR_CP,B1GQ,CY,80.7,b,83.7,NaN,87.3,NaN,88.3,NaN,89.5,p
A,PC_EU27_2020_HAB_MEUR_CP,B1GQ,CZ,68.8,b,70.4,NaN,73.8,NaN,76.4,NaN,73.7,NaN
A,PC_EU27_2020_HAB_MEUR_CP,B1GQ,DE,137.7,b,135.0,NaN,133.8,p,132.0,p,129.8,p
A,PC_EU27_2020_HAB_MEUR_CP,B1GQ,DK,175.5,b,176.3,NaN,178.3,NaN,163.9,NaN,164.4,NaN
A,PC_EU27_2020_HAB_MEUR_CP,B1GQ,EA,110.9,b,110.5,NaN,110.3,NaN,109.3,NaN,108.7,NaN
A,PC_EU27_2020_HAB_MEUR_CP,B1GQ,EA12,113.1,b,112.6,NaN,112.4,NaN,111.9,NaN,111.1,NaN
A,PC_EU27_2020_HAB_MEUR_CP,B1GQ,EA19,110.9,b,110.5,NaN,110.3,NaN,109.9,NaN,109.3,NaN
A,PC_EU27_2020_HAB_MEUR_CP,B1GQ,EA20,110.1,b,109.7,NaN,109.6,NaN,109.3,NaN,108.7,NaN
A,PC_EU27_2020_HAB_MEUR_CP,B1GQ,EE,68.7,b,71.1,NaN,75.4,NaN,73.2,NaN,72.6,NaN
A,PC_EU27_2020_HAB_MEUR_CP,B1GQ,EL,51.3,b,52.2,p,54.1,p,55.5,p,56.3,p
A,PC_EU27_2020_HAB_MEUR_CP,B1GQ,ES,78.2,b,78.4,NaN,79.7,NaN,80.7,p,81.7,p
A,PC_EU27_2020_HAB_MEUR_CP,B1GQ,EU27_2020,100.0,NaN,100.0,NaN,100.0,NaN,100.0,NaN,,NaN
A,PC_EU27_2020_HAB_MEUR_CP,B1GQ,FI,140.1,b,135.0,NaN,132.5,NaN,127.5,NaN,122.9,NaN
A,PC_EU27_2020_HAB_MEUR_CP,B1GQ,FR,112.3,b,111.0,NaN,107.7,NaN,107.7,p,106.6,p
A,PC_EU27_2020_HAB_MEUR_CP,B1GQ,HR,42.5,b,45.3,NaN,48.5,NaN,53.5,NaN,55.6,p
A,PC_EU27_2020_HAB_MEUR_CP,B1GQ,HU,47.1,b,48.4,NaN,48.6,NaN,53.6,NaN,53.9,p
A,PC_EU27_2020_HAB_MEUR_CP,B1GQ,IE,248.5,b,264.8,NaN,277.1,NaN,258.2,NaN,261.6,NaN
A,PC_EU27_2020_HAB_MEUR_CP,B1GQ,IS,177.6,b,184.5,p,207.4,p,201.2,p,199.0,p
A,PC_EU27_2020_HAB_MEUR_CP,B1GQ,IT,92.1,b,93.7,NaN,93.7,NaN,94.7,NaN,93.4,p
A,PC_EU27_2020_HAB_MEUR_CP,B1GQ,LI,466.9,b,506.4,NaN,479.5,p,487.0,e,,NaN
A,PC_EU27_2020_HAB_MEUR_CP,B1GQ,LT,58.6,b,60.7,NaN,65.6,NaN,67.4,NaN,68.5,NaN
A,PC_EU27_2020_HAB_MEUR_CP,B1GQ,LU,334.9,b,342.5,NaN,324.0,NaN,320.4,NaN,318.0,p
A,PC_EU27_2020_HAB_MEUR_CP,B1GQ,LV,50.4,b,51.5,NaN,52.9,NaN,54.8,NaN,54.2,NaN
A,PC_EU27_2020_HAB_MEUR_CP,B1GQ,ME,21.7,b,23.7,NaN,26.4,NaN,29.5,NaN,30.7,NaN
A,PC_EU27_2020_HAB_MEUR_CP,B1GQ,MK,19.1,b,19.4,e,20.0,e,20.9,e,21.5,e
A,PC_EU27_2020_HAB_MEUR_CP,B1GQ,MT,91.3,b,96.8,NaN,93.5,NaN,98.4,NaN,101.5,NaN
A,PC_EU27_2020_HAB_MEUR_CP,B1GQ,NL,153.4,b,152.9,NaN,155.4,NaN,153.1,p,156.2,p
A,PC_EU27_2020_HAB_MEUR_CP,B1GQ,NO,196.7,b,236.5,NaN,287.8,NaN,210.8,NaN,200.8,NaN
A,PC_EU27_2020_HAB_MEUR_CP,B1GQ,PL,46.9,b,47.4,NaN,48.5,b,52.1,NaN,56.6,NaN
A,PC_EU27_2020_HAB_MEUR_CP,B1GQ,PT,63.4,b,62.5,NaN,64.5,NaN,66.6,NaN,67.8,p
A,PC_EU27_2020_HAB_MEUR_CP,B1GQ,RO,37.3,b,37.9,NaN,40.8,NaN,44.0,NaN,46.5,p
A,PC_EU27_2020_HAB_MEUR_CP,B1GQ,RS,23.3,b,24.6,NaN,26.4,NaN,29.6,p,31.6,p
A,PC_EU27_2020_HAB_MEUR_CP,B1GQ,SE,151.3,b,154.1,NaN,143.8,NaN,131.6,NaN,131.4,NaN
A,PC_EU27_2020_HAB_MEUR_CP,B1GQ,SI,72.8,b,74.2,NaN,74.6,NaN,78.7,NaN,79.4,NaN
A,PC_EU27_2020_HAB_MEUR_CP,B1GQ,SK,56.6,b,56.3,b,55.8,NaN,59.0,NaN,59.7,NaN
A,PC_EU27_2020_HAB_MEUR_CP,B1GQ,TR,25.1,b,25.3,NaN,28.7,NaN,32.1,NaN,,NaN
A,PC_EU27_2020_HAB_MEUR_CP,B1GQ,UK,,NaN,,NaN,,NaN,,NaN,,NaN
A,PC_EU27_2020_HAB_MEUR_CP,B1GQ,XK,12.5,NaN,13.7,NaN,,NaN,,NaN,,NaN
A,PC_EU27_2020_HAB_MEUR_CP,P3,AL,18.4,b,18.9,NaN,20.3,NaN,,NaN,,NaN
A,PC_EU27_2020_HAB_MEUR_CP,P3,AT,133.5,b,133.4,NaN,132.9,NaN,133.5,NaN,134.1,NaN
A,PC_EU27_2020_HAB_MEUR_CP,P3,BA,,NaN,,NaN,,NaN,,NaN,,NaN
A,PC_EU27_2020_HAB_MEUR_CP,P3,BE,132.1,b,132.3,NaN,135.0,NaN,135.5,NaN,134.3,p
A,PC_EU27_2020_HAB_MEUR_CP,P3,BG,32.2,b,34.6,NaN,38.0,NaN,39.4,NaN,42.3,NaN
A,PC_EU27_2020_HAB_MEUR_CP,P3,CH,212.7,b,200.5,NaN,206.1,NaN,205.2,NaN,203.7,NaN
A,PC_EU27_2020_HAB_MEUR_CP,P3,CY,87.7,b,86.6,NaN,89.6,NaN,91.5,NaN,91.4,p
A,PC_EU27_2020_HAB_MEUR_CP,P3,CZ,63.4,b,65.7,NaN,68.1,NaN,69.2,NaN,67.1,NaN
A,PC_EU27_2020_HAB_MEUR_CP,P3,DE,135.3,b,133.3,NaN,134.4,p,132.4,p,130.9,p
A,PC_EU27_2020_HAB_MEUR_CP,P3,DK,169.2,b,168.7,NaN,158.5,NaN,149.6,NaN,147.6,NaN
A,PC_EU27_2020_HAB_MEUR_CP,P3,EA,111.1,b,110.6,NaN,110.6,NaN,109.6,NaN,108.7,NaN
A,PC_EU27_2020_HAB_MEUR_CP,P3,EA12,113.3,b,112.7,NaN,112.6,NaN,112.1,NaN,111.1,NaN
A,PC_EU27_2020_HAB_MEUR_CP,P3,EA19,111.1,b,110.6,NaN,110.6,NaN,110.2,NaN,109.2,NaN
A,PC_EU27_2020_HAB_MEUR_CP,P3,EA20,110.4,b,109.9,NaN,109.9,NaN,109.6,NaN,108.7,NaN
A,PC_EU27_2020_HAB_MEUR_CP,P3,EE,66.1,b,68.4,NaN,73.4,NaN,73.3,NaN,72.9,NaN
A,PC_EU27_2020_HAB_MEUR_CP,P3,EL,64.9,b,64.2,p,66.6,p,66.6,p,66.3,p
A,PC_EU27_2020_HAB_MEUR_CP,P3,ES,82.0,b,82.8,NaN,82.4,NaN,82.1,p,82.3,p
A,PC_EU27_2020_HAB_MEUR_CP,P3,EU27_2020,100.0,NaN,100.0,NaN,100.0,NaN,100.0,NaN,,NaN
A,PC_EU27_2020_HAB_MEUR_CP,P3,FI,140.8,b,138.7,NaN,134.0,NaN,133.1,NaN,128.1,NaN
A,PC_EU27_2020_HAB_MEUR_CP,P3,FR,119.4,b,118.0,NaN,114.7,NaN,115.0,p,113.4,p
A,PC_EU27_2020_HAB_MEUR_CP,P3,HR,47.8,b,50.2,NaN,52.6,NaN,56.1,NaN,60.2,p
A,PC_EU27_2020_HAB_MEUR_CP,P3,HU,45.0,b,45.9,NaN,46.7,NaN,50.7,NaN,52.6,p
A,PC_EU27_2020_HAB_MEUR_CP,P3,IE,125.2,b,128.2,NaN,132.3,NaN,138.1,NaN,139.3,NaN
A,PC_EU27_2020_HAB_MEUR_CP,P3,IS,189.7,b,198.5,p,211.3,p,201.6,p,201.3,p
A,PC_EU27_2020_HAB_MEUR_CP,P3,IT,97.5,b,97.3,NaN,97.9,NaN,96.7,NaN,94.9,p
A,PC_EU27_2020_HAB_MEUR_CP,P3,LT,58.7,b,61.2,NaN,65.9,NaN,67.1,NaN,68.3,NaN
A,PC_EU27_2020_HAB_MEUR_CP,P3,LU,220.0,b,222.9,NaN,221.5,NaN,223.1,NaN,224.7,p
A,PC_EU27_2020_HAB_MEUR_CP,P3,LV,51.8,b,54.6,NaN,57.5,NaN,58.6,NaN,59.0,NaN
A,PC_EU27_2020_HAB_MEUR_CP,P3,ME,30.7,b,30.4,NaN,34.0,NaN,37.2,NaN,40.0,NaN
A,PC_EU27_2020_HAB_MEUR_CP,P3,MK,21.3,b,22.1,e,22.9,e,23.6,e,23.9,e
A,PC_EU27_2020_HAB_MEUR_CP,P3,MT,76.7,b,78.9,NaN,78.3,NaN,82.8,NaN,85.2,NaN
A,PC_EU27_2020_HAB_MEUR_CP,P3,NL,141.3,b,142.3,NaN,143.7,NaN,145.1,p,146.1,p
A,PC_EU27_2020_HAB_MEUR_CP,P3,NO,184.3,b,194.3,NaN,196.3,NaN,172.2,NaN,168.7,NaN
A,PC_EU27_2020_HAB_MEUR_CP,P3,PL,47.7,b,48.6,NaN,50.0,b,54.0,NaN,59.7,NaN
A,PC_EU27_2020_HAB_MEUR_CP,P3,PT,70.6,b,70.0,NaN,70.7,NaN,70.7,NaN,71.1,p
A,PC_EU27_2020_HAB_MEUR_CP,P3,RO,40.3,b,41.0,NaN,44.1,NaN,46.9,NaN,50.8,p
A,PC_EU27_2020_HAB_MEUR_CP,P3,RS,26.3,b,27.8,NaN,30.0,NaN,32.0,p,34.0,p
A,PC_EU27_2020_HAB_MEUR_CP,P3,SE,145.7,b,149.4,NaN,139.3,NaN,128.3,NaN,127.5,NaN
A,PC_EU27_2020_HAB_MEUR_CP,P3,SI,69.5,b,73.7,NaN,74.1,NaN,75.5,NaN,77.4,NaN
A,PC_EU27_2020_HAB_MEUR_CP,P3,SK,60.0,b,59.9,b,62.3,NaN,62.9,NaN,64.6,NaN
A,PC_EU27_2020_HAB_MEUR_CP,P3,TR,23.2,b,22.5,NaN,25.2,NaN,29.3,NaN,,NaN
A,PC_EU27_2020_HAB_MEUR_CP,P3,UK,,NaN,,NaN,,NaN,,NaN,,NaN
A,PC_EU27_2020_HAB_MEUR_CP,P3,XK,16.8,NaN,18.1,NaN,,NaN,,NaN,,NaN
A,PC_EU27_2020_HAB_MEUR_CP,P31_S13,AL,6.8,b,7.2,NaN,7.6,NaN,,NaN,,NaN
A,PC_EU27_2020_HAB_MEUR_CP,P31_S13,AT,135.5,b,140.6,NaN,138.3,NaN,138.4,NaN,140.4,NaN
A,PC_EU27_2020_HAB_MEUR_CP,P31_S13,BA,,NaN,,NaN,,NaN,,NaN,,NaN
A,PC_EU27_2020_HAB_MEUR_CP,P31_S13,BE,147.1,b,146.9,NaN,152.5,NaN,154.4,NaN,152.1,p
A,PC_EU27_2020_HAB_MEUR_CP,P31_S13,BG,21.5,b,23.6,NaN,25.6,NaN,28.1,NaN,32.6,NaN
A,PC_EU27_2020_HAB_MEUR_CP,P31_S13,CH,120.6,b,118.6,NaN,118.6,NaN,121.8,NaN,,NaN
A,PC_EU27_2020_HAB_MEUR_CP,P31_S13,CY,60.8,b,65.3,NaN,67.5,NaN,69.8,NaN,71.0,p
A,PC_EU27_2020_HAB_MEUR_CP,P31_S13,CZ,59.6,b,62.2,NaN,63.1,NaN,66.3,NaN,64.2,NaN
A,PC_EU27_2020_HAB_MEUR_CP,P31_S13,DE,137.6,b,136.2,NaN,136.9,p,131.8,p,131.8,p
A,PC_EU27_2020_HAB_MEUR_CP,P31_S13,DK,218.8,b,216.9,NaN,208.2,NaN,199.5,NaN,196.3,NaN
A,PC_EU27_2020_HAB_MEUR_CP,P31_S13,EA,111.4,b,111.0,NaN,111.3,NaN,109.9,NaN,109.0,NaN
A,PC_EU27_2020_HAB_MEUR_CP,P31_S13,EA12,114.4,b,113.8,NaN,114.0,NaN,113.2,NaN,112.1,NaN
A,PC_EU27_2020_HAB_MEUR_CP,P31_S13,EA19,111.4,b,111.0,NaN,111.3,NaN,110.6,NaN,109.7,NaN
A,PC_EU27_2020_HAB_MEUR_CP,P31_S13,EA20,110.6,b,110.2,NaN,110.5,NaN,109.9,NaN,109.0,NaN
A,PC_EU27_2020_HAB_MEUR_CP,P31_S13,EE,57.4,b,58.9,NaN,62.4,NaN,65.5,NaN,66.6,NaN
A,PC_EU27_2020_HAB_MEUR_CP,P31_S13,EL,40.3,b,39.5,p,39.9,p,40.9,p,38.7,p
A,PC_EU27_2020_HAB_MEUR_CP,P31_S13,ES,73.1,b,72.1,NaN,72.0,NaN,72.4,p,71.3,p
A,PC_EU27_2020_HAB_MEUR_CP,P31_S13,EU27_2020,100.0,NaN,100.0,NaN,100.0,NaN,100.0,NaN,,NaN
A,PC_EU27_2020_HAB_MEUR_CP,P31_S13,FI,167.9,b,165.1,NaN,164.4,NaN,181.7,b,174.2,NaN
A,PC_EU27_2020_HAB_MEUR_CP,P31_S13,FR,131.0,b,130.8,NaN,129.0,NaN,128.3,p,125.0,p
A,PC_EU27_2020_HAB_MEUR_CP,P31_S13,HR,39.9,b,39.3,NaN,40.0,NaN,44.2,NaN,50.6,p
A,PC_EU27_2020_HAB_MEUR_CP,P31_S13,HU,32.6,b,33.8,NaN,33.9,NaN,37.2,NaN,38.2,p
A,PC_EU27_2020_HAB_MEUR_CP,P31_S13,IE,150.3,b,150.0,NaN,153.9,NaN,162.0,NaN,159.7,NaN
A,PC_EU27_2020_HAB_MEUR_CP,P31_S13,IS,226.5,b,233.7,p,255.8,p,249.6,p,250.1,p
A,PC_EU27_2020_HAB_MEUR_CP,P31_S13,IT,79.3,b,78.2,NaN,78.1,NaN,76.6,NaN,74.7,p
A,PC_EU27_2020_HAB_MEUR_CP,P31_S13,LT,45.9,b,47.1,NaN,50.6,NaN,54.7,NaN,59.1,NaN
A,PC_EU27_2020_HAB_MEUR_CP,P31_S13,LU,270.5,b,261.2,NaN,267.5,NaN,269.2,NaN,272.5,p
A,PC_EU27_2020_HAB_MEUR_CP,P31_S13,LV,34.2,b,40.4,NaN,39.7,NaN,43.7,NaN,45.5,NaN
A,PC_EU27_2020_HAB_MEUR_CP,P31_S13,ME,18.7,b,18.3,NaN,19.7,NaN,22.3,NaN,22.2,NaN
A,PC_EU27_2020_HAB_MEUR_CP,P31_S13,MK,13.1,b,10.8,e,10.6,e,11.3,e,11.0,e
A,PC_EU27_2020_HAB_MEUR_CP,P31_S13,MT,77.0,b,78.1,NaN,73.3,NaN,72.8,NaN,75.9,NaN
A,PC_EU27_2020_HAB_MEUR_CP,P31_S13,NL,191.5,b,192.1,NaN,194.2,NaN,198.8,p,203.5,p
A,PC_EU27_2020_HAB_MEUR_CP,P31_S13,NO,244.5,b,256.4,NaN,262.1,NaN,234.2,NaN,228.1,NaN
A,PC_EU27_2020_HAB_MEUR_CP,P31_S13,PL,34.4,b,35.8,NaN,36.6,b,41.6,NaN,49.3,NaN
A,PC_EU27_2020_HAB_MEUR_CP,P31_S13,PT,48.1,b,49.1,NaN,50.0,NaN,49.6,NaN,51.3,p
A,PC_EU27_2020_HAB_MEUR_CP,P31_S13,RO,22.4,b,21.9,NaN,23.6,NaN,26.5,NaN,28.1,p
A,PC_EU27_2020_HAB_MEUR_CP,P31_S13,RS,17.3,b,17.6,NaN,19.6,NaN,21.1,p,22.7,p
A,PC_EU27_2020_HAB_MEUR_CP,P31_S13,SE,212.9,b,213.7,NaN,202.1,NaN,192.2,NaN,188.8,NaN
A,PC_EU27_2020_HAB_MEUR_CP,P31_S13,SI,65.9,b,68.6,NaN,67.2,NaN,69.7,NaN,76.0,NaN
A,PC_EU27_2020_HAB_MEUR_CP,P31_S13,SK,38.2,b,39.6,b,42.7,NaN,44.4,NaN,45.2,NaN
A,PC_EU27_2020_HAB_MEUR_CP,P31_S13,TR,16.4,b,14.8,NaN,14.9,NaN,19.3,NaN,,NaN
A,PC_EU27_2020_HAB_MEUR_CP,P31_S13,UK,,NaN,,NaN,,NaN,,NaN,,NaN
A,PC_EU27_2020_HAB_MEUR_CP,P31_S13,XK,6.1,NaN,6.5,NaN,,NaN,,NaN,,NaN
A,PC_EU27_2020_HAB_MEUR_CP,P31_S14,AL,22.6,b,23.2,NaN,24.7,NaN,,NaN,,NaN
A,PC_EU27_2020_HAB_MEUR_CP,P31_S14,AT,132.1,b,130.4,NaN,131.1,NaN,131.6,NaN,131.0,NaN
A,PC_EU27_2020_HAB_MEUR_CP,P31_S14,BA,,NaN,,NaN,,NaN,,NaN,,NaN
A,PC_EU27_2020_HAB_MEUR_CP,P31_S14,BE,128.5,b,128.8,NaN,131.0,NaN,131.1,NaN,130.2,p
A,PC_EU27_2020_HAB_MEUR_CP,P31_S14,BG,35.3,b,38.0,NaN,41.2,NaN,42.5,NaN,45.1,NaN
A,PC_EU27_2020_HAB_MEUR_CP,P31_S14,CH,242.7,b,226.8,NaN,231.5,NaN,229.4,NaN,,NaN
A,PC_EU27_2020_HAB_MEUR_CP,P31_S14,CY,96.9,b,93.9,NaN,96.8,NaN,98.0,NaN,98.2,p
A,PC_EU27_2020_HAB_MEUR_CP,P31_S14,CZ,63.0,b,65.5,NaN,68.5,NaN,68.9,NaN,66.7,NaN
A,PC_EU27_2020_HAB_MEUR_CP,P31_S14,DE,134.2,b,131.6,NaN,133.0,p,131.5,p,129.8,p
A,PC_EU27_2020_HAB_MEUR_CP,P31_S14,DK,157.9,b,157.8,NaN,147.0,NaN,137.5,NaN,135.0,NaN
A,PC_EU27_2020_HAB_MEUR_CP,P31_S14,EA,111.0,b,110.4,NaN,110.4,NaN,109.6,NaN,108.8,NaN
A,PC_EU27_2020_HAB_MEUR_CP,P31_S14,EA12,113.0,b,112.3,NaN,112.2,NaN,111.9,NaN,111.0,NaN
A,PC_EU27_2020_HAB_MEUR_CP,P31_S14,EA19,111.0,b,110.4,NaN,110.4,NaN,110.2,NaN,109.3,NaN
A,PC_EU27_2020_HAB_MEUR_CP,P31_S14,EA20,110.3,b,109.7,NaN,109.8,NaN,109.6,NaN,108.8,NaN
A,PC_EU27_2020_HAB_MEUR_CP,P31_S14,EE,66.8,b,69.5,NaN,75.1,NaN,73.8,NaN,72.9,NaN
A,PC_EU27_2020_HAB_MEUR_CP,P31_S14,EL,70.8,b,70.2,p,73.4,p,73.3,p,74.0,p
A,PC_EU27_2020_HAB_MEUR_CP,P31_S14,ES,85.2,b,86.6,NaN,85.7,NaN,85.3,p,86.4,p
A,PC_EU27_2020_HAB_MEUR_CP,P31_S14,EU27_2020,100.0,NaN,100.0,NaN,100.0,NaN,100.0,NaN,,NaN
A,PC_EU27_2020_HAB_MEUR_CP,P31_S14,FI,134.3,b,131.5,NaN,125.5,NaN,122.9,NaN,118.1,NaN
A,PC_EU27_2020_HAB_MEUR_CP,P31_S14,FR,114.3,b,112.8,NaN,108.7,NaN,109.7,p,108.8,p
A,PC_EU27_2020_HAB_MEUR_CP,P31_S14,HR,48.4,b,51.6,NaN,54.7,NaN,57.6,NaN,60.5,p
A,PC_EU27_2020_HAB_MEUR_CP,P31_S14,HU,44.5,b,45.4,NaN,45.8,NaN,49.2,NaN,52.0,p
A,PC_EU27_2020_HAB_MEUR_CP,P31_S14,IE,120.1,b,124.0,NaN,129.4,NaN,135.7,NaN,137.2,NaN
A,PC_EU27_2020_HAB_MEUR_CP,P31_S14,IS,171.9,b,180.7,p,192.1,p,182.2,p,181.4,p
A,PC_EU27_2020_HAB_MEUR_CP,P31_S14,IT,104.7,b,105.0,NaN,105.7,NaN,105.0,NaN,103.2,p
A,PC_EU27_2020_HAB_MEUR_CP,P31_S14,LT,64.9,b,68.2,NaN,72.9,NaN,73.3,NaN,73.2,NaN
A,PC_EU27_2020_HAB_MEUR_CP,P31_S14,LU,187.3,b,194.1,NaN,191.0,NaN,190.9,NaN,191.7,p
A,PC_EU27_2020_HAB_MEUR_CP,P31_S14,LV,54.2,b,56.3,NaN,60.1,NaN,60.7,NaN,61.1,NaN
A,PC_EU27_2020_HAB_MEUR_CP,P31_S14,ME,34.4,b,34.5,NaN,38.9,NaN,42.3,NaN,46.4,NaN
A,PC_EU27_2020_HAB_MEUR_CP,P31_S14,MK,24.7,b,26.0,e,26.7,e,27.4,e,27.6,e
A,PC_EU27_2020_HAB_MEUR_CP,P31_S14,MT,74.2,b,77.1,NaN,77.5,NaN,84.4,NaN,86.3,NaN
A,PC_EU27_2020_HAB_MEUR_CP,P31_S14,NL,127.4,b,128.5,NaN,131.0,NaN,131.4,p,130.2,p
A,PC_EU27_2020_HAB_MEUR_CP,P31_S14,NO,159.9,b,168.6,NaN,170.9,NaN,148.0,NaN,145.2,NaN
A,PC_EU27_2020_HAB_MEUR_CP,P31_S14,PL,51.9,b,52.9,NaN,54.0,b,57.4,NaN,62.2,NaN
A,PC_EU27_2020_HAB_MEUR_CP,P31_S14,PT,78.0,b,77.5,NaN,77.9,NaN,77.8,NaN,78.3,p
A,PC_EU27_2020_HAB_MEUR_CP,P31_S14,RO,44.6,b,46.2,NaN,49.7,NaN,52.0,NaN,55.9,p
A,PC_EU27_2020_HAB_MEUR_CP,P31_S14,RS,29.4,b,31.1,NaN,33.2,NaN,35.5,p,37.7,p
A,PC_EU27_2020_HAB_MEUR_CP,P31_S14,SE,131.1,b,135.1,NaN,125.2,NaN,113.5,NaN,113.0,NaN
A,PC_EU27_2020_HAB_MEUR_CP,P31_S14,SI,71.1,b,75.8,NaN,76.8,NaN,77.4,NaN,78.6,NaN
A,PC_EU27_2020_HAB_MEUR_CP,P31_S14,SK,63.4,b,62.8,b,65.4,NaN,65.6,NaN,67.4,NaN
A,PC_EU27_2020_HAB_MEUR_CP,P31_S14,TR,26.5,b,26.3,NaN,29.6,NaN,33.6,NaN,,NaN
A,PC_EU27_2020_HAB_MEUR_CP,P31_S14,UK,,NaN,,NaN,,NaN,,NaN,,NaN
A,PC_EU27_2020_HAB_MEUR_CP,P31_S14,XK,21.1,NaN,22.9,NaN,,NaN,,NaN,,NaN
A,PC_EU27_2020_HAB_MEUR_CP,P31_S14_S15,AL,22.2,b,22.9,NaN,24.4,NaN,,NaN,,NaN
A,PC_EU27_2020_HAB_MEUR_CP,P31_S14_S15,AT,133.8,b,132.5,NaN,133.0,NaN,133.7,NaN,133.5,NaN
A,PC_EU27_2020_HAB_MEUR_CP,P31_S14_S15,BA,,NaN,,NaN,,NaN,,NaN,,NaN
A,PC_EU27_2020_HAB_MEUR_CP,P31_S14_S15,BE,127.8,b,128.2,NaN,130.4,NaN,130.6,NaN,129.7,p
A,PC_EU27_2020_HAB_MEUR_CP,P31_S14_S15,BG,34.7,b,37.3,NaN,40.5,NaN,41.8,NaN,44.3,NaN
A,PC_EU27_2020_HAB_MEUR_CP,P31_S14_S15,CH,247.2,b,231.3,NaN,236.1,NaN,234.0,NaN,233.4,NaN
A,PC_EU27_2020_HAB_MEUR_CP,P31_S14_S15,CY,95.9,b,93.1,NaN,95.9,NaN,97.2,NaN,97.4,p
A,PC_EU27_2020_HAB_MEUR_CP,P31_S14_S15,CZ,62.5,b,65.1,NaN,68.1,NaN,68.6,NaN,66.5,NaN
A,PC_EU27_2020_HAB_MEUR_CP,P31_S14_S15,DE,134.7,b,132.1,NaN,133.4,p,131.7,p,130.0,p
A,PC_EU27_2020_HAB_MEUR_CP,P31_S14_S15,DK,158.7,b,158.3,NaN,147.9,NaN,138.4,NaN,136.1,NaN
A,PC_EU27_2020_HAB_MEUR_CP,P31_S14_S15,EA,111.1,b,110.5,NaN,110.5,NaN,109.6,NaN,108.9,NaN
A,PC_EU27_2020_HAB_MEUR_CP,P31_S14_S15,EA12,113.1,b,112.5,NaN,112.3,NaN,112.0,NaN,111.1,NaN
A,PC_EU27_2020_HAB_MEUR_CP,P31_S14_S15,EA19,111.1,b,110.5,NaN,110.5,NaN,110.2,NaN,109.4,NaN
A,PC_EU27_2020_HAB_MEUR_CP,P31_S14_S15,EA20,110.3,b,109.8,NaN,109.8,NaN,109.6,NaN,108.9,NaN
A,PC_EU27_2020_HAB_MEUR_CP,P31_S14_S15,EE,67.4,b,70.0,NaN,75.7,NaN,74.4,NaN,73.7,NaN
A,PC_EU27_2020_HAB_MEUR_CP,P31_S14_S15,EL,70.4,b,69.8,p,73.0,p,72.9,p,73.4,p
A,PC_EU27_2020_HAB_MEUR_CP,P31_S14_S15,ES,84.7,b,86.1,NaN,85.4,NaN,84.9,p,85.9,p
A,PC_EU27_2020_HAB_MEUR_CP,P31_S14_S15,EU27_2020,100.0,NaN,100.0,NaN,100.0,NaN,100.0,NaN,,NaN
A,PC_EU27_2020_HAB_MEUR_CP,P31_S14_S15,FI,135.8,b,132.9,NaN,127.3,NaN,124.3,NaN,119.5,NaN
A,PC_EU27_2020_HAB_MEUR_CP,P31_S14_S15,FR,116.2,b,114.7,NaN,110.6,NaN,111.7,p,110.7,p
A,PC_EU27_2020_HAB_MEUR_CP,P31_S14_S15,HR,48.1,b,51.3,NaN,54.4,NaN,57.4,NaN,60.4,p
A,PC_EU27_2020_HAB_MEUR_CP,P31_S14_S15,HU,45.2,b,46.0,NaN,46.5,NaN,50.2,NaN,53.0,p
A,PC_EU27_2020_HAB_MEUR_CP,P31_S14_S15,IE,119.2,b,122.8,NaN,128.0,NaN,134.2,NaN,136.2,NaN
A,PC_EU27_2020_HAB_MEUR_CP,P31_S14_S15,IS,175.7,b,184.9,p,196.1,p,186.1,p,185.4,p
A,PC_EU27_2020_HAB_MEUR_CP,P31_S14_S15,IT,102.9,b,103.2,NaN,103.9,NaN,103.2,NaN,101.5,p
A,PC_EU27_2020_HAB_MEUR_CP,P31_S14_S15,LT,63.4,b,66.7,NaN,71.3,NaN,71.7,NaN,71.6,NaN
A,PC_EU27_2020_HAB_MEUR_CP,P31_S14_S15,LU,196.3,b,203.2,NaN,199.8,NaN,200.5,NaN,201.3,p
A,PC_EU27_2020_HAB_MEUR_CP,P31_S14_S15,LV,53.9,b,56.1,NaN,59.9,NaN,60.3,NaN,60.6,NaN
A,PC_EU27_2020_HAB_MEUR_CP,P31_S14_S15,ME,34.2,b,34.3,NaN,38.6,NaN,42.1,NaN,46.0,NaN
A,PC_EU27_2020_HAB_MEUR_CP,P31_S14_S15,MK,24.4,b,25.7,e,26.4,e,27.2,e,27.3,e
A,PC_EU27_2020_HAB_MEUR_CP,P31_S14_S15,MT,75.2,b,78.1,NaN,78.6,NaN,85.3,NaN,87.3,NaN
A,PC_EU27_2020_HAB_MEUR_CP,P31_S14_S15,NL,126.5,b,127.6,NaN,129.9,NaN,130.3,p,129.1,p
A,PC_EU27_2020_HAB_MEUR_CP,P31_S14_S15,NO,165.0,b,174.0,NaN,177.0,NaN,153.6,NaN,150.6,NaN
A,PC_EU27_2020_HAB_MEUR_CP,P31_S14_S15,PL,51.4,b,52.4,NaN,53.5,b,57.0,NaN,61.7,NaN
A,PC_EU27_2020_HAB_MEUR_CP,P31_S14_S15,PT,78.0,b,77.4,NaN,77.9,NaN,77.9,NaN,78.4,p
A,PC_EU27_2020_HAB_MEUR_CP,P31_S14_S15,RO,44.1,b,45.5,NaN,49.0,NaN,51.3,NaN,55.2,p
A,PC_EU27_2020_HAB_MEUR_CP,P31_S14_S15,RS,29.1,b,30.8,NaN,32.9,NaN,35.1,p,37.3,p
A,PC_EU27_2020_HAB_MEUR_CP,P31_S14_S15,SE,131.1,b,135.2,NaN,125.2,NaN,113.7,NaN,113.2,NaN
A,PC_EU27_2020_HAB_MEUR_CP,P31_S14_S15,SI,70.5,b,75.1,NaN,76.5,NaN,77.0,NaN,78.3,NaN
A,PC_EU27_2020_HAB_MEUR_CP,P31_S14_S15,SK,62.8,b,62.3,b,65.0,NaN,65.3,NaN,67.0,NaN
A,PC_EU27_2020_HAB_MEUR_CP,P31_S14_S15,TR,26.0,b,25.7,NaN,29.0,NaN,32.9,NaN,,NaN
A,PC_EU27_2020_HAB_MEUR_CP,P31_S14_S15,UK,,NaN,,NaN,,NaN,,NaN,,NaN
A,PC_EU27_2020_HAB_MEUR_CP,P31_S14_S15,XK,20.6,NaN,22.4,NaN,,NaN,,NaN,,NaN
A,PC_EU27_2020_HAB_MEUR_CP,P31_S15,AL,9.9,b,11.0,NaN,11.4,NaN,,NaN,,NaN
A,PC_EU27_2020_HAB_MEUR_CP,P31_S15,AT,200.1,b,213.7,NaN,206.5,NaN,218.3,NaN,229.8,NaN
A,PC_EU27_2020_HAB_MEUR_CP,P31_S15,BA,,NaN,,NaN,,NaN,,NaN,,NaN
A,PC_EU27_2020_HAB_MEUR_CP,P31_S15,BE,101.2,b,105.1,NaN,107.0,NaN,109.1,NaN,110.4,p
A,PC_EU27_2020_HAB_MEUR_CP,P31_S15,BG,9.8,b,10.6,NaN,13.0,NaN,13.2,NaN,13.0,NaN
A,PC_EU27_2020_HAB_MEUR_CP,P31_S15,CH,412.1,b,401.3,NaN,411.7,NaN,413.0,NaN,,NaN
A,PC_EU27_2020_HAB_MEUR_CP,P31_S15,CY,59.0,b,65.3,NaN,64.1,NaN,65.6,NaN,66.1,p
A,PC_EU27_2020_HAB_MEUR_CP,P31_S15,CZ,45.7,b,49.8,NaN,51.8,NaN,54.8,NaN,58.0,NaN
A,PC_EU27_2020_HAB_MEUR_CP,P31_S15,DE,156.2,b,150.6,NaN,147.2,p,140.5,p,138.5,p
A,PC_EU27_2020_HAB_MEUR_CP,P31_S15,DK,187.0,b,180.2,NaN,180.4,NaN,176.1,NaN,178.6,NaN
A,PC_EU27_2020_HAB_MEUR_CP,P31_S15,EA,114.1,b,114.0,NaN,113.7,NaN,111.9,NaN,111.0,NaN
A,PC_EU27_2020_HAB_MEUR_CP,P31_S15,EA12,117.3,b,117.1,NaN,116.6,NaN,115.3,NaN,114.4,NaN
A,PC_EU27_2020_HAB_MEUR_CP,P31_S15,EA19,114.1,b,114.0,NaN,113.7,NaN,112.6,NaN,111.7,NaN
A,PC_EU27_2020_HAB_MEUR_CP,P31_S15,EA20,113.2,b,113.2,NaN,112.9,NaN,111.9,NaN,111.0,NaN
A,PC_EU27_2020_HAB_MEUR_CP,P31_S15,EE,88.4,b,92.2,NaN,98.4,NaN,100.8,NaN,101.7,NaN
A,PC_EU27_2020_HAB_MEUR_CP,P31_S15,EL,58.1,b,56.5,p,56.9,p,54.7,p,53.6,p
A,PC_EU27_2020_HAB_MEUR_CP,P31_S15,ES,65.9,b,67.2,NaN,70.1,NaN,68.6,p,67.3,p
A,PC_EU27_2020_HAB_MEUR_CP,P31_S15,EU27_2020,100.0,NaN,100.0,NaN,100.0,NaN,100.0,NaN,,NaN
A,PC_EU27_2020_HAB_MEUR_CP,P31_S15,FI,192.9,b,185.9,NaN,196.6,NaN,178.8,NaN,170.7,NaN
A,PC_EU27_2020_HAB_MEUR_CP,P31_S15,FR,186.0,b,187.6,NaN,188.3,NaN,189.0,p,186.0,p
A,PC_EU27_2020_HAB_MEUR_CP,P31_S15,HR,38.2,b,41.8,NaN,44.3,NaN,49.1,NaN,54.4,p
A,PC_EU27_2020_HAB_MEUR_CP,P31_S15,HU,70.7,b,71.1,NaN,74.7,NaN,91.6,NaN,91.2,p
A,PC_EU27_2020_HAB_MEUR_CP,P31_S15,IE,84.5,b,76.9,NaN,74.7,NaN,74.2,NaN,94.2,NaN
A,PC_EU27_2020_HAB_MEUR_CP,P31_S15,IS,319.0,b,341.5,p,351.1,p,339.6,p,341.2,p
A,PC_EU27_2020_HAB_MEUR_CP,P31_S15,IT,33.3,b,35.3,NaN,34.1,NaN,36.0,NaN,35.4,p
A,PC_EU27_2020_HAB_MEUR_CP,P31_S15,LT,9.9,b,8.7,NaN,8.9,NaN,10.2,NaN,11.5,NaN
A,PC_EU27_2020_HAB_MEUR_CP,P31_S15,LU,527.1,b,544.0,NaN,545.3,NaN,575.2,NaN,569.6,p
A,PC_EU27_2020_HAB_MEUR_CP,P31_S15,LV,45.4,b,47.7,NaN,48.4,NaN,42.8,NaN,40.3,NaN
A,PC_EU27_2020_HAB_MEUR_CP,P31_S15,ME,23.6,b,24.0,NaN,27.3,NaN,31.5,NaN,32.2,NaN
A,PC_EU27_2020_HAB_MEUR_CP,P31_S15,MK,11.8,b,14.1,e,15.4,e,16.5,e,17.6,e
A,PC_EU27_2020_HAB_MEUR_CP,P31_S15,MT,112.9,b,118.4,NaN,119.5,NaN,120.7,NaN,127.5,NaN
A,PC_EU27_2020_HAB_MEUR_CP,P31_S15,NL,92.0,b,91.8,NaN,88.1,NaN,87.2,p,86.2,p
A,PC_EU27_2020_HAB_MEUR_CP,P31_S15,NO,356.1,b,378.7,NaN,417.6,NaN,369.5,NaN,355.9,NaN
A,PC_EU27_2020_HAB_MEUR_CP,P31_S15,PL,31.8,b,31.8,NaN,36.4,b,40.1,NaN,45.1,NaN
A,PC_EU27_2020_HAB_MEUR_CP,P31_S15,PT,77.6,b,75.6,NaN,78.1,NaN,81.1,NaN,81.7,p
A,PC_EU27_2020_HAB_MEUR_CP,P31_S15,RO,25.2,b,20.4,NaN,20.4,NaN,23.7,NaN,25.5,p
A,PC_EU27_2020_HAB_MEUR_CP,P31_S15,RS,16.8,b,20.2,NaN,21.3,NaN,21.3,p,22.8,p
A,PC_EU27_2020_HAB_MEUR_CP,P31_S15,SE,133.4,b,139.1,NaN,126.8,NaN,121.3,NaN,122.3,NaN
A,PC_EU27_2020_HAB_MEUR_CP,P31_S15,SI,47.3,b,52.0,NaN,62.6,NaN,62.9,NaN,65.9,NaN
A,PC_EU27_2020_HAB_MEUR_CP,P31_S15,SK,40.9,b,42.7,b,48.0,NaN,54.9,NaN,50.4,NaN
A,PC_EU27_2020_HAB_MEUR_CP,P31_S15,TR,6.7,b,6.3,NaN,5.5,NaN,7.0,NaN,,NaN
A,PC_EU27_2020_HAB_MEUR_CP,P31_S15,UK,,NaN,,NaN,,NaN,,NaN,,NaN
A,PC_EU27_2020_HAB_MEUR_CP,P31_S15,XK,4.2,NaN,4.2,NaN,,NaN,,NaN,,NaN
A,PC_EU27_2020_HAB_MEUR_CP,P32_S13,AL,13.6,b,13.8,NaN,14.7,NaN,,NaN,,NaN
A,PC_EU27_2020_HAB_MEUR_CP,P32_S13,AT,127.8,b,126.5,NaN,123.1,NaN,124.1,NaN,127.8,NaN
A,PC_EU27_2020_HAB_MEUR_CP,P32_S13,BA,,NaN,,NaN,,NaN,,NaN,,NaN
A,PC_EU27_2020_HAB_MEUR_CP,P32_S13,BE,133.8,b,133.4,NaN,136.6,NaN,136.6,NaN,134.8,p
A,PC_EU27_2020_HAB_MEUR_CP,P32_S13,BG,35.0,b,36.4,NaN,41.8,NaN,42.1,NaN,45.5,NaN
A,PC_EU27_2020_HAB_MEUR_CP,P32_S13,CH,153.8,b,146.7,NaN,154.3,NaN,152.3,NaN,,NaN
A,PC_EU27_2020_HAB_MEUR_CP,P32_S13,CY,82.4,b,82.1,NaN,84.4,NaN,89.0,NaN,86.1,p
A,PC_EU27_2020_HAB_MEUR_CP,P32_S13,CZ,75.5,b,75.1,NaN,76.1,NaN,78.6,NaN,75.8,NaN
A,PC_EU27_2020_HAB_MEUR_CP,P32_S13,DE,135.0,b,136.5,NaN,136.7,p,138.0,p,134.7,p
A,PC_EU27_2020_HAB_MEUR_CP,P32_S13,DK,151.6,b,151.5,NaN,146.0,NaN,141.4,NaN,142.2,NaN
A,PC_EU27_2020_HAB_MEUR_CP,P32_S13,EA,110.6,b,110.4,NaN,110.1,NaN,108.6,NaN,107.2,NaN
A,PC_EU27_2020_HAB_MEUR_CP,P32_S13,EA12,112.5,b,112.2,NaN,111.9,NaN,110.7,NaN,109.0,NaN
A,PC_EU27_2020_HAB_MEUR_CP,P32_S13,EA19,110.6,b,110.4,NaN,110.1,NaN,109.0,NaN,107.6,NaN
A,PC_EU27_2020_HAB_MEUR_CP,P32_S13,EA20,110.1,b,109.8,NaN,109.6,NaN,108.6,NaN,107.2,NaN
A,PC_EU27_2020_HAB_MEUR_CP,P32_S13,EE,72.3,b,73.7,NaN,77.1,NaN,78.5,NaN,78.5,NaN
A,PC_EU27_2020_HAB_MEUR_CP,P32_S13,EL,71.5,b,70.9,p,68.4,p,67.8,p,65.1,p
A,PC_EU27_2020_HAB_MEUR_CP,P32_S13,ES,79.9,b,79.7,NaN,80.2,NaN,79.4,p,77.1,p
A,PC_EU27_2020_HAB_MEUR_CP,P32_S13,EU27_2020,100.0,NaN,100.0,NaN,100.0,NaN,100.0,NaN,,NaN
A,PC_EU27_2020_HAB_MEUR_CP,P32_S13,FI,126.7,b,130.4,NaN,127.5,NaN,111.9,b,108.3,NaN
A,PC_EU27_2020_HAB_MEUR_CP,P32_S13,FR,119.7,b,117.4,NaN,117.5,NaN,114.8,p,112.0,p
A,PC_EU27_2020_HAB_MEUR_CP,P32_S13,HR,59.0,b,61.5,NaN,61.7,NaN,67.3,NaN,74.5,p
A,PC_EU27_2020_HAB_MEUR_CP,P32_S13,HU,64.0,b,66.1,NaN,69.4,NaN,75.9,NaN,73.9,p
A,PC_EU27_2020_HAB_MEUR_CP,P32_S13,IE,120.6,b,125.6,NaN,124.8,NaN,125.0,NaN,126.5,NaN
A,PC_EU27_2020_HAB_MEUR_CP,P32_S13,IS,214.7,b,224.5,p,238.1,p,225.3,p,223.8,p
A,PC_EU27_2020_HAB_MEUR_CP,P32_S13,IT,94.3,b,92.9,NaN,91.0,NaN,86.0,NaN,85.1,p
A,PC_EU27_2020_HAB_MEUR_CP,P32_S13,LT,51.3,b,50.8,NaN,56.2,NaN,57.4,NaN,61.5,NaN
A,PC_EU27_2020_HAB_MEUR_CP,P32_S13,LU,281.7,b,281.6,NaN,287.8,NaN,296.0,NaN,298.2,p
A,PC_EU27_2020_HAB_MEUR_CP,P32_S13,LV,68.2,b,69.2,NaN,71.2,NaN,72.1,NaN,71.0,NaN
A,PC_EU27_2020_HAB_MEUR_CP,P32_S13,ME,29.6,b,27.3,NaN,26.9,NaN,29.5,NaN,30.2,NaN
A,PC_EU27_2020_HAB_MEUR_CP,P32_S13,MK,16.2,b,19.3,e,20.0,e,20.5,e,23.1,e
A,PC_EU27_2020_HAB_MEUR_CP,P32_S13,MT,85.0,b,85.3,NaN,84.5,NaN,82.9,NaN,86.8,NaN
A,PC_EU27_2020_HAB_MEUR_CP,P32_S13,NL,149.0,b,150.0,NaN,150.4,NaN,155.2,p,161.9,p
A,PC_EU27_2020_HAB_MEUR_CP,P32_S13,NO,203.0,b,216.1,NaN,214.2,NaN,193.0,NaN,188.4,NaN
A,PC_EU27_2020_HAB_MEUR_CP,P32_S13,PL,47.5,b,47.0,NaN,49.0,b,55.2,NaN,64.0,NaN
A,PC_EU27_2020_HAB_MEUR_CP,P32_S13,PT,61.8,b,58.9,NaN,57.3,NaN,57.8,NaN,56.5,p
A,PC_EU27_2020_HAB_MEUR_CP,P32_S13,RO,46.1,b,45.5,NaN,45.7,NaN,51.0,NaN,59.7,p
A,PC_EU27_2020_HAB_MEUR_CP,P32_S13,RS,24.8,b,26.8,NaN,27.9,NaN,28.7,p,30.9,p
A,PC_EU27_2020_HAB_MEUR_CP,P32_S13,SE,123.7,b,129.2,NaN,127.4,NaN,119.8,NaN,119.8,NaN
A,PC_EU27_2020_HAB_MEUR_CP,P32_S13,SI,69.3,b,73.1,NaN,70.3,NaN,74.8,NaN,74.4,NaN
A,PC_EU27_2020_HAB_MEUR_CP,P32_S13,SK,78.7,b,79.2,b,77.3,NaN,77.0,NaN,80.9,NaN
A,PC_EU27_2020_HAB_MEUR_CP,P32_S13,TR,17.4,b,15.3,NaN,17.7,NaN,21.6,NaN,,NaN
A,PC_EU27_2020_HAB_MEUR_CP,P32_S13,UK,,NaN,,NaN,,NaN,,NaN,,NaN
A,PC_EU27_2020_HAB_MEUR_CP,P32_S13,XK,10.6,NaN,10.8,NaN,,NaN,,NaN,,NaN
A,PC_EU27_2020_HAB_MEUR_CP,P3_S13,AL,9.4,b,9.6,NaN,10.3,NaN,,NaN,,NaN
A,PC_EU27_2020_HAB_MEUR_CP,P3_S13,AT,132.6,b,135.4,NaN,132.6,NaN,132.9,NaN,135.6,NaN
A,PC_EU27_2020_HAB_MEUR_CP,P3_S13,BA,,NaN,,NaN,,NaN,,NaN,,NaN
A,PC_EU27_2020_HAB_MEUR_CP,P3_S13,BE,142.1,b,141.9,NaN,146.6,NaN,147.6,NaN,145.5,p
A,PC_EU27_2020_HAB_MEUR_CP,P3_S13,BG,26.6,b,28.3,NaN,31.7,NaN,33.4,NaN,37.5,NaN
A,PC_EU27_2020_HAB_MEUR_CP,P3_S13,CH,133.2,b,129.0,NaN,132.0,NaN,133.4,NaN,131.0,NaN
A,PC_EU27_2020_HAB_MEUR_CP,P3_S13,CY,69.0,b,71.5,NaN,73.9,NaN,77.1,NaN,76.7,p
A,PC_EU27_2020_HAB_MEUR_CP,P3_S13,CZ,65.6,b,67.0,NaN,68.0,NaN,71.0,NaN,68.6,NaN
A,PC_EU27_2020_HAB_MEUR_CP,P3_S13,DE,136.6,b,136.3,NaN,136.8,p,134.2,p,132.9,p
A,PC_EU27_2020_HAB_MEUR_CP,P3_S13,DK,193.4,b,192.7,NaN,184.8,NaN,177.4,NaN,175.8,NaN
A,PC_EU27_2020_HAB_MEUR_CP,P3_S13,EA,111.1,b,110.8,NaN,110.9,NaN,109.4,NaN,108.3,NaN
A,PC_EU27_2020_HAB_MEUR_CP,P3_S13,EA12,113.6,b,113.2,NaN,113.2,NaN,112.3,NaN,110.9,NaN
A,PC_EU27_2020_HAB_MEUR_CP,P3_S13,EA19,111.1,b,110.8,NaN,110.9,NaN,110.0,NaN,108.9,NaN
A,PC_EU27_2020_HAB_MEUR_CP,P3_S13,EA20,110.4,b,110.1,NaN,110.2,NaN,109.4,NaN,108.3,NaN
A,PC_EU27_2020_HAB_MEUR_CP,P3_S13,EE,63.0,b,64.4,NaN,67.9,NaN,70.4,NaN,71.1,NaN
A,PC_EU27_2020_HAB_MEUR_CP,P3_S13,EL,52.1,b,51.1,p,50.6,p,51.1,p,48.7,p
A,PC_EU27_2020_HAB_MEUR_CP,P3_S13,ES,75.7,b,74.9,NaN,75.1,NaN,75.0,p,73.5,p
A,PC_EU27_2020_HAB_MEUR_CP,P3_S13,EU27_2020,100.0,NaN,100.0,NaN,100.0,NaN,100.0,NaN,,NaN
A,PC_EU27_2020_HAB_MEUR_CP,P3_S13,FI,152.4,b,152.3,NaN,150.5,NaN,155.2,NaN,149.2,NaN
A,PC_EU27_2020_HAB_MEUR_CP,P3_S13,FR,126.7,b,125.9,NaN,124.6,NaN,123.2,p,120.1,p
A,PC_EU27_2020_HAB_MEUR_CP,P3_S13,HR,47.1,b,47.6,NaN,48.2,NaN,53.0,NaN,59.7,p
A,PC_EU27_2020_HAB_MEUR_CP,P3_S13,HU,44.4,b,45.7,NaN,47.3,NaN,51.9,NaN,51.7,p
A,PC_EU27_2020_HAB_MEUR_CP,P3_S13,IE,139.1,b,141.0,NaN,142.9,NaN,147.9,NaN,147.1,NaN
A,PC_EU27_2020_HAB_MEUR_CP,P3_S13,IS,222.1,b,230.3,p,249.2,p,240.4,p,240.1,p
A,PC_EU27_2020_HAB_MEUR_CP,P3_S13,IT,85.0,b,83.7,NaN,83.0,NaN,80.2,NaN,78.6,p
A,PC_EU27_2020_HAB_MEUR_CP,P3_S13,LT,47.9,b,48.5,NaN,52.7,NaN,55.8,NaN,60.0,NaN
A,PC_EU27_2020_HAB_MEUR_CP,P3_S13,LU,274.7,b,268.8,NaN,275.1,NaN,279.4,NaN,282.2,p
A,PC_EU27_2020_HAB_MEUR_CP,P3_S13,LV,47.0,b,51.1,NaN,51.5,NaN,54.5,NaN,55.2,NaN
A,PC_EU27_2020_HAB_MEUR_CP,P3_S13,ME,22.8,b,21.6,NaN,22.4,NaN,25.0,NaN,25.2,NaN
A,PC_EU27_2020_HAB_MEUR_CP,P3_S13,MK,14.3,b,13.9,e,14.1,e,14.8,e,15.6,e
A,PC_EU27_2020_HAB_MEUR_CP,P3_S13,MT,80.1,b,80.7,NaN,77.5,NaN,76.7,NaN,80.0,NaN
A,PC_EU27_2020_HAB_MEUR_CP,P3_S13,NL,175.4,b,176.5,NaN,177.7,NaN,182.2,p,187.7,p
A,PC_EU27_2020_HAB_MEUR_CP,P3_S13,NO,228.8,b,241.5,NaN,244.1,NaN,218.6,NaN,213.1,NaN
A,PC_EU27_2020_HAB_MEUR_CP,P3_S13,PL,39.3,b,39.9,NaN,41.3,b,46.7,NaN,54.9,NaN
A,PC_EU27_2020_HAB_MEUR_CP,P3_S13,PT,53.3,b,52.7,NaN,52.7,NaN,52.7,NaN,53.2,p
A,PC_EU27_2020_HAB_MEUR_CP,P3_S13,RO,31.4,b,30.7,NaN,31.9,NaN,35.8,NaN,40.1,p
A,PC_EU27_2020_HAB_MEUR_CP,P3_S13,RS,20.1,b,21.0,NaN,22.7,NaN,24.0,p,25.8,p
A,PC_EU27_2020_HAB_MEUR_CP,P3_S13,SE,179.2,b,182.4,NaN,174.0,NaN,164.7,NaN,162.6,NaN
A,PC_EU27_2020_HAB_MEUR_CP,P3_S13,SI,67.2,b,70.3,NaN,68.4,NaN,71.6,NaN,75.4,NaN
A,PC_EU27_2020_HAB_MEUR_CP,P3_S13,SK,53.5,b,54.2,b,55.7,NaN,56.8,NaN,58.7,NaN
A,PC_EU27_2020_HAB_MEUR_CP,P3_S13,TR,16.8,b,15.0,NaN,15.9,NaN,20.1,NaN,,NaN
A,PC_EU27_2020_HAB_MEUR_CP,P3_S13,UK,,NaN,,NaN,,NaN,,NaN,,NaN
A,PC_EU27_2020_HAB_MEUR_CP,P3_S13,XK,7.8,NaN,8.1,NaN,,NaN,,NaN,,NaN
A,PC_EU27_2020_HAB_MEUR_CP,P41,AL,19.0,b,19.5,NaN,21.0,NaN,,NaN,,NaN
A,PC_EU27_2020_HAB_MEUR_CP,P41,AT,134.2,b,134.2,NaN,134.0,NaN,134.7,NaN,134.9,NaN
A,PC_EU27_2020_HAB_MEUR_CP,P41,BA,,NaN,,NaN,,NaN,,NaN,,NaN
A,PC_EU27_2020_HAB_MEUR_CP,P41,BE,131.9,b,132.2,NaN,134.8,NaN,135.3,NaN,134.2,p
A,PC_EU27_2020_HAB_MEUR_CP,P41,BG,31.9,b,34.4,NaN,37.5,NaN,39.1,NaN,42.0,NaN
A,PC_EU27_2020_HAB_MEUR_CP,P41,CH,220.3,b,207.3,NaN,212.4,NaN,211.7,NaN,,NaN
A,PC_EU27_2020_HAB_MEUR_CP,P41,CY,88.4,b,87.2,NaN,90.2,NaN,91.8,NaN,92.0,p
A,PC_EU27_2020_HAB_MEUR_CP,P41,CZ,61.9,b,64.5,NaN,67.1,NaN,68.1,NaN,66.0,NaN
A,PC_EU27_2020_HAB_MEUR_CP,P41,DE,135.3,b,133.0,NaN,134.1,p,131.7,p,130.4,p
A,PC_EU27_2020_HAB_MEUR_CP,P41,DK,171.4,b,170.8,NaN,160.0,NaN,150.6,NaN,148.3,NaN
A,PC_EU27_2020_HAB_MEUR_CP,P41,EA,111.1,b,110.6,NaN,110.6,NaN,109.7,NaN,108.9,NaN
A,PC_EU27_2020_HAB_MEUR_CP,P41,EA12,113.4,b,112.7,NaN,112.7,NaN,112.3,NaN,111.3,NaN
A,PC_EU27_2020_HAB_MEUR_CP,P41,EA19,111.1,b,110.6,NaN,110.6,NaN,110.3,NaN,109.5,NaN
A,PC_EU27_2020_HAB_MEUR_CP,P41,EA20,110.4,b,109.9,NaN,110.0,NaN,109.7,NaN,108.9,NaN
A,PC_EU27_2020_HAB_MEUR_CP,P41,EE,65.3,b,67.7,NaN,73.0,NaN,72.7,NaN,72.2,NaN
A,PC_EU27_2020_HAB_MEUR_CP,P41,EL,64.0,b,63.4,p,66.3,p,66.5,p,66.4,p
A,PC_EU27_2020_HAB_MEUR_CP,P41,ES,82.2,b,83.1,NaN,82.7,NaN,82.4,p,83.0,p
A,PC_EU27_2020_HAB_MEUR_CP,P41,EU27_2020,100.0,NaN,100.0,NaN,100.0,NaN,100.0,NaN,,NaN
A,PC_EU27_2020_HAB_MEUR_CP,P41,FI,142.7,b,139.8,NaN,134.7,NaN,135.7,NaN,130.5,NaN
A,PC_EU27_2020_HAB_MEUR_CP,P41,FR,119.4,b,118.1,NaN,114.3,NaN,115.0,p,113.6,p
A,PC_EU27_2020_HAB_MEUR_CP,P41,HR,46.3,b,48.8,NaN,51.5,NaN,54.8,NaN,58.4,p
A,PC_EU27_2020_HAB_MEUR_CP,P41,HU,42.5,b,43.4,NaN,44.0,NaN,47.6,NaN,50.0,p
A,PC_EU27_2020_HAB_MEUR_CP,P41,IE,125.8,b,128.6,NaN,133.2,NaN,139.7,NaN,140.9,NaN
A,PC_EU27_2020_HAB_MEUR_CP,P41,IS,186.5,b,195.3,p,208.1,p,198.7,p,198.5,p
A,PC_EU27_2020_HAB_MEUR_CP,P41,IT,97.9,b,97.9,NaN,98.7,NaN,98.0,NaN,96.1,p
A,PC_EU27_2020_HAB_MEUR_CP,P41,LT,59.7,b,62.5,NaN,67.1,NaN,68.3,NaN,69.1,NaN
A,PC_EU27_2020_HAB_MEUR_CP,P41,LU,212.0,b,215.5,NaN,213.5,NaN,214.2,NaN,215.7,p
A,PC_EU27_2020_HAB_MEUR_CP,P41,LV,49.7,b,52.7,NaN,55.8,NaN,57.0,NaN,57.5,NaN
A,PC_EU27_2020_HAB_MEUR_CP,P41,ME,30.9,b,30.8,NaN,34.8,NaN,38.1,NaN,41.2,NaN
A,PC_EU27_2020_HAB_MEUR_CP,P41,MK,22.0,b,22.5,e,23.2,e,24.0,e,24.0,e
A,PC_EU27_2020_HAB_MEUR_CP,P41,MT,75.6,b,78.1,NaN,77.5,NaN,82.8,NaN,85.0,NaN
A,PC_EU27_2020_HAB_MEUR_CP,P41,NL,140.3,b,141.3,NaN,142.9,NaN,143.9,p,144.1,p
A,PC_EU27_2020_HAB_MEUR_CP,P41,NO,181.9,b,191.6,NaN,194.2,NaN,169.6,NaN,166.2,NaN
A,PC_EU27_2020_HAB_MEUR_CP,P41,PL,47.7,b,48.8,NaN,50.1,b,53.9,NaN,59.2,NaN
A,PC_EU27_2020_HAB_MEUR_CP,P41,PT,71.7,b,71.4,NaN,72.3,NaN,72.2,NaN,72.9,p
A,PC_EU27_2020_HAB_MEUR_CP,P41,RO,39.5,b,40.5,NaN,43.9,NaN,46.3,NaN,49.7,p
A,PC_EU27_2020_HAB_MEUR_CP,P41,RS,26.6,b,28.0,NaN,30.2,NaN,32.4,p,34.3,p
A,PC_EU27_2020_HAB_MEUR_CP,P41,SE,148.5,b,151.9,NaN,140.7,NaN,129.3,NaN,128.5,NaN
A,PC_EU27_2020_HAB_MEUR_CP,P41,SI,69.5,b,73.8,NaN,74.6,NaN,75.5,NaN,77.8,NaN
A,PC_EU27_2020_HAB_MEUR_CP,P41,SK,57.6,b,57.5,b,60.5,NaN,61.2,NaN,62.6,NaN
A,PC_EU27_2020_HAB_MEUR_CP,P41,TR,24.0,b,23.4,NaN,26.1,NaN,30.2,NaN,,NaN
A,PC_EU27_2020_HAB_MEUR_CP,P41,UK,,NaN,,NaN,,NaN,,NaN,,NaN
A,PC_EU27_2020_HAB_MEUR_CP,P41,XK,17.5,NaN,19.0,NaN,,NaN,,NaN,,NaN
A,PC_EU27_2020_HAB_MPPS_CP,B1GQ,AL,30.4,b,30.9,NaN,33.7,NaN,,NaN,,NaN
A,PC_EU27_2020_HAB_MPPS_CP,B1GQ,AT,122.5,b,120.8,NaN,122.9,NaN,120.3,NaN,117.4,NaN
A,PC_EU27_2020_HAB_MPPS_CP,B1GQ,BA,,NaN,,NaN,,NaN,,NaN,,NaN
A,PC_EU27_2020_HAB_MPPS_CP,B1GQ,BE,117.5,b,116.3,NaN,117.7,NaN,118.0,NaN,116.8,p
A,PC_EU27_2020_HAB_MPPS_CP,B1GQ,BG,57.3,b,59.4,NaN,62.1,NaN,63.3,NaN,66.4,NaN
A,PC_EU27_2020_HAB_MPPS_CP,B1GQ,CY,89.1,b,91.3,NaN,95.1,NaN,96.9,NaN,97.9,p
A,PC_EU27_2020_HAB_MPPS_CP,B1GQ,CZ,95.6,b,91.7,NaN,89.0,NaN,90.3,NaN,91.2,NaN
A,PC_EU27_2020_HAB_MPPS_CP,B1GQ,DE,124.4,b,121.9,NaN,120.1,p,117.9,p,116.2,p
A,PC_EU27_2020_HAB_MPPS_CP,B1GQ,DK,131.3,b,133.0,NaN,133.6,NaN,123.9,NaN,125.6,NaN
A,PC_EU27_2020_HAB_MPPS_CP,B1GQ,EA,104.9,b,104.8,NaN,104.9,NaN,104.6,NaN,104.2,NaN
A,PC_EU27_2020_HAB_MPPS_CP,B1GQ,EA12,106.0,b,105.9,NaN,106.1,NaN,105.9,NaN,105.6,NaN
A,PC_EU27_2020_HAB_MPPS_CP,B1GQ,EA19,104.9,b,104.8,NaN,104.9,NaN,104.9,NaN,104.5,NaN
A,PC_EU27_2020_HAB_MPPS_CP,B1GQ,EA20,104.4,b,104.4,NaN,104.6,NaN,104.6,NaN,104.2,NaN
A,PC_EU27_2020_HAB_MPPS_CP,B1GQ,EE,85.2,b,84.9,NaN,83.6,NaN,79.7,NaN,79.4,NaN
A,PC_EU27_2020_HAB_MPPS_CP,B1GQ,EL,61.8,b,63.9,p,66.4,p,68.5,p,69.3,p
A,PC_EU27_2020_HAB_MPPS_CP,B1GQ,ES,82.4,b,85.0,NaN,87.7,NaN,89.9,p,91.1,p
A,PC_EU27_2020_HAB_MPPS_CP,B1GQ,EU27_2020,100.0,NaN,100.0,NaN,100.0,NaN,100.0,NaN,,NaN
A,PC_EU27_2020_HAB_MPPS_CP,B1GQ,FI,111.5,b,108.9,NaN,106.4,NaN,104.3,NaN,102.4,NaN
A,PC_EU27_2020_HAB_MPPS_CP,B1GQ,FR,103.5,b,100.6,NaN,97.2,NaN,98.6,p,97.9,p
A,PC_EU27_2020_HAB_MPPS_CP,B1GQ,HR,66.2,b,70.9,NaN,72.8,NaN,78.2,NaN,78.0,p
A,PC_EU27_2020_HAB_MPPS_CP,B1GQ,HU,74.5,b,74.6,NaN,76.1,NaN,76.4,NaN,76.1,p
A,PC_EU27_2020_HAB_MPPS_CP,B1GQ,IE,204.7,b,224.6,NaN,236.6,NaN,217.7,NaN,221.0,NaN
A,PC_EU27_2020_HAB_MPPS_CP,B1GQ,IS,122.4,b,123.9,p,133.6,p,135.3,p,130.1,p
A,PC_EU27_2020_HAB_MPPS_CP,B1GQ,IT,93.0,b,95.5,NaN,97.6,NaN,98.4,NaN,97.6,p
A,PC_EU27_2020_HAB_MPPS_CP,B1GQ,LT,86.4,b,88.0,NaN,87.1,NaN,86.7,NaN,87.6,NaN
A,PC_EU27_2020_HAB_MPPS_CP,B1GQ,LU,255.2,b,261.8,NaN,247.9,NaN,243.6,NaN,241.0,p
A,PC_EU27_2020_HAB_MPPS_CP,B1GQ,LV,68.5,b,70.8,NaN,69.0,NaN,70.9,NaN,70.3,NaN
A,PC_EU27_2020_HAB_MPPS_CP,B1GQ,ME,43.2,b,45.4,NaN,48.0,NaN,52.5,NaN,54.7,NaN
A,PC_EU27_2020_HAB_MPPS_CP,B1GQ,MK,41.7,b,42.5,e,41.7,e,41.5,e,42.4,e
A,PC_EU27_2020_HAB_MPPS_CP,B1GQ,MT,104.6,b,109.0,NaN,103.1,NaN,108.4,NaN,111.5,NaN
A,PC_EU27_2020_HAB_MPPS_CP,B1GQ,NL,131.0,b,131.5,NaN,133.8,NaN,130.2,p,133.2,p
A,PC_EU27_2020_HAB_MPPS_CP,B1GQ,NO,140.5,b,170.6,NaN,213.6,NaN,169.8,NaN,161.5,NaN
A,PC_EU27_2020_HAB_MPPS_CP,B1GQ,PL,78.4,b,78.8,NaN,77.9,b,77.1,NaN,78.7,NaN
A,PC_EU27_2020_HAB_MPPS_CP,B1GQ,PT,74.7,b,73.8,NaN,77.0,NaN,80.9,NaN,82.2,p
A,PC_EU27_2020_HAB_MPPS_CP,B1GQ,RO,71.5,b,71.9,NaN,73.0,NaN,76.7,NaN,77.9,p
A,PC_EU27_2020_HAB_MPPS_CP,B1GQ,RS,44.0,b,44.9,NaN,45.5,NaN,48.6,p,51.5,p
A,PC_EU27_2020_HAB_MPPS_CP,B1GQ,SE,120.2,b,119.3,NaN,113.7,NaN,111.8,NaN,111.7,NaN
A,PC_EU27_2020_HAB_MPPS_CP,B1GQ,SI,87.4,b,88.1,NaN,88.7,NaN,91.3,NaN,90.9,NaN
A,PC_EU27_2020_HAB_MPPS_CP,B1GQ,SK,73.9,b,73.6,b,70.9,NaN,73.7,NaN,74.5,NaN
A,PC_EU27_2020_HAB_MPPS_CP,B1GQ,TR,61.1,b,61.6,NaN,69.2,NaN,73.0,NaN,,NaN
A,PC_EU27_2020_HAB_MPPS_CP,B1GQ,UK,,NaN,,NaN,,NaN,,NaN,,NaN
A,PC_EU27_2020_HAB_MPPS_CP,P3,AL,36.1,b,35.8,NaN,38.1,NaN,,NaN,,NaN
A,PC_EU27_2020_HAB_MPPS_CP,P3,AT,117.0,b,118.1,NaN,118.9,NaN,117.8,NaN,116.8,NaN
A,PC_EU27_2020_HAB_MPPS_CP,P3,BA,,NaN,,NaN,,NaN,,NaN,,NaN
A,PC_EU27_2020_HAB_MPPS_CP,P3,BE,117.8,b,117.2,NaN,119.5,NaN,120.0,NaN,119.6,p
A,PC_EU27_2020_HAB_MPPS_CP,P3,BG,59.6,b,62.4,NaN,64.0,NaN,65.2,NaN,69.0,NaN
A,PC_EU27_2020_HAB_MPPS_CP,P3,CY,96.9,b,94.5,NaN,97.6,NaN,100.4,NaN,100.0,p
A,PC_EU27_2020_HAB_MPPS_CP,P3,CZ,88.2,b,85.5,NaN,82.0,NaN,81.8,NaN,83.0,NaN
A,PC_EU27_2020_HAB_MPPS_CP,P3,DE,122.3,b,120.3,NaN,120.7,p,118.3,p,117.2,p
A,PC_EU27_2020_HAB_MPPS_CP,P3,DK,126.6,b,127.2,NaN,118.7,NaN,113.0,NaN,112.9,NaN
A,PC_EU27_2020_HAB_MPPS_CP,P3,EA,105.0,b,104.9,NaN,105.2,NaN,104.8,NaN,104.3,NaN
A,PC_EU27_2020_HAB_MPPS_CP,P3,EA12,106.1,b,105.9,NaN,106.3,NaN,106.1,NaN,105.5,NaN
A,PC_EU27_2020_HAB_MPPS_CP,P3,EA19,105.0,b,104.9,NaN,105.2,NaN,105.1,NaN,104.5,NaN
A,PC_EU27_2020_HAB_MPPS_CP,P3,EA20,104.6,b,104.5,NaN,104.9,NaN,104.8,NaN,104.3,NaN
A,PC_EU27_2020_HAB_MPPS_CP,P3,EE,81.9,b,81.6,NaN,81.4,NaN,79.8,NaN,79.8,NaN
A,PC_EU27_2020_HAB_MPPS_CP,P3,EL,78.1,b,78.6,p,81.6,p,82.3,p,81.6,p
A,PC_EU27_2020_HAB_MPPS_CP,P3,ES,86.3,b,89.7,NaN,90.7,NaN,91.4,p,91.8,p
A,PC_EU27_2020_HAB_MPPS_CP,P3,EU27_2020,100.0,NaN,100.0,NaN,100.0,NaN,100.0,NaN,,NaN
A,PC_EU27_2020_HAB_MPPS_CP,P3,FI,112.2,b,111.9,NaN,107.5,NaN,108.9,NaN,106.7,NaN
A,PC_EU27_2020_HAB_MPPS_CP,P3,FR,110.0,b,107.0,NaN,103.5,NaN,105.2,p,104.2,p
A,PC_EU27_2020_HAB_MPPS_CP,P3,HR,74.4,b,78.5,NaN,78.9,NaN,82.1,NaN,84.4,p
A,PC_EU27_2020_HAB_MPPS_CP,P3,HU,71.1,b,70.8,NaN,73.2,NaN,72.3,NaN,74.2,p
A,PC_EU27_2020_HAB_MPPS_CP,P3,IE,103.1,b,108.8,NaN,113.0,NaN,116.5,NaN,117.7,NaN
A,PC_EU27_2020_HAB_MPPS_CP,P3,IS,130.8,b,133.3,p,136.1,p,135.6,p,131.6,p
A,PC_EU27_2020_HAB_MPPS_CP,P3,IT,98.4,b,99.3,NaN,101.9,NaN,100.5,NaN,99.2,p
A,PC_EU27_2020_HAB_MPPS_CP,P3,LT,86.6,b,88.7,NaN,87.6,NaN,86.3,NaN,87.4,NaN
A,PC_EU27_2020_HAB_MPPS_CP,P3,LU,167.7,b,170.4,NaN,169.4,NaN,169.6,NaN,170.3,p
A,PC_EU27_2020_HAB_MPPS_CP,P3,LV,70.5,b,75.0,NaN,74.9,NaN,75.8,NaN,76.6,NaN
A,PC_EU27_2020_HAB_MPPS_CP,P3,ME,61.2,b,58.4,NaN,61.9,NaN,66.1,NaN,71.3,NaN
A,PC_EU27_2020_HAB_MPPS_CP,P3,MK,46.5,b,48.6,e,47.8,e,46.8,e,47.2,e
A,PC_EU27_2020_HAB_MPPS_CP,P3,MT,87.8,b,88.8,NaN,86.3,NaN,91.2,NaN,93.7,NaN
A,PC_EU27_2020_HAB_MPPS_CP,P3,NL,120.7,b,122.4,NaN,123.8,NaN,123.4,p,124.6,p
A,PC_EU27_2020_HAB_MPPS_CP,P3,NO,131.7,b,140.2,NaN,145.8,NaN,138.7,NaN,135.6,NaN
A,PC_EU27_2020_HAB_MPPS_CP,P3,PL,79.7,b,80.8,NaN,80.4,b,80.0,NaN,83.1,NaN
A,PC_EU27_2020_HAB_MPPS_CP,P3,PT,83.0,b,82.6,NaN,84.4,NaN,85.8,NaN,86.3,p
A,PC_EU27_2020_HAB_MPPS_CP,P3,RO,77.1,b,78.0,NaN,78.8,NaN,81.7,NaN,85.2,p
A,PC_EU27_2020_HAB_MPPS_CP,P3,RS,49.8,b,50.8,NaN,51.8,NaN,52.5,p,55.3,p
A,PC_EU27_2020_HAB_MPPS_CP,P3,SE,115.7,b,115.6,NaN,110.1,NaN,109.0,NaN,108.4,NaN
A,PC_EU27_2020_HAB_MPPS_CP,P3,SI,83.4,b,87.4,NaN,88.1,NaN,87.6,NaN,88.7,NaN
A,PC_EU27_2020_HAB_MPPS_CP,P3,SK,78.4,b,78.3,b,79.2,NaN,78.6,NaN,80.5,NaN
A,PC_EU27_2020_HAB_MPPS_CP,P3,TR,56.6,b,54.8,NaN,60.9,NaN,66.5,NaN,,NaN
A,PC_EU27_2020_HAB_MPPS_CP,P3,UK,,NaN,,NaN,,NaN,,NaN,,NaN
A,PC_EU27_2020_HAB_MPPS_CP,P31_S13,AL,13.5,b,13.6,NaN,14.2,NaN,,NaN,,NaN
A,PC_EU27_2020_HAB_MPPS_CP,P31_S13,AT,118.8,b,124.5,NaN,123.8,NaN,122.1,NaN,122.2,NaN
A,PC_EU27_2020_HAB_MPPS_CP,P31_S13,BA,,NaN,,NaN,,NaN,,NaN,,NaN
A,PC_EU27_2020_HAB_MPPS_CP,P31_S13,BE,131.2,b,130.2,NaN,135.0,NaN,136.8,NaN,135.5,p
A,PC_EU27_2020_HAB_MPPS_CP,P31_S13,BG,39.8,b,42.4,NaN,43.1,NaN,46.5,NaN,53.1,NaN
A,PC_EU27_2020_HAB_MPPS_CP,P31_S13,CY,67.2,b,71.3,NaN,73.6,NaN,76.7,NaN,77.7,p
A,PC_EU27_2020_HAB_MPPS_CP,P31_S13,CZ,82.9,b,81.0,NaN,76.0,NaN,78.3,NaN,79.5,NaN
A,PC_EU27_2020_HAB_MPPS_CP,P31_S13,DE,124.3,b,122.9,NaN,122.9,p,117.8,p,118.0,p
A,PC_EU27_2020_HAB_MPPS_CP,P31_S13,DK,163.7,b,163.6,NaN,156.0,NaN,150.7,NaN,150.1,NaN
A,PC_EU27_2020_HAB_MPPS_CP,P31_S13,EA,105.3,b,105.3,NaN,105.9,NaN,105.1,NaN,104.6,NaN
A,PC_EU27_2020_HAB_MPPS_CP,P31_S13,EA12,107.1,b,107.0,NaN,107.7,NaN,107.2,NaN,106.5,NaN
A,PC_EU27_2020_HAB_MPPS_CP,P31_S13,EA19,105.3,b,105.3,NaN,105.9,NaN,105.5,NaN,104.9,NaN
A,PC_EU27_2020_HAB_MPPS_CP,P31_S13,EA20,104.9,b,104.9,NaN,105.5,NaN,105.1,NaN,104.6,NaN
A,PC_EU27_2020_HAB_MPPS_CP,P31_S13,EE,71.2,b,70.4,NaN,69.2,NaN,71.3,NaN,72.9,NaN
A,PC_EU27_2020_HAB_MPPS_CP,P31_S13,EL,48.5,b,48.4,p,49.0,p,50.5,p,47.7,p
A,PC_EU27_2020_HAB_MPPS_CP,P31_S13,ES,77.0,b,78.2,NaN,79.2,NaN,80.7,p,79.5,p
A,PC_EU27_2020_HAB_MPPS_CP,P31_S13,EU27_2020,100.0,NaN,100.0,NaN,100.0,NaN,100.0,NaN,,NaN
A,PC_EU27_2020_HAB_MPPS_CP,P31_S13,FI,133.7,b,133.2,NaN,132.0,NaN,148.7,b,145.1,NaN
A,PC_EU27_2020_HAB_MPPS_CP,P31_S13,FR,120.7,b,118.5,NaN,116.4,NaN,117.5,p,114.8,p
A,PC_EU27_2020_HAB_MPPS_CP,P31_S13,HR,62.1,b,61.6,NaN,60.0,NaN,64.6,NaN,71.0,p
A,PC_EU27_2020_HAB_MPPS_CP,P31_S13,HU,51.5,b,52.0,NaN,53.1,NaN,53.0,NaN,53.8,p
A,PC_EU27_2020_HAB_MPPS_CP,P31_S13,IE,123.8,b,127.2,NaN,131.3,NaN,136.6,NaN,134.9,NaN
A,PC_EU27_2020_HAB_MPPS_CP,P31_S13,IS,156.1,b,157.0,p,164.8,p,167.9,p,163.6,p
A,PC_EU27_2020_HAB_MPPS_CP,P31_S13,IT,80.1,b,79.8,NaN,81.4,NaN,79.6,NaN,78.1,p
A,PC_EU27_2020_HAB_MPPS_CP,P31_S13,LT,67.6,b,68.3,NaN,67.2,NaN,70.4,NaN,75.7,NaN
A,PC_EU27_2020_HAB_MPPS_CP,P31_S13,LU,206.2,b,199.7,NaN,204.6,NaN,204.7,NaN,206.4,p
A,PC_EU27_2020_HAB_MPPS_CP,P31_S13,LV,46.5,b,55.5,NaN,51.8,NaN,56.6,NaN,59.1,NaN
A,PC_EU27_2020_HAB_MPPS_CP,P31_S13,ME,37.3,b,35.0,NaN,35.9,NaN,39.6,NaN,39.5,NaN
A,PC_EU27_2020_HAB_MPPS_CP,P31_S13,MK,28.5,b,23.7,e,22.1,e,22.4,e,21.7,e
A,PC_EU27_2020_HAB_MPPS_CP,P31_S13,MT,88.3,b,87.9,NaN,80.7,NaN,80.2,NaN,83.4,NaN
A,PC_EU27_2020_HAB_MPPS_CP,P31_S13,NL,163.5,b,165.3,NaN,167.3,NaN,169.1,p,173.6,p
A,PC_EU27_2020_HAB_MPPS_CP,P31_S13,NO,174.6,b,185.0,NaN,194.6,NaN,188.7,NaN,183.5,NaN
A,PC_EU27_2020_HAB_MPPS_CP,P31_S13,PL,57.4,b,59.5,NaN,58.9,b,61.5,NaN,68.6,NaN
A,PC_EU27_2020_HAB_MPPS_CP,P31_S13,PT,56.7,b,57.9,NaN,59.8,NaN,60.2,NaN,62.2,p
A,PC_EU27_2020_HAB_MPPS_CP,P31_S13,RO,42.9,b,41.6,NaN,42.2,NaN,46.2,NaN,47.1,p
A,PC_EU27_2020_HAB_MPPS_CP,P31_S13,RS,32.6,b,32.1,NaN,33.9,NaN,34.7,p,36.9,p
A,PC_EU27_2020_HAB_MPPS_CP,P31_S13,SE,169.1,b,165.4,NaN,159.8,NaN,163.3,NaN,160.4,NaN
A,PC_EU27_2020_HAB_MPPS_CP,P31_S13,SI,79.1,b,81.4,NaN,79.8,NaN,80.9,NaN,87.0,NaN
A,PC_EU27_2020_HAB_MPPS_CP,P31_S13,SK,49.9,b,51.7,b,54.3,NaN,55.5,NaN,56.4,NaN
A,PC_EU27_2020_HAB_MPPS_CP,P31_S13,TR,40.0,b,36.2,NaN,35.9,NaN,43.8,NaN,,NaN
A,PC_EU27_2020_HAB_MPPS_CP,P31_S13,UK,,NaN,,NaN,,NaN,,NaN,,NaN
A,PC_EU27_2020_HAB_MPPS_CP,P31_S14,AL,44.4,b,44.0,NaN,46.4,NaN,,NaN,,NaN
A,PC_EU27_2020_HAB_MPPS_CP,P31_S14,AT,115.7,b,115.4,NaN,117.3,NaN,116.1,NaN,114.1,NaN
A,PC_EU27_2020_HAB_MPPS_CP,P31_S14,BA,,NaN,,NaN,,NaN,,NaN,,NaN
A,PC_EU27_2020_HAB_MPPS_CP,P31_S14,BE,114.6,b,114.1,NaN,115.9,NaN,116.2,NaN,116.0,p
A,PC_EU27_2020_HAB_MPPS_CP,P31_S14,BG,65.4,b,68.5,NaN,69.5,NaN,70.4,NaN,73.6,NaN
A,PC_EU27_2020_HAB_MPPS_CP,P31_S14,CY,107.0,b,102.4,NaN,105.4,NaN,107.6,NaN,107.5,p
A,PC_EU27_2020_HAB_MPPS_CP,P31_S14,CZ,87.6,b,85.3,NaN,82.6,NaN,81.4,NaN,82.5,NaN
A,PC_EU27_2020_HAB_MPPS_CP,P31_S14,DE,121.2,b,118.8,NaN,119.5,p,117.4,p,116.2,p
A,PC_EU27_2020_HAB_MPPS_CP,P31_S14,DK,118.1,b,119.0,NaN,110.1,NaN,103.9,NaN,103.2,NaN
A,PC_EU27_2020_HAB_MPPS_CP,P31_S14,EA,104.9,b,104.7,NaN,105.0,NaN,104.8,NaN,104.4,NaN
A,PC_EU27_2020_HAB_MPPS_CP,P31_S14,EA12,105.9,b,105.6,NaN,105.9,NaN,106.0,NaN,105.4,NaN
A,PC_EU27_2020_HAB_MPPS_CP,P31_S14,EA19,104.9,b,104.7,NaN,105.0,NaN,105.1,NaN,104.6,NaN
A,PC_EU27_2020_HAB_MPPS_CP,P31_S14,EA20,104.6,b,104.4,NaN,104.8,NaN,104.8,NaN,104.4,NaN
A,PC_EU27_2020_HAB_MPPS_CP,P31_S14,EE,82.9,b,82.9,NaN,83.2,NaN,80.3,NaN,79.8,NaN
A,PC_EU27_2020_HAB_MPPS_CP,P31_S14,EL,85.2,b,85.9,p,90.0,p,90.5,p,91.0,p
A,PC_EU27_2020_HAB_MPPS_CP,P31_S14,ES,89.8,b,93.9,NaN,94.4,NaN,95.0,p,96.3,p
A,PC_EU27_2020_HAB_MPPS_CP,P31_S14,EU27_2020,100.0,NaN,100.0,NaN,100.0,NaN,100.0,NaN,,NaN
A,PC_EU27_2020_HAB_MPPS_CP,P31_S14,FI,106.9,b,106.1,NaN,100.7,NaN,100.6,NaN,98.4,NaN
A,PC_EU27_2020_HAB_MPPS_CP,P31_S14,FR,105.4,b,102.2,NaN,98.1,NaN,100.4,p,99.9,p
A,PC_EU27_2020_HAB_MPPS_CP,P31_S14,HR,75.3,b,80.7,NaN,82.0,NaN,84.3,NaN,84.9,p
A,PC_EU27_2020_HAB_MPPS_CP,P31_S14,HU,70.4,b,69.9,NaN,71.7,NaN,70.2,NaN,73.3,p
A,PC_EU27_2020_HAB_MPPS_CP,P31_S14,IE,98.9,b,105.2,NaN,110.5,NaN,114.4,NaN,115.9,NaN
A,PC_EU27_2020_HAB_MPPS_CP,P31_S14,IS,118.5,b,121.4,p,123.7,p,122.5,p,118.6,p
A,PC_EU27_2020_HAB_MPPS_CP,P31_S14,IT,105.8,b,107.1,NaN,110.1,NaN,109.1,NaN,107.9,p
A,PC_EU27_2020_HAB_MPPS_CP,P31_S14,LT,95.6,b,98.9,NaN,96.9,NaN,94.2,NaN,93.7,NaN
A,PC_EU27_2020_HAB_MPPS_CP,P31_S14,LU,142.8,b,148.4,NaN,146.1,NaN,145.1,NaN,145.3,p
A,PC_EU27_2020_HAB_MPPS_CP,P31_S14,LV,73.7,b,77.3,NaN,78.4,NaN,78.5,NaN,79.3,NaN
A,PC_EU27_2020_HAB_MPPS_CP,P31_S14,ME,68.6,b,66.2,NaN,70.9,NaN,75.2,NaN,82.7,NaN
A,PC_EU27_2020_HAB_MPPS_CP,P31_S14,MK,53.9,b,57.0,e,55.7,e,54.4,e,54.4,e
A,PC_EU27_2020_HAB_MPPS_CP,P31_S14,MT,85.0,b,86.8,NaN,85.4,NaN,92.9,NaN,94.9,NaN
A,PC_EU27_2020_HAB_MPPS_CP,P31_S14,NL,108.9,b,110.6,NaN,112.8,NaN,111.7,p,111.1,p
A,PC_EU27_2020_HAB_MPPS_CP,P31_S14,NO,114.2,b,121.6,NaN,126.8,NaN,119.2,NaN,116.8,NaN
A,PC_EU27_2020_HAB_MPPS_CP,P31_S14,PL,86.7,b,87.9,NaN,86.7,b,84.9,NaN,86.4,NaN
A,PC_EU27_2020_HAB_MPPS_CP,P31_S14,PT,91.8,b,91.4,NaN,93.1,NaN,94.5,NaN,95.0,p
A,PC_EU27_2020_HAB_MPPS_CP,P31_S14,RO,85.4,b,87.7,NaN,88.9,NaN,90.7,NaN,93.8,p
A,PC_EU27_2020_HAB_MPPS_CP,P31_S14,RS,55.5,b,56.7,NaN,57.3,NaN,58.3,p,61.4,p
A,PC_EU27_2020_HAB_MPPS_CP,P31_S14,SE,104.1,b,104.5,NaN,99.0,NaN,96.4,NaN,96.0,NaN
A,PC_EU27_2020_HAB_MPPS_CP,P31_S14,SI,85.3,b,89.9,NaN,91.3,NaN,89.8,NaN,90.1,NaN
A,PC_EU27_2020_HAB_MPPS_CP,P31_S14,SK,82.8,b,82.1,b,83.2,NaN,81.9,NaN,84.0,NaN
A,PC_EU27_2020_HAB_MPPS_CP,P31_S14,TR,64.7,b,64.0,NaN,71.4,NaN,76.4,NaN,,NaN
A,PC_EU27_2020_HAB_MPPS_CP,P31_S14,UK,,NaN,,NaN,,NaN,,NaN,,NaN
A,PC_EU27_2020_HAB_MPPS_CP,P31_S14_S15,AL,43.7,b,43.4,NaN,45.7,NaN,,NaN,,NaN
A,PC_EU27_2020_HAB_MPPS_CP,P31_S14_S15,AT,117.3,b,117.3,NaN,119.0,NaN,118.0,NaN,116.3,NaN
A,PC_EU27_2020_HAB_MPPS_CP,P31_S14_S15,BA,,NaN,,NaN,,NaN,,NaN,,NaN
A,PC_EU27_2020_HAB_MPPS_CP,P31_S14_S15,BE,114.0,b,113.6,NaN,115.4,NaN,115.7,NaN,115.5,p
A,PC_EU27_2020_HAB_MPPS_CP,P31_S14_S15,BG,64.1,b,67.2,NaN,68.4,NaN,69.2,NaN,72.3,NaN
A,PC_EU27_2020_HAB_MPPS_CP,P31_S14_S15,CY,105.9,b,101.6,NaN,104.5,NaN,106.7,NaN,106.6,p
A,PC_EU27_2020_HAB_MPPS_CP,P31_S14_S15,CZ,86.9,b,84.7,NaN,82.1,NaN,81.0,NaN,82.3,NaN
A,PC_EU27_2020_HAB_MPPS_CP,P31_S14_S15,DE,121.8,b,119.2,NaN,119.8,p,117.6,p,116.4,p
A,PC_EU27_2020_HAB_MPPS_CP,P31_S14_S15,DK,118.7,b,119.4,NaN,110.8,NaN,104.6,NaN,104.1,NaN
A,PC_EU27_2020_HAB_MPPS_CP,P31_S14_S15,EA,105.0,b,104.8,NaN,105.1,NaN,104.9,NaN,104.4,NaN
A,PC_EU27_2020_HAB_MPPS_CP,P31_S14_S15,EA12,106.0,b,105.7,NaN,106.0,NaN,106.1,NaN,105.5,NaN
A,PC_EU27_2020_HAB_MPPS_CP,P31_S14_S15,EA19,105.0,b,104.8,NaN,105.1,NaN,105.1,NaN,104.7,NaN
A,PC_EU27_2020_HAB_MPPS_CP,P31_S14_S15,EA20,104.6,b,104.5,NaN,104.8,NaN,104.9,NaN,104.4,NaN
A,PC_EU27_2020_HAB_MPPS_CP,P31_S14_S15,EE,83.6,b,83.6,NaN,83.9,NaN,81.1,NaN,80.6,NaN
A,PC_EU27_2020_HAB_MPPS_CP,P31_S14_S15,EL,84.8,b,85.5,p,89.5,p,89.9,p,90.4,p
A,PC_EU27_2020_HAB_MPPS_CP,P31_S14_S15,ES,89.2,b,93.4,NaN,93.9,NaN,94.6,p,95.8,p
A,PC_EU27_2020_HAB_MPPS_CP,P31_S14_S15,EU27_2020,100.0,NaN,100.0,NaN,100.0,NaN,100.0,NaN,,NaN
A,PC_EU27_2020_HAB_MPPS_CP,P31_S14_S15,FI,108.2,b,107.2,NaN,102.2,NaN,101.7,NaN,99.5,NaN
A,PC_EU27_2020_HAB_MPPS_CP,P31_S14_S15,FR,107.1,b,103.9,NaN,99.9,NaN,102.2,p,101.7,p
A,PC_EU27_2020_HAB_MPPS_CP,P31_S14_S15,HR,74.9,b,80.3,NaN,81.6,NaN,84.0,NaN,84.7,p
A,PC_EU27_2020_HAB_MPPS_CP,P31_S14_S15,HU,71.5,b,70.9,NaN,72.9,NaN,71.7,NaN,74.7,p
A,PC_EU27_2020_HAB_MPPS_CP,P31_S14_S15,IE,98.2,b,104.1,NaN,109.3,NaN,113.1,NaN,115.0,NaN
A,PC_EU27_2020_HAB_MPPS_CP,P31_S14_S15,IS,121.1,b,124.2,p,126.3,p,125.1,p,121.3,p
A,PC_EU27_2020_HAB_MPPS_CP,P31_S14_S15,IT,103.9,b,105.3,NaN,108.2,NaN,107.3,NaN,106.1,p
A,PC_EU27_2020_HAB_MPPS_CP,P31_S14_S15,LT,93.5,b,96.7,NaN,94.7,NaN,92.1,NaN,91.7,NaN
A,PC_EU27_2020_HAB_MPPS_CP,P31_S14_S15,LU,149.6,b,155.3,NaN,152.9,NaN,152.4,NaN,152.5,p
A,PC_EU27_2020_HAB_MPPS_CP,P31_S14_S15,LV,73.4,b,77.0,NaN,78.0,NaN,77.9,NaN,78.6,NaN
A,PC_EU27_2020_HAB_MPPS_CP,P31_S14_S15,ME,68.0,b,65.7,NaN,70.4,NaN,74.8,NaN,82.1,NaN
A,PC_EU27_2020_HAB_MPPS_CP,P31_S14_S15,MK,53.2,b,56.3,e,55.1,e,53.8,e,53.9,e
A,PC_EU27_2020_HAB_MPPS_CP,P31_S14_S15,MT,86.2,b,88.0,NaN,86.6,NaN,93.9,NaN,96.0,NaN
A,PC_EU27_2020_HAB_MPPS_CP,P31_S14_S15,NL,108.1,b,109.7,NaN,111.9,NaN,110.8,p,110.1,p
A,PC_EU27_2020_HAB_MPPS_CP,P31_S14_S15,NO,117.9,b,125.5,NaN,131.4,NaN,123.7,NaN,121.1,NaN
A,PC_EU27_2020_HAB_MPPS_CP,P31_S14_S15,PL,85.8,b,87.0,NaN,86.0,b,84.3,NaN,85.8,NaN
A,PC_EU27_2020_HAB_MPPS_CP,P31_S14_S15,PT,91.8,b,91.4,NaN,93.1,NaN,94.6,NaN,95.1,p
A,PC_EU27_2020_HAB_MPPS_CP,P31_S14_S15,RO,84.5,b,86.4,NaN,87.6,NaN,89.5,NaN,92.5,p
A,PC_EU27_2020_HAB_MPPS_CP,P31_S14_S15,RS,54.9,b,56.1,NaN,56.8,NaN,57.7,p,60.7,p
A,PC_EU27_2020_HAB_MPPS_CP,P31_S14_S15,SE,104.1,b,104.6,NaN,99.0,NaN,96.6,NaN,96.2,NaN
A,PC_EU27_2020_HAB_MPPS_CP,P31_S14_S15,SI,84.6,b,89.2,NaN,90.9,NaN,89.4,NaN,89.7,NaN
A,PC_EU27_2020_HAB_MPPS_CP,P31_S14_S15,SK,82.0,b,81.4,b,82.6,NaN,81.6,NaN,83.5,NaN
A,PC_EU27_2020_HAB_MPPS_CP,P31_S14_S15,TR,63.4,b,62.7,NaN,70.0,NaN,74.9,NaN,,NaN
A,PC_EU27_2020_HAB_MPPS_CP,P31_S14_S15,UK,,NaN,,NaN,,NaN,,NaN,,NaN
A,PC_EU27_2020_HAB_MPPS_CP,P31_S15,AL,19.5,b,20.9,NaN,21.4,NaN,,NaN,,NaN
A,PC_EU27_2020_HAB_MPPS_CP,P31_S15,AT,175.4,b,189.2,NaN,184.8,NaN,192.6,NaN,200.1,NaN
A,PC_EU27_2020_HAB_MPPS_CP,P31_S15,BA,,NaN,,NaN,,NaN,,NaN,,NaN
A,PC_EU27_2020_HAB_MPPS_CP,P31_S15,BE,90.3,b,93.1,NaN,94.7,NaN,96.6,NaN,98.3,p
A,PC_EU27_2020_HAB_MPPS_CP,P31_S15,BG,18.2,b,19.1,NaN,22.0,NaN,21.9,NaN,21.2,NaN
A,PC_EU27_2020_HAB_MPPS_CP,P31_S15,CY,65.1,b,71.3,NaN,69.8,NaN,72.0,NaN,72.3,p
A,PC_EU27_2020_HAB_MPPS_CP,P31_S15,CZ,63.5,b,64.9,NaN,62.4,NaN,64.8,NaN,71.8,NaN
A,PC_EU27_2020_HAB_MPPS_CP,P31_S15,DE,141.1,b,135.9,NaN,132.1,p,125.5,p,124.0,p
A,PC_EU27_2020_HAB_MPPS_CP,P31_S15,DK,139.9,b,135.9,NaN,135.2,NaN,133.1,NaN,136.6,NaN
A,PC_EU27_2020_HAB_MPPS_CP,P31_S15,EA,107.9,b,108.1,NaN,108.2,NaN,107.0,NaN,106.5,NaN
A,PC_EU27_2020_HAB_MPPS_CP,P31_S15,EA12,109.9,b,110.0,NaN,110.1,NaN,109.2,NaN,108.6,NaN
A,PC_EU27_2020_HAB_MPPS_CP,P31_S15,EA19,107.9,b,108.1,NaN,108.2,NaN,107.4,NaN,106.8,NaN
A,PC_EU27_2020_HAB_MPPS_CP,P31_S15,EA20,107.4,b,107.7,NaN,107.8,NaN,107.0,NaN,106.5,NaN
A,PC_EU27_2020_HAB_MPPS_CP,P31_S15,EE,109.6,b,110.1,NaN,109.1,NaN,109.8,NaN,111.3,NaN
A,PC_EU27_2020_HAB_MPPS_CP,P31_S15,EL,70.0,b,69.2,p,69.8,p,67.6,p,65.9,p
A,PC_EU27_2020_HAB_MPPS_CP,P31_S15,ES,69.5,b,72.9,NaN,77.2,NaN,76.4,p,75.1,p
A,PC_EU27_2020_HAB_MPPS_CP,P31_S15,EU27_2020,100.0,NaN,100.0,NaN,100.0,NaN,100.0,NaN,,NaN
A,PC_EU27_2020_HAB_MPPS_CP,P31_S15,FI,153.6,b,150.0,NaN,157.8,NaN,146.3,NaN,142.2,NaN
A,PC_EU27_2020_HAB_MPPS_CP,P31_S15,FR,171.4,b,170.0,NaN,170.0,NaN,173.0,p,170.8,p
A,PC_EU27_2020_HAB_MPPS_CP,P31_S15,HR,59.4,b,65.4,NaN,66.4,NaN,71.8,NaN,76.3,p
A,PC_EU27_2020_HAB_MPPS_CP,P31_S15,HU,111.8,b,109.6,NaN,117.1,NaN,130.6,NaN,128.7,p
A,PC_EU27_2020_HAB_MPPS_CP,P31_S15,IE,69.6,b,65.2,NaN,63.8,NaN,62.5,NaN,79.5,NaN
A,PC_EU27_2020_HAB_MPPS_CP,P31_S15,IS,219.9,b,229.3,p,226.2,p,228.3,p,223.1,p
A,PC_EU27_2020_HAB_MPPS_CP,P31_S15,IT,33.7,b,36.0,NaN,35.5,NaN,37.5,NaN,37.0,p
A,PC_EU27_2020_HAB_MPPS_CP,P31_S15,LT,14.6,b,12.6,NaN,11.8,NaN,13.1,NaN,14.8,NaN
A,PC_EU27_2020_HAB_MPPS_CP,P31_S15,LU,401.7,b,415.8,NaN,417.1,NaN,437.3,NaN,431.6,p
A,PC_EU27_2020_HAB_MPPS_CP,P31_S15,LV,61.8,b,65.6,NaN,63.1,NaN,55.3,NaN,52.3,NaN
A,PC_EU27_2020_HAB_MPPS_CP,P31_S15,ME,46.9,b,46.0,NaN,49.7,NaN,55.9,NaN,57.4,NaN
A,PC_EU27_2020_HAB_MPPS_CP,P31_S15,MK,25.8,b,30.9,e,32.1,e,32.7,e,34.6,e
A,PC_EU27_2020_HAB_MPPS_CP,P31_S15,MT,129.3,b,133.3,NaN,131.7,NaN,132.9,NaN,140.2,NaN
A,PC_EU27_2020_HAB_MPPS_CP,P31_S15,NL,78.6,b,78.9,NaN,75.9,NaN,74.1,p,73.6,p
A,PC_EU27_2020_HAB_MPPS_CP,P31_S15,NO,254.4,b,273.2,NaN,310.0,NaN,297.6,NaN,286.2,NaN
A,PC_EU27_2020_HAB_MPPS_CP,P31_S15,PL,53.1,b,52.9,NaN,58.4,b,59.4,NaN,62.7,NaN
A,PC_EU27_2020_HAB_MPPS_CP,P31_S15,PT,91.3,b,89.3,NaN,93.3,NaN,98.6,NaN,99.0,p
A,PC_EU27_2020_HAB_MPPS_CP,P31_S15,RO,48.3,b,38.8,NaN,36.4,NaN,41.3,NaN,42.7,p
A,PC_EU27_2020_HAB_MPPS_CP,P31_S15,RS,31.8,b,36.8,NaN,36.7,NaN,35.0,p,37.1,p
A,PC_EU27_2020_HAB_MPPS_CP,P31_S15,SE,105.9,b,107.6,NaN,100.3,NaN,103.0,NaN,104.0,NaN
A,PC_EU27_2020_HAB_MPPS_CP,P31_S15,SI,56.7,b,61.7,NaN,74.4,NaN,73.0,NaN,75.5,NaN
A,PC_EU27_2020_HAB_MPPS_CP,P31_S15,SK,53.4,b,55.8,b,61.0,NaN,68.6,NaN,62.9,NaN
A,PC_EU27_2020_HAB_MPPS_CP,P31_S15,TR,16.4,b,15.3,NaN,13.3,NaN,15.8,NaN,,NaN
A,PC_EU27_2020_HAB_MPPS_CP,P31_S15,UK,,NaN,,NaN,,NaN,,NaN,,NaN
A,PC_EU27_2020_HAB_MPPS_CP,P32_S13,AL,26.8,b,26.1,NaN,27.6,NaN,,NaN,,NaN
A,PC_EU27_2020_HAB_MPPS_CP,P32_S13,AT,112.0,b,112.0,NaN,110.1,NaN,109.5,NaN,111.3,NaN
A,PC_EU27_2020_HAB_MPPS_CP,P32_S13,BA,,NaN,,NaN,,NaN,,NaN,,NaN
A,PC_EU27_2020_HAB_MPPS_CP,P32_S13,BE,119.3,b,118.2,NaN,121.0,NaN,121.0,NaN,120.1,p
A,PC_EU27_2020_HAB_MPPS_CP,P32_S13,BG,64.8,b,65.6,NaN,70.4,NaN,69.8,NaN,74.2,NaN
A,PC_EU27_2020_HAB_MPPS_CP,P32_S13,CY,91.0,b,89.6,NaN,92.0,NaN,97.7,NaN,94.2,p
A,PC_EU27_2020_HAB_MPPS_CP,P32_S13,CZ,105.0,b,97.8,NaN,91.8,NaN,92.9,NaN,93.8,NaN
A,PC_EU27_2020_HAB_MPPS_CP,P32_S13,DE,122.0,b,123.2,NaN,122.7,p,123.3,p,120.6,p
A,PC_EU27_2020_HAB_MPPS_CP,P32_S13,DK,113.4,b,114.3,NaN,109.4,NaN,106.9,NaN,108.7,NaN
A,PC_EU27_2020_HAB_MPPS_CP,P32_S13,EA,104.6,b,104.7,NaN,104.8,NaN,103.9,NaN,102.8,NaN
A,PC_EU27_2020_HAB_MPPS_CP,P32_S13,EA12,105.4,b,105.4,NaN,105.6,NaN,104.8,NaN,103.5,NaN
A,PC_EU27_2020_HAB_MPPS_CP,P32_S13,EA19,104.6,b,104.7,NaN,104.8,NaN,104.0,NaN,102.9,NaN
A,PC_EU27_2020_HAB_MPPS_CP,P32_S13,EA20,104.4,b,104.5,NaN,104.6,NaN,103.9,NaN,102.8,NaN
A,PC_EU27_2020_HAB_MPPS_CP,P32_S13,EE,89.6,b,88.1,NaN,85.5,NaN,85.6,NaN,85.8,NaN
A,PC_EU27_2020_HAB_MPPS_CP,P32_S13,EL,86.1,b,86.9,p,83.9,p,83.7,p,80.1,p
A,PC_EU27_2020_HAB_MPPS_CP,P32_S13,ES,84.1,b,86.4,NaN,88.3,NaN,88.4,p,85.9,p
A,PC_EU27_2020_HAB_MPPS_CP,P32_S13,EU27_2020,100.0,NaN,100.0,NaN,100.0,NaN,100.0,NaN,,NaN
A,PC_EU27_2020_HAB_MPPS_CP,P32_S13,FI,100.9,b,105.2,NaN,102.3,NaN,91.5,b,90.2,NaN
A,PC_EU27_2020_HAB_MPPS_CP,P32_S13,FR,110.3,b,106.4,NaN,106.0,NaN,105.0,p,102.9,p
A,PC_EU27_2020_HAB_MPPS_CP,P32_S13,HR,91.9,b,96.3,NaN,92.6,NaN,98.5,NaN,104.5,p
A,PC_EU27_2020_HAB_MPPS_CP,P32_S13,HU,101.2,b,102.0,NaN,108.8,NaN,108.3,NaN,104.2,p
A,PC_EU27_2020_HAB_MPPS_CP,P32_S13,IE,99.4,b,106.6,NaN,106.5,NaN,105.4,NaN,106.9,NaN
A,PC_EU27_2020_HAB_MPPS_CP,P32_S13,IS,148.0,b,150.8,p,153.4,p,151.5,p,146.3,p
A,PC_EU27_2020_HAB_MPPS_CP,P32_S13,IT,95.3,b,94.7,NaN,94.7,NaN,89.4,NaN,89.0,p
A,PC_EU27_2020_HAB_MPPS_CP,P32_S13,LT,75.6,b,73.6,NaN,74.7,NaN,73.8,NaN,78.7,NaN
A,PC_EU27_2020_HAB_MPPS_CP,P32_S13,LU,214.7,b,215.3,NaN,220.1,NaN,225.0,NaN,226.0,p
A,PC_EU27_2020_HAB_MPPS_CP,P32_S13,LV,92.7,b,95.1,NaN,92.8,NaN,93.3,NaN,92.1,NaN
A,PC_EU27_2020_HAB_MPPS_CP,P32_S13,ME,58.9,b,52.3,NaN,49.0,NaN,52.4,NaN,53.8,NaN
A,PC_EU27_2020_HAB_MPPS_CP,P32_S13,MK,35.3,b,42.3,e,41.8,e,40.7,e,45.6,e
A,PC_EU27_2020_HAB_MPPS_CP,P32_S13,MT,97.4,b,96.0,NaN,93.2,NaN,91.3,NaN,95.5,NaN
A,PC_EU27_2020_HAB_MPPS_CP,P32_S13,NL,127.3,b,129.0,NaN,129.5,NaN,132.0,p,138.1,p
A,PC_EU27_2020_HAB_MPPS_CP,P32_S13,NO,145.0,b,155.9,NaN,159.0,NaN,155.4,NaN,151.5,NaN
A,PC_EU27_2020_HAB_MPPS_CP,P32_S13,PL,79.4,b,78.0,NaN,78.7,b,81.6,NaN,89.0,NaN
A,PC_EU27_2020_HAB_MPPS_CP,P32_S13,PT,72.8,b,69.5,NaN,68.4,NaN,70.2,NaN,68.5,p
A,PC_EU27_2020_HAB_MPPS_CP,P32_S13,RO,88.2,b,86.5,NaN,81.8,NaN,89.0,NaN,100.0,p
A,PC_EU27_2020_HAB_MPPS_CP,P32_S13,RS,46.8,b,48.9,NaN,48.2,NaN,47.2,p,50.3,p
A,PC_EU27_2020_HAB_MPPS_CP,P32_S13,SE,98.2,b,99.9,NaN,100.8,NaN,101.7,NaN,101.8,NaN
A,PC_EU27_2020_HAB_MPPS_CP,P32_S13,SI,83.1,b,86.8,NaN,83.6,NaN,86.8,NaN,85.3,NaN
A,PC_EU27_2020_HAB_MPPS_CP,P32_S13,SK,102.8,b,103.5,b,98.3,NaN,96.2,NaN,100.9,NaN
A,PC_EU27_2020_HAB_MPPS_CP,P32_S13,TR,42.4,b,37.2,NaN,42.7,NaN,49.1,NaN,,NaN
A,PC_EU27_2020_HAB_MPPS_CP,P32_S13,UK,,NaN,,NaN,,NaN,,NaN,,NaN
A,PC_EU27_2020_HAB_MPPS_CP,P3_S13,AL,18.5,b,18.2,NaN,19.3,NaN,,NaN,,NaN
A,PC_EU27_2020_HAB_MPPS_CP,P3_S13,AT,116.2,b,119.9,NaN,118.6,NaN,117.3,NaN,118.1,NaN
A,PC_EU27_2020_HAB_MPPS_CP,P3_S13,BA,,NaN,,NaN,,NaN,,NaN,,NaN
A,PC_EU27_2020_HAB_MPPS_CP,P3_S13,BE,126.7,b,125.8,NaN,129.7,NaN,130.8,NaN,129.6,p
A,PC_EU27_2020_HAB_MPPS_CP,P3_S13,BG,49.3,b,51.0,NaN,53.4,NaN,55.3,NaN,61.1,NaN
A,PC_EU27_2020_HAB_MPPS_CP,P3_S13,CY,76.2,b,78.0,NaN,80.5,NaN,84.7,NaN,84.0,p
A,PC_EU27_2020_HAB_MPPS_CP,P3_S13,CZ,91.2,b,87.2,NaN,81.9,NaN,83.9,NaN,84.9,NaN
A,PC_EU27_2020_HAB_MPPS_CP,P3_S13,DE,123.4,b,123.0,NaN,122.9,p,119.9,p,119.0,p
A,PC_EU27_2020_HAB_MPPS_CP,P3_S13,DK,144.7,b,145.4,NaN,138.5,NaN,134.1,NaN,134.4,NaN
A,PC_EU27_2020_HAB_MPPS_CP,P3_S13,EA,105.1,b,105.1,NaN,105.5,NaN,104.7,NaN,103.9,NaN
A,PC_EU27_2020_HAB_MPPS_CP,P3_S13,EA12,106.5,b,106.4,NaN,106.9,NaN,106.3,NaN,105.4,NaN
A,PC_EU27_2020_HAB_MPPS_CP,P3_S13,EA19,105.1,b,105.1,NaN,105.5,NaN,105.0,NaN,104.2,NaN
A,PC_EU27_2020_HAB_MPPS_CP,P3_S13,EA20,104.7,b,104.7,NaN,105.1,NaN,104.7,NaN,103.9,NaN
A,PC_EU27_2020_HAB_MPPS_CP,P3_S13,EE,78.2,b,76.9,NaN,75.3,NaN,76.7,NaN,77.8,NaN
A,PC_EU27_2020_HAB_MPPS_CP,P3_S13,EL,62.7,b,62.6,p,62.1,p,63.1,p,60.0,p
A,PC_EU27_2020_HAB_MPPS_CP,P3_S13,ES,79.7,b,81.2,NaN,82.6,NaN,83.6,p,81.9,p
A,PC_EU27_2020_HAB_MPPS_CP,P3_S13,EU27_2020,100.0,NaN,100.0,NaN,100.0,NaN,100.0,NaN,,NaN
A,PC_EU27_2020_HAB_MPPS_CP,P3_S13,FI,121.3,b,122.9,NaN,120.9,NaN,127.0,NaN,124.3,NaN
A,PC_EU27_2020_HAB_MPPS_CP,P3_S13,FR,116.8,b,114.0,NaN,112.5,NaN,112.7,p,110.3,p
A,PC_EU27_2020_HAB_MPPS_CP,P3_S13,HR,73.4,b,74.4,NaN,72.3,NaN,77.5,NaN,83.7,p
A,PC_EU27_2020_HAB_MPPS_CP,P3_S13,HU,70.3,b,70.5,NaN,74.1,NaN,74.0,NaN,72.9,p
A,PC_EU27_2020_HAB_MPPS_CP,P3_S13,IE,114.6,b,119.6,NaN,122.0,NaN,124.7,NaN,124.3,NaN
A,PC_EU27_2020_HAB_MPPS_CP,P3_S13,IS,153.1,b,154.7,p,160.5,p,161.6,p,157.0,p
A,PC_EU27_2020_HAB_MPPS_CP,P3_S13,IT,85.8,b,85.3,NaN,86.4,NaN,83.3,NaN,82.2,p
A,PC_EU27_2020_HAB_MPPS_CP,P3_S13,LT,70.6,b,70.3,NaN,70.0,NaN,71.7,NaN,76.8,NaN
A,PC_EU27_2020_HAB_MPPS_CP,P3_S13,LU,209.4,b,205.5,NaN,210.5,NaN,212.4,NaN,213.8,p
A,PC_EU27_2020_HAB_MPPS_CP,P3_S13,LV,64.0,b,70.2,NaN,67.2,NaN,70.5,NaN,71.6,NaN
A,PC_EU27_2020_HAB_MPPS_CP,P3_S13,ME,45.5,b,41.4,NaN,40.8,NaN,44.4,NaN,45.0,NaN
A,PC_EU27_2020_HAB_MPPS_CP,P3_S13,MK,31.1,b,30.6,e,29.5,e,29.3,e,30.7,e
A,PC_EU27_2020_HAB_MPPS_CP,P3_S13,MT,91.7,b,90.9,NaN,85.4,NaN,84.4,NaN,88.0,NaN
A,PC_EU27_2020_HAB_MPPS_CP,P3_S13,NL,149.8,b,151.9,NaN,153.1,NaN,155.0,p,160.2,p
A,PC_EU27_2020_HAB_MPPS_CP,P3_S13,NO,163.4,b,174.2,NaN,181.2,NaN,176.0,NaN,171.4,NaN
A,PC_EU27_2020_HAB_MPPS_CP,P3_S13,PL,65.7,b,66.3,NaN,66.3,b,69.2,NaN,76.3,NaN
A,PC_EU27_2020_HAB_MPPS_CP,P3_S13,PT,62.8,b,62.2,NaN,63.0,NaN,64.0,NaN,64.6,p
A,PC_EU27_2020_HAB_MPPS_CP,P3_S13,RO,60.0,b,58.2,NaN,57.1,NaN,62.5,NaN,67.2,p
A,PC_EU27_2020_HAB_MPPS_CP,P3_S13,RS,38.0,b,38.3,NaN,39.3,NaN,39.4,p,42.0,p
A,PC_EU27_2020_HAB_MPPS_CP,P3_S13,SE,142.3,b,141.2,NaN,137.6,NaN,139.9,NaN,138.2,NaN
A,PC_EU27_2020_HAB_MPPS_CP,P3_S13,SI,80.6,b,83.4,NaN,81.2,NaN,83.1,NaN,86.4,NaN
A,PC_EU27_2020_HAB_MPPS_CP,P3_S13,SK,69.9,b,70.9,b,70.8,NaN,71.0,NaN,73.2,NaN
A,PC_EU27_2020_HAB_MPPS_CP,P3_S13,TR,40.9,b,36.5,NaN,38.5,NaN,45.8,NaN,,NaN
A,PC_EU27_2020_HAB_MPPS_CP,P3_S13,UK,,NaN,,NaN,,NaN,,NaN,,NaN
A,PC_EU27_2020_HAB_MPPS_CP,P41,AL,37.3,b,37.0,NaN,39.4,NaN,,NaN,,NaN
A,PC_EU27_2020_HAB_MPPS_CP,P41,AT,117.6,b,118.8,NaN,119.9,NaN,118.8,NaN,117.5,NaN
A,PC_EU27_2020_HAB_MPPS_CP,P41,BA,,NaN,,NaN,,NaN,,NaN,,NaN
A,PC_EU27_2020_HAB_MPPS_CP,P41,BE,117.7,b,117.1,NaN,119.4,NaN,119.9,NaN,119.6,p
A,PC_EU27_2020_HAB_MPPS_CP,P41,BG,58.9,b,62.0,NaN,63.3,NaN,64.7,NaN,68.4,NaN
A,PC_EU27_2020_HAB_MPPS_CP,P41,CY,97.6,b,95.1,NaN,98.3,NaN,100.8,NaN,100.8,p
A,PC_EU27_2020_HAB_MPPS_CP,P41,CZ,86.1,b,83.9,NaN,80.9,NaN,80.5,NaN,81.7,NaN
A,PC_EU27_2020_HAB_MPPS_CP,P41,DE,122.3,b,120.0,NaN,120.4,p,117.7,p,116.8,p
A,PC_EU27_2020_HAB_MPPS_CP,P41,DK,128.3,b,128.9,NaN,119.9,NaN,113.8,NaN,113.4,NaN
A,PC_EU27_2020_HAB_MPPS_CP,P41,EA,105.1,b,104.9,NaN,105.3,NaN,104.9,NaN,104.5,NaN
A,PC_EU27_2020_HAB_MPPS_CP,P41,EA12,106.2,b,106.0,NaN,106.4,NaN,106.3,NaN,105.7,NaN
A,PC_EU27_2020_HAB_MPPS_CP,P41,EA19,105.1,b,104.9,NaN,105.3,NaN,105.2,NaN,104.7,NaN
A,PC_EU27_2020_HAB_MPPS_CP,P41,EA20,104.7,b,104.6,NaN,105.0,NaN,104.9,NaN,104.5,NaN
A,PC_EU27_2020_HAB_MPPS_CP,P41,EE,81.0,b,80.8,NaN,80.9,NaN,79.1,NaN,79.0,NaN
A,PC_EU27_2020_HAB_MPPS_CP,P41,EL,77.1,b,77.6,p,81.4,p,82.1,p,81.7,p
A,PC_EU27_2020_HAB_MPPS_CP,P41,ES,86.6,b,90.1,NaN,91.0,NaN,91.8,p,92.5,p
A,PC_EU27_2020_HAB_MPPS_CP,P41,EU27_2020,100.0,NaN,100.0,NaN,100.0,NaN,100.0,NaN,,NaN
A,PC_EU27_2020_HAB_MPPS_CP,P41,FI,113.6,b,112.8,NaN,108.2,NaN,111.1,NaN,108.7,NaN
A,PC_EU27_2020_HAB_MPPS_CP,P41,FR,110.0,b,107.0,NaN,103.2,NaN,105.3,p,104.3,p
A,PC_EU27_2020_HAB_MPPS_CP,P41,HR,72.2,b,76.3,NaN,77.3,NaN,80.1,NaN,81.9,p
A,PC_EU27_2020_HAB_MPPS_CP,P41,HU,67.2,b,66.9,NaN,68.9,NaN,68.0,NaN,70.5,p
A,PC_EU27_2020_HAB_MPPS_CP,P41,IE,103.6,b,109.1,NaN,113.7,NaN,117.8,NaN,119.0,NaN
A,PC_EU27_2020_HAB_MPPS_CP,P41,IS,128.6,b,131.2,p,134.1,p,133.6,p,129.8,p
A,PC_EU27_2020_HAB_MPPS_CP,P41,IT,98.9,b,99.8,NaN,102.8,NaN,101.8,NaN,100.4,p
A,PC_EU27_2020_HAB_MPPS_CP,P41,LT,88.0,b,90.6,NaN,89.2,NaN,87.8,NaN,88.4,NaN
A,PC_EU27_2020_HAB_MPPS_CP,P41,LU,161.6,b,164.8,NaN,163.3,NaN,162.8,NaN,163.4,p
A,PC_EU27_2020_HAB_MPPS_CP,P41,LV,67.6,b,72.4,NaN,72.8,NaN,73.7,NaN,74.6,NaN
A,PC_EU27_2020_HAB_MPPS_CP,P41,ME,61.5,b,59.2,NaN,63.4,NaN,67.8,NaN,73.5,NaN
A,PC_EU27_2020_HAB_MPPS_CP,P41,MK,48.0,b,49.4,e,48.5,e,47.6,e,47.4,e
A,PC_EU27_2020_HAB_MPPS_CP,P41,MT,86.6,b,87.9,NaN,85.4,NaN,91.2,NaN,93.5,NaN
A,PC_EU27_2020_HAB_MPPS_CP,P41,NL,119.8,b,121.6,NaN,123.1,NaN,122.4,p,123.0,p
A,PC_EU27_2020_HAB_MPPS_CP,P41,NO,129.9,b,138.2,NaN,144.1,NaN,136.6,NaN,133.7,NaN
A,PC_EU27_2020_HAB_MPPS_CP,P41,PL,79.8,b,81.1,NaN,80.6,b,79.8,NaN,82.3,NaN
A,PC_EU27_2020_HAB_MPPS_CP,P41,PT,84.3,b,84.3,NaN,86.4,NaN,87.8,NaN,88.5,p
A,PC_EU27_2020_HAB_MPPS_CP,P41,RO,75.6,b,76.9,NaN,78.5,NaN,80.9,NaN,83.3,p
A,PC_EU27_2020_HAB_MPPS_CP,P41,RS,50.2,b,51.0,NaN,52.2,NaN,53.1,p,55.9,p
A,PC_EU27_2020_HAB_MPPS_CP,P41,SE,117.9,b,117.6,NaN,111.3,NaN,109.9,NaN,109.2,NaN
A,PC_EU27_2020_HAB_MPPS_CP,P41,SI,83.4,b,87.5,NaN,88.7,NaN,87.7,NaN,89.2,NaN
A,PC_EU27_2020_HAB_MPPS_CP,P41,SK,75.2,b,75.1,b,76.9,NaN,76.4,NaN,78.0,NaN
A,PC_EU27_2020_HAB_MPPS_CP,P41,TR,58.4,b,57.1,NaN,63.1,NaN,68.7,NaN,,NaN
A,PC_EU27_2020_HAB_MPPS_CP,P41,UK,,NaN,,NaN,,NaN,,NaN,,NaN
