freq,unit,na_item,geo,2020,2021,2022,2023,2024,2025
A,CLV10_EUR_HAB,B1GQ,AL,3880.0,4270.0,4530.0,,,
A,CLV10_EUR_HAB,B1GQ,AT,35480.0,37080.0,38620.0,37990.0,37550.0,
A,CLV10_EUR_HAB,B1GQ,BE,33990.0,35960.0,37090.0,37400.0,37580.0,
A,CLV10_EUR_HAB,B1GQ,BG,6800.0,7380.0,7730.0,7880.0,8160.0,
A,CLV10_EUR_HAB,B1GQ,CH,61140.0,64440.0,66160.0,65710.0,65880.0,
A,CLV10_EUR_HAB,B1GQ,CY,24190.0,26540.0,28210.0,28670.0,29330.0,
A,CLV10_EUR_HAB,B1GQ,CZ,17900.0,18620.0,18690.0,18500.0,18700.0,
A,CLV10_EUR_HAB,B1GQ,DE,35620.0,37070.0,37490.0,36830.0,36550.0,36620.0
A,CLV10_EUR_HAB,B1GQ,DK,47940.0,50840.0,50620.0,50570.0,52080.0,
A,CLV10_EUR_HAB,B1GQ,EA,29720.0,31610.0,32590.0,32330.0,32490.0,
A,CLV10_EUR_HAB,B1GQ,EA12,30340.0,32260.0,33280.0,33200.0,33340.0,
A,CLV10_EUR_HAB,B1GQ,EA19,29720.0,31610.0,32590.0,32520.0,32680.0,
A,CLV10_EUR_HAB,B1GQ,EA20,29520.0,31410.0,32390.0,32330.0,32490.0,
A,CLV10_EUR_HAB,B1GQ,EA21,29100.0,30960.0,31940.0,31890.0,32060.0,
A,CLV10_EUR_HAB,B1GQ,EE,15070.0,16300.0,16080.0,15250.0,15140.0,
A,CLV10_EUR_HAB,B1GQ,EL,16320.0,17820.0,18920.0,19380.0,19810.0,
A,CLV10_EUR_HAB,B1GQ,ES,22510.0,24020.0,25310.0,25630.0,26240.0,
A,CLV10_EUR_HAB,B1GQ,EU27_2020,26850.0,28570.0,29400.0,29380.0,29610.0,
A,CLV10_EUR_HAB,B1GQ,FI,35990.0,36880.0,37060.0,36440.0,36300.0,
A,CLV10_EUR_HAB,B1GQ,FR,30800.0,32770.0,33530.0,33920.0,34240.0,
A,CLV10_EUR_HAB,B1GQ,HR,12140.0,13790.0,14870.0,15420.0,15960.0,
A,CLV10_EUR_HAB,B1GQ,HU,12930.0,13930.0,14540.0,14440.0,14570.0,
A,CLV10_EUR_HAB,B1GQ,IE,63230.0,72680.0,76520.0,73230.0,73890.0,
A,CLV10_EUR_HAB,B1GQ,IS,36020.0,37320.0,39680.0,40670.0,39440.0,
A,CLV10_EUR_HAB,B1GQ,IT,24960.0,27330.0,28710.0,29000.0,29220.0,
A,CLV10_EUR_HAB,B1GQ,LT,14310.0,15240.0,15490.0,15390.0,15760.0,
A,CLV10_EUR_HAB,B1GQ,LU,82550.0,86900.0,84090.0,82600.0,81590.0,
A,CLV10_EUR_HAB,B1GQ,LV,11890.0,12820.0,13050.0,12960.0,13070.0,
A,CLV10_EUR_HAB,B1GQ,ME,5410.0,6130.0,6620.0,7050.0,7270.0,
A,CLV10_EUR_HAB,B1GQ,MK,4570.0,4830.0,4980.0,5120.0,5280.0,
A,CLV10_EUR_HAB,B1GQ,MT,22230.0,25060.0,25050.0,26630.0,27710.0,
A,CLV10_EUR_HAB,B1GQ,NL,40800.0,43140.0,44870.0,44160.0,44350.0,44930.0
A,CLV10_EUR_HAB,B1GQ,NO,68850.0,71160.0,72810.0,72030.0,72850.0,
A,CLV10_EUR_HAB,B1GQ,PL,13370.0,14370.0,14800.0,14900.0,15390.0,
A,CLV10_EUR_HAB,B1GQ,PT,16940.0,17840.0,18970.0,19360.0,19560.0,
A,CLV10_EUR_HAB,B1GQ,RO,8960.0,9540.0,9990.0,10210.0,10300.0,
A,CLV10_EUR_HAB,B1GQ,RS,5420.0,5910.0,6220.0,6500.0,6790.0,
A,CLV10_EUR_HAB,B1GQ,SE,42520.0,44480.0,44560.0,44170.0,44450.0,
A,CLV10_EUR_HAB,B1GQ,SI,19630.0,21240.0,21780.0,22180.0,22500.0,
A,CLV10_EUR_HAB,B1GQ,SK,15510.0,16450.0,16490.0,16830.0,17150.0,
A,CLV10_EUR_HAB,B1GQ,TR,11240.0,12450.0,13010.0,13660.0,14120.0,
A,CLV10_EUR_HAB,B1GQ,UK,,,,,,
A,CLV10_EUR_HAB,P3,AL,3320.0,3500.0,3730.0,,,
A,CLV10_EUR_HAB,P3,AT,24760.0,26090.0,26760.0,26540.0,26870.0,
A,CLV10_EUR_HAB,P3,BE,25340.0,26530.0,27240.0,27430.0,27800.0,
A,CLV10_EUR_HAB,P3,BG,5780.0,6210.0,6560.0,6650.0,6960.0,
A,CLV10_EUR_HAB,P3,CH,37970.0,38570.0,39690.0,39650.0,40060.0,
A,CLV10_EUR_HAB,P3,CY,19590.0,20400.0,21840.0,22600.0,23000.0,
A,CLV10_EUR_HAB,P3,CZ,12220.0,12630.0,12380.0,12130.0,12440.0,
A,CLV10_EUR_HAB,P3,DE,26600.0,27260.0,28360.0,27960.0,28190.0,28580.0
A,CLV10_EUR_HAB,P3,DK,35060.0,36780.0,35640.0,34820.0,34990.0,
A,CLV10_EUR_HAB,P3,EA,22330.0,23330.0,24160.0,24060.0,24340.0,
A,CLV10_EUR_HAB,P3,EA12,22800.0,23810.0,24670.0,24720.0,24980.0,
A,CLV10_EUR_HAB,P3,EA19,22330.0,23330.0,24160.0,24200.0,24460.0,
A,CLV10_EUR_HAB,P3,EA20,22190.0,23190.0,24020.0,24060.0,24340.0,
A,CLV10_EUR_HAB,P3,EA21,21880.0,22880.0,23710.0,23750.0,24030.0,
A,CLV10_EUR_HAB,P3,EE,11140.0,11820.0,12000.0,11600.0,11600.0,
A,CLV10_EUR_HAB,P3,EL,15460.0,16210.0,17450.0,17920.0,18190.0,
A,CLV10_EUR_HAB,P3,ES,17060.0,18100.0,18610.0,18860.0,19230.0,
A,CLV10_EUR_HAB,P3,EU27_2020,20150.0,21090.0,21770.0,21810.0,22130.0,
A,CLV10_EUR_HAB,P3,FI,27460.0,28370.0,28400.0,28630.0,28560.0,
A,CLV10_EUR_HAB,P3,FR,24540.0,25810.0,26520.0,26690.0,26930.0,
A,CLV10_EUR_HAB,P3,HR,10160.0,11110.0,11790.0,12270.0,13010.0,
A,CLV10_EUR_HAB,P3,HU,9690.0,10150.0,10800.0,10740.0,11140.0,
A,CLV10_EUR_HAB,P3,IE,25550.0,27350.0,29040.0,29940.0,30490.0,
A,CLV10_EUR_HAB,P3,IS,28020.0,29300.0,30200.0,29800.0,29610.0,
A,CLV10_EUR_HAB,P3,IT,19850.0,20930.0,21840.0,22000.0,22150.0,
A,CLV10_EUR_HAB,P3,LT,10350.0,11020.0,11130.0,10960.0,11200.0,
A,CLV10_EUR_HAB,P3,LU,41590.0,44590.0,46100.0,46600.0,47620.0,
A,CLV10_EUR_HAB,P3,LV,9400.0,10130.0,10500.0,10520.0,10610.0,
A,CLV10_EUR_HAB,P3,ME,6060.0,6300.0,7010.0,7450.0,8090.0,
A,CLV10_EUR_HAB,P3,MK,4130.0,4480.0,4660.0,4720.0,4820.0,
A,CLV10_EUR_HAB,P3,MT,15170.0,16460.0,17080.0,18090.0,18820.0,
A,CLV10_EUR_HAB,P3,NL,27540.0,28640.0,29730.0,29870.0,30280.0,30680.0
A,CLV10_EUR_HAB,P3,NO,43470.0,45200.0,47300.0,46950.0,47340.0,
A,CLV10_EUR_HAB,P3,PL,10160.0,10810.0,11010.0,11150.0,11670.0,
A,CLV10_EUR_HAB,P3,PT,14410.0,15050.0,15660.0,15850.0,16100.0,
A,CLV10_EUR_HAB,P3,RO,7450.0,7900.0,8250.0,8470.0,8880.0,
A,CLV10_EUR_HAB,P3,RS,4690.0,5070.0,5350.0,5380.0,5670.0,
A,CLV10_EUR_HAB,P3,SE,30110.0,31370.0,31660.0,31240.0,31380.0,
A,CLV10_EUR_HAB,P3,SI,14060.0,15400.0,15790.0,15790.0,16490.0,
A,CLV10_EUR_HAB,P3,SK,11350.0,11760.0,12050.0,11710.0,12130.0,
A,CLV10_EUR_HAB,P3,TR,8030.0,9010.0,10180.0,11090.0,11490.0,
A,CLV10_EUR_HAB,P3,UK,,,,,,
A,CLV10_EUR_HAB,P31_S13,AL,220.0,240.0,240.0,,,
A,CLV10_EUR_HAB,P31_S13,AT,4440.0,4920.0,4850.0,4800.0,4950.0,
A,CLV10_EUR_HAB,P31_S13,BE,5120.0,5360.0,5500.0,5640.0,5720.0,
A,CLV10_EUR_HAB,P31_S13,BG,610.0,640.0,670.0,680.0,710.0,
A,CLV10_EUR_HAB,P31_S13,CH,3600.0,3790.0,3610.0,3650.0,3640.0,
A,CLV10_EUR_HAB,P31_S13,CY,2550.0,2870.0,2930.0,2920.0,3000.0,
A,CLV10_EUR_HAB,P31_S13,CZ,1940.0,2010.0,1970.0,2020.0,2090.0,
A,CLV10_EUR_HAB,P31_S13,DE,4830.0,5020.0,5070.0,4930.0,5060.0,5160.0
A,CLV10_EUR_HAB,P31_S13,DK,8500.0,8970.0,8630.0,8520.0,8480.0,
A,CLV10_EUR_HAB,P31_S13,EA,4140.0,4370.0,4420.0,4400.0,4480.0,
A,CLV10_EUR_HAB,P31_S13,EA12,4260.0,4500.0,4540.0,4560.0,4630.0,
A,CLV10_EUR_HAB,P31_S13,EA19,4140.0,4370.0,4420.0,4430.0,4500.0,
A,CLV10_EUR_HAB,P31_S13,EA20,4110.0,4340.0,4390.0,4400.0,4480.0,
A,CLV10_EUR_HAB,P31_S13,EA21,4040.0,4270.0,4320.0,4330.0,4410.0,
A,CLV10_EUR_HAB,P31_S13,EE,1510.0,1590.0,1580.0,1530.0,1550.0,
A,CLV10_EUR_HAB,P31_S13,EL,1910.0,1980.0,2020.0,2090.0,2030.0,
A,CLV10_EUR_HAB,P31_S13,ES,2950.0,3080.0,3040.0,3140.0,3220.0,
A,CLV10_EUR_HAB,P31_S13,EU27_2020,3680.0,3890.0,3910.0,3930.0,4010.0,
A,CLV10_EUR_HAB,P31_S13,FI,5900.0,6130.0,6090.0,6410.0,6440.0,
A,CLV10_EUR_HAB,P31_S13,FR,4910.0,5300.0,5430.0,5460.0,5520.0,
A,CLV10_EUR_HAB,P31_S13,HR,1590.0,1650.0,1690.0,1770.0,1930.0,
A,CLV10_EUR_HAB,P31_S13,HU,1080.0,1110.0,1170.0,1200.0,1220.0,
A,CLV10_EUR_HAB,P31_S13,IE,5750.0,6060.0,6200.0,6560.0,6720.0,
A,CLV10_EUR_HAB,P31_S13,IS,5140.0,5180.0,5150.0,5140.0,5140.0,
A,CLV10_EUR_HAB,P31_S13,IT,3190.0,3340.0,3370.0,3420.0,3410.0,
A,CLV10_EUR_HAB,P31_S13,LT,1080.0,1090.0,1100.0,1090.0,1100.0,
A,CLV10_EUR_HAB,P31_S13,LU,8980.0,9290.0,9490.0,9320.0,9650.0,
A,CLV10_EUR_HAB,P31_S13,LV,850.0,900.0,850.0,900.0,890.0,
A,CLV10_EUR_HAB,P31_S13,ME,590.0,600.0,600.0,630.0,640.0,
A,CLV10_EUR_HAB,P31_S13,MT,2880.0,3080.0,2920.0,2930.0,3130.0,
A,CLV10_EUR_HAB,P31_S13,NL,7060.0,7390.0,7360.0,7400.0,7550.0,7690.0
A,CLV10_EUR_HAB,P31_S13,NO,9370.0,9720.0,9900.0,10060.0,10190.0,
A,CLV10_EUR_HAB,P31_S13,PL,1310.0,1430.0,1380.0,1450.0,1590.0,
A,CLV10_EUR_HAB,P31_S13,PT,1910.0,2070.0,2150.0,2170.0,2230.0,
A,CLV10_EUR_HAB,P31_S13,RO,530.0,540.0,560.0,580.0,560.0,
A,CLV10_EUR_HAB,P31_S13,RS,600.0,610.0,660.0,660.0,680.0,
A,CLV10_EUR_HAB,P31_S13,SE,7120.0,7330.0,7240.0,7190.0,7190.0,
A,CLV10_EUR_HAB,P31_S13,SI,2400.0,2560.0,2570.0,2550.0,2800.0,
A,CLV10_EUR_HAB,P31_S13,SK,1340.0,1470.0,1560.0,1540.0,1550.0,
A,CLV10_EUR_HAB,P31_S13,TR,1180.0,1260.0,1260.0,1380.0,1480.0,
A,CLV10_EUR_HAB,P31_S13,UK,,,,,,
A,CLV10_EUR_HAB,P31_S14,AL,2770.0,2920.0,3130.0,,,
A,CLV10_EUR_HAB,P31_S14,AT,16830.0,17550.0,18340.0,18100.0,18170.0,
A,CLV10_EUR_HAB,P31_S14,BE,16990.0,17850.0,18330.0,18360.0,18630.0,
A,CLV10_EUR_HAB,P31_S14,BG,4500.0,4920.0,5140.0,5210.0,5480.0,
A,CLV10_EUR_HAB,P31_S14,CH,29670.0,30060.0,31320.0,31260.0,31650.0,
A,CLV10_EUR_HAB,P31_S14,CY,14690.0,15120.0,16430.0,17090.0,17480.0,
A,CLV10_EUR_HAB,P31_S14,CZ,8470.0,8820.0,8640.0,8310.0,8480.0,
A,CLV10_EUR_HAB,P31_S14,DE,18240.0,18640.0,19750.0,19440.0,19480.0,19750.0
A,CLV10_EUR_HAB,P31_S14,DK,22340.0,23530.0,22760.0,22000.0,22130.0,
A,CLV10_EUR_HAB,P31_S14,EA,15250.0,15950.0,16720.0,16600.0,16730.0,
A,CLV10_EUR_HAB,P31_S14,EA12,15540.0,16250.0,17030.0,17010.0,17130.0,
A,CLV10_EUR_HAB,P31_S14,EA19,15250.0,15950.0,16720.0,16690.0,16820.0,
A,CLV10_EUR_HAB,P31_S14,EA20,15150.0,15860.0,16620.0,16600.0,16730.0,
A,CLV10_EUR_HAB,P31_S14,EA21,14960.0,15660.0,16420.0,16390.0,16530.0,
A,CLV10_EUR_HAB,P31_S14,EE,8030.0,8610.0,8870.0,8510.0,8460.0,
A,CLV10_EUR_HAB,P31_S14,EL,11230.0,11880.0,13080.0,13430.0,13780.0,
A,CLV10_EUR_HAB,P31_S14,ES,11900.0,12760.0,13260.0,13320.0,13580.0,
A,CLV10_EUR_HAB,P31_S14,EU27_2020,13820.0,14510.0,15140.0,15110.0,15280.0,
A,CLV10_EUR_HAB,P31_S14,FI,17930.0,18510.0,18610.0,18530.0,18340.0,
A,CLV10_EUR_HAB,P31_S14,FR,16170.0,16940.0,17410.0,17470.0,17610.0,
A,CLV10_EUR_HAB,P31_S14,HR,7000.0,7830.0,8410.0,8670.0,9160.0,
A,CLV10_EUR_HAB,P31_S14,HU,6730.0,7110.0,7630.0,7430.0,7910.0,
A,CLV10_EUR_HAB,P31_S14,IE,16660.0,17990.0,19540.0,20010.0,20180.0,
A,CLV10_EUR_HAB,P31_S14,IS,18630.0,19900.0,20960.0,20540.0,20340.0,
A,CLV10_EUR_HAB,P31_S14,IT,14390.0,15300.0,16140.0,16230.0,16320.0,
A,CLV10_EUR_HAB,P31_S14,LT,8320.0,9010.0,9100.0,8960.0,9180.0,
A,CLV10_EUR_HAB,P31_S14,LU,25110.0,27400.0,28500.0,28970.0,29450.0,
A,CLV10_EUR_HAB,P31_S14,LV,6980.0,7600.0,8000.0,7960.0,8050.0,
A,CLV10_EUR_HAB,P31_S14,ME,4650.0,4910.0,5590.0,5990.0,6610.0,
A,CLV10_EUR_HAB,P31_S14,MK,3270.0,3580.0,3790.0,3860.0,3950.0,
A,CLV10_EUR_HAB,P31_S14,MT,9940.0,10950.0,11700.0,12710.0,13090.0,
A,CLV10_EUR_HAB,P31_S14,NL,16750.0,17400.0,18460.0,18400.0,18490.0,18640.0
A,CLV10_EUR_HAB,P31_S14,NO,27170.0,28410.0,30250.0,29490.0,29660.0,
A,CLV10_EUR_HAB,P31_S14,PL,7620.0,8140.0,8360.0,8370.0,8640.0,
A,CLV10_EUR_HAB,P31_S14,PT,10720.0,11220.0,11770.0,11930.0,12150.0,
A,CLV10_EUR_HAB,P31_S14,RO,6100.0,6600.0,7000.0,7160.0,7570.0,
A,CLV10_EUR_HAB,P31_S14,RS,3560.0,3870.0,4110.0,4160.0,4400.0,
A,CLV10_EUR_HAB,P31_S14,SE,19670.0,20670.0,21040.0,20530.0,20590.0,
A,CLV10_EUR_HAB,P31_S14,SI,10030.0,11130.0,11520.0,11460.0,11850.0,
A,CLV10_EUR_HAB,P31_S14,SK,8400.0,8680.0,9070.0,8790.0,9110.0,
A,CLV10_EUR_HAB,P31_S14,TR,6360.0,7290.0,8390.0,9270.0,9670.0,
A,CLV10_EUR_HAB,P31_S14,UK,,,,,,
A,CLV10_EUR_HAB,P31_S14_S15,AL,2800.0,2950.0,3170.0,,,
A,CLV10_EUR_HAB,P31_S14_S15,AT,17540.0,18330.0,19100.0,18890.0,18980.0,
A,CLV10_EUR_HAB,P31_S14_S15,BE,17330.0,18220.0,18730.0,18780.0,19040.0,
A,CLV10_EUR_HAB,P31_S14_S15,BG,4540.0,4970.0,5200.0,5270.0,5540.0,
A,CLV10_EUR_HAB,P31_S14_S15,CH,31000.0,31440.0,32700.0,32660.0,33070.0,
A,CLV10_EUR_HAB,P31_S14_S15,CY,14930.0,15400.0,16700.0,17380.0,17790.0,
A,CLV10_EUR_HAB,P31_S14_S15,CZ,8630.0,8990.0,8820.0,8500.0,8700.0,
A,CLV10_EUR_HAB,P31_S14_S15,DE,18750.0,19150.0,20270.0,19960.0,20010.0,20270.0
A,CLV10_EUR_HAB,P31_S14_S15,DK,23030.0,24220.0,23480.0,22730.0,22840.0,
A,CLV10_EUR_HAB,P31_S14_S15,EA,15650.0,16370.0,17150.0,17040.0,17180.0,
A,CLV10_EUR_HAB,P31_S14_S15,EA12,15960.0,16680.0,17480.0,17460.0,17590.0,
A,CLV10_EUR_HAB,P31_S14_S15,EA19,15650.0,16370.0,17150.0,17130.0,17270.0,
A,CLV10_EUR_HAB,P31_S14_S15,EA20,15550.0,16270.0,17060.0,17040.0,17180.0,
A,CLV10_EUR_HAB,P31_S14_S15,EA21,15350.0,16070.0,16840.0,16820.0,16970.0,
A,CLV10_EUR_HAB,P31_S14_S15,EE,8340.0,8930.0,9180.0,8830.0,8780.0,
A,CLV10_EUR_HAB,P31_S14_S15,EL,11480.0,12130.0,13320.0,13670.0,14020.0,
A,CLV10_EUR_HAB,P31_S14_S15,ES,12160.0,13030.0,13540.0,13620.0,13900.0,
A,CLV10_EUR_HAB,P31_S14_S15,EU27_2020,14180.0,14870.0,15520.0,15500.0,15680.0,
A,CLV10_EUR_HAB,P31_S14_S15,FI,18670.0,19230.0,19340.0,19220.0,19030.0,
A,CLV10_EUR_HAB,P31_S14_S15,FR,16830.0,17640.0,18150.0,18230.0,18380.0,
A,CLV10_EUR_HAB,P31_S14_S15,HR,7160.0,8000.0,8590.0,8860.0,9370.0,
A,CLV10_EUR_HAB,P31_S14_S15,HU,7010.0,7400.0,7970.0,7800.0,8270.0,
A,CLV10_EUR_HAB,P31_S14_S15,IE,16990.0,18300.0,19860.0,20350.0,20610.0,
A,CLV10_EUR_HAB,P31_S14_S15,IS,19300.0,20560.0,21600.0,21180.0,20990.0,
A,CLV10_EUR_HAB,P31_S14_S15,IT,14510.0,15440.0,16280.0,16380.0,16480.0,
A,CLV10_EUR_HAB,P31_S14_S15,LT,8360.0,9040.0,9130.0,8990.0,9220.0,
A,CLV10_EUR_HAB,P31_S14_S15,LU,26630.0,29210.0,30460.0,31030.0,31530.0,
A,CLV10_EUR_HAB,P31_S14_S15,LV,7120.0,7760.0,8150.0,8100.0,8180.0,
A,CLV10_EUR_HAB,P31_S14_S15,ME,4730.0,5000.0,5690.0,6100.0,6730.0,
A,CLV10_EUR_HAB,P31_S14_S15,MK,3310.0,3630.0,3850.0,3920.0,4010.0,
A,CLV10_EUR_HAB,P31_S14_S15,MT,10330.0,11370.0,12140.0,13160.0,13580.0,
A,CLV10_EUR_HAB,P31_S14_S15,NL,17090.0,17760.0,18810.0,18760.0,18850.0,19010.0
A,CLV10_EUR_HAB,P31_S14_S15,NO,28650.0,29940.0,32000.0,31250.0,31390.0,
A,CLV10_EUR_HAB,P31_S14_S15,PL,7740.0,8270.0,8510.0,8520.0,8800.0,
A,CLV10_EUR_HAB,P31_S14_S15,PT,11030.0,11550.0,12120.0,12280.0,12510.0,
A,CLV10_EUR_HAB,P31_S14_S15,RO,6150.0,6630.0,7020.0,7200.0,7610.0,
A,CLV10_EUR_HAB,P31_S14_S15,RS,3620.0,3940.0,4180.0,4220.0,4470.0,
A,CLV10_EUR_HAB,P31_S14_S15,SE,20150.0,21160.0,21520.0,21030.0,21100.0,
A,CLV10_EUR_HAB,P31_S14_S15,SI,10210.0,11330.0,11770.0,11700.0,12110.0,
A,CLV10_EUR_HAB,P31_S14_S15,SK,8530.0,8820.0,9230.0,8960.0,9270.0,
A,CLV10_EUR_HAB,P31_S14_S15,TR,6410.0,7330.0,8440.0,9320.0,9730.0,
A,CLV10_EUR_HAB,P31_S14_S15,UK,,,,,,
A,CLV10_EUR_HAB,P31_S15,AL,30.0,40.0,40.0,,,
A,CLV10_EUR_HAB,P31_S15,AT,720.0,790.0,760.0,800.0,820.0,
A,CLV10_EUR_HAB,P31_S15,BE,340.0,370.0,400.0,410.0,410.0,
A,CLV10_EUR_HAB,P31_S15,BG,50.0,50.0,60.0,60.0,60.0,
A,CLV10_EUR_HAB,P31_S15,CH,1330.0,1370.0,1370.0,1390.0,1410.0,
A,CLV10_EUR_HAB,P31_S15,CY,240.0,280.0,280.0,290.0,310.0,
A,CLV10_EUR_HAB,P31_S15,CZ,160.0,180.0,190.0,200.0,220.0,
A,CLV10_EUR_HAB,P31_S15,DE,510.0,510.0,530.0,520.0,530.0,530.0
A,CLV10_EUR_HAB,P31_S15,DK,690.0,690.0,710.0,720.0,700.0,
A,CLV10_EUR_HAB,P31_S15,EA,400.0,420.0,440.0,440.0,450.0,
A,CLV10_EUR_HAB,P31_S15,EA12,420.0,430.0,450.0,450.0,460.0,
A,CLV10_EUR_HAB,P31_S15,EA19,400.0,420.0,440.0,440.0,450.0,
A,CLV10_EUR_HAB,P31_S15,EA20,400.0,420.0,430.0,440.0,450.0,
A,CLV10_EUR_HAB,P31_S15,EA21,400.0,410.0,430.0,430.0,440.0,
A,CLV10_EUR_HAB,P31_S15,EE,310.0,330.0,310.0,320.0,330.0,
A,CLV10_EUR_HAB,P31_S15,EL,240.0,240.0,240.0,240.0,240.0,
A,CLV10_EUR_HAB,P31_S15,ES,270.0,270.0,290.0,310.0,320.0,
A,CLV10_EUR_HAB,P31_S15,EU27_2020,360.0,370.0,380.0,390.0,400.0,
A,CLV10_EUR_HAB,P31_S15,FI,730.0,710.0,720.0,680.0,690.0,
A,CLV10_EUR_HAB,P31_S15,FR,660.0,700.0,740.0,750.0,760.0,
A,CLV10_EUR_HAB,P31_S15,HR,160.0,170.0,180.0,190.0,210.0,
A,CLV10_EUR_HAB,P31_S15,HU,280.0,290.0,340.0,360.0,360.0,
A,CLV10_EUR_HAB,P31_S15,IE,320.0,300.0,310.0,330.0,450.0,
A,CLV10_EUR_HAB,P31_S15,IS,660.0,660.0,660.0,660.0,660.0,
A,CLV10_EUR_HAB,P31_S15,IT,120.0,140.0,140.0,150.0,150.0,
A,CLV10_EUR_HAB,P31_S15,LT,30.0,30.0,30.0,30.0,30.0,
A,CLV10_EUR_HAB,P31_S15,LU,1520.0,1780.0,1920.0,2010.0,2030.0,
A,CLV10_EUR_HAB,P31_S15,LV,140.0,160.0,150.0,140.0,130.0,
A,CLV10_EUR_HAB,P31_S15,ME,80.0,90.0,100.0,110.0,110.0,
A,CLV10_EUR_HAB,P31_S15,MK,40.0,50.0,50.0,60.0,60.0,
A,CLV10_EUR_HAB,P31_S15,MT,390.0,430.0,450.0,450.0,490.0,
A,CLV10_EUR_HAB,P31_S15,NL,340.0,360.0,350.0,360.0,360.0,370.0
A,CLV10_EUR_HAB,P31_S15,NO,1460.0,1520.0,1730.0,1730.0,1710.0,
A,CLV10_EUR_HAB,P31_S15,PL,120.0,130.0,140.0,150.0,160.0,
A,CLV10_EUR_HAB,P31_S15,PT,320.0,320.0,350.0,360.0,370.0,
A,CLV10_EUR_HAB,P31_S15,RO,60.0,50.0,50.0,50.0,60.0,
A,CLV10_EUR_HAB,P31_S15,RS,60.0,70.0,70.0,70.0,70.0,
A,CLV10_EUR_HAB,P31_S15,SE,480.0,500.0,480.0,500.0,510.0,
A,CLV10_EUR_HAB,P31_S15,SI,180.0,200.0,250.0,250.0,260.0,
A,CLV10_EUR_HAB,P31_S15,SK,130.0,140.0,160.0,170.0,160.0,
A,CLV10_EUR_HAB,P31_S15,TR,40.0,50.0,50.0,60.0,70.0,
A,CLV10_EUR_HAB,P31_S15,UK,,,,,,
A,CLV10_EUR_HAB,P32_S13,AL,310.0,310.0,320.0,,,
A,CLV10_EUR_HAB,P32_S13,AT,2780.0,2820.0,2800.0,2840.0,2950.0,
A,CLV10_EUR_HAB,P32_S13,BE,2890.0,2950.0,3000.0,3010.0,3040.0,
A,CLV10_EUR_HAB,P32_S13,BG,630.0,610.0,690.0,690.0,710.0,
A,CLV10_EUR_HAB,P32_S13,CH,3340.0,3300.0,3380.0,3330.0,3360.0,
A,CLV10_EUR_HAB,P32_S13,CY,2100.0,2120.0,2200.0,2290.0,2210.0,
A,CLV10_EUR_HAB,P32_S13,CZ,1630.0,1600.0,1560.0,1590.0,1630.0,
A,CLV10_EUR_HAB,P32_S13,DE,3000.0,3060.0,3000.0,3060.0,3110.0,3120.0
A,CLV10_EUR_HAB,P32_S13,DK,3490.0,3560.0,3480.0,3540.0,3630.0,
A,CLV10_EUR_HAB,P32_S13,EA,2540.0,2590.0,2600.0,2640.0,2690.0,
A,CLV10_EUR_HAB,P32_S13,EA12,2590.0,2650.0,2660.0,2710.0,2760.0,
A,CLV10_EUR_HAB,P32_S13,EA19,2540.0,2590.0,2600.0,2650.0,2700.0,
A,CLV10_EUR_HAB,P32_S13,EA20,2530.0,2580.0,2590.0,2640.0,2690.0,
A,CLV10_EUR_HAB,P32_S13,EA21,2490.0,2540.0,2550.0,2600.0,2650.0,
A,CLV10_EUR_HAB,P32_S13,EE,1280.0,1300.0,1260.0,1260.0,1270.0,
A,CLV10_EUR_HAB,P32_S13,EL,2060.0,2090.0,2080.0,2130.0,2090.0,
A,CLV10_EUR_HAB,P32_S13,ES,1960.0,2000.0,2040.0,2110.0,2120.0,
A,CLV10_EUR_HAB,P32_S13,EU27_2020,2280.0,2330.0,2330.0,2390.0,2440.0,
A,CLV10_EUR_HAB,P32_S13,FI,2880.0,3000.0,2970.0,2980.0,3070.0,
A,CLV10_EUR_HAB,P32_S13,FR,2790.0,2870.0,2940.0,3000.0,3040.0,
A,CLV10_EUR_HAB,P32_S13,HR,1420.0,1470.0,1520.0,1640.0,1730.0,
A,CLV10_EUR_HAB,P32_S13,HU,1630.0,1670.0,1690.0,1750.0,1680.0,
A,CLV10_EUR_HAB,P32_S13,IE,2830.0,3010.0,3010.0,3060.0,3200.0,
A,CLV10_EUR_HAB,P32_S13,IS,3550.0,3580.0,3560.0,3550.0,3550.0,
A,CLV10_EUR_HAB,P32_S13,IT,2170.0,2170.0,2210.0,2210.0,2280.0,
A,CLV10_EUR_HAB,P32_S13,LT,920.0,940.0,940.0,930.0,940.0,
A,CLV10_EUR_HAB,P32_S13,LU,5870.0,6020.0,6100.0,6220.0,6390.0,
A,CLV10_EUR_HAB,P32_S13,LV,1410.0,1460.0,1550.0,1540.0,1570.0,
A,CLV10_EUR_HAB,P32_S13,ME,730.0,690.0,720.0,720.0,740.0,
A,CLV10_EUR_HAB,P32_S13,MT,2000.0,2040.0,2060.0,2040.0,2150.0,
A,CLV10_EUR_HAB,P32_S13,NL,3390.0,3500.0,3550.0,3710.0,3900.0,3990.0
A,CLV10_EUR_HAB,P32_S13,NO,5440.0,5530.0,5480.0,5660.0,5750.0,
A,CLV10_EUR_HAB,P32_S13,PL,1100.0,1100.0,1110.0,1180.0,1260.0,
A,CLV10_EUR_HAB,P32_S13,PT,1470.0,1430.0,1390.0,1390.0,1360.0,
A,CLV10_EUR_HAB,P32_S13,RO,760.0,750.0,710.0,740.0,780.0,
A,CLV10_EUR_HAB,P32_S13,RS,470.0,520.0,510.0,490.0,520.0,
A,CLV10_EUR_HAB,P32_S13,SE,2870.0,2950.0,3000.0,3090.0,3160.0,
A,CLV10_EUR_HAB,P32_S13,SI,1440.0,1510.0,1470.0,1550.0,1590.0,
A,CLV10_EUR_HAB,P32_S13,SK,1480.0,1480.0,1310.0,1270.0,1350.0,
A,CLV10_EUR_HAB,P32_S13,TR,460.0,450.0,490.0,460.0,400.0,
A,CLV10_EUR_HAB,P32_S13,UK,,,,,,
A,CLV10_EUR_HAB,P3_S13,AL,530.0,540.0,560.0,,,
A,CLV10_EUR_HAB,P3_S13,AT,7220.0,7750.0,7670.0,7650.0,7900.0,
A,CLV10_EUR_HAB,P3_S13,BE,8010.0,8310.0,8500.0,8660.0,8760.0,
A,CLV10_EUR_HAB,P3_S13,BG,1230.0,1250.0,1350.0,1370.0,1420.0,
A,CLV10_EUR_HAB,P3_S13,CH,6940.0,7090.0,6990.0,6980.0,7000.0,
A,CLV10_EUR_HAB,P3_S13,CY,4650.0,4990.0,5130.0,5210.0,5210.0,
A,CLV10_EUR_HAB,P3_S13,CZ,3570.0,3620.0,3550.0,3620.0,3730.0,
A,CLV10_EUR_HAB,P3_S13,DE,7820.0,8080.0,8080.0,7990.0,8170.0,8290.0
A,CLV10_EUR_HAB,P3_S13,DK,12000.0,12530.0,12130.0,12070.0,12130.0,
A,CLV10_EUR_HAB,P3_S13,EA,6680.0,6960.0,7020.0,7040.0,7170.0,
A,CLV10_EUR_HAB,P3_S13,EA12,6850.0,7140.0,7200.0,7270.0,7400.0,
A,CLV10_EUR_HAB,P3_S13,EA19,6680.0,6960.0,7020.0,7080.0,7210.0,
A,CLV10_EUR_HAB,P3_S13,EA20,6640.0,6920.0,6980.0,7040.0,7170.0,
A,CLV10_EUR_HAB,P3_S13,EA21,6540.0,6820.0,6870.0,6940.0,7060.0,
A,CLV10_EUR_HAB,P3_S13,EE,2790.0,2900.0,2850.0,2800.0,2830.0,
A,CLV10_EUR_HAB,P3_S13,EL,3980.0,4070.0,4090.0,4220.0,4120.0,
A,CLV10_EUR_HAB,P3_S13,ES,4910.0,5090.0,5080.0,5250.0,5340.0,
A,CLV10_EUR_HAB,P3_S13,EU27_2020,5970.0,6220.0,6250.0,6320.0,6450.0,
A,CLV10_EUR_HAB,P3_S13,FI,8790.0,9140.0,9060.0,9410.0,9520.0,
A,CLV10_EUR_HAB,P3_S13,FR,7710.0,8180.0,8370.0,8460.0,8560.0,
A,CLV10_EUR_HAB,P3_S13,HR,3010.0,3120.0,3210.0,3420.0,3660.0,
A,CLV10_EUR_HAB,P3_S13,HU,2690.0,2760.0,2850.0,2940.0,2900.0,
A,CLV10_EUR_HAB,P3_S13,IE,8580.0,9070.0,9210.0,9620.0,9920.0,
A,CLV10_EUR_HAB,P3_S13,IS,8680.0,8760.0,8710.0,8690.0,8690.0,
A,CLV10_EUR_HAB,P3_S13,IT,5360.0,5510.0,5570.0,5630.0,5680.0,
A,CLV10_EUR_HAB,P3_S13,LT,2000.0,2020.0,2040.0,2010.0,2030.0,
A,CLV10_EUR_HAB,P3_S13,LU,14850.0,15320.0,15600.0,15550.0,16060.0,
A,CLV10_EUR_HAB,P3_S13,LV,2240.0,2340.0,2350.0,2410.0,2420.0,
A,CLV10_EUR_HAB,P3_S13,ME,1320.0,1290.0,1320.0,1360.0,1380.0,
A,CLV10_EUR_HAB,P3_S13,MK,830.0,840.0,810.0,800.0,810.0,
A,CLV10_EUR_HAB,P3_S13,MT,4880.0,5120.0,4980.0,4970.0,5280.0,
A,CLV10_EUR_HAB,P3_S13,NL,10460.0,10890.0,10920.0,11110.0,11440.0,11680.0
A,CLV10_EUR_HAB,P3_S13,NO,14770.0,15220.0,15360.0,15690.0,15910.0,
A,CLV10_EUR_HAB,P3_S13,PL,2400.0,2540.0,2500.0,2620.0,2860.0,
A,CLV10_EUR_HAB,P3_S13,PT,3380.0,3500.0,3540.0,3560.0,3580.0,
A,CLV10_EUR_HAB,P3_S13,RO,1280.0,1290.0,1280.0,1330.0,1340.0,
A,CLV10_EUR_HAB,P3_S13,RS,1070.0,1130.0,1170.0,1150.0,1200.0,
A,CLV10_EUR_HAB,P3_S13,SE,9980.0,10260.0,10220.0,10260.0,10330.0,
A,CLV10_EUR_HAB,P3_S13,SI,3840.0,4070.0,4040.0,4100.0,4390.0,
A,CLV10_EUR_HAB,P3_S13,SK,2820.0,2940.0,2840.0,2770.0,2880.0,
A,CLV10_EUR_HAB,P3_S13,TR,1630.0,1680.0,1740.0,1780.0,1760.0,
A,CLV10_EUR_HAB,P3_S13,UK,,,,,,
A,CLV10_EUR_HAB,P41,AL,3020.0,3190.0,3410.0,,,
A,CLV10_EUR_HAB,P41,AT,21980.0,23270.0,23960.0,23700.0,23930.0,
A,CLV10_EUR_HAB,P41,BE,22450.0,23580.0,24240.0,24420.0,24760.0,
A,CLV10_EUR_HAB,P41,BG,5160.0,5610.0,5870.0,5950.0,6250.0,
A,CLV10_EUR_HAB,P41,CH,34620.0,35270.0,36300.0,36320.0,36700.0,
A,CLV10_EUR_HAB,P41,CY,17470.0,18250.0,19620.0,20290.0,20770.0,
A,CLV10_EUR_HAB,P41,CZ,10590.0,11030.0,10820.0,10550.0,10810.0,
A,CLV10_EUR_HAB,P41,DE,23600.0,24210.0,25360.0,24900.0,25080.0,25450.0
A,CLV10_EUR_HAB,P41,DK,31560.0,33220.0,32150.0,31280.0,31350.0,
A,CLV10_EUR_HAB,P41,EA,19780.0,20730.0,21560.0,21430.0,21650.0,
A,CLV10_EUR_HAB,P41,EA12,20210.0,21170.0,22020.0,22010.0,22220.0,
A,CLV10_EUR_HAB,P41,EA19,19780.0,20730.0,21560.0,21550.0,21760.0,
A,CLV10_EUR_HAB,P41,EA20,19660.0,20610.0,21440.0,21430.0,21650.0,
A,CLV10_EUR_HAB,P41,EA21,19390.0,20330.0,21150.0,21150.0,21370.0,
A,CLV10_EUR_HAB,P41,EE,9860.0,10530.0,10760.0,10360.0,10340.0,
A,CLV10_EUR_HAB,P41,EL,13400.0,14120.0,15360.0,15780.0,16090.0,
A,CLV10_EUR_HAB,P41,ES,15100.0,16100.0,16570.0,16740.0,17100.0,
A,CLV10_EUR_HAB,P41,EU27_2020,17860.0,18760.0,19430.0,19420.0,19690.0,
A,CLV10_EUR_HAB,P41,FI,24570.0,25370.0,25430.0,25650.0,25490.0,
A,CLV10_EUR_HAB,P41,FR,21740.0,22940.0,23580.0,23690.0,23900.0,
A,CLV10_EUR_HAB,P41,HR,8740.0,9650.0,10270.0,10630.0,11290.0,
A,CLV10_EUR_HAB,P41,HU,8070.0,8490.0,9110.0,8990.0,9460.0,
A,CLV10_EUR_HAB,P41,IE,22720.0,24350.0,26040.0,26880.0,27300.0,
A,CLV10_EUR_HAB,P41,IS,24480.0,25730.0,26660.0,26260.0,26080.0,
A,CLV10_EUR_HAB,P41,IT,17670.0,18750.0,19630.0,19780.0,19870.0,
A,CLV10_EUR_HAB,P41,LT,9420.0,10080.0,10190.0,10030.0,10260.0,
A,CLV10_EUR_HAB,P41,LU,35700.0,38560.0,40000.0,40370.0,41220.0,
A,CLV10_EUR_HAB,P41,LV,7970.0,8640.0,8920.0,8950.0,9010.0,
A,CLV10_EUR_HAB,P41,ME,5320.0,5600.0,6270.0,6700.0,7320.0,
A,CLV10_EUR_HAB,P41,MT,13180.0,14430.0,15030.0,16050.0,16680.0,
A,CLV10_EUR_HAB,P41,NL,24150.0,25140.0,26180.0,26160.0,26390.0,26700.0
A,CLV10_EUR_HAB,P41,NO,38020.0,39650.0,41810.0,41270.0,41560.0,
A,CLV10_EUR_HAB,P41,PL,9060.0,9710.0,9890.0,9970.0,10410.0,
A,CLV10_EUR_HAB,P41,PT,12950.0,13610.0,14260.0,14450.0,14730.0,
A,CLV10_EUR_HAB,P41,RO,6670.0,7150.0,7560.0,7750.0,8120.0,
A,CLV10_EUR_HAB,P41,RS,4220.0,4550.0,4840.0,4890.0,5160.0,
A,CLV10_EUR_HAB,P41,SE,27240.0,28430.0,28660.0,28140.0,28210.0,
A,CLV10_EUR_HAB,P41,SI,12610.0,13890.0,14330.0,14240.0,14920.0,
A,CLV10_EUR_HAB,P41,SK,9870.0,10290.0,10790.0,10500.0,10830.0,
A,CLV10_EUR_HAB,P41,TR,7590.0,8600.0,9730.0,10730.0,11240.0,
A,CLV10_EUR_HAB,P41,UK,,,,,,
A,CLV15_EUR_HAB,B1GQ,AL,4000.0,4400.0,4670.0,,,
A,CLV15_EUR_HAB,B1GQ,AT,39140.0,40910.0,42610.0,41910.0,41420.0,
A,CLV15_EUR_HAB,B1GQ,BE,36740.0,38880.0,40100.0,40440.0,40630.0,
A,CLV15_EUR_HAB,B1GQ,BG,7610.0,8260.0,8660.0,8830.0,9140.0,
A,CLV15_EUR_HAB,B1GQ,CH,77710.0,81910.0,84090.0,83520.0,83730.0,
A,CLV15_EUR_HAB,B1GQ,CY,24240.0,26600.0,28270.0,28740.0,29400.0,
A,CLV15_EUR_HAB,B1GQ,CZ,17670.0,18380.0,18450.0,18260.0,18460.0,
A,CLV15_EUR_HAB,B1GQ,DE,38670.0,40250.0,40710.0,39990.0,39680.0,39760.0
A,CLV15_EUR_HAB,B1GQ,DK,50470.0,53520.0,53290.0,53230.0,54820.0,
A,CLV15_EUR_HAB,B1GQ,EA,31540.0,33550.0,34590.0,34310.0,34480.0,
A,CLV15_EUR_HAB,B1GQ,EA12,32200.0,34230.0,35310.0,35230.0,35380.0,
A,CLV15_EUR_HAB,B1GQ,EA19,31540.0,33550.0,34590.0,34520.0,34680.0,
A,CLV15_EUR_HAB,B1GQ,EA20,31320.0,33320.0,34370.0,34310.0,34480.0,
A,CLV15_EUR_HAB,B1GQ,EA21,30880.0,32860.0,33900.0,33850.0,34020.0,
A,CLV15_EUR_HAB,B1GQ,EE,17990.0,19450.0,19190.0,18200.0,18070.0,
A,CLV15_EUR_HAB,B1GQ,EL,15760.0,17220.0,18270.0,18720.0,19140.0,
A,CLV15_EUR_HAB,B1GQ,ES,22610.0,24120.0,25420.0,25740.0,26350.0,
A,CLV15_EUR_HAB,B1GQ,EU27_2020,28450.0,30280.0,31160.0,31140.0,31380.0,
A,CLV15_EUR_HAB,B1GQ,FI,40270.0,41270.0,41470.0,40780.0,40620.0,
A,CLV15_EUR_HAB,B1GQ,FR,32170.0,34230.0,35030.0,35440.0,35770.0,
A,CLV15_EUR_HAB,B1GQ,HR,12100.0,13750.0,14820.0,15370.0,15910.0,
A,CLV15_EUR_HAB,B1GQ,HU,13210.0,14230.0,14860.0,14760.0,14880.0,
A,CLV15_EUR_HAB,B1GQ,IE,73020.0,83930.0,88360.0,84560.0,85320.0,
A,CLV15_EUR_HAB,B1GQ,IS,48670.0,50430.0,53610.0,54950.0,53290.0,
A,CLV15_EUR_HAB,B1GQ,IT,26560.0,29080.0,30550.0,30860.0,31090.0,
A,CLV15_EUR_HAB,B1GQ,LT,15720.0,16740.0,17010.0,16900.0,17310.0,
A,CLV15_EUR_HAB,B1GQ,LU,94770.0,99760.0,96540.0,94830.0,93670.0,
A,CLV15_EUR_HAB,B1GQ,LV,13430.0,14480.0,14750.0,14640.0,14770.0,
A,CLV15_EUR_HAB,B1GQ,ME,5720.0,6490.0,7010.0,7460.0,7700.0,
A,CLV15_EUR_HAB,B1GQ,MK,5170.0,5470.0,5630.0,5790.0,5980.0,
A,CLV15_EUR_HAB,B1GQ,MT,25120.0,28320.0,28300.0,30080.0,31300.0,
A,CLV15_EUR_HAB,B1GQ,NL,42440.0,44870.0,46670.0,45930.0,46130.0,46740.0
A,CLV15_EUR_HAB,B1GQ,NO,67840.0,70120.0,71740.0,70980.0,71790.0,
A,CLV15_EUR_HAB,B1GQ,PL,13720.0,14750.0,15190.0,15290.0,15800.0,
A,CLV15_EUR_HAB,B1GQ,PT,17680.0,18620.0,19800.0,20200.0,20410.0,
A,CLV15_EUR_HAB,B1GQ,RO,9760.0,10390.0,10880.0,11120.0,11220.0,
A,CLV15_EUR_HAB,B1GQ,RS,6170.0,6730.0,7090.0,7400.0,7730.0,
A,CLV15_EUR_HAB,B1GQ,SE,46550.0,48690.0,48780.0,48350.0,48660.0,
A,CLV15_EUR_HAB,B1GQ,SI,20560.0,22230.0,22810.0,23230.0,23560.0,
A,CLV15_EUR_HAB,B1GQ,SK,16010.0,16970.0,17010.0,17370.0,17700.0,
A,CLV15_EUR_HAB,B1GQ,TR,10630.0,11770.0,12300.0,12920.0,13350.0,
A,CLV15_EUR_HAB,B1GQ,UK,,,,,,
A,CLV15_EUR_HAB,P3,AL,3500.0,3690.0,3930.0,,,
A,CLV15_EUR_HAB,P3,AT,27500.0,28970.0,29710.0,29470.0,29840.0,
A,CLV15_EUR_HAB,P3,BE,27490.0,28780.0,29550.0,29770.0,30170.0,
A,CLV15_EUR_HAB,P3,BG,6360.0,6820.0,7210.0,7310.0,7650.0,
A,CLV15_EUR_HAB,P3,CH,47900.0,48650.0,50070.0,50020.0,50530.0,
A,CLV15_EUR_HAB,P3,CY,19550.0,20360.0,21790.0,22550.0,22950.0,
A,CLV15_EUR_HAB,P3,CZ,12000.0,12400.0,12160.0,11920.0,12210.0,
A,CLV15_EUR_HAB,P3,DE,28570.0,29280.0,30460.0,30030.0,30280.0,30690.0
A,CLV15_EUR_HAB,P3,DK,36460.0,38260.0,37070.0,36220.0,36390.0,
A,CLV15_EUR_HAB,P3,EA,23590.0,24650.0,25530.0,25430.0,25710.0,
A,CLV15_EUR_HAB,P3,EA12,24090.0,25160.0,26070.0,26110.0,26390.0,
A,CLV15_EUR_HAB,P3,EA19,23590.0,24650.0,25530.0,25570.0,25850.0,
A,CLV15_EUR_HAB,P3,EA20,23440.0,24500.0,25380.0,25430.0,25710.0,
A,CLV15_EUR_HAB,P3,EA21,23130.0,24170.0,25050.0,25100.0,25390.0,
A,CLV15_EUR_HAB,P3,EE,12990.0,13780.0,13990.0,13530.0,13520.0,
A,CLV15_EUR_HAB,P3,EL,14750.0,15470.0,16650.0,17100.0,17360.0,
A,CLV15_EUR_HAB,P3,ES,17700.0,18780.0,19310.0,19560.0,19950.0,
A,CLV15_EUR_HAB,P3,EU27_2020,21260.0,22260.0,22970.0,23020.0,23350.0,
A,CLV15_EUR_HAB,P3,FI,30570.0,31590.0,31620.0,31870.0,31790.0,
A,CLV15_EUR_HAB,P3,FR,25430.0,26760.0,27480.0,27660.0,27910.0,
A,CLV15_EUR_HAB,P3,HR,10240.0,11200.0,11880.0,12360.0,13110.0,
A,CLV15_EUR_HAB,P3,HU,9530.0,9990.0,10620.0,10560.0,10960.0,
A,CLV15_EUR_HAB,P3,IE,26810.0,28700.0,30480.0,31430.0,32000.0,
A,CLV15_EUR_HAB,P3,IS,38020.0,39750.0,40980.0,40440.0,40180.0,
A,CLV15_EUR_HAB,P3,IT,21010.0,22150.0,23110.0,23280.0,23450.0,
A,CLV15_EUR_HAB,P3,LT,11250.0,11980.0,12100.0,11920.0,12170.0,
A,CLV15_EUR_HAB,P3,LU,45690.0,48990.0,50650.0,51200.0,52320.0,
A,CLV15_EUR_HAB,P3,LV,10460.0,11270.0,11680.0,11700.0,11800.0,
A,CLV15_EUR_HAB,P3,ME,6420.0,6670.0,7430.0,7890.0,8580.0,
A,CLV15_EUR_HAB,P3,MK,4570.0,4950.0,5150.0,5220.0,5330.0,
A,CLV15_EUR_HAB,P3,MT,16250.0,17630.0,18300.0,19380.0,20160.0,
A,CLV15_EUR_HAB,P3,NL,29150.0,30310.0,31470.0,31620.0,32050.0,32470.0
A,CLV15_EUR_HAB,P3,NO,43810.0,45560.0,47670.0,47320.0,47710.0,
A,CLV15_EUR_HAB,P3,PL,10480.0,11150.0,11350.0,11500.0,12040.0,
A,CLV15_EUR_HAB,P3,PT,14870.0,15530.0,16160.0,16360.0,16610.0,
A,CLV15_EUR_HAB,P3,RO,7960.0,8440.0,8810.0,9060.0,9490.0,
A,CLV15_EUR_HAB,P3,RS,5210.0,5620.0,5930.0,5960.0,6290.0,
A,CLV15_EUR_HAB,P3,SE,33110.0,34500.0,34820.0,34350.0,34510.0,
A,CLV15_EUR_HAB,P3,SI,14600.0,15990.0,16390.0,16390.0,17130.0,
A,CLV15_EUR_HAB,P3,SK,12240.0,12690.0,13000.0,12630.0,13090.0,
A,CLV15_EUR_HAB,P3,TR,7630.0,8560.0,9670.0,10540.0,10910.0,
A,CLV15_EUR_HAB,P3,UK,,,,,,
A,CLV15_EUR_HAB,P31_S13,AL,230.0,250.0,260.0,,,
A,CLV15_EUR_HAB,P31_S13,AT,4960.0,5490.0,5420.0,5360.0,5520.0,
A,CLV15_EUR_HAB,P31_S13,BE,5610.0,5870.0,6030.0,6180.0,6260.0,
A,CLV15_EUR_HAB,P31_S13,BG,710.0,740.0,780.0,790.0,830.0,
A,CLV15_EUR_HAB,P31_S13,CH,4830.0,5090.0,4840.0,4900.0,4880.0,
A,CLV15_EUR_HAB,P31_S13,CY,2340.0,2630.0,2690.0,2690.0,2750.0,
A,CLV15_EUR_HAB,P31_S13,CZ,1960.0,2040.0,2000.0,2040.0,2120.0,
A,CLV15_EUR_HAB,P31_S13,DE,5280.0,5500.0,5550.0,5390.0,5540.0,5650.0
A,CLV15_EUR_HAB,P31_S13,DK,8380.0,8840.0,8510.0,8400.0,8360.0,
A,CLV15_EUR_HAB,P31_S13,EA,4300.0,4540.0,4590.0,4570.0,4650.0,
A,CLV15_EUR_HAB,P31_S13,EA12,4420.0,4670.0,4720.0,4730.0,4810.0,
A,CLV15_EUR_HAB,P31_S13,EA19,4300.0,4540.0,4590.0,4600.0,4680.0,
A,CLV15_EUR_HAB,P31_S13,EA20,4270.0,4510.0,4560.0,4570.0,4650.0,
A,CLV15_EUR_HAB,P31_S13,EA21,4200.0,4440.0,4490.0,4500.0,4580.0,
A,CLV15_EUR_HAB,P31_S13,EE,1880.0,1980.0,1970.0,1910.0,1930.0,
A,CLV15_EUR_HAB,P31_S13,EL,1650.0,1710.0,1740.0,1810.0,1760.0,
A,CLV15_EUR_HAB,P31_S13,ES,2920.0,3050.0,3010.0,3110.0,3190.0,
A,CLV15_EUR_HAB,P31_S13,EU27_2020,3840.0,4060.0,4090.0,4110.0,4190.0,
A,CLV15_EUR_HAB,P31_S13,FI,6760.0,7030.0,6980.0,7350.0,7380.0,
A,CLV15_EUR_HAB,P31_S13,FR,4980.0,5380.0,5500.0,5540.0,5600.0,
A,CLV15_EUR_HAB,P31_S13,HR,1540.0,1610.0,1640.0,1720.0,1870.0,
A,CLV15_EUR_HAB,P31_S13,HU,1080.0,1110.0,1180.0,1210.0,1230.0,
A,CLV15_EUR_HAB,P31_S13,IE,5910.0,6230.0,6370.0,6730.0,6900.0,
A,CLV15_EUR_HAB,P31_S13,IS,7680.0,7750.0,7700.0,7690.0,7690.0,
A,CLV15_EUR_HAB,P31_S13,IT,3180.0,3330.0,3350.0,3410.0,3400.0,
A,CLV15_EUR_HAB,P31_S13,LT,1240.0,1250.0,1270.0,1250.0,1260.0,
A,CLV15_EUR_HAB,P31_S13,LU,10280.0,10630.0,10860.0,10670.0,11050.0,
A,CLV15_EUR_HAB,P31_S13,LV,1000.0,1050.0,990.0,1050.0,1050.0,
A,CLV15_EUR_HAB,P31_S13,ME,580.0,590.0,590.0,620.0,630.0,
A,CLV15_EUR_HAB,P31_S13,MT,2950.0,3170.0,3000.0,3000.0,3210.0,
A,CLV15_EUR_HAB,P31_S13,NL,7310.0,7650.0,7620.0,7660.0,7810.0,7960.0
A,CLV15_EUR_HAB,P31_S13,NO,10280.0,10670.0,10860.0,11040.0,11180.0,
A,CLV15_EUR_HAB,P31_S13,PL,1370.0,1500.0,1450.0,1520.0,1670.0,
A,CLV15_EUR_HAB,P31_S13,PT,1770.0,1920.0,1990.0,2010.0,2060.0,
A,CLV15_EUR_HAB,P31_S13,RO,590.0,610.0,630.0,650.0,630.0,
A,CLV15_EUR_HAB,P31_S13,RS,610.0,620.0,670.0,670.0,690.0,
A,CLV15_EUR_HAB,P31_S13,SE,8430.0,8680.0,8570.0,8510.0,8520.0,
A,CLV15_EUR_HAB,P31_S13,SI,2380.0,2540.0,2550.0,2520.0,2780.0,
A,CLV15_EUR_HAB,P31_S13,SK,1470.0,1610.0,1700.0,1680.0,1700.0,
A,CLV15_EUR_HAB,P31_S13,TR,1150.0,1220.0,1230.0,1340.0,1440.0,
A,CLV15_EUR_HAB,P31_S13,UK,,,,,,
A,CLV15_EUR_HAB,P31_S14,AL,2920.0,3080.0,3310.0,,,
A,CLV15_EUR_HAB,P31_S14,AT,18740.0,19540.0,20420.0,20150.0,20230.0,
A,CLV15_EUR_HAB,P31_S14,BE,18280.0,19200.0,19730.0,19760.0,20040.0,
A,CLV15_EUR_HAB,P31_S14,BG,4900.0,5360.0,5600.0,5680.0,5970.0,
A,CLV15_EUR_HAB,P31_S14,CH,36890.0,37380.0,38940.0,38870.0,39360.0,
A,CLV15_EUR_HAB,P31_S14,CY,15000.0,15440.0,16770.0,17450.0,17850.0,
A,CLV15_EUR_HAB,P31_S14,CZ,8290.0,8630.0,8450.0,8130.0,8300.0,
A,CLV15_EUR_HAB,P31_S14,DE,19470.0,19900.0,21080.0,20760.0,20800.0,21090.0
A,CLV15_EUR_HAB,P31_S14,DK,23720.0,24990.0,24180.0,23370.0,23500.0,
A,CLV15_EUR_HAB,P31_S14,EA,16200.0,16940.0,17760.0,17630.0,17770.0,
A,CLV15_EUR_HAB,P31_S14,EA12,16510.0,17260.0,18090.0,18060.0,18190.0,
A,CLV15_EUR_HAB,P31_S14,EA19,16200.0,16940.0,17760.0,17730.0,17870.0,
A,CLV15_EUR_HAB,P31_S14,EA20,16100.0,16840.0,17660.0,17630.0,17770.0,
A,CLV15_EUR_HAB,P31_S14,EA21,15890.0,16630.0,17440.0,17410.0,17560.0,
A,CLV15_EUR_HAB,P31_S14,EE,9190.0,9840.0,10140.0,9740.0,9670.0,
A,CLV15_EUR_HAB,P31_S14,EL,11060.0,11700.0,12880.0,13230.0,13570.0,
A,CLV15_EUR_HAB,P31_S14,ES,12560.0,13470.0,14000.0,14060.0,14340.0,
A,CLV15_EUR_HAB,P31_S14,EU27_2020,14640.0,15360.0,16040.0,16000.0,16180.0,
A,CLV15_EUR_HAB,P31_S14,FI,19880.0,20520.0,20630.0,20540.0,20330.0,
A,CLV15_EUR_HAB,P31_S14,FR,16840.0,17630.0,18130.0,18190.0,18330.0,
A,CLV15_EUR_HAB,P31_S14,HR,7150.0,8000.0,8600.0,8870.0,9360.0,
A,CLV15_EUR_HAB,P31_S14,HU,6690.0,7070.0,7590.0,7390.0,7860.0,
A,CLV15_EUR_HAB,P31_S14,IE,17660.0,19070.0,20720.0,21220.0,21390.0,
A,CLV15_EUR_HAB,P31_S14,IS,24350.0,26010.0,27400.0,26850.0,26590.0,
A,CLV15_EUR_HAB,P31_S14,IT,15430.0,16410.0,17320.0,17410.0,17510.0,
A,CLV15_EUR_HAB,P31_S14,LT,8970.0,9710.0,9810.0,9660.0,9900.0,
A,CLV15_EUR_HAB,P31_S14,LU,27180.0,29660.0,30850.0,31370.0,31880.0,
A,CLV15_EUR_HAB,P31_S14,LV,7580.0,8250.0,8680.0,8640.0,8730.0,
A,CLV15_EUR_HAB,P31_S14,ME,5080.0,5370.0,6110.0,6540.0,7220.0,
A,CLV15_EUR_HAB,P31_S14,MK,3650.0,4010.0,4240.0,4320.0,4420.0,
A,CLV15_EUR_HAB,P31_S14,MT,10790.0,11890.0,12700.0,13810.0,14220.0,
A,CLV15_EUR_HAB,P31_S14,NL,17910.0,18610.0,19740.0,19690.0,19780.0,19940.0
A,CLV15_EUR_HAB,P31_S14,NO,26440.0,27650.0,29430.0,28700.0,28870.0,
A,CLV15_EUR_HAB,P31_S14,PL,7820.0,8350.0,8580.0,8590.0,8870.0,
A,CLV15_EUR_HAB,P31_S14,PT,11340.0,11880.0,12460.0,12620.0,12860.0,
A,CLV15_EUR_HAB,P31_S14,RO,6460.0,7000.0,7420.0,7590.0,8030.0,
A,CLV15_EUR_HAB,P31_S14,RS,4040.0,4390.0,4660.0,4710.0,4980.0,
A,CLV15_EUR_HAB,P31_S14,SE,20900.0,21960.0,22350.0,21810.0,21870.0,
A,CLV15_EUR_HAB,P31_S14,SI,10510.0,11660.0,12070.0,12010.0,12420.0,
A,CLV15_EUR_HAB,P31_S14,SK,9110.0,9420.0,9850.0,9530.0,9890.0,
A,CLV15_EUR_HAB,P31_S14,TR,5980.0,6840.0,7880.0,8700.0,9080.0,
A,CLV15_EUR_HAB,P31_S14,UK,,,,,,
A,CLV15_EUR_HAB,P31_S14_S15,AL,2960.0,3120.0,3350.0,,,
A,CLV15_EUR_HAB,P31_S14_S15,AT,19500.0,20380.0,21230.0,21000.0,21100.0,
A,CLV15_EUR_HAB,P31_S14_S15,BE,18660.0,19620.0,20180.0,20230.0,20510.0,
A,CLV15_EUR_HAB,P31_S14_S15,BG,4960.0,5420.0,5670.0,5750.0,6040.0,
A,CLV15_EUR_HAB,P31_S14_S15,CH,38610.0,39160.0,40720.0,40680.0,41180.0,
A,CLV15_EUR_HAB,P31_S14_S15,CY,15240.0,15720.0,17060.0,17750.0,18160.0,
A,CLV15_EUR_HAB,P31_S14_S15,CZ,8440.0,8800.0,8630.0,8310.0,8500.0,
A,CLV15_EUR_HAB,P31_S14_S15,DE,20050.0,20480.0,21670.0,21330.0,21390.0,21670.0
A,CLV15_EUR_HAB,P31_S14_S15,DK,24440.0,25700.0,24920.0,24120.0,24240.0,
A,CLV15_EUR_HAB,P31_S14_S15,EA,16630.0,17400.0,18230.0,18100.0,18260.0,
A,CLV15_EUR_HAB,P31_S14_S15,EA12,16950.0,17720.0,18570.0,18550.0,18690.0,
A,CLV15_EUR_HAB,P31_S14_S15,EA19,16630.0,17400.0,18230.0,18200.0,18350.0,
A,CLV15_EUR_HAB,P31_S14_S15,EA20,16530.0,17290.0,18120.0,18100.0,18260.0,
A,CLV15_EUR_HAB,P31_S14_S15,EA21,16310.0,17070.0,17900.0,17880.0,18040.0,
A,CLV15_EUR_HAB,P31_S14_S15,EE,9530.0,10210.0,10490.0,10090.0,10040.0,
A,CLV15_EUR_HAB,P31_S14_S15,EL,11310.0,11950.0,13130.0,13470.0,13810.0,
A,CLV15_EUR_HAB,P31_S14_S15,ES,12830.0,13740.0,14280.0,14360.0,14650.0,
A,CLV15_EUR_HAB,P31_S14_S15,EU27_2020,15030.0,15760.0,16450.0,16420.0,16620.0,
A,CLV15_EUR_HAB,P31_S14_S15,FI,20660.0,21280.0,21410.0,21270.0,21070.0,
A,CLV15_EUR_HAB,P31_S14_S15,FR,17550.0,18380.0,18920.0,19000.0,19150.0,
A,CLV15_EUR_HAB,P31_S14_S15,HR,7310.0,8170.0,8780.0,9060.0,9570.0,
A,CLV15_EUR_HAB,P31_S14_S15,HU,6980.0,7380.0,7940.0,7770.0,8230.0,
A,CLV15_EUR_HAB,P31_S14_S15,IE,18000.0,19390.0,21040.0,21560.0,21840.0,
A,CLV15_EUR_HAB,P31_S14_S15,IS,25360.0,27020.0,28390.0,27850.0,27590.0,
A,CLV15_EUR_HAB,P31_S14_S15,IT,15570.0,16560.0,17470.0,17570.0,17680.0,
A,CLV15_EUR_HAB,P31_S14_S15,LT,9010.0,9740.0,9840.0,9690.0,9930.0,
A,CLV15_EUR_HAB,P31_S14_S15,LU,28890.0,31680.0,33050.0,33660.0,34200.0,
A,CLV15_EUR_HAB,P31_S14_S15,LV,7740.0,8430.0,8850.0,8800.0,8880.0,
A,CLV15_EUR_HAB,P31_S14_S15,ME,5170.0,5470.0,6220.0,6660.0,7350.0,
A,CLV15_EUR_HAB,P31_S14_S15,MK,3700.0,4060.0,4300.0,4380.0,4480.0,
A,CLV15_EUR_HAB,P31_S14_S15,MT,11210.0,12340.0,13180.0,14280.0,14740.0,
A,CLV15_EUR_HAB,P31_S14_S15,NL,18270.0,18990.0,20110.0,20060.0,20160.0,20330.0
A,CLV15_EUR_HAB,P31_S14_S15,NO,27950.0,29220.0,31220.0,30490.0,30630.0,
A,CLV15_EUR_HAB,P31_S14_S15,PL,7950.0,8480.0,8730.0,8740.0,9030.0,
A,CLV15_EUR_HAB,P31_S14_S15,PT,11660.0,12200.0,12810.0,12980.0,13220.0,
A,CLV15_EUR_HAB,P31_S14_S15,RO,6560.0,7070.0,7490.0,7680.0,8120.0,
A,CLV15_EUR_HAB,P31_S14_S15,RS,4100.0,4460.0,4730.0,4790.0,5060.0,
A,CLV15_EUR_HAB,P31_S14_S15,SE,21450.0,22520.0,22910.0,22380.0,22460.0,
A,CLV15_EUR_HAB,P31_S14_S15,SI,10690.0,11870.0,12330.0,12260.0,12690.0,
A,CLV15_EUR_HAB,P31_S14_S15,SK,9250.0,9570.0,10010.0,9720.0,10060.0,
A,CLV15_EUR_HAB,P31_S14_S15,TR,6020.0,6890.0,7930.0,8760.0,9140.0,
A,CLV15_EUR_HAB,P31_S14_S15,UK,,,,,,
A,CLV15_EUR_HAB,P31_S15,AL,40.0,40.0,40.0,,,
A,CLV15_EUR_HAB,P31_S15,AT,760.0,840.0,810.0,850.0,870.0,
A,CLV15_EUR_HAB,P31_S15,BE,390.0,420.0,460.0,470.0,480.0,
A,CLV15_EUR_HAB,P31_S15,BG,60.0,70.0,80.0,80.0,80.0,
A,CLV15_EUR_HAB,P31_S15,CH,1720.0,1780.0,1780.0,1810.0,1830.0,
A,CLV15_EUR_HAB,P31_S15,CY,240.0,280.0,280.0,300.0,310.0,
A,CLV15_EUR_HAB,P31_S15,CZ,160.0,170.0,180.0,190.0,210.0,
A,CLV15_EUR_HAB,P31_S15,DE,570.0,570.0,590.0,580.0,590.0,590.0
A,CLV15_EUR_HAB,P31_S15,DK,720.0,720.0,740.0,750.0,730.0,
A,CLV15_EUR_HAB,P31_S15,EA,440.0,450.0,470.0,470.0,480.0,
A,CLV15_EUR_HAB,P31_S15,EA12,450.0,460.0,480.0,490.0,500.0,
A,CLV15_EUR_HAB,P31_S15,EA19,440.0,450.0,470.0,480.0,490.0,
A,CLV15_EUR_HAB,P31_S15,EA20,430.0,450.0,470.0,470.0,480.0,
A,CLV15_EUR_HAB,P31_S15,EA21,430.0,440.0,460.0,470.0,470.0,
A,CLV15_EUR_HAB,P31_S15,EE,350.0,360.0,350.0,360.0,370.0,
A,CLV15_EUR_HAB,P31_S15,EL,240.0,250.0,250.0,240.0,240.0,
A,CLV15_EUR_HAB,P31_S15,ES,270.0,270.0,290.0,300.0,320.0,
A,CLV15_EUR_HAB,P31_S15,EU27_2020,380.0,400.0,410.0,420.0,430.0,
A,CLV15_EUR_HAB,P31_S15,FI,780.0,760.0,770.0,730.0,740.0,
A,CLV15_EUR_HAB,P31_S15,FR,710.0,750.0,790.0,810.0,820.0,
A,CLV15_EUR_HAB,P31_S15,HR,160.0,170.0,180.0,190.0,210.0,
A,CLV15_EUR_HAB,P31_S15,HU,290.0,300.0,350.0,380.0,370.0,
A,CLV15_EUR_HAB,P31_S15,IE,330.0,320.0,320.0,350.0,460.0,
A,CLV15_EUR_HAB,P31_S15,IS,1000.0,1010.0,1000.0,1000.0,1000.0,
A,CLV15_EUR_HAB,P31_S15,IT,130.0,150.0,150.0,160.0,170.0,
A,CLV15_EUR_HAB,P31_S15,LT,30.0,30.0,30.0,30.0,40.0,
A,CLV15_EUR_HAB,P31_S15,LU,1710.0,2000.0,2160.0,2260.0,2280.0,
A,CLV15_EUR_HAB,P31_S15,LV,160.0,180.0,170.0,150.0,150.0,
A,CLV15_EUR_HAB,P31_S15,ME,90.0,100.0,110.0,120.0,120.0,
A,CLV15_EUR_HAB,P31_S15,MK,50.0,60.0,60.0,60.0,60.0,
A,CLV15_EUR_HAB,P31_S15,MT,410.0,450.0,470.0,470.0,510.0,
A,CLV15_EUR_HAB,P31_S15,NL,360.0,380.0,370.0,370.0,380.0,380.0
A,CLV15_EUR_HAB,P31_S15,NO,1500.0,1560.0,1780.0,1780.0,1760.0,
A,CLV15_EUR_HAB,P31_S15,PL,130.0,130.0,150.0,150.0,160.0,
A,CLV15_EUR_HAB,P31_S15,PT,320.0,320.0,340.0,360.0,360.0,
A,CLV15_EUR_HAB,P31_S15,RO,90.0,80.0,80.0,90.0,90.0,
A,CLV15_EUR_HAB,P31_S15,RS,70.0,80.0,80.0,80.0,80.0,
A,CLV15_EUR_HAB,P31_S15,SE,550.0,570.0,550.0,580.0,580.0,
A,CLV15_EUR_HAB,P31_S15,SI,180.0,210.0,250.0,250.0,260.0,
A,CLV15_EUR_HAB,P31_S15,SK,140.0,150.0,170.0,180.0,170.0,
A,CLV15_EUR_HAB,P31_S15,TR,40.0,50.0,50.0,50.0,60.0,
A,CLV15_EUR_HAB,P31_S15,UK,,,,,,
A,CLV15_EUR_HAB,P32_S13,AL,310.0,310.0,320.0,,,
A,CLV15_EUR_HAB,P32_S13,AT,3030.0,3070.0,3050.0,3090.0,3210.0,
A,CLV15_EUR_HAB,P32_S13,BE,3220.0,3290.0,3340.0,3360.0,3390.0,
A,CLV15_EUR_HAB,P32_S13,BG,690.0,670.0,760.0,760.0,790.0,
A,CLV15_EUR_HAB,P32_S13,CH,4460.0,4400.0,4510.0,4440.0,4480.0,
A,CLV15_EUR_HAB,P32_S13,CY,1930.0,1950.0,2020.0,2100.0,2030.0,
A,CLV15_EUR_HAB,P32_S13,CZ,1580.0,1550.0,1520.0,1550.0,1580.0,
A,CLV15_EUR_HAB,P32_S13,DE,3220.0,3290.0,3230.0,3290.0,3340.0,3360.0
A,CLV15_EUR_HAB,P32_S13,DK,3650.0,3720.0,3640.0,3700.0,3790.0,
A,CLV15_EUR_HAB,P32_S13,EA,2650.0,2710.0,2720.0,2750.0,2810.0,
A,CLV15_EUR_HAB,P32_S13,EA12,2710.0,2760.0,2770.0,2830.0,2880.0,
A,CLV15_EUR_HAB,P32_S13,EA19,2650.0,2710.0,2720.0,2770.0,2820.0,
A,CLV15_EUR_HAB,P32_S13,EA20,2640.0,2690.0,2700.0,2750.0,2810.0,
A,CLV15_EUR_HAB,P32_S13,EA21,2600.0,2660.0,2670.0,2720.0,2770.0,
A,CLV15_EUR_HAB,P32_S13,EE,1570.0,1590.0,1540.0,1540.0,1560.0,
A,CLV15_EUR_HAB,P32_S13,EL,1780.0,1810.0,1800.0,1840.0,1800.0,
A,CLV15_EUR_HAB,P32_S13,ES,1940.0,1980.0,2020.0,2090.0,2100.0,
A,CLV15_EUR_HAB,P32_S13,EU27_2020,2380.0,2430.0,2440.0,2490.0,2550.0,
A,CLV15_EUR_HAB,P32_S13,FI,3150.0,3280.0,3240.0,3260.0,3360.0,
A,CLV15_EUR_HAB,P32_S13,FR,2900.0,2990.0,3050.0,3110.0,3160.0,
A,CLV15_EUR_HAB,P32_S13,HR,1380.0,1420.0,1470.0,1590.0,1670.0,
A,CLV15_EUR_HAB,P32_S13,HU,1480.0,1510.0,1530.0,1590.0,1520.0,
A,CLV15_EUR_HAB,P32_S13,IE,2880.0,3060.0,3060.0,3120.0,3260.0,
A,CLV15_EUR_HAB,P32_S13,IS,4910.0,4960.0,4930.0,4920.0,4920.0,
A,CLV15_EUR_HAB,P32_S13,IT,2270.0,2270.0,2300.0,2310.0,2380.0,
A,CLV15_EUR_HAB,P32_S13,LT,1010.0,1030.0,1030.0,1020.0,1030.0,
A,CLV15_EUR_HAB,P32_S13,LU,6470.0,6650.0,6730.0,6870.0,7050.0,
A,CLV15_EUR_HAB,P32_S13,LV,1740.0,1810.0,1920.0,1910.0,1940.0,
A,CLV15_EUR_HAB,P32_S13,ME,670.0,630.0,660.0,660.0,670.0,
A,CLV15_EUR_HAB,P32_S13,MT,2060.0,2100.0,2130.0,2110.0,2220.0,
A,CLV15_EUR_HAB,P32_S13,NL,3560.0,3670.0,3730.0,3900.0,4090.0,4190.0
A,CLV15_EUR_HAB,P32_S13,NO,5570.0,5670.0,5620.0,5800.0,5900.0,
A,CLV15_EUR_HAB,P32_S13,PL,1150.0,1160.0,1170.0,1230.0,1320.0,
A,CLV15_EUR_HAB,P32_S13,PT,1440.0,1400.0,1360.0,1370.0,1330.0,
A,CLV15_EUR_HAB,P32_S13,RO,780.0,780.0,740.0,770.0,810.0,
A,CLV15_EUR_HAB,P32_S13,RS,500.0,540.0,530.0,510.0,540.0,
A,CLV15_EUR_HAB,P32_S13,SE,3230.0,3320.0,3380.0,3480.0,3560.0,
A,CLV15_EUR_HAB,P32_S13,SI,1510.0,1580.0,1540.0,1630.0,1660.0,
A,CLV15_EUR_HAB,P32_S13,SK,1530.0,1530.0,1360.0,1310.0,1400.0,
A,CLV15_EUR_HAB,P32_S13,TR,480.0,480.0,520.0,480.0,420.0,
A,CLV15_EUR_HAB,P32_S13,UK,,,,,,
A,CLV15_EUR_HAB,P3_S13,AL,540.0,560.0,580.0,,,
A,CLV15_EUR_HAB,P3_S13,AT,7990.0,8580.0,8480.0,8460.0,8740.0,
A,CLV15_EUR_HAB,P3_S13,BE,8830.0,9160.0,9370.0,9540.0,9650.0,
A,CLV15_EUR_HAB,P3_S13,BG,1400.0,1410.0,1530.0,1560.0,1610.0,
A,CLV15_EUR_HAB,P3_S13,CH,9290.0,9490.0,9350.0,9340.0,9360.0,
A,CLV15_EUR_HAB,P3_S13,CY,4270.0,4580.0,4710.0,4780.0,4790.0,
A,CLV15_EUR_HAB,P3_S13,CZ,3540.0,3600.0,3520.0,3600.0,3700.0,
A,CLV15_EUR_HAB,P3_S13,DE,8510.0,8790.0,8780.0,8680.0,8880.0,9010.0
A,CLV15_EUR_HAB,P3_S13,DK,12030.0,12570.0,12160.0,12100.0,12160.0,
A,CLV15_EUR_HAB,P3_S13,EA,6950.0,7250.0,7310.0,7330.0,7460.0,
A,CLV15_EUR_HAB,P3_S13,EA12,7130.0,7430.0,7500.0,7560.0,7700.0,
A,CLV15_EUR_HAB,P3_S13,EA19,6950.0,7250.0,7310.0,7370.0,7500.0,
A,CLV15_EUR_HAB,P3_S13,EA20,6910.0,7200.0,7260.0,7330.0,7460.0,
A,CLV15_EUR_HAB,P3_S13,EA21,6810.0,7100.0,7160.0,7220.0,7360.0,
A,CLV15_EUR_HAB,P3_S13,EE,3450.0,3580.0,3520.0,3450.0,3490.0,
A,CLV15_EUR_HAB,P3_S13,EL,3440.0,3520.0,3540.0,3650.0,3560.0,
A,CLV15_EUR_HAB,P3_S13,ES,4860.0,5040.0,5030.0,5200.0,5290.0,
A,CLV15_EUR_HAB,P3_S13,EU27_2020,6230.0,6490.0,6530.0,6600.0,6740.0,
A,CLV15_EUR_HAB,P3_S13,FI,9910.0,10310.0,10220.0,10610.0,10730.0,
A,CLV15_EUR_HAB,P3_S13,FR,7890.0,8370.0,8560.0,8660.0,8760.0,
A,CLV15_EUR_HAB,P3_S13,HR,2920.0,3030.0,3110.0,3310.0,3550.0,
A,CLV15_EUR_HAB,P3_S13,HU,2560.0,2630.0,2710.0,2800.0,2760.0,
A,CLV15_EUR_HAB,P3_S13,IE,8790.0,9290.0,9430.0,9850.0,10150.0,
A,CLV15_EUR_HAB,P3_S13,IS,12600.0,12710.0,12630.0,12610.0,12600.0,
A,CLV15_EUR_HAB,P3_S13,IT,5440.0,5600.0,5650.0,5720.0,5770.0,
A,CLV15_EUR_HAB,P3_S13,LT,2250.0,2270.0,2300.0,2270.0,2290.0,
A,CLV15_EUR_HAB,P3_S13,LU,16750.0,17280.0,17590.0,17540.0,18110.0,
A,CLV15_EUR_HAB,P3_S13,LV,2700.0,2830.0,2830.0,2910.0,2920.0,
A,CLV15_EUR_HAB,P3_S13,ME,1250.0,1220.0,1250.0,1280.0,1300.0,
A,CLV15_EUR_HAB,P3_S13,MK,880.0,900.0,860.0,850.0,860.0,
A,CLV15_EUR_HAB,P3_S13,MT,5020.0,5270.0,5120.0,5110.0,5430.0,
A,CLV15_EUR_HAB,P3_S13,NL,10870.0,11320.0,11350.0,11550.0,11890.0,12140.0
A,CLV15_EUR_HAB,P3_S13,NO,15850.0,16330.0,16480.0,16840.0,17080.0,
A,CLV15_EUR_HAB,P3_S13,PL,2520.0,2660.0,2620.0,2750.0,3000.0,
A,CLV15_EUR_HAB,P3_S13,PT,3210.0,3330.0,3360.0,3390.0,3400.0,
A,CLV15_EUR_HAB,P3_S13,RO,1380.0,1390.0,1380.0,1430.0,1450.0,
A,CLV15_EUR_HAB,P3_S13,RS,1100.0,1160.0,1200.0,1180.0,1230.0,
A,CLV15_EUR_HAB,P3_S13,SE,11660.0,11990.0,11940.0,11980.0,12060.0,
A,CLV15_EUR_HAB,P3_S13,SI,3890.0,4120.0,4090.0,4150.0,4440.0,
A,CLV15_EUR_HAB,P3_S13,SK,3000.0,3120.0,3020.0,2940.0,3060.0,
A,CLV15_EUR_HAB,P3_S13,TR,1620.0,1670.0,1730.0,1770.0,1760.0,
A,CLV15_EUR_HAB,P3_S13,UK,,,,,,
A,CLV15_EUR_HAB,P41,AL,3190.0,3380.0,3610.0,,,
A,CLV15_EUR_HAB,P41,AT,24470.0,25890.0,26660.0,26370.0,26630.0,
A,CLV15_EUR_HAB,P41,BE,24270.0,25490.0,26210.0,26410.0,26780.0,
A,CLV15_EUR_HAB,P41,BG,5670.0,6160.0,6450.0,6540.0,6870.0,
A,CLV15_EUR_HAB,P41,CH,43440.0,44250.0,45550.0,45580.0,46050.0,
A,CLV15_EUR_HAB,P41,CY,17620.0,18410.0,19780.0,20460.0,20940.0,
A,CLV15_EUR_HAB,P41,CZ,10410.0,10850.0,10640.0,10370.0,10630.0,
A,CLV15_EUR_HAB,P41,DE,25340.0,25990.0,27230.0,26730.0,26930.0,27330.0
A,CLV15_EUR_HAB,P41,DK,32810.0,34540.0,33420.0,32510.0,32590.0,
A,CLV15_EUR_HAB,P41,EA,20940.0,21940.0,22820.0,22670.0,22900.0,
A,CLV15_EUR_HAB,P41,EA12,21380.0,22400.0,23290.0,23280.0,23500.0,
A,CLV15_EUR_HAB,P41,EA19,20940.0,21940.0,22820.0,22800.0,23030.0,
A,CLV15_EUR_HAB,P41,EA20,20800.0,21810.0,22680.0,22670.0,22900.0,
A,CLV15_EUR_HAB,P41,EA21,20520.0,21520.0,22390.0,22380.0,22620.0,
A,CLV15_EUR_HAB,P41,EE,11420.0,12190.0,12460.0,11990.0,11970.0,
A,CLV15_EUR_HAB,P41,EL,12970.0,13660.0,14870.0,15280.0,15570.0,
A,CLV15_EUR_HAB,P41,ES,15750.0,16800.0,17290.0,17470.0,17840.0,
A,CLV15_EUR_HAB,P41,EU27_2020,18870.0,19820.0,20540.0,20530.0,20800.0,
A,CLV15_EUR_HAB,P41,FI,27420.0,28310.0,28380.0,28610.0,28440.0,
A,CLV15_EUR_HAB,P41,FR,22530.0,23770.0,24430.0,24550.0,24760.0,
A,CLV15_EUR_HAB,P41,HR,8860.0,9780.0,10410.0,10780.0,11440.0,
A,CLV15_EUR_HAB,P41,HU,8050.0,8470.0,9090.0,8960.0,9430.0,
A,CLV15_EUR_HAB,P41,IE,23920.0,25630.0,27420.0,28300.0,28740.0,
A,CLV15_EUR_HAB,P41,IS,33110.0,34790.0,36050.0,35520.0,35260.0,
A,CLV15_EUR_HAB,P41,IT,18740.0,19880.0,20810.0,20980.0,21070.0,
A,CLV15_EUR_HAB,P41,LT,10240.0,10950.0,11070.0,10900.0,11150.0,
A,CLV15_EUR_HAB,P41,LU,39200.0,42340.0,43920.0,44330.0,45260.0,
A,CLV15_EUR_HAB,P41,LV,8730.0,9470.0,9780.0,9810.0,9880.0,
A,CLV15_EUR_HAB,P41,ME,5750.0,6050.0,6780.0,7240.0,7910.0,
A,CLV15_EUR_HAB,P41,MT,14180.0,15530.0,16170.0,17280.0,17950.0,
A,CLV15_EUR_HAB,P41,NL,25590.0,26640.0,27740.0,27730.0,27970.0,28290.0
A,CLV15_EUR_HAB,P41,NO,38240.0,39890.0,42050.0,41520.0,41810.0,
A,CLV15_EUR_HAB,P41,PL,9320.0,9990.0,10190.0,10260.0,10710.0,
A,CLV15_EUR_HAB,P41,PT,13440.0,14130.0,14810.0,15000.0,15290.0,
A,CLV15_EUR_HAB,P41,RO,7160.0,7670.0,8110.0,8320.0,8710.0,
A,CLV15_EUR_HAB,P41,RS,4710.0,5080.0,5410.0,5460.0,5760.0,
A,CLV15_EUR_HAB,P41,SE,29870.0,31180.0,31440.0,30860.0,30940.0,
A,CLV15_EUR_HAB,P41,SI,13080.0,14410.0,14870.0,14770.0,15470.0,
A,CLV15_EUR_HAB,P41,SK,10720.0,11180.0,11720.0,11410.0,11760.0,
A,CLV15_EUR_HAB,P41,TR,7170.0,8120.0,9190.0,10130.0,10610.0,
A,CLV15_EUR_HAB,P41,UK,,,,,,
A,CLV20_EUR_HAB,B1GQ,AL,4710.0,5190.0,5500.0,,,
A,CLV20_EUR_HAB,B1GQ,AT,42650.0,44580.0,46430.0,45670.0,45140.0,
A,CLV20_EUR_HAB,B1GQ,BE,40190.0,42530.0,43860.0,44230.0,44440.0,
A,CLV20_EUR_HAB,B1GQ,BG,9440.0,10250.0,10740.0,10950.0,11330.0,
A,CLV20_EUR_HAB,B1GQ,CH,76710.0,80850.0,83000.0,82440.0,82650.0,
A,CLV20_EUR_HAB,B1GQ,CY,24630.0,27030.0,28730.0,29200.0,29870.0,
A,CLV20_EUR_HAB,B1GQ,CZ,20980.0,21830.0,21910.0,21680.0,21920.0,
A,CLV20_EUR_HAB,B1GQ,DE,42020.0,43730.0,44230.0,43450.0,43110.0,43200.0
A,CLV20_EUR_HAB,B1GQ,DK,53540.0,56780.0,56530.0,56470.0,58160.0,
A,CLV20_EUR_HAB,B1GQ,EA,33840.0,35990.0,37110.0,36810.0,36990.0,
A,CLV20_EUR_HAB,B1GQ,EA12,34530.0,36710.0,37870.0,37780.0,37940.0,
A,CLV20_EUR_HAB,B1GQ,EA19,33840.0,35990.0,37110.0,37040.0,37210.0,
A,CLV20_EUR_HAB,B1GQ,EA20,33610.0,35750.0,36880.0,36810.0,36990.0,
A,CLV20_EUR_HAB,B1GQ,EA21,33160.0,35280.0,36400.0,36340.0,36530.0,
A,CLV20_EUR_HAB,B1GQ,EE,20960.0,22670.0,22370.0,21210.0,21060.0,
A,CLV20_EUR_HAB,B1GQ,EL,15660.0,17110.0,18160.0,18600.0,19020.0,
A,CLV20_EUR_HAB,B1GQ,ES,23850.0,25440.0,26820.0,27150.0,27800.0,
A,CLV20_EUR_HAB,B1GQ,EU27_2020,30510.0,32470.0,33420.0,33400.0,33650.0,
A,CLV20_EUR_HAB,B1GQ,FI,42740.0,43800.0,44010.0,43280.0,43110.0,
A,CLV20_EUR_HAB,B1GQ,FR,34280.0,36470.0,37320.0,37760.0,38110.0,
A,CLV20_EUR_HAB,B1GQ,HR,12980.0,14750.0,15900.0,16490.0,17060.0,
A,CLV20_EUR_HAB,B1GQ,HU,14370.0,15470.0,16160.0,16050.0,16190.0,
A,CLV20_EUR_HAB,B1GQ,IE,75820.0,87160.0,91760.0,87810.0,88600.0,
A,CLV20_EUR_HAB,B1GQ,IS,54190.0,56150.0,59700.0,61180.0,59330.0,
A,CLV20_EUR_HAB,B1GQ,IT,28100.0,30760.0,32310.0,32640.0,32880.0,
A,CLV20_EUR_HAB,B1GQ,LT,17890.0,19040.0,19350.0,19220.0,19690.0,
A,CLV20_EUR_HAB,B1GQ,LU,102190.0,107570.0,104100.0,102250.0,101000.0,
A,CLV20_EUR_HAB,B1GQ,LV,15370.0,16580.0,16890.0,16770.0,16910.0,
A,CLV20_EUR_HAB,B1GQ,ME,6610.0,7500.0,8100.0,8620.0,8890.0,
A,CLV20_EUR_HAB,B1GQ,MK,5840.0,6170.0,6360.0,6540.0,6750.0,
A,CLV20_EUR_HAB,B1GQ,MT,27870.0,31420.0,31400.0,33380.0,34730.0,
A,CLV20_EUR_HAB,B1GQ,NL,46810.0,49490.0,51480.0,50660.0,50880.0,51550.0
A,CLV20_EUR_HAB,B1GQ,NO,60020.0,62030.0,63470.0,62790.0,63500.0,
A,CLV20_EUR_HAB,B1GQ,PL,14310.0,15380.0,15840.0,15950.0,16470.0,
A,CLV20_EUR_HAB,B1GQ,PT,19360.0,20390.0,21690.0,22130.0,22350.0,
A,CLV20_EUR_HAB,B1GQ,RO,11390.0,12130.0,12690.0,12970.0,13100.0,
A,CLV20_EUR_HAB,B1GQ,RS,7110.0,7740.0,8160.0,8510.0,8900.0,
A,CLV20_EUR_HAB,B1GQ,SE,46180.0,48300.0,48390.0,47960.0,48270.0,
A,CLV20_EUR_HAB,B1GQ,SI,22230.0,24040.0,24660.0,25120.0,25480.0,
A,CLV20_EUR_HAB,B1GQ,SK,17270.0,18320.0,18360.0,18750.0,19110.0,
A,CLV20_EUR_HAB,B1GQ,TR,7340.0,8130.0,8490.0,8920.0,9220.0,
A,CLV20_EUR_HAB,P3,AL,4160.0,4370.0,4670.0,,,
A,CLV20_EUR_HAB,P3,AT,30240.0,31860.0,32680.0,32410.0,32820.0,
A,CLV20_EUR_HAB,P3,BE,29940.0,31340.0,32180.0,32410.0,32850.0,
A,CLV20_EUR_HAB,P3,BG,7300.0,7830.0,8280.0,8390.0,8790.0,
A,CLV20_EUR_HAB,P3,CH,48340.0,49100.0,50520.0,50470.0,50990.0,
A,CLV20_EUR_HAB,P3,CY,19880.0,20700.0,22170.0,22930.0,23340.0,
A,CLV20_EUR_HAB,P3,CZ,14380.0,14860.0,14570.0,14280.0,14630.0,
A,CLV20_EUR_HAB,P3,DE,30660.0,31420.0,32690.0,32220.0,32490.0,32940.0
A,CLV20_EUR_HAB,P3,DK,38330.0,40220.0,38970.0,38070.0,38260.0,
A,CLV20_EUR_HAB,P3,EA,25170.0,26290.0,27240.0,27120.0,27430.0,
A,CLV20_EUR_HAB,P3,EA12,25670.0,26810.0,27780.0,27830.0,28120.0,
A,CLV20_EUR_HAB,P3,EA19,25170.0,26290.0,27240.0,27280.0,27580.0,
A,CLV20_EUR_HAB,P3,EA20,25000.0,26130.0,27070.0,27120.0,27430.0,
A,CLV20_EUR_HAB,P3,EA21,24680.0,25790.0,26730.0,26780.0,27090.0,
A,CLV20_EUR_HAB,P3,EE,14970.0,15890.0,16130.0,15600.0,15580.0,
A,CLV20_EUR_HAB,P3,EL,14700.0,15410.0,16590.0,17040.0,17290.0,
A,CLV20_EUR_HAB,P3,ES,18570.0,19710.0,20260.0,20530.0,20930.0,
A,CLV20_EUR_HAB,P3,EU27_2020,22660.0,23720.0,24480.0,24530.0,24880.0,
A,CLV20_EUR_HAB,P3,FI,31910.0,32980.0,33010.0,33280.0,33190.0,
A,CLV20_EUR_HAB,P3,FR,27050.0,28460.0,29240.0,29430.0,29700.0,
A,CLV20_EUR_HAB,P3,HR,10830.0,11840.0,12560.0,13070.0,13860.0,
A,CLV20_EUR_HAB,P3,HU,10190.0,10670.0,11340.0,11280.0,11710.0,
A,CLV20_EUR_HAB,P3,IE,28370.0,30370.0,32250.0,33250.0,33860.0,
A,CLV20_EUR_HAB,P3,IS,42990.0,44940.0,46330.0,45720.0,45430.0,
A,CLV20_EUR_HAB,P3,IT,22080.0,23280.0,24290.0,24470.0,24640.0,
A,CLV20_EUR_HAB,P3,LT,13310.0,14170.0,14310.0,14100.0,14400.0,
A,CLV20_EUR_HAB,P3,LU,49850.0,53450.0,55260.0,55860.0,57090.0,
A,CLV20_EUR_HAB,P3,LV,11750.0,12660.0,13120.0,13150.0,13260.0,
A,CLV20_EUR_HAB,P3,ME,6960.0,7240.0,8060.0,8560.0,9310.0,
A,CLV20_EUR_HAB,P3,MK,4830.0,5230.0,5440.0,5520.0,5630.0,
A,CLV20_EUR_HAB,P3,MT,17370.0,18850.0,19570.0,20720.0,21560.0,
A,CLV20_EUR_HAB,P3,NL,32020.0,33300.0,34570.0,34730.0,35200.0,35660.0
A,CLV20_EUR_HAB,P3,NO,41760.0,43420.0,45440.0,45100.0,45470.0,
A,CLV20_EUR_HAB,P3,PL,10810.0,11510.0,11720.0,11870.0,12420.0,
A,CLV20_EUR_HAB,P3,PT,15990.0,16690.0,17370.0,17580.0,17850.0,
A,CLV20_EUR_HAB,P3,RO,9120.0,9680.0,10100.0,10380.0,10880.0,
A,CLV20_EUR_HAB,P3,RS,5970.0,6440.0,6800.0,6840.0,7210.0,
A,CLV20_EUR_HAB,P3,SE,33010.0,34390.0,34710.0,34250.0,34410.0,
A,CLV20_EUR_HAB,P3,SI,15740.0,17240.0,17680.0,17680.0,18470.0,
A,CLV20_EUR_HAB,P3,SK,13600.0,14090.0,14440.0,14030.0,14540.0,
A,CLV20_EUR_HAB,P3,TR,5050.0,5660.0,6390.0,6970.0,7220.0,
A,CLV20_EUR_HAB,P31_S13,AL,290.0,320.0,330.0,,,
A,CLV20_EUR_HAB,P31_S13,AT,5780.0,6400.0,6310.0,6240.0,6430.0,
A,CLV20_EUR_HAB,P31_S13,BE,6270.0,6570.0,6740.0,6920.0,7010.0,
A,CLV20_EUR_HAB,P31_S13,BG,920.0,960.0,1010.0,1030.0,1070.0,
A,CLV20_EUR_HAB,P31_S13,CH,4940.0,5200.0,4950.0,5020.0,4990.0,
A,CLV20_EUR_HAB,P31_S13,CY,2590.0,2920.0,2980.0,2980.0,3050.0,
A,CLV20_EUR_HAB,P31_S13,CZ,2540.0,2640.0,2590.0,2650.0,2750.0,
A,CLV20_EUR_HAB,P31_S13,DE,5870.0,6100.0,6170.0,5990.0,6150.0,6270.0
A,CLV20_EUR_HAB,P31_S13,DK,9330.0,9850.0,9480.0,9360.0,9310.0,
A,CLV20_EUR_HAB,P31_S13,EA,4750.0,5020.0,5070.0,5050.0,5140.0,
A,CLV20_EUR_HAB,P31_S13,EA12,4880.0,5150.0,5200.0,5220.0,5310.0,
A,CLV20_EUR_HAB,P31_S13,EA19,4750.0,5020.0,5070.0,5080.0,5170.0,
A,CLV20_EUR_HAB,P31_S13,EA20,4720.0,4980.0,5030.0,5050.0,5140.0,
A,CLV20_EUR_HAB,P31_S13,EA21,4650.0,4910.0,4960.0,4970.0,5060.0,
A,CLV20_EUR_HAB,P31_S13,EE,2450.0,2580.0,2570.0,2490.0,2520.0,
A,CLV20_EUR_HAB,P31_S13,EL,1720.0,1780.0,1810.0,1880.0,1830.0,
A,CLV20_EUR_HAB,P31_S13,ES,3120.0,3260.0,3210.0,3310.0,3400.0,
A,CLV20_EUR_HAB,P31_S13,EU27_2020,4260.0,4500.0,4530.0,4560.0,4650.0,
A,CLV20_EUR_HAB,P31_S13,FI,7160.0,7450.0,7390.0,7790.0,7820.0,
A,CLV20_EUR_HAB,P31_S13,FR,5590.0,6030.0,6170.0,6210.0,6280.0,
A,CLV20_EUR_HAB,P31_S13,HR,1700.0,1770.0,1810.0,1900.0,2070.0,
A,CLV20_EUR_HAB,P31_S13,HU,1390.0,1430.0,1510.0,1550.0,1570.0,
A,CLV20_EUR_HAB,P31_S13,IE,6410.0,6760.0,6910.0,7310.0,7480.0,
A,CLV20_EUR_HAB,P31_S13,IS,9660.0,9750.0,9690.0,9670.0,9670.0,
A,CLV20_EUR_HAB,P31_S13,IT,3380.0,3540.0,3570.0,3630.0,3620.0,
A,CLV20_EUR_HAB,P31_S13,LT,1960.0,1970.0,2000.0,1970.0,1990.0,
A,CLV20_EUR_HAB,P31_S13,LU,11530.0,11930.0,12190.0,11970.0,12400.0,
A,CLV20_EUR_HAB,P31_S13,LV,1460.0,1540.0,1450.0,1540.0,1530.0,
A,CLV20_EUR_HAB,P31_S13,ME,800.0,810.0,810.0,850.0,860.0,
A,CLV20_EUR_HAB,P31_S13,MT,3280.0,3520.0,3330.0,3340.0,3570.0,
A,CLV20_EUR_HAB,P31_S13,NL,8160.0,8540.0,8510.0,8560.0,8720.0,8890.0
A,CLV20_EUR_HAB,P31_S13,NO,10420.0,10810.0,11010.0,11190.0,11330.0,
A,CLV20_EUR_HAB,P31_S13,PL,1460.0,1610.0,1550.0,1620.0,1790.0,
A,CLV20_EUR_HAB,P31_S13,PT,2050.0,2220.0,2300.0,2330.0,2390.0,
A,CLV20_EUR_HAB,P31_S13,RO,960.0,980.0,1020.0,1050.0,1010.0,
A,CLV20_EUR_HAB,P31_S13,RS,740.0,750.0,810.0,810.0,840.0,
A,CLV20_EUR_HAB,P31_S13,SE,9080.0,9340.0,9230.0,9160.0,9170.0,
A,CLV20_EUR_HAB,P31_S13,SI,2810.0,3000.0,3010.0,2980.0,3280.0,
A,CLV20_EUR_HAB,P31_S13,SK,1630.0,1780.0,1890.0,1870.0,1890.0,
A,CLV20_EUR_HAB,P31_S13,TR,670.0,710.0,720.0,780.0,840.0,
A,CLV20_EUR_HAB,P31_S14,AL,3470.0,3660.0,3930.0,,,
A,CLV20_EUR_HAB,P31_S14,AT,20320.0,21190.0,22150.0,21860.0,21940.0,
A,CLV20_EUR_HAB,P31_S14,BE,19780.0,20780.0,21350.0,21380.0,21690.0,
A,CLV20_EUR_HAB,P31_S14,BG,5440.0,5940.0,6220.0,6300.0,6620.0,
A,CLV20_EUR_HAB,P31_S14,CH,37130.0,37620.0,39190.0,39120.0,39610.0,
A,CLV20_EUR_HAB,P31_S14,CY,14910.0,15350.0,16670.0,17340.0,17740.0,
A,CLV20_EUR_HAB,P31_S14,CZ,9690.0,10090.0,9880.0,9500.0,9700.0,
A,CLV20_EUR_HAB,P31_S14,DE,20650.0,21100.0,22350.0,22010.0,22050.0,22360.0
A,CLV20_EUR_HAB,P31_S14,DK,24300.0,25600.0,24760.0,23940.0,24080.0,
A,CLV20_EUR_HAB,P31_S14,EA,17080.0,17860.0,18720.0,18580.0,18740.0,
A,CLV20_EUR_HAB,P31_S14,EA12,17390.0,18180.0,19060.0,19030.0,19170.0,
A,CLV20_EUR_HAB,P31_S14,EA19,17080.0,17860.0,18720.0,18690.0,18840.0,
A,CLV20_EUR_HAB,P31_S14,EA20,16970.0,17760.0,18610.0,18580.0,18740.0,
A,CLV20_EUR_HAB,P31_S14,EA21,16750.0,17540.0,18390.0,18360.0,18520.0,
A,CLV20_EUR_HAB,P31_S14,EE,10290.0,11020.0,11360.0,10900.0,10830.0,
A,CLV20_EUR_HAB,P31_S14,EL,10890.0,11510.0,12680.0,13020.0,13360.0,
A,CLV20_EUR_HAB,P31_S14,ES,13110.0,14060.0,14610.0,14680.0,14970.0,
A,CLV20_EUR_HAB,P31_S14,EU27_2020,15390.0,16150.0,16850.0,16810.0,17010.0,
A,CLV20_EUR_HAB,P31_S14,FI,20670.0,21340.0,21450.0,21360.0,21140.0,
A,CLV20_EUR_HAB,P31_S14,FR,17600.0,18430.0,18950.0,19010.0,19160.0,
A,CLV20_EUR_HAB,P31_S14,HR,7440.0,8320.0,8940.0,9220.0,9740.0,
A,CLV20_EUR_HAB,P31_S14,HU,6850.0,7240.0,7770.0,7570.0,8050.0,
A,CLV20_EUR_HAB,P31_S14,IE,18480.0,19960.0,21680.0,22200.0,22390.0,
A,CLV20_EUR_HAB,P31_S14,IS,26450.0,28250.0,29760.0,29160.0,28880.0,
A,CLV20_EUR_HAB,P31_S14,IT,16120.0,17140.0,18080.0,18180.0,18290.0,
A,CLV20_EUR_HAB,P31_S14,LT,9980.0,10800.0,10910.0,10740.0,11010.0,
A,CLV20_EUR_HAB,P31_S14,LU,28830.0,31460.0,32730.0,33270.0,33820.0,
A,CLV20_EUR_HAB,P31_S14,LV,8330.0,9080.0,9550.0,9510.0,9600.0,
A,CLV20_EUR_HAB,P31_S14,ME,5300.0,5600.0,6380.0,6820.0,7540.0,
A,CLV20_EUR_HAB,P31_S14,MK,3810.0,4180.0,4420.0,4500.0,4610.0,
A,CLV20_EUR_HAB,P31_S14,MT,11420.0,12580.0,13440.0,14610.0,15050.0,
A,CLV20_EUR_HAB,P31_S14,NL,19610.0,20380.0,21610.0,21550.0,21650.0,21830.0
A,CLV20_EUR_HAB,P31_S14,NO,24600.0,25720.0,27380.0,26700.0,26850.0,
A,CLV20_EUR_HAB,P31_S14,PL,7980.0,8530.0,8760.0,8770.0,9050.0,
A,CLV20_EUR_HAB,P31_S14,PT,12010.0,12580.0,13200.0,13360.0,13610.0,
A,CLV20_EUR_HAB,P31_S14,RO,6870.0,7430.0,7880.0,8060.0,8530.0,
A,CLV20_EUR_HAB,P31_S14,RS,4520.0,4910.0,5220.0,5280.0,5580.0,
A,CLV20_EUR_HAB,P31_S14,SE,20170.0,21190.0,21580.0,21050.0,21110.0,
A,CLV20_EUR_HAB,P31_S14,SI,10940.0,12140.0,12560.0,12500.0,12930.0,
A,CLV20_EUR_HAB,P31_S14,SK,9760.0,10090.0,10540.0,10210.0,10590.0,
A,CLV20_EUR_HAB,P31_S14,TR,3920.0,4480.0,5170.0,5700.0,5950.0,
A,CLV20_EUR_HAB,P31_S14_S15,AL,3510.0,3710.0,3980.0,,,
A,CLV20_EUR_HAB,P31_S14_S15,AT,21150.0,22100.0,23030.0,22780.0,22890.0,
A,CLV20_EUR_HAB,P31_S14_S15,BE,20200.0,21240.0,21840.0,21890.0,22200.0,
A,CLV20_EUR_HAB,P31_S14_S15,BG,5480.0,5990.0,6270.0,6350.0,6670.0,
A,CLV20_EUR_HAB,P31_S14_S15,CH,38850.0,39400.0,40970.0,40930.0,41440.0,
A,CLV20_EUR_HAB,P31_S14_S15,CY,15150.0,15630.0,16960.0,17640.0,18050.0,
A,CLV20_EUR_HAB,P31_S14_S15,CZ,9880.0,10290.0,10100.0,9730.0,9950.0,
A,CLV20_EUR_HAB,P31_S14_S15,DE,21290.0,21750.0,23020.0,22660.0,22720.0,23020.0
A,CLV20_EUR_HAB,P31_S14_S15,DK,25080.0,26370.0,25570.0,24740.0,24870.0,
A,CLV20_EUR_HAB,P31_S14_S15,EA,17550.0,18350.0,19230.0,19100.0,19260.0,
A,CLV20_EUR_HAB,P31_S14_S15,EA12,17880.0,18690.0,19590.0,19560.0,19710.0,
A,CLV20_EUR_HAB,P31_S14_S15,EA19,17550.0,18350.0,19230.0,19200.0,19360.0,
A,CLV20_EUR_HAB,P31_S14_S15,EA20,17440.0,18240.0,19120.0,19100.0,19260.0,
A,CLV20_EUR_HAB,P31_S14_S15,EA21,17210.0,18020.0,18880.0,18870.0,19030.0,
A,CLV20_EUR_HAB,P31_S14_S15,EE,10650.0,11410.0,11720.0,11280.0,11220.0,
A,CLV20_EUR_HAB,P31_S14_S15,EL,11130.0,11760.0,12920.0,13260.0,13600.0,
A,CLV20_EUR_HAB,P31_S14_S15,ES,13380.0,14330.0,14900.0,14990.0,15290.0,
A,CLV20_EUR_HAB,P31_S14_S15,EU27_2020,15800.0,16580.0,17300.0,17270.0,17480.0,
A,CLV20_EUR_HAB,P31_S14_S15,FI,21470.0,22110.0,22240.0,22100.0,21890.0,
A,CLV20_EUR_HAB,P31_S14_S15,FR,18370.0,19240.0,19810.0,19890.0,20050.0,
A,CLV20_EUR_HAB,P31_S14_S15,HR,7600.0,8490.0,9120.0,9410.0,9950.0,
A,CLV20_EUR_HAB,P31_S14_S15,HU,7140.0,7540.0,8120.0,7950.0,8420.0,
A,CLV20_EUR_HAB,P31_S14_S15,IE,18830.0,20290.0,22020.0,22570.0,22860.0,
A,CLV20_EUR_HAB,P31_S14_S15,IS,27770.0,29580.0,31080.0,30480.0,30200.0,
A,CLV20_EUR_HAB,P31_S14_S15,IT,16260.0,17290.0,18240.0,18350.0,18460.0,
A,CLV20_EUR_HAB,P31_S14_S15,LT,10020.0,10840.0,10950.0,10780.0,11060.0,
A,CLV20_EUR_HAB,P31_S14_S15,LU,31010.0,34020.0,35480.0,36140.0,36720.0,
A,CLV20_EUR_HAB,P31_S14_S15,LV,8520.0,9290.0,9750.0,9690.0,9780.0,
A,CLV20_EUR_HAB,P31_S14_S15,ME,5400.0,5710.0,6490.0,6950.0,7670.0,
A,CLV20_EUR_HAB,P31_S14_S15,MK,3850.0,4240.0,4480.0,4570.0,4670.0,
A,CLV20_EUR_HAB,P31_S14_S15,MT,11880.0,13090.0,13970.0,15140.0,15620.0,
A,CLV20_EUR_HAB,P31_S14_S15,NL,19990.0,20770.0,22010.0,21950.0,22050.0,22240.0
A,CLV20_EUR_HAB,P31_S14_S15,NO,26080.0,27260.0,29130.0,28440.0,28580.0,
A,CLV20_EUR_HAB,P31_S14_S15,PL,8120.0,8660.0,8920.0,8930.0,9220.0,
A,CLV20_EUR_HAB,P31_S14_S15,PT,12330.0,12910.0,13550.0,13730.0,13980.0,
A,CLV20_EUR_HAB,P31_S14_S15,RO,6970.0,7520.0,7970.0,8160.0,8630.0,
A,CLV20_EUR_HAB,P31_S14_S15,RS,4590.0,4990.0,5300.0,5360.0,5670.0,
A,CLV20_EUR_HAB,P31_S14_S15,SE,20720.0,21760.0,22130.0,21630.0,21700.0,
A,CLV20_EUR_HAB,P31_S14_S15,SI,11130.0,12360.0,12840.0,12770.0,13210.0,
A,CLV20_EUR_HAB,P31_S14_S15,SK,9930.0,10270.0,10740.0,10430.0,10790.0,
A,CLV20_EUR_HAB,P31_S14_S15,TR,3940.0,4510.0,5200.0,5740.0,5990.0,
A,CLV20_EUR_HAB,P31_S15,AL,40.0,50.0,50.0,,,
A,CLV20_EUR_HAB,P31_S15,AT,830.0,910.0,880.0,920.0,950.0,
A,CLV20_EUR_HAB,P31_S15,BE,420.0,460.0,490.0,510.0,510.0,
A,CLV20_EUR_HAB,P31_S15,BG,40.0,50.0,50.0,50.0,50.0,
A,CLV20_EUR_HAB,P31_S15,CH,1720.0,1780.0,1780.0,1810.0,1830.0,
A,CLV20_EUR_HAB,P31_S15,CY,240.0,290.0,280.0,300.0,310.0,
A,CLV20_EUR_HAB,P31_S15,CZ,190.0,200.0,220.0,230.0,250.0,
A,CLV20_EUR_HAB,P31_S15,DE,650.0,650.0,660.0,650.0,660.0,660.0
A,CLV20_EUR_HAB,P31_S15,DK,780.0,770.0,800.0,810.0,790.0,
A,CLV20_EUR_HAB,P31_S15,EA,470.0,490.0,510.0,510.0,520.0,
A,CLV20_EUR_HAB,P31_S15,EA12,490.0,500.0,520.0,530.0,540.0,
A,CLV20_EUR_HAB,P31_S15,EA19,470.0,490.0,510.0,520.0,530.0,
A,CLV20_EUR_HAB,P31_S15,EA20,470.0,490.0,510.0,510.0,520.0,
A,CLV20_EUR_HAB,P31_S15,EA21,460.0,480.0,500.0,500.0,520.0,
A,CLV20_EUR_HAB,P31_S15,EE,370.0,390.0,370.0,380.0,390.0,
A,CLV20_EUR_HAB,P31_S15,EL,240.0,250.0,240.0,240.0,240.0,
A,CLV20_EUR_HAB,P31_S15,ES,270.0,270.0,290.0,310.0,320.0,
A,CLV20_EUR_HAB,P31_S15,EU27_2020,410.0,430.0,450.0,450.0,470.0,
A,CLV20_EUR_HAB,P31_S15,FI,800.0,770.0,790.0,740.0,750.0,
A,CLV20_EUR_HAB,P31_S15,FR,770.0,810.0,860.0,880.0,890.0,
A,CLV20_EUR_HAB,P31_S15,HR,160.0,170.0,180.0,190.0,210.0,
A,CLV20_EUR_HAB,P31_S15,HU,290.0,310.0,360.0,380.0,380.0,
A,CLV20_EUR_HAB,P31_S15,IE,350.0,330.0,340.0,360.0,490.0,
A,CLV20_EUR_HAB,P31_S15,IS,1320.0,1330.0,1330.0,1320.0,1320.0,
A,CLV20_EUR_HAB,P31_S15,IT,140.0,160.0,160.0,170.0,170.0,
A,CLV20_EUR_HAB,P31_S15,LT,40.0,40.0,40.0,40.0,50.0,
A,CLV20_EUR_HAB,P31_S15,LU,2180.0,2550.0,2760.0,2890.0,2920.0,
A,CLV20_EUR_HAB,P31_S15,LV,190.0,210.0,200.0,180.0,180.0,
A,CLV20_EUR_HAB,P31_S15,ME,100.0,100.0,110.0,130.0,130.0,
A,CLV20_EUR_HAB,P31_S15,MK,50.0,60.0,60.0,60.0,70.0,
A,CLV20_EUR_HAB,P31_S15,MT,470.0,510.0,530.0,530.0,580.0,
A,CLV20_EUR_HAB,P31_S15,NL,380.0,400.0,390.0,400.0,400.0,410.0
A,CLV20_EUR_HAB,P31_S15,NO,1480.0,1540.0,1750.0,1750.0,1730.0,
A,CLV20_EUR_HAB,P31_S15,PL,130.0,140.0,150.0,160.0,170.0,
A,CLV20_EUR_HAB,P31_S15,PT,320.0,330.0,350.0,360.0,370.0,
A,CLV20_EUR_HAB,P31_S15,RO,100.0,90.0,90.0,100.0,100.0,
A,CLV20_EUR_HAB,P31_S15,RS,70.0,80.0,80.0,80.0,90.0,
A,CLV20_EUR_HAB,P31_S15,SE,550.0,570.0,560.0,580.0,580.0,
A,CLV20_EUR_HAB,P31_S15,SI,200.0,220.0,270.0,270.0,280.0,
A,CLV20_EUR_HAB,P31_S15,SK,170.0,180.0,200.0,220.0,200.0,
A,CLV20_EUR_HAB,P31_S15,TR,30.0,30.0,30.0,40.0,40.0,
A,CLV20_EUR_HAB,P32_S13,AL,350.0,350.0,360.0,,,
A,CLV20_EUR_HAB,P32_S13,AT,3310.0,3360.0,3330.0,3380.0,3510.0,
A,CLV20_EUR_HAB,P32_S13,BE,3470.0,3540.0,3600.0,3610.0,3650.0,
A,CLV20_EUR_HAB,P32_S13,BG,910.0,880.0,1000.0,1010.0,1040.0,
A,CLV20_EUR_HAB,P32_S13,CH,4550.0,4490.0,4610.0,4530.0,4570.0,
A,CLV20_EUR_HAB,P32_S13,CY,2130.0,2150.0,2240.0,2320.0,2250.0,
A,CLV20_EUR_HAB,P32_S13,CZ,1960.0,1920.0,1880.0,1910.0,1950.0,
A,CLV20_EUR_HAB,P32_S13,DE,3500.0,3570.0,3500.0,3570.0,3630.0,3650.0
A,CLV20_EUR_HAB,P32_S13,DK,3930.0,4000.0,3920.0,3980.0,4080.0,
A,CLV20_EUR_HAB,P32_S13,EA,2870.0,2930.0,2930.0,2980.0,3030.0,
A,CLV20_EUR_HAB,P32_S13,EA12,2910.0,2970.0,2990.0,3050.0,3100.0,
A,CLV20_EUR_HAB,P32_S13,EA19,2870.0,2930.0,2930.0,2990.0,3050.0,
A,CLV20_EUR_HAB,P32_S13,EA20,2850.0,2910.0,2920.0,2980.0,3030.0,
A,CLV20_EUR_HAB,P32_S13,EA21,2820.0,2870.0,2880.0,2940.0,3000.0,
A,CLV20_EUR_HAB,P32_S13,EE,1870.0,1900.0,1830.0,1830.0,1850.0,
A,CLV20_EUR_HAB,P32_S13,EL,1850.0,1880.0,1860.0,1910.0,1870.0,
A,CLV20_EUR_HAB,P32_S13,ES,2070.0,2120.0,2150.0,2230.0,2240.0,
A,CLV20_EUR_HAB,P32_S13,EU27_2020,2590.0,2640.0,2650.0,2710.0,2770.0,
A,CLV20_EUR_HAB,P32_S13,FI,3280.0,3420.0,3380.0,3400.0,3500.0,
A,CLV20_EUR_HAB,P32_S13,FR,3100.0,3190.0,3260.0,3330.0,3370.0,
A,CLV20_EUR_HAB,P32_S13,HR,1530.0,1580.0,1630.0,1760.0,1860.0,
A,CLV20_EUR_HAB,P32_S13,HU,1660.0,1700.0,1710.0,1780.0,1710.0,
A,CLV20_EUR_HAB,P32_S13,IE,3130.0,3320.0,3320.0,3380.0,3530.0,
A,CLV20_EUR_HAB,P32_S13,IS,5560.0,5620.0,5580.0,5570.0,5570.0,
A,CLV20_EUR_HAB,P32_S13,IT,2440.0,2450.0,2480.0,2490.0,2560.0,
A,CLV20_EUR_HAB,P32_S13,LT,1330.0,1360.0,1360.0,1340.0,1360.0,
A,CLV20_EUR_HAB,P32_S13,LU,7300.0,7500.0,7590.0,7740.0,7950.0,
A,CLV20_EUR_HAB,P32_S13,LV,1770.0,1830.0,1950.0,1940.0,1970.0,
A,CLV20_EUR_HAB,P32_S13,ME,770.0,720.0,760.0,760.0,780.0,
A,CLV20_EUR_HAB,P32_S13,MT,2200.0,2240.0,2270.0,2250.0,2370.0,
A,CLV20_EUR_HAB,P32_S13,NL,3860.0,3980.0,4050.0,4230.0,4440.0,4550.0
A,CLV20_EUR_HAB,P32_S13,NO,5260.0,5350.0,5300.0,5480.0,5570.0,
A,CLV20_EUR_HAB,P32_S13,PL,1230.0,1240.0,1250.0,1320.0,1410.0,
A,CLV20_EUR_HAB,P32_S13,PT,1600.0,1570.0,1520.0,1520.0,1480.0,
A,CLV20_EUR_HAB,P32_S13,RO,1190.0,1180.0,1120.0,1170.0,1230.0,
A,CLV20_EUR_HAB,P32_S13,RS,640.0,700.0,690.0,660.0,700.0,
A,CLV20_EUR_HAB,P32_S13,SE,3210.0,3290.0,3350.0,3460.0,3530.0,
A,CLV20_EUR_HAB,P32_S13,SI,1790.0,1880.0,1830.0,1940.0,1980.0,
A,CLV20_EUR_HAB,P32_S13,SK,2040.0,2040.0,1810.0,1740.0,1860.0,
A,CLV20_EUR_HAB,P32_S13,TR,430.0,430.0,460.0,430.0,380.0,
A,CLV20_EUR_HAB,P3_S13,AL,640.0,670.0,690.0,,,
A,CLV20_EUR_HAB,P3_S13,AT,9090.0,9750.0,9640.0,9620.0,9940.0,
A,CLV20_EUR_HAB,P3_S13,BE,9740.0,10110.0,10340.0,10530.0,10650.0,
A,CLV20_EUR_HAB,P3_S13,BG,1820.0,1850.0,2010.0,2030.0,2110.0,
A,CLV20_EUR_HAB,P3_S13,CH,9490.0,9690.0,9560.0,9550.0,9560.0,
A,CLV20_EUR_HAB,P3_S13,CY,4730.0,5070.0,5210.0,5300.0,5300.0,
A,CLV20_EUR_HAB,P3_S13,CZ,4500.0,4560.0,4470.0,4560.0,4700.0,
A,CLV20_EUR_HAB,P3_S13,DE,9360.0,9670.0,9670.0,9560.0,9780.0,9920.0
A,CLV20_EUR_HAB,P3_S13,DK,13260.0,13850.0,13400.0,13340.0,13400.0,
A,CLV20_EUR_HAB,P3_S13,EA,7620.0,7940.0,8000.0,8020.0,8170.0,
A,CLV20_EUR_HAB,P3_S13,EA12,7790.0,8120.0,8190.0,8260.0,8410.0,
A,CLV20_EUR_HAB,P3_S13,EA19,7620.0,7940.0,8000.0,8070.0,8220.0,
A,CLV20_EUR_HAB,P3_S13,EA20,7570.0,7890.0,7950.0,8020.0,8170.0,
A,CLV20_EUR_HAB,P3_S13,EA21,7460.0,7780.0,7850.0,7920.0,8060.0,
A,CLV20_EUR_HAB,P3_S13,EE,4320.0,4480.0,4410.0,4320.0,4370.0,
A,CLV20_EUR_HAB,P3_S13,EL,3570.0,3650.0,3670.0,3790.0,3700.0,
A,CLV20_EUR_HAB,P3_S13,ES,5190.0,5370.0,5370.0,5540.0,5650.0,
A,CLV20_EUR_HAB,P3_S13,EU27_2020,6860.0,7140.0,7180.0,7260.0,7410.0,
A,CLV20_EUR_HAB,P3_S13,FI,10440.0,10870.0,10770.0,11180.0,11310.0,
A,CLV20_EUR_HAB,P3_S13,FR,8690.0,9220.0,9430.0,9540.0,9650.0,
A,CLV20_EUR_HAB,P3_S13,HR,3230.0,3350.0,3440.0,3670.0,3920.0,
A,CLV20_EUR_HAB,P3_S13,HU,3050.0,3130.0,3220.0,3330.0,3280.0,
A,CLV20_EUR_HAB,P3_S13,IE,9540.0,10080.0,10230.0,10680.0,11010.0,
A,CLV20_EUR_HAB,P3_S13,IS,15220.0,15360.0,15270.0,15240.0,15230.0,
A,CLV20_EUR_HAB,P3_S13,IT,5820.0,5990.0,6050.0,6120.0,6180.0,
A,CLV20_EUR_HAB,P3_S13,LT,3290.0,3330.0,3360.0,3310.0,3340.0,
A,CLV20_EUR_HAB,P3_S13,LU,18830.0,19430.0,19780.0,19720.0,20360.0,
A,CLV20_EUR_HAB,P3_S13,LV,3220.0,3370.0,3380.0,3470.0,3490.0,
A,CLV20_EUR_HAB,P3_S13,ME,1570.0,1540.0,1570.0,1610.0,1640.0,
A,CLV20_EUR_HAB,P3_S13,MK,980.0,1000.0,960.0,950.0,950.0,
A,CLV20_EUR_HAB,P3_S13,MT,5490.0,5760.0,5600.0,5590.0,5940.0,
A,CLV20_EUR_HAB,P3_S13,NL,12030.0,12520.0,12560.0,12780.0,13150.0,13430.0
A,CLV20_EUR_HAB,P3_S13,NO,15680.0,16160.0,16310.0,16670.0,16900.0,
A,CLV20_EUR_HAB,P3_S13,PL,2700.0,2840.0,2800.0,2940.0,3200.0,
A,CLV20_EUR_HAB,P3_S13,PT,3660.0,3790.0,3830.0,3850.0,3870.0,
A,CLV20_EUR_HAB,P3_S13,RO,2150.0,2160.0,2140.0,2220.0,2250.0,
A,CLV20_EUR_HAB,P3_S13,RS,1380.0,1450.0,1500.0,1480.0,1540.0,
A,CLV20_EUR_HAB,P3_S13,SE,12290.0,12630.0,12580.0,12620.0,12710.0,
A,CLV20_EUR_HAB,P3_S13,SI,4610.0,4880.0,4850.0,4920.0,5260.0,
A,CLV20_EUR_HAB,P3_S13,SK,3670.0,3820.0,3700.0,3600.0,3750.0,
A,CLV20_EUR_HAB,P3_S13,TR,1100.0,1140.0,1180.0,1210.0,1200.0,
A,CLV20_EUR_HAB,P41,AL,3810.0,4030.0,4310.0,,,
A,CLV20_EUR_HAB,P41,AT,26930.0,28500.0,29340.0,29030.0,29310.0,
A,CLV20_EUR_HAB,P41,BE,26470.0,27800.0,28580.0,28800.0,29200.0,
A,CLV20_EUR_HAB,P41,BG,6390.0,6950.0,7280.0,7380.0,7750.0,
A,CLV20_EUR_HAB,P41,CH,43790.0,44610.0,45920.0,45940.0,46420.0,
A,CLV20_EUR_HAB,P41,CY,17750.0,18550.0,19930.0,20610.0,21100.0,
A,CLV20_EUR_HAB,P41,CZ,12420.0,12940.0,12690.0,12370.0,12680.0,
A,CLV20_EUR_HAB,P41,DE,27160.0,27850.0,29190.0,28650.0,28860.0,29290.0
A,CLV20_EUR_HAB,P41,DK,34400.0,36220.0,35050.0,34100.0,34180.0,
A,CLV20_EUR_HAB,P41,EA,22300.0,23370.0,24300.0,24140.0,24390.0,
A,CLV20_EUR_HAB,P41,EA12,22760.0,23840.0,24790.0,24780.0,25020.0,
A,CLV20_EUR_HAB,P41,EA19,22300.0,23370.0,24300.0,24290.0,24530.0,
A,CLV20_EUR_HAB,P41,EA20,22150.0,23220.0,24160.0,24140.0,24390.0,
A,CLV20_EUR_HAB,P41,EA21,21860.0,22920.0,23850.0,23840.0,24090.0,
A,CLV20_EUR_HAB,P41,EE,13100.0,13990.0,14300.0,13760.0,13730.0,
A,CLV20_EUR_HAB,P41,EL,12840.0,13540.0,14730.0,15130.0,15420.0,
A,CLV20_EUR_HAB,P41,ES,16500.0,17590.0,18110.0,18300.0,18690.0,
A,CLV20_EUR_HAB,P41,EU27_2020,20070.0,21080.0,21830.0,21820.0,22120.0,
A,CLV20_EUR_HAB,P41,FI,28630.0,29560.0,29630.0,29880.0,29700.0,
A,CLV20_EUR_HAB,P41,FR,23950.0,25280.0,25980.0,26100.0,26330.0,
A,CLV20_EUR_HAB,P41,HR,9300.0,10260.0,10930.0,11310.0,12010.0,
A,CLV20_EUR_HAB,P41,HU,8530.0,8970.0,9630.0,9500.0,10000.0,
A,CLV20_EUR_HAB,P41,IE,25240.0,27050.0,28930.0,29870.0,30330.0,
A,CLV20_EUR_HAB,P41,IS,37430.0,39330.0,40750.0,40150.0,39860.0,
A,CLV20_EUR_HAB,P41,IT,19640.0,20840.0,21810.0,21980.0,22080.0,
A,CLV20_EUR_HAB,P41,LT,11980.0,12810.0,12950.0,12750.0,13040.0,
A,CLV20_EUR_HAB,P41,LU,42550.0,45950.0,47670.0,48120.0,49130.0,
A,CLV20_EUR_HAB,P41,LV,9980.0,10830.0,11180.0,11210.0,11290.0,
A,CLV20_EUR_HAB,P41,ME,6200.0,6520.0,7300.0,7800.0,8530.0,
A,CLV20_EUR_HAB,P41,MT,15170.0,16610.0,17300.0,18480.0,19190.0,
A,CLV20_EUR_HAB,P41,NL,28160.0,29310.0,30520.0,30510.0,30770.0,31130.0
A,CLV20_EUR_HAB,P41,NO,36500.0,38070.0,40140.0,39630.0,39900.0,
A,CLV20_EUR_HAB,P41,PL,9580.0,10270.0,10470.0,10550.0,11010.0,
A,CLV20_EUR_HAB,P41,PT,14380.0,15130.0,15850.0,16060.0,16370.0,
A,CLV20_EUR_HAB,P41,RO,7930.0,8500.0,8980.0,9210.0,9650.0,
A,CLV20_EUR_HAB,P41,RS,5330.0,5740.0,6110.0,6170.0,6510.0,
A,CLV20_EUR_HAB,P41,SE,29800.0,31100.0,31360.0,30790.0,30870.0,
A,CLV20_EUR_HAB,P41,SI,13950.0,15350.0,15850.0,15750.0,16490.0,
A,CLV20_EUR_HAB,P41,SK,11560.0,12050.0,12640.0,12290.0,12680.0,
A,CLV20_EUR_HAB,P41,TR,4610.0,5230.0,5910.0,6520.0,6830.0,
A,CLV_I10_HAB,B1GQ,AL,123.963,136.34,144.669,,,
A,CLV_I10_HAB,B1GQ,AT,100.885,105.442,109.82,108.028,106.764,
A,CLV_I10_HAB,B1GQ,BE,101.943,107.874,111.241,112.189,112.717,
A,CLV_I10_HAB,B1GQ,BG,133.749,145.181,152.097,155.098,160.48,
A,CLV_I10_HAB,B1GQ,CH,103.996,109.609,112.525,111.762,112.053,
A,CLV_I10_HAB,B1GQ,CY,103.088,113.132,120.236,122.21,125.018,
A,CLV_I10_HAB,B1GQ,CZ,118.035,122.806,123.266,121.981,123.312,
A,CLV_I10_HAB,B1GQ,DE,109.336,113.792,115.101,113.062,112.192,112.409
A,CLV_I10_HAB,B1GQ,DK,109.253,115.863,115.353,115.239,118.672,
A,CLV_I10_HAB,B1GQ,EA,103.605,110.19,113.619,113.633,114.182,
A,CLV_I10_HAB,B1GQ,EA12,103.004,109.516,112.972,112.719,113.2,
A,CLV_I10_HAB,B1GQ,EA19,103.605,110.19,113.619,113.392,113.921,
A,CLV_I10_HAB,B1GQ,EA20,103.736,110.369,113.835,113.633,114.182,
A,CLV_I10_HAB,B1GQ,EA21,104.115,110.794,114.3,114.125,114.704,
A,CLV_I10_HAB,B1GQ,EE,136.334,147.458,145.461,137.938,136.932,
A,CLV_I10_HAB,B1GQ,EL,81.155,88.661,94.098,96.391,98.559,
A,CLV_I10_HAB,B1GQ,ES,97.325,103.825,109.424,110.803,113.449,
A,CLV_I10_HAB,B1GQ,EU27_2020,106.973,113.845,117.158,117.086,117.973,
A,CLV_I10_HAB,B1GQ,FI,102.584,105.124,105.633,103.887,103.469,
A,CLV_I10_HAB,B1GQ,FR,99.901,106.286,108.76,110.043,111.061,
A,CLV_I10_HAB,B1GQ,HR,113.407,128.867,138.936,144.064,149.126,
A,CLV_I10_HAB,B1GQ,HU,129.918,139.873,146.073,145.074,146.346,
A,CLV_I10_HAB,B1GQ,IE,172.385,198.152,208.615,199.633,201.432,
A,CLV_I10_HAB,B1GQ,IS,107.835,111.727,118.79,121.743,118.067,
A,CLV_I10_HAB,B1GQ,IT,92.299,101.062,106.149,107.238,108.03,
A,CLV_I10_HAB,B1GQ,LT,160.267,170.637,173.407,172.26,176.454,
A,CLV_I10_HAB,B1GQ,LU,98.808,104.009,100.648,98.865,97.657,
A,CLV_I10_HAB,B1GQ,LV,141.851,152.996,155.794,154.712,156.02,
A,CLV_I10_HAB,B1GQ,ME,107.334,121.636,131.357,139.881,144.308,
A,CLV_I10_HAB,B1GQ,MK,125.134,132.354,136.406,140.189,144.66,
A,CLV_I10_HAB,B1GQ,MT,134.325,151.421,151.325,160.874,167.388,
A,CLV_I10_HAB,B1GQ,NL,105.43,111.466,115.936,114.108,114.592,116.107
A,CLV_I10_HAB,B1GQ,NO,103.414,106.88,109.359,108.189,109.427,
A,CLV_I10_HAB,B1GQ,PL,140.929,151.478,156.035,157.043,162.251,
A,CLV_I10_HAB,B1GQ,PT,99.558,104.861,111.531,113.8,114.969,
A,CLV_I10_HAB,B1GQ,RO,141.458,150.576,157.599,161.057,162.611,
A,CLV_I10_HAB,B1GQ,RS,120.389,131.191,138.172,144.244,150.777,
A,CLV_I10_HAB,B1GQ,SE,107.08,112.001,112.207,111.215,111.929,
A,CLV_I10_HAB,B1GQ,SI,111.574,120.682,123.805,126.08,127.881,
A,CLV_I10_HAB,B1GQ,SK,122.535,129.937,130.25,132.994,135.538,
A,CLV_I10_HAB,B1GQ,TR,139.616,154.584,161.532,169.624,175.327,
A,CLV_I10_HAB,B1GQ,UK,,,,,,
A,CLV_I10_HAB,P3,AL,120.957,127.227,135.777,,,
A,CLV_I10_HAB,P3,AT,95.259,100.358,102.936,102.082,103.374,
A,CLV_I10_HAB,P3,BE,99.862,104.542,107.343,108.114,109.575,
A,CLV_I10_HAB,P3,BG,141.067,151.378,159.967,162.153,169.788,
A,CLV_I10_HAB,P3,CH,100.737,102.317,105.289,105.18,106.27,
A,CLV_I10_HAB,P3,CY,98.767,102.841,110.113,113.931,115.968,
A,CLV_I10_HAB,P3,CZ,114.691,118.529,116.239,113.905,116.74,
A,CLV_I10_HAB,P3,DE,108.354,111.045,115.524,113.874,114.828,116.407
A,CLV_I10_HAB,P3,DK,105.973,111.191,107.735,105.258,105.77,
A,CLV_I10_HAB,P3,EA,100.286,104.78,108.537,108.942,110.17,
A,CLV_I10_HAB,P3,EA12,99.759,104.189,107.947,108.138,109.274,
A,CLV_I10_HAB,P3,EA19,100.286,104.78,108.537,108.695,109.889,
A,CLV_I10_HAB,P3,EA20,100.443,104.974,108.758,108.942,110.17,
A,CLV_I10_HAB,P3,EA21,100.855,105.429,109.257,109.462,110.728,
A,CLV_I10_HAB,P3,EE,139.972,148.513,150.761,145.79,145.672,
A,CLV_I10_HAB,P3,EL,86.153,90.347,97.258,99.896,101.379,
A,CLV_I10_HAB,P3,ES,93.765,99.512,102.325,103.647,105.695,
A,CLV_I10_HAB,P3,EU27_2020,103.664,108.517,112.005,112.225,113.852,
A,CLV_I10_HAB,P3,FI,103.109,106.562,106.662,107.519,107.251,
A,CLV_I10_HAB,P3,FR,99.991,105.201,108.065,108.762,109.755,
A,CLV_I10_HAB,P3,HR,116.838,127.764,135.515,141.048,149.57,
A,CLV_I10_HAB,P3,HU,131.312,137.564,146.242,145.48,150.949,
A,CLV_I10_HAB,P3,IE,105.563,113.002,120.01,123.718,125.996,
A,CLV_I10_HAB,P3,IS,109.857,114.848,118.393,116.828,116.085,
A,CLV_I10_HAB,P3,IT,90.572,95.503,99.638,100.371,101.069,
A,CLV_I10_HAB,P3,LT,137.665,146.532,148.019,145.81,148.956,
A,CLV_I10_HAB,P3,LU,99.215,106.378,109.986,111.182,113.622,
A,CLV_I10_HAB,P3,LV,138.111,148.828,154.271,154.602,155.906,
A,CLV_I10_HAB,P3,ME,116.52,121.176,134.807,143.314,155.746,
A,CLV_I10_HAB,P3,MK,120.652,130.685,135.85,137.727,140.504,
A,CLV_I10_HAB,P3,MT,118.827,128.915,133.83,141.741,147.45,
A,CLV_I10_HAB,P3,NL,99.565,103.538,107.502,108.006,109.462,110.908
A,CLV_I10_HAB,P3,NO,103.723,107.851,112.858,112.028,112.947,
A,CLV_I10_HAB,P3,PL,131.255,139.716,142.232,144.064,150.837,
A,CLV_I10_HAB,P3,PT,98.031,102.355,106.528,107.823,109.472,
A,CLV_I10_HAB,P3,RO,147.816,156.829,163.696,168.21,176.246,
A,CLV_I10_HAB,P3,RS,110.411,119.142,125.824,126.431,133.396,
A,CLV_I10_HAB,P3,SE,103.981,108.348,109.353,107.889,108.383,
A,CLV_I10_HAB,P3,SI,104.624,114.585,117.514,117.518,122.753,
A,CLV_I10_HAB,P3,SK,118.655,122.945,125.999,122.445,126.856,
A,CLV_I10_HAB,P3,TR,132.438,148.55,167.783,182.913,189.365,
A,CLV_I10_HAB,P3,UK,,,,,,
A,CLV_I10_HAB,P31_S13,AL,123.166,133.757,137.631,,,
A,CLV_I10_HAB,P31_S13,AT,100.817,111.624,110.137,108.956,112.227,
A,CLV_I10_HAB,P31_S13,BE,102.695,107.479,110.378,113.235,114.688,
A,CLV_I10_HAB,P31_S13,BG,145.597,152.828,160.521,163.419,170.42,
A,CLV_I10_HAB,P31_S13,CH,106.265,111.934,106.498,107.895,107.366,
A,CLV_I10_HAB,P31_S13,CY,133.743,150.37,153.499,153.394,157.156,
A,CLV_I10_HAB,P31_S13,CZ,122.652,127.627,125.086,128.017,132.496,
A,CLV_I10_HAB,P31_S13,DE,123.104,128.11,129.437,125.625,129.019,131.624
A,CLV_I10_HAB,P31_S13,DK,101.432,107.045,103.051,101.722,101.259,
A,CLV_I10_HAB,P31_S13,EA,109.268,115.395,116.632,117.115,119.191,
A,CLV_I10_HAB,P31_S13,EA12,108.977,115.059,116.284,116.565,118.56,
A,CLV_I10_HAB,P31_S13,EA19,109.268,115.395,116.632,116.892,118.927,
A,CLV_I10_HAB,P31_S13,EA20,109.438,115.576,116.827,117.115,119.191,
A,CLV_I10_HAB,P31_S13,EA21,109.835,116.004,117.298,117.609,119.716,
A,CLV_I10_HAB,P31_S13,EE,127.469,134.467,133.843,129.463,130.957,
A,CLV_I10_HAB,P31_S13,EL,85.591,88.682,90.243,93.676,91.048,
A,CLV_I10_HAB,P31_S13,ES,108.034,112.917,111.354,114.867,117.927,
A,CLV_I10_HAB,P31_S13,EU27_2020,110.603,116.805,117.614,118.16,120.494,
A,CLV_I10_HAB,P31_S13,FI,110.237,114.637,113.782,119.856,120.347,
A,CLV_I10_HAB,P31_S13,FR,102.971,111.198,113.781,114.513,115.738,
A,CLV_I10_HAB,P31_S13,HR,127.581,133.09,135.862,142.762,155.078,
A,CLV_I10_HAB,P31_S13,HU,103.608,106.575,112.563,115.679,117.437,
A,CLV_I10_HAB,P31_S13,IE,124.259,130.987,133.978,141.644,145.077,
A,CLV_I10_HAB,P31_S13,IS,102.314,103.257,102.629,102.452,102.387,
A,CLV_I10_HAB,P31_S13,IT,98.946,103.721,104.466,106.193,105.895,
A,CLV_I10_HAB,P31_S13,LT,104.632,105.432,106.901,105.477,106.239,
A,CLV_I10_HAB,P31_S13,LU,114.427,118.364,120.905,118.711,123.011,
A,CLV_I10_HAB,P31_S13,LV,119.696,126.232,119.117,126.126,125.412,
A,CLV_I10_HAB,P31_S13,ME,115.64,117.328,117.666,123.098,124.838,
A,CLV_I10_HAB,P31_S13,MT,177.114,189.823,179.618,180.121,192.66,
A,CLV_I10_HAB,P31_S13,NL,102.434,107.133,106.82,107.367,109.45,111.548
A,CLV_I10_HAB,P31_S13,NO,98.031,101.673,103.542,105.24,106.593,
A,CLV_I10_HAB,P31_S13,PL,135.545,148.609,143.602,149.956,165.494,
A,CLV_I10_HAB,P31_S13,PT,98.861,106.924,110.907,112.222,114.97,
A,CLV_I10_HAB,P31_S13,RO,103.539,105.784,110.07,113.76,109.857,
A,CLV_I10_HAB,P31_S13,RS,115.231,117.083,127.498,127.117,131.599,
A,CLV_I10_HAB,P31_S13,SE,97.455,100.267,99.082,98.359,98.435,
A,CLV_I10_HAB,P31_S13,SI,110.207,117.44,118.09,116.918,128.731,
A,CLV_I10_HAB,P31_S13,SK,118.502,129.697,137.74,135.9,137.28,
A,CLV_I10_HAB,P31_S13,TR,144.476,153.378,154.047,168.011,180.51,
A,CLV_I10_HAB,P31_S13,UK,,,,,,
A,CLV_I10_HAB,P31_S14,AL,116.995,123.335,132.418,,,
A,CLV_I10_HAB,P31_S14,AT,92.604,96.572,100.923,99.605,99.967,
A,CLV_I10_HAB,P31_S14,BE,99.278,104.294,107.154,107.323,108.862,
A,CLV_I10_HAB,P31_S14,BG,138.717,151.668,158.66,160.84,168.97,
A,CLV_I10_HAB,P31_S14,CH,99.52,100.845,105.05,104.852,106.171,
A,CLV_I10_HAB,P31_S14,CY,96.436,99.262,107.842,112.171,114.757,
A,CLV_I10_HAB,P31_S14,CZ,113.776,118.459,116.054,111.607,113.942,
A,CLV_I10_HAB,P31_S14,DE,103.326,105.603,111.87,110.129,110.364,111.89
A,CLV_I10_HAB,P31_S14,DK,109.557,115.417,111.652,107.925,108.548,
A,CLV_I10_HAB,P31_S14,EA,97.278,101.753,106.658,106.71,107.577,
A,CLV_I10_HAB,P31_S14,EA12,96.658,101.05,105.941,105.775,106.544,
A,CLV_I10_HAB,P31_S14,EA19,97.278,101.753,106.658,106.461,107.295,
A,CLV_I10_HAB,P31_S14,EA20,97.428,101.95,106.885,106.71,107.577,
A,CLV_I10_HAB,P31_S14,EA21,97.843,102.421,107.392,107.239,108.148,
A,CLV_I10_HAB,P31_S14,EE,142.469,152.632,157.276,150.972,149.947,
A,CLV_I10_HAB,P31_S14,EL,85.29,90.194,99.303,101.962,104.635,
A,CLV_I10_HAB,P31_S14,ES,90.031,96.546,100.32,100.801,102.782,
A,CLV_I10_HAB,P31_S14,EU27_2020,101.19,106.171,110.826,110.562,111.856,
A,CLV_I10_HAB,P31_S14,FI,102.253,105.573,106.128,105.677,104.586,
A,CLV_I10_HAB,P31_S14,FR,98.416,103.08,105.961,106.332,107.155,
A,CLV_I10_HAB,P31_S14,HR,112.785,126.139,135.529,139.793,147.613,
A,CLV_I10_HAB,P31_S14,HU,131.856,139.382,149.56,145.731,154.973,
A,CLV_I10_HAB,P31_S14,IE,98.716,106.602,115.794,118.57,119.566,
A,CLV_I10_HAB,P31_S14,IS,113.585,121.319,127.811,125.263,124.044,
A,CLV_I10_HAB,P31_S14,IT,88.951,94.57,99.809,100.358,100.934,
A,CLV_I10_HAB,P31_S14,LT,146.178,158.192,159.801,157.319,161.233,
A,CLV_I10_HAB,P31_S14,LU,92.529,100.981,105.034,106.779,108.546,
A,CLV_I10_HAB,P31_S14,LV,135.78,147.843,155.515,154.852,156.46,
A,CLV_I10_HAB,P31_S14,ME,114.637,121.196,137.927,147.612,163.089,
A,CLV_I10_HAB,P31_S14,MK,119.657,131.345,138.999,141.531,144.813,
A,CLV_I10_HAB,P31_S14,MT,105.431,116.168,124.092,134.889,138.942,
A,CLV_I10_HAB,P31_S14,NL,97.123,100.913,107.04,106.734,107.223,108.13
A,CLV_I10_HAB,P31_S14,NO,102.421,107.095,113.998,111.149,111.799,
A,CLV_I10_HAB,P31_S14,PL,130.765,139.66,143.533,143.695,148.298,
A,CLV_I10_HAB,P31_S14,PT,98.354,103.01,108.076,109.462,111.501,
A,CLV_I10_HAB,P31_S14,RO,152.531,165.084,174.976,179.062,189.371,
A,CLV_I10_HAB,P31_S14,RS,109.516,119.0,126.342,127.82,135.168,
A,CLV_I10_HAB,P31_S14,SE,106.59,112.001,114.023,111.231,111.575,
A,CLV_I10_HAB,P31_S14,SI,104.05,115.441,119.505,118.879,122.994,
A,CLV_I10_HAB,P31_S14,SK,120.541,124.622,130.227,126.098,130.811,
A,CLV_I10_HAB,P31_S14,TR,130.86,149.832,172.629,190.573,198.8,
A,CLV_I10_HAB,P31_S14,UK,,,,,,
A,CLV_I10_HAB,P31_S14_S15,AL,117.496,123.981,133.04,,,
A,CLV_I10_HAB,P31_S14_S15,AT,93.703,97.93,102.031,100.929,101.396,
A,CLV_I10_HAB,P31_S14_S15,BE,99.233,104.338,107.307,107.538,109.074,
A,CLV_I10_HAB,P31_S14_S15,BG,139.359,152.399,159.55,161.716,169.849,
A,CLV_I10_HAB,P31_S14_S15,CH,100.05,101.476,105.519,105.407,106.719,
A,CLV_I10_HAB,P31_S14_S15,CY,96.699,99.747,108.199,112.573,115.218,
A,CLV_I10_HAB,P31_S14_S15,CZ,114.445,119.245,116.995,112.72,115.298,
A,CLV_I10_HAB,P31_S14_S15,DE,103.196,105.397,111.554,109.816,110.092,111.565
A,CLV_I10_HAB,P31_S14_S15,DK,109.324,114.977,111.475,107.882,108.414,
A,CLV_I10_HAB,P31_S14_S15,EA,97.414,101.873,106.754,106.855,107.758,
A,CLV_I10_HAB,P31_S14_S15,EA12,96.797,101.171,106.036,105.917,106.724,
A,CLV_I10_HAB,P31_S14_S15,EA19,97.414,101.873,106.754,106.604,107.475,
A,CLV_I10_HAB,P31_S14_S15,EA20,97.566,102.072,106.982,106.855,107.758,
A,CLV_I10_HAB,P31_S14_S15,EA21,97.982,102.543,107.49,107.384,108.329,
A,CLV_I10_HAB,P31_S14_S15,EE,143.928,154.118,158.4,152.375,151.543,
A,CLV_I10_HAB,P31_S14_S15,EL,85.529,90.374,99.306,101.885,104.509,
A,CLV_I10_HAB,P31_S14_S15,ES,90.424,96.844,100.664,101.254,103.291,
A,CLV_I10_HAB,P31_S14_S15,EU27_2020,101.289,106.238,110.882,110.68,112.006,
A,CLV_I10_HAB,P31_S14_S15,FI,101.919,104.977,105.586,104.929,103.924,
A,CLV_I10_HAB,P31_S14_S15,FR,98.517,103.217,106.239,106.685,107.536,
A,CLV_I10_HAB,P31_S14_S15,HR,113.372,126.671,136.054,140.411,148.405,
A,CLV_I10_HAB,P31_S14_S15,HU,133.576,141.136,151.975,148.709,157.545,
A,CLV_I10_HAB,P31_S14_S15,IE,97.91,105.492,114.465,117.309,118.82,
A,CLV_I10_HAB,P31_S14_S15,IS,113.352,120.753,126.869,124.444,123.283,
A,CLV_I10_HAB,P31_S14_S15,IT,88.909,94.578,99.763,100.372,100.975,
A,CLV_I10_HAB,P31_S14_S15,LT,146.194,158.092,159.696,157.28,161.251,
A,CLV_I10_HAB,P31_S14_S15,LU,92.704,101.682,106.054,108.029,109.758,
A,CLV_I10_HAB,P31_S14_S15,LV,135.707,147.887,155.257,154.234,155.752,
A,CLV_I10_HAB,P31_S14_S15,ME,116.462,123.115,140.014,149.982,165.507,
A,CLV_I10_HAB,P31_S14_S15,MK,119.889,131.75,139.413,142.02,145.329,
A,CLV_I10_HAB,P31_S14_S15,MT,106.613,117.385,125.307,135.8,140.159,
A,CLV_I10_HAB,P31_S14_S15,NL,97.613,101.434,107.441,107.167,107.674,108.594
A,CLV_I10_HAB,P31_S14_S15,NO,103.121,107.797,115.2,112.482,113.018,
A,CLV_I10_HAB,P31_S14_S15,PL,130.746,139.577,143.635,143.84,148.568,
A,CLV_I10_HAB,P31_S14_S15,PT,98.471,103.064,108.175,109.64,111.675,
A,CLV_I10_HAB,P31_S14_S15,RO,150.504,162.309,171.921,176.15,186.295,
A,CLV_I10_HAB,P31_S14_S15,RS,109.931,119.533,126.84,128.26,135.665,
A,CLV_I10_HAB,P31_S14_S15,SE,106.217,111.549,113.435,110.849,111.214,
A,CLV_I10_HAB,P31_S14_S15,SI,104.028,115.472,119.923,119.269,123.453,
A,CLV_I10_HAB,P31_S14_S15,SK,120.726,124.884,130.64,126.818,131.235,
A,CLV_I10_HAB,P31_S14_S15,TR,131.221,150.226,172.939,190.991,199.314,
A,CLV_I10_HAB,P31_S14_S15,UK,,,,,,
A,CLV_I10_HAB,P31_S15,AL,177.539,202.509,207.839,,,
A,CLV_I10_HAB,P31_S15,AT,131.816,145.058,140.513,146.858,150.932,
A,CLV_I10_HAB,P31_S15,BE,96.733,105.913,114.01,117.372,118.736,
A,CLV_I10_HAB,P31_S15,BG,232.684,260.879,302.336,300.093,305.589,
A,CLV_I10_HAB,P31_S15,CH,112.87,116.763,116.832,118.82,119.959,
A,CLV_I10_HAB,P31_S15,CY,115.927,135.296,134.255,141.926,148.933,
A,CLV_I10_HAB,P31_S15,CZ,166.595,180.249,189.689,200.15,223.776,
A,CLV_I10_HAB,P31_S15,DE,98.615,98.476,101.274,99.623,100.978,100.747
A,CLV_I10_HAB,P31_S15,DK,101.994,101.565,105.698,106.171,103.965,
A,CLV_I10_HAB,P31_S15,EA,102.818,106.656,110.623,112.64,115.019,
A,CLV_I10_HAB,P31_S15,EA12,102.234,105.959,109.853,111.506,113.863,
A,CLV_I10_HAB,P31_S15,EA19,102.818,106.656,110.623,112.319,114.646,
A,CLV_I10_HAB,P31_S15,EA20,103.056,106.921,110.914,112.64,115.019,
A,CLV_I10_HAB,P31_S15,EA21,103.506,107.415,111.47,113.216,115.615,
A,CLV_I10_HAB,P31_S15,EE,198.759,209.817,199.884,204.404,211.066,
A,CLV_I10_HAB,P31_S15,EL,98.168,99.954,99.709,98.297,98.448,
A,CLV_I10_HAB,P31_S15,ES,113.808,114.445,120.93,127.797,133.28,
A,CLV_I10_HAB,P31_S15,EU27_2020,105.211,108.945,113.175,115.39,118.064,
A,CLV_I10_HAB,P31_S15,FI,94.237,91.06,92.905,87.758,88.683,
A,CLV_I10_HAB,P31_S15,FR,101.053,106.619,112.941,115.166,116.721,
A,CLV_I10_HAB,P31_S15,HR,148.326,158.147,167.145,176.982,195.12,
A,CLV_I10_HAB,P31_S15,HU,191.377,200.097,233.618,251.496,245.339,
A,CLV_I10_HAB,P31_S15,IE,68.434,64.874,65.814,71.31,94.992,
A,CLV_I10_HAB,P31_S15,IS,105.331,106.313,105.62,105.442,105.356,
A,CLV_I10_HAB,P31_S15,IT,84.342,95.552,94.605,102.104,105.768,
A,CLV_I10_HAB,P31_S15,LT,150.528,133.228,133.465,148.734,167.875,
A,CLV_I10_HAB,P31_S15,LU,95.453,111.623,120.73,126.276,127.417,
A,CLV_I10_HAB,P31_S15,LV,132.802,150.105,143.852,126.736,124.159,
A,CLV_I10_HAB,P31_S15,ME,947.652,996.976,1091.106,1227.837,1268.363,
A,CLV_I10_HAB,P31_S15,MK,141.482,169.17,177.828,186.89,192.562,
A,CLV_I10_HAB,P31_S15,MT,148.24,160.305,168.26,168.48,183.454,
A,CLV_I10_HAB,P31_S15,NL,130.102,136.013,133.368,135.379,137.238,139.149
A,CLV_I10_HAB,P31_S15,NO,117.261,121.994,139.028,138.849,137.175,
A,CLV_I10_HAB,P31_S15,PL,129.425,134.356,149.575,152.401,164.526,
A,CLV_I10_HAB,P31_S15,PT,103.084,105.207,112.117,116.662,118.564,
A,CLV_I10_HAB,P31_S15,RO,67.66,55.828,55.757,63.731,67.531,
A,CLV_I10_HAB,P31_S15,RS,143.15,162.588,167.114,163.992,176.034,
A,CLV_I10_HAB,P31_S15,SE,92.982,95.753,93.336,97.246,98.292,
A,CLV_I10_HAB,P31_S15,SI,102.76,117.115,143.119,140.938,148.983,
A,CLV_I10_HAB,P31_S15,SK,137.521,146.826,162.755,179.126,164.091,
A,CLV_I10_HAB,P31_S15,TR,221.569,249.13,248.796,297.76,333.783,
A,CLV_I10_HAB,P31_S15,UK,,,,,,
A,CLV_I10_HAB,P32_S13,AL,165.092,163.441,169.983,,,
A,CLV_I10_HAB,P32_S13,AT,96.785,98.114,97.42,98.788,102.532,
A,CLV_I10_HAB,P32_S13,BE,98.675,100.717,102.368,102.786,103.808,
A,CLV_I10_HAB,P32_S13,BG,148.067,144.107,162.397,163.991,169.034,
A,CLV_I10_HAB,P32_S13,CH,100.598,99.297,101.875,100.234,101.141,
A,CLV_I10_HAB,P32_S13,CY,84.249,85.036,88.289,91.699,88.86,
A,CLV_I10_HAB,P32_S13,CZ,106.269,104.294,102.108,103.844,106.183,
A,CLV_I10_HAB,P32_S13,DE,121.968,124.398,122.052,124.441,126.449,127.111
A,CLV_I10_HAB,P32_S13,DK,95.958,97.789,95.834,97.243,99.781,
A,CLV_I10_HAB,P32_S13,EA,105.532,107.677,108.005,110.331,112.464,
A,CLV_I10_HAB,P32_S13,EA12,105.216,107.365,107.83,109.967,112.019,
A,CLV_I10_HAB,P32_S13,EA19,105.532,107.677,108.005,110.061,112.164,
A,CLV_I10_HAB,P32_S13,EA20,105.711,107.871,108.226,110.331,112.464,
A,CLV_I10_HAB,P32_S13,EA21,106.139,108.287,108.741,110.859,113.018,
A,CLV_I10_HAB,P32_S13,EE,131.012,132.768,128.337,128.262,129.723,
A,CLV_I10_HAB,P32_S13,EL,89.993,91.11,90.582,92.809,90.956,
A,CLV_I10_HAB,P32_S13,ES,97.56,99.775,101.49,105.01,105.74,
A,CLV_I10_HAB,P32_S13,EU27_2020,108.417,110.492,110.746,113.246,115.78,
A,CLV_I10_HAB,P32_S13,FI,97.249,101.366,100.141,100.592,103.636,
A,CLV_I10_HAB,P32_S13,FR,104.168,107.097,109.477,111.71,113.233,
A,CLV_I10_HAB,P32_S13,HR,124.604,128.494,132.835,143.629,151.139,
A,CLV_I10_HAB,P32_S13,HU,148.758,152.438,153.837,159.968,153.663,
A,CLV_I10_HAB,P32_S13,IE,127.37,135.274,135.288,137.703,143.923,
A,CLV_I10_HAB,P32_S13,IS,102.314,103.257,102.629,102.452,102.387,
A,CLV_I10_HAB,P32_S13,IT,91.491,91.581,92.919,93.266,95.937,
A,CLV_I10_HAB,P32_S13,LT,119.43,121.814,122.323,120.417,122.073,
A,CLV_I10_HAB,P32_S13,LU,109.837,112.816,114.22,116.536,119.702,
A,CLV_I10_HAB,P32_S13,LV,166.825,173.146,183.782,183.394,186.081,
A,CLV_I10_HAB,P32_S13,ME,116.843,110.475,115.102,115.92,118.128,
A,CLV_I10_HAB,P32_S13,MT,137.93,140.334,142.117,140.671,148.148,
A,CLV_I10_HAB,P32_S13,NL,103.993,107.245,108.977,113.883,119.504,122.486
A,CLV_I10_HAB,P32_S13,NO,118.985,121.084,119.929,123.854,125.911,
A,CLV_I10_HAB,P32_S13,PL,128.715,129.512,130.493,137.839,147.944,
A,CLV_I10_HAB,P32_S13,PT,93.788,91.601,89.118,89.147,86.623,
A,CLV_I10_HAB,P32_S13,RO,170.136,168.515,160.024,166.974,175.732,
A,CLV_I10_HAB,P32_S13,RS,108.002,117.946,115.946,111.821,118.276,
A,CLV_I10_HAB,P32_S13,SE,107.245,110.053,112.094,115.616,118.223,
A,CLV_I10_HAB,P32_S13,SI,99.575,104.53,101.783,107.391,109.837,
A,CLV_I10_HAB,P32_S13,SK,108.262,108.04,95.955,92.5,98.697,
A,CLV_I10_HAB,P32_S13,TR,126.929,125.067,136.115,126.095,110.069,
A,CLV_I10_HAB,P32_S13,UK,,,,,,
A,CLV_I10_HAB,P3_S13,AL,143.737,148.547,153.721,,,
A,CLV_I10_HAB,P3_S13,AT,99.229,106.487,105.299,105.079,108.527,
A,CLV_I10_HAB,P3_S13,BE,101.187,104.968,107.413,109.373,110.666,
A,CLV_I10_HAB,P3_S13,BG,146.752,148.462,161.348,163.602,169.664,
A,CLV_I10_HAB,P3_S13,CH,103.464,105.697,104.211,104.11,104.289,
A,CLV_I10_HAB,P3_S13,CY,105.707,113.362,116.552,118.439,118.461,
A,CLV_I10_HAB,P3_S13,CZ,114.716,116.419,114.05,116.414,119.876,
A,CLV_I10_HAB,P3_S13,DE,122.656,126.698,126.635,125.228,128.091,129.939
A,CLV_I10_HAB,P3_S13,DK,99.834,104.286,100.921,100.445,100.921,
A,CLV_I10_HAB,P3_S13,EA,107.813,112.408,113.295,114.496,116.595,
A,CLV_I10_HAB,P3_S13,EA12,107.519,112.097,113.031,114.033,116.051,
A,CLV_I10_HAB,P3_S13,EA19,107.813,112.408,113.295,114.258,116.32,
A,CLV_I10_HAB,P3_S13,EA20,107.985,112.591,113.496,114.496,116.595,
A,CLV_I10_HAB,P3_S13,EA21,108.393,113.011,113.981,115.001,117.129,
A,CLV_I10_HAB,P3_S13,EE,129.197,133.967,131.714,129.208,130.69,
A,CLV_I10_HAB,P3_S13,EL,87.821,89.911,90.415,93.237,91.001,
A,CLV_I10_HAB,P3_S13,ES,103.596,107.349,107.175,110.691,112.763,
A,CLV_I10_HAB,P3_S13,EU27_2020,109.76,114.382,114.979,116.287,118.7,
A,CLV_I10_HAB,P3_S13,FI,105.708,110.007,109.024,113.149,114.468,
A,CLV_I10_HAB,P3_S13,FR,103.423,109.773,112.285,113.562,114.895,
A,CLV_I10_HAB,P3_S13,HR,126.135,130.867,134.405,143.202,153.205,
A,CLV_I10_HAB,P3_S13,HU,125.944,129.284,133.295,137.88,135.791,
A,CLV_I10_HAB,P3_S13,IE,125.273,132.38,134.411,140.367,144.712,
A,CLV_I10_HAB,P3_S13,IS,102.314,103.257,102.629,102.452,102.387,
A,CLV_I10_HAB,P3_S13,IT,95.729,98.45,99.458,100.578,101.585,
A,CLV_I10_HAB,P3_S13,LT,110.727,112.125,113.264,111.652,112.744,
A,CLV_I10_HAB,P3_S13,LU,112.631,116.188,118.276,117.915,121.756,
A,CLV_I10_HAB,P3_S13,LV,144.003,150.548,150.959,155.069,155.775,
A,CLV_I10_HAB,P3_S13,ME,116.201,113.965,116.371,119.694,121.65,
A,CLV_I10_HAB,P3_S13,MK,123.538,126.12,121.033,119.974,120.669,
A,CLV_I10_HAB,P3_S13,MT,158.651,166.575,161.945,161.538,171.701,
A,CLV_I10_HAB,P3_S13,NL,102.973,107.214,107.543,109.458,112.643,115.015
A,CLV_I10_HAB,P3_S13,NO,104.492,107.691,108.674,111.041,112.607,
A,CLV_I10_HAB,P3_S13,PL,132.339,139.644,137.448,144.268,157.256,
A,CLV_I10_HAB,P3_S13,PT,96.57,100.004,101.067,101.802,102.168,
A,CLV_I10_HAB,P3_S13,RO,134.863,135.45,134.17,139.383,141.148,
A,CLV_I10_HAB,P3_S13,RS,111.697,117.447,122.015,119.818,125.267,
A,CLV_I10_HAB,P3_S13,SE,99.991,102.806,102.41,102.752,103.451,
A,CLV_I10_HAB,P3_S13,SI,105.863,112.156,111.403,113.096,121.01,
A,CLV_I10_HAB,P3_S13,SK,112.957,117.568,113.812,110.948,115.324,
A,CLV_I10_HAB,P3_S13,TR,137.382,141.738,146.838,150.092,148.942,
A,CLV_I10_HAB,P3_S13,UK,,,,,,
A,CLV_I10_HAB,P41,AL,117.942,124.73,133.413,,,
A,CLV_I10_HAB,P41,AT,95.075,100.63,103.604,102.487,103.493,
A,CLV_I10_HAB,P41,BE,100.022,105.053,108.005,108.822,110.34,
A,CLV_I10_HAB,P41,BG,140.235,152.473,159.704,161.97,169.944,
A,CLV_I10_HAB,P41,CH,100.723,102.603,105.616,105.668,106.777,
A,CLV_I10_HAB,P41,CY,100.704,105.245,113.089,116.96,119.726,
A,CLV_I10_HAB,P41,CZ,116.08,120.916,118.609,115.623,118.538,
A,CLV_I10_HAB,P41,DE,106.838,109.567,114.811,112.692,113.527,115.209
A,CLV_I10_HAB,P41,DK,107.191,112.839,109.193,106.227,106.486,
A,CLV_I10_HAB,P41,EA,99.648,104.428,108.6,108.772,109.892,
A,CLV_I10_HAB,P41,EA12,99.1,103.805,107.96,107.916,108.944,
A,CLV_I10_HAB,P41,EA19,99.648,104.428,108.6,108.528,109.614,
A,CLV_I10_HAB,P41,EA20,99.802,104.622,108.821,108.772,109.892,
A,CLV_I10_HAB,P41,EA21,100.211,105.081,109.319,109.291,110.451,
A,CLV_I10_HAB,P41,EE,141.266,150.848,154.131,148.409,148.051,
A,CLV_I10_HAB,P41,EL,85.597,90.211,98.152,100.845,102.779,
A,CLV_I10_HAB,P41,ES,93.284,99.453,102.396,103.458,105.657,
A,CLV_I10_HAB,P41,EU27_2020,103.075,108.269,112.154,112.095,113.611,
A,CLV_I10_HAB,P41,FI,103.833,107.205,107.469,108.375,107.727,
A,CLV_I10_HAB,P41,FR,99.479,104.971,107.895,108.402,109.333,
A,CLV_I10_HAB,P41,HR,115.669,127.67,135.958,140.711,149.384,
A,CLV_I10_HAB,P41,HU,128.383,135.066,144.976,142.97,150.483,
A,CLV_I10_HAB,P41,IE,103.39,110.784,118.494,122.331,124.226,
A,CLV_I10_HAB,P41,IS,111.074,116.719,120.941,119.151,118.298,
A,CLV_I10_HAB,P41,IT,90.437,95.962,100.444,101.224,101.694,
A,CLV_I10_HAB,P41,LT,139.686,149.373,150.979,148.736,152.065,
A,CLV_I10_HAB,P41,LU,97.622,105.424,109.371,110.392,112.717,
A,CLV_I10_HAB,P41,LV,133.64,144.949,149.658,150.077,151.199,
A,CLV_I10_HAB,P41,ME,116.395,122.406,137.133,146.505,160.149,
A,CLV_I10_HAB,P41,MT,116.497,127.529,132.834,141.904,147.398,
A,CLV_I10_HAB,P41,NL,98.963,103.03,107.277,107.228,108.168,109.421
A,CLV_I10_HAB,P41,NO,101.815,106.193,111.962,110.538,111.315,
A,CLV_I10_HAB,P41,PL,131.505,140.967,143.683,144.794,151.126,
A,CLV_I10_HAB,P41,PT,98.527,103.612,108.563,110.006,112.143,
A,CLV_I10_HAB,P41,RO,145.318,155.722,164.607,168.815,176.774,
A,CLV_I10_HAB,P41,RS,110.688,119.267,127.002,128.188,135.215,
A,CLV_I10_HAB,P41,SE,103.642,108.171,109.068,107.071,107.343,
A,CLV_I10_HAB,P41,SI,105.208,115.841,119.547,118.799,124.404,
A,CLV_I10_HAB,P41,SK,120.426,125.593,131.675,128.121,132.126,
A,CLV_I10_HAB,P41,TR,133.137,150.809,170.619,188.161,197.096,
A,CLV_I10_HAB,P41,UK,,,,,,
A,CLV_I15_HAB,B1GQ,AL,111.45,122.578,130.066,,,
A,CLV_I15_HAB,B1GQ,AT,98.741,103.201,107.486,105.731,104.494,
A,CLV_I15_HAB,B1GQ,BE,99.694,105.494,108.786,109.713,110.23,
A,CLV_I15_HAB,B1GQ,BG,116.116,126.041,132.045,134.65,139.323,
A,CLV_I15_HAB,B1GQ,CH,101.224,106.688,109.526,108.784,109.066,
A,CLV_I15_HAB,B1GQ,CY,116.49,127.839,135.867,138.097,141.27,
A,CLV_I15_HAB,B1GQ,CZ,108.858,113.258,113.682,112.497,113.724,
A,CLV_I15_HAB,B1GQ,DE,101.904,106.057,107.277,105.377,104.565,104.768
A,CLV_I15_HAB,B1GQ,DK,105.362,111.737,111.245,111.135,114.445,
A,CLV_I15_HAB,B1GQ,EA,100.439,106.823,110.147,110.124,110.656,
A,CLV_I15_HAB,B1GQ,EA12,100.143,106.474,109.835,109.589,110.056,
A,CLV_I15_HAB,B1GQ,EA19,100.439,106.823,110.147,109.927,110.439,
A,CLV_I15_HAB,B1GQ,EA20,100.532,106.96,110.319,110.124,110.656,
A,CLV_I15_HAB,B1GQ,EA21,100.71,107.171,110.562,110.392,110.953,
A,CLV_I15_HAB,B1GQ,EE,112.427,121.6,119.953,113.75,112.919,
A,CLV_I15_HAB,B1GQ,EL,97.254,106.249,112.765,115.512,118.111,
A,CLV_I15_HAB,B1GQ,ES,96.466,102.909,108.458,109.825,112.448,
A,CLV_I15_HAB,B1GQ,EU27_2020,102.362,108.937,112.107,112.038,112.887,
A,CLV_I15_HAB,B1GQ,FI,105.003,107.603,108.123,106.337,105.909,
A,CLV_I15_HAB,B1GQ,FR,96.914,103.108,105.509,106.754,107.741,
A,CLV_I15_HAB,B1GQ,HR,110.389,125.437,135.238,140.229,145.157,
A,CLV_I15_HAB,B1GQ,HU,114.718,123.508,128.983,128.101,129.224,
A,CLV_I15_HAB,B1GQ,IE,125.925,144.747,152.39,145.829,147.144,
A,CLV_I15_HAB,B1GQ,IS,98.953,102.525,109.006,111.716,108.343,
A,CLV_I15_HAB,B1GQ,IT,96.181,105.313,110.614,111.749,112.574,
A,CLV_I15_HAB,B1GQ,LT,122.242,130.151,132.264,131.389,134.588,
A,CLV_I15_HAB,B1GQ,LU,99.671,104.917,101.527,99.729,98.51,
A,CLV_I15_HAB,B1GQ,LV,111.814,120.599,122.805,121.952,122.983,
A,CLV_I15_HAB,B1GQ,ME,98.925,112.106,121.065,128.921,133.001,
A,CLV_I15_HAB,B1GQ,MK,108.957,115.244,118.772,122.067,125.959,
A,CLV_I15_HAB,B1GQ,MT,109.209,123.109,123.031,130.794,136.09,
A,CLV_I15_HAB,B1GQ,NL,102.821,108.707,113.067,111.284,111.756,113.233
A,CLV_I15_HAB,B1GQ,NO,100.674,104.048,106.461,105.322,106.527,
A,CLV_I15_HAB,B1GQ,PL,120.517,129.538,133.436,134.298,138.751,
A,CLV_I15_HAB,B1GQ,PT,102.294,107.743,114.596,116.928,118.129,
A,CLV_I15_HAB,B1GQ,RO,120.757,128.541,134.535,137.487,138.814,
A,CLV_I15_HAB,B1GQ,RS,117.708,128.269,135.095,141.031,147.419,
A,CLV_I15_HAB,B1GQ,SE,100.853,105.488,105.682,104.748,105.42,
A,CLV_I15_HAB,B1GQ,SI,110.184,119.179,122.263,124.509,126.288,
A,CLV_I15_HAB,B1GQ,SK,107.977,114.5,114.775,117.193,119.435,
A,CLV_I15_HAB,B1GQ,TR,109.658,121.414,126.871,133.227,137.706,
A,CLV_I15_HAB,B1GQ,UK,,,,,,
A,CLV_I15_HAB,P3,AL,109.295,114.959,122.686,,,
A,CLV_I15_HAB,P3,AT,95.88,101.013,103.607,102.748,104.048,
A,CLV_I15_HAB,P3,BE,98.163,102.763,105.516,106.274,107.71,
A,CLV_I15_HAB,P3,BG,124.07,133.138,140.692,142.615,149.329,
A,CLV_I15_HAB,P3,CH,97.616,99.148,102.028,101.921,102.978,
A,CLV_I15_HAB,P3,CY,111.943,116.561,124.803,129.13,131.439,
A,CLV_I15_HAB,P3,CZ,110.32,114.012,111.809,109.564,112.29,
A,CLV_I15_HAB,P3,DE,103.006,105.564,109.821,108.253,109.16,110.661
A,CLV_I15_HAB,P3,DK,104.333,109.471,106.069,103.63,104.134,
A,CLV_I15_HAB,P3,EA,99.76,104.231,107.968,108.334,109.555,
A,CLV_I15_HAB,P3,EA12,99.457,103.873,107.621,107.811,108.943,
A,CLV_I15_HAB,P3,EA19,99.76,104.231,107.968,108.125,109.314,
A,CLV_I15_HAB,P3,EA20,99.883,104.389,108.151,108.334,109.555,
A,CLV_I15_HAB,P3,EA21,100.098,104.638,108.437,108.641,109.897,
A,CLV_I15_HAB,P3,EE,113.552,120.481,122.305,118.272,118.176,
A,CLV_I15_HAB,P3,EL,102.394,107.378,115.592,118.727,120.489,
A,CLV_I15_HAB,P3,ES,97.287,103.25,106.168,107.541,109.665,
A,CLV_I15_HAB,P3,EU27_2020,101.861,106.63,110.057,110.274,111.872,
A,CLV_I15_HAB,P3,FI,101.192,104.581,104.679,105.52,105.257,
A,CLV_I15_HAB,P3,FR,97.713,102.804,105.603,106.283,107.254,
A,CLV_I15_HAB,P3,HR,116.307,127.183,134.899,140.406,148.89,
A,CLV_I15_HAB,P3,HU,120.712,126.458,134.436,133.736,138.763,
A,CLV_I15_HAB,P3,IE,105.516,112.952,119.957,123.663,125.94,
A,CLV_I15_HAB,P3,IS,105.863,110.673,114.088,112.581,111.864,
A,CLV_I15_HAB,P3,IT,95.26,100.447,104.796,105.567,106.301,
A,CLV_I15_HAB,P3,LT,111.542,118.726,119.931,118.141,120.69,
A,CLV_I15_HAB,P3,LU,99.063,106.215,109.818,111.012,113.447,
A,CLV_I15_HAB,P3,LV,113.021,121.791,126.246,126.516,127.583,
A,CLV_I15_HAB,P3,ME,112.1,116.579,129.693,137.877,149.838,
A,CLV_I15_HAB,P3,MK,112.324,121.664,126.472,128.22,130.806,
A,CLV_I15_HAB,P3,MT,106.577,115.625,120.033,127.128,132.249,
A,CLV_I15_HAB,P3,NL,100.644,104.661,108.667,109.177,110.648,112.11
A,CLV_I15_HAB,P3,NO,97.964,101.864,106.593,105.809,106.677,
A,CLV_I15_HAB,P3,PL,119.3,126.991,129.278,130.942,137.098,
A,CLV_I15_HAB,P3,PT,103.291,107.848,112.245,113.609,115.347,
A,CLV_I15_HAB,P3,RO,130.66,138.627,144.698,148.687,155.79,
A,CLV_I15_HAB,P3,RS,112.501,121.396,128.204,128.823,135.92,
A,CLV_I15_HAB,P3,SE,98.299,102.427,103.377,101.993,102.46,
A,CLV_I15_HAB,P3,SI,108.027,118.313,121.337,121.34,126.746,
A,CLV_I15_HAB,P3,SK,114.296,118.428,121.37,117.947,122.195,
A,CLV_I15_HAB,P3,TR,110.415,123.848,139.884,152.498,157.877,
A,CLV_I15_HAB,P3,UK,,,,,,
A,CLV_I15_HAB,P31_S13,AL,115.199,125.105,128.728,,,
A,CLV_I15_HAB,P31_S13,AT,100.102,110.831,109.355,108.183,111.43,
A,CLV_I15_HAB,P31_S13,BE,100.597,105.283,108.122,110.921,112.345,
A,CLV_I15_HAB,P31_S13,BG,134.255,140.923,148.016,150.688,157.144,
A,CLV_I15_HAB,P31_S13,CH,102.98,108.473,103.205,104.559,104.046,
A,CLV_I15_HAB,P31_S13,CY,141.256,158.817,162.12,162.01,165.983,
A,CLV_I15_HAB,P31_S13,CZ,118.653,123.466,121.008,123.843,128.176,
A,CLV_I15_HAB,P31_S13,DE,113.136,117.736,118.955,115.452,118.572,120.966
A,CLV_I15_HAB,P31_S13,DK,95.831,101.135,97.362,96.106,95.669,
A,CLV_I15_HAB,P31_S13,EA,106.459,112.429,113.634,114.053,116.075,
A,CLV_I15_HAB,P31_S13,EA12,106.319,112.253,113.448,113.722,115.669,
A,CLV_I15_HAB,P31_S13,EA19,106.459,112.429,113.634,113.887,115.87,
A,CLV_I15_HAB,P31_S13,EA20,106.577,112.554,113.773,114.053,116.075,
A,CLV_I15_HAB,P31_S13,EA21,106.782,112.78,114.037,114.34,116.388,
A,CLV_I15_HAB,P31_S13,EE,114.352,120.63,120.07,116.14,117.481,
A,CLV_I15_HAB,P31_S13,EL,111.887,115.927,117.969,122.455,119.02,
A,CLV_I15_HAB,P31_S13,ES,113.396,118.522,116.881,120.568,123.779,
A,CLV_I15_HAB,P31_S13,EU27_2020,107.017,113.018,113.801,114.329,116.588,
A,CLV_I15_HAB,P31_S13,FI,107.836,112.14,111.304,117.246,117.726,
A,CLV_I15_HAB,P31_S13,FR,96.981,104.729,107.162,107.851,109.005,
A,CLV_I15_HAB,P31_S13,HR,122.129,127.403,130.056,136.661,148.45,
A,CLV_I15_HAB,P31_S13,HU,98.981,101.816,107.536,110.513,112.193,
A,CLV_I15_HAB,P31_S13,IE,125.926,132.744,135.775,143.544,147.023,
A,CLV_I15_HAB,P31_S13,IS,107.326,108.316,107.657,107.471,107.403,
A,CLV_I15_HAB,P31_S13,IT,103.122,108.098,108.875,110.675,110.364,
A,CLV_I15_HAB,P31_S13,LT,99.212,99.97,101.363,100.013,100.735,
A,CLV_I15_HAB,P31_S13,LU,111.852,115.701,118.184,116.039,120.243,
A,CLV_I15_HAB,P31_S13,LV,100.906,106.416,100.418,106.326,105.724,
A,CLV_I15_HAB,P31_S13,ME,101.154,102.63,102.926,107.678,109.2,
A,CLV_I15_HAB,P31_S13,MT,135.091,144.785,137.002,137.386,146.949,
A,CLV_I15_HAB,P31_S13,NL,104.557,109.353,109.033,109.592,111.718,113.86
A,CLV_I15_HAB,P31_S13,NO,97.807,101.44,103.305,104.999,106.348,
A,CLV_I15_HAB,P31_S13,PL,123.615,135.529,130.963,136.758,150.928,
A,CLV_I15_HAB,P31_S13,PT,107.415,116.175,120.503,121.931,124.917,
A,CLV_I15_HAB,P31_S13,RO,112.426,114.863,119.517,123.524,119.286,
A,CLV_I15_HAB,P31_S13,RS,121.467,123.419,134.397,133.995,138.72,
A,CLV_I15_HAB,P31_S13,SE,96.394,99.174,98.003,97.287,97.363,
A,CLV_I15_HAB,P31_S13,SI,113.117,120.541,121.208,120.005,132.13,
A,CLV_I15_HAB,P31_S13,SK,112.925,123.593,131.257,129.504,130.819,
A,CLV_I15_HAB,P31_S13,TR,132.056,140.192,140.803,153.567,164.991,
A,CLV_I15_HAB,P31_S13,UK,,,,,,
A,CLV_I15_HAB,P31_S14,AL,106.102,111.851,120.089,,,
A,CLV_I15_HAB,P31_S14,AT,93.71,97.725,102.128,100.794,101.161,
A,CLV_I15_HAB,P31_S14,BE,96.661,101.545,104.329,104.494,105.992,
A,CLV_I15_HAB,P31_S14,BG,121.56,132.908,139.035,140.946,148.07,
A,CLV_I15_HAB,P31_S14,CH,95.835,97.111,101.161,100.97,102.24,
A,CLV_I15_HAB,P31_S14,CY,108.771,111.958,121.636,126.519,129.435,
A,CLV_I15_HAB,P31_S14,CZ,107.59,112.018,109.744,105.539,107.747,
A,CLV_I15_HAB,P31_S14,DE,98.705,100.879,106.866,105.203,105.427,106.885
A,CLV_I15_HAB,P31_S14,DK,108.007,113.784,110.073,106.398,107.013,
A,CLV_I15_HAB,P31_S14,EA,97.115,101.582,106.479,106.506,107.371,
A,CLV_I15_HAB,P31_S14,EA12,96.731,101.127,106.021,105.856,106.625,
A,CLV_I15_HAB,P31_S14,EA19,97.115,101.582,106.479,106.282,107.115,
A,CLV_I15_HAB,P31_S14,EA20,97.241,101.755,106.68,106.506,107.371,
A,CLV_I15_HAB,P31_S14,EA21,97.462,102.022,106.973,106.821,107.726,
A,CLV_I15_HAB,P31_S14,EE,113.297,121.38,125.072,120.059,119.244,
A,CLV_I15_HAB,P31_S14,EL,102.567,108.465,119.419,122.616,125.831,
A,CLV_I15_HAB,P31_S14,ES,93.632,100.409,104.334,104.833,106.893,
A,CLV_I15_HAB,P31_S14,EU27_2020,99.602,104.505,109.087,108.827,110.1,
A,CLV_I15_HAB,P31_S14,FI,99.354,102.579,103.119,102.68,101.62,
A,CLV_I15_HAB,P31_S14,FR,97.337,101.95,104.799,105.167,105.98,
A,CLV_I15_HAB,P31_S14,HR,115.077,128.702,138.283,142.634,150.612,
A,CLV_I15_HAB,P31_S14,HU,122.91,129.925,139.413,135.844,144.459,
A,CLV_I15_HAB,P31_S14,IE,98.16,106.001,115.141,117.901,118.892,
A,CLV_I15_HAB,P31_S14,IS,104.715,111.845,117.83,115.481,114.357,
A,CLV_I15_HAB,P31_S14,IT,92.91,98.779,104.252,104.824,105.426,
A,CLV_I15_HAB,P31_S14,LT,114.324,123.719,124.978,123.037,126.098,
A,CLV_I15_HAB,P31_S14,LU,93.154,101.663,105.744,107.501,109.28,
A,CLV_I15_HAB,P31_S14,LV,109.674,119.418,125.614,125.079,126.378,
A,CLV_I15_HAB,P31_S14,ME,113.388,119.876,136.424,146.004,161.313,
A,CLV_I15_HAB,P31_S14,MK,113.068,124.113,131.345,133.738,136.839,
A,CLV_I15_HAB,P31_S14,MT,97.812,107.773,115.125,125.142,128.902,
A,CLV_I15_HAB,P31_S14,NL,97.504,101.309,107.46,107.152,107.643,108.554
A,CLV_I15_HAB,P31_S14,NO,95.832,100.206,106.665,103.998,104.607,
A,CLV_I15_HAB,P31_S14,PL,117.377,125.362,128.838,128.983,133.115,
A,CLV_I15_HAB,P31_S14,PT,103.495,108.394,113.724,115.183,117.329,
A,CLV_I15_HAB,P31_S14,RO,132.439,143.339,151.928,155.476,164.427,
A,CLV_I15_HAB,P31_S14,RS,111.665,121.336,128.822,130.328,137.82,
A,CLV_I15_HAB,P31_S14,SE,98.726,103.738,105.61,103.025,103.343,
A,CLV_I15_HAB,P31_S14,SI,107.141,118.87,123.055,122.41,126.647,
A,CLV_I15_HAB,P31_S14,SK,117.949,121.942,127.426,123.386,127.998,
A,CLV_I15_HAB,P31_S14,TR,107.274,122.826,141.515,156.225,162.968,
A,CLV_I15_HAB,P31_S14,UK,,,,,,
A,CLV_I15_HAB,P31_S14_S15,AL,106.285,112.151,120.345,,,
A,CLV_I15_HAB,P31_S14_S15,AT,94.207,98.457,102.579,101.472,101.941,
A,CLV_I15_HAB,P31_S14_S15,BE,96.791,101.771,104.666,104.892,106.39,
A,CLV_I15_HAB,P31_S14_S15,BG,121.777,133.172,139.421,141.313,148.42,
A,CLV_I15_HAB,P31_S14_S15,CH,96.291,97.664,101.554,101.447,102.709,
A,CLV_I15_HAB,P31_S14_S15,CY,108.824,112.254,121.766,126.689,129.666,
A,CLV_I15_HAB,P31_S14_S15,CZ,108.133,112.669,110.544,106.504,108.94,
A,CLV_I15_HAB,P31_S14_S15,DE,98.823,100.931,106.827,105.163,105.427,106.838
A,CLV_I15_HAB,P31_S14_S15,DK,107.797,113.37,109.917,106.374,106.899,
A,CLV_I15_HAB,P31_S14_S15,EA,97.185,101.634,106.503,106.577,107.478,
A,CLV_I15_HAB,P31_S14_S15,EA12,96.809,101.185,106.05,105.931,106.738,
A,CLV_I15_HAB,P31_S14_S15,EA19,97.185,101.634,106.503,106.353,107.222,
A,CLV_I15_HAB,P31_S14_S15,EA20,97.312,101.806,106.704,106.577,107.478,
A,CLV_I15_HAB,P31_S14_S15,EA21,97.533,102.073,106.997,106.891,107.832,
A,CLV_I15_HAB,P31_S14_S15,EE,113.995,122.065,125.456,120.685,120.026,
A,CLV_I15_HAB,P31_S14_S15,EL,102.464,108.268,118.968,122.058,125.202,
A,CLV_I15_HAB,P31_S14_S15,ES,93.793,100.453,104.416,105.028,107.141,
A,CLV_I15_HAB,P31_S14_S15,EU27_2020,99.68,104.55,109.121,108.921,110.226,
A,CLV_I15_HAB,P31_S14_S15,FI,99.427,102.41,103.004,102.363,101.383,
A,CLV_I15_HAB,P31_S14_S15,FR,97.28,101.921,104.904,105.345,106.185,
A,CLV_I15_HAB,P31_S14_S15,HR,115.313,128.84,138.384,142.815,150.946,
A,CLV_I15_HAB,P31_S14_S15,HU,124.012,131.031,141.094,138.062,146.265,
A,CLV_I15_HAB,P31_S14_S15,IE,97.908,105.49,114.463,117.307,118.817,
A,CLV_I15_HAB,P31_S14_S15,IS,104.886,111.734,117.394,115.149,114.075,
A,CLV_I15_HAB,P31_S14_S15,IT,92.875,98.797,104.214,104.849,105.479,
A,CLV_I15_HAB,P31_S14_S15,LT,114.262,123.561,124.815,122.926,126.03,
A,CLV_I15_HAB,P31_S14_S15,LU,93.377,102.42,106.825,108.814,110.556,
A,CLV_I15_HAB,P31_S14_S15,LV,109.502,119.331,125.277,124.452,125.677,
A,CLV_I15_HAB,P31_S14_S15,ME,113.868,120.373,136.895,146.642,161.82,
A,CLV_I15_HAB,P31_S14_S15,MK,113.155,124.349,131.582,134.042,137.165,
A,CLV_I15_HAB,P31_S14_S15,MT,98.771,108.751,116.09,125.811,129.85,
A,CLV_I15_HAB,P31_S14_S15,NL,97.707,101.531,107.545,107.27,107.777,108.699
A,CLV_I15_HAB,P31_S14_S15,NO,95.86,100.206,107.088,104.561,105.06,
A,CLV_I15_HAB,P31_S14_S15,PL,117.834,125.793,129.451,129.635,133.897,
A,CLV_I15_HAB,P31_S14_S15,PT,103.044,107.85,113.199,114.731,116.861,
A,CLV_I15_HAB,P31_S14_S15,RO,132.122,142.485,150.922,154.635,163.541,
A,CLV_I15_HAB,P31_S14_S15,RS,111.763,121.525,128.953,130.398,137.926,
A,CLV_I15_HAB,P31_S14_S15,SE,98.723,103.679,105.432,103.029,103.368,
A,CLV_I15_HAB,P31_S14_S15,SI,107.194,118.986,123.572,122.899,127.21,
A,CLV_I15_HAB,P31_S14_S15,SK,117.2,121.236,126.825,123.114,127.402,
A,CLV_I15_HAB,P31_S14_S15,TR,107.438,122.999,141.595,156.376,163.19,
A,CLV_I15_HAB,P31_S14_S15,UK,,,,,,
A,CLV_I15_HAB,P31_S15,AL,117.921,134.505,138.045,,,
A,CLV_I15_HAB,P31_S15,AT,108.355,119.24,115.504,120.72,124.069,
A,CLV_I15_HAB,P31_S15,BE,103.355,113.164,121.816,125.408,126.865,
A,CLV_I15_HAB,P31_S15,BG,144.47,161.976,187.716,186.323,189.736,
A,CLV_I15_HAB,P31_S15,CH,107.27,110.969,111.035,112.924,114.007,
A,CLV_I15_HAB,P31_S15,CY,112.177,130.92,129.912,137.335,144.116,
A,CLV_I15_HAB,P31_S15,CZ,147.965,160.093,168.476,177.768,198.751,
A,CLV_I15_HAB,P31_S15,DE,102.749,102.605,105.519,103.799,105.211,104.971
A,CLV_I15_HAB,P31_S15,DK,101.289,100.863,104.967,105.437,103.246,
A,CLV_I15_HAB,P31_S15,EA,99.891,103.62,107.474,109.343,111.652,
A,CLV_I15_HAB,P31_S15,EA12,99.781,103.417,107.217,108.831,111.131,
A,CLV_I15_HAB,P31_S15,EA19,99.891,103.62,107.474,109.122,111.383,
A,CLV_I15_HAB,P31_S15,EA20,100.039,103.792,107.668,109.343,111.652,
A,CLV_I15_HAB,P31_S15,EA21,100.242,104.028,107.955,109.646,111.969,
A,CLV_I15_HAB,P31_S15,EE,137.092,144.719,137.868,140.985,145.58,
A,CLV_I15_HAB,P31_S15,EL,97.853,99.634,99.389,97.982,98.132,
A,CLV_I15_HAB,P31_S15,ES,102.76,103.335,109.19,115.391,120.341,
A,CLV_I15_HAB,P31_S15,EU27_2020,102.711,106.355,110.485,112.647,115.258,
A,CLV_I15_HAB,P31_S15,FI,101.24,97.827,99.81,94.28,95.274,
A,CLV_I15_HAB,P31_S15,FR,95.935,101.219,107.22,109.333,110.809,
A,CLV_I15_HAB,P31_S15,HR,127.133,135.552,143.264,151.696,167.242,
A,CLV_I15_HAB,P31_S15,HU,155.881,162.983,190.287,204.849,199.834,
A,CLV_I15_HAB,P31_S15,IE,86.178,81.695,82.878,89.799,119.621,
A,CLV_I15_HAB,P31_S15,IS,107.654,108.657,107.949,107.767,107.679,
A,CLV_I15_HAB,P31_S15,IT,89.038,100.871,99.872,107.788,111.656,
A,CLV_I15_HAB,P31_S15,LT,99.345,87.928,88.084,98.161,110.793,
A,CLV_I15_HAB,P31_S15,LU,97.022,113.458,122.714,128.352,129.511,
A,CLV_I15_HAB,P31_S15,LV,101.998,115.287,110.484,97.338,95.359,
A,CLV_I15_HAB,P31_S15,ME,147.699,155.386,170.057,191.368,197.684,
A,CLV_I15_HAB,P31_S15,MK,120.683,144.301,151.686,159.416,164.254,
A,CLV_I15_HAB,P31_S15,MT,130.608,141.238,148.247,148.441,161.633,
A,CLV_I15_HAB,P31_S15,NL,109.157,114.116,111.896,113.584,115.144,116.747
A,CLV_I15_HAB,P31_S15,NO,96.272,100.158,114.143,113.996,112.621,
A,CLV_I15_HAB,P31_S15,PL,154.347,160.228,178.377,181.747,196.207,
A,CLV_I15_HAB,P31_S15,PT,88.505,90.327,96.26,100.162,101.795,
A,CLV_I15_HAB,P31_S15,RO,112.471,92.803,92.684,105.94,112.256,
A,CLV_I15_HAB,P31_S15,RS,118.198,134.248,137.985,135.407,145.35,
A,CLV_I15_HAB,P31_S15,SE,98.554,101.491,98.929,103.073,104.182,
A,CLV_I15_HAB,P31_S15,SI,110.223,125.621,153.513,151.174,159.803,
A,CLV_I15_HAB,P31_S15,SK,84.234,89.933,99.69,109.718,100.508,
A,CLV_I15_HAB,P31_S15,TR,138.98,156.268,156.059,186.772,209.367,
A,CLV_I15_HAB,P31_S15,UK,,,,,,
A,CLV_I15_HAB,P32_S13,AL,142.655,141.229,146.882,,,
A,CLV_I15_HAB,P32_S13,AT,100.265,101.642,100.924,102.34,106.219,
A,CLV_I15_HAB,P32_S13,BE,102.23,104.346,106.056,106.489,107.548,
A,CLV_I15_HAB,P32_S13,BG,130.359,126.873,142.976,144.379,148.819,
A,CLV_I15_HAB,P32_S13,CH,103.977,102.632,105.297,103.602,104.538,
A,CLV_I15_HAB,P32_S13,CY,107.213,108.214,112.353,116.693,113.08,
A,CLV_I15_HAB,P32_S13,CZ,111.486,109.414,107.12,108.942,111.396,
A,CLV_I15_HAB,P32_S13,DE,115.997,118.309,116.077,118.349,120.259,120.889
A,CLV_I15_HAB,P32_S13,DK,103.25,105.22,103.116,104.633,107.363,
A,CLV_I15_HAB,P32_S13,EA,106.391,108.553,108.884,111.137,113.286,
A,CLV_I15_HAB,P32_S13,EA12,106.295,108.466,108.935,111.095,113.167,
A,CLV_I15_HAB,P32_S13,EA19,106.391,108.553,108.884,110.957,113.076,
A,CLV_I15_HAB,P32_S13,EA20,106.483,108.659,109.017,111.137,113.286,
A,CLV_I15_HAB,P32_S13,EA21,106.702,108.862,109.318,111.448,113.618,
A,CLV_I15_HAB,P32_S13,EE,109.485,110.953,107.25,107.187,108.408,
A,CLV_I15_HAB,P32_S13,EL,94.138,95.306,94.755,97.084,95.146,
A,CLV_I15_HAB,P32_S13,ES,100.256,102.533,104.295,107.913,108.663,
A,CLV_I15_HAB,P32_S13,EU27_2020,108.056,110.125,110.378,112.869,115.395,
A,CLV_I15_HAB,P32_S13,FI,99.814,104.04,102.783,103.246,106.371,
A,CLV_I15_HAB,P32_S13,FR,101.766,104.628,106.953,109.134,110.622,
A,CLV_I15_HAB,P32_S13,HR,114.972,118.56,122.566,132.525,139.455,
A,CLV_I15_HAB,P32_S13,HU,125.737,128.847,130.029,135.212,129.883,
A,CLV_I15_HAB,P32_S13,IE,123.307,130.959,130.972,133.31,139.332,
A,CLV_I15_HAB,P32_S13,IS,107.326,108.316,107.657,107.471,107.403,
A,CLV_I15_HAB,P32_S13,IT,102.309,102.41,103.905,104.294,107.28,
A,CLV_I15_HAB,P32_S13,LT,105.621,107.73,108.181,106.495,107.959,
A,CLV_I15_HAB,P32_S13,LU,108.022,110.952,112.333,114.611,117.724,
A,CLV_I15_HAB,P32_S13,LV,145.841,151.368,160.666,160.326,162.676,
A,CLV_I15_HAB,P32_S13,ME,109.137,103.189,107.511,108.274,110.337,
A,CLV_I15_HAB,P32_S13,MT,120.939,123.046,124.61,123.342,129.898,
A,CLV_I15_HAB,P32_S13,NL,108.869,112.273,114.086,119.222,125.107,128.228
A,CLV_I15_HAB,P32_S13,NO,110.331,112.277,111.206,114.846,116.753,
A,CLV_I15_HAB,P32_S13,PL,123.856,124.623,125.567,132.636,142.359,
A,CLV_I15_HAB,P32_S13,PT,100.221,97.885,95.231,95.262,92.564,
A,CLV_I15_HAB,P32_S13,RO,130.652,129.407,122.886,128.223,134.949,
A,CLV_I15_HAB,P32_S13,RS,108.232,118.197,116.193,112.06,118.528,
A,CLV_I15_HAB,P32_S13,SE,100.857,103.497,105.417,108.729,111.181,
A,CLV_I15_HAB,P32_S13,SI,105.285,110.525,107.619,113.55,116.136,
A,CLV_I15_HAB,P32_S13,SK,100.908,100.701,89.437,86.217,91.992,
A,CLV_I15_HAB,P32_S13,TR,111.093,109.463,119.133,110.363,96.336,
A,CLV_I15_HAB,P32_S13,UK,,,,,,
A,CLV_I15_HAB,P3_S13,AL,129.007,133.325,137.969,,,
A,CLV_I15_HAB,P3_S13,AT,100.164,107.491,106.291,106.069,109.55,
A,CLV_I15_HAB,P3_S13,BE,101.167,104.948,107.392,109.352,110.644,
A,CLV_I15_HAB,P3_S13,BG,132.275,133.815,145.43,147.462,152.925,
A,CLV_I15_HAB,P3_S13,CH,103.454,105.687,104.202,104.101,104.28,
A,CLV_I15_HAB,P3_S13,CY,123.548,132.495,136.223,138.428,138.454,
A,CLV_I15_HAB,P3_S13,CZ,115.382,117.095,114.712,117.09,120.572,
A,CLV_I15_HAB,P3_S13,DE,114.192,117.954,117.896,116.586,119.252,120.972
A,CLV_I15_HAB,P3_S13,DK,97.994,102.365,99.061,98.594,99.062,
A,CLV_I15_HAB,P3_S13,EA,106.434,110.97,111.846,112.966,115.037,
A,CLV_I15_HAB,P3_S13,EA12,106.31,110.837,111.76,112.751,114.747,
A,CLV_I15_HAB,P3_S13,EA19,106.434,110.97,111.846,112.796,114.832,
A,CLV_I15_HAB,P3_S13,EA20,106.542,111.086,111.98,112.966,115.037,
A,CLV_I15_HAB,P3_S13,EA21,106.753,111.302,112.256,113.261,115.356,
A,CLV_I15_HAB,P3_S13,EE,112.125,116.265,114.31,112.135,113.422,
A,CLV_I15_HAB,P3_S13,EL,101.914,104.34,104.924,108.199,105.605,
A,CLV_I15_HAB,P3_S13,ES,107.761,111.664,111.483,115.14,117.296,
A,CLV_I15_HAB,P3_S13,EU27_2020,107.416,111.94,112.524,113.804,116.166,
A,CLV_I15_HAB,P3_S13,FI,105.146,109.422,108.445,112.548,113.86,
A,CLV_I15_HAB,P3_S13,FR,98.703,104.764,107.161,108.38,109.652,
A,CLV_I15_HAB,P3_S13,HR,118.618,123.068,126.395,134.667,144.074,
A,CLV_I15_HAB,P3_S13,HU,112.744,115.734,119.325,123.429,121.559,
A,CLV_I15_HAB,P3_S13,IE,125.057,132.152,134.179,140.124,144.462,
A,CLV_I15_HAB,P3_S13,IS,107.326,108.316,107.657,107.471,107.403,
A,CLV_I15_HAB,P3_S13,IT,102.784,105.706,106.788,107.991,109.071,
A,CLV_I15_HAB,P3_S13,LT,101.857,103.144,104.191,102.709,103.713,
A,CLV_I15_HAB,P3_S13,LU,110.347,113.833,115.878,115.524,119.288,
A,CLV_I15_HAB,P3_S13,LV,123.812,129.44,129.793,133.327,133.934,
A,CLV_I15_HAB,P3_S13,ME,105.202,103.179,105.357,108.365,110.136,
A,CLV_I15_HAB,P3_S13,MK,108.859,111.135,106.652,105.719,106.331,
A,CLV_I15_HAB,P3_S13,MT,128.926,135.365,131.602,131.272,139.531,
A,CLV_I15_HAB,P3_S13,NL,105.936,110.298,110.637,112.607,115.883,118.324
A,CLV_I15_HAB,P3_S13,NO,101.799,104.915,105.873,108.179,109.705,
A,CLV_I15_HAB,P3_S13,PL,123.725,130.555,128.501,134.878,147.02,
A,CLV_I15_HAB,P3_S13,PT,104.136,107.84,108.986,109.778,110.173,
A,CLV_I15_HAB,P3_S13,RO,122.633,123.167,122.002,126.743,128.348,
A,CLV_I15_HAB,P3_S13,RS,114.923,120.839,125.539,123.279,128.885,
A,CLV_I15_HAB,P3_S13,SE,97.544,100.29,99.903,100.237,100.919,
A,CLV_I15_HAB,P3_S13,SI,109.928,116.463,115.681,117.439,125.657,
A,CLV_I15_HAB,P3_S13,SK,106.354,110.695,107.159,104.463,108.582,
A,CLV_I15_HAB,P3_S13,TR,123.721,127.644,132.237,135.168,134.131,
A,CLV_I15_HAB,P3_S13,UK,,,,,,
A,CLV_I15_HAB,P41,AL,106.925,113.079,120.951,,,
A,CLV_I15_HAB,P41,AT,95.36,100.932,103.915,102.795,103.803,
A,CLV_I15_HAB,P41,BE,97.655,102.567,105.449,106.247,107.729,
A,CLV_I15_HAB,P41,BG,123.296,134.056,140.414,142.406,149.416,
A,CLV_I15_HAB,P41,CH,97.0,98.811,101.712,101.762,102.83,
A,CLV_I15_HAB,P41,CY,112.46,117.531,126.291,130.613,133.702,
A,CLV_I15_HAB,P41,CZ,110.125,114.713,112.524,109.691,112.457,
A,CLV_I15_HAB,P41,DE,101.548,104.141,109.127,107.112,107.905,109.505
A,CLV_I15_HAB,P41,DK,104.442,109.945,106.393,103.503,103.755,
A,CLV_I15_HAB,P41,EA,98.97,103.717,107.861,108.0,109.113,
A,CLV_I15_HAB,P41,EA12,98.647,103.329,107.466,107.422,108.445,
A,CLV_I15_HAB,P41,EA19,98.97,103.717,107.861,107.788,108.867,
A,CLV_I15_HAB,P41,EA20,99.094,103.879,108.049,108.0,109.113,
A,CLV_I15_HAB,P41,EA21,99.308,104.134,108.334,108.306,109.455,
A,CLV_I15_HAB,P41,EE,114.132,121.873,124.525,119.902,119.613,
A,CLV_I15_HAB,P41,EL,103.633,109.219,118.834,122.094,124.435,
A,CLV_I15_HAB,P41,ES,96.924,103.334,106.392,107.495,109.781,
A,CLV_I15_HAB,P41,EU27_2020,101.111,106.207,110.017,109.959,111.447,
A,CLV_I15_HAB,P41,FI,101.35,104.641,104.899,105.784,105.151,
A,CLV_I15_HAB,P41,FR,97.215,102.582,105.439,105.935,106.844,
A,CLV_I15_HAB,P41,HR,116.502,128.59,136.938,141.725,150.46,
A,CLV_I15_HAB,P41,HU,119.716,125.947,135.189,133.317,140.324,
A,CLV_I15_HAB,P41,IE,103.679,111.094,118.825,122.672,124.573,
A,CLV_I15_HAB,P41,IS,105.653,111.022,115.039,113.335,112.524,
A,CLV_I15_HAB,P41,IT,94.448,100.218,104.899,105.714,106.204,
A,CLV_I15_HAB,P41,LT,112.131,119.907,121.197,119.396,122.068,
A,CLV_I15_HAB,P41,LU,97.696,105.504,109.453,110.475,112.802,
A,CLV_I15_HAB,P41,LV,108.376,117.546,121.365,121.705,122.615,
A,CLV_I15_HAB,P41,ME,112.423,118.229,132.453,141.505,154.684,
A,CLV_I15_HAB,P41,MT,104.781,114.704,119.475,127.633,132.575,
A,CLV_I15_HAB,P41,NL,99.587,103.679,107.953,107.904,108.849,110.11
A,CLV_I15_HAB,P41,NO,96.399,100.544,106.006,104.658,105.394,
A,CLV_I15_HAB,P41,PL,118.713,127.254,129.706,130.709,136.425,
A,CLV_I15_HAB,P41,PT,103.645,108.995,114.203,115.721,117.968,
A,CLV_I15_HAB,P41,RO,130.366,139.699,147.67,151.445,158.585,
A,CLV_I15_HAB,P41,RS,113.002,121.761,129.657,130.869,138.042,
A,CLV_I15_HAB,P41,SE,98.028,102.311,103.16,101.271,101.529,
A,CLV_I15_HAB,P41,SI,108.322,119.27,123.086,122.316,128.086,
A,CLV_I15_HAB,P41,SK,116.613,121.616,127.506,124.065,127.943,
A,CLV_I15_HAB,P41,TR,110.705,125.4,141.872,156.458,163.888,
A,CLV_I15_HAB,P41,UK,,,,,,
A,CLV_I20_HAB,B1GQ,AL,100.0,109.984,116.703,,,
A,CLV_I20_HAB,B1GQ,AT,100.0,104.517,108.856,107.08,105.827,
A,CLV_I20_HAB,B1GQ,BE,100.0,105.818,109.12,110.05,110.568,
A,CLV_I20_HAB,B1GQ,BG,100.0,108.547,113.718,115.962,119.986,
A,CLV_I20_HAB,B1GQ,CH,100.0,105.397,108.202,107.468,107.747,
A,CLV_I20_HAB,B1GQ,CY,100.0,109.743,116.634,118.549,121.273,
A,CLV_I20_HAB,B1GQ,CZ,100.0,104.042,104.432,103.343,104.47,
A,CLV_I20_HAB,B1GQ,DE,100.0,104.076,105.273,103.408,102.612,102.811
A,CLV_I20_HAB,B1GQ,DK,100.0,106.051,105.584,105.48,108.622,
A,CLV_I20_HAB,B1GQ,EA,100.0,106.356,109.666,109.54,110.07,
A,CLV_I20_HAB,B1GQ,EA12,100.0,106.322,109.678,109.432,109.899,
A,CLV_I20_HAB,B1GQ,EA19,100.0,106.356,109.666,109.447,109.957,
A,CLV_I20_HAB,B1GQ,EA20,100.0,106.394,109.735,109.54,110.07,
A,CLV_I20_HAB,B1GQ,EA21,100.0,106.415,109.782,109.614,110.171,
A,CLV_I20_HAB,B1GQ,EE,100.0,108.159,106.694,101.177,100.438,
A,CLV_I20_HAB,B1GQ,EL,100.0,109.249,115.948,118.774,121.446,
A,CLV_I20_HAB,B1GQ,ES,100.0,106.679,112.431,113.849,116.567,
A,CLV_I20_HAB,B1GQ,EU27_2020,100.0,106.424,109.521,109.454,110.282,
A,CLV_I20_HAB,B1GQ,FI,100.0,102.476,102.972,101.27,100.863,
A,CLV_I20_HAB,B1GQ,FR,100.0,106.391,108.868,110.153,111.171,
A,CLV_I20_HAB,B1GQ,HR,100.0,113.632,122.511,127.032,131.496,
A,CLV_I20_HAB,B1GQ,HU,100.0,107.663,112.435,111.666,112.645,
A,CLV_I20_HAB,B1GQ,IE,100.0,114.947,121.017,115.806,116.85,
A,CLV_I20_HAB,B1GQ,IS,100.0,103.61,110.159,112.897,109.489,
A,CLV_I20_HAB,B1GQ,IT,100.0,109.494,115.006,116.186,117.044,
A,CLV_I20_HAB,B1GQ,LT,100.0,106.47,108.199,107.483,110.1,
A,CLV_I20_HAB,B1GQ,LU,100.0,105.263,101.862,100.058,98.834,
A,CLV_I20_HAB,B1GQ,LV,100.0,107.857,109.829,109.066,109.988,
A,CLV_I20_HAB,B1GQ,ME,100.0,113.324,122.381,130.323,134.447,
A,CLV_I20_HAB,B1GQ,MK,100.0,105.77,109.008,112.032,115.604,
A,CLV_I20_HAB,B1GQ,MT,100.0,112.727,112.656,119.764,124.614,
A,CLV_I20_HAB,B1GQ,NL,100.0,105.725,109.965,108.232,108.69,110.127
A,CLV_I20_HAB,B1GQ,NO,100.0,103.351,105.748,104.617,105.814,
A,CLV_I20_HAB,B1GQ,PL,100.0,107.486,110.719,111.435,115.13,
A,CLV_I20_HAB,B1GQ,PT,100.0,105.327,112.027,114.306,115.48,
A,CLV_I20_HAB,B1GQ,RO,100.0,106.446,111.41,113.855,114.954,
A,CLV_I20_HAB,B1GQ,RS,100.0,108.973,114.771,119.815,125.242,
A,CLV_I20_HAB,B1GQ,SE,100.0,104.596,104.789,103.862,104.529,
A,CLV_I20_HAB,B1GQ,SI,100.0,108.163,110.962,113.001,114.616,
A,CLV_I20_HAB,B1GQ,SK,100.0,106.041,106.296,108.536,110.612,
A,CLV_I20_HAB,B1GQ,TR,100.0,110.721,115.697,121.493,125.578,
A,CLV_I20_HAB,P3,AL,100.0,105.183,112.252,,,
A,CLV_I20_HAB,P3,AT,100.0,105.354,108.06,107.163,108.519,
A,CLV_I20_HAB,P3,BE,100.0,104.687,107.491,108.263,109.726,
A,CLV_I20_HAB,P3,BG,100.0,107.309,113.397,114.947,120.359,
A,CLV_I20_HAB,P3,CH,100.0,101.569,104.519,104.411,105.493,
A,CLV_I20_HAB,P3,CY,100.0,104.125,111.488,115.353,117.415,
A,CLV_I20_HAB,P3,CZ,100.0,103.347,101.35,99.315,101.786,
A,CLV_I20_HAB,P3,DE,100.0,102.483,106.617,105.094,105.975,107.432
A,CLV_I20_HAB,P3,DK,100.0,104.925,101.663,99.326,99.809,
A,CLV_I20_HAB,P3,EA,100.0,104.482,108.228,108.461,109.684,
A,CLV_I20_HAB,P3,EA12,100.0,104.44,108.208,108.399,109.538,
A,CLV_I20_HAB,P3,EA19,100.0,104.482,108.228,108.385,109.576,
A,CLV_I20_HAB,P3,EA20,100.0,104.511,108.278,108.461,109.684,
A,CLV_I20_HAB,P3,EA21,100.0,104.536,108.331,108.535,109.79,
A,CLV_I20_HAB,P3,EE,100.0,106.102,107.709,104.157,104.073,
A,CLV_I20_HAB,P3,EL,100.0,104.867,112.89,115.951,117.672,
A,CLV_I20_HAB,P3,ES,100.0,106.129,109.129,110.54,112.723,
A,CLV_I20_HAB,P3,EU27_2020,100.0,104.682,108.046,108.259,109.828,
A,CLV_I20_HAB,P3,FI,100.0,103.349,103.447,104.277,104.018,
A,CLV_I20_HAB,P3,FR,100.0,105.211,108.075,108.771,109.764,
A,CLV_I20_HAB,P3,HR,100.0,109.351,115.985,120.721,128.015,
A,CLV_I20_HAB,P3,HU,100.0,104.761,111.37,110.789,114.954,
A,CLV_I20_HAB,P3,IE,100.0,107.048,113.686,117.199,119.357,
A,CLV_I20_HAB,P3,IS,100.0,104.544,107.77,106.346,105.669,
A,CLV_I20_HAB,P3,IT,100.0,105.444,110.01,110.82,111.59,
A,CLV_I20_HAB,P3,LT,100.0,106.441,107.521,105.917,108.202,
A,CLV_I20_HAB,P3,LU,100.0,107.219,110.856,112.062,114.52,
A,CLV_I20_HAB,P3,LV,100.0,107.76,111.701,111.94,112.884,
A,CLV_I20_HAB,P3,ME,100.0,103.995,115.694,122.995,133.664,
A,CLV_I20_HAB,P3,MK,100.0,108.315,112.596,114.152,116.454,
A,CLV_I20_HAB,P3,MT,100.0,108.49,112.626,119.283,124.088,
A,CLV_I20_HAB,P3,NL,100.0,103.991,107.972,108.478,109.94,111.393
A,CLV_I20_HAB,P3,NO,100.0,103.981,108.808,108.007,108.894,
A,CLV_I20_HAB,P3,PL,100.0,106.446,108.364,109.759,114.919,
A,CLV_I20_HAB,P3,PT,100.0,104.411,108.668,109.989,111.671,
A,CLV_I20_HAB,P3,RO,100.0,106.098,110.744,113.797,119.233,
A,CLV_I20_HAB,P3,RS,100.0,107.907,113.959,114.509,120.818,
A,CLV_I20_HAB,P3,SE,100.0,104.2,105.166,103.758,104.233,
A,CLV_I20_HAB,P3,SI,100.0,109.521,112.321,112.324,117.328,
A,CLV_I20_HAB,P3,SK,100.0,103.616,106.189,103.195,106.911,
A,CLV_I20_HAB,P3,TR,100.0,112.166,126.689,138.113,142.984,
A,CLV_I20_HAB,P31_S13,AL,100.0,108.599,111.744,,,
A,CLV_I20_HAB,P31_S13,AT,100.0,110.719,109.244,108.073,111.317,
A,CLV_I20_HAB,P31_S13,BE,100.0,104.658,107.481,110.263,111.679,
A,CLV_I20_HAB,P31_S13,BG,100.0,104.966,110.25,112.24,117.049,
A,CLV_I20_HAB,P31_S13,CH,100.0,105.334,100.219,101.534,101.035,
A,CLV_I20_HAB,P31_S13,CY,100.0,112.432,114.771,114.692,117.505,
A,CLV_I20_HAB,P31_S13,CZ,100.0,104.057,101.985,104.374,108.026,
A,CLV_I20_HAB,P31_S13,DE,100.0,104.066,105.144,102.047,104.805,106.921
A,CLV_I20_HAB,P31_S13,DK,100.0,105.534,101.597,100.286,99.83,
A,CLV_I20_HAB,P31_S13,EA,100.0,105.607,106.739,107.015,108.912,
A,CLV_I20_HAB,P31_S13,EA12,100.0,105.582,106.706,106.963,108.794,
A,CLV_I20_HAB,P31_S13,EA19,100.0,105.607,106.739,106.977,108.84,
A,CLV_I20_HAB,P31_S13,EA20,100.0,105.609,106.752,107.015,108.912,
A,CLV_I20_HAB,P31_S13,EA21,100.0,105.617,106.795,107.078,108.996,
A,CLV_I20_HAB,P31_S13,EE,100.0,105.49,105.001,101.564,102.736,
A,CLV_I20_HAB,P31_S13,EL,100.0,103.611,105.435,109.446,106.375,
A,CLV_I20_HAB,P31_S13,ES,100.0,104.52,103.073,106.324,109.157,
A,CLV_I20_HAB,P31_S13,EU27_2020,100.0,105.608,106.339,106.833,108.943,
A,CLV_I20_HAB,P31_S13,FI,100.0,103.992,103.216,108.726,109.172,
A,CLV_I20_HAB,P31_S13,FR,100.0,107.989,110.498,111.209,112.398,
A,CLV_I20_HAB,P31_S13,HR,100.0,104.318,106.491,111.899,121.552,
A,CLV_I20_HAB,P31_S13,HU,100.0,102.864,108.643,111.651,113.348,
A,CLV_I20_HAB,P31_S13,IE,100.0,105.414,107.821,113.99,116.753,
A,CLV_I20_HAB,P31_S13,IS,100.0,100.922,100.308,100.135,100.071,
A,CLV_I20_HAB,P31_S13,IT,100.0,104.826,105.58,107.325,107.024,
A,CLV_I20_HAB,P31_S13,LT,100.0,100.764,102.168,100.807,101.536,
A,CLV_I20_HAB,P31_S13,LU,100.0,103.441,105.661,103.744,107.502,
A,CLV_I20_HAB,P31_S13,LV,100.0,105.461,99.517,105.372,104.775,
A,CLV_I20_HAB,P31_S13,ME,100.0,101.46,101.752,106.449,107.955,
A,CLV_I20_HAB,P31_S13,MT,100.0,107.176,101.414,101.698,108.778,
A,CLV_I20_HAB,P31_S13,NL,100.0,104.587,104.281,104.815,106.849,108.897
A,CLV_I20_HAB,P31_S13,NO,100.0,103.715,105.622,107.354,108.733,
A,CLV_I20_HAB,P31_S13,PL,100.0,109.638,105.944,110.631,122.095,
A,CLV_I20_HAB,P31_S13,PT,100.0,108.156,112.185,113.514,116.294,
A,CLV_I20_HAB,P31_S13,RO,100.0,102.168,106.307,109.871,106.102,
A,CLV_I20_HAB,P31_S13,RS,100.0,101.607,110.645,110.315,114.204,
A,CLV_I20_HAB,P31_S13,SE,100.0,102.885,101.67,100.927,101.005,
A,CLV_I20_HAB,P31_S13,SI,100.0,106.563,107.153,106.09,116.809,
A,CLV_I20_HAB,P31_S13,SK,100.0,109.447,116.234,114.681,115.846,
A,CLV_I20_HAB,P31_S13,TR,100.0,106.161,106.624,116.29,124.941,
A,CLV_I20_HAB,P31_S14,AL,100.0,105.419,113.183,,,
A,CLV_I20_HAB,P31_S14,AT,100.0,104.285,108.984,107.56,107.951,
A,CLV_I20_HAB,P31_S14,BE,100.0,105.053,107.933,108.103,109.653,
A,CLV_I20_HAB,P31_S14,BG,100.0,109.336,114.376,115.948,121.809,
A,CLV_I20_HAB,P31_S14,CH,100.0,101.331,105.557,105.357,106.683,
A,CLV_I20_HAB,P31_S14,CY,100.0,102.93,111.828,116.317,118.998,
A,CLV_I20_HAB,P31_S14,CZ,100.0,104.116,102.003,98.093,100.146,
A,CLV_I20_HAB,P31_S14,DE,100.0,102.203,108.269,106.583,106.811,108.287
A,CLV_I20_HAB,P31_S14,DK,100.0,105.349,101.913,98.51,99.079,
A,CLV_I20_HAB,P31_S14,EA,100.0,104.6,109.643,109.528,110.417,
A,CLV_I20_HAB,P31_S14,EA12,100.0,104.544,109.604,109.433,110.228,
A,CLV_I20_HAB,P31_S14,EA19,100.0,104.6,109.643,109.44,110.298,
A,CLV_I20_HAB,P31_S14,EA20,100.0,104.642,109.707,109.528,110.417,
A,CLV_I20_HAB,P31_S14,EA21,100.0,104.679,109.759,109.602,110.531,
A,CLV_I20_HAB,P31_S14,EE,100.0,107.134,110.393,105.968,105.248,
A,CLV_I20_HAB,P31_S14,EL,100.0,105.75,116.43,119.547,122.681,
A,CLV_I20_HAB,P31_S14,ES,100.0,107.237,111.429,111.963,114.163,
A,CLV_I20_HAB,P31_S14,EU27_2020,100.0,104.922,109.522,109.262,110.54,
A,CLV_I20_HAB,P31_S14,FI,100.0,103.247,103.79,103.349,102.281,
A,CLV_I20_HAB,P31_S14,FR,100.0,104.738,107.666,108.043,108.879,
A,CLV_I20_HAB,P31_S14,HR,100.0,111.84,120.165,123.946,130.879,
A,CLV_I20_HAB,P31_S14,HU,100.0,105.707,113.427,110.523,117.532,
A,CLV_I20_HAB,P31_S14,IE,100.0,107.988,117.3,120.112,121.121,
A,CLV_I20_HAB,P31_S14,IS,100.0,106.809,112.525,110.281,109.208,
A,CLV_I20_HAB,P31_S14,IT,100.0,106.317,112.207,112.824,113.472,
A,CLV_I20_HAB,P31_S14,LT,100.0,108.219,109.32,107.621,110.299,
A,CLV_I20_HAB,P31_S14,LU,100.0,109.135,113.515,115.401,117.311,
A,CLV_I20_HAB,P31_S14,LV,100.0,108.884,114.534,114.046,115.23,
A,CLV_I20_HAB,P31_S14,ME,100.0,105.722,120.316,128.765,142.266,
A,CLV_I20_HAB,P31_S14,MK,100.0,109.768,116.164,118.281,121.024,
A,CLV_I20_HAB,P31_S14,MT,100.0,110.184,117.7,127.941,131.786,
A,CLV_I20_HAB,P31_S14,NL,100.0,103.902,110.211,109.895,110.398,111.332
A,CLV_I20_HAB,P31_S14,NO,100.0,104.564,111.304,108.521,109.156,
A,CLV_I20_HAB,P31_S14,PL,100.0,106.803,109.765,109.888,113.408,
A,CLV_I20_HAB,P31_S14,PT,100.0,104.734,109.884,111.293,113.366,
A,CLV_I20_HAB,P31_S14,RO,100.0,108.23,114.715,117.394,124.152,
A,CLV_I20_HAB,P31_S14,RS,100.0,108.66,115.364,116.713,123.423,
A,CLV_I20_HAB,P31_S14,SE,100.0,105.076,106.973,104.354,104.677,
A,CLV_I20_HAB,P31_S14,SI,100.0,110.947,114.853,114.251,118.206,
A,CLV_I20_HAB,P31_S14,SK,100.0,103.386,108.035,104.61,108.52,
A,CLV_I20_HAB,P31_S14,TR,100.0,114.498,131.919,145.631,151.918,
A,CLV_I20_HAB,P31_S14_S15,AL,100.0,105.52,113.229,,,
A,CLV_I20_HAB,P31_S14_S15,AT,100.0,104.511,108.887,107.711,108.21,
A,CLV_I20_HAB,P31_S14_S15,BE,100.0,105.145,108.137,108.37,109.917,
A,CLV_I20_HAB,P31_S14_S15,BG,100.0,109.357,114.488,116.042,121.878,
A,CLV_I20_HAB,P31_S14_S15,CH,100.0,101.425,105.466,105.354,106.665,
A,CLV_I20_HAB,P31_S14_S15,CY,100.0,103.153,111.893,116.417,119.152,
A,CLV_I20_HAB,P31_S14_S15,CZ,100.0,104.194,102.229,98.493,100.746,
A,CLV_I20_HAB,P31_S14_S15,DE,100.0,102.133,108.1,106.416,106.683,108.11
A,CLV_I20_HAB,P31_S14_S15,DK,100.0,105.17,101.967,98.681,99.167,
A,CLV_I20_HAB,P31_S14_S15,EA,100.0,104.577,109.588,109.52,110.446,
A,CLV_I20_HAB,P31_S14_S15,EA12,100.0,104.519,109.545,109.422,110.256,
A,CLV_I20_HAB,P31_S14_S15,EA19,100.0,104.577,109.588,109.434,110.327,
A,CLV_I20_HAB,P31_S14_S15,EA20,100.0,104.618,109.651,109.52,110.446,
A,CLV_I20_HAB,P31_S14_S15,EA21,100.0,104.655,109.704,109.595,110.56,
A,CLV_I20_HAB,P31_S14_S15,EE,100.0,107.08,110.054,105.868,105.29,
A,CLV_I20_HAB,P31_S14_S15,EL,100.0,105.665,116.108,119.124,122.191,
A,CLV_I20_HAB,P31_S14_S15,ES,100.0,107.101,111.325,111.978,114.231,
A,CLV_I20_HAB,P31_S14_S15,EU27_2020,100.0,104.886,109.471,109.271,110.58,
A,CLV_I20_HAB,P31_S14_S15,FI,100.0,103.0,103.597,102.953,101.967,
A,CLV_I20_HAB,P31_S14_S15,FR,100.0,104.771,107.838,108.29,109.154,
A,CLV_I20_HAB,P31_S14_S15,HR,100.0,111.731,120.007,123.85,130.902,
A,CLV_I20_HAB,P31_S14_S15,HU,100.0,105.66,113.774,111.33,117.944,
A,CLV_I20_HAB,P31_S14_S15,IE,100.0,107.743,116.908,119.813,121.356,
A,CLV_I20_HAB,P31_S14_S15,IS,100.0,106.529,111.925,109.785,108.761,
A,CLV_I20_HAB,P31_S14_S15,IT,100.0,106.376,112.209,112.893,113.571,
A,CLV_I20_HAB,P31_S14_S15,LT,100.0,108.138,109.235,107.583,110.299,
A,CLV_I20_HAB,P31_S14_S15,LU,100.0,109.685,114.401,116.531,118.397,
A,CLV_I20_HAB,P31_S14_S15,LV,100.0,108.976,114.406,113.652,114.771,
A,CLV_I20_HAB,P31_S14_S15,ME,100.0,105.713,120.222,128.782,142.112,
A,CLV_I20_HAB,P31_S14_S15,MK,100.0,109.893,116.285,118.46,121.219,
A,CLV_I20_HAB,P31_S14_S15,MT,100.0,110.104,117.534,127.376,131.465,
A,CLV_I20_HAB,P31_S14_S15,NL,100.0,103.914,110.069,109.787,110.307,111.25
A,CLV_I20_HAB,P31_S14_S15,NO,100.0,104.534,111.713,109.077,109.597,
A,CLV_I20_HAB,P31_S14_S15,PL,100.0,106.754,109.858,110.015,113.631,
A,CLV_I20_HAB,P31_S14_S15,PT,100.0,104.664,109.855,111.342,113.409,
A,CLV_I20_HAB,P31_S14_S15,RO,100.0,107.844,114.23,117.04,123.78,
A,CLV_I20_HAB,P31_S14_S15,RS,100.0,108.735,115.381,116.674,123.409,
A,CLV_I20_HAB,P31_S14_S15,SE,100.0,105.02,106.795,104.361,104.705,
A,CLV_I20_HAB,P31_S14_S15,SI,100.0,111.0,115.279,114.651,118.672,
A,CLV_I20_HAB,P31_S14_S15,SK,100.0,103.444,108.212,105.046,108.704,
A,CLV_I20_HAB,P31_S14_S15,TR,100.0,114.484,131.792,145.55,151.892,
A,CLV_I20_HAB,P31_S15,AL,100.0,114.064,117.066,,,
A,CLV_I20_HAB,P31_S15,AT,100.0,110.046,106.598,111.411,114.502,
A,CLV_I20_HAB,P31_S15,BE,100.0,109.491,117.861,121.337,122.747,
A,CLV_I20_HAB,P31_S15,BG,100.0,112.118,129.934,128.97,131.332,
A,CLV_I20_HAB,P31_S15,CH,100.0,103.448,103.51,105.271,106.28,
A,CLV_I20_HAB,P31_S15,CY,100.0,116.708,115.81,122.427,128.472,
A,CLV_I20_HAB,P31_S15,CZ,100.0,108.196,113.862,120.142,134.323,
A,CLV_I20_HAB,P31_S15,DE,100.0,99.859,102.696,101.022,102.396,102.162
A,CLV_I20_HAB,P31_S15,DK,100.0,99.579,103.631,104.095,101.932,
A,CLV_I20_HAB,P31_S15,EA,100.0,103.733,107.591,109.301,111.609,
A,CLV_I20_HAB,P31_S15,EA12,100.0,103.643,107.452,109.069,111.375,
A,CLV_I20_HAB,P31_S15,EA19,100.0,103.733,107.591,109.241,111.504,
A,CLV_I20_HAB,P31_S15,EA20,100.0,103.751,107.626,109.301,111.609,
A,CLV_I20_HAB,P31_S15,EA21,100.0,103.777,107.694,109.381,111.699,
A,CLV_I20_HAB,P31_S15,EE,100.0,105.563,100.566,102.84,106.192,
A,CLV_I20_HAB,P31_S15,EL,100.0,101.82,101.57,100.131,100.285,
A,CLV_I20_HAB,P31_S15,ES,100.0,100.56,106.258,112.292,117.109,
A,CLV_I20_HAB,P31_S15,EU27_2020,100.0,103.548,107.57,109.674,112.216,
A,CLV_I20_HAB,P31_S15,FI,100.0,96.629,98.587,93.125,94.106,
A,CLV_I20_HAB,P31_S15,FR,100.0,105.508,111.764,113.966,115.505,
A,CLV_I20_HAB,P31_S15,HR,100.0,106.622,112.688,119.32,131.549,
A,CLV_I20_HAB,P31_S15,HU,100.0,104.556,122.072,131.414,128.196,
A,CLV_I20_HAB,P31_S15,IE,100.0,94.798,96.172,104.202,138.808,
A,CLV_I20_HAB,P31_S15,IS,100.0,100.931,100.274,100.105,100.023,
A,CLV_I20_HAB,P31_S15,IT,100.0,113.291,112.168,121.059,125.403,
A,CLV_I20_HAB,P31_S15,LT,100.0,88.507,88.665,98.808,111.524,
A,CLV_I20_HAB,P31_S15,LU,100.0,116.94,126.481,132.291,133.486,
A,CLV_I20_HAB,P31_S15,LV,100.0,113.029,108.32,95.432,93.491,
A,CLV_I20_HAB,P31_S15,ME,100.0,105.205,115.138,129.566,133.843,
A,CLV_I20_HAB,P31_S15,MK,100.0,119.57,125.69,132.095,136.103,
A,CLV_I20_HAB,P31_S15,MT,100.0,108.139,113.505,113.653,123.754,
A,CLV_I20_HAB,P31_S15,NL,100.0,104.543,102.51,104.056,105.485,106.954
A,CLV_I20_HAB,P31_S15,NO,100.0,104.036,118.562,118.41,116.982,
A,CLV_I20_HAB,P31_S15,PL,100.0,103.81,115.569,117.752,127.121,
A,CLV_I20_HAB,P31_S15,PT,100.0,102.059,108.762,113.172,115.016,
A,CLV_I20_HAB,P31_S15,RO,100.0,82.513,82.408,94.194,99.809,
A,CLV_I20_HAB,P31_S15,RS,100.0,113.578,116.74,114.559,122.971,
A,CLV_I20_HAB,P31_S15,SE,100.0,102.981,100.381,104.586,105.711,
A,CLV_I20_HAB,P31_S15,SI,100.0,113.97,139.276,137.153,144.982,
A,CLV_I20_HAB,P31_S15,SK,100.0,106.766,118.349,130.254,119.321,
A,CLV_I20_HAB,P31_S15,TR,100.0,112.439,112.288,134.387,150.645,
A,CLV_I20_HAB,P32_S13,AL,100.0,99.0,102.963,,,
A,CLV_I20_HAB,P32_S13,AT,100.0,101.373,100.657,102.07,105.938,
A,CLV_I20_HAB,P32_S13,BE,100.0,102.069,103.742,104.166,105.201,
A,CLV_I20_HAB,P32_S13,BG,100.0,97.326,109.679,110.755,114.161,
A,CLV_I20_HAB,P32_S13,CH,100.0,98.707,101.269,99.639,100.54,
A,CLV_I20_HAB,P32_S13,CY,100.0,100.934,104.795,108.842,105.473,
A,CLV_I20_HAB,P32_S13,CZ,100.0,98.142,96.084,97.718,99.919,
A,CLV_I20_HAB,P32_S13,DE,100.0,101.993,100.069,102.028,103.674,104.217
A,CLV_I20_HAB,P32_S13,DK,100.0,101.908,99.871,101.339,103.984,
A,CLV_I20_HAB,P32_S13,EA,100.0,102.032,102.344,104.371,106.389,
A,CLV_I20_HAB,P32_S13,EA12,100.0,102.043,102.484,104.516,106.466,
A,CLV_I20_HAB,P32_S13,EA19,100.0,102.032,102.344,104.292,106.284,
A,CLV_I20_HAB,P32_S13,EA20,100.0,102.044,102.38,104.371,106.389,
A,CLV_I20_HAB,P32_S13,EA21,100.0,102.024,102.452,104.448,106.481,
A,CLV_I20_HAB,P32_S13,EE,100.0,101.34,97.958,97.901,99.016,
A,CLV_I20_HAB,P32_S13,EL,100.0,101.241,100.655,103.129,101.071,
A,CLV_I20_HAB,P32_S13,ES,100.0,102.271,104.029,107.637,108.385,
A,CLV_I20_HAB,P32_S13,EU27_2020,100.0,101.914,102.148,104.454,106.791,
A,CLV_I20_HAB,P32_S13,FI,100.0,104.234,102.974,103.438,106.569,
A,CLV_I20_HAB,P32_S13,FR,100.0,102.812,105.097,107.24,108.702,
A,CLV_I20_HAB,P32_S13,HR,100.0,103.121,106.606,115.268,121.295,
A,CLV_I20_HAB,P32_S13,HU,100.0,102.474,103.414,107.535,103.297,
A,CLV_I20_HAB,P32_S13,IE,100.0,106.206,106.216,108.112,112.996,
A,CLV_I20_HAB,P32_S13,IS,100.0,100.922,100.308,100.135,100.071,
A,CLV_I20_HAB,P32_S13,IT,100.0,100.098,101.56,101.94,104.859,
A,CLV_I20_HAB,P32_S13,LT,100.0,101.996,102.423,100.827,102.213,
A,CLV_I20_HAB,P32_S13,LU,100.0,102.713,103.991,106.1,108.982,
A,CLV_I20_HAB,P32_S13,LV,100.0,103.79,110.165,109.932,111.543,
A,CLV_I20_HAB,P32_S13,ME,100.0,94.55,98.51,99.209,101.1,
A,CLV_I20_HAB,P32_S13,MT,100.0,101.743,103.036,101.987,107.409,
A,CLV_I20_HAB,P32_S13,NL,100.0,103.127,104.793,109.51,114.916,117.783
A,CLV_I20_HAB,P32_S13,NO,100.0,101.764,100.793,104.092,105.821,
A,CLV_I20_HAB,P32_S13,PL,100.0,100.619,101.381,107.089,114.94,
A,CLV_I20_HAB,P32_S13,PT,100.0,97.669,95.021,95.052,92.36,
A,CLV_I20_HAB,P32_S13,RO,100.0,99.047,94.056,98.141,103.289,
A,CLV_I20_HAB,P32_S13,RS,100.0,109.207,107.356,103.536,109.513,
A,CLV_I20_HAB,P32_S13,SE,100.0,102.618,104.521,107.805,110.237,
A,CLV_I20_HAB,P32_S13,SI,100.0,104.977,102.217,107.85,110.307,
A,CLV_I20_HAB,P32_S13,SK,100.0,99.794,88.632,85.44,91.164,
A,CLV_I20_HAB,P32_S13,TR,100.0,98.533,107.237,99.342,86.717,
A,CLV_I20_HAB,P3_S13,AL,100.0,103.347,106.947,,,
A,CLV_I20_HAB,P3_S13,AT,100.0,107.315,106.117,105.896,109.37,
A,CLV_I20_HAB,P3_S13,BE,100.0,103.737,106.153,108.09,109.368,
A,CLV_I20_HAB,P3_S13,BG,100.0,101.165,109.946,111.482,115.612,
A,CLV_I20_HAB,P3_S13,CH,100.0,102.158,100.722,100.625,100.798,
A,CLV_I20_HAB,P3_S13,CY,100.0,107.242,110.26,112.044,112.065,
A,CLV_I20_HAB,P3_S13,CZ,100.0,101.485,99.42,101.481,104.499,
A,CLV_I20_HAB,P3_S13,DE,100.0,103.295,103.243,102.097,104.431,105.938
A,CLV_I20_HAB,P3_S13,DK,100.0,104.46,101.089,100.612,101.089,
A,CLV_I20_HAB,P3_S13,EA,100.0,104.262,105.084,106.03,107.974,
A,CLV_I20_HAB,P3_S13,EA12,100.0,104.258,105.126,106.059,107.936,
A,CLV_I20_HAB,P3_S13,EA19,100.0,104.262,105.084,105.978,107.891,
A,CLV_I20_HAB,P3_S13,EA20,100.0,104.265,105.104,106.03,107.974,
A,CLV_I20_HAB,P3_S13,EA21,100.0,104.261,105.155,106.097,108.06,
A,CLV_I20_HAB,P3_S13,EE,100.0,103.692,101.949,100.009,101.156,
A,CLV_I20_HAB,P3_S13,EL,100.0,102.381,102.954,106.167,103.622,
A,CLV_I20_HAB,P3_S13,ES,100.0,103.623,103.455,106.848,108.849,
A,CLV_I20_HAB,P3_S13,EU27_2020,100.0,104.211,104.755,105.946,108.145,
A,CLV_I20_HAB,P3_S13,FI,100.0,104.067,103.137,107.04,108.287,
A,CLV_I20_HAB,P3_S13,FR,100.0,106.141,108.569,109.804,111.093,
A,CLV_I20_HAB,P3_S13,HR,100.0,103.751,106.556,113.53,121.461,
A,CLV_I20_HAB,P3_S13,HU,100.0,102.652,105.836,109.477,107.818,
A,CLV_I20_HAB,P3_S13,IE,100.0,105.673,107.294,112.048,115.517,
A,CLV_I20_HAB,P3_S13,IS,100.0,100.922,100.308,100.135,100.071,
A,CLV_I20_HAB,P3_S13,IT,100.0,102.843,103.895,105.066,106.117,
A,CLV_I20_HAB,P3_S13,LT,100.0,101.263,102.291,100.836,101.822,
A,CLV_I20_HAB,P3_S13,LU,100.0,103.159,105.012,104.692,108.102,
A,CLV_I20_HAB,P3_S13,LV,100.0,104.545,104.83,107.685,108.175,
A,CLV_I20_HAB,P3_S13,ME,100.0,98.076,100.147,103.006,104.689,
A,CLV_I20_HAB,P3_S13,MK,100.0,102.091,97.972,97.115,97.678,
A,CLV_I20_HAB,P3_S13,MT,100.0,104.995,102.076,101.82,108.226,
A,CLV_I20_HAB,P3_S13,NL,100.0,104.118,104.438,106.298,109.39,111.694
A,CLV_I20_HAB,P3_S13,NO,100.0,103.061,104.002,106.267,107.766,
A,CLV_I20_HAB,P3_S13,PL,100.0,105.52,103.86,109.014,118.828,
A,CLV_I20_HAB,P3_S13,PT,100.0,103.556,104.657,105.417,105.797,
A,CLV_I20_HAB,P3_S13,RO,100.0,100.435,99.486,103.352,104.661,
A,CLV_I20_HAB,P3_S13,RS,100.0,105.147,109.238,107.271,112.149,
A,CLV_I20_HAB,P3_S13,SE,100.0,102.815,102.419,102.761,103.46,
A,CLV_I20_HAB,P3_S13,SI,100.0,105.945,105.233,106.833,114.308,
A,CLV_I20_HAB,P3_S13,SK,100.0,104.082,100.757,98.222,102.095,
A,CLV_I20_HAB,P3_S13,TR,100.0,103.17,106.883,109.252,108.414,
A,CLV_I20_HAB,P41,AL,100.0,105.756,113.118,,,
A,CLV_I20_HAB,P41,AT,100.0,105.843,108.971,107.796,108.854,
A,CLV_I20_HAB,P41,BE,100.0,105.029,107.981,108.798,110.316,
A,CLV_I20_HAB,P41,BG,100.0,108.727,113.883,115.499,121.185,
A,CLV_I20_HAB,P41,CH,100.0,101.866,104.857,104.909,106.01,
A,CLV_I20_HAB,P41,CY,100.0,104.509,112.298,116.142,118.889,
A,CLV_I20_HAB,P41,CZ,100.0,104.166,102.179,99.606,102.118,
A,CLV_I20_HAB,P41,DE,100.0,102.554,107.463,105.479,106.26,107.835
A,CLV_I20_HAB,P41,DK,100.0,105.269,101.867,99.101,99.342,
A,CLV_I20_HAB,P41,EA,100.0,104.797,108.984,108.988,110.11,
A,CLV_I20_HAB,P41,EA12,100.0,104.747,108.94,108.896,109.933,
A,CLV_I20_HAB,P41,EA19,100.0,104.797,108.984,108.911,110.001,
A,CLV_I20_HAB,P41,EA20,100.0,104.829,109.037,108.988,110.11,
A,CLV_I20_HAB,P41,EA21,100.0,104.859,109.088,109.061,110.218,
A,CLV_I20_HAB,P41,EE,100.0,106.782,109.106,105.056,104.803,
A,CLV_I20_HAB,P41,EL,100.0,105.39,114.668,117.814,120.073,
A,CLV_I20_HAB,P41,ES,100.0,106.613,109.769,110.907,113.264,
A,CLV_I20_HAB,P41,EU27_2020,100.0,105.039,108.808,108.75,110.222,
A,CLV_I20_HAB,P41,FI,100.0,103.248,103.502,104.375,103.75,
A,CLV_I20_HAB,P41,FR,100.0,105.521,108.46,108.97,109.905,
A,CLV_I20_HAB,P41,HR,100.0,110.376,117.541,121.65,129.148,
A,CLV_I20_HAB,P41,HU,100.0,105.205,112.925,111.362,117.214,
A,CLV_I20_HAB,P41,IE,100.0,107.152,114.609,118.32,120.153,
A,CLV_I20_HAB,P41,IS,100.0,105.082,108.884,107.272,106.504,
A,CLV_I20_HAB,P41,IT,100.0,106.11,111.066,111.928,112.447,
A,CLV_I20_HAB,P41,LT,100.0,106.934,108.085,106.479,108.862,
A,CLV_I20_HAB,P41,LU,100.0,107.992,112.035,113.081,115.462,
A,CLV_I20_HAB,P41,LV,100.0,108.462,111.986,112.299,113.139,
A,CLV_I20_HAB,P41,ME,100.0,105.164,117.816,125.869,137.591,
A,CLV_I20_HAB,P41,MT,100.0,109.47,114.024,121.809,126.526,
A,CLV_I20_HAB,P41,NL,100.0,104.109,108.401,108.352,109.301,110.567
A,CLV_I20_HAB,P41,NO,100.0,104.3,109.967,108.568,109.332,
A,CLV_I20_HAB,P41,PL,100.0,107.195,109.26,110.105,114.92,
A,CLV_I20_HAB,P41,PT,100.0,105.162,110.187,111.651,113.82,
A,CLV_I20_HAB,P41,RO,100.0,107.159,113.273,116.169,121.646,
A,CLV_I20_HAB,P41,RS,100.0,107.751,114.739,115.811,122.158,
A,CLV_I20_HAB,P41,SE,100.0,104.37,105.235,103.308,103.571,
A,CLV_I20_HAB,P41,SI,100.0,110.106,113.629,112.918,118.245,
A,CLV_I20_HAB,P41,SK,100.0,104.29,109.341,106.39,109.716,
A,CLV_I20_HAB,P41,TR,100.0,113.274,128.153,141.329,148.04,
A,CLV_PCH_PRE_HAB,B1GQ,AL,-2.8,10.0,6.1,,,
A,CLV_PCH_PRE_HAB,B1GQ,AT,-6.7,4.5,4.2,-1.6,-1.2,
A,CLV_PCH_PRE_HAB,B1GQ,BE,-5.2,5.8,3.1,0.9,0.5,
A,CLV_PCH_PRE_HAB,B1GQ,BG,-2.2,8.5,4.8,2.0,3.5,
A,CLV_PCH_PRE_HAB,B1GQ,CH,-3.0,5.4,2.7,-0.7,0.3,
A,CLV_PCH_PRE_HAB,B1GQ,CY,-4.5,9.7,6.3,1.6,2.3,
A,CLV_PCH_PRE_HAB,B1GQ,CZ,-4.9,4.0,0.4,-1.0,1.1,
A,CLV_PCH_PRE_HAB,B1GQ,DE,-4.0,4.1,1.2,-1.8,-0.8,0.2
A,CLV_PCH_PRE_HAB,B1GQ,DK,-2.0,6.1,-0.4,-0.1,3.0,
A,CLV_PCH_PRE_HAB,B1GQ,EA,-6.1,6.4,3.1,-0.2,0.5,
A,CLV_PCH_PRE_HAB,B1GQ,EA12,-6.2,6.3,3.2,-0.2,0.4,
A,CLV_PCH_PRE_HAB,B1GQ,EA19,-6.1,6.4,3.1,-0.2,0.5,
A,CLV_PCH_PRE_HAB,B1GQ,EA20,-6.1,6.4,3.1,-0.2,0.5,
A,CLV_PCH_PRE_HAB,B1GQ,EA21,-6.1,6.4,3.2,-0.2,0.5,
A,CLV_PCH_PRE_HAB,B1GQ,EE,-3.2,8.2,-1.4,-5.2,-0.7,
A,CLV_PCH_PRE_HAB,B1GQ,EL,-9.0,9.2,6.1,2.4,2.2,
A,CLV_PCH_PRE_HAB,B1GQ,ES,-11.4,6.7,5.4,1.3,2.4,
A,CLV_PCH_PRE_HAB,B1GQ,EU27_2020,-5.4,6.4,2.9,-0.1,0.8,
A,CLV_PCH_PRE_HAB,B1GQ,FI,-2.7,2.5,0.5,-1.7,-0.4,
A,CLV_PCH_PRE_HAB,B1GQ,FR,-7.8,6.4,2.3,1.2,0.9,
A,CLV_PCH_PRE_HAB,B1GQ,HR,-7.4,13.6,7.8,3.7,3.5,
A,CLV_PCH_PRE_HAB,B1GQ,HU,-4.1,7.7,4.4,-0.7,0.9,
A,CLV_PCH_PRE_HAB,B1GQ,IE,5.7,14.9,5.3,-4.3,0.9,
A,CLV_PCH_PRE_HAB,B1GQ,IS,-7.8,3.6,6.3,2.5,-3.0,
A,CLV_PCH_PRE_HAB,B1GQ,IT,-8.4,9.5,5.0,1.0,0.7,
A,CLV_PCH_PRE_HAB,B1GQ,LT,0.1,6.5,1.6,-0.7,2.4,
A,CLV_PCH_PRE_HAB,B1GQ,LU,-2.0,5.3,-3.2,-1.8,-1.2,
A,CLV_PCH_PRE_HAB,B1GQ,LV,-2.8,7.9,1.8,-0.7,0.8,
A,CLV_PCH_PRE_HAB,B1GQ,ME,-15.0,13.3,8.0,6.5,3.2,
A,CLV_PCH_PRE_HAB,B1GQ,MK,-3.8,5.8,3.1,2.8,3.2,
A,CLV_PCH_PRE_HAB,B1GQ,MT,-5.5,12.7,-0.1,6.3,4.0,
A,CLV_PCH_PRE_HAB,B1GQ,NL,-4.4,5.7,4.0,-1.6,0.4,1.3
A,CLV_PCH_PRE_HAB,B1GQ,NO,-1.8,3.4,2.3,-1.1,1.1,
A,CLV_PCH_PRE_HAB,B1GQ,PL,0.0,7.5,3.0,0.6,3.3,
A,CLV_PCH_PRE_HAB,B1GQ,PT,-8.5,5.3,6.4,2.0,1.0,
A,CLV_PCH_PRE_HAB,B1GQ,RO,-3.1,6.4,4.7,2.2,1.0,
A,CLV_PCH_PRE_HAB,B1GQ,RS,-0.3,9.0,5.3,4.4,4.5,
A,CLV_PCH_PRE_HAB,B1GQ,SE,-2.6,4.6,0.2,-0.9,0.6,
A,CLV_PCH_PRE_HAB,B1GQ,SI,-4.7,8.2,2.6,1.8,1.4,
A,CLV_PCH_PRE_HAB,B1GQ,SK,-2.7,6.0,0.2,2.1,1.9,
A,CLV_PCH_PRE_HAB,B1GQ,TR,0.9,10.7,4.5,5.0,3.4,
A,CLV_PCH_PRE_HAB,B1GQ,UK,,,,,,
A,CLV_PCH_PRE_HAB,P3,AL,-3.6,5.2,6.7,,,
A,CLV_PCH_PRE_HAB,P3,AT,-6.1,5.4,2.6,-0.8,1.3,
A,CLV_PCH_PRE_HAB,P3,BE,-5.5,4.7,2.7,0.7,1.4,
A,CLV_PCH_PRE_HAB,P3,BG,2.7,7.3,5.7,1.4,4.7,
A,CLV_PCH_PRE_HAB,P3,CH,-3.1,1.6,2.9,-0.1,1.0,
A,CLV_PCH_PRE_HAB,P3,CY,-4.0,4.1,7.1,3.5,1.8,
A,CLV_PCH_PRE_HAB,P3,CZ,-3.0,3.3,-1.9,-2.0,2.5,
A,CLV_PCH_PRE_HAB,P3,DE,-3.4,2.5,4.0,-1.4,0.8,1.4
A,CLV_PCH_PRE_HAB,P3,DK,-1.7,4.9,-3.1,-2.3,0.5,
A,CLV_PCH_PRE_HAB,P3,EA,-5.4,4.5,3.6,0.2,1.1,
A,CLV_PCH_PRE_HAB,P3,EA12,-5.5,4.4,3.6,0.2,1.1,
A,CLV_PCH_PRE_HAB,P3,EA19,-5.4,4.5,3.6,0.1,1.1,
A,CLV_PCH_PRE_HAB,P3,EA20,-5.4,4.5,3.6,0.2,1.1,
A,CLV_PCH_PRE_HAB,P3,EA21,-5.3,4.5,3.6,0.2,1.2,
A,CLV_PCH_PRE_HAB,P3,EE,0.2,6.1,1.5,-3.3,-0.1,
A,CLV_PCH_PRE_HAB,P3,EL,-3.9,4.9,7.6,2.7,1.5,
A,CLV_PCH_PRE_HAB,P3,ES,-8.7,6.1,2.8,1.3,2.0,
A,CLV_PCH_PRE_HAB,P3,EU27_2020,-4.7,4.7,3.2,0.2,1.4,
A,CLV_PCH_PRE_HAB,P3,FI,-2.4,3.3,0.1,0.8,-0.2,
A,CLV_PCH_PRE_HAB,P3,FR,-6.1,5.2,2.7,0.6,0.9,
A,CLV_PCH_PRE_HAB,P3,HR,-1.8,9.4,6.1,4.1,6.0,
A,CLV_PCH_PRE_HAB,P3,HU,0.3,4.8,6.3,-0.5,3.8,
A,CLV_PCH_PRE_HAB,P3,IE,-5.5,7.0,6.2,3.1,1.8,
A,CLV_PCH_PRE_HAB,P3,IS,-1.2,4.5,3.1,-1.3,-0.6,
A,CLV_PCH_PRE_HAB,P3,IT,-7.5,5.4,4.3,0.7,0.7,
A,CLV_PCH_PRE_HAB,P3,LT,-2.8,6.4,1.0,-1.5,2.2,
A,CLV_PCH_PRE_HAB,P3,LU,-4.0,7.2,3.4,1.1,2.2,
A,CLV_PCH_PRE_HAB,P3,LV,-1.9,7.8,3.7,0.2,0.8,
A,CLV_PCH_PRE_HAB,P3,ME,-3.6,4.0,11.2,6.3,8.7,
A,CLV_PCH_PRE_HAB,P3,MK,-0.3,8.3,4.0,1.4,2.0,
A,CLV_PCH_PRE_HAB,P3,MT,-6.4,8.5,3.8,5.9,4.0,
A,CLV_PCH_PRE_HAB,P3,NL,-3.9,4.0,3.8,0.5,1.3,1.3
A,CLV_PCH_PRE_HAB,P3,NO,-4.8,4.0,4.6,-0.7,0.8,
A,CLV_PCH_PRE_HAB,P3,PL,0.7,6.4,1.8,1.3,4.7,
A,CLV_PCH_PRE_HAB,P3,PT,-5.5,4.4,4.1,1.2,1.5,
A,CLV_PCH_PRE_HAB,P3,RO,-1.8,6.1,4.4,2.8,4.8,
A,CLV_PCH_PRE_HAB,P3,RS,-0.3,7.9,5.6,0.5,5.5,
A,CLV_PCH_PRE_HAB,P3,SE,-3.1,4.2,0.9,-1.3,0.5,
A,CLV_PCH_PRE_HAB,P3,SI,-4.1,9.5,2.6,0.0,4.5,
A,CLV_PCH_PRE_HAB,P3,SK,-0.1,3.6,2.5,-2.8,3.6,
A,CLV_PCH_PRE_HAB,P3,TR,2.5,12.2,12.9,9.0,3.5,
A,CLV_PCH_PRE_HAB,P3,UK,,,,,,
A,CLV_PCH_PRE_HAB,P31_S13,AL,1.9,8.6,2.9,,,
A,CLV_PCH_PRE_HAB,P31_S13,AT,-3.2,10.7,-1.3,-1.1,3.0,
A,CLV_PCH_PRE_HAB,P31_S13,BE,-2.2,4.7,2.7,2.6,1.3,
A,CLV_PCH_PRE_HAB,P31_S13,BG,10.9,5.0,5.0,1.8,4.3,
A,CLV_PCH_PRE_HAB,P31_S13,CH,2.5,5.3,-4.9,1.3,-0.5,
A,CLV_PCH_PRE_HAB,P31_S13,CY,19.6,12.4,2.1,-0.1,2.5,
A,CLV_PCH_PRE_HAB,P31_S13,CZ,6.9,4.1,-2.0,2.3,3.5,
A,CLV_PCH_PRE_HAB,P31_S13,DE,5.0,4.1,1.0,-2.9,2.7,2.0
A,CLV_PCH_PRE_HAB,P31_S13,DK,-3.7,5.5,-3.7,-1.3,-0.5,
A,CLV_PCH_PRE_HAB,P31_S13,EA,0.4,5.6,1.1,0.2,1.8,
A,CLV_PCH_PRE_HAB,P31_S13,EA12,0.4,5.6,1.1,0.2,1.7,
A,CLV_PCH_PRE_HAB,P31_S13,EA19,0.4,5.6,1.1,0.2,1.7,
A,CLV_PCH_PRE_HAB,P31_S13,EA20,0.5,5.6,1.1,0.2,1.8,
A,CLV_PCH_PRE_HAB,P31_S13,EA21,0.5,5.6,1.1,0.3,1.8,
A,CLV_PCH_PRE_HAB,P31_S13,EE,4.9,5.5,-0.5,-3.3,1.2,
A,CLV_PCH_PRE_HAB,P31_S13,EL,4.7,3.6,1.8,3.8,-2.8,
A,CLV_PCH_PRE_HAB,P31_S13,ES,4.7,4.5,-1.4,3.2,2.7,
A,CLV_PCH_PRE_HAB,P31_S13,EU27_2020,0.6,5.6,0.7,0.5,2.0,
A,CLV_PCH_PRE_HAB,P31_S13,FI,-0.3,4.0,-0.7,5.3,0.4,
A,CLV_PCH_PRE_HAB,P31_S13,FR,-6.2,8.0,2.3,0.6,1.1,
A,CLV_PCH_PRE_HAB,P31_S13,HR,7.3,4.3,2.1,5.1,8.6,
A,CLV_PCH_PRE_HAB,P31_S13,HU,-5.6,2.9,5.6,2.8,1.5,
A,CLV_PCH_PRE_HAB,P31_S13,IE,8.5,5.4,2.3,5.7,2.4,
A,CLV_PCH_PRE_HAB,P31_S13,IS,3.6,0.9,-0.6,-0.2,-0.1,
A,CLV_PCH_PRE_HAB,P31_S13,IT,0.1,4.8,0.7,1.7,-0.3,
A,CLV_PCH_PRE_HAB,P31_S13,LT,-2.3,0.8,1.4,-1.3,0.7,
A,CLV_PCH_PRE_HAB,P31_S13,LU,6.0,3.4,2.1,-1.8,3.6,
A,CLV_PCH_PRE_HAB,P31_S13,LV,-5.9,5.5,-5.6,5.9,-0.6,
A,CLV_PCH_PRE_HAB,P31_S13,ME,-1.4,1.5,0.3,4.6,1.4,
A,CLV_PCH_PRE_HAB,P31_S13,MT,12.1,7.2,-5.4,0.3,7.0,
A,CLV_PCH_PRE_HAB,P31_S13,NL,-0.8,4.6,-0.3,0.5,1.9,1.9
A,CLV_PCH_PRE_HAB,P31_S13,NO,-3.9,3.7,1.8,1.6,1.3,
A,CLV_PCH_PRE_HAB,P31_S13,PL,6.3,9.6,-3.4,4.4,10.4,
A,CLV_PCH_PRE_HAB,P31_S13,PT,-1.6,8.2,3.7,1.2,2.4,
A,CLV_PCH_PRE_HAB,P31_S13,RO,0.0,2.2,4.1,3.4,-3.4,
A,CLV_PCH_PRE_HAB,P31_S13,RS,11.7,1.6,8.9,-0.3,3.5,
A,CLV_PCH_PRE_HAB,P31_S13,SE,-2.9,2.9,-1.2,-0.7,0.1,
A,CLV_PCH_PRE_HAB,P31_S13,SI,3.9,6.6,0.6,-1.0,10.1,
A,CLV_PCH_PRE_HAB,P31_S13,SK,-1.2,9.4,6.2,-1.3,1.0,
A,CLV_PCH_PRE_HAB,P31_S13,TR,6.0,6.2,0.4,9.1,7.4,
A,CLV_PCH_PRE_HAB,P31_S13,UK,,,,,,
A,CLV_PCH_PRE_HAB,P31_S14,AL,-5.0,5.4,7.4,,,
A,CLV_PCH_PRE_HAB,P31_S14,AT,-8.3,4.3,4.5,-1.3,0.4,
A,CLV_PCH_PRE_HAB,P31_S14,BE,-7.6,5.1,2.7,0.2,1.4,
A,CLV_PCH_PRE_HAB,P31_S14,BG,0.8,9.3,4.6,1.4,5.1,
A,CLV_PCH_PRE_HAB,P31_S14,CH,-4.7,1.3,4.2,-0.2,1.3,
A,CLV_PCH_PRE_HAB,P31_S14,CY,-7.4,2.9,8.6,4.0,2.3,
A,CLV_PCH_PRE_HAB,P31_S14,CZ,-6.1,4.1,-2.0,-3.8,2.1,
A,CLV_PCH_PRE_HAB,P31_S14,DE,-6.8,2.2,5.9,-1.6,0.2,1.4
A,CLV_PCH_PRE_HAB,P31_S14,DK,-1.5,5.3,-3.3,-3.3,0.6,
A,CLV_PCH_PRE_HAB,P31_S14,EA,-8.0,4.6,4.8,-0.2,0.8,
A,CLV_PCH_PRE_HAB,P31_S14,EA12,-8.1,4.5,4.8,-0.2,0.7,
A,CLV_PCH_PRE_HAB,P31_S14,EA19,-8.0,4.6,4.8,-0.2,0.8,
A,CLV_PCH_PRE_HAB,P31_S14,EA20,-8.0,4.6,4.8,-0.2,0.8,
A,CLV_PCH_PRE_HAB,P31_S14,EA21,-7.9,4.7,4.9,-0.1,0.8,
A,CLV_PCH_PRE_HAB,P31_S14,EE,-1.3,7.1,3.0,-4.0,-0.7,
A,CLV_PCH_PRE_HAB,P31_S14,EL,-6.1,5.7,10.1,2.7,2.6,
A,CLV_PCH_PRE_HAB,P31_S14,ES,-12.6,7.2,3.9,0.5,2.0,
A,CLV_PCH_PRE_HAB,P31_S14,EU27_2020,-7.1,4.9,4.4,-0.2,1.2,
A,CLV_PCH_PRE_HAB,P31_S14,FI,-3.7,3.2,0.5,-0.4,-1.0,
A,CLV_PCH_PRE_HAB,P31_S14,FR,-6.8,4.7,2.8,0.4,0.8,
A,CLV_PCH_PRE_HAB,P31_S14,HR,-4.3,11.8,7.4,3.1,5.6,
A,CLV_PCH_PRE_HAB,P31_S14,HU,-0.1,5.7,7.3,-2.6,6.3,
A,CLV_PCH_PRE_HAB,P31_S14,IE,-11.5,8.0,8.6,2.4,0.8,
A,CLV_PCH_PRE_HAB,P31_S14,IS,-4.0,6.8,5.4,-2.0,-1.0,
A,CLV_PCH_PRE_HAB,P31_S14,IT,-10.1,6.3,5.5,0.5,0.6,
A,CLV_PCH_PRE_HAB,P31_S14,LT,-3.2,8.2,1.0,-1.6,2.5,
A,CLV_PCH_PRE_HAB,P31_S14,LU,-9.0,9.1,4.0,1.7,1.7,
A,CLV_PCH_PRE_HAB,P31_S14,LV,-4.0,8.9,5.2,-0.4,1.0,
A,CLV_PCH_PRE_HAB,P31_S14,ME,-4.5,5.7,13.8,7.0,10.5,
A,CLV_PCH_PRE_HAB,P31_S14,MK,-2.5,9.8,5.8,1.8,2.3,
A,CLV_PCH_PRE_HAB,P31_S14,MT,-13.1,10.2,6.8,8.7,3.0,
A,CLV_PCH_PRE_HAB,P31_S14,NL,-6.7,3.9,6.1,-0.3,0.5,0.8
A,CLV_PCH_PRE_HAB,P31_S14,NO,-6.9,4.6,6.4,-2.5,0.6,
A,CLV_PCH_PRE_HAB,P31_S14,PL,-1.4,6.8,2.8,0.1,3.2,
A,CLV_PCH_PRE_HAB,P31_S14,PT,-7.0,4.7,4.9,1.3,1.9,
A,CLV_PCH_PRE_HAB,P31_S14,RO,-3.2,8.2,6.0,2.3,5.8,
A,CLV_PCH_PRE_HAB,P31_S14,RS,-1.4,8.7,6.2,1.2,5.7,
A,CLV_PCH_PRE_HAB,P31_S14,SE,-3.7,5.1,1.8,-2.4,0.3,
A,CLV_PCH_PRE_HAB,P31_S14,SI,-6.8,10.9,3.5,-0.5,3.5,
A,CLV_PCH_PRE_HAB,P31_S14,SK,0.6,3.4,4.5,-3.2,3.7,
A,CLV_PCH_PRE_HAB,P31_S14,TR,2.7,14.5,15.2,10.4,4.3,
A,CLV_PCH_PRE_HAB,P31_S14,UK,,,,,,
A,CLV_PCH_PRE_HAB,P31_S14_S15,AL,-5.1,5.5,7.3,,,
A,CLV_PCH_PRE_HAB,P31_S14_S15,AT,-8.0,4.5,4.2,-1.1,0.5,
A,CLV_PCH_PRE_HAB,P31_S14_S15,BE,-7.6,5.1,2.8,0.2,1.4,
A,CLV_PCH_PRE_HAB,P31_S14_S15,BG,0.7,9.4,4.7,1.4,5.0,
A,CLV_PCH_PRE_HAB,P31_S14_S15,CH,-4.5,1.4,4.0,-0.1,1.2,
A,CLV_PCH_PRE_HAB,P31_S14_S15,CY,-7.4,3.2,8.5,4.0,2.3,
A,CLV_PCH_PRE_HAB,P31_S14_S15,CZ,-6.0,4.2,-1.9,-3.7,2.3,
A,CLV_PCH_PRE_HAB,P31_S14_S15,DE,-6.7,2.1,5.8,-1.6,0.3,1.3
A,CLV_PCH_PRE_HAB,P31_S14_S15,DK,-1.5,5.2,-3.0,-3.2,0.5,
A,CLV_PCH_PRE_HAB,P31_S14_S15,EA,-7.9,4.6,4.8,-0.1,0.8,
A,CLV_PCH_PRE_HAB,P31_S14_S15,EA12,-8.1,4.5,4.8,-0.1,0.8,
A,CLV_PCH_PRE_HAB,P31_S14_S15,EA19,-7.9,4.6,4.8,-0.1,0.8,
A,CLV_PCH_PRE_HAB,P31_S14_S15,EA20,-7.9,4.6,4.8,-0.1,0.8,
A,CLV_PCH_PRE_HAB,P31_S14_S15,EA21,-7.9,4.7,4.8,-0.1,0.9,
A,CLV_PCH_PRE_HAB,P31_S14_S15,EE,-1.1,7.1,2.8,-3.8,-0.5,
A,CLV_PCH_PRE_HAB,P31_S14_S15,EL,-6.0,5.7,9.9,2.6,2.6,
A,CLV_PCH_PRE_HAB,P31_S14_S15,ES,-12.5,7.1,3.9,0.6,2.0,
A,CLV_PCH_PRE_HAB,P31_S14_S15,EU27_2020,-7.0,4.9,4.4,-0.2,1.2,
A,CLV_PCH_PRE_HAB,P31_S14_S15,FI,-3.6,3.0,0.6,-0.6,-1.0,
A,CLV_PCH_PRE_HAB,P31_S14_S15,FR,-6.8,4.8,2.9,0.4,0.8,
A,CLV_PCH_PRE_HAB,P31_S14_S15,HR,-4.2,11.7,7.4,3.2,5.7,
A,CLV_PCH_PRE_HAB,P31_S14_S15,HU,0.4,5.7,7.7,-2.1,5.9,
A,CLV_PCH_PRE_HAB,P31_S14_S15,IE,-11.4,7.7,8.5,2.5,1.3,
A,CLV_PCH_PRE_HAB,P31_S14_S15,IS,-3.7,6.5,5.1,-1.9,-0.9,
A,CLV_PCH_PRE_HAB,P31_S14_S15,IT,-10.1,6.4,5.5,0.6,0.6,
A,CLV_PCH_PRE_HAB,P31_S14_S15,LT,-3.2,8.1,1.0,-1.5,2.5,
A,CLV_PCH_PRE_HAB,P31_S14_S15,LU,-9.1,9.7,4.3,1.9,1.6,
A,CLV_PCH_PRE_HAB,P31_S14_S15,LV,-4.2,9.0,5.0,-0.7,1.0,
A,CLV_PCH_PRE_HAB,P31_S14_S15,ME,-4.6,5.7,13.7,7.1,10.4,
A,CLV_PCH_PRE_HAB,P31_S14_S15,MK,-2.7,9.9,5.8,1.9,2.3,
A,CLV_PCH_PRE_HAB,P31_S14_S15,MT,-12.2,10.1,6.7,8.4,3.2,
A,CLV_PCH_PRE_HAB,P31_S14_S15,NL,-6.7,3.9,5.9,-0.3,0.5,0.9
A,CLV_PCH_PRE_HAB,P31_S14_S15,NO,-6.8,4.5,6.9,-2.4,0.5,
A,CLV_PCH_PRE_HAB,P31_S14_S15,PL,-1.2,6.8,2.9,0.1,3.3,
A,CLV_PCH_PRE_HAB,P31_S14_S15,PT,-7.0,4.7,5.0,1.4,1.9,
A,CLV_PCH_PRE_HAB,P31_S14_S15,RO,-3.1,7.8,5.9,2.5,5.8,
A,CLV_PCH_PRE_HAB,P31_S14_S15,RS,-1.4,8.7,6.1,1.1,5.8,
A,CLV_PCH_PRE_HAB,P31_S14_S15,SE,-3.6,5.0,1.7,-2.3,0.3,
A,CLV_PCH_PRE_HAB,P31_S14_S15,SI,-6.8,11.0,3.9,-0.5,3.5,
A,CLV_PCH_PRE_HAB,P31_S14_S15,SK,0.3,3.4,4.6,-2.9,3.5,
A,CLV_PCH_PRE_HAB,P31_S14_S15,TR,2.7,14.5,15.1,10.4,4.4,
A,CLV_PCH_PRE_HAB,P31_S14_S15,UK,,,,,,
A,CLV_PCH_PRE_HAB,P31_S15,AL,-5.9,14.1,2.6,,,
A,CLV_PCH_PRE_HAB,P31_S15,AT,1.7,10.0,-3.1,4.5,2.8,
A,CLV_PCH_PRE_HAB,P31_S15,BE,-5.2,9.5,7.6,2.9,1.2,
A,CLV_PCH_PRE_HAB,P31_S15,BG,-4.4,12.1,15.9,-0.7,1.8,
A,CLV_PCH_PRE_HAB,P31_S15,CH,0.6,3.4,0.1,1.7,1.0,
A,CLV_PCH_PRE_HAB,P31_S15,CY,-5.7,16.7,-0.8,5.7,4.9,
A,CLV_PCH_PRE_HAB,P31_S15,CZ,2.2,8.2,5.2,5.5,11.8,
A,CLV_PCH_PRE_HAB,P31_S15,DE,-1.7,-0.1,2.8,-1.6,1.4,-0.2
A,CLV_PCH_PRE_HAB,P31_S15,DK,0.2,-0.4,4.1,0.4,-2.1,
A,CLV_PCH_PRE_HAB,P31_S15,EA,-4.9,3.7,3.7,1.6,2.1,
A,CLV_PCH_PRE_HAB,P31_S15,EA12,-4.8,3.6,3.7,1.5,2.1,
A,CLV_PCH_PRE_HAB,P31_S15,EA19,-4.9,3.7,3.7,1.5,2.1,
A,CLV_PCH_PRE_HAB,P31_S15,EA20,-4.8,3.8,3.7,1.6,2.1,
A,CLV_PCH_PRE_HAB,P31_S15,EA21,-4.8,3.8,3.8,1.6,2.1,
A,CLV_PCH_PRE_HAB,P31_S15,EE,5.0,5.6,-4.7,2.3,3.3,
A,CLV_PCH_PRE_HAB,P31_S15,EL,-2.9,1.8,-0.2,-1.4,0.2,
A,CLV_PCH_PRE_HAB,P31_S15,ES,-7.7,0.6,5.7,5.7,4.3,
A,CLV_PCH_PRE_HAB,P31_S15,EU27_2020,-3.6,3.5,3.9,2.0,2.3,
A,CLV_PCH_PRE_HAB,P31_S15,FI,0.7,-3.4,2.0,-5.5,1.1,
A,CLV_PCH_PRE_HAB,P31_S15,FR,-6.8,5.5,5.9,2.0,1.4,
A,CLV_PCH_PRE_HAB,P31_S15,HR,-3.4,6.6,5.7,5.9,10.2,
A,CLV_PCH_PRE_HAB,P31_S15,HU,13.6,4.6,16.8,7.7,-2.4,
A,CLV_PCH_PRE_HAB,P31_S15,IE,-3.7,-5.2,1.4,8.4,33.2,
A,CLV_PCH_PRE_HAB,P31_S15,IS,3.4,0.9,-0.7,-0.2,-0.1,
A,CLV_PCH_PRE_HAB,P31_S15,IT,-15.2,13.3,-1.0,7.9,3.6,
A,CLV_PCH_PRE_HAB,P31_S15,LT,12.6,-11.5,0.2,11.4,12.9,
A,CLV_PCH_PRE_HAB,P31_S15,LU,-9.7,16.9,8.2,4.6,0.9,
A,CLV_PCH_PRE_HAB,P31_S15,LV,-11.3,13.0,-4.2,-11.9,-2.0,
A,CLV_PCH_PRE_HAB,P31_S15,ME,-11.2,5.2,9.4,12.5,3.3,
A,CLV_PCH_PRE_HAB,P31_S15,MK,-15.1,19.6,5.1,5.1,3.0,
A,CLV_PCH_PRE_HAB,P31_S15,MT,16.0,8.1,5.0,0.1,8.9,
A,CLV_PCH_PRE_HAB,P31_S15,NL,-3.3,4.5,-1.9,1.5,1.4,1.4
A,CLV_PCH_PRE_HAB,P31_S15,NO,-4.2,4.0,14.0,-0.1,-1.2,
A,CLV_PCH_PRE_HAB,P31_S15,PL,12.2,3.8,11.3,1.9,8.0,
A,CLV_PCH_PRE_HAB,P31_S15,PT,-6.6,2.1,6.6,4.1,1.6,
A,CLV_PCH_PRE_HAB,P31_S15,RO,0.6,-17.5,-0.1,14.3,6.0,
A,CLV_PCH_PRE_HAB,P31_S15,RS,-2.5,13.6,2.8,-1.9,7.3,
A,CLV_PCH_PRE_HAB,P31_S15,SE,-1.2,3.0,-2.5,4.2,1.1,
A,CLV_PCH_PRE_HAB,P31_S15,SI,-3.5,14.0,22.2,-1.5,5.7,
A,CLV_PCH_PRE_HAB,P31_S15,SK,-15.9,6.8,10.8,10.1,-8.4,
A,CLV_PCH_PRE_HAB,P31_S15,TR,13.2,12.4,-0.1,19.7,12.1,
A,CLV_PCH_PRE_HAB,P31_S15,UK,,,,,,
A,CLV_PCH_PRE_HAB,P32_S13,AL,7.8,-1.0,4.0,,,
A,CLV_PCH_PRE_HAB,P32_S13,AT,2.1,1.4,-0.7,1.4,3.8,
A,CLV_PCH_PRE_HAB,P32_S13,BE,2.2,2.1,1.6,0.4,1.0,
A,CLV_PCH_PRE_HAB,P32_S13,BG,8.0,-2.7,12.7,1.0,3.1,
A,CLV_PCH_PRE_HAB,P32_S13,CH,3.2,-1.3,2.6,-1.6,0.9,
A,CLV_PCH_PRE_HAB,P32_S13,CY,-0.7,0.9,3.8,3.9,-3.1,
A,CLV_PCH_PRE_HAB,P32_S13,CZ,1.9,-1.9,-2.1,1.7,2.3,
A,CLV_PCH_PRE_HAB,P32_S13,DE,5.1,2.0,-1.9,2.0,1.6,0.5
A,CLV_PCH_PRE_HAB,P32_S13,DK,1.8,1.9,-2.0,1.5,2.6,
A,CLV_PCH_PRE_HAB,P32_S13,EA,2.2,2.0,0.3,1.9,1.9,
A,CLV_PCH_PRE_HAB,P32_S13,EA12,2.2,2.0,0.4,2.0,1.9,
A,CLV_PCH_PRE_HAB,P32_S13,EA19,2.2,2.0,0.3,1.9,1.9,
A,CLV_PCH_PRE_HAB,P32_S13,EA20,2.2,2.0,0.3,1.9,1.9,
A,CLV_PCH_PRE_HAB,P32_S13,EA21,2.3,2.0,0.4,1.9,1.9,
A,CLV_PCH_PRE_HAB,P32_S13,EE,2.0,1.3,-3.3,-0.1,1.1,
A,CLV_PCH_PRE_HAB,P32_S13,EL,2.0,1.2,-0.6,2.5,-2.0,
A,CLV_PCH_PRE_HAB,P32_S13,ES,0.5,2.3,1.7,3.5,0.7,
A,CLV_PCH_PRE_HAB,P32_S13,EU27_2020,2.6,1.9,0.2,2.3,2.2,
A,CLV_PCH_PRE_HAB,P32_S13,FI,1.5,4.2,-1.2,0.5,3.0,
A,CLV_PCH_PRE_HAB,P32_S13,FR,-1.7,2.8,2.2,2.0,1.4,
A,CLV_PCH_PRE_HAB,P32_S13,HR,1.5,3.1,3.4,8.1,5.2,
A,CLV_PCH_PRE_HAB,P32_S13,HU,4.5,2.5,0.9,4.0,-3.9,
A,CLV_PCH_PRE_HAB,P32_S13,IE,9.7,6.2,0.0,1.8,4.5,
A,CLV_PCH_PRE_HAB,P32_S13,IS,3.6,0.9,-0.6,-0.2,-0.1,
A,CLV_PCH_PRE_HAB,P32_S13,IT,1.8,0.1,1.5,0.4,2.9,
A,CLV_PCH_PRE_HAB,P32_S13,LT,0.0,2.0,0.4,-1.6,1.4,
A,CLV_PCH_PRE_HAB,P32_S13,LU,5.7,2.7,1.2,2.0,2.7,
A,CLV_PCH_PRE_HAB,P32_S13,LV,13.8,3.8,6.1,-0.2,1.5,
A,CLV_PCH_PRE_HAB,P32_S13,ME,1.4,-5.5,4.2,0.7,1.9,
A,CLV_PCH_PRE_HAB,P32_S13,MT,6.2,1.7,1.3,-1.0,5.3,
A,CLV_PCH_PRE_HAB,P32_S13,NL,5.0,3.1,1.6,4.5,4.9,2.5
A,CLV_PCH_PRE_HAB,P32_S13,NO,4.8,1.8,-1.0,3.3,1.7,
A,CLV_PCH_PRE_HAB,P32_S13,PL,8.0,0.6,0.8,5.6,7.3,
A,CLV_PCH_PRE_HAB,P32_S13,PT,2.4,-2.3,-2.7,0.0,-2.8,
A,CLV_PCH_PRE_HAB,P32_S13,RO,5.7,-1.0,-5.0,4.3,5.2,
A,CLV_PCH_PRE_HAB,P32_S13,RS,-3.8,9.2,-1.7,-3.6,5.8,
A,CLV_PCH_PRE_HAB,P32_S13,SE,-0.3,2.6,1.9,3.1,2.3,
A,CLV_PCH_PRE_HAB,P32_S13,SI,2.6,5.0,-2.6,5.5,2.3,
A,CLV_PCH_PRE_HAB,P32_S13,SK,-1.0,-0.2,-11.2,-3.6,6.7,
A,CLV_PCH_PRE_HAB,P32_S13,TR,-4.7,-1.5,8.8,-7.4,-12.7,
A,CLV_PCH_PRE_HAB,P32_S13,UK,,,,,,
A,CLV_PCH_PRE_HAB,P3_S13,AL,5.0,3.3,3.5,,,
A,CLV_PCH_PRE_HAB,P3_S13,AT,-1.3,7.3,-1.1,-0.2,3.3,
A,CLV_PCH_PRE_HAB,P3_S13,BE,-0.6,3.7,2.3,1.8,1.2,
A,CLV_PCH_PRE_HAB,P3_S13,BG,9.4,1.2,8.7,1.4,3.7,
A,CLV_PCH_PRE_HAB,P3_S13,CH,2.9,2.2,-1.4,-0.1,0.2,
A,CLV_PCH_PRE_HAB,P3_S13,CY,9.5,7.2,2.8,1.6,0.0,
A,CLV_PCH_PRE_HAB,P3_S13,CZ,4.6,1.5,-2.0,2.1,3.0,
A,CLV_PCH_PRE_HAB,P3_S13,DE,5.0,3.3,0.0,-1.1,2.3,1.4
A,CLV_PCH_PRE_HAB,P3_S13,DK,-2.1,4.5,-3.2,-0.5,0.5,
A,CLV_PCH_PRE_HAB,P3_S13,EA,1.1,4.3,0.8,0.9,1.8,
A,CLV_PCH_PRE_HAB,P3_S13,EA12,1.1,4.3,0.8,0.9,1.8,
A,CLV_PCH_PRE_HAB,P3_S13,EA19,1.1,4.3,0.8,0.8,1.8,
A,CLV_PCH_PRE_HAB,P3_S13,EA20,1.1,4.3,0.8,0.9,1.8,
A,CLV_PCH_PRE_HAB,P3_S13,EA21,1.2,4.3,0.9,0.9,1.8,
A,CLV_PCH_PRE_HAB,P3_S13,EE,3.6,3.7,-1.7,-1.9,1.1,
A,CLV_PCH_PRE_HAB,P3_S13,EL,3.3,2.4,0.6,3.1,-2.4,
A,CLV_PCH_PRE_HAB,P3_S13,ES,3.0,3.6,-0.2,3.3,1.9,
A,CLV_PCH_PRE_HAB,P3_S13,EU27_2020,1.4,4.2,0.5,1.1,2.1,
A,CLV_PCH_PRE_HAB,P3_S13,FI,0.3,4.1,-0.9,3.8,1.2,
A,CLV_PCH_PRE_HAB,P3_S13,FR,-4.6,6.1,2.3,1.1,1.2,
A,CLV_PCH_PRE_HAB,P3_S13,HR,4.5,3.8,2.7,6.5,7.0,
A,CLV_PCH_PRE_HAB,P3_S13,HU,0.0,2.7,3.1,3.4,-1.5,
A,CLV_PCH_PRE_HAB,P3_S13,IE,8.9,5.7,1.5,4.4,3.1,
A,CLV_PCH_PRE_HAB,P3_S13,IS,3.6,0.9,-0.6,-0.2,-0.1,
A,CLV_PCH_PRE_HAB,P3_S13,IT,0.8,2.8,1.0,1.1,1.0,
A,CLV_PCH_PRE_HAB,P3_S13,LT,-1.4,1.3,1.0,-1.4,1.0,
A,CLV_PCH_PRE_HAB,P3_S13,LU,5.9,3.2,1.8,-0.3,3.3,
A,CLV_PCH_PRE_HAB,P3_S13,LV,4.6,4.5,0.3,2.7,0.5,
A,CLV_PCH_PRE_HAB,P3_S13,ME,0.0,-1.9,2.1,2.9,1.6,
A,CLV_PCH_PRE_HAB,P3_S13,MK,10.8,2.1,-4.0,-0.9,0.6,
A,CLV_PCH_PRE_HAB,P3_S13,MT,9.7,5.0,-2.8,-0.3,6.3,
A,CLV_PCH_PRE_HAB,P3_S13,NL,1.0,4.1,0.3,1.8,2.9,2.1
A,CLV_PCH_PRE_HAB,P3_S13,NO,-1.1,3.1,0.9,2.2,1.4,
A,CLV_PCH_PRE_HAB,P3_S13,PL,7.1,5.5,-1.6,5.0,9.0,
A,CLV_PCH_PRE_HAB,P3_S13,PT,0.1,3.6,1.1,0.7,0.4,
A,CLV_PCH_PRE_HAB,P3_S13,RO,3.1,0.4,-0.9,3.9,1.3,
A,CLV_PCH_PRE_HAB,P3_S13,RS,3.9,5.1,3.9,-1.8,4.5,
A,CLV_PCH_PRE_HAB,P3_S13,SE,-2.2,2.8,-0.4,0.3,0.7,
A,CLV_PCH_PRE_HAB,P3_S13,SI,3.4,5.9,-0.7,1.5,7.0,
A,CLV_PCH_PRE_HAB,P3_S13,SK,-1.1,4.1,-3.2,-2.5,3.9,
A,CLV_PCH_PRE_HAB,P3_S13,TR,1.9,3.2,3.6,2.2,-0.8,
A,CLV_PCH_PRE_HAB,P3_S13,UK,,,,,,
A,CLV_PCH_PRE_HAB,P41,AL,-4.6,5.8,7.0,,,
A,CLV_PCH_PRE_HAB,P41,AT,-7.0,5.8,3.0,-1.1,1.0,
A,CLV_PCH_PRE_HAB,P41,BE,-6.4,5.0,2.8,0.8,1.4,
A,CLV_PCH_PRE_HAB,P41,BG,2.0,8.7,4.7,1.4,4.9,
A,CLV_PCH_PRE_HAB,P41,CH,-3.7,1.9,2.9,0.0,1.0,
A,CLV_PCH_PRE_HAB,P41,CY,-4.3,4.5,7.5,3.4,2.4,
A,CLV_PCH_PRE_HAB,P41,CZ,-3.7,4.2,-1.9,-2.5,2.5,
A,CLV_PCH_PRE_HAB,P41,DE,-4.4,2.6,4.8,-1.8,0.7,1.5
A,CLV_PCH_PRE_HAB,P41,DK,-2.1,5.3,-3.2,-2.7,0.2,
A,CLV_PCH_PRE_HAB,P41,EA,-6.3,4.8,4.0,0.0,1.0,
A,CLV_PCH_PRE_HAB,P41,EA12,-6.4,4.7,4.0,0.0,1.0,
A,CLV_PCH_PRE_HAB,P41,EA19,-6.3,4.8,4.0,-0.1,1.0,
A,CLV_PCH_PRE_HAB,P41,EA20,-6.3,4.8,4.0,0.0,1.0,
A,CLV_PCH_PRE_HAB,P41,EA21,-6.2,4.9,4.0,0.0,1.1,
A,CLV_PCH_PRE_HAB,P41,EE,-0.1,6.8,2.2,-3.7,-0.2,
A,CLV_PCH_PRE_HAB,P41,EL,-4.7,5.4,8.8,2.7,1.9,
A,CLV_PCH_PRE_HAB,P41,ES,-9.8,6.6,3.0,1.0,2.1,
A,CLV_PCH_PRE_HAB,P41,EU27_2020,-5.6,5.0,3.6,-0.1,1.4,
A,CLV_PCH_PRE_HAB,P41,FI,-2.8,3.2,0.2,0.8,-0.6,
A,CLV_PCH_PRE_HAB,P41,FR,-6.7,5.5,2.8,0.5,0.9,
A,CLV_PCH_PRE_HAB,P41,HR,-2.3,10.4,6.5,3.5,6.2,
A,CLV_PCH_PRE_HAB,P41,HU,-0.5,5.2,7.3,-1.4,5.3,
A,CLV_PCH_PRE_HAB,P41,IE,-7.1,7.2,7.0,3.2,1.5,
A,CLV_PCH_PRE_HAB,P41,IS,-1.9,5.1,3.6,-1.5,-0.7,
A,CLV_PCH_PRE_HAB,P41,IT,-8.6,6.1,4.7,0.8,0.5,
A,CLV_PCH_PRE_HAB,P41,LT,-3.0,6.9,1.1,-1.5,2.2,
A,CLV_PCH_PRE_HAB,P41,LU,-5.5,8.0,3.7,0.9,2.1,
A,CLV_PCH_PRE_HAB,P41,LV,-4.4,8.5,3.2,0.3,0.7,
A,CLV_PCH_PRE_HAB,P41,ME,-4.2,5.2,12.0,6.8,9.3,
A,CLV_PCH_PRE_HAB,P41,MT,-7.9,9.5,4.2,6.8,3.9,
A,CLV_PCH_PRE_HAB,P41,NL,-5.0,4.1,4.1,0.0,0.9,1.2
A,CLV_PCH_PRE_HAB,P41,NO,-6.0,4.3,5.4,-1.3,0.7,
A,CLV_PCH_PRE_HAB,P41,PL,-0.1,7.2,1.9,0.8,4.4,
A,CLV_PCH_PRE_HAB,P41,PT,-6.3,5.2,4.8,1.3,1.9,
A,CLV_PCH_PRE_HAB,P41,RO,-2.8,7.2,5.7,2.6,4.7,
A,CLV_PCH_PRE_HAB,P41,RS,0.2,7.8,6.5,0.9,5.5,
A,CLV_PCH_PRE_HAB,P41,SE,-3.4,4.4,0.8,-1.8,0.3,
A,CLV_PCH_PRE_HAB,P41,SI,-4.9,10.1,3.2,-0.6,4.7,
A,CLV_PCH_PRE_HAB,P41,SK,0.1,4.3,4.8,-2.7,3.1,
A,CLV_PCH_PRE_HAB,P41,TR,3.2,13.3,13.1,10.3,4.7,
A,CLV_PCH_PRE_HAB,P41,UK,,,,,,
A,CP_EUR_HAB,B1GQ,AL,4710.0,5420.0,6500.0,,,
A,CP_EUR_HAB,B1GQ,AT,42650.0,45380.0,49640.0,52330.0,53830.0,
A,CP_EUR_HAB,B1GQ,BE,40190.0,43680.0,48060.0,51140.0,52340.0,
A,CP_EUR_HAB,B1GQ,BG,9440.0,10960.0,13310.0,14660.0,16260.0,
A,CP_EUR_HAB,B1GQ,CH,76710.0,81610.0,92900.0,96280.0,99430.0,
A,CP_EUR_HAB,B1GQ,CY,24630.0,27850.0,31560.0,33870.0,35730.0,
A,CP_EUR_HAB,B1GQ,CZ,20980.0,23430.0,26670.0,29330.0,29440.0,
A,CP_EUR_HAB,B1GQ,DE,42020.0,44910.0,48340.0,50660.0,51830.0,53520.0
A,CP_EUR_HAB,B1GQ,DK,53540.0,58640.0,64430.0,62910.0,65650.0,
A,CP_EUR_HAB,B1GQ,EA,33840.0,36750.0,39850.0,41950.0,43400.0,
A,CP_EUR_HAB,B1GQ,EA12,34530.0,37460.0,40610.0,42950.0,44390.0,
A,CP_EUR_HAB,B1GQ,EA19,33840.0,36750.0,39850.0,42190.0,43640.0,
A,CP_EUR_HAB,B1GQ,EA20,33610.0,36500.0,39610.0,41950.0,43400.0,
A,CP_EUR_HAB,B1GQ,EA21,33160.0,36030.0,39130.0,41460.0,42910.0,
A,CP_EUR_HAB,B1GQ,EE,20960.0,23650.0,27260.0,28080.0,28990.0,
A,CP_EUR_HAB,B1GQ,EL,15660.0,17350.0,19570.0,21300.0,22480.0,
A,CP_EUR_HAB,B1GQ,ES,23850.0,26090.0,28790.0,30980.0,32630.0,
A,CP_EUR_HAB,B1GQ,EU27_2020,30510.0,33260.0,36140.0,38380.0,39940.0,
A,CP_EUR_HAB,B1GQ,FI,42740.0,44890.0,47890.0,48950.0,49100.0,
A,CP_EUR_HAB,B1GQ,FR,34280.0,36920.0,38920.0,41340.0,42590.0,
A,CP_EUR_HAB,B1GQ,HR,12980.0,15070.0,17540.0,20530.0,22200.0,
A,CP_EUR_HAB,B1GQ,HU,14370.0,16090.0,17550.0,20560.0,21550.0,
A,CP_EUR_HAB,B1GQ,IE,75820.0,88070.0,100140.0,99080.0,104510.0,
A,CP_EUR_HAB,B1GQ,IS,54190.0,61360.0,74950.0,77300.0,79400.0,
A,CP_EUR_HAB,B1GQ,IT,28100.0,31160.0,33860.0,36330.0,37310.0,
A,CP_EUR_HAB,B1GQ,LI,142470.0,168450.0,174440.0,185840.0,,
A,CP_EUR_HAB,B1GQ,LT,17890.0,20190.0,23690.0,25880.0,27350.0,
A,CP_EUR_HAB,B1GQ,LU,102190.0,113920.0,117100.0,122970.0,127030.0,
A,CP_EUR_HAB,B1GQ,LV,15370.0,17130.0,19130.0,21030.0,21640.0,
A,CP_EUR_HAB,B1GQ,ME,6610.0,7880.0,9530.0,11340.0,12260.0,
A,CP_EUR_HAB,B1GQ,MK,5840.0,6440.0,7230.0,8020.0,8590.0,
A,CP_EUR_HAB,B1GQ,MT,27870.0,32190.0,33810.0,37800.0,40620.0,
A,CP_EUR_HAB,B1GQ,NL,46810.0,50850.0,56140.0,58740.0,62380.0,65210.0
A,CP_EUR_HAB,B1GQ,NO,60020.0,78670.0,103990.0,80890.0,80200.0,
A,CP_EUR_HAB,B1GQ,PL,14310.0,15770.0,17520.0,19980.0,22610.0,
A,CP_EUR_HAB,B1GQ,PT,19360.0,20800.0,23300.0,25560.0,27060.0,
A,CP_EUR_HAB,B1GQ,RO,11390.0,12590.0,14740.0,16870.0,18560.0,
A,CP_EUR_HAB,B1GQ,RS,7110.0,8180.0,9530.0,11350.0,12640.0,
A,CP_EUR_HAB,B1GQ,SE,46180.0,51260.0,51980.0,50490.0,52550.0,
A,CP_EUR_HAB,B1GQ,SI,22230.0,24690.0,26970.0,30200.0,31700.0,
A,CP_EUR_HAB,B1GQ,SK,17270.0,18730.0,20150.0,22640.0,23850.0,
A,CP_EUR_HAB,B1GQ,TR,7340.0,8050.0,9930.0,11860.0,14140.0,
A,CP_EUR_HAB,B1GQ,UK,,,,,,
A,CP_EUR_HAB,P3,AL,4160.0,4590.0,5430.0,,,
A,CP_EUR_HAB,P3,AT,30240.0,32430.0,35490.0,37820.0,39690.0,
A,CP_EUR_HAB,P3,BE,29940.0,32180.0,36070.0,38370.0,39720.0,
A,CP_EUR_HAB,P3,BG,7300.0,8420.0,10150.0,11160.0,12530.0,
A,CP_EUR_HAB,P3,CH,48340.0,48940.0,55410.0,58300.0,60880.0,
A,CP_EUR_HAB,P3,CY,19880.0,21070.0,23930.0,25910.0,27040.0,
A,CP_EUR_HAB,P3,CZ,14380.0,15970.0,18180.0,19620.0,19850.0,
A,CP_EUR_HAB,P3,DE,30660.0,32430.0,35890.0,37510.0,38730.0,40490.0
A,CP_EUR_HAB,P3,DK,38330.0,41020.0,42340.0,42370.0,43700.0,
A,CP_EUR_HAB,P3,EA,25170.0,26890.0,29540.0,31040.0,32170.0,
A,CP_EUR_HAB,P3,EA12,25670.0,27400.0,30070.0,31750.0,32870.0,
A,CP_EUR_HAB,P3,EA19,25170.0,26890.0,29540.0,31210.0,32330.0,
A,CP_EUR_HAB,P3,EA20,25000.0,26720.0,29360.0,31040.0,32170.0,
A,CP_EUR_HAB,P3,EA21,24680.0,26390.0,29010.0,30680.0,31820.0,
A,CP_EUR_HAB,P3,EE,14970.0,16620.0,19610.0,20760.0,21580.0,
A,CP_EUR_HAB,P3,EL,14700.0,15610.0,17780.0,18880.0,19620.0,
A,CP_EUR_HAB,P3,ES,18570.0,20130.0,22010.0,23250.0,24370.0,
A,CP_EUR_HAB,P3,EU27_2020,22660.0,24320.0,26710.0,28320.0,29590.0,
A,CP_EUR_HAB,P3,FI,31910.0,33740.0,35780.0,37670.0,37930.0,
A,CP_EUR_HAB,P3,FR,27050.0,28710.0,30630.0,32570.0,33570.0,
A,CP_EUR_HAB,P3,HR,10830.0,12200.0,14060.0,15900.0,17810.0,
A,CP_EUR_HAB,P3,HU,10190.0,11170.0,12480.0,14370.0,15570.0,
A,CP_EUR_HAB,P3,IE,28370.0,31180.0,35340.0,39110.0,41230.0,
A,CP_EUR_HAB,P3,IS,42990.0,48280.0,56450.0,57100.0,59560.0,
A,CP_EUR_HAB,P3,IT,22080.0,23670.0,26150.0,27380.0,28070.0,
A,CP_EUR_HAB,P3,LT,13310.0,14890.0,17610.0,19020.0,20210.0,
A,CP_EUR_HAB,P3,LU,49850.0,54210.0,59170.0,63180.0,66510.0,
A,CP_EUR_HAB,P3,LV,11750.0,13270.0,15350.0,16610.0,17460.0,
A,CP_EUR_HAB,P3,ME,6960.0,7400.0,9070.0,10530.0,11840.0,
A,CP_EUR_HAB,P3,MK,4830.0,5390.0,6110.0,6690.0,7080.0,
A,CP_EUR_HAB,P3,MT,17370.0,19130.0,20840.0,23350.0,25110.0,
A,CP_EUR_HAB,P3,NL,32020.0,34610.0,38380.0,41110.0,43230.0,44980.0
A,CP_EUR_HAB,P3,NO,41760.0,47250.0,52440.0,48770.0,49920.0,
A,CP_EUR_HAB,P3,PL,10810.0,11820.0,13360.0,15310.0,17680.0,
A,CP_EUR_HAB,P3,PT,15990.0,17020.0,18880.0,20020.0,21050.0,
A,CP_EUR_HAB,P3,RO,9120.0,9980.0,11770.0,13270.0,15030.0,
A,CP_EUR_HAB,P3,RS,5970.0,6770.0,8010.0,9050.0,10050.0,
A,CP_EUR_HAB,P3,SE,33010.0,36330.0,37200.0,36340.0,37750.0,
A,CP_EUR_HAB,P3,SI,15740.0,17920.0,19800.0,21380.0,22910.0,
A,CP_EUR_HAB,P3,SK,13600.0,14560.0,16650.0,17810.0,19110.0,
A,CP_EUR_HAB,P3,TR,5050.0,5240.0,6460.0,7980.0,9720.0,
A,CP_EUR_HAB,P3,UK,,,,,,
A,CP_EUR_HAB,P31_S13,AL,290.0,330.0,360.0,,,
A,CP_EUR_HAB,P31_S13,AT,5780.0,6470.0,6640.0,6950.0,7480.0,
A,CP_EUR_HAB,P31_S13,BE,6270.0,6770.0,7320.0,7750.0,8090.0,
A,CP_EUR_HAB,P31_S13,BG,920.0,1090.0,1230.0,1410.0,1730.0,
A,CP_EUR_HAB,P31_S13,CH,4940.0,5260.0,5490.0,5930.0,6180.0,
A,CP_EUR_HAB,P31_S13,CY,2590.0,3010.0,3240.0,3510.0,3780.0,
A,CP_EUR_HAB,P31_S13,CZ,2540.0,2860.0,3030.0,3330.0,3420.0,
A,CP_EUR_HAB,P31_S13,DE,5870.0,6270.0,6570.0,6620.0,7020.0,7520.0
A,CP_EUR_HAB,P31_S13,DK,9330.0,9990.0,10000.0,10020.0,10460.0,
A,CP_EUR_HAB,P31_S13,EA,4750.0,5110.0,5340.0,5520.0,5800.0,
A,CP_EUR_HAB,P31_S13,EA12,4880.0,5240.0,5480.0,5680.0,5970.0,
A,CP_EUR_HAB,P31_S13,EA19,4750.0,5110.0,5340.0,5550.0,5840.0,
A,CP_EUR_HAB,P31_S13,EA20,4720.0,5080.0,5310.0,5520.0,5800.0,
A,CP_EUR_HAB,P31_S13,EA21,4650.0,5000.0,5230.0,5440.0,5730.0,
A,CP_EUR_HAB,P31_S13,EE,2450.0,2710.0,3000.0,3290.0,3550.0,
A,CP_EUR_HAB,P31_S13,EL,1720.0,1820.0,1920.0,2050.0,2060.0,
A,CP_EUR_HAB,P31_S13,ES,3120.0,3320.0,3460.0,3640.0,3800.0,
A,CP_EUR_HAB,P31_S13,EU27_2020,4260.0,4610.0,4800.0,5020.0,5320.0,
A,CP_EUR_HAB,P31_S13,FI,7160.0,7610.0,7890.0,8940.0,9060.0,
A,CP_EUR_HAB,P31_S13,FR,5590.0,6030.0,6190.0,6440.0,6660.0,
A,CP_EUR_HAB,P31_S13,HR,1700.0,1810.0,1920.0,2220.0,2690.0,
A,CP_EUR_HAB,P31_S13,HU,1390.0,1560.0,1630.0,1870.0,2030.0,
A,CP_EUR_HAB,P31_S13,IE,6410.0,6910.0,7390.0,8130.0,8500.0,
A,CP_EUR_HAB,P31_S13,IS,9660.0,10770.0,12280.0,12530.0,13310.0,
A,CP_EUR_HAB,P31_S13,IT,3380.0,3600.0,3750.0,3850.0,3980.0,
A,CP_EUR_HAB,P31_S13,LT,1960.0,2170.0,2430.0,2750.0,3150.0,
A,CP_EUR_HAB,P31_S13,LU,11530.0,12030.0,12840.0,13520.0,14510.0,
A,CP_EUR_HAB,P31_S13,LV,1460.0,1860.0,1910.0,2200.0,2430.0,
A,CP_EUR_HAB,P31_S13,ME,800.0,840.0,950.0,1120.0,1180.0,
A,CP_EUR_HAB,P31_S13,MK,560.0,500.0,510.0,570.0,580.0,
A,CP_EUR_HAB,P31_S13,MT,3280.0,3590.0,3510.0,3670.0,4090.0,
A,CP_EUR_HAB,P31_S13,NL,8160.0,8850.0,9320.0,9980.0,10840.0,11360.0
A,CP_EUR_HAB,P31_S13,NO,10420.0,11810.0,12580.0,11760.0,12150.0,
A,CP_EUR_HAB,P31_S13,PL,1460.0,1650.0,1760.0,2090.0,2630.0,
A,CP_EUR_HAB,P31_S13,PT,2050.0,2260.0,2400.0,2490.0,2730.0,
A,CP_EUR_HAB,P31_S13,RO,960.0,1010.0,1130.0,1330.0,1500.0,
A,CP_EUR_HAB,P31_S13,RS,740.0,810.0,940.0,1060.0,1210.0,
A,CP_EUR_HAB,P31_S13,SE,9080.0,9850.0,9700.0,9650.0,9990.0,
A,CP_EUR_HAB,P31_S13,SI,2810.0,3160.0,3220.0,3500.0,4050.0,
A,CP_EUR_HAB,P31_S13,SK,1630.0,1820.0,2050.0,2230.0,2410.0,
A,CP_EUR_HAB,P31_S13,TR,670.0,650.0,680.0,930.0,1200.0,
A,CP_EUR_HAB,P31_S13,UK,,,,,,
A,CP_EUR_HAB,P31_S14,AL,3470.0,3840.0,4590.0,,,
A,CP_EUR_HAB,P31_S14,AT,20320.0,21590.0,24310.0,25950.0,26850.0,
A,CP_EUR_HAB,P31_S14,BE,19780.0,21340.0,24290.0,25860.0,26670.0,
A,CP_EUR_HAB,P31_S14,BG,5440.0,6300.0,7650.0,8390.0,9250.0,
A,CP_EUR_HAB,P31_S14,CH,37130.0,37370.0,42830.0,44890.0,46820.0,
A,CP_EUR_HAB,P31_S14,CY,14910.0,15550.0,17940.0,19330.0,20110.0,
A,CP_EUR_HAB,P31_S14,CZ,9690.0,10850.0,12710.0,13590.0,13660.0,
A,CP_EUR_HAB,P31_S14,DE,20650.0,21800.0,24670.0,25930.0,26600.0,27620.0
A,CP_EUR_HAB,P31_S14,DK,24300.0,26140.0,27270.0,27110.0,27670.0,
A,CP_EUR_HAB,P31_S14,EA,17080.0,18290.0,20470.0,21610.0,22290.0,
A,CP_EUR_HAB,P31_S14,EA12,17390.0,18610.0,20810.0,22070.0,22750.0,
A,CP_EUR_HAB,P31_S14,EA19,17080.0,18290.0,20470.0,21720.0,22400.0,
A,CP_EUR_HAB,P31_S14,EA20,16970.0,18180.0,20360.0,21610.0,22290.0,
A,CP_EUR_HAB,P31_S14,EA21,16750.0,17960.0,20120.0,21370.0,22060.0,
A,CP_EUR_HAB,P31_S14,EE,10290.0,11510.0,13920.0,14550.0,14940.0,
A,CP_EUR_HAB,P31_S14,EL,10890.0,11630.0,13610.0,14460.0,15150.0,
A,CP_EUR_HAB,P31_S14,ES,13110.0,14350.0,15900.0,16820.0,17710.0,
A,CP_EUR_HAB,P31_S14,EU27_2020,15390.0,16570.0,18540.0,19720.0,20490.0,
A,CP_EUR_HAB,P31_S14,FI,20670.0,21790.0,23270.0,24190.0,24210.0,
A,CP_EUR_HAB,P31_S14,FR,17600.0,18680.0,20150.0,21640.0,22280.0,
A,CP_EUR_HAB,P31_S14,HR,7440.0,8540.0,10140.0,11360.0,12410.0,
A,CP_EUR_HAB,P31_S14,HU,6850.0,7510.0,8490.0,9700.0,10650.0,
A,CP_EUR_HAB,P31_S14,IE,18480.0,20540.0,24000.0,26760.0,28120.0,
A,CP_EUR_HAB,P31_S14,IS,26450.0,29940.0,35620.0,35920.0,37170.0,
A,CP_EUR_HAB,P31_S14,IT,16120.0,17390.0,19600.0,20700.0,21140.0,
A,CP_EUR_HAB,P31_S14,LT,9980.0,11300.0,13520.0,14450.0,15000.0,
A,CP_EUR_HAB,P31_S14,LU,28830.0,32160.0,35410.0,37650.0,39280.0,
A,CP_EUR_HAB,P31_S14,LV,8330.0,9320.0,11150.0,11970.0,12520.0,
A,CP_EUR_HAB,P31_S14,ME,5300.0,5720.0,7220.0,8350.0,9510.0,
A,CP_EUR_HAB,P31_S14,MK,3810.0,4300.0,4950.0,5410.0,5650.0,
A,CP_EUR_HAB,P31_S14,MT,11420.0,12720.0,14320.0,16550.0,17570.0,
A,CP_EUR_HAB,P31_S14,NL,19610.0,21290.0,24290.0,25910.0,26680.0,27540.0
A,CP_EUR_HAB,P31_S14,NO,24600.0,27930.0,31680.0,29200.0,29760.0,
A,CP_EUR_HAB,P31_S14,PL,7980.0,8760.0,10010.0,11320.0,12740.0,
A,CP_EUR_HAB,P31_S14,PT,12010.0,12840.0,14450.0,15340.0,16050.0,
A,CP_EUR_HAB,P31_S14,RO,6870.0,7650.0,9220.0,10250.0,11460.0,
A,CP_EUR_HAB,P31_S14,RS,4520.0,5150.0,6160.0,7000.0,7720.0,
A,CP_EUR_HAB,P31_S14,SE,20170.0,22380.0,23210.0,22380.0,23150.0,
A,CP_EUR_HAB,P31_S14,SI,10940.0,12550.0,14250.0,15260.0,16100.0,
A,CP_EUR_HAB,P31_S14,SK,9760.0,10410.0,12140.0,12930.0,13810.0,
A,CP_EUR_HAB,P31_S14,TR,3920.0,4170.0,5260.0,6380.0,7630.0,
A,CP_EUR_HAB,P31_S14,UK,,,,,,
A,CP_EUR_HAB,P31_S14_S15,AL,3510.0,3890.0,4640.0,,,
A,CP_EUR_HAB,P31_S14_S15,AT,21150.0,22530.0,25290.0,27050.0,28070.0,
A,CP_EUR_HAB,P31_S14_S15,BE,20200.0,21800.0,24800.0,26410.0,27250.0,
A,CP_EUR_HAB,P31_S14_S15,BG,5480.0,6350.0,7710.0,8450.0,9320.0,
A,CP_EUR_HAB,P31_S14_S15,CH,38850.0,39140.0,44810.0,46990.0,49030.0,
A,CP_EUR_HAB,P31_S14_S15,CY,15150.0,15840.0,18250.0,19660.0,20470.0,
A,CP_EUR_HAB,P31_S14_S15,CZ,9880.0,11070.0,12950.0,13870.0,13970.0,
A,CP_EUR_HAB,P31_S14_S15,DE,21290.0,22460.0,25370.0,26640.0,27340.0,28420.0
A,CP_EUR_HAB,P31_S14_S15,DK,25080.0,26930.0,28130.0,28000.0,28620.0,
A,CP_EUR_HAB,P31_S14_S15,EA,17550.0,18790.0,21010.0,22170.0,22880.0,
A,CP_EUR_HAB,P31_S14_S15,EA12,17880.0,19120.0,21360.0,22660.0,23360.0,
A,CP_EUR_HAB,P31_S14_S15,EA19,17550.0,18790.0,21010.0,22290.0,22990.0,
A,CP_EUR_HAB,P31_S14_S15,EA20,17440.0,18670.0,20890.0,22170.0,22880.0,
A,CP_EUR_HAB,P31_S14_S15,EA21,17210.0,18450.0,20650.0,21930.0,22640.0,
A,CP_EUR_HAB,P31_S14_S15,EE,10650.0,11910.0,14390.0,15060.0,15480.0,
A,CP_EUR_HAB,P31_S14_S15,EL,11130.0,11870.0,13880.0,14740.0,15440.0,
A,CP_EUR_HAB,P31_S14_S15,ES,13380.0,14650.0,16230.0,17170.0,18070.0,
A,CP_EUR_HAB,P31_S14_S15,EU27_2020,15800.0,17010.0,19020.0,20220.0,21020.0,
A,CP_EUR_HAB,P31_S14_S15,FI,21470.0,22600.0,24210.0,25090.0,25110.0,
A,CP_EUR_HAB,P31_S14_S15,FR,18370.0,19500.0,21050.0,22590.0,23270.0,
A,CP_EUR_HAB,P31_S14_S15,HR,7600.0,8730.0,10350.0,11610.0,12690.0,
A,CP_EUR_HAB,P31_S14_S15,HU,7140.0,7830.0,8840.0,10160.0,11140.0,
A,CP_EUR_HAB,P31_S14_S15,IE,18830.0,20880.0,24350.0,27130.0,28620.0,
A,CP_EUR_HAB,P31_S14_S15,IS,27770.0,31440.0,37290.0,37640.0,38980.0,
A,CP_EUR_HAB,P31_S14_S15,IT,16260.0,17550.0,19770.0,20880.0,21330.0,
A,CP_EUR_HAB,P31_S14_S15,LT,10020.0,11340.0,13560.0,14500.0,15060.0,
A,CP_EUR_HAB,P31_S14_S15,LU,31010.0,34550.0,38010.0,40560.0,42310.0,
A,CP_EUR_HAB,P31_S14_S15,LV,8520.0,9530.0,11390.0,12190.0,12730.0,
A,CP_EUR_HAB,P31_S14_S15,ME,5400.0,5830.0,7350.0,8510.0,9680.0,
A,CP_EUR_HAB,P31_S14_S15,MK,3850.0,4370.0,5030.0,5490.0,5740.0,
A,CP_EUR_HAB,P31_S14_S15,MT,11880.0,13240.0,14890.0,17150.0,18250.0,
A,CP_EUR_HAB,P31_S14_S15,NL,19990.0,21700.0,24710.0,26350.0,27130.0,28030.0
A,CP_EUR_HAB,P31_S14_S15,NO,26080.0,29590.0,33680.0,31060.0,31650.0,
A,CP_EUR_HAB,P31_S14_S15,PL,8120.0,8900.0,10180.0,11520.0,12970.0,
A,CP_EUR_HAB,P31_S14_S15,PT,12330.0,13170.0,14830.0,15750.0,16490.0,
A,CP_EUR_HAB,P31_S14_S15,RO,6970.0,7740.0,9310.0,10370.0,11600.0,
A,CP_EUR_HAB,P31_S14_S15,RS,4590.0,5230.0,6260.0,7110.0,7840.0,
A,CP_EUR_HAB,P31_S14_S15,SE,20720.0,22990.0,23820.0,23000.0,23800.0,
A,CP_EUR_HAB,P31_S14_S15,SI,11130.0,12780.0,14550.0,15570.0,16450.0,
A,CP_EUR_HAB,P31_S14_S15,SK,9930.0,10600.0,12360.0,13210.0,14070.0,
A,CP_EUR_HAB,P31_S14_S15,TR,3940.0,4190.0,5280.0,6410.0,7680.0,
A,CP_EUR_HAB,P31_S14_S15,UK,,,,,,
A,CP_EUR_HAB,P31_S15,AL,40.0,50.0,50.0,,,
A,CP_EUR_HAB,P31_S15,AT,830.0,940.0,980.0,1100.0,1220.0,
A,CP_EUR_HAB,P31_S15,BE,420.0,460.0,510.0,550.0,590.0,
A,CP_EUR_HAB,P31_S15,BG,40.0,50.0,60.0,70.0,70.0,
A,CP_EUR_HAB,P31_S15,CH,1720.0,1770.0,1970.0,2100.0,2210.0,
A,CP_EUR_HAB,P31_S15,CY,240.0,290.0,310.0,330.0,350.0,
A,CP_EUR_HAB,P31_S15,CZ,190.0,220.0,250.0,280.0,310.0,
A,CP_EUR_HAB,P31_S15,DE,650.0,660.0,700.0,710.0,740.0,800.0
A,CP_EUR_HAB,P31_S15,DK,780.0,790.0,860.0,890.0,950.0,
A,CP_EUR_HAB,P31_S15,EA,470.0,500.0,540.0,570.0,590.0,
A,CP_EUR_HAB,P31_S15,EA12,490.0,510.0,560.0,580.0,610.0,
A,CP_EUR_HAB,P31_S15,EA19,470.0,500.0,540.0,570.0,590.0,
A,CP_EUR_HAB,P31_S15,EA20,470.0,500.0,540.0,570.0,590.0,
A,CP_EUR_HAB,P31_S15,EA21,460.0,490.0,530.0,560.0,580.0,
A,CP_EUR_HAB,P31_S15,EE,370.0,400.0,470.0,510.0,540.0,
A,CP_EUR_HAB,P31_S15,EL,240.0,250.0,270.0,280.0,280.0,
A,CP_EUR_HAB,P31_S15,ES,270.0,300.0,330.0,350.0,360.0,
A,CP_EUR_HAB,P31_S15,EU27_2020,410.0,440.0,480.0,510.0,530.0,
A,CP_EUR_HAB,P31_S15,FI,800.0,820.0,940.0,900.0,910.0,
A,CP_EUR_HAB,P31_S15,FR,770.0,820.0,900.0,960.0,990.0,
A,CP_EUR_HAB,P31_S15,HR,160.0,180.0,210.0,250.0,290.0,
A,CP_EUR_HAB,P31_S15,HU,290.0,310.0,360.0,460.0,480.0,
A,CP_EUR_HAB,P31_S15,IE,350.0,340.0,360.0,370.0,500.0,
A,CP_EUR_HAB,P31_S15,IS,1320.0,1500.0,1670.0,1720.0,1810.0,
A,CP_EUR_HAB,P31_S15,IT,140.0,150.0,160.0,180.0,190.0,
A,CP_EUR_HAB,P31_S15,LT,40.0,40.0,40.0,50.0,60.0,
A,CP_EUR_HAB,P31_S15,LU,2180.0,2390.0,2600.0,2910.0,3030.0,
A,CP_EUR_HAB,P31_S15,LV,190.0,210.0,230.0,220.0,210.0,
A,CP_EUR_HAB,P31_S15,ME,100.0,110.0,130.0,160.0,170.0,
A,CP_EUR_HAB,P31_S15,MK,50.0,60.0,70.0,80.0,90.0,
A,CP_EUR_HAB,P31_S15,MT,470.0,520.0,570.0,600.0,670.0,
A,CP_EUR_HAB,P31_S15,NL,380.0,400.0,420.0,440.0,460.0,490.0
A,CP_EUR_HAB,P31_S15,NO,1480.0,1660.0,1990.0,1870.0,1890.0,
A,CP_EUR_HAB,P31_S15,PL,130.0,140.0,170.0,200.0,240.0,
A,CP_EUR_HAB,P31_S15,PT,320.0,330.0,370.0,410.0,430.0,
A,CP_EUR_HAB,P31_S15,RO,100.0,90.0,100.0,120.0,140.0,
A,CP_EUR_HAB,P31_S15,RS,70.0,90.0,100.0,110.0,120.0,
A,CP_EUR_HAB,P31_S15,SE,550.0,610.0,600.0,610.0,650.0,
A,CP_EUR_HAB,P31_S15,SI,200.0,230.0,300.0,320.0,350.0,
A,CP_EUR_HAB,P31_S15,SK,170.0,190.0,230.0,280.0,270.0,
A,CP_EUR_HAB,P31_S15,TR,30.0,30.0,30.0,30.0,50.0,
A,CP_EUR_HAB,P31_S15,UK,,,,,,
A,CP_EUR_HAB,P32_S13,AL,350.0,370.0,430.0,,,
A,CP_EUR_HAB,P32_S13,AT,3310.0,3430.0,3550.0,3820.0,4150.0,
A,CP_EUR_HAB,P32_S13,BE,3470.0,3610.0,3950.0,4200.0,4380.0,
A,CP_EUR_HAB,P32_S13,BG,910.0,990.0,1210.0,1300.0,1480.0,
A,CP_EUR_HAB,P32_S13,CH,4550.0,4540.0,5110.0,5370.0,5660.0,
A,CP_EUR_HAB,P32_S13,CY,2130.0,2220.0,2440.0,2740.0,2800.0,
A,CP_EUR_HAB,P32_S13,CZ,1960.0,2030.0,2200.0,2420.0,2460.0,
A,CP_EUR_HAB,P32_S13,DE,3500.0,3690.0,3950.0,4250.0,4380.0,4540.0
A,CP_EUR_HAB,P32_S13,DK,3930.0,4100.0,4220.0,4350.0,4620.0,
A,CP_EUR_HAB,P32_S13,EA,2870.0,2990.0,3180.0,3350.0,3490.0,
A,CP_EUR_HAB,P32_S13,EA12,2910.0,3040.0,3230.0,3410.0,3550.0,
A,CP_EUR_HAB,P32_S13,EA19,2870.0,2990.0,3180.0,3360.0,3500.0,
A,CP_EUR_HAB,P32_S13,EA20,2850.0,2970.0,3160.0,3350.0,3490.0,
A,CP_EUR_HAB,P32_S13,EA21,2820.0,2940.0,3130.0,3310.0,3450.0,
A,CP_EUR_HAB,P32_S13,EE,1870.0,2000.0,2220.0,2420.0,2550.0,
A,CP_EUR_HAB,P32_S13,EL,1850.0,1920.0,1980.0,2090.0,2120.0,
A,CP_EUR_HAB,P32_S13,ES,2070.0,2160.0,2320.0,2440.0,2500.0,
A,CP_EUR_HAB,P32_S13,EU27_2020,2590.0,2710.0,2890.0,3080.0,3250.0,
A,CP_EUR_HAB,P32_S13,FI,3280.0,3530.0,3680.0,3630.0,3760.0,
A,CP_EUR_HAB,P32_S13,FR,3100.0,3180.0,3390.0,3530.0,3640.0,
A,CP_EUR_HAB,P32_S13,HR,1530.0,1670.0,1780.0,2070.0,2420.0,
A,CP_EUR_HAB,P32_S13,HU,1660.0,1790.0,2000.0,2340.0,2400.0,
A,CP_EUR_HAB,P32_S13,IE,3130.0,3400.0,3600.0,3850.0,4110.0,
A,CP_EUR_HAB,P32_S13,IS,5560.0,6080.0,6870.0,6930.0,7270.0,
A,CP_EUR_HAB,P32_S13,IT,2440.0,2510.0,2630.0,2650.0,2760.0,
A,CP_EUR_HAB,P32_S13,LT,1330.0,1370.0,1620.0,1770.0,2000.0,
A,CP_EUR_HAB,P32_S13,LU,7300.0,7620.0,8310.0,9110.0,9690.0,
A,CP_EUR_HAB,P32_S13,LV,1770.0,1870.0,2060.0,2220.0,2310.0,
A,CP_EUR_HAB,P32_S13,ME,770.0,740.0,780.0,910.0,980.0,
A,CP_EUR_HAB,P32_S13,MK,420.0,520.0,580.0,630.0,750.0,
A,CP_EUR_HAB,P32_S13,MT,2200.0,2300.0,2440.0,2520.0,2770.0,
A,CP_EUR_HAB,P32_S13,NL,3860.0,4060.0,4340.0,4780.0,5260.0,5590.0
A,CP_EUR_HAB,P32_S13,NO,5260.0,5850.0,6190.0,5940.0,6120.0,
A,CP_EUR_HAB,P32_S13,PL,1230.0,1270.0,1410.0,1700.0,2080.0,
A,CP_EUR_HAB,P32_S13,PT,1600.0,1590.0,1650.0,1780.0,1830.0,
A,CP_EUR_HAB,P32_S13,RO,1190.0,1230.0,1320.0,1570.0,1940.0,
A,CP_EUR_HAB,P32_S13,RS,640.0,730.0,810.0,880.0,1000.0,
A,CP_EUR_HAB,P32_S13,SE,3210.0,3500.0,3680.0,3690.0,3950.0,
A,CP_EUR_HAB,P32_S13,SI,1790.0,1980.0,2030.0,2300.0,2420.0,
A,CP_EUR_HAB,P32_S13,SK,2040.0,2140.0,2230.0,2370.0,2630.0,
A,CP_EUR_HAB,P32_S13,TR,430.0,400.0,490.0,640.0,840.0,
A,CP_EUR_HAB,P32_S13,UK,,,,,,
A,CP_EUR_HAB,P3_S13,AL,640.0,700.0,790.0,,,
A,CP_EUR_HAB,P3_S13,AT,9090.0,9900.0,10190.0,10770.0,11630.0,
A,CP_EUR_HAB,P3_S13,BE,9740.0,10380.0,11270.0,11960.0,12470.0,
A,CP_EUR_HAB,P3_S13,BG,1820.0,2070.0,2430.0,2710.0,3210.0,
A,CP_EUR_HAB,P3_S13,CH,9490.0,9800.0,10600.0,11310.0,11850.0,
A,CP_EUR_HAB,P3_S13,CY,4730.0,5230.0,5680.0,6250.0,6580.0,
A,CP_EUR_HAB,P3_S13,CZ,4500.0,4900.0,5230.0,5750.0,5880.0,
A,CP_EUR_HAB,P3_S13,DE,9360.0,9970.0,10520.0,10870.0,11400.0,12070.0
A,CP_EUR_HAB,P3_S13,DK,13260.0,14090.0,14210.0,14370.0,15080.0,
A,CP_EUR_HAB,P3_S13,EA,7620.0,8100.0,8520.0,8860.0,9290.0,
A,CP_EUR_HAB,P3_S13,EA12,7790.0,8280.0,8700.0,9090.0,9510.0,
A,CP_EUR_HAB,P3_S13,EA19,7620.0,8100.0,8520.0,8910.0,9340.0,
A,CP_EUR_HAB,P3_S13,EA20,7570.0,8050.0,8470.0,8860.0,9290.0,
A,CP_EUR_HAB,P3_S13,EA21,7460.0,7940.0,8360.0,8750.0,9180.0,
A,CP_EUR_HAB,P3_S13,EE,4320.0,4710.0,5220.0,5710.0,6100.0,
A,CP_EUR_HAB,P3_S13,EL,3570.0,3740.0,3890.0,4140.0,4180.0,
A,CP_EUR_HAB,P3_S13,ES,5190.0,5480.0,5770.0,6080.0,6300.0,
A,CP_EUR_HAB,P3_S13,EU27_2020,6860.0,7310.0,7690.0,8100.0,8570.0,
A,CP_EUR_HAB,P3_S13,FI,10440.0,11140.0,11570.0,12570.0,12810.0,
A,CP_EUR_HAB,P3_S13,FR,8690.0,9200.0,9580.0,9980.0,10300.0,
A,CP_EUR_HAB,P3_S13,HR,3230.0,3480.0,3700.0,4290.0,5120.0,
A,CP_EUR_HAB,P3_S13,HU,3050.0,3350.0,3630.0,4200.0,4430.0,
A,CP_EUR_HAB,P3_S13,IE,9540.0,10310.0,10990.0,11980.0,12610.0,
A,CP_EUR_HAB,P3_S13,IS,15220.0,16840.0,19160.0,19470.0,20580.0,
A,CP_EUR_HAB,P3_S13,IT,5820.0,6120.0,6380.0,6490.0,6740.0,
A,CP_EUR_HAB,P3_S13,LT,3290.0,3550.0,4050.0,4520.0,5150.0,
A,CP_EUR_HAB,P3_S13,LU,18830.0,19660.0,21150.0,22630.0,24200.0,
A,CP_EUR_HAB,P3_S13,LV,3220.0,3730.0,3960.0,4420.0,4730.0,
A,CP_EUR_HAB,P3_S13,ME,1570.0,1580.0,1720.0,2030.0,2160.0,
A,CP_EUR_HAB,P3_S13,MK,980.0,1020.0,1090.0,1200.0,1340.0,
A,CP_EUR_HAB,P3_S13,MT,5490.0,5900.0,5950.0,6200.0,6860.0,
A,CP_EUR_HAB,P3_S13,NL,12030.0,12910.0,13670.0,14760.0,16100.0,16960.0
A,CP_EUR_HAB,P3_S13,NO,15680.0,17660.0,18770.0,17700.0,18270.0,
A,CP_EUR_HAB,P3_S13,PL,2700.0,2920.0,3170.0,3790.0,4710.0,
A,CP_EUR_HAB,P3_S13,PT,3660.0,3860.0,4060.0,4270.0,4570.0,
A,CP_EUR_HAB,P3_S13,RO,2150.0,2240.0,2450.0,2900.0,3440.0,
A,CP_EUR_HAB,P3_S13,RS,1380.0,1540.0,1750.0,1940.0,2210.0,
A,CP_EUR_HAB,P3_S13,SE,12290.0,13340.0,13380.0,13340.0,13950.0,
A,CP_EUR_HAB,P3_S13,SI,4610.0,5140.0,5260.0,5800.0,6460.0,
A,CP_EUR_HAB,P3_S13,SK,3670.0,3970.0,4280.0,4600.0,5040.0,
A,CP_EUR_HAB,P3_S13,TR,1100.0,1050.0,1170.0,1570.0,2040.0,
A,CP_EUR_HAB,P3_S13,UK,,,,,,
A,CP_EUR_HAB,P41,AL,3810.0,4220.0,5010.0,,,
A,CP_EUR_HAB,P41,AT,26930.0,29010.0,31930.0,34000.0,35540.0,
A,CP_EUR_HAB,P41,BE,26470.0,28570.0,32120.0,34170.0,35350.0,
A,CP_EUR_HAB,P41,BG,6390.0,7430.0,8940.0,9860.0,11050.0,
A,CP_EUR_HAB,P41,CH,43790.0,44400.0,50300.0,52920.0,55210.0,
A,CP_EUR_HAB,P41,CY,17750.0,18850.0,21490.0,23170.0,24250.0,
A,CP_EUR_HAB,P41,CZ,12420.0,13930.0,15980.0,17200.0,17400.0,
A,CP_EUR_HAB,P41,DE,27160.0,28730.0,31950.0,33260.0,34360.0,35940.0
A,CP_EUR_HAB,P41,DK,34400.0,36920.0,38120.0,38020.0,39080.0,
A,CP_EUR_HAB,P41,EA,22300.0,23900.0,26360.0,27690.0,28680.0,
A,CP_EUR_HAB,P41,EA12,22760.0,24370.0,26840.0,28340.0,29320.0,
A,CP_EUR_HAB,P41,EA19,22300.0,23900.0,26360.0,27850.0,28830.0,
A,CP_EUR_HAB,P41,EA20,22150.0,23750.0,26200.0,27690.0,28680.0,
A,CP_EUR_HAB,P41,EA21,21860.0,23450.0,25880.0,27370.0,28370.0,
A,CP_EUR_HAB,P41,EE,13100.0,14630.0,17390.0,18340.0,19030.0,
A,CP_EUR_HAB,P41,EL,12840.0,13690.0,15800.0,16790.0,17500.0,
A,CP_EUR_HAB,P41,ES,16500.0,17970.0,19690.0,20800.0,21860.0,
A,CP_EUR_HAB,P41,EU27_2020,20070.0,21610.0,23820.0,25240.0,26340.0,
A,CP_EUR_HAB,P41,FI,28630.0,30210.0,32100.0,34040.0,34170.0,
A,CP_EUR_HAB,P41,FR,23950.0,25530.0,27240.0,29040.0,29930.0,
A,CP_EUR_HAB,P41,HR,9300.0,10540.0,12280.0,13830.0,15390.0,
A,CP_EUR_HAB,P41,HU,8530.0,9380.0,10470.0,12030.0,13170.0,
A,CP_EUR_HAB,P41,IE,25240.0,27780.0,31740.0,35270.0,37120.0,
A,CP_EUR_HAB,P41,IS,37430.0,42200.0,49570.0,50170.0,52290.0,
A,CP_EUR_HAB,P41,IT,19640.0,21150.0,23520.0,24730.0,25300.0,
A,CP_EUR_HAB,P41,LT,11980.0,13510.0,15990.0,17250.0,18210.0,
A,CP_EUR_HAB,P41,LU,42550.0,46580.0,50860.0,54070.0,56820.0,
A,CP_EUR_HAB,P41,LV,9980.0,11390.0,13290.0,14390.0,15160.0,
A,CP_EUR_HAB,P41,ME,6200.0,6670.0,8300.0,9620.0,10860.0,
A,CP_EUR_HAB,P41,MK,4410.0,4860.0,5540.0,6060.0,6330.0,
A,CP_EUR_HAB,P41,MT,15170.0,16830.0,18400.0,20830.0,22340.0,
A,CP_EUR_HAB,P41,NL,28160.0,30550.0,34040.0,36330.0,37970.0,39390.0
A,CP_EUR_HAB,P41,NO,36500.0,41400.0,46260.0,42830.0,43800.0,
A,CP_EUR_HAB,P41,PL,9580.0,10550.0,11940.0,13610.0,15600.0,
A,CP_EUR_HAB,P41,PT,14380.0,15430.0,17230.0,18240.0,19220.0,
A,CP_EUR_HAB,P41,RO,7930.0,8750.0,10450.0,11700.0,13100.0,
A,CP_EUR_HAB,P41,RS,5330.0,6040.0,7200.0,8170.0,9050.0,
A,CP_EUR_HAB,P41,SE,29800.0,32830.0,33520.0,32650.0,33800.0,
A,CP_EUR_HAB,P41,SI,13950.0,15940.0,17770.0,19070.0,20500.0,
A,CP_EUR_HAB,P41,SK,11560.0,12420.0,14410.0,15440.0,16480.0,
A,CP_EUR_HAB,P41,TR,4610.0,4850.0,5970.0,7340.0,8880.0,
A,CP_EUR_HAB,P41,UK,,,,,,
A,CP_NAC_HAB,B1GQ,AL,583540.0,663900.0,773930.0,,,
A,CP_NAC_HAB,B1GQ,AT,42650.0,45380.0,49640.0,52330.0,53830.0,
A,CP_NAC_HAB,B1GQ,BE,40190.0,43680.0,48060.0,51140.0,52340.0,
A,CP_NAC_HAB,B1GQ,BG,9440.0,10960.0,13310.0,14660.0,16260.0,
A,CP_NAC_HAB,B1GQ,CH,82120.0,88220.0,93340.0,93570.0,94720.0,
A,CP_NAC_HAB,B1GQ,CY,24630.0,27850.0,31560.0,33870.0,35730.0,
A,CP_NAC_HAB,B1GQ,CZ,554960.0,600690.0,655220.0,704140.0,739600.0,
A,CP_NAC_HAB,B1GQ,DE,42020.0,44910.0,48340.0,50660.0,51830.0,53520.0
A,CP_NAC_HAB,B1GQ,DK,399090.0,436130.0,479360.0,468720.0,489710.0,
A,CP_NAC_HAB,B1GQ,EA,33840.0,36750.0,39850.0,41950.0,43400.0,
A,CP_NAC_HAB,B1GQ,EA12,34530.0,37460.0,40610.0,42950.0,44390.0,
A,CP_NAC_HAB,B1GQ,EA19,33840.0,36750.0,39850.0,42190.0,43640.0,
A,CP_NAC_HAB,B1GQ,EA20,33610.0,36500.0,39610.0,41950.0,43400.0,
A,CP_NAC_HAB,B1GQ,EA21,33160.0,36030.0,39130.0,41460.0,42910.0,
A,CP_NAC_HAB,B1GQ,EE,20960.0,23650.0,27260.0,28080.0,28990.0,
A,CP_NAC_HAB,B1GQ,EL,15660.0,17350.0,19570.0,21300.0,22480.0,
A,CP_NAC_HAB,B1GQ,ES,23850.0,26090.0,28790.0,30980.0,32630.0,
A,CP_NAC_HAB,B1GQ,EU27_2020,30510.0,33260.0,36140.0,38380.0,39940.0,
A,CP_NAC_HAB,B1GQ,FI,42740.0,44890.0,47890.0,48950.0,49100.0,
A,CP_NAC_HAB,B1GQ,FR,34280.0,36920.0,38920.0,41340.0,42590.0,
A,CP_NAC_HAB,B1GQ,HR,12980.0,15060.0,17540.0,20530.0,22200.0,
A,CP_NAC_HAB,B1GQ,HU,5047120.0,5768960.0,6866210.0,7849380.0,8517790.0,
A,CP_NAC_HAB,B1GQ,IE,75820.0,88070.0,100140.0,99080.0,104510.0,
A,CP_NAC_HAB,B1GQ,IS,8377240.0,9213320.0,10660870.0,11527050.0,11855390.0,
A,CP_NAC_HAB,B1GQ,IT,28100.0,31160.0,33860.0,36330.0,37310.0,
A,CP_NAC_HAB,B1GQ,LI,152510.0,182120.0,175260.0,180600.0,,
A,CP_NAC_HAB,B1GQ,LT,17890.0,20190.0,23690.0,25880.0,27350.0,
A,CP_NAC_HAB,B1GQ,LU,102190.0,113920.0,117100.0,122970.0,127030.0,
A,CP_NAC_HAB,B1GQ,LV,15370.0,17130.0,19130.0,21030.0,21640.0,
A,CP_NAC_HAB,B1GQ,ME,6610.0,7880.0,9530.0,11340.0,12260.0,
A,CP_NAC_HAB,B1GQ,MK,359970.0,397060.0,445530.0,493980.0,528450.0,
A,CP_NAC_HAB,B1GQ,MT,27870.0,32190.0,33810.0,37800.0,40620.0,
A,CP_NAC_HAB,B1GQ,NL,46810.0,50850.0,56140.0,58740.0,62380.0,65210.0
A,CP_NAC_HAB,B1GQ,NO,643540.0,799540.0,1050560.0,924200.0,932630.0,
A,CP_NAC_HAB,B1GQ,PL,63580.0,71990.0,82080.0,90760.0,97360.0,
A,CP_NAC_HAB,B1GQ,PT,19360.0,20800.0,23300.0,25560.0,27060.0,
A,CP_NAC_HAB,B1GQ,RO,55120.0,61960.0,72670.0,83440.0,92320.0,
A,CP_NAC_HAB,B1GQ,RS,835490.0,962210.0,1119390.0,1331370.0,1480040.0,
A,CP_NAC_HAB,B1GQ,SE,484170.0,520150.0,552510.0,579580.0,600790.0,
A,CP_NAC_HAB,B1GQ,SI,22230.0,24690.0,26970.0,30200.0,31700.0,
A,CP_NAC_HAB,B1GQ,SK,17270.0,18730.0,20150.0,22640.0,23850.0,
A,CP_NAC_HAB,B1GQ,TR,59120.0,84640.0,172920.0,305570.0,503080.0,
A,CP_NAC_HAB,B1GQ,UK,,,,,,
A,CP_NAC_HAB,P3,AL,514800.0,562010.0,646240.0,,,
A,CP_NAC_HAB,P3,AT,30240.0,32430.0,35490.0,37820.0,39690.0,
A,CP_NAC_HAB,P3,BE,29940.0,32180.0,36070.0,38370.0,39720.0,
A,CP_NAC_HAB,P3,BG,7300.0,8420.0,10150.0,11160.0,12530.0,
A,CP_NAC_HAB,P3,CH,51740.0,52900.0,55670.0,56650.0,57990.0,
A,CP_NAC_HAB,P3,CY,19880.0,21070.0,23930.0,25910.0,27040.0,
A,CP_NAC_HAB,P3,CZ,380310.0,409370.0,446590.0,470840.0,498690.0,
A,CP_NAC_HAB,P3,DE,30660.0,32430.0,35890.0,37510.0,38730.0,40490.0
A,CP_NAC_HAB,P3,DK,285740.0,305060.0,314980.0,315690.0,325920.0,
A,CP_NAC_HAB,P3,EA,25170.0,26890.0,29540.0,31040.0,32170.0,
A,CP_NAC_HAB,P3,EA12,25670.0,27400.0,30070.0,31750.0,32870.0,
A,CP_NAC_HAB,P3,EA19,25170.0,26890.0,29540.0,31210.0,32330.0,
A,CP_NAC_HAB,P3,EA20,25000.0,26720.0,29360.0,31040.0,32170.0,
A,CP_NAC_HAB,P3,EA21,24680.0,26390.0,29010.0,30680.0,31820.0,
A,CP_NAC_HAB,P3,EE,14970.0,16620.0,19610.0,20760.0,21580.0,
A,CP_NAC_HAB,P3,EL,14700.0,15610.0,17780.0,18880.0,19620.0,
A,CP_NAC_HAB,P3,ES,18570.0,20130.0,22010.0,23250.0,24370.0,
A,CP_NAC_HAB,P3,EU27_2020,22660.0,24320.0,26710.0,28320.0,29590.0,
A,CP_NAC_HAB,P3,FI,31910.0,33740.0,35780.0,37670.0,37930.0,
A,CP_NAC_HAB,P3,FR,27050.0,28710.0,30630.0,32570.0,33570.0,
A,CP_NAC_HAB,P3,HR,10830.0,12190.0,14060.0,15900.0,17810.0,
A,CP_NAC_HAB,P3,HU,3577730.0,4005290.0,4881530.0,5485500.0,6155230.0,
A,CP_NAC_HAB,P3,IE,28370.0,31180.0,35340.0,39110.0,41230.0,
A,CP_NAC_HAB,P3,IS,6645760.0,7249240.0,8029160.0,8515840.0,8892200.0,
A,CP_NAC_HAB,P3,IT,22080.0,23670.0,26150.0,27380.0,28070.0,
A,CP_NAC_HAB,P3,LT,13310.0,14890.0,17610.0,19020.0,20210.0,
A,CP_NAC_HAB,P3,LU,49850.0,54210.0,59170.0,63180.0,66510.0,
A,CP_NAC_HAB,P3,LV,11750.0,13270.0,15350.0,16610.0,17460.0,
A,CP_NAC_HAB,P3,ME,6960.0,7400.0,9070.0,10530.0,11840.0,
A,CP_NAC_HAB,P3,MK,297990.0,331990.0,376740.0,411840.0,435290.0,
A,CP_NAC_HAB,P3,MT,17370.0,19130.0,20840.0,23350.0,25110.0,
A,CP_NAC_HAB,P3,NL,32020.0,34610.0,38380.0,41110.0,43230.0,44980.0
A,CP_NAC_HAB,P3,NO,447780.0,480220.0,529820.0,557150.0,580510.0,
A,CP_NAC_HAB,P3,PL,48030.0,53980.0,62590.0,69520.0,76130.0,
A,CP_NAC_HAB,P3,PT,15990.0,17020.0,18880.0,20020.0,21050.0,
A,CP_NAC_HAB,P3,RO,44150.0,49110.0,58040.0,65650.0,74790.0,
A,CP_NAC_HAB,P3,RS,701950.0,795900.0,940880.0,1061460.0,1177090.0,
A,CP_NAC_HAB,P3,SE,346080.0,368630.0,395410.0,417100.0,431570.0,
A,CP_NAC_HAB,P3,SI,15740.0,17920.0,19800.0,21380.0,22910.0,
A,CP_NAC_HAB,P3,SK,13600.0,14560.0,16650.0,17810.0,19110.0,
A,CP_NAC_HAB,P3,TR,40650.0,55120.0,112420.0,205550.0,345770.0,
A,CP_NAC_HAB,P3,UK,,,,,,
A,CP_NAC_HAB,P31_S13,AL,36120.0,40400.0,43410.0,,,
A,CP_NAC_HAB,P31_S13,AT,5780.0,6470.0,6640.0,6950.0,7480.0,
A,CP_NAC_HAB,P31_S13,BE,6270.0,6770.0,7320.0,7750.0,8090.0,
A,CP_NAC_HAB,P31_S13,BG,920.0,1090.0,1230.0,1410.0,1730.0,
A,CP_NAC_HAB,P31_S13,CH,5290.0,5690.0,5520.0,5770.0,5890.0,
A,CP_NAC_HAB,P31_S13,CY,2590.0,3010.0,3240.0,3510.0,3780.0,
A,CP_NAC_HAB,P31_S13,CZ,67250.0,73440.0,74390.0,79890.0,86020.0,
A,CP_NAC_HAB,P31_S13,DE,5870.0,6270.0,6570.0,6620.0,7020.0,7520.0
A,CP_NAC_HAB,P31_S13,DK,69550.0,74310.0,74370.0,74620.0,78000.0,
A,CP_NAC_HAB,P31_S13,EA,4750.0,5110.0,5340.0,5520.0,5800.0,
A,CP_NAC_HAB,P31_S13,EA12,4880.0,5240.0,5480.0,5680.0,5970.0,
A,CP_NAC_HAB,P31_S13,EA19,4750.0,5110.0,5340.0,5550.0,5840.0,
A,CP_NAC_HAB,P31_S13,EA20,4720.0,5080.0,5310.0,5520.0,5800.0,
A,CP_NAC_HAB,P31_S13,EA21,4650.0,5000.0,5230.0,5440.0,5730.0,
A,CP_NAC_HAB,P31_S13,EE,2450.0,2710.0,3000.0,3290.0,3550.0,
A,CP_NAC_HAB,P31_S13,EL,1720.0,1820.0,1920.0,2050.0,2060.0,
A,CP_NAC_HAB,P31_S13,ES,3120.0,3320.0,3460.0,3640.0,3800.0,
A,CP_NAC_HAB,P31_S13,EU27_2020,4260.0,4610.0,4800.0,5020.0,5320.0,
A,CP_NAC_HAB,P31_S13,FI,7160.0,7610.0,7890.0,8940.0,9060.0,
A,CP_NAC_HAB,P31_S13,FR,5590.0,6030.0,6190.0,6440.0,6660.0,
A,CP_NAC_HAB,P31_S13,HR,1700.0,1810.0,1920.0,2220.0,2690.0,
A,CP_NAC_HAB,P31_S13,HU,487550.0,557550.0,637020.0,712970.0,803250.0,
A,CP_NAC_HAB,P31_S13,IE,6410.0,6910.0,7390.0,8130.0,8500.0,
A,CP_NAC_HAB,P31_S13,IS,1493050.0,1616370.0,1746930.0,1869180.0,1987320.0,
A,CP_NAC_HAB,P31_S13,IT,3380.0,3600.0,3750.0,3850.0,3980.0,
A,CP_NAC_HAB,P31_S13,LT,1960.0,2170.0,2430.0,2750.0,3150.0,
A,CP_NAC_HAB,P31_S13,LU,11530.0,12030.0,12840.0,13520.0,14510.0,
A,CP_NAC_HAB,P31_S13,LV,1460.0,1860.0,1910.0,2200.0,2430.0,
A,CP_NAC_HAB,P31_S13,ME,800.0,840.0,950.0,1120.0,1180.0,
A,CP_NAC_HAB,P31_S13,MK,34370.0,30700.0,31310.0,34840.0,35970.0,
A,CP_NAC_HAB,P31_S13,MT,3280.0,3590.0,3510.0,3670.0,4090.0,
A,CP_NAC_HAB,P31_S13,NL,8160.0,8850.0,9320.0,9980.0,10840.0,11360.0
A,CP_NAC_HAB,P31_S13,NO,111770.0,120040.0,127120.0,134370.0,141310.0,
A,CP_NAC_HAB,P31_S13,PL,6510.0,7530.0,8240.0,9480.0,11310.0,
A,CP_NAC_HAB,P31_S13,PT,2050.0,2260.0,2400.0,2490.0,2730.0,
A,CP_NAC_HAB,P31_S13,RO,4630.0,4970.0,5590.0,6580.0,7450.0,
A,CP_NAC_HAB,P31_S13,RS,86510.0,95230.0,110750.0,124340.0,141320.0,
A,CP_NAC_HAB,P31_S13,SE,95200.0,99900.0,103110.0,110780.0,114240.0,
A,CP_NAC_HAB,P31_S13,SI,2810.0,3160.0,3220.0,3500.0,4050.0,
A,CP_NAC_HAB,P31_S13,SK,1630.0,1820.0,2050.0,2230.0,2410.0,
A,CP_NAC_HAB,P31_S13,TR,5400.0,6880.0,11910.0,23970.0,42780.0,
A,CP_NAC_HAB,P31_S13,UK,,,,,,
A,CP_NAC_HAB,P31_S14,AL,429970.0,470070.0,545780.0,,,
A,CP_NAC_HAB,P31_S14,AT,20320.0,21590.0,24310.0,25950.0,26850.0,
A,CP_NAC_HAB,P31_S14,BE,19780.0,21340.0,24290.0,25860.0,26670.0,
A,CP_NAC_HAB,P31_S14,BG,5440.0,6300.0,7650.0,8390.0,9250.0,
A,CP_NAC_HAB,P31_S14,CH,39750.0,40400.0,43030.0,43620.0,44600.0,
A,CP_NAC_HAB,P31_S14,CY,14910.0,15550.0,17940.0,19330.0,20110.0,
A,CP_NAC_HAB,P31_S14,CZ,256320.0,278180.0,312140.0,326210.0,343210.0,
A,CP_NAC_HAB,P31_S14,DE,20650.0,21800.0,24670.0,25930.0,26600.0,27620.0
A,CP_NAC_HAB,P31_S14,DK,181140.0,194380.0,202850.0,201990.0,206380.0,
A,CP_NAC_HAB,P31_S14,EA,17080.0,18290.0,20470.0,21610.0,22290.0,
A,CP_NAC_HAB,P31_S14,EA12,17390.0,18610.0,20810.0,22070.0,22750.0,
A,CP_NAC_HAB,P31_S14,EA19,17080.0,18290.0,20470.0,21720.0,22400.0,
A,CP_NAC_HAB,P31_S14,EA20,16970.0,18180.0,20360.0,21610.0,22290.0,
A,CP_NAC_HAB,P31_S14,EA21,16750.0,17960.0,20120.0,21370.0,22060.0,
A,CP_NAC_HAB,P31_S14,EE,10290.0,11510.0,13920.0,14550.0,14940.0,
A,CP_NAC_HAB,P31_S14,EL,10890.0,11630.0,13610.0,14460.0,15150.0,
A,CP_NAC_HAB,P31_S14,ES,13110.0,14350.0,15900.0,16820.0,17710.0,
A,CP_NAC_HAB,P31_S14,EU27_2020,15390.0,16570.0,18540.0,19720.0,20490.0,
A,CP_NAC_HAB,P31_S14,FI,20670.0,21790.0,23270.0,24190.0,24210.0,
A,CP_NAC_HAB,P31_S14,FR,17600.0,18680.0,20150.0,21640.0,22280.0,
A,CP_NAC_HAB,P31_S14,HR,7440.0,8540.0,10140.0,11360.0,12410.0,
A,CP_NAC_HAB,P31_S14,HU,2405160.0,2693960.0,3320550.0,3703480.0,4211510.0,
A,CP_NAC_HAB,P31_S14,IE,18480.0,20540.0,24000.0,26760.0,28120.0,
A,CP_NAC_HAB,P31_S14,IS,4088190.0,4495460.0,5066270.0,5356870.0,5549130.0,
A,CP_NAC_HAB,P31_S14,IT,16120.0,17390.0,19600.0,20700.0,21140.0,
A,CP_NAC_HAB,P31_S14,LT,9980.0,11300.0,13520.0,14450.0,15000.0,
A,CP_NAC_HAB,P31_S14,LU,28830.0,32160.0,35410.0,37650.0,39280.0,
A,CP_NAC_HAB,P31_S14,LV,8330.0,9320.0,11150.0,11970.0,12520.0,
A,CP_NAC_HAB,P31_S14,ME,5300.0,5720.0,7220.0,8350.0,9510.0,
A,CP_NAC_HAB,P31_S14,MK,234710.0,265330.0,305290.0,332940.0,347390.0,
A,CP_NAC_HAB,P31_S14,MT,11420.0,12720.0,14320.0,16550.0,17570.0,
A,CP_NAC_HAB,P31_S14,NL,19610.0,21290.0,24290.0,25910.0,26680.0,27540.0
A,CP_NAC_HAB,P31_S14,NO,263770.0,283840.0,320090.0,333550.0,346040.0,
A,CP_NAC_HAB,P31_S14,PL,35470.0,40010.0,46910.0,51400.0,54840.0,
A,CP_NAC_HAB,P31_S14,PT,12010.0,12840.0,14450.0,15340.0,16050.0,
A,CP_NAC_HAB,P31_S14,RO,33240.0,37640.0,45450.0,50700.0,57020.0,
A,CP_NAC_HAB,P31_S14,RS,531810.0,604920.0,723530.0,820800.0,904000.0,
A,CP_NAC_HAB,P31_S14,SE,211470.0,227060.0,246760.0,256950.0,264720.0,
A,CP_NAC_HAB,P31_S14,SI,10940.0,12550.0,14250.0,15260.0,16100.0,
A,CP_NAC_HAB,P31_S14,SK,9760.0,10410.0,12140.0,12930.0,13810.0,
A,CP_NAC_HAB,P31_S14,TR,31540.0,43800.0,91550.0,164230.0,271430.0,
A,CP_NAC_HAB,P31_S14,UK,,,,,,
A,CP_NAC_HAB,P31_S14_S15,AL,435050.0,475980.0,552260.0,,,
A,CP_NAC_HAB,P31_S14_S15,AT,21150.0,22530.0,25290.0,27050.0,28070.0,
A,CP_NAC_HAB,P31_S14_S15,BE,20200.0,21800.0,24800.0,26410.0,27250.0,
A,CP_NAC_HAB,P31_S14_S15,BG,5480.0,6350.0,7710.0,8450.0,9320.0,
A,CP_NAC_HAB,P31_S14_S15,CH,41590.0,42310.0,45020.0,45670.0,46710.0,
A,CP_NAC_HAB,P31_S14_S15,CY,15150.0,15840.0,18250.0,19660.0,20470.0,
A,CP_NAC_HAB,P31_S14_S15,CZ,261330.0,283790.0,318200.0,332860.0,350950.0,
A,CP_NAC_HAB,P31_S14_S15,DE,21290.0,22460.0,25370.0,26640.0,27340.0,28420.0
A,CP_NAC_HAB,P31_S14_S15,DK,186920.0,200260.0,209250.0,208630.0,213460.0,
A,CP_NAC_HAB,P31_S14_S15,EA,17550.0,18790.0,21010.0,22170.0,22880.0,
A,CP_NAC_HAB,P31_S14_S15,EA12,17880.0,19120.0,21360.0,22660.0,23360.0,
A,CP_NAC_HAB,P31_S14_S15,EA19,17550.0,18790.0,21010.0,22290.0,22990.0,
A,CP_NAC_HAB,P31_S14_S15,EA20,17440.0,18670.0,20890.0,22170.0,22880.0,
A,CP_NAC_HAB,P31_S14_S15,EA21,17210.0,18450.0,20650.0,21930.0,22640.0,
A,CP_NAC_HAB,P31_S14_S15,EE,10650.0,11910.0,14390.0,15060.0,15480.0,
A,CP_NAC_HAB,P31_S14_S15,EL,11130.0,11870.0,13880.0,14740.0,15440.0,
A,CP_NAC_HAB,P31_S14_S15,ES,13380.0,14650.0,16230.0,17170.0,18070.0,
A,CP_NAC_HAB,P31_S14_S15,EU27_2020,15800.0,17010.0,19020.0,20220.0,21020.0,
A,CP_NAC_HAB,P31_S14_S15,FI,21470.0,22600.0,24210.0,25090.0,25110.0,
A,CP_NAC_HAB,P31_S14_S15,FR,18370.0,19500.0,21050.0,22590.0,23270.0,
A,CP_NAC_HAB,P31_S14_S15,HR,7600.0,8720.0,10350.0,11610.0,12690.0,
A,CP_NAC_HAB,P31_S14_S15,HU,2508040.0,2805820.0,3460020.0,3880230.0,4403170.0,
A,CP_NAC_HAB,P31_S14_S15,IE,18830.0,20880.0,24350.0,27130.0,28620.0,
A,CP_NAC_HAB,P31_S14_S15,IS,4292580.0,4720490.0,5304440.0,5612900.0,5819920.0,
A,CP_NAC_HAB,P31_S14_S15,IT,16260.0,17550.0,19770.0,20880.0,21330.0,
A,CP_NAC_HAB,P31_S14_S15,LT,10020.0,11340.0,13560.0,14500.0,15060.0,
A,CP_NAC_HAB,P31_S14_S15,LU,31010.0,34550.0,38010.0,40560.0,42310.0,
A,CP_NAC_HAB,P31_S14_S15,LV,8520.0,9530.0,11390.0,12190.0,12730.0,
A,CP_NAC_HAB,P31_S14_S15,ME,5400.0,5830.0,7350.0,8510.0,9680.0,
A,CP_NAC_HAB,P31_S14_S15,MK,237730.0,269140.0,309810.0,338070.0,353130.0,
A,CP_NAC_HAB,P31_S14_S15,MT,11880.0,13240.0,14890.0,17150.0,18250.0,
A,CP_NAC_HAB,P31_S14_S15,NL,19990.0,21700.0,24710.0,26350.0,27130.0,28030.0
A,CP_NAC_HAB,P31_S14_S15,NO,279600.0,300730.0,340210.0,354890.0,368040.0,
A,CP_NAC_HAB,P31_S14_S15,PL,36060.0,40650.0,47720.0,52320.0,55870.0,
A,CP_NAC_HAB,P31_S14_S15,PT,12330.0,13170.0,14830.0,15750.0,16490.0,
A,CP_NAC_HAB,P31_S14_S15,RO,33740.0,38080.0,45930.0,51290.0,57700.0,
A,CP_NAC_HAB,P31_S14_S15,RS,540000.0,615350.0,735440.0,833440.0,918180.0,
A,CP_NAC_HAB,P31_S14_S15,SE,217270.0,233250.0,253190.0,263980.0,272130.0,
A,CP_NAC_HAB,P31_S14_S15,SI,11130.0,12780.0,14550.0,15570.0,16450.0,
A,CP_NAC_HAB,P31_S14_S15,SK,9930.0,10600.0,12360.0,13210.0,14070.0,
A,CP_NAC_HAB,P31_S14_S15,TR,31760.0,44080.0,91990.0,165100.0,273040.0,
A,CP_NAC_HAB,P31_S14_S15,UK,,,,,,
A,CP_NAC_HAB,P31_S15,AL,5080.0,5910.0,6480.0,,,
A,CP_NAC_HAB,P31_S15,AT,830.0,940.0,980.0,1100.0,1220.0,
A,CP_NAC_HAB,P31_S15,BE,420.0,460.0,510.0,550.0,590.0,
A,CP_NAC_HAB,P31_S15,BG,40.0,50.0,60.0,70.0,70.0,
A,CP_NAC_HAB,P31_S15,CH,1840.0,1920.0,1980.0,2040.0,2100.0,
A,CP_NAC_HAB,P31_S15,CY,240.0,290.0,310.0,330.0,350.0,
A,CP_NAC_HAB,P31_S15,CZ,5010.0,5610.0,6070.0,6660.0,7750.0,
A,CP_NAC_HAB,P31_S15,DE,650.0,660.0,700.0,710.0,740.0,800.0
A,CP_NAC_HAB,P31_S15,DK,5780.0,5880.0,6400.0,6630.0,7080.0,
A,CP_NAC_HAB,P31_S15,EA,470.0,500.0,540.0,570.0,590.0,
A,CP_NAC_HAB,P31_S15,EA12,490.0,510.0,560.0,580.0,610.0,
A,CP_NAC_HAB,P31_S15,EA19,470.0,500.0,540.0,570.0,590.0,
A,CP_NAC_HAB,P31_S15,EA20,470.0,500.0,540.0,570.0,590.0,
A,CP_NAC_HAB,P31_S15,EA21,460.0,490.0,530.0,560.0,580.0,
A,CP_NAC_HAB,P31_S15,EE,370.0,400.0,470.0,510.0,540.0,
A,CP_NAC_HAB,P31_S15,EL,240.0,250.0,270.0,280.0,280.0,
A,CP_NAC_HAB,P31_S15,ES,270.0,300.0,330.0,350.0,360.0,
A,CP_NAC_HAB,P31_S15,EU27_2020,410.0,440.0,480.0,510.0,530.0,
A,CP_NAC_HAB,P31_S15,FI,800.0,820.0,940.0,900.0,910.0,
A,CP_NAC_HAB,P31_S15,FR,770.0,820.0,900.0,960.0,990.0,
A,CP_NAC_HAB,P31_S15,HR,160.0,180.0,210.0,250.0,290.0,
A,CP_NAC_HAB,P31_S15,HU,102880.0,111860.0,139470.0,176750.0,191650.0,
A,CP_NAC_HAB,P31_S15,IE,350.0,340.0,360.0,370.0,500.0,
A,CP_NAC_HAB,P31_S15,IS,204400.0,225030.0,238160.0,256030.0,270790.0,
A,CP_NAC_HAB,P31_S15,IT,140.0,150.0,160.0,180.0,190.0,
A,CP_NAC_HAB,P31_S15,LT,40.0,40.0,40.0,50.0,60.0,
A,CP_NAC_HAB,P31_S15,LU,2180.0,2390.0,2600.0,2910.0,3030.0,
A,CP_NAC_HAB,P31_S15,LV,190.0,210.0,230.0,220.0,210.0,
A,CP_NAC_HAB,P31_S15,ME,100.0,110.0,130.0,160.0,170.0,
A,CP_NAC_HAB,P31_S15,MK,3030.0,3810.0,4520.0,5130.0,5740.0,
A,CP_NAC_HAB,P31_S15,MT,470.0,520.0,570.0,600.0,670.0,
A,CP_NAC_HAB,P31_S15,NL,380.0,400.0,420.0,440.0,460.0,490.0
A,CP_NAC_HAB,P31_S15,NO,15820.0,16890.0,20120.0,21340.0,22000.0,
A,CP_NAC_HAB,P31_S15,PL,580.0,640.0,810.0,920.0,1030.0,
A,CP_NAC_HAB,P31_S15,PT,320.0,330.0,370.0,410.0,430.0,
A,CP_NAC_HAB,P31_S15,RO,510.0,440.0,480.0,590.0,670.0,
A,CP_NAC_HAB,P31_S15,RS,8190.0,10420.0,11920.0,12640.0,14180.0,
A,CP_NAC_HAB,P31_S15,SE,5800.0,6190.0,6430.0,7040.0,7420.0,
A,CP_NAC_HAB,P31_S15,SI,200.0,230.0,300.0,320.0,350.0,
A,CP_NAC_HAB,P31_S15,SK,170.0,190.0,230.0,280.0,270.0,
A,CP_NAC_HAB,P31_S15,TR,220.0,280.0,440.0,870.0,1620.0,
A,CP_NAC_HAB,P31_S15,UK,,,,,,
A,CP_NAC_HAB,P32_S13,AL,43640.0,45630.0,50580.0,,,
A,CP_NAC_HAB,P32_S13,AT,3310.0,3430.0,3550.0,3820.0,4150.0,
A,CP_NAC_HAB,P32_S13,BE,3470.0,3610.0,3950.0,4200.0,4380.0,
A,CP_NAC_HAB,P32_S13,BG,910.0,990.0,1210.0,1300.0,1480.0,
A,CP_NAC_HAB,P32_S13,CH,4870.0,4910.0,5140.0,5220.0,5400.0,
A,CP_NAC_HAB,P32_S13,CY,2130.0,2220.0,2440.0,2740.0,2800.0,
A,CP_NAC_HAB,P32_S13,CZ,51730.0,52140.0,54000.0,58090.0,61720.0,
A,CP_NAC_HAB,P32_S13,DE,3500.0,3690.0,3950.0,4250.0,4380.0,4540.0
A,CP_NAC_HAB,P32_S13,DK,29280.0,30490.0,31360.0,32440.0,34460.0,
A,CP_NAC_HAB,P32_S13,EA,2870.0,2990.0,3180.0,3350.0,3490.0,
A,CP_NAC_HAB,P32_S13,EA12,2910.0,3040.0,3230.0,3410.0,3550.0,
A,CP_NAC_HAB,P32_S13,EA19,2870.0,2990.0,3180.0,3360.0,3500.0,
A,CP_NAC_HAB,P32_S13,EA20,2850.0,2970.0,3160.0,3350.0,3490.0,
A,CP_NAC_HAB,P32_S13,EA21,2820.0,2940.0,3130.0,3310.0,3450.0,
A,CP_NAC_HAB,P32_S13,EE,1870.0,2000.0,2220.0,2420.0,2550.0,
A,CP_NAC_HAB,P32_S13,EL,1850.0,1920.0,1980.0,2090.0,2120.0,
A,CP_NAC_HAB,P32_S13,ES,2070.0,2160.0,2320.0,2440.0,2500.0,
A,CP_NAC_HAB,P32_S13,EU27_2020,2590.0,2710.0,2890.0,3080.0,3250.0,
A,CP_NAC_HAB,P32_S13,FI,3280.0,3530.0,3680.0,3630.0,3760.0,
A,CP_NAC_HAB,P32_S13,FR,3100.0,3180.0,3390.0,3530.0,3640.0,
A,CP_NAC_HAB,P32_S13,HR,1530.0,1660.0,1780.0,2070.0,2420.0,
A,CP_NAC_HAB,P32_S13,HU,582150.0,641920.0,784480.0,892300.0,948810.0,
A,CP_NAC_HAB,P32_S13,IE,3130.0,3400.0,3600.0,3850.0,4110.0,
A,CP_NAC_HAB,P32_S13,IS,860130.0,912370.0,977800.0,1033760.0,1084960.0,
A,CP_NAC_HAB,P32_S13,IT,2440.0,2510.0,2630.0,2650.0,2760.0,
A,CP_NAC_HAB,P32_S13,LT,1330.0,1370.0,1620.0,1770.0,2000.0,
A,CP_NAC_HAB,P32_S13,LU,7300.0,7620.0,8310.0,9110.0,9690.0,
A,CP_NAC_HAB,P32_S13,LV,1770.0,1870.0,2060.0,2220.0,2310.0,
A,CP_NAC_HAB,P32_S13,ME,770.0,740.0,780.0,910.0,980.0,
A,CP_NAC_HAB,P32_S13,MK,25880.0,32160.0,35620.0,38940.0,46190.0,
A,CP_NAC_HAB,P32_S13,MT,2200.0,2300.0,2440.0,2520.0,2770.0,
A,CP_NAC_HAB,P32_S13,NL,3860.0,4060.0,4340.0,4780.0,5260.0,5590.0
A,CP_NAC_HAB,P32_S13,NO,56410.0,59450.0,62490.0,67880.0,71170.0,
A,CP_NAC_HAB,P32_S13,PL,5470.0,5810.0,6630.0,7710.0,8950.0,
A,CP_NAC_HAB,P32_S13,PT,1600.0,1590.0,1650.0,1780.0,1830.0,
A,CP_NAC_HAB,P32_S13,RO,5780.0,6060.0,6510.0,7770.0,9640.0,
A,CP_NAC_HAB,P32_S13,RS,75440.0,85330.0,94690.0,103680.0,117590.0,
A,CP_NAC_HAB,P32_S13,SE,33610.0,35470.0,39110.0,42330.0,45190.0,
A,CP_NAC_HAB,P32_S13,SI,1790.0,1980.0,2030.0,2300.0,2420.0,
A,CP_NAC_HAB,P32_S13,SK,2040.0,2140.0,2230.0,2370.0,2630.0,
A,CP_NAC_HAB,P32_S13,TR,3480.0,4160.0,8520.0,16470.0,29950.0,
A,CP_NAC_HAB,P32_S13,UK,,,,,,
A,CP_NAC_HAB,P3_S13,AL,79750.0,86020.0,93990.0,,,
A,CP_NAC_HAB,P3_S13,AT,9090.0,9900.0,10190.0,10770.0,11630.0,
A,CP_NAC_HAB,P3_S13,BE,9740.0,10380.0,11270.0,11960.0,12470.0,
A,CP_NAC_HAB,P3_S13,BG,1820.0,2070.0,2430.0,2710.0,3210.0,
A,CP_NAC_HAB,P3_S13,CH,10160.0,10590.0,10650.0,10990.0,11290.0,
A,CP_NAC_HAB,P3_S13,CY,4730.0,5230.0,5680.0,6250.0,6580.0,
A,CP_NAC_HAB,P3_S13,CZ,118980.0,125580.0,128390.0,137980.0,147740.0,
A,CP_NAC_HAB,P3_S13,DE,9360.0,9970.0,10520.0,10870.0,11400.0,12070.0
A,CP_NAC_HAB,P3_S13,DK,98820.0,104800.0,105730.0,107060.0,112460.0,
A,CP_NAC_HAB,P3_S13,EA,7620.0,8100.0,8520.0,8860.0,9290.0,
A,CP_NAC_HAB,P3_S13,EA12,7790.0,8280.0,8700.0,9090.0,9510.0,
A,CP_NAC_HAB,P3_S13,EA19,7620.0,8100.0,8520.0,8910.0,9340.0,
A,CP_NAC_HAB,P3_S13,EA20,7570.0,8050.0,8470.0,8860.0,9290.0,
A,CP_NAC_HAB,P3_S13,EA21,7460.0,7940.0,8360.0,8750.0,9180.0,
A,CP_NAC_HAB,P3_S13,EE,4320.0,4710.0,5220.0,5710.0,6100.0,
A,CP_NAC_HAB,P3_S13,EL,3570.0,3740.0,3890.0,4140.0,4180.0,
A,CP_NAC_HAB,P3_S13,ES,5190.0,5480.0,5770.0,6080.0,6300.0,
A,CP_NAC_HAB,P3_S13,EU27_2020,6860.0,7310.0,7690.0,8100.0,8570.0,
A,CP_NAC_HAB,P3_S13,FI,10440.0,11140.0,11570.0,12570.0,12810.0,
A,CP_NAC_HAB,P3_S13,FR,8690.0,9200.0,9580.0,9980.0,10300.0,
A,CP_NAC_HAB,P3_S13,HR,3230.0,3480.0,3700.0,4290.0,5120.0,
A,CP_NAC_HAB,P3_S13,HU,1069700.0,1199470.0,1421500.0,1605270.0,1752060.0,
A,CP_NAC_HAB,P3_S13,IE,9540.0,10310.0,10990.0,11980.0,12610.0,
A,CP_NAC_HAB,P3_S13,IS,2353180.0,2528750.0,2724730.0,2902950.0,3072280.0,
A,CP_NAC_HAB,P3_S13,IT,5820.0,6120.0,6380.0,6490.0,6740.0,
A,CP_NAC_HAB,P3_S13,LT,3290.0,3550.0,4050.0,4520.0,5150.0,
A,CP_NAC_HAB,P3_S13,LU,18830.0,19660.0,21150.0,22630.0,24200.0,
A,CP_NAC_HAB,P3_S13,LV,3220.0,3730.0,3960.0,4420.0,4730.0,
A,CP_NAC_HAB,P3_S13,ME,1570.0,1580.0,1720.0,2030.0,2160.0,
A,CP_NAC_HAB,P3_S13,MK,60260.0,62860.0,66930.0,73770.0,82160.0,
A,CP_NAC_HAB,P3_S13,MT,5490.0,5900.0,5950.0,6200.0,6860.0,
A,CP_NAC_HAB,P3_S13,NL,12030.0,12910.0,13670.0,14760.0,16100.0,16960.0
A,CP_NAC_HAB,P3_S13,NO,168180.0,179490.0,189610.0,202260.0,212480.0,
A,CP_NAC_HAB,P3_S13,PL,11980.0,13330.0,14870.0,17200.0,20260.0,
A,CP_NAC_HAB,P3_S13,PT,3660.0,3860.0,4060.0,4270.0,4570.0,
A,CP_NAC_HAB,P3_S13,RO,10400.0,11030.0,12100.0,14350.0,17090.0,
A,CP_NAC_HAB,P3_S13,RS,161950.0,180560.0,205440.0,228020.0,258910.0,
A,CP_NAC_HAB,P3_S13,SE,128810.0,135380.0,142220.0,153110.0,159430.0,
A,CP_NAC_HAB,P3_S13,SI,4610.0,5140.0,5260.0,5800.0,6460.0,
A,CP_NAC_HAB,P3_S13,SK,3670.0,3970.0,4280.0,4600.0,5040.0,
A,CP_NAC_HAB,P3_S13,TR,8890.0,11040.0,20430.0,40450.0,72730.0,
A,CP_NAC_HAB,P3_S13,UK,,,,,,
A,CP_NAC_HAB,P41,AL,471160.0,516380.0,595670.0,,,
A,CP_NAC_HAB,P41,AT,26930.0,29010.0,31930.0,34000.0,35540.0,
A,CP_NAC_HAB,P41,BE,26470.0,28570.0,32120.0,34170.0,35350.0,
A,CP_NAC_HAB,P41,BG,6390.0,7430.0,8940.0,9860.0,11050.0,
A,CP_NAC_HAB,P41,CH,46880.0,48000.0,50530.0,51430.0,52590.0,
A,CP_NAC_HAB,P41,CY,17750.0,18850.0,21490.0,23170.0,24250.0,
A,CP_NAC_HAB,P41,CZ,328580.0,357230.0,392590.0,412750.0,436970.0,
A,CP_NAC_HAB,P41,DE,27160.0,28730.0,31950.0,33260.0,34360.0,35940.0
A,CP_NAC_HAB,P41,DK,256460.0,274570.0,283620.0,283250.0,291460.0,
A,CP_NAC_HAB,P41,EA,22300.0,23900.0,26360.0,27690.0,28680.0,
A,CP_NAC_HAB,P41,EA12,22760.0,24370.0,26840.0,28340.0,29320.0,
A,CP_NAC_HAB,P41,EA19,22300.0,23900.0,26360.0,27850.0,28830.0,
A,CP_NAC_HAB,P41,EA20,22150.0,23750.0,26200.0,27690.0,28680.0,
A,CP_NAC_HAB,P41,EA21,21860.0,23450.0,25880.0,27370.0,28370.0,
A,CP_NAC_HAB,P41,EE,13100.0,14630.0,17390.0,18340.0,19030.0,
A,CP_NAC_HAB,P41,EL,12840.0,13690.0,15800.0,16790.0,17500.0,
A,CP_NAC_HAB,P41,ES,16500.0,17970.0,19690.0,20800.0,21860.0,
A,CP_NAC_HAB,P41,EU27_2020,20070.0,21610.0,23820.0,25240.0,26340.0,
A,CP_NAC_HAB,P41,FI,28630.0,30210.0,32100.0,34040.0,34170.0,
A,CP_NAC_HAB,P41,FR,23950.0,25530.0,27240.0,29040.0,29930.0,
A,CP_NAC_HAB,P41,HR,9300.0,10530.0,12280.0,13830.0,15390.0,
A,CP_NAC_HAB,P41,HU,2995590.0,3363370.0,4097040.0,4593200.0,5206410.0,
A,CP_NAC_HAB,P41,IE,25240.0,27780.0,31740.0,35270.0,37120.0,
A,CP_NAC_HAB,P41,IS,5785630.0,6336860.0,7051370.0,7482080.0,7807240.0,
A,CP_NAC_HAB,P41,IT,19640.0,21150.0,23520.0,24730.0,25300.0,
A,CP_NAC_HAB,P41,LT,11980.0,13510.0,15990.0,17250.0,18210.0,
A,CP_NAC_HAB,P41,LU,42550.0,46580.0,50860.0,54070.0,56820.0,
A,CP_NAC_HAB,P41,LV,9980.0,11390.0,13290.0,14390.0,15160.0,
A,CP_NAC_HAB,P41,ME,6200.0,6670.0,8300.0,9620.0,10860.0,
A,CP_NAC_HAB,P41,MK,272110.0,299840.0,341120.0,372910.0,389100.0,
A,CP_NAC_HAB,P41,MT,15170.0,16830.0,18400.0,20830.0,22340.0,
A,CP_NAC_HAB,P41,NL,28160.0,30550.0,34040.0,36330.0,37970.0,39390.0
A,CP_NAC_HAB,P41,NO,391370.0,420770.0,467330.0,489270.0,509340.0,
A,CP_NAC_HAB,P41,PL,42570.0,48170.0,55960.0,61800.0,67180.0,
A,CP_NAC_HAB,P41,PT,14380.0,15430.0,17230.0,18240.0,19220.0,
A,CP_NAC_HAB,P41,RO,38370.0,43050.0,51520.0,57880.0,65140.0,
A,CP_NAC_HAB,P41,RS,626510.0,710570.0,846190.0,957780.0,1059510.0,
A,CP_NAC_HAB,P41,SE,312470.0,333160.0,356300.0,374770.0,386370.0,
A,CP_NAC_HAB,P41,SI,13950.0,15940.0,17770.0,19070.0,20500.0,
A,CP_NAC_HAB,P41,SK,11560.0,12420.0,14410.0,15440.0,16480.0,
A,CP_NAC_HAB,P41,TR,37160.0,50960.0,103900.0,189080.0,315820.0,
A,CP_NAC_HAB,P41,UK,,,,,,
A,CP_PPS_EU27_2020_HAB,B1GQ,AL,9270.6,10287.5,12062.2,,,
A,CP_PPS_EU27_2020_HAB,B1GQ,AT,37385.6,40185.6,44569.5,46390.3,47527.5,
A,CP_PPS_EU27_2020_HAB,B1GQ,BE,35850.5,38699.2,42492.1,45404.1,46614.7,
A,CP_PPS_EU27_2020_HAB,B1GQ,BG,17473.0,19748.1,22421.1,24253.5,26324.2,
A,CP_PPS_EU27_2020_HAB,B1GQ,CY,27194.2,30382.9,34492.4,37398.6,39519.2,
A,CP_PPS_EU27_2020_HAB,B1GQ,CZ,29178.2,30502.4,32419.5,34972.6,36175.9,
A,CP_PPS_EU27_2020_HAB,B1GQ,DE,37974.3,40535.9,43346.6,45136.5,46387.1,
A,CP_PPS_EU27_2020_HAB,B1GQ,DK,40054.4,44240.3,48465.4,48353.1,50767.5,
A,CP_PPS_EU27_2020_HAB,B1GQ,EA,32001.5,34856.2,37960.3,40187.5,41671.8,
A,CP_PPS_EU27_2020_HAB,B1GQ,EA12,32341.7,35213.3,38337.8,40659.1,42161.2,
A,CP_PPS_EU27_2020_HAB,B1GQ,EA19,32001.5,34856.2,37960.3,40302.7,41790.0,
A,CP_PPS_EU27_2020_HAB,B1GQ,EA20,31868.3,34730.0,37827.8,40187.5,41671.8,
A,CP_PPS_EU27_2020_HAB,B1GQ,EE,25994.6,28242.8,30029.1,30609.9,31555.3,
A,CP_PPS_EU27_2020_HAB,B1GQ,EL,18866.4,21245.7,24026.4,26262.1,27373.1,
A,CP_PPS_EU27_2020_HAB,B1GQ,ES,25131.2,28285.0,31781.1,34767.2,36413.0,
A,CP_PPS_EU27_2020_HAB,B1GQ,EU27_2020,30513.0,33262.3,36137.0,38377.5,39944.6,
A,CP_PPS_EU27_2020_HAB,B1GQ,FI,34039.9,36222.4,38350.4,39689.0,40848.2,
A,CP_PPS_EU27_2020_HAB,B1GQ,FR,31598.0,33452.3,35188.1,38056.4,39216.6,
A,CP_PPS_EU27_2020_HAB,B1GQ,HR,20213.9,23588.3,26007.7,29846.2,31053.0,
A,CP_PPS_EU27_2020_HAB,B1GQ,HU,22731.5,24805.4,27305.5,28996.2,30428.3,
A,CP_PPS_EU27_2020_HAB,B1GQ,IE,62464.4,74716.4,85692.0,83596.5,88476.9,
A,CP_PPS_EU27_2020_HAB,B1GQ,IS,37357.2,41216.5,48785.6,52230.9,52455.1,
A,CP_PPS_EU27_2020_HAB,B1GQ,IT,28386.4,31782.5,35348.2,37693.2,39025.6,
A,CP_PPS_EU27_2020_HAB,B1GQ,LT,26359.5,29277.0,31269.2,32930.1,34935.8,
A,CP_PPS_EU27_2020_HAB,B1GQ,LU,77888.8,87098.2,90394.7,95125.4,97689.4,
A,CP_PPS_EU27_2020_HAB,B1GQ,LV,20911.4,23542.2,24939.3,26754.5,27338.0,
A,CP_PPS_EU27_2020_HAB,B1GQ,ME,13175.6,15111.4,17315.5,19902.2,21364.9,
A,CP_PPS_EU27_2020_HAB,B1GQ,MK,12730.8,14125.3,14946.7,15836.7,16932.1,
A,CP_PPS_EU27_2020_HAB,B1GQ,MT,31931.9,36242.2,37361.7,41847.0,43891.6,
A,CP_PPS_EU27_2020_HAB,B1GQ,NL,39986.8,43741.8,48540.1,50214.7,53492.9,
A,CP_PPS_EU27_2020_HAB,B1GQ,NO,42875.5,56764.4,77468.6,64729.5,63985.6,
A,CP_PPS_EU27_2020_HAB,B1GQ,PL,23916.5,26197.3,28144.7,29518.5,31324.9,
A,CP_PPS_EU27_2020_HAB,B1GQ,PT,22782.1,24550.2,27841.5,31106.3,32896.5,
A,CP_PPS_EU27_2020_HAB,B1GQ,RO,21808.9,23919.2,25908.0,28714.8,30775.2,
A,CP_PPS_EU27_2020_HAB,B1GQ,RS,13423.6,14930.4,16138.4,18599.3,20593.1,
A,CP_PPS_EU27_2020_HAB,B1GQ,SE,36665.9,39670.2,40905.5,42507.0,44382.6,
A,CP_PPS_EU27_2020_HAB,B1GQ,SI,26676.9,29298.0,32340.5,35071.5,36118.5,
A,CP_PPS_EU27_2020_HAB,B1GQ,SK,22561.3,24479.7,25517.4,28486.6,29808.1,
A,CP_PPS_EU27_2020_HAB,B1GQ,TR,17889.0,19620.1,23418.1,25720.5,27621.0,
A,CP_PPS_EU27_2020_HAB,B1GQ,UK,,,,,,
A,CP_PPS_EU27_2020_HAB,P3,AL,8178.6,8708.6,10072.2,,,
A,CP_PPS_EU27_2020_HAB,P3,AT,26506.3,28719.9,31861.1,33524.0,35044.0,
A,CP_PPS_EU27_2020_HAB,P3,BE,26704.2,28515.2,31890.3,34071.7,35375.9,
A,CP_PPS_EU27_2020_HAB,P3,BG,13510.4,15168.3,17084.5,18457.4,20284.5,
A,CP_PPS_EU27_2020_HAB,P3,CY,21953.7,22989.6,26154.3,28605.6,29910.0,
A,CP_PPS_EU27_2020_HAB,P3,CZ,19995.3,20787.2,22096.9,23385.3,24392.4,
A,CP_PPS_EU27_2020_HAB,P3,DE,27707.9,29269.7,32186.1,33416.3,34661.9,
A,CP_PPS_EU27_2020_HAB,P3,DK,28677.7,30945.3,31845.7,32566.8,33788.0,
A,CP_PPS_EU27_2020_HAB,P3,EA,23798.5,25505.9,28131.9,29729.1,30887.3,
A,CP_PPS_EU27_2020_HAB,P3,EA12,24045.9,25757.1,28386.3,30059.7,31215.4,
A,CP_PPS_EU27_2020_HAB,P3,EA19,23798.5,25505.9,28131.9,29806.7,30960.5,
A,CP_PPS_EU27_2020_HAB,P3,EA20,23712.0,25426.0,28045.0,29729.1,30887.3,
A,CP_PPS_EU27_2020_HAB,P3,EE,18567.8,19852.5,21606.0,22632.4,23491.6,
A,CP_PPS_EU27_2020_HAB,P3,EL,17706.5,19123.0,21827.8,23274.8,23885.9,
A,CP_PPS_EU27_2020_HAB,P3,ES,19566.5,21818.0,24291.2,26090.5,27187.9,
A,CP_PPS_EU27_2020_HAB,P3,EU27_2020,22658.1,24318.9,26709.6,28324.6,29594.4,
A,CP_PPS_EU27_2020_HAB,P3,FI,25414.9,27223.8,28650.6,30542.5,31554.0,
A,CP_PPS_EU27_2020_HAB,P3,FR,24937.1,26014.2,27695.7,29983.0,30908.5,
A,CP_PPS_EU27_2020_HAB,P3,HR,16867.1,19097.5,20847.5,23124.0,24911.1,
A,CP_PPS_EU27_2020_HAB,P3,HU,16113.6,17221.9,19412.8,20263.8,21988.5,
A,CP_PPS_EU27_2020_HAB,P3,IE,23371.3,26456.2,30243.0,33000.8,34907.8,
A,CP_PPS_EU27_2020_HAB,P3,IS,29635.9,32430.0,36742.5,38586.6,39344.3,
A,CP_PPS_EU27_2020_HAB,P3,IT,22308.6,24141.3,27296.0,28407.7,29361.4,
A,CP_PPS_EU27_2020_HAB,P3,LT,19613.4,21584.2,23244.4,24195.7,25810.5,
A,CP_PPS_EU27_2020_HAB,P3,LU,37992.6,41443.0,45673.8,48876.8,51149.4,
A,CP_PPS_EU27_2020_HAB,P3,LV,15978.2,18233.7,20006.2,21128.6,22061.7,
A,CP_PPS_EU27_2020_HAB,P3,ME,13869.8,14206.5,16481.5,18489.3,20632.1,
A,CP_PPS_EU27_2020_HAB,P3,MK,10538.7,11810.6,12638.9,13203.4,13947.0,
A,CP_PPS_EU27_2020_HAB,P3,MT,19905.1,21541.6,23029.2,25852.3,27129.3,
A,CP_PPS_EU27_2020_HAB,P3,NL,27350.3,29771.1,33180.5,35139.1,37072.9,
A,CP_PPS_EU27_2020_HAB,P3,NO,29833.2,34093.9,39069.0,39022.3,39827.6,
A,CP_PPS_EU27_2020_HAB,P3,PL,18069.4,19644.7,21462.3,22609.4,24495.0,
A,CP_PPS_EU27_2020_HAB,P3,PT,18813.0,20092.4,22559.2,24364.9,25588.8,
A,CP_PPS_EU27_2020_HAB,P3,RO,17466.2,18958.2,20690.7,22591.8,24931.6,
A,CP_PPS_EU27_2020_HAB,P3,RS,11278.1,12349.9,13564.8,14828.6,16377.9,
A,CP_PPS_EU27_2020_HAB,P3,SE,26208.4,28114.3,29274.3,30590.3,31881.2,
A,CP_PPS_EU27_2020_HAB,P3,SI,18891.5,21267.7,23751.9,24821.2,26109.7,
A,CP_PPS_EU27_2020_HAB,P3,SK,17758.1,19037.7,21080.7,22412.1,23882.3,
A,CP_PPS_EU27_2020_HAB,P3,TR,12299.7,12777.7,15225.0,17301.6,18984.3,
A,CP_PPS_EU27_2020_HAB,P3,UK,,,,,,
A,CP_PPS_EU27_2020_HAB,P31_S13,AL,573.8,626.0,676.6,,,
A,CP_PPS_EU27_2020_HAB,P31_S13,AT,5064.7,5733.7,5962.0,6158.0,6600.2,
A,CP_PPS_EU27_2020_HAB,P31_S13,BE,5596.9,5997.3,6474.5,6885.0,7208.9,
A,CP_PPS_EU27_2020_HAB,P31_S13,BG,1696.6,1954.7,2067.1,2330.4,2807.7,
A,CP_PPS_EU27_2020_HAB,P31_S13,CY,2865.0,3282.5,3542.7,3871.5,4183.1,
A,CP_PPS_EU27_2020_HAB,P31_S13,CZ,3535.5,3729.4,3680.6,3968.0,4207.3,
A,CP_PPS_EU27_2020_HAB,P31_S13,DE,5301.3,5662.4,5894.3,5897.9,6283.3,
A,CP_PPS_EU27_2020_HAB,P31_S13,DK,6979.8,7537.8,7519.0,7698.2,8086.5,
A,CP_PPS_EU27_2020_HAB,P31_S13,EA,4492.4,4851.2,5089.4,5283.5,5572.1,
A,CP_PPS_EU27_2020_HAB,P31_S13,EA12,4567.8,4928.6,5169.0,5380.1,5666.9,
A,CP_PPS_EU27_2020_HAB,P31_S13,EA19,4492.4,4851.2,5089.4,5303.8,5590.8,
A,CP_PPS_EU27_2020_HAB,P31_S13,EA20,4472.4,4830.5,5067.1,5283.5,5572.1,
A,CP_PPS_EU27_2020_HAB,P31_S13,EE,3037.4,3242.4,3301.1,3583.6,3863.1,
A,CP_PPS_EU27_2020_HAB,P31_S13,EL,2068.0,2229.6,2354.6,2531.7,2512.3,
A,CP_PPS_EU27_2020_HAB,P31_S13,ES,3284.4,3600.6,3814.8,4080.2,4236.9,
A,CP_PPS_EU27_2020_HAB,P31_S13,EU27_2020,4264.1,4606.5,4801.0,5018.9,5322.1,
A,CP_PPS_EU27_2020_HAB,P31_S13,FI,5703.3,6137.6,6321.4,7251.2,7536.4,
A,CP_PPS_EU27_2020_HAB,P31_S13,FR,5148.1,5460.1,5598.6,5932.2,6131.6,
A,CP_PPS_EU27_2020_HAB,P31_S13,HR,2648.2,2836.1,2849.2,3224.2,3768.9,
A,CP_PPS_EU27_2020_HAB,P31_S13,HU,2195.9,2397.3,2533.3,2633.8,2869.5,
A,CP_PPS_EU27_2020_HAB,P31_S13,IE,5280.6,5861.3,6320.6,6862.3,7199.1,
A,CP_PPS_EU27_2020_HAB,P31_S13,IS,6658.0,7231.0,7994.2,8469.6,8793.1,
A,CP_PPS_EU27_2020_HAB,P31_S13,IT,3416.1,3676.4,3917.1,3992.2,4160.3,
A,CP_PPS_EU27_2020_HAB,P31_S13,LT,2881.6,3146.8,3203.6,3497.3,4023.8,
A,CP_PPS_EU27_2020_HAB,P31_S13,LU,8791.6,9200.8,9914.9,10456.6,11160.0,
A,CP_PPS_EU27_2020_HAB,P31_S13,LV,1983.2,2557.9,2487.0,2794.0,3064.5,
A,CP_PPS_EU27_2020_HAB,P31_S13,ME,1591.7,1613.1,1717.4,1961.8,2058.9,
A,CP_PPS_EU27_2020_HAB,P31_S13,MK,1215.7,1092.2,1050.4,1116.9,1152.5,
A,CP_PPS_EU27_2020_HAB,P31_S13,MT,3763.7,4045.6,3883.7,4068.2,4421.1,
A,CP_PPS_EU27_2020_HAB,P31_S13,NL,6973.6,7613.4,8060.9,8532.6,9293.8,
A,CP_PPS_EU27_2020_HAB,P31_S13,NO,7447.0,8522.6,9374.0,9411.5,9694.9,
A,CP_PPS_EU27_2020_HAB,P31_S13,PL,2448.1,2739.8,2826.7,3084.4,3640.2,
A,CP_PPS_EU27_2020_HAB,P31_S13,PT,2416.2,2668.0,2870.0,3030.8,3320.0,
A,CP_PPS_EU27_2020_HAB,P31_S13,RO,1831.1,1917.9,1993.4,2265.0,2482.5,
A,CP_PPS_EU27_2020_HAB,P31_S13,RS,1389.9,1477.6,1596.7,1737.1,1966.3,
A,CP_PPS_EU27_2020_HAB,P31_S13,SE,7209.5,7619.4,7634.0,8125.1,8439.5,
A,CP_PPS_EU27_2020_HAB,P31_S13,SI,3373.4,3752.1,3867.5,4063.6,4609.8,
A,CP_PPS_EU27_2020_HAB,P31_S13,SK,2128.7,2383.4,2596.2,2806.8,3009.7,
A,CP_PPS_EU27_2020_HAB,P31_S13,TR,1634.8,1595.7,1613.6,2017.9,2348.6,
A,CP_PPS_EU27_2020_HAB,P31_S13,UK,,,,,,
A,CP_PPS_EU27_2020_HAB,P31_S14,AL,6830.8,7284.0,8506.3,,,
A,CP_PPS_EU27_2020_HAB,P31_S14,AT,17812.6,19122.5,21824.1,23000.8,23700.7,
A,CP_PPS_EU27_2020_HAB,P31_S14,BE,17641.0,18908.9,21476.1,22963.6,23747.3,
A,CP_PPS_EU27_2020_HAB,P31_S14,BG,10058.4,11353.1,12881.2,13870.5,14971.9,
A,CP_PPS_EU27_2020_HAB,P31_S14,CY,16461.6,16969.7,19613.9,21342.6,22246.8,
A,CP_PPS_EU27_2020_HAB,P31_S14,CZ,13476.6,14125.5,15444.1,16201.8,16787.3,
A,CP_PPS_EU27_2020_HAB,P31_S14,DE,18659.7,19676.9,22123.2,23099.6,23804.1,
A,CP_PPS_EU27_2020_HAB,P31_S14,DK,18179.7,19717.7,20508.9,20837.7,21395.1,
A,CP_PPS_EU27_2020_HAB,P31_S14,EA,16148.1,17346.1,19498.0,20698.8,21401.9,
A,CP_PPS_EU27_2020_HAB,P31_S14,EA12,16292.8,17492.1,19643.5,20898.6,21603.8,
A,CP_PPS_EU27_2020_HAB,P31_S14,EA19,16148.1,17346.1,19498.0,20749.7,21451.9,
A,CP_PPS_EU27_2020_HAB,P31_S14,EA20,16090.4,17294.3,19441.9,20698.8,21401.9,
A,CP_PPS_EU27_2020_HAB,P31_S14,EE,12754.4,13742.9,15336.6,15857.1,16264.7,
A,CP_PPS_EU27_2020_HAB,P31_S14,EL,13116.7,14238.4,16714.2,17827.5,18450.8,
A,CP_PPS_EU27_2020_HAB,P31_S14,ES,13813.6,15558.5,17551.1,18878.8,19758.7,
A,CP_PPS_EU27_2020_HAB,P31_S14,EU27_2020,15388.6,16566.8,18544.5,19719.4,20488.1,
A,CP_PPS_EU27_2020_HAB,P31_S14,FI,16459.4,17580.1,18631.6,19614.1,20138.0,
A,CP_PPS_EU27_2020_HAB,P31_S14,FR,16219.6,16927.8,18218.6,19919.2,20515.8,
A,CP_PPS_EU27_2020_HAB,P31_S14,HR,11589.9,13368.0,15041.7,16524.8,17352.0,
A,CP_PPS_EU27_2020_HAB,P31_S14,HU,10832.5,11583.5,13205.1,13680.9,15044.9,
A,CP_PPS_EU27_2020_HAB,P31_S14,IE,15227.7,17423.6,20534.5,22576.6,23805.5,
A,CP_PPS_EU27_2020_HAB,P31_S14,IS,18230.7,20110.8,23183.9,24272.8,24552.6,
A,CP_PPS_EU27_2020_HAB,P31_S14,IT,16283.9,17742.0,20467.0,21480.0,22112.0,
A,CP_PPS_EU27_2020_HAB,P31_S14,LT,14711.6,16388.6,17842.3,18384.0,19156.7,
A,CP_PPS_EU27_2020_HAB,P31_S14,LU,21973.2,24589.7,27337.2,29122.8,30210.7,
A,CP_PPS_EU27_2020_HAB,P31_S14,LV,11336.6,12813.0,14539.6,15234.3,15813.7,
A,CP_PPS_EU27_2020_HAB,P31_S14,ME,10556.4,10975.7,13117.1,14655.1,16565.3,
A,CP_PPS_EU27_2020_HAB,P31_S14,MK,8300.7,9438.9,10241.9,10674.0,11130.6,
A,CP_PPS_EU27_2020_HAB,P31_S14,MT,13081.2,14317.9,15825.8,18327.3,18986.5,
A,CP_PPS_EU27_2020_HAB,P31_S14,NL,16752.2,18318.2,21002.4,22146.4,22875.4,
A,CP_PPS_EU27_2020_HAB,P31_S14,NO,17573.8,20151.4,23603.3,23361.5,23740.8,
A,CP_PPS_EU27_2020_HAB,P31_S14,PL,13344.1,14559.9,16084.1,16716.3,17643.3,
A,CP_PPS_EU27_2020_HAB,P31_S14,PT,14132.7,15150.4,17269.0,18670.8,19511.4,
A,CP_PPS_EU27_2020_HAB,P31_S14,RO,13149.6,14528.7,16204.6,17449.3,19009.2,
A,CP_PPS_EU27_2020_HAB,P31_S14,RS,8544.4,9386.5,10431.2,11466.5,12578.2,
A,CP_PPS_EU27_2020_HAB,P31_S14,SE,16014.6,17317.3,18268.7,18844.8,19555.4,
A,CP_PPS_EU27_2020_HAB,P31_S14,SI,13129.1,14895.5,17091.1,17713.7,18346.7,
A,CP_PPS_EU27_2020_HAB,P31_S14,SK,12744.5,13607.3,15368.2,16273.3,17253.6,
A,CP_PPS_EU27_2020_HAB,P31_S14,TR,9545.5,10153.7,12398.0,13823.9,14902.6,
A,CP_PPS_EU27_2020_HAB,P31_S14,UK,,,,,,
A,CP_PPS_EU27_2020_HAB,P31_S14_S15,AL,6911.6,7375.6,8607.3,,,
A,CP_PPS_EU27_2020_HAB,P31_S14_S15,AT,18539.5,19953.0,22708.5,23979.2,24779.1,
A,CP_PPS_EU27_2020_HAB,P31_S14_S15,BE,18015.2,19317.6,21927.3,23453.4,24269.5,
A,CP_PPS_EU27_2020_HAB,P31_S14_S15,BG,10133.7,11437.1,12986.0,13981.1,15083.5,
A,CP_PPS_EU27_2020_HAB,P31_S14_S15,CY,16731.5,17282.5,19947.9,21708.7,22635.1,
A,CP_PPS_EU27_2020_HAB,P31_S14_S15,CZ,13739.9,14410.3,15744.2,16532.4,17166.2,
A,CP_PPS_EU27_2020_HAB,P31_S14_S15,DE,19244.7,20273.6,22752.6,23732.8,24463.1,
A,CP_PPS_EU27_2020_HAB,P31_S14_S15,DK,18759.6,20314.3,21156.1,21522.1,22129.3,
A,CP_PPS_EU27_2020_HAB,P31_S14_S15,EA,16595.2,17820.6,20014.4,21240.7,21968.6,
A,CP_PPS_EU27_2020_HAB,P31_S14_S15,EA12,16748.1,17975.1,20168.4,21450.7,22181.2,
A,CP_PPS_EU27_2020_HAB,P31_S14_S15,EA19,16595.2,17820.6,20014.4,21293.5,22020.3,
A,CP_PPS_EU27_2020_HAB,P31_S14_S15,EA20,16535.4,17766.9,19956.3,21240.7,21968.6,
A,CP_PPS_EU27_2020_HAB,P31_S14_S15,EE,13208.8,14226.2,15853.6,16412.9,16853.2,
A,CP_PPS_EU27_2020_HAB,P31_S14_S15,EL,13406.7,14542.2,17047.3,18168.7,18797.6,
A,CP_PPS_EU27_2020_HAB,P31_S14_S15,ES,14101.6,15878.4,17920.2,19267.9,20158.0,
A,CP_PPS_EU27_2020_HAB,P31_S14_S15,EU27_2020,15803.1,17005.7,19021.4,20225.0,21019.6,
A,CP_PPS_EU27_2020_HAB,P31_S14_S15,FI,17096.2,18238.6,19382.3,20347.1,20893.1,
A,CP_PPS_EU27_2020_HAB,P31_S14_S15,FR,16930.3,17673.9,19030.7,20798.7,21426.1,
A,CP_PPS_EU27_2020_HAB,P31_S14_S15,HR,11836.4,13654.9,15355.0,16885.7,17756.5,
A,CP_PPS_EU27_2020_HAB,P31_S14_S15,HU,11295.8,12064.5,13759.8,14333.9,15729.5,
A,CP_PPS_EU27_2020_HAB,P31_S14_S15,IE,15516.1,17709.8,20839.6,22893.0,24229.1,
A,CP_PPS_EU27_2020_HAB,P31_S14_S15,IS,19142.2,21117.5,24273.8,25432.9,25750.7,
A,CP_PPS_EU27_2020_HAB,P31_S14_S15,IT,16423.5,17899.9,20636.9,21669.2,22308.9,
A,CP_PPS_EU27_2020_HAB,P31_S14_S15,LT,14772.0,16443.8,17898.3,18449.8,19235.1,
A,CP_PPS_EU27_2020_HAB,P31_S14_S15,LU,23638.4,26415.1,29344.9,31372.4,32539.0,
A,CP_PPS_EU27_2020_HAB,P31_S14_S15,LV,11592.8,13101.0,14840.4,15509.5,16084.6,
A,CP_PPS_EU27_2020_HAB,P31_S14_S15,ME,10750.9,11177.6,13353.5,14934.4,16863.5,
A,CP_PPS_EU27_2020_HAB,P31_S14_S15,MK,8407.7,9574.4,10393.6,10838.3,11314.6,
A,CP_PPS_EU27_2020_HAB,P31_S14_S15,MT,13617.2,14902.8,16454.2,18990.8,19715.4,
A,CP_PPS_EU27_2020_HAB,P31_S14_S15,NL,17078.0,18664.7,21365.8,22523.1,23268.6,
A,CP_PPS_EU27_2020_HAB,P31_S14_S15,NO,18628.1,21350.6,25086.8,24856.4,25250.1,
A,CP_PPS_EU27_2020_HAB,P31_S14_S15,PL,13564.2,14792.2,16362.7,17016.2,17975.2,
A,CP_PPS_EU27_2020_HAB,P31_S14_S15,PT,14511.0,15542.3,17713.9,19170.1,20039.1,
A,CP_PPS_EU27_2020_HAB,P31_S14_S15,RO,13349.9,14699.1,16375.2,17652.8,19233.8,
A,CP_PPS_EU27_2020_HAB,P31_S14_S15,RS,8676.1,9548.2,10603.0,11643.1,12775.5,
A,CP_PPS_EU27_2020_HAB,P31_S14_S15,SE,16453.7,17789.6,18744.7,19361.0,20103.2,
A,CP_PPS_EU27_2020_HAB,P31_S14_S15,SI,13364.3,15166.3,17449.3,18082.8,18745.5,
A,CP_PPS_EU27_2020_HAB,P31_S14_S15,SK,12965.8,13852.0,15658.1,16622.6,17588.4,
A,CP_PPS_EU27_2020_HAB,P31_S14_S15,TR,9610.6,10218.1,12457.6,13897.2,14991.3,
A,CP_PPS_EU27_2020_HAB,P31_S14_S15,UK,,,,,,
A,CP_PPS_EU27_2020_HAB,P31_S15,AL,80.7,91.6,100.9,,,
A,CP_PPS_EU27_2020_HAB,P31_S15,AT,726.9,830.5,884.3,978.4,1078.4,
A,CP_PPS_EU27_2020_HAB,P31_S15,BE,374.2,408.7,451.2,489.8,522.2,
A,CP_PPS_EU27_2020_HAB,P31_S15,BG,75.4,84.0,104.8,110.6,111.7,
A,CP_PPS_EU27_2020_HAB,P31_S15,CY,269.9,312.8,334.0,366.1,388.3,
A,CP_PPS_EU27_2020_HAB,P31_S15,CZ,263.4,284.8,300.2,330.6,378.9,
A,CP_PPS_EU27_2020_HAB,P31_S15,DE,585.0,596.6,629.4,633.1,658.9,
A,CP_PPS_EU27_2020_HAB,P31_S15,DK,580.0,596.6,647.3,684.4,734.2,
A,CP_PPS_EU27_2020_HAB,P31_S15,EA,447.1,474.6,516.5,542.0,566.7,
A,CP_PPS_EU27_2020_HAB,P31_S15,EA12,455.4,483.0,524.9,552.1,577.4,
A,CP_PPS_EU27_2020_HAB,P31_S15,EA19,447.1,474.6,516.5,543.8,568.4,
A,CP_PPS_EU27_2020_HAB,P31_S15,EA20,445.0,472.6,514.4,542.0,566.7,
A,CP_PPS_EU27_2020_HAB,P31_S15,EE,454.4,483.3,517.0,555.8,588.5,
A,CP_PPS_EU27_2020_HAB,P31_S15,EL,290.0,303.8,333.1,341.2,346.7,
A,CP_PPS_EU27_2020_HAB,P31_S15,ES,288.0,319.9,369.1,389.2,399.4,
A,CP_PPS_EU27_2020_HAB,P31_S15,EU27_2020,414.5,438.9,476.9,505.6,531.5,
A,CP_PPS_EU27_2020_HAB,P31_S15,FI,636.8,658.4,750.8,733.0,755.1,
A,CP_PPS_EU27_2020_HAB,P31_S15,FR,710.6,746.1,812.1,879.5,910.3,
A,CP_PPS_EU27_2020_HAB,P31_S15,HR,246.4,286.9,313.3,360.9,404.5,
A,CP_PPS_EU27_2020_HAB,P31_S15,HU,463.3,481.0,554.6,652.9,684.7,
A,CP_PPS_EU27_2020_HAB,P31_S15,IE,288.4,286.2,305.0,316.4,423.7,
A,CP_PPS_EU27_2020_HAB,P31_S15,IS,911.5,1006.7,1089.9,1160.1,1198.1,
A,CP_PPS_EU27_2020_HAB,P31_S15,IT,139.6,157.9,169.9,189.1,196.9,
A,CP_PPS_EU27_2020_HAB,P31_S15,LT,60.4,55.2,56.0,65.7,78.4,
A,CP_PPS_EU27_2020_HAB,P31_S15,LU,1665.1,1825.4,2007.7,2249.6,2328.3,
A,CP_PPS_EU27_2020_HAB,P31_S15,LV,256.2,288.0,300.8,275.2,270.8,
A,CP_PPS_EU27_2020_HAB,P31_S15,ME,194.5,201.9,236.5,279.3,298.3,
A,CP_PPS_EU27_2020_HAB,P31_S15,MK,107.0,135.5,151.7,164.3,183.9,
A,CP_PPS_EU27_2020_HAB,P31_S15,MT,535.9,584.9,628.4,663.5,728.8,
A,CP_PPS_EU27_2020_HAB,P31_S15,NL,325.8,346.5,363.4,376.7,393.1,
A,CP_PPS_EU27_2020_HAB,P31_S15,NO,1054.3,1199.2,1483.6,1494.8,1509.3,
A,CP_PPS_EU27_2020_HAB,P31_S15,PL,220.0,232.2,278.6,299.9,331.9,
A,CP_PPS_EU27_2020_HAB,P31_S15,PT,378.3,391.9,444.8,499.3,527.7,
A,CP_PPS_EU27_2020_HAB,P31_S15,RO,200.3,170.3,170.6,203.6,224.6,
A,CP_PPS_EU27_2020_HAB,P31_S15,RS,131.7,161.7,171.8,176.6,197.3,
A,CP_PPS_EU27_2020_HAB,P31_S15,SE,439.1,472.3,476.0,516.2,547.8,
A,CP_PPS_EU27_2020_HAB,P31_S15,SI,235.2,270.9,358.3,369.1,398.8,
A,CP_PPS_EU27_2020_HAB,P31_S15,SK,221.2,244.7,289.9,349.3,334.8,
A,CP_PPS_EU27_2020_HAB,P31_S15,TR,65.1,64.4,59.6,73.4,88.8,
A,CP_PPS_EU27_2020_HAB,P31_S15,UK,,,,,,
A,CP_PPS_EU27_2020_HAB,P32_S13,AL,693.3,707.0,788.3,,,
A,CP_PPS_EU27_2020_HAB,P32_S13,AT,2902.0,3033.2,3190.7,3386.8,3664.8,
A,CP_PPS_EU27_2020_HAB,P32_S13,BE,3092.2,3200.3,3488.5,3733.3,3897.5,
A,CP_PPS_EU27_2020_HAB,P32_S13,BG,1680.1,1776.5,2031.3,2145.9,2393.3,
A,CP_PPS_EU27_2020_HAB,P32_S13,CY,2357.3,2424.6,2663.7,3025.4,3091.8,
A,CP_PPS_EU27_2020_HAB,P32_S13,CZ,2719.9,2647.5,2672.1,2884.9,3018.9,
A,CP_PPS_EU27_2020_HAB,P32_S13,DE,3161.8,3333.8,3539.2,3785.6,3915.6,
A,CP_PPS_EU27_2020_HAB,P32_S13,DK,2938.3,3093.1,3170.6,3346.4,3572.2,
A,CP_PPS_EU27_2020_HAB,P32_S13,EA,2710.9,2834.1,3028.1,3204.9,3346.7,
A,CP_PPS_EU27_2020_HAB,P32_S13,EA12,2729.9,2853.4,3048.9,3228.9,3367.3,
A,CP_PPS_EU27_2020_HAB,P32_S13,EA19,2710.9,2834.1,3028.1,3209.4,3349.4,
A,CP_PPS_EU27_2020_HAB,P32_S13,EA20,2704.2,2828.5,3021.6,3204.9,3346.7,
A,CP_PPS_EU27_2020_HAB,P32_S13,EE,2321.6,2384.0,2451.3,2636.0,2775.3,
A,CP_PPS_EU27_2020_HAB,P32_S13,EL,2231.8,2351.2,2425.9,2574.5,2576.1,
A,CP_PPS_EU27_2020_HAB,P32_S13,ES,2180.5,2339.0,2556.2,2742.4,2793.0,
A,CP_PPS_EU27_2020_HAB,P32_S13,EU27_2020,2591.0,2706.8,2887.2,3080.7,3252.7,
A,CP_PPS_EU27_2020_HAB,P32_S13,FI,2615.3,2847.7,2946.9,2944.2,3124.5,
A,CP_PPS_EU27_2020_HAB,P32_S13,FR,2858.8,2880.2,3066.5,3252.1,3350.8,
A,CP_PPS_EU27_2020_HAB,P32_S13,HR,2382.5,2606.5,2643.3,3014.1,3385.7,
A,CP_PPS_EU27_2020_HAB,P32_S13,HU,2621.9,2760.1,3119.7,3296.2,3389.5,
A,CP_PPS_EU27_2020_HAB,P32_S13,IE,2574.6,2885.2,3082.7,3245.5,3479.5,
A,CP_PPS_EU27_2020_HAB,P32_S13,IS,3835.6,4081.6,4474.5,4684.2,4800.5,
A,CP_PPS_EU27_2020_HAB,P32_S13,IT,2469.0,2564.9,2742.0,2746.3,2892.2,
A,CP_PPS_EU27_2020_HAB,P32_S13,LT,1959.8,1993.5,2142.5,2248.6,2551.6,
A,CP_PPS_EU27_2020_HAB,P32_S13,LU,5562.7,5827.2,6414.0,7047.8,7450.4,
A,CP_PPS_EU27_2020_HAB,P32_S13,LV,2402.2,2574.8,2678.8,2825.1,2912.7,
A,CP_PPS_EU27_2020_HAB,P32_S13,ME,1527.2,1415.8,1410.6,1593.1,1709.6,
A,CP_PPS_EU27_2020_HAB,P32_S13,MK,915.3,1144.0,1194.9,1248.2,1480.0,
A,CP_PPS_EU27_2020_HAB,P32_S13,MT,2524.2,2593.3,2691.3,2793.3,2992.9,
A,CP_PPS_EU27_2020_HAB,P32_S13,NL,3298.7,3492.9,3753.9,4083.4,4510.5,
A,CP_PPS_EU27_2020_HAB,P32_S13,NO,3758.1,4220.6,4608.2,4754.5,4882.6,
A,CP_PPS_EU27_2020_HAB,P32_S13,PL,2057.1,2112.8,2272.9,2508.8,2879.6,
A,CP_PPS_EU27_2020_HAB,P32_S13,PT,1885.8,1882.1,1975.3,2163.9,2229.8,
A,CP_PPS_EU27_2020_HAB,P32_S13,RO,2285.2,2341.2,2322.1,2674.0,3215.3,
A,CP_PPS_EU27_2020_HAB,P32_S13,RS,1212.1,1324.1,1365.1,1448.4,1636.1,
A,CP_PPS_EU27_2020_HAB,P32_S13,SE,2545.2,2705.4,2895.7,3104.2,3338.4,
A,CP_PPS_EU27_2020_HAB,P32_S13,SI,2153.8,2349.2,2435.0,2674.8,2754.4,
A,CP_PPS_EU27_2020_HAB,P32_S13,SK,2663.7,2802.3,2826.4,2982.7,3284.2,
A,CP_PPS_EU27_2020_HAB,P32_S13,TR,1054.2,963.9,1153.8,1386.5,1644.4,
A,CP_PPS_EU27_2020_HAB,P32_S13,UK,,,,,,
A,CP_PPS_EU27_2020_HAB,P3_S13,AL,1267.0,1333.0,1464.9,,,
A,CP_PPS_EU27_2020_HAB,P3_S13,AT,7966.7,8766.8,9152.7,9544.8,10264.9,
A,CP_PPS_EU27_2020_HAB,P3_S13,BE,8689.1,9197.6,9963.0,10618.3,11106.4,
A,CP_PPS_EU27_2020_HAB,P3_S13,BG,3376.7,3731.2,4098.5,4476.3,5201.0,
A,CP_PPS_EU27_2020_HAB,P3_S13,CY,5222.2,5707.1,6206.5,6896.9,7274.9,
A,CP_PPS_EU27_2020_HAB,P3_S13,CZ,6255.4,6376.9,6352.7,6852.9,7226.2,
A,CP_PPS_EU27_2020_HAB,P3_S13,DE,8463.1,8996.1,9433.5,9683.5,10198.8,
A,CP_PPS_EU27_2020_HAB,P3_S13,DK,9918.1,10631.0,10689.6,11044.7,11658.7,
A,CP_PPS_EU27_2020_HAB,P3_S13,EA,7203.3,7685.3,8117.5,8488.4,8918.8,
A,CP_PPS_EU27_2020_HAB,P3_S13,EA12,7297.7,7782.0,8217.9,8609.0,9034.2,
A,CP_PPS_EU27_2020_HAB,P3_S13,EA19,7203.3,7685.3,8117.5,8513.2,8940.2,
A,CP_PPS_EU27_2020_HAB,P3_S13,EA20,7176.6,7659.1,8088.7,8488.4,8918.8,
A,CP_PPS_EU27_2020_HAB,P3_S13,EE,5359.0,5626.3,5752.4,6219.5,6638.3,
A,CP_PPS_EU27_2020_HAB,P3_S13,EL,4299.8,4580.8,4780.5,5106.1,5088.3,
A,CP_PPS_EU27_2020_HAB,P3_S13,ES,5464.9,5939.7,6371.0,6822.6,7029.9,
A,CP_PPS_EU27_2020_HAB,P3_S13,EU27_2020,6855.1,7313.3,7688.3,8099.7,8574.8,
A,CP_PPS_EU27_2020_HAB,P3_S13,FI,8318.6,8985.3,9268.3,10195.4,10660.9,
A,CP_PPS_EU27_2020_HAB,P3_S13,FR,8006.9,8340.3,8665.0,9184.3,9482.4,
A,CP_PPS_EU27_2020_HAB,P3_S13,HR,5030.8,5442.6,5492.5,6238.3,7154.6,
A,CP_PPS_EU27_2020_HAB,P3_S13,HU,4817.8,5157.5,5653.0,5930.0,6258.9,
A,CP_PPS_EU27_2020_HAB,P3_S13,IE,7855.3,8746.4,9403.4,10107.8,10678.7,
A,CP_PPS_EU27_2020_HAB,P3_S13,IS,10493.7,11312.5,12468.7,13153.7,13593.6,
A,CP_PPS_EU27_2020_HAB,P3_S13,IT,5885.1,6241.3,6659.1,6738.5,7052.5,
A,CP_PPS_EU27_2020_HAB,P3_S13,LT,4841.4,5140.3,5346.1,5745.9,6575.4,
A,CP_PPS_EU27_2020_HAB,P3_S13,LU,14354.2,15028.0,16328.9,17504.4,18610.4,
A,CP_PPS_EU27_2020_HAB,P3_S13,LV,4385.4,5132.7,5165.8,5619.1,5977.2,
A,CP_PPS_EU27_2020_HAB,P3_S13,ME,3118.9,3028.9,3128.0,3555.0,3768.5,
A,CP_PPS_EU27_2020_HAB,P3_S13,MK,2131.0,2236.1,2245.3,2365.1,2632.5,
A,CP_PPS_EU27_2020_HAB,P3_S13,MT,6287.9,6638.8,6575.0,6861.5,7413.9,
A,CP_PPS_EU27_2020_HAB,P3_S13,NL,10272.3,11106.4,11814.8,12616.0,13804.4,
A,CP_PPS_EU27_2020_HAB,P3_S13,NO,11205.1,12743.2,13982.2,14165.9,14577.5,
A,CP_PPS_EU27_2020_HAB,P3_S13,PL,4505.2,4852.6,5099.6,5593.2,6519.8,
A,CP_PPS_EU27_2020_HAB,P3_S13,PT,4302.0,4550.1,4845.3,5194.8,5549.7,
A,CP_PPS_EU27_2020_HAB,P3_S13,RO,4116.3,4259.1,4315.5,4938.9,5697.8,
A,CP_PPS_EU27_2020_HAB,P3_S13,RS,2602.0,2801.7,2961.8,3185.5,3602.4,
A,CP_PPS_EU27_2020_HAB,P3_S13,SE,9754.7,10324.7,10529.6,11229.3,11777.9,
A,CP_PPS_EU27_2020_HAB,P3_S13,SI,5527.2,6101.3,6302.5,6738.4,7364.2,
A,CP_PPS_EU27_2020_HAB,P3_S13,SK,4792.4,5185.7,5422.6,5789.6,6293.9,
A,CP_PPS_EU27_2020_HAB,P3_S13,TR,2689.1,2559.6,2767.4,3404.4,3992.9,
A,CP_PPS_EU27_2020_HAB,P3_S13,UK,,,,,,
A,CP_PPS_EU27_2020_HAB,P41,AL,7485.3,8001.6,9283.9,,,
A,CP_PPS_EU27_2020_HAB,P41,AT,23604.3,25686.7,28670.4,30137.2,31379.3,
A,CP_PPS_EU27_2020_HAB,P41,BE,23612.1,25314.9,28401.8,30338.4,31478.4,
A,CP_PPS_EU27_2020_HAB,P41,BG,11830.3,13391.8,15053.2,16311.5,17891.2,
A,CP_PPS_EU27_2020_HAB,P41,CY,19596.4,20565.0,23490.6,25580.2,26818.2,
A,CP_PPS_EU27_2020_HAB,P41,CZ,17275.5,18139.7,19424.9,20500.4,21373.5,
A,CP_PPS_EU27_2020_HAB,P41,DE,24546.0,25935.9,28646.9,29630.7,30746.4,
A,CP_PPS_EU27_2020_HAB,P41,DK,25739.5,27852.1,28675.1,29220.3,30215.8,
A,CP_PPS_EU27_2020_HAB,P41,EA,21087.6,22671.8,25103.8,26524.3,27540.6,
A,CP_PPS_EU27_2020_HAB,P41,EA12,21316.0,22903.7,25337.4,26830.8,27848.1,
A,CP_PPS_EU27_2020_HAB,P41,EA19,21087.6,22671.8,25103.8,26597.3,27611.1,
A,CP_PPS_EU27_2020_HAB,P41,EA20,21007.8,22597.5,25023.3,26524.3,27540.6,
A,CP_PPS_EU27_2020_HAB,P41,EE,16246.2,17468.6,19154.7,19996.5,20716.3,
A,CP_PPS_EU27_2020_HAB,P41,EL,15474.7,16771.9,19401.9,20700.4,21309.9,
A,CP_PPS_EU27_2020_HAB,P41,ES,17386.0,19479.0,21735.0,23348.2,24394.9,
A,CP_PPS_EU27_2020_HAB,P41,EU27_2020,20067.1,21612.2,23822.4,25243.9,26341.7,
A,CP_PPS_EU27_2020_HAB,P41,FI,22799.5,24376.2,25703.8,27598.3,28429.5,
A,CP_PPS_EU27_2020_HAB,P41,FR,22078.3,23134.0,24629.2,26730.9,27557.7,
A,CP_PPS_EU27_2020_HAB,P41,HR,14484.6,16491.0,18204.2,20109.9,21525.3,
A,CP_PPS_EU27_2020_HAB,P41,HU,13491.7,14461.8,16293.1,16967.6,18599.0,
A,CP_PPS_EU27_2020_HAB,P41,IE,20796.7,23571.0,27160.2,29755.2,31428.3,
A,CP_PPS_EU27_2020_HAB,P41,IS,25800.3,28348.4,32268.0,33902.5,34543.8,
A,CP_PPS_EU27_2020_HAB,P41,IT,19839.6,21576.4,24554.1,25661.4,26469.2,
A,CP_PPS_EU27_2020_HAB,P41,LT,17653.6,19590.7,21101.9,21947.1,23258.9,
A,CP_PPS_EU27_2020_HAB,P41,LU,32429.9,35615.9,39259.8,41829.0,43699.0,
A,CP_PPS_EU27_2020_HAB,P41,LV,13576.0,15658.9,17327.4,18303.5,19149.1,
A,CP_PPS_EU27_2020_HAB,P41,ME,12342.6,12790.7,15070.9,16896.2,18922.4,
A,CP_PPS_EU27_2020_HAB,P41,MK,9623.4,10666.6,11444.1,11955.2,12467.0,
A,CP_PPS_EU27_2020_HAB,P41,MT,17380.8,18948.4,20338.0,23059.0,24136.4,
A,CP_PPS_EU27_2020_HAB,P41,NL,24051.6,26278.2,29426.6,31055.8,32562.4,
A,CP_PPS_EU27_2020_HAB,P41,NO,26075.1,29873.2,34460.8,34267.8,34945.0,
A,CP_PPS_EU27_2020_HAB,P41,PL,16012.3,17531.9,19189.4,20100.6,21615.4,
A,CP_PPS_EU27_2020_HAB,P41,PT,16927.2,18210.3,20583.9,22200.9,23359.1,
A,CP_PPS_EU27_2020_HAB,P41,RO,15181.0,16617.0,18368.6,19917.8,21716.3,
A,CP_PPS_EU27_2020_HAB,P41,RS,10066.0,11025.8,12199.7,13380.2,14741.8,
A,CP_PPS_EU27_2020_HAB,P41,SE,23663.2,25409.0,26378.7,27486.1,28542.7,
A,CP_PPS_EU27_2020_HAB,P41,SI,16737.7,18918.4,21316.8,22146.4,23355.3,
A,CP_PPS_EU27_2020_HAB,P41,SK,15094.5,16235.4,18254.3,19429.4,20598.1,
A,CP_PPS_EU27_2020_HAB,P41,TR,11245.5,11813.8,14071.1,15915.1,17339.9,
A,CP_PPS_EU27_2020_HAB,P41,UK,,,,,,
A,PC_EU27_2020_HAB_MEUR_CP,B1GQ,AL,15.5,16.3,18.0,,,
A,PC_EU27_2020_HAB_MEUR_CP,B1GQ,AT,139.8,136.4,137.4,136.4,134.8,
A,PC_EU27_2020_HAB_MEUR_CP,B1GQ,BA,,,,,,
A,PC_EU27_2020_HAB_MEUR_CP,B1GQ,BE,131.7,131.3,133.0,133.2,131.0,
A,PC_EU27_2020_HAB_MEUR_CP,B1GQ,BG,30.9,33.0,36.8,38.2,40.7,
A,PC_EU27_2020_HAB_MEUR_CP,B1GQ,CH,251.4,245.3,257.1,250.9,248.9,
A,PC_EU27_2020_HAB_MEUR_CP,B1GQ,CY,80.7,83.7,87.3,88.3,89.5,
A,PC_EU27_2020_HAB_MEUR_CP,B1GQ,CZ,68.8,70.4,73.8,76.4,73.7,
A,PC_EU27_2020_HAB_MEUR_CP,B1GQ,DE,137.7,135.0,133.8,132.0,129.8,
A,PC_EU27_2020_HAB_MEUR_CP,B1GQ,DK,175.5,176.3,178.3,163.9,164.4,
A,PC_EU27_2020_HAB_MEUR_CP,B1GQ,EA,110.9,110.5,110.3,109.3,108.7,
A,PC_EU27_2020_HAB_MEUR_CP,B1GQ,EA12,113.1,112.6,112.4,111.9,111.1,
A,PC_EU27_2020_HAB_MEUR_CP,B1GQ,EA19,110.9,110.5,110.3,109.9,109.2,
A,PC_EU27_2020_HAB_MEUR_CP,B1GQ,EA20,110.1,109.7,109.6,109.3,108.7,
A,PC_EU27_2020_HAB_MEUR_CP,B1GQ,EA21,108.7,108.3,108.3,108.0,107.4,
A,PC_EU27_2020_HAB_MEUR_CP,B1GQ,EE,68.7,71.1,75.4,73.2,72.6,
A,PC_EU27_2020_HAB_MEUR_CP,B1GQ,EL,51.3,52.2,54.1,55.5,56.3,
A,PC_EU27_2020_HAB_MEUR_CP,B1GQ,ES,78.2,78.4,79.7,80.7,81.7,
A,PC_EU27_2020_HAB_MEUR_CP,B1GQ,EU27_2020,100.0,100.0,100.0,100.0,,
A,PC_EU27_2020_HAB_MEUR_CP,B1GQ,FI,140.1,135.0,132.5,127.5,122.9,
A,PC_EU27_2020_HAB_MEUR_CP,B1GQ,FR,112.3,111.0,107.7,107.7,106.6,
A,PC_EU27_2020_HAB_MEUR_CP,B1GQ,HR,42.5,45.3,48.5,53.5,55.6,
A,PC_EU27_2020_HAB_MEUR_CP,B1GQ,HU,47.1,48.4,48.6,53.6,53.9,
A,PC_EU27_2020_HAB_MEUR_CP,B1GQ,IE,248.5,264.8,277.1,258.2,261.6,
A,PC_EU27_2020_HAB_MEUR_CP,B1GQ,IS,177.6,184.5,207.4,201.4,198.8,
A,PC_EU27_2020_HAB_MEUR_CP,B1GQ,IT,92.1,93.7,93.7,94.7,93.4,
A,PC_EU27_2020_HAB_MEUR_CP,B1GQ,LI,466.9,506.4,479.5,487.0,,
A,PC_EU27_2020_HAB_MEUR_CP,B1GQ,LT,58.6,60.7,65.6,67.4,68.5,
A,PC_EU27_2020_HAB_MEUR_CP,B1GQ,LU,334.9,342.5,324.0,320.4,318.0,
A,PC_EU27_2020_HAB_MEUR_CP,B1GQ,LV,50.4,51.5,52.9,54.8,54.2,
A,PC_EU27_2020_HAB_MEUR_CP,B1GQ,ME,21.7,23.7,26.4,29.5,30.7,
A,PC_EU27_2020_HAB_MEUR_CP,B1GQ,MK,19.1,19.4,20.0,20.9,21.5,
A,PC_EU27_2020_HAB_MEUR_CP,B1GQ,MT,91.3,96.8,93.6,98.5,101.7,
A,PC_EU27_2020_HAB_MEUR_CP,B1GQ,NL,153.4,152.9,155.4,153.1,156.2,
A,PC_EU27_2020_HAB_MEUR_CP,B1GQ,NO,196.7,236.5,287.8,210.8,200.8,
A,PC_EU27_2020_HAB_MEUR_CP,B1GQ,PL,46.9,47.4,48.5,52.1,56.6,
A,PC_EU27_2020_HAB_MEUR_CP,B1GQ,PT,63.4,62.5,64.5,66.6,67.8,
A,PC_EU27_2020_HAB_MEUR_CP,B1GQ,RO,37.3,37.9,40.8,44.0,46.5,
A,PC_EU27_2020_HAB_MEUR_CP,B1GQ,RS,23.3,24.6,26.4,29.6,31.6,
A,PC_EU27_2020_HAB_MEUR_CP,B1GQ,SE,151.3,154.1,143.8,131.6,131.6,
A,PC_EU27_2020_HAB_MEUR_CP,B1GQ,SI,72.8,74.2,74.6,78.7,79.4,
A,PC_EU27_2020_HAB_MEUR_CP,B1GQ,SK,56.6,56.3,55.8,59.0,59.7,
A,PC_EU27_2020_HAB_MEUR_CP,B1GQ,TR,24.1,24.2,27.5,30.9,35.4,
A,PC_EU27_2020_HAB_MEUR_CP,B1GQ,UK,,,,,,
A,PC_EU27_2020_HAB_MEUR_CP,B1GQ,XK,12.5,13.7,,,,
A,PC_EU27_2020_HAB_MEUR_CP,P3,AL,18.4,18.9,20.3,,,
A,PC_EU27_2020_HAB_MEUR_CP,P3,AT,133.5,133.4,132.9,133.5,134.1,
A,PC_EU27_2020_HAB_MEUR_CP,P3,BA,,,,,,
A,PC_EU27_2020_HAB_MEUR_CP,P3,BE,132.1,132.3,135.0,135.5,134.2,
A,PC_EU27_2020_HAB_MEUR_CP,P3,BG,32.2,34.6,38.0,39.4,42.3,
A,PC_EU27_2020_HAB_MEUR_CP,P3,CH,213.3,201.2,207.5,205.8,205.7,
A,PC_EU27_2020_HAB_MEUR_CP,P3,CY,87.7,86.6,89.6,91.5,91.4,
A,PC_EU27_2020_HAB_MEUR_CP,P3,CZ,63.4,65.7,68.1,69.3,67.1,
A,PC_EU27_2020_HAB_MEUR_CP,P3,DE,135.3,133.3,134.4,132.4,130.9,
A,PC_EU27_2020_HAB_MEUR_CP,P3,DK,169.2,168.7,158.5,149.6,147.6,
A,PC_EU27_2020_HAB_MEUR_CP,P3,EA,111.1,110.6,110.6,109.6,108.7,
A,PC_EU27_2020_HAB_MEUR_CP,P3,EA12,113.3,112.7,112.6,112.1,111.1,
A,PC_EU27_2020_HAB_MEUR_CP,P3,EA19,111.1,110.6,110.6,110.2,109.2,
A,PC_EU27_2020_HAB_MEUR_CP,P3,EA20,110.4,109.9,109.9,109.6,108.7,
A,PC_EU27_2020_HAB_MEUR_CP,P3,EA21,108.9,108.5,108.6,108.3,107.5,
A,PC_EU27_2020_HAB_MEUR_CP,P3,EE,66.1,68.4,73.4,73.3,72.9,
A,PC_EU27_2020_HAB_MEUR_CP,P3,EL,64.9,64.2,66.6,66.6,66.3,
A,PC_EU27_2020_HAB_MEUR_CP,P3,ES,82.0,82.8,82.4,82.1,82.3,
A,PC_EU27_2020_HAB_MEUR_CP,P3,EU27_2020,100.0,100.0,100.0,100.0,,
A,PC_EU27_2020_HAB_MEUR_CP,P3,FI,140.8,138.7,134.0,133.0,128.2,
A,PC_EU27_2020_HAB_MEUR_CP,P3,FR,119.4,118.0,114.7,115.0,113.4,
A,PC_EU27_2020_HAB_MEUR_CP,P3,HR,47.8,50.2,52.6,56.1,60.2,
A,PC_EU27_2020_HAB_MEUR_CP,P3,HU,45.0,45.9,46.7,50.7,52.6,
A,PC_EU27_2020_HAB_MEUR_CP,P3,IE,125.2,128.2,132.3,138.1,139.3,
A,PC_EU27_2020_HAB_MEUR_CP,P3,IS,189.7,198.5,211.3,201.6,201.2,
A,PC_EU27_2020_HAB_MEUR_CP,P3,IT,97.5,97.3,97.9,96.7,94.8,
A,PC_EU27_2020_HAB_MEUR_CP,P3,LT,58.7,61.2,65.9,67.1,68.3,
A,PC_EU27_2020_HAB_MEUR_CP,P3,LU,220.0,222.9,221.5,223.1,224.7,
A,PC_EU27_2020_HAB_MEUR_CP,P3,LV,51.8,54.6,57.5,58.6,59.0,
A,PC_EU27_2020_HAB_MEUR_CP,P3,ME,30.7,30.4,34.0,37.2,40.0,
A,PC_EU27_2020_HAB_MEUR_CP,P3,MK,21.3,22.1,22.9,23.6,23.9,
A,PC_EU27_2020_HAB_MEUR_CP,P3,MT,76.7,78.7,78.0,82.4,84.8,
A,PC_EU27_2020_HAB_MEUR_CP,P3,NL,141.3,142.3,143.7,145.1,146.1,
A,PC_EU27_2020_HAB_MEUR_CP,P3,NO,184.3,194.3,196.3,172.2,168.7,
A,PC_EU27_2020_HAB_MEUR_CP,P3,PL,47.7,48.6,50.0,54.0,59.7,
A,PC_EU27_2020_HAB_MEUR_CP,P3,PT,70.6,70.0,70.7,70.7,71.1,
A,PC_EU27_2020_HAB_MEUR_CP,P3,RO,40.3,41.0,44.1,46.9,50.8,
A,PC_EU27_2020_HAB_MEUR_CP,P3,RS,26.3,27.8,30.0,32.0,34.0,
A,PC_EU27_2020_HAB_MEUR_CP,P3,SE,145.7,149.4,139.3,128.3,127.6,
A,PC_EU27_2020_HAB_MEUR_CP,P3,SI,69.5,73.7,74.1,75.5,77.4,
A,PC_EU27_2020_HAB_MEUR_CP,P3,SK,60.0,59.9,62.3,62.9,64.6,
A,PC_EU27_2020_HAB_MEUR_CP,P3,TR,22.3,21.6,24.2,28.2,32.8,
A,PC_EU27_2020_HAB_MEUR_CP,P3,UK,,,,,,
A,PC_EU27_2020_HAB_MEUR_CP,P3,XK,16.8,18.1,,,,
A,PC_EU27_2020_HAB_MEUR_CP,P31_S13,AL,6.8,7.2,7.6,,,
A,PC_EU27_2020_HAB_MEUR_CP,P31_S13,AT,135.5,140.6,138.3,138.4,140.5,
A,PC_EU27_2020_HAB_MEUR_CP,P31_S13,BA,,,,,,
A,PC_EU27_2020_HAB_MEUR_CP,P31_S13,BE,147.1,146.9,152.5,154.5,152.1,
A,PC_EU27_2020_HAB_MEUR_CP,P31_S13,BG,21.5,23.6,25.6,28.1,32.6,
A,PC_EU27_2020_HAB_MEUR_CP,P31_S13,CH,115.9,114.2,114.4,118.2,116.2,
A,PC_EU27_2020_HAB_MEUR_CP,P31_S13,CY,60.8,65.3,67.5,69.9,71.1,
A,PC_EU27_2020_HAB_MEUR_CP,P31_S13,CZ,59.6,62.2,63.1,66.3,64.3,
A,PC_EU27_2020_HAB_MEUR_CP,P31_S13,DE,137.6,136.2,136.9,131.9,131.9,
A,PC_EU27_2020_HAB_MEUR_CP,P31_S13,DK,218.8,216.9,208.2,199.6,196.5,
A,PC_EU27_2020_HAB_MEUR_CP,P31_S13,EA,111.4,111.0,111.3,109.9,109.0,
A,PC_EU27_2020_HAB_MEUR_CP,P31_S13,EA12,114.4,113.8,114.0,113.2,112.1,
A,PC_EU27_2020_HAB_MEUR_CP,P31_S13,EA19,111.4,111.0,111.3,110.6,109.7,
A,PC_EU27_2020_HAB_MEUR_CP,P31_S13,EA20,110.6,110.2,110.5,109.9,109.0,
A,PC_EU27_2020_HAB_MEUR_CP,P31_S13,EA21,108.9,108.6,109.0,108.4,107.7,
A,PC_EU27_2020_HAB_MEUR_CP,P31_S13,EE,57.4,58.9,62.4,65.5,66.7,
A,PC_EU27_2020_HAB_MEUR_CP,P31_S13,EL,40.3,39.5,39.9,40.9,38.8,
A,PC_EU27_2020_HAB_MEUR_CP,P31_S13,ES,73.1,72.1,72.0,72.4,71.3,
A,PC_EU27_2020_HAB_MEUR_CP,P31_S13,EU27_2020,100.0,100.0,100.0,100.0,,
A,PC_EU27_2020_HAB_MEUR_CP,P31_S13,FI,167.9,165.1,164.4,178.2,170.2,
A,PC_EU27_2020_HAB_MEUR_CP,P31_S13,FR,131.0,130.8,129.0,128.4,125.1,
A,PC_EU27_2020_HAB_MEUR_CP,P31_S13,HR,39.9,39.3,40.0,44.2,50.6,
A,PC_EU27_2020_HAB_MEUR_CP,P31_S13,HU,32.6,33.8,33.9,37.2,38.2,
A,PC_EU27_2020_HAB_MEUR_CP,P31_S13,IE,150.3,150.0,153.9,162.1,159.8,
A,PC_EU27_2020_HAB_MEUR_CP,P31_S13,IS,226.5,233.7,255.8,249.7,250.1,
A,PC_EU27_2020_HAB_MEUR_CP,P31_S13,IT,79.3,78.2,78.1,76.7,74.7,
A,PC_EU27_2020_HAB_MEUR_CP,P31_S13,LT,45.9,47.1,50.6,54.8,59.2,
A,PC_EU27_2020_HAB_MEUR_CP,P31_S13,LU,270.5,261.2,267.5,269.3,272.7,
A,PC_EU27_2020_HAB_MEUR_CP,P31_S13,LV,34.2,40.4,39.7,43.8,45.6,
A,PC_EU27_2020_HAB_MEUR_CP,P31_S13,ME,18.7,18.3,19.7,22.3,22.2,
A,PC_EU27_2020_HAB_MEUR_CP,P31_S13,MK,13.1,10.8,10.6,11.3,11.0,
A,PC_EU27_2020_HAB_MEUR_CP,P31_S13,MT,77.0,78.0,73.2,73.2,76.9,
A,PC_EU27_2020_HAB_MEUR_CP,P31_S13,NL,191.5,192.1,194.2,198.9,203.6,
A,PC_EU27_2020_HAB_MEUR_CP,P31_S13,NO,244.5,256.4,262.1,234.3,228.3,
A,PC_EU27_2020_HAB_MEUR_CP,P31_S13,PL,34.4,35.8,36.6,41.6,49.4,
A,PC_EU27_2020_HAB_MEUR_CP,P31_S13,PT,48.1,49.1,50.0,49.6,51.3,
A,PC_EU27_2020_HAB_MEUR_CP,P31_S13,RO,22.4,21.9,23.6,26.5,28.1,
A,PC_EU27_2020_HAB_MEUR_CP,P31_S13,RS,17.3,17.6,19.6,21.1,22.7,
A,PC_EU27_2020_HAB_MEUR_CP,P31_S13,SE,212.9,213.7,202.1,192.3,187.8,
A,PC_EU27_2020_HAB_MEUR_CP,P31_S13,SI,65.9,68.6,67.2,69.7,76.0,
A,PC_EU27_2020_HAB_MEUR_CP,P31_S13,SK,38.2,39.6,42.7,44.4,45.3,
A,PC_EU27_2020_HAB_MEUR_CP,P31_S13,TR,15.7,14.2,14.3,18.5,22.6,
A,PC_EU27_2020_HAB_MEUR_CP,P31_S13,UK,,,,,,
A,PC_EU27_2020_HAB_MEUR_CP,P31_S13,XK,6.1,6.5,,,,
A,PC_EU27_2020_HAB_MEUR_CP,P31_S14,AL,22.6,23.2,24.7,,,
A,PC_EU27_2020_HAB_MEUR_CP,P31_S14,AT,132.1,130.4,131.1,131.6,131.0,
A,PC_EU27_2020_HAB_MEUR_CP,P31_S14,BA,,,,,,
A,PC_EU27_2020_HAB_MEUR_CP,P31_S14,BE,128.5,128.8,131.0,131.2,130.1,
A,PC_EU27_2020_HAB_MEUR_CP,P31_S14,BG,35.3,38.0,41.2,42.5,45.2,
A,PC_EU27_2020_HAB_MEUR_CP,P31_S14,CH,241.3,225.5,231.0,227.6,228.5,
A,PC_EU27_2020_HAB_MEUR_CP,P31_S14,CY,96.9,93.9,96.8,98.0,98.2,
A,PC_EU27_2020_HAB_MEUR_CP,P31_S14,CZ,63.0,65.5,68.5,68.9,66.7,
A,PC_EU27_2020_HAB_MEUR_CP,P31_S14,DE,134.2,131.6,133.0,131.5,129.8,
A,PC_EU27_2020_HAB_MEUR_CP,P31_S14,DK,157.9,157.8,147.0,137.5,135.0,
A,PC_EU27_2020_HAB_MEUR_CP,P31_S14,EA,111.0,110.4,110.4,109.6,108.8,
A,PC_EU27_2020_HAB_MEUR_CP,P31_S14,EA12,113.0,112.3,112.2,111.9,111.0,
A,PC_EU27_2020_HAB_MEUR_CP,P31_S14,EA19,111.0,110.4,110.4,110.2,109.3,
A,PC_EU27_2020_HAB_MEUR_CP,P31_S14,EA20,110.3,109.7,109.8,109.6,108.8,
A,PC_EU27_2020_HAB_MEUR_CP,P31_S14,EA21,108.9,108.4,108.5,108.4,107.6,
A,PC_EU27_2020_HAB_MEUR_CP,P31_S14,EE,66.8,69.5,75.1,73.8,72.9,
A,PC_EU27_2020_HAB_MEUR_CP,P31_S14,EL,70.8,70.2,73.4,73.3,74.0,
A,PC_EU27_2020_HAB_MEUR_CP,P31_S14,ES,85.2,86.6,85.7,85.3,86.4,
A,PC_EU27_2020_HAB_MEUR_CP,P31_S14,EU27_2020,100.0,100.0,100.0,100.0,,
A,PC_EU27_2020_HAB_MEUR_CP,P31_S14,FI,134.3,131.5,125.5,122.7,118.1,
A,PC_EU27_2020_HAB_MEUR_CP,P31_S14,FR,114.3,112.8,108.7,109.7,108.8,
A,PC_EU27_2020_HAB_MEUR_CP,P31_S14,HR,48.4,51.6,54.7,57.6,60.5,
A,PC_EU27_2020_HAB_MEUR_CP,P31_S14,HU,44.5,45.4,45.8,49.2,52.0,
A,PC_EU27_2020_HAB_MEUR_CP,P31_S14,IE,120.1,124.0,129.4,135.7,137.2,
A,PC_EU27_2020_HAB_MEUR_CP,P31_S14,IS,171.9,180.7,192.1,182.2,181.4,
A,PC_EU27_2020_HAB_MEUR_CP,P31_S14,IT,104.7,105.0,105.7,105.0,103.2,
A,PC_EU27_2020_HAB_MEUR_CP,P31_S14,LT,64.9,68.2,72.9,73.3,73.2,
A,PC_EU27_2020_HAB_MEUR_CP,P31_S14,LU,187.3,194.1,191.0,190.9,191.7,
A,PC_EU27_2020_HAB_MEUR_CP,P31_S14,LV,54.2,56.3,60.1,60.7,61.1,
A,PC_EU27_2020_HAB_MEUR_CP,P31_S14,ME,34.4,34.5,38.9,42.3,46.4,
A,PC_EU27_2020_HAB_MEUR_CP,P31_S14,MK,24.7,26.0,26.7,27.4,27.6,
A,PC_EU27_2020_HAB_MEUR_CP,P31_S14,MT,74.2,76.8,77.2,83.9,85.8,
A,PC_EU27_2020_HAB_MEUR_CP,P31_S14,NL,127.4,128.5,131.0,131.4,130.2,
A,PC_EU27_2020_HAB_MEUR_CP,P31_S14,NO,159.9,168.6,170.9,148.1,145.2,
A,PC_EU27_2020_HAB_MEUR_CP,P31_S14,PL,51.9,52.9,54.0,57.4,62.2,
A,PC_EU27_2020_HAB_MEUR_CP,P31_S14,PT,78.0,77.5,77.9,77.8,78.3,
A,PC_EU27_2020_HAB_MEUR_CP,P31_S14,RO,44.6,46.2,49.7,52.0,55.9,
A,PC_EU27_2020_HAB_MEUR_CP,P31_S14,RS,29.4,31.1,33.2,35.5,37.7,
A,PC_EU27_2020_HAB_MEUR_CP,P31_S14,SE,131.1,135.1,125.2,113.5,113.0,
A,PC_EU27_2020_HAB_MEUR_CP,P31_S14,SI,71.1,75.8,76.8,77.4,78.6,
A,PC_EU27_2020_HAB_MEUR_CP,P31_S14,SK,63.4,62.8,65.4,65.6,67.4,
A,PC_EU27_2020_HAB_MEUR_CP,P31_S14,TR,25.4,25.1,28.4,32.3,37.2,
A,PC_EU27_2020_HAB_MEUR_CP,P31_S14,UK,,,,,,
A,PC_EU27_2020_HAB_MEUR_CP,P31_S14,XK,21.1,22.9,,,,
A,PC_EU27_2020_HAB_MEUR_CP,P31_S14_S15,AL,22.2,22.9,24.4,,,
A,PC_EU27_2020_HAB_MEUR_CP,P31_S14_S15,AT,133.8,132.5,133.0,133.8,133.5,
A,PC_EU27_2020_HAB_MEUR_CP,P31_S14_S15,BA,,,,,,
A,PC_EU27_2020_HAB_MEUR_CP,P31_S14_S15,BE,127.8,128.2,130.4,130.6,129.6,
A,PC_EU27_2020_HAB_MEUR_CP,P31_S14_S15,BG,34.7,37.3,40.5,41.8,44.3,
A,PC_EU27_2020_HAB_MEUR_CP,P31_S14_S15,CH,245.8,230.1,235.6,232.3,233.3,
A,PC_EU27_2020_HAB_MEUR_CP,P31_S14_S15,CY,95.9,93.1,95.9,97.2,97.4,
A,PC_EU27_2020_HAB_MEUR_CP,P31_S14_S15,CZ,62.5,65.1,68.1,68.6,66.5,
A,PC_EU27_2020_HAB_MEUR_CP,P31_S14_S15,DE,134.7,132.1,133.4,131.7,130.0,
A,PC_EU27_2020_HAB_MEUR_CP,P31_S14_S15,DK,158.7,158.3,147.9,138.4,136.2,
A,PC_EU27_2020_HAB_MEUR_CP,P31_S14_S15,EA,111.1,110.5,110.5,109.6,108.9,
A,PC_EU27_2020_HAB_MEUR_CP,P31_S14_S15,EA12,113.1,112.5,112.3,112.0,111.1,
A,PC_EU27_2020_HAB_MEUR_CP,P31_S14_S15,EA19,111.1,110.5,110.5,110.2,109.4,
A,PC_EU27_2020_HAB_MEUR_CP,P31_S14_S15,EA20,110.3,109.8,109.8,109.6,108.9,
A,PC_EU27_2020_HAB_MEUR_CP,P31_S14_S15,EA21,108.9,108.5,108.6,108.4,107.7,
A,PC_EU27_2020_HAB_MEUR_CP,P31_S14_S15,EE,67.4,70.0,75.7,74.4,73.7,
A,PC_EU27_2020_HAB_MEUR_CP,P31_S14_S15,EL,70.4,69.8,73.0,72.9,73.4,
A,PC_EU27_2020_HAB_MEUR_CP,P31_S14_S15,ES,84.7,86.1,85.4,84.9,85.9,
A,PC_EU27_2020_HAB_MEUR_CP,P31_S14_S15,EU27_2020,100.0,100.0,100.0,100.0,,
A,PC_EU27_2020_HAB_MEUR_CP,P31_S14_S15,FI,135.8,132.9,127.3,124.1,119.5,
A,PC_EU27_2020_HAB_MEUR_CP,P31_S14_S15,FR,116.2,114.7,110.6,111.7,110.7,
A,PC_EU27_2020_HAB_MEUR_CP,P31_S14_S15,HR,48.1,51.3,54.4,57.4,60.4,
A,PC_EU27_2020_HAB_MEUR_CP,P31_S14_S15,HU,45.2,46.0,46.5,50.2,53.0,
A,PC_EU27_2020_HAB_MEUR_CP,P31_S14_S15,IE,119.2,122.8,128.0,134.2,136.2,
A,PC_EU27_2020_HAB_MEUR_CP,P31_S14_S15,IS,175.7,184.9,196.1,186.1,185.4,
A,PC_EU27_2020_HAB_MEUR_CP,P31_S14_S15,IT,102.9,103.2,103.9,103.3,101.5,
A,PC_EU27_2020_HAB_MEUR_CP,P31_S14_S15,LT,63.4,66.7,71.3,71.7,71.6,
A,PC_EU27_2020_HAB_MEUR_CP,P31_S14_S15,LU,196.3,203.2,199.8,200.5,201.3,
A,PC_EU27_2020_HAB_MEUR_CP,P31_S14_S15,LV,53.9,56.1,59.9,60.3,60.6,
A,PC_EU27_2020_HAB_MEUR_CP,P31_S14_S15,ME,34.2,34.3,38.6,42.1,46.0,
A,PC_EU27_2020_HAB_MEUR_CP,P31_S14_S15,MK,24.4,25.7,26.4,27.2,27.3,
A,PC_EU27_2020_HAB_MEUR_CP,P31_S14_S15,MT,75.2,77.8,78.3,84.8,86.8,
A,PC_EU27_2020_HAB_MEUR_CP,P31_S14_S15,NL,126.5,127.6,129.9,130.3,129.1,
A,PC_EU27_2020_HAB_MEUR_CP,P31_S14_S15,NO,165.0,174.0,177.0,153.6,150.6,
A,PC_EU27_2020_HAB_MEUR_CP,P31_S14_S15,PL,51.4,52.4,53.5,57.0,61.7,
A,PC_EU27_2020_HAB_MEUR_CP,P31_S14_S15,PT,78.0,77.4,77.9,77.9,78.4,
A,PC_EU27_2020_HAB_MEUR_CP,P31_S14_S15,RO,44.1,45.5,49.0,51.3,55.2,
A,PC_EU27_2020_HAB_MEUR_CP,P31_S14_S15,RS,29.1,30.8,32.9,35.1,37.3,
A,PC_EU27_2020_HAB_MEUR_CP,P31_S14_S15,SE,131.1,135.2,125.2,113.7,113.2,
A,PC_EU27_2020_HAB_MEUR_CP,P31_S14_S15,SI,70.5,75.1,76.5,77.0,78.3,
A,PC_EU27_2020_HAB_MEUR_CP,P31_S14_S15,SK,62.8,62.3,65.0,65.3,67.0,
A,PC_EU27_2020_HAB_MEUR_CP,P31_S14_S15,TR,25.0,24.7,27.8,31.7,36.5,
A,PC_EU27_2020_HAB_MEUR_CP,P31_S14_S15,UK,,,,,,
A,PC_EU27_2020_HAB_MEUR_CP,P31_S14_S15,XK,20.6,22.4,,,,
A,PC_EU27_2020_HAB_MEUR_CP,P31_S15,AL,9.9,11.0,11.4,,,
A,PC_EU27_2020_HAB_MEUR_CP,P31_S15,AT,200.1,213.7,206.5,218.3,229.8,
A,PC_EU27_2020_HAB_MEUR_CP,P31_S15,BA,,,,,,
A,PC_EU27_2020_HAB_MEUR_CP,P31_S15,BE,101.2,105.1,107.0,109.1,110.3,
A,PC_EU27_2020_HAB_MEUR_CP,P31_S15,BG,9.8,10.6,13.0,13.2,13.0,
A,PC_EU27_2020_HAB_MEUR_CP,P31_S15,CH,415.0,403.9,413.9,416.0,415.4,
A,PC_EU27_2020_HAB_MEUR_CP,P31_S15,CY,59.0,65.3,64.1,65.6,66.1,
A,PC_EU27_2020_HAB_MEUR_CP,P31_S15,CZ,45.7,49.8,51.8,54.8,58.0,
A,PC_EU27_2020_HAB_MEUR_CP,P31_S15,DE,156.2,150.6,147.2,140.6,138.5,
A,PC_EU27_2020_HAB_MEUR_CP,P31_S15,DK,187.0,180.2,180.4,176.1,178.7,
A,PC_EU27_2020_HAB_MEUR_CP,P31_S15,EA,114.1,114.0,113.7,111.9,111.1,
A,PC_EU27_2020_HAB_MEUR_CP,P31_S15,EA12,117.3,117.1,116.6,115.3,114.4,
A,PC_EU27_2020_HAB_MEUR_CP,P31_S15,EA19,114.1,114.0,113.7,112.6,111.7,
A,PC_EU27_2020_HAB_MEUR_CP,P31_S15,EA20,113.2,113.2,112.9,111.9,111.1,
A,PC_EU27_2020_HAB_MEUR_CP,P31_S15,EA21,111.3,111.3,111.1,110.1,109.3,
A,PC_EU27_2020_HAB_MEUR_CP,P31_S15,EE,88.4,92.2,98.4,100.8,101.7,
A,PC_EU27_2020_HAB_MEUR_CP,P31_S15,EL,58.1,56.5,56.9,54.7,53.6,
A,PC_EU27_2020_HAB_MEUR_CP,P31_S15,ES,65.9,67.2,70.1,68.6,67.3,
A,PC_EU27_2020_HAB_MEUR_CP,P31_S15,EU27_2020,100.0,100.0,100.0,100.0,,
A,PC_EU27_2020_HAB_MEUR_CP,P31_S15,FI,192.9,185.9,196.6,178.8,170.8,
A,PC_EU27_2020_HAB_MEUR_CP,P31_S15,FR,186.0,187.6,188.3,189.0,186.0,
A,PC_EU27_2020_HAB_MEUR_CP,P31_S15,HR,38.2,41.8,44.3,49.1,54.4,
A,PC_EU27_2020_HAB_MEUR_CP,P31_S15,HU,70.7,71.1,74.7,91.6,91.2,
A,PC_EU27_2020_HAB_MEUR_CP,P31_S15,IE,84.5,76.9,74.7,74.2,94.2,
A,PC_EU27_2020_HAB_MEUR_CP,P31_S15,IS,319.0,341.5,351.1,339.6,341.2,
A,PC_EU27_2020_HAB_MEUR_CP,P31_S15,IT,33.3,35.3,34.1,36.1,35.4,
A,PC_EU27_2020_HAB_MEUR_CP,P31_S15,LT,9.9,8.7,8.9,10.2,11.5,
A,PC_EU27_2020_HAB_MEUR_CP,P31_S15,LU,527.1,544.0,545.3,575.2,569.6,
A,PC_EU27_2020_HAB_MEUR_CP,P31_S15,LV,45.4,47.7,48.4,42.8,40.3,
A,PC_EU27_2020_HAB_MEUR_CP,P31_S15,ME,23.6,24.0,27.3,31.5,32.2,
A,PC_EU27_2020_HAB_MEUR_CP,P31_S15,MK,11.8,14.1,15.4,16.5,17.6,
A,PC_EU27_2020_HAB_MEUR_CP,P31_S15,MT,112.9,118.4,119.2,118.5,126.9,
A,PC_EU27_2020_HAB_MEUR_CP,P31_S15,NL,92.0,91.8,88.1,87.2,86.3,
A,PC_EU27_2020_HAB_MEUR_CP,P31_S15,NO,356.1,378.7,417.6,369.5,355.9,
A,PC_EU27_2020_HAB_MEUR_CP,P31_S15,PL,31.8,31.8,36.4,40.2,45.1,
A,PC_EU27_2020_HAB_MEUR_CP,P31_S15,PT,77.6,75.6,78.1,81.1,81.7,
A,PC_EU27_2020_HAB_MEUR_CP,P31_S15,RO,25.2,20.4,20.4,23.7,25.5,
A,PC_EU27_2020_HAB_MEUR_CP,P31_S15,RS,16.8,20.2,21.3,21.3,22.8,
A,PC_EU27_2020_HAB_MEUR_CP,P31_S15,SE,133.4,139.1,126.8,121.3,122.0,
A,PC_EU27_2020_HAB_MEUR_CP,P31_S15,SI,47.3,52.0,62.6,62.9,65.9,
A,PC_EU27_2020_HAB_MEUR_CP,P31_S15,SK,40.9,42.7,48.0,54.9,50.4,
A,PC_EU27_2020_HAB_MEUR_CP,P31_S15,TR,6.4,6.0,5.3,6.7,8.6,
A,PC_EU27_2020_HAB_MEUR_CP,P31_S15,UK,,,,,,
A,PC_EU27_2020_HAB_MEUR_CP,P31_S15,XK,4.2,4.2,,,,
A,PC_EU27_2020_HAB_MEUR_CP,P32_S13,AL,13.6,13.8,14.7,,,
A,PC_EU27_2020_HAB_MEUR_CP,P32_S13,AT,127.8,126.5,123.1,124.0,127.6,
A,PC_EU27_2020_HAB_MEUR_CP,P32_S13,BA,,,,,,
A,PC_EU27_2020_HAB_MEUR_CP,P32_S13,BE,133.8,133.4,136.6,136.5,134.5,
A,PC_EU27_2020_HAB_MEUR_CP,P32_S13,BG,35.0,36.4,41.8,42.1,45.5,
A,PC_EU27_2020_HAB_MEUR_CP,P32_S13,CH,175.5,167.6,177.1,174.4,174.2,
A,PC_EU27_2020_HAB_MEUR_CP,P32_S13,CY,82.4,82.1,84.4,88.9,85.9,
A,PC_EU27_2020_HAB_MEUR_CP,P32_S13,CZ,75.5,75.1,76.1,78.5,75.5,
A,PC_EU27_2020_HAB_MEUR_CP,P32_S13,DE,135.0,136.5,136.7,137.9,134.5,
A,PC_EU27_2020_HAB_MEUR_CP,P32_S13,DK,151.6,151.5,146.0,141.3,142.0,
A,PC_EU27_2020_HAB_MEUR_CP,P32_S13,EA,110.6,110.4,110.1,108.6,107.2,
A,PC_EU27_2020_HAB_MEUR_CP,P32_S13,EA12,112.5,112.2,111.9,110.7,109.0,
A,PC_EU27_2020_HAB_MEUR_CP,P32_S13,EA19,110.6,110.4,110.1,109.1,107.5,
A,PC_EU27_2020_HAB_MEUR_CP,P32_S13,EA20,110.1,109.8,109.6,108.6,107.2,
A,PC_EU27_2020_HAB_MEUR_CP,P32_S13,EA21,108.7,108.5,108.3,107.4,106.0,
A,PC_EU27_2020_HAB_MEUR_CP,P32_S13,EE,72.3,73.7,77.1,78.5,78.4,
A,PC_EU27_2020_HAB_MEUR_CP,P32_S13,EL,71.5,70.9,68.4,67.8,65.0,
A,PC_EU27_2020_HAB_MEUR_CP,P32_S13,ES,79.9,79.7,80.2,79.3,77.0,
A,PC_EU27_2020_HAB_MEUR_CP,P32_S13,EU27_2020,100.0,100.0,100.0,100.0,,
A,PC_EU27_2020_HAB_MEUR_CP,P32_S13,FI,126.7,130.4,127.5,117.9,115.5,
A,PC_EU27_2020_HAB_MEUR_CP,P32_S13,FR,119.7,117.4,117.5,114.7,111.9,
A,PC_EU27_2020_HAB_MEUR_CP,P32_S13,HR,59.0,61.5,61.7,67.3,74.4,
A,PC_EU27_2020_HAB_MEUR_CP,P32_S13,HU,64.0,66.1,69.4,75.9,73.8,
A,PC_EU27_2020_HAB_MEUR_CP,P32_S13,IE,120.6,125.6,124.8,124.9,126.4,
A,PC_EU27_2020_HAB_MEUR_CP,P32_S13,IS,214.7,224.5,238.1,225.0,223.4,
A,PC_EU27_2020_HAB_MEUR_CP,P32_S13,IT,94.3,92.9,91.0,85.9,85.0,
A,PC_EU27_2020_HAB_MEUR_CP,P32_S13,LT,51.3,50.8,56.2,57.4,61.4,
A,PC_EU27_2020_HAB_MEUR_CP,P32_S13,LU,281.7,281.6,287.8,295.7,297.8,
A,PC_EU27_2020_HAB_MEUR_CP,P32_S13,LV,68.2,69.2,71.2,72.1,70.9,
A,PC_EU27_2020_HAB_MEUR_CP,P32_S13,ME,29.6,27.3,26.9,29.5,30.2,
A,PC_EU27_2020_HAB_MEUR_CP,P32_S13,MK,16.2,19.3,20.0,20.5,23.1,
A,PC_EU27_2020_HAB_MEUR_CP,P32_S13,MT,85.0,85.1,84.3,81.9,85.2,
A,PC_EU27_2020_HAB_MEUR_CP,P32_S13,NL,149.0,150.0,150.4,155.1,161.7,
A,PC_EU27_2020_HAB_MEUR_CP,P32_S13,NO,203.0,216.1,214.2,192.9,188.1,
A,PC_EU27_2020_HAB_MEUR_CP,P32_S13,PL,47.5,47.0,49.0,55.1,63.9,
A,PC_EU27_2020_HAB_MEUR_CP,P32_S13,PT,61.8,58.9,57.3,57.7,56.4,
A,PC_EU27_2020_HAB_MEUR_CP,P32_S13,RO,46.1,45.5,45.7,51.0,59.6,
A,PC_EU27_2020_HAB_MEUR_CP,P32_S13,RS,24.8,26.8,27.9,28.7,30.9,
A,PC_EU27_2020_HAB_MEUR_CP,P32_S13,SE,123.7,129.2,127.4,119.7,121.5,
A,PC_EU27_2020_HAB_MEUR_CP,P32_S13,SI,69.3,73.1,70.3,74.8,74.3,
A,PC_EU27_2020_HAB_MEUR_CP,P32_S13,SK,78.7,79.2,77.3,76.9,80.8,
A,PC_EU27_2020_HAB_MEUR_CP,P32_S13,TR,16.7,14.6,17.0,20.8,25.9,
A,PC_EU27_2020_HAB_MEUR_CP,P32_S13,UK,,,,,,
A,PC_EU27_2020_HAB_MEUR_CP,P32_S13,XK,10.6,10.8,,,,
A,PC_EU27_2020_HAB_MEUR_CP,P3_S13,AL,9.4,9.6,10.3,,,
A,PC_EU27_2020_HAB_MEUR_CP,P3_S13,AT,132.6,135.4,132.6,132.9,135.6,
A,PC_EU27_2020_HAB_MEUR_CP,P3_S13,BA,,,,,,
A,PC_EU27_2020_HAB_MEUR_CP,P3_S13,BE,142.1,141.9,146.6,147.6,145.4,
A,PC_EU27_2020_HAB_MEUR_CP,P3_S13,BG,26.6,28.3,31.7,33.4,37.5,
A,PC_EU27_2020_HAB_MEUR_CP,P3_S13,CH,138.4,134.0,137.9,139.6,138.2,
A,PC_EU27_2020_HAB_MEUR_CP,P3_S13,CY,69.0,71.5,73.9,77.1,76.7,
A,PC_EU27_2020_HAB_MEUR_CP,P3_S13,CZ,65.6,67.0,68.0,71.0,68.6,
A,PC_EU27_2020_HAB_MEUR_CP,P3_S13,DE,136.6,136.3,136.8,134.2,132.9,
A,PC_EU27_2020_HAB_MEUR_CP,P3_S13,DK,193.4,192.7,184.8,177.4,175.8,
A,PC_EU27_2020_HAB_MEUR_CP,P3_S13,EA,111.1,110.8,110.9,109.4,108.3,
A,PC_EU27_2020_HAB_MEUR_CP,P3_S13,EA12,113.6,113.2,113.2,112.3,110.9,
A,PC_EU27_2020_HAB_MEUR_CP,P3_S13,EA19,111.1,110.8,110.9,110.0,108.9,
A,PC_EU27_2020_HAB_MEUR_CP,P3_S13,EA20,110.4,110.1,110.2,109.4,108.3,
A,PC_EU27_2020_HAB_MEUR_CP,P3_S13,EA21,108.8,108.6,108.7,108.0,107.1,
A,PC_EU27_2020_HAB_MEUR_CP,P3_S13,EE,63.0,64.4,67.9,70.4,71.1,
A,PC_EU27_2020_HAB_MEUR_CP,P3_S13,EL,52.1,51.1,50.6,51.1,48.7,
A,PC_EU27_2020_HAB_MEUR_CP,P3_S13,ES,75.7,74.9,75.1,75.0,73.5,
A,PC_EU27_2020_HAB_MEUR_CP,P3_S13,EU27_2020,100.0,100.0,100.0,100.0,,
A,PC_EU27_2020_HAB_MEUR_CP,P3_S13,FI,152.4,152.3,150.5,155.2,149.4,
A,PC_EU27_2020_HAB_MEUR_CP,P3_S13,FR,126.7,125.9,124.6,123.2,120.1,
A,PC_EU27_2020_HAB_MEUR_CP,P3_S13,HR,47.1,47.6,48.2,53.0,59.7,
A,PC_EU27_2020_HAB_MEUR_CP,P3_S13,HU,44.4,45.7,47.3,51.9,51.7,
A,PC_EU27_2020_HAB_MEUR_CP,P3_S13,IE,139.1,141.0,142.9,147.9,147.1,
A,PC_EU27_2020_HAB_MEUR_CP,P3_S13,IS,222.1,230.3,249.2,240.3,240.0,
A,PC_EU27_2020_HAB_MEUR_CP,P3_S13,IT,85.0,83.7,83.0,80.2,78.6,
A,PC_EU27_2020_HAB_MEUR_CP,P3_S13,LT,47.9,48.5,52.7,55.8,60.0,
A,PC_EU27_2020_HAB_MEUR_CP,P3_S13,LU,274.7,268.8,275.1,279.4,282.2,
A,PC_EU27_2020_HAB_MEUR_CP,P3_S13,LV,47.0,51.1,51.5,54.5,55.2,
A,PC_EU27_2020_HAB_MEUR_CP,P3_S13,ME,22.8,21.6,22.4,25.0,25.2,
A,PC_EU27_2020_HAB_MEUR_CP,P3_S13,MK,14.3,13.9,14.1,14.8,15.6,
A,PC_EU27_2020_HAB_MEUR_CP,P3_S13,MT,80.1,80.6,77.4,76.5,80.0,
A,PC_EU27_2020_HAB_MEUR_CP,P3_S13,NL,175.4,176.5,177.7,182.2,187.7,
A,PC_EU27_2020_HAB_MEUR_CP,P3_S13,NO,228.8,241.5,244.1,218.6,213.1,
A,PC_EU27_2020_HAB_MEUR_CP,P3_S13,PL,39.3,39.9,41.3,46.7,54.9,
A,PC_EU27_2020_HAB_MEUR_CP,P3_S13,PT,53.3,52.7,52.7,52.7,53.2,
A,PC_EU27_2020_HAB_MEUR_CP,P3_S13,RO,31.4,30.7,31.9,35.8,40.1,
A,PC_EU27_2020_HAB_MEUR_CP,P3_S13,RS,20.1,21.0,22.7,24.0,25.8,
A,PC_EU27_2020_HAB_MEUR_CP,P3_S13,SE,179.2,182.4,174.0,164.7,162.6,
A,PC_EU27_2020_HAB_MEUR_CP,P3_S13,SI,67.2,70.3,68.4,71.6,75.4,
A,PC_EU27_2020_HAB_MEUR_CP,P3_S13,SK,53.5,54.2,55.7,56.8,58.7,
A,PC_EU27_2020_HAB_MEUR_CP,P3_S13,TR,16.1,14.4,15.3,19.4,23.8,
A,PC_EU27_2020_HAB_MEUR_CP,P3_S13,UK,,,,,,
A,PC_EU27_2020_HAB_MEUR_CP,P3_S13,XK,7.8,8.1,,,,
A,PC_EU27_2020_HAB_MEUR_CP,P41,AL,19.0,19.5,21.0,,,
A,PC_EU27_2020_HAB_MEUR_CP,P41,AT,134.2,134.2,134.0,134.7,134.9,
A,PC_EU27_2020_HAB_MEUR_CP,P41,BA,,,,,,
A,PC_EU27_2020_HAB_MEUR_CP,P41,BE,131.9,132.2,134.8,135.4,134.2,
A,PC_EU27_2020_HAB_MEUR_CP,P41,BG,31.9,34.4,37.5,39.1,42.0,
A,PC_EU27_2020_HAB_MEUR_CP,P41,CH,218.2,205.4,211.1,209.7,209.6,
A,PC_EU27_2020_HAB_MEUR_CP,P41,CY,88.4,87.2,90.2,91.8,92.0,
A,PC_EU27_2020_HAB_MEUR_CP,P41,CZ,61.9,64.5,67.1,68.1,66.0,
A,PC_EU27_2020_HAB_MEUR_CP,P41,DE,135.3,133.0,134.1,131.7,130.4,
A,PC_EU27_2020_HAB_MEUR_CP,P41,DK,171.4,170.8,160.0,150.6,148.3,
A,PC_EU27_2020_HAB_MEUR_CP,P41,EA,111.1,110.6,110.6,109.7,108.9,
A,PC_EU27_2020_HAB_MEUR_CP,P41,EA12,113.4,112.7,112.7,112.3,111.3,
A,PC_EU27_2020_HAB_MEUR_CP,P41,EA19,111.1,110.6,110.6,110.3,109.5,
A,PC_EU27_2020_HAB_MEUR_CP,P41,EA20,110.4,109.9,110.0,109.7,108.9,
A,PC_EU27_2020_HAB_MEUR_CP,P41,EA21,108.9,108.5,108.7,108.4,107.7,
A,PC_EU27_2020_HAB_MEUR_CP,P41,EE,65.3,67.7,73.0,72.7,72.2,
A,PC_EU27_2020_HAB_MEUR_CP,P41,EL,64.0,63.4,66.3,66.5,66.4,
A,PC_EU27_2020_HAB_MEUR_CP,P41,ES,82.2,83.1,82.7,82.4,83.0,
A,PC_EU27_2020_HAB_MEUR_CP,P41,EU27_2020,100.0,100.0,100.0,100.0,,
A,PC_EU27_2020_HAB_MEUR_CP,P41,FI,142.7,139.8,134.7,134.8,129.7,
A,PC_EU27_2020_HAB_MEUR_CP,P41,FR,119.4,118.1,114.3,115.0,113.6,
A,PC_EU27_2020_HAB_MEUR_CP,P41,HR,46.3,48.8,51.5,54.8,58.4,
A,PC_EU27_2020_HAB_MEUR_CP,P41,HU,42.5,43.4,44.0,47.7,50.0,
A,PC_EU27_2020_HAB_MEUR_CP,P41,IE,125.8,128.6,133.2,139.7,140.9,
A,PC_EU27_2020_HAB_MEUR_CP,P41,IS,186.5,195.3,208.1,198.7,198.5,
A,PC_EU27_2020_HAB_MEUR_CP,P41,IT,97.9,97.9,98.7,98.0,96.1,
A,PC_EU27_2020_HAB_MEUR_CP,P41,LT,59.7,62.5,67.1,68.3,69.1,
A,PC_EU27_2020_HAB_MEUR_CP,P41,LU,212.0,215.5,213.5,214.2,215.7,
A,PC_EU27_2020_HAB_MEUR_CP,P41,LV,49.7,52.7,55.8,57.0,57.5,
A,PC_EU27_2020_HAB_MEUR_CP,P41,ME,30.9,30.8,34.8,38.1,41.2,
A,PC_EU27_2020_HAB_MEUR_CP,P41,MK,22.0,22.5,23.2,24.0,24.0,
A,PC_EU27_2020_HAB_MEUR_CP,P41,MT,75.6,77.9,77.2,82.5,84.8,
A,PC_EU27_2020_HAB_MEUR_CP,P41,NL,140.3,141.3,142.9,143.9,144.2,
A,PC_EU27_2020_HAB_MEUR_CP,P41,NO,181.9,191.6,194.2,169.6,166.3,
A,PC_EU27_2020_HAB_MEUR_CP,P41,PL,47.7,48.8,50.1,53.9,59.2,
A,PC_EU27_2020_HAB_MEUR_CP,P41,PT,71.7,71.4,72.3,72.3,73.0,
A,PC_EU27_2020_HAB_MEUR_CP,P41,RO,39.5,40.5,43.9,46.3,49.7,
A,PC_EU27_2020_HAB_MEUR_CP,P41,RS,26.6,28.0,30.2,32.4,34.4,
A,PC_EU27_2020_HAB_MEUR_CP,P41,SE,148.5,151.9,140.7,129.3,128.3,
A,PC_EU27_2020_HAB_MEUR_CP,P41,SI,69.5,73.8,74.6,75.6,77.8,
A,PC_EU27_2020_HAB_MEUR_CP,P41,SK,57.6,57.5,60.5,61.2,62.6,
A,PC_EU27_2020_HAB_MEUR_CP,P41,TR,23.0,22.4,25.1,29.1,33.7,
A,PC_EU27_2020_HAB_MEUR_CP,P41,UK,,,,,,
A,PC_EU27_2020_HAB_MEUR_CP,P41,XK,17.5,19.0,,,,
A,PC_EU27_2020_HAB_MPPS_CP,B1GQ,AL,30.4,30.9,33.4,,,
A,PC_EU27_2020_HAB_MPPS_CP,B1GQ,AT,122.5,120.8,123.3,120.9,119.0,
A,PC_EU27_2020_HAB_MPPS_CP,B1GQ,BA,,,,,,
A,PC_EU27_2020_HAB_MPPS_CP,B1GQ,BE,117.5,116.3,117.6,118.3,116.7,
A,PC_EU27_2020_HAB_MPPS_CP,B1GQ,BG,57.3,59.4,62.0,63.2,65.9,
A,PC_EU27_2020_HAB_MPPS_CP,B1GQ,CY,89.1,91.3,95.4,97.4,98.9,
A,PC_EU27_2020_HAB_MPPS_CP,B1GQ,CZ,95.6,91.7,89.7,91.1,90.6,
A,PC_EU27_2020_HAB_MPPS_CP,B1GQ,DE,124.5,121.9,120.0,117.6,116.1,
A,PC_EU27_2020_HAB_MPPS_CP,B1GQ,DK,131.3,133.0,134.1,126.0,127.1,
A,PC_EU27_2020_HAB_MPPS_CP,B1GQ,EA,104.9,104.8,105.0,104.7,104.3,
A,PC_EU27_2020_HAB_MPPS_CP,B1GQ,EA12,106.0,105.9,106.1,105.9,105.5,
A,PC_EU27_2020_HAB_MPPS_CP,B1GQ,EA19,104.9,104.8,105.0,105.0,104.6,
A,PC_EU27_2020_HAB_MPPS_CP,B1GQ,EA20,104.4,104.4,104.7,104.7,104.3,
A,PC_EU27_2020_HAB_MPPS_CP,B1GQ,EE,85.2,84.9,83.1,79.8,79.0,
A,PC_EU27_2020_HAB_MPPS_CP,B1GQ,EL,61.8,63.9,66.5,68.4,68.5,
A,PC_EU27_2020_HAB_MPPS_CP,B1GQ,ES,82.4,85.0,87.9,90.6,91.2,
A,PC_EU27_2020_HAB_MPPS_CP,B1GQ,EU27_2020,100.0,100.0,100.0,100.0,,
A,PC_EU27_2020_HAB_MPPS_CP,B1GQ,FI,111.6,108.9,106.1,103.4,102.3,
A,PC_EU27_2020_HAB_MPPS_CP,B1GQ,FR,103.6,100.6,97.4,99.2,98.2,
A,PC_EU27_2020_HAB_MPPS_CP,B1GQ,HR,66.2,70.9,72.0,77.8,77.7,
A,PC_EU27_2020_HAB_MPPS_CP,B1GQ,HU,74.5,74.6,75.6,75.6,76.2,
A,PC_EU27_2020_HAB_MPPS_CP,B1GQ,IE,204.7,224.6,237.1,217.8,221.5,
A,PC_EU27_2020_HAB_MPPS_CP,B1GQ,IS,122.4,123.9,135.0,136.1,131.3,
A,PC_EU27_2020_HAB_MPPS_CP,B1GQ,IT,93.0,95.6,97.8,98.2,97.7,
A,PC_EU27_2020_HAB_MPPS_CP,B1GQ,LT,86.4,88.0,86.5,85.8,87.5,
A,PC_EU27_2020_HAB_MPPS_CP,B1GQ,LU,255.3,261.9,250.1,247.9,244.6,
A,PC_EU27_2020_HAB_MPPS_CP,B1GQ,LV,68.5,70.8,69.0,69.7,68.4,
A,PC_EU27_2020_HAB_MPPS_CP,B1GQ,ME,43.2,45.4,47.9,51.9,53.5,
A,PC_EU27_2020_HAB_MPPS_CP,B1GQ,MK,41.7,42.5,41.4,41.3,42.4,
A,PC_EU27_2020_HAB_MPPS_CP,B1GQ,MT,104.7,109.0,103.4,109.0,109.9,
A,PC_EU27_2020_HAB_MPPS_CP,B1GQ,NL,131.0,131.5,134.3,130.8,133.9,
A,PC_EU27_2020_HAB_MPPS_CP,B1GQ,NO,140.5,170.7,214.4,168.7,160.2,
A,PC_EU27_2020_HAB_MPPS_CP,B1GQ,PL,78.4,78.8,77.9,76.9,78.4,
A,PC_EU27_2020_HAB_MPPS_CP,B1GQ,PT,74.7,73.8,77.0,81.1,82.4,
A,PC_EU27_2020_HAB_MPPS_CP,B1GQ,RO,71.5,71.9,71.7,74.8,77.0,
A,PC_EU27_2020_HAB_MPPS_CP,B1GQ,RS,44.0,44.9,44.7,48.5,51.6,
A,PC_EU27_2020_HAB_MPPS_CP,B1GQ,SE,120.2,119.3,113.2,110.8,111.1,
A,PC_EU27_2020_HAB_MPPS_CP,B1GQ,SI,87.4,88.1,89.5,91.4,90.4,
A,PC_EU27_2020_HAB_MPPS_CP,B1GQ,SK,73.9,73.6,70.6,74.2,74.6,
A,PC_EU27_2020_HAB_MPPS_CP,B1GQ,TR,58.6,59.0,64.8,67.0,69.1,
A,PC_EU27_2020_HAB_MPPS_CP,B1GQ,UK,,,,,,
A,PC_EU27_2020_HAB_MPPS_CP,P3,AL,36.1,35.8,37.7,,,
A,PC_EU27_2020_HAB_MPPS_CP,P3,AT,117.0,118.1,119.3,118.4,118.4,
A,PC_EU27_2020_HAB_MPPS_CP,P3,BA,,,,,,
A,PC_EU27_2020_HAB_MPPS_CP,P3,BE,117.9,117.3,119.4,120.3,119.5,
A,PC_EU27_2020_HAB_MPPS_CP,P3,BG,59.6,62.4,64.0,65.2,68.5,
A,PC_EU27_2020_HAB_MPPS_CP,P3,CY,96.9,94.5,97.9,101.0,101.1,
A,PC_EU27_2020_HAB_MPPS_CP,P3,CZ,88.2,85.5,82.7,82.6,82.4,
A,PC_EU27_2020_HAB_MPPS_CP,P3,DE,122.3,120.4,120.5,118.0,117.1,
A,PC_EU27_2020_HAB_MPPS_CP,P3,DK,126.6,127.2,119.2,115.0,114.2,
A,PC_EU27_2020_HAB_MPPS_CP,P3,EA,105.0,104.9,105.3,105.0,104.4,
A,PC_EU27_2020_HAB_MPPS_CP,P3,EA12,106.1,105.9,106.3,106.1,105.5,
A,PC_EU27_2020_HAB_MPPS_CP,P3,EA19,105.0,104.9,105.3,105.2,104.6,
A,PC_EU27_2020_HAB_MPPS_CP,P3,EA20,104.7,104.6,105.0,105.0,104.4,
A,PC_EU27_2020_HAB_MPPS_CP,P3,EE,81.9,81.6,80.9,79.9,79.4,
A,PC_EU27_2020_HAB_MPPS_CP,P3,EL,78.1,78.6,81.7,82.2,80.7,
A,PC_EU27_2020_HAB_MPPS_CP,P3,ES,86.4,89.7,90.9,92.1,91.9,
A,PC_EU27_2020_HAB_MPPS_CP,P3,EU27_2020,100.0,100.0,100.0,100.0,,
A,PC_EU27_2020_HAB_MPPS_CP,P3,FI,112.2,111.9,107.3,107.8,106.6,
A,PC_EU27_2020_HAB_MPPS_CP,P3,FR,110.1,107.0,103.7,105.9,104.4,
A,PC_EU27_2020_HAB_MPPS_CP,P3,HR,74.4,78.5,78.1,81.6,84.2,
A,PC_EU27_2020_HAB_MPPS_CP,P3,HU,71.1,70.8,72.7,71.5,74.3,
A,PC_EU27_2020_HAB_MPPS_CP,P3,IE,103.1,108.8,113.2,116.5,118.0,
A,PC_EU27_2020_HAB_MPPS_CP,P3,IS,130.8,133.4,137.6,136.2,132.9,
A,PC_EU27_2020_HAB_MPPS_CP,P3,IT,98.5,99.3,102.2,100.3,99.2,
A,PC_EU27_2020_HAB_MPPS_CP,P3,LT,86.6,88.8,87.0,85.4,87.2,
A,PC_EU27_2020_HAB_MPPS_CP,P3,LU,167.7,170.4,171.0,172.6,172.8,
A,PC_EU27_2020_HAB_MPPS_CP,P3,LV,70.5,75.0,74.9,74.6,74.5,
A,PC_EU27_2020_HAB_MPPS_CP,P3,ME,61.2,58.4,61.7,65.3,69.7,
A,PC_EU27_2020_HAB_MPPS_CP,P3,MK,46.5,48.6,47.3,46.6,47.1,
A,PC_EU27_2020_HAB_MPPS_CP,P3,MT,87.8,88.6,86.2,91.3,91.7,
A,PC_EU27_2020_HAB_MPPS_CP,P3,NL,120.7,122.4,124.2,124.1,125.3,
A,PC_EU27_2020_HAB_MPPS_CP,P3,NO,131.7,140.2,146.3,137.8,134.6,
A,PC_EU27_2020_HAB_MPPS_CP,P3,PL,79.7,80.8,80.4,79.8,82.8,
A,PC_EU27_2020_HAB_MPPS_CP,P3,PT,83.0,82.6,84.5,86.0,86.5,
A,PC_EU27_2020_HAB_MPPS_CP,P3,RO,77.1,78.0,77.5,79.8,84.2,
A,PC_EU27_2020_HAB_MPPS_CP,P3,RS,49.8,50.8,50.8,52.4,55.3,
A,PC_EU27_2020_HAB_MPPS_CP,P3,SE,115.7,115.6,109.6,108.0,107.7,
A,PC_EU27_2020_HAB_MPPS_CP,P3,SI,83.4,87.5,88.9,87.6,88.2,
A,PC_EU27_2020_HAB_MPPS_CP,P3,SK,78.4,78.3,78.9,79.1,80.7,
A,PC_EU27_2020_HAB_MPPS_CP,P3,TR,54.3,52.5,57.0,61.1,64.1,
A,PC_EU27_2020_HAB_MPPS_CP,P3,UK,,,,,,
A,PC_EU27_2020_HAB_MPPS_CP,P31_S13,AL,13.5,13.6,14.1,,,
A,PC_EU27_2020_HAB_MPPS_CP,P31_S13,AT,118.8,124.5,124.2,122.7,124.0,
A,PC_EU27_2020_HAB_MPPS_CP,P31_S13,BA,,,,,,
A,PC_EU27_2020_HAB_MPPS_CP,P31_S13,BE,131.3,130.2,134.9,137.2,135.5,
A,PC_EU27_2020_HAB_MPPS_CP,P31_S13,BG,39.8,42.4,43.1,46.4,52.8,
A,PC_EU27_2020_HAB_MPPS_CP,P31_S13,CY,67.2,71.3,73.8,77.1,78.6,
A,PC_EU27_2020_HAB_MPPS_CP,P31_S13,CZ,82.9,81.0,76.7,79.1,79.1,
A,PC_EU27_2020_HAB_MPPS_CP,P31_S13,DE,124.3,122.9,122.8,117.5,118.1,
A,PC_EU27_2020_HAB_MPPS_CP,P31_S13,DK,163.7,163.6,156.6,153.4,151.9,
A,PC_EU27_2020_HAB_MPPS_CP,P31_S13,EA,105.4,105.3,106.0,105.3,104.7,
A,PC_EU27_2020_HAB_MPPS_CP,P31_S13,EA12,107.1,107.0,107.7,107.2,106.5,
A,PC_EU27_2020_HAB_MPPS_CP,P31_S13,EA19,105.4,105.3,106.0,105.7,105.0,
A,PC_EU27_2020_HAB_MPPS_CP,P31_S13,EA20,104.9,104.9,105.5,105.3,104.7,
A,PC_EU27_2020_HAB_MPPS_CP,P31_S13,EE,71.2,70.4,68.8,71.4,72.6,
A,PC_EU27_2020_HAB_MPPS_CP,P31_S13,EL,48.5,48.4,49.0,50.4,47.2,
A,PC_EU27_2020_HAB_MPPS_CP,P31_S13,ES,77.0,78.2,79.5,81.3,79.6,
A,PC_EU27_2020_HAB_MPPS_CP,P31_S13,EU27_2020,100.0,100.0,100.0,100.0,,
A,PC_EU27_2020_HAB_MPPS_CP,P31_S13,FI,133.8,133.2,131.7,144.5,141.6,
A,PC_EU27_2020_HAB_MPPS_CP,P31_S13,FR,120.7,118.5,116.6,118.2,115.2,
A,PC_EU27_2020_HAB_MPPS_CP,P31_S13,HR,62.1,61.6,59.3,64.2,70.8,
A,PC_EU27_2020_HAB_MPPS_CP,P31_S13,HU,51.5,52.0,52.8,52.5,53.9,
A,PC_EU27_2020_HAB_MPPS_CP,P31_S13,IE,123.8,127.2,131.7,136.7,135.3,
A,PC_EU27_2020_HAB_MPPS_CP,P31_S13,IS,156.1,157.0,166.5,168.8,165.2,
A,PC_EU27_2020_HAB_MPPS_CP,P31_S13,IT,80.1,79.8,81.6,79.5,78.2,
A,PC_EU27_2020_HAB_MPPS_CP,P31_S13,LT,67.6,68.3,66.7,69.7,75.6,
A,PC_EU27_2020_HAB_MPPS_CP,P31_S13,LU,206.2,199.7,206.5,208.3,209.7,
A,PC_EU27_2020_HAB_MPPS_CP,P31_S13,LV,46.5,55.5,51.8,55.7,57.6,
A,PC_EU27_2020_HAB_MPPS_CP,P31_S13,ME,37.3,35.0,35.8,39.1,38.7,
A,PC_EU27_2020_HAB_MPPS_CP,P31_S13,MK,28.5,23.7,21.9,22.3,21.7,
A,PC_EU27_2020_HAB_MPPS_CP,P31_S13,MT,88.3,87.8,80.9,81.1,83.1,
A,PC_EU27_2020_HAB_MPPS_CP,P31_S13,NL,163.5,165.3,167.9,170.0,174.6,
A,PC_EU27_2020_HAB_MPPS_CP,P31_S13,NO,174.6,185.0,195.2,187.5,182.2,
A,PC_EU27_2020_HAB_MPPS_CP,P31_S13,PL,57.4,59.5,58.9,61.5,68.4,
A,PC_EU27_2020_HAB_MPPS_CP,P31_S13,PT,56.7,57.9,59.8,60.4,62.4,
A,PC_EU27_2020_HAB_MPPS_CP,P31_S13,RO,42.9,41.6,41.5,45.1,46.6,
A,PC_EU27_2020_HAB_MPPS_CP,P31_S13,RS,32.6,32.1,33.3,34.6,36.9,
A,PC_EU27_2020_HAB_MPPS_CP,P31_S13,SE,169.1,165.4,159.0,161.9,158.6,
A,PC_EU27_2020_HAB_MPPS_CP,P31_S13,SI,79.1,81.5,80.6,81.0,86.6,
A,PC_EU27_2020_HAB_MPPS_CP,P31_S13,SK,49.9,51.7,54.1,55.9,56.6,
A,PC_EU27_2020_HAB_MPPS_CP,P31_S13,TR,38.3,34.6,33.6,40.2,44.1,
A,PC_EU27_2020_HAB_MPPS_CP,P31_S13,UK,,,,,,
A,PC_EU27_2020_HAB_MPPS_CP,P31_S14,AL,44.4,44.0,45.9,,,
A,PC_EU27_2020_HAB_MPPS_CP,P31_S14,AT,115.8,115.4,117.7,116.6,115.7,
A,PC_EU27_2020_HAB_MPPS_CP,P31_S14,BA,,,,,,
A,PC_EU27_2020_HAB_MPPS_CP,P31_S14,BE,114.6,114.1,115.8,116.5,115.9,
A,PC_EU27_2020_HAB_MPPS_CP,P31_S14,BG,65.4,68.5,69.5,70.3,73.1,
A,PC_EU27_2020_HAB_MPPS_CP,P31_S14,CY,107.0,102.4,105.8,108.2,108.6,
A,PC_EU27_2020_HAB_MPPS_CP,P31_S14,CZ,87.6,85.3,83.3,82.2,81.9,
A,PC_EU27_2020_HAB_MPPS_CP,P31_S14,DE,121.3,118.8,119.3,117.1,116.2,
A,PC_EU27_2020_HAB_MPPS_CP,P31_S14,DK,118.1,119.0,110.6,105.7,104.4,
A,PC_EU27_2020_HAB_MPPS_CP,P31_S14,EA,104.9,104.7,105.1,105.0,104.5,
A,PC_EU27_2020_HAB_MPPS_CP,P31_S14,EA12,105.9,105.6,105.9,106.0,105.4,
A,PC_EU27_2020_HAB_MPPS_CP,P31_S14,EA19,104.9,104.7,105.1,105.2,104.7,
A,PC_EU27_2020_HAB_MPPS_CP,P31_S14,EA20,104.6,104.4,104.8,105.0,104.5,
A,PC_EU27_2020_HAB_MPPS_CP,P31_S14,EE,82.9,83.0,82.7,80.4,79.4,
A,PC_EU27_2020_HAB_MPPS_CP,P31_S14,EL,85.2,85.9,90.1,90.4,90.1,
A,PC_EU27_2020_HAB_MPPS_CP,P31_S14,ES,89.8,93.9,94.6,95.7,96.4,
A,PC_EU27_2020_HAB_MPPS_CP,P31_S14,EU27_2020,100.0,100.0,100.0,100.0,,
A,PC_EU27_2020_HAB_MPPS_CP,P31_S14,FI,107.0,106.1,100.5,99.5,98.3,
A,PC_EU27_2020_HAB_MPPS_CP,P31_S14,FR,105.4,102.2,98.2,101.0,100.1,
A,PC_EU27_2020_HAB_MPPS_CP,P31_S14,HR,75.3,80.7,81.1,83.8,84.7,
A,PC_EU27_2020_HAB_MPPS_CP,P31_S14,HU,70.4,69.9,71.2,69.4,73.4,
A,PC_EU27_2020_HAB_MPPS_CP,P31_S14,IE,99.0,105.2,110.7,114.5,116.2,
A,PC_EU27_2020_HAB_MPPS_CP,P31_S14,IS,118.5,121.4,125.0,123.1,119.8,
A,PC_EU27_2020_HAB_MPPS_CP,P31_S14,IT,105.8,107.1,110.4,108.9,107.9,
A,PC_EU27_2020_HAB_MPPS_CP,P31_S14,LT,95.6,98.9,96.2,93.2,93.5,
A,PC_EU27_2020_HAB_MPPS_CP,P31_S14,LU,142.8,148.4,147.4,147.7,147.5,
A,PC_EU27_2020_HAB_MPPS_CP,P31_S14,LV,73.7,77.3,78.4,77.3,77.2,
A,PC_EU27_2020_HAB_MPPS_CP,P31_S14,ME,68.6,66.3,70.7,74.3,80.9,
A,PC_EU27_2020_HAB_MPPS_CP,P31_S14,MK,53.9,57.0,55.2,54.1,54.3,
A,PC_EU27_2020_HAB_MPPS_CP,P31_S14,MT,85.0,86.4,85.3,92.9,92.7,
A,PC_EU27_2020_HAB_MPPS_CP,P31_S14,NL,108.9,110.6,113.3,112.3,111.7,
A,PC_EU27_2020_HAB_MPPS_CP,P31_S14,NO,114.2,121.6,127.3,118.5,115.9,
A,PC_EU27_2020_HAB_MPPS_CP,P31_S14,PL,86.7,87.9,86.7,84.8,86.1,
A,PC_EU27_2020_HAB_MPPS_CP,P31_S14,PT,91.8,91.5,93.1,94.7,95.2,
A,PC_EU27_2020_HAB_MPPS_CP,P31_S14,RO,85.5,87.7,87.4,88.5,92.8,
A,PC_EU27_2020_HAB_MPPS_CP,P31_S14,RS,55.5,56.7,56.2,58.1,61.4,
A,PC_EU27_2020_HAB_MPPS_CP,P31_S14,SE,104.1,104.5,98.5,95.6,95.4,
A,PC_EU27_2020_HAB_MPPS_CP,P31_S14,SI,85.3,89.9,92.2,89.8,89.5,
A,PC_EU27_2020_HAB_MPPS_CP,P31_S14,SK,82.8,82.1,82.9,82.5,84.2,
A,PC_EU27_2020_HAB_MPPS_CP,P31_S14,TR,62.0,61.3,66.9,70.1,72.7,
A,PC_EU27_2020_HAB_MPPS_CP,P31_S14,UK,,,,,,
A,PC_EU27_2020_HAB_MPPS_CP,P31_S14_S15,AL,43.7,43.4,45.3,,,
A,PC_EU27_2020_HAB_MPPS_CP,P31_S14_S15,AT,117.3,117.3,119.4,118.6,117.9,
A,PC_EU27_2020_HAB_MPPS_CP,P31_S14_S15,BA,,,,,,
A,PC_EU27_2020_HAB_MPPS_CP,P31_S14_S15,BE,114.0,113.6,115.3,116.0,115.5,
A,PC_EU27_2020_HAB_MPPS_CP,P31_S14_S15,BG,64.1,67.3,68.3,69.1,71.8,
A,PC_EU27_2020_HAB_MPPS_CP,P31_S14_S15,CY,105.9,101.6,104.9,107.3,107.7,
A,PC_EU27_2020_HAB_MPPS_CP,P31_S14_S15,CZ,86.9,84.7,82.8,81.7,81.7,
A,PC_EU27_2020_HAB_MPPS_CP,P31_S14_S15,DE,121.8,119.2,119.6,117.3,116.4,
A,PC_EU27_2020_HAB_MPPS_CP,P31_S14_S15,DK,118.7,119.5,111.2,106.4,105.3,
A,PC_EU27_2020_HAB_MPPS_CP,P31_S14_S15,EA,105.0,104.8,105.2,105.0,104.5,
A,PC_EU27_2020_HAB_MPPS_CP,P31_S14_S15,EA12,106.0,105.7,106.0,106.1,105.5,
A,PC_EU27_2020_HAB_MPPS_CP,P31_S14_S15,EA19,105.0,104.8,105.2,105.3,104.8,
A,PC_EU27_2020_HAB_MPPS_CP,P31_S14_S15,EA20,104.6,104.5,104.9,105.0,104.5,
A,PC_EU27_2020_HAB_MPPS_CP,P31_S14_S15,EE,83.6,83.7,83.3,81.2,80.2,
A,PC_EU27_2020_HAB_MPPS_CP,P31_S14_S15,EL,84.8,85.5,89.6,89.8,89.4,
A,PC_EU27_2020_HAB_MPPS_CP,P31_S14_S15,ES,89.2,93.4,94.2,95.3,95.9,
A,PC_EU27_2020_HAB_MPPS_CP,P31_S14_S15,EU27_2020,100.0,100.0,100.0,100.0,,
A,PC_EU27_2020_HAB_MPPS_CP,P31_S14_S15,FI,108.2,107.3,101.9,100.6,99.4,
A,PC_EU27_2020_HAB_MPPS_CP,P31_S14_S15,FR,107.1,103.9,100.0,102.8,101.9,
A,PC_EU27_2020_HAB_MPPS_CP,P31_S14_S15,HR,74.9,80.3,80.7,83.5,84.5,
A,PC_EU27_2020_HAB_MPPS_CP,P31_S14_S15,HU,71.5,70.9,72.3,70.9,74.8,
A,PC_EU27_2020_HAB_MPPS_CP,P31_S14_S15,IE,98.2,104.1,109.6,113.2,115.3,
A,PC_EU27_2020_HAB_MPPS_CP,P31_S14_S15,IS,121.1,124.2,127.6,125.8,122.5,
A,PC_EU27_2020_HAB_MPPS_CP,P31_S14_S15,IT,103.9,105.3,108.5,107.1,106.1,
A,PC_EU27_2020_HAB_MPPS_CP,P31_S14_S15,LT,93.5,96.7,94.1,91.2,91.5,
A,PC_EU27_2020_HAB_MPPS_CP,P31_S14_S15,LU,149.6,155.3,154.3,155.1,154.8,
A,PC_EU27_2020_HAB_MPPS_CP,P31_S14_S15,LV,73.4,77.0,78.0,76.7,76.5,
A,PC_EU27_2020_HAB_MPPS_CP,P31_S14_S15,ME,68.0,65.7,70.2,73.8,80.2,
A,PC_EU27_2020_HAB_MPPS_CP,P31_S14_S15,MK,53.2,56.3,54.6,53.6,53.8,
A,PC_EU27_2020_HAB_MPPS_CP,P31_S14_S15,MT,86.2,87.6,86.5,93.9,93.8,
A,PC_EU27_2020_HAB_MPPS_CP,P31_S14_S15,NL,108.1,109.8,112.3,111.4,110.7,
A,PC_EU27_2020_HAB_MPPS_CP,P31_S14_S15,NO,117.9,125.6,131.9,122.9,120.1,
A,PC_EU27_2020_HAB_MPPS_CP,P31_S14_S15,PL,85.8,87.0,86.0,84.1,85.5,
A,PC_EU27_2020_HAB_MPPS_CP,P31_S14_S15,PT,91.8,91.4,93.1,94.8,95.3,
A,PC_EU27_2020_HAB_MPPS_CP,P31_S14_S15,RO,84.5,86.4,86.1,87.3,91.5,
A,PC_EU27_2020_HAB_MPPS_CP,P31_S14_S15,RS,54.9,56.1,55.7,57.6,60.8,
A,PC_EU27_2020_HAB_MPPS_CP,P31_S14_S15,SE,104.1,104.6,98.5,95.7,95.6,
A,PC_EU27_2020_HAB_MPPS_CP,P31_S14_S15,SI,84.6,89.2,91.7,89.4,89.2,
A,PC_EU27_2020_HAB_MPPS_CP,P31_S14_S15,SK,82.0,81.5,82.3,82.2,83.7,
A,PC_EU27_2020_HAB_MPPS_CP,P31_S14_S15,TR,60.8,60.1,65.5,68.7,71.3,
A,PC_EU27_2020_HAB_MPPS_CP,P31_S14_S15,UK,,,,,,
A,PC_EU27_2020_HAB_MPPS_CP,P31_S15,AL,19.5,20.9,21.2,,,
A,PC_EU27_2020_HAB_MPPS_CP,P31_S15,AT,175.4,189.2,185.4,193.5,202.9,
A,PC_EU27_2020_HAB_MPPS_CP,P31_S15,BA,,,,,,
A,PC_EU27_2020_HAB_MPPS_CP,P31_S15,BE,90.3,93.1,94.6,96.9,98.3,
A,PC_EU27_2020_HAB_MPPS_CP,P31_S15,BG,18.2,19.1,22.0,21.9,21.0,
A,PC_EU27_2020_HAB_MPPS_CP,P31_S15,CY,65.1,71.3,70.0,72.4,73.1,
A,PC_EU27_2020_HAB_MPPS_CP,P31_S15,CZ,63.5,64.9,62.9,65.4,71.3,
A,PC_EU27_2020_HAB_MPPS_CP,P31_S15,DE,141.2,135.9,132.0,125.2,124.0,
A,PC_EU27_2020_HAB_MPPS_CP,P31_S15,DK,139.9,135.9,135.7,135.4,138.1,
A,PC_EU27_2020_HAB_MPPS_CP,P31_S15,EA,107.9,108.1,108.3,107.2,106.6,
A,PC_EU27_2020_HAB_MPPS_CP,P31_S15,EA12,109.9,110.0,110.1,109.2,108.7,
A,PC_EU27_2020_HAB_MPPS_CP,P31_S15,EA19,107.9,108.1,108.3,107.6,107.0,
A,PC_EU27_2020_HAB_MPPS_CP,P31_S15,EA20,107.4,107.7,107.8,107.2,106.6,
A,PC_EU27_2020_HAB_MPPS_CP,P31_S15,EE,109.6,110.1,108.4,109.9,110.7,
A,PC_EU27_2020_HAB_MPPS_CP,P31_S15,EL,70.0,69.2,69.8,67.5,65.2,
A,PC_EU27_2020_HAB_MPPS_CP,P31_S15,ES,69.5,72.9,77.4,77.0,75.1,
A,PC_EU27_2020_HAB_MPPS_CP,P31_S15,EU27_2020,100.0,100.0,100.0,100.0,,
A,PC_EU27_2020_HAB_MPPS_CP,P31_S15,FI,153.6,150.0,157.4,145.0,142.1,
A,PC_EU27_2020_HAB_MPPS_CP,P31_S15,FR,171.5,170.0,170.3,173.9,171.3,
A,PC_EU27_2020_HAB_MPPS_CP,P31_S15,HR,59.5,65.4,65.7,71.4,76.1,
A,PC_EU27_2020_HAB_MPPS_CP,P31_S15,HU,111.8,109.6,116.3,129.1,128.8,
A,PC_EU27_2020_HAB_MPPS_CP,P31_S15,IE,69.6,65.2,64.0,62.6,79.7,
A,PC_EU27_2020_HAB_MPPS_CP,P31_S15,IS,219.9,229.4,228.5,229.5,225.4,
A,PC_EU27_2020_HAB_MPPS_CP,P31_S15,IT,33.7,36.0,35.6,37.4,37.0,
A,PC_EU27_2020_HAB_MPPS_CP,P31_S15,LT,14.6,12.6,11.7,13.0,14.7,
A,PC_EU27_2020_HAB_MPPS_CP,P31_S15,LU,401.8,415.9,421.0,445.0,438.1,
A,PC_EU27_2020_HAB_MPPS_CP,P31_S15,LV,61.8,65.6,63.1,54.4,51.0,
A,PC_EU27_2020_HAB_MPPS_CP,P31_S15,ME,46.9,46.0,49.6,55.2,56.1,
A,PC_EU27_2020_HAB_MPPS_CP,P31_S15,MK,25.8,30.9,31.8,32.5,34.6,
A,PC_EU27_2020_HAB_MPPS_CP,P31_S15,MT,129.3,133.3,131.8,131.2,137.1,
A,PC_EU27_2020_HAB_MPPS_CP,P31_S15,NL,78.6,79.0,76.2,74.5,74.0,
A,PC_EU27_2020_HAB_MPPS_CP,P31_S15,NO,254.4,273.2,311.1,295.7,284.0,
A,PC_EU27_2020_HAB_MPPS_CP,P31_S15,PL,53.1,52.9,58.4,59.3,62.5,
A,PC_EU27_2020_HAB_MPPS_CP,P31_S15,PT,91.3,89.3,93.3,98.8,99.3,
A,PC_EU27_2020_HAB_MPPS_CP,P31_S15,RO,48.3,38.8,35.8,40.3,42.3,
A,PC_EU27_2020_HAB_MPPS_CP,P31_S15,RS,31.8,36.8,36.0,34.9,37.1,
A,PC_EU27_2020_HAB_MPPS_CP,P31_S15,SE,106.0,107.6,99.8,102.1,103.1,
A,PC_EU27_2020_HAB_MPPS_CP,P31_S15,SI,56.8,61.7,75.1,73.0,75.0,
A,PC_EU27_2020_HAB_MPPS_CP,P31_S15,SK,53.4,55.8,60.8,69.1,63.0,
A,PC_EU27_2020_HAB_MPPS_CP,P31_S15,TR,15.7,14.7,12.5,14.5,16.7,
A,PC_EU27_2020_HAB_MPPS_CP,P31_S15,UK,,,,,,
A,PC_EU27_2020_HAB_MPPS_CP,P32_S13,AL,26.8,26.1,27.3,,,
A,PC_EU27_2020_HAB_MPPS_CP,P32_S13,AT,112.0,112.1,110.5,109.9,112.7,
A,PC_EU27_2020_HAB_MPPS_CP,P32_S13,BA,,,,,,
A,PC_EU27_2020_HAB_MPPS_CP,P32_S13,BE,119.3,118.2,120.8,121.2,119.8,
A,PC_EU27_2020_HAB_MPPS_CP,P32_S13,BG,64.8,65.6,70.4,69.7,73.6,
A,PC_EU27_2020_HAB_MPPS_CP,P32_S13,CY,91.0,89.6,92.3,98.2,95.1,
A,PC_EU27_2020_HAB_MPPS_CP,P32_S13,CZ,105.0,97.8,92.5,93.6,92.8,
A,PC_EU27_2020_HAB_MPPS_CP,P32_S13,DE,122.0,123.2,122.6,122.9,120.4,
A,PC_EU27_2020_HAB_MPPS_CP,P32_S13,DK,113.4,114.3,109.8,108.6,109.8,
A,PC_EU27_2020_HAB_MPPS_CP,P32_S13,EA,104.6,104.7,104.9,104.0,102.9,
A,PC_EU27_2020_HAB_MPPS_CP,P32_S13,EA12,105.4,105.4,105.6,104.8,103.5,
A,PC_EU27_2020_HAB_MPPS_CP,P32_S13,EA19,104.6,104.7,104.9,104.2,103.0,
A,PC_EU27_2020_HAB_MPPS_CP,P32_S13,EA20,104.4,104.5,104.7,104.0,102.9,
A,PC_EU27_2020_HAB_MPPS_CP,P32_S13,EE,89.6,88.1,84.9,85.6,85.3,
A,PC_EU27_2020_HAB_MPPS_CP,P32_S13,EL,86.1,86.9,84.0,83.6,79.2,
A,PC_EU27_2020_HAB_MPPS_CP,P32_S13,ES,84.2,86.4,88.5,89.0,85.9,
A,PC_EU27_2020_HAB_MPPS_CP,P32_S13,EU27_2020,100.0,100.0,100.0,100.0,,
A,PC_EU27_2020_HAB_MPPS_CP,P32_S13,FI,100.9,105.2,102.1,95.6,96.1,
A,PC_EU27_2020_HAB_MPPS_CP,P32_S13,FR,110.3,106.4,106.2,105.6,103.0,
A,PC_EU27_2020_HAB_MPPS_CP,P32_S13,HR,92.0,96.3,91.6,97.8,104.1,
A,PC_EU27_2020_HAB_MPPS_CP,P32_S13,HU,101.2,102.0,108.1,107.0,104.2,
A,PC_EU27_2020_HAB_MPPS_CP,P32_S13,IE,99.4,106.6,106.8,105.3,107.0,
A,PC_EU27_2020_HAB_MPPS_CP,P32_S13,IS,148.0,150.8,155.0,152.0,147.6,
A,PC_EU27_2020_HAB_MPPS_CP,P32_S13,IT,95.3,94.8,95.0,89.1,88.9,
A,PC_EU27_2020_HAB_MPPS_CP,P32_S13,LT,75.6,73.6,74.2,73.0,78.4,
A,PC_EU27_2020_HAB_MPPS_CP,P32_S13,LU,214.7,215.3,222.2,228.8,229.1,
A,PC_EU27_2020_HAB_MPPS_CP,P32_S13,LV,92.7,95.1,92.8,91.7,89.5,
A,PC_EU27_2020_HAB_MPPS_CP,P32_S13,ME,58.9,52.3,48.9,51.8,52.6,
A,PC_EU27_2020_HAB_MPPS_CP,P32_S13,MK,35.3,42.3,41.4,40.5,45.5,
A,PC_EU27_2020_HAB_MPPS_CP,P32_S13,MT,97.4,95.8,93.2,90.7,92.0,
A,PC_EU27_2020_HAB_MPPS_CP,P32_S13,NL,127.3,129.0,130.0,132.5,138.7,
A,PC_EU27_2020_HAB_MPPS_CP,P32_S13,NO,145.0,155.9,159.6,154.3,150.1,
A,PC_EU27_2020_HAB_MPPS_CP,P32_S13,PL,79.4,78.1,78.7,81.4,88.5,
A,PC_EU27_2020_HAB_MPPS_CP,P32_S13,PT,72.8,69.5,68.4,70.2,68.6,
A,PC_EU27_2020_HAB_MPPS_CP,P32_S13,RO,88.2,86.5,80.4,86.8,98.8,
A,PC_EU27_2020_HAB_MPPS_CP,P32_S13,RS,46.8,48.9,47.3,47.0,50.3,
A,PC_EU27_2020_HAB_MPPS_CP,P32_S13,SE,98.2,99.9,100.3,100.8,102.6,
A,PC_EU27_2020_HAB_MPPS_CP,P32_S13,SI,83.1,86.8,84.3,86.8,84.7,
A,PC_EU27_2020_HAB_MPPS_CP,P32_S13,SK,102.8,103.5,97.9,96.8,101.0,
A,PC_EU27_2020_HAB_MPPS_CP,P32_S13,TR,40.7,35.6,40.0,45.0,50.6,
A,PC_EU27_2020_HAB_MPPS_CP,P32_S13,UK,,,,,,
A,PC_EU27_2020_HAB_MPPS_CP,P3_S13,AL,18.5,18.2,19.1,,,
A,PC_EU27_2020_HAB_MPPS_CP,P3_S13,AT,116.2,119.9,119.0,117.8,119.7,
A,PC_EU27_2020_HAB_MPPS_CP,P3_S13,BA,,,,,,
A,PC_EU27_2020_HAB_MPPS_CP,P3_S13,BE,126.8,125.8,129.6,131.1,129.5,
A,PC_EU27_2020_HAB_MPPS_CP,P3_S13,BG,49.3,51.0,53.3,55.3,60.7,
A,PC_EU27_2020_HAB_MPPS_CP,P3_S13,CY,76.2,78.0,80.7,85.2,84.8,
A,PC_EU27_2020_HAB_MPPS_CP,P3_S13,CZ,91.3,87.2,82.6,84.6,84.3,
A,PC_EU27_2020_HAB_MPPS_CP,P3_S13,DE,123.5,123.0,122.7,119.6,118.9,
A,PC_EU27_2020_HAB_MPPS_CP,P3_S13,DK,144.7,145.4,139.0,136.4,136.0,
A,PC_EU27_2020_HAB_MPPS_CP,P3_S13,EA,105.1,105.1,105.6,104.8,104.0,
A,PC_EU27_2020_HAB_MPPS_CP,P3_S13,EA12,106.5,106.4,106.9,106.3,105.4,
A,PC_EU27_2020_HAB_MPPS_CP,P3_S13,EA19,105.1,105.1,105.6,105.1,104.3,
A,PC_EU27_2020_HAB_MPPS_CP,P3_S13,EA20,104.7,104.7,105.2,104.8,104.0,
A,PC_EU27_2020_HAB_MPPS_CP,P3_S13,EE,78.2,76.9,74.8,76.8,77.4,
A,PC_EU27_2020_HAB_MPPS_CP,P3_S13,EL,62.7,62.6,62.2,63.0,59.3,
A,PC_EU27_2020_HAB_MPPS_CP,P3_S13,ES,79.7,81.2,82.9,84.2,82.0,
A,PC_EU27_2020_HAB_MPPS_CP,P3_S13,EU27_2020,100.0,100.0,100.0,100.0,,
A,PC_EU27_2020_HAB_MPPS_CP,P3_S13,FI,121.4,122.9,120.6,125.9,124.3,
A,PC_EU27_2020_HAB_MPPS_CP,P3_S13,FR,116.8,114.0,112.7,113.4,110.6,
A,PC_EU27_2020_HAB_MPPS_CP,P3_S13,HR,73.4,74.4,71.4,77.0,83.4,
A,PC_EU27_2020_HAB_MPPS_CP,P3_S13,HU,70.3,70.5,73.5,73.2,73.0,
A,PC_EU27_2020_HAB_MPPS_CP,P3_S13,IE,114.6,119.6,122.3,124.8,124.5,
A,PC_EU27_2020_HAB_MPPS_CP,P3_S13,IS,153.1,154.7,162.2,162.4,158.5,
A,PC_EU27_2020_HAB_MPPS_CP,P3_S13,IT,85.8,85.3,86.6,83.2,82.2,
A,PC_EU27_2020_HAB_MPPS_CP,P3_S13,LT,70.6,70.3,69.5,70.9,76.7,
A,PC_EU27_2020_HAB_MPPS_CP,P3_S13,LU,209.4,205.5,212.4,216.1,217.0,
A,PC_EU27_2020_HAB_MPPS_CP,P3_S13,LV,64.0,70.2,67.2,69.4,69.7,
A,PC_EU27_2020_HAB_MPPS_CP,P3_S13,ME,45.5,41.4,40.7,43.9,43.9,
A,PC_EU27_2020_HAB_MPPS_CP,P3_S13,MK,31.1,30.6,29.2,29.2,30.7,
A,PC_EU27_2020_HAB_MPPS_CP,P3_S13,MT,91.7,90.8,85.5,84.7,86.5,
A,PC_EU27_2020_HAB_MPPS_CP,P3_S13,NL,149.8,151.9,153.7,155.8,161.0,
A,PC_EU27_2020_HAB_MPPS_CP,P3_S13,NO,163.5,174.2,181.9,174.9,170.0,
A,PC_EU27_2020_HAB_MPPS_CP,P3_S13,PL,65.7,66.4,66.3,69.1,76.0,
A,PC_EU27_2020_HAB_MPPS_CP,P3_S13,PT,62.8,62.2,63.0,64.1,64.7,
A,PC_EU27_2020_HAB_MPPS_CP,P3_S13,RO,60.0,58.2,56.1,61.0,66.4,
A,PC_EU27_2020_HAB_MPPS_CP,P3_S13,RS,38.0,38.3,38.5,39.3,42.0,
A,PC_EU27_2020_HAB_MPPS_CP,P3_S13,SE,142.3,141.2,137.0,138.6,137.4,
A,PC_EU27_2020_HAB_MPPS_CP,P3_S13,SI,80.6,83.4,82.0,83.2,85.9,
A,PC_EU27_2020_HAB_MPPS_CP,P3_S13,SK,69.9,70.9,70.5,71.5,73.4,
A,PC_EU27_2020_HAB_MPPS_CP,P3_S13,TR,39.2,35.0,36.0,42.0,46.6,
A,PC_EU27_2020_HAB_MPPS_CP,P3_S13,UK,,,,,,
A,PC_EU27_2020_HAB_MPPS_CP,P41,AL,37.3,37.0,39.0,,,
A,PC_EU27_2020_HAB_MPPS_CP,P41,AT,117.6,118.9,120.4,119.4,119.1,
A,PC_EU27_2020_HAB_MPPS_CP,P41,BA,,,,,,
A,PC_EU27_2020_HAB_MPPS_CP,P41,BE,117.7,117.1,119.2,120.2,119.5,
A,PC_EU27_2020_HAB_MPPS_CP,P41,BG,59.0,62.0,63.2,64.6,67.9,
A,PC_EU27_2020_HAB_MPPS_CP,P41,CY,97.7,95.2,98.6,101.3,101.8,
A,PC_EU27_2020_HAB_MPPS_CP,P41,CZ,86.1,83.9,81.5,81.2,81.1,
A,PC_EU27_2020_HAB_MPPS_CP,P41,DE,122.3,120.0,120.3,117.4,116.7,
A,PC_EU27_2020_HAB_MPPS_CP,P41,DK,128.3,128.9,120.4,115.8,114.7,
A,PC_EU27_2020_HAB_MPPS_CP,P41,EA,105.1,104.9,105.4,105.1,104.6,
A,PC_EU27_2020_HAB_MPPS_CP,P41,EA12,106.2,106.0,106.4,106.3,105.7,
A,PC_EU27_2020_HAB_MPPS_CP,P41,EA19,105.1,104.9,105.4,105.4,104.8,
A,PC_EU27_2020_HAB_MPPS_CP,P41,EA20,104.7,104.6,105.0,105.1,104.6,
A,PC_EU27_2020_HAB_MPPS_CP,P41,EE,81.0,80.8,80.4,79.2,78.6,
A,PC_EU27_2020_HAB_MPPS_CP,P41,EL,77.1,77.6,81.4,82.0,80.9,
A,PC_EU27_2020_HAB_MPPS_CP,P41,ES,86.6,90.1,91.2,92.5,92.6,
A,PC_EU27_2020_HAB_MPPS_CP,P41,EU27_2020,100.0,100.0,100.0,100.0,,
A,PC_EU27_2020_HAB_MPPS_CP,P41,FI,113.6,112.8,107.9,109.3,107.9,
A,PC_EU27_2020_HAB_MPPS_CP,P41,FR,110.0,107.0,103.4,105.9,104.6,
A,PC_EU27_2020_HAB_MPPS_CP,P41,HR,72.2,76.3,76.4,79.7,81.7,
A,PC_EU27_2020_HAB_MPPS_CP,P41,HU,67.2,66.9,68.4,67.2,70.6,
A,PC_EU27_2020_HAB_MPPS_CP,P41,IE,103.6,109.1,114.0,117.9,119.3,
A,PC_EU27_2020_HAB_MPPS_CP,P41,IS,128.6,131.2,135.5,134.3,131.1,
A,PC_EU27_2020_HAB_MPPS_CP,P41,IT,98.9,99.8,103.1,101.7,100.5,
A,PC_EU27_2020_HAB_MPPS_CP,P41,LT,88.0,90.6,88.6,86.9,88.3,
A,PC_EU27_2020_HAB_MPPS_CP,P41,LU,161.6,164.8,164.8,165.7,165.9,
A,PC_EU27_2020_HAB_MPPS_CP,P41,LV,67.7,72.5,72.7,72.5,72.7,
A,PC_EU27_2020_HAB_MPPS_CP,P41,ME,61.5,59.2,63.3,66.9,71.8,
A,PC_EU27_2020_HAB_MPPS_CP,P41,MK,48.0,49.4,48.0,47.4,47.3,
A,PC_EU27_2020_HAB_MPPS_CP,P41,MT,86.6,87.7,85.4,91.3,91.6,
A,PC_EU27_2020_HAB_MPPS_CP,P41,NL,119.9,121.6,123.5,123.0,123.6,
A,PC_EU27_2020_HAB_MPPS_CP,P41,NO,129.9,138.2,144.7,135.7,132.7,
A,PC_EU27_2020_HAB_MPPS_CP,P41,PL,79.8,81.1,80.6,79.6,82.1,
A,PC_EU27_2020_HAB_MPPS_CP,P41,PT,84.4,84.3,86.4,87.9,88.7,
A,PC_EU27_2020_HAB_MPPS_CP,P41,RO,75.7,76.9,77.1,78.9,82.4,
A,PC_EU27_2020_HAB_MPPS_CP,P41,RS,50.2,51.0,51.2,53.0,56.0,
A,PC_EU27_2020_HAB_MPPS_CP,P41,SE,117.9,117.6,110.7,108.9,108.4,
A,PC_EU27_2020_HAB_MPPS_CP,P41,SI,83.4,87.5,89.5,87.7,88.7,
A,PC_EU27_2020_HAB_MPPS_CP,P41,SK,75.2,75.1,76.6,77.0,78.2,
A,PC_EU27_2020_HAB_MPPS_CP,P41,TR,56.0,54.7,59.1,63.0,65.8,
A,PC_EU27_2020_HAB_MPPS_CP,P41,UK,,,,,,
