freq,size_emp,nace_r2,indic_is,unit,geo,num_2020,flag_2020,num_2022,flag_2022,num_2024,flag_2024
A,GE10,C,E_ITSP2,PC_ENT,AL,,NaN,11.22,b,,NaN
A,GE10,C,E_ITSP2,PC_ENT,AT,28.74,NaN,28.37,NaN,30.02,NaN
A,GE10,C,E_ITSP2,PC_ENT,BA,12.92,NaN,12.46,NaN,13.91,NaN
A,GE10,C,E_ITSP2,PC_ENT,BE,,u,35.46,NaN,35.31,NaN
A,GE10,C,E_ITSP2,PC_ENT,BG,15.16,NaN,14.73,NaN,15.53,NaN
A,GE10,C,E_ITSP2,PC_ENT,CY,14.23,NaN,16.29,NaN,14.93,NaN
A,GE10,C,E_ITSP2,PC_ENT,CZ,21.66,NaN,21.42,NaN,23.05,NaN
A,GE10,C,E_ITSP2,PC_ENT,DE,24.97,NaN,25.82,NaN,26.81,NaN
A,GE10,C,E_ITSP2,PC_ENT,DK,30.07,NaN,31.99,NaN,26.96,NaN
A,GE10,C,E_ITSP2,PC_ENT,EA,19.81,NaN,20.41,NaN,20.03,NaN
A,GE10,C,E_ITSP2,PC_ENT,EE,14.83,NaN,14.37,NaN,16.71,NaN
A,GE10,C,E_ITSP2,PC_ENT,EL,,u,17.08,NaN,19.06,NaN
A,GE10,C,E_ITSP2,PC_ENT,ES,17.03,NaN,13.05,NaN,13.9,NaN
A,GE10,C,E_ITSP2,PC_ENT,EU15,,NaN,,NaN,,NaN
A,GE10,C,E_ITSP2,PC_ENT,EU27_2007,,NaN,,NaN,,NaN
A,GE10,C,E_ITSP2,PC_ENT,EU27_2020,20.63,NaN,21.45,NaN,20.62,NaN
A,GE10,C,E_ITSP2,PC_ENT,EU28,,NaN,,NaN,,NaN
A,GE10,C,E_ITSP2,PC_ENT,FI,34.04,NaN,33.07,NaN,33.73,NaN
A,GE10,C,E_ITSP2,PC_ENT,FR,19.15,NaN,20.45,b,17.55,NaN
A,GE10,C,E_ITSP2,PC_ENT,HR,16.61,NaN,15.15,NaN,14.29,NaN
A,GE10,C,E_ITSP2,PC_ENT,HU,30.72,NaN,34.97,NaN,30.38,NaN
A,GE10,C,E_ITSP2,PC_ENT,IE,33.48,NaN,36.91,NaN,38.11,NaN
A,GE10,C,E_ITSP2,PC_ENT,IS,12.1,NaN,,NaN,,NaN
A,GE10,C,E_ITSP2,PC_ENT,IT,12.96,NaN,14.02,NaN,13.64,NaN
A,GE10,C,E_ITSP2,PC_ENT,LT,15.3,NaN,17.45,NaN,16.15,NaN
A,GE10,C,E_ITSP2,PC_ENT,LU,24.05,NaN,25.83,NaN,24.56,NaN
A,GE10,C,E_ITSP2,PC_ENT,LV,17.61,NaN,17.52,NaN,16.83,NaN
A,GE10,C,E_ITSP2,PC_ENT,ME,,u,20.8,NaN,17.76,NaN
A,GE10,C,E_ITSP2,PC_ENT,MK,,NaN,6.21,NaN,,NaN
A,GE10,C,E_ITSP2,PC_ENT,MT,24.54,NaN,28.48,NaN,29.29,NaN
A,GE10,C,E_ITSP2,PC_ENT,NL,25.52,NaN,31.64,NaN,30.69,NaN
A,GE10,C,E_ITSP2,PC_ENT,NO,18.8,NaN,19.85,NaN,17.77,NaN
A,GE10,C,E_ITSP2,PC_ENT,PL,27.28,NaN,32.05,NaN,25.87,NaN
A,GE10,C,E_ITSP2,PC_ENT,PT,18.18,NaN,20.11,NaN,18.84,NaN
A,GE10,C,E_ITSP2,PC_ENT,RO,15.43,NaN,9.35,NaN,10.01,NaN
A,GE10,C,E_ITSP2,PC_ENT,RS,17.11,NaN,17.47,NaN,18.63,NaN
A,GE10,C,E_ITSP2,PC_ENT,SE,22.25,NaN,22.27,NaN,24.01,b
A,GE10,C,E_ITSP2,PC_ENT,SI,17.22,NaN,24.28,NaN,17.52,NaN
A,GE10,C,E_ITSP2,PC_ENT,SK,18.5,NaN,18.57,NaN,17.41,NaN
A,GE10,C,E_ITSP2,PC_ENT,TR,12.62,NaN,17.36,NaN,14.4,NaN
A,GE10,C,E_ITSP2,PC_ENT,UK,,u,,NaN,,NaN
A,GE10,C,E_ITSP2,PC_ENT_CUSE,AT,,NaN,,NaN,,NaN
A,GE10,C,E_ITSP2,PC_ENT_CUSE,BA,,NaN,,NaN,,NaN
A,GE10,C,E_ITSP2,PC_ENT_CUSE,BE,,NaN,,NaN,,NaN
A,GE10,C,E_ITSP2,PC_ENT_CUSE,BG,,NaN,,NaN,,NaN
A,GE10,C,E_ITSP2,PC_ENT_CUSE,CY,,NaN,,NaN,,NaN
A,GE10,C,E_ITSP2,PC_ENT_CUSE,CZ,,NaN,,NaN,,NaN
A,GE10,C,E_ITSP2,PC_ENT_CUSE,DE,,NaN,,NaN,,NaN
A,GE10,C,E_ITSP2,PC_ENT_CUSE,DK,,NaN,,NaN,,NaN
A,GE10,C,E_ITSP2,PC_ENT_CUSE,EA,,NaN,,NaN,,NaN
A,GE10,C,E_ITSP2,PC_ENT_CUSE,EE,,NaN,,NaN,,NaN
A,GE10,C,E_ITSP2,PC_ENT_CUSE,EL,,NaN,,NaN,,NaN
A,GE10,C,E_ITSP2,PC_ENT_CUSE,ES,,NaN,,NaN,,NaN
A,GE10,C,E_ITSP2,PC_ENT_CUSE,EU15,,NaN,,NaN,,NaN
A,GE10,C,E_ITSP2,PC_ENT_CUSE,EU27_2007,,NaN,,NaN,,NaN
A,GE10,C,E_ITSP2,PC_ENT_CUSE,EU27_2020,,NaN,,NaN,,NaN
A,GE10,C,E_ITSP2,PC_ENT_CUSE,EU28,,NaN,,NaN,,NaN
A,GE10,C,E_ITSP2,PC_ENT_CUSE,FI,,NaN,,NaN,,NaN
A,GE10,C,E_ITSP2,PC_ENT_CUSE,FR,,NaN,,NaN,,NaN
A,GE10,C,E_ITSP2,PC_ENT_CUSE,HR,,NaN,,NaN,,NaN
A,GE10,C,E_ITSP2,PC_ENT_CUSE,HU,,NaN,,NaN,,NaN
A,GE10,C,E_ITSP2,PC_ENT_CUSE,IE,,NaN,,NaN,,NaN
A,GE10,C,E_ITSP2,PC_ENT_CUSE,IS,,NaN,,NaN,,NaN
A,GE10,C,E_ITSP2,PC_ENT_CUSE,IT,,NaN,,NaN,,NaN
A,GE10,C,E_ITSP2,PC_ENT_CUSE,LT,,NaN,,NaN,,NaN
A,GE10,C,E_ITSP2,PC_ENT_CUSE,LU,,NaN,,NaN,,NaN
A,GE10,C,E_ITSP2,PC_ENT_CUSE,LV,,NaN,,NaN,,NaN
A,GE10,C,E_ITSP2,PC_ENT_CUSE,ME,,NaN,,NaN,,NaN
A,GE10,C,E_ITSP2,PC_ENT_CUSE,MK,,NaN,,NaN,,NaN
A,GE10,C,E_ITSP2,PC_ENT_CUSE,MT,,NaN,,NaN,,NaN
A,GE10,C,E_ITSP2,PC_ENT_CUSE,NL,,NaN,,NaN,,NaN
A,GE10,C,E_ITSP2,PC_ENT_CUSE,NO,,NaN,,NaN,,NaN
A,GE10,C,E_ITSP2,PC_ENT_CUSE,PL,,NaN,,NaN,,NaN
A,GE10,C,E_ITSP2,PC_ENT_CUSE,PT,,NaN,,NaN,,NaN
A,GE10,C,E_ITSP2,PC_ENT_CUSE,RO,,NaN,,NaN,,NaN
A,GE10,C,E_ITSP2,PC_ENT_CUSE,RS,,NaN,,NaN,,NaN
A,GE10,C,E_ITSP2,PC_ENT_CUSE,SE,,NaN,,NaN,,NaN
A,GE10,C,E_ITSP2,PC_ENT_CUSE,SI,,NaN,,NaN,,NaN
A,GE10,C,E_ITSP2,PC_ENT_CUSE,SK,,NaN,,NaN,,NaN
A,GE10,C,E_ITSP2,PC_ENT_CUSE,TR,,NaN,,NaN,,NaN
A,GE10,C,E_ITSP2,PC_ENT_CUSE,UK,,NaN,,NaN,,NaN
A,GE10,C-E,E_ITSP2,PC_ENT,AL,,NaN,14.61,b,,NaN
A,GE10,C-E,E_ITSP2,PC_ENT,AT,27.98,NaN,29.17,NaN,30.23,NaN
A,GE10,C-E,E_ITSP2,PC_ENT,BA,13.34,NaN,12.79,NaN,15.03,NaN
A,GE10,C-E,E_ITSP2,PC_ENT,BE,,u,,u,,u
A,GE10,C-E,E_ITSP2,PC_ENT,BG,15.22,NaN,15.51,NaN,15.93,NaN
A,GE10,C-E,E_ITSP2,PC_ENT,CY,15.15,NaN,17.03,NaN,16.03,NaN
A,GE10,C-E,E_ITSP2,PC_ENT,CZ,21.5,NaN,21.27,NaN,22.72,NaN
A,GE10,C-E,E_ITSP2,PC_ENT,DE,25.25,NaN,26.33,NaN,27.44,NaN
A,GE10,C-E,E_ITSP2,PC_ENT,DK,30.61,NaN,33.05,NaN,28.01,NaN
A,GE10,C-E,E_ITSP2,PC_ENT,EA,20.08,NaN,20.9,NaN,20.51,NaN
A,GE10,C-E,E_ITSP2,PC_ENT,EE,15.39,NaN,15.16,NaN,17.3,NaN
A,GE10,C-E,E_ITSP2,PC_ENT,EL,,u,17.68,NaN,19.83,NaN
A,GE10,C-E,E_ITSP2,PC_ENT,ES,17.34,NaN,13.65,NaN,14.22,NaN
A,GE10,C-E,E_ITSP2,PC_ENT,EU15,,NaN,,NaN,,NaN
A,GE10,C-E,E_ITSP2,PC_ENT,EU27_2007,,NaN,,NaN,,NaN
A,GE10,C-E,E_ITSP2,PC_ENT,EU27_2020,20.97,NaN,21.98,NaN,21.12,NaN
A,GE10,C-E,E_ITSP2,PC_ENT,EU28,,NaN,,NaN,,NaN
A,GE10,C-E,E_ITSP2,PC_ENT,FI,34.75,NaN,33.81,NaN,34.92,NaN
A,GE10,C-E,E_ITSP2,PC_ENT,FR,19.12,NaN,20.46,b,17.73,NaN
A,GE10,C-E,E_ITSP2,PC_ENT,HR,17.64,NaN,16.75,NaN,15.3,NaN
A,GE10,C-E,E_ITSP2,PC_ENT,HU,31.25,NaN,35.48,NaN,30.94,NaN
A,GE10,C-E,E_ITSP2,PC_ENT,IE,33.02,NaN,37.42,NaN,37.4,NaN
A,GE10,C-E,E_ITSP2,PC_ENT,IS,15.37,NaN,,NaN,,NaN
A,GE10,C-E,E_ITSP2,PC_ENT,IT,13.15,NaN,14.28,NaN,13.81,NaN
A,GE10,C-E,E_ITSP2,PC_ENT,LT,16.44,NaN,18.69,NaN,17.69,NaN
A,GE10,C-E,E_ITSP2,PC_ENT,LU,26.29,NaN,27.98,NaN,26.51,NaN
A,GE10,C-E,E_ITSP2,PC_ENT,LV,18.29,NaN,18.74,NaN,18.02,NaN
A,GE10,C-E,E_ITSP2,PC_ENT,ME,,u,25.27,NaN,26.19,NaN
A,GE10,C-E,E_ITSP2,PC_ENT,MK,,NaN,6.95,NaN,,NaN
A,GE10,C-E,E_ITSP2,PC_ENT,MT,,u,,u,,u
A,GE10,C-E,E_ITSP2,PC_ENT,NL,25.87,NaN,31.99,NaN,31.11,NaN
A,GE10,C-E,E_ITSP2,PC_ENT,NO,20.08,NaN,22.42,NaN,20.63,NaN
A,GE10,C-E,E_ITSP2,PC_ENT,PL,28.01,NaN,32.64,NaN,26.62,NaN
A,GE10,C-E,E_ITSP2,PC_ENT,PT,18.59,NaN,20.64,NaN,19.64,NaN
A,GE10,C-E,E_ITSP2,PC_ENT,RO,15.62,NaN,10.07,NaN,10.39,NaN
A,GE10,C-E,E_ITSP2,PC_ENT,RS,17.64,NaN,17.7,NaN,19.23,NaN
A,GE10,C-E,E_ITSP2,PC_ENT,SE,23.79,NaN,23.87,NaN,25.64,b
A,GE10,C-E,E_ITSP2,PC_ENT,SI,18.29,NaN,25.05,NaN,18.39,NaN
A,GE10,C-E,E_ITSP2,PC_ENT,SK,18.69,NaN,18.8,NaN,17.55,NaN
A,GE10,C-E,E_ITSP2,PC_ENT,TR,13.04,NaN,17.92,NaN,14.98,NaN
A,GE10,C-E,E_ITSP2,PC_ENT,UK,,u,,NaN,,NaN
A,GE10,C-E,E_ITSP2,PC_ENT_CUSE,AT,,NaN,,NaN,,NaN
A,GE10,C-E,E_ITSP2,PC_ENT_CUSE,BA,,NaN,,NaN,,NaN
A,GE10,C-E,E_ITSP2,PC_ENT_CUSE,BE,,NaN,,NaN,,NaN
A,GE10,C-E,E_ITSP2,PC_ENT_CUSE,BG,,NaN,,NaN,,NaN
A,GE10,C-E,E_ITSP2,PC_ENT_CUSE,CY,,NaN,,NaN,,NaN
A,GE10,C-E,E_ITSP2,PC_ENT_CUSE,CZ,,NaN,,NaN,,NaN
A,GE10,C-E,E_ITSP2,PC_ENT_CUSE,DE,,NaN,,NaN,,NaN
A,GE10,C-E,E_ITSP2,PC_ENT_CUSE,DK,,NaN,,NaN,,NaN
A,GE10,C-E,E_ITSP2,PC_ENT_CUSE,EA,,NaN,,NaN,,NaN
A,GE10,C-E,E_ITSP2,PC_ENT_CUSE,EE,,NaN,,NaN,,NaN
A,GE10,C-E,E_ITSP2,PC_ENT_CUSE,EL,,NaN,,NaN,,NaN
A,GE10,C-E,E_ITSP2,PC_ENT_CUSE,ES,,NaN,,NaN,,NaN
A,GE10,C-E,E_ITSP2,PC_ENT_CUSE,EU15,,NaN,,NaN,,NaN
A,GE10,C-E,E_ITSP2,PC_ENT_CUSE,EU27_2007,,NaN,,NaN,,NaN
A,GE10,C-E,E_ITSP2,PC_ENT_CUSE,EU27_2020,,NaN,,NaN,,NaN
A,GE10,C-E,E_ITSP2,PC_ENT_CUSE,EU28,,NaN,,NaN,,NaN
A,GE10,C-E,E_ITSP2,PC_ENT_CUSE,FI,,NaN,,NaN,,NaN
A,GE10,C-E,E_ITSP2,PC_ENT_CUSE,FR,,NaN,,NaN,,NaN
A,GE10,C-E,E_ITSP2,PC_ENT_CUSE,HR,,NaN,,NaN,,NaN
A,GE10,C-E,E_ITSP2,PC_ENT_CUSE,HU,,NaN,,NaN,,NaN
A,GE10,C-E,E_ITSP2,PC_ENT_CUSE,IE,,NaN,,NaN,,NaN
A,GE10,C-E,E_ITSP2,PC_ENT_CUSE,IS,,NaN,,NaN,,NaN
A,GE10,C-E,E_ITSP2,PC_ENT_CUSE,IT,,NaN,,NaN,,NaN
A,GE10,C-E,E_ITSP2,PC_ENT_CUSE,LT,,NaN,,NaN,,NaN
A,GE10,C-E,E_ITSP2,PC_ENT_CUSE,LU,,NaN,,NaN,,NaN
A,GE10,C-E,E_ITSP2,PC_ENT_CUSE,LV,,NaN,,NaN,,NaN
A,GE10,C-E,E_ITSP2,PC_ENT_CUSE,ME,,NaN,,NaN,,NaN
A,GE10,C-E,E_ITSP2,PC_ENT_CUSE,MK,,NaN,,NaN,,NaN
A,GE10,C-E,E_ITSP2,PC_ENT_CUSE,MT,,NaN,,NaN,,NaN
A,GE10,C-E,E_ITSP2,PC_ENT_CUSE,NL,,NaN,,NaN,,NaN
A,GE10,C-E,E_ITSP2,PC_ENT_CUSE,NO,,NaN,,NaN,,NaN
A,GE10,C-E,E_ITSP2,PC_ENT_CUSE,PL,,NaN,,NaN,,NaN
A,GE10,C-E,E_ITSP2,PC_ENT_CUSE,PT,,NaN,,NaN,,NaN
A,GE10,C-E,E_ITSP2,PC_ENT_CUSE,RO,,NaN,,NaN,,NaN
A,GE10,C-E,E_ITSP2,PC_ENT_CUSE,RS,,NaN,,NaN,,NaN
A,GE10,C-E,E_ITSP2,PC_ENT_CUSE,SE,,NaN,,NaN,,NaN
A,GE10,C-E,E_ITSP2,PC_ENT_CUSE,SI,,NaN,,NaN,,NaN
A,GE10,C-E,E_ITSP2,PC_ENT_CUSE,SK,,NaN,,NaN,,NaN
A,GE10,C-E,E_ITSP2,PC_ENT_CUSE,TR,,NaN,,NaN,,NaN
A,GE10,C-E,E_ITSP2,PC_ENT_CUSE,UK,,NaN,,NaN,,NaN
A,GE10,C-F,E_ITSP2,PC_ENT,AL,,NaN,16.35,b,,NaN
A,GE10,C-F,E_ITSP2,PC_ENT,AT,18.71,NaN,19.52,NaN,19.0,NaN
A,GE10,C-F,E_ITSP2,PC_ENT,BA,11.97,NaN,11.15,NaN,13.34,NaN
A,GE10,C-F,E_ITSP2,PC_ENT,BE,27.88,NaN,26.89,NaN,24.92,NaN
A,GE10,C-F,E_ITSP2,PC_ENT,BG,13.47,NaN,12.4,NaN,13.55,NaN
A,GE10,C-F,E_ITSP2,PC_ENT,CY,14.45,NaN,14.67,NaN,14.37,NaN
A,GE10,C-F,E_ITSP2,PC_ENT,CZ,17.66,NaN,17.33,NaN,18.1,NaN
A,GE10,C-F,E_ITSP2,PC_ENT,DE,17.51,NaN,18.95,NaN,19.01,NaN
A,GE10,C-F,E_ITSP2,PC_ENT,DK,20.68,NaN,22.22,NaN,19.24,NaN
A,GE10,C-F,E_ITSP2,PC_ENT,EA,15.54,NaN,16.0,NaN,15.39,NaN
A,GE10,C-F,E_ITSP2,PC_ENT,EE,11.85,NaN,11.26,NaN,13.38,NaN
A,GE10,C-F,E_ITSP2,PC_ENT,EL,19.03,NaN,16.42,NaN,18.8,NaN
A,GE10,C-F,E_ITSP2,PC_ENT,ES,13.71,NaN,10.95,NaN,10.47,NaN
A,GE10,C-F,E_ITSP2,PC_ENT,EU15,,NaN,,NaN,,NaN
A,GE10,C-F,E_ITSP2,PC_ENT,EU27_2007,,NaN,,NaN,,NaN
A,GE10,C-F,E_ITSP2,PC_ENT,EU27_2020,16.57,NaN,17.08,NaN,16.07,NaN
A,GE10,C-F,E_ITSP2,PC_ENT,EU28,,NaN,,NaN,,NaN
A,GE10,C-F,E_ITSP2,PC_ENT,FI,22.36,NaN,24.14,NaN,26.26,NaN
A,GE10,C-F,E_ITSP2,PC_ENT,FR,13.59,NaN,12.48,b,12.46,NaN
A,GE10,C-F,E_ITSP2,PC_ENT,HR,14.84,NaN,11.35,NaN,11.47,NaN
A,GE10,C-F,E_ITSP2,PC_ENT,HU,27.58,NaN,28.04,NaN,24.89,NaN
A,GE10,C-F,E_ITSP2,PC_ENT,IE,27.07,NaN,29.8,NaN,29.27,NaN
A,GE10,C-F,E_ITSP2,PC_ENT,IS,9.04,NaN,,NaN,,NaN
A,GE10,C-F,E_ITSP2,PC_ENT,IT,11.65,NaN,12.49,NaN,11.46,NaN
A,GE10,C-F,E_ITSP2,PC_ENT,LT,12.15,NaN,12.89,NaN,12.76,NaN
A,GE10,C-F,E_ITSP2,PC_ENT,LU,15.91,NaN,13.23,NaN,14.02,NaN
A,GE10,C-F,E_ITSP2,PC_ENT,LV,15.47,NaN,14.74,NaN,13.1,NaN
A,GE10,C-F,E_ITSP2,PC_ENT,ME,,u,25.81,NaN,23.64,NaN
A,GE10,C-F,E_ITSP2,PC_ENT,MK,7.4,NaN,6.82,NaN,,NaN
A,GE10,C-F,E_ITSP2,PC_ENT,MT,20.0,NaN,25.36,NaN,25.0,NaN
A,GE10,C-F,E_ITSP2,PC_ENT,NL,20.71,NaN,25.48,NaN,24.9,NaN
A,GE10,C-F,E_ITSP2,PC_ENT,NO,11.5,NaN,13.25,NaN,11.31,NaN
A,GE10,C-F,E_ITSP2,PC_ENT,PL,23.74,NaN,28.48,NaN,22.59,NaN
A,GE10,C-F,E_ITSP2,PC_ENT,PT,16.29,NaN,16.62,NaN,15.54,NaN
A,GE10,C-F,E_ITSP2,PC_ENT,RO,15.27,NaN,8.26,NaN,8.71,NaN
A,GE10,C-F,E_ITSP2,PC_ENT,RS,15.46,NaN,17.93,NaN,18.65,NaN
A,GE10,C-F,E_ITSP2,PC_ENT,SE,14.71,NaN,16.14,NaN,14.67,b
A,GE10,C-F,E_ITSP2,PC_ENT,SI,13.08,NaN,17.15,NaN,12.96,NaN
A,GE10,C-F,E_ITSP2,PC_ENT,SK,14.98,NaN,15.52,NaN,14.76,NaN
A,GE10,C-F,E_ITSP2,PC_ENT,TR,10.6,NaN,15.01,NaN,11.45,NaN
A,GE10,C-F,E_ITSP2,PC_ENT,UK,32.44,NaN,,NaN,,NaN
A,GE10,C-F,E_ITSP2,PC_ENT_CUSE,AT,,NaN,,NaN,,NaN
A,GE10,C-F,E_ITSP2,PC_ENT_CUSE,BA,,NaN,,NaN,,NaN
A,GE10,C-F,E_ITSP2,PC_ENT_CUSE,BE,,NaN,,NaN,,NaN
A,GE10,C-F,E_ITSP2,PC_ENT_CUSE,BG,,NaN,,NaN,,NaN
A,GE10,C-F,E_ITSP2,PC_ENT_CUSE,CY,,NaN,,NaN,,NaN
A,GE10,C-F,E_ITSP2,PC_ENT_CUSE,CZ,,NaN,,NaN,,NaN
A,GE10,C-F,E_ITSP2,PC_ENT_CUSE,DE,,NaN,,NaN,,NaN
A,GE10,C-F,E_ITSP2,PC_ENT_CUSE,DK,,NaN,,NaN,,NaN
A,GE10,C-F,E_ITSP2,PC_ENT_CUSE,EA,,NaN,,NaN,,NaN
A,GE10,C-F,E_ITSP2,PC_ENT_CUSE,EE,,NaN,,NaN,,NaN
A,GE10,C-F,E_ITSP2,PC_ENT_CUSE,EL,,NaN,,NaN,,NaN
A,GE10,C-F,E_ITSP2,PC_ENT_CUSE,ES,,NaN,,NaN,,NaN
A,GE10,C-F,E_ITSP2,PC_ENT_CUSE,EU15,,NaN,,NaN,,NaN
A,GE10,C-F,E_ITSP2,PC_ENT_CUSE,EU27_2007,,NaN,,NaN,,NaN
A,GE10,C-F,E_ITSP2,PC_ENT_CUSE,EU27_2020,,NaN,,NaN,,NaN
A,GE10,C-F,E_ITSP2,PC_ENT_CUSE,EU28,,NaN,,NaN,,NaN
A,GE10,C-F,E_ITSP2,PC_ENT_CUSE,FI,,NaN,,NaN,,NaN
A,GE10,C-F,E_ITSP2,PC_ENT_CUSE,FR,,NaN,,NaN,,NaN
A,GE10,C-F,E_ITSP2,PC_ENT_CUSE,HR,,NaN,,NaN,,NaN
A,GE10,C-F,E_ITSP2,PC_ENT_CUSE,HU,,NaN,,NaN,,NaN
A,GE10,C-F,E_ITSP2,PC_ENT_CUSE,IE,,NaN,,NaN,,NaN
A,GE10,C-F,E_ITSP2,PC_ENT_CUSE,IS,,NaN,,NaN,,NaN
A,GE10,C-F,E_ITSP2,PC_ENT_CUSE,IT,,NaN,,NaN,,NaN
A,GE10,C-F,E_ITSP2,PC_ENT_CUSE,LT,,NaN,,NaN,,NaN
A,GE10,C-F,E_ITSP2,PC_ENT_CUSE,LU,,NaN,,NaN,,NaN
A,GE10,C-F,E_ITSP2,PC_ENT_CUSE,LV,,NaN,,NaN,,NaN
A,GE10,C-F,E_ITSP2,PC_ENT_CUSE,ME,,NaN,,NaN,,NaN
A,GE10,C-F,E_ITSP2,PC_ENT_CUSE,MK,,NaN,,NaN,,NaN
A,GE10,C-F,E_ITSP2,PC_ENT_CUSE,MT,,NaN,,NaN,,NaN
A,GE10,C-F,E_ITSP2,PC_ENT_CUSE,NL,,NaN,,NaN,,NaN
A,GE10,C-F,E_ITSP2,PC_ENT_CUSE,NO,,NaN,,NaN,,NaN
A,GE10,C-F,E_ITSP2,PC_ENT_CUSE,PL,,NaN,,NaN,,NaN
A,GE10,C-F,E_ITSP2,PC_ENT_CUSE,PT,,NaN,,NaN,,NaN
A,GE10,C-F,E_ITSP2,PC_ENT_CUSE,RO,,NaN,,NaN,,NaN
A,GE10,C-F,E_ITSP2,PC_ENT_CUSE,RS,,NaN,,NaN,,NaN
A,GE10,C-F,E_ITSP2,PC_ENT_CUSE,SE,,NaN,,NaN,,NaN
A,GE10,C-F,E_ITSP2,PC_ENT_CUSE,SI,,NaN,,NaN,,NaN
A,GE10,C-F,E_ITSP2,PC_ENT_CUSE,SK,,NaN,,NaN,,NaN
A,GE10,C-F,E_ITSP2,PC_ENT_CUSE,TR,,NaN,,NaN,,NaN
A,GE10,C-F,E_ITSP2,PC_ENT_CUSE,UK,,NaN,,NaN,,NaN
A,GE10,C10-C12,E_ITSP2,PC_ENT,AT,15.5,NaN,16.39,NaN,16.96,NaN
A,GE10,C10-C12,E_ITSP2,PC_ENT,BA,11.68,NaN,10.34,NaN,11.08,NaN
A,GE10,C10-C12,E_ITSP2,PC_ENT,BE,26.4,NaN,,u,30.07,NaN
A,GE10,C10-C12,E_ITSP2,PC_ENT,BG,12.9,NaN,12.25,NaN,12.62,NaN
A,GE10,C10-C12,E_ITSP2,PC_ENT,CY,13.08,NaN,15.0,NaN,20.2,NaN
A,GE10,C10-C12,E_ITSP2,PC_ENT,CZ,14.06,NaN,13.5,NaN,12.47,NaN
A,GE10,C10-C12,E_ITSP2,PC_ENT,DE,10.47,NaN,13.04,NaN,12.53,NaN
A,GE10,C10-C12,E_ITSP2,PC_ENT,DK,24.59,NaN,33.24,NaN,26.6,NaN
A,GE10,C10-C12,E_ITSP2,PC_ENT,EA,12.73,NaN,13.09,NaN,12.75,NaN
A,GE10,C10-C12,E_ITSP2,PC_ENT,EE,14.14,NaN,16.94,NaN,9.45,NaN
A,GE10,C10-C12,E_ITSP2,PC_ENT,EL,,u,14.75,NaN,15.56,NaN
A,GE10,C10-C12,E_ITSP2,PC_ENT,ES,,u,,u,11.08,NaN
A,GE10,C10-C12,E_ITSP2,PC_ENT,EU15,,NaN,,NaN,,NaN
A,GE10,C10-C12,E_ITSP2,PC_ENT,EU27_2007,,NaN,,NaN,,NaN
A,GE10,C10-C12,E_ITSP2,PC_ENT,EU27_2020,14.01,NaN,14.55,NaN,13.52,NaN
A,GE10,C10-C12,E_ITSP2,PC_ENT,EU28,,NaN,,NaN,,NaN
A,GE10,C10-C12,E_ITSP2,PC_ENT,FI,,u,,u,,u
A,GE10,C10-C12,E_ITSP2,PC_ENT,FR,11.86,NaN,12.04,b,8.47,NaN
A,GE10,C10-C12,E_ITSP2,PC_ENT,HR,12.52,NaN,7.82,NaN,6.04,NaN
A,GE10,C10-C12,E_ITSP2,PC_ENT,HU,21.31,NaN,27.27,NaN,19.8,NaN
A,GE10,C10-C12,E_ITSP2,PC_ENT,IE,25.5,NaN,37.26,NaN,38.5,NaN
A,GE10,C10-C12,E_ITSP2,PC_ENT,IS,7.3,NaN,,NaN,,NaN
A,GE10,C10-C12,E_ITSP2,PC_ENT,IT,11.18,NaN,7.81,NaN,10.07,NaN
A,GE10,C10-C12,E_ITSP2,PC_ENT,LT,15.64,NaN,21.38,NaN,17.46,NaN
A,GE10,C10-C12,E_ITSP2,PC_ENT,LU,,u,,u,,u
A,GE10,C10-C12,E_ITSP2,PC_ENT,LV,17.64,NaN,20.42,NaN,15.35,NaN
A,GE10,C10-C12,E_ITSP2,PC_ENT,ME,,u,7.14,NaN,16.36,NaN
A,GE10,C10-C12,E_ITSP2,PC_ENT,MK,,NaN,,u,,NaN
A,GE10,C10-C12,E_ITSP2,PC_ENT,MT,21.05,NaN,23.24,NaN,21.0,NaN
A,GE10,C10-C12,E_ITSP2,PC_ENT,NL,18.56,NaN,24.64,NaN,25.58,NaN
A,GE10,C10-C12,E_ITSP2,PC_ENT,NO,16.63,NaN,12.32,NaN,12.49,NaN
A,GE10,C10-C12,E_ITSP2,PC_ENT,PL,22.87,NaN,26.45,NaN,20.22,NaN
A,GE10,C10-C12,E_ITSP2,PC_ENT,PT,18.3,NaN,18.94,NaN,17.76,NaN
A,GE10,C10-C12,E_ITSP2,PC_ENT,RO,13.2,NaN,6.42,NaN,8.3,NaN
A,GE10,C10-C12,E_ITSP2,PC_ENT,RS,11.6,NaN,16.59,NaN,20.19,NaN
A,GE10,C10-C12,E_ITSP2,PC_ENT,SE,16.06,NaN,22.51,NaN,17.03,b
A,GE10,C10-C12,E_ITSP2,PC_ENT,SI,22.55,NaN,17.24,NaN,16.31,NaN
A,GE10,C10-C12,E_ITSP2,PC_ENT,SK,10.59,NaN,13.59,NaN,7.41,NaN
A,GE10,C10-C12,E_ITSP2,PC_ENT,TR,7.85,NaN,13.23,NaN,10.79,NaN
A,GE10,C10-C12,E_ITSP2,PC_ENT,UK,24.72,NaN,,NaN,,NaN
A,GE10,C10-C12,E_ITSP2,PC_ENT_CUSE,AT,,NaN,,NaN,,NaN
A,GE10,C10-C12,E_ITSP2,PC_ENT_CUSE,BA,,NaN,,NaN,,NaN
A,GE10,C10-C12,E_ITSP2,PC_ENT_CUSE,BE,,NaN,,NaN,,NaN
A,GE10,C10-C12,E_ITSP2,PC_ENT_CUSE,BG,,NaN,,NaN,,NaN
A,GE10,C10-C12,E_ITSP2,PC_ENT_CUSE,CY,,NaN,,NaN,,NaN
A,GE10,C10-C12,E_ITSP2,PC_ENT_CUSE,CZ,,NaN,,NaN,,NaN
A,GE10,C10-C12,E_ITSP2,PC_ENT_CUSE,DE,,NaN,,NaN,,NaN
A,GE10,C10-C12,E_ITSP2,PC_ENT_CUSE,DK,,NaN,,NaN,,NaN
A,GE10,C10-C12,E_ITSP2,PC_ENT_CUSE,EA,,NaN,,NaN,,NaN
A,GE10,C10-C12,E_ITSP2,PC_ENT_CUSE,EE,,NaN,,NaN,,NaN
A,GE10,C10-C12,E_ITSP2,PC_ENT_CUSE,EL,,NaN,,NaN,,NaN
A,GE10,C10-C12,E_ITSP2,PC_ENT_CUSE,ES,,NaN,,NaN,,NaN
A,GE10,C10-C12,E_ITSP2,PC_ENT_CUSE,EU15,,NaN,,NaN,,NaN
A,GE10,C10-C12,E_ITSP2,PC_ENT_CUSE,EU27_2007,,NaN,,NaN,,NaN
A,GE10,C10-C12,E_ITSP2,PC_ENT_CUSE,EU27_2020,,NaN,,NaN,,NaN
A,GE10,C10-C12,E_ITSP2,PC_ENT_CUSE,EU28,,NaN,,NaN,,NaN
A,GE10,C10-C12,E_ITSP2,PC_ENT_CUSE,FI,,NaN,,NaN,,NaN
A,GE10,C10-C12,E_ITSP2,PC_ENT_CUSE,FR,,NaN,,NaN,,NaN
A,GE10,C10-C12,E_ITSP2,PC_ENT_CUSE,HR,,NaN,,NaN,,NaN
A,GE10,C10-C12,E_ITSP2,PC_ENT_CUSE,HU,,NaN,,NaN,,NaN
A,GE10,C10-C12,E_ITSP2,PC_ENT_CUSE,IE,,NaN,,NaN,,NaN
A,GE10,C10-C12,E_ITSP2,PC_ENT_CUSE,IS,,NaN,,NaN,,NaN
A,GE10,C10-C12,E_ITSP2,PC_ENT_CUSE,IT,,NaN,,NaN,,NaN
A,GE10,C10-C12,E_ITSP2,PC_ENT_CUSE,LT,,NaN,,NaN,,NaN
A,GE10,C10-C12,E_ITSP2,PC_ENT_CUSE,LU,,NaN,,NaN,,NaN
A,GE10,C10-C12,E_ITSP2,PC_ENT_CUSE,LV,,NaN,,NaN,,NaN
A,GE10,C10-C12,E_ITSP2,PC_ENT_CUSE,ME,,NaN,,NaN,,NaN
A,GE10,C10-C12,E_ITSP2,PC_ENT_CUSE,MK,,NaN,,NaN,,NaN
A,GE10,C10-C12,E_ITSP2,PC_ENT_CUSE,MT,,NaN,,NaN,,NaN
A,GE10,C10-C12,E_ITSP2,PC_ENT_CUSE,NL,,NaN,,NaN,,NaN
A,GE10,C10-C12,E_ITSP2,PC_ENT_CUSE,NO,,NaN,,NaN,,NaN
A,GE10,C10-C12,E_ITSP2,PC_ENT_CUSE,PL,,NaN,,NaN,,NaN
A,GE10,C10-C12,E_ITSP2,PC_ENT_CUSE,PT,,NaN,,NaN,,NaN
A,GE10,C10-C12,E_ITSP2,PC_ENT_CUSE,RO,,NaN,,NaN,,NaN
A,GE10,C10-C12,E_ITSP2,PC_ENT_CUSE,RS,,NaN,,NaN,,NaN
A,GE10,C10-C12,E_ITSP2,PC_ENT_CUSE,SE,,NaN,,NaN,,NaN
A,GE10,C10-C12,E_ITSP2,PC_ENT_CUSE,SI,,NaN,,NaN,,NaN
A,GE10,C10-C12,E_ITSP2,PC_ENT_CUSE,SK,,NaN,,NaN,,NaN
A,GE10,C10-C12,E_ITSP2,PC_ENT_CUSE,TR,,NaN,,NaN,,NaN
A,GE10,C10-C12,E_ITSP2,PC_ENT_CUSE,UK,,NaN,,NaN,,NaN
A,GE10,C10-C18,E_ITSP2,PC_ENT,AT,19.62,NaN,17.32,NaN,19.9,NaN
A,GE10,C10-C18,E_ITSP2,PC_ENT,BA,7.9,NaN,9.69,NaN,7.81,NaN
A,GE10,C10-C18,E_ITSP2,PC_ENT,BE,24.36,NaN,,u,30.55,NaN
A,GE10,C10-C18,E_ITSP2,PC_ENT,BG,10.91,NaN,11.84,NaN,10.5,NaN
A,GE10,C10-C18,E_ITSP2,PC_ENT,CY,12.79,NaN,14.34,NaN,16.69,NaN
A,GE10,C10-C18,E_ITSP2,PC_ENT,CZ,12.92,NaN,13.53,NaN,13.5,NaN
A,GE10,C10-C18,E_ITSP2,PC_ENT,DE,15.91,NaN,17.01,NaN,17.57,NaN
A,GE10,C10-C18,E_ITSP2,PC_ENT,DK,31.08,NaN,31.02,NaN,25.58,NaN
A,GE10,C10-C18,E_ITSP2,PC_ENT,EA,13.74,NaN,13.32,NaN,13.82,NaN
A,GE10,C10-C18,E_ITSP2,PC_ENT,EE,14.96,NaN,12.63,NaN,12.43,NaN
A,GE10,C10-C18,E_ITSP2,PC_ENT,EL,,u,13.53,NaN,18.42,NaN
A,GE10,C10-C18,E_ITSP2,PC_ENT,ES,12.84,NaN,7.46,NaN,10.43,NaN
A,GE10,C10-C18,E_ITSP2,PC_ENT,EU15,,NaN,,NaN,,NaN
A,GE10,C10-C18,E_ITSP2,PC_ENT,EU27_2007,,NaN,,NaN,,NaN
A,GE10,C10-C18,E_ITSP2,PC_ENT,EU27_2020,14.8,NaN,14.77,NaN,14.29,NaN
A,GE10,C10-C18,E_ITSP2,PC_ENT,EU28,,NaN,,NaN,,NaN
A,GE10,C10-C18,E_ITSP2,PC_ENT,FI,32.25,NaN,29.15,NaN,35.0,NaN
A,GE10,C10-C18,E_ITSP2,PC_ENT,FR,15.56,NaN,13.63,b,11.8,NaN
A,GE10,C10-C18,E_ITSP2,PC_ENT,HR,12.74,NaN,10.92,NaN,9.35,NaN
A,GE10,C10-C18,E_ITSP2,PC_ENT,HU,21.39,NaN,27.65,NaN,20.66,NaN
A,GE10,C10-C18,E_ITSP2,PC_ENT,IE,26.7,NaN,36.51,NaN,34.58,NaN
A,GE10,C10-C18,E_ITSP2,PC_ENT,IS,7.94,NaN,,NaN,,NaN
A,GE10,C10-C18,E_ITSP2,PC_ENT,IT,8.19,NaN,7.22,NaN,8.94,NaN
A,GE10,C10-C18,E_ITSP2,PC_ENT,LT,12.27,NaN,16.43,NaN,11.34,NaN
A,GE10,C10-C18,E_ITSP2,PC_ENT,LU,17.19,NaN,22.73,NaN,20.71,NaN
A,GE10,C10-C18,E_ITSP2,PC_ENT,LV,13.65,NaN,12.75,NaN,12.27,NaN
A,GE10,C10-C18,E_ITSP2,PC_ENT,ME,,u,18.27,NaN,9.44,NaN
A,GE10,C10-C18,E_ITSP2,PC_ENT,MK,4.3,NaN,,u,,NaN
A,GE10,C10-C18,E_ITSP2,PC_ENT,MT,22.7,NaN,27.2,NaN,26.98,NaN
A,GE10,C10-C18,E_ITSP2,PC_ENT,NL,19.96,NaN,26.24,NaN,24.44,NaN
A,GE10,C10-C18,E_ITSP2,PC_ENT,NO,17.59,NaN,16.64,NaN,14.08,NaN
A,GE10,C10-C18,E_ITSP2,PC_ENT,PL,21.53,NaN,25.91,NaN,19.73,NaN
A,GE10,C10-C18,E_ITSP2,PC_ENT,PT,12.93,NaN,15.43,NaN,15.33,NaN
A,GE10,C10-C18,E_ITSP2,PC_ENT,RO,15.06,NaN,6.96,NaN,7.48,NaN
A,GE10,C10-C18,E_ITSP2,PC_ENT,RS,13.55,NaN,13.36,NaN,18.28,NaN
A,GE10,C10-C18,E_ITSP2,PC_ENT,SE,21.5,NaN,25.31,NaN,20.04,b
A,GE10,C10-C18,E_ITSP2,PC_ENT,SI,21.7,NaN,21.9,NaN,14.0,NaN
A,GE10,C10-C18,E_ITSP2,PC_ENT,SK,10.57,NaN,11.11,NaN,8.13,NaN
A,GE10,C10-C18,E_ITSP2,PC_ENT,TR,9.59,NaN,15.35,NaN,12.48,NaN
A,GE10,C10-C18,E_ITSP2,PC_ENT,UK,28.61,NaN,,NaN,,NaN
A,GE10,C10-C18,E_ITSP2,PC_ENT_CUSE,AT,,NaN,,NaN,,NaN
A,GE10,C10-C18,E_ITSP2,PC_ENT_CUSE,BA,,NaN,,NaN,,NaN
A,GE10,C10-C18,E_ITSP2,PC_ENT_CUSE,BE,,NaN,,NaN,,NaN
A,GE10,C10-C18,E_ITSP2,PC_ENT_CUSE,BG,,NaN,,NaN,,NaN
A,GE10,C10-C18,E_ITSP2,PC_ENT_CUSE,CY,,NaN,,NaN,,NaN
A,GE10,C10-C18,E_ITSP2,PC_ENT_CUSE,CZ,,NaN,,NaN,,NaN
A,GE10,C10-C18,E_ITSP2,PC_ENT_CUSE,DE,,NaN,,NaN,,NaN
A,GE10,C10-C18,E_ITSP2,PC_ENT_CUSE,DK,,NaN,,NaN,,NaN
A,GE10,C10-C18,E_ITSP2,PC_ENT_CUSE,EA,,NaN,,NaN,,NaN
A,GE10,C10-C18,E_ITSP2,PC_ENT_CUSE,EE,,NaN,,NaN,,NaN
A,GE10,C10-C18,E_ITSP2,PC_ENT_CUSE,EL,,NaN,,NaN,,NaN
A,GE10,C10-C18,E_ITSP2,PC_ENT_CUSE,ES,,NaN,,NaN,,NaN
A,GE10,C10-C18,E_ITSP2,PC_ENT_CUSE,EU15,,NaN,,NaN,,NaN
A,GE10,C10-C18,E_ITSP2,PC_ENT_CUSE,EU27_2007,,NaN,,NaN,,NaN
A,GE10,C10-C18,E_ITSP2,PC_ENT_CUSE,EU27_2020,,NaN,,NaN,,NaN
A,GE10,C10-C18,E_ITSP2,PC_ENT_CUSE,EU28,,NaN,,NaN,,NaN
A,GE10,C10-C18,E_ITSP2,PC_ENT_CUSE,FI,,NaN,,NaN,,NaN
A,GE10,C10-C18,E_ITSP2,PC_ENT_CUSE,FR,,NaN,,NaN,,NaN
A,GE10,C10-C18,E_ITSP2,PC_ENT_CUSE,HR,,NaN,,NaN,,NaN
A,GE10,C10-C18,E_ITSP2,PC_ENT_CUSE,HU,,NaN,,NaN,,NaN
A,GE10,C10-C18,E_ITSP2,PC_ENT_CUSE,IE,,NaN,,NaN,,NaN
A,GE10,C10-C18,E_ITSP2,PC_ENT_CUSE,IS,,NaN,,NaN,,NaN
A,GE10,C10-C18,E_ITSP2,PC_ENT_CUSE,IT,,NaN,,NaN,,NaN
A,GE10,C10-C18,E_ITSP2,PC_ENT_CUSE,LT,,NaN,,NaN,,NaN
A,GE10,C10-C18,E_ITSP2,PC_ENT_CUSE,LU,,NaN,,NaN,,NaN
A,GE10,C10-C18,E_ITSP2,PC_ENT_CUSE,LV,,NaN,,NaN,,NaN
A,GE10,C10-C18,E_ITSP2,PC_ENT_CUSE,ME,,NaN,,NaN,,NaN
A,GE10,C10-C18,E_ITSP2,PC_ENT_CUSE,MK,,NaN,,NaN,,NaN
A,GE10,C10-C18,E_ITSP2,PC_ENT_CUSE,MT,,NaN,,NaN,,NaN
A,GE10,C10-C18,E_ITSP2,PC_ENT_CUSE,NL,,NaN,,NaN,,NaN
A,GE10,C10-C18,E_ITSP2,PC_ENT_CUSE,NO,,NaN,,NaN,,NaN
A,GE10,C10-C18,E_ITSP2,PC_ENT_CUSE,PL,,NaN,,NaN,,NaN
A,GE10,C10-C18,E_ITSP2,PC_ENT_CUSE,PT,,NaN,,NaN,,NaN
A,GE10,C10-C18,E_ITSP2,PC_ENT_CUSE,RO,,NaN,,NaN,,NaN
A,GE10,C10-C18,E_ITSP2,PC_ENT_CUSE,RS,,NaN,,NaN,,NaN
A,GE10,C10-C18,E_ITSP2,PC_ENT_CUSE,SE,,NaN,,NaN,,NaN
A,GE10,C10-C18,E_ITSP2,PC_ENT_CUSE,SI,,NaN,,NaN,,NaN
A,GE10,C10-C18,E_ITSP2,PC_ENT_CUSE,SK,,NaN,,NaN,,NaN
A,GE10,C10-C18,E_ITSP2,PC_ENT_CUSE,TR,,NaN,,NaN,,NaN
A,GE10,C10-C18,E_ITSP2,PC_ENT_CUSE,UK,,NaN,,NaN,,NaN
A,GE10,C10-S951_X_K,E_ITSP2,PC_ENT,AL,,NaN,26.08,b,,NaN
A,GE10,C10-S951_X_K,E_ITSP2,PC_ENT,AT,19.55,NaN,23.2,NaN,19.91,NaN
A,GE10,C10-S951_X_K,E_ITSP2,PC_ENT,BA,15.22,NaN,13.38,NaN,18.53,NaN
A,GE10,C10-S951_X_K,E_ITSP2,PC_ENT,BE,30.26,NaN,32.7,NaN,29.11,NaN
A,GE10,C10-S951_X_K,E_ITSP2,PC_ENT,BG,15.95,NaN,15.9,NaN,17.81,NaN
A,GE10,C10-S951_X_K,E_ITSP2,PC_ENT,CY,24.92,NaN,24.54,NaN,27.48,NaN
A,GE10,C10-S951_X_K,E_ITSP2,PC_ENT,CZ,18.46,NaN,19.6,NaN,20.2,NaN
A,GE10,C10-S951_X_K,E_ITSP2,PC_ENT,DE,19.42,NaN,22.23,NaN,22.86,NaN
A,GE10,C10-S951_X_K,E_ITSP2,PC_ENT,DK,28.94,NaN,34.17,NaN,30.94,NaN
A,GE10,C10-S951_X_K,E_ITSP2,PC_ENT,EA,18.52,NaN,20.12,NaN,19.36,NaN
A,GE10,C10-S951_X_K,E_ITSP2,PC_ENT,EE,16.72,NaN,17.18,NaN,19.22,NaN
A,GE10,C10-S951_X_K,E_ITSP2,PC_ENT,EL,19.11,NaN,20.48,NaN,22.53,NaN
A,GE10,C10-S951_X_K,E_ITSP2,PC_ENT,ES,16.96,NaN,16.26,NaN,14.57,NaN
A,GE10,C10-S951_X_K,E_ITSP2,PC_ENT,EU15,,NaN,,NaN,,NaN
A,GE10,C10-S951_X_K,E_ITSP2,PC_ENT,EU27_2007,,NaN,,NaN,,NaN
A,GE10,C10-S951_X_K,E_ITSP2,PC_ENT,EU27_2020,19.27,NaN,20.99,NaN,20.05,NaN
A,GE10,C10-S951_X_K,E_ITSP2,PC_ENT,EU28,,NaN,,NaN,,NaN
A,GE10,C10-S951_X_K,E_ITSP2,PC_ENT,FI,27.58,NaN,28.86,NaN,30.51,NaN
A,GE10,C10-S951_X_K,E_ITSP2,PC_ENT,FR,18.01,NaN,17.56,b,15.94,NaN
A,GE10,C10-S951_X_K,E_ITSP2,PC_ENT,HR,18.97,NaN,17.05,NaN,15.89,NaN
A,GE10,C10-S951_X_K,E_ITSP2,PC_ENT,HU,28.83,NaN,30.55,NaN,29.34,NaN
A,GE10,C10-S951_X_K,E_ITSP2,PC_ENT,IE,30.21,NaN,30.41,NaN,30.28,NaN
A,GE10,C10-S951_X_K,E_ITSP2,PC_ENT,IS,13.09,NaN,,NaN,,NaN
A,GE10,C10-S951_X_K,E_ITSP2,PC_ENT,IT,12.6,NaN,13.36,NaN,12.44,NaN
A,GE10,C10-S951_X_K,E_ITSP2,PC_ENT,LT,15.88,NaN,17.25,NaN,16.12,NaN
A,GE10,C10-S951_X_K,E_ITSP2,PC_ENT,LU,22.23,NaN,23.1,NaN,23.35,NaN
A,GE10,C10-S951_X_K,E_ITSP2,PC_ENT,LV,20.03,NaN,18.73,NaN,17.99,NaN
A,GE10,C10-S951_X_K,E_ITSP2,PC_ENT,ME,27.29,NaN,27.76,NaN,32.55,NaN
A,GE10,C10-S951_X_K,E_ITSP2,PC_ENT,MK,11.83,NaN,11.94,NaN,,NaN
A,GE10,C10-S951_X_K,E_ITSP2,PC_ENT,MT,28.51,NaN,33.46,NaN,34.11,NaN
A,GE10,C10-S951_X_K,E_ITSP2,PC_ENT,NL,24.36,NaN,30.77,NaN,29.73,NaN
A,GE10,C10-S951_X_K,E_ITSP2,PC_ENT,NO,16.58,NaN,19.68,NaN,20.8,NaN
A,GE10,C10-S951_X_K,E_ITSP2,PC_ENT,PL,25.19,NaN,30.86,NaN,25.99,NaN
A,GE10,C10-S951_X_K,E_ITSP2,PC_ENT,PT,19.84,NaN,20.03,NaN,20.56,NaN
A,GE10,C10-S951_X_K,E_ITSP2,PC_ENT,RO,15.56,NaN,11.48,NaN,13.16,NaN
A,GE10,C10-S951_X_K,E_ITSP2,PC_ENT,RS,19.34,NaN,24.16,NaN,25.19,NaN
A,GE10,C10-S951_X_K,E_ITSP2,PC_ENT,SE,21.08,NaN,23.0,NaN,21.6,b
A,GE10,C10-S951_X_K,E_ITSP2,PC_ENT,SI,16.79,NaN,20.62,NaN,17.71,NaN
A,GE10,C10-S951_X_K,E_ITSP2,PC_ENT,SK,16.82,NaN,17.66,NaN,17.25,NaN
A,GE10,C10-S951_X_K,E_ITSP2,PC_ENT,TR,11.8,NaN,17.8,NaN,13.37,NaN
A,GE10,C10-S951_X_K,E_ITSP2,PC_ENT,UK,29.48,NaN,,NaN,,NaN
A,GE10,C10-S951_X_K,E_ITSP2,PC_ENT_CUSE,AT,,NaN,,NaN,,NaN
A,GE10,C10-S951_X_K,E_ITSP2,PC_ENT_CUSE,BA,,NaN,,NaN,,NaN
A,GE10,C10-S951_X_K,E_ITSP2,PC_ENT_CUSE,BE,,NaN,,NaN,,NaN
A,GE10,C10-S951_X_K,E_ITSP2,PC_ENT_CUSE,BG,,NaN,,NaN,,NaN
A,GE10,C10-S951_X_K,E_ITSP2,PC_ENT_CUSE,CY,,NaN,,NaN,,NaN
A,GE10,C10-S951_X_K,E_ITSP2,PC_ENT_CUSE,CZ,,NaN,,NaN,,NaN
A,GE10,C10-S951_X_K,E_ITSP2,PC_ENT_CUSE,DE,,NaN,,NaN,,NaN
A,GE10,C10-S951_X_K,E_ITSP2,PC_ENT_CUSE,DK,,NaN,,NaN,,NaN
A,GE10,C10-S951_X_K,E_ITSP2,PC_ENT_CUSE,EA,,NaN,,NaN,,NaN
A,GE10,C10-S951_X_K,E_ITSP2,PC_ENT_CUSE,EE,,NaN,,NaN,,NaN
A,GE10,C10-S951_X_K,E_ITSP2,PC_ENT_CUSE,EL,,NaN,,NaN,,NaN
A,GE10,C10-S951_X_K,E_ITSP2,PC_ENT_CUSE,ES,,NaN,,NaN,,NaN
A,GE10,C10-S951_X_K,E_ITSP2,PC_ENT_CUSE,EU15,,NaN,,NaN,,NaN
A,GE10,C10-S951_X_K,E_ITSP2,PC_ENT_CUSE,EU27_2007,,NaN,,NaN,,NaN
A,GE10,C10-S951_X_K,E_ITSP2,PC_ENT_CUSE,EU27_2020,,NaN,,NaN,,NaN
A,GE10,C10-S951_X_K,E_ITSP2,PC_ENT_CUSE,EU28,,NaN,,NaN,,NaN
A,GE10,C10-S951_X_K,E_ITSP2,PC_ENT_CUSE,FI,,NaN,,NaN,,NaN
A,GE10,C10-S951_X_K,E_ITSP2,PC_ENT_CUSE,FR,,NaN,,NaN,,NaN
A,GE10,C10-S951_X_K,E_ITSP2,PC_ENT_CUSE,HR,,NaN,,NaN,,NaN
A,GE10,C10-S951_X_K,E_ITSP2,PC_ENT_CUSE,HU,,NaN,,NaN,,NaN
A,GE10,C10-S951_X_K,E_ITSP2,PC_ENT_CUSE,IE,,NaN,,NaN,,NaN
A,GE10,C10-S951_X_K,E_ITSP2,PC_ENT_CUSE,IS,,NaN,,NaN,,NaN
A,GE10,C10-S951_X_K,E_ITSP2,PC_ENT_CUSE,IT,,NaN,,NaN,,NaN
A,GE10,C10-S951_X_K,E_ITSP2,PC_ENT_CUSE,LT,,NaN,,NaN,,NaN
A,GE10,C10-S951_X_K,E_ITSP2,PC_ENT_CUSE,LU,,NaN,,NaN,,NaN
A,GE10,C10-S951_X_K,E_ITSP2,PC_ENT_CUSE,LV,,NaN,,NaN,,NaN
A,GE10,C10-S951_X_K,E_ITSP2,PC_ENT_CUSE,ME,,NaN,,NaN,,NaN
A,GE10,C10-S951_X_K,E_ITSP2,PC_ENT_CUSE,MK,,NaN,,NaN,,NaN
A,GE10,C10-S951_X_K,E_ITSP2,PC_ENT_CUSE,MT,,NaN,,NaN,,NaN
A,GE10,C10-S951_X_K,E_ITSP2,PC_ENT_CUSE,NL,,NaN,,NaN,,NaN
A,GE10,C10-S951_X_K,E_ITSP2,PC_ENT_CUSE,NO,,NaN,,NaN,,NaN
A,GE10,C10-S951_X_K,E_ITSP2,PC_ENT_CUSE,PL,,NaN,,NaN,,NaN
A,GE10,C10-S951_X_K,E_ITSP2,PC_ENT_CUSE,PT,,NaN,,NaN,,NaN
A,GE10,C10-S951_X_K,E_ITSP2,PC_ENT_CUSE,RO,,NaN,,NaN,,NaN
A,GE10,C10-S951_X_K,E_ITSP2,PC_ENT_CUSE,RS,,NaN,,NaN,,NaN
A,GE10,C10-S951_X_K,E_ITSP2,PC_ENT_CUSE,SE,,NaN,,NaN,,NaN
A,GE10,C10-S951_X_K,E_ITSP2,PC_ENT_CUSE,SI,,NaN,,NaN,,NaN
A,GE10,C10-S951_X_K,E_ITSP2,PC_ENT_CUSE,SK,,NaN,,NaN,,NaN
A,GE10,C10-S951_X_K,E_ITSP2,PC_ENT_CUSE,TR,,NaN,,NaN,,NaN
A,GE10,C10-S951_X_K,E_ITSP2,PC_ENT_CUSE,UK,,NaN,,NaN,,NaN
A,GE10,C13-C15,E_ITSP2,PC_ENT,AT,,u,17.56,NaN,21.19,NaN
A,GE10,C13-C15,E_ITSP2,PC_ENT,BA,8.76,NaN,12.41,NaN,6.77,NaN
A,GE10,C13-C15,E_ITSP2,PC_ENT,BE,,u,,u,,u
A,GE10,C13-C15,E_ITSP2,PC_ENT,BG,7.85,NaN,10.27,NaN,8.14,NaN
A,GE10,C13-C15,E_ITSP2,PC_ENT,CY,10.62,NaN,0.0,NaN,13.59,NaN
A,GE10,C13-C15,E_ITSP2,PC_ENT,CZ,12.75,NaN,11.76,NaN,12.42,NaN
A,GE10,C13-C15,E_ITSP2,PC_ENT,DE,21.56,NaN,25.95,NaN,30.18,NaN
A,GE10,C13-C15,E_ITSP2,PC_ENT,DK,35.2,NaN,29.83,NaN,30.5,NaN
A,GE10,C13-C15,E_ITSP2,PC_ENT,EA,11.02,NaN,9.58,NaN,11.75,NaN
A,GE10,C13-C15,E_ITSP2,PC_ENT,EE,12.19,NaN,9.17,NaN,15.16,NaN
A,GE10,C13-C15,E_ITSP2,PC_ENT,EL,,u,2.67,NaN,32.03,NaN
A,GE10,C13-C15,E_ITSP2,PC_ENT,ES,,u,,u,6.59,NaN
A,GE10,C13-C15,E_ITSP2,PC_ENT,EU15,,NaN,,NaN,,NaN
A,GE10,C13-C15,E_ITSP2,PC_ENT,EU27_2007,,NaN,,NaN,,NaN
A,GE10,C13-C15,E_ITSP2,PC_ENT,EU27_2020,12.38,NaN,11.19,NaN,11.99,NaN
A,GE10,C13-C15,E_ITSP2,PC_ENT,EU28,,NaN,,NaN,,NaN
A,GE10,C13-C15,E_ITSP2,PC_ENT,FI,,u,,u,,u
A,GE10,C13-C15,E_ITSP2,PC_ENT,FR,23.82,NaN,19.07,b,25.07,NaN
A,GE10,C13-C15,E_ITSP2,PC_ENT,HR,8.98,NaN,19.49,NaN,9.2,NaN
A,GE10,C13-C15,E_ITSP2,PC_ENT,HU,18.18,NaN,24.64,NaN,19.17,NaN
A,GE10,C13-C15,E_ITSP2,PC_ENT,IE,20.36,NaN,17.09,NaN,28.33,NaN
A,GE10,C13-C15,E_ITSP2,PC_ENT,IS,10.0,NaN,,NaN,,NaN
A,GE10,C13-C15,E_ITSP2,PC_ENT,IT,5.28,NaN,5.54,NaN,6.39,NaN
A,GE10,C13-C15,E_ITSP2,PC_ENT,LT,12.37,NaN,12.5,NaN,7.92,NaN
A,GE10,C13-C15,E_ITSP2,PC_ENT,LU,,u,,u,,u
A,GE10,C13-C15,E_ITSP2,PC_ENT,LV,19.11,NaN,9.37,NaN,7.7,NaN
A,GE10,C13-C15,E_ITSP2,PC_ENT,ME,,u,0.0,NaN,,NaN
A,GE10,C13-C15,E_ITSP2,PC_ENT,MK,2.82,NaN,,u,,NaN
A,GE10,C13-C15,E_ITSP2,PC_ENT,MT,,u,,u,,u
A,GE10,C13-C15,E_ITSP2,PC_ENT,NL,22.21,NaN,29.44,NaN,23.96,NaN
A,GE10,C13-C15,E_ITSP2,PC_ENT,NO,18.38,NaN,25.46,NaN,16.51,NaN
A,GE10,C13-C15,E_ITSP2,PC_ENT,PL,18.08,NaN,24.38,NaN,17.45,NaN
A,GE10,C13-C15,E_ITSP2,PC_ENT,PT,10.04,NaN,9.17,NaN,11.1,NaN
A,GE10,C13-C15,E_ITSP2,PC_ENT,RO,17.85,NaN,4.77,NaN,6.07,NaN
A,GE10,C13-C15,E_ITSP2,PC_ENT,RS,18.24,NaN,18.49,NaN,17.58,NaN
A,GE10,C13-C15,E_ITSP2,PC_ENT,SE,19.2,NaN,22.76,NaN,21.15,b
A,GE10,C13-C15,E_ITSP2,PC_ENT,SI,25.62,NaN,24.73,NaN,15.44,NaN
A,GE10,C13-C15,E_ITSP2,PC_ENT,SK,11.5,NaN,9.15,NaN,8.56,NaN
A,GE10,C13-C15,E_ITSP2,PC_ENT,TR,10.25,NaN,15.85,NaN,12.49,NaN
A,GE10,C13-C15,E_ITSP2,PC_ENT,UK,,u,,NaN,,NaN
A,GE10,C13-C15,E_ITSP2,PC_ENT_CUSE,AT,,NaN,,NaN,,NaN
A,GE10,C13-C15,E_ITSP2,PC_ENT_CUSE,BA,,NaN,,NaN,,NaN
A,GE10,C13-C15,E_ITSP2,PC_ENT_CUSE,BE,,NaN,,NaN,,NaN
A,GE10,C13-C15,E_ITSP2,PC_ENT_CUSE,BG,,NaN,,NaN,,NaN
A,GE10,C13-C15,E_ITSP2,PC_ENT_CUSE,CY,,NaN,,NaN,,NaN
A,GE10,C13-C15,E_ITSP2,PC_ENT_CUSE,CZ,,NaN,,NaN,,NaN
A,GE10,C13-C15,E_ITSP2,PC_ENT_CUSE,DE,,NaN,,NaN,,NaN
A,GE10,C13-C15,E_ITSP2,PC_ENT_CUSE,DK,,NaN,,NaN,,NaN
A,GE10,C13-C15,E_ITSP2,PC_ENT_CUSE,EA,,NaN,,NaN,,NaN
A,GE10,C13-C15,E_ITSP2,PC_ENT_CUSE,EE,,NaN,,NaN,,NaN
A,GE10,C13-C15,E_ITSP2,PC_ENT_CUSE,EL,,NaN,,NaN,,NaN
A,GE10,C13-C15,E_ITSP2,PC_ENT_CUSE,ES,,NaN,,NaN,,NaN
A,GE10,C13-C15,E_ITSP2,PC_ENT_CUSE,EU15,,NaN,,NaN,,NaN
A,GE10,C13-C15,E_ITSP2,PC_ENT_CUSE,EU27_2007,,NaN,,NaN,,NaN
A,GE10,C13-C15,E_ITSP2,PC_ENT_CUSE,EU27_2020,,NaN,,NaN,,NaN
A,GE10,C13-C15,E_ITSP2,PC_ENT_CUSE,EU28,,NaN,,NaN,,NaN
A,GE10,C13-C15,E_ITSP2,PC_ENT_CUSE,FI,,NaN,,NaN,,NaN
A,GE10,C13-C15,E_ITSP2,PC_ENT_CUSE,FR,,NaN,,NaN,,NaN
A,GE10,C13-C15,E_ITSP2,PC_ENT_CUSE,HR,,NaN,,NaN,,NaN
A,GE10,C13-C15,E_ITSP2,PC_ENT_CUSE,HU,,NaN,,NaN,,NaN
A,GE10,C13-C15,E_ITSP2,PC_ENT_CUSE,IE,,NaN,,NaN,,NaN
A,GE10,C13-C15,E_ITSP2,PC_ENT_CUSE,IS,,NaN,,NaN,,NaN
A,GE10,C13-C15,E_ITSP2,PC_ENT_CUSE,IT,,NaN,,NaN,,NaN
A,GE10,C13-C15,E_ITSP2,PC_ENT_CUSE,LT,,NaN,,NaN,,NaN
A,GE10,C13-C15,E_ITSP2,PC_ENT_CUSE,LU,,NaN,,NaN,,NaN
A,GE10,C13-C15,E_ITSP2,PC_ENT_CUSE,LV,,NaN,,NaN,,NaN
A,GE10,C13-C15,E_ITSP2,PC_ENT_CUSE,ME,,NaN,,NaN,,NaN
A,GE10,C13-C15,E_ITSP2,PC_ENT_CUSE,MK,,NaN,,NaN,,NaN
A,GE10,C13-C15,E_ITSP2,PC_ENT_CUSE,MT,,NaN,,NaN,,NaN
A,GE10,C13-C15,E_ITSP2,PC_ENT_CUSE,NL,,NaN,,NaN,,NaN
A,GE10,C13-C15,E_ITSP2,PC_ENT_CUSE,NO,,NaN,,NaN,,NaN
A,GE10,C13-C15,E_ITSP2,PC_ENT_CUSE,PL,,NaN,,NaN,,NaN
A,GE10,C13-C15,E_ITSP2,PC_ENT_CUSE,PT,,NaN,,NaN,,NaN
A,GE10,C13-C15,E_ITSP2,PC_ENT_CUSE,RO,,NaN,,NaN,,NaN
A,GE10,C13-C15,E_ITSP2,PC_ENT_CUSE,RS,,NaN,,NaN,,NaN
A,GE10,C13-C15,E_ITSP2,PC_ENT_CUSE,SE,,NaN,,NaN,,NaN
A,GE10,C13-C15,E_ITSP2,PC_ENT_CUSE,SI,,NaN,,NaN,,NaN
A,GE10,C13-C15,E_ITSP2,PC_ENT_CUSE,SK,,NaN,,NaN,,NaN
A,GE10,C13-C15,E_ITSP2,PC_ENT_CUSE,TR,,NaN,,NaN,,NaN
A,GE10,C13-C15,E_ITSP2,PC_ENT_CUSE,UK,,NaN,,NaN,,NaN
A,GE10,C16-C18,E_ITSP2,PC_ENT,AT,,u,18.89,NaN,24.75,NaN
A,GE10,C16-C18,E_ITSP2,PC_ENT,BA,4.68,NaN,,u,,u
A,GE10,C16-C18,E_ITSP2,PC_ENT,BE,15.94,NaN,,u,,u
A,GE10,C16-C18,E_ITSP2,PC_ENT,BG,13.15,NaN,13.98,NaN,10.33,NaN
A,GE10,C16-C18,E_ITSP2,PC_ENT,CY,12.28,NaN,14.93,NaN,6.96,NaN
A,GE10,C16-C18,E_ITSP2,PC_ENT,CZ,11.69,NaN,14.57,NaN,15.45,NaN
A,GE10,C16-C18,E_ITSP2,PC_ENT,DE,25.57,NaN,22.73,NaN,24.28,NaN
A,GE10,C16-C18,E_ITSP2,PC_ENT,DK,41.64,NaN,27.2,NaN,21.87,NaN
A,GE10,C16-C18,E_ITSP2,PC_ENT,EA,18.1,NaN,17.24,NaN,18.03,NaN
A,GE10,C16-C18,E_ITSP2,PC_ENT,EE,17.08,NaN,11.72,NaN,13.02,NaN
A,GE10,C16-C18,E_ITSP2,PC_ENT,EL,,u,20.51,NaN,17.6,NaN
A,GE10,C16-C18,E_ITSP2,PC_ENT,ES,,u,,u,12.03,NaN
A,GE10,C16-C18,E_ITSP2,PC_ENT,EU15,,NaN,,NaN,,NaN
A,GE10,C16-C18,E_ITSP2,PC_ENT,EU27_2007,,NaN,,NaN,,NaN
A,GE10,C16-C18,E_ITSP2,PC_ENT,EU27_2020,18.46,NaN,18.38,NaN,17.88,NaN
A,GE10,C16-C18,E_ITSP2,PC_ENT,EU28,,NaN,,NaN,,NaN
A,GE10,C16-C18,E_ITSP2,PC_ENT,FI,,u,,u,,u
A,GE10,C16-C18,E_ITSP2,PC_ENT,FR,21.67,NaN,15.57,b,18.67,NaN
A,GE10,C16-C18,E_ITSP2,PC_ENT,HR,15.87,NaN,10.38,NaN,14.49,NaN
A,GE10,C16-C18,E_ITSP2,PC_ENT,HU,23.94,NaN,30.51,NaN,23.4,NaN
A,GE10,C16-C18,E_ITSP2,PC_ENT,IE,30.55,NaN,40.2,NaN,28.29,NaN
A,GE10,C16-C18,E_ITSP2,PC_ENT,IS,11.54,NaN,,NaN,,NaN
A,GE10,C16-C18,E_ITSP2,PC_ENT,IT,9.45,NaN,9.83,NaN,12.3,NaN
A,GE10,C16-C18,E_ITSP2,PC_ENT,LT,9.74,NaN,14.99,NaN,8.73,NaN
A,GE10,C16-C18,E_ITSP2,PC_ENT,LU,,u,,u,,u
A,GE10,C16-C18,E_ITSP2,PC_ENT,LV,9.35,NaN,9.68,NaN,12.17,NaN
A,GE10,C16-C18,E_ITSP2,PC_ENT,ME,,u,36.86,NaN,,NaN
A,GE10,C16-C18,E_ITSP2,PC_ENT,MK,2.69,NaN,,u,,NaN
A,GE10,C16-C18,E_ITSP2,PC_ENT,MT,19.52,NaN,25.69,NaN,30.96,NaN
A,GE10,C16-C18,E_ITSP2,PC_ENT,NL,21.63,NaN,28.06,NaN,22.56,NaN
A,GE10,C16-C18,E_ITSP2,PC_ENT,NO,19.22,NaN,23.38,NaN,17.17,NaN
A,GE10,C16-C18,E_ITSP2,PC_ENT,PL,22.39,NaN,26.24,NaN,20.61,NaN
A,GE10,C16-C18,E_ITSP2,PC_ENT,PT,11.47,NaN,,u,23.83,NaN
A,GE10,C16-C18,E_ITSP2,PC_ENT,RO,13.42,NaN,11.03,NaN,7.71,NaN
A,GE10,C16-C18,E_ITSP2,PC_ENT,RS,12.61,NaN,3.56,NaN,15.63,NaN
A,GE10,C16-C18,E_ITSP2,PC_ENT,SE,26.6,NaN,28.41,NaN,23.1,b
A,GE10,C16-C18,E_ITSP2,PC_ENT,SI,19.34,NaN,24.65,NaN,11.94,NaN
A,GE10,C16-C18,E_ITSP2,PC_ENT,SK,9.78,NaN,9.17,NaN,8.86,NaN
A,GE10,C16-C18,E_ITSP2,PC_ENT,TR,10.56,NaN,17.84,NaN,16.23,NaN
A,GE10,C16-C18,E_ITSP2,PC_ENT,UK,,u,,NaN,,NaN
A,GE10,C16-C18,E_ITSP2,PC_ENT_CUSE,AT,,NaN,,NaN,,NaN
A,GE10,C16-C18,E_ITSP2,PC_ENT_CUSE,BA,,NaN,,NaN,,NaN
A,GE10,C16-C18,E_ITSP2,PC_ENT_CUSE,BE,,NaN,,NaN,,NaN
A,GE10,C16-C18,E_ITSP2,PC_ENT_CUSE,BG,,NaN,,NaN,,NaN
A,GE10,C16-C18,E_ITSP2,PC_ENT_CUSE,CY,,NaN,,NaN,,NaN
A,GE10,C16-C18,E_ITSP2,PC_ENT_CUSE,CZ,,NaN,,NaN,,NaN
A,GE10,C16-C18,E_ITSP2,PC_ENT_CUSE,DE,,NaN,,NaN,,NaN
A,GE10,C16-C18,E_ITSP2,PC_ENT_CUSE,DK,,NaN,,NaN,,NaN
A,GE10,C16-C18,E_ITSP2,PC_ENT_CUSE,EA,,NaN,,NaN,,NaN
A,GE10,C16-C18,E_ITSP2,PC_ENT_CUSE,EE,,NaN,,NaN,,NaN
A,GE10,C16-C18,E_ITSP2,PC_ENT_CUSE,EL,,NaN,,NaN,,NaN
A,GE10,C16-C18,E_ITSP2,PC_ENT_CUSE,ES,,NaN,,NaN,,NaN
A,GE10,C16-C18,E_ITSP2,PC_ENT_CUSE,EU15,,NaN,,NaN,,NaN
A,GE10,C16-C18,E_ITSP2,PC_ENT_CUSE,EU27_2007,,NaN,,NaN,,NaN
A,GE10,C16-C18,E_ITSP2,PC_ENT_CUSE,EU27_2020,,NaN,,NaN,,NaN
A,GE10,C16-C18,E_ITSP2,PC_ENT_CUSE,EU28,,NaN,,NaN,,NaN
A,GE10,C16-C18,E_ITSP2,PC_ENT_CUSE,FI,,NaN,,NaN,,NaN
A,GE10,C16-C18,E_ITSP2,PC_ENT_CUSE,FR,,NaN,,NaN,,NaN
A,GE10,C16-C18,E_ITSP2,PC_ENT_CUSE,HR,,NaN,,NaN,,NaN
A,GE10,C16-C18,E_ITSP2,PC_ENT_CUSE,HU,,NaN,,NaN,,NaN
A,GE10,C16-C18,E_ITSP2,PC_ENT_CUSE,IE,,NaN,,NaN,,NaN
A,GE10,C16-C18,E_ITSP2,PC_ENT_CUSE,IS,,NaN,,NaN,,NaN
A,GE10,C16-C18,E_ITSP2,PC_ENT_CUSE,IT,,NaN,,NaN,,NaN
A,GE10,C16-C18,E_ITSP2,PC_ENT_CUSE,LT,,NaN,,NaN,,NaN
A,GE10,C16-C18,E_ITSP2,PC_ENT_CUSE,LU,,NaN,,NaN,,NaN
A,GE10,C16-C18,E_ITSP2,PC_ENT_CUSE,LV,,NaN,,NaN,,NaN
A,GE10,C16-C18,E_ITSP2,PC_ENT_CUSE,ME,,NaN,,NaN,,NaN
A,GE10,C16-C18,E_ITSP2,PC_ENT_CUSE,MK,,NaN,,NaN,,NaN
A,GE10,C16-C18,E_ITSP2,PC_ENT_CUSE,MT,,NaN,,NaN,,NaN
A,GE10,C16-C18,E_ITSP2,PC_ENT_CUSE,NL,,NaN,,NaN,,NaN
A,GE10,C16-C18,E_ITSP2,PC_ENT_CUSE,NO,,NaN,,NaN,,NaN
A,GE10,C16-C18,E_ITSP2,PC_ENT_CUSE,PL,,NaN,,NaN,,NaN
A,GE10,C16-C18,E_ITSP2,PC_ENT_CUSE,PT,,NaN,,NaN,,NaN
A,GE10,C16-C18,E_ITSP2,PC_ENT_CUSE,RO,,NaN,,NaN,,NaN
A,GE10,C16-C18,E_ITSP2,PC_ENT_CUSE,RS,,NaN,,NaN,,NaN
A,GE10,C16-C18,E_ITSP2,PC_ENT_CUSE,SE,,NaN,,NaN,,NaN
A,GE10,C16-C18,E_ITSP2,PC_ENT_CUSE,SI,,NaN,,NaN,,NaN
A,GE10,C16-C18,E_ITSP2,PC_ENT_CUSE,SK,,NaN,,NaN,,NaN
A,GE10,C16-C18,E_ITSP2,PC_ENT_CUSE,TR,,NaN,,NaN,,NaN
A,GE10,C16-C18,E_ITSP2,PC_ENT_CUSE,UK,,NaN,,NaN,,NaN
A,GE10,C19,E_ITSP2,PC_ENT,AT,,NaN,,u,,u
A,GE10,C19,E_ITSP2,PC_ENT,BA,,NaN,0.0,NaN,,NaN
A,GE10,C19,E_ITSP2,PC_ENT,BE,,NaN,85.71,NaN,100.0,NaN
A,GE10,C19,E_ITSP2,PC_ENT,BG,,NaN,,u,,u
A,GE10,C19,E_ITSP2,PC_ENT,CY,,NaN,,NaN,,NaN
A,GE10,C19,E_ITSP2,PC_ENT,CZ,,NaN,,u,,u
A,GE10,C19,E_ITSP2,PC_ENT,DE,,NaN,42.37,NaN,71.93,NaN
A,GE10,C19,E_ITSP2,PC_ENT,DK,,NaN,100.0,NaN,100.0,NaN
A,GE10,C19,E_ITSP2,PC_ENT,EA,,NaN,33.22,NaN,41.68,NaN
A,GE10,C19,E_ITSP2,PC_ENT,EE,,NaN,,NaN,66.67,NaN
A,GE10,C19,E_ITSP2,PC_ENT,EL,,NaN,28.57,NaN,57.14,NaN
A,GE10,C19,E_ITSP2,PC_ENT,ES,,NaN,,u,80.0,NaN
A,GE10,C19,E_ITSP2,PC_ENT,EU27_2020,,NaN,37.99,NaN,46.21,NaN
A,GE10,C19,E_ITSP2,PC_ENT,FI,,NaN,,u,,u
A,GE10,C19,E_ITSP2,PC_ENT,FR,,NaN,,NaN,,NaN
A,GE10,C19,E_ITSP2,PC_ENT,HR,,NaN,,NaN,,NaN
A,GE10,C19,E_ITSP2,PC_ENT,HU,,NaN,,NaN,50.0,NaN
A,GE10,C19,E_ITSP2,PC_ENT,IE,,NaN,,NaN,0.0,NaN
A,GE10,C19,E_ITSP2,PC_ENT,IT,,NaN,,u,,u
A,GE10,C19,E_ITSP2,PC_ENT,LT,,NaN,,u,,NaN
A,GE10,C19,E_ITSP2,PC_ENT,NL,,NaN,92.86,NaN,85.71,NaN
A,GE10,C19,E_ITSP2,PC_ENT,NO,,NaN,,NaN,,NaN
A,GE10,C19,E_ITSP2,PC_ENT,PL,,NaN,,u,,u
A,GE10,C19,E_ITSP2,PC_ENT,PT,,NaN,,u,25.0,NaN
A,GE10,C19,E_ITSP2,PC_ENT,RO,,NaN,28.57,NaN,41.67,NaN
A,GE10,C19,E_ITSP2,PC_ENT,RS,,NaN,50.0,NaN,50.0,NaN
A,GE10,C19,E_ITSP2,PC_ENT,SE,,NaN,,u,87.5,b
A,GE10,C19,E_ITSP2,PC_ENT,SK,,NaN,33.33,NaN,100.0,NaN
A,GE10,C19,E_ITSP2,PC_ENT,TR,,NaN,32.39,NaN,28.57,NaN
A,GE10,C19-C23,E_ITSP2,PC_ENT,AT,,u,,u,39.61,NaN
A,GE10,C19-C23,E_ITSP2,PC_ENT,BA,9.87,NaN,9.83,NaN,10.92,NaN
A,GE10,C19-C23,E_ITSP2,PC_ENT,BE,,u,,u,37.9,NaN
A,GE10,C19-C23,E_ITSP2,PC_ENT,BG,15.02,NaN,16.75,NaN,19.37,NaN
A,GE10,C19-C23,E_ITSP2,PC_ENT,CY,20.08,NaN,23.25,NaN,15.79,NaN
A,GE10,C19-C23,E_ITSP2,PC_ENT,CZ,22.14,NaN,21.08,NaN,22.72,NaN
A,GE10,C19-C23,E_ITSP2,PC_ENT,DE,32.54,NaN,31.89,NaN,34.86,NaN
A,GE10,C19-C23,E_ITSP2,PC_ENT,DK,39.29,NaN,41.82,NaN,35.31,NaN
A,GE10,C19-C23,E_ITSP2,PC_ENT,EA,25.97,NaN,27.36,NaN,26.74,NaN
A,GE10,C19-C23,E_ITSP2,PC_ENT,EE,18.75,NaN,17.84,NaN,19.75,NaN
A,GE10,C19-C23,E_ITSP2,PC_ENT,EL,,u,22.64,NaN,18.34,NaN
A,GE10,C19-C23,E_ITSP2,PC_ENT,ES,23.97,NaN,22.02,NaN,19.5,NaN
A,GE10,C19-C23,E_ITSP2,PC_ENT,EU15,,NaN,,NaN,,NaN
A,GE10,C19-C23,E_ITSP2,PC_ENT,EU27_2007,,NaN,,NaN,,NaN
A,GE10,C19-C23,E_ITSP2,PC_ENT,EU27_2020,26.24,NaN,27.48,NaN,26.73,NaN
A,GE10,C19-C23,E_ITSP2,PC_ENT,EU28,,NaN,,NaN,,NaN
A,GE10,C19-C23,E_ITSP2,PC_ENT,FI,29.91,NaN,39.06,NaN,34.74,NaN
A,GE10,C19-C23,E_ITSP2,PC_ENT,FR,25.43,NaN,32.83,b,33.4,NaN
A,GE10,C19-C23,E_ITSP2,PC_ENT,HR,16.45,NaN,13.09,NaN,13.11,NaN
A,GE10,C19-C23,E_ITSP2,PC_ENT,HU,37.63,NaN,40.67,NaN,33.26,NaN
A,GE10,C19-C23,E_ITSP2,PC_ENT,IE,41.71,NaN,34.26,NaN,43.54,NaN
A,GE10,C19-C23,E_ITSP2,PC_ENT,IS,24.32,NaN,,NaN,,NaN
A,GE10,C19-C23,E_ITSP2,PC_ENT,IT,17.1,NaN,18.05,NaN,17.45,NaN
A,GE10,C19-C23,E_ITSP2,PC_ENT,LT,14.58,NaN,18.55,NaN,19.88,NaN
A,GE10,C19-C23,E_ITSP2,PC_ENT,LU,60.98,NaN,50.67,NaN,45.65,NaN
A,GE10,C19-C23,E_ITSP2,PC_ENT,LV,22.23,NaN,21.84,NaN,25.24,NaN
A,GE10,C19-C23,E_ITSP2,PC_ENT,ME,,u,,NaN,56.82,NaN
A,GE10,C19-C23,E_ITSP2,PC_ENT,MK,3.97,NaN,3.81,NaN,,NaN
A,GE10,C19-C23,E_ITSP2,PC_ENT,MT,17.77,NaN,20.38,NaN,19.2,NaN
A,GE10,C19-C23,E_ITSP2,PC_ENT,NL,31.91,NaN,39.8,NaN,38.47,NaN
A,GE10,C19-C23,E_ITSP2,PC_ENT,NO,20.04,NaN,21.9,NaN,24.28,NaN
A,GE10,C19-C23,E_ITSP2,PC_ENT,PL,31.38,NaN,34.43,NaN,30.89,NaN
A,GE10,C19-C23,E_ITSP2,PC_ENT,PT,19.26,NaN,31.34,NaN,25.52,NaN
A,GE10,C19-C23,E_ITSP2,PC_ENT,RO,15.29,NaN,11.53,NaN,14.1,NaN
A,GE10,C19-C23,E_ITSP2,PC_ENT,RS,19.56,NaN,19.97,NaN,22.55,NaN
A,GE10,C19-C23,E_ITSP2,PC_ENT,SE,34.04,NaN,30.38,NaN,30.07,b
A,GE10,C19-C23,E_ITSP2,PC_ENT,SI,19.64,NaN,28.5,NaN,22.4,NaN
A,GE10,C19-C23,E_ITSP2,PC_ENT,SK,19.41,NaN,18.2,NaN,21.02,NaN
A,GE10,C19-C23,E_ITSP2,PC_ENT,TR,16.27,NaN,17.53,NaN,17.56,NaN
A,GE10,C19-C23,E_ITSP2,PC_ENT,UK,37.26,NaN,,NaN,,NaN
A,GE10,C19-C23,E_ITSP2,PC_ENT_CUSE,AT,,NaN,,NaN,,NaN
A,GE10,C19-C23,E_ITSP2,PC_ENT_CUSE,BA,,NaN,,NaN,,NaN
A,GE10,C19-C23,E_ITSP2,PC_ENT_CUSE,BE,,NaN,,NaN,,NaN
A,GE10,C19-C23,E_ITSP2,PC_ENT_CUSE,BG,,NaN,,NaN,,NaN
A,GE10,C19-C23,E_ITSP2,PC_ENT_CUSE,CY,,NaN,,NaN,,NaN
A,GE10,C19-C23,E_ITSP2,PC_ENT_CUSE,CZ,,NaN,,NaN,,NaN
A,GE10,C19-C23,E_ITSP2,PC_ENT_CUSE,DE,,NaN,,NaN,,NaN
A,GE10,C19-C23,E_ITSP2,PC_ENT_CUSE,DK,,NaN,,NaN,,NaN
A,GE10,C19-C23,E_ITSP2,PC_ENT_CUSE,EA,,NaN,,NaN,,NaN
A,GE10,C19-C23,E_ITSP2,PC_ENT_CUSE,EE,,NaN,,NaN,,NaN
A,GE10,C19-C23,E_ITSP2,PC_ENT_CUSE,EL,,NaN,,NaN,,NaN
A,GE10,C19-C23,E_ITSP2,PC_ENT_CUSE,ES,,NaN,,NaN,,NaN
A,GE10,C19-C23,E_ITSP2,PC_ENT_CUSE,EU15,,NaN,,NaN,,NaN
A,GE10,C19-C23,E_ITSP2,PC_ENT_CUSE,EU27_2007,,NaN,,NaN,,NaN
A,GE10,C19-C23,E_ITSP2,PC_ENT_CUSE,EU27_2020,,NaN,,NaN,,NaN
A,GE10,C19-C23,E_ITSP2,PC_ENT_CUSE,EU28,,NaN,,NaN,,NaN
A,GE10,C19-C23,E_ITSP2,PC_ENT_CUSE,FI,,NaN,,NaN,,NaN
A,GE10,C19-C23,E_ITSP2,PC_ENT_CUSE,FR,,NaN,,NaN,,NaN
A,GE10,C19-C23,E_ITSP2,PC_ENT_CUSE,HR,,NaN,,NaN,,NaN
A,GE10,C19-C23,E_ITSP2,PC_ENT_CUSE,HU,,NaN,,NaN,,NaN
A,GE10,C19-C23,E_ITSP2,PC_ENT_CUSE,IE,,NaN,,NaN,,NaN
A,GE10,C19-C23,E_ITSP2,PC_ENT_CUSE,IS,,NaN,,NaN,,NaN
A,GE10,C19-C23,E_ITSP2,PC_ENT_CUSE,IT,,NaN,,NaN,,NaN
A,GE10,C19-C23,E_ITSP2,PC_ENT_CUSE,LT,,NaN,,NaN,,NaN
A,GE10,C19-C23,E_ITSP2,PC_ENT_CUSE,LU,,NaN,,NaN,,NaN
A,GE10,C19-C23,E_ITSP2,PC_ENT_CUSE,LV,,NaN,,NaN,,NaN
A,GE10,C19-C23,E_ITSP2,PC_ENT_CUSE,ME,,NaN,,NaN,,NaN
A,GE10,C19-C23,E_ITSP2,PC_ENT_CUSE,MK,,NaN,,NaN,,NaN
A,GE10,C19-C23,E_ITSP2,PC_ENT_CUSE,MT,,NaN,,NaN,,NaN
A,GE10,C19-C23,E_ITSP2,PC_ENT_CUSE,NL,,NaN,,NaN,,NaN
A,GE10,C19-C23,E_ITSP2,PC_ENT_CUSE,NO,,NaN,,NaN,,NaN
A,GE10,C19-C23,E_ITSP2,PC_ENT_CUSE,PL,,NaN,,NaN,,NaN
A,GE10,C19-C23,E_ITSP2,PC_ENT_CUSE,PT,,NaN,,NaN,,NaN
A,GE10,C19-C23,E_ITSP2,PC_ENT_CUSE,RO,,NaN,,NaN,,NaN
A,GE10,C19-C23,E_ITSP2,PC_ENT_CUSE,RS,,NaN,,NaN,,NaN
A,GE10,C19-C23,E_ITSP2,PC_ENT_CUSE,SE,,NaN,,NaN,,NaN
A,GE10,C19-C23,E_ITSP2,PC_ENT_CUSE,SI,,NaN,,NaN,,NaN
A,GE10,C19-C23,E_ITSP2,PC_ENT_CUSE,SK,,NaN,,NaN,,NaN
A,GE10,C19-C23,E_ITSP2,PC_ENT_CUSE,TR,,NaN,,NaN,,NaN
A,GE10,C19-C23,E_ITSP2,PC_ENT_CUSE,UK,,NaN,,NaN,,NaN
A,GE10,C20,E_ITSP2,PC_ENT,AT,,NaN,,u,42.87,NaN
A,GE10,C20,E_ITSP2,PC_ENT,BA,,NaN,10.53,NaN,15.55,NaN
A,GE10,C20,E_ITSP2,PC_ENT,BE,,NaN,,u,54.98,NaN
A,GE10,C20,E_ITSP2,PC_ENT,BG,,NaN,22.18,NaN,32.59,NaN
A,GE10,C20,E_ITSP2,PC_ENT,CY,,NaN,47.62,NaN,12.88,NaN
A,GE10,C20,E_ITSP2,PC_ENT,CZ,,NaN,31.96,NaN,28.39,NaN
A,GE10,C20,E_ITSP2,PC_ENT,DE,,NaN,43.74,NaN,45.76,NaN
A,GE10,C20,E_ITSP2,PC_ENT,DK,,NaN,48.65,NaN,42.95,NaN
A,GE10,C20,E_ITSP2,PC_ENT,EA,,NaN,36.84,NaN,36.58,NaN
A,GE10,C20,E_ITSP2,PC_ENT,EE,,NaN,20.16,NaN,20.97,NaN
A,GE10,C20,E_ITSP2,PC_ENT,EL,,NaN,28.53,NaN,21.41,NaN
A,GE10,C20,E_ITSP2,PC_ENT,ES,,NaN,,u,25.81,NaN
A,GE10,C20,E_ITSP2,PC_ENT,EU27_2020,,NaN,36.72,NaN,36.31,NaN
A,GE10,C20,E_ITSP2,PC_ENT,FI,,NaN,,u,,u
A,GE10,C20,E_ITSP2,PC_ENT,FR,,NaN,43.5,b,47.79,NaN
A,GE10,C20,E_ITSP2,PC_ENT,HR,,NaN,33.84,NaN,32.88,NaN
A,GE10,C20,E_ITSP2,PC_ENT,HU,,NaN,42.17,NaN,44.44,NaN
A,GE10,C20,E_ITSP2,PC_ENT,IE,,NaN,37.65,NaN,45.49,NaN
A,GE10,C20,E_ITSP2,PC_ENT,IT,,NaN,,u,,u
A,GE10,C20,E_ITSP2,PC_ENT,LT,,NaN,,u,,u
A,GE10,C20,E_ITSP2,PC_ENT,LU,,NaN,,u,,u
A,GE10,C20,E_ITSP2,PC_ENT,LV,,NaN,16.67,NaN,21.28,NaN
A,GE10,C20,E_ITSP2,PC_ENT,ME,,NaN,,NaN,,NaN
A,GE10,C20,E_ITSP2,PC_ENT,MK,,NaN,,u,,NaN
A,GE10,C20,E_ITSP2,PC_ENT,MT,,NaN,,u,,u
A,GE10,C20,E_ITSP2,PC_ENT,NL,,NaN,47.57,NaN,51.91,NaN
A,GE10,C20,E_ITSP2,PC_ENT,NO,,NaN,54.96,NaN,50.78,NaN
A,GE10,C20,E_ITSP2,PC_ENT,PL,,NaN,44.34,NaN,40.22,NaN
A,GE10,C20,E_ITSP2,PC_ENT,PT,,NaN,,u,28.91,NaN
A,GE10,C20,E_ITSP2,PC_ENT,RO,,NaN,14.54,NaN,14.57,NaN
A,GE10,C20,E_ITSP2,PC_ENT,RS,,NaN,15.51,NaN,15.39,NaN
A,GE10,C20,E_ITSP2,PC_ENT,SE,,NaN,32.51,NaN,38.55,b
A,GE10,C20,E_ITSP2,PC_ENT,SI,,NaN,81.79,NaN,,NaN
A,GE10,C20,E_ITSP2,PC_ENT,SK,,NaN,24.21,NaN,35.3,NaN
A,GE10,C20,E_ITSP2,PC_ENT,TR,,NaN,25.73,NaN,28.78,NaN
A,GE10,C21,E_ITSP2,PC_ENT,AT,,NaN,,u,,u
A,GE10,C21,E_ITSP2,PC_ENT,BA,,NaN,,NaN,,NaN
A,GE10,C21,E_ITSP2,PC_ENT,BE,,NaN,82.9,NaN,57.8,NaN
A,GE10,C21,E_ITSP2,PC_ENT,BG,,NaN,34.56,NaN,50.34,NaN
A,GE10,C21,E_ITSP2,PC_ENT,CY,,NaN,54.88,NaN,68.24,NaN
A,GE10,C21,E_ITSP2,PC_ENT,CZ,,NaN,36.29,NaN,43.2,NaN
A,GE10,C21,E_ITSP2,PC_ENT,DE,,NaN,54.75,NaN,65.25,NaN
A,GE10,C21,E_ITSP2,PC_ENT,DK,,NaN,60.99,NaN,58.52,NaN
A,GE10,C21,E_ITSP2,PC_ENT,EA,,NaN,60.18,NaN,61.82,NaN
A,GE10,C21,E_ITSP2,PC_ENT,EE,,NaN,50.0,NaN,66.67,NaN
A,GE10,C21,E_ITSP2,PC_ENT,EL,,NaN,68.52,NaN,77.12,NaN
A,GE10,C21,E_ITSP2,PC_ENT,ES,,NaN,,u,69.48,NaN
A,GE10,C21,E_ITSP2,PC_ENT,EU27_2020,,NaN,59.33,NaN,58.34,NaN
A,GE10,C21,E_ITSP2,PC_ENT,FI,,NaN,,u,,u
A,GE10,C21,E_ITSP2,PC_ENT,FR,,NaN,,NaN,,NaN
A,GE10,C21,E_ITSP2,PC_ENT,HR,,NaN,100.0,NaN,100.0,NaN
A,GE10,C21,E_ITSP2,PC_ENT,HU,,NaN,71.11,NaN,65.38,NaN
A,GE10,C21,E_ITSP2,PC_ENT,IE,,NaN,67.73,NaN,69.27,NaN
A,GE10,C21,E_ITSP2,PC_ENT,IT,,NaN,,u,,u
A,GE10,C21,E_ITSP2,PC_ENT,LT,,NaN,,u,,u
A,GE10,C21,E_ITSP2,PC_ENT,LV,,NaN,46.67,NaN,41.67,NaN
A,GE10,C21,E_ITSP2,PC_ENT,ME,,NaN,0.0,NaN,,NaN
A,GE10,C21,E_ITSP2,PC_ENT,MK,,NaN,100.0,NaN,,NaN
A,GE10,C21,E_ITSP2,PC_ENT,MT,,NaN,,u,,u
A,GE10,C21,E_ITSP2,PC_ENT,NL,,NaN,58.69,NaN,52.62,NaN
A,GE10,C21,E_ITSP2,PC_ENT,NO,,NaN,58.33,NaN,61.54,NaN
A,GE10,C21,E_ITSP2,PC_ENT,PL,,NaN,,u,,u
A,GE10,C21,E_ITSP2,PC_ENT,PT,,NaN,,u,56.85,NaN
A,GE10,C21,E_ITSP2,PC_ENT,RO,,NaN,33.39,NaN,32.64,NaN
A,GE10,C21,E_ITSP2,PC_ENT,RS,,NaN,38.46,NaN,51.47,NaN
A,GE10,C21,E_ITSP2,PC_ENT,SE,,NaN,58.77,NaN,56.55,b
A,GE10,C21,E_ITSP2,PC_ENT,SI,,NaN,100.0,NaN,,NaN
A,GE10,C21,E_ITSP2,PC_ENT,SK,,NaN,38.89,NaN,39.47,NaN
A,GE10,C21,E_ITSP2,PC_ENT,TR,,NaN,50.0,NaN,45.01,NaN
A,GE10,C22_C23,E_ITSP2,PC_ENT,AT,,NaN,,u,36.35,NaN
A,GE10,C22_C23,E_ITSP2,PC_ENT,BA,,NaN,,u,,u
A,GE10,C22_C23,E_ITSP2,PC_ENT,BE,,NaN,,u,26.5,NaN
A,GE10,C22_C23,E_ITSP2,PC_ENT,BG,,NaN,14.24,NaN,14.31,NaN
A,GE10,C22_C23,E_ITSP2,PC_ENT,CY,,NaN,15.5,NaN,11.87,NaN
A,GE10,C22_C23,E_ITSP2,PC_ENT,CZ,,NaN,18.26,NaN,20.66,NaN
A,GE10,C22_C23,E_ITSP2,PC_ENT,DE,,NaN,27.22,NaN,29.62,NaN
A,GE10,C22_C23,E_ITSP2,PC_ENT,DK,,NaN,35.8,NaN,29.21,NaN
A,GE10,C22_C23,E_ITSP2,PC_ENT,EA,,NaN,22.48,NaN,21.42,NaN
A,GE10,C22_C23,E_ITSP2,PC_ENT,EE,,NaN,15.41,NaN,16.26,NaN
A,GE10,C22_C23,E_ITSP2,PC_ENT,EL,,NaN,15.07,NaN,11.0,NaN
A,GE10,C22_C23,E_ITSP2,PC_ENT,ES,,NaN,,u,13.53,NaN
A,GE10,C22_C23,E_ITSP2,PC_ENT,EU27_2020,,NaN,23.05,NaN,21.97,NaN
A,GE10,C22_C23,E_ITSP2,PC_ENT,FI,,NaN,,u,,u
A,GE10,C22_C23,E_ITSP2,PC_ENT,FR,,NaN,26.42,b,24.98,NaN
A,GE10,C22_C23,E_ITSP2,PC_ENT,HR,,NaN,9.11,NaN,8.14,NaN
A,GE10,C22_C23,E_ITSP2,PC_ENT,HU,,NaN,38.84,NaN,29.16,NaN
A,GE10,C22_C23,E_ITSP2,PC_ENT,IE,,NaN,25.86,NaN,37.8,NaN
A,GE10,C22_C23,E_ITSP2,PC_ENT,IT,,NaN,,u,,u
A,GE10,C22_C23,E_ITSP2,PC_ENT,LT,,NaN,,u,18.47,NaN
A,GE10,C22_C23,E_ITSP2,PC_ENT,LU,,NaN,,u,,u
A,GE10,C22_C23,E_ITSP2,PC_ENT,LV,,NaN,20.9,NaN,25.15,NaN
A,GE10,C22_C23,E_ITSP2,PC_ENT,ME,,NaN,,NaN,58.82,NaN
A,GE10,C22_C23,E_ITSP2,PC_ENT,MK,,NaN,,u,,NaN
A,GE10,C22_C23,E_ITSP2,PC_ENT,MT,,NaN,16.22,NaN,14.05,NaN
A,GE10,C22_C23,E_ITSP2,PC_ENT,NL,,NaN,33.15,NaN,29.57,NaN
A,GE10,C22_C23,E_ITSP2,PC_ENT,NO,,NaN,12.06,NaN,15.52,NaN
A,GE10,C22_C23,E_ITSP2,PC_ENT,PL,,NaN,30.92,NaN,28.04,NaN
A,GE10,C22_C23,E_ITSP2,PC_ENT,PT,,NaN,29.62,NaN,23.29,NaN
A,GE10,C22_C23,E_ITSP2,PC_ENT,RO,,NaN,9.64,NaN,12.83,NaN
A,GE10,C22_C23,E_ITSP2,PC_ENT,RS,,NaN,20.71,NaN,23.41,NaN
A,GE10,C22_C23,E_ITSP2,PC_ENT,SE,,NaN,26.33,NaN,23.03,b
A,GE10,C22_C23,E_ITSP2,PC_ENT,SI,,NaN,22.1,NaN,21.9,NaN
A,GE10,C22_C23,E_ITSP2,PC_ENT,SK,,NaN,16.37,NaN,17.48,NaN
A,GE10,C22_C23,E_ITSP2,PC_ENT,TR,,NaN,14.64,NaN,14.07,NaN
A,GE10,C24_C25,E_ITSP2,PC_ENT,AT,24.55,NaN,26.82,NaN,31.86,NaN
A,GE10,C24_C25,E_ITSP2,PC_ENT,BA,17.59,NaN,14.67,NaN,24.83,NaN
A,GE10,C24_C25,E_ITSP2,PC_ENT,BE,,u,,u,,u
A,GE10,C24_C25,E_ITSP2,PC_ENT,BG,16.39,NaN,15.79,NaN,16.31,NaN
A,GE10,C24_C25,E_ITSP2,PC_ENT,CY,9.96,NaN,13.14,NaN,6.8,NaN
A,GE10,C24_C25,E_ITSP2,PC_ENT,CZ,16.19,NaN,18.5,NaN,17.17,NaN
A,GE10,C24_C25,E_ITSP2,PC_ENT,DE,19.61,NaN,19.96,NaN,21.26,NaN
A,GE10,C24_C25,E_ITSP2,PC_ENT,DK,13.56,NaN,13.98,NaN,11.62,NaN
A,GE10,C24_C25,E_ITSP2,PC_ENT,EA,15.92,NaN,16.46,NaN,15.47,NaN
A,GE10,C24_C25,E_ITSP2,PC_ENT,EE,8.94,NaN,6.33,NaN,12.81,NaN
A,GE10,C24_C25,E_ITSP2,PC_ENT,EL,15.82,NaN,19.78,NaN,16.55,NaN
A,GE10,C24_C25,E_ITSP2,PC_ENT,ES,13.97,NaN,11.98,NaN,10.24,NaN
A,GE10,C24_C25,E_ITSP2,PC_ENT,EU15,,NaN,,NaN,,NaN
A,GE10,C24_C25,E_ITSP2,PC_ENT,EU27_2007,,NaN,,NaN,,NaN
A,GE10,C24_C25,E_ITSP2,PC_ENT,EU27_2020,17.0,NaN,17.99,NaN,16.45,NaN
A,GE10,C24_C25,E_ITSP2,PC_ENT,EU28,,NaN,,NaN,,NaN
A,GE10,C24_C25,E_ITSP2,PC_ENT,FI,31.95,NaN,26.29,NaN,22.4,NaN
A,GE10,C24_C25,E_ITSP2,PC_ENT,FR,13.52,NaN,19.54,b,13.49,NaN
A,GE10,C24_C25,E_ITSP2,PC_ENT,HR,15.3,NaN,10.98,NaN,11.05,NaN
A,GE10,C24_C25,E_ITSP2,PC_ENT,HU,28.88,NaN,34.21,NaN,28.72,NaN
A,GE10,C24_C25,E_ITSP2,PC_ENT,IE,35.38,NaN,32.37,NaN,21.95,NaN
A,GE10,C24_C25,E_ITSP2,PC_ENT,IS,7.84,NaN,,NaN,,NaN
A,GE10,C24_C25,E_ITSP2,PC_ENT,IT,9.77,NaN,10.6,NaN,9.94,NaN
A,GE10,C24_C25,E_ITSP2,PC_ENT,LT,10.57,NaN,10.36,NaN,11.63,NaN
A,GE10,C24_C25,E_ITSP2,PC_ENT,LU,12.49,NaN,16.54,NaN,14.38,NaN
A,GE10,C24_C25,E_ITSP2,PC_ENT,LV,23.59,NaN,18.32,NaN,13.45,NaN
A,GE10,C24_C25,E_ITSP2,PC_ENT,ME,,u,,NaN,,NaN
A,GE10,C24_C25,E_ITSP2,PC_ENT,MK,,NaN,,u,,NaN
A,GE10,C24_C25,E_ITSP2,PC_ENT,MT,32.79,NaN,36.75,NaN,31.47,NaN
A,GE10,C24_C25,E_ITSP2,PC_ENT,NL,18.78,NaN,21.72,NaN,26.26,NaN
A,GE10,C24_C25,E_ITSP2,PC_ENT,NO,18.18,NaN,17.45,NaN,13.03,NaN
A,GE10,C24_C25,E_ITSP2,PC_ENT,PL,26.04,NaN,32.3,NaN,23.3,NaN
A,GE10,C24_C25,E_ITSP2,PC_ENT,PT,19.94,NaN,21.0,NaN,17.55,NaN
A,GE10,C24_C25,E_ITSP2,PC_ENT,RO,17.48,NaN,9.97,NaN,9.58,NaN
A,GE10,C24_C25,E_ITSP2,PC_ENT,RS,16.9,NaN,16.78,NaN,9.98,NaN
A,GE10,C24_C25,E_ITSP2,PC_ENT,SE,10.37,NaN,10.24,NaN,17.09,b
A,GE10,C24_C25,E_ITSP2,PC_ENT,SI,10.33,NaN,13.51,NaN,7.18,NaN
A,GE10,C24_C25,E_ITSP2,PC_ENT,SK,11.05,NaN,14.81,NaN,7.74,NaN
A,GE10,C24_C25,E_ITSP2,PC_ENT,TR,10.6,NaN,17.45,NaN,15.41,NaN
A,GE10,C24_C25,E_ITSP2,PC_ENT,UK,,u,,NaN,,NaN
A,GE10,C24_C25,E_ITSP2,PC_ENT_CUSE,AT,,NaN,,NaN,,NaN
A,GE10,C24_C25,E_ITSP2,PC_ENT_CUSE,BA,,NaN,,NaN,,NaN
A,GE10,C24_C25,E_ITSP2,PC_ENT_CUSE,BE,,NaN,,NaN,,NaN
A,GE10,C24_C25,E_ITSP2,PC_ENT_CUSE,BG,,NaN,,NaN,,NaN
A,GE10,C24_C25,E_ITSP2,PC_ENT_CUSE,CY,,NaN,,NaN,,NaN
A,GE10,C24_C25,E_ITSP2,PC_ENT_CUSE,CZ,,NaN,,NaN,,NaN
A,GE10,C24_C25,E_ITSP2,PC_ENT_CUSE,DE,,NaN,,NaN,,NaN
A,GE10,C24_C25,E_ITSP2,PC_ENT_CUSE,DK,,NaN,,NaN,,NaN
A,GE10,C24_C25,E_ITSP2,PC_ENT_CUSE,EA,,NaN,,NaN,,NaN
A,GE10,C24_C25,E_ITSP2,PC_ENT_CUSE,EE,,NaN,,NaN,,NaN
A,GE10,C24_C25,E_ITSP2,PC_ENT_CUSE,EL,,NaN,,NaN,,NaN
A,GE10,C24_C25,E_ITSP2,PC_ENT_CUSE,ES,,NaN,,NaN,,NaN
A,GE10,C24_C25,E_ITSP2,PC_ENT_CUSE,EU15,,NaN,,NaN,,NaN
A,GE10,C24_C25,E_ITSP2,PC_ENT_CUSE,EU27_2007,,NaN,,NaN,,NaN
A,GE10,C24_C25,E_ITSP2,PC_ENT_CUSE,EU27_2020,,NaN,,NaN,,NaN
A,GE10,C24_C25,E_ITSP2,PC_ENT_CUSE,EU28,,NaN,,NaN,,NaN
A,GE10,C24_C25,E_ITSP2,PC_ENT_CUSE,FI,,NaN,,NaN,,NaN
A,GE10,C24_C25,E_ITSP2,PC_ENT_CUSE,FR,,NaN,,NaN,,NaN
A,GE10,C24_C25,E_ITSP2,PC_ENT_CUSE,HR,,NaN,,NaN,,NaN
A,GE10,C24_C25,E_ITSP2,PC_ENT_CUSE,HU,,NaN,,NaN,,NaN
A,GE10,C24_C25,E_ITSP2,PC_ENT_CUSE,IE,,NaN,,NaN,,NaN
A,GE10,C24_C25,E_ITSP2,PC_ENT_CUSE,IS,,NaN,,NaN,,NaN
A,GE10,C24_C25,E_ITSP2,PC_ENT_CUSE,IT,,NaN,,NaN,,NaN
A,GE10,C24_C25,E_ITSP2,PC_ENT_CUSE,LT,,NaN,,NaN,,NaN
A,GE10,C24_C25,E_ITSP2,PC_ENT_CUSE,LU,,NaN,,NaN,,NaN
A,GE10,C24_C25,E_ITSP2,PC_ENT_CUSE,LV,,NaN,,NaN,,NaN
A,GE10,C24_C25,E_ITSP2,PC_ENT_CUSE,ME,,NaN,,NaN,,NaN
A,GE10,C24_C25,E_ITSP2,PC_ENT_CUSE,MK,,NaN,,NaN,,NaN
A,GE10,C24_C25,E_ITSP2,PC_ENT_CUSE,MT,,NaN,,NaN,,NaN
A,GE10,C24_C25,E_ITSP2,PC_ENT_CUSE,NL,,NaN,,NaN,,NaN
A,GE10,C24_C25,E_ITSP2,PC_ENT_CUSE,NO,,NaN,,NaN,,NaN
A,GE10,C24_C25,E_ITSP2,PC_ENT_CUSE,PL,,NaN,,NaN,,NaN
A,GE10,C24_C25,E_ITSP2,PC_ENT_CUSE,PT,,NaN,,NaN,,NaN
A,GE10,C24_C25,E_ITSP2,PC_ENT_CUSE,RO,,NaN,,NaN,,NaN
A,GE10,C24_C25,E_ITSP2,PC_ENT_CUSE,RS,,NaN,,NaN,,NaN
A,GE10,C24_C25,E_ITSP2,PC_ENT_CUSE,SE,,NaN,,NaN,,NaN
A,GE10,C24_C25,E_ITSP2,PC_ENT_CUSE,SI,,NaN,,NaN,,NaN
A,GE10,C24_C25,E_ITSP2,PC_ENT_CUSE,SK,,NaN,,NaN,,NaN
A,GE10,C24_C25,E_ITSP2,PC_ENT_CUSE,TR,,NaN,,NaN,,NaN
A,GE10,C24_C25,E_ITSP2,PC_ENT_CUSE,UK,,NaN,,NaN,,NaN
A,GE10,C26,E_ITSP2,PC_ENT,AT,,u,,u,63.91,NaN
A,GE10,C26,E_ITSP2,PC_ENT,BA,68.52,NaN,37.04,NaN,58.33,NaN
A,GE10,C26,E_ITSP2,PC_ENT,BE,,u,,u,,u
A,GE10,C26,E_ITSP2,PC_ENT,BG,55.97,NaN,35.94,NaN,25.68,NaN
A,GE10,C26,E_ITSP2,PC_ENT,CY,,NaN,,NaN,,NaN
A,GE10,C26,E_ITSP2,PC_ENT,CZ,51.99,NaN,54.11,NaN,55.76,NaN
A,GE10,C26,E_ITSP2,PC_ENT,DE,49.87,NaN,53.05,NaN,55.87,NaN
A,GE10,C26,E_ITSP2,PC_ENT,DK,53.3,NaN,81.77,NaN,56.03,NaN
A,GE10,C26,E_ITSP2,PC_ENT,EA,50.88,NaN,51.08,NaN,51.52,NaN
A,GE10,C26,E_ITSP2,PC_ENT,EE,52.76,NaN,56.97,NaN,70.35,NaN
A,GE10,C26,E_ITSP2,PC_ENT,EL,,u,65.48,NaN,36.53,NaN
A,GE10,C26,E_ITSP2,PC_ENT,ES,,u,,u,,u
A,GE10,C26,E_ITSP2,PC_ENT,EU15,,NaN,,NaN,,NaN
A,GE10,C26,E_ITSP2,PC_ENT,EU27_2007,,NaN,,NaN,,NaN
A,GE10,C26,E_ITSP2,PC_ENT,EU27_2020,50.9,NaN,51.77,NaN,51.77,NaN
A,GE10,C26,E_ITSP2,PC_ENT,EU28,,NaN,,NaN,,NaN
A,GE10,C26,E_ITSP2,PC_ENT,FI,,u,,u,,u
A,GE10,C26,E_ITSP2,PC_ENT,FR,49.39,NaN,53.93,b,45.21,NaN
A,GE10,C26,E_ITSP2,PC_ENT,HR,68.01,NaN,56.99,NaN,94.46,NaN
A,GE10,C26,E_ITSP2,PC_ENT,HU,54.2,NaN,52.2,NaN,63.85,NaN
A,GE10,C26,E_ITSP2,PC_ENT,IE,58.48,NaN,66.08,NaN,54.55,NaN
A,GE10,C26,E_ITSP2,PC_ENT,IS,21.43,NaN,,NaN,,NaN
A,GE10,C26,E_ITSP2,PC_ENT,IT,45.5,NaN,,u,36.31,NaN
A,GE10,C26,E_ITSP2,PC_ENT,LT,56.67,NaN,62.12,NaN,,u
A,GE10,C26,E_ITSP2,PC_ENT,LU,,u,,u,,u
A,GE10,C26,E_ITSP2,PC_ENT,LV,52.52,NaN,55.19,NaN,50.54,NaN
A,GE10,C26,E_ITSP2,PC_ENT,ME,,NaN,,NaN,,NaN
A,GE10,C26,E_ITSP2,PC_ENT,MK,,u,,u,,NaN
A,GE10,C26,E_ITSP2,PC_ENT,MT,,NaN,65.38,NaN,,u
A,GE10,C26,E_ITSP2,PC_ENT,NL,52.43,NaN,55.86,NaN,52.09,NaN
A,GE10,C26,E_ITSP2,PC_ENT,NO,57.26,NaN,51.79,NaN,76.87,NaN
A,GE10,C26,E_ITSP2,PC_ENT,PL,58.93,NaN,67.78,NaN,61.8,NaN
A,GE10,C26,E_ITSP2,PC_ENT,PT,,u,,u,53.9,NaN
A,GE10,C26,E_ITSP2,PC_ENT,RO,30.89,NaN,32.35,NaN,33.75,NaN
A,GE10,C26,E_ITSP2,PC_ENT,RS,55.93,NaN,48.14,NaN,67.33,NaN
A,GE10,C26,E_ITSP2,PC_ENT,SE,39.5,NaN,34.28,NaN,45.74,b
A,GE10,C26,E_ITSP2,PC_ENT,SI,43.34,NaN,36.06,NaN,64.12,NaN
A,GE10,C26,E_ITSP2,PC_ENT,SK,40.26,NaN,43.29,NaN,40.04,NaN
A,GE10,C26,E_ITSP2,PC_ENT,TR,43.35,NaN,48.11,NaN,44.92,NaN
A,GE10,C26,E_ITSP2,PC_ENT,UK,,u,,NaN,,NaN
A,GE10,C26,E_ITSP2,PC_ENT_CUSE,AT,,NaN,,NaN,,NaN
A,GE10,C26,E_ITSP2,PC_ENT_CUSE,BA,,NaN,,NaN,,NaN
A,GE10,C26,E_ITSP2,PC_ENT_CUSE,BE,,NaN,,NaN,,NaN
A,GE10,C26,E_ITSP2,PC_ENT_CUSE,BG,,NaN,,NaN,,NaN
A,GE10,C26,E_ITSP2,PC_ENT_CUSE,CY,,NaN,,NaN,,NaN
A,GE10,C26,E_ITSP2,PC_ENT_CUSE,CZ,,NaN,,NaN,,NaN
A,GE10,C26,E_ITSP2,PC_ENT_CUSE,DE,,NaN,,NaN,,NaN
A,GE10,C26,E_ITSP2,PC_ENT_CUSE,DK,,NaN,,NaN,,NaN
A,GE10,C26,E_ITSP2,PC_ENT_CUSE,EA,,NaN,,NaN,,NaN
A,GE10,C26,E_ITSP2,PC_ENT_CUSE,EE,,NaN,,NaN,,NaN
A,GE10,C26,E_ITSP2,PC_ENT_CUSE,EL,,NaN,,NaN,,NaN
A,GE10,C26,E_ITSP2,PC_ENT_CUSE,ES,,NaN,,NaN,,NaN
A,GE10,C26,E_ITSP2,PC_ENT_CUSE,EU15,,NaN,,NaN,,NaN
A,GE10,C26,E_ITSP2,PC_ENT_CUSE,EU27_2007,,NaN,,NaN,,NaN
A,GE10,C26,E_ITSP2,PC_ENT_CUSE,EU27_2020,,NaN,,NaN,,NaN
A,GE10,C26,E_ITSP2,PC_ENT_CUSE,EU28,,NaN,,NaN,,NaN
A,GE10,C26,E_ITSP2,PC_ENT_CUSE,FI,,NaN,,NaN,,NaN
A,GE10,C26,E_ITSP2,PC_ENT_CUSE,FR,,NaN,,NaN,,NaN
A,GE10,C26,E_ITSP2,PC_ENT_CUSE,HR,,NaN,,NaN,,NaN
A,GE10,C26,E_ITSP2,PC_ENT_CUSE,HU,,NaN,,NaN,,NaN
A,GE10,C26,E_ITSP2,PC_ENT_CUSE,IE,,NaN,,NaN,,NaN
A,GE10,C26,E_ITSP2,PC_ENT_CUSE,IS,,NaN,,NaN,,NaN
A,GE10,C26,E_ITSP2,PC_ENT_CUSE,IT,,NaN,,NaN,,NaN
A,GE10,C26,E_ITSP2,PC_ENT_CUSE,LT,,NaN,,NaN,,NaN
A,GE10,C26,E_ITSP2,PC_ENT_CUSE,LU,,NaN,,NaN,,NaN
A,GE10,C26,E_ITSP2,PC_ENT_CUSE,LV,,NaN,,NaN,,NaN
A,GE10,C26,E_ITSP2,PC_ENT_CUSE,ME,,NaN,,NaN,,NaN
A,GE10,C26,E_ITSP2,PC_ENT_CUSE,MK,,NaN,,NaN,,NaN
A,GE10,C26,E_ITSP2,PC_ENT_CUSE,MT,,NaN,,NaN,,NaN
A,GE10,C26,E_ITSP2,PC_ENT_CUSE,NL,,NaN,,NaN,,NaN
A,GE10,C26,E_ITSP2,PC_ENT_CUSE,NO,,NaN,,NaN,,NaN
A,GE10,C26,E_ITSP2,PC_ENT_CUSE,PL,,NaN,,NaN,,NaN
A,GE10,C26,E_ITSP2,PC_ENT_CUSE,PT,,NaN,,NaN,,NaN
A,GE10,C26,E_ITSP2,PC_ENT_CUSE,RO,,NaN,,NaN,,NaN
A,GE10,C26,E_ITSP2,PC_ENT_CUSE,RS,,NaN,,NaN,,NaN
A,GE10,C26,E_ITSP2,PC_ENT_CUSE,SE,,NaN,,NaN,,NaN
A,GE10,C26,E_ITSP2,PC_ENT_CUSE,SI,,NaN,,NaN,,NaN
A,GE10,C26,E_ITSP2,PC_ENT_CUSE,SK,,NaN,,NaN,,NaN
A,GE10,C26,E_ITSP2,PC_ENT_CUSE,TR,,NaN,,NaN,,NaN
A,GE10,C26,E_ITSP2,PC_ENT_CUSE,UK,,NaN,,NaN,,NaN
A,GE10,C26-C33,E_ITSP2,PC_ENT,AT,36.15,NaN,35.52,NaN,35.96,NaN
A,GE10,C26-C33,E_ITSP2,PC_ENT,BA,27.01,NaN,20.48,NaN,21.72,NaN
A,GE10,C26-C33,E_ITSP2,PC_ENT,BE,,u,,u,,u
A,GE10,C26-C33,E_ITSP2,PC_ENT,BG,25.16,NaN,19.6,NaN,23.84,NaN
A,GE10,C26-C33,E_ITSP2,PC_ENT,CY,15.52,NaN,15.83,NaN,16.91,NaN
A,GE10,C26-C33,E_ITSP2,PC_ENT,CZ,31.79,NaN,29.65,NaN,34.42,NaN
A,GE10,C26-C33,E_ITSP2,PC_ENT,DE,32.42,NaN,33.53,NaN,33.63,NaN
A,GE10,C26-C33,E_ITSP2,PC_ENT,DK,35.38,NaN,38.54,NaN,32.69,NaN
A,GE10,C26-C33,E_ITSP2,PC_ENT,EA,26.75,NaN,28.14,NaN,27.29,NaN
A,GE10,C26-C33,E_ITSP2,PC_ENT,EE,17.09,NaN,21.04,NaN,24.07,NaN
A,GE10,C26-C33,E_ITSP2,PC_ENT,EL,,u,22.39,NaN,22.48,NaN
A,GE10,C26-C33,E_ITSP2,PC_ENT,ES,21.91,NaN,17.6,NaN,18.76,NaN
A,GE10,C26-C33,E_ITSP2,PC_ENT,EU15,,NaN,,NaN,,NaN
A,GE10,C26-C33,E_ITSP2,PC_ENT,EU27_2007,,NaN,,NaN,,NaN
A,GE10,C26-C33,E_ITSP2,PC_ENT,EU27_2020,27.61,NaN,28.95,NaN,28.09,NaN
A,GE10,C26-C33,E_ITSP2,PC_ENT,EU28,,NaN,,NaN,,NaN
A,GE10,C26-C33,E_ITSP2,PC_ENT,FI,38.26,NaN,38.48,NaN,40.14,NaN
A,GE10,C26-C33,E_ITSP2,PC_ENT,FR,25.89,NaN,26.47,b,24.47,NaN
A,GE10,C26-C33,E_ITSP2,PC_ENT,HR,24.47,NaN,27.3,NaN,25.21,NaN
A,GE10,C26-C33,E_ITSP2,PC_ENT,HU,40.43,NaN,41.41,NaN,41.46,NaN
A,GE10,C26-C33,E_ITSP2,PC_ENT,IE,35.52,NaN,41.74,NaN,47.62,NaN
A,GE10,C26-C33,E_ITSP2,PC_ENT,IS,21.43,NaN,,NaN,,NaN
A,GE10,C26-C33,E_ITSP2,PC_ENT,IT,18.7,NaN,22.18,NaN,19.87,NaN
A,GE10,C26-C33,E_ITSP2,PC_ENT,LT,22.3,NaN,21.45,NaN,23.73,NaN
A,GE10,C26-C33,E_ITSP2,PC_ENT,LU,23.05,NaN,24.98,NaN,28.21,NaN
A,GE10,C26-C33,E_ITSP2,PC_ENT,LV,22.0,NaN,27.28,NaN,26.07,NaN
A,GE10,C26-C33,E_ITSP2,PC_ENT,ME,,u,46.53,NaN,,NaN
A,GE10,C26-C33,E_ITSP2,PC_ENT,MK,12.91,NaN,,u,,NaN
A,GE10,C26-C33,E_ITSP2,PC_ENT,MT,30.22,NaN,33.09,NaN,39.3,NaN
A,GE10,C26-C33,E_ITSP2,PC_ENT,NL,31.19,NaN,38.34,NaN,34.74,NaN
A,GE10,C26-C33,E_ITSP2,PC_ENT,NO,20.18,NaN,24.18,NaN,22.38,NaN
A,GE10,C26-C33,E_ITSP2,PC_ENT,PL,34.34,NaN,39.11,NaN,33.28,NaN
A,GE10,C26-C33,E_ITSP2,PC_ENT,PT,31.62,NaN,24.55,NaN,24.42,NaN
A,GE10,C26-C33,E_ITSP2,PC_ENT,RO,15.17,NaN,12.84,NaN,12.95,NaN
A,GE10,C26-C33,E_ITSP2,PC_ENT,RS,23.05,NaN,24.6,NaN,22.82,NaN
A,GE10,C26-C33,E_ITSP2,PC_ENT,SE,27.89,NaN,26.46,NaN,30.24,b
A,GE10,C26-C33,E_ITSP2,PC_ENT,SI,20.16,NaN,34.78,NaN,28.28,NaN
A,GE10,C26-C33,E_ITSP2,PC_ENT,SK,32.68,NaN,29.66,NaN,33.38,NaN
A,GE10,C26-C33,E_ITSP2,PC_ENT,TR,16.73,NaN,20.56,NaN,15.32,NaN
A,GE10,C26-C33,E_ITSP2,PC_ENT,UK,38.93,NaN,,NaN,,NaN
A,GE10,C26-C33,E_ITSP2,PC_ENT_CUSE,AT,,NaN,,NaN,,NaN
A,GE10,C26-C33,E_ITSP2,PC_ENT_CUSE,BA,,NaN,,NaN,,NaN
A,GE10,C26-C33,E_ITSP2,PC_ENT_CUSE,BE,,NaN,,NaN,,NaN
A,GE10,C26-C33,E_ITSP2,PC_ENT_CUSE,BG,,NaN,,NaN,,NaN
A,GE10,C26-C33,E_ITSP2,PC_ENT_CUSE,CY,,NaN,,NaN,,NaN
A,GE10,C26-C33,E_ITSP2,PC_ENT_CUSE,CZ,,NaN,,NaN,,NaN
A,GE10,C26-C33,E_ITSP2,PC_ENT_CUSE,DE,,NaN,,NaN,,NaN
A,GE10,C26-C33,E_ITSP2,PC_ENT_CUSE,DK,,NaN,,NaN,,NaN
A,GE10,C26-C33,E_ITSP2,PC_ENT_CUSE,EA,,NaN,,NaN,,NaN
A,GE10,C26-C33,E_ITSP2,PC_ENT_CUSE,EE,,NaN,,NaN,,NaN
A,GE10,C26-C33,E_ITSP2,PC_ENT_CUSE,EL,,NaN,,NaN,,NaN
A,GE10,C26-C33,E_ITSP2,PC_ENT_CUSE,ES,,NaN,,NaN,,NaN
A,GE10,C26-C33,E_ITSP2,PC_ENT_CUSE,EU15,,NaN,,NaN,,NaN
A,GE10,C26-C33,E_ITSP2,PC_ENT_CUSE,EU27_2007,,NaN,,NaN,,NaN
A,GE10,C26-C33,E_ITSP2,PC_ENT_CUSE,EU27_2020,,NaN,,NaN,,NaN
A,GE10,C26-C33,E_ITSP2,PC_ENT_CUSE,EU28,,NaN,,NaN,,NaN
A,GE10,C26-C33,E_ITSP2,PC_ENT_CUSE,FI,,NaN,,NaN,,NaN
A,GE10,C26-C33,E_ITSP2,PC_ENT_CUSE,FR,,NaN,,NaN,,NaN
A,GE10,C26-C33,E_ITSP2,PC_ENT_CUSE,HR,,NaN,,NaN,,NaN
A,GE10,C26-C33,E_ITSP2,PC_ENT_CUSE,HU,,NaN,,NaN,,NaN
A,GE10,C26-C33,E_ITSP2,PC_ENT_CUSE,IE,,NaN,,NaN,,NaN
A,GE10,C26-C33,E_ITSP2,PC_ENT_CUSE,IS,,NaN,,NaN,,NaN
A,GE10,C26-C33,E_ITSP2,PC_ENT_CUSE,IT,,NaN,,NaN,,NaN
A,GE10,C26-C33,E_ITSP2,PC_ENT_CUSE,LT,,NaN,,NaN,,NaN
A,GE10,C26-C33,E_ITSP2,PC_ENT_CUSE,LU,,NaN,,NaN,,NaN
A,GE10,C26-C33,E_ITSP2,PC_ENT_CUSE,LV,,NaN,,NaN,,NaN
A,GE10,C26-C33,E_ITSP2,PC_ENT_CUSE,ME,,NaN,,NaN,,NaN
A,GE10,C26-C33,E_ITSP2,PC_ENT_CUSE,MK,,NaN,,NaN,,NaN
A,GE10,C26-C33,E_ITSP2,PC_ENT_CUSE,MT,,NaN,,NaN,,NaN
A,GE10,C26-C33,E_ITSP2,PC_ENT_CUSE,NL,,NaN,,NaN,,NaN
A,GE10,C26-C33,E_ITSP2,PC_ENT_CUSE,NO,,NaN,,NaN,,NaN
A,GE10,C26-C33,E_ITSP2,PC_ENT_CUSE,PL,,NaN,,NaN,,NaN
A,GE10,C26-C33,E_ITSP2,PC_ENT_CUSE,PT,,NaN,,NaN,,NaN
A,GE10,C26-C33,E_ITSP2,PC_ENT_CUSE,RO,,NaN,,NaN,,NaN
A,GE10,C26-C33,E_ITSP2,PC_ENT_CUSE,RS,,NaN,,NaN,,NaN
A,GE10,C26-C33,E_ITSP2,PC_ENT_CUSE,SE,,NaN,,NaN,,NaN
A,GE10,C26-C33,E_ITSP2,PC_ENT_CUSE,SI,,NaN,,NaN,,NaN
A,GE10,C26-C33,E_ITSP2,PC_ENT_CUSE,SK,,NaN,,NaN,,NaN
A,GE10,C26-C33,E_ITSP2,PC_ENT_CUSE,TR,,NaN,,NaN,,NaN
A,GE10,C26-C33,E_ITSP2,PC_ENT_CUSE,UK,,NaN,,NaN,,NaN
A,GE10,C27,E_ITSP2,PC_ENT,AT,,NaN,,u,,u
A,GE10,C27,E_ITSP2,PC_ENT,BA,,NaN,32.38,NaN,37.5,NaN
A,GE10,C27,E_ITSP2,PC_ENT,BE,,NaN,,u,,u
A,GE10,C27,E_ITSP2,PC_ENT,BG,,NaN,24.6,NaN,41.19,NaN
A,GE10,C27,E_ITSP2,PC_ENT,CY,,NaN,7.69,NaN,0.0,NaN
A,GE10,C27,E_ITSP2,PC_ENT,CZ,,NaN,28.67,NaN,31.65,NaN
A,GE10,C27,E_ITSP2,PC_ENT,DE,,NaN,43.12,NaN,42.55,NaN
A,GE10,C27,E_ITSP2,PC_ENT,DK,,NaN,35.38,NaN,39.8,NaN
A,GE10,C27,E_ITSP2,PC_ENT,EA,,NaN,39.87,NaN,34.69,NaN
A,GE10,C27,E_ITSP2,PC_ENT,EE,,NaN,25.3,NaN,39.58,NaN
A,GE10,C27,E_ITSP2,PC_ENT,EL,,NaN,26.28,NaN,33.6,NaN
A,GE10,C27,E_ITSP2,PC_ENT,ES,,NaN,,u,25.5,NaN
A,GE10,C27,E_ITSP2,PC_ENT,EU27_2020,,NaN,38.38,NaN,35.07,NaN
A,GE10,C27,E_ITSP2,PC_ENT,FI,,NaN,,u,,u
A,GE10,C27,E_ITSP2,PC_ENT,FR,,NaN,36.8,b,38.05,NaN
A,GE10,C27,E_ITSP2,PC_ENT,HR,,NaN,20.49,NaN,16.73,NaN
A,GE10,C27,E_ITSP2,PC_ENT,HU,,NaN,48.89,NaN,49.79,NaN
A,GE10,C27,E_ITSP2,PC_ENT,IE,,NaN,33.5,NaN,34.62,NaN
A,GE10,C27,E_ITSP2,PC_ENT,IT,,NaN,,u,,u
A,GE10,C27,E_ITSP2,PC_ENT,LT,,NaN,,u,,u
A,GE10,C27,E_ITSP2,PC_ENT,LU,,NaN,,u,,u
A,GE10,C27,E_ITSP2,PC_ENT,LV,,NaN,41.9,NaN,33.97,NaN
A,GE10,C27,E_ITSP2,PC_ENT,ME,,NaN,,NaN,,NaN
A,GE10,C27,E_ITSP2,PC_ENT,MK,,NaN,,u,,NaN
A,GE10,C27,E_ITSP2,PC_ENT,MT,,NaN,,u,,u
A,GE10,C27,E_ITSP2,PC_ENT,NL,,NaN,43.2,NaN,35.94,NaN
A,GE10,C27,E_ITSP2,PC_ENT,NO,,NaN,33.72,NaN,26.51,NaN
A,GE10,C27,E_ITSP2,PC_ENT,PL,,NaN,45.52,NaN,41.96,NaN
A,GE10,C27,E_ITSP2,PC_ENT,PT,,NaN,36.99,NaN,32.25,NaN
A,GE10,C27,E_ITSP2,PC_ENT,RO,,NaN,14.3,NaN,14.16,NaN
A,GE10,C27,E_ITSP2,PC_ENT,RS,,NaN,28.73,NaN,31.64,NaN
A,GE10,C27,E_ITSP2,PC_ENT,SE,,NaN,26.55,NaN,,bu
A,GE10,C27,E_ITSP2,PC_ENT,SI,,NaN,41.93,NaN,36.34,NaN
A,GE10,C27,E_ITSP2,PC_ENT,SK,,NaN,36.07,NaN,37.85,NaN
A,GE10,C27,E_ITSP2,PC_ENT,TR,,NaN,28.93,NaN,23.05,NaN
A,GE10,C27_C28,E_ITSP2,PC_ENT,AT,,u,,u,47.84,NaN
A,GE10,C27_C28,E_ITSP2,PC_ENT,BA,27.15,NaN,22.22,NaN,31.25,NaN
A,GE10,C27_C28,E_ITSP2,PC_ENT,BE,,u,,u,,u
A,GE10,C27_C28,E_ITSP2,PC_ENT,BG,32.99,NaN,22.61,NaN,30.62,NaN
A,GE10,C27_C28,E_ITSP2,PC_ENT,CY,10.37,NaN,12.3,NaN,6.47,NaN
A,GE10,C27_C28,E_ITSP2,PC_ENT,CZ,31.99,NaN,31.67,NaN,37.63,NaN
A,GE10,C27_C28,E_ITSP2,PC_ENT,DE,37.44,NaN,38.85,NaN,39.27,NaN
A,GE10,C27_C28,E_ITSP2,PC_ENT,DK,40.69,NaN,36.59,NaN,32.5,NaN
A,GE10,C27_C28,E_ITSP2,PC_ENT,EA,30.43,NaN,33.54,NaN,31.59,NaN
A,GE10,C27_C28,E_ITSP2,PC_ENT,EE,18.45,NaN,24.15,NaN,28.27,NaN
A,GE10,C27_C28,E_ITSP2,PC_ENT,EL,,u,27.95,NaN,25.55,NaN
A,GE10,C27_C28,E_ITSP2,PC_ENT,ES,,u,,u,21.95,NaN
A,GE10,C27_C28,E_ITSP2,PC_ENT,EU15,,NaN,,NaN,,NaN
A,GE10,C27_C28,E_ITSP2,PC_ENT,EU27_2007,,NaN,,NaN,,NaN
A,GE10,C27_C28,E_ITSP2,PC_ENT,EU27_2020,31.27,NaN,33.71,NaN,32.27,NaN
A,GE10,C27_C28,E_ITSP2,PC_ENT,EU28,,NaN,,NaN,,NaN
A,GE10,C27_C28,E_ITSP2,PC_ENT,FI,,u,,u,,u
A,GE10,C27_C28,E_ITSP2,PC_ENT,FR,32.12,NaN,30.63,b,26.19,NaN
A,GE10,C27_C28,E_ITSP2,PC_ENT,HR,34.93,NaN,29.72,NaN,30.88,NaN
A,GE10,C27_C28,E_ITSP2,PC_ENT,HU,41.4,NaN,41.32,NaN,48.67,NaN
A,GE10,C27_C28,E_ITSP2,PC_ENT,IE,31.88,NaN,37.81,NaN,44.05,NaN
A,GE10,C27_C28,E_ITSP2,PC_ENT,IS,,NaN,,NaN,,NaN
A,GE10,C27_C28,E_ITSP2,PC_ENT,IT,,u,27.82,NaN,22.87,NaN
A,GE10,C27_C28,E_ITSP2,PC_ENT,LT,28.78,NaN,25.52,NaN,27.33,NaN
A,GE10,C27_C28,E_ITSP2,PC_ENT,LU,,u,,u,,u
A,GE10,C27_C28,E_ITSP2,PC_ENT,LV,36.32,NaN,36.5,NaN,36.33,NaN
A,GE10,C27_C28,E_ITSP2,PC_ENT,ME,,u,,NaN,,NaN
A,GE10,C27_C28,E_ITSP2,PC_ENT,MK,9.89,NaN,,u,,NaN
A,GE10,C27_C28,E_ITSP2,PC_ENT,MT,33.87,NaN,,NaN,,u
A,GE10,C27_C28,E_ITSP2,PC_ENT,NL,39.01,NaN,46.15,NaN,41.74,NaN
A,GE10,C27_C28,E_ITSP2,PC_ENT,NO,22.32,NaN,29.97,NaN,23.31,NaN
A,GE10,C27_C28,E_ITSP2,PC_ENT,PL,40.98,NaN,44.99,NaN,37.37,NaN
A,GE10,C27_C28,E_ITSP2,PC_ENT,PT,,u,37.34,NaN,31.54,NaN
A,GE10,C27_C28,E_ITSP2,PC_ENT,RO,13.93,NaN,15.59,NaN,11.58,NaN
A,GE10,C27_C28,E_ITSP2,PC_ENT,RS,20.49,NaN,26.99,NaN,15.08,NaN
A,GE10,C27_C28,E_ITSP2,PC_ENT,SE,29.87,NaN,25.92,NaN,,bu
A,GE10,C27_C28,E_ITSP2,PC_ENT,SI,20.28,NaN,43.63,NaN,38.05,NaN
A,GE10,C27_C28,E_ITSP2,PC_ENT,SK,34.1,NaN,34.59,NaN,35.37,NaN
A,GE10,C27_C28,E_ITSP2,PC_ENT,TR,19.44,NaN,21.93,NaN,17.8,NaN
A,GE10,C27_C28,E_ITSP2,PC_ENT,UK,,u,,NaN,,NaN
A,GE10,C27_C28,E_ITSP2,PC_ENT_CUSE,AT,,NaN,,NaN,,NaN
A,GE10,C27_C28,E_ITSP2,PC_ENT_CUSE,BA,,NaN,,NaN,,NaN
A,GE10,C27_C28,E_ITSP2,PC_ENT_CUSE,BE,,NaN,,NaN,,NaN
A,GE10,C27_C28,E_ITSP2,PC_ENT_CUSE,BG,,NaN,,NaN,,NaN
A,GE10,C27_C28,E_ITSP2,PC_ENT_CUSE,CY,,NaN,,NaN,,NaN
A,GE10,C27_C28,E_ITSP2,PC_ENT_CUSE,CZ,,NaN,,NaN,,NaN
A,GE10,C27_C28,E_ITSP2,PC_ENT_CUSE,DE,,NaN,,NaN,,NaN
A,GE10,C27_C28,E_ITSP2,PC_ENT_CUSE,DK,,NaN,,NaN,,NaN
A,GE10,C27_C28,E_ITSP2,PC_ENT_CUSE,EA,,NaN,,NaN,,NaN
A,GE10,C27_C28,E_ITSP2,PC_ENT_CUSE,EE,,NaN,,NaN,,NaN
A,GE10,C27_C28,E_ITSP2,PC_ENT_CUSE,EL,,NaN,,NaN,,NaN
A,GE10,C27_C28,E_ITSP2,PC_ENT_CUSE,ES,,NaN,,NaN,,NaN
A,GE10,C27_C28,E_ITSP2,PC_ENT_CUSE,EU15,,NaN,,NaN,,NaN
A,GE10,C27_C28,E_ITSP2,PC_ENT_CUSE,EU27_2007,,NaN,,NaN,,NaN
A,GE10,C27_C28,E_ITSP2,PC_ENT_CUSE,EU27_2020,,NaN,,NaN,,NaN
A,GE10,C27_C28,E_ITSP2,PC_ENT_CUSE,EU28,,NaN,,NaN,,NaN
A,GE10,C27_C28,E_ITSP2,PC_ENT_CUSE,FI,,NaN,,NaN,,NaN
A,GE10,C27_C28,E_ITSP2,PC_ENT_CUSE,FR,,NaN,,NaN,,NaN
A,GE10,C27_C28,E_ITSP2,PC_ENT_CUSE,HR,,NaN,,NaN,,NaN
A,GE10,C27_C28,E_ITSP2,PC_ENT_CUSE,HU,,NaN,,NaN,,NaN
A,GE10,C27_C28,E_ITSP2,PC_ENT_CUSE,IE,,NaN,,NaN,,NaN
A,GE10,C27_C28,E_ITSP2,PC_ENT_CUSE,IS,,NaN,,NaN,,NaN
A,GE10,C27_C28,E_ITSP2,PC_ENT_CUSE,IT,,NaN,,NaN,,NaN
A,GE10,C27_C28,E_ITSP2,PC_ENT_CUSE,LT,,NaN,,NaN,,NaN
A,GE10,C27_C28,E_ITSP2,PC_ENT_CUSE,LU,,NaN,,NaN,,NaN
A,GE10,C27_C28,E_ITSP2,PC_ENT_CUSE,LV,,NaN,,NaN,,NaN
A,GE10,C27_C28,E_ITSP2,PC_ENT_CUSE,ME,,NaN,,NaN,,NaN
A,GE10,C27_C28,E_ITSP2,PC_ENT_CUSE,MK,,NaN,,NaN,,NaN
A,GE10,C27_C28,E_ITSP2,PC_ENT_CUSE,MT,,NaN,,NaN,,NaN
A,GE10,C27_C28,E_ITSP2,PC_ENT_CUSE,NL,,NaN,,NaN,,NaN
A,GE10,C27_C28,E_ITSP2,PC_ENT_CUSE,NO,,NaN,,NaN,,NaN
A,GE10,C27_C28,E_ITSP2,PC_ENT_CUSE,PL,,NaN,,NaN,,NaN
A,GE10,C27_C28,E_ITSP2,PC_ENT_CUSE,PT,,NaN,,NaN,,NaN
A,GE10,C27_C28,E_ITSP2,PC_ENT_CUSE,RO,,NaN,,NaN,,NaN
A,GE10,C27_C28,E_ITSP2,PC_ENT_CUSE,RS,,NaN,,NaN,,NaN
A,GE10,C27_C28,E_ITSP2,PC_ENT_CUSE,SE,,NaN,,NaN,,NaN
A,GE10,C27_C28,E_ITSP2,PC_ENT_CUSE,SI,,NaN,,NaN,,NaN
A,GE10,C27_C28,E_ITSP2,PC_ENT_CUSE,SK,,NaN,,NaN,,NaN
A,GE10,C27_C28,E_ITSP2,PC_ENT_CUSE,TR,,NaN,,NaN,,NaN
A,GE10,C27_C28,E_ITSP2,PC_ENT_CUSE,UK,,NaN,,NaN,,NaN
A,GE10,C28,E_ITSP2,PC_ENT,AT,,NaN,,u,46.39,NaN
A,GE10,C28,E_ITSP2,PC_ENT,BA,,NaN,15.38,NaN,26.5,NaN
A,GE10,C28,E_ITSP2,PC_ENT,BE,,NaN,,u,,u
A,GE10,C28,E_ITSP2,PC_ENT,BG,,NaN,21.5,NaN,24.67,NaN
A,GE10,C28,E_ITSP2,PC_ENT,CY,,NaN,19.38,NaN,15.48,NaN
A,GE10,C28,E_ITSP2,PC_ENT,CZ,,NaN,33.39,NaN,41.05,NaN
A,GE10,C28,E_ITSP2,PC_ENT,DE,,NaN,37.33,NaN,38.06,NaN
A,GE10,C28,E_ITSP2,PC_ENT,DK,,NaN,36.94,NaN,30.35,NaN
A,GE10,C28,E_ITSP2,PC_ENT,EA,,NaN,31.45,NaN,30.51,NaN
A,GE10,C28,E_ITSP2,PC_ENT,EE,,NaN,23.29,NaN,19.83,NaN
A,GE10,C28,E_ITSP2,PC_ENT,EL,,NaN,28.92,NaN,20.62,NaN
A,GE10,C28,E_ITSP2,PC_ENT,ES,,NaN,,u,20.99,NaN
A,GE10,C28,E_ITSP2,PC_ENT,EU27_2020,,NaN,32.02,NaN,31.22,NaN
A,GE10,C28,E_ITSP2,PC_ENT,FI,,NaN,,u,,u
A,GE10,C28,E_ITSP2,PC_ENT,FR,,NaN,28.25,b,21.26,NaN
A,GE10,C28,E_ITSP2,PC_ENT,HR,,NaN,52.56,NaN,37.9,NaN
A,GE10,C28,E_ITSP2,PC_ENT,HU,,NaN,37.74,NaN,48.13,NaN
A,GE10,C28,E_ITSP2,PC_ENT,IE,,NaN,39.28,NaN,47.42,NaN
A,GE10,C28,E_ITSP2,PC_ENT,IT,,NaN,,u,,u
A,GE10,C28,E_ITSP2,PC_ENT,LT,,NaN,,u,,u
A,GE10,C28,E_ITSP2,PC_ENT,LU,,NaN,,u,,u
A,GE10,C28,E_ITSP2,PC_ENT,LV,,NaN,33.93,NaN,37.64,NaN
A,GE10,C28,E_ITSP2,PC_ENT,ME,,NaN,,NaN,,NaN
A,GE10,C28,E_ITSP2,PC_ENT,MK,,NaN,,u,,NaN
A,GE10,C28,E_ITSP2,PC_ENT,MT,,NaN,,NaN,,u
A,GE10,C28,E_ITSP2,PC_ENT,NL,,NaN,46.8,NaN,43.05,NaN
A,GE10,C28,E_ITSP2,PC_ENT,NO,,NaN,28.41,NaN,21.84,NaN
A,GE10,C28,E_ITSP2,PC_ENT,PL,,NaN,44.7,NaN,34.72,NaN
A,GE10,C28,E_ITSP2,PC_ENT,PT,,NaN,,u,31.26,NaN
A,GE10,C28,E_ITSP2,PC_ENT,RO,,NaN,16.47,NaN,9.62,NaN
A,GE10,C28,E_ITSP2,PC_ENT,RS,,NaN,25.94,NaN,4.97,NaN
A,GE10,C28,E_ITSP2,PC_ENT,SE,,NaN,25.75,NaN,,bu
A,GE10,C28,E_ITSP2,PC_ENT,SI,,NaN,44.15,NaN,38.71,NaN
A,GE10,C28,E_ITSP2,PC_ENT,SK,,NaN,33.71,NaN,33.87,NaN
A,GE10,C28,E_ITSP2,PC_ENT,TR,,NaN,19.16,NaN,15.67,NaN
A,GE10,C29_C30,E_ITSP2,PC_ENT,AT,,u,,u,,u
A,GE10,C29_C30,E_ITSP2,PC_ENT,BA,30.3,NaN,29.31,NaN,50.0,NaN
A,GE10,C29_C30,E_ITSP2,PC_ENT,BE,,u,,u,,u
A,GE10,C29_C30,E_ITSP2,PC_ENT,BG,27.02,NaN,31.25,NaN,29.23,NaN
A,GE10,C29_C30,E_ITSP2,PC_ENT,CY,,NaN,,NaN,0.0,NaN
A,GE10,C29_C30,E_ITSP2,PC_ENT,CZ,42.95,NaN,43.89,NaN,45.4,NaN
A,GE10,C29_C30,E_ITSP2,PC_ENT,DE,40.98,NaN,40.69,NaN,41.8,NaN
A,GE10,C29_C30,E_ITSP2,PC_ENT,DK,23.68,NaN,26.15,NaN,41.33,NaN
A,GE10,C29_C30,E_ITSP2,PC_ENT,EA,33.69,NaN,34.52,NaN,32.8,NaN
A,GE10,C29_C30,E_ITSP2,PC_ENT,EE,21.15,NaN,22.75,NaN,23.89,NaN
A,GE10,C29_C30,E_ITSP2,PC_ENT,EL,,u,23.76,NaN,9.61,NaN
A,GE10,C29_C30,E_ITSP2,PC_ENT,ES,,u,,u,22.32,NaN
A,GE10,C29_C30,E_ITSP2,PC_ENT,EU15,,NaN,,NaN,,NaN
A,GE10,C29_C30,E_ITSP2,PC_ENT,EU27_2007,,NaN,,NaN,,NaN
A,GE10,C29_C30,E_ITSP2,PC_ENT,EU27_2020,34.65,NaN,36.66,NaN,35.8,NaN
A,GE10,C29_C30,E_ITSP2,PC_ENT,EU28,,NaN,,NaN,,NaN
A,GE10,C29_C30,E_ITSP2,PC_ENT,FI,,u,,u,,u
A,GE10,C29_C30,E_ITSP2,PC_ENT,FR,29.29,NaN,29.01,b,34.01,NaN
A,GE10,C29_C30,E_ITSP2,PC_ENT,HR,20.98,NaN,16.03,NaN,45.29,NaN
A,GE10,C29_C30,E_ITSP2,PC_ENT,HU,55.61,NaN,63.35,NaN,56.39,NaN
A,GE10,C29_C30,E_ITSP2,PC_ENT,IE,52.99,NaN,57.5,NaN,57.27,NaN
A,GE10,C29_C30,E_ITSP2,PC_ENT,IS,,NaN,,NaN,,NaN
A,GE10,C29_C30,E_ITSP2,PC_ENT,IT,24.0,NaN,,u,23.39,NaN
A,GE10,C29_C30,E_ITSP2,PC_ENT,LT,17.19,NaN,28.0,NaN,,u
A,GE10,C29_C30,E_ITSP2,PC_ENT,LU,,u,,u,,u
A,GE10,C29_C30,E_ITSP2,PC_ENT,LV,23.3,NaN,27.88,NaN,35.78,NaN
A,GE10,C29_C30,E_ITSP2,PC_ENT,MK,,u,64.71,NaN,,NaN
A,GE10,C29_C30,E_ITSP2,PC_ENT,MT,,NaN,,NaN,,NaN
A,GE10,C29_C30,E_ITSP2,PC_ENT,NL,28.11,NaN,33.64,NaN,30.72,NaN
A,GE10,C29_C30,E_ITSP2,PC_ENT,NO,21.19,NaN,19.09,NaN,15.9,NaN
A,GE10,C29_C30,E_ITSP2,PC_ENT,PL,42.43,NaN,48.33,NaN,49.25,NaN
A,GE10,C29_C30,E_ITSP2,PC_ENT,PT,43.94,NaN,38.54,NaN,35.93,NaN
A,GE10,C29_C30,E_ITSP2,PC_ENT,RO,23.33,NaN,20.96,NaN,26.73,NaN
A,GE10,C29_C30,E_ITSP2,PC_ENT,RS,23.16,NaN,43.97,NaN,34.21,NaN
A,GE10,C29_C30,E_ITSP2,PC_ENT,SE,23.91,NaN,41.09,NaN,,bu
A,GE10,C29_C30,E_ITSP2,PC_ENT,SI,25.51,NaN,53.29,NaN,37.1,NaN
A,GE10,C29_C30,E_ITSP2,PC_ENT,SK,51.5,NaN,44.77,NaN,48.17,NaN
A,GE10,C29_C30,E_ITSP2,PC_ENT,TR,23.12,NaN,27.82,NaN,24.35,NaN
A,GE10,C29_C30,E_ITSP2,PC_ENT,UK,35.93,NaN,,NaN,,NaN
A,GE10,C29_C30,E_ITSP2,PC_ENT_CUSE,AT,,NaN,,NaN,,NaN
A,GE10,C29_C30,E_ITSP2,PC_ENT_CUSE,BA,,NaN,,NaN,,NaN
A,GE10,C29_C30,E_ITSP2,PC_ENT_CUSE,BE,,NaN,,NaN,,NaN
A,GE10,C29_C30,E_ITSP2,PC_ENT_CUSE,BG,,NaN,,NaN,,NaN
A,GE10,C29_C30,E_ITSP2,PC_ENT_CUSE,CY,,NaN,,NaN,,NaN
A,GE10,C29_C30,E_ITSP2,PC_ENT_CUSE,CZ,,NaN,,NaN,,NaN
A,GE10,C29_C30,E_ITSP2,PC_ENT_CUSE,DE,,NaN,,NaN,,NaN
A,GE10,C29_C30,E_ITSP2,PC_ENT_CUSE,DK,,NaN,,NaN,,NaN
A,GE10,C29_C30,E_ITSP2,PC_ENT_CUSE,EA,,NaN,,NaN,,NaN
A,GE10,C29_C30,E_ITSP2,PC_ENT_CUSE,EE,,NaN,,NaN,,NaN
A,GE10,C29_C30,E_ITSP2,PC_ENT_CUSE,EL,,NaN,,NaN,,NaN
A,GE10,C29_C30,E_ITSP2,PC_ENT_CUSE,ES,,NaN,,NaN,,NaN
A,GE10,C29_C30,E_ITSP2,PC_ENT_CUSE,EU15,,NaN,,NaN,,NaN
A,GE10,C29_C30,E_ITSP2,PC_ENT_CUSE,EU27_2007,,NaN,,NaN,,NaN
A,GE10,C29_C30,E_ITSP2,PC_ENT_CUSE,EU27_2020,,NaN,,NaN,,NaN
A,GE10,C29_C30,E_ITSP2,PC_ENT_CUSE,EU28,,NaN,,NaN,,NaN
A,GE10,C29_C30,E_ITSP2,PC_ENT_CUSE,FI,,NaN,,NaN,,NaN
A,GE10,C29_C30,E_ITSP2,PC_ENT_CUSE,FR,,NaN,,NaN,,NaN
A,GE10,C29_C30,E_ITSP2,PC_ENT_CUSE,HR,,NaN,,NaN,,NaN
A,GE10,C29_C30,E_ITSP2,PC_ENT_CUSE,HU,,NaN,,NaN,,NaN
A,GE10,C29_C30,E_ITSP2,PC_ENT_CUSE,IE,,NaN,,NaN,,NaN
A,GE10,C29_C30,E_ITSP2,PC_ENT_CUSE,IS,,NaN,,NaN,,NaN
A,GE10,C29_C30,E_ITSP2,PC_ENT_CUSE,IT,,NaN,,NaN,,NaN
A,GE10,C29_C30,E_ITSP2,PC_ENT_CUSE,LT,,NaN,,NaN,,NaN
A,GE10,C29_C30,E_ITSP2,PC_ENT_CUSE,LU,,NaN,,NaN,,NaN
A,GE10,C29_C30,E_ITSP2,PC_ENT_CUSE,LV,,NaN,,NaN,,NaN
A,GE10,C29_C30,E_ITSP2,PC_ENT_CUSE,MK,,NaN,,NaN,,NaN
A,GE10,C29_C30,E_ITSP2,PC_ENT_CUSE,MT,,NaN,,NaN,,NaN
A,GE10,C29_C30,E_ITSP2,PC_ENT_CUSE,NL,,NaN,,NaN,,NaN
A,GE10,C29_C30,E_ITSP2,PC_ENT_CUSE,NO,,NaN,,NaN,,NaN
A,GE10,C29_C30,E_ITSP2,PC_ENT_CUSE,PL,,NaN,,NaN,,NaN
A,GE10,C29_C30,E_ITSP2,PC_ENT_CUSE,PT,,NaN,,NaN,,NaN
A,GE10,C29_C30,E_ITSP2,PC_ENT_CUSE,RO,,NaN,,NaN,,NaN
A,GE10,C29_C30,E_ITSP2,PC_ENT_CUSE,RS,,NaN,,NaN,,NaN
A,GE10,C29_C30,E_ITSP2,PC_ENT_CUSE,SE,,NaN,,NaN,,NaN
A,GE10,C29_C30,E_ITSP2,PC_ENT_CUSE,SI,,NaN,,NaN,,NaN
A,GE10,C29_C30,E_ITSP2,PC_ENT_CUSE,SK,,NaN,,NaN,,NaN
A,GE10,C29_C30,E_ITSP2,PC_ENT_CUSE,TR,,NaN,,NaN,,NaN
A,GE10,C29_C30,E_ITSP2,PC_ENT_CUSE,UK,,NaN,,NaN,,NaN
A,GE10,C31-C33,E_ITSP2,PC_ENT,AT,16.35,NaN,18.71,NaN,19.16,NaN
A,GE10,C31-C33,E_ITSP2,PC_ENT,BA,21.51,NaN,16.94,NaN,10.71,NaN
A,GE10,C31-C33,E_ITSP2,PC_ENT,BE,,u,,u,,u
A,GE10,C31-C33,E_ITSP2,PC_ENT,BG,13.69,NaN,13.2,NaN,17.89,NaN
A,GE10,C31-C33,E_ITSP2,PC_ENT,CY,16.47,NaN,16.44,NaN,22.49,NaN
A,GE10,C31-C33,E_ITSP2,PC_ENT,CZ,22.8,NaN,16.48,NaN,21.17,NaN
A,GE10,C31-C33,E_ITSP2,PC_ENT,DE,19.58,NaN,19.92,NaN,18.7,NaN
A,GE10,C31-C33,E_ITSP2,PC_ENT,DK,20.59,NaN,25.8,NaN,22.24,NaN
A,GE10,C31-C33,E_ITSP2,PC_ENT,EA,16.56,NaN,16.7,NaN,17.22,NaN
A,GE10,C31-C33,E_ITSP2,PC_ENT,EE,9.08,NaN,12.99,NaN,14.05,NaN
A,GE10,C31-C33,E_ITSP2,PC_ENT,EL,,u,15.46,NaN,21.21,NaN
A,GE10,C31-C33,E_ITSP2,PC_ENT,ES,,u,,u,11.9,NaN
A,GE10,C31-C33,E_ITSP2,PC_ENT,EU15,,NaN,,NaN,,NaN
A,GE10,C31-C33,E_ITSP2,PC_ENT,EU27_2007,,NaN,,NaN,,NaN
A,GE10,C31-C33,E_ITSP2,PC_ENT,EU27_2020,17.89,NaN,18.18,NaN,18.01,NaN
A,GE10,C31-C33,E_ITSP2,PC_ENT,EU28,,NaN,,NaN,,NaN
A,GE10,C31-C33,E_ITSP2,PC_ENT,FI,,u,,u,,u
A,GE10,C31-C33,E_ITSP2,PC_ENT,FR,16.39,NaN,18.93,b,18.44,NaN
A,GE10,C31-C33,E_ITSP2,PC_ENT,HR,12.62,NaN,20.85,NaN,13.09,NaN
A,GE10,C31-C33,E_ITSP2,PC_ENT,HU,31.45,NaN,31.78,NaN,25.31,NaN
A,GE10,C31-C33,E_ITSP2,PC_ENT,IE,30.62,NaN,37.55,NaN,47.54,NaN
A,GE10,C31-C33,E_ITSP2,PC_ENT,IS,,NaN,,NaN,,NaN
A,GE10,C31-C33,E_ITSP2,PC_ENT,IT,10.67,NaN,10.03,NaN,12.34,NaN
A,GE10,C31-C33,E_ITSP2,PC_ENT,LT,17.69,NaN,14.71,NaN,18.2,NaN
A,GE10,C31-C33,E_ITSP2,PC_ENT,LU,,u,,u,,u
A,GE10,C31-C33,E_ITSP2,PC_ENT,LV,12.5,NaN,19.25,NaN,16.97,NaN
A,GE10,C31-C33,E_ITSP2,PC_ENT,ME,,u,41.67,NaN,,NaN
A,GE10,C31-C33,E_ITSP2,PC_ENT,MK,0.0,NaN,,u,,NaN
A,GE10,C31-C33,E_ITSP2,PC_ENT,MT,23.05,NaN,,NaN,30.51,NaN
A,GE10,C31-C33,E_ITSP2,PC_ENT,NL,20.05,NaN,29.05,NaN,26.15,NaN
A,GE10,C31-C33,E_ITSP2,PC_ENT,NO,11.86,NaN,17.64,NaN,15.69,NaN
A,GE10,C31-C33,E_ITSP2,PC_ENT,PL,26.23,NaN,30.64,NaN,24.46,NaN
A,GE10,C31-C33,E_ITSP2,PC_ENT,PT,23.54,NaN,13.77,NaN,17.24,NaN
A,GE10,C31-C33,E_ITSP2,PC_ENT,RO,11.03,NaN,6.29,NaN,6.5,NaN
A,GE10,C31-C33,E_ITSP2,PC_ENT,RS,14.3,NaN,10.24,NaN,16.27,NaN
A,GE10,C31-C33,E_ITSP2,PC_ENT,SE,23.32,NaN,18.22,NaN,,bu
A,GE10,C31-C33,E_ITSP2,PC_ENT,SI,11.2,NaN,15.67,NaN,8.0,NaN
A,GE10,C31-C33,E_ITSP2,PC_ENT,SK,18.56,NaN,10.55,NaN,19.27,NaN
A,GE10,C31-C33,E_ITSP2,PC_ENT,TR,10.92,NaN,15.71,NaN,8.79,NaN
A,GE10,C31-C33,E_ITSP2,PC_ENT,UK,,u,,NaN,,NaN
A,GE10,C31-C33,E_ITSP2,PC_ENT_CUSE,AT,,NaN,,NaN,,NaN
A,GE10,C31-C33,E_ITSP2,PC_ENT_CUSE,BA,,NaN,,NaN,,NaN
A,GE10,C31-C33,E_ITSP2,PC_ENT_CUSE,BE,,NaN,,NaN,,NaN
A,GE10,C31-C33,E_ITSP2,PC_ENT_CUSE,BG,,NaN,,NaN,,NaN
A,GE10,C31-C33,E_ITSP2,PC_ENT_CUSE,CY,,NaN,,NaN,,NaN
A,GE10,C31-C33,E_ITSP2,PC_ENT_CUSE,CZ,,NaN,,NaN,,NaN
A,GE10,C31-C33,E_ITSP2,PC_ENT_CUSE,DE,,NaN,,NaN,,NaN
A,GE10,C31-C33,E_ITSP2,PC_ENT_CUSE,DK,,NaN,,NaN,,NaN
A,GE10,C31-C33,E_ITSP2,PC_ENT_CUSE,EA,,NaN,,NaN,,NaN
A,GE10,C31-C33,E_ITSP2,PC_ENT_CUSE,EE,,NaN,,NaN,,NaN
A,GE10,C31-C33,E_ITSP2,PC_ENT_CUSE,EL,,NaN,,NaN,,NaN
A,GE10,C31-C33,E_ITSP2,PC_ENT_CUSE,ES,,NaN,,NaN,,NaN
A,GE10,C31-C33,E_ITSP2,PC_ENT_CUSE,EU15,,NaN,,NaN,,NaN
A,GE10,C31-C33,E_ITSP2,PC_ENT_CUSE,EU27_2007,,NaN,,NaN,,NaN
A,GE10,C31-C33,E_ITSP2,PC_ENT_CUSE,EU27_2020,,NaN,,NaN,,NaN
A,GE10,C31-C33,E_ITSP2,PC_ENT_CUSE,EU28,,NaN,,NaN,,NaN
A,GE10,C31-C33,E_ITSP2,PC_ENT_CUSE,FI,,NaN,,NaN,,NaN
A,GE10,C31-C33,E_ITSP2,PC_ENT_CUSE,FR,,NaN,,NaN,,NaN
A,GE10,C31-C33,E_ITSP2,PC_ENT_CUSE,HR,,NaN,,NaN,,NaN
A,GE10,C31-C33,E_ITSP2,PC_ENT_CUSE,HU,,NaN,,NaN,,NaN
A,GE10,C31-C33,E_ITSP2,PC_ENT_CUSE,IE,,NaN,,NaN,,NaN
A,GE10,C31-C33,E_ITSP2,PC_ENT_CUSE,IS,,NaN,,NaN,,NaN
A,GE10,C31-C33,E_ITSP2,PC_ENT_CUSE,IT,,NaN,,NaN,,NaN
A,GE10,C31-C33,E_ITSP2,PC_ENT_CUSE,LT,,NaN,,NaN,,NaN
A,GE10,C31-C33,E_ITSP2,PC_ENT_CUSE,LU,,NaN,,NaN,,NaN
A,GE10,C31-C33,E_ITSP2,PC_ENT_CUSE,LV,,NaN,,NaN,,NaN
A,GE10,C31-C33,E_ITSP2,PC_ENT_CUSE,ME,,NaN,,NaN,,NaN
A,GE10,C31-C33,E_ITSP2,PC_ENT_CUSE,MK,,NaN,,NaN,,NaN
A,GE10,C31-C33,E_ITSP2,PC_ENT_CUSE,MT,,NaN,,NaN,,NaN
A,GE10,C31-C33,E_ITSP2,PC_ENT_CUSE,NL,,NaN,,NaN,,NaN
A,GE10,C31-C33,E_ITSP2,PC_ENT_CUSE,NO,,NaN,,NaN,,NaN
A,GE10,C31-C33,E_ITSP2,PC_ENT_CUSE,PL,,NaN,,NaN,,NaN
A,GE10,C31-C33,E_ITSP2,PC_ENT_CUSE,PT,,NaN,,NaN,,NaN
A,GE10,C31-C33,E_ITSP2,PC_ENT_CUSE,RO,,NaN,,NaN,,NaN
A,GE10,C31-C33,E_ITSP2,PC_ENT_CUSE,RS,,NaN,,NaN,,NaN
A,GE10,C31-C33,E_ITSP2,PC_ENT_CUSE,SE,,NaN,,NaN,,NaN
A,GE10,C31-C33,E_ITSP2,PC_ENT_CUSE,SI,,NaN,,NaN,,NaN
A,GE10,C31-C33,E_ITSP2,PC_ENT_CUSE,SK,,NaN,,NaN,,NaN
A,GE10,C31-C33,E_ITSP2,PC_ENT_CUSE,TR,,NaN,,NaN,,NaN
A,GE10,C31-C33,E_ITSP2,PC_ENT_CUSE,UK,,NaN,,NaN,,NaN
A,GE10,D35,E_ITSP2,PC_ENT,AL,,NaN,52.0,b,,NaN
A,GE10,D35,E_ITSP2,PC_ENT,AT,,NaN,,u,,u
A,GE10,D35,E_ITSP2,PC_ENT,BA,,NaN,44.44,NaN,50.91,NaN
A,GE10,D35,E_ITSP2,PC_ENT,BE,,NaN,77.27,NaN,,u
A,GE10,D35,E_ITSP2,PC_ENT,BG,,NaN,46.26,NaN,29.93,NaN
A,GE10,D35,E_ITSP2,PC_ENT,CY,,NaN,,NaN,100.0,NaN
A,GE10,D35,E_ITSP2,PC_ENT,CZ,,NaN,19.19,NaN,20.57,NaN
A,GE10,D35,E_ITSP2,PC_ENT,DE,,NaN,55.87,NaN,59.89,NaN
A,GE10,D35,E_ITSP2,PC_ENT,DK,,NaN,66.03,NaN,70.25,NaN
A,GE10,D35,E_ITSP2,PC_ENT,EA,,NaN,50.09,NaN,49.72,NaN
A,GE10,D35,E_ITSP2,PC_ENT,EE,,NaN,22.27,NaN,33.15,NaN
A,GE10,D35,E_ITSP2,PC_ENT,EL,,NaN,46.07,NaN,37.41,NaN
A,GE10,D35,E_ITSP2,PC_ENT,ES,,NaN,,u,,u
A,GE10,D35,E_ITSP2,PC_ENT,EU27_2020,,NaN,48.51,NaN,47.87,NaN
A,GE10,D35,E_ITSP2,PC_ENT,FI,,NaN,,u,,u
A,GE10,D35,E_ITSP2,PC_ENT,FR,,NaN,,bu,48.13,NaN
A,GE10,D35,E_ITSP2,PC_ENT,HR,,NaN,38.25,NaN,9.17,NaN
A,GE10,D35,E_ITSP2,PC_ENT,HU,,NaN,43.06,NaN,48.08,NaN
A,GE10,D35,E_ITSP2,PC_ENT,IE,,NaN,45.65,NaN,73.33,NaN
A,GE10,D35,E_ITSP2,PC_ENT,IT,,NaN,,u,,u
A,GE10,D35,E_ITSP2,PC_ENT,LT,,NaN,,u,,u
A,GE10,D35,E_ITSP2,PC_ENT,LU,,NaN,,u,,u
A,GE10,D35,E_ITSP2,PC_ENT,LV,,NaN,33.48,NaN,32.96,NaN
A,GE10,D35,E_ITSP2,PC_ENT,ME,,NaN,,NaN,,NaN
A,GE10,D35,E_ITSP2,PC_ENT,MK,,NaN,,u,,NaN
A,GE10,D35,E_ITSP2,PC_ENT,MT,,NaN,,u,,u
A,GE10,D35,E_ITSP2,PC_ENT,NL,,NaN,71.19,NaN,60.42,NaN
A,GE10,D35,E_ITSP2,PC_ENT,NO,,NaN,63.61,NaN,62.5,NaN
A,GE10,D35,E_ITSP2,PC_ENT,PL,,NaN,49.04,NaN,50.94,NaN
A,GE10,D35,E_ITSP2,PC_ENT,PT,,NaN,,u,50.0,NaN
A,GE10,D35,E_ITSP2,PC_ENT,RO,,NaN,39.34,NaN,26.83,NaN
A,GE10,D35,E_ITSP2,PC_ENT,RS,,NaN,35.26,NaN,33.33,NaN
A,GE10,D35,E_ITSP2,PC_ENT,SE,,NaN,65.21,NaN,63.22,b
A,GE10,D35,E_ITSP2,PC_ENT,SI,,NaN,56.31,NaN,,u
A,GE10,D35,E_ITSP2,PC_ENT,SK,,NaN,26.98,NaN,20.22,NaN
A,GE10,D35,E_ITSP2,PC_ENT,TR,,NaN,51.78,NaN,46.95,NaN
A,GE10,D_E,E_ITSP2,PC_ENT,AL,,NaN,38.19,b,,NaN
A,GE10,D_E,E_ITSP2,PC_ENT,AT,17.42,NaN,,u,33.23,NaN
A,GE10,D_E,E_ITSP2,PC_ENT,BA,16.49,NaN,15.36,NaN,23.96,NaN
A,GE10,D_E,E_ITSP2,PC_ENT,BE,,u,,u,,u
A,GE10,D_E,E_ITSP2,PC_ENT,BG,16.4,NaN,,u,,u
A,GE10,D_E,E_ITSP2,PC_ENT,CY,27.0,NaN,26.26,NaN,29.09,NaN
A,GE10,D_E,E_ITSP2,PC_ENT,CZ,19.11,NaN,19.14,NaN,18.43,NaN
A,GE10,D_E,E_ITSP2,PC_ENT,DE,28.9,NaN,32.91,NaN,35.17,NaN
A,GE10,D_E,E_ITSP2,PC_ENT,DK,43.24,NaN,,u,47.17,NaN
A,GE10,D_E,E_ITSP2,PC_ENT,EA,24.63,NaN,29.07,NaN,28.22,NaN
A,GE10,D_E,E_ITSP2,PC_ENT,EE,23.2,NaN,26.52,NaN,26.14,NaN
A,GE10,D_E,E_ITSP2,PC_ENT,EL,,u,28.66,NaN,29.18,NaN
A,GE10,D_E,E_ITSP2,PC_ENT,ES,22.52,NaN,25.08,NaN,20.0,NaN
A,GE10,D_E,E_ITSP2,PC_ENT,EU15,,NaN,,NaN,,NaN
A,GE10,D_E,E_ITSP2,PC_ENT,EU27_2007,,NaN,,NaN,,NaN
A,GE10,D_E,E_ITSP2,PC_ENT,EU27_2020,26.29,NaN,30.45,NaN,28.8,NaN
A,GE10,D_E,E_ITSP2,PC_ENT,EU28,,NaN,,NaN,,NaN
A,GE10,D_E,E_ITSP2,PC_ENT,FI,42.85,NaN,41.94,NaN,47.2,NaN
A,GE10,D_E,E_ITSP2,PC_ENT,FR,18.51,NaN,20.51,b,21.55,NaN
A,GE10,D_E,E_ITSP2,PC_ENT,HR,25.67,NaN,29.91,NaN,24.57,NaN
A,GE10,D_E,E_ITSP2,PC_ENT,HU,41.49,NaN,46.49,NaN,43.06,NaN
A,GE10,D_E,E_ITSP2,PC_ENT,IE,27.06,NaN,43.76,NaN,28.09,NaN
A,GE10,D_E,E_ITSP2,PC_ENT,IS,64.0,NaN,,NaN,,NaN
A,GE10,D_E,E_ITSP2,PC_ENT,IT,17.48,NaN,19.96,NaN,17.23,NaN
A,GE10,D_E,E_ITSP2,PC_ENT,LT,27.82,NaN,32.52,NaN,35.17,NaN
A,GE10,D_E,E_ITSP2,PC_ENT,LU,44.11,NaN,45.08,NaN,41.7,NaN
A,GE10,D_E,E_ITSP2,PC_ENT,LV,24.37,NaN,30.14,NaN,30.33,NaN
A,GE10,D_E,E_ITSP2,PC_ENT,ME,37.99,NaN,40.23,NaN,56.59,NaN
A,GE10,D_E,E_ITSP2,PC_ENT,MK,20.94,NaN,,u,,NaN
A,GE10,D_E,E_ITSP2,PC_ENT,MT,,u,,u,,u
A,GE10,D_E,E_ITSP2,PC_ENT,NL,33.81,NaN,39.52,NaN,40.19,NaN
A,GE10,D_E,E_ITSP2,PC_ENT,NO,30.26,NaN,41.89,NaN,40.53,NaN
A,GE10,D_E,E_ITSP2,PC_ENT,PL,37.17,NaN,39.84,NaN,35.12,NaN
A,GE10,D_E,E_ITSP2,PC_ENT,PT,30.89,NaN,36.22,NaN,42.29,NaN
A,GE10,D_E,E_ITSP2,PC_ENT,RO,18.16,NaN,19.95,NaN,15.31,NaN
A,GE10,D_E,E_ITSP2,PC_ENT,RS,22.72,NaN,20.13,NaN,25.2,NaN
A,GE10,D_E,E_ITSP2,PC_ENT,SE,43.16,NaN,42.81,NaN,44.92,b
A,GE10,D_E,E_ITSP2,PC_ENT,SI,34.85,NaN,37.07,NaN,33.07,NaN
A,GE10,D_E,E_ITSP2,PC_ENT,SK,21.08,NaN,21.83,NaN,19.27,NaN
A,GE10,D_E,E_ITSP2,PC_ENT,TR,27.38,NaN,36.62,NaN,33.6,NaN
A,GE10,D_E,E_ITSP2,PC_ENT,UK,,u,,NaN,,NaN
A,GE10,D_E,E_ITSP2,PC_ENT_CUSE,AT,,NaN,,NaN,,NaN
A,GE10,D_E,E_ITSP2,PC_ENT_CUSE,BA,,NaN,,NaN,,NaN
A,GE10,D_E,E_ITSP2,PC_ENT_CUSE,BE,,NaN,,NaN,,NaN
A,GE10,D_E,E_ITSP2,PC_ENT_CUSE,BG,,NaN,,NaN,,NaN
A,GE10,D_E,E_ITSP2,PC_ENT_CUSE,CY,,NaN,,NaN,,NaN
A,GE10,D_E,E_ITSP2,PC_ENT_CUSE,CZ,,NaN,,NaN,,NaN
A,GE10,D_E,E_ITSP2,PC_ENT_CUSE,DE,,NaN,,NaN,,NaN
A,GE10,D_E,E_ITSP2,PC_ENT_CUSE,DK,,NaN,,NaN,,NaN
A,GE10,D_E,E_ITSP2,PC_ENT_CUSE,EA,,NaN,,NaN,,NaN
A,GE10,D_E,E_ITSP2,PC_ENT_CUSE,EE,,NaN,,NaN,,NaN
A,GE10,D_E,E_ITSP2,PC_ENT_CUSE,EL,,NaN,,NaN,,NaN
A,GE10,D_E,E_ITSP2,PC_ENT_CUSE,ES,,NaN,,NaN,,NaN
A,GE10,D_E,E_ITSP2,PC_ENT_CUSE,EU15,,NaN,,NaN,,NaN
A,GE10,D_E,E_ITSP2,PC_ENT_CUSE,EU27_2007,,NaN,,NaN,,NaN
A,GE10,D_E,E_ITSP2,PC_ENT_CUSE,EU27_2020,,NaN,,NaN,,NaN
A,GE10,D_E,E_ITSP2,PC_ENT_CUSE,EU28,,NaN,,NaN,,NaN
A,GE10,D_E,E_ITSP2,PC_ENT_CUSE,FI,,NaN,,NaN,,NaN
A,GE10,D_E,E_ITSP2,PC_ENT_CUSE,FR,,NaN,,NaN,,NaN
A,GE10,D_E,E_ITSP2,PC_ENT_CUSE,HR,,NaN,,NaN,,NaN
A,GE10,D_E,E_ITSP2,PC_ENT_CUSE,HU,,NaN,,NaN,,NaN
A,GE10,D_E,E_ITSP2,PC_ENT_CUSE,IE,,NaN,,NaN,,NaN
A,GE10,D_E,E_ITSP2,PC_ENT_CUSE,IS,,NaN,,NaN,,NaN
A,GE10,D_E,E_ITSP2,PC_ENT_CUSE,IT,,NaN,,NaN,,NaN
A,GE10,D_E,E_ITSP2,PC_ENT_CUSE,LT,,NaN,,NaN,,NaN
A,GE10,D_E,E_ITSP2,PC_ENT_CUSE,LU,,NaN,,NaN,,NaN
A,GE10,D_E,E_ITSP2,PC_ENT_CUSE,LV,,NaN,,NaN,,NaN
A,GE10,D_E,E_ITSP2,PC_ENT_CUSE,ME,,NaN,,NaN,,NaN
A,GE10,D_E,E_ITSP2,PC_ENT_CUSE,MK,,NaN,,NaN,,NaN
A,GE10,D_E,E_ITSP2,PC_ENT_CUSE,MT,,NaN,,NaN,,NaN
A,GE10,D_E,E_ITSP2,PC_ENT_CUSE,NL,,NaN,,NaN,,NaN
A,GE10,D_E,E_ITSP2,PC_ENT_CUSE,NO,,NaN,,NaN,,NaN
A,GE10,D_E,E_ITSP2,PC_ENT_CUSE,PL,,NaN,,NaN,,NaN
A,GE10,D_E,E_ITSP2,PC_ENT_CUSE,PT,,NaN,,NaN,,NaN
A,GE10,D_E,E_ITSP2,PC_ENT_CUSE,RO,,NaN,,NaN,,NaN
A,GE10,D_E,E_ITSP2,PC_ENT_CUSE,RS,,NaN,,NaN,,NaN
A,GE10,D_E,E_ITSP2,PC_ENT_CUSE,SE,,NaN,,NaN,,NaN
A,GE10,D_E,E_ITSP2,PC_ENT_CUSE,SI,,NaN,,NaN,,NaN
A,GE10,D_E,E_ITSP2,PC_ENT_CUSE,SK,,NaN,,NaN,,NaN
A,GE10,D_E,E_ITSP2,PC_ENT_CUSE,TR,,NaN,,NaN,,NaN
A,GE10,D_E,E_ITSP2,PC_ENT_CUSE,UK,,NaN,,NaN,,NaN
A,GE10,E,E_ITSP2,PC_ENT,AL,,NaN,29.84,b,,NaN
A,GE10,E,E_ITSP2,PC_ENT,AT,,NaN,,u,,u
A,GE10,E,E_ITSP2,PC_ENT,BA,,NaN,8.94,NaN,16.76,NaN
A,GE10,E,E_ITSP2,PC_ENT,BE,,NaN,,u,,u
A,GE10,E,E_ITSP2,PC_ENT,BG,,NaN,22.08,NaN,19.98,NaN
A,GE10,E,E_ITSP2,PC_ENT,CY,,NaN,25.39,NaN,27.72,NaN
A,GE10,E,E_ITSP2,PC_ENT,CZ,,NaN,19.11,NaN,17.34,NaN
A,GE10,E,E_ITSP2,PC_ENT,DE,,NaN,23.73,NaN,24.99,NaN
A,GE10,E,E_ITSP2,PC_ENT,DK,,NaN,40.76,NaN,26.21,NaN
A,GE10,E,E_ITSP2,PC_ENT,EA,,NaN,22.25,NaN,21.29,NaN
A,GE10,E,E_ITSP2,PC_ENT,EE,,NaN,29.28,NaN,21.94,NaN
A,GE10,E,E_ITSP2,PC_ENT,EL,,NaN,22.4,NaN,25.93,NaN
A,GE10,E,E_ITSP2,PC_ENT,ES,,NaN,,u,16.06,NaN
A,GE10,E,E_ITSP2,PC_ENT,EU27_2020,,NaN,24.47,NaN,22.53,NaN
A,GE10,E,E_ITSP2,PC_ENT,FI,,NaN,,u,,u
A,GE10,E,E_ITSP2,PC_ENT,FR,,NaN,17.44,b,15.31,NaN
A,GE10,E,E_ITSP2,PC_ENT,HR,,NaN,27.3,NaN,26.55,NaN
A,GE10,E,E_ITSP2,PC_ENT,HU,,NaN,47.41,NaN,41.62,NaN
A,GE10,E,E_ITSP2,PC_ENT,IE,,NaN,43.48,NaN,18.92,NaN
A,GE10,E,E_ITSP2,PC_ENT,IT,,NaN,,u,,u
A,GE10,E,E_ITSP2,PC_ENT,LT,,NaN,,u,32.45,NaN
A,GE10,E,E_ITSP2,PC_ENT,LU,,NaN,,u,,u
A,GE10,E,E_ITSP2,PC_ENT,LV,,NaN,27.12,NaN,27.75,NaN
A,GE10,E,E_ITSP2,PC_ENT,ME,,NaN,42.31,NaN,61.8,NaN
A,GE10,E,E_ITSP2,PC_ENT,MK,,NaN,,u,,NaN
A,GE10,E,E_ITSP2,PC_ENT,MT,,NaN,35.42,NaN,,u
A,GE10,E,E_ITSP2,PC_ENT,NL,,NaN,30.24,NaN,33.67,NaN
A,GE10,E,E_ITSP2,PC_ENT,NO,,NaN,19.27,NaN,17.93,NaN
A,GE10,E,E_ITSP2,PC_ENT,PL,,NaN,37.57,NaN,31.14,NaN
A,GE10,E,E_ITSP2,PC_ENT,PT,,NaN,28.14,NaN,40.7,NaN
A,GE10,E,E_ITSP2,PC_ENT,RO,,NaN,15.36,NaN,12.75,NaN
A,GE10,E,E_ITSP2,PC_ENT,RS,,NaN,16.28,NaN,23.07,NaN
A,GE10,E,E_ITSP2,PC_ENT,SE,,NaN,22.11,NaN,29.15,b
A,GE10,E,E_ITSP2,PC_ENT,SI,,NaN,30.13,NaN,27.82,NaN
A,GE10,E,E_ITSP2,PC_ENT,SK,,NaN,17.65,NaN,18.56,NaN
A,GE10,E,E_ITSP2,PC_ENT,TR,,NaN,20.23,NaN,15.69,NaN
A,GE10,F,E_ITSP2,PC_ENT,AL,,NaN,19.04,b,,NaN
A,GE10,F,E_ITSP2,PC_ENT,AT,8.24,NaN,9.03,NaN,7.12,NaN
A,GE10,F,E_ITSP2,PC_ENT,BA,7.73,NaN,,u,,u
A,GE10,F,E_ITSP2,PC_ENT,BE,17.12,NaN,15.14,NaN,10.97,NaN
A,GE10,F,E_ITSP2,PC_ENT,BG,9.33,NaN,5.39,NaN,8.44,NaN
A,GE10,F,E_ITSP2,PC_ENT,CY,13.63,NaN,12.17,NaN,12.7,NaN
A,GE10,F,E_ITSP2,PC_ENT,CZ,7.24,NaN,7.29,NaN,6.94,NaN
A,GE10,F,E_ITSP2,PC_ENT,DE,4.98,NaN,7.95,NaN,6.96,NaN
A,GE10,F,E_ITSP2,PC_ENT,DK,8.87,NaN,10.18,NaN,9.55,NaN
A,GE10,F,E_ITSP2,PC_ENT,EA,7.22,NaN,7.8,NaN,7.35,NaN
A,GE10,F,E_ITSP2,PC_ENT,EE,6.0,NaN,3.84,NaN,6.04,NaN
A,GE10,F,E_ITSP2,PC_ENT,EL,,u,12.72,NaN,15.27,NaN
A,GE10,F,E_ITSP2,PC_ENT,ES,7.48,NaN,6.03,NaN,4.45,NaN
A,GE10,F,E_ITSP2,PC_ENT,EU15,,NaN,,NaN,,NaN
A,GE10,F,E_ITSP2,PC_ENT,EU27_2007,,NaN,,NaN,,NaN
A,GE10,F,E_ITSP2,PC_ENT,EU27_2020,8.41,NaN,8.75,NaN,7.97,NaN
A,GE10,F,E_ITSP2,PC_ENT,EU28,,NaN,,NaN,,NaN
A,GE10,F,E_ITSP2,PC_ENT,FI,8.67,NaN,13.56,NaN,15.61,NaN
A,GE10,F,E_ITSP2,PC_ENT,FR,6.87,NaN,4.89,b,7.53,NaN
A,GE10,F,E_ITSP2,PC_ENT,HR,8.44,NaN,2.35,NaN,5.11,NaN
A,GE10,F,E_ITSP2,PC_ENT,HU,21.25,NaN,15.13,NaN,15.22,NaN
A,GE10,F,E_ITSP2,PC_ENT,IE,17.44,NaN,21.1,NaN,21.19,NaN
A,GE10,F,E_ITSP2,PC_ENT,IS,0.34,NaN,,NaN,,NaN
A,GE10,F,E_ITSP2,PC_ENT,IT,6.11,NaN,6.64,NaN,5.3,NaN
A,GE10,F,E_ITSP2,PC_ENT,LT,5.71,NaN,4.95,NaN,6.41,NaN
A,GE10,F,E_ITSP2,PC_ENT,LU,12.49,NaN,8.74,NaN,10.24,NaN
A,GE10,F,E_ITSP2,PC_ENT,LV,11.54,NaN,9.04,NaN,6.3,NaN
A,GE10,F,E_ITSP2,PC_ENT,ME,,u,26.4,NaN,20.92,NaN
A,GE10,F,E_ITSP2,PC_ENT,MK,,NaN,,u,,NaN
A,GE10,F,E_ITSP2,PC_ENT,MT,9.59,NaN,18.47,NaN,16.14,NaN
A,GE10,F,E_ITSP2,PC_ENT,NL,11.95,NaN,14.88,NaN,14.9,NaN
A,GE10,F,E_ITSP2,PC_ENT,NO,5.9,NaN,7.42,NaN,5.4,NaN
A,GE10,F,E_ITSP2,PC_ENT,PL,14.38,NaN,19.78,NaN,14.3,NaN
A,GE10,F,E_ITSP2,PC_ENT,PT,10.4,NaN,8.91,NaN,8.19,NaN
A,GE10,F,E_ITSP2,PC_ENT,RO,14.63,NaN,5.55,NaN,6.27,NaN
A,GE10,F,E_ITSP2,PC_ENT,RS,8.4,NaN,18.6,NaN,17.04,NaN
A,GE10,F,E_ITSP2,PC_ENT,SE,5.81,NaN,8.91,NaN,5.5,b
A,GE10,F,E_ITSP2,PC_ENT,SI,2.59,NaN,3.5,NaN,3.31,NaN
A,GE10,F,E_ITSP2,PC_ENT,SK,4.49,NaN,6.23,NaN,6.89,NaN
A,GE10,F,E_ITSP2,PC_ENT,TR,5.76,NaN,9.66,NaN,5.07,NaN
A,GE10,F,E_ITSP2,PC_ENT,UK,28.54,NaN,,NaN,,NaN
A,GE10,F,E_ITSP2,PC_ENT_CUSE,AT,,NaN,,NaN,,NaN
A,GE10,F,E_ITSP2,PC_ENT_CUSE,BA,,NaN,,NaN,,NaN
A,GE10,F,E_ITSP2,PC_ENT_CUSE,BE,,NaN,,NaN,,NaN
A,GE10,F,E_ITSP2,PC_ENT_CUSE,BG,,NaN,,NaN,,NaN
A,GE10,F,E_ITSP2,PC_ENT_CUSE,CY,,NaN,,NaN,,NaN
A,GE10,F,E_ITSP2,PC_ENT_CUSE,CZ,,NaN,,NaN,,NaN
A,GE10,F,E_ITSP2,PC_ENT_CUSE,DE,,NaN,,NaN,,NaN
A,GE10,F,E_ITSP2,PC_ENT_CUSE,DK,,NaN,,NaN,,NaN
A,GE10,F,E_ITSP2,PC_ENT_CUSE,EA,,NaN,,NaN,,NaN
A,GE10,F,E_ITSP2,PC_ENT_CUSE,EE,,NaN,,NaN,,NaN
A,GE10,F,E_ITSP2,PC_ENT_CUSE,EL,,NaN,,NaN,,NaN
A,GE10,F,E_ITSP2,PC_ENT_CUSE,ES,,NaN,,NaN,,NaN
A,GE10,F,E_ITSP2,PC_ENT_CUSE,EU15,,NaN,,NaN,,NaN
A,GE10,F,E_ITSP2,PC_ENT_CUSE,EU27_2007,,NaN,,NaN,,NaN
A,GE10,F,E_ITSP2,PC_ENT_CUSE,EU27_2020,,NaN,,NaN,,NaN
A,GE10,F,E_ITSP2,PC_ENT_CUSE,EU28,,NaN,,NaN,,NaN
A,GE10,F,E_ITSP2,PC_ENT_CUSE,FI,,NaN,,NaN,,NaN
A,GE10,F,E_ITSP2,PC_ENT_CUSE,FR,,NaN,,NaN,,NaN
A,GE10,F,E_ITSP2,PC_ENT_CUSE,HR,,NaN,,NaN,,NaN
A,GE10,F,E_ITSP2,PC_ENT_CUSE,HU,,NaN,,NaN,,NaN
A,GE10,F,E_ITSP2,PC_ENT_CUSE,IE,,NaN,,NaN,,NaN
A,GE10,F,E_ITSP2,PC_ENT_CUSE,IS,,NaN,,NaN,,NaN
A,GE10,F,E_ITSP2,PC_ENT_CUSE,IT,,NaN,,NaN,,NaN
A,GE10,F,E_ITSP2,PC_ENT_CUSE,LT,,NaN,,NaN,,NaN
A,GE10,F,E_ITSP2,PC_ENT_CUSE,LU,,NaN,,NaN,,NaN
A,GE10,F,E_ITSP2,PC_ENT_CUSE,LV,,NaN,,NaN,,NaN
A,GE10,F,E_ITSP2,PC_ENT_CUSE,ME,,NaN,,NaN,,NaN
A,GE10,F,E_ITSP2,PC_ENT_CUSE,MK,,NaN,,NaN,,NaN
A,GE10,F,E_ITSP2,PC_ENT_CUSE,MT,,NaN,,NaN,,NaN
A,GE10,F,E_ITSP2,PC_ENT_CUSE,NL,,NaN,,NaN,,NaN
A,GE10,F,E_ITSP2,PC_ENT_CUSE,NO,,NaN,,NaN,,NaN
A,GE10,F,E_ITSP2,PC_ENT_CUSE,PL,,NaN,,NaN,,NaN
A,GE10,F,E_ITSP2,PC_ENT_CUSE,PT,,NaN,,NaN,,NaN
A,GE10,F,E_ITSP2,PC_ENT_CUSE,RO,,NaN,,NaN,,NaN
A,GE10,F,E_ITSP2,PC_ENT_CUSE,RS,,NaN,,NaN,,NaN
A,GE10,F,E_ITSP2,PC_ENT_CUSE,SE,,NaN,,NaN,,NaN
A,GE10,F,E_ITSP2,PC_ENT_CUSE,SI,,NaN,,NaN,,NaN
A,GE10,F,E_ITSP2,PC_ENT_CUSE,SK,,NaN,,NaN,,NaN
A,GE10,F,E_ITSP2,PC_ENT_CUSE,TR,,NaN,,NaN,,NaN
A,GE10,F,E_ITSP2,PC_ENT_CUSE,UK,,NaN,,NaN,,NaN
A,GE10,G,E_ITSP2,PC_ENT,AL,,NaN,20.41,b,,NaN
A,GE10,G,E_ITSP2,PC_ENT,AT,16.25,NaN,22.79,NaN,18.57,NaN
A,GE10,G,E_ITSP2,PC_ENT,BA,11.8,NaN,10.43,NaN,18.25,NaN
A,GE10,G,E_ITSP2,PC_ENT,BE,27.02,NaN,33.1,NaN,29.86,NaN
A,GE10,G,E_ITSP2,PC_ENT,BG,13.33,NaN,13.92,NaN,16.97,NaN
A,GE10,G,E_ITSP2,PC_ENT,CY,23.31,NaN,21.8,NaN,23.57,NaN
A,GE10,G,E_ITSP2,PC_ENT,CZ,17.93,NaN,19.29,NaN,19.57,NaN
A,GE10,G,E_ITSP2,PC_ENT,DE,19.84,NaN,19.83,NaN,21.33,NaN
A,GE10,G,E_ITSP2,PC_ENT,DK,26.13,NaN,33.44,NaN,29.91,NaN
A,GE10,G,E_ITSP2,PC_ENT,EA,18.05,NaN,19.61,NaN,18.23,NaN
A,GE10,G,E_ITSP2,PC_ENT,EE,14.9,NaN,16.24,NaN,17.98,NaN
A,GE10,G,E_ITSP2,PC_ENT,EL,,u,24.06,NaN,19.47,NaN
A,GE10,G,E_ITSP2,PC_ENT,ES,17.21,NaN,17.6,NaN,14.04,NaN
A,GE10,G,E_ITSP2,PC_ENT,EU15,,NaN,,NaN,,NaN
A,GE10,G,E_ITSP2,PC_ENT,EU27_2007,,NaN,,NaN,,NaN
A,GE10,G,E_ITSP2,PC_ENT,EU27_2020,18.56,NaN,20.36,NaN,19.12,NaN
A,GE10,G,E_ITSP2,PC_ENT,EU28,,NaN,,NaN,,NaN
A,GE10,G,E_ITSP2,PC_ENT,FI,24.47,NaN,25.66,NaN,26.54,NaN
A,GE10,G,E_ITSP2,PC_ENT,FR,14.53,NaN,16.1,b,12.8,NaN
A,GE10,G,E_ITSP2,PC_ENT,HR,15.18,NaN,17.99,NaN,13.12,NaN
A,GE10,G,E_ITSP2,PC_ENT,HU,27.89,NaN,26.56,NaN,30.01,NaN
A,GE10,G,E_ITSP2,PC_ENT,IE,22.93,NaN,29.33,NaN,24.86,NaN
A,GE10,G,E_ITSP2,PC_ENT,IS,11.51,NaN,,NaN,,NaN
A,GE10,G,E_ITSP2,PC_ENT,IT,12.7,NaN,12.62,NaN,11.87,NaN
A,GE10,G,E_ITSP2,PC_ENT,LT,16.37,NaN,18.23,NaN,15.59,NaN
A,GE10,G,E_ITSP2,PC_ENT,LU,18.39,NaN,21.28,NaN,20.75,NaN
A,GE10,G,E_ITSP2,PC_ENT,LV,20.97,NaN,18.82,NaN,17.11,NaN
A,GE10,G,E_ITSP2,PC_ENT,ME,21.46,NaN,18.84,NaN,33.32,NaN
A,GE10,G,E_ITSP2,PC_ENT,MK,13.43,NaN,16.43,NaN,,NaN
A,GE10,G,E_ITSP2,PC_ENT,MT,25.25,NaN,29.11,NaN,28.59,NaN
A,GE10,G,E_ITSP2,PC_ENT,NL,23.54,NaN,31.42,NaN,31.27,NaN
A,GE10,G,E_ITSP2,PC_ENT,NO,13.74,NaN,18.95,NaN,25.59,NaN
A,GE10,G,E_ITSP2,PC_ENT,PL,23.18,NaN,29.2,NaN,25.36,NaN
A,GE10,G,E_ITSP2,PC_ENT,PT,21.4,NaN,19.41,NaN,18.74,NaN
A,GE10,G,E_ITSP2,PC_ENT,RO,12.2,NaN,8.0,NaN,9.97,NaN
A,GE10,G,E_ITSP2,PC_ENT,RS,9.95,NaN,16.04,NaN,13.94,NaN
A,GE10,G,E_ITSP2,PC_ENT,SE,23.2,NaN,26.32,NaN,25.22,b
A,GE10,G,E_ITSP2,PC_ENT,SI,18.75,NaN,22.65,NaN,19.67,NaN
A,GE10,G,E_ITSP2,PC_ENT,SK,15.43,NaN,17.52,NaN,15.19,NaN
A,GE10,G,E_ITSP2,PC_ENT,TR,11.92,NaN,18.96,NaN,13.36,NaN
A,GE10,G,E_ITSP2,PC_ENT,UK,26.96,NaN,,NaN,,NaN
A,GE10,G,E_ITSP2,PC_ENT_CUSE,AT,,NaN,,NaN,,NaN
A,GE10,G,E_ITSP2,PC_ENT_CUSE,BA,,NaN,,NaN,,NaN
A,GE10,G,E_ITSP2,PC_ENT_CUSE,BE,,NaN,,NaN,,NaN
A,GE10,G,E_ITSP2,PC_ENT_CUSE,BG,,NaN,,NaN,,NaN
A,GE10,G,E_ITSP2,PC_ENT_CUSE,CY,,NaN,,NaN,,NaN
A,GE10,G,E_ITSP2,PC_ENT_CUSE,CZ,,NaN,,NaN,,NaN
A,GE10,G,E_ITSP2,PC_ENT_CUSE,DE,,NaN,,NaN,,NaN
A,GE10,G,E_ITSP2,PC_ENT_CUSE,DK,,NaN,,NaN,,NaN
A,GE10,G,E_ITSP2,PC_ENT_CUSE,EA,,NaN,,NaN,,NaN
A,GE10,G,E_ITSP2,PC_ENT_CUSE,EE,,NaN,,NaN,,NaN
A,GE10,G,E_ITSP2,PC_ENT_CUSE,EL,,NaN,,NaN,,NaN
A,GE10,G,E_ITSP2,PC_ENT_CUSE,ES,,NaN,,NaN,,NaN
A,GE10,G,E_ITSP2,PC_ENT_CUSE,EU15,,NaN,,NaN,,NaN
A,GE10,G,E_ITSP2,PC_ENT_CUSE,EU27_2007,,NaN,,NaN,,NaN
A,GE10,G,E_ITSP2,PC_ENT_CUSE,EU27_2020,,NaN,,NaN,,NaN
A,GE10,G,E_ITSP2,PC_ENT_CUSE,EU28,,NaN,,NaN,,NaN
A,GE10,G,E_ITSP2,PC_ENT_CUSE,FI,,NaN,,NaN,,NaN
A,GE10,G,E_ITSP2,PC_ENT_CUSE,FR,,NaN,,NaN,,NaN
A,GE10,G,E_ITSP2,PC_ENT_CUSE,HR,,NaN,,NaN,,NaN
A,GE10,G,E_ITSP2,PC_ENT_CUSE,HU,,NaN,,NaN,,NaN
A,GE10,G,E_ITSP2,PC_ENT_CUSE,IE,,NaN,,NaN,,NaN
A,GE10,G,E_ITSP2,PC_ENT_CUSE,IS,,NaN,,NaN,,NaN
A,GE10,G,E_ITSP2,PC_ENT_CUSE,IT,,NaN,,NaN,,NaN
A,GE10,G,E_ITSP2,PC_ENT_CUSE,LT,,NaN,,NaN,,NaN
A,GE10,G,E_ITSP2,PC_ENT_CUSE,LU,,NaN,,NaN,,NaN
A,GE10,G,E_ITSP2,PC_ENT_CUSE,LV,,NaN,,NaN,,NaN
A,GE10,G,E_ITSP2,PC_ENT_CUSE,ME,,NaN,,NaN,,NaN
A,GE10,G,E_ITSP2,PC_ENT_CUSE,MK,,NaN,,NaN,,NaN
A,GE10,G,E_ITSP2,PC_ENT_CUSE,MT,,NaN,,NaN,,NaN
A,GE10,G,E_ITSP2,PC_ENT_CUSE,NL,,NaN,,NaN,,NaN
A,GE10,G,E_ITSP2,PC_ENT_CUSE,NO,,NaN,,NaN,,NaN
A,GE10,G,E_ITSP2,PC_ENT_CUSE,PL,,NaN,,NaN,,NaN
A,GE10,G,E_ITSP2,PC_ENT_CUSE,PT,,NaN,,NaN,,NaN
A,GE10,G,E_ITSP2,PC_ENT_CUSE,RO,,NaN,,NaN,,NaN
A,GE10,G,E_ITSP2,PC_ENT_CUSE,RS,,NaN,,NaN,,NaN
A,GE10,G,E_ITSP2,PC_ENT_CUSE,SE,,NaN,,NaN,,NaN
A,GE10,G,E_ITSP2,PC_ENT_CUSE,SI,,NaN,,NaN,,NaN
A,GE10,G,E_ITSP2,PC_ENT_CUSE,SK,,NaN,,NaN,,NaN
A,GE10,G,E_ITSP2,PC_ENT_CUSE,TR,,NaN,,NaN,,NaN
A,GE10,G,E_ITSP2,PC_ENT_CUSE,UK,,NaN,,NaN,,NaN
A,GE10,G45,E_ITSP2,PC_ENT,AT,10.7,NaN,13.43,NaN,11.89,NaN
A,GE10,G45,E_ITSP2,PC_ENT,BA,,u,,u,,u
A,GE10,G45,E_ITSP2,PC_ENT,BE,,u,,u,,u
A,GE10,G45,E_ITSP2,PC_ENT,BG,15.38,NaN,16.12,NaN,20.68,NaN
A,GE10,G45,E_ITSP2,PC_ENT,CY,30.58,NaN,31.26,NaN,25.67,NaN
A,GE10,G45,E_ITSP2,PC_ENT,CZ,16.98,NaN,16.36,NaN,13.67,NaN
A,GE10,G45,E_ITSP2,PC_ENT,DE,18.75,NaN,15.47,NaN,18.26,NaN
A,GE10,G45,E_ITSP2,PC_ENT,DK,16.06,NaN,23.11,NaN,15.39,NaN
A,GE10,G45,E_ITSP2,PC_ENT,EA,15.99,NaN,16.02,NaN,15.77,NaN
A,GE10,G45,E_ITSP2,PC_ENT,EE,8.87,NaN,13.43,NaN,9.86,NaN
A,GE10,G45,E_ITSP2,PC_ENT,EL,,u,26.74,NaN,13.66,NaN
A,GE10,G45,E_ITSP2,PC_ENT,ES,19.15,NaN,17.88,NaN,10.77,NaN
A,GE10,G45,E_ITSP2,PC_ENT,EU15,,NaN,,NaN,,NaN
A,GE10,G45,E_ITSP2,PC_ENT,EU27_2007,,NaN,,NaN,,NaN
A,GE10,G45,E_ITSP2,PC_ENT,EU27_2020,17.39,NaN,17.38,NaN,16.43,NaN
A,GE10,G45,E_ITSP2,PC_ENT,EU28,,NaN,,NaN,,NaN
A,GE10,G45,E_ITSP2,PC_ENT,FI,,u,,u,,u
A,GE10,G45,E_ITSP2,PC_ENT,FR,12.85,NaN,14.47,b,16.18,NaN
A,GE10,G45,E_ITSP2,PC_ENT,HR,11.07,NaN,9.27,NaN,11.01,NaN
A,GE10,G45,E_ITSP2,PC_ENT,HU,36.63,NaN,32.63,NaN,33.53,NaN
A,GE10,G45,E_ITSP2,PC_ENT,IE,27.83,NaN,24.23,NaN,19.96,NaN
A,GE10,G45,E_ITSP2,PC_ENT,IS,15.0,NaN,,NaN,,NaN
A,GE10,G45,E_ITSP2,PC_ENT,IT,,u,,u,,u
A,GE10,G45,E_ITSP2,PC_ENT,LT,10.89,NaN,9.63,NaN,12.63,NaN
A,GE10,G45,E_ITSP2,PC_ENT,LU,,u,,u,,u
A,GE10,G45,E_ITSP2,PC_ENT,LV,22.51,NaN,13.45,NaN,13.88,NaN
A,GE10,G45,E_ITSP2,PC_ENT,ME,,u,,NaN,23.49,NaN
A,GE10,G45,E_ITSP2,PC_ENT,MK,,u,,u,,NaN
A,GE10,G45,E_ITSP2,PC_ENT,MT,19.21,NaN,33.48,NaN,26.59,NaN
A,GE10,G45,E_ITSP2,PC_ENT,NL,12.34,NaN,20.55,NaN,19.09,NaN
A,GE10,G45,E_ITSP2,PC_ENT,NO,12.04,NaN,17.28,NaN,23.44,NaN
A,GE10,G45,E_ITSP2,PC_ENT,PL,29.04,NaN,29.31,NaN,21.12,NaN
A,GE10,G45,E_ITSP2,PC_ENT,PT,15.71,NaN,18.76,NaN,,u
A,GE10,G45,E_ITSP2,PC_ENT,RO,14.61,NaN,12.36,NaN,10.67,NaN
A,GE10,G45,E_ITSP2,PC_ENT,RS,13.04,NaN,18.0,NaN,14.87,NaN
A,GE10,G45,E_ITSP2,PC_ENT,SE,25.55,NaN,24.73,NaN,19.36,b
A,GE10,G45,E_ITSP2,PC_ENT,SI,13.9,NaN,20.3,NaN,14.3,NaN
A,GE10,G45,E_ITSP2,PC_ENT,SK,12.02,NaN,10.3,NaN,12.4,NaN
A,GE10,G45,E_ITSP2,PC_ENT,TR,15.57,NaN,20.69,NaN,15.77,NaN
A,GE10,G45,E_ITSP2,PC_ENT,UK,,u,,NaN,,NaN
A,GE10,G45,E_ITSP2,PC_ENT_CUSE,AT,,NaN,,NaN,,NaN
A,GE10,G45,E_ITSP2,PC_ENT_CUSE,BA,,NaN,,NaN,,NaN
A,GE10,G45,E_ITSP2,PC_ENT_CUSE,BE,,NaN,,NaN,,NaN
A,GE10,G45,E_ITSP2,PC_ENT_CUSE,BG,,NaN,,NaN,,NaN
A,GE10,G45,E_ITSP2,PC_ENT_CUSE,CY,,NaN,,NaN,,NaN
A,GE10,G45,E_ITSP2,PC_ENT_CUSE,CZ,,NaN,,NaN,,NaN
A,GE10,G45,E_ITSP2,PC_ENT_CUSE,DE,,NaN,,NaN,,NaN
A,GE10,G45,E_ITSP2,PC_ENT_CUSE,DK,,NaN,,NaN,,NaN
A,GE10,G45,E_ITSP2,PC_ENT_CUSE,EA,,NaN,,NaN,,NaN
A,GE10,G45,E_ITSP2,PC_ENT_CUSE,EE,,NaN,,NaN,,NaN
A,GE10,G45,E_ITSP2,PC_ENT_CUSE,EL,,NaN,,NaN,,NaN
A,GE10,G45,E_ITSP2,PC_ENT_CUSE,ES,,NaN,,NaN,,NaN
A,GE10,G45,E_ITSP2,PC_ENT_CUSE,EU15,,NaN,,NaN,,NaN
A,GE10,G45,E_ITSP2,PC_ENT_CUSE,EU27_2007,,NaN,,NaN,,NaN
A,GE10,G45,E_ITSP2,PC_ENT_CUSE,EU27_2020,,NaN,,NaN,,NaN
A,GE10,G45,E_ITSP2,PC_ENT_CUSE,EU28,,NaN,,NaN,,NaN
A,GE10,G45,E_ITSP2,PC_ENT_CUSE,FI,,NaN,,NaN,,NaN
A,GE10,G45,E_ITSP2,PC_ENT_CUSE,FR,,NaN,,NaN,,NaN
A,GE10,G45,E_ITSP2,PC_ENT_CUSE,HR,,NaN,,NaN,,NaN
A,GE10,G45,E_ITSP2,PC_ENT_CUSE,HU,,NaN,,NaN,,NaN
A,GE10,G45,E_ITSP2,PC_ENT_CUSE,IE,,NaN,,NaN,,NaN
A,GE10,G45,E_ITSP2,PC_ENT_CUSE,IS,,NaN,,NaN,,NaN
A,GE10,G45,E_ITSP2,PC_ENT_CUSE,IT,,NaN,,NaN,,NaN
A,GE10,G45,E_ITSP2,PC_ENT_CUSE,LT,,NaN,,NaN,,NaN
A,GE10,G45,E_ITSP2,PC_ENT_CUSE,LU,,NaN,,NaN,,NaN
A,GE10,G45,E_ITSP2,PC_ENT_CUSE,LV,,NaN,,NaN,,NaN
A,GE10,G45,E_ITSP2,PC_ENT_CUSE,ME,,NaN,,NaN,,NaN
A,GE10,G45,E_ITSP2,PC_ENT_CUSE,MK,,NaN,,NaN,,NaN
A,GE10,G45,E_ITSP2,PC_ENT_CUSE,MT,,NaN,,NaN,,NaN
A,GE10,G45,E_ITSP2,PC_ENT_CUSE,NL,,NaN,,NaN,,NaN
A,GE10,G45,E_ITSP2,PC_ENT_CUSE,NO,,NaN,,NaN,,NaN
A,GE10,G45,E_ITSP2,PC_ENT_CUSE,PL,,NaN,,NaN,,NaN
A,GE10,G45,E_ITSP2,PC_ENT_CUSE,PT,,NaN,,NaN,,NaN
A,GE10,G45,E_ITSP2,PC_ENT_CUSE,RO,,NaN,,NaN,,NaN
A,GE10,G45,E_ITSP2,PC_ENT_CUSE,RS,,NaN,,NaN,,NaN
A,GE10,G45,E_ITSP2,PC_ENT_CUSE,SE,,NaN,,NaN,,NaN
A,GE10,G45,E_ITSP2,PC_ENT_CUSE,SI,,NaN,,NaN,,NaN
A,GE10,G45,E_ITSP2,PC_ENT_CUSE,SK,,NaN,,NaN,,NaN
A,GE10,G45,E_ITSP2,PC_ENT_CUSE,TR,,NaN,,NaN,,NaN
A,GE10,G45,E_ITSP2,PC_ENT_CUSE,UK,,NaN,,NaN,,NaN
A,GE10,G45-S951_X_K,E_ITSP2,PC_ENT,AT,19.94,NaN,25.03,NaN,20.33,NaN
A,GE10,G45-S951_X_K,E_ITSP2,PC_ENT,BA,17.79,NaN,15.18,NaN,22.69,NaN
A,GE10,G45-S951_X_K,E_ITSP2,PC_ENT,BE,31.36,NaN,35.44,NaN,30.96,NaN
A,GE10,G45-S951_X_K,E_ITSP2,PC_ENT,BG,17.5,NaN,18.14,NaN,20.4,NaN
A,GE10,G45-S951_X_K,E_ITSP2,PC_ENT,CY,28.99,NaN,28.54,NaN,32.48,NaN
A,GE10,G45-S951_X_K,E_ITSP2,PC_ENT,CZ,19.08,NaN,21.31,NaN,21.75,NaN
A,GE10,G45-S951_X_K,E_ITSP2,PC_ENT,DE,20.42,NaN,24.0,NaN,24.83,NaN
A,GE10,G45-S951_X_K,E_ITSP2,PC_ENT,DK,33.24,NaN,40.6,NaN,36.63,NaN
A,GE10,G45-S951_X_K,E_ITSP2,PC_ENT,EA,20.2,NaN,22.51,NaN,21.59,NaN
A,GE10,G45-S951_X_K,E_ITSP2,PC_ENT,EE,20.35,NaN,21.66,NaN,23.35,NaN
A,GE10,G45-S951_X_K,E_ITSP2,PC_ENT,EL,19.13,NaN,21.48,NaN,23.47,NaN
A,GE10,G45-S951_X_K,E_ITSP2,PC_ENT,ES,18.86,NaN,19.85,NaN,17.13,NaN
A,GE10,G45-S951_X_K,E_ITSP2,PC_ENT,EU15,,NaN,,NaN,,NaN
A,GE10,G45-S951_X_K,E_ITSP2,PC_ENT,EU27_2007,,NaN,,NaN,,NaN
A,GE10,G45-S951_X_K,E_ITSP2,PC_ENT,EU27_2020,20.85,NaN,23.35,NaN,22.37,NaN
A,GE10,G45-S951_X_K,E_ITSP2,PC_ENT,EU28,,NaN,,NaN,,NaN
A,GE10,G45-S951_X_K,E_ITSP2,PC_ENT,FI,,u,,u,33.0,NaN
A,GE10,G45-S951_X_K,E_ITSP2,PC_ENT,FR,20.33,NaN,20.19,b,17.69,NaN
A,GE10,G45-S951_X_K,E_ITSP2,PC_ENT,HR,22.11,NaN,21.9,NaN,19.43,NaN
A,GE10,G45-S951_X_K,E_ITSP2,PC_ENT,HU,29.57,NaN,32.1,NaN,32.01,NaN
A,GE10,G45-S951_X_K,E_ITSP2,PC_ENT,IE,30.98,NaN,30.59,NaN,30.56,NaN
A,GE10,G45-S951_X_K,E_ITSP2,PC_ENT,IS,15.06,NaN,,NaN,,NaN
A,GE10,G45-S951_X_K,E_ITSP2,PC_ENT,IT,13.38,NaN,14.13,NaN,13.29,NaN
A,GE10,G45-S951_X_K,E_ITSP2,PC_ENT,LT,18.18,NaN,20.05,NaN,18.25,NaN
A,GE10,G45-S951_X_K,E_ITSP2,PC_ENT,LU,25.08,NaN,27.84,NaN,27.62,NaN
A,GE10,G45-S951_X_K,E_ITSP2,PC_ENT,LV,22.69,NaN,21.17,NaN,20.89,NaN
A,GE10,G45-S951_X_K,E_ITSP2,PC_ENT,ME,28.85,NaN,28.46,NaN,35.4,NaN
A,GE10,G45-S951_X_K,E_ITSP2,PC_ENT,MK,14.63,NaN,15.05,NaN,,NaN
A,GE10,G45-S951_X_K,E_ITSP2,PC_ENT,MT,30.73,NaN,35.63,NaN,36.51,NaN
A,GE10,G45-S951_X_K,E_ITSP2,PC_ENT,NL,25.67,NaN,32.66,NaN,31.39,NaN
A,GE10,G45-S951_X_K,E_ITSP2,PC_ENT,NO,19.16,NaN,22.89,NaN,25.47,NaN
A,GE10,G45-S951_X_K,E_ITSP2,PC_ENT,PL,26.36,NaN,32.78,NaN,28.67,NaN
A,GE10,G45-S951_X_K,E_ITSP2,PC_ENT,PT,22.67,NaN,22.64,NaN,24.21,NaN
A,GE10,G45-S951_X_K,E_ITSP2,PC_ENT,RO,15.76,NaN,13.8,NaN,16.26,NaN
A,GE10,G45-S951_X_K,E_ITSP2,PC_ENT,RS,22.1,NaN,28.4,NaN,29.43,NaN
A,GE10,G45-S951_X_K,E_ITSP2,PC_ENT,SE,24.47,NaN,26.56,NaN,24.95,b
A,GE10,G45-S951_X_K,E_ITSP2,PC_ENT,SI,20.21,NaN,23.91,NaN,22.44,NaN
A,GE10,G45-S951_X_K,E_ITSP2,PC_ENT,SK,17.95,NaN,19.03,NaN,18.84,NaN
A,GE10,G45-S951_X_K,E_ITSP2,PC_ENT,TR,12.82,NaN,20.31,NaN,15.05,NaN
A,GE10,G45-S951_X_K,E_ITSP2,PC_ENT,UK,28.54,NaN,,NaN,,NaN
A,GE10,G45-S951_X_K,E_ITSP2,PC_ENT_CUSE,AT,,NaN,,NaN,,NaN
A,GE10,G45-S951_X_K,E_ITSP2,PC_ENT_CUSE,BA,,NaN,,NaN,,NaN
A,GE10,G45-S951_X_K,E_ITSP2,PC_ENT_CUSE,BE,,NaN,,NaN,,NaN
A,GE10,G45-S951_X_K,E_ITSP2,PC_ENT_CUSE,BG,,NaN,,NaN,,NaN
A,GE10,G45-S951_X_K,E_ITSP2,PC_ENT_CUSE,CY,,NaN,,NaN,,NaN
A,GE10,G45-S951_X_K,E_ITSP2,PC_ENT_CUSE,CZ,,NaN,,NaN,,NaN
A,GE10,G45-S951_X_K,E_ITSP2,PC_ENT_CUSE,DE,,NaN,,NaN,,NaN
A,GE10,G45-S951_X_K,E_ITSP2,PC_ENT_CUSE,DK,,NaN,,NaN,,NaN
A,GE10,G45-S951_X_K,E_ITSP2,PC_ENT_CUSE,EA,,NaN,,NaN,,NaN
A,GE10,G45-S951_X_K,E_ITSP2,PC_ENT_CUSE,EE,,NaN,,NaN,,NaN
A,GE10,G45-S951_X_K,E_ITSP2,PC_ENT_CUSE,EL,,NaN,,NaN,,NaN
A,GE10,G45-S951_X_K,E_ITSP2,PC_ENT_CUSE,ES,,NaN,,NaN,,NaN
A,GE10,G45-S951_X_K,E_ITSP2,PC_ENT_CUSE,EU15,,NaN,,NaN,,NaN
A,GE10,G45-S951_X_K,E_ITSP2,PC_ENT_CUSE,EU27_2007,,NaN,,NaN,,NaN
A,GE10,G45-S951_X_K,E_ITSP2,PC_ENT_CUSE,EU27_2020,,NaN,,NaN,,NaN
A,GE10,G45-S951_X_K,E_ITSP2,PC_ENT_CUSE,EU28,,NaN,,NaN,,NaN
A,GE10,G45-S951_X_K,E_ITSP2,PC_ENT_CUSE,FI,,NaN,,NaN,,NaN
A,GE10,G45-S951_X_K,E_ITSP2,PC_ENT_CUSE,FR,,NaN,,NaN,,NaN
A,GE10,G45-S951_X_K,E_ITSP2,PC_ENT_CUSE,HR,,NaN,,NaN,,NaN
A,GE10,G45-S951_X_K,E_ITSP2,PC_ENT_CUSE,HU,,NaN,,NaN,,NaN
A,GE10,G45-S951_X_K,E_ITSP2,PC_ENT_CUSE,IE,,NaN,,NaN,,NaN
A,GE10,G45-S951_X_K,E_ITSP2,PC_ENT_CUSE,IS,,NaN,,NaN,,NaN
A,GE10,G45-S951_X_K,E_ITSP2,PC_ENT_CUSE,IT,,NaN,,NaN,,NaN
A,GE10,G45-S951_X_K,E_ITSP2,PC_ENT_CUSE,LT,,NaN,,NaN,,NaN
A,GE10,G45-S951_X_K,E_ITSP2,PC_ENT_CUSE,LU,,NaN,,NaN,,NaN
A,GE10,G45-S951_X_K,E_ITSP2,PC_ENT_CUSE,LV,,NaN,,NaN,,NaN
A,GE10,G45-S951_X_K,E_ITSP2,PC_ENT_CUSE,ME,,NaN,,NaN,,NaN
A,GE10,G45-S951_X_K,E_ITSP2,PC_ENT_CUSE,MK,,NaN,,NaN,,NaN
A,GE10,G45-S951_X_K,E_ITSP2,PC_ENT_CUSE,MT,,NaN,,NaN,,NaN
A,GE10,G45-S951_X_K,E_ITSP2,PC_ENT_CUSE,NL,,NaN,,NaN,,NaN
A,GE10,G45-S951_X_K,E_ITSP2,PC_ENT_CUSE,NO,,NaN,,NaN,,NaN
A,GE10,G45-S951_X_K,E_ITSP2,PC_ENT_CUSE,PL,,NaN,,NaN,,NaN
A,GE10,G45-S951_X_K,E_ITSP2,PC_ENT_CUSE,PT,,NaN,,NaN,,NaN
A,GE10,G45-S951_X_K,E_ITSP2,PC_ENT_CUSE,RO,,NaN,,NaN,,NaN
A,GE10,G45-S951_X_K,E_ITSP2,PC_ENT_CUSE,RS,,NaN,,NaN,,NaN
A,GE10,G45-S951_X_K,E_ITSP2,PC_ENT_CUSE,SE,,NaN,,NaN,,NaN
A,GE10,G45-S951_X_K,E_ITSP2,PC_ENT_CUSE,SI,,NaN,,NaN,,NaN
A,GE10,G45-S951_X_K,E_ITSP2,PC_ENT_CUSE,SK,,NaN,,NaN,,NaN
A,GE10,G45-S951_X_K,E_ITSP2,PC_ENT_CUSE,TR,,NaN,,NaN,,NaN
A,GE10,G45-S951_X_K,E_ITSP2,PC_ENT_CUSE,UK,,NaN,,NaN,,NaN
A,GE10,G46,E_ITSP2,PC_ENT,AT,28.79,NaN,40.06,NaN,29.46,NaN
A,GE10,G46,E_ITSP2,PC_ENT,BA,13.52,NaN,11.09,NaN,23.57,NaN
A,GE10,G46,E_ITSP2,PC_ENT,BE,37.26,NaN,42.11,NaN,40.31,NaN
A,GE10,G46,E_ITSP2,PC_ENT,BG,15.85,NaN,18.0,NaN,20.75,NaN
A,GE10,G46,E_ITSP2,PC_ENT,CY,26.17,NaN,23.49,NaN,25.66,NaN
A,GE10,G46,E_ITSP2,PC_ENT,CZ,20.85,NaN,21.48,NaN,23.77,NaN
A,GE10,G46,E_ITSP2,PC_ENT,DE,30.96,NaN,30.11,NaN,34.36,NaN
A,GE10,G46,E_ITSP2,PC_ENT,DK,30.95,NaN,40.86,NaN,37.36,NaN
A,GE10,G46,E_ITSP2,PC_ENT,EA,25.18,NaN,27.45,NaN,26.14,NaN
A,GE10,G46,E_ITSP2,PC_ENT,EE,15.09,NaN,20.24,NaN,21.22,NaN
A,GE10,G46,E_ITSP2,PC_ENT,EL,,u,30.77,NaN,26.88,NaN
A,GE10,G46,E_ITSP2,PC_ENT,ES,18.76,NaN,20.66,NaN,17.66,NaN
A,GE10,G46,E_ITSP2,PC_ENT,EU15,,NaN,,NaN,,NaN
A,GE10,G46,E_ITSP2,PC_ENT,EU27_2007,,NaN,,NaN,,NaN
A,GE10,G46,E_ITSP2,PC_ENT,EU27_2020,24.95,NaN,27.5,NaN,26.37,NaN
A,GE10,G46,E_ITSP2,PC_ENT,EU28,,NaN,,NaN,,NaN
A,GE10,G46,E_ITSP2,PC_ENT,FI,,u,,u,,u
A,GE10,G46,E_ITSP2,PC_ENT,FR,23.71,NaN,27.7,b,21.61,NaN
A,GE10,G46,E_ITSP2,PC_ENT,HR,17.32,NaN,18.67,NaN,13.99,NaN
A,GE10,G46,E_ITSP2,PC_ENT,HU,33.21,NaN,33.78,NaN,33.01,NaN
A,GE10,G46,E_ITSP2,PC_ENT,IE,38.29,NaN,43.75,NaN,35.01,NaN
A,GE10,G46,E_ITSP2,PC_ENT,IS,8.14,NaN,,NaN,,NaN
A,GE10,G46,E_ITSP2,PC_ENT,IT,,u,,u,,u
A,GE10,G46,E_ITSP2,PC_ENT,LT,21.22,NaN,22.52,NaN,18.31,NaN
A,GE10,G46,E_ITSP2,PC_ENT,LU,,u,,u,,u
A,GE10,G46,E_ITSP2,PC_ENT,LV,25.28,NaN,22.14,NaN,18.82,NaN
A,GE10,G46,E_ITSP2,PC_ENT,ME,26.75,NaN,24.59,NaN,31.16,NaN
A,GE10,G46,E_ITSP2,PC_ENT,MK,21.27,NaN,,u,,NaN
A,GE10,G46,E_ITSP2,PC_ENT,MT,28.48,NaN,30.88,NaN,29.93,NaN
A,GE10,G46,E_ITSP2,PC_ENT,NL,29.68,NaN,36.01,NaN,34.51,NaN
A,GE10,G46,E_ITSP2,PC_ENT,NO,22.44,NaN,35.46,NaN,29.91,NaN
A,GE10,G46,E_ITSP2,PC_ENT,PL,28.48,NaN,34.22,NaN,30.35,NaN
A,GE10,G46,E_ITSP2,PC_ENT,PT,24.7,NaN,30.0,NaN,23.79,NaN
A,GE10,G46,E_ITSP2,PC_ENT,RO,9.75,NaN,10.62,NaN,10.29,NaN
A,GE10,G46,E_ITSP2,PC_ENT,RS,8.99,NaN,18.67,NaN,11.55,NaN
A,GE10,G46,E_ITSP2,PC_ENT,SE,33.28,NaN,33.31,NaN,37.55,b
A,GE10,G46,E_ITSP2,PC_ENT,SI,20.01,NaN,21.86,NaN,21.06,NaN
A,GE10,G46,E_ITSP2,PC_ENT,SK,18.46,NaN,22.91,NaN,18.29,NaN
A,GE10,G46,E_ITSP2,PC_ENT,TR,13.65,NaN,19.95,NaN,14.69,NaN
A,GE10,G46,E_ITSP2,PC_ENT,UK,35.69,NaN,,NaN,,NaN
A,GE10,G46,E_ITSP2,PC_ENT_CUSE,AT,,NaN,,NaN,,NaN
A,GE10,G46,E_ITSP2,PC_ENT_CUSE,BA,,NaN,,NaN,,NaN
A,GE10,G46,E_ITSP2,PC_ENT_CUSE,BE,,NaN,,NaN,,NaN
A,GE10,G46,E_ITSP2,PC_ENT_CUSE,BG,,NaN,,NaN,,NaN
A,GE10,G46,E_ITSP2,PC_ENT_CUSE,CY,,NaN,,NaN,,NaN
A,GE10,G46,E_ITSP2,PC_ENT_CUSE,CZ,,NaN,,NaN,,NaN
A,GE10,G46,E_ITSP2,PC_ENT_CUSE,DE,,NaN,,NaN,,NaN
A,GE10,G46,E_ITSP2,PC_ENT_CUSE,DK,,NaN,,NaN,,NaN
A,GE10,G46,E_ITSP2,PC_ENT_CUSE,EA,,NaN,,NaN,,NaN
A,GE10,G46,E_ITSP2,PC_ENT_CUSE,EE,,NaN,,NaN,,NaN
A,GE10,G46,E_ITSP2,PC_ENT_CUSE,EL,,NaN,,NaN,,NaN
A,GE10,G46,E_ITSP2,PC_ENT_CUSE,ES,,NaN,,NaN,,NaN
A,GE10,G46,E_ITSP2,PC_ENT_CUSE,EU15,,NaN,,NaN,,NaN
A,GE10,G46,E_ITSP2,PC_ENT_CUSE,EU27_2007,,NaN,,NaN,,NaN
A,GE10,G46,E_ITSP2,PC_ENT_CUSE,EU27_2020,,NaN,,NaN,,NaN
A,GE10,G46,E_ITSP2,PC_ENT_CUSE,EU28,,NaN,,NaN,,NaN
A,GE10,G46,E_ITSP2,PC_ENT_CUSE,FI,,NaN,,NaN,,NaN
A,GE10,G46,E_ITSP2,PC_ENT_CUSE,FR,,NaN,,NaN,,NaN
A,GE10,G46,E_ITSP2,PC_ENT_CUSE,HR,,NaN,,NaN,,NaN
A,GE10,G46,E_ITSP2,PC_ENT_CUSE,HU,,NaN,,NaN,,NaN
A,GE10,G46,E_ITSP2,PC_ENT_CUSE,IE,,NaN,,NaN,,NaN
A,GE10,G46,E_ITSP2,PC_ENT_CUSE,IS,,NaN,,NaN,,NaN
A,GE10,G46,E_ITSP2,PC_ENT_CUSE,IT,,NaN,,NaN,,NaN
A,GE10,G46,E_ITSP2,PC_ENT_CUSE,LT,,NaN,,NaN,,NaN
A,GE10,G46,E_ITSP2,PC_ENT_CUSE,LU,,NaN,,NaN,,NaN
A,GE10,G46,E_ITSP2,PC_ENT_CUSE,LV,,NaN,,NaN,,NaN
A,GE10,G46,E_ITSP2,PC_ENT_CUSE,ME,,NaN,,NaN,,NaN
A,GE10,G46,E_ITSP2,PC_ENT_CUSE,MK,,NaN,,NaN,,NaN
A,GE10,G46,E_ITSP2,PC_ENT_CUSE,MT,,NaN,,NaN,,NaN
A,GE10,G46,E_ITSP2,PC_ENT_CUSE,NL,,NaN,,NaN,,NaN
A,GE10,G46,E_ITSP2,PC_ENT_CUSE,NO,,NaN,,NaN,,NaN
A,GE10,G46,E_ITSP2,PC_ENT_CUSE,PL,,NaN,,NaN,,NaN
A,GE10,G46,E_ITSP2,PC_ENT_CUSE,PT,,NaN,,NaN,,NaN
A,GE10,G46,E_ITSP2,PC_ENT_CUSE,RO,,NaN,,NaN,,NaN
A,GE10,G46,E_ITSP2,PC_ENT_CUSE,RS,,NaN,,NaN,,NaN
A,GE10,G46,E_ITSP2,PC_ENT_CUSE,SE,,NaN,,NaN,,NaN
A,GE10,G46,E_ITSP2,PC_ENT_CUSE,SI,,NaN,,NaN,,NaN
A,GE10,G46,E_ITSP2,PC_ENT_CUSE,SK,,NaN,,NaN,,NaN
A,GE10,G46,E_ITSP2,PC_ENT_CUSE,TR,,NaN,,NaN,,NaN
A,GE10,G46,E_ITSP2,PC_ENT_CUSE,UK,,NaN,,NaN,,NaN
A,GE10,G47,E_ITSP2,PC_ENT,AT,7.55,NaN,11.33,NaN,11.81,NaN
A,GE10,G47,E_ITSP2,PC_ENT,BA,10.93,NaN,8.96,NaN,13.12,NaN
A,GE10,G47,E_ITSP2,PC_ENT,BE,14.93,NaN,23.41,NaN,17.0,NaN
A,GE10,G47,E_ITSP2,PC_ENT,BG,10.86,NaN,10.09,NaN,13.17,NaN
A,GE10,G47,E_ITSP2,PC_ENT,CY,18.96,NaN,17.57,NaN,20.72,NaN
A,GE10,G47,E_ITSP2,PC_ENT,CZ,13.95,NaN,16.88,NaN,15.37,NaN
A,GE10,G47,E_ITSP2,PC_ENT,DE,12.53,NaN,14.33,NaN,13.43,NaN
A,GE10,G47,E_ITSP2,PC_ENT,DK,22.17,NaN,25.12,NaN,23.21,NaN
A,GE10,G47,E_ITSP2,PC_ENT,EA,11.67,NaN,13.34,NaN,11.59,NaN
A,GE10,G47,E_ITSP2,PC_ENT,EE,17.49,NaN,13.26,NaN,18.06,NaN
A,GE10,G47,E_ITSP2,PC_ENT,EL,,u,16.03,NaN,9.42,NaN
A,GE10,G47,E_ITSP2,PC_ENT,ES,13.17,NaN,12.06,NaN,9.13,NaN
A,GE10,G47,E_ITSP2,PC_ENT,EU15,,NaN,,NaN,,NaN
A,GE10,G47,E_ITSP2,PC_ENT,EU27_2007,,NaN,,NaN,,NaN
A,GE10,G47,E_ITSP2,PC_ENT,EU27_2020,12.47,NaN,14.26,NaN,12.92,NaN
A,GE10,G47,E_ITSP2,PC_ENT,EU28,,NaN,,NaN,,NaN
A,GE10,G47,E_ITSP2,PC_ENT,FI,14.24,NaN,16.74,NaN,14.47,NaN
A,GE10,G47,E_ITSP2,PC_ENT,FR,7.38,NaN,8.27,b,6.41,NaN
A,GE10,G47,E_ITSP2,PC_ENT,HR,13.78,NaN,20.32,NaN,12.41,NaN
A,GE10,G47,E_ITSP2,PC_ENT,HU,20.59,NaN,18.02,NaN,26.08,NaN
A,GE10,G47,E_ITSP2,PC_ENT,IE,13.39,NaN,21.55,NaN,20.3,NaN
A,GE10,G47,E_ITSP2,PC_ENT,IS,,NaN,,NaN,,NaN
A,GE10,G47,E_ITSP2,PC_ENT,IT,7.86,NaN,8.81,NaN,5.16,NaN
A,GE10,G47,E_ITSP2,PC_ENT,LT,13.07,NaN,16.9,NaN,13.51,NaN
A,GE10,G47,E_ITSP2,PC_ENT,LU,16.72,NaN,14.81,NaN,14.21,NaN
A,GE10,G47,E_ITSP2,PC_ENT,LV,16.16,NaN,17.06,NaN,16.36,NaN
A,GE10,G47,E_ITSP2,PC_ENT,ME,16.24,NaN,14.33,NaN,37.0,NaN
A,GE10,G47,E_ITSP2,PC_ENT,MK,,NaN,,u,,NaN
A,GE10,G47,E_ITSP2,PC_ENT,MT,22.72,NaN,27.06,NaN,27.17,NaN
A,GE10,G47,E_ITSP2,PC_ENT,NL,17.26,NaN,27.45,NaN,29.75,NaN
A,GE10,G47,E_ITSP2,PC_ENT,NO,9.39,NaN,10.71,NaN,23.91,NaN
A,GE10,G47,E_ITSP2,PC_ENT,PL,16.14,NaN,23.7,NaN,20.92,NaN
A,GE10,G47,E_ITSP2,PC_ENT,PT,,u,8.84,NaN,13.05,NaN
A,GE10,G47,E_ITSP2,PC_ENT,RO,13.75,NaN,4.14,NaN,9.39,NaN
A,GE10,G47,E_ITSP2,PC_ENT,RS,11.08,NaN,11.04,NaN,17.91,NaN
A,GE10,G47,E_ITSP2,PC_ENT,SE,10.65,NaN,19.71,NaN,16.03,b
A,GE10,G47,E_ITSP2,PC_ENT,SI,19.16,NaN,25.83,NaN,20.22,NaN
A,GE10,G47,E_ITSP2,PC_ENT,SK,12.57,NaN,12.73,NaN,11.8,NaN
A,GE10,G47,E_ITSP2,PC_ENT,TR,8.84,NaN,17.24,NaN,10.9,NaN
A,GE10,G47,E_ITSP2,PC_ENT,UK,19.03,NaN,,NaN,,NaN
A,GE10,G47,E_ITSP2,PC_ENT_CUSE,AT,,NaN,,NaN,,NaN
A,GE10,G47,E_ITSP2,PC_ENT_CUSE,BA,,NaN,,NaN,,NaN
A,GE10,G47,E_ITSP2,PC_ENT_CUSE,BE,,NaN,,NaN,,NaN
A,GE10,G47,E_ITSP2,PC_ENT_CUSE,BG,,NaN,,NaN,,NaN
A,GE10,G47,E_ITSP2,PC_ENT_CUSE,CY,,NaN,,NaN,,NaN
A,GE10,G47,E_ITSP2,PC_ENT_CUSE,CZ,,NaN,,NaN,,NaN
A,GE10,G47,E_ITSP2,PC_ENT_CUSE,DE,,NaN,,NaN,,NaN
A,GE10,G47,E_ITSP2,PC_ENT_CUSE,DK,,NaN,,NaN,,NaN
A,GE10,G47,E_ITSP2,PC_ENT_CUSE,EA,,NaN,,NaN,,NaN
A,GE10,G47,E_ITSP2,PC_ENT_CUSE,EE,,NaN,,NaN,,NaN
A,GE10,G47,E_ITSP2,PC_ENT_CUSE,EL,,NaN,,NaN,,NaN
A,GE10,G47,E_ITSP2,PC_ENT_CUSE,ES,,NaN,,NaN,,NaN
A,GE10,G47,E_ITSP2,PC_ENT_CUSE,EU15,,NaN,,NaN,,NaN
A,GE10,G47,E_ITSP2,PC_ENT_CUSE,EU27_2007,,NaN,,NaN,,NaN
A,GE10,G47,E_ITSP2,PC_ENT_CUSE,EU27_2020,,NaN,,NaN,,NaN
A,GE10,G47,E_ITSP2,PC_ENT_CUSE,EU28,,NaN,,NaN,,NaN
A,GE10,G47,E_ITSP2,PC_ENT_CUSE,FI,,NaN,,NaN,,NaN
A,GE10,G47,E_ITSP2,PC_ENT_CUSE,FR,,NaN,,NaN,,NaN
A,GE10,G47,E_ITSP2,PC_ENT_CUSE,HR,,NaN,,NaN,,NaN
A,GE10,G47,E_ITSP2,PC_ENT_CUSE,HU,,NaN,,NaN,,NaN
A,GE10,G47,E_ITSP2,PC_ENT_CUSE,IE,,NaN,,NaN,,NaN
A,GE10,G47,E_ITSP2,PC_ENT_CUSE,IS,,NaN,,NaN,,NaN
A,GE10,G47,E_ITSP2,PC_ENT_CUSE,IT,,NaN,,NaN,,NaN
A,GE10,G47,E_ITSP2,PC_ENT_CUSE,LT,,NaN,,NaN,,NaN
A,GE10,G47,E_ITSP2,PC_ENT_CUSE,LU,,NaN,,NaN,,NaN
A,GE10,G47,E_ITSP2,PC_ENT_CUSE,LV,,NaN,,NaN,,NaN
A,GE10,G47,E_ITSP2,PC_ENT_CUSE,ME,,NaN,,NaN,,NaN
A,GE10,G47,E_ITSP2,PC_ENT_CUSE,MK,,NaN,,NaN,,NaN
A,GE10,G47,E_ITSP2,PC_ENT_CUSE,MT,,NaN,,NaN,,NaN
A,GE10,G47,E_ITSP2,PC_ENT_CUSE,NL,,NaN,,NaN,,NaN
A,GE10,G47,E_ITSP2,PC_ENT_CUSE,NO,,NaN,,NaN,,NaN
A,GE10,G47,E_ITSP2,PC_ENT_CUSE,PL,,NaN,,NaN,,NaN
A,GE10,G47,E_ITSP2,PC_ENT_CUSE,PT,,NaN,,NaN,,NaN
A,GE10,G47,E_ITSP2,PC_ENT_CUSE,RO,,NaN,,NaN,,NaN
A,GE10,G47,E_ITSP2,PC_ENT_CUSE,RS,,NaN,,NaN,,NaN
A,GE10,G47,E_ITSP2,PC_ENT_CUSE,SE,,NaN,,NaN,,NaN
A,GE10,G47,E_ITSP2,PC_ENT_CUSE,SI,,NaN,,NaN,,NaN
A,GE10,G47,E_ITSP2,PC_ENT_CUSE,SK,,NaN,,NaN,,NaN
A,GE10,G47,E_ITSP2,PC_ENT_CUSE,TR,,NaN,,NaN,,NaN
A,GE10,G47,E_ITSP2,PC_ENT_CUSE,UK,,NaN,,NaN,,NaN
A,GE10,H,E_ITSP2,PC_ENT,AL,,NaN,19.23,b,,NaN
A,GE10,H,E_ITSP2,PC_ENT,AT,12.28,NaN,16.96,NaN,12.04,NaN
A,GE10,H,E_ITSP2,PC_ENT,BA,9.8,NaN,10.68,NaN,,u
A,GE10,H,E_ITSP2,PC_ENT,BE,24.48,NaN,30.36,NaN,30.67,NaN
A,GE10,H,E_ITSP2,PC_ENT,BG,9.29,NaN,7.87,NaN,15.48,NaN
A,GE10,H,E_ITSP2,PC_ENT,CY,40.18,NaN,32.67,NaN,37.73,NaN
A,GE10,H,E_ITSP2,PC_ENT,CZ,7.93,NaN,11.04,NaN,14.29,NaN
A,GE10,H,E_ITSP2,PC_ENT,DE,12.38,NaN,17.23,NaN,16.52,NaN
A,GE10,H,E_ITSP2,PC_ENT,DK,18.03,NaN,29.97,NaN,26.81,NaN
A,GE10,H,E_ITSP2,PC_ENT,EA,13.39,NaN,15.1,NaN,14.3,NaN
A,GE10,H,E_ITSP2,PC_ENT,EE,11.33,NaN,11.75,NaN,13.64,NaN
A,GE10,H,E_ITSP2,PC_ENT,EL,,u,27.38,NaN,40.1,NaN
A,GE10,H,E_ITSP2,PC_ENT,ES,16.57,NaN,11.18,NaN,10.39,NaN
A,GE10,H,E_ITSP2,PC_ENT,EU15,,NaN,,NaN,,NaN
A,GE10,H,E_ITSP2,PC_ENT,EU27_2007,,NaN,,NaN,,NaN
A,GE10,H,E_ITSP2,PC_ENT,EU27_2020,13.63,NaN,15.97,NaN,14.96,NaN
A,GE10,H,E_ITSP2,PC_ENT,EU28,,NaN,,NaN,,NaN
A,GE10,H,E_ITSP2,PC_ENT,FI,16.46,NaN,15.8,NaN,16.43,NaN
A,GE10,H,E_ITSP2,PC_ENT,FR,13.8,NaN,8.99,b,6.74,NaN
A,GE10,H,E_ITSP2,PC_ENT,HR,11.86,NaN,11.12,NaN,10.03,NaN
A,GE10,H,E_ITSP2,PC_ENT,HU,25.12,NaN,27.71,NaN,26.91,NaN
A,GE10,H,E_ITSP2,PC_ENT,IE,22.52,NaN,23.63,NaN,19.14,NaN
A,GE10,H,E_ITSP2,PC_ENT,IS,17.35,NaN,,NaN,,NaN
A,GE10,H,E_ITSP2,PC_ENT,IT,,u,10.91,NaN,9.89,NaN
A,GE10,H,E_ITSP2,PC_ENT,LT,8.8,NaN,11.35,NaN,7.98,NaN
A,GE10,H,E_ITSP2,PC_ENT,LU,16.25,NaN,19.4,NaN,17.66,NaN
A,GE10,H,E_ITSP2,PC_ENT,LV,16.26,NaN,16.58,NaN,13.81,NaN
A,GE10,H,E_ITSP2,PC_ENT,ME,,u,29.74,NaN,13.96,NaN
A,GE10,H,E_ITSP2,PC_ENT,MK,,NaN,3.51,NaN,,NaN
A,GE10,H,E_ITSP2,PC_ENT,MT,23.58,NaN,31.57,NaN,33.95,NaN
A,GE10,H,E_ITSP2,PC_ENT,NL,19.93,NaN,24.93,NaN,24.06,NaN
A,GE10,H,E_ITSP2,PC_ENT,NO,12.21,NaN,15.39,NaN,12.2,NaN
A,GE10,H,E_ITSP2,PC_ENT,PL,16.08,NaN,25.32,NaN,18.01,NaN
A,GE10,H,E_ITSP2,PC_ENT,PT,17.89,NaN,14.75,NaN,15.64,NaN
A,GE10,H,E_ITSP2,PC_ENT,RO,13.58,NaN,8.32,NaN,11.07,NaN
A,GE10,H,E_ITSP2,PC_ENT,RS,13.23,NaN,11.55,NaN,20.78,NaN
A,GE10,H,E_ITSP2,PC_ENT,SE,9.63,NaN,14.18,NaN,12.86,b
A,GE10,H,E_ITSP2,PC_ENT,SI,4.87,NaN,5.56,NaN,5.07,NaN
A,GE10,H,E_ITSP2,PC_ENT,SK,7.29,NaN,14.47,NaN,14.95,NaN
A,GE10,H,E_ITSP2,PC_ENT,TR,10.31,NaN,14.66,NaN,9.8,NaN
A,GE10,H,E_ITSP2,PC_ENT,UK,25.33,NaN,,NaN,,NaN
A,GE10,H,E_ITSP2,PC_ENT_CUSE,AT,,NaN,,NaN,,NaN
A,GE10,H,E_ITSP2,PC_ENT_CUSE,BA,,NaN,,NaN,,NaN
A,GE10,H,E_ITSP2,PC_ENT_CUSE,BE,,NaN,,NaN,,NaN
A,GE10,H,E_ITSP2,PC_ENT_CUSE,BG,,NaN,,NaN,,NaN
A,GE10,H,E_ITSP2,PC_ENT_CUSE,CY,,NaN,,NaN,,NaN
A,GE10,H,E_ITSP2,PC_ENT_CUSE,CZ,,NaN,,NaN,,NaN
A,GE10,H,E_ITSP2,PC_ENT_CUSE,DE,,NaN,,NaN,,NaN
A,GE10,H,E_ITSP2,PC_ENT_CUSE,DK,,NaN,,NaN,,NaN
A,GE10,H,E_ITSP2,PC_ENT_CUSE,EA,,NaN,,NaN,,NaN
A,GE10,H,E_ITSP2,PC_ENT_CUSE,EE,,NaN,,NaN,,NaN
A,GE10,H,E_ITSP2,PC_ENT_CUSE,EL,,NaN,,NaN,,NaN
A,GE10,H,E_ITSP2,PC_ENT_CUSE,ES,,NaN,,NaN,,NaN
A,GE10,H,E_ITSP2,PC_ENT_CUSE,EU15,,NaN,,NaN,,NaN
A,GE10,H,E_ITSP2,PC_ENT_CUSE,EU27_2007,,NaN,,NaN,,NaN
A,GE10,H,E_ITSP2,PC_ENT_CUSE,EU27_2020,,NaN,,NaN,,NaN
A,GE10,H,E_ITSP2,PC_ENT_CUSE,EU28,,NaN,,NaN,,NaN
A,GE10,H,E_ITSP2,PC_ENT_CUSE,FI,,NaN,,NaN,,NaN
A,GE10,H,E_ITSP2,PC_ENT_CUSE,FR,,NaN,,NaN,,NaN
A,GE10,H,E_ITSP2,PC_ENT_CUSE,HR,,NaN,,NaN,,NaN
A,GE10,H,E_ITSP2,PC_ENT_CUSE,HU,,NaN,,NaN,,NaN
A,GE10,H,E_ITSP2,PC_ENT_CUSE,IE,,NaN,,NaN,,NaN
A,GE10,H,E_ITSP2,PC_ENT_CUSE,IS,,NaN,,NaN,,NaN
A,GE10,H,E_ITSP2,PC_ENT_CUSE,IT,,NaN,,NaN,,NaN
A,GE10,H,E_ITSP2,PC_ENT_CUSE,LT,,NaN,,NaN,,NaN
A,GE10,H,E_ITSP2,PC_ENT_CUSE,LU,,NaN,,NaN,,NaN
A,GE10,H,E_ITSP2,PC_ENT_CUSE,LV,,NaN,,NaN,,NaN
A,GE10,H,E_ITSP2,PC_ENT_CUSE,ME,,NaN,,NaN,,NaN
A,GE10,H,E_ITSP2,PC_ENT_CUSE,MK,,NaN,,NaN,,NaN
A,GE10,H,E_ITSP2,PC_ENT_CUSE,MT,,NaN,,NaN,,NaN
A,GE10,H,E_ITSP2,PC_ENT_CUSE,NL,,NaN,,NaN,,NaN
A,GE10,H,E_ITSP2,PC_ENT_CUSE,NO,,NaN,,NaN,,NaN
A,GE10,H,E_ITSP2,PC_ENT_CUSE,PL,,NaN,,NaN,,NaN
A,GE10,H,E_ITSP2,PC_ENT_CUSE,PT,,NaN,,NaN,,NaN
A,GE10,H,E_ITSP2,PC_ENT_CUSE,RO,,NaN,,NaN,,NaN
A,GE10,H,E_ITSP2,PC_ENT_CUSE,RS,,NaN,,NaN,,NaN
A,GE10,H,E_ITSP2,PC_ENT_CUSE,SE,,NaN,,NaN,,NaN
A,GE10,H,E_ITSP2,PC_ENT_CUSE,SI,,NaN,,NaN,,NaN
A,GE10,H,E_ITSP2,PC_ENT_CUSE,SK,,NaN,,NaN,,NaN
A,GE10,H,E_ITSP2,PC_ENT_CUSE,TR,,NaN,,NaN,,NaN
A,GE10,H,E_ITSP2,PC_ENT_CUSE,UK,,NaN,,NaN,,NaN
A,GE10,I,E_ITSP2,PC_ENT,AT,3.51,NaN,9.37,NaN,5.87,NaN
A,GE10,I,E_ITSP2,PC_ENT,BA,5.38,NaN,4.77,NaN,11.9,NaN
A,GE10,I,E_ITSP2,PC_ENT,BE,9.26,NaN,14.46,NaN,7.9,NaN
A,GE10,I,E_ITSP2,PC_ENT,BG,10.22,NaN,9.5,NaN,7.8,NaN
A,GE10,I,E_ITSP2,PC_ENT,CY,15.59,NaN,16.39,NaN,18.44,NaN
A,GE10,I,E_ITSP2,PC_ENT,CZ,4.02,NaN,4.2,NaN,3.78,NaN
A,GE10,I,E_ITSP2,PC_ENT,DE,5.08,NaN,5.35,NaN,7.1,NaN
A,GE10,I,E_ITSP2,PC_ENT,DK,8.96,NaN,19.82,NaN,17.64,NaN
A,GE10,I,E_ITSP2,PC_ENT,EA,5.55,NaN,7.58,NaN,7.14,NaN
A,GE10,I,E_ITSP2,PC_ENT,EE,6.69,NaN,6.31,NaN,7.3,NaN
A,GE10,I,E_ITSP2,PC_ENT,EL,,u,14.11,NaN,14.4,NaN
A,GE10,I,E_ITSP2,PC_ENT,ES,4.43,NaN,6.18,NaN,4.14,NaN
A,GE10,I,E_ITSP2,PC_ENT,EU15,,NaN,,NaN,,NaN
A,GE10,I,E_ITSP2,PC_ENT,EU27_2007,,NaN,,NaN,,NaN
A,GE10,I,E_ITSP2,PC_ENT,EU27_2020,6.18,NaN,8.14,NaN,7.66,NaN
A,GE10,I,E_ITSP2,PC_ENT,EU28,,NaN,,NaN,,NaN
A,GE10,I,E_ITSP2,PC_ENT,FI,,u,8.67,NaN,10.26,NaN
A,GE10,I,E_ITSP2,PC_ENT,FR,6.98,NaN,7.24,b,8.96,NaN
A,GE10,I,E_ITSP2,PC_ENT,HR,7.34,NaN,7.24,NaN,4.88,NaN
A,GE10,I,E_ITSP2,PC_ENT,HU,12.37,NaN,16.16,NaN,13.8,NaN
A,GE10,I,E_ITSP2,PC_ENT,IE,14.06,NaN,12.47,NaN,13.69,NaN
A,GE10,I,E_ITSP2,PC_ENT,IS,3.35,NaN,,NaN,,NaN
A,GE10,I,E_ITSP2,PC_ENT,IT,1.84,NaN,3.23,NaN,1.58,NaN
A,GE10,I,E_ITSP2,PC_ENT,LT,6.43,NaN,4.77,NaN,3.79,NaN
A,GE10,I,E_ITSP2,PC_ENT,LU,4.64,NaN,9.32,NaN,5.96,NaN
A,GE10,I,E_ITSP2,PC_ENT,LV,5.99,NaN,5.55,NaN,5.89,NaN
A,GE10,I,E_ITSP2,PC_ENT,ME,,u,27.04,NaN,50.25,NaN
A,GE10,I,E_ITSP2,PC_ENT,MK,4.52,NaN,,u,,NaN
A,GE10,I,E_ITSP2,PC_ENT,MT,15.46,NaN,17.78,NaN,23.53,NaN
A,GE10,I,E_ITSP2,PC_ENT,NL,3.63,NaN,10.32,NaN,6.98,NaN
A,GE10,I,E_ITSP2,PC_ENT,NO,8.91,NaN,9.21,NaN,9.11,NaN
A,GE10,I,E_ITSP2,PC_ENT,PL,14.44,NaN,22.17,NaN,17.37,NaN
A,GE10,I,E_ITSP2,PC_ENT,PT,11.93,NaN,11.48,NaN,10.68,NaN
A,GE10,I,E_ITSP2,PC_ENT,RO,10.26,NaN,9.1,NaN,10.77,NaN
A,GE10,I,E_ITSP2,PC_ENT,RS,21.06,NaN,25.22,NaN,17.2,NaN
A,GE10,I,E_ITSP2,PC_ENT,SE,7.79,NaN,3.33,NaN,7.2,b
A,GE10,I,E_ITSP2,PC_ENT,SI,4.95,NaN,4.6,NaN,4.79,NaN
A,GE10,I,E_ITSP2,PC_ENT,SK,2.46,NaN,4.37,NaN,5.1,NaN
A,GE10,I,E_ITSP2,PC_ENT,TR,7.25,NaN,13.96,NaN,8.64,NaN
A,GE10,I,E_ITSP2,PC_ENT,UK,4.97,NaN,,NaN,,NaN
A,GE10,I,E_ITSP2,PC_ENT_CUSE,AT,,NaN,,NaN,,NaN
A,GE10,I,E_ITSP2,PC_ENT_CUSE,BA,,NaN,,NaN,,NaN
A,GE10,I,E_ITSP2,PC_ENT_CUSE,BE,,NaN,,NaN,,NaN
A,GE10,I,E_ITSP2,PC_ENT_CUSE,BG,,NaN,,NaN,,NaN
A,GE10,I,E_ITSP2,PC_ENT_CUSE,CY,,NaN,,NaN,,NaN
A,GE10,I,E_ITSP2,PC_ENT_CUSE,CZ,,NaN,,NaN,,NaN
A,GE10,I,E_ITSP2,PC_ENT_CUSE,DE,,NaN,,NaN,,NaN
A,GE10,I,E_ITSP2,PC_ENT_CUSE,DK,,NaN,,NaN,,NaN
A,GE10,I,E_ITSP2,PC_ENT_CUSE,EA,,NaN,,NaN,,NaN
A,GE10,I,E_ITSP2,PC_ENT_CUSE,EE,,NaN,,NaN,,NaN
A,GE10,I,E_ITSP2,PC_ENT_CUSE,EL,,NaN,,NaN,,NaN
A,GE10,I,E_ITSP2,PC_ENT_CUSE,ES,,NaN,,NaN,,NaN
A,GE10,I,E_ITSP2,PC_ENT_CUSE,EU15,,NaN,,NaN,,NaN
A,GE10,I,E_ITSP2,PC_ENT_CUSE,EU27_2007,,NaN,,NaN,,NaN
A,GE10,I,E_ITSP2,PC_ENT_CUSE,EU27_2020,,NaN,,NaN,,NaN
A,GE10,I,E_ITSP2,PC_ENT_CUSE,EU28,,NaN,,NaN,,NaN
A,GE10,I,E_ITSP2,PC_ENT_CUSE,FI,,NaN,,NaN,,NaN
A,GE10,I,E_ITSP2,PC_ENT_CUSE,FR,,NaN,,NaN,,NaN
A,GE10,I,E_ITSP2,PC_ENT_CUSE,HR,,NaN,,NaN,,NaN
A,GE10,I,E_ITSP2,PC_ENT_CUSE,HU,,NaN,,NaN,,NaN
A,GE10,I,E_ITSP2,PC_ENT_CUSE,IE,,NaN,,NaN,,NaN
A,GE10,I,E_ITSP2,PC_ENT_CUSE,IS,,NaN,,NaN,,NaN
A,GE10,I,E_ITSP2,PC_ENT_CUSE,IT,,NaN,,NaN,,NaN
A,GE10,I,E_ITSP2,PC_ENT_CUSE,LT,,NaN,,NaN,,NaN
A,GE10,I,E_ITSP2,PC_ENT_CUSE,LU,,NaN,,NaN,,NaN
A,GE10,I,E_ITSP2,PC_ENT_CUSE,LV,,NaN,,NaN,,NaN
A,GE10,I,E_ITSP2,PC_ENT_CUSE,ME,,NaN,,NaN,,NaN
A,GE10,I,E_ITSP2,PC_ENT_CUSE,MK,,NaN,,NaN,,NaN
A,GE10,I,E_ITSP2,PC_ENT_CUSE,MT,,NaN,,NaN,,NaN
A,GE10,I,E_ITSP2,PC_ENT_CUSE,NL,,NaN,,NaN,,NaN
A,GE10,I,E_ITSP2,PC_ENT_CUSE,NO,,NaN,,NaN,,NaN
A,GE10,I,E_ITSP2,PC_ENT_CUSE,PL,,NaN,,NaN,,NaN
A,GE10,I,E_ITSP2,PC_ENT_CUSE,PT,,NaN,,NaN,,NaN
A,GE10,I,E_ITSP2,PC_ENT_CUSE,RO,,NaN,,NaN,,NaN
A,GE10,I,E_ITSP2,PC_ENT_CUSE,RS,,NaN,,NaN,,NaN
A,GE10,I,E_ITSP2,PC_ENT_CUSE,SE,,NaN,,NaN,,NaN
A,GE10,I,E_ITSP2,PC_ENT_CUSE,SI,,NaN,,NaN,,NaN
A,GE10,I,E_ITSP2,PC_ENT_CUSE,SK,,NaN,,NaN,,NaN
A,GE10,I,E_ITSP2,PC_ENT_CUSE,TR,,NaN,,NaN,,NaN
A,GE10,I,E_ITSP2,PC_ENT_CUSE,UK,,NaN,,NaN,,NaN
A,GE10,I55,E_ITSP2,PC_ENT,AL,,NaN,16.18,b,,NaN
A,GE10,I55,E_ITSP2,PC_ENT,AT,4.38,NaN,13.2,NaN,8.85,NaN
A,GE10,I55,E_ITSP2,PC_ENT,BA,10.34,NaN,9.12,NaN,21.2,NaN
A,GE10,I55,E_ITSP2,PC_ENT,BE,,u,,u,,u
A,GE10,I55,E_ITSP2,PC_ENT,BG,20.66,NaN,20.54,NaN,15.98,NaN
A,GE10,I55,E_ITSP2,PC_ENT,CY,28.65,NaN,26.99,NaN,36.28,NaN
A,GE10,I55,E_ITSP2,PC_ENT,CZ,8.78,NaN,9.2,NaN,7.67,NaN
A,GE10,I55,E_ITSP2,PC_ENT,DE,7.83,NaN,8.77,NaN,8.2,NaN
A,GE10,I55,E_ITSP2,PC_ENT,DK,12.35,NaN,,u,33.18,NaN
A,GE10,I55,E_ITSP2,PC_ENT,EA,11.15,NaN,13.48,NaN,13.06,NaN
A,GE10,I55,E_ITSP2,PC_ENT,EE,30.83,NaN,10.08,NaN,23.39,NaN
A,GE10,I55,E_ITSP2,PC_ENT,EL,,u,17.89,NaN,30.92,NaN
A,GE10,I55,E_ITSP2,PC_ENT,ES,11.62,NaN,15.26,NaN,9.29,NaN
A,GE10,I55,E_ITSP2,PC_ENT,EU15,,NaN,,NaN,,NaN
A,GE10,I55,E_ITSP2,PC_ENT,EU27_2007,,NaN,,NaN,,NaN
A,GE10,I55,E_ITSP2,PC_ENT,EU27_2020,12.28,NaN,14.49,NaN,13.85,NaN
A,GE10,I55,E_ITSP2,PC_ENT,EU28,,NaN,,NaN,,NaN
A,GE10,I55,E_ITSP2,PC_ENT,FI,15.42,NaN,11.86,NaN,19.72,NaN
A,GE10,I55,E_ITSP2,PC_ENT,FR,12.55,NaN,17.82,b,15.58,NaN
A,GE10,I55,E_ITSP2,PC_ENT,HR,16.95,NaN,18.28,NaN,14.66,NaN
A,GE10,I55,E_ITSP2,PC_ENT,HU,29.81,NaN,35.2,NaN,32.83,NaN
A,GE10,I55,E_ITSP2,PC_ENT,IE,27.7,NaN,31.31,NaN,29.83,NaN
A,GE10,I55,E_ITSP2,PC_ENT,IS,6.16,NaN,,NaN,,NaN
A,GE10,I55,E_ITSP2,PC_ENT,IT,6.18,NaN,5.18,NaN,5.77,NaN
A,GE10,I55,E_ITSP2,PC_ENT,LT,13.25,NaN,15.83,NaN,9.87,NaN
A,GE10,I55,E_ITSP2,PC_ENT,LU,5.95,NaN,1.2,NaN,5.18,NaN
A,GE10,I55,E_ITSP2,PC_ENT,LV,24.3,NaN,20.71,NaN,25.42,NaN
A,GE10,I55,E_ITSP2,PC_ENT,ME,,u,50.06,NaN,34.25,NaN
A,GE10,I55,E_ITSP2,PC_ENT,MK,,u,,u,,NaN
A,GE10,I55,E_ITSP2,PC_ENT,MT,33.71,NaN,41.11,NaN,47.38,NaN
A,GE10,I55,E_ITSP2,PC_ENT,NL,10.11,NaN,20.25,NaN,21.09,NaN
A,GE10,I55,E_ITSP2,PC_ENT,NO,17.12,NaN,17.13,NaN,14.01,NaN
A,GE10,I55,E_ITSP2,PC_ENT,PL,28.14,NaN,32.08,NaN,26.41,NaN
A,GE10,I55,E_ITSP2,PC_ENT,PT,,u,35.1,NaN,24.45,NaN
A,GE10,I55,E_ITSP2,PC_ENT,RO,12.52,NaN,6.5,NaN,13.69,NaN
A,GE10,I55,E_ITSP2,PC_ENT,RS,29.21,NaN,25.81,NaN,13.53,NaN
A,GE10,I55,E_ITSP2,PC_ENT,SE,14.0,NaN,12.95,NaN,8.53,b
A,GE10,I55,E_ITSP2,PC_ENT,SI,20.69,NaN,10.38,NaN,17.05,NaN
A,GE10,I55,E_ITSP2,PC_ENT,SK,4.32,NaN,6.13,NaN,8.14,NaN
A,GE10,I55,E_ITSP2,PC_ENT,TR,20.46,NaN,28.18,NaN,26.23,NaN
A,GE10,I55,E_ITSP2,PC_ENT,UK,17.77,NaN,,NaN,,NaN
A,GE10,I55,E_ITSP2,PC_ENT_CUSE,AT,,NaN,,NaN,,NaN
A,GE10,I55,E_ITSP2,PC_ENT_CUSE,BA,,NaN,,NaN,,NaN
A,GE10,I55,E_ITSP2,PC_ENT_CUSE,BE,,NaN,,NaN,,NaN
A,GE10,I55,E_ITSP2,PC_ENT_CUSE,BG,,NaN,,NaN,,NaN
A,GE10,I55,E_ITSP2,PC_ENT_CUSE,CY,,NaN,,NaN,,NaN
A,GE10,I55,E_ITSP2,PC_ENT_CUSE,CZ,,NaN,,NaN,,NaN
A,GE10,I55,E_ITSP2,PC_ENT_CUSE,DE,,NaN,,NaN,,NaN
A,GE10,I55,E_ITSP2,PC_ENT_CUSE,DK,,NaN,,NaN,,NaN
A,GE10,I55,E_ITSP2,PC_ENT_CUSE,EA,,NaN,,NaN,,NaN
A,GE10,I55,E_ITSP2,PC_ENT_CUSE,EE,,NaN,,NaN,,NaN
A,GE10,I55,E_ITSP2,PC_ENT_CUSE,EL,,NaN,,NaN,,NaN
A,GE10,I55,E_ITSP2,PC_ENT_CUSE,ES,,NaN,,NaN,,NaN
A,GE10,I55,E_ITSP2,PC_ENT_CUSE,EU15,,NaN,,NaN,,NaN
A,GE10,I55,E_ITSP2,PC_ENT_CUSE,EU27_2007,,NaN,,NaN,,NaN
A,GE10,I55,E_ITSP2,PC_ENT_CUSE,EU27_2020,,NaN,,NaN,,NaN
A,GE10,I55,E_ITSP2,PC_ENT_CUSE,EU28,,NaN,,NaN,,NaN
A,GE10,I55,E_ITSP2,PC_ENT_CUSE,FI,,NaN,,NaN,,NaN
A,GE10,I55,E_ITSP2,PC_ENT_CUSE,FR,,NaN,,NaN,,NaN
A,GE10,I55,E_ITSP2,PC_ENT_CUSE,HR,,NaN,,NaN,,NaN
A,GE10,I55,E_ITSP2,PC_ENT_CUSE,HU,,NaN,,NaN,,NaN
A,GE10,I55,E_ITSP2,PC_ENT_CUSE,IE,,NaN,,NaN,,NaN
A,GE10,I55,E_ITSP2,PC_ENT_CUSE,IS,,NaN,,NaN,,NaN
A,GE10,I55,E_ITSP2,PC_ENT_CUSE,IT,,NaN,,NaN,,NaN
A,GE10,I55,E_ITSP2,PC_ENT_CUSE,LT,,NaN,,NaN,,NaN
A,GE10,I55,E_ITSP2,PC_ENT_CUSE,LU,,NaN,,NaN,,NaN
A,GE10,I55,E_ITSP2,PC_ENT_CUSE,LV,,NaN,,NaN,,NaN
A,GE10,I55,E_ITSP2,PC_ENT_CUSE,ME,,NaN,,NaN,,NaN
A,GE10,I55,E_ITSP2,PC_ENT_CUSE,MK,,NaN,,NaN,,NaN
A,GE10,I55,E_ITSP2,PC_ENT_CUSE,MT,,NaN,,NaN,,NaN
A,GE10,I55,E_ITSP2,PC_ENT_CUSE,NL,,NaN,,NaN,,NaN
A,GE10,I55,E_ITSP2,PC_ENT_CUSE,NO,,NaN,,NaN,,NaN
A,GE10,I55,E_ITSP2,PC_ENT_CUSE,PL,,NaN,,NaN,,NaN
A,GE10,I55,E_ITSP2,PC_ENT_CUSE,PT,,NaN,,NaN,,NaN
A,GE10,I55,E_ITSP2,PC_ENT_CUSE,RO,,NaN,,NaN,,NaN
A,GE10,I55,E_ITSP2,PC_ENT_CUSE,RS,,NaN,,NaN,,NaN
A,GE10,I55,E_ITSP2,PC_ENT_CUSE,SE,,NaN,,NaN,,NaN
A,GE10,I55,E_ITSP2,PC_ENT_CUSE,SI,,NaN,,NaN,,NaN
A,GE10,I55,E_ITSP2,PC_ENT_CUSE,SK,,NaN,,NaN,,NaN
A,GE10,I55,E_ITSP2,PC_ENT_CUSE,TR,,NaN,,NaN,,NaN
A,GE10,I55,E_ITSP2,PC_ENT_CUSE,UK,,NaN,,NaN,,NaN
A,GE10,ICT,E_ITSP2,PC_ENT,AT,92.31,NaN,84.45,NaN,84.49,NaN
A,GE10,ICT,E_ITSP2,PC_ENT,BA,76.56,NaN,55.24,NaN,84.61,NaN
A,GE10,ICT,E_ITSP2,PC_ENT,BE,91.22,NaN,88.52,NaN,84.61,NaN
A,GE10,ICT,E_ITSP2,PC_ENT,BG,71.56,NaN,68.71,NaN,72.0,NaN
A,GE10,ICT,E_ITSP2,PC_ENT,CY,82.39,NaN,79.66,NaN,90.88,NaN
A,GE10,ICT,E_ITSP2,PC_ENT,CZ,82.45,NaN,81.75,NaN,81.63,NaN
A,GE10,ICT,E_ITSP2,PC_ENT,DE,74.06,NaN,83.4,NaN,87.19,NaN
A,GE10,ICT,E_ITSP2,PC_ENT,DK,87.75,NaN,89.37,NaN,88.2,NaN
A,GE10,ICT,E_ITSP2,PC_ENT,EA,74.97,NaN,79.13,NaN,78.6,NaN
A,GE10,ICT,E_ITSP2,PC_ENT,EE,90.57,NaN,89.59,NaN,84.88,NaN
A,GE10,ICT,E_ITSP2,PC_ENT,EL,71.42,NaN,83.62,NaN,79.02,NaN
A,GE10,ICT,E_ITSP2,PC_ENT,ES,64.57,NaN,69.01,NaN,62.91,NaN
A,GE10,ICT,E_ITSP2,PC_ENT,EU15,,NaN,,NaN,,NaN
A,GE10,ICT,E_ITSP2,PC_ENT,EU27_2007,,NaN,,NaN,,NaN
A,GE10,ICT,E_ITSP2,PC_ENT,EU27_2020,75.28,NaN,78.86,NaN,78.61,NaN
A,GE10,ICT,E_ITSP2,PC_ENT,EU28,,NaN,,NaN,,NaN
A,GE10,ICT,E_ITSP2,PC_ENT,FI,93.01,NaN,93.43,NaN,90.49,NaN
A,GE10,ICT,E_ITSP2,PC_ENT,FR,76.94,NaN,84.35,b,78.95,NaN
A,GE10,ICT,E_ITSP2,PC_ENT,HR,84.1,NaN,78.04,NaN,93.53,NaN
A,GE10,ICT,E_ITSP2,PC_ENT,HU,85.31,NaN,85.34,NaN,83.36,NaN
A,GE10,ICT,E_ITSP2,PC_ENT,IE,85.99,NaN,73.76,NaN,78.74,NaN
A,GE10,ICT,E_ITSP2,PC_ENT,IS,62.14,NaN,,NaN,,NaN
A,GE10,ICT,E_ITSP2,PC_ENT,IT,68.48,NaN,64.14,NaN,62.07,NaN
A,GE10,ICT,E_ITSP2,PC_ENT,LT,82.1,NaN,85.61,NaN,87.38,NaN
A,GE10,ICT,E_ITSP2,PC_ENT,LU,83.14,NaN,79.03,NaN,78.3,NaN
A,GE10,ICT,E_ITSP2,PC_ENT,LV,79.26,NaN,71.58,NaN,82.88,NaN
A,GE10,ICT,E_ITSP2,PC_ENT,ME,,u,78.59,NaN,54.8,NaN
A,GE10,ICT,E_ITSP2,PC_ENT,MK,72.16,NaN,60.82,NaN,,NaN
A,GE10,ICT,E_ITSP2,PC_ENT,MT,84.7,NaN,84.41,NaN,87.9,NaN
A,GE10,ICT,E_ITSP2,PC_ENT,NL,73.42,NaN,82.54,NaN,82.1,NaN
A,GE10,ICT,E_ITSP2,PC_ENT,NO,75.26,NaN,83.28,NaN,80.02,NaN
A,GE10,ICT,E_ITSP2,PC_ENT,PL,81.69,NaN,84.6,NaN,82.38,NaN
A,GE10,ICT,E_ITSP2,PC_ENT,PT,88.29,NaN,82.43,NaN,84.18,NaN
A,GE10,ICT,E_ITSP2,PC_ENT,RO,53.59,NaN,57.89,NaN,58.88,NaN
A,GE10,ICT,E_ITSP2,PC_ENT,RS,92.45,NaN,74.93,NaN,77.9,NaN
A,GE10,ICT,E_ITSP2,PC_ENT,SE,72.37,NaN,76.18,NaN,82.11,b
A,GE10,ICT,E_ITSP2,PC_ENT,SI,83.77,NaN,80.13,NaN,91.66,NaN
A,GE10,ICT,E_ITSP2,PC_ENT,SK,62.74,NaN,69.43,NaN,67.15,NaN
A,GE10,ICT,E_ITSP2,PC_ENT,TR,62.5,NaN,75.11,NaN,65.05,NaN
A,GE10,ICT,E_ITSP2,PC_ENT,UK,76.63,NaN,,NaN,,NaN
A,GE10,ICT,E_ITSP2,PC_ENT_CUSE,AT,,NaN,,NaN,,NaN
A,GE10,ICT,E_ITSP2,PC_ENT_CUSE,BA,,NaN,,NaN,,NaN
A,GE10,ICT,E_ITSP2,PC_ENT_CUSE,BE,,NaN,,NaN,,NaN
A,GE10,ICT,E_ITSP2,PC_ENT_CUSE,BG,,NaN,,NaN,,NaN
A,GE10,ICT,E_ITSP2,PC_ENT_CUSE,CY,,NaN,,NaN,,NaN
A,GE10,ICT,E_ITSP2,PC_ENT_CUSE,CZ,,NaN,,NaN,,NaN
A,GE10,ICT,E_ITSP2,PC_ENT_CUSE,DE,,NaN,,NaN,,NaN
A,GE10,ICT,E_ITSP2,PC_ENT_CUSE,DK,,NaN,,NaN,,NaN
A,GE10,ICT,E_ITSP2,PC_ENT_CUSE,EA,,NaN,,NaN,,NaN
A,GE10,ICT,E_ITSP2,PC_ENT_CUSE,EE,,NaN,,NaN,,NaN
A,GE10,ICT,E_ITSP2,PC_ENT_CUSE,EL,,NaN,,NaN,,NaN
A,GE10,ICT,E_ITSP2,PC_ENT_CUSE,ES,,NaN,,NaN,,NaN
A,GE10,ICT,E_ITSP2,PC_ENT_CUSE,EU15,,NaN,,NaN,,NaN
A,GE10,ICT,E_ITSP2,PC_ENT_CUSE,EU27_2007,,NaN,,NaN,,NaN
A,GE10,ICT,E_ITSP2,PC_ENT_CUSE,EU27_2020,,NaN,,NaN,,NaN
A,GE10,ICT,E_ITSP2,PC_ENT_CUSE,EU28,,NaN,,NaN,,NaN
A,GE10,ICT,E_ITSP2,PC_ENT_CUSE,FI,,NaN,,NaN,,NaN
A,GE10,ICT,E_ITSP2,PC_ENT_CUSE,FR,,NaN,,NaN,,NaN
A,GE10,ICT,E_ITSP2,PC_ENT_CUSE,HR,,NaN,,NaN,,NaN
A,GE10,ICT,E_ITSP2,PC_ENT_CUSE,HU,,NaN,,NaN,,NaN
A,GE10,ICT,E_ITSP2,PC_ENT_CUSE,IE,,NaN,,NaN,,NaN
A,GE10,ICT,E_ITSP2,PC_ENT_CUSE,IS,,NaN,,NaN,,NaN
A,GE10,ICT,E_ITSP2,PC_ENT_CUSE,IT,,NaN,,NaN,,NaN
A,GE10,ICT,E_ITSP2,PC_ENT_CUSE,LT,,NaN,,NaN,,NaN
A,GE10,ICT,E_ITSP2,PC_ENT_CUSE,LU,,NaN,,NaN,,NaN
A,GE10,ICT,E_ITSP2,PC_ENT_CUSE,LV,,NaN,,NaN,,NaN
A,GE10,ICT,E_ITSP2,PC_ENT_CUSE,ME,,NaN,,NaN,,NaN
A,GE10,ICT,E_ITSP2,PC_ENT_CUSE,MK,,NaN,,NaN,,NaN
A,GE10,ICT,E_ITSP2,PC_ENT_CUSE,MT,,NaN,,NaN,,NaN
A,GE10,ICT,E_ITSP2,PC_ENT_CUSE,NL,,NaN,,NaN,,NaN
A,GE10,ICT,E_ITSP2,PC_ENT_CUSE,NO,,NaN,,NaN,,NaN
A,GE10,ICT,E_ITSP2,PC_ENT_CUSE,PL,,NaN,,NaN,,NaN
A,GE10,ICT,E_ITSP2,PC_ENT_CUSE,PT,,NaN,,NaN,,NaN
A,GE10,ICT,E_ITSP2,PC_ENT_CUSE,RO,,NaN,,NaN,,NaN
A,GE10,ICT,E_ITSP2,PC_ENT_CUSE,RS,,NaN,,NaN,,NaN
A,GE10,ICT,E_ITSP2,PC_ENT_CUSE,SE,,NaN,,NaN,,NaN
A,GE10,ICT,E_ITSP2,PC_ENT_CUSE,SI,,NaN,,NaN,,NaN
A,GE10,ICT,E_ITSP2,PC_ENT_CUSE,SK,,NaN,,NaN,,NaN
A,GE10,ICT,E_ITSP2,PC_ENT_CUSE,TR,,NaN,,NaN,,NaN
A,GE10,ICT,E_ITSP2,PC_ENT_CUSE,UK,,NaN,,NaN,,NaN
A,GE10,J,E_ITSP2,PC_ENT,AL,,NaN,80.26,b,,NaN
A,GE10,J,E_ITSP2,PC_ENT,AT,88.96,NaN,80.81,NaN,80.74,NaN
A,GE10,J,E_ITSP2,PC_ENT,BA,69.94,NaN,47.49,NaN,75.17,NaN
A,GE10,J,E_ITSP2,PC_ENT,BE,87.15,NaN,85.93,NaN,79.31,NaN
A,GE10,J,E_ITSP2,PC_ENT,BG,67.16,NaN,68.99,NaN,71.95,NaN
A,GE10,J,E_ITSP2,PC_ENT,CY,81.86,NaN,73.14,NaN,84.75,NaN
A,GE10,J,E_ITSP2,PC_ENT,CZ,85.3,NaN,83.49,NaN,84.2,NaN
A,GE10,J,E_ITSP2,PC_ENT,DE,71.32,NaN,80.58,NaN,82.15,NaN
A,GE10,J,E_ITSP2,PC_ENT,DK,87.13,NaN,89.16,NaN,86.46,NaN
A,GE10,J,E_ITSP2,PC_ENT,EA,71.53,NaN,76.29,NaN,75.53,NaN
A,GE10,J,E_ITSP2,PC_ENT,EE,83.26,NaN,83.59,NaN,80.86,NaN
A,GE10,J,E_ITSP2,PC_ENT,EL,56.01,NaN,70.58,NaN,72.5,NaN
A,GE10,J,E_ITSP2,PC_ENT,ES,60.49,NaN,66.52,NaN,62.04,NaN
A,GE10,J,E_ITSP2,PC_ENT,EU15,,NaN,,NaN,,NaN
A,GE10,J,E_ITSP2,PC_ENT,EU27_2007,,NaN,,NaN,,NaN
A,GE10,J,E_ITSP2,PC_ENT,EU27_2020,72.4,NaN,76.79,NaN,76.24,NaN
A,GE10,J,E_ITSP2,PC_ENT,EU28,,NaN,,NaN,,NaN
A,GE10,J,E_ITSP2,PC_ENT,FI,86.91,NaN,88.7,NaN,83.22,NaN
A,GE10,J,E_ITSP2,PC_ENT,FR,70.46,NaN,80.66,b,73.54,NaN
A,GE10,J,E_ITSP2,PC_ENT,HR,78.66,NaN,80.87,NaN,85.08,NaN
A,GE10,J,E_ITSP2,PC_ENT,HU,83.18,NaN,88.0,NaN,82.77,NaN
A,GE10,J,E_ITSP2,PC_ENT,IE,80.35,NaN,72.41,NaN,72.19,NaN
A,GE10,J,E_ITSP2,PC_ENT,IS,54.55,NaN,,NaN,,NaN
A,GE10,J,E_ITSP2,PC_ENT,IT,66.23,NaN,59.89,NaN,62.03,NaN
A,GE10,J,E_ITSP2,PC_ENT,LT,76.83,NaN,84.13,NaN,83.96,NaN
A,GE10,J,E_ITSP2,PC_ENT,LU,80.47,NaN,78.48,NaN,78.57,NaN
A,GE10,J,E_ITSP2,PC_ENT,LV,72.95,NaN,64.47,NaN,80.39,NaN
A,GE10,J,E_ITSP2,PC_ENT,ME,,u,65.46,NaN,52.49,NaN
A,GE10,J,E_ITSP2,PC_ENT,MK,66.0,NaN,62.64,NaN,,NaN
A,GE10,J,E_ITSP2,PC_ENT,MT,76.9,NaN,82.46,NaN,87.43,NaN
A,GE10,J,E_ITSP2,PC_ENT,NL,74.24,NaN,80.61,NaN,82.11,NaN
A,GE10,J,E_ITSP2,PC_ENT,NO,65.86,NaN,74.2,NaN,72.05,NaN
A,GE10,J,E_ITSP2,PC_ENT,PL,81.65,NaN,84.35,NaN,85.02,NaN
A,GE10,J,E_ITSP2,PC_ENT,PT,84.59,NaN,80.09,NaN,80.64,NaN
A,GE10,J,E_ITSP2,PC_ENT,RO,53.4,NaN,59.51,NaN,58.39,NaN
A,GE10,J,E_ITSP2,PC_ENT,RS,83.04,NaN,85.07,NaN,88.05,NaN
A,GE10,J,E_ITSP2,PC_ENT,SE,71.87,NaN,76.1,NaN,80.79,b
A,GE10,J,E_ITSP2,PC_ENT,SI,91.38,NaN,87.08,NaN,98.25,NaN
A,GE10,J,E_ITSP2,PC_ENT,SK,69.63,NaN,71.88,NaN,69.72,NaN
A,GE10,J,E_ITSP2,PC_ENT,TR,65.59,NaN,76.22,NaN,66.64,NaN
A,GE10,J,E_ITSP2,PC_ENT,UK,69.45,NaN,,NaN,,NaN
A,GE10,J,E_ITSP2,PC_ENT_CUSE,AT,,NaN,,NaN,,NaN
A,GE10,J,E_ITSP2,PC_ENT_CUSE,BA,,NaN,,NaN,,NaN
A,GE10,J,E_ITSP2,PC_ENT_CUSE,BE,,NaN,,NaN,,NaN
A,GE10,J,E_ITSP2,PC_ENT_CUSE,BG,,NaN,,NaN,,NaN
A,GE10,J,E_ITSP2,PC_ENT_CUSE,CY,,NaN,,NaN,,NaN
A,GE10,J,E_ITSP2,PC_ENT_CUSE,CZ,,NaN,,NaN,,NaN
A,GE10,J,E_ITSP2,PC_ENT_CUSE,DE,,NaN,,NaN,,NaN
A,GE10,J,E_ITSP2,PC_ENT_CUSE,DK,,NaN,,NaN,,NaN
A,GE10,J,E_ITSP2,PC_ENT_CUSE,EA,,NaN,,NaN,,NaN
A,GE10,J,E_ITSP2,PC_ENT_CUSE,EE,,NaN,,NaN,,NaN
A,GE10,J,E_ITSP2,PC_ENT_CUSE,EL,,NaN,,NaN,,NaN
A,GE10,J,E_ITSP2,PC_ENT_CUSE,ES,,NaN,,NaN,,NaN
A,GE10,J,E_ITSP2,PC_ENT_CUSE,EU15,,NaN,,NaN,,NaN
A,GE10,J,E_ITSP2,PC_ENT_CUSE,EU27_2007,,NaN,,NaN,,NaN
A,GE10,J,E_ITSP2,PC_ENT_CUSE,EU27_2020,,NaN,,NaN,,NaN
A,GE10,J,E_ITSP2,PC_ENT_CUSE,EU28,,NaN,,NaN,,NaN
A,GE10,J,E_ITSP2,PC_ENT_CUSE,FI,,NaN,,NaN,,NaN
A,GE10,J,E_ITSP2,PC_ENT_CUSE,FR,,NaN,,NaN,,NaN
A,GE10,J,E_ITSP2,PC_ENT_CUSE,HR,,NaN,,NaN,,NaN
A,GE10,J,E_ITSP2,PC_ENT_CUSE,HU,,NaN,,NaN,,NaN
A,GE10,J,E_ITSP2,PC_ENT_CUSE,IE,,NaN,,NaN,,NaN
A,GE10,J,E_ITSP2,PC_ENT_CUSE,IS,,NaN,,NaN,,NaN
A,GE10,J,E_ITSP2,PC_ENT_CUSE,IT,,NaN,,NaN,,NaN
A,GE10,J,E_ITSP2,PC_ENT_CUSE,LT,,NaN,,NaN,,NaN
A,GE10,J,E_ITSP2,PC_ENT_CUSE,LU,,NaN,,NaN,,NaN
A,GE10,J,E_ITSP2,PC_ENT_CUSE,LV,,NaN,,NaN,,NaN
A,GE10,J,E_ITSP2,PC_ENT_CUSE,ME,,NaN,,NaN,,NaN
A,GE10,J,E_ITSP2,PC_ENT_CUSE,MK,,NaN,,NaN,,NaN
A,GE10,J,E_ITSP2,PC_ENT_CUSE,MT,,NaN,,NaN,,NaN
A,GE10,J,E_ITSP2,PC_ENT_CUSE,NL,,NaN,,NaN,,NaN
A,GE10,J,E_ITSP2,PC_ENT_CUSE,NO,,NaN,,NaN,,NaN
A,GE10,J,E_ITSP2,PC_ENT_CUSE,PL,,NaN,,NaN,,NaN
A,GE10,J,E_ITSP2,PC_ENT_CUSE,PT,,NaN,,NaN,,NaN
A,GE10,J,E_ITSP2,PC_ENT_CUSE,RO,,NaN,,NaN,,NaN
A,GE10,J,E_ITSP2,PC_ENT_CUSE,RS,,NaN,,NaN,,NaN
A,GE10,J,E_ITSP2,PC_ENT_CUSE,SE,,NaN,,NaN,,NaN
A,GE10,J,E_ITSP2,PC_ENT_CUSE,SI,,NaN,,NaN,,NaN
A,GE10,J,E_ITSP2,PC_ENT_CUSE,SK,,NaN,,NaN,,NaN
A,GE10,J,E_ITSP2,PC_ENT_CUSE,TR,,NaN,,NaN,,NaN
A,GE10,J,E_ITSP2,PC_ENT_CUSE,UK,,NaN,,NaN,,NaN
A,GE10,J58-J60,E_ITSP2,PC_ENT,AT,,u,,u,,u
A,GE10,J58-J60,E_ITSP2,PC_ENT,BA,52.43,NaN,40.43,NaN,51.06,NaN
A,GE10,J58-J60,E_ITSP2,PC_ENT,BE,,u,,u,,u
A,GE10,J58-J60,E_ITSP2,PC_ENT,BG,39.74,NaN,44.08,NaN,42.58,NaN
A,GE10,J58-J60,E_ITSP2,PC_ENT,CY,69.67,NaN,52.71,NaN,59.94,NaN
A,GE10,J58-J60,E_ITSP2,PC_ENT,CZ,60.62,NaN,56.23,NaN,61.47,NaN
A,GE10,J58-J60,E_ITSP2,PC_ENT,DE,42.78,NaN,48.65,NaN,46.59,NaN
A,GE10,J58-J60,E_ITSP2,PC_ENT,DK,64.01,NaN,66.31,NaN,60.26,NaN
A,GE10,J58-J60,E_ITSP2,PC_ENT,EA,45.7,NaN,49.24,NaN,47.83,NaN
A,GE10,J58-J60,E_ITSP2,PC_ENT,EE,24.65,NaN,24.03,NaN,37.25,NaN
A,GE10,J58-J60,E_ITSP2,PC_ENT,EL,,u,47.95,NaN,50.29,NaN
A,GE10,J58-J60,E_ITSP2,PC_ENT,ES,,u,,u,,u
A,GE10,J58-J60,E_ITSP2,PC_ENT,EU15,,NaN,,NaN,,NaN
A,GE10,J58-J60,E_ITSP2,PC_ENT,EU27_2007,,NaN,,NaN,,NaN
A,GE10,J58-J60,E_ITSP2,PC_ENT,EU27_2020,47.6,NaN,51.55,NaN,49.46,NaN
A,GE10,J58-J60,E_ITSP2,PC_ENT,EU28,,NaN,,NaN,,NaN
A,GE10,J58-J60,E_ITSP2,PC_ENT,FI,,u,,u,,u
A,GE10,J58-J60,E_ITSP2,PC_ENT,FR,51.9,NaN,58.54,b,55.32,NaN
A,GE10,J58-J60,E_ITSP2,PC_ENT,HR,31.9,NaN,55.98,NaN,41.15,NaN
A,GE10,J58-J60,E_ITSP2,PC_ENT,HU,61.92,NaN,77.73,NaN,63.99,NaN
A,GE10,J58-J60,E_ITSP2,PC_ENT,IE,57.45,NaN,59.67,NaN,51.1,NaN
A,GE10,J58-J60,E_ITSP2,PC_ENT,IS,13.33,NaN,,NaN,,NaN
A,GE10,J58-J60,E_ITSP2,PC_ENT,IT,28.53,NaN,24.72,NaN,33.36,NaN
A,GE10,J58-J60,E_ITSP2,PC_ENT,LT,37.37,NaN,40.26,NaN,,u
A,GE10,J58-J60,E_ITSP2,PC_ENT,LU,,u,,u,,u
A,GE10,J58-J60,E_ITSP2,PC_ENT,LV,35.41,NaN,35.06,NaN,37.46,NaN
A,GE10,J58-J60,E_ITSP2,PC_ENT,ME,,u,43.92,NaN,60.21,NaN
A,GE10,J58-J60,E_ITSP2,PC_ENT,MK,,u,,u,,NaN
A,GE10,J58-J60,E_ITSP2,PC_ENT,MT,36.04,NaN,60.24,NaN,65.86,NaN
A,GE10,J58-J60,E_ITSP2,PC_ENT,NL,52.42,NaN,56.23,NaN,51.42,NaN
A,GE10,J58-J60,E_ITSP2,PC_ENT,NO,46.65,NaN,53.0,NaN,52.15,NaN
A,GE10,J58-J60,E_ITSP2,PC_ENT,PL,66.23,NaN,69.27,NaN,59.31,NaN
A,GE10,J58-J60,E_ITSP2,PC_ENT,PT,,u,,u,53.61,NaN
A,GE10,J58-J60,E_ITSP2,PC_ENT,RO,39.98,NaN,47.46,NaN,37.79,NaN
A,GE10,J58-J60,E_ITSP2,PC_ENT,RS,53.21,NaN,44.72,NaN,61.42,NaN
A,GE10,J58-J60,E_ITSP2,PC_ENT,SE,56.04,NaN,57.41,NaN,63.46,b
A,GE10,J58-J60,E_ITSP2,PC_ENT,SI,,u,,u,84.29,NaN
A,GE10,J58-J60,E_ITSP2,PC_ENT,SK,41.16,NaN,38.74,NaN,41.92,NaN
A,GE10,J58-J60,E_ITSP2,PC_ENT,TR,46.17,NaN,52.54,NaN,49.51,NaN
A,GE10,J58-J60,E_ITSP2,PC_ENT,UK,,u,,NaN,,NaN
A,GE10,J58-J60,E_ITSP2,PC_ENT_CUSE,AT,,NaN,,NaN,,NaN
A,GE10,J58-J60,E_ITSP2,PC_ENT_CUSE,BA,,NaN,,NaN,,NaN
A,GE10,J58-J60,E_ITSP2,PC_ENT_CUSE,BE,,NaN,,NaN,,NaN
A,GE10,J58-J60,E_ITSP2,PC_ENT_CUSE,BG,,NaN,,NaN,,NaN
A,GE10,J58-J60,E_ITSP2,PC_ENT_CUSE,CY,,NaN,,NaN,,NaN
A,GE10,J58-J60,E_ITSP2,PC_ENT_CUSE,CZ,,NaN,,NaN,,NaN
A,GE10,J58-J60,E_ITSP2,PC_ENT_CUSE,DE,,NaN,,NaN,,NaN
A,GE10,J58-J60,E_ITSP2,PC_ENT_CUSE,DK,,NaN,,NaN,,NaN
A,GE10,J58-J60,E_ITSP2,PC_ENT_CUSE,EA,,NaN,,NaN,,NaN
A,GE10,J58-J60,E_ITSP2,PC_ENT_CUSE,EE,,NaN,,NaN,,NaN
A,GE10,J58-J60,E_ITSP2,PC_ENT_CUSE,EL,,NaN,,NaN,,NaN
A,GE10,J58-J60,E_ITSP2,PC_ENT_CUSE,ES,,NaN,,NaN,,NaN
A,GE10,J58-J60,E_ITSP2,PC_ENT_CUSE,EU15,,NaN,,NaN,,NaN
A,GE10,J58-J60,E_ITSP2,PC_ENT_CUSE,EU27_2007,,NaN,,NaN,,NaN
A,GE10,J58-J60,E_ITSP2,PC_ENT_CUSE,EU27_2020,,NaN,,NaN,,NaN
A,GE10,J58-J60,E_ITSP2,PC_ENT_CUSE,EU28,,NaN,,NaN,,NaN
A,GE10,J58-J60,E_ITSP2,PC_ENT_CUSE,FI,,NaN,,NaN,,NaN
A,GE10,J58-J60,E_ITSP2,PC_ENT_CUSE,FR,,NaN,,NaN,,NaN
A,GE10,J58-J60,E_ITSP2,PC_ENT_CUSE,HR,,NaN,,NaN,,NaN
A,GE10,J58-J60,E_ITSP2,PC_ENT_CUSE,HU,,NaN,,NaN,,NaN
A,GE10,J58-J60,E_ITSP2,PC_ENT_CUSE,IE,,NaN,,NaN,,NaN
A,GE10,J58-J60,E_ITSP2,PC_ENT_CUSE,IS,,NaN,,NaN,,NaN
A,GE10,J58-J60,E_ITSP2,PC_ENT_CUSE,IT,,NaN,,NaN,,NaN
A,GE10,J58-J60,E_ITSP2,PC_ENT_CUSE,LT,,NaN,,NaN,,NaN
A,GE10,J58-J60,E_ITSP2,PC_ENT_CUSE,LU,,NaN,,NaN,,NaN
A,GE10,J58-J60,E_ITSP2,PC_ENT_CUSE,LV,,NaN,,NaN,,NaN
A,GE10,J58-J60,E_ITSP2,PC_ENT_CUSE,ME,,NaN,,NaN,,NaN
A,GE10,J58-J60,E_ITSP2,PC_ENT_CUSE,MK,,NaN,,NaN,,NaN
A,GE10,J58-J60,E_ITSP2,PC_ENT_CUSE,MT,,NaN,,NaN,,NaN
A,GE10,J58-J60,E_ITSP2,PC_ENT_CUSE,NL,,NaN,,NaN,,NaN
A,GE10,J58-J60,E_ITSP2,PC_ENT_CUSE,NO,,NaN,,NaN,,NaN
A,GE10,J58-J60,E_ITSP2,PC_ENT_CUSE,PL,,NaN,,NaN,,NaN
A,GE10,J58-J60,E_ITSP2,PC_ENT_CUSE,PT,,NaN,,NaN,,NaN
A,GE10,J58-J60,E_ITSP2,PC_ENT_CUSE,RO,,NaN,,NaN,,NaN
A,GE10,J58-J60,E_ITSP2,PC_ENT_CUSE,RS,,NaN,,NaN,,NaN
A,GE10,J58-J60,E_ITSP2,PC_ENT_CUSE,SE,,NaN,,NaN,,NaN
A,GE10,J58-J60,E_ITSP2,PC_ENT_CUSE,SI,,NaN,,NaN,,NaN
A,GE10,J58-J60,E_ITSP2,PC_ENT_CUSE,SK,,NaN,,NaN,,NaN
A,GE10,J58-J60,E_ITSP2,PC_ENT_CUSE,TR,,NaN,,NaN,,NaN
A,GE10,J58-J60,E_ITSP2,PC_ENT_CUSE,UK,,NaN,,NaN,,NaN
A,GE10,J61,E_ITSP2,PC_ENT,AT,,u,,u,,u
A,GE10,J61,E_ITSP2,PC_ENT,BA,85.94,NaN,69.51,NaN,79.26,NaN
A,GE10,J61,E_ITSP2,PC_ENT,BE,,u,,u,,u
A,GE10,J61,E_ITSP2,PC_ENT,BG,46.83,NaN,33.1,NaN,58.09,NaN
A,GE10,J61,E_ITSP2,PC_ENT,CY,71.75,NaN,79.73,NaN,70.29,NaN
A,GE10,J61,E_ITSP2,PC_ENT,CZ,76.9,NaN,75.41,NaN,75.62,NaN
A,GE10,J61,E_ITSP2,PC_ENT,DE,80.56,NaN,79.93,NaN,70.65,NaN
A,GE10,J61,E_ITSP2,PC_ENT,DK,76.59,NaN,86.92,NaN,81.57,NaN
A,GE10,J61,E_ITSP2,PC_ENT,EA,68.86,NaN,67.71,NaN,62.8,NaN
A,GE10,J61,E_ITSP2,PC_ENT,EE,90.4,NaN,89.29,NaN,89.68,NaN
A,GE10,J61,E_ITSP2,PC_ENT,EL,,u,81.07,NaN,39.32,NaN
A,GE10,J61,E_ITSP2,PC_ENT,ES,,u,,u,,u
A,GE10,J61,E_ITSP2,PC_ENT,EU15,,NaN,,NaN,,NaN
A,GE10,J61,E_ITSP2,PC_ENT,EU27_2007,,NaN,,NaN,,NaN
A,GE10,J61,E_ITSP2,PC_ENT,EU27_2020,67.76,NaN,66.78,NaN,65.1,NaN
A,GE10,J61,E_ITSP2,PC_ENT,EU28,,NaN,,NaN,,NaN
A,GE10,J61,E_ITSP2,PC_ENT,FI,,u,,u,,u
A,GE10,J61,E_ITSP2,PC_ENT,FR,,u,52.99,b,66.2,NaN
A,GE10,J61,E_ITSP2,PC_ENT,HR,56.0,NaN,26.77,NaN,66.23,NaN
A,GE10,J61,E_ITSP2,PC_ENT,HU,80.03,NaN,77.74,NaN,69.5,NaN
A,GE10,J61,E_ITSP2,PC_ENT,IE,68.78,NaN,61.63,NaN,74.8,NaN
A,GE10,J61,E_ITSP2,PC_ENT,IS,60.0,NaN,,NaN,,NaN
A,GE10,J61,E_ITSP2,PC_ENT,IT,74.47,NaN,72.39,NaN,74.19,NaN
A,GE10,J61,E_ITSP2,PC_ENT,LT,84.38,NaN,72.73,NaN,,u
A,GE10,J61,E_ITSP2,PC_ENT,LU,,u,,u,,u
A,GE10,J61,E_ITSP2,PC_ENT,LV,90.78,NaN,87.5,NaN,95.54,NaN
A,GE10,J61,E_ITSP2,PC_ENT,ME,100.0,NaN,62.5,NaN,64.71,NaN
A,GE10,J61,E_ITSP2,PC_ENT,MK,,u,,u,,NaN
A,GE10,J61,E_ITSP2,PC_ENT,MT,,u,,u,,u
A,GE10,J61,E_ITSP2,PC_ENT,NL,77.09,NaN,85.0,NaN,74.69,NaN
A,GE10,J61,E_ITSP2,PC_ENT,NO,66.45,NaN,66.0,NaN,64.91,NaN
A,GE10,J61,E_ITSP2,PC_ENT,PL,,u,77.3,NaN,78.44,NaN
A,GE10,J61,E_ITSP2,PC_ENT,PT,,u,40.7,NaN,,u
A,GE10,J61,E_ITSP2,PC_ENT,RO,40.95,NaN,45.68,NaN,44.04,NaN
A,GE10,J61,E_ITSP2,PC_ENT,RS,70.55,NaN,64.33,NaN,85.1,NaN
A,GE10,J61,E_ITSP2,PC_ENT,SE,63.21,NaN,71.64,NaN,82.32,b
A,GE10,J61,E_ITSP2,PC_ENT,SI,100.0,NaN,,u,100.0,NaN
A,GE10,J61,E_ITSP2,PC_ENT,SK,70.38,NaN,84.52,NaN,70.88,NaN
A,GE10,J61,E_ITSP2,PC_ENT,TR,60.74,NaN,63.19,NaN,55.57,NaN
A,GE10,J61,E_ITSP2,PC_ENT,UK,,u,,NaN,,NaN
A,GE10,J61,E_ITSP2,PC_ENT_CUSE,AT,,NaN,,NaN,,NaN
A,GE10,J61,E_ITSP2,PC_ENT_CUSE,BA,,NaN,,NaN,,NaN
A,GE10,J61,E_ITSP2,PC_ENT_CUSE,BE,,NaN,,NaN,,NaN
A,GE10,J61,E_ITSP2,PC_ENT_CUSE,BG,,NaN,,NaN,,NaN
A,GE10,J61,E_ITSP2,PC_ENT_CUSE,CY,,NaN,,NaN,,NaN
A,GE10,J61,E_ITSP2,PC_ENT_CUSE,CZ,,NaN,,NaN,,NaN
A,GE10,J61,E_ITSP2,PC_ENT_CUSE,DE,,NaN,,NaN,,NaN
A,GE10,J61,E_ITSP2,PC_ENT_CUSE,DK,,NaN,,NaN,,NaN
A,GE10,J61,E_ITSP2,PC_ENT_CUSE,EA,,NaN,,NaN,,NaN
A,GE10,J61,E_ITSP2,PC_ENT_CUSE,EE,,NaN,,NaN,,NaN
A,GE10,J61,E_ITSP2,PC_ENT_CUSE,EL,,NaN,,NaN,,NaN
A,GE10,J61,E_ITSP2,PC_ENT_CUSE,ES,,NaN,,NaN,,NaN
A,GE10,J61,E_ITSP2,PC_ENT_CUSE,EU15,,NaN,,NaN,,NaN
A,GE10,J61,E_ITSP2,PC_ENT_CUSE,EU27_2007,,NaN,,NaN,,NaN
A,GE10,J61,E_ITSP2,PC_ENT_CUSE,EU27_2020,,NaN,,NaN,,NaN
A,GE10,J61,E_ITSP2,PC_ENT_CUSE,EU28,,NaN,,NaN,,NaN
A,GE10,J61,E_ITSP2,PC_ENT_CUSE,FI,,NaN,,NaN,,NaN
A,GE10,J61,E_ITSP2,PC_ENT_CUSE,FR,,NaN,,NaN,,NaN
A,GE10,J61,E_ITSP2,PC_ENT_CUSE,HR,,NaN,,NaN,,NaN
A,GE10,J61,E_ITSP2,PC_ENT_CUSE,HU,,NaN,,NaN,,NaN
A,GE10,J61,E_ITSP2,PC_ENT_CUSE,IE,,NaN,,NaN,,NaN
A,GE10,J61,E_ITSP2,PC_ENT_CUSE,IS,,NaN,,NaN,,NaN
A,GE10,J61,E_ITSP2,PC_ENT_CUSE,IT,,NaN,,NaN,,NaN
A,GE10,J61,E_ITSP2,PC_ENT_CUSE,LT,,NaN,,NaN,,NaN
A,GE10,J61,E_ITSP2,PC_ENT_CUSE,LU,,NaN,,NaN,,NaN
A,GE10,J61,E_ITSP2,PC_ENT_CUSE,LV,,NaN,,NaN,,NaN
A,GE10,J61,E_ITSP2,PC_ENT_CUSE,ME,,NaN,,NaN,,NaN
A,GE10,J61,E_ITSP2,PC_ENT_CUSE,MK,,NaN,,NaN,,NaN
A,GE10,J61,E_ITSP2,PC_ENT_CUSE,MT,,NaN,,NaN,,NaN
A,GE10,J61,E_ITSP2,PC_ENT_CUSE,NL,,NaN,,NaN,,NaN
A,GE10,J61,E_ITSP2,PC_ENT_CUSE,NO,,NaN,,NaN,,NaN
A,GE10,J61,E_ITSP2,PC_ENT_CUSE,PL,,NaN,,NaN,,NaN
A,GE10,J61,E_ITSP2,PC_ENT_CUSE,PT,,NaN,,NaN,,NaN
A,GE10,J61,E_ITSP2,PC_ENT_CUSE,RO,,NaN,,NaN,,NaN
A,GE10,J61,E_ITSP2,PC_ENT_CUSE,RS,,NaN,,NaN,,NaN
A,GE10,J61,E_ITSP2,PC_ENT_CUSE,SE,,NaN,,NaN,,NaN
A,GE10,J61,E_ITSP2,PC_ENT_CUSE,SI,,NaN,,NaN,,NaN
A,GE10,J61,E_ITSP2,PC_ENT_CUSE,SK,,NaN,,NaN,,NaN
A,GE10,J61,E_ITSP2,PC_ENT_CUSE,TR,,NaN,,NaN,,NaN
A,GE10,J61,E_ITSP2,PC_ENT_CUSE,UK,,NaN,,NaN,,NaN
A,GE10,J62_J63,E_ITSP2,PC_ENT,AT,99.35,NaN,86.91,NaN,86.26,NaN
A,GE10,J62_J63,E_ITSP2,PC_ENT,BA,75.57,NaN,45.99,NaN,83.97,NaN
A,GE10,J62_J63,E_ITSP2,PC_ENT,BE,94.48,NaN,90.23,NaN,82.98,NaN
A,GE10,J62_J63,E_ITSP2,PC_ENT,BG,74.86,NaN,77.05,NaN,77.58,NaN
A,GE10,J62_J63,E_ITSP2,PC_ENT,CY,91.44,NaN,81.3,NaN,93.68,NaN
A,GE10,J62_J63,E_ITSP2,PC_ENT,CZ,90.69,NaN,88.99,NaN,88.67,NaN
A,GE10,J62_J63,E_ITSP2,PC_ENT,DE,79.24,NaN,88.62,NaN,90.85,NaN
A,GE10,J62_J63,E_ITSP2,PC_ENT,DK,95.63,NaN,96.55,NaN,94.68,NaN
A,GE10,J62_J63,E_ITSP2,PC_ENT,EA,80.37,NaN,84.62,NaN,83.68,NaN
A,GE10,J62_J63,E_ITSP2,PC_ENT,EE,96.58,NaN,95.2,NaN,87.75,NaN
A,GE10,J62_J63,E_ITSP2,PC_ENT,EL,78.87,NaN,87.46,NaN,94.78,NaN
A,GE10,J62_J63,E_ITSP2,PC_ENT,ES,,u,,u,72.73,NaN
A,GE10,J62_J63,E_ITSP2,PC_ENT,EU15,,NaN,,NaN,,NaN
A,GE10,J62_J63,E_ITSP2,PC_ENT,EU27_2007,,NaN,,NaN,,NaN
A,GE10,J62_J63,E_ITSP2,PC_ENT,EU27_2020,80.83,NaN,84.69,NaN,83.97,NaN
A,GE10,J62_J63,E_ITSP2,PC_ENT,EU28,,NaN,,NaN,,NaN
A,GE10,J62_J63,E_ITSP2,PC_ENT,FI,,u,,u,,u
A,GE10,J62_J63,E_ITSP2,PC_ENT,FR,84.21,NaN,95.29,b,83.56,NaN
A,GE10,J62_J63,E_ITSP2,PC_ENT,HR,93.75,NaN,100.0,NaN,94.46,NaN
A,GE10,J62_J63,E_ITSP2,PC_ENT,HU,89.34,NaN,91.47,NaN,87.86,NaN
A,GE10,J62_J63,E_ITSP2,PC_ENT,IE,92.19,NaN,79.28,NaN,79.88,NaN
A,GE10,J62_J63,E_ITSP2,PC_ENT,IS,69.14,NaN,,NaN,,NaN
A,GE10,J62_J63,E_ITSP2,PC_ENT,IT,73.09,NaN,65.18,NaN,66.08,NaN
A,GE10,J62_J63,E_ITSP2,PC_ENT,LT,87.36,NaN,93.22,NaN,92.13,NaN
A,GE10,J62_J63,E_ITSP2,PC_ENT,LU,,u,,u,,u
A,GE10,J62_J63,E_ITSP2,PC_ENT,LV,86.2,NaN,71.46,NaN,88.35,NaN
A,GE10,J62_J63,E_ITSP2,PC_ENT,ME,,u,81.54,NaN,47.55,NaN
A,GE10,J62_J63,E_ITSP2,PC_ENT,MK,78.25,NaN,78.34,NaN,,NaN
A,GE10,J62_J63,E_ITSP2,PC_ENT,MT,87.71,NaN,86.75,NaN,90.22,NaN
A,GE10,J62_J63,E_ITSP2,PC_ENT,NL,77.46,NaN,83.8,NaN,86.3,NaN
A,GE10,J62_J63,E_ITSP2,PC_ENT,NO,76.29,NaN,85.59,NaN,81.74,NaN
A,GE10,J62_J63,E_ITSP2,PC_ENT,PL,87.21,NaN,89.52,NaN,91.88,NaN
A,GE10,J62_J63,E_ITSP2,PC_ENT,PT,94.68,NaN,89.5,NaN,89.46,NaN
A,GE10,J62_J63,E_ITSP2,PC_ENT,RO,60.3,NaN,64.71,NaN,65.33,NaN
A,GE10,J62_J63,E_ITSP2,PC_ENT,RS,98.37,NaN,98.9,NaN,94.12,NaN
A,GE10,J62_J63,E_ITSP2,PC_ENT,SE,77.66,NaN,82.94,NaN,86.49,b
A,GE10,J62_J63,E_ITSP2,PC_ENT,SI,94.19,NaN,93.0,NaN,99.71,NaN
A,GE10,J62_J63,E_ITSP2,PC_ENT,SK,73.12,NaN,74.37,NaN,72.79,NaN
A,GE10,J62_J63,E_ITSP2,PC_ENT,TR,75.45,NaN,87.39,NaN,74.03,NaN
A,GE10,J62_J63,E_ITSP2,PC_ENT,UK,77.69,NaN,,NaN,,NaN
A,GE10,J62_J63,E_ITSP2,PC_ENT_CUSE,AT,,NaN,,NaN,,NaN
A,GE10,J62_J63,E_ITSP2,PC_ENT_CUSE,BA,,NaN,,NaN,,NaN
A,GE10,J62_J63,E_ITSP2,PC_ENT_CUSE,BE,,NaN,,NaN,,NaN
A,GE10,J62_J63,E_ITSP2,PC_ENT_CUSE,BG,,NaN,,NaN,,NaN
A,GE10,J62_J63,E_ITSP2,PC_ENT_CUSE,CY,,NaN,,NaN,,NaN
A,GE10,J62_J63,E_ITSP2,PC_ENT_CUSE,CZ,,NaN,,NaN,,NaN
A,GE10,J62_J63,E_ITSP2,PC_ENT_CUSE,DE,,NaN,,NaN,,NaN
A,GE10,J62_J63,E_ITSP2,PC_ENT_CUSE,DK,,NaN,,NaN,,NaN
A,GE10,J62_J63,E_ITSP2,PC_ENT_CUSE,EA,,NaN,,NaN,,NaN
A,GE10,J62_J63,E_ITSP2,PC_ENT_CUSE,EE,,NaN,,NaN,,NaN
A,GE10,J62_J63,E_ITSP2,PC_ENT_CUSE,EL,,NaN,,NaN,,NaN
A,GE10,J62_J63,E_ITSP2,PC_ENT_CUSE,ES,,NaN,,NaN,,NaN
A,GE10,J62_J63,E_ITSP2,PC_ENT_CUSE,EU15,,NaN,,NaN,,NaN
A,GE10,J62_J63,E_ITSP2,PC_ENT_CUSE,EU27_2007,,NaN,,NaN,,NaN
A,GE10,J62_J63,E_ITSP2,PC_ENT_CUSE,EU27_2020,,NaN,,NaN,,NaN
A,GE10,J62_J63,E_ITSP2,PC_ENT_CUSE,EU28,,NaN,,NaN,,NaN
A,GE10,J62_J63,E_ITSP2,PC_ENT_CUSE,FI,,NaN,,NaN,,NaN
A,GE10,J62_J63,E_ITSP2,PC_ENT_CUSE,FR,,NaN,,NaN,,NaN
A,GE10,J62_J63,E_ITSP2,PC_ENT_CUSE,HR,,NaN,,NaN,,NaN
A,GE10,J62_J63,E_ITSP2,PC_ENT_CUSE,HU,,NaN,,NaN,,NaN
A,GE10,J62_J63,E_ITSP2,PC_ENT_CUSE,IE,,NaN,,NaN,,NaN
A,GE10,J62_J63,E_ITSP2,PC_ENT_CUSE,IS,,NaN,,NaN,,NaN
A,GE10,J62_J63,E_ITSP2,PC_ENT_CUSE,IT,,NaN,,NaN,,NaN
A,GE10,J62_J63,E_ITSP2,PC_ENT_CUSE,LT,,NaN,,NaN,,NaN
A,GE10,J62_J63,E_ITSP2,PC_ENT_CUSE,LU,,NaN,,NaN,,NaN
A,GE10,J62_J63,E_ITSP2,PC_ENT_CUSE,LV,,NaN,,NaN,,NaN
A,GE10,J62_J63,E_ITSP2,PC_ENT_CUSE,ME,,NaN,,NaN,,NaN
A,GE10,J62_J63,E_ITSP2,PC_ENT_CUSE,MK,,NaN,,NaN,,NaN
A,GE10,J62_J63,E_ITSP2,PC_ENT_CUSE,MT,,NaN,,NaN,,NaN
A,GE10,J62_J63,E_ITSP2,PC_ENT_CUSE,NL,,NaN,,NaN,,NaN
A,GE10,J62_J63,E_ITSP2,PC_ENT_CUSE,NO,,NaN,,NaN,,NaN
A,GE10,J62_J63,E_ITSP2,PC_ENT_CUSE,PL,,NaN,,NaN,,NaN
A,GE10,J62_J63,E_ITSP2,PC_ENT_CUSE,PT,,NaN,,NaN,,NaN
A,GE10,J62_J63,E_ITSP2,PC_ENT_CUSE,RO,,NaN,,NaN,,NaN
A,GE10,J62_J63,E_ITSP2,PC_ENT_CUSE,RS,,NaN,,NaN,,NaN
A,GE10,J62_J63,E_ITSP2,PC_ENT_CUSE,SE,,NaN,,NaN,,NaN
A,GE10,J62_J63,E_ITSP2,PC_ENT_CUSE,SI,,NaN,,NaN,,NaN
A,GE10,J62_J63,E_ITSP2,PC_ENT_CUSE,SK,,NaN,,NaN,,NaN
A,GE10,J62_J63,E_ITSP2,PC_ENT_CUSE,TR,,NaN,,NaN,,NaN
A,GE10,J62_J63,E_ITSP2,PC_ENT_CUSE,UK,,NaN,,NaN,,NaN
A,GE10,L68,E_ITSP2,PC_ENT,AL,,NaN,34.15,b,,NaN
A,GE10,L68,E_ITSP2,PC_ENT,AT,,u,,u,29.09,NaN
A,GE10,L68,E_ITSP2,PC_ENT,BA,15.49,NaN,,u,14.66,NaN
A,GE10,L68,E_ITSP2,PC_ENT,BE,,u,22.9,NaN,,u
A,GE10,L68,E_ITSP2,PC_ENT,BG,13.57,NaN,,u,,u
A,GE10,L68,E_ITSP2,PC_ENT,CY,16.96,NaN,11.5,NaN,22.73,NaN
A,GE10,L68,E_ITSP2,PC_ENT,CZ,17.85,NaN,16.25,NaN,19.4,NaN
A,GE10,L68,E_ITSP2,PC_ENT,DE,18.48,NaN,22.41,NaN,25.06,NaN
A,GE10,L68,E_ITSP2,PC_ENT,DK,24.41,NaN,24.66,NaN,23.44,NaN
A,GE10,L68,E_ITSP2,PC_ENT,EA,23.19,NaN,24.42,NaN,22.21,NaN
A,GE10,L68,E_ITSP2,PC_ENT,EE,8.19,NaN,8.4,NaN,14.33,NaN
A,GE10,L68,E_ITSP2,PC_ENT,EL,,u,35.41,NaN,24.58,NaN
A,GE10,L68,E_ITSP2,PC_ENT,ES,20.17,NaN,16.5,NaN,11.19,NaN
A,GE10,L68,E_ITSP2,PC_ENT,EU15,,NaN,,NaN,,NaN
A,GE10,L68,E_ITSP2,PC_ENT,EU27_2007,,NaN,,NaN,,NaN
A,GE10,L68,E_ITSP2,PC_ENT,EU27_2020,23.29,NaN,24.29,NaN,21.94,NaN
A,GE10,L68,E_ITSP2,PC_ENT,EU28,,NaN,,NaN,,NaN
A,GE10,L68,E_ITSP2,PC_ENT,FI,22.98,NaN,21.08,NaN,26.04,NaN
A,GE10,L68,E_ITSP2,PC_ENT,FR,32.75,NaN,34.54,b,19.3,NaN
A,GE10,L68,E_ITSP2,PC_ENT,HR,18.76,NaN,9.68,NaN,7.42,NaN
A,GE10,L68,E_ITSP2,PC_ENT,HU,22.24,NaN,27.55,NaN,27.66,NaN
A,GE10,L68,E_ITSP2,PC_ENT,IE,34.31,NaN,36.97,NaN,43.21,NaN
A,GE10,L68,E_ITSP2,PC_ENT,IS,0.0,NaN,,NaN,,NaN
A,GE10,L68,E_ITSP2,PC_ENT,IT,12.73,NaN,18.24,NaN,11.07,NaN
A,GE10,L68,E_ITSP2,PC_ENT,LT,11.43,NaN,22.37,NaN,14.88,NaN
A,GE10,L68,E_ITSP2,PC_ENT,LU,,NaN,,NaN,,NaN
A,GE10,L68,E_ITSP2,PC_ENT,LV,19.85,NaN,19.96,NaN,17.3,NaN
A,GE10,L68,E_ITSP2,PC_ENT,ME,,u,43.86,NaN,,NaN
A,GE10,L68,E_ITSP2,PC_ENT,MK,0.0,NaN,,u,,NaN
A,GE10,L68,E_ITSP2,PC_ENT,MT,,NaN,37.6,NaN,28.23,NaN
A,GE10,L68,E_ITSP2,PC_ENT,NL,30.34,NaN,33.67,NaN,32.98,NaN
A,GE10,L68,E_ITSP2,PC_ENT,NO,14.57,NaN,26.43,NaN,17.71,NaN
A,GE10,L68,E_ITSP2,PC_ENT,PL,28.06,NaN,30.37,NaN,21.97,NaN
A,GE10,L68,E_ITSP2,PC_ENT,PT,16.3,NaN,,u,,u
A,GE10,L68,E_ITSP2,PC_ENT,RO,15.16,NaN,7.44,NaN,16.51,NaN
A,GE10,L68,E_ITSP2,PC_ENT,RS,34.26,NaN,24.65,NaN,31.09,NaN
A,GE10,L68,E_ITSP2,PC_ENT,SE,29.7,NaN,28.83,NaN,19.41,b
A,GE10,L68,E_ITSP2,PC_ENT,SI,8.64,NaN,13.23,NaN,5.21,NaN
A,GE10,L68,E_ITSP2,PC_ENT,SK,16.84,NaN,16.03,NaN,13.07,NaN
A,GE10,L68,E_ITSP2,PC_ENT,TR,21.95,NaN,30.15,NaN,21.0,NaN
A,GE10,L68,E_ITSP2,PC_ENT,UK,,u,,NaN,,NaN
A,GE10,L68,E_ITSP2,PC_ENT_CUSE,AT,,NaN,,NaN,,NaN
A,GE10,L68,E_ITSP2,PC_ENT_CUSE,BA,,NaN,,NaN,,NaN
A,GE10,L68,E_ITSP2,PC_ENT_CUSE,BE,,NaN,,NaN,,NaN
A,GE10,L68,E_ITSP2,PC_ENT_CUSE,BG,,NaN,,NaN,,NaN
A,GE10,L68,E_ITSP2,PC_ENT_CUSE,CY,,NaN,,NaN,,NaN
A,GE10,L68,E_ITSP2,PC_ENT_CUSE,CZ,,NaN,,NaN,,NaN
A,GE10,L68,E_ITSP2,PC_ENT_CUSE,DE,,NaN,,NaN,,NaN
A,GE10,L68,E_ITSP2,PC_ENT_CUSE,DK,,NaN,,NaN,,NaN
A,GE10,L68,E_ITSP2,PC_ENT_CUSE,EA,,NaN,,NaN,,NaN
A,GE10,L68,E_ITSP2,PC_ENT_CUSE,EE,,NaN,,NaN,,NaN
A,GE10,L68,E_ITSP2,PC_ENT_CUSE,EL,,NaN,,NaN,,NaN
A,GE10,L68,E_ITSP2,PC_ENT_CUSE,ES,,NaN,,NaN,,NaN
A,GE10,L68,E_ITSP2,PC_ENT_CUSE,EU15,,NaN,,NaN,,NaN
A,GE10,L68,E_ITSP2,PC_ENT_CUSE,EU27_2007,,NaN,,NaN,,NaN
A,GE10,L68,E_ITSP2,PC_ENT_CUSE,EU27_2020,,NaN,,NaN,,NaN
A,GE10,L68,E_ITSP2,PC_ENT_CUSE,EU28,,NaN,,NaN,,NaN
A,GE10,L68,E_ITSP2,PC_ENT_CUSE,FI,,NaN,,NaN,,NaN
A,GE10,L68,E_ITSP2,PC_ENT_CUSE,FR,,NaN,,NaN,,NaN
A,GE10,L68,E_ITSP2,PC_ENT_CUSE,HR,,NaN,,NaN,,NaN
A,GE10,L68,E_ITSP2,PC_ENT_CUSE,HU,,NaN,,NaN,,NaN
A,GE10,L68,E_ITSP2,PC_ENT_CUSE,IE,,NaN,,NaN,,NaN
A,GE10,L68,E_ITSP2,PC_ENT_CUSE,IS,,NaN,,NaN,,NaN
A,GE10,L68,E_ITSP2,PC_ENT_CUSE,IT,,NaN,,NaN,,NaN
A,GE10,L68,E_ITSP2,PC_ENT_CUSE,LT,,NaN,,NaN,,NaN
A,GE10,L68,E_ITSP2,PC_ENT_CUSE,LU,,NaN,,NaN,,NaN
A,GE10,L68,E_ITSP2,PC_ENT_CUSE,LV,,NaN,,NaN,,NaN
A,GE10,L68,E_ITSP2,PC_ENT_CUSE,ME,,NaN,,NaN,,NaN
A,GE10,L68,E_ITSP2,PC_ENT_CUSE,MK,,NaN,,NaN,,NaN
A,GE10,L68,E_ITSP2,PC_ENT_CUSE,MT,,NaN,,NaN,,NaN
A,GE10,L68,E_ITSP2,PC_ENT_CUSE,NL,,NaN,,NaN,,NaN
A,GE10,L68,E_ITSP2,PC_ENT_CUSE,NO,,NaN,,NaN,,NaN
A,GE10,L68,E_ITSP2,PC_ENT_CUSE,PL,,NaN,,NaN,,NaN
A,GE10,L68,E_ITSP2,PC_ENT_CUSE,PT,,NaN,,NaN,,NaN
A,GE10,L68,E_ITSP2,PC_ENT_CUSE,RO,,NaN,,NaN,,NaN
A,GE10,L68,E_ITSP2,PC_ENT_CUSE,RS,,NaN,,NaN,,NaN
A,GE10,L68,E_ITSP2,PC_ENT_CUSE,SE,,NaN,,NaN,,NaN
A,GE10,L68,E_ITSP2,PC_ENT_CUSE,SI,,NaN,,NaN,,NaN
A,GE10,L68,E_ITSP2,PC_ENT_CUSE,SK,,NaN,,NaN,,NaN
A,GE10,L68,E_ITSP2,PC_ENT_CUSE,TR,,NaN,,NaN,,NaN
A,GE10,L68,E_ITSP2,PC_ENT_CUSE,UK,,NaN,,NaN,,NaN
A,GE10,L_M,E_ITSP2,PC_ENT,AL,,NaN,48.74,b,,NaN
A,GE10,L_M,E_ITSP2,PC_ENT,AT,,NaN,,u,27.42,NaN
A,GE10,L_M,E_ITSP2,PC_ENT,BA,,NaN,,u,24.99,NaN
A,GE10,L_M,E_ITSP2,PC_ENT,BE,,NaN,44.26,NaN,,u
A,GE10,L_M,E_ITSP2,PC_ENT,BG,,NaN,,u,,u
A,GE10,L_M,E_ITSP2,PC_ENT,CY,,NaN,34.79,NaN,39.25,NaN
A,GE10,L_M,E_ITSP2,PC_ENT,CZ,,NaN,23.25,NaN,23.75,NaN
A,GE10,L_M,E_ITSP2,PC_ENT,DE,,NaN,29.53,NaN,31.31,NaN
A,GE10,L_M,E_ITSP2,PC_ENT,DK,,NaN,43.8,NaN,41.22,NaN
A,GE10,L_M,E_ITSP2,PC_ENT,EA,,NaN,30.04,NaN,29.14,NaN
A,GE10,L_M,E_ITSP2,PC_ENT,EE,,NaN,18.04,NaN,30.56,NaN
A,GE10,L_M,E_ITSP2,PC_ENT,EL,,NaN,34.4,NaN,39.37,NaN
A,GE10,L_M,E_ITSP2,PC_ENT,ES,,NaN,28.43,NaN,25.62,NaN
A,GE10,L_M,E_ITSP2,PC_ENT,EU27_2020,,NaN,30.52,NaN,29.54,NaN
A,GE10,L_M,E_ITSP2,PC_ENT,FI,,NaN,38.68,NaN,38.39,NaN
A,GE10,L_M,E_ITSP2,PC_ENT,FR,,NaN,27.85,b,22.03,NaN
A,GE10,L_M,E_ITSP2,PC_ENT,HR,,NaN,22.07,NaN,20.67,NaN
A,GE10,L_M,E_ITSP2,PC_ENT,HU,,NaN,42.04,NaN,39.16,NaN
A,GE10,L_M,E_ITSP2,PC_ENT,IE,,NaN,39.67,NaN,46.67,NaN
A,GE10,L_M,E_ITSP2,PC_ENT,IT,,NaN,21.77,NaN,20.2,NaN
A,GE10,L_M,E_ITSP2,PC_ENT,LT,,NaN,26.12,NaN,20.9,NaN
A,GE10,L_M,E_ITSP2,PC_ENT,LU,,NaN,,NaN,,NaN
A,GE10,L_M,E_ITSP2,PC_ENT,LV,,NaN,26.79,NaN,25.34,NaN
A,GE10,L_M,E_ITSP2,PC_ENT,ME,,NaN,32.15,NaN,,NaN
A,GE10,L_M,E_ITSP2,PC_ENT,MK,,NaN,,u,,NaN
A,GE10,L_M,E_ITSP2,PC_ENT,MT,,NaN,43.41,NaN,42.85,NaN
A,GE10,L_M,E_ITSP2,PC_ENT,NL,,NaN,39.76,NaN,36.93,NaN
A,GE10,L_M,E_ITSP2,PC_ENT,NO,,NaN,25.5,NaN,28.73,NaN
A,GE10,L_M,E_ITSP2,PC_ENT,PL,,NaN,39.65,NaN,36.25,NaN
A,GE10,L_M,E_ITSP2,PC_ENT,PT,,NaN,,u,,u
A,GE10,L_M,E_ITSP2,PC_ENT,RO,,NaN,22.23,NaN,25.72,NaN
A,GE10,L_M,E_ITSP2,PC_ENT,RS,,NaN,37.96,NaN,38.05,NaN
A,GE10,L_M,E_ITSP2,PC_ENT,SE,,NaN,28.79,NaN,25.79,b
A,GE10,L_M,E_ITSP2,PC_ENT,SI,,NaN,30.0,NaN,25.04,NaN
A,GE10,L_M,E_ITSP2,PC_ENT,SK,,NaN,18.6,NaN,20.6,NaN
A,GE10,L_M,E_ITSP2,PC_ENT,TR,,NaN,20.78,NaN,17.01,NaN
A,GE10,M,E_ITSP2,PC_ENT,AL,,NaN,50.42,b,,NaN
A,GE10,M,E_ITSP2,PC_ENT,AT,,NaN,35.97,NaN,27.08,NaN
A,GE10,M,E_ITSP2,PC_ENT,BA,,NaN,25.21,NaN,26.51,NaN
A,GE10,M,E_ITSP2,PC_ENT,BE,,NaN,48.23,NaN,39.57,NaN
A,GE10,M,E_ITSP2,PC_ENT,BG,,NaN,27.34,NaN,24.06,NaN
A,GE10,M,E_ITSP2,PC_ENT,CY,,NaN,36.71,NaN,40.71,NaN
A,GE10,M,E_ITSP2,PC_ENT,CZ,,NaN,25.62,NaN,25.26,NaN
A,GE10,M,E_ITSP2,PC_ENT,DE,,NaN,30.61,NaN,32.29,NaN
A,GE10,M,E_ITSP2,PC_ENT,DK,,NaN,47.08,NaN,44.06,NaN
A,GE10,M,E_ITSP2,PC_ENT,EA,,NaN,30.89,NaN,30.22,NaN
A,GE10,M,E_ITSP2,PC_ENT,EE,,NaN,20.92,NaN,34.47,NaN
A,GE10,M,E_ITSP2,PC_ENT,EL,,NaN,34.24,NaN,41.83,NaN
A,GE10,M,E_ITSP2,PC_ENT,ES,,NaN,30.1,NaN,27.59,NaN
A,GE10,M,E_ITSP2,PC_ENT,EU27_2020,,NaN,31.64,NaN,30.89,NaN
A,GE10,M,E_ITSP2,PC_ENT,FI,,NaN,41.37,NaN,40.23,NaN
A,GE10,M,E_ITSP2,PC_ENT,FR,,NaN,26.8,b,22.44,NaN
A,GE10,M,E_ITSP2,PC_ENT,HR,,NaN,23.6,NaN,22.83,NaN
A,GE10,M,E_ITSP2,PC_ENT,HU,,NaN,46.61,NaN,42.33,NaN
A,GE10,M,E_ITSP2,PC_ENT,IE,,NaN,40.03,NaN,47.16,NaN
A,GE10,M,E_ITSP2,PC_ENT,IT,,NaN,22.06,NaN,20.93,NaN
A,GE10,M,E_ITSP2,PC_ENT,LT,,NaN,27.24,NaN,22.56,NaN
A,GE10,M,E_ITSP2,PC_ENT,LU,,NaN,30.66,NaN,35.06,NaN
A,GE10,M,E_ITSP2,PC_ENT,LV,,NaN,30.49,NaN,29.84,NaN
A,GE10,M,E_ITSP2,PC_ENT,ME,,NaN,30.73,NaN,24.82,NaN
A,GE10,M,E_ITSP2,PC_ENT,MK,,NaN,,u,,NaN
A,GE10,M,E_ITSP2,PC_ENT,MT,,NaN,43.98,NaN,44.7,NaN
A,GE10,M,E_ITSP2,PC_ENT,NL,,NaN,40.46,NaN,37.35,NaN
A,GE10,M,E_ITSP2,PC_ENT,NO,,NaN,25.33,NaN,30.89,NaN
A,GE10,M,E_ITSP2,PC_ENT,PL,,NaN,43.31,NaN,41.68,NaN
A,GE10,M,E_ITSP2,PC_ENT,PT,,NaN,31.03,NaN,,u
A,GE10,M,E_ITSP2,PC_ENT,RO,,NaN,26.23,NaN,27.73,NaN
A,GE10,M,E_ITSP2,PC_ENT,RS,,NaN,39.04,NaN,38.61,NaN
A,GE10,M,E_ITSP2,PC_ENT,SE,,NaN,28.79,NaN,27.39,b
A,GE10,M,E_ITSP2,PC_ENT,SI,,NaN,31.5,NaN,26.71,NaN
A,GE10,M,E_ITSP2,PC_ENT,SK,,NaN,19.53,NaN,23.11,NaN
A,GE10,M,E_ITSP2,PC_ENT,TR,,NaN,19.54,NaN,16.41,NaN
A,GE10,M69-M71,E_ITSP2,PC_ENT,AT,,NaN,36.55,NaN,23.83,NaN
A,GE10,M69-M71,E_ITSP2,PC_ENT,BA,,NaN,23.73,NaN,,u
A,GE10,M69-M71,E_ITSP2,PC_ENT,BE,,NaN,43.78,NaN,36.24,NaN
A,GE10,M69-M71,E_ITSP2,PC_ENT,BG,,NaN,20.09,NaN,24.96,NaN
A,GE10,M69-M71,E_ITSP2,PC_ENT,CY,,NaN,35.93,NaN,39.09,NaN
A,GE10,M69-M71,E_ITSP2,PC_ENT,CZ,,NaN,23.88,NaN,25.89,NaN
A,GE10,M69-M71,E_ITSP2,PC_ENT,DE,,NaN,27.94,NaN,30.78,NaN
A,GE10,M69-M71,E_ITSP2,PC_ENT,DK,,NaN,42.49,NaN,46.03,NaN
A,GE10,M69-M71,E_ITSP2,PC_ENT,EA,,NaN,28.78,NaN,28.56,NaN
A,GE10,M69-M71,E_ITSP2,PC_ENT,EE,,NaN,23.73,NaN,28.15,NaN
A,GE10,M69-M71,E_ITSP2,PC_ENT,EL,,NaN,30.16,NaN,38.83,NaN
A,GE10,M69-M71,E_ITSP2,PC_ENT,ES,,NaN,,u,27.29,NaN
A,GE10,M69-M71,E_ITSP2,PC_ENT,EU27_2020,,NaN,29.54,NaN,29.31,NaN
A,GE10,M69-M71,E_ITSP2,PC_ENT,FI,,NaN,,u,,u
A,GE10,M69-M71,E_ITSP2,PC_ENT,FR,,NaN,24.68,b,19.02,NaN
A,GE10,M69-M71,E_ITSP2,PC_ENT,HR,,NaN,18.47,NaN,21.59,NaN
A,GE10,M69-M71,E_ITSP2,PC_ENT,HU,,NaN,47.72,NaN,42.15,NaN
A,GE10,M69-M71,E_ITSP2,PC_ENT,IE,,NaN,41.7,NaN,44.54,NaN
A,GE10,M69-M71,E_ITSP2,PC_ENT,IT,,NaN,,u,,u
A,GE10,M69-M71,E_ITSP2,PC_ENT,LT,,NaN,,u,21.25,NaN
A,GE10,M69-M71,E_ITSP2,PC_ENT,LU,,NaN,,u,,u
A,GE10,M69-M71,E_ITSP2,PC_ENT,LV,,NaN,30.14,NaN,31.67,NaN
A,GE10,M69-M71,E_ITSP2,PC_ENT,ME,,NaN,34.49,NaN,23.64,NaN
A,GE10,M69-M71,E_ITSP2,PC_ENT,MK,,NaN,,u,,NaN
A,GE10,M69-M71,E_ITSP2,PC_ENT,MT,,NaN,42.3,NaN,42.66,NaN
A,GE10,M69-M71,E_ITSP2,PC_ENT,NL,,NaN,40.43,NaN,37.97,NaN
A,GE10,M69-M71,E_ITSP2,PC_ENT,NO,,NaN,21.51,NaN,30.89,NaN
A,GE10,M69-M71,E_ITSP2,PC_ENT,PL,,NaN,40.75,NaN,39.54,NaN
A,GE10,M69-M71,E_ITSP2,PC_ENT,PT,,NaN,,u,,u
A,GE10,M69-M71,E_ITSP2,PC_ENT,RO,,NaN,28.7,NaN,31.16,NaN
A,GE10,M69-M71,E_ITSP2,PC_ENT,RS,,NaN,39.75,NaN,37.29,NaN
A,GE10,M69-M71,E_ITSP2,PC_ENT,SE,,NaN,27.39,NaN,22.26,b
A,GE10,M69-M71,E_ITSP2,PC_ENT,SI,,NaN,29.54,NaN,25.56,NaN
A,GE10,M69-M71,E_ITSP2,PC_ENT,SK,,NaN,19.22,NaN,24.54,NaN
A,GE10,M69-M71,E_ITSP2,PC_ENT,TR,,NaN,18.38,NaN,14.45,NaN
A,GE10,M69-M74,E_ITSP2,PC_ENT,AT,30.94,NaN,,NaN,,NaN
A,GE10,M69-M74,E_ITSP2,PC_ENT,BA,19.0,NaN,,NaN,,NaN
A,GE10,M69-M74,E_ITSP2,PC_ENT,BE,50.43,NaN,,NaN,,NaN
A,GE10,M69-M74,E_ITSP2,PC_ENT,BG,28.62,NaN,,NaN,,NaN
A,GE10,M69-M74,E_ITSP2,PC_ENT,CY,38.03,NaN,,NaN,,NaN
A,GE10,M69-M74,E_ITSP2,PC_ENT,CZ,20.4,NaN,,NaN,,NaN
A,GE10,M69-M74,E_ITSP2,PC_ENT,DE,25.14,NaN,,NaN,,NaN
A,GE10,M69-M74,E_ITSP2,PC_ENT,DK,43.74,NaN,,NaN,,NaN
A,GE10,M69-M74,E_ITSP2,PC_ENT,EA,29.34,NaN,,NaN,,NaN
A,GE10,M69-M74,E_ITSP2,PC_ENT,EE,30.34,NaN,,NaN,,NaN
A,GE10,M69-M74,E_ITSP2,PC_ENT,EL,,u,,NaN,,NaN
A,GE10,M69-M74,E_ITSP2,PC_ENT,ES,32.29,NaN,,NaN,,NaN
A,GE10,M69-M74,E_ITSP2,PC_ENT,EU15,,NaN,,NaN,,NaN
A,GE10,M69-M74,E_ITSP2,PC_ENT,EU27_2007,,NaN,,NaN,,NaN
A,GE10,M69-M74,E_ITSP2,PC_ENT,EU27_2020,29.65,NaN,,NaN,,NaN
A,GE10,M69-M74,E_ITSP2,PC_ENT,EU28,,NaN,,NaN,,NaN
A,GE10,M69-M74,E_ITSP2,PC_ENT,FI,39.43,NaN,,NaN,,NaN
A,GE10,M69-M74,E_ITSP2,PC_ENT,FR,28.09,NaN,,NaN,,NaN
A,GE10,M69-M74,E_ITSP2,PC_ENT,HR,30.61,NaN,,NaN,,NaN
A,GE10,M69-M74,E_ITSP2,PC_ENT,HU,36.58,NaN,,NaN,,NaN
A,GE10,M69-M74,E_ITSP2,PC_ENT,IE,56.95,NaN,,NaN,,NaN
A,GE10,M69-M74,E_ITSP2,PC_ENT,IS,30.94,NaN,,NaN,,NaN
A,GE10,M69-M74,E_ITSP2,PC_ENT,IT,25.76,NaN,,NaN,,NaN
A,GE10,M69-M74,E_ITSP2,PC_ENT,LT,28.09,NaN,,NaN,,NaN
A,GE10,M69-M74,E_ITSP2,PC_ENT,LU,31.82,NaN,,NaN,,NaN
A,GE10,M69-M74,E_ITSP2,PC_ENT,LV,27.71,NaN,,NaN,,NaN
A,GE10,M69-M74,E_ITSP2,PC_ENT,ME,,u,,NaN,,NaN
A,GE10,M69-M74,E_ITSP2,PC_ENT,MK,12.12,NaN,,NaN,,NaN
A,GE10,M69-M74,E_ITSP2,PC_ENT,MT,39.56,NaN,,NaN,,NaN
A,GE10,M69-M74,E_ITSP2,PC_ENT,NL,32.52,NaN,,NaN,,NaN
A,GE10,M69-M74,E_ITSP2,PC_ENT,NO,27.76,NaN,,NaN,,NaN
A,GE10,M69-M74,E_ITSP2,PC_ENT,PL,38.86,NaN,,NaN,,NaN
A,GE10,M69-M74,E_ITSP2,PC_ENT,PT,22.19,NaN,,NaN,,NaN
A,GE10,M69-M74,E_ITSP2,PC_ENT,RO,21.03,NaN,,NaN,,NaN
A,GE10,M69-M74,E_ITSP2,PC_ENT,RS,29.05,NaN,,NaN,,NaN
A,GE10,M69-M74,E_ITSP2,PC_ENT,SE,25.84,NaN,,NaN,,NaN
A,GE10,M69-M74,E_ITSP2,PC_ENT,SI,21.29,NaN,,NaN,,NaN
A,GE10,M69-M74,E_ITSP2,PC_ENT,SK,26.17,NaN,,NaN,,NaN
A,GE10,M69-M74,E_ITSP2,PC_ENT,TR,11.97,NaN,,NaN,,NaN
A,GE10,M69-M74,E_ITSP2,PC_ENT,UK,42.5,NaN,,NaN,,NaN
A,GE10,M69-M74,E_ITSP2,PC_ENT_CUSE,AT,,NaN,,NaN,,NaN
A,GE10,M69-M74,E_ITSP2,PC_ENT_CUSE,BA,,NaN,,NaN,,NaN
A,GE10,M69-M74,E_ITSP2,PC_ENT_CUSE,BE,,NaN,,NaN,,NaN
A,GE10,M69-M74,E_ITSP2,PC_ENT_CUSE,BG,,NaN,,NaN,,NaN
A,GE10,M69-M74,E_ITSP2,PC_ENT_CUSE,CY,,NaN,,NaN,,NaN
A,GE10,M69-M74,E_ITSP2,PC_ENT_CUSE,CZ,,NaN,,NaN,,NaN
A,GE10,M69-M74,E_ITSP2,PC_ENT_CUSE,DE,,NaN,,NaN,,NaN
A,GE10,M69-M74,E_ITSP2,PC_ENT_CUSE,DK,,NaN,,NaN,,NaN
A,GE10,M69-M74,E_ITSP2,PC_ENT_CUSE,EA,,NaN,,NaN,,NaN
A,GE10,M69-M74,E_ITSP2,PC_ENT_CUSE,EE,,NaN,,NaN,,NaN
A,GE10,M69-M74,E_ITSP2,PC_ENT_CUSE,EL,,NaN,,NaN,,NaN
A,GE10,M69-M74,E_ITSP2,PC_ENT_CUSE,ES,,NaN,,NaN,,NaN
A,GE10,M69-M74,E_ITSP2,PC_ENT_CUSE,EU15,,NaN,,NaN,,NaN
A,GE10,M69-M74,E_ITSP2,PC_ENT_CUSE,EU27_2007,,NaN,,NaN,,NaN
A,GE10,M69-M74,E_ITSP2,PC_ENT_CUSE,EU27_2020,,NaN,,NaN,,NaN
A,GE10,M69-M74,E_ITSP2,PC_ENT_CUSE,EU28,,NaN,,NaN,,NaN
A,GE10,M69-M74,E_ITSP2,PC_ENT_CUSE,FI,,NaN,,NaN,,NaN
A,GE10,M69-M74,E_ITSP2,PC_ENT_CUSE,FR,,NaN,,NaN,,NaN
A,GE10,M69-M74,E_ITSP2,PC_ENT_CUSE,HR,,NaN,,NaN,,NaN
A,GE10,M69-M74,E_ITSP2,PC_ENT_CUSE,HU,,NaN,,NaN,,NaN
A,GE10,M69-M74,E_ITSP2,PC_ENT_CUSE,IE,,NaN,,NaN,,NaN
A,GE10,M69-M74,E_ITSP2,PC_ENT_CUSE,IS,,NaN,,NaN,,NaN
A,GE10,M69-M74,E_ITSP2,PC_ENT_CUSE,IT,,NaN,,NaN,,NaN
A,GE10,M69-M74,E_ITSP2,PC_ENT_CUSE,LT,,NaN,,NaN,,NaN
A,GE10,M69-M74,E_ITSP2,PC_ENT_CUSE,LU,,NaN,,NaN,,NaN
A,GE10,M69-M74,E_ITSP2,PC_ENT_CUSE,LV,,NaN,,NaN,,NaN
A,GE10,M69-M74,E_ITSP2,PC_ENT_CUSE,ME,,NaN,,NaN,,NaN
A,GE10,M69-M74,E_ITSP2,PC_ENT_CUSE,MK,,NaN,,NaN,,NaN
A,GE10,M69-M74,E_ITSP2,PC_ENT_CUSE,MT,,NaN,,NaN,,NaN
A,GE10,M69-M74,E_ITSP2,PC_ENT_CUSE,NL,,NaN,,NaN,,NaN
A,GE10,M69-M74,E_ITSP2,PC_ENT_CUSE,NO,,NaN,,NaN,,NaN
A,GE10,M69-M74,E_ITSP2,PC_ENT_CUSE,PL,,NaN,,NaN,,NaN
A,GE10,M69-M74,E_ITSP2,PC_ENT_CUSE,PT,,NaN,,NaN,,NaN
A,GE10,M69-M74,E_ITSP2,PC_ENT_CUSE,RO,,NaN,,NaN,,NaN
A,GE10,M69-M74,E_ITSP2,PC_ENT_CUSE,RS,,NaN,,NaN,,NaN
A,GE10,M69-M74,E_ITSP2,PC_ENT_CUSE,SE,,NaN,,NaN,,NaN
A,GE10,M69-M74,E_ITSP2,PC_ENT_CUSE,SI,,NaN,,NaN,,NaN
A,GE10,M69-M74,E_ITSP2,PC_ENT_CUSE,SK,,NaN,,NaN,,NaN
A,GE10,M69-M74,E_ITSP2,PC_ENT_CUSE,TR,,NaN,,NaN,,NaN
A,GE10,M69-M74,E_ITSP2,PC_ENT_CUSE,UK,,NaN,,NaN,,NaN
A,GE10,M72,E_ITSP2,PC_ENT,AT,,NaN,,u,,u
A,GE10,M72,E_ITSP2,PC_ENT,BA,,NaN,59.65,NaN,58.1,NaN
A,GE10,M72,E_ITSP2,PC_ENT,BE,,NaN,,NaN,70.15,NaN
A,GE10,M72,E_ITSP2,PC_ENT,BG,,NaN,27.36,NaN,49.6,NaN
A,GE10,M72,E_ITSP2,PC_ENT,CY,,NaN,100.0,NaN,100.0,NaN
A,GE10,M72,E_ITSP2,PC_ENT,CZ,,NaN,46.98,NaN,43.69,NaN
A,GE10,M72,E_ITSP2,PC_ENT,DE,,NaN,53.42,NaN,58.19,NaN
A,GE10,M72,E_ITSP2,PC_ENT,DK,,NaN,54.21,NaN,53.13,NaN
A,GE10,M72,E_ITSP2,PC_ENT,EA,,NaN,48.26,NaN,55.45,NaN
A,GE10,M72,E_ITSP2,PC_ENT,EE,,NaN,54.64,NaN,72.41,NaN
A,GE10,M72,E_ITSP2,PC_ENT,EL,,NaN,63.96,NaN,67.54,NaN
A,GE10,M72,E_ITSP2,PC_ENT,ES,,NaN,,u,,u
A,GE10,M72,E_ITSP2,PC_ENT,EU27_2020,,NaN,47.51,NaN,54.36,NaN
A,GE10,M72,E_ITSP2,PC_ENT,FI,,NaN,,u,,u
A,GE10,M72,E_ITSP2,PC_ENT,FR,,NaN,,bu,50.73,NaN
A,GE10,M72,E_ITSP2,PC_ENT,HR,,NaN,34.48,NaN,100.0,NaN
A,GE10,M72,E_ITSP2,PC_ENT,HU,,NaN,54.17,NaN,60.35,NaN
A,GE10,M72,E_ITSP2,PC_ENT,IE,,NaN,51.28,NaN,53.92,NaN
A,GE10,M72,E_ITSP2,PC_ENT,IT,,NaN,,u,,u
A,GE10,M72,E_ITSP2,PC_ENT,LT,,NaN,,u,,u
A,GE10,M72,E_ITSP2,PC_ENT,LU,,NaN,,u,,u
A,GE10,M72,E_ITSP2,PC_ENT,LV,,NaN,35.71,NaN,26.67,NaN
A,GE10,M72,E_ITSP2,PC_ENT,ME,,NaN,0.0,NaN,,NaN
A,GE10,M72,E_ITSP2,PC_ENT,MK,,NaN,,u,,NaN
A,GE10,M72,E_ITSP2,PC_ENT,MT,,NaN,,NaN,,NaN
A,GE10,M72,E_ITSP2,PC_ENT,NL,,NaN,54.2,NaN,47.29,NaN
A,GE10,M72,E_ITSP2,PC_ENT,NO,,NaN,53.84,NaN,46.69,NaN
A,GE10,M72,E_ITSP2,PC_ENT,PL,,NaN,,u,,u
A,GE10,M72,E_ITSP2,PC_ENT,PT,,NaN,,u,,u
A,GE10,M72,E_ITSP2,PC_ENT,RO,,NaN,29.73,NaN,33.37,NaN
A,GE10,M72,E_ITSP2,PC_ENT,RS,,NaN,59.41,NaN,37.97,NaN
A,GE10,M72,E_ITSP2,PC_ENT,SE,,NaN,32.8,NaN,38.14,b
A,GE10,M72,E_ITSP2,PC_ENT,SI,,NaN,46.55,NaN,,u
A,GE10,M72,E_ITSP2,PC_ENT,SK,,NaN,35.78,NaN,48.33,NaN
A,GE10,M72,E_ITSP2,PC_ENT,TR,,NaN,51.74,NaN,45.91,NaN
A,GE10,M73-M75,E_ITSP2,PC_ENT,AT,,NaN,,u,,u
A,GE10,M73-M75,E_ITSP2,PC_ENT,BA,,NaN,,u,,u
A,GE10,M73-M75,E_ITSP2,PC_ENT,BE,,NaN,,u,,u
A,GE10,M73-M75,E_ITSP2,PC_ENT,BG,,NaN,39.1,NaN,19.44,NaN
A,GE10,M73-M75,E_ITSP2,PC_ENT,CY,,NaN,37.98,NaN,43.75,NaN
A,GE10,M73-M75,E_ITSP2,PC_ENT,CZ,,NaN,26.65,NaN,20.04,NaN
A,GE10,M73-M75,E_ITSP2,PC_ENT,DE,,NaN,39.8,NaN,33.51,NaN
A,GE10,M73-M75,E_ITSP2,PC_ENT,DK,,NaN,55.16,NaN,37.0,NaN
A,GE10,M73-M75,E_ITSP2,PC_ENT,EA,,NaN,35.86,NaN,31.05,NaN
A,GE10,M73-M75,E_ITSP2,PC_ENT,EE,,NaN,4.69,NaN,39.37,NaN
A,GE10,M73-M75,E_ITSP2,PC_ENT,EL,,NaN,40.51,NaN,43.01,NaN
A,GE10,M73-M75,E_ITSP2,PC_ENT,ES,,NaN,,u,21.0,NaN
A,GE10,M73-M75,E_ITSP2,PC_ENT,EU27_2020,,NaN,36.25,NaN,31.53,NaN
A,GE10,M73-M75,E_ITSP2,PC_ENT,FI,,NaN,,u,,u
A,GE10,M73-M75,E_ITSP2,PC_ENT,FR,,NaN,34.62,b,33.5,NaN
A,GE10,M73-M75,E_ITSP2,PC_ENT,HR,,NaN,38.5,NaN,20.86,NaN
A,GE10,M73-M75,E_ITSP2,PC_ENT,HU,,NaN,39.89,NaN,37.68,NaN
A,GE10,M73-M75,E_ITSP2,PC_ENT,IE,,NaN,31.1,NaN,55.89,NaN
A,GE10,M73-M75,E_ITSP2,PC_ENT,IT,,NaN,,u,,u
A,GE10,M73-M75,E_ITSP2,PC_ENT,LT,,NaN,,u,,u
A,GE10,M73-M75,E_ITSP2,PC_ENT,LU,,NaN,,u,,u
A,GE10,M73-M75,E_ITSP2,PC_ENT,LV,,NaN,30.77,NaN,26.52,NaN
A,GE10,M73-M75,E_ITSP2,PC_ENT,ME,,NaN,18.82,NaN,,NaN
A,GE10,M73-M75,E_ITSP2,PC_ENT,MK,,NaN,,u,,NaN
A,GE10,M73-M75,E_ITSP2,PC_ENT,MT,,NaN,,NaN,50.83,NaN
A,GE10,M73-M75,E_ITSP2,PC_ENT,NL,,NaN,36.16,NaN,32.11,NaN
A,GE10,M73-M75,E_ITSP2,PC_ENT,NO,,NaN,29.9,NaN,25.78,NaN
A,GE10,M73-M75,E_ITSP2,PC_ENT,PL,,NaN,48.31,NaN,44.58,NaN
A,GE10,M73-M75,E_ITSP2,PC_ENT,PT,,NaN,,u,,u
A,GE10,M73-M75,E_ITSP2,PC_ENT,RO,,NaN,18.77,NaN,18.07,NaN
A,GE10,M73-M75,E_ITSP2,PC_ENT,RS,,NaN,18.59,NaN,46.28,NaN
A,GE10,M73-M75,E_ITSP2,PC_ENT,SE,,NaN,32.54,NaN,41.82,b
A,GE10,M73-M75,E_ITSP2,PC_ENT,SI,,NaN,24.17,NaN,33.79,NaN
A,GE10,M73-M75,E_ITSP2,PC_ENT,SK,,NaN,18.47,NaN,14.94,NaN
A,GE10,M73-M75,E_ITSP2,PC_ENT,TR,,NaN,21.89,NaN,22.05,NaN
A,GE10,N,E_ITSP2,PC_ENT,AL,,NaN,60.78,b,,NaN
A,GE10,N,E_ITSP2,PC_ENT,AT,17.98,NaN,16.83,NaN,16.19,NaN
A,GE10,N,E_ITSP2,PC_ENT,BA,34.65,NaN,18.29,NaN,26.4,NaN
A,GE10,N,E_ITSP2,PC_ENT,BE,26.95,NaN,27.55,NaN,24.2,NaN
A,GE10,N,E_ITSP2,PC_ENT,BG,14.08,NaN,13.52,NaN,13.34,NaN
A,GE10,N,E_ITSP2,PC_ENT,CY,32.96,NaN,32.22,NaN,30.88,NaN
A,GE10,N,E_ITSP2,PC_ENT,CZ,10.67,NaN,15.73,NaN,12.66,NaN
A,GE10,N,E_ITSP2,PC_ENT,DE,15.94,NaN,20.56,NaN,18.25,NaN
A,GE10,N,E_ITSP2,PC_ENT,DK,29.41,NaN,32.23,NaN,25.58,NaN
A,GE10,N,E_ITSP2,PC_ENT,EA,17.3,NaN,18.12,NaN,18.01,NaN
A,GE10,N,E_ITSP2,PC_ENT,EE,15.14,NaN,19.44,NaN,15.5,NaN
A,GE10,N,E_ITSP2,PC_ENT,EL,,u,22.69,NaN,28.15,NaN
A,GE10,N,E_ITSP2,PC_ENT,ES,14.17,NaN,13.61,NaN,12.39,NaN
A,GE10,N,E_ITSP2,PC_ENT,EU15,,NaN,,NaN,,NaN
A,GE10,N,E_ITSP2,PC_ENT,EU27_2007,,NaN,,NaN,,NaN
A,GE10,N,E_ITSP2,PC_ENT,EU27_2020,17.71,NaN,18.8,NaN,18.3,NaN
A,GE10,N,E_ITSP2,PC_ENT,EU28,,NaN,,NaN,,NaN
A,GE10,N,E_ITSP2,PC_ENT,FI,29.44,NaN,29.54,NaN,32.6,NaN
A,GE10,N,E_ITSP2,PC_ENT,FR,19.4,NaN,14.2,b,14.27,NaN
A,GE10,N,E_ITSP2,PC_ENT,HR,16.08,NaN,20.29,NaN,22.09,NaN
A,GE10,N,E_ITSP2,PC_ENT,HU,27.56,NaN,28.12,NaN,26.22,NaN
A,GE10,N,E_ITSP2,PC_ENT,IE,42.03,NaN,33.3,NaN,49.7,NaN
A,GE10,N,E_ITSP2,PC_ENT,IS,14.94,NaN,,NaN,,NaN
A,GE10,N,E_ITSP2,PC_ENT,IT,10.39,NaN,11.32,NaN,14.47,NaN
A,GE10,N,E_ITSP2,PC_ENT,LT,21.49,NaN,16.18,NaN,22.76,NaN
A,GE10,N,E_ITSP2,PC_ENT,LU,18.47,NaN,25.99,NaN,23.13,NaN
A,GE10,N,E_ITSP2,PC_ENT,LV,25.14,NaN,15.98,NaN,17.41,NaN
A,GE10,N,E_ITSP2,PC_ENT,ME,,u,39.58,NaN,32.34,NaN
A,GE10,N,E_ITSP2,PC_ENT,MK,4.0,NaN,6.93,NaN,,NaN
A,GE10,N,E_ITSP2,PC_ENT,MT,29.69,NaN,34.72,NaN,32.06,NaN
A,GE10,N,E_ITSP2,PC_ENT,NL,17.11,NaN,21.95,NaN,21.3,NaN
A,GE10,N,E_ITSP2,PC_ENT,NO,14.25,NaN,15.34,NaN,17.18,NaN
A,GE10,N,E_ITSP2,PC_ENT,PL,24.04,NaN,31.28,NaN,27.69,NaN
A,GE10,N,E_ITSP2,PC_ENT,PT,29.51,NaN,29.67,NaN,29.37,NaN
A,GE10,N,E_ITSP2,PC_ENT,RO,14.31,NaN,11.35,NaN,15.56,NaN
A,GE10,N,E_ITSP2,PC_ENT,RS,30.17,NaN,30.95,NaN,28.28,NaN
A,GE10,N,E_ITSP2,PC_ENT,SE,17.58,NaN,17.64,NaN,11.41,b
A,GE10,N,E_ITSP2,PC_ENT,SI,10.39,NaN,14.76,NaN,13.8,NaN
A,GE10,N,E_ITSP2,PC_ENT,SK,16.9,NaN,13.37,NaN,13.68,NaN
A,GE10,N,E_ITSP2,PC_ENT,TR,11.8,NaN,24.81,NaN,18.37,NaN
A,GE10,N,E_ITSP2,PC_ENT,UK,34.68,NaN,,NaN,,NaN
A,GE10,N,E_ITSP2,PC_ENT_CUSE,AT,,NaN,,NaN,,NaN
A,GE10,N,E_ITSP2,PC_ENT_CUSE,BA,,NaN,,NaN,,NaN
A,GE10,N,E_ITSP2,PC_ENT_CUSE,BE,,NaN,,NaN,,NaN
A,GE10,N,E_ITSP2,PC_ENT_CUSE,BG,,NaN,,NaN,,NaN
A,GE10,N,E_ITSP2,PC_ENT_CUSE,CY,,NaN,,NaN,,NaN
A,GE10,N,E_ITSP2,PC_ENT_CUSE,CZ,,NaN,,NaN,,NaN
A,GE10,N,E_ITSP2,PC_ENT_CUSE,DE,,NaN,,NaN,,NaN
A,GE10,N,E_ITSP2,PC_ENT_CUSE,DK,,NaN,,NaN,,NaN
A,GE10,N,E_ITSP2,PC_ENT_CUSE,EA,,NaN,,NaN,,NaN
A,GE10,N,E_ITSP2,PC_ENT_CUSE,EE,,NaN,,NaN,,NaN
A,GE10,N,E_ITSP2,PC_ENT_CUSE,EL,,NaN,,NaN,,NaN
A,GE10,N,E_ITSP2,PC_ENT_CUSE,ES,,NaN,,NaN,,NaN
A,GE10,N,E_ITSP2,PC_ENT_CUSE,EU15,,NaN,,NaN,,NaN
A,GE10,N,E_ITSP2,PC_ENT_CUSE,EU27_2007,,NaN,,NaN,,NaN
A,GE10,N,E_ITSP2,PC_ENT_CUSE,EU27_2020,,NaN,,NaN,,NaN
A,GE10,N,E_ITSP2,PC_ENT_CUSE,EU28,,NaN,,NaN,,NaN
A,GE10,N,E_ITSP2,PC_ENT_CUSE,FI,,NaN,,NaN,,NaN
A,GE10,N,E_ITSP2,PC_ENT_CUSE,FR,,NaN,,NaN,,NaN
A,GE10,N,E_ITSP2,PC_ENT_CUSE,HR,,NaN,,NaN,,NaN
A,GE10,N,E_ITSP2,PC_ENT_CUSE,HU,,NaN,,NaN,,NaN
A,GE10,N,E_ITSP2,PC_ENT_CUSE,IE,,NaN,,NaN,,NaN
A,GE10,N,E_ITSP2,PC_ENT_CUSE,IS,,NaN,,NaN,,NaN
A,GE10,N,E_ITSP2,PC_ENT_CUSE,IT,,NaN,,NaN,,NaN
A,GE10,N,E_ITSP2,PC_ENT_CUSE,LT,,NaN,,NaN,,NaN
A,GE10,N,E_ITSP2,PC_ENT_CUSE,LU,,NaN,,NaN,,NaN
A,GE10,N,E_ITSP2,PC_ENT_CUSE,LV,,NaN,,NaN,,NaN
A,GE10,N,E_ITSP2,PC_ENT_CUSE,ME,,NaN,,NaN,,NaN
A,GE10,N,E_ITSP2,PC_ENT_CUSE,MK,,NaN,,NaN,,NaN
A,GE10,N,E_ITSP2,PC_ENT_CUSE,MT,,NaN,,NaN,,NaN
A,GE10,N,E_ITSP2,PC_ENT_CUSE,NL,,NaN,,NaN,,NaN
A,GE10,N,E_ITSP2,PC_ENT_CUSE,NO,,NaN,,NaN,,NaN
A,GE10,N,E_ITSP2,PC_ENT_CUSE,PL,,NaN,,NaN,,NaN
A,GE10,N,E_ITSP2,PC_ENT_CUSE,PT,,NaN,,NaN,,NaN
A,GE10,N,E_ITSP2,PC_ENT_CUSE,RO,,NaN,,NaN,,NaN
A,GE10,N,E_ITSP2,PC_ENT_CUSE,RS,,NaN,,NaN,,NaN
A,GE10,N,E_ITSP2,PC_ENT_CUSE,SE,,NaN,,NaN,,NaN
A,GE10,N,E_ITSP2,PC_ENT_CUSE,SI,,NaN,,NaN,,NaN
A,GE10,N,E_ITSP2,PC_ENT_CUSE,SK,,NaN,,NaN,,NaN
A,GE10,N,E_ITSP2,PC_ENT_CUSE,TR,,NaN,,NaN,,NaN
A,GE10,N,E_ITSP2,PC_ENT_CUSE,UK,,NaN,,NaN,,NaN
A,GE10,N77-N82_X_N79,E_ITSP2,PC_ENT,AT,16.14,NaN,16.95,NaN,15.49,NaN
A,GE10,N77-N82_X_N79,E_ITSP2,PC_ENT,BA,38.25,NaN,19.19,NaN,26.41,NaN
A,GE10,N77-N82_X_N79,E_ITSP2,PC_ENT,BE,27.09,NaN,26.14,NaN,24.04,NaN
A,GE10,N77-N82_X_N79,E_ITSP2,PC_ENT,BG,13.78,NaN,13.73,NaN,13.34,NaN
A,GE10,N77-N82_X_N79,E_ITSP2,PC_ENT,CY,30.3,NaN,30.1,NaN,29.4,NaN
A,GE10,N77-N82_X_N79,E_ITSP2,PC_ENT,CZ,9.79,NaN,15.07,NaN,12.13,NaN
A,GE10,N77-N82_X_N79,E_ITSP2,PC_ENT,DE,15.55,NaN,20.4,NaN,17.98,NaN
A,GE10,N77-N82_X_N79,E_ITSP2,PC_ENT,DK,28.06,NaN,30.98,NaN,24.16,NaN
A,GE10,N77-N82_X_N79,E_ITSP2,PC_ENT,EA,16.27,NaN,17.27,NaN,17.29,NaN
A,GE10,N77-N82_X_N79,E_ITSP2,PC_ENT,EE,13.53,NaN,18.94,NaN,14.21,NaN
A,GE10,N77-N82_X_N79,E_ITSP2,PC_ENT,EL,,u,18.36,NaN,24.02,NaN
A,GE10,N77-N82_X_N79,E_ITSP2,PC_ENT,ES,13.09,NaN,12.43,NaN,11.56,NaN
A,GE10,N77-N82_X_N79,E_ITSP2,PC_ENT,EU15,,NaN,,NaN,,NaN
A,GE10,N77-N82_X_N79,E_ITSP2,PC_ENT,EU27_2007,,NaN,,NaN,,NaN
A,GE10,N77-N82_X_N79,E_ITSP2,PC_ENT,EU27_2020,16.76,NaN,18.01,NaN,17.59,NaN
A,GE10,N77-N82_X_N79,E_ITSP2,PC_ENT,EU28,,NaN,,NaN,,NaN
A,GE10,N77-N82_X_N79,E_ITSP2,PC_ENT,FI,,u,,u,,u
A,GE10,N77-N82_X_N79,E_ITSP2,PC_ENT,FR,17.12,NaN,11.91,b,12.82,NaN
A,GE10,N77-N82_X_N79,E_ITSP2,PC_ENT,HR,15.44,NaN,19.84,NaN,18.95,NaN
A,GE10,N77-N82_X_N79,E_ITSP2,PC_ENT,HU,27.19,NaN,27.28,NaN,25.65,NaN
A,GE10,N77-N82_X_N79,E_ITSP2,PC_ENT,IE,41.3,NaN,32.8,NaN,49.53,NaN
A,GE10,N77-N82_X_N79,E_ITSP2,PC_ENT,IS,12.24,NaN,,NaN,,NaN
A,GE10,N77-N82_X_N79,E_ITSP2,PC_ENT,IT,9.85,NaN,10.89,NaN,14.42,NaN
A,GE10,N77-N82_X_N79,E_ITSP2,PC_ENT,LT,20.99,NaN,15.06,NaN,22.77,NaN
A,GE10,N77-N82_X_N79,E_ITSP2,PC_ENT,LU,,u,,u,,u
A,GE10,N77-N82_X_N79,E_ITSP2,PC_ENT,LV,24.0,NaN,14.2,NaN,16.12,NaN
A,GE10,N77-N82_X_N79,E_ITSP2,PC_ENT,ME,,u,36.11,NaN,19.51,NaN
A,GE10,N77-N82_X_N79,E_ITSP2,PC_ENT,MK,4.32,NaN,7.46,NaN,,NaN
A,GE10,N77-N82_X_N79,E_ITSP2,PC_ENT,MT,29.81,NaN,32.31,NaN,30.04,NaN
A,GE10,N77-N82_X_N79,E_ITSP2,PC_ENT,NL,16.59,NaN,21.46,NaN,20.82,NaN
A,GE10,N77-N82_X_N79,E_ITSP2,PC_ENT,NO,14.15,NaN,14.29,NaN,16.62,NaN
A,GE10,N77-N82_X_N79,E_ITSP2,PC_ENT,PL,23.14,NaN,30.78,NaN,26.95,NaN
A,GE10,N77-N82_X_N79,E_ITSP2,PC_ENT,PT,26.38,NaN,29.28,NaN,28.24,NaN
A,GE10,N77-N82_X_N79,E_ITSP2,PC_ENT,RO,14.35,NaN,11.08,NaN,15.16,NaN
A,GE10,N77-N82_X_N79,E_ITSP2,PC_ENT,RS,30.14,NaN,31.98,NaN,28.16,NaN
A,GE10,N77-N82_X_N79,E_ITSP2,PC_ENT,SE,17.08,NaN,16.95,NaN,10.68,b
A,GE10,N77-N82_X_N79,E_ITSP2,PC_ENT,SI,9.25,NaN,13.57,NaN,11.4,NaN
A,GE10,N77-N82_X_N79,E_ITSP2,PC_ENT,SK,16.36,NaN,13.12,NaN,13.01,NaN
A,GE10,N77-N82_X_N79,E_ITSP2,PC_ENT,TR,9.81,NaN,23.48,NaN,17.23,NaN
A,GE10,N77-N82_X_N79,E_ITSP2,PC_ENT,UK,34.34,NaN,,NaN,,NaN
A,GE10,N77-N82_X_N79,E_ITSP2,PC_ENT_CUSE,AT,,NaN,,NaN,,NaN
A,GE10,N77-N82_X_N79,E_ITSP2,PC_ENT_CUSE,BA,,NaN,,NaN,,NaN
A,GE10,N77-N82_X_N79,E_ITSP2,PC_ENT_CUSE,BE,,NaN,,NaN,,NaN
A,GE10,N77-N82_X_N79,E_ITSP2,PC_ENT_CUSE,BG,,NaN,,NaN,,NaN
A,GE10,N77-N82_X_N79,E_ITSP2,PC_ENT_CUSE,CY,,NaN,,NaN,,NaN
A,GE10,N77-N82_X_N79,E_ITSP2,PC_ENT_CUSE,CZ,,NaN,,NaN,,NaN
A,GE10,N77-N82_X_N79,E_ITSP2,PC_ENT_CUSE,DE,,NaN,,NaN,,NaN
A,GE10,N77-N82_X_N79,E_ITSP2,PC_ENT_CUSE,DK,,NaN,,NaN,,NaN
A,GE10,N77-N82_X_N79,E_ITSP2,PC_ENT_CUSE,EA,,NaN,,NaN,,NaN
A,GE10,N77-N82_X_N79,E_ITSP2,PC_ENT_CUSE,EE,,NaN,,NaN,,NaN
A,GE10,N77-N82_X_N79,E_ITSP2,PC_ENT_CUSE,EL,,NaN,,NaN,,NaN
A,GE10,N77-N82_X_N79,E_ITSP2,PC_ENT_CUSE,ES,,NaN,,NaN,,NaN
A,GE10,N77-N82_X_N79,E_ITSP2,PC_ENT_CUSE,EU15,,NaN,,NaN,,NaN
A,GE10,N77-N82_X_N79,E_ITSP2,PC_ENT_CUSE,EU27_2007,,NaN,,NaN,,NaN
A,GE10,N77-N82_X_N79,E_ITSP2,PC_ENT_CUSE,EU27_2020,,NaN,,NaN,,NaN
A,GE10,N77-N82_X_N79,E_ITSP2,PC_ENT_CUSE,EU28,,NaN,,NaN,,NaN
A,GE10,N77-N82_X_N79,E_ITSP2,PC_ENT_CUSE,FI,,NaN,,NaN,,NaN
A,GE10,N77-N82_X_N79,E_ITSP2,PC_ENT_CUSE,FR,,NaN,,NaN,,NaN
A,GE10,N77-N82_X_N79,E_ITSP2,PC_ENT_CUSE,HR,,NaN,,NaN,,NaN
A,GE10,N77-N82_X_N79,E_ITSP2,PC_ENT_CUSE,HU,,NaN,,NaN,,NaN
A,GE10,N77-N82_X_N79,E_ITSP2,PC_ENT_CUSE,IE,,NaN,,NaN,,NaN
A,GE10,N77-N82_X_N79,E_ITSP2,PC_ENT_CUSE,IS,,NaN,,NaN,,NaN
A,GE10,N77-N82_X_N79,E_ITSP2,PC_ENT_CUSE,IT,,NaN,,NaN,,NaN
A,GE10,N77-N82_X_N79,E_ITSP2,PC_ENT_CUSE,LT,,NaN,,NaN,,NaN
A,GE10,N77-N82_X_N79,E_ITSP2,PC_ENT_CUSE,LU,,NaN,,NaN,,NaN
A,GE10,N77-N82_X_N79,E_ITSP2,PC_ENT_CUSE,LV,,NaN,,NaN,,NaN
A,GE10,N77-N82_X_N79,E_ITSP2,PC_ENT_CUSE,ME,,NaN,,NaN,,NaN
A,GE10,N77-N82_X_N79,E_ITSP2,PC_ENT_CUSE,MK,,NaN,,NaN,,NaN
A,GE10,N77-N82_X_N79,E_ITSP2,PC_ENT_CUSE,MT,,NaN,,NaN,,NaN
A,GE10,N77-N82_X_N79,E_ITSP2,PC_ENT_CUSE,NL,,NaN,,NaN,,NaN
A,GE10,N77-N82_X_N79,E_ITSP2,PC_ENT_CUSE,NO,,NaN,,NaN,,NaN
A,GE10,N77-N82_X_N79,E_ITSP2,PC_ENT_CUSE,PL,,NaN,,NaN,,NaN
A,GE10,N77-N82_X_N79,E_ITSP2,PC_ENT_CUSE,PT,,NaN,,NaN,,NaN
A,GE10,N77-N82_X_N79,E_ITSP2,PC_ENT_CUSE,RO,,NaN,,NaN,,NaN
A,GE10,N77-N82_X_N79,E_ITSP2,PC_ENT_CUSE,RS,,NaN,,NaN,,NaN
A,GE10,N77-N82_X_N79,E_ITSP2,PC_ENT_CUSE,SE,,NaN,,NaN,,NaN
A,GE10,N77-N82_X_N79,E_ITSP2,PC_ENT_CUSE,SI,,NaN,,NaN,,NaN
A,GE10,N77-N82_X_N79,E_ITSP2,PC_ENT_CUSE,SK,,NaN,,NaN,,NaN
A,GE10,N77-N82_X_N79,E_ITSP2,PC_ENT_CUSE,TR,,NaN,,NaN,,NaN
A,GE10,N77-N82_X_N79,E_ITSP2,PC_ENT_CUSE,UK,,NaN,,NaN,,NaN
A,GE10,N79,E_ITSP2,PC_ENT,AT,,u,14.74,NaN,,u
A,GE10,N79,E_ITSP2,PC_ENT,BA,0.0,NaN,,NaN,,NaN
A,GE10,N79,E_ITSP2,PC_ENT,BE,,u,,u,,u
A,GE10,N79,E_ITSP2,PC_ENT,BG,17.12,NaN,,u,13.32,NaN
A,GE10,N79,E_ITSP2,PC_ENT,CY,42.2,NaN,45.0,NaN,39.88,NaN
A,GE10,N79,E_ITSP2,PC_ENT,CZ,22.79,NaN,29.66,NaN,23.94,NaN
A,GE10,N79,E_ITSP2,PC_ENT,DE,23.87,NaN,24.48,NaN,25.8,NaN
A,GE10,N79,E_ITSP2,PC_ENT,DK,45.24,NaN,56.65,NaN,49.19,NaN
A,GE10,N79,E_ITSP2,PC_ENT,EA,33.85,NaN,34.72,NaN,32.42,NaN
A,GE10,N79,E_ITSP2,PC_ENT,EE,37.86,NaN,31.25,NaN,43.33,NaN
A,GE10,N79,E_ITSP2,PC_ENT,EL,,u,34.69,NaN,40.8,NaN
A,GE10,N79,E_ITSP2,PC_ENT,ES,33.74,NaN,40.5,NaN,32.62,NaN
A,GE10,N79,E_ITSP2,PC_ENT,EU15,,NaN,,NaN,,NaN
A,GE10,N79,E_ITSP2,PC_ENT,EU27_2007,,NaN,,NaN,,NaN
A,GE10,N79,E_ITSP2,PC_ENT,EU27_2020,32.9,NaN,34.65,NaN,32.54,NaN
A,GE10,N79,E_ITSP2,PC_ENT,EU28,,NaN,,NaN,,NaN
A,GE10,N79,E_ITSP2,PC_ENT,FI,,u,,u,,u
A,GE10,N79,E_ITSP2,PC_ENT,FR,,u,,bu,40.55,NaN
A,GE10,N79,E_ITSP2,PC_ENT,HR,19.05,NaN,75.0,NaN,42.86,NaN
A,GE10,N79,E_ITSP2,PC_ENT,HU,37.41,NaN,53.56,NaN,51.79,NaN
A,GE10,N79,E_ITSP2,PC_ENT,IE,50.27,NaN,39.71,NaN,52.15,NaN
A,GE10,N79,E_ITSP2,PC_ENT,IS,19.64,NaN,,NaN,,NaN
A,GE10,N79,E_ITSP2,PC_ENT,IT,19.66,NaN,,u,15.51,NaN
A,GE10,N79,E_ITSP2,PC_ENT,LT,26.32,NaN,34.38,NaN,22.5,NaN
A,GE10,N79,E_ITSP2,PC_ENT,LU,,u,,u,,u
A,GE10,N79,E_ITSP2,PC_ENT,LV,39.84,NaN,45.79,NaN,37.66,NaN
A,GE10,N79,E_ITSP2,PC_ENT,ME,,u,50.0,NaN,65.71,NaN
A,GE10,N79,E_ITSP2,PC_ENT,MK,0.0,NaN,0.0,NaN,,NaN
A,GE10,N79,E_ITSP2,PC_ENT,MT,29.08,NaN,54.61,NaN,46.93,NaN
A,GE10,N79,E_ITSP2,PC_ENT,NL,30.32,NaN,36.96,NaN,35.66,NaN
A,GE10,N79,E_ITSP2,PC_ENT,NO,15.24,NaN,29.93,NaN,23.14,NaN
A,GE10,N79,E_ITSP2,PC_ENT,PL,45.65,NaN,47.97,NaN,48.75,NaN
A,GE10,N79,E_ITSP2,PC_ENT,PT,,u,,u,,u
A,GE10,N79,E_ITSP2,PC_ENT,RO,13.74,NaN,16.1,NaN,23.56,NaN
A,GE10,N79,E_ITSP2,PC_ENT,RS,30.36,NaN,20.16,NaN,30.34,NaN
A,GE10,N79,E_ITSP2,PC_ENT,SE,26.61,NaN,36.76,NaN,28.92,b
A,GE10,N79,E_ITSP2,PC_ENT,SI,24.35,NaN,38.24,NaN,49.6,NaN
A,GE10,N79,E_ITSP2,PC_ENT,SK,30.57,NaN,23.81,NaN,35.89,NaN
A,GE10,N79,E_ITSP2,PC_ENT,TR,24.22,NaN,33.85,NaN,23.52,NaN
A,GE10,N79,E_ITSP2,PC_ENT,UK,,u,,NaN,,NaN
A,GE10,N79,E_ITSP2,PC_ENT_CUSE,AT,,NaN,,NaN,,NaN
A,GE10,N79,E_ITSP2,PC_ENT_CUSE,BA,,NaN,,NaN,,NaN
A,GE10,N79,E_ITSP2,PC_ENT_CUSE,BE,,NaN,,NaN,,NaN
A,GE10,N79,E_ITSP2,PC_ENT_CUSE,BG,,NaN,,NaN,,NaN
A,GE10,N79,E_ITSP2,PC_ENT_CUSE,CY,,NaN,,NaN,,NaN
A,GE10,N79,E_ITSP2,PC_ENT_CUSE,CZ,,NaN,,NaN,,NaN
A,GE10,N79,E_ITSP2,PC_ENT_CUSE,DE,,NaN,,NaN,,NaN
A,GE10,N79,E_ITSP2,PC_ENT_CUSE,DK,,NaN,,NaN,,NaN
A,GE10,N79,E_ITSP2,PC_ENT_CUSE,EA,,NaN,,NaN,,NaN
A,GE10,N79,E_ITSP2,PC_ENT_CUSE,EE,,NaN,,NaN,,NaN
A,GE10,N79,E_ITSP2,PC_ENT_CUSE,EL,,NaN,,NaN,,NaN
A,GE10,N79,E_ITSP2,PC_ENT_CUSE,ES,,NaN,,NaN,,NaN
A,GE10,N79,E_ITSP2,PC_ENT_CUSE,EU15,,NaN,,NaN,,NaN
A,GE10,N79,E_ITSP2,PC_ENT_CUSE,EU27_2007,,NaN,,NaN,,NaN
A,GE10,N79,E_ITSP2,PC_ENT_CUSE,EU27_2020,,NaN,,NaN,,NaN
A,GE10,N79,E_ITSP2,PC_ENT_CUSE,EU28,,NaN,,NaN,,NaN
A,GE10,N79,E_ITSP2,PC_ENT_CUSE,FI,,NaN,,NaN,,NaN
A,GE10,N79,E_ITSP2,PC_ENT_CUSE,FR,,NaN,,NaN,,NaN
A,GE10,N79,E_ITSP2,PC_ENT_CUSE,HR,,NaN,,NaN,,NaN
A,GE10,N79,E_ITSP2,PC_ENT_CUSE,HU,,NaN,,NaN,,NaN
A,GE10,N79,E_ITSP2,PC_ENT_CUSE,IE,,NaN,,NaN,,NaN
A,GE10,N79,E_ITSP2,PC_ENT_CUSE,IS,,NaN,,NaN,,NaN
A,GE10,N79,E_ITSP2,PC_ENT_CUSE,IT,,NaN,,NaN,,NaN
A,GE10,N79,E_ITSP2,PC_ENT_CUSE,LT,,NaN,,NaN,,NaN
A,GE10,N79,E_ITSP2,PC_ENT_CUSE,LU,,NaN,,NaN,,NaN
A,GE10,N79,E_ITSP2,PC_ENT_CUSE,LV,,NaN,,NaN,,NaN
A,GE10,N79,E_ITSP2,PC_ENT_CUSE,ME,,NaN,,NaN,,NaN
A,GE10,N79,E_ITSP2,PC_ENT_CUSE,MK,,NaN,,NaN,,NaN
A,GE10,N79,E_ITSP2,PC_ENT_CUSE,MT,,NaN,,NaN,,NaN
A,GE10,N79,E_ITSP2,PC_ENT_CUSE,NL,,NaN,,NaN,,NaN
A,GE10,N79,E_ITSP2,PC_ENT_CUSE,NO,,NaN,,NaN,,NaN
A,GE10,N79,E_ITSP2,PC_ENT_CUSE,PL,,NaN,,NaN,,NaN
A,GE10,N79,E_ITSP2,PC_ENT_CUSE,PT,,NaN,,NaN,,NaN
A,GE10,N79,E_ITSP2,PC_ENT_CUSE,RO,,NaN,,NaN,,NaN
A,GE10,N79,E_ITSP2,PC_ENT_CUSE,RS,,NaN,,NaN,,NaN
A,GE10,N79,E_ITSP2,PC_ENT_CUSE,SE,,NaN,,NaN,,NaN
A,GE10,N79,E_ITSP2,PC_ENT_CUSE,SI,,NaN,,NaN,,NaN
A,GE10,N79,E_ITSP2,PC_ENT_CUSE,SK,,NaN,,NaN,,NaN
A,GE10,N79,E_ITSP2,PC_ENT_CUSE,TR,,NaN,,NaN,,NaN
A,GE10,N79,E_ITSP2,PC_ENT_CUSE,UK,,NaN,,NaN,,NaN
A,GE10,S951,E_ITSP2,PC_ENT,AL,,NaN,57.14,b,,NaN
A,GE10,S951,E_ITSP2,PC_ENT,AT,,u,,u,,u
A,GE10,S951,E_ITSP2,PC_ENT,BA,62.5,NaN,,NaN,,NaN
A,GE10,S951,E_ITSP2,PC_ENT,BE,,u,,u,100.0,NaN
A,GE10,S951,E_ITSP2,PC_ENT,BG,,u,,u,,u
A,GE10,S951,E_ITSP2,PC_ENT,CY,,NaN,,NaN,100.0,NaN
A,GE10,S951,E_ITSP2,PC_ENT,CZ,75.73,NaN,60.79,NaN,65.23,NaN
A,GE10,S951,E_ITSP2,PC_ENT,DE,,u,84.0,NaN,,u
A,GE10,S951,E_ITSP2,PC_ENT,DK,80.52,NaN,74.42,NaN,72.73,NaN
A,GE10,S951,E_ITSP2,PC_ENT,EA,63.02,NaN,63.05,NaN,56.08,NaN
A,GE10,S951,E_ITSP2,PC_ENT,EE,0.0,NaN,,NaN,,NaN
A,GE10,S951,E_ITSP2,PC_ENT,EL,100.0,NaN,54.55,NaN,100.0,NaN
A,GE10,S951,E_ITSP2,PC_ENT,ES,55.42,NaN,,u,27.55,NaN
A,GE10,S951,E_ITSP2,PC_ENT,EU15,,NaN,,NaN,,NaN
A,GE10,S951,E_ITSP2,PC_ENT,EU27_2007,,NaN,,NaN,,NaN
A,GE10,S951,E_ITSP2,PC_ENT,EU27_2020,62.06,NaN,60.66,NaN,57.57,NaN
A,GE10,S951,E_ITSP2,PC_ENT,EU28,,NaN,,NaN,,NaN
A,GE10,S951,E_ITSP2,PC_ENT,FI,,u,,u,,u
A,GE10,S951,E_ITSP2,PC_ENT,FR,,u,,bu,68.05,NaN
A,GE10,S951,E_ITSP2,PC_ENT,HR,68.02,NaN,60.52,NaN,75.95,NaN
A,GE10,S951,E_ITSP2,PC_ENT,HU,63.89,NaN,63.64,NaN,75.18,NaN
A,GE10,S951,E_ITSP2,PC_ENT,IE,33.33,NaN,83.33,NaN,27.08,NaN
A,GE10,S951,E_ITSP2,PC_ENT,IS,,NaN,,NaN,,NaN
A,GE10,S951,E_ITSP2,PC_ENT,IT,,u,,u,,u
A,GE10,S951,E_ITSP2,PC_ENT,LT,57.14,NaN,83.33,NaN,85.71,NaN
A,GE10,S951,E_ITSP2,PC_ENT,LU,,NaN,,NaN,,NaN
A,GE10,S951,E_ITSP2,PC_ENT,LV,73.33,NaN,38.89,NaN,,NaN
A,GE10,S951,E_ITSP2,PC_ENT,ME,,u,,NaN,,NaN
A,GE10,S951,E_ITSP2,PC_ENT,MK,,NaN,0.0,NaN,,NaN
A,GE10,S951,E_ITSP2,PC_ENT,MT,,NaN,,NaN,,NaN
A,GE10,S951,E_ITSP2,PC_ENT,NL,69.6,NaN,62.57,NaN,62.31,NaN
A,GE10,S951,E_ITSP2,PC_ENT,NO,66.67,NaN,71.43,NaN,66.67,NaN
A,GE10,S951,E_ITSP2,PC_ENT,PL,68.0,NaN,72.33,NaN,80.74,NaN
A,GE10,S951,E_ITSP2,PC_ENT,PT,83.79,NaN,,u,,u
A,GE10,S951,E_ITSP2,PC_ENT,RO,42.24,NaN,33.2,NaN,31.65,NaN
A,GE10,S951,E_ITSP2,PC_ENT,RS,100.0,NaN,78.33,NaN,72.22,NaN
A,GE10,S951,E_ITSP2,PC_ENT,SE,,u,33.33,NaN,,bu
A,GE10,S951,E_ITSP2,PC_ENT,SI,,u,,u,100.0,NaN
A,GE10,S951,E_ITSP2,PC_ENT,SK,26.67,NaN,23.08,NaN,68.18,NaN
A,GE10,S951,E_ITSP2,PC_ENT,TR,55.45,NaN,62.65,NaN,54.76,NaN
A,GE10,S951,E_ITSP2,PC_ENT,UK,96.69,NaN,,NaN,,NaN
A,GE10,S951,E_ITSP2,PC_ENT_CUSE,AT,,NaN,,NaN,,NaN
A,GE10,S951,E_ITSP2,PC_ENT_CUSE,BA,,NaN,,NaN,,NaN
A,GE10,S951,E_ITSP2,PC_ENT_CUSE,BE,,NaN,,NaN,,NaN
A,GE10,S951,E_ITSP2,PC_ENT_CUSE,BG,,NaN,,NaN,,NaN
A,GE10,S951,E_ITSP2,PC_ENT_CUSE,CY,,NaN,,NaN,,NaN
A,GE10,S951,E_ITSP2,PC_ENT_CUSE,CZ,,NaN,,NaN,,NaN
A,GE10,S951,E_ITSP2,PC_ENT_CUSE,DE,,NaN,,NaN,,NaN
A,GE10,S951,E_ITSP2,PC_ENT_CUSE,DK,,NaN,,NaN,,NaN
A,GE10,S951,E_ITSP2,PC_ENT_CUSE,EA,,NaN,,NaN,,NaN
A,GE10,S951,E_ITSP2,PC_ENT_CUSE,EE,,NaN,,NaN,,NaN
A,GE10,S951,E_ITSP2,PC_ENT_CUSE,EL,,NaN,,NaN,,NaN
A,GE10,S951,E_ITSP2,PC_ENT_CUSE,ES,,NaN,,NaN,,NaN
A,GE10,S951,E_ITSP2,PC_ENT_CUSE,EU15,,NaN,,NaN,,NaN
A,GE10,S951,E_ITSP2,PC_ENT_CUSE,EU27_2007,,NaN,,NaN,,NaN
A,GE10,S951,E_ITSP2,PC_ENT_CUSE,EU27_2020,,NaN,,NaN,,NaN
A,GE10,S951,E_ITSP2,PC_ENT_CUSE,EU28,,NaN,,NaN,,NaN
A,GE10,S951,E_ITSP2,PC_ENT_CUSE,FI,,NaN,,NaN,,NaN
A,GE10,S951,E_ITSP2,PC_ENT_CUSE,FR,,NaN,,NaN,,NaN
A,GE10,S951,E_ITSP2,PC_ENT_CUSE,HR,,NaN,,NaN,,NaN
A,GE10,S951,E_ITSP2,PC_ENT_CUSE,HU,,NaN,,NaN,,NaN
A,GE10,S951,E_ITSP2,PC_ENT_CUSE,IE,,NaN,,NaN,,NaN
A,GE10,S951,E_ITSP2,PC_ENT_CUSE,IS,,NaN,,NaN,,NaN
A,GE10,S951,E_ITSP2,PC_ENT_CUSE,IT,,NaN,,NaN,,NaN
A,GE10,S951,E_ITSP2,PC_ENT_CUSE,LT,,NaN,,NaN,,NaN
A,GE10,S951,E_ITSP2,PC_ENT_CUSE,LU,,NaN,,NaN,,NaN
A,GE10,S951,E_ITSP2,PC_ENT_CUSE,LV,,NaN,,NaN,,NaN
A,GE10,S951,E_ITSP2,PC_ENT_CUSE,ME,,NaN,,NaN,,NaN
A,GE10,S951,E_ITSP2,PC_ENT_CUSE,MK,,NaN,,NaN,,NaN
A,GE10,S951,E_ITSP2,PC_ENT_CUSE,MT,,NaN,,NaN,,NaN
A,GE10,S951,E_ITSP2,PC_ENT_CUSE,NL,,NaN,,NaN,,NaN
A,GE10,S951,E_ITSP2,PC_ENT_CUSE,NO,,NaN,,NaN,,NaN
A,GE10,S951,E_ITSP2,PC_ENT_CUSE,PL,,NaN,,NaN,,NaN
A,GE10,S951,E_ITSP2,PC_ENT_CUSE,PT,,NaN,,NaN,,NaN
A,GE10,S951,E_ITSP2,PC_ENT_CUSE,RO,,NaN,,NaN,,NaN
A,GE10,S951,E_ITSP2,PC_ENT_CUSE,RS,,NaN,,NaN,,NaN
A,GE10,S951,E_ITSP2,PC_ENT_CUSE,SE,,NaN,,NaN,,NaN
A,GE10,S951,E_ITSP2,PC_ENT_CUSE,SI,,NaN,,NaN,,NaN
A,GE10,S951,E_ITSP2,PC_ENT_CUSE,SK,,NaN,,NaN,,NaN
A,GE10,S951,E_ITSP2,PC_ENT_CUSE,TR,,NaN,,NaN,,NaN
A,GE10,S951,E_ITSP2,PC_ENT_CUSE,UK,,NaN,,NaN,,NaN
