freq,size_emp,nace_r2,indic_is,unit,geo,num_2020,flag_2020,num_2022,flag_2022,num_2024,flag_2024
A,GE10,C,E_ITSP2X_ITT2,PC_ENT,AT,3.96,NaN,5.5,NaN,5.18,NaN
A,GE10,C,E_ITSP2X_ITT2,PC_ENT,BA,2.9,NaN,7.08,NaN,5.36,NaN
A,GE10,C,E_ITSP2X_ITT2,PC_ENT,BE,,u,8.87,NaN,15.82,NaN
A,GE10,C,E_ITSP2X_ITT2,PC_ENT,BG,,u,1.8,NaN,0.57,NaN
A,GE10,C,E_ITSP2X_ITT2,PC_ENT,CY,11.28,NaN,8.62,NaN,9.51,NaN
A,GE10,C,E_ITSP2X_ITT2,PC_ENT,CZ,12.97,NaN,9.91,NaN,13.46,NaN
A,GE10,C,E_ITSP2X_ITT2,PC_ENT,DE,9.71,NaN,10.89,NaN,10.85,NaN
A,GE10,C,E_ITSP2X_ITT2,PC_ENT,DK,9.29,NaN,8.93,NaN,14.63,NaN
A,GE10,C,E_ITSP2X_ITT2,PC_ENT,EA,7.65,NaN,8.92,NaN,9.85,NaN
A,GE10,C,E_ITSP2X_ITT2,PC_ENT,EE,5.66,NaN,5.8,NaN,6.59,NaN
A,GE10,C,E_ITSP2X_ITT2,PC_ENT,EL,,u,4.35,NaN,4.31,NaN
A,GE10,C,E_ITSP2X_ITT2,PC_ENT,ES,7.13,NaN,8.42,NaN,10.11,NaN
A,GE10,C,E_ITSP2X_ITT2,PC_ENT,EU15,,NaN,,NaN,,NaN
A,GE10,C,E_ITSP2X_ITT2,PC_ENT,EU27_2007,,NaN,,NaN,,NaN
A,GE10,C,E_ITSP2X_ITT2,PC_ENT,EU27_2020,7.48,NaN,8.56,NaN,9.59,NaN
A,GE10,C,E_ITSP2X_ITT2,PC_ENT,EU28,,NaN,,NaN,,NaN
A,GE10,C,E_ITSP2X_ITT2,PC_ENT,FI,16.86,NaN,17.72,NaN,12.58,NaN
A,GE10,C,E_ITSP2X_ITT2,PC_ENT,FR,4.72,NaN,4.37,b,5.08,NaN
A,GE10,C,E_ITSP2X_ITT2,PC_ENT,HR,9.35,NaN,8.98,NaN,9.19,NaN
A,GE10,C,E_ITSP2X_ITT2,PC_ENT,HU,5.84,NaN,3.77,NaN,5.04,NaN
A,GE10,C,E_ITSP2X_ITT2,PC_ENT,IE,12.67,NaN,9.67,NaN,7.44,NaN
A,GE10,C,E_ITSP2X_ITT2,PC_ENT,IT,7.53,NaN,9.71,NaN,11.55,NaN
A,GE10,C,E_ITSP2X_ITT2,PC_ENT,LT,4.8,NaN,3.72,NaN,5.41,NaN
A,GE10,C,E_ITSP2X_ITT2,PC_ENT,LU,3.63,NaN,9.73,NaN,9.84,NaN
A,GE10,C,E_ITSP2X_ITT2,PC_ENT,LV,4.61,NaN,4.38,NaN,2.43,NaN
A,GE10,C,E_ITSP2X_ITT2,PC_ENT,ME,,u,15.43,NaN,12.79,NaN
A,GE10,C,E_ITSP2X_ITT2,PC_ENT,MK,,u,,u,,NaN
A,GE10,C,E_ITSP2X_ITT2,PC_ENT,MT,6.1,NaN,4.01,NaN,6.49,NaN
A,GE10,C,E_ITSP2X_ITT2,PC_ENT,NL,1.81,NaN,7.79,NaN,8.12,NaN
A,GE10,C,E_ITSP2X_ITT2,PC_ENT,NO,17.66,NaN,20.87,NaN,16.98,NaN
A,GE10,C,E_ITSP2X_ITT2,PC_ENT,PL,5.07,NaN,7.26,NaN,9.12,NaN
A,GE10,C,E_ITSP2X_ITT2,PC_ENT,PT,8.83,NaN,8.53,NaN,13.3,NaN
A,GE10,C,E_ITSP2X_ITT2,PC_ENT,RO,1.41,NaN,2.38,NaN,3.24,NaN
A,GE10,C,E_ITSP2X_ITT2,PC_ENT,RS,3.92,NaN,11.13,NaN,6.48,NaN
A,GE10,C,E_ITSP2X_ITT2,PC_ENT,SE,22.73,NaN,22.23,NaN,19.21,b
A,GE10,C,E_ITSP2X_ITT2,PC_ENT,SI,12.07,NaN,14.28,NaN,12.21,NaN
A,GE10,C,E_ITSP2X_ITT2,PC_ENT,SK,5.53,NaN,6.61,NaN,5.03,NaN
A,GE10,C,E_ITSP2X_ITT2,PC_ENT,TR,4.04,NaN,6.03,NaN,5.85,NaN
A,GE10,C,E_ITSP2X_ITT2,PC_ENT,UK,6.58,NaN,,NaN,,NaN
A,GE10,C,E_ITSP2X_ITT2,PC_ENT_CUSE,AT,,NaN,,NaN,,NaN
A,GE10,C,E_ITSP2X_ITT2,PC_ENT_CUSE,BA,,NaN,,NaN,,NaN
A,GE10,C,E_ITSP2X_ITT2,PC_ENT_CUSE,BE,,NaN,,NaN,,NaN
A,GE10,C,E_ITSP2X_ITT2,PC_ENT_CUSE,BG,,NaN,,NaN,,NaN
A,GE10,C,E_ITSP2X_ITT2,PC_ENT_CUSE,CY,,NaN,,NaN,,NaN
A,GE10,C,E_ITSP2X_ITT2,PC_ENT_CUSE,CZ,,NaN,,NaN,,NaN
A,GE10,C,E_ITSP2X_ITT2,PC_ENT_CUSE,DE,,NaN,,NaN,,NaN
A,GE10,C,E_ITSP2X_ITT2,PC_ENT_CUSE,DK,,NaN,,NaN,,NaN
A,GE10,C,E_ITSP2X_ITT2,PC_ENT_CUSE,EA,,NaN,,NaN,,NaN
A,GE10,C,E_ITSP2X_ITT2,PC_ENT_CUSE,EE,,NaN,,NaN,,NaN
A,GE10,C,E_ITSP2X_ITT2,PC_ENT_CUSE,EL,,NaN,,NaN,,NaN
A,GE10,C,E_ITSP2X_ITT2,PC_ENT_CUSE,ES,,NaN,,NaN,,NaN
A,GE10,C,E_ITSP2X_ITT2,PC_ENT_CUSE,EU15,,NaN,,NaN,,NaN
A,GE10,C,E_ITSP2X_ITT2,PC_ENT_CUSE,EU27_2007,,NaN,,NaN,,NaN
A,GE10,C,E_ITSP2X_ITT2,PC_ENT_CUSE,EU27_2020,,NaN,,NaN,,NaN
A,GE10,C,E_ITSP2X_ITT2,PC_ENT_CUSE,EU28,,NaN,,NaN,,NaN
A,GE10,C,E_ITSP2X_ITT2,PC_ENT_CUSE,FI,,NaN,,NaN,,NaN
A,GE10,C,E_ITSP2X_ITT2,PC_ENT_CUSE,FR,,NaN,,NaN,,NaN
A,GE10,C,E_ITSP2X_ITT2,PC_ENT_CUSE,HR,,NaN,,NaN,,NaN
A,GE10,C,E_ITSP2X_ITT2,PC_ENT_CUSE,HU,,NaN,,NaN,,NaN
A,GE10,C,E_ITSP2X_ITT2,PC_ENT_CUSE,IE,,NaN,,NaN,,NaN
A,GE10,C,E_ITSP2X_ITT2,PC_ENT_CUSE,IT,,NaN,,NaN,,NaN
A,GE10,C,E_ITSP2X_ITT2,PC_ENT_CUSE,LT,,NaN,,NaN,,NaN
A,GE10,C,E_ITSP2X_ITT2,PC_ENT_CUSE,LU,,NaN,,NaN,,NaN
A,GE10,C,E_ITSP2X_ITT2,PC_ENT_CUSE,LV,,NaN,,NaN,,NaN
A,GE10,C,E_ITSP2X_ITT2,PC_ENT_CUSE,ME,,NaN,,NaN,,NaN
A,GE10,C,E_ITSP2X_ITT2,PC_ENT_CUSE,MK,,NaN,,NaN,,NaN
A,GE10,C,E_ITSP2X_ITT2,PC_ENT_CUSE,MT,,NaN,,NaN,,NaN
A,GE10,C,E_ITSP2X_ITT2,PC_ENT_CUSE,NL,,NaN,,NaN,,NaN
A,GE10,C,E_ITSP2X_ITT2,PC_ENT_CUSE,NO,,NaN,,NaN,,NaN
A,GE10,C,E_ITSP2X_ITT2,PC_ENT_CUSE,PL,,NaN,,NaN,,NaN
A,GE10,C,E_ITSP2X_ITT2,PC_ENT_CUSE,PT,,NaN,,NaN,,NaN
A,GE10,C,E_ITSP2X_ITT2,PC_ENT_CUSE,RO,,NaN,,NaN,,NaN
A,GE10,C,E_ITSP2X_ITT2,PC_ENT_CUSE,RS,,NaN,,NaN,,NaN
A,GE10,C,E_ITSP2X_ITT2,PC_ENT_CUSE,SE,,NaN,,NaN,,NaN
A,GE10,C,E_ITSP2X_ITT2,PC_ENT_CUSE,SI,,NaN,,NaN,,NaN
A,GE10,C,E_ITSP2X_ITT2,PC_ENT_CUSE,SK,,NaN,,NaN,,NaN
A,GE10,C,E_ITSP2X_ITT2,PC_ENT_CUSE,TR,,NaN,,NaN,,NaN
A,GE10,C,E_ITSP2X_ITT2,PC_ENT_CUSE,UK,,NaN,,NaN,,NaN
A,GE10,C,E_ITSP2_ITT2,PC_ENT,AL,,NaN,,u,,NaN
A,GE10,C,E_ITSP2_ITT2,PC_ENT,AT,16.29,NaN,18.41,NaN,20.32,NaN
A,GE10,C,E_ITSP2_ITT2,PC_ENT,BA,10.11,NaN,5.77,NaN,8.83,NaN
A,GE10,C,E_ITSP2_ITT2,PC_ENT,BE,,u,25.03,NaN,24.3,NaN
A,GE10,C,E_ITSP2_ITT2,PC_ENT,BG,4.48,NaN,4.68,NaN,5.26,NaN
A,GE10,C,E_ITSP2_ITT2,PC_ENT,CY,8.41,NaN,11.89,NaN,7.9,NaN
A,GE10,C,E_ITSP2_ITT2,PC_ENT,CZ,14.64,NaN,13.85,NaN,14.89,NaN
A,GE10,C,E_ITSP2_ITT2,PC_ENT,DE,16.82,NaN,16.91,NaN,17.88,NaN
A,GE10,C,E_ITSP2_ITT2,PC_ENT,DK,19.49,NaN,21.52,NaN,19.65,NaN
A,GE10,C,E_ITSP2_ITT2,PC_ENT,EA,12.29,NaN,12.82,NaN,12.59,NaN
A,GE10,C,E_ITSP2_ITT2,PC_ENT,EE,8.97,NaN,7.35,NaN,8.98,NaN
A,GE10,C,E_ITSP2_ITT2,PC_ENT,EL,,u,9.65,NaN,8.86,NaN
A,GE10,C,E_ITSP2_ITT2,PC_ENT,ES,10.91,NaN,8.58,NaN,9.04,NaN
A,GE10,C,E_ITSP2_ITT2,PC_ENT,EU15,,NaN,,NaN,,NaN
A,GE10,C,E_ITSP2_ITT2,PC_ENT,EU27_2007,,NaN,,NaN,,NaN
A,GE10,C,E_ITSP2_ITT2,PC_ENT,EU27_2020,11.84,NaN,12.77,NaN,13.15,NaN
A,GE10,C,E_ITSP2_ITT2,PC_ENT,EU28,,NaN,,NaN,,NaN
A,GE10,C,E_ITSP2_ITT2,PC_ENT,FI,22.02,NaN,22.85,NaN,22.9,NaN
A,GE10,C,E_ITSP2_ITT2,PC_ENT,FR,11.19,NaN,12.19,b,9.52,NaN
A,GE10,C,E_ITSP2_ITT2,PC_ENT,HR,9.71,NaN,9.28,NaN,7.73,NaN
A,GE10,C,E_ITSP2_ITT2,PC_ENT,HU,11.4,NaN,13.78,NaN,12.4,NaN
A,GE10,C,E_ITSP2_ITT2,PC_ENT,IE,19.14,NaN,18.73,NaN,21.56,NaN
A,GE10,C,E_ITSP2_ITT2,PC_ENT,IT,6.98,NaN,8.58,NaN,8.42,NaN
A,GE10,C,E_ITSP2_ITT2,PC_ENT,LT,7.93,NaN,7.48,NaN,8.26,NaN
A,GE10,C,E_ITSP2_ITT2,PC_ENT,LU,15.18,NaN,20.13,NaN,18.5,NaN
A,GE10,C,E_ITSP2_ITT2,PC_ENT,LV,7.98,NaN,7.33,NaN,7.28,NaN
A,GE10,C,E_ITSP2_ITT2,PC_ENT,ME,,u,8.16,NaN,10.23,NaN
A,GE10,C,E_ITSP2_ITT2,PC_ENT,MK,4.32,NaN,4.55,NaN,,NaN
A,GE10,C,E_ITSP2_ITT2,PC_ENT,MT,13.52,NaN,17.63,NaN,22.07,NaN
A,GE10,C,E_ITSP2_ITT2,PC_ENT,NL,17.31,NaN,20.84,NaN,19.69,NaN
A,GE10,C,E_ITSP2_ITT2,PC_ENT,NO,14.96,NaN,15.73,NaN,14.34,NaN
A,GE10,C,E_ITSP2_ITT2,PC_ENT,PL,11.07,NaN,15.5,NaN,19.97,NaN
A,GE10,C,E_ITSP2_ITT2,PC_ENT,PT,10.86,NaN,9.77,NaN,10.09,NaN
A,GE10,C,E_ITSP2_ITT2,PC_ENT,RO,2.97,NaN,3.99,NaN,7.52,NaN
A,GE10,C,E_ITSP2_ITT2,PC_ENT,RS,11.94,NaN,11.1,NaN,11.67,NaN
A,GE10,C,E_ITSP2_ITT2,PC_ENT,SE,16.36,NaN,16.33,NaN,16.84,b
A,GE10,C,E_ITSP2_ITT2,PC_ENT,SI,12.74,NaN,18.06,NaN,13.41,NaN
A,GE10,C,E_ITSP2_ITT2,PC_ENT,SK,12.3,NaN,11.21,NaN,11.76,NaN
A,GE10,C,E_ITSP2_ITT2,PC_ENT,TR,6.53,NaN,8.64,NaN,8.04,NaN
A,GE10,C,E_ITSP2_ITT2,PC_ENT,UK,16.47,NaN,,NaN,,NaN
A,GE10,C,E_ITSP2_ITT2,PC_ENT_CUSE,AT,,NaN,,NaN,,NaN
A,GE10,C,E_ITSP2_ITT2,PC_ENT_CUSE,BA,,NaN,,NaN,,NaN
A,GE10,C,E_ITSP2_ITT2,PC_ENT_CUSE,BE,,NaN,,NaN,,NaN
A,GE10,C,E_ITSP2_ITT2,PC_ENT_CUSE,BG,,NaN,,NaN,,NaN
A,GE10,C,E_ITSP2_ITT2,PC_ENT_CUSE,CY,,NaN,,NaN,,NaN
A,GE10,C,E_ITSP2_ITT2,PC_ENT_CUSE,CZ,,NaN,,NaN,,NaN
A,GE10,C,E_ITSP2_ITT2,PC_ENT_CUSE,DE,,NaN,,NaN,,NaN
A,GE10,C,E_ITSP2_ITT2,PC_ENT_CUSE,DK,,NaN,,NaN,,NaN
A,GE10,C,E_ITSP2_ITT2,PC_ENT_CUSE,EA,,NaN,,NaN,,NaN
A,GE10,C,E_ITSP2_ITT2,PC_ENT_CUSE,EE,,NaN,,NaN,,NaN
A,GE10,C,E_ITSP2_ITT2,PC_ENT_CUSE,EL,,NaN,,NaN,,NaN
A,GE10,C,E_ITSP2_ITT2,PC_ENT_CUSE,ES,,NaN,,NaN,,NaN
A,GE10,C,E_ITSP2_ITT2,PC_ENT_CUSE,EU15,,NaN,,NaN,,NaN
A,GE10,C,E_ITSP2_ITT2,PC_ENT_CUSE,EU27_2007,,NaN,,NaN,,NaN
A,GE10,C,E_ITSP2_ITT2,PC_ENT_CUSE,EU27_2020,,NaN,,NaN,,NaN
A,GE10,C,E_ITSP2_ITT2,PC_ENT_CUSE,EU28,,NaN,,NaN,,NaN
A,GE10,C,E_ITSP2_ITT2,PC_ENT_CUSE,FI,,NaN,,NaN,,NaN
A,GE10,C,E_ITSP2_ITT2,PC_ENT_CUSE,FR,,NaN,,NaN,,NaN
A,GE10,C,E_ITSP2_ITT2,PC_ENT_CUSE,HR,,NaN,,NaN,,NaN
A,GE10,C,E_ITSP2_ITT2,PC_ENT_CUSE,HU,,NaN,,NaN,,NaN
A,GE10,C,E_ITSP2_ITT2,PC_ENT_CUSE,IE,,NaN,,NaN,,NaN
A,GE10,C,E_ITSP2_ITT2,PC_ENT_CUSE,IT,,NaN,,NaN,,NaN
A,GE10,C,E_ITSP2_ITT2,PC_ENT_CUSE,LT,,NaN,,NaN,,NaN
A,GE10,C,E_ITSP2_ITT2,PC_ENT_CUSE,LU,,NaN,,NaN,,NaN
A,GE10,C,E_ITSP2_ITT2,PC_ENT_CUSE,LV,,NaN,,NaN,,NaN
A,GE10,C,E_ITSP2_ITT2,PC_ENT_CUSE,ME,,NaN,,NaN,,NaN
A,GE10,C,E_ITSP2_ITT2,PC_ENT_CUSE,MK,,NaN,,NaN,,NaN
A,GE10,C,E_ITSP2_ITT2,PC_ENT_CUSE,MT,,NaN,,NaN,,NaN
A,GE10,C,E_ITSP2_ITT2,PC_ENT_CUSE,NL,,NaN,,NaN,,NaN
A,GE10,C,E_ITSP2_ITT2,PC_ENT_CUSE,NO,,NaN,,NaN,,NaN
A,GE10,C,E_ITSP2_ITT2,PC_ENT_CUSE,PL,,NaN,,NaN,,NaN
A,GE10,C,E_ITSP2_ITT2,PC_ENT_CUSE,PT,,NaN,,NaN,,NaN
A,GE10,C,E_ITSP2_ITT2,PC_ENT_CUSE,RO,,NaN,,NaN,,NaN
A,GE10,C,E_ITSP2_ITT2,PC_ENT_CUSE,RS,,NaN,,NaN,,NaN
A,GE10,C,E_ITSP2_ITT2,PC_ENT_CUSE,SE,,NaN,,NaN,,NaN
A,GE10,C,E_ITSP2_ITT2,PC_ENT_CUSE,SI,,NaN,,NaN,,NaN
A,GE10,C,E_ITSP2_ITT2,PC_ENT_CUSE,SK,,NaN,,NaN,,NaN
A,GE10,C,E_ITSP2_ITT2,PC_ENT_CUSE,TR,,NaN,,NaN,,NaN
A,GE10,C,E_ITSP2_ITT2,PC_ENT_CUSE,UK,,NaN,,NaN,,NaN
A,GE10,C,E_ITSPT2,PC_ENT,AL,,NaN,,u,,NaN
A,GE10,C,E_ITSPT2,PC_ENT,AT,14.79,NaN,18.53,NaN,19.16,NaN
A,GE10,C,E_ITSPT2,PC_ENT,BA,7.89,NaN,4.69,NaN,6.98,NaN
A,GE10,C,E_ITSPT2,PC_ENT,BE,,u,21.69,NaN,19.76,NaN
A,GE10,C,E_ITSPT2,PC_ENT,BG,4.08,NaN,3.98,NaN,4.36,NaN
A,GE10,C,E_ITSPT2,PC_ENT,CY,6.55,NaN,7.6,NaN,5.37,NaN
A,GE10,C,E_ITSPT2,PC_ENT,CZ,11.86,NaN,11.6,NaN,11.71,NaN
A,GE10,C,E_ITSPT2,PC_ENT,DE,14.39,NaN,14.78,NaN,15.5,NaN
A,GE10,C,E_ITSPT2,PC_ENT,DK,16.47,NaN,18.05,NaN,16.4,NaN
A,GE10,C,E_ITSPT2,PC_ENT,EA,10.57,NaN,11.34,NaN,10.71,NaN
A,GE10,C,E_ITSPT2,PC_ENT,EE,7.59,NaN,6.72,NaN,7.57,NaN
A,GE10,C,E_ITSPT2,PC_ENT,EL,,u,9.03,NaN,9.27,NaN
A,GE10,C,E_ITSPT2,PC_ENT,ES,9.03,NaN,7.08,NaN,7.42,NaN
A,GE10,C,E_ITSPT2,PC_ENT,EU15,,NaN,,NaN,,NaN
A,GE10,C,E_ITSPT2,PC_ENT,EU27_2007,,NaN,,NaN,,NaN
A,GE10,C,E_ITSPT2,PC_ENT,EU27_2020,9.86,NaN,10.78,NaN,11.16,NaN
A,GE10,C,E_ITSPT2,PC_ENT,EU28,,NaN,,NaN,,NaN
A,GE10,C,E_ITSPT2,PC_ENT,FI,15.56,NaN,17.08,NaN,17.1,NaN
A,GE10,C,E_ITSPT2,PC_ENT,FR,9.03,NaN,9.74,b,8.05,NaN
A,GE10,C,E_ITSPT2,PC_ENT,HR,7.18,NaN,6.61,NaN,6.64,NaN
A,GE10,C,E_ITSPT2,PC_ENT,HU,7.03,NaN,9.2,NaN,8.33,NaN
A,GE10,C,E_ITSPT2,PC_ENT,IE,11.88,NaN,13.82,NaN,13.2,NaN
A,GE10,C,E_ITSPT2,PC_ENT,IS,,NaN,,NaN,,NaN
A,GE10,C,E_ITSPT2,PC_ENT,IT,7.09,NaN,8.76,NaN,7.07,NaN
A,GE10,C,E_ITSPT2,PC_ENT,LT,5.96,NaN,6.09,NaN,7.6,NaN
A,GE10,C,E_ITSPT2,PC_ENT,LU,12.96,NaN,17.88,NaN,16.17,NaN
A,GE10,C,E_ITSPT2,PC_ENT,LV,4.55,NaN,5.12,NaN,6.08,NaN
A,GE10,C,E_ITSPT2,PC_ENT,ME,,u,8.16,NaN,7.95,NaN
A,GE10,C,E_ITSPT2,PC_ENT,MK,,NaN,2.58,NaN,,NaN
A,GE10,C,E_ITSPT2,PC_ENT,MT,10.48,NaN,14.09,NaN,16.59,NaN
A,GE10,C,E_ITSPT2,PC_ENT,NL,15.5,NaN,19.3,NaN,17.49,NaN
A,GE10,C,E_ITSPT2,PC_ENT,NO,16.22,NaN,13.37,NaN,12.65,NaN
A,GE10,C,E_ITSPT2,PC_ENT,PL,7.35,NaN,9.92,NaN,18.47,NaN
A,GE10,C,E_ITSPT2,PC_ENT,PT,8.13,NaN,7.39,NaN,8.16,NaN
A,GE10,C,E_ITSPT2,PC_ENT,RO,2.8,NaN,3.51,NaN,6.06,NaN
A,GE10,C,E_ITSPT2,PC_ENT,RS,8.83,NaN,7.57,NaN,10.02,NaN
A,GE10,C,E_ITSPT2,PC_ENT,SE,11.72,NaN,12.26,NaN,10.2,b
A,GE10,C,E_ITSPT2,PC_ENT,SI,11.41,NaN,15.89,NaN,12.05,NaN
A,GE10,C,E_ITSPT2,PC_ENT,SK,9.35,NaN,8.71,NaN,9.48,NaN
A,GE10,C,E_ITSPT2,PC_ENT,TR,4.99,NaN,6.13,NaN,6.23,NaN
A,GE10,C,E_ITSPT2,PC_ENT,UK,9.39,NaN,,NaN,,NaN
A,GE10,C,E_ITSPT2,PC_ENT_CUSE,AT,,NaN,,NaN,,NaN
A,GE10,C,E_ITSPT2,PC_ENT_CUSE,BA,,NaN,,NaN,,NaN
A,GE10,C,E_ITSPT2,PC_ENT_CUSE,BE,,NaN,,NaN,,NaN
A,GE10,C,E_ITSPT2,PC_ENT_CUSE,BG,,NaN,,NaN,,NaN
A,GE10,C,E_ITSPT2,PC_ENT_CUSE,CY,,NaN,,NaN,,NaN
A,GE10,C,E_ITSPT2,PC_ENT_CUSE,CZ,,NaN,,NaN,,NaN
A,GE10,C,E_ITSPT2,PC_ENT_CUSE,DE,,NaN,,NaN,,NaN
A,GE10,C,E_ITSPT2,PC_ENT_CUSE,DK,,NaN,,NaN,,NaN
A,GE10,C,E_ITSPT2,PC_ENT_CUSE,EA,,NaN,,NaN,,NaN
A,GE10,C,E_ITSPT2,PC_ENT_CUSE,EE,,NaN,,NaN,,NaN
A,GE10,C,E_ITSPT2,PC_ENT_CUSE,EL,,NaN,,NaN,,NaN
A,GE10,C,E_ITSPT2,PC_ENT_CUSE,ES,,NaN,,NaN,,NaN
A,GE10,C,E_ITSPT2,PC_ENT_CUSE,EU15,,NaN,,NaN,,NaN
A,GE10,C,E_ITSPT2,PC_ENT_CUSE,EU27_2007,,NaN,,NaN,,NaN
A,GE10,C,E_ITSPT2,PC_ENT_CUSE,EU27_2020,,NaN,,NaN,,NaN
A,GE10,C,E_ITSPT2,PC_ENT_CUSE,EU28,,NaN,,NaN,,NaN
A,GE10,C,E_ITSPT2,PC_ENT_CUSE,FI,,NaN,,NaN,,NaN
A,GE10,C,E_ITSPT2,PC_ENT_CUSE,FR,,NaN,,NaN,,NaN
A,GE10,C,E_ITSPT2,PC_ENT_CUSE,HR,,NaN,,NaN,,NaN
A,GE10,C,E_ITSPT2,PC_ENT_CUSE,HU,,NaN,,NaN,,NaN
A,GE10,C,E_ITSPT2,PC_ENT_CUSE,IE,,NaN,,NaN,,NaN
A,GE10,C,E_ITSPT2,PC_ENT_CUSE,IS,,NaN,,NaN,,NaN
A,GE10,C,E_ITSPT2,PC_ENT_CUSE,IT,,NaN,,NaN,,NaN
A,GE10,C,E_ITSPT2,PC_ENT_CUSE,LT,,NaN,,NaN,,NaN
A,GE10,C,E_ITSPT2,PC_ENT_CUSE,LU,,NaN,,NaN,,NaN
A,GE10,C,E_ITSPT2,PC_ENT_CUSE,LV,,NaN,,NaN,,NaN
A,GE10,C,E_ITSPT2,PC_ENT_CUSE,ME,,NaN,,NaN,,NaN
A,GE10,C,E_ITSPT2,PC_ENT_CUSE,MK,,NaN,,NaN,,NaN
A,GE10,C,E_ITSPT2,PC_ENT_CUSE,MT,,NaN,,NaN,,NaN
A,GE10,C,E_ITSPT2,PC_ENT_CUSE,NL,,NaN,,NaN,,NaN
A,GE10,C,E_ITSPT2,PC_ENT_CUSE,NO,,NaN,,NaN,,NaN
A,GE10,C,E_ITSPT2,PC_ENT_CUSE,PL,,NaN,,NaN,,NaN
A,GE10,C,E_ITSPT2,PC_ENT_CUSE,PT,,NaN,,NaN,,NaN
A,GE10,C,E_ITSPT2,PC_ENT_CUSE,RO,,NaN,,NaN,,NaN
A,GE10,C,E_ITSPT2,PC_ENT_CUSE,RS,,NaN,,NaN,,NaN
A,GE10,C,E_ITSPT2,PC_ENT_CUSE,SE,,NaN,,NaN,,NaN
A,GE10,C,E_ITSPT2,PC_ENT_CUSE,SI,,NaN,,NaN,,NaN
A,GE10,C,E_ITSPT2,PC_ENT_CUSE,SK,,NaN,,NaN,,NaN
A,GE10,C,E_ITSPT2,PC_ENT_CUSE,TR,,NaN,,NaN,,NaN
A,GE10,C,E_ITSPT2,PC_ENT_CUSE,UK,,NaN,,NaN,,NaN
A,GE10,C,E_ITT2,PC_ENT,AL,,NaN,,u,,NaN
A,GE10,C,E_ITT2,PC_ENT,AT,20.37,NaN,25.6,NaN,26.06,NaN
A,GE10,C,E_ITT2,PC_ENT,BA,13.01,NaN,12.85,NaN,14.19,NaN
A,GE10,C,E_ITT2,PC_ENT,BE,,u,33.89,NaN,40.12,NaN
A,GE10,C,E_ITT2,PC_ENT,BG,5.38,NaN,6.47,NaN,5.82,NaN
A,GE10,C,E_ITT2,PC_ENT,CY,19.69,NaN,20.51,NaN,17.41,NaN
A,GE10,C,E_ITT2,PC_ENT,CZ,27.6,NaN,23.76,NaN,28.35,NaN
A,GE10,C,E_ITT2,PC_ENT,DE,26.58,NaN,27.82,NaN,28.73,NaN
A,GE10,C,E_ITT2,PC_ENT,DK,28.78,NaN,30.45,NaN,34.28,NaN
A,GE10,C,E_ITT2,PC_ENT,EA,20.43,NaN,21.97,NaN,22.47,NaN
A,GE10,C,E_ITT2,PC_ENT,EE,14.63,NaN,13.27,NaN,15.78,NaN
A,GE10,C,E_ITT2,PC_ENT,EL,,u,14.46,NaN,13.7,NaN
A,GE10,C,E_ITT2,PC_ENT,ES,18.04,NaN,16.99,NaN,19.15,NaN
A,GE10,C,E_ITT2,PC_ENT,EU15,,NaN,,NaN,,NaN
A,GE10,C,E_ITT2,PC_ENT,EU27_2007,,NaN,,NaN,,NaN
A,GE10,C,E_ITT2,PC_ENT,EU27_2020,19.7,NaN,21.51,NaN,22.78,NaN
A,GE10,C,E_ITT2,PC_ENT,EU28,,NaN,,NaN,,NaN
A,GE10,C,E_ITT2,PC_ENT,FI,38.88,NaN,40.57,NaN,35.48,NaN
A,GE10,C,E_ITT2,PC_ENT,FR,15.91,NaN,16.57,b,14.6,NaN
A,GE10,C,E_ITT2,PC_ENT,HR,19.05,NaN,18.26,NaN,16.92,NaN
A,GE10,C,E_ITT2,PC_ENT,HU,17.25,NaN,17.55,NaN,17.44,NaN
A,GE10,C,E_ITT2,PC_ENT,IE,31.8,NaN,28.4,NaN,29.0,NaN
A,GE10,C,E_ITT2,PC_ENT,IS,,NaN,,NaN,,NaN
A,GE10,C,E_ITT2,PC_ENT,IT,15.53,NaN,18.97,NaN,20.01,NaN
A,GE10,C,E_ITT2,PC_ENT,LT,12.73,NaN,11.2,NaN,13.77,NaN
A,GE10,C,E_ITT2,PC_ENT,LU,18.81,NaN,29.85,NaN,28.34,NaN
A,GE10,C,E_ITT2,PC_ENT,LV,12.59,NaN,11.71,NaN,9.71,NaN
A,GE10,C,E_ITT2,PC_ENT,ME,,u,24.09,NaN,23.02,NaN
A,GE10,C,E_ITT2,PC_ENT,MK,,NaN,6.58,NaN,,NaN
A,GE10,C,E_ITT2,PC_ENT,MT,19.62,NaN,21.64,NaN,28.55,NaN
A,GE10,C,E_ITT2,PC_ENT,NL,25.35,NaN,28.63,NaN,27.81,NaN
A,GE10,C,E_ITT2,PC_ENT,NO,33.46,NaN,36.6,NaN,31.32,NaN
A,GE10,C,E_ITT2,PC_ENT,PL,16.14,NaN,22.75,NaN,29.21,NaN
A,GE10,C,E_ITT2,PC_ENT,PT,19.69,NaN,18.31,NaN,23.4,NaN
A,GE10,C,E_ITT2,PC_ENT,RO,4.58,NaN,6.54,NaN,10.76,NaN
A,GE10,C,E_ITT2,PC_ENT,RS,15.86,NaN,22.23,NaN,18.15,NaN
A,GE10,C,E_ITT2,PC_ENT,SE,39.09,NaN,38.58,NaN,36.1,b
A,GE10,C,E_ITT2,PC_ENT,SI,24.81,NaN,32.33,NaN,25.62,NaN
A,GE10,C,E_ITT2,PC_ENT,SK,17.83,NaN,17.82,NaN,16.79,NaN
A,GE10,C,E_ITT2,PC_ENT,TR,10.56,NaN,14.67,NaN,13.88,NaN
A,GE10,C,E_ITT2,PC_ENT,UK,23.05,NaN,,NaN,,NaN
A,GE10,C,E_ITT2,PC_ENT_CUSE,AT,,NaN,,NaN,,NaN
A,GE10,C,E_ITT2,PC_ENT_CUSE,BA,,NaN,,NaN,,NaN
A,GE10,C,E_ITT2,PC_ENT_CUSE,BE,,NaN,,NaN,,NaN
A,GE10,C,E_ITT2,PC_ENT_CUSE,BG,,NaN,,NaN,,NaN
A,GE10,C,E_ITT2,PC_ENT_CUSE,CY,,NaN,,NaN,,NaN
A,GE10,C,E_ITT2,PC_ENT_CUSE,CZ,,NaN,,NaN,,NaN
A,GE10,C,E_ITT2,PC_ENT_CUSE,DE,,NaN,,NaN,,NaN
A,GE10,C,E_ITT2,PC_ENT_CUSE,DK,,NaN,,NaN,,NaN
A,GE10,C,E_ITT2,PC_ENT_CUSE,EA,,NaN,,NaN,,NaN
A,GE10,C,E_ITT2,PC_ENT_CUSE,EE,,NaN,,NaN,,NaN
A,GE10,C,E_ITT2,PC_ENT_CUSE,EL,,NaN,,NaN,,NaN
A,GE10,C,E_ITT2,PC_ENT_CUSE,ES,,NaN,,NaN,,NaN
A,GE10,C,E_ITT2,PC_ENT_CUSE,EU15,,NaN,,NaN,,NaN
A,GE10,C,E_ITT2,PC_ENT_CUSE,EU27_2007,,NaN,,NaN,,NaN
A,GE10,C,E_ITT2,PC_ENT_CUSE,EU27_2020,,NaN,,NaN,,NaN
A,GE10,C,E_ITT2,PC_ENT_CUSE,EU28,,NaN,,NaN,,NaN
A,GE10,C,E_ITT2,PC_ENT_CUSE,FI,,NaN,,NaN,,NaN
A,GE10,C,E_ITT2,PC_ENT_CUSE,FR,,NaN,,NaN,,NaN
A,GE10,C,E_ITT2,PC_ENT_CUSE,HR,,NaN,,NaN,,NaN
A,GE10,C,E_ITT2,PC_ENT_CUSE,HU,,NaN,,NaN,,NaN
A,GE10,C,E_ITT2,PC_ENT_CUSE,IE,,NaN,,NaN,,NaN
A,GE10,C,E_ITT2,PC_ENT_CUSE,IS,,NaN,,NaN,,NaN
A,GE10,C,E_ITT2,PC_ENT_CUSE,IT,,NaN,,NaN,,NaN
A,GE10,C,E_ITT2,PC_ENT_CUSE,LT,,NaN,,NaN,,NaN
A,GE10,C,E_ITT2,PC_ENT_CUSE,LU,,NaN,,NaN,,NaN
A,GE10,C,E_ITT2,PC_ENT_CUSE,LV,,NaN,,NaN,,NaN
A,GE10,C,E_ITT2,PC_ENT_CUSE,ME,,NaN,,NaN,,NaN
A,GE10,C,E_ITT2,PC_ENT_CUSE,MK,,NaN,,NaN,,NaN
A,GE10,C,E_ITT2,PC_ENT_CUSE,MT,,NaN,,NaN,,NaN
A,GE10,C,E_ITT2,PC_ENT_CUSE,NL,,NaN,,NaN,,NaN
A,GE10,C,E_ITT2,PC_ENT_CUSE,NO,,NaN,,NaN,,NaN
A,GE10,C,E_ITT2,PC_ENT_CUSE,PL,,NaN,,NaN,,NaN
A,GE10,C,E_ITT2,PC_ENT_CUSE,PT,,NaN,,NaN,,NaN
A,GE10,C,E_ITT2,PC_ENT_CUSE,RO,,NaN,,NaN,,NaN
A,GE10,C,E_ITT2,PC_ENT_CUSE,RS,,NaN,,NaN,,NaN
A,GE10,C,E_ITT2,PC_ENT_CUSE,SE,,NaN,,NaN,,NaN
A,GE10,C,E_ITT2,PC_ENT_CUSE,SI,,NaN,,NaN,,NaN
A,GE10,C,E_ITT2,PC_ENT_CUSE,SK,,NaN,,NaN,,NaN
A,GE10,C,E_ITT2,PC_ENT_CUSE,TR,,NaN,,NaN,,NaN
A,GE10,C,E_ITT2,PC_ENT_CUSE,UK,,NaN,,NaN,,NaN
A,GE10,C,E_ITUST2,PC_ENT,AL,,NaN,,u,,NaN
A,GE10,C,E_ITUST2,PC_ENT,AT,17.24,NaN,18.93,NaN,18.76,NaN
A,GE10,C,E_ITUST2,PC_ENT,BA,10.19,NaN,10.81,NaN,11.58,NaN
A,GE10,C,E_ITUST2,PC_ENT,BE,,u,30.4,NaN,37.88,NaN
A,GE10,C,E_ITUST2,PC_ENT,BG,3.24,NaN,4.95,NaN,3.7,NaN
A,GE10,C,E_ITUST2,PC_ENT,CY,18.22,NaN,17.7,NaN,15.99,NaN
A,GE10,C,E_ITUST2,PC_ENT,CZ,27.6,NaN,21.3,NaN,25.97,NaN
A,GE10,C,E_ITUST2,PC_ENT,DE,23.31,NaN,25.36,NaN,25.7,NaN
A,GE10,C,E_ITUST2,PC_ENT,DK,24.15,NaN,26.72,NaN,30.78,NaN
A,GE10,C,E_ITUST2,PC_ENT,EA,17.2,NaN,19.06,NaN,19.88,NaN
A,GE10,C,E_ITUST2,PC_ENT,EE,12.33,NaN,12.04,NaN,14.14,NaN
A,GE10,C,E_ITUST2,PC_ENT,EL,,u,10.86,NaN,9.19,NaN
A,GE10,C,E_ITUST2,PC_ENT,ES,14.88,NaN,14.82,NaN,17.56,NaN
A,GE10,C,E_ITUST2,PC_ENT,EU15,,NaN,,NaN,,NaN
A,GE10,C,E_ITUST2,PC_ENT,EU27_2007,,NaN,,NaN,,NaN
A,GE10,C,E_ITUST2,PC_ENT,EU27_2020,16.89,NaN,18.85,NaN,19.87,NaN
A,GE10,C,E_ITUST2,PC_ENT,EU28,,NaN,,NaN,,NaN
A,GE10,C,E_ITUST2,PC_ENT,FI,37.07,NaN,38.31,NaN,31.27,NaN
A,GE10,C,E_ITUST2,PC_ENT,FR,12.6,NaN,13.36,b,12.53,NaN
A,GE10,C,E_ITUST2,PC_ENT,HR,17.76,NaN,16.94,NaN,15.03,NaN
A,GE10,C,E_ITUST2,PC_ENT,HU,14.96,NaN,14.38,NaN,15.05,NaN
A,GE10,C,E_ITUST2,PC_ENT,IE,30.21,NaN,22.91,NaN,26.59,NaN
A,GE10,C,E_ITUST2,PC_ENT,IS,,NaN,,NaN,,NaN
A,GE10,C,E_ITUST2,PC_ENT,IT,12.01,NaN,15.79,NaN,17.87,NaN
A,GE10,C,E_ITUST2,PC_ENT,LT,10.72,NaN,9.89,NaN,11.73,NaN
A,GE10,C,E_ITUST2,PC_ENT,LU,16.41,NaN,25.0,NaN,25.69,NaN
A,GE10,C,E_ITUST2,PC_ENT,LV,11.21,NaN,10.08,NaN,7.84,NaN
A,GE10,C,E_ITUST2,PC_ENT,ME,,u,15.94,NaN,16.28,NaN
A,GE10,C,E_ITUST2,PC_ENT,MK,,NaN,5.88,NaN,,NaN
A,GE10,C,E_ITUST2,PC_ENT,MT,16.37,NaN,16.45,NaN,25.66,NaN
A,GE10,C,E_ITUST2,PC_ENT,NL,21.1,NaN,24.01,NaN,23.37,NaN
A,GE10,C,E_ITUST2,PC_ENT,NO,30.33,NaN,34.61,NaN,29.54,NaN
A,GE10,C,E_ITUST2,PC_ENT,PL,14.5,NaN,20.9,NaN,22.42,NaN
A,GE10,C,E_ITUST2,PC_ENT,PT,17.36,NaN,16.27,NaN,21.54,NaN
A,GE10,C,E_ITUST2,PC_ENT,RO,3.64,NaN,5.77,NaN,9.02,NaN
A,GE10,C,E_ITUST2,PC_ENT,RS,13.77,NaN,18.74,NaN,14.49,NaN
A,GE10,C,E_ITUST2,PC_ENT,SE,37.32,NaN,37.42,NaN,34.76,b
A,GE10,C,E_ITUST2,PC_ENT,SI,21.57,NaN,29.1,NaN,22.16,NaN
A,GE10,C,E_ITUST2,PC_ENT,SK,15.72,NaN,15.76,NaN,14.57,NaN
A,GE10,C,E_ITUST2,PC_ENT,TR,8.53,NaN,13.65,NaN,13.01,NaN
A,GE10,C,E_ITUST2,PC_ENT,UK,19.67,NaN,,NaN,,NaN
A,GE10,C,E_ITUST2,PC_ENT_CUSE,AT,,NaN,,NaN,,NaN
A,GE10,C,E_ITUST2,PC_ENT_CUSE,BA,,NaN,,NaN,,NaN
A,GE10,C,E_ITUST2,PC_ENT_CUSE,BE,,NaN,,NaN,,NaN
A,GE10,C,E_ITUST2,PC_ENT_CUSE,BG,,NaN,,NaN,,NaN
A,GE10,C,E_ITUST2,PC_ENT_CUSE,CY,,NaN,,NaN,,NaN
A,GE10,C,E_ITUST2,PC_ENT_CUSE,CZ,,NaN,,NaN,,NaN
A,GE10,C,E_ITUST2,PC_ENT_CUSE,DE,,NaN,,NaN,,NaN
A,GE10,C,E_ITUST2,PC_ENT_CUSE,DK,,NaN,,NaN,,NaN
A,GE10,C,E_ITUST2,PC_ENT_CUSE,EA,,NaN,,NaN,,NaN
A,GE10,C,E_ITUST2,PC_ENT_CUSE,EE,,NaN,,NaN,,NaN
A,GE10,C,E_ITUST2,PC_ENT_CUSE,EL,,NaN,,NaN,,NaN
A,GE10,C,E_ITUST2,PC_ENT_CUSE,ES,,NaN,,NaN,,NaN
A,GE10,C,E_ITUST2,PC_ENT_CUSE,EU15,,NaN,,NaN,,NaN
A,GE10,C,E_ITUST2,PC_ENT_CUSE,EU27_2007,,NaN,,NaN,,NaN
A,GE10,C,E_ITUST2,PC_ENT_CUSE,EU27_2020,,NaN,,NaN,,NaN
A,GE10,C,E_ITUST2,PC_ENT_CUSE,EU28,,NaN,,NaN,,NaN
A,GE10,C,E_ITUST2,PC_ENT_CUSE,FI,,NaN,,NaN,,NaN
A,GE10,C,E_ITUST2,PC_ENT_CUSE,FR,,NaN,,NaN,,NaN
A,GE10,C,E_ITUST2,PC_ENT_CUSE,HR,,NaN,,NaN,,NaN
A,GE10,C,E_ITUST2,PC_ENT_CUSE,HU,,NaN,,NaN,,NaN
A,GE10,C,E_ITUST2,PC_ENT_CUSE,IE,,NaN,,NaN,,NaN
A,GE10,C,E_ITUST2,PC_ENT_CUSE,IS,,NaN,,NaN,,NaN
A,GE10,C,E_ITUST2,PC_ENT_CUSE,IT,,NaN,,NaN,,NaN
A,GE10,C,E_ITUST2,PC_ENT_CUSE,LT,,NaN,,NaN,,NaN
A,GE10,C,E_ITUST2,PC_ENT_CUSE,LU,,NaN,,NaN,,NaN
A,GE10,C,E_ITUST2,PC_ENT_CUSE,LV,,NaN,,NaN,,NaN
A,GE10,C,E_ITUST2,PC_ENT_CUSE,ME,,NaN,,NaN,,NaN
A,GE10,C,E_ITUST2,PC_ENT_CUSE,MK,,NaN,,NaN,,NaN
A,GE10,C,E_ITUST2,PC_ENT_CUSE,MT,,NaN,,NaN,,NaN
A,GE10,C,E_ITUST2,PC_ENT_CUSE,NL,,NaN,,NaN,,NaN
A,GE10,C,E_ITUST2,PC_ENT_CUSE,NO,,NaN,,NaN,,NaN
A,GE10,C,E_ITUST2,PC_ENT_CUSE,PL,,NaN,,NaN,,NaN
A,GE10,C,E_ITUST2,PC_ENT_CUSE,PT,,NaN,,NaN,,NaN
A,GE10,C,E_ITUST2,PC_ENT_CUSE,RO,,NaN,,NaN,,NaN
A,GE10,C,E_ITUST2,PC_ENT_CUSE,RS,,NaN,,NaN,,NaN
A,GE10,C,E_ITUST2,PC_ENT_CUSE,SE,,NaN,,NaN,,NaN
A,GE10,C,E_ITUST2,PC_ENT_CUSE,SI,,NaN,,NaN,,NaN
A,GE10,C,E_ITUST2,PC_ENT_CUSE,SK,,NaN,,NaN,,NaN
A,GE10,C,E_ITUST2,PC_ENT_CUSE,TR,,NaN,,NaN,,NaN
A,GE10,C,E_ITUST2,PC_ENT_CUSE,UK,,NaN,,NaN,,NaN
A,GE10,C-E,E_ITSP2X_ITT2,PC_ENT,AT,4.07,NaN,5.62,NaN,5.21,NaN
A,GE10,C-E,E_ITSP2X_ITT2,PC_ENT,BA,3.04,NaN,,NaN,5.05,NaN
A,GE10,C-E,E_ITSP2X_ITT2,PC_ENT,BE,,u,,u,,u
A,GE10,C-E,E_ITSP2X_ITT2,PC_ENT,BG,,u,1.86,NaN,0.66,NaN
A,GE10,C-E,E_ITSP2X_ITT2,PC_ENT,CY,11.34,NaN,9.29,NaN,9.56,NaN
A,GE10,C-E,E_ITSP2X_ITT2,PC_ENT,CZ,13.3,NaN,10.04,NaN,13.9,NaN
A,GE10,C-E,E_ITSP2X_ITT2,PC_ENT,DE,10.15,NaN,11.25,NaN,11.17,NaN
A,GE10,C-E,E_ITSP2X_ITT2,PC_ENT,DK,9.43,NaN,9.47,NaN,14.58,NaN
A,GE10,C-E,E_ITSP2X_ITT2,PC_ENT,EA,7.88,NaN,9.07,NaN,9.94,NaN
A,GE10,C-E,E_ITSP2X_ITT2,PC_ENT,EE,5.74,NaN,6.18,NaN,7.24,NaN
A,GE10,C-E,E_ITSP2X_ITT2,PC_ENT,EL,,u,4.35,NaN,4.3,NaN
A,GE10,C-E,E_ITSP2X_ITT2,PC_ENT,ES,7.26,NaN,8.38,NaN,10.41,NaN
A,GE10,C-E,E_ITSP2X_ITT2,PC_ENT,EU15,,NaN,,NaN,,NaN
A,GE10,C-E,E_ITSP2X_ITT2,PC_ENT,EU27_2007,,NaN,,NaN,,NaN
A,GE10,C-E,E_ITSP2X_ITT2,PC_ENT,EU27_2020,7.69,NaN,8.73,NaN,9.74,NaN
A,GE10,C-E,E_ITSP2X_ITT2,PC_ENT,EU28,,NaN,,NaN,,NaN
A,GE10,C-E,E_ITSP2X_ITT2,PC_ENT,FI,18.41,NaN,18.3,NaN,12.93,NaN
A,GE10,C-E,E_ITSP2X_ITT2,PC_ENT,FR,5.09,NaN,4.37,b,5.04,NaN
A,GE10,C-E,E_ITSP2X_ITT2,PC_ENT,HR,9.53,NaN,9.19,NaN,9.23,NaN
A,GE10,C-E,E_ITSP2X_ITT2,PC_ENT,HU,5.82,NaN,3.92,NaN,5.02,NaN
A,GE10,C-E,E_ITSP2X_ITT2,PC_ENT,IE,13.18,NaN,9.18,NaN,6.92,NaN
A,GE10,C-E,E_ITSP2X_ITT2,PC_ENT,IT,7.53,NaN,9.76,NaN,11.43,NaN
A,GE10,C-E,E_ITSP2X_ITT2,PC_ENT,LT,5.16,NaN,3.72,NaN,5.48,NaN
A,GE10,C-E,E_ITSP2X_ITT2,PC_ENT,LU,3.23,NaN,9.32,NaN,9.25,NaN
A,GE10,C-E,E_ITSP2X_ITT2,PC_ENT,LV,4.83,NaN,4.45,NaN,2.91,NaN
A,GE10,C-E,E_ITSP2X_ITT2,PC_ENT,ME,6.03,NaN,13.18,NaN,10.01,NaN
A,GE10,C-E,E_ITSP2X_ITT2,PC_ENT,MK,,u,,u,,NaN
A,GE10,C-E,E_ITSP2X_ITT2,PC_ENT,MT,,u,,u,,u
A,GE10,C-E,E_ITSP2X_ITT2,PC_ENT,NL,1.84,NaN,7.78,NaN,7.91,NaN
A,GE10,C-E,E_ITSP2X_ITT2,PC_ENT,NO,19.58,NaN,20.71,NaN,16.94,NaN
A,GE10,C-E,E_ITSP2X_ITT2,PC_ENT,PL,5.21,NaN,7.63,NaN,9.83,NaN
A,GE10,C-E,E_ITSP2X_ITT2,PC_ENT,PT,8.81,NaN,8.73,NaN,13.08,NaN
A,GE10,C-E,E_ITSP2X_ITT2,PC_ENT,RO,1.4,NaN,2.37,NaN,3.3,NaN
A,GE10,C-E,E_ITSP2X_ITT2,PC_ENT,RS,4.96,NaN,10.59,NaN,6.38,NaN
A,GE10,C-E,E_ITSP2X_ITT2,PC_ENT,SE,22.76,NaN,22.03,NaN,18.91,b
A,GE10,C-E,E_ITSP2X_ITT2,PC_ENT,SI,12.54,NaN,14.24,NaN,12.78,NaN
A,GE10,C-E,E_ITSP2X_ITT2,PC_ENT,SK,5.67,NaN,6.99,NaN,5.57,NaN
A,GE10,C-E,E_ITSP2X_ITT2,PC_ENT,TR,4.0,NaN,6.07,NaN,5.76,NaN
A,GE10,C-E,E_ITSP2X_ITT2,PC_ENT,UK,6.6,NaN,,NaN,,NaN
A,GE10,C-E,E_ITSP2X_ITT2,PC_ENT_CUSE,AT,,NaN,,NaN,,NaN
A,GE10,C-E,E_ITSP2X_ITT2,PC_ENT_CUSE,BA,,NaN,,NaN,,NaN
A,GE10,C-E,E_ITSP2X_ITT2,PC_ENT_CUSE,BE,,NaN,,NaN,,NaN
A,GE10,C-E,E_ITSP2X_ITT2,PC_ENT_CUSE,BG,,NaN,,NaN,,NaN
A,GE10,C-E,E_ITSP2X_ITT2,PC_ENT_CUSE,CY,,NaN,,NaN,,NaN
A,GE10,C-E,E_ITSP2X_ITT2,PC_ENT_CUSE,CZ,,NaN,,NaN,,NaN
A,GE10,C-E,E_ITSP2X_ITT2,PC_ENT_CUSE,DE,,NaN,,NaN,,NaN
A,GE10,C-E,E_ITSP2X_ITT2,PC_ENT_CUSE,DK,,NaN,,NaN,,NaN
A,GE10,C-E,E_ITSP2X_ITT2,PC_ENT_CUSE,EA,,NaN,,NaN,,NaN
A,GE10,C-E,E_ITSP2X_ITT2,PC_ENT_CUSE,EE,,NaN,,NaN,,NaN
A,GE10,C-E,E_ITSP2X_ITT2,PC_ENT_CUSE,EL,,NaN,,NaN,,NaN
A,GE10,C-E,E_ITSP2X_ITT2,PC_ENT_CUSE,ES,,NaN,,NaN,,NaN
A,GE10,C-E,E_ITSP2X_ITT2,PC_ENT_CUSE,EU15,,NaN,,NaN,,NaN
A,GE10,C-E,E_ITSP2X_ITT2,PC_ENT_CUSE,EU27_2007,,NaN,,NaN,,NaN
A,GE10,C-E,E_ITSP2X_ITT2,PC_ENT_CUSE,EU27_2020,,NaN,,NaN,,NaN
A,GE10,C-E,E_ITSP2X_ITT2,PC_ENT_CUSE,EU28,,NaN,,NaN,,NaN
A,GE10,C-E,E_ITSP2X_ITT2,PC_ENT_CUSE,FI,,NaN,,NaN,,NaN
A,GE10,C-E,E_ITSP2X_ITT2,PC_ENT_CUSE,FR,,NaN,,NaN,,NaN
A,GE10,C-E,E_ITSP2X_ITT2,PC_ENT_CUSE,HR,,NaN,,NaN,,NaN
A,GE10,C-E,E_ITSP2X_ITT2,PC_ENT_CUSE,HU,,NaN,,NaN,,NaN
A,GE10,C-E,E_ITSP2X_ITT2,PC_ENT_CUSE,IE,,NaN,,NaN,,NaN
A,GE10,C-E,E_ITSP2X_ITT2,PC_ENT_CUSE,IT,,NaN,,NaN,,NaN
A,GE10,C-E,E_ITSP2X_ITT2,PC_ENT_CUSE,LT,,NaN,,NaN,,NaN
A,GE10,C-E,E_ITSP2X_ITT2,PC_ENT_CUSE,LU,,NaN,,NaN,,NaN
A,GE10,C-E,E_ITSP2X_ITT2,PC_ENT_CUSE,LV,,NaN,,NaN,,NaN
A,GE10,C-E,E_ITSP2X_ITT2,PC_ENT_CUSE,ME,,NaN,,NaN,,NaN
A,GE10,C-E,E_ITSP2X_ITT2,PC_ENT_CUSE,MK,,NaN,,NaN,,NaN
A,GE10,C-E,E_ITSP2X_ITT2,PC_ENT_CUSE,MT,,NaN,,NaN,,NaN
A,GE10,C-E,E_ITSP2X_ITT2,PC_ENT_CUSE,NL,,NaN,,NaN,,NaN
A,GE10,C-E,E_ITSP2X_ITT2,PC_ENT_CUSE,NO,,NaN,,NaN,,NaN
A,GE10,C-E,E_ITSP2X_ITT2,PC_ENT_CUSE,PL,,NaN,,NaN,,NaN
A,GE10,C-E,E_ITSP2X_ITT2,PC_ENT_CUSE,PT,,NaN,,NaN,,NaN
A,GE10,C-E,E_ITSP2X_ITT2,PC_ENT_CUSE,RO,,NaN,,NaN,,NaN
A,GE10,C-E,E_ITSP2X_ITT2,PC_ENT_CUSE,RS,,NaN,,NaN,,NaN
A,GE10,C-E,E_ITSP2X_ITT2,PC_ENT_CUSE,SE,,NaN,,NaN,,NaN
A,GE10,C-E,E_ITSP2X_ITT2,PC_ENT_CUSE,SI,,NaN,,NaN,,NaN
A,GE10,C-E,E_ITSP2X_ITT2,PC_ENT_CUSE,SK,,NaN,,NaN,,NaN
A,GE10,C-E,E_ITSP2X_ITT2,PC_ENT_CUSE,TR,,NaN,,NaN,,NaN
A,GE10,C-E,E_ITSP2X_ITT2,PC_ENT_CUSE,UK,,NaN,,NaN,,NaN
A,GE10,C-E,E_ITSP2_ITT2,PC_ENT,AL,,NaN,,u,,NaN
A,GE10,C-E,E_ITSP2_ITT2,PC_ENT,AT,16.11,NaN,19.36,NaN,20.92,NaN
A,GE10,C-E,E_ITSP2_ITT2,PC_ENT,BA,10.06,NaN,5.98,NaN,9.06,NaN
A,GE10,C-E,E_ITSP2_ITT2,PC_ENT,BE,,u,,u,,u
A,GE10,C-E,E_ITSP2_ITT2,PC_ENT,BG,4.55,NaN,5.06,NaN,5.34,NaN
A,GE10,C-E,E_ITSP2_ITT2,PC_ENT,CY,8.94,NaN,12.95,NaN,8.48,NaN
A,GE10,C-E,E_ITSP2_ITT2,PC_ENT,CZ,14.69,NaN,13.9,NaN,14.7,NaN
A,GE10,C-E,E_ITSP2_ITT2,PC_ENT,DE,17.25,NaN,17.64,NaN,18.65,NaN
A,GE10,C-E,E_ITSP2_ITT2,PC_ENT,DK,19.98,NaN,22.59,NaN,20.87,NaN
A,GE10,C-E,E_ITSP2_ITT2,PC_ENT,EA,12.62,NaN,13.34,NaN,13.09,NaN
A,GE10,C-E,E_ITSP2_ITT2,PC_ENT,EE,9.68,NaN,8.12,NaN,9.74,NaN
A,GE10,C-E,E_ITSP2_ITT2,PC_ENT,EL,,u,10.2,NaN,9.47,NaN
A,GE10,C-E,E_ITSP2_ITT2,PC_ENT,ES,11.24,NaN,9.05,NaN,9.31,NaN
A,GE10,C-E,E_ITSP2_ITT2,PC_ENT,EU15,,NaN,,NaN,,NaN
A,GE10,C-E,E_ITSP2_ITT2,PC_ENT,EU27_2007,,NaN,,NaN,,NaN
A,GE10,C-E,E_ITSP2_ITT2,PC_ENT,EU27_2020,12.2,NaN,13.3,NaN,13.67,NaN
A,GE10,C-E,E_ITSP2_ITT2,PC_ENT,EU28,,NaN,,NaN,,NaN
A,GE10,C-E,E_ITSP2_ITT2,PC_ENT,FI,23.16,NaN,24.04,NaN,24.34,NaN
A,GE10,C-E,E_ITSP2_ITT2,PC_ENT,FR,11.4,NaN,12.28,b,9.81,NaN
A,GE10,C-E,E_ITSP2_ITT2,PC_ENT,HR,9.97,NaN,9.95,NaN,8.35,NaN
A,GE10,C-E,E_ITSP2_ITT2,PC_ENT,HU,11.92,NaN,14.09,NaN,12.71,NaN
A,GE10,C-E,E_ITSP2_ITT2,PC_ENT,IE,18.53,NaN,19.25,NaN,21.78,NaN
A,GE10,C-E,E_ITSP2_ITT2,PC_ENT,IT,7.13,NaN,8.75,NaN,8.55,NaN
A,GE10,C-E,E_ITSP2_ITT2,PC_ENT,LT,8.17,NaN,8.17,NaN,8.98,NaN
A,GE10,C-E,E_ITSP2_ITT2,PC_ENT,LU,17.61,NaN,22.04,NaN,21.14,NaN
A,GE10,C-E,E_ITSP2_ITT2,PC_ENT,LV,8.42,NaN,8.2,NaN,8.07,NaN
A,GE10,C-E,E_ITSP2_ITT2,PC_ENT,ME,,u,9.58,NaN,12.92,NaN
A,GE10,C-E,E_ITSP2_ITT2,PC_ENT,MK,,NaN,4.98,NaN,,NaN
A,GE10,C-E,E_ITSP2_ITT2,PC_ENT,MT,,u,,u,,u
A,GE10,C-E,E_ITSP2_ITT2,PC_ENT,NL,17.79,NaN,21.38,NaN,20.1,NaN
A,GE10,C-E,E_ITSP2_ITT2,PC_ENT,NO,16.3,NaN,18.3,NaN,17.09,NaN
A,GE10,C-E,E_ITSP2_ITT2,PC_ENT,PL,11.7,NaN,16.13,NaN,20.73,NaN
A,GE10,C-E,E_ITSP2_ITT2,PC_ENT,PT,11.24,NaN,10.38,NaN,10.84,NaN
A,GE10,C-E,E_ITSP2_ITT2,PC_ENT,RO,3.0,NaN,4.33,NaN,7.67,NaN
A,GE10,C-E,E_ITSP2_ITT2,PC_ENT,RS,11.52,NaN,10.66,NaN,11.91,NaN
A,GE10,C-E,E_ITSP2_ITT2,PC_ENT,SE,17.96,NaN,17.85,NaN,18.7,b
A,GE10,C-E,E_ITSP2_ITT2,PC_ENT,SI,13.95,NaN,18.78,NaN,14.51,NaN
A,GE10,C-E,E_ITSP2_ITT2,PC_ENT,SK,12.35,NaN,11.5,NaN,11.85,NaN
A,GE10,C-E,E_ITSP2_ITT2,PC_ENT,TR,6.88,NaN,9.12,NaN,8.49,NaN
A,GE10,C-E,E_ITSP2_ITT2,PC_ENT,UK,,u,,NaN,,NaN
A,GE10,C-E,E_ITSP2_ITT2,PC_ENT_CUSE,AT,,NaN,,NaN,,NaN
A,GE10,C-E,E_ITSP2_ITT2,PC_ENT_CUSE,BA,,NaN,,NaN,,NaN
A,GE10,C-E,E_ITSP2_ITT2,PC_ENT_CUSE,BE,,NaN,,NaN,,NaN
A,GE10,C-E,E_ITSP2_ITT2,PC_ENT_CUSE,BG,,NaN,,NaN,,NaN
A,GE10,C-E,E_ITSP2_ITT2,PC_ENT_CUSE,CY,,NaN,,NaN,,NaN
A,GE10,C-E,E_ITSP2_ITT2,PC_ENT_CUSE,CZ,,NaN,,NaN,,NaN
A,GE10,C-E,E_ITSP2_ITT2,PC_ENT_CUSE,DE,,NaN,,NaN,,NaN
A,GE10,C-E,E_ITSP2_ITT2,PC_ENT_CUSE,DK,,NaN,,NaN,,NaN
A,GE10,C-E,E_ITSP2_ITT2,PC_ENT_CUSE,EA,,NaN,,NaN,,NaN
A,GE10,C-E,E_ITSP2_ITT2,PC_ENT_CUSE,EE,,NaN,,NaN,,NaN
A,GE10,C-E,E_ITSP2_ITT2,PC_ENT_CUSE,EL,,NaN,,NaN,,NaN
A,GE10,C-E,E_ITSP2_ITT2,PC_ENT_CUSE,ES,,NaN,,NaN,,NaN
A,GE10,C-E,E_ITSP2_ITT2,PC_ENT_CUSE,EU15,,NaN,,NaN,,NaN
A,GE10,C-E,E_ITSP2_ITT2,PC_ENT_CUSE,EU27_2007,,NaN,,NaN,,NaN
A,GE10,C-E,E_ITSP2_ITT2,PC_ENT_CUSE,EU27_2020,,NaN,,NaN,,NaN
A,GE10,C-E,E_ITSP2_ITT2,PC_ENT_CUSE,EU28,,NaN,,NaN,,NaN
A,GE10,C-E,E_ITSP2_ITT2,PC_ENT_CUSE,FI,,NaN,,NaN,,NaN
A,GE10,C-E,E_ITSP2_ITT2,PC_ENT_CUSE,FR,,NaN,,NaN,,NaN
A,GE10,C-E,E_ITSP2_ITT2,PC_ENT_CUSE,HR,,NaN,,NaN,,NaN
A,GE10,C-E,E_ITSP2_ITT2,PC_ENT_CUSE,HU,,NaN,,NaN,,NaN
A,GE10,C-E,E_ITSP2_ITT2,PC_ENT_CUSE,IE,,NaN,,NaN,,NaN
A,GE10,C-E,E_ITSP2_ITT2,PC_ENT_CUSE,IT,,NaN,,NaN,,NaN
A,GE10,C-E,E_ITSP2_ITT2,PC_ENT_CUSE,LT,,NaN,,NaN,,NaN
A,GE10,C-E,E_ITSP2_ITT2,PC_ENT_CUSE,LU,,NaN,,NaN,,NaN
A,GE10,C-E,E_ITSP2_ITT2,PC_ENT_CUSE,LV,,NaN,,NaN,,NaN
A,GE10,C-E,E_ITSP2_ITT2,PC_ENT_CUSE,ME,,NaN,,NaN,,NaN
A,GE10,C-E,E_ITSP2_ITT2,PC_ENT_CUSE,MK,,NaN,,NaN,,NaN
A,GE10,C-E,E_ITSP2_ITT2,PC_ENT_CUSE,MT,,NaN,,NaN,,NaN
A,GE10,C-E,E_ITSP2_ITT2,PC_ENT_CUSE,NL,,NaN,,NaN,,NaN
A,GE10,C-E,E_ITSP2_ITT2,PC_ENT_CUSE,NO,,NaN,,NaN,,NaN
A,GE10,C-E,E_ITSP2_ITT2,PC_ENT_CUSE,PL,,NaN,,NaN,,NaN
A,GE10,C-E,E_ITSP2_ITT2,PC_ENT_CUSE,PT,,NaN,,NaN,,NaN
A,GE10,C-E,E_ITSP2_ITT2,PC_ENT_CUSE,RO,,NaN,,NaN,,NaN
A,GE10,C-E,E_ITSP2_ITT2,PC_ENT_CUSE,RS,,NaN,,NaN,,NaN
A,GE10,C-E,E_ITSP2_ITT2,PC_ENT_CUSE,SE,,NaN,,NaN,,NaN
A,GE10,C-E,E_ITSP2_ITT2,PC_ENT_CUSE,SI,,NaN,,NaN,,NaN
A,GE10,C-E,E_ITSP2_ITT2,PC_ENT_CUSE,SK,,NaN,,NaN,,NaN
A,GE10,C-E,E_ITSP2_ITT2,PC_ENT_CUSE,TR,,NaN,,NaN,,NaN
A,GE10,C-E,E_ITSP2_ITT2,PC_ENT_CUSE,UK,,NaN,,NaN,,NaN
A,GE10,C-E,E_ITSPT2,PC_ENT,AL,,NaN,,u,,NaN
A,GE10,C-E,E_ITSPT2,PC_ENT,AT,14.71,NaN,19.47,NaN,19.88,NaN
A,GE10,C-E,E_ITSPT2,PC_ENT,BA,7.99,NaN,4.9,NaN,7.37,NaN
A,GE10,C-E,E_ITSPT2,PC_ENT,BE,,u,,u,19.62,NaN
A,GE10,C-E,E_ITSPT2,PC_ENT,BG,4.13,NaN,4.27,NaN,4.41,NaN
A,GE10,C-E,E_ITSPT2,PC_ENT,CY,7.07,NaN,8.38,NaN,5.84,NaN
A,GE10,C-E,E_ITSPT2,PC_ENT,CZ,12.06,NaN,11.63,NaN,11.63,NaN
A,GE10,C-E,E_ITSPT2,PC_ENT,DE,14.79,NaN,15.47,NaN,16.29,NaN
A,GE10,C-E,E_ITSPT2,PC_ENT,DK,17.02,NaN,19.3,NaN,17.46,NaN
A,GE10,C-E,E_ITSPT2,PC_ENT,EA,10.88,NaN,11.84,NaN,11.19,NaN
A,GE10,C-E,E_ITSPT2,PC_ENT,EE,8.07,NaN,7.47,NaN,8.23,NaN
A,GE10,C-E,E_ITSPT2,PC_ENT,EL,,u,9.55,NaN,9.87,NaN
A,GE10,C-E,E_ITSPT2,PC_ENT,ES,9.35,NaN,7.44,NaN,7.65,NaN
A,GE10,C-E,E_ITSPT2,PC_ENT,EU15,,NaN,,NaN,,NaN
A,GE10,C-E,E_ITSPT2,PC_ENT,EU27_2007,,NaN,,NaN,,NaN
A,GE10,C-E,E_ITSPT2,PC_ENT,EU27_2020,10.18,NaN,11.27,NaN,11.65,NaN
A,GE10,C-E,E_ITSPT2,PC_ENT,EU28,,NaN,,NaN,,NaN
A,GE10,C-E,E_ITSPT2,PC_ENT,FI,16.96,NaN,18.24,NaN,18.62,NaN
A,GE10,C-E,E_ITSPT2,PC_ENT,FR,9.16,NaN,9.88,b,8.3,NaN
A,GE10,C-E,E_ITSPT2,PC_ENT,HR,7.37,NaN,7.35,NaN,7.14,NaN
A,GE10,C-E,E_ITSPT2,PC_ENT,HU,7.43,NaN,9.45,NaN,8.37,NaN
A,GE10,C-E,E_ITSPT2,PC_ENT,IE,11.64,NaN,14.12,NaN,13.05,NaN
A,GE10,C-E,E_ITSPT2,PC_ENT,IS,,NaN,,NaN,,NaN
A,GE10,C-E,E_ITSPT2,PC_ENT,IT,7.23,NaN,8.98,NaN,7.2,NaN
A,GE10,C-E,E_ITSPT2,PC_ENT,LT,6.19,NaN,6.53,NaN,8.14,NaN
A,GE10,C-E,E_ITSPT2,PC_ENT,LU,15.64,NaN,19.75,NaN,18.36,NaN
A,GE10,C-E,E_ITSPT2,PC_ENT,LV,4.82,NaN,5.85,NaN,6.78,NaN
A,GE10,C-E,E_ITSPT2,PC_ENT,ME,,u,8.49,NaN,10.71,NaN
A,GE10,C-E,E_ITSPT2,PC_ENT,MK,,NaN,2.86,NaN,,NaN
A,GE10,C-E,E_ITSPT2,PC_ENT,MT,,u,,u,,u
A,GE10,C-E,E_ITSPT2,PC_ENT,NL,15.95,NaN,19.86,NaN,17.95,NaN
A,GE10,C-E,E_ITSPT2,PC_ENT,NO,18.1,NaN,15.97,NaN,15.12,NaN
A,GE10,C-E,E_ITSPT2,PC_ENT,PL,7.77,NaN,10.35,NaN,19.14,NaN
A,GE10,C-E,E_ITSPT2,PC_ENT,PT,8.44,NaN,7.89,NaN,8.86,NaN
A,GE10,C-E,E_ITSPT2,PC_ENT,RO,2.83,NaN,3.84,NaN,6.25,NaN
A,GE10,C-E,E_ITSPT2,PC_ENT,RS,8.66,NaN,7.33,NaN,10.32,NaN
A,GE10,C-E,E_ITSPT2,PC_ENT,SE,13.41,NaN,13.84,NaN,11.8,b
A,GE10,C-E,E_ITSPT2,PC_ENT,SI,12.58,NaN,16.44,NaN,12.88,NaN
A,GE10,C-E,E_ITSPT2,PC_ENT,SK,9.41,NaN,8.99,NaN,9.62,NaN
A,GE10,C-E,E_ITSPT2,PC_ENT,TR,5.28,NaN,6.56,NaN,6.63,NaN
A,GE10,C-E,E_ITSPT2,PC_ENT,UK,,u,,NaN,,NaN
A,GE10,C-E,E_ITSPT2,PC_ENT_CUSE,AT,,NaN,,NaN,,NaN
A,GE10,C-E,E_ITSPT2,PC_ENT_CUSE,BA,,NaN,,NaN,,NaN
A,GE10,C-E,E_ITSPT2,PC_ENT_CUSE,BE,,NaN,,NaN,,NaN
A,GE10,C-E,E_ITSPT2,PC_ENT_CUSE,BG,,NaN,,NaN,,NaN
A,GE10,C-E,E_ITSPT2,PC_ENT_CUSE,CY,,NaN,,NaN,,NaN
A,GE10,C-E,E_ITSPT2,PC_ENT_CUSE,CZ,,NaN,,NaN,,NaN
A,GE10,C-E,E_ITSPT2,PC_ENT_CUSE,DE,,NaN,,NaN,,NaN
A,GE10,C-E,E_ITSPT2,PC_ENT_CUSE,DK,,NaN,,NaN,,NaN
A,GE10,C-E,E_ITSPT2,PC_ENT_CUSE,EA,,NaN,,NaN,,NaN
A,GE10,C-E,E_ITSPT2,PC_ENT_CUSE,EE,,NaN,,NaN,,NaN
A,GE10,C-E,E_ITSPT2,PC_ENT_CUSE,EL,,NaN,,NaN,,NaN
A,GE10,C-E,E_ITSPT2,PC_ENT_CUSE,ES,,NaN,,NaN,,NaN
A,GE10,C-E,E_ITSPT2,PC_ENT_CUSE,EU15,,NaN,,NaN,,NaN
A,GE10,C-E,E_ITSPT2,PC_ENT_CUSE,EU27_2007,,NaN,,NaN,,NaN
A,GE10,C-E,E_ITSPT2,PC_ENT_CUSE,EU27_2020,,NaN,,NaN,,NaN
A,GE10,C-E,E_ITSPT2,PC_ENT_CUSE,EU28,,NaN,,NaN,,NaN
A,GE10,C-E,E_ITSPT2,PC_ENT_CUSE,FI,,NaN,,NaN,,NaN
A,GE10,C-E,E_ITSPT2,PC_ENT_CUSE,FR,,NaN,,NaN,,NaN
A,GE10,C-E,E_ITSPT2,PC_ENT_CUSE,HR,,NaN,,NaN,,NaN
A,GE10,C-E,E_ITSPT2,PC_ENT_CUSE,HU,,NaN,,NaN,,NaN
A,GE10,C-E,E_ITSPT2,PC_ENT_CUSE,IE,,NaN,,NaN,,NaN
A,GE10,C-E,E_ITSPT2,PC_ENT_CUSE,IS,,NaN,,NaN,,NaN
A,GE10,C-E,E_ITSPT2,PC_ENT_CUSE,IT,,NaN,,NaN,,NaN
A,GE10,C-E,E_ITSPT2,PC_ENT_CUSE,LT,,NaN,,NaN,,NaN
A,GE10,C-E,E_ITSPT2,PC_ENT_CUSE,LU,,NaN,,NaN,,NaN
A,GE10,C-E,E_ITSPT2,PC_ENT_CUSE,LV,,NaN,,NaN,,NaN
A,GE10,C-E,E_ITSPT2,PC_ENT_CUSE,ME,,NaN,,NaN,,NaN
A,GE10,C-E,E_ITSPT2,PC_ENT_CUSE,MK,,NaN,,NaN,,NaN
A,GE10,C-E,E_ITSPT2,PC_ENT_CUSE,MT,,NaN,,NaN,,NaN
A,GE10,C-E,E_ITSPT2,PC_ENT_CUSE,NL,,NaN,,NaN,,NaN
A,GE10,C-E,E_ITSPT2,PC_ENT_CUSE,NO,,NaN,,NaN,,NaN
A,GE10,C-E,E_ITSPT2,PC_ENT_CUSE,PL,,NaN,,NaN,,NaN
A,GE10,C-E,E_ITSPT2,PC_ENT_CUSE,PT,,NaN,,NaN,,NaN
A,GE10,C-E,E_ITSPT2,PC_ENT_CUSE,RO,,NaN,,NaN,,NaN
A,GE10,C-E,E_ITSPT2,PC_ENT_CUSE,RS,,NaN,,NaN,,NaN
A,GE10,C-E,E_ITSPT2,PC_ENT_CUSE,SE,,NaN,,NaN,,NaN
A,GE10,C-E,E_ITSPT2,PC_ENT_CUSE,SI,,NaN,,NaN,,NaN
A,GE10,C-E,E_ITSPT2,PC_ENT_CUSE,SK,,NaN,,NaN,,NaN
A,GE10,C-E,E_ITSPT2,PC_ENT_CUSE,TR,,NaN,,NaN,,NaN
A,GE10,C-E,E_ITSPT2,PC_ENT_CUSE,UK,,NaN,,NaN,,NaN
A,GE10,C-E,E_ITT2,PC_ENT,AL,,NaN,,u,,NaN
A,GE10,C-E,E_ITT2,PC_ENT,AT,20.29,NaN,26.59,NaN,26.72,NaN
A,GE10,C-E,E_ITT2,PC_ENT,BA,13.09,NaN,12.4,NaN,14.11,NaN
A,GE10,C-E,E_ITT2,PC_ENT,BE,,u,,u,,u
A,GE10,C-E,E_ITT2,PC_ENT,BG,5.58,NaN,6.92,NaN,6.0,NaN
A,GE10,C-E,E_ITT2,PC_ENT,CY,20.28,NaN,22.24,NaN,18.03,NaN
A,GE10,C-E,E_ITT2,PC_ENT,CZ,27.99,NaN,23.94,NaN,28.61,NaN
A,GE10,C-E,E_ITT2,PC_ENT,DE,27.45,NaN,28.91,NaN,29.82,NaN
A,GE10,C-E,E_ITT2,PC_ENT,DK,29.41,NaN,32.05,NaN,35.45,NaN
A,GE10,C-E,E_ITT2,PC_ENT,EA,20.98,NaN,22.66,NaN,23.07,NaN
A,GE10,C-E,E_ITT2,PC_ENT,EE,15.42,NaN,14.42,NaN,17.18,NaN
A,GE10,C-E,E_ITT2,PC_ENT,EL,,u,15.01,NaN,14.26,NaN
A,GE10,C-E,E_ITT2,PC_ENT,ES,18.5,NaN,17.44,NaN,19.72,NaN
A,GE10,C-E,E_ITT2,PC_ENT,EU15,,NaN,,NaN,,NaN
A,GE10,C-E,E_ITT2,PC_ENT,EU27_2007,,NaN,,NaN,,NaN
A,GE10,C-E,E_ITT2,PC_ENT,EU27_2020,20.25,NaN,22.22,NaN,23.45,NaN
A,GE10,C-E,E_ITT2,PC_ENT,EU28,,NaN,,NaN,,NaN
A,GE10,C-E,E_ITT2,PC_ENT,FI,41.57,NaN,42.34,NaN,37.27,NaN
A,GE10,C-E,E_ITT2,PC_ENT,FR,16.48,NaN,16.65,b,14.86,NaN
A,GE10,C-E,E_ITT2,PC_ENT,HR,19.5,NaN,19.13,NaN,17.58,NaN
A,GE10,C-E,E_ITT2,PC_ENT,HU,17.74,NaN,18.01,NaN,17.73,NaN
A,GE10,C-E,E_ITT2,PC_ENT,IE,31.71,NaN,28.43,NaN,28.7,NaN
A,GE10,C-E,E_ITT2,PC_ENT,IS,,NaN,,NaN,,NaN
A,GE10,C-E,E_ITT2,PC_ENT,IT,15.65,NaN,19.24,NaN,20.04,NaN
A,GE10,C-E,E_ITT2,PC_ENT,LT,13.33,NaN,11.89,NaN,14.6,NaN
A,GE10,C-E,E_ITT2,PC_ENT,LU,20.84,NaN,31.36,NaN,30.38,NaN
A,GE10,C-E,E_ITT2,PC_ENT,LV,13.25,NaN,12.65,NaN,10.98,NaN
A,GE10,C-E,E_ITT2,PC_ENT,ME,,u,23.15,NaN,22.93,NaN
A,GE10,C-E,E_ITT2,PC_ENT,MK,,NaN,7.09,NaN,,NaN
A,GE10,C-E,E_ITT2,PC_ENT,MT,,u,,u,,u
A,GE10,C-E,E_ITT2,PC_ENT,NL,25.69,NaN,29.16,NaN,28.01,NaN
A,GE10,C-E,E_ITT2,PC_ENT,NO,36.68,NaN,39.01,NaN,34.03,NaN
A,GE10,C-E,E_ITT2,PC_ENT,PL,16.92,NaN,23.77,NaN,30.67,NaN
A,GE10,C-E,E_ITT2,PC_ENT,PT,20.05,NaN,19.11,NaN,23.92,NaN
A,GE10,C-E,E_ITT2,PC_ENT,RO,4.59,NaN,6.87,NaN,10.97,NaN
A,GE10,C-E,E_ITT2,PC_ENT,RS,16.48,NaN,21.25,NaN,18.29,NaN
A,GE10,C-E,E_ITT2,PC_ENT,SE,40.72,NaN,39.89,NaN,37.74,b
A,GE10,C-E,E_ITT2,PC_ENT,SI,26.5,NaN,33.02,NaN,27.29,NaN
A,GE10,C-E,E_ITT2,PC_ENT,SK,18.03,NaN,18.49,NaN,17.41,NaN
A,GE10,C-E,E_ITT2,PC_ENT,TR,10.88,NaN,15.19,NaN,14.25,NaN
A,GE10,C-E,E_ITT2,PC_ENT,UK,,u,,NaN,,NaN
A,GE10,C-E,E_ITT2,PC_ENT_CUSE,AT,,NaN,,NaN,,NaN
A,GE10,C-E,E_ITT2,PC_ENT_CUSE,BA,,NaN,,NaN,,NaN
A,GE10,C-E,E_ITT2,PC_ENT_CUSE,BE,,NaN,,NaN,,NaN
A,GE10,C-E,E_ITT2,PC_ENT_CUSE,BG,,NaN,,NaN,,NaN
A,GE10,C-E,E_ITT2,PC_ENT_CUSE,CY,,NaN,,NaN,,NaN
A,GE10,C-E,E_ITT2,PC_ENT_CUSE,CZ,,NaN,,NaN,,NaN
A,GE10,C-E,E_ITT2,PC_ENT_CUSE,DE,,NaN,,NaN,,NaN
A,GE10,C-E,E_ITT2,PC_ENT_CUSE,DK,,NaN,,NaN,,NaN
A,GE10,C-E,E_ITT2,PC_ENT_CUSE,EA,,NaN,,NaN,,NaN
A,GE10,C-E,E_ITT2,PC_ENT_CUSE,EE,,NaN,,NaN,,NaN
A,GE10,C-E,E_ITT2,PC_ENT_CUSE,EL,,NaN,,NaN,,NaN
A,GE10,C-E,E_ITT2,PC_ENT_CUSE,ES,,NaN,,NaN,,NaN
A,GE10,C-E,E_ITT2,PC_ENT_CUSE,EU15,,NaN,,NaN,,NaN
A,GE10,C-E,E_ITT2,PC_ENT_CUSE,EU27_2007,,NaN,,NaN,,NaN
A,GE10,C-E,E_ITT2,PC_ENT_CUSE,EU27_2020,,NaN,,NaN,,NaN
A,GE10,C-E,E_ITT2,PC_ENT_CUSE,EU28,,NaN,,NaN,,NaN
A,GE10,C-E,E_ITT2,PC_ENT_CUSE,FI,,NaN,,NaN,,NaN
A,GE10,C-E,E_ITT2,PC_ENT_CUSE,FR,,NaN,,NaN,,NaN
A,GE10,C-E,E_ITT2,PC_ENT_CUSE,HR,,NaN,,NaN,,NaN
A,GE10,C-E,E_ITT2,PC_ENT_CUSE,HU,,NaN,,NaN,,NaN
A,GE10,C-E,E_ITT2,PC_ENT_CUSE,IE,,NaN,,NaN,,NaN
A,GE10,C-E,E_ITT2,PC_ENT_CUSE,IS,,NaN,,NaN,,NaN
A,GE10,C-E,E_ITT2,PC_ENT_CUSE,IT,,NaN,,NaN,,NaN
A,GE10,C-E,E_ITT2,PC_ENT_CUSE,LT,,NaN,,NaN,,NaN
A,GE10,C-E,E_ITT2,PC_ENT_CUSE,LU,,NaN,,NaN,,NaN
A,GE10,C-E,E_ITT2,PC_ENT_CUSE,LV,,NaN,,NaN,,NaN
A,GE10,C-E,E_ITT2,PC_ENT_CUSE,ME,,NaN,,NaN,,NaN
A,GE10,C-E,E_ITT2,PC_ENT_CUSE,MK,,NaN,,NaN,,NaN
A,GE10,C-E,E_ITT2,PC_ENT_CUSE,MT,,NaN,,NaN,,NaN
A,GE10,C-E,E_ITT2,PC_ENT_CUSE,NL,,NaN,,NaN,,NaN
A,GE10,C-E,E_ITT2,PC_ENT_CUSE,NO,,NaN,,NaN,,NaN
A,GE10,C-E,E_ITT2,PC_ENT_CUSE,PL,,NaN,,NaN,,NaN
A,GE10,C-E,E_ITT2,PC_ENT_CUSE,PT,,NaN,,NaN,,NaN
A,GE10,C-E,E_ITT2,PC_ENT_CUSE,RO,,NaN,,NaN,,NaN
A,GE10,C-E,E_ITT2,PC_ENT_CUSE,RS,,NaN,,NaN,,NaN
A,GE10,C-E,E_ITT2,PC_ENT_CUSE,SE,,NaN,,NaN,,NaN
A,GE10,C-E,E_ITT2,PC_ENT_CUSE,SI,,NaN,,NaN,,NaN
A,GE10,C-E,E_ITT2,PC_ENT_CUSE,SK,,NaN,,NaN,,NaN
A,GE10,C-E,E_ITT2,PC_ENT_CUSE,TR,,NaN,,NaN,,NaN
A,GE10,C-E,E_ITT2,PC_ENT_CUSE,UK,,NaN,,NaN,,NaN
A,GE10,C-E,E_ITUST2,PC_ENT,AL,,NaN,,u,,NaN
A,GE10,C-E,E_ITUST2,PC_ENT,AT,17.14,NaN,19.35,NaN,19.17,NaN
A,GE10,C-E,E_ITUST2,PC_ENT,BA,9.83,NaN,10.44,NaN,11.18,NaN
A,GE10,C-E,E_ITUST2,PC_ENT,BE,,u,,u,,u
A,GE10,C-E,E_ITUST2,PC_ENT,BG,3.51,NaN,5.27,NaN,3.87,NaN
A,GE10,C-E,E_ITUST2,PC_ENT,CY,18.61,NaN,19.42,NaN,16.57,NaN
A,GE10,C-E,E_ITUST2,PC_ENT,CZ,27.99,NaN,21.56,NaN,26.32,NaN
A,GE10,C-E,E_ITUST2,PC_ENT,DE,24.19,NaN,26.39,NaN,26.78,NaN
A,GE10,C-E,E_ITUST2,PC_ENT,DK,24.81,NaN,28.4,NaN,32.02,NaN
A,GE10,C-E,E_ITUST2,PC_ENT,EA,17.75,NaN,19.71,NaN,20.44,NaN
A,GE10,C-E,E_ITUST2,PC_ENT,EE,13.19,NaN,13.13,NaN,15.48,NaN
A,GE10,C-E,E_ITUST2,PC_ENT,EL,,u,11.37,NaN,9.62,NaN
A,GE10,C-E,E_ITUST2,PC_ENT,ES,15.28,NaN,15.27,NaN,18.1,NaN
A,GE10,C-E,E_ITUST2,PC_ENT,EU15,,NaN,,NaN,,NaN
A,GE10,C-E,E_ITUST2,PC_ENT,EU27_2007,,NaN,,NaN,,NaN
A,GE10,C-E,E_ITUST2,PC_ENT,EU27_2020,17.43,NaN,19.51,NaN,20.49,NaN
A,GE10,C-E,E_ITUST2,PC_ENT,EU28,,NaN,,NaN,,NaN
A,GE10,C-E,E_ITUST2,PC_ENT,FI,39.7,NaN,40.25,NaN,33.02,NaN
A,GE10,C-E,E_ITUST2,PC_ENT,FR,13.24,NaN,13.43,b,12.74,NaN
A,GE10,C-E,E_ITUST2,PC_ENT,HR,18.14,NaN,17.87,NaN,15.72,NaN
A,GE10,C-E,E_ITUST2,PC_ENT,HU,15.45,NaN,14.81,NaN,15.41,NaN
A,GE10,C-E,E_ITUST2,PC_ENT,IE,30.23,NaN,23.13,NaN,25.98,NaN
A,GE10,C-E,E_ITUST2,PC_ENT,IS,,NaN,,NaN,,NaN
A,GE10,C-E,E_ITUST2,PC_ENT,IT,12.15,NaN,15.99,NaN,17.85,NaN
A,GE10,C-E,E_ITUST2,PC_ENT,LT,11.19,NaN,10.62,NaN,12.45,NaN
A,GE10,C-E,E_ITUST2,PC_ENT,LU,17.49,NaN,25.71,NaN,27.74,NaN
A,GE10,C-E,E_ITUST2,PC_ENT,LV,11.96,NaN,11.03,NaN,9.08,NaN
A,GE10,C-E,E_ITUST2,PC_ENT,ME,,u,15.83,NaN,14.95,NaN
A,GE10,C-E,E_ITUST2,PC_ENT,MK,,NaN,6.34,NaN,,NaN
A,GE10,C-E,E_ITUST2,PC_ENT,MT,,u,,u,,u
A,GE10,C-E,E_ITUST2,PC_ENT,NL,21.35,NaN,24.64,NaN,23.6,NaN
A,GE10,C-E,E_ITUST2,PC_ENT,NO,33.42,NaN,36.79,NaN,32.15,NaN
A,GE10,C-E,E_ITUST2,PC_ENT,PL,15.12,NaN,21.75,NaN,23.64,NaN
A,GE10,C-E,E_ITUST2,PC_ENT,PT,17.67,NaN,17.09,NaN,22.01,NaN
A,GE10,C-E,E_ITUST2,PC_ENT,RO,3.64,NaN,5.92,NaN,9.22,NaN
A,GE10,C-E,E_ITUST2,PC_ENT,RS,14.38,NaN,18.0,NaN,14.37,NaN
A,GE10,C-E,E_ITUST2,PC_ENT,SE,38.97,NaN,38.74,NaN,36.28,b
A,GE10,C-E,E_ITUST2,PC_ENT,SI,22.82,NaN,29.69,NaN,23.95,NaN
A,GE10,C-E,E_ITUST2,PC_ENT,SK,16.07,NaN,16.34,NaN,15.25,NaN
A,GE10,C-E,E_ITUST2,PC_ENT,TR,8.81,NaN,14.08,NaN,13.29,NaN
A,GE10,C-E,E_ITUST2,PC_ENT,UK,,u,,NaN,,NaN
A,GE10,C-E,E_ITUST2,PC_ENT_CUSE,AT,,NaN,,NaN,,NaN
A,GE10,C-E,E_ITUST2,PC_ENT_CUSE,BA,,NaN,,NaN,,NaN
A,GE10,C-E,E_ITUST2,PC_ENT_CUSE,BE,,NaN,,NaN,,NaN
A,GE10,C-E,E_ITUST2,PC_ENT_CUSE,BG,,NaN,,NaN,,NaN
A,GE10,C-E,E_ITUST2,PC_ENT_CUSE,CY,,NaN,,NaN,,NaN
A,GE10,C-E,E_ITUST2,PC_ENT_CUSE,CZ,,NaN,,NaN,,NaN
A,GE10,C-E,E_ITUST2,PC_ENT_CUSE,DE,,NaN,,NaN,,NaN
A,GE10,C-E,E_ITUST2,PC_ENT_CUSE,DK,,NaN,,NaN,,NaN
A,GE10,C-E,E_ITUST2,PC_ENT_CUSE,EA,,NaN,,NaN,,NaN
A,GE10,C-E,E_ITUST2,PC_ENT_CUSE,EE,,NaN,,NaN,,NaN
A,GE10,C-E,E_ITUST2,PC_ENT_CUSE,EL,,NaN,,NaN,,NaN
A,GE10,C-E,E_ITUST2,PC_ENT_CUSE,ES,,NaN,,NaN,,NaN
A,GE10,C-E,E_ITUST2,PC_ENT_CUSE,EU15,,NaN,,NaN,,NaN
A,GE10,C-E,E_ITUST2,PC_ENT_CUSE,EU27_2007,,NaN,,NaN,,NaN
A,GE10,C-E,E_ITUST2,PC_ENT_CUSE,EU27_2020,,NaN,,NaN,,NaN
A,GE10,C-E,E_ITUST2,PC_ENT_CUSE,EU28,,NaN,,NaN,,NaN
A,GE10,C-E,E_ITUST2,PC_ENT_CUSE,FI,,NaN,,NaN,,NaN
A,GE10,C-E,E_ITUST2,PC_ENT_CUSE,FR,,NaN,,NaN,,NaN
A,GE10,C-E,E_ITUST2,PC_ENT_CUSE,HR,,NaN,,NaN,,NaN
A,GE10,C-E,E_ITUST2,PC_ENT_CUSE,HU,,NaN,,NaN,,NaN
A,GE10,C-E,E_ITUST2,PC_ENT_CUSE,IE,,NaN,,NaN,,NaN
A,GE10,C-E,E_ITUST2,PC_ENT_CUSE,IS,,NaN,,NaN,,NaN
A,GE10,C-E,E_ITUST2,PC_ENT_CUSE,IT,,NaN,,NaN,,NaN
A,GE10,C-E,E_ITUST2,PC_ENT_CUSE,LT,,NaN,,NaN,,NaN
A,GE10,C-E,E_ITUST2,PC_ENT_CUSE,LU,,NaN,,NaN,,NaN
A,GE10,C-E,E_ITUST2,PC_ENT_CUSE,LV,,NaN,,NaN,,NaN
A,GE10,C-E,E_ITUST2,PC_ENT_CUSE,ME,,NaN,,NaN,,NaN
A,GE10,C-E,E_ITUST2,PC_ENT_CUSE,MK,,NaN,,NaN,,NaN
A,GE10,C-E,E_ITUST2,PC_ENT_CUSE,MT,,NaN,,NaN,,NaN
A,GE10,C-E,E_ITUST2,PC_ENT_CUSE,NL,,NaN,,NaN,,NaN
A,GE10,C-E,E_ITUST2,PC_ENT_CUSE,NO,,NaN,,NaN,,NaN
A,GE10,C-E,E_ITUST2,PC_ENT_CUSE,PL,,NaN,,NaN,,NaN
A,GE10,C-E,E_ITUST2,PC_ENT_CUSE,PT,,NaN,,NaN,,NaN
A,GE10,C-E,E_ITUST2,PC_ENT_CUSE,RO,,NaN,,NaN,,NaN
A,GE10,C-E,E_ITUST2,PC_ENT_CUSE,RS,,NaN,,NaN,,NaN
A,GE10,C-E,E_ITUST2,PC_ENT_CUSE,SE,,NaN,,NaN,,NaN
A,GE10,C-E,E_ITUST2,PC_ENT_CUSE,SI,,NaN,,NaN,,NaN
A,GE10,C-E,E_ITUST2,PC_ENT_CUSE,SK,,NaN,,NaN,,NaN
A,GE10,C-E,E_ITUST2,PC_ENT_CUSE,TR,,NaN,,NaN,,NaN
A,GE10,C-E,E_ITUST2,PC_ENT_CUSE,UK,,NaN,,NaN,,NaN
A,GE10,C-F,E_ITSP2X_ITT2,PC_ENT,AT,3.76,NaN,4.38,NaN,4.83,NaN
A,GE10,C-F,E_ITSP2X_ITT2,PC_ENT,BA,2.73,NaN,5.93,NaN,4.66,NaN
A,GE10,C-F,E_ITSP2X_ITT2,PC_ENT,BE,11.06,NaN,10.68,NaN,16.73,NaN
A,GE10,C-F,E_ITSP2X_ITT2,PC_ENT,BG,0.89,NaN,1.67,NaN,0.64,NaN
A,GE10,C-F,E_ITSP2X_ITT2,PC_ENT,CY,9.17,NaN,9.39,NaN,9.38,NaN
A,GE10,C-F,E_ITSP2X_ITT2,PC_ENT,CZ,13.09,NaN,10.8,NaN,12.92,NaN
A,GE10,C-F,E_ITSP2X_ITT2,PC_ENT,DE,9.61,NaN,10.98,NaN,10.69,NaN
A,GE10,C-F,E_ITSP2X_ITT2,PC_ENT,DK,8.53,NaN,8.61,NaN,12.36,NaN
A,GE10,C-F,E_ITSP2X_ITT2,PC_ENT,EA,7.7,NaN,8.73,NaN,9.44,NaN
A,GE10,C-F,E_ITSP2X_ITT2,PC_ENT,EE,5.82,NaN,6.32,NaN,6.87,NaN
A,GE10,C-F,E_ITSP2X_ITT2,PC_ENT,EL,,u,3.85,NaN,4.01,NaN
A,GE10,C-F,E_ITSP2X_ITT2,PC_ENT,ES,7.71,NaN,8.27,NaN,10.18,NaN
A,GE10,C-F,E_ITSP2X_ITT2,PC_ENT,EU15,,NaN,,NaN,,NaN
A,GE10,C-F,E_ITSP2X_ITT2,PC_ENT,EU27_2007,,NaN,,NaN,,NaN
A,GE10,C-F,E_ITSP2X_ITT2,PC_ENT,EU27_2020,7.48,NaN,8.49,NaN,9.28,NaN
A,GE10,C-F,E_ITSP2X_ITT2,PC_ENT,EU28,,NaN,,NaN,,NaN
A,GE10,C-F,E_ITSP2X_ITT2,PC_ENT,FI,17.81,NaN,17.59,NaN,13.39,NaN
A,GE10,C-F,E_ITSP2X_ITT2,PC_ENT,FR,5.21,NaN,4.29,b,5.12,NaN
A,GE10,C-F,E_ITSP2X_ITT2,PC_ENT,HR,8.28,NaN,7.84,NaN,7.61,NaN
A,GE10,C-F,E_ITSP2X_ITT2,PC_ENT,HU,5.85,NaN,5.18,NaN,6.07,NaN
A,GE10,C-F,E_ITSP2X_ITT2,PC_ENT,IE,12.33,NaN,8.18,NaN,5.89,NaN
A,GE10,C-F,E_ITSP2X_ITT2,PC_ENT,IT,7.03,NaN,9.46,NaN,10.53,NaN
A,GE10,C-F,E_ITSP2X_ITT2,PC_ENT,LT,5.05,NaN,2.96,NaN,4.58,NaN
A,GE10,C-F,E_ITSP2X_ITT2,PC_ENT,LU,4.59,NaN,6.43,NaN,8.17,NaN
A,GE10,C-F,E_ITSP2X_ITT2,PC_ENT,LV,6.21,NaN,5.34,NaN,3.9,NaN
A,GE10,C-F,E_ITSP2X_ITT2,PC_ENT,ME,,u,9.67,NaN,5.16,NaN
A,GE10,C-F,E_ITSP2X_ITT2,PC_ENT,MK,6.59,NaN,,u,,NaN
A,GE10,C-F,E_ITSP2X_ITT2,PC_ENT,MT,5.88,NaN,5.1,NaN,5.35,NaN
A,GE10,C-F,E_ITSP2X_ITT2,PC_ENT,NL,1.51,NaN,8.49,NaN,8.69,NaN
A,GE10,C-F,E_ITSP2X_ITT2,PC_ENT,NO,20.4,NaN,20.84,NaN,15.77,NaN
A,GE10,C-F,E_ITSP2X_ITT2,PC_ENT,PL,4.93,NaN,6.96,NaN,8.89,NaN
A,GE10,C-F,E_ITSP2X_ITT2,PC_ENT,PT,11.23,NaN,9.15,NaN,14.55,NaN
A,GE10,C-F,E_ITSP2X_ITT2,PC_ENT,RO,1.27,NaN,2.81,NaN,3.67,NaN
A,GE10,C-F,E_ITSP2X_ITT2,PC_ENT,RS,4.48,NaN,9.54,NaN,4.68,NaN
A,GE10,C-F,E_ITSP2X_ITT2,PC_ENT,SE,18.59,NaN,20.2,NaN,17.9,b
A,GE10,C-F,E_ITSP2X_ITT2,PC_ENT,SI,11.23,NaN,10.72,NaN,11.87,NaN
A,GE10,C-F,E_ITSP2X_ITT2,PC_ENT,SK,5.22,NaN,5.45,NaN,5.24,NaN
A,GE10,C-F,E_ITSP2X_ITT2,PC_ENT,TR,4.05,NaN,6.22,NaN,5.77,NaN
A,GE10,C-F,E_ITSP2X_ITT2,PC_ENT,UK,8.18,NaN,,NaN,,NaN
A,GE10,C-F,E_ITSP2X_ITT2,PC_ENT_CUSE,AT,,NaN,,NaN,,NaN
A,GE10,C-F,E_ITSP2X_ITT2,PC_ENT_CUSE,BA,,NaN,,NaN,,NaN
A,GE10,C-F,E_ITSP2X_ITT2,PC_ENT_CUSE,BE,,NaN,,NaN,,NaN
A,GE10,C-F,E_ITSP2X_ITT2,PC_ENT_CUSE,BG,,NaN,,NaN,,NaN
A,GE10,C-F,E_ITSP2X_ITT2,PC_ENT_CUSE,CY,,NaN,,NaN,,NaN
A,GE10,C-F,E_ITSP2X_ITT2,PC_ENT_CUSE,CZ,,NaN,,NaN,,NaN
A,GE10,C-F,E_ITSP2X_ITT2,PC_ENT_CUSE,DE,,NaN,,NaN,,NaN
A,GE10,C-F,E_ITSP2X_ITT2,PC_ENT_CUSE,DK,,NaN,,NaN,,NaN
A,GE10,C-F,E_ITSP2X_ITT2,PC_ENT_CUSE,EA,,NaN,,NaN,,NaN
A,GE10,C-F,E_ITSP2X_ITT2,PC_ENT_CUSE,EE,,NaN,,NaN,,NaN
A,GE10,C-F,E_ITSP2X_ITT2,PC_ENT_CUSE,EL,,NaN,,NaN,,NaN
A,GE10,C-F,E_ITSP2X_ITT2,PC_ENT_CUSE,ES,,NaN,,NaN,,NaN
A,GE10,C-F,E_ITSP2X_ITT2,PC_ENT_CUSE,EU15,,NaN,,NaN,,NaN
A,GE10,C-F,E_ITSP2X_ITT2,PC_ENT_CUSE,EU27_2007,,NaN,,NaN,,NaN
A,GE10,C-F,E_ITSP2X_ITT2,PC_ENT_CUSE,EU27_2020,,NaN,,NaN,,NaN
A,GE10,C-F,E_ITSP2X_ITT2,PC_ENT_CUSE,EU28,,NaN,,NaN,,NaN
A,GE10,C-F,E_ITSP2X_ITT2,PC_ENT_CUSE,FI,,NaN,,NaN,,NaN
A,GE10,C-F,E_ITSP2X_ITT2,PC_ENT_CUSE,FR,,NaN,,NaN,,NaN
A,GE10,C-F,E_ITSP2X_ITT2,PC_ENT_CUSE,HR,,NaN,,NaN,,NaN
A,GE10,C-F,E_ITSP2X_ITT2,PC_ENT_CUSE,HU,,NaN,,NaN,,NaN
A,GE10,C-F,E_ITSP2X_ITT2,PC_ENT_CUSE,IE,,NaN,,NaN,,NaN
A,GE10,C-F,E_ITSP2X_ITT2,PC_ENT_CUSE,IT,,NaN,,NaN,,NaN
A,GE10,C-F,E_ITSP2X_ITT2,PC_ENT_CUSE,LT,,NaN,,NaN,,NaN
A,GE10,C-F,E_ITSP2X_ITT2,PC_ENT_CUSE,LU,,NaN,,NaN,,NaN
A,GE10,C-F,E_ITSP2X_ITT2,PC_ENT_CUSE,LV,,NaN,,NaN,,NaN
A,GE10,C-F,E_ITSP2X_ITT2,PC_ENT_CUSE,ME,,NaN,,NaN,,NaN
A,GE10,C-F,E_ITSP2X_ITT2,PC_ENT_CUSE,MK,,NaN,,NaN,,NaN
A,GE10,C-F,E_ITSP2X_ITT2,PC_ENT_CUSE,MT,,NaN,,NaN,,NaN
A,GE10,C-F,E_ITSP2X_ITT2,PC_ENT_CUSE,NL,,NaN,,NaN,,NaN
A,GE10,C-F,E_ITSP2X_ITT2,PC_ENT_CUSE,NO,,NaN,,NaN,,NaN
A,GE10,C-F,E_ITSP2X_ITT2,PC_ENT_CUSE,PL,,NaN,,NaN,,NaN
A,GE10,C-F,E_ITSP2X_ITT2,PC_ENT_CUSE,PT,,NaN,,NaN,,NaN
A,GE10,C-F,E_ITSP2X_ITT2,PC_ENT_CUSE,RO,,NaN,,NaN,,NaN
A,GE10,C-F,E_ITSP2X_ITT2,PC_ENT_CUSE,RS,,NaN,,NaN,,NaN
A,GE10,C-F,E_ITSP2X_ITT2,PC_ENT_CUSE,SE,,NaN,,NaN,,NaN
A,GE10,C-F,E_ITSP2X_ITT2,PC_ENT_CUSE,SI,,NaN,,NaN,,NaN
A,GE10,C-F,E_ITSP2X_ITT2,PC_ENT_CUSE,SK,,NaN,,NaN,,NaN
A,GE10,C-F,E_ITSP2X_ITT2,PC_ENT_CUSE,TR,,NaN,,NaN,,NaN
A,GE10,C-F,E_ITSP2X_ITT2,PC_ENT_CUSE,UK,,NaN,,NaN,,NaN
A,GE10,C-F,E_ITSP2_ITT2,PC_ENT,AL,,NaN,,u,,NaN
A,GE10,C-F,E_ITSP2_ITT2,PC_ENT,AT,11.25,NaN,11.89,NaN,12.62,NaN
A,GE10,C-F,E_ITSP2_ITT2,PC_ENT,BA,8.63,NaN,4.87,NaN,7.55,NaN
A,GE10,C-F,E_ITSP2_ITT2,PC_ENT,BE,18.0,NaN,17.38,NaN,16.92,NaN
A,GE10,C-F,E_ITSP2_ITT2,PC_ENT,BG,3.62,NaN,3.75,NaN,4.12,NaN
A,GE10,C-F,E_ITSP2_ITT2,PC_ENT,CY,7.98,NaN,9.43,NaN,8.54,NaN
A,GE10,C-F,E_ITSP2_ITT2,PC_ENT,CZ,12.05,NaN,11.25,NaN,11.53,NaN
A,GE10,C-F,E_ITSP2_ITT2,PC_ENT,DE,11.84,NaN,12.48,NaN,12.59,NaN
A,GE10,C-F,E_ITSP2_ITT2,PC_ENT,DK,13.17,NaN,14.19,NaN,14.47,NaN
A,GE10,C-F,E_ITSP2_ITT2,PC_ENT,EA,9.63,NaN,9.93,NaN,9.43,NaN
A,GE10,C-F,E_ITSP2_ITT2,PC_ENT,EE,7.09,NaN,6.19,NaN,7.32,NaN
A,GE10,C-F,E_ITSP2_ITT2,PC_ENT,EL,,u,8.55,NaN,7.86,NaN
A,GE10,C-F,E_ITSP2_ITT2,PC_ENT,ES,8.78,NaN,7.52,NaN,6.72,NaN
A,GE10,C-F,E_ITSP2_ITT2,PC_ENT,EU15,,NaN,,NaN,,NaN
A,GE10,C-F,E_ITSP2_ITT2,PC_ENT,EU27_2007,,NaN,,NaN,,NaN
A,GE10,C-F,E_ITSP2_ITT2,PC_ENT,EU27_2020,9.34,NaN,9.92,NaN,10.04,NaN
A,GE10,C-F,E_ITSP2_ITT2,PC_ENT,EU28,,NaN,,NaN,,NaN
A,GE10,C-F,E_ITSP2_ITT2,PC_ENT,FI,14.97,NaN,15.28,NaN,17.42,NaN
A,GE10,C-F,E_ITSP2_ITT2,PC_ENT,FR,7.77,NaN,6.91,b,5.89,NaN
A,GE10,C-F,E_ITSP2_ITT2,PC_ENT,HR,8.05,NaN,6.65,NaN,6.16,NaN
A,GE10,C-F,E_ITSP2_ITT2,PC_ENT,HU,8.92,NaN,10.97,NaN,9.51,NaN
A,GE10,C-F,E_ITSP2_ITT2,PC_ENT,IE,14.83,NaN,14.78,NaN,14.46,NaN
A,GE10,C-F,E_ITSP2_ITT2,PC_ENT,IT,6.38,NaN,7.61,NaN,7.15,NaN
A,GE10,C-F,E_ITSP2_ITT2,PC_ENT,LT,6.07,NaN,5.85,NaN,6.31,NaN
A,GE10,C-F,E_ITSP2_ITT2,PC_ENT,LU,8.44,NaN,8.7,NaN,9.69,NaN
A,GE10,C-F,E_ITSP2_ITT2,PC_ENT,LV,7.64,NaN,6.87,NaN,5.11,NaN
A,GE10,C-F,E_ITSP2_ITT2,PC_ENT,ME,,u,12.69,NaN,11.88,NaN
A,GE10,C-F,E_ITSP2_ITT2,PC_ENT,MK,4.3,NaN,5.25,NaN,,NaN
A,GE10,C-F,E_ITSP2_ITT2,PC_ENT,MT,10.98,NaN,14.11,NaN,17.59,NaN
A,GE10,C-F,E_ITSP2_ITT2,PC_ENT,NL,13.68,NaN,16.54,NaN,15.77,NaN
A,GE10,C-F,E_ITSP2_ITT2,PC_ENT,NO,8.48,NaN,10.37,NaN,9.14,NaN
A,GE10,C-F,E_ITSP2_ITT2,PC_ENT,PL,9.32,NaN,12.72,NaN,17.41,NaN
A,GE10,C-F,E_ITSP2_ITT2,PC_ENT,PT,9.64,NaN,8.27,NaN,8.64,NaN
A,GE10,C-F,E_ITSP2_ITT2,PC_ENT,RO,2.53,NaN,3.04,NaN,6.27,NaN
A,GE10,C-F,E_ITSP2_ITT2,PC_ENT,RS,9.74,NaN,10.97,NaN,10.64,NaN
A,GE10,C-F,E_ITSP2_ITT2,PC_ENT,SE,11.37,NaN,11.5,NaN,10.12,b
A,GE10,C-F,E_ITSP2_ITT2,PC_ENT,SI,9.99,NaN,12.85,NaN,9.99,NaN
A,GE10,C-F,E_ITSP2_ITT2,PC_ENT,SK,9.9,NaN,9.13,NaN,9.7,NaN
A,GE10,C-F,E_ITSP2_ITT2,PC_ENT,TR,5.39,NaN,7.29,NaN,6.18,NaN
A,GE10,C-F,E_ITSP2_ITT2,PC_ENT,UK,14.58,NaN,,NaN,,NaN
A,GE10,C-F,E_ITSP2_ITT2,PC_ENT_CUSE,AT,,NaN,,NaN,,NaN
A,GE10,C-F,E_ITSP2_ITT2,PC_ENT_CUSE,BA,,NaN,,NaN,,NaN
A,GE10,C-F,E_ITSP2_ITT2,PC_ENT_CUSE,BE,,NaN,,NaN,,NaN
A,GE10,C-F,E_ITSP2_ITT2,PC_ENT_CUSE,BG,,NaN,,NaN,,NaN
A,GE10,C-F,E_ITSP2_ITT2,PC_ENT_CUSE,CY,,NaN,,NaN,,NaN
A,GE10,C-F,E_ITSP2_ITT2,PC_ENT_CUSE,CZ,,NaN,,NaN,,NaN
A,GE10,C-F,E_ITSP2_ITT2,PC_ENT_CUSE,DE,,NaN,,NaN,,NaN
A,GE10,C-F,E_ITSP2_ITT2,PC_ENT_CUSE,DK,,NaN,,NaN,,NaN
A,GE10,C-F,E_ITSP2_ITT2,PC_ENT_CUSE,EA,,NaN,,NaN,,NaN
A,GE10,C-F,E_ITSP2_ITT2,PC_ENT_CUSE,EE,,NaN,,NaN,,NaN
A,GE10,C-F,E_ITSP2_ITT2,PC_ENT_CUSE,EL,,NaN,,NaN,,NaN
A,GE10,C-F,E_ITSP2_ITT2,PC_ENT_CUSE,ES,,NaN,,NaN,,NaN
A,GE10,C-F,E_ITSP2_ITT2,PC_ENT_CUSE,EU15,,NaN,,NaN,,NaN
A,GE10,C-F,E_ITSP2_ITT2,PC_ENT_CUSE,EU27_2007,,NaN,,NaN,,NaN
A,GE10,C-F,E_ITSP2_ITT2,PC_ENT_CUSE,EU27_2020,,NaN,,NaN,,NaN
A,GE10,C-F,E_ITSP2_ITT2,PC_ENT_CUSE,EU28,,NaN,,NaN,,NaN
A,GE10,C-F,E_ITSP2_ITT2,PC_ENT_CUSE,FI,,NaN,,NaN,,NaN
A,GE10,C-F,E_ITSP2_ITT2,PC_ENT_CUSE,FR,,NaN,,NaN,,NaN
A,GE10,C-F,E_ITSP2_ITT2,PC_ENT_CUSE,HR,,NaN,,NaN,,NaN
A,GE10,C-F,E_ITSP2_ITT2,PC_ENT_CUSE,HU,,NaN,,NaN,,NaN
A,GE10,C-F,E_ITSP2_ITT2,PC_ENT_CUSE,IE,,NaN,,NaN,,NaN
A,GE10,C-F,E_ITSP2_ITT2,PC_ENT_CUSE,IT,,NaN,,NaN,,NaN
A,GE10,C-F,E_ITSP2_ITT2,PC_ENT_CUSE,LT,,NaN,,NaN,,NaN
A,GE10,C-F,E_ITSP2_ITT2,PC_ENT_CUSE,LU,,NaN,,NaN,,NaN
A,GE10,C-F,E_ITSP2_ITT2,PC_ENT_CUSE,LV,,NaN,,NaN,,NaN
A,GE10,C-F,E_ITSP2_ITT2,PC_ENT_CUSE,ME,,NaN,,NaN,,NaN
A,GE10,C-F,E_ITSP2_ITT2,PC_ENT_CUSE,MK,,NaN,,NaN,,NaN
A,GE10,C-F,E_ITSP2_ITT2,PC_ENT_CUSE,MT,,NaN,,NaN,,NaN
A,GE10,C-F,E_ITSP2_ITT2,PC_ENT_CUSE,NL,,NaN,,NaN,,NaN
A,GE10,C-F,E_ITSP2_ITT2,PC_ENT_CUSE,NO,,NaN,,NaN,,NaN
A,GE10,C-F,E_ITSP2_ITT2,PC_ENT_CUSE,PL,,NaN,,NaN,,NaN
A,GE10,C-F,E_ITSP2_ITT2,PC_ENT_CUSE,PT,,NaN,,NaN,,NaN
A,GE10,C-F,E_ITSP2_ITT2,PC_ENT_CUSE,RO,,NaN,,NaN,,NaN
A,GE10,C-F,E_ITSP2_ITT2,PC_ENT_CUSE,RS,,NaN,,NaN,,NaN
A,GE10,C-F,E_ITSP2_ITT2,PC_ENT_CUSE,SE,,NaN,,NaN,,NaN
A,GE10,C-F,E_ITSP2_ITT2,PC_ENT_CUSE,SI,,NaN,,NaN,,NaN
A,GE10,C-F,E_ITSP2_ITT2,PC_ENT_CUSE,SK,,NaN,,NaN,,NaN
A,GE10,C-F,E_ITSP2_ITT2,PC_ENT_CUSE,TR,,NaN,,NaN,,NaN
A,GE10,C-F,E_ITSP2_ITT2,PC_ENT_CUSE,UK,,NaN,,NaN,,NaN
A,GE10,C-F,E_ITSPT2,PC_ENT,AL,,NaN,,u,,NaN
A,GE10,C-F,E_ITSPT2,PC_ENT,AT,10.07,NaN,11.64,NaN,12.33,NaN
A,GE10,C-F,E_ITSPT2,PC_ENT,BA,6.86,NaN,3.98,NaN,5.98,NaN
A,GE10,C-F,E_ITSPT2,PC_ENT,BE,14.73,NaN,15.22,NaN,13.94,NaN
A,GE10,C-F,E_ITSPT2,PC_ENT,BG,3.3,NaN,3.15,NaN,3.48,NaN
A,GE10,C-F,E_ITSPT2,PC_ENT,CY,5.71,NaN,6.64,NaN,5.88,NaN
A,GE10,C-F,E_ITSPT2,PC_ENT,CZ,9.98,NaN,9.42,NaN,9.23,NaN
A,GE10,C-F,E_ITSPT2,PC_ENT,DE,10.06,NaN,10.92,NaN,10.97,NaN
A,GE10,C-F,E_ITSPT2,PC_ENT,DK,11.12,NaN,12.0,NaN,11.9,NaN
A,GE10,C-F,E_ITSPT2,PC_ENT,EA,8.2,NaN,8.83,NaN,8.06,NaN
A,GE10,C-F,E_ITSPT2,PC_ENT,EE,6.08,NaN,6.0,NaN,6.09,NaN
A,GE10,C-F,E_ITSPT2,PC_ENT,EL,,u,8.04,NaN,8.3,NaN
A,GE10,C-F,E_ITSPT2,PC_ENT,ES,7.23,NaN,6.09,NaN,5.24,NaN
A,GE10,C-F,E_ITSPT2,PC_ENT,EU15,,NaN,,NaN,,NaN
A,GE10,C-F,E_ITSPT2,PC_ENT,EU27_2007,,NaN,,NaN,,NaN
A,GE10,C-F,E_ITSPT2,PC_ENT,EU27_2020,7.71,NaN,8.44,NaN,8.56,NaN
A,GE10,C-F,E_ITSPT2,PC_ENT,EU28,,NaN,,NaN,,NaN
A,GE10,C-F,E_ITSPT2,PC_ENT,FI,10.84,NaN,11.52,NaN,13.65,NaN
A,GE10,C-F,E_ITSPT2,PC_ENT,FR,6.08,NaN,5.6,b,5.06,NaN
A,GE10,C-F,E_ITSPT2,PC_ENT,HR,6.02,NaN,4.96,NaN,4.95,NaN
A,GE10,C-F,E_ITSPT2,PC_ENT,HU,5.5,NaN,7.04,NaN,6.15,NaN
A,GE10,C-F,E_ITSPT2,PC_ENT,IE,8.9,NaN,9.27,NaN,8.16,NaN
A,GE10,C-F,E_ITSPT2,PC_ENT,IS,,NaN,,NaN,,NaN
A,GE10,C-F,E_ITSPT2,PC_ENT,IT,6.51,NaN,8.14,NaN,6.15,NaN
A,GE10,C-F,E_ITSPT2,PC_ENT,LT,4.38,NaN,4.45,NaN,5.42,NaN
A,GE10,C-F,E_ITSPT2,PC_ENT,LU,6.98,NaN,7.09,NaN,8.27,NaN
A,GE10,C-F,E_ITSPT2,PC_ENT,LV,4.29,NaN,4.63,NaN,4.05,NaN
A,GE10,C-F,E_ITSPT2,PC_ENT,ME,,u,12.12,NaN,8.32,NaN
A,GE10,C-F,E_ITSPT2,PC_ENT,MK,3.83,NaN,3.56,NaN,,NaN
A,GE10,C-F,E_ITSPT2,PC_ENT,MT,8.43,NaN,11.06,NaN,12.63,NaN
A,GE10,C-F,E_ITSPT2,PC_ENT,NL,12.17,NaN,15.47,NaN,14.1,NaN
A,GE10,C-F,E_ITSPT2,PC_ENT,NO,10.13,NaN,8.69,NaN,7.94,NaN
A,GE10,C-F,E_ITSPT2,PC_ENT,PL,6.03,NaN,7.92,NaN,16.18,NaN
A,GE10,C-F,E_ITSPT2,PC_ENT,PT,7.0,NaN,6.6,NaN,7.06,NaN
A,GE10,C-F,E_ITSPT2,PC_ENT,RO,2.25,NaN,3.64,NaN,5.27,NaN
A,GE10,C-F,E_ITSPT2,PC_ENT,RS,7.06,NaN,6.26,NaN,9.11,NaN
A,GE10,C-F,E_ITSPT2,PC_ENT,SE,8.71,NaN,9.24,NaN,6.23,b
A,GE10,C-F,E_ITSPT2,PC_ENT,SI,9.0,NaN,10.94,NaN,8.77,NaN
A,GE10,C-F,E_ITSPT2,PC_ENT,SK,7.55,NaN,7.22,NaN,8.02,NaN
A,GE10,C-F,E_ITSPT2,PC_ENT,TR,4.15,NaN,5.12,NaN,4.93,NaN
A,GE10,C-F,E_ITSPT2,PC_ENT,UK,8.22,NaN,,NaN,,NaN
A,GE10,C-F,E_ITSPT2,PC_ENT_CUSE,AT,,NaN,,NaN,,NaN
A,GE10,C-F,E_ITSPT2,PC_ENT_CUSE,BA,,NaN,,NaN,,NaN
A,GE10,C-F,E_ITSPT2,PC_ENT_CUSE,BE,,NaN,,NaN,,NaN
A,GE10,C-F,E_ITSPT2,PC_ENT_CUSE,BG,,NaN,,NaN,,NaN
A,GE10,C-F,E_ITSPT2,PC_ENT_CUSE,CY,,NaN,,NaN,,NaN
A,GE10,C-F,E_ITSPT2,PC_ENT_CUSE,CZ,,NaN,,NaN,,NaN
A,GE10,C-F,E_ITSPT2,PC_ENT_CUSE,DE,,NaN,,NaN,,NaN
A,GE10,C-F,E_ITSPT2,PC_ENT_CUSE,DK,,NaN,,NaN,,NaN
A,GE10,C-F,E_ITSPT2,PC_ENT_CUSE,EA,,NaN,,NaN,,NaN
A,GE10,C-F,E_ITSPT2,PC_ENT_CUSE,EE,,NaN,,NaN,,NaN
A,GE10,C-F,E_ITSPT2,PC_ENT_CUSE,EL,,NaN,,NaN,,NaN
A,GE10,C-F,E_ITSPT2,PC_ENT_CUSE,ES,,NaN,,NaN,,NaN
A,GE10,C-F,E_ITSPT2,PC_ENT_CUSE,EU15,,NaN,,NaN,,NaN
A,GE10,C-F,E_ITSPT2,PC_ENT_CUSE,EU27_2007,,NaN,,NaN,,NaN
A,GE10,C-F,E_ITSPT2,PC_ENT_CUSE,EU27_2020,,NaN,,NaN,,NaN
A,GE10,C-F,E_ITSPT2,PC_ENT_CUSE,EU28,,NaN,,NaN,,NaN
A,GE10,C-F,E_ITSPT2,PC_ENT_CUSE,FI,,NaN,,NaN,,NaN
A,GE10,C-F,E_ITSPT2,PC_ENT_CUSE,FR,,NaN,,NaN,,NaN
A,GE10,C-F,E_ITSPT2,PC_ENT_CUSE,HR,,NaN,,NaN,,NaN
A,GE10,C-F,E_ITSPT2,PC_ENT_CUSE,HU,,NaN,,NaN,,NaN
A,GE10,C-F,E_ITSPT2,PC_ENT_CUSE,IE,,NaN,,NaN,,NaN
A,GE10,C-F,E_ITSPT2,PC_ENT_CUSE,IS,,NaN,,NaN,,NaN
A,GE10,C-F,E_ITSPT2,PC_ENT_CUSE,IT,,NaN,,NaN,,NaN
A,GE10,C-F,E_ITSPT2,PC_ENT_CUSE,LT,,NaN,,NaN,,NaN
A,GE10,C-F,E_ITSPT2,PC_ENT_CUSE,LU,,NaN,,NaN,,NaN
A,GE10,C-F,E_ITSPT2,PC_ENT_CUSE,LV,,NaN,,NaN,,NaN
A,GE10,C-F,E_ITSPT2,PC_ENT_CUSE,ME,,NaN,,NaN,,NaN
A,GE10,C-F,E_ITSPT2,PC_ENT_CUSE,MK,,NaN,,NaN,,NaN
A,GE10,C-F,E_ITSPT2,PC_ENT_CUSE,MT,,NaN,,NaN,,NaN
A,GE10,C-F,E_ITSPT2,PC_ENT_CUSE,NL,,NaN,,NaN,,NaN
A,GE10,C-F,E_ITSPT2,PC_ENT_CUSE,NO,,NaN,,NaN,,NaN
A,GE10,C-F,E_ITSPT2,PC_ENT_CUSE,PL,,NaN,,NaN,,NaN
A,GE10,C-F,E_ITSPT2,PC_ENT_CUSE,PT,,NaN,,NaN,,NaN
A,GE10,C-F,E_ITSPT2,PC_ENT_CUSE,RO,,NaN,,NaN,,NaN
A,GE10,C-F,E_ITSPT2,PC_ENT_CUSE,RS,,NaN,,NaN,,NaN
A,GE10,C-F,E_ITSPT2,PC_ENT_CUSE,SE,,NaN,,NaN,,NaN
A,GE10,C-F,E_ITSPT2,PC_ENT_CUSE,SI,,NaN,,NaN,,NaN
A,GE10,C-F,E_ITSPT2,PC_ENT_CUSE,SK,,NaN,,NaN,,NaN
A,GE10,C-F,E_ITSPT2,PC_ENT_CUSE,TR,,NaN,,NaN,,NaN
A,GE10,C-F,E_ITSPT2,PC_ENT_CUSE,UK,,NaN,,NaN,,NaN
A,GE10,C-F,E_ITT2,PC_ENT,AL,,NaN,,u,,NaN
A,GE10,C-F,E_ITT2,PC_ENT,AT,15.3,NaN,17.16,NaN,18.16,NaN
A,GE10,C-F,E_ITT2,PC_ENT,BA,11.36,NaN,10.8,NaN,12.21,NaN
A,GE10,C-F,E_ITT2,PC_ENT,BE,29.55,NaN,28.07,NaN,33.65,NaN
A,GE10,C-F,E_ITT2,PC_ENT,BG,4.5,NaN,5.42,NaN,4.76,NaN
A,GE10,C-F,E_ITT2,PC_ENT,CY,17.15,NaN,18.82,NaN,17.93,NaN
A,GE10,C-F,E_ITT2,PC_ENT,CZ,25.14,NaN,22.05,NaN,24.45,NaN
A,GE10,C-F,E_ITT2,PC_ENT,DE,21.6,NaN,23.51,NaN,23.28,NaN
A,GE10,C-F,E_ITT2,PC_ENT,DK,21.7,NaN,22.8,NaN,26.83,NaN
A,GE10,C-F,E_ITT2,PC_ENT,EA,17.8,NaN,18.88,NaN,18.91,NaN
A,GE10,C-F,E_ITT2,PC_ENT,EE,12.91,NaN,13.06,NaN,14.31,NaN
A,GE10,C-F,E_ITT2,PC_ENT,EL,,u,12.75,NaN,12.25,NaN
A,GE10,C-F,E_ITT2,PC_ENT,ES,16.49,NaN,15.78,NaN,16.9,NaN
A,GE10,C-F,E_ITT2,PC_ENT,EU15,,NaN,,NaN,,NaN
A,GE10,C-F,E_ITT2,PC_ENT,EU27_2007,,NaN,,NaN,,NaN
A,GE10,C-F,E_ITT2,PC_ENT,EU27_2020,17.19,NaN,18.61,NaN,19.36,NaN
A,GE10,C-F,E_ITT2,PC_ENT,EU28,,NaN,,NaN,,NaN
A,GE10,C-F,E_ITT2,PC_ENT,FI,32.78,NaN,32.87,NaN,30.81,NaN
A,GE10,C-F,E_ITT2,PC_ENT,FR,12.98,NaN,11.2,b,11.01,NaN
A,GE10,C-F,E_ITT2,PC_ENT,HR,16.32,NaN,14.49,NaN,13.77,NaN
A,GE10,C-F,E_ITT2,PC_ENT,HU,14.78,NaN,16.15,NaN,15.58,NaN
A,GE10,C-F,E_ITT2,PC_ENT,IE,27.16,NaN,22.96,NaN,20.35,NaN
A,GE10,C-F,E_ITT2,PC_ENT,IS,,NaN,,NaN,,NaN
A,GE10,C-F,E_ITT2,PC_ENT,IT,14.3,NaN,17.88,NaN,17.72,NaN
A,GE10,C-F,E_ITT2,PC_ENT,LT,11.15,NaN,8.83,NaN,10.98,NaN
A,GE10,C-F,E_ITT2,PC_ENT,LU,13.04,NaN,15.13,NaN,17.86,NaN
A,GE10,C-F,E_ITT2,PC_ENT,LV,13.85,NaN,12.21,NaN,9.01,NaN
A,GE10,C-F,E_ITT2,PC_ENT,ME,,u,22.56,NaN,17.04,NaN
A,GE10,C-F,E_ITT2,PC_ENT,MK,10.88,NaN,8.04,NaN,,NaN
A,GE10,C-F,E_ITT2,PC_ENT,MT,16.87,NaN,19.71,NaN,22.94,NaN
A,GE10,C-F,E_ITT2,PC_ENT,NL,21.78,NaN,25.03,NaN,24.47,NaN
A,GE10,C-F,E_ITT2,PC_ENT,NO,29.32,NaN,31.21,NaN,24.91,NaN
A,GE10,C-F,E_ITT2,PC_ENT,PL,14.25,NaN,19.68,NaN,26.37,NaN
A,GE10,C-F,E_ITT2,PC_ENT,PT,20.87,NaN,17.42,NaN,23.19,NaN
A,GE10,C-F,E_ITT2,PC_ENT,RO,3.93,NaN,6.52,NaN,9.93,NaN
A,GE10,C-F,E_ITT2,PC_ENT,RS,14.22,NaN,20.51,NaN,15.32,NaN
A,GE10,C-F,E_ITT2,PC_ENT,SE,29.96,NaN,31.71,NaN,28.08,b
A,GE10,C-F,E_ITT2,PC_ENT,SI,21.22,NaN,23.58,NaN,21.87,NaN
A,GE10,C-F,E_ITT2,PC_ENT,SK,15.12,NaN,14.58,NaN,14.95,NaN
A,GE10,C-F,E_ITT2,PC_ENT,TR,9.43,NaN,13.54,NaN,11.95,NaN
A,GE10,C-F,E_ITT2,PC_ENT,UK,22.75,NaN,,NaN,,NaN
A,GE10,C-F,E_ITT2,PC_ENT_CUSE,AT,,NaN,,NaN,,NaN
A,GE10,C-F,E_ITT2,PC_ENT_CUSE,BA,,NaN,,NaN,,NaN
A,GE10,C-F,E_ITT2,PC_ENT_CUSE,BE,,NaN,,NaN,,NaN
A,GE10,C-F,E_ITT2,PC_ENT_CUSE,BG,,NaN,,NaN,,NaN
A,GE10,C-F,E_ITT2,PC_ENT_CUSE,CY,,NaN,,NaN,,NaN
A,GE10,C-F,E_ITT2,PC_ENT_CUSE,CZ,,NaN,,NaN,,NaN
A,GE10,C-F,E_ITT2,PC_ENT_CUSE,DE,,NaN,,NaN,,NaN
A,GE10,C-F,E_ITT2,PC_ENT_CUSE,DK,,NaN,,NaN,,NaN
A,GE10,C-F,E_ITT2,PC_ENT_CUSE,EA,,NaN,,NaN,,NaN
A,GE10,C-F,E_ITT2,PC_ENT_CUSE,EE,,NaN,,NaN,,NaN
A,GE10,C-F,E_ITT2,PC_ENT_CUSE,EL,,NaN,,NaN,,NaN
A,GE10,C-F,E_ITT2,PC_ENT_CUSE,ES,,NaN,,NaN,,NaN
A,GE10,C-F,E_ITT2,PC_ENT_CUSE,EU15,,NaN,,NaN,,NaN
A,GE10,C-F,E_ITT2,PC_ENT_CUSE,EU27_2007,,NaN,,NaN,,NaN
A,GE10,C-F,E_ITT2,PC_ENT_CUSE,EU27_2020,,NaN,,NaN,,NaN
A,GE10,C-F,E_ITT2,PC_ENT_CUSE,EU28,,NaN,,NaN,,NaN
A,GE10,C-F,E_ITT2,PC_ENT_CUSE,FI,,NaN,,NaN,,NaN
A,GE10,C-F,E_ITT2,PC_ENT_CUSE,FR,,NaN,,NaN,,NaN
A,GE10,C-F,E_ITT2,PC_ENT_CUSE,HR,,NaN,,NaN,,NaN
A,GE10,C-F,E_ITT2,PC_ENT_CUSE,HU,,NaN,,NaN,,NaN
A,GE10,C-F,E_ITT2,PC_ENT_CUSE,IE,,NaN,,NaN,,NaN
A,GE10,C-F,E_ITT2,PC_ENT_CUSE,IS,,NaN,,NaN,,NaN
A,GE10,C-F,E_ITT2,PC_ENT_CUSE,IT,,NaN,,NaN,,NaN
A,GE10,C-F,E_ITT2,PC_ENT_CUSE,LT,,NaN,,NaN,,NaN
A,GE10,C-F,E_ITT2,PC_ENT_CUSE,LU,,NaN,,NaN,,NaN
A,GE10,C-F,E_ITT2,PC_ENT_CUSE,LV,,NaN,,NaN,,NaN
A,GE10,C-F,E_ITT2,PC_ENT_CUSE,ME,,NaN,,NaN,,NaN
A,GE10,C-F,E_ITT2,PC_ENT_CUSE,MK,,NaN,,NaN,,NaN
A,GE10,C-F,E_ITT2,PC_ENT_CUSE,MT,,NaN,,NaN,,NaN
A,GE10,C-F,E_ITT2,PC_ENT_CUSE,NL,,NaN,,NaN,,NaN
A,GE10,C-F,E_ITT2,PC_ENT_CUSE,NO,,NaN,,NaN,,NaN
A,GE10,C-F,E_ITT2,PC_ENT_CUSE,PL,,NaN,,NaN,,NaN
A,GE10,C-F,E_ITT2,PC_ENT_CUSE,PT,,NaN,,NaN,,NaN
A,GE10,C-F,E_ITT2,PC_ENT_CUSE,RO,,NaN,,NaN,,NaN
A,GE10,C-F,E_ITT2,PC_ENT_CUSE,RS,,NaN,,NaN,,NaN
A,GE10,C-F,E_ITT2,PC_ENT_CUSE,SE,,NaN,,NaN,,NaN
A,GE10,C-F,E_ITT2,PC_ENT_CUSE,SI,,NaN,,NaN,,NaN
A,GE10,C-F,E_ITT2,PC_ENT_CUSE,SK,,NaN,,NaN,,NaN
A,GE10,C-F,E_ITT2,PC_ENT_CUSE,TR,,NaN,,NaN,,NaN
A,GE10,C-F,E_ITT2,PC_ENT_CUSE,UK,,NaN,,NaN,,NaN
A,GE10,C-F,E_ITUST2,PC_ENT,AL,,NaN,,u,,NaN
A,GE10,C-F,E_ITUST2,PC_ENT,AT,12.76,NaN,13.01,NaN,13.24,NaN
A,GE10,C-F,E_ITUST2,PC_ENT,BA,8.52,NaN,9.32,NaN,9.98,NaN
A,GE10,C-F,E_ITUST2,PC_ENT,BE,26.87,NaN,25.54,NaN,31.93,NaN
A,GE10,C-F,E_ITUST2,PC_ENT,BG,2.78,NaN,4.19,NaN,2.99,NaN
A,GE10,C-F,E_ITUST2,PC_ENT,CY,16.08,NaN,16.75,NaN,16.07,NaN
A,GE10,C-F,E_ITUST2,PC_ENT,CZ,25.14,NaN,19.97,NaN,22.57,NaN
A,GE10,C-F,E_ITUST2,PC_ENT,DE,19.37,NaN,21.66,NaN,21.13,NaN
A,GE10,C-F,E_ITUST2,PC_ENT,DK,18.43,NaN,20.27,NaN,24.05,NaN
A,GE10,C-F,E_ITUST2,PC_ENT,EA,15.29,NaN,16.55,NaN,17.0,NaN
A,GE10,C-F,E_ITUST2,PC_ENT,EE,10.95,NaN,11.52,NaN,12.95,NaN
A,GE10,C-F,E_ITUST2,PC_ENT,EL,,u,9.92,NaN,8.52,NaN
A,GE10,C-F,E_ITUST2,PC_ENT,ES,14.04,NaN,13.72,NaN,15.81,NaN
A,GE10,C-F,E_ITUST2,PC_ENT,EU15,,NaN,,NaN,,NaN
A,GE10,C-F,E_ITUST2,PC_ENT,EU27_2007,,NaN,,NaN,,NaN
A,GE10,C-F,E_ITUST2,PC_ENT,EU27_2020,14.97,NaN,16.45,NaN,17.09,NaN
A,GE10,C-F,E_ITUST2,PC_ENT,EU28,,NaN,,NaN,,NaN
A,GE10,C-F,E_ITUST2,PC_ENT,FI,31.77,NaN,31.15,NaN,28.07,NaN
A,GE10,C-F,E_ITUST2,PC_ENT,FR,10.67,NaN,9.24,b,9.95,NaN
A,GE10,C-F,E_ITUST2,PC_ENT,HR,15.04,NaN,13.56,NaN,12.55,NaN
A,GE10,C-F,E_ITUST2,PC_ENT,HU,12.81,NaN,13.64,NaN,13.68,NaN
A,GE10,C-F,E_ITUST2,PC_ENT,IE,26.11,NaN,19.45,NaN,18.55,NaN
A,GE10,C-F,E_ITUST2,PC_ENT,IS,,NaN,,NaN,,NaN
A,GE10,C-F,E_ITUST2,PC_ENT,IT,11.04,NaN,14.76,NaN,15.88,NaN
A,GE10,C-F,E_ITUST2,PC_ENT,LT,9.76,NaN,8.01,NaN,9.7,NaN
A,GE10,C-F,E_ITUST2,PC_ENT,LU,11.72,NaN,13.4,NaN,15.93,NaN
A,GE10,C-F,E_ITUST2,PC_ENT,LV,12.27,NaN,10.71,NaN,7.85,NaN
A,GE10,C-F,E_ITUST2,PC_ENT,ME,,u,12.93,NaN,12.92,NaN
A,GE10,C-F,E_ITUST2,PC_ENT,MK,9.77,NaN,6.15,NaN,,NaN
A,GE10,C-F,E_ITUST2,PC_ENT,MT,14.46,NaN,16.12,NaN,21.05,NaN
A,GE10,C-F,E_ITUST2,PC_ENT,NL,18.61,NaN,21.47,NaN,20.88,NaN
A,GE10,C-F,E_ITUST2,PC_ENT,NO,27.8,NaN,30.07,NaN,23.66,NaN
A,GE10,C-F,E_ITUST2,PC_ENT,PL,12.79,NaN,18.08,NaN,19.86,NaN
A,GE10,C-F,E_ITUST2,PC_ENT,PT,18.56,NaN,15.43,NaN,21.11,NaN
A,GE10,C-F,E_ITUST2,PC_ENT,RO,3.15,NaN,5.14,NaN,8.52,NaN
A,GE10,C-F,E_ITUST2,PC_ENT,RS,12.56,NaN,18.08,NaN,11.82,NaN
A,GE10,C-F,E_ITUST2,PC_ENT,SE,28.94,NaN,31.15,NaN,27.4,b
A,GE10,C-F,E_ITUST2,PC_ENT,SI,18.62,NaN,21.31,NaN,19.57,NaN
A,GE10,C-F,E_ITUST2,PC_ENT,SK,13.47,NaN,12.72,NaN,13.35,NaN
A,GE10,C-F,E_ITUST2,PC_ENT,TR,7.71,NaN,12.57,NaN,11.12,NaN
A,GE10,C-F,E_ITUST2,PC_ENT,UK,19.03,NaN,,NaN,,NaN
A,GE10,C-F,E_ITUST2,PC_ENT_CUSE,AT,,NaN,,NaN,,NaN
A,GE10,C-F,E_ITUST2,PC_ENT_CUSE,BA,,NaN,,NaN,,NaN
A,GE10,C-F,E_ITUST2,PC_ENT_CUSE,BE,,NaN,,NaN,,NaN
A,GE10,C-F,E_ITUST2,PC_ENT_CUSE,BG,,NaN,,NaN,,NaN
A,GE10,C-F,E_ITUST2,PC_ENT_CUSE,CY,,NaN,,NaN,,NaN
A,GE10,C-F,E_ITUST2,PC_ENT_CUSE,CZ,,NaN,,NaN,,NaN
A,GE10,C-F,E_ITUST2,PC_ENT_CUSE,DE,,NaN,,NaN,,NaN
A,GE10,C-F,E_ITUST2,PC_ENT_CUSE,DK,,NaN,,NaN,,NaN
A,GE10,C-F,E_ITUST2,PC_ENT_CUSE,EA,,NaN,,NaN,,NaN
A,GE10,C-F,E_ITUST2,PC_ENT_CUSE,EE,,NaN,,NaN,,NaN
A,GE10,C-F,E_ITUST2,PC_ENT_CUSE,EL,,NaN,,NaN,,NaN
A,GE10,C-F,E_ITUST2,PC_ENT_CUSE,ES,,NaN,,NaN,,NaN
A,GE10,C-F,E_ITUST2,PC_ENT_CUSE,EU15,,NaN,,NaN,,NaN
A,GE10,C-F,E_ITUST2,PC_ENT_CUSE,EU27_2007,,NaN,,NaN,,NaN
A,GE10,C-F,E_ITUST2,PC_ENT_CUSE,EU27_2020,,NaN,,NaN,,NaN
A,GE10,C-F,E_ITUST2,PC_ENT_CUSE,EU28,,NaN,,NaN,,NaN
A,GE10,C-F,E_ITUST2,PC_ENT_CUSE,FI,,NaN,,NaN,,NaN
A,GE10,C-F,E_ITUST2,PC_ENT_CUSE,FR,,NaN,,NaN,,NaN
A,GE10,C-F,E_ITUST2,PC_ENT_CUSE,HR,,NaN,,NaN,,NaN
A,GE10,C-F,E_ITUST2,PC_ENT_CUSE,HU,,NaN,,NaN,,NaN
A,GE10,C-F,E_ITUST2,PC_ENT_CUSE,IE,,NaN,,NaN,,NaN
A,GE10,C-F,E_ITUST2,PC_ENT_CUSE,IS,,NaN,,NaN,,NaN
A,GE10,C-F,E_ITUST2,PC_ENT_CUSE,IT,,NaN,,NaN,,NaN
A,GE10,C-F,E_ITUST2,PC_ENT_CUSE,LT,,NaN,,NaN,,NaN
A,GE10,C-F,E_ITUST2,PC_ENT_CUSE,LU,,NaN,,NaN,,NaN
A,GE10,C-F,E_ITUST2,PC_ENT_CUSE,LV,,NaN,,NaN,,NaN
A,GE10,C-F,E_ITUST2,PC_ENT_CUSE,ME,,NaN,,NaN,,NaN
A,GE10,C-F,E_ITUST2,PC_ENT_CUSE,MK,,NaN,,NaN,,NaN
A,GE10,C-F,E_ITUST2,PC_ENT_CUSE,MT,,NaN,,NaN,,NaN
A,GE10,C-F,E_ITUST2,PC_ENT_CUSE,NL,,NaN,,NaN,,NaN
A,GE10,C-F,E_ITUST2,PC_ENT_CUSE,NO,,NaN,,NaN,,NaN
A,GE10,C-F,E_ITUST2,PC_ENT_CUSE,PL,,NaN,,NaN,,NaN
A,GE10,C-F,E_ITUST2,PC_ENT_CUSE,PT,,NaN,,NaN,,NaN
A,GE10,C-F,E_ITUST2,PC_ENT_CUSE,RO,,NaN,,NaN,,NaN
A,GE10,C-F,E_ITUST2,PC_ENT_CUSE,RS,,NaN,,NaN,,NaN
A,GE10,C-F,E_ITUST2,PC_ENT_CUSE,SE,,NaN,,NaN,,NaN
A,GE10,C-F,E_ITUST2,PC_ENT_CUSE,SI,,NaN,,NaN,,NaN
A,GE10,C-F,E_ITUST2,PC_ENT_CUSE,SK,,NaN,,NaN,,NaN
A,GE10,C-F,E_ITUST2,PC_ENT_CUSE,TR,,NaN,,NaN,,NaN
A,GE10,C-F,E_ITUST2,PC_ENT_CUSE,UK,,NaN,,NaN,,NaN
A,GE10,C10-C12,E_ITSP2X_ITT2,PC_ENT,AT,3.29,NaN,5.69,NaN,3.18,NaN
A,GE10,C10-C12,E_ITSP2X_ITT2,PC_ENT,BA,1.37,NaN,,u,,u
A,GE10,C10-C12,E_ITSP2X_ITT2,PC_ENT,BE,9.17,NaN,1.2,NaN,7.36,NaN
A,GE10,C10-C12,E_ITSP2X_ITT2,PC_ENT,BG,0.83,NaN,1.97,NaN,,u
A,GE10,C10-C12,E_ITSP2X_ITT2,PC_ENT,CY,11.6,NaN,8.86,NaN,10.05,NaN
A,GE10,C10-C12,E_ITSP2X_ITT2,PC_ENT,CZ,10.23,NaN,10.37,NaN,8.45,NaN
A,GE10,C10-C12,E_ITSP2X_ITT2,PC_ENT,DE,5.91,NaN,8.29,NaN,7.11,NaN
A,GE10,C10-C12,E_ITSP2X_ITT2,PC_ENT,DK,8.75,NaN,3.51,NaN,6.36,NaN
A,GE10,C10-C12,E_ITSP2X_ITT2,PC_ENT,EA,6.16,NaN,7.63,NaN,8.4,NaN
A,GE10,C10-C12,E_ITSP2X_ITT2,PC_ENT,EE,2.54,NaN,4.7,NaN,9.63,NaN
A,GE10,C10-C12,E_ITSP2X_ITT2,PC_ENT,EL,,u,5.43,NaN,5.31,NaN
A,GE10,C10-C12,E_ITSP2X_ITT2,PC_ENT,ES,,u,,u,14.55,NaN
A,GE10,C10-C12,E_ITSP2X_ITT2,PC_ENT,EU15,,NaN,,NaN,,NaN
A,GE10,C10-C12,E_ITSP2X_ITT2,PC_ENT,EU27_2007,,NaN,,NaN,,NaN
A,GE10,C10-C12,E_ITSP2X_ITT2,PC_ENT,EU27_2020,5.96,NaN,7.06,NaN,7.7,NaN
A,GE10,C10-C12,E_ITSP2X_ITT2,PC_ENT,EU28,,NaN,,NaN,,NaN
A,GE10,C10-C12,E_ITSP2X_ITT2,PC_ENT,FI,,u,,u,,u
A,GE10,C10-C12,E_ITSP2X_ITT2,PC_ENT,FR,4.18,NaN,2.75,b,4.22,NaN
A,GE10,C10-C12,E_ITSP2X_ITT2,PC_ENT,HR,6.55,NaN,7.16,NaN,7.72,NaN
A,GE10,C10-C12,E_ITSP2X_ITT2,PC_ENT,HU,7.87,NaN,2.9,NaN,2.25,NaN
A,GE10,C10-C12,E_ITSP2X_ITT2,PC_ENT,IE,14.15,NaN,11.23,NaN,7.87,NaN
A,GE10,C10-C12,E_ITSP2X_ITT2,PC_ENT,IT,9.06,NaN,11.61,NaN,10.35,NaN
A,GE10,C10-C12,E_ITSP2X_ITT2,PC_ENT,LT,7.82,NaN,3.44,NaN,3.99,NaN
A,GE10,C10-C12,E_ITSP2X_ITT2,PC_ENT,LU,,u,,u,,u
A,GE10,C10-C12,E_ITSP2X_ITT2,PC_ENT,LV,4.23,NaN,4.08,NaN,1.47,NaN
A,GE10,C10-C12,E_ITSP2X_ITT2,PC_ENT,ME,,u,9.74,NaN,22.26,NaN
A,GE10,C10-C12,E_ITSP2X_ITT2,PC_ENT,MK,9.82,NaN,0.0,NaN,,NaN
A,GE10,C10-C12,E_ITSP2X_ITT2,PC_ENT,MT,8.74,NaN,4.39,NaN,8.98,NaN
A,GE10,C10-C12,E_ITSP2X_ITT2,PC_ENT,NL,1.15,NaN,4.57,NaN,9.08,NaN
A,GE10,C10-C12,E_ITSP2X_ITT2,PC_ENT,NO,8.23,NaN,16.62,NaN,15.2,NaN
A,GE10,C10-C12,E_ITSP2X_ITT2,PC_ENT,PL,4.79,NaN,5.89,NaN,7.12,NaN
A,GE10,C10-C12,E_ITSP2X_ITT2,PC_ENT,PT,7.45,NaN,16.83,NaN,18.13,NaN
A,GE10,C10-C12,E_ITSP2X_ITT2,PC_ENT,RO,1.61,NaN,1.94,NaN,2.31,NaN
A,GE10,C10-C12,E_ITSP2X_ITT2,PC_ENT,RS,4.11,NaN,4.89,NaN,1.37,NaN
A,GE10,C10-C12,E_ITSP2X_ITT2,PC_ENT,SE,15.21,NaN,10.13,NaN,8.71,b
A,GE10,C10-C12,E_ITSP2X_ITT2,PC_ENT,SI,,NaN,9.32,NaN,8.2,NaN
A,GE10,C10-C12,E_ITSP2X_ITT2,PC_ENT,SK,6.05,NaN,4.28,NaN,3.97,NaN
A,GE10,C10-C12,E_ITSP2X_ITT2,PC_ENT,TR,3.17,NaN,2.67,NaN,3.52,NaN
A,GE10,C10-C12,E_ITSP2X_ITT2,PC_ENT,UK,3.23,NaN,,NaN,,NaN
A,GE10,C10-C12,E_ITSP2X_ITT2,PC_ENT_CUSE,AT,,NaN,,NaN,,NaN
A,GE10,C10-C12,E_ITSP2X_ITT2,PC_ENT_CUSE,BA,,NaN,,NaN,,NaN
A,GE10,C10-C12,E_ITSP2X_ITT2,PC_ENT_CUSE,BE,,NaN,,NaN,,NaN
A,GE10,C10-C12,E_ITSP2X_ITT2,PC_ENT_CUSE,BG,,NaN,,NaN,,NaN
A,GE10,C10-C12,E_ITSP2X_ITT2,PC_ENT_CUSE,CY,,NaN,,NaN,,NaN
A,GE10,C10-C12,E_ITSP2X_ITT2,PC_ENT_CUSE,CZ,,NaN,,NaN,,NaN
A,GE10,C10-C12,E_ITSP2X_ITT2,PC_ENT_CUSE,DE,,NaN,,NaN,,NaN
A,GE10,C10-C12,E_ITSP2X_ITT2,PC_ENT_CUSE,DK,,NaN,,NaN,,NaN
A,GE10,C10-C12,E_ITSP2X_ITT2,PC_ENT_CUSE,EA,,NaN,,NaN,,NaN
A,GE10,C10-C12,E_ITSP2X_ITT2,PC_ENT_CUSE,EE,,NaN,,NaN,,NaN
A,GE10,C10-C12,E_ITSP2X_ITT2,PC_ENT_CUSE,EL,,NaN,,NaN,,NaN
A,GE10,C10-C12,E_ITSP2X_ITT2,PC_ENT_CUSE,ES,,NaN,,NaN,,NaN
A,GE10,C10-C12,E_ITSP2X_ITT2,PC_ENT_CUSE,EU15,,NaN,,NaN,,NaN
A,GE10,C10-C12,E_ITSP2X_ITT2,PC_ENT_CUSE,EU27_2007,,NaN,,NaN,,NaN
A,GE10,C10-C12,E_ITSP2X_ITT2,PC_ENT_CUSE,EU27_2020,,NaN,,NaN,,NaN
A,GE10,C10-C12,E_ITSP2X_ITT2,PC_ENT_CUSE,EU28,,NaN,,NaN,,NaN
A,GE10,C10-C12,E_ITSP2X_ITT2,PC_ENT_CUSE,FI,,NaN,,NaN,,NaN
A,GE10,C10-C12,E_ITSP2X_ITT2,PC_ENT_CUSE,FR,,NaN,,NaN,,NaN
A,GE10,C10-C12,E_ITSP2X_ITT2,PC_ENT_CUSE,HR,,NaN,,NaN,,NaN
A,GE10,C10-C12,E_ITSP2X_ITT2,PC_ENT_CUSE,HU,,NaN,,NaN,,NaN
A,GE10,C10-C12,E_ITSP2X_ITT2,PC_ENT_CUSE,IE,,NaN,,NaN,,NaN
A,GE10,C10-C12,E_ITSP2X_ITT2,PC_ENT_CUSE,IT,,NaN,,NaN,,NaN
A,GE10,C10-C12,E_ITSP2X_ITT2,PC_ENT_CUSE,LT,,NaN,,NaN,,NaN
A,GE10,C10-C12,E_ITSP2X_ITT2,PC_ENT_CUSE,LU,,NaN,,NaN,,NaN
A,GE10,C10-C12,E_ITSP2X_ITT2,PC_ENT_CUSE,LV,,NaN,,NaN,,NaN
A,GE10,C10-C12,E_ITSP2X_ITT2,PC_ENT_CUSE,ME,,NaN,,NaN,,NaN
A,GE10,C10-C12,E_ITSP2X_ITT2,PC_ENT_CUSE,MK,,NaN,,NaN,,NaN
A,GE10,C10-C12,E_ITSP2X_ITT2,PC_ENT_CUSE,MT,,NaN,,NaN,,NaN
A,GE10,C10-C12,E_ITSP2X_ITT2,PC_ENT_CUSE,NL,,NaN,,NaN,,NaN
A,GE10,C10-C12,E_ITSP2X_ITT2,PC_ENT_CUSE,NO,,NaN,,NaN,,NaN
A,GE10,C10-C12,E_ITSP2X_ITT2,PC_ENT_CUSE,PL,,NaN,,NaN,,NaN
A,GE10,C10-C12,E_ITSP2X_ITT2,PC_ENT_CUSE,PT,,NaN,,NaN,,NaN
A,GE10,C10-C12,E_ITSP2X_ITT2,PC_ENT_CUSE,RO,,NaN,,NaN,,NaN
A,GE10,C10-C12,E_ITSP2X_ITT2,PC_ENT_CUSE,RS,,NaN,,NaN,,NaN
A,GE10,C10-C12,E_ITSP2X_ITT2,PC_ENT_CUSE,SE,,NaN,,NaN,,NaN
A,GE10,C10-C12,E_ITSP2X_ITT2,PC_ENT_CUSE,SI,,NaN,,NaN,,NaN
A,GE10,C10-C12,E_ITSP2X_ITT2,PC_ENT_CUSE,SK,,NaN,,NaN,,NaN
A,GE10,C10-C12,E_ITSP2X_ITT2,PC_ENT_CUSE,TR,,NaN,,NaN,,NaN
A,GE10,C10-C12,E_ITSP2X_ITT2,PC_ENT_CUSE,UK,,NaN,,NaN,,NaN
A,GE10,C10-C12,E_ITSP2_ITT2,PC_ENT,AT,8.2,NaN,7.91,NaN,10.84,NaN
A,GE10,C10-C12,E_ITSP2_ITT2,PC_ENT,BA,9.32,NaN,6.12,NaN,6.84,NaN
A,GE10,C10-C12,E_ITSP2_ITT2,PC_ENT,BE,15.84,NaN,,u,26.0,NaN
A,GE10,C10-C12,E_ITSP2_ITT2,PC_ENT,BG,1.67,NaN,2.05,NaN,3.22,NaN
A,GE10,C10-C12,E_ITSP2_ITT2,PC_ENT,CY,8.51,NaN,11.72,NaN,11.28,NaN
A,GE10,C10-C12,E_ITSP2_ITT2,PC_ENT,CZ,9.31,NaN,9.01,NaN,9.01,NaN
A,GE10,C10-C12,E_ITSP2_ITT2,PC_ENT,DE,7.2,NaN,8.34,NaN,7.64,NaN
A,GE10,C10-C12,E_ITSP2_ITT2,PC_ENT,DK,15.3,NaN,23.92,NaN,15.08,NaN
A,GE10,C10-C12,E_ITSP2_ITT2,PC_ENT,EA,7.62,NaN,8.08,NaN,8.01,NaN
A,GE10,C10-C12,E_ITSP2_ITT2,PC_ENT,EE,11.6,NaN,11.75,NaN,7.97,NaN
A,GE10,C10-C12,E_ITSP2_ITT2,PC_ENT,EL,,u,8.02,NaN,6.52,NaN
A,GE10,C10-C12,E_ITSP2_ITT2,PC_ENT,ES,,u,,u,7.72,NaN
A,GE10,C10-C12,E_ITSP2_ITT2,PC_ENT,EU15,,NaN,,NaN,,NaN
A,GE10,C10-C12,E_ITSP2_ITT2,PC_ENT,EU27_2007,,NaN,,NaN,,NaN
A,GE10,C10-C12,E_ITSP2_ITT2,PC_ENT,EU27_2020,7.33,NaN,8.15,NaN,8.5,NaN
A,GE10,C10-C12,E_ITSP2_ITT2,PC_ENT,EU28,,NaN,,NaN,,NaN
A,GE10,C10-C12,E_ITSP2_ITT2,PC_ENT,FI,,u,,u,,u
A,GE10,C10-C12,E_ITSP2_ITT2,PC_ENT,FR,7.54,NaN,6.95,b,3.85,NaN
A,GE10,C10-C12,E_ITSP2_ITT2,PC_ENT,HR,6.2,NaN,4.1,NaN,4.61,NaN
A,GE10,C10-C12,E_ITSP2_ITT2,PC_ENT,HU,6.75,NaN,10.31,NaN,8.06,NaN
A,GE10,C10-C12,E_ITSP2_ITT2,PC_ENT,IE,11.69,NaN,22.1,NaN,28.13,NaN
A,GE10,C10-C12,E_ITSP2_ITT2,PC_ENT,IT,4.92,NaN,4.58,NaN,7.3,NaN
A,GE10,C10-C12,E_ITSP2_ITT2,PC_ENT,LT,8.53,NaN,10.32,NaN,8.98,NaN
A,GE10,C10-C12,E_ITSP2_ITT2,PC_ENT,LU,,u,,u,,u
A,GE10,C10-C12,E_ITSP2_ITT2,PC_ENT,LV,9.98,NaN,10.92,NaN,6.85,NaN
A,GE10,C10-C12,E_ITSP2_ITT2,PC_ENT,ME,,u,0.0,NaN,,NaN
A,GE10,C10-C12,E_ITSP2_ITT2,PC_ENT,MK,,NaN,,u,,NaN
A,GE10,C10-C12,E_ITSP2_ITT2,PC_ENT,MT,10.4,NaN,14.78,NaN,14.71,NaN
A,GE10,C10-C12,E_ITSP2_ITT2,PC_ENT,NL,11.96,NaN,18.0,NaN,18.83,NaN
A,GE10,C10-C12,E_ITSP2_ITT2,PC_ENT,NO,11.88,NaN,8.5,NaN,9.73,NaN
A,GE10,C10-C12,E_ITSP2_ITT2,PC_ENT,PL,8.05,NaN,10.17,NaN,14.86,NaN
A,GE10,C10-C12,E_ITSP2_ITT2,PC_ENT,PT,13.27,NaN,8.97,NaN,9.57,NaN
A,GE10,C10-C12,E_ITSP2_ITT2,PC_ENT,RO,1.46,NaN,2.56,NaN,6.31,NaN
A,GE10,C10-C12,E_ITSP2_ITT2,PC_ENT,RS,7.64,NaN,10.72,NaN,14.55,NaN
A,GE10,C10-C12,E_ITSP2_ITT2,PC_ENT,SE,11.06,NaN,17.15,NaN,9.88,b
A,GE10,C10-C12,E_ITSP2_ITT2,PC_ENT,SI,19.97,NaN,16.75,NaN,11.56,NaN
A,GE10,C10-C12,E_ITSP2_ITT2,PC_ENT,SK,6.25,NaN,10.63,NaN,5.33,NaN
A,GE10,C10-C12,E_ITSP2_ITT2,PC_ENT,TR,5.24,NaN,6.64,NaN,5.86,NaN
A,GE10,C10-C12,E_ITSP2_ITT2,PC_ENT,UK,17.28,NaN,,NaN,,NaN
A,GE10,C10-C12,E_ITSP2_ITT2,PC_ENT_CUSE,AT,,NaN,,NaN,,NaN
A,GE10,C10-C12,E_ITSP2_ITT2,PC_ENT_CUSE,BA,,NaN,,NaN,,NaN
A,GE10,C10-C12,E_ITSP2_ITT2,PC_ENT_CUSE,BE,,NaN,,NaN,,NaN
A,GE10,C10-C12,E_ITSP2_ITT2,PC_ENT_CUSE,BG,,NaN,,NaN,,NaN
A,GE10,C10-C12,E_ITSP2_ITT2,PC_ENT_CUSE,CY,,NaN,,NaN,,NaN
A,GE10,C10-C12,E_ITSP2_ITT2,PC_ENT_CUSE,CZ,,NaN,,NaN,,NaN
A,GE10,C10-C12,E_ITSP2_ITT2,PC_ENT_CUSE,DE,,NaN,,NaN,,NaN
A,GE10,C10-C12,E_ITSP2_ITT2,PC_ENT_CUSE,DK,,NaN,,NaN,,NaN
A,GE10,C10-C12,E_ITSP2_ITT2,PC_ENT_CUSE,EA,,NaN,,NaN,,NaN
A,GE10,C10-C12,E_ITSP2_ITT2,PC_ENT_CUSE,EE,,NaN,,NaN,,NaN
A,GE10,C10-C12,E_ITSP2_ITT2,PC_ENT_CUSE,EL,,NaN,,NaN,,NaN
A,GE10,C10-C12,E_ITSP2_ITT2,PC_ENT_CUSE,ES,,NaN,,NaN,,NaN
A,GE10,C10-C12,E_ITSP2_ITT2,PC_ENT_CUSE,EU15,,NaN,,NaN,,NaN
A,GE10,C10-C12,E_ITSP2_ITT2,PC_ENT_CUSE,EU27_2007,,NaN,,NaN,,NaN
A,GE10,C10-C12,E_ITSP2_ITT2,PC_ENT_CUSE,EU27_2020,,NaN,,NaN,,NaN
A,GE10,C10-C12,E_ITSP2_ITT2,PC_ENT_CUSE,EU28,,NaN,,NaN,,NaN
A,GE10,C10-C12,E_ITSP2_ITT2,PC_ENT_CUSE,FI,,NaN,,NaN,,NaN
A,GE10,C10-C12,E_ITSP2_ITT2,PC_ENT_CUSE,FR,,NaN,,NaN,,NaN
A,GE10,C10-C12,E_ITSP2_ITT2,PC_ENT_CUSE,HR,,NaN,,NaN,,NaN
A,GE10,C10-C12,E_ITSP2_ITT2,PC_ENT_CUSE,HU,,NaN,,NaN,,NaN
A,GE10,C10-C12,E_ITSP2_ITT2,PC_ENT_CUSE,IE,,NaN,,NaN,,NaN
A,GE10,C10-C12,E_ITSP2_ITT2,PC_ENT_CUSE,IT,,NaN,,NaN,,NaN
A,GE10,C10-C12,E_ITSP2_ITT2,PC_ENT_CUSE,LT,,NaN,,NaN,,NaN
A,GE10,C10-C12,E_ITSP2_ITT2,PC_ENT_CUSE,LU,,NaN,,NaN,,NaN
A,GE10,C10-C12,E_ITSP2_ITT2,PC_ENT_CUSE,LV,,NaN,,NaN,,NaN
A,GE10,C10-C12,E_ITSP2_ITT2,PC_ENT_CUSE,ME,,NaN,,NaN,,NaN
A,GE10,C10-C12,E_ITSP2_ITT2,PC_ENT_CUSE,MK,,NaN,,NaN,,NaN
A,GE10,C10-C12,E_ITSP2_ITT2,PC_ENT_CUSE,MT,,NaN,,NaN,,NaN
A,GE10,C10-C12,E_ITSP2_ITT2,PC_ENT_CUSE,NL,,NaN,,NaN,,NaN
A,GE10,C10-C12,E_ITSP2_ITT2,PC_ENT_CUSE,NO,,NaN,,NaN,,NaN
A,GE10,C10-C12,E_ITSP2_ITT2,PC_ENT_CUSE,PL,,NaN,,NaN,,NaN
A,GE10,C10-C12,E_ITSP2_ITT2,PC_ENT_CUSE,PT,,NaN,,NaN,,NaN
A,GE10,C10-C12,E_ITSP2_ITT2,PC_ENT_CUSE,RO,,NaN,,NaN,,NaN
A,GE10,C10-C12,E_ITSP2_ITT2,PC_ENT_CUSE,RS,,NaN,,NaN,,NaN
A,GE10,C10-C12,E_ITSP2_ITT2,PC_ENT_CUSE,SE,,NaN,,NaN,,NaN
A,GE10,C10-C12,E_ITSP2_ITT2,PC_ENT_CUSE,SI,,NaN,,NaN,,NaN
A,GE10,C10-C12,E_ITSP2_ITT2,PC_ENT_CUSE,SK,,NaN,,NaN,,NaN
A,GE10,C10-C12,E_ITSP2_ITT2,PC_ENT_CUSE,TR,,NaN,,NaN,,NaN
A,GE10,C10-C12,E_ITSP2_ITT2,PC_ENT_CUSE,UK,,NaN,,NaN,,NaN
A,GE10,C10-C12,E_ITSPT2,PC_ENT,AT,7.63,NaN,7.63,NaN,11.97,NaN
A,GE10,C10-C12,E_ITSPT2,PC_ENT,BA,7.01,NaN,5.12,NaN,5.44,NaN
A,GE10,C10-C12,E_ITSPT2,PC_ENT,BE,14.55,NaN,,u,17.83,NaN
A,GE10,C10-C12,E_ITSPT2,PC_ENT,BG,1.23,NaN,1.83,NaN,2.11,NaN
A,GE10,C10-C12,E_ITSPT2,PC_ENT,CY,7.02,NaN,6.96,NaN,7.35,NaN
A,GE10,C10-C12,E_ITSPT2,PC_ENT,CZ,8.7,NaN,8.73,NaN,7.5,NaN
A,GE10,C10-C12,E_ITSPT2,PC_ENT,DE,6.57,NaN,7.0,NaN,6.39,NaN
A,GE10,C10-C12,E_ITSPT2,PC_ENT,DK,14.29,NaN,20.87,NaN,13.25,NaN
A,GE10,C10-C12,E_ITSPT2,PC_ENT,EA,6.74,NaN,7.04,NaN,6.62,NaN
A,GE10,C10-C12,E_ITSPT2,PC_ENT,EE,11.1,NaN,10.26,NaN,4.53,NaN
A,GE10,C10-C12,E_ITSPT2,PC_ENT,EL,,u,5.45,NaN,6.84,NaN
A,GE10,C10-C12,E_ITSPT2,PC_ENT,ES,,u,,u,6.37,NaN
A,GE10,C10-C12,E_ITSPT2,PC_ENT,EU15,,NaN,,NaN,,NaN
A,GE10,C10-C12,E_ITSPT2,PC_ENT,EU27_2007,,NaN,,NaN,,NaN
A,GE10,C10-C12,E_ITSPT2,PC_ENT,EU27_2020,6.22,NaN,6.73,NaN,7.1,NaN
A,GE10,C10-C12,E_ITSPT2,PC_ENT,EU28,,NaN,,NaN,,NaN
A,GE10,C10-C12,E_ITSPT2,PC_ENT,FI,,u,,u,,u
A,GE10,C10-C12,E_ITSPT2,PC_ENT,FR,6.1,NaN,5.2,b,3.13,NaN
A,GE10,C10-C12,E_ITSPT2,PC_ENT,HR,4.77,NaN,3.28,NaN,3.32,NaN
A,GE10,C10-C12,E_ITSPT2,PC_ENT,HU,3.97,NaN,6.33,NaN,5.78,NaN
A,GE10,C10-C12,E_ITSPT2,PC_ENT,IE,7.32,NaN,21.29,NaN,18.08,NaN
A,GE10,C10-C12,E_ITSPT2,PC_ENT,IS,,NaN,,NaN,,NaN
A,GE10,C10-C12,E_ITSPT2,PC_ENT,IT,5.98,NaN,5.93,NaN,6.21,NaN
A,GE10,C10-C12,E_ITSPT2,PC_ENT,LT,6.4,NaN,7.62,NaN,7.73,NaN
A,GE10,C10-C12,E_ITSPT2,PC_ENT,LU,,u,,u,,u
A,GE10,C10-C12,E_ITSPT2,PC_ENT,LV,6.48,NaN,9.58,NaN,6.16,NaN
A,GE10,C10-C12,E_ITSPT2,PC_ENT,ME,,u,0.0,NaN,,NaN
A,GE10,C10-C12,E_ITSPT2,PC_ENT,MK,,NaN,,u,,NaN
A,GE10,C10-C12,E_ITSPT2,PC_ENT,MT,8.88,NaN,12.9,NaN,12.92,NaN
A,GE10,C10-C12,E_ITSPT2,PC_ENT,NL,10.81,NaN,15.81,NaN,17.3,NaN
A,GE10,C10-C12,E_ITSPT2,PC_ENT,NO,12.48,NaN,7.08,NaN,8.07,NaN
A,GE10,C10-C12,E_ITSPT2,PC_ENT,PL,5.12,NaN,5.82,NaN,13.48,NaN
A,GE10,C10-C12,E_ITSPT2,PC_ENT,PT,7.77,NaN,7.03,NaN,8.14,NaN
A,GE10,C10-C12,E_ITSPT2,PC_ENT,RO,1.38,NaN,1.46,NaN,5.75,NaN
A,GE10,C10-C12,E_ITSPT2,PC_ENT,RS,5.87,NaN,7.17,NaN,14.55,NaN
A,GE10,C10-C12,E_ITSPT2,PC_ENT,SE,6.88,NaN,13.39,NaN,5.46,b
A,GE10,C10-C12,E_ITSPT2,PC_ENT,SI,15.62,NaN,13.43,NaN,6.87,NaN
A,GE10,C10-C12,E_ITSPT2,PC_ENT,SK,5.63,NaN,9.33,NaN,4.16,NaN
A,GE10,C10-C12,E_ITSPT2,PC_ENT,TR,4.76,NaN,5.36,NaN,4.92,NaN
A,GE10,C10-C12,E_ITSPT2,PC_ENT,UK,14.08,NaN,,NaN,,NaN
A,GE10,C10-C12,E_ITSPT2,PC_ENT_CUSE,AT,,NaN,,NaN,,NaN
A,GE10,C10-C12,E_ITSPT2,PC_ENT_CUSE,BA,,NaN,,NaN,,NaN
A,GE10,C10-C12,E_ITSPT2,PC_ENT_CUSE,BE,,NaN,,NaN,,NaN
A,GE10,C10-C12,E_ITSPT2,PC_ENT_CUSE,BG,,NaN,,NaN,,NaN
A,GE10,C10-C12,E_ITSPT2,PC_ENT_CUSE,CY,,NaN,,NaN,,NaN
A,GE10,C10-C12,E_ITSPT2,PC_ENT_CUSE,CZ,,NaN,,NaN,,NaN
A,GE10,C10-C12,E_ITSPT2,PC_ENT_CUSE,DE,,NaN,,NaN,,NaN
A,GE10,C10-C12,E_ITSPT2,PC_ENT_CUSE,DK,,NaN,,NaN,,NaN
A,GE10,C10-C12,E_ITSPT2,PC_ENT_CUSE,EA,,NaN,,NaN,,NaN
A,GE10,C10-C12,E_ITSPT2,PC_ENT_CUSE,EE,,NaN,,NaN,,NaN
A,GE10,C10-C12,E_ITSPT2,PC_ENT_CUSE,EL,,NaN,,NaN,,NaN
A,GE10,C10-C12,E_ITSPT2,PC_ENT_CUSE,ES,,NaN,,NaN,,NaN
A,GE10,C10-C12,E_ITSPT2,PC_ENT_CUSE,EU15,,NaN,,NaN,,NaN
A,GE10,C10-C12,E_ITSPT2,PC_ENT_CUSE,EU27_2007,,NaN,,NaN,,NaN
A,GE10,C10-C12,E_ITSPT2,PC_ENT_CUSE,EU27_2020,,NaN,,NaN,,NaN
A,GE10,C10-C12,E_ITSPT2,PC_ENT_CUSE,EU28,,NaN,,NaN,,NaN
A,GE10,C10-C12,E_ITSPT2,PC_ENT_CUSE,FI,,NaN,,NaN,,NaN
A,GE10,C10-C12,E_ITSPT2,PC_ENT_CUSE,FR,,NaN,,NaN,,NaN
A,GE10,C10-C12,E_ITSPT2,PC_ENT_CUSE,HR,,NaN,,NaN,,NaN
A,GE10,C10-C12,E_ITSPT2,PC_ENT_CUSE,HU,,NaN,,NaN,,NaN
A,GE10,C10-C12,E_ITSPT2,PC_ENT_CUSE,IE,,NaN,,NaN,,NaN
A,GE10,C10-C12,E_ITSPT2,PC_ENT_CUSE,IS,,NaN,,NaN,,NaN
A,GE10,C10-C12,E_ITSPT2,PC_ENT_CUSE,IT,,NaN,,NaN,,NaN
A,GE10,C10-C12,E_ITSPT2,PC_ENT_CUSE,LT,,NaN,,NaN,,NaN
A,GE10,C10-C12,E_ITSPT2,PC_ENT_CUSE,LU,,NaN,,NaN,,NaN
A,GE10,C10-C12,E_ITSPT2,PC_ENT_CUSE,LV,,NaN,,NaN,,NaN
A,GE10,C10-C12,E_ITSPT2,PC_ENT_CUSE,ME,,NaN,,NaN,,NaN
A,GE10,C10-C12,E_ITSPT2,PC_ENT_CUSE,MK,,NaN,,NaN,,NaN
A,GE10,C10-C12,E_ITSPT2,PC_ENT_CUSE,MT,,NaN,,NaN,,NaN
A,GE10,C10-C12,E_ITSPT2,PC_ENT_CUSE,NL,,NaN,,NaN,,NaN
A,GE10,C10-C12,E_ITSPT2,PC_ENT_CUSE,NO,,NaN,,NaN,,NaN
A,GE10,C10-C12,E_ITSPT2,PC_ENT_CUSE,PL,,NaN,,NaN,,NaN
A,GE10,C10-C12,E_ITSPT2,PC_ENT_CUSE,PT,,NaN,,NaN,,NaN
A,GE10,C10-C12,E_ITSPT2,PC_ENT_CUSE,RO,,NaN,,NaN,,NaN
A,GE10,C10-C12,E_ITSPT2,PC_ENT_CUSE,RS,,NaN,,NaN,,NaN
A,GE10,C10-C12,E_ITSPT2,PC_ENT_CUSE,SE,,NaN,,NaN,,NaN
A,GE10,C10-C12,E_ITSPT2,PC_ENT_CUSE,SI,,NaN,,NaN,,NaN
A,GE10,C10-C12,E_ITSPT2,PC_ENT_CUSE,SK,,NaN,,NaN,,NaN
A,GE10,C10-C12,E_ITSPT2,PC_ENT_CUSE,TR,,NaN,,NaN,,NaN
A,GE10,C10-C12,E_ITSPT2,PC_ENT_CUSE,UK,,NaN,,NaN,,NaN
A,GE10,C10-C12,E_ITT2,PC_ENT,AT,11.48,NaN,13.69,NaN,15.02,NaN
A,GE10,C10-C12,E_ITT2,PC_ENT,BA,10.69,NaN,9.61,NaN,10.08,NaN
A,GE10,C10-C12,E_ITT2,PC_ENT,BE,25.01,NaN,,u,33.35,NaN
A,GE10,C10-C12,E_ITT2,PC_ENT,BG,2.5,NaN,4.02,NaN,3.82,NaN
A,GE10,C10-C12,E_ITT2,PC_ENT,CY,20.1,NaN,20.58,NaN,21.34,NaN
A,GE10,C10-C12,E_ITT2,PC_ENT,CZ,19.54,NaN,19.38,NaN,17.46,NaN
A,GE10,C10-C12,E_ITT2,PC_ENT,DE,13.1,NaN,16.63,NaN,14.75,NaN
A,GE10,C10-C12,E_ITT2,PC_ENT,DK,24.05,NaN,27.43,NaN,21.45,NaN
A,GE10,C10-C12,E_ITT2,PC_ENT,EA,14.1,NaN,15.85,NaN,16.47,NaN
A,GE10,C10-C12,E_ITT2,PC_ENT,EE,14.14,NaN,16.45,NaN,17.6,NaN
A,GE10,C10-C12,E_ITT2,PC_ENT,EL,,u,13.46,NaN,12.42,NaN
A,GE10,C10-C12,E_ITT2,PC_ENT,ES,,u,,u,22.28,NaN
A,GE10,C10-C12,E_ITT2,PC_ENT,EU15,,NaN,,NaN,,NaN
A,GE10,C10-C12,E_ITT2,PC_ENT,EU27_2007,,NaN,,NaN,,NaN
A,GE10,C10-C12,E_ITT2,PC_ENT,EU27_2020,13.54,NaN,15.31,NaN,16.25,NaN
A,GE10,C10-C12,E_ITT2,PC_ENT,EU28,,NaN,,NaN,,NaN
A,GE10,C10-C12,E_ITT2,PC_ENT,FI,,u,,u,,u
A,GE10,C10-C12,E_ITT2,PC_ENT,FR,11.72,NaN,9.7,b,8.07,NaN
A,GE10,C10-C12,E_ITT2,PC_ENT,HR,12.75,NaN,11.25,NaN,12.33,NaN
A,GE10,C10-C12,E_ITT2,PC_ENT,HU,14.62,NaN,13.21,NaN,10.31,NaN
A,GE10,C10-C12,E_ITT2,PC_ENT,IE,25.84,NaN,33.33,NaN,35.99,NaN
A,GE10,C10-C12,E_ITT2,PC_ENT,IS,,NaN,,NaN,,NaN
A,GE10,C10-C12,E_ITT2,PC_ENT,IT,15.05,NaN,16.96,NaN,17.65,NaN
A,GE10,C10-C12,E_ITT2,PC_ENT,LT,16.35,NaN,13.76,NaN,13.47,NaN
A,GE10,C10-C12,E_ITT2,PC_ENT,LU,,u,,u,,u
A,GE10,C10-C12,E_ITT2,PC_ENT,LV,14.21,NaN,15.0,NaN,8.32,NaN
A,GE10,C10-C12,E_ITT2,PC_ENT,ME,,u,9.74,NaN,23.42,NaN
A,GE10,C10-C12,E_ITT2,PC_ENT,MK,,u,,u,,NaN
A,GE10,C10-C12,E_ITT2,PC_ENT,MT,19.14,NaN,19.17,NaN,23.69,NaN
A,GE10,C10-C12,E_ITT2,PC_ENT,NL,18.61,NaN,22.57,NaN,27.91,NaN
A,GE10,C10-C12,E_ITT2,PC_ENT,NO,20.29,NaN,25.13,NaN,24.93,NaN
A,GE10,C10-C12,E_ITT2,PC_ENT,PL,12.83,NaN,16.06,NaN,21.98,NaN
A,GE10,C10-C12,E_ITT2,PC_ENT,PT,20.72,NaN,25.8,NaN,27.7,NaN
A,GE10,C10-C12,E_ITT2,PC_ENT,RO,3.27,NaN,4.49,NaN,8.62,NaN
A,GE10,C10-C12,E_ITT2,PC_ENT,RS,11.75,NaN,15.61,NaN,15.92,NaN
A,GE10,C10-C12,E_ITT2,PC_ENT,SE,26.27,NaN,27.28,NaN,18.59,b
A,GE10,C10-C12,E_ITT2,PC_ENT,SI,20.52,NaN,26.07,NaN,19.77,NaN
A,GE10,C10-C12,E_ITT2,PC_ENT,SK,12.3,NaN,14.91,NaN,9.29,NaN
A,GE10,C10-C12,E_ITT2,PC_ENT,TR,8.41,NaN,9.31,NaN,9.38,NaN
A,GE10,C10-C12,E_ITT2,PC_ENT,UK,20.47,NaN,,NaN,,NaN
A,GE10,C10-C12,E_ITT2,PC_ENT_CUSE,AT,,NaN,,NaN,,NaN
A,GE10,C10-C12,E_ITT2,PC_ENT_CUSE,BA,,NaN,,NaN,,NaN
A,GE10,C10-C12,E_ITT2,PC_ENT_CUSE,BE,,NaN,,NaN,,NaN
A,GE10,C10-C12,E_ITT2,PC_ENT_CUSE,BG,,NaN,,NaN,,NaN
A,GE10,C10-C12,E_ITT2,PC_ENT_CUSE,CY,,NaN,,NaN,,NaN
A,GE10,C10-C12,E_ITT2,PC_ENT_CUSE,CZ,,NaN,,NaN,,NaN
A,GE10,C10-C12,E_ITT2,PC_ENT_CUSE,DE,,NaN,,NaN,,NaN
A,GE10,C10-C12,E_ITT2,PC_ENT_CUSE,DK,,NaN,,NaN,,NaN
A,GE10,C10-C12,E_ITT2,PC_ENT_CUSE,EA,,NaN,,NaN,,NaN
A,GE10,C10-C12,E_ITT2,PC_ENT_CUSE,EE,,NaN,,NaN,,NaN
A,GE10,C10-C12,E_ITT2,PC_ENT_CUSE,EL,,NaN,,NaN,,NaN
A,GE10,C10-C12,E_ITT2,PC_ENT_CUSE,ES,,NaN,,NaN,,NaN
A,GE10,C10-C12,E_ITT2,PC_ENT_CUSE,EU15,,NaN,,NaN,,NaN
A,GE10,C10-C12,E_ITT2,PC_ENT_CUSE,EU27_2007,,NaN,,NaN,,NaN
A,GE10,C10-C12,E_ITT2,PC_ENT_CUSE,EU27_2020,,NaN,,NaN,,NaN
A,GE10,C10-C12,E_ITT2,PC_ENT_CUSE,EU28,,NaN,,NaN,,NaN
A,GE10,C10-C12,E_ITT2,PC_ENT_CUSE,FI,,NaN,,NaN,,NaN
A,GE10,C10-C12,E_ITT2,PC_ENT_CUSE,FR,,NaN,,NaN,,NaN
A,GE10,C10-C12,E_ITT2,PC_ENT_CUSE,HR,,NaN,,NaN,,NaN
A,GE10,C10-C12,E_ITT2,PC_ENT_CUSE,HU,,NaN,,NaN,,NaN
A,GE10,C10-C12,E_ITT2,PC_ENT_CUSE,IE,,NaN,,NaN,,NaN
A,GE10,C10-C12,E_ITT2,PC_ENT_CUSE,IS,,NaN,,NaN,,NaN
A,GE10,C10-C12,E_ITT2,PC_ENT_CUSE,IT,,NaN,,NaN,,NaN
A,GE10,C10-C12,E_ITT2,PC_ENT_CUSE,LT,,NaN,,NaN,,NaN
A,GE10,C10-C12,E_ITT2,PC_ENT_CUSE,LU,,NaN,,NaN,,NaN
A,GE10,C10-C12,E_ITT2,PC_ENT_CUSE,LV,,NaN,,NaN,,NaN
A,GE10,C10-C12,E_ITT2,PC_ENT_CUSE,ME,,NaN,,NaN,,NaN
A,GE10,C10-C12,E_ITT2,PC_ENT_CUSE,MK,,NaN,,NaN,,NaN
A,GE10,C10-C12,E_ITT2,PC_ENT_CUSE,MT,,NaN,,NaN,,NaN
A,GE10,C10-C12,E_ITT2,PC_ENT_CUSE,NL,,NaN,,NaN,,NaN
A,GE10,C10-C12,E_ITT2,PC_ENT_CUSE,NO,,NaN,,NaN,,NaN
A,GE10,C10-C12,E_ITT2,PC_ENT_CUSE,PL,,NaN,,NaN,,NaN
A,GE10,C10-C12,E_ITT2,PC_ENT_CUSE,PT,,NaN,,NaN,,NaN
A,GE10,C10-C12,E_ITT2,PC_ENT_CUSE,RO,,NaN,,NaN,,NaN
A,GE10,C10-C12,E_ITT2,PC_ENT_CUSE,RS,,NaN,,NaN,,NaN
A,GE10,C10-C12,E_ITT2,PC_ENT_CUSE,SE,,NaN,,NaN,,NaN
A,GE10,C10-C12,E_ITT2,PC_ENT_CUSE,SI,,NaN,,NaN,,NaN
A,GE10,C10-C12,E_ITT2,PC_ENT_CUSE,SK,,NaN,,NaN,,NaN
A,GE10,C10-C12,E_ITT2,PC_ENT_CUSE,TR,,NaN,,NaN,,NaN
A,GE10,C10-C12,E_ITT2,PC_ENT_CUSE,UK,,NaN,,NaN,,NaN
A,GE10,C10-C12,E_ITUST2,PC_ENT,AT,10.1,NaN,10.21,NaN,11.14,NaN
A,GE10,C10-C12,E_ITUST2,PC_ENT,BA,6.66,NaN,6.3,NaN,7.27,NaN
A,GE10,C10-C12,E_ITUST2,PC_ENT,BE,24.72,NaN,,u,32.41,NaN
A,GE10,C10-C12,E_ITUST2,PC_ENT,BG,1.92,NaN,3.09,NaN,3.31,NaN
A,GE10,C10-C12,E_ITUST2,PC_ENT,CY,17.83,NaN,18.66,NaN,19.74,NaN
A,GE10,C10-C12,E_ITUST2,PC_ENT,CZ,19.54,NaN,18.45,NaN,15.92,NaN
A,GE10,C10-C12,E_ITUST2,PC_ENT,DE,12.24,NaN,15.61,NaN,13.32,NaN
A,GE10,C10-C12,E_ITUST2,PC_ENT,DK,21.22,NaN,24.88,NaN,19.46,NaN
A,GE10,C10-C12,E_ITUST2,PC_ENT,EA,12.11,NaN,14.14,NaN,14.83,NaN
A,GE10,C10-C12,E_ITUST2,PC_ENT,EE,12.61,NaN,12.43,NaN,16.59,NaN
A,GE10,C10-C12,E_ITUST2,PC_ENT,EL,,u,12.27,NaN,8.35,NaN
A,GE10,C10-C12,E_ITUST2,PC_ENT,ES,,u,,u,21.08,NaN
A,GE10,C10-C12,E_ITUST2,PC_ENT,EU15,,NaN,,NaN,,NaN
A,GE10,C10-C12,E_ITUST2,PC_ENT,EU27_2007,,NaN,,NaN,,NaN
A,GE10,C10-C12,E_ITUST2,PC_ENT,EU27_2020,11.85,NaN,13.79,NaN,14.36,NaN
A,GE10,C10-C12,E_ITUST2,PC_ENT,EU28,,NaN,,NaN,,NaN
A,GE10,C10-C12,E_ITUST2,PC_ENT,FI,,u,,u,,u
A,GE10,C10-C12,E_ITUST2,PC_ENT,FR,9.98,NaN,7.63,b,7.03,NaN
A,GE10,C10-C12,E_ITUST2,PC_ENT,HR,12.18,NaN,10.85,NaN,11.54,NaN
A,GE10,C10-C12,E_ITUST2,PC_ENT,HU,13.22,NaN,11.96,NaN,9.22,NaN
A,GE10,C10-C12,E_ITUST2,PC_ENT,IE,25.44,NaN,26.21,NaN,33.89,NaN
A,GE10,C10-C12,E_ITUST2,PC_ENT,IS,,NaN,,NaN,,NaN
A,GE10,C10-C12,E_ITUST2,PC_ENT,IT,11.5,NaN,15.07,NaN,15.66,NaN
A,GE10,C10-C12,E_ITUST2,PC_ENT,LT,15.17,NaN,13.02,NaN,11.97,NaN
A,GE10,C10-C12,E_ITUST2,PC_ENT,LU,,u,,u,,u
A,GE10,C10-C12,E_ITUST2,PC_ENT,LV,11.43,NaN,14.66,NaN,6.63,NaN
A,GE10,C10-C12,E_ITUST2,PC_ENT,ME,,u,9.74,NaN,22.26,NaN
A,GE10,C10-C12,E_ITUST2,PC_ENT,MK,,u,,u,,NaN
A,GE10,C10-C12,E_ITUST2,PC_ENT,MT,17.61,NaN,15.41,NaN,23.69,NaN
A,GE10,C10-C12,E_ITUST2,PC_ENT,NL,15.79,NaN,18.88,NaN,23.72,NaN
A,GE10,C10-C12,E_ITUST2,PC_ENT,NO,17.08,NaN,23.88,NaN,22.86,NaN
A,GE10,C10-C12,E_ITUST2,PC_ENT,PL,12.16,NaN,15.11,NaN,17.33,NaN
A,GE10,C10-C12,E_ITUST2,PC_ENT,PT,16.7,NaN,22.06,NaN,26.75,NaN
A,GE10,C10-C12,E_ITUST2,PC_ENT,RO,2.79,NaN,4.3,NaN,5.59,NaN
A,GE10,C10-C12,E_ITUST2,PC_ENT,RS,9.35,NaN,13.82,NaN,10.45,NaN
A,GE10,C10-C12,E_ITUST2,PC_ENT,SE,24.37,NaN,25.4,NaN,18.39,b
A,GE10,C10-C12,E_ITUST2,PC_ENT,SI,15.07,NaN,22.25,NaN,19.77,NaN
A,GE10,C10-C12,E_ITUST2,PC_ENT,SK,11.05,NaN,13.81,NaN,8.13,NaN
A,GE10,C10-C12,E_ITUST2,PC_ENT,TR,5.79,NaN,8.82,NaN,8.25,NaN
A,GE10,C10-C12,E_ITUST2,PC_ENT,UK,15.52,NaN,,NaN,,NaN
A,GE10,C10-C12,E_ITUST2,PC_ENT_CUSE,AT,,NaN,,NaN,,NaN
A,GE10,C10-C12,E_ITUST2,PC_ENT_CUSE,BA,,NaN,,NaN,,NaN
A,GE10,C10-C12,E_ITUST2,PC_ENT_CUSE,BE,,NaN,,NaN,,NaN
A,GE10,C10-C12,E_ITUST2,PC_ENT_CUSE,BG,,NaN,,NaN,,NaN
A,GE10,C10-C12,E_ITUST2,PC_ENT_CUSE,CY,,NaN,,NaN,,NaN
A,GE10,C10-C12,E_ITUST2,PC_ENT_CUSE,CZ,,NaN,,NaN,,NaN
A,GE10,C10-C12,E_ITUST2,PC_ENT_CUSE,DE,,NaN,,NaN,,NaN
A,GE10,C10-C12,E_ITUST2,PC_ENT_CUSE,DK,,NaN,,NaN,,NaN
A,GE10,C10-C12,E_ITUST2,PC_ENT_CUSE,EA,,NaN,,NaN,,NaN
A,GE10,C10-C12,E_ITUST2,PC_ENT_CUSE,EE,,NaN,,NaN,,NaN
A,GE10,C10-C12,E_ITUST2,PC_ENT_CUSE,EL,,NaN,,NaN,,NaN
A,GE10,C10-C12,E_ITUST2,PC_ENT_CUSE,ES,,NaN,,NaN,,NaN
A,GE10,C10-C12,E_ITUST2,PC_ENT_CUSE,EU15,,NaN,,NaN,,NaN
A,GE10,C10-C12,E_ITUST2,PC_ENT_CUSE,EU27_2007,,NaN,,NaN,,NaN
A,GE10,C10-C12,E_ITUST2,PC_ENT_CUSE,EU27_2020,,NaN,,NaN,,NaN
A,GE10,C10-C12,E_ITUST2,PC_ENT_CUSE,EU28,,NaN,,NaN,,NaN
A,GE10,C10-C12,E_ITUST2,PC_ENT_CUSE,FI,,NaN,,NaN,,NaN
A,GE10,C10-C12,E_ITUST2,PC_ENT_CUSE,FR,,NaN,,NaN,,NaN
A,GE10,C10-C12,E_ITUST2,PC_ENT_CUSE,HR,,NaN,,NaN,,NaN
A,GE10,C10-C12,E_ITUST2,PC_ENT_CUSE,HU,,NaN,,NaN,,NaN
A,GE10,C10-C12,E_ITUST2,PC_ENT_CUSE,IE,,NaN,,NaN,,NaN
A,GE10,C10-C12,E_ITUST2,PC_ENT_CUSE,IS,,NaN,,NaN,,NaN
A,GE10,C10-C12,E_ITUST2,PC_ENT_CUSE,IT,,NaN,,NaN,,NaN
A,GE10,C10-C12,E_ITUST2,PC_ENT_CUSE,LT,,NaN,,NaN,,NaN
A,GE10,C10-C12,E_ITUST2,PC_ENT_CUSE,LU,,NaN,,NaN,,NaN
A,GE10,C10-C12,E_ITUST2,PC_ENT_CUSE,LV,,NaN,,NaN,,NaN
A,GE10,C10-C12,E_ITUST2,PC_ENT_CUSE,ME,,NaN,,NaN,,NaN
A,GE10,C10-C12,E_ITUST2,PC_ENT_CUSE,MK,,NaN,,NaN,,NaN
A,GE10,C10-C12,E_ITUST2,PC_ENT_CUSE,MT,,NaN,,NaN,,NaN
A,GE10,C10-C12,E_ITUST2,PC_ENT_CUSE,NL,,NaN,,NaN,,NaN
A,GE10,C10-C12,E_ITUST2,PC_ENT_CUSE,NO,,NaN,,NaN,,NaN
A,GE10,C10-C12,E_ITUST2,PC_ENT_CUSE,PL,,NaN,,NaN,,NaN
A,GE10,C10-C12,E_ITUST2,PC_ENT_CUSE,PT,,NaN,,NaN,,NaN
A,GE10,C10-C12,E_ITUST2,PC_ENT_CUSE,RO,,NaN,,NaN,,NaN
A,GE10,C10-C12,E_ITUST2,PC_ENT_CUSE,RS,,NaN,,NaN,,NaN
A,GE10,C10-C12,E_ITUST2,PC_ENT_CUSE,SE,,NaN,,NaN,,NaN
A,GE10,C10-C12,E_ITUST2,PC_ENT_CUSE,SI,,NaN,,NaN,,NaN
A,GE10,C10-C12,E_ITUST2,PC_ENT_CUSE,SK,,NaN,,NaN,,NaN
A,GE10,C10-C12,E_ITUST2,PC_ENT_CUSE,TR,,NaN,,NaN,,NaN
A,GE10,C10-C12,E_ITUST2,PC_ENT_CUSE,UK,,NaN,,NaN,,NaN
A,GE10,C10-C18,E_ITSP2X_ITT2,PC_ENT,AT,3.47,NaN,5.31,NaN,3.66,NaN
A,GE10,C10-C18,E_ITSP2X_ITT2,PC_ENT,BA,,u,,u,,u
A,GE10,C10-C18,E_ITSP2X_ITT2,PC_ENT,BE,8.99,NaN,2.84,NaN,11.6,NaN
A,GE10,C10-C18,E_ITSP2X_ITT2,PC_ENT,BG,0.69,NaN,1.15,NaN,0.38,NaN
A,GE10,C10-C18,E_ITSP2X_ITT2,PC_ENT,CY,10.71,NaN,10.81,NaN,8.69,NaN
A,GE10,C10-C18,E_ITSP2X_ITT2,PC_ENT,CZ,9.41,NaN,9.15,NaN,10.51,NaN
A,GE10,C10-C18,E_ITSP2X_ITT2,PC_ENT,DE,7.38,NaN,9.07,NaN,7.16,NaN
A,GE10,C10-C18,E_ITSP2X_ITT2,PC_ENT,DK,8.18,NaN,4.23,NaN,9.12,NaN
A,GE10,C10-C18,E_ITSP2X_ITT2,PC_ENT,EA,6.36,NaN,7.64,NaN,8.83,NaN
A,GE10,C10-C18,E_ITSP2X_ITT2,PC_ENT,EE,3.88,NaN,5.8,NaN,7.07,NaN
A,GE10,C10-C18,E_ITSP2X_ITT2,PC_ENT,EL,,u,5.23,NaN,5.52,NaN
A,GE10,C10-C18,E_ITSP2X_ITT2,PC_ENT,ES,6.86,NaN,7.55,NaN,11.23,NaN
A,GE10,C10-C18,E_ITSP2X_ITT2,PC_ENT,EU15,,NaN,,NaN,,NaN
A,GE10,C10-C18,E_ITSP2X_ITT2,PC_ENT,EU27_2007,,NaN,,NaN,,NaN
A,GE10,C10-C18,E_ITSP2X_ITT2,PC_ENT,EU27_2020,5.94,NaN,7.1,NaN,8.22,NaN
A,GE10,C10-C18,E_ITSP2X_ITT2,PC_ENT,EU28,,NaN,,NaN,,NaN
A,GE10,C10-C18,E_ITSP2X_ITT2,PC_ENT,FI,20.97,NaN,15.58,NaN,10.33,NaN
A,GE10,C10-C18,E_ITSP2X_ITT2,PC_ENT,FR,4.88,NaN,4.12,b,4.19,NaN
A,GE10,C10-C18,E_ITSP2X_ITT2,PC_ENT,HR,7.38,NaN,10.2,NaN,5.82,NaN
A,GE10,C10-C18,E_ITSP2X_ITT2,PC_ENT,HU,5.33,NaN,2.83,NaN,3.17,NaN
A,GE10,C10-C18,E_ITSP2X_ITT2,PC_ENT,IE,13.04,NaN,9.98,NaN,6.93,NaN
A,GE10,C10-C18,E_ITSP2X_ITT2,PC_ENT,IT,6.56,NaN,9.19,NaN,12.51,NaN
A,GE10,C10-C18,E_ITSP2X_ITT2,PC_ENT,LT,4.22,NaN,3.75,NaN,4.72,NaN
A,GE10,C10-C18,E_ITSP2X_ITT2,PC_ENT,LU,3.06,NaN,7.6,NaN,17.33,NaN
A,GE10,C10-C18,E_ITSP2X_ITT2,PC_ENT,LV,3.04,NaN,4.62,NaN,1.59,NaN
A,GE10,C10-C18,E_ITSP2X_ITT2,PC_ENT,ME,,u,18.72,NaN,18.21,NaN
A,GE10,C10-C18,E_ITSP2X_ITT2,PC_ENT,MK,4.7,NaN,,u,,NaN
A,GE10,C10-C18,E_ITSP2X_ITT2,PC_ENT,MT,8.59,NaN,4.97,NaN,9.41,NaN
A,GE10,C10-C18,E_ITSP2X_ITT2,PC_ENT,NL,1.35,NaN,5.35,NaN,9.42,NaN
A,GE10,C10-C18,E_ITSP2X_ITT2,PC_ENT,NO,15.77,NaN,18.87,NaN,16.21,NaN
A,GE10,C10-C18,E_ITSP2X_ITT2,PC_ENT,PL,4.47,NaN,6.62,NaN,7.99,NaN
A,GE10,C10-C18,E_ITSP2X_ITT2,PC_ENT,PT,6.71,NaN,8.74,NaN,11.52,NaN
A,GE10,C10-C18,E_ITSP2X_ITT2,PC_ENT,RO,1.11,NaN,1.47,NaN,2.61,NaN
A,GE10,C10-C18,E_ITSP2X_ITT2,PC_ENT,RS,2.47,NaN,8.81,NaN,3.35,NaN
A,GE10,C10-C18,E_ITSP2X_ITT2,PC_ENT,SE,17.89,NaN,14.6,NaN,14.94,b
A,GE10,C10-C18,E_ITSP2X_ITT2,PC_ENT,SI,3.85,NaN,8.04,NaN,13.19,NaN
A,GE10,C10-C18,E_ITSP2X_ITT2,PC_ENT,SK,5.64,NaN,6.43,NaN,5.17,NaN
A,GE10,C10-C18,E_ITSP2X_ITT2,PC_ENT,TR,2.69,NaN,4.64,NaN,4.09,NaN
A,GE10,C10-C18,E_ITSP2X_ITT2,PC_ENT,UK,6.77,NaN,,NaN,,NaN
A,GE10,C10-C18,E_ITSP2X_ITT2,PC_ENT_CUSE,AT,,NaN,,NaN,,NaN
A,GE10,C10-C18,E_ITSP2X_ITT2,PC_ENT_CUSE,BA,,NaN,,NaN,,NaN
A,GE10,C10-C18,E_ITSP2X_ITT2,PC_ENT_CUSE,BE,,NaN,,NaN,,NaN
A,GE10,C10-C18,E_ITSP2X_ITT2,PC_ENT_CUSE,BG,,NaN,,NaN,,NaN
A,GE10,C10-C18,E_ITSP2X_ITT2,PC_ENT_CUSE,CY,,NaN,,NaN,,NaN
A,GE10,C10-C18,E_ITSP2X_ITT2,PC_ENT_CUSE,CZ,,NaN,,NaN,,NaN
A,GE10,C10-C18,E_ITSP2X_ITT2,PC_ENT_CUSE,DE,,NaN,,NaN,,NaN
A,GE10,C10-C18,E_ITSP2X_ITT2,PC_ENT_CUSE,DK,,NaN,,NaN,,NaN
A,GE10,C10-C18,E_ITSP2X_ITT2,PC_ENT_CUSE,EA,,NaN,,NaN,,NaN
A,GE10,C10-C18,E_ITSP2X_ITT2,PC_ENT_CUSE,EE,,NaN,,NaN,,NaN
A,GE10,C10-C18,E_ITSP2X_ITT2,PC_ENT_CUSE,EL,,NaN,,NaN,,NaN
A,GE10,C10-C18,E_ITSP2X_ITT2,PC_ENT_CUSE,ES,,NaN,,NaN,,NaN
A,GE10,C10-C18,E_ITSP2X_ITT2,PC_ENT_CUSE,EU15,,NaN,,NaN,,NaN
A,GE10,C10-C18,E_ITSP2X_ITT2,PC_ENT_CUSE,EU27_2007,,NaN,,NaN,,NaN
A,GE10,C10-C18,E_ITSP2X_ITT2,PC_ENT_CUSE,EU27_2020,,NaN,,NaN,,NaN
A,GE10,C10-C18,E_ITSP2X_ITT2,PC_ENT_CUSE,EU28,,NaN,,NaN,,NaN
A,GE10,C10-C18,E_ITSP2X_ITT2,PC_ENT_CUSE,FI,,NaN,,NaN,,NaN
A,GE10,C10-C18,E_ITSP2X_ITT2,PC_ENT_CUSE,FR,,NaN,,NaN,,NaN
A,GE10,C10-C18,E_ITSP2X_ITT2,PC_ENT_CUSE,HR,,NaN,,NaN,,NaN
A,GE10,C10-C18,E_ITSP2X_ITT2,PC_ENT_CUSE,HU,,NaN,,NaN,,NaN
A,GE10,C10-C18,E_ITSP2X_ITT2,PC_ENT_CUSE,IE,,NaN,,NaN,,NaN
A,GE10,C10-C18,E_ITSP2X_ITT2,PC_ENT_CUSE,IT,,NaN,,NaN,,NaN
A,GE10,C10-C18,E_ITSP2X_ITT2,PC_ENT_CUSE,LT,,NaN,,NaN,,NaN
A,GE10,C10-C18,E_ITSP2X_ITT2,PC_ENT_CUSE,LU,,NaN,,NaN,,NaN
A,GE10,C10-C18,E_ITSP2X_ITT2,PC_ENT_CUSE,LV,,NaN,,NaN,,NaN
A,GE10,C10-C18,E_ITSP2X_ITT2,PC_ENT_CUSE,ME,,NaN,,NaN,,NaN
A,GE10,C10-C18,E_ITSP2X_ITT2,PC_ENT_CUSE,MK,,NaN,,NaN,,NaN
A,GE10,C10-C18,E_ITSP2X_ITT2,PC_ENT_CUSE,MT,,NaN,,NaN,,NaN
A,GE10,C10-C18,E_ITSP2X_ITT2,PC_ENT_CUSE,NL,,NaN,,NaN,,NaN
A,GE10,C10-C18,E_ITSP2X_ITT2,PC_ENT_CUSE,NO,,NaN,,NaN,,NaN
A,GE10,C10-C18,E_ITSP2X_ITT2,PC_ENT_CUSE,PL,,NaN,,NaN,,NaN
A,GE10,C10-C18,E_ITSP2X_ITT2,PC_ENT_CUSE,PT,,NaN,,NaN,,NaN
A,GE10,C10-C18,E_ITSP2X_ITT2,PC_ENT_CUSE,RO,,NaN,,NaN,,NaN
A,GE10,C10-C18,E_ITSP2X_ITT2,PC_ENT_CUSE,RS,,NaN,,NaN,,NaN
A,GE10,C10-C18,E_ITSP2X_ITT2,PC_ENT_CUSE,SE,,NaN,,NaN,,NaN
A,GE10,C10-C18,E_ITSP2X_ITT2,PC_ENT_CUSE,SI,,NaN,,NaN,,NaN
A,GE10,C10-C18,E_ITSP2X_ITT2,PC_ENT_CUSE,SK,,NaN,,NaN,,NaN
A,GE10,C10-C18,E_ITSP2X_ITT2,PC_ENT_CUSE,TR,,NaN,,NaN,,NaN
A,GE10,C10-C18,E_ITSP2X_ITT2,PC_ENT_CUSE,UK,,NaN,,NaN,,NaN
A,GE10,C10-C18,E_ITSP2_ITT2,PC_ENT,AT,10.59,NaN,8.6,NaN,13.43,NaN
A,GE10,C10-C18,E_ITSP2_ITT2,PC_ENT,BA,6.15,NaN,,u,4.74,NaN
A,GE10,C10-C18,E_ITSP2_ITT2,PC_ENT,BE,16.35,NaN,22.41,NaN,24.52,NaN
A,GE10,C10-C18,E_ITSP2_ITT2,PC_ENT,BG,1.96,NaN,1.95,NaN,2.17,NaN
A,GE10,C10-C18,E_ITSP2_ITT2,PC_ENT,CY,7.86,NaN,10.79,NaN,8.38,NaN
A,GE10,C10-C18,E_ITSP2_ITT2,PC_ENT,CZ,7.9,NaN,8.51,NaN,9.26,NaN
A,GE10,C10-C18,E_ITSP2_ITT2,PC_ENT,DE,10.76,NaN,10.36,NaN,10.63,NaN
A,GE10,C10-C18,E_ITSP2_ITT2,PC_ENT,DK,19.49,NaN,22.78,NaN,16.31,NaN
A,GE10,C10-C18,E_ITSP2_ITT2,PC_ENT,EA,7.91,NaN,7.64,NaN,8.19,NaN
A,GE10,C10-C18,E_ITSP2_ITT2,PC_ENT,EE,8.54,NaN,8.04,NaN,7.97,NaN
A,GE10,C10-C18,E_ITSP2_ITT2,PC_ENT,EL,,u,7.34,NaN,7.58,NaN
A,GE10,C10-C18,E_ITSP2_ITT2,PC_ENT,ES,7.29,NaN,4.9,NaN,7.03,NaN
A,GE10,C10-C18,E_ITSP2_ITT2,PC_ENT,EU15,,NaN,,NaN,,NaN
A,GE10,C10-C18,E_ITSP2_ITT2,PC_ENT,EU27_2007,,NaN,,NaN,,NaN
A,GE10,C10-C18,E_ITSP2_ITT2,PC_ENT,EU27_2020,7.45,NaN,7.83,NaN,8.54,NaN
A,GE10,C10-C18,E_ITSP2_ITT2,PC_ENT,EU28,,NaN,,NaN,,NaN
A,GE10,C10-C18,E_ITSP2_ITT2,PC_ENT,FI,16.36,NaN,19.1,NaN,23.02,NaN
A,GE10,C10-C18,E_ITSP2_ITT2,PC_ENT,FR,8.66,NaN,7.16,b,5.54,NaN
A,GE10,C10-C18,E_ITSP2_ITT2,PC_ENT,HR,7.26,NaN,6.2,NaN,4.1,NaN
A,GE10,C10-C18,E_ITSP2_ITT2,PC_ENT,HU,7.42,NaN,9.53,NaN,6.21,NaN
A,GE10,C10-C18,E_ITSP2_ITT2,PC_ENT,IE,13.53,NaN,17.91,NaN,22.74,NaN
A,GE10,C10-C18,E_ITSP2_ITT2,PC_ENT,IT,3.84,NaN,4.06,NaN,5.64,NaN
A,GE10,C10-C18,E_ITSP2_ITT2,PC_ENT,LT,5.95,NaN,5.98,NaN,5.38,NaN
A,GE10,C10-C18,E_ITSP2_ITT2,PC_ENT,LU,13.4,NaN,16.8,NaN,18.4,NaN
A,GE10,C10-C18,E_ITSP2_ITT2,PC_ENT,LV,5.28,NaN,4.86,NaN,4.8,NaN
A,GE10,C10-C18,E_ITSP2_ITT2,PC_ENT,ME,,u,,NaN,,NaN
A,GE10,C10-C18,E_ITSP2_ITT2,PC_ENT,MK,3.31,NaN,,u,,NaN
A,GE10,C10-C18,E_ITSP2_ITT2,PC_ENT,MT,11.22,NaN,15.93,NaN,19.79,NaN
A,GE10,C10-C18,E_ITSP2_ITT2,PC_ENT,NL,12.75,NaN,17.03,NaN,16.53,NaN
A,GE10,C10-C18,E_ITSP2_ITT2,PC_ENT,NO,13.41,NaN,12.05,NaN,10.74,NaN
A,GE10,C10-C18,E_ITSP2_ITT2,PC_ENT,PL,7.29,NaN,11.01,NaN,14.5,NaN
A,GE10,C10-C18,E_ITSP2_ITT2,PC_ENT,PT,7.73,NaN,6.76,NaN,7.2,NaN
A,GE10,C10-C18,E_ITSP2_ITT2,PC_ENT,RO,1.48,NaN,2.74,NaN,5.38,NaN
A,GE10,C10-C18,E_ITSP2_ITT2,PC_ENT,RS,9.64,NaN,8.1,NaN,12.08,NaN
A,GE10,C10-C18,E_ITSP2_ITT2,PC_ENT,SE,15.32,NaN,17.24,NaN,10.42,b
A,GE10,C10-C18,E_ITSP2_ITT2,PC_ENT,SI,17.92,NaN,15.63,NaN,9.16,NaN
A,GE10,C10-C18,E_ITSP2_ITT2,PC_ENT,SK,5.86,NaN,7.75,NaN,6.03,NaN
A,GE10,C10-C18,E_ITSP2_ITT2,PC_ENT,TR,4.76,NaN,6.61,NaN,6.46,NaN
A,GE10,C10-C18,E_ITSP2_ITT2,PC_ENT,UK,14.72,NaN,,NaN,,NaN
A,GE10,C10-C18,E_ITSP2_ITT2,PC_ENT_CUSE,AT,,NaN,,NaN,,NaN
A,GE10,C10-C18,E_ITSP2_ITT2,PC_ENT_CUSE,BA,,NaN,,NaN,,NaN
A,GE10,C10-C18,E_ITSP2_ITT2,PC_ENT_CUSE,BE,,NaN,,NaN,,NaN
A,GE10,C10-C18,E_ITSP2_ITT2,PC_ENT_CUSE,BG,,NaN,,NaN,,NaN
A,GE10,C10-C18,E_ITSP2_ITT2,PC_ENT_CUSE,CY,,NaN,,NaN,,NaN
A,GE10,C10-C18,E_ITSP2_ITT2,PC_ENT_CUSE,CZ,,NaN,,NaN,,NaN
A,GE10,C10-C18,E_ITSP2_ITT2,PC_ENT_CUSE,DE,,NaN,,NaN,,NaN
A,GE10,C10-C18,E_ITSP2_ITT2,PC_ENT_CUSE,DK,,NaN,,NaN,,NaN
A,GE10,C10-C18,E_ITSP2_ITT2,PC_ENT_CUSE,EA,,NaN,,NaN,,NaN
A,GE10,C10-C18,E_ITSP2_ITT2,PC_ENT_CUSE,EE,,NaN,,NaN,,NaN
A,GE10,C10-C18,E_ITSP2_ITT2,PC_ENT_CUSE,EL,,NaN,,NaN,,NaN
A,GE10,C10-C18,E_ITSP2_ITT2,PC_ENT_CUSE,ES,,NaN,,NaN,,NaN
A,GE10,C10-C18,E_ITSP2_ITT2,PC_ENT_CUSE,EU15,,NaN,,NaN,,NaN
A,GE10,C10-C18,E_ITSP2_ITT2,PC_ENT_CUSE,EU27_2007,,NaN,,NaN,,NaN
A,GE10,C10-C18,E_ITSP2_ITT2,PC_ENT_CUSE,EU27_2020,,NaN,,NaN,,NaN
A,GE10,C10-C18,E_ITSP2_ITT2,PC_ENT_CUSE,EU28,,NaN,,NaN,,NaN
A,GE10,C10-C18,E_ITSP2_ITT2,PC_ENT_CUSE,FI,,NaN,,NaN,,NaN
A,GE10,C10-C18,E_ITSP2_ITT2,PC_ENT_CUSE,FR,,NaN,,NaN,,NaN
A,GE10,C10-C18,E_ITSP2_ITT2,PC_ENT_CUSE,HR,,NaN,,NaN,,NaN
A,GE10,C10-C18,E_ITSP2_ITT2,PC_ENT_CUSE,HU,,NaN,,NaN,,NaN
A,GE10,C10-C18,E_ITSP2_ITT2,PC_ENT_CUSE,IE,,NaN,,NaN,,NaN
A,GE10,C10-C18,E_ITSP2_ITT2,PC_ENT_CUSE,IT,,NaN,,NaN,,NaN
A,GE10,C10-C18,E_ITSP2_ITT2,PC_ENT_CUSE,LT,,NaN,,NaN,,NaN
A,GE10,C10-C18,E_ITSP2_ITT2,PC_ENT_CUSE,LU,,NaN,,NaN,,NaN
A,GE10,C10-C18,E_ITSP2_ITT2,PC_ENT_CUSE,LV,,NaN,,NaN,,NaN
A,GE10,C10-C18,E_ITSP2_ITT2,PC_ENT_CUSE,ME,,NaN,,NaN,,NaN
A,GE10,C10-C18,E_ITSP2_ITT2,PC_ENT_CUSE,MK,,NaN,,NaN,,NaN
A,GE10,C10-C18,E_ITSP2_ITT2,PC_ENT_CUSE,MT,,NaN,,NaN,,NaN
A,GE10,C10-C18,E_ITSP2_ITT2,PC_ENT_CUSE,NL,,NaN,,NaN,,NaN
A,GE10,C10-C18,E_ITSP2_ITT2,PC_ENT_CUSE,NO,,NaN,,NaN,,NaN
A,GE10,C10-C18,E_ITSP2_ITT2,PC_ENT_CUSE,PL,,NaN,,NaN,,NaN
A,GE10,C10-C18,E_ITSP2_ITT2,PC_ENT_CUSE,PT,,NaN,,NaN,,NaN
A,GE10,C10-C18,E_ITSP2_ITT2,PC_ENT_CUSE,RO,,NaN,,NaN,,NaN
A,GE10,C10-C18,E_ITSP2_ITT2,PC_ENT_CUSE,RS,,NaN,,NaN,,NaN
A,GE10,C10-C18,E_ITSP2_ITT2,PC_ENT_CUSE,SE,,NaN,,NaN,,NaN
A,GE10,C10-C18,E_ITSP2_ITT2,PC_ENT_CUSE,SI,,NaN,,NaN,,NaN
A,GE10,C10-C18,E_ITSP2_ITT2,PC_ENT_CUSE,SK,,NaN,,NaN,,NaN
A,GE10,C10-C18,E_ITSP2_ITT2,PC_ENT_CUSE,TR,,NaN,,NaN,,NaN
A,GE10,C10-C18,E_ITSP2_ITT2,PC_ENT_CUSE,UK,,NaN,,NaN,,NaN
A,GE10,C10-C18,E_ITSPT2,PC_ENT,AT,8.74,NaN,8.16,NaN,13.97,NaN
A,GE10,C10-C18,E_ITSPT2,PC_ENT,BA,4.92,NaN,,u,4.11,NaN
A,GE10,C10-C18,E_ITSPT2,PC_ENT,BE,12.72,NaN,19.66,NaN,19.11,NaN
A,GE10,C10-C18,E_ITSPT2,PC_ENT,BG,1.71,NaN,1.75,NaN,1.61,NaN
A,GE10,C10-C18,E_ITSPT2,PC_ENT,CY,6.47,NaN,6.7,NaN,5.6,NaN
A,GE10,C10-C18,E_ITSPT2,PC_ENT,CZ,7.04,NaN,7.38,NaN,7.11,NaN
A,GE10,C10-C18,E_ITSPT2,PC_ENT,DE,9.25,NaN,8.83,NaN,8.81,NaN
A,GE10,C10-C18,E_ITSPT2,PC_ENT,DK,16.49,NaN,19.54,NaN,13.15,NaN
A,GE10,C10-C18,E_ITSPT2,PC_ENT,EA,6.67,NaN,6.64,NaN,6.76,NaN
A,GE10,C10-C18,E_ITSPT2,PC_ENT,EE,8.11,NaN,6.73,NaN,7.18,NaN
A,GE10,C10-C18,E_ITSPT2,PC_ENT,EL,,u,5.9,NaN,8.15,NaN
A,GE10,C10-C18,E_ITSPT2,PC_ENT,ES,5.86,NaN,3.69,NaN,5.55,NaN
A,GE10,C10-C18,E_ITSPT2,PC_ENT,EU15,,NaN,,NaN,,NaN
A,GE10,C10-C18,E_ITSPT2,PC_ENT,EU27_2007,,NaN,,NaN,,NaN
A,GE10,C10-C18,E_ITSPT2,PC_ENT,EU27_2020,6.04,NaN,6.32,NaN,7.14,NaN
A,GE10,C10-C18,E_ITSPT2,PC_ENT,EU28,,NaN,,NaN,,NaN
A,GE10,C10-C18,E_ITSPT2,PC_ENT,FI,13.42,NaN,15.21,NaN,15.83,NaN
A,GE10,C10-C18,E_ITSPT2,PC_ENT,FR,6.87,NaN,5.29,b,4.47,NaN
A,GE10,C10-C18,E_ITSPT2,PC_ENT,HR,5.96,NaN,3.03,NaN,3.05,NaN
A,GE10,C10-C18,E_ITSPT2,PC_ENT,HU,4.25,NaN,5.7,NaN,4.36,NaN
A,GE10,C10-C18,E_ITSPT2,PC_ENT,IE,8.09,NaN,14.66,NaN,13.63,NaN
A,GE10,C10-C18,E_ITSPT2,PC_ENT,IS,,NaN,,NaN,,NaN
A,GE10,C10-C18,E_ITSPT2,PC_ENT,IT,3.92,NaN,4.98,NaN,4.66,NaN
A,GE10,C10-C18,E_ITSPT2,PC_ENT,LT,3.99,NaN,4.23,NaN,4.72,NaN
A,GE10,C10-C18,E_ITSPT2,PC_ENT,LU,10.92,NaN,16.8,NaN,17.25,NaN
A,GE10,C10-C18,E_ITSPT2,PC_ENT,LV,3.17,NaN,3.47,NaN,4.5,NaN
A,GE10,C10-C18,E_ITSPT2,PC_ENT,ME,,u,,NaN,,NaN
A,GE10,C10-C18,E_ITSPT2,PC_ENT,MK,,NaN,1.76,NaN,,NaN
A,GE10,C10-C18,E_ITSPT2,PC_ENT,MT,9.32,NaN,13.44,NaN,17.02,NaN
A,GE10,C10-C18,E_ITSPT2,PC_ENT,NL,11.39,NaN,15.33,NaN,15.09,NaN
A,GE10,C10-C18,E_ITSPT2,PC_ENT,NO,15.15,NaN,9.96,NaN,8.92,NaN
A,GE10,C10-C18,E_ITSPT2,PC_ENT,PL,4.31,NaN,6.16,NaN,13.46,NaN
A,GE10,C10-C18,E_ITSPT2,PC_ENT,PT,5.59,NaN,4.77,NaN,5.42,NaN
A,GE10,C10-C18,E_ITSPT2,PC_ENT,RO,1.47,NaN,1.9,NaN,4.62,NaN
A,GE10,C10-C18,E_ITSPT2,PC_ENT,RS,7.27,NaN,5.49,NaN,12.02,NaN
A,GE10,C10-C18,E_ITSPT2,PC_ENT,SE,9.61,NaN,11.78,NaN,6.91,b
A,GE10,C10-C18,E_ITSPT2,PC_ENT,SI,14.44,NaN,11.94,NaN,7.52,NaN
A,GE10,C10-C18,E_ITSPT2,PC_ENT,SK,5.08,NaN,6.1,NaN,4.43,NaN
A,GE10,C10-C18,E_ITSPT2,PC_ENT,TR,4.08,NaN,4.5,NaN,5.09,NaN
A,GE10,C10-C18,E_ITSPT2,PC_ENT,UK,9.31,NaN,,NaN,,NaN
A,GE10,C10-C18,E_ITSPT2,PC_ENT_CUSE,AT,,NaN,,NaN,,NaN
A,GE10,C10-C18,E_ITSPT2,PC_ENT_CUSE,BA,,NaN,,NaN,,NaN
A,GE10,C10-C18,E_ITSPT2,PC_ENT_CUSE,BE,,NaN,,NaN,,NaN
A,GE10,C10-C18,E_ITSPT2,PC_ENT_CUSE,BG,,NaN,,NaN,,NaN
A,GE10,C10-C18,E_ITSPT2,PC_ENT_CUSE,CY,,NaN,,NaN,,NaN
A,GE10,C10-C18,E_ITSPT2,PC_ENT_CUSE,CZ,,NaN,,NaN,,NaN
A,GE10,C10-C18,E_ITSPT2,PC_ENT_CUSE,DE,,NaN,,NaN,,NaN
A,GE10,C10-C18,E_ITSPT2,PC_ENT_CUSE,DK,,NaN,,NaN,,NaN
A,GE10,C10-C18,E_ITSPT2,PC_ENT_CUSE,EA,,NaN,,NaN,,NaN
A,GE10,C10-C18,E_ITSPT2,PC_ENT_CUSE,EE,,NaN,,NaN,,NaN
A,GE10,C10-C18,E_ITSPT2,PC_ENT_CUSE,EL,,NaN,,NaN,,NaN
A,GE10,C10-C18,E_ITSPT2,PC_ENT_CUSE,ES,,NaN,,NaN,,NaN
A,GE10,C10-C18,E_ITSPT2,PC_ENT_CUSE,EU15,,NaN,,NaN,,NaN
A,GE10,C10-C18,E_ITSPT2,PC_ENT_CUSE,EU27_2007,,NaN,,NaN,,NaN
A,GE10,C10-C18,E_ITSPT2,PC_ENT_CUSE,EU27_2020,,NaN,,NaN,,NaN
A,GE10,C10-C18,E_ITSPT2,PC_ENT_CUSE,EU28,,NaN,,NaN,,NaN
A,GE10,C10-C18,E_ITSPT2,PC_ENT_CUSE,FI,,NaN,,NaN,,NaN
A,GE10,C10-C18,E_ITSPT2,PC_ENT_CUSE,FR,,NaN,,NaN,,NaN
A,GE10,C10-C18,E_ITSPT2,PC_ENT_CUSE,HR,,NaN,,NaN,,NaN
A,GE10,C10-C18,E_ITSPT2,PC_ENT_CUSE,HU,,NaN,,NaN,,NaN
A,GE10,C10-C18,E_ITSPT2,PC_ENT_CUSE,IE,,NaN,,NaN,,NaN
A,GE10,C10-C18,E_ITSPT2,PC_ENT_CUSE,IS,,NaN,,NaN,,NaN
A,GE10,C10-C18,E_ITSPT2,PC_ENT_CUSE,IT,,NaN,,NaN,,NaN
A,GE10,C10-C18,E_ITSPT2,PC_ENT_CUSE,LT,,NaN,,NaN,,NaN
A,GE10,C10-C18,E_ITSPT2,PC_ENT_CUSE,LU,,NaN,,NaN,,NaN
A,GE10,C10-C18,E_ITSPT2,PC_ENT_CUSE,LV,,NaN,,NaN,,NaN
A,GE10,C10-C18,E_ITSPT2,PC_ENT_CUSE,ME,,NaN,,NaN,,NaN
A,GE10,C10-C18,E_ITSPT2,PC_ENT_CUSE,MK,,NaN,,NaN,,NaN
A,GE10,C10-C18,E_ITSPT2,PC_ENT_CUSE,MT,,NaN,,NaN,,NaN
A,GE10,C10-C18,E_ITSPT2,PC_ENT_CUSE,NL,,NaN,,NaN,,NaN
A,GE10,C10-C18,E_ITSPT2,PC_ENT_CUSE,NO,,NaN,,NaN,,NaN
A,GE10,C10-C18,E_ITSPT2,PC_ENT_CUSE,PL,,NaN,,NaN,,NaN
A,GE10,C10-C18,E_ITSPT2,PC_ENT_CUSE,PT,,NaN,,NaN,,NaN
A,GE10,C10-C18,E_ITSPT2,PC_ENT_CUSE,RO,,NaN,,NaN,,NaN
A,GE10,C10-C18,E_ITSPT2,PC_ENT_CUSE,RS,,NaN,,NaN,,NaN
A,GE10,C10-C18,E_ITSPT2,PC_ENT_CUSE,SE,,NaN,,NaN,,NaN
A,GE10,C10-C18,E_ITSPT2,PC_ENT_CUSE,SI,,NaN,,NaN,,NaN
A,GE10,C10-C18,E_ITSPT2,PC_ENT_CUSE,SK,,NaN,,NaN,,NaN
A,GE10,C10-C18,E_ITSPT2,PC_ENT_CUSE,TR,,NaN,,NaN,,NaN
A,GE10,C10-C18,E_ITSPT2,PC_ENT_CUSE,UK,,NaN,,NaN,,NaN
A,GE10,C10-C18,E_ITT2,PC_ENT,AT,14.06,NaN,13.96,NaN,17.8,NaN
A,GE10,C10-C18,E_ITT2,PC_ENT,BA,7.22,NaN,8.71,NaN,7.68,NaN
A,GE10,C10-C18,E_ITT2,PC_ENT,BE,25.5,NaN,25.25,NaN,36.12,NaN
A,GE10,C10-C18,E_ITT2,PC_ENT,BG,2.65,NaN,3.1,NaN,2.55,NaN
A,GE10,C10-C18,E_ITT2,PC_ENT,CY,18.57,NaN,21.6,NaN,17.07,NaN
A,GE10,C10-C18,E_ITT2,PC_ENT,CZ,17.32,NaN,17.66,NaN,19.78,NaN
A,GE10,C10-C18,E_ITT2,PC_ENT,DE,18.2,NaN,19.43,NaN,17.79,NaN
A,GE10,C10-C18,E_ITT2,PC_ENT,DK,27.67,NaN,27.01,NaN,25.43,NaN
A,GE10,C10-C18,E_ITT2,PC_ENT,EA,14.58,NaN,15.58,NaN,17.06,NaN
A,GE10,C10-C18,E_ITT2,PC_ENT,EE,12.42,NaN,13.84,NaN,15.56,NaN
A,GE10,C10-C18,E_ITT2,PC_ENT,EL,,u,13.0,NaN,13.51,NaN
A,GE10,C10-C18,E_ITT2,PC_ENT,ES,14.15,NaN,12.45,NaN,18.26,NaN
A,GE10,C10-C18,E_ITT2,PC_ENT,EU15,,NaN,,NaN,,NaN
A,GE10,C10-C18,E_ITT2,PC_ENT,EU27_2007,,NaN,,NaN,,NaN
A,GE10,C10-C18,E_ITT2,PC_ENT,EU27_2020,13.63,NaN,15.15,NaN,16.81,NaN
A,GE10,C10-C18,E_ITT2,PC_ENT,EU28,,NaN,,NaN,,NaN
A,GE10,C10-C18,E_ITT2,PC_ENT,FI,37.32,NaN,34.68,NaN,33.35,NaN
A,GE10,C10-C18,E_ITT2,PC_ENT,FR,13.53,NaN,11.28,b,9.73,NaN
A,GE10,C10-C18,E_ITT2,PC_ENT,HR,14.63,NaN,16.41,NaN,9.92,NaN
A,GE10,C10-C18,E_ITT2,PC_ENT,HU,12.75,NaN,12.37,NaN,9.38,NaN
A,GE10,C10-C18,E_ITT2,PC_ENT,IE,26.57,NaN,27.88,NaN,29.67,NaN
A,GE10,C10-C18,E_ITT2,PC_ENT,IS,,NaN,,NaN,,NaN
A,GE10,C10-C18,E_ITT2,PC_ENT,IT,10.94,NaN,14.36,NaN,18.15,NaN
A,GE10,C10-C18,E_ITT2,PC_ENT,LT,10.17,NaN,9.73,NaN,10.35,NaN
A,GE10,C10-C18,E_ITT2,PC_ENT,LU,16.46,NaN,24.38,NaN,35.73,NaN
A,GE10,C10-C18,E_ITT2,PC_ENT,LV,8.32,NaN,9.48,NaN,6.39,NaN
A,GE10,C10-C18,E_ITT2,PC_ENT,ME,,u,19.77,NaN,18.89,NaN
A,GE10,C10-C18,E_ITT2,PC_ENT,MK,,NaN,,u,,NaN
A,GE10,C10-C18,E_ITT2,PC_ENT,MT,19.81,NaN,20.9,NaN,29.2,NaN
A,GE10,C10-C18,E_ITT2,PC_ENT,NL,20.28,NaN,22.38,NaN,25.95,NaN
A,GE10,C10-C18,E_ITT2,PC_ENT,NO,30.27,NaN,30.92,NaN,26.96,NaN
A,GE10,C10-C18,E_ITT2,PC_ENT,PL,11.76,NaN,17.63,NaN,22.6,NaN
A,GE10,C10-C18,E_ITT2,PC_ENT,PT,14.45,NaN,15.5,NaN,18.72,NaN
A,GE10,C10-C18,E_ITT2,PC_ENT,RO,2.76,NaN,4.25,NaN,7.99,NaN
A,GE10,C10-C18,E_ITT2,PC_ENT,RS,12.11,NaN,16.91,NaN,15.43,NaN
A,GE10,C10-C18,E_ITT2,PC_ENT,SE,33.22,NaN,31.91,NaN,25.36,b
A,GE10,C10-C18,E_ITT2,PC_ENT,SI,21.79,NaN,23.67,NaN,22.35,NaN
A,GE10,C10-C18,E_ITT2,PC_ENT,SK,11.5,NaN,14.19,NaN,11.2,NaN
A,GE10,C10-C18,E_ITT2,PC_ENT,TR,7.45,NaN,11.25,NaN,10.56,NaN
A,GE10,C10-C18,E_ITT2,PC_ENT,UK,21.49,NaN,,NaN,,NaN
A,GE10,C10-C18,E_ITT2,PC_ENT_CUSE,AT,,NaN,,NaN,,NaN
A,GE10,C10-C18,E_ITT2,PC_ENT_CUSE,BA,,NaN,,NaN,,NaN
A,GE10,C10-C18,E_ITT2,PC_ENT_CUSE,BE,,NaN,,NaN,,NaN
A,GE10,C10-C18,E_ITT2,PC_ENT_CUSE,BG,,NaN,,NaN,,NaN
A,GE10,C10-C18,E_ITT2,PC_ENT_CUSE,CY,,NaN,,NaN,,NaN
A,GE10,C10-C18,E_ITT2,PC_ENT_CUSE,CZ,,NaN,,NaN,,NaN
A,GE10,C10-C18,E_ITT2,PC_ENT_CUSE,DE,,NaN,,NaN,,NaN
A,GE10,C10-C18,E_ITT2,PC_ENT_CUSE,DK,,NaN,,NaN,,NaN
A,GE10,C10-C18,E_ITT2,PC_ENT_CUSE,EA,,NaN,,NaN,,NaN
A,GE10,C10-C18,E_ITT2,PC_ENT_CUSE,EE,,NaN,,NaN,,NaN
A,GE10,C10-C18,E_ITT2,PC_ENT_CUSE,EL,,NaN,,NaN,,NaN
A,GE10,C10-C18,E_ITT2,PC_ENT_CUSE,ES,,NaN,,NaN,,NaN
A,GE10,C10-C18,E_ITT2,PC_ENT_CUSE,EU15,,NaN,,NaN,,NaN
A,GE10,C10-C18,E_ITT2,PC_ENT_CUSE,EU27_2007,,NaN,,NaN,,NaN
A,GE10,C10-C18,E_ITT2,PC_ENT_CUSE,EU27_2020,,NaN,,NaN,,NaN
A,GE10,C10-C18,E_ITT2,PC_ENT_CUSE,EU28,,NaN,,NaN,,NaN
A,GE10,C10-C18,E_ITT2,PC_ENT_CUSE,FI,,NaN,,NaN,,NaN
A,GE10,C10-C18,E_ITT2,PC_ENT_CUSE,FR,,NaN,,NaN,,NaN
A,GE10,C10-C18,E_ITT2,PC_ENT_CUSE,HR,,NaN,,NaN,,NaN
A,GE10,C10-C18,E_ITT2,PC_ENT_CUSE,HU,,NaN,,NaN,,NaN
A,GE10,C10-C18,E_ITT2,PC_ENT_CUSE,IE,,NaN,,NaN,,NaN
A,GE10,C10-C18,E_ITT2,PC_ENT_CUSE,IS,,NaN,,NaN,,NaN
A,GE10,C10-C18,E_ITT2,PC_ENT_CUSE,IT,,NaN,,NaN,,NaN
A,GE10,C10-C18,E_ITT2,PC_ENT_CUSE,LT,,NaN,,NaN,,NaN
A,GE10,C10-C18,E_ITT2,PC_ENT_CUSE,LU,,NaN,,NaN,,NaN
A,GE10,C10-C18,E_ITT2,PC_ENT_CUSE,LV,,NaN,,NaN,,NaN
A,GE10,C10-C18,E_ITT2,PC_ENT_CUSE,ME,,NaN,,NaN,,NaN
A,GE10,C10-C18,E_ITT2,PC_ENT_CUSE,MK,,NaN,,NaN,,NaN
A,GE10,C10-C18,E_ITT2,PC_ENT_CUSE,MT,,NaN,,NaN,,NaN
A,GE10,C10-C18,E_ITT2,PC_ENT_CUSE,NL,,NaN,,NaN,,NaN
A,GE10,C10-C18,E_ITT2,PC_ENT_CUSE,NO,,NaN,,NaN,,NaN
A,GE10,C10-C18,E_ITT2,PC_ENT_CUSE,PL,,NaN,,NaN,,NaN
A,GE10,C10-C18,E_ITT2,PC_ENT_CUSE,PT,,NaN,,NaN,,NaN
A,GE10,C10-C18,E_ITT2,PC_ENT_CUSE,RO,,NaN,,NaN,,NaN
A,GE10,C10-C18,E_ITT2,PC_ENT_CUSE,RS,,NaN,,NaN,,NaN
A,GE10,C10-C18,E_ITT2,PC_ENT_CUSE,SE,,NaN,,NaN,,NaN
A,GE10,C10-C18,E_ITT2,PC_ENT_CUSE,SI,,NaN,,NaN,,NaN
A,GE10,C10-C18,E_ITT2,PC_ENT_CUSE,SK,,NaN,,NaN,,NaN
A,GE10,C10-C18,E_ITT2,PC_ENT_CUSE,TR,,NaN,,NaN,,NaN
A,GE10,C10-C18,E_ITT2,PC_ENT_CUSE,UK,,NaN,,NaN,,NaN
A,GE10,C10-C18,E_ITUST2,PC_ENT,AT,12.08,NaN,10.87,NaN,12.47,NaN
A,GE10,C10-C18,E_ITUST2,PC_ENT,BA,5.08,NaN,5.83,NaN,5.2,NaN
A,GE10,C10-C18,E_ITUST2,PC_ENT,BE,24.46,NaN,24.21,NaN,35.36,NaN
A,GE10,C10-C18,E_ITUST2,PC_ENT,BG,1.83,NaN,2.14,NaN,1.96,NaN
A,GE10,C10-C18,E_ITUST2,PC_ENT,CY,16.63,NaN,19.75,NaN,15.95,NaN
A,GE10,C10-C18,E_ITUST2,PC_ENT,CZ,17.32,NaN,15.75,NaN,18.13,NaN
A,GE10,C10-C18,E_ITUST2,PC_ENT,DE,16.04,NaN,17.79,NaN,15.52,NaN
A,GE10,C10-C18,E_ITUST2,PC_ENT,DK,25.1,NaN,23.84,NaN,22.86,NaN
A,GE10,C10-C18,E_ITUST2,PC_ENT,EA,12.48,NaN,13.77,NaN,15.15,NaN
A,GE10,C10-C18,E_ITUST2,PC_ENT,EE,9.96,NaN,12.38,NaN,13.82,NaN
A,GE10,C10-C18,E_ITUST2,PC_ENT,EL,,u,10.77,NaN,8.67,NaN
A,GE10,C10-C18,E_ITUST2,PC_ENT,ES,12.18,NaN,11.53,NaN,17.13,NaN
A,GE10,C10-C18,E_ITUST2,PC_ENT,EU15,,NaN,,NaN,,NaN
A,GE10,C10-C18,E_ITUST2,PC_ENT,EU27_2007,,NaN,,NaN,,NaN
A,GE10,C10-C18,E_ITUST2,PC_ENT,EU27_2020,11.85,NaN,13.5,NaN,14.67,NaN
A,GE10,C10-C18,E_ITUST2,PC_ENT,EU28,,NaN,,NaN,,NaN
A,GE10,C10-C18,E_ITUST2,PC_ENT,FI,35.11,NaN,33.63,NaN,28.52,NaN
A,GE10,C10-C18,E_ITUST2,PC_ENT,FR,11.16,NaN,9.54,b,8.11,NaN
A,GE10,C10-C18,E_ITUST2,PC_ENT,HR,13.69,NaN,16.06,NaN,9.31,NaN
A,GE10,C10-C18,E_ITUST2,PC_ENT,HU,11.26,NaN,10.87,NaN,8.42,NaN
A,GE10,C10-C18,E_ITUST2,PC_ENT,IE,26.06,NaN,22.44,NaN,28.06,NaN
A,GE10,C10-C18,E_ITUST2,PC_ENT,IS,,NaN,,NaN,,NaN
A,GE10,C10-C18,E_ITUST2,PC_ENT,IT,8.85,NaN,12.27,NaN,16.52,NaN
A,GE10,C10-C18,E_ITUST2,PC_ENT,LT,9.34,NaN,9.33,NaN,9.27,NaN
A,GE10,C10-C18,E_ITUST2,PC_ENT,LU,12.82,NaN,22.13,NaN,33.37,NaN
A,GE10,C10-C18,E_ITUST2,PC_ENT,LV,7.24,NaN,9.09,NaN,4.8,NaN
A,GE10,C10-C18,E_ITUST2,PC_ENT,ME,19.17,NaN,18.72,NaN,18.21,NaN
A,GE10,C10-C18,E_ITUST2,PC_ENT,MK,,NaN,,u,,NaN
A,GE10,C10-C18,E_ITUST2,PC_ENT,MT,16.84,NaN,16.12,NaN,24.22,NaN
A,GE10,C10-C18,E_ITUST2,PC_ENT,NL,17.19,NaN,18.56,NaN,21.16,NaN
A,GE10,C10-C18,E_ITUST2,PC_ENT,NO,27.13,NaN,29.87,NaN,24.69,NaN
A,GE10,C10-C18,E_ITUST2,PC_ENT,PL,11.06,NaN,16.24,NaN,17.5,NaN
A,GE10,C10-C18,E_ITUST2,PC_ENT,PT,12.63,NaN,13.35,NaN,17.9,NaN
A,GE10,C10-C18,E_ITUST2,PC_ENT,RO,2.08,NaN,3.97,NaN,5.96,NaN
A,GE10,C10-C18,E_ITUST2,PC_ENT,RS,10.58,NaN,15.11,NaN,10.54,NaN
A,GE10,C10-C18,E_ITUST2,PC_ENT,SE,30.74,NaN,30.72,NaN,25.06,b
A,GE10,C10-C18,E_ITUST2,PC_ENT,SI,17.08,NaN,18.87,NaN,19.44,NaN
A,GE10,C10-C18,E_ITUST2,PC_ENT,SK,10.22,NaN,13.62,NaN,9.91,NaN
A,GE10,C10-C18,E_ITUST2,PC_ENT,TR,5.35,NaN,10.51,NaN,9.72,NaN
A,GE10,C10-C18,E_ITUST2,PC_ENT,UK,17.95,NaN,,NaN,,NaN
A,GE10,C10-C18,E_ITUST2,PC_ENT_CUSE,AT,,NaN,,NaN,,NaN
A,GE10,C10-C18,E_ITUST2,PC_ENT_CUSE,BA,,NaN,,NaN,,NaN
A,GE10,C10-C18,E_ITUST2,PC_ENT_CUSE,BE,,NaN,,NaN,,NaN
A,GE10,C10-C18,E_ITUST2,PC_ENT_CUSE,BG,,NaN,,NaN,,NaN
A,GE10,C10-C18,E_ITUST2,PC_ENT_CUSE,CY,,NaN,,NaN,,NaN
A,GE10,C10-C18,E_ITUST2,PC_ENT_CUSE,CZ,,NaN,,NaN,,NaN
A,GE10,C10-C18,E_ITUST2,PC_ENT_CUSE,DE,,NaN,,NaN,,NaN
A,GE10,C10-C18,E_ITUST2,PC_ENT_CUSE,DK,,NaN,,NaN,,NaN
A,GE10,C10-C18,E_ITUST2,PC_ENT_CUSE,EA,,NaN,,NaN,,NaN
A,GE10,C10-C18,E_ITUST2,PC_ENT_CUSE,EE,,NaN,,NaN,,NaN
A,GE10,C10-C18,E_ITUST2,PC_ENT_CUSE,EL,,NaN,,NaN,,NaN
A,GE10,C10-C18,E_ITUST2,PC_ENT_CUSE,ES,,NaN,,NaN,,NaN
A,GE10,C10-C18,E_ITUST2,PC_ENT_CUSE,EU15,,NaN,,NaN,,NaN
A,GE10,C10-C18,E_ITUST2,PC_ENT_CUSE,EU27_2007,,NaN,,NaN,,NaN
A,GE10,C10-C18,E_ITUST2,PC_ENT_CUSE,EU27_2020,,NaN,,NaN,,NaN
A,GE10,C10-C18,E_ITUST2,PC_ENT_CUSE,EU28,,NaN,,NaN,,NaN
A,GE10,C10-C18,E_ITUST2,PC_ENT_CUSE,FI,,NaN,,NaN,,NaN
A,GE10,C10-C18,E_ITUST2,PC_ENT_CUSE,FR,,NaN,,NaN,,NaN
A,GE10,C10-C18,E_ITUST2,PC_ENT_CUSE,HR,,NaN,,NaN,,NaN
A,GE10,C10-C18,E_ITUST2,PC_ENT_CUSE,HU,,NaN,,NaN,,NaN
A,GE10,C10-C18,E_ITUST2,PC_ENT_CUSE,IE,,NaN,,NaN,,NaN
A,GE10,C10-C18,E_ITUST2,PC_ENT_CUSE,IS,,NaN,,NaN,,NaN
A,GE10,C10-C18,E_ITUST2,PC_ENT_CUSE,IT,,NaN,,NaN,,NaN
A,GE10,C10-C18,E_ITUST2,PC_ENT_CUSE,LT,,NaN,,NaN,,NaN
A,GE10,C10-C18,E_ITUST2,PC_ENT_CUSE,LU,,NaN,,NaN,,NaN
A,GE10,C10-C18,E_ITUST2,PC_ENT_CUSE,LV,,NaN,,NaN,,NaN
A,GE10,C10-C18,E_ITUST2,PC_ENT_CUSE,ME,,NaN,,NaN,,NaN
A,GE10,C10-C18,E_ITUST2,PC_ENT_CUSE,MK,,NaN,,NaN,,NaN
A,GE10,C10-C18,E_ITUST2,PC_ENT_CUSE,MT,,NaN,,NaN,,NaN
A,GE10,C10-C18,E_ITUST2,PC_ENT_CUSE,NL,,NaN,,NaN,,NaN
A,GE10,C10-C18,E_ITUST2,PC_ENT_CUSE,NO,,NaN,,NaN,,NaN
A,GE10,C10-C18,E_ITUST2,PC_ENT_CUSE,PL,,NaN,,NaN,,NaN
A,GE10,C10-C18,E_ITUST2,PC_ENT_CUSE,PT,,NaN,,NaN,,NaN
A,GE10,C10-C18,E_ITUST2,PC_ENT_CUSE,RO,,NaN,,NaN,,NaN
A,GE10,C10-C18,E_ITUST2,PC_ENT_CUSE,RS,,NaN,,NaN,,NaN
A,GE10,C10-C18,E_ITUST2,PC_ENT_CUSE,SE,,NaN,,NaN,,NaN
A,GE10,C10-C18,E_ITUST2,PC_ENT_CUSE,SI,,NaN,,NaN,,NaN
A,GE10,C10-C18,E_ITUST2,PC_ENT_CUSE,SK,,NaN,,NaN,,NaN
A,GE10,C10-C18,E_ITUST2,PC_ENT_CUSE,TR,,NaN,,NaN,,NaN
A,GE10,C10-C18,E_ITUST2,PC_ENT_CUSE,UK,,NaN,,NaN,,NaN
A,GE10,C10-S951_X_K,E_ITSP2X_ITT2,PC_ENT,AT,4.72,NaN,5.27,NaN,6.11,NaN
A,GE10,C10-S951_X_K,E_ITSP2X_ITT2,PC_ENT,BA,4.32,NaN,7.41,NaN,6.65,NaN
A,GE10,C10-S951_X_K,E_ITSP2X_ITT2,PC_ENT,BE,10.78,NaN,10.0,NaN,14.86,NaN
A,GE10,C10-S951_X_K,E_ITSP2X_ITT2,PC_ENT,BG,1.14,NaN,2.13,NaN,1.33,NaN
A,GE10,C10-S951_X_K,E_ITSP2X_ITT2,PC_ENT,CY,9.08,NaN,10.69,NaN,10.48,NaN
A,GE10,C10-S951_X_K,E_ITSP2X_ITT2,PC_ENT,CZ,12.4,NaN,10.8,NaN,13.6,NaN
A,GE10,C10-S951_X_K,E_ITSP2X_ITT2,PC_ENT,DE,10.3,NaN,11.96,NaN,10.83,NaN
A,GE10,C10-S951_X_K,E_ITSP2X_ITT2,PC_ENT,DK,10.21,NaN,9.65,NaN,12.58,NaN
A,GE10,C10-S951_X_K,E_ITSP2X_ITT2,PC_ENT,EA,7.85,NaN,9.29,NaN,9.13,NaN
A,GE10,C10-S951_X_K,E_ITSP2X_ITT2,PC_ENT,EE,6.21,NaN,7.62,NaN,8.25,NaN
A,GE10,C10-S951_X_K,E_ITSP2X_ITT2,PC_ENT,EL,,u,3.56,NaN,3.54,NaN
A,GE10,C10-S951_X_K,E_ITSP2X_ITT2,PC_ENT,ES,9.07,NaN,9.48,NaN,11.2,NaN
A,GE10,C10-S951_X_K,E_ITSP2X_ITT2,PC_ENT,EU15,,NaN,,NaN,,NaN
A,GE10,C10-S951_X_K,E_ITSP2X_ITT2,PC_ENT,EU27_2007,,NaN,,NaN,,NaN
A,GE10,C10-S951_X_K,E_ITSP2X_ITT2,PC_ENT,EU27_2020,7.73,NaN,9.13,NaN,9.17,NaN
A,GE10,C10-S951_X_K,E_ITSP2X_ITT2,PC_ENT,EU28,,NaN,,NaN,,NaN
A,GE10,C10-S951_X_K,E_ITSP2X_ITT2,PC_ENT,FI,17.68,NaN,19.58,NaN,14.86,NaN
A,GE10,C10-S951_X_K,E_ITSP2X_ITT2,PC_ENT,FR,4.61,NaN,4.51,b,4.96,NaN
A,GE10,C10-S951_X_K,E_ITSP2X_ITT2,PC_ENT,HR,10.01,NaN,9.71,NaN,9.76,NaN
A,GE10,C10-S951_X_K,E_ITSP2X_ITT2,PC_ENT,HU,5.05,NaN,5.21,NaN,6.33,NaN
A,GE10,C10-S951_X_K,E_ITSP2X_ITT2,PC_ENT,IE,8.74,NaN,8.48,NaN,6.03,NaN
A,GE10,C10-S951_X_K,E_ITSP2X_ITT2,PC_ENT,IT,7.18,NaN,10.11,NaN,9.57,NaN
A,GE10,C10-S951_X_K,E_ITSP2X_ITT2,PC_ENT,LT,5.01,NaN,3.56,NaN,4.26,NaN
A,GE10,C10-S951_X_K,E_ITSP2X_ITT2,PC_ENT,LU,6.53,NaN,6.2,NaN,8.0,NaN
A,GE10,C10-S951_X_K,E_ITSP2X_ITT2,PC_ENT,LV,6.49,NaN,5.14,NaN,5.42,NaN
A,GE10,C10-S951_X_K,E_ITSP2X_ITT2,PC_ENT,ME,6.58,NaN,8.46,NaN,9.19,NaN
A,GE10,C10-S951_X_K,E_ITSP2X_ITT2,PC_ENT,MK,5.38,NaN,2.67,NaN,,NaN
A,GE10,C10-S951_X_K,E_ITSP2X_ITT2,PC_ENT,MT,8.52,NaN,6.48,NaN,7.74,NaN
A,GE10,C10-S951_X_K,E_ITSP2X_ITT2,PC_ENT,NL,1.4,NaN,7.36,NaN,6.69,NaN
A,GE10,C10-S951_X_K,E_ITSP2X_ITT2,PC_ENT,NO,19.44,NaN,18.6,NaN,13.5,NaN
A,GE10,C10-S951_X_K,E_ITSP2X_ITT2,PC_ENT,PL,6.32,NaN,8.92,NaN,10.88,NaN
A,GE10,C10-S951_X_K,E_ITSP2X_ITT2,PC_ENT,PT,10.51,NaN,12.07,NaN,13.61,NaN
A,GE10,C10-S951_X_K,E_ITSP2X_ITT2,PC_ENT,RO,1.71,NaN,3.3,NaN,3.2,NaN
A,GE10,C10-S951_X_K,E_ITSP2X_ITT2,PC_ENT,RS,4.64,NaN,9.06,NaN,12.42,NaN
A,GE10,C10-S951_X_K,E_ITSP2X_ITT2,PC_ENT,SE,17.33,NaN,17.72,NaN,14.73,b
A,GE10,C10-S951_X_K,E_ITSP2X_ITT2,PC_ENT,SI,12.77,NaN,12.82,NaN,12.69,NaN
A,GE10,C10-S951_X_K,E_ITSP2X_ITT2,PC_ENT,SK,5.31,NaN,5.2,NaN,6.6,NaN
A,GE10,C10-S951_X_K,E_ITSP2X_ITT2,PC_ENT,TR,4.71,NaN,7.02,NaN,6.68,NaN
A,GE10,C10-S951_X_K,E_ITSP2X_ITT2,PC_ENT,UK,8.42,NaN,,NaN,,NaN
A,GE10,C10-S951_X_K,E_ITSP2X_ITT2,PC_ENT_CUSE,AT,,NaN,,NaN,,NaN
A,GE10,C10-S951_X_K,E_ITSP2X_ITT2,PC_ENT_CUSE,BA,,NaN,,NaN,,NaN
A,GE10,C10-S951_X_K,E_ITSP2X_ITT2,PC_ENT_CUSE,BE,,NaN,,NaN,,NaN
A,GE10,C10-S951_X_K,E_ITSP2X_ITT2,PC_ENT_CUSE,BG,,NaN,,NaN,,NaN
A,GE10,C10-S951_X_K,E_ITSP2X_ITT2,PC_ENT_CUSE,CY,,NaN,,NaN,,NaN
A,GE10,C10-S951_X_K,E_ITSP2X_ITT2,PC_ENT_CUSE,CZ,,NaN,,NaN,,NaN
A,GE10,C10-S951_X_K,E_ITSP2X_ITT2,PC_ENT_CUSE,DE,,NaN,,NaN,,NaN
A,GE10,C10-S951_X_K,E_ITSP2X_ITT2,PC_ENT_CUSE,DK,,NaN,,NaN,,NaN
A,GE10,C10-S951_X_K,E_ITSP2X_ITT2,PC_ENT_CUSE,EA,,NaN,,NaN,,NaN
A,GE10,C10-S951_X_K,E_ITSP2X_ITT2,PC_ENT_CUSE,EE,,NaN,,NaN,,NaN
A,GE10,C10-S951_X_K,E_ITSP2X_ITT2,PC_ENT_CUSE,EL,,NaN,,NaN,,NaN
A,GE10,C10-S951_X_K,E_ITSP2X_ITT2,PC_ENT_CUSE,ES,,NaN,,NaN,,NaN
A,GE10,C10-S951_X_K,E_ITSP2X_ITT2,PC_ENT_CUSE,EU15,,NaN,,NaN,,NaN
A,GE10,C10-S951_X_K,E_ITSP2X_ITT2,PC_ENT_CUSE,EU27_2007,,NaN,,NaN,,NaN
A,GE10,C10-S951_X_K,E_ITSP2X_ITT2,PC_ENT_CUSE,EU27_2020,,NaN,,NaN,,NaN
A,GE10,C10-S951_X_K,E_ITSP2X_ITT2,PC_ENT_CUSE,EU28,,NaN,,NaN,,NaN
A,GE10,C10-S951_X_K,E_ITSP2X_ITT2,PC_ENT_CUSE,FI,,NaN,,NaN,,NaN
A,GE10,C10-S951_X_K,E_ITSP2X_ITT2,PC_ENT_CUSE,FR,,NaN,,NaN,,NaN
A,GE10,C10-S951_X_K,E_ITSP2X_ITT2,PC_ENT_CUSE,HR,,NaN,,NaN,,NaN
A,GE10,C10-S951_X_K,E_ITSP2X_ITT2,PC_ENT_CUSE,HU,,NaN,,NaN,,NaN
A,GE10,C10-S951_X_K,E_ITSP2X_ITT2,PC_ENT_CUSE,IE,,NaN,,NaN,,NaN
A,GE10,C10-S951_X_K,E_ITSP2X_ITT2,PC_ENT_CUSE,IT,,NaN,,NaN,,NaN
A,GE10,C10-S951_X_K,E_ITSP2X_ITT2,PC_ENT_CUSE,LT,,NaN,,NaN,,NaN
A,GE10,C10-S951_X_K,E_ITSP2X_ITT2,PC_ENT_CUSE,LU,,NaN,,NaN,,NaN
A,GE10,C10-S951_X_K,E_ITSP2X_ITT2,PC_ENT_CUSE,LV,,NaN,,NaN,,NaN
A,GE10,C10-S951_X_K,E_ITSP2X_ITT2,PC_ENT_CUSE,ME,,NaN,,NaN,,NaN
A,GE10,C10-S951_X_K,E_ITSP2X_ITT2,PC_ENT_CUSE,MK,,NaN,,NaN,,NaN
A,GE10,C10-S951_X_K,E_ITSP2X_ITT2,PC_ENT_CUSE,MT,,NaN,,NaN,,NaN
A,GE10,C10-S951_X_K,E_ITSP2X_ITT2,PC_ENT_CUSE,NL,,NaN,,NaN,,NaN
A,GE10,C10-S951_X_K,E_ITSP2X_ITT2,PC_ENT_CUSE,NO,,NaN,,NaN,,NaN
A,GE10,C10-S951_X_K,E_ITSP2X_ITT2,PC_ENT_CUSE,PL,,NaN,,NaN,,NaN
A,GE10,C10-S951_X_K,E_ITSP2X_ITT2,PC_ENT_CUSE,PT,,NaN,,NaN,,NaN
A,GE10,C10-S951_X_K,E_ITSP2X_ITT2,PC_ENT_CUSE,RO,,NaN,,NaN,,NaN
A,GE10,C10-S951_X_K,E_ITSP2X_ITT2,PC_ENT_CUSE,RS,,NaN,,NaN,,NaN
A,GE10,C10-S951_X_K,E_ITSP2X_ITT2,PC_ENT_CUSE,SE,,NaN,,NaN,,NaN
A,GE10,C10-S951_X_K,E_ITSP2X_ITT2,PC_ENT_CUSE,SI,,NaN,,NaN,,NaN
A,GE10,C10-S951_X_K,E_ITSP2X_ITT2,PC_ENT_CUSE,SK,,NaN,,NaN,,NaN
A,GE10,C10-S951_X_K,E_ITSP2X_ITT2,PC_ENT_CUSE,TR,,NaN,,NaN,,NaN
A,GE10,C10-S951_X_K,E_ITSP2X_ITT2,PC_ENT_CUSE,UK,,NaN,,NaN,,NaN
A,GE10,C10-S951_X_K,E_ITSP2_ITT2,PC_ENT,AL,,NaN,15.66,NaN,,NaN
A,GE10,C10-S951_X_K,E_ITSP2_ITT2,PC_ENT,AT,12.72,NaN,14.09,NaN,13.1,NaN
A,GE10,C10-S951_X_K,E_ITSP2_ITT2,PC_ENT,BA,10.66,NaN,8.47,NaN,11.49,NaN
A,GE10,C10-S951_X_K,E_ITSP2_ITT2,PC_ENT,BE,21.68,NaN,23.01,NaN,21.97,NaN
A,GE10,C10-S951_X_K,E_ITSP2_ITT2,PC_ENT,BG,5.56,NaN,6.93,NaN,7.78,NaN
A,GE10,C10-S951_X_K,E_ITSP2_ITT2,PC_ENT,CY,16.33,NaN,17.67,NaN,19.45,NaN
A,GE10,C10-S951_X_K,E_ITSP2_ITT2,PC_ENT,CZ,12.34,NaN,12.27,NaN,13.14,NaN
A,GE10,C10-S951_X_K,E_ITSP2_ITT2,PC_ENT,DE,13.28,NaN,15.29,NaN,15.58,NaN
A,GE10,C10-S951_X_K,E_ITSP2_ITT2,PC_ENT,DK,19.99,NaN,23.69,NaN,22.65,NaN
A,GE10,C10-S951_X_K,E_ITSP2_ITT2,PC_ENT,EA,11.8,NaN,13.06,NaN,12.45,NaN
A,GE10,C10-S951_X_K,E_ITSP2_ITT2,PC_ENT,EE,10.8,NaN,10.71,NaN,12.46,NaN
A,GE10,C10-S951_X_K,E_ITSP2_ITT2,PC_ENT,EL,7.77,NaN,9.56,NaN,9.01,NaN
A,GE10,C10-S951_X_K,E_ITSP2_ITT2,PC_ENT,ES,11.05,NaN,11.22,NaN,10.02,NaN
A,GE10,C10-S951_X_K,E_ITSP2_ITT2,PC_ENT,EU15,,NaN,,NaN,,NaN
A,GE10,C10-S951_X_K,E_ITSP2_ITT2,PC_ENT,EU27_2007,,NaN,,NaN,,NaN
A,GE10,C10-S951_X_K,E_ITSP2_ITT2,PC_ENT,EU27_2020,11.55,NaN,13.06,NaN,13.05,NaN
A,GE10,C10-S951_X_K,E_ITSP2_ITT2,PC_ENT,EU28,,NaN,,NaN,,NaN
A,GE10,C10-S951_X_K,E_ITSP2_ITT2,PC_ENT,FI,19.74,NaN,20.24,NaN,23.47,NaN
A,GE10,C10-S951_X_K,E_ITSP2_ITT2,PC_ENT,FR,10.21,NaN,10.58,b,8.11,NaN
A,GE10,C10-S951_X_K,E_ITSP2_ITT2,PC_ENT,HR,12.92,NaN,11.11,NaN,10.67,NaN
A,GE10,C10-S951_X_K,E_ITSP2_ITT2,PC_ENT,HU,10.92,NaN,12.97,NaN,12.57,NaN
A,GE10,C10-S951_X_K,E_ITSP2_ITT2,PC_ENT,IE,18.3,NaN,14.72,NaN,15.55,NaN
A,GE10,C10-S951_X_K,E_ITSP2_ITT2,PC_ENT,IT,7.49,NaN,8.42,NaN,8.14,NaN
A,GE10,C10-S951_X_K,E_ITSP2_ITT2,PC_ENT,LT,8.7,NaN,9.51,NaN,8.86,NaN
A,GE10,C10-S951_X_K,E_ITSP2_ITT2,PC_ENT,LU,14.58,NaN,15.65,NaN,16.84,NaN
A,GE10,C10-S951_X_K,E_ITSP2_ITT2,PC_ENT,LV,10.22,NaN,9.96,NaN,9.12,NaN
A,GE10,C10-S951_X_K,E_ITSP2_ITT2,PC_ENT,ME,19.26,NaN,14.74,NaN,19.79,NaN
A,GE10,C10-S951_X_K,E_ITSP2_ITT2,PC_ENT,MK,6.87,NaN,8.51,NaN,,NaN
A,GE10,C10-S951_X_K,E_ITSP2_ITT2,PC_ENT,MT,19.14,NaN,21.72,NaN,23.38,NaN
A,GE10,C10-S951_X_K,E_ITSP2_ITT2,PC_ENT,NL,16.89,NaN,21.74,NaN,19.88,NaN
A,GE10,C10-S951_X_K,E_ITSP2_ITT2,PC_ENT,NO,13.14,NaN,15.71,NaN,17.31,NaN
A,GE10,C10-S951_X_K,E_ITSP2_ITT2,PC_ENT,PL,11.43,NaN,15.77,NaN,20.47,NaN
A,GE10,C10-S951_X_K,E_ITSP2_ITT2,PC_ENT,PT,12.41,NaN,11.59,NaN,14.18,NaN
A,GE10,C10-S951_X_K,E_ITSP2_ITT2,PC_ENT,RO,3.96,NaN,4.9,NaN,8.79,NaN
A,GE10,C10-S951_X_K,E_ITSP2_ITT2,PC_ENT,RS,11.48,NaN,13.17,NaN,14.42,NaN
A,GE10,C10-S951_X_K,E_ITSP2_ITT2,PC_ENT,SE,14.81,NaN,16.44,NaN,16.08,b
A,GE10,C10-S951_X_K,E_ITSP2_ITT2,PC_ENT,SI,12.96,NaN,16.04,NaN,14.26,NaN
A,GE10,C10-S951_X_K,E_ITSP2_ITT2,PC_ENT,SK,10.87,NaN,10.22,NaN,11.9,NaN
A,GE10,C10-S951_X_K,E_ITSP2_ITT2,PC_ENT,TR,6.41,NaN,9.17,NaN,7.73,NaN
A,GE10,C10-S951_X_K,E_ITSP2_ITT2,PC_ENT,UK,15.32,NaN,,NaN,,NaN
A,GE10,C10-S951_X_K,E_ITSP2_ITT2,PC_ENT_CUSE,AT,,NaN,,NaN,,NaN
A,GE10,C10-S951_X_K,E_ITSP2_ITT2,PC_ENT_CUSE,BA,,NaN,,NaN,,NaN
A,GE10,C10-S951_X_K,E_ITSP2_ITT2,PC_ENT_CUSE,BE,,NaN,,NaN,,NaN
A,GE10,C10-S951_X_K,E_ITSP2_ITT2,PC_ENT_CUSE,BG,,NaN,,NaN,,NaN
A,GE10,C10-S951_X_K,E_ITSP2_ITT2,PC_ENT_CUSE,CY,,NaN,,NaN,,NaN
A,GE10,C10-S951_X_K,E_ITSP2_ITT2,PC_ENT_CUSE,CZ,,NaN,,NaN,,NaN
A,GE10,C10-S951_X_K,E_ITSP2_ITT2,PC_ENT_CUSE,DE,,NaN,,NaN,,NaN
A,GE10,C10-S951_X_K,E_ITSP2_ITT2,PC_ENT_CUSE,DK,,NaN,,NaN,,NaN
A,GE10,C10-S951_X_K,E_ITSP2_ITT2,PC_ENT_CUSE,EA,,NaN,,NaN,,NaN
A,GE10,C10-S951_X_K,E_ITSP2_ITT2,PC_ENT_CUSE,EE,,NaN,,NaN,,NaN
A,GE10,C10-S951_X_K,E_ITSP2_ITT2,PC_ENT_CUSE,EL,,NaN,,NaN,,NaN
A,GE10,C10-S951_X_K,E_ITSP2_ITT2,PC_ENT_CUSE,ES,,NaN,,NaN,,NaN
A,GE10,C10-S951_X_K,E_ITSP2_ITT2,PC_ENT_CUSE,EU15,,NaN,,NaN,,NaN
A,GE10,C10-S951_X_K,E_ITSP2_ITT2,PC_ENT_CUSE,EU27_2007,,NaN,,NaN,,NaN
A,GE10,C10-S951_X_K,E_ITSP2_ITT2,PC_ENT_CUSE,EU27_2020,,NaN,,NaN,,NaN
A,GE10,C10-S951_X_K,E_ITSP2_ITT2,PC_ENT_CUSE,EU28,,NaN,,NaN,,NaN
A,GE10,C10-S951_X_K,E_ITSP2_ITT2,PC_ENT_CUSE,FI,,NaN,,NaN,,NaN
A,GE10,C10-S951_X_K,E_ITSP2_ITT2,PC_ENT_CUSE,FR,,NaN,,NaN,,NaN
A,GE10,C10-S951_X_K,E_ITSP2_ITT2,PC_ENT_CUSE,HR,,NaN,,NaN,,NaN
A,GE10,C10-S951_X_K,E_ITSP2_ITT2,PC_ENT_CUSE,HU,,NaN,,NaN,,NaN
A,GE10,C10-S951_X_K,E_ITSP2_ITT2,PC_ENT_CUSE,IE,,NaN,,NaN,,NaN
A,GE10,C10-S951_X_K,E_ITSP2_ITT2,PC_ENT_CUSE,IT,,NaN,,NaN,,NaN
A,GE10,C10-S951_X_K,E_ITSP2_ITT2,PC_ENT_CUSE,LT,,NaN,,NaN,,NaN
A,GE10,C10-S951_X_K,E_ITSP2_ITT2,PC_ENT_CUSE,LU,,NaN,,NaN,,NaN
A,GE10,C10-S951_X_K,E_ITSP2_ITT2,PC_ENT_CUSE,LV,,NaN,,NaN,,NaN
A,GE10,C10-S951_X_K,E_ITSP2_ITT2,PC_ENT_CUSE,ME,,NaN,,NaN,,NaN
A,GE10,C10-S951_X_K,E_ITSP2_ITT2,PC_ENT_CUSE,MK,,NaN,,NaN,,NaN
A,GE10,C10-S951_X_K,E_ITSP2_ITT2,PC_ENT_CUSE,MT,,NaN,,NaN,,NaN
A,GE10,C10-S951_X_K,E_ITSP2_ITT2,PC_ENT_CUSE,NL,,NaN,,NaN,,NaN
A,GE10,C10-S951_X_K,E_ITSP2_ITT2,PC_ENT_CUSE,NO,,NaN,,NaN,,NaN
A,GE10,C10-S951_X_K,E_ITSP2_ITT2,PC_ENT_CUSE,PL,,NaN,,NaN,,NaN
A,GE10,C10-S951_X_K,E_ITSP2_ITT2,PC_ENT_CUSE,PT,,NaN,,NaN,,NaN
A,GE10,C10-S951_X_K,E_ITSP2_ITT2,PC_ENT_CUSE,RO,,NaN,,NaN,,NaN
A,GE10,C10-S951_X_K,E_ITSP2_ITT2,PC_ENT_CUSE,RS,,NaN,,NaN,,NaN
A,GE10,C10-S951_X_K,E_ITSP2_ITT2,PC_ENT_CUSE,SE,,NaN,,NaN,,NaN
A,GE10,C10-S951_X_K,E_ITSP2_ITT2,PC_ENT_CUSE,SI,,NaN,,NaN,,NaN
A,GE10,C10-S951_X_K,E_ITSP2_ITT2,PC_ENT_CUSE,SK,,NaN,,NaN,,NaN
A,GE10,C10-S951_X_K,E_ITSP2_ITT2,PC_ENT_CUSE,TR,,NaN,,NaN,,NaN
A,GE10,C10-S951_X_K,E_ITSP2_ITT2,PC_ENT_CUSE,UK,,NaN,,NaN,,NaN
A,GE10,C10-S951_X_K,E_ITSPT2,PC_ENT,AL,,NaN,14.32,NaN,,NaN
A,GE10,C10-S951_X_K,E_ITSPT2,PC_ENT,AT,10.83,NaN,13.76,NaN,12.77,NaN
A,GE10,C10-S951_X_K,E_ITSPT2,PC_ENT,BA,8.86,NaN,6.98,NaN,9.98,NaN
A,GE10,C10-S951_X_K,E_ITSPT2,PC_ENT,BE,17.74,NaN,19.77,NaN,18.51,NaN
A,GE10,C10-S951_X_K,E_ITSPT2,PC_ENT,BG,5.01,NaN,6.14,NaN,6.84,NaN
A,GE10,C10-S951_X_K,E_ITSPT2,PC_ENT,CY,11.68,NaN,13.91,NaN,15.34,NaN
A,GE10,C10-S951_X_K,E_ITSPT2,PC_ENT,CZ,10.85,NaN,10.54,NaN,11.24,NaN
A,GE10,C10-S951_X_K,E_ITSPT2,PC_ENT,DE,11.58,NaN,13.46,NaN,13.99,NaN
A,GE10,C10-S951_X_K,E_ITSPT2,PC_ENT,DK,17.66,NaN,21.06,NaN,19.82,NaN
A,GE10,C10-S951_X_K,E_ITSPT2,PC_ENT,EA,10.22,NaN,11.6,NaN,10.98,NaN
A,GE10,C10-S951_X_K,E_ITSPT2,PC_ENT,EE,9.69,NaN,10.38,NaN,10.97,NaN
A,GE10,C10-S951_X_K,E_ITSPT2,PC_ENT,EL,8.06,NaN,9.11,NaN,9.38,NaN
A,GE10,C10-S951_X_K,E_ITSPT2,PC_ENT,ES,9.44,NaN,9.14,NaN,8.3,NaN
A,GE10,C10-S951_X_K,E_ITSPT2,PC_ENT,EU15,,NaN,,NaN,,NaN
A,GE10,C10-S951_X_K,E_ITSPT2,PC_ENT,EU27_2007,,NaN,,NaN,,NaN
A,GE10,C10-S951_X_K,E_ITSPT2,PC_ENT,EU27_2020,9.79,NaN,11.24,NaN,11.44,NaN
A,GE10,C10-S951_X_K,E_ITSPT2,PC_ENT,EU28,,NaN,,NaN,,NaN
A,GE10,C10-S951_X_K,E_ITSPT2,PC_ENT,FI,15.42,NaN,15.94,NaN,20.13,NaN
A,GE10,C10-S951_X_K,E_ITSPT2,PC_ENT,FR,8.27,NaN,8.85,b,6.96,NaN
A,GE10,C10-S951_X_K,E_ITSPT2,PC_ENT,HR,10.63,NaN,9.37,NaN,9.01,NaN
A,GE10,C10-S951_X_K,E_ITSPT2,PC_ENT,HU,7.62,NaN,8.97,NaN,8.94,NaN
A,GE10,C10-S951_X_K,E_ITSPT2,PC_ENT,IE,12.04,NaN,8.98,NaN,11.32,NaN
A,GE10,C10-S951_X_K,E_ITSPT2,PC_ENT,IS,,NaN,,NaN,,NaN
A,GE10,C10-S951_X_K,E_ITSPT2,PC_ENT,IT,7.64,NaN,9.11,NaN,7.26,NaN
A,GE10,C10-S951_X_K,E_ITSPT2,PC_ENT,LT,6.68,NaN,7.78,NaN,7.73,NaN
A,GE10,C10-S951_X_K,E_ITSPT2,PC_ENT,LU,13.31,NaN,13.41,NaN,14.93,NaN
A,GE10,C10-S951_X_K,E_ITSPT2,PC_ENT,LV,7.01,NaN,7.72,NaN,7.33,NaN
A,GE10,C10-S951_X_K,E_ITSPT2,PC_ENT,ME,17.39,NaN,12.91,NaN,13.77,NaN
A,GE10,C10-S951_X_K,E_ITSPT2,PC_ENT,MK,5.91,NaN,7.11,NaN,,NaN
A,GE10,C10-S951_X_K,E_ITSPT2,PC_ENT,MT,15.71,NaN,18.27,NaN,18.59,NaN
A,GE10,C10-S951_X_K,E_ITSPT2,PC_ENT,NL,15.49,NaN,20.8,NaN,18.34,NaN
A,GE10,C10-S951_X_K,E_ITSPT2,PC_ENT,NO,14.41,NaN,13.77,NaN,15.72,NaN
A,GE10,C10-S951_X_K,E_ITSPT2,PC_ENT,PL,7.84,NaN,10.03,NaN,18.99,NaN
A,GE10,C10-S951_X_K,E_ITSPT2,PC_ENT,PT,9.71,NaN,9.21,NaN,11.91,NaN
A,GE10,C10-S951_X_K,E_ITSPT2,PC_ENT,RO,3.66,NaN,5.35,NaN,7.46,NaN
A,GE10,C10-S951_X_K,E_ITSPT2,PC_ENT,RS,9.35,NaN,10.77,NaN,11.88,NaN
A,GE10,C10-S951_X_K,E_ITSPT2,PC_ENT,SE,11.03,NaN,13.45,NaN,11.58,b
A,GE10,C10-S951_X_K,E_ITSPT2,PC_ENT,SI,11.43,NaN,13.65,NaN,12.37,NaN
A,GE10,C10-S951_X_K,E_ITSPT2,PC_ENT,SK,8.9,NaN,8.04,NaN,10.01,NaN
A,GE10,C10-S951_X_K,E_ITSPT2,PC_ENT,TR,5.21,NaN,6.7,NaN,6.03,NaN
A,GE10,C10-S951_X_K,E_ITSPT2,PC_ENT,UK,11.64,NaN,,NaN,,NaN
A,GE10,C10-S951_X_K,E_ITSPT2,PC_ENT_CUSE,AT,,NaN,,NaN,,NaN
A,GE10,C10-S951_X_K,E_ITSPT2,PC_ENT_CUSE,BA,,NaN,,NaN,,NaN
A,GE10,C10-S951_X_K,E_ITSPT2,PC_ENT_CUSE,BE,,NaN,,NaN,,NaN
A,GE10,C10-S951_X_K,E_ITSPT2,PC_ENT_CUSE,BG,,NaN,,NaN,,NaN
A,GE10,C10-S951_X_K,E_ITSPT2,PC_ENT_CUSE,CY,,NaN,,NaN,,NaN
A,GE10,C10-S951_X_K,E_ITSPT2,PC_ENT_CUSE,CZ,,NaN,,NaN,,NaN
A,GE10,C10-S951_X_K,E_ITSPT2,PC_ENT_CUSE,DE,,NaN,,NaN,,NaN
A,GE10,C10-S951_X_K,E_ITSPT2,PC_ENT_CUSE,DK,,NaN,,NaN,,NaN
A,GE10,C10-S951_X_K,E_ITSPT2,PC_ENT_CUSE,EA,,NaN,,NaN,,NaN
A,GE10,C10-S951_X_K,E_ITSPT2,PC_ENT_CUSE,EE,,NaN,,NaN,,NaN
A,GE10,C10-S951_X_K,E_ITSPT2,PC_ENT_CUSE,EL,,NaN,,NaN,,NaN
A,GE10,C10-S951_X_K,E_ITSPT2,PC_ENT_CUSE,ES,,NaN,,NaN,,NaN
A,GE10,C10-S951_X_K,E_ITSPT2,PC_ENT_CUSE,EU15,,NaN,,NaN,,NaN
A,GE10,C10-S951_X_K,E_ITSPT2,PC_ENT_CUSE,EU27_2007,,NaN,,NaN,,NaN
A,GE10,C10-S951_X_K,E_ITSPT2,PC_ENT_CUSE,EU27_2020,,NaN,,NaN,,NaN
A,GE10,C10-S951_X_K,E_ITSPT2,PC_ENT_CUSE,EU28,,NaN,,NaN,,NaN
A,GE10,C10-S951_X_K,E_ITSPT2,PC_ENT_CUSE,FI,,NaN,,NaN,,NaN
A,GE10,C10-S951_X_K,E_ITSPT2,PC_ENT_CUSE,FR,,NaN,,NaN,,NaN
A,GE10,C10-S951_X_K,E_ITSPT2,PC_ENT_CUSE,HR,,NaN,,NaN,,NaN
A,GE10,C10-S951_X_K,E_ITSPT2,PC_ENT_CUSE,HU,,NaN,,NaN,,NaN
A,GE10,C10-S951_X_K,E_ITSPT2,PC_ENT_CUSE,IE,,NaN,,NaN,,NaN
A,GE10,C10-S951_X_K,E_ITSPT2,PC_ENT_CUSE,IS,,NaN,,NaN,,NaN
A,GE10,C10-S951_X_K,E_ITSPT2,PC_ENT_CUSE,IT,,NaN,,NaN,,NaN
A,GE10,C10-S951_X_K,E_ITSPT2,PC_ENT_CUSE,LT,,NaN,,NaN,,NaN
A,GE10,C10-S951_X_K,E_ITSPT2,PC_ENT_CUSE,LU,,NaN,,NaN,,NaN
A,GE10,C10-S951_X_K,E_ITSPT2,PC_ENT_CUSE,LV,,NaN,,NaN,,NaN
A,GE10,C10-S951_X_K,E_ITSPT2,PC_ENT_CUSE,ME,,NaN,,NaN,,NaN
A,GE10,C10-S951_X_K,E_ITSPT2,PC_ENT_CUSE,MK,,NaN,,NaN,,NaN
A,GE10,C10-S951_X_K,E_ITSPT2,PC_ENT_CUSE,MT,,NaN,,NaN,,NaN
A,GE10,C10-S951_X_K,E_ITSPT2,PC_ENT_CUSE,NL,,NaN,,NaN,,NaN
A,GE10,C10-S951_X_K,E_ITSPT2,PC_ENT_CUSE,NO,,NaN,,NaN,,NaN
A,GE10,C10-S951_X_K,E_ITSPT2,PC_ENT_CUSE,PL,,NaN,,NaN,,NaN
A,GE10,C10-S951_X_K,E_ITSPT2,PC_ENT_CUSE,PT,,NaN,,NaN,,NaN
A,GE10,C10-S951_X_K,E_ITSPT2,PC_ENT_CUSE,RO,,NaN,,NaN,,NaN
A,GE10,C10-S951_X_K,E_ITSPT2,PC_ENT_CUSE,RS,,NaN,,NaN,,NaN
A,GE10,C10-S951_X_K,E_ITSPT2,PC_ENT_CUSE,SE,,NaN,,NaN,,NaN
A,GE10,C10-S951_X_K,E_ITSPT2,PC_ENT_CUSE,SI,,NaN,,NaN,,NaN
A,GE10,C10-S951_X_K,E_ITSPT2,PC_ENT_CUSE,SK,,NaN,,NaN,,NaN
A,GE10,C10-S951_X_K,E_ITSPT2,PC_ENT_CUSE,TR,,NaN,,NaN,,NaN
A,GE10,C10-S951_X_K,E_ITSPT2,PC_ENT_CUSE,UK,,NaN,,NaN,,NaN
A,GE10,C10-S951_X_K,E_ITT2,PC_ENT,AL,,NaN,21.05,NaN,,NaN
A,GE10,C10-S951_X_K,E_ITT2,PC_ENT,AT,17.72,NaN,20.14,NaN,19.92,NaN
A,GE10,C10-S951_X_K,E_ITT2,PC_ENT,BA,14.98,NaN,15.88,NaN,18.14,NaN
A,GE10,C10-S951_X_K,E_ITT2,PC_ENT,BE,32.62,NaN,33.0,NaN,36.83,NaN
A,GE10,C10-S951_X_K,E_ITT2,PC_ENT,BG,6.7,NaN,9.06,NaN,9.11,NaN
A,GE10,C10-S951_X_K,E_ITT2,PC_ENT,CY,25.41,NaN,28.36,NaN,29.94,NaN
A,GE10,C10-S951_X_K,E_ITT2,PC_ENT,CZ,24.74,NaN,23.08,NaN,26.74,NaN
A,GE10,C10-S951_X_K,E_ITT2,PC_ENT,DE,23.76,NaN,27.32,NaN,26.41,NaN
A,GE10,C10-S951_X_K,E_ITT2,PC_ENT,DK,30.2,NaN,33.35,NaN,35.23,NaN
A,GE10,C10-S951_X_K,E_ITT2,PC_ENT,EA,20.13,NaN,22.55,NaN,21.66,NaN
A,GE10,C10-S951_X_K,E_ITT2,PC_ENT,EE,17.01,NaN,18.78,NaN,21.05,NaN
A,GE10,C10-S951_X_K,E_ITT2,PC_ENT,EL,12.04,NaN,13.44,NaN,13.27,NaN
A,GE10,C10-S951_X_K,E_ITT2,PC_ENT,ES,20.12,NaN,20.7,NaN,21.22,NaN
A,GE10,C10-S951_X_K,E_ITT2,PC_ENT,EU15,,NaN,,NaN,,NaN
A,GE10,C10-S951_X_K,E_ITT2,PC_ENT,EU27_2007,,NaN,,NaN,,NaN
A,GE10,C10-S951_X_K,E_ITT2,PC_ENT,EU27_2020,19.67,NaN,22.37,NaN,22.29,NaN
A,GE10,C10-S951_X_K,E_ITT2,PC_ENT,EU28,,NaN,,NaN,,NaN
A,GE10,C10-S951_X_K,E_ITT2,PC_ENT,FI,37.67,NaN,39.83,NaN,38.33,NaN
A,GE10,C10-S951_X_K,E_ITT2,PC_ENT,FR,14.82,NaN,15.09,b,13.07,NaN
A,GE10,C10-S951_X_K,E_ITT2,PC_ENT,HR,22.93,NaN,20.82,NaN,20.44,NaN
A,GE10,C10-S951_X_K,E_ITT2,PC_ENT,HU,15.97,NaN,18.19,NaN,18.9,NaN
A,GE10,C10-S951_X_K,E_ITT2,PC_ENT,IE,27.04,NaN,23.21,NaN,21.58,NaN
A,GE10,C10-S951_X_K,E_ITT2,PC_ENT,IS,,NaN,,NaN,,NaN
A,GE10,C10-S951_X_K,E_ITT2,PC_ENT,IT,15.49,NaN,19.3,NaN,17.85,NaN
A,GE10,C10-S951_X_K,E_ITT2,PC_ENT,LT,13.71,NaN,13.07,NaN,13.24,NaN
A,GE10,C10-S951_X_K,E_ITT2,PC_ENT,LU,21.12,NaN,21.84,NaN,24.84,NaN
A,GE10,C10-S951_X_K,E_ITT2,PC_ENT,LV,16.7,NaN,15.1,NaN,14.54,NaN
A,GE10,C10-S951_X_K,E_ITT2,PC_ENT,ME,25.85,NaN,23.71,NaN,28.98,NaN
A,GE10,C10-S951_X_K,E_ITT2,PC_ENT,MK,12.25,NaN,11.18,NaN,,NaN
A,GE10,C10-S951_X_K,E_ITT2,PC_ENT,MT,27.66,NaN,28.39,NaN,31.12,NaN
A,GE10,C10-S951_X_K,E_ITT2,PC_ENT,NL,23.83,NaN,29.1,NaN,26.57,NaN
A,GE10,C10-S951_X_K,E_ITT2,PC_ENT,NO,33.08,NaN,34.31,NaN,30.82,NaN
A,GE10,C10-S951_X_K,E_ITT2,PC_ENT,PL,17.75,NaN,24.69,NaN,31.39,NaN
A,GE10,C10-S951_X_K,E_ITT2,PC_ENT,PT,22.92,NaN,23.66,NaN,27.79,NaN
A,GE10,C10-S951_X_K,E_ITT2,PC_ENT,RO,5.9,NaN,8.84,NaN,11.99,NaN
A,GE10,C10-S951_X_K,E_ITT2,PC_ENT,RS,16.12,NaN,22.23,NaN,26.84,NaN
A,GE10,C10-S951_X_K,E_ITT2,PC_ENT,SE,32.15,NaN,34.23,NaN,30.83,b
A,GE10,C10-S951_X_K,E_ITT2,PC_ENT,SI,25.73,NaN,28.86,NaN,26.94,NaN
A,GE10,C10-S951_X_K,E_ITT2,PC_ENT,SK,16.18,NaN,15.42,NaN,18.5,NaN
A,GE10,C10-S951_X_K,E_ITT2,PC_ENT,TR,11.12,NaN,16.2,NaN,14.43,NaN
A,GE10,C10-S951_X_K,E_ITT2,PC_ENT,UK,23.75,NaN,,NaN,,NaN
A,GE10,C10-S951_X_K,E_ITT2,PC_ENT_CUSE,AT,,NaN,,NaN,,NaN
A,GE10,C10-S951_X_K,E_ITT2,PC_ENT_CUSE,BA,,NaN,,NaN,,NaN
A,GE10,C10-S951_X_K,E_ITT2,PC_ENT_CUSE,BE,,NaN,,NaN,,NaN
A,GE10,C10-S951_X_K,E_ITT2,PC_ENT_CUSE,BG,,NaN,,NaN,,NaN
A,GE10,C10-S951_X_K,E_ITT2,PC_ENT_CUSE,CY,,NaN,,NaN,,NaN
A,GE10,C10-S951_X_K,E_ITT2,PC_ENT_CUSE,CZ,,NaN,,NaN,,NaN
A,GE10,C10-S951_X_K,E_ITT2,PC_ENT_CUSE,DE,,NaN,,NaN,,NaN
A,GE10,C10-S951_X_K,E_ITT2,PC_ENT_CUSE,DK,,NaN,,NaN,,NaN
A,GE10,C10-S951_X_K,E_ITT2,PC_ENT_CUSE,EA,,NaN,,NaN,,NaN
A,GE10,C10-S951_X_K,E_ITT2,PC_ENT_CUSE,EE,,NaN,,NaN,,NaN
A,GE10,C10-S951_X_K,E_ITT2,PC_ENT_CUSE,EL,,NaN,,NaN,,NaN
A,GE10,C10-S951_X_K,E_ITT2,PC_ENT_CUSE,ES,,NaN,,NaN,,NaN
A,GE10,C10-S951_X_K,E_ITT2,PC_ENT_CUSE,EU15,,NaN,,NaN,,NaN
A,GE10,C10-S951_X_K,E_ITT2,PC_ENT_CUSE,EU27_2007,,NaN,,NaN,,NaN
A,GE10,C10-S951_X_K,E_ITT2,PC_ENT_CUSE,EU27_2020,,NaN,,NaN,,NaN
A,GE10,C10-S951_X_K,E_ITT2,PC_ENT_CUSE,EU28,,NaN,,NaN,,NaN
A,GE10,C10-S951_X_K,E_ITT2,PC_ENT_CUSE,FI,,NaN,,NaN,,NaN
A,GE10,C10-S951_X_K,E_ITT2,PC_ENT_CUSE,FR,,NaN,,NaN,,NaN
A,GE10,C10-S951_X_K,E_ITT2,PC_ENT_CUSE,HR,,NaN,,NaN,,NaN
A,GE10,C10-S951_X_K,E_ITT2,PC_ENT_CUSE,HU,,NaN,,NaN,,NaN
A,GE10,C10-S951_X_K,E_ITT2,PC_ENT_CUSE,IE,,NaN,,NaN,,NaN
A,GE10,C10-S951_X_K,E_ITT2,PC_ENT_CUSE,IS,,NaN,,NaN,,NaN
A,GE10,C10-S951_X_K,E_ITT2,PC_ENT_CUSE,IT,,NaN,,NaN,,NaN
A,GE10,C10-S951_X_K,E_ITT2,PC_ENT_CUSE,LT,,NaN,,NaN,,NaN
A,GE10,C10-S951_X_K,E_ITT2,PC_ENT_CUSE,LU,,NaN,,NaN,,NaN
A,GE10,C10-S951_X_K,E_ITT2,PC_ENT_CUSE,LV,,NaN,,NaN,,NaN
A,GE10,C10-S951_X_K,E_ITT2,PC_ENT_CUSE,ME,,NaN,,NaN,,NaN
A,GE10,C10-S951_X_K,E_ITT2,PC_ENT_CUSE,MK,,NaN,,NaN,,NaN
A,GE10,C10-S951_X_K,E_ITT2,PC_ENT_CUSE,MT,,NaN,,NaN,,NaN
A,GE10,C10-S951_X_K,E_ITT2,PC_ENT_CUSE,NL,,NaN,,NaN,,NaN
A,GE10,C10-S951_X_K,E_ITT2,PC_ENT_CUSE,NO,,NaN,,NaN,,NaN
A,GE10,C10-S951_X_K,E_ITT2,PC_ENT_CUSE,PL,,NaN,,NaN,,NaN
A,GE10,C10-S951_X_K,E_ITT2,PC_ENT_CUSE,PT,,NaN,,NaN,,NaN
A,GE10,C10-S951_X_K,E_ITT2,PC_ENT_CUSE,RO,,NaN,,NaN,,NaN
A,GE10,C10-S951_X_K,E_ITT2,PC_ENT_CUSE,RS,,NaN,,NaN,,NaN
A,GE10,C10-S951_X_K,E_ITT2,PC_ENT_CUSE,SE,,NaN,,NaN,,NaN
A,GE10,C10-S951_X_K,E_ITT2,PC_ENT_CUSE,SI,,NaN,,NaN,,NaN
A,GE10,C10-S951_X_K,E_ITT2,PC_ENT_CUSE,SK,,NaN,,NaN,,NaN
A,GE10,C10-S951_X_K,E_ITT2,PC_ENT_CUSE,TR,,NaN,,NaN,,NaN
A,GE10,C10-S951_X_K,E_ITT2,PC_ENT_CUSE,UK,,NaN,,NaN,,NaN
A,GE10,C10-S951_X_K,E_ITUST2,PC_ENT,AL,,NaN,15.81,NaN,,NaN
A,GE10,C10-S951_X_K,E_ITUST2,PC_ENT,AT,14.35,NaN,14.83,NaN,15.6,NaN
A,GE10,C10-S951_X_K,E_ITUST2,PC_ENT,BA,11.42,NaN,13.59,NaN,15.0,NaN
A,GE10,C10-S951_X_K,E_ITUST2,PC_ENT,BE,29.55,NaN,29.45,NaN,34.21,NaN
A,GE10,C10-S951_X_K,E_ITUST2,PC_ENT,BG,4.14,NaN,6.2,NaN,5.64,NaN
A,GE10,C10-S951_X_K,E_ITUST2,PC_ENT,CY,22.65,NaN,25.61,NaN,27.0,NaN
A,GE10,C10-S951_X_K,E_ITUST2,PC_ENT,CZ,24.74,NaN,21.19,NaN,24.59,NaN
A,GE10,C10-S951_X_K,E_ITUST2,PC_ENT,DE,21.08,NaN,25.24,NaN,23.78,NaN
A,GE10,C10-S951_X_K,E_ITUST2,PC_ENT,DK,24.82,NaN,28.63,NaN,30.99,NaN
A,GE10,C10-S951_X_K,E_ITUST2,PC_ENT,EA,17.06,NaN,19.72,NaN,19.0,NaN
A,GE10,C10-S951_X_K,E_ITUST2,PC_ENT,EE,13.98,NaN,16.02,NaN,18.7,NaN
A,GE10,C10-S951_X_K,E_ITUST2,PC_ENT,EL,9.35,NaN,10.64,NaN,10.24,NaN
A,GE10,C10-S951_X_K,E_ITUST2,PC_ENT,ES,16.7,NaN,17.92,NaN,19.25,NaN
A,GE10,C10-S951_X_K,E_ITUST2,PC_ENT,EU15,,NaN,,NaN,,NaN
A,GE10,C10-S951_X_K,E_ITUST2,PC_ENT,EU27_2007,,NaN,,NaN,,NaN
A,GE10,C10-S951_X_K,E_ITUST2,PC_ENT,EU27_2020,16.84,NaN,19.68,NaN,19.36,NaN
A,GE10,C10-S951_X_K,E_ITUST2,PC_ENT,EU28,,NaN,,NaN,,NaN
A,GE10,C10-S951_X_K,E_ITUST2,PC_ENT,FI,35.71,NaN,37.35,NaN,34.2,NaN
A,GE10,C10-S951_X_K,E_ITUST2,PC_ENT,FR,12.02,NaN,12.38,b,10.9,NaN
A,GE10,C10-S951_X_K,E_ITUST2,PC_ENT,HR,20.32,NaN,18.64,NaN,18.01,NaN
A,GE10,C10-S951_X_K,E_ITUST2,PC_ENT,HU,13.3,NaN,14.82,NaN,15.91,NaN
A,GE10,C10-S951_X_K,E_ITUST2,PC_ENT,IE,24.58,NaN,19.49,NaN,17.39,NaN
A,GE10,C10-S951_X_K,E_ITUST2,PC_ENT,IS,,NaN,,NaN,,NaN
A,GE10,C10-S951_X_K,E_ITUST2,PC_ENT,IT,11.67,NaN,15.88,NaN,15.44,NaN
A,GE10,C10-S951_X_K,E_ITUST2,PC_ENT,LT,11.78,NaN,11.24,NaN,11.22,NaN
A,GE10,C10-S951_X_K,E_ITUST2,PC_ENT,LU,18.23,NaN,19.36,NaN,21.91,NaN
A,GE10,C10-S951_X_K,E_ITUST2,PC_ENT,LV,14.78,NaN,12.86,NaN,12.88,NaN
A,GE10,C10-S951_X_K,E_ITUST2,PC_ENT,ME,16.07,NaN,15.83,NaN,21.89,NaN
A,GE10,C10-S951_X_K,E_ITUST2,PC_ENT,MK,10.6,NaN,8.94,NaN,,NaN
A,GE10,C10-S951_X_K,E_ITUST2,PC_ENT,MT,24.78,NaN,23.53,NaN,28.73,NaN
A,GE10,C10-S951_X_K,E_ITUST2,PC_ENT,NL,19.28,NaN,24.45,NaN,21.86,NaN
A,GE10,C10-S951_X_K,E_ITUST2,PC_ENT,NO,30.95,NaN,32.42,NaN,29.37,NaN
A,GE10,C10-S951_X_K,E_ITUST2,PC_ENT,PL,15.88,NaN,22.98,NaN,24.8,NaN
A,GE10,C10-S951_X_K,E_ITUST2,PC_ENT,PT,20.04,NaN,21.52,NaN,25.36,NaN
A,GE10,C10-S951_X_K,E_ITUST2,PC_ENT,RO,4.6,NaN,6.93,NaN,9.92,NaN
A,GE10,C10-S951_X_K,E_ITUST2,PC_ENT,RS,14.63,NaN,19.12,NaN,23.93,NaN
A,GE10,C10-S951_X_K,E_ITUST2,PC_ENT,SE,29.93,NaN,32.47,NaN,28.94,b
A,GE10,C10-S951_X_K,E_ITUST2,PC_ENT,SI,22.72,NaN,25.99,NaN,24.02,NaN
A,GE10,C10-S951_X_K,E_ITUST2,PC_ENT,SK,13.8,NaN,13.31,NaN,15.66,NaN
A,GE10,C10-S951_X_K,E_ITUST2,PC_ENT,TR,9.07,NaN,14.84,NaN,13.33,NaN
A,GE10,C10-S951_X_K,E_ITUST2,PC_ENT,UK,19.61,NaN,,NaN,,NaN
A,GE10,C10-S951_X_K,E_ITUST2,PC_ENT_CUSE,AT,,NaN,,NaN,,NaN
A,GE10,C10-S951_X_K,E_ITUST2,PC_ENT_CUSE,BA,,NaN,,NaN,,NaN
A,GE10,C10-S951_X_K,E_ITUST2,PC_ENT_CUSE,BE,,NaN,,NaN,,NaN
A,GE10,C10-S951_X_K,E_ITUST2,PC_ENT_CUSE,BG,,NaN,,NaN,,NaN
A,GE10,C10-S951_X_K,E_ITUST2,PC_ENT_CUSE,CY,,NaN,,NaN,,NaN
A,GE10,C10-S951_X_K,E_ITUST2,PC_ENT_CUSE,CZ,,NaN,,NaN,,NaN
A,GE10,C10-S951_X_K,E_ITUST2,PC_ENT_CUSE,DE,,NaN,,NaN,,NaN
A,GE10,C10-S951_X_K,E_ITUST2,PC_ENT_CUSE,DK,,NaN,,NaN,,NaN
A,GE10,C10-S951_X_K,E_ITUST2,PC_ENT_CUSE,EA,,NaN,,NaN,,NaN
A,GE10,C10-S951_X_K,E_ITUST2,PC_ENT_CUSE,EE,,NaN,,NaN,,NaN
A,GE10,C10-S951_X_K,E_ITUST2,PC_ENT_CUSE,EL,,NaN,,NaN,,NaN
A,GE10,C10-S951_X_K,E_ITUST2,PC_ENT_CUSE,ES,,NaN,,NaN,,NaN
A,GE10,C10-S951_X_K,E_ITUST2,PC_ENT_CUSE,EU15,,NaN,,NaN,,NaN
A,GE10,C10-S951_X_K,E_ITUST2,PC_ENT_CUSE,EU27_2007,,NaN,,NaN,,NaN
A,GE10,C10-S951_X_K,E_ITUST2,PC_ENT_CUSE,EU27_2020,,NaN,,NaN,,NaN
A,GE10,C10-S951_X_K,E_ITUST2,PC_ENT_CUSE,EU28,,NaN,,NaN,,NaN
A,GE10,C10-S951_X_K,E_ITUST2,PC_ENT_CUSE,FI,,NaN,,NaN,,NaN
A,GE10,C10-S951_X_K,E_ITUST2,PC_ENT_CUSE,FR,,NaN,,NaN,,NaN
A,GE10,C10-S951_X_K,E_ITUST2,PC_ENT_CUSE,HR,,NaN,,NaN,,NaN
A,GE10,C10-S951_X_K,E_ITUST2,PC_ENT_CUSE,HU,,NaN,,NaN,,NaN
A,GE10,C10-S951_X_K,E_ITUST2,PC_ENT_CUSE,IE,,NaN,,NaN,,NaN
A,GE10,C10-S951_X_K,E_ITUST2,PC_ENT_CUSE,IS,,NaN,,NaN,,NaN
A,GE10,C10-S951_X_K,E_ITUST2,PC_ENT_CUSE,IT,,NaN,,NaN,,NaN
A,GE10,C10-S951_X_K,E_ITUST2,PC_ENT_CUSE,LT,,NaN,,NaN,,NaN
A,GE10,C10-S951_X_K,E_ITUST2,PC_ENT_CUSE,LU,,NaN,,NaN,,NaN
A,GE10,C10-S951_X_K,E_ITUST2,PC_ENT_CUSE,LV,,NaN,,NaN,,NaN
A,GE10,C10-S951_X_K,E_ITUST2,PC_ENT_CUSE,ME,,NaN,,NaN,,NaN
A,GE10,C10-S951_X_K,E_ITUST2,PC_ENT_CUSE,MK,,NaN,,NaN,,NaN
A,GE10,C10-S951_X_K,E_ITUST2,PC_ENT_CUSE,MT,,NaN,,NaN,,NaN
A,GE10,C10-S951_X_K,E_ITUST2,PC_ENT_CUSE,NL,,NaN,,NaN,,NaN
A,GE10,C10-S951_X_K,E_ITUST2,PC_ENT_CUSE,NO,,NaN,,NaN,,NaN
A,GE10,C10-S951_X_K,E_ITUST2,PC_ENT_CUSE,PL,,NaN,,NaN,,NaN
A,GE10,C10-S951_X_K,E_ITUST2,PC_ENT_CUSE,PT,,NaN,,NaN,,NaN
A,GE10,C10-S951_X_K,E_ITUST2,PC_ENT_CUSE,RO,,NaN,,NaN,,NaN
A,GE10,C10-S951_X_K,E_ITUST2,PC_ENT_CUSE,RS,,NaN,,NaN,,NaN
A,GE10,C10-S951_X_K,E_ITUST2,PC_ENT_CUSE,SE,,NaN,,NaN,,NaN
A,GE10,C10-S951_X_K,E_ITUST2,PC_ENT_CUSE,SI,,NaN,,NaN,,NaN
A,GE10,C10-S951_X_K,E_ITUST2,PC_ENT_CUSE,SK,,NaN,,NaN,,NaN
A,GE10,C10-S951_X_K,E_ITUST2,PC_ENT_CUSE,TR,,NaN,,NaN,,NaN
A,GE10,C10-S951_X_K,E_ITUST2,PC_ENT_CUSE,UK,,NaN,,NaN,,NaN
A,GE10,C13-C15,E_ITSP2X_ITT2,PC_ENT,AT,0.0,NaN,,u,6.52,NaN
A,GE10,C13-C15,E_ITSP2X_ITT2,PC_ENT,BA,,u,,NaN,,NaN
A,GE10,C13-C15,E_ITSP2X_ITT2,PC_ENT,BE,11.78,NaN,,u,2.38,NaN
A,GE10,C13-C15,E_ITSP2X_ITT2,PC_ENT,BG,,u,0.64,NaN,,u
A,GE10,C13-C15,E_ITSP2X_ITT2,PC_ENT,CY,0.0,NaN,23.32,NaN,7.28,NaN
A,GE10,C13-C15,E_ITSP2X_ITT2,PC_ENT,CZ,8.16,NaN,6.74,NaN,13.98,NaN
A,GE10,C13-C15,E_ITSP2X_ITT2,PC_ENT,DE,12.14,NaN,10.89,NaN,11.59,NaN
A,GE10,C13-C15,E_ITSP2X_ITT2,PC_ENT,DK,10.3,NaN,7.16,NaN,10.6,NaN
A,GE10,C13-C15,E_ITSP2X_ITT2,PC_ENT,EA,6.22,NaN,7.01,NaN,10.65,NaN
A,GE10,C13-C15,E_ITSP2X_ITT2,PC_ENT,EE,4.58,NaN,10.49,NaN,3.37,NaN
A,GE10,C13-C15,E_ITSP2X_ITT2,PC_ENT,EL,,u,6.49,NaN,6.43,NaN
A,GE10,C13-C15,E_ITSP2X_ITT2,PC_ENT,ES,,u,,u,5.32,NaN
A,GE10,C13-C15,E_ITSP2X_ITT2,PC_ENT,EU15,,NaN,,NaN,,NaN
A,GE10,C13-C15,E_ITSP2X_ITT2,PC_ENT,EU27_2007,,NaN,,NaN,,NaN
A,GE10,C13-C15,E_ITSP2X_ITT2,PC_ENT,EU27_2020,5.23,NaN,6.36,NaN,9.46,NaN
A,GE10,C13-C15,E_ITSP2X_ITT2,PC_ENT,EU28,,NaN,,NaN,,NaN
A,GE10,C13-C15,E_ITSP2X_ITT2,PC_ENT,FI,,u,,u,,u
A,GE10,C13-C15,E_ITSP2X_ITT2,PC_ENT,FR,2.8,NaN,8.91,b,9.13,NaN
A,GE10,C13-C15,E_ITSP2X_ITT2,PC_ENT,HR,7.01,NaN,21.82,NaN,2.16,NaN
A,GE10,C13-C15,E_ITSP2X_ITT2,PC_ENT,HU,1.66,NaN,1.57,NaN,5.87,NaN
A,GE10,C13-C15,E_ITSP2X_ITT2,PC_ENT,IE,13.0,NaN,15.82,NaN,11.55,NaN
A,GE10,C13-C15,E_ITSP2X_ITT2,PC_ENT,IT,6.62,NaN,7.18,NaN,14.19,NaN
A,GE10,C13-C15,E_ITSP2X_ITT2,PC_ENT,LT,3.23,NaN,4.38,NaN,7.59,NaN
A,GE10,C13-C15,E_ITSP2X_ITT2,PC_ENT,LU,,u,,u,,u
A,GE10,C13-C15,E_ITSP2X_ITT2,PC_ENT,LV,1.81,NaN,4.22,NaN,3.27,NaN
A,GE10,C13-C15,E_ITSP2X_ITT2,PC_ENT,ME,,u,0.0,NaN,,NaN
A,GE10,C13-C15,E_ITSP2X_ITT2,PC_ENT,MK,0.7,NaN,,u,,NaN
A,GE10,C13-C15,E_ITSP2X_ITT2,PC_ENT,MT,,u,,u,,u
A,GE10,C13-C15,E_ITSP2X_ITT2,PC_ENT,NL,1.53,NaN,4.74,NaN,7.06,NaN
A,GE10,C13-C15,E_ITSP2X_ITT2,PC_ENT,NO,27.66,NaN,26.09,NaN,13.95,NaN
A,GE10,C13-C15,E_ITSP2X_ITT2,PC_ENT,PL,3.9,NaN,6.72,NaN,7.55,NaN
A,GE10,C13-C15,E_ITSP2X_ITT2,PC_ENT,PT,5.69,NaN,4.15,NaN,7.75,NaN
A,GE10,C13-C15,E_ITSP2X_ITT2,PC_ENT,RO,0.94,NaN,1.41,NaN,3.11,NaN
A,GE10,C13-C15,E_ITSP2X_ITT2,PC_ENT,RS,2.13,NaN,12.1,NaN,3.06,NaN
A,GE10,C13-C15,E_ITSP2X_ITT2,PC_ENT,SE,16.66,NaN,15.59,NaN,15.09,b
A,GE10,C13-C15,E_ITSP2X_ITT2,PC_ENT,SI,5.87,NaN,18.47,NaN,13.81,NaN
A,GE10,C13-C15,E_ITSP2X_ITT2,PC_ENT,SK,6.72,NaN,5.87,NaN,4.46,NaN
A,GE10,C13-C15,E_ITSP2X_ITT2,PC_ENT,TR,2.38,NaN,4.78,NaN,4.15,NaN
A,GE10,C13-C15,E_ITSP2X_ITT2,PC_ENT,UK,2.68,NaN,,NaN,,NaN
A,GE10,C13-C15,E_ITSP2X_ITT2,PC_ENT_CUSE,AT,,NaN,,NaN,,NaN
A,GE10,C13-C15,E_ITSP2X_ITT2,PC_ENT_CUSE,BA,,NaN,,NaN,,NaN
A,GE10,C13-C15,E_ITSP2X_ITT2,PC_ENT_CUSE,BE,,NaN,,NaN,,NaN
A,GE10,C13-C15,E_ITSP2X_ITT2,PC_ENT_CUSE,BG,,NaN,,NaN,,NaN
A,GE10,C13-C15,E_ITSP2X_ITT2,PC_ENT_CUSE,CY,,NaN,,NaN,,NaN
A,GE10,C13-C15,E_ITSP2X_ITT2,PC_ENT_CUSE,CZ,,NaN,,NaN,,NaN
A,GE10,C13-C15,E_ITSP2X_ITT2,PC_ENT_CUSE,DE,,NaN,,NaN,,NaN
A,GE10,C13-C15,E_ITSP2X_ITT2,PC_ENT_CUSE,DK,,NaN,,NaN,,NaN
A,GE10,C13-C15,E_ITSP2X_ITT2,PC_ENT_CUSE,EA,,NaN,,NaN,,NaN
A,GE10,C13-C15,E_ITSP2X_ITT2,PC_ENT_CUSE,EE,,NaN,,NaN,,NaN
A,GE10,C13-C15,E_ITSP2X_ITT2,PC_ENT_CUSE,EL,,NaN,,NaN,,NaN
A,GE10,C13-C15,E_ITSP2X_ITT2,PC_ENT_CUSE,ES,,NaN,,NaN,,NaN
A,GE10,C13-C15,E_ITSP2X_ITT2,PC_ENT_CUSE,EU15,,NaN,,NaN,,NaN
A,GE10,C13-C15,E_ITSP2X_ITT2,PC_ENT_CUSE,EU27_2007,,NaN,,NaN,,NaN
A,GE10,C13-C15,E_ITSP2X_ITT2,PC_ENT_CUSE,EU27_2020,,NaN,,NaN,,NaN
A,GE10,C13-C15,E_ITSP2X_ITT2,PC_ENT_CUSE,EU28,,NaN,,NaN,,NaN
A,GE10,C13-C15,E_ITSP2X_ITT2,PC_ENT_CUSE,FI,,NaN,,NaN,,NaN
A,GE10,C13-C15,E_ITSP2X_ITT2,PC_ENT_CUSE,FR,,NaN,,NaN,,NaN
A,GE10,C13-C15,E_ITSP2X_ITT2,PC_ENT_CUSE,HR,,NaN,,NaN,,NaN
A,GE10,C13-C15,E_ITSP2X_ITT2,PC_ENT_CUSE,HU,,NaN,,NaN,,NaN
A,GE10,C13-C15,E_ITSP2X_ITT2,PC_ENT_CUSE,IE,,NaN,,NaN,,NaN
A,GE10,C13-C15,E_ITSP2X_ITT2,PC_ENT_CUSE,IT,,NaN,,NaN,,NaN
A,GE10,C13-C15,E_ITSP2X_ITT2,PC_ENT_CUSE,LT,,NaN,,NaN,,NaN
A,GE10,C13-C15,E_ITSP2X_ITT2,PC_ENT_CUSE,LU,,NaN,,NaN,,NaN
A,GE10,C13-C15,E_ITSP2X_ITT2,PC_ENT_CUSE,LV,,NaN,,NaN,,NaN
A,GE10,C13-C15,E_ITSP2X_ITT2,PC_ENT_CUSE,ME,,NaN,,NaN,,NaN
A,GE10,C13-C15,E_ITSP2X_ITT2,PC_ENT_CUSE,MK,,NaN,,NaN,,NaN
A,GE10,C13-C15,E_ITSP2X_ITT2,PC_ENT_CUSE,MT,,NaN,,NaN,,NaN
A,GE10,C13-C15,E_ITSP2X_ITT2,PC_ENT_CUSE,NL,,NaN,,NaN,,NaN
A,GE10,C13-C15,E_ITSP2X_ITT2,PC_ENT_CUSE,NO,,NaN,,NaN,,NaN
A,GE10,C13-C15,E_ITSP2X_ITT2,PC_ENT_CUSE,PL,,NaN,,NaN,,NaN
A,GE10,C13-C15,E_ITSP2X_ITT2,PC_ENT_CUSE,PT,,NaN,,NaN,,NaN
A,GE10,C13-C15,E_ITSP2X_ITT2,PC_ENT_CUSE,RO,,NaN,,NaN,,NaN
A,GE10,C13-C15,E_ITSP2X_ITT2,PC_ENT_CUSE,RS,,NaN,,NaN,,NaN
A,GE10,C13-C15,E_ITSP2X_ITT2,PC_ENT_CUSE,SE,,NaN,,NaN,,NaN
A,GE10,C13-C15,E_ITSP2X_ITT2,PC_ENT_CUSE,SI,,NaN,,NaN,,NaN
A,GE10,C13-C15,E_ITSP2X_ITT2,PC_ENT_CUSE,SK,,NaN,,NaN,,NaN
A,GE10,C13-C15,E_ITSP2X_ITT2,PC_ENT_CUSE,TR,,NaN,,NaN,,NaN
A,GE10,C13-C15,E_ITSP2X_ITT2,PC_ENT_CUSE,UK,,NaN,,NaN,,NaN
A,GE10,C13-C15,E_ITSP2_ITT2,PC_ENT,AT,,u,12.39,NaN,19.42,NaN
A,GE10,C13-C15,E_ITSP2_ITT2,PC_ENT,BA,7.95,NaN,4.39,NaN,3.33,NaN
A,GE10,C13-C15,E_ITSP2_ITT2,PC_ENT,BE,,u,,u,,u
A,GE10,C13-C15,E_ITSP2_ITT2,PC_ENT,BG,1.67,NaN,1.86,NaN,0.82,NaN
A,GE10,C13-C15,E_ITSP2_ITT2,PC_ENT,CY,10.62,NaN,0.0,NaN,0.0,NaN
A,GE10,C13-C15,E_ITSP2_ITT2,PC_ENT,CZ,9.48,NaN,6.45,NaN,8.3,NaN
A,GE10,C13-C15,E_ITSP2_ITT2,PC_ENT,DE,13.03,NaN,13.96,NaN,18.78,NaN
A,GE10,C13-C15,E_ITSP2_ITT2,PC_ENT,DK,19.22,NaN,23.46,NaN,30.5,NaN
A,GE10,C13-C15,E_ITSP2_ITT2,PC_ENT,EA,5.9,NaN,5.42,NaN,6.12,NaN
A,GE10,C13-C15,E_ITSP2_ITT2,PC_ENT,EE,5.81,NaN,2.94,NaN,6.97,NaN
A,GE10,C13-C15,E_ITSP2_ITT2,PC_ENT,EL,,u,0.83,NaN,7.23,NaN
A,GE10,C13-C15,E_ITSP2_ITT2,PC_ENT,ES,,u,,u,3.29,NaN
A,GE10,C13-C15,E_ITSP2_ITT2,PC_ENT,EU15,,NaN,,NaN,,NaN
A,GE10,C13-C15,E_ITSP2_ITT2,PC_ENT,EU27_2007,,NaN,,NaN,,NaN
A,GE10,C13-C15,E_ITSP2_ITT2,PC_ENT,EU27_2020,5.23,NaN,5.57,NaN,6.32,NaN
A,GE10,C13-C15,E_ITSP2_ITT2,PC_ENT,EU28,,NaN,,NaN,,NaN
A,GE10,C13-C15,E_ITSP2_ITT2,PC_ENT,FI,,u,,u,,u
A,GE10,C13-C15,E_ITSP2_ITT2,PC_ENT,FR,14.5,NaN,8.3,b,11.15,NaN
A,GE10,C13-C15,E_ITSP2_ITT2,PC_ENT,HR,2.68,NaN,14.15,NaN,4.76,NaN
A,GE10,C13-C15,E_ITSP2_ITT2,PC_ENT,HU,4.66,NaN,3.85,NaN,2.42,NaN
A,GE10,C13-C15,E_ITSP2_ITT2,PC_ENT,IE,8.69,NaN,5.6,NaN,12.26,NaN
A,GE10,C13-C15,E_ITSP2_ITT2,PC_ENT,IT,2.55,NaN,3.54,NaN,3.71,NaN
A,GE10,C13-C15,E_ITSP2_ITT2,PC_ENT,LT,5.38,NaN,3.44,NaN,3.96,NaN
A,GE10,C13-C15,E_ITSP2_ITT2,PC_ENT,LU,,u,,u,,u
A,GE10,C13-C15,E_ITSP2_ITT2,PC_ENT,LV,3.21,NaN,0.0,NaN,0.55,NaN
A,GE10,C13-C15,E_ITSP2_ITT2,PC_ENT,ME,,u,0.0,NaN,,NaN
A,GE10,C13-C15,E_ITSP2_ITT2,PC_ENT,MK,1.9,NaN,,u,,NaN
A,GE10,C13-C15,E_ITSP2_ITT2,PC_ENT,MT,,u,,u,,u
A,GE10,C13-C15,E_ITSP2_ITT2,PC_ENT,NL,16.47,NaN,18.51,NaN,15.64,NaN
A,GE10,C13-C15,E_ITSP2_ITT2,PC_ENT,NO,18.38,NaN,16.77,NaN,12.06,NaN
A,GE10,C13-C15,E_ITSP2_ITT2,PC_ENT,PL,4.52,NaN,9.59,NaN,11.2,NaN
A,GE10,C13-C15,E_ITSP2_ITT2,PC_ENT,PT,4.98,NaN,5.89,NaN,4.22,NaN
A,GE10,C13-C15,E_ITSP2_ITT2,PC_ENT,RO,1.39,NaN,1.81,NaN,4.62,NaN
A,GE10,C13-C15,E_ITSP2_ITT2,PC_ENT,RS,13.77,NaN,9.5,NaN,11.55,NaN
A,GE10,C13-C15,E_ITSP2_ITT2,PC_ENT,SE,13.75,NaN,17.39,NaN,12.32,b
A,GE10,C13-C15,E_ITSP2_ITT2,PC_ENT,SI,17.45,NaN,21.68,NaN,8.33,NaN
A,GE10,C13-C15,E_ITSP2_ITT2,PC_ENT,SK,5.5,NaN,4.15,NaN,7.45,NaN
A,GE10,C13-C15,E_ITSP2_ITT2,PC_ENT,TR,4.57,NaN,6.52,NaN,6.12,NaN
A,GE10,C13-C15,E_ITSP2_ITT2,PC_ENT,UK,8.84,NaN,,NaN,,NaN
A,GE10,C13-C15,E_ITSP2_ITT2,PC_ENT_CUSE,AT,,NaN,,NaN,,NaN
A,GE10,C13-C15,E_ITSP2_ITT2,PC_ENT_CUSE,BA,,NaN,,NaN,,NaN
A,GE10,C13-C15,E_ITSP2_ITT2,PC_ENT_CUSE,BE,,NaN,,NaN,,NaN
A,GE10,C13-C15,E_ITSP2_ITT2,PC_ENT_CUSE,BG,,NaN,,NaN,,NaN
A,GE10,C13-C15,E_ITSP2_ITT2,PC_ENT_CUSE,CY,,NaN,,NaN,,NaN
A,GE10,C13-C15,E_ITSP2_ITT2,PC_ENT_CUSE,CZ,,NaN,,NaN,,NaN
A,GE10,C13-C15,E_ITSP2_ITT2,PC_ENT_CUSE,DE,,NaN,,NaN,,NaN
A,GE10,C13-C15,E_ITSP2_ITT2,PC_ENT_CUSE,DK,,NaN,,NaN,,NaN
A,GE10,C13-C15,E_ITSP2_ITT2,PC_ENT_CUSE,EA,,NaN,,NaN,,NaN
A,GE10,C13-C15,E_ITSP2_ITT2,PC_ENT_CUSE,EE,,NaN,,NaN,,NaN
A,GE10,C13-C15,E_ITSP2_ITT2,PC_ENT_CUSE,EL,,NaN,,NaN,,NaN
A,GE10,C13-C15,E_ITSP2_ITT2,PC_ENT_CUSE,ES,,NaN,,NaN,,NaN
A,GE10,C13-C15,E_ITSP2_ITT2,PC_ENT_CUSE,EU15,,NaN,,NaN,,NaN
A,GE10,C13-C15,E_ITSP2_ITT2,PC_ENT_CUSE,EU27_2007,,NaN,,NaN,,NaN
A,GE10,C13-C15,E_ITSP2_ITT2,PC_ENT_CUSE,EU27_2020,,NaN,,NaN,,NaN
A,GE10,C13-C15,E_ITSP2_ITT2,PC_ENT_CUSE,EU28,,NaN,,NaN,,NaN
A,GE10,C13-C15,E_ITSP2_ITT2,PC_ENT_CUSE,FI,,NaN,,NaN,,NaN
A,GE10,C13-C15,E_ITSP2_ITT2,PC_ENT_CUSE,FR,,NaN,,NaN,,NaN
A,GE10,C13-C15,E_ITSP2_ITT2,PC_ENT_CUSE,HR,,NaN,,NaN,,NaN
A,GE10,C13-C15,E_ITSP2_ITT2,PC_ENT_CUSE,HU,,NaN,,NaN,,NaN
A,GE10,C13-C15,E_ITSP2_ITT2,PC_ENT_CUSE,IE,,NaN,,NaN,,NaN
A,GE10,C13-C15,E_ITSP2_ITT2,PC_ENT_CUSE,IT,,NaN,,NaN,,NaN
A,GE10,C13-C15,E_ITSP2_ITT2,PC_ENT_CUSE,LT,,NaN,,NaN,,NaN
A,GE10,C13-C15,E_ITSP2_ITT2,PC_ENT_CUSE,LU,,NaN,,NaN,,NaN
A,GE10,C13-C15,E_ITSP2_ITT2,PC_ENT_CUSE,LV,,NaN,,NaN,,NaN
A,GE10,C13-C15,E_ITSP2_ITT2,PC_ENT_CUSE,ME,,NaN,,NaN,,NaN
A,GE10,C13-C15,E_ITSP2_ITT2,PC_ENT_CUSE,MK,,NaN,,NaN,,NaN
A,GE10,C13-C15,E_ITSP2_ITT2,PC_ENT_CUSE,MT,,NaN,,NaN,,NaN
A,GE10,C13-C15,E_ITSP2_ITT2,PC_ENT_CUSE,NL,,NaN,,NaN,,NaN
A,GE10,C13-C15,E_ITSP2_ITT2,PC_ENT_CUSE,NO,,NaN,,NaN,,NaN
A,GE10,C13-C15,E_ITSP2_ITT2,PC_ENT_CUSE,PL,,NaN,,NaN,,NaN
A,GE10,C13-C15,E_ITSP2_ITT2,PC_ENT_CUSE,PT,,NaN,,NaN,,NaN
A,GE10,C13-C15,E_ITSP2_ITT2,PC_ENT_CUSE,RO,,NaN,,NaN,,NaN
A,GE10,C13-C15,E_ITSP2_ITT2,PC_ENT_CUSE,RS,,NaN,,NaN,,NaN
A,GE10,C13-C15,E_ITSP2_ITT2,PC_ENT_CUSE,SE,,NaN,,NaN,,NaN
A,GE10,C13-C15,E_ITSP2_ITT2,PC_ENT_CUSE,SI,,NaN,,NaN,,NaN
A,GE10,C13-C15,E_ITSP2_ITT2,PC_ENT_CUSE,SK,,NaN,,NaN,,NaN
A,GE10,C13-C15,E_ITSP2_ITT2,PC_ENT_CUSE,TR,,NaN,,NaN,,NaN
A,GE10,C13-C15,E_ITSP2_ITT2,PC_ENT_CUSE,UK,,NaN,,NaN,,NaN
A,GE10,C13-C15,E_ITSPT2,PC_ENT,AT,,u,12.39,NaN,17.85,NaN
A,GE10,C13-C15,E_ITSPT2,PC_ENT,BA,6.74,NaN,3.52,NaN,2.48,NaN
A,GE10,C13-C15,E_ITSPT2,PC_ENT,BE,9.37,NaN,,u,,u
A,GE10,C13-C15,E_ITSPT2,PC_ENT,BG,1.56,NaN,1.58,NaN,0.67,NaN
A,GE10,C13-C15,E_ITSPT2,PC_ENT,CY,10.62,NaN,0.0,NaN,0.0,NaN
A,GE10,C13-C15,E_ITSPT2,PC_ENT,CZ,7.81,NaN,5.45,NaN,5.44,NaN
A,GE10,C13-C15,E_ITSPT2,PC_ENT,DE,9.83,NaN,11.01,NaN,14.96,NaN
A,GE10,C13-C15,E_ITSPT2,PC_ENT,DK,15.25,NaN,16.03,NaN,26.86,NaN
A,GE10,C13-C15,E_ITSPT2,PC_ENT,EA,4.72,NaN,4.56,NaN,5.05,NaN
A,GE10,C13-C15,E_ITSPT2,PC_ENT,EE,5.81,NaN,1.76,NaN,3.83,NaN
A,GE10,C13-C15,E_ITSPT2,PC_ENT,EL,,u,1.93,NaN,7.03,NaN
A,GE10,C13-C15,E_ITSPT2,PC_ENT,ES,,u,,u,2.5,NaN
A,GE10,C13-C15,E_ITSPT2,PC_ENT,EU15,,NaN,,NaN,,NaN
A,GE10,C13-C15,E_ITSPT2,PC_ENT,EU27_2007,,NaN,,NaN,,NaN
A,GE10,C13-C15,E_ITSPT2,PC_ENT,EU27_2020,4.02,NaN,4.2,NaN,5.29,NaN
A,GE10,C13-C15,E_ITSPT2,PC_ENT,EU28,,NaN,,NaN,,NaN
A,GE10,C13-C15,E_ITSPT2,PC_ENT,FI,,u,,u,,u
A,GE10,C13-C15,E_ITSPT2,PC_ENT,FR,10.35,NaN,4.92,b,8.83,NaN
A,GE10,C13-C15,E_ITSPT2,PC_ENT,HR,2.24,NaN,2.39,NaN,3.14,NaN
A,GE10,C13-C15,E_ITSPT2,PC_ENT,HU,2.75,NaN,2.98,NaN,1.58,NaN
A,GE10,C13-C15,E_ITSPT2,PC_ENT,IE,5.91,NaN,,NaN,8.33,NaN
A,GE10,C13-C15,E_ITSPT2,PC_ENT,IS,,NaN,,NaN,,NaN
A,GE10,C13-C15,E_ITSPT2,PC_ENT,IT,2.36,NaN,4.0,NaN,3.61,NaN
A,GE10,C13-C15,E_ITSPT2,PC_ENT,LT,1.88,NaN,2.19,NaN,3.63,NaN
A,GE10,C13-C15,E_ITSPT2,PC_ENT,LU,,u,,u,,u
A,GE10,C13-C15,E_ITSPT2,PC_ENT,LV,0.89,NaN,,u,0.55,NaN
A,GE10,C13-C15,E_ITSPT2,PC_ENT,ME,,u,0.0,NaN,,NaN
A,GE10,C13-C15,E_ITSPT2,PC_ENT,MK,1.55,NaN,,u,,NaN
A,GE10,C13-C15,E_ITSPT2,PC_ENT,MT,,u,,u,,u
A,GE10,C13-C15,E_ITSPT2,PC_ENT,NL,14.95,NaN,17.61,NaN,12.33,NaN
A,GE10,C13-C15,E_ITSPT2,PC_ENT,NO,23.34,NaN,15.32,NaN,9.21,NaN
A,GE10,C13-C15,E_ITSPT2,PC_ENT,PL,1.86,NaN,4.14,NaN,10.63,NaN
A,GE10,C13-C15,E_ITSPT2,PC_ENT,PT,4.64,NaN,3.68,NaN,2.0,NaN
A,GE10,C13-C15,E_ITSPT2,PC_ENT,RO,1.3,NaN,1.81,NaN,3.56,NaN
A,GE10,C13-C15,E_ITSPT2,PC_ENT,RS,9.47,NaN,5.67,NaN,11.55,NaN
A,GE10,C13-C15,E_ITSPT2,PC_ENT,SE,9.22,NaN,7.45,NaN,10.39,b
A,GE10,C13-C15,E_ITSPT2,PC_ENT,SI,17.45,NaN,11.76,NaN,7.46,NaN
A,GE10,C13-C15,E_ITSPT2,PC_ENT,SK,3.81,NaN,2.09,NaN,4.71,NaN
A,GE10,C13-C15,E_ITSPT2,PC_ENT,TR,3.9,NaN,3.96,NaN,4.82,NaN
A,GE10,C13-C15,E_ITSPT2,PC_ENT,UK,2.73,NaN,,NaN,,NaN
A,GE10,C13-C15,E_ITSPT2,PC_ENT_CUSE,AT,,NaN,,NaN,,NaN
A,GE10,C13-C15,E_ITSPT2,PC_ENT_CUSE,BA,,NaN,,NaN,,NaN
A,GE10,C13-C15,E_ITSPT2,PC_ENT_CUSE,BE,,NaN,,NaN,,NaN
A,GE10,C13-C15,E_ITSPT2,PC_ENT_CUSE,BG,,NaN,,NaN,,NaN
A,GE10,C13-C15,E_ITSPT2,PC_ENT_CUSE,CY,,NaN,,NaN,,NaN
A,GE10,C13-C15,E_ITSPT2,PC_ENT_CUSE,CZ,,NaN,,NaN,,NaN
A,GE10,C13-C15,E_ITSPT2,PC_ENT_CUSE,DE,,NaN,,NaN,,NaN
A,GE10,C13-C15,E_ITSPT2,PC_ENT_CUSE,DK,,NaN,,NaN,,NaN
A,GE10,C13-C15,E_ITSPT2,PC_ENT_CUSE,EA,,NaN,,NaN,,NaN
A,GE10,C13-C15,E_ITSPT2,PC_ENT_CUSE,EE,,NaN,,NaN,,NaN
A,GE10,C13-C15,E_ITSPT2,PC_ENT_CUSE,EL,,NaN,,NaN,,NaN
A,GE10,C13-C15,E_ITSPT2,PC_ENT_CUSE,ES,,NaN,,NaN,,NaN
A,GE10,C13-C15,E_ITSPT2,PC_ENT_CUSE,EU15,,NaN,,NaN,,NaN
A,GE10,C13-C15,E_ITSPT2,PC_ENT_CUSE,EU27_2007,,NaN,,NaN,,NaN
A,GE10,C13-C15,E_ITSPT2,PC_ENT_CUSE,EU27_2020,,NaN,,NaN,,NaN
A,GE10,C13-C15,E_ITSPT2,PC_ENT_CUSE,EU28,,NaN,,NaN,,NaN
A,GE10,C13-C15,E_ITSPT2,PC_ENT_CUSE,FI,,NaN,,NaN,,NaN
A,GE10,C13-C15,E_ITSPT2,PC_ENT_CUSE,FR,,NaN,,NaN,,NaN
A,GE10,C13-C15,E_ITSPT2,PC_ENT_CUSE,HR,,NaN,,NaN,,NaN
A,GE10,C13-C15,E_ITSPT2,PC_ENT_CUSE,HU,,NaN,,NaN,,NaN
A,GE10,C13-C15,E_ITSPT2,PC_ENT_CUSE,IE,,NaN,,NaN,,NaN
A,GE10,C13-C15,E_ITSPT2,PC_ENT_CUSE,IS,,NaN,,NaN,,NaN
A,GE10,C13-C15,E_ITSPT2,PC_ENT_CUSE,IT,,NaN,,NaN,,NaN
A,GE10,C13-C15,E_ITSPT2,PC_ENT_CUSE,LT,,NaN,,NaN,,NaN
A,GE10,C13-C15,E_ITSPT2,PC_ENT_CUSE,LU,,NaN,,NaN,,NaN
A,GE10,C13-C15,E_ITSPT2,PC_ENT_CUSE,LV,,NaN,,NaN,,NaN
A,GE10,C13-C15,E_ITSPT2,PC_ENT_CUSE,ME,,NaN,,NaN,,NaN
A,GE10,C13-C15,E_ITSPT2,PC_ENT_CUSE,MK,,NaN,,NaN,,NaN
A,GE10,C13-C15,E_ITSPT2,PC_ENT_CUSE,MT,,NaN,,NaN,,NaN
A,GE10,C13-C15,E_ITSPT2,PC_ENT_CUSE,NL,,NaN,,NaN,,NaN
A,GE10,C13-C15,E_ITSPT2,PC_ENT_CUSE,NO,,NaN,,NaN,,NaN
A,GE10,C13-C15,E_ITSPT2,PC_ENT_CUSE,PL,,NaN,,NaN,,NaN
A,GE10,C13-C15,E_ITSPT2,PC_ENT_CUSE,PT,,NaN,,NaN,,NaN
A,GE10,C13-C15,E_ITSPT2,PC_ENT_CUSE,RO,,NaN,,NaN,,NaN
A,GE10,C13-C15,E_ITSPT2,PC_ENT_CUSE,RS,,NaN,,NaN,,NaN
A,GE10,C13-C15,E_ITSPT2,PC_ENT_CUSE,SE,,NaN,,NaN,,NaN
A,GE10,C13-C15,E_ITSPT2,PC_ENT_CUSE,SI,,NaN,,NaN,,NaN
A,GE10,C13-C15,E_ITSPT2,PC_ENT_CUSE,SK,,NaN,,NaN,,NaN
A,GE10,C13-C15,E_ITSPT2,PC_ENT_CUSE,TR,,NaN,,NaN,,NaN
A,GE10,C13-C15,E_ITSPT2,PC_ENT_CUSE,UK,,NaN,,NaN,,NaN
A,GE10,C13-C15,E_ITT2,PC_ENT,AT,,u,12.39,NaN,25.94,NaN
A,GE10,C13-C15,E_ITT2,PC_ENT,BA,9.69,NaN,6.99,NaN,5.16,NaN
A,GE10,C13-C15,E_ITT2,PC_ENT,BE,,u,,u,,u
A,GE10,C13-C15,E_ITT2,PC_ENT,BG,1.79,NaN,2.5,NaN,1.05,NaN
A,GE10,C13-C15,E_ITT2,PC_ENT,CY,10.62,NaN,23.32,NaN,7.28,NaN
A,GE10,C13-C15,E_ITT2,PC_ENT,CZ,17.64,NaN,13.19,NaN,22.28,NaN
A,GE10,C13-C15,E_ITT2,PC_ENT,DE,25.18,NaN,24.85,NaN,30.31,NaN
A,GE10,C13-C15,E_ITT2,PC_ENT,DK,29.52,NaN,30.62,NaN,41.1,NaN
A,GE10,C13-C15,E_ITT2,PC_ENT,EA,12.36,NaN,12.99,NaN,16.75,NaN
A,GE10,C13-C15,E_ITT2,PC_ENT,EE,10.39,NaN,13.43,NaN,10.35,NaN
A,GE10,C13-C15,E_ITT2,PC_ENT,EL,,u,8.43,NaN,13.66,NaN
A,GE10,C13-C15,E_ITT2,PC_ENT,ES,,u,,u,8.61,NaN
A,GE10,C13-C15,E_ITT2,PC_ENT,EU15,,NaN,,NaN,,NaN
A,GE10,C13-C15,E_ITT2,PC_ENT,EU27_2007,,NaN,,NaN,,NaN
A,GE10,C13-C15,E_ITT2,PC_ENT,EU27_2020,10.64,NaN,12.35,NaN,15.81,NaN
A,GE10,C13-C15,E_ITT2,PC_ENT,EU28,,NaN,,NaN,,NaN
A,GE10,C13-C15,E_ITT2,PC_ENT,FI,,u,,u,,u
A,GE10,C13-C15,E_ITT2,PC_ENT,FR,17.29,NaN,17.2,b,20.27,NaN
A,GE10,C13-C15,E_ITT2,PC_ENT,HR,9.68,NaN,35.96,NaN,6.92,NaN
A,GE10,C13-C15,E_ITT2,PC_ENT,HU,6.31,NaN,5.42,NaN,8.28,NaN
A,GE10,C13-C15,E_ITT2,PC_ENT,IE,21.69,NaN,21.42,NaN,23.81,NaN
A,GE10,C13-C15,E_ITT2,PC_ENT,IS,,NaN,,NaN,,NaN
A,GE10,C13-C15,E_ITT2,PC_ENT,IT,9.55,NaN,11.84,NaN,17.9,NaN
A,GE10,C13-C15,E_ITT2,PC_ENT,LT,8.6,NaN,7.81,NaN,11.22,NaN
A,GE10,C13-C15,E_ITT2,PC_ENT,LU,,u,,u,,u
A,GE10,C13-C15,E_ITT2,PC_ENT,LV,5.02,NaN,4.22,NaN,3.82,NaN
A,GE10,C13-C15,E_ITT2,PC_ENT,ME,,u,0.0,NaN,,NaN
A,GE10,C13-C15,E_ITT2,PC_ENT,MK,2.6,NaN,,u,,NaN
A,GE10,C13-C15,E_ITT2,PC_ENT,MT,,u,,u,,u
A,GE10,C13-C15,E_ITT2,PC_ENT,NL,21.77,NaN,23.25,NaN,22.7,NaN
A,GE10,C13-C15,E_ITT2,PC_ENT,NO,57.16,NaN,42.86,NaN,26.02,NaN
A,GE10,C13-C15,E_ITT2,PC_ENT,PL,8.42,NaN,16.31,NaN,19.25,NaN
A,GE10,C13-C15,E_ITT2,PC_ENT,PT,10.67,NaN,10.04,NaN,11.97,NaN
A,GE10,C13-C15,E_ITT2,PC_ENT,RO,2.37,NaN,3.28,NaN,7.73,NaN
A,GE10,C13-C15,E_ITT2,PC_ENT,RS,15.89,NaN,21.61,NaN,14.61,NaN
A,GE10,C13-C15,E_ITT2,PC_ENT,SE,30.41,NaN,33.94,NaN,27.41,b
A,GE10,C13-C15,E_ITT2,PC_ENT,SI,23.32,NaN,40.15,NaN,22.14,NaN
A,GE10,C13-C15,E_ITT2,PC_ENT,SK,12.22,NaN,10.02,NaN,11.91,NaN
A,GE10,C13-C15,E_ITT2,PC_ENT,TR,6.95,NaN,11.3,NaN,10.27,NaN
A,GE10,C13-C15,E_ITT2,PC_ENT,UK,11.52,NaN,,NaN,,NaN
A,GE10,C13-C15,E_ITT2,PC_ENT_CUSE,AT,,NaN,,NaN,,NaN
A,GE10,C13-C15,E_ITT2,PC_ENT_CUSE,BA,,NaN,,NaN,,NaN
A,GE10,C13-C15,E_ITT2,PC_ENT_CUSE,BE,,NaN,,NaN,,NaN
A,GE10,C13-C15,E_ITT2,PC_ENT_CUSE,BG,,NaN,,NaN,,NaN
A,GE10,C13-C15,E_ITT2,PC_ENT_CUSE,CY,,NaN,,NaN,,NaN
A,GE10,C13-C15,E_ITT2,PC_ENT_CUSE,CZ,,NaN,,NaN,,NaN
A,GE10,C13-C15,E_ITT2,PC_ENT_CUSE,DE,,NaN,,NaN,,NaN
A,GE10,C13-C15,E_ITT2,PC_ENT_CUSE,DK,,NaN,,NaN,,NaN
A,GE10,C13-C15,E_ITT2,PC_ENT_CUSE,EA,,NaN,,NaN,,NaN
A,GE10,C13-C15,E_ITT2,PC_ENT_CUSE,EE,,NaN,,NaN,,NaN
A,GE10,C13-C15,E_ITT2,PC_ENT_CUSE,EL,,NaN,,NaN,,NaN
A,GE10,C13-C15,E_ITT2,PC_ENT_CUSE,ES,,NaN,,NaN,,NaN
A,GE10,C13-C15,E_ITT2,PC_ENT_CUSE,EU15,,NaN,,NaN,,NaN
A,GE10,C13-C15,E_ITT2,PC_ENT_CUSE,EU27_2007,,NaN,,NaN,,NaN
A,GE10,C13-C15,E_ITT2,PC_ENT_CUSE,EU27_2020,,NaN,,NaN,,NaN
A,GE10,C13-C15,E_ITT2,PC_ENT_CUSE,EU28,,NaN,,NaN,,NaN
A,GE10,C13-C15,E_ITT2,PC_ENT_CUSE,FI,,NaN,,NaN,,NaN
A,GE10,C13-C15,E_ITT2,PC_ENT_CUSE,FR,,NaN,,NaN,,NaN
A,GE10,C13-C15,E_ITT2,PC_ENT_CUSE,HR,,NaN,,NaN,,NaN
A,GE10,C13-C15,E_ITT2,PC_ENT_CUSE,HU,,NaN,,NaN,,NaN
A,GE10,C13-C15,E_ITT2,PC_ENT_CUSE,IE,,NaN,,NaN,,NaN
A,GE10,C13-C15,E_ITT2,PC_ENT_CUSE,IS,,NaN,,NaN,,NaN
A,GE10,C13-C15,E_ITT2,PC_ENT_CUSE,IT,,NaN,,NaN,,NaN
A,GE10,C13-C15,E_ITT2,PC_ENT_CUSE,LT,,NaN,,NaN,,NaN
A,GE10,C13-C15,E_ITT2,PC_ENT_CUSE,LU,,NaN,,NaN,,NaN
A,GE10,C13-C15,E_ITT2,PC_ENT_CUSE,LV,,NaN,,NaN,,NaN
A,GE10,C13-C15,E_ITT2,PC_ENT_CUSE,ME,,NaN,,NaN,,NaN
A,GE10,C13-C15,E_ITT2,PC_ENT_CUSE,MK,,NaN,,NaN,,NaN
A,GE10,C13-C15,E_ITT2,PC_ENT_CUSE,MT,,NaN,,NaN,,NaN
A,GE10,C13-C15,E_ITT2,PC_ENT_CUSE,NL,,NaN,,NaN,,NaN
A,GE10,C13-C15,E_ITT2,PC_ENT_CUSE,NO,,NaN,,NaN,,NaN
A,GE10,C13-C15,E_ITT2,PC_ENT_CUSE,PL,,NaN,,NaN,,NaN
A,GE10,C13-C15,E_ITT2,PC_ENT_CUSE,PT,,NaN,,NaN,,NaN
A,GE10,C13-C15,E_ITT2,PC_ENT_CUSE,RO,,NaN,,NaN,,NaN
A,GE10,C13-C15,E_ITT2,PC_ENT_CUSE,RS,,NaN,,NaN,,NaN
A,GE10,C13-C15,E_ITT2,PC_ENT_CUSE,SE,,NaN,,NaN,,NaN
A,GE10,C13-C15,E_ITT2,PC_ENT_CUSE,SI,,NaN,,NaN,,NaN
A,GE10,C13-C15,E_ITT2,PC_ENT_CUSE,SK,,NaN,,NaN,,NaN
A,GE10,C13-C15,E_ITT2,PC_ENT_CUSE,TR,,NaN,,NaN,,NaN
A,GE10,C13-C15,E_ITT2,PC_ENT_CUSE,UK,,NaN,,NaN,,NaN
A,GE10,C13-C15,E_ITUST2,PC_ENT,AT,,u,12.39,NaN,19.7,NaN
A,GE10,C13-C15,E_ITUST2,PC_ENT,BA,7.77,NaN,5.63,NaN,3.92,NaN
A,GE10,C13-C15,E_ITUST2,PC_ENT,BE,,u,,u,,u
A,GE10,C13-C15,E_ITUST2,PC_ENT,BG,1.44,NaN,1.55,NaN,0.89,NaN
A,GE10,C13-C15,E_ITUST2,PC_ENT,CY,10.62,NaN,23.32,NaN,7.28,NaN
A,GE10,C13-C15,E_ITUST2,PC_ENT,CZ,17.64,NaN,11.29,NaN,21.34,NaN
A,GE10,C13-C15,E_ITUST2,PC_ENT,DE,22.51,NaN,21.22,NaN,25.84,NaN
A,GE10,C13-C15,E_ITUST2,PC_ENT,DK,26.33,NaN,24.21,NaN,34.8,NaN
A,GE10,C13-C15,E_ITUST2,PC_ENT,EA,10.69,NaN,11.48,NaN,15.06,NaN
A,GE10,C13-C15,E_ITUST2,PC_ENT,EE,6.73,NaN,13.43,NaN,9.7,NaN
A,GE10,C13-C15,E_ITUST2,PC_ENT,EL,,u,6.95,NaN,7.28,NaN
A,GE10,C13-C15,E_ITUST2,PC_ENT,ES,,u,,u,7.72,NaN
A,GE10,C13-C15,E_ITUST2,PC_ENT,EU15,,NaN,,NaN,,NaN
A,GE10,C13-C15,E_ITUST2,PC_ENT,EU27_2007,,NaN,,NaN,,NaN
A,GE10,C13-C15,E_ITUST2,PC_ENT,EU27_2020,9.27,NaN,10.91,NaN,13.92,NaN
A,GE10,C13-C15,E_ITUST2,PC_ENT,EU28,,NaN,,NaN,,NaN
A,GE10,C13-C15,E_ITUST2,PC_ENT,FI,,u,,u,,u
A,GE10,C13-C15,E_ITUST2,PC_ENT,FR,13.19,NaN,16.63,b,16.71,NaN
A,GE10,C13-C15,E_ITUST2,PC_ENT,HR,8.52,NaN,35.56,NaN,6.49,NaN
A,GE10,C13-C15,E_ITUST2,PC_ENT,HU,4.7,NaN,4.22,NaN,7.38,NaN
A,GE10,C13-C15,E_ITUST2,PC_ENT,IE,18.74,NaN,21.42,NaN,21.55,NaN
A,GE10,C13-C15,E_ITUST2,PC_ENT,IS,,NaN,,NaN,,NaN
A,GE10,C13-C15,E_ITUST2,PC_ENT,IT,8.36,NaN,10.24,NaN,16.61,NaN
A,GE10,C13-C15,E_ITUST2,PC_ENT,LT,7.53,NaN,7.5,NaN,9.57,NaN
A,GE10,C13-C15,E_ITUST2,PC_ENT,LU,,u,,u,,u
A,GE10,C13-C15,E_ITUST2,PC_ENT,LV,4.13,NaN,4.22,NaN,3.82,NaN
A,GE10,C13-C15,E_ITUST2,PC_ENT,ME,,u,0.0,NaN,,NaN
A,GE10,C13-C15,E_ITUST2,PC_ENT,MK,1.9,NaN,,u,,NaN
A,GE10,C13-C15,E_ITUST2,PC_ENT,MT,,u,,u,,u
A,GE10,C13-C15,E_ITUST2,PC_ENT,NL,16.3,NaN,16.99,NaN,17.5,NaN
A,GE10,C13-C15,E_ITUST2,PC_ENT,NO,46.04,NaN,42.86,NaN,21.03,NaN
A,GE10,C13-C15,E_ITUST2,PC_ENT,PL,8.12,NaN,14.37,NaN,14.47,NaN
A,GE10,C13-C15,E_ITUST2,PC_ENT,PT,10.24,NaN,8.74,NaN,11.85,NaN
A,GE10,C13-C15,E_ITUST2,PC_ENT,RO,1.57,NaN,3.01,NaN,5.84,NaN
A,GE10,C13-C15,E_ITUST2,PC_ENT,RS,15.06,NaN,19.43,NaN,12.12,NaN
A,GE10,C13-C15,E_ITUST2,PC_ENT,SE,26.04,NaN,32.02,NaN,25.89,b
A,GE10,C13-C15,E_ITUST2,PC_ENT,SI,17.45,NaN,31.45,NaN,15.55,NaN
A,GE10,C13-C15,E_ITUST2,PC_ENT,SK,9.93,NaN,10.02,NaN,10.35,NaN
A,GE10,C13-C15,E_ITUST2,PC_ENT,TR,4.93,NaN,10.61,NaN,9.63,NaN
A,GE10,C13-C15,E_ITUST2,PC_ENT,UK,10.94,NaN,,NaN,,NaN
A,GE10,C13-C15,E_ITUST2,PC_ENT_CUSE,AT,,NaN,,NaN,,NaN
A,GE10,C13-C15,E_ITUST2,PC_ENT_CUSE,BA,,NaN,,NaN,,NaN
A,GE10,C13-C15,E_ITUST2,PC_ENT_CUSE,BE,,NaN,,NaN,,NaN
A,GE10,C13-C15,E_ITUST2,PC_ENT_CUSE,BG,,NaN,,NaN,,NaN
A,GE10,C13-C15,E_ITUST2,PC_ENT_CUSE,CY,,NaN,,NaN,,NaN
A,GE10,C13-C15,E_ITUST2,PC_ENT_CUSE,CZ,,NaN,,NaN,,NaN
A,GE10,C13-C15,E_ITUST2,PC_ENT_CUSE,DE,,NaN,,NaN,,NaN
A,GE10,C13-C15,E_ITUST2,PC_ENT_CUSE,DK,,NaN,,NaN,,NaN
A,GE10,C13-C15,E_ITUST2,PC_ENT_CUSE,EA,,NaN,,NaN,,NaN
A,GE10,C13-C15,E_ITUST2,PC_ENT_CUSE,EE,,NaN,,NaN,,NaN
A,GE10,C13-C15,E_ITUST2,PC_ENT_CUSE,EL,,NaN,,NaN,,NaN
A,GE10,C13-C15,E_ITUST2,PC_ENT_CUSE,ES,,NaN,,NaN,,NaN
A,GE10,C13-C15,E_ITUST2,PC_ENT_CUSE,EU15,,NaN,,NaN,,NaN
A,GE10,C13-C15,E_ITUST2,PC_ENT_CUSE,EU27_2007,,NaN,,NaN,,NaN
A,GE10,C13-C15,E_ITUST2,PC_ENT_CUSE,EU27_2020,,NaN,,NaN,,NaN
A,GE10,C13-C15,E_ITUST2,PC_ENT_CUSE,EU28,,NaN,,NaN,,NaN
A,GE10,C13-C15,E_ITUST2,PC_ENT_CUSE,FI,,NaN,,NaN,,NaN
A,GE10,C13-C15,E_ITUST2,PC_ENT_CUSE,FR,,NaN,,NaN,,NaN
A,GE10,C13-C15,E_ITUST2,PC_ENT_CUSE,HR,,NaN,,NaN,,NaN
A,GE10,C13-C15,E_ITUST2,PC_ENT_CUSE,HU,,NaN,,NaN,,NaN
A,GE10,C13-C15,E_ITUST2,PC_ENT_CUSE,IE,,NaN,,NaN,,NaN
A,GE10,C13-C15,E_ITUST2,PC_ENT_CUSE,IS,,NaN,,NaN,,NaN
A,GE10,C13-C15,E_ITUST2,PC_ENT_CUSE,IT,,NaN,,NaN,,NaN
A,GE10,C13-C15,E_ITUST2,PC_ENT_CUSE,LT,,NaN,,NaN,,NaN
A,GE10,C13-C15,E_ITUST2,PC_ENT_CUSE,LU,,NaN,,NaN,,NaN
A,GE10,C13-C15,E_ITUST2,PC_ENT_CUSE,LV,,NaN,,NaN,,NaN
A,GE10,C13-C15,E_ITUST2,PC_ENT_CUSE,ME,,NaN,,NaN,,NaN
A,GE10,C13-C15,E_ITUST2,PC_ENT_CUSE,MK,,NaN,,NaN,,NaN
A,GE10,C13-C15,E_ITUST2,PC_ENT_CUSE,MT,,NaN,,NaN,,NaN
A,GE10,C13-C15,E_ITUST2,PC_ENT_CUSE,NL,,NaN,,NaN,,NaN
A,GE10,C13-C15,E_ITUST2,PC_ENT_CUSE,NO,,NaN,,NaN,,NaN
A,GE10,C13-C15,E_ITUST2,PC_ENT_CUSE,PL,,NaN,,NaN,,NaN
A,GE10,C13-C15,E_ITUST2,PC_ENT_CUSE,PT,,NaN,,NaN,,NaN
A,GE10,C13-C15,E_ITUST2,PC_ENT_CUSE,RO,,NaN,,NaN,,NaN
A,GE10,C13-C15,E_ITUST2,PC_ENT_CUSE,RS,,NaN,,NaN,,NaN
A,GE10,C13-C15,E_ITUST2,PC_ENT_CUSE,SE,,NaN,,NaN,,NaN
A,GE10,C13-C15,E_ITUST2,PC_ENT_CUSE,SI,,NaN,,NaN,,NaN
A,GE10,C13-C15,E_ITUST2,PC_ENT_CUSE,SK,,NaN,,NaN,,NaN
A,GE10,C13-C15,E_ITUST2,PC_ENT_CUSE,TR,,NaN,,NaN,,NaN
A,GE10,C13-C15,E_ITUST2,PC_ENT_CUSE,UK,,NaN,,NaN,,NaN
A,GE10,C16-C18,E_ITSP2X_ITT2,PC_ENT,AT,4.69,NaN,5.99,NaN,3.77,NaN
A,GE10,C16-C18,E_ITSP2X_ITT2,PC_ENT,BA,,NaN,,u,,u
A,GE10,C16-C18,E_ITSP2X_ITT2,PC_ENT,BE,,u,0.51,NaN,,u
A,GE10,C16-C18,E_ITSP2X_ITT2,PC_ENT,BG,,u,,u,,u
A,GE10,C16-C18,E_ITSP2X_ITT2,PC_ENT,CY,9.67,NaN,14.93,NaN,4.99,NaN
A,GE10,C16-C18,E_ITSP2X_ITT2,PC_ENT,CZ,9.17,NaN,8.98,NaN,11.23,NaN
A,GE10,C16-C18,E_ITSP2X_ITT2,PC_ENT,DE,9.04,NaN,10.16,NaN,5.95,NaN
A,GE10,C16-C18,E_ITSP2X_ITT2,PC_ENT,DK,6.34,NaN,4.51,NaN,14.02,NaN
A,GE10,C16-C18,E_ITSP2X_ITT2,PC_ENT,EA,6.93,NaN,8.25,NaN,8.07,NaN
A,GE10,C16-C18,E_ITSP2X_ITT2,PC_ENT,EE,4.3,NaN,4.09,NaN,7.21,NaN
A,GE10,C16-C18,E_ITSP2X_ITT2,PC_ENT,EL,,u,2.76,NaN,5.56,NaN
A,GE10,C16-C18,E_ITSP2X_ITT2,PC_ENT,ES,,u,,u,8.55,NaN
A,GE10,C16-C18,E_ITSP2X_ITT2,PC_ENT,EU15,,NaN,,NaN,,NaN
A,GE10,C16-C18,E_ITSP2X_ITT2,PC_ENT,EU27_2007,,NaN,,NaN,,NaN
A,GE10,C16-C18,E_ITSP2X_ITT2,PC_ENT,EU27_2020,6.57,NaN,7.83,NaN,8.14,NaN
A,GE10,C16-C18,E_ITSP2X_ITT2,PC_ENT,EU28,,NaN,,NaN,,NaN
A,GE10,C16-C18,E_ITSP2X_ITT2,PC_ENT,FI,,u,,u,,u
A,GE10,C16-C18,E_ITSP2X_ITT2,PC_ENT,FR,7.76,NaN,5.75,b,1.5,NaN
A,GE10,C16-C18,E_ITSP2X_ITT2,PC_ENT,HR,9.05,NaN,8.03,NaN,4.64,NaN
A,GE10,C16-C18,E_ITSP2X_ITT2,PC_ENT,HU,2.47,NaN,3.54,NaN,3.35,NaN
A,GE10,C16-C18,E_ITSP2X_ITT2,PC_ENT,IE,11.1,NaN,6.24,NaN,3.72,NaN
A,GE10,C16-C18,E_ITSP2X_ITT2,PC_ENT,IT,2.48,NaN,9.37,NaN,12.66,NaN
A,GE10,C16-C18,E_ITSP2X_ITT2,PC_ENT,LT,2.06,NaN,3.61,NaN,3.77,NaN
A,GE10,C16-C18,E_ITSP2X_ITT2,PC_ENT,LU,,u,,u,,u
A,GE10,C16-C18,E_ITSP2X_ITT2,PC_ENT,LV,2.82,NaN,5.05,NaN,1.06,NaN
A,GE10,C16-C18,E_ITSP2X_ITT2,PC_ENT,ME,,u,34.12,NaN,,NaN
A,GE10,C16-C18,E_ITSP2X_ITT2,PC_ENT,MK,5.18,NaN,0.0,NaN,,NaN
A,GE10,C16-C18,E_ITSP2X_ITT2,PC_ENT,MT,3.95,NaN,7.32,NaN,11.79,NaN
A,GE10,C16-C18,E_ITSP2X_ITT2,PC_ENT,NL,1.64,NaN,6.88,NaN,10.72,NaN
A,GE10,C16-C18,E_ITSP2X_ITT2,PC_ENT,NO,27.67,NaN,21.91,NaN,18.91,NaN
A,GE10,C16-C18,E_ITSP2X_ITT2,PC_ENT,PL,4.46,NaN,7.6,NaN,9.57,NaN
A,GE10,C16-C18,E_ITSP2X_ITT2,PC_ENT,PT,8.4,NaN,8.65,NaN,11.42,NaN
A,GE10,C16-C18,E_ITSP2X_ITT2,PC_ENT,RO,0.53,NaN,0.69,NaN,2.55,NaN
A,GE10,C16-C18,E_ITSP2X_ITT2,PC_ENT,RS,0.0,NaN,12.57,NaN,6.92,NaN
A,GE10,C16-C18,E_ITSP2X_ITT2,PC_ENT,SE,20.41,NaN,18.85,NaN,21.65,b
A,GE10,C16-C18,E_ITSP2X_ITT2,PC_ENT,SI,5.27,NaN,4.6,NaN,16.11,NaN
A,GE10,C16-C18,E_ITSP2X_ITT2,PC_ENT,SK,4.24,NaN,9.81,NaN,7.36,NaN
A,GE10,C16-C18,E_ITSP2X_ITT2,PC_ENT,TR,3.07,NaN,8.56,NaN,5.14,NaN
A,GE10,C16-C18,E_ITSP2X_ITT2,PC_ENT,UK,11.93,NaN,,NaN,,NaN
A,GE10,C16-C18,E_ITSP2X_ITT2,PC_ENT_CUSE,AT,,NaN,,NaN,,NaN
A,GE10,C16-C18,E_ITSP2X_ITT2,PC_ENT_CUSE,BA,,NaN,,NaN,,NaN
A,GE10,C16-C18,E_ITSP2X_ITT2,PC_ENT_CUSE,BE,,NaN,,NaN,,NaN
A,GE10,C16-C18,E_ITSP2X_ITT2,PC_ENT_CUSE,BG,,NaN,,NaN,,NaN
A,GE10,C16-C18,E_ITSP2X_ITT2,PC_ENT_CUSE,CY,,NaN,,NaN,,NaN
A,GE10,C16-C18,E_ITSP2X_ITT2,PC_ENT_CUSE,CZ,,NaN,,NaN,,NaN
A,GE10,C16-C18,E_ITSP2X_ITT2,PC_ENT_CUSE,DE,,NaN,,NaN,,NaN
A,GE10,C16-C18,E_ITSP2X_ITT2,PC_ENT_CUSE,DK,,NaN,,NaN,,NaN
A,GE10,C16-C18,E_ITSP2X_ITT2,PC_ENT_CUSE,EA,,NaN,,NaN,,NaN
A,GE10,C16-C18,E_ITSP2X_ITT2,PC_ENT_CUSE,EE,,NaN,,NaN,,NaN
A,GE10,C16-C18,E_ITSP2X_ITT2,PC_ENT_CUSE,EL,,NaN,,NaN,,NaN
A,GE10,C16-C18,E_ITSP2X_ITT2,PC_ENT_CUSE,ES,,NaN,,NaN,,NaN
A,GE10,C16-C18,E_ITSP2X_ITT2,PC_ENT_CUSE,EU15,,NaN,,NaN,,NaN
A,GE10,C16-C18,E_ITSP2X_ITT2,PC_ENT_CUSE,EU27_2007,,NaN,,NaN,,NaN
A,GE10,C16-C18,E_ITSP2X_ITT2,PC_ENT_CUSE,EU27_2020,,NaN,,NaN,,NaN
A,GE10,C16-C18,E_ITSP2X_ITT2,PC_ENT_CUSE,EU28,,NaN,,NaN,,NaN
A,GE10,C16-C18,E_ITSP2X_ITT2,PC_ENT_CUSE,FI,,NaN,,NaN,,NaN
A,GE10,C16-C18,E_ITSP2X_ITT2,PC_ENT_CUSE,FR,,NaN,,NaN,,NaN
A,GE10,C16-C18,E_ITSP2X_ITT2,PC_ENT_CUSE,HR,,NaN,,NaN,,NaN
A,GE10,C16-C18,E_ITSP2X_ITT2,PC_ENT_CUSE,HU,,NaN,,NaN,,NaN
A,GE10,C16-C18,E_ITSP2X_ITT2,PC_ENT_CUSE,IE,,NaN,,NaN,,NaN
A,GE10,C16-C18,E_ITSP2X_ITT2,PC_ENT_CUSE,IT,,NaN,,NaN,,NaN
A,GE10,C16-C18,E_ITSP2X_ITT2,PC_ENT_CUSE,LT,,NaN,,NaN,,NaN
A,GE10,C16-C18,E_ITSP2X_ITT2,PC_ENT_CUSE,LU,,NaN,,NaN,,NaN
A,GE10,C16-C18,E_ITSP2X_ITT2,PC_ENT_CUSE,LV,,NaN,,NaN,,NaN
A,GE10,C16-C18,E_ITSP2X_ITT2,PC_ENT_CUSE,ME,,NaN,,NaN,,NaN
A,GE10,C16-C18,E_ITSP2X_ITT2,PC_ENT_CUSE,MK,,NaN,,NaN,,NaN
A,GE10,C16-C18,E_ITSP2X_ITT2,PC_ENT_CUSE,MT,,NaN,,NaN,,NaN
A,GE10,C16-C18,E_ITSP2X_ITT2,PC_ENT_CUSE,NL,,NaN,,NaN,,NaN
A,GE10,C16-C18,E_ITSP2X_ITT2,PC_ENT_CUSE,NO,,NaN,,NaN,,NaN
A,GE10,C16-C18,E_ITSP2X_ITT2,PC_ENT_CUSE,PL,,NaN,,NaN,,NaN
A,GE10,C16-C18,E_ITSP2X_ITT2,PC_ENT_CUSE,PT,,NaN,,NaN,,NaN
A,GE10,C16-C18,E_ITSP2X_ITT2,PC_ENT_CUSE,RO,,NaN,,NaN,,NaN
A,GE10,C16-C18,E_ITSP2X_ITT2,PC_ENT_CUSE,RS,,NaN,,NaN,,NaN
A,GE10,C16-C18,E_ITSP2X_ITT2,PC_ENT_CUSE,SE,,NaN,,NaN,,NaN
A,GE10,C16-C18,E_ITSP2X_ITT2,PC_ENT_CUSE,SI,,NaN,,NaN,,NaN
A,GE10,C16-C18,E_ITSP2X_ITT2,PC_ENT_CUSE,SK,,NaN,,NaN,,NaN
A,GE10,C16-C18,E_ITSP2X_ITT2,PC_ENT_CUSE,TR,,NaN,,NaN,,NaN
A,GE10,C16-C18,E_ITSP2X_ITT2,PC_ENT_CUSE,UK,,NaN,,NaN,,NaN
A,GE10,C16-C18,E_ITSP2_ITT2,PC_ENT,AT,13.06,NaN,8.84,NaN,16.45,NaN
A,GE10,C16-C18,E_ITSP2_ITT2,PC_ENT,BA,,u,,u,,u
A,GE10,C16-C18,E_ITSP2_ITT2,PC_ENT,BE,12.16,NaN,17.36,NaN,17.34,NaN
A,GE10,C16-C18,E_ITSP2_ITT2,PC_ENT,BG,3.12,NaN,1.91,NaN,2.41,NaN
A,GE10,C16-C18,E_ITSP2_ITT2,PC_ENT,CY,5.83,NaN,9.74,NaN,1.74,NaN
A,GE10,C16-C18,E_ITSP2_ITT2,PC_ENT,CZ,5.38,NaN,9.05,NaN,10.13,NaN
A,GE10,C16-C18,E_ITSP2_ITT2,PC_ENT,DE,17.49,NaN,13.54,NaN,14.41,NaN
A,GE10,C16-C18,E_ITSP2_ITT2,PC_ENT,DK,27.4,NaN,20.32,NaN,13.82,NaN
A,GE10,C16-C18,E_ITSP2_ITT2,PC_ENT,EA,10.23,NaN,8.8,NaN,10.52,NaN
A,GE10,C16-C18,E_ITSP2_ITT2,PC_ENT,EE,8.24,NaN,8.34,NaN,8.44,NaN
A,GE10,C16-C18,E_ITSP2_ITT2,PC_ENT,EL,,u,11.79,NaN,12.79,NaN
A,GE10,C16-C18,E_ITSP2_ITT2,PC_ENT,ES,,u,,u,8.45,NaN
A,GE10,C16-C18,E_ITSP2_ITT2,PC_ENT,EU15,,NaN,,NaN,,NaN
A,GE10,C16-C18,E_ITSP2_ITT2,PC_ENT,EU27_2007,,NaN,,NaN,,NaN
A,GE10,C16-C18,E_ITSP2_ITT2,PC_ENT,EU27_2020,9.68,NaN,9.27,NaN,10.64,NaN
A,GE10,C16-C18,E_ITSP2_ITT2,PC_ENT,EU28,,NaN,,NaN,,NaN
A,GE10,C16-C18,E_ITSP2_ITT2,PC_ENT,FI,,u,,u,,u
A,GE10,C16-C18,E_ITSP2_ITT2,PC_ENT,FR,8.92,NaN,7.21,b,9.59,NaN
A,GE10,C16-C18,E_ITSP2_ITT2,PC_ENT,HR,12.4,NaN,4.75,NaN,3.0,NaN
A,GE10,C16-C18,E_ITSP2_ITT2,PC_ENT,HU,10.93,NaN,11.83,NaN,4.79,NaN
A,GE10,C16-C18,E_ITSP2_ITT2,PC_ENT,IE,18.1,NaN,13.6,NaN,14.61,NaN
A,GE10,C16-C18,E_ITSP2_ITT2,PC_ENT,IT,4.8,NaN,4.3,NaN,6.83,NaN
A,GE10,C16-C18,E_ITSP2_ITT2,PC_ENT,LT,4.31,NaN,4.17,NaN,3.57,NaN
A,GE10,C16-C18,E_ITSP2_ITT2,PC_ENT,LU,,u,,u,,u
A,GE10,C16-C18,E_ITSP2_ITT2,PC_ENT,LV,3.39,NaN,3.17,NaN,5.17,NaN
A,GE10,C16-C18,E_ITSP2_ITT2,PC_ENT,ME,16.67,NaN,,NaN,,NaN
A,GE10,C16-C18,E_ITSP2_ITT2,PC_ENT,MK,1.35,NaN,,u,,NaN
A,GE10,C16-C18,E_ITSP2_ITT2,PC_ENT,MT,6.48,NaN,9.85,NaN,20.86,NaN
A,GE10,C16-C18,E_ITSP2_ITT2,PC_ENT,NL,12.92,NaN,14.91,NaN,12.72,NaN
A,GE10,C16-C18,E_ITSP2_ITT2,PC_ENT,NO,15.33,NaN,18.07,NaN,12.75,NaN
A,GE10,C16-C18,E_ITSP2_ITT2,PC_ENT,PL,8.46,NaN,13.24,NaN,16.26,NaN
A,GE10,C16-C18,E_ITSP2_ITT2,PC_ENT,PT,5.54,NaN,5.52,NaN,12.02,NaN
A,GE10,C16-C18,E_ITSP2_ITT2,PC_ENT,RO,1.66,NaN,4.41,NaN,4.6,NaN
A,GE10,C16-C18,E_ITSP2_ITT2,PC_ENT,RS,9.31,NaN,2.52,NaN,8.34,NaN
A,GE10,C16-C18,E_ITSP2_ITT2,PC_ENT,SE,19.29,NaN,17.31,NaN,10.67,b
A,GE10,C16-C18,E_ITSP2_ITT2,PC_ENT,SI,16.74,NaN,13.37,NaN,7.96,NaN
A,GE10,C16-C18,E_ITSP2_ITT2,PC_ENT,SK,5.68,NaN,6.53,NaN,6.1,NaN
A,GE10,C16-C18,E_ITSP2_ITT2,PC_ENT,TR,4.54,NaN,6.97,NaN,9.48,NaN
A,GE10,C16-C18,E_ITSP2_ITT2,PC_ENT,UK,15.21,NaN,,NaN,,NaN
A,GE10,C16-C18,E_ITSP2_ITT2,PC_ENT_CUSE,AT,,NaN,,NaN,,NaN
A,GE10,C16-C18,E_ITSP2_ITT2,PC_ENT_CUSE,BA,,NaN,,NaN,,NaN
A,GE10,C16-C18,E_ITSP2_ITT2,PC_ENT_CUSE,BE,,NaN,,NaN,,NaN
A,GE10,C16-C18,E_ITSP2_ITT2,PC_ENT_CUSE,BG,,NaN,,NaN,,NaN
A,GE10,C16-C18,E_ITSP2_ITT2,PC_ENT_CUSE,CY,,NaN,,NaN,,NaN
A,GE10,C16-C18,E_ITSP2_ITT2,PC_ENT_CUSE,CZ,,NaN,,NaN,,NaN
A,GE10,C16-C18,E_ITSP2_ITT2,PC_ENT_CUSE,DE,,NaN,,NaN,,NaN
A,GE10,C16-C18,E_ITSP2_ITT2,PC_ENT_CUSE,DK,,NaN,,NaN,,NaN
A,GE10,C16-C18,E_ITSP2_ITT2,PC_ENT_CUSE,EA,,NaN,,NaN,,NaN
A,GE10,C16-C18,E_ITSP2_ITT2,PC_ENT_CUSE,EE,,NaN,,NaN,,NaN
A,GE10,C16-C18,E_ITSP2_ITT2,PC_ENT_CUSE,EL,,NaN,,NaN,,NaN
A,GE10,C16-C18,E_ITSP2_ITT2,PC_ENT_CUSE,ES,,NaN,,NaN,,NaN
A,GE10,C16-C18,E_ITSP2_ITT2,PC_ENT_CUSE,EU15,,NaN,,NaN,,NaN
A,GE10,C16-C18,E_ITSP2_ITT2,PC_ENT_CUSE,EU27_2007,,NaN,,NaN,,NaN
A,GE10,C16-C18,E_ITSP2_ITT2,PC_ENT_CUSE,EU27_2020,,NaN,,NaN,,NaN
A,GE10,C16-C18,E_ITSP2_ITT2,PC_ENT_CUSE,EU28,,NaN,,NaN,,NaN
A,GE10,C16-C18,E_ITSP2_ITT2,PC_ENT_CUSE,FI,,NaN,,NaN,,NaN
A,GE10,C16-C18,E_ITSP2_ITT2,PC_ENT_CUSE,FR,,NaN,,NaN,,NaN
A,GE10,C16-C18,E_ITSP2_ITT2,PC_ENT_CUSE,HR,,NaN,,NaN,,NaN
A,GE10,C16-C18,E_ITSP2_ITT2,PC_ENT_CUSE,HU,,NaN,,NaN,,NaN
A,GE10,C16-C18,E_ITSP2_ITT2,PC_ENT_CUSE,IE,,NaN,,NaN,,NaN
A,GE10,C16-C18,E_ITSP2_ITT2,PC_ENT_CUSE,IT,,NaN,,NaN,,NaN
A,GE10,C16-C18,E_ITSP2_ITT2,PC_ENT_CUSE,LT,,NaN,,NaN,,NaN
A,GE10,C16-C18,E_ITSP2_ITT2,PC_ENT_CUSE,LU,,NaN,,NaN,,NaN
A,GE10,C16-C18,E_ITSP2_ITT2,PC_ENT_CUSE,LV,,NaN,,NaN,,NaN
A,GE10,C16-C18,E_ITSP2_ITT2,PC_ENT_CUSE,ME,,NaN,,NaN,,NaN
A,GE10,C16-C18,E_ITSP2_ITT2,PC_ENT_CUSE,MK,,NaN,,NaN,,NaN
A,GE10,C16-C18,E_ITSP2_ITT2,PC_ENT_CUSE,MT,,NaN,,NaN,,NaN
A,GE10,C16-C18,E_ITSP2_ITT2,PC_ENT_CUSE,NL,,NaN,,NaN,,NaN
A,GE10,C16-C18,E_ITSP2_ITT2,PC_ENT_CUSE,NO,,NaN,,NaN,,NaN
A,GE10,C16-C18,E_ITSP2_ITT2,PC_ENT_CUSE,PL,,NaN,,NaN,,NaN
A,GE10,C16-C18,E_ITSP2_ITT2,PC_ENT_CUSE,PT,,NaN,,NaN,,NaN
A,GE10,C16-C18,E_ITSP2_ITT2,PC_ENT_CUSE,RO,,NaN,,NaN,,NaN
A,GE10,C16-C18,E_ITSP2_ITT2,PC_ENT_CUSE,RS,,NaN,,NaN,,NaN
A,GE10,C16-C18,E_ITSP2_ITT2,PC_ENT_CUSE,SE,,NaN,,NaN,,NaN
A,GE10,C16-C18,E_ITSP2_ITT2,PC_ENT_CUSE,SI,,NaN,,NaN,,NaN
A,GE10,C16-C18,E_ITSP2_ITT2,PC_ENT_CUSE,SK,,NaN,,NaN,,NaN
A,GE10,C16-C18,E_ITSP2_ITT2,PC_ENT_CUSE,TR,,NaN,,NaN,,NaN
A,GE10,C16-C18,E_ITSP2_ITT2,PC_ENT_CUSE,UK,,NaN,,NaN,,NaN
A,GE10,C16-C18,E_ITSPT2,PC_ENT,AT,10.46,NaN,8.02,NaN,16.49,NaN
A,GE10,C16-C18,E_ITSPT2,PC_ENT,BA,,u,,u,,u
A,GE10,C16-C18,E_ITSPT2,PC_ENT,BE,10.15,NaN,15.86,NaN,16.95,NaN
A,GE10,C16-C18,E_ITSPT2,PC_ENT,BG,2.98,NaN,1.91,NaN,2.27,NaN
A,GE10,C16-C18,E_ITSPT2,PC_ENT,CY,4.53,NaN,7.14,NaN,1.74,NaN
A,GE10,C16-C18,E_ITSPT2,PC_ENT,CZ,4.66,NaN,6.77,NaN,7.56,NaN
A,GE10,C16-C18,E_ITSPT2,PC_ENT,DE,14.63,NaN,12.04,NaN,12.01,NaN
A,GE10,C16-C18,E_ITSPT2,PC_ENT,DK,21.07,NaN,18.32,NaN,8.22,NaN
A,GE10,C16-C18,E_ITSPT2,PC_ENT,EA,8.26,NaN,7.75,NaN,8.64,NaN
A,GE10,C16-C18,E_ITSPT2,PC_ENT,EE,7.6,NaN,7.06,NaN,10.42,NaN
A,GE10,C16-C18,E_ITSPT2,PC_ENT,EL,,u,12.75,NaN,15.3,NaN
A,GE10,C16-C18,E_ITSPT2,PC_ENT,ES,,u,,u,6.13,NaN
A,GE10,C16-C18,E_ITSPT2,PC_ENT,EU15,,NaN,,NaN,,NaN
A,GE10,C16-C18,E_ITSPT2,PC_ENT,EU27_2007,,NaN,,NaN,,NaN
A,GE10,C16-C18,E_ITSPT2,PC_ENT,EU27_2020,7.53,NaN,7.45,NaN,8.91,NaN
A,GE10,C16-C18,E_ITSPT2,PC_ENT,EU28,,NaN,,NaN,,NaN
A,GE10,C16-C18,E_ITSPT2,PC_ENT,FI,,u,,u,,u
A,GE10,C16-C18,E_ITSPT2,PC_ENT,FR,7.31,NaN,5.76,b,7.71,NaN
A,GE10,C16-C18,E_ITSPT2,PC_ENT,HR,10.7,NaN,3.05,NaN,2.58,NaN
A,GE10,C16-C18,E_ITSPT2,PC_ENT,HU,5.99,NaN,6.27,NaN,3.2,NaN
A,GE10,C16-C18,E_ITSPT2,PC_ENT,IE,10.05,NaN,5.94,NaN,5.98,NaN
A,GE10,C16-C18,E_ITSPT2,PC_ENT,IS,,NaN,,NaN,,NaN
A,GE10,C16-C18,E_ITSPT2,PC_ENT,IT,3.91,NaN,5.48,NaN,4.24,NaN
A,GE10,C16-C18,E_ITSPT2,PC_ENT,LT,3.56,NaN,2.85,NaN,2.98,NaN
A,GE10,C16-C18,E_ITSPT2,PC_ENT,LU,,u,,u,,u
A,GE10,C16-C18,E_ITSPT2,PC_ENT,LV,2.14,NaN,1.29,NaN,4.98,NaN
A,GE10,C16-C18,E_ITSPT2,PC_ENT,ME,14.49,NaN,,NaN,,NaN
A,GE10,C16-C18,E_ITSPT2,PC_ENT,MK,1.35,NaN,0.0,NaN,,NaN
A,GE10,C16-C18,E_ITSPT2,PC_ENT,MT,3.24,NaN,9.85,NaN,15.81,NaN
A,GE10,C16-C18,E_ITSPT2,PC_ENT,NL,11.29,NaN,13.8,NaN,12.02,NaN
A,GE10,C16-C18,E_ITSPT2,PC_ENT,NO,18.61,NaN,14.58,NaN,10.76,NaN
A,GE10,C16-C18,E_ITSPT2,PC_ENT,PL,5.12,NaN,8.09,NaN,15.39,NaN
A,GE10,C16-C18,E_ITSPT2,PC_ENT,PT,4.3,NaN,4.14,NaN,10.97,NaN
A,GE10,C16-C18,E_ITSPT2,PC_ENT,RO,1.96,NaN,2.8,NaN,3.85,NaN
A,GE10,C16-C18,E_ITSPT2,PC_ENT,RS,7.65,NaN,2.52,NaN,8.13,NaN
A,GE10,C16-C18,E_ITSPT2,PC_ENT,SE,12.07,NaN,10.8,NaN,7.86,b
A,GE10,C16-C18,E_ITSPT2,PC_ENT,SI,12.27,NaN,10.92,NaN,7.96,NaN
A,GE10,C16-C18,E_ITSPT2,PC_ENT,SK,5.43,NaN,4.68,NaN,4.64,NaN
A,GE10,C16-C18,E_ITSPT2,PC_ENT,TR,3.29,NaN,5.15,NaN,6.72,NaN
A,GE10,C16-C18,E_ITSPT2,PC_ENT,UK,8.13,NaN,,NaN,,NaN
A,GE10,C16-C18,E_ITSPT2,PC_ENT_CUSE,AT,,NaN,,NaN,,NaN
A,GE10,C16-C18,E_ITSPT2,PC_ENT_CUSE,BA,,NaN,,NaN,,NaN
A,GE10,C16-C18,E_ITSPT2,PC_ENT_CUSE,BE,,NaN,,NaN,,NaN
A,GE10,C16-C18,E_ITSPT2,PC_ENT_CUSE,BG,,NaN,,NaN,,NaN
A,GE10,C16-C18,E_ITSPT2,PC_ENT_CUSE,CY,,NaN,,NaN,,NaN
A,GE10,C16-C18,E_ITSPT2,PC_ENT_CUSE,CZ,,NaN,,NaN,,NaN
A,GE10,C16-C18,E_ITSPT2,PC_ENT_CUSE,DE,,NaN,,NaN,,NaN
A,GE10,C16-C18,E_ITSPT2,PC_ENT_CUSE,DK,,NaN,,NaN,,NaN
A,GE10,C16-C18,E_ITSPT2,PC_ENT_CUSE,EA,,NaN,,NaN,,NaN
A,GE10,C16-C18,E_ITSPT2,PC_ENT_CUSE,EE,,NaN,,NaN,,NaN
A,GE10,C16-C18,E_ITSPT2,PC_ENT_CUSE,EL,,NaN,,NaN,,NaN
A,GE10,C16-C18,E_ITSPT2,PC_ENT_CUSE,ES,,NaN,,NaN,,NaN
A,GE10,C16-C18,E_ITSPT2,PC_ENT_CUSE,EU15,,NaN,,NaN,,NaN
A,GE10,C16-C18,E_ITSPT2,PC_ENT_CUSE,EU27_2007,,NaN,,NaN,,NaN
A,GE10,C16-C18,E_ITSPT2,PC_ENT_CUSE,EU27_2020,,NaN,,NaN,,NaN
A,GE10,C16-C18,E_ITSPT2,PC_ENT_CUSE,EU28,,NaN,,NaN,,NaN
A,GE10,C16-C18,E_ITSPT2,PC_ENT_CUSE,FI,,NaN,,NaN,,NaN
A,GE10,C16-C18,E_ITSPT2,PC_ENT_CUSE,FR,,NaN,,NaN,,NaN
A,GE10,C16-C18,E_ITSPT2,PC_ENT_CUSE,HR,,NaN,,NaN,,NaN
A,GE10,C16-C18,E_ITSPT2,PC_ENT_CUSE,HU,,NaN,,NaN,,NaN
A,GE10,C16-C18,E_ITSPT2,PC_ENT_CUSE,IE,,NaN,,NaN,,NaN
A,GE10,C16-C18,E_ITSPT2,PC_ENT_CUSE,IS,,NaN,,NaN,,NaN
A,GE10,C16-C18,E_ITSPT2,PC_ENT_CUSE,IT,,NaN,,NaN,,NaN
A,GE10,C16-C18,E_ITSPT2,PC_ENT_CUSE,LT,,NaN,,NaN,,NaN
A,GE10,C16-C18,E_ITSPT2,PC_ENT_CUSE,LU,,NaN,,NaN,,NaN
A,GE10,C16-C18,E_ITSPT2,PC_ENT_CUSE,LV,,NaN,,NaN,,NaN
A,GE10,C16-C18,E_ITSPT2,PC_ENT_CUSE,ME,,NaN,,NaN,,NaN
A,GE10,C16-C18,E_ITSPT2,PC_ENT_CUSE,MK,,NaN,,NaN,,NaN
A,GE10,C16-C18,E_ITSPT2,PC_ENT_CUSE,MT,,NaN,,NaN,,NaN
A,GE10,C16-C18,E_ITSPT2,PC_ENT_CUSE,NL,,NaN,,NaN,,NaN
A,GE10,C16-C18,E_ITSPT2,PC_ENT_CUSE,NO,,NaN,,NaN,,NaN
A,GE10,C16-C18,E_ITSPT2,PC_ENT_CUSE,PL,,NaN,,NaN,,NaN
A,GE10,C16-C18,E_ITSPT2,PC_ENT_CUSE,PT,,NaN,,NaN,,NaN
A,GE10,C16-C18,E_ITSPT2,PC_ENT_CUSE,RO,,NaN,,NaN,,NaN
A,GE10,C16-C18,E_ITSPT2,PC_ENT_CUSE,RS,,NaN,,NaN,,NaN
A,GE10,C16-C18,E_ITSPT2,PC_ENT_CUSE,SE,,NaN,,NaN,,NaN
A,GE10,C16-C18,E_ITSPT2,PC_ENT_CUSE,SI,,NaN,,NaN,,NaN
A,GE10,C16-C18,E_ITSPT2,PC_ENT_CUSE,SK,,NaN,,NaN,,NaN
A,GE10,C16-C18,E_ITSPT2,PC_ENT_CUSE,TR,,NaN,,NaN,,NaN
A,GE10,C16-C18,E_ITSPT2,PC_ENT_CUSE,UK,,NaN,,NaN,,NaN
A,GE10,C16-C18,E_ITT2,PC_ENT,AT,,u,14.83,NaN,20.58,NaN
A,GE10,C16-C18,E_ITT2,PC_ENT,BA,,u,,u,,u
A,GE10,C16-C18,E_ITT2,PC_ENT,BE,,u,17.87,NaN,,u
A,GE10,C16-C18,E_ITT2,PC_ENT,BG,4.71,NaN,2.35,NaN,2.58,NaN
A,GE10,C16-C18,E_ITT2,PC_ENT,CY,15.5,NaN,24.67,NaN,6.73,NaN
A,GE10,C16-C18,E_ITT2,PC_ENT,CZ,14.55,NaN,18.03,NaN,21.35,NaN
A,GE10,C16-C18,E_ITT2,PC_ENT,DE,26.74,NaN,23.7,NaN,20.35,NaN
A,GE10,C16-C18,E_ITT2,PC_ENT,DK,33.74,NaN,24.83,NaN,27.84,NaN
A,GE10,C16-C18,E_ITT2,PC_ENT,EA,17.46,NaN,17.42,NaN,18.61,NaN
A,GE10,C16-C18,E_ITT2,PC_ENT,EE,12.53,NaN,12.43,NaN,16.74,NaN
A,GE10,C16-C18,E_ITT2,PC_ENT,EL,,u,16.19,NaN,18.35,NaN
A,GE10,C16-C18,E_ITT2,PC_ENT,ES,,u,,u,17.01,NaN
A,GE10,C16-C18,E_ITT2,PC_ENT,EU15,,NaN,,NaN,,NaN
A,GE10,C16-C18,E_ITT2,PC_ENT,EU27_2007,,NaN,,NaN,,NaN
A,GE10,C16-C18,E_ITT2,PC_ENT,EU27_2020,16.48,NaN,17.36,NaN,18.8,NaN
A,GE10,C16-C18,E_ITT2,PC_ENT,EU28,,NaN,,NaN,,NaN
A,GE10,C16-C18,E_ITT2,PC_ENT,FI,,u,,u,,u
A,GE10,C16-C18,E_ITT2,PC_ENT,FR,16.68,NaN,12.95,b,11.09,NaN
A,GE10,C16-C18,E_ITT2,PC_ENT,HR,21.46,NaN,12.79,NaN,7.64,NaN
A,GE10,C16-C18,E_ITT2,PC_ENT,HU,13.41,NaN,15.37,NaN,8.14,NaN
A,GE10,C16-C18,E_ITT2,PC_ENT,IE,29.2,NaN,19.84,NaN,18.33,NaN
A,GE10,C16-C18,E_ITT2,PC_ENT,IS,,NaN,,NaN,,NaN
A,GE10,C16-C18,E_ITT2,PC_ENT,IT,7.28,NaN,15.3,NaN,19.49,NaN
A,GE10,C16-C18,E_ITT2,PC_ENT,LT,6.37,NaN,7.78,NaN,7.34,NaN
A,GE10,C16-C18,E_ITT2,PC_ENT,LU,,u,,u,,u
A,GE10,C16-C18,E_ITT2,PC_ENT,LV,6.2,NaN,8.22,NaN,6.23,NaN
A,GE10,C16-C18,E_ITT2,PC_ENT,ME,,u,36.86,NaN,,NaN
A,GE10,C16-C18,E_ITT2,PC_ENT,MK,6.52,NaN,,u,,NaN
A,GE10,C16-C18,E_ITT2,PC_ENT,MT,10.43,NaN,17.16,NaN,32.65,NaN
A,GE10,C16-C18,E_ITT2,PC_ENT,NL,22.65,NaN,21.78,NaN,23.44,NaN
A,GE10,C16-C18,E_ITT2,PC_ENT,NO,43.86,NaN,39.97,NaN,31.66,NaN
A,GE10,C16-C18,E_ITT2,PC_ENT,PL,12.92,NaN,20.84,NaN,25.83,NaN
A,GE10,C16-C18,E_ITT2,PC_ENT,PT,13.94,NaN,14.17,NaN,23.44,NaN
A,GE10,C16-C18,E_ITT2,PC_ENT,RO,2.57,NaN,5.19,NaN,7.15,NaN
A,GE10,C16-C18,E_ITT2,PC_ENT,RS,9.31,NaN,15.09,NaN,15.26,NaN
A,GE10,C16-C18,E_ITT2,PC_ENT,SE,39.7,NaN,36.16,NaN,32.33,b
A,GE10,C16-C18,E_ITT2,PC_ENT,SI,22.01,NaN,17.97,NaN,24.07,NaN
A,GE10,C16-C18,E_ITT2,PC_ENT,SK,9.92,NaN,16.34,NaN,13.46,NaN
A,GE10,C16-C18,E_ITT2,PC_ENT,TR,7.61,NaN,15.53,NaN,14.61,NaN
A,GE10,C16-C18,E_ITT2,PC_ENT,UK,,u,,NaN,,NaN
A,GE10,C16-C18,E_ITT2,PC_ENT_CUSE,AT,,NaN,,NaN,,NaN
A,GE10,C16-C18,E_ITT2,PC_ENT_CUSE,BA,,NaN,,NaN,,NaN
A,GE10,C16-C18,E_ITT2,PC_ENT_CUSE,BE,,NaN,,NaN,,NaN
A,GE10,C16-C18,E_ITT2,PC_ENT_CUSE,BG,,NaN,,NaN,,NaN
A,GE10,C16-C18,E_ITT2,PC_ENT_CUSE,CY,,NaN,,NaN,,NaN
A,GE10,C16-C18,E_ITT2,PC_ENT_CUSE,CZ,,NaN,,NaN,,NaN
A,GE10,C16-C18,E_ITT2,PC_ENT_CUSE,DE,,NaN,,NaN,,NaN
A,GE10,C16-C18,E_ITT2,PC_ENT_CUSE,DK,,NaN,,NaN,,NaN
A,GE10,C16-C18,E_ITT2,PC_ENT_CUSE,EA,,NaN,,NaN,,NaN
A,GE10,C16-C18,E_ITT2,PC_ENT_CUSE,EE,,NaN,,NaN,,NaN
A,GE10,C16-C18,E_ITT2,PC_ENT_CUSE,EL,,NaN,,NaN,,NaN
A,GE10,C16-C18,E_ITT2,PC_ENT_CUSE,ES,,NaN,,NaN,,NaN
A,GE10,C16-C18,E_ITT2,PC_ENT_CUSE,EU15,,NaN,,NaN,,NaN
A,GE10,C16-C18,E_ITT2,PC_ENT_CUSE,EU27_2007,,NaN,,NaN,,NaN
A,GE10,C16-C18,E_ITT2,PC_ENT_CUSE,EU27_2020,,NaN,,NaN,,NaN
A,GE10,C16-C18,E_ITT2,PC_ENT_CUSE,EU28,,NaN,,NaN,,NaN
A,GE10,C16-C18,E_ITT2,PC_ENT_CUSE,FI,,NaN,,NaN,,NaN
A,GE10,C16-C18,E_ITT2,PC_ENT_CUSE,FR,,NaN,,NaN,,NaN
A,GE10,C16-C18,E_ITT2,PC_ENT_CUSE,HR,,NaN,,NaN,,NaN
A,GE10,C16-C18,E_ITT2,PC_ENT_CUSE,HU,,NaN,,NaN,,NaN
A,GE10,C16-C18,E_ITT2,PC_ENT_CUSE,IE,,NaN,,NaN,,NaN
A,GE10,C16-C18,E_ITT2,PC_ENT_CUSE,IS,,NaN,,NaN,,NaN
A,GE10,C16-C18,E_ITT2,PC_ENT_CUSE,IT,,NaN,,NaN,,NaN
A,GE10,C16-C18,E_ITT2,PC_ENT_CUSE,LT,,NaN,,NaN,,NaN
A,GE10,C16-C18,E_ITT2,PC_ENT_CUSE,LU,,NaN,,NaN,,NaN
A,GE10,C16-C18,E_ITT2,PC_ENT_CUSE,LV,,NaN,,NaN,,NaN
A,GE10,C16-C18,E_ITT2,PC_ENT_CUSE,ME,,NaN,,NaN,,NaN
A,GE10,C16-C18,E_ITT2,PC_ENT_CUSE,MK,,NaN,,NaN,,NaN
A,GE10,C16-C18,E_ITT2,PC_ENT_CUSE,MT,,NaN,,NaN,,NaN
A,GE10,C16-C18,E_ITT2,PC_ENT_CUSE,NL,,NaN,,NaN,,NaN
A,GE10,C16-C18,E_ITT2,PC_ENT_CUSE,NO,,NaN,,NaN,,NaN
A,GE10,C16-C18,E_ITT2,PC_ENT_CUSE,PL,,NaN,,NaN,,NaN
A,GE10,C16-C18,E_ITT2,PC_ENT_CUSE,PT,,NaN,,NaN,,NaN
A,GE10,C16-C18,E_ITT2,PC_ENT_CUSE,RO,,NaN,,NaN,,NaN
A,GE10,C16-C18,E_ITT2,PC_ENT_CUSE,RS,,NaN,,NaN,,NaN
A,GE10,C16-C18,E_ITT2,PC_ENT_CUSE,SE,,NaN,,NaN,,NaN
A,GE10,C16-C18,E_ITT2,PC_ENT_CUSE,SI,,NaN,,NaN,,NaN
A,GE10,C16-C18,E_ITT2,PC_ENT_CUSE,SK,,NaN,,NaN,,NaN
A,GE10,C16-C18,E_ITT2,PC_ENT_CUSE,TR,,NaN,,NaN,,NaN
A,GE10,C16-C18,E_ITT2,PC_ENT_CUSE,UK,,NaN,,NaN,,NaN
A,GE10,C16-C18,E_ITUST2,PC_ENT,AT,,u,11.66,NaN,12.95,NaN
A,GE10,C16-C18,E_ITUST2,PC_ENT,BA,,u,,u,,u
A,GE10,C16-C18,E_ITUST2,PC_ENT,BE,,u,17.87,NaN,,u
A,GE10,C16-C18,E_ITUST2,PC_ENT,BG,2.43,NaN,1.33,NaN,1.06,NaN
A,GE10,C16-C18,E_ITUST2,PC_ENT,CY,14.2,NaN,22.72,NaN,6.73,NaN
A,GE10,C16-C18,E_ITUST2,PC_ENT,CZ,14.55,NaN,14.85,NaN,19.19,NaN
A,GE10,C16-C18,E_ITUST2,PC_ENT,DE,22.05,NaN,21.36,NaN,17.03,NaN
A,GE10,C16-C18,E_ITUST2,PC_ENT,DK,31.88,NaN,21.7,NaN,25.4,NaN
A,GE10,C16-C18,E_ITUST2,PC_ENT,EA,14.75,NaN,15.13,NaN,15.88,NaN
A,GE10,C16-C18,E_ITUST2,PC_ENT,EE,10.2,NaN,11.81,NaN,14.02,NaN
A,GE10,C16-C18,E_ITUST2,PC_ENT,EL,,u,8.11,NaN,11.57,NaN
A,GE10,C16-C18,E_ITUST2,PC_ENT,ES,,u,,u,15.81,NaN
A,GE10,C16-C18,E_ITUST2,PC_ENT,EU15,,NaN,,NaN,,NaN
A,GE10,C16-C18,E_ITUST2,PC_ENT,EU27_2007,,NaN,,NaN,,NaN
A,GE10,C16-C18,E_ITUST2,PC_ENT,EU27_2020,14.18,NaN,15.3,NaN,15.94,NaN
A,GE10,C16-C18,E_ITUST2,PC_ENT,EU28,,NaN,,NaN,,NaN
A,GE10,C16-C18,E_ITUST2,PC_ENT,FI,,u,,u,,u
A,GE10,C16-C18,E_ITUST2,PC_ENT,FR,13.38,NaN,11.58,b,8.13,NaN
A,GE10,C16-C18,E_ITUST2,PC_ENT,HR,20.02,NaN,12.54,NaN,7.21,NaN
A,GE10,C16-C18,E_ITUST2,PC_ENT,HU,11.82,NaN,13.18,NaN,7.42,NaN
A,GE10,C16-C18,E_ITUST2,PC_ENT,IE,29.2,NaN,15.98,NaN,17.93,NaN
A,GE10,C16-C18,E_ITUST2,PC_ENT,IS,,NaN,,NaN,,NaN
A,GE10,C16-C18,E_ITUST2,PC_ENT,IT,5.67,NaN,11.79,NaN,17.78,NaN
A,GE10,C16-C18,E_ITUST2,PC_ENT,LT,5.81,NaN,7.59,NaN,6.94,NaN
A,GE10,C16-C18,E_ITUST2,PC_ENT,LU,,u,,u,,u
A,GE10,C16-C18,E_ITUST2,PC_ENT,LV,6.01,NaN,7.66,NaN,4.14,NaN
A,GE10,C16-C18,E_ITUST2,PC_ENT,ME,,u,34.12,NaN,,NaN
A,GE10,C16-C18,E_ITUST2,PC_ENT,MK,6.52,NaN,,u,,NaN
A,GE10,C16-C18,E_ITUST2,PC_ENT,MT,7.19,NaN,13.51,NaN,25.91,NaN
A,GE10,C16-C18,E_ITUST2,PC_ENT,NL,19.84,NaN,18.47,NaN,17.73,NaN
A,GE10,C16-C18,E_ITUST2,PC_ENT,NO,42.38,NaN,39.08,NaN,29.44,NaN
A,GE10,C16-C18,E_ITUST2,PC_ENT,PL,11.85,NaN,19.23,NaN,19.86,NaN
A,GE10,C16-C18,E_ITUST2,PC_ENT,PT,12.16,NaN,12.24,NaN,20.78,NaN
A,GE10,C16-C18,E_ITUST2,PC_ENT,RO,1.73,NaN,4.76,NaN,6.79,NaN
A,GE10,C16-C18,E_ITUST2,PC_ENT,RS,8.62,NaN,13.57,NaN,9.39,NaN
A,GE10,C16-C18,E_ITUST2,PC_ENT,SE,36.97,NaN,35.76,NaN,32.14,b
A,GE10,C16-C18,E_ITUST2,PC_ENT,SI,18.34,NaN,13.4,NaN,20.81,NaN
A,GE10,C16-C18,E_ITUST2,PC_ENT,SK,9.43,NaN,16.08,NaN,12.17,NaN
A,GE10,C16-C18,E_ITUST2,PC_ENT,TR,6.41,NaN,14.0,NaN,13.53,NaN
A,GE10,C16-C18,E_ITUST2,PC_ENT,UK,,u,,NaN,,NaN
A,GE10,C16-C18,E_ITUST2,PC_ENT_CUSE,AT,,NaN,,NaN,,NaN
A,GE10,C16-C18,E_ITUST2,PC_ENT_CUSE,BA,,NaN,,NaN,,NaN
A,GE10,C16-C18,E_ITUST2,PC_ENT_CUSE,BE,,NaN,,NaN,,NaN
A,GE10,C16-C18,E_ITUST2,PC_ENT_CUSE,BG,,NaN,,NaN,,NaN
A,GE10,C16-C18,E_ITUST2,PC_ENT_CUSE,CY,,NaN,,NaN,,NaN
A,GE10,C16-C18,E_ITUST2,PC_ENT_CUSE,CZ,,NaN,,NaN,,NaN
A,GE10,C16-C18,E_ITUST2,PC_ENT_CUSE,DE,,NaN,,NaN,,NaN
A,GE10,C16-C18,E_ITUST2,PC_ENT_CUSE,DK,,NaN,,NaN,,NaN
A,GE10,C16-C18,E_ITUST2,PC_ENT_CUSE,EA,,NaN,,NaN,,NaN
A,GE10,C16-C18,E_ITUST2,PC_ENT_CUSE,EE,,NaN,,NaN,,NaN
A,GE10,C16-C18,E_ITUST2,PC_ENT_CUSE,EL,,NaN,,NaN,,NaN
A,GE10,C16-C18,E_ITUST2,PC_ENT_CUSE,ES,,NaN,,NaN,,NaN
A,GE10,C16-C18,E_ITUST2,PC_ENT_CUSE,EU15,,NaN,,NaN,,NaN
A,GE10,C16-C18,E_ITUST2,PC_ENT_CUSE,EU27_2007,,NaN,,NaN,,NaN
A,GE10,C16-C18,E_ITUST2,PC_ENT_CUSE,EU27_2020,,NaN,,NaN,,NaN
A,GE10,C16-C18,E_ITUST2,PC_ENT_CUSE,EU28,,NaN,,NaN,,NaN
A,GE10,C16-C18,E_ITUST2,PC_ENT_CUSE,FI,,NaN,,NaN,,NaN
A,GE10,C16-C18,E_ITUST2,PC_ENT_CUSE,FR,,NaN,,NaN,,NaN
A,GE10,C16-C18,E_ITUST2,PC_ENT_CUSE,HR,,NaN,,NaN,,NaN
A,GE10,C16-C18,E_ITUST2,PC_ENT_CUSE,HU,,NaN,,NaN,,NaN
A,GE10,C16-C18,E_ITUST2,PC_ENT_CUSE,IE,,NaN,,NaN,,NaN
A,GE10,C16-C18,E_ITUST2,PC_ENT_CUSE,IS,,NaN,,NaN,,NaN
A,GE10,C16-C18,E_ITUST2,PC_ENT_CUSE,IT,,NaN,,NaN,,NaN
A,GE10,C16-C18,E_ITUST2,PC_ENT_CUSE,LT,,NaN,,NaN,,NaN
A,GE10,C16-C18,E_ITUST2,PC_ENT_CUSE,LU,,NaN,,NaN,,NaN
A,GE10,C16-C18,E_ITUST2,PC_ENT_CUSE,LV,,NaN,,NaN,,NaN
A,GE10,C16-C18,E_ITUST2,PC_ENT_CUSE,ME,,NaN,,NaN,,NaN
A,GE10,C16-C18,E_ITUST2,PC_ENT_CUSE,MK,,NaN,,NaN,,NaN
A,GE10,C16-C18,E_ITUST2,PC_ENT_CUSE,MT,,NaN,,NaN,,NaN
A,GE10,C16-C18,E_ITUST2,PC_ENT_CUSE,NL,,NaN,,NaN,,NaN
A,GE10,C16-C18,E_ITUST2,PC_ENT_CUSE,NO,,NaN,,NaN,,NaN
A,GE10,C16-C18,E_ITUST2,PC_ENT_CUSE,PL,,NaN,,NaN,,NaN
A,GE10,C16-C18,E_ITUST2,PC_ENT_CUSE,PT,,NaN,,NaN,,NaN
A,GE10,C16-C18,E_ITUST2,PC_ENT_CUSE,RO,,NaN,,NaN,,NaN
A,GE10,C16-C18,E_ITUST2,PC_ENT_CUSE,RS,,NaN,,NaN,,NaN
A,GE10,C16-C18,E_ITUST2,PC_ENT_CUSE,SE,,NaN,,NaN,,NaN
A,GE10,C16-C18,E_ITUST2,PC_ENT_CUSE,SI,,NaN,,NaN,,NaN
A,GE10,C16-C18,E_ITUST2,PC_ENT_CUSE,SK,,NaN,,NaN,,NaN
A,GE10,C16-C18,E_ITUST2,PC_ENT_CUSE,TR,,NaN,,NaN,,NaN
A,GE10,C16-C18,E_ITUST2,PC_ENT_CUSE,UK,,NaN,,NaN,,NaN
A,GE10,C19,E_ITSP2X_ITT2,PC_ENT,AT,,NaN,,u,,u
A,GE10,C19,E_ITSP2X_ITT2,PC_ENT,BA,,NaN,,NaN,,NaN
A,GE10,C19,E_ITSP2X_ITT2,PC_ENT,BE,,NaN,14.29,NaN,0.0,NaN
A,GE10,C19,E_ITSP2X_ITT2,PC_ENT,BG,,NaN,,u,,u
A,GE10,C19,E_ITSP2X_ITT2,PC_ENT,CY,,NaN,,NaN,,NaN
A,GE10,C19,E_ITSP2X_ITT2,PC_ENT,CZ,,NaN,,u,,u
A,GE10,C19,E_ITSP2X_ITT2,PC_ENT,DE,,NaN,23.73,NaN,,NaN
A,GE10,C19,E_ITSP2X_ITT2,PC_ENT,DK,,NaN,0.0,NaN,0.0,NaN
A,GE10,C19,E_ITSP2X_ITT2,PC_ENT,EA,,NaN,18.18,NaN,8.97,NaN
A,GE10,C19,E_ITSP2X_ITT2,PC_ENT,EE,,NaN,,NaN,0.0,NaN
A,GE10,C19,E_ITSP2X_ITT2,PC_ENT,EL,,NaN,0.0,NaN,0.0,NaN
A,GE10,C19,E_ITSP2X_ITT2,PC_ENT,ES,,NaN,,u,20.0,NaN
A,GE10,C19,E_ITSP2X_ITT2,PC_ENT,EU27_2020,,NaN,13.55,NaN,9.29,NaN
A,GE10,C19,E_ITSP2X_ITT2,PC_ENT,FI,,NaN,,u,,u
A,GE10,C19,E_ITSP2X_ITT2,PC_ENT,FR,,NaN,0.0,b,0.0,NaN
A,GE10,C19,E_ITSP2X_ITT2,PC_ENT,HR,,NaN,,NaN,,NaN
A,GE10,C19,E_ITSP2X_ITT2,PC_ENT,HU,,NaN,,NaN,50.0,NaN
A,GE10,C19,E_ITSP2X_ITT2,PC_ENT,IE,,NaN,,NaN,0.0,NaN
A,GE10,C19,E_ITSP2X_ITT2,PC_ENT,IT,,NaN,,u,,u
A,GE10,C19,E_ITSP2X_ITT2,PC_ENT,LT,,NaN,,u,,NaN
A,GE10,C19,E_ITSP2X_ITT2,PC_ENT,NL,,NaN,0.0,NaN,0.0,NaN
A,GE10,C19,E_ITSP2X_ITT2,PC_ENT,NO,,NaN,,NaN,,NaN
A,GE10,C19,E_ITSP2X_ITT2,PC_ENT,PL,,NaN,0.0,NaN,,u
A,GE10,C19,E_ITSP2X_ITT2,PC_ENT,PT,,NaN,0.0,NaN,0.0,NaN
A,GE10,C19,E_ITSP2X_ITT2,PC_ENT,RO,,NaN,0.0,NaN,0.0,NaN
A,GE10,C19,E_ITSP2X_ITT2,PC_ENT,RS,,NaN,0.0,NaN,0.0,NaN
A,GE10,C19,E_ITSP2X_ITT2,PC_ENT,SE,,NaN,,u,12.5,b
A,GE10,C19,E_ITSP2X_ITT2,PC_ENT,SK,,NaN,,NaN,0.0,NaN
A,GE10,C19,E_ITSP2X_ITT2,PC_ENT,TR,,NaN,9.86,NaN,7.79,NaN
A,GE10,C19,E_ITSP2_ITT2,PC_ENT,AT,,NaN,,u,,u
A,GE10,C19,E_ITSP2_ITT2,PC_ENT,BA,,NaN,0.0,NaN,,NaN
A,GE10,C19,E_ITSP2_ITT2,PC_ENT,BE,,NaN,85.71,NaN,83.33,NaN
A,GE10,C19,E_ITSP2_ITT2,PC_ENT,BG,,NaN,,u,,u
A,GE10,C19,E_ITSP2_ITT2,PC_ENT,CY,,NaN,,NaN,,NaN
A,GE10,C19,E_ITSP2_ITT2,PC_ENT,CZ,,NaN,,u,,u
A,GE10,C19,E_ITSP2_ITT2,PC_ENT,DE,,NaN,42.37,NaN,66.67,NaN
A,GE10,C19,E_ITSP2_ITT2,PC_ENT,DK,,NaN,78.72,NaN,100.0,NaN
A,GE10,C19,E_ITSP2_ITT2,PC_ENT,EA,,NaN,30.26,NaN,36.7,NaN
A,GE10,C19,E_ITSP2_ITT2,PC_ENT,EE,,NaN,,NaN,66.67,NaN
A,GE10,C19,E_ITSP2_ITT2,PC_ENT,EL,,NaN,28.57,NaN,57.14,NaN
A,GE10,C19,E_ITSP2_ITT2,PC_ENT,ES,,NaN,,u,80.0,NaN
A,GE10,C19,E_ITSP2_ITT2,PC_ENT,EU27_2020,,NaN,28.88,NaN,38.97,NaN
A,GE10,C19,E_ITSP2_ITT2,PC_ENT,FI,,NaN,,u,,u
A,GE10,C19,E_ITSP2_ITT2,PC_ENT,FR,,NaN,,bu,,u
A,GE10,C19,E_ITSP2_ITT2,PC_ENT,HR,,NaN,,NaN,,NaN
A,GE10,C19,E_ITSP2_ITT2,PC_ENT,HU,,NaN,,NaN,50.0,NaN
A,GE10,C19,E_ITSP2_ITT2,PC_ENT,IE,,NaN,,NaN,0.0,NaN
A,GE10,C19,E_ITSP2_ITT2,PC_ENT,IT,,NaN,,u,,u
A,GE10,C19,E_ITSP2_ITT2,PC_ENT,LT,,NaN,,u,,NaN
A,GE10,C19,E_ITSP2_ITT2,PC_ENT,NL,,NaN,78.57,NaN,44.64,NaN
A,GE10,C19,E_ITSP2_ITT2,PC_ENT,NO,,NaN,,NaN,,NaN
A,GE10,C19,E_ITSP2_ITT2,PC_ENT,PL,,NaN,14.71,NaN,,u
A,GE10,C19,E_ITSP2_ITT2,PC_ENT,PT,,NaN,,u,25.0,NaN
A,GE10,C19,E_ITSP2_ITT2,PC_ENT,RO,,NaN,14.29,NaN,33.33,NaN
A,GE10,C19,E_ITSP2_ITT2,PC_ENT,RS,,NaN,50.0,NaN,25.0,NaN
A,GE10,C19,E_ITSP2_ITT2,PC_ENT,SE,,NaN,,u,75.0,b
A,GE10,C19,E_ITSP2_ITT2,PC_ENT,SK,,NaN,33.33,NaN,66.67,NaN
A,GE10,C19,E_ITSP2_ITT2,PC_ENT,TR,,NaN,22.54,NaN,20.78,NaN
A,GE10,C19,E_ITSPT2,PC_ENT,AT,,NaN,,u,,u
A,GE10,C19,E_ITSPT2,PC_ENT,BA,,NaN,0.0,NaN,,NaN
A,GE10,C19,E_ITSPT2,PC_ENT,BE,,NaN,85.71,NaN,83.33,NaN
A,GE10,C19,E_ITSPT2,PC_ENT,BG,,NaN,,u,,u
A,GE10,C19,E_ITSPT2,PC_ENT,CY,,NaN,,NaN,,NaN
A,GE10,C19,E_ITSPT2,PC_ENT,CZ,,NaN,,u,,u
A,GE10,C19,E_ITSPT2,PC_ENT,DE,,NaN,35.59,NaN,63.16,NaN
A,GE10,C19,E_ITSPT2,PC_ENT,DK,,NaN,78.72,NaN,100.0,NaN
A,GE10,C19,E_ITSPT2,PC_ENT,EA,,NaN,27.66,NaN,32.9,NaN
A,GE10,C19,E_ITSPT2,PC_ENT,EE,,NaN,,NaN,66.67,NaN
A,GE10,C19,E_ITSPT2,PC_ENT,EL,,NaN,14.29,NaN,57.14,NaN
A,GE10,C19,E_ITSPT2,PC_ENT,ES,,NaN,,u,80.0,NaN
A,GE10,C19,E_ITSPT2,PC_ENT,EU27_2020,,NaN,25.95,NaN,35.67,NaN
A,GE10,C19,E_ITSPT2,PC_ENT,FI,,NaN,,u,,u
A,GE10,C19,E_ITSPT2,PC_ENT,FR,,NaN,,bu,,u
A,GE10,C19,E_ITSPT2,PC_ENT,HR,,NaN,,NaN,,NaN
A,GE10,C19,E_ITSPT2,PC_ENT,HU,,NaN,,NaN,50.0,NaN
A,GE10,C19,E_ITSPT2,PC_ENT,IE,,NaN,,NaN,0.0,NaN
A,GE10,C19,E_ITSPT2,PC_ENT,IT,,NaN,,u,,u
A,GE10,C19,E_ITSPT2,PC_ENT,LT,,NaN,,u,,NaN
A,GE10,C19,E_ITSPT2,PC_ENT,NL,,NaN,71.43,NaN,44.64,NaN
A,GE10,C19,E_ITSPT2,PC_ENT,NO,,NaN,,NaN,,NaN
A,GE10,C19,E_ITSPT2,PC_ENT,PL,,NaN,13.06,NaN,,u
A,GE10,C19,E_ITSPT2,PC_ENT,PT,,NaN,,u,25.0,NaN
A,GE10,C19,E_ITSPT2,PC_ENT,RO,,NaN,14.29,NaN,25.0,NaN
A,GE10,C19,E_ITSPT2,PC_ENT,RS,,NaN,0.0,NaN,25.0,NaN
A,GE10,C19,E_ITSPT2,PC_ENT,SE,,NaN,,u,75.0,b
A,GE10,C19,E_ITSPT2,PC_ENT,SK,,NaN,33.33,NaN,66.67,NaN
A,GE10,C19,E_ITSPT2,PC_ENT,TR,,NaN,18.31,NaN,16.88,NaN
A,GE10,C19,E_ITT2,PC_ENT,AT,,NaN,,u,,u
A,GE10,C19,E_ITT2,PC_ENT,BA,,NaN,,NaN,,NaN
A,GE10,C19,E_ITT2,PC_ENT,BE,,NaN,100.0,NaN,83.33,NaN
A,GE10,C19,E_ITT2,PC_ENT,BG,,NaN,,u,,u
A,GE10,C19,E_ITT2,PC_ENT,CY,,NaN,,NaN,,NaN
A,GE10,C19,E_ITT2,PC_ENT,CZ,,NaN,,u,,u
A,GE10,C19,E_ITT2,PC_ENT,DE,,NaN,66.1,NaN,71.93,NaN
A,GE10,C19,E_ITT2,PC_ENT,DK,,NaN,78.72,NaN,100.0,NaN
A,GE10,C19,E_ITT2,PC_ENT,EA,,NaN,48.22,NaN,44.87,NaN
A,GE10,C19,E_ITT2,PC_ENT,EE,,NaN,,NaN,66.67,NaN
A,GE10,C19,E_ITT2,PC_ENT,EL,,NaN,28.57,NaN,57.14,NaN
A,GE10,C19,E_ITT2,PC_ENT,ES,,NaN,,u,100.0,NaN
A,GE10,C19,E_ITT2,PC_ENT,EU27_2020,,NaN,42.32,NaN,47.6,NaN
A,GE10,C19,E_ITT2,PC_ENT,FI,,NaN,,u,,u
A,GE10,C19,E_ITT2,PC_ENT,FR,,NaN,,bu,,u
A,GE10,C19,E_ITT2,PC_ENT,HR,,NaN,,NaN,,NaN
A,GE10,C19,E_ITT2,PC_ENT,HU,,NaN,,NaN,100.0,NaN
A,GE10,C19,E_ITT2,PC_ENT,IE,,NaN,,NaN,0.0,NaN
A,GE10,C19,E_ITT2,PC_ENT,IT,,NaN,,u,,u
A,GE10,C19,E_ITT2,PC_ENT,LT,,NaN,,u,,NaN
A,GE10,C19,E_ITT2,PC_ENT,NL,,NaN,78.57,NaN,44.64,NaN
A,GE10,C19,E_ITT2,PC_ENT,NO,,NaN,,NaN,,NaN
A,GE10,C19,E_ITT2,PC_ENT,PL,,NaN,14.71,NaN,,u
A,GE10,C19,E_ITT2,PC_ENT,PT,,NaN,,u,25.0,NaN
A,GE10,C19,E_ITT2,PC_ENT,RO,,NaN,14.29,NaN,33.33,NaN
A,GE10,C19,E_ITT2,PC_ENT,RS,,NaN,50.0,NaN,25.0,NaN
A,GE10,C19,E_ITT2,PC_ENT,SE,,NaN,83.33,NaN,87.5,b
A,GE10,C19,E_ITT2,PC_ENT,SK,,NaN,33.33,NaN,66.67,NaN
A,GE10,C19,E_ITT2,PC_ENT,TR,,NaN,32.39,NaN,28.57,NaN
A,GE10,C19,E_ITUST2,PC_ENT,AT,,NaN,,u,,u
A,GE10,C19,E_ITUST2,PC_ENT,BA,,NaN,,NaN,,NaN
A,GE10,C19,E_ITUST2,PC_ENT,BE,,NaN,100.0,NaN,83.33,NaN
A,GE10,C19,E_ITUST2,PC_ENT,BG,,NaN,,u,,u
A,GE10,C19,E_ITUST2,PC_ENT,CY,,NaN,,NaN,,NaN
A,GE10,C19,E_ITUST2,PC_ENT,CZ,,NaN,,u,,u
A,GE10,C19,E_ITUST2,PC_ENT,DE,,NaN,66.1,NaN,66.67,NaN
A,GE10,C19,E_ITUST2,PC_ENT,DK,,NaN,78.72,NaN,50.0,NaN
A,GE10,C19,E_ITUST2,PC_ENT,EA,,NaN,45.54,NaN,42.23,NaN
A,GE10,C19,E_ITUST2,PC_ENT,EE,,NaN,,NaN,66.67,NaN
A,GE10,C19,E_ITUST2,PC_ENT,EL,,NaN,14.29,NaN,57.14,NaN
A,GE10,C19,E_ITUST2,PC_ENT,ES,,NaN,,u,100.0,NaN
A,GE10,C19,E_ITUST2,PC_ENT,EU27_2020,,NaN,40.18,NaN,39.29,NaN
A,GE10,C19,E_ITUST2,PC_ENT,FI,,NaN,,u,,u
A,GE10,C19,E_ITUST2,PC_ENT,FR,,NaN,,bu,,u
A,GE10,C19,E_ITUST2,PC_ENT,HR,,NaN,,NaN,,NaN
A,GE10,C19,E_ITUST2,PC_ENT,HU,,NaN,,NaN,100.0,NaN
A,GE10,C19,E_ITUST2,PC_ENT,IE,,NaN,,NaN,0.0,NaN
A,GE10,C19,E_ITUST2,PC_ENT,IT,,NaN,,u,,u
A,GE10,C19,E_ITUST2,PC_ENT,LT,,NaN,,u,,NaN
A,GE10,C19,E_ITUST2,PC_ENT,NL,,NaN,78.57,NaN,44.64,NaN
A,GE10,C19,E_ITUST2,PC_ENT,NO,,NaN,,NaN,,NaN
A,GE10,C19,E_ITUST2,PC_ENT,PL,,NaN,14.71,NaN,,u
A,GE10,C19,E_ITUST2,PC_ENT,PT,,NaN,,u,25.0,NaN
A,GE10,C19,E_ITUST2,PC_ENT,RO,,NaN,14.29,NaN,25.0,NaN
A,GE10,C19,E_ITUST2,PC_ENT,RS,,NaN,50.0,NaN,25.0,NaN
A,GE10,C19,E_ITUST2,PC_ENT,SE,,NaN,83.33,NaN,87.5,b
A,GE10,C19,E_ITUST2,PC_ENT,SK,,NaN,33.33,NaN,33.33,NaN
A,GE10,C19,E_ITUST2,PC_ENT,TR,,NaN,30.99,NaN,27.27,NaN
A,GE10,C19-C23,E_ITSP2X_ITT2,PC_ENT,AT,2.18,NaN,5.47,NaN,7.88,NaN
A,GE10,C19-C23,E_ITSP2X_ITT2,PC_ENT,BA,3.28,NaN,,u,,u
A,GE10,C19-C23,E_ITSP2X_ITT2,PC_ENT,BE,,u,,u,16.41,NaN
A,GE10,C19-C23,E_ITSP2X_ITT2,PC_ENT,BG,1.71,NaN,3.13,NaN,0.86,NaN
A,GE10,C19-C23,E_ITSP2X_ITT2,PC_ENT,CY,11.35,NaN,10.61,NaN,11.74,NaN
A,GE10,C19-C23,E_ITSP2X_ITT2,PC_ENT,CZ,17.6,NaN,14.03,NaN,18.06,NaN
A,GE10,C19-C23,E_ITSP2X_ITT2,PC_ENT,DE,11.66,NaN,14.39,NaN,15.14,NaN
A,GE10,C19-C23,E_ITSP2X_ITT2,PC_ENT,DK,14.43,NaN,10.59,NaN,12.4,NaN
A,GE10,C19-C23,E_ITSP2X_ITT2,PC_ENT,EA,8.79,NaN,10.84,NaN,10.95,NaN
A,GE10,C19-C23,E_ITSP2X_ITT2,PC_ENT,EE,4.41,NaN,8.17,NaN,12.98,NaN
A,GE10,C19-C23,E_ITSP2X_ITT2,PC_ENT,EL,,u,3.22,NaN,3.97,NaN
A,GE10,C19-C23,E_ITSP2X_ITT2,PC_ENT,ES,9.11,NaN,8.65,NaN,9.38,NaN
A,GE10,C19-C23,E_ITSP2X_ITT2,PC_ENT,EU15,,NaN,,NaN,,NaN
A,GE10,C19-C23,E_ITSP2X_ITT2,PC_ENT,EU27_2007,,NaN,,NaN,,NaN
A,GE10,C19-C23,E_ITSP2X_ITT2,PC_ENT,EU27_2020,8.74,NaN,10.22,NaN,10.85,NaN
A,GE10,C19-C23,E_ITSP2X_ITT2,PC_ENT,EU28,,NaN,,NaN,,NaN
A,GE10,C19-C23,E_ITSP2X_ITT2,PC_ENT,FI,19.49,NaN,19.07,NaN,19.09,NaN
A,GE10,C19-C23,E_ITSP2X_ITT2,PC_ENT,FR,6.37,NaN,2.9,b,2.69,NaN
A,GE10,C19-C23,E_ITSP2X_ITT2,PC_ENT,HR,10.61,NaN,5.92,NaN,14.32,NaN
A,GE10,C19-C23,E_ITSP2X_ITT2,PC_ENT,HU,4.66,NaN,3.64,NaN,4.99,NaN
A,GE10,C19-C23,E_ITSP2X_ITT2,PC_ENT,IE,14.63,NaN,9.25,NaN,6.28,NaN
A,GE10,C19-C23,E_ITSP2X_ITT2,PC_ENT,IT,6.76,NaN,13.73,NaN,11.04,NaN
A,GE10,C19-C23,E_ITSP2X_ITT2,PC_ENT,LT,6.12,NaN,2.52,NaN,5.85,NaN
A,GE10,C19-C23,E_ITSP2X_ITT2,PC_ENT,LU,6.52,NaN,6.42,NaN,6.52,NaN
A,GE10,C19-C23,E_ITSP2X_ITT2,PC_ENT,LV,7.19,NaN,3.95,NaN,5.74,NaN
A,GE10,C19-C23,E_ITSP2X_ITT2,PC_ENT,ME,,u,28.95,NaN,,NaN
A,GE10,C19-C23,E_ITSP2X_ITT2,PC_ENT,MK,6.43,NaN,0.0,NaN,,NaN
A,GE10,C19-C23,E_ITSP2X_ITT2,PC_ENT,MT,5.17,NaN,4.18,NaN,7.3,NaN
A,GE10,C19-C23,E_ITSP2X_ITT2,PC_ENT,NL,1.57,NaN,11.17,NaN,8.13,NaN
A,GE10,C19-C23,E_ITSP2X_ITT2,PC_ENT,NO,19.9,NaN,22.75,NaN,18.76,NaN
A,GE10,C19-C23,E_ITSP2X_ITT2,PC_ENT,PL,7.1,NaN,8.54,NaN,12.54,NaN
A,GE10,C19-C23,E_ITSP2X_ITT2,PC_ENT,PT,10.77,NaN,6.47,NaN,13.85,NaN
A,GE10,C19-C23,E_ITSP2X_ITT2,PC_ENT,RO,2.38,NaN,2.96,NaN,3.04,NaN
A,GE10,C19-C23,E_ITSP2X_ITT2,PC_ENT,RS,1.82,NaN,10.48,NaN,8.52,NaN
A,GE10,C19-C23,E_ITSP2X_ITT2,PC_ENT,SE,21.79,NaN,21.72,NaN,17.35,b
A,GE10,C19-C23,E_ITSP2X_ITT2,PC_ENT,SI,15.69,NaN,22.15,NaN,4.77,NaN
A,GE10,C19-C23,E_ITSP2X_ITT2,PC_ENT,SK,5.81,NaN,2.57,NaN,7.38,NaN
A,GE10,C19-C23,E_ITSP2X_ITT2,PC_ENT,TR,3.82,NaN,7.11,NaN,7.1,NaN
A,GE10,C19-C23,E_ITSP2X_ITT2,PC_ENT,UK,9.5,NaN,,NaN,,NaN
A,GE10,C19-C23,E_ITSP2X_ITT2,PC_ENT_CUSE,AT,,NaN,,NaN,,NaN
A,GE10,C19-C23,E_ITSP2X_ITT2,PC_ENT_CUSE,BA,,NaN,,NaN,,NaN
A,GE10,C19-C23,E_ITSP2X_ITT2,PC_ENT_CUSE,BE,,NaN,,NaN,,NaN
A,GE10,C19-C23,E_ITSP2X_ITT2,PC_ENT_CUSE,BG,,NaN,,NaN,,NaN
A,GE10,C19-C23,E_ITSP2X_ITT2,PC_ENT_CUSE,CY,,NaN,,NaN,,NaN
A,GE10,C19-C23,E_ITSP2X_ITT2,PC_ENT_CUSE,CZ,,NaN,,NaN,,NaN
A,GE10,C19-C23,E_ITSP2X_ITT2,PC_ENT_CUSE,DE,,NaN,,NaN,,NaN
A,GE10,C19-C23,E_ITSP2X_ITT2,PC_ENT_CUSE,DK,,NaN,,NaN,,NaN
A,GE10,C19-C23,E_ITSP2X_ITT2,PC_ENT_CUSE,EA,,NaN,,NaN,,NaN
A,GE10,C19-C23,E_ITSP2X_ITT2,PC_ENT_CUSE,EE,,NaN,,NaN,,NaN
A,GE10,C19-C23,E_ITSP2X_ITT2,PC_ENT_CUSE,EL,,NaN,,NaN,,NaN
A,GE10,C19-C23,E_ITSP2X_ITT2,PC_ENT_CUSE,ES,,NaN,,NaN,,NaN
A,GE10,C19-C23,E_ITSP2X_ITT2,PC_ENT_CUSE,EU15,,NaN,,NaN,,NaN
A,GE10,C19-C23,E_ITSP2X_ITT2,PC_ENT_CUSE,EU27_2007,,NaN,,NaN,,NaN
A,GE10,C19-C23,E_ITSP2X_ITT2,PC_ENT_CUSE,EU27_2020,,NaN,,NaN,,NaN
A,GE10,C19-C23,E_ITSP2X_ITT2,PC_ENT_CUSE,EU28,,NaN,,NaN,,NaN
A,GE10,C19-C23,E_ITSP2X_ITT2,PC_ENT_CUSE,FI,,NaN,,NaN,,NaN
A,GE10,C19-C23,E_ITSP2X_ITT2,PC_ENT_CUSE,FR,,NaN,,NaN,,NaN
A,GE10,C19-C23,E_ITSP2X_ITT2,PC_ENT_CUSE,HR,,NaN,,NaN,,NaN
A,GE10,C19-C23,E_ITSP2X_ITT2,PC_ENT_CUSE,HU,,NaN,,NaN,,NaN
A,GE10,C19-C23,E_ITSP2X_ITT2,PC_ENT_CUSE,IE,,NaN,,NaN,,NaN
A,GE10,C19-C23,E_ITSP2X_ITT2,PC_ENT_CUSE,IT,,NaN,,NaN,,NaN
A,GE10,C19-C23,E_ITSP2X_ITT2,PC_ENT_CUSE,LT,,NaN,,NaN,,NaN
A,GE10,C19-C23,E_ITSP2X_ITT2,PC_ENT_CUSE,LU,,NaN,,NaN,,NaN
A,GE10,C19-C23,E_ITSP2X_ITT2,PC_ENT_CUSE,LV,,NaN,,NaN,,NaN
A,GE10,C19-C23,E_ITSP2X_ITT2,PC_ENT_CUSE,ME,,NaN,,NaN,,NaN
A,GE10,C19-C23,E_ITSP2X_ITT2,PC_ENT_CUSE,MK,,NaN,,NaN,,NaN
A,GE10,C19-C23,E_ITSP2X_ITT2,PC_ENT_CUSE,MT,,NaN,,NaN,,NaN
A,GE10,C19-C23,E_ITSP2X_ITT2,PC_ENT_CUSE,NL,,NaN,,NaN,,NaN
A,GE10,C19-C23,E_ITSP2X_ITT2,PC_ENT_CUSE,NO,,NaN,,NaN,,NaN
A,GE10,C19-C23,E_ITSP2X_ITT2,PC_ENT_CUSE,PL,,NaN,,NaN,,NaN
A,GE10,C19-C23,E_ITSP2X_ITT2,PC_ENT_CUSE,PT,,NaN,,NaN,,NaN
A,GE10,C19-C23,E_ITSP2X_ITT2,PC_ENT_CUSE,RO,,NaN,,NaN,,NaN
A,GE10,C19-C23,E_ITSP2X_ITT2,PC_ENT_CUSE,RS,,NaN,,NaN,,NaN
A,GE10,C19-C23,E_ITSP2X_ITT2,PC_ENT_CUSE,SE,,NaN,,NaN,,NaN
A,GE10,C19-C23,E_ITSP2X_ITT2,PC_ENT_CUSE,SI,,NaN,,NaN,,NaN
A,GE10,C19-C23,E_ITSP2X_ITT2,PC_ENT_CUSE,SK,,NaN,,NaN,,NaN
A,GE10,C19-C23,E_ITSP2X_ITT2,PC_ENT_CUSE,TR,,NaN,,NaN,,NaN
A,GE10,C19-C23,E_ITSP2X_ITT2,PC_ENT_CUSE,UK,,NaN,,NaN,,NaN
A,GE10,C19-C23,E_ITSP2_ITT2,PC_ENT,AT,,u,27.6,NaN,29.13,NaN
A,GE10,C19-C23,E_ITSP2_ITT2,PC_ENT,BA,5.94,NaN,,u,7.48,NaN
A,GE10,C19-C23,E_ITSP2_ITT2,PC_ENT,BE,,u,30.99,NaN,30.7,NaN
A,GE10,C19-C23,E_ITSP2_ITT2,PC_ENT,BG,3.83,NaN,8.69,NaN,8.53,NaN
A,GE10,C19-C23,E_ITSP2_ITT2,PC_ENT,CY,10.62,NaN,17.33,NaN,8.57,NaN
A,GE10,C19-C23,E_ITSP2_ITT2,PC_ENT,CZ,18.35,NaN,18.13,NaN,15.3,NaN
A,GE10,C19-C23,E_ITSP2_ITT2,PC_ENT,DE,22.8,NaN,22.78,NaN,25.17,NaN
A,GE10,C19-C23,E_ITSP2_ITT2,PC_ENT,DK,25.01,NaN,27.11,NaN,28.51,NaN
A,GE10,C19-C23,E_ITSP2_ITT2,PC_ENT,EA,17.64,NaN,18.85,NaN,18.4,NaN
A,GE10,C19-C23,E_ITSP2_ITT2,PC_ENT,EE,12.09,NaN,9.39,NaN,13.66,NaN
A,GE10,C19-C23,E_ITSP2_ITT2,PC_ENT,EL,,u,10.18,NaN,9.95,NaN
A,GE10,C19-C23,E_ITSP2_ITT2,PC_ENT,ES,17.52,NaN,15.37,NaN,13.86,NaN
A,GE10,C19-C23,E_ITSP2_ITT2,PC_ENT,EU15,,NaN,,NaN,,NaN
A,GE10,C19-C23,E_ITSP2_ITT2,PC_ENT,EU27_2007,,NaN,,NaN,,NaN
A,GE10,C19-C23,E_ITSP2_ITT2,PC_ENT,EU27_2020,16.73,NaN,18.12,NaN,18.6,NaN
A,GE10,C19-C23,E_ITSP2_ITT2,PC_ENT,EU28,,NaN,,NaN,,NaN
A,GE10,C19-C23,E_ITSP2_ITT2,PC_ENT,FI,21.87,NaN,29.09,NaN,28.86,NaN
A,GE10,C19-C23,E_ITSP2_ITT2,PC_ENT,FR,17.36,NaN,22.85,b,21.26,NaN
A,GE10,C19-C23,E_ITSP2_ITT2,PC_ENT,HR,9.26,NaN,8.2,NaN,10.13,NaN
A,GE10,C19-C23,E_ITSP2_ITT2,PC_ENT,HU,13.15,NaN,16.13,NaN,15.94,NaN
A,GE10,C19-C23,E_ITSP2_ITT2,PC_ENT,IE,22.45,NaN,25.65,NaN,25.03,NaN
A,GE10,C19-C23,E_ITSP2_ITT2,PC_ENT,IT,9.96,NaN,11.39,NaN,11.13,NaN
A,GE10,C19-C23,E_ITSP2_ITT2,PC_ENT,LT,10.79,NaN,7.86,NaN,10.82,NaN
A,GE10,C19-C23,E_ITSP2_ITT2,PC_ENT,LU,32.61,NaN,35.38,NaN,30.44,NaN
A,GE10,C19-C23,E_ITSP2_ITT2,PC_ENT,LV,12.1,NaN,8.22,NaN,14.07,NaN
A,GE10,C19-C23,E_ITSP2_ITT2,PC_ENT,ME,,u,,NaN,56.82,NaN
A,GE10,C19-C23,E_ITSP2_ITT2,PC_ENT,MK,2.42,NaN,,u,,NaN
A,GE10,C19-C23,E_ITSP2_ITT2,PC_ENT,MT,8.48,NaN,10.54,NaN,15.85,NaN
A,GE10,C19-C23,E_ITSP2_ITT2,PC_ENT,NL,24.04,NaN,28.13,NaN,25.29,NaN
A,GE10,C19-C23,E_ITSP2_ITT2,PC_ENT,NO,17.3,NaN,18.14,NaN,22.0,NaN
A,GE10,C19-C23,E_ITSP2_ITT2,PC_ENT,PL,15.09,NaN,18.66,NaN,24.94,NaN
A,GE10,C19-C23,E_ITSP2_ITT2,PC_ENT,PT,11.16,NaN,23.14,NaN,16.25,NaN
A,GE10,C19-C23,E_ITSP2_ITT2,PC_ENT,RO,6.21,NaN,5.49,NaN,9.99,NaN
A,GE10,C19-C23,E_ITSP2_ITT2,PC_ENT,RS,12.22,NaN,12.76,NaN,11.87,NaN
A,GE10,C19-C23,E_ITSP2_ITT2,PC_ENT,SE,25.81,NaN,24.87,NaN,24.39,b
A,GE10,C19-C23,E_ITSP2_ITT2,PC_ENT,SI,16.74,NaN,28.21,NaN,15.05,NaN
A,GE10,C19-C23,E_ITSP2_ITT2,PC_ENT,SK,13.77,NaN,11.76,NaN,16.7,NaN
A,GE10,C19-C23,E_ITSP2_ITT2,PC_ENT,TR,8.87,NaN,10.36,NaN,11.5,NaN
A,GE10,C19-C23,E_ITSP2_ITT2,PC_ENT,UK,24.7,NaN,,NaN,,NaN
A,GE10,C19-C23,E_ITSP2_ITT2,PC_ENT_CUSE,AT,,NaN,,NaN,,NaN
A,GE10,C19-C23,E_ITSP2_ITT2,PC_ENT_CUSE,BA,,NaN,,NaN,,NaN
A,GE10,C19-C23,E_ITSP2_ITT2,PC_ENT_CUSE,BE,,NaN,,NaN,,NaN
A,GE10,C19-C23,E_ITSP2_ITT2,PC_ENT_CUSE,BG,,NaN,,NaN,,NaN
A,GE10,C19-C23,E_ITSP2_ITT2,PC_ENT_CUSE,CY,,NaN,,NaN,,NaN
A,GE10,C19-C23,E_ITSP2_ITT2,PC_ENT_CUSE,CZ,,NaN,,NaN,,NaN
A,GE10,C19-C23,E_ITSP2_ITT2,PC_ENT_CUSE,DE,,NaN,,NaN,,NaN
A,GE10,C19-C23,E_ITSP2_ITT2,PC_ENT_CUSE,DK,,NaN,,NaN,,NaN
A,GE10,C19-C23,E_ITSP2_ITT2,PC_ENT_CUSE,EA,,NaN,,NaN,,NaN
A,GE10,C19-C23,E_ITSP2_ITT2,PC_ENT_CUSE,EE,,NaN,,NaN,,NaN
A,GE10,C19-C23,E_ITSP2_ITT2,PC_ENT_CUSE,EL,,NaN,,NaN,,NaN
A,GE10,C19-C23,E_ITSP2_ITT2,PC_ENT_CUSE,ES,,NaN,,NaN,,NaN
A,GE10,C19-C23,E_ITSP2_ITT2,PC_ENT_CUSE,EU15,,NaN,,NaN,,NaN
A,GE10,C19-C23,E_ITSP2_ITT2,PC_ENT_CUSE,EU27_2007,,NaN,,NaN,,NaN
A,GE10,C19-C23,E_ITSP2_ITT2,PC_ENT_CUSE,EU27_2020,,NaN,,NaN,,NaN
A,GE10,C19-C23,E_ITSP2_ITT2,PC_ENT_CUSE,EU28,,NaN,,NaN,,NaN
A,GE10,C19-C23,E_ITSP2_ITT2,PC_ENT_CUSE,FI,,NaN,,NaN,,NaN
A,GE10,C19-C23,E_ITSP2_ITT2,PC_ENT_CUSE,FR,,NaN,,NaN,,NaN
A,GE10,C19-C23,E_ITSP2_ITT2,PC_ENT_CUSE,HR,,NaN,,NaN,,NaN
A,GE10,C19-C23,E_ITSP2_ITT2,PC_ENT_CUSE,HU,,NaN,,NaN,,NaN
A,GE10,C19-C23,E_ITSP2_ITT2,PC_ENT_CUSE,IE,,NaN,,NaN,,NaN
A,GE10,C19-C23,E_ITSP2_ITT2,PC_ENT_CUSE,IT,,NaN,,NaN,,NaN
A,GE10,C19-C23,E_ITSP2_ITT2,PC_ENT_CUSE,LT,,NaN,,NaN,,NaN
A,GE10,C19-C23,E_ITSP2_ITT2,PC_ENT_CUSE,LU,,NaN,,NaN,,NaN
A,GE10,C19-C23,E_ITSP2_ITT2,PC_ENT_CUSE,LV,,NaN,,NaN,,NaN
A,GE10,C19-C23,E_ITSP2_ITT2,PC_ENT_CUSE,ME,,NaN,,NaN,,NaN
A,GE10,C19-C23,E_ITSP2_ITT2,PC_ENT_CUSE,MK,,NaN,,NaN,,NaN
A,GE10,C19-C23,E_ITSP2_ITT2,PC_ENT_CUSE,MT,,NaN,,NaN,,NaN
A,GE10,C19-C23,E_ITSP2_ITT2,PC_ENT_CUSE,NL,,NaN,,NaN,,NaN
A,GE10,C19-C23,E_ITSP2_ITT2,PC_ENT_CUSE,NO,,NaN,,NaN,,NaN
A,GE10,C19-C23,E_ITSP2_ITT2,PC_ENT_CUSE,PL,,NaN,,NaN,,NaN
A,GE10,C19-C23,E_ITSP2_ITT2,PC_ENT_CUSE,PT,,NaN,,NaN,,NaN
A,GE10,C19-C23,E_ITSP2_ITT2,PC_ENT_CUSE,RO,,NaN,,NaN,,NaN
A,GE10,C19-C23,E_ITSP2_ITT2,PC_ENT_CUSE,RS,,NaN,,NaN,,NaN
A,GE10,C19-C23,E_ITSP2_ITT2,PC_ENT_CUSE,SE,,NaN,,NaN,,NaN
A,GE10,C19-C23,E_ITSP2_ITT2,PC_ENT_CUSE,SI,,NaN,,NaN,,NaN
A,GE10,C19-C23,E_ITSP2_ITT2,PC_ENT_CUSE,SK,,NaN,,NaN,,NaN
A,GE10,C19-C23,E_ITSP2_ITT2,PC_ENT_CUSE,TR,,NaN,,NaN,,NaN
A,GE10,C19-C23,E_ITSP2_ITT2,PC_ENT_CUSE,UK,,NaN,,NaN,,NaN
A,GE10,C19-C23,E_ITSPT2,PC_ENT,AT,,u,,u,25.64,NaN
A,GE10,C19-C23,E_ITSPT2,PC_ENT,BA,4.94,NaN,,u,5.33,NaN
A,GE10,C19-C23,E_ITSPT2,PC_ENT,BE,,u,26.29,NaN,27.87,NaN
A,GE10,C19-C23,E_ITSPT2,PC_ENT,BG,3.62,NaN,7.04,NaN,7.96,NaN
A,GE10,C19-C23,E_ITSPT2,PC_ENT,CY,8.06,NaN,12.59,NaN,6.12,NaN
A,GE10,C19-C23,E_ITSPT2,PC_ENT,CZ,14.63,NaN,16.36,NaN,12.51,NaN
A,GE10,C19-C23,E_ITSPT2,PC_ENT,DE,18.1,NaN,20.52,NaN,22.36,NaN
A,GE10,C19-C23,E_ITSPT2,PC_ENT,DK,20.25,NaN,22.12,NaN,21.49,NaN
A,GE10,C19-C23,E_ITSPT2,PC_ENT,EA,14.79,NaN,16.69,NaN,16.22,NaN
A,GE10,C19-C23,E_ITSPT2,PC_ENT,EE,8.72,NaN,9.79,NaN,12.19,NaN
A,GE10,C19-C23,E_ITSPT2,PC_ENT,EL,,u,11.0,NaN,9.51,NaN
A,GE10,C19-C23,E_ITSPT2,PC_ENT,ES,14.35,NaN,13.36,NaN,11.08,NaN
A,GE10,C19-C23,E_ITSPT2,PC_ENT,EU15,,NaN,,NaN,,NaN
A,GE10,C19-C23,E_ITSPT2,PC_ENT,EU27_2007,,NaN,,NaN,,NaN
A,GE10,C19-C23,E_ITSPT2,PC_ENT,EU27_2020,13.64,NaN,15.6,NaN,16.17,NaN
A,GE10,C19-C23,E_ITSPT2,PC_ENT,EU28,,NaN,,NaN,,NaN
A,GE10,C19-C23,E_ITSPT2,PC_ENT,FI,15.37,NaN,21.93,NaN,20.23,NaN
A,GE10,C19-C23,E_ITSPT2,PC_ENT,FR,15.15,NaN,18.71,b,18.38,NaN
A,GE10,C19-C23,E_ITSPT2,PC_ENT,HR,8.06,NaN,7.2,NaN,9.68,NaN
A,GE10,C19-C23,E_ITSPT2,PC_ENT,HU,7.22,NaN,10.66,NaN,10.43,NaN
A,GE10,C19-C23,E_ITSPT2,PC_ENT,IE,14.65,NaN,14.02,NaN,15.96,NaN
A,GE10,C19-C23,E_ITSPT2,PC_ENT,IS,,NaN,,NaN,,NaN
A,GE10,C19-C23,E_ITSPT2,PC_ENT,IT,9.31,NaN,10.52,NaN,10.63,NaN
A,GE10,C19-C23,E_ITSPT2,PC_ENT,LT,8.16,NaN,5.97,NaN,11.7,NaN
A,GE10,C19-C23,E_ITSPT2,PC_ENT,LU,32.61,NaN,32.83,NaN,28.26,NaN
A,GE10,C19-C23,E_ITSPT2,PC_ENT,LV,7.13,NaN,5.66,NaN,12.04,NaN
A,GE10,C19-C23,E_ITSPT2,PC_ENT,ME,,u,,NaN,56.82,NaN
A,GE10,C19-C23,E_ITSPT2,PC_ENT,MK,2.42,NaN,,u,,NaN
A,GE10,C19-C23,E_ITSPT2,PC_ENT,MT,6.93,NaN,9.36,NaN,11.89,NaN
A,GE10,C19-C23,E_ITSPT2,PC_ENT,NL,22.47,NaN,26.68,NaN,23.41,NaN
A,GE10,C19-C23,E_ITSPT2,PC_ENT,NO,19.8,NaN,15.16,NaN,17.77,NaN
A,GE10,C19-C23,E_ITSPT2,PC_ENT,PL,10.45,NaN,13.98,NaN,22.58,NaN
A,GE10,C19-C23,E_ITSPT2,PC_ENT,PT,9.44,NaN,19.97,NaN,15.06,NaN
A,GE10,C19-C23,E_ITSPT2,PC_ENT,RO,5.53,NaN,4.4,NaN,6.79,NaN
A,GE10,C19-C23,E_ITSPT2,PC_ENT,RS,8.72,NaN,10.52,NaN,6.48,NaN
A,GE10,C19-C23,E_ITSPT2,PC_ENT,SE,18.37,NaN,19.64,NaN,16.54,b
A,GE10,C19-C23,E_ITSPT2,PC_ENT,SI,15.16,NaN,25.78,NaN,14.81,NaN
A,GE10,C19-C23,E_ITSPT2,PC_ENT,SK,9.88,NaN,8.68,NaN,11.75,NaN
A,GE10,C19-C23,E_ITSPT2,PC_ENT,TR,7.04,NaN,8.43,NaN,9.23,NaN
A,GE10,C19-C23,E_ITSPT2,PC_ENT,UK,13.87,NaN,,NaN,,NaN
A,GE10,C19-C23,E_ITSPT2,PC_ENT_CUSE,AT,,NaN,,NaN,,NaN
A,GE10,C19-C23,E_ITSPT2,PC_ENT_CUSE,BA,,NaN,,NaN,,NaN
A,GE10,C19-C23,E_ITSPT2,PC_ENT_CUSE,BE,,NaN,,NaN,,NaN
A,GE10,C19-C23,E_ITSPT2,PC_ENT_CUSE,BG,,NaN,,NaN,,NaN
A,GE10,C19-C23,E_ITSPT2,PC_ENT_CUSE,CY,,NaN,,NaN,,NaN
A,GE10,C19-C23,E_ITSPT2,PC_ENT_CUSE,CZ,,NaN,,NaN,,NaN
A,GE10,C19-C23,E_ITSPT2,PC_ENT_CUSE,DE,,NaN,,NaN,,NaN
A,GE10,C19-C23,E_ITSPT2,PC_ENT_CUSE,DK,,NaN,,NaN,,NaN
A,GE10,C19-C23,E_ITSPT2,PC_ENT_CUSE,EA,,NaN,,NaN,,NaN
A,GE10,C19-C23,E_ITSPT2,PC_ENT_CUSE,EE,,NaN,,NaN,,NaN
A,GE10,C19-C23,E_ITSPT2,PC_ENT_CUSE,EL,,NaN,,NaN,,NaN
A,GE10,C19-C23,E_ITSPT2,PC_ENT_CUSE,ES,,NaN,,NaN,,NaN
A,GE10,C19-C23,E_ITSPT2,PC_ENT_CUSE,EU15,,NaN,,NaN,,NaN
A,GE10,C19-C23,E_ITSPT2,PC_ENT_CUSE,EU27_2007,,NaN,,NaN,,NaN
A,GE10,C19-C23,E_ITSPT2,PC_ENT_CUSE,EU27_2020,,NaN,,NaN,,NaN
A,GE10,C19-C23,E_ITSPT2,PC_ENT_CUSE,EU28,,NaN,,NaN,,NaN
A,GE10,C19-C23,E_ITSPT2,PC_ENT_CUSE,FI,,NaN,,NaN,,NaN
A,GE10,C19-C23,E_ITSPT2,PC_ENT_CUSE,FR,,NaN,,NaN,,NaN
A,GE10,C19-C23,E_ITSPT2,PC_ENT_CUSE,HR,,NaN,,NaN,,NaN
A,GE10,C19-C23,E_ITSPT2,PC_ENT_CUSE,HU,,NaN,,NaN,,NaN
A,GE10,C19-C23,E_ITSPT2,PC_ENT_CUSE,IE,,NaN,,NaN,,NaN
A,GE10,C19-C23,E_ITSPT2,PC_ENT_CUSE,IS,,NaN,,NaN,,NaN
A,GE10,C19-C23,E_ITSPT2,PC_ENT_CUSE,IT,,NaN,,NaN,,NaN
A,GE10,C19-C23,E_ITSPT2,PC_ENT_CUSE,LT,,NaN,,NaN,,NaN
A,GE10,C19-C23,E_ITSPT2,PC_ENT_CUSE,LU,,NaN,,NaN,,NaN
A,GE10,C19-C23,E_ITSPT2,PC_ENT_CUSE,LV,,NaN,,NaN,,NaN
A,GE10,C19-C23,E_ITSPT2,PC_ENT_CUSE,ME,,NaN,,NaN,,NaN
A,GE10,C19-C23,E_ITSPT2,PC_ENT_CUSE,MK,,NaN,,NaN,,NaN
A,GE10,C19-C23,E_ITSPT2,PC_ENT_CUSE,MT,,NaN,,NaN,,NaN
A,GE10,C19-C23,E_ITSPT2,PC_ENT_CUSE,NL,,NaN,,NaN,,NaN
A,GE10,C19-C23,E_ITSPT2,PC_ENT_CUSE,NO,,NaN,,NaN,,NaN
A,GE10,C19-C23,E_ITSPT2,PC_ENT_CUSE,PL,,NaN,,NaN,,NaN
A,GE10,C19-C23,E_ITSPT2,PC_ENT_CUSE,PT,,NaN,,NaN,,NaN
A,GE10,C19-C23,E_ITSPT2,PC_ENT_CUSE,RO,,NaN,,NaN,,NaN
A,GE10,C19-C23,E_ITSPT2,PC_ENT_CUSE,RS,,NaN,,NaN,,NaN
A,GE10,C19-C23,E_ITSPT2,PC_ENT_CUSE,SE,,NaN,,NaN,,NaN
A,GE10,C19-C23,E_ITSPT2,PC_ENT_CUSE,SI,,NaN,,NaN,,NaN
A,GE10,C19-C23,E_ITSPT2,PC_ENT_CUSE,SK,,NaN,,NaN,,NaN
A,GE10,C19-C23,E_ITSPT2,PC_ENT_CUSE,TR,,NaN,,NaN,,NaN
A,GE10,C19-C23,E_ITSPT2,PC_ENT_CUSE,UK,,NaN,,NaN,,NaN
A,GE10,C19-C23,E_ITT2,PC_ENT,AT,,u,,u,37.38,NaN
A,GE10,C19-C23,E_ITT2,PC_ENT,BA,9.22,NaN,,u,12.58,NaN
A,GE10,C19-C23,E_ITT2,PC_ENT,BE,,u,,u,,u
A,GE10,C19-C23,E_ITT2,PC_ENT,BG,5.54,NaN,11.81,NaN,9.39,NaN
A,GE10,C19-C23,E_ITT2,PC_ENT,CY,21.97,NaN,27.95,NaN,20.31,NaN
A,GE10,C19-C23,E_ITT2,PC_ENT,CZ,35.95,NaN,32.16,NaN,33.37,NaN
A,GE10,C19-C23,E_ITT2,PC_ENT,DE,34.46,NaN,37.17,NaN,40.3,NaN
A,GE10,C19-C23,E_ITT2,PC_ENT,DK,39.44,NaN,37.7,NaN,40.92,NaN
A,GE10,C19-C23,E_ITT2,PC_ENT,EA,26.81,NaN,29.78,NaN,29.37,NaN
A,GE10,C19-C23,E_ITT2,PC_ENT,EE,16.5,NaN,17.56,NaN,26.64,NaN
A,GE10,C19-C23,E_ITT2,PC_ENT,EL,,u,13.62,NaN,13.92,NaN
A,GE10,C19-C23,E_ITT2,PC_ENT,ES,26.62,NaN,24.02,NaN,23.24,NaN
A,GE10,C19-C23,E_ITT2,PC_ENT,EU15,,NaN,,NaN,,NaN
A,GE10,C19-C23,E_ITT2,PC_ENT,EU27_2007,,NaN,,NaN,,NaN
A,GE10,C19-C23,E_ITT2,PC_ENT,EU27_2020,25.76,NaN,28.42,NaN,29.47,NaN
A,GE10,C19-C23,E_ITT2,PC_ENT,EU28,,NaN,,NaN,,NaN
A,GE10,C19-C23,E_ITT2,PC_ENT,FI,41.36,NaN,48.16,NaN,47.95,NaN
A,GE10,C19-C23,E_ITT2,PC_ENT,FR,23.72,NaN,25.74,b,23.95,NaN
A,GE10,C19-C23,E_ITT2,PC_ENT,HR,19.86,NaN,14.11,NaN,24.44,NaN
A,GE10,C19-C23,E_ITT2,PC_ENT,HU,17.81,NaN,19.77,NaN,20.93,NaN
A,GE10,C19-C23,E_ITT2,PC_ENT,IE,37.07,NaN,34.9,NaN,31.32,NaN
A,GE10,C19-C23,E_ITT2,PC_ENT,IS,,NaN,,NaN,,NaN
A,GE10,C19-C23,E_ITT2,PC_ENT,IT,17.21,NaN,25.15,NaN,22.2,NaN
A,GE10,C19-C23,E_ITT2,PC_ENT,LT,17.2,NaN,10.38,NaN,17.25,NaN
A,GE10,C19-C23,E_ITT2,PC_ENT,LU,39.13,NaN,41.79,NaN,36.96,NaN
A,GE10,C19-C23,E_ITT2,PC_ENT,LV,19.29,NaN,12.17,NaN,19.81,NaN
A,GE10,C19-C23,E_ITT2,PC_ENT,ME,,u,50.0,NaN,56.82,NaN
A,GE10,C19-C23,E_ITT2,PC_ENT,MK,8.84,NaN,,u,,NaN
A,GE10,C19-C23,E_ITT2,PC_ENT,MT,13.65,NaN,14.72,NaN,23.16,NaN
A,GE10,C19-C23,E_ITT2,PC_ENT,NL,33.32,NaN,39.29,NaN,33.42,NaN
A,GE10,C19-C23,E_ITT2,PC_ENT,NO,37.2,NaN,40.89,NaN,40.76,NaN
A,GE10,C19-C23,E_ITT2,PC_ENT,PL,22.21,NaN,27.19,NaN,37.63,NaN
A,GE10,C19-C23,E_ITT2,PC_ENT,PT,21.93,NaN,29.61,NaN,30.1,NaN
A,GE10,C19-C23,E_ITT2,PC_ENT,RO,8.66,NaN,8.82,NaN,13.03,NaN
A,GE10,C19-C23,E_ITT2,PC_ENT,RS,14.05,NaN,23.24,NaN,20.39,NaN
A,GE10,C19-C23,E_ITT2,PC_ENT,SE,47.6,NaN,46.6,NaN,41.93,b
A,GE10,C19-C23,E_ITT2,PC_ENT,SI,32.44,NaN,50.35,NaN,19.83,NaN
A,GE10,C19-C23,E_ITT2,PC_ENT,SK,19.58,NaN,14.33,NaN,24.08,NaN
A,GE10,C19-C23,E_ITT2,PC_ENT,TR,12.68,NaN,17.46,NaN,18.6,NaN
A,GE10,C19-C23,E_ITT2,PC_ENT,UK,34.2,NaN,,NaN,,NaN
A,GE10,C19-C23,E_ITT2,PC_ENT_CUSE,AT,,NaN,,NaN,,NaN
A,GE10,C19-C23,E_ITT2,PC_ENT_CUSE,BA,,NaN,,NaN,,NaN
A,GE10,C19-C23,E_ITT2,PC_ENT_CUSE,BE,,NaN,,NaN,,NaN
A,GE10,C19-C23,E_ITT2,PC_ENT_CUSE,BG,,NaN,,NaN,,NaN
A,GE10,C19-C23,E_ITT2,PC_ENT_CUSE,CY,,NaN,,NaN,,NaN
A,GE10,C19-C23,E_ITT2,PC_ENT_CUSE,CZ,,NaN,,NaN,,NaN
A,GE10,C19-C23,E_ITT2,PC_ENT_CUSE,DE,,NaN,,NaN,,NaN
A,GE10,C19-C23,E_ITT2,PC_ENT_CUSE,DK,,NaN,,NaN,,NaN
A,GE10,C19-C23,E_ITT2,PC_ENT_CUSE,EA,,NaN,,NaN,,NaN
A,GE10,C19-C23,E_ITT2,PC_ENT_CUSE,EE,,NaN,,NaN,,NaN
A,GE10,C19-C23,E_ITT2,PC_ENT_CUSE,EL,,NaN,,NaN,,NaN
A,GE10,C19-C23,E_ITT2,PC_ENT_CUSE,ES,,NaN,,NaN,,NaN
A,GE10,C19-C23,E_ITT2,PC_ENT_CUSE,EU15,,NaN,,NaN,,NaN
A,GE10,C19-C23,E_ITT2,PC_ENT_CUSE,EU27_2007,,NaN,,NaN,,NaN
A,GE10,C19-C23,E_ITT2,PC_ENT_CUSE,EU27_2020,,NaN,,NaN,,NaN
A,GE10,C19-C23,E_ITT2,PC_ENT_CUSE,EU28,,NaN,,NaN,,NaN
A,GE10,C19-C23,E_ITT2,PC_ENT_CUSE,FI,,NaN,,NaN,,NaN
A,GE10,C19-C23,E_ITT2,PC_ENT_CUSE,FR,,NaN,,NaN,,NaN
A,GE10,C19-C23,E_ITT2,PC_ENT_CUSE,HR,,NaN,,NaN,,NaN
A,GE10,C19-C23,E_ITT2,PC_ENT_CUSE,HU,,NaN,,NaN,,NaN
A,GE10,C19-C23,E_ITT2,PC_ENT_CUSE,IE,,NaN,,NaN,,NaN
A,GE10,C19-C23,E_ITT2,PC_ENT_CUSE,IS,,NaN,,NaN,,NaN
A,GE10,C19-C23,E_ITT2,PC_ENT_CUSE,IT,,NaN,,NaN,,NaN
A,GE10,C19-C23,E_ITT2,PC_ENT_CUSE,LT,,NaN,,NaN,,NaN
A,GE10,C19-C23,E_ITT2,PC_ENT_CUSE,LU,,NaN,,NaN,,NaN
A,GE10,C19-C23,E_ITT2,PC_ENT_CUSE,LV,,NaN,,NaN,,NaN
A,GE10,C19-C23,E_ITT2,PC_ENT_CUSE,ME,,NaN,,NaN,,NaN
A,GE10,C19-C23,E_ITT2,PC_ENT_CUSE,MK,,NaN,,NaN,,NaN
A,GE10,C19-C23,E_ITT2,PC_ENT_CUSE,MT,,NaN,,NaN,,NaN
A,GE10,C19-C23,E_ITT2,PC_ENT_CUSE,NL,,NaN,,NaN,,NaN
A,GE10,C19-C23,E_ITT2,PC_ENT_CUSE,NO,,NaN,,NaN,,NaN
A,GE10,C19-C23,E_ITT2,PC_ENT_CUSE,PL,,NaN,,NaN,,NaN
A,GE10,C19-C23,E_ITT2,PC_ENT_CUSE,PT,,NaN,,NaN,,NaN
A,GE10,C19-C23,E_ITT2,PC_ENT_CUSE,RO,,NaN,,NaN,,NaN
A,GE10,C19-C23,E_ITT2,PC_ENT_CUSE,RS,,NaN,,NaN,,NaN
A,GE10,C19-C23,E_ITT2,PC_ENT_CUSE,SE,,NaN,,NaN,,NaN
A,GE10,C19-C23,E_ITT2,PC_ENT_CUSE,SI,,NaN,,NaN,,NaN
A,GE10,C19-C23,E_ITT2,PC_ENT_CUSE,SK,,NaN,,NaN,,NaN
A,GE10,C19-C23,E_ITT2,PC_ENT_CUSE,TR,,NaN,,NaN,,NaN
A,GE10,C19-C23,E_ITT2,PC_ENT_CUSE,UK,,NaN,,NaN,,NaN
A,GE10,C19-C23,E_ITUST2,PC_ENT,AT,,u,27.73,NaN,27.54,NaN
A,GE10,C19-C23,E_ITUST2,PC_ENT,BA,6.64,NaN,,u,11.62,NaN
A,GE10,C19-C23,E_ITUST2,PC_ENT,BE,,u,,u,,u
A,GE10,C19-C23,E_ITUST2,PC_ENT,BG,4.16,NaN,9.38,NaN,6.7,NaN
A,GE10,C19-C23,E_ITUST2,PC_ENT,CY,19.4,NaN,21.28,NaN,18.71,NaN
A,GE10,C19-C23,E_ITUST2,PC_ENT,CZ,35.95,NaN,30.26,NaN,31.25,NaN
A,GE10,C19-C23,E_ITUST2,PC_ENT,DE,31.63,NaN,33.75,NaN,36.55,NaN
A,GE10,C19-C23,E_ITUST2,PC_ENT,DK,34.57,NaN,33.1,NaN,38.25,NaN
A,GE10,C19-C23,E_ITUST2,PC_ENT,EA,22.65,NaN,26.3,NaN,25.64,NaN
A,GE10,C19-C23,E_ITUST2,PC_ENT,EE,15.96,NaN,16.51,NaN,24.17,NaN
A,GE10,C19-C23,E_ITUST2,PC_ENT,EL,,u,12.71,NaN,12.43,NaN
A,GE10,C19-C23,E_ITUST2,PC_ENT,ES,21.5,NaN,20.49,NaN,20.83,NaN
A,GE10,C19-C23,E_ITUST2,PC_ENT,EU15,,NaN,,NaN,,NaN
A,GE10,C19-C23,E_ITUST2,PC_ENT,EU27_2007,,NaN,,NaN,,NaN
A,GE10,C19-C23,E_ITUST2,PC_ENT,EU27_2020,22.18,NaN,25.32,NaN,25.65,NaN
A,GE10,C19-C23,E_ITUST2,PC_ENT,EU28,,NaN,,NaN,,NaN
A,GE10,C19-C23,E_ITUST2,PC_ENT,FI,40.52,NaN,47.21,NaN,46.33,NaN
A,GE10,C19-C23,E_ITUST2,PC_ENT,FR,17.93,NaN,20.07,b,20.11,NaN
A,GE10,C19-C23,E_ITUST2,PC_ENT,HR,18.71,NaN,13.12,NaN,20.82,NaN
A,GE10,C19-C23,E_ITUST2,PC_ENT,HU,15.28,NaN,16.66,NaN,18.85,NaN
A,GE10,C19-C23,E_ITUST2,PC_ENT,IE,34.64,NaN,30.16,NaN,26.12,NaN
A,GE10,C19-C23,E_ITUST2,PC_ENT,IS,,NaN,,NaN,,NaN
A,GE10,C19-C23,E_ITUST2,PC_ENT,IT,12.68,NaN,22.58,NaN,18.12,NaN
A,GE10,C19-C23,E_ITUST2,PC_ENT,LT,13.99,NaN,8.81,NaN,15.79,NaN
A,GE10,C19-C23,E_ITUST2,PC_ENT,LU,32.61,NaN,30.69,NaN,30.44,NaN
A,GE10,C19-C23,E_ITUST2,PC_ENT,LV,18.16,NaN,9.85,NaN,17.69,NaN
A,GE10,C19-C23,E_ITUST2,PC_ENT,ME,,u,34.21,NaN,,NaN
A,GE10,C19-C23,E_ITUST2,PC_ENT,MK,8.07,NaN,,u,,NaN
A,GE10,C19-C23,E_ITUST2,PC_ENT,MT,12.28,NaN,11.93,NaN,21.79,NaN
A,GE10,C19-C23,E_ITUST2,PC_ENT,NL,27.02,NaN,33.97,NaN,28.08,NaN
A,GE10,C19-C23,E_ITUST2,PC_ENT,NO,36.17,NaN,39.51,NaN,38.14,NaN
A,GE10,C19-C23,E_ITUST2,PC_ENT,PL,19.95,NaN,25.26,NaN,30.94,NaN
A,GE10,C19-C23,E_ITUST2,PC_ENT,PT,19.59,NaN,27.11,NaN,26.58,NaN
A,GE10,C19-C23,E_ITUST2,PC_ENT,RO,6.81,NaN,7.65,NaN,11.49,NaN
A,GE10,C19-C23,E_ITUST2,PC_ENT,RS,10.23,NaN,20.2,NaN,19.22,NaN
A,GE10,C19-C23,E_ITUST2,PC_ENT,SE,45.39,NaN,44.19,NaN,39.36,b
A,GE10,C19-C23,E_ITUST2,PC_ENT,SI,30.27,NaN,47.69,NaN,14.16,NaN
A,GE10,C19-C23,E_ITUST2,PC_ENT,SK,17.37,NaN,13.13,NaN,21.31,NaN
A,GE10,C19-C23,E_ITUST2,PC_ENT,TR,9.75,NaN,16.09,NaN,17.57,NaN
A,GE10,C19-C23,E_ITUST2,PC_ENT,UK,28.76,NaN,,NaN,,NaN
A,GE10,C19-C23,E_ITUST2,PC_ENT_CUSE,AT,,NaN,,NaN,,NaN
A,GE10,C19-C23,E_ITUST2,PC_ENT_CUSE,BA,,NaN,,NaN,,NaN
A,GE10,C19-C23,E_ITUST2,PC_ENT_CUSE,BE,,NaN,,NaN,,NaN
A,GE10,C19-C23,E_ITUST2,PC_ENT_CUSE,BG,,NaN,,NaN,,NaN
A,GE10,C19-C23,E_ITUST2,PC_ENT_CUSE,CY,,NaN,,NaN,,NaN
A,GE10,C19-C23,E_ITUST2,PC_ENT_CUSE,CZ,,NaN,,NaN,,NaN
A,GE10,C19-C23,E_ITUST2,PC_ENT_CUSE,DE,,NaN,,NaN,,NaN
A,GE10,C19-C23,E_ITUST2,PC_ENT_CUSE,DK,,NaN,,NaN,,NaN
A,GE10,C19-C23,E_ITUST2,PC_ENT_CUSE,EA,,NaN,,NaN,,NaN
A,GE10,C19-C23,E_ITUST2,PC_ENT_CUSE,EE,,NaN,,NaN,,NaN
A,GE10,C19-C23,E_ITUST2,PC_ENT_CUSE,EL,,NaN,,NaN,,NaN
A,GE10,C19-C23,E_ITUST2,PC_ENT_CUSE,ES,,NaN,,NaN,,NaN
A,GE10,C19-C23,E_ITUST2,PC_ENT_CUSE,EU15,,NaN,,NaN,,NaN
A,GE10,C19-C23,E_ITUST2,PC_ENT_CUSE,EU27_2007,,NaN,,NaN,,NaN
A,GE10,C19-C23,E_ITUST2,PC_ENT_CUSE,EU27_2020,,NaN,,NaN,,NaN
A,GE10,C19-C23,E_ITUST2,PC_ENT_CUSE,EU28,,NaN,,NaN,,NaN
A,GE10,C19-C23,E_ITUST2,PC_ENT_CUSE,FI,,NaN,,NaN,,NaN
A,GE10,C19-C23,E_ITUST2,PC_ENT_CUSE,FR,,NaN,,NaN,,NaN
A,GE10,C19-C23,E_ITUST2,PC_ENT_CUSE,HR,,NaN,,NaN,,NaN
A,GE10,C19-C23,E_ITUST2,PC_ENT_CUSE,HU,,NaN,,NaN,,NaN
A,GE10,C19-C23,E_ITUST2,PC_ENT_CUSE,IE,,NaN,,NaN,,NaN
A,GE10,C19-C23,E_ITUST2,PC_ENT_CUSE,IS,,NaN,,NaN,,NaN
A,GE10,C19-C23,E_ITUST2,PC_ENT_CUSE,IT,,NaN,,NaN,,NaN
A,GE10,C19-C23,E_ITUST2,PC_ENT_CUSE,LT,,NaN,,NaN,,NaN
A,GE10,C19-C23,E_ITUST2,PC_ENT_CUSE,LU,,NaN,,NaN,,NaN
A,GE10,C19-C23,E_ITUST2,PC_ENT_CUSE,LV,,NaN,,NaN,,NaN
A,GE10,C19-C23,E_ITUST2,PC_ENT_CUSE,ME,,NaN,,NaN,,NaN
A,GE10,C19-C23,E_ITUST2,PC_ENT_CUSE,MK,,NaN,,NaN,,NaN
A,GE10,C19-C23,E_ITUST2,PC_ENT_CUSE,MT,,NaN,,NaN,,NaN
A,GE10,C19-C23,E_ITUST2,PC_ENT_CUSE,NL,,NaN,,NaN,,NaN
A,GE10,C19-C23,E_ITUST2,PC_ENT_CUSE,NO,,NaN,,NaN,,NaN
A,GE10,C19-C23,E_ITUST2,PC_ENT_CUSE,PL,,NaN,,NaN,,NaN
A,GE10,C19-C23,E_ITUST2,PC_ENT_CUSE,PT,,NaN,,NaN,,NaN
A,GE10,C19-C23,E_ITUST2,PC_ENT_CUSE,RO,,NaN,,NaN,,NaN
A,GE10,C19-C23,E_ITUST2,PC_ENT_CUSE,RS,,NaN,,NaN,,NaN
A,GE10,C19-C23,E_ITUST2,PC_ENT_CUSE,SE,,NaN,,NaN,,NaN
A,GE10,C19-C23,E_ITUST2,PC_ENT_CUSE,SI,,NaN,,NaN,,NaN
A,GE10,C19-C23,E_ITUST2,PC_ENT_CUSE,SK,,NaN,,NaN,,NaN
A,GE10,C19-C23,E_ITUST2,PC_ENT_CUSE,TR,,NaN,,NaN,,NaN
A,GE10,C19-C23,E_ITUST2,PC_ENT_CUSE,UK,,NaN,,NaN,,NaN
A,GE10,C20,E_ITSP2X_ITT2,PC_ENT,AT,,NaN,,u,,u
A,GE10,C20,E_ITSP2X_ITT2,PC_ENT,BA,,NaN,10.82,NaN,10.98,NaN
A,GE10,C20,E_ITSP2X_ITT2,PC_ENT,BE,,NaN,7.62,NaN,10.74,NaN
A,GE10,C20,E_ITSP2X_ITT2,PC_ENT,BG,,NaN,,u,0.0,NaN
A,GE10,C20,E_ITSP2X_ITT2,PC_ENT,CY,,NaN,0.0,NaN,19.81,NaN
A,GE10,C20,E_ITSP2X_ITT2,PC_ENT,CZ,,NaN,5.38,NaN,37.46,NaN
A,GE10,C20,E_ITSP2X_ITT2,PC_ENT,DE,,NaN,10.91,NaN,13.48,NaN
A,GE10,C20,E_ITSP2X_ITT2,PC_ENT,DK,,NaN,4.94,NaN,0.0,NaN
A,GE10,C20,E_ITSP2X_ITT2,PC_ENT,EA,,NaN,11.14,NaN,10.16,NaN
A,GE10,C20,E_ITSP2X_ITT2,PC_ENT,EE,,NaN,15.59,NaN,15.86,NaN
A,GE10,C20,E_ITSP2X_ITT2,PC_ENT,EL,,NaN,11.53,NaN,9.42,NaN
A,GE10,C20,E_ITSP2X_ITT2,PC_ENT,ES,,NaN,,u,7.6,NaN
A,GE10,C20,E_ITSP2X_ITT2,PC_ENT,EU27_2020,,NaN,10.57,NaN,10.44,NaN
A,GE10,C20,E_ITSP2X_ITT2,PC_ENT,FI,,NaN,,u,,u
A,GE10,C20,E_ITSP2X_ITT2,PC_ENT,FR,,NaN,4.85,b,4.86,NaN
A,GE10,C20,E_ITSP2X_ITT2,PC_ENT,HR,,NaN,11.73,NaN,,NaN
A,GE10,C20,E_ITSP2X_ITT2,PC_ENT,HU,,NaN,1.22,NaN,5.82,NaN
A,GE10,C20,E_ITSP2X_ITT2,PC_ENT,IE,,NaN,13.0,NaN,14.55,NaN
A,GE10,C20,E_ITSP2X_ITT2,PC_ENT,IT,,NaN,,u,,u
A,GE10,C20,E_ITSP2X_ITT2,PC_ENT,LT,,NaN,,u,,u
A,GE10,C20,E_ITSP2X_ITT2,PC_ENT,LU,,NaN,,u,,u
A,GE10,C20,E_ITSP2X_ITT2,PC_ENT,LV,,NaN,7.64,NaN,12.41,NaN
A,GE10,C20,E_ITSP2X_ITT2,PC_ENT,ME,,NaN,0.0,NaN,,NaN
A,GE10,C20,E_ITSP2X_ITT2,PC_ENT,MK,,NaN,0.0,NaN,,NaN
A,GE10,C20,E_ITSP2X_ITT2,PC_ENT,MT,,NaN,,u,,u
A,GE10,C20,E_ITSP2X_ITT2,PC_ENT,NL,,NaN,13.68,NaN,11.29,NaN
A,GE10,C20,E_ITSP2X_ITT2,PC_ENT,NO,,NaN,16.96,NaN,6.25,NaN
A,GE10,C20,E_ITSP2X_ITT2,PC_ENT,PL,,NaN,9.65,NaN,10.29,NaN
A,GE10,C20,E_ITSP2X_ITT2,PC_ENT,PT,,NaN,8.74,NaN,19.37,NaN
A,GE10,C20,E_ITSP2X_ITT2,PC_ENT,RO,,NaN,4.49,NaN,2.26,NaN
A,GE10,C20,E_ITSP2X_ITT2,PC_ENT,RS,,NaN,7.48,NaN,13.55,NaN
A,GE10,C20,E_ITSP2X_ITT2,PC_ENT,SE,,NaN,23.92,NaN,13.12,b
A,GE10,C20,E_ITSP2X_ITT2,PC_ENT,SI,,NaN,0.0,NaN,,NaN
A,GE10,C20,E_ITSP2X_ITT2,PC_ENT,SK,,NaN,2.38,NaN,2.21,NaN
A,GE10,C20,E_ITSP2X_ITT2,PC_ENT,TR,,NaN,8.3,NaN,6.23,NaN
A,GE10,C20,E_ITSP2_ITT2,PC_ENT,AT,,NaN,,u,32.42,NaN
A,GE10,C20,E_ITSP2_ITT2,PC_ENT,BA,,NaN,,NaN,15.55,NaN
A,GE10,C20,E_ITSP2_ITT2,PC_ENT,BE,,NaN,,u,,u
A,GE10,C20,E_ITSP2_ITT2,PC_ENT,BG,,NaN,15.85,NaN,11.14,NaN
A,GE10,C20,E_ITSP2_ITT2,PC_ENT,CY,,NaN,42.52,NaN,6.93,NaN
A,GE10,C20,E_ITSP2_ITT2,PC_ENT,CZ,,NaN,31.56,NaN,23.73,NaN
A,GE10,C20,E_ITSP2_ITT2,PC_ENT,DE,,NaN,34.73,NaN,35.15,NaN
A,GE10,C20,E_ITSP2_ITT2,PC_ENT,DK,,NaN,31.74,NaN,30.44,NaN
A,GE10,C20,E_ITSP2_ITT2,PC_ENT,EA,,NaN,26.97,NaN,26.4,NaN
A,GE10,C20,E_ITSP2_ITT2,PC_ENT,EE,,NaN,13.71,NaN,17.74,NaN
A,GE10,C20,E_ITSP2_ITT2,PC_ENT,EL,,NaN,18.07,NaN,13.51,NaN
A,GE10,C20,E_ITSP2_ITT2,PC_ENT,ES,,NaN,,u,18.51,NaN
A,GE10,C20,E_ITSP2_ITT2,PC_ENT,EU27_2020,,NaN,26.04,NaN,25.95,NaN
A,GE10,C20,E_ITSP2_ITT2,PC_ENT,FI,,NaN,,u,,u
A,GE10,C20,E_ITSP2_ITT2,PC_ENT,FR,,NaN,31.56,b,31.51,NaN
A,GE10,C20,E_ITSP2_ITT2,PC_ENT,HR,,NaN,12.97,NaN,25.61,NaN
A,GE10,C20,E_ITSP2_ITT2,PC_ENT,HU,,NaN,23.58,NaN,20.93,NaN
A,GE10,C20,E_ITSP2_ITT2,PC_ENT,IE,,NaN,27.28,NaN,26.41,NaN
A,GE10,C20,E_ITSP2_ITT2,PC_ENT,IT,,NaN,,u,,u
A,GE10,C20,E_ITSP2_ITT2,PC_ENT,LT,,NaN,,u,,u
A,GE10,C20,E_ITSP2_ITT2,PC_ENT,LU,,NaN,,u,,u
A,GE10,C20,E_ITSP2_ITT2,PC_ENT,LV,,NaN,2.08,NaN,16.67,NaN
A,GE10,C20,E_ITSP2_ITT2,PC_ENT,ME,,NaN,,NaN,,NaN
A,GE10,C20,E_ITSP2_ITT2,PC_ENT,MK,,NaN,0.0,NaN,,NaN
A,GE10,C20,E_ITSP2_ITT2,PC_ENT,MT,,NaN,,u,,u
A,GE10,C20,E_ITSP2_ITT2,PC_ENT,NL,,NaN,34.29,NaN,35.31,NaN
A,GE10,C20,E_ITSP2_ITT2,PC_ENT,NO,,NaN,45.33,NaN,48.56,NaN
A,GE10,C20,E_ITSP2_ITT2,PC_ENT,PL,,NaN,24.62,NaN,30.15,NaN
A,GE10,C20,E_ITSP2_ITT2,PC_ENT,PT,,NaN,,u,19.45,NaN
A,GE10,C20,E_ITSP2_ITT2,PC_ENT,RO,,NaN,6.01,NaN,8.5,NaN
A,GE10,C20,E_ITSP2_ITT2,PC_ENT,RS,,NaN,14.05,NaN,9.51,NaN
A,GE10,C20,E_ITSP2_ITT2,PC_ENT,SE,,NaN,26.8,NaN,32.97,b
A,GE10,C20,E_ITSP2_ITT2,PC_ENT,SI,,NaN,81.79,NaN,,NaN
A,GE10,C20,E_ITSP2_ITT2,PC_ENT,SK,,NaN,12.1,NaN,20.91,NaN
A,GE10,C20,E_ITSP2_ITT2,PC_ENT,TR,,NaN,15.03,NaN,18.73,NaN
A,GE10,C20,E_ITSPT2,PC_ENT,AT,,NaN,,u,,u
A,GE10,C20,E_ITSPT2,PC_ENT,BA,,NaN,,NaN,15.55,NaN
A,GE10,C20,E_ITSPT2,PC_ENT,BE,,NaN,,u,,u
A,GE10,C20,E_ITSPT2,PC_ENT,BG,,NaN,14.23,NaN,11.14,NaN
A,GE10,C20,E_ITSPT2,PC_ENT,CY,,NaN,29.93,NaN,6.93,NaN
A,GE10,C20,E_ITSPT2,PC_ENT,CZ,,NaN,26.18,NaN,22.96,NaN
A,GE10,C20,E_ITSPT2,PC_ENT,DE,,NaN,30.87,NaN,31.72,NaN
A,GE10,C20,E_ITSPT2,PC_ENT,DK,,NaN,23.37,NaN,26.16,NaN
A,GE10,C20,E_ITSPT2,PC_ENT,EA,,NaN,24.89,NaN,23.1,NaN
A,GE10,C20,E_ITSPT2,PC_ENT,EE,,NaN,9.68,NaN,14.52,NaN
A,GE10,C20,E_ITSPT2,PC_ENT,EL,,NaN,20.48,NaN,14.16,NaN
A,GE10,C20,E_ITSPT2,PC_ENT,ES,,NaN,,u,13.75,NaN
A,GE10,C20,E_ITSPT2,PC_ENT,EU27_2020,,NaN,23.26,NaN,22.5,NaN
A,GE10,C20,E_ITSPT2,PC_ENT,FI,,NaN,,u,,u
A,GE10,C20,E_ITSPT2,PC_ENT,FR,,NaN,28.65,b,24.84,NaN
A,GE10,C20,E_ITSPT2,PC_ENT,HR,,NaN,12.97,NaN,24.11,NaN
A,GE10,C20,E_ITSPT2,PC_ENT,HU,,NaN,15.65,NaN,12.74,NaN
A,GE10,C20,E_ITSPT2,PC_ENT,IE,,NaN,17.26,NaN,17.61,NaN
A,GE10,C20,E_ITSPT2,PC_ENT,IT,,NaN,,u,,u
A,GE10,C20,E_ITSPT2,PC_ENT,LT,,NaN,,u,,u
A,GE10,C20,E_ITSPT2,PC_ENT,LU,,NaN,,u,,u
A,GE10,C20,E_ITSPT2,PC_ENT,LV,,NaN,2.08,NaN,12.06,NaN
A,GE10,C20,E_ITSPT2,PC_ENT,ME,,NaN,0.0,NaN,,NaN
A,GE10,C20,E_ITSPT2,PC_ENT,MK,,NaN,0.0,NaN,,NaN
A,GE10,C20,E_ITSPT2,PC_ENT,MT,,NaN,,u,,u
A,GE10,C20,E_ITSPT2,PC_ENT,NL,,NaN,32.56,NaN,33.71,NaN
A,GE10,C20,E_ITSPT2,PC_ENT,NO,,NaN,37.05,NaN,42.58,NaN
A,GE10,C20,E_ITSPT2,PC_ENT,PL,,NaN,17.97,NaN,25.77,NaN
A,GE10,C20,E_ITSPT2,PC_ENT,PT,,NaN,,u,19.04,NaN
A,GE10,C20,E_ITSPT2,PC_ENT,RO,,NaN,4.97,NaN,7.37,NaN
A,GE10,C20,E_ITSPT2,PC_ENT,RS,,NaN,12.59,NaN,8.04,NaN
A,GE10,C20,E_ITSPT2,PC_ENT,SE,,NaN,22.89,NaN,21.04,b
A,GE10,C20,E_ITSPT2,PC_ENT,SI,,NaN,78.7,NaN,,NaN
A,GE10,C20,E_ITSPT2,PC_ENT,SK,,NaN,9.92,NaN,20.91,NaN
A,GE10,C20,E_ITSPT2,PC_ENT,TR,,NaN,11.02,NaN,16.64,NaN
A,GE10,C20,E_ITT2,PC_ENT,AT,,NaN,,u,,u
A,GE10,C20,E_ITT2,PC_ENT,BA,,NaN,16.08,NaN,26.52,NaN
A,GE10,C20,E_ITT2,PC_ENT,BE,,NaN,,u,,u
A,GE10,C20,E_ITT2,PC_ENT,BG,,NaN,20.85,NaN,11.14,NaN
A,GE10,C20,E_ITT2,PC_ENT,CY,,NaN,42.52,NaN,26.73,NaN
A,GE10,C20,E_ITT2,PC_ENT,CZ,,NaN,36.94,NaN,61.19,NaN
A,GE10,C20,E_ITT2,PC_ENT,DE,,NaN,45.58,NaN,48.62,NaN
A,GE10,C20,E_ITT2,PC_ENT,DK,,NaN,36.68,NaN,30.44,NaN
A,GE10,C20,E_ITT2,PC_ENT,EA,,NaN,38.08,NaN,36.5,NaN
A,GE10,C20,E_ITT2,PC_ENT,EE,,NaN,29.3,NaN,33.6,NaN
A,GE10,C20,E_ITT2,PC_ENT,EL,,NaN,29.6,NaN,22.93,NaN
A,GE10,C20,E_ITT2,PC_ENT,ES,,NaN,,u,26.11,NaN
A,GE10,C20,E_ITT2,PC_ENT,EU27_2020,,NaN,36.59,NaN,36.35,NaN
A,GE10,C20,E_ITT2,PC_ENT,FI,,NaN,,u,,u
A,GE10,C20,E_ITT2,PC_ENT,FR,,NaN,36.41,b,36.37,NaN
A,GE10,C20,E_ITT2,PC_ENT,HR,,NaN,24.7,NaN,28.63,NaN
A,GE10,C20,E_ITT2,PC_ENT,HU,,NaN,24.8,NaN,26.74,NaN
A,GE10,C20,E_ITT2,PC_ENT,IE,,NaN,40.28,NaN,40.96,NaN
A,GE10,C20,E_ITT2,PC_ENT,IT,,NaN,,u,,u
A,GE10,C20,E_ITT2,PC_ENT,LT,,NaN,,u,,u
A,GE10,C20,E_ITT2,PC_ENT,LU,,NaN,,u,,u
A,GE10,C20,E_ITT2,PC_ENT,LV,,NaN,9.72,NaN,29.08,NaN
A,GE10,C20,E_ITT2,PC_ENT,ME,,NaN,,NaN,,NaN
A,GE10,C20,E_ITT2,PC_ENT,MK,,NaN,0.0,NaN,,NaN
A,GE10,C20,E_ITT2,PC_ENT,MT,,NaN,,u,,u
A,GE10,C20,E_ITT2,PC_ENT,NL,,NaN,47.97,NaN,46.61,NaN
A,GE10,C20,E_ITT2,PC_ENT,NO,,NaN,62.3,NaN,54.81,NaN
A,GE10,C20,E_ITT2,PC_ENT,PL,,NaN,34.26,NaN,40.44,NaN
A,GE10,C20,E_ITT2,PC_ENT,PT,,NaN,,u,38.82,NaN
A,GE10,C20,E_ITT2,PC_ENT,RO,,NaN,10.5,NaN,10.75,NaN
A,GE10,C20,E_ITT2,PC_ENT,RS,,NaN,21.53,NaN,23.06,NaN
A,GE10,C20,E_ITT2,PC_ENT,SE,,NaN,50.72,NaN,46.8,b
A,GE10,C20,E_ITT2,PC_ENT,SI,,NaN,81.79,NaN,,NaN
A,GE10,C20,E_ITT2,PC_ENT,SK,,NaN,14.48,NaN,23.12,NaN
A,GE10,C20,E_ITT2,PC_ENT,TR,,NaN,23.33,NaN,24.96,NaN
A,GE10,C20,E_ITUST2,PC_ENT,AT,,NaN,,u,27.14,NaN
A,GE10,C20,E_ITUST2,PC_ENT,BA,,NaN,16.08,NaN,18.9,NaN
A,GE10,C20,E_ITUST2,PC_ENT,BE,,NaN,,u,,u
A,GE10,C20,E_ITUST2,PC_ENT,BG,,NaN,17.63,NaN,,u
A,GE10,C20,E_ITUST2,PC_ENT,CY,,NaN,12.59,NaN,19.81,NaN
A,GE10,C20,E_ITUST2,PC_ENT,CZ,,NaN,32.19,NaN,55.44,NaN
A,GE10,C20,E_ITUST2,PC_ENT,DE,,NaN,40.77,NaN,43.68,NaN
A,GE10,C20,E_ITUST2,PC_ENT,DK,,NaN,32.43,NaN,30.44,NaN
A,GE10,C20,E_ITUST2,PC_ENT,EA,,NaN,33.32,NaN,31.4,NaN
A,GE10,C20,E_ITUST2,PC_ENT,EE,,NaN,29.3,NaN,26.34,NaN
A,GE10,C20,E_ITUST2,PC_ENT,EL,,NaN,27.42,NaN,21.62,NaN
A,GE10,C20,E_ITUST2,PC_ENT,ES,,NaN,,u,21.9,NaN
A,GE10,C20,E_ITUST2,PC_ENT,EU27_2020,,NaN,32.42,NaN,31.64,NaN
A,GE10,C20,E_ITUST2,PC_ENT,FI,,NaN,,u,,u
A,GE10,C20,E_ITUST2,PC_ENT,FR,,NaN,28.72,b,31.82,NaN
A,GE10,C20,E_ITUST2,PC_ENT,HR,,NaN,22.3,NaN,11.79,NaN
A,GE10,C20,E_ITUST2,PC_ENT,HU,,NaN,17.78,NaN,25.02,NaN
A,GE10,C20,E_ITUST2,PC_ENT,IE,,NaN,34.82,NaN,37.83,NaN
A,GE10,C20,E_ITUST2,PC_ENT,IT,,NaN,,u,,u
A,GE10,C20,E_ITUST2,PC_ENT,LT,,NaN,,u,,u
A,GE10,C20,E_ITUST2,PC_ENT,LU,,NaN,,u,,u
A,GE10,C20,E_ITUST2,PC_ENT,LV,,NaN,9.72,NaN,24.11,NaN
A,GE10,C20,E_ITUST2,PC_ENT,ME,,NaN,,NaN,,NaN
A,GE10,C20,E_ITUST2,PC_ENT,MK,,NaN,0.0,NaN,,NaN
A,GE10,C20,E_ITUST2,PC_ENT,MT,,NaN,,u,,u
A,GE10,C20,E_ITUST2,PC_ENT,NL,,NaN,41.95,NaN,38.7,NaN
A,GE10,C20,E_ITUST2,PC_ENT,NO,,NaN,62.3,NaN,48.31,NaN
A,GE10,C20,E_ITUST2,PC_ENT,PL,,NaN,33.34,NaN,38.27,NaN
A,GE10,C20,E_ITUST2,PC_ENT,PT,,NaN,,u,35.13,NaN
A,GE10,C20,E_ITUST2,PC_ENT,RO,,NaN,9.98,NaN,8.99,NaN
A,GE10,C20,E_ITUST2,PC_ENT,RS,,NaN,14.05,NaN,20.61,NaN
A,GE10,C20,E_ITUST2,PC_ENT,SE,,NaN,50.72,NaN,44.44,b
A,GE10,C20,E_ITUST2,PC_ENT,SI,,NaN,78.7,NaN,,NaN
A,GE10,C20,E_ITUST2,PC_ENT,SK,,NaN,12.1,NaN,14.56,NaN
A,GE10,C20,E_ITUST2,PC_ENT,TR,,NaN,20.49,NaN,21.77,NaN
A,GE10,C21,E_ITSP2X_ITT2,PC_ENT,AT,,NaN,,u,,u
A,GE10,C21,E_ITSP2X_ITT2,PC_ENT,BA,,NaN,0.0,NaN,0.0,NaN
A,GE10,C21,E_ITSP2X_ITT2,PC_ENT,BE,,NaN,3.88,NaN,10.28,NaN
A,GE10,C21,E_ITSP2X_ITT2,PC_ENT,BG,,NaN,,u,0.0,NaN
A,GE10,C21,E_ITSP2X_ITT2,PC_ENT,CY,,NaN,26.83,NaN,0.0,NaN
A,GE10,C21,E_ITSP2X_ITT2,PC_ENT,CZ,,NaN,13.14,NaN,10.17,NaN
A,GE10,C21,E_ITSP2X_ITT2,PC_ENT,DE,,NaN,16.0,NaN,8.0,NaN
A,GE10,C21,E_ITSP2X_ITT2,PC_ENT,DK,,NaN,0.0,NaN,0.0,NaN
A,GE10,C21,E_ITSP2X_ITT2,PC_ENT,EA,,NaN,11.47,NaN,6.9,NaN
A,GE10,C21,E_ITSP2X_ITT2,PC_ENT,EE,,NaN,14.29,NaN,0.0,NaN
A,GE10,C21,E_ITSP2X_ITT2,PC_ENT,EL,,NaN,1.85,NaN,0.0,NaN
A,GE10,C21,E_ITSP2X_ITT2,PC_ENT,ES,,NaN,,u,6.64,NaN
A,GE10,C21,E_ITSP2X_ITT2,PC_ENT,EU27_2020,,NaN,10.82,NaN,6.93,NaN
A,GE10,C21,E_ITSP2X_ITT2,PC_ENT,FI,,NaN,,u,,u
A,GE10,C21,E_ITSP2X_ITT2,PC_ENT,FR,,NaN,0.0,b,4.84,NaN
A,GE10,C21,E_ITSP2X_ITT2,PC_ENT,HR,,NaN,0.0,NaN,0.0,NaN
A,GE10,C21,E_ITSP2X_ITT2,PC_ENT,HU,,NaN,3.97,NaN,1.92,NaN
A,GE10,C21,E_ITSP2X_ITT2,PC_ENT,IE,,NaN,10.07,NaN,6.21,NaN
A,GE10,C21,E_ITSP2X_ITT2,PC_ENT,IT,,NaN,,u,,u
A,GE10,C21,E_ITSP2X_ITT2,PC_ENT,LT,,NaN,,u,,u
A,GE10,C21,E_ITSP2X_ITT2,PC_ENT,LV,,NaN,0.0,NaN,0.0,NaN
A,GE10,C21,E_ITSP2X_ITT2,PC_ENT,ME,,NaN,,NaN,,NaN
A,GE10,C21,E_ITSP2X_ITT2,PC_ENT,MK,,NaN,0.0,NaN,,NaN
A,GE10,C21,E_ITSP2X_ITT2,PC_ENT,MT,,NaN,,u,,u
A,GE10,C21,E_ITSP2X_ITT2,PC_ENT,NL,,NaN,14.83,NaN,9.6,NaN
A,GE10,C21,E_ITSP2X_ITT2,PC_ENT,NO,,NaN,25.0,NaN,15.38,NaN
A,GE10,C21,E_ITSP2X_ITT2,PC_ENT,PL,,NaN,,u,,u
A,GE10,C21,E_ITSP2X_ITT2,PC_ENT,PT,,NaN,5.75,NaN,16.83,NaN
A,GE10,C21,E_ITSP2X_ITT2,PC_ENT,RO,,NaN,5.81,NaN,5.8,NaN
A,GE10,C21,E_ITSP2X_ITT2,PC_ENT,RS,,NaN,38.46,NaN,17.65,NaN
A,GE10,C21,E_ITSP2X_ITT2,PC_ENT,SE,,NaN,15.79,NaN,18.3,b
A,GE10,C21,E_ITSP2X_ITT2,PC_ENT,SI,,NaN,0.0,NaN,,NaN
A,GE10,C21,E_ITSP2X_ITT2,PC_ENT,SK,,NaN,5.56,NaN,10.53,NaN
A,GE10,C21,E_ITSP2X_ITT2,PC_ENT,TR,,NaN,6.31,NaN,7.0,NaN
A,GE10,C21,E_ITSP2_ITT2,PC_ENT,AT,,NaN,,u,,u
A,GE10,C21,E_ITSP2_ITT2,PC_ENT,BA,,NaN,,NaN,,NaN
A,GE10,C21,E_ITSP2_ITT2,PC_ENT,BE,,NaN,,u,,u
A,GE10,C21,E_ITSP2_ITT2,PC_ENT,BG,,NaN,,u,,u
A,GE10,C21,E_ITSP2_ITT2,PC_ENT,CY,,NaN,54.88,NaN,54.59,NaN
A,GE10,C21,E_ITSP2_ITT2,PC_ENT,CZ,,NaN,30.43,NaN,31.13,NaN
A,GE10,C21,E_ITSP2_ITT2,PC_ENT,DE,,NaN,37.5,NaN,52.5,NaN
A,GE10,C21,E_ITSP2_ITT2,PC_ENT,DK,,NaN,40.44,NaN,37.01,NaN
A,GE10,C21,E_ITSP2_ITT2,PC_ENT,EA,,NaN,46.16,NaN,50.78,NaN
A,GE10,C21,E_ITSP2_ITT2,PC_ENT,EE,,NaN,21.43,NaN,33.33,NaN
A,GE10,C21,E_ITSP2_ITT2,PC_ENT,EL,,NaN,41.85,NaN,61.44,NaN
A,GE10,C21,E_ITSP2_ITT2,PC_ENT,ES,,NaN,,u,64.39,NaN
A,GE10,C21,E_ITSP2_ITT2,PC_ENT,EU27_2020,,NaN,44.99,NaN,46.42,NaN
A,GE10,C21,E_ITSP2_ITT2,PC_ENT,FI,,NaN,,u,,u
A,GE10,C21,E_ITSP2_ITT2,PC_ENT,FR,,NaN,,bu,,u
A,GE10,C21,E_ITSP2_ITT2,PC_ENT,HR,,NaN,100.0,NaN,100.0,NaN
A,GE10,C21,E_ITSP2_ITT2,PC_ENT,HU,,NaN,47.62,NaN,44.23,NaN
A,GE10,C21,E_ITSP2_ITT2,PC_ENT,IE,,NaN,57.49,NaN,58.52,NaN
A,GE10,C21,E_ITSP2_ITT2,PC_ENT,IT,,NaN,,u,,u
A,GE10,C21,E_ITSP2_ITT2,PC_ENT,LT,,NaN,,u,,u
A,GE10,C21,E_ITSP2_ITT2,PC_ENT,LV,,NaN,26.67,NaN,25.0,NaN
A,GE10,C21,E_ITSP2_ITT2,PC_ENT,ME,,NaN,0.0,NaN,,NaN
A,GE10,C21,E_ITSP2_ITT2,PC_ENT,MK,,NaN,100.0,NaN,,NaN
A,GE10,C21,E_ITSP2_ITT2,PC_ENT,MT,,NaN,,u,,u
A,GE10,C21,E_ITSP2_ITT2,PC_ENT,NL,,NaN,47.48,NaN,46.04,NaN
A,GE10,C21,E_ITSP2_ITT2,PC_ENT,NO,,NaN,33.33,NaN,46.15,NaN
A,GE10,C21,E_ITSP2_ITT2,PC_ENT,PL,,NaN,,u,,u
A,GE10,C21,E_ITSP2_ITT2,PC_ENT,PT,,NaN,35.06,NaN,48.99,NaN
A,GE10,C21,E_ITSP2_ITT2,PC_ENT,RO,,NaN,11.53,NaN,24.96,NaN
A,GE10,C21,E_ITSP2_ITT2,PC_ENT,RS,,NaN,30.77,NaN,25.0,NaN
A,GE10,C21,E_ITSP2_ITT2,PC_ENT,SE,,NaN,58.77,NaN,42.08,b
A,GE10,C21,E_ITSP2_ITT2,PC_ENT,SI,,NaN,100.0,NaN,,NaN
A,GE10,C21,E_ITSP2_ITT2,PC_ENT,SK,,NaN,22.22,NaN,21.93,NaN
A,GE10,C21,E_ITSP2_ITT2,PC_ENT,TR,,NaN,33.98,NaN,30.01,NaN
A,GE10,C21,E_ITSPT2,PC_ENT,AT,,NaN,,u,,u
A,GE10,C21,E_ITSPT2,PC_ENT,BA,,NaN,0.0,NaN,,NaN
A,GE10,C21,E_ITSPT2,PC_ENT,BE,,NaN,,u,29.08,NaN
A,GE10,C21,E_ITSPT2,PC_ENT,BG,,NaN,,u,,u
A,GE10,C21,E_ITSPT2,PC_ENT,CY,,NaN,36.59,NaN,40.94,NaN
A,GE10,C21,E_ITSPT2,PC_ENT,CZ,,NaN,19.23,NaN,24.94,NaN
A,GE10,C21,E_ITSPT2,PC_ENT,DE,,NaN,31.5,NaN,46.25,NaN
A,GE10,C21,E_ITSPT2,PC_ENT,DK,,NaN,37.19,NaN,34.0,NaN
A,GE10,C21,E_ITSPT2,PC_ENT,EA,,NaN,42.02,NaN,46.12,NaN
A,GE10,C21,E_ITSPT2,PC_ENT,EE,,NaN,21.43,NaN,16.67,NaN
A,GE10,C21,E_ITSPT2,PC_ENT,EL,,NaN,43.7,NaN,58.5,NaN
A,GE10,C21,E_ITSPT2,PC_ENT,ES,,NaN,,u,61.96,NaN
A,GE10,C21,E_ITSPT2,PC_ENT,EU27_2020,,NaN,39.8,NaN,41.67,NaN
A,GE10,C21,E_ITSPT2,PC_ENT,FI,,NaN,,u,,u
A,GE10,C21,E_ITSPT2,PC_ENT,FR,,NaN,,bu,,u
A,GE10,C21,E_ITSPT2,PC_ENT,HR,,NaN,84.01,NaN,100.0,NaN
A,GE10,C21,E_ITSPT2,PC_ENT,HU,,NaN,33.33,NaN,36.54,NaN
A,GE10,C21,E_ITSPT2,PC_ENT,IE,,NaN,49.67,NaN,50.48,NaN
A,GE10,C21,E_ITSPT2,PC_ENT,IT,,NaN,,u,,u
A,GE10,C21,E_ITSPT2,PC_ENT,LT,,NaN,,u,,u
A,GE10,C21,E_ITSPT2,PC_ENT,LV,,NaN,6.67,NaN,25.0,NaN
A,GE10,C21,E_ITSPT2,PC_ENT,ME,,NaN,0.0,NaN,,NaN
A,GE10,C21,E_ITSPT2,PC_ENT,MK,,NaN,100.0,NaN,,NaN
A,GE10,C21,E_ITSPT2,PC_ENT,MT,,NaN,,u,,u
A,GE10,C21,E_ITSPT2,PC_ENT,NL,,NaN,46.03,NaN,46.04,NaN
A,GE10,C21,E_ITSPT2,PC_ENT,NO,,NaN,33.33,NaN,46.15,NaN
A,GE10,C21,E_ITSPT2,PC_ENT,PL,,NaN,,u,,u
A,GE10,C21,E_ITSPT2,PC_ENT,PT,,NaN,29.89,NaN,48.99,NaN
A,GE10,C21,E_ITSPT2,PC_ENT,RO,,NaN,9.87,NaN,21.48,NaN
A,GE10,C21,E_ITSPT2,PC_ENT,RS,,NaN,30.77,NaN,19.12,NaN
A,GE10,C21,E_ITSPT2,PC_ENT,SE,,NaN,43.42,NaN,32.5,b
A,GE10,C21,E_ITSPT2,PC_ENT,SI,,NaN,100.0,NaN,,NaN
A,GE10,C21,E_ITSPT2,PC_ENT,SK,,NaN,16.67,NaN,21.93,NaN
A,GE10,C21,E_ITSPT2,PC_ENT,TR,,NaN,27.67,NaN,26.6,NaN
A,GE10,C21,E_ITT2,PC_ENT,AT,,NaN,,u,,u
A,GE10,C21,E_ITT2,PC_ENT,BA,,NaN,,NaN,,NaN
A,GE10,C21,E_ITT2,PC_ENT,BE,,NaN,,u,,u
A,GE10,C21,E_ITT2,PC_ENT,BG,,NaN,30.17,NaN,,u
A,GE10,C21,E_ITT2,PC_ENT,CY,,NaN,81.71,NaN,54.59,NaN
A,GE10,C21,E_ITT2,PC_ENT,CZ,,NaN,43.57,NaN,41.3,NaN
A,GE10,C21,E_ITT2,PC_ENT,DE,,NaN,53.5,NaN,60.25,NaN
A,GE10,C21,E_ITT2,PC_ENT,DK,,NaN,40.44,NaN,37.01,NaN
A,GE10,C21,E_ITT2,PC_ENT,EA,,NaN,57.83,NaN,57.61,NaN
A,GE10,C21,E_ITT2,PC_ENT,EE,,NaN,35.71,NaN,33.33,NaN
A,GE10,C21,E_ITT2,PC_ENT,EL,,NaN,43.7,NaN,61.44,NaN
A,GE10,C21,E_ITT2,PC_ENT,ES,,NaN,,u,71.03,NaN
A,GE10,C21,E_ITT2,PC_ENT,EU27_2020,,NaN,55.96,NaN,53.29,NaN
A,GE10,C21,E_ITT2,PC_ENT,FI,,NaN,,u,,u
A,GE10,C21,E_ITT2,PC_ENT,FR,,NaN,,bu,,u
A,GE10,C21,E_ITT2,PC_ENT,HR,,NaN,100.0,NaN,100.0,NaN
A,GE10,C21,E_ITT2,PC_ENT,HU,,NaN,51.59,NaN,46.15,NaN
A,GE10,C21,E_ITT2,PC_ENT,IE,,NaN,67.56,NaN,64.73,NaN
A,GE10,C21,E_ITT2,PC_ENT,IT,,NaN,,u,,u
A,GE10,C21,E_ITT2,PC_ENT,LT,,NaN,,u,,u
A,GE10,C21,E_ITT2,PC_ENT,LV,,NaN,26.67,NaN,25.0,NaN
A,GE10,C21,E_ITT2,PC_ENT,ME,,NaN,,NaN,,NaN
A,GE10,C21,E_ITT2,PC_ENT,MK,,NaN,100.0,NaN,,NaN
A,GE10,C21,E_ITT2,PC_ENT,MT,,NaN,,u,,u
A,GE10,C21,E_ITT2,PC_ENT,NL,,NaN,62.3,NaN,55.64,NaN
A,GE10,C21,E_ITT2,PC_ENT,NO,,NaN,58.33,NaN,61.54,NaN
A,GE10,C21,E_ITT2,PC_ENT,PL,,NaN,,u,,u
A,GE10,C21,E_ITT2,PC_ENT,PT,,NaN,40.8,NaN,65.82,NaN
A,GE10,C21,E_ITT2,PC_ENT,RO,,NaN,17.35,NaN,30.76,NaN
A,GE10,C21,E_ITT2,PC_ENT,RS,,NaN,69.23,NaN,42.65,NaN
A,GE10,C21,E_ITT2,PC_ENT,SE,,NaN,74.56,NaN,60.38,b
A,GE10,C21,E_ITT2,PC_ENT,SI,,NaN,100.0,NaN,,NaN
A,GE10,C21,E_ITT2,PC_ENT,SK,,NaN,27.78,NaN,32.46,NaN
A,GE10,C21,E_ITT2,PC_ENT,TR,,NaN,40.29,NaN,37.01,NaN
A,GE10,C21,E_ITUST2,PC_ENT,AT,,NaN,,u,,u
A,GE10,C21,E_ITUST2,PC_ENT,BA,,NaN,,NaN,,NaN
A,GE10,C21,E_ITUST2,PC_ENT,BE,,NaN,,u,,u
A,GE10,C21,E_ITUST2,PC_ENT,BG,,NaN,26.72,NaN,,u
A,GE10,C21,E_ITUST2,PC_ENT,CY,,NaN,81.71,NaN,40.94,NaN
A,GE10,C21,E_ITUST2,PC_ENT,CZ,,NaN,43.57,NaN,39.3,NaN
A,GE10,C21,E_ITUST2,PC_ENT,DE,,NaN,50.75,NaN,58.0,NaN
A,GE10,C21,E_ITUST2,PC_ENT,DK,,NaN,37.12,NaN,34.0,NaN
A,GE10,C21,E_ITUST2,PC_ENT,EA,,NaN,51.5,NaN,50.52,NaN
A,GE10,C21,E_ITUST2,PC_ENT,EE,,NaN,35.71,NaN,16.67,NaN
A,GE10,C21,E_ITUST2,PC_ENT,EL,,NaN,43.7,NaN,49.35,NaN
A,GE10,C21,E_ITUST2,PC_ENT,ES,,NaN,,u,61.84,NaN
A,GE10,C21,E_ITUST2,PC_ENT,EU27_2020,,NaN,50.31,NaN,46.18,NaN
A,GE10,C21,E_ITUST2,PC_ENT,FI,,NaN,,u,,u
A,GE10,C21,E_ITUST2,PC_ENT,FR,,NaN,,bu,,u
A,GE10,C21,E_ITUST2,PC_ENT,HR,,NaN,84.01,NaN,100.0,NaN
A,GE10,C21,E_ITUST2,PC_ENT,HU,,NaN,44.44,NaN,34.62,NaN
A,GE10,C21,E_ITUST2,PC_ENT,IE,,NaN,54.49,NaN,49.61,NaN
A,GE10,C21,E_ITUST2,PC_ENT,IT,,NaN,,u,,u
A,GE10,C21,E_ITUST2,PC_ENT,LT,,NaN,,u,,u
A,GE10,C21,E_ITUST2,PC_ENT,LV,,NaN,26.67,NaN,25.0,NaN
A,GE10,C21,E_ITUST2,PC_ENT,ME,,NaN,,NaN,,NaN
A,GE10,C21,E_ITUST2,PC_ENT,MK,,NaN,100.0,NaN,,NaN
A,GE10,C21,E_ITUST2,PC_ENT,MT,,NaN,,u,,u
A,GE10,C21,E_ITUST2,PC_ENT,NL,,NaN,57.51,NaN,42.91,NaN
A,GE10,C21,E_ITUST2,PC_ENT,NO,,NaN,50.0,NaN,53.85,NaN
A,GE10,C21,E_ITUST2,PC_ENT,PL,,NaN,,u,,u
A,GE10,C21,E_ITUST2,PC_ENT,PT,,NaN,36.21,NaN,53.48,NaN
A,GE10,C21,E_ITUST2,PC_ENT,RO,,NaN,15.28,NaN,24.64,NaN
A,GE10,C21,E_ITUST2,PC_ENT,RS,,NaN,46.15,NaN,42.65,NaN
A,GE10,C21,E_ITUST2,PC_ENT,SE,,NaN,67.98,NaN,50.38,b
A,GE10,C21,E_ITUST2,PC_ENT,SI,,NaN,100.0,NaN,,NaN
A,GE10,C21,E_ITUST2,PC_ENT,SK,,NaN,22.22,NaN,27.19,NaN
A,GE10,C21,E_ITUST2,PC_ENT,TR,,NaN,34.95,NaN,36.1,NaN
A,GE10,C22_C23,E_ITSP2X_ITT2,PC_ENT,AT,,NaN,3.38,NaN,8.57,NaN
A,GE10,C22_C23,E_ITSP2X_ITT2,PC_ENT,BA,,NaN,,u,,u
A,GE10,C22_C23,E_ITSP2X_ITT2,PC_ENT,BE,,NaN,,u,,u
A,GE10,C22_C23,E_ITSP2X_ITT2,PC_ENT,BG,,NaN,,u,,u
A,GE10,C22_C23,E_ITSP2X_ITT2,PC_ENT,CY,,NaN,11.98,NaN,11.41,NaN
A,GE10,C22_C23,E_ITSP2X_ITT2,PC_ENT,CZ,,NaN,15.72,NaN,14.54,NaN
A,GE10,C22_C23,E_ITSP2X_ITT2,PC_ENT,DE,,NaN,15.14,NaN,16.13,NaN
A,GE10,C22_C23,E_ITSP2X_ITT2,PC_ENT,DK,,NaN,14.21,NaN,18.44,NaN
A,GE10,C22_C23,E_ITSP2X_ITT2,PC_ENT,EA,,NaN,10.64,NaN,11.48,NaN
A,GE10,C22_C23,E_ITSP2X_ITT2,PC_ENT,EE,,NaN,6.45,NaN,13.19,NaN
A,GE10,C22_C23,E_ITSP2X_ITT2,PC_ENT,EL,,NaN,0.28,NaN,2.15,NaN
A,GE10,C22_C23,E_ITSP2X_ITT2,PC_ENT,ES,,NaN,,u,10.32,NaN
A,GE10,C22_C23,E_ITSP2X_ITT2,PC_ENT,EU27_2020,,NaN,10.06,NaN,11.21,NaN
A,GE10,C22_C23,E_ITSP2X_ITT2,PC_ENT,FI,,NaN,,u,,u
A,GE10,C22_C23,E_ITSP2X_ITT2,PC_ENT,FR,,NaN,2.35,b,1.75,NaN
A,GE10,C22_C23,E_ITSP2X_ITT2,PC_ENT,HR,,NaN,5.31,NaN,16.62,NaN
A,GE10,C22_C23,E_ITSP2X_ITT2,PC_ENT,HU,,NaN,4.1,NaN,4.91,NaN
A,GE10,C22_C23,E_ITSP2X_ITT2,PC_ENT,IE,,NaN,8.04,NaN,4.3,NaN
A,GE10,C22_C23,E_ITSP2X_ITT2,PC_ENT,IT,,NaN,,u,,u
A,GE10,C22_C23,E_ITSP2X_ITT2,PC_ENT,LT,,NaN,,u,6.43,NaN
A,GE10,C22_C23,E_ITSP2X_ITT2,PC_ENT,LU,,NaN,,u,,u
A,GE10,C22_C23,E_ITSP2X_ITT2,PC_ENT,LV,,NaN,3.05,NaN,3.71,NaN
A,GE10,C22_C23,E_ITSP2X_ITT2,PC_ENT,ME,,NaN,,NaN,,NaN
A,GE10,C22_C23,E_ITSP2X_ITT2,PC_ENT,MK,,NaN,0.0,NaN,,NaN
A,GE10,C22_C23,E_ITSP2X_ITT2,PC_ENT,MT,,NaN,3.72,NaN,4.83,NaN
A,GE10,C22_C23,E_ITSP2X_ITT2,PC_ENT,NL,,NaN,9.84,NaN,6.62,NaN
A,GE10,C22_C23,E_ITSP2X_ITT2,PC_ENT,NO,,NaN,24.09,NaN,22.15,NaN
A,GE10,C22_C23,E_ITSP2X_ITT2,PC_ENT,PL,,NaN,8.43,NaN,13.2,NaN
A,GE10,C22_C23,E_ITSP2X_ITT2,PC_ENT,PT,,NaN,6.1,NaN,12.7,NaN
A,GE10,C22_C23,E_ITSP2X_ITT2,PC_ENT,RO,,NaN,2.57,NaN,3.05,NaN
A,GE10,C22_C23,E_ITSP2X_ITT2,PC_ENT,RS,,NaN,10.64,NaN,6.64,NaN
A,GE10,C22_C23,E_ITSP2X_ITT2,PC_ENT,SE,,NaN,21.36,NaN,18.99,b
A,GE10,C22_C23,E_ITSP2X_ITT2,PC_ENT,SI,,NaN,24.74,NaN,2.61,NaN
A,GE10,C22_C23,E_ITSP2X_ITT2,PC_ENT,SK,,NaN,2.5,NaN,8.1,NaN
A,GE10,C22_C23,E_ITSP2X_ITT2,PC_ENT,TR,,NaN,6.85,NaN,7.29,NaN
A,GE10,C22_C23,E_ITSP2_ITT2,PC_ENT,AT,,NaN,22.31,NaN,26.17,NaN
A,GE10,C22_C23,E_ITSP2_ITT2,PC_ENT,BA,,NaN,,u,,u
A,GE10,C22_C23,E_ITSP2_ITT2,PC_ENT,BE,,NaN,21.93,NaN,20.13,NaN
A,GE10,C22_C23,E_ITSP2_ITT2,PC_ENT,BG,,NaN,6.17,NaN,7.31,NaN
A,GE10,C22_C23,E_ITSP2_ITT2,PC_ENT,CY,,NaN,9.0,NaN,5.86,NaN
A,GE10,C22_C23,E_ITSP2_ITT2,PC_ENT,CZ,,NaN,14.94,NaN,12.84,NaN
A,GE10,C22_C23,E_ITSP2_ITT2,PC_ENT,DE,,NaN,18.5,NaN,20.34,NaN
A,GE10,C22_C23,E_ITSP2_ITT2,PC_ENT,DK,,NaN,22.74,NaN,26.22,NaN
A,GE10,C22_C23,E_ITSP2_ITT2,PC_ENT,EA,,NaN,14.71,NaN,13.83,NaN
A,GE10,C22_C23,E_ITSP2_ITT2,PC_ENT,EE,,NaN,7.38,NaN,10.6,NaN
A,GE10,C22_C23,E_ITSP2_ITT2,PC_ENT,EL,,NaN,3.28,NaN,2.99,NaN
A,GE10,C22_C23,E_ITSP2_ITT2,PC_ENT,ES,,NaN,,u,8.58,NaN
A,GE10,C22_C23,E_ITSP2_ITT2,PC_ENT,EU27_2020,,NaN,14.37,NaN,14.73,NaN
A,GE10,C22_C23,E_ITSP2_ITT2,PC_ENT,FI,,NaN,,u,,u
A,GE10,C22_C23,E_ITSP2_ITT2,PC_ENT,FR,,NaN,17.36,b,14.62,NaN
A,GE10,C22_C23,E_ITSP2_ITT2,PC_ENT,HR,,NaN,6.07,NaN,5.89,NaN
A,GE10,C22_C23,E_ITSP2_ITT2,PC_ENT,HU,,NaN,13.04,NaN,13.24,NaN
A,GE10,C22_C23,E_ITSP2_ITT2,PC_ENT,IE,,NaN,18.08,NaN,17.54,NaN
A,GE10,C22_C23,E_ITSP2_ITT2,PC_ENT,IT,,NaN,,u,,u
A,GE10,C22_C23,E_ITSP2_ITT2,PC_ENT,LT,,NaN,,u,11.65,NaN
A,GE10,C22_C23,E_ITSP2_ITT2,PC_ENT,LU,,NaN,,u,,u
A,GE10,C22_C23,E_ITSP2_ITT2,PC_ENT,LV,,NaN,8.36,NaN,11.97,NaN
A,GE10,C22_C23,E_ITSP2_ITT2,PC_ENT,ME,,NaN,,NaN,58.82,NaN
A,GE10,C22_C23,E_ITSP2_ITT2,PC_ENT,MK,,NaN,0.0,NaN,,NaN
A,GE10,C22_C23,E_ITSP2_ITT2,PC_ENT,MT,,NaN,8.74,NaN,11.2,NaN
A,GE10,C22_C23,E_ITSP2_ITT2,PC_ENT,NL,,NaN,22.23,NaN,17.82,NaN
A,GE10,C22_C23,E_ITSP2_ITT2,PC_ENT,NO,,NaN,10.71,NaN,13.91,NaN
A,GE10,C22_C23,E_ITSP2_ITT2,PC_ENT,PL,,NaN,16.38,NaN,23.37,NaN
A,GE10,C22_C23,E_ITSP2_ITT2,PC_ENT,PT,,NaN,22.2,NaN,13.94,NaN
A,GE10,C22_C23,E_ITSP2_ITT2,PC_ENT,RO,,NaN,4.98,NaN,9.26,NaN
A,GE10,C22_C23,E_ITSP2_ITT2,PC_ENT,RS,,NaN,11.6,NaN,11.97,NaN
A,GE10,C22_C23,E_ITSP2_ITT2,PC_ENT,SE,,NaN,20.75,NaN,18.32,b
A,GE10,C22_C23,E_ITSP2_ITT2,PC_ENT,SI,,NaN,21.77,NaN,13.35,NaN
A,GE10,C22_C23,E_ITSP2_ITT2,PC_ENT,SK,,NaN,11.16,NaN,15.49,NaN
A,GE10,C22_C23,E_ITSP2_ITT2,PC_ENT,TR,,NaN,8.51,NaN,9.2,NaN
A,GE10,C22_C23,E_ITSPT2,PC_ENT,AT,,NaN,,u,22.11,NaN
A,GE10,C22_C23,E_ITSPT2,PC_ENT,BA,,NaN,,u,,u
A,GE10,C22_C23,E_ITSPT2,PC_ENT,BE,,NaN,18.39,NaN,19.7,NaN
A,GE10,C22_C23,E_ITSPT2,PC_ENT,BG,,NaN,4.6,NaN,6.56,NaN
A,GE10,C22_C23,E_ITSPT2,PC_ENT,CY,,NaN,6.5,NaN,3.76,NaN
A,GE10,C22_C23,E_ITSPT2,PC_ENT,CZ,,NaN,14.24,NaN,9.83,NaN
A,GE10,C22_C23,E_ITSPT2,PC_ENT,DE,,NaN,16.93,NaN,17.89,NaN
A,GE10,C22_C23,E_ITSPT2,PC_ENT,DK,,NaN,18.77,NaN,17.68,NaN
A,GE10,C22_C23,E_ITSPT2,PC_ENT,EA,,NaN,12.65,NaN,12.15,NaN
A,GE10,C22_C23,E_ITSPT2,PC_ENT,EE,,NaN,8.72,NaN,10.2,NaN
A,GE10,C22_C23,E_ITSPT2,PC_ENT,EL,,NaN,3.61,NaN,2.34,NaN
A,GE10,C22_C23,E_ITSPT2,PC_ENT,ES,,NaN,,u,6.66,NaN
A,GE10,C22_C23,E_ITSPT2,PC_ENT,EU27_2020,,NaN,12.07,NaN,12.72,NaN
A,GE10,C22_C23,E_ITSPT2,PC_ENT,FI,,NaN,,u,,u
A,GE10,C22_C23,E_ITSPT2,PC_ENT,FR,,NaN,12.76,b,13.62,NaN
A,GE10,C22_C23,E_ITSPT2,PC_ENT,HR,,NaN,5.17,NaN,5.64,NaN
A,GE10,C22_C23,E_ITSPT2,PC_ENT,HU,,NaN,8.47,NaN,8.36,NaN
A,GE10,C22_C23,E_ITSPT2,PC_ENT,IE,,NaN,5.04,NaN,8.08,NaN
A,GE10,C22_C23,E_ITSPT2,PC_ENT,IT,,NaN,,u,,u
A,GE10,C22_C23,E_ITSPT2,PC_ENT,LT,,NaN,,u,12.05,NaN
A,GE10,C22_C23,E_ITSPT2,PC_ENT,LU,,NaN,,u,,u
A,GE10,C22_C23,E_ITSPT2,PC_ENT,LV,,NaN,6.84,NaN,10.74,NaN
A,GE10,C22_C23,E_ITSPT2,PC_ENT,ME,,NaN,,NaN,58.82,NaN
A,GE10,C22_C23,E_ITSPT2,PC_ENT,MK,,NaN,0.0,NaN,,NaN
A,GE10,C22_C23,E_ITSPT2,PC_ENT,MT,,NaN,8.74,NaN,7.25,NaN
A,GE10,C22_C23,E_ITSPT2,PC_ENT,NL,,NaN,21.03,NaN,15.56,NaN
A,GE10,C22_C23,E_ITSPT2,PC_ENT,NO,,NaN,8.81,NaN,9.91,NaN
A,GE10,C22_C23,E_ITSPT2,PC_ENT,PL,,NaN,12.27,NaN,21.46,NaN
A,GE10,C22_C23,E_ITSPT2,PC_ENT,PT,,NaN,18.98,NaN,12.52,NaN
A,GE10,C22_C23,E_ITSPT2,PC_ENT,RO,,NaN,3.89,NaN,5.78,NaN
A,GE10,C22_C23,E_ITSPT2,PC_ENT,RS,,NaN,9.27,NaN,5.31,NaN
A,GE10,C22_C23,E_ITSPT2,PC_ENT,SE,,NaN,16.23,NaN,12.07,b
A,GE10,C22_C23,E_ITSPT2,PC_ENT,SI,,NaN,19.39,NaN,13.07,NaN
A,GE10,C22_C23,E_ITSPT2,PC_ENT,SK,,NaN,8.02,NaN,9.51,NaN
A,GE10,C22_C23,E_ITSPT2,PC_ENT,TR,,NaN,7.18,NaN,6.94,NaN
A,GE10,C22_C23,E_ITT2,PC_ENT,AT,,NaN,,u,35.24,NaN
A,GE10,C22_C23,E_ITT2,PC_ENT,BA,,NaN,,u,,u
A,GE10,C22_C23,E_ITT2,PC_ENT,BE,,NaN,,u,,u
A,GE10,C22_C23,E_ITT2,PC_ENT,BG,,NaN,8.37,NaN,8.3,NaN
A,GE10,C22_C23,E_ITT2,PC_ENT,CY,,NaN,20.99,NaN,17.27,NaN
A,GE10,C22_C23,E_ITT2,PC_ENT,CZ,,NaN,30.67,NaN,27.39,NaN
A,GE10,C22_C23,E_ITT2,PC_ENT,DE,,NaN,33.64,NaN,36.47,NaN
A,GE10,C22_C23,E_ITT2,PC_ENT,DK,,NaN,36.95,NaN,44.66,NaN
A,GE10,C22_C23,E_ITT2,PC_ENT,EA,,NaN,25.46,NaN,25.33,NaN
A,GE10,C22_C23,E_ITT2,PC_ENT,EE,,NaN,13.83,NaN,23.79,NaN
A,GE10,C22_C23,E_ITT2,PC_ENT,EL,,NaN,3.89,NaN,5.14,NaN
A,GE10,C22_C23,E_ITT2,PC_ENT,ES,,NaN,,u,18.9,NaN
A,GE10,C22_C23,E_ITT2,PC_ENT,EU27_2020,,NaN,24.53,NaN,25.98,NaN
A,GE10,C22_C23,E_ITT2,PC_ENT,FI,,NaN,,u,,u
A,GE10,C22_C23,E_ITT2,PC_ENT,FR,,NaN,19.71,b,16.38,NaN
A,GE10,C22_C23,E_ITT2,PC_ENT,HR,,NaN,11.38,NaN,22.51,NaN
A,GE10,C22_C23,E_ITT2,PC_ENT,HU,,NaN,17.14,NaN,18.15,NaN
A,GE10,C22_C23,E_ITT2,PC_ENT,IE,,NaN,26.13,NaN,21.84,NaN
A,GE10,C22_C23,E_ITT2,PC_ENT,IT,,NaN,,u,,u
A,GE10,C22_C23,E_ITT2,PC_ENT,LT,,NaN,,u,18.47,NaN
A,GE10,C22_C23,E_ITT2,PC_ENT,LU,,NaN,,u,,u
A,GE10,C22_C23,E_ITT2,PC_ENT,LV,,NaN,11.41,NaN,15.68,NaN
A,GE10,C22_C23,E_ITT2,PC_ENT,ME,,NaN,53.57,NaN,58.82,NaN
A,GE10,C22_C23,E_ITT2,PC_ENT,MK,,NaN,0.0,NaN,,NaN
A,GE10,C22_C23,E_ITT2,PC_ENT,MT,,NaN,12.45,NaN,16.03,NaN
A,GE10,C22_C23,E_ITT2,PC_ENT,NL,,NaN,32.08,NaN,24.45,NaN
A,GE10,C22_C23,E_ITT2,PC_ENT,NO,,NaN,34.8,NaN,36.06,NaN
A,GE10,C22_C23,E_ITT2,PC_ENT,PL,,NaN,24.81,NaN,36.75,NaN
A,GE10,C22_C23,E_ITT2,PC_ENT,PT,,NaN,28.3,NaN,26.64,NaN
A,GE10,C22_C23,E_ITT2,PC_ENT,RO,,NaN,8.0,NaN,12.31,NaN
A,GE10,C22_C23,E_ITT2,PC_ENT,RS,,NaN,22.24,NaN,18.62,NaN
A,GE10,C22_C23,E_ITT2,PC_ENT,SE,,NaN,42.11,NaN,37.31,b
A,GE10,C22_C23,E_ITT2,PC_ENT,SI,,NaN,46.48,NaN,15.96,NaN
A,GE10,C22_C23,E_ITT2,PC_ENT,SK,,NaN,13.66,NaN,23.59,NaN
A,GE10,C22_C23,E_ITT2,PC_ENT,TR,,NaN,15.36,NaN,16.49,NaN
A,GE10,C22_C23,E_ITUST2,PC_ENT,AT,,NaN,22.06,NaN,25.42,NaN
A,GE10,C22_C23,E_ITUST2,PC_ENT,BA,,NaN,,u,,u
A,GE10,C22_C23,E_ITUST2,PC_ENT,BE,,NaN,,u,,u
A,GE10,C22_C23,E_ITUST2,PC_ENT,BG,,NaN,6.17,NaN,7.29,NaN
A,GE10,C22_C23,E_ITUST2,PC_ENT,CY,,NaN,19.97,NaN,17.27,NaN
A,GE10,C22_C23,E_ITUST2,PC_ENT,CZ,,NaN,29.28,NaN,26.14,NaN
A,GE10,C22_C23,E_ITUST2,PC_ENT,DE,,NaN,30.55,NaN,32.96,NaN
A,GE10,C22_C23,E_ITUST2,PC_ENT,DK,,NaN,31.98,NaN,41.45,NaN
A,GE10,C22_C23,E_ITUST2,PC_ENT,EA,,NaN,22.54,NaN,22.18,NaN
A,GE10,C22_C23,E_ITUST2,PC_ENT,EE,,NaN,12.49,NaN,23.04,NaN
A,GE10,C22_C23,E_ITUST2,PC_ENT,EL,,NaN,3.56,NaN,4.55,NaN
A,GE10,C22_C23,E_ITUST2,PC_ENT,ES,,NaN,,u,17.71,NaN
A,GE10,C22_C23,E_ITUST2,PC_ENT,EU27_2020,,NaN,21.86,NaN,22.63,NaN
A,GE10,C22_C23,E_ITUST2,PC_ENT,FI,,NaN,,u,,u
A,GE10,C22_C23,E_ITUST2,PC_ENT,FR,,NaN,14.99,b,13.05,NaN
A,GE10,C22_C23,E_ITUST2,PC_ENT,HR,,NaN,10.78,NaN,21.27,NaN
A,GE10,C22_C23,E_ITUST2,PC_ENT,HU,,NaN,14.98,NaN,16.54,NaN
A,GE10,C22_C23,E_ITUST2,PC_ENT,IE,,NaN,23.45,NaN,18.27,NaN
A,GE10,C22_C23,E_ITUST2,PC_ENT,IT,,NaN,,u,,u
A,GE10,C22_C23,E_ITUST2,PC_ENT,LT,,NaN,,u,16.47,NaN
A,GE10,C22_C23,E_ITUST2,PC_ENT,LU,,NaN,,u,,u
A,GE10,C22_C23,E_ITUST2,PC_ENT,LV,,NaN,7.98,NaN,14.45,NaN
A,GE10,C22_C23,E_ITUST2,PC_ENT,ME,,NaN,,NaN,,NaN
A,GE10,C22_C23,E_ITUST2,PC_ENT,MK,,NaN,0.0,NaN,,NaN
A,GE10,C22_C23,E_ITUST2,PC_ENT,MT,,NaN,10.59,NaN,16.03,NaN
A,GE10,C22_C23,E_ITUST2,PC_ENT,NL,,NaN,26.92,NaN,21.06,NaN
A,GE10,C22_C23,E_ITUST2,PC_ENT,NO,,NaN,33.42,NaN,34.71,NaN
A,GE10,C22_C23,E_ITUST2,PC_ENT,PL,,NaN,22.58,NaN,29.66,NaN
A,GE10,C22_C23,E_ITUST2,PC_ENT,PT,,NaN,26.41,NaN,23.56,NaN
A,GE10,C22_C23,E_ITUST2,PC_ENT,RO,,NaN,6.75,NaN,11.1,NaN
A,GE10,C22_C23,E_ITUST2,PC_ENT,RS,,NaN,21.26,NaN,17.8,NaN
A,GE10,C22_C23,E_ITUST2,PC_ENT,SE,,NaN,39.05,NaN,35.35,b
A,GE10,C22_C23,E_ITUST2,PC_ENT,SI,,NaN,43.87,NaN,9.37,NaN
A,GE10,C22_C23,E_ITUST2,PC_ENT,SK,,NaN,12.8,NaN,22.04,NaN
A,GE10,C22_C23,E_ITUST2,PC_ENT,TR,,NaN,14.42,NaN,15.92,NaN
A,GE10,C24_C25,E_ITSP2X_ITT2,PC_ENT,AT,6.92,NaN,4.38,NaN,3.42,NaN
A,GE10,C24_C25,E_ITSP2X_ITT2,PC_ENT,BA,,u,,u,,u
A,GE10,C24_C25,E_ITSP2X_ITT2,PC_ENT,BE,9.89,NaN,7.29,NaN,,u
A,GE10,C24_C25,E_ITSP2X_ITT2,PC_ENT,BG,,u,,u,,u
A,GE10,C24_C25,E_ITSP2X_ITT2,PC_ENT,CY,10.83,NaN,0.0,NaN,6.13,NaN
A,GE10,C24_C25,E_ITSP2X_ITT2,PC_ENT,CZ,15.46,NaN,7.39,NaN,14.46,NaN
A,GE10,C24_C25,E_ITSP2X_ITT2,PC_ENT,DE,8.99,NaN,11.18,NaN,11.77,NaN
A,GE10,C24_C25,E_ITSP2X_ITT2,PC_ENT,DK,9.46,NaN,13.22,NaN,20.09,NaN
A,GE10,C24_C25,E_ITSP2X_ITT2,PC_ENT,EA,7.93,NaN,9.76,NaN,11.15,NaN
A,GE10,C24_C25,E_ITSP2X_ITT2,PC_ENT,EE,8.59,NaN,4.07,NaN,3.43,NaN
A,GE10,C24_C25,E_ITSP2X_ITT2,PC_ENT,EL,,u,3.98,NaN,5.84,NaN
A,GE10,C24_C25,E_ITSP2X_ITT2,PC_ENT,ES,5.54,NaN,8.18,NaN,10.17,NaN
A,GE10,C24_C25,E_ITSP2X_ITT2,PC_ENT,EU15,,NaN,,NaN,,NaN
A,GE10,C24_C25,E_ITSP2X_ITT2,PC_ENT,EU27_2007,,NaN,,NaN,,NaN
A,GE10,C24_C25,E_ITSP2X_ITT2,PC_ENT,EU27_2020,8.16,NaN,9.63,NaN,10.97,NaN
A,GE10,C24_C25,E_ITSP2X_ITT2,PC_ENT,EU28,,NaN,,NaN,,NaN
A,GE10,C24_C25,E_ITSP2X_ITT2,PC_ENT,FI,14.17,NaN,18.05,NaN,8.04,NaN
A,GE10,C24_C25,E_ITSP2X_ITT2,PC_ENT,FR,4.68,NaN,4.07,b,9.1,NaN
A,GE10,C24_C25,E_ITSP2X_ITT2,PC_ENT,HR,8.44,NaN,7.47,NaN,13.21,NaN
A,GE10,C24_C25,E_ITSP2X_ITT2,PC_ENT,HU,4.78,NaN,4.31,NaN,5.32,NaN
A,GE10,C24_C25,E_ITSP2X_ITT2,PC_ENT,IE,5.96,NaN,12.25,NaN,12.76,NaN
A,GE10,C24_C25,E_ITSP2X_ITT2,PC_ENT,IT,9.51,NaN,11.19,NaN,12.39,NaN
A,GE10,C24_C25,E_ITSP2X_ITT2,PC_ENT,LT,8.46,NaN,1.78,NaN,4.16,NaN
A,GE10,C24_C25,E_ITSP2X_ITT2,PC_ENT,LU,2.23,NaN,11.77,NaN,7.47,NaN
A,GE10,C24_C25,E_ITSP2X_ITT2,PC_ENT,LV,7.78,NaN,4.54,NaN,2.59,NaN
A,GE10,C24_C25,E_ITSP2X_ITT2,PC_ENT,ME,,u,0.0,NaN,,NaN
A,GE10,C24_C25,E_ITSP2X_ITT2,PC_ENT,MK,,u,,u,,NaN
A,GE10,C24_C25,E_ITSP2X_ITT2,PC_ENT,MT,0.0,NaN,0.0,NaN,2.79,NaN
A,GE10,C24_C25,E_ITSP2X_ITT2,PC_ENT,NL,1.43,NaN,10.87,NaN,8.27,NaN
A,GE10,C24_C25,E_ITSP2X_ITT2,PC_ENT,NO,21.05,NaN,20.79,NaN,17.65,NaN
A,GE10,C24_C25,E_ITSP2X_ITT2,PC_ENT,PL,4.66,NaN,7.58,NaN,9.26,NaN
A,GE10,C24_C25,E_ITSP2X_ITT2,PC_ENT,PT,10.04,NaN,10.62,NaN,14.57,NaN
A,GE10,C24_C25,E_ITSP2X_ITT2,PC_ENT,RO,1.71,NaN,3.34,NaN,3.14,NaN
A,GE10,C24_C25,E_ITSP2X_ITT2,PC_ENT,RS,6.46,NaN,17.81,NaN,12.44,NaN
A,GE10,C24_C25,E_ITSP2X_ITT2,PC_ENT,SE,29.16,NaN,31.6,NaN,21.84,b
A,GE10,C24_C25,E_ITSP2X_ITT2,PC_ENT,SI,13.47,NaN,13.2,NaN,14.26,NaN
A,GE10,C24_C25,E_ITSP2X_ITT2,PC_ENT,SK,3.83,NaN,9.87,NaN,3.61,NaN
A,GE10,C24_C25,E_ITSP2X_ITT2,PC_ENT,TR,5.04,NaN,7.22,NaN,7.95,NaN
A,GE10,C24_C25,E_ITSP2X_ITT2,PC_ENT,UK,2.24,NaN,,NaN,,NaN
A,GE10,C24_C25,E_ITSP2X_ITT2,PC_ENT_CUSE,AT,,NaN,,NaN,,NaN
A,GE10,C24_C25,E_ITSP2X_ITT2,PC_ENT_CUSE,BA,,NaN,,NaN,,NaN
A,GE10,C24_C25,E_ITSP2X_ITT2,PC_ENT_CUSE,BE,,NaN,,NaN,,NaN
A,GE10,C24_C25,E_ITSP2X_ITT2,PC_ENT_CUSE,BG,,NaN,,NaN,,NaN
A,GE10,C24_C25,E_ITSP2X_ITT2,PC_ENT_CUSE,CY,,NaN,,NaN,,NaN
A,GE10,C24_C25,E_ITSP2X_ITT2,PC_ENT_CUSE,CZ,,NaN,,NaN,,NaN
A,GE10,C24_C25,E_ITSP2X_ITT2,PC_ENT_CUSE,DE,,NaN,,NaN,,NaN
A,GE10,C24_C25,E_ITSP2X_ITT2,PC_ENT_CUSE,DK,,NaN,,NaN,,NaN
A,GE10,C24_C25,E_ITSP2X_ITT2,PC_ENT_CUSE,EA,,NaN,,NaN,,NaN
A,GE10,C24_C25,E_ITSP2X_ITT2,PC_ENT_CUSE,EE,,NaN,,NaN,,NaN
A,GE10,C24_C25,E_ITSP2X_ITT2,PC_ENT_CUSE,EL,,NaN,,NaN,,NaN
A,GE10,C24_C25,E_ITSP2X_ITT2,PC_ENT_CUSE,ES,,NaN,,NaN,,NaN
A,GE10,C24_C25,E_ITSP2X_ITT2,PC_ENT_CUSE,EU15,,NaN,,NaN,,NaN
A,GE10,C24_C25,E_ITSP2X_ITT2,PC_ENT_CUSE,EU27_2007,,NaN,,NaN,,NaN
A,GE10,C24_C25,E_ITSP2X_ITT2,PC_ENT_CUSE,EU27_2020,,NaN,,NaN,,NaN
A,GE10,C24_C25,E_ITSP2X_ITT2,PC_ENT_CUSE,EU28,,NaN,,NaN,,NaN
A,GE10,C24_C25,E_ITSP2X_ITT2,PC_ENT_CUSE,FI,,NaN,,NaN,,NaN
A,GE10,C24_C25,E_ITSP2X_ITT2,PC_ENT_CUSE,FR,,NaN,,NaN,,NaN
A,GE10,C24_C25,E_ITSP2X_ITT2,PC_ENT_CUSE,HR,,NaN,,NaN,,NaN
A,GE10,C24_C25,E_ITSP2X_ITT2,PC_ENT_CUSE,HU,,NaN,,NaN,,NaN
A,GE10,C24_C25,E_ITSP2X_ITT2,PC_ENT_CUSE,IE,,NaN,,NaN,,NaN
A,GE10,C24_C25,E_ITSP2X_ITT2,PC_ENT_CUSE,IT,,NaN,,NaN,,NaN
A,GE10,C24_C25,E_ITSP2X_ITT2,PC_ENT_CUSE,LT,,NaN,,NaN,,NaN
A,GE10,C24_C25,E_ITSP2X_ITT2,PC_ENT_CUSE,LU,,NaN,,NaN,,NaN
A,GE10,C24_C25,E_ITSP2X_ITT2,PC_ENT_CUSE,LV,,NaN,,NaN,,NaN
A,GE10,C24_C25,E_ITSP2X_ITT2,PC_ENT_CUSE,ME,,NaN,,NaN,,NaN
A,GE10,C24_C25,E_ITSP2X_ITT2,PC_ENT_CUSE,MK,,NaN,,NaN,,NaN
A,GE10,C24_C25,E_ITSP2X_ITT2,PC_ENT_CUSE,MT,,NaN,,NaN,,NaN
A,GE10,C24_C25,E_ITSP2X_ITT2,PC_ENT_CUSE,NL,,NaN,,NaN,,NaN
A,GE10,C24_C25,E_ITSP2X_ITT2,PC_ENT_CUSE,NO,,NaN,,NaN,,NaN
A,GE10,C24_C25,E_ITSP2X_ITT2,PC_ENT_CUSE,PL,,NaN,,NaN,,NaN
A,GE10,C24_C25,E_ITSP2X_ITT2,PC_ENT_CUSE,PT,,NaN,,NaN,,NaN
A,GE10,C24_C25,E_ITSP2X_ITT2,PC_ENT_CUSE,RO,,NaN,,NaN,,NaN
A,GE10,C24_C25,E_ITSP2X_ITT2,PC_ENT_CUSE,RS,,NaN,,NaN,,NaN
A,GE10,C24_C25,E_ITSP2X_ITT2,PC_ENT_CUSE,SE,,NaN,,NaN,,NaN
A,GE10,C24_C25,E_ITSP2X_ITT2,PC_ENT_CUSE,SI,,NaN,,NaN,,NaN
A,GE10,C24_C25,E_ITSP2X_ITT2,PC_ENT_CUSE,SK,,NaN,,NaN,,NaN
A,GE10,C24_C25,E_ITSP2X_ITT2,PC_ENT_CUSE,TR,,NaN,,NaN,,NaN
A,GE10,C24_C25,E_ITSP2X_ITT2,PC_ENT_CUSE,UK,,NaN,,NaN,,NaN
A,GE10,C24_C25,E_ITSP2_ITT2,PC_ENT,AT,9.88,NaN,17.43,NaN,18.96,NaN
A,GE10,C24_C25,E_ITSP2_ITT2,PC_ENT,BA,16.33,NaN,,u,,u
A,GE10,C24_C25,E_ITSP2_ITT2,PC_ENT,BE,,u,14.18,NaN,11.9,NaN
A,GE10,C24_C25,E_ITSP2_ITT2,PC_ENT,BG,5.45,NaN,4.89,NaN,6.19,NaN
A,GE10,C24_C25,E_ITSP2_ITT2,PC_ENT,CY,4.08,NaN,7.1,NaN,4.47,NaN
A,GE10,C24_C25,E_ITSP2_ITT2,PC_ENT,CZ,11.16,NaN,9.83,NaN,9.25,NaN
A,GE10,C24_C25,E_ITSP2_ITT2,PC_ENT,DE,12.87,NaN,13.02,NaN,13.52,NaN
A,GE10,C24_C25,E_ITSP2_ITT2,PC_ENT,DK,9.0,NaN,8.54,NaN,8.29,NaN
A,GE10,C24_C25,E_ITSP2_ITT2,PC_ENT,EA,9.75,NaN,10.38,NaN,9.34,NaN
A,GE10,C24_C25,E_ITSP2_ITT2,PC_ENT,EE,5.67,NaN,1.95,NaN,2.9,NaN
A,GE10,C24_C25,E_ITSP2_ITT2,PC_ENT,EL,,u,18.19,NaN,5.46,NaN
A,GE10,C24_C25,E_ITSP2_ITT2,PC_ENT,ES,7.7,NaN,7.47,NaN,6.53,NaN
A,GE10,C24_C25,E_ITSP2_ITT2,PC_ENT,EU15,,NaN,,NaN,,NaN
A,GE10,C24_C25,E_ITSP2_ITT2,PC_ENT,EU27_2007,,NaN,,NaN,,NaN
A,GE10,C24_C25,E_ITSP2_ITT2,PC_ENT,EU27_2020,9.57,NaN,10.42,NaN,9.97,NaN
A,GE10,C24_C25,E_ITSP2_ITT2,PC_ENT,EU28,,NaN,,NaN,,NaN
A,GE10,C24_C25,E_ITSP2_ITT2,PC_ENT,FI,19.72,NaN,17.46,NaN,10.42,NaN
A,GE10,C24_C25,E_ITSP2_ITT2,PC_ENT,FR,8.37,NaN,12.01,b,7.11,NaN
A,GE10,C24_C25,E_ITSP2_ITT2,PC_ENT,HR,6.11,NaN,8.21,NaN,5.99,NaN
A,GE10,C24_C25,E_ITSP2_ITT2,PC_ENT,HU,8.4,NaN,12.35,NaN,11.25,NaN
A,GE10,C24_C25,E_ITSP2_ITT2,PC_ENT,IE,19.68,NaN,8.86,NaN,8.83,NaN
A,GE10,C24_C25,E_ITSP2_ITT2,PC_ENT,IT,5.55,NaN,7.51,NaN,6.86,NaN
A,GE10,C24_C25,E_ITSP2_ITT2,PC_ENT,LT,5.14,NaN,3.25,NaN,7.2,NaN
A,GE10,C24_C25,E_ITSP2_ITT2,PC_ENT,LU,9.16,NaN,12.09,NaN,8.72,NaN
A,GE10,C24_C25,E_ITSP2_ITT2,PC_ENT,LV,12.49,NaN,6.5,NaN,6.39,NaN
A,GE10,C24_C25,E_ITSP2_ITT2,PC_ENT,ME,,u,,NaN,,NaN
A,GE10,C24_C25,E_ITSP2_ITT2,PC_ENT,MK,3.26,NaN,,u,,NaN
A,GE10,C24_C25,E_ITSP2_ITT2,PC_ENT,MT,10.04,NaN,17.67,NaN,14.34,NaN
A,GE10,C24_C25,E_ITSP2_ITT2,PC_ENT,NL,12.69,NaN,12.96,NaN,14.82,NaN
A,GE10,C24_C25,E_ITSP2_ITT2,PC_ENT,NO,11.89,NaN,13.13,NaN,10.38,NaN
A,GE10,C24_C25,E_ITSP2_ITT2,PC_ENT,PL,10.94,NaN,14.19,NaN,16.55,NaN
A,GE10,C24_C25,E_ITSP2_ITT2,PC_ENT,PT,12.95,NaN,7.8,NaN,8.23,NaN
A,GE10,C24_C25,E_ITSP2_ITT2,PC_ENT,RO,3.25,NaN,3.32,NaN,6.34,NaN
A,GE10,C24_C25,E_ITSP2_ITT2,PC_ENT,RS,13.78,NaN,13.45,NaN,7.99,NaN
A,GE10,C24_C25,E_ITSP2_ITT2,PC_ENT,SE,7.34,NaN,8.18,NaN,12.23,b
A,GE10,C24_C25,E_ITSP2_ITT2,PC_ENT,SI,5.63,NaN,8.08,NaN,5.09,NaN
A,GE10,C24_C25,E_ITSP2_ITT2,PC_ENT,SK,8.23,NaN,5.97,NaN,5.04,NaN
A,GE10,C24_C25,E_ITSP2_ITT2,PC_ENT,TR,5.37,NaN,9.76,NaN,8.21,NaN
A,GE10,C24_C25,E_ITSP2_ITT2,PC_ENT,UK,10.87,NaN,,NaN,,NaN
A,GE10,C24_C25,E_ITSP2_ITT2,PC_ENT_CUSE,AT,,NaN,,NaN,,NaN
A,GE10,C24_C25,E_ITSP2_ITT2,PC_ENT_CUSE,BA,,NaN,,NaN,,NaN
A,GE10,C24_C25,E_ITSP2_ITT2,PC_ENT_CUSE,BE,,NaN,,NaN,,NaN
A,GE10,C24_C25,E_ITSP2_ITT2,PC_ENT_CUSE,BG,,NaN,,NaN,,NaN
A,GE10,C24_C25,E_ITSP2_ITT2,PC_ENT_CUSE,CY,,NaN,,NaN,,NaN
A,GE10,C24_C25,E_ITSP2_ITT2,PC_ENT_CUSE,CZ,,NaN,,NaN,,NaN
A,GE10,C24_C25,E_ITSP2_ITT2,PC_ENT_CUSE,DE,,NaN,,NaN,,NaN
A,GE10,C24_C25,E_ITSP2_ITT2,PC_ENT_CUSE,DK,,NaN,,NaN,,NaN
A,GE10,C24_C25,E_ITSP2_ITT2,PC_ENT_CUSE,EA,,NaN,,NaN,,NaN
A,GE10,C24_C25,E_ITSP2_ITT2,PC_ENT_CUSE,EE,,NaN,,NaN,,NaN
A,GE10,C24_C25,E_ITSP2_ITT2,PC_ENT_CUSE,EL,,NaN,,NaN,,NaN
A,GE10,C24_C25,E_ITSP2_ITT2,PC_ENT_CUSE,ES,,NaN,,NaN,,NaN
A,GE10,C24_C25,E_ITSP2_ITT2,PC_ENT_CUSE,EU15,,NaN,,NaN,,NaN
A,GE10,C24_C25,E_ITSP2_ITT2,PC_ENT_CUSE,EU27_2007,,NaN,,NaN,,NaN
A,GE10,C24_C25,E_ITSP2_ITT2,PC_ENT_CUSE,EU27_2020,,NaN,,NaN,,NaN
A,GE10,C24_C25,E_ITSP2_ITT2,PC_ENT_CUSE,EU28,,NaN,,NaN,,NaN
A,GE10,C24_C25,E_ITSP2_ITT2,PC_ENT_CUSE,FI,,NaN,,NaN,,NaN
A,GE10,C24_C25,E_ITSP2_ITT2,PC_ENT_CUSE,FR,,NaN,,NaN,,NaN
A,GE10,C24_C25,E_ITSP2_ITT2,PC_ENT_CUSE,HR,,NaN,,NaN,,NaN
A,GE10,C24_C25,E_ITSP2_ITT2,PC_ENT_CUSE,HU,,NaN,,NaN,,NaN
A,GE10,C24_C25,E_ITSP2_ITT2,PC_ENT_CUSE,IE,,NaN,,NaN,,NaN
A,GE10,C24_C25,E_ITSP2_ITT2,PC_ENT_CUSE,IT,,NaN,,NaN,,NaN
A,GE10,C24_C25,E_ITSP2_ITT2,PC_ENT_CUSE,LT,,NaN,,NaN,,NaN
A,GE10,C24_C25,E_ITSP2_ITT2,PC_ENT_CUSE,LU,,NaN,,NaN,,NaN
A,GE10,C24_C25,E_ITSP2_ITT2,PC_ENT_CUSE,LV,,NaN,,NaN,,NaN
A,GE10,C24_C25,E_ITSP2_ITT2,PC_ENT_CUSE,ME,,NaN,,NaN,,NaN
A,GE10,C24_C25,E_ITSP2_ITT2,PC_ENT_CUSE,MK,,NaN,,NaN,,NaN
A,GE10,C24_C25,E_ITSP2_ITT2,PC_ENT_CUSE,MT,,NaN,,NaN,,NaN
A,GE10,C24_C25,E_ITSP2_ITT2,PC_ENT_CUSE,NL,,NaN,,NaN,,NaN
A,GE10,C24_C25,E_ITSP2_ITT2,PC_ENT_CUSE,NO,,NaN,,NaN,,NaN
A,GE10,C24_C25,E_ITSP2_ITT2,PC_ENT_CUSE,PL,,NaN,,NaN,,NaN
A,GE10,C24_C25,E_ITSP2_ITT2,PC_ENT_CUSE,PT,,NaN,,NaN,,NaN
A,GE10,C24_C25,E_ITSP2_ITT2,PC_ENT_CUSE,RO,,NaN,,NaN,,NaN
A,GE10,C24_C25,E_ITSP2_ITT2,PC_ENT_CUSE,RS,,NaN,,NaN,,NaN
A,GE10,C24_C25,E_ITSP2_ITT2,PC_ENT_CUSE,SE,,NaN,,NaN,,NaN
A,GE10,C24_C25,E_ITSP2_ITT2,PC_ENT_CUSE,SI,,NaN,,NaN,,NaN
A,GE10,C24_C25,E_ITSP2_ITT2,PC_ENT_CUSE,SK,,NaN,,NaN,,NaN
A,GE10,C24_C25,E_ITSP2_ITT2,PC_ENT_CUSE,TR,,NaN,,NaN,,NaN
A,GE10,C24_C25,E_ITSP2_ITT2,PC_ENT_CUSE,UK,,NaN,,NaN,,NaN
A,GE10,C24_C25,E_ITSPT2,PC_ENT,AT,10.08,NaN,18.77,NaN,17.92,NaN
A,GE10,C24_C25,E_ITSPT2,PC_ENT,BA,14.34,NaN,,u,10.88,NaN
A,GE10,C24_C25,E_ITSPT2,PC_ENT,BE,21.22,NaN,11.56,NaN,10.81,NaN
A,GE10,C24_C25,E_ITSPT2,PC_ENT,BG,5.1,NaN,4.26,NaN,6.19,NaN
A,GE10,C24_C25,E_ITSPT2,PC_ENT,CY,2.94,NaN,4.07,NaN,2.33,NaN
A,GE10,C24_C25,E_ITSPT2,PC_ENT,CZ,9.04,NaN,7.2,NaN,6.95,NaN
A,GE10,C24_C25,E_ITSPT2,PC_ENT,DE,11.53,NaN,11.36,NaN,12.2,NaN
A,GE10,C24_C25,E_ITSPT2,PC_ENT,DK,7.41,NaN,5.54,NaN,7.04,NaN
A,GE10,C24_C25,E_ITSPT2,PC_ENT,EA,8.52,NaN,9.3,NaN,8.08,NaN
A,GE10,C24_C25,E_ITSPT2,PC_ENT,EE,5.02,NaN,1.92,NaN,1.61,NaN
A,GE10,C24_C25,E_ITSPT2,PC_ENT,EL,6.56,NaN,19.17,NaN,5.46,NaN
A,GE10,C24_C25,E_ITSPT2,PC_ENT,ES,6.76,NaN,6.07,NaN,5.22,NaN
A,GE10,C24_C25,E_ITSPT2,PC_ENT,EU15,,NaN,,NaN,,NaN
A,GE10,C24_C25,E_ITSPT2,PC_ENT,EU27_2007,,NaN,,NaN,,NaN
A,GE10,C24_C25,E_ITSPT2,PC_ENT,EU27_2020,8.04,NaN,8.83,NaN,8.47,NaN
A,GE10,C24_C25,E_ITSPT2,PC_ENT,EU28,,NaN,,NaN,,NaN
A,GE10,C24_C25,E_ITSPT2,PC_ENT,FI,9.59,NaN,10.96,NaN,9.45,NaN
A,GE10,C24_C25,E_ITSPT2,PC_ENT,FR,7.02,NaN,9.28,b,5.55,NaN
A,GE10,C24_C25,E_ITSPT2,PC_ENT,HR,3.88,NaN,5.53,NaN,3.64,NaN
A,GE10,C24_C25,E_ITSPT2,PC_ENT,HU,4.9,NaN,7.99,NaN,6.14,NaN
A,GE10,C24_C25,E_ITSPT2,PC_ENT,IE,9.16,NaN,8.86,NaN,4.91,NaN
A,GE10,C24_C25,E_ITSPT2,PC_ENT,IS,,NaN,,NaN,,NaN
A,GE10,C24_C25,E_ITSPT2,PC_ENT,IT,5.8,NaN,8.06,NaN,6.0,NaN
A,GE10,C24_C25,E_ITSPT2,PC_ENT,LT,3.93,NaN,2.96,NaN,8.31,NaN
A,GE10,C24_C25,E_ITSPT2,PC_ENT,LU,7.66,NaN,10.99,NaN,7.62,NaN
A,GE10,C24_C25,E_ITSPT2,PC_ENT,LV,5.72,NaN,4.23,NaN,4.18,NaN
A,GE10,C24_C25,E_ITSPT2,PC_ENT,ME,,u,,NaN,,NaN
A,GE10,C24_C25,E_ITSPT2,PC_ENT,MK,3.26,NaN,,u,,NaN
A,GE10,C24_C25,E_ITSPT2,PC_ENT,MT,10.04,NaN,14.73,NaN,10.76,NaN
A,GE10,C24_C25,E_ITSPT2,PC_ENT,NL,11.26,NaN,11.88,NaN,12.18,NaN
A,GE10,C24_C25,E_ITSPT2,PC_ENT,NO,10.11,NaN,10.6,NaN,10.12,NaN
A,GE10,C24_C25,E_ITSPT2,PC_ENT,PL,6.89,NaN,9.01,NaN,15.45,NaN
A,GE10,C24_C25,E_ITSPT2,PC_ENT,PT,9.39,NaN,4.92,NaN,5.72,NaN
A,GE10,C24_C25,E_ITSPT2,PC_ENT,RO,3.18,NaN,3.35,NaN,3.81,NaN
A,GE10,C24_C25,E_ITSPT2,PC_ENT,RS,7.51,NaN,9.91,NaN,7.34,NaN
A,GE10,C24_C25,E_ITSPT2,PC_ENT,SE,5.77,NaN,6.92,NaN,6.31,b
A,GE10,C24_C25,E_ITSPT2,PC_ENT,SI,5.5,NaN,7.23,NaN,4.86,NaN
A,GE10,C24_C25,E_ITSPT2,PC_ENT,SK,5.75,NaN,5.75,NaN,3.92,NaN
A,GE10,C24_C25,E_ITSPT2,PC_ENT,TR,3.91,NaN,7.27,NaN,5.79,NaN
A,GE10,C24_C25,E_ITSPT2,PC_ENT,UK,4.87,NaN,,NaN,,NaN
A,GE10,C24_C25,E_ITSPT2,PC_ENT_CUSE,AT,,NaN,,NaN,,NaN
A,GE10,C24_C25,E_ITSPT2,PC_ENT_CUSE,BA,,NaN,,NaN,,NaN
A,GE10,C24_C25,E_ITSPT2,PC_ENT_CUSE,BE,,NaN,,NaN,,NaN
A,GE10,C24_C25,E_ITSPT2,PC_ENT_CUSE,BG,,NaN,,NaN,,NaN
A,GE10,C24_C25,E_ITSPT2,PC_ENT_CUSE,CY,,NaN,,NaN,,NaN
A,GE10,C24_C25,E_ITSPT2,PC_ENT_CUSE,CZ,,NaN,,NaN,,NaN
A,GE10,C24_C25,E_ITSPT2,PC_ENT_CUSE,DE,,NaN,,NaN,,NaN
A,GE10,C24_C25,E_ITSPT2,PC_ENT_CUSE,DK,,NaN,,NaN,,NaN
A,GE10,C24_C25,E_ITSPT2,PC_ENT_CUSE,EA,,NaN,,NaN,,NaN
A,GE10,C24_C25,E_ITSPT2,PC_ENT_CUSE,EE,,NaN,,NaN,,NaN
A,GE10,C24_C25,E_ITSPT2,PC_ENT_CUSE,EL,,NaN,,NaN,,NaN
A,GE10,C24_C25,E_ITSPT2,PC_ENT_CUSE,ES,,NaN,,NaN,,NaN
A,GE10,C24_C25,E_ITSPT2,PC_ENT_CUSE,EU15,,NaN,,NaN,,NaN
A,GE10,C24_C25,E_ITSPT2,PC_ENT_CUSE,EU27_2007,,NaN,,NaN,,NaN
A,GE10,C24_C25,E_ITSPT2,PC_ENT_CUSE,EU27_2020,,NaN,,NaN,,NaN
A,GE10,C24_C25,E_ITSPT2,PC_ENT_CUSE,EU28,,NaN,,NaN,,NaN
A,GE10,C24_C25,E_ITSPT2,PC_ENT_CUSE,FI,,NaN,,NaN,,NaN
A,GE10,C24_C25,E_ITSPT2,PC_ENT_CUSE,FR,,NaN,,NaN,,NaN
A,GE10,C24_C25,E_ITSPT2,PC_ENT_CUSE,HR,,NaN,,NaN,,NaN
A,GE10,C24_C25,E_ITSPT2,PC_ENT_CUSE,HU,,NaN,,NaN,,NaN
A,GE10,C24_C25,E_ITSPT2,PC_ENT_CUSE,IE,,NaN,,NaN,,NaN
A,GE10,C24_C25,E_ITSPT2,PC_ENT_CUSE,IS,,NaN,,NaN,,NaN
A,GE10,C24_C25,E_ITSPT2,PC_ENT_CUSE,IT,,NaN,,NaN,,NaN
A,GE10,C24_C25,E_ITSPT2,PC_ENT_CUSE,LT,,NaN,,NaN,,NaN
A,GE10,C24_C25,E_ITSPT2,PC_ENT_CUSE,LU,,NaN,,NaN,,NaN
A,GE10,C24_C25,E_ITSPT2,PC_ENT_CUSE,LV,,NaN,,NaN,,NaN
A,GE10,C24_C25,E_ITSPT2,PC_ENT_CUSE,ME,,NaN,,NaN,,NaN
A,GE10,C24_C25,E_ITSPT2,PC_ENT_CUSE,MK,,NaN,,NaN,,NaN
A,GE10,C24_C25,E_ITSPT2,PC_ENT_CUSE,MT,,NaN,,NaN,,NaN
A,GE10,C24_C25,E_ITSPT2,PC_ENT_CUSE,NL,,NaN,,NaN,,NaN
A,GE10,C24_C25,E_ITSPT2,PC_ENT_CUSE,NO,,NaN,,NaN,,NaN
A,GE10,C24_C25,E_ITSPT2,PC_ENT_CUSE,PL,,NaN,,NaN,,NaN
A,GE10,C24_C25,E_ITSPT2,PC_ENT_CUSE,PT,,NaN,,NaN,,NaN
A,GE10,C24_C25,E_ITSPT2,PC_ENT_CUSE,RO,,NaN,,NaN,,NaN
A,GE10,C24_C25,E_ITSPT2,PC_ENT_CUSE,RS,,NaN,,NaN,,NaN
A,GE10,C24_C25,E_ITSPT2,PC_ENT_CUSE,SE,,NaN,,NaN,,NaN
A,GE10,C24_C25,E_ITSPT2,PC_ENT_CUSE,SI,,NaN,,NaN,,NaN
A,GE10,C24_C25,E_ITSPT2,PC_ENT_CUSE,SK,,NaN,,NaN,,NaN
A,GE10,C24_C25,E_ITSPT2,PC_ENT_CUSE,TR,,NaN,,NaN,,NaN
A,GE10,C24_C25,E_ITSPT2,PC_ENT_CUSE,UK,,NaN,,NaN,,NaN
A,GE10,C24_C25,E_ITT2,PC_ENT,AT,17.29,NaN,24.63,NaN,22.61,NaN
A,GE10,C24_C25,E_ITT2,PC_ENT,BA,21.93,NaN,,u,26.48,NaN
A,GE10,C24_C25,E_ITT2,PC_ENT,BE,,u,21.46,NaN,,u
A,GE10,C24_C25,E_ITT2,PC_ENT,BG,6.16,NaN,6.98,NaN,6.49,NaN
A,GE10,C24_C25,E_ITT2,PC_ENT,CY,14.91,NaN,7.1,NaN,10.6,NaN
A,GE10,C24_C25,E_ITT2,PC_ENT,CZ,26.62,NaN,17.22,NaN,23.72,NaN
A,GE10,C24_C25,E_ITT2,PC_ENT,DE,21.86,NaN,24.21,NaN,25.29,NaN
A,GE10,C24_C25,E_ITT2,PC_ENT,DK,18.47,NaN,21.76,NaN,28.38,NaN
A,GE10,C24_C25,E_ITT2,PC_ENT,EA,18.2,NaN,20.24,NaN,20.54,NaN
A,GE10,C24_C25,E_ITT2,PC_ENT,EE,14.26,NaN,6.33,NaN,6.33,NaN
A,GE10,C24_C25,E_ITT2,PC_ENT,EL,,u,22.16,NaN,11.3,NaN
A,GE10,C24_C25,E_ITT2,PC_ENT,ES,13.24,NaN,15.65,NaN,16.71,NaN
A,GE10,C24_C25,E_ITT2,PC_ENT,EU15,,NaN,,NaN,,NaN
A,GE10,C24_C25,E_ITT2,PC_ENT,EU27_2007,,NaN,,NaN,,NaN
A,GE10,C24_C25,E_ITT2,PC_ENT,EU27_2020,18.14,NaN,20.13,NaN,20.97,NaN
A,GE10,C24_C25,E_ITT2,PC_ENT,EU28,,NaN,,NaN,,NaN
A,GE10,C24_C25,E_ITT2,PC_ENT,FI,33.89,NaN,35.51,NaN,18.45,NaN
A,GE10,C24_C25,E_ITT2,PC_ENT,FR,13.05,NaN,16.08,b,16.21,NaN
A,GE10,C24_C25,E_ITT2,PC_ENT,HR,14.55,NaN,15.68,NaN,19.2,NaN
A,GE10,C24_C25,E_ITT2,PC_ENT,HU,13.18,NaN,16.66,NaN,16.57,NaN
A,GE10,C24_C25,E_ITT2,PC_ENT,IE,25.64,NaN,21.11,NaN,21.59,NaN
A,GE10,C24_C25,E_ITT2,PC_ENT,IS,,NaN,,NaN,,NaN
A,GE10,C24_C25,E_ITT2,PC_ENT,IT,16.1,NaN,18.82,NaN,19.39,NaN
A,GE10,C24_C25,E_ITT2,PC_ENT,LT,13.29,NaN,5.03,NaN,11.08,NaN
A,GE10,C24_C25,E_ITT2,PC_ENT,LU,11.38,NaN,23.85,NaN,16.18,NaN
A,GE10,C24_C25,E_ITT2,PC_ENT,LV,20.27,NaN,11.04,NaN,8.99,NaN
A,GE10,C24_C25,E_ITT2,PC_ENT,ME,,u,,NaN,,NaN
A,GE10,C24_C25,E_ITT2,PC_ENT,MK,,u,,u,,NaN
A,GE10,C24_C25,E_ITT2,PC_ENT,MT,10.04,NaN,17.67,NaN,17.13,NaN
A,GE10,C24_C25,E_ITT2,PC_ENT,NL,20.7,NaN,23.83,NaN,23.09,NaN
A,GE10,C24_C25,E_ITT2,PC_ENT,NO,32.95,NaN,33.91,NaN,28.03,NaN
A,GE10,C24_C25,E_ITT2,PC_ENT,PL,15.6,NaN,21.77,NaN,25.81,NaN
A,GE10,C24_C25,E_ITT2,PC_ENT,PT,22.98,NaN,18.41,NaN,22.8,NaN
A,GE10,C24_C25,E_ITT2,PC_ENT,RO,5.15,NaN,6.79,NaN,9.48,NaN
A,GE10,C24_C25,E_ITT2,PC_ENT,RS,20.25,NaN,31.26,NaN,20.43,NaN
A,GE10,C24_C25,E_ITT2,PC_ENT,SE,36.49,NaN,39.78,NaN,34.07,b
A,GE10,C24_C25,E_ITT2,PC_ENT,SI,19.1,NaN,21.28,NaN,19.35,NaN
A,GE10,C24_C25,E_ITT2,PC_ENT,SK,12.06,NaN,15.84,NaN,8.65,NaN
A,GE10,C24_C25,E_ITT2,PC_ENT,TR,10.41,NaN,16.98,NaN,16.16,NaN
A,GE10,C24_C25,E_ITT2,PC_ENT,UK,13.11,NaN,,NaN,,NaN
A,GE10,C24_C25,E_ITT2,PC_ENT_CUSE,AT,,NaN,,NaN,,NaN
A,GE10,C24_C25,E_ITT2,PC_ENT_CUSE,BA,,NaN,,NaN,,NaN
A,GE10,C24_C25,E_ITT2,PC_ENT_CUSE,BE,,NaN,,NaN,,NaN
A,GE10,C24_C25,E_ITT2,PC_ENT_CUSE,BG,,NaN,,NaN,,NaN
A,GE10,C24_C25,E_ITT2,PC_ENT_CUSE,CY,,NaN,,NaN,,NaN
A,GE10,C24_C25,E_ITT2,PC_ENT_CUSE,CZ,,NaN,,NaN,,NaN
A,GE10,C24_C25,E_ITT2,PC_ENT_CUSE,DE,,NaN,,NaN,,NaN
A,GE10,C24_C25,E_ITT2,PC_ENT_CUSE,DK,,NaN,,NaN,,NaN
A,GE10,C24_C25,E_ITT2,PC_ENT_CUSE,EA,,NaN,,NaN,,NaN
A,GE10,C24_C25,E_ITT2,PC_ENT_CUSE,EE,,NaN,,NaN,,NaN
A,GE10,C24_C25,E_ITT2,PC_ENT_CUSE,EL,,NaN,,NaN,,NaN
A,GE10,C24_C25,E_ITT2,PC_ENT_CUSE,ES,,NaN,,NaN,,NaN
A,GE10,C24_C25,E_ITT2,PC_ENT_CUSE,EU15,,NaN,,NaN,,NaN
A,GE10,C24_C25,E_ITT2,PC_ENT_CUSE,EU27_2007,,NaN,,NaN,,NaN
A,GE10,C24_C25,E_ITT2,PC_ENT_CUSE,EU27_2020,,NaN,,NaN,,NaN
A,GE10,C24_C25,E_ITT2,PC_ENT_CUSE,EU28,,NaN,,NaN,,NaN
A,GE10,C24_C25,E_ITT2,PC_ENT_CUSE,FI,,NaN,,NaN,,NaN
A,GE10,C24_C25,E_ITT2,PC_ENT_CUSE,FR,,NaN,,NaN,,NaN
A,GE10,C24_C25,E_ITT2,PC_ENT_CUSE,HR,,NaN,,NaN,,NaN
A,GE10,C24_C25,E_ITT2,PC_ENT_CUSE,HU,,NaN,,NaN,,NaN
A,GE10,C24_C25,E_ITT2,PC_ENT_CUSE,IE,,NaN,,NaN,,NaN
A,GE10,C24_C25,E_ITT2,PC_ENT_CUSE,IS,,NaN,,NaN,,NaN
A,GE10,C24_C25,E_ITT2,PC_ENT_CUSE,IT,,NaN,,NaN,,NaN
A,GE10,C24_C25,E_ITT2,PC_ENT_CUSE,LT,,NaN,,NaN,,NaN
A,GE10,C24_C25,E_ITT2,PC_ENT_CUSE,LU,,NaN,,NaN,,NaN
A,GE10,C24_C25,E_ITT2,PC_ENT_CUSE,LV,,NaN,,NaN,,NaN
A,GE10,C24_C25,E_ITT2,PC_ENT_CUSE,ME,,NaN,,NaN,,NaN
A,GE10,C24_C25,E_ITT2,PC_ENT_CUSE,MK,,NaN,,NaN,,NaN
A,GE10,C24_C25,E_ITT2,PC_ENT_CUSE,MT,,NaN,,NaN,,NaN
A,GE10,C24_C25,E_ITT2,PC_ENT_CUSE,NL,,NaN,,NaN,,NaN
A,GE10,C24_C25,E_ITT2,PC_ENT_CUSE,NO,,NaN,,NaN,,NaN
A,GE10,C24_C25,E_ITT2,PC_ENT_CUSE,PL,,NaN,,NaN,,NaN
A,GE10,C24_C25,E_ITT2,PC_ENT_CUSE,PT,,NaN,,NaN,,NaN
A,GE10,C24_C25,E_ITT2,PC_ENT_CUSE,RO,,NaN,,NaN,,NaN
A,GE10,C24_C25,E_ITT2,PC_ENT_CUSE,RS,,NaN,,NaN,,NaN
A,GE10,C24_C25,E_ITT2,PC_ENT_CUSE,SE,,NaN,,NaN,,NaN
A,GE10,C24_C25,E_ITT2,PC_ENT_CUSE,SI,,NaN,,NaN,,NaN
A,GE10,C24_C25,E_ITT2,PC_ENT_CUSE,SK,,NaN,,NaN,,NaN
A,GE10,C24_C25,E_ITT2,PC_ENT_CUSE,TR,,NaN,,NaN,,NaN
A,GE10,C24_C25,E_ITT2,PC_ENT_CUSE,UK,,NaN,,NaN,,NaN
A,GE10,C24_C25,E_ITUST2,PC_ENT,AT,15.22,NaN,17.03,NaN,14.65,NaN
A,GE10,C24_C25,E_ITUST2,PC_ENT,BA,17.55,NaN,,u,23.72,NaN
A,GE10,C24_C25,E_ITUST2,PC_ENT,BE,,u,19.14,NaN,,u
A,GE10,C24_C25,E_ITUST2,PC_ENT,BG,2.82,NaN,5.69,NaN,3.56,NaN
A,GE10,C24_C25,E_ITUST2,PC_ENT,CY,14.91,NaN,4.07,NaN,8.27,NaN
A,GE10,C24_C25,E_ITUST2,PC_ENT,CZ,26.62,NaN,14.52,NaN,21.98,NaN
A,GE10,C24_C25,E_ITUST2,PC_ENT,DE,19.42,NaN,22.0,NaN,22.85,NaN
A,GE10,C24_C25,E_ITUST2,PC_ENT,DK,14.78,NaN,19.27,NaN,26.69,NaN
A,GE10,C24_C25,E_ITUST2,PC_ENT,EA,15.46,NaN,17.63,NaN,18.67,NaN
A,GE10,C24_C25,E_ITUST2,PC_ENT,EE,10.82,NaN,5.68,NaN,6.33,NaN
A,GE10,C24_C25,E_ITUST2,PC_ENT,EL,,u,11.09,NaN,9.51,NaN
A,GE10,C24_C25,E_ITUST2,PC_ENT,ES,10.95,NaN,13.29,NaN,15.38,NaN
A,GE10,C24_C25,E_ITUST2,PC_ENT,EU15,,NaN,,NaN,,NaN
A,GE10,C24_C25,E_ITUST2,PC_ENT,EU27_2007,,NaN,,NaN,,NaN
A,GE10,C24_C25,E_ITUST2,PC_ENT,EU27_2020,15.71,NaN,17.63,NaN,18.67,NaN
A,GE10,C24_C25,E_ITUST2,PC_ENT,EU28,,NaN,,NaN,,NaN
A,GE10,C24_C25,E_ITUST2,PC_ENT,FI,31.84,NaN,33.02,NaN,17.2,NaN
A,GE10,C24_C25,E_ITUST2,PC_ENT,FR,9.34,NaN,13.15,b,15.93,NaN
A,GE10,C24_C25,E_ITUST2,PC_ENT,HR,13.82,NaN,12.97,NaN,18.55,NaN
A,GE10,C24_C25,E_ITUST2,PC_ENT,HU,10.91,NaN,12.44,NaN,13.56,NaN
A,GE10,C24_C25,E_ITUST2,PC_ENT,IE,22.42,NaN,17.08,NaN,20.97,NaN
A,GE10,C24_C25,E_ITUST2,PC_ENT,IS,,NaN,,NaN,,NaN
A,GE10,C24_C25,E_ITUST2,PC_ENT,IT,13.41,NaN,16.12,NaN,17.66,NaN
A,GE10,C24_C25,E_ITUST2,PC_ENT,LT,12.08,NaN,4.14,NaN,6.09,NaN
A,GE10,C24_C25,E_ITUST2,PC_ENT,LU,10.27,NaN,22.75,NaN,16.18,NaN
A,GE10,C24_C25,E_ITUST2,PC_ENT,LV,19.86,NaN,9.93,NaN,7.46,NaN
A,GE10,C24_C25,E_ITUST2,PC_ENT,ME,,u,0.0,NaN,,NaN
A,GE10,C24_C25,E_ITUST2,PC_ENT,MK,,u,,u,,NaN
A,GE10,C24_C25,E_ITUST2,PC_ENT,MT,0.0,NaN,5.89,NaN,9.96,NaN
A,GE10,C24_C25,E_ITUST2,PC_ENT,NL,15.86,NaN,22.47,NaN,20.89,NaN
A,GE10,C24_C25,E_ITUST2,PC_ENT,NO,30.59,NaN,33.91,NaN,26.2,NaN
A,GE10,C24_C25,E_ITUST2,PC_ENT,PL,13.68,NaN,19.55,NaN,18.54,NaN
A,GE10,C24_C25,E_ITUST2,PC_ENT,PT,19.95,NaN,16.7,NaN,21.25,NaN
A,GE10,C24_C25,E_ITUST2,PC_ENT,RO,4.58,NaN,6.31,NaN,9.33,NaN
A,GE10,C24_C25,E_ITUST2,PC_ENT,RS,18.62,NaN,22.3,NaN,17.97,NaN
A,GE10,C24_C25,E_ITUST2,PC_ENT,SE,36.43,NaN,39.65,NaN,33.89,b
A,GE10,C24_C25,E_ITUST2,PC_ENT,SI,16.91,NaN,19.37,NaN,18.09,NaN
A,GE10,C24_C25,E_ITUST2,PC_ENT,SK,11.16,NaN,13.41,NaN,7.53,NaN
A,GE10,C24_C25,E_ITUST2,PC_ENT,TR,9.56,NaN,16.33,NaN,15.48,NaN
A,GE10,C24_C25,E_ITUST2,PC_ENT,UK,10.87,NaN,,NaN,,NaN
A,GE10,C24_C25,E_ITUST2,PC_ENT_CUSE,AT,,NaN,,NaN,,NaN
A,GE10,C24_C25,E_ITUST2,PC_ENT_CUSE,BA,,NaN,,NaN,,NaN
A,GE10,C24_C25,E_ITUST2,PC_ENT_CUSE,BE,,NaN,,NaN,,NaN
A,GE10,C24_C25,E_ITUST2,PC_ENT_CUSE,BG,,NaN,,NaN,,NaN
A,GE10,C24_C25,E_ITUST2,PC_ENT_CUSE,CY,,NaN,,NaN,,NaN
A,GE10,C24_C25,E_ITUST2,PC_ENT_CUSE,CZ,,NaN,,NaN,,NaN
A,GE10,C24_C25,E_ITUST2,PC_ENT_CUSE,DE,,NaN,,NaN,,NaN
A,GE10,C24_C25,E_ITUST2,PC_ENT_CUSE,DK,,NaN,,NaN,,NaN
A,GE10,C24_C25,E_ITUST2,PC_ENT_CUSE,EA,,NaN,,NaN,,NaN
A,GE10,C24_C25,E_ITUST2,PC_ENT_CUSE,EE,,NaN,,NaN,,NaN
A,GE10,C24_C25,E_ITUST2,PC_ENT_CUSE,EL,,NaN,,NaN,,NaN
A,GE10,C24_C25,E_ITUST2,PC_ENT_CUSE,ES,,NaN,,NaN,,NaN
A,GE10,C24_C25,E_ITUST2,PC_ENT_CUSE,EU15,,NaN,,NaN,,NaN
A,GE10,C24_C25,E_ITUST2,PC_ENT_CUSE,EU27_2007,,NaN,,NaN,,NaN
A,GE10,C24_C25,E_ITUST2,PC_ENT_CUSE,EU27_2020,,NaN,,NaN,,NaN
A,GE10,C24_C25,E_ITUST2,PC_ENT_CUSE,EU28,,NaN,,NaN,,NaN
A,GE10,C24_C25,E_ITUST2,PC_ENT_CUSE,FI,,NaN,,NaN,,NaN
A,GE10,C24_C25,E_ITUST2,PC_ENT_CUSE,FR,,NaN,,NaN,,NaN
A,GE10,C24_C25,E_ITUST2,PC_ENT_CUSE,HR,,NaN,,NaN,,NaN
A,GE10,C24_C25,E_ITUST2,PC_ENT_CUSE,HU,,NaN,,NaN,,NaN
A,GE10,C24_C25,E_ITUST2,PC_ENT_CUSE,IE,,NaN,,NaN,,NaN
A,GE10,C24_C25,E_ITUST2,PC_ENT_CUSE,IS,,NaN,,NaN,,NaN
A,GE10,C24_C25,E_ITUST2,PC_ENT_CUSE,IT,,NaN,,NaN,,NaN
A,GE10,C24_C25,E_ITUST2,PC_ENT_CUSE,LT,,NaN,,NaN,,NaN
A,GE10,C24_C25,E_ITUST2,PC_ENT_CUSE,LU,,NaN,,NaN,,NaN
A,GE10,C24_C25,E_ITUST2,PC_ENT_CUSE,LV,,NaN,,NaN,,NaN
A,GE10,C24_C25,E_ITUST2,PC_ENT_CUSE,ME,,NaN,,NaN,,NaN
A,GE10,C24_C25,E_ITUST2,PC_ENT_CUSE,MK,,NaN,,NaN,,NaN
A,GE10,C24_C25,E_ITUST2,PC_ENT_CUSE,MT,,NaN,,NaN,,NaN
A,GE10,C24_C25,E_ITUST2,PC_ENT_CUSE,NL,,NaN,,NaN,,NaN
A,GE10,C24_C25,E_ITUST2,PC_ENT_CUSE,NO,,NaN,,NaN,,NaN
A,GE10,C24_C25,E_ITUST2,PC_ENT_CUSE,PL,,NaN,,NaN,,NaN
A,GE10,C24_C25,E_ITUST2,PC_ENT_CUSE,PT,,NaN,,NaN,,NaN
A,GE10,C24_C25,E_ITUST2,PC_ENT_CUSE,RO,,NaN,,NaN,,NaN
A,GE10,C24_C25,E_ITUST2,PC_ENT_CUSE,RS,,NaN,,NaN,,NaN
A,GE10,C24_C25,E_ITUST2,PC_ENT_CUSE,SE,,NaN,,NaN,,NaN
A,GE10,C24_C25,E_ITUST2,PC_ENT_CUSE,SI,,NaN,,NaN,,NaN
A,GE10,C24_C25,E_ITUST2,PC_ENT_CUSE,SK,,NaN,,NaN,,NaN
A,GE10,C24_C25,E_ITUST2,PC_ENT_CUSE,TR,,NaN,,NaN,,NaN
A,GE10,C24_C25,E_ITUST2,PC_ENT_CUSE,UK,,NaN,,NaN,,NaN
A,GE10,C26,E_ITSP2X_ITT2,PC_ENT,AT,0.84,NaN,,u,5.74,NaN
A,GE10,C26,E_ITSP2X_ITT2,PC_ENT,BA,0.0,NaN,,NaN,,NaN
A,GE10,C26,E_ITSP2X_ITT2,PC_ENT,BE,,u,0.0,NaN,8.52,NaN
A,GE10,C26,E_ITSP2X_ITT2,PC_ENT,BG,,u,,u,,u
A,GE10,C26,E_ITSP2X_ITT2,PC_ENT,CY,,NaN,,NaN,,NaN
A,GE10,C26,E_ITSP2X_ITT2,PC_ENT,CZ,8.18,NaN,7.47,NaN,9.29,NaN
A,GE10,C26,E_ITSP2X_ITT2,PC_ENT,DE,8.74,NaN,7.97,NaN,10.86,NaN
A,GE10,C26,E_ITSP2X_ITT2,PC_ENT,DK,3.33,NaN,0.0,NaN,8.09,NaN
A,GE10,C26,E_ITSP2X_ITT2,PC_ENT,EA,6.33,NaN,6.56,NaN,9.03,NaN
A,GE10,C26,E_ITSP2X_ITT2,PC_ENT,EE,2.27,NaN,5.81,NaN,0.0,NaN
A,GE10,C26,E_ITSP2X_ITT2,PC_ENT,EL,0.0,NaN,0.0,NaN,0.0,NaN
A,GE10,C26,E_ITSP2X_ITT2,PC_ENT,ES,,u,,u,,u
A,GE10,C26,E_ITSP2X_ITT2,PC_ENT,EU15,,NaN,,NaN,,NaN
A,GE10,C26,E_ITSP2X_ITT2,PC_ENT,EU27_2007,,NaN,,NaN,,NaN
A,GE10,C26,E_ITSP2X_ITT2,PC_ENT,EU27_2020,6.4,NaN,6.87,NaN,8.43,NaN
A,GE10,C26,E_ITSP2X_ITT2,PC_ENT,EU28,,NaN,,NaN,,NaN
A,GE10,C26,E_ITSP2X_ITT2,PC_ENT,FI,,u,,u,,u
A,GE10,C26,E_ITSP2X_ITT2,PC_ENT,FR,1.92,NaN,5.27,b,5.2,NaN
A,GE10,C26,E_ITSP2X_ITT2,PC_ENT,HR,,NaN,8.6,NaN,0.0,NaN
A,GE10,C26,E_ITSP2X_ITT2,PC_ENT,HU,9.41,NaN,1.46,NaN,3.8,NaN
A,GE10,C26,E_ITSP2X_ITT2,PC_ENT,IE,18.19,NaN,6.7,NaN,5.16,NaN
A,GE10,C26,E_ITSP2X_ITT2,PC_ENT,IT,4.72,NaN,7.57,NaN,12.81,NaN
A,GE10,C26,E_ITSP2X_ITT2,PC_ENT,LT,5.0,NaN,0.0,NaN,,u
A,GE10,C26,E_ITSP2X_ITT2,PC_ENT,LU,,u,,u,,u
A,GE10,C26,E_ITSP2X_ITT2,PC_ENT,LV,0.0,NaN,2.94,NaN,3.23,NaN
A,GE10,C26,E_ITSP2X_ITT2,PC_ENT,ME,,NaN,,NaN,,NaN
A,GE10,C26,E_ITSP2X_ITT2,PC_ENT,MK,0.0,NaN,0.0,NaN,,NaN
A,GE10,C26,E_ITSP2X_ITT2,PC_ENT,MT,,NaN,0.0,NaN,,u
A,GE10,C26,E_ITSP2X_ITT2,PC_ENT,NL,2.44,NaN,7.92,NaN,1.7,NaN
A,GE10,C26,E_ITSP2X_ITT2,PC_ENT,NO,14.56,NaN,26.27,NaN,5.97,NaN
A,GE10,C26,E_ITSP2X_ITT2,PC_ENT,PL,2.49,NaN,6.08,NaN,3.92,NaN
A,GE10,C26,E_ITSP2X_ITT2,PC_ENT,PT,4.03,NaN,5.71,NaN,9.35,NaN
A,GE10,C26,E_ITSP2X_ITT2,PC_ENT,RO,1.97,NaN,7.76,NaN,4.43,NaN
A,GE10,C26,E_ITSP2X_ITT2,PC_ENT,RS,5.31,NaN,10.69,NaN,1.23,NaN
A,GE10,C26,E_ITSP2X_ITT2,PC_ENT,SE,21.52,NaN,28.08,NaN,11.05,b
A,GE10,C26,E_ITSP2X_ITT2,PC_ENT,SI,9.66,NaN,9.38,NaN,7.58,NaN
A,GE10,C26,E_ITSP2X_ITT2,PC_ENT,SK,5.62,NaN,1.78,NaN,5.97,NaN
A,GE10,C26,E_ITSP2X_ITT2,PC_ENT,TR,3.01,NaN,5.87,NaN,7.39,NaN
A,GE10,C26,E_ITSP2X_ITT2,PC_ENT,UK,0.21,NaN,,NaN,,NaN
A,GE10,C26,E_ITSP2X_ITT2,PC_ENT_CUSE,AT,,NaN,,NaN,,NaN
A,GE10,C26,E_ITSP2X_ITT2,PC_ENT_CUSE,BA,,NaN,,NaN,,NaN
A,GE10,C26,E_ITSP2X_ITT2,PC_ENT_CUSE,BE,,NaN,,NaN,,NaN
A,GE10,C26,E_ITSP2X_ITT2,PC_ENT_CUSE,BG,,NaN,,NaN,,NaN
A,GE10,C26,E_ITSP2X_ITT2,PC_ENT_CUSE,CY,,NaN,,NaN,,NaN
A,GE10,C26,E_ITSP2X_ITT2,PC_ENT_CUSE,CZ,,NaN,,NaN,,NaN
A,GE10,C26,E_ITSP2X_ITT2,PC_ENT_CUSE,DE,,NaN,,NaN,,NaN
A,GE10,C26,E_ITSP2X_ITT2,PC_ENT_CUSE,DK,,NaN,,NaN,,NaN
A,GE10,C26,E_ITSP2X_ITT2,PC_ENT_CUSE,EA,,NaN,,NaN,,NaN
A,GE10,C26,E_ITSP2X_ITT2,PC_ENT_CUSE,EE,,NaN,,NaN,,NaN
A,GE10,C26,E_ITSP2X_ITT2,PC_ENT_CUSE,EL,,NaN,,NaN,,NaN
A,GE10,C26,E_ITSP2X_ITT2,PC_ENT_CUSE,ES,,NaN,,NaN,,NaN
A,GE10,C26,E_ITSP2X_ITT2,PC_ENT_CUSE,EU15,,NaN,,NaN,,NaN
A,GE10,C26,E_ITSP2X_ITT2,PC_ENT_CUSE,EU27_2007,,NaN,,NaN,,NaN
A,GE10,C26,E_ITSP2X_ITT2,PC_ENT_CUSE,EU27_2020,,NaN,,NaN,,NaN
A,GE10,C26,E_ITSP2X_ITT2,PC_ENT_CUSE,EU28,,NaN,,NaN,,NaN
A,GE10,C26,E_ITSP2X_ITT2,PC_ENT_CUSE,FI,,NaN,,NaN,,NaN
A,GE10,C26,E_ITSP2X_ITT2,PC_ENT_CUSE,FR,,NaN,,NaN,,NaN
A,GE10,C26,E_ITSP2X_ITT2,PC_ENT_CUSE,HR,,NaN,,NaN,,NaN
A,GE10,C26,E_ITSP2X_ITT2,PC_ENT_CUSE,HU,,NaN,,NaN,,NaN
A,GE10,C26,E_ITSP2X_ITT2,PC_ENT_CUSE,IE,,NaN,,NaN,,NaN
A,GE10,C26,E_ITSP2X_ITT2,PC_ENT_CUSE,IT,,NaN,,NaN,,NaN
A,GE10,C26,E_ITSP2X_ITT2,PC_ENT_CUSE,LT,,NaN,,NaN,,NaN
A,GE10,C26,E_ITSP2X_ITT2,PC_ENT_CUSE,LU,,NaN,,NaN,,NaN
A,GE10,C26,E_ITSP2X_ITT2,PC_ENT_CUSE,LV,,NaN,,NaN,,NaN
A,GE10,C26,E_ITSP2X_ITT2,PC_ENT_CUSE,ME,,NaN,,NaN,,NaN
A,GE10,C26,E_ITSP2X_ITT2,PC_ENT_CUSE,MK,,NaN,,NaN,,NaN
A,GE10,C26,E_ITSP2X_ITT2,PC_ENT_CUSE,MT,,NaN,,NaN,,NaN
A,GE10,C26,E_ITSP2X_ITT2,PC_ENT_CUSE,NL,,NaN,,NaN,,NaN
A,GE10,C26,E_ITSP2X_ITT2,PC_ENT_CUSE,NO,,NaN,,NaN,,NaN
A,GE10,C26,E_ITSP2X_ITT2,PC_ENT_CUSE,PL,,NaN,,NaN,,NaN
A,GE10,C26,E_ITSP2X_ITT2,PC_ENT_CUSE,PT,,NaN,,NaN,,NaN
A,GE10,C26,E_ITSP2X_ITT2,PC_ENT_CUSE,RO,,NaN,,NaN,,NaN
A,GE10,C26,E_ITSP2X_ITT2,PC_ENT_CUSE,RS,,NaN,,NaN,,NaN
A,GE10,C26,E_ITSP2X_ITT2,PC_ENT_CUSE,SE,,NaN,,NaN,,NaN
A,GE10,C26,E_ITSP2X_ITT2,PC_ENT_CUSE,SI,,NaN,,NaN,,NaN
A,GE10,C26,E_ITSP2X_ITT2,PC_ENT_CUSE,SK,,NaN,,NaN,,NaN
A,GE10,C26,E_ITSP2X_ITT2,PC_ENT_CUSE,TR,,NaN,,NaN,,NaN
A,GE10,C26,E_ITSP2X_ITT2,PC_ENT_CUSE,UK,,NaN,,NaN,,NaN
A,GE10,C26,E_ITSP2_ITT2,PC_ENT,AT,,u,,u,48.61,NaN
A,GE10,C26,E_ITSP2_ITT2,PC_ENT,BA,57.41,NaN,37.04,NaN,30.56,NaN
A,GE10,C26,E_ITSP2_ITT2,PC_ENT,BE,44.01,NaN,,u,70.6,NaN
A,GE10,C26,E_ITSP2_ITT2,PC_ENT,BG,35.12,NaN,25.89,NaN,9.92,NaN
A,GE10,C26,E_ITSP2_ITT2,PC_ENT,CY,,NaN,,NaN,,NaN
A,GE10,C26,E_ITSP2_ITT2,PC_ENT,CZ,24.75,NaN,32.13,NaN,29.13,NaN
A,GE10,C26,E_ITSP2_ITT2,PC_ENT,DE,33.13,NaN,37.27,NaN,35.37,NaN
A,GE10,C26,E_ITSP2_ITT2,PC_ENT,DK,34.01,NaN,39.04,NaN,40.89,NaN
A,GE10,C26,E_ITSP2_ITT2,PC_ENT,EA,32.56,NaN,34.17,NaN,34.25,NaN
A,GE10,C26,E_ITSP2_ITT2,PC_ENT,EE,32.63,NaN,27.81,NaN,33.14,NaN
A,GE10,C26,E_ITSP2_ITT2,PC_ENT,EL,,u,32.91,NaN,18.64,NaN
A,GE10,C26,E_ITSP2_ITT2,PC_ENT,ES,,u,,u,,u
A,GE10,C26,E_ITSP2_ITT2,PC_ENT,EU15,,NaN,,NaN,,NaN
A,GE10,C26,E_ITSP2_ITT2,PC_ENT,EU27_2007,,NaN,,NaN,,NaN
A,GE10,C26,E_ITSP2_ITT2,PC_ENT,EU27_2020,31.45,NaN,34.01,NaN,34.66,NaN
A,GE10,C26,E_ITSP2_ITT2,PC_ENT,EU28,,NaN,,NaN,,NaN
A,GE10,C26,E_ITSP2_ITT2,PC_ENT,FI,,u,,u,,u
A,GE10,C26,E_ITSP2_ITT2,PC_ENT,FR,26.76,NaN,30.65,b,25.71,NaN
A,GE10,C26,E_ITSP2_ITT2,PC_ENT,HR,65.77,NaN,47.3,NaN,89.5,NaN
A,GE10,C26,E_ITSP2_ITT2,PC_ENT,HU,24.86,NaN,23.01,NaN,34.09,NaN
A,GE10,C26,E_ITSP2_ITT2,PC_ENT,IE,44.93,NaN,46.26,NaN,39.72,NaN
A,GE10,C26,E_ITSP2_ITT2,PC_ENT,IT,25.92,NaN,25.08,NaN,27.8,NaN
A,GE10,C26,E_ITSP2_ITT2,PC_ENT,LT,31.67,NaN,33.33,NaN,,u
A,GE10,C26,E_ITSP2_ITT2,PC_ENT,LU,,u,,u,,u
A,GE10,C26,E_ITSP2_ITT2,PC_ENT,LV,29.86,NaN,42.25,NaN,26.7,NaN
A,GE10,C26,E_ITSP2_ITT2,PC_ENT,ME,,NaN,,NaN,,NaN
A,GE10,C26,E_ITSP2_ITT2,PC_ENT,MK,,u,,u,,NaN
A,GE10,C26,E_ITSP2_ITT2,PC_ENT,MT,,NaN,53.27,NaN,,u
A,GE10,C26,E_ITSP2_ITT2,PC_ENT,NL,34.23,NaN,33.83,NaN,34.61,NaN
A,GE10,C26,E_ITSP2_ITT2,PC_ENT,NO,49.04,NaN,42.66,NaN,66.16,NaN
A,GE10,C26,E_ITSP2_ITT2,PC_ENT,PL,29.92,NaN,43.75,NaN,54.47,NaN
A,GE10,C26,E_ITSP2_ITT2,PC_ENT,PT,,u,,u,40.92,NaN
A,GE10,C26,E_ITSP2_ITT2,PC_ENT,RO,11.17,NaN,21.45,NaN,25.52,NaN
A,GE10,C26,E_ITSP2_ITT2,PC_ENT,RS,42.3,NaN,38.76,NaN,24.43,NaN
A,GE10,C26,E_ITSP2_ITT2,PC_ENT,SE,22.83,NaN,25.04,NaN,31.31,b
A,GE10,C26,E_ITSP2_ITT2,PC_ENT,SI,33.68,NaN,20.48,NaN,48.85,NaN
A,GE10,C26,E_ITSP2_ITT2,PC_ENT,SK,28.48,NaN,21.17,NaN,28.49,NaN
A,GE10,C26,E_ITSP2_ITT2,PC_ENT,TR,25.99,NaN,30.03,NaN,26.99,NaN
A,GE10,C26,E_ITSP2_ITT2,PC_ENT,UK,20.18,NaN,,NaN,,NaN
A,GE10,C26,E_ITSP2_ITT2,PC_ENT_CUSE,AT,,NaN,,NaN,,NaN
A,GE10,C26,E_ITSP2_ITT2,PC_ENT_CUSE,BA,,NaN,,NaN,,NaN
A,GE10,C26,E_ITSP2_ITT2,PC_ENT_CUSE,BE,,NaN,,NaN,,NaN
A,GE10,C26,E_ITSP2_ITT2,PC_ENT_CUSE,BG,,NaN,,NaN,,NaN
A,GE10,C26,E_ITSP2_ITT2,PC_ENT_CUSE,CY,,NaN,,NaN,,NaN
A,GE10,C26,E_ITSP2_ITT2,PC_ENT_CUSE,CZ,,NaN,,NaN,,NaN
A,GE10,C26,E_ITSP2_ITT2,PC_ENT_CUSE,DE,,NaN,,NaN,,NaN
A,GE10,C26,E_ITSP2_ITT2,PC_ENT_CUSE,DK,,NaN,,NaN,,NaN
A,GE10,C26,E_ITSP2_ITT2,PC_ENT_CUSE,EA,,NaN,,NaN,,NaN
A,GE10,C26,E_ITSP2_ITT2,PC_ENT_CUSE,EE,,NaN,,NaN,,NaN
A,GE10,C26,E_ITSP2_ITT2,PC_ENT_CUSE,EL,,NaN,,NaN,,NaN
A,GE10,C26,E_ITSP2_ITT2,PC_ENT_CUSE,ES,,NaN,,NaN,,NaN
A,GE10,C26,E_ITSP2_ITT2,PC_ENT_CUSE,EU15,,NaN,,NaN,,NaN
A,GE10,C26,E_ITSP2_ITT2,PC_ENT_CUSE,EU27_2007,,NaN,,NaN,,NaN
A,GE10,C26,E_ITSP2_ITT2,PC_ENT_CUSE,EU27_2020,,NaN,,NaN,,NaN
A,GE10,C26,E_ITSP2_ITT2,PC_ENT_CUSE,EU28,,NaN,,NaN,,NaN
A,GE10,C26,E_ITSP2_ITT2,PC_ENT_CUSE,FI,,NaN,,NaN,,NaN
A,GE10,C26,E_ITSP2_ITT2,PC_ENT_CUSE,FR,,NaN,,NaN,,NaN
A,GE10,C26,E_ITSP2_ITT2,PC_ENT_CUSE,HR,,NaN,,NaN,,NaN
A,GE10,C26,E_ITSP2_ITT2,PC_ENT_CUSE,HU,,NaN,,NaN,,NaN
A,GE10,C26,E_ITSP2_ITT2,PC_ENT_CUSE,IE,,NaN,,NaN,,NaN
A,GE10,C26,E_ITSP2_ITT2,PC_ENT_CUSE,IT,,NaN,,NaN,,NaN
A,GE10,C26,E_ITSP2_ITT2,PC_ENT_CUSE,LT,,NaN,,NaN,,NaN
A,GE10,C26,E_ITSP2_ITT2,PC_ENT_CUSE,LU,,NaN,,NaN,,NaN
A,GE10,C26,E_ITSP2_ITT2,PC_ENT_CUSE,LV,,NaN,,NaN,,NaN
A,GE10,C26,E_ITSP2_ITT2,PC_ENT_CUSE,ME,,NaN,,NaN,,NaN
A,GE10,C26,E_ITSP2_ITT2,PC_ENT_CUSE,MK,,NaN,,NaN,,NaN
A,GE10,C26,E_ITSP2_ITT2,PC_ENT_CUSE,MT,,NaN,,NaN,,NaN
A,GE10,C26,E_ITSP2_ITT2,PC_ENT_CUSE,NL,,NaN,,NaN,,NaN
A,GE10,C26,E_ITSP2_ITT2,PC_ENT_CUSE,NO,,NaN,,NaN,,NaN
A,GE10,C26,E_ITSP2_ITT2,PC_ENT_CUSE,PL,,NaN,,NaN,,NaN
A,GE10,C26,E_ITSP2_ITT2,PC_ENT_CUSE,PT,,NaN,,NaN,,NaN
A,GE10,C26,E_ITSP2_ITT2,PC_ENT_CUSE,RO,,NaN,,NaN,,NaN
A,GE10,C26,E_ITSP2_ITT2,PC_ENT_CUSE,RS,,NaN,,NaN,,NaN
A,GE10,C26,E_ITSP2_ITT2,PC_ENT_CUSE,SE,,NaN,,NaN,,NaN
A,GE10,C26,E_ITSP2_ITT2,PC_ENT_CUSE,SI,,NaN,,NaN,,NaN
A,GE10,C26,E_ITSP2_ITT2,PC_ENT_CUSE,SK,,NaN,,NaN,,NaN
A,GE10,C26,E_ITSP2_ITT2,PC_ENT_CUSE,TR,,NaN,,NaN,,NaN
A,GE10,C26,E_ITSP2_ITT2,PC_ENT_CUSE,UK,,NaN,,NaN,,NaN
A,GE10,C26,E_ITSPT2,PC_ENT,AT,,u,,u,47.24,NaN
A,GE10,C26,E_ITSPT2,PC_ENT,BA,35.19,NaN,37.04,NaN,30.56,NaN
A,GE10,C26,E_ITSPT2,PC_ENT,BE,41.75,NaN,,u,59.73,NaN
A,GE10,C26,E_ITSPT2,PC_ENT,BG,29.78,NaN,22.33,NaN,9.02,NaN
A,GE10,C26,E_ITSPT2,PC_ENT,CY,,NaN,,NaN,,NaN
A,GE10,C26,E_ITSPT2,PC_ENT,CZ,23.35,NaN,30.33,NaN,24.15,NaN
A,GE10,C26,E_ITSPT2,PC_ENT,DE,29.42,NaN,33.73,NaN,29.45,NaN
A,GE10,C26,E_ITSPT2,PC_ENT,DK,31.68,NaN,37.38,NaN,34.14,NaN
A,GE10,C26,E_ITSPT2,PC_ENT,EA,28.91,NaN,30.18,NaN,28.45,NaN
A,GE10,C26,E_ITSPT2,PC_ENT,EE,28.08,NaN,20.04,NaN,28.49,NaN
A,GE10,C26,E_ITSPT2,PC_ENT,EL,,u,32.91,NaN,18.64,NaN
A,GE10,C26,E_ITSPT2,PC_ENT,ES,,u,,u,,u
A,GE10,C26,E_ITSPT2,PC_ENT,EU15,,NaN,,NaN,,NaN
A,GE10,C26,E_ITSPT2,PC_ENT,EU27_2007,,NaN,,NaN,,NaN
A,GE10,C26,E_ITSPT2,PC_ENT,EU27_2020,27.73,NaN,29.93,NaN,29.29,NaN
A,GE10,C26,E_ITSPT2,PC_ENT,EU28,,NaN,,NaN,,NaN
A,GE10,C26,E_ITSPT2,PC_ENT,FI,,u,,u,,u
A,GE10,C26,E_ITSPT2,PC_ENT,FR,22.39,NaN,28.02,b,23.52,NaN
A,GE10,C26,E_ITSPT2,PC_ENT,HR,63.53,NaN,47.3,NaN,89.5,NaN
A,GE10,C26,E_ITSPT2,PC_ENT,HU,19.97,NaN,18.94,NaN,27.81,NaN
A,GE10,C26,E_ITSPT2,PC_ENT,IE,34.63,NaN,39.56,NaN,27.69,NaN
A,GE10,C26,E_ITSPT2,PC_ENT,IS,,NaN,,NaN,,NaN
A,GE10,C26,E_ITSPT2,PC_ENT,IT,23.34,NaN,20.17,NaN,18.82,NaN
A,GE10,C26,E_ITSPT2,PC_ENT,LT,26.67,NaN,25.76,NaN,,u
A,GE10,C26,E_ITSPT2,PC_ENT,LU,,u,,u,,u
A,GE10,C26,E_ITSPT2,PC_ENT,LV,19.78,NaN,32.62,NaN,23.48,NaN
A,GE10,C26,E_ITSPT2,PC_ENT,ME,,NaN,,NaN,,NaN
A,GE10,C26,E_ITSPT2,PC_ENT,MK,,u,,u,,NaN
A,GE10,C26,E_ITSPT2,PC_ENT,MT,,NaN,32.45,NaN,,u
A,GE10,C26,E_ITSPT2,PC_ENT,NL,31.79,NaN,33.23,NaN,31.95,NaN
A,GE10,C26,E_ITSPT2,PC_ENT,NO,37.05,NaN,39.59,NaN,57.43,NaN
A,GE10,C26,E_ITSPT2,PC_ENT,PL,24.08,NaN,34.19,NaN,53.99,NaN
A,GE10,C26,E_ITSPT2,PC_ENT,PT,,u,,u,34.94,NaN
A,GE10,C26,E_ITSPT2,PC_ENT,RO,10.16,NaN,19.45,NaN,24.24,NaN
A,GE10,C26,E_ITSPT2,PC_ENT,RS,36.69,NaN,26.96,NaN,21.78,NaN
A,GE10,C26,E_ITSPT2,PC_ENT,SE,16.29,NaN,22.02,NaN,23.78,b
A,GE10,C26,E_ITSPT2,PC_ENT,SI,33.68,NaN,20.48,NaN,41.29,NaN
A,GE10,C26,E_ITSPT2,PC_ENT,SK,18.29,NaN,17.48,NaN,23.28,NaN
A,GE10,C26,E_ITSPT2,PC_ENT,TR,20.37,NaN,24.03,NaN,19.52,NaN
A,GE10,C26,E_ITSPT2,PC_ENT,UK,16.44,NaN,,NaN,,NaN
A,GE10,C26,E_ITSPT2,PC_ENT_CUSE,AT,,NaN,,NaN,,NaN
A,GE10,C26,E_ITSPT2,PC_ENT_CUSE,BA,,NaN,,NaN,,NaN
A,GE10,C26,E_ITSPT2,PC_ENT_CUSE,BE,,NaN,,NaN,,NaN
A,GE10,C26,E_ITSPT2,PC_ENT_CUSE,BG,,NaN,,NaN,,NaN
A,GE10,C26,E_ITSPT2,PC_ENT_CUSE,CY,,NaN,,NaN,,NaN
A,GE10,C26,E_ITSPT2,PC_ENT_CUSE,CZ,,NaN,,NaN,,NaN
A,GE10,C26,E_ITSPT2,PC_ENT_CUSE,DE,,NaN,,NaN,,NaN
A,GE10,C26,E_ITSPT2,PC_ENT_CUSE,DK,,NaN,,NaN,,NaN
A,GE10,C26,E_ITSPT2,PC_ENT_CUSE,EA,,NaN,,NaN,,NaN
A,GE10,C26,E_ITSPT2,PC_ENT_CUSE,EE,,NaN,,NaN,,NaN
A,GE10,C26,E_ITSPT2,PC_ENT_CUSE,EL,,NaN,,NaN,,NaN
A,GE10,C26,E_ITSPT2,PC_ENT_CUSE,ES,,NaN,,NaN,,NaN
A,GE10,C26,E_ITSPT2,PC_ENT_CUSE,EU15,,NaN,,NaN,,NaN
A,GE10,C26,E_ITSPT2,PC_ENT_CUSE,EU27_2007,,NaN,,NaN,,NaN
A,GE10,C26,E_ITSPT2,PC_ENT_CUSE,EU27_2020,,NaN,,NaN,,NaN
A,GE10,C26,E_ITSPT2,PC_ENT_CUSE,EU28,,NaN,,NaN,,NaN
A,GE10,C26,E_ITSPT2,PC_ENT_CUSE,FI,,NaN,,NaN,,NaN
A,GE10,C26,E_ITSPT2,PC_ENT_CUSE,FR,,NaN,,NaN,,NaN
A,GE10,C26,E_ITSPT2,PC_ENT_CUSE,HR,,NaN,,NaN,,NaN
A,GE10,C26,E_ITSPT2,PC_ENT_CUSE,HU,,NaN,,NaN,,NaN
A,GE10,C26,E_ITSPT2,PC_ENT_CUSE,IE,,NaN,,NaN,,NaN
A,GE10,C26,E_ITSPT2,PC_ENT_CUSE,IS,,NaN,,NaN,,NaN
A,GE10,C26,E_ITSPT2,PC_ENT_CUSE,IT,,NaN,,NaN,,NaN
A,GE10,C26,E_ITSPT2,PC_ENT_CUSE,LT,,NaN,,NaN,,NaN
A,GE10,C26,E_ITSPT2,PC_ENT_CUSE,LU,,NaN,,NaN,,NaN
A,GE10,C26,E_ITSPT2,PC_ENT_CUSE,LV,,NaN,,NaN,,NaN
A,GE10,C26,E_ITSPT2,PC_ENT_CUSE,ME,,NaN,,NaN,,NaN
A,GE10,C26,E_ITSPT2,PC_ENT_CUSE,MK,,NaN,,NaN,,NaN
A,GE10,C26,E_ITSPT2,PC_ENT_CUSE,MT,,NaN,,NaN,,NaN
A,GE10,C26,E_ITSPT2,PC_ENT_CUSE,NL,,NaN,,NaN,,NaN
A,GE10,C26,E_ITSPT2,PC_ENT_CUSE,NO,,NaN,,NaN,,NaN
A,GE10,C26,E_ITSPT2,PC_ENT_CUSE,PL,,NaN,,NaN,,NaN
A,GE10,C26,E_ITSPT2,PC_ENT_CUSE,PT,,NaN,,NaN,,NaN
A,GE10,C26,E_ITSPT2,PC_ENT_CUSE,RO,,NaN,,NaN,,NaN
A,GE10,C26,E_ITSPT2,PC_ENT_CUSE,RS,,NaN,,NaN,,NaN
A,GE10,C26,E_ITSPT2,PC_ENT_CUSE,SE,,NaN,,NaN,,NaN
A,GE10,C26,E_ITSPT2,PC_ENT_CUSE,SI,,NaN,,NaN,,NaN
A,GE10,C26,E_ITSPT2,PC_ENT_CUSE,SK,,NaN,,NaN,,NaN
A,GE10,C26,E_ITSPT2,PC_ENT_CUSE,TR,,NaN,,NaN,,NaN
A,GE10,C26,E_ITSPT2,PC_ENT_CUSE,UK,,NaN,,NaN,,NaN
A,GE10,C26,E_ITT2,PC_ENT,AT,,u,,u,57.68,NaN
A,GE10,C26,E_ITT2,PC_ENT,BA,57.41,NaN,42.59,NaN,41.67,NaN
A,GE10,C26,E_ITT2,PC_ENT,BE,,u,,u,,u
A,GE10,C26,E_ITT2,PC_ENT,BG,35.97,NaN,26.8,NaN,10.68,NaN
A,GE10,C26,E_ITT2,PC_ENT,CY,,NaN,,NaN,,NaN
A,GE10,C26,E_ITT2,PC_ENT,CZ,32.93,NaN,39.6,NaN,38.42,NaN
A,GE10,C26,E_ITT2,PC_ENT,DE,42.06,NaN,45.24,NaN,46.23,NaN
A,GE10,C26,E_ITT2,PC_ENT,DK,37.34,NaN,39.04,NaN,48.98,NaN
A,GE10,C26,E_ITT2,PC_ENT,EA,39.21,NaN,40.94,NaN,43.37,NaN
A,GE10,C26,E_ITT2,PC_ENT,EE,34.9,NaN,33.62,NaN,33.14,NaN
A,GE10,C26,E_ITT2,PC_ENT,EL,,u,32.91,NaN,18.64,NaN
A,GE10,C26,E_ITT2,PC_ENT,ES,,u,,u,,u
A,GE10,C26,E_ITT2,PC_ENT,EU15,,NaN,,NaN,,NaN
A,GE10,C26,E_ITT2,PC_ENT,EU27_2007,,NaN,,NaN,,NaN
A,GE10,C26,E_ITT2,PC_ENT,EU27_2020,38.26,NaN,41.05,NaN,43.18,NaN
A,GE10,C26,E_ITT2,PC_ENT,EU28,,NaN,,NaN,,NaN
A,GE10,C26,E_ITT2,PC_ENT,FI,,u,,u,,u
A,GE10,C26,E_ITT2,PC_ENT,FR,28.68,NaN,35.92,b,30.91,NaN
A,GE10,C26,E_ITT2,PC_ENT,HR,95.52,NaN,55.9,NaN,89.5,NaN
A,GE10,C26,E_ITT2,PC_ENT,HU,34.28,NaN,24.47,NaN,37.89,NaN
A,GE10,C26,E_ITT2,PC_ENT,IE,63.11,NaN,52.96,NaN,44.87,NaN
A,GE10,C26,E_ITT2,PC_ENT,IS,,NaN,,NaN,,NaN
A,GE10,C26,E_ITT2,PC_ENT,IT,31.35,NaN,32.8,NaN,40.62,NaN
A,GE10,C26,E_ITT2,PC_ENT,LT,36.67,NaN,33.33,NaN,,u
A,GE10,C26,E_ITT2,PC_ENT,LU,,u,,u,,u
A,GE10,C26,E_ITT2,PC_ENT,LV,29.86,NaN,45.19,NaN,29.93,NaN
A,GE10,C26,E_ITT2,PC_ENT,ME,,NaN,,NaN,,NaN
A,GE10,C26,E_ITT2,PC_ENT,MK,,u,,u,,NaN
A,GE10,C26,E_ITT2,PC_ENT,MT,,NaN,53.27,NaN,,u
A,GE10,C26,E_ITT2,PC_ENT,NL,38.26,NaN,41.75,NaN,36.32,NaN
A,GE10,C26,E_ITT2,PC_ENT,NO,63.6,NaN,68.93,NaN,72.13,NaN
A,GE10,C26,E_ITT2,PC_ENT,PL,32.41,NaN,49.83,NaN,58.39,NaN
A,GE10,C26,E_ITT2,PC_ENT,PT,,u,,u,50.27,NaN
A,GE10,C26,E_ITT2,PC_ENT,RO,13.13,NaN,29.21,NaN,29.95,NaN
A,GE10,C26,E_ITT2,PC_ENT,RS,47.61,NaN,49.46,NaN,25.66,NaN
A,GE10,C26,E_ITT2,PC_ENT,SE,44.36,NaN,53.13,NaN,43.01,b
A,GE10,C26,E_ITT2,PC_ENT,SI,43.34,NaN,29.72,NaN,56.43,NaN
A,GE10,C26,E_ITT2,PC_ENT,SK,34.1,NaN,22.95,NaN,34.47,NaN
A,GE10,C26,E_ITT2,PC_ENT,TR,29.0,NaN,35.9,NaN,34.38,NaN
A,GE10,C26,E_ITT2,PC_ENT,UK,20.4,NaN,,NaN,,NaN
A,GE10,C26,E_ITT2,PC_ENT_CUSE,AT,,NaN,,NaN,,NaN
A,GE10,C26,E_ITT2,PC_ENT_CUSE,BA,,NaN,,NaN,,NaN
A,GE10,C26,E_ITT2,PC_ENT_CUSE,BE,,NaN,,NaN,,NaN
A,GE10,C26,E_ITT2,PC_ENT_CUSE,BG,,NaN,,NaN,,NaN
A,GE10,C26,E_ITT2,PC_ENT_CUSE,CY,,NaN,,NaN,,NaN
A,GE10,C26,E_ITT2,PC_ENT_CUSE,CZ,,NaN,,NaN,,NaN
A,GE10,C26,E_ITT2,PC_ENT_CUSE,DE,,NaN,,NaN,,NaN
A,GE10,C26,E_ITT2,PC_ENT_CUSE,DK,,NaN,,NaN,,NaN
A,GE10,C26,E_ITT2,PC_ENT_CUSE,EA,,NaN,,NaN,,NaN
A,GE10,C26,E_ITT2,PC_ENT_CUSE,EE,,NaN,,NaN,,NaN
A,GE10,C26,E_ITT2,PC_ENT_CUSE,EL,,NaN,,NaN,,NaN
A,GE10,C26,E_ITT2,PC_ENT_CUSE,ES,,NaN,,NaN,,NaN
A,GE10,C26,E_ITT2,PC_ENT_CUSE,EU15,,NaN,,NaN,,NaN
A,GE10,C26,E_ITT2,PC_ENT_CUSE,EU27_2007,,NaN,,NaN,,NaN
A,GE10,C26,E_ITT2,PC_ENT_CUSE,EU27_2020,,NaN,,NaN,,NaN
A,GE10,C26,E_ITT2,PC_ENT_CUSE,EU28,,NaN,,NaN,,NaN
A,GE10,C26,E_ITT2,PC_ENT_CUSE,FI,,NaN,,NaN,,NaN
A,GE10,C26,E_ITT2,PC_ENT_CUSE,FR,,NaN,,NaN,,NaN
A,GE10,C26,E_ITT2,PC_ENT_CUSE,HR,,NaN,,NaN,,NaN
A,GE10,C26,E_ITT2,PC_ENT_CUSE,HU,,NaN,,NaN,,NaN
A,GE10,C26,E_ITT2,PC_ENT_CUSE,IE,,NaN,,NaN,,NaN
A,GE10,C26,E_ITT2,PC_ENT_CUSE,IS,,NaN,,NaN,,NaN
A,GE10,C26,E_ITT2,PC_ENT_CUSE,IT,,NaN,,NaN,,NaN
A,GE10,C26,E_ITT2,PC_ENT_CUSE,LT,,NaN,,NaN,,NaN
A,GE10,C26,E_ITT2,PC_ENT_CUSE,LU,,NaN,,NaN,,NaN
A,GE10,C26,E_ITT2,PC_ENT_CUSE,LV,,NaN,,NaN,,NaN
A,GE10,C26,E_ITT2,PC_ENT_CUSE,ME,,NaN,,NaN,,NaN
A,GE10,C26,E_ITT2,PC_ENT_CUSE,MK,,NaN,,NaN,,NaN
A,GE10,C26,E_ITT2,PC_ENT_CUSE,MT,,NaN,,NaN,,NaN
A,GE10,C26,E_ITT2,PC_ENT_CUSE,NL,,NaN,,NaN,,NaN
A,GE10,C26,E_ITT2,PC_ENT_CUSE,NO,,NaN,,NaN,,NaN
A,GE10,C26,E_ITT2,PC_ENT_CUSE,PL,,NaN,,NaN,,NaN
A,GE10,C26,E_ITT2,PC_ENT_CUSE,PT,,NaN,,NaN,,NaN
A,GE10,C26,E_ITT2,PC_ENT_CUSE,RO,,NaN,,NaN,,NaN
A,GE10,C26,E_ITT2,PC_ENT_CUSE,RS,,NaN,,NaN,,NaN
A,GE10,C26,E_ITT2,PC_ENT_CUSE,SE,,NaN,,NaN,,NaN
A,GE10,C26,E_ITT2,PC_ENT_CUSE,SI,,NaN,,NaN,,NaN
A,GE10,C26,E_ITT2,PC_ENT_CUSE,SK,,NaN,,NaN,,NaN
A,GE10,C26,E_ITT2,PC_ENT_CUSE,TR,,NaN,,NaN,,NaN
A,GE10,C26,E_ITT2,PC_ENT_CUSE,UK,,NaN,,NaN,,NaN
A,GE10,C26,E_ITUST2,PC_ENT,AT,,u,,u,45.75,NaN
A,GE10,C26,E_ITUST2,PC_ENT,BA,57.41,NaN,42.59,NaN,36.11,NaN
A,GE10,C26,E_ITUST2,PC_ENT,BE,,u,,u,,u
A,GE10,C26,E_ITUST2,PC_ENT,BG,22.55,NaN,17.75,NaN,6.74,NaN
A,GE10,C26,E_ITUST2,PC_ENT,CY,,NaN,,NaN,,NaN
A,GE10,C26,E_ITUST2,PC_ENT,CZ,32.93,NaN,34.42,NaN,34.17,NaN
A,GE10,C26,E_ITUST2,PC_ENT,DE,35.35,NaN,39.34,NaN,40.18,NaN
A,GE10,C26,E_ITUST2,PC_ENT,DK,23.95,NaN,28.46,NaN,45.79,NaN
A,GE10,C26,E_ITUST2,PC_ENT,EA,29.98,NaN,33.31,NaN,36.8,NaN
A,GE10,C26,E_ITUST2,PC_ENT,EE,26.14,NaN,33.62,NaN,28.49,NaN
A,GE10,C26,E_ITUST2,PC_ENT,EL,,u,9.62,NaN,8.47,NaN
A,GE10,C26,E_ITUST2,PC_ENT,ES,,u,,u,,u
A,GE10,C26,E_ITUST2,PC_ENT,EU15,,NaN,,NaN,,NaN
A,GE10,C26,E_ITUST2,PC_ENT,EU27_2007,,NaN,,NaN,,NaN
A,GE10,C26,E_ITUST2,PC_ENT,EU27_2020,29.83,NaN,33.95,NaN,36.08,NaN
A,GE10,C26,E_ITUST2,PC_ENT,EU28,,NaN,,NaN,,NaN
A,GE10,C26,E_ITUST2,PC_ENT,FI,,u,,u,,u
A,GE10,C26,E_ITUST2,PC_ENT,FR,20.09,NaN,27.64,b,22.97,NaN
A,GE10,C26,E_ITUST2,PC_ENT,HR,65.77,NaN,55.9,NaN,33.68,NaN
A,GE10,C26,E_ITUST2,PC_ENT,HU,29.09,NaN,18.05,NaN,26.34,NaN
A,GE10,C26,E_ITUST2,PC_ENT,IE,61.22,NaN,41.29,NaN,33.49,NaN
A,GE10,C26,E_ITUST2,PC_ENT,IS,,NaN,,NaN,,NaN
A,GE10,C26,E_ITUST2,PC_ENT,IT,18.63,NaN,23.5,NaN,36.45,NaN
A,GE10,C26,E_ITUST2,PC_ENT,LT,28.33,NaN,25.76,NaN,,u
A,GE10,C26,E_ITUST2,PC_ENT,LU,,u,,u,,u
A,GE10,C26,E_ITUST2,PC_ENT,LV,19.78,NaN,31.82,NaN,23.48,NaN
A,GE10,C26,E_ITUST2,PC_ENT,ME,,NaN,,NaN,,NaN
A,GE10,C26,E_ITUST2,PC_ENT,MK,,u,,u,,NaN
A,GE10,C26,E_ITUST2,PC_ENT,MT,,NaN,53.27,NaN,,u
A,GE10,C26,E_ITUST2,PC_ENT,NL,25.96,NaN,29.25,NaN,25.16,NaN
A,GE10,C26,E_ITUST2,PC_ENT,NO,51.68,NaN,59.39,NaN,70.4,NaN
A,GE10,C26,E_ITUST2,PC_ENT,PL,27.89,NaN,45.35,NaN,40.79,NaN
A,GE10,C26,E_ITUST2,PC_ENT,PT,,u,,u,43.43,NaN
A,GE10,C26,E_ITUST2,PC_ENT,RO,11.9,NaN,24.75,NaN,23.81,NaN
A,GE10,C26,E_ITUST2,PC_ENT,RS,47.61,NaN,34.77,NaN,17.64,NaN
A,GE10,C26,E_ITUST2,PC_ENT,SE,41.81,NaN,51.25,NaN,36.51,b
A,GE10,C26,E_ITUST2,PC_ENT,SI,33.68,NaN,29.72,NaN,46.64,NaN
A,GE10,C26,E_ITUST2,PC_ENT,SK,28.36,NaN,18.4,NaN,31.34,NaN
A,GE10,C26,E_ITUST2,PC_ENT,TR,20.81,NaN,32.15,NaN,30.01,NaN
A,GE10,C26,E_ITUST2,PC_ENT,UK,16.8,NaN,,NaN,,NaN
A,GE10,C26,E_ITUST2,PC_ENT_CUSE,AT,,NaN,,NaN,,NaN
A,GE10,C26,E_ITUST2,PC_ENT_CUSE,BA,,NaN,,NaN,,NaN
A,GE10,C26,E_ITUST2,PC_ENT_CUSE,BE,,NaN,,NaN,,NaN
A,GE10,C26,E_ITUST2,PC_ENT_CUSE,BG,,NaN,,NaN,,NaN
A,GE10,C26,E_ITUST2,PC_ENT_CUSE,CY,,NaN,,NaN,,NaN
A,GE10,C26,E_ITUST2,PC_ENT_CUSE,CZ,,NaN,,NaN,,NaN
A,GE10,C26,E_ITUST2,PC_ENT_CUSE,DE,,NaN,,NaN,,NaN
A,GE10,C26,E_ITUST2,PC_ENT_CUSE,DK,,NaN,,NaN,,NaN
A,GE10,C26,E_ITUST2,PC_ENT_CUSE,EA,,NaN,,NaN,,NaN
A,GE10,C26,E_ITUST2,PC_ENT_CUSE,EE,,NaN,,NaN,,NaN
A,GE10,C26,E_ITUST2,PC_ENT_CUSE,EL,,NaN,,NaN,,NaN
A,GE10,C26,E_ITUST2,PC_ENT_CUSE,ES,,NaN,,NaN,,NaN
A,GE10,C26,E_ITUST2,PC_ENT_CUSE,EU15,,NaN,,NaN,,NaN
A,GE10,C26,E_ITUST2,PC_ENT_CUSE,EU27_2007,,NaN,,NaN,,NaN
A,GE10,C26,E_ITUST2,PC_ENT_CUSE,EU27_2020,,NaN,,NaN,,NaN
A,GE10,C26,E_ITUST2,PC_ENT_CUSE,EU28,,NaN,,NaN,,NaN
A,GE10,C26,E_ITUST2,PC_ENT_CUSE,FI,,NaN,,NaN,,NaN
A,GE10,C26,E_ITUST2,PC_ENT_CUSE,FR,,NaN,,NaN,,NaN
A,GE10,C26,E_ITUST2,PC_ENT_CUSE,HR,,NaN,,NaN,,NaN
A,GE10,C26,E_ITUST2,PC_ENT_CUSE,HU,,NaN,,NaN,,NaN
A,GE10,C26,E_ITUST2,PC_ENT_CUSE,IE,,NaN,,NaN,,NaN
A,GE10,C26,E_ITUST2,PC_ENT_CUSE,IS,,NaN,,NaN,,NaN
A,GE10,C26,E_ITUST2,PC_ENT_CUSE,IT,,NaN,,NaN,,NaN
A,GE10,C26,E_ITUST2,PC_ENT_CUSE,LT,,NaN,,NaN,,NaN
A,GE10,C26,E_ITUST2,PC_ENT_CUSE,LU,,NaN,,NaN,,NaN
A,GE10,C26,E_ITUST2,PC_ENT_CUSE,LV,,NaN,,NaN,,NaN
A,GE10,C26,E_ITUST2,PC_ENT_CUSE,ME,,NaN,,NaN,,NaN
A,GE10,C26,E_ITUST2,PC_ENT_CUSE,MK,,NaN,,NaN,,NaN
A,GE10,C26,E_ITUST2,PC_ENT_CUSE,MT,,NaN,,NaN,,NaN
A,GE10,C26,E_ITUST2,PC_ENT_CUSE,NL,,NaN,,NaN,,NaN
A,GE10,C26,E_ITUST2,PC_ENT_CUSE,NO,,NaN,,NaN,,NaN
A,GE10,C26,E_ITUST2,PC_ENT_CUSE,PL,,NaN,,NaN,,NaN
A,GE10,C26,E_ITUST2,PC_ENT_CUSE,PT,,NaN,,NaN,,NaN
A,GE10,C26,E_ITUST2,PC_ENT_CUSE,RO,,NaN,,NaN,,NaN
A,GE10,C26,E_ITUST2,PC_ENT_CUSE,RS,,NaN,,NaN,,NaN
A,GE10,C26,E_ITUST2,PC_ENT_CUSE,SE,,NaN,,NaN,,NaN
A,GE10,C26,E_ITUST2,PC_ENT_CUSE,SI,,NaN,,NaN,,NaN
A,GE10,C26,E_ITUST2,PC_ENT_CUSE,SK,,NaN,,NaN,,NaN
A,GE10,C26,E_ITUST2,PC_ENT_CUSE,TR,,NaN,,NaN,,NaN
A,GE10,C26,E_ITUST2,PC_ENT_CUSE,UK,,NaN,,NaN,,NaN
A,GE10,C26-C33,E_ITSP2X_ITT2,PC_ENT,AT,3.55,NaN,6.26,NaN,6.65,NaN
A,GE10,C26-C33,E_ITSP2X_ITT2,PC_ENT,BA,5.46,NaN,10.65,NaN,6.91,NaN
A,GE10,C26-C33,E_ITSP2X_ITT2,PC_ENT,BE,17.88,NaN,19.02,NaN,16.55,NaN
A,GE10,C26-C33,E_ITSP2X_ITT2,PC_ENT,BG,1.01,NaN,2.32,NaN,0.94,NaN
A,GE10,C26-C33,E_ITSP2X_ITT2,PC_ENT,CY,13.41,NaN,8.28,NaN,12.46,NaN
A,GE10,C26-C33,E_ITSP2X_ITT2,PC_ENT,CZ,12.16,NaN,10.62,NaN,13.19,NaN
A,GE10,C26-C33,E_ITSP2X_ITT2,PC_ENT,DE,11.23,NaN,10.83,NaN,11.38,NaN
A,GE10,C26-C33,E_ITSP2X_ITT2,PC_ENT,DK,8.2,NaN,8.67,NaN,15.41,NaN
A,GE10,C26-C33,E_ITSP2X_ITT2,PC_ENT,EA,8.44,NaN,8.97,NaN,9.67,NaN
A,GE10,C26-C33,E_ITSP2X_ITT2,PC_ENT,EE,6.89,NaN,6.02,NaN,5.72,NaN
A,GE10,C26-C33,E_ITSP2X_ITT2,PC_ENT,EL,,u,2.72,NaN,0.63,NaN
A,GE10,C26-C33,E_ITSP2X_ITT2,PC_ENT,ES,7.54,NaN,9.92,NaN,8.74,NaN
A,GE10,C26-C33,E_ITSP2X_ITT2,PC_ENT,EU15,,NaN,,NaN,,NaN
A,GE10,C26-C33,E_ITSP2X_ITT2,PC_ENT,EU27_2007,,NaN,,NaN,,NaN
A,GE10,C26-C33,E_ITSP2X_ITT2,PC_ENT,EU27_2020,8.31,NaN,8.81,NaN,9.68,NaN
A,GE10,C26-C33,E_ITSP2X_ITT2,PC_ENT,EU28,,NaN,,NaN,,NaN
A,GE10,C26-C33,E_ITSP2X_ITT2,PC_ENT,FI,14.86,NaN,18.56,NaN,15.01,NaN
A,GE10,C26-C33,E_ITSP2X_ITT2,PC_ENT,FR,3.76,NaN,5.55,b,4.85,NaN
A,GE10,C26-C33,E_ITSP2X_ITT2,PC_ENT,HR,12.85,NaN,10.01,NaN,9.18,NaN
A,GE10,C26-C33,E_ITSP2X_ITT2,PC_ENT,HU,7.93,NaN,4.52,NaN,7.02,NaN
A,GE10,C26-C33,E_ITSP2X_ITT2,PC_ENT,IE,14.44,NaN,8.14,NaN,5.9,NaN
A,GE10,C26-C33,E_ITSP2X_ITT2,PC_ENT,IT,7.5,NaN,7.66,NaN,10.11,NaN
A,GE10,C26-C33,E_ITSP2X_ITT2,PC_ENT,LT,3.72,NaN,4.94,NaN,6.78,NaN
A,GE10,C26-C33,E_ITSP2X_ITT2,PC_ENT,LU,4.22,NaN,11.72,NaN,6.29,NaN
A,GE10,C26-C33,E_ITSP2X_ITT2,PC_ENT,LV,5.43,NaN,3.9,NaN,2.92,NaN
A,GE10,C26-C33,E_ITSP2X_ITT2,PC_ENT,ME,,u,0.0,NaN,,NaN
A,GE10,C26-C33,E_ITSP2X_ITT2,PC_ENT,MK,,u,,u,,NaN
A,GE10,C26-C33,E_ITSP2X_ITT2,PC_ENT,MT,6.3,NaN,4.77,NaN,4.24,NaN
A,GE10,C26-C33,E_ITSP2X_ITT2,PC_ENT,NL,2.43,NaN,6.63,NaN,7.13,NaN
A,GE10,C26-C33,E_ITSP2X_ITT2,PC_ENT,NO,17.31,NaN,22.65,NaN,16.94,NaN
A,GE10,C26-C33,E_ITSP2X_ITT2,PC_ENT,PL,5.05,NaN,7.15,NaN,8.55,NaN
A,GE10,C26-C33,E_ITSP2X_ITT2,PC_ENT,PT,12.81,NaN,7.54,NaN,16.26,NaN
A,GE10,C26-C33,E_ITSP2X_ITT2,PC_ENT,RO,1.42,NaN,3.4,NaN,4.72,NaN
A,GE10,C26-C33,E_ITSP2X_ITT2,PC_ENT,RS,6.6,NaN,11.43,NaN,6.84,NaN
A,GE10,C26-C33,E_ITSP2X_ITT2,PC_ENT,SE,21.61,NaN,20.91,NaN,21.03,b
A,GE10,C26-C33,E_ITSP2X_ITT2,PC_ENT,SI,15.23,NaN,16.32,NaN,13.15,NaN
A,GE10,C26-C33,E_ITSP2X_ITT2,PC_ENT,SK,6.66,NaN,6.19,NaN,4.86,NaN
A,GE10,C26-C33,E_ITSP2X_ITT2,PC_ENT,TR,5.97,NaN,7.21,NaN,6.93,NaN
A,GE10,C26-C33,E_ITSP2X_ITT2,PC_ENT,UK,7.94,NaN,,NaN,,NaN
A,GE10,C26-C33,E_ITSP2X_ITT2,PC_ENT_CUSE,AT,,NaN,,NaN,,NaN
A,GE10,C26-C33,E_ITSP2X_ITT2,PC_ENT_CUSE,BA,,NaN,,NaN,,NaN
A,GE10,C26-C33,E_ITSP2X_ITT2,PC_ENT_CUSE,BE,,NaN,,NaN,,NaN
A,GE10,C26-C33,E_ITSP2X_ITT2,PC_ENT_CUSE,BG,,NaN,,NaN,,NaN
A,GE10,C26-C33,E_ITSP2X_ITT2,PC_ENT_CUSE,CY,,NaN,,NaN,,NaN
A,GE10,C26-C33,E_ITSP2X_ITT2,PC_ENT_CUSE,CZ,,NaN,,NaN,,NaN
A,GE10,C26-C33,E_ITSP2X_ITT2,PC_ENT_CUSE,DE,,NaN,,NaN,,NaN
A,GE10,C26-C33,E_ITSP2X_ITT2,PC_ENT_CUSE,DK,,NaN,,NaN,,NaN
A,GE10,C26-C33,E_ITSP2X_ITT2,PC_ENT_CUSE,EA,,NaN,,NaN,,NaN
A,GE10,C26-C33,E_ITSP2X_ITT2,PC_ENT_CUSE,EE,,NaN,,NaN,,NaN
A,GE10,C26-C33,E_ITSP2X_ITT2,PC_ENT_CUSE,EL,,NaN,,NaN,,NaN
A,GE10,C26-C33,E_ITSP2X_ITT2,PC_ENT_CUSE,ES,,NaN,,NaN,,NaN
A,GE10,C26-C33,E_ITSP2X_ITT2,PC_ENT_CUSE,EU15,,NaN,,NaN,,NaN
A,GE10,C26-C33,E_ITSP2X_ITT2,PC_ENT_CUSE,EU27_2007,,NaN,,NaN,,NaN
A,GE10,C26-C33,E_ITSP2X_ITT2,PC_ENT_CUSE,EU27_2020,,NaN,,NaN,,NaN
A,GE10,C26-C33,E_ITSP2X_ITT2,PC_ENT_CUSE,EU28,,NaN,,NaN,,NaN
A,GE10,C26-C33,E_ITSP2X_ITT2,PC_ENT_CUSE,FI,,NaN,,NaN,,NaN
A,GE10,C26-C33,E_ITSP2X_ITT2,PC_ENT_CUSE,FR,,NaN,,NaN,,NaN
A,GE10,C26-C33,E_ITSP2X_ITT2,PC_ENT_CUSE,HR,,NaN,,NaN,,NaN
A,GE10,C26-C33,E_ITSP2X_ITT2,PC_ENT_CUSE,HU,,NaN,,NaN,,NaN
A,GE10,C26-C33,E_ITSP2X_ITT2,PC_ENT_CUSE,IE,,NaN,,NaN,,NaN
A,GE10,C26-C33,E_ITSP2X_ITT2,PC_ENT_CUSE,IT,,NaN,,NaN,,NaN
A,GE10,C26-C33,E_ITSP2X_ITT2,PC_ENT_CUSE,LT,,NaN,,NaN,,NaN
A,GE10,C26-C33,E_ITSP2X_ITT2,PC_ENT_CUSE,LU,,NaN,,NaN,,NaN
A,GE10,C26-C33,E_ITSP2X_ITT2,PC_ENT_CUSE,LV,,NaN,,NaN,,NaN
A,GE10,C26-C33,E_ITSP2X_ITT2,PC_ENT_CUSE,ME,,NaN,,NaN,,NaN
A,GE10,C26-C33,E_ITSP2X_ITT2,PC_ENT_CUSE,MK,,NaN,,NaN,,NaN
A,GE10,C26-C33,E_ITSP2X_ITT2,PC_ENT_CUSE,MT,,NaN,,NaN,,NaN
A,GE10,C26-C33,E_ITSP2X_ITT2,PC_ENT_CUSE,NL,,NaN,,NaN,,NaN
A,GE10,C26-C33,E_ITSP2X_ITT2,PC_ENT_CUSE,NO,,NaN,,NaN,,NaN
A,GE10,C26-C33,E_ITSP2X_ITT2,PC_ENT_CUSE,PL,,NaN,,NaN,,NaN
A,GE10,C26-C33,E_ITSP2X_ITT2,PC_ENT_CUSE,PT,,NaN,,NaN,,NaN
A,GE10,C26-C33,E_ITSP2X_ITT2,PC_ENT_CUSE,RO,,NaN,,NaN,,NaN
A,GE10,C26-C33,E_ITSP2X_ITT2,PC_ENT_CUSE,RS,,NaN,,NaN,,NaN
A,GE10,C26-C33,E_ITSP2X_ITT2,PC_ENT_CUSE,SE,,NaN,,NaN,,NaN
A,GE10,C26-C33,E_ITSP2X_ITT2,PC_ENT_CUSE,SI,,NaN,,NaN,,NaN
A,GE10,C26-C33,E_ITSP2X_ITT2,PC_ENT_CUSE,SK,,NaN,,NaN,,NaN
A,GE10,C26-C33,E_ITSP2X_ITT2,PC_ENT_CUSE,TR,,NaN,,NaN,,NaN
A,GE10,C26-C33,E_ITSP2X_ITT2,PC_ENT_CUSE,UK,,NaN,,NaN,,NaN
A,GE10,C26-C33,E_ITSP2_ITT2,PC_ENT,AT,22.23,NaN,25.59,NaN,24.87,NaN
A,GE10,C26-C33,E_ITSP2_ITT2,PC_ENT,BA,20.02,NaN,10.83,NaN,13.48,NaN
A,GE10,C26-C33,E_ITSP2_ITT2,PC_ENT,BE,27.29,NaN,33.36,NaN,28.94,NaN
A,GE10,C26-C33,E_ITSP2_ITT2,PC_ENT,BG,10.63,NaN,8.4,NaN,9.57,NaN
A,GE10,C26-C33,E_ITSP2_ITT2,PC_ENT,CY,11.38,NaN,12.82,NaN,9.07,NaN
A,GE10,C26-C33,E_ITSP2_ITT2,PC_ENT,CZ,20.62,NaN,19.06,NaN,22.85,NaN
A,GE10,C26-C33,E_ITSP2_ITT2,PC_ENT,DE,21.7,NaN,21.92,NaN,22.92,NaN
A,GE10,C26-C33,E_ITSP2_ITT2,PC_ENT,DK,23.31,NaN,25.69,NaN,24.26,NaN
A,GE10,C26-C33,E_ITSP2_ITT2,PC_ENT,EA,16.75,NaN,17.78,NaN,17.31,NaN
A,GE10,C26-C33,E_ITSP2_ITT2,PC_ENT,EE,10.62,NaN,9.16,NaN,12.65,NaN
A,GE10,C26-C33,E_ITSP2_ITT2,PC_ENT,EL,,u,11.53,NaN,13.22,NaN
A,GE10,C26-C33,E_ITSP2_ITT2,PC_ENT,ES,15.13,NaN,11.33,NaN,11.24,NaN
A,GE10,C26-C33,E_ITSP2_ITT2,PC_ENT,EU15,,NaN,,NaN,,NaN
A,GE10,C26-C33,E_ITSP2_ITT2,PC_ENT,EU27_2007,,NaN,,NaN,,NaN
A,GE10,C26-C33,E_ITSP2_ITT2,PC_ENT,EU27_2020,16.49,NaN,17.78,NaN,18.25,NaN
A,GE10,C26-C33,E_ITSP2_ITT2,PC_ENT,EU28,,NaN,,NaN,,NaN
A,GE10,C26-C33,E_ITSP2_ITT2,PC_ENT,FI,27.74,NaN,27.07,NaN,29.2,NaN
A,GE10,C26-C33,E_ITSP2_ITT2,PC_ENT,FR,14.3,NaN,15.67,b,13.77,NaN
A,GE10,C26-C33,E_ITSP2_ITT2,PC_ENT,HR,16.74,NaN,16.25,NaN,13.67,NaN
A,GE10,C26-C33,E_ITSP2_ITT2,PC_ENT,HU,17.94,NaN,18.79,NaN,18.66,NaN
A,GE10,C26-C33,E_ITSP2_ITT2,PC_ENT,IE,23.77,NaN,20.57,NaN,24.8,NaN
A,GE10,C26-C33,E_ITSP2_ITT2,PC_ENT,IT,10.2,NaN,13.1,NaN,11.46,NaN
A,GE10,C26-C33,E_ITSP2_ITT2,PC_ENT,LT,11.03,NaN,11.33,NaN,11.74,NaN
A,GE10,C26-C33,E_ITSP2_ITT2,PC_ENT,LU,13.72,NaN,23.76,NaN,22.88,NaN
A,GE10,C26-C33,E_ITSP2_ITT2,PC_ENT,LV,10.18,NaN,13.78,NaN,10.77,NaN
A,GE10,C26-C33,E_ITSP2_ITT2,PC_ENT,ME,,u,38.19,NaN,,NaN
A,GE10,C26-C33,E_ITSP2_ITT2,PC_ENT,MK,10.56,NaN,,u,,NaN
A,GE10,C26-C33,E_ITSP2_ITT2,PC_ENT,MT,22.62,NaN,25.81,NaN,33.13,NaN
A,GE10,C26-C33,E_ITSP2_ITT2,PC_ENT,NL,20.93,NaN,25.55,NaN,22.63,NaN
A,GE10,C26-C33,E_ITSP2_ITT2,PC_ENT,NO,17.71,NaN,20.6,NaN,18.05,NaN
A,GE10,C26-C33,E_ITSP2_ITT2,PC_ENT,PL,14.42,NaN,20.92,NaN,27.1,NaN
A,GE10,C26-C33,E_ITSP2_ITT2,PC_ENT,PT,18.2,NaN,10.9,NaN,14.99,NaN
A,GE10,C26-C33,E_ITSP2_ITT2,PC_ENT,RO,4.55,NaN,6.22,NaN,11.06,NaN
A,GE10,C26-C33,E_ITSP2_ITT2,PC_ENT,RS,15.28,NaN,14.4,NaN,13.36,NaN
A,GE10,C26-C33,E_ITSP2_ITT2,PC_ENT,SE,20.82,NaN,18.95,NaN,22.61,b
A,GE10,C26-C33,E_ITSP2_ITT2,PC_ENT,SI,14.61,NaN,25.09,NaN,24.21,NaN
A,GE10,C26-C33,E_ITSP2_ITT2,PC_ENT,SK,21.82,NaN,18.8,NaN,20.89,NaN
A,GE10,C26-C33,E_ITSP2_ITT2,PC_ENT,TR,8.8,NaN,10.56,NaN,8.67,NaN
A,GE10,C26-C33,E_ITSP2_ITT2,PC_ENT,UK,17.94,NaN,,NaN,,NaN
A,GE10,C26-C33,E_ITSP2_ITT2,PC_ENT_CUSE,AT,,NaN,,NaN,,NaN
A,GE10,C26-C33,E_ITSP2_ITT2,PC_ENT_CUSE,BA,,NaN,,NaN,,NaN
A,GE10,C26-C33,E_ITSP2_ITT2,PC_ENT_CUSE,BE,,NaN,,NaN,,NaN
A,GE10,C26-C33,E_ITSP2_ITT2,PC_ENT_CUSE,BG,,NaN,,NaN,,NaN
A,GE10,C26-C33,E_ITSP2_ITT2,PC_ENT_CUSE,CY,,NaN,,NaN,,NaN
A,GE10,C26-C33,E_ITSP2_ITT2,PC_ENT_CUSE,CZ,,NaN,,NaN,,NaN
A,GE10,C26-C33,E_ITSP2_ITT2,PC_ENT_CUSE,DE,,NaN,,NaN,,NaN
A,GE10,C26-C33,E_ITSP2_ITT2,PC_ENT_CUSE,DK,,NaN,,NaN,,NaN
A,GE10,C26-C33,E_ITSP2_ITT2,PC_ENT_CUSE,EA,,NaN,,NaN,,NaN
A,GE10,C26-C33,E_ITSP2_ITT2,PC_ENT_CUSE,EE,,NaN,,NaN,,NaN
A,GE10,C26-C33,E_ITSP2_ITT2,PC_ENT_CUSE,EL,,NaN,,NaN,,NaN
A,GE10,C26-C33,E_ITSP2_ITT2,PC_ENT_CUSE,ES,,NaN,,NaN,,NaN
A,GE10,C26-C33,E_ITSP2_ITT2,PC_ENT_CUSE,EU15,,NaN,,NaN,,NaN
A,GE10,C26-C33,E_ITSP2_ITT2,PC_ENT_CUSE,EU27_2007,,NaN,,NaN,,NaN
A,GE10,C26-C33,E_ITSP2_ITT2,PC_ENT_CUSE,EU27_2020,,NaN,,NaN,,NaN
A,GE10,C26-C33,E_ITSP2_ITT2,PC_ENT_CUSE,EU28,,NaN,,NaN,,NaN
A,GE10,C26-C33,E_ITSP2_ITT2,PC_ENT_CUSE,FI,,NaN,,NaN,,NaN
A,GE10,C26-C33,E_ITSP2_ITT2,PC_ENT_CUSE,FR,,NaN,,NaN,,NaN
A,GE10,C26-C33,E_ITSP2_ITT2,PC_ENT_CUSE,HR,,NaN,,NaN,,NaN
A,GE10,C26-C33,E_ITSP2_ITT2,PC_ENT_CUSE,HU,,NaN,,NaN,,NaN
A,GE10,C26-C33,E_ITSP2_ITT2,PC_ENT_CUSE,IE,,NaN,,NaN,,NaN
A,GE10,C26-C33,E_ITSP2_ITT2,PC_ENT_CUSE,IT,,NaN,,NaN,,NaN
A,GE10,C26-C33,E_ITSP2_ITT2,PC_ENT_CUSE,LT,,NaN,,NaN,,NaN
A,GE10,C26-C33,E_ITSP2_ITT2,PC_ENT_CUSE,LU,,NaN,,NaN,,NaN
A,GE10,C26-C33,E_ITSP2_ITT2,PC_ENT_CUSE,LV,,NaN,,NaN,,NaN
A,GE10,C26-C33,E_ITSP2_ITT2,PC_ENT_CUSE,ME,,NaN,,NaN,,NaN
A,GE10,C26-C33,E_ITSP2_ITT2,PC_ENT_CUSE,MK,,NaN,,NaN,,NaN
A,GE10,C26-C33,E_ITSP2_ITT2,PC_ENT_CUSE,MT,,NaN,,NaN,,NaN
A,GE10,C26-C33,E_ITSP2_ITT2,PC_ENT_CUSE,NL,,NaN,,NaN,,NaN
A,GE10,C26-C33,E_ITSP2_ITT2,PC_ENT_CUSE,NO,,NaN,,NaN,,NaN
A,GE10,C26-C33,E_ITSP2_ITT2,PC_ENT_CUSE,PL,,NaN,,NaN,,NaN
A,GE10,C26-C33,E_ITSP2_ITT2,PC_ENT_CUSE,PT,,NaN,,NaN,,NaN
A,GE10,C26-C33,E_ITSP2_ITT2,PC_ENT_CUSE,RO,,NaN,,NaN,,NaN
A,GE10,C26-C33,E_ITSP2_ITT2,PC_ENT_CUSE,RS,,NaN,,NaN,,NaN
A,GE10,C26-C33,E_ITSP2_ITT2,PC_ENT_CUSE,SE,,NaN,,NaN,,NaN
A,GE10,C26-C33,E_ITSP2_ITT2,PC_ENT_CUSE,SI,,NaN,,NaN,,NaN
A,GE10,C26-C33,E_ITSP2_ITT2,PC_ENT_CUSE,SK,,NaN,,NaN,,NaN
A,GE10,C26-C33,E_ITSP2_ITT2,PC_ENT_CUSE,TR,,NaN,,NaN,,NaN
A,GE10,C26-C33,E_ITSP2_ITT2,PC_ENT_CUSE,UK,,NaN,,NaN,,NaN
A,GE10,C26-C33,E_ITSPT2,PC_ENT,AT,20.07,NaN,24.81,NaN,22.76,NaN
A,GE10,C26-C33,E_ITSPT2,PC_ENT,BA,13.16,NaN,8.51,NaN,12.23,NaN
A,GE10,C26-C33,E_ITSPT2,PC_ENT,BE,24.55,NaN,29.53,NaN,21.84,NaN
A,GE10,C26-C33,E_ITSPT2,PC_ENT,BG,9.71,NaN,7.1,NaN,7.27,NaN
A,GE10,C26-C33,E_ITSPT2,PC_ENT,CY,8.28,NaN,7.09,NaN,6.78,NaN
A,GE10,C26-C33,E_ITSPT2,PC_ENT,CZ,16.33,NaN,16.02,NaN,18.12,NaN
A,GE10,C26-C33,E_ITSPT2,PC_ENT,DE,18.7,NaN,19.12,NaN,19.68,NaN
A,GE10,C26-C33,E_ITSPT2,PC_ENT,DK,20.07,NaN,22.34,NaN,21.13,NaN
A,GE10,C26-C33,E_ITSPT2,PC_ENT,EA,14.61,NaN,15.77,NaN,14.65,NaN
A,GE10,C26-C33,E_ITSPT2,PC_ENT,EE,8.1,NaN,8.72,NaN,10.32,NaN
A,GE10,C26-C33,E_ITSPT2,PC_ENT,EL,,u,11.49,NaN,13.98,NaN
A,GE10,C26-C33,E_ITSPT2,PC_ENT,ES,12.62,NaN,9.59,NaN,9.82,NaN
A,GE10,C26-C33,E_ITSPT2,PC_ENT,EU15,,NaN,,NaN,,NaN
A,GE10,C26-C33,E_ITSPT2,PC_ENT,EU27_2007,,NaN,,NaN,,NaN
A,GE10,C26-C33,E_ITSPT2,PC_ENT,EU27_2020,14.01,NaN,15.22,NaN,15.44,NaN
A,GE10,C26-C33,E_ITSPT2,PC_ENT,EU28,,NaN,,NaN,,NaN
A,GE10,C26-C33,E_ITSPT2,PC_ENT,FI,21.35,NaN,20.97,NaN,22.1,NaN
A,GE10,C26-C33,E_ITSPT2,PC_ENT,FR,11.0,NaN,13.19,b,12.19,NaN
A,GE10,C26-C33,E_ITSPT2,PC_ENT,HR,11.14,NaN,13.4,NaN,13.07,NaN
A,GE10,C26-C33,E_ITSPT2,PC_ENT,HU,12.13,NaN,13.58,NaN,13.55,NaN
A,GE10,C26-C33,E_ITSPT2,PC_ENT,IE,16.31,NaN,15.47,NaN,15.39,NaN
A,GE10,C26-C33,E_ITSPT2,PC_ENT,IS,,NaN,,NaN,,NaN
A,GE10,C26-C33,E_ITSPT2,PC_ENT,IT,10.52,NaN,12.6,NaN,9.02,NaN
A,GE10,C26-C33,E_ITSPT2,PC_ENT,LT,8.99,NaN,10.36,NaN,9.93,NaN
A,GE10,C26-C33,E_ITSPT2,PC_ENT,LU,9.55,NaN,17.98,NaN,17.76,NaN
A,GE10,C26-C33,E_ITSPT2,PC_ENT,LV,6.15,NaN,9.64,NaN,8.38,NaN
A,GE10,C26-C33,E_ITSPT2,PC_ENT,ME,,u,38.19,NaN,,NaN
A,GE10,C26-C33,E_ITSPT2,PC_ENT,MK,10.12,NaN,8.06,NaN,,NaN
A,GE10,C26-C33,E_ITSPT2,PC_ENT,MT,15.54,NaN,18.7,NaN,22.61,NaN
A,GE10,C26-C33,E_ITSPT2,PC_ENT,NL,18.51,NaN,23.85,NaN,20.01,NaN
A,GE10,C26-C33,E_ITSPT2,PC_ENT,NO,19.67,NaN,18.18,NaN,16.61,NaN
A,GE10,C26-C33,E_ITSPT2,PC_ENT,PL,10.41,NaN,13.49,NaN,25.2,NaN
A,GE10,C26-C33,E_ITSPT2,PC_ENT,PT,13.74,NaN,8.39,NaN,12.7,NaN
A,GE10,C26-C33,E_ITSPT2,PC_ENT,RO,4.21,NaN,6.56,NaN,9.85,NaN
A,GE10,C26-C33,E_ITSPT2,PC_ENT,RS,13.0,NaN,8.15,NaN,10.47,NaN
A,GE10,C26-C33,E_ITSPT2,PC_ENT,SE,15.57,NaN,14.14,NaN,13.48,b
A,GE10,C26-C33,E_ITSPT2,PC_ENT,SI,13.77,NaN,22.83,NaN,21.33,NaN
A,GE10,C26-C33,E_ITSPT2,PC_ENT,SK,16.62,NaN,13.87,NaN,18.24,NaN
A,GE10,C26-C33,E_ITSPT2,PC_ENT,TR,5.92,NaN,7.07,NaN,6.71,NaN
A,GE10,C26-C33,E_ITSPT2,PC_ENT,UK,10.42,NaN,,NaN,,NaN
A,GE10,C26-C33,E_ITSPT2,PC_ENT_CUSE,AT,,NaN,,NaN,,NaN
A,GE10,C26-C33,E_ITSPT2,PC_ENT_CUSE,BA,,NaN,,NaN,,NaN
A,GE10,C26-C33,E_ITSPT2,PC_ENT_CUSE,BE,,NaN,,NaN,,NaN
A,GE10,C26-C33,E_ITSPT2,PC_ENT_CUSE,BG,,NaN,,NaN,,NaN
A,GE10,C26-C33,E_ITSPT2,PC_ENT_CUSE,CY,,NaN,,NaN,,NaN
A,GE10,C26-C33,E_ITSPT2,PC_ENT_CUSE,CZ,,NaN,,NaN,,NaN
A,GE10,C26-C33,E_ITSPT2,PC_ENT_CUSE,DE,,NaN,,NaN,,NaN
A,GE10,C26-C33,E_ITSPT2,PC_ENT_CUSE,DK,,NaN,,NaN,,NaN
A,GE10,C26-C33,E_ITSPT2,PC_ENT_CUSE,EA,,NaN,,NaN,,NaN
A,GE10,C26-C33,E_ITSPT2,PC_ENT_CUSE,EE,,NaN,,NaN,,NaN
A,GE10,C26-C33,E_ITSPT2,PC_ENT_CUSE,EL,,NaN,,NaN,,NaN
A,GE10,C26-C33,E_ITSPT2,PC_ENT_CUSE,ES,,NaN,,NaN,,NaN
A,GE10,C26-C33,E_ITSPT2,PC_ENT_CUSE,EU15,,NaN,,NaN,,NaN
A,GE10,C26-C33,E_ITSPT2,PC_ENT_CUSE,EU27_2007,,NaN,,NaN,,NaN
A,GE10,C26-C33,E_ITSPT2,PC_ENT_CUSE,EU27_2020,,NaN,,NaN,,NaN
A,GE10,C26-C33,E_ITSPT2,PC_ENT_CUSE,EU28,,NaN,,NaN,,NaN
A,GE10,C26-C33,E_ITSPT2,PC_ENT_CUSE,FI,,NaN,,NaN,,NaN
A,GE10,C26-C33,E_ITSPT2,PC_ENT_CUSE,FR,,NaN,,NaN,,NaN
A,GE10,C26-C33,E_ITSPT2,PC_ENT_CUSE,HR,,NaN,,NaN,,NaN
A,GE10,C26-C33,E_ITSPT2,PC_ENT_CUSE,HU,,NaN,,NaN,,NaN
A,GE10,C26-C33,E_ITSPT2,PC_ENT_CUSE,IE,,NaN,,NaN,,NaN
A,GE10,C26-C33,E_ITSPT2,PC_ENT_CUSE,IS,,NaN,,NaN,,NaN
A,GE10,C26-C33,E_ITSPT2,PC_ENT_CUSE,IT,,NaN,,NaN,,NaN
A,GE10,C26-C33,E_ITSPT2,PC_ENT_CUSE,LT,,NaN,,NaN,,NaN
A,GE10,C26-C33,E_ITSPT2,PC_ENT_CUSE,LU,,NaN,,NaN,,NaN
A,GE10,C26-C33,E_ITSPT2,PC_ENT_CUSE,LV,,NaN,,NaN,,NaN
A,GE10,C26-C33,E_ITSPT2,PC_ENT_CUSE,ME,,NaN,,NaN,,NaN
A,GE10,C26-C33,E_ITSPT2,PC_ENT_CUSE,MK,,NaN,,NaN,,NaN
A,GE10,C26-C33,E_ITSPT2,PC_ENT_CUSE,MT,,NaN,,NaN,,NaN
A,GE10,C26-C33,E_ITSPT2,PC_ENT_CUSE,NL,,NaN,,NaN,,NaN
A,GE10,C26-C33,E_ITSPT2,PC_ENT_CUSE,NO,,NaN,,NaN,,NaN
A,GE10,C26-C33,E_ITSPT2,PC_ENT_CUSE,PL,,NaN,,NaN,,NaN
A,GE10,C26-C33,E_ITSPT2,PC_ENT_CUSE,PT,,NaN,,NaN,,NaN
A,GE10,C26-C33,E_ITSPT2,PC_ENT_CUSE,RO,,NaN,,NaN,,NaN
A,GE10,C26-C33,E_ITSPT2,PC_ENT_CUSE,RS,,NaN,,NaN,,NaN
A,GE10,C26-C33,E_ITSPT2,PC_ENT_CUSE,SE,,NaN,,NaN,,NaN
A,GE10,C26-C33,E_ITSPT2,PC_ENT_CUSE,SI,,NaN,,NaN,,NaN
A,GE10,C26-C33,E_ITSPT2,PC_ENT_CUSE,SK,,NaN,,NaN,,NaN
A,GE10,C26-C33,E_ITSPT2,PC_ENT_CUSE,TR,,NaN,,NaN,,NaN
A,GE10,C26-C33,E_ITSPT2,PC_ENT_CUSE,UK,,NaN,,NaN,,NaN
A,GE10,C26-C33,E_ITT2,PC_ENT,AT,25.89,NaN,34.12,NaN,32.15,NaN
A,GE10,C26-C33,E_ITT2,PC_ENT,BA,25.48,NaN,21.48,NaN,20.39,NaN
A,GE10,C26-C33,E_ITT2,PC_ENT,BE,,u,,u,,u
A,GE10,C26-C33,E_ITT2,PC_ENT,BG,11.64,NaN,10.72,NaN,10.51,NaN
A,GE10,C26-C33,E_ITT2,PC_ENT,CY,24.79,NaN,21.1,NaN,21.53,NaN
A,GE10,C26-C33,E_ITT2,PC_ENT,CZ,32.78,NaN,29.69,NaN,36.04,NaN
A,GE10,C26-C33,E_ITT2,PC_ENT,DE,33.03,NaN,32.78,NaN,34.3,NaN
A,GE10,C26-C33,E_ITT2,PC_ENT,DK,31.51,NaN,34.36,NaN,39.68,NaN
A,GE10,C26-C33,E_ITT2,PC_ENT,EA,25.92,NaN,27.08,NaN,27.02,NaN
A,GE10,C26-C33,E_ITT2,PC_ENT,EE,17.51,NaN,15.41,NaN,18.37,NaN
A,GE10,C26-C33,E_ITT2,PC_ENT,EL,,u,15.18,NaN,15.3,NaN
A,GE10,C26-C33,E_ITT2,PC_ENT,ES,22.67,NaN,21.24,NaN,19.97,NaN
A,GE10,C26-C33,E_ITT2,PC_ENT,EU15,,NaN,,NaN,,NaN
A,GE10,C26-C33,E_ITT2,PC_ENT,EU27_2007,,NaN,,NaN,,NaN
A,GE10,C26-C33,E_ITT2,PC_ENT,EU27_2020,25.38,NaN,26.85,NaN,27.99,NaN
A,GE10,C26-C33,E_ITT2,PC_ENT,EU28,,NaN,,NaN,,NaN
A,GE10,C26-C33,E_ITT2,PC_ENT,FI,42.6,NaN,45.63,NaN,44.21,NaN
A,GE10,C26-C33,E_ITT2,PC_ENT,FR,18.06,NaN,21.22,b,18.62,NaN
A,GE10,C26-C33,E_ITT2,PC_ENT,HR,29.59,NaN,26.26,NaN,22.85,NaN
A,GE10,C26-C33,E_ITT2,PC_ENT,HU,25.87,NaN,23.31,NaN,25.68,NaN
A,GE10,C26-C33,E_ITT2,PC_ENT,IE,38.22,NaN,28.7,NaN,30.71,NaN
A,GE10,C26-C33,E_ITT2,PC_ENT,IS,,NaN,,NaN,,NaN
A,GE10,C26-C33,E_ITT2,PC_ENT,IT,19.42,NaN,21.62,NaN,21.59,NaN
A,GE10,C26-C33,E_ITT2,PC_ENT,LT,14.75,NaN,16.27,NaN,18.52,NaN
A,GE10,C26-C33,E_ITT2,PC_ENT,LU,17.93,NaN,35.48,NaN,29.17,NaN
A,GE10,C26-C33,E_ITT2,PC_ENT,LV,15.61,NaN,17.68,NaN,13.7,NaN
A,GE10,C26-C33,E_ITT2,PC_ENT,ME,,u,38.19,NaN,,NaN
A,GE10,C26-C33,E_ITT2,PC_ENT,MK,,u,,u,,NaN
A,GE10,C26-C33,E_ITT2,PC_ENT,MT,28.92,NaN,30.58,NaN,37.38,NaN
A,GE10,C26-C33,E_ITT2,PC_ENT,NL,28.93,NaN,32.18,NaN,29.76,NaN
A,GE10,C26-C33,E_ITT2,PC_ENT,NO,36.27,NaN,43.25,NaN,34.99,NaN
A,GE10,C26-C33,E_ITT2,PC_ENT,PL,19.47,NaN,28.07,NaN,35.86,NaN
A,GE10,C26-C33,E_ITT2,PC_ENT,PT,31.01,NaN,18.44,NaN,31.25,NaN
A,GE10,C26-C33,E_ITT2,PC_ENT,RO,6.28,NaN,9.97,NaN,15.78,NaN
A,GE10,C26-C33,E_ITT2,PC_ENT,RS,21.88,NaN,25.83,NaN,20.2,NaN
A,GE10,C26-C33,E_ITT2,PC_ENT,SE,42.43,NaN,39.86,NaN,43.71,b
A,GE10,C26-C33,E_ITT2,PC_ENT,SI,29.84,NaN,41.42,NaN,37.36,NaN
A,GE10,C26-C33,E_ITT2,PC_ENT,SK,28.49,NaN,24.99,NaN,25.75,NaN
A,GE10,C26-C33,E_ITT2,PC_ENT,TR,14.77,NaN,17.76,NaN,15.6,NaN
A,GE10,C26-C33,E_ITT2,PC_ENT,UK,25.88,NaN,,NaN,,NaN
A,GE10,C26-C33,E_ITT2,PC_ENT_CUSE,AT,,NaN,,NaN,,NaN
A,GE10,C26-C33,E_ITT2,PC_ENT_CUSE,BA,,NaN,,NaN,,NaN
A,GE10,C26-C33,E_ITT2,PC_ENT_CUSE,BE,,NaN,,NaN,,NaN
A,GE10,C26-C33,E_ITT2,PC_ENT_CUSE,BG,,NaN,,NaN,,NaN
A,GE10,C26-C33,E_ITT2,PC_ENT_CUSE,CY,,NaN,,NaN,,NaN
A,GE10,C26-C33,E_ITT2,PC_ENT_CUSE,CZ,,NaN,,NaN,,NaN
A,GE10,C26-C33,E_ITT2,PC_ENT_CUSE,DE,,NaN,,NaN,,NaN
A,GE10,C26-C33,E_ITT2,PC_ENT_CUSE,DK,,NaN,,NaN,,NaN
A,GE10,C26-C33,E_ITT2,PC_ENT_CUSE,EA,,NaN,,NaN,,NaN
A,GE10,C26-C33,E_ITT2,PC_ENT_CUSE,EE,,NaN,,NaN,,NaN
A,GE10,C26-C33,E_ITT2,PC_ENT_CUSE,EL,,NaN,,NaN,,NaN
A,GE10,C26-C33,E_ITT2,PC_ENT_CUSE,ES,,NaN,,NaN,,NaN
A,GE10,C26-C33,E_ITT2,PC_ENT_CUSE,EU15,,NaN,,NaN,,NaN
A,GE10,C26-C33,E_ITT2,PC_ENT_CUSE,EU27_2007,,NaN,,NaN,,NaN
A,GE10,C26-C33,E_ITT2,PC_ENT_CUSE,EU27_2020,,NaN,,NaN,,NaN
A,GE10,C26-C33,E_ITT2,PC_ENT_CUSE,EU28,,NaN,,NaN,,NaN
A,GE10,C26-C33,E_ITT2,PC_ENT_CUSE,FI,,NaN,,NaN,,NaN
A,GE10,C26-C33,E_ITT2,PC_ENT_CUSE,FR,,NaN,,NaN,,NaN
A,GE10,C26-C33,E_ITT2,PC_ENT_CUSE,HR,,NaN,,NaN,,NaN
A,GE10,C26-C33,E_ITT2,PC_ENT_CUSE,HU,,NaN,,NaN,,NaN
A,GE10,C26-C33,E_ITT2,PC_ENT_CUSE,IE,,NaN,,NaN,,NaN
A,GE10,C26-C33,E_ITT2,PC_ENT_CUSE,IS,,NaN,,NaN,,NaN
A,GE10,C26-C33,E_ITT2,PC_ENT_CUSE,IT,,NaN,,NaN,,NaN
A,GE10,C26-C33,E_ITT2,PC_ENT_CUSE,LT,,NaN,,NaN,,NaN
A,GE10,C26-C33,E_ITT2,PC_ENT_CUSE,LU,,NaN,,NaN,,NaN
A,GE10,C26-C33,E_ITT2,PC_ENT_CUSE,LV,,NaN,,NaN,,NaN
A,GE10,C26-C33,E_ITT2,PC_ENT_CUSE,ME,,NaN,,NaN,,NaN
A,GE10,C26-C33,E_ITT2,PC_ENT_CUSE,MK,,NaN,,NaN,,NaN
A,GE10,C26-C33,E_ITT2,PC_ENT_CUSE,MT,,NaN,,NaN,,NaN
A,GE10,C26-C33,E_ITT2,PC_ENT_CUSE,NL,,NaN,,NaN,,NaN
A,GE10,C26-C33,E_ITT2,PC_ENT_CUSE,NO,,NaN,,NaN,,NaN
A,GE10,C26-C33,E_ITT2,PC_ENT_CUSE,PL,,NaN,,NaN,,NaN
A,GE10,C26-C33,E_ITT2,PC_ENT_CUSE,PT,,NaN,,NaN,,NaN
A,GE10,C26-C33,E_ITT2,PC_ENT_CUSE,RO,,NaN,,NaN,,NaN
A,GE10,C26-C33,E_ITT2,PC_ENT_CUSE,RS,,NaN,,NaN,,NaN
A,GE10,C26-C33,E_ITT2,PC_ENT_CUSE,SE,,NaN,,NaN,,NaN
A,GE10,C26-C33,E_ITT2,PC_ENT_CUSE,SI,,NaN,,NaN,,NaN
A,GE10,C26-C33,E_ITT2,PC_ENT_CUSE,SK,,NaN,,NaN,,NaN
A,GE10,C26-C33,E_ITT2,PC_ENT_CUSE,TR,,NaN,,NaN,,NaN
A,GE10,C26-C33,E_ITT2,PC_ENT_CUSE,UK,,NaN,,NaN,,NaN
A,GE10,C26-C33,E_ITUST2,PC_ENT,AT,20.31,NaN,24.93,NaN,24.06,NaN
A,GE10,C26-C33,E_ITUST2,PC_ENT,BA,22.0,NaN,19.35,NaN,16.08,NaN
A,GE10,C26-C33,E_ITUST2,PC_ENT,BE,,u,45.17,NaN,,u
A,GE10,C26-C33,E_ITUST2,PC_ENT,BG,6.41,NaN,8.31,NaN,5.78,NaN
A,GE10,C26-C33,E_ITUST2,PC_ENT,CY,24.79,NaN,21.1,NaN,20.44,NaN
A,GE10,C26-C33,E_ITUST2,PC_ENT,CZ,32.78,NaN,26.75,NaN,32.56,NaN
A,GE10,C26-C33,E_ITUST2,PC_ENT,DE,28.27,NaN,29.9,NaN,30.63,NaN
A,GE10,C26-C33,E_ITUST2,PC_ENT,DK,25.36,NaN,29.98,NaN,34.57,NaN
A,GE10,C26-C33,E_ITUST2,PC_ENT,EA,21.46,NaN,22.97,NaN,23.66,NaN
A,GE10,C26-C33,E_ITUST2,PC_ENT,EE,15.52,NaN,14.07,NaN,16.12,NaN
A,GE10,C26-C33,E_ITUST2,PC_ENT,EL,,u,9.78,NaN,8.26,NaN
A,GE10,C26-C33,E_ITUST2,PC_ENT,ES,18.15,NaN,17.98,NaN,17.92,NaN
A,GE10,C26-C33,E_ITUST2,PC_ENT,EU15,,NaN,,NaN,,NaN
A,GE10,C26-C33,E_ITUST2,PC_ENT,EU27_2007,,NaN,,NaN,,NaN
A,GE10,C26-C33,E_ITUST2,PC_ENT,EU27_2020,21.4,NaN,23.09,NaN,24.18,NaN
A,GE10,C26-C33,E_ITUST2,PC_ENT,EU28,,NaN,,NaN,,NaN
A,GE10,C26-C33,E_ITUST2,PC_ENT,FI,40.9,NaN,42.2,NaN,37.55,NaN
A,GE10,C26-C33,E_ITUST2,PC_ENT,FR,14.78,NaN,16.58,b,15.19,NaN
A,GE10,C26-C33,E_ITUST2,PC_ENT,HR,27.22,NaN,24.13,NaN,18.88,NaN
A,GE10,C26-C33,E_ITUST2,PC_ENT,HU,22.71,NaN,18.94,NaN,21.97,NaN
A,GE10,C26-C33,E_ITUST2,PC_ENT,IE,36.67,NaN,21.83,NaN,28.2,NaN
A,GE10,C26-C33,E_ITUST2,PC_ENT,IS,,NaN,,NaN,,NaN
A,GE10,C26-C33,E_ITUST2,PC_ENT,IT,14.16,NaN,16.73,NaN,19.34,NaN
A,GE10,C26-C33,E_ITUST2,PC_ENT,LT,11.03,NaN,13.49,NaN,16.22,NaN
A,GE10,C26-C33,E_ITUST2,PC_ENT,LU,17.93,NaN,27.28,NaN,25.42,NaN
A,GE10,C26-C33,E_ITUST2,PC_ENT,LV,12.67,NaN,12.85,NaN,11.03,NaN
A,GE10,C26-C33,E_ITUST2,PC_ENT,ME,,u,0.0,NaN,,NaN
A,GE10,C26-C33,E_ITUST2,PC_ENT,MK,,u,,u,,NaN
A,GE10,C26-C33,E_ITUST2,PC_ENT,MT,26.16,NaN,25.99,NaN,37.38,NaN
A,GE10,C26-C33,E_ITUST2,PC_ENT,NL,24.89,NaN,25.37,NaN,24.64,NaN
A,GE10,C26-C33,E_ITUST2,PC_ENT,NO,32.07,NaN,38.95,NaN,34.08,NaN
A,GE10,C26-C33,E_ITUST2,PC_ENT,PL,17.01,NaN,25.87,NaN,27.05,NaN
A,GE10,C26-C33,E_ITUST2,PC_ENT,PT,27.7,NaN,16.71,NaN,27.62,NaN
A,GE10,C26-C33,E_ITUST2,PC_ENT,RO,5.03,NaN,8.21,NaN,13.6,NaN
A,GE10,C26-C33,E_ITUST2,PC_ENT,RS,19.44,NaN,22.55,NaN,16.33,NaN
A,GE10,C26-C33,E_ITUST2,PC_ENT,SE,40.01,NaN,38.34,NaN,41.13,b
A,GE10,C26-C33,E_ITUST2,PC_ENT,SI,26.08,NaN,37.72,NaN,32.33,NaN
A,GE10,C26-C33,E_ITUST2,PC_ENT,SK,24.55,NaN,21.21,NaN,21.92,NaN
A,GE10,C26-C33,E_ITUST2,PC_ENT,TR,12.79,NaN,16.27,NaN,14.66,NaN
A,GE10,C26-C33,E_ITUST2,PC_ENT,UK,22.81,NaN,,NaN,,NaN
A,GE10,C26-C33,E_ITUST2,PC_ENT_CUSE,AT,,NaN,,NaN,,NaN
A,GE10,C26-C33,E_ITUST2,PC_ENT_CUSE,BA,,NaN,,NaN,,NaN
A,GE10,C26-C33,E_ITUST2,PC_ENT_CUSE,BE,,NaN,,NaN,,NaN
A,GE10,C26-C33,E_ITUST2,PC_ENT_CUSE,BG,,NaN,,NaN,,NaN
A,GE10,C26-C33,E_ITUST2,PC_ENT_CUSE,CY,,NaN,,NaN,,NaN
A,GE10,C26-C33,E_ITUST2,PC_ENT_CUSE,CZ,,NaN,,NaN,,NaN
A,GE10,C26-C33,E_ITUST2,PC_ENT_CUSE,DE,,NaN,,NaN,,NaN
A,GE10,C26-C33,E_ITUST2,PC_ENT_CUSE,DK,,NaN,,NaN,,NaN
A,GE10,C26-C33,E_ITUST2,PC_ENT_CUSE,EA,,NaN,,NaN,,NaN
A,GE10,C26-C33,E_ITUST2,PC_ENT_CUSE,EE,,NaN,,NaN,,NaN
A,GE10,C26-C33,E_ITUST2,PC_ENT_CUSE,EL,,NaN,,NaN,,NaN
A,GE10,C26-C33,E_ITUST2,PC_ENT_CUSE,ES,,NaN,,NaN,,NaN
A,GE10,C26-C33,E_ITUST2,PC_ENT_CUSE,EU15,,NaN,,NaN,,NaN
A,GE10,C26-C33,E_ITUST2,PC_ENT_CUSE,EU27_2007,,NaN,,NaN,,NaN
A,GE10,C26-C33,E_ITUST2,PC_ENT_CUSE,EU27_2020,,NaN,,NaN,,NaN
A,GE10,C26-C33,E_ITUST2,PC_ENT_CUSE,EU28,,NaN,,NaN,,NaN
A,GE10,C26-C33,E_ITUST2,PC_ENT_CUSE,FI,,NaN,,NaN,,NaN
A,GE10,C26-C33,E_ITUST2,PC_ENT_CUSE,FR,,NaN,,NaN,,NaN
A,GE10,C26-C33,E_ITUST2,PC_ENT_CUSE,HR,,NaN,,NaN,,NaN
A,GE10,C26-C33,E_ITUST2,PC_ENT_CUSE,HU,,NaN,,NaN,,NaN
A,GE10,C26-C33,E_ITUST2,PC_ENT_CUSE,IE,,NaN,,NaN,,NaN
A,GE10,C26-C33,E_ITUST2,PC_ENT_CUSE,IS,,NaN,,NaN,,NaN
A,GE10,C26-C33,E_ITUST2,PC_ENT_CUSE,IT,,NaN,,NaN,,NaN
A,GE10,C26-C33,E_ITUST2,PC_ENT_CUSE,LT,,NaN,,NaN,,NaN
A,GE10,C26-C33,E_ITUST2,PC_ENT_CUSE,LU,,NaN,,NaN,,NaN
A,GE10,C26-C33,E_ITUST2,PC_ENT_CUSE,LV,,NaN,,NaN,,NaN
A,GE10,C26-C33,E_ITUST2,PC_ENT_CUSE,ME,,NaN,,NaN,,NaN
A,GE10,C26-C33,E_ITUST2,PC_ENT_CUSE,MK,,NaN,,NaN,,NaN
A,GE10,C26-C33,E_ITUST2,PC_ENT_CUSE,MT,,NaN,,NaN,,NaN
A,GE10,C26-C33,E_ITUST2,PC_ENT_CUSE,NL,,NaN,,NaN,,NaN
A,GE10,C26-C33,E_ITUST2,PC_ENT_CUSE,NO,,NaN,,NaN,,NaN
A,GE10,C26-C33,E_ITUST2,PC_ENT_CUSE,PL,,NaN,,NaN,,NaN
A,GE10,C26-C33,E_ITUST2,PC_ENT_CUSE,PT,,NaN,,NaN,,NaN
A,GE10,C26-C33,E_ITUST2,PC_ENT_CUSE,RO,,NaN,,NaN,,NaN
A,GE10,C26-C33,E_ITUST2,PC_ENT_CUSE,RS,,NaN,,NaN,,NaN
A,GE10,C26-C33,E_ITUST2,PC_ENT_CUSE,SE,,NaN,,NaN,,NaN
A,GE10,C26-C33,E_ITUST2,PC_ENT_CUSE,SI,,NaN,,NaN,,NaN
A,GE10,C26-C33,E_ITUST2,PC_ENT_CUSE,SK,,NaN,,NaN,,NaN
A,GE10,C26-C33,E_ITUST2,PC_ENT_CUSE,TR,,NaN,,NaN,,NaN
A,GE10,C26-C33,E_ITUST2,PC_ENT_CUSE,UK,,NaN,,NaN,,NaN
A,GE10,C27,E_ITSP2X_ITT2,PC_ENT,AT,,NaN,,u,,u
A,GE10,C27,E_ITSP2X_ITT2,PC_ENT,BA,,NaN,,NaN,17.32,NaN
A,GE10,C27,E_ITSP2X_ITT2,PC_ENT,BE,,NaN,,u,,u
A,GE10,C27,E_ITSP2X_ITT2,PC_ENT,BG,,NaN,,u,,u
A,GE10,C27,E_ITSP2X_ITT2,PC_ENT,CY,,NaN,7.69,NaN,5.56,NaN
A,GE10,C27,E_ITSP2X_ITT2,PC_ENT,CZ,,NaN,10.18,NaN,8.12,NaN
A,GE10,C27,E_ITSP2X_ITT2,PC_ENT,DE,,NaN,9.33,NaN,14.17,NaN
A,GE10,C27,E_ITSP2X_ITT2,PC_ENT,DK,,NaN,6.92,NaN,15.86,NaN
A,GE10,C27,E_ITSP2X_ITT2,PC_ENT,EA,,NaN,7.49,NaN,11.75,NaN
A,GE10,C27,E_ITSP2X_ITT2,PC_ENT,EE,,NaN,9.16,NaN,4.75,NaN
A,GE10,C27,E_ITSP2X_ITT2,PC_ENT,EL,,NaN,9.24,NaN,4.27,NaN
A,GE10,C27,E_ITSP2X_ITT2,PC_ENT,ES,,NaN,,u,9.67,NaN
A,GE10,C27,E_ITSP2X_ITT2,PC_ENT,EU27_2020,,NaN,7.82,NaN,11.25,NaN
A,GE10,C27,E_ITSP2X_ITT2,PC_ENT,FI,,NaN,,u,,u
A,GE10,C27,E_ITSP2X_ITT2,PC_ENT,FR,,NaN,6.87,b,9.78,NaN
A,GE10,C27,E_ITSP2X_ITT2,PC_ENT,HR,,NaN,9.96,NaN,3.66,NaN
A,GE10,C27,E_ITSP2X_ITT2,PC_ENT,HU,,NaN,4.31,NaN,7.71,NaN
A,GE10,C27,E_ITSP2X_ITT2,PC_ENT,IE,,NaN,10.05,NaN,2.56,NaN
A,GE10,C27,E_ITSP2X_ITT2,PC_ENT,IT,,NaN,,u,,u
A,GE10,C27,E_ITSP2X_ITT2,PC_ENT,LT,,NaN,,u,,u
A,GE10,C27,E_ITSP2X_ITT2,PC_ENT,LU,,NaN,,u,,u
A,GE10,C27,E_ITSP2X_ITT2,PC_ENT,LV,,NaN,0.0,NaN,0.0,NaN
A,GE10,C27,E_ITSP2X_ITT2,PC_ENT,ME,,NaN,,NaN,,NaN
A,GE10,C27,E_ITSP2X_ITT2,PC_ENT,MK,,NaN,0.0,NaN,,NaN
A,GE10,C27,E_ITSP2X_ITT2,PC_ENT,MT,,NaN,,u,,u
A,GE10,C27,E_ITSP2X_ITT2,PC_ENT,NL,,NaN,9.7,NaN,7.86,NaN
A,GE10,C27,E_ITSP2X_ITT2,PC_ENT,NO,,NaN,23.99,NaN,21.88,NaN
A,GE10,C27,E_ITSP2X_ITT2,PC_ENT,PL,,NaN,12.59,NaN,8.35,NaN
A,GE10,C27,E_ITSP2X_ITT2,PC_ENT,PT,,NaN,12.19,NaN,10.38,NaN
A,GE10,C27,E_ITSP2X_ITT2,PC_ENT,RO,,NaN,3.36,NaN,3.53,NaN
A,GE10,C27,E_ITSP2X_ITT2,PC_ENT,RS,,NaN,15.86,NaN,10.24,NaN
A,GE10,C27,E_ITSP2X_ITT2,PC_ENT,SE,,NaN,10.17,NaN,,bu
A,GE10,C27,E_ITSP2X_ITT2,PC_ENT,SI,,NaN,41.79,NaN,16.26,NaN
A,GE10,C27,E_ITSP2X_ITT2,PC_ENT,SK,,NaN,1.64,NaN,2.15,NaN
A,GE10,C27,E_ITSP2X_ITT2,PC_ENT,TR,,NaN,5.54,NaN,4.04,NaN
A,GE10,C27,E_ITSP2_ITT2,PC_ENT,AT,,NaN,,u,,u
A,GE10,C27,E_ITSP2_ITT2,PC_ENT,BA,,NaN,20.0,NaN,26.97,NaN
A,GE10,C27,E_ITSP2_ITT2,PC_ENT,BE,,NaN,,u,27.08,NaN
A,GE10,C27,E_ITSP2_ITT2,PC_ENT,BG,,NaN,7.88,NaN,21.37,NaN
A,GE10,C27,E_ITSP2_ITT2,PC_ENT,CY,,NaN,0.0,NaN,0.0,NaN
A,GE10,C27,E_ITSP2_ITT2,PC_ENT,CZ,,NaN,16.83,NaN,21.58,NaN
A,GE10,C27,E_ITSP2_ITT2,PC_ENT,DE,,NaN,29.71,NaN,29.89,NaN
A,GE10,C27,E_ITSP2_ITT2,PC_ENT,DK,,NaN,25.66,NaN,38.5,NaN
A,GE10,C27,E_ITSP2_ITT2,PC_ENT,EA,,NaN,26.14,NaN,23.8,NaN
A,GE10,C27,E_ITSP2_ITT2,PC_ENT,EE,,NaN,16.2,NaN,30.68,NaN
A,GE10,C27,E_ITSP2_ITT2,PC_ENT,EL,,NaN,15.05,NaN,30.62,NaN
A,GE10,C27,E_ITSP2_ITT2,PC_ENT,ES,,NaN,,u,17.7,NaN
A,GE10,C27,E_ITSP2_ITT2,PC_ENT,EU27_2020,,NaN,24.45,NaN,24.58,NaN
A,GE10,C27,E_ITSP2_ITT2,PC_ENT,FI,,NaN,,u,,u
A,GE10,C27,E_ITSP2_ITT2,PC_ENT,FR,,NaN,24.75,b,20.06,NaN
A,GE10,C27,E_ITSP2_ITT2,PC_ENT,HR,,NaN,13.91,NaN,13.07,NaN
A,GE10,C27,E_ITSP2_ITT2,PC_ENT,HU,,NaN,26.08,NaN,25.92,NaN
A,GE10,C27,E_ITSP2_ITT2,PC_ENT,IE,,NaN,9.49,NaN,9.57,NaN
A,GE10,C27,E_ITSP2_ITT2,PC_ENT,IT,,NaN,,u,,u
A,GE10,C27,E_ITSP2_ITT2,PC_ENT,LT,,NaN,,u,,u
A,GE10,C27,E_ITSP2_ITT2,PC_ENT,LU,,NaN,,u,,u
A,GE10,C27,E_ITSP2_ITT2,PC_ENT,LV,,NaN,25.95,NaN,15.47,NaN
A,GE10,C27,E_ITSP2_ITT2,PC_ENT,ME,,NaN,,NaN,,NaN
A,GE10,C27,E_ITSP2_ITT2,PC_ENT,MK,,NaN,,u,,NaN
A,GE10,C27,E_ITSP2_ITT2,PC_ENT,MT,,NaN,,u,,u
A,GE10,C27,E_ITSP2_ITT2,PC_ENT,NL,,NaN,25.68,NaN,26.29,NaN
A,GE10,C27,E_ITSP2_ITT2,PC_ENT,NO,,NaN,25.12,NaN,18.43,NaN
A,GE10,C27,E_ITSP2_ITT2,PC_ENT,PL,,NaN,24.7,NaN,36.19,NaN
A,GE10,C27,E_ITSP2_ITT2,PC_ENT,PT,,NaN,19.81,NaN,20.67,NaN
A,GE10,C27,E_ITSP2_ITT2,PC_ENT,RO,,NaN,6.64,NaN,12.2,NaN
A,GE10,C27,E_ITSP2_ITT2,PC_ENT,RS,,NaN,16.6,NaN,23.25,NaN
A,GE10,C27,E_ITSP2_ITT2,PC_ENT,SE,,NaN,25.42,NaN,,bu
A,GE10,C27,E_ITSP2_ITT2,PC_ENT,SI,,NaN,40.57,NaN,29.31,NaN
A,GE10,C27,E_ITSP2_ITT2,PC_ENT,SK,,NaN,28.42,NaN,20.03,NaN
A,GE10,C27,E_ITSP2_ITT2,PC_ENT,TR,,NaN,14.92,NaN,12.43,NaN
A,GE10,C27,E_ITSPT2,PC_ENT,AT,,NaN,,u,,u
A,GE10,C27,E_ITSPT2,PC_ENT,BA,,NaN,14.29,NaN,23.68,NaN
A,GE10,C27,E_ITSPT2,PC_ENT,BE,,NaN,,u,19.31,NaN
A,GE10,C27,E_ITSPT2,PC_ENT,BG,,NaN,7.38,NaN,9.77,NaN
A,GE10,C27,E_ITSPT2,PC_ENT,CY,,NaN,0.0,NaN,0.0,NaN
A,GE10,C27,E_ITSPT2,PC_ENT,CZ,,NaN,15.21,NaN,18.81,NaN
A,GE10,C27,E_ITSPT2,PC_ENT,DE,,NaN,26.48,NaN,26.73,NaN
A,GE10,C27,E_ITSPT2,PC_ENT,DK,,NaN,24.36,NaN,34.87,NaN
A,GE10,C27,E_ITSPT2,PC_ENT,EA,,NaN,23.37,NaN,19.77,NaN
A,GE10,C27,E_ITSPT2,PC_ENT,EE,,NaN,12.63,NaN,26.86,NaN
A,GE10,C27,E_ITSPT2,PC_ENT,EL,,NaN,17.97,NaN,24.73,NaN
A,GE10,C27,E_ITSPT2,PC_ENT,ES,,NaN,,u,13.69,NaN
A,GE10,C27,E_ITSPT2,PC_ENT,EU27_2020,,NaN,21.34,NaN,20.24,NaN
A,GE10,C27,E_ITSPT2,PC_ENT,FI,,NaN,,u,,u
A,GE10,C27,E_ITSPT2,PC_ENT,FR,,NaN,23.38,b,17.04,NaN
A,GE10,C27,E_ITSPT2,PC_ENT,HR,,NaN,13.07,NaN,10.72,NaN
A,GE10,C27,E_ITSPT2,PC_ENT,HU,,NaN,17.06,NaN,19.11,NaN
A,GE10,C27,E_ITSPT2,PC_ENT,IE,,NaN,9.49,NaN,4.79,NaN
A,GE10,C27,E_ITSPT2,PC_ENT,IT,,NaN,,u,,u
A,GE10,C27,E_ITSPT2,PC_ENT,LT,,NaN,,u,,u
A,GE10,C27,E_ITSPT2,PC_ENT,LU,,NaN,,u,,u
A,GE10,C27,E_ITSPT2,PC_ENT,LV,,NaN,18.81,NaN,12.44,NaN
A,GE10,C27,E_ITSPT2,PC_ENT,ME,,NaN,,NaN,,NaN
A,GE10,C27,E_ITSPT2,PC_ENT,MK,,NaN,,u,,NaN
A,GE10,C27,E_ITSPT2,PC_ENT,MT,,NaN,,u,,u
A,GE10,C27,E_ITSPT2,PC_ENT,NL,,NaN,25.24,NaN,24.2,NaN
A,GE10,C27,E_ITSPT2,PC_ENT,NO,,NaN,19.55,NaN,16.02,NaN
A,GE10,C27,E_ITSPT2,PC_ENT,PL,,NaN,17.71,NaN,32.97,NaN
A,GE10,C27,E_ITSPT2,PC_ENT,PT,,NaN,14.58,NaN,16.3,NaN
A,GE10,C27,E_ITSPT2,PC_ENT,RO,,NaN,8.83,NaN,9.07,NaN
A,GE10,C27,E_ITSPT2,PC_ENT,RS,,NaN,10.45,NaN,15.75,NaN
A,GE10,C27,E_ITSPT2,PC_ENT,SE,,NaN,14.55,NaN,6.21,b
A,GE10,C27,E_ITSPT2,PC_ENT,SI,,NaN,39.21,NaN,29.31,NaN
A,GE10,C27,E_ITSPT2,PC_ENT,SK,,NaN,21.31,NaN,16.82,NaN
A,GE10,C27,E_ITSPT2,PC_ENT,TR,,NaN,9.18,NaN,9.7,NaN
A,GE10,C27,E_ITT2,PC_ENT,AT,,NaN,,u,,u
A,GE10,C27,E_ITT2,PC_ENT,BA,,NaN,28.57,NaN,44.3,NaN
A,GE10,C27,E_ITT2,PC_ENT,BE,,NaN,81.68,NaN,,u
A,GE10,C27,E_ITT2,PC_ENT,BG,,NaN,8.78,NaN,22.96,NaN
A,GE10,C27,E_ITT2,PC_ENT,CY,,NaN,7.69,NaN,5.56,NaN
A,GE10,C27,E_ITT2,PC_ENT,CZ,,NaN,27.01,NaN,29.7,NaN
A,GE10,C27,E_ITT2,PC_ENT,DE,,NaN,39.31,NaN,44.06,NaN
A,GE10,C27,E_ITT2,PC_ENT,DK,,NaN,32.58,NaN,54.36,NaN
A,GE10,C27,E_ITT2,PC_ENT,EA,,NaN,33.96,NaN,35.55,NaN
A,GE10,C27,E_ITT2,PC_ENT,EE,,NaN,25.36,NaN,35.42,NaN
A,GE10,C27,E_ITT2,PC_ENT,EL,,NaN,32.16,NaN,34.89,NaN
A,GE10,C27,E_ITT2,PC_ENT,ES,,NaN,,u,27.37,NaN
A,GE10,C27,E_ITT2,PC_ENT,EU27_2020,,NaN,32.53,NaN,35.91,NaN
A,GE10,C27,E_ITT2,PC_ENT,FI,,NaN,,u,,u
A,GE10,C27,E_ITT2,PC_ENT,FR,,NaN,31.62,b,29.84,NaN
A,GE10,C27,E_ITT2,PC_ENT,HR,,NaN,23.87,NaN,16.73,NaN
A,GE10,C27,E_ITT2,PC_ENT,HU,,NaN,30.39,NaN,33.63,NaN
A,GE10,C27,E_ITT2,PC_ENT,IE,,NaN,19.55,NaN,12.14,NaN
A,GE10,C27,E_ITT2,PC_ENT,IT,,NaN,,u,,u
A,GE10,C27,E_ITT2,PC_ENT,LT,,NaN,,u,,u
A,GE10,C27,E_ITT2,PC_ENT,LU,,NaN,,u,,u
A,GE10,C27,E_ITT2,PC_ENT,LV,,NaN,25.95,NaN,15.47,NaN
A,GE10,C27,E_ITT2,PC_ENT,ME,,NaN,,NaN,,NaN
A,GE10,C27,E_ITT2,PC_ENT,MK,,NaN,,u,,NaN
A,GE10,C27,E_ITT2,PC_ENT,MT,,NaN,,u,,u
A,GE10,C27,E_ITT2,PC_ENT,NL,,NaN,35.38,NaN,34.15,NaN
A,GE10,C27,E_ITT2,PC_ENT,NO,,NaN,49.12,NaN,40.31,NaN
A,GE10,C27,E_ITT2,PC_ENT,PL,,NaN,37.29,NaN,45.64,NaN
A,GE10,C27,E_ITT2,PC_ENT,PT,,NaN,32.01,NaN,31.05,NaN
A,GE10,C27,E_ITT2,PC_ENT,RO,,NaN,10.89,NaN,15.73,NaN
A,GE10,C27,E_ITT2,PC_ENT,RS,,NaN,32.46,NaN,33.49,NaN
A,GE10,C27,E_ITT2,PC_ENT,SE,,NaN,35.59,NaN,,bu
A,GE10,C27,E_ITT2,PC_ENT,SI,,NaN,82.36,NaN,45.56,NaN
A,GE10,C27,E_ITT2,PC_ENT,SK,,NaN,30.05,NaN,22.18,NaN
A,GE10,C27,E_ITT2,PC_ENT,TR,,NaN,20.45,NaN,16.47,NaN
A,GE10,C27,E_ITUST2,PC_ENT,AT,,NaN,,u,,u
A,GE10,C27,E_ITUST2,PC_ENT,BA,,NaN,22.86,NaN,33.77,NaN
A,GE10,C27,E_ITUST2,PC_ENT,BE,,NaN,81.68,NaN,,u
A,GE10,C27,E_ITUST2,PC_ENT,BG,,NaN,5.46,NaN,17.13,NaN
A,GE10,C27,E_ITUST2,PC_ENT,CY,,NaN,7.69,NaN,5.56,NaN
A,GE10,C27,E_ITUST2,PC_ENT,CZ,,NaN,24.74,NaN,27.29,NaN
A,GE10,C27,E_ITUST2,PC_ENT,DE,,NaN,33.56,NaN,40.08,NaN
A,GE10,C27,E_ITUST2,PC_ENT,DK,,NaN,30.11,NaN,38.74,NaN
A,GE10,C27,E_ITUST2,PC_ENT,EA,,NaN,27.94,NaN,32.29,NaN
A,GE10,C27,E_ITUST2,PC_ENT,EE,,NaN,19.89,NaN,30.34,NaN
A,GE10,C27,E_ITUST2,PC_ENT,EL,,NaN,23.19,NaN,31.61,NaN
A,GE10,C27,E_ITUST2,PC_ENT,ES,,NaN,,u,25.84,NaN
A,GE10,C27,E_ITUST2,PC_ENT,EU27_2020,,NaN,27.39,NaN,32.23,NaN
A,GE10,C27,E_ITUST2,PC_ENT,FI,,NaN,,u,,u
A,GE10,C27,E_ITUST2,PC_ENT,FR,,NaN,27.54,b,25.34,NaN
A,GE10,C27,E_ITUST2,PC_ENT,HR,,NaN,15.65,NaN,12.8,NaN
A,GE10,C27,E_ITUST2,PC_ENT,HU,,NaN,25.88,NaN,29.12,NaN
A,GE10,C27,E_ITUST2,PC_ENT,IE,,NaN,10.05,NaN,12.14,NaN
A,GE10,C27,E_ITUST2,PC_ENT,IT,,NaN,,u,,u
A,GE10,C27,E_ITUST2,PC_ENT,LT,,NaN,,u,,u
A,GE10,C27,E_ITUST2,PC_ENT,LU,,NaN,,u,,u
A,GE10,C27,E_ITUST2,PC_ENT,LV,,NaN,15.0,NaN,12.12,NaN
A,GE10,C27,E_ITUST2,PC_ENT,ME,,NaN,,NaN,,NaN
A,GE10,C27,E_ITUST2,PC_ENT,MK,,NaN,,u,,NaN
A,GE10,C27,E_ITUST2,PC_ENT,MT,,NaN,,u,,u
A,GE10,C27,E_ITUST2,PC_ENT,NL,,NaN,26.36,NaN,26.92,NaN
A,GE10,C27,E_ITUST2,PC_ENT,NO,,NaN,42.43,NaN,40.31,NaN
A,GE10,C27,E_ITUST2,PC_ENT,PL,,NaN,36.38,NaN,38.29,NaN
A,GE10,C27,E_ITUST2,PC_ENT,PT,,NaN,32.01,NaN,27.82,NaN
A,GE10,C27,E_ITUST2,PC_ENT,RO,,NaN,7.93,NaN,14.15,NaN
A,GE10,C27,E_ITUST2,PC_ENT,RS,,NaN,29.29,NaN,25.98,NaN
A,GE10,C27,E_ITUST2,PC_ENT,SE,,NaN,33.76,NaN,,bu
A,GE10,C27,E_ITUST2,PC_ENT,SI,,NaN,72.86,NaN,44.45,NaN
A,GE10,C27,E_ITUST2,PC_ENT,SK,,NaN,26.23,NaN,19.29,NaN
A,GE10,C27,E_ITUST2,PC_ENT,TR,,NaN,19.16,NaN,15.25,NaN
A,GE10,C27_C28,E_ITSP2X_ITT2,PC_ENT,AT,1.54,NaN,8.88,NaN,6.73,NaN
A,GE10,C27_C28,E_ITSP2X_ITT2,PC_ENT,BA,,NaN,,NaN,12.47,NaN
A,GE10,C27_C28,E_ITSP2X_ITT2,PC_ENT,BE,,u,,u,,u
A,GE10,C27_C28,E_ITSP2X_ITT2,PC_ENT,BG,,u,,u,,u
A,GE10,C27_C28,E_ITSP2X_ITT2,PC_ENT,CY,24.15,NaN,9.32,NaN,9.57,NaN
A,GE10,C27_C28,E_ITSP2X_ITT2,PC_ENT,CZ,11.09,NaN,9.72,NaN,13.09,NaN
A,GE10,C27_C28,E_ITSP2X_ITT2,PC_ENT,DE,12.5,NaN,10.58,NaN,11.27,NaN
A,GE10,C27_C28,E_ITSP2X_ITT2,PC_ENT,DK,7.76,NaN,9.1,NaN,13.95,NaN
A,GE10,C27_C28,E_ITSP2X_ITT2,PC_ENT,EA,9.03,NaN,9.63,NaN,10.49,NaN
A,GE10,C27_C28,E_ITSP2X_ITT2,PC_ENT,EE,5.49,NaN,6.93,NaN,3.6,NaN
A,GE10,C27_C28,E_ITSP2X_ITT2,PC_ENT,EL,,u,7.88,NaN,1.62,NaN
A,GE10,C27_C28,E_ITSP2X_ITT2,PC_ENT,ES,,u,,u,10.25,NaN
A,GE10,C27_C28,E_ITSP2X_ITT2,PC_ENT,EU15,,NaN,,NaN,,NaN
A,GE10,C27_C28,E_ITSP2X_ITT2,PC_ENT,EU27_2007,,NaN,,NaN,,NaN
A,GE10,C27_C28,E_ITSP2X_ITT2,PC_ENT,EU27_2020,9.01,NaN,9.59,NaN,10.74,NaN
A,GE10,C27_C28,E_ITSP2X_ITT2,PC_ENT,EU28,,NaN,,NaN,,NaN
A,GE10,C27_C28,E_ITSP2X_ITT2,PC_ENT,FI,,u,,u,,u
A,GE10,C27_C28,E_ITSP2X_ITT2,PC_ENT,FR,2.89,NaN,7.16,b,5.02,NaN
A,GE10,C27_C28,E_ITSP2X_ITT2,PC_ENT,HR,22.15,NaN,12.4,NaN,7.12,NaN
A,GE10,C27_C28,E_ITSP2X_ITT2,PC_ENT,HU,8.11,NaN,7.46,NaN,8.62,NaN
A,GE10,C27_C28,E_ITSP2X_ITT2,PC_ENT,IE,16.95,NaN,13.6,NaN,7.8,NaN
A,GE10,C27_C28,E_ITSP2X_ITT2,PC_ENT,IT,7.02,NaN,8.46,NaN,11.74,NaN
A,GE10,C27_C28,E_ITSP2X_ITT2,PC_ENT,LT,4.32,NaN,4.14,NaN,4.67,NaN
A,GE10,C27_C28,E_ITSP2X_ITT2,PC_ENT,LU,,u,,u,,u
A,GE10,C27_C28,E_ITSP2X_ITT2,PC_ENT,LV,3.8,NaN,5.3,NaN,0.0,NaN
A,GE10,C27_C28,E_ITSP2X_ITT2,PC_ENT,ME,,u,0.0,NaN,,NaN
A,GE10,C27_C28,E_ITSP2X_ITT2,PC_ENT,MK,,u,,u,,NaN
A,GE10,C27_C28,E_ITSP2X_ITT2,PC_ENT,MT,8.62,NaN,,NaN,,u
A,GE10,C27_C28,E_ITSP2X_ITT2,PC_ENT,NL,3.87,NaN,7.84,NaN,7.47,NaN
A,GE10,C27_C28,E_ITSP2X_ITT2,PC_ENT,NO,22.17,NaN,18.79,NaN,21.23,NaN
A,GE10,C27_C28,E_ITSP2X_ITT2,PC_ENT,PL,6.04,NaN,8.8,NaN,10.94,NaN
A,GE10,C27_C28,E_ITSP2X_ITT2,PC_ENT,PT,9.42,NaN,7.99,NaN,11.71,NaN
A,GE10,C27_C28,E_ITSP2X_ITT2,PC_ENT,RO,1.08,NaN,3.28,NaN,3.65,NaN
A,GE10,C27_C28,E_ITSP2X_ITT2,PC_ENT,RS,1.45,NaN,11.13,NaN,9.08,NaN
A,GE10,C27_C28,E_ITSP2X_ITT2,PC_ENT,SE,20.82,NaN,21.53,NaN,,bu
A,GE10,C27_C28,E_ITSP2X_ITT2,PC_ENT,SI,16.22,NaN,22.72,NaN,22.4,NaN
A,GE10,C27_C28,E_ITSP2X_ITT2,PC_ENT,SK,5.59,NaN,4.16,NaN,3.45,NaN
A,GE10,C27_C28,E_ITSP2X_ITT2,PC_ENT,TR,7.39,NaN,7.28,NaN,6.73,NaN
A,GE10,C27_C28,E_ITSP2X_ITT2,PC_ENT,UK,3.76,NaN,,NaN,,NaN
A,GE10,C27_C28,E_ITSP2X_ITT2,PC_ENT_CUSE,AT,,NaN,,NaN,,NaN
A,GE10,C27_C28,E_ITSP2X_ITT2,PC_ENT_CUSE,BA,,NaN,,NaN,,NaN
A,GE10,C27_C28,E_ITSP2X_ITT2,PC_ENT_CUSE,BE,,NaN,,NaN,,NaN
A,GE10,C27_C28,E_ITSP2X_ITT2,PC_ENT_CUSE,BG,,NaN,,NaN,,NaN
A,GE10,C27_C28,E_ITSP2X_ITT2,PC_ENT_CUSE,CY,,NaN,,NaN,,NaN
A,GE10,C27_C28,E_ITSP2X_ITT2,PC_ENT_CUSE,CZ,,NaN,,NaN,,NaN
A,GE10,C27_C28,E_ITSP2X_ITT2,PC_ENT_CUSE,DE,,NaN,,NaN,,NaN
A,GE10,C27_C28,E_ITSP2X_ITT2,PC_ENT_CUSE,DK,,NaN,,NaN,,NaN
A,GE10,C27_C28,E_ITSP2X_ITT2,PC_ENT_CUSE,EA,,NaN,,NaN,,NaN
A,GE10,C27_C28,E_ITSP2X_ITT2,PC_ENT_CUSE,EE,,NaN,,NaN,,NaN
A,GE10,C27_C28,E_ITSP2X_ITT2,PC_ENT_CUSE,EL,,NaN,,NaN,,NaN
A,GE10,C27_C28,E_ITSP2X_ITT2,PC_ENT_CUSE,ES,,NaN,,NaN,,NaN
A,GE10,C27_C28,E_ITSP2X_ITT2,PC_ENT_CUSE,EU15,,NaN,,NaN,,NaN
A,GE10,C27_C28,E_ITSP2X_ITT2,PC_ENT_CUSE,EU27_2007,,NaN,,NaN,,NaN
A,GE10,C27_C28,E_ITSP2X_ITT2,PC_ENT_CUSE,EU27_2020,,NaN,,NaN,,NaN
A,GE10,C27_C28,E_ITSP2X_ITT2,PC_ENT_CUSE,EU28,,NaN,,NaN,,NaN
A,GE10,C27_C28,E_ITSP2X_ITT2,PC_ENT_CUSE,FI,,NaN,,NaN,,NaN
A,GE10,C27_C28,E_ITSP2X_ITT2,PC_ENT_CUSE,FR,,NaN,,NaN,,NaN
A,GE10,C27_C28,E_ITSP2X_ITT2,PC_ENT_CUSE,HR,,NaN,,NaN,,NaN
A,GE10,C27_C28,E_ITSP2X_ITT2,PC_ENT_CUSE,HU,,NaN,,NaN,,NaN
A,GE10,C27_C28,E_ITSP2X_ITT2,PC_ENT_CUSE,IE,,NaN,,NaN,,NaN
A,GE10,C27_C28,E_ITSP2X_ITT2,PC_ENT_CUSE,IT,,NaN,,NaN,,NaN
A,GE10,C27_C28,E_ITSP2X_ITT2,PC_ENT_CUSE,LT,,NaN,,NaN,,NaN
A,GE10,C27_C28,E_ITSP2X_ITT2,PC_ENT_CUSE,LU,,NaN,,NaN,,NaN
A,GE10,C27_C28,E_ITSP2X_ITT2,PC_ENT_CUSE,LV,,NaN,,NaN,,NaN
A,GE10,C27_C28,E_ITSP2X_ITT2,PC_ENT_CUSE,ME,,NaN,,NaN,,NaN
A,GE10,C27_C28,E_ITSP2X_ITT2,PC_ENT_CUSE,MK,,NaN,,NaN,,NaN
A,GE10,C27_C28,E_ITSP2X_ITT2,PC_ENT_CUSE,MT,,NaN,,NaN,,NaN
A,GE10,C27_C28,E_ITSP2X_ITT2,PC_ENT_CUSE,NL,,NaN,,NaN,,NaN
A,GE10,C27_C28,E_ITSP2X_ITT2,PC_ENT_CUSE,NO,,NaN,,NaN,,NaN
A,GE10,C27_C28,E_ITSP2X_ITT2,PC_ENT_CUSE,PL,,NaN,,NaN,,NaN
A,GE10,C27_C28,E_ITSP2X_ITT2,PC_ENT_CUSE,PT,,NaN,,NaN,,NaN
A,GE10,C27_C28,E_ITSP2X_ITT2,PC_ENT_CUSE,RO,,NaN,,NaN,,NaN
A,GE10,C27_C28,E_ITSP2X_ITT2,PC_ENT_CUSE,RS,,NaN,,NaN,,NaN
A,GE10,C27_C28,E_ITSP2X_ITT2,PC_ENT_CUSE,SE,,NaN,,NaN,,NaN
A,GE10,C27_C28,E_ITSP2X_ITT2,PC_ENT_CUSE,SI,,NaN,,NaN,,NaN
A,GE10,C27_C28,E_ITSP2X_ITT2,PC_ENT_CUSE,SK,,NaN,,NaN,,NaN
A,GE10,C27_C28,E_ITSP2X_ITT2,PC_ENT_CUSE,TR,,NaN,,NaN,,NaN
A,GE10,C27_C28,E_ITSP2X_ITT2,PC_ENT_CUSE,UK,,NaN,,NaN,,NaN
A,GE10,C27_C28,E_ITSP2_ITT2,PC_ENT,AT,,u,34.18,NaN,35.61,NaN
A,GE10,C27_C28,E_ITSP2_ITT2,PC_ENT,BA,21.66,NaN,12.64,NaN,23.3,NaN
A,GE10,C27_C28,E_ITSP2_ITT2,PC_ENT,BE,,u,,u,,u
A,GE10,C27_C28,E_ITSP2_ITT2,PC_ENT,BG,13.22,NaN,8.12,NaN,13.58,NaN
A,GE10,C27_C28,E_ITSP2_ITT2,PC_ENT,CY,10.37,NaN,3.82,NaN,3.23,NaN
A,GE10,C27_C28,E_ITSP2_ITT2,PC_ENT,CZ,20.24,NaN,18.44,NaN,23.98,NaN
A,GE10,C27_C28,E_ITSP2_ITT2,PC_ENT,DE,25.92,NaN,24.68,NaN,28.22,NaN
A,GE10,C27_C28,E_ITSP2_ITT2,PC_ENT,DK,24.89,NaN,27.76,NaN,26.61,NaN
A,GE10,C27_C28,E_ITSP2_ITT2,PC_ENT,EA,19.86,NaN,20.88,NaN,20.97,NaN
A,GE10,C27_C28,E_ITSP2_ITT2,PC_ENT,EE,9.81,NaN,10.33,NaN,19.76,NaN
A,GE10,C27_C28,E_ITSP2_ITT2,PC_ENT,EL,,u,11.52,NaN,22.6,NaN
A,GE10,C27_C28,E_ITSP2_ITT2,PC_ENT,ES,,u,,u,14.04,NaN
A,GE10,C27_C28,E_ITSP2_ITT2,PC_ENT,EU15,,NaN,,NaN,,NaN
A,GE10,C27_C28,E_ITSP2_ITT2,PC_ENT,EU27_2007,,NaN,,NaN,,NaN
A,GE10,C27_C28,E_ITSP2_ITT2,PC_ENT,EU27_2020,19.63,NaN,20.53,NaN,21.46,NaN
A,GE10,C27_C28,E_ITSP2_ITT2,PC_ENT,EU28,,NaN,,NaN,,NaN
A,GE10,C27_C28,E_ITSP2_ITT2,PC_ENT,FI,,u,,u,,u
A,GE10,C27_C28,E_ITSP2_ITT2,PC_ENT,FR,17.92,NaN,19.65,b,14.32,NaN
A,GE10,C27_C28,E_ITSP2_ITT2,PC_ENT,HR,22.48,NaN,20.86,NaN,19.16,NaN
A,GE10,C27_C28,E_ITSP2_ITT2,PC_ENT,HU,20.5,NaN,20.01,NaN,21.04,NaN
A,GE10,C27_C28,E_ITSP2_ITT2,PC_ENT,IE,22.93,NaN,14.96,NaN,19.13,NaN
A,GE10,C27_C28,E_ITSP2_ITT2,PC_ENT,IT,11.82,NaN,15.86,NaN,13.34,NaN
A,GE10,C27_C28,E_ITSP2_ITT2,PC_ENT,LT,15.11,NaN,15.86,NaN,12.67,NaN
A,GE10,C27_C28,E_ITSP2_ITT2,PC_ENT,LU,,u,,u,,u
A,GE10,C27_C28,E_ITSP2_ITT2,PC_ENT,LV,12.27,NaN,15.0,NaN,14.26,NaN
A,GE10,C27_C28,E_ITSP2_ITT2,PC_ENT,ME,,u,,NaN,,NaN
A,GE10,C27_C28,E_ITSP2_ITT2,PC_ENT,MK,7.81,NaN,,u,,NaN
A,GE10,C27_C28,E_ITSP2_ITT2,PC_ENT,MT,28.42,NaN,,NaN,,u
A,GE10,C27_C28,E_ITSP2_ITT2,PC_ENT,NL,25.59,NaN,30.4,NaN,28.47,NaN
A,GE10,C27_C28,E_ITSP2_ITT2,PC_ENT,NO,19.19,NaN,24.15,NaN,18.36,NaN
A,GE10,C27_C28,E_ITSP2_ITT2,PC_ENT,PL,17.42,NaN,22.9,NaN,28.65,NaN
A,GE10,C27_C28,E_ITSP2_ITT2,PC_ENT,PT,23.33,NaN,13.64,NaN,18.61,NaN
A,GE10,C27_C28,E_ITSP2_ITT2,PC_ENT,RO,5.43,NaN,8.48,NaN,9.69,NaN
A,GE10,C27_C28,E_ITSP2_ITT2,PC_ENT,RS,13.28,NaN,14.4,NaN,11.01,NaN
A,GE10,C27_C28,E_ITSP2_ITT2,PC_ENT,SE,25.0,NaN,17.43,NaN,,bu
A,GE10,C27_C28,E_ITSP2_ITT2,PC_ENT,SI,16.54,NaN,32.04,NaN,33.42,NaN
A,GE10,C27_C28,E_ITSP2_ITT2,PC_ENT,SK,22.95,NaN,20.31,NaN,21.31,NaN
A,GE10,C27_C28,E_ITSP2_ITT2,PC_ENT,TR,10.99,NaN,11.05,NaN,9.66,NaN
A,GE10,C27_C28,E_ITSP2_ITT2,PC_ENT,UK,20.64,NaN,,NaN,,NaN
A,GE10,C27_C28,E_ITSP2_ITT2,PC_ENT_CUSE,AT,,NaN,,NaN,,NaN
A,GE10,C27_C28,E_ITSP2_ITT2,PC_ENT_CUSE,BA,,NaN,,NaN,,NaN
A,GE10,C27_C28,E_ITSP2_ITT2,PC_ENT_CUSE,BE,,NaN,,NaN,,NaN
A,GE10,C27_C28,E_ITSP2_ITT2,PC_ENT_CUSE,BG,,NaN,,NaN,,NaN
A,GE10,C27_C28,E_ITSP2_ITT2,PC_ENT_CUSE,CY,,NaN,,NaN,,NaN
A,GE10,C27_C28,E_ITSP2_ITT2,PC_ENT_CUSE,CZ,,NaN,,NaN,,NaN
A,GE10,C27_C28,E_ITSP2_ITT2,PC_ENT_CUSE,DE,,NaN,,NaN,,NaN
A,GE10,C27_C28,E_ITSP2_ITT2,PC_ENT_CUSE,DK,,NaN,,NaN,,NaN
A,GE10,C27_C28,E_ITSP2_ITT2,PC_ENT_CUSE,EA,,NaN,,NaN,,NaN
A,GE10,C27_C28,E_ITSP2_ITT2,PC_ENT_CUSE,EE,,NaN,,NaN,,NaN
A,GE10,C27_C28,E_ITSP2_ITT2,PC_ENT_CUSE,EL,,NaN,,NaN,,NaN
A,GE10,C27_C28,E_ITSP2_ITT2,PC_ENT_CUSE,ES,,NaN,,NaN,,NaN
A,GE10,C27_C28,E_ITSP2_ITT2,PC_ENT_CUSE,EU15,,NaN,,NaN,,NaN
A,GE10,C27_C28,E_ITSP2_ITT2,PC_ENT_CUSE,EU27_2007,,NaN,,NaN,,NaN
A,GE10,C27_C28,E_ITSP2_ITT2,PC_ENT_CUSE,EU27_2020,,NaN,,NaN,,NaN
A,GE10,C27_C28,E_ITSP2_ITT2,PC_ENT_CUSE,EU28,,NaN,,NaN,,NaN
A,GE10,C27_C28,E_ITSP2_ITT2,PC_ENT_CUSE,FI,,NaN,,NaN,,NaN
A,GE10,C27_C28,E_ITSP2_ITT2,PC_ENT_CUSE,FR,,NaN,,NaN,,NaN
A,GE10,C27_C28,E_ITSP2_ITT2,PC_ENT_CUSE,HR,,NaN,,NaN,,NaN
A,GE10,C27_C28,E_ITSP2_ITT2,PC_ENT_CUSE,HU,,NaN,,NaN,,NaN
A,GE10,C27_C28,E_ITSP2_ITT2,PC_ENT_CUSE,IE,,NaN,,NaN,,NaN
A,GE10,C27_C28,E_ITSP2_ITT2,PC_ENT_CUSE,IT,,NaN,,NaN,,NaN
A,GE10,C27_C28,E_ITSP2_ITT2,PC_ENT_CUSE,LT,,NaN,,NaN,,NaN
A,GE10,C27_C28,E_ITSP2_ITT2,PC_ENT_CUSE,LU,,NaN,,NaN,,NaN
A,GE10,C27_C28,E_ITSP2_ITT2,PC_ENT_CUSE,LV,,NaN,,NaN,,NaN
A,GE10,C27_C28,E_ITSP2_ITT2,PC_ENT_CUSE,ME,,NaN,,NaN,,NaN
A,GE10,C27_C28,E_ITSP2_ITT2,PC_ENT_CUSE,MK,,NaN,,NaN,,NaN
A,GE10,C27_C28,E_ITSP2_ITT2,PC_ENT_CUSE,MT,,NaN,,NaN,,NaN
A,GE10,C27_C28,E_ITSP2_ITT2,PC_ENT_CUSE,NL,,NaN,,NaN,,NaN
A,GE10,C27_C28,E_ITSP2_ITT2,PC_ENT_CUSE,NO,,NaN,,NaN,,NaN
A,GE10,C27_C28,E_ITSP2_ITT2,PC_ENT_CUSE,PL,,NaN,,NaN,,NaN
A,GE10,C27_C28,E_ITSP2_ITT2,PC_ENT_CUSE,PT,,NaN,,NaN,,NaN
A,GE10,C27_C28,E_ITSP2_ITT2,PC_ENT_CUSE,RO,,NaN,,NaN,,NaN
A,GE10,C27_C28,E_ITSP2_ITT2,PC_ENT_CUSE,RS,,NaN,,NaN,,NaN
A,GE10,C27_C28,E_ITSP2_ITT2,PC_ENT_CUSE,SE,,NaN,,NaN,,NaN
A,GE10,C27_C28,E_ITSP2_ITT2,PC_ENT_CUSE,SI,,NaN,,NaN,,NaN
A,GE10,C27_C28,E_ITSP2_ITT2,PC_ENT_CUSE,SK,,NaN,,NaN,,NaN
A,GE10,C27_C28,E_ITSP2_ITT2,PC_ENT_CUSE,TR,,NaN,,NaN,,NaN
A,GE10,C27_C28,E_ITSP2_ITT2,PC_ENT_CUSE,UK,,NaN,,NaN,,NaN
A,GE10,C27_C28,E_ITSPT2,PC_ENT,AT,,u,,u,32.97,NaN
A,GE10,C27_C28,E_ITSPT2,PC_ENT,BA,14.94,NaN,,NaN,20.74,NaN
A,GE10,C27_C28,E_ITSPT2,PC_ENT,BE,,u,,u,,u
A,GE10,C27_C28,E_ITSPT2,PC_ENT,BG,12.5,NaN,5.59,NaN,8.67,NaN
A,GE10,C27_C28,E_ITSPT2,PC_ENT,CY,3.49,NaN,3.82,NaN,3.23,NaN
A,GE10,C27_C28,E_ITSPT2,PC_ENT,CZ,16.19,NaN,15.16,NaN,18.9,NaN
A,GE10,C27_C28,E_ITSPT2,PC_ENT,DE,22.11,NaN,21.1,NaN,24.12,NaN
A,GE10,C27_C28,E_ITSPT2,PC_ENT,DK,20.88,NaN,25.11,NaN,24.29,NaN
A,GE10,C27_C28,E_ITSPT2,PC_ENT,EA,17.35,NaN,18.53,NaN,17.56,NaN
A,GE10,C27_C28,E_ITSPT2,PC_ENT,EE,5.6,NaN,8.8,NaN,17.4,NaN
A,GE10,C27_C28,E_ITSPT2,PC_ENT,EL,,u,11.33,NaN,20.36,NaN
A,GE10,C27_C28,E_ITSPT2,PC_ENT,ES,,u,,u,11.48,NaN
A,GE10,C27_C28,E_ITSPT2,PC_ENT,EU15,,NaN,,NaN,,NaN
A,GE10,C27_C28,E_ITSPT2,PC_ENT,EU27_2007,,NaN,,NaN,,NaN
A,GE10,C27_C28,E_ITSPT2,PC_ENT,EU27_2020,16.68,NaN,17.73,NaN,17.86,NaN
A,GE10,C27_C28,E_ITSPT2,PC_ENT,EU28,,NaN,,NaN,,NaN
A,GE10,C27_C28,E_ITSPT2,PC_ENT,FI,,u,,u,,u
A,GE10,C27_C28,E_ITSPT2,PC_ENT,FR,13.49,NaN,16.58,b,12.26,NaN
A,GE10,C27_C28,E_ITSPT2,PC_ENT,HR,13.76,NaN,17.92,NaN,17.95,NaN
A,GE10,C27_C28,E_ITSPT2,PC_ENT,HU,13.18,NaN,14.43,NaN,14.09,NaN
A,GE10,C27_C28,E_ITSPT2,PC_ENT,IE,13.08,NaN,12.77,NaN,8.74,NaN
A,GE10,C27_C28,E_ITSPT2,PC_ENT,IS,,NaN,,NaN,,NaN
A,GE10,C27_C28,E_ITSPT2,PC_ENT,IT,11.79,NaN,14.97,NaN,10.6,NaN
A,GE10,C27_C28,E_ITSPT2,PC_ENT,LT,10.79,NaN,15.17,NaN,8.0,NaN
A,GE10,C27_C28,E_ITSPT2,PC_ENT,LU,,u,,u,,u
A,GE10,C27_C28,E_ITSPT2,PC_ENT,LV,5.52,NaN,11.36,NaN,11.89,NaN
A,GE10,C27_C28,E_ITSPT2,PC_ENT,ME,,u,,NaN,,NaN
A,GE10,C27_C28,E_ITSPT2,PC_ENT,MK,7.81,NaN,,u,,NaN
A,GE10,C27_C28,E_ITSPT2,PC_ENT,MT,23.35,NaN,,NaN,,u
A,GE10,C27_C28,E_ITSPT2,PC_ENT,NL,21.73,NaN,27.86,NaN,25.3,NaN
A,GE10,C27_C28,E_ITSPT2,PC_ENT,NO,19.76,NaN,20.64,NaN,17.23,NaN
A,GE10,C27_C28,E_ITSPT2,PC_ENT,PL,11.68,NaN,14.07,NaN,26.53,NaN
A,GE10,C27_C28,E_ITSPT2,PC_ENT,PT,19.24,NaN,10.0,NaN,14.1,NaN
A,GE10,C27_C28,E_ITSPT2,PC_ENT,RO,5.28,NaN,9.56,NaN,7.63,NaN
A,GE10,C27_C28,E_ITSPT2,PC_ENT,RS,11.34,NaN,5.69,NaN,7.56,NaN
A,GE10,C27_C28,E_ITSPT2,PC_ENT,SE,18.56,NaN,14.54,NaN,15.8,b
A,GE10,C27_C28,E_ITSPT2,PC_ENT,SI,16.25,NaN,28.88,NaN,31.17,NaN
A,GE10,C27_C28,E_ITSPT2,PC_ENT,SK,17.68,NaN,15.14,NaN,17.54,NaN
A,GE10,C27_C28,E_ITSPT2,PC_ENT,TR,7.4,NaN,7.8,NaN,7.99,NaN
A,GE10,C27_C28,E_ITSPT2,PC_ENT,UK,7.79,NaN,,NaN,,NaN
A,GE10,C27_C28,E_ITSPT2,PC_ENT_CUSE,AT,,NaN,,NaN,,NaN
A,GE10,C27_C28,E_ITSPT2,PC_ENT_CUSE,BA,,NaN,,NaN,,NaN
A,GE10,C27_C28,E_ITSPT2,PC_ENT_CUSE,BE,,NaN,,NaN,,NaN
A,GE10,C27_C28,E_ITSPT2,PC_ENT_CUSE,BG,,NaN,,NaN,,NaN
A,GE10,C27_C28,E_ITSPT2,PC_ENT_CUSE,CY,,NaN,,NaN,,NaN
A,GE10,C27_C28,E_ITSPT2,PC_ENT_CUSE,CZ,,NaN,,NaN,,NaN
A,GE10,C27_C28,E_ITSPT2,PC_ENT_CUSE,DE,,NaN,,NaN,,NaN
A,GE10,C27_C28,E_ITSPT2,PC_ENT_CUSE,DK,,NaN,,NaN,,NaN
A,GE10,C27_C28,E_ITSPT2,PC_ENT_CUSE,EA,,NaN,,NaN,,NaN
A,GE10,C27_C28,E_ITSPT2,PC_ENT_CUSE,EE,,NaN,,NaN,,NaN
A,GE10,C27_C28,E_ITSPT2,PC_ENT_CUSE,EL,,NaN,,NaN,,NaN
A,GE10,C27_C28,E_ITSPT2,PC_ENT_CUSE,ES,,NaN,,NaN,,NaN
A,GE10,C27_C28,E_ITSPT2,PC_ENT_CUSE,EU15,,NaN,,NaN,,NaN
A,GE10,C27_C28,E_ITSPT2,PC_ENT_CUSE,EU27_2007,,NaN,,NaN,,NaN
A,GE10,C27_C28,E_ITSPT2,PC_ENT_CUSE,EU27_2020,,NaN,,NaN,,NaN
A,GE10,C27_C28,E_ITSPT2,PC_ENT_CUSE,EU28,,NaN,,NaN,,NaN
A,GE10,C27_C28,E_ITSPT2,PC_ENT_CUSE,FI,,NaN,,NaN,,NaN
A,GE10,C27_C28,E_ITSPT2,PC_ENT_CUSE,FR,,NaN,,NaN,,NaN
A,GE10,C27_C28,E_ITSPT2,PC_ENT_CUSE,HR,,NaN,,NaN,,NaN
A,GE10,C27_C28,E_ITSPT2,PC_ENT_CUSE,HU,,NaN,,NaN,,NaN
A,GE10,C27_C28,E_ITSPT2,PC_ENT_CUSE,IE,,NaN,,NaN,,NaN
A,GE10,C27_C28,E_ITSPT2,PC_ENT_CUSE,IS,,NaN,,NaN,,NaN
A,GE10,C27_C28,E_ITSPT2,PC_ENT_CUSE,IT,,NaN,,NaN,,NaN
A,GE10,C27_C28,E_ITSPT2,PC_ENT_CUSE,LT,,NaN,,NaN,,NaN
A,GE10,C27_C28,E_ITSPT2,PC_ENT_CUSE,LU,,NaN,,NaN,,NaN
A,GE10,C27_C28,E_ITSPT2,PC_ENT_CUSE,LV,,NaN,,NaN,,NaN
A,GE10,C27_C28,E_ITSPT2,PC_ENT_CUSE,ME,,NaN,,NaN,,NaN
A,GE10,C27_C28,E_ITSPT2,PC_ENT_CUSE,MK,,NaN,,NaN,,NaN
A,GE10,C27_C28,E_ITSPT2,PC_ENT_CUSE,MT,,NaN,,NaN,,NaN
A,GE10,C27_C28,E_ITSPT2,PC_ENT_CUSE,NL,,NaN,,NaN,,NaN
A,GE10,C27_C28,E_ITSPT2,PC_ENT_CUSE,NO,,NaN,,NaN,,NaN
A,GE10,C27_C28,E_ITSPT2,PC_ENT_CUSE,PL,,NaN,,NaN,,NaN
A,GE10,C27_C28,E_ITSPT2,PC_ENT_CUSE,PT,,NaN,,NaN,,NaN
A,GE10,C27_C28,E_ITSPT2,PC_ENT_CUSE,RO,,NaN,,NaN,,NaN
A,GE10,C27_C28,E_ITSPT2,PC_ENT_CUSE,RS,,NaN,,NaN,,NaN
A,GE10,C27_C28,E_ITSPT2,PC_ENT_CUSE,SE,,NaN,,NaN,,NaN
A,GE10,C27_C28,E_ITSPT2,PC_ENT_CUSE,SI,,NaN,,NaN,,NaN
A,GE10,C27_C28,E_ITSPT2,PC_ENT_CUSE,SK,,NaN,,NaN,,NaN
A,GE10,C27_C28,E_ITSPT2,PC_ENT_CUSE,TR,,NaN,,NaN,,NaN
A,GE10,C27_C28,E_ITSPT2,PC_ENT_CUSE,UK,,NaN,,NaN,,NaN
A,GE10,C27_C28,E_ITT2,PC_ENT,AT,,u,,u,43.01,NaN
A,GE10,C27_C28,E_ITT2,PC_ENT,BA,23.86,NaN,19.54,NaN,35.77,NaN
A,GE10,C27_C28,E_ITT2,PC_ENT,BE,,u,,u,,u
A,GE10,C27_C28,E_ITT2,PC_ENT,BG,15.17,NaN,10.61,NaN,14.79,NaN
A,GE10,C27_C28,E_ITT2,PC_ENT,CY,34.52,NaN,13.14,NaN,12.81,NaN
A,GE10,C27_C28,E_ITT2,PC_ENT,CZ,31.33,NaN,28.15,NaN,37.07,NaN
A,GE10,C27_C28,E_ITT2,PC_ENT,DE,38.56,NaN,35.33,NaN,39.49,NaN
A,GE10,C27_C28,E_ITT2,PC_ENT,DK,32.65,NaN,36.86,NaN,40.55,NaN
A,GE10,C27_C28,E_ITT2,PC_ENT,EA,29.61,NaN,30.89,NaN,31.48,NaN
A,GE10,C27_C28,E_ITT2,PC_ENT,EE,15.3,NaN,17.26,NaN,23.36,NaN
A,GE10,C27_C28,E_ITT2,PC_ENT,EL,,u,22.31,NaN,24.22,NaN
A,GE10,C27_C28,E_ITT2,PC_ENT,ES,,u,,u,24.29,NaN
A,GE10,C27_C28,E_ITT2,PC_ENT,EU15,,NaN,,NaN,,NaN
A,GE10,C27_C28,E_ITT2,PC_ENT,EU27_2007,,NaN,,NaN,,NaN
A,GE10,C27_C28,E_ITT2,PC_ENT,EU27_2020,29.23,NaN,30.44,NaN,32.25,NaN
A,GE10,C27_C28,E_ITT2,PC_ENT,EU28,,NaN,,NaN,,NaN
A,GE10,C27_C28,E_ITT2,PC_ENT,FI,,u,,u,,u
A,GE10,C27_C28,E_ITT2,PC_ENT,FR,20.81,NaN,26.8,b,19.34,NaN
A,GE10,C27_C28,E_ITT2,PC_ENT,HR,44.63,NaN,33.26,NaN,26.28,NaN
A,GE10,C27_C28,E_ITT2,PC_ENT,HU,28.61,NaN,27.47,NaN,29.66,NaN
A,GE10,C27_C28,E_ITT2,PC_ENT,IE,39.88,NaN,28.56,NaN,26.93,NaN
A,GE10,C27_C28,E_ITT2,PC_ENT,IS,,NaN,,NaN,,NaN
A,GE10,C27_C28,E_ITT2,PC_ENT,IT,,u,24.97,NaN,25.08,NaN
A,GE10,C27_C28,E_ITT2,PC_ENT,LT,19.42,NaN,20.69,NaN,17.33,NaN
A,GE10,C27_C28,E_ITT2,PC_ENT,LU,,u,,u,,u
A,GE10,C27_C28,E_ITT2,PC_ENT,LV,16.07,NaN,20.3,NaN,14.26,NaN
A,GE10,C27_C28,E_ITT2,PC_ENT,ME,,u,,NaN,,NaN
A,GE10,C27_C28,E_ITT2,PC_ENT,MK,,u,,u,,NaN
A,GE10,C27_C28,E_ITT2,PC_ENT,MT,37.03,NaN,,NaN,,u
A,GE10,C27_C28,E_ITT2,PC_ENT,NL,33.24,NaN,38.23,NaN,35.94,NaN
A,GE10,C27_C28,E_ITT2,PC_ENT,NO,41.77,NaN,42.94,NaN,39.59,NaN
A,GE10,C27_C28,E_ITT2,PC_ENT,PL,23.46,NaN,31.69,NaN,40.32,NaN
A,GE10,C27_C28,E_ITT2,PC_ENT,PT,,u,21.63,NaN,30.32,NaN
A,GE10,C27_C28,E_ITT2,PC_ENT,RO,7.13,NaN,12.32,NaN,13.33,NaN
A,GE10,C27_C28,E_ITT2,PC_ENT,RS,14.74,NaN,25.53,NaN,20.08,NaN
A,GE10,C27_C28,E_ITT2,PC_ENT,SE,45.81,NaN,,u,,bu
A,GE10,C27_C28,E_ITT2,PC_ENT,SI,32.75,NaN,54.72,NaN,55.82,NaN
A,GE10,C27_C28,E_ITT2,PC_ENT,SK,28.54,NaN,24.47,NaN,24.77,NaN
A,GE10,C27_C28,E_ITT2,PC_ENT,TR,18.38,NaN,18.33,NaN,16.39,NaN
A,GE10,C27_C28,E_ITT2,PC_ENT,UK,24.4,NaN,,NaN,,NaN
A,GE10,C27_C28,E_ITT2,PC_ENT_CUSE,AT,,NaN,,NaN,,NaN
A,GE10,C27_C28,E_ITT2,PC_ENT_CUSE,BA,,NaN,,NaN,,NaN
A,GE10,C27_C28,E_ITT2,PC_ENT_CUSE,BE,,NaN,,NaN,,NaN
A,GE10,C27_C28,E_ITT2,PC_ENT_CUSE,BG,,NaN,,NaN,,NaN
A,GE10,C27_C28,E_ITT2,PC_ENT_CUSE,CY,,NaN,,NaN,,NaN
A,GE10,C27_C28,E_ITT2,PC_ENT_CUSE,CZ,,NaN,,NaN,,NaN
A,GE10,C27_C28,E_ITT2,PC_ENT_CUSE,DE,,NaN,,NaN,,NaN
A,GE10,C27_C28,E_ITT2,PC_ENT_CUSE,DK,,NaN,,NaN,,NaN
A,GE10,C27_C28,E_ITT2,PC_ENT_CUSE,EA,,NaN,,NaN,,NaN
A,GE10,C27_C28,E_ITT2,PC_ENT_CUSE,EE,,NaN,,NaN,,NaN
A,GE10,C27_C28,E_ITT2,PC_ENT_CUSE,EL,,NaN,,NaN,,NaN
A,GE10,C27_C28,E_ITT2,PC_ENT_CUSE,ES,,NaN,,NaN,,NaN
A,GE10,C27_C28,E_ITT2,PC_ENT_CUSE,EU15,,NaN,,NaN,,NaN
A,GE10,C27_C28,E_ITT2,PC_ENT_CUSE,EU27_2007,,NaN,,NaN,,NaN
A,GE10,C27_C28,E_ITT2,PC_ENT_CUSE,EU27_2020,,NaN,,NaN,,NaN
A,GE10,C27_C28,E_ITT2,PC_ENT_CUSE,EU28,,NaN,,NaN,,NaN
A,GE10,C27_C28,E_ITT2,PC_ENT_CUSE,FI,,NaN,,NaN,,NaN
A,GE10,C27_C28,E_ITT2,PC_ENT_CUSE,FR,,NaN,,NaN,,NaN
A,GE10,C27_C28,E_ITT2,PC_ENT_CUSE,HR,,NaN,,NaN,,NaN
A,GE10,C27_C28,E_ITT2,PC_ENT_CUSE,HU,,NaN,,NaN,,NaN
A,GE10,C27_C28,E_ITT2,PC_ENT_CUSE,IE,,NaN,,NaN,,NaN
A,GE10,C27_C28,E_ITT2,PC_ENT_CUSE,IS,,NaN,,NaN,,NaN
A,GE10,C27_C28,E_ITT2,PC_ENT_CUSE,IT,,NaN,,NaN,,NaN
A,GE10,C27_C28,E_ITT2,PC_ENT_CUSE,LT,,NaN,,NaN,,NaN
A,GE10,C27_C28,E_ITT2,PC_ENT_CUSE,LU,,NaN,,NaN,,NaN
A,GE10,C27_C28,E_ITT2,PC_ENT_CUSE,LV,,NaN,,NaN,,NaN
A,GE10,C27_C28,E_ITT2,PC_ENT_CUSE,ME,,NaN,,NaN,,NaN
A,GE10,C27_C28,E_ITT2,PC_ENT_CUSE,MK,,NaN,,NaN,,NaN
A,GE10,C27_C28,E_ITT2,PC_ENT_CUSE,MT,,NaN,,NaN,,NaN
A,GE10,C27_C28,E_ITT2,PC_ENT_CUSE,NL,,NaN,,NaN,,NaN
A,GE10,C27_C28,E_ITT2,PC_ENT_CUSE,NO,,NaN,,NaN,,NaN
A,GE10,C27_C28,E_ITT2,PC_ENT_CUSE,PL,,NaN,,NaN,,NaN
A,GE10,C27_C28,E_ITT2,PC_ENT_CUSE,PT,,NaN,,NaN,,NaN
A,GE10,C27_C28,E_ITT2,PC_ENT_CUSE,RO,,NaN,,NaN,,NaN
A,GE10,C27_C28,E_ITT2,PC_ENT_CUSE,RS,,NaN,,NaN,,NaN
A,GE10,C27_C28,E_ITT2,PC_ENT_CUSE,SE,,NaN,,NaN,,NaN
A,GE10,C27_C28,E_ITT2,PC_ENT_CUSE,SI,,NaN,,NaN,,NaN
A,GE10,C27_C28,E_ITT2,PC_ENT_CUSE,SK,,NaN,,NaN,,NaN
A,GE10,C27_C28,E_ITT2,PC_ENT_CUSE,TR,,NaN,,NaN,,NaN
A,GE10,C27_C28,E_ITT2,PC_ENT_CUSE,UK,,NaN,,NaN,,NaN
A,GE10,C27_C28,E_ITUST2,PC_ENT,AT,26.9,NaN,,u,31.96,NaN
A,GE10,C27_C28,E_ITUST2,PC_ENT,BA,19.22,NaN,17.24,NaN,25.26,NaN
A,GE10,C27_C28,E_ITUST2,PC_ENT,BE,,u,,u,,u
A,GE10,C27_C28,E_ITUST2,PC_ENT,BG,9.45,NaN,8.38,NaN,9.15,NaN
A,GE10,C27_C28,E_ITUST2,PC_ENT,CY,34.52,NaN,13.14,NaN,12.81,NaN
A,GE10,C27_C28,E_ITUST2,PC_ENT,CZ,31.33,NaN,25.96,NaN,34.4,NaN
A,GE10,C27_C28,E_ITUST2,PC_ENT,DE,32.67,NaN,32.11,NaN,35.23,NaN
A,GE10,C27_C28,E_ITUST2,PC_ENT,DK,26.6,NaN,34.02,NaN,33.51,NaN
A,GE10,C27_C28,E_ITUST2,PC_ENT,EA,24.56,NaN,25.84,NaN,27.66,NaN
A,GE10,C27_C28,E_ITUST2,PC_ENT,EE,13.64,NaN,13.22,NaN,19.01,NaN
A,GE10,C27_C28,E_ITUST2,PC_ENT,EL,,u,17.49,NaN,17.58,NaN
A,GE10,C27_C28,E_ITUST2,PC_ENT,ES,,u,,u,22.33,NaN
A,GE10,C27_C28,E_ITUST2,PC_ENT,EU15,,NaN,,NaN,,NaN
A,GE10,C27_C28,E_ITUST2,PC_ENT,EU27_2007,,NaN,,NaN,,NaN
A,GE10,C27_C28,E_ITUST2,PC_ENT,EU27_2020,24.69,NaN,25.89,NaN,28.23,NaN
A,GE10,C27_C28,E_ITUST2,PC_ENT,EU28,,NaN,,NaN,,NaN
A,GE10,C27_C28,E_ITUST2,PC_ENT,FI,,u,,u,,u
A,GE10,C27_C28,E_ITUST2,PC_ENT,FR,17.3,NaN,21.99,b,15.24,NaN
A,GE10,C27_C28,E_ITUST2,PC_ENT,HR,43.71,NaN,26.29,NaN,24.2,NaN
A,GE10,C27_C28,E_ITUST2,PC_ENT,HU,26.06,NaN,22.69,NaN,25.59,NaN
A,GE10,C27_C28,E_ITUST2,PC_ENT,IE,38.4,NaN,18.15,NaN,25.96,NaN
A,GE10,C27_C28,E_ITUST2,PC_ENT,IS,,NaN,,NaN,,NaN
A,GE10,C27_C28,E_ITUST2,PC_ENT,IT,,u,18.87,NaN,22.35,NaN
A,GE10,C27_C28,E_ITUST2,PC_ENT,LT,13.67,NaN,15.17,NaN,16.67,NaN
A,GE10,C27_C28,E_ITUST2,PC_ENT,LU,,u,,u,,u
A,GE10,C27_C28,E_ITUST2,PC_ENT,LV,14.17,NaN,11.47,NaN,10.38,NaN
A,GE10,C27_C28,E_ITUST2,PC_ENT,ME,,u,0.0,NaN,,NaN
A,GE10,C27_C28,E_ITUST2,PC_ENT,MK,,u,,u,,NaN
A,GE10,C27_C28,E_ITUST2,PC_ENT,MT,37.03,NaN,,NaN,,u
A,GE10,C27_C28,E_ITUST2,PC_ENT,NL,28.96,NaN,30.15,NaN,30.58,NaN
A,GE10,C27_C28,E_ITUST2,PC_ENT,NO,40.93,NaN,39.58,NaN,38.58,NaN
A,GE10,C27_C28,E_ITUST2,PC_ENT,PL,21.4,NaN,30.21,NaN,32.16,NaN
A,GE10,C27_C28,E_ITUST2,PC_ENT,PT,,u,19.75,NaN,28.22,NaN
A,GE10,C27_C28,E_ITUST2,PC_ENT,RO,4.96,NaN,9.28,NaN,12.0,NaN
A,GE10,C27_C28,E_ITUST2,PC_ENT,RS,13.64,NaN,23.2,NaN,15.95,NaN
A,GE10,C27_C28,E_ITUST2,PC_ENT,SE,41.71,NaN,36.83,NaN,,bu
A,GE10,C27_C28,E_ITUST2,PC_ENT,SI,29.68,NaN,48.82,NaN,48.7,NaN
A,GE10,C27_C28,E_ITUST2,PC_ENT,SK,24.08,NaN,20.06,NaN,20.43,NaN
A,GE10,C27_C28,E_ITUST2,PC_ENT,TR,15.56,NaN,16.56,NaN,15.55,NaN
A,GE10,C27_C28,E_ITUST2,PC_ENT,UK,22.71,NaN,,NaN,,NaN
A,GE10,C27_C28,E_ITUST2,PC_ENT_CUSE,AT,,NaN,,NaN,,NaN
A,GE10,C27_C28,E_ITUST2,PC_ENT_CUSE,BA,,NaN,,NaN,,NaN
A,GE10,C27_C28,E_ITUST2,PC_ENT_CUSE,BE,,NaN,,NaN,,NaN
A,GE10,C27_C28,E_ITUST2,PC_ENT_CUSE,BG,,NaN,,NaN,,NaN
A,GE10,C27_C28,E_ITUST2,PC_ENT_CUSE,CY,,NaN,,NaN,,NaN
A,GE10,C27_C28,E_ITUST2,PC_ENT_CUSE,CZ,,NaN,,NaN,,NaN
A,GE10,C27_C28,E_ITUST2,PC_ENT_CUSE,DE,,NaN,,NaN,,NaN
A,GE10,C27_C28,E_ITUST2,PC_ENT_CUSE,DK,,NaN,,NaN,,NaN
A,GE10,C27_C28,E_ITUST2,PC_ENT_CUSE,EA,,NaN,,NaN,,NaN
A,GE10,C27_C28,E_ITUST2,PC_ENT_CUSE,EE,,NaN,,NaN,,NaN
A,GE10,C27_C28,E_ITUST2,PC_ENT_CUSE,EL,,NaN,,NaN,,NaN
A,GE10,C27_C28,E_ITUST2,PC_ENT_CUSE,ES,,NaN,,NaN,,NaN
A,GE10,C27_C28,E_ITUST2,PC_ENT_CUSE,EU15,,NaN,,NaN,,NaN
A,GE10,C27_C28,E_ITUST2,PC_ENT_CUSE,EU27_2007,,NaN,,NaN,,NaN
A,GE10,C27_C28,E_ITUST2,PC_ENT_CUSE,EU27_2020,,NaN,,NaN,,NaN
A,GE10,C27_C28,E_ITUST2,PC_ENT_CUSE,EU28,,NaN,,NaN,,NaN
A,GE10,C27_C28,E_ITUST2,PC_ENT_CUSE,FI,,NaN,,NaN,,NaN
A,GE10,C27_C28,E_ITUST2,PC_ENT_CUSE,FR,,NaN,,NaN,,NaN
A,GE10,C27_C28,E_ITUST2,PC_ENT_CUSE,HR,,NaN,,NaN,,NaN
A,GE10,C27_C28,E_ITUST2,PC_ENT_CUSE,HU,,NaN,,NaN,,NaN
A,GE10,C27_C28,E_ITUST2,PC_ENT_CUSE,IE,,NaN,,NaN,,NaN
A,GE10,C27_C28,E_ITUST2,PC_ENT_CUSE,IS,,NaN,,NaN,,NaN
A,GE10,C27_C28,E_ITUST2,PC_ENT_CUSE,IT,,NaN,,NaN,,NaN
A,GE10,C27_C28,E_ITUST2,PC_ENT_CUSE,LT,,NaN,,NaN,,NaN
A,GE10,C27_C28,E_ITUST2,PC_ENT_CUSE,LU,,NaN,,NaN,,NaN
A,GE10,C27_C28,E_ITUST2,PC_ENT_CUSE,LV,,NaN,,NaN,,NaN
A,GE10,C27_C28,E_ITUST2,PC_ENT_CUSE,ME,,NaN,,NaN,,NaN
A,GE10,C27_C28,E_ITUST2,PC_ENT_CUSE,MK,,NaN,,NaN,,NaN
A,GE10,C27_C28,E_ITUST2,PC_ENT_CUSE,MT,,NaN,,NaN,,NaN
A,GE10,C27_C28,E_ITUST2,PC_ENT_CUSE,NL,,NaN,,NaN,,NaN
A,GE10,C27_C28,E_ITUST2,PC_ENT_CUSE,NO,,NaN,,NaN,,NaN
A,GE10,C27_C28,E_ITUST2,PC_ENT_CUSE,PL,,NaN,,NaN,,NaN
A,GE10,C27_C28,E_ITUST2,PC_ENT_CUSE,PT,,NaN,,NaN,,NaN
A,GE10,C27_C28,E_ITUST2,PC_ENT_CUSE,RO,,NaN,,NaN,,NaN
A,GE10,C27_C28,E_ITUST2,PC_ENT_CUSE,RS,,NaN,,NaN,,NaN
A,GE10,C27_C28,E_ITUST2,PC_ENT_CUSE,SE,,NaN,,NaN,,NaN
A,GE10,C27_C28,E_ITUST2,PC_ENT_CUSE,SI,,NaN,,NaN,,NaN
A,GE10,C27_C28,E_ITUST2,PC_ENT_CUSE,SK,,NaN,,NaN,,NaN
A,GE10,C27_C28,E_ITUST2,PC_ENT_CUSE,TR,,NaN,,NaN,,NaN
A,GE10,C27_C28,E_ITUST2,PC_ENT_CUSE,UK,,NaN,,NaN,,NaN
A,GE10,C28,E_ITSP2X_ITT2,PC_ENT,AT,,NaN,,u,7.88,NaN
A,GE10,C28,E_ITSP2X_ITT2,PC_ENT,BA,,NaN,,NaN,8.79,NaN
A,GE10,C28,E_ITSP2X_ITT2,PC_ENT,BE,,NaN,,u,,u
A,GE10,C28,E_ITSP2X_ITT2,PC_ENT,BG,,NaN,,u,,u
A,GE10,C28,E_ITSP2X_ITT2,PC_ENT,CY,,NaN,11.82,NaN,15.17,NaN
A,GE10,C28,E_ITSP2X_ITT2,PC_ENT,CZ,,NaN,9.45,NaN,15.92,NaN
A,GE10,C28,E_ITSP2X_ITT2,PC_ENT,DE,,NaN,11.03,NaN,10.21,NaN
A,GE10,C28,E_ITSP2X_ITT2,PC_ENT,DK,,NaN,9.73,NaN,13.38,NaN
A,GE10,C28,E_ITSP2X_ITT2,PC_ENT,EA,,NaN,10.33,NaN,10.06,NaN
A,GE10,C28,E_ITSP2X_ITT2,PC_ENT,EE,,NaN,5.27,NaN,2.74,NaN
A,GE10,C28,E_ITSP2X_ITT2,PC_ENT,EL,,NaN,7.1,NaN,0.0,NaN
A,GE10,C28,E_ITSP2X_ITT2,PC_ENT,ES,,NaN,,u,10.41,NaN
A,GE10,C28,E_ITSP2X_ITT2,PC_ENT,EU27_2020,,NaN,10.23,NaN,10.55,NaN
A,GE10,C28,E_ITSP2X_ITT2,PC_ENT,FI,,NaN,,u,,u
A,GE10,C28,E_ITSP2X_ITT2,PC_ENT,FR,,NaN,7.27,b,3.04,NaN
A,GE10,C28,E_ITSP2X_ITT2,PC_ENT,HR,,NaN,18.42,NaN,8.84,NaN
A,GE10,C28,E_ITSP2X_ITT2,PC_ENT,HU,,NaN,8.95,NaN,9.06,NaN
A,GE10,C28,E_ITSP2X_ITT2,PC_ENT,IE,,NaN,14.81,NaN,9.68,NaN
A,GE10,C28,E_ITSP2X_ITT2,PC_ENT,IT,,NaN,,u,,u
A,GE10,C28,E_ITSP2X_ITT2,PC_ENT,LT,,NaN,,u,,u
A,GE10,C28,E_ITSP2X_ITT2,PC_ENT,LU,,NaN,,u,,u
A,GE10,C28,E_ITSP2X_ITT2,PC_ENT,LV,,NaN,7.82,NaN,0.0,NaN
A,GE10,C28,E_ITSP2X_ITT2,PC_ENT,ME,,NaN,0.0,NaN,,NaN
A,GE10,C28,E_ITSP2X_ITT2,PC_ENT,MK,,NaN,,u,,NaN
A,GE10,C28,E_ITSP2X_ITT2,PC_ENT,MT,,NaN,,NaN,,u
A,GE10,C28,E_ITSP2X_ITT2,PC_ENT,NL,,NaN,7.42,NaN,7.38,NaN
A,GE10,C28,E_ITSP2X_ITT2,PC_ENT,NO,,NaN,16.62,NaN,20.93,NaN
A,GE10,C28,E_ITSP2X_ITT2,PC_ENT,PL,,NaN,6.74,NaN,12.43,NaN
A,GE10,C28,E_ITSP2X_ITT2,PC_ENT,PT,,NaN,6.23,NaN,12.25,NaN
A,GE10,C28,E_ITSP2X_ITT2,PC_ENT,RO,,NaN,3.22,NaN,3.74,NaN
A,GE10,C28,E_ITSP2X_ITT2,PC_ENT,RS,,NaN,8.25,NaN,8.37,NaN
A,GE10,C28,E_ITSP2X_ITT2,PC_ENT,SE,,NaN,24.62,NaN,,bu
A,GE10,C28,E_ITSP2X_ITT2,PC_ENT,SI,,NaN,16.93,NaN,24.78,NaN
A,GE10,C28,E_ITSP2X_ITT2,PC_ENT,SK,,NaN,5.66,NaN,4.24,NaN
A,GE10,C28,E_ITSP2X_ITT2,PC_ENT,TR,,NaN,7.96,NaN,7.82,NaN
A,GE10,C28,E_ITSP2_ITT2,PC_ENT,AT,,NaN,,u,34.45,NaN
A,GE10,C28,E_ITSP2_ITT2,PC_ENT,BA,,NaN,7.69,NaN,20.5,NaN
A,GE10,C28,E_ITSP2_ITT2,PC_ENT,BE,,NaN,,u,,u
A,GE10,C28,E_ITSP2_ITT2,PC_ENT,BG,,NaN,8.25,NaN,9.19,NaN
A,GE10,C28,E_ITSP2_ITT2,PC_ENT,CY,,NaN,9.69,NaN,7.74,NaN
A,GE10,C28,E_ITSP2_ITT2,PC_ENT,CZ,,NaN,19.36,NaN,25.35,NaN
A,GE10,C28,E_ITSP2_ITT2,PC_ENT,DE,,NaN,22.88,NaN,27.61,NaN
A,GE10,C28,E_ITSP2_ITT2,PC_ENT,DK,,NaN,28.36,NaN,23.1,NaN
A,GE10,C28,E_ITSP2_ITT2,PC_ENT,EA,,NaN,19.15,NaN,19.98,NaN
A,GE10,C28,E_ITSP2_ITT2,PC_ENT,EE,,NaN,5.94,NaN,11.6,NaN
A,GE10,C28,E_ITSP2_ITT2,PC_ENT,EL,,NaN,9.46,NaN,17.67,NaN
A,GE10,C28,E_ITSP2_ITT2,PC_ENT,ES,,NaN,,u,13.05,NaN
A,GE10,C28,E_ITSP2_ITT2,PC_ENT,EU27_2020,,NaN,19.12,NaN,20.28,NaN
A,GE10,C28,E_ITSP2_ITT2,PC_ENT,FI,,NaN,,u,,u
A,GE10,C28,E_ITSP2_ITT2,PC_ENT,FR,,NaN,17.67,b,11.93,NaN
A,GE10,C28,E_ITSP2_ITT2,PC_ENT,HR,,NaN,38.04,NaN,22.18,NaN
A,GE10,C28,E_ITSP2_ITT2,PC_ENT,HU,,NaN,17.14,NaN,18.66,NaN
A,GE10,C28,E_ITSP2_ITT2,PC_ENT,IE,,NaN,16.83,NaN,22.54,NaN
A,GE10,C28,E_ITSP2_ITT2,PC_ENT,IT,,NaN,,u,,u
A,GE10,C28,E_ITSP2_ITT2,PC_ENT,LT,,NaN,,u,,u
A,GE10,C28,E_ITSP2_ITT2,PC_ENT,LU,,NaN,,u,,u
A,GE10,C28,E_ITSP2_ITT2,PC_ENT,LV,,NaN,9.8,NaN,13.59,NaN
A,GE10,C28,E_ITSP2_ITT2,PC_ENT,ME,,NaN,,NaN,,NaN
A,GE10,C28,E_ITSP2_ITT2,PC_ENT,MK,,NaN,,u,,NaN
A,GE10,C28,E_ITSP2_ITT2,PC_ENT,MT,,NaN,,NaN,,u
A,GE10,C28,E_ITSP2_ITT2,PC_ENT,NL,,NaN,31.44,NaN,28.97,NaN
A,GE10,C28,E_ITSP2_ITT2,PC_ENT,NO,,NaN,23.74,NaN,18.33,NaN
A,GE10,C28,E_ITSP2_ITT2,PC_ENT,PL,,NaN,21.91,NaN,24.29,NaN
A,GE10,C28,E_ITSP2_ITT2,PC_ENT,PT,,NaN,11.06,NaN,17.77,NaN
A,GE10,C28,E_ITSP2_ITT2,PC_ENT,RO,,NaN,9.73,NaN,7.79,NaN
A,GE10,C28,E_ITSP2_ITT2,PC_ENT,RS,,NaN,13.06,NaN,3.53,NaN
A,GE10,C28,E_ITSP2_ITT2,PC_ENT,SE,,NaN,15.25,NaN,26.74,b
A,GE10,C28,E_ITSP2_ITT2,PC_ENT,SI,,NaN,29.45,NaN,35.02,NaN
A,GE10,C28,E_ITSP2_ITT2,PC_ENT,SK,,NaN,15.48,NaN,22.09,NaN
A,GE10,C28,E_ITSP2_ITT2,PC_ENT,TR,,NaN,9.53,NaN,8.54,NaN
A,GE10,C28,E_ITSPT2,PC_ENT,AT,,NaN,,u,31.92,NaN
A,GE10,C28,E_ITSPT2,PC_ENT,BA,,NaN,,NaN,18.5,NaN
A,GE10,C28,E_ITSPT2,PC_ENT,BE,,NaN,,u,,u
A,GE10,C28,E_ITSPT2,PC_ENT,BG,,NaN,4.6,NaN,8.05,NaN
A,GE10,C28,E_ITSPT2,PC_ENT,CY,,NaN,9.69,NaN,7.74,NaN
A,GE10,C28,E_ITSPT2,PC_ENT,CZ,,NaN,15.14,NaN,18.96,NaN
A,GE10,C28,E_ITSPT2,PC_ENT,DE,,NaN,19.18,NaN,23.17,NaN
A,GE10,C28,E_ITSPT2,PC_ENT,DK,,NaN,25.33,NaN,21.17,NaN
A,GE10,C28,E_ITSPT2,PC_ENT,EA,,NaN,16.93,NaN,16.79,NaN
A,GE10,C28,E_ITSPT2,PC_ENT,EE,,NaN,5.94,NaN,10.34,NaN
A,GE10,C28,E_ITSPT2,PC_ENT,EL,,NaN,7.45,NaN,17.67,NaN
A,GE10,C28,E_ITSPT2,PC_ENT,ES,,NaN,,u,10.89,NaN
A,GE10,C28,E_ITSPT2,PC_ENT,EU27_2020,,NaN,16.42,NaN,16.96,NaN
A,GE10,C28,E_ITSPT2,PC_ENT,FI,,NaN,,u,,u
A,GE10,C28,E_ITSPT2,PC_ENT,FR,,NaN,13.96,b,10.27,NaN
A,GE10,C28,E_ITSPT2,PC_ENT,HR,,NaN,29.9,NaN,21.53,NaN
A,GE10,C28,E_ITSPT2,PC_ENT,HU,,NaN,13.18,NaN,11.64,NaN
A,GE10,C28,E_ITSPT2,PC_ENT,IE,,NaN,13.9,NaN,10.16,NaN
A,GE10,C28,E_ITSPT2,PC_ENT,IT,,NaN,,u,,u
A,GE10,C28,E_ITSPT2,PC_ENT,LT,,NaN,,u,,u
A,GE10,C28,E_ITSPT2,PC_ENT,LU,,NaN,,u,,u
A,GE10,C28,E_ITSPT2,PC_ENT,LV,,NaN,7.82,NaN,11.58,NaN
A,GE10,C28,E_ITSPT2,PC_ENT,ME,,NaN,,NaN,,NaN
A,GE10,C28,E_ITSPT2,PC_ENT,MK,,NaN,,u,,NaN
A,GE10,C28,E_ITSPT2,PC_ENT,MT,,NaN,,NaN,,u
A,GE10,C28,E_ITSPT2,PC_ENT,NL,,NaN,28.45,NaN,25.55,NaN
A,GE10,C28,E_ITSPT2,PC_ENT,NO,,NaN,21.09,NaN,17.78,NaN
A,GE10,C28,E_ITSPT2,PC_ENT,PL,,NaN,12.09,NaN,22.82,NaN
A,GE10,C28,E_ITSPT2,PC_ENT,PT,,NaN,8.08,NaN,13.19,NaN
A,GE10,C28,E_ITSPT2,PC_ENT,RO,,NaN,10.07,NaN,6.55,NaN
A,GE10,C28,E_ITSPT2,PC_ENT,RS,,NaN,2.79,NaN,2.56,NaN
A,GE10,C28,E_ITSPT2,PC_ENT,SE,,NaN,14.53,NaN,18.94,b
A,GE10,C28,E_ITSPT2,PC_ENT,SI,,NaN,25.74,NaN,31.89,NaN
A,GE10,C28,E_ITSPT2,PC_ENT,SK,,NaN,11.47,NaN,17.97,NaN
A,GE10,C28,E_ITSPT2,PC_ENT,TR,,NaN,7.26,NaN,7.29,NaN
A,GE10,C28,E_ITT2,PC_ENT,AT,,NaN,,u,43.24,NaN
A,GE10,C28,E_ITT2,PC_ENT,BA,,NaN,13.46,NaN,29.29,NaN
A,GE10,C28,E_ITT2,PC_ENT,BE,,NaN,,u,,u
A,GE10,C28,E_ITT2,PC_ENT,BG,,NaN,11.63,NaN,10.2,NaN
A,GE10,C28,E_ITT2,PC_ENT,CY,,NaN,21.51,NaN,22.91,NaN
A,GE10,C28,E_ITT2,PC_ENT,CZ,,NaN,28.81,NaN,41.28,NaN
A,GE10,C28,E_ITT2,PC_ENT,DE,,NaN,33.91,NaN,37.81,NaN
A,GE10,C28,E_ITT2,PC_ENT,DK,,NaN,38.09,NaN,36.48,NaN
A,GE10,C28,E_ITT2,PC_ENT,EA,,NaN,29.88,NaN,30.06,NaN
A,GE10,C28,E_ITT2,PC_ENT,EE,,NaN,11.21,NaN,14.35,NaN
A,GE10,C28,E_ITT2,PC_ENT,EL,,NaN,16.55,NaN,17.67,NaN
A,GE10,C28,E_ITT2,PC_ENT,ES,,NaN,,u,23.46,NaN
A,GE10,C28,E_ITT2,PC_ENT,EU27_2020,,NaN,29.68,NaN,30.87,NaN
A,GE10,C28,E_ITT2,PC_ENT,FI,,NaN,,u,,u
A,GE10,C28,E_ITT2,PC_ENT,FR,,NaN,24.94,b,14.97,NaN
A,GE10,C28,E_ITT2,PC_ENT,HR,,NaN,56.47,NaN,31.02,NaN
A,GE10,C28,E_ITT2,PC_ENT,HU,,NaN,26.09,NaN,27.72,NaN
A,GE10,C28,E_ITT2,PC_ENT,IE,,NaN,31.64,NaN,32.21,NaN
A,GE10,C28,E_ITT2,PC_ENT,IT,,NaN,,u,,u
A,GE10,C28,E_ITT2,PC_ENT,LT,,NaN,,u,,u
A,GE10,C28,E_ITT2,PC_ENT,LU,,NaN,,u,,u
A,GE10,C28,E_ITT2,PC_ENT,LV,,NaN,17.62,NaN,13.59,NaN
A,GE10,C28,E_ITT2,PC_ENT,ME,,NaN,,NaN,,NaN
A,GE10,C28,E_ITT2,PC_ENT,MK,,NaN,,u,,NaN
A,GE10,C28,E_ITT2,PC_ENT,MT,,NaN,,NaN,,u
A,GE10,C28,E_ITT2,PC_ENT,NL,,NaN,38.87,NaN,36.34,NaN
A,GE10,C28,E_ITT2,PC_ENT,NO,,NaN,40.36,NaN,39.27,NaN
A,GE10,C28,E_ITT2,PC_ENT,PL,,NaN,28.65,NaN,37.24,NaN
A,GE10,C28,E_ITT2,PC_ENT,PT,,NaN,17.29,NaN,30.02,NaN
A,GE10,C28,E_ITT2,PC_ENT,RO,,NaN,13.28,NaN,11.52,NaN
A,GE10,C28,E_ITT2,PC_ENT,RS,,NaN,21.3,NaN,11.9,NaN
A,GE10,C28,E_ITT2,PC_ENT,SE,,NaN,,u,,bu
A,GE10,C28,E_ITT2,PC_ENT,SI,,NaN,46.33,NaN,59.8,NaN
A,GE10,C28,E_ITT2,PC_ENT,SK,,NaN,21.14,NaN,26.33,NaN
A,GE10,C28,E_ITT2,PC_ENT,TR,,NaN,17.49,NaN,16.36,NaN
A,GE10,C28,E_ITUST2,PC_ENT,AT,,NaN,,u,30.71,NaN
A,GE10,C28,E_ITUST2,PC_ENT,BA,,NaN,13.46,NaN,18.79,NaN
A,GE10,C28,E_ITUST2,PC_ENT,BE,,NaN,,u,,u
A,GE10,C28,E_ITUST2,PC_ENT,BG,,NaN,10.0,NaN,4.66,NaN
A,GE10,C28,E_ITUST2,PC_ENT,CY,,NaN,21.51,NaN,22.91,NaN
A,GE10,C28,E_ITUST2,PC_ENT,CZ,,NaN,26.65,NaN,38.45,NaN
A,GE10,C28,E_ITUST2,PC_ENT,DE,,NaN,31.59,NaN,33.45,NaN
A,GE10,C28,E_ITUST2,PC_ENT,DK,,NaN,35.14,NaN,31.97,NaN
A,GE10,C28,E_ITUST2,PC_ENT,EA,,NaN,25.14,NaN,26.06,NaN
A,GE10,C28,E_ITUST2,PC_ENT,EE,,NaN,8.24,NaN,10.55,NaN
A,GE10,C28,E_ITUST2,PC_ENT,EL,,NaN,14.17,NaN,8.97,NaN
A,GE10,C28,E_ITUST2,PC_ENT,ES,,NaN,,u,21.38,NaN
A,GE10,C28,E_ITUST2,PC_ENT,EU27_2020,,NaN,25.35,NaN,26.72,NaN
A,GE10,C28,E_ITUST2,PC_ENT,FI,,NaN,,u,,u
A,GE10,C28,E_ITUST2,PC_ENT,FR,,NaN,19.84,b,11.04,NaN
A,GE10,C28,E_ITUST2,PC_ENT,HR,,NaN,52.62,NaN,29.85,NaN
A,GE10,C28,E_ITUST2,PC_ENT,HU,,NaN,21.18,NaN,23.87,NaN
A,GE10,C28,E_ITUST2,PC_ENT,IE,,NaN,20.91,NaN,30.89,NaN
A,GE10,C28,E_ITUST2,PC_ENT,IT,,NaN,,u,,u
A,GE10,C28,E_ITUST2,PC_ENT,LT,,NaN,,u,,u
A,GE10,C28,E_ITUST2,PC_ENT,LU,,NaN,,u,,u
A,GE10,C28,E_ITUST2,PC_ENT,LV,,NaN,9.8,NaN,9.4,NaN
A,GE10,C28,E_ITUST2,PC_ENT,ME,,NaN,0.0,NaN,,NaN
A,GE10,C28,E_ITUST2,PC_ENT,MK,,NaN,,u,,NaN
A,GE10,C28,E_ITUST2,PC_ENT,MT,,NaN,,NaN,,u
A,GE10,C28,E_ITUST2,PC_ENT,NL,,NaN,30.99,NaN,31.41,NaN
A,GE10,C28,E_ITUST2,PC_ENT,NO,,NaN,38.39,NaN,37.79,NaN
A,GE10,C28,E_ITUST2,PC_ENT,PL,,NaN,26.85,NaN,28.61,NaN
A,GE10,C28,E_ITUST2,PC_ENT,PT,,NaN,14.63,NaN,28.38,NaN
A,GE10,C28,E_ITUST2,PC_ENT,RO,,NaN,10.2,NaN,10.39,NaN
A,GE10,C28,E_ITUST2,PC_ENT,RS,,NaN,19.49,NaN,9.82,NaN
A,GE10,C28,E_ITUST2,PC_ENT,SE,,NaN,37.67,NaN,,bu
A,GE10,C28,E_ITUST2,PC_ENT,SI,,NaN,41.52,NaN,50.35,NaN
A,GE10,C28,E_ITUST2,PC_ENT,SK,,NaN,16.38,NaN,21.12,NaN
A,GE10,C28,E_ITUST2,PC_ENT,TR,,NaN,15.53,NaN,15.67,NaN
A,GE10,C29_C30,E_ITSP2X_ITT2,PC_ENT,AT,0.0,NaN,,u,,u
A,GE10,C29_C30,E_ITSP2X_ITT2,PC_ENT,BA,,NaN,23.28,NaN,,NaN
A,GE10,C29_C30,E_ITSP2X_ITT2,PC_ENT,BE,,u,,u,,u
A,GE10,C29_C30,E_ITSP2X_ITT2,PC_ENT,BG,0.0,NaN,0.0,NaN,,u
A,GE10,C29_C30,E_ITSP2X_ITT2,PC_ENT,CY,,NaN,,NaN,0.0,NaN
A,GE10,C29_C30,E_ITSP2X_ITT2,PC_ENT,CZ,14.94,NaN,10.42,NaN,14.55,NaN
A,GE10,C29_C30,E_ITSP2X_ITT2,PC_ENT,DE,10.97,NaN,8.36,NaN,11.6,NaN
A,GE10,C29_C30,E_ITSP2X_ITT2,PC_ENT,DK,5.93,NaN,9.3,NaN,13.12,NaN
A,GE10,C29_C30,E_ITSP2X_ITT2,PC_ENT,EA,8.1,NaN,6.86,NaN,9.08,NaN
A,GE10,C29_C30,E_ITSP2X_ITT2,PC_ENT,EE,5.96,NaN,6.63,NaN,14.09,NaN
A,GE10,C29_C30,E_ITSP2X_ITT2,PC_ENT,EL,0.0,NaN,0.0,NaN,0.0,NaN
A,GE10,C29_C30,E_ITSP2X_ITT2,PC_ENT,ES,,u,,u,11.93,NaN
A,GE10,C29_C30,E_ITSP2X_ITT2,PC_ENT,EU15,,NaN,,NaN,,NaN
A,GE10,C29_C30,E_ITSP2X_ITT2,PC_ENT,EU27_2007,,NaN,,NaN,,NaN
A,GE10,C29_C30,E_ITSP2X_ITT2,PC_ENT,EU27_2020,8.34,NaN,7.84,NaN,9.39,NaN
A,GE10,C29_C30,E_ITSP2X_ITT2,PC_ENT,EU28,,NaN,,NaN,,NaN
A,GE10,C29_C30,E_ITSP2X_ITT2,PC_ENT,FI,,u,,u,,u
A,GE10,C29_C30,E_ITSP2X_ITT2,PC_ENT,FR,6.3,NaN,6.58,b,3.54,NaN
A,GE10,C29_C30,E_ITSP2X_ITT2,PC_ENT,HR,0.0,NaN,16.02,NaN,20.56,NaN
A,GE10,C29_C30,E_ITSP2X_ITT2,PC_ENT,HU,5.81,NaN,1.45,NaN,4.49,NaN
A,GE10,C29_C30,E_ITSP2X_ITT2,PC_ENT,IE,5.64,NaN,,NaN,0.0,NaN
A,GE10,C29_C30,E_ITSP2X_ITT2,PC_ENT,IT,5.38,NaN,1.54,NaN,5.38,NaN
A,GE10,C29_C30,E_ITSP2X_ITT2,PC_ENT,LT,12.5,NaN,13.33,NaN,,u
A,GE10,C29_C30,E_ITSP2X_ITT2,PC_ENT,LU,,u,,u,,u
A,GE10,C29_C30,E_ITSP2X_ITT2,PC_ENT,LV,10.16,NaN,12.08,NaN,3.92,NaN
A,GE10,C29_C30,E_ITSP2X_ITT2,PC_ENT,MK,,u,,u,,NaN
A,GE10,C29_C30,E_ITSP2X_ITT2,PC_ENT,MT,,NaN,,NaN,,NaN
A,GE10,C29_C30,E_ITSP2X_ITT2,PC_ENT,NL,2.48,NaN,6.29,NaN,12.42,NaN
A,GE10,C29_C30,E_ITSP2X_ITT2,PC_ENT,NO,12.3,NaN,22.39,NaN,26.63,NaN
A,GE10,C29_C30,E_ITSP2X_ITT2,PC_ENT,PL,5.95,NaN,8.24,NaN,9.18,NaN
A,GE10,C29_C30,E_ITSP2X_ITT2,PC_ENT,PT,12.71,NaN,13.86,NaN,4.23,NaN
A,GE10,C29_C30,E_ITSP2X_ITT2,PC_ENT,RO,5.14,NaN,4.7,NaN,5.77,NaN
A,GE10,C29_C30,E_ITSP2X_ITT2,PC_ENT,RS,9.34,NaN,4.23,NaN,0.86,NaN
A,GE10,C29_C30,E_ITSP2X_ITT2,PC_ENT,SE,21.68,NaN,33.82,NaN,,bu
A,GE10,C29_C30,E_ITSP2X_ITT2,PC_ENT,SI,8.42,NaN,5.69,NaN,11.0,NaN
A,GE10,C29_C30,E_ITSP2X_ITT2,PC_ENT,SK,6.1,NaN,6.32,NaN,9.07,NaN
A,GE10,C29_C30,E_ITSP2X_ITT2,PC_ENT,TR,7.96,NaN,7.07,NaN,6.38,NaN
A,GE10,C29_C30,E_ITSP2X_ITT2,PC_ENT,UK,7.71,NaN,,NaN,,NaN
A,GE10,C29_C30,E_ITSP2X_ITT2,PC_ENT_CUSE,AT,,NaN,,NaN,,NaN
A,GE10,C29_C30,E_ITSP2X_ITT2,PC_ENT_CUSE,BA,,NaN,,NaN,,NaN
A,GE10,C29_C30,E_ITSP2X_ITT2,PC_ENT_CUSE,BE,,NaN,,NaN,,NaN
A,GE10,C29_C30,E_ITSP2X_ITT2,PC_ENT_CUSE,BG,,NaN,,NaN,,NaN
A,GE10,C29_C30,E_ITSP2X_ITT2,PC_ENT_CUSE,CY,,NaN,,NaN,,NaN
A,GE10,C29_C30,E_ITSP2X_ITT2,PC_ENT_CUSE,CZ,,NaN,,NaN,,NaN
A,GE10,C29_C30,E_ITSP2X_ITT2,PC_ENT_CUSE,DE,,NaN,,NaN,,NaN
A,GE10,C29_C30,E_ITSP2X_ITT2,PC_ENT_CUSE,DK,,NaN,,NaN,,NaN
A,GE10,C29_C30,E_ITSP2X_ITT2,PC_ENT_CUSE,EA,,NaN,,NaN,,NaN
A,GE10,C29_C30,E_ITSP2X_ITT2,PC_ENT_CUSE,EE,,NaN,,NaN,,NaN
A,GE10,C29_C30,E_ITSP2X_ITT2,PC_ENT_CUSE,EL,,NaN,,NaN,,NaN
A,GE10,C29_C30,E_ITSP2X_ITT2,PC_ENT_CUSE,ES,,NaN,,NaN,,NaN
A,GE10,C29_C30,E_ITSP2X_ITT2,PC_ENT_CUSE,EU15,,NaN,,NaN,,NaN
A,GE10,C29_C30,E_ITSP2X_ITT2,PC_ENT_CUSE,EU27_2007,,NaN,,NaN,,NaN
A,GE10,C29_C30,E_ITSP2X_ITT2,PC_ENT_CUSE,EU27_2020,,NaN,,NaN,,NaN
A,GE10,C29_C30,E_ITSP2X_ITT2,PC_ENT_CUSE,EU28,,NaN,,NaN,,NaN
A,GE10,C29_C30,E_ITSP2X_ITT2,PC_ENT_CUSE,FI,,NaN,,NaN,,NaN
A,GE10,C29_C30,E_ITSP2X_ITT2,PC_ENT_CUSE,FR,,NaN,,NaN,,NaN
A,GE10,C29_C30,E_ITSP2X_ITT2,PC_ENT_CUSE,HR,,NaN,,NaN,,NaN
A,GE10,C29_C30,E_ITSP2X_ITT2,PC_ENT_CUSE,HU,,NaN,,NaN,,NaN
A,GE10,C29_C30,E_ITSP2X_ITT2,PC_ENT_CUSE,IE,,NaN,,NaN,,NaN
A,GE10,C29_C30,E_ITSP2X_ITT2,PC_ENT_CUSE,IT,,NaN,,NaN,,NaN
A,GE10,C29_C30,E_ITSP2X_ITT2,PC_ENT_CUSE,LT,,NaN,,NaN,,NaN
A,GE10,C29_C30,E_ITSP2X_ITT2,PC_ENT_CUSE,LU,,NaN,,NaN,,NaN
A,GE10,C29_C30,E_ITSP2X_ITT2,PC_ENT_CUSE,LV,,NaN,,NaN,,NaN
A,GE10,C29_C30,E_ITSP2X_ITT2,PC_ENT_CUSE,MK,,NaN,,NaN,,NaN
A,GE10,C29_C30,E_ITSP2X_ITT2,PC_ENT_CUSE,MT,,NaN,,NaN,,NaN
A,GE10,C29_C30,E_ITSP2X_ITT2,PC_ENT_CUSE,NL,,NaN,,NaN,,NaN
A,GE10,C29_C30,E_ITSP2X_ITT2,PC_ENT_CUSE,NO,,NaN,,NaN,,NaN
A,GE10,C29_C30,E_ITSP2X_ITT2,PC_ENT_CUSE,PL,,NaN,,NaN,,NaN
A,GE10,C29_C30,E_ITSP2X_ITT2,PC_ENT_CUSE,PT,,NaN,,NaN,,NaN
A,GE10,C29_C30,E_ITSP2X_ITT2,PC_ENT_CUSE,RO,,NaN,,NaN,,NaN
A,GE10,C29_C30,E_ITSP2X_ITT2,PC_ENT_CUSE,RS,,NaN,,NaN,,NaN
A,GE10,C29_C30,E_ITSP2X_ITT2,PC_ENT_CUSE,SE,,NaN,,NaN,,NaN
A,GE10,C29_C30,E_ITSP2X_ITT2,PC_ENT_CUSE,SI,,NaN,,NaN,,NaN
A,GE10,C29_C30,E_ITSP2X_ITT2,PC_ENT_CUSE,SK,,NaN,,NaN,,NaN
A,GE10,C29_C30,E_ITSP2X_ITT2,PC_ENT_CUSE,TR,,NaN,,NaN,,NaN
A,GE10,C29_C30,E_ITSP2X_ITT2,PC_ENT_CUSE,UK,,NaN,,NaN,,NaN
A,GE10,C29_C30,E_ITSP2_ITT2,PC_ENT,AT,33.07,NaN,,u,26.89,NaN
A,GE10,C29_C30,E_ITSP2_ITT2,PC_ENT,BA,21.21,NaN,17.24,NaN,28.13,NaN
A,GE10,C29_C30,E_ITSP2_ITT2,PC_ENT,BE,32.52,NaN,,u,,u
A,GE10,C29_C30,E_ITSP2_ITT2,PC_ENT,BG,9.91,NaN,16.04,NaN,15.17,NaN
A,GE10,C29_C30,E_ITSP2_ITT2,PC_ENT,CY,,NaN,,NaN,0.0,NaN
A,GE10,C29_C30,E_ITSP2_ITT2,PC_ENT,CZ,32.06,NaN,32.23,NaN,35.81,NaN
A,GE10,C29_C30,E_ITSP2_ITT2,PC_ENT,DE,29.64,NaN,30.27,NaN,29.62,NaN
A,GE10,C29_C30,E_ITSP2_ITT2,PC_ENT,DK,18.15,NaN,16.95,NaN,22.68,NaN
A,GE10,C29_C30,E_ITSP2_ITT2,PC_ENT,EA,22.1,NaN,23.48,NaN,22.62,NaN
A,GE10,C29_C30,E_ITSP2_ITT2,PC_ENT,EE,19.23,NaN,12.25,NaN,16.25,NaN
A,GE10,C29_C30,E_ITSP2_ITT2,PC_ENT,EL,,u,0.0,NaN,4.31,NaN
A,GE10,C29_C30,E_ITSP2_ITT2,PC_ENT,ES,,u,,u,15.99,NaN
A,GE10,C29_C30,E_ITSP2_ITT2,PC_ENT,EU15,,NaN,,NaN,,NaN
A,GE10,C29_C30,E_ITSP2_ITT2,PC_ENT,EU27_2007,,NaN,,NaN,,NaN
A,GE10,C29_C30,E_ITSP2_ITT2,PC_ENT,EU27_2020,22.21,NaN,24.69,NaN,26.27,NaN
A,GE10,C29_C30,E_ITSP2_ITT2,PC_ENT,EU28,,NaN,,NaN,,NaN
A,GE10,C29_C30,E_ITSP2_ITT2,PC_ENT,FI,,u,,u,,u
A,GE10,C29_C30,E_ITSP2_ITT2,PC_ENT,FR,18.32,NaN,18.86,b,27.81,NaN
A,GE10,C29_C30,E_ITSP2_ITT2,PC_ENT,HR,11.22,NaN,6.92,NaN,12.99,NaN
A,GE10,C29_C30,E_ITSP2_ITT2,PC_ENT,HU,30.58,NaN,33.09,NaN,37.87,NaN
A,GE10,C29_C30,E_ITSP2_ITT2,PC_ENT,IE,30.26,NaN,17.5,NaN,31.62,NaN
A,GE10,C29_C30,E_ITSP2_ITT2,PC_ENT,IT,10.98,NaN,17.72,NaN,14.45,NaN
A,GE10,C29_C30,E_ITSP2_ITT2,PC_ENT,LT,9.38,NaN,17.33,NaN,,u
A,GE10,C29_C30,E_ITSP2_ITT2,PC_ENT,LU,,u,,u,,u
A,GE10,C29_C30,E_ITSP2_ITT2,PC_ENT,LV,10.61,NaN,15.48,NaN,16.08,NaN
A,GE10,C29_C30,E_ITSP2_ITT2,PC_ENT,MK,,u,,u,,NaN
A,GE10,C29_C30,E_ITSP2_ITT2,PC_ENT,MT,,NaN,,NaN,,NaN
A,GE10,C29_C30,E_ITSP2_ITT2,PC_ENT,NL,19.62,NaN,21.8,NaN,15.96,NaN
A,GE10,C29_C30,E_ITSP2_ITT2,PC_ENT,NO,19.35,NaN,14.58,NaN,14.23,NaN
A,GE10,C29_C30,E_ITSP2_ITT2,PC_ENT,PL,23.72,NaN,33.78,NaN,44.67,NaN
A,GE10,C29_C30,E_ITSP2_ITT2,PC_ENT,PT,29.47,NaN,22.63,NaN,26.47,NaN
A,GE10,C29_C30,E_ITSP2_ITT2,PC_ENT,RO,11.48,NaN,12.51,NaN,24.69,NaN
A,GE10,C29_C30,E_ITSP2_ITT2,PC_ENT,RS,17.11,NaN,24.49,NaN,26.8,NaN
A,GE10,C29_C30,E_ITSP2_ITT2,PC_ENT,SE,16.77,NaN,26.82,NaN,,bu
A,GE10,C29_C30,E_ITSP2_ITT2,PC_ENT,SI,16.58,NaN,41.92,NaN,37.1,NaN
A,GE10,C29_C30,E_ITSP2_ITT2,PC_ENT,SK,37.1,NaN,30.98,NaN,38.33,NaN
A,GE10,C29_C30,E_ITSP2_ITT2,PC_ENT,TR,12.65,NaN,15.84,NaN,14.63,NaN
A,GE10,C29_C30,E_ITSP2_ITT2,PC_ENT,UK,25.11,NaN,,NaN,,NaN
A,GE10,C29_C30,E_ITSP2_ITT2,PC_ENT_CUSE,AT,,NaN,,NaN,,NaN
A,GE10,C29_C30,E_ITSP2_ITT2,PC_ENT_CUSE,BA,,NaN,,NaN,,NaN
A,GE10,C29_C30,E_ITSP2_ITT2,PC_ENT_CUSE,BE,,NaN,,NaN,,NaN
A,GE10,C29_C30,E_ITSP2_ITT2,PC_ENT_CUSE,BG,,NaN,,NaN,,NaN
A,GE10,C29_C30,E_ITSP2_ITT2,PC_ENT_CUSE,CY,,NaN,,NaN,,NaN
A,GE10,C29_C30,E_ITSP2_ITT2,PC_ENT_CUSE,CZ,,NaN,,NaN,,NaN
A,GE10,C29_C30,E_ITSP2_ITT2,PC_ENT_CUSE,DE,,NaN,,NaN,,NaN
A,GE10,C29_C30,E_ITSP2_ITT2,PC_ENT_CUSE,DK,,NaN,,NaN,,NaN
A,GE10,C29_C30,E_ITSP2_ITT2,PC_ENT_CUSE,EA,,NaN,,NaN,,NaN
A,GE10,C29_C30,E_ITSP2_ITT2,PC_ENT_CUSE,EE,,NaN,,NaN,,NaN
A,GE10,C29_C30,E_ITSP2_ITT2,PC_ENT_CUSE,EL,,NaN,,NaN,,NaN
A,GE10,C29_C30,E_ITSP2_ITT2,PC_ENT_CUSE,ES,,NaN,,NaN,,NaN
A,GE10,C29_C30,E_ITSP2_ITT2,PC_ENT_CUSE,EU15,,NaN,,NaN,,NaN
A,GE10,C29_C30,E_ITSP2_ITT2,PC_ENT_CUSE,EU27_2007,,NaN,,NaN,,NaN
A,GE10,C29_C30,E_ITSP2_ITT2,PC_ENT_CUSE,EU27_2020,,NaN,,NaN,,NaN
A,GE10,C29_C30,E_ITSP2_ITT2,PC_ENT_CUSE,EU28,,NaN,,NaN,,NaN
A,GE10,C29_C30,E_ITSP2_ITT2,PC_ENT_CUSE,FI,,NaN,,NaN,,NaN
A,GE10,C29_C30,E_ITSP2_ITT2,PC_ENT_CUSE,FR,,NaN,,NaN,,NaN
A,GE10,C29_C30,E_ITSP2_ITT2,PC_ENT_CUSE,HR,,NaN,,NaN,,NaN
A,GE10,C29_C30,E_ITSP2_ITT2,PC_ENT_CUSE,HU,,NaN,,NaN,,NaN
A,GE10,C29_C30,E_ITSP2_ITT2,PC_ENT_CUSE,IE,,NaN,,NaN,,NaN
A,GE10,C29_C30,E_ITSP2_ITT2,PC_ENT_CUSE,IT,,NaN,,NaN,,NaN
A,GE10,C29_C30,E_ITSP2_ITT2,PC_ENT_CUSE,LT,,NaN,,NaN,,NaN
A,GE10,C29_C30,E_ITSP2_ITT2,PC_ENT_CUSE,LU,,NaN,,NaN,,NaN
A,GE10,C29_C30,E_ITSP2_ITT2,PC_ENT_CUSE,LV,,NaN,,NaN,,NaN
A,GE10,C29_C30,E_ITSP2_ITT2,PC_ENT_CUSE,MK,,NaN,,NaN,,NaN
A,GE10,C29_C30,E_ITSP2_ITT2,PC_ENT_CUSE,MT,,NaN,,NaN,,NaN
A,GE10,C29_C30,E_ITSP2_ITT2,PC_ENT_CUSE,NL,,NaN,,NaN,,NaN
A,GE10,C29_C30,E_ITSP2_ITT2,PC_ENT_CUSE,NO,,NaN,,NaN,,NaN
A,GE10,C29_C30,E_ITSP2_ITT2,PC_ENT_CUSE,PL,,NaN,,NaN,,NaN
A,GE10,C29_C30,E_ITSP2_ITT2,PC_ENT_CUSE,PT,,NaN,,NaN,,NaN
A,GE10,C29_C30,E_ITSP2_ITT2,PC_ENT_CUSE,RO,,NaN,,NaN,,NaN
A,GE10,C29_C30,E_ITSP2_ITT2,PC_ENT_CUSE,RS,,NaN,,NaN,,NaN
A,GE10,C29_C30,E_ITSP2_ITT2,PC_ENT_CUSE,SE,,NaN,,NaN,,NaN
A,GE10,C29_C30,E_ITSP2_ITT2,PC_ENT_CUSE,SI,,NaN,,NaN,,NaN
A,GE10,C29_C30,E_ITSP2_ITT2,PC_ENT_CUSE,SK,,NaN,,NaN,,NaN
A,GE10,C29_C30,E_ITSP2_ITT2,PC_ENT_CUSE,TR,,NaN,,NaN,,NaN
A,GE10,C29_C30,E_ITSP2_ITT2,PC_ENT_CUSE,UK,,NaN,,NaN,,NaN
A,GE10,C29_C30,E_ITSPT2,PC_ENT,AT,31.35,NaN,24.18,NaN,23.96,NaN
A,GE10,C29_C30,E_ITSPT2,PC_ENT,BA,21.21,NaN,,NaN,28.13,NaN
A,GE10,C29_C30,E_ITSPT2,PC_ENT,BE,27.35,NaN,,u,,u
A,GE10,C29_C30,E_ITSPT2,PC_ENT,BG,8.58,NaN,14.85,NaN,15.17,NaN
A,GE10,C29_C30,E_ITSPT2,PC_ENT,CY,,NaN,,NaN,0.0,NaN
A,GE10,C29_C30,E_ITSPT2,PC_ENT,CZ,27.79,NaN,25.68,NaN,30.55,NaN
A,GE10,C29_C30,E_ITSPT2,PC_ENT,DE,25.45,NaN,25.86,NaN,26.12,NaN
A,GE10,C29_C30,E_ITSPT2,PC_ENT,DK,16.75,NaN,13.04,NaN,17.91,NaN
A,GE10,C29_C30,E_ITSPT2,PC_ENT,EA,18.43,NaN,19.85,NaN,18.98,NaN
A,GE10,C29_C30,E_ITSPT2,PC_ENT,EE,14.9,NaN,10.25,NaN,14.44,NaN
A,GE10,C29_C30,E_ITSPT2,PC_ENT,EL,,u,0.0,NaN,4.31,NaN
A,GE10,C29_C30,E_ITSPT2,PC_ENT,ES,,u,,u,14.83,NaN
A,GE10,C29_C30,E_ITSPT2,PC_ENT,EU15,,NaN,,NaN,,NaN
A,GE10,C29_C30,E_ITSPT2,PC_ENT,EU27_2007,,NaN,,NaN,,NaN
A,GE10,C29_C30,E_ITSPT2,PC_ENT,EU27_2020,18.37,NaN,20.32,NaN,22.16,NaN
A,GE10,C29_C30,E_ITSPT2,PC_ENT,EU28,,NaN,,NaN,,NaN
A,GE10,C29_C30,E_ITSPT2,PC_ENT,FI,,u,,u,,u
A,GE10,C29_C30,E_ITSPT2,PC_ENT,FR,13.6,NaN,14.74,b,24.88,NaN
A,GE10,C29_C30,E_ITSPT2,PC_ENT,HR,9.75,NaN,5.49,NaN,11.74,NaN
A,GE10,C29_C30,E_ITSPT2,PC_ENT,HU,22.91,NaN,23.18,NaN,30.7,NaN
A,GE10,C29_C30,E_ITSPT2,PC_ENT,IE,30.26,NaN,17.5,NaN,23.08,NaN
A,GE10,C29_C30,E_ITSPT2,PC_ENT,IS,,NaN,,NaN,,NaN
A,GE10,C29_C30,E_ITSPT2,PC_ENT,IT,9.73,NaN,16.31,NaN,8.71,NaN
A,GE10,C29_C30,E_ITSPT2,PC_ENT,LT,7.81,NaN,17.33,NaN,,u
A,GE10,C29_C30,E_ITSPT2,PC_ENT,LU,,u,,u,,u
A,GE10,C29_C30,E_ITSPT2,PC_ENT,LV,7.58,NaN,8.93,NaN,13.33,NaN
A,GE10,C29_C30,E_ITSPT2,PC_ENT,MK,,u,,u,,NaN
A,GE10,C29_C30,E_ITSPT2,PC_ENT,MT,,NaN,,NaN,,NaN
A,GE10,C29_C30,E_ITSPT2,PC_ENT,NL,17.14,NaN,18.79,NaN,14.65,NaN
A,GE10,C29_C30,E_ITSPT2,PC_ENT,NO,17.34,NaN,13.09,NaN,13.39,NaN
A,GE10,C29_C30,E_ITSPT2,PC_ENT,PL,17.95,NaN,24.36,NaN,38.94,NaN
A,GE10,C29_C30,E_ITSPT2,PC_ENT,PT,23.39,NaN,19.02,NaN,23.47,NaN
A,GE10,C29_C30,E_ITSPT2,PC_ENT,RO,10.03,NaN,13.46,NaN,22.63,NaN
A,GE10,C29_C30,E_ITSPT2,PC_ENT,RS,17.11,NaN,13.76,NaN,19.9,NaN
A,GE10,C29_C30,E_ITSPT2,PC_ENT,SE,13.97,NaN,21.89,NaN,,bu
A,GE10,C29_C30,E_ITSPT2,PC_ENT,SI,12.76,NaN,35.13,NaN,33.67,NaN
A,GE10,C29_C30,E_ITSPT2,PC_ENT,SK,30.29,NaN,19.3,NaN,35.32,NaN
A,GE10,C29_C30,E_ITSPT2,PC_ENT,TR,10.34,NaN,11.28,NaN,12.54,NaN
A,GE10,C29_C30,E_ITSPT2,PC_ENT,UK,23.98,NaN,,NaN,,NaN
A,GE10,C29_C30,E_ITSPT2,PC_ENT_CUSE,AT,,NaN,,NaN,,NaN
A,GE10,C29_C30,E_ITSPT2,PC_ENT_CUSE,BA,,NaN,,NaN,,NaN
A,GE10,C29_C30,E_ITSPT2,PC_ENT_CUSE,BE,,NaN,,NaN,,NaN
A,GE10,C29_C30,E_ITSPT2,PC_ENT_CUSE,BG,,NaN,,NaN,,NaN
A,GE10,C29_C30,E_ITSPT2,PC_ENT_CUSE,CY,,NaN,,NaN,,NaN
A,GE10,C29_C30,E_ITSPT2,PC_ENT_CUSE,CZ,,NaN,,NaN,,NaN
A,GE10,C29_C30,E_ITSPT2,PC_ENT_CUSE,DE,,NaN,,NaN,,NaN
A,GE10,C29_C30,E_ITSPT2,PC_ENT_CUSE,DK,,NaN,,NaN,,NaN
A,GE10,C29_C30,E_ITSPT2,PC_ENT_CUSE,EA,,NaN,,NaN,,NaN
A,GE10,C29_C30,E_ITSPT2,PC_ENT_CUSE,EE,,NaN,,NaN,,NaN
A,GE10,C29_C30,E_ITSPT2,PC_ENT_CUSE,EL,,NaN,,NaN,,NaN
A,GE10,C29_C30,E_ITSPT2,PC_ENT_CUSE,ES,,NaN,,NaN,,NaN
A,GE10,C29_C30,E_ITSPT2,PC_ENT_CUSE,EU15,,NaN,,NaN,,NaN
A,GE10,C29_C30,E_ITSPT2,PC_ENT_CUSE,EU27_2007,,NaN,,NaN,,NaN
A,GE10,C29_C30,E_ITSPT2,PC_ENT_CUSE,EU27_2020,,NaN,,NaN,,NaN
A,GE10,C29_C30,E_ITSPT2,PC_ENT_CUSE,EU28,,NaN,,NaN,,NaN
A,GE10,C29_C30,E_ITSPT2,PC_ENT_CUSE,FI,,NaN,,NaN,,NaN
A,GE10,C29_C30,E_ITSPT2,PC_ENT_CUSE,FR,,NaN,,NaN,,NaN
A,GE10,C29_C30,E_ITSPT2,PC_ENT_CUSE,HR,,NaN,,NaN,,NaN
A,GE10,C29_C30,E_ITSPT2,PC_ENT_CUSE,HU,,NaN,,NaN,,NaN
A,GE10,C29_C30,E_ITSPT2,PC_ENT_CUSE,IE,,NaN,,NaN,,NaN
A,GE10,C29_C30,E_ITSPT2,PC_ENT_CUSE,IS,,NaN,,NaN,,NaN
A,GE10,C29_C30,E_ITSPT2,PC_ENT_CUSE,IT,,NaN,,NaN,,NaN
A,GE10,C29_C30,E_ITSPT2,PC_ENT_CUSE,LT,,NaN,,NaN,,NaN
A,GE10,C29_C30,E_ITSPT2,PC_ENT_CUSE,LU,,NaN,,NaN,,NaN
A,GE10,C29_C30,E_ITSPT2,PC_ENT_CUSE,LV,,NaN,,NaN,,NaN
A,GE10,C29_C30,E_ITSPT2,PC_ENT_CUSE,MK,,NaN,,NaN,,NaN
A,GE10,C29_C30,E_ITSPT2,PC_ENT_CUSE,MT,,NaN,,NaN,,NaN
A,GE10,C29_C30,E_ITSPT2,PC_ENT_CUSE,NL,,NaN,,NaN,,NaN
A,GE10,C29_C30,E_ITSPT2,PC_ENT_CUSE,NO,,NaN,,NaN,,NaN
A,GE10,C29_C30,E_ITSPT2,PC_ENT_CUSE,PL,,NaN,,NaN,,NaN
A,GE10,C29_C30,E_ITSPT2,PC_ENT_CUSE,PT,,NaN,,NaN,,NaN
A,GE10,C29_C30,E_ITSPT2,PC_ENT_CUSE,RO,,NaN,,NaN,,NaN
A,GE10,C29_C30,E_ITSPT2,PC_ENT_CUSE,RS,,NaN,,NaN,,NaN
A,GE10,C29_C30,E_ITSPT2,PC_ENT_CUSE,SE,,NaN,,NaN,,NaN
A,GE10,C29_C30,E_ITSPT2,PC_ENT_CUSE,SI,,NaN,,NaN,,NaN
A,GE10,C29_C30,E_ITSPT2,PC_ENT_CUSE,SK,,NaN,,NaN,,NaN
A,GE10,C29_C30,E_ITSPT2,PC_ENT_CUSE,TR,,NaN,,NaN,,NaN
A,GE10,C29_C30,E_ITSPT2,PC_ENT_CUSE,UK,,NaN,,NaN,,NaN
A,GE10,C29_C30,E_ITT2,PC_ENT,AT,33.07,NaN,,u,,u
A,GE10,C29_C30,E_ITT2,PC_ENT,BA,27.27,NaN,40.52,NaN,31.88,NaN
A,GE10,C29_C30,E_ITT2,PC_ENT,BE,,u,,u,,u
A,GE10,C29_C30,E_ITT2,PC_ENT,BG,9.91,NaN,16.04,NaN,17.25,NaN
A,GE10,C29_C30,E_ITT2,PC_ENT,CY,,NaN,,NaN,0.0,NaN
A,GE10,C29_C30,E_ITT2,PC_ENT,CZ,47.01,NaN,42.65,NaN,50.36,NaN
A,GE10,C29_C30,E_ITT2,PC_ENT,DE,40.77,NaN,38.64,NaN,41.22,NaN
A,GE10,C29_C30,E_ITT2,PC_ENT,DK,24.08,NaN,26.25,NaN,35.8,NaN
A,GE10,C29_C30,E_ITT2,PC_ENT,EA,30.42,NaN,30.41,NaN,31.75,NaN
A,GE10,C29_C30,E_ITT2,PC_ENT,EE,25.19,NaN,18.88,NaN,30.34,NaN
A,GE10,C29_C30,E_ITT2,PC_ENT,EL,,u,0.0,NaN,4.31,NaN
A,GE10,C29_C30,E_ITT2,PC_ENT,ES,,u,,u,27.92,NaN
A,GE10,C29_C30,E_ITT2,PC_ENT,EU15,,NaN,,NaN,,NaN
A,GE10,C29_C30,E_ITT2,PC_ENT,EU27_2007,,NaN,,NaN,,NaN
A,GE10,C29_C30,E_ITT2,PC_ENT,EU27_2020,30.72,NaN,32.61,NaN,35.7,NaN
A,GE10,C29_C30,E_ITT2,PC_ENT,EU28,,NaN,,NaN,,NaN
A,GE10,C29_C30,E_ITT2,PC_ENT,FI,,u,,u,,u
A,GE10,C29_C30,E_ITT2,PC_ENT,FR,24.63,NaN,25.45,b,31.35,NaN
A,GE10,C29_C30,E_ITT2,PC_ENT,HR,11.22,NaN,22.94,NaN,33.55,NaN
A,GE10,C29_C30,E_ITT2,PC_ENT,HU,36.4,NaN,34.55,NaN,42.37,NaN
A,GE10,C29_C30,E_ITT2,PC_ENT,IE,35.9,NaN,20.0,NaN,31.62,NaN
A,GE10,C29_C30,E_ITT2,PC_ENT,IS,,NaN,,NaN,,NaN
A,GE10,C29_C30,E_ITT2,PC_ENT,IT,16.6,NaN,19.43,NaN,20.03,NaN
A,GE10,C29_C30,E_ITT2,PC_ENT,LT,21.88,NaN,30.67,NaN,,u
A,GE10,C29_C30,E_ITT2,PC_ENT,LU,,u,,u,,u
A,GE10,C29_C30,E_ITT2,PC_ENT,LV,20.77,NaN,27.56,NaN,20.0,NaN
A,GE10,C29_C30,E_ITT2,PC_ENT,MK,,u,,u,,NaN
A,GE10,C29_C30,E_ITT2,PC_ENT,MT,,NaN,,NaN,,NaN
A,GE10,C29_C30,E_ITT2,PC_ENT,NL,24.76,NaN,28.09,NaN,28.38,NaN
A,GE10,C29_C30,E_ITT2,PC_ENT,NO,31.65,NaN,36.97,NaN,40.85,NaN
A,GE10,C29_C30,E_ITT2,PC_ENT,PL,29.66,NaN,42.01,NaN,53.84,NaN
A,GE10,C29_C30,E_ITT2,PC_ENT,PT,42.18,NaN,36.49,NaN,30.71,NaN
A,GE10,C29_C30,E_ITT2,PC_ENT,RO,17.1,NaN,18.18,NaN,30.46,NaN
A,GE10,C29_C30,E_ITT2,PC_ENT,RS,26.45,NaN,28.72,NaN,27.66,NaN
A,GE10,C29_C30,E_ITT2,PC_ENT,SE,38.45,NaN,60.64,NaN,,bu
A,GE10,C29_C30,E_ITT2,PC_ENT,SI,25.0,NaN,47.6,NaN,48.1,NaN
A,GE10,C29_C30,E_ITT2,PC_ENT,SK,43.2,NaN,37.29,NaN,47.4,NaN
A,GE10,C29_C30,E_ITT2,PC_ENT,TR,20.61,NaN,22.91,NaN,21.01,NaN
A,GE10,C29_C30,E_ITT2,PC_ENT,UK,,u,,NaN,,NaN
A,GE10,C29_C30,E_ITT2,PC_ENT_CUSE,AT,,NaN,,NaN,,NaN
A,GE10,C29_C30,E_ITT2,PC_ENT_CUSE,BA,,NaN,,NaN,,NaN
A,GE10,C29_C30,E_ITT2,PC_ENT_CUSE,BE,,NaN,,NaN,,NaN
A,GE10,C29_C30,E_ITT2,PC_ENT_CUSE,BG,,NaN,,NaN,,NaN
A,GE10,C29_C30,E_ITT2,PC_ENT_CUSE,CY,,NaN,,NaN,,NaN
A,GE10,C29_C30,E_ITT2,PC_ENT_CUSE,CZ,,NaN,,NaN,,NaN
A,GE10,C29_C30,E_ITT2,PC_ENT_CUSE,DE,,NaN,,NaN,,NaN
A,GE10,C29_C30,E_ITT2,PC_ENT_CUSE,DK,,NaN,,NaN,,NaN
A,GE10,C29_C30,E_ITT2,PC_ENT_CUSE,EA,,NaN,,NaN,,NaN
A,GE10,C29_C30,E_ITT2,PC_ENT_CUSE,EE,,NaN,,NaN,,NaN
A,GE10,C29_C30,E_ITT2,PC_ENT_CUSE,EL,,NaN,,NaN,,NaN
A,GE10,C29_C30,E_ITT2,PC_ENT_CUSE,ES,,NaN,,NaN,,NaN
A,GE10,C29_C30,E_ITT2,PC_ENT_CUSE,EU15,,NaN,,NaN,,NaN
A,GE10,C29_C30,E_ITT2,PC_ENT_CUSE,EU27_2007,,NaN,,NaN,,NaN
A,GE10,C29_C30,E_ITT2,PC_ENT_CUSE,EU27_2020,,NaN,,NaN,,NaN
A,GE10,C29_C30,E_ITT2,PC_ENT_CUSE,EU28,,NaN,,NaN,,NaN
A,GE10,C29_C30,E_ITT2,PC_ENT_CUSE,FI,,NaN,,NaN,,NaN
A,GE10,C29_C30,E_ITT2,PC_ENT_CUSE,FR,,NaN,,NaN,,NaN
A,GE10,C29_C30,E_ITT2,PC_ENT_CUSE,HR,,NaN,,NaN,,NaN
A,GE10,C29_C30,E_ITT2,PC_ENT_CUSE,HU,,NaN,,NaN,,NaN
A,GE10,C29_C30,E_ITT2,PC_ENT_CUSE,IE,,NaN,,NaN,,NaN
A,GE10,C29_C30,E_ITT2,PC_ENT_CUSE,IS,,NaN,,NaN,,NaN
A,GE10,C29_C30,E_ITT2,PC_ENT_CUSE,IT,,NaN,,NaN,,NaN
A,GE10,C29_C30,E_ITT2,PC_ENT_CUSE,LT,,NaN,,NaN,,NaN
A,GE10,C29_C30,E_ITT2,PC_ENT_CUSE,LU,,NaN,,NaN,,NaN
A,GE10,C29_C30,E_ITT2,PC_ENT_CUSE,LV,,NaN,,NaN,,NaN
A,GE10,C29_C30,E_ITT2,PC_ENT_CUSE,MK,,NaN,,NaN,,NaN
A,GE10,C29_C30,E_ITT2,PC_ENT_CUSE,MT,,NaN,,NaN,,NaN
A,GE10,C29_C30,E_ITT2,PC_ENT_CUSE,NL,,NaN,,NaN,,NaN
A,GE10,C29_C30,E_ITT2,PC_ENT_CUSE,NO,,NaN,,NaN,,NaN
A,GE10,C29_C30,E_ITT2,PC_ENT_CUSE,PL,,NaN,,NaN,,NaN
A,GE10,C29_C30,E_ITT2,PC_ENT_CUSE,PT,,NaN,,NaN,,NaN
A,GE10,C29_C30,E_ITT2,PC_ENT_CUSE,RO,,NaN,,NaN,,NaN
A,GE10,C29_C30,E_ITT2,PC_ENT_CUSE,RS,,NaN,,NaN,,NaN
A,GE10,C29_C30,E_ITT2,PC_ENT_CUSE,SE,,NaN,,NaN,,NaN
A,GE10,C29_C30,E_ITT2,PC_ENT_CUSE,SI,,NaN,,NaN,,NaN
A,GE10,C29_C30,E_ITT2,PC_ENT_CUSE,SK,,NaN,,NaN,,NaN
A,GE10,C29_C30,E_ITT2,PC_ENT_CUSE,TR,,NaN,,NaN,,NaN
A,GE10,C29_C30,E_ITT2,PC_ENT_CUSE,UK,,NaN,,NaN,,NaN
A,GE10,C29_C30,E_ITUST2,PC_ENT,AT,25.89,NaN,,u,19.98,NaN
A,GE10,C29_C30,E_ITUST2,PC_ENT,BA,24.24,NaN,40.52,NaN,19.38,NaN
A,GE10,C29_C30,E_ITUST2,PC_ENT,BE,,u,,u,,u
A,GE10,C29_C30,E_ITUST2,PC_ENT,BG,,u,10.69,NaN,11.39,NaN
A,GE10,C29_C30,E_ITUST2,PC_ENT,CY,,NaN,,NaN,0.0,NaN
A,GE10,C29_C30,E_ITUST2,PC_ENT,CZ,47.01,NaN,40.01,NaN,46.98,NaN
A,GE10,C29_C30,E_ITUST2,PC_ENT,DE,34.94,NaN,35.3,NaN,36.94,NaN
A,GE10,C29_C30,E_ITUST2,PC_ENT,DK,18.12,NaN,19.71,NaN,29.65,NaN
A,GE10,C29_C30,E_ITUST2,PC_ENT,EA,25.73,NaN,27.59,NaN,27.95,NaN
A,GE10,C29_C30,E_ITUST2,PC_ENT,EE,22.79,NaN,18.88,NaN,26.73,NaN
A,GE10,C29_C30,E_ITUST2,PC_ENT,EL,1.41,NaN,0.0,NaN,3.14,NaN
A,GE10,C29_C30,E_ITUST2,PC_ENT,ES,,u,,u,25.02,NaN
A,GE10,C29_C30,E_ITUST2,PC_ENT,EU15,,NaN,,NaN,,NaN
A,GE10,C29_C30,E_ITUST2,PC_ENT,EU27_2007,,NaN,,NaN,,NaN
A,GE10,C29_C30,E_ITUST2,PC_ENT,EU27_2020,26.37,NaN,29.44,NaN,31.29,NaN
A,GE10,C29_C30,E_ITUST2,PC_ENT,EU28,,NaN,,NaN,,NaN
A,GE10,C29_C30,E_ITUST2,PC_ENT,FI,,u,,u,,u
A,GE10,C29_C30,E_ITUST2,PC_ENT,FR,21.95,NaN,23.95,b,27.66,NaN
A,GE10,C29_C30,E_ITUST2,PC_ENT,HR,11.22,NaN,20.31,NaN,30.45,NaN
A,GE10,C29_C30,E_ITUST2,PC_ENT,HU,28.18,NaN,26.85,NaN,35.7,NaN
A,GE10,C29_C30,E_ITUST2,PC_ENT,IE,27.69,NaN,15.0,NaN,17.52,NaN
A,GE10,C29_C30,E_ITUST2,PC_ENT,IS,,NaN,,NaN,,NaN
A,GE10,C29_C30,E_ITUST2,PC_ENT,IT,13.39,NaN,16.65,NaN,17.53,NaN
A,GE10,C29_C30,E_ITUST2,PC_ENT,LT,20.31,NaN,30.67,NaN,,u
A,GE10,C29_C30,E_ITUST2,PC_ENT,LU,,u,,u,,u
A,GE10,C29_C30,E_ITUST2,PC_ENT,LV,15.72,NaN,25.17,NaN,18.04,NaN
A,GE10,C29_C30,E_ITUST2,PC_ENT,MK,,u,,u,,NaN
A,GE10,C29_C30,E_ITUST2,PC_ENT,MT,,NaN,,NaN,,NaN
A,GE10,C29_C30,E_ITUST2,PC_ENT,NL,20.9,NaN,25.86,NaN,24.78,NaN
A,GE10,C29_C30,E_ITUST2,PC_ENT,NO,24.37,NaN,33.91,NaN,40.85,NaN
A,GE10,C29_C30,E_ITUST2,PC_ENT,PL,24.41,NaN,37.33,NaN,46.22,NaN
A,GE10,C29_C30,E_ITUST2,PC_ENT,PT,36.89,NaN,33.39,NaN,25.16,NaN
A,GE10,C29_C30,E_ITUST2,PC_ENT,RO,13.91,NaN,15.01,NaN,24.99,NaN
A,GE10,C29_C30,E_ITUST2,PC_ENT,RS,22.5,NaN,24.9,NaN,26.58,NaN
A,GE10,C29_C30,E_ITUST2,PC_ENT,SE,37.32,NaN,58.63,NaN,,bu
A,GE10,C29_C30,E_ITUST2,PC_ENT,SI,21.17,NaN,44.61,NaN,44.67,NaN
A,GE10,C29_C30,E_ITUST2,PC_ENT,SK,37.9,NaN,34.63,NaN,43.06,NaN
A,GE10,C29_C30,E_ITUST2,PC_ENT,TR,18.08,NaN,21.25,NaN,19.17,NaN
A,GE10,C29_C30,E_ITUST2,PC_ENT,UK,19.74,NaN,,NaN,,NaN
A,GE10,C29_C30,E_ITUST2,PC_ENT_CUSE,AT,,NaN,,NaN,,NaN
A,GE10,C29_C30,E_ITUST2,PC_ENT_CUSE,BA,,NaN,,NaN,,NaN
A,GE10,C29_C30,E_ITUST2,PC_ENT_CUSE,BE,,NaN,,NaN,,NaN
A,GE10,C29_C30,E_ITUST2,PC_ENT_CUSE,BG,,NaN,,NaN,,NaN
A,GE10,C29_C30,E_ITUST2,PC_ENT_CUSE,CY,,NaN,,NaN,,NaN
A,GE10,C29_C30,E_ITUST2,PC_ENT_CUSE,CZ,,NaN,,NaN,,NaN
A,GE10,C29_C30,E_ITUST2,PC_ENT_CUSE,DE,,NaN,,NaN,,NaN
A,GE10,C29_C30,E_ITUST2,PC_ENT_CUSE,DK,,NaN,,NaN,,NaN
A,GE10,C29_C30,E_ITUST2,PC_ENT_CUSE,EA,,NaN,,NaN,,NaN
A,GE10,C29_C30,E_ITUST2,PC_ENT_CUSE,EE,,NaN,,NaN,,NaN
A,GE10,C29_C30,E_ITUST2,PC_ENT_CUSE,EL,,NaN,,NaN,,NaN
A,GE10,C29_C30,E_ITUST2,PC_ENT_CUSE,ES,,NaN,,NaN,,NaN
A,GE10,C29_C30,E_ITUST2,PC_ENT_CUSE,EU15,,NaN,,NaN,,NaN
A,GE10,C29_C30,E_ITUST2,PC_ENT_CUSE,EU27_2007,,NaN,,NaN,,NaN
A,GE10,C29_C30,E_ITUST2,PC_ENT_CUSE,EU27_2020,,NaN,,NaN,,NaN
A,GE10,C29_C30,E_ITUST2,PC_ENT_CUSE,EU28,,NaN,,NaN,,NaN
A,GE10,C29_C30,E_ITUST2,PC_ENT_CUSE,FI,,NaN,,NaN,,NaN
A,GE10,C29_C30,E_ITUST2,PC_ENT_CUSE,FR,,NaN,,NaN,,NaN
A,GE10,C29_C30,E_ITUST2,PC_ENT_CUSE,HR,,NaN,,NaN,,NaN
A,GE10,C29_C30,E_ITUST2,PC_ENT_CUSE,HU,,NaN,,NaN,,NaN
A,GE10,C29_C30,E_ITUST2,PC_ENT_CUSE,IE,,NaN,,NaN,,NaN
A,GE10,C29_C30,E_ITUST2,PC_ENT_CUSE,IS,,NaN,,NaN,,NaN
A,GE10,C29_C30,E_ITUST2,PC_ENT_CUSE,IT,,NaN,,NaN,,NaN
A,GE10,C29_C30,E_ITUST2,PC_ENT_CUSE,LT,,NaN,,NaN,,NaN
A,GE10,C29_C30,E_ITUST2,PC_ENT_CUSE,LU,,NaN,,NaN,,NaN
A,GE10,C29_C30,E_ITUST2,PC_ENT_CUSE,LV,,NaN,,NaN,,NaN
A,GE10,C29_C30,E_ITUST2,PC_ENT_CUSE,MK,,NaN,,NaN,,NaN
A,GE10,C29_C30,E_ITUST2,PC_ENT_CUSE,MT,,NaN,,NaN,,NaN
A,GE10,C29_C30,E_ITUST2,PC_ENT_CUSE,NL,,NaN,,NaN,,NaN
A,GE10,C29_C30,E_ITUST2,PC_ENT_CUSE,NO,,NaN,,NaN,,NaN
A,GE10,C29_C30,E_ITUST2,PC_ENT_CUSE,PL,,NaN,,NaN,,NaN
A,GE10,C29_C30,E_ITUST2,PC_ENT_CUSE,PT,,NaN,,NaN,,NaN
A,GE10,C29_C30,E_ITUST2,PC_ENT_CUSE,RO,,NaN,,NaN,,NaN
A,GE10,C29_C30,E_ITUST2,PC_ENT_CUSE,RS,,NaN,,NaN,,NaN
A,GE10,C29_C30,E_ITUST2,PC_ENT_CUSE,SE,,NaN,,NaN,,NaN
A,GE10,C29_C30,E_ITUST2,PC_ENT_CUSE,SI,,NaN,,NaN,,NaN
A,GE10,C29_C30,E_ITUST2,PC_ENT_CUSE,SK,,NaN,,NaN,,NaN
A,GE10,C29_C30,E_ITUST2,PC_ENT_CUSE,TR,,NaN,,NaN,,NaN
A,GE10,C29_C30,E_ITUST2,PC_ENT_CUSE,UK,,NaN,,NaN,,NaN
A,GE10,C31-C33,E_ITSP2X_ITT2,PC_ENT,AT,6.08,NaN,5.37,NaN,7.41,NaN
A,GE10,C31-C33,E_ITSP2X_ITT2,PC_ENT,BA,,u,,u,4.78,NaN
A,GE10,C31-C33,E_ITSP2X_ITT2,PC_ENT,BE,,u,,u,,u
A,GE10,C31-C33,E_ITSP2X_ITT2,PC_ENT,BG,,u,2.7,NaN,,u
A,GE10,C31-C33,E_ITSP2X_ITT2,PC_ENT,CY,8.97,NaN,8.09,NaN,13.19,NaN
A,GE10,C31-C33,E_ITSP2X_ITT2,PC_ENT,CZ,13.25,NaN,12.44,NaN,13.67,NaN
A,GE10,C31-C33,E_ITSP2X_ITT2,PC_ENT,DE,10.6,NaN,12.49,NaN,11.63,NaN
A,GE10,C31-C33,E_ITSP2X_ITT2,PC_ENT,DK,11.56,NaN,11.55,NaN,21.23,NaN
A,GE10,C31-C33,E_ITSP2X_ITT2,PC_ENT,EA,8.39,NaN,9.31,NaN,9.15,NaN
A,GE10,C31-C33,E_ITSP2X_ITT2,PC_ENT,EE,8.65,NaN,5.46,NaN,5.87,NaN
A,GE10,C31-C33,E_ITSP2X_ITT2,PC_ENT,EL,,u,0.36,NaN,0.22,NaN
A,GE10,C31-C33,E_ITSP2X_ITT2,PC_ENT,ES,,u,,u,7.81,NaN
A,GE10,C31-C33,E_ITSP2X_ITT2,PC_ENT,EU15,,NaN,,NaN,,NaN
A,GE10,C31-C33,E_ITSP2X_ITT2,PC_ENT,EU27_2007,,NaN,,NaN,,NaN
A,GE10,C31-C33,E_ITSP2X_ITT2,PC_ENT,EU27_2020,8.01,NaN,8.71,NaN,9.04,NaN
A,GE10,C31-C33,E_ITSP2X_ITT2,PC_ENT,EU28,,NaN,,NaN,,NaN
A,GE10,C31-C33,E_ITSP2X_ITT2,PC_ENT,FI,,u,,u,,u
A,GE10,C31-C33,E_ITSP2X_ITT2,PC_ENT,FR,4.04,NaN,4.51,b,4.95,NaN
A,GE10,C31-C33,E_ITSP2X_ITT2,PC_ENT,HR,7.67,NaN,7.98,NaN,9.37,NaN
A,GE10,C31-C33,E_ITSP2X_ITT2,PC_ENT,HU,8.1,NaN,3.5,NaN,7.13,NaN
A,GE10,C31-C33,E_ITSP2X_ITT2,PC_ENT,IE,12.93,NaN,5.4,NaN,5.48,NaN
A,GE10,C31-C33,E_ITSP2X_ITT2,PC_ENT,IT,9.06,NaN,7.98,NaN,8.59,NaN
A,GE10,C31-C33,E_ITSP2X_ITT2,PC_ENT,LT,2.63,NaN,4.6,NaN,4.98,NaN
A,GE10,C31-C33,E_ITSP2X_ITT2,PC_ENT,LU,,u,,u,,u
A,GE10,C31-C33,E_ITSP2X_ITT2,PC_ENT,LV,5.93,NaN,1.65,NaN,3.79,NaN
A,GE10,C31-C33,E_ITSP2X_ITT2,PC_ENT,ME,,u,0.0,NaN,,NaN
A,GE10,C31-C33,E_ITSP2X_ITT2,PC_ENT,MK,,u,,u,,NaN
A,GE10,C31-C33,E_ITSP2X_ITT2,PC_ENT,MT,6.76,NaN,,NaN,2.15,NaN
A,GE10,C31-C33,E_ITSP2X_ITT2,PC_ENT,NL,1.05,NaN,5.37,NaN,6.63,NaN
A,GE10,C31-C33,E_ITSP2X_ITT2,PC_ENT,NO,16.39,NaN,25.0,NaN,11.34,NaN
A,GE10,C31-C33,E_ITSP2X_ITT2,PC_ENT,PL,4.61,NaN,6.16,NaN,7.67,NaN
A,GE10,C31-C33,E_ITSP2X_ITT2,PC_ENT,PT,15.17,NaN,6.13,NaN,21.17,NaN
A,GE10,C31-C33,E_ITSP2X_ITT2,PC_ENT,RO,0.36,NaN,2.46,NaN,4.95,NaN
A,GE10,C31-C33,E_ITSP2X_ITT2,PC_ENT,RS,11.72,NaN,14.18,NaN,7.96,NaN
A,GE10,C31-C33,E_ITSP2X_ITT2,PC_ENT,SE,22.65,NaN,12.23,NaN,,bu
A,GE10,C31-C33,E_ITSP2X_ITT2,PC_ENT,SI,17.78,NaN,14.58,NaN,6.53,NaN
A,GE10,C31-C33,E_ITSP2X_ITT2,PC_ENT,SK,8.67,NaN,10.26,NaN,4.04,NaN
A,GE10,C31-C33,E_ITSP2X_ITT2,PC_ENT,TR,4.32,NaN,7.26,NaN,7.22,NaN
A,GE10,C31-C33,E_ITSP2X_ITT2,PC_ENT,UK,14.29,NaN,,NaN,,NaN
A,GE10,C31-C33,E_ITSP2X_ITT2,PC_ENT_CUSE,AT,,NaN,,NaN,,NaN
A,GE10,C31-C33,E_ITSP2X_ITT2,PC_ENT_CUSE,BA,,NaN,,NaN,,NaN
A,GE10,C31-C33,E_ITSP2X_ITT2,PC_ENT_CUSE,BE,,NaN,,NaN,,NaN
A,GE10,C31-C33,E_ITSP2X_ITT2,PC_ENT_CUSE,BG,,NaN,,NaN,,NaN
A,GE10,C31-C33,E_ITSP2X_ITT2,PC_ENT_CUSE,CY,,NaN,,NaN,,NaN
A,GE10,C31-C33,E_ITSP2X_ITT2,PC_ENT_CUSE,CZ,,NaN,,NaN,,NaN
A,GE10,C31-C33,E_ITSP2X_ITT2,PC_ENT_CUSE,DE,,NaN,,NaN,,NaN
A,GE10,C31-C33,E_ITSP2X_ITT2,PC_ENT_CUSE,DK,,NaN,,NaN,,NaN
A,GE10,C31-C33,E_ITSP2X_ITT2,PC_ENT_CUSE,EA,,NaN,,NaN,,NaN
A,GE10,C31-C33,E_ITSP2X_ITT2,PC_ENT_CUSE,EE,,NaN,,NaN,,NaN
A,GE10,C31-C33,E_ITSP2X_ITT2,PC_ENT_CUSE,EL,,NaN,,NaN,,NaN
A,GE10,C31-C33,E_ITSP2X_ITT2,PC_ENT_CUSE,ES,,NaN,,NaN,,NaN
A,GE10,C31-C33,E_ITSP2X_ITT2,PC_ENT_CUSE,EU15,,NaN,,NaN,,NaN
A,GE10,C31-C33,E_ITSP2X_ITT2,PC_ENT_CUSE,EU27_2007,,NaN,,NaN,,NaN
A,GE10,C31-C33,E_ITSP2X_ITT2,PC_ENT_CUSE,EU27_2020,,NaN,,NaN,,NaN
A,GE10,C31-C33,E_ITSP2X_ITT2,PC_ENT_CUSE,EU28,,NaN,,NaN,,NaN
A,GE10,C31-C33,E_ITSP2X_ITT2,PC_ENT_CUSE,FI,,NaN,,NaN,,NaN
A,GE10,C31-C33,E_ITSP2X_ITT2,PC_ENT_CUSE,FR,,NaN,,NaN,,NaN
A,GE10,C31-C33,E_ITSP2X_ITT2,PC_ENT_CUSE,HR,,NaN,,NaN,,NaN
A,GE10,C31-C33,E_ITSP2X_ITT2,PC_ENT_CUSE,HU,,NaN,,NaN,,NaN
A,GE10,C31-C33,E_ITSP2X_ITT2,PC_ENT_CUSE,IE,,NaN,,NaN,,NaN
A,GE10,C31-C33,E_ITSP2X_ITT2,PC_ENT_CUSE,IT,,NaN,,NaN,,NaN
A,GE10,C31-C33,E_ITSP2X_ITT2,PC_ENT_CUSE,LT,,NaN,,NaN,,NaN
A,GE10,C31-C33,E_ITSP2X_ITT2,PC_ENT_CUSE,LU,,NaN,,NaN,,NaN
A,GE10,C31-C33,E_ITSP2X_ITT2,PC_ENT_CUSE,LV,,NaN,,NaN,,NaN
A,GE10,C31-C33,E_ITSP2X_ITT2,PC_ENT_CUSE,ME,,NaN,,NaN,,NaN
A,GE10,C31-C33,E_ITSP2X_ITT2,PC_ENT_CUSE,MK,,NaN,,NaN,,NaN
A,GE10,C31-C33,E_ITSP2X_ITT2,PC_ENT_CUSE,MT,,NaN,,NaN,,NaN
A,GE10,C31-C33,E_ITSP2X_ITT2,PC_ENT_CUSE,NL,,NaN,,NaN,,NaN
A,GE10,C31-C33,E_ITSP2X_ITT2,PC_ENT_CUSE,NO,,NaN,,NaN,,NaN
A,GE10,C31-C33,E_ITSP2X_ITT2,PC_ENT_CUSE,PL,,NaN,,NaN,,NaN
A,GE10,C31-C33,E_ITSP2X_ITT2,PC_ENT_CUSE,PT,,NaN,,NaN,,NaN
A,GE10,C31-C33,E_ITSP2X_ITT2,PC_ENT_CUSE,RO,,NaN,,NaN,,NaN
A,GE10,C31-C33,E_ITSP2X_ITT2,PC_ENT_CUSE,RS,,NaN,,NaN,,NaN
A,GE10,C31-C33,E_ITSP2X_ITT2,PC_ENT_CUSE,SE,,NaN,,NaN,,NaN
A,GE10,C31-C33,E_ITSP2X_ITT2,PC_ENT_CUSE,SI,,NaN,,NaN,,NaN
A,GE10,C31-C33,E_ITSP2X_ITT2,PC_ENT_CUSE,SK,,NaN,,NaN,,NaN
A,GE10,C31-C33,E_ITSP2X_ITT2,PC_ENT_CUSE,TR,,NaN,,NaN,,NaN
A,GE10,C31-C33,E_ITSP2X_ITT2,PC_ENT_CUSE,UK,,NaN,,NaN,,NaN
A,GE10,C31-C33,E_ITSP2_ITT2,PC_ENT,AT,7.71,NaN,14.34,NaN,12.06,NaN
A,GE10,C31-C33,E_ITSP2_ITT2,PC_ENT,BA,14.57,NaN,,u,,u
A,GE10,C31-C33,E_ITSP2_ITT2,PC_ENT,BE,,u,,u,,u
A,GE10,C31-C33,E_ITSP2_ITT2,PC_ENT,BG,4.56,NaN,4.79,NaN,5.88,NaN
A,GE10,C31-C33,E_ITSP2_ITT2,PC_ENT,CY,10.48,NaN,16.44,NaN,11.36,NaN
A,GE10,C31-C33,E_ITSP2_ITT2,PC_ENT,CZ,15.76,NaN,11.88,NaN,14.78,NaN
A,GE10,C31-C33,E_ITSP2_ITT2,PC_ENT,DE,11.78,NaN,12.3,NaN,11.72,NaN
A,GE10,C31-C33,E_ITSP2_ITT2,PC_ENT,DK,17.04,NaN,17.74,NaN,14.22,NaN
A,GE10,C31-C33,E_ITSP2_ITT2,PC_ENT,EA,9.22,NaN,10.07,NaN,9.35,NaN
A,GE10,C31-C33,E_ITSP2_ITT2,PC_ENT,EE,5.23,NaN,4.77,NaN,4.51,NaN
A,GE10,C31-C33,E_ITSP2_ITT2,PC_ENT,EL,,u,11.03,NaN,8.84,NaN
A,GE10,C31-C33,E_ITSP2_ITT2,PC_ENT,ES,,u,,u,5.74,NaN
A,GE10,C31-C33,E_ITSP2_ITT2,PC_ENT,EU15,,NaN,,NaN,,NaN
A,GE10,C31-C33,E_ITSP2_ITT2,PC_ENT,EU27_2007,,NaN,,NaN,,NaN
A,GE10,C31-C33,E_ITSP2_ITT2,PC_ENT,EU27_2020,9.24,NaN,10.37,NaN,10.39,NaN
A,GE10,C31-C33,E_ITSP2_ITT2,PC_ENT,EU28,,NaN,,NaN,,NaN
A,GE10,C31-C33,E_ITSP2_ITT2,PC_ENT,FI,,u,,u,,u
A,GE10,C31-C33,E_ITSP2_ITT2,PC_ENT,FR,8.52,NaN,10.26,b,8.92,NaN
A,GE10,C31-C33,E_ITSP2_ITT2,PC_ENT,HR,7.56,NaN,8.01,NaN,4.23,NaN
A,GE10,C31-C33,E_ITSP2_ITT2,PC_ENT,HU,9.91,NaN,12.0,NaN,7.11,NaN
A,GE10,C31-C33,E_ITSP2_ITT2,PC_ENT,IE,18.7,NaN,19.59,NaN,24.88,NaN
A,GE10,C31-C33,E_ITSP2_ITT2,PC_ENT,IT,5.21,NaN,6.35,NaN,5.51,NaN
A,GE10,C31-C33,E_ITSP2_ITT2,PC_ENT,LT,8.06,NaN,6.43,NaN,8.81,NaN
A,GE10,C31-C33,E_ITSP2_ITT2,PC_ENT,LU,,u,,u,,u
A,GE10,C31-C33,E_ITSP2_ITT2,PC_ENT,LV,6.68,NaN,8.56,NaN,6.28,NaN
A,GE10,C31-C33,E_ITSP2_ITT2,PC_ENT,ME,,u,37.12,NaN,,NaN
A,GE10,C31-C33,E_ITSP2_ITT2,PC_ENT,MK,0.0,NaN,,u,,NaN
A,GE10,C31-C33,E_ITSP2_ITT2,PC_ENT,MT,14.84,NaN,,NaN,27.86,NaN
A,GE10,C31-C33,E_ITSP2_ITT2,PC_ENT,NL,14.03,NaN,20.47,NaN,16.69,NaN
A,GE10,C31-C33,E_ITSP2_ITT2,PC_ENT,NO,10.59,NaN,16.95,NaN,11.78,NaN
A,GE10,C31-C33,E_ITSP2_ITT2,PC_ENT,PL,8.99,NaN,14.36,NaN,19.38,NaN
A,GE10,C31-C33,E_ITSP2_ITT2,PC_ENT,PT,10.68,NaN,5.27,NaN,9.59,NaN
A,GE10,C31-C33,E_ITSP2_ITT2,PC_ENT,RO,1.1,NaN,1.08,NaN,5.5,NaN
A,GE10,C31-C33,E_ITSP2_ITT2,PC_ENT,RS,7.45,NaN,5.25,NaN,8.68,NaN
A,GE10,C31-C33,E_ITSP2_ITT2,PC_ENT,SE,16.54,NaN,15.34,NaN,12.71,b
A,GE10,C31-C33,E_ITSP2_ITT2,PC_ENT,SI,5.25,NaN,10.93,NaN,6.82,NaN
A,GE10,C31-C33,E_ITSP2_ITT2,PC_ENT,SK,10.25,NaN,9.39,NaN,7.22,NaN
A,GE10,C31-C33,E_ITSP2_ITT2,PC_ENT,TR,4.71,NaN,7.51,NaN,5.0,NaN
A,GE10,C31-C33,E_ITSP2_ITT2,PC_ENT,UK,12.77,NaN,,NaN,,NaN
A,GE10,C31-C33,E_ITSP2_ITT2,PC_ENT_CUSE,AT,,NaN,,NaN,,NaN
A,GE10,C31-C33,E_ITSP2_ITT2,PC_ENT_CUSE,BA,,NaN,,NaN,,NaN
A,GE10,C31-C33,E_ITSP2_ITT2,PC_ENT_CUSE,BE,,NaN,,NaN,,NaN
A,GE10,C31-C33,E_ITSP2_ITT2,PC_ENT_CUSE,BG,,NaN,,NaN,,NaN
A,GE10,C31-C33,E_ITSP2_ITT2,PC_ENT_CUSE,CY,,NaN,,NaN,,NaN
A,GE10,C31-C33,E_ITSP2_ITT2,PC_ENT_CUSE,CZ,,NaN,,NaN,,NaN
A,GE10,C31-C33,E_ITSP2_ITT2,PC_ENT_CUSE,DE,,NaN,,NaN,,NaN
A,GE10,C31-C33,E_ITSP2_ITT2,PC_ENT_CUSE,DK,,NaN,,NaN,,NaN
A,GE10,C31-C33,E_ITSP2_ITT2,PC_ENT_CUSE,EA,,NaN,,NaN,,NaN
A,GE10,C31-C33,E_ITSP2_ITT2,PC_ENT_CUSE,EE,,NaN,,NaN,,NaN
A,GE10,C31-C33,E_ITSP2_ITT2,PC_ENT_CUSE,EL,,NaN,,NaN,,NaN
A,GE10,C31-C33,E_ITSP2_ITT2,PC_ENT_CUSE,ES,,NaN,,NaN,,NaN
A,GE10,C31-C33,E_ITSP2_ITT2,PC_ENT_CUSE,EU15,,NaN,,NaN,,NaN
A,GE10,C31-C33,E_ITSP2_ITT2,PC_ENT_CUSE,EU27_2007,,NaN,,NaN,,NaN
A,GE10,C31-C33,E_ITSP2_ITT2,PC_ENT_CUSE,EU27_2020,,NaN,,NaN,,NaN
A,GE10,C31-C33,E_ITSP2_ITT2,PC_ENT_CUSE,EU28,,NaN,,NaN,,NaN
A,GE10,C31-C33,E_ITSP2_ITT2,PC_ENT_CUSE,FI,,NaN,,NaN,,NaN
A,GE10,C31-C33,E_ITSP2_ITT2,PC_ENT_CUSE,FR,,NaN,,NaN,,NaN
A,GE10,C31-C33,E_ITSP2_ITT2,PC_ENT_CUSE,HR,,NaN,,NaN,,NaN
A,GE10,C31-C33,E_ITSP2_ITT2,PC_ENT_CUSE,HU,,NaN,,NaN,,NaN
A,GE10,C31-C33,E_ITSP2_ITT2,PC_ENT_CUSE,IE,,NaN,,NaN,,NaN
A,GE10,C31-C33,E_ITSP2_ITT2,PC_ENT_CUSE,IT,,NaN,,NaN,,NaN
A,GE10,C31-C33,E_ITSP2_ITT2,PC_ENT_CUSE,LT,,NaN,,NaN,,NaN
A,GE10,C31-C33,E_ITSP2_ITT2,PC_ENT_CUSE,LU,,NaN,,NaN,,NaN
A,GE10,C31-C33,E_ITSP2_ITT2,PC_ENT_CUSE,LV,,NaN,,NaN,,NaN
A,GE10,C31-C33,E_ITSP2_ITT2,PC_ENT_CUSE,ME,,NaN,,NaN,,NaN
A,GE10,C31-C33,E_ITSP2_ITT2,PC_ENT_CUSE,MK,,NaN,,NaN,,NaN
A,GE10,C31-C33,E_ITSP2_ITT2,PC_ENT_CUSE,MT,,NaN,,NaN,,NaN
A,GE10,C31-C33,E_ITSP2_ITT2,PC_ENT_CUSE,NL,,NaN,,NaN,,NaN
A,GE10,C31-C33,E_ITSP2_ITT2,PC_ENT_CUSE,NO,,NaN,,NaN,,NaN
A,GE10,C31-C33,E_ITSP2_ITT2,PC_ENT_CUSE,PL,,NaN,,NaN,,NaN
A,GE10,C31-C33,E_ITSP2_ITT2,PC_ENT_CUSE,PT,,NaN,,NaN,,NaN
A,GE10,C31-C33,E_ITSP2_ITT2,PC_ENT_CUSE,RO,,NaN,,NaN,,NaN
A,GE10,C31-C33,E_ITSP2_ITT2,PC_ENT_CUSE,RS,,NaN,,NaN,,NaN
A,GE10,C31-C33,E_ITSP2_ITT2,PC_ENT_CUSE,SE,,NaN,,NaN,,NaN
A,GE10,C31-C33,E_ITSP2_ITT2,PC_ENT_CUSE,SI,,NaN,,NaN,,NaN
A,GE10,C31-C33,E_ITSP2_ITT2,PC_ENT_CUSE,SK,,NaN,,NaN,,NaN
A,GE10,C31-C33,E_ITSP2_ITT2,PC_ENT_CUSE,TR,,NaN,,NaN,,NaN
A,GE10,C31-C33,E_ITSP2_ITT2,PC_ENT_CUSE,UK,,NaN,,NaN,,NaN
A,GE10,C31-C33,E_ITSPT2,PC_ENT,AT,7.03,NaN,9.52,NaN,10.37,NaN
A,GE10,C31-C33,E_ITSPT2,PC_ENT,BA,7.95,NaN,,u,,u
A,GE10,C31-C33,E_ITSPT2,PC_ENT,BE,,u,,u,,u
A,GE10,C31-C33,E_ITSPT2,PC_ENT,BG,4.29,NaN,4.79,NaN,4.97,NaN
A,GE10,C31-C33,E_ITSPT2,PC_ENT,CY,8.97,NaN,7.12,NaN,7.55,NaN
A,GE10,C31-C33,E_ITSPT2,PC_ENT,CZ,10.51,NaN,10.23,NaN,10.74,NaN
A,GE10,C31-C33,E_ITSPT2,PC_ENT,DE,10.15,NaN,10.95,NaN,10.35,NaN
A,GE10,C31-C33,E_ITSPT2,PC_ENT,DK,14.46,NaN,12.43,NaN,11.43,NaN
A,GE10,C31-C33,E_ITSPT2,PC_ENT,EA,8.1,NaN,9.18,NaN,8.24,NaN
A,GE10,C31-C33,E_ITSPT2,PC_ENT,EE,4.34,NaN,6.46,NaN,2.45,NaN
A,GE10,C31-C33,E_ITSPT2,PC_ENT,EL,,u,11.07,NaN,11.34,NaN
A,GE10,C31-C33,E_ITSPT2,PC_ENT,ES,,u,,u,5.03,NaN
A,GE10,C31-C33,E_ITSPT2,PC_ENT,EU15,,NaN,,NaN,,NaN
A,GE10,C31-C33,E_ITSPT2,PC_ENT,EU27_2007,,NaN,,NaN,,NaN
A,GE10,C31-C33,E_ITSPT2,PC_ENT,EU27_2020,7.74,NaN,8.75,NaN,9.07,NaN
A,GE10,C31-C33,E_ITSPT2,PC_ENT,EU28,,NaN,,NaN,,NaN
A,GE10,C31-C33,E_ITSPT2,PC_ENT,FI,,u,,u,,u
A,GE10,C31-C33,E_ITSPT2,PC_ENT,FR,6.5,NaN,8.44,b,7.92,NaN
A,GE10,C31-C33,E_ITSPT2,PC_ENT,HR,2.48,NaN,4.17,NaN,4.0,NaN
A,GE10,C31-C33,E_ITSPT2,PC_ENT,HU,5.87,NaN,8.37,NaN,4.52,NaN
A,GE10,C31-C33,E_ITSPT2,PC_ENT,IE,12.63,NaN,12.19,NaN,16.48,NaN
A,GE10,C31-C33,E_ITSPT2,PC_ENT,IS,,NaN,,NaN,,NaN
A,GE10,C31-C33,E_ITSPT2,PC_ENT,IT,6.81,NaN,7.32,NaN,5.34,NaN
A,GE10,C31-C33,E_ITSPT2,PC_ENT,LT,6.83,NaN,6.07,NaN,7.28,NaN
A,GE10,C31-C33,E_ITSPT2,PC_ENT,LU,,u,,u,,u
A,GE10,C31-C33,E_ITSPT2,PC_ENT,LV,4.27,NaN,5.61,NaN,4.07,NaN
A,GE10,C31-C33,E_ITSPT2,PC_ENT,ME,,u,37.12,NaN,,NaN
A,GE10,C31-C33,E_ITSPT2,PC_ENT,MK,0.0,NaN,0.0,NaN,,NaN
A,GE10,C31-C33,E_ITSPT2,PC_ENT,MT,10.56,NaN,,NaN,19.23,NaN
A,GE10,C31-C33,E_ITSPT2,PC_ENT,NL,12.98,NaN,19.6,NaN,14.26,NaN
A,GE10,C31-C33,E_ITSPT2,PC_ENT,NO,17.66,NaN,15.05,NaN,10.99,NaN
A,GE10,C31-C33,E_ITSPT2,PC_ENT,PL,6.51,NaN,8.36,NaN,18.28,NaN
A,GE10,C31-C33,E_ITSPT2,PC_ENT,PT,6.43,NaN,3.55,NaN,8.65,NaN
A,GE10,C31-C33,E_ITSPT2,PC_ENT,RO,1.11,NaN,1.18,NaN,4.97,NaN
A,GE10,C31-C33,E_ITSPT2,PC_ENT,RS,5.26,NaN,4.35,NaN,7.56,NaN
A,GE10,C31-C33,E_ITSPT2,PC_ENT,SE,12.15,NaN,7.71,NaN,5.18,b
A,GE10,C31-C33,E_ITSPT2,PC_ENT,SI,4.37,NaN,10.93,NaN,4.75,NaN
A,GE10,C31-C33,E_ITSPT2,PC_ENT,SK,7.33,NaN,8.09,NaN,7.22,NaN
A,GE10,C31-C33,E_ITSPT2,PC_ENT,TR,2.52,NaN,4.24,NaN,3.19,NaN
A,GE10,C31-C33,E_ITSPT2,PC_ENT,UK,6.5,NaN,,NaN,,NaN
A,GE10,C31-C33,E_ITSPT2,PC_ENT_CUSE,AT,,NaN,,NaN,,NaN
A,GE10,C31-C33,E_ITSPT2,PC_ENT_CUSE,BA,,NaN,,NaN,,NaN
A,GE10,C31-C33,E_ITSPT2,PC_ENT_CUSE,BE,,NaN,,NaN,,NaN
A,GE10,C31-C33,E_ITSPT2,PC_ENT_CUSE,BG,,NaN,,NaN,,NaN
A,GE10,C31-C33,E_ITSPT2,PC_ENT_CUSE,CY,,NaN,,NaN,,NaN
A,GE10,C31-C33,E_ITSPT2,PC_ENT_CUSE,CZ,,NaN,,NaN,,NaN
A,GE10,C31-C33,E_ITSPT2,PC_ENT_CUSE,DE,,NaN,,NaN,,NaN
A,GE10,C31-C33,E_ITSPT2,PC_ENT_CUSE,DK,,NaN,,NaN,,NaN
A,GE10,C31-C33,E_ITSPT2,PC_ENT_CUSE,EA,,NaN,,NaN,,NaN
A,GE10,C31-C33,E_ITSPT2,PC_ENT_CUSE,EE,,NaN,,NaN,,NaN
A,GE10,C31-C33,E_ITSPT2,PC_ENT_CUSE,EL,,NaN,,NaN,,NaN
A,GE10,C31-C33,E_ITSPT2,PC_ENT_CUSE,ES,,NaN,,NaN,,NaN
A,GE10,C31-C33,E_ITSPT2,PC_ENT_CUSE,EU15,,NaN,,NaN,,NaN
A,GE10,C31-C33,E_ITSPT2,PC_ENT_CUSE,EU27_2007,,NaN,,NaN,,NaN
A,GE10,C31-C33,E_ITSPT2,PC_ENT_CUSE,EU27_2020,,NaN,,NaN,,NaN
A,GE10,C31-C33,E_ITSPT2,PC_ENT_CUSE,EU28,,NaN,,NaN,,NaN
A,GE10,C31-C33,E_ITSPT2,PC_ENT_CUSE,FI,,NaN,,NaN,,NaN
A,GE10,C31-C33,E_ITSPT2,PC_ENT_CUSE,FR,,NaN,,NaN,,NaN
A,GE10,C31-C33,E_ITSPT2,PC_ENT_CUSE,HR,,NaN,,NaN,,NaN
A,GE10,C31-C33,E_ITSPT2,PC_ENT_CUSE,HU,,NaN,,NaN,,NaN
A,GE10,C31-C33,E_ITSPT2,PC_ENT_CUSE,IE,,NaN,,NaN,,NaN
A,GE10,C31-C33,E_ITSPT2,PC_ENT_CUSE,IS,,NaN,,NaN,,NaN
A,GE10,C31-C33,E_ITSPT2,PC_ENT_CUSE,IT,,NaN,,NaN,,NaN
A,GE10,C31-C33,E_ITSPT2,PC_ENT_CUSE,LT,,NaN,,NaN,,NaN
A,GE10,C31-C33,E_ITSPT2,PC_ENT_CUSE,LU,,NaN,,NaN,,NaN
A,GE10,C31-C33,E_ITSPT2,PC_ENT_CUSE,LV,,NaN,,NaN,,NaN
A,GE10,C31-C33,E_ITSPT2,PC_ENT_CUSE,ME,,NaN,,NaN,,NaN
A,GE10,C31-C33,E_ITSPT2,PC_ENT_CUSE,MK,,NaN,,NaN,,NaN
A,GE10,C31-C33,E_ITSPT2,PC_ENT_CUSE,MT,,NaN,,NaN,,NaN
A,GE10,C31-C33,E_ITSPT2,PC_ENT_CUSE,NL,,NaN,,NaN,,NaN
A,GE10,C31-C33,E_ITSPT2,PC_ENT_CUSE,NO,,NaN,,NaN,,NaN
A,GE10,C31-C33,E_ITSPT2,PC_ENT_CUSE,PL,,NaN,,NaN,,NaN
A,GE10,C31-C33,E_ITSPT2,PC_ENT_CUSE,PT,,NaN,,NaN,,NaN
A,GE10,C31-C33,E_ITSPT2,PC_ENT_CUSE,RO,,NaN,,NaN,,NaN
A,GE10,C31-C33,E_ITSPT2,PC_ENT_CUSE,RS,,NaN,,NaN,,NaN
A,GE10,C31-C33,E_ITSPT2,PC_ENT_CUSE,SE,,NaN,,NaN,,NaN
A,GE10,C31-C33,E_ITSPT2,PC_ENT_CUSE,SI,,NaN,,NaN,,NaN
A,GE10,C31-C33,E_ITSPT2,PC_ENT_CUSE,SK,,NaN,,NaN,,NaN
A,GE10,C31-C33,E_ITSPT2,PC_ENT_CUSE,TR,,NaN,,NaN,,NaN
A,GE10,C31-C33,E_ITSPT2,PC_ENT_CUSE,UK,,NaN,,NaN,,NaN
A,GE10,C31-C33,E_ITT2,PC_ENT,AT,13.79,NaN,,u,19.72,NaN
A,GE10,C31-C33,E_ITT2,PC_ENT,BA,22.4,NaN,,u,10.74,NaN
A,GE10,C31-C33,E_ITT2,PC_ENT,BE,,u,,u,,u
A,GE10,C31-C33,E_ITT2,PC_ENT,BG,4.98,NaN,7.49,NaN,6.51,NaN
A,GE10,C31-C33,E_ITT2,PC_ENT,CY,19.45,NaN,24.53,NaN,24.55,NaN
A,GE10,C31-C33,E_ITT2,PC_ENT,CZ,29.01,NaN,24.32,NaN,28.45,NaN
A,GE10,C31-C33,E_ITT2,PC_ENT,DE,22.37,NaN,24.79,NaN,23.35,NaN
A,GE10,C31-C33,E_ITT2,PC_ENT,DK,28.6,NaN,29.3,NaN,35.45,NaN
A,GE10,C31-C33,E_ITT2,PC_ENT,EA,18.54,NaN,19.72,NaN,18.55,NaN
A,GE10,C31-C33,E_ITT2,PC_ENT,EE,13.88,NaN,10.67,NaN,10.38,NaN
A,GE10,C31-C33,E_ITT2,PC_ENT,EL,,u,11.39,NaN,11.56,NaN
A,GE10,C31-C33,E_ITT2,PC_ENT,ES,,u,,u,13.55,NaN
A,GE10,C31-C33,E_ITT2,PC_ENT,EU15,,NaN,,NaN,,NaN
A,GE10,C31-C33,E_ITT2,PC_ENT,EU27_2007,,NaN,,NaN,,NaN
A,GE10,C31-C33,E_ITT2,PC_ENT,EU27_2020,17.96,NaN,19.35,NaN,19.48,NaN
A,GE10,C31-C33,E_ITT2,PC_ENT,EU28,,NaN,,NaN,,NaN
A,GE10,C31-C33,E_ITT2,PC_ENT,FI,,u,,u,,u
A,GE10,C31-C33,E_ITT2,PC_ENT,FR,12.57,NaN,14.77,b,13.87,NaN
A,GE10,C31-C33,E_ITT2,PC_ENT,HR,15.23,NaN,15.99,NaN,13.61,NaN
A,GE10,C31-C33,E_ITT2,PC_ENT,HU,18.01,NaN,15.5,NaN,14.24,NaN
A,GE10,C31-C33,E_ITT2,PC_ENT,IE,31.63,NaN,24.99,NaN,30.36,NaN
A,GE10,C31-C33,E_ITT2,PC_ENT,IS,,NaN,,NaN,,NaN
A,GE10,C31-C33,E_ITT2,PC_ENT,IT,16.66,NaN,15.75,NaN,14.11,NaN
A,GE10,C31-C33,E_ITT2,PC_ENT,LT,10.68,NaN,11.03,NaN,13.79,NaN
A,GE10,C31-C33,E_ITT2,PC_ENT,LU,,u,,u,,u
A,GE10,C31-C33,E_ITT2,PC_ENT,LV,12.61,NaN,10.21,NaN,10.07,NaN
A,GE10,C31-C33,E_ITT2,PC_ENT,ME,,u,37.12,NaN,,NaN
A,GE10,C31-C33,E_ITT2,PC_ENT,MK,,u,,u,,NaN
A,GE10,C31-C33,E_ITT2,PC_ENT,MT,21.6,NaN,,NaN,30.01,NaN
A,GE10,C31-C33,E_ITT2,PC_ENT,NL,23.94,NaN,25.85,NaN,23.32,NaN
A,GE10,C31-C33,E_ITT2,PC_ENT,NO,29.61,NaN,41.95,NaN,23.12,NaN
A,GE10,C31-C33,E_ITT2,PC_ENT,PL,13.6,NaN,20.53,NaN,27.05,NaN
A,GE10,C31-C33,E_ITT2,PC_ENT,PT,,u,11.4,NaN,30.76,NaN
A,GE10,C31-C33,E_ITT2,PC_ENT,RO,1.62,NaN,3.62,NaN,10.45,NaN
A,GE10,C31-C33,E_ITT2,PC_ENT,RS,19.17,NaN,19.42,NaN,16.64,NaN
A,GE10,C31-C33,E_ITT2,PC_ENT,SE,39.19,NaN,,u,,bu
A,GE10,C31-C33,E_ITT2,PC_ENT,SI,23.03,NaN,25.55,NaN,13.35,NaN
A,GE10,C31-C33,E_ITT2,PC_ENT,SK,18.92,NaN,19.66,NaN,11.26,NaN
A,GE10,C31-C33,E_ITT2,PC_ENT,TR,9.03,NaN,14.77,NaN,12.22,NaN
A,GE10,C31-C33,E_ITT2,PC_ENT,UK,,u,,NaN,,NaN
A,GE10,C31-C33,E_ITT2,PC_ENT_CUSE,AT,,NaN,,NaN,,NaN
A,GE10,C31-C33,E_ITT2,PC_ENT_CUSE,BA,,NaN,,NaN,,NaN
A,GE10,C31-C33,E_ITT2,PC_ENT_CUSE,BE,,NaN,,NaN,,NaN
A,GE10,C31-C33,E_ITT2,PC_ENT_CUSE,BG,,NaN,,NaN,,NaN
A,GE10,C31-C33,E_ITT2,PC_ENT_CUSE,CY,,NaN,,NaN,,NaN
A,GE10,C31-C33,E_ITT2,PC_ENT_CUSE,CZ,,NaN,,NaN,,NaN
A,GE10,C31-C33,E_ITT2,PC_ENT_CUSE,DE,,NaN,,NaN,,NaN
A,GE10,C31-C33,E_ITT2,PC_ENT_CUSE,DK,,NaN,,NaN,,NaN
A,GE10,C31-C33,E_ITT2,PC_ENT_CUSE,EA,,NaN,,NaN,,NaN
A,GE10,C31-C33,E_ITT2,PC_ENT_CUSE,EE,,NaN,,NaN,,NaN
A,GE10,C31-C33,E_ITT2,PC_ENT_CUSE,EL,,NaN,,NaN,,NaN
A,GE10,C31-C33,E_ITT2,PC_ENT_CUSE,ES,,NaN,,NaN,,NaN
A,GE10,C31-C33,E_ITT2,PC_ENT_CUSE,EU15,,NaN,,NaN,,NaN
A,GE10,C31-C33,E_ITT2,PC_ENT_CUSE,EU27_2007,,NaN,,NaN,,NaN
A,GE10,C31-C33,E_ITT2,PC_ENT_CUSE,EU27_2020,,NaN,,NaN,,NaN
A,GE10,C31-C33,E_ITT2,PC_ENT_CUSE,EU28,,NaN,,NaN,,NaN
A,GE10,C31-C33,E_ITT2,PC_ENT_CUSE,FI,,NaN,,NaN,,NaN
A,GE10,C31-C33,E_ITT2,PC_ENT_CUSE,FR,,NaN,,NaN,,NaN
A,GE10,C31-C33,E_ITT2,PC_ENT_CUSE,HR,,NaN,,NaN,,NaN
A,GE10,C31-C33,E_ITT2,PC_ENT_CUSE,HU,,NaN,,NaN,,NaN
A,GE10,C31-C33,E_ITT2,PC_ENT_CUSE,IE,,NaN,,NaN,,NaN
A,GE10,C31-C33,E_ITT2,PC_ENT_CUSE,IS,,NaN,,NaN,,NaN
A,GE10,C31-C33,E_ITT2,PC_ENT_CUSE,IT,,NaN,,NaN,,NaN
A,GE10,C31-C33,E_ITT2,PC_ENT_CUSE,LT,,NaN,,NaN,,NaN
A,GE10,C31-C33,E_ITT2,PC_ENT_CUSE,LU,,NaN,,NaN,,NaN
A,GE10,C31-C33,E_ITT2,PC_ENT_CUSE,LV,,NaN,,NaN,,NaN
A,GE10,C31-C33,E_ITT2,PC_ENT_CUSE,ME,,NaN,,NaN,,NaN
A,GE10,C31-C33,E_ITT2,PC_ENT_CUSE,MK,,NaN,,NaN,,NaN
A,GE10,C31-C33,E_ITT2,PC_ENT_CUSE,MT,,NaN,,NaN,,NaN
A,GE10,C31-C33,E_ITT2,PC_ENT_CUSE,NL,,NaN,,NaN,,NaN
A,GE10,C31-C33,E_ITT2,PC_ENT_CUSE,NO,,NaN,,NaN,,NaN
A,GE10,C31-C33,E_ITT2,PC_ENT_CUSE,PL,,NaN,,NaN,,NaN
A,GE10,C31-C33,E_ITT2,PC_ENT_CUSE,PT,,NaN,,NaN,,NaN
A,GE10,C31-C33,E_ITT2,PC_ENT_CUSE,RO,,NaN,,NaN,,NaN
A,GE10,C31-C33,E_ITT2,PC_ENT_CUSE,RS,,NaN,,NaN,,NaN
A,GE10,C31-C33,E_ITT2,PC_ENT_CUSE,SE,,NaN,,NaN,,NaN
A,GE10,C31-C33,E_ITT2,PC_ENT_CUSE,SI,,NaN,,NaN,,NaN
A,GE10,C31-C33,E_ITT2,PC_ENT_CUSE,SK,,NaN,,NaN,,NaN
A,GE10,C31-C33,E_ITT2,PC_ENT_CUSE,TR,,NaN,,NaN,,NaN
A,GE10,C31-C33,E_ITT2,PC_ENT_CUSE,UK,,NaN,,NaN,,NaN
A,GE10,C31-C33,E_ITUST2,PC_ENT,AT,11.17,NaN,,u,14.8,NaN
A,GE10,C31-C33,E_ITUST2,PC_ENT,BA,19.09,NaN,,u,10.24,NaN
A,GE10,C31-C33,E_ITUST2,PC_ENT,BE,,u,,u,,u
A,GE10,C31-C33,E_ITUST2,PC_ENT,BG,1.24,NaN,6.4,NaN,2.45,NaN
A,GE10,C31-C33,E_ITUST2,PC_ENT,CY,19.45,NaN,24.53,NaN,22.72,NaN
A,GE10,C31-C33,E_ITUST2,PC_ENT,CZ,29.01,NaN,20.85,NaN,24.17,NaN
A,GE10,C31-C33,E_ITUST2,PC_ENT,DE,19.72,NaN,23.36,NaN,21.19,NaN
A,GE10,C31-C33,E_ITUST2,PC_ENT,DK,25.24,NaN,25.2,NaN,33.14,NaN
A,GE10,C31-C33,E_ITUST2,PC_ENT,EA,15.71,NaN,17.01,NaN,16.35,NaN
A,GE10,C31-C33,E_ITUST2,PC_ENT,EE,13.04,NaN,10.23,NaN,9.99,NaN
A,GE10,C31-C33,E_ITUST2,PC_ENT,EL,,u,6.57,NaN,3.89,NaN
A,GE10,C31-C33,E_ITUST2,PC_ENT,ES,,u,,u,12.08,NaN
A,GE10,C31-C33,E_ITUST2,PC_ENT,EU15,,NaN,,NaN,,NaN
A,GE10,C31-C33,E_ITUST2,PC_ENT,EU27_2007,,NaN,,NaN,,NaN
A,GE10,C31-C33,E_ITUST2,PC_ENT,EU27_2020,15.48,NaN,16.86,NaN,16.65,NaN
A,GE10,C31-C33,E_ITUST2,PC_ENT,EU28,,NaN,,NaN,,NaN
A,GE10,C31-C33,E_ITUST2,PC_ENT,FI,,u,,u,,u
A,GE10,C31-C33,E_ITUST2,PC_ENT,FR,10.36,NaN,10.25,b,11.56,NaN
A,GE10,C31-C33,E_ITUST2,PC_ENT,HR,15.23,NaN,15.71,NaN,12.94,NaN
A,GE10,C31-C33,E_ITUST2,PC_ENT,HU,16.37,NaN,13.08,NaN,13.58,NaN
A,GE10,C31-C33,E_ITUST2,PC_ENT,IE,30.92,NaN,21.26,NaN,29.81,NaN
A,GE10,C31-C33,E_ITUST2,PC_ENT,IS,,NaN,,NaN,,NaN
A,GE10,C31-C33,E_ITUST2,PC_ENT,IT,,u,12.75,NaN,12.88,NaN
A,GE10,C31-C33,E_ITUST2,PC_ENT,LT,7.71,NaN,9.19,NaN,12.26,NaN
A,GE10,C31-C33,E_ITUST2,PC_ENT,LU,,u,,u,,u
A,GE10,C31-C33,E_ITUST2,PC_ENT,LV,10.64,NaN,7.71,NaN,8.21,NaN
A,GE10,C31-C33,E_ITUST2,PC_ENT,ME,,u,0.0,NaN,,NaN
A,GE10,C31-C33,E_ITUST2,PC_ENT,MK,,u,,u,,NaN
A,GE10,C31-C33,E_ITUST2,PC_ENT,MT,17.25,NaN,,NaN,30.01,NaN
A,GE10,C31-C33,E_ITUST2,PC_ENT,NL,21.84,NaN,20.22,NaN,19.19,NaN
A,GE10,C31-C33,E_ITUST2,PC_ENT,NO,25.58,NaN,37.28,NaN,22.07,NaN
A,GE10,C31-C33,E_ITUST2,PC_ENT,PL,11.78,NaN,18.76,NaN,18.61,NaN
A,GE10,C31-C33,E_ITUST2,PC_ENT,PT,,u,10.64,NaN,27.01,NaN
A,GE10,C31-C33,E_ITUST2,PC_ENT,RO,1.39,NaN,3.27,NaN,9.43,NaN
A,GE10,C31-C33,E_ITUST2,PC_ENT,RS,14.9,NaN,18.11,NaN,13.07,NaN
A,GE10,C31-C33,E_ITUST2,PC_ENT,SE,38.42,NaN,,u,,bu
A,GE10,C31-C33,E_ITUST2,PC_ENT,SI,20.03,NaN,23.26,NaN,11.27,NaN
A,GE10,C31-C33,E_ITUST2,PC_ENT,SK,16.91,NaN,16.38,NaN,8.32,NaN
A,GE10,C31-C33,E_ITUST2,PC_ENT,TR,8.35,NaN,13.71,NaN,11.67,NaN
A,GE10,C31-C33,E_ITUST2,PC_ENT,UK,,u,,NaN,,NaN
A,GE10,C31-C33,E_ITUST2,PC_ENT_CUSE,AT,,NaN,,NaN,,NaN
A,GE10,C31-C33,E_ITUST2,PC_ENT_CUSE,BA,,NaN,,NaN,,NaN
A,GE10,C31-C33,E_ITUST2,PC_ENT_CUSE,BE,,NaN,,NaN,,NaN
A,GE10,C31-C33,E_ITUST2,PC_ENT_CUSE,BG,,NaN,,NaN,,NaN
A,GE10,C31-C33,E_ITUST2,PC_ENT_CUSE,CY,,NaN,,NaN,,NaN
A,GE10,C31-C33,E_ITUST2,PC_ENT_CUSE,CZ,,NaN,,NaN,,NaN
A,GE10,C31-C33,E_ITUST2,PC_ENT_CUSE,DE,,NaN,,NaN,,NaN
A,GE10,C31-C33,E_ITUST2,PC_ENT_CUSE,DK,,NaN,,NaN,,NaN
A,GE10,C31-C33,E_ITUST2,PC_ENT_CUSE,EA,,NaN,,NaN,,NaN
A,GE10,C31-C33,E_ITUST2,PC_ENT_CUSE,EE,,NaN,,NaN,,NaN
A,GE10,C31-C33,E_ITUST2,PC_ENT_CUSE,EL,,NaN,,NaN,,NaN
A,GE10,C31-C33,E_ITUST2,PC_ENT_CUSE,ES,,NaN,,NaN,,NaN
A,GE10,C31-C33,E_ITUST2,PC_ENT_CUSE,EU15,,NaN,,NaN,,NaN
A,GE10,C31-C33,E_ITUST2,PC_ENT_CUSE,EU27_2007,,NaN,,NaN,,NaN
A,GE10,C31-C33,E_ITUST2,PC_ENT_CUSE,EU27_2020,,NaN,,NaN,,NaN
A,GE10,C31-C33,E_ITUST2,PC_ENT_CUSE,EU28,,NaN,,NaN,,NaN
A,GE10,C31-C33,E_ITUST2,PC_ENT_CUSE,FI,,NaN,,NaN,,NaN
A,GE10,C31-C33,E_ITUST2,PC_ENT_CUSE,FR,,NaN,,NaN,,NaN
A,GE10,C31-C33,E_ITUST2,PC_ENT_CUSE,HR,,NaN,,NaN,,NaN
A,GE10,C31-C33,E_ITUST2,PC_ENT_CUSE,HU,,NaN,,NaN,,NaN
A,GE10,C31-C33,E_ITUST2,PC_ENT_CUSE,IE,,NaN,,NaN,,NaN
A,GE10,C31-C33,E_ITUST2,PC_ENT_CUSE,IS,,NaN,,NaN,,NaN
A,GE10,C31-C33,E_ITUST2,PC_ENT_CUSE,IT,,NaN,,NaN,,NaN
A,GE10,C31-C33,E_ITUST2,PC_ENT_CUSE,LT,,NaN,,NaN,,NaN
A,GE10,C31-C33,E_ITUST2,PC_ENT_CUSE,LU,,NaN,,NaN,,NaN
A,GE10,C31-C33,E_ITUST2,PC_ENT_CUSE,LV,,NaN,,NaN,,NaN
A,GE10,C31-C33,E_ITUST2,PC_ENT_CUSE,ME,,NaN,,NaN,,NaN
A,GE10,C31-C33,E_ITUST2,PC_ENT_CUSE,MK,,NaN,,NaN,,NaN
A,GE10,C31-C33,E_ITUST2,PC_ENT_CUSE,MT,,NaN,,NaN,,NaN
A,GE10,C31-C33,E_ITUST2,PC_ENT_CUSE,NL,,NaN,,NaN,,NaN
A,GE10,C31-C33,E_ITUST2,PC_ENT_CUSE,NO,,NaN,,NaN,,NaN
A,GE10,C31-C33,E_ITUST2,PC_ENT_CUSE,PL,,NaN,,NaN,,NaN
A,GE10,C31-C33,E_ITUST2,PC_ENT_CUSE,PT,,NaN,,NaN,,NaN
A,GE10,C31-C33,E_ITUST2,PC_ENT_CUSE,RO,,NaN,,NaN,,NaN
A,GE10,C31-C33,E_ITUST2,PC_ENT_CUSE,RS,,NaN,,NaN,,NaN
A,GE10,C31-C33,E_ITUST2,PC_ENT_CUSE,SE,,NaN,,NaN,,NaN
A,GE10,C31-C33,E_ITUST2,PC_ENT_CUSE,SI,,NaN,,NaN,,NaN
A,GE10,C31-C33,E_ITUST2,PC_ENT_CUSE,SK,,NaN,,NaN,,NaN
A,GE10,C31-C33,E_ITUST2,PC_ENT_CUSE,TR,,NaN,,NaN,,NaN
A,GE10,C31-C33,E_ITUST2,PC_ENT_CUSE,UK,,NaN,,NaN,,NaN
A,GE10,D35,E_ITSP2X_ITT2,PC_ENT,AT,,NaN,,u,5.55,NaN
A,GE10,D35,E_ITSP2X_ITT2,PC_ENT,BA,,NaN,0.0,NaN,,NaN
A,GE10,D35,E_ITSP2X_ITT2,PC_ENT,BE,,NaN,9.09,NaN,0.0,NaN
A,GE10,D35,E_ITSP2X_ITT2,PC_ENT,BG,,NaN,,u,,u
A,GE10,D35,E_ITSP2X_ITT2,PC_ENT,CY,,NaN,,NaN,0.0,NaN
A,GE10,D35,E_ITSP2X_ITT2,PC_ENT,CZ,,NaN,15.49,NaN,23.14,NaN
A,GE10,D35,E_ITSP2X_ITT2,PC_ENT,DE,,NaN,15.02,NaN,12.26,NaN
A,GE10,D35,E_ITSP2X_ITT2,PC_ENT,DK,,NaN,23.9,NaN,19.73,NaN
A,GE10,D35,E_ITSP2X_ITT2,PC_ENT,EA,,NaN,12.82,NaN,12.13,NaN
A,GE10,D35,E_ITSP2X_ITT2,PC_ENT,EE,,NaN,18.04,NaN,19.21,NaN
A,GE10,D35,E_ITSP2X_ITT2,PC_ENT,EL,,NaN,9.78,NaN,0.72,NaN
A,GE10,D35,E_ITSP2X_ITT2,PC_ENT,ES,,NaN,,u,,u
A,GE10,D35,E_ITSP2X_ITT2,PC_ENT,EU27_2020,,NaN,13.01,NaN,13.32,NaN
A,GE10,D35,E_ITSP2X_ITT2,PC_ENT,FI,,NaN,,u,,u
A,GE10,D35,E_ITSP2X_ITT2,PC_ENT,FR,,NaN,5.72,b,3.2,NaN
A,GE10,D35,E_ITSP2X_ITT2,PC_ENT,HR,,NaN,0.0,NaN,7.52,NaN
A,GE10,D35,E_ITSP2X_ITT2,PC_ENT,HU,,NaN,11.11,NaN,5.56,NaN
A,GE10,D35,E_ITSP2X_ITT2,PC_ENT,IE,,NaN,,NaN,0.0,NaN
A,GE10,D35,E_ITSP2X_ITT2,PC_ENT,IT,,NaN,,u,,u
A,GE10,D35,E_ITSP2X_ITT2,PC_ENT,LT,,NaN,,u,,u
A,GE10,D35,E_ITSP2X_ITT2,PC_ENT,LU,,NaN,,u,,u
A,GE10,D35,E_ITSP2X_ITT2,PC_ENT,LV,,NaN,1.55,NaN,6.21,NaN
A,GE10,D35,E_ITSP2X_ITT2,PC_ENT,ME,,NaN,,NaN,,NaN
A,GE10,D35,E_ITSP2X_ITT2,PC_ENT,MK,,NaN,,u,,NaN
A,GE10,D35,E_ITSP2X_ITT2,PC_ENT,MT,,NaN,,u,,u
A,GE10,D35,E_ITSP2X_ITT2,PC_ENT,NL,,NaN,2.81,NaN,3.26,NaN
A,GE10,D35,E_ITSP2X_ITT2,PC_ENT,NO,,NaN,14.99,NaN,16.05,NaN
A,GE10,D35,E_ITSP2X_ITT2,PC_ENT,PL,,NaN,17.84,NaN,19.58,NaN
A,GE10,D35,E_ITSP2X_ITT2,PC_ENT,PT,,NaN,10.82,NaN,2.7,NaN
A,GE10,D35,E_ITSP2X_ITT2,PC_ENT,RO,,NaN,0.8,NaN,6.07,NaN
A,GE10,D35,E_ITSP2X_ITT2,PC_ENT,RS,,NaN,9.87,NaN,2.53,NaN
A,GE10,D35,E_ITSP2X_ITT2,PC_ENT,SE,,NaN,17.15,NaN,15.02,b
A,GE10,D35,E_ITSP2X_ITT2,PC_ENT,SI,,NaN,10.1,NaN,,NaN
A,GE10,D35,E_ITSP2X_ITT2,PC_ENT,SK,,NaN,17.88,NaN,17.31,NaN
A,GE10,D35,E_ITSP2X_ITT2,PC_ENT,TR,,NaN,6.33,NaN,3.39,NaN
A,GE10,D35,E_ITSP2_ITT2,PC_ENT,AL,,NaN,,u,,NaN
A,GE10,D35,E_ITSP2_ITT2,PC_ENT,AT,,NaN,,u,,u
A,GE10,D35,E_ITSP2_ITT2,PC_ENT,BA,,NaN,28.28,NaN,35.27,NaN
A,GE10,D35,E_ITSP2_ITT2,PC_ENT,BE,,NaN,77.27,NaN,38.78,NaN
A,GE10,D35,E_ITSP2_ITT2,PC_ENT,BG,,NaN,27.22,NaN,11.69,NaN
A,GE10,D35,E_ITSP2_ITT2,PC_ENT,CY,,NaN,,NaN,100.0,NaN
A,GE10,D35,E_ITSP2_ITT2,PC_ENT,CZ,,NaN,16.1,NaN,14.75,NaN
A,GE10,D35,E_ITSP2_ITT2,PC_ENT,DE,,NaN,48.2,NaN,50.79,NaN
A,GE10,D35,E_ITSP2_ITT2,PC_ENT,DK,,NaN,64.77,NaN,68.42,NaN
A,GE10,D35,E_ITSP2_ITT2,PC_ENT,EA,,NaN,40.94,NaN,39.83,NaN
A,GE10,D35,E_ITSP2_ITT2,PC_ENT,EE,,NaN,22.27,NaN,29.1,NaN
A,GE10,D35,E_ITSP2_ITT2,PC_ENT,EL,,NaN,42.01,NaN,26.76,NaN
A,GE10,D35,E_ITSP2_ITT2,PC_ENT,ES,,NaN,,u,,u
A,GE10,D35,E_ITSP2_ITT2,PC_ENT,EU27_2020,,NaN,38.62,NaN,38.84,NaN
A,GE10,D35,E_ITSP2_ITT2,PC_ENT,FI,,NaN,,u,,u
A,GE10,D35,E_ITSP2_ITT2,PC_ENT,FR,,NaN,27.44,b,33.53,NaN
A,GE10,D35,E_ITSP2_ITT2,PC_ENT,HR,,NaN,13.9,NaN,9.17,NaN
A,GE10,D35,E_ITSP2_ITT2,PC_ENT,HU,,NaN,31.94,NaN,21.37,NaN
A,GE10,D35,E_ITSP2_ITT2,PC_ENT,IE,,NaN,45.65,NaN,60.0,NaN
A,GE10,D35,E_ITSP2_ITT2,PC_ENT,IT,,NaN,,u,,u
A,GE10,D35,E_ITSP2_ITT2,PC_ENT,LT,,NaN,,u,,u
A,GE10,D35,E_ITSP2_ITT2,PC_ENT,LU,,NaN,,u,,u
A,GE10,D35,E_ITSP2_ITT2,PC_ENT,LV,,NaN,18.16,NaN,18.8,NaN
A,GE10,D35,E_ITSP2_ITT2,PC_ENT,ME,,NaN,,NaN,,NaN
A,GE10,D35,E_ITSP2_ITT2,PC_ENT,MK,,NaN,,u,,NaN
A,GE10,D35,E_ITSP2_ITT2,PC_ENT,MT,,NaN,,u,,u
A,GE10,D35,E_ITSP2_ITT2,PC_ENT,NL,,NaN,59.85,NaN,48.09,NaN
A,GE10,D35,E_ITSP2_ITT2,PC_ENT,NO,,NaN,59.39,NaN,57.96,NaN
A,GE10,D35,E_ITSP2_ITT2,PC_ENT,PL,,NaN,36.09,NaN,47.19,NaN
A,GE10,D35,E_ITSP2_ITT2,PC_ENT,PT,,NaN,,u,44.37,NaN
A,GE10,D35,E_ITSP2_ITT2,PC_ENT,RO,,NaN,20.27,NaN,19.99,NaN
A,GE10,D35,E_ITSP2_ITT2,PC_ENT,RS,,NaN,15.79,NaN,10.13,NaN
A,GE10,D35,E_ITSP2_ITT2,PC_ENT,SE,,NaN,56.6,NaN,59.92,b
A,GE10,D35,E_ITSP2_ITT2,PC_ENT,SI,,NaN,48.74,NaN,,u
A,GE10,D35,E_ITSP2_ITT2,PC_ENT,SK,,NaN,20.67,NaN,16.7,NaN
A,GE10,D35,E_ITSP2_ITT2,PC_ENT,TR,,NaN,37.29,NaN,33.11,NaN
A,GE10,D35,E_ITSPT2,PC_ENT,AL,,NaN,,u,,NaN
A,GE10,D35,E_ITSPT2,PC_ENT,AT,,NaN,,u,,u
A,GE10,D35,E_ITSPT2,PC_ENT,BA,,NaN,25.86,NaN,35.27,NaN
A,GE10,D35,E_ITSPT2,PC_ENT,BE,,NaN,77.27,NaN,32.65,NaN
A,GE10,D35,E_ITSPT2,PC_ENT,BG,,NaN,20.28,NaN,9.63,NaN
A,GE10,D35,E_ITSPT2,PC_ENT,CY,,NaN,,NaN,100.0,NaN
A,GE10,D35,E_ITSPT2,PC_ENT,CZ,,NaN,15.75,NaN,13.56,NaN
A,GE10,D35,E_ITSPT2,PC_ENT,DE,,NaN,45.57,NaN,47.69,NaN
A,GE10,D35,E_ITSPT2,PC_ENT,DK,,NaN,64.77,NaN,68.42,NaN
A,GE10,D35,E_ITSPT2,PC_ENT,EA,,NaN,38.68,NaN,37.64,NaN
A,GE10,D35,E_ITSPT2,PC_ENT,EE,,NaN,19.95,NaN,25.48,NaN
A,GE10,D35,E_ITSPT2,PC_ENT,EL,,NaN,37.95,NaN,27.48,NaN
A,GE10,D35,E_ITSPT2,PC_ENT,ES,,NaN,,u,,u
A,GE10,D35,E_ITSPT2,PC_ENT,EU27_2020,,NaN,35.46,NaN,35.93,NaN
A,GE10,D35,E_ITSPT2,PC_ENT,FI,,NaN,,u,,u
A,GE10,D35,E_ITSPT2,PC_ENT,FR,,NaN,26.77,b,31.83,NaN
A,GE10,D35,E_ITSPT2,PC_ENT,HR,,NaN,13.9,NaN,,NaN
A,GE10,D35,E_ITSPT2,PC_ENT,HU,,NaN,25.0,NaN,14.1,NaN
A,GE10,D35,E_ITSPT2,PC_ENT,IE,,NaN,32.61,NaN,52.5,NaN
A,GE10,D35,E_ITSPT2,PC_ENT,IT,,NaN,,u,,u
A,GE10,D35,E_ITSPT2,PC_ENT,LT,,NaN,,u,,u
A,GE10,D35,E_ITSPT2,PC_ENT,LU,,NaN,,u,,u
A,GE10,D35,E_ITSPT2,PC_ENT,LV,,NaN,12.05,NaN,17.18,NaN
A,GE10,D35,E_ITSPT2,PC_ENT,ME,,NaN,,NaN,,NaN
A,GE10,D35,E_ITSPT2,PC_ENT,MK,,NaN,,u,,NaN
A,GE10,D35,E_ITSPT2,PC_ENT,MT,,NaN,,u,,u
A,GE10,D35,E_ITSPT2,PC_ENT,NL,,NaN,58.19,NaN,46.42,NaN
A,GE10,D35,E_ITSPT2,PC_ENT,NO,,NaN,57.09,NaN,52.08,NaN
A,GE10,D35,E_ITSPT2,PC_ENT,PL,,NaN,27.06,NaN,43.05,NaN
A,GE10,D35,E_ITSPT2,PC_ENT,PT,,NaN,,u,40.32,NaN
A,GE10,D35,E_ITSPT2,PC_ENT,RO,,NaN,17.57,NaN,18.46,NaN
A,GE10,D35,E_ITSPT2,PC_ENT,RS,,NaN,13.82,NaN,7.59,NaN
A,GE10,D35,E_ITSPT2,PC_ENT,SE,,NaN,49.45,NaN,43.26,b
A,GE10,D35,E_ITSPT2,PC_ENT,SI,,NaN,38.13,NaN,,u
A,GE10,D35,E_ITSPT2,PC_ENT,SK,,NaN,17.36,NaN,14.88,NaN
A,GE10,D35,E_ITSPT2,PC_ENT,TR,,NaN,31.39,NaN,29.65,NaN
A,GE10,D35,E_ITT2,PC_ENT,AL,,NaN,,u,,NaN
A,GE10,D35,E_ITT2,PC_ENT,AT,,NaN,,u,,u
A,GE10,D35,E_ITT2,PC_ENT,BA,,NaN,28.28,NaN,38.91,NaN
A,GE10,D35,E_ITT2,PC_ENT,BE,,NaN,86.36,NaN,38.78,NaN
A,GE10,D35,E_ITT2,PC_ENT,BG,,NaN,32.2,NaN,17.32,NaN
A,GE10,D35,E_ITT2,PC_ENT,CY,,NaN,,NaN,100.0,NaN
A,GE10,D35,E_ITT2,PC_ENT,CZ,,NaN,31.59,NaN,37.89,NaN
A,GE10,D35,E_ITT2,PC_ENT,DE,,NaN,63.28,NaN,63.04,NaN
A,GE10,D35,E_ITT2,PC_ENT,DK,,NaN,88.67,NaN,88.15,NaN
A,GE10,D35,E_ITT2,PC_ENT,EA,,NaN,53.85,NaN,52.15,NaN
A,GE10,D35,E_ITT2,PC_ENT,EE,,NaN,40.31,NaN,48.31,NaN
A,GE10,D35,E_ITT2,PC_ENT,EL,,NaN,51.79,NaN,27.48,NaN
A,GE10,D35,E_ITT2,PC_ENT,ES,,NaN,,u,,u
A,GE10,D35,E_ITT2,PC_ENT,EU27_2020,,NaN,51.74,NaN,52.35,NaN
A,GE10,D35,E_ITT2,PC_ENT,FI,,NaN,,u,,u
A,GE10,D35,E_ITT2,PC_ENT,FR,,NaN,,bu,36.73,NaN
A,GE10,D35,E_ITT2,PC_ENT,HR,,NaN,13.9,NaN,16.69,NaN
A,GE10,D35,E_ITT2,PC_ENT,HU,,NaN,43.06,NaN,26.92,NaN
A,GE10,D35,E_ITT2,PC_ENT,IE,,NaN,45.65,NaN,60.0,NaN
A,GE10,D35,E_ITT2,PC_ENT,IT,,NaN,,u,,u
A,GE10,D35,E_ITT2,PC_ENT,LT,,NaN,,u,,u
A,GE10,D35,E_ITT2,PC_ENT,LU,,NaN,,u,,u
A,GE10,D35,E_ITT2,PC_ENT,LV,,NaN,19.71,NaN,25.0,NaN
A,GE10,D35,E_ITT2,PC_ENT,ME,,NaN,53.33,NaN,,NaN
A,GE10,D35,E_ITT2,PC_ENT,MK,,NaN,,u,,NaN
A,GE10,D35,E_ITT2,PC_ENT,MT,,NaN,,u,,u
A,GE10,D35,E_ITT2,PC_ENT,NL,,NaN,62.67,NaN,51.34,NaN
A,GE10,D35,E_ITT2,PC_ENT,NO,,NaN,74.38,NaN,74.01,NaN
A,GE10,D35,E_ITT2,PC_ENT,PL,,NaN,53.95,NaN,66.77,NaN
A,GE10,D35,E_ITT2,PC_ENT,PT,,NaN,,u,47.07,NaN
A,GE10,D35,E_ITT2,PC_ENT,RO,,NaN,22.63,NaN,26.06,NaN
A,GE10,D35,E_ITT2,PC_ENT,RS,,NaN,25.66,NaN,12.66,NaN
A,GE10,D35,E_ITT2,PC_ENT,SE,,NaN,73.75,NaN,76.54,b
A,GE10,D35,E_ITT2,PC_ENT,SI,,NaN,58.59,NaN,,u
A,GE10,D35,E_ITT2,PC_ENT,SK,,NaN,38.55,NaN,34.01,NaN
A,GE10,D35,E_ITT2,PC_ENT,TR,,NaN,43.62,NaN,36.5,NaN
A,GE10,D35,E_ITUST2,PC_ENT,AL,,NaN,,u,,NaN
A,GE10,D35,E_ITUST2,PC_ENT,AT,,NaN,,u,,u
A,GE10,D35,E_ITUST2,PC_ENT,BA,,NaN,26.06,NaN,23.64,NaN
A,GE10,D35,E_ITUST2,PC_ENT,BE,,NaN,86.36,NaN,38.78,NaN
A,GE10,D35,E_ITUST2,PC_ENT,BG,,NaN,25.98,NaN,13.19,NaN
A,GE10,D35,E_ITUST2,PC_ENT,CY,,NaN,,NaN,100.0,NaN
A,GE10,D35,E_ITUST2,PC_ENT,CZ,,NaN,31.59,NaN,37.89,NaN
A,GE10,D35,E_ITUST2,PC_ENT,DE,,NaN,57.97,NaN,59.0,NaN
A,GE10,D35,E_ITUST2,PC_ENT,DK,,NaN,87.27,NaN,85.72,NaN
A,GE10,D35,E_ITUST2,PC_ENT,EA,,NaN,47.98,NaN,47.38,NaN
A,GE10,D35,E_ITUST2,PC_ENT,EE,,NaN,40.31,NaN,43.55,NaN
A,GE10,D35,E_ITUST2,PC_ENT,EL,,NaN,51.79,NaN,25.04,NaN
A,GE10,D35,E_ITUST2,PC_ENT,ES,,NaN,,u,,u
A,GE10,D35,E_ITUST2,PC_ENT,EU27_2020,,NaN,46.57,NaN,47.13,NaN
A,GE10,D35,E_ITUST2,PC_ENT,FI,,NaN,,u,,u
A,GE10,D35,E_ITUST2,PC_ENT,FR,,NaN,26.24,b,29.95,NaN
A,GE10,D35,E_ITUST2,PC_ENT,HR,,NaN,13.9,NaN,16.69,NaN
A,GE10,D35,E_ITUST2,PC_ENT,HU,,NaN,36.11,NaN,25.64,NaN
A,GE10,D35,E_ITUST2,PC_ENT,IE,,NaN,45.65,NaN,32.5,NaN
A,GE10,D35,E_ITUST2,PC_ENT,IT,,NaN,,u,,u
A,GE10,D35,E_ITUST2,PC_ENT,LT,,NaN,,u,,u
A,GE10,D35,E_ITUST2,PC_ENT,LU,,NaN,,u,,u
A,GE10,D35,E_ITUST2,PC_ENT,LV,,NaN,18.16,NaN,23.45,NaN
A,GE10,D35,E_ITUST2,PC_ENT,ME,,NaN,53.33,NaN,,NaN
A,GE10,D35,E_ITUST2,PC_ENT,MK,,NaN,,u,,NaN
A,GE10,D35,E_ITUST2,PC_ENT,MT,,NaN,,u,,u
A,GE10,D35,E_ITUST2,PC_ENT,NL,,NaN,58.59,NaN,44.85,NaN
A,GE10,D35,E_ITUST2,PC_ENT,NO,,NaN,67.37,NaN,69.46,NaN
A,GE10,D35,E_ITUST2,PC_ENT,PL,,NaN,47.41,NaN,53.04,NaN
A,GE10,D35,E_ITUST2,PC_ENT,PT,,NaN,,u,45.72,NaN
A,GE10,D35,E_ITUST2,PC_ENT,RO,,NaN,18.75,NaN,23.12,NaN
A,GE10,D35,E_ITUST2,PC_ENT,RS,,NaN,24.34,NaN,12.66,NaN
A,GE10,D35,E_ITUST2,PC_ENT,SE,,NaN,72.77,NaN,72.25,b
A,GE10,D35,E_ITUST2,PC_ENT,SI,,NaN,58.59,NaN,,u
A,GE10,D35,E_ITUST2,PC_ENT,SK,,NaN,31.37,NaN,31.4,NaN
A,GE10,D35,E_ITUST2,PC_ENT,TR,,NaN,37.76,NaN,30.81,NaN
A,GE10,D_E,E_ITSP2X_ITT2,PC_ENT,AT,5.61,NaN,,u,5.57,NaN
A,GE10,D_E,E_ITSP2X_ITT2,PC_ENT,BA,,u,,NaN,,u
A,GE10,D_E,E_ITSP2X_ITT2,PC_ENT,BE,10.3,NaN,,u,,u
A,GE10,D_E,E_ITSP2X_ITT2,PC_ENT,BG,3.46,NaN,2.98,NaN,2.4,NaN
A,GE10,D_E,E_ITSP2X_ITT2,PC_ENT,CY,12.11,NaN,17.74,NaN,10.06,NaN
A,GE10,D_E,E_ITSP2X_ITT2,PC_ENT,CZ,18.12,NaN,11.86,NaN,19.8,NaN
A,GE10,D_E,E_ITSP2X_ITT2,PC_ENT,DE,16.0,NaN,15.88,NaN,15.1,NaN
A,GE10,D_E,E_ITSP2X_ITT2,PC_ENT,DK,12.77,NaN,18.78,NaN,13.79,NaN
A,GE10,D_E,E_ITSP2X_ITT2,PC_ENT,EA,11.79,NaN,11.67,NaN,11.44,NaN
A,GE10,D_E,E_ITSP2X_ITT2,PC_ENT,EE,6.81,NaN,11.73,NaN,17.03,NaN
A,GE10,D_E,E_ITSP2X_ITT2,PC_ENT,EL,,u,4.25,NaN,4.12,NaN
A,GE10,D_E,E_ITSP2X_ITT2,PC_ENT,ES,9.36,NaN,7.73,NaN,15.76,NaN
A,GE10,D_E,E_ITSP2X_ITT2,PC_ENT,EU15,,NaN,,NaN,,NaN
A,GE10,D_E,E_ITSP2X_ITT2,PC_ENT,EU27_2007,,NaN,,NaN,,NaN
A,GE10,D_E,E_ITSP2X_ITT2,PC_ENT,EU27_2020,10.98,NaN,11.38,NaN,12.13,NaN
A,GE10,D_E,E_ITSP2X_ITT2,PC_ENT,EU28,,NaN,,NaN,,NaN
A,GE10,D_E,E_ITSP2X_ITT2,PC_ENT,FI,36.06,NaN,24.65,NaN,16.5,NaN
A,GE10,D_E,E_ITSP2X_ITT2,PC_ENT,FR,12.24,NaN,4.23,b,4.29,NaN
A,GE10,D_E,E_ITSP2X_ITT2,PC_ENT,HR,10.98,NaN,10.88,NaN,9.6,NaN
A,GE10,D_E,E_ITSP2X_ITT2,PC_ENT,HU,5.44,NaN,7.11,NaN,4.52,NaN
A,GE10,D_E,E_ITSP2X_ITT2,PC_ENT,IE,19.82,NaN,3.18,NaN,0.0,NaN
A,GE10,D_E,E_ITSP2X_ITT2,PC_ENT,IT,7.51,NaN,10.99,NaN,9.04,NaN
A,GE10,D_E,E_ITSP2X_ITT2,PC_ENT,LT,8.8,NaN,3.66,NaN,6.36,NaN
A,GE10,D_E,E_ITSP2X_ITT2,PC_ENT,LU,0.0,NaN,6.08,NaN,4.61,NaN
A,GE10,D_E,E_ITSP2X_ITT2,PC_ENT,LV,6.8,NaN,5.06,NaN,7.81,NaN
A,GE10,D_E,E_ITSP2X_ITT2,PC_ENT,ME,,u,,NaN,,NaN
A,GE10,D_E,E_ITSP2X_ITT2,PC_ENT,MK,,u,,u,,NaN
A,GE10,D_E,E_ITSP2X_ITT2,PC_ENT,MT,,u,,u,,u
A,GE10,D_E,E_ITSP2X_ITT2,PC_ENT,NL,2.42,NaN,7.49,NaN,3.36,NaN
A,GE10,D_E,E_ITSP2X_ITT2,PC_ENT,NO,34.83,NaN,19.46,NaN,16.62,NaN
A,GE10,D_E,E_ITSP2X_ITT2,PC_ENT,PL,6.96,NaN,12.19,NaN,17.87,NaN
A,GE10,D_E,E_ITSP2X_ITT2,PC_ENT,PT,8.06,NaN,14.59,NaN,6.91,NaN
A,GE10,D_E,E_ITSP2X_ITT2,PC_ENT,RO,1.21,NaN,2.23,NaN,4.04,NaN
A,GE10,D_E,E_ITSP2X_ITT2,PC_ENT,RS,14.96,NaN,5.05,NaN,5.34,NaN
A,GE10,D_E,E_ITSP2X_ITT2,PC_ENT,SE,23.12,NaN,19.56,NaN,15.42,b
A,GE10,D_E,E_ITSP2X_ITT2,PC_ENT,SI,19.83,NaN,13.59,NaN,22.24,NaN
A,GE10,D_E,E_ITSP2X_ITT2,PC_ENT,SK,7.46,NaN,11.92,NaN,12.55,NaN
A,GE10,D_E,E_ITSP2X_ITT2,PC_ENT,TR,2.69,NaN,7.13,NaN,2.85,NaN
A,GE10,D_E,E_ITSP2X_ITT2,PC_ENT,UK,6.91,NaN,,NaN,,NaN
A,GE10,D_E,E_ITSP2X_ITT2,PC_ENT_CUSE,AT,,NaN,,NaN,,NaN
A,GE10,D_E,E_ITSP2X_ITT2,PC_ENT_CUSE,BA,,NaN,,NaN,,NaN
A,GE10,D_E,E_ITSP2X_ITT2,PC_ENT_CUSE,BE,,NaN,,NaN,,NaN
A,GE10,D_E,E_ITSP2X_ITT2,PC_ENT_CUSE,BG,,NaN,,NaN,,NaN
A,GE10,D_E,E_ITSP2X_ITT2,PC_ENT_CUSE,CY,,NaN,,NaN,,NaN
A,GE10,D_E,E_ITSP2X_ITT2,PC_ENT_CUSE,CZ,,NaN,,NaN,,NaN
A,GE10,D_E,E_ITSP2X_ITT2,PC_ENT_CUSE,DE,,NaN,,NaN,,NaN
A,GE10,D_E,E_ITSP2X_ITT2,PC_ENT_CUSE,DK,,NaN,,NaN,,NaN
A,GE10,D_E,E_ITSP2X_ITT2,PC_ENT_CUSE,EA,,NaN,,NaN,,NaN
A,GE10,D_E,E_ITSP2X_ITT2,PC_ENT_CUSE,EE,,NaN,,NaN,,NaN
A,GE10,D_E,E_ITSP2X_ITT2,PC_ENT_CUSE,EL,,NaN,,NaN,,NaN
A,GE10,D_E,E_ITSP2X_ITT2,PC_ENT_CUSE,ES,,NaN,,NaN,,NaN
A,GE10,D_E,E_ITSP2X_ITT2,PC_ENT_CUSE,EU15,,NaN,,NaN,,NaN
A,GE10,D_E,E_ITSP2X_ITT2,PC_ENT_CUSE,EU27_2007,,NaN,,NaN,,NaN
A,GE10,D_E,E_ITSP2X_ITT2,PC_ENT_CUSE,EU27_2020,,NaN,,NaN,,NaN
A,GE10,D_E,E_ITSP2X_ITT2,PC_ENT_CUSE,EU28,,NaN,,NaN,,NaN
A,GE10,D_E,E_ITSP2X_ITT2,PC_ENT_CUSE,FI,,NaN,,NaN,,NaN
A,GE10,D_E,E_ITSP2X_ITT2,PC_ENT_CUSE,FR,,NaN,,NaN,,NaN
A,GE10,D_E,E_ITSP2X_ITT2,PC_ENT_CUSE,HR,,NaN,,NaN,,NaN
A,GE10,D_E,E_ITSP2X_ITT2,PC_ENT_CUSE,HU,,NaN,,NaN,,NaN
A,GE10,D_E,E_ITSP2X_ITT2,PC_ENT_CUSE,IE,,NaN,,NaN,,NaN
A,GE10,D_E,E_ITSP2X_ITT2,PC_ENT_CUSE,IT,,NaN,,NaN,,NaN
A,GE10,D_E,E_ITSP2X_ITT2,PC_ENT_CUSE,LT,,NaN,,NaN,,NaN
A,GE10,D_E,E_ITSP2X_ITT2,PC_ENT_CUSE,LU,,NaN,,NaN,,NaN
A,GE10,D_E,E_ITSP2X_ITT2,PC_ENT_CUSE,LV,,NaN,,NaN,,NaN
A,GE10,D_E,E_ITSP2X_ITT2,PC_ENT_CUSE,ME,,NaN,,NaN,,NaN
A,GE10,D_E,E_ITSP2X_ITT2,PC_ENT_CUSE,MK,,NaN,,NaN,,NaN
A,GE10,D_E,E_ITSP2X_ITT2,PC_ENT_CUSE,MT,,NaN,,NaN,,NaN
A,GE10,D_E,E_ITSP2X_ITT2,PC_ENT_CUSE,NL,,NaN,,NaN,,NaN
A,GE10,D_E,E_ITSP2X_ITT2,PC_ENT_CUSE,NO,,NaN,,NaN,,NaN
A,GE10,D_E,E_ITSP2X_ITT2,PC_ENT_CUSE,PL,,NaN,,NaN,,NaN
A,GE10,D_E,E_ITSP2X_ITT2,PC_ENT_CUSE,PT,,NaN,,NaN,,NaN
A,GE10,D_E,E_ITSP2X_ITT2,PC_ENT_CUSE,RO,,NaN,,NaN,,NaN
A,GE10,D_E,E_ITSP2X_ITT2,PC_ENT_CUSE,RS,,NaN,,NaN,,NaN
A,GE10,D_E,E_ITSP2X_ITT2,PC_ENT_CUSE,SE,,NaN,,NaN,,NaN
A,GE10,D_E,E_ITSP2X_ITT2,PC_ENT_CUSE,SI,,NaN,,NaN,,NaN
A,GE10,D_E,E_ITSP2X_ITT2,PC_ENT_CUSE,SK,,NaN,,NaN,,NaN
A,GE10,D_E,E_ITSP2X_ITT2,PC_ENT_CUSE,TR,,NaN,,NaN,,NaN
A,GE10,D_E,E_ITSP2X_ITT2,PC_ENT_CUSE,UK,,NaN,,NaN,,NaN
A,GE10,D_E,E_ITSP2_ITT2,PC_ENT,AL,,NaN,,u,,NaN
A,GE10,D_E,E_ITSP2_ITT2,PC_ENT,AT,13.63,NaN,,u,29.48,NaN
A,GE10,D_E,E_ITSP2_ITT2,PC_ENT,BA,9.65,NaN,7.69,NaN,10.9,NaN
A,GE10,D_E,E_ITSP2_ITT2,PC_ENT,BE,,u,,u,,u
A,GE10,D_E,E_ITSP2_ITT2,PC_ENT,BG,5.8,NaN,12.21,NaN,6.81,NaN
A,GE10,D_E,E_ITSP2_ITT2,PC_ENT,CY,15.79,NaN,26.26,NaN,15.41,NaN
A,GE10,D_E,E_ITSP2_ITT2,PC_ENT,CZ,15.45,NaN,14.62,NaN,12.2,NaN
A,GE10,D_E,E_ITSP2_ITT2,PC_ENT,DE,22.96,NaN,27.05,NaN,28.06,NaN
A,GE10,D_E,E_ITSP2_ITT2,PC_ENT,DK,31.56,NaN,,u,43.15,NaN
A,GE10,D_E,E_ITSP2_ITT2,PC_ENT,EA,18.23,NaN,22.16,NaN,21.22,NaN
A,GE10,D_E,E_ITSP2_ITT2,PC_ENT,EE,19.6,NaN,19.33,NaN,21.05,NaN
A,GE10,D_E,E_ITSP2_ITT2,PC_ENT,EL,,u,20.23,NaN,16.9,NaN
A,GE10,D_E,E_ITSP2_ITT2,PC_ENT,ES,16.91,NaN,18.02,NaN,14.11,NaN
A,GE10,D_E,E_ITSP2_ITT2,PC_ENT,EU15,,NaN,,NaN,,NaN
A,GE10,D_E,E_ITSP2_ITT2,PC_ENT,EU27_2007,,NaN,,NaN,,NaN
A,GE10,D_E,E_ITSP2_ITT2,PC_ENT,EU27_2020,17.88,NaN,21.69,NaN,21.68,NaN
A,GE10,D_E,E_ITSP2_ITT2,PC_ENT,EU28,,NaN,,NaN,,NaN
A,GE10,D_E,E_ITSP2_ITT2,PC_ENT,FI,36.02,NaN,37.14,NaN,39.26,NaN
A,GE10,D_E,E_ITSP2_ITT2,PC_ENT,FR,15.33,NaN,14.17,b,15.88,NaN
A,GE10,D_E,E_ITSP2_ITT2,PC_ENT,HR,11.97,NaN,15.45,NaN,14.02,NaN
A,GE10,D_E,E_ITSP2_ITT2,PC_ENT,HU,21.81,NaN,20.77,NaN,19.64,NaN
A,GE10,D_E,E_ITSP2_ITT2,PC_ENT,IE,10.69,NaN,25.66,NaN,24.72,NaN
A,GE10,D_E,E_ITSP2_ITT2,PC_ENT,IT,10.4,NaN,12.49,NaN,11.36,NaN
A,GE10,D_E,E_ITSP2_ITT2,PC_ENT,LT,10.56,NaN,15.85,NaN,17.8,NaN
A,GE10,D_E,E_ITSP2_ITT2,PC_ENT,LU,37.03,NaN,37.23,NaN,41.7,NaN
A,GE10,D_E,E_ITSP2_ITT2,PC_ENT,LV,12.41,NaN,16.35,NaN,16.26,NaN
A,GE10,D_E,E_ITSP2_ITT2,PC_ENT,ME,18.16,NaN,14.35,NaN,22.62,NaN
A,GE10,D_E,E_ITSP2_ITT2,PC_ENT,MK,,NaN,,u,,NaN
A,GE10,D_E,E_ITSP2_ITT2,PC_ENT,MT,,u,,u,,u
A,GE10,D_E,E_ITSP2_ITT2,PC_ENT,NL,28.35,NaN,32.82,NaN,28.83,NaN
A,GE10,D_E,E_ITSP2_ITT2,PC_ENT,NO,26.96,NaN,37.77,NaN,36.22,NaN
A,GE10,D_E,E_ITSP2_ITT2,PC_ENT,PL,19.62,NaN,23.82,NaN,29.34,NaN
A,GE10,D_E,E_ITSP2_ITT2,PC_ENT,PT,22.51,NaN,28.11,NaN,31.65,NaN
A,GE10,D_E,E_ITSP2_ITT2,PC_ENT,RO,3.39,NaN,8.84,NaN,9.64,NaN
A,GE10,D_E,E_ITSP2_ITT2,PC_ENT,RS,7.49,NaN,6.15,NaN,14.35,NaN
A,GE10,D_E,E_ITSP2_ITT2,PC_ENT,SE,38.09,NaN,35.83,NaN,40.64,b
A,GE10,D_E,E_ITSP2_ITT2,PC_ENT,SI,32.8,NaN,30.17,NaN,33.07,NaN
A,GE10,D_E,E_ITSP2_ITT2,PC_ENT,SK,13.07,NaN,15.28,NaN,12.97,NaN
A,GE10,D_E,E_ITSP2_ITT2,PC_ENT,TR,19.02,NaN,25.24,NaN,22.96,NaN
A,GE10,D_E,E_ITSP2_ITT2,PC_ENT,UK,,u,,NaN,,NaN
A,GE10,D_E,E_ITSP2_ITT2,PC_ENT_CUSE,AT,,NaN,,NaN,,NaN
A,GE10,D_E,E_ITSP2_ITT2,PC_ENT_CUSE,BA,,NaN,,NaN,,NaN
A,GE10,D_E,E_ITSP2_ITT2,PC_ENT_CUSE,BE,,NaN,,NaN,,NaN
A,GE10,D_E,E_ITSP2_ITT2,PC_ENT_CUSE,BG,,NaN,,NaN,,NaN
A,GE10,D_E,E_ITSP2_ITT2,PC_ENT_CUSE,CY,,NaN,,NaN,,NaN
A,GE10,D_E,E_ITSP2_ITT2,PC_ENT_CUSE,CZ,,NaN,,NaN,,NaN
A,GE10,D_E,E_ITSP2_ITT2,PC_ENT_CUSE,DE,,NaN,,NaN,,NaN
A,GE10,D_E,E_ITSP2_ITT2,PC_ENT_CUSE,DK,,NaN,,NaN,,NaN
A,GE10,D_E,E_ITSP2_ITT2,PC_ENT_CUSE,EA,,NaN,,NaN,,NaN
A,GE10,D_E,E_ITSP2_ITT2,PC_ENT_CUSE,EE,,NaN,,NaN,,NaN
A,GE10,D_E,E_ITSP2_ITT2,PC_ENT_CUSE,EL,,NaN,,NaN,,NaN
A,GE10,D_E,E_ITSP2_ITT2,PC_ENT_CUSE,ES,,NaN,,NaN,,NaN
A,GE10,D_E,E_ITSP2_ITT2,PC_ENT_CUSE,EU15,,NaN,,NaN,,NaN
A,GE10,D_E,E_ITSP2_ITT2,PC_ENT_CUSE,EU27_2007,,NaN,,NaN,,NaN
A,GE10,D_E,E_ITSP2_ITT2,PC_ENT_CUSE,EU27_2020,,NaN,,NaN,,NaN
A,GE10,D_E,E_ITSP2_ITT2,PC_ENT_CUSE,EU28,,NaN,,NaN,,NaN
A,GE10,D_E,E_ITSP2_ITT2,PC_ENT_CUSE,FI,,NaN,,NaN,,NaN
A,GE10,D_E,E_ITSP2_ITT2,PC_ENT_CUSE,FR,,NaN,,NaN,,NaN
A,GE10,D_E,E_ITSP2_ITT2,PC_ENT_CUSE,HR,,NaN,,NaN,,NaN
A,GE10,D_E,E_ITSP2_ITT2,PC_ENT_CUSE,HU,,NaN,,NaN,,NaN
A,GE10,D_E,E_ITSP2_ITT2,PC_ENT_CUSE,IE,,NaN,,NaN,,NaN
A,GE10,D_E,E_ITSP2_ITT2,PC_ENT_CUSE,IT,,NaN,,NaN,,NaN
A,GE10,D_E,E_ITSP2_ITT2,PC_ENT_CUSE,LT,,NaN,,NaN,,NaN
A,GE10,D_E,E_ITSP2_ITT2,PC_ENT_CUSE,LU,,NaN,,NaN,,NaN
A,GE10,D_E,E_ITSP2_ITT2,PC_ENT_CUSE,LV,,NaN,,NaN,,NaN
A,GE10,D_E,E_ITSP2_ITT2,PC_ENT_CUSE,ME,,NaN,,NaN,,NaN
A,GE10,D_E,E_ITSP2_ITT2,PC_ENT_CUSE,MK,,NaN,,NaN,,NaN
A,GE10,D_E,E_ITSP2_ITT2,PC_ENT_CUSE,MT,,NaN,,NaN,,NaN
A,GE10,D_E,E_ITSP2_ITT2,PC_ENT_CUSE,NL,,NaN,,NaN,,NaN
A,GE10,D_E,E_ITSP2_ITT2,PC_ENT_CUSE,NO,,NaN,,NaN,,NaN
A,GE10,D_E,E_ITSP2_ITT2,PC_ENT_CUSE,PL,,NaN,,NaN,,NaN
A,GE10,D_E,E_ITSP2_ITT2,PC_ENT_CUSE,PT,,NaN,,NaN,,NaN
A,GE10,D_E,E_ITSP2_ITT2,PC_ENT_CUSE,RO,,NaN,,NaN,,NaN
A,GE10,D_E,E_ITSP2_ITT2,PC_ENT_CUSE,RS,,NaN,,NaN,,NaN
A,GE10,D_E,E_ITSP2_ITT2,PC_ENT_CUSE,SE,,NaN,,NaN,,NaN
A,GE10,D_E,E_ITSP2_ITT2,PC_ENT_CUSE,SI,,NaN,,NaN,,NaN
A,GE10,D_E,E_ITSP2_ITT2,PC_ENT_CUSE,SK,,NaN,,NaN,,NaN
A,GE10,D_E,E_ITSP2_ITT2,PC_ENT_CUSE,TR,,NaN,,NaN,,NaN
A,GE10,D_E,E_ITSP2_ITT2,PC_ENT_CUSE,UK,,NaN,,NaN,,NaN
A,GE10,D_E,E_ITSPT2,PC_ENT,AL,,NaN,,u,,NaN
A,GE10,D_E,E_ITSPT2,PC_ENT,AT,13.63,NaN,,u,30.11,NaN
A,GE10,D_E,E_ITSPT2,PC_ENT,BA,8.7,NaN,6.56,NaN,10.48,NaN
A,GE10,D_E,E_ITSPT2,PC_ENT,BE,,u,,u,17.52,NaN
A,GE10,D_E,E_ITSPT2,PC_ENT,BG,5.07,NaN,9.64,NaN,5.3,NaN
A,GE10,D_E,E_ITSPT2,PC_ENT,CY,13.67,NaN,18.17,NaN,11.48,NaN
A,GE10,D_E,E_ITSPT2,PC_ENT,CZ,15.01,NaN,12.09,NaN,10.66,NaN
A,GE10,D_E,E_ITSPT2,PC_ENT,DE,20.14,NaN,24.29,NaN,25.9,NaN
A,GE10,D_E,E_ITSPT2,PC_ENT,DK,30.01,NaN,,u,36.83,NaN
A,GE10,D_E,E_ITSPT2,PC_ENT,EA,16.07,NaN,20.18,NaN,18.95,NaN
A,GE10,D_E,E_ITSPT2,PC_ENT,EE,14.75,NaN,18.42,NaN,18.1,NaN
A,GE10,D_E,E_ITSPT2,PC_ENT,EL,,u,19.18,NaN,17.1,NaN
A,GE10,D_E,E_ITSPT2,PC_ENT,ES,14.81,NaN,14.32,NaN,11.75,NaN
A,GE10,D_E,E_ITSPT2,PC_ENT,EU15,,NaN,,NaN,,NaN
A,GE10,D_E,E_ITSPT2,PC_ENT,EU27_2007,,NaN,,NaN,,NaN
A,GE10,D_E,E_ITSPT2,PC_ENT,EU27_2020,15.25,NaN,18.9,NaN,19.14,NaN
A,GE10,D_E,E_ITSPT2,PC_ENT,EU28,,NaN,,NaN,,NaN
A,GE10,D_E,E_ITSPT2,PC_ENT,FI,32.79,NaN,30.85,NaN,34.28,NaN
A,GE10,D_E,E_ITSPT2,PC_ENT,FR,11.54,NaN,12.95,b,13.46,NaN
A,GE10,D_E,E_ITSPT2,PC_ENT,HR,8.89,NaN,13.46,NaN,11.81,NaN
A,GE10,D_E,E_ITSPT2,PC_ENT,HU,15.06,NaN,14.82,NaN,9.33,NaN
A,GE10,D_E,E_ITSPT2,PC_ENT,IE,8.46,NaN,17.79,NaN,11.1,NaN
A,GE10,D_E,E_ITSPT2,PC_ENT,IS,,NaN,,NaN,,NaN
A,GE10,D_E,E_ITSPT2,PC_ENT,IT,10.45,NaN,13.86,NaN,10.17,NaN
A,GE10,D_E,E_ITSPT2,PC_ENT,LT,8.45,NaN,10.98,NaN,14.41,NaN
A,GE10,D_E,E_ITSPT2,PC_ENT,LU,37.03,NaN,34.54,NaN,35.43,NaN
A,GE10,D_E,E_ITSPT2,PC_ENT,LV,7.28,NaN,12.7,NaN,14.08,NaN
A,GE10,D_E,E_ITSPT2,PC_ENT,ME,,u,9.6,NaN,20.66,NaN
A,GE10,D_E,E_ITSPT2,PC_ENT,MK,6.34,NaN,,u,,NaN
A,GE10,D_E,E_ITSPT2,PC_ENT,MT,,u,,u,,u
A,GE10,D_E,E_ITSPT2,PC_ENT,NL,25.93,NaN,31.48,NaN,27.82,NaN
A,GE10,D_E,E_ITSPT2,PC_ENT,NO,33.09,NaN,35.77,NaN,32.26,NaN
A,GE10,D_E,E_ITSPT2,PC_ENT,PL,12.9,NaN,15.56,NaN,26.68,NaN
A,GE10,D_E,E_ITSPT2,PC_ENT,PT,17.68,NaN,22.55,NaN,28.47,NaN
A,GE10,D_E,E_ITSPT2,PC_ENT,RO,3.29,NaN,8.32,NaN,8.7,NaN
A,GE10,D_E,E_ITSPT2,PC_ENT,RS,7.07,NaN,4.95,NaN,13.3,NaN
A,GE10,D_E,E_ITSPT2,PC_ENT,SE,34.72,NaN,32.59,NaN,30.7,b
A,GE10,D_E,E_ITSPT2,PC_ENT,SI,30.68,NaN,25.07,NaN,26.73,NaN
A,GE10,D_E,E_ITSPT2,PC_ENT,SK,10.19,NaN,12.68,NaN,11.52,NaN
A,GE10,D_E,E_ITSPT2,PC_ENT,TR,15.49,NaN,20.86,NaN,19.56,NaN
A,GE10,D_E,E_ITSPT2,PC_ENT,UK,,u,,NaN,,NaN
A,GE10,D_E,E_ITSPT2,PC_ENT_CUSE,AT,,NaN,,NaN,,NaN
A,GE10,D_E,E_ITSPT2,PC_ENT_CUSE,BA,,NaN,,NaN,,NaN
A,GE10,D_E,E_ITSPT2,PC_ENT_CUSE,BE,,NaN,,NaN,,NaN
A,GE10,D_E,E_ITSPT2,PC_ENT_CUSE,BG,,NaN,,NaN,,NaN
A,GE10,D_E,E_ITSPT2,PC_ENT_CUSE,CY,,NaN,,NaN,,NaN
A,GE10,D_E,E_ITSPT2,PC_ENT_CUSE,CZ,,NaN,,NaN,,NaN
A,GE10,D_E,E_ITSPT2,PC_ENT_CUSE,DE,,NaN,,NaN,,NaN
A,GE10,D_E,E_ITSPT2,PC_ENT_CUSE,DK,,NaN,,NaN,,NaN
A,GE10,D_E,E_ITSPT2,PC_ENT_CUSE,EA,,NaN,,NaN,,NaN
A,GE10,D_E,E_ITSPT2,PC_ENT_CUSE,EE,,NaN,,NaN,,NaN
A,GE10,D_E,E_ITSPT2,PC_ENT_CUSE,EL,,NaN,,NaN,,NaN
A,GE10,D_E,E_ITSPT2,PC_ENT_CUSE,ES,,NaN,,NaN,,NaN
A,GE10,D_E,E_ITSPT2,PC_ENT_CUSE,EU15,,NaN,,NaN,,NaN
A,GE10,D_E,E_ITSPT2,PC_ENT_CUSE,EU27_2007,,NaN,,NaN,,NaN
A,GE10,D_E,E_ITSPT2,PC_ENT_CUSE,EU27_2020,,NaN,,NaN,,NaN
A,GE10,D_E,E_ITSPT2,PC_ENT_CUSE,EU28,,NaN,,NaN,,NaN
A,GE10,D_E,E_ITSPT2,PC_ENT_CUSE,FI,,NaN,,NaN,,NaN
A,GE10,D_E,E_ITSPT2,PC_ENT_CUSE,FR,,NaN,,NaN,,NaN
A,GE10,D_E,E_ITSPT2,PC_ENT_CUSE,HR,,NaN,,NaN,,NaN
A,GE10,D_E,E_ITSPT2,PC_ENT_CUSE,HU,,NaN,,NaN,,NaN
A,GE10,D_E,E_ITSPT2,PC_ENT_CUSE,IE,,NaN,,NaN,,NaN
A,GE10,D_E,E_ITSPT2,PC_ENT_CUSE,IS,,NaN,,NaN,,NaN
A,GE10,D_E,E_ITSPT2,PC_ENT_CUSE,IT,,NaN,,NaN,,NaN
A,GE10,D_E,E_ITSPT2,PC_ENT_CUSE,LT,,NaN,,NaN,,NaN
A,GE10,D_E,E_ITSPT2,PC_ENT_CUSE,LU,,NaN,,NaN,,NaN
A,GE10,D_E,E_ITSPT2,PC_ENT_CUSE,LV,,NaN,,NaN,,NaN
A,GE10,D_E,E_ITSPT2,PC_ENT_CUSE,ME,,NaN,,NaN,,NaN
A,GE10,D_E,E_ITSPT2,PC_ENT_CUSE,MK,,NaN,,NaN,,NaN
A,GE10,D_E,E_ITSPT2,PC_ENT_CUSE,MT,,NaN,,NaN,,NaN
A,GE10,D_E,E_ITSPT2,PC_ENT_CUSE,NL,,NaN,,NaN,,NaN
A,GE10,D_E,E_ITSPT2,PC_ENT_CUSE,NO,,NaN,,NaN,,NaN
A,GE10,D_E,E_ITSPT2,PC_ENT_CUSE,PL,,NaN,,NaN,,NaN
A,GE10,D_E,E_ITSPT2,PC_ENT_CUSE,PT,,NaN,,NaN,,NaN
A,GE10,D_E,E_ITSPT2,PC_ENT_CUSE,RO,,NaN,,NaN,,NaN
A,GE10,D_E,E_ITSPT2,PC_ENT_CUSE,RS,,NaN,,NaN,,NaN
A,GE10,D_E,E_ITSPT2,PC_ENT_CUSE,SE,,NaN,,NaN,,NaN
A,GE10,D_E,E_ITSPT2,PC_ENT_CUSE,SI,,NaN,,NaN,,NaN
A,GE10,D_E,E_ITSPT2,PC_ENT_CUSE,SK,,NaN,,NaN,,NaN
A,GE10,D_E,E_ITSPT2,PC_ENT_CUSE,TR,,NaN,,NaN,,NaN
A,GE10,D_E,E_ITSPT2,PC_ENT_CUSE,UK,,NaN,,NaN,,NaN
A,GE10,D_E,E_ITT2,PC_ENT,AL,,NaN,,u,,NaN
A,GE10,D_E,E_ITT2,PC_ENT,AT,,u,,u,36.0,NaN
A,GE10,D_E,E_ITT2,PC_ENT,BA,13.72,NaN,8.77,NaN,13.51,NaN
A,GE10,D_E,E_ITT2,PC_ENT,BE,,u,,u,,u
A,GE10,D_E,E_ITT2,PC_ENT,BG,9.26,NaN,15.19,NaN,9.2,NaN
A,GE10,D_E,E_ITT2,PC_ENT,CY,27.91,NaN,44.0,NaN,25.47,NaN
A,GE10,D_E,E_ITT2,PC_ENT,CZ,33.56,NaN,26.47,NaN,32.0,NaN
A,GE10,D_E,E_ITT2,PC_ENT,DE,38.99,NaN,43.02,NaN,43.15,NaN
A,GE10,D_E,E_ITT2,PC_ENT,DK,44.33,NaN,,u,56.94,NaN
A,GE10,D_E,E_ITT2,PC_ENT,EA,30.2,NaN,34.24,NaN,32.74,NaN
A,GE10,D_E,E_ITT2,PC_ENT,EE,26.41,NaN,31.05,NaN,38.08,NaN
A,GE10,D_E,E_ITT2,PC_ENT,EL,,u,25.3,NaN,21.02,NaN
A,GE10,D_E,E_ITT2,PC_ENT,ES,26.27,NaN,25.75,NaN,29.87,NaN
A,GE10,D_E,E_ITT2,PC_ENT,EU15,,NaN,,NaN,,NaN
A,GE10,D_E,E_ITT2,PC_ENT,EU27_2007,,NaN,,NaN,,NaN
A,GE10,D_E,E_ITT2,PC_ENT,EU27_2020,29.0,NaN,33.37,NaN,33.88,NaN
A,GE10,D_E,E_ITT2,PC_ENT,EU28,,NaN,,NaN,,NaN
A,GE10,D_E,E_ITT2,PC_ENT,FI,72.08,NaN,61.78,NaN,55.76,NaN
A,GE10,D_E,E_ITT2,PC_ENT,FR,27.57,NaN,18.4,b,20.17,NaN
A,GE10,D_E,E_ITT2,PC_ENT,HR,22.95,NaN,26.33,NaN,23.63,NaN
A,GE10,D_E,E_ITT2,PC_ENT,HU,27.25,NaN,27.88,NaN,24.16,NaN
A,GE10,D_E,E_ITT2,PC_ENT,IE,30.52,NaN,28.84,NaN,24.72,NaN
A,GE10,D_E,E_ITT2,PC_ENT,IS,,NaN,,NaN,,NaN
A,GE10,D_E,E_ITT2,PC_ENT,IT,18.32,NaN,25.09,NaN,20.59,NaN
A,GE10,D_E,E_ITT2,PC_ENT,LT,19.37,NaN,19.92,NaN,24.58,NaN
A,GE10,D_E,E_ITT2,PC_ENT,LU,37.03,NaN,43.33,NaN,46.31,NaN
A,GE10,D_E,E_ITT2,PC_ENT,LV,19.21,NaN,21.41,NaN,24.07,NaN
A,GE10,D_E,E_ITT2,PC_ENT,ME,,u,20.0,NaN,22.62,NaN
A,GE10,D_E,E_ITT2,PC_ENT,MK,,u,,u,,NaN
A,GE10,D_E,E_ITT2,PC_ENT,MT,,u,,u,,u
A,GE10,D_E,E_ITT2,PC_ENT,NL,33.1,NaN,40.31,NaN,32.19,NaN
A,GE10,D_E,E_ITT2,PC_ENT,NO,62.29,NaN,57.24,NaN,52.85,NaN
A,GE10,D_E,E_ITT2,PC_ENT,PL,26.59,NaN,36.0,NaN,47.2,NaN
A,GE10,D_E,E_ITT2,PC_ENT,PT,30.58,NaN,42.69,NaN,38.57,NaN
A,GE10,D_E,E_ITT2,PC_ENT,RO,4.71,NaN,11.37,NaN,13.69,NaN
A,GE10,D_E,E_ITT2,PC_ENT,RS,22.45,NaN,11.2,NaN,19.69,NaN
A,GE10,D_E,E_ITT2,PC_ENT,SE,61.21,NaN,55.39,NaN,57.02,b
A,GE10,D_E,E_ITT2,PC_ENT,SI,52.63,NaN,43.77,NaN,55.31,NaN
A,GE10,D_E,E_ITT2,PC_ENT,SK,20.53,NaN,27.19,NaN,25.52,NaN
A,GE10,D_E,E_ITT2,PC_ENT,TR,21.71,NaN,32.37,NaN,25.81,NaN
A,GE10,D_E,E_ITT2,PC_ENT,UK,,u,,NaN,,NaN
A,GE10,D_E,E_ITT2,PC_ENT_CUSE,AT,,NaN,,NaN,,NaN
A,GE10,D_E,E_ITT2,PC_ENT_CUSE,BA,,NaN,,NaN,,NaN
A,GE10,D_E,E_ITT2,PC_ENT_CUSE,BE,,NaN,,NaN,,NaN
A,GE10,D_E,E_ITT2,PC_ENT_CUSE,BG,,NaN,,NaN,,NaN
A,GE10,D_E,E_ITT2,PC_ENT_CUSE,CY,,NaN,,NaN,,NaN
A,GE10,D_E,E_ITT2,PC_ENT_CUSE,CZ,,NaN,,NaN,,NaN
A,GE10,D_E,E_ITT2,PC_ENT_CUSE,DE,,NaN,,NaN,,NaN
A,GE10,D_E,E_ITT2,PC_ENT_CUSE,DK,,NaN,,NaN,,NaN
A,GE10,D_E,E_ITT2,PC_ENT_CUSE,EA,,NaN,,NaN,,NaN
A,GE10,D_E,E_ITT2,PC_ENT_CUSE,EE,,NaN,,NaN,,NaN
A,GE10,D_E,E_ITT2,PC_ENT_CUSE,EL,,NaN,,NaN,,NaN
A,GE10,D_E,E_ITT2,PC_ENT_CUSE,ES,,NaN,,NaN,,NaN
A,GE10,D_E,E_ITT2,PC_ENT_CUSE,EU15,,NaN,,NaN,,NaN
A,GE10,D_E,E_ITT2,PC_ENT_CUSE,EU27_2007,,NaN,,NaN,,NaN
A,GE10,D_E,E_ITT2,PC_ENT_CUSE,EU27_2020,,NaN,,NaN,,NaN
A,GE10,D_E,E_ITT2,PC_ENT_CUSE,EU28,,NaN,,NaN,,NaN
A,GE10,D_E,E_ITT2,PC_ENT_CUSE,FI,,NaN,,NaN,,NaN
A,GE10,D_E,E_ITT2,PC_ENT_CUSE,FR,,NaN,,NaN,,NaN
A,GE10,D_E,E_ITT2,PC_ENT_CUSE,HR,,NaN,,NaN,,NaN
A,GE10,D_E,E_ITT2,PC_ENT_CUSE,HU,,NaN,,NaN,,NaN
A,GE10,D_E,E_ITT2,PC_ENT_CUSE,IE,,NaN,,NaN,,NaN
A,GE10,D_E,E_ITT2,PC_ENT_CUSE,IS,,NaN,,NaN,,NaN
A,GE10,D_E,E_ITT2,PC_ENT_CUSE,IT,,NaN,,NaN,,NaN
A,GE10,D_E,E_ITT2,PC_ENT_CUSE,LT,,NaN,,NaN,,NaN
A,GE10,D_E,E_ITT2,PC_ENT_CUSE,LU,,NaN,,NaN,,NaN
A,GE10,D_E,E_ITT2,PC_ENT_CUSE,LV,,NaN,,NaN,,NaN
A,GE10,D_E,E_ITT2,PC_ENT_CUSE,ME,,NaN,,NaN,,NaN
A,GE10,D_E,E_ITT2,PC_ENT_CUSE,MK,,NaN,,NaN,,NaN
A,GE10,D_E,E_ITT2,PC_ENT_CUSE,MT,,NaN,,NaN,,NaN
A,GE10,D_E,E_ITT2,PC_ENT_CUSE,NL,,NaN,,NaN,,NaN
A,GE10,D_E,E_ITT2,PC_ENT_CUSE,NO,,NaN,,NaN,,NaN
A,GE10,D_E,E_ITT2,PC_ENT_CUSE,PL,,NaN,,NaN,,NaN
A,GE10,D_E,E_ITT2,PC_ENT_CUSE,PT,,NaN,,NaN,,NaN
A,GE10,D_E,E_ITT2,PC_ENT_CUSE,RO,,NaN,,NaN,,NaN
A,GE10,D_E,E_ITT2,PC_ENT_CUSE,RS,,NaN,,NaN,,NaN
A,GE10,D_E,E_ITT2,PC_ENT_CUSE,SE,,NaN,,NaN,,NaN
A,GE10,D_E,E_ITT2,PC_ENT_CUSE,SI,,NaN,,NaN,,NaN
A,GE10,D_E,E_ITT2,PC_ENT_CUSE,SK,,NaN,,NaN,,NaN
A,GE10,D_E,E_ITT2,PC_ENT_CUSE,TR,,NaN,,NaN,,NaN
A,GE10,D_E,E_ITT2,PC_ENT_CUSE,UK,,NaN,,NaN,,NaN
A,GE10,D_E,E_ITUST2,PC_ENT,AL,,NaN,,u,,NaN
A,GE10,D_E,E_ITUST2,PC_ENT,AT,15.76,NaN,,u,25.03,NaN
A,GE10,D_E,E_ITUST2,PC_ENT,BA,7.04,NaN,7.57,NaN,8.05,NaN
A,GE10,D_E,E_ITUST2,PC_ENT,BE,,u,,u,,u
A,GE10,D_E,E_ITUST2,PC_ENT,BG,8.45,NaN,11.27,NaN,7.07,NaN
A,GE10,D_E,E_ITUST2,PC_ENT,CY,23.65,NaN,41.04,NaN,23.43,NaN
A,GE10,D_E,E_ITUST2,PC_ENT,CZ,33.56,NaN,25.1,NaN,30.84,NaN
A,GE10,D_E,E_ITUST2,PC_ENT,DE,35.89,NaN,39.76,NaN,40.06,NaN
A,GE10,D_E,E_ITUST2,PC_ENT,DK,40.27,NaN,,u,54.56,NaN
A,GE10,D_E,E_ITUST2,PC_ENT,EA,27.02,NaN,30.62,NaN,29.47,NaN
A,GE10,D_E,E_ITUST2,PC_ENT,EE,25.14,NaN,28.94,NaN,35.41,NaN
A,GE10,D_E,E_ITUST2,PC_ENT,EL,,u,20.75,NaN,14.86,NaN
A,GE10,D_E,E_ITUST2,PC_ENT,ES,22.04,NaN,23.66,NaN,28.0,NaN
A,GE10,D_E,E_ITUST2,PC_ENT,EU15,,NaN,,NaN,,NaN
A,GE10,D_E,E_ITUST2,PC_ENT,EU27_2007,,NaN,,NaN,,NaN
A,GE10,D_E,E_ITUST2,PC_ENT,EU27_2020,26.07,NaN,29.94,NaN,30.02,NaN
A,GE10,D_E,E_ITUST2,PC_ENT,EU28,,NaN,,NaN,,NaN
A,GE10,D_E,E_ITUST2,PC_ENT,FI,69.51,NaN,61.49,NaN,51.1,NaN
A,GE10,D_E,E_ITUST2,PC_ENT,FR,25.67,NaN,14.99,b,17.13,NaN
A,GE10,D_E,E_ITUST2,PC_ENT,HR,21.08,NaN,25.51,NaN,22.01,NaN
A,GE10,D_E,E_ITUST2,PC_ENT,HU,24.79,NaN,24.07,NaN,23.3,NaN
A,GE10,D_E,E_ITUST2,PC_ENT,IE,30.52,NaN,25.86,NaN,17.84,NaN
A,GE10,D_E,E_ITUST2,PC_ENT,IS,,NaN,,NaN,,NaN
A,GE10,D_E,E_ITUST2,PC_ENT,IT,15.34,NaN,20.36,NaN,17.39,NaN
A,GE10,D_E,E_ITUST2,PC_ENT,LT,15.85,NaN,18.7,NaN,20.76,NaN
A,GE10,D_E,E_ITUST2,PC_ENT,LU,26.08,NaN,31.33,NaN,43.73,NaN
A,GE10,D_E,E_ITUST2,PC_ENT,LV,18.72,NaN,19.93,NaN,21.98,NaN
A,GE10,D_E,E_ITUST2,PC_ENT,ME,16.41,NaN,15.48,NaN,,NaN
A,GE10,D_E,E_ITUST2,PC_ENT,MK,,u,,u,,NaN
A,GE10,D_E,E_ITUST2,PC_ENT,MT,,u,,u,,u
A,GE10,D_E,E_ITUST2,PC_ENT,NL,26.89,NaN,38.01,NaN,28.41,NaN
A,GE10,D_E,E_ITUST2,PC_ENT,NO,57.98,NaN,53.33,NaN,50.31,NaN
A,GE10,D_E,E_ITUST2,PC_ENT,PL,22.78,NaN,32.07,NaN,37.38,NaN
A,GE10,D_E,E_ITUST2,PC_ENT,PT,26.94,NaN,41.31,NaN,35.0,NaN
A,GE10,D_E,E_ITUST2,PC_ENT,RO,3.63,NaN,8.0,NaN,11.74,NaN
A,GE10,D_E,E_ITUST2,PC_ENT,RS,20.25,NaN,10.4,NaN,13.21,NaN
A,GE10,D_E,E_ITUST2,PC_ENT,SE,59.79,NaN,54.42,NaN,54.16,b
A,GE10,D_E,E_ITUST2,PC_ENT,SI,42.04,NaN,38.86,NaN,54.06,NaN
A,GE10,D_E,E_ITUST2,PC_ENT,SK,20.53,NaN,23.98,NaN,24.06,NaN
A,GE10,D_E,E_ITUST2,PC_ENT,TR,18.38,NaN,28.38,NaN,22.01,NaN
A,GE10,D_E,E_ITUST2,PC_ENT,UK,,u,,NaN,,NaN
A,GE10,D_E,E_ITUST2,PC_ENT_CUSE,AT,,NaN,,NaN,,NaN
A,GE10,D_E,E_ITUST2,PC_ENT_CUSE,BA,,NaN,,NaN,,NaN
A,GE10,D_E,E_ITUST2,PC_ENT_CUSE,BE,,NaN,,NaN,,NaN
A,GE10,D_E,E_ITUST2,PC_ENT_CUSE,BG,,NaN,,NaN,,NaN
A,GE10,D_E,E_ITUST2,PC_ENT_CUSE,CY,,NaN,,NaN,,NaN
A,GE10,D_E,E_ITUST2,PC_ENT_CUSE,CZ,,NaN,,NaN,,NaN
A,GE10,D_E,E_ITUST2,PC_ENT_CUSE,DE,,NaN,,NaN,,NaN
A,GE10,D_E,E_ITUST2,PC_ENT_CUSE,DK,,NaN,,NaN,,NaN
A,GE10,D_E,E_ITUST2,PC_ENT_CUSE,EA,,NaN,,NaN,,NaN
A,GE10,D_E,E_ITUST2,PC_ENT_CUSE,EE,,NaN,,NaN,,NaN
A,GE10,D_E,E_ITUST2,PC_ENT_CUSE,EL,,NaN,,NaN,,NaN
A,GE10,D_E,E_ITUST2,PC_ENT_CUSE,ES,,NaN,,NaN,,NaN
A,GE10,D_E,E_ITUST2,PC_ENT_CUSE,EU15,,NaN,,NaN,,NaN
A,GE10,D_E,E_ITUST2,PC_ENT_CUSE,EU27_2007,,NaN,,NaN,,NaN
A,GE10,D_E,E_ITUST2,PC_ENT_CUSE,EU27_2020,,NaN,,NaN,,NaN
A,GE10,D_E,E_ITUST2,PC_ENT_CUSE,EU28,,NaN,,NaN,,NaN
A,GE10,D_E,E_ITUST2,PC_ENT_CUSE,FI,,NaN,,NaN,,NaN
A,GE10,D_E,E_ITUST2,PC_ENT_CUSE,FR,,NaN,,NaN,,NaN
A,GE10,D_E,E_ITUST2,PC_ENT_CUSE,HR,,NaN,,NaN,,NaN
A,GE10,D_E,E_ITUST2,PC_ENT_CUSE,HU,,NaN,,NaN,,NaN
A,GE10,D_E,E_ITUST2,PC_ENT_CUSE,IE,,NaN,,NaN,,NaN
A,GE10,D_E,E_ITUST2,PC_ENT_CUSE,IS,,NaN,,NaN,,NaN
A,GE10,D_E,E_ITUST2,PC_ENT_CUSE,IT,,NaN,,NaN,,NaN
A,GE10,D_E,E_ITUST2,PC_ENT_CUSE,LT,,NaN,,NaN,,NaN
A,GE10,D_E,E_ITUST2,PC_ENT_CUSE,LU,,NaN,,NaN,,NaN
A,GE10,D_E,E_ITUST2,PC_ENT_CUSE,LV,,NaN,,NaN,,NaN
A,GE10,D_E,E_ITUST2,PC_ENT_CUSE,ME,,NaN,,NaN,,NaN
A,GE10,D_E,E_ITUST2,PC_ENT_CUSE,MK,,NaN,,NaN,,NaN
A,GE10,D_E,E_ITUST2,PC_ENT_CUSE,MT,,NaN,,NaN,,NaN
A,GE10,D_E,E_ITUST2,PC_ENT_CUSE,NL,,NaN,,NaN,,NaN
A,GE10,D_E,E_ITUST2,PC_ENT_CUSE,NO,,NaN,,NaN,,NaN
A,GE10,D_E,E_ITUST2,PC_ENT_CUSE,PL,,NaN,,NaN,,NaN
A,GE10,D_E,E_ITUST2,PC_ENT_CUSE,PT,,NaN,,NaN,,NaN
A,GE10,D_E,E_ITUST2,PC_ENT_CUSE,RO,,NaN,,NaN,,NaN
A,GE10,D_E,E_ITUST2,PC_ENT_CUSE,RS,,NaN,,NaN,,NaN
A,GE10,D_E,E_ITUST2,PC_ENT_CUSE,SE,,NaN,,NaN,,NaN
A,GE10,D_E,E_ITUST2,PC_ENT_CUSE,SI,,NaN,,NaN,,NaN
A,GE10,D_E,E_ITUST2,PC_ENT_CUSE,SK,,NaN,,NaN,,NaN
A,GE10,D_E,E_ITUST2,PC_ENT_CUSE,TR,,NaN,,NaN,,NaN
A,GE10,D_E,E_ITUST2,PC_ENT_CUSE,UK,,NaN,,NaN,,NaN
A,GE10,E,E_ITSP2X_ITT2,PC_ENT,AT,,NaN,,u,5.58,NaN
A,GE10,E,E_ITSP2X_ITT2,PC_ENT,BA,,NaN,,NaN,,NaN
A,GE10,E,E_ITSP2X_ITT2,PC_ENT,BE,,NaN,,u,,u
A,GE10,E,E_ITSP2X_ITT2,PC_ENT,BG,,NaN,,u,,u
A,GE10,E,E_ITSP2X_ITT2,PC_ENT,CY,,NaN,18.7,NaN,10.26,NaN
A,GE10,E,E_ITSP2X_ITT2,PC_ENT,CZ,,NaN,10.1,NaN,18.11,NaN
A,GE10,E,E_ITSP2X_ITT2,PC_ENT,DE,,NaN,16.22,NaN,16.27,NaN
A,GE10,E,E_ITSP2X_ITT2,PC_ENT,DK,,NaN,15.14,NaN,8.39,NaN
A,GE10,E,E_ITSP2X_ITT2,PC_ENT,EA,,NaN,11.32,NaN,11.24,NaN
A,GE10,E,E_ITSP2X_ITT2,PC_ENT,EE,,NaN,7.64,NaN,15.73,NaN
A,GE10,E,E_ITSP2X_ITT2,PC_ENT,EL,,NaN,2.26,NaN,5.46,NaN
A,GE10,E,E_ITSP2X_ITT2,PC_ENT,ES,,NaN,,u,14.62,NaN
A,GE10,E,E_ITSP2X_ITT2,PC_ENT,EU27_2020,,NaN,10.86,NaN,11.75,NaN
A,GE10,E,E_ITSP2X_ITT2,PC_ENT,FI,,NaN,,u,,u
A,GE10,E,E_ITSP2X_ITT2,PC_ENT,FR,,NaN,3.95,b,4.54,NaN
A,GE10,E,E_ITSP2X_ITT2,PC_ENT,HR,,NaN,14.28,NaN,9.87,NaN
A,GE10,E,E_ITSP2X_ITT2,PC_ENT,HU,,NaN,6.03,NaN,4.22,NaN
A,GE10,E,E_ITSP2X_ITT2,PC_ENT,IE,,NaN,3.64,NaN,0.0,NaN
A,GE10,E,E_ITSP2X_ITT2,PC_ENT,IT,,NaN,,u,,u
A,GE10,E,E_ITSP2X_ITT2,PC_ENT,LT,,NaN,,u,5.3,NaN
A,GE10,E,E_ITSP2X_ITT2,PC_ENT,LU,,NaN,,u,,u
A,GE10,E,E_ITSP2X_ITT2,PC_ENT,LV,,NaN,8.23,NaN,9.39,NaN
A,GE10,E,E_ITSP2X_ITT2,PC_ENT,ME,,NaN,,NaN,,NaN
A,GE10,E,E_ITSP2X_ITT2,PC_ENT,MK,,NaN,,u,,NaN
A,GE10,E,E_ITSP2X_ITT2,PC_ENT,MT,,NaN,9.03,NaN,,u
A,GE10,E,E_ITSP2X_ITT2,PC_ENT,NL,,NaN,8.86,NaN,3.39,NaN
A,GE10,E,E_ITSP2X_ITT2,PC_ENT,NO,,NaN,24.12,NaN,17.21,NaN
A,GE10,E,E_ITSP2X_ITT2,PC_ENT,PL,,NaN,10.78,NaN,17.43,NaN
A,GE10,E,E_ITSP2X_ITT2,PC_ENT,PT,,NaN,15.33,NaN,7.78,NaN
A,GE10,E,E_ITSP2X_ITT2,PC_ENT,RO,,NaN,2.57,NaN,3.59,NaN
A,GE10,E,E_ITSP2X_ITT2,PC_ENT,RS,,NaN,3.83,NaN,6.07,NaN
A,GE10,E,E_ITSP2X_ITT2,PC_ENT,SE,,NaN,21.79,NaN,15.76,b
A,GE10,E,E_ITSP2X_ITT2,PC_ENT,SI,,NaN,14.84,NaN,25.72,NaN
A,GE10,E,E_ITSP2X_ITT2,PC_ENT,SK,,NaN,7.08,NaN,8.97,NaN
A,GE10,E,E_ITSP2X_ITT2,PC_ENT,TR,,NaN,8.0,NaN,2.12,NaN
A,GE10,E,E_ITSP2_ITT2,PC_ENT,AL,,NaN,,u,,NaN
A,GE10,E,E_ITSP2_ITT2,PC_ENT,AT,,NaN,,u,16.54,NaN
A,GE10,E,E_ITSP2_ITT2,PC_ENT,BA,,NaN,,u,,u
A,GE10,E,E_ITSP2_ITT2,PC_ENT,BE,,NaN,,u,,u
A,GE10,E,E_ITSP2_ITT2,PC_ENT,BG,,NaN,4.76,NaN,4.47,NaN
A,GE10,E,E_ITSP2_ITT2,PC_ENT,CY,,NaN,25.39,NaN,13.78,NaN
A,GE10,E,E_ITSP2_ITT2,PC_ENT,CZ,,NaN,13.9,NaN,10.91,NaN
A,GE10,E,E_ITSP2_ITT2,PC_ENT,DE,,NaN,18.58,NaN,18.66,NaN
A,GE10,E,E_ITSP2_ITT2,PC_ENT,DK,,NaN,24.09,NaN,20.21,NaN
A,GE10,E,E_ITSP2_ITT2,PC_ENT,EA,,NaN,16.08,NaN,15.2,NaN
A,GE10,E,E_ITSP2_ITT2,PC_ENT,EE,,NaN,17.42,NaN,16.22,NaN
A,GE10,E,E_ITSP2_ITT2,PC_ENT,EL,,NaN,12.41,NaN,13.01,NaN
A,GE10,E,E_ITSP2_ITT2,PC_ENT,ES,,NaN,,u,11.75,NaN
A,GE10,E,E_ITSP2_ITT2,PC_ENT,EU27_2020,,NaN,16.09,NaN,16.02,NaN
A,GE10,E,E_ITSP2_ITT2,PC_ENT,FI,,NaN,,u,,u
A,GE10,E,E_ITSP2_ITT2,PC_ENT,FR,,NaN,11.64,b,11.74,NaN
A,GE10,E,E_ITSP2_ITT2,PC_ENT,HR,,NaN,15.94,NaN,14.65,NaN
A,GE10,E,E_ITSP2_ITT2,PC_ENT,HU,,NaN,17.77,NaN,19.14,NaN
A,GE10,E,E_ITSP2_ITT2,PC_ENT,IE,,NaN,22.75,NaN,17.57,NaN
A,GE10,E,E_ITSP2_ITT2,PC_ENT,IT,,NaN,,u,,u
A,GE10,E,E_ITSP2_ITT2,PC_ENT,LT,,NaN,,u,17.22,NaN
A,GE10,E,E_ITSP2_ITT2,PC_ENT,LU,,NaN,,u,,u
A,GE10,E,E_ITSP2_ITT2,PC_ENT,LV,,NaN,14.71,NaN,13.77,NaN
A,GE10,E,E_ITSP2_ITT2,PC_ENT,ME,,NaN,11.16,NaN,21.18,NaN
A,GE10,E,E_ITSP2_ITT2,PC_ENT,MK,,NaN,,u,,NaN
A,GE10,E,E_ITSP2_ITT2,PC_ENT,MT,,NaN,26.39,NaN,,u
A,GE10,E,E_ITSP2_ITT2,PC_ENT,NL,,NaN,24.89,NaN,22.62,NaN
A,GE10,E,E_ITSP2_ITT2,PC_ENT,NO,,NaN,15.27,NaN,13.88,NaN
A,GE10,E,E_ITSP2_ITT2,PC_ENT,PL,,NaN,20.78,NaN,24.84,NaN
A,GE10,E,E_ITSP2_ITT2,PC_ENT,PT,,NaN,22.69,NaN,29.04,NaN
A,GE10,E,E_ITSP2_ITT2,PC_ENT,RO,,NaN,6.13,NaN,7.35,NaN
A,GE10,E,E_ITSP2_ITT2,PC_ENT,RS,,NaN,3.69,NaN,15.45,NaN
A,GE10,E,E_ITSP2_ITT2,PC_ENT,SE,,NaN,16.62,NaN,24.02,b
A,GE10,E,E_ITSP2_ITT2,PC_ENT,SI,,NaN,23.65,NaN,27.82,NaN
A,GE10,E,E_ITSP2_ITT2,PC_ENT,SK,,NaN,10.9,NaN,10.18,NaN
A,GE10,E,E_ITSP2_ITT2,PC_ENT,TR,,NaN,12.21,NaN,9.35,NaN
A,GE10,E,E_ITSPT2,PC_ENT,AL,,NaN,,u,,NaN
A,GE10,E,E_ITSPT2,PC_ENT,AT,,NaN,,u,17.43,NaN
A,GE10,E,E_ITSPT2,PC_ENT,BA,,NaN,,u,,u
A,GE10,E,E_ITSPT2,PC_ENT,BE,,NaN,,u,14.66,NaN
A,GE10,E,E_ITSPT2,PC_ENT,BG,,NaN,4.37,NaN,3.22,NaN
A,GE10,E,E_ITSPT2,PC_ENT,CY,,NaN,16.87,NaN,9.78,NaN
A,GE10,E,E_ITSPT2,PC_ENT,CZ,,NaN,10.32,NaN,9.19,NaN
A,GE10,E,E_ITSPT2,PC_ENT,DE,,NaN,15.77,NaN,16.92,NaN
A,GE10,E,E_ITSPT2,PC_ENT,DK,,NaN,24.09,NaN,8.14,NaN
A,GE10,E,E_ITSPT2,PC_ENT,EA,,NaN,14.19,NaN,13.04,NaN
A,GE10,E,E_ITSPT2,PC_ENT,EE,,NaN,17.42,NaN,13.67,NaN
A,GE10,E,E_ITSPT2,PC_ENT,EL,,NaN,12.44,NaN,13.01,NaN
A,GE10,E,E_ITSPT2,PC_ENT,ES,,NaN,,u,9.49,NaN
A,GE10,E,E_ITSPT2,PC_ENT,EU27_2020,,NaN,13.42,NaN,13.7,NaN
A,GE10,E,E_ITSPT2,PC_ENT,FI,,NaN,,u,,u
A,GE10,E,E_ITSPT2,PC_ENT,FR,,NaN,10.32,b,9.14,NaN
A,GE10,E,E_ITSPT2,PC_ENT,HR,,NaN,13.33,NaN,12.47,NaN
A,GE10,E,E_ITSPT2,PC_ENT,HU,,NaN,12.08,NaN,7.97,NaN
A,GE10,E,E_ITSPT2,PC_ENT,IE,,NaN,15.63,NaN,2.7,NaN
A,GE10,E,E_ITSPT2,PC_ENT,IT,,NaN,,u,,u
A,GE10,E,E_ITSPT2,PC_ENT,LT,,NaN,,u,13.25,NaN
A,GE10,E,E_ITSPT2,PC_ENT,LU,,NaN,,u,,u
A,GE10,E,E_ITSPT2,PC_ENT,LV,,NaN,13.29,NaN,11.05,NaN
A,GE10,E,E_ITSPT2,PC_ENT,ME,,NaN,,NaN,,NaN
A,GE10,E,E_ITSPT2,PC_ENT,MK,,NaN,,u,,NaN
A,GE10,E,E_ITSPT2,PC_ENT,MT,,NaN,25.0,NaN,,u
A,GE10,E,E_ITSPT2,PC_ENT,NL,,NaN,23.65,NaN,21.83,NaN
A,GE10,E,E_ITSPT2,PC_ENT,NO,,NaN,13.57,NaN,11.88,NaN
A,GE10,E,E_ITSPT2,PC_ENT,PL,,NaN,12.71,NaN,22.55,NaN
A,GE10,E,E_ITSPT2,PC_ENT,PT,,NaN,16.02,NaN,26.04,NaN
A,GE10,E,E_ITSPT2,PC_ENT,RO,,NaN,6.13,NaN,6.53,NaN
A,GE10,E,E_ITSPT2,PC_ENT,RS,,NaN,2.68,NaN,14.79,NaN
A,GE10,E,E_ITSPT2,PC_ENT,SE,,NaN,17.01,NaN,19.89,b
A,GE10,E,E_ITSPT2,PC_ENT,SI,,NaN,20.5,NaN,20.27,NaN
A,GE10,E,E_ITSPT2,PC_ENT,SK,,NaN,8.88,NaN,8.99,NaN
A,GE10,E,E_ITSPT2,PC_ENT,TR,,NaN,9.48,NaN,6.03,NaN
A,GE10,E,E_ITT2,PC_ENT,AL,,NaN,,u,,NaN
A,GE10,E,E_ITT2,PC_ENT,AT,,NaN,,u,,u
A,GE10,E,E_ITT2,PC_ENT,BA,,NaN,4.47,NaN,6.73,NaN
A,GE10,E,E_ITT2,PC_ENT,BE,,NaN,,u,,u
A,GE10,E,E_ITT2,PC_ENT,BG,,NaN,6.75,NaN,5.32,NaN
A,GE10,E,E_ITT2,PC_ENT,CY,,NaN,44.09,NaN,24.04,NaN
A,GE10,E,E_ITT2,PC_ENT,CZ,,NaN,24.0,NaN,29.02,NaN
A,GE10,E,E_ITT2,PC_ENT,DE,,NaN,34.91,NaN,34.96,NaN
A,GE10,E,E_ITT2,PC_ENT,DK,,NaN,39.24,NaN,28.6,NaN
A,GE10,E,E_ITT2,PC_ENT,EA,,NaN,27.88,NaN,26.47,NaN
A,GE10,E,E_ITT2,PC_ENT,EE,,NaN,25.06,NaN,31.95,NaN
A,GE10,E,E_ITT2,PC_ENT,EL,,NaN,15.79,NaN,18.47,NaN
A,GE10,E,E_ITT2,PC_ENT,ES,,NaN,,u,26.37,NaN
A,GE10,E,E_ITT2,PC_ENT,EU27_2020,,NaN,27.29,NaN,27.81,NaN
A,GE10,E,E_ITT2,PC_ENT,FI,,NaN,,u,,u
A,GE10,E,E_ITT2,PC_ENT,FR,,NaN,15.59,b,16.28,NaN
A,GE10,E,E_ITT2,PC_ENT,HR,,NaN,30.22,NaN,24.52,NaN
A,GE10,E,E_ITT2,PC_ENT,HU,,NaN,23.8,NaN,23.36,NaN
A,GE10,E,E_ITT2,PC_ENT,IE,,NaN,26.39,NaN,17.57,NaN
A,GE10,E,E_ITT2,PC_ENT,IT,,NaN,,u,,u
A,GE10,E,E_ITT2,PC_ENT,LT,,NaN,,u,23.84,NaN
A,GE10,E,E_ITT2,PC_ENT,LU,,NaN,,u,,u
A,GE10,E,E_ITT2,PC_ENT,LV,,NaN,22.94,NaN,23.16,NaN
A,GE10,E,E_ITT2,PC_ENT,ME,,NaN,13.2,NaN,21.18,NaN
A,GE10,E,E_ITT2,PC_ENT,MK,,NaN,,u,,NaN
A,GE10,E,E_ITT2,PC_ENT,MT,,NaN,44.44,NaN,,u
A,GE10,E,E_ITT2,PC_ENT,NL,,NaN,33.76,NaN,26.02,NaN
A,GE10,E,E_ITT2,PC_ENT,NO,,NaN,39.39,NaN,31.09,NaN
A,GE10,E,E_ITT2,PC_ENT,PL,,NaN,31.56,NaN,42.27,NaN
A,GE10,E,E_ITT2,PC_ENT,PT,,NaN,38.02,NaN,36.82,NaN
A,GE10,E,E_ITT2,PC_ENT,RO,,NaN,8.7,NaN,10.94,NaN
A,GE10,E,E_ITT2,PC_ENT,RS,,NaN,7.52,NaN,21.52,NaN
A,GE10,E,E_ITT2,PC_ENT,SE,,NaN,38.41,NaN,40.21,b
A,GE10,E,E_ITT2,PC_ENT,SI,,NaN,38.49,NaN,53.54,NaN
A,GE10,E,E_ITT2,PC_ENT,SK,,NaN,17.98,NaN,19.15,NaN
A,GE10,E,E_ITT2,PC_ENT,TR,,NaN,20.21,NaN,11.47,NaN
A,GE10,E,E_ITUST2,PC_ENT,AL,,NaN,,u,,NaN
A,GE10,E,E_ITUST2,PC_ENT,AT,,NaN,,u,,u
A,GE10,E,E_ITUST2,PC_ENT,BA,,NaN,,u,,u
A,GE10,E,E_ITUST2,PC_ENT,BE,,NaN,,u,,u
A,GE10,E,E_ITUST2,PC_ENT,BG,,NaN,3.97,NaN,4.14,NaN
A,GE10,E,E_ITUST2,PC_ENT,CY,,NaN,40.97,NaN,21.96,NaN
A,GE10,E,E_ITUST2,PC_ENT,CZ,,NaN,21.95,NaN,27.26,NaN
A,GE10,E,E_ITUST2,PC_ENT,DE,,NaN,32.47,NaN,32.25,NaN
A,GE10,E,E_ITUST2,PC_ENT,DK,,NaN,36.22,NaN,26.27,NaN
A,GE10,E,E_ITUST2,PC_ENT,EA,,NaN,24.98,NaN,23.68,NaN
A,GE10,E,E_ITUST2,PC_ENT,EE,,NaN,21.57,NaN,30.52,NaN
A,GE10,E,E_ITUST2,PC_ENT,EL,,NaN,9.6,NaN,10.84,NaN
A,GE10,E,E_ITUST2,PC_ENT,ES,,NaN,,u,24.55,NaN
A,GE10,E,E_ITUST2,PC_ENT,EU27_2020,,NaN,24.43,NaN,24.39,NaN
A,GE10,E,E_ITUST2,PC_ENT,FI,,NaN,,u,,u
A,GE10,E,E_ITUST2,PC_ENT,FR,,NaN,12.84,b,14.11,NaN
A,GE10,E,E_ITUST2,PC_ENT,HR,,NaN,29.14,NaN,22.7,NaN
A,GE10,E,E_ITUST2,PC_ENT,HU,,NaN,20.84,NaN,22.63,NaN
A,GE10,E,E_ITUST2,PC_ENT,IE,,NaN,22.97,NaN,14.86,NaN
A,GE10,E,E_ITUST2,PC_ENT,IT,,NaN,,u,,u
A,GE10,E,E_ITUST2,PC_ENT,LT,,NaN,,u,19.87,NaN
A,GE10,E,E_ITUST2,PC_ENT,LU,,NaN,,u,,u
A,GE10,E,E_ITUST2,PC_ENT,LV,,NaN,21.52,NaN,20.54,NaN
A,GE10,E,E_ITUST2,PC_ENT,ME,,NaN,,NaN,,NaN
A,GE10,E,E_ITUST2,PC_ENT,MK,,NaN,,u,,NaN
A,GE10,E,E_ITUST2,PC_ENT,MT,,NaN,35.42,NaN,,u
A,GE10,E,E_ITUST2,PC_ENT,NL,,NaN,31.97,NaN,23.12,NaN
A,GE10,E,E_ITUST2,PC_ENT,NO,,NaN,38.72,NaN,30.62,NaN
A,GE10,E,E_ITUST2,PC_ENT,PL,,NaN,28.28,NaN,33.44,NaN
A,GE10,E,E_ITUST2,PC_ENT,PT,,NaN,36.36,NaN,32.8,NaN
A,GE10,E,E_ITUST2,PC_ENT,RO,,NaN,5.46,NaN,9.21,NaN
A,GE10,E,E_ITUST2,PC_ENT,RS,,NaN,6.85,NaN,13.36,NaN
A,GE10,E,E_ITUST2,PC_ENT,SE,,NaN,37.47,NaN,38.58,b
A,GE10,E,E_ITUST2,PC_ENT,SI,,NaN,31.83,NaN,52.79,NaN
A,GE10,E,E_ITUST2,PC_ENT,SK,,NaN,17.98,NaN,18.56,NaN
A,GE10,E,E_ITUST2,PC_ENT,TR,,NaN,18.23,NaN,10.22,NaN
A,GE10,F,E_ITSP2X_ITT2,PC_ENT,AT,3.42,NaN,3.03,NaN,4.42,NaN
A,GE10,F,E_ITSP2X_ITT2,PC_ENT,BA,,u,,u,3.4,NaN
A,GE10,F,E_ITSP2X_ITT2,PC_ENT,BE,9.4,NaN,12.91,NaN,17.61,NaN
A,GE10,F,E_ITSP2X_ITT2,PC_ENT,BG,,u,1.25,NaN,,u
A,GE10,F,E_ITSP2X_ITT2,PC_ENT,CY,6.64,NaN,9.5,NaN,9.21,NaN
A,GE10,F,E_ITSP2X_ITT2,PC_ENT,CZ,12.51,NaN,12.74,NaN,10.54,NaN
A,GE10,F,E_ITSP2X_ITT2,PC_ENT,DE,8.75,NaN,10.59,NaN,10.0,NaN
A,GE10,F,E_ITSP2X_ITT2,PC_ENT,DK,7.45,NaN,7.67,NaN,9.91,NaN
A,GE10,F,E_ITSP2X_ITT2,PC_ENT,EA,7.37,NaN,8.16,NaN,8.65,NaN
A,GE10,F,E_ITSP2X_ITT2,PC_ENT,EE,5.95,NaN,6.6,NaN,6.16,NaN
A,GE10,F,E_ITSP2X_ITT2,PC_ENT,EL,,u,2.41,NaN,3.03,NaN
A,GE10,F,E_ITSP2X_ITT2,PC_ENT,ES,8.49,NaN,8.05,NaN,9.82,NaN
A,GE10,F,E_ITSP2X_ITT2,PC_ENT,EU15,,NaN,,NaN,,NaN
A,GE10,F,E_ITSP2X_ITT2,PC_ENT,EU27_2007,,NaN,,NaN,,NaN
A,GE10,F,E_ITSP2X_ITT2,PC_ENT,EU27_2020,7.1,NaN,8.09,NaN,8.54,NaN
A,GE10,F,E_ITSP2X_ITT2,PC_ENT,EU28,,NaN,,NaN,,NaN
A,GE10,F,E_ITSP2X_ITT2,PC_ENT,FI,17.15,NaN,16.82,NaN,13.96,NaN
A,GE10,F,E_ITSP2X_ITT2,PC_ENT,FR,5.35,NaN,4.22,b,5.2,NaN
A,GE10,F,E_ITSP2X_ITT2,PC_ENT,HR,5.41,NaN,5.59,NaN,4.92,NaN
A,GE10,F,E_ITSP2X_ITT2,PC_ENT,HU,5.91,NaN,7.36,NaN,7.75,NaN
A,GE10,F,E_ITSP2X_ITT2,PC_ENT,IE,10.94,NaN,7.04,NaN,4.87,NaN
A,GE10,F,E_ITSP2X_ITT2,PC_ENT,IT,5.18,NaN,8.45,NaN,8.16,NaN
A,GE10,F,E_ITSP2X_ITT2,PC_ENT,LT,4.9,NaN,1.93,NaN,3.42,NaN
A,GE10,F,E_ITSP2X_ITT2,PC_ENT,LU,5.04,NaN,5.55,NaN,7.84,NaN
A,GE10,F,E_ITSP2X_ITT2,PC_ENT,LV,8.14,NaN,6.61,NaN,5.26,NaN
A,GE10,F,E_ITSP2X_ITT2,PC_ENT,ME,,u,5.86,NaN,,NaN
A,GE10,F,E_ITSP2X_ITT2,PC_ENT,MK,6.38,NaN,,u,,NaN
A,GE10,F,E_ITSP2X_ITT2,PC_ENT,MT,5.31,NaN,6.7,NaN,4.11,NaN
A,GE10,F,E_ITSP2X_ITT2,PC_ENT,NL,0.96,NaN,9.65,NaN,9.96,NaN
A,GE10,F,E_ITSP2X_ITT2,PC_ENT,NO,20.94,NaN,20.93,NaN,15.04,NaN
A,GE10,F,E_ITSP2X_ITT2,PC_ENT,PL,4.3,NaN,5.54,NaN,6.96,NaN
A,GE10,F,E_ITSP2X_ITT2,PC_ENT,PT,17.42,NaN,9.95,NaN,17.17,NaN
A,GE10,F,E_ITSP2X_ITT2,PC_ENT,RO,1.03,NaN,3.48,NaN,4.2,NaN
A,GE10,F,E_ITSP2X_ITT2,PC_ENT,RS,2.92,NaN,6.44,NaN,0.0,NaN
A,GE10,F,E_ITSP2X_ITT2,PC_ENT,SE,14.49,NaN,18.5,NaN,17.05,b
A,GE10,F,E_ITSP2X_ITT2,PC_ENT,SI,8.57,NaN,4.65,NaN,10.26,NaN
A,GE10,F,E_ITSP2X_ITT2,PC_ENT,SK,3.95,NaN,1.1,NaN,4.32,NaN
A,GE10,F,E_ITSP2X_ITT2,PC_ENT,TR,4.15,NaN,6.51,NaN,5.81,NaN
A,GE10,F,E_ITSP2X_ITT2,PC_ENT,UK,10.72,NaN,,NaN,,NaN
A,GE10,F,E_ITSP2X_ITT2,PC_ENT_CUSE,AT,,NaN,,NaN,,NaN
A,GE10,F,E_ITSP2X_ITT2,PC_ENT_CUSE,BA,,NaN,,NaN,,NaN
A,GE10,F,E_ITSP2X_ITT2,PC_ENT_CUSE,BE,,NaN,,NaN,,NaN
A,GE10,F,E_ITSP2X_ITT2,PC_ENT_CUSE,BG,,NaN,,NaN,,NaN
A,GE10,F,E_ITSP2X_ITT2,PC_ENT_CUSE,CY,,NaN,,NaN,,NaN
A,GE10,F,E_ITSP2X_ITT2,PC_ENT_CUSE,CZ,,NaN,,NaN,,NaN
A,GE10,F,E_ITSP2X_ITT2,PC_ENT_CUSE,DE,,NaN,,NaN,,NaN
A,GE10,F,E_ITSP2X_ITT2,PC_ENT_CUSE,DK,,NaN,,NaN,,NaN
A,GE10,F,E_ITSP2X_ITT2,PC_ENT_CUSE,EA,,NaN,,NaN,,NaN
A,GE10,F,E_ITSP2X_ITT2,PC_ENT_CUSE,EE,,NaN,,NaN,,NaN
A,GE10,F,E_ITSP2X_ITT2,PC_ENT_CUSE,EL,,NaN,,NaN,,NaN
A,GE10,F,E_ITSP2X_ITT2,PC_ENT_CUSE,ES,,NaN,,NaN,,NaN
A,GE10,F,E_ITSP2X_ITT2,PC_ENT_CUSE,EU15,,NaN,,NaN,,NaN
A,GE10,F,E_ITSP2X_ITT2,PC_ENT_CUSE,EU27_2007,,NaN,,NaN,,NaN
A,GE10,F,E_ITSP2X_ITT2,PC_ENT_CUSE,EU27_2020,,NaN,,NaN,,NaN
A,GE10,F,E_ITSP2X_ITT2,PC_ENT_CUSE,EU28,,NaN,,NaN,,NaN
A,GE10,F,E_ITSP2X_ITT2,PC_ENT_CUSE,FI,,NaN,,NaN,,NaN
A,GE10,F,E_ITSP2X_ITT2,PC_ENT_CUSE,FR,,NaN,,NaN,,NaN
A,GE10,F,E_ITSP2X_ITT2,PC_ENT_CUSE,HR,,NaN,,NaN,,NaN
A,GE10,F,E_ITSP2X_ITT2,PC_ENT_CUSE,HU,,NaN,,NaN,,NaN
A,GE10,F,E_ITSP2X_ITT2,PC_ENT_CUSE,IE,,NaN,,NaN,,NaN
A,GE10,F,E_ITSP2X_ITT2,PC_ENT_CUSE,IT,,NaN,,NaN,,NaN
A,GE10,F,E_ITSP2X_ITT2,PC_ENT_CUSE,LT,,NaN,,NaN,,NaN
A,GE10,F,E_ITSP2X_ITT2,PC_ENT_CUSE,LU,,NaN,,NaN,,NaN
A,GE10,F,E_ITSP2X_ITT2,PC_ENT_CUSE,LV,,NaN,,NaN,,NaN
A,GE10,F,E_ITSP2X_ITT2,PC_ENT_CUSE,ME,,NaN,,NaN,,NaN
A,GE10,F,E_ITSP2X_ITT2,PC_ENT_CUSE,MK,,NaN,,NaN,,NaN
A,GE10,F,E_ITSP2X_ITT2,PC_ENT_CUSE,MT,,NaN,,NaN,,NaN
A,GE10,F,E_ITSP2X_ITT2,PC_ENT_CUSE,NL,,NaN,,NaN,,NaN
A,GE10,F,E_ITSP2X_ITT2,PC_ENT_CUSE,NO,,NaN,,NaN,,NaN
A,GE10,F,E_ITSP2X_ITT2,PC_ENT_CUSE,PL,,NaN,,NaN,,NaN
A,GE10,F,E_ITSP2X_ITT2,PC_ENT_CUSE,PT,,NaN,,NaN,,NaN
A,GE10,F,E_ITSP2X_ITT2,PC_ENT_CUSE,RO,,NaN,,NaN,,NaN
A,GE10,F,E_ITSP2X_ITT2,PC_ENT_CUSE,RS,,NaN,,NaN,,NaN
A,GE10,F,E_ITSP2X_ITT2,PC_ENT_CUSE,SE,,NaN,,NaN,,NaN
A,GE10,F,E_ITSP2X_ITT2,PC_ENT_CUSE,SI,,NaN,,NaN,,NaN
A,GE10,F,E_ITSP2X_ITT2,PC_ENT_CUSE,SK,,NaN,,NaN,,NaN
A,GE10,F,E_ITSP2X_ITT2,PC_ENT_CUSE,TR,,NaN,,NaN,,NaN
A,GE10,F,E_ITSP2X_ITT2,PC_ENT_CUSE,UK,,NaN,,NaN,,NaN
A,GE10,F,E_ITSP2_ITT2,PC_ENT,AL,,NaN,,u,,NaN
A,GE10,F,E_ITSP2_ITT2,PC_ENT,AT,5.76,NaN,3.79,NaN,3.85,NaN
A,GE10,F,E_ITSP2_ITT2,PC_ENT,BA,4.22,NaN,,u,,u
A,GE10,F,E_ITSP2_ITT2,PC_ENT,BE,7.81,NaN,6.15,NaN,6.51,NaN
A,GE10,F,E_ITSP2_ITT2,PC_ENT,BG,1.41,NaN,0.8,NaN,1.5,NaN
A,GE10,F,E_ITSP2_ITT2,PC_ENT,CY,6.86,NaN,5.71,NaN,8.61,NaN
A,GE10,F,E_ITSP2_ITT2,PC_ENT,CZ,4.9,NaN,4.48,NaN,3.87,NaN
A,GE10,F,E_ITSP2_ITT2,PC_ENT,DE,3.09,NaN,4.79,NaN,3.94,NaN
A,GE10,F,E_ITSP2_ITT2,PC_ENT,DK,5.07,NaN,4.84,NaN,7.39,NaN
A,GE10,F,E_ITSP2_ITT2,PC_ENT,EA,4.15,NaN,4.21,NaN,3.7,NaN
A,GE10,F,E_ITSP2_ITT2,PC_ENT,EE,2.81,NaN,2.52,NaN,2.79,NaN
A,GE10,F,E_ITSP2_ITT2,PC_ENT,EL,,u,3.72,NaN,2.29,NaN
A,GE10,F,E_ITSP2_ITT2,PC_ENT,ES,4.55,NaN,4.73,NaN,2.57,NaN
A,GE10,F,E_ITSP2_ITT2,PC_ENT,EU15,,NaN,,NaN,,NaN
A,GE10,F,E_ITSP2_ITT2,PC_ENT,EU27_2007,,NaN,,NaN,,NaN
A,GE10,F,E_ITSP2_ITT2,PC_ENT,EU27_2020,4.06,NaN,4.2,NaN,4.23,NaN
A,GE10,F,E_ITSP2_ITT2,PC_ENT,EU28,,NaN,,NaN,,NaN
A,GE10,F,E_ITSP2_ITT2,PC_ENT,FI,5.92,NaN,5.71,NaN,8.9,NaN
A,GE10,F,E_ITSP2_ITT2,PC_ENT,FR,3.38,NaN,1.8,b,2.22,NaN
A,GE10,F,E_ITSP2_ITT2,PC_ENT,HR,3.66,NaN,1.15,NaN,2.52,NaN
A,GE10,F,E_ITSP2_ITT2,PC_ENT,HU,3.76,NaN,5.56,NaN,4.38,NaN
A,GE10,F,E_ITSP2_ITT2,PC_ENT,IE,8.83,NaN,9.67,NaN,7.19,NaN
A,GE10,F,E_ITSP2_ITT2,PC_ENT,IT,3.61,NaN,3.88,NaN,3.48,NaN
A,GE10,F,E_ITSP2_ITT2,PC_ENT,LT,2.98,NaN,2.66,NaN,2.86,NaN
A,GE10,F,E_ITSP2_ITT2,PC_ENT,LU,5.42,NaN,4.64,NaN,6.22,NaN
A,GE10,F,E_ITSP2_ITT2,PC_ENT,LV,6.54,NaN,4.98,NaN,1.03,NaN
A,GE10,F,E_ITSP2_ITT2,PC_ENT,ME,,u,16.05,NaN,10.77,NaN
A,GE10,F,E_ITSP2_ITT2,PC_ENT,MK,3.11,NaN,,u,,NaN
A,GE10,F,E_ITSP2_ITT2,PC_ENT,MT,3.68,NaN,6.78,NaN,8.44,NaN
A,GE10,F,E_ITSP2_ITT2,PC_ENT,NL,6.72,NaN,8.67,NaN,8.81,NaN
A,GE10,F,E_ITSP2_ITT2,PC_ENT,NO,3.39,NaN,5.32,NaN,4.1,NaN
A,GE10,F,E_ITSP2_ITT2,PC_ENT,PL,4.12,NaN,5.59,NaN,10.59,NaN
A,GE10,F,E_ITSP2_ITT2,PC_ENT,PT,5.55,NaN,4.22,NaN,4.71,NaN
A,GE10,F,E_ITSP2_ITT2,PC_ENT,RO,1.67,NaN,1.11,NaN,4.23,NaN
A,GE10,F,E_ITSP2_ITT2,PC_ENT,RS,3.97,NaN,11.88,NaN,7.14,NaN
A,GE10,F,E_ITSP2_ITT2,PC_ENT,SE,4.91,NaN,5.55,NaN,2.95,b
A,GE10,F,E_ITSP2_ITT2,PC_ENT,SI,2.02,NaN,2.6,NaN,1.97,NaN
A,GE10,F,E_ITSP2_ITT2,PC_ENT,SK,2.96,NaN,2.42,NaN,3.66,NaN
A,GE10,F,E_ITSP2_ITT2,PC_ENT,TR,2.41,NaN,3.92,NaN,2.01,NaN
A,GE10,F,E_ITSP2_ITT2,PC_ENT,UK,10.71,NaN,,NaN,,NaN
A,GE10,F,E_ITSP2_ITT2,PC_ENT_CUSE,AT,,NaN,,NaN,,NaN
A,GE10,F,E_ITSP2_ITT2,PC_ENT_CUSE,BA,,NaN,,NaN,,NaN
A,GE10,F,E_ITSP2_ITT2,PC_ENT_CUSE,BE,,NaN,,NaN,,NaN
A,GE10,F,E_ITSP2_ITT2,PC_ENT_CUSE,BG,,NaN,,NaN,,NaN
A,GE10,F,E_ITSP2_ITT2,PC_ENT_CUSE,CY,,NaN,,NaN,,NaN
A,GE10,F,E_ITSP2_ITT2,PC_ENT_CUSE,CZ,,NaN,,NaN,,NaN
A,GE10,F,E_ITSP2_ITT2,PC_ENT_CUSE,DE,,NaN,,NaN,,NaN
A,GE10,F,E_ITSP2_ITT2,PC_ENT_CUSE,DK,,NaN,,NaN,,NaN
A,GE10,F,E_ITSP2_ITT2,PC_ENT_CUSE,EA,,NaN,,NaN,,NaN
A,GE10,F,E_ITSP2_ITT2,PC_ENT_CUSE,EE,,NaN,,NaN,,NaN
A,GE10,F,E_ITSP2_ITT2,PC_ENT_CUSE,EL,,NaN,,NaN,,NaN
A,GE10,F,E_ITSP2_ITT2,PC_ENT_CUSE,ES,,NaN,,NaN,,NaN
A,GE10,F,E_ITSP2_ITT2,PC_ENT_CUSE,EU15,,NaN,,NaN,,NaN
A,GE10,F,E_ITSP2_ITT2,PC_ENT_CUSE,EU27_2007,,NaN,,NaN,,NaN
A,GE10,F,E_ITSP2_ITT2,PC_ENT_CUSE,EU27_2020,,NaN,,NaN,,NaN
A,GE10,F,E_ITSP2_ITT2,PC_ENT_CUSE,EU28,,NaN,,NaN,,NaN
A,GE10,F,E_ITSP2_ITT2,PC_ENT_CUSE,FI,,NaN,,NaN,,NaN
A,GE10,F,E_ITSP2_ITT2,PC_ENT_CUSE,FR,,NaN,,NaN,,NaN
A,GE10,F,E_ITSP2_ITT2,PC_ENT_CUSE,HR,,NaN,,NaN,,NaN
A,GE10,F,E_ITSP2_ITT2,PC_ENT_CUSE,HU,,NaN,,NaN,,NaN
A,GE10,F,E_ITSP2_ITT2,PC_ENT_CUSE,IE,,NaN,,NaN,,NaN
A,GE10,F,E_ITSP2_ITT2,PC_ENT_CUSE,IT,,NaN,,NaN,,NaN
A,GE10,F,E_ITSP2_ITT2,PC_ENT_CUSE,LT,,NaN,,NaN,,NaN
A,GE10,F,E_ITSP2_ITT2,PC_ENT_CUSE,LU,,NaN,,NaN,,NaN
A,GE10,F,E_ITSP2_ITT2,PC_ENT_CUSE,LV,,NaN,,NaN,,NaN
A,GE10,F,E_ITSP2_ITT2,PC_ENT_CUSE,ME,,NaN,,NaN,,NaN
A,GE10,F,E_ITSP2_ITT2,PC_ENT_CUSE,MK,,NaN,,NaN,,NaN
A,GE10,F,E_ITSP2_ITT2,PC_ENT_CUSE,MT,,NaN,,NaN,,NaN
A,GE10,F,E_ITSP2_ITT2,PC_ENT_CUSE,NL,,NaN,,NaN,,NaN
A,GE10,F,E_ITSP2_ITT2,PC_ENT_CUSE,NO,,NaN,,NaN,,NaN
A,GE10,F,E_ITSP2_ITT2,PC_ENT_CUSE,PL,,NaN,,NaN,,NaN
A,GE10,F,E_ITSP2_ITT2,PC_ENT_CUSE,PT,,NaN,,NaN,,NaN
A,GE10,F,E_ITSP2_ITT2,PC_ENT_CUSE,RO,,NaN,,NaN,,NaN
A,GE10,F,E_ITSP2_ITT2,PC_ENT_CUSE,RS,,NaN,,NaN,,NaN
A,GE10,F,E_ITSP2_ITT2,PC_ENT_CUSE,SE,,NaN,,NaN,,NaN
A,GE10,F,E_ITSP2_ITT2,PC_ENT_CUSE,SI,,NaN,,NaN,,NaN
A,GE10,F,E_ITSP2_ITT2,PC_ENT_CUSE,SK,,NaN,,NaN,,NaN
A,GE10,F,E_ITSP2_ITT2,PC_ENT_CUSE,TR,,NaN,,NaN,,NaN
A,GE10,F,E_ITSP2_ITT2,PC_ENT_CUSE,UK,,NaN,,NaN,,NaN
A,GE10,F,E_ITSPT2,PC_ENT,AL,,NaN,,u,,NaN
A,GE10,F,E_ITSPT2,PC_ENT,AT,4.83,NaN,3.14,NaN,4.34,NaN
A,GE10,F,E_ITSPT2,PC_ENT,BA,3.38,NaN,,u,,u
A,GE10,F,E_ITSPT2,PC_ENT,BE,6.05,NaN,5.37,NaN,6.08,NaN
A,GE10,F,E_ITSPT2,PC_ENT,BG,1.33,NaN,0.65,NaN,1.46,NaN
A,GE10,F,E_ITSPT2,PC_ENT,CY,4.13,NaN,4.81,NaN,5.91,NaN
A,GE10,F,E_ITSPT2,PC_ENT,CZ,4.33,NaN,3.79,NaN,3.43,NaN
A,GE10,F,E_ITSPT2,PC_ENT,DE,2.4,NaN,4.14,NaN,3.37,NaN
A,GE10,F,E_ITSPT2,PC_ENT,DK,4.09,NaN,3.87,NaN,5.76,NaN
A,GE10,F,E_ITSPT2,PC_ENT,EA,3.29,NaN,3.79,NaN,3.14,NaN
A,GE10,F,E_ITSPT2,PC_ENT,EE,2.81,NaN,3.21,NaN,2.1,NaN
A,GE10,F,E_ITSPT2,PC_ENT,EL,,u,3.62,NaN,2.92,NaN
A,GE10,F,E_ITSPT2,PC_ENT,ES,3.6,NaN,3.62,NaN,1.38,NaN
A,GE10,F,E_ITSPT2,PC_ENT,EU15,,NaN,,NaN,,NaN
A,GE10,F,E_ITSPT2,PC_ENT,EU27_2007,,NaN,,NaN,,NaN
A,GE10,F,E_ITSPT2,PC_ENT,EU27_2020,3.13,NaN,3.64,NaN,3.63,NaN
A,GE10,F,E_ITSPT2,PC_ENT,EU28,,NaN,,NaN,,NaN
A,GE10,F,E_ITSPT2,PC_ENT,FI,4.08,NaN,4.19,NaN,7.53,NaN
A,GE10,F,E_ITSPT2,PC_ENT,FR,2.35,NaN,1.53,b,2.04,NaN
A,GE10,F,E_ITSPT2,PC_ENT,HR,2.94,NaN,0.97,NaN,1.29,NaN
A,GE10,F,E_ITSPT2,PC_ENT,HU,2.18,NaN,2.86,NaN,2.61,NaN
A,GE10,F,E_ITSPT2,PC_ENT,IE,4.47,NaN,3.74,NaN,3.31,NaN
A,GE10,F,E_ITSPT2,PC_ENT,IS,,NaN,,NaN,,NaN
A,GE10,F,E_ITSPT2,PC_ENT,IT,3.83,NaN,5.42,NaN,3.38,NaN
A,GE10,F,E_ITSPT2,PC_ENT,LT,1.68,NaN,1.61,NaN,1.91,NaN
A,GE10,F,E_ITSPT2,PC_ENT,LU,4.12,NaN,3.23,NaN,5.21,NaN
A,GE10,F,E_ITSPT2,PC_ENT,LV,3.54,NaN,2.89,NaN,0.27,NaN
A,GE10,F,E_ITSPT2,PC_ENT,ME,,u,16.05,NaN,5.78,NaN
A,GE10,F,E_ITSPT2,PC_ENT,MK,3.11,NaN,,u,,NaN
A,GE10,F,E_ITSPT2,PC_ENT,MT,2.76,NaN,4.33,NaN,5.09,NaN
A,GE10,F,E_ITSPT2,PC_ENT,NL,5.76,NaN,8.33,NaN,7.91,NaN
A,GE10,F,E_ITSPT2,PC_ENT,NO,4.93,NaN,4.05,NaN,3.39,NaN
A,GE10,F,E_ITSPT2,PC_ENT,PL,2.24,NaN,2.82,NaN,10.1,NaN
A,GE10,F,E_ITSPT2,PC_ENT,PT,3.34,NaN,4.14,NaN,3.83,NaN
A,GE10,F,E_ITSPT2,PC_ENT,RO,1.16,NaN,3.33,NaN,3.85,NaN
A,GE10,F,E_ITSPT2,PC_ENT,RS,1.85,NaN,3.09,NaN,5.78,NaN
A,GE10,F,E_ITSPT2,PC_ENT,SE,4.09,NaN,4.94,NaN,1.57,b
A,GE10,F,E_ITSPT2,PC_ENT,SI,1.79,NaN,1.42,NaN,1.46,NaN
A,GE10,F,E_ITSPT2,PC_ENT,SK,2.28,NaN,2.2,NaN,3.51,NaN
A,GE10,F,E_ITSPT2,PC_ENT,TR,1.9,NaN,2.47,NaN,1.86,NaN
A,GE10,F,E_ITSPT2,PC_ENT,UK,5.62,NaN,,NaN,,NaN
A,GE10,F,E_ITSPT2,PC_ENT_CUSE,AT,,NaN,,NaN,,NaN
A,GE10,F,E_ITSPT2,PC_ENT_CUSE,BA,,NaN,,NaN,,NaN
A,GE10,F,E_ITSPT2,PC_ENT_CUSE,BE,,NaN,,NaN,,NaN
A,GE10,F,E_ITSPT2,PC_ENT_CUSE,BG,,NaN,,NaN,,NaN
A,GE10,F,E_ITSPT2,PC_ENT_CUSE,CY,,NaN,,NaN,,NaN
A,GE10,F,E_ITSPT2,PC_ENT_CUSE,CZ,,NaN,,NaN,,NaN
A,GE10,F,E_ITSPT2,PC_ENT_CUSE,DE,,NaN,,NaN,,NaN
A,GE10,F,E_ITSPT2,PC_ENT_CUSE,DK,,NaN,,NaN,,NaN
A,GE10,F,E_ITSPT2,PC_ENT_CUSE,EA,,NaN,,NaN,,NaN
A,GE10,F,E_ITSPT2,PC_ENT_CUSE,EE,,NaN,,NaN,,NaN
A,GE10,F,E_ITSPT2,PC_ENT_CUSE,EL,,NaN,,NaN,,NaN
A,GE10,F,E_ITSPT2,PC_ENT_CUSE,ES,,NaN,,NaN,,NaN
A,GE10,F,E_ITSPT2,PC_ENT_CUSE,EU15,,NaN,,NaN,,NaN
A,GE10,F,E_ITSPT2,PC_ENT_CUSE,EU27_2007,,NaN,,NaN,,NaN
A,GE10,F,E_ITSPT2,PC_ENT_CUSE,EU27_2020,,NaN,,NaN,,NaN
A,GE10,F,E_ITSPT2,PC_ENT_CUSE,EU28,,NaN,,NaN,,NaN
A,GE10,F,E_ITSPT2,PC_ENT_CUSE,FI,,NaN,,NaN,,NaN
A,GE10,F,E_ITSPT2,PC_ENT_CUSE,FR,,NaN,,NaN,,NaN
A,GE10,F,E_ITSPT2,PC_ENT_CUSE,HR,,NaN,,NaN,,NaN
A,GE10,F,E_ITSPT2,PC_ENT_CUSE,HU,,NaN,,NaN,,NaN
A,GE10,F,E_ITSPT2,PC_ENT_CUSE,IE,,NaN,,NaN,,NaN
A,GE10,F,E_ITSPT2,PC_ENT_CUSE,IS,,NaN,,NaN,,NaN
A,GE10,F,E_ITSPT2,PC_ENT_CUSE,IT,,NaN,,NaN,,NaN
A,GE10,F,E_ITSPT2,PC_ENT_CUSE,LT,,NaN,,NaN,,NaN
A,GE10,F,E_ITSPT2,PC_ENT_CUSE,LU,,NaN,,NaN,,NaN
A,GE10,F,E_ITSPT2,PC_ENT_CUSE,LV,,NaN,,NaN,,NaN
A,GE10,F,E_ITSPT2,PC_ENT_CUSE,ME,,NaN,,NaN,,NaN
A,GE10,F,E_ITSPT2,PC_ENT_CUSE,MK,,NaN,,NaN,,NaN
A,GE10,F,E_ITSPT2,PC_ENT_CUSE,MT,,NaN,,NaN,,NaN
A,GE10,F,E_ITSPT2,PC_ENT_CUSE,NL,,NaN,,NaN,,NaN
A,GE10,F,E_ITSPT2,PC_ENT_CUSE,NO,,NaN,,NaN,,NaN
A,GE10,F,E_ITSPT2,PC_ENT_CUSE,PL,,NaN,,NaN,,NaN
A,GE10,F,E_ITSPT2,PC_ENT_CUSE,PT,,NaN,,NaN,,NaN
A,GE10,F,E_ITSPT2,PC_ENT_CUSE,RO,,NaN,,NaN,,NaN
A,GE10,F,E_ITSPT2,PC_ENT_CUSE,RS,,NaN,,NaN,,NaN
A,GE10,F,E_ITSPT2,PC_ENT_CUSE,SE,,NaN,,NaN,,NaN
A,GE10,F,E_ITSPT2,PC_ENT_CUSE,SI,,NaN,,NaN,,NaN
A,GE10,F,E_ITSPT2,PC_ENT_CUSE,SK,,NaN,,NaN,,NaN
A,GE10,F,E_ITSPT2,PC_ENT_CUSE,TR,,NaN,,NaN,,NaN
A,GE10,F,E_ITSPT2,PC_ENT_CUSE,UK,,NaN,,NaN,,NaN
A,GE10,F,E_ITT2,PC_ENT,AL,,NaN,,u,,NaN
A,GE10,F,E_ITT2,PC_ENT,AT,9.65,NaN,6.91,NaN,9.11,NaN
A,GE10,F,E_ITT2,PC_ENT,BA,5.99,NaN,,u,,u
A,GE10,F,E_ITT2,PC_ENT,BE,18.21,NaN,19.07,NaN,24.12,NaN
A,GE10,F,E_ITT2,PC_ENT,BG,1.96,NaN,2.05,NaN,2.09,NaN
A,GE10,F,E_ITT2,PC_ENT,CY,13.51,NaN,15.2,NaN,17.82,NaN
A,GE10,F,E_ITT2,PC_ENT,CZ,17.42,NaN,17.22,NaN,14.41,NaN
A,GE10,F,E_ITT2,PC_ENT,DE,12.14,NaN,15.47,NaN,13.93,NaN
A,GE10,F,E_ITT2,PC_ENT,DK,12.52,NaN,12.51,NaN,17.3,NaN
A,GE10,F,E_ITT2,PC_ENT,EA,11.99,NaN,12.56,NaN,12.38,NaN
A,GE10,F,E_ITT2,PC_ENT,EE,8.75,NaN,10.47,NaN,8.95,NaN
A,GE10,F,E_ITT2,PC_ENT,EL,,u,6.13,NaN,5.33,NaN
A,GE10,F,E_ITT2,PC_ENT,ES,13.04,NaN,12.78,NaN,12.38,NaN
A,GE10,F,E_ITT2,PC_ENT,EU15,,NaN,,NaN,,NaN
A,GE10,F,E_ITT2,PC_ENT,EU27_2007,,NaN,,NaN,,NaN
A,GE10,F,E_ITT2,PC_ENT,EU27_2020,11.51,NaN,12.49,NaN,12.79,NaN
A,GE10,F,E_ITT2,PC_ENT,EU28,,NaN,,NaN,,NaN
A,GE10,F,E_ITT2,PC_ENT,FI,23.07,NaN,22.52,NaN,22.86,NaN
A,GE10,F,E_ITT2,PC_ENT,FR,8.73,NaN,6.01,b,7.42,NaN
A,GE10,F,E_ITT2,PC_ENT,HR,9.07,NaN,6.74,NaN,7.44,NaN
A,GE10,F,E_ITT2,PC_ENT,HU,9.66,NaN,12.92,NaN,12.14,NaN
A,GE10,F,E_ITT2,PC_ENT,IE,19.77,NaN,16.71,NaN,12.06,NaN
A,GE10,F,E_ITT2,PC_ENT,IS,,NaN,,NaN,,NaN
A,GE10,F,E_ITT2,PC_ENT,IT,9.33,NaN,13.46,NaN,11.65,NaN
A,GE10,F,E_ITT2,PC_ENT,LT,7.87,NaN,4.59,NaN,6.28,NaN
A,GE10,F,E_ITT2,PC_ENT,LU,10.46,NaN,10.19,NaN,14.06,NaN
A,GE10,F,E_ITT2,PC_ENT,LV,14.68,NaN,11.59,NaN,6.29,NaN
A,GE10,F,E_ITT2,PC_ENT,ME,,u,21.92,NaN,10.77,NaN
A,GE10,F,E_ITT2,PC_ENT,MK,,NaN,,u,,NaN
A,GE10,F,E_ITT2,PC_ENT,MT,8.99,NaN,14.18,NaN,12.55,NaN
A,GE10,F,E_ITT2,PC_ENT,NL,15.16,NaN,18.32,NaN,18.77,NaN
A,GE10,F,E_ITT2,PC_ENT,NO,24.53,NaN,26.25,NaN,19.13,NaN
A,GE10,F,E_ITT2,PC_ENT,PL,8.42,NaN,11.13,NaN,17.56,NaN
A,GE10,F,E_ITT2,PC_ENT,PT,,u,14.17,NaN,21.88,NaN
A,GE10,F,E_ITT2,PC_ENT,RO,2.72,NaN,6.01,NaN,8.43,NaN
A,GE10,F,E_ITT2,PC_ENT,RS,6.89,NaN,18.32,NaN,7.14,NaN
A,GE10,F,E_ITT2,PC_ENT,SE,19.4,NaN,24.05,NaN,20.0,b
A,GE10,F,E_ITT2,PC_ENT,SI,10.59,NaN,7.26,NaN,12.23,NaN
A,GE10,F,E_ITT2,PC_ENT,SK,6.91,NaN,3.53,NaN,7.98,NaN
A,GE10,F,E_ITT2,PC_ENT,TR,6.56,NaN,10.5,NaN,7.81,NaN
A,GE10,F,E_ITT2,PC_ENT,UK,21.43,NaN,,NaN,,NaN
A,GE10,F,E_ITT2,PC_ENT_CUSE,AT,,NaN,,NaN,,NaN
A,GE10,F,E_ITT2,PC_ENT_CUSE,BA,,NaN,,NaN,,NaN
A,GE10,F,E_ITT2,PC_ENT_CUSE,BE,,NaN,,NaN,,NaN
A,GE10,F,E_ITT2,PC_ENT_CUSE,BG,,NaN,,NaN,,NaN
A,GE10,F,E_ITT2,PC_ENT_CUSE,CY,,NaN,,NaN,,NaN
A,GE10,F,E_ITT2,PC_ENT_CUSE,CZ,,NaN,,NaN,,NaN
A,GE10,F,E_ITT2,PC_ENT_CUSE,DE,,NaN,,NaN,,NaN
A,GE10,F,E_ITT2,PC_ENT_CUSE,DK,,NaN,,NaN,,NaN
A,GE10,F,E_ITT2,PC_ENT_CUSE,EA,,NaN,,NaN,,NaN
A,GE10,F,E_ITT2,PC_ENT_CUSE,EE,,NaN,,NaN,,NaN
A,GE10,F,E_ITT2,PC_ENT_CUSE,EL,,NaN,,NaN,,NaN
A,GE10,F,E_ITT2,PC_ENT_CUSE,ES,,NaN,,NaN,,NaN
A,GE10,F,E_ITT2,PC_ENT_CUSE,EU15,,NaN,,NaN,,NaN
A,GE10,F,E_ITT2,PC_ENT_CUSE,EU27_2007,,NaN,,NaN,,NaN
A,GE10,F,E_ITT2,PC_ENT_CUSE,EU27_2020,,NaN,,NaN,,NaN
A,GE10,F,E_ITT2,PC_ENT_CUSE,EU28,,NaN,,NaN,,NaN
A,GE10,F,E_ITT2,PC_ENT_CUSE,FI,,NaN,,NaN,,NaN
A,GE10,F,E_ITT2,PC_ENT_CUSE,FR,,NaN,,NaN,,NaN
A,GE10,F,E_ITT2,PC_ENT_CUSE,HR,,NaN,,NaN,,NaN
A,GE10,F,E_ITT2,PC_ENT_CUSE,HU,,NaN,,NaN,,NaN
A,GE10,F,E_ITT2,PC_ENT_CUSE,IE,,NaN,,NaN,,NaN
A,GE10,F,E_ITT2,PC_ENT_CUSE,IS,,NaN,,NaN,,NaN
A,GE10,F,E_ITT2,PC_ENT_CUSE,IT,,NaN,,NaN,,NaN
A,GE10,F,E_ITT2,PC_ENT_CUSE,LT,,NaN,,NaN,,NaN
A,GE10,F,E_ITT2,PC_ENT_CUSE,LU,,NaN,,NaN,,NaN
A,GE10,F,E_ITT2,PC_ENT_CUSE,LV,,NaN,,NaN,,NaN
A,GE10,F,E_ITT2,PC_ENT_CUSE,ME,,NaN,,NaN,,NaN
A,GE10,F,E_ITT2,PC_ENT_CUSE,MK,,NaN,,NaN,,NaN
A,GE10,F,E_ITT2,PC_ENT_CUSE,MT,,NaN,,NaN,,NaN
A,GE10,F,E_ITT2,PC_ENT_CUSE,NL,,NaN,,NaN,,NaN
A,GE10,F,E_ITT2,PC_ENT_CUSE,NO,,NaN,,NaN,,NaN
A,GE10,F,E_ITT2,PC_ENT_CUSE,PL,,NaN,,NaN,,NaN
A,GE10,F,E_ITT2,PC_ENT_CUSE,PT,,NaN,,NaN,,NaN
A,GE10,F,E_ITT2,PC_ENT_CUSE,RO,,NaN,,NaN,,NaN
A,GE10,F,E_ITT2,PC_ENT_CUSE,RS,,NaN,,NaN,,NaN
A,GE10,F,E_ITT2,PC_ENT_CUSE,SE,,NaN,,NaN,,NaN
A,GE10,F,E_ITT2,PC_ENT_CUSE,SI,,NaN,,NaN,,NaN
A,GE10,F,E_ITT2,PC_ENT_CUSE,SK,,NaN,,NaN,,NaN
A,GE10,F,E_ITT2,PC_ENT_CUSE,TR,,NaN,,NaN,,NaN
A,GE10,F,E_ITT2,PC_ENT_CUSE,UK,,NaN,,NaN,,NaN
A,GE10,F,E_ITUST2,PC_ENT,AL,,NaN,,u,,NaN
A,GE10,F,E_ITUST2,PC_ENT,AT,7.8,NaN,6.11,NaN,6.97,NaN
A,GE10,F,E_ITUST2,PC_ENT,BA,4.49,NaN,,u,,u
A,GE10,F,E_ITUST2,PC_ENT,BE,17.0,NaN,17.59,NaN,22.95,NaN
A,GE10,F,E_ITUST2,PC_ENT,BG,1.07,NaN,1.76,NaN,1.08,NaN
A,GE10,F,E_ITUST2,PC_ENT,CY,13.13,NaN,13.92,NaN,15.57,NaN
A,GE10,F,E_ITUST2,PC_ENT,CZ,17.42,NaN,15.93,NaN,13.54,NaN
A,GE10,F,E_ITUST2,PC_ENT,DE,11.58,NaN,14.62,NaN,13.05,NaN
A,GE10,F,E_ITUST2,PC_ENT,DK,10.83,NaN,11.22,NaN,15.25,NaN
A,GE10,F,E_ITUST2,PC_ENT,EA,10.77,NaN,11.25,NaN,11.58,NaN
A,GE10,F,E_ITUST2,PC_ENT,EE,7.25,NaN,8.45,NaN,8.22,NaN
A,GE10,F,E_ITUST2,PC_ENT,EL,,u,5.68,NaN,4.75,NaN
A,GE10,F,E_ITUST2,PC_ENT,ES,11.92,NaN,10.91,NaN,12.14,NaN
A,GE10,F,E_ITUST2,PC_ENT,EU15,,NaN,,NaN,,NaN
A,GE10,F,E_ITUST2,PC_ENT,EU27_2007,,NaN,,NaN,,NaN
A,GE10,F,E_ITUST2,PC_ENT,EU27_2020,10.41,NaN,11.26,NaN,11.65,NaN
A,GE10,F,E_ITUST2,PC_ENT,EU28,,NaN,,NaN,,NaN
A,GE10,F,E_ITUST2,PC_ENT,FI,23.0,NaN,21.21,NaN,21.98,NaN
A,GE10,F,E_ITUST2,PC_ENT,FR,7.54,NaN,5.25,b,7.34,NaN
A,GE10,F,E_ITUST2,PC_ENT,HR,7.97,NaN,6.38,NaN,7.27,NaN
A,GE10,F,E_ITUST2,PC_ENT,HU,8.26,NaN,11.61,NaN,10.9,NaN
A,GE10,F,E_ITUST2,PC_ENT,IE,19.43,NaN,15.25,NaN,11.17,NaN
A,GE10,F,E_ITUST2,PC_ENT,IS,,NaN,,NaN,,NaN
A,GE10,F,E_ITUST2,PC_ENT,IT,6.96,NaN,10.73,NaN,10.71,NaN
A,GE10,F,E_ITUST2,PC_ENT,LT,7.63,NaN,4.45,NaN,6.15,NaN
A,GE10,F,E_ITUST2,PC_ENT,LU,9.82,NaN,9.65,NaN,12.36,NaN
A,GE10,F,E_ITUST2,PC_ENT,LV,12.7,NaN,10.25,NaN,6.15,NaN
A,GE10,F,E_ITUST2,PC_ENT,ME,,u,9.8,NaN,10.77,NaN
A,GE10,F,E_ITUST2,PC_ENT,MK,7.81,NaN,,u,,NaN
A,GE10,F,E_ITUST2,PC_ENT,MT,8.99,NaN,13.49,NaN,12.55,NaN
A,GE10,F,E_ITUST2,PC_ENT,NL,13.96,NaN,16.3,NaN,16.5,NaN
A,GE10,F,E_ITUST2,PC_ENT,NO,24.14,NaN,25.79,NaN,18.27,NaN
A,GE10,F,E_ITUST2,PC_ENT,PL,7.7,NaN,10.39,NaN,12.12,NaN
A,GE10,F,E_ITUST2,PC_ENT,PT,,u,12.25,NaN,19.5,NaN
A,GE10,F,E_ITUST2,PC_ENT,RO,2.23,NaN,3.97,NaN,7.5,NaN
A,GE10,F,E_ITUST2,PC_ENT,RS,6.62,NaN,18.32,NaN,4.81,NaN
A,GE10,F,E_ITUST2,PC_ENT,SE,19.09,NaN,24.04,NaN,19.97,b
A,GE10,F,E_ITUST2,PC_ENT,SI,10.18,NaN,6.83,NaN,11.79,NaN
A,GE10,F,E_ITUST2,PC_ENT,SK,6.13,NaN,2.5,NaN,7.98,NaN
A,GE10,F,E_ITUST2,PC_ENT,TR,5.52,NaN,9.8,NaN,7.22,NaN
A,GE10,F,E_ITUST2,PC_ENT,UK,17.67,NaN,,NaN,,NaN
A,GE10,F,E_ITUST2,PC_ENT_CUSE,AT,,NaN,,NaN,,NaN
A,GE10,F,E_ITUST2,PC_ENT_CUSE,BA,,NaN,,NaN,,NaN
A,GE10,F,E_ITUST2,PC_ENT_CUSE,BE,,NaN,,NaN,,NaN
A,GE10,F,E_ITUST2,PC_ENT_CUSE,BG,,NaN,,NaN,,NaN
A,GE10,F,E_ITUST2,PC_ENT_CUSE,CY,,NaN,,NaN,,NaN
A,GE10,F,E_ITUST2,PC_ENT_CUSE,CZ,,NaN,,NaN,,NaN
A,GE10,F,E_ITUST2,PC_ENT_CUSE,DE,,NaN,,NaN,,NaN
A,GE10,F,E_ITUST2,PC_ENT_CUSE,DK,,NaN,,NaN,,NaN
A,GE10,F,E_ITUST2,PC_ENT_CUSE,EA,,NaN,,NaN,,NaN
A,GE10,F,E_ITUST2,PC_ENT_CUSE,EE,,NaN,,NaN,,NaN
A,GE10,F,E_ITUST2,PC_ENT_CUSE,EL,,NaN,,NaN,,NaN
A,GE10,F,E_ITUST2,PC_ENT_CUSE,ES,,NaN,,NaN,,NaN
A,GE10,F,E_ITUST2,PC_ENT_CUSE,EU15,,NaN,,NaN,,NaN
A,GE10,F,E_ITUST2,PC_ENT_CUSE,EU27_2007,,NaN,,NaN,,NaN
A,GE10,F,E_ITUST2,PC_ENT_CUSE,EU27_2020,,NaN,,NaN,,NaN
A,GE10,F,E_ITUST2,PC_ENT_CUSE,EU28,,NaN,,NaN,,NaN
A,GE10,F,E_ITUST2,PC_ENT_CUSE,FI,,NaN,,NaN,,NaN
A,GE10,F,E_ITUST2,PC_ENT_CUSE,FR,,NaN,,NaN,,NaN
A,GE10,F,E_ITUST2,PC_ENT_CUSE,HR,,NaN,,NaN,,NaN
A,GE10,F,E_ITUST2,PC_ENT_CUSE,HU,,NaN,,NaN,,NaN
A,GE10,F,E_ITUST2,PC_ENT_CUSE,IE,,NaN,,NaN,,NaN
A,GE10,F,E_ITUST2,PC_ENT_CUSE,IS,,NaN,,NaN,,NaN
A,GE10,F,E_ITUST2,PC_ENT_CUSE,IT,,NaN,,NaN,,NaN
A,GE10,F,E_ITUST2,PC_ENT_CUSE,LT,,NaN,,NaN,,NaN
A,GE10,F,E_ITUST2,PC_ENT_CUSE,LU,,NaN,,NaN,,NaN
A,GE10,F,E_ITUST2,PC_ENT_CUSE,LV,,NaN,,NaN,,NaN
A,GE10,F,E_ITUST2,PC_ENT_CUSE,ME,,NaN,,NaN,,NaN
A,GE10,F,E_ITUST2,PC_ENT_CUSE,MK,,NaN,,NaN,,NaN
A,GE10,F,E_ITUST2,PC_ENT_CUSE,MT,,NaN,,NaN,,NaN
A,GE10,F,E_ITUST2,PC_ENT_CUSE,NL,,NaN,,NaN,,NaN
A,GE10,F,E_ITUST2,PC_ENT_CUSE,NO,,NaN,,NaN,,NaN
A,GE10,F,E_ITUST2,PC_ENT_CUSE,PL,,NaN,,NaN,,NaN
A,GE10,F,E_ITUST2,PC_ENT_CUSE,PT,,NaN,,NaN,,NaN
A,GE10,F,E_ITUST2,PC_ENT_CUSE,RO,,NaN,,NaN,,NaN
A,GE10,F,E_ITUST2,PC_ENT_CUSE,RS,,NaN,,NaN,,NaN
A,GE10,F,E_ITUST2,PC_ENT_CUSE,SE,,NaN,,NaN,,NaN
A,GE10,F,E_ITUST2,PC_ENT_CUSE,SI,,NaN,,NaN,,NaN
A,GE10,F,E_ITUST2,PC_ENT_CUSE,SK,,NaN,,NaN,,NaN
A,GE10,F,E_ITUST2,PC_ENT_CUSE,TR,,NaN,,NaN,,NaN
A,GE10,F,E_ITUST2,PC_ENT_CUSE,UK,,NaN,,NaN,,NaN
A,GE10,G,E_ITSP2X_ITT2,PC_ENT,AT,5.65,NaN,6.72,NaN,7.28,NaN
A,GE10,G,E_ITSP2X_ITT2,PC_ENT,BA,7.08,NaN,7.28,NaN,9.64,NaN
A,GE10,G,E_ITSP2X_ITT2,PC_ENT,BE,11.74,NaN,10.67,NaN,15.01,NaN
A,GE10,G,E_ITSP2X_ITT2,PC_ENT,BG,1.13,NaN,2.29,NaN,2.19,NaN
A,GE10,G,E_ITSP2X_ITT2,PC_ENT,CY,9.05,NaN,11.45,NaN,11.24,NaN
A,GE10,G,E_ITSP2X_ITT2,PC_ENT,CZ,14.38,NaN,10.4,NaN,16.84,NaN
A,GE10,G,E_ITSP2X_ITT2,PC_ENT,DE,10.1,NaN,13.55,NaN,10.8,NaN
A,GE10,G,E_ITSP2X_ITT2,PC_ENT,DK,13.63,NaN,13.07,NaN,16.06,NaN
A,GE10,G,E_ITSP2X_ITT2,PC_ENT,EA,8.3,NaN,10.87,NaN,9.51,NaN
A,GE10,G,E_ITSP2X_ITT2,PC_ENT,EE,7.37,NaN,10.36,NaN,10.98,NaN
A,GE10,G,E_ITSP2X_ITT2,PC_ENT,EL,,u,6.86,NaN,5.62,NaN
A,GE10,G,E_ITSP2X_ITT2,PC_ENT,ES,10.03,NaN,11.71,NaN,12.05,NaN
A,GE10,G,E_ITSP2X_ITT2,PC_ENT,EU15,,NaN,,NaN,,NaN
A,GE10,G,E_ITSP2X_ITT2,PC_ENT,EU27_2007,,NaN,,NaN,,NaN
A,GE10,G,E_ITSP2X_ITT2,PC_ENT,EU27_2020,8.26,NaN,10.63,NaN,9.73,NaN
A,GE10,G,E_ITSP2X_ITT2,PC_ENT,EU28,,NaN,,NaN,,NaN
A,GE10,G,E_ITSP2X_ITT2,PC_ENT,FI,21.39,NaN,29.21,NaN,21.58,NaN
A,GE10,G,E_ITSP2X_ITT2,PC_ENT,FR,4.34,NaN,4.54,b,4.93,NaN
A,GE10,G,E_ITSP2X_ITT2,PC_ENT,HR,15.5,NaN,11.68,NaN,14.11,NaN
A,GE10,G,E_ITSP2X_ITT2,PC_ENT,HU,4.54,NaN,5.49,NaN,7.22,NaN
A,GE10,G,E_ITSP2X_ITT2,PC_ENT,IE,6.0,NaN,10.16,NaN,7.98,NaN
A,GE10,G,E_ITSP2X_ITT2,PC_ENT,IT,8.38,NaN,12.29,NaN,9.27,NaN
A,GE10,G,E_ITSP2X_ITT2,PC_ENT,LT,5.61,NaN,6.15,NaN,5.44,NaN
A,GE10,G,E_ITSP2X_ITT2,PC_ENT,LU,10.39,NaN,6.11,NaN,10.97,NaN
A,GE10,G,E_ITSP2X_ITT2,PC_ENT,LV,6.28,NaN,5.71,NaN,7.71,NaN
A,GE10,G,E_ITSP2X_ITT2,PC_ENT,ME,,u,5.95,NaN,9.44,NaN
A,GE10,G,E_ITSP2X_ITT2,PC_ENT,MK,,NaN,,u,,NaN
A,GE10,G,E_ITSP2X_ITT2,PC_ENT,MT,10.97,NaN,7.46,NaN,9.98,NaN
A,GE10,G,E_ITSP2X_ITT2,PC_ENT,NL,1.79,NaN,7.54,NaN,6.43,NaN
A,GE10,G,E_ITSP2X_ITT2,PC_ENT,NO,18.8,NaN,18.14,NaN,12.15,NaN
A,GE10,G,E_ITSP2X_ITT2,PC_ENT,PL,7.89,NaN,11.34,NaN,13.08,NaN
A,GE10,G,E_ITSP2X_ITT2,PC_ENT,PT,13.39,NaN,15.26,NaN,13.96,NaN
A,GE10,G,E_ITSP2X_ITT2,PC_ENT,RO,2.18,NaN,3.54,NaN,2.21,NaN
A,GE10,G,E_ITSP2X_ITT2,PC_ENT,RS,7.07,NaN,8.22,NaN,7.49,NaN
A,GE10,G,E_ITSP2X_ITT2,PC_ENT,SE,18.54,NaN,21.73,NaN,15.24,b
A,GE10,G,E_ITSP2X_ITT2,PC_ENT,SI,16.75,NaN,17.39,NaN,15.94,NaN
A,GE10,G,E_ITSP2X_ITT2,PC_ENT,SK,6.65,NaN,4.82,NaN,10.06,NaN
A,GE10,G,E_ITSP2X_ITT2,PC_ENT,TR,4.79,NaN,8.36,NaN,6.81,NaN
A,GE10,G,E_ITSP2X_ITT2,PC_ENT,UK,8.28,NaN,,NaN,,NaN
A,GE10,G,E_ITSP2X_ITT2,PC_ENT_CUSE,AT,,NaN,,NaN,,NaN
A,GE10,G,E_ITSP2X_ITT2,PC_ENT_CUSE,BA,,NaN,,NaN,,NaN
A,GE10,G,E_ITSP2X_ITT2,PC_ENT_CUSE,BE,,NaN,,NaN,,NaN
A,GE10,G,E_ITSP2X_ITT2,PC_ENT_CUSE,BG,,NaN,,NaN,,NaN
A,GE10,G,E_ITSP2X_ITT2,PC_ENT_CUSE,CY,,NaN,,NaN,,NaN
A,GE10,G,E_ITSP2X_ITT2,PC_ENT_CUSE,CZ,,NaN,,NaN,,NaN
A,GE10,G,E_ITSP2X_ITT2,PC_ENT_CUSE,DE,,NaN,,NaN,,NaN
A,GE10,G,E_ITSP2X_ITT2,PC_ENT_CUSE,DK,,NaN,,NaN,,NaN
A,GE10,G,E_ITSP2X_ITT2,PC_ENT_CUSE,EA,,NaN,,NaN,,NaN
A,GE10,G,E_ITSP2X_ITT2,PC_ENT_CUSE,EE,,NaN,,NaN,,NaN
A,GE10,G,E_ITSP2X_ITT2,PC_ENT_CUSE,EL,,NaN,,NaN,,NaN
A,GE10,G,E_ITSP2X_ITT2,PC_ENT_CUSE,ES,,NaN,,NaN,,NaN
A,GE10,G,E_ITSP2X_ITT2,PC_ENT_CUSE,EU15,,NaN,,NaN,,NaN
A,GE10,G,E_ITSP2X_ITT2,PC_ENT_CUSE,EU27_2007,,NaN,,NaN,,NaN
A,GE10,G,E_ITSP2X_ITT2,PC_ENT_CUSE,EU27_2020,,NaN,,NaN,,NaN
A,GE10,G,E_ITSP2X_ITT2,PC_ENT_CUSE,EU28,,NaN,,NaN,,NaN
A,GE10,G,E_ITSP2X_ITT2,PC_ENT_CUSE,FI,,NaN,,NaN,,NaN
A,GE10,G,E_ITSP2X_ITT2,PC_ENT_CUSE,FR,,NaN,,NaN,,NaN
A,GE10,G,E_ITSP2X_ITT2,PC_ENT_CUSE,HR,,NaN,,NaN,,NaN
A,GE10,G,E_ITSP2X_ITT2,PC_ENT_CUSE,HU,,NaN,,NaN,,NaN
A,GE10,G,E_ITSP2X_ITT2,PC_ENT_CUSE,IE,,NaN,,NaN,,NaN
A,GE10,G,E_ITSP2X_ITT2,PC_ENT_CUSE,IT,,NaN,,NaN,,NaN
A,GE10,G,E_ITSP2X_ITT2,PC_ENT_CUSE,LT,,NaN,,NaN,,NaN
A,GE10,G,E_ITSP2X_ITT2,PC_ENT_CUSE,LU,,NaN,,NaN,,NaN
A,GE10,G,E_ITSP2X_ITT2,PC_ENT_CUSE,LV,,NaN,,NaN,,NaN
A,GE10,G,E_ITSP2X_ITT2,PC_ENT_CUSE,ME,,NaN,,NaN,,NaN
A,GE10,G,E_ITSP2X_ITT2,PC_ENT_CUSE,MK,,NaN,,NaN,,NaN
A,GE10,G,E_ITSP2X_ITT2,PC_ENT_CUSE,MT,,NaN,,NaN,,NaN
A,GE10,G,E_ITSP2X_ITT2,PC_ENT_CUSE,NL,,NaN,,NaN,,NaN
A,GE10,G,E_ITSP2X_ITT2,PC_ENT_CUSE,NO,,NaN,,NaN,,NaN
A,GE10,G,E_ITSP2X_ITT2,PC_ENT_CUSE,PL,,NaN,,NaN,,NaN
A,GE10,G,E_ITSP2X_ITT2,PC_ENT_CUSE,PT,,NaN,,NaN,,NaN
A,GE10,G,E_ITSP2X_ITT2,PC_ENT_CUSE,RO,,NaN,,NaN,,NaN
A,GE10,G,E_ITSP2X_ITT2,PC_ENT_CUSE,RS,,NaN,,NaN,,NaN
A,GE10,G,E_ITSP2X_ITT2,PC_ENT_CUSE,SE,,NaN,,NaN,,NaN
A,GE10,G,E_ITSP2X_ITT2,PC_ENT_CUSE,SI,,NaN,,NaN,,NaN
A,GE10,G,E_ITSP2X_ITT2,PC_ENT_CUSE,SK,,NaN,,NaN,,NaN
A,GE10,G,E_ITSP2X_ITT2,PC_ENT_CUSE,TR,,NaN,,NaN,,NaN
A,GE10,G,E_ITSP2X_ITT2,PC_ENT_CUSE,UK,,NaN,,NaN,,NaN
A,GE10,G,E_ITSP2_ITT2,PC_ENT,AL,,NaN,,u,,NaN
A,GE10,G,E_ITSP2_ITT2,PC_ENT,AT,11.7,NaN,14.58,NaN,11.72,NaN
A,GE10,G,E_ITSP2_ITT2,PC_ENT,BA,7.4,NaN,7.11,NaN,10.87,NaN
A,GE10,G,E_ITSP2_ITT2,PC_ENT,BE,20.89,NaN,22.88,NaN,21.96,NaN
A,GE10,G,E_ITSP2_ITT2,PC_ENT,BG,3.3,NaN,5.71,NaN,6.92,NaN
A,GE10,G,E_ITSP2_ITT2,PC_ENT,CY,14.82,NaN,13.81,NaN,15.06,NaN
A,GE10,G,E_ITSP2_ITT2,PC_ENT,CZ,9.94,NaN,9.73,NaN,11.72,NaN
A,GE10,G,E_ITSP2_ITT2,PC_ENT,DE,13.06,NaN,12.83,NaN,13.34,NaN
A,GE10,G,E_ITSP2_ITT2,PC_ENT,DK,17.37,NaN,22.22,NaN,19.72,NaN
A,GE10,G,E_ITSP2_ITT2,PC_ENT,EA,10.9,NaN,12.35,NaN,11.08,NaN
A,GE10,G,E_ITSP2_ITT2,PC_ENT,EE,7.88,NaN,9.39,NaN,11.46,NaN
A,GE10,G,E_ITSP2_ITT2,PC_ENT,EL,,u,14.81,NaN,8.21,NaN
A,GE10,G,E_ITSP2_ITT2,PC_ENT,ES,10.69,NaN,11.05,NaN,9.97,NaN
A,GE10,G,E_ITSP2_ITT2,PC_ENT,EU15,,NaN,,NaN,,NaN
A,GE10,G,E_ITSP2_ITT2,PC_ENT,EU27_2007,,NaN,,NaN,,NaN
A,GE10,G,E_ITSP2_ITT2,PC_ENT,EU27_2020,10.49,NaN,12.31,NaN,11.89,NaN
A,GE10,G,E_ITSP2_ITT2,PC_ENT,EU28,,NaN,,NaN,,NaN
A,GE10,G,E_ITSP2_ITT2,PC_ENT,FI,15.36,NaN,19.16,NaN,21.02,NaN
A,GE10,G,E_ITSP2_ITT2,PC_ENT,FR,7.39,NaN,9.06,b,5.66,NaN
A,GE10,G,E_ITSP2_ITT2,PC_ENT,HR,9.54,NaN,9.92,NaN,8.69,NaN
A,GE10,G,E_ITSP2_ITT2,PC_ENT,HU,9.63,NaN,12.34,NaN,11.95,NaN
A,GE10,G,E_ITSP2_ITT2,PC_ENT,IE,14.08,NaN,12.01,NaN,11.43,NaN
A,GE10,G,E_ITSP2_ITT2,PC_ENT,IT,6.49,NaN,8.58,NaN,7.6,NaN
A,GE10,G,E_ITSP2_ITT2,PC_ENT,LT,9.88,NaN,10.0,NaN,7.65,NaN
A,GE10,G,E_ITSP2_ITT2,PC_ENT,LU,10.93,NaN,13.39,NaN,14.47,NaN
A,GE10,G,E_ITSP2_ITT2,PC_ENT,LV,10.06,NaN,9.92,NaN,8.06,NaN
A,GE10,G,E_ITSP2_ITT2,PC_ENT,ME,18.62,NaN,12.04,NaN,26.22,NaN
A,GE10,G,E_ITSP2_ITT2,PC_ENT,MK,7.17,NaN,11.27,NaN,,NaN
A,GE10,G,E_ITSP2_ITT2,PC_ENT,MT,15.13,NaN,16.14,NaN,15.13,NaN
A,GE10,G,E_ITSP2_ITT2,PC_ENT,NL,15.53,NaN,21.27,NaN,18.7,NaN
A,GE10,G,E_ITSP2_ITT2,PC_ENT,NO,10.93,NaN,13.81,NaN,21.93,NaN
A,GE10,G,E_ITSP2_ITT2,PC_ENT,PL,10.72,NaN,15.33,NaN,20.43,NaN
A,GE10,G,E_ITSP2_ITT2,PC_ENT,PT,12.36,NaN,11.04,NaN,13.21,NaN
A,GE10,G,E_ITSP2_ITT2,PC_ENT,RO,2.64,NaN,2.86,NaN,5.59,NaN
A,GE10,G,E_ITSP2_ITT2,PC_ENT,RS,6.09,NaN,7.47,NaN,7.28,NaN
A,GE10,G,E_ITSP2_ITT2,PC_ENT,SE,14.91,NaN,18.31,NaN,19.64,b
A,GE10,G,E_ITSP2_ITT2,PC_ENT,SI,13.26,NaN,17.45,NaN,16.61,NaN
A,GE10,G,E_ITSP2_ITT2,PC_ENT,SK,8.54,NaN,10.72,NaN,9.81,NaN
A,GE10,G,E_ITSP2_ITT2,PC_ENT,TR,7.23,NaN,9.85,NaN,7.51,NaN
A,GE10,G,E_ITSP2_ITT2,PC_ENT,UK,11.48,NaN,,NaN,,NaN
A,GE10,G,E_ITSP2_ITT2,PC_ENT_CUSE,AT,,NaN,,NaN,,NaN
A,GE10,G,E_ITSP2_ITT2,PC_ENT_CUSE,BA,,NaN,,NaN,,NaN
A,GE10,G,E_ITSP2_ITT2,PC_ENT_CUSE,BE,,NaN,,NaN,,NaN
A,GE10,G,E_ITSP2_ITT2,PC_ENT_CUSE,BG,,NaN,,NaN,,NaN
A,GE10,G,E_ITSP2_ITT2,PC_ENT_CUSE,CY,,NaN,,NaN,,NaN
A,GE10,G,E_ITSP2_ITT2,PC_ENT_CUSE,CZ,,NaN,,NaN,,NaN
A,GE10,G,E_ITSP2_ITT2,PC_ENT_CUSE,DE,,NaN,,NaN,,NaN
A,GE10,G,E_ITSP2_ITT2,PC_ENT_CUSE,DK,,NaN,,NaN,,NaN
A,GE10,G,E_ITSP2_ITT2,PC_ENT_CUSE,EA,,NaN,,NaN,,NaN
A,GE10,G,E_ITSP2_ITT2,PC_ENT_CUSE,EE,,NaN,,NaN,,NaN
A,GE10,G,E_ITSP2_ITT2,PC_ENT_CUSE,EL,,NaN,,NaN,,NaN
A,GE10,G,E_ITSP2_ITT2,PC_ENT_CUSE,ES,,NaN,,NaN,,NaN
A,GE10,G,E_ITSP2_ITT2,PC_ENT_CUSE,EU15,,NaN,,NaN,,NaN
A,GE10,G,E_ITSP2_ITT2,PC_ENT_CUSE,EU27_2007,,NaN,,NaN,,NaN
A,GE10,G,E_ITSP2_ITT2,PC_ENT_CUSE,EU27_2020,,NaN,,NaN,,NaN
A,GE10,G,E_ITSP2_ITT2,PC_ENT_CUSE,EU28,,NaN,,NaN,,NaN
A,GE10,G,E_ITSP2_ITT2,PC_ENT_CUSE,FI,,NaN,,NaN,,NaN
A,GE10,G,E_ITSP2_ITT2,PC_ENT_CUSE,FR,,NaN,,NaN,,NaN
A,GE10,G,E_ITSP2_ITT2,PC_ENT_CUSE,HR,,NaN,,NaN,,NaN
A,GE10,G,E_ITSP2_ITT2,PC_ENT_CUSE,HU,,NaN,,NaN,,NaN
A,GE10,G,E_ITSP2_ITT2,PC_ENT_CUSE,IE,,NaN,,NaN,,NaN
A,GE10,G,E_ITSP2_ITT2,PC_ENT_CUSE,IT,,NaN,,NaN,,NaN
A,GE10,G,E_ITSP2_ITT2,PC_ENT_CUSE,LT,,NaN,,NaN,,NaN
A,GE10,G,E_ITSP2_ITT2,PC_ENT_CUSE,LU,,NaN,,NaN,,NaN
A,GE10,G,E_ITSP2_ITT2,PC_ENT_CUSE,LV,,NaN,,NaN,,NaN
A,GE10,G,E_ITSP2_ITT2,PC_ENT_CUSE,ME,,NaN,,NaN,,NaN
A,GE10,G,E_ITSP2_ITT2,PC_ENT_CUSE,MK,,NaN,,NaN,,NaN
A,GE10,G,E_ITSP2_ITT2,PC_ENT_CUSE,MT,,NaN,,NaN,,NaN
A,GE10,G,E_ITSP2_ITT2,PC_ENT_CUSE,NL,,NaN,,NaN,,NaN
A,GE10,G,E_ITSP2_ITT2,PC_ENT_CUSE,NO,,NaN,,NaN,,NaN
A,GE10,G,E_ITSP2_ITT2,PC_ENT_CUSE,PL,,NaN,,NaN,,NaN
A,GE10,G,E_ITSP2_ITT2,PC_ENT_CUSE,PT,,NaN,,NaN,,NaN
A,GE10,G,E_ITSP2_ITT2,PC_ENT_CUSE,RO,,NaN,,NaN,,NaN
A,GE10,G,E_ITSP2_ITT2,PC_ENT_CUSE,RS,,NaN,,NaN,,NaN
A,GE10,G,E_ITSP2_ITT2,PC_ENT_CUSE,SE,,NaN,,NaN,,NaN
A,GE10,G,E_ITSP2_ITT2,PC_ENT_CUSE,SI,,NaN,,NaN,,NaN
A,GE10,G,E_ITSP2_ITT2,PC_ENT_CUSE,SK,,NaN,,NaN,,NaN
A,GE10,G,E_ITSP2_ITT2,PC_ENT_CUSE,TR,,NaN,,NaN,,NaN
A,GE10,G,E_ITSP2_ITT2,PC_ENT_CUSE,UK,,NaN,,NaN,,NaN
A,GE10,G,E_ITSPT2,PC_ENT,AL,,NaN,,u,,NaN
A,GE10,G,E_ITSPT2,PC_ENT,AT,8.72,NaN,14.07,NaN,11.16,NaN
A,GE10,G,E_ITSPT2,PC_ENT,BA,6.65,NaN,6.28,NaN,9.64,NaN
A,GE10,G,E_ITSPT2,PC_ENT,BE,15.64,NaN,18.71,NaN,18.03,NaN
A,GE10,G,E_ITSPT2,PC_ENT,BG,2.77,NaN,4.95,NaN,5.84,NaN
A,GE10,G,E_ITSPT2,PC_ENT,CY,9.03,NaN,10.9,NaN,11.46,NaN
A,GE10,G,E_ITSPT2,PC_ENT,CZ,8.73,NaN,7.89,NaN,10.69,NaN
A,GE10,G,E_ITSPT2,PC_ENT,DE,11.23,NaN,10.94,NaN,11.62,NaN
A,GE10,G,E_ITSPT2,PC_ENT,DK,15.43,NaN,19.92,NaN,16.85,NaN
A,GE10,G,E_ITSPT2,PC_ENT,EA,9.17,NaN,10.77,NaN,9.58,NaN
A,GE10,G,E_ITSPT2,PC_ENT,EE,7.24,NaN,8.05,NaN,9.18,NaN
A,GE10,G,E_ITSPT2,PC_ENT,EL,,u,14.64,NaN,9.32,NaN
A,GE10,G,E_ITSPT2,PC_ENT,ES,9.24,NaN,8.75,NaN,8.32,NaN
A,GE10,G,E_ITSPT2,PC_ENT,EU15,,NaN,,NaN,,NaN
A,GE10,G,E_ITSPT2,PC_ENT,EU27_2007,,NaN,,NaN,,NaN
A,GE10,G,E_ITSPT2,PC_ENT,EU27_2020,8.58,NaN,10.22,NaN,10.19,NaN
A,GE10,G,E_ITSPT2,PC_ENT,EU28,,NaN,,NaN,,NaN
A,GE10,G,E_ITSPT2,PC_ENT,FI,11.34,NaN,14.94,NaN,17.61,NaN
A,GE10,G,E_ITSPT2,PC_ENT,FR,5.27,NaN,7.75,b,4.99,NaN
A,GE10,G,E_ITSPT2,PC_ENT,HR,7.77,NaN,7.9,NaN,6.58,NaN
A,GE10,G,E_ITSPT2,PC_ENT,HU,6.43,NaN,7.57,NaN,8.25,NaN
A,GE10,G,E_ITSPT2,PC_ENT,IE,7.77,NaN,5.34,NaN,7.32,NaN
A,GE10,G,E_ITSPT2,PC_ENT,IS,,NaN,,NaN,,NaN
A,GE10,G,E_ITSPT2,PC_ENT,IT,6.57,NaN,9.23,NaN,6.46,NaN
A,GE10,G,E_ITSPT2,PC_ENT,LT,7.12,NaN,7.35,NaN,5.9,NaN
A,GE10,G,E_ITSPT2,PC_ENT,LU,9.89,NaN,11.6,NaN,12.01,NaN
A,GE10,G,E_ITSPT2,PC_ENT,LV,7.1,NaN,7.24,NaN,6.74,NaN
A,GE10,G,E_ITSPT2,PC_ENT,ME,16.36,NaN,9.46,NaN,20.0,NaN
A,GE10,G,E_ITSPT2,PC_ENT,MK,5.86,NaN,10.35,NaN,,NaN
A,GE10,G,E_ITSPT2,PC_ENT,MT,12.65,NaN,11.71,NaN,11.29,NaN
A,GE10,G,E_ITSPT2,PC_ENT,NL,13.74,NaN,20.63,NaN,16.75,NaN
A,GE10,G,E_ITSPT2,PC_ENT,NO,11.17,NaN,11.79,NaN,20.48,NaN
A,GE10,G,E_ITSPT2,PC_ENT,PL,6.9,NaN,8.56,NaN,18.6,NaN
A,GE10,G,E_ITSPT2,PC_ENT,PT,10.04,NaN,8.54,NaN,11.19,NaN
A,GE10,G,E_ITSPT2,PC_ENT,RO,2.22,NaN,3.1,NaN,4.34,NaN
A,GE10,G,E_ITSPT2,PC_ENT,RS,5.52,NaN,6.95,NaN,6.13,NaN
A,GE10,G,E_ITSPT2,PC_ENT,SE,10.16,NaN,13.72,NaN,12.45,b
A,GE10,G,E_ITSPT2,PC_ENT,SI,11.48,NaN,12.03,NaN,13.05,NaN
A,GE10,G,E_ITSPT2,PC_ENT,SK,6.81,NaN,8.18,NaN,8.33,NaN
A,GE10,G,E_ITSPT2,PC_ENT,TR,6.11,NaN,7.09,NaN,5.96,NaN
A,GE10,G,E_ITSPT2,PC_ENT,UK,8.85,NaN,,NaN,,NaN
A,GE10,G,E_ITSPT2,PC_ENT_CUSE,AT,,NaN,,NaN,,NaN
A,GE10,G,E_ITSPT2,PC_ENT_CUSE,BA,,NaN,,NaN,,NaN
A,GE10,G,E_ITSPT2,PC_ENT_CUSE,BE,,NaN,,NaN,,NaN
A,GE10,G,E_ITSPT2,PC_ENT_CUSE,BG,,NaN,,NaN,,NaN
A,GE10,G,E_ITSPT2,PC_ENT_CUSE,CY,,NaN,,NaN,,NaN
A,GE10,G,E_ITSPT2,PC_ENT_CUSE,CZ,,NaN,,NaN,,NaN
A,GE10,G,E_ITSPT2,PC_ENT_CUSE,DE,,NaN,,NaN,,NaN
A,GE10,G,E_ITSPT2,PC_ENT_CUSE,DK,,NaN,,NaN,,NaN
A,GE10,G,E_ITSPT2,PC_ENT_CUSE,EA,,NaN,,NaN,,NaN
A,GE10,G,E_ITSPT2,PC_ENT_CUSE,EE,,NaN,,NaN,,NaN
A,GE10,G,E_ITSPT2,PC_ENT_CUSE,EL,,NaN,,NaN,,NaN
A,GE10,G,E_ITSPT2,PC_ENT_CUSE,ES,,NaN,,NaN,,NaN
A,GE10,G,E_ITSPT2,PC_ENT_CUSE,EU15,,NaN,,NaN,,NaN
A,GE10,G,E_ITSPT2,PC_ENT_CUSE,EU27_2007,,NaN,,NaN,,NaN
A,GE10,G,E_ITSPT2,PC_ENT_CUSE,EU27_2020,,NaN,,NaN,,NaN
A,GE10,G,E_ITSPT2,PC_ENT_CUSE,EU28,,NaN,,NaN,,NaN
A,GE10,G,E_ITSPT2,PC_ENT_CUSE,FI,,NaN,,NaN,,NaN
A,GE10,G,E_ITSPT2,PC_ENT_CUSE,FR,,NaN,,NaN,,NaN
A,GE10,G,E_ITSPT2,PC_ENT_CUSE,HR,,NaN,,NaN,,NaN
A,GE10,G,E_ITSPT2,PC_ENT_CUSE,HU,,NaN,,NaN,,NaN
A,GE10,G,E_ITSPT2,PC_ENT_CUSE,IE,,NaN,,NaN,,NaN
A,GE10,G,E_ITSPT2,PC_ENT_CUSE,IS,,NaN,,NaN,,NaN
A,GE10,G,E_ITSPT2,PC_ENT_CUSE,IT,,NaN,,NaN,,NaN
A,GE10,G,E_ITSPT2,PC_ENT_CUSE,LT,,NaN,,NaN,,NaN
A,GE10,G,E_ITSPT2,PC_ENT_CUSE,LU,,NaN,,NaN,,NaN
A,GE10,G,E_ITSPT2,PC_ENT_CUSE,LV,,NaN,,NaN,,NaN
A,GE10,G,E_ITSPT2,PC_ENT_CUSE,ME,,NaN,,NaN,,NaN
A,GE10,G,E_ITSPT2,PC_ENT_CUSE,MK,,NaN,,NaN,,NaN
A,GE10,G,E_ITSPT2,PC_ENT_CUSE,MT,,NaN,,NaN,,NaN
A,GE10,G,E_ITSPT2,PC_ENT_CUSE,NL,,NaN,,NaN,,NaN
A,GE10,G,E_ITSPT2,PC_ENT_CUSE,NO,,NaN,,NaN,,NaN
A,GE10,G,E_ITSPT2,PC_ENT_CUSE,PL,,NaN,,NaN,,NaN
A,GE10,G,E_ITSPT2,PC_ENT_CUSE,PT,,NaN,,NaN,,NaN
A,GE10,G,E_ITSPT2,PC_ENT_CUSE,RO,,NaN,,NaN,,NaN
A,GE10,G,E_ITSPT2,PC_ENT_CUSE,RS,,NaN,,NaN,,NaN
A,GE10,G,E_ITSPT2,PC_ENT_CUSE,SE,,NaN,,NaN,,NaN
A,GE10,G,E_ITSPT2,PC_ENT_CUSE,SI,,NaN,,NaN,,NaN
A,GE10,G,E_ITSPT2,PC_ENT_CUSE,SK,,NaN,,NaN,,NaN
A,GE10,G,E_ITSPT2,PC_ENT_CUSE,TR,,NaN,,NaN,,NaN
A,GE10,G,E_ITSPT2,PC_ENT_CUSE,UK,,NaN,,NaN,,NaN
A,GE10,G,E_ITT2,PC_ENT,AL,,NaN,,u,,NaN
A,GE10,G,E_ITT2,PC_ENT,AT,17.43,NaN,22.01,NaN,19.51,NaN
A,GE10,G,E_ITT2,PC_ENT,BA,14.48,NaN,14.39,NaN,20.5,NaN
A,GE10,G,E_ITT2,PC_ENT,BE,32.64,NaN,33.55,NaN,36.97,NaN
A,GE10,G,E_ITT2,PC_ENT,BG,4.43,NaN,7.99,NaN,9.12,NaN
A,GE10,G,E_ITT2,PC_ENT,CY,23.87,NaN,25.26,NaN,26.3,NaN
A,GE10,G,E_ITT2,PC_ENT,CZ,24.31,NaN,20.14,NaN,28.56,NaN
A,GE10,G,E_ITT2,PC_ENT,DE,23.2,NaN,26.48,NaN,24.15,NaN
A,GE10,G,E_ITT2,PC_ENT,DK,30.99,NaN,35.29,NaN,35.78,NaN
A,GE10,G,E_ITT2,PC_ENT,EA,19.69,NaN,23.39,NaN,20.69,NaN
A,GE10,G,E_ITT2,PC_ENT,EE,15.24,NaN,20.03,NaN,22.44,NaN
A,GE10,G,E_ITT2,PC_ENT,EL,,u,22.43,NaN,14.86,NaN
A,GE10,G,E_ITT2,PC_ENT,ES,20.72,NaN,22.76,NaN,22.02,NaN
A,GE10,G,E_ITT2,PC_ENT,EU15,,NaN,,NaN,,NaN
A,GE10,G,E_ITT2,PC_ENT,EU27_2007,,NaN,,NaN,,NaN
A,GE10,G,E_ITT2,PC_ENT,EU27_2020,19.14,NaN,23.11,NaN,21.7,NaN
A,GE10,G,E_ITT2,PC_ENT,EU28,,NaN,,NaN,,NaN
A,GE10,G,E_ITT2,PC_ENT,FI,36.78,NaN,48.37,NaN,42.6,NaN
A,GE10,G,E_ITT2,PC_ENT,FR,11.73,NaN,13.6,b,10.59,NaN
A,GE10,G,E_ITT2,PC_ENT,HR,25.05,NaN,21.6,NaN,22.8,NaN
A,GE10,G,E_ITT2,PC_ENT,HU,14.17,NaN,17.83,NaN,19.17,NaN
A,GE10,G,E_ITT2,PC_ENT,IE,20.08,NaN,22.16,NaN,19.41,NaN
A,GE10,G,E_ITT2,PC_ENT,IS,,NaN,,NaN,,NaN
A,GE10,G,E_ITT2,PC_ENT,IT,15.4,NaN,21.47,NaN,17.12,NaN
A,GE10,G,E_ITT2,PC_ENT,LT,15.49,NaN,16.15,NaN,13.09,NaN
A,GE10,G,E_ITT2,PC_ENT,LU,21.32,NaN,19.49,NaN,25.44,NaN
A,GE10,G,E_ITT2,PC_ENT,LV,16.34,NaN,15.62,NaN,15.77,NaN
A,GE10,G,E_ITT2,PC_ENT,ME,26.89,NaN,18.25,NaN,35.66,NaN
A,GE10,G,E_ITT2,PC_ENT,MK,13.43,NaN,14.89,NaN,,NaN
A,GE10,G,E_ITT2,PC_ENT,MT,26.1,NaN,23.6,NaN,25.12,NaN
A,GE10,G,E_ITT2,PC_ENT,NL,23.48,NaN,28.81,NaN,25.14,NaN
A,GE10,G,E_ITT2,PC_ENT,NO,29.92,NaN,31.95,NaN,34.08,NaN
A,GE10,G,E_ITT2,PC_ENT,PL,18.62,NaN,26.67,NaN,33.51,NaN
A,GE10,G,E_ITT2,PC_ENT,PT,25.76,NaN,26.3,NaN,27.17,NaN
A,GE10,G,E_ITT2,PC_ENT,RO,4.95,NaN,7.08,NaN,7.79,NaN
A,GE10,G,E_ITT2,PC_ENT,RS,13.16,NaN,15.7,NaN,14.77,NaN
A,GE10,G,E_ITT2,PC_ENT,SE,33.45,NaN,40.35,NaN,34.88,b
A,GE10,G,E_ITT2,PC_ENT,SI,30.0,NaN,34.84,NaN,32.54,NaN
A,GE10,G,E_ITT2,PC_ENT,SK,15.19,NaN,15.54,NaN,19.87,NaN
A,GE10,G,E_ITT2,PC_ENT,TR,12.02,NaN,18.21,NaN,14.4,NaN
A,GE10,G,E_ITT2,PC_ENT,UK,19.77,NaN,,NaN,,NaN
A,GE10,G,E_ITT2,PC_ENT_CUSE,AT,,NaN,,NaN,,NaN
A,GE10,G,E_ITT2,PC_ENT_CUSE,BA,,NaN,,NaN,,NaN
A,GE10,G,E_ITT2,PC_ENT_CUSE,BE,,NaN,,NaN,,NaN
A,GE10,G,E_ITT2,PC_ENT_CUSE,BG,,NaN,,NaN,,NaN
A,GE10,G,E_ITT2,PC_ENT_CUSE,CY,,NaN,,NaN,,NaN
A,GE10,G,E_ITT2,PC_ENT_CUSE,CZ,,NaN,,NaN,,NaN
A,GE10,G,E_ITT2,PC_ENT_CUSE,DE,,NaN,,NaN,,NaN
A,GE10,G,E_ITT2,PC_ENT_CUSE,DK,,NaN,,NaN,,NaN
A,GE10,G,E_ITT2,PC_ENT_CUSE,EA,,NaN,,NaN,,NaN
A,GE10,G,E_ITT2,PC_ENT_CUSE,EE,,NaN,,NaN,,NaN
A,GE10,G,E_ITT2,PC_ENT_CUSE,EL,,NaN,,NaN,,NaN
A,GE10,G,E_ITT2,PC_ENT_CUSE,ES,,NaN,,NaN,,NaN
A,GE10,G,E_ITT2,PC_ENT_CUSE,EU15,,NaN,,NaN,,NaN
A,GE10,G,E_ITT2,PC_ENT_CUSE,EU27_2007,,NaN,,NaN,,NaN
A,GE10,G,E_ITT2,PC_ENT_CUSE,EU27_2020,,NaN,,NaN,,NaN
A,GE10,G,E_ITT2,PC_ENT_CUSE,EU28,,NaN,,NaN,,NaN
A,GE10,G,E_ITT2,PC_ENT_CUSE,FI,,NaN,,NaN,,NaN
A,GE10,G,E_ITT2,PC_ENT_CUSE,FR,,NaN,,NaN,,NaN
A,GE10,G,E_ITT2,PC_ENT_CUSE,HR,,NaN,,NaN,,NaN
A,GE10,G,E_ITT2,PC_ENT_CUSE,HU,,NaN,,NaN,,NaN
A,GE10,G,E_ITT2,PC_ENT_CUSE,IE,,NaN,,NaN,,NaN
A,GE10,G,E_ITT2,PC_ENT_CUSE,IS,,NaN,,NaN,,NaN
A,GE10,G,E_ITT2,PC_ENT_CUSE,IT,,NaN,,NaN,,NaN
A,GE10,G,E_ITT2,PC_ENT_CUSE,LT,,NaN,,NaN,,NaN
A,GE10,G,E_ITT2,PC_ENT_CUSE,LU,,NaN,,NaN,,NaN
A,GE10,G,E_ITT2,PC_ENT_CUSE,LV,,NaN,,NaN,,NaN
A,GE10,G,E_ITT2,PC_ENT_CUSE,ME,,NaN,,NaN,,NaN
A,GE10,G,E_ITT2,PC_ENT_CUSE,MK,,NaN,,NaN,,NaN
A,GE10,G,E_ITT2,PC_ENT_CUSE,MT,,NaN,,NaN,,NaN
A,GE10,G,E_ITT2,PC_ENT_CUSE,NL,,NaN,,NaN,,NaN
A,GE10,G,E_ITT2,PC_ENT_CUSE,NO,,NaN,,NaN,,NaN
A,GE10,G,E_ITT2,PC_ENT_CUSE,PL,,NaN,,NaN,,NaN
A,GE10,G,E_ITT2,PC_ENT_CUSE,PT,,NaN,,NaN,,NaN
A,GE10,G,E_ITT2,PC_ENT_CUSE,RO,,NaN,,NaN,,NaN
A,GE10,G,E_ITT2,PC_ENT_CUSE,RS,,NaN,,NaN,,NaN
A,GE10,G,E_ITT2,PC_ENT_CUSE,SE,,NaN,,NaN,,NaN
A,GE10,G,E_ITT2,PC_ENT_CUSE,SI,,NaN,,NaN,,NaN
A,GE10,G,E_ITT2,PC_ENT_CUSE,SK,,NaN,,NaN,,NaN
A,GE10,G,E_ITT2,PC_ENT_CUSE,TR,,NaN,,NaN,,NaN
A,GE10,G,E_ITT2,PC_ENT_CUSE,UK,,NaN,,NaN,,NaN
A,GE10,G,E_ITUST2,PC_ENT,AL,,NaN,,u,,NaN
A,GE10,G,E_ITUST2,PC_ENT,AT,15.03,NaN,15.18,NaN,16.13,NaN
A,GE10,G,E_ITUST2,PC_ENT,BA,11.84,NaN,11.66,NaN,17.86,NaN
A,GE10,G,E_ITUST2,PC_ENT,BE,30.62,NaN,30.23,NaN,34.67,NaN
A,GE10,G,E_ITUST2,PC_ENT,BG,3.25,NaN,5.53,NaN,6.5,NaN
A,GE10,G,E_ITUST2,PC_ENT,CY,20.71,NaN,22.38,NaN,23.71,NaN
A,GE10,G,E_ITUST2,PC_ENT,CZ,24.31,NaN,17.98,NaN,26.08,NaN
A,GE10,G,E_ITUST2,PC_ENT,DE,20.42,NaN,24.91,NaN,21.73,NaN
A,GE10,G,E_ITUST2,PC_ENT,DK,25.26,NaN,30.29,NaN,32.16,NaN
A,GE10,G,E_ITUST2,PC_ENT,EA,16.91,NaN,20.59,NaN,18.08,NaN
A,GE10,G,E_ITUST2,PC_ENT,EE,12.34,NaN,18.09,NaN,20.45,NaN
A,GE10,G,E_ITUST2,PC_ENT,EL,,u,17.7,NaN,11.85,NaN
A,GE10,G,E_ITUST2,PC_ENT,ES,17.24,NaN,19.79,NaN,19.86,NaN
A,GE10,G,E_ITUST2,PC_ENT,EU15,,NaN,,NaN,,NaN
A,GE10,G,E_ITUST2,PC_ENT,EU27_2007,,NaN,,NaN,,NaN
A,GE10,G,E_ITUST2,PC_ENT,EU27_2020,16.66,NaN,20.47,NaN,18.87,NaN
A,GE10,G,E_ITUST2,PC_ENT,EU28,,NaN,,NaN,,NaN
A,GE10,G,E_ITUST2,PC_ENT,FI,35.66,NaN,45.05,NaN,39.12,NaN
A,GE10,G,E_ITUST2,PC_ENT,FR,9.99,NaN,10.59,b,8.32,NaN
A,GE10,G,E_ITUST2,PC_ENT,HR,23.93,NaN,19.52,NaN,20.4,NaN
A,GE10,G,E_ITUST2,PC_ENT,HU,12.25,NaN,14.36,NaN,16.63,NaN
A,GE10,G,E_ITUST2,PC_ENT,IE,18.16,NaN,20.03,NaN,16.58,NaN
A,GE10,G,E_ITUST2,PC_ENT,IS,,NaN,,NaN,,NaN
A,GE10,G,E_ITUST2,PC_ENT,IT,12.33,NaN,18.07,NaN,14.77,NaN
A,GE10,G,E_ITUST2,PC_ENT,LT,13.22,NaN,14.76,NaN,12.06,NaN
A,GE10,G,E_ITUST2,PC_ENT,LU,19.2,NaN,17.35,NaN,22.26,NaN
A,GE10,G,E_ITUST2,PC_ENT,LV,14.78,NaN,13.54,NaN,13.72,NaN
A,GE10,G,E_ITUST2,PC_ENT,ME,,u,12.58,NaN,22.22,NaN
A,GE10,G,E_ITUST2,PC_ENT,MK,11.55,NaN,11.63,NaN,,NaN
A,GE10,G,E_ITUST2,PC_ENT,MT,21.9,NaN,20.22,NaN,23.88,NaN
A,GE10,G,E_ITUST2,PC_ENT,NL,18.65,NaN,23.73,NaN,19.99,NaN
A,GE10,G,E_ITUST2,PC_ENT,NO,28.48,NaN,29.76,NaN,32.46,NaN
A,GE10,G,E_ITUST2,PC_ENT,PL,17.04,NaN,25.15,NaN,27.52,NaN
A,GE10,G,E_ITUST2,PC_ENT,PT,22.36,NaN,25.05,NaN,23.96,NaN
A,GE10,G,E_ITUST2,PC_ENT,RO,4.44,NaN,5.88,NaN,6.56,NaN
A,GE10,G,E_ITUST2,PC_ENT,RS,12.83,NaN,12.13,NaN,13.52,NaN
A,GE10,G,E_ITUST2,PC_ENT,SE,31.46,NaN,38.18,NaN,32.47,b
A,GE10,G,E_ITUST2,PC_ENT,SI,26.9,NaN,33.27,NaN,29.23,NaN
A,GE10,G,E_ITUST2,PC_ENT,SK,13.58,NaN,13.44,NaN,16.55,NaN
A,GE10,G,E_ITUST2,PC_ENT,TR,9.77,NaN,16.45,NaN,13.22,NaN
A,GE10,G,E_ITUST2,PC_ENT,UK,17.15,NaN,,NaN,,NaN
A,GE10,G,E_ITUST2,PC_ENT_CUSE,AT,,NaN,,NaN,,NaN
A,GE10,G,E_ITUST2,PC_ENT_CUSE,BA,,NaN,,NaN,,NaN
A,GE10,G,E_ITUST2,PC_ENT_CUSE,BE,,NaN,,NaN,,NaN
A,GE10,G,E_ITUST2,PC_ENT_CUSE,BG,,NaN,,NaN,,NaN
A,GE10,G,E_ITUST2,PC_ENT_CUSE,CY,,NaN,,NaN,,NaN
A,GE10,G,E_ITUST2,PC_ENT_CUSE,CZ,,NaN,,NaN,,NaN
A,GE10,G,E_ITUST2,PC_ENT_CUSE,DE,,NaN,,NaN,,NaN
A,GE10,G,E_ITUST2,PC_ENT_CUSE,DK,,NaN,,NaN,,NaN
A,GE10,G,E_ITUST2,PC_ENT_CUSE,EA,,NaN,,NaN,,NaN
A,GE10,G,E_ITUST2,PC_ENT_CUSE,EE,,NaN,,NaN,,NaN
A,GE10,G,E_ITUST2,PC_ENT_CUSE,EL,,NaN,,NaN,,NaN
A,GE10,G,E_ITUST2,PC_ENT_CUSE,ES,,NaN,,NaN,,NaN
A,GE10,G,E_ITUST2,PC_ENT_CUSE,EU15,,NaN,,NaN,,NaN
A,GE10,G,E_ITUST2,PC_ENT_CUSE,EU27_2007,,NaN,,NaN,,NaN
A,GE10,G,E_ITUST2,PC_ENT_CUSE,EU27_2020,,NaN,,NaN,,NaN
A,GE10,G,E_ITUST2,PC_ENT_CUSE,EU28,,NaN,,NaN,,NaN
A,GE10,G,E_ITUST2,PC_ENT_CUSE,FI,,NaN,,NaN,,NaN
A,GE10,G,E_ITUST2,PC_ENT_CUSE,FR,,NaN,,NaN,,NaN
A,GE10,G,E_ITUST2,PC_ENT_CUSE,HR,,NaN,,NaN,,NaN
A,GE10,G,E_ITUST2,PC_ENT_CUSE,HU,,NaN,,NaN,,NaN
A,GE10,G,E_ITUST2,PC_ENT_CUSE,IE,,NaN,,NaN,,NaN
A,GE10,G,E_ITUST2,PC_ENT_CUSE,IS,,NaN,,NaN,,NaN
A,GE10,G,E_ITUST2,PC_ENT_CUSE,IT,,NaN,,NaN,,NaN
A,GE10,G,E_ITUST2,PC_ENT_CUSE,LT,,NaN,,NaN,,NaN
A,GE10,G,E_ITUST2,PC_ENT_CUSE,LU,,NaN,,NaN,,NaN
A,GE10,G,E_ITUST2,PC_ENT_CUSE,LV,,NaN,,NaN,,NaN
A,GE10,G,E_ITUST2,PC_ENT_CUSE,ME,,NaN,,NaN,,NaN
A,GE10,G,E_ITUST2,PC_ENT_CUSE,MK,,NaN,,NaN,,NaN
A,GE10,G,E_ITUST2,PC_ENT_CUSE,MT,,NaN,,NaN,,NaN
A,GE10,G,E_ITUST2,PC_ENT_CUSE,NL,,NaN,,NaN,,NaN
A,GE10,G,E_ITUST2,PC_ENT_CUSE,NO,,NaN,,NaN,,NaN
A,GE10,G,E_ITUST2,PC_ENT_CUSE,PL,,NaN,,NaN,,NaN
A,GE10,G,E_ITUST2,PC_ENT_CUSE,PT,,NaN,,NaN,,NaN
A,GE10,G,E_ITUST2,PC_ENT_CUSE,RO,,NaN,,NaN,,NaN
A,GE10,G,E_ITUST2,PC_ENT_CUSE,RS,,NaN,,NaN,,NaN
A,GE10,G,E_ITUST2,PC_ENT_CUSE,SE,,NaN,,NaN,,NaN
A,GE10,G,E_ITUST2,PC_ENT_CUSE,SI,,NaN,,NaN,,NaN
A,GE10,G,E_ITUST2,PC_ENT_CUSE,SK,,NaN,,NaN,,NaN
A,GE10,G,E_ITUST2,PC_ENT_CUSE,TR,,NaN,,NaN,,NaN
A,GE10,G,E_ITUST2,PC_ENT_CUSE,UK,,NaN,,NaN,,NaN
A,GE10,G45,E_ITSP2X_ITT2,PC_ENT,AT,8.62,NaN,3.67,NaN,7.24,NaN
A,GE10,G45,E_ITSP2X_ITT2,PC_ENT,BA,,u,,u,,u
A,GE10,G45,E_ITSP2X_ITT2,PC_ENT,BE,,u,,u,8.74,NaN
A,GE10,G45,E_ITSP2X_ITT2,PC_ENT,BG,,u,,u,,u
A,GE10,G45,E_ITSP2X_ITT2,PC_ENT,CY,2.77,NaN,7.08,NaN,8.12,NaN
A,GE10,G45,E_ITSP2X_ITT2,PC_ENT,CZ,11.22,NaN,18.85,NaN,18.2,NaN
A,GE10,G45,E_ITSP2X_ITT2,PC_ENT,DE,12.2,NaN,16.06,NaN,12.93,NaN
A,GE10,G45,E_ITSP2X_ITT2,PC_ENT,DK,15.37,NaN,11.72,NaN,12.73,NaN
A,GE10,G45,E_ITSP2X_ITT2,PC_ENT,EA,9.91,NaN,12.64,NaN,10.54,NaN
A,GE10,G45,E_ITSP2X_ITT2,PC_ENT,EE,7.69,NaN,5.48,NaN,6.69,NaN
A,GE10,G45,E_ITSP2X_ITT2,PC_ENT,EL,,u,11.66,NaN,4.83,NaN
A,GE10,G45,E_ITSP2X_ITT2,PC_ENT,ES,11.69,NaN,12.02,NaN,16.53,NaN
A,GE10,G45,E_ITSP2X_ITT2,PC_ENT,EU15,,NaN,,NaN,,NaN
A,GE10,G45,E_ITSP2X_ITT2,PC_ENT,EU27_2007,,NaN,,NaN,,NaN
A,GE10,G45,E_ITSP2X_ITT2,PC_ENT,EU27_2020,10.26,NaN,12.39,NaN,10.71,NaN
A,GE10,G45,E_ITSP2X_ITT2,PC_ENT,EU28,,NaN,,NaN,,NaN
A,GE10,G45,E_ITSP2X_ITT2,PC_ENT,FI,,u,,u,,u
A,GE10,G45,E_ITSP2X_ITT2,PC_ENT,FR,6.38,NaN,5.86,b,6.29,NaN
A,GE10,G45,E_ITSP2X_ITT2,PC_ENT,HR,39.93,NaN,20.11,NaN,14.4,NaN
A,GE10,G45,E_ITSP2X_ITT2,PC_ENT,HU,8.15,NaN,3.72,NaN,8.55,NaN
A,GE10,G45,E_ITSP2X_ITT2,PC_ENT,IE,13.77,NaN,11.47,NaN,9.81,NaN
A,GE10,G45,E_ITSP2X_ITT2,PC_ENT,IT,,u,,u,,u
A,GE10,G45,E_ITSP2X_ITT2,PC_ENT,LT,2.42,NaN,4.99,NaN,8.13,NaN
A,GE10,G45,E_ITSP2X_ITT2,PC_ENT,LU,,u,,u,,u
A,GE10,G45,E_ITSP2X_ITT2,PC_ENT,LV,5.63,NaN,8.27,NaN,5.85,NaN
A,GE10,G45,E_ITSP2X_ITT2,PC_ENT,ME,,u,36.76,NaN,,NaN
A,GE10,G45,E_ITSP2X_ITT2,PC_ENT,MK,,u,,u,,NaN
A,GE10,G45,E_ITSP2X_ITT2,PC_ENT,MT,23.51,NaN,3.54,NaN,0.0,NaN
A,GE10,G45,E_ITSP2X_ITT2,PC_ENT,NL,1.27,NaN,5.59,NaN,5.19,NaN
A,GE10,G45,E_ITSP2X_ITT2,PC_ENT,NO,26.73,NaN,12.95,NaN,12.41,NaN
A,GE10,G45,E_ITSP2X_ITT2,PC_ENT,PL,11.74,NaN,11.55,NaN,14.81,NaN
A,GE10,G45,E_ITSP2X_ITT2,PC_ENT,PT,8.5,NaN,,u,12.35,NaN
A,GE10,G45,E_ITSP2X_ITT2,PC_ENT,RO,5.2,NaN,3.33,NaN,1.17,NaN
A,GE10,G45,E_ITSP2X_ITT2,PC_ENT,RS,18.15,NaN,25.02,NaN,2.5,NaN
A,GE10,G45,E_ITSP2X_ITT2,PC_ENT,SE,24.29,NaN,22.83,NaN,15.99,b
A,GE10,G45,E_ITSP2X_ITT2,PC_ENT,SI,22.76,NaN,14.81,NaN,24.19,NaN
A,GE10,G45,E_ITSP2X_ITT2,PC_ENT,SK,4.79,NaN,8.73,NaN,6.77,NaN
A,GE10,G45,E_ITSP2X_ITT2,PC_ENT,TR,5.51,NaN,8.77,NaN,13.13,NaN
A,GE10,G45,E_ITSP2X_ITT2,PC_ENT,UK,10.05,NaN,,NaN,,NaN
A,GE10,G45,E_ITSP2X_ITT2,PC_ENT_CUSE,AT,,NaN,,NaN,,NaN
A,GE10,G45,E_ITSP2X_ITT2,PC_ENT_CUSE,BA,,NaN,,NaN,,NaN
A,GE10,G45,E_ITSP2X_ITT2,PC_ENT_CUSE,BE,,NaN,,NaN,,NaN
A,GE10,G45,E_ITSP2X_ITT2,PC_ENT_CUSE,BG,,NaN,,NaN,,NaN
A,GE10,G45,E_ITSP2X_ITT2,PC_ENT_CUSE,CY,,NaN,,NaN,,NaN
A,GE10,G45,E_ITSP2X_ITT2,PC_ENT_CUSE,CZ,,NaN,,NaN,,NaN
A,GE10,G45,E_ITSP2X_ITT2,PC_ENT_CUSE,DE,,NaN,,NaN,,NaN
A,GE10,G45,E_ITSP2X_ITT2,PC_ENT_CUSE,DK,,NaN,,NaN,,NaN
A,GE10,G45,E_ITSP2X_ITT2,PC_ENT_CUSE,EA,,NaN,,NaN,,NaN
A,GE10,G45,E_ITSP2X_ITT2,PC_ENT_CUSE,EE,,NaN,,NaN,,NaN
A,GE10,G45,E_ITSP2X_ITT2,PC_ENT_CUSE,EL,,NaN,,NaN,,NaN
A,GE10,G45,E_ITSP2X_ITT2,PC_ENT_CUSE,ES,,NaN,,NaN,,NaN
A,GE10,G45,E_ITSP2X_ITT2,PC_ENT_CUSE,EU15,,NaN,,NaN,,NaN
A,GE10,G45,E_ITSP2X_ITT2,PC_ENT_CUSE,EU27_2007,,NaN,,NaN,,NaN
A,GE10,G45,E_ITSP2X_ITT2,PC_ENT_CUSE,EU27_2020,,NaN,,NaN,,NaN
A,GE10,G45,E_ITSP2X_ITT2,PC_ENT_CUSE,EU28,,NaN,,NaN,,NaN
A,GE10,G45,E_ITSP2X_ITT2,PC_ENT_CUSE,FI,,NaN,,NaN,,NaN
A,GE10,G45,E_ITSP2X_ITT2,PC_ENT_CUSE,FR,,NaN,,NaN,,NaN
A,GE10,G45,E_ITSP2X_ITT2,PC_ENT_CUSE,HR,,NaN,,NaN,,NaN
A,GE10,G45,E_ITSP2X_ITT2,PC_ENT_CUSE,HU,,NaN,,NaN,,NaN
A,GE10,G45,E_ITSP2X_ITT2,PC_ENT_CUSE,IE,,NaN,,NaN,,NaN
A,GE10,G45,E_ITSP2X_ITT2,PC_ENT_CUSE,IT,,NaN,,NaN,,NaN
A,GE10,G45,E_ITSP2X_ITT2,PC_ENT_CUSE,LT,,NaN,,NaN,,NaN
A,GE10,G45,E_ITSP2X_ITT2,PC_ENT_CUSE,LU,,NaN,,NaN,,NaN
A,GE10,G45,E_ITSP2X_ITT2,PC_ENT_CUSE,LV,,NaN,,NaN,,NaN
A,GE10,G45,E_ITSP2X_ITT2,PC_ENT_CUSE,ME,,NaN,,NaN,,NaN
A,GE10,G45,E_ITSP2X_ITT2,PC_ENT_CUSE,MK,,NaN,,NaN,,NaN
A,GE10,G45,E_ITSP2X_ITT2,PC_ENT_CUSE,MT,,NaN,,NaN,,NaN
A,GE10,G45,E_ITSP2X_ITT2,PC_ENT_CUSE,NL,,NaN,,NaN,,NaN
A,GE10,G45,E_ITSP2X_ITT2,PC_ENT_CUSE,NO,,NaN,,NaN,,NaN
A,GE10,G45,E_ITSP2X_ITT2,PC_ENT_CUSE,PL,,NaN,,NaN,,NaN
A,GE10,G45,E_ITSP2X_ITT2,PC_ENT_CUSE,PT,,NaN,,NaN,,NaN
A,GE10,G45,E_ITSP2X_ITT2,PC_ENT_CUSE,RO,,NaN,,NaN,,NaN
A,GE10,G45,E_ITSP2X_ITT2,PC_ENT_CUSE,RS,,NaN,,NaN,,NaN
A,GE10,G45,E_ITSP2X_ITT2,PC_ENT_CUSE,SE,,NaN,,NaN,,NaN
A,GE10,G45,E_ITSP2X_ITT2,PC_ENT_CUSE,SI,,NaN,,NaN,,NaN
A,GE10,G45,E_ITSP2X_ITT2,PC_ENT_CUSE,SK,,NaN,,NaN,,NaN
A,GE10,G45,E_ITSP2X_ITT2,PC_ENT_CUSE,TR,,NaN,,NaN,,NaN
A,GE10,G45,E_ITSP2X_ITT2,PC_ENT_CUSE,UK,,NaN,,NaN,,NaN
A,GE10,G45,E_ITSP2_ITT2,PC_ENT,AT,5.94,NaN,8.61,NaN,6.39,NaN
A,GE10,G45,E_ITSP2_ITT2,PC_ENT,BA,,u,,u,8.99,NaN
A,GE10,G45,E_ITSP2_ITT2,PC_ENT,BE,,u,,u,,u
A,GE10,G45,E_ITSP2_ITT2,PC_ENT,BG,4.28,NaN,4.2,NaN,4.55,NaN
A,GE10,G45,E_ITSP2_ITT2,PC_ENT,CY,23.67,NaN,13.04,NaN,14.12,NaN
A,GE10,G45,E_ITSP2_ITT2,PC_ENT,CZ,10.54,NaN,11.9,NaN,8.05,NaN
A,GE10,G45,E_ITSP2_ITT2,PC_ENT,DE,9.85,NaN,10.46,NaN,10.89,NaN
A,GE10,G45,E_ITSP2_ITT2,PC_ENT,DK,8.79,NaN,14.91,NaN,12.14,NaN
A,GE10,G45,E_ITSP2_ITT2,PC_ENT,EA,8.69,NaN,10.03,NaN,8.86,NaN
A,GE10,G45,E_ITSP2_ITT2,PC_ENT,EE,5.53,NaN,7.87,NaN,8.19,NaN
A,GE10,G45,E_ITSP2_ITT2,PC_ENT,EL,,u,18.88,NaN,4.97,NaN
A,GE10,G45,E_ITSP2_ITT2,PC_ENT,ES,12.33,NaN,9.64,NaN,6.99,NaN
A,GE10,G45,E_ITSP2_ITT2,PC_ENT,EU15,,NaN,,NaN,,NaN
A,GE10,G45,E_ITSP2_ITT2,PC_ENT,EU27_2007,,NaN,,NaN,,NaN
A,GE10,G45,E_ITSP2_ITT2,PC_ENT,EU27_2020,8.75,NaN,10.39,NaN,9.43,NaN
A,GE10,G45,E_ITSP2_ITT2,PC_ENT,EU28,,NaN,,NaN,,NaN
A,GE10,G45,E_ITSP2_ITT2,PC_ENT,FI,,u,,u,,u
A,GE10,G45,E_ITSP2_ITT2,PC_ENT,FR,4.82,NaN,8.17,b,7.35,NaN
A,GE10,G45,E_ITSP2_ITT2,PC_ENT,HR,4.48,NaN,8.18,NaN,6.21,NaN
A,GE10,G45,E_ITSP2_ITT2,PC_ENT,HU,10.15,NaN,12.31,NaN,11.21,NaN
A,GE10,G45,E_ITSP2_ITT2,PC_ENT,IE,13.55,NaN,10.31,NaN,4.26,NaN
A,GE10,G45,E_ITSP2_ITT2,PC_ENT,IT,,u,,u,,u
A,GE10,G45,E_ITSP2_ITT2,PC_ENT,LT,8.93,NaN,4.99,NaN,3.63,NaN
A,GE10,G45,E_ITSP2_ITT2,PC_ENT,LU,,u,,u,,u
A,GE10,G45,E_ITSP2_ITT2,PC_ENT,LV,7.82,NaN,3.58,NaN,8.83,NaN
A,GE10,G45,E_ITSP2_ITT2,PC_ENT,ME,,u,0.0,NaN,23.49,NaN
A,GE10,G45,E_ITSP2_ITT2,PC_ENT,MK,0.0,NaN,,u,,NaN
A,GE10,G45,E_ITSP2_ITT2,PC_ENT,MT,16.0,NaN,26.39,NaN,26.59,NaN
A,GE10,G45,E_ITSP2_ITT2,PC_ENT,NL,7.64,NaN,14.21,NaN,12.02,NaN
A,GE10,G45,E_ITSP2_ITT2,PC_ENT,NO,8.51,NaN,13.08,NaN,17.46,NaN
A,GE10,G45,E_ITSP2_ITT2,PC_ENT,PL,12.19,NaN,14.42,NaN,17.13,NaN
A,GE10,G45,E_ITSP2_ITT2,PC_ENT,PT,9.61,NaN,13.17,NaN,8.6,NaN
A,GE10,G45,E_ITSP2_ITT2,PC_ENT,RO,1.29,NaN,4.99,NaN,7.31,NaN
A,GE10,G45,E_ITSP2_ITT2,PC_ENT,RS,6.07,NaN,8.22,NaN,4.86,NaN
A,GE10,G45,E_ITSP2_ITT2,PC_ENT,SE,14.77,NaN,17.06,NaN,12.92,b
A,GE10,G45,E_ITSP2_ITT2,PC_ENT,SI,11.14,NaN,14.63,NaN,9.87,NaN
A,GE10,G45,E_ITSP2_ITT2,PC_ENT,SK,7.13,NaN,2.91,NaN,7.98,NaN
A,GE10,G45,E_ITSP2_ITT2,PC_ENT,TR,10.28,NaN,10.56,NaN,10.91,NaN
A,GE10,G45,E_ITSP2_ITT2,PC_ENT,UK,9.38,NaN,,NaN,,NaN
A,GE10,G45,E_ITSP2_ITT2,PC_ENT_CUSE,AT,,NaN,,NaN,,NaN
A,GE10,G45,E_ITSP2_ITT2,PC_ENT_CUSE,BA,,NaN,,NaN,,NaN
A,GE10,G45,E_ITSP2_ITT2,PC_ENT_CUSE,BE,,NaN,,NaN,,NaN
A,GE10,G45,E_ITSP2_ITT2,PC_ENT_CUSE,BG,,NaN,,NaN,,NaN
A,GE10,G45,E_ITSP2_ITT2,PC_ENT_CUSE,CY,,NaN,,NaN,,NaN
A,GE10,G45,E_ITSP2_ITT2,PC_ENT_CUSE,CZ,,NaN,,NaN,,NaN
A,GE10,G45,E_ITSP2_ITT2,PC_ENT_CUSE,DE,,NaN,,NaN,,NaN
A,GE10,G45,E_ITSP2_ITT2,PC_ENT_CUSE,DK,,NaN,,NaN,,NaN
A,GE10,G45,E_ITSP2_ITT2,PC_ENT_CUSE,EA,,NaN,,NaN,,NaN
A,GE10,G45,E_ITSP2_ITT2,PC_ENT_CUSE,EE,,NaN,,NaN,,NaN
A,GE10,G45,E_ITSP2_ITT2,PC_ENT_CUSE,EL,,NaN,,NaN,,NaN
A,GE10,G45,E_ITSP2_ITT2,PC_ENT_CUSE,ES,,NaN,,NaN,,NaN
A,GE10,G45,E_ITSP2_ITT2,PC_ENT_CUSE,EU15,,NaN,,NaN,,NaN
A,GE10,G45,E_ITSP2_ITT2,PC_ENT_CUSE,EU27_2007,,NaN,,NaN,,NaN
A,GE10,G45,E_ITSP2_ITT2,PC_ENT_CUSE,EU27_2020,,NaN,,NaN,,NaN
A,GE10,G45,E_ITSP2_ITT2,PC_ENT_CUSE,EU28,,NaN,,NaN,,NaN
A,GE10,G45,E_ITSP2_ITT2,PC_ENT_CUSE,FI,,NaN,,NaN,,NaN
A,GE10,G45,E_ITSP2_ITT2,PC_ENT_CUSE,FR,,NaN,,NaN,,NaN
A,GE10,G45,E_ITSP2_ITT2,PC_ENT_CUSE,HR,,NaN,,NaN,,NaN
A,GE10,G45,E_ITSP2_ITT2,PC_ENT_CUSE,HU,,NaN,,NaN,,NaN
A,GE10,G45,E_ITSP2_ITT2,PC_ENT_CUSE,IE,,NaN,,NaN,,NaN
A,GE10,G45,E_ITSP2_ITT2,PC_ENT_CUSE,IT,,NaN,,NaN,,NaN
A,GE10,G45,E_ITSP2_ITT2,PC_ENT_CUSE,LT,,NaN,,NaN,,NaN
A,GE10,G45,E_ITSP2_ITT2,PC_ENT_CUSE,LU,,NaN,,NaN,,NaN
A,GE10,G45,E_ITSP2_ITT2,PC_ENT_CUSE,LV,,NaN,,NaN,,NaN
A,GE10,G45,E_ITSP2_ITT2,PC_ENT_CUSE,ME,,NaN,,NaN,,NaN
A,GE10,G45,E_ITSP2_ITT2,PC_ENT_CUSE,MK,,NaN,,NaN,,NaN
A,GE10,G45,E_ITSP2_ITT2,PC_ENT_CUSE,MT,,NaN,,NaN,,NaN
A,GE10,G45,E_ITSP2_ITT2,PC_ENT_CUSE,NL,,NaN,,NaN,,NaN
A,GE10,G45,E_ITSP2_ITT2,PC_ENT_CUSE,NO,,NaN,,NaN,,NaN
A,GE10,G45,E_ITSP2_ITT2,PC_ENT_CUSE,PL,,NaN,,NaN,,NaN
A,GE10,G45,E_ITSP2_ITT2,PC_ENT_CUSE,PT,,NaN,,NaN,,NaN
A,GE10,G45,E_ITSP2_ITT2,PC_ENT_CUSE,RO,,NaN,,NaN,,NaN
A,GE10,G45,E_ITSP2_ITT2,PC_ENT_CUSE,RS,,NaN,,NaN,,NaN
A,GE10,G45,E_ITSP2_ITT2,PC_ENT_CUSE,SE,,NaN,,NaN,,NaN
A,GE10,G45,E_ITSP2_ITT2,PC_ENT_CUSE,SI,,NaN,,NaN,,NaN
A,GE10,G45,E_ITSP2_ITT2,PC_ENT_CUSE,SK,,NaN,,NaN,,NaN
A,GE10,G45,E_ITSP2_ITT2,PC_ENT_CUSE,TR,,NaN,,NaN,,NaN
A,GE10,G45,E_ITSP2_ITT2,PC_ENT_CUSE,UK,,NaN,,NaN,,NaN
A,GE10,G45,E_ITSPT2,PC_ENT,AT,2.46,NaN,10.25,NaN,6.6,NaN
A,GE10,G45,E_ITSPT2,PC_ENT,BA,,u,,u,6.77,NaN
A,GE10,G45,E_ITSPT2,PC_ENT,BE,10.65,NaN,,u,,u
A,GE10,G45,E_ITSPT2,PC_ENT,BG,2.7,NaN,4.2,NaN,3.37,NaN
A,GE10,G45,E_ITSPT2,PC_ENT,CY,6.92,NaN,10.06,NaN,9.03,NaN
A,GE10,G45,E_ITSPT2,PC_ENT,CZ,8.26,NaN,9.43,NaN,7.5,NaN
A,GE10,G45,E_ITSPT2,PC_ENT,DE,8.94,NaN,8.79,NaN,10.67,NaN
A,GE10,G45,E_ITSPT2,PC_ENT,DK,8.03,NaN,8.38,NaN,9.56,NaN
A,GE10,G45,E_ITSPT2,PC_ENT,EA,6.82,NaN,8.8,NaN,8.04,NaN
A,GE10,G45,E_ITSPT2,PC_ENT,EE,5.53,NaN,6.74,NaN,6.71,NaN
A,GE10,G45,E_ITSPT2,PC_ENT,EL,,u,19.01,NaN,4.28,NaN
A,GE10,G45,E_ITSPT2,PC_ENT,ES,9.59,NaN,8.23,NaN,5.87,NaN
A,GE10,G45,E_ITSPT2,PC_ENT,EU15,,NaN,,NaN,,NaN
A,GE10,G45,E_ITSPT2,PC_ENT,EU27_2007,,NaN,,NaN,,NaN
A,GE10,G45,E_ITSPT2,PC_ENT,EU27_2020,6.61,NaN,8.62,NaN,8.4,NaN
A,GE10,G45,E_ITSPT2,PC_ENT,EU28,,NaN,,NaN,,NaN
A,GE10,G45,E_ITSPT2,PC_ENT,FI,,u,,u,,u
A,GE10,G45,E_ITSPT2,PC_ENT,FR,2.88,NaN,7.36,b,6.01,NaN
A,GE10,G45,E_ITSPT2,PC_ENT,HR,3.84,NaN,3.64,NaN,5.83,NaN
A,GE10,G45,E_ITSPT2,PC_ENT,HU,4.85,NaN,6.39,NaN,7.51,NaN
A,GE10,G45,E_ITSPT2,PC_ENT,IE,6.24,NaN,5.73,NaN,0.0,NaN
A,GE10,G45,E_ITSPT2,PC_ENT,IS,,NaN,,NaN,,NaN
A,GE10,G45,E_ITSPT2,PC_ENT,IT,,u,,u,,u
A,GE10,G45,E_ITSPT2,PC_ENT,LT,4.69,NaN,1.78,NaN,1.56,NaN
A,GE10,G45,E_ITSPT2,PC_ENT,LU,,u,,u,,u
A,GE10,G45,E_ITSPT2,PC_ENT,LV,3.27,NaN,3.26,NaN,6.42,NaN
A,GE10,G45,E_ITSPT2,PC_ENT,ME,,u,0.0,NaN,,NaN
A,GE10,G45,E_ITSPT2,PC_ENT,MK,0.0,NaN,,u,,NaN
A,GE10,G45,E_ITSPT2,PC_ENT,MT,16.0,NaN,20.09,NaN,5.95,NaN
A,GE10,G45,E_ITSPT2,PC_ENT,NL,6.37,NaN,12.61,NaN,10.56,NaN
A,GE10,G45,E_ITSPT2,PC_ENT,NO,11.13,NaN,11.0,NaN,15.26,NaN
A,GE10,G45,E_ITSPT2,PC_ENT,PL,7.74,NaN,7.76,NaN,15.31,NaN
A,GE10,G45,E_ITSPT2,PC_ENT,PT,7.13,NaN,8.81,NaN,8.32,NaN
A,GE10,G45,E_ITSPT2,PC_ENT,RO,0.86,NaN,7.36,NaN,6.72,NaN
A,GE10,G45,E_ITSPT2,PC_ENT,RS,6.07,NaN,9.46,NaN,4.48,NaN
A,GE10,G45,E_ITSPT2,PC_ENT,SE,7.57,NaN,11.94,NaN,8.92,b
A,GE10,G45,E_ITSPT2,PC_ENT,SI,7.83,NaN,9.96,NaN,8.99,NaN
A,GE10,G45,E_ITSPT2,PC_ENT,SK,4.44,NaN,2.91,NaN,6.67,NaN
A,GE10,G45,E_ITSPT2,PC_ENT,TR,8.23,NaN,7.95,NaN,8.71,NaN
A,GE10,G45,E_ITSPT2,PC_ENT,UK,5.9,NaN,,NaN,,NaN
A,GE10,G45,E_ITSPT2,PC_ENT_CUSE,AT,,NaN,,NaN,,NaN
A,GE10,G45,E_ITSPT2,PC_ENT_CUSE,BA,,NaN,,NaN,,NaN
A,GE10,G45,E_ITSPT2,PC_ENT_CUSE,BE,,NaN,,NaN,,NaN
A,GE10,G45,E_ITSPT2,PC_ENT_CUSE,BG,,NaN,,NaN,,NaN
A,GE10,G45,E_ITSPT2,PC_ENT_CUSE,CY,,NaN,,NaN,,NaN
A,GE10,G45,E_ITSPT2,PC_ENT_CUSE,CZ,,NaN,,NaN,,NaN
A,GE10,G45,E_ITSPT2,PC_ENT_CUSE,DE,,NaN,,NaN,,NaN
A,GE10,G45,E_ITSPT2,PC_ENT_CUSE,DK,,NaN,,NaN,,NaN
A,GE10,G45,E_ITSPT2,PC_ENT_CUSE,EA,,NaN,,NaN,,NaN
A,GE10,G45,E_ITSPT2,PC_ENT_CUSE,EE,,NaN,,NaN,,NaN
A,GE10,G45,E_ITSPT2,PC_ENT_CUSE,EL,,NaN,,NaN,,NaN
A,GE10,G45,E_ITSPT2,PC_ENT_CUSE,ES,,NaN,,NaN,,NaN
A,GE10,G45,E_ITSPT2,PC_ENT_CUSE,EU15,,NaN,,NaN,,NaN
A,GE10,G45,E_ITSPT2,PC_ENT_CUSE,EU27_2007,,NaN,,NaN,,NaN
A,GE10,G45,E_ITSPT2,PC_ENT_CUSE,EU27_2020,,NaN,,NaN,,NaN
A,GE10,G45,E_ITSPT2,PC_ENT_CUSE,EU28,,NaN,,NaN,,NaN
A,GE10,G45,E_ITSPT2,PC_ENT_CUSE,FI,,NaN,,NaN,,NaN
A,GE10,G45,E_ITSPT2,PC_ENT_CUSE,FR,,NaN,,NaN,,NaN
A,GE10,G45,E_ITSPT2,PC_ENT_CUSE,HR,,NaN,,NaN,,NaN
A,GE10,G45,E_ITSPT2,PC_ENT_CUSE,HU,,NaN,,NaN,,NaN
A,GE10,G45,E_ITSPT2,PC_ENT_CUSE,IE,,NaN,,NaN,,NaN
A,GE10,G45,E_ITSPT2,PC_ENT_CUSE,IS,,NaN,,NaN,,NaN
A,GE10,G45,E_ITSPT2,PC_ENT_CUSE,IT,,NaN,,NaN,,NaN
A,GE10,G45,E_ITSPT2,PC_ENT_CUSE,LT,,NaN,,NaN,,NaN
A,GE10,G45,E_ITSPT2,PC_ENT_CUSE,LU,,NaN,,NaN,,NaN
A,GE10,G45,E_ITSPT2,PC_ENT_CUSE,LV,,NaN,,NaN,,NaN
A,GE10,G45,E_ITSPT2,PC_ENT_CUSE,ME,,NaN,,NaN,,NaN
A,GE10,G45,E_ITSPT2,PC_ENT_CUSE,MK,,NaN,,NaN,,NaN
A,GE10,G45,E_ITSPT2,PC_ENT_CUSE,MT,,NaN,,NaN,,NaN
A,GE10,G45,E_ITSPT2,PC_ENT_CUSE,NL,,NaN,,NaN,,NaN
A,GE10,G45,E_ITSPT2,PC_ENT_CUSE,NO,,NaN,,NaN,,NaN
A,GE10,G45,E_ITSPT2,PC_ENT_CUSE,PL,,NaN,,NaN,,NaN
A,GE10,G45,E_ITSPT2,PC_ENT_CUSE,PT,,NaN,,NaN,,NaN
A,GE10,G45,E_ITSPT2,PC_ENT_CUSE,RO,,NaN,,NaN,,NaN
A,GE10,G45,E_ITSPT2,PC_ENT_CUSE,RS,,NaN,,NaN,,NaN
A,GE10,G45,E_ITSPT2,PC_ENT_CUSE,SE,,NaN,,NaN,,NaN
A,GE10,G45,E_ITSPT2,PC_ENT_CUSE,SI,,NaN,,NaN,,NaN
A,GE10,G45,E_ITSPT2,PC_ENT_CUSE,SK,,NaN,,NaN,,NaN
A,GE10,G45,E_ITSPT2,PC_ENT_CUSE,TR,,NaN,,NaN,,NaN
A,GE10,G45,E_ITSPT2,PC_ENT_CUSE,UK,,NaN,,NaN,,NaN
A,GE10,G45,E_ITT2,PC_ENT,AT,14.55,NaN,13.04,NaN,13.77,NaN
A,GE10,G45,E_ITT2,PC_ENT,BA,,u,,u,,u
A,GE10,G45,E_ITT2,PC_ENT,BE,,u,,u,,u
A,GE10,G45,E_ITT2,PC_ENT,BG,4.6,NaN,6.19,NaN,7.2,NaN
A,GE10,G45,E_ITT2,PC_ENT,CY,26.43,NaN,20.12,NaN,22.24,NaN
A,GE10,G45,E_ITT2,PC_ENT,CZ,21.77,NaN,30.76,NaN,26.25,NaN
A,GE10,G45,E_ITT2,PC_ENT,DE,22.14,NaN,26.52,NaN,23.82,NaN
A,GE10,G45,E_ITT2,PC_ENT,DK,24.16,NaN,26.63,NaN,24.86,NaN
A,GE10,G45,E_ITT2,PC_ENT,EA,18.89,NaN,22.75,NaN,19.51,NaN
A,GE10,G45,E_ITT2,PC_ENT,EE,13.22,NaN,13.35,NaN,14.88,NaN
A,GE10,G45,E_ITT2,PC_ENT,EL,,u,30.54,NaN,9.81,NaN
A,GE10,G45,E_ITT2,PC_ENT,ES,24.01,NaN,21.66,NaN,23.52,NaN
A,GE10,G45,E_ITT2,PC_ENT,EU15,,NaN,,NaN,,NaN
A,GE10,G45,E_ITT2,PC_ENT,EU27_2007,,NaN,,NaN,,NaN
A,GE10,G45,E_ITT2,PC_ENT,EU27_2020,19.25,NaN,22.94,NaN,20.22,NaN
A,GE10,G45,E_ITT2,PC_ENT,EU28,,NaN,,NaN,,NaN
A,GE10,G45,E_ITT2,PC_ENT,FI,,u,,u,,u
A,GE10,G45,E_ITT2,PC_ENT,FR,11.2,NaN,14.03,b,13.63,NaN
A,GE10,G45,E_ITT2,PC_ENT,HR,44.41,NaN,28.3,NaN,20.61,NaN
A,GE10,G45,E_ITT2,PC_ENT,HU,18.3,NaN,16.03,NaN,19.76,NaN
A,GE10,G45,E_ITT2,PC_ENT,IE,27.33,NaN,21.78,NaN,14.07,NaN
A,GE10,G45,E_ITT2,PC_ENT,IS,,NaN,,NaN,,NaN
A,GE10,G45,E_ITT2,PC_ENT,IT,,u,,u,,u
A,GE10,G45,E_ITT2,PC_ENT,LT,11.35,NaN,9.98,NaN,11.94,NaN
A,GE10,G45,E_ITT2,PC_ENT,LU,,u,,u,,u
A,GE10,G45,E_ITT2,PC_ENT,LV,13.45,NaN,11.85,NaN,14.68,NaN
A,GE10,G45,E_ITT2,PC_ENT,ME,,u,36.76,NaN,23.49,NaN
A,GE10,G45,E_ITT2,PC_ENT,MK,,u,,u,,NaN
A,GE10,G45,E_ITT2,PC_ENT,MT,39.51,NaN,29.94,NaN,26.59,NaN
A,GE10,G45,E_ITT2,PC_ENT,NL,13.07,NaN,19.8,NaN,17.21,NaN
A,GE10,G45,E_ITT2,PC_ENT,NO,35.76,NaN,26.03,NaN,29.87,NaN
A,GE10,G45,E_ITT2,PC_ENT,PL,23.92,NaN,25.97,NaN,31.93,NaN
A,GE10,G45,E_ITT2,PC_ENT,PT,18.11,NaN,,u,20.95,NaN
A,GE10,G45,E_ITT2,PC_ENT,RO,6.49,NaN,11.33,NaN,8.48,NaN
A,GE10,G45,E_ITT2,PC_ENT,RS,24.22,NaN,33.24,NaN,7.36,NaN
A,GE10,G45,E_ITT2,PC_ENT,SE,39.05,NaN,39.9,NaN,28.91,b
A,GE10,G45,E_ITT2,PC_ENT,SI,33.91,NaN,29.39,NaN,34.06,NaN
A,GE10,G45,E_ITT2,PC_ENT,SK,11.92,NaN,11.64,NaN,14.75,NaN
A,GE10,G45,E_ITT2,PC_ENT,TR,15.79,NaN,19.34,NaN,24.04,NaN
A,GE10,G45,E_ITT2,PC_ENT,UK,,u,,NaN,,NaN
A,GE10,G45,E_ITT2,PC_ENT_CUSE,AT,,NaN,,NaN,,NaN
A,GE10,G45,E_ITT2,PC_ENT_CUSE,BA,,NaN,,NaN,,NaN
A,GE10,G45,E_ITT2,PC_ENT_CUSE,BE,,NaN,,NaN,,NaN
A,GE10,G45,E_ITT2,PC_ENT_CUSE,BG,,NaN,,NaN,,NaN
A,GE10,G45,E_ITT2,PC_ENT_CUSE,CY,,NaN,,NaN,,NaN
A,GE10,G45,E_ITT2,PC_ENT_CUSE,CZ,,NaN,,NaN,,NaN
A,GE10,G45,E_ITT2,PC_ENT_CUSE,DE,,NaN,,NaN,,NaN
A,GE10,G45,E_ITT2,PC_ENT_CUSE,DK,,NaN,,NaN,,NaN
A,GE10,G45,E_ITT2,PC_ENT_CUSE,EA,,NaN,,NaN,,NaN
A,GE10,G45,E_ITT2,PC_ENT_CUSE,EE,,NaN,,NaN,,NaN
A,GE10,G45,E_ITT2,PC_ENT_CUSE,EL,,NaN,,NaN,,NaN
A,GE10,G45,E_ITT2,PC_ENT_CUSE,ES,,NaN,,NaN,,NaN
A,GE10,G45,E_ITT2,PC_ENT_CUSE,EU15,,NaN,,NaN,,NaN
A,GE10,G45,E_ITT2,PC_ENT_CUSE,EU27_2007,,NaN,,NaN,,NaN
A,GE10,G45,E_ITT2,PC_ENT_CUSE,EU27_2020,,NaN,,NaN,,NaN
A,GE10,G45,E_ITT2,PC_ENT_CUSE,EU28,,NaN,,NaN,,NaN
A,GE10,G45,E_ITT2,PC_ENT_CUSE,FI,,NaN,,NaN,,NaN
A,GE10,G45,E_ITT2,PC_ENT_CUSE,FR,,NaN,,NaN,,NaN
A,GE10,G45,E_ITT2,PC_ENT_CUSE,HR,,NaN,,NaN,,NaN
A,GE10,G45,E_ITT2,PC_ENT_CUSE,HU,,NaN,,NaN,,NaN
A,GE10,G45,E_ITT2,PC_ENT_CUSE,IE,,NaN,,NaN,,NaN
A,GE10,G45,E_ITT2,PC_ENT_CUSE,IS,,NaN,,NaN,,NaN
A,GE10,G45,E_ITT2,PC_ENT_CUSE,IT,,NaN,,NaN,,NaN
A,GE10,G45,E_ITT2,PC_ENT_CUSE,LT,,NaN,,NaN,,NaN
A,GE10,G45,E_ITT2,PC_ENT_CUSE,LU,,NaN,,NaN,,NaN
A,GE10,G45,E_ITT2,PC_ENT_CUSE,LV,,NaN,,NaN,,NaN
A,GE10,G45,E_ITT2,PC_ENT_CUSE,ME,,NaN,,NaN,,NaN
A,GE10,G45,E_ITT2,PC_ENT_CUSE,MK,,NaN,,NaN,,NaN
A,GE10,G45,E_ITT2,PC_ENT_CUSE,MT,,NaN,,NaN,,NaN
A,GE10,G45,E_ITT2,PC_ENT_CUSE,NL,,NaN,,NaN,,NaN
A,GE10,G45,E_ITT2,PC_ENT_CUSE,NO,,NaN,,NaN,,NaN
A,GE10,G45,E_ITT2,PC_ENT_CUSE,PL,,NaN,,NaN,,NaN
A,GE10,G45,E_ITT2,PC_ENT_CUSE,PT,,NaN,,NaN,,NaN
A,GE10,G45,E_ITT2,PC_ENT_CUSE,RO,,NaN,,NaN,,NaN
A,GE10,G45,E_ITT2,PC_ENT_CUSE,RS,,NaN,,NaN,,NaN
A,GE10,G45,E_ITT2,PC_ENT_CUSE,SE,,NaN,,NaN,,NaN
A,GE10,G45,E_ITT2,PC_ENT_CUSE,SI,,NaN,,NaN,,NaN
A,GE10,G45,E_ITT2,PC_ENT_CUSE,SK,,NaN,,NaN,,NaN
A,GE10,G45,E_ITT2,PC_ENT_CUSE,TR,,NaN,,NaN,,NaN
A,GE10,G45,E_ITT2,PC_ENT_CUSE,UK,,NaN,,NaN,,NaN
A,GE10,G45,E_ITUST2,PC_ENT,AT,14.37,NaN,7.33,NaN,11.47,NaN
A,GE10,G45,E_ITUST2,PC_ENT,BA,,u,,u,,u
A,GE10,G45,E_ITUST2,PC_ENT,BE,,u,,u,,u
A,GE10,G45,E_ITUST2,PC_ENT,BG,,u,5.38,NaN,6.43,NaN
A,GE10,G45,E_ITUST2,PC_ENT,CY,25.05,NaN,20.12,NaN,19.45,NaN
A,GE10,G45,E_ITUST2,PC_ENT,CZ,21.77,NaN,27.8,NaN,25.46,NaN
A,GE10,G45,E_ITUST2,PC_ENT,DE,19.03,NaN,24.92,NaN,21.02,NaN
A,GE10,G45,E_ITUST2,PC_ENT,DK,22.46,NaN,25.09,NaN,22.21,NaN
A,GE10,G45,E_ITUST2,PC_ENT,EA,16.26,NaN,20.28,NaN,16.73,NaN
A,GE10,G45,E_ITUST2,PC_ENT,EE,10.33,NaN,10.49,NaN,12.76,NaN
A,GE10,G45,E_ITUST2,PC_ENT,EL,,u,25.75,NaN,9.59,NaN
A,GE10,G45,E_ITUST2,PC_ENT,ES,19.91,NaN,17.9,NaN,22.25,NaN
A,GE10,G45,E_ITUST2,PC_ENT,EU15,,NaN,,NaN,,NaN
A,GE10,G45,E_ITUST2,PC_ENT,EU27_2007,,NaN,,NaN,,NaN
A,GE10,G45,E_ITUST2,PC_ENT,EU27_2020,16.83,NaN,20.53,NaN,17.43,NaN
A,GE10,G45,E_ITUST2,PC_ENT,EU28,,NaN,,NaN,,NaN
A,GE10,G45,E_ITUST2,PC_ENT,FI,,u,,u,,u
A,GE10,G45,E_ITUST2,PC_ENT,FR,8.56,NaN,11.38,b,9.85,NaN
A,GE10,G45,E_ITUST2,PC_ENT,HR,44.0,NaN,27.21,NaN,16.89,NaN
A,GE10,G45,E_ITUST2,PC_ENT,HU,16.08,NaN,14.78,NaN,17.75,NaN
A,GE10,G45,E_ITUST2,PC_ENT,IE,24.96,NaN,18.5,NaN,14.07,NaN
A,GE10,G45,E_ITUST2,PC_ENT,IS,,NaN,,NaN,,NaN
A,GE10,G45,E_ITUST2,PC_ENT,IT,,u,,u,,u
A,GE10,G45,E_ITUST2,PC_ENT,LT,10.44,NaN,9.8,NaN,11.94,NaN
A,GE10,G45,E_ITUST2,PC_ENT,LU,,u,,u,,u
A,GE10,G45,E_ITUST2,PC_ENT,LV,12.65,NaN,10.37,NaN,11.63,NaN
A,GE10,G45,E_ITUST2,PC_ENT,ME,,u,36.76,NaN,23.49,NaN
A,GE10,G45,E_ITUST2,PC_ENT,MK,,u,,u,,NaN
A,GE10,G45,E_ITUST2,PC_ENT,MT,32.02,NaN,29.94,NaN,26.59,NaN
A,GE10,G45,E_ITUST2,PC_ENT,NL,11.67,NaN,15.63,NaN,13.56,NaN
A,GE10,G45,E_ITUST2,PC_ENT,NO,35.24,NaN,24.62,NaN,28.27,NaN
A,GE10,G45,E_ITUST2,PC_ENT,PL,21.21,NaN,23.89,NaN,26.01,NaN
A,GE10,G45,E_ITUST2,PC_ENT,PT,17.63,NaN,,u,19.03,NaN
A,GE10,G45,E_ITUST2,PC_ENT,RO,6.31,NaN,7.89,NaN,8.04,NaN
A,GE10,G45,E_ITUST2,PC_ENT,RS,22.58,NaN,32.22,NaN,6.15,NaN
A,GE10,G45,E_ITUST2,PC_ENT,SE,36.77,NaN,37.58,NaN,26.07,b
A,GE10,G45,E_ITUST2,PC_ENT,SI,33.18,NaN,23.33,NaN,31.47,NaN
A,GE10,G45,E_ITUST2,PC_ENT,SK,10.88,NaN,10.15,NaN,10.82,NaN
A,GE10,G45,E_ITUST2,PC_ENT,TR,12.46,NaN,18.18,NaN,22.25,NaN
A,GE10,G45,E_ITUST2,PC_ENT,UK,,u,,NaN,,NaN
A,GE10,G45,E_ITUST2,PC_ENT_CUSE,AT,,NaN,,NaN,,NaN
A,GE10,G45,E_ITUST2,PC_ENT_CUSE,BA,,NaN,,NaN,,NaN
A,GE10,G45,E_ITUST2,PC_ENT_CUSE,BE,,NaN,,NaN,,NaN
A,GE10,G45,E_ITUST2,PC_ENT_CUSE,BG,,NaN,,NaN,,NaN
A,GE10,G45,E_ITUST2,PC_ENT_CUSE,CY,,NaN,,NaN,,NaN
A,GE10,G45,E_ITUST2,PC_ENT_CUSE,CZ,,NaN,,NaN,,NaN
A,GE10,G45,E_ITUST2,PC_ENT_CUSE,DE,,NaN,,NaN,,NaN
A,GE10,G45,E_ITUST2,PC_ENT_CUSE,DK,,NaN,,NaN,,NaN
A,GE10,G45,E_ITUST2,PC_ENT_CUSE,EA,,NaN,,NaN,,NaN
A,GE10,G45,E_ITUST2,PC_ENT_CUSE,EE,,NaN,,NaN,,NaN
A,GE10,G45,E_ITUST2,PC_ENT_CUSE,EL,,NaN,,NaN,,NaN
A,GE10,G45,E_ITUST2,PC_ENT_CUSE,ES,,NaN,,NaN,,NaN
A,GE10,G45,E_ITUST2,PC_ENT_CUSE,EU15,,NaN,,NaN,,NaN
A,GE10,G45,E_ITUST2,PC_ENT_CUSE,EU27_2007,,NaN,,NaN,,NaN
A,GE10,G45,E_ITUST2,PC_ENT_CUSE,EU27_2020,,NaN,,NaN,,NaN
A,GE10,G45,E_ITUST2,PC_ENT_CUSE,EU28,,NaN,,NaN,,NaN
A,GE10,G45,E_ITUST2,PC_ENT_CUSE,FI,,NaN,,NaN,,NaN
A,GE10,G45,E_ITUST2,PC_ENT_CUSE,FR,,NaN,,NaN,,NaN
A,GE10,G45,E_ITUST2,PC_ENT_CUSE,HR,,NaN,,NaN,,NaN
A,GE10,G45,E_ITUST2,PC_ENT_CUSE,HU,,NaN,,NaN,,NaN
A,GE10,G45,E_ITUST2,PC_ENT_CUSE,IE,,NaN,,NaN,,NaN
A,GE10,G45,E_ITUST2,PC_ENT_CUSE,IS,,NaN,,NaN,,NaN
A,GE10,G45,E_ITUST2,PC_ENT_CUSE,IT,,NaN,,NaN,,NaN
A,GE10,G45,E_ITUST2,PC_ENT_CUSE,LT,,NaN,,NaN,,NaN
A,GE10,G45,E_ITUST2,PC_ENT_CUSE,LU,,NaN,,NaN,,NaN
A,GE10,G45,E_ITUST2,PC_ENT_CUSE,LV,,NaN,,NaN,,NaN
A,GE10,G45,E_ITUST2,PC_ENT_CUSE,ME,,NaN,,NaN,,NaN
A,GE10,G45,E_ITUST2,PC_ENT_CUSE,MK,,NaN,,NaN,,NaN
A,GE10,G45,E_ITUST2,PC_ENT_CUSE,MT,,NaN,,NaN,,NaN
A,GE10,G45,E_ITUST2,PC_ENT_CUSE,NL,,NaN,,NaN,,NaN
A,GE10,G45,E_ITUST2,PC_ENT_CUSE,NO,,NaN,,NaN,,NaN
A,GE10,G45,E_ITUST2,PC_ENT_CUSE,PL,,NaN,,NaN,,NaN
A,GE10,G45,E_ITUST2,PC_ENT_CUSE,PT,,NaN,,NaN,,NaN
A,GE10,G45,E_ITUST2,PC_ENT_CUSE,RO,,NaN,,NaN,,NaN
A,GE10,G45,E_ITUST2,PC_ENT_CUSE,RS,,NaN,,NaN,,NaN
A,GE10,G45,E_ITUST2,PC_ENT_CUSE,SE,,NaN,,NaN,,NaN
A,GE10,G45,E_ITUST2,PC_ENT_CUSE,SI,,NaN,,NaN,,NaN
A,GE10,G45,E_ITUST2,PC_ENT_CUSE,SK,,NaN,,NaN,,NaN
A,GE10,G45,E_ITUST2,PC_ENT_CUSE,TR,,NaN,,NaN,,NaN
A,GE10,G45,E_ITUST2,PC_ENT_CUSE,UK,,NaN,,NaN,,NaN
A,GE10,G45-S951_X_K,E_ITSP2X_ITT2,PC_ENT,AT,5.17,NaN,5.72,NaN,6.7,NaN
A,GE10,G45-S951_X_K,E_ITSP2X_ITT2,PC_ENT,BA,5.57,NaN,8.61,NaN,8.24,NaN
A,GE10,G45-S951_X_K,E_ITSP2X_ITT2,PC_ENT,BE,10.65,NaN,9.67,NaN,14.04,NaN
A,GE10,G45-S951_X_K,E_ITSP2X_ITT2,PC_ENT,BG,1.3,NaN,2.42,NaN,1.74,NaN
A,GE10,G45-S951_X_K,E_ITSP2X_ITT2,PC_ENT,CY,9.05,NaN,11.21,NaN,10.9,NaN
A,GE10,G45-S951_X_K,E_ITSP2X_ITT2,PC_ENT,CZ,11.87,NaN,10.81,NaN,14.1,NaN
A,GE10,G45-S951_X_K,E_ITSP2X_ITT2,PC_ENT,DE,10.65,NaN,12.48,NaN,10.9,NaN
A,GE10,G45-S951_X_K,E_ITSP2X_ITT2,PC_ENT,DK,11.09,NaN,10.21,NaN,12.68,NaN
A,GE10,G45-S951_X_K,E_ITSP2X_ITT2,PC_ENT,EA,7.93,NaN,9.62,NaN,8.96,NaN
A,GE10,G45-S951_X_K,E_ITSP2X_ITT2,PC_ENT,EE,6.5,NaN,8.61,NaN,9.22,NaN
A,GE10,G45-S951_X_K,E_ITSP2X_ITT2,PC_ENT,EL,,u,3.49,NaN,3.43,NaN
A,GE10,G45-S951_X_K,E_ITSP2X_ITT2,PC_ENT,ES,9.86,NaN,10.3,NaN,11.84,NaN
A,GE10,G45-S951_X_K,E_ITSP2X_ITT2,PC_ENT,EU15,,NaN,,NaN,,NaN
A,GE10,G45-S951_X_K,E_ITSP2X_ITT2,PC_ENT,EU27_2007,,NaN,,NaN,,NaN
A,GE10,G45-S951_X_K,E_ITSP2X_ITT2,PC_ENT,EU27_2020,7.88,NaN,9.52,NaN,9.11,NaN
A,GE10,G45-S951_X_K,E_ITSP2X_ITT2,PC_ENT,EU28,,NaN,,NaN,,NaN
A,GE10,G45-S951_X_K,E_ITSP2X_ITT2,PC_ENT,FI,,u,,u,15.72,NaN
A,GE10,G45-S951_X_K,E_ITSP2X_ITT2,PC_ENT,FR,4.3,NaN,4.63,b,4.87,NaN
A,GE10,G45-S951_X_K,E_ITSP2X_ITT2,PC_ENT,HR,11.32,NaN,11.31,NaN,11.49,NaN
A,GE10,G45-S951_X_K,E_ITSP2X_ITT2,PC_ENT,HU,4.57,NaN,5.24,NaN,6.49,NaN
A,GE10,G45-S951_X_K,E_ITSP2X_ITT2,PC_ENT,IE,7.86,NaN,8.57,NaN,6.07,NaN
A,GE10,G45-S951_X_K,E_ITSP2X_ITT2,PC_ENT,IT,7.31,NaN,10.68,NaN,8.74,NaN
A,GE10,G45-S951_X_K,E_ITSP2X_ITT2,PC_ENT,LT,4.97,NaN,3.95,NaN,4.05,NaN
A,GE10,G45-S951_X_K,E_ITSP2X_ITT2,PC_ENT,LU,7.41,NaN,6.08,NaN,7.92,NaN
A,GE10,G45-S951_X_K,E_ITSP2X_ITT2,PC_ENT,LV,6.65,NaN,5.02,NaN,6.32,NaN
A,GE10,G45-S951_X_K,E_ITSP2X_ITT2,PC_ENT,ME,,u,8.02,NaN,10.48,NaN
A,GE10,G45-S951_X_K,E_ITSP2X_ITT2,PC_ENT,MK,4.62,NaN,2.6,NaN,,NaN
A,GE10,G45-S951_X_K,E_ITSP2X_ITT2,PC_ENT,MT,9.21,NaN,6.85,NaN,8.36,NaN
A,GE10,G45-S951_X_K,E_ITSP2X_ITT2,PC_ENT,NL,1.36,NaN,6.96,NaN,6.0,NaN
A,GE10,G45-S951_X_K,E_ITSP2X_ITT2,PC_ENT,NO,18.96,NaN,17.48,NaN,12.39,NaN
A,GE10,G45-S951_X_K,E_ITSP2X_ITT2,PC_ENT,PL,7.45,NaN,10.52,NaN,12.44,NaN
A,GE10,G45-S951_X_K,E_ITSP2X_ITT2,PC_ENT,PT,9.94,NaN,14.29,NaN,12.94,NaN
A,GE10,G45-S951_X_K,E_ITSP2X_ITT2,PC_ENT,RO,2.0,NaN,3.66,NaN,2.87,NaN
A,GE10,G45-S951_X_K,E_ITSP2X_ITT2,PC_ENT,RS,4.75,NaN,8.74,NaN,17.45,NaN
A,GE10,G45-S951_X_K,E_ITSP2X_ITT2,PC_ENT,SE,16.66,NaN,16.43,NaN,13.2,b
A,GE10,G45-S951_X_K,E_ITSP2X_ITT2,PC_ENT,SI,14.2,NaN,14.81,NaN,13.5,NaN
A,GE10,G45-S951_X_K,E_ITSP2X_ITT2,PC_ENT,SK,5.37,NaN,5.04,NaN,7.46,NaN
A,GE10,G45-S951_X_K,E_ITSP2X_ITT2,PC_ENT,TR,5.27,NaN,7.73,NaN,7.47,NaN
A,GE10,G45-S951_X_K,E_ITSP2X_ITT2,PC_ENT,UK,8.5,NaN,,NaN,,NaN
A,GE10,G45-S951_X_K,E_ITSP2X_ITT2,PC_ENT_CUSE,AT,,NaN,,NaN,,NaN
A,GE10,G45-S951_X_K,E_ITSP2X_ITT2,PC_ENT_CUSE,BA,,NaN,,NaN,,NaN
A,GE10,G45-S951_X_K,E_ITSP2X_ITT2,PC_ENT_CUSE,BE,,NaN,,NaN,,NaN
A,GE10,G45-S951_X_K,E_ITSP2X_ITT2,PC_ENT_CUSE,BG,,NaN,,NaN,,NaN
A,GE10,G45-S951_X_K,E_ITSP2X_ITT2,PC_ENT_CUSE,CY,,NaN,,NaN,,NaN
A,GE10,G45-S951_X_K,E_ITSP2X_ITT2,PC_ENT_CUSE,CZ,,NaN,,NaN,,NaN
A,GE10,G45-S951_X_K,E_ITSP2X_ITT2,PC_ENT_CUSE,DE,,NaN,,NaN,,NaN
A,GE10,G45-S951_X_K,E_ITSP2X_ITT2,PC_ENT_CUSE,DK,,NaN,,NaN,,NaN
A,GE10,G45-S951_X_K,E_ITSP2X_ITT2,PC_ENT_CUSE,EA,,NaN,,NaN,,NaN
A,GE10,G45-S951_X_K,E_ITSP2X_ITT2,PC_ENT_CUSE,EE,,NaN,,NaN,,NaN
A,GE10,G45-S951_X_K,E_ITSP2X_ITT2,PC_ENT_CUSE,EL,,NaN,,NaN,,NaN
A,GE10,G45-S951_X_K,E_ITSP2X_ITT2,PC_ENT_CUSE,ES,,NaN,,NaN,,NaN
A,GE10,G45-S951_X_K,E_ITSP2X_ITT2,PC_ENT_CUSE,EU15,,NaN,,NaN,,NaN
A,GE10,G45-S951_X_K,E_ITSP2X_ITT2,PC_ENT_CUSE,EU27_2007,,NaN,,NaN,,NaN
A,GE10,G45-S951_X_K,E_ITSP2X_ITT2,PC_ENT_CUSE,EU27_2020,,NaN,,NaN,,NaN
A,GE10,G45-S951_X_K,E_ITSP2X_ITT2,PC_ENT_CUSE,EU28,,NaN,,NaN,,NaN
A,GE10,G45-S951_X_K,E_ITSP2X_ITT2,PC_ENT_CUSE,FI,,NaN,,NaN,,NaN
A,GE10,G45-S951_X_K,E_ITSP2X_ITT2,PC_ENT_CUSE,FR,,NaN,,NaN,,NaN
A,GE10,G45-S951_X_K,E_ITSP2X_ITT2,PC_ENT_CUSE,HR,,NaN,,NaN,,NaN
A,GE10,G45-S951_X_K,E_ITSP2X_ITT2,PC_ENT_CUSE,HU,,NaN,,NaN,,NaN
A,GE10,G45-S951_X_K,E_ITSP2X_ITT2,PC_ENT_CUSE,IE,,NaN,,NaN,,NaN
A,GE10,G45-S951_X_K,E_ITSP2X_ITT2,PC_ENT_CUSE,IT,,NaN,,NaN,,NaN
A,GE10,G45-S951_X_K,E_ITSP2X_ITT2,PC_ENT_CUSE,LT,,NaN,,NaN,,NaN
A,GE10,G45-S951_X_K,E_ITSP2X_ITT2,PC_ENT_CUSE,LU,,NaN,,NaN,,NaN
A,GE10,G45-S951_X_K,E_ITSP2X_ITT2,PC_ENT_CUSE,LV,,NaN,,NaN,,NaN
A,GE10,G45-S951_X_K,E_ITSP2X_ITT2,PC_ENT_CUSE,ME,,NaN,,NaN,,NaN
A,GE10,G45-S951_X_K,E_ITSP2X_ITT2,PC_ENT_CUSE,MK,,NaN,,NaN,,NaN
A,GE10,G45-S951_X_K,E_ITSP2X_ITT2,PC_ENT_CUSE,MT,,NaN,,NaN,,NaN
A,GE10,G45-S951_X_K,E_ITSP2X_ITT2,PC_ENT_CUSE,NL,,NaN,,NaN,,NaN
A,GE10,G45-S951_X_K,E_ITSP2X_ITT2,PC_ENT_CUSE,NO,,NaN,,NaN,,NaN
A,GE10,G45-S951_X_K,E_ITSP2X_ITT2,PC_ENT_CUSE,PL,,NaN,,NaN,,NaN
A,GE10,G45-S951_X_K,E_ITSP2X_ITT2,PC_ENT_CUSE,PT,,NaN,,NaN,,NaN
A,GE10,G45-S951_X_K,E_ITSP2X_ITT2,PC_ENT_CUSE,RO,,NaN,,NaN,,NaN
A,GE10,G45-S951_X_K,E_ITSP2X_ITT2,PC_ENT_CUSE,RS,,NaN,,NaN,,NaN
A,GE10,G45-S951_X_K,E_ITSP2X_ITT2,PC_ENT_CUSE,SE,,NaN,,NaN,,NaN
A,GE10,G45-S951_X_K,E_ITSP2X_ITT2,PC_ENT_CUSE,SI,,NaN,,NaN,,NaN
A,GE10,G45-S951_X_K,E_ITSP2X_ITT2,PC_ENT_CUSE,SK,,NaN,,NaN,,NaN
A,GE10,G45-S951_X_K,E_ITSP2X_ITT2,PC_ENT_CUSE,TR,,NaN,,NaN,,NaN
A,GE10,G45-S951_X_K,E_ITSP2X_ITT2,PC_ENT_CUSE,UK,,NaN,,NaN,,NaN
A,GE10,G45-S951_X_K,E_ITSP2_ITT2,PC_ENT,AT,13.39,NaN,15.18,NaN,13.32,NaN
A,GE10,G45-S951_X_K,E_ITSP2_ITT2,PC_ENT,BA,12.27,NaN,11.38,NaN,14.64,NaN
A,GE10,G45-S951_X_K,E_ITSP2_ITT2,PC_ENT,BE,23.38,NaN,25.66,NaN,24.2,NaN
A,GE10,G45-S951_X_K,E_ITSP2_ITT2,PC_ENT,BG,6.78,NaN,8.96,NaN,10.0,NaN
A,GE10,G45-S951_X_K,E_ITSP2_ITT2,PC_ENT,CY,19.58,NaN,21.01,NaN,23.61,NaN
A,GE10,G45-S951_X_K,E_ITSP2_ITT2,PC_ENT,CZ,12.56,NaN,13.04,NaN,14.32,NaN
A,GE10,G45-S951_X_K,E_ITSP2_ITT2,PC_ENT,DE,14.04,NaN,16.8,NaN,17.11,NaN
A,GE10,G45-S951_X_K,E_ITSP2_ITT2,PC_ENT,DK,23.54,NaN,28.81,NaN,26.63,NaN
A,GE10,G45-S951_X_K,E_ITSP2_ITT2,PC_ENT,EA,13.02,NaN,14.88,NaN,14.14,NaN
A,GE10,G45-S951_X_K,E_ITSP2_ITT2,PC_ENT,EE,13.58,NaN,14.14,NaN,16.1,NaN
A,GE10,G45-S951_X_K,E_ITSP2_ITT2,PC_ENT,EL,,u,9.81,NaN,9.31,NaN
A,GE10,G45-S951_X_K,E_ITSP2_ITT2,PC_ENT,ES,12.38,NaN,13.73,NaN,12.07,NaN
A,GE10,G45-S951_X_K,E_ITSP2_ITT2,PC_ENT,EU15,,NaN,,NaN,,NaN
A,GE10,G45-S951_X_K,E_ITSP2_ITT2,PC_ENT,EU27_2007,,NaN,,NaN,,NaN
A,GE10,G45-S951_X_K,E_ITSP2_ITT2,PC_ENT,EU27_2020,12.85,NaN,14.96,NaN,14.8,NaN
A,GE10,G45-S951_X_K,E_ITSP2_ITT2,PC_ENT,EU28,,NaN,,NaN,,NaN
A,GE10,G45-S951_X_K,E_ITSP2_ITT2,PC_ENT,FI,,u,,u,27.02,NaN
A,GE10,G45-S951_X_K,E_ITSP2_ITT2,PC_ENT,FR,11.5,NaN,12.49,b,9.23,NaN
A,GE10,G45-S951_X_K,E_ITSP2_ITT2,PC_ENT,HR,16.63,NaN,14.9,NaN,14.3,NaN
A,GE10,G45-S951_X_K,E_ITSP2_ITT2,PC_ENT,HU,12.11,NaN,14.2,NaN,14.4,NaN
A,GE10,G45-S951_X_K,E_ITSP2_ITT2,PC_ENT,IE,19.15,NaN,14.71,NaN,15.85,NaN
A,GE10,G45-S951_X_K,E_ITSP2_ITT2,PC_ENT,IT,8.41,NaN,9.13,NaN,9.0,NaN
A,GE10,G45-S951_X_K,E_ITSP2_ITT2,PC_ENT,LT,10.33,NaN,11.87,NaN,10.48,NaN
A,GE10,G45-S951_X_K,E_ITSP2_ITT2,PC_ENT,LU,17.36,NaN,18.98,NaN,20.12,NaN
A,GE10,G45-S951_X_K,E_ITSP2_ITT2,PC_ENT,LV,11.72,NaN,11.85,NaN,11.5,NaN
A,GE10,G45-S951_X_K,E_ITSP2_ITT2,PC_ENT,ME,21.09,NaN,15.48,NaN,22.32,NaN
A,GE10,G45-S951_X_K,E_ITSP2_ITT2,PC_ENT,MK,8.5,NaN,10.5,NaN,,NaN
A,GE10,G45-S951_X_K,E_ITSP2_ITT2,PC_ENT,MT,21.27,NaN,23.75,NaN,24.91,NaN
A,GE10,G45-S951_X_K,E_ITSP2_ITT2,PC_ENT,NL,18.03,NaN,23.6,NaN,21.3,NaN
A,GE10,G45-S951_X_K,E_ITSP2_ITT2,PC_ENT,NO,15.5,NaN,18.37,NaN,21.33,NaN
A,GE10,G45-S951_X_K,E_ITSP2_ITT2,PC_ENT,PL,13.11,NaN,18.25,NaN,22.89,NaN
A,GE10,G45-S951_X_K,E_ITSP2_ITT2,PC_ENT,PT,14.61,NaN,14.13,NaN,18.19,NaN
A,GE10,G45-S951_X_K,E_ITSP2_ITT2,PC_ENT,RO,4.9,NaN,6.24,NaN,10.54,NaN
A,GE10,G45-S951_X_K,E_ITSP2_ITT2,PC_ENT,RS,12.73,NaN,14.66,NaN,16.87,NaN
A,GE10,G45-S951_X_K,E_ITSP2_ITT2,PC_ENT,SE,16.65,NaN,19.01,NaN,18.96,b
A,GE10,G45-S951_X_K,E_ITSP2_ITT2,PC_ENT,SI,15.7,NaN,19.05,NaN,18.5,NaN
A,GE10,G45-S951_X_K,E_ITSP2_ITT2,PC_ENT,SK,11.46,NaN,10.92,NaN,13.29,NaN
A,GE10,G45-S951_X_K,E_ITSP2_ITT2,PC_ENT,TR,7.28,NaN,10.85,NaN,9.09,NaN
A,GE10,G45-S951_X_K,E_ITSP2_ITT2,PC_ENT,UK,15.56,NaN,,NaN,,NaN
A,GE10,G45-S951_X_K,E_ITSP2_ITT2,PC_ENT_CUSE,AT,,NaN,,NaN,,NaN
A,GE10,G45-S951_X_K,E_ITSP2_ITT2,PC_ENT_CUSE,BA,,NaN,,NaN,,NaN
A,GE10,G45-S951_X_K,E_ITSP2_ITT2,PC_ENT_CUSE,BE,,NaN,,NaN,,NaN
A,GE10,G45-S951_X_K,E_ITSP2_ITT2,PC_ENT_CUSE,BG,,NaN,,NaN,,NaN
A,GE10,G45-S951_X_K,E_ITSP2_ITT2,PC_ENT_CUSE,CY,,NaN,,NaN,,NaN
A,GE10,G45-S951_X_K,E_ITSP2_ITT2,PC_ENT_CUSE,CZ,,NaN,,NaN,,NaN
A,GE10,G45-S951_X_K,E_ITSP2_ITT2,PC_ENT_CUSE,DE,,NaN,,NaN,,NaN
A,GE10,G45-S951_X_K,E_ITSP2_ITT2,PC_ENT_CUSE,DK,,NaN,,NaN,,NaN
A,GE10,G45-S951_X_K,E_ITSP2_ITT2,PC_ENT_CUSE,EA,,NaN,,NaN,,NaN
A,GE10,G45-S951_X_K,E_ITSP2_ITT2,PC_ENT_CUSE,EE,,NaN,,NaN,,NaN
A,GE10,G45-S951_X_K,E_ITSP2_ITT2,PC_ENT_CUSE,EL,,NaN,,NaN,,NaN
A,GE10,G45-S951_X_K,E_ITSP2_ITT2,PC_ENT_CUSE,ES,,NaN,,NaN,,NaN
A,GE10,G45-S951_X_K,E_ITSP2_ITT2,PC_ENT_CUSE,EU15,,NaN,,NaN,,NaN
A,GE10,G45-S951_X_K,E_ITSP2_ITT2,PC_ENT_CUSE,EU27_2007,,NaN,,NaN,,NaN
A,GE10,G45-S951_X_K,E_ITSP2_ITT2,PC_ENT_CUSE,EU27_2020,,NaN,,NaN,,NaN
A,GE10,G45-S951_X_K,E_ITSP2_ITT2,PC_ENT_CUSE,EU28,,NaN,,NaN,,NaN
A,GE10,G45-S951_X_K,E_ITSP2_ITT2,PC_ENT_CUSE,FI,,NaN,,NaN,,NaN
A,GE10,G45-S951_X_K,E_ITSP2_ITT2,PC_ENT_CUSE,FR,,NaN,,NaN,,NaN
A,GE10,G45-S951_X_K,E_ITSP2_ITT2,PC_ENT_CUSE,HR,,NaN,,NaN,,NaN
A,GE10,G45-S951_X_K,E_ITSP2_ITT2,PC_ENT_CUSE,HU,,NaN,,NaN,,NaN
A,GE10,G45-S951_X_K,E_ITSP2_ITT2,PC_ENT_CUSE,IE,,NaN,,NaN,,NaN
A,GE10,G45-S951_X_K,E_ITSP2_ITT2,PC_ENT_CUSE,IT,,NaN,,NaN,,NaN
A,GE10,G45-S951_X_K,E_ITSP2_ITT2,PC_ENT_CUSE,LT,,NaN,,NaN,,NaN
A,GE10,G45-S951_X_K,E_ITSP2_ITT2,PC_ENT_CUSE,LU,,NaN,,NaN,,NaN
A,GE10,G45-S951_X_K,E_ITSP2_ITT2,PC_ENT_CUSE,LV,,NaN,,NaN,,NaN
A,GE10,G45-S951_X_K,E_ITSP2_ITT2,PC_ENT_CUSE,ME,,NaN,,NaN,,NaN
A,GE10,G45-S951_X_K,E_ITSP2_ITT2,PC_ENT_CUSE,MK,,NaN,,NaN,,NaN
A,GE10,G45-S951_X_K,E_ITSP2_ITT2,PC_ENT_CUSE,MT,,NaN,,NaN,,NaN
A,GE10,G45-S951_X_K,E_ITSP2_ITT2,PC_ENT_CUSE,NL,,NaN,,NaN,,NaN
A,GE10,G45-S951_X_K,E_ITSP2_ITT2,PC_ENT_CUSE,NO,,NaN,,NaN,,NaN
A,GE10,G45-S951_X_K,E_ITSP2_ITT2,PC_ENT_CUSE,PL,,NaN,,NaN,,NaN
A,GE10,G45-S951_X_K,E_ITSP2_ITT2,PC_ENT_CUSE,PT,,NaN,,NaN,,NaN
A,GE10,G45-S951_X_K,E_ITSP2_ITT2,PC_ENT_CUSE,RO,,NaN,,NaN,,NaN
A,GE10,G45-S951_X_K,E_ITSP2_ITT2,PC_ENT_CUSE,RS,,NaN,,NaN,,NaN
A,GE10,G45-S951_X_K,E_ITSP2_ITT2,PC_ENT_CUSE,SE,,NaN,,NaN,,NaN
A,GE10,G45-S951_X_K,E_ITSP2_ITT2,PC_ENT_CUSE,SI,,NaN,,NaN,,NaN
A,GE10,G45-S951_X_K,E_ITSP2_ITT2,PC_ENT_CUSE,SK,,NaN,,NaN,,NaN
A,GE10,G45-S951_X_K,E_ITSP2_ITT2,PC_ENT_CUSE,TR,,NaN,,NaN,,NaN
A,GE10,G45-S951_X_K,E_ITSP2_ITT2,PC_ENT_CUSE,UK,,NaN,,NaN,,NaN
A,GE10,G45-S951_X_K,E_ITSPT2,PC_ENT,AT,11.18,NaN,14.81,NaN,12.97,NaN
A,GE10,G45-S951_X_K,E_ITSPT2,PC_ENT,BA,10.43,NaN,9.4,NaN,13.19,NaN
A,GE10,G45-S951_X_K,E_ITSPT2,PC_ENT,BE,19.13,NaN,21.92,NaN,20.53,NaN
A,GE10,G45-S951_X_K,E_ITSPT2,PC_ENT,BG,6.09,NaN,8.04,NaN,8.87,NaN
A,GE10,G45-S951_X_K,E_ITSPT2,PC_ENT,CY,14.01,NaN,16.85,NaN,18.95,NaN
A,GE10,G45-S951_X_K,E_ITSPT2,PC_ENT,CZ,11.51,NaN,11.37,NaN,12.73,NaN
A,GE10,G45-S951_X_K,E_ITSPT2,PC_ENT,DE,12.38,NaN,14.83,NaN,15.53,NaN
A,GE10,G45-S951_X_K,E_ITSPT2,PC_ENT,DK,21.07,NaN,25.94,NaN,23.66,NaN
A,GE10,G45-S951_X_K,E_ITSPT2,PC_ENT,EA,11.36,NaN,13.2,NaN,12.62,NaN
A,GE10,G45-S951_X_K,E_ITSPT2,PC_ENT,EE,12.38,NaN,13.7,NaN,14.42,NaN
A,GE10,G45-S951_X_K,E_ITSPT2,PC_ENT,EL,,u,9.37,NaN,9.65,NaN
A,GE10,G45-S951_X_K,E_ITSPT2,PC_ENT,ES,10.73,NaN,11.2,NaN,10.21,NaN
A,GE10,G45-S951_X_K,E_ITSPT2,PC_ENT,EU15,,NaN,,NaN,,NaN
A,GE10,G45-S951_X_K,E_ITSPT2,PC_ENT,EU27_2007,,NaN,,NaN,,NaN
A,GE10,G45-S951_X_K,E_ITSPT2,PC_ENT,EU27_2020,11.01,NaN,12.93,NaN,13.12,NaN
A,GE10,G45-S951_X_K,E_ITSPT2,PC_ENT,EU28,,NaN,,NaN,,NaN
A,GE10,G45-S951_X_K,E_ITSPT2,PC_ENT,FI,,u,,u,23.92,NaN
A,GE10,G45-S951_X_K,E_ITSPT2,PC_ENT,FR,9.42,NaN,10.53,b,7.91,NaN
A,GE10,G45-S951_X_K,E_ITSPT2,PC_ENT,HR,14.15,NaN,13.11,NaN,12.28,NaN
A,GE10,G45-S951_X_K,E_ITSPT2,PC_ENT,HU,8.88,NaN,10.16,NaN,10.61,NaN
A,GE10,G45-S951_X_K,E_ITSPT2,PC_ENT,IE,12.81,NaN,8.9,NaN,12.2,NaN
A,GE10,G45-S951_X_K,E_ITSPT2,PC_ENT,IS,,NaN,,NaN,,NaN
A,GE10,G45-S951_X_K,E_ITSPT2,PC_ENT,IT,8.58,NaN,9.95,NaN,8.23,NaN
A,GE10,G45-S951_X_K,E_ITSPT2,PC_ENT,LT,8.1,NaN,9.93,NaN,9.2,NaN
A,GE10,G45-S951_X_K,E_ITSPT2,PC_ENT,LU,16.18,NaN,16.44,NaN,17.98,NaN
A,GE10,G45-S951_X_K,E_ITSPT2,PC_ENT,LV,8.6,NaN,9.61,NaN,9.28,NaN
A,GE10,G45-S951_X_K,E_ITSPT2,PC_ENT,ME,19.05,NaN,13.2,NaN,15.51,NaN
A,GE10,G45-S951_X_K,E_ITSPT2,PC_ENT,MK,7.23,NaN,9.27,NaN,,NaN
A,GE10,G45-S951_X_K,E_ITSPT2,PC_ENT,MT,17.62,NaN,20.2,NaN,20.16,NaN
A,GE10,G45-S951_X_K,E_ITSPT2,PC_ENT,NL,16.68,NaN,22.7,NaN,19.8,NaN
A,GE10,G45-S951_X_K,E_ITSPT2,PC_ENT,NO,16.59,NaN,16.3,NaN,19.54,NaN
A,GE10,G45-S951_X_K,E_ITSPT2,PC_ENT,PL,9.29,NaN,11.74,NaN,21.21,NaN
A,GE10,G45-S951_X_K,E_ITSPT2,PC_ENT,PT,11.85,NaN,11.2,NaN,15.42,NaN
A,GE10,G45-S951_X_K,E_ITSPT2,PC_ENT,RO,4.59,NaN,6.6,NaN,8.98,NaN
A,GE10,G45-S951_X_K,E_ITSPT2,PC_ENT,RS,10.98,NaN,13.84,NaN,13.68,NaN
A,GE10,G45-S951_X_K,E_ITSPT2,PC_ENT,SE,12.27,NaN,15.63,NaN,14.16,b
A,GE10,G45-S951_X_K,E_ITSPT2,PC_ENT,SI,13.68,NaN,16.22,NaN,15.95,NaN
A,GE10,G45-S951_X_K,E_ITSPT2,PC_ENT,SK,9.72,NaN,8.57,NaN,11.26,NaN
A,GE10,G45-S951_X_K,E_ITSPT2,PC_ENT,TR,6.11,NaN,8.13,NaN,7.0,NaN
A,GE10,G45-S951_X_K,E_ITSPT2,PC_ENT,UK,12.71,NaN,,NaN,,NaN
A,GE10,G45-S951_X_K,E_ITSPT2,PC_ENT_CUSE,AT,,NaN,,NaN,,NaN
A,GE10,G45-S951_X_K,E_ITSPT2,PC_ENT_CUSE,BA,,NaN,,NaN,,NaN
A,GE10,G45-S951_X_K,E_ITSPT2,PC_ENT_CUSE,BE,,NaN,,NaN,,NaN
A,GE10,G45-S951_X_K,E_ITSPT2,PC_ENT_CUSE,BG,,NaN,,NaN,,NaN
A,GE10,G45-S951_X_K,E_ITSPT2,PC_ENT_CUSE,CY,,NaN,,NaN,,NaN
A,GE10,G45-S951_X_K,E_ITSPT2,PC_ENT_CUSE,CZ,,NaN,,NaN,,NaN
A,GE10,G45-S951_X_K,E_ITSPT2,PC_ENT_CUSE,DE,,NaN,,NaN,,NaN
A,GE10,G45-S951_X_K,E_ITSPT2,PC_ENT_CUSE,DK,,NaN,,NaN,,NaN
A,GE10,G45-S951_X_K,E_ITSPT2,PC_ENT_CUSE,EA,,NaN,,NaN,,NaN
A,GE10,G45-S951_X_K,E_ITSPT2,PC_ENT_CUSE,EE,,NaN,,NaN,,NaN
A,GE10,G45-S951_X_K,E_ITSPT2,PC_ENT_CUSE,EL,,NaN,,NaN,,NaN
A,GE10,G45-S951_X_K,E_ITSPT2,PC_ENT_CUSE,ES,,NaN,,NaN,,NaN
A,GE10,G45-S951_X_K,E_ITSPT2,PC_ENT_CUSE,EU15,,NaN,,NaN,,NaN
A,GE10,G45-S951_X_K,E_ITSPT2,PC_ENT_CUSE,EU27_2007,,NaN,,NaN,,NaN
A,GE10,G45-S951_X_K,E_ITSPT2,PC_ENT_CUSE,EU27_2020,,NaN,,NaN,,NaN
A,GE10,G45-S951_X_K,E_ITSPT2,PC_ENT_CUSE,EU28,,NaN,,NaN,,NaN
A,GE10,G45-S951_X_K,E_ITSPT2,PC_ENT_CUSE,FI,,NaN,,NaN,,NaN
A,GE10,G45-S951_X_K,E_ITSPT2,PC_ENT_CUSE,FR,,NaN,,NaN,,NaN
A,GE10,G45-S951_X_K,E_ITSPT2,PC_ENT_CUSE,HR,,NaN,,NaN,,NaN
A,GE10,G45-S951_X_K,E_ITSPT2,PC_ENT_CUSE,HU,,NaN,,NaN,,NaN
A,GE10,G45-S951_X_K,E_ITSPT2,PC_ENT_CUSE,IE,,NaN,,NaN,,NaN
A,GE10,G45-S951_X_K,E_ITSPT2,PC_ENT_CUSE,IS,,NaN,,NaN,,NaN
A,GE10,G45-S951_X_K,E_ITSPT2,PC_ENT_CUSE,IT,,NaN,,NaN,,NaN
A,GE10,G45-S951_X_K,E_ITSPT2,PC_ENT_CUSE,LT,,NaN,,NaN,,NaN
A,GE10,G45-S951_X_K,E_ITSPT2,PC_ENT_CUSE,LU,,NaN,,NaN,,NaN
A,GE10,G45-S951_X_K,E_ITSPT2,PC_ENT_CUSE,LV,,NaN,,NaN,,NaN
A,GE10,G45-S951_X_K,E_ITSPT2,PC_ENT_CUSE,ME,,NaN,,NaN,,NaN
A,GE10,G45-S951_X_K,E_ITSPT2,PC_ENT_CUSE,MK,,NaN,,NaN,,NaN
A,GE10,G45-S951_X_K,E_ITSPT2,PC_ENT_CUSE,MT,,NaN,,NaN,,NaN
A,GE10,G45-S951_X_K,E_ITSPT2,PC_ENT_CUSE,NL,,NaN,,NaN,,NaN
A,GE10,G45-S951_X_K,E_ITSPT2,PC_ENT_CUSE,NO,,NaN,,NaN,,NaN
A,GE10,G45-S951_X_K,E_ITSPT2,PC_ENT_CUSE,PL,,NaN,,NaN,,NaN
A,GE10,G45-S951_X_K,E_ITSPT2,PC_ENT_CUSE,PT,,NaN,,NaN,,NaN
A,GE10,G45-S951_X_K,E_ITSPT2,PC_ENT_CUSE,RO,,NaN,,NaN,,NaN
A,GE10,G45-S951_X_K,E_ITSPT2,PC_ENT_CUSE,RS,,NaN,,NaN,,NaN
A,GE10,G45-S951_X_K,E_ITSPT2,PC_ENT_CUSE,SE,,NaN,,NaN,,NaN
A,GE10,G45-S951_X_K,E_ITSPT2,PC_ENT_CUSE,SI,,NaN,,NaN,,NaN
A,GE10,G45-S951_X_K,E_ITSPT2,PC_ENT_CUSE,SK,,NaN,,NaN,,NaN
A,GE10,G45-S951_X_K,E_ITSPT2,PC_ENT_CUSE,TR,,NaN,,NaN,,NaN
A,GE10,G45-S951_X_K,E_ITSPT2,PC_ENT_CUSE,UK,,NaN,,NaN,,NaN
A,GE10,G45-S951_X_K,E_ITT2,PC_ENT,AT,18.84,NaN,21.63,NaN,20.72,NaN
A,GE10,G45-S951_X_K,E_ITT2,PC_ENT,BA,17.84,NaN,19.98,NaN,22.88,NaN
A,GE10,G45-S951_X_K,E_ITT2,PC_ENT,BE,34.04,NaN,35.33,NaN,38.24,NaN
A,GE10,G45-S951_X_K,E_ITT2,PC_ENT,BG,8.08,NaN,11.38,NaN,11.74,NaN
A,GE10,G45-S951_X_K,E_ITT2,PC_ENT,CY,28.63,NaN,32.22,NaN,34.52,NaN
A,GE10,G45-S951_X_K,E_ITT2,PC_ENT,CZ,24.43,NaN,23.85,NaN,28.42,NaN
A,GE10,G45-S951_X_K,E_ITT2,PC_ENT,DE,24.88,NaN,29.37,NaN,28.01,NaN
A,GE10,G45-S951_X_K,E_ITT2,PC_ENT,DK,34.63,NaN,39.02,NaN,39.31,NaN
A,GE10,G45-S951_X_K,E_ITT2,PC_ENT,EA,21.43,NaN,24.68,NaN,23.2,NaN
A,GE10,G45-S951_X_K,E_ITT2,PC_ENT,EE,20.08,NaN,23.11,NaN,25.82,NaN
A,GE10,G45-S951_X_K,E_ITT2,PC_ENT,EL,11.47,NaN,13.61,NaN,13.53,NaN
A,GE10,G45-S951_X_K,E_ITT2,PC_ENT,ES,22.24,NaN,24.02,NaN,23.92,NaN
A,GE10,G45-S951_X_K,E_ITT2,PC_ENT,EU15,,NaN,,NaN,,NaN
A,GE10,G45-S951_X_K,E_ITT2,PC_ENT,EU27_2007,,NaN,,NaN,,NaN
A,GE10,G45-S951_X_K,E_ITT2,PC_ENT,EU27_2020,21.12,NaN,24.64,NaN,23.99,NaN
A,GE10,G45-S951_X_K,E_ITT2,PC_ENT,EU28,,NaN,,NaN,,NaN
A,GE10,G45-S951_X_K,E_ITT2,PC_ENT,FI,,u,,u,42.74,NaN
A,GE10,G45-S951_X_K,E_ITT2,PC_ENT,FR,15.79,NaN,17.12,b,14.11,NaN
A,GE10,G45-S951_X_K,E_ITT2,PC_ENT,HR,27.95,NaN,26.2,NaN,25.8,NaN
A,GE10,G45-S951_X_K,E_ITT2,PC_ENT,HU,16.68,NaN,19.44,NaN,20.89,NaN
A,GE10,G45-S951_X_K,E_ITT2,PC_ENT,IE,27.01,NaN,23.28,NaN,21.91,NaN
A,GE10,G45-S951_X_K,E_ITT2,PC_ENT,IS,,NaN,,NaN,,NaN
A,GE10,G45-S951_X_K,E_ITT2,PC_ENT,IT,16.47,NaN,20.55,NaN,17.96,NaN
A,GE10,G45-S951_X_K,E_ITT2,PC_ENT,LT,15.32,NaN,15.83,NaN,14.68,NaN
A,GE10,G45-S951_X_K,E_ITT2,PC_ENT,LU,24.77,NaN,25.06,NaN,28.04,NaN
A,GE10,G45-S951_X_K,E_ITT2,PC_ENT,LV,18.37,NaN,16.87,NaN,17.82,NaN
A,GE10,G45-S951_X_K,E_ITT2,PC_ENT,ME,27.87,NaN,24.13,NaN,32.8,NaN
A,GE10,G45-S951_X_K,E_ITT2,PC_ENT,MK,13.12,NaN,13.09,NaN,,NaN
A,GE10,G45-S951_X_K,E_ITT2,PC_ENT,MT,30.49,NaN,30.72,NaN,33.27,NaN
A,GE10,G45-S951_X_K,E_ITT2,PC_ENT,NL,24.57,NaN,30.55,NaN,27.3,NaN
A,GE10,G45-S951_X_K,E_ITT2,PC_ENT,NO,34.99,NaN,35.85,NaN,33.72,NaN
A,GE10,G45-S951_X_K,E_ITT2,PC_ENT,PL,20.56,NaN,28.76,NaN,35.35,NaN
A,GE10,G45-S951_X_K,E_ITT2,PC_ENT,PT,24.55,NaN,28.42,NaN,31.13,NaN
A,GE10,G45-S951_X_K,E_ITT2,PC_ENT,RO,7.21,NaN,10.51,NaN,13.41,NaN
A,GE10,G45-S951_X_K,E_ITT2,PC_ENT,RS,17.48,NaN,23.4,NaN,34.32,NaN
A,GE10,G45-S951_X_K,E_ITT2,PC_ENT,SE,33.31,NaN,35.54,NaN,32.15,b
A,GE10,G45-S951_X_K,E_ITT2,PC_ENT,SI,29.89,NaN,33.86,NaN,32.0,NaN
A,GE10,G45-S951_X_K,E_ITT2,PC_ENT,SK,16.83,NaN,15.95,NaN,20.75,NaN
A,GE10,G45-S951_X_K,E_ITT2,PC_ENT,TR,12.55,NaN,18.58,NaN,16.6,NaN
A,GE10,G45-S951_X_K,E_ITT2,PC_ENT,UK,24.06,NaN,,NaN,,NaN
A,GE10,G45-S951_X_K,E_ITT2,PC_ENT_CUSE,AT,,NaN,,NaN,,NaN
A,GE10,G45-S951_X_K,E_ITT2,PC_ENT_CUSE,BA,,NaN,,NaN,,NaN
A,GE10,G45-S951_X_K,E_ITT2,PC_ENT_CUSE,BE,,NaN,,NaN,,NaN
A,GE10,G45-S951_X_K,E_ITT2,PC_ENT_CUSE,BG,,NaN,,NaN,,NaN
A,GE10,G45-S951_X_K,E_ITT2,PC_ENT_CUSE,CY,,NaN,,NaN,,NaN
A,GE10,G45-S951_X_K,E_ITT2,PC_ENT_CUSE,CZ,,NaN,,NaN,,NaN
A,GE10,G45-S951_X_K,E_ITT2,PC_ENT_CUSE,DE,,NaN,,NaN,,NaN
A,GE10,G45-S951_X_K,E_ITT2,PC_ENT_CUSE,DK,,NaN,,NaN,,NaN
A,GE10,G45-S951_X_K,E_ITT2,PC_ENT_CUSE,EA,,NaN,,NaN,,NaN
A,GE10,G45-S951_X_K,E_ITT2,PC_ENT_CUSE,EE,,NaN,,NaN,,NaN
A,GE10,G45-S951_X_K,E_ITT2,PC_ENT_CUSE,EL,,NaN,,NaN,,NaN
A,GE10,G45-S951_X_K,E_ITT2,PC_ENT_CUSE,ES,,NaN,,NaN,,NaN
A,GE10,G45-S951_X_K,E_ITT2,PC_ENT_CUSE,EU15,,NaN,,NaN,,NaN
A,GE10,G45-S951_X_K,E_ITT2,PC_ENT_CUSE,EU27_2007,,NaN,,NaN,,NaN
A,GE10,G45-S951_X_K,E_ITT2,PC_ENT_CUSE,EU27_2020,,NaN,,NaN,,NaN
A,GE10,G45-S951_X_K,E_ITT2,PC_ENT_CUSE,EU28,,NaN,,NaN,,NaN
A,GE10,G45-S951_X_K,E_ITT2,PC_ENT_CUSE,FI,,NaN,,NaN,,NaN
A,GE10,G45-S951_X_K,E_ITT2,PC_ENT_CUSE,FR,,NaN,,NaN,,NaN
A,GE10,G45-S951_X_K,E_ITT2,PC_ENT_CUSE,HR,,NaN,,NaN,,NaN
A,GE10,G45-S951_X_K,E_ITT2,PC_ENT_CUSE,HU,,NaN,,NaN,,NaN
A,GE10,G45-S951_X_K,E_ITT2,PC_ENT_CUSE,IE,,NaN,,NaN,,NaN
A,GE10,G45-S951_X_K,E_ITT2,PC_ENT_CUSE,IS,,NaN,,NaN,,NaN
A,GE10,G45-S951_X_K,E_ITT2,PC_ENT_CUSE,IT,,NaN,,NaN,,NaN
A,GE10,G45-S951_X_K,E_ITT2,PC_ENT_CUSE,LT,,NaN,,NaN,,NaN
A,GE10,G45-S951_X_K,E_ITT2,PC_ENT_CUSE,LU,,NaN,,NaN,,NaN
A,GE10,G45-S951_X_K,E_ITT2,PC_ENT_CUSE,LV,,NaN,,NaN,,NaN
A,GE10,G45-S951_X_K,E_ITT2,PC_ENT_CUSE,ME,,NaN,,NaN,,NaN
A,GE10,G45-S951_X_K,E_ITT2,PC_ENT_CUSE,MK,,NaN,,NaN,,NaN
A,GE10,G45-S951_X_K,E_ITT2,PC_ENT_CUSE,MT,,NaN,,NaN,,NaN
A,GE10,G45-S951_X_K,E_ITT2,PC_ENT_CUSE,NL,,NaN,,NaN,,NaN
A,GE10,G45-S951_X_K,E_ITT2,PC_ENT_CUSE,NO,,NaN,,NaN,,NaN
A,GE10,G45-S951_X_K,E_ITT2,PC_ENT_CUSE,PL,,NaN,,NaN,,NaN
A,GE10,G45-S951_X_K,E_ITT2,PC_ENT_CUSE,PT,,NaN,,NaN,,NaN
A,GE10,G45-S951_X_K,E_ITT2,PC_ENT_CUSE,RO,,NaN,,NaN,,NaN
A,GE10,G45-S951_X_K,E_ITT2,PC_ENT_CUSE,RS,,NaN,,NaN,,NaN
A,GE10,G45-S951_X_K,E_ITT2,PC_ENT_CUSE,SE,,NaN,,NaN,,NaN
A,GE10,G45-S951_X_K,E_ITT2,PC_ENT_CUSE,SI,,NaN,,NaN,,NaN
A,GE10,G45-S951_X_K,E_ITT2,PC_ENT_CUSE,SK,,NaN,,NaN,,NaN
A,GE10,G45-S951_X_K,E_ITT2,PC_ENT_CUSE,TR,,NaN,,NaN,,NaN
A,GE10,G45-S951_X_K,E_ITT2,PC_ENT_CUSE,UK,,NaN,,NaN,,NaN
A,GE10,G45-S951_X_K,E_ITUST2,PC_ENT,AT,15.09,NaN,15.74,NaN,16.68,NaN
A,GE10,G45-S951_X_K,E_ITUST2,PC_ENT,BA,13.71,NaN,17.03,NaN,19.02,NaN
A,GE10,G45-S951_X_K,E_ITUST2,PC_ENT,BE,30.79,NaN,31.29,NaN,35.21,NaN
A,GE10,G45-S951_X_K,E_ITUST2,PC_ENT,BG,4.99,NaN,7.48,NaN,7.24,NaN
A,GE10,G45-S951_X_K,E_ITUST2,PC_ENT,CY,25.2,NaN,29.19,NaN,31.17,NaN
A,GE10,G45-S951_X_K,E_ITUST2,PC_ENT,CZ,24.43,NaN,22.1,NaN,26.08,NaN
A,GE10,G45-S951_X_K,E_ITUST2,PC_ENT,DE,21.97,NaN,27.16,NaN,25.13,NaN
A,GE10,G45-S951_X_K,E_ITUST2,PC_ENT,DK,28.15,NaN,33.12,NaN,34.36,NaN
A,GE10,G45-S951_X_K,E_ITUST2,PC_ENT,EA,18.05,NaN,21.56,NaN,20.13,NaN
A,GE10,G45-S951_X_K,E_ITUST2,PC_ENT,EE,16.25,NaN,19.44,NaN,22.77,NaN
A,GE10,G45-S951_X_K,E_ITUST2,PC_ENT,EL,,u,10.82,NaN,10.67,NaN
A,GE10,G45-S951_X_K,E_ITUST2,PC_ENT,ES,18.25,NaN,20.76,NaN,21.39,NaN
A,GE10,G45-S951_X_K,E_ITUST2,PC_ENT,EU15,,NaN,,NaN,,NaN
A,GE10,G45-S951_X_K,E_ITUST2,PC_ENT,EU27_2007,,NaN,,NaN,,NaN
A,GE10,G45-S951_X_K,E_ITUST2,PC_ENT,EU27_2020,17.94,NaN,21.63,NaN,20.69,NaN
A,GE10,G45-S951_X_K,E_ITUST2,PC_ENT,EU28,,NaN,,NaN,,NaN
A,GE10,G45-S951_X_K,E_ITUST2,PC_ENT,FI,,u,,u,37.79,NaN
A,GE10,G45-S951_X_K,E_ITUST2,PC_ENT,FR,12.73,NaN,14.02,b,11.38,NaN
A,GE10,G45-S951_X_K,E_ITUST2,PC_ENT,HR,24.34,NaN,22.96,NaN,22.41,NaN
A,GE10,G45-S951_X_K,E_ITUST2,PC_ENT,HU,13.6,NaN,15.56,NaN,17.25,NaN
A,GE10,G45-S951_X_K,E_ITUST2,PC_ENT,IE,24.21,NaN,19.5,NaN,17.07,NaN
A,GE10,G45-S951_X_K,E_ITUST2,PC_ENT,IS,,NaN,,NaN,,NaN
A,GE10,G45-S951_X_K,E_ITUST2,PC_ENT,IT,12.2,NaN,16.87,NaN,15.06,NaN
A,GE10,G45-S951_X_K,E_ITUST2,PC_ENT,LT,13.03,NaN,13.32,NaN,12.18,NaN
A,GE10,G45-S951_X_K,E_ITUST2,PC_ENT,LU,21.17,NaN,22.22,NaN,24.65,NaN
A,GE10,G45-S951_X_K,E_ITUST2,PC_ENT,LV,16.24,NaN,14.17,NaN,15.87,NaN
A,GE10,G45-S951_X_K,E_ITUST2,PC_ENT,ME,15.26,NaN,16.87,NaN,24.76,NaN
A,GE10,G45-S951_X_K,E_ITUST2,PC_ENT,MK,11.13,NaN,10.63,NaN,,NaN
A,GE10,G45-S951_X_K,E_ITUST2,PC_ENT,MT,27.48,NaN,25.51,NaN,30.75,NaN
A,GE10,G45-S951_X_K,E_ITUST2,PC_ENT,NL,19.52,NaN,25.51,NaN,22.19,NaN
A,GE10,G45-S951_X_K,E_ITUST2,PC_ENT,NO,32.55,NaN,33.59,NaN,32.18,NaN
A,GE10,G45-S951_X_K,E_ITUST2,PC_ENT,PL,18.36,NaN,26.96,NaN,28.68,NaN
A,GE10,G45-S951_X_K,E_ITUST2,PC_ENT,PT,21.21,NaN,26.17,NaN,28.45,NaN
A,GE10,G45-S951_X_K,E_ITUST2,PC_ENT,RO,5.56,NaN,8.22,NaN,10.89,NaN
A,GE10,G45-S951_X_K,E_ITUST2,PC_ENT,RS,16.11,NaN,19.83,NaN,31.79,NaN
A,GE10,G45-S951_X_K,E_ITUST2,PC_ENT,SE,30.45,NaN,33.16,NaN,29.69,b
A,GE10,G45-S951_X_K,E_ITUST2,PC_ENT,SI,26.51,NaN,30.42,NaN,28.45,NaN
A,GE10,G45-S951_X_K,E_ITUST2,PC_ENT,SK,14.01,NaN,13.69,NaN,17.13,NaN
A,GE10,G45-S951_X_K,E_ITUST2,PC_ENT,TR,10.23,NaN,16.87,NaN,15.26,NaN
A,GE10,G45-S951_X_K,E_ITUST2,PC_ENT,UK,19.79,NaN,,NaN,,NaN
A,GE10,G45-S951_X_K,E_ITUST2,PC_ENT_CUSE,AT,,NaN,,NaN,,NaN
A,GE10,G45-S951_X_K,E_ITUST2,PC_ENT_CUSE,BA,,NaN,,NaN,,NaN
A,GE10,G45-S951_X_K,E_ITUST2,PC_ENT_CUSE,BE,,NaN,,NaN,,NaN
A,GE10,G45-S951_X_K,E_ITUST2,PC_ENT_CUSE,BG,,NaN,,NaN,,NaN
A,GE10,G45-S951_X_K,E_ITUST2,PC_ENT_CUSE,CY,,NaN,,NaN,,NaN
A,GE10,G45-S951_X_K,E_ITUST2,PC_ENT_CUSE,CZ,,NaN,,NaN,,NaN
A,GE10,G45-S951_X_K,E_ITUST2,PC_ENT_CUSE,DE,,NaN,,NaN,,NaN
A,GE10,G45-S951_X_K,E_ITUST2,PC_ENT_CUSE,DK,,NaN,,NaN,,NaN
A,GE10,G45-S951_X_K,E_ITUST2,PC_ENT_CUSE,EA,,NaN,,NaN,,NaN
A,GE10,G45-S951_X_K,E_ITUST2,PC_ENT_CUSE,EE,,NaN,,NaN,,NaN
A,GE10,G45-S951_X_K,E_ITUST2,PC_ENT_CUSE,EL,,NaN,,NaN,,NaN
A,GE10,G45-S951_X_K,E_ITUST2,PC_ENT_CUSE,ES,,NaN,,NaN,,NaN
A,GE10,G45-S951_X_K,E_ITUST2,PC_ENT_CUSE,EU15,,NaN,,NaN,,NaN
A,GE10,G45-S951_X_K,E_ITUST2,PC_ENT_CUSE,EU27_2007,,NaN,,NaN,,NaN
A,GE10,G45-S951_X_K,E_ITUST2,PC_ENT_CUSE,EU27_2020,,NaN,,NaN,,NaN
A,GE10,G45-S951_X_K,E_ITUST2,PC_ENT_CUSE,EU28,,NaN,,NaN,,NaN
A,GE10,G45-S951_X_K,E_ITUST2,PC_ENT_CUSE,FI,,NaN,,NaN,,NaN
A,GE10,G45-S951_X_K,E_ITUST2,PC_ENT_CUSE,FR,,NaN,,NaN,,NaN
A,GE10,G45-S951_X_K,E_ITUST2,PC_ENT_CUSE,HR,,NaN,,NaN,,NaN
A,GE10,G45-S951_X_K,E_ITUST2,PC_ENT_CUSE,HU,,NaN,,NaN,,NaN
A,GE10,G45-S951_X_K,E_ITUST2,PC_ENT_CUSE,IE,,NaN,,NaN,,NaN
A,GE10,G45-S951_X_K,E_ITUST2,PC_ENT_CUSE,IS,,NaN,,NaN,,NaN
A,GE10,G45-S951_X_K,E_ITUST2,PC_ENT_CUSE,IT,,NaN,,NaN,,NaN
A,GE10,G45-S951_X_K,E_ITUST2,PC_ENT_CUSE,LT,,NaN,,NaN,,NaN
A,GE10,G45-S951_X_K,E_ITUST2,PC_ENT_CUSE,LU,,NaN,,NaN,,NaN
A,GE10,G45-S951_X_K,E_ITUST2,PC_ENT_CUSE,LV,,NaN,,NaN,,NaN
A,GE10,G45-S951_X_K,E_ITUST2,PC_ENT_CUSE,ME,,NaN,,NaN,,NaN
A,GE10,G45-S951_X_K,E_ITUST2,PC_ENT_CUSE,MK,,NaN,,NaN,,NaN
A,GE10,G45-S951_X_K,E_ITUST2,PC_ENT_CUSE,MT,,NaN,,NaN,,NaN
A,GE10,G45-S951_X_K,E_ITUST2,PC_ENT_CUSE,NL,,NaN,,NaN,,NaN
A,GE10,G45-S951_X_K,E_ITUST2,PC_ENT_CUSE,NO,,NaN,,NaN,,NaN
A,GE10,G45-S951_X_K,E_ITUST2,PC_ENT_CUSE,PL,,NaN,,NaN,,NaN
A,GE10,G45-S951_X_K,E_ITUST2,PC_ENT_CUSE,PT,,NaN,,NaN,,NaN
A,GE10,G45-S951_X_K,E_ITUST2,PC_ENT_CUSE,RO,,NaN,,NaN,,NaN
A,GE10,G45-S951_X_K,E_ITUST2,PC_ENT_CUSE,RS,,NaN,,NaN,,NaN
A,GE10,G45-S951_X_K,E_ITUST2,PC_ENT_CUSE,SE,,NaN,,NaN,,NaN
A,GE10,G45-S951_X_K,E_ITUST2,PC_ENT_CUSE,SI,,NaN,,NaN,,NaN
A,GE10,G45-S951_X_K,E_ITUST2,PC_ENT_CUSE,SK,,NaN,,NaN,,NaN
A,GE10,G45-S951_X_K,E_ITUST2,PC_ENT_CUSE,TR,,NaN,,NaN,,NaN
A,GE10,G45-S951_X_K,E_ITUST2,PC_ENT_CUSE,UK,,NaN,,NaN,,NaN
A,GE10,G46,E_ITSP2X_ITT2,PC_ENT,AT,6.72,NaN,6.9,NaN,10.33,NaN
A,GE10,G46,E_ITSP2X_ITT2,PC_ENT,BA,7.9,NaN,,u,,u
A,GE10,G46,E_ITSP2X_ITT2,PC_ENT,BE,12.73,NaN,12.79,NaN,20.88,NaN
A,GE10,G46,E_ITSP2X_ITT2,PC_ENT,BG,1.78,NaN,3.23,NaN,3.7,NaN
A,GE10,G46,E_ITSP2X_ITT2,PC_ENT,CY,9.65,NaN,12.01,NaN,13.81,NaN
A,GE10,G46,E_ITSP2X_ITT2,PC_ENT,CZ,20.41,NaN,10.5,NaN,19.53,NaN
A,GE10,G46,E_ITSP2X_ITT2,PC_ENT,DE,13.07,NaN,12.33,NaN,11.46,NaN
A,GE10,G46,E_ITSP2X_ITT2,PC_ENT,DK,14.08,NaN,15.54,NaN,17.21,NaN
A,GE10,G46,E_ITSP2X_ITT2,PC_ENT,EA,9.26,NaN,10.58,NaN,10.6,NaN
A,GE10,G46,E_ITSP2X_ITT2,PC_ENT,EE,9.05,NaN,12.48,NaN,10.58,NaN
A,GE10,G46,E_ITSP2X_ITT2,PC_ENT,EL,,u,6.12,NaN,5.37,NaN
A,GE10,G46,E_ITSP2X_ITT2,PC_ENT,ES,9.94,NaN,14.07,NaN,13.16,NaN
A,GE10,G46,E_ITSP2X_ITT2,PC_ENT,EU15,,NaN,,NaN,,NaN
A,GE10,G46,E_ITSP2X_ITT2,PC_ENT,EU27_2007,,NaN,,NaN,,NaN
A,GE10,G46,E_ITSP2X_ITT2,PC_ENT,EU27_2020,9.35,NaN,10.51,NaN,10.94,NaN
A,GE10,G46,E_ITSP2X_ITT2,PC_ENT,EU28,,NaN,,NaN,,NaN
A,GE10,G46,E_ITSP2X_ITT2,PC_ENT,FI,,u,,u,,u
A,GE10,G46,E_ITSP2X_ITT2,PC_ENT,FR,4.37,NaN,4.83,b,4.86,NaN
A,GE10,G46,E_ITSP2X_ITT2,PC_ENT,HR,17.71,NaN,13.06,NaN,15.55,NaN
A,GE10,G46,E_ITSP2X_ITT2,PC_ENT,HU,4.48,NaN,5.63,NaN,9.7,NaN
A,GE10,G46,E_ITSP2X_ITT2,PC_ENT,IE,5.93,NaN,10.91,NaN,9.7,NaN
A,GE10,G46,E_ITSP2X_ITT2,PC_ENT,IT,,u,,u,,u
A,GE10,G46,E_ITSP2X_ITT2,PC_ENT,LT,10.24,NaN,8.13,NaN,3.87,NaN
A,GE10,G46,E_ITSP2X_ITT2,PC_ENT,LU,,u,,u,,u
A,GE10,G46,E_ITSP2X_ITT2,PC_ENT,LV,5.53,NaN,6.4,NaN,8.74,NaN
A,GE10,G46,E_ITSP2X_ITT2,PC_ENT,ME,,u,7.34,NaN,9.64,NaN
A,GE10,G46,E_ITSP2X_ITT2,PC_ENT,MK,,NaN,,u,,NaN
A,GE10,G46,E_ITSP2X_ITT2,PC_ENT,MT,12.56,NaN,9.45,NaN,9.61,NaN
A,GE10,G46,E_ITSP2X_ITT2,PC_ENT,NL,2.77,NaN,8.4,NaN,8.25,NaN
A,GE10,G46,E_ITSP2X_ITT2,PC_ENT,NO,21.73,NaN,17.67,NaN,19.25,NaN
A,GE10,G46,E_ITSP2X_ITT2,PC_ENT,PL,7.32,NaN,11.46,NaN,14.02,NaN
A,GE10,G46,E_ITSP2X_ITT2,PC_ENT,PT,13.91,NaN,9.85,NaN,16.51,NaN
A,GE10,G46,E_ITSP2X_ITT2,PC_ENT,RO,2.63,NaN,2.72,NaN,3.73,NaN
A,GE10,G46,E_ITSP2X_ITT2,PC_ENT,RS,4.23,NaN,3.28,NaN,5.8,NaN
A,GE10,G46,E_ITSP2X_ITT2,PC_ENT,SE,22.2,NaN,22.21,NaN,13.43,b
A,GE10,G46,E_ITSP2X_ITT2,PC_ENT,SI,17.2,NaN,20.92,NaN,16.26,NaN
A,GE10,G46,E_ITSP2X_ITT2,PC_ENT,SK,7.3,NaN,5.3,NaN,11.38,NaN
A,GE10,G46,E_ITSP2X_ITT2,PC_ENT,TR,5.11,NaN,7.59,NaN,6.16,NaN
A,GE10,G46,E_ITSP2X_ITT2,PC_ENT,UK,10.39,NaN,,NaN,,NaN
A,GE10,G46,E_ITSP2X_ITT2,PC_ENT_CUSE,AT,,NaN,,NaN,,NaN
A,GE10,G46,E_ITSP2X_ITT2,PC_ENT_CUSE,BA,,NaN,,NaN,,NaN
A,GE10,G46,E_ITSP2X_ITT2,PC_ENT_CUSE,BE,,NaN,,NaN,,NaN
A,GE10,G46,E_ITSP2X_ITT2,PC_ENT_CUSE,BG,,NaN,,NaN,,NaN
A,GE10,G46,E_ITSP2X_ITT2,PC_ENT_CUSE,CY,,NaN,,NaN,,NaN
A,GE10,G46,E_ITSP2X_ITT2,PC_ENT_CUSE,CZ,,NaN,,NaN,,NaN
A,GE10,G46,E_ITSP2X_ITT2,PC_ENT_CUSE,DE,,NaN,,NaN,,NaN
A,GE10,G46,E_ITSP2X_ITT2,PC_ENT_CUSE,DK,,NaN,,NaN,,NaN
A,GE10,G46,E_ITSP2X_ITT2,PC_ENT_CUSE,EA,,NaN,,NaN,,NaN
A,GE10,G46,E_ITSP2X_ITT2,PC_ENT_CUSE,EE,,NaN,,NaN,,NaN
A,GE10,G46,E_ITSP2X_ITT2,PC_ENT_CUSE,EL,,NaN,,NaN,,NaN
A,GE10,G46,E_ITSP2X_ITT2,PC_ENT_CUSE,ES,,NaN,,NaN,,NaN
A,GE10,G46,E_ITSP2X_ITT2,PC_ENT_CUSE,EU15,,NaN,,NaN,,NaN
A,GE10,G46,E_ITSP2X_ITT2,PC_ENT_CUSE,EU27_2007,,NaN,,NaN,,NaN
A,GE10,G46,E_ITSP2X_ITT2,PC_ENT_CUSE,EU27_2020,,NaN,,NaN,,NaN
A,GE10,G46,E_ITSP2X_ITT2,PC_ENT_CUSE,EU28,,NaN,,NaN,,NaN
A,GE10,G46,E_ITSP2X_ITT2,PC_ENT_CUSE,FI,,NaN,,NaN,,NaN
A,GE10,G46,E_ITSP2X_ITT2,PC_ENT_CUSE,FR,,NaN,,NaN,,NaN
A,GE10,G46,E_ITSP2X_ITT2,PC_ENT_CUSE,HR,,NaN,,NaN,,NaN
A,GE10,G46,E_ITSP2X_ITT2,PC_ENT_CUSE,HU,,NaN,,NaN,,NaN
A,GE10,G46,E_ITSP2X_ITT2,PC_ENT_CUSE,IE,,NaN,,NaN,,NaN
A,GE10,G46,E_ITSP2X_ITT2,PC_ENT_CUSE,IT,,NaN,,NaN,,NaN
A,GE10,G46,E_ITSP2X_ITT2,PC_ENT_CUSE,LT,,NaN,,NaN,,NaN
A,GE10,G46,E_ITSP2X_ITT2,PC_ENT_CUSE,LU,,NaN,,NaN,,NaN
A,GE10,G46,E_ITSP2X_ITT2,PC_ENT_CUSE,LV,,NaN,,NaN,,NaN
A,GE10,G46,E_ITSP2X_ITT2,PC_ENT_CUSE,ME,,NaN,,NaN,,NaN
A,GE10,G46,E_ITSP2X_ITT2,PC_ENT_CUSE,MK,,NaN,,NaN,,NaN
A,GE10,G46,E_ITSP2X_ITT2,PC_ENT_CUSE,MT,,NaN,,NaN,,NaN
A,GE10,G46,E_ITSP2X_ITT2,PC_ENT_CUSE,NL,,NaN,,NaN,,NaN
A,GE10,G46,E_ITSP2X_ITT2,PC_ENT_CUSE,NO,,NaN,,NaN,,NaN
A,GE10,G46,E_ITSP2X_ITT2,PC_ENT_CUSE,PL,,NaN,,NaN,,NaN
A,GE10,G46,E_ITSP2X_ITT2,PC_ENT_CUSE,PT,,NaN,,NaN,,NaN
A,GE10,G46,E_ITSP2X_ITT2,PC_ENT_CUSE,RO,,NaN,,NaN,,NaN
A,GE10,G46,E_ITSP2X_ITT2,PC_ENT_CUSE,RS,,NaN,,NaN,,NaN
A,GE10,G46,E_ITSP2X_ITT2,PC_ENT_CUSE,SE,,NaN,,NaN,,NaN
A,GE10,G46,E_ITSP2X_ITT2,PC_ENT_CUSE,SI,,NaN,,NaN,,NaN
A,GE10,G46,E_ITSP2X_ITT2,PC_ENT_CUSE,SK,,NaN,,NaN,,NaN
A,GE10,G46,E_ITSP2X_ITT2,PC_ENT_CUSE,TR,,NaN,,NaN,,NaN
A,GE10,G46,E_ITSP2X_ITT2,PC_ENT_CUSE,UK,,NaN,,NaN,,NaN
A,GE10,G46,E_ITSP2_ITT2,PC_ENT,AT,22.94,NaN,25.56,NaN,20.43,NaN
A,GE10,G46,E_ITSP2_ITT2,PC_ENT,BA,8.26,NaN,7.72,NaN,14.36,NaN
A,GE10,G46,E_ITSP2_ITT2,PC_ENT,BE,28.81,NaN,29.49,NaN,31.4,NaN
A,GE10,G46,E_ITSP2_ITT2,PC_ENT,BG,3.77,NaN,8.59,NaN,8.63,NaN
A,GE10,G46,E_ITSP2_ITT2,PC_ENT,CY,17.69,NaN,15.14,NaN,17.76,NaN
A,GE10,G46,E_ITSP2_ITT2,PC_ENT,CZ,10.63,NaN,10.77,NaN,15.2,NaN
A,GE10,G46,E_ITSP2_ITT2,PC_ENT,DE,21.09,NaN,19.94,NaN,23.51,NaN
A,GE10,G46,E_ITSP2_ITT2,PC_ENT,DK,20.76,NaN,27.56,NaN,25.16,NaN
A,GE10,G46,E_ITSP2_ITT2,PC_ENT,EA,15.71,NaN,17.96,NaN,17.24,NaN
A,GE10,G46,E_ITSP2_ITT2,PC_ENT,EE,7.7,NaN,10.83,NaN,13.04,NaN
A,GE10,G46,E_ITSP2_ITT2,PC_ENT,EL,,u,21.11,NaN,11.63,NaN
A,GE10,G46,E_ITSP2_ITT2,PC_ENT,ES,11.45,NaN,12.85,NaN,12.92,NaN
A,GE10,G46,E_ITSP2_ITT2,PC_ENT,EU15,,NaN,,NaN,,NaN
A,GE10,G46,E_ITSP2_ITT2,PC_ENT,EU27_2007,,NaN,,NaN,,NaN
A,GE10,G46,E_ITSP2_ITT2,PC_ENT,EU27_2020,14.87,NaN,17.31,NaN,17.59,NaN
A,GE10,G46,E_ITSP2_ITT2,PC_ENT,EU28,,NaN,,NaN,,NaN
A,GE10,G46,E_ITSP2_ITT2,PC_ENT,FI,,u,,u,,u
A,GE10,G46,E_ITSP2_ITT2,PC_ENT,FR,12.9,NaN,15.43,b,11.04,NaN
A,GE10,G46,E_ITSP2_ITT2,PC_ENT,HR,10.1,NaN,10.3,NaN,8.73,NaN
A,GE10,G46,E_ITSP2_ITT2,PC_ENT,HU,12.78,NaN,16.71,NaN,15.81,NaN
A,GE10,G46,E_ITSP2_ITT2,PC_ENT,IE,22.95,NaN,25.64,NaN,17.64,NaN
A,GE10,G46,E_ITSP2_ITT2,PC_ENT,IT,,u,,u,,u
A,GE10,G46,E_ITSP2_ITT2,PC_ENT,LT,13.81,NaN,12.44,NaN,9.93,NaN
A,GE10,G46,E_ITSP2_ITT2,PC_ENT,LU,,u,,u,,u
A,GE10,G46,E_ITSP2_ITT2,PC_ENT,LV,14.71,NaN,12.32,NaN,9.19,NaN
A,GE10,G46,E_ITSP2_ITT2,PC_ENT,ME,21.81,NaN,18.59,NaN,16.88,NaN
A,GE10,G46,E_ITSP2_ITT2,PC_ENT,MK,13.13,NaN,17.53,NaN,,NaN
A,GE10,G46,E_ITSP2_ITT2,PC_ENT,MT,17.05,NaN,18.18,NaN,17.52,NaN
A,GE10,G46,E_ITSP2_ITT2,PC_ENT,NL,20.56,NaN,26.34,NaN,23.74,NaN
A,GE10,G46,E_ITSP2_ITT2,PC_ENT,NO,18.8,NaN,28.85,NaN,23.51,NaN
A,GE10,G46,E_ITSP2_ITT2,PC_ENT,PL,13.95,NaN,19.42,NaN,24.24,NaN
A,GE10,G46,E_ITSP2_ITT2,PC_ENT,PT,15.97,NaN,17.07,NaN,17.35,NaN
A,GE10,G46,E_ITSP2_ITT2,PC_ENT,RO,3.55,NaN,4.01,NaN,6.28,NaN
A,GE10,G46,E_ITSP2_ITT2,PC_ENT,RS,5.91,NaN,8.83,NaN,5.3,NaN
A,GE10,G46,E_ITSP2_ITT2,PC_ENT,SE,24.49,NaN,21.39,NaN,29.76,b
A,GE10,G46,E_ITSP2_ITT2,PC_ENT,SI,13.86,NaN,15.39,NaN,19.23,NaN
A,GE10,G46,E_ITSP2_ITT2,PC_ENT,SK,10.48,NaN,14.25,NaN,12.25,NaN
A,GE10,G46,E_ITSP2_ITT2,PC_ENT,TR,8.74,NaN,9.76,NaN,8.13,NaN
A,GE10,G46,E_ITSP2_ITT2,PC_ENT,UK,16.58,NaN,,NaN,,NaN
A,GE10,G46,E_ITSP2_ITT2,PC_ENT_CUSE,AT,,NaN,,NaN,,NaN
A,GE10,G46,E_ITSP2_ITT2,PC_ENT_CUSE,BA,,NaN,,NaN,,NaN
A,GE10,G46,E_ITSP2_ITT2,PC_ENT_CUSE,BE,,NaN,,NaN,,NaN
A,GE10,G46,E_ITSP2_ITT2,PC_ENT_CUSE,BG,,NaN,,NaN,,NaN
A,GE10,G46,E_ITSP2_ITT2,PC_ENT_CUSE,CY,,NaN,,NaN,,NaN
A,GE10,G46,E_ITSP2_ITT2,PC_ENT_CUSE,CZ,,NaN,,NaN,,NaN
A,GE10,G46,E_ITSP2_ITT2,PC_ENT_CUSE,DE,,NaN,,NaN,,NaN
A,GE10,G46,E_ITSP2_ITT2,PC_ENT_CUSE,DK,,NaN,,NaN,,NaN
A,GE10,G46,E_ITSP2_ITT2,PC_ENT_CUSE,EA,,NaN,,NaN,,NaN
A,GE10,G46,E_ITSP2_ITT2,PC_ENT_CUSE,EE,,NaN,,NaN,,NaN
A,GE10,G46,E_ITSP2_ITT2,PC_ENT_CUSE,EL,,NaN,,NaN,,NaN
A,GE10,G46,E_ITSP2_ITT2,PC_ENT_CUSE,ES,,NaN,,NaN,,NaN
A,GE10,G46,E_ITSP2_ITT2,PC_ENT_CUSE,EU15,,NaN,,NaN,,NaN
A,GE10,G46,E_ITSP2_ITT2,PC_ENT_CUSE,EU27_2007,,NaN,,NaN,,NaN
A,GE10,G46,E_ITSP2_ITT2,PC_ENT_CUSE,EU27_2020,,NaN,,NaN,,NaN
A,GE10,G46,E_ITSP2_ITT2,PC_ENT_CUSE,EU28,,NaN,,NaN,,NaN
A,GE10,G46,E_ITSP2_ITT2,PC_ENT_CUSE,FI,,NaN,,NaN,,NaN
A,GE10,G46,E_ITSP2_ITT2,PC_ENT_CUSE,FR,,NaN,,NaN,,NaN
A,GE10,G46,E_ITSP2_ITT2,PC_ENT_CUSE,HR,,NaN,,NaN,,NaN
A,GE10,G46,E_ITSP2_ITT2,PC_ENT_CUSE,HU,,NaN,,NaN,,NaN
A,GE10,G46,E_ITSP2_ITT2,PC_ENT_CUSE,IE,,NaN,,NaN,,NaN
A,GE10,G46,E_ITSP2_ITT2,PC_ENT_CUSE,IT,,NaN,,NaN,,NaN
A,GE10,G46,E_ITSP2_ITT2,PC_ENT_CUSE,LT,,NaN,,NaN,,NaN
A,GE10,G46,E_ITSP2_ITT2,PC_ENT_CUSE,LU,,NaN,,NaN,,NaN
A,GE10,G46,E_ITSP2_ITT2,PC_ENT_CUSE,LV,,NaN,,NaN,,NaN
A,GE10,G46,E_ITSP2_ITT2,PC_ENT_CUSE,ME,,NaN,,NaN,,NaN
A,GE10,G46,E_ITSP2_ITT2,PC_ENT_CUSE,MK,,NaN,,NaN,,NaN
A,GE10,G46,E_ITSP2_ITT2,PC_ENT_CUSE,MT,,NaN,,NaN,,NaN
A,GE10,G46,E_ITSP2_ITT2,PC_ENT_CUSE,NL,,NaN,,NaN,,NaN
A,GE10,G46,E_ITSP2_ITT2,PC_ENT_CUSE,NO,,NaN,,NaN,,NaN
A,GE10,G46,E_ITSP2_ITT2,PC_ENT_CUSE,PL,,NaN,,NaN,,NaN
A,GE10,G46,E_ITSP2_ITT2,PC_ENT_CUSE,PT,,NaN,,NaN,,NaN
A,GE10,G46,E_ITSP2_ITT2,PC_ENT_CUSE,RO,,NaN,,NaN,,NaN
A,GE10,G46,E_ITSP2_ITT2,PC_ENT_CUSE,RS,,NaN,,NaN,,NaN
A,GE10,G46,E_ITSP2_ITT2,PC_ENT_CUSE,SE,,NaN,,NaN,,NaN
A,GE10,G46,E_ITSP2_ITT2,PC_ENT_CUSE,SI,,NaN,,NaN,,NaN
A,GE10,G46,E_ITSP2_ITT2,PC_ENT_CUSE,SK,,NaN,,NaN,,NaN
A,GE10,G46,E_ITSP2_ITT2,PC_ENT_CUSE,TR,,NaN,,NaN,,NaN
A,GE10,G46,E_ITSP2_ITT2,PC_ENT_CUSE,UK,,NaN,,NaN,,NaN
A,GE10,G46,E_ITSPT2,PC_ENT,AT,18.06,NaN,23.92,NaN,18.88,NaN
A,GE10,G46,E_ITSPT2,PC_ENT,BA,7.48,NaN,,u,13.01,NaN
A,GE10,G46,E_ITSPT2,PC_ENT,BE,23.11,NaN,23.8,NaN,25.89,NaN
A,GE10,G46,E_ITSPT2,PC_ENT,BG,3.49,NaN,7.29,NaN,7.52,NaN
A,GE10,G46,E_ITSPT2,PC_ENT,CY,13.47,NaN,11.78,NaN,13.26,NaN
A,GE10,G46,E_ITSPT2,PC_ENT,CZ,9.69,NaN,8.62,NaN,14.04,NaN
A,GE10,G46,E_ITSPT2,PC_ENT,DE,17.56,NaN,17.28,NaN,20.12,NaN
A,GE10,G46,E_ITSPT2,PC_ENT,DK,17.95,NaN,25.27,NaN,22.12,NaN
A,GE10,G46,E_ITSPT2,PC_ENT,EA,13.43,NaN,15.74,NaN,14.85,NaN
A,GE10,G46,E_ITSPT2,PC_ENT,EE,7.34,NaN,9.84,NaN,11.45,NaN
A,GE10,G46,E_ITSPT2,PC_ENT,EL,,u,19.36,NaN,11.22,NaN
A,GE10,G46,E_ITSPT2,PC_ENT,ES,10.33,NaN,10.19,NaN,10.8,NaN
A,GE10,G46,E_ITSPT2,PC_ENT,EU15,,NaN,,NaN,,NaN
A,GE10,G46,E_ITSPT2,PC_ENT,EU27_2007,,NaN,,NaN,,NaN
A,GE10,G46,E_ITSPT2,PC_ENT,EU27_2020,12.37,NaN,14.46,NaN,15.09,NaN
A,GE10,G46,E_ITSPT2,PC_ENT,EU28,,NaN,,NaN,,NaN
A,GE10,G46,E_ITSPT2,PC_ENT,FI,,u,,u,,u
A,GE10,G46,E_ITSPT2,PC_ENT,FR,9.02,NaN,13.19,b,9.89,NaN
A,GE10,G46,E_ITSPT2,PC_ENT,HR,9.38,NaN,8.97,NaN,7.3,NaN
A,GE10,G46,E_ITSPT2,PC_ENT,HU,9.95,NaN,9.73,NaN,10.91,NaN
A,GE10,G46,E_ITSPT2,PC_ENT,IE,18.44,NaN,12.74,NaN,13.65,NaN
A,GE10,G46,E_ITSPT2,PC_ENT,IS,,NaN,,NaN,,NaN
A,GE10,G46,E_ITSPT2,PC_ENT,IT,,u,,u,,u
A,GE10,G46,E_ITSPT2,PC_ENT,LT,10.51,NaN,10.08,NaN,8.52,NaN
A,GE10,G46,E_ITSPT2,PC_ENT,LU,,u,,u,,u
A,GE10,G46,E_ITSPT2,PC_ENT,LV,11.59,NaN,9.52,NaN,8.26,NaN
A,GE10,G46,E_ITSPT2,PC_ENT,ME,19.72,NaN,17.47,NaN,8.66,NaN
A,GE10,G46,E_ITSPT2,PC_ENT,MK,,NaN,15.91,NaN,,NaN
A,GE10,G46,E_ITSPT2,PC_ENT,MT,13.92,NaN,13.53,NaN,15.29,NaN
A,GE10,G46,E_ITSPT2,PC_ENT,NL,17.79,NaN,25.8,NaN,21.28,NaN
A,GE10,G46,E_ITSPT2,PC_ENT,NO,20.12,NaN,25.01,NaN,21.33,NaN
A,GE10,G46,E_ITSPT2,PC_ENT,PL,8.58,NaN,10.99,NaN,22.18,NaN
A,GE10,G46,E_ITSPT2,PC_ENT,PT,12.7,NaN,12.86,NaN,15.95,NaN
A,GE10,G46,E_ITSPT2,PC_ENT,RO,3.52,NaN,3.97,NaN,4.85,NaN
A,GE10,G46,E_ITSPT2,PC_ENT,RS,5.68,NaN,8.73,NaN,5.2,NaN
A,GE10,G46,E_ITSPT2,PC_ENT,SE,17.29,NaN,15.92,NaN,19.85,b
A,GE10,G46,E_ITSPT2,PC_ENT,SI,12.1,NaN,11.49,NaN,15.14,NaN
A,GE10,G46,E_ITSPT2,PC_ENT,SK,8.66,NaN,10.38,NaN,10.33,NaN
A,GE10,G46,E_ITSPT2,PC_ENT,TR,7.13,NaN,7.19,NaN,6.6,NaN
A,GE10,G46,E_ITSPT2,PC_ENT,UK,12.05,NaN,,NaN,,NaN
A,GE10,G46,E_ITSPT2,PC_ENT_CUSE,AT,,NaN,,NaN,,NaN
A,GE10,G46,E_ITSPT2,PC_ENT_CUSE,BA,,NaN,,NaN,,NaN
A,GE10,G46,E_ITSPT2,PC_ENT_CUSE,BE,,NaN,,NaN,,NaN
A,GE10,G46,E_ITSPT2,PC_ENT_CUSE,BG,,NaN,,NaN,,NaN
A,GE10,G46,E_ITSPT2,PC_ENT_CUSE,CY,,NaN,,NaN,,NaN
A,GE10,G46,E_ITSPT2,PC_ENT_CUSE,CZ,,NaN,,NaN,,NaN
A,GE10,G46,E_ITSPT2,PC_ENT_CUSE,DE,,NaN,,NaN,,NaN
A,GE10,G46,E_ITSPT2,PC_ENT_CUSE,DK,,NaN,,NaN,,NaN
A,GE10,G46,E_ITSPT2,PC_ENT_CUSE,EA,,NaN,,NaN,,NaN
A,GE10,G46,E_ITSPT2,PC_ENT_CUSE,EE,,NaN,,NaN,,NaN
A,GE10,G46,E_ITSPT2,PC_ENT_CUSE,EL,,NaN,,NaN,,NaN
A,GE10,G46,E_ITSPT2,PC_ENT_CUSE,ES,,NaN,,NaN,,NaN
A,GE10,G46,E_ITSPT2,PC_ENT_CUSE,EU15,,NaN,,NaN,,NaN
A,GE10,G46,E_ITSPT2,PC_ENT_CUSE,EU27_2007,,NaN,,NaN,,NaN
A,GE10,G46,E_ITSPT2,PC_ENT_CUSE,EU27_2020,,NaN,,NaN,,NaN
A,GE10,G46,E_ITSPT2,PC_ENT_CUSE,EU28,,NaN,,NaN,,NaN
A,GE10,G46,E_ITSPT2,PC_ENT_CUSE,FI,,NaN,,NaN,,NaN
A,GE10,G46,E_ITSPT2,PC_ENT_CUSE,FR,,NaN,,NaN,,NaN
A,GE10,G46,E_ITSPT2,PC_ENT_CUSE,HR,,NaN,,NaN,,NaN
A,GE10,G46,E_ITSPT2,PC_ENT_CUSE,HU,,NaN,,NaN,,NaN
A,GE10,G46,E_ITSPT2,PC_ENT_CUSE,IE,,NaN,,NaN,,NaN
A,GE10,G46,E_ITSPT2,PC_ENT_CUSE,IS,,NaN,,NaN,,NaN
A,GE10,G46,E_ITSPT2,PC_ENT_CUSE,IT,,NaN,,NaN,,NaN
A,GE10,G46,E_ITSPT2,PC_ENT_CUSE,LT,,NaN,,NaN,,NaN
A,GE10,G46,E_ITSPT2,PC_ENT_CUSE,LU,,NaN,,NaN,,NaN
A,GE10,G46,E_ITSPT2,PC_ENT_CUSE,LV,,NaN,,NaN,,NaN
A,GE10,G46,E_ITSPT2,PC_ENT_CUSE,ME,,NaN,,NaN,,NaN
A,GE10,G46,E_ITSPT2,PC_ENT_CUSE,MK,,NaN,,NaN,,NaN
A,GE10,G46,E_ITSPT2,PC_ENT_CUSE,MT,,NaN,,NaN,,NaN
A,GE10,G46,E_ITSPT2,PC_ENT_CUSE,NL,,NaN,,NaN,,NaN
A,GE10,G46,E_ITSPT2,PC_ENT_CUSE,NO,,NaN,,NaN,,NaN
A,GE10,G46,E_ITSPT2,PC_ENT_CUSE,PL,,NaN,,NaN,,NaN
A,GE10,G46,E_ITSPT2,PC_ENT_CUSE,PT,,NaN,,NaN,,NaN
A,GE10,G46,E_ITSPT2,PC_ENT_CUSE,RO,,NaN,,NaN,,NaN
A,GE10,G46,E_ITSPT2,PC_ENT_CUSE,RS,,NaN,,NaN,,NaN
A,GE10,G46,E_ITSPT2,PC_ENT_CUSE,SE,,NaN,,NaN,,NaN
A,GE10,G46,E_ITSPT2,PC_ENT_CUSE,SI,,NaN,,NaN,,NaN
A,GE10,G46,E_ITSPT2,PC_ENT_CUSE,SK,,NaN,,NaN,,NaN
A,GE10,G46,E_ITSPT2,PC_ENT_CUSE,TR,,NaN,,NaN,,NaN
A,GE10,G46,E_ITSPT2,PC_ENT_CUSE,UK,,NaN,,NaN,,NaN
A,GE10,G46,E_ITT2,PC_ENT,AT,29.65,NaN,33.74,NaN,31.61,NaN
A,GE10,G46,E_ITT2,PC_ENT,BA,16.16,NaN,18.15,NaN,25.27,NaN
A,GE10,G46,E_ITT2,PC_ENT,BE,41.55,NaN,42.28,NaN,52.28,NaN
A,GE10,G46,E_ITT2,PC_ENT,BG,5.55,NaN,11.82,NaN,12.33,NaN
A,GE10,G46,E_ITT2,PC_ENT,CY,27.35,NaN,27.15,NaN,31.56,NaN
A,GE10,G46,E_ITT2,PC_ENT,CZ,31.04,NaN,21.27,NaN,34.73,NaN
A,GE10,G46,E_ITT2,PC_ENT,DE,34.19,NaN,32.27,NaN,34.97,NaN
A,GE10,G46,E_ITT2,PC_ENT,DK,34.84,NaN,43.11,NaN,42.37,NaN
A,GE10,G46,E_ITT2,PC_ENT,EA,25.72,NaN,28.8,NaN,27.95,NaN
A,GE10,G46,E_ITT2,PC_ENT,EE,16.75,NaN,23.63,NaN,23.62,NaN
A,GE10,G46,E_ITT2,PC_ENT,EL,,u,28.76,NaN,17.67,NaN
A,GE10,G46,E_ITT2,PC_ENT,ES,21.38,NaN,26.92,NaN,26.08,NaN
A,GE10,G46,E_ITT2,PC_ENT,EU15,,NaN,,NaN,,NaN
A,GE10,G46,E_ITT2,PC_ENT,EU27_2007,,NaN,,NaN,,NaN
A,GE10,G46,E_ITT2,PC_ENT,EU27_2020,24.79,NaN,28.04,NaN,28.61,NaN
A,GE10,G46,E_ITT2,PC_ENT,EU28,,NaN,,NaN,,NaN
A,GE10,G46,E_ITT2,PC_ENT,FI,,u,,u,,u
A,GE10,G46,E_ITT2,PC_ENT,FR,17.27,NaN,20.27,b,15.9,NaN
A,GE10,G46,E_ITT2,PC_ENT,HR,27.82,NaN,23.36,NaN,24.27,NaN
A,GE10,G46,E_ITT2,PC_ENT,HU,17.26,NaN,22.34,NaN,25.51,NaN
A,GE10,G46,E_ITT2,PC_ENT,IE,28.88,NaN,36.55,NaN,27.34,NaN
A,GE10,G46,E_ITT2,PC_ENT,IS,,NaN,,NaN,,NaN
A,GE10,G46,E_ITT2,PC_ENT,IT,,u,,u,,u
A,GE10,G46,E_ITT2,PC_ENT,LT,24.06,NaN,20.57,NaN,13.8,NaN
A,GE10,G46,E_ITT2,PC_ENT,LU,,u,,u,,u
A,GE10,G46,E_ITT2,PC_ENT,LV,20.24,NaN,18.72,NaN,17.94,NaN
A,GE10,G46,E_ITT2,PC_ENT,ME,,u,26.49,NaN,26.52,NaN
A,GE10,G46,E_ITT2,PC_ENT,MK,19.72,NaN,21.16,NaN,,NaN
A,GE10,G46,E_ITT2,PC_ENT,MT,29.62,NaN,27.63,NaN,27.13,NaN
A,GE10,G46,E_ITT2,PC_ENT,NL,29.67,NaN,34.74,NaN,31.99,NaN
A,GE10,G46,E_ITT2,PC_ENT,NO,40.53,NaN,46.53,NaN,42.76,NaN
A,GE10,G46,E_ITT2,PC_ENT,PL,21.27,NaN,30.87,NaN,38.26,NaN
A,GE10,G46,E_ITT2,PC_ENT,PT,,u,26.93,NaN,33.86,NaN
A,GE10,G46,E_ITT2,PC_ENT,RO,6.44,NaN,7.36,NaN,10.01,NaN
A,GE10,G46,E_ITT2,PC_ENT,RS,10.14,NaN,12.12,NaN,11.11,NaN
A,GE10,G46,E_ITT2,PC_ENT,SE,46.68,NaN,43.61,NaN,43.2,b
A,GE10,G46,E_ITT2,PC_ENT,SI,31.06,NaN,36.31,NaN,35.5,NaN
A,GE10,G46,E_ITT2,PC_ENT,SK,17.78,NaN,19.56,NaN,23.63,NaN
A,GE10,G46,E_ITT2,PC_ENT,TR,13.85,NaN,17.35,NaN,14.28,NaN
A,GE10,G46,E_ITT2,PC_ENT,UK,26.97,NaN,,NaN,,NaN
A,GE10,G46,E_ITT2,PC_ENT_CUSE,AT,,NaN,,NaN,,NaN
A,GE10,G46,E_ITT2,PC_ENT_CUSE,BA,,NaN,,NaN,,NaN
A,GE10,G46,E_ITT2,PC_ENT_CUSE,BE,,NaN,,NaN,,NaN
A,GE10,G46,E_ITT2,PC_ENT_CUSE,BG,,NaN,,NaN,,NaN
A,GE10,G46,E_ITT2,PC_ENT_CUSE,CY,,NaN,,NaN,,NaN
A,GE10,G46,E_ITT2,PC_ENT_CUSE,CZ,,NaN,,NaN,,NaN
A,GE10,G46,E_ITT2,PC_ENT_CUSE,DE,,NaN,,NaN,,NaN
A,GE10,G46,E_ITT2,PC_ENT_CUSE,DK,,NaN,,NaN,,NaN
A,GE10,G46,E_ITT2,PC_ENT_CUSE,EA,,NaN,,NaN,,NaN
A,GE10,G46,E_ITT2,PC_ENT_CUSE,EE,,NaN,,NaN,,NaN
A,GE10,G46,E_ITT2,PC_ENT_CUSE,EL,,NaN,,NaN,,NaN
A,GE10,G46,E_ITT2,PC_ENT_CUSE,ES,,NaN,,NaN,,NaN
A,GE10,G46,E_ITT2,PC_ENT_CUSE,EU15,,NaN,,NaN,,NaN
A,GE10,G46,E_ITT2,PC_ENT_CUSE,EU27_2007,,NaN,,NaN,,NaN
A,GE10,G46,E_ITT2,PC_ENT_CUSE,EU27_2020,,NaN,,NaN,,NaN
A,GE10,G46,E_ITT2,PC_ENT_CUSE,EU28,,NaN,,NaN,,NaN
A,GE10,G46,E_ITT2,PC_ENT_CUSE,FI,,NaN,,NaN,,NaN
A,GE10,G46,E_ITT2,PC_ENT_CUSE,FR,,NaN,,NaN,,NaN
A,GE10,G46,E_ITT2,PC_ENT_CUSE,HR,,NaN,,NaN,,NaN
A,GE10,G46,E_ITT2,PC_ENT_CUSE,HU,,NaN,,NaN,,NaN
A,GE10,G46,E_ITT2,PC_ENT_CUSE,IE,,NaN,,NaN,,NaN
A,GE10,G46,E_ITT2,PC_ENT_CUSE,IS,,NaN,,NaN,,NaN
A,GE10,G46,E_ITT2,PC_ENT_CUSE,IT,,NaN,,NaN,,NaN
A,GE10,G46,E_ITT2,PC_ENT_CUSE,LT,,NaN,,NaN,,NaN
A,GE10,G46,E_ITT2,PC_ENT_CUSE,LU,,NaN,,NaN,,NaN
A,GE10,G46,E_ITT2,PC_ENT_CUSE,LV,,NaN,,NaN,,NaN
A,GE10,G46,E_ITT2,PC_ENT_CUSE,ME,,NaN,,NaN,,NaN
A,GE10,G46,E_ITT2,PC_ENT_CUSE,MK,,NaN,,NaN,,NaN
A,GE10,G46,E_ITT2,PC_ENT_CUSE,MT,,NaN,,NaN,,NaN
A,GE10,G46,E_ITT2,PC_ENT_CUSE,NL,,NaN,,NaN,,NaN
A,GE10,G46,E_ITT2,PC_ENT_CUSE,NO,,NaN,,NaN,,NaN
A,GE10,G46,E_ITT2,PC_ENT_CUSE,PL,,NaN,,NaN,,NaN
A,GE10,G46,E_ITT2,PC_ENT_CUSE,PT,,NaN,,NaN,,NaN
A,GE10,G46,E_ITT2,PC_ENT_CUSE,RO,,NaN,,NaN,,NaN
A,GE10,G46,E_ITT2,PC_ENT_CUSE,RS,,NaN,,NaN,,NaN
A,GE10,G46,E_ITT2,PC_ENT_CUSE,SE,,NaN,,NaN,,NaN
A,GE10,G46,E_ITT2,PC_ENT_CUSE,SI,,NaN,,NaN,,NaN
A,GE10,G46,E_ITT2,PC_ENT_CUSE,SK,,NaN,,NaN,,NaN
A,GE10,G46,E_ITT2,PC_ENT_CUSE,TR,,NaN,,NaN,,NaN
A,GE10,G46,E_ITT2,PC_ENT_CUSE,UK,,NaN,,NaN,,NaN
A,GE10,G46,E_ITUST2,PC_ENT,AT,24.86,NaN,22.86,NaN,26.67,NaN
A,GE10,G46,E_ITUST2,PC_ENT,BA,13.09,NaN,15.83,NaN,22.47,NaN
A,GE10,G46,E_ITUST2,PC_ENT,BE,38.98,NaN,39.15,NaN,49.7,NaN
A,GE10,G46,E_ITUST2,PC_ENT,BG,4.26,NaN,7.57,NaN,8.74,NaN
A,GE10,G46,E_ITUST2,PC_ENT,CY,22.36,NaN,24.14,NaN,29.5,NaN
A,GE10,G46,E_ITUST2,PC_ENT,CZ,31.04,NaN,18.61,NaN,31.61,NaN
A,GE10,G46,E_ITUST2,PC_ENT,DE,29.98,NaN,29.47,NaN,30.46,NaN
A,GE10,G46,E_ITUST2,PC_ENT,DK,27.48,NaN,35.78,NaN,38.55,NaN
A,GE10,G46,E_ITUST2,PC_ENT,EA,21.66,NaN,24.57,NaN,23.87,NaN
A,GE10,G46,E_ITUST2,PC_ENT,EE,13.61,NaN,20.92,NaN,21.83,NaN
A,GE10,G46,E_ITUST2,PC_ENT,EL,,u,23.1,NaN,14.22,NaN
A,GE10,G46,E_ITUST2,PC_ENT,ES,17.64,NaN,23.59,NaN,23.02,NaN
A,GE10,G46,E_ITUST2,PC_ENT,EU15,,NaN,,NaN,,NaN
A,GE10,G46,E_ITUST2,PC_ENT,EU27_2007,,NaN,,NaN,,NaN
A,GE10,G46,E_ITUST2,PC_ENT,EU27_2020,21.22,NaN,24.21,NaN,24.49,NaN
A,GE10,G46,E_ITUST2,PC_ENT,EU28,,NaN,,NaN,,NaN
A,GE10,G46,E_ITUST2,PC_ENT,FI,,u,,u,,u
A,GE10,G46,E_ITUST2,PC_ENT,FR,14.84,NaN,14.95,b,11.24,NaN
A,GE10,G46,E_ITUST2,PC_ENT,HR,25.91,NaN,21.45,NaN,21.62,NaN
A,GE10,G46,E_ITUST2,PC_ENT,HU,13.89,NaN,18.66,NaN,22.66,NaN
A,GE10,G46,E_ITUST2,PC_ENT,IE,24.81,NaN,31.91,NaN,21.82,NaN
A,GE10,G46,E_ITUST2,PC_ENT,IS,,NaN,,NaN,,NaN
A,GE10,G46,E_ITUST2,PC_ENT,IT,,u,,u,,u
A,GE10,G46,E_ITUST2,PC_ENT,LT,20.49,NaN,18.07,NaN,12.04,NaN
A,GE10,G46,E_ITUST2,PC_ENT,LU,,u,,u,,u
A,GE10,G46,E_ITUST2,PC_ENT,LV,18.23,NaN,15.44,NaN,15.85,NaN
A,GE10,G46,E_ITUST2,PC_ENT,ME,,u,14.64,NaN,25.81,NaN
A,GE10,G46,E_ITUST2,PC_ENT,MK,17.39,NaN,16.4,NaN,,NaN
A,GE10,G46,E_ITUST2,PC_ENT,MT,24.98,NaN,22.54,NaN,26.06,NaN
A,GE10,G46,E_ITUST2,PC_ENT,NL,23.22,NaN,28.66,NaN,25.9,NaN
A,GE10,G46,E_ITUST2,PC_ENT,NO,37.62,NaN,41.82,NaN,39.89,NaN
A,GE10,G46,E_ITUST2,PC_ENT,PL,19.33,NaN,28.93,NaN,31.35,NaN
A,GE10,G46,E_ITUST2,PC_ENT,PT,24.87,NaN,24.77,NaN,29.42,NaN
A,GE10,G46,E_ITUST2,PC_ENT,RO,5.46,NaN,5.88,NaN,8.74,NaN
A,GE10,G46,E_ITUST2,PC_ENT,RS,10.14,NaN,6.62,NaN,9.67,NaN
A,GE10,G46,E_ITUST2,PC_ENT,SE,43.92,NaN,42.07,NaN,40.66,b
A,GE10,G46,E_ITUST2,PC_ENT,SI,26.53,NaN,35.6,NaN,30.81,NaN
A,GE10,G46,E_ITUST2,PC_ENT,SK,15.77,NaN,16.21,NaN,20.02,NaN
A,GE10,G46,E_ITUST2,PC_ENT,TR,11.24,NaN,15.27,NaN,13.35,NaN
A,GE10,G46,E_ITUST2,PC_ENT,UK,24.46,NaN,,NaN,,NaN
A,GE10,G46,E_ITUST2,PC_ENT_CUSE,AT,,NaN,,NaN,,NaN
A,GE10,G46,E_ITUST2,PC_ENT_CUSE,BA,,NaN,,NaN,,NaN
A,GE10,G46,E_ITUST2,PC_ENT_CUSE,BE,,NaN,,NaN,,NaN
A,GE10,G46,E_ITUST2,PC_ENT_CUSE,BG,,NaN,,NaN,,NaN
A,GE10,G46,E_ITUST2,PC_ENT_CUSE,CY,,NaN,,NaN,,NaN
A,GE10,G46,E_ITUST2,PC_ENT_CUSE,CZ,,NaN,,NaN,,NaN
A,GE10,G46,E_ITUST2,PC_ENT_CUSE,DE,,NaN,,NaN,,NaN
A,GE10,G46,E_ITUST2,PC_ENT_CUSE,DK,,NaN,,NaN,,NaN
A,GE10,G46,E_ITUST2,PC_ENT_CUSE,EA,,NaN,,NaN,,NaN
A,GE10,G46,E_ITUST2,PC_ENT_CUSE,EE,,NaN,,NaN,,NaN
A,GE10,G46,E_ITUST2,PC_ENT_CUSE,EL,,NaN,,NaN,,NaN
A,GE10,G46,E_ITUST2,PC_ENT_CUSE,ES,,NaN,,NaN,,NaN
A,GE10,G46,E_ITUST2,PC_ENT_CUSE,EU15,,NaN,,NaN,,NaN
A,GE10,G46,E_ITUST2,PC_ENT_CUSE,EU27_2007,,NaN,,NaN,,NaN
A,GE10,G46,E_ITUST2,PC_ENT_CUSE,EU27_2020,,NaN,,NaN,,NaN
A,GE10,G46,E_ITUST2,PC_ENT_CUSE,EU28,,NaN,,NaN,,NaN
A,GE10,G46,E_ITUST2,PC_ENT_CUSE,FI,,NaN,,NaN,,NaN
A,GE10,G46,E_ITUST2,PC_ENT_CUSE,FR,,NaN,,NaN,,NaN
A,GE10,G46,E_ITUST2,PC_ENT_CUSE,HR,,NaN,,NaN,,NaN
A,GE10,G46,E_ITUST2,PC_ENT_CUSE,HU,,NaN,,NaN,,NaN
A,GE10,G46,E_ITUST2,PC_ENT_CUSE,IE,,NaN,,NaN,,NaN
A,GE10,G46,E_ITUST2,PC_ENT_CUSE,IS,,NaN,,NaN,,NaN
A,GE10,G46,E_ITUST2,PC_ENT_CUSE,IT,,NaN,,NaN,,NaN
A,GE10,G46,E_ITUST2,PC_ENT_CUSE,LT,,NaN,,NaN,,NaN
A,GE10,G46,E_ITUST2,PC_ENT_CUSE,LU,,NaN,,NaN,,NaN
A,GE10,G46,E_ITUST2,PC_ENT_CUSE,LV,,NaN,,NaN,,NaN
A,GE10,G46,E_ITUST2,PC_ENT_CUSE,ME,,NaN,,NaN,,NaN
A,GE10,G46,E_ITUST2,PC_ENT_CUSE,MK,,NaN,,NaN,,NaN
A,GE10,G46,E_ITUST2,PC_ENT_CUSE,MT,,NaN,,NaN,,NaN
A,GE10,G46,E_ITUST2,PC_ENT_CUSE,NL,,NaN,,NaN,,NaN
A,GE10,G46,E_ITUST2,PC_ENT_CUSE,NO,,NaN,,NaN,,NaN
A,GE10,G46,E_ITUST2,PC_ENT_CUSE,PL,,NaN,,NaN,,NaN
A,GE10,G46,E_ITUST2,PC_ENT_CUSE,PT,,NaN,,NaN,,NaN
A,GE10,G46,E_ITUST2,PC_ENT_CUSE,RO,,NaN,,NaN,,NaN
A,GE10,G46,E_ITUST2,PC_ENT_CUSE,RS,,NaN,,NaN,,NaN
A,GE10,G46,E_ITUST2,PC_ENT_CUSE,SE,,NaN,,NaN,,NaN
A,GE10,G46,E_ITUST2,PC_ENT_CUSE,SI,,NaN,,NaN,,NaN
A,GE10,G46,E_ITUST2,PC_ENT_CUSE,SK,,NaN,,NaN,,NaN
A,GE10,G46,E_ITUST2,PC_ENT_CUSE,TR,,NaN,,NaN,,NaN
A,GE10,G46,E_ITUST2,PC_ENT_CUSE,UK,,NaN,,NaN,,NaN
A,GE10,G47,E_ITSP2X_ITT2,PC_ENT,AT,3.62,NaN,7.7,NaN,4.76,NaN
A,GE10,G47,E_ITSP2X_ITT2,PC_ENT,BA,4.83,NaN,,u,,u
A,GE10,G47,E_ITSP2X_ITT2,PC_ENT,BE,10.45,NaN,5.75,NaN,9.8,NaN
A,GE10,G47,E_ITSP2X_ITT2,PC_ENT,BG,,u,1.55,NaN,,u
A,GE10,G47,E_ITSP2X_ITT2,PC_ENT,CY,9.31,NaN,11.64,NaN,8.77,NaN
A,GE10,G47,E_ITSP2X_ITT2,PC_ENT,CZ,6.65,NaN,6.17,NaN,11.66,NaN
A,GE10,G47,E_ITSP2X_ITT2,PC_ENT,DE,7.32,NaN,13.51,NaN,9.64,NaN
A,GE10,G47,E_ITSP2X_ITT2,PC_ENT,DK,11.99,NaN,9.35,NaN,15.46,NaN
A,GE10,G47,E_ITSP2X_ITT2,PC_ENT,EA,6.75,NaN,10.55,NaN,8.16,NaN
A,GE10,G47,E_ITSP2X_ITT2,PC_ENT,EE,5.39,NaN,10.22,NaN,13.23,NaN
A,GE10,G47,E_ITSP2X_ITT2,PC_ENT,EL,,u,6.83,NaN,6.16,NaN
A,GE10,G47,E_ITSP2X_ITT2,PC_ENT,ES,9.41,NaN,7.4,NaN,8.12,NaN
A,GE10,G47,E_ITSP2X_ITT2,PC_ENT,EU15,,NaN,,NaN,,NaN
A,GE10,G47,E_ITSP2X_ITT2,PC_ENT,EU27_2007,,NaN,,NaN,,NaN
A,GE10,G47,E_ITSP2X_ITT2,PC_ENT,EU27_2020,6.47,NaN,10.18,NaN,8.25,NaN
A,GE10,G47,E_ITSP2X_ITT2,PC_ENT,EU28,,NaN,,NaN,,NaN
A,GE10,G47,E_ITSP2X_ITT2,PC_ENT,FI,23.66,NaN,31.36,NaN,26.75,NaN
A,GE10,G47,E_ITSP2X_ITT2,PC_ENT,FR,3.59,NaN,4.0,b,4.62,NaN
A,GE10,G47,E_ITSP2X_ITT2,PC_ENT,HR,5.16,NaN,6.48,NaN,11.42,NaN
A,GE10,G47,E_ITSP2X_ITT2,PC_ENT,HU,3.54,NaN,5.89,NaN,4.42,NaN
A,GE10,G47,E_ITSP2X_ITT2,PC_ENT,IE,4.5,NaN,9.42,NaN,6.7,NaN
A,GE10,G47,E_ITSP2X_ITT2,PC_ENT,IT,7.75,NaN,13.21,NaN,8.61,NaN
A,GE10,G47,E_ITSP2X_ITT2,PC_ENT,LT,1.24,NaN,4.13,NaN,6.08,NaN
A,GE10,G47,E_ITSP2X_ITT2,PC_ENT,LU,3.74,NaN,5.19,NaN,9.04,NaN
A,GE10,G47,E_ITSP2X_ITT2,PC_ENT,LV,7.25,NaN,4.01,NaN,7.21,NaN
A,GE10,G47,E_ITSP2X_ITT2,PC_ENT,ME,,u,0.0,NaN,10.57,NaN
A,GE10,G47,E_ITSP2X_ITT2,PC_ENT,MK,5.88,NaN,,u,,NaN
A,GE10,G47,E_ITSP2X_ITT2,PC_ENT,MT,7.66,NaN,6.13,NaN,11.31,NaN
A,GE10,G47,E_ITSP2X_ITT2,PC_ENT,NL,0.33,NaN,6.76,NaN,3.88,NaN
A,GE10,G47,E_ITSP2X_ITT2,PC_ENT,NO,14.81,NaN,19.89,NaN,8.26,NaN
A,GE10,G47,E_ITSP2X_ITT2,PC_ENT,PL,7.51,NaN,11.16,NaN,11.59,NaN
A,GE10,G47,E_ITSP2X_ITT2,PC_ENT,PT,,u,,u,11.94,NaN
A,GE10,G47,E_ITSP2X_ITT2,PC_ENT,RO,0.92,NaN,4.43,NaN,0.9,NaN
A,GE10,G47,E_ITSP2X_ITT2,PC_ENT,RS,9.87,NaN,12.56,NaN,11.72,NaN
A,GE10,G47,E_ITSP2X_ITT2,PC_ENT,SE,12.38,NaN,20.88,NaN,16.61,b
A,GE10,G47,E_ITSP2X_ITT2,PC_ENT,SI,11.98,NaN,11.45,NaN,10.21,NaN
A,GE10,G47,E_ITSP2X_ITT2,PC_ENT,SK,6.47,NaN,2.58,NaN,9.48,NaN
A,GE10,G47,E_ITSP2X_ITT2,PC_ENT,TR,4.21,NaN,9.3,NaN,6.13,NaN
A,GE10,G47,E_ITSP2X_ITT2,PC_ENT,UK,5.75,NaN,,NaN,,NaN
A,GE10,G47,E_ITSP2X_ITT2,PC_ENT_CUSE,AT,,NaN,,NaN,,NaN
A,GE10,G47,E_ITSP2X_ITT2,PC_ENT_CUSE,BA,,NaN,,NaN,,NaN
A,GE10,G47,E_ITSP2X_ITT2,PC_ENT_CUSE,BE,,NaN,,NaN,,NaN
A,GE10,G47,E_ITSP2X_ITT2,PC_ENT_CUSE,BG,,NaN,,NaN,,NaN
A,GE10,G47,E_ITSP2X_ITT2,PC_ENT_CUSE,CY,,NaN,,NaN,,NaN
A,GE10,G47,E_ITSP2X_ITT2,PC_ENT_CUSE,CZ,,NaN,,NaN,,NaN
A,GE10,G47,E_ITSP2X_ITT2,PC_ENT_CUSE,DE,,NaN,,NaN,,NaN
A,GE10,G47,E_ITSP2X_ITT2,PC_ENT_CUSE,DK,,NaN,,NaN,,NaN
A,GE10,G47,E_ITSP2X_ITT2,PC_ENT_CUSE,EA,,NaN,,NaN,,NaN
A,GE10,G47,E_ITSP2X_ITT2,PC_ENT_CUSE,EE,,NaN,,NaN,,NaN
A,GE10,G47,E_ITSP2X_ITT2,PC_ENT_CUSE,EL,,NaN,,NaN,,NaN
A,GE10,G47,E_ITSP2X_ITT2,PC_ENT_CUSE,ES,,NaN,,NaN,,NaN
A,GE10,G47,E_ITSP2X_ITT2,PC_ENT_CUSE,EU15,,NaN,,NaN,,NaN
A,GE10,G47,E_ITSP2X_ITT2,PC_ENT_CUSE,EU27_2007,,NaN,,NaN,,NaN
A,GE10,G47,E_ITSP2X_ITT2,PC_ENT_CUSE,EU27_2020,,NaN,,NaN,,NaN
A,GE10,G47,E_ITSP2X_ITT2,PC_ENT_CUSE,EU28,,NaN,,NaN,,NaN
A,GE10,G47,E_ITSP2X_ITT2,PC_ENT_CUSE,FI,,NaN,,NaN,,NaN
A,GE10,G47,E_ITSP2X_ITT2,PC_ENT_CUSE,FR,,NaN,,NaN,,NaN
A,GE10,G47,E_ITSP2X_ITT2,PC_ENT_CUSE,HR,,NaN,,NaN,,NaN
A,GE10,G47,E_ITSP2X_ITT2,PC_ENT_CUSE,HU,,NaN,,NaN,,NaN
A,GE10,G47,E_ITSP2X_ITT2,PC_ENT_CUSE,IE,,NaN,,NaN,,NaN
A,GE10,G47,E_ITSP2X_ITT2,PC_ENT_CUSE,IT,,NaN,,NaN,,NaN
A,GE10,G47,E_ITSP2X_ITT2,PC_ENT_CUSE,LT,,NaN,,NaN,,NaN
A,GE10,G47,E_ITSP2X_ITT2,PC_ENT_CUSE,LU,,NaN,,NaN,,NaN
A,GE10,G47,E_ITSP2X_ITT2,PC_ENT_CUSE,LV,,NaN,,NaN,,NaN
A,GE10,G47,E_ITSP2X_ITT2,PC_ENT_CUSE,ME,,NaN,,NaN,,NaN
A,GE10,G47,E_ITSP2X_ITT2,PC_ENT_CUSE,MK,,NaN,,NaN,,NaN
A,GE10,G47,E_ITSP2X_ITT2,PC_ENT_CUSE,MT,,NaN,,NaN,,NaN
A,GE10,G47,E_ITSP2X_ITT2,PC_ENT_CUSE,NL,,NaN,,NaN,,NaN
A,GE10,G47,E_ITSP2X_ITT2,PC_ENT_CUSE,NO,,NaN,,NaN,,NaN
A,GE10,G47,E_ITSP2X_ITT2,PC_ENT_CUSE,PL,,NaN,,NaN,,NaN
A,GE10,G47,E_ITSP2X_ITT2,PC_ENT_CUSE,PT,,NaN,,NaN,,NaN
A,GE10,G47,E_ITSP2X_ITT2,PC_ENT_CUSE,RO,,NaN,,NaN,,NaN
A,GE10,G47,E_ITSP2X_ITT2,PC_ENT_CUSE,RS,,NaN,,NaN,,NaN
A,GE10,G47,E_ITSP2X_ITT2,PC_ENT_CUSE,SE,,NaN,,NaN,,NaN
A,GE10,G47,E_ITSP2X_ITT2,PC_ENT_CUSE,SI,,NaN,,NaN,,NaN
A,GE10,G47,E_ITSP2X_ITT2,PC_ENT_CUSE,SK,,NaN,,NaN,,NaN
A,GE10,G47,E_ITSP2X_ITT2,PC_ENT_CUSE,TR,,NaN,,NaN,,NaN
A,GE10,G47,E_ITSP2X_ITT2,PC_ENT_CUSE,UK,,NaN,,NaN,,NaN
A,GE10,G47,E_ITSP2_ITT2,PC_ENT,AT,4.2,NaN,7.31,NaN,6.31,NaN
A,GE10,G47,E_ITSP2_ITT2,PC_ENT,BA,6.79,NaN,5.63,NaN,7.59,NaN
A,GE10,G47,E_ITSP2_ITT2,PC_ENT,BE,11.62,NaN,15.05,NaN,11.26,NaN
A,GE10,G47,E_ITSP2_ITT2,PC_ENT,BG,2.74,NaN,3.52,NaN,5.9,NaN
A,GE10,G47,E_ITSP2_ITT2,PC_ENT,CY,10.23,NaN,12.22,NaN,12.03,NaN
A,GE10,G47,E_ITSP2_ITT2,PC_ENT,CZ,8.63,NaN,6.89,NaN,7.66,NaN
A,GE10,G47,E_ITSP2_ITT2,PC_ENT,DE,8.61,NaN,8.79,NaN,7.2,NaN
A,GE10,G47,E_ITSP2_ITT2,PC_ENT,DK,15.26,NaN,16.18,NaN,13.59,NaN
A,GE10,G47,E_ITSP2_ITT2,PC_ENT,EA,6.89,NaN,7.78,NaN,6.02,NaN
A,GE10,G47,E_ITSP2_ITT2,PC_ENT,EE,9.15,NaN,8.54,NaN,11.2,NaN
A,GE10,G47,E_ITSP2_ITT2,PC_ENT,EL,,u,7.01,NaN,3.69,NaN
A,GE10,G47,E_ITSP2_ITT2,PC_ENT,ES,8.39,NaN,8.48,NaN,6.11,NaN
A,GE10,G47,E_ITSP2_ITT2,PC_ENT,EU15,,NaN,,NaN,,NaN
A,GE10,G47,E_ITSP2_ITT2,PC_ENT,EU27_2007,,NaN,,NaN,,NaN
A,GE10,G47,E_ITSP2_ITT2,PC_ENT,EU27_2020,6.64,NaN,7.99,NaN,7.12,NaN
A,GE10,G47,E_ITSP2_ITT2,PC_ENT,EU28,,NaN,,NaN,,NaN
A,GE10,G47,E_ITSP2_ITT2,PC_ENT,FI,7.81,NaN,12.17,NaN,9.53,NaN
A,GE10,G47,E_ITSP2_ITT2,PC_ENT,FR,3.65,NaN,4.75,b,1.87,NaN
A,GE10,G47,E_ITSP2_ITT2,PC_ENT,HR,10.41,NaN,10.04,NaN,9.6,NaN
A,GE10,G47,E_ITSP2_ITT2,PC_ENT,HU,6.67,NaN,8.28,NaN,8.45,NaN
A,GE10,G47,E_ITSP2_ITT2,PC_ENT,IE,9.24,NaN,4.0,NaN,9.43,NaN
A,GE10,G47,E_ITSP2_ITT2,PC_ENT,IT,3.67,NaN,5.23,NaN,2.72,NaN
A,GE10,G47,E_ITSP2_ITT2,PC_ENT,LT,5.16,NaN,9.37,NaN,6.66,NaN
A,GE10,G47,E_ITSP2_ITT2,PC_ENT,LU,8.5,NaN,9.46,NaN,9.4,NaN
A,GE10,G47,E_ITSP2_ITT2,PC_ENT,LV,6.2,NaN,9.53,NaN,6.44,NaN
A,GE10,G47,E_ITSP2_ITT2,PC_ENT,ME,15.64,NaN,6.87,NaN,36.5,NaN
A,GE10,G47,E_ITSP2_ITT2,PC_ENT,MK,3.69,NaN,,u,,NaN
A,GE10,G47,E_ITSP2_ITT2,PC_ENT,MT,13.02,NaN,13.21,NaN,11.26,NaN
A,GE10,G47,E_ITSP2_ITT2,PC_ENT,NL,9.93,NaN,15.25,NaN,12.64,NaN
A,GE10,G47,E_ITSP2_ITT2,PC_ENT,NO,7.26,NaN,6.07,NaN,22.4,NaN
A,GE10,G47,E_ITSP2_ITT2,PC_ENT,PL,6.96,NaN,11.09,NaN,17.04,NaN
A,GE10,G47,E_ITSP2_ITT2,PC_ENT,PT,9.23,NaN,4.21,NaN,10.56,NaN
A,GE10,G47,E_ITSP2_ITT2,PC_ENT,RO,2.18,NaN,1.09,NaN,4.27,NaN
A,GE10,G47,E_ITSP2_ITT2,PC_ENT,RS,6.47,NaN,4.95,NaN,11.39,NaN
A,GE10,G47,E_ITSP2_ITT2,PC_ENT,SE,3.77,NaN,15.58,NaN,12.63,b
A,GE10,G47,E_ITSP2_ITT2,PC_ENT,SI,13.32,NaN,23.68,NaN,15.58,NaN
A,GE10,G47,E_ITSP2_ITT2,PC_ENT,SK,6.41,NaN,8.8,NaN,7.0,NaN
A,GE10,G47,E_ITSP2_ITT2,PC_ENT,TR,4.58,NaN,9.79,NaN,5.81,NaN
A,GE10,G47,E_ITSP2_ITT2,PC_ENT,UK,7.47,NaN,,NaN,,NaN
A,GE10,G47,E_ITSP2_ITT2,PC_ENT_CUSE,AT,,NaN,,NaN,,NaN
A,GE10,G47,E_ITSP2_ITT2,PC_ENT_CUSE,BA,,NaN,,NaN,,NaN
A,GE10,G47,E_ITSP2_ITT2,PC_ENT_CUSE,BE,,NaN,,NaN,,NaN
A,GE10,G47,E_ITSP2_ITT2,PC_ENT_CUSE,BG,,NaN,,NaN,,NaN
A,GE10,G47,E_ITSP2_ITT2,PC_ENT_CUSE,CY,,NaN,,NaN,,NaN
A,GE10,G47,E_ITSP2_ITT2,PC_ENT_CUSE,CZ,,NaN,,NaN,,NaN
A,GE10,G47,E_ITSP2_ITT2,PC_ENT_CUSE,DE,,NaN,,NaN,,NaN
A,GE10,G47,E_ITSP2_ITT2,PC_ENT_CUSE,DK,,NaN,,NaN,,NaN
A,GE10,G47,E_ITSP2_ITT2,PC_ENT_CUSE,EA,,NaN,,NaN,,NaN
A,GE10,G47,E_ITSP2_ITT2,PC_ENT_CUSE,EE,,NaN,,NaN,,NaN
A,GE10,G47,E_ITSP2_ITT2,PC_ENT_CUSE,EL,,NaN,,NaN,,NaN
A,GE10,G47,E_ITSP2_ITT2,PC_ENT_CUSE,ES,,NaN,,NaN,,NaN
A,GE10,G47,E_ITSP2_ITT2,PC_ENT_CUSE,EU15,,NaN,,NaN,,NaN
A,GE10,G47,E_ITSP2_ITT2,PC_ENT_CUSE,EU27_2007,,NaN,,NaN,,NaN
A,GE10,G47,E_ITSP2_ITT2,PC_ENT_CUSE,EU27_2020,,NaN,,NaN,,NaN
A,GE10,G47,E_ITSP2_ITT2,PC_ENT_CUSE,EU28,,NaN,,NaN,,NaN
A,GE10,G47,E_ITSP2_ITT2,PC_ENT_CUSE,FI,,NaN,,NaN,,NaN
A,GE10,G47,E_ITSP2_ITT2,PC_ENT_CUSE,FR,,NaN,,NaN,,NaN
A,GE10,G47,E_ITSP2_ITT2,PC_ENT_CUSE,HR,,NaN,,NaN,,NaN
A,GE10,G47,E_ITSP2_ITT2,PC_ENT_CUSE,HU,,NaN,,NaN,,NaN
A,GE10,G47,E_ITSP2_ITT2,PC_ENT_CUSE,IE,,NaN,,NaN,,NaN
A,GE10,G47,E_ITSP2_ITT2,PC_ENT_CUSE,IT,,NaN,,NaN,,NaN
A,GE10,G47,E_ITSP2_ITT2,PC_ENT_CUSE,LT,,NaN,,NaN,,NaN
A,GE10,G47,E_ITSP2_ITT2,PC_ENT_CUSE,LU,,NaN,,NaN,,NaN
A,GE10,G47,E_ITSP2_ITT2,PC_ENT_CUSE,LV,,NaN,,NaN,,NaN
A,GE10,G47,E_ITSP2_ITT2,PC_ENT_CUSE,ME,,NaN,,NaN,,NaN
A,GE10,G47,E_ITSP2_ITT2,PC_ENT_CUSE,MK,,NaN,,NaN,,NaN
A,GE10,G47,E_ITSP2_ITT2,PC_ENT_CUSE,MT,,NaN,,NaN,,NaN
A,GE10,G47,E_ITSP2_ITT2,PC_ENT_CUSE,NL,,NaN,,NaN,,NaN
A,GE10,G47,E_ITSP2_ITT2,PC_ENT_CUSE,NO,,NaN,,NaN,,NaN
A,GE10,G47,E_ITSP2_ITT2,PC_ENT_CUSE,PL,,NaN,,NaN,,NaN
A,GE10,G47,E_ITSP2_ITT2,PC_ENT_CUSE,PT,,NaN,,NaN,,NaN
A,GE10,G47,E_ITSP2_ITT2,PC_ENT_CUSE,RO,,NaN,,NaN,,NaN
A,GE10,G47,E_ITSP2_ITT2,PC_ENT_CUSE,RS,,NaN,,NaN,,NaN
A,GE10,G47,E_ITSP2_ITT2,PC_ENT_CUSE,SE,,NaN,,NaN,,NaN
A,GE10,G47,E_ITSP2_ITT2,PC_ENT_CUSE,SI,,NaN,,NaN,,NaN
A,GE10,G47,E_ITSP2_ITT2,PC_ENT_CUSE,SK,,NaN,,NaN,,NaN
A,GE10,G47,E_ITSP2_ITT2,PC_ENT_CUSE,TR,,NaN,,NaN,,NaN
A,GE10,G47,E_ITSP2_ITT2,PC_ENT_CUSE,UK,,NaN,,NaN,,NaN
A,GE10,G47,E_ITSPT2,PC_ENT,AT,3.06,NaN,6.98,NaN,6.31,NaN
A,GE10,G47,E_ITSPT2,PC_ENT,BA,6.06,NaN,5.4,NaN,6.69,NaN
A,GE10,G47,E_ITSPT2,PC_ENT,BE,8.5,NaN,11.42,NaN,9.44,NaN
A,GE10,G47,E_ITSPT2,PC_ENT,BG,2.18,NaN,3.1,NaN,4.85,NaN
A,GE10,G47,E_ITSPT2,PC_ENT,CY,4.32,NaN,9.93,NaN,9.78,NaN
A,GE10,G47,E_ITSPT2,PC_ENT,CZ,7.5,NaN,5.89,NaN,6.62,NaN
A,GE10,G47,E_ITSPT2,PC_ENT,DE,7.63,NaN,7.37,NaN,6.12,NaN
A,GE10,G47,E_ITSPT2,PC_ENT,DK,14.35,NaN,15.75,NaN,10.9,NaN
A,GE10,G47,E_ITSPT2,PC_ENT,EA,5.75,NaN,6.69,NaN,5.12,NaN
A,GE10,G47,E_ITSPT2,PC_ENT,EE,7.93,NaN,6.73,NaN,7.85,NaN
A,GE10,G47,E_ITSPT2,PC_ENT,EL,,u,8.55,NaN,7.49,NaN
A,GE10,G47,E_ITSPT2,PC_ENT,ES,6.92,NaN,6.44,NaN,5.05,NaN
A,GE10,G47,E_ITSPT2,PC_ENT,EU15,,NaN,,NaN,,NaN
A,GE10,G47,E_ITSPT2,PC_ENT,EU27_2007,,NaN,,NaN,,NaN
A,GE10,G47,E_ITSPT2,PC_ENT,EU27_2020,5.41,NaN,6.54,NaN,5.98,NaN
A,GE10,G47,E_ITSPT2,PC_ENT,EU28,,NaN,,NaN,,NaN
A,GE10,G47,E_ITSPT2,PC_ENT,FI,3.92,NaN,10.09,NaN,8.47,NaN
A,GE10,G47,E_ITSPT2,PC_ENT,FR,2.96,NaN,3.97,b,1.65,NaN
A,GE10,G47,E_ITSPT2,PC_ENT,HR,6.98,NaN,7.98,NaN,5.59,NaN
A,GE10,G47,E_ITSPT2,PC_ENT,HU,3.76,NaN,5.91,NaN,5.9,NaN
A,GE10,G47,E_ITSPT2,PC_ENT,IE,2.13,NaN,0.71,NaN,5.3,NaN
A,GE10,G47,E_ITSPT2,PC_ENT,IS,,NaN,,NaN,,NaN
A,GE10,G47,E_ITSPT2,PC_ENT,IT,3.53,NaN,5.54,NaN,2.34,NaN
A,GE10,G47,E_ITSPT2,PC_ENT,LT,4.0,NaN,6.61,NaN,4.73,NaN
A,GE10,G47,E_ITSPT2,PC_ENT,LU,8.02,NaN,7.29,NaN,7.42,NaN
A,GE10,G47,E_ITSPT2,PC_ENT,LV,3.93,NaN,6.15,NaN,5.08,NaN
A,GE10,G47,E_ITSPT2,PC_ENT,ME,12.91,NaN,2.39,NaN,34.86,NaN
A,GE10,G47,E_ITSPT2,PC_ENT,MK,3.23,NaN,,u,,NaN
A,GE10,G47,E_ITSPT2,PC_ENT,MT,10.89,NaN,9.18,NaN,6.95,NaN
A,GE10,G47,E_ITSPT2,PC_ENT,NL,9.6,NaN,14.74,NaN,11.36,NaN
A,GE10,G47,E_ITSPT2,PC_ENT,NO,6.17,NaN,5.03,NaN,21.56,NaN
A,GE10,G47,E_ITSPT2,PC_ENT,PL,4.93,NaN,6.11,NaN,15.48,NaN
A,GE10,G47,E_ITSPT2,PC_ENT,PT,8.05,NaN,4.05,NaN,7.38,NaN
A,GE10,G47,E_ITSPT2,PC_ENT,RO,1.42,NaN,1.0,NaN,3.01,NaN
A,GE10,G47,E_ITSPT2,PC_ENT,RS,5.06,NaN,3.26,NaN,8.19,NaN
A,GE10,G47,E_ITSPT2,PC_ENT,SE,2.69,NaN,12.04,NaN,6.92,b
A,GE10,G47,E_ITSPT2,PC_ENT,SI,12.45,NaN,14.52,NaN,11.44,NaN
A,GE10,G47,E_ITSPT2,PC_ENT,SK,5.17,NaN,7.15,NaN,6.1,NaN
A,GE10,G47,E_ITSPT2,PC_ENT,TR,4.31,NaN,6.75,NaN,4.38,NaN
A,GE10,G47,E_ITSPT2,PC_ENT,UK,6.86,NaN,,NaN,,NaN
A,GE10,G47,E_ITSPT2,PC_ENT_CUSE,AT,,NaN,,NaN,,NaN
A,GE10,G47,E_ITSPT2,PC_ENT_CUSE,BA,,NaN,,NaN,,NaN
A,GE10,G47,E_ITSPT2,PC_ENT_CUSE,BE,,NaN,,NaN,,NaN
A,GE10,G47,E_ITSPT2,PC_ENT_CUSE,BG,,NaN,,NaN,,NaN
A,GE10,G47,E_ITSPT2,PC_ENT_CUSE,CY,,NaN,,NaN,,NaN
A,GE10,G47,E_ITSPT2,PC_ENT_CUSE,CZ,,NaN,,NaN,,NaN
A,GE10,G47,E_ITSPT2,PC_ENT_CUSE,DE,,NaN,,NaN,,NaN
A,GE10,G47,E_ITSPT2,PC_ENT_CUSE,DK,,NaN,,NaN,,NaN
A,GE10,G47,E_ITSPT2,PC_ENT_CUSE,EA,,NaN,,NaN,,NaN
A,GE10,G47,E_ITSPT2,PC_ENT_CUSE,EE,,NaN,,NaN,,NaN
A,GE10,G47,E_ITSPT2,PC_ENT_CUSE,EL,,NaN,,NaN,,NaN
A,GE10,G47,E_ITSPT2,PC_ENT_CUSE,ES,,NaN,,NaN,,NaN
A,GE10,G47,E_ITSPT2,PC_ENT_CUSE,EU15,,NaN,,NaN,,NaN
A,GE10,G47,E_ITSPT2,PC_ENT_CUSE,EU27_2007,,NaN,,NaN,,NaN
A,GE10,G47,E_ITSPT2,PC_ENT_CUSE,EU27_2020,,NaN,,NaN,,NaN
A,GE10,G47,E_ITSPT2,PC_ENT_CUSE,EU28,,NaN,,NaN,,NaN
A,GE10,G47,E_ITSPT2,PC_ENT_CUSE,FI,,NaN,,NaN,,NaN
A,GE10,G47,E_ITSPT2,PC_ENT_CUSE,FR,,NaN,,NaN,,NaN
A,GE10,G47,E_ITSPT2,PC_ENT_CUSE,HR,,NaN,,NaN,,NaN
A,GE10,G47,E_ITSPT2,PC_ENT_CUSE,HU,,NaN,,NaN,,NaN
A,GE10,G47,E_ITSPT2,PC_ENT_CUSE,IE,,NaN,,NaN,,NaN
A,GE10,G47,E_ITSPT2,PC_ENT_CUSE,IS,,NaN,,NaN,,NaN
A,GE10,G47,E_ITSPT2,PC_ENT_CUSE,IT,,NaN,,NaN,,NaN
A,GE10,G47,E_ITSPT2,PC_ENT_CUSE,LT,,NaN,,NaN,,NaN
A,GE10,G47,E_ITSPT2,PC_ENT_CUSE,LU,,NaN,,NaN,,NaN
A,GE10,G47,E_ITSPT2,PC_ENT_CUSE,LV,,NaN,,NaN,,NaN
A,GE10,G47,E_ITSPT2,PC_ENT_CUSE,ME,,NaN,,NaN,,NaN
A,GE10,G47,E_ITSPT2,PC_ENT_CUSE,MK,,NaN,,NaN,,NaN
A,GE10,G47,E_ITSPT2,PC_ENT_CUSE,MT,,NaN,,NaN,,NaN
A,GE10,G47,E_ITSPT2,PC_ENT_CUSE,NL,,NaN,,NaN,,NaN
A,GE10,G47,E_ITSPT2,PC_ENT_CUSE,NO,,NaN,,NaN,,NaN
A,GE10,G47,E_ITSPT2,PC_ENT_CUSE,PL,,NaN,,NaN,,NaN
A,GE10,G47,E_ITSPT2,PC_ENT_CUSE,PT,,NaN,,NaN,,NaN
A,GE10,G47,E_ITSPT2,PC_ENT_CUSE,RO,,NaN,,NaN,,NaN
A,GE10,G47,E_ITSPT2,PC_ENT_CUSE,RS,,NaN,,NaN,,NaN
A,GE10,G47,E_ITSPT2,PC_ENT_CUSE,SE,,NaN,,NaN,,NaN
A,GE10,G47,E_ITSPT2,PC_ENT_CUSE,SI,,NaN,,NaN,,NaN
A,GE10,G47,E_ITSPT2,PC_ENT_CUSE,SK,,NaN,,NaN,,NaN
A,GE10,G47,E_ITSPT2,PC_ENT_CUSE,TR,,NaN,,NaN,,NaN
A,GE10,G47,E_ITSPT2,PC_ENT_CUSE,UK,,NaN,,NaN,,NaN
A,GE10,G47,E_ITT2,PC_ENT,AT,8.0,NaN,15.2,NaN,11.43,NaN
A,GE10,G47,E_ITT2,PC_ENT,BA,11.62,NaN,9.18,NaN,13.42,NaN
A,GE10,G47,E_ITT2,PC_ENT,BE,22.06,NaN,20.8,NaN,21.06,NaN
A,GE10,G47,E_ITT2,PC_ENT,BG,3.47,NaN,5.07,NaN,6.76,NaN
A,GE10,G47,E_ITT2,PC_ENT,CY,19.54,NaN,23.86,NaN,20.8,NaN
A,GE10,G47,E_ITT2,PC_ENT,CZ,15.27,NaN,13.07,NaN,19.32,NaN
A,GE10,G47,E_ITT2,PC_ENT,DE,15.96,NaN,22.53,NaN,16.84,NaN
A,GE10,G47,E_ITT2,PC_ENT,DK,27.26,NaN,25.53,NaN,29.05,NaN
A,GE10,G47,E_ITT2,PC_ENT,EA,13.95,NaN,18.46,NaN,14.26,NaN
A,GE10,G47,E_ITT2,PC_ENT,EE,14.55,NaN,19.11,NaN,24.43,NaN
A,GE10,G47,E_ITT2,PC_ENT,EL,,u,13.86,NaN,11.66,NaN
A,GE10,G47,E_ITT2,PC_ENT,ES,17.8,NaN,15.87,NaN,14.23,NaN
A,GE10,G47,E_ITT2,PC_ENT,EU15,,NaN,,NaN,,NaN
A,GE10,G47,E_ITT2,PC_ENT,EU27_2007,,NaN,,NaN,,NaN
A,GE10,G47,E_ITT2,PC_ENT,EU27_2020,13.36,NaN,18.29,NaN,15.43,NaN
A,GE10,G47,E_ITT2,PC_ENT,EU28,,NaN,,NaN,,NaN
A,GE10,G47,E_ITT2,PC_ENT,FI,31.56,NaN,43.53,NaN,36.29,NaN
A,GE10,G47,E_ITT2,PC_ENT,FR,7.24,NaN,8.75,b,6.49,NaN
A,GE10,G47,E_ITT2,PC_ENT,HR,15.57,NaN,16.52,NaN,21.02,NaN
A,GE10,G47,E_ITT2,PC_ENT,HU,10.2,NaN,14.16,NaN,12.87,NaN
A,GE10,G47,E_ITT2,PC_ENT,IE,13.73,NaN,13.42,NaN,16.14,NaN
A,GE10,G47,E_ITT2,PC_ENT,IS,,NaN,,NaN,,NaN
A,GE10,G47,E_ITT2,PC_ENT,IT,11.68,NaN,18.77,NaN,11.41,NaN
A,GE10,G47,E_ITT2,PC_ENT,LT,6.4,NaN,13.5,NaN,12.74,NaN
A,GE10,G47,E_ITT2,PC_ENT,LU,12.24,NaN,14.65,NaN,18.44,NaN
A,GE10,G47,E_ITT2,PC_ENT,LV,13.45,NaN,13.54,NaN,13.65,NaN
A,GE10,G47,E_ITT2,PC_ENT,ME,25.21,NaN,6.87,NaN,47.07,NaN
A,GE10,G47,E_ITT2,PC_ENT,MK,,NaN,,u,,NaN
A,GE10,G47,E_ITT2,PC_ENT,MT,20.68,NaN,19.34,NaN,22.57,NaN
A,GE10,G47,E_ITT2,PC_ENT,NL,16.84,NaN,22.0,NaN,16.52,NaN
A,GE10,G47,E_ITT2,PC_ENT,NO,22.25,NaN,25.95,NaN,30.66,NaN
A,GE10,G47,E_ITT2,PC_ENT,PL,14.49,NaN,22.26,NaN,28.63,NaN
A,GE10,G47,E_ITT2,PC_ENT,PT,,u,,u,22.5,NaN
A,GE10,G47,E_ITT2,PC_ENT,RO,3.15,NaN,5.57,NaN,5.17,NaN
A,GE10,G47,E_ITT2,PC_ENT,RS,16.34,NaN,17.51,NaN,23.11,NaN
A,GE10,G47,E_ITT2,PC_ENT,SE,16.15,NaN,37.18,NaN,29.24,b
A,GE10,G47,E_ITT2,PC_ENT,SI,25.27,NaN,35.14,NaN,25.79,NaN
A,GE10,G47,E_ITT2,PC_ENT,SK,12.88,NaN,11.37,NaN,16.48,NaN
A,GE10,G47,E_ITT2,PC_ENT,TR,8.79,NaN,19.09,NaN,12.15,NaN
A,GE10,G47,E_ITT2,PC_ENT,UK,13.22,NaN,,NaN,,NaN
A,GE10,G47,E_ITT2,PC_ENT_CUSE,AT,,NaN,,NaN,,NaN
A,GE10,G47,E_ITT2,PC_ENT_CUSE,BA,,NaN,,NaN,,NaN
A,GE10,G47,E_ITT2,PC_ENT_CUSE,BE,,NaN,,NaN,,NaN
A,GE10,G47,E_ITT2,PC_ENT_CUSE,BG,,NaN,,NaN,,NaN
A,GE10,G47,E_ITT2,PC_ENT_CUSE,CY,,NaN,,NaN,,NaN
A,GE10,G47,E_ITT2,PC_ENT_CUSE,CZ,,NaN,,NaN,,NaN
A,GE10,G47,E_ITT2,PC_ENT_CUSE,DE,,NaN,,NaN,,NaN
A,GE10,G47,E_ITT2,PC_ENT_CUSE,DK,,NaN,,NaN,,NaN
A,GE10,G47,E_ITT2,PC_ENT_CUSE,EA,,NaN,,NaN,,NaN
A,GE10,G47,E_ITT2,PC_ENT_CUSE,EE,,NaN,,NaN,,NaN
A,GE10,G47,E_ITT2,PC_ENT_CUSE,EL,,NaN,,NaN,,NaN
A,GE10,G47,E_ITT2,PC_ENT_CUSE,ES,,NaN,,NaN,,NaN
A,GE10,G47,E_ITT2,PC_ENT_CUSE,EU15,,NaN,,NaN,,NaN
A,GE10,G47,E_ITT2,PC_ENT_CUSE,EU27_2007,,NaN,,NaN,,NaN
A,GE10,G47,E_ITT2,PC_ENT_CUSE,EU27_2020,,NaN,,NaN,,NaN
A,GE10,G47,E_ITT2,PC_ENT_CUSE,EU28,,NaN,,NaN,,NaN
A,GE10,G47,E_ITT2,PC_ENT_CUSE,FI,,NaN,,NaN,,NaN
A,GE10,G47,E_ITT2,PC_ENT_CUSE,FR,,NaN,,NaN,,NaN
A,GE10,G47,E_ITT2,PC_ENT_CUSE,HR,,NaN,,NaN,,NaN
A,GE10,G47,E_ITT2,PC_ENT_CUSE,HU,,NaN,,NaN,,NaN
A,GE10,G47,E_ITT2,PC_ENT_CUSE,IE,,NaN,,NaN,,NaN
A,GE10,G47,E_ITT2,PC_ENT_CUSE,IS,,NaN,,NaN,,NaN
A,GE10,G47,E_ITT2,PC_ENT_CUSE,IT,,NaN,,NaN,,NaN
A,GE10,G47,E_ITT2,PC_ENT_CUSE,LT,,NaN,,NaN,,NaN
A,GE10,G47,E_ITT2,PC_ENT_CUSE,LU,,NaN,,NaN,,NaN
A,GE10,G47,E_ITT2,PC_ENT_CUSE,LV,,NaN,,NaN,,NaN
A,GE10,G47,E_ITT2,PC_ENT_CUSE,ME,,NaN,,NaN,,NaN
A,GE10,G47,E_ITT2,PC_ENT_CUSE,MK,,NaN,,NaN,,NaN
A,GE10,G47,E_ITT2,PC_ENT_CUSE,MT,,NaN,,NaN,,NaN
A,GE10,G47,E_ITT2,PC_ENT_CUSE,NL,,NaN,,NaN,,NaN
A,GE10,G47,E_ITT2,PC_ENT_CUSE,NO,,NaN,,NaN,,NaN
A,GE10,G47,E_ITT2,PC_ENT_CUSE,PL,,NaN,,NaN,,NaN
A,GE10,G47,E_ITT2,PC_ENT_CUSE,PT,,NaN,,NaN,,NaN
A,GE10,G47,E_ITT2,PC_ENT_CUSE,RO,,NaN,,NaN,,NaN
A,GE10,G47,E_ITT2,PC_ENT_CUSE,RS,,NaN,,NaN,,NaN
A,GE10,G47,E_ITT2,PC_ENT_CUSE,SE,,NaN,,NaN,,NaN
A,GE10,G47,E_ITT2,PC_ENT_CUSE,SI,,NaN,,NaN,,NaN
A,GE10,G47,E_ITT2,PC_ENT_CUSE,SK,,NaN,,NaN,,NaN
A,GE10,G47,E_ITT2,PC_ENT_CUSE,TR,,NaN,,NaN,,NaN
A,GE10,G47,E_ITT2,PC_ENT_CUSE,UK,,NaN,,NaN,,NaN
A,GE10,G47,E_ITUST2,PC_ENT,AT,6.84,NaN,11.44,NaN,8.98,NaN
A,GE10,G47,E_ITUST2,PC_ENT,BA,9.32,NaN,,u,11.32,NaN
A,GE10,G47,E_ITUST2,PC_ENT,BE,20.18,NaN,18.2,NaN,19.77,NaN
A,GE10,G47,E_ITUST2,PC_ENT,BG,2.32,NaN,3.82,NaN,4.64,NaN
A,GE10,G47,E_ITUST2,PC_ENT,CY,18.18,NaN,20.55,NaN,17.63,NaN
A,GE10,G47,E_ITUST2,PC_ENT,CZ,15.27,NaN,12.16,NaN,17.11,NaN
A,GE10,G47,E_ITUST2,PC_ENT,DE,14.28,NaN,21.79,NaN,15.97,NaN
A,GE10,G47,E_ITUST2,PC_ENT,DK,22.55,NaN,23.03,NaN,25.4,NaN
A,GE10,G47,E_ITUST2,PC_ENT,EA,12.38,NaN,16.92,NaN,13.07,NaN
A,GE10,G47,E_ITUST2,PC_ENT,EE,11.89,NaN,18.36,NaN,22.29,NaN
A,GE10,G47,E_ITUST2,PC_ENT,EL,,u,10.18,NaN,8.72,NaN
A,GE10,G47,E_ITUST2,PC_ENT,ES,15.13,NaN,13.87,NaN,13.24,NaN
A,GE10,G47,E_ITUST2,PC_ENT,EU15,,NaN,,NaN,,NaN
A,GE10,G47,E_ITUST2,PC_ENT,EU27_2007,,NaN,,NaN,,NaN
A,GE10,G47,E_ITUST2,PC_ENT,EU27_2020,11.96,NaN,16.75,NaN,13.84,NaN
A,GE10,G47,E_ITUST2,PC_ENT,EU28,,NaN,,NaN,,NaN
A,GE10,G47,E_ITUST2,PC_ENT,FI,30.94,NaN,41.38,NaN,35.19,NaN
A,GE10,G47,E_ITUST2,PC_ENT,FR,6.42,NaN,7.29,b,6.09,NaN
A,GE10,G47,E_ITUST2,PC_ENT,HR,15.21,NaN,13.79,NaN,19.61,NaN
A,GE10,G47,E_ITUST2,PC_ENT,HU,9.67,NaN,10.22,NaN,10.48,NaN
A,GE10,G47,E_ITUST2,PC_ENT,IE,13.1,NaN,13.06,NaN,14.22,NaN
A,GE10,G47,E_ITUST2,PC_ENT,IS,,NaN,,NaN,,NaN
A,GE10,G47,E_ITUST2,PC_ENT,IT,10.31,NaN,16.66,NaN,10.58,NaN
A,GE10,G47,E_ITUST2,PC_ENT,LT,4.98,NaN,12.95,NaN,12.26,NaN
A,GE10,G47,E_ITUST2,PC_ENT,LU,10.38,NaN,13.13,NaN,18.22,NaN
A,GE10,G47,E_ITUST2,PC_ENT,LV,12.08,NaN,12.56,NaN,12.04,NaN
A,GE10,G47,E_ITUST2,PC_ENT,ME,17.44,NaN,6.87,NaN,18.24,NaN
A,GE10,G47,E_ITUST2,PC_ENT,MK,,NaN,,u,,NaN
A,GE10,G47,E_ITUST2,PC_ENT,MT,17.38,NaN,17.11,NaN,21.01,NaN
A,GE10,G47,E_ITUST2,PC_ENT,NL,13.5,NaN,18.28,NaN,12.45,NaN
A,GE10,G47,E_ITUST2,PC_ENT,NO,21.38,NaN,24.87,NaN,29.7,NaN
A,GE10,G47,E_ITUST2,PC_ENT,PL,13.57,NaN,21.34,NaN,23.65,NaN
A,GE10,G47,E_ITUST2,PC_ENT,PT,,u,,u,20.1,NaN
A,GE10,G47,E_ITUST2,PC_ENT,RO,2.99,NaN,5.29,NaN,3.71,NaN
A,GE10,G47,E_ITUST2,PC_ENT,RS,15.68,NaN,16.65,NaN,22.18,NaN
A,GE10,G47,E_ITUST2,PC_ENT,SE,15.17,NaN,34.42,NaN,27.07,b
A,GE10,G47,E_ITUST2,PC_ENT,SI,23.72,NaN,34.58,NaN,24.72,NaN
A,GE10,G47,E_ITUST2,PC_ENT,SK,11.61,NaN,10.83,NaN,13.83,NaN
A,GE10,G47,E_ITUST2,PC_ENT,TR,7.26,NaN,17.64,NaN,10.77,NaN
A,GE10,G47,E_ITUST2,PC_ENT,UK,10.89,NaN,,NaN,,NaN
A,GE10,G47,E_ITUST2,PC_ENT_CUSE,AT,,NaN,,NaN,,NaN
A,GE10,G47,E_ITUST2,PC_ENT_CUSE,BA,,NaN,,NaN,,NaN
A,GE10,G47,E_ITUST2,PC_ENT_CUSE,BE,,NaN,,NaN,,NaN
A,GE10,G47,E_ITUST2,PC_ENT_CUSE,BG,,NaN,,NaN,,NaN
A,GE10,G47,E_ITUST2,PC_ENT_CUSE,CY,,NaN,,NaN,,NaN
A,GE10,G47,E_ITUST2,PC_ENT_CUSE,CZ,,NaN,,NaN,,NaN
A,GE10,G47,E_ITUST2,PC_ENT_CUSE,DE,,NaN,,NaN,,NaN
A,GE10,G47,E_ITUST2,PC_ENT_CUSE,DK,,NaN,,NaN,,NaN
A,GE10,G47,E_ITUST2,PC_ENT_CUSE,EA,,NaN,,NaN,,NaN
A,GE10,G47,E_ITUST2,PC_ENT_CUSE,EE,,NaN,,NaN,,NaN
A,GE10,G47,E_ITUST2,PC_ENT_CUSE,EL,,NaN,,NaN,,NaN
A,GE10,G47,E_ITUST2,PC_ENT_CUSE,ES,,NaN,,NaN,,NaN
A,GE10,G47,E_ITUST2,PC_ENT_CUSE,EU15,,NaN,,NaN,,NaN
A,GE10,G47,E_ITUST2,PC_ENT_CUSE,EU27_2007,,NaN,,NaN,,NaN
A,GE10,G47,E_ITUST2,PC_ENT_CUSE,EU27_2020,,NaN,,NaN,,NaN
A,GE10,G47,E_ITUST2,PC_ENT_CUSE,EU28,,NaN,,NaN,,NaN
A,GE10,G47,E_ITUST2,PC_ENT_CUSE,FI,,NaN,,NaN,,NaN
A,GE10,G47,E_ITUST2,PC_ENT_CUSE,FR,,NaN,,NaN,,NaN
A,GE10,G47,E_ITUST2,PC_ENT_CUSE,HR,,NaN,,NaN,,NaN
A,GE10,G47,E_ITUST2,PC_ENT_CUSE,HU,,NaN,,NaN,,NaN
A,GE10,G47,E_ITUST2,PC_ENT_CUSE,IE,,NaN,,NaN,,NaN
A,GE10,G47,E_ITUST2,PC_ENT_CUSE,IS,,NaN,,NaN,,NaN
A,GE10,G47,E_ITUST2,PC_ENT_CUSE,IT,,NaN,,NaN,,NaN
A,GE10,G47,E_ITUST2,PC_ENT_CUSE,LT,,NaN,,NaN,,NaN
A,GE10,G47,E_ITUST2,PC_ENT_CUSE,LU,,NaN,,NaN,,NaN
A,GE10,G47,E_ITUST2,PC_ENT_CUSE,LV,,NaN,,NaN,,NaN
A,GE10,G47,E_ITUST2,PC_ENT_CUSE,ME,,NaN,,NaN,,NaN
A,GE10,G47,E_ITUST2,PC_ENT_CUSE,MK,,NaN,,NaN,,NaN
A,GE10,G47,E_ITUST2,PC_ENT_CUSE,MT,,NaN,,NaN,,NaN
A,GE10,G47,E_ITUST2,PC_ENT_CUSE,NL,,NaN,,NaN,,NaN
A,GE10,G47,E_ITUST2,PC_ENT_CUSE,NO,,NaN,,NaN,,NaN
A,GE10,G47,E_ITUST2,PC_ENT_CUSE,PL,,NaN,,NaN,,NaN
A,GE10,G47,E_ITUST2,PC_ENT_CUSE,PT,,NaN,,NaN,,NaN
A,GE10,G47,E_ITUST2,PC_ENT_CUSE,RO,,NaN,,NaN,,NaN
A,GE10,G47,E_ITUST2,PC_ENT_CUSE,RS,,NaN,,NaN,,NaN
A,GE10,G47,E_ITUST2,PC_ENT_CUSE,SE,,NaN,,NaN,,NaN
A,GE10,G47,E_ITUST2,PC_ENT_CUSE,SI,,NaN,,NaN,,NaN
A,GE10,G47,E_ITUST2,PC_ENT_CUSE,SK,,NaN,,NaN,,NaN
A,GE10,G47,E_ITUST2,PC_ENT_CUSE,TR,,NaN,,NaN,,NaN
A,GE10,G47,E_ITUST2,PC_ENT_CUSE,UK,,NaN,,NaN,,NaN
A,GE10,H,E_ITSP2X_ITT2,PC_ENT,AT,3.39,NaN,3.67,NaN,4.18,NaN
A,GE10,H,E_ITSP2X_ITT2,PC_ENT,BA,3.7,NaN,,NaN,,u
A,GE10,H,E_ITSP2X_ITT2,PC_ENT,BE,12.75,NaN,12.17,NaN,10.18,NaN
A,GE10,H,E_ITSP2X_ITT2,PC_ENT,BG,2.28,NaN,2.97,NaN,0.61,NaN
A,GE10,H,E_ITSP2X_ITT2,PC_ENT,CY,3.62,NaN,11.22,NaN,9.9,NaN
A,GE10,H,E_ITSP2X_ITT2,PC_ENT,CZ,7.09,NaN,7.67,NaN,7.65,NaN
A,GE10,H,E_ITSP2X_ITT2,PC_ENT,DE,9.44,NaN,11.8,NaN,8.91,NaN
A,GE10,H,E_ITSP2X_ITT2,PC_ENT,DK,5.6,NaN,4.6,NaN,13.59,NaN
A,GE10,H,E_ITSP2X_ITT2,PC_ENT,EA,7.13,NaN,9.09,NaN,7.82,NaN
A,GE10,H,E_ITSP2X_ITT2,PC_ENT,EE,5.21,NaN,4.57,NaN,3.61,NaN
A,GE10,H,E_ITSP2X_ITT2,PC_ENT,EL,,u,2.38,NaN,3.57,NaN
A,GE10,H,E_ITSP2X_ITT2,PC_ENT,ES,7.76,NaN,8.91,NaN,12.1,NaN
A,GE10,H,E_ITSP2X_ITT2,PC_ENT,EU15,,NaN,,NaN,,NaN
A,GE10,H,E_ITSP2X_ITT2,PC_ENT,EU27_2007,,NaN,,NaN,,NaN
A,GE10,H,E_ITSP2X_ITT2,PC_ENT,EU27_2020,6.71,NaN,8.33,NaN,7.59,NaN
A,GE10,H,E_ITSP2X_ITT2,PC_ENT,EU28,,NaN,,NaN,,NaN
A,GE10,H,E_ITSP2X_ITT2,PC_ENT,FI,14.9,NaN,9.79,NaN,7.45,NaN
A,GE10,H,E_ITSP2X_ITT2,PC_ENT,FR,4.84,NaN,2.69,b,6.01,NaN
A,GE10,H,E_ITSP2X_ITT2,PC_ENT,HR,8.84,NaN,8.58,NaN,9.55,NaN
A,GE10,H,E_ITSP2X_ITT2,PC_ENT,HU,3.73,NaN,2.29,NaN,6.41,NaN
A,GE10,H,E_ITSP2X_ITT2,PC_ENT,IE,2.52,NaN,7.93,NaN,6.49,NaN
A,GE10,H,E_ITSP2X_ITT2,PC_ENT,IT,7.38,NaN,11.81,NaN,6.99,NaN
A,GE10,H,E_ITSP2X_ITT2,PC_ENT,LT,2.12,NaN,2.07,NaN,0.78,NaN
A,GE10,H,E_ITSP2X_ITT2,PC_ENT,LU,7.92,NaN,5.73,NaN,7.61,NaN
A,GE10,H,E_ITSP2X_ITT2,PC_ENT,LV,6.13,NaN,2.06,NaN,3.55,NaN
A,GE10,H,E_ITSP2X_ITT2,PC_ENT,ME,,u,29.31,NaN,11.99,NaN
A,GE10,H,E_ITSP2X_ITT2,PC_ENT,MK,5.0,NaN,,u,,NaN
A,GE10,H,E_ITSP2X_ITT2,PC_ENT,MT,10.57,NaN,9.52,NaN,10.59,NaN
A,GE10,H,E_ITSP2X_ITT2,PC_ENT,NL,1.02,NaN,6.71,NaN,3.81,NaN
A,GE10,H,E_ITSP2X_ITT2,PC_ENT,NO,18.01,NaN,12.15,NaN,9.55,NaN
A,GE10,H,E_ITSP2X_ITT2,PC_ENT,PL,5.32,NaN,7.98,NaN,8.82,NaN
A,GE10,H,E_ITSP2X_ITT2,PC_ENT,PT,1.56,NaN,19.89,NaN,13.25,NaN
A,GE10,H,E_ITSP2X_ITT2,PC_ENT,RO,2.47,NaN,2.95,NaN,2.02,NaN
A,GE10,H,E_ITSP2X_ITT2,PC_ENT,RS,0.81,NaN,20.06,NaN,53.24,NaN
A,GE10,H,E_ITSP2X_ITT2,PC_ENT,SE,12.09,NaN,7.76,NaN,8.56,b
A,GE10,H,E_ITSP2X_ITT2,PC_ENT,SI,8.69,NaN,7.17,NaN,13.03,NaN
A,GE10,H,E_ITSP2X_ITT2,PC_ENT,SK,4.02,NaN,2.7,NaN,4.35,NaN
A,GE10,H,E_ITSP2X_ITT2,PC_ENT,TR,7.3,NaN,7.98,NaN,8.53,NaN
A,GE10,H,E_ITSP2X_ITT2,PC_ENT,UK,5.69,NaN,,NaN,,NaN
A,GE10,H,E_ITSP2X_ITT2,PC_ENT_CUSE,AT,,NaN,,NaN,,NaN
A,GE10,H,E_ITSP2X_ITT2,PC_ENT_CUSE,BA,,NaN,,NaN,,NaN
A,GE10,H,E_ITSP2X_ITT2,PC_ENT_CUSE,BE,,NaN,,NaN,,NaN
A,GE10,H,E_ITSP2X_ITT2,PC_ENT_CUSE,BG,,NaN,,NaN,,NaN
A,GE10,H,E_ITSP2X_ITT2,PC_ENT_CUSE,CY,,NaN,,NaN,,NaN
A,GE10,H,E_ITSP2X_ITT2,PC_ENT_CUSE,CZ,,NaN,,NaN,,NaN
A,GE10,H,E_ITSP2X_ITT2,PC_ENT_CUSE,DE,,NaN,,NaN,,NaN
A,GE10,H,E_ITSP2X_ITT2,PC_ENT_CUSE,DK,,NaN,,NaN,,NaN
A,GE10,H,E_ITSP2X_ITT2,PC_ENT_CUSE,EA,,NaN,,NaN,,NaN
A,GE10,H,E_ITSP2X_ITT2,PC_ENT_CUSE,EE,,NaN,,NaN,,NaN
A,GE10,H,E_ITSP2X_ITT2,PC_ENT_CUSE,EL,,NaN,,NaN,,NaN
A,GE10,H,E_ITSP2X_ITT2,PC_ENT_CUSE,ES,,NaN,,NaN,,NaN
A,GE10,H,E_ITSP2X_ITT2,PC_ENT_CUSE,EU15,,NaN,,NaN,,NaN
A,GE10,H,E_ITSP2X_ITT2,PC_ENT_CUSE,EU27_2007,,NaN,,NaN,,NaN
A,GE10,H,E_ITSP2X_ITT2,PC_ENT_CUSE,EU27_2020,,NaN,,NaN,,NaN
A,GE10,H,E_ITSP2X_ITT2,PC_ENT_CUSE,EU28,,NaN,,NaN,,NaN
A,GE10,H,E_ITSP2X_ITT2,PC_ENT_CUSE,FI,,NaN,,NaN,,NaN
A,GE10,H,E_ITSP2X_ITT2,PC_ENT_CUSE,FR,,NaN,,NaN,,NaN
A,GE10,H,E_ITSP2X_ITT2,PC_ENT_CUSE,HR,,NaN,,NaN,,NaN
A,GE10,H,E_ITSP2X_ITT2,PC_ENT_CUSE,HU,,NaN,,NaN,,NaN
A,GE10,H,E_ITSP2X_ITT2,PC_ENT_CUSE,IE,,NaN,,NaN,,NaN
A,GE10,H,E_ITSP2X_ITT2,PC_ENT_CUSE,IT,,NaN,,NaN,,NaN
A,GE10,H,E_ITSP2X_ITT2,PC_ENT_CUSE,LT,,NaN,,NaN,,NaN
A,GE10,H,E_ITSP2X_ITT2,PC_ENT_CUSE,LU,,NaN,,NaN,,NaN
A,GE10,H,E_ITSP2X_ITT2,PC_ENT_CUSE,LV,,NaN,,NaN,,NaN
A,GE10,H,E_ITSP2X_ITT2,PC_ENT_CUSE,ME,,NaN,,NaN,,NaN
A,GE10,H,E_ITSP2X_ITT2,PC_ENT_CUSE,MK,,NaN,,NaN,,NaN
A,GE10,H,E_ITSP2X_ITT2,PC_ENT_CUSE,MT,,NaN,,NaN,,NaN
A,GE10,H,E_ITSP2X_ITT2,PC_ENT_CUSE,NL,,NaN,,NaN,,NaN
A,GE10,H,E_ITSP2X_ITT2,PC_ENT_CUSE,NO,,NaN,,NaN,,NaN
A,GE10,H,E_ITSP2X_ITT2,PC_ENT_CUSE,PL,,NaN,,NaN,,NaN
A,GE10,H,E_ITSP2X_ITT2,PC_ENT_CUSE,PT,,NaN,,NaN,,NaN
A,GE10,H,E_ITSP2X_ITT2,PC_ENT_CUSE,RO,,NaN,,NaN,,NaN
A,GE10,H,E_ITSP2X_ITT2,PC_ENT_CUSE,RS,,NaN,,NaN,,NaN
A,GE10,H,E_ITSP2X_ITT2,PC_ENT_CUSE,SE,,NaN,,NaN,,NaN
A,GE10,H,E_ITSP2X_ITT2,PC_ENT_CUSE,SI,,NaN,,NaN,,NaN
A,GE10,H,E_ITSP2X_ITT2,PC_ENT_CUSE,SK,,NaN,,NaN,,NaN
A,GE10,H,E_ITSP2X_ITT2,PC_ENT_CUSE,TR,,NaN,,NaN,,NaN
A,GE10,H,E_ITSP2X_ITT2,PC_ENT_CUSE,UK,,NaN,,NaN,,NaN
A,GE10,H,E_ITSP2_ITT2,PC_ENT,AL,,NaN,,u,,NaN
A,GE10,H,E_ITSP2_ITT2,PC_ENT,AT,7.58,NaN,9.78,NaN,7.83,NaN
A,GE10,H,E_ITSP2_ITT2,PC_ENT,BA,6.21,NaN,6.84,NaN,2.92,NaN
A,GE10,H,E_ITSP2_ITT2,PC_ENT,BE,17.68,NaN,21.99,NaN,22.11,NaN
A,GE10,H,E_ITSP2_ITT2,PC_ENT,BG,3.23,NaN,2.63,NaN,4.02,NaN
A,GE10,H,E_ITSP2_ITT2,PC_ENT,CY,28.79,NaN,21.65,NaN,26.42,NaN
A,GE10,H,E_ITSP2_ITT2,PC_ENT,CZ,5.26,NaN,6.19,NaN,6.15,NaN
A,GE10,H,E_ITSP2_ITT2,PC_ENT,DE,7.83,NaN,11.68,NaN,10.03,NaN
A,GE10,H,E_ITSP2_ITT2,PC_ENT,DK,14.76,NaN,21.57,NaN,21.17,NaN
A,GE10,H,E_ITSP2_ITT2,PC_ENT,EA,8.52,NaN,9.01,NaN,8.85,NaN
A,GE10,H,E_ITSP2_ITT2,PC_ENT,EE,8.2,NaN,7.31,NaN,8.3,NaN
A,GE10,H,E_ITSP2_ITT2,PC_ENT,EL,,u,16.51,NaN,18.2,NaN
A,GE10,H,E_ITSP2_ITT2,PC_ENT,ES,11.23,NaN,5.95,NaN,7.09,NaN
A,GE10,H,E_ITSP2_ITT2,PC_ENT,EU15,,NaN,,NaN,,NaN
A,GE10,H,E_ITSP2_ITT2,PC_ENT,EU27_2007,,NaN,,NaN,,NaN
A,GE10,H,E_ITSP2_ITT2,PC_ENT,EU27_2020,7.78,NaN,8.84,NaN,9.38,NaN
A,GE10,H,E_ITSP2_ITT2,PC_ENT,EU28,,NaN,,NaN,,NaN
A,GE10,H,E_ITSP2_ITT2,PC_ENT,FI,11.72,NaN,8.53,NaN,11.16,NaN
A,GE10,H,E_ITSP2_ITT2,PC_ENT,FR,9.41,NaN,5.04,b,4.55,NaN
A,GE10,H,E_ITSP2_ITT2,PC_ENT,HR,8.28,NaN,7.12,NaN,6.08,NaN
A,GE10,H,E_ITSP2_ITT2,PC_ENT,HU,7.72,NaN,7.45,NaN,9.31,NaN
A,GE10,H,E_ITSP2_ITT2,PC_ENT,IE,10.85,NaN,10.25,NaN,11.04,NaN
A,GE10,H,E_ITSP2_ITT2,PC_ENT,IT,3.89,NaN,5.42,NaN,6.05,NaN
A,GE10,H,E_ITSP2_ITT2,PC_ENT,LT,3.08,NaN,4.2,NaN,4.17,NaN
A,GE10,H,E_ITSP2_ITT2,PC_ENT,LU,8.68,NaN,12.26,NaN,13.3,NaN
A,GE10,H,E_ITSP2_ITT2,PC_ENT,LV,6.66,NaN,10.11,NaN,8.33,NaN
A,GE10,H,E_ITSP2_ITT2,PC_ENT,ME,,u,23.36,NaN,10.45,NaN
A,GE10,H,E_ITSP2_ITT2,PC_ENT,MK,2.77,NaN,,u,,NaN
A,GE10,H,E_ITSP2_ITT2,PC_ENT,MT,21.37,NaN,23.27,NaN,23.36,NaN
A,GE10,H,E_ITSP2_ITT2,PC_ENT,NL,11.6,NaN,14.34,NaN,14.08,NaN
A,GE10,H,E_ITSP2_ITT2,PC_ENT,NO,8.54,NaN,12.62,NaN,9.07,NaN
A,GE10,H,E_ITSP2_ITT2,PC_ENT,PL,6.13,NaN,11.15,NaN,14.53,NaN
A,GE10,H,E_ITSP2_ITT2,PC_ENT,PT,14.3,NaN,6.39,NaN,12.21,NaN
A,GE10,H,E_ITSP2_ITT2,PC_ENT,RO,0.97,NaN,3.6,NaN,8.61,NaN
A,GE10,H,E_ITSP2_ITT2,PC_ENT,RS,7.39,NaN,4.83,NaN,1.51,NaN
A,GE10,H,E_ITSP2_ITT2,PC_ENT,SE,6.19,NaN,7.4,NaN,8.58,b
A,GE10,H,E_ITSP2_ITT2,PC_ENT,SI,4.0,NaN,4.05,NaN,4.13,NaN
A,GE10,H,E_ITSP2_ITT2,PC_ENT,SK,4.96,NaN,4.71,NaN,9.19,NaN
A,GE10,H,E_ITSP2_ITT2,PC_ENT,TR,5.16,NaN,8.42,NaN,6.83,NaN
A,GE10,H,E_ITSP2_ITT2,PC_ENT,UK,10.25,NaN,,NaN,,NaN
A,GE10,H,E_ITSP2_ITT2,PC_ENT_CUSE,AT,,NaN,,NaN,,NaN
A,GE10,H,E_ITSP2_ITT2,PC_ENT_CUSE,BA,,NaN,,NaN,,NaN
A,GE10,H,E_ITSP2_ITT2,PC_ENT_CUSE,BE,,NaN,,NaN,,NaN
A,GE10,H,E_ITSP2_ITT2,PC_ENT_CUSE,BG,,NaN,,NaN,,NaN
A,GE10,H,E_ITSP2_ITT2,PC_ENT_CUSE,CY,,NaN,,NaN,,NaN
A,GE10,H,E_ITSP2_ITT2,PC_ENT_CUSE,CZ,,NaN,,NaN,,NaN
A,GE10,H,E_ITSP2_ITT2,PC_ENT_CUSE,DE,,NaN,,NaN,,NaN
A,GE10,H,E_ITSP2_ITT2,PC_ENT_CUSE,DK,,NaN,,NaN,,NaN
A,GE10,H,E_ITSP2_ITT2,PC_ENT_CUSE,EA,,NaN,,NaN,,NaN
A,GE10,H,E_ITSP2_ITT2,PC_ENT_CUSE,EE,,NaN,,NaN,,NaN
A,GE10,H,E_ITSP2_ITT2,PC_ENT_CUSE,EL,,NaN,,NaN,,NaN
A,GE10,H,E_ITSP2_ITT2,PC_ENT_CUSE,ES,,NaN,,NaN,,NaN
A,GE10,H,E_ITSP2_ITT2,PC_ENT_CUSE,EU15,,NaN,,NaN,,NaN
A,GE10,H,E_ITSP2_ITT2,PC_ENT_CUSE,EU27_2007,,NaN,,NaN,,NaN
A,GE10,H,E_ITSP2_ITT2,PC_ENT_CUSE,EU27_2020,,NaN,,NaN,,NaN
A,GE10,H,E_ITSP2_ITT2,PC_ENT_CUSE,EU28,,NaN,,NaN,,NaN
A,GE10,H,E_ITSP2_ITT2,PC_ENT_CUSE,FI,,NaN,,NaN,,NaN
A,GE10,H,E_ITSP2_ITT2,PC_ENT_CUSE,FR,,NaN,,NaN,,NaN
A,GE10,H,E_ITSP2_ITT2,PC_ENT_CUSE,HR,,NaN,,NaN,,NaN
A,GE10,H,E_ITSP2_ITT2,PC_ENT_CUSE,HU,,NaN,,NaN,,NaN
A,GE10,H,E_ITSP2_ITT2,PC_ENT_CUSE,IE,,NaN,,NaN,,NaN
A,GE10,H,E_ITSP2_ITT2,PC_ENT_CUSE,IT,,NaN,,NaN,,NaN
A,GE10,H,E_ITSP2_ITT2,PC_ENT_CUSE,LT,,NaN,,NaN,,NaN
A,GE10,H,E_ITSP2_ITT2,PC_ENT_CUSE,LU,,NaN,,NaN,,NaN
A,GE10,H,E_ITSP2_ITT2,PC_ENT_CUSE,LV,,NaN,,NaN,,NaN
A,GE10,H,E_ITSP2_ITT2,PC_ENT_CUSE,ME,,NaN,,NaN,,NaN
A,GE10,H,E_ITSP2_ITT2,PC_ENT_CUSE,MK,,NaN,,NaN,,NaN
A,GE10,H,E_ITSP2_ITT2,PC_ENT_CUSE,MT,,NaN,,NaN,,NaN
A,GE10,H,E_ITSP2_ITT2,PC_ENT_CUSE,NL,,NaN,,NaN,,NaN
A,GE10,H,E_ITSP2_ITT2,PC_ENT_CUSE,NO,,NaN,,NaN,,NaN
A,GE10,H,E_ITSP2_ITT2,PC_ENT_CUSE,PL,,NaN,,NaN,,NaN
A,GE10,H,E_ITSP2_ITT2,PC_ENT_CUSE,PT,,NaN,,NaN,,NaN
A,GE10,H,E_ITSP2_ITT2,PC_ENT_CUSE,RO,,NaN,,NaN,,NaN
A,GE10,H,E_ITSP2_ITT2,PC_ENT_CUSE,RS,,NaN,,NaN,,NaN
A,GE10,H,E_ITSP2_ITT2,PC_ENT_CUSE,SE,,NaN,,NaN,,NaN
A,GE10,H,E_ITSP2_ITT2,PC_ENT_CUSE,SI,,NaN,,NaN,,NaN
A,GE10,H,E_ITSP2_ITT2,PC_ENT_CUSE,SK,,NaN,,NaN,,NaN
A,GE10,H,E_ITSP2_ITT2,PC_ENT_CUSE,TR,,NaN,,NaN,,NaN
A,GE10,H,E_ITSP2_ITT2,PC_ENT_CUSE,UK,,NaN,,NaN,,NaN
A,GE10,H,E_ITSPT2,PC_ENT,AL,,NaN,,u,,NaN
A,GE10,H,E_ITSPT2,PC_ENT,AT,5.37,NaN,11.02,NaN,7.96,NaN
A,GE10,H,E_ITSPT2,PC_ENT,BA,4.68,NaN,5.83,NaN,2.12,NaN
A,GE10,H,E_ITSPT2,PC_ENT,BE,14.47,NaN,17.98,NaN,19.68,NaN
A,GE10,H,E_ITSPT2,PC_ENT,BG,2.32,NaN,2.0,NaN,2.44,NaN
A,GE10,H,E_ITSPT2,PC_ENT,CY,21.19,NaN,17.53,NaN,20.56,NaN
A,GE10,H,E_ITSPT2,PC_ENT,CZ,4.94,NaN,5.48,NaN,5.19,NaN
A,GE10,H,E_ITSPT2,PC_ENT,DE,7.26,NaN,9.92,NaN,8.72,NaN
A,GE10,H,E_ITSPT2,PC_ENT,DK,12.73,NaN,18.46,NaN,17.35,NaN
A,GE10,H,E_ITSPT2,PC_ENT,EA,7.43,NaN,8.0,NaN,7.51,NaN
A,GE10,H,E_ITSPT2,PC_ENT,EE,7.71,NaN,7.68,NaN,8.22,NaN
A,GE10,H,E_ITSPT2,PC_ENT,EL,,u,15.01,NaN,17.53,NaN
A,GE10,H,E_ITSPT2,PC_ENT,ES,8.57,NaN,4.16,NaN,5.52,NaN
A,GE10,H,E_ITSPT2,PC_ENT,EU15,,NaN,,NaN,,NaN
A,GE10,H,E_ITSPT2,PC_ENT,EU27_2007,,NaN,,NaN,,NaN
A,GE10,H,E_ITSPT2,PC_ENT,EU27_2020,6.53,NaN,7.37,NaN,7.93,NaN
A,GE10,H,E_ITSPT2,PC_ENT,EU28,,NaN,,NaN,,NaN
A,GE10,H,E_ITSPT2,PC_ENT,FI,9.91,NaN,6.87,NaN,8.6,NaN
A,GE10,H,E_ITSPT2,PC_ENT,FR,7.8,NaN,3.59,b,3.64,NaN
A,GE10,H,E_ITSPT2,PC_ENT,HR,6.59,NaN,6.26,NaN,4.82,NaN
A,GE10,H,E_ITSPT2,PC_ENT,HU,5.1,NaN,5.31,NaN,6.59,NaN
A,GE10,H,E_ITSPT2,PC_ENT,IE,5.73,NaN,3.33,NaN,8.1,NaN
A,GE10,H,E_ITSPT2,PC_ENT,IS,,NaN,,NaN,,NaN
A,GE10,H,E_ITSPT2,PC_ENT,IT,5.23,NaN,7.04,NaN,4.72,NaN
A,GE10,H,E_ITSPT2,PC_ENT,LT,2.33,NaN,3.6,NaN,4.12,NaN
A,GE10,H,E_ITSPT2,PC_ENT,LU,6.72,NaN,7.75,NaN,12.15,NaN
A,GE10,H,E_ITSPT2,PC_ENT,LV,3.3,NaN,,u,5.92,NaN
A,GE10,H,E_ITSPT2,PC_ENT,ME,,u,20.6,NaN,,NaN
A,GE10,H,E_ITSPT2,PC_ENT,MK,2.35,NaN,,u,,NaN
A,GE10,H,E_ITSPT2,PC_ENT,MT,12.84,NaN,15.96,NaN,15.57,NaN
A,GE10,H,E_ITSPT2,PC_ENT,NL,10.59,NaN,13.96,NaN,13.06,NaN
A,GE10,H,E_ITSPT2,PC_ENT,NO,11.17,NaN,11.19,NaN,8.04,NaN
A,GE10,H,E_ITSPT2,PC_ENT,PL,3.65,NaN,5.65,NaN,13.24,NaN
A,GE10,H,E_ITSPT2,PC_ENT,PT,10.2,NaN,5.97,NaN,9.14,NaN
A,GE10,H,E_ITSPT2,PC_ENT,RO,0.88,NaN,3.66,NaN,5.72,NaN
A,GE10,H,E_ITSPT2,PC_ENT,RS,5.44,NaN,4.83,NaN,1.43,NaN
A,GE10,H,E_ITSPT2,PC_ENT,SE,3.24,NaN,5.54,NaN,6.8,b
A,GE10,H,E_ITSPT2,PC_ENT,SI,2.42,NaN,4.05,NaN,3.19,NaN
A,GE10,H,E_ITSPT2,PC_ENT,SK,4.22,NaN,4.27,NaN,8.09,NaN
A,GE10,H,E_ITSPT2,PC_ENT,TR,4.15,NaN,6.76,NaN,5.43,NaN
A,GE10,H,E_ITSPT2,PC_ENT,UK,7.97,NaN,,NaN,,NaN
A,GE10,H,E_ITSPT2,PC_ENT_CUSE,AT,,NaN,,NaN,,NaN
A,GE10,H,E_ITSPT2,PC_ENT_CUSE,BA,,NaN,,NaN,,NaN
A,GE10,H,E_ITSPT2,PC_ENT_CUSE,BE,,NaN,,NaN,,NaN
A,GE10,H,E_ITSPT2,PC_ENT_CUSE,BG,,NaN,,NaN,,NaN
A,GE10,H,E_ITSPT2,PC_ENT_CUSE,CY,,NaN,,NaN,,NaN
A,GE10,H,E_ITSPT2,PC_ENT_CUSE,CZ,,NaN,,NaN,,NaN
A,GE10,H,E_ITSPT2,PC_ENT_CUSE,DE,,NaN,,NaN,,NaN
A,GE10,H,E_ITSPT2,PC_ENT_CUSE,DK,,NaN,,NaN,,NaN
A,GE10,H,E_ITSPT2,PC_ENT_CUSE,EA,,NaN,,NaN,,NaN
A,GE10,H,E_ITSPT2,PC_ENT_CUSE,EE,,NaN,,NaN,,NaN
A,GE10,H,E_ITSPT2,PC_ENT_CUSE,EL,,NaN,,NaN,,NaN
A,GE10,H,E_ITSPT2,PC_ENT_CUSE,ES,,NaN,,NaN,,NaN
A,GE10,H,E_ITSPT2,PC_ENT_CUSE,EU15,,NaN,,NaN,,NaN
A,GE10,H,E_ITSPT2,PC_ENT_CUSE,EU27_2007,,NaN,,NaN,,NaN
A,GE10,H,E_ITSPT2,PC_ENT_CUSE,EU27_2020,,NaN,,NaN,,NaN
A,GE10,H,E_ITSPT2,PC_ENT_CUSE,EU28,,NaN,,NaN,,NaN
A,GE10,H,E_ITSPT2,PC_ENT_CUSE,FI,,NaN,,NaN,,NaN
A,GE10,H,E_ITSPT2,PC_ENT_CUSE,FR,,NaN,,NaN,,NaN
A,GE10,H,E_ITSPT2,PC_ENT_CUSE,HR,,NaN,,NaN,,NaN
A,GE10,H,E_ITSPT2,PC_ENT_CUSE,HU,,NaN,,NaN,,NaN
A,GE10,H,E_ITSPT2,PC_ENT_CUSE,IE,,NaN,,NaN,,NaN
A,GE10,H,E_ITSPT2,PC_ENT_CUSE,IS,,NaN,,NaN,,NaN
A,GE10,H,E_ITSPT2,PC_ENT_CUSE,IT,,NaN,,NaN,,NaN
A,GE10,H,E_ITSPT2,PC_ENT_CUSE,LT,,NaN,,NaN,,NaN
A,GE10,H,E_ITSPT2,PC_ENT_CUSE,LU,,NaN,,NaN,,NaN
A,GE10,H,E_ITSPT2,PC_ENT_CUSE,LV,,NaN,,NaN,,NaN
A,GE10,H,E_ITSPT2,PC_ENT_CUSE,ME,,NaN,,NaN,,NaN
A,GE10,H,E_ITSPT2,PC_ENT_CUSE,MK,,NaN,,NaN,,NaN
A,GE10,H,E_ITSPT2,PC_ENT_CUSE,MT,,NaN,,NaN,,NaN
A,GE10,H,E_ITSPT2,PC_ENT_CUSE,NL,,NaN,,NaN,,NaN
A,GE10,H,E_ITSPT2,PC_ENT_CUSE,NO,,NaN,,NaN,,NaN
A,GE10,H,E_ITSPT2,PC_ENT_CUSE,PL,,NaN,,NaN,,NaN
A,GE10,H,E_ITSPT2,PC_ENT_CUSE,PT,,NaN,,NaN,,NaN
A,GE10,H,E_ITSPT2,PC_ENT_CUSE,RO,,NaN,,NaN,,NaN
A,GE10,H,E_ITSPT2,PC_ENT_CUSE,RS,,NaN,,NaN,,NaN
A,GE10,H,E_ITSPT2,PC_ENT_CUSE,SE,,NaN,,NaN,,NaN
A,GE10,H,E_ITSPT2,PC_ENT_CUSE,SI,,NaN,,NaN,,NaN
A,GE10,H,E_ITSPT2,PC_ENT_CUSE,SK,,NaN,,NaN,,NaN
A,GE10,H,E_ITSPT2,PC_ENT_CUSE,TR,,NaN,,NaN,,NaN
A,GE10,H,E_ITSPT2,PC_ENT_CUSE,UK,,NaN,,NaN,,NaN
A,GE10,H,E_ITT2,PC_ENT,AL,,NaN,,u,,NaN
A,GE10,H,E_ITT2,PC_ENT,AT,10.97,NaN,14.76,NaN,12.55,NaN
A,GE10,H,E_ITT2,PC_ENT,BA,9.9,NaN,7.23,NaN,8.75,NaN
A,GE10,H,E_ITT2,PC_ENT,BE,30.43,NaN,,u,32.29,NaN
A,GE10,H,E_ITT2,PC_ENT,BG,5.5,NaN,5.61,NaN,4.64,NaN
A,GE10,H,E_ITT2,PC_ENT,CY,32.41,NaN,32.87,NaN,36.31,NaN
A,GE10,H,E_ITT2,PC_ENT,CZ,12.35,NaN,13.86,NaN,13.8,NaN
A,GE10,H,E_ITT2,PC_ENT,DE,17.42,NaN,23.48,NaN,18.94,NaN
A,GE10,H,E_ITT2,PC_ENT,DK,20.36,NaN,26.18,NaN,34.75,NaN
A,GE10,H,E_ITT2,PC_ENT,EA,16.17,NaN,18.2,NaN,16.74,NaN
A,GE10,H,E_ITT2,PC_ENT,EE,13.42,NaN,12.75,NaN,12.7,NaN
A,GE10,H,E_ITT2,PC_ENT,EL,,u,18.88,NaN,22.08,NaN
A,GE10,H,E_ITT2,PC_ENT,ES,18.99,NaN,14.85,NaN,19.19,NaN
A,GE10,H,E_ITT2,PC_ENT,EU15,,NaN,,NaN,,NaN
A,GE10,H,E_ITT2,PC_ENT,EU27_2007,,NaN,,NaN,,NaN
A,GE10,H,E_ITT2,PC_ENT,EU27_2020,14.89,NaN,17.26,NaN,17.04,NaN
A,GE10,H,E_ITT2,PC_ENT,EU28,,NaN,,NaN,,NaN
A,GE10,H,E_ITT2,PC_ENT,FI,26.62,NaN,18.32,NaN,18.61,NaN
A,GE10,H,E_ITT2,PC_ENT,FR,14.25,NaN,7.72,b,10.56,NaN
A,GE10,H,E_ITT2,PC_ENT,HR,17.12,NaN,15.7,NaN,15.62,NaN
A,GE10,H,E_ITT2,PC_ENT,HU,11.45,NaN,9.74,NaN,15.72,NaN
A,GE10,H,E_ITT2,PC_ENT,IE,13.37,NaN,18.18,NaN,17.53,NaN
A,GE10,H,E_ITT2,PC_ENT,IS,,NaN,,NaN,,NaN
A,GE10,H,E_ITT2,PC_ENT,IT,13.08,NaN,17.54,NaN,13.27,NaN
A,GE10,H,E_ITT2,PC_ENT,LT,5.25,NaN,6.33,NaN,5.32,NaN
A,GE10,H,E_ITT2,PC_ENT,LU,16.6,NaN,18.0,NaN,20.91,NaN
A,GE10,H,E_ITT2,PC_ENT,LV,12.79,NaN,12.17,NaN,11.88,NaN
A,GE10,H,E_ITT2,PC_ENT,ME,32.57,NaN,52.67,NaN,22.44,NaN
A,GE10,H,E_ITT2,PC_ENT,MK,7.77,NaN,,u,,NaN
A,GE10,H,E_ITT2,PC_ENT,MT,31.94,NaN,32.78,NaN,33.95,NaN
A,GE10,H,E_ITT2,PC_ENT,NL,16.6,NaN,21.05,NaN,17.89,NaN
A,GE10,H,E_ITT2,PC_ENT,NO,26.79,NaN,24.78,NaN,18.63,NaN
A,GE10,H,E_ITT2,PC_ENT,PL,11.45,NaN,19.13,NaN,23.35,NaN
A,GE10,H,E_ITT2,PC_ENT,PT,15.85,NaN,26.28,NaN,25.46,NaN
A,GE10,H,E_ITT2,PC_ENT,RO,3.56,NaN,6.68,NaN,10.63,NaN
A,GE10,H,E_ITT2,PC_ENT,RS,8.2,NaN,24.9,NaN,54.76,NaN
A,GE10,H,E_ITT2,PC_ENT,SE,18.28,NaN,15.17,NaN,17.14,b
A,GE10,H,E_ITT2,PC_ENT,SI,12.71,NaN,11.21,NaN,17.16,NaN
A,GE10,H,E_ITT2,PC_ENT,SK,8.98,NaN,7.41,NaN,13.54,NaN
A,GE10,H,E_ITT2,PC_ENT,TR,12.47,NaN,16.4,NaN,15.36,NaN
A,GE10,H,E_ITT2,PC_ENT,UK,15.93,NaN,,NaN,,NaN
A,GE10,H,E_ITT2,PC_ENT_CUSE,AT,,NaN,,NaN,,NaN
A,GE10,H,E_ITT2,PC_ENT_CUSE,BA,,NaN,,NaN,,NaN
A,GE10,H,E_ITT2,PC_ENT_CUSE,BE,,NaN,,NaN,,NaN
A,GE10,H,E_ITT2,PC_ENT_CUSE,BG,,NaN,,NaN,,NaN
A,GE10,H,E_ITT2,PC_ENT_CUSE,CY,,NaN,,NaN,,NaN
A,GE10,H,E_ITT2,PC_ENT_CUSE,CZ,,NaN,,NaN,,NaN
A,GE10,H,E_ITT2,PC_ENT_CUSE,DE,,NaN,,NaN,,NaN
A,GE10,H,E_ITT2,PC_ENT_CUSE,DK,,NaN,,NaN,,NaN
A,GE10,H,E_ITT2,PC_ENT_CUSE,EA,,NaN,,NaN,,NaN
A,GE10,H,E_ITT2,PC_ENT_CUSE,EE,,NaN,,NaN,,NaN
A,GE10,H,E_ITT2,PC_ENT_CUSE,EL,,NaN,,NaN,,NaN
A,GE10,H,E_ITT2,PC_ENT_CUSE,ES,,NaN,,NaN,,NaN
A,GE10,H,E_ITT2,PC_ENT_CUSE,EU15,,NaN,,NaN,,NaN
A,GE10,H,E_ITT2,PC_ENT_CUSE,EU27_2007,,NaN,,NaN,,NaN
A,GE10,H,E_ITT2,PC_ENT_CUSE,EU27_2020,,NaN,,NaN,,NaN
A,GE10,H,E_ITT2,PC_ENT_CUSE,EU28,,NaN,,NaN,,NaN
A,GE10,H,E_ITT2,PC_ENT_CUSE,FI,,NaN,,NaN,,NaN
A,GE10,H,E_ITT2,PC_ENT_CUSE,FR,,NaN,,NaN,,NaN
A,GE10,H,E_ITT2,PC_ENT_CUSE,HR,,NaN,,NaN,,NaN
A,GE10,H,E_ITT2,PC_ENT_CUSE,HU,,NaN,,NaN,,NaN
A,GE10,H,E_ITT2,PC_ENT_CUSE,IE,,NaN,,NaN,,NaN
A,GE10,H,E_ITT2,PC_ENT_CUSE,IS,,NaN,,NaN,,NaN
A,GE10,H,E_ITT2,PC_ENT_CUSE,IT,,NaN,,NaN,,NaN
A,GE10,H,E_ITT2,PC_ENT_CUSE,LT,,NaN,,NaN,,NaN
A,GE10,H,E_ITT2,PC_ENT_CUSE,LU,,NaN,,NaN,,NaN
A,GE10,H,E_ITT2,PC_ENT_CUSE,LV,,NaN,,NaN,,NaN
A,GE10,H,E_ITT2,PC_ENT_CUSE,ME,,NaN,,NaN,,NaN
A,GE10,H,E_ITT2,PC_ENT_CUSE,MK,,NaN,,NaN,,NaN
A,GE10,H,E_ITT2,PC_ENT_CUSE,MT,,NaN,,NaN,,NaN
A,GE10,H,E_ITT2,PC_ENT_CUSE,NL,,NaN,,NaN,,NaN
A,GE10,H,E_ITT2,PC_ENT_CUSE,NO,,NaN,,NaN,,NaN
A,GE10,H,E_ITT2,PC_ENT_CUSE,PL,,NaN,,NaN,,NaN
A,GE10,H,E_ITT2,PC_ENT_CUSE,PT,,NaN,,NaN,,NaN
A,GE10,H,E_ITT2,PC_ENT_CUSE,RO,,NaN,,NaN,,NaN
A,GE10,H,E_ITT2,PC_ENT_CUSE,RS,,NaN,,NaN,,NaN
A,GE10,H,E_ITT2,PC_ENT_CUSE,SE,,NaN,,NaN,,NaN
A,GE10,H,E_ITT2,PC_ENT_CUSE,SI,,NaN,,NaN,,NaN
A,GE10,H,E_ITT2,PC_ENT_CUSE,SK,,NaN,,NaN,,NaN
A,GE10,H,E_ITT2,PC_ENT_CUSE,TR,,NaN,,NaN,,NaN
A,GE10,H,E_ITT2,PC_ENT_CUSE,UK,,NaN,,NaN,,NaN
A,GE10,H,E_ITUST2,PC_ENT,AL,,NaN,,u,,NaN
A,GE10,H,E_ITUST2,PC_ENT,AT,10.26,NaN,9.61,NaN,9.74,NaN
A,GE10,H,E_ITUST2,PC_ENT,BA,7.07,NaN,3.86,NaN,7.86,NaN
A,GE10,H,E_ITUST2,PC_ENT,BE,27.92,NaN,30.73,NaN,27.53,NaN
A,GE10,H,E_ITUST2,PC_ENT,BG,4.42,NaN,5.26,NaN,3.58,NaN
A,GE10,H,E_ITUST2,PC_ENT,CY,30.47,NaN,31.16,NaN,35.41,NaN
A,GE10,H,E_ITUST2,PC_ENT,CZ,12.35,NaN,13.41,NaN,13.2,NaN
A,GE10,H,E_ITUST2,PC_ENT,DE,15.69,NaN,21.95,NaN,17.18,NaN
A,GE10,H,E_ITUST2,PC_ENT,DK,15.46,NaN,20.16,NaN,29.66,NaN
A,GE10,H,E_ITUST2,PC_ENT,EA,13.94,NaN,16.41,NaN,14.74,NaN
A,GE10,H,E_ITUST2,PC_ENT,EE,11.05,NaN,10.57,NaN,10.69,NaN
A,GE10,H,E_ITUST2,PC_ENT,EL,,u,13.78,NaN,18.31,NaN
A,GE10,H,E_ITUST2,PC_ENT,ES,15.54,NaN,13.7,NaN,17.05,NaN
A,GE10,H,E_ITUST2,PC_ENT,EU15,,NaN,,NaN,,NaN
A,GE10,H,E_ITUST2,PC_ENT,EU27_2007,,NaN,,NaN,,NaN
A,GE10,H,E_ITUST2,PC_ENT,EU27_2020,13.01,NaN,15.59,NaN,14.58,NaN
A,GE10,H,E_ITUST2,PC_ENT,EU28,,NaN,,NaN,,NaN
A,GE10,H,E_ITUST2,PC_ENT,FI,23.81,NaN,18.06,NaN,17.91,NaN
A,GE10,H,E_ITUST2,PC_ENT,FR,12.06,NaN,6.65,b,9.56,NaN
A,GE10,H,E_ITUST2,PC_ENT,HR,15.27,NaN,12.9,NaN,14.15,NaN
A,GE10,H,E_ITUST2,PC_ENT,HU,10.71,NaN,7.91,NaN,13.43,NaN
A,GE10,H,E_ITUST2,PC_ENT,IE,11.92,NaN,17.15,NaN,14.67,NaN
A,GE10,H,E_ITUST2,PC_ENT,IS,,NaN,,NaN,,NaN
A,GE10,H,E_ITUST2,PC_ENT,IT,10.14,NaN,15.54,NaN,11.38,NaN
A,GE10,H,E_ITUST2,PC_ENT,LT,4.51,NaN,4.42,NaN,3.29,NaN
A,GE10,H,E_ITUST2,PC_ENT,LU,15.45,NaN,17.25,NaN,17.53,NaN
A,GE10,H,E_ITUST2,PC_ENT,LV,12.61,NaN,,u,10.93,NaN
A,GE10,H,E_ITUST2,PC_ENT,ME,9.05,NaN,33.1,NaN,22.44,NaN
A,GE10,H,E_ITUST2,PC_ENT,MK,7.16,NaN,,u,,NaN
A,GE10,H,E_ITUST2,PC_ENT,MT,30.44,NaN,25.28,NaN,27.75,NaN
A,GE10,H,E_ITUST2,PC_ENT,NL,13.47,NaN,18.39,NaN,13.15,NaN
A,GE10,H,E_ITUST2,PC_ENT,NO,25.66,NaN,23.29,NaN,18.2,NaN
A,GE10,H,E_ITUST2,PC_ENT,PL,10.58,NaN,18.04,NaN,17.17,NaN
A,GE10,H,E_ITUST2,PC_ENT,PT,15.31,NaN,25.39,NaN,24.57,NaN
A,GE10,H,E_ITUST2,PC_ENT,RO,3.2,NaN,5.75,NaN,7.68,NaN
A,GE10,H,E_ITUST2,PC_ENT,RS,8.0,NaN,24.53,NaN,54.39,NaN
A,GE10,H,E_ITUST2,PC_ENT,SE,18.16,NaN,13.46,NaN,15.03,b
A,GE10,H,E_ITUST2,PC_ENT,SI,11.4,NaN,10.41,NaN,16.78,NaN
A,GE10,H,E_ITUST2,PC_ENT,SK,8.01,NaN,7.32,NaN,10.67,NaN
A,GE10,H,E_ITUST2,PC_ENT,TR,10.98,NaN,15.0,NaN,14.87,NaN
A,GE10,H,E_ITUST2,PC_ENT,UK,12.46,NaN,,NaN,,NaN
A,GE10,H,E_ITUST2,PC_ENT_CUSE,AT,,NaN,,NaN,,NaN
A,GE10,H,E_ITUST2,PC_ENT_CUSE,BA,,NaN,,NaN,,NaN
A,GE10,H,E_ITUST2,PC_ENT_CUSE,BE,,NaN,,NaN,,NaN
A,GE10,H,E_ITUST2,PC_ENT_CUSE,BG,,NaN,,NaN,,NaN
A,GE10,H,E_ITUST2,PC_ENT_CUSE,CY,,NaN,,NaN,,NaN
A,GE10,H,E_ITUST2,PC_ENT_CUSE,CZ,,NaN,,NaN,,NaN
A,GE10,H,E_ITUST2,PC_ENT_CUSE,DE,,NaN,,NaN,,NaN
A,GE10,H,E_ITUST2,PC_ENT_CUSE,DK,,NaN,,NaN,,NaN
A,GE10,H,E_ITUST2,PC_ENT_CUSE,EA,,NaN,,NaN,,NaN
A,GE10,H,E_ITUST2,PC_ENT_CUSE,EE,,NaN,,NaN,,NaN
A,GE10,H,E_ITUST2,PC_ENT_CUSE,EL,,NaN,,NaN,,NaN
A,GE10,H,E_ITUST2,PC_ENT_CUSE,ES,,NaN,,NaN,,NaN
A,GE10,H,E_ITUST2,PC_ENT_CUSE,EU15,,NaN,,NaN,,NaN
A,GE10,H,E_ITUST2,PC_ENT_CUSE,EU27_2007,,NaN,,NaN,,NaN
A,GE10,H,E_ITUST2,PC_ENT_CUSE,EU27_2020,,NaN,,NaN,,NaN
A,GE10,H,E_ITUST2,PC_ENT_CUSE,EU28,,NaN,,NaN,,NaN
A,GE10,H,E_ITUST2,PC_ENT_CUSE,FI,,NaN,,NaN,,NaN
A,GE10,H,E_ITUST2,PC_ENT_CUSE,FR,,NaN,,NaN,,NaN
A,GE10,H,E_ITUST2,PC_ENT_CUSE,HR,,NaN,,NaN,,NaN
A,GE10,H,E_ITUST2,PC_ENT_CUSE,HU,,NaN,,NaN,,NaN
A,GE10,H,E_ITUST2,PC_ENT_CUSE,IE,,NaN,,NaN,,NaN
A,GE10,H,E_ITUST2,PC_ENT_CUSE,IS,,NaN,,NaN,,NaN
A,GE10,H,E_ITUST2,PC_ENT_CUSE,IT,,NaN,,NaN,,NaN
A,GE10,H,E_ITUST2,PC_ENT_CUSE,LT,,NaN,,NaN,,NaN
A,GE10,H,E_ITUST2,PC_ENT_CUSE,LU,,NaN,,NaN,,NaN
A,GE10,H,E_ITUST2,PC_ENT_CUSE,LV,,NaN,,NaN,,NaN
A,GE10,H,E_ITUST2,PC_ENT_CUSE,ME,,NaN,,NaN,,NaN
A,GE10,H,E_ITUST2,PC_ENT_CUSE,MK,,NaN,,NaN,,NaN
A,GE10,H,E_ITUST2,PC_ENT_CUSE,MT,,NaN,,NaN,,NaN
A,GE10,H,E_ITUST2,PC_ENT_CUSE,NL,,NaN,,NaN,,NaN
A,GE10,H,E_ITUST2,PC_ENT_CUSE,NO,,NaN,,NaN,,NaN
A,GE10,H,E_ITUST2,PC_ENT_CUSE,PL,,NaN,,NaN,,NaN
A,GE10,H,E_ITUST2,PC_ENT_CUSE,PT,,NaN,,NaN,,NaN
A,GE10,H,E_ITUST2,PC_ENT_CUSE,RO,,NaN,,NaN,,NaN
A,GE10,H,E_ITUST2,PC_ENT_CUSE,RS,,NaN,,NaN,,NaN
A,GE10,H,E_ITUST2,PC_ENT_CUSE,SE,,NaN,,NaN,,NaN
A,GE10,H,E_ITUST2,PC_ENT_CUSE,SI,,NaN,,NaN,,NaN
A,GE10,H,E_ITUST2,PC_ENT_CUSE,SK,,NaN,,NaN,,NaN
A,GE10,H,E_ITUST2,PC_ENT_CUSE,TR,,NaN,,NaN,,NaN
A,GE10,H,E_ITUST2,PC_ENT_CUSE,UK,,NaN,,NaN,,NaN
A,GE10,I,E_ITSP2X_ITT2,PC_ENT,AT,4.57,NaN,2.39,NaN,2.82,NaN
A,GE10,I,E_ITSP2X_ITT2,PC_ENT,BA,,u,,u,,u
A,GE10,I,E_ITSP2X_ITT2,PC_ENT,BE,6.14,NaN,2.86,NaN,10.88,NaN
A,GE10,I,E_ITSP2X_ITT2,PC_ENT,BG,,u,,u,1.31,NaN
A,GE10,I,E_ITSP2X_ITT2,PC_ENT,CY,8.76,NaN,10.01,NaN,9.29,NaN
A,GE10,I,E_ITSP2X_ITT2,PC_ENT,CZ,7.14,NaN,4.99,NaN,9.23,NaN
A,GE10,I,E_ITSP2X_ITT2,PC_ENT,DE,7.0,NaN,6.76,NaN,7.82,NaN
A,GE10,I,E_ITSP2X_ITT2,PC_ENT,DK,9.19,NaN,3.32,NaN,6.85,NaN
A,GE10,I,E_ITSP2X_ITT2,PC_ENT,EA,5.69,NaN,5.44,NaN,6.15,NaN
A,GE10,I,E_ITSP2X_ITT2,PC_ENT,EE,2.01,NaN,6.02,NaN,5.34,NaN
A,GE10,I,E_ITSP2X_ITT2,PC_ENT,EL,,u,0.41,NaN,1.47,NaN
A,GE10,I,E_ITSP2X_ITT2,PC_ENT,ES,11.81,NaN,6.46,NaN,10.13,NaN
A,GE10,I,E_ITSP2X_ITT2,PC_ENT,EU15,,NaN,,NaN,,NaN
A,GE10,I,E_ITSP2X_ITT2,PC_ENT,EU27_2007,,NaN,,NaN,,NaN
A,GE10,I,E_ITSP2X_ITT2,PC_ENT,EU27_2020,5.68,NaN,5.62,NaN,6.26,NaN
A,GE10,I,E_ITSP2X_ITT2,PC_ENT,EU28,,NaN,,NaN,,NaN
A,GE10,I,E_ITSP2X_ITT2,PC_ENT,FI,,u,17.26,NaN,9.51,NaN
A,GE10,I,E_ITSP2X_ITT2,PC_ENT,FR,2.56,NaN,3.42,b,1.41,NaN
A,GE10,I,E_ITSP2X_ITT2,PC_ENT,HR,7.7,NaN,10.67,NaN,5.71,NaN
A,GE10,I,E_ITSP2X_ITT2,PC_ENT,HU,3.15,NaN,4.69,NaN,2.99,NaN
A,GE10,I,E_ITSP2X_ITT2,PC_ENT,IE,7.52,NaN,7.59,NaN,3.17,NaN
A,GE10,I,E_ITSP2X_ITT2,PC_ENT,IT,5.7,NaN,7.51,NaN,8.55,NaN
A,GE10,I,E_ITSP2X_ITT2,PC_ENT,LT,1.75,NaN,2.39,NaN,4.3,NaN
A,GE10,I,E_ITSP2X_ITT2,PC_ENT,LU,1.74,NaN,2.22,NaN,2.72,NaN
A,GE10,I,E_ITSP2X_ITT2,PC_ENT,LV,5.75,NaN,1.99,NaN,3.74,NaN
A,GE10,I,E_ITSP2X_ITT2,PC_ENT,ME,,u,3.75,NaN,12.73,NaN
A,GE10,I,E_ITSP2X_ITT2,PC_ENT,MK,2.14,NaN,,u,,NaN
A,GE10,I,E_ITSP2X_ITT2,PC_ENT,MT,8.27,NaN,4.86,NaN,8.18,NaN
A,GE10,I,E_ITSP2X_ITT2,PC_ENT,NL,0.06,NaN,1.71,NaN,2.49,NaN
A,GE10,I,E_ITSP2X_ITT2,PC_ENT,NO,13.29,NaN,14.17,NaN,7.82,NaN
A,GE10,I,E_ITSP2X_ITT2,PC_ENT,PL,8.34,NaN,12.33,NaN,14.53,NaN
A,GE10,I,E_ITSP2X_ITT2,PC_ENT,PT,4.43,NaN,12.38,NaN,11.55,NaN
A,GE10,I,E_ITSP2X_ITT2,PC_ENT,RO,1.29,NaN,1.38,NaN,3.7,NaN
A,GE10,I,E_ITSP2X_ITT2,PC_ENT,RS,4.34,NaN,5.35,NaN,8.02,NaN
A,GE10,I,E_ITSP2X_ITT2,PC_ENT,SE,9.76,NaN,11.31,NaN,6.21,b
A,GE10,I,E_ITSP2X_ITT2,PC_ENT,SI,13.98,NaN,13.44,NaN,17.14,NaN
A,GE10,I,E_ITSP2X_ITT2,PC_ENT,SK,5.22,NaN,4.14,NaN,3.23,NaN
A,GE10,I,E_ITSP2X_ITT2,PC_ENT,TR,3.61,NaN,7.73,NaN,8.02,NaN
A,GE10,I,E_ITSP2X_ITT2,PC_ENT,UK,5.96,NaN,,NaN,,NaN
A,GE10,I,E_ITSP2X_ITT2,PC_ENT_CUSE,AT,,NaN,,NaN,,NaN
A,GE10,I,E_ITSP2X_ITT2,PC_ENT_CUSE,BA,,NaN,,NaN,,NaN
A,GE10,I,E_ITSP2X_ITT2,PC_ENT_CUSE,BE,,NaN,,NaN,,NaN
A,GE10,I,E_ITSP2X_ITT2,PC_ENT_CUSE,BG,,NaN,,NaN,,NaN
A,GE10,I,E_ITSP2X_ITT2,PC_ENT_CUSE,CY,,NaN,,NaN,,NaN
A,GE10,I,E_ITSP2X_ITT2,PC_ENT_CUSE,CZ,,NaN,,NaN,,NaN
A,GE10,I,E_ITSP2X_ITT2,PC_ENT_CUSE,DE,,NaN,,NaN,,NaN
A,GE10,I,E_ITSP2X_ITT2,PC_ENT_CUSE,DK,,NaN,,NaN,,NaN
A,GE10,I,E_ITSP2X_ITT2,PC_ENT_CUSE,EA,,NaN,,NaN,,NaN
A,GE10,I,E_ITSP2X_ITT2,PC_ENT_CUSE,EE,,NaN,,NaN,,NaN
A,GE10,I,E_ITSP2X_ITT2,PC_ENT_CUSE,EL,,NaN,,NaN,,NaN
A,GE10,I,E_ITSP2X_ITT2,PC_ENT_CUSE,ES,,NaN,,NaN,,NaN
A,GE10,I,E_ITSP2X_ITT2,PC_ENT_CUSE,EU15,,NaN,,NaN,,NaN
A,GE10,I,E_ITSP2X_ITT2,PC_ENT_CUSE,EU27_2007,,NaN,,NaN,,NaN
A,GE10,I,E_ITSP2X_ITT2,PC_ENT_CUSE,EU27_2020,,NaN,,NaN,,NaN
A,GE10,I,E_ITSP2X_ITT2,PC_ENT_CUSE,EU28,,NaN,,NaN,,NaN
A,GE10,I,E_ITSP2X_ITT2,PC_ENT_CUSE,FI,,NaN,,NaN,,NaN
A,GE10,I,E_ITSP2X_ITT2,PC_ENT_CUSE,FR,,NaN,,NaN,,NaN
A,GE10,I,E_ITSP2X_ITT2,PC_ENT_CUSE,HR,,NaN,,NaN,,NaN
A,GE10,I,E_ITSP2X_ITT2,PC_ENT_CUSE,HU,,NaN,,NaN,,NaN
A,GE10,I,E_ITSP2X_ITT2,PC_ENT_CUSE,IE,,NaN,,NaN,,NaN
A,GE10,I,E_ITSP2X_ITT2,PC_ENT_CUSE,IT,,NaN,,NaN,,NaN
A,GE10,I,E_ITSP2X_ITT2,PC_ENT_CUSE,LT,,NaN,,NaN,,NaN
A,GE10,I,E_ITSP2X_ITT2,PC_ENT_CUSE,LU,,NaN,,NaN,,NaN
A,GE10,I,E_ITSP2X_ITT2,PC_ENT_CUSE,LV,,NaN,,NaN,,NaN
A,GE10,I,E_ITSP2X_ITT2,PC_ENT_CUSE,ME,,NaN,,NaN,,NaN
A,GE10,I,E_ITSP2X_ITT2,PC_ENT_CUSE,MK,,NaN,,NaN,,NaN
A,GE10,I,E_ITSP2X_ITT2,PC_ENT_CUSE,MT,,NaN,,NaN,,NaN
A,GE10,I,E_ITSP2X_ITT2,PC_ENT_CUSE,NL,,NaN,,NaN,,NaN
A,GE10,I,E_ITSP2X_ITT2,PC_ENT_CUSE,NO,,NaN,,NaN,,NaN
A,GE10,I,E_ITSP2X_ITT2,PC_ENT_CUSE,PL,,NaN,,NaN,,NaN
A,GE10,I,E_ITSP2X_ITT2,PC_ENT_CUSE,PT,,NaN,,NaN,,NaN
A,GE10,I,E_ITSP2X_ITT2,PC_ENT_CUSE,RO,,NaN,,NaN,,NaN
A,GE10,I,E_ITSP2X_ITT2,PC_ENT_CUSE,RS,,NaN,,NaN,,NaN
A,GE10,I,E_ITSP2X_ITT2,PC_ENT_CUSE,SE,,NaN,,NaN,,NaN
A,GE10,I,E_ITSP2X_ITT2,PC_ENT_CUSE,SI,,NaN,,NaN,,NaN
A,GE10,I,E_ITSP2X_ITT2,PC_ENT_CUSE,SK,,NaN,,NaN,,NaN
A,GE10,I,E_ITSP2X_ITT2,PC_ENT_CUSE,TR,,NaN,,NaN,,NaN
A,GE10,I,E_ITSP2X_ITT2,PC_ENT_CUSE,UK,,NaN,,NaN,,NaN
A,GE10,I,E_ITSP2_ITT2,PC_ENT,AT,0.79,NaN,2.61,NaN,2.78,NaN
A,GE10,I,E_ITSP2_ITT2,PC_ENT,BA,4.23,NaN,,NaN,,u
A,GE10,I,E_ITSP2_ITT2,PC_ENT,BE,3.73,NaN,5.18,NaN,3.79,NaN
A,GE10,I,E_ITSP2_ITT2,PC_ENT,BG,1.53,NaN,2.66,NaN,2.22,NaN
A,GE10,I,E_ITSP2_ITT2,PC_ENT,CY,9.01,NaN,10.97,NaN,13.06,NaN
A,GE10,I,E_ITSP2_ITT2,PC_ENT,CZ,2.1,NaN,1.81,NaN,2.08,NaN
A,GE10,I,E_ITSP2_ITT2,PC_ENT,DE,2.7,NaN,2.82,NaN,3.54,NaN
A,GE10,I,E_ITSP2_ITT2,PC_ENT,DK,4.46,NaN,9.51,NaN,11.02,NaN
A,GE10,I,E_ITSP2_ITT2,PC_ENT,EA,2.36,NaN,2.73,NaN,2.56,NaN
A,GE10,I,E_ITSP2_ITT2,PC_ENT,EE,3.57,NaN,2.05,NaN,5.9,NaN
A,GE10,I,E_ITSP2_ITT2,PC_ENT,EL,,u,1.58,NaN,1.62,NaN
A,GE10,I,E_ITSP2_ITT2,PC_ENT,ES,2.96,NaN,4.06,NaN,1.95,NaN
A,GE10,I,E_ITSP2_ITT2,PC_ENT,EU15,,NaN,,NaN,,NaN
A,GE10,I,E_ITSP2_ITT2,PC_ENT,EU27_2007,,NaN,,NaN,,NaN
A,GE10,I,E_ITSP2_ITT2,PC_ENT,EU27_2020,2.5,NaN,2.88,NaN,2.95,NaN
A,GE10,I,E_ITSP2_ITT2,PC_ENT,EU28,,NaN,,NaN,,NaN
A,GE10,I,E_ITSP2_ITT2,PC_ENT,FI,,u,5.49,NaN,7.91,NaN
A,GE10,I,E_ITSP2_ITT2,PC_ENT,FR,1.71,NaN,2.79,b,1.62,NaN
A,GE10,I,E_ITSP2_ITT2,PC_ENT,HR,4.49,NaN,5.29,NaN,2.31,NaN
A,GE10,I,E_ITSP2_ITT2,PC_ENT,HU,3.15,NaN,3.14,NaN,4.17,NaN
A,GE10,I,E_ITSP2_ITT2,PC_ENT,IE,5.78,NaN,3.56,NaN,3.75,NaN
A,GE10,I,E_ITSP2_ITT2,PC_ENT,IT,0.93,NaN,0.51,NaN,1.19,NaN
A,GE10,I,E_ITSP2_ITT2,PC_ENT,LT,3.77,NaN,2.67,NaN,1.38,NaN
A,GE10,I,E_ITSP2_ITT2,PC_ENT,LU,3.38,NaN,5.4,NaN,1.63,NaN
A,GE10,I,E_ITSP2_ITT2,PC_ENT,LV,2.35,NaN,2.24,NaN,3.1,NaN
A,GE10,I,E_ITSP2_ITT2,PC_ENT,ME,,u,11.15,NaN,24.92,NaN
A,GE10,I,E_ITSP2_ITT2,PC_ENT,MK,1.89,NaN,,u,,NaN
A,GE10,I,E_ITSP2_ITT2,PC_ENT,MT,7.78,NaN,5.89,NaN,12.67,NaN
A,GE10,I,E_ITSP2_ITT2,PC_ENT,NL,1.23,NaN,4.94,NaN,1.7,NaN
A,GE10,I,E_ITSP2_ITT2,PC_ENT,NO,5.89,NaN,6.13,NaN,6.32,NaN
A,GE10,I,E_ITSP2_ITT2,PC_ENT,PL,4.54,NaN,8.5,NaN,11.58,NaN
A,GE10,I,E_ITSP2_ITT2,PC_ENT,PT,6.48,NaN,5.48,NaN,6.26,NaN
A,GE10,I,E_ITSP2_ITT2,PC_ENT,RO,3.0,NaN,0.34,NaN,4.74,NaN
A,GE10,I,E_ITSP2_ITT2,PC_ENT,RS,9.61,NaN,3.91,NaN,13.2,NaN
A,GE10,I,E_ITSP2_ITT2,PC_ENT,SE,4.1,NaN,2.38,NaN,2.9,b
A,GE10,I,E_ITSP2_ITT2,PC_ENT,SI,4.22,NaN,2.69,NaN,2.35,NaN
A,GE10,I,E_ITSP2_ITT2,PC_ENT,SK,0.76,NaN,2.24,NaN,1.57,NaN
A,GE10,I,E_ITSP2_ITT2,PC_ENT,TR,3.81,NaN,5.87,NaN,5.49,NaN
A,GE10,I,E_ITSP2_ITT2,PC_ENT,UK,1.57,NaN,,NaN,,NaN
A,GE10,I,E_ITSP2_ITT2,PC_ENT_CUSE,AT,,NaN,,NaN,,NaN
A,GE10,I,E_ITSP2_ITT2,PC_ENT_CUSE,BA,,NaN,,NaN,,NaN
A,GE10,I,E_ITSP2_ITT2,PC_ENT_CUSE,BE,,NaN,,NaN,,NaN
A,GE10,I,E_ITSP2_ITT2,PC_ENT_CUSE,BG,,NaN,,NaN,,NaN
A,GE10,I,E_ITSP2_ITT2,PC_ENT_CUSE,CY,,NaN,,NaN,,NaN
A,GE10,I,E_ITSP2_ITT2,PC_ENT_CUSE,CZ,,NaN,,NaN,,NaN
A,GE10,I,E_ITSP2_ITT2,PC_ENT_CUSE,DE,,NaN,,NaN,,NaN
A,GE10,I,E_ITSP2_ITT2,PC_ENT_CUSE,DK,,NaN,,NaN,,NaN
A,GE10,I,E_ITSP2_ITT2,PC_ENT_CUSE,EA,,NaN,,NaN,,NaN
A,GE10,I,E_ITSP2_ITT2,PC_ENT_CUSE,EE,,NaN,,NaN,,NaN
A,GE10,I,E_ITSP2_ITT2,PC_ENT_CUSE,EL,,NaN,,NaN,,NaN
A,GE10,I,E_ITSP2_ITT2,PC_ENT_CUSE,ES,,NaN,,NaN,,NaN
A,GE10,I,E_ITSP2_ITT2,PC_ENT_CUSE,EU15,,NaN,,NaN,,NaN
A,GE10,I,E_ITSP2_ITT2,PC_ENT_CUSE,EU27_2007,,NaN,,NaN,,NaN
A,GE10,I,E_ITSP2_ITT2,PC_ENT_CUSE,EU27_2020,,NaN,,NaN,,NaN
A,GE10,I,E_ITSP2_ITT2,PC_ENT_CUSE,EU28,,NaN,,NaN,,NaN
A,GE10,I,E_ITSP2_ITT2,PC_ENT_CUSE,FI,,NaN,,NaN,,NaN
A,GE10,I,E_ITSP2_ITT2,PC_ENT_CUSE,FR,,NaN,,NaN,,NaN
A,GE10,I,E_ITSP2_ITT2,PC_ENT_CUSE,HR,,NaN,,NaN,,NaN
A,GE10,I,E_ITSP2_ITT2,PC_ENT_CUSE,HU,,NaN,,NaN,,NaN
A,GE10,I,E_ITSP2_ITT2,PC_ENT_CUSE,IE,,NaN,,NaN,,NaN
A,GE10,I,E_ITSP2_ITT2,PC_ENT_CUSE,IT,,NaN,,NaN,,NaN
A,GE10,I,E_ITSP2_ITT2,PC_ENT_CUSE,LT,,NaN,,NaN,,NaN
A,GE10,I,E_ITSP2_ITT2,PC_ENT_CUSE,LU,,NaN,,NaN,,NaN
A,GE10,I,E_ITSP2_ITT2,PC_ENT_CUSE,LV,,NaN,,NaN,,NaN
A,GE10,I,E_ITSP2_ITT2,PC_ENT_CUSE,ME,,NaN,,NaN,,NaN
A,GE10,I,E_ITSP2_ITT2,PC_ENT_CUSE,MK,,NaN,,NaN,,NaN
A,GE10,I,E_ITSP2_ITT2,PC_ENT_CUSE,MT,,NaN,,NaN,,NaN
A,GE10,I,E_ITSP2_ITT2,PC_ENT_CUSE,NL,,NaN,,NaN,,NaN
A,GE10,I,E_ITSP2_ITT2,PC_ENT_CUSE,NO,,NaN,,NaN,,NaN
A,GE10,I,E_ITSP2_ITT2,PC_ENT_CUSE,PL,,NaN,,NaN,,NaN
A,GE10,I,E_ITSP2_ITT2,PC_ENT_CUSE,PT,,NaN,,NaN,,NaN
A,GE10,I,E_ITSP2_ITT2,PC_ENT_CUSE,RO,,NaN,,NaN,,NaN
A,GE10,I,E_ITSP2_ITT2,PC_ENT_CUSE,RS,,NaN,,NaN,,NaN
A,GE10,I,E_ITSP2_ITT2,PC_ENT_CUSE,SE,,NaN,,NaN,,NaN
A,GE10,I,E_ITSP2_ITT2,PC_ENT_CUSE,SI,,NaN,,NaN,,NaN
A,GE10,I,E_ITSP2_ITT2,PC_ENT_CUSE,SK,,NaN,,NaN,,NaN
A,GE10,I,E_ITSP2_ITT2,PC_ENT_CUSE,TR,,NaN,,NaN,,NaN
A,GE10,I,E_ITSP2_ITT2,PC_ENT_CUSE,UK,,NaN,,NaN,,NaN
A,GE10,I,E_ITSPT2,PC_ENT,AT,0.5,NaN,2.14,NaN,2.89,NaN
A,GE10,I,E_ITSPT2,PC_ENT,BA,2.88,NaN,,NaN,,u
A,GE10,I,E_ITSPT2,PC_ENT,BE,3.18,NaN,5.1,NaN,1.86,NaN
A,GE10,I,E_ITSPT2,PC_ENT,BG,0.83,NaN,1.77,NaN,2.01,NaN
A,GE10,I,E_ITSPT2,PC_ENT,CY,5.85,NaN,7.58,NaN,9.93,NaN
A,GE10,I,E_ITSPT2,PC_ENT,CZ,0.9,NaN,1.42,NaN,1.38,NaN
A,GE10,I,E_ITSPT2,PC_ENT,DE,2.59,NaN,2.45,NaN,2.6,NaN
A,GE10,I,E_ITSPT2,PC_ENT,DK,4.18,NaN,7.31,NaN,8.66,NaN
A,GE10,I,E_ITSPT2,PC_ENT,EA,2.19,NaN,2.47,NaN,2.16,NaN
A,GE10,I,E_ITSPT2,PC_ENT,EE,2.96,NaN,2.99,NaN,3.13,NaN
A,GE10,I,E_ITSPT2,PC_ENT,EL,,u,1.47,NaN,1.56,NaN
A,GE10,I,E_ITSPT2,PC_ENT,ES,2.46,NaN,2.58,NaN,1.53,NaN
A,GE10,I,E_ITSPT2,PC_ENT,EU15,,NaN,,NaN,,NaN
A,GE10,I,E_ITSPT2,PC_ENT,EU27_2007,,NaN,,NaN,,NaN
A,GE10,I,E_ITSPT2,PC_ENT,EU27_2020,2.14,NaN,2.49,NaN,2.5,NaN
A,GE10,I,E_ITSPT2,PC_ENT,EU28,,NaN,,NaN,,NaN
A,GE10,I,E_ITSPT2,PC_ENT,FI,,u,3.65,NaN,7.44,NaN
A,GE10,I,E_ITSPT2,PC_ENT,FR,1.55,NaN,2.48,b,1.32,NaN
A,GE10,I,E_ITSPT2,PC_ENT,HR,3.07,NaN,2.23,NaN,1.63,NaN
A,GE10,I,E_ITSPT2,PC_ENT,HU,1.45,NaN,2.32,NaN,2.72,NaN
A,GE10,I,E_ITSPT2,PC_ENT,IE,4.31,NaN,0.72,NaN,2.44,NaN
A,GE10,I,E_ITSPT2,PC_ENT,IS,,NaN,,NaN,,NaN
A,GE10,I,E_ITSPT2,PC_ENT,IT,1.6,NaN,2.5,NaN,1.68,NaN
A,GE10,I,E_ITSPT2,PC_ENT,LT,1.65,NaN,2.29,NaN,1.55,NaN
A,GE10,I,E_ITSPT2,PC_ENT,LU,2.95,NaN,5.4,NaN,1.39,NaN
A,GE10,I,E_ITSPT2,PC_ENT,LV,2.0,NaN,1.47,NaN,2.29,NaN
A,GE10,I,E_ITSPT2,PC_ENT,ME,,u,4.48,NaN,18.63,NaN
A,GE10,I,E_ITSPT2,PC_ENT,MK,0.66,NaN,,u,,NaN
A,GE10,I,E_ITSPT2,PC_ENT,MT,6.62,NaN,5.32,NaN,8.78,NaN
A,GE10,I,E_ITSPT2,PC_ENT,NL,1.17,NaN,3.42,NaN,1.59,NaN
A,GE10,I,E_ITSPT2,PC_ENT,NO,6.07,NaN,5.61,NaN,4.95,NaN
A,GE10,I,E_ITSPT2,PC_ENT,PL,1.9,NaN,3.85,NaN,11.3,NaN
A,GE10,I,E_ITSPT2,PC_ENT,PT,3.87,NaN,2.99,NaN,5.11,NaN
A,GE10,I,E_ITSPT2,PC_ENT,RO,2.97,NaN,2.06,NaN,4.29,NaN
A,GE10,I,E_ITSPT2,PC_ENT,RS,6.22,NaN,4.55,NaN,3.54,NaN
A,GE10,I,E_ITSPT2,PC_ENT,SE,1.35,NaN,2.39,NaN,1.71,b
A,GE10,I,E_ITSPT2,PC_ENT,SI,4.03,NaN,2.17,NaN,2.02,NaN
A,GE10,I,E_ITSPT2,PC_ENT,SK,0.3,NaN,2.24,NaN,1.57,NaN
A,GE10,I,E_ITSPT2,PC_ENT,TR,2.97,NaN,4.37,NaN,3.51,NaN
A,GE10,I,E_ITSPT2,PC_ENT,UK,0.91,NaN,,NaN,,NaN
A,GE10,I,E_ITSPT2,PC_ENT_CUSE,AT,,NaN,,NaN,,NaN
A,GE10,I,E_ITSPT2,PC_ENT_CUSE,BA,,NaN,,NaN,,NaN
A,GE10,I,E_ITSPT2,PC_ENT_CUSE,BE,,NaN,,NaN,,NaN
A,GE10,I,E_ITSPT2,PC_ENT_CUSE,BG,,NaN,,NaN,,NaN
A,GE10,I,E_ITSPT2,PC_ENT_CUSE,CY,,NaN,,NaN,,NaN
A,GE10,I,E_ITSPT2,PC_ENT_CUSE,CZ,,NaN,,NaN,,NaN
A,GE10,I,E_ITSPT2,PC_ENT_CUSE,DE,,NaN,,NaN,,NaN
A,GE10,I,E_ITSPT2,PC_ENT_CUSE,DK,,NaN,,NaN,,NaN
A,GE10,I,E_ITSPT2,PC_ENT_CUSE,EA,,NaN,,NaN,,NaN
A,GE10,I,E_ITSPT2,PC_ENT_CUSE,EE,,NaN,,NaN,,NaN
A,GE10,I,E_ITSPT2,PC_ENT_CUSE,EL,,NaN,,NaN,,NaN
A,GE10,I,E_ITSPT2,PC_ENT_CUSE,ES,,NaN,,NaN,,NaN
A,GE10,I,E_ITSPT2,PC_ENT_CUSE,EU15,,NaN,,NaN,,NaN
A,GE10,I,E_ITSPT2,PC_ENT_CUSE,EU27_2007,,NaN,,NaN,,NaN
A,GE10,I,E_ITSPT2,PC_ENT_CUSE,EU27_2020,,NaN,,NaN,,NaN
A,GE10,I,E_ITSPT2,PC_ENT_CUSE,EU28,,NaN,,NaN,,NaN
A,GE10,I,E_ITSPT2,PC_ENT_CUSE,FI,,NaN,,NaN,,NaN
A,GE10,I,E_ITSPT2,PC_ENT_CUSE,FR,,NaN,,NaN,,NaN
A,GE10,I,E_ITSPT2,PC_ENT_CUSE,HR,,NaN,,NaN,,NaN
A,GE10,I,E_ITSPT2,PC_ENT_CUSE,HU,,NaN,,NaN,,NaN
A,GE10,I,E_ITSPT2,PC_ENT_CUSE,IE,,NaN,,NaN,,NaN
A,GE10,I,E_ITSPT2,PC_ENT_CUSE,IS,,NaN,,NaN,,NaN
A,GE10,I,E_ITSPT2,PC_ENT_CUSE,IT,,NaN,,NaN,,NaN
A,GE10,I,E_ITSPT2,PC_ENT_CUSE,LT,,NaN,,NaN,,NaN
A,GE10,I,E_ITSPT2,PC_ENT_CUSE,LU,,NaN,,NaN,,NaN
A,GE10,I,E_ITSPT2,PC_ENT_CUSE,LV,,NaN,,NaN,,NaN
A,GE10,I,E_ITSPT2,PC_ENT_CUSE,ME,,NaN,,NaN,,NaN
A,GE10,I,E_ITSPT2,PC_ENT_CUSE,MK,,NaN,,NaN,,NaN
A,GE10,I,E_ITSPT2,PC_ENT_CUSE,MT,,NaN,,NaN,,NaN
A,GE10,I,E_ITSPT2,PC_ENT_CUSE,NL,,NaN,,NaN,,NaN
A,GE10,I,E_ITSPT2,PC_ENT_CUSE,NO,,NaN,,NaN,,NaN
A,GE10,I,E_ITSPT2,PC_ENT_CUSE,PL,,NaN,,NaN,,NaN
A,GE10,I,E_ITSPT2,PC_ENT_CUSE,PT,,NaN,,NaN,,NaN
A,GE10,I,E_ITSPT2,PC_ENT_CUSE,RO,,NaN,,NaN,,NaN
A,GE10,I,E_ITSPT2,PC_ENT_CUSE,RS,,NaN,,NaN,,NaN
A,GE10,I,E_ITSPT2,PC_ENT_CUSE,SE,,NaN,,NaN,,NaN
A,GE10,I,E_ITSPT2,PC_ENT_CUSE,SI,,NaN,,NaN,,NaN
A,GE10,I,E_ITSPT2,PC_ENT_CUSE,SK,,NaN,,NaN,,NaN
A,GE10,I,E_ITSPT2,PC_ENT_CUSE,TR,,NaN,,NaN,,NaN
A,GE10,I,E_ITSPT2,PC_ENT_CUSE,UK,,NaN,,NaN,,NaN
A,GE10,I,E_ITT2,PC_ENT,AT,5.46,NaN,5.11,NaN,5.97,NaN
A,GE10,I,E_ITT2,PC_ENT,BA,9.13,NaN,,u,,u
A,GE10,I,E_ITT2,PC_ENT,BE,9.87,NaN,8.04,NaN,14.67,NaN
A,GE10,I,E_ITT2,PC_ENT,BG,3.07,NaN,2.99,NaN,3.54,NaN
A,GE10,I,E_ITT2,PC_ENT,CY,17.77,NaN,20.97,NaN,22.35,NaN
A,GE10,I,E_ITT2,PC_ENT,CZ,9.24,NaN,6.8,NaN,11.31,NaN
A,GE10,I,E_ITT2,PC_ENT,DE,9.8,NaN,9.77,NaN,11.37,NaN
A,GE10,I,E_ITT2,PC_ENT,DK,13.65,NaN,12.83,NaN,17.86,NaN
A,GE10,I,E_ITT2,PC_ENT,EA,8.27,NaN,8.45,NaN,8.74,NaN
A,GE10,I,E_ITT2,PC_ENT,EE,5.58,NaN,8.07,NaN,11.24,NaN
A,GE10,I,E_ITT2,PC_ENT,EL,,u,2.0,NaN,3.12,NaN
A,GE10,I,E_ITT2,PC_ENT,ES,14.77,NaN,10.52,NaN,12.08,NaN
A,GE10,I,E_ITT2,PC_ENT,EU15,,NaN,,NaN,,NaN
A,GE10,I,E_ITT2,PC_ENT,EU27_2007,,NaN,,NaN,,NaN
A,GE10,I,E_ITT2,PC_ENT,EU27_2020,8.36,NaN,8.76,NaN,9.24,NaN
A,GE10,I,E_ITT2,PC_ENT,EU28,,NaN,,NaN,,NaN
A,GE10,I,E_ITT2,PC_ENT,FI,,u,22.74,NaN,17.41,NaN
A,GE10,I,E_ITT2,PC_ENT,FR,4.27,NaN,6.21,b,3.03,NaN
A,GE10,I,E_ITT2,PC_ENT,HR,12.18,NaN,15.97,NaN,8.02,NaN
A,GE10,I,E_ITT2,PC_ENT,HU,6.3,NaN,7.82,NaN,7.15,NaN
A,GE10,I,E_ITT2,PC_ENT,IE,13.3,NaN,11.15,NaN,6.92,NaN
A,GE10,I,E_ITT2,PC_ENT,IS,,NaN,,NaN,,NaN
A,GE10,I,E_ITT2,PC_ENT,IT,7.17,NaN,9.39,NaN,9.75,NaN
A,GE10,I,E_ITT2,PC_ENT,LT,5.51,NaN,4.96,NaN,5.94,NaN
A,GE10,I,E_ITT2,PC_ENT,LU,5.12,NaN,7.62,NaN,4.35,NaN
A,GE10,I,E_ITT2,PC_ENT,LV,8.11,NaN,4.23,NaN,6.85,NaN
A,GE10,I,E_ITT2,PC_ENT,ME,30.0,NaN,14.9,NaN,37.65,NaN
A,GE10,I,E_ITT2,PC_ENT,MK,4.03,NaN,,u,,NaN
A,GE10,I,E_ITT2,PC_ENT,MT,16.04,NaN,10.75,NaN,20.84,NaN
A,GE10,I,E_ITT2,PC_ENT,NL,3.47,NaN,6.65,NaN,4.19,NaN
A,GE10,I,E_ITT2,PC_ENT,NO,19.18,NaN,20.3,NaN,14.14,NaN
A,GE10,I,E_ITT2,PC_ENT,PL,12.88,NaN,20.83,NaN,26.13,NaN
A,GE10,I,E_ITT2,PC_ENT,PT,10.91,NaN,17.86,NaN,17.8,NaN
A,GE10,I,E_ITT2,PC_ENT,RO,4.34,NaN,2.44,NaN,8.44,NaN
A,GE10,I,E_ITT2,PC_ENT,RS,13.95,NaN,9.26,NaN,21.23,NaN
A,GE10,I,E_ITT2,PC_ENT,SE,13.86,NaN,13.69,NaN,9.11,b
A,GE10,I,E_ITT2,PC_ENT,SI,18.19,NaN,16.13,NaN,19.48,NaN
A,GE10,I,E_ITT2,PC_ENT,SK,5.98,NaN,6.38,NaN,4.8,NaN
A,GE10,I,E_ITT2,PC_ENT,TR,7.42,NaN,13.61,NaN,13.51,NaN
A,GE10,I,E_ITT2,PC_ENT,UK,7.52,NaN,,NaN,,NaN
A,GE10,I,E_ITT2,PC_ENT_CUSE,AT,,NaN,,NaN,,NaN
A,GE10,I,E_ITT2,PC_ENT_CUSE,BA,,NaN,,NaN,,NaN
A,GE10,I,E_ITT2,PC_ENT_CUSE,BE,,NaN,,NaN,,NaN
A,GE10,I,E_ITT2,PC_ENT_CUSE,BG,,NaN,,NaN,,NaN
A,GE10,I,E_ITT2,PC_ENT_CUSE,CY,,NaN,,NaN,,NaN
A,GE10,I,E_ITT2,PC_ENT_CUSE,CZ,,NaN,,NaN,,NaN
A,GE10,I,E_ITT2,PC_ENT_CUSE,DE,,NaN,,NaN,,NaN
A,GE10,I,E_ITT2,PC_ENT_CUSE,DK,,NaN,,NaN,,NaN
A,GE10,I,E_ITT2,PC_ENT_CUSE,EA,,NaN,,NaN,,NaN
A,GE10,I,E_ITT2,PC_ENT_CUSE,EE,,NaN,,NaN,,NaN
A,GE10,I,E_ITT2,PC_ENT_CUSE,EL,,NaN,,NaN,,NaN
A,GE10,I,E_ITT2,PC_ENT_CUSE,ES,,NaN,,NaN,,NaN
A,GE10,I,E_ITT2,PC_ENT_CUSE,EU15,,NaN,,NaN,,NaN
A,GE10,I,E_ITT2,PC_ENT_CUSE,EU27_2007,,NaN,,NaN,,NaN
A,GE10,I,E_ITT2,PC_ENT_CUSE,EU27_2020,,NaN,,NaN,,NaN
A,GE10,I,E_ITT2,PC_ENT_CUSE,EU28,,NaN,,NaN,,NaN
A,GE10,I,E_ITT2,PC_ENT_CUSE,FI,,NaN,,NaN,,NaN
A,GE10,I,E_ITT2,PC_ENT_CUSE,FR,,NaN,,NaN,,NaN
A,GE10,I,E_ITT2,PC_ENT_CUSE,HR,,NaN,,NaN,,NaN
A,GE10,I,E_ITT2,PC_ENT_CUSE,HU,,NaN,,NaN,,NaN
A,GE10,I,E_ITT2,PC_ENT_CUSE,IE,,NaN,,NaN,,NaN
A,GE10,I,E_ITT2,PC_ENT_CUSE,IS,,NaN,,NaN,,NaN
A,GE10,I,E_ITT2,PC_ENT_CUSE,IT,,NaN,,NaN,,NaN
A,GE10,I,E_ITT2,PC_ENT_CUSE,LT,,NaN,,NaN,,NaN
A,GE10,I,E_ITT2,PC_ENT_CUSE,LU,,NaN,,NaN,,NaN
A,GE10,I,E_ITT2,PC_ENT_CUSE,LV,,NaN,,NaN,,NaN
A,GE10,I,E_ITT2,PC_ENT_CUSE,ME,,NaN,,NaN,,NaN
A,GE10,I,E_ITT2,PC_ENT_CUSE,MK,,NaN,,NaN,,NaN
A,GE10,I,E_ITT2,PC_ENT_CUSE,MT,,NaN,,NaN,,NaN
A,GE10,I,E_ITT2,PC_ENT_CUSE,NL,,NaN,,NaN,,NaN
A,GE10,I,E_ITT2,PC_ENT_CUSE,NO,,NaN,,NaN,,NaN
A,GE10,I,E_ITT2,PC_ENT_CUSE,PL,,NaN,,NaN,,NaN
A,GE10,I,E_ITT2,PC_ENT_CUSE,PT,,NaN,,NaN,,NaN
A,GE10,I,E_ITT2,PC_ENT_CUSE,RO,,NaN,,NaN,,NaN
A,GE10,I,E_ITT2,PC_ENT_CUSE,RS,,NaN,,NaN,,NaN
A,GE10,I,E_ITT2,PC_ENT_CUSE,SE,,NaN,,NaN,,NaN
A,GE10,I,E_ITT2,PC_ENT_CUSE,SI,,NaN,,NaN,,NaN
A,GE10,I,E_ITT2,PC_ENT_CUSE,SK,,NaN,,NaN,,NaN
A,GE10,I,E_ITT2,PC_ENT_CUSE,TR,,NaN,,NaN,,NaN
A,GE10,I,E_ITT2,PC_ENT_CUSE,UK,,NaN,,NaN,,NaN
A,GE10,I,E_ITUST2,PC_ENT,AT,5.25,NaN,4.49,NaN,4.37,NaN
A,GE10,I,E_ITUST2,PC_ENT,BA,7.59,NaN,,u,,u
A,GE10,I,E_ITUST2,PC_ENT,BE,7.22,NaN,4.96,NaN,14.56,NaN
A,GE10,I,E_ITUST2,PC_ENT,BG,2.6,NaN,1.91,NaN,2.29,NaN
A,GE10,I,E_ITUST2,PC_ENT,CY,16.07,NaN,19.48,NaN,19.84,NaN
A,GE10,I,E_ITUST2,PC_ENT,CZ,9.24,NaN,6.24,NaN,11.19,NaN
A,GE10,I,E_ITUST2,PC_ENT,DE,9.18,NaN,9.66,NaN,10.7,NaN
A,GE10,I,E_ITUST2,PC_ENT,DK,11.4,NaN,12.18,NaN,12.99,NaN
A,GE10,I,E_ITUST2,PC_ENT,EA,7.43,NaN,7.74,NaN,8.05,NaN
A,GE10,I,E_ITUST2,PC_ENT,EE,4.08,NaN,7.86,NaN,11.24,NaN
A,GE10,I,E_ITUST2,PC_ENT,EL,,u,1.97,NaN,2.28,NaN
A,GE10,I,E_ITUST2,PC_ENT,ES,13.1,NaN,9.88,NaN,11.63,NaN
A,GE10,I,E_ITUST2,PC_ENT,EU15,,NaN,,NaN,,NaN
A,GE10,I,E_ITUST2,PC_ENT,EU27_2007,,NaN,,NaN,,NaN
A,GE10,I,E_ITUST2,PC_ENT,EU27_2020,7.59,NaN,8.04,NaN,8.43,NaN
A,GE10,I,E_ITUST2,PC_ENT,EU28,,NaN,,NaN,,NaN
A,GE10,I,E_ITUST2,PC_ENT,FI,,u,21.17,NaN,13.26,NaN
A,GE10,I,E_ITUST2,PC_ENT,FR,3.64,NaN,5.56,b,2.67,NaN
A,GE10,I,E_ITUST2,PC_ENT,HR,11.98,NaN,15.68,NaN,7.87,NaN
A,GE10,I,E_ITUST2,PC_ENT,HU,5.47,NaN,6.39,NaN,6.28,NaN
A,GE10,I,E_ITUST2,PC_ENT,IE,12.94,NaN,10.56,NaN,5.66,NaN
A,GE10,I,E_ITUST2,PC_ENT,IS,,NaN,,NaN,,NaN
A,GE10,I,E_ITUST2,PC_ENT,IT,6.12,NaN,7.79,NaN,9.25,NaN
A,GE10,I,E_ITUST2,PC_ENT,LT,5.42,NaN,3.82,NaN,5.25,NaN
A,GE10,I,E_ITUST2,PC_ENT,LU,4.91,NaN,7.26,NaN,4.35,NaN
A,GE10,I,E_ITUST2,PC_ENT,LV,8.11,NaN,3.95,NaN,6.39,NaN
A,GE10,I,E_ITUST2,PC_ENT,ME,,u,11.15,NaN,25.34,NaN
A,GE10,I,E_ITUST2,PC_ENT,MK,4.03,NaN,,u,,NaN
A,GE10,I,E_ITUST2,PC_ENT,MT,14.95,NaN,8.87,NaN,19.07,NaN
A,GE10,I,E_ITUST2,PC_ENT,NL,3.01,NaN,4.83,NaN,3.56,NaN
A,GE10,I,E_ITUST2,PC_ENT,NO,18.47,NaN,19.59,NaN,13.68,NaN
A,GE10,I,E_ITUST2,PC_ENT,PL,12.58,NaN,20.14,NaN,22.25,NaN
A,GE10,I,E_ITUST2,PC_ENT,PT,8.97,NaN,17.39,NaN,16.3,NaN
A,GE10,I,E_ITUST2,PC_ENT,RO,4.26,NaN,1.71,NaN,7.74,NaN
A,GE10,I,E_ITUST2,PC_ENT,RS,13.42,NaN,8.52,NaN,20.68,NaN
A,GE10,I,E_ITUST2,PC_ENT,SE,13.45,NaN,13.45,NaN,8.88,b
A,GE10,I,E_ITUST2,PC_ENT,SI,17.05,NaN,15.77,NaN,18.94,NaN
A,GE10,I,E_ITUST2,PC_ENT,SK,5.67,NaN,4.69,NaN,4.67,NaN
A,GE10,I,E_ITUST2,PC_ENT,TR,6.24,NaN,12.77,NaN,12.52,NaN
A,GE10,I,E_ITUST2,PC_ENT,UK,7.19,NaN,,NaN,,NaN
A,GE10,I,E_ITUST2,PC_ENT_CUSE,AT,,NaN,,NaN,,NaN
A,GE10,I,E_ITUST2,PC_ENT_CUSE,BA,,NaN,,NaN,,NaN
A,GE10,I,E_ITUST2,PC_ENT_CUSE,BE,,NaN,,NaN,,NaN
A,GE10,I,E_ITUST2,PC_ENT_CUSE,BG,,NaN,,NaN,,NaN
A,GE10,I,E_ITUST2,PC_ENT_CUSE,CY,,NaN,,NaN,,NaN
A,GE10,I,E_ITUST2,PC_ENT_CUSE,CZ,,NaN,,NaN,,NaN
A,GE10,I,E_ITUST2,PC_ENT_CUSE,DE,,NaN,,NaN,,NaN
A,GE10,I,E_ITUST2,PC_ENT_CUSE,DK,,NaN,,NaN,,NaN
A,GE10,I,E_ITUST2,PC_ENT_CUSE,EA,,NaN,,NaN,,NaN
A,GE10,I,E_ITUST2,PC_ENT_CUSE,EE,,NaN,,NaN,,NaN
A,GE10,I,E_ITUST2,PC_ENT_CUSE,EL,,NaN,,NaN,,NaN
A,GE10,I,E_ITUST2,PC_ENT_CUSE,ES,,NaN,,NaN,,NaN
A,GE10,I,E_ITUST2,PC_ENT_CUSE,EU15,,NaN,,NaN,,NaN
A,GE10,I,E_ITUST2,PC_ENT_CUSE,EU27_2007,,NaN,,NaN,,NaN
A,GE10,I,E_ITUST2,PC_ENT_CUSE,EU27_2020,,NaN,,NaN,,NaN
A,GE10,I,E_ITUST2,PC_ENT_CUSE,EU28,,NaN,,NaN,,NaN
A,GE10,I,E_ITUST2,PC_ENT_CUSE,FI,,NaN,,NaN,,NaN
A,GE10,I,E_ITUST2,PC_ENT_CUSE,FR,,NaN,,NaN,,NaN
A,GE10,I,E_ITUST2,PC_ENT_CUSE,HR,,NaN,,NaN,,NaN
A,GE10,I,E_ITUST2,PC_ENT_CUSE,HU,,NaN,,NaN,,NaN
A,GE10,I,E_ITUST2,PC_ENT_CUSE,IE,,NaN,,NaN,,NaN
A,GE10,I,E_ITUST2,PC_ENT_CUSE,IS,,NaN,,NaN,,NaN
A,GE10,I,E_ITUST2,PC_ENT_CUSE,IT,,NaN,,NaN,,NaN
A,GE10,I,E_ITUST2,PC_ENT_CUSE,LT,,NaN,,NaN,,NaN
A,GE10,I,E_ITUST2,PC_ENT_CUSE,LU,,NaN,,NaN,,NaN
A,GE10,I,E_ITUST2,PC_ENT_CUSE,LV,,NaN,,NaN,,NaN
A,GE10,I,E_ITUST2,PC_ENT_CUSE,ME,,NaN,,NaN,,NaN
A,GE10,I,E_ITUST2,PC_ENT_CUSE,MK,,NaN,,NaN,,NaN
A,GE10,I,E_ITUST2,PC_ENT_CUSE,MT,,NaN,,NaN,,NaN
A,GE10,I,E_ITUST2,PC_ENT_CUSE,NL,,NaN,,NaN,,NaN
A,GE10,I,E_ITUST2,PC_ENT_CUSE,NO,,NaN,,NaN,,NaN
A,GE10,I,E_ITUST2,PC_ENT_CUSE,PL,,NaN,,NaN,,NaN
A,GE10,I,E_ITUST2,PC_ENT_CUSE,PT,,NaN,,NaN,,NaN
A,GE10,I,E_ITUST2,PC_ENT_CUSE,RO,,NaN,,NaN,,NaN
A,GE10,I,E_ITUST2,PC_ENT_CUSE,RS,,NaN,,NaN,,NaN
A,GE10,I,E_ITUST2,PC_ENT_CUSE,SE,,NaN,,NaN,,NaN
A,GE10,I,E_ITUST2,PC_ENT_CUSE,SI,,NaN,,NaN,,NaN
A,GE10,I,E_ITUST2,PC_ENT_CUSE,SK,,NaN,,NaN,,NaN
A,GE10,I,E_ITUST2,PC_ENT_CUSE,TR,,NaN,,NaN,,NaN
A,GE10,I,E_ITUST2,PC_ENT_CUSE,UK,,NaN,,NaN,,NaN
A,GE10,I55,E_ITSP2X_ITT2,PC_ENT,AT,5.64,NaN,,u,4.19,NaN
A,GE10,I55,E_ITSP2X_ITT2,PC_ENT,BA,,u,,NaN,,NaN
A,GE10,I55,E_ITSP2X_ITT2,PC_ENT,BE,,u,0.0,NaN,,u
A,GE10,I55,E_ITSP2X_ITT2,PC_ENT,BG,,u,,u,,u
A,GE10,I55,E_ITSP2X_ITT2,PC_ENT,CY,5.79,NaN,17.03,NaN,15.33,NaN
A,GE10,I55,E_ITSP2X_ITT2,PC_ENT,CZ,12.74,NaN,7.21,NaN,14.58,NaN
A,GE10,I55,E_ITSP2X_ITT2,PC_ENT,DE,7.46,NaN,10.76,NaN,15.65,NaN
A,GE10,I55,E_ITSP2X_ITT2,PC_ENT,DK,11.41,NaN,5.43,NaN,18.27,NaN
A,GE10,I55,E_ITSP2X_ITT2,PC_ENT,EA,8.02,NaN,9.7,NaN,12.13,NaN
A,GE10,I55,E_ITSP2X_ITT2,PC_ENT,EE,8.64,NaN,3.15,NaN,7.64,NaN
A,GE10,I55,E_ITSP2X_ITT2,PC_ENT,EL,,u,2.28,NaN,7.84,NaN
A,GE10,I55,E_ITSP2X_ITT2,PC_ENT,ES,12.55,NaN,10.45,NaN,12.57,NaN
A,GE10,I55,E_ITSP2X_ITT2,PC_ENT,EU15,,NaN,,NaN,,NaN
A,GE10,I55,E_ITSP2X_ITT2,PC_ENT,EU27_2007,,NaN,,NaN,,NaN
A,GE10,I55,E_ITSP2X_ITT2,PC_ENT,EU27_2020,8.0,NaN,9.84,NaN,12.09,NaN
A,GE10,I55,E_ITSP2X_ITT2,PC_ENT,EU28,,NaN,,NaN,,NaN
A,GE10,I55,E_ITSP2X_ITT2,PC_ENT,FI,21.29,NaN,24.29,NaN,22.24,NaN
A,GE10,I55,E_ITSP2X_ITT2,PC_ENT,FR,3.85,NaN,8.77,b,2.89,NaN
A,GE10,I55,E_ITSP2X_ITT2,PC_ENT,HR,7.13,NaN,14.72,NaN,11.69,NaN
A,GE10,I55,E_ITSP2X_ITT2,PC_ENT,HU,6.14,NaN,3.61,NaN,4.58,NaN
A,GE10,I55,E_ITSP2X_ITT2,PC_ENT,IE,15.1,NaN,15.29,NaN,4.88,NaN
A,GE10,I55,E_ITSP2X_ITT2,PC_ENT,IT,10.83,NaN,13.31,NaN,17.34,NaN
A,GE10,I55,E_ITSP2X_ITT2,PC_ENT,LT,9.04,NaN,3.6,NaN,5.92,NaN
A,GE10,I55,E_ITSP2X_ITT2,PC_ENT,LU,8.75,NaN,5.76,NaN,11.19,NaN
A,GE10,I55,E_ITSP2X_ITT2,PC_ENT,LV,0.72,NaN,1.68,NaN,3.71,NaN
A,GE10,I55,E_ITSP2X_ITT2,PC_ENT,ME,,u,10.83,NaN,29.03,NaN
A,GE10,I55,E_ITSP2X_ITT2,PC_ENT,MK,1.23,NaN,,u,,NaN
A,GE10,I55,E_ITSP2X_ITT2,PC_ENT,MT,8.45,NaN,6.74,NaN,15.91,NaN
A,GE10,I55,E_ITSP2X_ITT2,PC_ENT,NL,0.15,NaN,7.07,NaN,9.02,NaN
A,GE10,I55,E_ITSP2X_ITT2,PC_ENT,NO,16.63,NaN,26.66,NaN,19.05,NaN
A,GE10,I55,E_ITSP2X_ITT2,PC_ENT,PL,9.7,NaN,16.28,NaN,17.96,NaN
A,GE10,I55,E_ITSP2X_ITT2,PC_ENT,PT,3.57,NaN,19.69,NaN,19.29,NaN
A,GE10,I55,E_ITSP2X_ITT2,PC_ENT,RO,0.4,NaN,4.66,NaN,6.67,NaN
A,GE10,I55,E_ITSP2X_ITT2,PC_ENT,RS,6.36,NaN,9.59,NaN,12.73,NaN
A,GE10,I55,E_ITSP2X_ITT2,PC_ENT,SE,17.83,NaN,21.99,NaN,15.61,b
A,GE10,I55,E_ITSP2X_ITT2,PC_ENT,SI,22.6,NaN,19.2,NaN,21.23,NaN
A,GE10,I55,E_ITSP2X_ITT2,PC_ENT,SK,11.77,NaN,5.67,NaN,7.06,NaN
A,GE10,I55,E_ITSP2X_ITT2,PC_ENT,TR,6.28,NaN,9.08,NaN,13.16,NaN
A,GE10,I55,E_ITSP2X_ITT2,PC_ENT,UK,15.41,NaN,,NaN,,NaN
A,GE10,I55,E_ITSP2X_ITT2,PC_ENT_CUSE,AT,,NaN,,NaN,,NaN
A,GE10,I55,E_ITSP2X_ITT2,PC_ENT_CUSE,BA,,NaN,,NaN,,NaN
A,GE10,I55,E_ITSP2X_ITT2,PC_ENT_CUSE,BE,,NaN,,NaN,,NaN
A,GE10,I55,E_ITSP2X_ITT2,PC_ENT_CUSE,BG,,NaN,,NaN,,NaN
A,GE10,I55,E_ITSP2X_ITT2,PC_ENT_CUSE,CY,,NaN,,NaN,,NaN
A,GE10,I55,E_ITSP2X_ITT2,PC_ENT_CUSE,CZ,,NaN,,NaN,,NaN
A,GE10,I55,E_ITSP2X_ITT2,PC_ENT_CUSE,DE,,NaN,,NaN,,NaN
A,GE10,I55,E_ITSP2X_ITT2,PC_ENT_CUSE,DK,,NaN,,NaN,,NaN
A,GE10,I55,E_ITSP2X_ITT2,PC_ENT_CUSE,EA,,NaN,,NaN,,NaN
A,GE10,I55,E_ITSP2X_ITT2,PC_ENT_CUSE,EE,,NaN,,NaN,,NaN
A,GE10,I55,E_ITSP2X_ITT2,PC_ENT_CUSE,EL,,NaN,,NaN,,NaN
A,GE10,I55,E_ITSP2X_ITT2,PC_ENT_CUSE,ES,,NaN,,NaN,,NaN
A,GE10,I55,E_ITSP2X_ITT2,PC_ENT_CUSE,EU15,,NaN,,NaN,,NaN
A,GE10,I55,E_ITSP2X_ITT2,PC_ENT_CUSE,EU27_2007,,NaN,,NaN,,NaN
A,GE10,I55,E_ITSP2X_ITT2,PC_ENT_CUSE,EU27_2020,,NaN,,NaN,,NaN
A,GE10,I55,E_ITSP2X_ITT2,PC_ENT_CUSE,EU28,,NaN,,NaN,,NaN
A,GE10,I55,E_ITSP2X_ITT2,PC_ENT_CUSE,FI,,NaN,,NaN,,NaN
A,GE10,I55,E_ITSP2X_ITT2,PC_ENT_CUSE,FR,,NaN,,NaN,,NaN
A,GE10,I55,E_ITSP2X_ITT2,PC_ENT_CUSE,HR,,NaN,,NaN,,NaN
A,GE10,I55,E_ITSP2X_ITT2,PC_ENT_CUSE,HU,,NaN,,NaN,,NaN
A,GE10,I55,E_ITSP2X_ITT2,PC_ENT_CUSE,IE,,NaN,,NaN,,NaN
A,GE10,I55,E_ITSP2X_ITT2,PC_ENT_CUSE,IT,,NaN,,NaN,,NaN
A,GE10,I55,E_ITSP2X_ITT2,PC_ENT_CUSE,LT,,NaN,,NaN,,NaN
A,GE10,I55,E_ITSP2X_ITT2,PC_ENT_CUSE,LU,,NaN,,NaN,,NaN
A,GE10,I55,E_ITSP2X_ITT2,PC_ENT_CUSE,LV,,NaN,,NaN,,NaN
A,GE10,I55,E_ITSP2X_ITT2,PC_ENT_CUSE,ME,,NaN,,NaN,,NaN
A,GE10,I55,E_ITSP2X_ITT2,PC_ENT_CUSE,MK,,NaN,,NaN,,NaN
A,GE10,I55,E_ITSP2X_ITT2,PC_ENT_CUSE,MT,,NaN,,NaN,,NaN
A,GE10,I55,E_ITSP2X_ITT2,PC_ENT_CUSE,NL,,NaN,,NaN,,NaN
A,GE10,I55,E_ITSP2X_ITT2,PC_ENT_CUSE,NO,,NaN,,NaN,,NaN
A,GE10,I55,E_ITSP2X_ITT2,PC_ENT_CUSE,PL,,NaN,,NaN,,NaN
A,GE10,I55,E_ITSP2X_ITT2,PC_ENT_CUSE,PT,,NaN,,NaN,,NaN
A,GE10,I55,E_ITSP2X_ITT2,PC_ENT_CUSE,RO,,NaN,,NaN,,NaN
A,GE10,I55,E_ITSP2X_ITT2,PC_ENT_CUSE,RS,,NaN,,NaN,,NaN
A,GE10,I55,E_ITSP2X_ITT2,PC_ENT_CUSE,SE,,NaN,,NaN,,NaN
A,GE10,I55,E_ITSP2X_ITT2,PC_ENT_CUSE,SI,,NaN,,NaN,,NaN
A,GE10,I55,E_ITSP2X_ITT2,PC_ENT_CUSE,SK,,NaN,,NaN,,NaN
A,GE10,I55,E_ITSP2X_ITT2,PC_ENT_CUSE,TR,,NaN,,NaN,,NaN
A,GE10,I55,E_ITSP2X_ITT2,PC_ENT_CUSE,UK,,NaN,,NaN,,NaN
A,GE10,I55,E_ITSP2_ITT2,PC_ENT,AL,,NaN,,u,,NaN
A,GE10,I55,E_ITSP2_ITT2,PC_ENT,AT,1.98,NaN,3.33,NaN,4.6,NaN
A,GE10,I55,E_ITSP2_ITT2,PC_ENT,BA,8.62,NaN,,NaN,14.0,NaN
A,GE10,I55,E_ITSP2_ITT2,PC_ENT,BE,3.28,NaN,,u,10.35,NaN
A,GE10,I55,E_ITSP2_ITT2,PC_ENT,BG,3.21,NaN,7.32,NaN,6.06,NaN
A,GE10,I55,E_ITSP2_ITT2,PC_ENT,CY,21.88,NaN,15.7,NaN,28.14,NaN
A,GE10,I55,E_ITSP2_ITT2,PC_ENT,CZ,4.66,NaN,3.14,NaN,4.19,NaN
A,GE10,I55,E_ITSP2_ITT2,PC_ENT,DE,3.84,NaN,4.23,NaN,3.37,NaN
A,GE10,I55,E_ITSP2_ITT2,PC_ENT,DK,8.52,NaN,,u,24.42,NaN
A,GE10,I55,E_ITSP2_ITT2,PC_ENT,EA,5.41,NaN,6.31,NaN,5.67,NaN
A,GE10,I55,E_ITSP2_ITT2,PC_ENT,EE,16.65,NaN,7.56,NaN,16.67,NaN
A,GE10,I55,E_ITSP2_ITT2,PC_ENT,EL,,u,7.97,NaN,5.52,NaN
A,GE10,I55,E_ITSP2_ITT2,PC_ENT,ES,6.74,NaN,8.77,NaN,7.28,NaN
A,GE10,I55,E_ITSP2_ITT2,PC_ENT,EU15,,NaN,,NaN,,NaN
A,GE10,I55,E_ITSP2_ITT2,PC_ENT,EU27_2007,,NaN,,NaN,,NaN
A,GE10,I55,E_ITSP2_ITT2,PC_ENT,EU27_2020,5.7,NaN,6.81,NaN,6.49,NaN
A,GE10,I55,E_ITSP2_ITT2,PC_ENT,EU28,,NaN,,NaN,,NaN
A,GE10,I55,E_ITSP2_ITT2,PC_ENT,FI,6.68,NaN,6.73,NaN,12.73,NaN
A,GE10,I55,E_ITSP2_ITT2,PC_ENT,FR,4.19,NaN,9.3,b,4.8,NaN
A,GE10,I55,E_ITSP2_ITT2,PC_ENT,HR,12.16,NaN,12.53,NaN,8.18,NaN
A,GE10,I55,E_ITSP2_ITT2,PC_ENT,HU,9.93,NaN,12.65,NaN,9.5,NaN
A,GE10,I55,E_ITSP2_ITT2,PC_ENT,IE,13.59,NaN,10.69,NaN,8.95,NaN
A,GE10,I55,E_ITSP2_ITT2,PC_ENT,IT,2.92,NaN,1.17,NaN,4.51,NaN
A,GE10,I55,E_ITSP2_ITT2,PC_ENT,LT,7.23,NaN,7.19,NaN,3.95,NaN
A,GE10,I55,E_ITSP2_ITT2,PC_ENT,LU,4.87,NaN,0.0,NaN,3.2,NaN
A,GE10,I55,E_ITSP2_ITT2,PC_ENT,LV,12.05,NaN,10.72,NaN,16.99,NaN
A,GE10,I55,E_ITSP2_ITT2,PC_ENT,ME,,u,30.39,NaN,29.12,NaN
A,GE10,I55,E_ITSP2_ITT2,PC_ENT,MK,,u,0.0,NaN,,NaN
A,GE10,I55,E_ITSP2_ITT2,PC_ENT,MT,20.26,NaN,16.25,NaN,29.12,NaN
A,GE10,I55,E_ITSP2_ITT2,PC_ENT,NL,4.32,NaN,11.99,NaN,6.54,NaN
A,GE10,I55,E_ITSP2_ITT2,PC_ENT,NO,14.39,NaN,13.84,NaN,11.86,NaN
A,GE10,I55,E_ITSP2_ITT2,PC_ENT,PL,10.56,NaN,15.41,NaN,21.32,NaN
A,GE10,I55,E_ITSP2_ITT2,PC_ENT,PT,,u,17.42,NaN,15.54,NaN
A,GE10,I55,E_ITSP2_ITT2,PC_ENT,RO,2.55,NaN,0.64,NaN,10.74,NaN
A,GE10,I55,E_ITSP2_ITT2,PC_ENT,RS,5.05,NaN,8.11,NaN,10.24,NaN
A,GE10,I55,E_ITSP2_ITT2,PC_ENT,SE,10.72,NaN,9.04,NaN,4.34,b
A,GE10,I55,E_ITSP2_ITT2,PC_ENT,SI,19.78,NaN,8.2,NaN,7.73,NaN
A,GE10,I55,E_ITSP2_ITT2,PC_ENT,SK,1.98,NaN,2.51,NaN,0.0,NaN
A,GE10,I55,E_ITSP2_ITT2,PC_ENT,TR,10.69,NaN,14.43,NaN,16.25,NaN
A,GE10,I55,E_ITSP2_ITT2,PC_ENT,UK,5.1,NaN,,NaN,,NaN
A,GE10,I55,E_ITSP2_ITT2,PC_ENT_CUSE,AT,,NaN,,NaN,,NaN
A,GE10,I55,E_ITSP2_ITT2,PC_ENT_CUSE,BA,,NaN,,NaN,,NaN
A,GE10,I55,E_ITSP2_ITT2,PC_ENT_CUSE,BE,,NaN,,NaN,,NaN
A,GE10,I55,E_ITSP2_ITT2,PC_ENT_CUSE,BG,,NaN,,NaN,,NaN
A,GE10,I55,E_ITSP2_ITT2,PC_ENT_CUSE,CY,,NaN,,NaN,,NaN
A,GE10,I55,E_ITSP2_ITT2,PC_ENT_CUSE,CZ,,NaN,,NaN,,NaN
A,GE10,I55,E_ITSP2_ITT2,PC_ENT_CUSE,DE,,NaN,,NaN,,NaN
A,GE10,I55,E_ITSP2_ITT2,PC_ENT_CUSE,DK,,NaN,,NaN,,NaN
A,GE10,I55,E_ITSP2_ITT2,PC_ENT_CUSE,EA,,NaN,,NaN,,NaN
A,GE10,I55,E_ITSP2_ITT2,PC_ENT_CUSE,EE,,NaN,,NaN,,NaN
A,GE10,I55,E_ITSP2_ITT2,PC_ENT_CUSE,EL,,NaN,,NaN,,NaN
A,GE10,I55,E_ITSP2_ITT2,PC_ENT_CUSE,ES,,NaN,,NaN,,NaN
A,GE10,I55,E_ITSP2_ITT2,PC_ENT_CUSE,EU15,,NaN,,NaN,,NaN
A,GE10,I55,E_ITSP2_ITT2,PC_ENT_CUSE,EU27_2007,,NaN,,NaN,,NaN
A,GE10,I55,E_ITSP2_ITT2,PC_ENT_CUSE,EU27_2020,,NaN,,NaN,,NaN
A,GE10,I55,E_ITSP2_ITT2,PC_ENT_CUSE,EU28,,NaN,,NaN,,NaN
A,GE10,I55,E_ITSP2_ITT2,PC_ENT_CUSE,FI,,NaN,,NaN,,NaN
A,GE10,I55,E_ITSP2_ITT2,PC_ENT_CUSE,FR,,NaN,,NaN,,NaN
A,GE10,I55,E_ITSP2_ITT2,PC_ENT_CUSE,HR,,NaN,,NaN,,NaN
A,GE10,I55,E_ITSP2_ITT2,PC_ENT_CUSE,HU,,NaN,,NaN,,NaN
A,GE10,I55,E_ITSP2_ITT2,PC_ENT_CUSE,IE,,NaN,,NaN,,NaN
A,GE10,I55,E_ITSP2_ITT2,PC_ENT_CUSE,IT,,NaN,,NaN,,NaN
A,GE10,I55,E_ITSP2_ITT2,PC_ENT_CUSE,LT,,NaN,,NaN,,NaN
A,GE10,I55,E_ITSP2_ITT2,PC_ENT_CUSE,LU,,NaN,,NaN,,NaN
A,GE10,I55,E_ITSP2_ITT2,PC_ENT_CUSE,LV,,NaN,,NaN,,NaN
A,GE10,I55,E_ITSP2_ITT2,PC_ENT_CUSE,ME,,NaN,,NaN,,NaN
A,GE10,I55,E_ITSP2_ITT2,PC_ENT_CUSE,MK,,NaN,,NaN,,NaN
A,GE10,I55,E_ITSP2_ITT2,PC_ENT_CUSE,MT,,NaN,,NaN,,NaN
A,GE10,I55,E_ITSP2_ITT2,PC_ENT_CUSE,NL,,NaN,,NaN,,NaN
A,GE10,I55,E_ITSP2_ITT2,PC_ENT_CUSE,NO,,NaN,,NaN,,NaN
A,GE10,I55,E_ITSP2_ITT2,PC_ENT_CUSE,PL,,NaN,,NaN,,NaN
A,GE10,I55,E_ITSP2_ITT2,PC_ENT_CUSE,PT,,NaN,,NaN,,NaN
A,GE10,I55,E_ITSP2_ITT2,PC_ENT_CUSE,RO,,NaN,,NaN,,NaN
A,GE10,I55,E_ITSP2_ITT2,PC_ENT_CUSE,RS,,NaN,,NaN,,NaN
A,GE10,I55,E_ITSP2_ITT2,PC_ENT_CUSE,SE,,NaN,,NaN,,NaN
A,GE10,I55,E_ITSP2_ITT2,PC_ENT_CUSE,SI,,NaN,,NaN,,NaN
A,GE10,I55,E_ITSP2_ITT2,PC_ENT_CUSE,SK,,NaN,,NaN,,NaN
A,GE10,I55,E_ITSP2_ITT2,PC_ENT_CUSE,TR,,NaN,,NaN,,NaN
A,GE10,I55,E_ITSP2_ITT2,PC_ENT_CUSE,UK,,NaN,,NaN,,NaN
A,GE10,I55,E_ITSPT2,PC_ENT,AL,,NaN,,u,,NaN
A,GE10,I55,E_ITSPT2,PC_ENT,AT,1.21,NaN,2.98,NaN,4.26,NaN
A,GE10,I55,E_ITSPT2,PC_ENT,BA,5.6,NaN,,NaN,,u
A,GE10,I55,E_ITSPT2,PC_ENT,BE,3.28,NaN,,u,8.38,NaN
A,GE10,I55,E_ITSPT2,PC_ENT,BG,2.48,NaN,3.97,NaN,5.21,NaN
A,GE10,I55,E_ITSPT2,PC_ENT,CY,12.6,NaN,10.62,NaN,21.75,NaN
A,GE10,I55,E_ITSPT2,PC_ENT,CZ,2.0,NaN,1.67,NaN,3.11,NaN
A,GE10,I55,E_ITSPT2,PC_ENT,DE,3.7,NaN,3.94,NaN,3.03,NaN
A,GE10,I55,E_ITSPT2,PC_ENT,DK,8.23,NaN,17.31,NaN,18.51,NaN
A,GE10,I55,E_ITSPT2,PC_ENT,EA,5.03,NaN,5.54,NaN,4.94,NaN
A,GE10,I55,E_ITSPT2,PC_ENT,EE,13.13,NaN,3.64,NaN,13.7,NaN
A,GE10,I55,E_ITSPT2,PC_ENT,EL,,u,7.35,NaN,5.2,NaN
A,GE10,I55,E_ITSPT2,PC_ENT,ES,4.94,NaN,6.51,NaN,5.77,NaN
A,GE10,I55,E_ITSPT2,PC_ENT,EU15,,NaN,,NaN,,NaN
A,GE10,I55,E_ITSPT2,PC_ENT,EU27_2007,,NaN,,NaN,,NaN
A,GE10,I55,E_ITSPT2,PC_ENT,EU27_2020,4.85,NaN,5.82,NaN,5.66,NaN
A,GE10,I55,E_ITSPT2,PC_ENT,EU28,,NaN,,NaN,,NaN
A,GE10,I55,E_ITSPT2,PC_ENT,FI,5.91,NaN,6.0,NaN,10.18,NaN
A,GE10,I55,E_ITSPT2,PC_ENT,FR,4.15,NaN,8.07,b,3.38,NaN
A,GE10,I55,E_ITSPT2,PC_ENT,HR,8.03,NaN,6.26,NaN,5.62,NaN
A,GE10,I55,E_ITSPT2,PC_ENT,HU,2.97,NaN,9.1,NaN,6.85,NaN
A,GE10,I55,E_ITSPT2,PC_ENT,IE,9.51,NaN,3.23,NaN,4.39,NaN
A,GE10,I55,E_ITSPT2,PC_ENT,IS,,NaN,,NaN,,NaN
A,GE10,I55,E_ITSPT2,PC_ENT,IT,4.99,NaN,4.21,NaN,5.26,NaN
A,GE10,I55,E_ITSPT2,PC_ENT,LT,2.41,NaN,7.19,NaN,5.26,NaN
A,GE10,I55,E_ITSPT2,PC_ENT,LU,4.87,NaN,0.0,NaN,3.2,NaN
A,GE10,I55,E_ITSPT2,PC_ENT,LV,9.89,NaN,6.34,NaN,11.45,NaN
A,GE10,I55,E_ITSPT2,PC_ENT,ME,27.63,NaN,12.93,NaN,21.42,NaN
A,GE10,I55,E_ITSPT2,PC_ENT,MK,1.23,NaN,0.0,NaN,,NaN
A,GE10,I55,E_ITSPT2,PC_ENT,MT,15.61,NaN,13.89,NaN,21.83,NaN
A,GE10,I55,E_ITSPT2,PC_ENT,NL,4.18,NaN,8.9,NaN,6.07,NaN
A,GE10,I55,E_ITSPT2,PC_ENT,NO,10.49,NaN,11.94,NaN,9.83,NaN
A,GE10,I55,E_ITSPT2,PC_ENT,PL,4.28,NaN,9.71,NaN,20.64,NaN
A,GE10,I55,E_ITSPT2,PC_ENT,PT,12.69,NaN,9.22,NaN,13.18,NaN
A,GE10,I55,E_ITSPT2,PC_ENT,RO,2.45,NaN,6.57,NaN,9.35,NaN
A,GE10,I55,E_ITSPT2,PC_ENT,RS,4.3,NaN,7.36,NaN,8.26,NaN
A,GE10,I55,E_ITSPT2,PC_ENT,SE,5.2,NaN,9.24,NaN,2.79,b
A,GE10,I55,E_ITSPT2,PC_ENT,SI,18.87,NaN,6.79,NaN,7.05,NaN
A,GE10,I55,E_ITSPT2,PC_ENT,SK,1.01,NaN,2.51,NaN,0.0,NaN
A,GE10,I55,E_ITSPT2,PC_ENT,TR,9.1,NaN,10.42,NaN,10.9,NaN
A,GE10,I55,E_ITSPT2,PC_ENT,UK,3.02,NaN,,NaN,,NaN
A,GE10,I55,E_ITSPT2,PC_ENT_CUSE,AT,,NaN,,NaN,,NaN
A,GE10,I55,E_ITSPT2,PC_ENT_CUSE,BA,,NaN,,NaN,,NaN
A,GE10,I55,E_ITSPT2,PC_ENT_CUSE,BE,,NaN,,NaN,,NaN
A,GE10,I55,E_ITSPT2,PC_ENT_CUSE,BG,,NaN,,NaN,,NaN
A,GE10,I55,E_ITSPT2,PC_ENT_CUSE,CY,,NaN,,NaN,,NaN
A,GE10,I55,E_ITSPT2,PC_ENT_CUSE,CZ,,NaN,,NaN,,NaN
A,GE10,I55,E_ITSPT2,PC_ENT_CUSE,DE,,NaN,,NaN,,NaN
A,GE10,I55,E_ITSPT2,PC_ENT_CUSE,DK,,NaN,,NaN,,NaN
A,GE10,I55,E_ITSPT2,PC_ENT_CUSE,EA,,NaN,,NaN,,NaN
A,GE10,I55,E_ITSPT2,PC_ENT_CUSE,EE,,NaN,,NaN,,NaN
A,GE10,I55,E_ITSPT2,PC_ENT_CUSE,EL,,NaN,,NaN,,NaN
A,GE10,I55,E_ITSPT2,PC_ENT_CUSE,ES,,NaN,,NaN,,NaN
A,GE10,I55,E_ITSPT2,PC_ENT_CUSE,EU15,,NaN,,NaN,,NaN
A,GE10,I55,E_ITSPT2,PC_ENT_CUSE,EU27_2007,,NaN,,NaN,,NaN
A,GE10,I55,E_ITSPT2,PC_ENT_CUSE,EU27_2020,,NaN,,NaN,,NaN
A,GE10,I55,E_ITSPT2,PC_ENT_CUSE,EU28,,NaN,,NaN,,NaN
A,GE10,I55,E_ITSPT2,PC_ENT_CUSE,FI,,NaN,,NaN,,NaN
A,GE10,I55,E_ITSPT2,PC_ENT_CUSE,FR,,NaN,,NaN,,NaN
A,GE10,I55,E_ITSPT2,PC_ENT_CUSE,HR,,NaN,,NaN,,NaN
A,GE10,I55,E_ITSPT2,PC_ENT_CUSE,HU,,NaN,,NaN,,NaN
A,GE10,I55,E_ITSPT2,PC_ENT_CUSE,IE,,NaN,,NaN,,NaN
A,GE10,I55,E_ITSPT2,PC_ENT_CUSE,IS,,NaN,,NaN,,NaN
A,GE10,I55,E_ITSPT2,PC_ENT_CUSE,IT,,NaN,,NaN,,NaN
A,GE10,I55,E_ITSPT2,PC_ENT_CUSE,LT,,NaN,,NaN,,NaN
A,GE10,I55,E_ITSPT2,PC_ENT_CUSE,LU,,NaN,,NaN,,NaN
A,GE10,I55,E_ITSPT2,PC_ENT_CUSE,LV,,NaN,,NaN,,NaN
A,GE10,I55,E_ITSPT2,PC_ENT_CUSE,ME,,NaN,,NaN,,NaN
A,GE10,I55,E_ITSPT2,PC_ENT_CUSE,MK,,NaN,,NaN,,NaN
A,GE10,I55,E_ITSPT2,PC_ENT_CUSE,MT,,NaN,,NaN,,NaN
A,GE10,I55,E_ITSPT2,PC_ENT_CUSE,NL,,NaN,,NaN,,NaN
A,GE10,I55,E_ITSPT2,PC_ENT_CUSE,NO,,NaN,,NaN,,NaN
A,GE10,I55,E_ITSPT2,PC_ENT_CUSE,PL,,NaN,,NaN,,NaN
A,GE10,I55,E_ITSPT2,PC_ENT_CUSE,PT,,NaN,,NaN,,NaN
A,GE10,I55,E_ITSPT2,PC_ENT_CUSE,RO,,NaN,,NaN,,NaN
A,GE10,I55,E_ITSPT2,PC_ENT_CUSE,RS,,NaN,,NaN,,NaN
A,GE10,I55,E_ITSPT2,PC_ENT_CUSE,SE,,NaN,,NaN,,NaN
A,GE10,I55,E_ITSPT2,PC_ENT_CUSE,SI,,NaN,,NaN,,NaN
A,GE10,I55,E_ITSPT2,PC_ENT_CUSE,SK,,NaN,,NaN,,NaN
A,GE10,I55,E_ITSPT2,PC_ENT_CUSE,TR,,NaN,,NaN,,NaN
A,GE10,I55,E_ITSPT2,PC_ENT_CUSE,UK,,NaN,,NaN,,NaN
A,GE10,I55,E_ITT2,PC_ENT,AL,,NaN,,u,,NaN
A,GE10,I55,E_ITT2,PC_ENT,AT,7.88,NaN,4.15,NaN,9.04,NaN
A,GE10,I55,E_ITT2,PC_ENT,BA,13.46,NaN,,u,16.4,NaN
A,GE10,I55,E_ITT2,PC_ENT,BE,,u,,u,,u
A,GE10,I55,E_ITT2,PC_ENT,BG,3.36,NaN,8.56,NaN,7.84,NaN
A,GE10,I55,E_ITT2,PC_ENT,CY,27.67,NaN,32.73,NaN,43.46,NaN
A,GE10,I55,E_ITT2,PC_ENT,CZ,17.4,NaN,10.34,NaN,18.77,NaN
A,GE10,I55,E_ITT2,PC_ENT,DE,11.68,NaN,15.61,NaN,19.02,NaN
A,GE10,I55,E_ITT2,PC_ENT,DK,19.93,NaN,,u,42.69,NaN
A,GE10,I55,E_ITT2,PC_ENT,EA,14.12,NaN,16.25,NaN,17.84,NaN
A,GE10,I55,E_ITT2,PC_ENT,EE,25.3,NaN,10.71,NaN,24.3,NaN
A,GE10,I55,E_ITT2,PC_ENT,EL,,u,10.25,NaN,13.56,NaN
A,GE10,I55,E_ITT2,PC_ENT,ES,19.29,NaN,19.22,NaN,19.85,NaN
A,GE10,I55,E_ITT2,PC_ENT,EU15,,NaN,,NaN,,NaN
A,GE10,I55,E_ITT2,PC_ENT,EU27_2007,,NaN,,NaN,,NaN
A,GE10,I55,E_ITT2,PC_ENT,EU27_2020,14.29,NaN,16.9,NaN,18.62,NaN
A,GE10,I55,E_ITT2,PC_ENT,EU28,,NaN,,NaN,,NaN
A,GE10,I55,E_ITT2,PC_ENT,FI,27.97,NaN,31.02,NaN,34.97,NaN
A,GE10,I55,E_ITT2,PC_ENT,FR,8.04,NaN,18.07,b,7.69,NaN
A,GE10,I55,E_ITT2,PC_ENT,HR,19.28,NaN,27.25,NaN,19.88,NaN
A,GE10,I55,E_ITT2,PC_ENT,HU,16.07,NaN,16.27,NaN,14.08,NaN
A,GE10,I55,E_ITT2,PC_ENT,IE,28.69,NaN,25.98,NaN,13.82,NaN
A,GE10,I55,E_ITT2,PC_ENT,IS,,NaN,,NaN,,NaN
A,GE10,I55,E_ITT2,PC_ENT,IT,15.93,NaN,14.68,NaN,21.87,NaN
A,GE10,I55,E_ITT2,PC_ENT,LT,16.87,NaN,10.79,NaN,11.84,NaN
A,GE10,I55,E_ITT2,PC_ENT,LU,13.62,NaN,5.76,NaN,14.39,NaN
A,GE10,I55,E_ITT2,PC_ENT,LV,12.77,NaN,12.41,NaN,20.7,NaN
A,GE10,I55,E_ITT2,PC_ENT,ME,30.0,NaN,41.22,NaN,58.14,NaN
A,GE10,I55,E_ITT2,PC_ENT,MK,,u,,u,,NaN
A,GE10,I55,E_ITT2,PC_ENT,MT,28.71,NaN,22.99,NaN,45.04,NaN
A,GE10,I55,E_ITT2,PC_ENT,NL,10.52,NaN,19.07,NaN,15.56,NaN
A,GE10,I55,E_ITT2,PC_ENT,NO,31.02,NaN,40.49,NaN,30.91,NaN
A,GE10,I55,E_ITT2,PC_ENT,PL,20.25,NaN,31.69,NaN,39.36,NaN
A,GE10,I55,E_ITT2,PC_ENT,PT,,u,37.11,NaN,34.82,NaN
A,GE10,I55,E_ITT2,PC_ENT,RO,3.05,NaN,7.36,NaN,17.41,NaN
A,GE10,I55,E_ITT2,PC_ENT,RS,11.41,NaN,17.7,NaN,22.96,NaN
A,GE10,I55,E_ITT2,PC_ENT,SE,28.55,NaN,31.03,NaN,19.95,b
A,GE10,I55,E_ITT2,PC_ENT,SI,42.38,NaN,27.4,NaN,28.96,NaN
A,GE10,I55,E_ITT2,PC_ENT,SK,13.75,NaN,8.19,NaN,7.06,NaN
A,GE10,I55,E_ITT2,PC_ENT,TR,16.97,NaN,23.51,NaN,29.41,NaN
A,GE10,I55,E_ITT2,PC_ENT,UK,,u,,NaN,,NaN
A,GE10,I55,E_ITT2,PC_ENT_CUSE,AT,,NaN,,NaN,,NaN
A,GE10,I55,E_ITT2,PC_ENT_CUSE,BA,,NaN,,NaN,,NaN
A,GE10,I55,E_ITT2,PC_ENT_CUSE,BE,,NaN,,NaN,,NaN
A,GE10,I55,E_ITT2,PC_ENT_CUSE,BG,,NaN,,NaN,,NaN
A,GE10,I55,E_ITT2,PC_ENT_CUSE,CY,,NaN,,NaN,,NaN
A,GE10,I55,E_ITT2,PC_ENT_CUSE,CZ,,NaN,,NaN,,NaN
A,GE10,I55,E_ITT2,PC_ENT_CUSE,DE,,NaN,,NaN,,NaN
A,GE10,I55,E_ITT2,PC_ENT_CUSE,DK,,NaN,,NaN,,NaN
A,GE10,I55,E_ITT2,PC_ENT_CUSE,EA,,NaN,,NaN,,NaN
A,GE10,I55,E_ITT2,PC_ENT_CUSE,EE,,NaN,,NaN,,NaN
A,GE10,I55,E_ITT2,PC_ENT_CUSE,EL,,NaN,,NaN,,NaN
A,GE10,I55,E_ITT2,PC_ENT_CUSE,ES,,NaN,,NaN,,NaN
A,GE10,I55,E_ITT2,PC_ENT_CUSE,EU15,,NaN,,NaN,,NaN
A,GE10,I55,E_ITT2,PC_ENT_CUSE,EU27_2007,,NaN,,NaN,,NaN
A,GE10,I55,E_ITT2,PC_ENT_CUSE,EU27_2020,,NaN,,NaN,,NaN
A,GE10,I55,E_ITT2,PC_ENT_CUSE,EU28,,NaN,,NaN,,NaN
A,GE10,I55,E_ITT2,PC_ENT_CUSE,FI,,NaN,,NaN,,NaN
A,GE10,I55,E_ITT2,PC_ENT_CUSE,FR,,NaN,,NaN,,NaN
A,GE10,I55,E_ITT2,PC_ENT_CUSE,HR,,NaN,,NaN,,NaN
A,GE10,I55,E_ITT2,PC_ENT_CUSE,HU,,NaN,,NaN,,NaN
A,GE10,I55,E_ITT2,PC_ENT_CUSE,IE,,NaN,,NaN,,NaN
A,GE10,I55,E_ITT2,PC_ENT_CUSE,IS,,NaN,,NaN,,NaN
A,GE10,I55,E_ITT2,PC_ENT_CUSE,IT,,NaN,,NaN,,NaN
A,GE10,I55,E_ITT2,PC_ENT_CUSE,LT,,NaN,,NaN,,NaN
A,GE10,I55,E_ITT2,PC_ENT_CUSE,LU,,NaN,,NaN,,NaN
A,GE10,I55,E_ITT2,PC_ENT_CUSE,LV,,NaN,,NaN,,NaN
A,GE10,I55,E_ITT2,PC_ENT_CUSE,ME,,NaN,,NaN,,NaN
A,GE10,I55,E_ITT2,PC_ENT_CUSE,MK,,NaN,,NaN,,NaN
A,GE10,I55,E_ITT2,PC_ENT_CUSE,MT,,NaN,,NaN,,NaN
A,GE10,I55,E_ITT2,PC_ENT_CUSE,NL,,NaN,,NaN,,NaN
A,GE10,I55,E_ITT2,PC_ENT_CUSE,NO,,NaN,,NaN,,NaN
A,GE10,I55,E_ITT2,PC_ENT_CUSE,PL,,NaN,,NaN,,NaN
A,GE10,I55,E_ITT2,PC_ENT_CUSE,PT,,NaN,,NaN,,NaN
A,GE10,I55,E_ITT2,PC_ENT_CUSE,RO,,NaN,,NaN,,NaN
A,GE10,I55,E_ITT2,PC_ENT_CUSE,RS,,NaN,,NaN,,NaN
A,GE10,I55,E_ITT2,PC_ENT_CUSE,SE,,NaN,,NaN,,NaN
A,GE10,I55,E_ITT2,PC_ENT_CUSE,SI,,NaN,,NaN,,NaN
A,GE10,I55,E_ITT2,PC_ENT_CUSE,SK,,NaN,,NaN,,NaN
A,GE10,I55,E_ITT2,PC_ENT_CUSE,TR,,NaN,,NaN,,NaN
A,GE10,I55,E_ITT2,PC_ENT_CUSE,UK,,NaN,,NaN,,NaN
A,GE10,I55,E_ITUST2,PC_ENT,AL,,NaN,,u,,NaN
A,GE10,I55,E_ITUST2,PC_ENT,AT,7.42,NaN,2.79,NaN,6.71,NaN
A,GE10,I55,E_ITUST2,PC_ENT,BA,10.87,NaN,,u,10.2,NaN
A,GE10,I55,E_ITUST2,PC_ENT,BE,,u,,u,,u
A,GE10,I55,E_ITUST2,PC_ENT,BG,2.04,NaN,6.9,NaN,5.07,NaN
A,GE10,I55,E_ITUST2,PC_ENT,CY,25.65,NaN,30.88,NaN,37.88,NaN
A,GE10,I55,E_ITUST2,PC_ENT,CZ,17.4,NaN,10.34,NaN,18.64,NaN
A,GE10,I55,E_ITUST2,PC_ENT,DE,11.17,NaN,15.53,NaN,17.95,NaN
A,GE10,I55,E_ITUST2,PC_ENT,DK,19.71,NaN,,u,26.02,NaN
A,GE10,I55,E_ITUST2,PC_ENT,EA,12.12,NaN,15.37,NaN,16.17,NaN
A,GE10,I55,E_ITUST2,PC_ENT,EE,18.73,NaN,10.71,NaN,24.3,NaN
A,GE10,I55,E_ITUST2,PC_ENT,EL,,u,10.19,NaN,11.82,NaN
A,GE10,I55,E_ITUST2,PC_ENT,ES,16.96,NaN,17.18,NaN,18.27,NaN
A,GE10,I55,E_ITUST2,PC_ENT,EU15,,NaN,,NaN,,NaN
A,GE10,I55,E_ITUST2,PC_ENT,EU27_2007,,NaN,,NaN,,NaN
A,GE10,I55,E_ITUST2,PC_ENT,EU27_2020,12.47,NaN,15.87,NaN,16.76,NaN
A,GE10,I55,E_ITUST2,PC_ENT,EU28,,NaN,,NaN,,NaN
A,GE10,I55,E_ITUST2,PC_ENT,FI,27.48,NaN,28.7,NaN,33.33,NaN
A,GE10,I55,E_ITUST2,PC_ENT,FR,5.73,NaN,17.15,b,6.15,NaN
A,GE10,I55,E_ITUST2,PC_ENT,HR,18.63,NaN,26.37,NaN,19.32,NaN
A,GE10,I55,E_ITUST2,PC_ENT,HU,14.92,NaN,10.02,NaN,12.86,NaN
A,GE10,I55,E_ITUST2,PC_ENT,IE,27.01,NaN,23.36,NaN,13.51,NaN
A,GE10,I55,E_ITUST2,PC_ENT,IS,,NaN,,NaN,,NaN
A,GE10,I55,E_ITUST2,PC_ENT,IT,12.01,NaN,13.63,NaN,19.81,NaN
A,GE10,I55,E_ITUST2,PC_ENT,LT,16.27,NaN,10.79,NaN,9.21,NaN
A,GE10,I55,E_ITUST2,PC_ENT,LU,13.62,NaN,5.76,NaN,14.39,NaN
A,GE10,I55,E_ITUST2,PC_ENT,LV,12.77,NaN,11.43,NaN,19.25,NaN
A,GE10,I55,E_ITUST2,PC_ENT,ME,,u,30.39,NaN,43.63,NaN
A,GE10,I55,E_ITUST2,PC_ENT,MK,,u,,u,,NaN
A,GE10,I55,E_ITUST2,PC_ENT,MT,24.3,NaN,16.92,NaN,38.08,NaN
A,GE10,I55,E_ITUST2,PC_ENT,NL,8.82,NaN,16.68,NaN,13.84,NaN
A,GE10,I55,E_ITUST2,PC_ENT,NO,30.09,NaN,38.21,NaN,29.11,NaN
A,GE10,I55,E_ITUST2,PC_ENT,PL,19.49,NaN,29.75,NaN,35.6,NaN
A,GE10,I55,E_ITUST2,PC_ENT,PT,18.7,NaN,35.46,NaN,30.78,NaN
A,GE10,I55,E_ITUST2,PC_ENT,RO,2.95,NaN,5.3,NaN,14.6,NaN
A,GE10,I55,E_ITUST2,PC_ENT,RS,9.66,NaN,15.28,NaN,20.98,NaN
A,GE10,I55,E_ITUST2,PC_ENT,SE,26.79,NaN,29.98,NaN,19.18,b
A,GE10,I55,E_ITUST2,PC_ENT,SI,36.75,NaN,25.84,NaN,27.39,NaN
A,GE10,I55,E_ITUST2,PC_ENT,SK,12.75,NaN,7.09,NaN,7.06,NaN
A,GE10,I55,E_ITUST2,PC_ENT,TR,14.11,NaN,22.33,NaN,26.3,NaN
A,GE10,I55,E_ITUST2,PC_ENT,UK,18.69,NaN,,NaN,,NaN
A,GE10,I55,E_ITUST2,PC_ENT_CUSE,AT,,NaN,,NaN,,NaN
A,GE10,I55,E_ITUST2,PC_ENT_CUSE,BA,,NaN,,NaN,,NaN
A,GE10,I55,E_ITUST2,PC_ENT_CUSE,BE,,NaN,,NaN,,NaN
A,GE10,I55,E_ITUST2,PC_ENT_CUSE,BG,,NaN,,NaN,,NaN
A,GE10,I55,E_ITUST2,PC_ENT_CUSE,CY,,NaN,,NaN,,NaN
A,GE10,I55,E_ITUST2,PC_ENT_CUSE,CZ,,NaN,,NaN,,NaN
A,GE10,I55,E_ITUST2,PC_ENT_CUSE,DE,,NaN,,NaN,,NaN
A,GE10,I55,E_ITUST2,PC_ENT_CUSE,DK,,NaN,,NaN,,NaN
A,GE10,I55,E_ITUST2,PC_ENT_CUSE,EA,,NaN,,NaN,,NaN
A,GE10,I55,E_ITUST2,PC_ENT_CUSE,EE,,NaN,,NaN,,NaN
A,GE10,I55,E_ITUST2,PC_ENT_CUSE,EL,,NaN,,NaN,,NaN
A,GE10,I55,E_ITUST2,PC_ENT_CUSE,ES,,NaN,,NaN,,NaN
A,GE10,I55,E_ITUST2,PC_ENT_CUSE,EU15,,NaN,,NaN,,NaN
A,GE10,I55,E_ITUST2,PC_ENT_CUSE,EU27_2007,,NaN,,NaN,,NaN
A,GE10,I55,E_ITUST2,PC_ENT_CUSE,EU27_2020,,NaN,,NaN,,NaN
A,GE10,I55,E_ITUST2,PC_ENT_CUSE,EU28,,NaN,,NaN,,NaN
A,GE10,I55,E_ITUST2,PC_ENT_CUSE,FI,,NaN,,NaN,,NaN
A,GE10,I55,E_ITUST2,PC_ENT_CUSE,FR,,NaN,,NaN,,NaN
A,GE10,I55,E_ITUST2,PC_ENT_CUSE,HR,,NaN,,NaN,,NaN
A,GE10,I55,E_ITUST2,PC_ENT_CUSE,HU,,NaN,,NaN,,NaN
A,GE10,I55,E_ITUST2,PC_ENT_CUSE,IE,,NaN,,NaN,,NaN
A,GE10,I55,E_ITUST2,PC_ENT_CUSE,IS,,NaN,,NaN,,NaN
A,GE10,I55,E_ITUST2,PC_ENT_CUSE,IT,,NaN,,NaN,,NaN
A,GE10,I55,E_ITUST2,PC_ENT_CUSE,LT,,NaN,,NaN,,NaN
A,GE10,I55,E_ITUST2,PC_ENT_CUSE,LU,,NaN,,NaN,,NaN
A,GE10,I55,E_ITUST2,PC_ENT_CUSE,LV,,NaN,,NaN,,NaN
A,GE10,I55,E_ITUST2,PC_ENT_CUSE,ME,,NaN,,NaN,,NaN
A,GE10,I55,E_ITUST2,PC_ENT_CUSE,MK,,NaN,,NaN,,NaN
A,GE10,I55,E_ITUST2,PC_ENT_CUSE,MT,,NaN,,NaN,,NaN
A,GE10,I55,E_ITUST2,PC_ENT_CUSE,NL,,NaN,,NaN,,NaN
A,GE10,I55,E_ITUST2,PC_ENT_CUSE,NO,,NaN,,NaN,,NaN
A,GE10,I55,E_ITUST2,PC_ENT_CUSE,PL,,NaN,,NaN,,NaN
A,GE10,I55,E_ITUST2,PC_ENT_CUSE,PT,,NaN,,NaN,,NaN
A,GE10,I55,E_ITUST2,PC_ENT_CUSE,RO,,NaN,,NaN,,NaN
A,GE10,I55,E_ITUST2,PC_ENT_CUSE,RS,,NaN,,NaN,,NaN
A,GE10,I55,E_ITUST2,PC_ENT_CUSE,SE,,NaN,,NaN,,NaN
A,GE10,I55,E_ITUST2,PC_ENT_CUSE,SI,,NaN,,NaN,,NaN
A,GE10,I55,E_ITUST2,PC_ENT_CUSE,SK,,NaN,,NaN,,NaN
A,GE10,I55,E_ITUST2,PC_ENT_CUSE,TR,,NaN,,NaN,,NaN
A,GE10,I55,E_ITUST2,PC_ENT_CUSE,UK,,NaN,,NaN,,NaN
A,GE10,ICT,E_ITSP2X_ITT2,PC_ENT,AT,0.24,NaN,4.56,NaN,2.24,NaN
A,GE10,ICT,E_ITSP2X_ITT2,PC_ENT,BA,,u,,u,,NaN
A,GE10,ICT,E_ITSP2X_ITT2,PC_ENT,BE,0.56,NaN,1.71,NaN,6.46,NaN
A,GE10,ICT,E_ITSP2X_ITT2,PC_ENT,BG,,u,3.36,NaN,2.55,NaN
A,GE10,ICT,E_ITSP2X_ITT2,PC_ENT,CY,9.15,NaN,5.82,NaN,2.07,NaN
A,GE10,ICT,E_ITSP2X_ITT2,PC_ENT,CZ,5.31,NaN,6.55,NaN,7.03,NaN
A,GE10,ICT,E_ITSP2X_ITT2,PC_ENT,DE,4.35,NaN,4.48,NaN,3.55,NaN
A,GE10,ICT,E_ITSP2X_ITT2,PC_ENT,DK,1.51,NaN,2.48,NaN,4.02,NaN
A,GE10,ICT,E_ITSP2X_ITT2,PC_ENT,EA,3.41,NaN,4.03,NaN,4.03,NaN
A,GE10,ICT,E_ITSP2X_ITT2,PC_ENT,EE,1.57,NaN,1.4,NaN,1.78,NaN
A,GE10,ICT,E_ITSP2X_ITT2,PC_ENT,EL,,u,3.03,NaN,0.71,NaN
A,GE10,ICT,E_ITSP2X_ITT2,PC_ENT,ES,5.86,NaN,5.53,NaN,7.1,NaN
A,GE10,ICT,E_ITSP2X_ITT2,PC_ENT,EU15,,NaN,,NaN,,NaN
A,GE10,ICT,E_ITSP2X_ITT2,PC_ENT,EU27_2007,,NaN,,NaN,,NaN
A,GE10,ICT,E_ITSP2X_ITT2,PC_ENT,EU27_2020,3.39,NaN,4.13,NaN,3.92,NaN
A,GE10,ICT,E_ITSP2X_ITT2,PC_ENT,EU28,,NaN,,NaN,,NaN
A,GE10,ICT,E_ITSP2X_ITT2,PC_ENT,FI,2.13,NaN,3.27,NaN,2.06,NaN
A,GE10,ICT,E_ITSP2X_ITT2,PC_ENT,FR,1.76,NaN,1.78,b,3.36,NaN
A,GE10,ICT,E_ITSP2X_ITT2,PC_ENT,HR,4.67,NaN,8.11,NaN,1.54,NaN
A,GE10,ICT,E_ITSP2X_ITT2,PC_ENT,HU,2.3,NaN,1.48,NaN,1.77,NaN
A,GE10,ICT,E_ITSP2X_ITT2,PC_ENT,IE,2.28,NaN,10.01,NaN,3.63,NaN
A,GE10,ICT,E_ITSP2X_ITT2,PC_ENT,IT,3.67,NaN,4.14,NaN,4.96,NaN
A,GE10,ICT,E_ITSP2X_ITT2,PC_ENT,LT,1.44,NaN,1.09,NaN,1.48,NaN
A,GE10,ICT,E_ITSP2X_ITT2,PC_ENT,LU,2.01,NaN,5.45,NaN,2.86,NaN
A,GE10,ICT,E_ITSP2X_ITT2,PC_ENT,LV,1.96,NaN,3.57,NaN,2.2,NaN
A,GE10,ICT,E_ITSP2X_ITT2,PC_ENT,ME,,u,0.0,NaN,10.14,NaN
A,GE10,ICT,E_ITSP2X_ITT2,PC_ENT,MK,1.96,NaN,,u,,NaN
A,GE10,ICT,E_ITSP2X_ITT2,PC_ENT,MT,3.44,NaN,5.04,NaN,3.56,NaN
A,GE10,ICT,E_ITSP2X_ITT2,PC_ENT,NL,3.09,NaN,3.89,NaN,4.01,NaN
A,GE10,ICT,E_ITSP2X_ITT2,PC_ENT,NO,8.55,NaN,6.56,NaN,9.29,NaN
A,GE10,ICT,E_ITSP2X_ITT2,PC_ENT,PL,2.34,NaN,3.95,NaN,4.0,NaN
A,GE10,ICT,E_ITSP2X_ITT2,PC_ENT,PT,3.17,NaN,3.31,NaN,4.19,NaN
A,GE10,ICT,E_ITSP2X_ITT2,PC_ENT,RO,1.28,NaN,3.99,NaN,2.33,NaN
A,GE10,ICT,E_ITSP2X_ITT2,PC_ENT,RS,0.29,NaN,0.79,NaN,1.21,NaN
A,GE10,ICT,E_ITSP2X_ITT2,PC_ENT,SE,6.81,NaN,6.12,NaN,2.13,b
A,GE10,ICT,E_ITSP2X_ITT2,PC_ENT,SI,3.12,NaN,4.06,NaN,1.72,NaN
A,GE10,ICT,E_ITSP2X_ITT2,PC_ENT,SK,3.49,NaN,5.04,NaN,5.59,NaN
A,GE10,ICT,E_ITSP2X_ITT2,PC_ENT,TR,5.88,NaN,5.32,NaN,5.81,NaN
A,GE10,ICT,E_ITSP2X_ITT2,PC_ENT,UK,1.2,NaN,,NaN,,NaN
A,GE10,ICT,E_ITSP2X_ITT2,PC_ENT_CUSE,AT,,NaN,,NaN,,NaN
A,GE10,ICT,E_ITSP2X_ITT2,PC_ENT_CUSE,BA,,NaN,,NaN,,NaN
A,GE10,ICT,E_ITSP2X_ITT2,PC_ENT_CUSE,BE,,NaN,,NaN,,NaN
A,GE10,ICT,E_ITSP2X_ITT2,PC_ENT_CUSE,BG,,NaN,,NaN,,NaN
A,GE10,ICT,E_ITSP2X_ITT2,PC_ENT_CUSE,CY,,NaN,,NaN,,NaN
A,GE10,ICT,E_ITSP2X_ITT2,PC_ENT_CUSE,CZ,,NaN,,NaN,,NaN
A,GE10,ICT,E_ITSP2X_ITT2,PC_ENT_CUSE,DE,,NaN,,NaN,,NaN
A,GE10,ICT,E_ITSP2X_ITT2,PC_ENT_CUSE,DK,,NaN,,NaN,,NaN
A,GE10,ICT,E_ITSP2X_ITT2,PC_ENT_CUSE,EA,,NaN,,NaN,,NaN
A,GE10,ICT,E_ITSP2X_ITT2,PC_ENT_CUSE,EE,,NaN,,NaN,,NaN
A,GE10,ICT,E_ITSP2X_ITT2,PC_ENT_CUSE,EL,,NaN,,NaN,,NaN
A,GE10,ICT,E_ITSP2X_ITT2,PC_ENT_CUSE,ES,,NaN,,NaN,,NaN
A,GE10,ICT,E_ITSP2X_ITT2,PC_ENT_CUSE,EU15,,NaN,,NaN,,NaN
A,GE10,ICT,E_ITSP2X_ITT2,PC_ENT_CUSE,EU27_2007,,NaN,,NaN,,NaN
A,GE10,ICT,E_ITSP2X_ITT2,PC_ENT_CUSE,EU27_2020,,NaN,,NaN,,NaN
A,GE10,ICT,E_ITSP2X_ITT2,PC_ENT_CUSE,EU28,,NaN,,NaN,,NaN
A,GE10,ICT,E_ITSP2X_ITT2,PC_ENT_CUSE,FI,,NaN,,NaN,,NaN
A,GE10,ICT,E_ITSP2X_ITT2,PC_ENT_CUSE,FR,,NaN,,NaN,,NaN
A,GE10,ICT,E_ITSP2X_ITT2,PC_ENT_CUSE,HR,,NaN,,NaN,,NaN
A,GE10,ICT,E_ITSP2X_ITT2,PC_ENT_CUSE,HU,,NaN,,NaN,,NaN
A,GE10,ICT,E_ITSP2X_ITT2,PC_ENT_CUSE,IE,,NaN,,NaN,,NaN
A,GE10,ICT,E_ITSP2X_ITT2,PC_ENT_CUSE,IT,,NaN,,NaN,,NaN
A,GE10,ICT,E_ITSP2X_ITT2,PC_ENT_CUSE,LT,,NaN,,NaN,,NaN
A,GE10,ICT,E_ITSP2X_ITT2,PC_ENT_CUSE,LU,,NaN,,NaN,,NaN
A,GE10,ICT,E_ITSP2X_ITT2,PC_ENT_CUSE,LV,,NaN,,NaN,,NaN
A,GE10,ICT,E_ITSP2X_ITT2,PC_ENT_CUSE,ME,,NaN,,NaN,,NaN
A,GE10,ICT,E_ITSP2X_ITT2,PC_ENT_CUSE,MK,,NaN,,NaN,,NaN
A,GE10,ICT,E_ITSP2X_ITT2,PC_ENT_CUSE,MT,,NaN,,NaN,,NaN
A,GE10,ICT,E_ITSP2X_ITT2,PC_ENT_CUSE,NL,,NaN,,NaN,,NaN
A,GE10,ICT,E_ITSP2X_ITT2,PC_ENT_CUSE,NO,,NaN,,NaN,,NaN
A,GE10,ICT,E_ITSP2X_ITT2,PC_ENT_CUSE,PL,,NaN,,NaN,,NaN
A,GE10,ICT,E_ITSP2X_ITT2,PC_ENT_CUSE,PT,,NaN,,NaN,,NaN
A,GE10,ICT,E_ITSP2X_ITT2,PC_ENT_CUSE,RO,,NaN,,NaN,,NaN
A,GE10,ICT,E_ITSP2X_ITT2,PC_ENT_CUSE,RS,,NaN,,NaN,,NaN
A,GE10,ICT,E_ITSP2X_ITT2,PC_ENT_CUSE,SE,,NaN,,NaN,,NaN
A,GE10,ICT,E_ITSP2X_ITT2,PC_ENT_CUSE,SI,,NaN,,NaN,,NaN
A,GE10,ICT,E_ITSP2X_ITT2,PC_ENT_CUSE,SK,,NaN,,NaN,,NaN
A,GE10,ICT,E_ITSP2X_ITT2,PC_ENT_CUSE,TR,,NaN,,NaN,,NaN
A,GE10,ICT,E_ITSP2X_ITT2,PC_ENT_CUSE,UK,,NaN,,NaN,,NaN
A,GE10,ICT,E_ITSP2_ITT2,PC_ENT,AT,80.54,NaN,,u,68.39,NaN
A,GE10,ICT,E_ITSP2_ITT2,PC_ENT,BA,65.09,NaN,51.57,NaN,59.79,NaN
A,GE10,ICT,E_ITSP2_ITT2,PC_ENT,BE,,u,73.63,NaN,74.06,NaN
A,GE10,ICT,E_ITSP2_ITT2,PC_ENT,BG,50.92,NaN,48.48,NaN,53.78,NaN
A,GE10,ICT,E_ITSP2_ITT2,PC_ENT,CY,69.16,NaN,69.36,NaN,76.31,NaN
A,GE10,ICT,E_ITSP2_ITT2,PC_ENT,CZ,65.1,NaN,61.04,NaN,60.69,NaN
A,GE10,ICT,E_ITSP2_ITT2,PC_ENT,DE,58.1,NaN,66.36,NaN,74.11,NaN
A,GE10,ICT,E_ITSP2_ITT2,PC_ENT,DK,68.1,NaN,69.78,NaN,69.15,NaN
A,GE10,ICT,E_ITSP2_ITT2,PC_ENT,EA,58.1,NaN,62.01,NaN,62.77,NaN
A,GE10,ICT,E_ITSP2_ITT2,PC_ENT,EE,76.53,NaN,64.89,NaN,56.83,NaN
A,GE10,ICT,E_ITSP2_ITT2,PC_ENT,EL,,u,61.1,NaN,52.58,NaN
A,GE10,ICT,E_ITSP2_ITT2,PC_ENT,ES,47.08,NaN,56.6,NaN,49.04,NaN
A,GE10,ICT,E_ITSP2_ITT2,PC_ENT,EU15,,NaN,,NaN,,NaN
A,GE10,ICT,E_ITSP2_ITT2,PC_ENT,EU27_2007,,NaN,,NaN,,NaN
A,GE10,ICT,E_ITSP2_ITT2,PC_ENT,EU27_2020,57.58,NaN,61.1,NaN,62.56,NaN
A,GE10,ICT,E_ITSP2_ITT2,PC_ENT,EU28,,NaN,,NaN,,NaN
A,GE10,ICT,E_ITSP2_ITT2,PC_ENT,FI,75.03,NaN,78.55,NaN,80.95,NaN
A,GE10,ICT,E_ITSP2_ITT2,PC_ENT,FR,54.39,NaN,59.27,b,52.3,NaN
A,GE10,ICT,E_ITSP2_ITT2,PC_ENT,HR,73.08,NaN,66.37,NaN,79.12,NaN
A,GE10,ICT,E_ITSP2_ITT2,PC_ENT,HU,55.77,NaN,53.47,NaN,54.02,NaN
A,GE10,ICT,E_ITSP2_ITT2,PC_ENT,IE,71.31,NaN,54.64,NaN,52.61,NaN
A,GE10,ICT,E_ITSP2_ITT2,PC_ENT,IT,53.22,NaN,50.35,NaN,50.86,NaN
A,GE10,ICT,E_ITSP2_ITT2,PC_ENT,LT,57.41,NaN,63.02,NaN,60.49,NaN
A,GE10,ICT,E_ITSP2_ITT2,PC_ENT,LU,69.49,NaN,63.28,NaN,64.93,NaN
A,GE10,ICT,E_ITSP2_ITT2,PC_ENT,LV,55.25,NaN,51.04,NaN,56.6,NaN
A,GE10,ICT,E_ITSP2_ITT2,PC_ENT,ME,56.69,NaN,66.87,NaN,47.07,NaN
A,GE10,ICT,E_ITSP2_ITT2,PC_ENT,MK,54.75,NaN,46.61,NaN,,NaN
A,GE10,ICT,E_ITSP2_ITT2,PC_ENT,MT,74.34,NaN,68.56,NaN,81.05,NaN
A,GE10,ICT,E_ITSP2_ITT2,PC_ENT,NL,61.22,NaN,70.93,NaN,66.14,NaN
A,GE10,ICT,E_ITSP2_ITT2,PC_ENT,NO,69.04,NaN,72.76,NaN,70.0,NaN
A,GE10,ICT,E_ITSP2_ITT2,PC_ENT,PL,59.35,NaN,65.27,NaN,71.61,NaN
A,GE10,ICT,E_ITSP2_ITT2,PC_ENT,PT,,u,69.02,NaN,75.86,NaN
A,GE10,ICT,E_ITSP2_ITT2,PC_ENT,RO,30.96,NaN,38.51,NaN,44.63,NaN
A,GE10,ICT,E_ITSP2_ITT2,PC_ENT,RS,58.18,NaN,53.07,NaN,62.79,NaN
A,GE10,ICT,E_ITSP2_ITT2,PC_ENT,SE,55.26,NaN,59.8,NaN,67.32,b
A,GE10,ICT,E_ITSP2_ITT2,PC_ENT,SI,69.04,NaN,66.17,NaN,77.72,NaN
A,GE10,ICT,E_ITSP2_ITT2,PC_ENT,SK,45.36,NaN,49.18,NaN,56.01,NaN
A,GE10,ICT,E_ITSP2_ITT2,PC_ENT,TR,41.02,NaN,52.53,NaN,45.41,NaN
A,GE10,ICT,E_ITSP2_ITT2,PC_ENT,UK,59.56,NaN,,NaN,,NaN
A,GE10,ICT,E_ITSP2_ITT2,PC_ENT_CUSE,AT,,NaN,,NaN,,NaN
A,GE10,ICT,E_ITSP2_ITT2,PC_ENT_CUSE,BA,,NaN,,NaN,,NaN
A,GE10,ICT,E_ITSP2_ITT2,PC_ENT_CUSE,BE,,NaN,,NaN,,NaN
A,GE10,ICT,E_ITSP2_ITT2,PC_ENT_CUSE,BG,,NaN,,NaN,,NaN
A,GE10,ICT,E_ITSP2_ITT2,PC_ENT_CUSE,CY,,NaN,,NaN,,NaN
A,GE10,ICT,E_ITSP2_ITT2,PC_ENT_CUSE,CZ,,NaN,,NaN,,NaN
A,GE10,ICT,E_ITSP2_ITT2,PC_ENT_CUSE,DE,,NaN,,NaN,,NaN
A,GE10,ICT,E_ITSP2_ITT2,PC_ENT_CUSE,DK,,NaN,,NaN,,NaN
A,GE10,ICT,E_ITSP2_ITT2,PC_ENT_CUSE,EA,,NaN,,NaN,,NaN
A,GE10,ICT,E_ITSP2_ITT2,PC_ENT_CUSE,EE,,NaN,,NaN,,NaN
A,GE10,ICT,E_ITSP2_ITT2,PC_ENT_CUSE,EL,,NaN,,NaN,,NaN
A,GE10,ICT,E_ITSP2_ITT2,PC_ENT_CUSE,ES,,NaN,,NaN,,NaN
A,GE10,ICT,E_ITSP2_ITT2,PC_ENT_CUSE,EU15,,NaN,,NaN,,NaN
A,GE10,ICT,E_ITSP2_ITT2,PC_ENT_CUSE,EU27_2007,,NaN,,NaN,,NaN
A,GE10,ICT,E_ITSP2_ITT2,PC_ENT_CUSE,EU27_2020,,NaN,,NaN,,NaN
A,GE10,ICT,E_ITSP2_ITT2,PC_ENT_CUSE,EU28,,NaN,,NaN,,NaN
A,GE10,ICT,E_ITSP2_ITT2,PC_ENT_CUSE,FI,,NaN,,NaN,,NaN
A,GE10,ICT,E_ITSP2_ITT2,PC_ENT_CUSE,FR,,NaN,,NaN,,NaN
A,GE10,ICT,E_ITSP2_ITT2,PC_ENT_CUSE,HR,,NaN,,NaN,,NaN
A,GE10,ICT,E_ITSP2_ITT2,PC_ENT_CUSE,HU,,NaN,,NaN,,NaN
A,GE10,ICT,E_ITSP2_ITT2,PC_ENT_CUSE,IE,,NaN,,NaN,,NaN
A,GE10,ICT,E_ITSP2_ITT2,PC_ENT_CUSE,IT,,NaN,,NaN,,NaN
A,GE10,ICT,E_ITSP2_ITT2,PC_ENT_CUSE,LT,,NaN,,NaN,,NaN
A,GE10,ICT,E_ITSP2_ITT2,PC_ENT_CUSE,LU,,NaN,,NaN,,NaN
A,GE10,ICT,E_ITSP2_ITT2,PC_ENT_CUSE,LV,,NaN,,NaN,,NaN
A,GE10,ICT,E_ITSP2_ITT2,PC_ENT_CUSE,ME,,NaN,,NaN,,NaN
A,GE10,ICT,E_ITSP2_ITT2,PC_ENT_CUSE,MK,,NaN,,NaN,,NaN
A,GE10,ICT,E_ITSP2_ITT2,PC_ENT_CUSE,MT,,NaN,,NaN,,NaN
A,GE10,ICT,E_ITSP2_ITT2,PC_ENT_CUSE,NL,,NaN,,NaN,,NaN
A,GE10,ICT,E_ITSP2_ITT2,PC_ENT_CUSE,NO,,NaN,,NaN,,NaN
A,GE10,ICT,E_ITSP2_ITT2,PC_ENT_CUSE,PL,,NaN,,NaN,,NaN
A,GE10,ICT,E_ITSP2_ITT2,PC_ENT_CUSE,PT,,NaN,,NaN,,NaN
A,GE10,ICT,E_ITSP2_ITT2,PC_ENT_CUSE,RO,,NaN,,NaN,,NaN
A,GE10,ICT,E_ITSP2_ITT2,PC_ENT_CUSE,RS,,NaN,,NaN,,NaN
A,GE10,ICT,E_ITSP2_ITT2,PC_ENT_CUSE,SE,,NaN,,NaN,,NaN
A,GE10,ICT,E_ITSP2_ITT2,PC_ENT_CUSE,SI,,NaN,,NaN,,NaN
A,GE10,ICT,E_ITSP2_ITT2,PC_ENT_CUSE,SK,,NaN,,NaN,,NaN
A,GE10,ICT,E_ITSP2_ITT2,PC_ENT_CUSE,TR,,NaN,,NaN,,NaN
A,GE10,ICT,E_ITSP2_ITT2,PC_ENT_CUSE,UK,,NaN,,NaN,,NaN
A,GE10,ICT,E_ITSPT2,PC_ENT,AT,78.52,NaN,,u,66.04,NaN
A,GE10,ICT,E_ITSPT2,PC_ENT,BA,57.99,NaN,43.75,NaN,55.48,NaN
A,GE10,ICT,E_ITSPT2,PC_ENT,BE,,u,,u,71.99,NaN
A,GE10,ICT,E_ITSPT2,PC_ENT,BG,49.14,NaN,47.81,NaN,52.05,NaN
A,GE10,ICT,E_ITSPT2,PC_ENT,CY,62.07,NaN,61.44,NaN,69.69,NaN
A,GE10,ICT,E_ITSPT2,PC_ENT,CZ,63.66,NaN,59.46,NaN,56.64,NaN
A,GE10,ICT,E_ITSPT2,PC_ENT,DE,55.16,NaN,62.06,NaN,71.12,NaN
A,GE10,ICT,E_ITSPT2,PC_ENT,DK,64.43,NaN,66.94,NaN,65.14,NaN
A,GE10,ICT,E_ITSPT2,PC_ENT,EA,54.99,NaN,58.13,NaN,59.17,NaN
A,GE10,ICT,E_ITSPT2,PC_ENT,EE,74.7,NaN,62.44,NaN,52.42,NaN
A,GE10,ICT,E_ITSPT2,PC_ENT,EL,,u,60.33,NaN,50.53,NaN
A,GE10,ICT,E_ITSPT2,PC_ENT,ES,45.6,NaN,52.87,NaN,44.74,NaN
A,GE10,ICT,E_ITSPT2,PC_ENT,EU15,,NaN,,NaN,,NaN
A,GE10,ICT,E_ITSPT2,PC_ENT,EU27_2007,,NaN,,NaN,,NaN
A,GE10,ICT,E_ITSPT2,PC_ENT,EU27_2020,54.36,NaN,57.09,NaN,58.86,NaN
A,GE10,ICT,E_ITSPT2,PC_ENT,EU28,,NaN,,NaN,,NaN
A,GE10,ICT,E_ITSPT2,PC_ENT,FI,71.55,NaN,73.19,NaN,78.29,NaN
A,GE10,ICT,E_ITSPT2,PC_ENT,FR,47.67,NaN,51.07,b,47.39,NaN
A,GE10,ICT,E_ITSPT2,PC_ENT,HR,70.53,NaN,65.6,NaN,76.46,NaN
A,GE10,ICT,E_ITSPT2,PC_ENT,HU,52.34,NaN,49.97,NaN,49.77,NaN
A,GE10,ICT,E_ITSPT2,PC_ENT,IE,65.65,NaN,46.91,NaN,49.5,NaN
A,GE10,ICT,E_ITSPT2,PC_ENT,IS,,NaN,,NaN,,NaN
A,GE10,ICT,E_ITSPT2,PC_ENT,IT,51.99,NaN,49.49,NaN,46.74,NaN
A,GE10,ICT,E_ITSPT2,PC_ENT,LT,53.91,NaN,59.93,NaN,58.85,NaN
A,GE10,ICT,E_ITSPT2,PC_ENT,LU,67.75,NaN,61.15,NaN,62.46,NaN
A,GE10,ICT,E_ITSPT2,PC_ENT,LV,48.56,NaN,47.98,NaN,50.74,NaN
A,GE10,ICT,E_ITSPT2,PC_ENT,ME,56.69,NaN,66.87,NaN,36.74,NaN
A,GE10,ICT,E_ITSPT2,PC_ENT,MK,50.04,NaN,44.11,NaN,,NaN
A,GE10,ICT,E_ITSPT2,PC_ENT,MT,64.83,NaN,63.54,NaN,72.67,NaN
A,GE10,ICT,E_ITSPT2,PC_ENT,NL,58.14,NaN,69.67,NaN,63.86,NaN
A,GE10,ICT,E_ITSPT2,PC_ENT,NO,71.97,NaN,68.62,NaN,67.88,NaN
A,GE10,ICT,E_ITSPT2,PC_ENT,PL,53.28,NaN,55.12,NaN,69.91,NaN
A,GE10,ICT,E_ITSPT2,PC_ENT,PT,,u,66.43,NaN,70.86,NaN
A,GE10,ICT,E_ITSPT2,PC_ENT,RO,33.28,NaN,38.23,NaN,43.56,NaN
A,GE10,ICT,E_ITSPT2,PC_ENT,RS,53.99,NaN,52.73,NaN,55.72,NaN
A,GE10,ICT,E_ITSPT2,PC_ENT,SE,47.28,NaN,53.2,NaN,56.0,b
A,GE10,ICT,E_ITSPT2,PC_ENT,SI,66.02,NaN,63.77,NaN,69.13,NaN
A,GE10,ICT,E_ITSPT2,PC_ENT,SK,42.33,NaN,42.3,NaN,53.44,NaN
A,GE10,ICT,E_ITSPT2,PC_ENT,TR,36.62,NaN,42.08,NaN,36.5,NaN
A,GE10,ICT,E_ITSPT2,PC_ENT,UK,54.0,NaN,,NaN,,NaN
A,GE10,ICT,E_ITSPT2,PC_ENT_CUSE,AT,,NaN,,NaN,,NaN
A,GE10,ICT,E_ITSPT2,PC_ENT_CUSE,BA,,NaN,,NaN,,NaN
A,GE10,ICT,E_ITSPT2,PC_ENT_CUSE,BE,,NaN,,NaN,,NaN
A,GE10,ICT,E_ITSPT2,PC_ENT_CUSE,BG,,NaN,,NaN,,NaN
A,GE10,ICT,E_ITSPT2,PC_ENT_CUSE,CY,,NaN,,NaN,,NaN
A,GE10,ICT,E_ITSPT2,PC_ENT_CUSE,CZ,,NaN,,NaN,,NaN
A,GE10,ICT,E_ITSPT2,PC_ENT_CUSE,DE,,NaN,,NaN,,NaN
A,GE10,ICT,E_ITSPT2,PC_ENT_CUSE,DK,,NaN,,NaN,,NaN
A,GE10,ICT,E_ITSPT2,PC_ENT_CUSE,EA,,NaN,,NaN,,NaN
A,GE10,ICT,E_ITSPT2,PC_ENT_CUSE,EE,,NaN,,NaN,,NaN
A,GE10,ICT,E_ITSPT2,PC_ENT_CUSE,EL,,NaN,,NaN,,NaN
A,GE10,ICT,E_ITSPT2,PC_ENT_CUSE,ES,,NaN,,NaN,,NaN
A,GE10,ICT,E_ITSPT2,PC_ENT_CUSE,EU15,,NaN,,NaN,,NaN
A,GE10,ICT,E_ITSPT2,PC_ENT_CUSE,EU27_2007,,NaN,,NaN,,NaN
A,GE10,ICT,E_ITSPT2,PC_ENT_CUSE,EU27_2020,,NaN,,NaN,,NaN
A,GE10,ICT,E_ITSPT2,PC_ENT_CUSE,EU28,,NaN,,NaN,,NaN
A,GE10,ICT,E_ITSPT2,PC_ENT_CUSE,FI,,NaN,,NaN,,NaN
A,GE10,ICT,E_ITSPT2,PC_ENT_CUSE,FR,,NaN,,NaN,,NaN
A,GE10,ICT,E_ITSPT2,PC_ENT_CUSE,HR,,NaN,,NaN,,NaN
A,GE10,ICT,E_ITSPT2,PC_ENT_CUSE,HU,,NaN,,NaN,,NaN
A,GE10,ICT,E_ITSPT2,PC_ENT_CUSE,IE,,NaN,,NaN,,NaN
A,GE10,ICT,E_ITSPT2,PC_ENT_CUSE,IS,,NaN,,NaN,,NaN
A,GE10,ICT,E_ITSPT2,PC_ENT_CUSE,IT,,NaN,,NaN,,NaN
A,GE10,ICT,E_ITSPT2,PC_ENT_CUSE,LT,,NaN,,NaN,,NaN
A,GE10,ICT,E_ITSPT2,PC_ENT_CUSE,LU,,NaN,,NaN,,NaN
A,GE10,ICT,E_ITSPT2,PC_ENT_CUSE,LV,,NaN,,NaN,,NaN
A,GE10,ICT,E_ITSPT2,PC_ENT_CUSE,ME,,NaN,,NaN,,NaN
A,GE10,ICT,E_ITSPT2,PC_ENT_CUSE,MK,,NaN,,NaN,,NaN
A,GE10,ICT,E_ITSPT2,PC_ENT_CUSE,MT,,NaN,,NaN,,NaN
A,GE10,ICT,E_ITSPT2,PC_ENT_CUSE,NL,,NaN,,NaN,,NaN
A,GE10,ICT,E_ITSPT2,PC_ENT_CUSE,NO,,NaN,,NaN,,NaN
A,GE10,ICT,E_ITSPT2,PC_ENT_CUSE,PL,,NaN,,NaN,,NaN
A,GE10,ICT,E_ITSPT2,PC_ENT_CUSE,PT,,NaN,,NaN,,NaN
A,GE10,ICT,E_ITSPT2,PC_ENT_CUSE,RO,,NaN,,NaN,,NaN
A,GE10,ICT,E_ITSPT2,PC_ENT_CUSE,RS,,NaN,,NaN,,NaN
A,GE10,ICT,E_ITSPT2,PC_ENT_CUSE,SE,,NaN,,NaN,,NaN
A,GE10,ICT,E_ITSPT2,PC_ENT_CUSE,SI,,NaN,,NaN,,NaN
A,GE10,ICT,E_ITSPT2,PC_ENT_CUSE,SK,,NaN,,NaN,,NaN
A,GE10,ICT,E_ITSPT2,PC_ENT_CUSE,TR,,NaN,,NaN,,NaN
A,GE10,ICT,E_ITSPT2,PC_ENT_CUSE,UK,,NaN,,NaN,,NaN
A,GE10,ICT,E_ITT2,PC_ENT,AT,80.89,NaN,,u,70.94,NaN
A,GE10,ICT,E_ITT2,PC_ENT,BA,67.29,NaN,64.84,NaN,63.23,NaN
A,GE10,ICT,E_ITT2,PC_ENT,BE,,u,75.33,NaN,80.52,NaN
A,GE10,ICT,E_ITT2,PC_ENT,BG,52.12,NaN,51.84,NaN,56.34,NaN
A,GE10,ICT,E_ITT2,PC_ENT,CY,78.31,NaN,75.18,NaN,78.39,NaN
A,GE10,ICT,E_ITT2,PC_ENT,CZ,70.42,NaN,67.59,NaN,67.71,NaN
A,GE10,ICT,E_ITT2,PC_ENT,DE,62.97,NaN,70.84,NaN,77.66,NaN
A,GE10,ICT,E_ITT2,PC_ENT,DK,69.61,NaN,72.26,NaN,73.17,NaN
A,GE10,ICT,E_ITT2,PC_ENT,EA,61.74,NaN,66.07,NaN,66.84,NaN
A,GE10,ICT,E_ITT2,PC_ENT,EE,78.1,NaN,66.29,NaN,58.62,NaN
A,GE10,ICT,E_ITT2,PC_ENT,EL,,u,64.13,NaN,53.3,NaN
A,GE10,ICT,E_ITT2,PC_ENT,ES,52.94,NaN,62.13,NaN,56.14,NaN
A,GE10,ICT,E_ITT2,PC_ENT,EU15,,NaN,,NaN,,NaN
A,GE10,ICT,E_ITT2,PC_ENT,EU27_2007,,NaN,,NaN,,NaN
A,GE10,ICT,E_ITT2,PC_ENT,EU27_2020,61.26,NaN,65.3,NaN,66.51,NaN
A,GE10,ICT,E_ITT2,PC_ENT,EU28,,NaN,,NaN,,NaN
A,GE10,ICT,E_ITT2,PC_ENT,FI,77.16,NaN,81.82,NaN,83.01,NaN
A,GE10,ICT,E_ITT2,PC_ENT,FR,56.15,NaN,61.05,b,55.65,NaN
A,GE10,ICT,E_ITT2,PC_ENT,HR,77.75,NaN,74.48,NaN,80.66,NaN
A,GE10,ICT,E_ITT2,PC_ENT,HU,58.07,NaN,54.95,NaN,55.79,NaN
A,GE10,ICT,E_ITT2,PC_ENT,IE,73.59,NaN,64.65,NaN,56.24,NaN
A,GE10,ICT,E_ITT2,PC_ENT,IS,,NaN,,NaN,,NaN
A,GE10,ICT,E_ITT2,PC_ENT,IT,57.37,NaN,54.65,NaN,56.03,NaN
A,GE10,ICT,E_ITT2,PC_ENT,LT,58.85,NaN,64.12,NaN,62.46,NaN
A,GE10,ICT,E_ITT2,PC_ENT,LU,71.51,NaN,68.73,NaN,67.79,NaN
A,GE10,ICT,E_ITT2,PC_ENT,LV,57.21,NaN,54.61,NaN,58.8,NaN
A,GE10,ICT,E_ITT2,PC_ENT,ME,,u,66.87,NaN,57.22,NaN
A,GE10,ICT,E_ITT2,PC_ENT,MK,56.72,NaN,49.47,NaN,,NaN
A,GE10,ICT,E_ITT2,PC_ENT,MT,77.77,NaN,73.6,NaN,84.61,NaN
A,GE10,ICT,E_ITT2,PC_ENT,NL,64.04,NaN,74.82,NaN,70.15,NaN
A,GE10,ICT,E_ITT2,PC_ENT,NO,78.89,NaN,79.32,NaN,79.3,NaN
A,GE10,ICT,E_ITT2,PC_ENT,PL,61.7,NaN,69.22,NaN,75.62,NaN
A,GE10,ICT,E_ITT2,PC_ENT,PT,,u,72.34,NaN,80.04,NaN
A,GE10,ICT,E_ITT2,PC_ENT,RO,35.4,NaN,43.72,NaN,46.96,NaN
A,GE10,ICT,E_ITT2,PC_ENT,RS,58.47,NaN,53.85,NaN,64.0,NaN
A,GE10,ICT,E_ITT2,PC_ENT,SE,62.08,NaN,65.91,NaN,69.5,b
A,GE10,ICT,E_ITT2,PC_ENT,SI,72.16,NaN,70.23,NaN,79.44,NaN
A,GE10,ICT,E_ITT2,PC_ENT,SK,48.84,NaN,54.22,NaN,61.6,NaN
A,GE10,ICT,E_ITT2,PC_ENT,TR,46.89,NaN,57.85,NaN,51.23,NaN
A,GE10,ICT,E_ITT2,PC_ENT,UK,60.76,NaN,,NaN,,NaN
A,GE10,ICT,E_ITT2,PC_ENT_CUSE,AT,,NaN,,NaN,,NaN
A,GE10,ICT,E_ITT2,PC_ENT_CUSE,BA,,NaN,,NaN,,NaN
A,GE10,ICT,E_ITT2,PC_ENT_CUSE,BE,,NaN,,NaN,,NaN
A,GE10,ICT,E_ITT2,PC_ENT_CUSE,BG,,NaN,,NaN,,NaN
A,GE10,ICT,E_ITT2,PC_ENT_CUSE,CY,,NaN,,NaN,,NaN
A,GE10,ICT,E_ITT2,PC_ENT_CUSE,CZ,,NaN,,NaN,,NaN
A,GE10,ICT,E_ITT2,PC_ENT_CUSE,DE,,NaN,,NaN,,NaN
A,GE10,ICT,E_ITT2,PC_ENT_CUSE,DK,,NaN,,NaN,,NaN
A,GE10,ICT,E_ITT2,PC_ENT_CUSE,EA,,NaN,,NaN,,NaN
A,GE10,ICT,E_ITT2,PC_ENT_CUSE,EE,,NaN,,NaN,,NaN
A,GE10,ICT,E_ITT2,PC_ENT_CUSE,EL,,NaN,,NaN,,NaN
A,GE10,ICT,E_ITT2,PC_ENT_CUSE,ES,,NaN,,NaN,,NaN
A,GE10,ICT,E_ITT2,PC_ENT_CUSE,EU15,,NaN,,NaN,,NaN
A,GE10,ICT,E_ITT2,PC_ENT_CUSE,EU27_2007,,NaN,,NaN,,NaN
A,GE10,ICT,E_ITT2,PC_ENT_CUSE,EU27_2020,,NaN,,NaN,,NaN
A,GE10,ICT,E_ITT2,PC_ENT_CUSE,EU28,,NaN,,NaN,,NaN
A,GE10,ICT,E_ITT2,PC_ENT_CUSE,FI,,NaN,,NaN,,NaN
A,GE10,ICT,E_ITT2,PC_ENT_CUSE,FR,,NaN,,NaN,,NaN
A,GE10,ICT,E_ITT2,PC_ENT_CUSE,HR,,NaN,,NaN,,NaN
A,GE10,ICT,E_ITT2,PC_ENT_CUSE,HU,,NaN,,NaN,,NaN
A,GE10,ICT,E_ITT2,PC_ENT_CUSE,IE,,NaN,,NaN,,NaN
A,GE10,ICT,E_ITT2,PC_ENT_CUSE,IS,,NaN,,NaN,,NaN
A,GE10,ICT,E_ITT2,PC_ENT_CUSE,IT,,NaN,,NaN,,NaN
A,GE10,ICT,E_ITT2,PC_ENT_CUSE,LT,,NaN,,NaN,,NaN
A,GE10,ICT,E_ITT2,PC_ENT_CUSE,LU,,NaN,,NaN,,NaN
A,GE10,ICT,E_ITT2,PC_ENT_CUSE,LV,,NaN,,NaN,,NaN
A,GE10,ICT,E_ITT2,PC_ENT_CUSE,ME,,NaN,,NaN,,NaN
A,GE10,ICT,E_ITT2,PC_ENT_CUSE,MK,,NaN,,NaN,,NaN
A,GE10,ICT,E_ITT2,PC_ENT_CUSE,MT,,NaN,,NaN,,NaN
A,GE10,ICT,E_ITT2,PC_ENT_CUSE,NL,,NaN,,NaN,,NaN
A,GE10,ICT,E_ITT2,PC_ENT_CUSE,NO,,NaN,,NaN,,NaN
A,GE10,ICT,E_ITT2,PC_ENT_CUSE,PL,,NaN,,NaN,,NaN
A,GE10,ICT,E_ITT2,PC_ENT_CUSE,PT,,NaN,,NaN,,NaN
A,GE10,ICT,E_ITT2,PC_ENT_CUSE,RO,,NaN,,NaN,,NaN
A,GE10,ICT,E_ITT2,PC_ENT_CUSE,RS,,NaN,,NaN,,NaN
A,GE10,ICT,E_ITT2,PC_ENT_CUSE,SE,,NaN,,NaN,,NaN
A,GE10,ICT,E_ITT2,PC_ENT_CUSE,SI,,NaN,,NaN,,NaN
A,GE10,ICT,E_ITT2,PC_ENT_CUSE,SK,,NaN,,NaN,,NaN
A,GE10,ICT,E_ITT2,PC_ENT_CUSE,TR,,NaN,,NaN,,NaN
A,GE10,ICT,E_ITT2,PC_ENT_CUSE,UK,,NaN,,NaN,,NaN
A,GE10,ICT,E_ITUST2,PC_ENT,AT,,u,,u,53.12,NaN
A,GE10,ICT,E_ITUST2,PC_ENT,BA,49.27,NaN,57.38,NaN,48.07,NaN
A,GE10,ICT,E_ITUST2,PC_ENT,BE,,u,,u,,u
A,GE10,ICT,E_ITUST2,PC_ENT,BG,28.12,NaN,27.31,NaN,30.7,NaN
A,GE10,ICT,E_ITUST2,PC_ENT,CY,72.22,NaN,68.04,NaN,68.78,NaN
A,GE10,ICT,E_ITUST2,PC_ENT,CZ,70.42,NaN,60.63,NaN,57.66,NaN
A,GE10,ICT,E_ITUST2,PC_ENT,DE,50.59,NaN,61.39,NaN,62.75,NaN
A,GE10,ICT,E_ITUST2,PC_ENT,DK,52.76,NaN,60.19,NaN,64.52,NaN
A,GE10,ICT,E_ITUST2,PC_ENT,EA,44.66,NaN,53.44,NaN,52.03,NaN
A,GE10,ICT,E_ITUST2,PC_ENT,EE,54.78,NaN,52.11,NaN,47.16,NaN
A,GE10,ICT,E_ITUST2,PC_ENT,EL,,u,47.17,NaN,45.2,NaN
A,GE10,ICT,E_ITUST2,PC_ENT,ES,35.59,NaN,47.69,NaN,45.29,NaN
A,GE10,ICT,E_ITUST2,PC_ENT,EU15,,NaN,,NaN,,NaN
A,GE10,ICT,E_ITUST2,PC_ENT,EU27_2007,,NaN,,NaN,,NaN
A,GE10,ICT,E_ITUST2,PC_ENT,EU27_2020,44.63,NaN,52.86,NaN,52.05,NaN
A,GE10,ICT,E_ITUST2,PC_ENT,EU28,,NaN,,NaN,,NaN
A,GE10,ICT,E_ITUST2,PC_ENT,FI,63.25,NaN,73.48,NaN,70.57,NaN
A,GE10,ICT,E_ITUST2,PC_ENT,FR,40.63,NaN,49.53,b,36.68,NaN
A,GE10,ICT,E_ITUST2,PC_ENT,HR,54.02,NaN,61.69,NaN,60.15,NaN
A,GE10,ICT,E_ITUST2,PC_ENT,HU,35.32,NaN,35.85,NaN,39.77,NaN
A,GE10,ICT,E_ITUST2,PC_ENT,IE,59.23,NaN,46.1,NaN,36.34,NaN
A,GE10,ICT,E_ITUST2,PC_ENT,IS,,NaN,,NaN,,NaN
A,GE10,ICT,E_ITUST2,PC_ENT,IT,32.1,NaN,36.91,NaN,41.56,NaN
A,GE10,ICT,E_ITUST2,PC_ENT,LT,43.0,NaN,45.54,NaN,44.1,NaN
A,GE10,ICT,E_ITUST2,PC_ENT,LU,53.33,NaN,57.18,NaN,54.39,NaN
A,GE10,ICT,E_ITUST2,PC_ENT,LV,43.62,NaN,44.66,NaN,48.77,NaN
A,GE10,ICT,E_ITUST2,PC_ENT,ME,,u,46.86,NaN,56.52,NaN
A,GE10,ICT,E_ITUST2,PC_ENT,MK,44.44,NaN,39.16,NaN,,NaN
A,GE10,ICT,E_ITUST2,PC_ENT,MT,64.61,NaN,58.4,NaN,77.3,NaN
A,GE10,ICT,E_ITUST2,PC_ENT,NL,44.96,NaN,62.8,NaN,56.38,NaN
A,GE10,ICT,E_ITUST2,PC_ENT,NO,70.88,NaN,70.24,NaN,75.42,NaN
A,GE10,ICT,E_ITUST2,PC_ENT,PL,45.21,NaN,61.18,NaN,58.32,NaN
A,GE10,ICT,E_ITUST2,PC_ENT,PT,,u,56.99,NaN,68.53,NaN
A,GE10,ICT,E_ITUST2,PC_ENT,RO,20.08,NaN,29.82,NaN,38.51,NaN
A,GE10,ICT,E_ITUST2,PC_ENT,RS,52.26,NaN,41.01,NaN,50.26,NaN
A,GE10,ICT,E_ITUST2,PC_ENT,SE,49.55,NaN,57.08,NaN,62.16,b
A,GE10,ICT,E_ITUST2,PC_ENT,SI,56.28,NaN,55.89,NaN,60.13,NaN
A,GE10,ICT,E_ITUST2,PC_ENT,SK,35.81,NaN,39.51,NaN,44.74,NaN
A,GE10,ICT,E_ITUST2,PC_ENT,TR,35.01,NaN,48.88,NaN,46.22,NaN
A,GE10,ICT,E_ITUST2,PC_ENT,UK,42.15,NaN,,NaN,,NaN
A,GE10,ICT,E_ITUST2,PC_ENT_CUSE,AT,,NaN,,NaN,,NaN
A,GE10,ICT,E_ITUST2,PC_ENT_CUSE,BA,,NaN,,NaN,,NaN
A,GE10,ICT,E_ITUST2,PC_ENT_CUSE,BE,,NaN,,NaN,,NaN
A,GE10,ICT,E_ITUST2,PC_ENT_CUSE,BG,,NaN,,NaN,,NaN
A,GE10,ICT,E_ITUST2,PC_ENT_CUSE,CY,,NaN,,NaN,,NaN
A,GE10,ICT,E_ITUST2,PC_ENT_CUSE,CZ,,NaN,,NaN,,NaN
A,GE10,ICT,E_ITUST2,PC_ENT_CUSE,DE,,NaN,,NaN,,NaN
A,GE10,ICT,E_ITUST2,PC_ENT_CUSE,DK,,NaN,,NaN,,NaN
A,GE10,ICT,E_ITUST2,PC_ENT_CUSE,EA,,NaN,,NaN,,NaN
A,GE10,ICT,E_ITUST2,PC_ENT_CUSE,EE,,NaN,,NaN,,NaN
A,GE10,ICT,E_ITUST2,PC_ENT_CUSE,EL,,NaN,,NaN,,NaN
A,GE10,ICT,E_ITUST2,PC_ENT_CUSE,ES,,NaN,,NaN,,NaN
A,GE10,ICT,E_ITUST2,PC_ENT_CUSE,EU15,,NaN,,NaN,,NaN
A,GE10,ICT,E_ITUST2,PC_ENT_CUSE,EU27_2007,,NaN,,NaN,,NaN
A,GE10,ICT,E_ITUST2,PC_ENT_CUSE,EU27_2020,,NaN,,NaN,,NaN
A,GE10,ICT,E_ITUST2,PC_ENT_CUSE,EU28,,NaN,,NaN,,NaN
A,GE10,ICT,E_ITUST2,PC_ENT_CUSE,FI,,NaN,,NaN,,NaN
A,GE10,ICT,E_ITUST2,PC_ENT_CUSE,FR,,NaN,,NaN,,NaN
A,GE10,ICT,E_ITUST2,PC_ENT_CUSE,HR,,NaN,,NaN,,NaN
A,GE10,ICT,E_ITUST2,PC_ENT_CUSE,HU,,NaN,,NaN,,NaN
A,GE10,ICT,E_ITUST2,PC_ENT_CUSE,IE,,NaN,,NaN,,NaN
A,GE10,ICT,E_ITUST2,PC_ENT_CUSE,IS,,NaN,,NaN,,NaN
A,GE10,ICT,E_ITUST2,PC_ENT_CUSE,IT,,NaN,,NaN,,NaN
A,GE10,ICT,E_ITUST2,PC_ENT_CUSE,LT,,NaN,,NaN,,NaN
A,GE10,ICT,E_ITUST2,PC_ENT_CUSE,LU,,NaN,,NaN,,NaN
A,GE10,ICT,E_ITUST2,PC_ENT_CUSE,LV,,NaN,,NaN,,NaN
A,GE10,ICT,E_ITUST2,PC_ENT_CUSE,ME,,NaN,,NaN,,NaN
A,GE10,ICT,E_ITUST2,PC_ENT_CUSE,MK,,NaN,,NaN,,NaN
A,GE10,ICT,E_ITUST2,PC_ENT_CUSE,MT,,NaN,,NaN,,NaN
A,GE10,ICT,E_ITUST2,PC_ENT_CUSE,NL,,NaN,,NaN,,NaN
A,GE10,ICT,E_ITUST2,PC_ENT_CUSE,NO,,NaN,,NaN,,NaN
A,GE10,ICT,E_ITUST2,PC_ENT_CUSE,PL,,NaN,,NaN,,NaN
A,GE10,ICT,E_ITUST2,PC_ENT_CUSE,PT,,NaN,,NaN,,NaN
A,GE10,ICT,E_ITUST2,PC_ENT_CUSE,RO,,NaN,,NaN,,NaN
A,GE10,ICT,E_ITUST2,PC_ENT_CUSE,RS,,NaN,,NaN,,NaN
A,GE10,ICT,E_ITUST2,PC_ENT_CUSE,SE,,NaN,,NaN,,NaN
A,GE10,ICT,E_ITUST2,PC_ENT_CUSE,SI,,NaN,,NaN,,NaN
A,GE10,ICT,E_ITUST2,PC_ENT_CUSE,SK,,NaN,,NaN,,NaN
A,GE10,ICT,E_ITUST2,PC_ENT_CUSE,TR,,NaN,,NaN,,NaN
A,GE10,ICT,E_ITUST2,PC_ENT_CUSE,UK,,NaN,,NaN,,NaN
A,GE10,J,E_ITSP2X_ITT2,PC_ENT,AT,0.16,NaN,2.83,NaN,2.36,NaN
A,GE10,J,E_ITSP2X_ITT2,PC_ENT,BA,,u,,u,,NaN
A,GE10,J,E_ITSP2X_ITT2,PC_ENT,BE,1.72,NaN,2.48,NaN,6.94,NaN
A,GE10,J,E_ITSP2X_ITT2,PC_ENT,BG,,u,3.23,NaN,1.72,NaN
A,GE10,J,E_ITSP2X_ITT2,PC_ENT,CY,9.35,NaN,5.27,NaN,4.48,NaN
A,GE10,J,E_ITSP2X_ITT2,PC_ENT,CZ,4.22,NaN,3.54,NaN,6.13,NaN
A,GE10,J,E_ITSP2X_ITT2,PC_ENT,DE,4.63,NaN,4.01,NaN,3.63,NaN
A,GE10,J,E_ITSP2X_ITT2,PC_ENT,DK,2.61,NaN,1.34,NaN,3.12,NaN
A,GE10,J,E_ITSP2X_ITT2,PC_ENT,EA,3.72,NaN,4.14,NaN,3.92,NaN
A,GE10,J,E_ITSP2X_ITT2,PC_ENT,EE,1.4,NaN,1.39,NaN,2.98,NaN
A,GE10,J,E_ITSP2X_ITT2,PC_ENT,EL,,u,4.04,NaN,0.93,NaN
A,GE10,J,E_ITSP2X_ITT2,PC_ENT,ES,6.03,NaN,6.2,NaN,7.7,NaN
A,GE10,J,E_ITSP2X_ITT2,PC_ENT,EU15,,NaN,,NaN,,NaN
A,GE10,J,E_ITSP2X_ITT2,PC_ENT,EU27_2007,,NaN,,NaN,,NaN
A,GE10,J,E_ITSP2X_ITT2,PC_ENT,EU27_2020,3.54,NaN,4.0,NaN,3.8,NaN
A,GE10,J,E_ITSP2X_ITT2,PC_ENT,EU28,,NaN,,NaN,,NaN
A,GE10,J,E_ITSP2X_ITT2,PC_ENT,FI,4.98,NaN,4.72,NaN,4.66,NaN
A,GE10,J,E_ITSP2X_ITT2,PC_ENT,FR,2.06,NaN,1.9,b,2.84,NaN
A,GE10,J,E_ITSP2X_ITT2,PC_ENT,HR,1.42,NaN,1.43,NaN,3.78,NaN
A,GE10,J,E_ITSP2X_ITT2,PC_ENT,HU,1.14,NaN,0.82,NaN,1.96,NaN
A,GE10,J,E_ITSP2X_ITT2,PC_ENT,IE,3.36,NaN,7.2,NaN,4.7,NaN
A,GE10,J,E_ITSP2X_ITT2,PC_ENT,IT,4.26,NaN,5.57,NaN,3.35,NaN
A,GE10,J,E_ITSP2X_ITT2,PC_ENT,LT,1.67,NaN,0.76,NaN,1.54,NaN
A,GE10,J,E_ITSP2X_ITT2,PC_ENT,LU,2.63,NaN,7.09,NaN,5.54,NaN
A,GE10,J,E_ITSP2X_ITT2,PC_ENT,LV,3.04,NaN,4.74,NaN,2.31,NaN
A,GE10,J,E_ITSP2X_ITT2,PC_ENT,ME,,u,6.7,NaN,10.58,NaN
A,GE10,J,E_ITSP2X_ITT2,PC_ENT,MK,2.3,NaN,,u,,NaN
A,GE10,J,E_ITSP2X_ITT2,PC_ENT,MT,4.24,NaN,4.21,NaN,1.8,NaN
A,GE10,J,E_ITSP2X_ITT2,PC_ENT,NL,2.06,NaN,4.4,NaN,3.36,NaN
A,GE10,J,E_ITSP2X_ITT2,PC_ENT,NO,11.35,NaN,9.08,NaN,9.23,NaN
A,GE10,J,E_ITSP2X_ITT2,PC_ENT,PL,3.39,NaN,4.46,NaN,3.78,NaN
A,GE10,J,E_ITSP2X_ITT2,PC_ENT,PT,5.15,NaN,3.45,NaN,4.23,NaN
A,GE10,J,E_ITSP2X_ITT2,PC_ENT,RO,0.59,NaN,4.09,NaN,2.35,NaN
A,GE10,J,E_ITSP2X_ITT2,PC_ENT,RS,1.88,NaN,0.45,NaN,3.32,NaN
A,GE10,J,E_ITSP2X_ITT2,PC_ENT,SE,5.52,NaN,4.86,NaN,3.28,b
A,GE10,J,E_ITSP2X_ITT2,PC_ENT,SI,1.72,NaN,5.56,NaN,,NaN
A,GE10,J,E_ITSP2X_ITT2,PC_ENT,SK,3.31,NaN,3.8,NaN,4.23,NaN
A,GE10,J,E_ITSP2X_ITT2,PC_ENT,TR,5.24,NaN,3.34,NaN,5.53,NaN
A,GE10,J,E_ITSP2X_ITT2,PC_ENT,UK,2.72,NaN,,NaN,,NaN
A,GE10,J,E_ITSP2X_ITT2,PC_ENT_CUSE,AT,,NaN,,NaN,,NaN
A,GE10,J,E_ITSP2X_ITT2,PC_ENT_CUSE,BA,,NaN,,NaN,,NaN
A,GE10,J,E_ITSP2X_ITT2,PC_ENT_CUSE,BE,,NaN,,NaN,,NaN
A,GE10,J,E_ITSP2X_ITT2,PC_ENT_CUSE,BG,,NaN,,NaN,,NaN
A,GE10,J,E_ITSP2X_ITT2,PC_ENT_CUSE,CY,,NaN,,NaN,,NaN
A,GE10,J,E_ITSP2X_ITT2,PC_ENT_CUSE,CZ,,NaN,,NaN,,NaN
A,GE10,J,E_ITSP2X_ITT2,PC_ENT_CUSE,DE,,NaN,,NaN,,NaN
A,GE10,J,E_ITSP2X_ITT2,PC_ENT_CUSE,DK,,NaN,,NaN,,NaN
A,GE10,J,E_ITSP2X_ITT2,PC_ENT_CUSE,EA,,NaN,,NaN,,NaN
A,GE10,J,E_ITSP2X_ITT2,PC_ENT_CUSE,EE,,NaN,,NaN,,NaN
A,GE10,J,E_ITSP2X_ITT2,PC_ENT_CUSE,EL,,NaN,,NaN,,NaN
A,GE10,J,E_ITSP2X_ITT2,PC_ENT_CUSE,ES,,NaN,,NaN,,NaN
A,GE10,J,E_ITSP2X_ITT2,PC_ENT_CUSE,EU15,,NaN,,NaN,,NaN
A,GE10,J,E_ITSP2X_ITT2,PC_ENT_CUSE,EU27_2007,,NaN,,NaN,,NaN
A,GE10,J,E_ITSP2X_ITT2,PC_ENT_CUSE,EU27_2020,,NaN,,NaN,,NaN
A,GE10,J,E_ITSP2X_ITT2,PC_ENT_CUSE,EU28,,NaN,,NaN,,NaN
A,GE10,J,E_ITSP2X_ITT2,PC_ENT_CUSE,FI,,NaN,,NaN,,NaN
A,GE10,J,E_ITSP2X_ITT2,PC_ENT_CUSE,FR,,NaN,,NaN,,NaN
A,GE10,J,E_ITSP2X_ITT2,PC_ENT_CUSE,HR,,NaN,,NaN,,NaN
A,GE10,J,E_ITSP2X_ITT2,PC_ENT_CUSE,HU,,NaN,,NaN,,NaN
A,GE10,J,E_ITSP2X_ITT2,PC_ENT_CUSE,IE,,NaN,,NaN,,NaN
A,GE10,J,E_ITSP2X_ITT2,PC_ENT_CUSE,IT,,NaN,,NaN,,NaN
A,GE10,J,E_ITSP2X_ITT2,PC_ENT_CUSE,LT,,NaN,,NaN,,NaN
A,GE10,J,E_ITSP2X_ITT2,PC_ENT_CUSE,LU,,NaN,,NaN,,NaN
A,GE10,J,E_ITSP2X_ITT2,PC_ENT_CUSE,LV,,NaN,,NaN,,NaN
A,GE10,J,E_ITSP2X_ITT2,PC_ENT_CUSE,ME,,NaN,,NaN,,NaN
A,GE10,J,E_ITSP2X_ITT2,PC_ENT_CUSE,MK,,NaN,,NaN,,NaN
A,GE10,J,E_ITSP2X_ITT2,PC_ENT_CUSE,MT,,NaN,,NaN,,NaN
A,GE10,J,E_ITSP2X_ITT2,PC_ENT_CUSE,NL,,NaN,,NaN,,NaN
A,GE10,J,E_ITSP2X_ITT2,PC_ENT_CUSE,NO,,NaN,,NaN,,NaN
A,GE10,J,E_ITSP2X_ITT2,PC_ENT_CUSE,PL,,NaN,,NaN,,NaN
A,GE10,J,E_ITSP2X_ITT2,PC_ENT_CUSE,PT,,NaN,,NaN,,NaN
A,GE10,J,E_ITSP2X_ITT2,PC_ENT_CUSE,RO,,NaN,,NaN,,NaN
A,GE10,J,E_ITSP2X_ITT2,PC_ENT_CUSE,RS,,NaN,,NaN,,NaN
A,GE10,J,E_ITSP2X_ITT2,PC_ENT_CUSE,SE,,NaN,,NaN,,NaN
A,GE10,J,E_ITSP2X_ITT2,PC_ENT_CUSE,SI,,NaN,,NaN,,NaN
A,GE10,J,E_ITSP2X_ITT2,PC_ENT_CUSE,SK,,NaN,,NaN,,NaN
A,GE10,J,E_ITSP2X_ITT2,PC_ENT_CUSE,TR,,NaN,,NaN,,NaN
A,GE10,J,E_ITSP2X_ITT2,PC_ENT_CUSE,UK,,NaN,,NaN,,NaN
A,GE10,J,E_ITSP2_ITT2,PC_ENT,AL,,NaN,,u,,NaN
A,GE10,J,E_ITSP2_ITT2,PC_ENT,AT,75.84,NaN,,u,62.89,NaN
A,GE10,J,E_ITSP2_ITT2,PC_ENT,BA,58.14,NaN,41.48,NaN,55.74,NaN
A,GE10,J,E_ITSP2_ITT2,PC_ENT,BE,,u,68.44,NaN,68.91,NaN
A,GE10,J,E_ITSP2_ITT2,PC_ENT,BG,47.22,NaN,47.33,NaN,51.49,NaN
A,GE10,J,E_ITSP2_ITT2,PC_ENT,CY,64.27,NaN,62.91,NaN,70.77,NaN
A,GE10,J,E_ITSP2_ITT2,PC_ENT,CZ,69.78,NaN,64.31,NaN,64.12,NaN
A,GE10,J,E_ITSP2_ITT2,PC_ENT,DE,56.29,NaN,63.56,NaN,68.85,NaN
A,GE10,J,E_ITSP2_ITT2,PC_ENT,DK,67.61,NaN,70.53,NaN,68.04,NaN
A,GE10,J,E_ITSP2_ITT2,PC_ENT,EA,54.51,NaN,58.9,NaN,59.37,NaN
A,GE10,J,E_ITSP2_ITT2,PC_ENT,EE,68.58,NaN,61.76,NaN,56.05,NaN
A,GE10,J,E_ITSP2_ITT2,PC_ENT,EL,,u,43.24,NaN,40.49,NaN
A,GE10,J,E_ITSP2_ITT2,PC_ENT,ES,40.36,NaN,55.65,NaN,47.68,NaN
A,GE10,J,E_ITSP2_ITT2,PC_ENT,EU15,,NaN,,NaN,,NaN
A,GE10,J,E_ITSP2_ITT2,PC_ENT,EU27_2007,,NaN,,NaN,,NaN
A,GE10,J,E_ITSP2_ITT2,PC_ENT,EU27_2020,54.53,NaN,58.83,NaN,59.79,NaN
A,GE10,J,E_ITSP2_ITT2,PC_ENT,EU28,,NaN,,NaN,,NaN
A,GE10,J,E_ITSP2_ITT2,PC_ENT,FI,70.15,NaN,72.87,NaN,73.89,NaN
A,GE10,J,E_ITSP2_ITT2,PC_ENT,FR,48.69,NaN,55.79,b,49.0,NaN
A,GE10,J,E_ITSP2_ITT2,PC_ENT,HR,68.29,NaN,65.43,NaN,69.7,NaN
A,GE10,J,E_ITSP2_ITT2,PC_ENT,HU,52.34,NaN,53.38,NaN,53.16,NaN
A,GE10,J,E_ITSP2_ITT2,PC_ENT,IE,61.9,NaN,49.95,NaN,47.56,NaN
A,GE10,J,E_ITSP2_ITT2,PC_ENT,IT,51.94,NaN,46.73,NaN,48.71,NaN
A,GE10,J,E_ITSP2_ITT2,PC_ENT,LT,51.77,NaN,62.33,NaN,58.53,NaN
A,GE10,J,E_ITSP2_ITT2,PC_ENT,LU,68.28,NaN,62.5,NaN,64.39,NaN
A,GE10,J,E_ITSP2_ITT2,PC_ENT,LV,48.04,NaN,44.77,NaN,53.72,NaN
A,GE10,J,E_ITSP2_ITT2,PC_ENT,ME,,u,42.52,NaN,36.23,NaN
A,GE10,J,E_ITSP2_ITT2,PC_ENT,MK,47.75,NaN,47.23,NaN,,NaN
A,GE10,J,E_ITSP2_ITT2,PC_ENT,MT,64.36,NaN,64.47,NaN,76.91,NaN
A,GE10,J,E_ITSP2_ITT2,PC_ENT,NL,59.66,NaN,69.12,NaN,66.87,NaN
A,GE10,J,E_ITSP2_ITT2,PC_ENT,NO,59.22,NaN,64.59,NaN,61.81,NaN
A,GE10,J,E_ITSP2_ITT2,PC_ENT,PL,57.92,NaN,66.79,NaN,72.44,NaN
A,GE10,J,E_ITSP2_ITT2,PC_ENT,PT,,u,64.92,NaN,72.77,NaN
A,GE10,J,E_ITSP2_ITT2,PC_ENT,RO,30.79,NaN,39.16,NaN,44.31,NaN
A,GE10,J,E_ITSP2_ITT2,PC_ENT,RS,53.11,NaN,58.09,NaN,70.64,NaN
A,GE10,J,E_ITSP2_ITT2,PC_ENT,SE,53.98,NaN,59.15,NaN,64.89,b
A,GE10,J,E_ITSP2_ITT2,PC_ENT,SI,77.64,NaN,74.52,NaN,84.46,NaN
A,GE10,J,E_ITSP2_ITT2,PC_ENT,SK,55.06,NaN,49.74,NaN,58.56,NaN
A,GE10,J,E_ITSP2_ITT2,PC_ENT,TR,40.2,NaN,51.97,NaN,44.49,NaN
A,GE10,J,E_ITSP2_ITT2,PC_ENT,UK,54.22,NaN,,NaN,,NaN
A,GE10,J,E_ITSP2_ITT2,PC_ENT_CUSE,AT,,NaN,,NaN,,NaN
A,GE10,J,E_ITSP2_ITT2,PC_ENT_CUSE,BA,,NaN,,NaN,,NaN
A,GE10,J,E_ITSP2_ITT2,PC_ENT_CUSE,BE,,NaN,,NaN,,NaN
A,GE10,J,E_ITSP2_ITT2,PC_ENT_CUSE,BG,,NaN,,NaN,,NaN
A,GE10,J,E_ITSP2_ITT2,PC_ENT_CUSE,CY,,NaN,,NaN,,NaN
A,GE10,J,E_ITSP2_ITT2,PC_ENT_CUSE,CZ,,NaN,,NaN,,NaN
A,GE10,J,E_ITSP2_ITT2,PC_ENT_CUSE,DE,,NaN,,NaN,,NaN
A,GE10,J,E_ITSP2_ITT2,PC_ENT_CUSE,DK,,NaN,,NaN,,NaN
A,GE10,J,E_ITSP2_ITT2,PC_ENT_CUSE,EA,,NaN,,NaN,,NaN
A,GE10,J,E_ITSP2_ITT2,PC_ENT_CUSE,EE,,NaN,,NaN,,NaN
A,GE10,J,E_ITSP2_ITT2,PC_ENT_CUSE,EL,,NaN,,NaN,,NaN
A,GE10,J,E_ITSP2_ITT2,PC_ENT_CUSE,ES,,NaN,,NaN,,NaN
A,GE10,J,E_ITSP2_ITT2,PC_ENT_CUSE,EU15,,NaN,,NaN,,NaN
A,GE10,J,E_ITSP2_ITT2,PC_ENT_CUSE,EU27_2007,,NaN,,NaN,,NaN
A,GE10,J,E_ITSP2_ITT2,PC_ENT_CUSE,EU27_2020,,NaN,,NaN,,NaN
A,GE10,J,E_ITSP2_ITT2,PC_ENT_CUSE,EU28,,NaN,,NaN,,NaN
A,GE10,J,E_ITSP2_ITT2,PC_ENT_CUSE,FI,,NaN,,NaN,,NaN
A,GE10,J,E_ITSP2_ITT2,PC_ENT_CUSE,FR,,NaN,,NaN,,NaN
A,GE10,J,E_ITSP2_ITT2,PC_ENT_CUSE,HR,,NaN,,NaN,,NaN
A,GE10,J,E_ITSP2_ITT2,PC_ENT_CUSE,HU,,NaN,,NaN,,NaN
A,GE10,J,E_ITSP2_ITT2,PC_ENT_CUSE,IE,,NaN,,NaN,,NaN
A,GE10,J,E_ITSP2_ITT2,PC_ENT_CUSE,IT,,NaN,,NaN,,NaN
A,GE10,J,E_ITSP2_ITT2,PC_ENT_CUSE,LT,,NaN,,NaN,,NaN
A,GE10,J,E_ITSP2_ITT2,PC_ENT_CUSE,LU,,NaN,,NaN,,NaN
A,GE10,J,E_ITSP2_ITT2,PC_ENT_CUSE,LV,,NaN,,NaN,,NaN
A,GE10,J,E_ITSP2_ITT2,PC_ENT_CUSE,ME,,NaN,,NaN,,NaN
A,GE10,J,E_ITSP2_ITT2,PC_ENT_CUSE,MK,,NaN,,NaN,,NaN
A,GE10,J,E_ITSP2_ITT2,PC_ENT_CUSE,MT,,NaN,,NaN,,NaN
A,GE10,J,E_ITSP2_ITT2,PC_ENT_CUSE,NL,,NaN,,NaN,,NaN
A,GE10,J,E_ITSP2_ITT2,PC_ENT_CUSE,NO,,NaN,,NaN,,NaN
A,GE10,J,E_ITSP2_ITT2,PC_ENT_CUSE,PL,,NaN,,NaN,,NaN
A,GE10,J,E_ITSP2_ITT2,PC_ENT_CUSE,PT,,NaN,,NaN,,NaN
A,GE10,J,E_ITSP2_ITT2,PC_ENT_CUSE,RO,,NaN,,NaN,,NaN
A,GE10,J,E_ITSP2_ITT2,PC_ENT_CUSE,RS,,NaN,,NaN,,NaN
A,GE10,J,E_ITSP2_ITT2,PC_ENT_CUSE,SE,,NaN,,NaN,,NaN
A,GE10,J,E_ITSP2_ITT2,PC_ENT_CUSE,SI,,NaN,,NaN,,NaN
A,GE10,J,E_ITSP2_ITT2,PC_ENT_CUSE,SK,,NaN,,NaN,,NaN
A,GE10,J,E_ITSP2_ITT2,PC_ENT_CUSE,TR,,NaN,,NaN,,NaN
A,GE10,J,E_ITSP2_ITT2,PC_ENT_CUSE,UK,,NaN,,NaN,,NaN
A,GE10,J,E_ITSPT2,PC_ENT,AL,,NaN,,u,,NaN
A,GE10,J,E_ITSPT2,PC_ENT,AT,73.32,NaN,,u,60.91,NaN
A,GE10,J,E_ITSPT2,PC_ENT,BA,49.82,NaN,34.26,NaN,53.96,NaN
A,GE10,J,E_ITSPT2,PC_ENT,BE,,u,65.53,NaN,65.9,NaN
A,GE10,J,E_ITSPT2,PC_ENT,BG,45.99,NaN,46.09,NaN,50.24,NaN
A,GE10,J,E_ITSPT2,PC_ENT,CY,56.98,NaN,54.79,NaN,63.69,NaN
A,GE10,J,E_ITSPT2,PC_ENT,CZ,68.46,NaN,62.27,NaN,60.08,NaN
A,GE10,J,E_ITSPT2,PC_ENT,DE,52.98,NaN,58.68,NaN,66.34,NaN
A,GE10,J,E_ITSPT2,PC_ENT,DK,63.14,NaN,67.82,NaN,64.39,NaN
A,GE10,J,E_ITSPT2,PC_ENT,EA,51.2,NaN,54.94,NaN,55.99,NaN
A,GE10,J,E_ITSPT2,PC_ENT,EE,66.85,NaN,59.04,NaN,52.27,NaN
A,GE10,J,E_ITSPT2,PC_ENT,EL,,u,43.99,NaN,39.78,NaN
A,GE10,J,E_ITSPT2,PC_ENT,ES,38.59,NaN,50.62,NaN,43.42,NaN
A,GE10,J,E_ITSPT2,PC_ENT,EU15,,NaN,,NaN,,NaN
A,GE10,J,E_ITSPT2,PC_ENT,EU27_2007,,NaN,,NaN,,NaN
A,GE10,J,E_ITSPT2,PC_ENT,EU27_2020,51.18,NaN,54.71,NaN,56.27,NaN
A,GE10,J,E_ITSPT2,PC_ENT,EU28,,NaN,,NaN,,NaN
A,GE10,J,E_ITSPT2,PC_ENT,FI,66.51,NaN,69.14,NaN,71.63,NaN
A,GE10,J,E_ITSPT2,PC_ENT,FR,42.46,NaN,48.17,b,43.93,NaN
A,GE10,J,E_ITSPT2,PC_ENT,HR,66.0,NaN,64.35,NaN,66.82,NaN
A,GE10,J,E_ITSPT2,PC_ENT,HU,49.96,NaN,50.05,NaN,48.64,NaN
A,GE10,J,E_ITSPT2,PC_ENT,IE,56.2,NaN,44.0,NaN,42.43,NaN
A,GE10,J,E_ITSPT2,PC_ENT,IS,,NaN,,NaN,,NaN
A,GE10,J,E_ITSPT2,PC_ENT,IT,50.01,NaN,46.51,NaN,44.92,NaN
A,GE10,J,E_ITSPT2,PC_ENT,LT,49.06,NaN,60.04,NaN,57.17,NaN
A,GE10,J,E_ITSPT2,PC_ENT,LU,66.53,NaN,59.97,NaN,61.9,NaN
A,GE10,J,E_ITSPT2,PC_ENT,LV,41.85,NaN,41.75,NaN,47.32,NaN
A,GE10,J,E_ITSPT2,PC_ENT,ME,36.3,NaN,41.0,NaN,29.5,NaN
A,GE10,J,E_ITSPT2,PC_ENT,MK,44.32,NaN,43.31,NaN,,NaN
A,GE10,J,E_ITSPT2,PC_ENT,MT,56.9,NaN,60.12,NaN,68.66,NaN
A,GE10,J,E_ITSPT2,PC_ENT,NL,57.6,NaN,68.31,NaN,65.2,NaN
A,GE10,J,E_ITSPT2,PC_ENT,NO,61.53,NaN,60.82,NaN,59.59,NaN
A,GE10,J,E_ITSPT2,PC_ENT,PL,51.89,NaN,56.4,NaN,70.2,NaN
A,GE10,J,E_ITSPT2,PC_ENT,PT,,u,62.57,NaN,67.86,NaN
A,GE10,J,E_ITSPT2,PC_ENT,RO,32.78,NaN,38.64,NaN,42.94,NaN
A,GE10,J,E_ITSPT2,PC_ENT,RS,48.52,NaN,56.26,NaN,59.68,NaN
A,GE10,J,E_ITSPT2,PC_ENT,SE,46.24,NaN,52.58,NaN,54.39,b
A,GE10,J,E_ITSPT2,PC_ENT,SI,70.77,NaN,72.18,NaN,77.1,NaN
A,GE10,J,E_ITSPT2,PC_ENT,SK,52.02,NaN,42.46,NaN,55.3,NaN
A,GE10,J,E_ITSPT2,PC_ENT,TR,35.73,NaN,41.4,NaN,36.29,NaN
A,GE10,J,E_ITSPT2,PC_ENT,UK,48.71,NaN,,NaN,,NaN
A,GE10,J,E_ITSPT2,PC_ENT_CUSE,AT,,NaN,,NaN,,NaN
A,GE10,J,E_ITSPT2,PC_ENT_CUSE,BA,,NaN,,NaN,,NaN
A,GE10,J,E_ITSPT2,PC_ENT_CUSE,BE,,NaN,,NaN,,NaN
A,GE10,J,E_ITSPT2,PC_ENT_CUSE,BG,,NaN,,NaN,,NaN
A,GE10,J,E_ITSPT2,PC_ENT_CUSE,CY,,NaN,,NaN,,NaN
A,GE10,J,E_ITSPT2,PC_ENT_CUSE,CZ,,NaN,,NaN,,NaN
A,GE10,J,E_ITSPT2,PC_ENT_CUSE,DE,,NaN,,NaN,,NaN
A,GE10,J,E_ITSPT2,PC_ENT_CUSE,DK,,NaN,,NaN,,NaN
A,GE10,J,E_ITSPT2,PC_ENT_CUSE,EA,,NaN,,NaN,,NaN
A,GE10,J,E_ITSPT2,PC_ENT_CUSE,EE,,NaN,,NaN,,NaN
A,GE10,J,E_ITSPT2,PC_ENT_CUSE,EL,,NaN,,NaN,,NaN
A,GE10,J,E_ITSPT2,PC_ENT_CUSE,ES,,NaN,,NaN,,NaN
A,GE10,J,E_ITSPT2,PC_ENT_CUSE,EU15,,NaN,,NaN,,NaN
A,GE10,J,E_ITSPT2,PC_ENT_CUSE,EU27_2007,,NaN,,NaN,,NaN
A,GE10,J,E_ITSPT2,PC_ENT_CUSE,EU27_2020,,NaN,,NaN,,NaN
A,GE10,J,E_ITSPT2,PC_ENT_CUSE,EU28,,NaN,,NaN,,NaN
A,GE10,J,E_ITSPT2,PC_ENT_CUSE,FI,,NaN,,NaN,,NaN
A,GE10,J,E_ITSPT2,PC_ENT_CUSE,FR,,NaN,,NaN,,NaN
A,GE10,J,E_ITSPT2,PC_ENT_CUSE,HR,,NaN,,NaN,,NaN
A,GE10,J,E_ITSPT2,PC_ENT_CUSE,HU,,NaN,,NaN,,NaN
A,GE10,J,E_ITSPT2,PC_ENT_CUSE,IE,,NaN,,NaN,,NaN
A,GE10,J,E_ITSPT2,PC_ENT_CUSE,IS,,NaN,,NaN,,NaN
A,GE10,J,E_ITSPT2,PC_ENT_CUSE,IT,,NaN,,NaN,,NaN
A,GE10,J,E_ITSPT2,PC_ENT_CUSE,LT,,NaN,,NaN,,NaN
A,GE10,J,E_ITSPT2,PC_ENT_CUSE,LU,,NaN,,NaN,,NaN
A,GE10,J,E_ITSPT2,PC_ENT_CUSE,LV,,NaN,,NaN,,NaN
A,GE10,J,E_ITSPT2,PC_ENT_CUSE,ME,,NaN,,NaN,,NaN
A,GE10,J,E_ITSPT2,PC_ENT_CUSE,MK,,NaN,,NaN,,NaN
A,GE10,J,E_ITSPT2,PC_ENT_CUSE,MT,,NaN,,NaN,,NaN
A,GE10,J,E_ITSPT2,PC_ENT_CUSE,NL,,NaN,,NaN,,NaN
A,GE10,J,E_ITSPT2,PC_ENT_CUSE,NO,,NaN,,NaN,,NaN
A,GE10,J,E_ITSPT2,PC_ENT_CUSE,PL,,NaN,,NaN,,NaN
A,GE10,J,E_ITSPT2,PC_ENT_CUSE,PT,,NaN,,NaN,,NaN
A,GE10,J,E_ITSPT2,PC_ENT_CUSE,RO,,NaN,,NaN,,NaN
A,GE10,J,E_ITSPT2,PC_ENT_CUSE,RS,,NaN,,NaN,,NaN
A,GE10,J,E_ITSPT2,PC_ENT_CUSE,SE,,NaN,,NaN,,NaN
A,GE10,J,E_ITSPT2,PC_ENT_CUSE,SI,,NaN,,NaN,,NaN
A,GE10,J,E_ITSPT2,PC_ENT_CUSE,SK,,NaN,,NaN,,NaN
A,GE10,J,E_ITSPT2,PC_ENT_CUSE,TR,,NaN,,NaN,,NaN
A,GE10,J,E_ITSPT2,PC_ENT_CUSE,UK,,NaN,,NaN,,NaN
A,GE10,J,E_ITT2,PC_ENT,AL,,NaN,,u,,NaN
A,GE10,J,E_ITT2,PC_ENT,AT,76.0,NaN,,u,65.84,NaN
A,GE10,J,E_ITT2,PC_ENT,BA,61.66,NaN,55.58,NaN,58.42,NaN
A,GE10,J,E_ITT2,PC_ENT,BE,,u,70.92,NaN,75.84,NaN
A,GE10,J,E_ITT2,PC_ENT,BG,48.45,NaN,50.56,NaN,53.21,NaN
A,GE10,J,E_ITT2,PC_ENT,CY,73.62,NaN,68.18,NaN,75.25,NaN
A,GE10,J,E_ITT2,PC_ENT,CZ,74.0,NaN,67.85,NaN,70.25,NaN
A,GE10,J,E_ITT2,PC_ENT,DE,61.44,NaN,67.57,NaN,72.48,NaN
A,GE10,J,E_ITT2,PC_ENT,DK,70.22,NaN,71.87,NaN,71.16,NaN
A,GE10,J,E_ITT2,PC_ENT,EA,58.51,NaN,63.07,NaN,63.34,NaN
A,GE10,J,E_ITT2,PC_ENT,EE,69.98,NaN,63.15,NaN,59.29,NaN
A,GE10,J,E_ITT2,PC_ENT,EL,,u,47.27,NaN,41.77,NaN
A,GE10,J,E_ITT2,PC_ENT,ES,46.39,NaN,61.86,NaN,55.43,NaN
A,GE10,J,E_ITT2,PC_ENT,EU15,,NaN,,NaN,,NaN
A,GE10,J,E_ITT2,PC_ENT,EU27_2007,,NaN,,NaN,,NaN
A,GE10,J,E_ITT2,PC_ENT,EU27_2020,58.38,NaN,62.88,NaN,63.63,NaN
A,GE10,J,E_ITT2,PC_ENT,EU28,,NaN,,NaN,,NaN
A,GE10,J,E_ITT2,PC_ENT,FI,75.13,NaN,77.58,NaN,78.54,NaN
A,GE10,J,E_ITT2,PC_ENT,FR,50.75,NaN,57.69,b,51.84,NaN
A,GE10,J,E_ITT2,PC_ENT,HR,69.7,NaN,66.86,NaN,73.48,NaN
A,GE10,J,E_ITT2,PC_ENT,HU,53.47,NaN,54.2,NaN,55.12,NaN
A,GE10,J,E_ITT2,PC_ENT,IE,65.26,NaN,57.15,NaN,52.27,NaN
A,GE10,J,E_ITT2,PC_ENT,IS,,NaN,,NaN,,NaN
A,GE10,J,E_ITT2,PC_ENT,IT,56.29,NaN,52.51,NaN,52.32,NaN
A,GE10,J,E_ITT2,PC_ENT,LT,53.44,NaN,63.1,NaN,60.58,NaN
A,GE10,J,E_ITT2,PC_ENT,LU,70.91,NaN,69.59,NaN,69.93,NaN
A,GE10,J,E_ITT2,PC_ENT,LV,51.08,NaN,49.51,NaN,56.04,NaN
A,GE10,J,E_ITT2,PC_ENT,ME,,u,49.22,NaN,46.81,NaN
A,GE10,J,E_ITT2,PC_ENT,MK,50.05,NaN,48.93,NaN,,NaN
A,GE10,J,E_ITT2,PC_ENT,MT,68.6,NaN,68.68,NaN,78.7,NaN
A,GE10,J,E_ITT2,PC_ENT,NL,62.67,NaN,73.52,NaN,70.24,NaN
A,GE10,J,E_ITT2,PC_ENT,NO,71.97,NaN,73.67,NaN,71.04,NaN
A,GE10,J,E_ITT2,PC_ENT,PL,61.3,NaN,71.25,NaN,76.22,NaN
A,GE10,J,E_ITT2,PC_ENT,PT,,u,68.37,NaN,77.0,NaN
A,GE10,J,E_ITT2,PC_ENT,RO,34.4,NaN,44.16,NaN,46.66,NaN
A,GE10,J,E_ITT2,PC_ENT,RS,54.98,NaN,58.54,NaN,73.96,NaN
A,GE10,J,E_ITT2,PC_ENT,SE,59.5,NaN,64.02,NaN,68.17,b
A,GE10,J,E_ITT2,PC_ENT,SI,79.36,NaN,80.09,NaN,84.7,NaN
A,GE10,J,E_ITT2,PC_ENT,SK,58.38,NaN,53.54,NaN,62.79,NaN
A,GE10,J,E_ITT2,PC_ENT,TR,45.45,NaN,55.31,NaN,50.02,NaN
A,GE10,J,E_ITT2,PC_ENT,UK,56.95,NaN,,NaN,,NaN
A,GE10,J,E_ITT2,PC_ENT_CUSE,AT,,NaN,,NaN,,NaN
A,GE10,J,E_ITT2,PC_ENT_CUSE,BA,,NaN,,NaN,,NaN
A,GE10,J,E_ITT2,PC_ENT_CUSE,BE,,NaN,,NaN,,NaN
A,GE10,J,E_ITT2,PC_ENT_CUSE,BG,,NaN,,NaN,,NaN
A,GE10,J,E_ITT2,PC_ENT_CUSE,CY,,NaN,,NaN,,NaN
A,GE10,J,E_ITT2,PC_ENT_CUSE,CZ,,NaN,,NaN,,NaN
A,GE10,J,E_ITT2,PC_ENT_CUSE,DE,,NaN,,NaN,,NaN
A,GE10,J,E_ITT2,PC_ENT_CUSE,DK,,NaN,,NaN,,NaN
A,GE10,J,E_ITT2,PC_ENT_CUSE,EA,,NaN,,NaN,,NaN
A,GE10,J,E_ITT2,PC_ENT_CUSE,EE,,NaN,,NaN,,NaN
A,GE10,J,E_ITT2,PC_ENT_CUSE,EL,,NaN,,NaN,,NaN
A,GE10,J,E_ITT2,PC_ENT_CUSE,ES,,NaN,,NaN,,NaN
A,GE10,J,E_ITT2,PC_ENT_CUSE,EU15,,NaN,,NaN,,NaN
A,GE10,J,E_ITT2,PC_ENT_CUSE,EU27_2007,,NaN,,NaN,,NaN
A,GE10,J,E_ITT2,PC_ENT_CUSE,EU27_2020,,NaN,,NaN,,NaN
A,GE10,J,E_ITT2,PC_ENT_CUSE,EU28,,NaN,,NaN,,NaN
A,GE10,J,E_ITT2,PC_ENT_CUSE,FI,,NaN,,NaN,,NaN
A,GE10,J,E_ITT2,PC_ENT_CUSE,FR,,NaN,,NaN,,NaN
A,GE10,J,E_ITT2,PC_ENT_CUSE,HR,,NaN,,NaN,,NaN
A,GE10,J,E_ITT2,PC_ENT_CUSE,HU,,NaN,,NaN,,NaN
A,GE10,J,E_ITT2,PC_ENT_CUSE,IE,,NaN,,NaN,,NaN
A,GE10,J,E_ITT2,PC_ENT_CUSE,IS,,NaN,,NaN,,NaN
A,GE10,J,E_ITT2,PC_ENT_CUSE,IT,,NaN,,NaN,,NaN
A,GE10,J,E_ITT2,PC_ENT_CUSE,LT,,NaN,,NaN,,NaN
A,GE10,J,E_ITT2,PC_ENT_CUSE,LU,,NaN,,NaN,,NaN
A,GE10,J,E_ITT2,PC_ENT_CUSE,LV,,NaN,,NaN,,NaN
A,GE10,J,E_ITT2,PC_ENT_CUSE,ME,,NaN,,NaN,,NaN
A,GE10,J,E_ITT2,PC_ENT_CUSE,MK,,NaN,,NaN,,NaN
A,GE10,J,E_ITT2,PC_ENT_CUSE,MT,,NaN,,NaN,,NaN
A,GE10,J,E_ITT2,PC_ENT_CUSE,NL,,NaN,,NaN,,NaN
A,GE10,J,E_ITT2,PC_ENT_CUSE,NO,,NaN,,NaN,,NaN
A,GE10,J,E_ITT2,PC_ENT_CUSE,PL,,NaN,,NaN,,NaN
A,GE10,J,E_ITT2,PC_ENT_CUSE,PT,,NaN,,NaN,,NaN
A,GE10,J,E_ITT2,PC_ENT_CUSE,RO,,NaN,,NaN,,NaN
A,GE10,J,E_ITT2,PC_ENT_CUSE,RS,,NaN,,NaN,,NaN
A,GE10,J,E_ITT2,PC_ENT_CUSE,SE,,NaN,,NaN,,NaN
A,GE10,J,E_ITT2,PC_ENT_CUSE,SI,,NaN,,NaN,,NaN
A,GE10,J,E_ITT2,PC_ENT_CUSE,SK,,NaN,,NaN,,NaN
A,GE10,J,E_ITT2,PC_ENT_CUSE,TR,,NaN,,NaN,,NaN
A,GE10,J,E_ITT2,PC_ENT_CUSE,UK,,NaN,,NaN,,NaN
A,GE10,J,E_ITUST2,PC_ENT,AL,,NaN,,u,,NaN
A,GE10,J,E_ITUST2,PC_ENT,AT,,u,,u,49.15,NaN
A,GE10,J,E_ITUST2,PC_ENT,BA,43.42,NaN,49.05,NaN,44.88,NaN
A,GE10,J,E_ITUST2,PC_ENT,BE,,u,61.55,NaN,64.07,NaN
A,GE10,J,E_ITUST2,PC_ENT,BG,24.89,NaN,26.8,NaN,28.58,NaN
A,GE10,J,E_ITUST2,PC_ENT,CY,60.54,NaN,61.66,NaN,64.7,NaN
A,GE10,J,E_ITUST2,PC_ENT,CZ,74.0,NaN,62.5,NaN,60.63,NaN
A,GE10,J,E_ITUST2,PC_ENT,DE,50.26,NaN,58.38,NaN,59.12,NaN
A,GE10,J,E_ITUST2,PC_ENT,DK,54.09,NaN,60.27,NaN,62.68,NaN
A,GE10,J,E_ITUST2,PC_ENT,EA,43.02,NaN,51.21,NaN,49.63,NaN
A,GE10,J,E_ITUST2,PC_ENT,EE,49.95,NaN,49.19,NaN,46.31,NaN
A,GE10,J,E_ITUST2,PC_ENT,EL,,u,34.22,NaN,35.96,NaN
A,GE10,J,E_ITUST2,PC_ENT,ES,32.36,NaN,47.83,NaN,44.75,NaN
A,GE10,J,E_ITUST2,PC_ENT,EU15,,NaN,,NaN,,NaN
A,GE10,J,E_ITUST2,PC_ENT,EU27_2007,,NaN,,NaN,,NaN
A,GE10,J,E_ITUST2,PC_ENT,EU27_2020,43.09,NaN,51.12,NaN,50.04,NaN
A,GE10,J,E_ITUST2,PC_ENT,EU28,,NaN,,NaN,,NaN
A,GE10,J,E_ITUST2,PC_ENT,FI,63.49,NaN,70.66,NaN,67.28,NaN
A,GE10,J,E_ITUST2,PC_ENT,FR,36.84,NaN,46.6,b,34.53,NaN
A,GE10,J,E_ITUST2,PC_ENT,HR,45.72,NaN,53.56,NaN,58.17,NaN
A,GE10,J,E_ITUST2,PC_ENT,HU,31.13,NaN,36.38,NaN,39.87,NaN
A,GE10,J,E_ITUST2,PC_ENT,IE,53.22,NaN,39.42,NaN,33.93,NaN
A,GE10,J,E_ITUST2,PC_ENT,IS,,NaN,,NaN,,NaN
A,GE10,J,E_ITUST2,PC_ENT,IT,32.18,NaN,36.47,NaN,38.51,NaN
A,GE10,J,E_ITUST2,PC_ENT,LT,39.04,NaN,43.79,NaN,42.49,NaN
A,GE10,J,E_ITUST2,PC_ENT,LU,53.48,NaN,58.05,NaN,58.02,NaN
A,GE10,J,E_ITUST2,PC_ENT,LV,39.71,NaN,41.46,NaN,46.02,NaN
A,GE10,J,E_ITUST2,PC_ENT,ME,,u,36.29,NaN,46.12,NaN
A,GE10,J,E_ITUST2,PC_ENT,MK,38.07,NaN,38.32,NaN,,NaN
A,GE10,J,E_ITUST2,PC_ENT,MT,58.99,NaN,53.3,NaN,69.56,NaN
A,GE10,J,E_ITUST2,PC_ENT,NL,44.12,NaN,62.5,NaN,56.2,NaN
A,GE10,J,E_ITUST2,PC_ENT,NO,63.86,NaN,66.43,NaN,67.74,NaN
A,GE10,J,E_ITUST2,PC_ENT,PL,47.1,NaN,63.02,NaN,58.45,NaN
A,GE10,J,E_ITUST2,PC_ENT,PT,,u,53.77,NaN,66.36,NaN
A,GE10,J,E_ITUST2,PC_ENT,RO,20.28,NaN,30.66,NaN,38.52,NaN
A,GE10,J,E_ITUST2,PC_ENT,RS,48.92,NaN,44.96,NaN,59.02,NaN
A,GE10,J,E_ITUST2,PC_ENT,SE,46.78,NaN,56.07,NaN,60.34,b
A,GE10,J,E_ITUST2,PC_ENT,SI,63.07,NaN,63.57,NaN,64.6,NaN
A,GE10,J,E_ITUST2,PC_ENT,SK,41.87,NaN,37.36,NaN,46.92,NaN
A,GE10,J,E_ITUST2,PC_ENT,TR,33.76,NaN,45.25,NaN,43.86,NaN
A,GE10,J,E_ITUST2,PC_ENT,UK,40.29,NaN,,NaN,,NaN
A,GE10,J,E_ITUST2,PC_ENT_CUSE,AT,,NaN,,NaN,,NaN
A,GE10,J,E_ITUST2,PC_ENT_CUSE,BA,,NaN,,NaN,,NaN
A,GE10,J,E_ITUST2,PC_ENT_CUSE,BE,,NaN,,NaN,,NaN
A,GE10,J,E_ITUST2,PC_ENT_CUSE,BG,,NaN,,NaN,,NaN
A,GE10,J,E_ITUST2,PC_ENT_CUSE,CY,,NaN,,NaN,,NaN
A,GE10,J,E_ITUST2,PC_ENT_CUSE,CZ,,NaN,,NaN,,NaN
A,GE10,J,E_ITUST2,PC_ENT_CUSE,DE,,NaN,,NaN,,NaN
A,GE10,J,E_ITUST2,PC_ENT_CUSE,DK,,NaN,,NaN,,NaN
A,GE10,J,E_ITUST2,PC_ENT_CUSE,EA,,NaN,,NaN,,NaN
A,GE10,J,E_ITUST2,PC_ENT_CUSE,EE,,NaN,,NaN,,NaN
A,GE10,J,E_ITUST2,PC_ENT_CUSE,EL,,NaN,,NaN,,NaN
A,GE10,J,E_ITUST2,PC_ENT_CUSE,ES,,NaN,,NaN,,NaN
A,GE10,J,E_ITUST2,PC_ENT_CUSE,EU15,,NaN,,NaN,,NaN
A,GE10,J,E_ITUST2,PC_ENT_CUSE,EU27_2007,,NaN,,NaN,,NaN
A,GE10,J,E_ITUST2,PC_ENT_CUSE,EU27_2020,,NaN,,NaN,,NaN
A,GE10,J,E_ITUST2,PC_ENT_CUSE,EU28,,NaN,,NaN,,NaN
A,GE10,J,E_ITUST2,PC_ENT_CUSE,FI,,NaN,,NaN,,NaN
A,GE10,J,E_ITUST2,PC_ENT_CUSE,FR,,NaN,,NaN,,NaN
A,GE10,J,E_ITUST2,PC_ENT_CUSE,HR,,NaN,,NaN,,NaN
A,GE10,J,E_ITUST2,PC_ENT_CUSE,HU,,NaN,,NaN,,NaN
A,GE10,J,E_ITUST2,PC_ENT_CUSE,IE,,NaN,,NaN,,NaN
A,GE10,J,E_ITUST2,PC_ENT_CUSE,IS,,NaN,,NaN,,NaN
A,GE10,J,E_ITUST2,PC_ENT_CUSE,IT,,NaN,,NaN,,NaN
A,GE10,J,E_ITUST2,PC_ENT_CUSE,LT,,NaN,,NaN,,NaN
A,GE10,J,E_ITUST2,PC_ENT_CUSE,LU,,NaN,,NaN,,NaN
A,GE10,J,E_ITUST2,PC_ENT_CUSE,LV,,NaN,,NaN,,NaN
A,GE10,J,E_ITUST2,PC_ENT_CUSE,ME,,NaN,,NaN,,NaN
A,GE10,J,E_ITUST2,PC_ENT_CUSE,MK,,NaN,,NaN,,NaN
A,GE10,J,E_ITUST2,PC_ENT_CUSE,MT,,NaN,,NaN,,NaN
A,GE10,J,E_ITUST2,PC_ENT_CUSE,NL,,NaN,,NaN,,NaN
A,GE10,J,E_ITUST2,PC_ENT_CUSE,NO,,NaN,,NaN,,NaN
A,GE10,J,E_ITUST2,PC_ENT_CUSE,PL,,NaN,,NaN,,NaN
A,GE10,J,E_ITUST2,PC_ENT_CUSE,PT,,NaN,,NaN,,NaN
A,GE10,J,E_ITUST2,PC_ENT_CUSE,RO,,NaN,,NaN,,NaN
A,GE10,J,E_ITUST2,PC_ENT_CUSE,RS,,NaN,,NaN,,NaN
A,GE10,J,E_ITUST2,PC_ENT_CUSE,SE,,NaN,,NaN,,NaN
A,GE10,J,E_ITUST2,PC_ENT_CUSE,SI,,NaN,,NaN,,NaN
A,GE10,J,E_ITUST2,PC_ENT_CUSE,SK,,NaN,,NaN,,NaN
A,GE10,J,E_ITUST2,PC_ENT_CUSE,TR,,NaN,,NaN,,NaN
A,GE10,J,E_ITUST2,PC_ENT_CUSE,UK,,NaN,,NaN,,NaN
A,GE10,J58-J60,E_ITSP2X_ITT2,PC_ENT,AT,0.0,NaN,,u,4.65,NaN
A,GE10,J58-J60,E_ITSP2X_ITT2,PC_ENT,BA,,u,,u,,NaN
A,GE10,J58-J60,E_ITSP2X_ITT2,PC_ENT,BE,7.44,NaN,7.5,NaN,,u
A,GE10,J58-J60,E_ITSP2X_ITT2,PC_ENT,BG,,u,0.0,NaN,0.0,NaN
A,GE10,J58-J60,E_ITSP2X_ITT2,PC_ENT,CY,15.16,NaN,1.73,NaN,13.07,NaN
A,GE10,J58-J60,E_ITSP2X_ITT2,PC_ENT,CZ,7.27,NaN,4.67,NaN,10.33,NaN
A,GE10,J58-J60,E_ITSP2X_ITT2,PC_ENT,DE,11.89,NaN,7.89,NaN,11.8,NaN
A,GE10,J58-J60,E_ITSP2X_ITT2,PC_ENT,DK,6.47,NaN,2.73,NaN,5.75,NaN
A,GE10,J58-J60,E_ITSP2X_ITT2,PC_ENT,EA,7.26,NaN,7.77,NaN,7.25,NaN
A,GE10,J58-J60,E_ITSP2X_ITT2,PC_ENT,EE,5.96,NaN,8.85,NaN,11.07,NaN
A,GE10,J58-J60,E_ITSP2X_ITT2,PC_ENT,EL,,u,5.18,NaN,1.96,NaN
A,GE10,J58-J60,E_ITSP2X_ITT2,PC_ENT,ES,,u,,u,,u
A,GE10,J58-J60,E_ITSP2X_ITT2,PC_ENT,EU15,,NaN,,NaN,,NaN
A,GE10,J58-J60,E_ITSP2X_ITT2,PC_ENT,EU27_2007,,NaN,,NaN,,NaN
A,GE10,J58-J60,E_ITSP2X_ITT2,PC_ENT,EU27_2020,6.74,NaN,7.69,NaN,7.18,NaN
A,GE10,J58-J60,E_ITSP2X_ITT2,PC_ENT,EU28,,NaN,,NaN,,NaN
A,GE10,J58-J60,E_ITSP2X_ITT2,PC_ENT,FI,,u,,u,,u
A,GE10,J58-J60,E_ITSP2X_ITT2,PC_ENT,FR,3.89,NaN,3.47,b,2.08,NaN
A,GE10,J58-J60,E_ITSP2X_ITT2,PC_ENT,HR,0.0,NaN,8.1,NaN,16.81,NaN
A,GE10,J58-J60,E_ITSP2X_ITT2,PC_ENT,HU,2.49,NaN,2.07,NaN,5.4,NaN
A,GE10,J58-J60,E_ITSP2X_ITT2,PC_ENT,IE,5.13,NaN,7.85,NaN,10.74,NaN
A,GE10,J58-J60,E_ITSP2X_ITT2,PC_ENT,IT,7.17,NaN,11.84,NaN,2.92,NaN
A,GE10,J58-J60,E_ITSP2X_ITT2,PC_ENT,LT,6.06,NaN,3.9,NaN,,u
A,GE10,J58-J60,E_ITSP2X_ITT2,PC_ENT,LU,,u,,u,,u
A,GE10,J58-J60,E_ITSP2X_ITT2,PC_ENT,LV,8.15,NaN,8.62,NaN,8.2,NaN
A,GE10,J58-J60,E_ITSP2X_ITT2,PC_ENT,ME,,u,,NaN,,NaN
A,GE10,J58-J60,E_ITSP2X_ITT2,PC_ENT,MK,0.0,NaN,0.0,NaN,,NaN
A,GE10,J58-J60,E_ITSP2X_ITT2,PC_ENT,MT,14.18,NaN,0.0,NaN,0.0,NaN
A,GE10,J58-J60,E_ITSP2X_ITT2,PC_ENT,NL,0.85,NaN,6.7,NaN,6.56,NaN
A,GE10,J58-J60,E_ITSP2X_ITT2,PC_ENT,NO,18.44,NaN,14.63,NaN,9.06,NaN
A,GE10,J58-J60,E_ITSP2X_ITT2,PC_ENT,PL,7.18,NaN,8.46,NaN,9.69,NaN
A,GE10,J58-J60,E_ITSP2X_ITT2,PC_ENT,PT,,u,,u,7.7,NaN
A,GE10,J58-J60,E_ITSP2X_ITT2,PC_ENT,RO,1.39,NaN,6.32,NaN,3.19,NaN
A,GE10,J58-J60,E_ITSP2X_ITT2,PC_ENT,RS,5.74,NaN,2.08,NaN,13.54,NaN
A,GE10,J58-J60,E_ITSP2X_ITT2,PC_ENT,SE,5.2,NaN,13.67,NaN,8.67,b
A,GE10,J58-J60,E_ITSP2X_ITT2,PC_ENT,SI,0.0,NaN,,u,0.0,NaN
A,GE10,J58-J60,E_ITSP2X_ITT2,PC_ENT,SK,4.74,NaN,7.17,NaN,9.76,NaN
A,GE10,J58-J60,E_ITSP2X_ITT2,PC_ENT,TR,4.21,NaN,1.65,NaN,4.64,NaN
A,GE10,J58-J60,E_ITSP2X_ITT2,PC_ENT,UK,8.3,NaN,,NaN,,NaN
A,GE10,J58-J60,E_ITSP2X_ITT2,PC_ENT_CUSE,AT,,NaN,,NaN,,NaN
A,GE10,J58-J60,E_ITSP2X_ITT2,PC_ENT_CUSE,BA,,NaN,,NaN,,NaN
A,GE10,J58-J60,E_ITSP2X_ITT2,PC_ENT_CUSE,BE,,NaN,,NaN,,NaN
A,GE10,J58-J60,E_ITSP2X_ITT2,PC_ENT_CUSE,BG,,NaN,,NaN,,NaN
A,GE10,J58-J60,E_ITSP2X_ITT2,PC_ENT_CUSE,CY,,NaN,,NaN,,NaN
A,GE10,J58-J60,E_ITSP2X_ITT2,PC_ENT_CUSE,CZ,,NaN,,NaN,,NaN
A,GE10,J58-J60,E_ITSP2X_ITT2,PC_ENT_CUSE,DE,,NaN,,NaN,,NaN
A,GE10,J58-J60,E_ITSP2X_ITT2,PC_ENT_CUSE,DK,,NaN,,NaN,,NaN
A,GE10,J58-J60,E_ITSP2X_ITT2,PC_ENT_CUSE,EA,,NaN,,NaN,,NaN
A,GE10,J58-J60,E_ITSP2X_ITT2,PC_ENT_CUSE,EE,,NaN,,NaN,,NaN
A,GE10,J58-J60,E_ITSP2X_ITT2,PC_ENT_CUSE,EL,,NaN,,NaN,,NaN
A,GE10,J58-J60,E_ITSP2X_ITT2,PC_ENT_CUSE,ES,,NaN,,NaN,,NaN
A,GE10,J58-J60,E_ITSP2X_ITT2,PC_ENT_CUSE,EU15,,NaN,,NaN,,NaN
A,GE10,J58-J60,E_ITSP2X_ITT2,PC_ENT_CUSE,EU27_2007,,NaN,,NaN,,NaN
A,GE10,J58-J60,E_ITSP2X_ITT2,PC_ENT_CUSE,EU27_2020,,NaN,,NaN,,NaN
A,GE10,J58-J60,E_ITSP2X_ITT2,PC_ENT_CUSE,EU28,,NaN,,NaN,,NaN
A,GE10,J58-J60,E_ITSP2X_ITT2,PC_ENT_CUSE,FI,,NaN,,NaN,,NaN
A,GE10,J58-J60,E_ITSP2X_ITT2,PC_ENT_CUSE,FR,,NaN,,NaN,,NaN
A,GE10,J58-J60,E_ITSP2X_ITT2,PC_ENT_CUSE,HR,,NaN,,NaN,,NaN
A,GE10,J58-J60,E_ITSP2X_ITT2,PC_ENT_CUSE,HU,,NaN,,NaN,,NaN
A,GE10,J58-J60,E_ITSP2X_ITT2,PC_ENT_CUSE,IE,,NaN,,NaN,,NaN
A,GE10,J58-J60,E_ITSP2X_ITT2,PC_ENT_CUSE,IT,,NaN,,NaN,,NaN
A,GE10,J58-J60,E_ITSP2X_ITT2,PC_ENT_CUSE,LT,,NaN,,NaN,,NaN
A,GE10,J58-J60,E_ITSP2X_ITT2,PC_ENT_CUSE,LU,,NaN,,NaN,,NaN
A,GE10,J58-J60,E_ITSP2X_ITT2,PC_ENT_CUSE,LV,,NaN,,NaN,,NaN
A,GE10,J58-J60,E_ITSP2X_ITT2,PC_ENT_CUSE,ME,,NaN,,NaN,,NaN
A,GE10,J58-J60,E_ITSP2X_ITT2,PC_ENT_CUSE,MK,,NaN,,NaN,,NaN
A,GE10,J58-J60,E_ITSP2X_ITT2,PC_ENT_CUSE,MT,,NaN,,NaN,,NaN
A,GE10,J58-J60,E_ITSP2X_ITT2,PC_ENT_CUSE,NL,,NaN,,NaN,,NaN
A,GE10,J58-J60,E_ITSP2X_ITT2,PC_ENT_CUSE,NO,,NaN,,NaN,,NaN
A,GE10,J58-J60,E_ITSP2X_ITT2,PC_ENT_CUSE,PL,,NaN,,NaN,,NaN
A,GE10,J58-J60,E_ITSP2X_ITT2,PC_ENT_CUSE,PT,,NaN,,NaN,,NaN
A,GE10,J58-J60,E_ITSP2X_ITT2,PC_ENT_CUSE,RO,,NaN,,NaN,,NaN
A,GE10,J58-J60,E_ITSP2X_ITT2,PC_ENT_CUSE,RS,,NaN,,NaN,,NaN
A,GE10,J58-J60,E_ITSP2X_ITT2,PC_ENT_CUSE,SE,,NaN,,NaN,,NaN
A,GE10,J58-J60,E_ITSP2X_ITT2,PC_ENT_CUSE,SI,,NaN,,NaN,,NaN
A,GE10,J58-J60,E_ITSP2X_ITT2,PC_ENT_CUSE,SK,,NaN,,NaN,,NaN
A,GE10,J58-J60,E_ITSP2X_ITT2,PC_ENT_CUSE,TR,,NaN,,NaN,,NaN
A,GE10,J58-J60,E_ITSP2X_ITT2,PC_ENT_CUSE,UK,,NaN,,NaN,,NaN
A,GE10,J58-J60,E_ITSP2_ITT2,PC_ENT,AT,,u,19.74,NaN,,u
A,GE10,J58-J60,E_ITSP2_ITT2,PC_ENT,BA,30.41,NaN,25.68,NaN,25.61,NaN
A,GE10,J58-J60,E_ITSP2_ITT2,PC_ENT,BE,,u,,u,,u
A,GE10,J58-J60,E_ITSP2_ITT2,PC_ENT,BG,23.06,NaN,30.88,NaN,6.35,NaN
A,GE10,J58-J60,E_ITSP2_ITT2,PC_ENT,CY,47.82,NaN,39.62,NaN,46.87,NaN
A,GE10,J58-J60,E_ITSP2_ITT2,PC_ENT,CZ,41.57,NaN,38.81,NaN,41.19,NaN
A,GE10,J58-J60,E_ITSP2_ITT2,PC_ENT,DE,27.92,NaN,34.98,NaN,32.29,NaN
A,GE10,J58-J60,E_ITSP2_ITT2,PC_ENT,DK,42.53,NaN,44.11,NaN,43.24,NaN
A,GE10,J58-J60,E_ITSP2_ITT2,PC_ENT,EA,27.08,NaN,32.11,NaN,30.47,NaN
A,GE10,J58-J60,E_ITSP2_ITT2,PC_ENT,EE,12.43,NaN,14.2,NaN,23.3,NaN
A,GE10,J58-J60,E_ITSP2_ITT2,PC_ENT,EL,,u,14.81,NaN,12.21,NaN
A,GE10,J58-J60,E_ITSP2_ITT2,PC_ENT,ES,,u,,u,,u
A,GE10,J58-J60,E_ITSP2_ITT2,PC_ENT,EU15,,NaN,,NaN,,NaN
A,GE10,J58-J60,E_ITSP2_ITT2,PC_ENT,EU27_2007,,NaN,,NaN,,NaN
A,GE10,J58-J60,E_ITSP2_ITT2,PC_ENT,EU27_2020,28.35,NaN,33.81,NaN,32.23,NaN
A,GE10,J58-J60,E_ITSP2_ITT2,PC_ENT,EU28,,NaN,,NaN,,NaN
A,GE10,J58-J60,E_ITSP2_ITT2,PC_ENT,FI,,u,,u,,u
A,GE10,J58-J60,E_ITSP2_ITT2,PC_ENT,FR,29.38,NaN,36.52,b,34.9,NaN
A,GE10,J58-J60,E_ITSP2_ITT2,PC_ENT,HR,20.1,NaN,38.84,NaN,21.38,NaN
A,GE10,J58-J60,E_ITSP2_ITT2,PC_ENT,HU,28.53,NaN,25.98,NaN,31.26,NaN
A,GE10,J58-J60,E_ITSP2_ITT2,PC_ENT,IE,40.05,NaN,36.32,NaN,31.98,NaN
A,GE10,J58-J60,E_ITSP2_ITT2,PC_ENT,IT,17.66,NaN,16.91,NaN,16.87,NaN
A,GE10,J58-J60,E_ITSP2_ITT2,PC_ENT,LT,17.17,NaN,16.88,NaN,,u
A,GE10,J58-J60,E_ITSP2_ITT2,PC_ENT,LU,,u,,u,,u
A,GE10,J58-J60,E_ITSP2_ITT2,PC_ENT,LV,15.34,NaN,19.06,NaN,20.35,NaN
A,GE10,J58-J60,E_ITSP2_ITT2,PC_ENT,ME,,u,,NaN,,NaN
A,GE10,J58-J60,E_ITSP2_ITT2,PC_ENT,MK,1.89,NaN,0.0,NaN,,NaN
A,GE10,J58-J60,E_ITSP2_ITT2,PC_ENT,MT,13.71,NaN,36.27,NaN,40.4,NaN
A,GE10,J58-J60,E_ITSP2_ITT2,PC_ENT,NL,29.23,NaN,41.19,NaN,36.83,NaN
A,GE10,J58-J60,E_ITSP2_ITT2,PC_ENT,NO,40.74,NaN,46.67,NaN,43.2,NaN
A,GE10,J58-J60,E_ITSP2_ITT2,PC_ENT,PL,34.49,NaN,53.95,NaN,46.88,NaN
A,GE10,J58-J60,E_ITSP2_ITT2,PC_ENT,PT,,u,29.71,NaN,40.58,NaN
A,GE10,J58-J60,E_ITSP2_ITT2,PC_ENT,RO,22.52,NaN,28.92,NaN,27.84,NaN
A,GE10,J58-J60,E_ITSP2_ITT2,PC_ENT,RS,45.84,NaN,18.73,NaN,39.51,NaN
A,GE10,J58-J60,E_ITSP2_ITT2,PC_ENT,SE,42.22,NaN,40.79,NaN,,bu
A,GE10,J58-J60,E_ITSP2_ITT2,PC_ENT,SI,,u,22.63,NaN,,u
A,GE10,J58-J60,E_ITSP2_ITT2,PC_ENT,SK,27.37,NaN,22.39,NaN,32.15,NaN
A,GE10,J58-J60,E_ITSP2_ITT2,PC_ENT,TR,19.59,NaN,30.24,NaN,21.71,NaN
A,GE10,J58-J60,E_ITSP2_ITT2,PC_ENT,UK,23.59,NaN,,NaN,,NaN
A,GE10,J58-J60,E_ITSP2_ITT2,PC_ENT_CUSE,AT,,NaN,,NaN,,NaN
A,GE10,J58-J60,E_ITSP2_ITT2,PC_ENT_CUSE,BA,,NaN,,NaN,,NaN
A,GE10,J58-J60,E_ITSP2_ITT2,PC_ENT_CUSE,BE,,NaN,,NaN,,NaN
A,GE10,J58-J60,E_ITSP2_ITT2,PC_ENT_CUSE,BG,,NaN,,NaN,,NaN
A,GE10,J58-J60,E_ITSP2_ITT2,PC_ENT_CUSE,CY,,NaN,,NaN,,NaN
A,GE10,J58-J60,E_ITSP2_ITT2,PC_ENT_CUSE,CZ,,NaN,,NaN,,NaN
A,GE10,J58-J60,E_ITSP2_ITT2,PC_ENT_CUSE,DE,,NaN,,NaN,,NaN
A,GE10,J58-J60,E_ITSP2_ITT2,PC_ENT_CUSE,DK,,NaN,,NaN,,NaN
A,GE10,J58-J60,E_ITSP2_ITT2,PC_ENT_CUSE,EA,,NaN,,NaN,,NaN
A,GE10,J58-J60,E_ITSP2_ITT2,PC_ENT_CUSE,EE,,NaN,,NaN,,NaN
A,GE10,J58-J60,E_ITSP2_ITT2,PC_ENT_CUSE,EL,,NaN,,NaN,,NaN
A,GE10,J58-J60,E_ITSP2_ITT2,PC_ENT_CUSE,ES,,NaN,,NaN,,NaN
A,GE10,J58-J60,E_ITSP2_ITT2,PC_ENT_CUSE,EU15,,NaN,,NaN,,NaN
A,GE10,J58-J60,E_ITSP2_ITT2,PC_ENT_CUSE,EU27_2007,,NaN,,NaN,,NaN
A,GE10,J58-J60,E_ITSP2_ITT2,PC_ENT_CUSE,EU27_2020,,NaN,,NaN,,NaN
A,GE10,J58-J60,E_ITSP2_ITT2,PC_ENT_CUSE,EU28,,NaN,,NaN,,NaN
A,GE10,J58-J60,E_ITSP2_ITT2,PC_ENT_CUSE,FI,,NaN,,NaN,,NaN
A,GE10,J58-J60,E_ITSP2_ITT2,PC_ENT_CUSE,FR,,NaN,,NaN,,NaN
A,GE10,J58-J60,E_ITSP2_ITT2,PC_ENT_CUSE,HR,,NaN,,NaN,,NaN
A,GE10,J58-J60,E_ITSP2_ITT2,PC_ENT_CUSE,HU,,NaN,,NaN,,NaN
A,GE10,J58-J60,E_ITSP2_ITT2,PC_ENT_CUSE,IE,,NaN,,NaN,,NaN
A,GE10,J58-J60,E_ITSP2_ITT2,PC_ENT_CUSE,IT,,NaN,,NaN,,NaN
A,GE10,J58-J60,E_ITSP2_ITT2,PC_ENT_CUSE,LT,,NaN,,NaN,,NaN
A,GE10,J58-J60,E_ITSP2_ITT2,PC_ENT_CUSE,LU,,NaN,,NaN,,NaN
A,GE10,J58-J60,E_ITSP2_ITT2,PC_ENT_CUSE,LV,,NaN,,NaN,,NaN
A,GE10,J58-J60,E_ITSP2_ITT2,PC_ENT_CUSE,ME,,NaN,,NaN,,NaN
A,GE10,J58-J60,E_ITSP2_ITT2,PC_ENT_CUSE,MK,,NaN,,NaN,,NaN
A,GE10,J58-J60,E_ITSP2_ITT2,PC_ENT_CUSE,MT,,NaN,,NaN,,NaN
A,GE10,J58-J60,E_ITSP2_ITT2,PC_ENT_CUSE,NL,,NaN,,NaN,,NaN
A,GE10,J58-J60,E_ITSP2_ITT2,PC_ENT_CUSE,NO,,NaN,,NaN,,NaN
A,GE10,J58-J60,E_ITSP2_ITT2,PC_ENT_CUSE,PL,,NaN,,NaN,,NaN
A,GE10,J58-J60,E_ITSP2_ITT2,PC_ENT_CUSE,PT,,NaN,,NaN,,NaN
A,GE10,J58-J60,E_ITSP2_ITT2,PC_ENT_CUSE,RO,,NaN,,NaN,,NaN
A,GE10,J58-J60,E_ITSP2_ITT2,PC_ENT_CUSE,RS,,NaN,,NaN,,NaN
A,GE10,J58-J60,E_ITSP2_ITT2,PC_ENT_CUSE,SE,,NaN,,NaN,,NaN
A,GE10,J58-J60,E_ITSP2_ITT2,PC_ENT_CUSE,SI,,NaN,,NaN,,NaN
A,GE10,J58-J60,E_ITSP2_ITT2,PC_ENT_CUSE,SK,,NaN,,NaN,,NaN
A,GE10,J58-J60,E_ITSP2_ITT2,PC_ENT_CUSE,TR,,NaN,,NaN,,NaN
A,GE10,J58-J60,E_ITSP2_ITT2,PC_ENT_CUSE,UK,,NaN,,NaN,,NaN
A,GE10,J58-J60,E_ITSPT2,PC_ENT,AT,,u,19.74,NaN,,u
A,GE10,J58-J60,E_ITSPT2,PC_ENT,BA,21.33,NaN,21.62,NaN,25.61,NaN
A,GE10,J58-J60,E_ITSPT2,PC_ENT,BE,,u,,u,,u
A,GE10,J58-J60,E_ITSPT2,PC_ENT,BG,22.0,NaN,25.17,NaN,6.35,NaN
A,GE10,J58-J60,E_ITSPT2,PC_ENT,CY,47.82,NaN,33.45,NaN,37.6,NaN
A,GE10,J58-J60,E_ITSPT2,PC_ENT,CZ,40.99,NaN,35.96,NaN,37.56,NaN
A,GE10,J58-J60,E_ITSPT2,PC_ENT,DE,23.68,NaN,29.54,NaN,30.26,NaN
A,GE10,J58-J60,E_ITSPT2,PC_ENT,DK,32.95,NaN,43.44,NaN,42.48,NaN
A,GE10,J58-J60,E_ITSPT2,PC_ENT,EA,23.36,NaN,28.23,NaN,27.22,NaN
A,GE10,J58-J60,E_ITSPT2,PC_ENT,EE,10.81,NaN,8.05,NaN,21.04,NaN
A,GE10,J58-J60,E_ITSPT2,PC_ENT,EL,,u,17.14,NaN,13.24,NaN
A,GE10,J58-J60,E_ITSPT2,PC_ENT,ES,,u,,u,,u
A,GE10,J58-J60,E_ITSPT2,PC_ENT,EU15,,NaN,,NaN,,NaN
A,GE10,J58-J60,E_ITSPT2,PC_ENT,EU27_2007,,NaN,,NaN,,NaN
A,GE10,J58-J60,E_ITSPT2,PC_ENT,EU27_2020,24.43,NaN,29.46,NaN,28.48,NaN
A,GE10,J58-J60,E_ITSPT2,PC_ENT,EU28,,NaN,,NaN,,NaN
A,GE10,J58-J60,E_ITSPT2,PC_ENT,FI,,u,,u,,u
A,GE10,J58-J60,E_ITSPT2,PC_ENT,FR,25.12,NaN,32.26,b,29.15,NaN
A,GE10,J58-J60,E_ITSPT2,PC_ENT,HR,19.27,NaN,37.88,NaN,19.52,NaN
A,GE10,J58-J60,E_ITSPT2,PC_ENT,HU,24.84,NaN,21.95,NaN,26.21,NaN
A,GE10,J58-J60,E_ITSPT2,PC_ENT,IE,36.89,NaN,30.51,NaN,28.1,NaN
A,GE10,J58-J60,E_ITSPT2,PC_ENT,IS,,NaN,,NaN,,NaN
A,GE10,J58-J60,E_ITSPT2,PC_ENT,IT,13.78,NaN,17.14,NaN,14.62,NaN
A,GE10,J58-J60,E_ITSPT2,PC_ENT,LT,15.15,NaN,15.58,NaN,,u
A,GE10,J58-J60,E_ITSPT2,PC_ENT,LU,,u,,u,,u
A,GE10,J58-J60,E_ITSPT2,PC_ENT,LV,9.69,NaN,13.89,NaN,16.66,NaN
A,GE10,J58-J60,E_ITSPT2,PC_ENT,ME,,u,0.0,NaN,,NaN
A,GE10,J58-J60,E_ITSPT2,PC_ENT,MK,0.0,NaN,0.0,NaN,,NaN
A,GE10,J58-J60,E_ITSPT2,PC_ENT,MT,13.71,NaN,28.07,NaN,28.59,NaN
A,GE10,J58-J60,E_ITSPT2,PC_ENT,NL,28.37,NaN,40.18,NaN,35.07,NaN
A,GE10,J58-J60,E_ITSPT2,PC_ENT,NO,40.39,NaN,42.11,NaN,41.27,NaN
A,GE10,J58-J60,E_ITSPT2,PC_ENT,PL,28.07,NaN,38.83,NaN,42.08,NaN
A,GE10,J58-J60,E_ITSPT2,PC_ENT,PT,,u,29.71,NaN,32.97,NaN
A,GE10,J58-J60,E_ITSPT2,PC_ENT,RO,20.91,NaN,25.41,NaN,26.01,NaN
A,GE10,J58-J60,E_ITSPT2,PC_ENT,RS,39.28,NaN,11.5,NaN,18.32,NaN
A,GE10,J58-J60,E_ITSPT2,PC_ENT,SE,35.26,NaN,36.14,NaN,,bu
A,GE10,J58-J60,E_ITSPT2,PC_ENT,SI,26.89,NaN,22.63,NaN,,u
A,GE10,J58-J60,E_ITSPT2,PC_ENT,SK,25.0,NaN,20.0,NaN,19.85,NaN
A,GE10,J58-J60,E_ITSPT2,PC_ENT,TR,15.45,NaN,24.03,NaN,19.46,NaN
A,GE10,J58-J60,E_ITSPT2,PC_ENT,UK,19.01,NaN,,NaN,,NaN
A,GE10,J58-J60,E_ITSPT2,PC_ENT_CUSE,AT,,NaN,,NaN,,NaN
A,GE10,J58-J60,E_ITSPT2,PC_ENT_CUSE,BA,,NaN,,NaN,,NaN
A,GE10,J58-J60,E_ITSPT2,PC_ENT_CUSE,BE,,NaN,,NaN,,NaN
A,GE10,J58-J60,E_ITSPT2,PC_ENT_CUSE,BG,,NaN,,NaN,,NaN
A,GE10,J58-J60,E_ITSPT2,PC_ENT_CUSE,CY,,NaN,,NaN,,NaN
A,GE10,J58-J60,E_ITSPT2,PC_ENT_CUSE,CZ,,NaN,,NaN,,NaN
A,GE10,J58-J60,E_ITSPT2,PC_ENT_CUSE,DE,,NaN,,NaN,,NaN
A,GE10,J58-J60,E_ITSPT2,PC_ENT_CUSE,DK,,NaN,,NaN,,NaN
A,GE10,J58-J60,E_ITSPT2,PC_ENT_CUSE,EA,,NaN,,NaN,,NaN
A,GE10,J58-J60,E_ITSPT2,PC_ENT_CUSE,EE,,NaN,,NaN,,NaN
A,GE10,J58-J60,E_ITSPT2,PC_ENT_CUSE,EL,,NaN,,NaN,,NaN
A,GE10,J58-J60,E_ITSPT2,PC_ENT_CUSE,ES,,NaN,,NaN,,NaN
A,GE10,J58-J60,E_ITSPT2,PC_ENT_CUSE,EU15,,NaN,,NaN,,NaN
A,GE10,J58-J60,E_ITSPT2,PC_ENT_CUSE,EU27_2007,,NaN,,NaN,,NaN
A,GE10,J58-J60,E_ITSPT2,PC_ENT_CUSE,EU27_2020,,NaN,,NaN,,NaN
A,GE10,J58-J60,E_ITSPT2,PC_ENT_CUSE,EU28,,NaN,,NaN,,NaN
A,GE10,J58-J60,E_ITSPT2,PC_ENT_CUSE,FI,,NaN,,NaN,,NaN
A,GE10,J58-J60,E_ITSPT2,PC_ENT_CUSE,FR,,NaN,,NaN,,NaN
A,GE10,J58-J60,E_ITSPT2,PC_ENT_CUSE,HR,,NaN,,NaN,,NaN
A,GE10,J58-J60,E_ITSPT2,PC_ENT_CUSE,HU,,NaN,,NaN,,NaN
A,GE10,J58-J60,E_ITSPT2,PC_ENT_CUSE,IE,,NaN,,NaN,,NaN
A,GE10,J58-J60,E_ITSPT2,PC_ENT_CUSE,IS,,NaN,,NaN,,NaN
A,GE10,J58-J60,E_ITSPT2,PC_ENT_CUSE,IT,,NaN,,NaN,,NaN
A,GE10,J58-J60,E_ITSPT2,PC_ENT_CUSE,LT,,NaN,,NaN,,NaN
A,GE10,J58-J60,E_ITSPT2,PC_ENT_CUSE,LU,,NaN,,NaN,,NaN
A,GE10,J58-J60,E_ITSPT2,PC_ENT_CUSE,LV,,NaN,,NaN,,NaN
A,GE10,J58-J60,E_ITSPT2,PC_ENT_CUSE,ME,,NaN,,NaN,,NaN
A,GE10,J58-J60,E_ITSPT2,PC_ENT_CUSE,MK,,NaN,,NaN,,NaN
A,GE10,J58-J60,E_ITSPT2,PC_ENT_CUSE,MT,,NaN,,NaN,,NaN
A,GE10,J58-J60,E_ITSPT2,PC_ENT_CUSE,NL,,NaN,,NaN,,NaN
A,GE10,J58-J60,E_ITSPT2,PC_ENT_CUSE,NO,,NaN,,NaN,,NaN
A,GE10,J58-J60,E_ITSPT2,PC_ENT_CUSE,PL,,NaN,,NaN,,NaN
A,GE10,J58-J60,E_ITSPT2,PC_ENT_CUSE,PT,,NaN,,NaN,,NaN
A,GE10,J58-J60,E_ITSPT2,PC_ENT_CUSE,RO,,NaN,,NaN,,NaN
A,GE10,J58-J60,E_ITSPT2,PC_ENT_CUSE,RS,,NaN,,NaN,,NaN
A,GE10,J58-J60,E_ITSPT2,PC_ENT_CUSE,SE,,NaN,,NaN,,NaN
A,GE10,J58-J60,E_ITSPT2,PC_ENT_CUSE,SI,,NaN,,NaN,,NaN
A,GE10,J58-J60,E_ITSPT2,PC_ENT_CUSE,SK,,NaN,,NaN,,NaN
A,GE10,J58-J60,E_ITSPT2,PC_ENT_CUSE,TR,,NaN,,NaN,,NaN
A,GE10,J58-J60,E_ITSPT2,PC_ENT_CUSE,UK,,NaN,,NaN,,NaN
A,GE10,J58-J60,E_ITT2,PC_ENT,AT,,u,,u,,u
A,GE10,J58-J60,E_ITT2,PC_ENT,BA,35.27,NaN,35.81,NaN,27.07,NaN
A,GE10,J58-J60,E_ITT2,PC_ENT,BE,,u,,u,,u
A,GE10,J58-J60,E_ITT2,PC_ENT,BG,24.12,NaN,30.88,NaN,6.35,NaN
A,GE10,J58-J60,E_ITT2,PC_ENT,CY,62.99,NaN,41.36,NaN,59.94,NaN
A,GE10,J58-J60,E_ITT2,PC_ENT,CZ,48.84,NaN,43.48,NaN,51.52,NaN
A,GE10,J58-J60,E_ITT2,PC_ENT,DE,39.89,NaN,42.87,NaN,44.09,NaN
A,GE10,J58-J60,E_ITT2,PC_ENT,DK,49.0,NaN,46.84,NaN,48.99,NaN
A,GE10,J58-J60,E_ITT2,PC_ENT,EA,34.69,NaN,39.95,NaN,37.86,NaN
A,GE10,J58-J60,E_ITT2,PC_ENT,EE,18.38,NaN,23.06,NaN,34.37,NaN
A,GE10,J58-J60,E_ITT2,PC_ENT,EL,,u,19.99,NaN,15.2,NaN
A,GE10,J58-J60,E_ITT2,PC_ENT,ES,,u,,u,,u
A,GE10,J58-J60,E_ITT2,PC_ENT,EU15,,NaN,,NaN,,NaN
A,GE10,J58-J60,E_ITT2,PC_ENT,EU27_2007,,NaN,,NaN,,NaN
A,GE10,J58-J60,E_ITT2,PC_ENT,EU27_2020,35.38,NaN,41.56,NaN,39.52,NaN
A,GE10,J58-J60,E_ITT2,PC_ENT,EU28,,NaN,,NaN,,NaN
A,GE10,J58-J60,E_ITT2,PC_ENT,FI,,u,,u,,u
A,GE10,J58-J60,E_ITT2,PC_ENT,FR,33.28,NaN,39.99,b,36.97,NaN
A,GE10,J58-J60,E_ITT2,PC_ENT,HR,20.1,NaN,46.93,NaN,38.19,NaN
A,GE10,J58-J60,E_ITT2,PC_ENT,HU,31.02,NaN,28.06,NaN,36.67,NaN
A,GE10,J58-J60,E_ITT2,PC_ENT,IE,45.18,NaN,44.17,NaN,42.72,NaN
A,GE10,J58-J60,E_ITT2,PC_ENT,IS,,NaN,,NaN,,NaN
A,GE10,J58-J60,E_ITT2,PC_ENT,IT,,u,29.37,NaN,19.91,NaN
A,GE10,J58-J60,E_ITT2,PC_ENT,LT,23.23,NaN,22.08,NaN,,u
A,GE10,J58-J60,E_ITT2,PC_ENT,LU,,u,,u,,u
A,GE10,J58-J60,E_ITT2,PC_ENT,LV,23.49,NaN,27.67,NaN,28.54,NaN
A,GE10,J58-J60,E_ITT2,PC_ENT,ME,,u,17.94,NaN,31.56,NaN
A,GE10,J58-J60,E_ITT2,PC_ENT,MK,1.89,NaN,0.0,NaN,,NaN
A,GE10,J58-J60,E_ITT2,PC_ENT,MT,27.89,NaN,36.27,NaN,40.4,NaN
A,GE10,J58-J60,E_ITT2,PC_ENT,NL,36.79,NaN,47.89,NaN,43.39,NaN
A,GE10,J58-J60,E_ITT2,PC_ENT,NO,59.89,NaN,61.3,NaN,52.26,NaN
A,GE10,J58-J60,E_ITT2,PC_ENT,PL,41.66,NaN,62.41,NaN,56.57,NaN
A,GE10,J58-J60,E_ITT2,PC_ENT,PT,,u,,u,48.28,NaN
A,GE10,J58-J60,E_ITT2,PC_ENT,RO,24.16,NaN,35.58,NaN,31.02,NaN
A,GE10,J58-J60,E_ITT2,PC_ENT,RS,51.58,NaN,20.81,NaN,53.05,NaN
A,GE10,J58-J60,E_ITT2,PC_ENT,SE,47.42,NaN,54.47,NaN,,bu
A,GE10,J58-J60,E_ITT2,PC_ENT,SI,,u,,u,,u
A,GE10,J58-J60,E_ITT2,PC_ENT,SK,32.11,NaN,29.56,NaN,41.92,NaN
A,GE10,J58-J60,E_ITT2,PC_ENT,TR,23.79,NaN,31.89,NaN,26.35,NaN
A,GE10,J58-J60,E_ITT2,PC_ENT,UK,,u,,NaN,,NaN
A,GE10,J58-J60,E_ITT2,PC_ENT_CUSE,AT,,NaN,,NaN,,NaN
A,GE10,J58-J60,E_ITT2,PC_ENT_CUSE,BA,,NaN,,NaN,,NaN
A,GE10,J58-J60,E_ITT2,PC_ENT_CUSE,BE,,NaN,,NaN,,NaN
A,GE10,J58-J60,E_ITT2,PC_ENT_CUSE,BG,,NaN,,NaN,,NaN
A,GE10,J58-J60,E_ITT2,PC_ENT_CUSE,CY,,NaN,,NaN,,NaN
A,GE10,J58-J60,E_ITT2,PC_ENT_CUSE,CZ,,NaN,,NaN,,NaN
A,GE10,J58-J60,E_ITT2,PC_ENT_CUSE,DE,,NaN,,NaN,,NaN
A,GE10,J58-J60,E_ITT2,PC_ENT_CUSE,DK,,NaN,,NaN,,NaN
A,GE10,J58-J60,E_ITT2,PC_ENT_CUSE,EA,,NaN,,NaN,,NaN
A,GE10,J58-J60,E_ITT2,PC_ENT_CUSE,EE,,NaN,,NaN,,NaN
A,GE10,J58-J60,E_ITT2,PC_ENT_CUSE,EL,,NaN,,NaN,,NaN
A,GE10,J58-J60,E_ITT2,PC_ENT_CUSE,ES,,NaN,,NaN,,NaN
A,GE10,J58-J60,E_ITT2,PC_ENT_CUSE,EU15,,NaN,,NaN,,NaN
A,GE10,J58-J60,E_ITT2,PC_ENT_CUSE,EU27_2007,,NaN,,NaN,,NaN
A,GE10,J58-J60,E_ITT2,PC_ENT_CUSE,EU27_2020,,NaN,,NaN,,NaN
A,GE10,J58-J60,E_ITT2,PC_ENT_CUSE,EU28,,NaN,,NaN,,NaN
A,GE10,J58-J60,E_ITT2,PC_ENT_CUSE,FI,,NaN,,NaN,,NaN
A,GE10,J58-J60,E_ITT2,PC_ENT_CUSE,FR,,NaN,,NaN,,NaN
A,GE10,J58-J60,E_ITT2,PC_ENT_CUSE,HR,,NaN,,NaN,,NaN
A,GE10,J58-J60,E_ITT2,PC_ENT_CUSE,HU,,NaN,,NaN,,NaN
A,GE10,J58-J60,E_ITT2,PC_ENT_CUSE,IE,,NaN,,NaN,,NaN
A,GE10,J58-J60,E_ITT2,PC_ENT_CUSE,IS,,NaN,,NaN,,NaN
A,GE10,J58-J60,E_ITT2,PC_ENT_CUSE,IT,,NaN,,NaN,,NaN
A,GE10,J58-J60,E_ITT2,PC_ENT_CUSE,LT,,NaN,,NaN,,NaN
A,GE10,J58-J60,E_ITT2,PC_ENT_CUSE,LU,,NaN,,NaN,,NaN
A,GE10,J58-J60,E_ITT2,PC_ENT_CUSE,LV,,NaN,,NaN,,NaN
A,GE10,J58-J60,E_ITT2,PC_ENT_CUSE,ME,,NaN,,NaN,,NaN
A,GE10,J58-J60,E_ITT2,PC_ENT_CUSE,MK,,NaN,,NaN,,NaN
A,GE10,J58-J60,E_ITT2,PC_ENT_CUSE,MT,,NaN,,NaN,,NaN
A,GE10,J58-J60,E_ITT2,PC_ENT_CUSE,NL,,NaN,,NaN,,NaN
A,GE10,J58-J60,E_ITT2,PC_ENT_CUSE,NO,,NaN,,NaN,,NaN
A,GE10,J58-J60,E_ITT2,PC_ENT_CUSE,PL,,NaN,,NaN,,NaN
A,GE10,J58-J60,E_ITT2,PC_ENT_CUSE,PT,,NaN,,NaN,,NaN
A,GE10,J58-J60,E_ITT2,PC_ENT_CUSE,RO,,NaN,,NaN,,NaN
A,GE10,J58-J60,E_ITT2,PC_ENT_CUSE,RS,,NaN,,NaN,,NaN
A,GE10,J58-J60,E_ITT2,PC_ENT_CUSE,SE,,NaN,,NaN,,NaN
A,GE10,J58-J60,E_ITT2,PC_ENT_CUSE,SI,,NaN,,NaN,,NaN
A,GE10,J58-J60,E_ITT2,PC_ENT_CUSE,SK,,NaN,,NaN,,NaN
A,GE10,J58-J60,E_ITT2,PC_ENT_CUSE,TR,,NaN,,NaN,,NaN
A,GE10,J58-J60,E_ITT2,PC_ENT_CUSE,UK,,NaN,,NaN,,NaN
A,GE10,J58-J60,E_ITUST2,PC_ENT,AT,15.94,NaN,,u,,u
A,GE10,J58-J60,E_ITUST2,PC_ENT,BA,24.03,NaN,34.46,NaN,21.99,NaN
A,GE10,J58-J60,E_ITUST2,PC_ENT,BE,,u,,u,,u
A,GE10,J58-J60,E_ITUST2,PC_ENT,BG,15.78,NaN,18.68,NaN,,u
A,GE10,J58-J60,E_ITUST2,PC_ENT,CY,39.34,NaN,38.52,NaN,48.55,NaN
A,GE10,J58-J60,E_ITUST2,PC_ENT,CZ,48.84,NaN,39.52,NaN,43.29,NaN
A,GE10,J58-J60,E_ITUST2,PC_ENT,DE,34.89,NaN,37.74,NaN,40.71,NaN
A,GE10,J58-J60,E_ITUST2,PC_ENT,DK,39.55,NaN,39.45,NaN,41.22,NaN
A,GE10,J58-J60,E_ITUST2,PC_ENT,EA,28.47,NaN,33.42,NaN,32.07,NaN
A,GE10,J58-J60,E_ITUST2,PC_ENT,EE,16.76,NaN,23.06,NaN,26.12,NaN
A,GE10,J58-J60,E_ITUST2,PC_ENT,EL,,u,13.03,NaN,10.68,NaN
A,GE10,J58-J60,E_ITUST2,PC_ENT,ES,,u,,u,,u
A,GE10,J58-J60,E_ITUST2,PC_ENT,EU15,,NaN,,NaN,,NaN
A,GE10,J58-J60,E_ITUST2,PC_ENT,EU27_2007,,NaN,,NaN,,NaN
A,GE10,J58-J60,E_ITUST2,PC_ENT,EU27_2020,28.9,NaN,35.34,NaN,33.13,NaN
A,GE10,J58-J60,E_ITUST2,PC_ENT,EU28,,NaN,,NaN,,NaN
A,GE10,J58-J60,E_ITUST2,PC_ENT,FI,,u,,u,,u
A,GE10,J58-J60,E_ITUST2,PC_ENT,FR,26.21,NaN,29.15,b,28.76,NaN
A,GE10,J58-J60,E_ITUST2,PC_ENT,HR,8.26,NaN,38.93,NaN,28.05,NaN
A,GE10,J58-J60,E_ITUST2,PC_ENT,HU,22.53,NaN,22.8,NaN,26.21,NaN
A,GE10,J58-J60,E_ITUST2,PC_ENT,IE,35.91,NaN,32.05,NaN,25.39,NaN
A,GE10,J58-J60,E_ITUST2,PC_ENT,IS,,NaN,,NaN,,NaN
A,GE10,J58-J60,E_ITUST2,PC_ENT,IT,19.81,NaN,25.06,NaN,15.48,NaN
A,GE10,J58-J60,E_ITUST2,PC_ENT,LT,17.17,NaN,16.88,NaN,,u
A,GE10,J58-J60,E_ITUST2,PC_ENT,LU,,u,,u,,u
A,GE10,J58-J60,E_ITUST2,PC_ENT,LV,22.62,NaN,23.68,NaN,23.32,NaN
A,GE10,J58-J60,E_ITUST2,PC_ENT,ME,,u,17.94,NaN,,NaN
A,GE10,J58-J60,E_ITUST2,PC_ENT,MK,1.89,NaN,0.0,NaN,,NaN
A,GE10,J58-J60,E_ITUST2,PC_ENT,MT,23.83,NaN,26.33,NaN,28.59,NaN
A,GE10,J58-J60,E_ITUST2,PC_ENT,NL,28.98,NaN,41.17,NaN,35.13,NaN
A,GE10,J58-J60,E_ITUST2,PC_ENT,NO,52.08,NaN,57.58,NaN,47.14,NaN
A,GE10,J58-J60,E_ITUST2,PC_ENT,PL,35.91,NaN,57.85,NaN,46.25,NaN
A,GE10,J58-J60,E_ITUST2,PC_ENT,PT,,u,,u,,u
A,GE10,J58-J60,E_ITUST2,PC_ENT,RO,18.26,NaN,31.1,NaN,23.52,NaN
A,GE10,J58-J60,E_ITUST2,PC_ENT,RS,48.58,NaN,16.44,NaN,47.36,NaN
A,GE10,J58-J60,E_ITUST2,PC_ENT,SE,36.41,NaN,51.83,NaN,,bu
A,GE10,J58-J60,E_ITUST2,PC_ENT,SI,,u,,u,,u
A,GE10,J58-J60,E_ITUST2,PC_ENT,SK,25.65,NaN,23.02,NaN,35.6,NaN
A,GE10,J58-J60,E_ITUST2,PC_ENT,TR,16.08,NaN,23.92,NaN,19.45,NaN
A,GE10,J58-J60,E_ITUST2,PC_ENT,UK,,u,,NaN,,NaN
A,GE10,J58-J60,E_ITUST2,PC_ENT_CUSE,AT,,NaN,,NaN,,NaN
A,GE10,J58-J60,E_ITUST2,PC_ENT_CUSE,BA,,NaN,,NaN,,NaN
A,GE10,J58-J60,E_ITUST2,PC_ENT_CUSE,BE,,NaN,,NaN,,NaN
A,GE10,J58-J60,E_ITUST2,PC_ENT_CUSE,BG,,NaN,,NaN,,NaN
A,GE10,J58-J60,E_ITUST2,PC_ENT_CUSE,CY,,NaN,,NaN,,NaN
A,GE10,J58-J60,E_ITUST2,PC_ENT_CUSE,CZ,,NaN,,NaN,,NaN
A,GE10,J58-J60,E_ITUST2,PC_ENT_CUSE,DE,,NaN,,NaN,,NaN
A,GE10,J58-J60,E_ITUST2,PC_ENT_CUSE,DK,,NaN,,NaN,,NaN
A,GE10,J58-J60,E_ITUST2,PC_ENT_CUSE,EA,,NaN,,NaN,,NaN
A,GE10,J58-J60,E_ITUST2,PC_ENT_CUSE,EE,,NaN,,NaN,,NaN
A,GE10,J58-J60,E_ITUST2,PC_ENT_CUSE,EL,,NaN,,NaN,,NaN
A,GE10,J58-J60,E_ITUST2,PC_ENT_CUSE,ES,,NaN,,NaN,,NaN
A,GE10,J58-J60,E_ITUST2,PC_ENT_CUSE,EU15,,NaN,,NaN,,NaN
A,GE10,J58-J60,E_ITUST2,PC_ENT_CUSE,EU27_2007,,NaN,,NaN,,NaN
A,GE10,J58-J60,E_ITUST2,PC_ENT_CUSE,EU27_2020,,NaN,,NaN,,NaN
A,GE10,J58-J60,E_ITUST2,PC_ENT_CUSE,EU28,,NaN,,NaN,,NaN
A,GE10,J58-J60,E_ITUST2,PC_ENT_CUSE,FI,,NaN,,NaN,,NaN
A,GE10,J58-J60,E_ITUST2,PC_ENT_CUSE,FR,,NaN,,NaN,,NaN
A,GE10,J58-J60,E_ITUST2,PC_ENT_CUSE,HR,,NaN,,NaN,,NaN
A,GE10,J58-J60,E_ITUST2,PC_ENT_CUSE,HU,,NaN,,NaN,,NaN
A,GE10,J58-J60,E_ITUST2,PC_ENT_CUSE,IE,,NaN,,NaN,,NaN
A,GE10,J58-J60,E_ITUST2,PC_ENT_CUSE,IS,,NaN,,NaN,,NaN
A,GE10,J58-J60,E_ITUST2,PC_ENT_CUSE,IT,,NaN,,NaN,,NaN
A,GE10,J58-J60,E_ITUST2,PC_ENT_CUSE,LT,,NaN,,NaN,,NaN
A,GE10,J58-J60,E_ITUST2,PC_ENT_CUSE,LU,,NaN,,NaN,,NaN
A,GE10,J58-J60,E_ITUST2,PC_ENT_CUSE,LV,,NaN,,NaN,,NaN
A,GE10,J58-J60,E_ITUST2,PC_ENT_CUSE,ME,,NaN,,NaN,,NaN
A,GE10,J58-J60,E_ITUST2,PC_ENT_CUSE,MK,,NaN,,NaN,,NaN
A,GE10,J58-J60,E_ITUST2,PC_ENT_CUSE,MT,,NaN,,NaN,,NaN
A,GE10,J58-J60,E_ITUST2,PC_ENT_CUSE,NL,,NaN,,NaN,,NaN
A,GE10,J58-J60,E_ITUST2,PC_ENT_CUSE,NO,,NaN,,NaN,,NaN
A,GE10,J58-J60,E_ITUST2,PC_ENT_CUSE,PL,,NaN,,NaN,,NaN
A,GE10,J58-J60,E_ITUST2,PC_ENT_CUSE,PT,,NaN,,NaN,,NaN
A,GE10,J58-J60,E_ITUST2,PC_ENT_CUSE,RO,,NaN,,NaN,,NaN
A,GE10,J58-J60,E_ITUST2,PC_ENT_CUSE,RS,,NaN,,NaN,,NaN
A,GE10,J58-J60,E_ITUST2,PC_ENT_CUSE,SE,,NaN,,NaN,,NaN
A,GE10,J58-J60,E_ITUST2,PC_ENT_CUSE,SI,,NaN,,NaN,,NaN
A,GE10,J58-J60,E_ITUST2,PC_ENT_CUSE,SK,,NaN,,NaN,,NaN
A,GE10,J58-J60,E_ITUST2,PC_ENT_CUSE,TR,,NaN,,NaN,,NaN
A,GE10,J58-J60,E_ITUST2,PC_ENT_CUSE,UK,,NaN,,NaN,,NaN
A,GE10,J61,E_ITSP2X_ITT2,PC_ENT,AT,,u,,u,,u
A,GE10,J61,E_ITSP2X_ITT2,PC_ENT,BA,0.0,NaN,,NaN,0.0,NaN
A,GE10,J61,E_ITSP2X_ITT2,PC_ENT,BE,,u,0.0,NaN,0.0,NaN
A,GE10,J61,E_ITSP2X_ITT2,PC_ENT,BG,,u,,u,,u
A,GE10,J61,E_ITSP2X_ITT2,PC_ENT,CY,14.13,NaN,10.13,NaN,5.94,NaN
A,GE10,J61,E_ITSP2X_ITT2,PC_ENT,CZ,7.3,NaN,8.99,NaN,7.55,NaN
A,GE10,J61,E_ITSP2X_ITT2,PC_ENT,DE,3.55,NaN,6.57,NaN,6.15,NaN
A,GE10,J61,E_ITSP2X_ITT2,PC_ENT,DK,10.52,NaN,5.91,NaN,0.0,NaN
A,GE10,J61,E_ITSP2X_ITT2,PC_ENT,EA,5.49,NaN,4.86,NaN,5.05,NaN
A,GE10,J61,E_ITSP2X_ITT2,PC_ENT,EE,0.0,NaN,0.0,NaN,0.0,NaN
A,GE10,J61,E_ITSP2X_ITT2,PC_ENT,EL,,u,5.37,NaN,2.05,NaN
A,GE10,J61,E_ITSP2X_ITT2,PC_ENT,ES,,u,,u,,u
A,GE10,J61,E_ITSP2X_ITT2,PC_ENT,EU15,,NaN,,NaN,,NaN
A,GE10,J61,E_ITSP2X_ITT2,PC_ENT,EU27_2007,,NaN,,NaN,,NaN
A,GE10,J61,E_ITSP2X_ITT2,PC_ENT,EU27_2020,5.15,NaN,4.47,NaN,4.8,NaN
A,GE10,J61,E_ITSP2X_ITT2,PC_ENT,EU28,,NaN,,NaN,,NaN
A,GE10,J61,E_ITSP2X_ITT2,PC_ENT,FI,,u,,u,,u
A,GE10,J61,E_ITSP2X_ITT2,PC_ENT,FR,0.0,NaN,5.41,b,1.81,NaN
A,GE10,J61,E_ITSP2X_ITT2,PC_ENT,HR,,NaN,0.0,NaN,0.0,NaN
A,GE10,J61,E_ITSP2X_ITT2,PC_ENT,HU,5.8,NaN,2.93,NaN,0.0,NaN
A,GE10,J61,E_ITSP2X_ITT2,PC_ENT,IE,4.21,NaN,10.34,NaN,0.0,NaN
A,GE10,J61,E_ITSP2X_ITT2,PC_ENT,IT,5.93,NaN,4.86,NaN,3.74,NaN
A,GE10,J61,E_ITSP2X_ITT2,PC_ENT,LT,0.0,NaN,0.0,NaN,,u
A,GE10,J61,E_ITSP2X_ITT2,PC_ENT,LU,,u,,u,,u
A,GE10,J61,E_ITSP2X_ITT2,PC_ENT,LV,2.6,NaN,8.33,NaN,0.0,NaN
A,GE10,J61,E_ITSP2X_ITT2,PC_ENT,ME,,u,,NaN,,NaN
A,GE10,J61,E_ITSP2X_ITT2,PC_ENT,MK,0.0,NaN,,u,,NaN
A,GE10,J61,E_ITSP2X_ITT2,PC_ENT,MT,,u,,u,,u
A,GE10,J61,E_ITSP2X_ITT2,PC_ENT,NL,4.46,NaN,3.37,NaN,3.03,NaN
A,GE10,J61,E_ITSP2X_ITT2,PC_ENT,NO,10.18,NaN,14.93,NaN,10.47,NaN
A,GE10,J61,E_ITSP2X_ITT2,PC_ENT,PL,3.27,NaN,2.64,NaN,3.57,NaN
A,GE10,J61,E_ITSP2X_ITT2,PC_ENT,PT,,u,9.3,NaN,13.97,NaN
A,GE10,J61,E_ITSP2X_ITT2,PC_ENT,RO,0.0,NaN,0.0,NaN,2.04,NaN
A,GE10,J61,E_ITSP2X_ITT2,PC_ENT,RS,0.0,NaN,0.0,NaN,3.03,NaN
A,GE10,J61,E_ITSP2X_ITT2,PC_ENT,SE,11.71,NaN,7.13,NaN,8.8,b
A,GE10,J61,E_ITSP2X_ITT2,PC_ENT,SI,0.0,NaN,,u,0.0,NaN
A,GE10,J61,E_ITSP2X_ITT2,PC_ENT,SK,2.5,NaN,,NaN,6.47,NaN
A,GE10,J61,E_ITSP2X_ITT2,PC_ENT,TR,7.88,NaN,9.16,NaN,10.21,NaN
A,GE10,J61,E_ITSP2X_ITT2,PC_ENT,UK,0.21,NaN,,NaN,,NaN
A,GE10,J61,E_ITSP2X_ITT2,PC_ENT_CUSE,AT,,NaN,,NaN,,NaN
A,GE10,J61,E_ITSP2X_ITT2,PC_ENT_CUSE,BA,,NaN,,NaN,,NaN
A,GE10,J61,E_ITSP2X_ITT2,PC_ENT_CUSE,BE,,NaN,,NaN,,NaN
A,GE10,J61,E_ITSP2X_ITT2,PC_ENT_CUSE,BG,,NaN,,NaN,,NaN
A,GE10,J61,E_ITSP2X_ITT2,PC_ENT_CUSE,CY,,NaN,,NaN,,NaN
A,GE10,J61,E_ITSP2X_ITT2,PC_ENT_CUSE,CZ,,NaN,,NaN,,NaN
A,GE10,J61,E_ITSP2X_ITT2,PC_ENT_CUSE,DE,,NaN,,NaN,,NaN
A,GE10,J61,E_ITSP2X_ITT2,PC_ENT_CUSE,DK,,NaN,,NaN,,NaN
A,GE10,J61,E_ITSP2X_ITT2,PC_ENT_CUSE,EA,,NaN,,NaN,,NaN
A,GE10,J61,E_ITSP2X_ITT2,PC_ENT_CUSE,EE,,NaN,,NaN,,NaN
A,GE10,J61,E_ITSP2X_ITT2,PC_ENT_CUSE,EL,,NaN,,NaN,,NaN
A,GE10,J61,E_ITSP2X_ITT2,PC_ENT_CUSE,ES,,NaN,,NaN,,NaN
A,GE10,J61,E_ITSP2X_ITT2,PC_ENT_CUSE,EU15,,NaN,,NaN,,NaN
A,GE10,J61,E_ITSP2X_ITT2,PC_ENT_CUSE,EU27_2007,,NaN,,NaN,,NaN
A,GE10,J61,E_ITSP2X_ITT2,PC_ENT_CUSE,EU27_2020,,NaN,,NaN,,NaN
A,GE10,J61,E_ITSP2X_ITT2,PC_ENT_CUSE,EU28,,NaN,,NaN,,NaN
A,GE10,J61,E_ITSP2X_ITT2,PC_ENT_CUSE,FI,,NaN,,NaN,,NaN
A,GE10,J61,E_ITSP2X_ITT2,PC_ENT_CUSE,FR,,NaN,,NaN,,NaN
A,GE10,J61,E_ITSP2X_ITT2,PC_ENT_CUSE,HR,,NaN,,NaN,,NaN
A,GE10,J61,E_ITSP2X_ITT2,PC_ENT_CUSE,HU,,NaN,,NaN,,NaN
A,GE10,J61,E_ITSP2X_ITT2,PC_ENT_CUSE,IE,,NaN,,NaN,,NaN
A,GE10,J61,E_ITSP2X_ITT2,PC_ENT_CUSE,IT,,NaN,,NaN,,NaN
A,GE10,J61,E_ITSP2X_ITT2,PC_ENT_CUSE,LT,,NaN,,NaN,,NaN
A,GE10,J61,E_ITSP2X_ITT2,PC_ENT_CUSE,LU,,NaN,,NaN,,NaN
A,GE10,J61,E_ITSP2X_ITT2,PC_ENT_CUSE,LV,,NaN,,NaN,,NaN
A,GE10,J61,E_ITSP2X_ITT2,PC_ENT_CUSE,ME,,NaN,,NaN,,NaN
A,GE10,J61,E_ITSP2X_ITT2,PC_ENT_CUSE,MK,,NaN,,NaN,,NaN
A,GE10,J61,E_ITSP2X_ITT2,PC_ENT_CUSE,MT,,NaN,,NaN,,NaN
A,GE10,J61,E_ITSP2X_ITT2,PC_ENT_CUSE,NL,,NaN,,NaN,,NaN
A,GE10,J61,E_ITSP2X_ITT2,PC_ENT_CUSE,NO,,NaN,,NaN,,NaN
A,GE10,J61,E_ITSP2X_ITT2,PC_ENT_CUSE,PL,,NaN,,NaN,,NaN
A,GE10,J61,E_ITSP2X_ITT2,PC_ENT_CUSE,PT,,NaN,,NaN,,NaN
A,GE10,J61,E_ITSP2X_ITT2,PC_ENT_CUSE,RO,,NaN,,NaN,,NaN
A,GE10,J61,E_ITSP2X_ITT2,PC_ENT_CUSE,RS,,NaN,,NaN,,NaN
A,GE10,J61,E_ITSP2X_ITT2,PC_ENT_CUSE,SE,,NaN,,NaN,,NaN
A,GE10,J61,E_ITSP2X_ITT2,PC_ENT_CUSE,SI,,NaN,,NaN,,NaN
A,GE10,J61,E_ITSP2X_ITT2,PC_ENT_CUSE,SK,,NaN,,NaN,,NaN
A,GE10,J61,E_ITSP2X_ITT2,PC_ENT_CUSE,TR,,NaN,,NaN,,NaN
A,GE10,J61,E_ITSP2X_ITT2,PC_ENT_CUSE,UK,,NaN,,NaN,,NaN
A,GE10,J61,E_ITSP2_ITT2,PC_ENT,AT,,u,,u,,u
A,GE10,J61,E_ITSP2_ITT2,PC_ENT,BA,67.19,NaN,51.25,NaN,61.48,NaN
A,GE10,J61,E_ITSP2_ITT2,PC_ENT,BE,,u,,u,,u
A,GE10,J61,E_ITSP2_ITT2,PC_ENT,BG,27.03,NaN,15.73,NaN,41.59,NaN
A,GE10,J61,E_ITSP2_ITT2,PC_ENT,CY,43.49,NaN,63.42,NaN,58.41,NaN
A,GE10,J61,E_ITSP2_ITT2,PC_ENT,CZ,55.56,NaN,54.29,NaN,53.23,NaN
A,GE10,J61,E_ITSP2_ITT2,PC_ENT,DE,64.11,NaN,,u,59.75,NaN
A,GE10,J61,E_ITSP2_ITT2,PC_ENT,DK,61.46,NaN,57.83,NaN,72.09,NaN
A,GE10,J61,E_ITSP2_ITT2,PC_ENT,EA,50.03,NaN,50.55,NaN,46.54,NaN
A,GE10,J61,E_ITSP2_ITT2,PC_ENT,EE,64.65,NaN,52.43,NaN,53.97,NaN
A,GE10,J61,E_ITSP2_ITT2,PC_ENT,EL,,u,45.67,NaN,30.25,NaN
A,GE10,J61,E_ITSP2_ITT2,PC_ENT,ES,,u,,u,,u
A,GE10,J61,E_ITSP2_ITT2,PC_ENT,EU15,,NaN,,NaN,,NaN
A,GE10,J61,E_ITSP2_ITT2,PC_ENT,EU27_2007,,NaN,,NaN,,NaN
A,GE10,J61,E_ITSP2_ITT2,PC_ENT,EU27_2020,46.75,NaN,48.28,NaN,49.42,NaN
A,GE10,J61,E_ITSP2_ITT2,PC_ENT,EU28,,NaN,,NaN,,NaN
A,GE10,J61,E_ITSP2_ITT2,PC_ENT,FI,,u,,u,,u
A,GE10,J61,E_ITSP2_ITT2,PC_ENT,FR,38.19,NaN,34.72,b,41.72,NaN
A,GE10,J61,E_ITSP2_ITT2,PC_ENT,HR,53.9,NaN,17.62,NaN,60.93,NaN
A,GE10,J61,E_ITSP2_ITT2,PC_ENT,HU,57.4,NaN,45.92,NaN,43.97,NaN
A,GE10,J61,E_ITSP2_ITT2,PC_ENT,IE,58.33,NaN,35.34,NaN,18.3,NaN
A,GE10,J61,E_ITSP2_ITT2,PC_ENT,IT,60.71,NaN,55.51,NaN,55.53,NaN
A,GE10,J61,E_ITSP2_ITT2,PC_ENT,LT,34.38,NaN,48.48,NaN,,u
A,GE10,J61,E_ITSP2_ITT2,PC_ENT,LU,,u,,u,,u
A,GE10,J61,E_ITSP2_ITT2,PC_ENT,LV,65.07,NaN,55.0,NaN,69.05,NaN
A,GE10,J61,E_ITSP2_ITT2,PC_ENT,ME,50.0,NaN,,NaN,,NaN
A,GE10,J61,E_ITSP2_ITT2,PC_ENT,MK,,u,,u,,NaN
A,GE10,J61,E_ITSP2_ITT2,PC_ENT,MT,,u,,u,,u
A,GE10,J61,E_ITSP2_ITT2,PC_ENT,NL,58.13,NaN,67.89,NaN,55.43,NaN
A,GE10,J61,E_ITSP2_ITT2,PC_ENT,NO,64.16,NaN,59.72,NaN,49.72,NaN
A,GE10,J61,E_ITSP2_ITT2,PC_ENT,PL,,u,59.52,NaN,71.07,NaN
A,GE10,J61,E_ITSP2_ITT2,PC_ENT,PT,,u,38.37,NaN,,u
A,GE10,J61,E_ITSP2_ITT2,PC_ENT,RO,22.04,NaN,15.51,NaN,35.76,NaN
A,GE10,J61,E_ITSP2_ITT2,PC_ENT,RS,41.09,NaN,55.93,NaN,80.3,NaN
A,GE10,J61,E_ITSP2_ITT2,PC_ENT,SE,50.11,NaN,48.19,NaN,,bu
A,GE10,J61,E_ITSP2_ITT2,PC_ENT,SI,100.0,NaN,,u,,u
A,GE10,J61,E_ITSP2_ITT2,PC_ENT,SK,65.42,NaN,66.67,NaN,61.18,NaN
A,GE10,J61,E_ITSP2_ITT2,PC_ENT,TR,45.35,NaN,42.39,NaN,42.71,NaN
A,GE10,J61,E_ITSP2_ITT2,PC_ENT,UK,,u,,NaN,,NaN
A,GE10,J61,E_ITSP2_ITT2,PC_ENT_CUSE,AT,,NaN,,NaN,,NaN
A,GE10,J61,E_ITSP2_ITT2,PC_ENT_CUSE,BA,,NaN,,NaN,,NaN
A,GE10,J61,E_ITSP2_ITT2,PC_ENT_CUSE,BE,,NaN,,NaN,,NaN
A,GE10,J61,E_ITSP2_ITT2,PC_ENT_CUSE,BG,,NaN,,NaN,,NaN
A,GE10,J61,E_ITSP2_ITT2,PC_ENT_CUSE,CY,,NaN,,NaN,,NaN
A,GE10,J61,E_ITSP2_ITT2,PC_ENT_CUSE,CZ,,NaN,,NaN,,NaN
A,GE10,J61,E_ITSP2_ITT2,PC_ENT_CUSE,DE,,NaN,,NaN,,NaN
A,GE10,J61,E_ITSP2_ITT2,PC_ENT_CUSE,DK,,NaN,,NaN,,NaN
A,GE10,J61,E_ITSP2_ITT2,PC_ENT_CUSE,EA,,NaN,,NaN,,NaN
A,GE10,J61,E_ITSP2_ITT2,PC_ENT_CUSE,EE,,NaN,,NaN,,NaN
A,GE10,J61,E_ITSP2_ITT2,PC_ENT_CUSE,EL,,NaN,,NaN,,NaN
A,GE10,J61,E_ITSP2_ITT2,PC_ENT_CUSE,ES,,NaN,,NaN,,NaN
A,GE10,J61,E_ITSP2_ITT2,PC_ENT_CUSE,EU15,,NaN,,NaN,,NaN
A,GE10,J61,E_ITSP2_ITT2,PC_ENT_CUSE,EU27_2007,,NaN,,NaN,,NaN
A,GE10,J61,E_ITSP2_ITT2,PC_ENT_CUSE,EU27_2020,,NaN,,NaN,,NaN
A,GE10,J61,E_ITSP2_ITT2,PC_ENT_CUSE,EU28,,NaN,,NaN,,NaN
A,GE10,J61,E_ITSP2_ITT2,PC_ENT_CUSE,FI,,NaN,,NaN,,NaN
A,GE10,J61,E_ITSP2_ITT2,PC_ENT_CUSE,FR,,NaN,,NaN,,NaN
A,GE10,J61,E_ITSP2_ITT2,PC_ENT_CUSE,HR,,NaN,,NaN,,NaN
A,GE10,J61,E_ITSP2_ITT2,PC_ENT_CUSE,HU,,NaN,,NaN,,NaN
A,GE10,J61,E_ITSP2_ITT2,PC_ENT_CUSE,IE,,NaN,,NaN,,NaN
A,GE10,J61,E_ITSP2_ITT2,PC_ENT_CUSE,IT,,NaN,,NaN,,NaN
A,GE10,J61,E_ITSP2_ITT2,PC_ENT_CUSE,LT,,NaN,,NaN,,NaN
A,GE10,J61,E_ITSP2_ITT2,PC_ENT_CUSE,LU,,NaN,,NaN,,NaN
A,GE10,J61,E_ITSP2_ITT2,PC_ENT_CUSE,LV,,NaN,,NaN,,NaN
A,GE10,J61,E_ITSP2_ITT2,PC_ENT_CUSE,ME,,NaN,,NaN,,NaN
A,GE10,J61,E_ITSP2_ITT2,PC_ENT_CUSE,MK,,NaN,,NaN,,NaN
A,GE10,J61,E_ITSP2_ITT2,PC_ENT_CUSE,MT,,NaN,,NaN,,NaN
A,GE10,J61,E_ITSP2_ITT2,PC_ENT_CUSE,NL,,NaN,,NaN,,NaN
A,GE10,J61,E_ITSP2_ITT2,PC_ENT_CUSE,NO,,NaN,,NaN,,NaN
A,GE10,J61,E_ITSP2_ITT2,PC_ENT_CUSE,PL,,NaN,,NaN,,NaN
A,GE10,J61,E_ITSP2_ITT2,PC_ENT_CUSE,PT,,NaN,,NaN,,NaN
A,GE10,J61,E_ITSP2_ITT2,PC_ENT_CUSE,RO,,NaN,,NaN,,NaN
A,GE10,J61,E_ITSP2_ITT2,PC_ENT_CUSE,RS,,NaN,,NaN,,NaN
A,GE10,J61,E_ITSP2_ITT2,PC_ENT_CUSE,SE,,NaN,,NaN,,NaN
A,GE10,J61,E_ITSP2_ITT2,PC_ENT_CUSE,SI,,NaN,,NaN,,NaN
A,GE10,J61,E_ITSP2_ITT2,PC_ENT_CUSE,SK,,NaN,,NaN,,NaN
A,GE10,J61,E_ITSP2_ITT2,PC_ENT_CUSE,TR,,NaN,,NaN,,NaN
A,GE10,J61,E_ITSP2_ITT2,PC_ENT_CUSE,UK,,NaN,,NaN,,NaN
A,GE10,J61,E_ITSPT2,PC_ENT,AT,,u,,u,,u
A,GE10,J61,E_ITSPT2,PC_ENT,BA,60.94,NaN,51.25,NaN,58.15,NaN
A,GE10,J61,E_ITSPT2,PC_ENT,BE,,u,,u,,u
A,GE10,J61,E_ITSPT2,PC_ENT,BG,25.88,NaN,15.73,NaN,41.59,NaN
A,GE10,J61,E_ITSPT2,PC_ENT,CY,43.49,NaN,63.42,NaN,52.47,NaN
A,GE10,J61,E_ITSPT2,PC_ENT,CZ,53.16,NaN,50.8,NaN,51.19,NaN
A,GE10,J61,E_ITSPT2,PC_ENT,DE,55.51,NaN,,u,57.12,NaN
A,GE10,J61,E_ITSPT2,PC_ENT,DK,61.46,NaN,56.34,NaN,66.49,NaN
A,GE10,J61,E_ITSPT2,PC_ENT,EA,45.57,NaN,46.7,NaN,42.94,NaN
A,GE10,J61,E_ITSPT2,PC_ENT,EE,64.65,NaN,48.43,NaN,49.21,NaN
A,GE10,J61,E_ITSPT2,PC_ENT,EL,,u,45.67,NaN,24.92,NaN
A,GE10,J61,E_ITSPT2,PC_ENT,ES,,u,,u,,u
A,GE10,J61,E_ITSPT2,PC_ENT,EU15,,NaN,,NaN,,NaN
A,GE10,J61,E_ITSPT2,PC_ENT,EU27_2007,,NaN,,NaN,,NaN
A,GE10,J61,E_ITSPT2,PC_ENT,EU27_2020,43.07,NaN,43.98,NaN,45.67,NaN
A,GE10,J61,E_ITSPT2,PC_ENT,EU28,,NaN,,NaN,,NaN
A,GE10,J61,E_ITSPT2,PC_ENT,FI,,u,,u,,u
A,GE10,J61,E_ITSPT2,PC_ENT,FR,29.7,NaN,30.24,b,39.03,NaN
A,GE10,J61,E_ITSPT2,PC_ENT,HR,49.86,NaN,14.08,NaN,60.93,NaN
A,GE10,J61,E_ITSPT2,PC_ENT,HU,47.73,NaN,41.43,NaN,34.7,NaN
A,GE10,J61,E_ITSPT2,PC_ENT,IE,45.81,NaN,24.48,NaN,12.2,NaN
A,GE10,J61,E_ITSPT2,PC_ENT,IS,,NaN,,NaN,,NaN
A,GE10,J61,E_ITSPT2,PC_ENT,IT,62.21,NaN,54.09,NaN,53.8,NaN
A,GE10,J61,E_ITSPT2,PC_ENT,LT,31.25,NaN,48.48,NaN,,u
A,GE10,J61,E_ITSPT2,PC_ENT,LU,,u,,u,,u
A,GE10,J61,E_ITSPT2,PC_ENT,LV,52.54,NaN,50.83,NaN,51.49,NaN
A,GE10,J61,E_ITSPT2,PC_ENT,ME,50.0,NaN,,NaN,,NaN
A,GE10,J61,E_ITSPT2,PC_ENT,MK,,u,,u,,NaN
A,GE10,J61,E_ITSPT2,PC_ENT,MT,,u,,u,,u
A,GE10,J61,E_ITSPT2,PC_ENT,NL,53.68,NaN,67.89,NaN,55.43,NaN
A,GE10,J61,E_ITSPT2,PC_ENT,NO,63.01,NaN,58.65,NaN,45.0,NaN
A,GE10,J61,E_ITSPT2,PC_ENT,PL,,u,47.89,NaN,68.42,NaN
A,GE10,J61,E_ITSPT2,PC_ENT,PT,,u,32.56,NaN,40.44,NaN
A,GE10,J61,E_ITSPT2,PC_ENT,RO,25.26,NaN,14.89,NaN,31.61,NaN
A,GE10,J61,E_ITSPT2,PC_ENT,RS,35.64,NaN,51.68,NaN,63.89,NaN
A,GE10,J61,E_ITSPT2,PC_ENT,SE,40.49,NaN,44.39,NaN,42.78,b
A,GE10,J61,E_ITSPT2,PC_ENT,SI,100.0,NaN,,u,,u
A,GE10,J61,E_ITSPT2,PC_ENT,SK,62.95,NaN,51.9,NaN,61.18,NaN
A,GE10,J61,E_ITSPT2,PC_ENT,TR,39.46,NaN,34.1,NaN,35.94,NaN
A,GE10,J61,E_ITSPT2,PC_ENT,UK,,u,,NaN,,NaN
A,GE10,J61,E_ITSPT2,PC_ENT_CUSE,AT,,NaN,,NaN,,NaN
A,GE10,J61,E_ITSPT2,PC_ENT_CUSE,BA,,NaN,,NaN,,NaN
A,GE10,J61,E_ITSPT2,PC_ENT_CUSE,BE,,NaN,,NaN,,NaN
A,GE10,J61,E_ITSPT2,PC_ENT_CUSE,BG,,NaN,,NaN,,NaN
A,GE10,J61,E_ITSPT2,PC_ENT_CUSE,CY,,NaN,,NaN,,NaN
A,GE10,J61,E_ITSPT2,PC_ENT_CUSE,CZ,,NaN,,NaN,,NaN
A,GE10,J61,E_ITSPT2,PC_ENT_CUSE,DE,,NaN,,NaN,,NaN
A,GE10,J61,E_ITSPT2,PC_ENT_CUSE,DK,,NaN,,NaN,,NaN
A,GE10,J61,E_ITSPT2,PC_ENT_CUSE,EA,,NaN,,NaN,,NaN
A,GE10,J61,E_ITSPT2,PC_ENT_CUSE,EE,,NaN,,NaN,,NaN
A,GE10,J61,E_ITSPT2,PC_ENT_CUSE,EL,,NaN,,NaN,,NaN
A,GE10,J61,E_ITSPT2,PC_ENT_CUSE,ES,,NaN,,NaN,,NaN
A,GE10,J61,E_ITSPT2,PC_ENT_CUSE,EU15,,NaN,,NaN,,NaN
A,GE10,J61,E_ITSPT2,PC_ENT_CUSE,EU27_2007,,NaN,,NaN,,NaN
A,GE10,J61,E_ITSPT2,PC_ENT_CUSE,EU27_2020,,NaN,,NaN,,NaN
A,GE10,J61,E_ITSPT2,PC_ENT_CUSE,EU28,,NaN,,NaN,,NaN
A,GE10,J61,E_ITSPT2,PC_ENT_CUSE,FI,,NaN,,NaN,,NaN
A,GE10,J61,E_ITSPT2,PC_ENT_CUSE,FR,,NaN,,NaN,,NaN
A,GE10,J61,E_ITSPT2,PC_ENT_CUSE,HR,,NaN,,NaN,,NaN
A,GE10,J61,E_ITSPT2,PC_ENT_CUSE,HU,,NaN,,NaN,,NaN
A,GE10,J61,E_ITSPT2,PC_ENT_CUSE,IE,,NaN,,NaN,,NaN
A,GE10,J61,E_ITSPT2,PC_ENT_CUSE,IS,,NaN,,NaN,,NaN
A,GE10,J61,E_ITSPT2,PC_ENT_CUSE,IT,,NaN,,NaN,,NaN
A,GE10,J61,E_ITSPT2,PC_ENT_CUSE,LT,,NaN,,NaN,,NaN
A,GE10,J61,E_ITSPT2,PC_ENT_CUSE,LU,,NaN,,NaN,,NaN
A,GE10,J61,E_ITSPT2,PC_ENT_CUSE,LV,,NaN,,NaN,,NaN
A,GE10,J61,E_ITSPT2,PC_ENT_CUSE,ME,,NaN,,NaN,,NaN
A,GE10,J61,E_ITSPT2,PC_ENT_CUSE,MK,,NaN,,NaN,,NaN
A,GE10,J61,E_ITSPT2,PC_ENT_CUSE,MT,,NaN,,NaN,,NaN
A,GE10,J61,E_ITSPT2,PC_ENT_CUSE,NL,,NaN,,NaN,,NaN
A,GE10,J61,E_ITSPT2,PC_ENT_CUSE,NO,,NaN,,NaN,,NaN
A,GE10,J61,E_ITSPT2,PC_ENT_CUSE,PL,,NaN,,NaN,,NaN
A,GE10,J61,E_ITSPT2,PC_ENT_CUSE,PT,,NaN,,NaN,,NaN
A,GE10,J61,E_ITSPT2,PC_ENT_CUSE,RO,,NaN,,NaN,,NaN
A,GE10,J61,E_ITSPT2,PC_ENT_CUSE,RS,,NaN,,NaN,,NaN
A,GE10,J61,E_ITSPT2,PC_ENT_CUSE,SE,,NaN,,NaN,,NaN
A,GE10,J61,E_ITSPT2,PC_ENT_CUSE,SI,,NaN,,NaN,,NaN
A,GE10,J61,E_ITSPT2,PC_ENT_CUSE,SK,,NaN,,NaN,,NaN
A,GE10,J61,E_ITSPT2,PC_ENT_CUSE,TR,,NaN,,NaN,,NaN
A,GE10,J61,E_ITSPT2,PC_ENT_CUSE,UK,,NaN,,NaN,,NaN
A,GE10,J61,E_ITT2,PC_ENT,AT,,u,,u,,u
A,GE10,J61,E_ITT2,PC_ENT,BA,67.19,NaN,60.56,NaN,61.48,NaN
A,GE10,J61,E_ITT2,PC_ENT,BE,,u,,u,,u
A,GE10,J61,E_ITT2,PC_ENT,BG,28.17,NaN,18.09,NaN,47.25,NaN
A,GE10,J61,E_ITT2,PC_ENT,CY,57.62,NaN,73.55,NaN,64.35,NaN
A,GE10,J61,E_ITT2,PC_ENT,CZ,62.86,NaN,63.28,NaN,60.78,NaN
A,GE10,J61,E_ITT2,PC_ENT,DE,67.66,NaN,,u,65.91,NaN
A,GE10,J61,E_ITT2,PC_ENT,DK,71.98,NaN,63.74,NaN,72.09,NaN
A,GE10,J61,E_ITT2,PC_ENT,EA,55.8,NaN,55.38,NaN,51.69,NaN
A,GE10,J61,E_ITT2,PC_ENT,EE,64.65,NaN,52.43,NaN,53.97,NaN
A,GE10,J61,E_ITT2,PC_ENT,EL,,u,51.04,NaN,32.3,NaN
A,GE10,J61,E_ITT2,PC_ENT,ES,,u,,u,,u
A,GE10,J61,E_ITT2,PC_ENT,EU15,,NaN,,NaN,,NaN
A,GE10,J61,E_ITT2,PC_ENT,EU27_2007,,NaN,,NaN,,NaN
A,GE10,J61,E_ITT2,PC_ENT,EU27_2020,52.59,NaN,52.73,NaN,54.29,NaN
A,GE10,J61,E_ITT2,PC_ENT,EU28,,NaN,,NaN,,NaN
A,GE10,J61,E_ITT2,PC_ENT,FI,,u,,u,,u
A,GE10,J61,E_ITT2,PC_ENT,FR,38.19,NaN,40.13,b,43.53,NaN
A,GE10,J61,E_ITT2,PC_ENT,HR,68.56,NaN,17.62,NaN,60.93,NaN
A,GE10,J61,E_ITT2,PC_ENT,HU,63.21,NaN,48.85,NaN,43.97,NaN
A,GE10,J61,E_ITT2,PC_ENT,IE,62.54,NaN,45.68,NaN,18.3,NaN
A,GE10,J61,E_ITT2,PC_ENT,IS,,NaN,,NaN,,NaN
A,GE10,J61,E_ITT2,PC_ENT,IT,67.11,NaN,60.37,NaN,60.15,NaN
A,GE10,J61,E_ITT2,PC_ENT,LT,34.38,NaN,48.48,NaN,,u
A,GE10,J61,E_ITT2,PC_ENT,LU,,u,,u,,u
A,GE10,J61,E_ITT2,PC_ENT,LV,67.67,NaN,63.33,NaN,69.05,NaN
A,GE10,J61,E_ITT2,PC_ENT,ME,50.0,NaN,40.63,NaN,,NaN
A,GE10,J61,E_ITT2,PC_ENT,MK,,u,,u,,NaN
A,GE10,J61,E_ITT2,PC_ENT,MT,,u,,u,,u
A,GE10,J61,E_ITT2,PC_ENT,NL,59.6,NaN,71.26,NaN,58.46,NaN
A,GE10,J61,E_ITT2,PC_ENT,NO,74.34,NaN,74.66,NaN,60.19,NaN
A,GE10,J61,E_ITT2,PC_ENT,PL,,u,62.19,NaN,74.67,NaN
A,GE10,J61,E_ITT2,PC_ENT,PT,,u,,u,,u
A,GE10,J61,E_ITT2,PC_ENT,RO,27.58,NaN,15.51,NaN,37.8,NaN
A,GE10,J61,E_ITT2,PC_ENT,RS,41.09,NaN,55.93,NaN,83.33,NaN
A,GE10,J61,E_ITT2,PC_ENT,SE,61.82,NaN,55.32,NaN,,bu
A,GE10,J61,E_ITT2,PC_ENT,SI,100.0,NaN,,u,,u
A,GE10,J61,E_ITT2,PC_ENT,SK,67.92,NaN,66.67,NaN,67.65,NaN
A,GE10,J61,E_ITT2,PC_ENT,TR,53.23,NaN,51.55,NaN,52.92,NaN
A,GE10,J61,E_ITT2,PC_ENT,UK,,u,,NaN,,NaN
A,GE10,J61,E_ITT2,PC_ENT_CUSE,AT,,NaN,,NaN,,NaN
A,GE10,J61,E_ITT2,PC_ENT_CUSE,BA,,NaN,,NaN,,NaN
A,GE10,J61,E_ITT2,PC_ENT_CUSE,BE,,NaN,,NaN,,NaN
A,GE10,J61,E_ITT2,PC_ENT_CUSE,BG,,NaN,,NaN,,NaN
A,GE10,J61,E_ITT2,PC_ENT_CUSE,CY,,NaN,,NaN,,NaN
A,GE10,J61,E_ITT2,PC_ENT_CUSE,CZ,,NaN,,NaN,,NaN
A,GE10,J61,E_ITT2,PC_ENT_CUSE,DE,,NaN,,NaN,,NaN
A,GE10,J61,E_ITT2,PC_ENT_CUSE,DK,,NaN,,NaN,,NaN
A,GE10,J61,E_ITT2,PC_ENT_CUSE,EA,,NaN,,NaN,,NaN
A,GE10,J61,E_ITT2,PC_ENT_CUSE,EE,,NaN,,NaN,,NaN
A,GE10,J61,E_ITT2,PC_ENT_CUSE,EL,,NaN,,NaN,,NaN
A,GE10,J61,E_ITT2,PC_ENT_CUSE,ES,,NaN,,NaN,,NaN
A,GE10,J61,E_ITT2,PC_ENT_CUSE,EU15,,NaN,,NaN,,NaN
A,GE10,J61,E_ITT2,PC_ENT_CUSE,EU27_2007,,NaN,,NaN,,NaN
A,GE10,J61,E_ITT2,PC_ENT_CUSE,EU27_2020,,NaN,,NaN,,NaN
A,GE10,J61,E_ITT2,PC_ENT_CUSE,EU28,,NaN,,NaN,,NaN
A,GE10,J61,E_ITT2,PC_ENT_CUSE,FI,,NaN,,NaN,,NaN
A,GE10,J61,E_ITT2,PC_ENT_CUSE,FR,,NaN,,NaN,,NaN
A,GE10,J61,E_ITT2,PC_ENT_CUSE,HR,,NaN,,NaN,,NaN
A,GE10,J61,E_ITT2,PC_ENT_CUSE,HU,,NaN,,NaN,,NaN
A,GE10,J61,E_ITT2,PC_ENT_CUSE,IE,,NaN,,NaN,,NaN
A,GE10,J61,E_ITT2,PC_ENT_CUSE,IS,,NaN,,NaN,,NaN
A,GE10,J61,E_ITT2,PC_ENT_CUSE,IT,,NaN,,NaN,,NaN
A,GE10,J61,E_ITT2,PC_ENT_CUSE,LT,,NaN,,NaN,,NaN
A,GE10,J61,E_ITT2,PC_ENT_CUSE,LU,,NaN,,NaN,,NaN
A,GE10,J61,E_ITT2,PC_ENT_CUSE,LV,,NaN,,NaN,,NaN
A,GE10,J61,E_ITT2,PC_ENT_CUSE,ME,,NaN,,NaN,,NaN
A,GE10,J61,E_ITT2,PC_ENT_CUSE,MK,,NaN,,NaN,,NaN
A,GE10,J61,E_ITT2,PC_ENT_CUSE,MT,,NaN,,NaN,,NaN
A,GE10,J61,E_ITT2,PC_ENT_CUSE,NL,,NaN,,NaN,,NaN
A,GE10,J61,E_ITT2,PC_ENT_CUSE,NO,,NaN,,NaN,,NaN
A,GE10,J61,E_ITT2,PC_ENT_CUSE,PL,,NaN,,NaN,,NaN
A,GE10,J61,E_ITT2,PC_ENT_CUSE,PT,,NaN,,NaN,,NaN
A,GE10,J61,E_ITT2,PC_ENT_CUSE,RO,,NaN,,NaN,,NaN
A,GE10,J61,E_ITT2,PC_ENT_CUSE,RS,,NaN,,NaN,,NaN
A,GE10,J61,E_ITT2,PC_ENT_CUSE,SE,,NaN,,NaN,,NaN
A,GE10,J61,E_ITT2,PC_ENT_CUSE,SI,,NaN,,NaN,,NaN
A,GE10,J61,E_ITT2,PC_ENT_CUSE,SK,,NaN,,NaN,,NaN
A,GE10,J61,E_ITT2,PC_ENT_CUSE,TR,,NaN,,NaN,,NaN
A,GE10,J61,E_ITT2,PC_ENT_CUSE,UK,,NaN,,NaN,,NaN
A,GE10,J61,E_ITUST2,PC_ENT,AT,,u,,u,,u
A,GE10,J61,E_ITUST2,PC_ENT,BA,54.69,NaN,42.57,NaN,44.07,NaN
A,GE10,J61,E_ITUST2,PC_ENT,BE,,u,,u,,u
A,GE10,J61,E_ITUST2,PC_ENT,BG,17.2,NaN,10.59,NaN,11.33,NaN
A,GE10,J61,E_ITUST2,PC_ENT,CY,43.49,NaN,73.55,NaN,64.35,NaN
A,GE10,J61,E_ITUST2,PC_ENT,CZ,62.86,NaN,57.24,NaN,50.67,NaN
A,GE10,J61,E_ITUST2,PC_ENT,DE,62.06,NaN,,u,59.05,NaN
A,GE10,J61,E_ITUST2,PC_ENT,DK,55.59,NaN,56.81,NaN,58.06,NaN
A,GE10,J61,E_ITUST2,PC_ENT,EA,44.77,NaN,44.68,NaN,43.49,NaN
A,GE10,J61,E_ITUST2,PC_ENT,EE,41.41,NaN,48.43,NaN,38.1,NaN
A,GE10,J61,E_ITUST2,PC_ENT,EL,,u,48.93,NaN,29.55,NaN
A,GE10,J61,E_ITUST2,PC_ENT,ES,,u,,u,,u
A,GE10,J61,E_ITUST2,PC_ENT,EU15,,NaN,,NaN,,NaN
A,GE10,J61,E_ITUST2,PC_ENT,EU27_2007,,NaN,,NaN,,NaN
A,GE10,J61,E_ITUST2,PC_ENT,EU27_2020,41.58,NaN,42.79,NaN,42.92,NaN
A,GE10,J61,E_ITUST2,PC_ENT,EU28,,NaN,,NaN,,NaN
A,GE10,J61,E_ITUST2,PC_ENT,FI,,u,,u,,u
A,GE10,J61,E_ITUST2,PC_ENT,FR,31.19,NaN,34.05,b,36.08,NaN
A,GE10,J61,E_ITUST2,PC_ENT,HR,45.65,NaN,8.46,NaN,27.16,NaN
A,GE10,J61,E_ITUST2,PC_ENT,HU,52.96,NaN,35.46,NaN,35.07,NaN
A,GE10,J61,E_ITUST2,PC_ENT,IE,52.1,NaN,35.87,NaN,18.3,NaN
A,GE10,J61,E_ITUST2,PC_ENT,IS,,NaN,,NaN,,NaN
A,GE10,J61,E_ITUST2,PC_ENT,IT,39.36,NaN,43.15,NaN,47.27,NaN
A,GE10,J61,E_ITUST2,PC_ENT,LT,28.13,NaN,45.45,NaN,,u
A,GE10,J61,E_ITUST2,PC_ENT,LU,,u,,u,,u
A,GE10,J61,E_ITUST2,PC_ENT,LV,58.51,NaN,51.67,NaN,51.49,NaN
A,GE10,J61,E_ITUST2,PC_ENT,ME,,u,,NaN,,NaN
A,GE10,J61,E_ITUST2,PC_ENT,MK,,u,,u,,NaN
A,GE10,J61,E_ITUST2,PC_ENT,MT,,u,,u,,u
A,GE10,J61,E_ITUST2,PC_ENT,NL,44.76,NaN,62.72,NaN,49.62,NaN
A,GE10,J61,E_ITUST2,PC_ENT,NO,69.61,NaN,65.54,NaN,53.36,NaN
A,GE10,J61,E_ITUST2,PC_ENT,PL,27.63,NaN,51.46,NaN,45.82,NaN
A,GE10,J61,E_ITUST2,PC_ENT,PT,,u,37.21,NaN,50.25,NaN
A,GE10,J61,E_ITUST2,PC_ENT,RO,16.06,NaN,10.25,NaN,23.27,NaN
A,GE10,J61,E_ITUST2,PC_ENT,RS,33.09,NaN,52.01,NaN,81.06,NaN
A,GE10,J61,E_ITUST2,PC_ENT,SE,49.88,NaN,51.24,NaN,,bu
A,GE10,J61,E_ITUST2,PC_ENT,SI,,u,,u,,u
A,GE10,J61,E_ITUST2,PC_ENT,SK,55.53,NaN,51.67,NaN,46.53,NaN
A,GE10,J61,E_ITUST2,PC_ENT,TR,38.73,NaN,47.78,NaN,47.24,NaN
A,GE10,J61,E_ITUST2,PC_ENT,UK,,u,,NaN,,NaN
A,GE10,J61,E_ITUST2,PC_ENT_CUSE,AT,,NaN,,NaN,,NaN
A,GE10,J61,E_ITUST2,PC_ENT_CUSE,BA,,NaN,,NaN,,NaN
A,GE10,J61,E_ITUST2,PC_ENT_CUSE,BE,,NaN,,NaN,,NaN
A,GE10,J61,E_ITUST2,PC_ENT_CUSE,BG,,NaN,,NaN,,NaN
A,GE10,J61,E_ITUST2,PC_ENT_CUSE,CY,,NaN,,NaN,,NaN
A,GE10,J61,E_ITUST2,PC_ENT_CUSE,CZ,,NaN,,NaN,,NaN
A,GE10,J61,E_ITUST2,PC_ENT_CUSE,DE,,NaN,,NaN,,NaN
A,GE10,J61,E_ITUST2,PC_ENT_CUSE,DK,,NaN,,NaN,,NaN
A,GE10,J61,E_ITUST2,PC_ENT_CUSE,EA,,NaN,,NaN,,NaN
A,GE10,J61,E_ITUST2,PC_ENT_CUSE,EE,,NaN,,NaN,,NaN
A,GE10,J61,E_ITUST2,PC_ENT_CUSE,EL,,NaN,,NaN,,NaN
A,GE10,J61,E_ITUST2,PC_ENT_CUSE,ES,,NaN,,NaN,,NaN
A,GE10,J61,E_ITUST2,PC_ENT_CUSE,EU15,,NaN,,NaN,,NaN
A,GE10,J61,E_ITUST2,PC_ENT_CUSE,EU27_2007,,NaN,,NaN,,NaN
A,GE10,J61,E_ITUST2,PC_ENT_CUSE,EU27_2020,,NaN,,NaN,,NaN
A,GE10,J61,E_ITUST2,PC_ENT_CUSE,EU28,,NaN,,NaN,,NaN
A,GE10,J61,E_ITUST2,PC_ENT_CUSE,FI,,NaN,,NaN,,NaN
A,GE10,J61,E_ITUST2,PC_ENT_CUSE,FR,,NaN,,NaN,,NaN
A,GE10,J61,E_ITUST2,PC_ENT_CUSE,HR,,NaN,,NaN,,NaN
A,GE10,J61,E_ITUST2,PC_ENT_CUSE,HU,,NaN,,NaN,,NaN
A,GE10,J61,E_ITUST2,PC_ENT_CUSE,IE,,NaN,,NaN,,NaN
A,GE10,J61,E_ITUST2,PC_ENT_CUSE,IS,,NaN,,NaN,,NaN
A,GE10,J61,E_ITUST2,PC_ENT_CUSE,IT,,NaN,,NaN,,NaN
A,GE10,J61,E_ITUST2,PC_ENT_CUSE,LT,,NaN,,NaN,,NaN
A,GE10,J61,E_ITUST2,PC_ENT_CUSE,LU,,NaN,,NaN,,NaN
A,GE10,J61,E_ITUST2,PC_ENT_CUSE,LV,,NaN,,NaN,,NaN
A,GE10,J61,E_ITUST2,PC_ENT_CUSE,ME,,NaN,,NaN,,NaN
A,GE10,J61,E_ITUST2,PC_ENT_CUSE,MK,,NaN,,NaN,,NaN
A,GE10,J61,E_ITUST2,PC_ENT_CUSE,MT,,NaN,,NaN,,NaN
A,GE10,J61,E_ITUST2,PC_ENT_CUSE,NL,,NaN,,NaN,,NaN
A,GE10,J61,E_ITUST2,PC_ENT_CUSE,NO,,NaN,,NaN,,NaN
A,GE10,J61,E_ITUST2,PC_ENT_CUSE,PL,,NaN,,NaN,,NaN
A,GE10,J61,E_ITUST2,PC_ENT_CUSE,PT,,NaN,,NaN,,NaN
A,GE10,J61,E_ITUST2,PC_ENT_CUSE,RO,,NaN,,NaN,,NaN
A,GE10,J61,E_ITUST2,PC_ENT_CUSE,RS,,NaN,,NaN,,NaN
A,GE10,J61,E_ITUST2,PC_ENT_CUSE,SE,,NaN,,NaN,,NaN
A,GE10,J61,E_ITUST2,PC_ENT_CUSE,SI,,NaN,,NaN,,NaN
A,GE10,J61,E_ITUST2,PC_ENT_CUSE,SK,,NaN,,NaN,,NaN
A,GE10,J61,E_ITUST2,PC_ENT_CUSE,TR,,NaN,,NaN,,NaN
A,GE10,J61,E_ITUST2,PC_ENT_CUSE,UK,,NaN,,NaN,,NaN
A,GE10,J62_J63,E_ITSP2X_ITT2,PC_ENT,AT,0.0,NaN,0.86,NaN,1.94,NaN
A,GE10,J62_J63,E_ITSP2X_ITT2,PC_ENT,BA,,u,,u,,NaN
A,GE10,J62_J63,E_ITSP2X_ITT2,PC_ENT,BE,0.0,NaN,1.63,NaN,6.41,NaN
A,GE10,J62_J63,E_ITSP2X_ITT2,PC_ENT,BG,,u,,u,,u
A,GE10,J62_J63,E_ITSP2X_ITT2,PC_ENT,CY,4.79,NaN,6.23,NaN,1.8,NaN
A,GE10,J62_J63,E_ITSP2X_ITT2,PC_ENT,CZ,3.3,NaN,2.69,NaN,5.32,NaN
A,GE10,J62_J63,E_ITSP2X_ITT2,PC_ENT,DE,2.57,NaN,2.92,NaN,1.64,NaN
A,GE10,J62_J63,E_ITSP2X_ITT2,PC_ENT,DK,0.65,NaN,0.55,NaN,2.52,NaN
A,GE10,J62_J63,E_ITSP2X_ITT2,PC_ENT,EA,2.42,NaN,3.06,NaN,2.96,NaN
A,GE10,J62_J63,E_ITSP2X_ITT2,PC_ENT,EE,0.45,NaN,0.0,NaN,1.79,NaN
A,GE10,J62_J63,E_ITSP2X_ITT2,PC_ENT,EL,,u,2.6,NaN,0.0,NaN
A,GE10,J62_J63,E_ITSP2X_ITT2,PC_ENT,ES,,u,,u,7.43,NaN
A,GE10,J62_J63,E_ITSP2X_ITT2,PC_ENT,EU15,,NaN,,NaN,,NaN
A,GE10,J62_J63,E_ITSP2X_ITT2,PC_ENT,EU27_2007,,NaN,,NaN,,NaN
A,GE10,J62_J63,E_ITSP2X_ITT2,PC_ENT,EU27_2020,2.38,NaN,2.93,NaN,2.84,NaN
A,GE10,J62_J63,E_ITSP2X_ITT2,PC_ENT,EU28,,NaN,,NaN,,NaN
A,GE10,J62_J63,E_ITSP2X_ITT2,PC_ENT,FI,,u,,u,,u
A,GE10,J62_J63,E_ITSP2X_ITT2,PC_ENT,FR,0.96,NaN,0.71,b,3.32,NaN
A,GE10,J62_J63,E_ITSP2X_ITT2,PC_ENT,HR,,NaN,0.0,NaN,1.38,NaN
A,GE10,J62_J63,E_ITSP2X_ITT2,PC_ENT,HU,0.33,NaN,0.31,NaN,1.36,NaN
A,GE10,J62_J63,E_ITSP2X_ITT2,PC_ENT,IE,2.45,NaN,6.53,NaN,2.82,NaN
A,GE10,J62_J63,E_ITSP2X_ITT2,PC_ENT,IT,3.59,NaN,4.53,NaN,3.4,NaN
A,GE10,J62_J63,E_ITSP2X_ITT2,PC_ENT,LT,0.57,NaN,0.24,NaN,1.06,NaN
A,GE10,J62_J63,E_ITSP2X_ITT2,PC_ENT,LU,,u,,u,,u
A,GE10,J62_J63,E_ITSP2X_ITT2,PC_ENT,LV,0.96,NaN,3.16,NaN,1.24,NaN
A,GE10,J62_J63,E_ITSP2X_ITT2,PC_ENT,ME,,u,0.0,NaN,15.2,NaN
A,GE10,J62_J63,E_ITSP2X_ITT2,PC_ENT,MK,3.18,NaN,,u,,NaN
A,GE10,J62_J63,E_ITSP2X_ITT2,PC_ENT,MT,1.53,NaN,5.3,NaN,2.17,NaN
A,GE10,J62_J63,E_ITSP2X_ITT2,PC_ENT,NL,2.16,NaN,4.12,NaN,2.96,NaN
A,GE10,J62_J63,E_ITSP2X_ITT2,PC_ENT,NO,7.61,NaN,5.67,NaN,9.19,NaN
A,GE10,J62_J63,E_ITSP2X_ITT2,PC_ENT,PL,2.2,NaN,3.7,NaN,2.46,NaN
A,GE10,J62_J63,E_ITSP2X_ITT2,PC_ENT,PT,3.82,NaN,1.3,NaN,2.67,NaN
A,GE10,J62_J63,E_ITSP2X_ITT2,PC_ENT,RO,0.42,NaN,3.95,NaN,2.15,NaN
A,GE10,J62_J63,E_ITSP2X_ITT2,PC_ENT,RS,0.39,NaN,0.0,NaN,1.06,NaN
A,GE10,J62_J63,E_ITSP2X_ITT2,PC_ENT,SE,5.21,NaN,1.63,NaN,1.17,b
A,GE10,J62_J63,E_ITSP2X_ITT2,PC_ENT,SI,1.94,NaN,0.0,NaN,,NaN
A,GE10,J62_J63,E_ITSP2X_ITT2,PC_ENT,SK,3.21,NaN,3.76,NaN,3.44,NaN
A,GE10,J62_J63,E_ITSP2X_ITT2,PC_ENT,TR,5.22,NaN,3.07,NaN,5.26,NaN
A,GE10,J62_J63,E_ITSP2X_ITT2,PC_ENT,UK,1.26,NaN,,NaN,,NaN
A,GE10,J62_J63,E_ITSP2X_ITT2,PC_ENT_CUSE,AT,,NaN,,NaN,,NaN
A,GE10,J62_J63,E_ITSP2X_ITT2,PC_ENT_CUSE,BA,,NaN,,NaN,,NaN
A,GE10,J62_J63,E_ITSP2X_ITT2,PC_ENT_CUSE,BE,,NaN,,NaN,,NaN
A,GE10,J62_J63,E_ITSP2X_ITT2,PC_ENT_CUSE,BG,,NaN,,NaN,,NaN
A,GE10,J62_J63,E_ITSP2X_ITT2,PC_ENT_CUSE,CY,,NaN,,NaN,,NaN
A,GE10,J62_J63,E_ITSP2X_ITT2,PC_ENT_CUSE,CZ,,NaN,,NaN,,NaN
A,GE10,J62_J63,E_ITSP2X_ITT2,PC_ENT_CUSE,DE,,NaN,,NaN,,NaN
A,GE10,J62_J63,E_ITSP2X_ITT2,PC_ENT_CUSE,DK,,NaN,,NaN,,NaN
A,GE10,J62_J63,E_ITSP2X_ITT2,PC_ENT_CUSE,EA,,NaN,,NaN,,NaN
A,GE10,J62_J63,E_ITSP2X_ITT2,PC_ENT_CUSE,EE,,NaN,,NaN,,NaN
A,GE10,J62_J63,E_ITSP2X_ITT2,PC_ENT_CUSE,EL,,NaN,,NaN,,NaN
A,GE10,J62_J63,E_ITSP2X_ITT2,PC_ENT_CUSE,ES,,NaN,,NaN,,NaN
A,GE10,J62_J63,E_ITSP2X_ITT2,PC_ENT_CUSE,EU15,,NaN,,NaN,,NaN
A,GE10,J62_J63,E_ITSP2X_ITT2,PC_ENT_CUSE,EU27_2007,,NaN,,NaN,,NaN
A,GE10,J62_J63,E_ITSP2X_ITT2,PC_ENT_CUSE,EU27_2020,,NaN,,NaN,,NaN
A,GE10,J62_J63,E_ITSP2X_ITT2,PC_ENT_CUSE,EU28,,NaN,,NaN,,NaN
A,GE10,J62_J63,E_ITSP2X_ITT2,PC_ENT_CUSE,FI,,NaN,,NaN,,NaN
A,GE10,J62_J63,E_ITSP2X_ITT2,PC_ENT_CUSE,FR,,NaN,,NaN,,NaN
A,GE10,J62_J63,E_ITSP2X_ITT2,PC_ENT_CUSE,HR,,NaN,,NaN,,NaN
A,GE10,J62_J63,E_ITSP2X_ITT2,PC_ENT_CUSE,HU,,NaN,,NaN,,NaN
A,GE10,J62_J63,E_ITSP2X_ITT2,PC_ENT_CUSE,IE,,NaN,,NaN,,NaN
A,GE10,J62_J63,E_ITSP2X_ITT2,PC_ENT_CUSE,IT,,NaN,,NaN,,NaN
A,GE10,J62_J63,E_ITSP2X_ITT2,PC_ENT_CUSE,LT,,NaN,,NaN,,NaN
A,GE10,J62_J63,E_ITSP2X_ITT2,PC_ENT_CUSE,LU,,NaN,,NaN,,NaN
A,GE10,J62_J63,E_ITSP2X_ITT2,PC_ENT_CUSE,LV,,NaN,,NaN,,NaN
A,GE10,J62_J63,E_ITSP2X_ITT2,PC_ENT_CUSE,ME,,NaN,,NaN,,NaN
A,GE10,J62_J63,E_ITSP2X_ITT2,PC_ENT_CUSE,MK,,NaN,,NaN,,NaN
A,GE10,J62_J63,E_ITSP2X_ITT2,PC_ENT_CUSE,MT,,NaN,,NaN,,NaN
A,GE10,J62_J63,E_ITSP2X_ITT2,PC_ENT_CUSE,NL,,NaN,,NaN,,NaN
A,GE10,J62_J63,E_ITSP2X_ITT2,PC_ENT_CUSE,NO,,NaN,,NaN,,NaN
A,GE10,J62_J63,E_ITSP2X_ITT2,PC_ENT_CUSE,PL,,NaN,,NaN,,NaN
A,GE10,J62_J63,E_ITSP2X_ITT2,PC_ENT_CUSE,PT,,NaN,,NaN,,NaN
A,GE10,J62_J63,E_ITSP2X_ITT2,PC_ENT_CUSE,RO,,NaN,,NaN,,NaN
A,GE10,J62_J63,E_ITSP2X_ITT2,PC_ENT_CUSE,RS,,NaN,,NaN,,NaN
A,GE10,J62_J63,E_ITSP2X_ITT2,PC_ENT_CUSE,SE,,NaN,,NaN,,NaN
A,GE10,J62_J63,E_ITSP2X_ITT2,PC_ENT_CUSE,SI,,NaN,,NaN,,NaN
A,GE10,J62_J63,E_ITSP2X_ITT2,PC_ENT_CUSE,SK,,NaN,,NaN,,NaN
A,GE10,J62_J63,E_ITSP2X_ITT2,PC_ENT_CUSE,TR,,NaN,,NaN,,NaN
A,GE10,J62_J63,E_ITSP2X_ITT2,PC_ENT_CUSE,UK,,NaN,,NaN,,NaN
A,GE10,J62_J63,E_ITSP2_ITT2,PC_ENT,AT,88.52,NaN,,u,68.32,NaN
A,GE10,J62_J63,E_ITSP2_ITT2,PC_ENT,BA,70.18,NaN,45.99,NaN,66.64,NaN
A,GE10,J62_J63,E_ITSP2_ITT2,PC_ENT,BE,,u,,u,,u
A,GE10,J62_J63,E_ITSP2_ITT2,PC_ENT,BG,54.27,NaN,53.51,NaN,59.2,NaN
A,GE10,J62_J63,E_ITSP2_ITT2,PC_ENT,CY,79.1,NaN,73.07,NaN,79.2,NaN
A,GE10,J62_J63,E_ITSP2_ITT2,PC_ENT,CZ,76.54,NaN,69.75,NaN,68.87,NaN
A,GE10,J62_J63,E_ITSP2_ITT2,PC_ENT,DE,64.22,NaN,71.02,NaN,77.66,NaN
A,GE10,J62_J63,E_ITSP2_ITT2,PC_ENT,DK,76.38,NaN,79.84,NaN,75.27,NaN
A,GE10,J62_J63,E_ITSP2_ITT2,PC_ENT,EA,64.02,NaN,67.12,NaN,67.83,NaN
A,GE10,J62_J63,E_ITSP2_ITT2,PC_ENT,EE,82.37,NaN,72.24,NaN,61.82,NaN
A,GE10,J62_J63,E_ITSP2_ITT2,PC_ENT,EL,,u,67.81,NaN,61.23,NaN
A,GE10,J62_J63,E_ITSP2_ITT2,PC_ENT,ES,,u,,u,58.2,NaN
A,GE10,J62_J63,E_ITSP2_ITT2,PC_ENT,EU15,,NaN,,NaN,,NaN
A,GE10,J62_J63,E_ITSP2_ITT2,PC_ENT,EU27_2007,,NaN,,NaN,,NaN
A,GE10,J62_J63,E_ITSP2_ITT2,PC_ENT,EU27_2020,63.66,NaN,66.7,NaN,67.66,NaN
A,GE10,J62_J63,E_ITSP2_ITT2,PC_ENT,EU28,,NaN,,NaN,,NaN
A,GE10,J62_J63,E_ITSP2_ITT2,PC_ENT,FI,,u,,u,,u
A,GE10,J62_J63,E_ITSP2_ITT2,PC_ENT,FR,63.01,NaN,68.23,b,56.88,NaN
A,GE10,J62_J63,E_ITSP2_ITT2,PC_ENT,HR,82.79,NaN,83.55,NaN,79.53,NaN
A,GE10,J62_J63,E_ITSP2_ITT2,PC_ENT,HU,58.44,NaN,60.77,NaN,58.61,NaN
A,GE10,J62_J63,E_ITSP2_ITT2,PC_ENT,IE,72.23,NaN,57.67,NaN,55.77,NaN
A,GE10,J62_J63,E_ITSP2_ITT2,PC_ENT,IT,58.1,NaN,51.33,NaN,53.58,NaN
A,GE10,J62_J63,E_ITSP2_ITT2,PC_ENT,LT,63.22,NaN,71.67,NaN,67.02,NaN
A,GE10,J62_J63,E_ITSP2_ITT2,PC_ENT,LU,,u,,u,,u
A,GE10,J62_J63,E_ITSP2_ITT2,PC_ENT,LV,59.37,NaN,51.87,NaN,59.65,NaN
A,GE10,J62_J63,E_ITSP2_ITT2,PC_ENT,ME,,u,73.98,NaN,35.97,NaN
A,GE10,J62_J63,E_ITSP2_ITT2,PC_ENT,MK,59.16,NaN,62.1,NaN,,NaN
A,GE10,J62_J63,E_ITSP2_ITT2,PC_ENT,MT,78.47,NaN,69.25,NaN,81.53,NaN
A,GE10,J62_J63,E_ITSP2_ITT2,PC_ENT,NL,64.35,NaN,72.97,NaN,71.07,NaN
A,GE10,J62_J63,E_ITSP2_ITT2,PC_ENT,NO,68.71,NaN,73.99,NaN,71.4,NaN
A,GE10,J62_J63,E_ITSP2_ITT2,PC_ENT,PL,69.36,NaN,71.38,NaN,78.44,NaN
A,GE10,J62_J63,E_ITSP2_ITT2,PC_ENT,PT,,u,76.13,NaN,82.08,NaN
A,GE10,J62_J63,E_ITSP2_ITT2,PC_ENT,RO,35.24,NaN,45.04,NaN,49.57,NaN
A,GE10,J62_J63,E_ITSP2_ITT2,PC_ENT,RS,58.12,NaN,70.14,NaN,77.07,NaN
A,GE10,J62_J63,E_ITSP2_ITT2,PC_ENT,SE,58.12,NaN,66.26,NaN,69.51,b
A,GE10,J62_J63,E_ITSP2_ITT2,PC_ENT,SI,79.69,NaN,87.37,NaN,88.52,NaN
A,GE10,J62_J63,E_ITSP2_ITT2,PC_ENT,SK,57.55,NaN,51.23,NaN,61.36,NaN
A,GE10,J62_J63,E_ITSP2_ITT2,PC_ENT,TR,48.72,NaN,61.84,NaN,52.73,NaN
A,GE10,J62_J63,E_ITSP2_ITT2,PC_ENT,UK,63.19,NaN,,NaN,,NaN
A,GE10,J62_J63,E_ITSP2_ITT2,PC_ENT_CUSE,AT,,NaN,,NaN,,NaN
A,GE10,J62_J63,E_ITSP2_ITT2,PC_ENT_CUSE,BA,,NaN,,NaN,,NaN
A,GE10,J62_J63,E_ITSP2_ITT2,PC_ENT_CUSE,BE,,NaN,,NaN,,NaN
A,GE10,J62_J63,E_ITSP2_ITT2,PC_ENT_CUSE,BG,,NaN,,NaN,,NaN
A,GE10,J62_J63,E_ITSP2_ITT2,PC_ENT_CUSE,CY,,NaN,,NaN,,NaN
A,GE10,J62_J63,E_ITSP2_ITT2,PC_ENT_CUSE,CZ,,NaN,,NaN,,NaN
A,GE10,J62_J63,E_ITSP2_ITT2,PC_ENT_CUSE,DE,,NaN,,NaN,,NaN
A,GE10,J62_J63,E_ITSP2_ITT2,PC_ENT_CUSE,DK,,NaN,,NaN,,NaN
A,GE10,J62_J63,E_ITSP2_ITT2,PC_ENT_CUSE,EA,,NaN,,NaN,,NaN
A,GE10,J62_J63,E_ITSP2_ITT2,PC_ENT_CUSE,EE,,NaN,,NaN,,NaN
A,GE10,J62_J63,E_ITSP2_ITT2,PC_ENT_CUSE,EL,,NaN,,NaN,,NaN
A,GE10,J62_J63,E_ITSP2_ITT2,PC_ENT_CUSE,ES,,NaN,,NaN,,NaN
A,GE10,J62_J63,E_ITSP2_ITT2,PC_ENT_CUSE,EU15,,NaN,,NaN,,NaN
A,GE10,J62_J63,E_ITSP2_ITT2,PC_ENT_CUSE,EU27_2007,,NaN,,NaN,,NaN
A,GE10,J62_J63,E_ITSP2_ITT2,PC_ENT_CUSE,EU27_2020,,NaN,,NaN,,NaN
A,GE10,J62_J63,E_ITSP2_ITT2,PC_ENT_CUSE,EU28,,NaN,,NaN,,NaN
A,GE10,J62_J63,E_ITSP2_ITT2,PC_ENT_CUSE,FI,,NaN,,NaN,,NaN
A,GE10,J62_J63,E_ITSP2_ITT2,PC_ENT_CUSE,FR,,NaN,,NaN,,NaN
A,GE10,J62_J63,E_ITSP2_ITT2,PC_ENT_CUSE,HR,,NaN,,NaN,,NaN
A,GE10,J62_J63,E_ITSP2_ITT2,PC_ENT_CUSE,HU,,NaN,,NaN,,NaN
A,GE10,J62_J63,E_ITSP2_ITT2,PC_ENT_CUSE,IE,,NaN,,NaN,,NaN
A,GE10,J62_J63,E_ITSP2_ITT2,PC_ENT_CUSE,IT,,NaN,,NaN,,NaN
A,GE10,J62_J63,E_ITSP2_ITT2,PC_ENT_CUSE,LT,,NaN,,NaN,,NaN
A,GE10,J62_J63,E_ITSP2_ITT2,PC_ENT_CUSE,LU,,NaN,,NaN,,NaN
A,GE10,J62_J63,E_ITSP2_ITT2,PC_ENT_CUSE,LV,,NaN,,NaN,,NaN
A,GE10,J62_J63,E_ITSP2_ITT2,PC_ENT_CUSE,ME,,NaN,,NaN,,NaN
A,GE10,J62_J63,E_ITSP2_ITT2,PC_ENT_CUSE,MK,,NaN,,NaN,,NaN
A,GE10,J62_J63,E_ITSP2_ITT2,PC_ENT_CUSE,MT,,NaN,,NaN,,NaN
A,GE10,J62_J63,E_ITSP2_ITT2,PC_ENT_CUSE,NL,,NaN,,NaN,,NaN
A,GE10,J62_J63,E_ITSP2_ITT2,PC_ENT_CUSE,NO,,NaN,,NaN,,NaN
A,GE10,J62_J63,E_ITSP2_ITT2,PC_ENT_CUSE,PL,,NaN,,NaN,,NaN
A,GE10,J62_J63,E_ITSP2_ITT2,PC_ENT_CUSE,PT,,NaN,,NaN,,NaN
A,GE10,J62_J63,E_ITSP2_ITT2,PC_ENT_CUSE,RO,,NaN,,NaN,,NaN
A,GE10,J62_J63,E_ITSP2_ITT2,PC_ENT_CUSE,RS,,NaN,,NaN,,NaN
A,GE10,J62_J63,E_ITSP2_ITT2,PC_ENT_CUSE,SE,,NaN,,NaN,,NaN
A,GE10,J62_J63,E_ITSP2_ITT2,PC_ENT_CUSE,SI,,NaN,,NaN,,NaN
A,GE10,J62_J63,E_ITSP2_ITT2,PC_ENT_CUSE,SK,,NaN,,NaN,,NaN
A,GE10,J62_J63,E_ITSP2_ITT2,PC_ENT_CUSE,TR,,NaN,,NaN,,NaN
A,GE10,J62_J63,E_ITSP2_ITT2,PC_ENT_CUSE,UK,,NaN,,NaN,,NaN
A,GE10,J62_J63,E_ITSPT2,PC_ENT,AT,,u,,u,65.92,NaN
A,GE10,J62_J63,E_ITSPT2,PC_ENT,BA,61.86,NaN,36.05,NaN,64.38,NaN
A,GE10,J62_J63,E_ITSPT2,PC_ENT,BE,,u,,u,,u
A,GE10,J62_J63,E_ITSPT2,PC_ENT,BG,53.0,NaN,52.88,NaN,57.66,NaN
A,GE10,J62_J63,E_ITSPT2,PC_ENT,CY,65.75,NaN,63.09,NaN,72.64,NaN
A,GE10,J62_J63,E_ITSPT2,PC_ENT,CZ,75.23,NaN,68.02,NaN,64.55,NaN
A,GE10,J62_J63,E_ITSPT2,PC_ENT,DE,61.41,NaN,66.24,NaN,75.05,NaN
A,GE10,J62_J63,E_ITSPT2,PC_ENT,DK,73.19,NaN,76.39,NaN,70.87,NaN
A,GE10,J62_J63,E_ITSPT2,PC_ENT,EA,60.92,NaN,63.14,NaN,64.43,NaN
A,GE10,J62_J63,E_ITSPT2,PC_ENT,EE,80.44,NaN,70.34,NaN,57.85,NaN
A,GE10,J62_J63,E_ITSPT2,PC_ENT,EL,,u,67.4,NaN,60.49,NaN
A,GE10,J62_J63,E_ITSPT2,PC_ENT,ES,,u,,u,53.32,NaN
A,GE10,J62_J63,E_ITSPT2,PC_ENT,EU15,,NaN,,NaN,,NaN
A,GE10,J62_J63,E_ITSPT2,PC_ENT,EU27_2007,,NaN,,NaN,,NaN
A,GE10,J62_J63,E_ITSPT2,PC_ENT,EU27_2020,60.52,NaN,62.66,NaN,64.22,NaN
A,GE10,J62_J63,E_ITSPT2,PC_ENT,EU28,,NaN,,NaN,,NaN
A,GE10,J62_J63,E_ITSPT2,PC_ENT,FI,,u,,u,,u
A,GE10,J62_J63,E_ITSPT2,PC_ENT,FR,55.6,NaN,58.5,b,51.96,NaN
A,GE10,J62_J63,E_ITSPT2,PC_ENT,HR,80.31,NaN,83.01,NaN,76.33,NaN
A,GE10,J62_J63,E_ITSPT2,PC_ENT,HU,57.11,NaN,57.72,NaN,54.57,NaN
A,GE10,J62_J63,E_ITSPT2,PC_ENT,IE,66.26,NaN,52.27,NaN,50.24,NaN
A,GE10,J62_J63,E_ITSPT2,PC_ENT,IS,,NaN,,NaN,,NaN
A,GE10,J62_J63,E_ITSPT2,PC_ENT,IT,56.34,NaN,51.1,NaN,49.42,NaN
A,GE10,J62_J63,E_ITSPT2,PC_ENT,LT,60.34,NaN,69.25,NaN,66.38,NaN
A,GE10,J62_J63,E_ITSPT2,PC_ENT,LU,,u,,u,,u
A,GE10,J62_J63,E_ITSPT2,PC_ENT,LV,53.86,NaN,49.63,NaN,53.48,NaN
A,GE10,J62_J63,E_ITSPT2,PC_ENT,ME,,u,73.98,NaN,34.39,NaN
A,GE10,J62_J63,E_ITSPT2,PC_ENT,MK,58.1,NaN,56.69,NaN,,NaN
A,GE10,J62_J63,E_ITSPT2,PC_ENT,MT,69.68,NaN,66.11,NaN,74.51,NaN
A,GE10,J62_J63,E_ITSPT2,PC_ENT,NL,62.19,NaN,72.16,NaN,69.37,NaN
A,GE10,J62_J63,E_ITSPT2,PC_ENT,NO,72.91,NaN,70.3,NaN,69.29,NaN
A,GE10,J62_J63,E_ITSPT2,PC_ENT,PL,62.67,NaN,62.45,NaN,76.84,NaN
A,GE10,J62_J63,E_ITSPT2,PC_ENT,PT,,u,73.47,NaN,77.76,NaN
A,GE10,J62_J63,E_ITSPT2,PC_ENT,RO,38.25,NaN,45.41,NaN,48.59,NaN
A,GE10,J62_J63,E_ITSPT2,PC_ENT,RS,54.55,NaN,70.14,NaN,68.65,NaN
A,GE10,J62_J63,E_ITSPT2,PC_ENT,SE,50.24,NaN,58.85,NaN,60.88,b
A,GE10,J62_J63,E_ITSPT2,PC_ENT,SI,73.91,NaN,84.39,NaN,79.65,NaN
A,GE10,J62_J63,E_ITSPT2,PC_ENT,SK,54.37,NaN,44.06,NaN,58.88,NaN
A,GE10,J62_J63,E_ITSPT2,PC_ENT,TR,44.35,NaN,49.23,NaN,42.26,NaN
A,GE10,J62_J63,E_ITSPT2,PC_ENT,UK,56.82,NaN,,NaN,,NaN
A,GE10,J62_J63,E_ITSPT2,PC_ENT_CUSE,AT,,NaN,,NaN,,NaN
A,GE10,J62_J63,E_ITSPT2,PC_ENT_CUSE,BA,,NaN,,NaN,,NaN
A,GE10,J62_J63,E_ITSPT2,PC_ENT_CUSE,BE,,NaN,,NaN,,NaN
A,GE10,J62_J63,E_ITSPT2,PC_ENT_CUSE,BG,,NaN,,NaN,,NaN
A,GE10,J62_J63,E_ITSPT2,PC_ENT_CUSE,CY,,NaN,,NaN,,NaN
A,GE10,J62_J63,E_ITSPT2,PC_ENT_CUSE,CZ,,NaN,,NaN,,NaN
A,GE10,J62_J63,E_ITSPT2,PC_ENT_CUSE,DE,,NaN,,NaN,,NaN
A,GE10,J62_J63,E_ITSPT2,PC_ENT_CUSE,DK,,NaN,,NaN,,NaN
A,GE10,J62_J63,E_ITSPT2,PC_ENT_CUSE,EA,,NaN,,NaN,,NaN
A,GE10,J62_J63,E_ITSPT2,PC_ENT_CUSE,EE,,NaN,,NaN,,NaN
A,GE10,J62_J63,E_ITSPT2,PC_ENT_CUSE,EL,,NaN,,NaN,,NaN
A,GE10,J62_J63,E_ITSPT2,PC_ENT_CUSE,ES,,NaN,,NaN,,NaN
A,GE10,J62_J63,E_ITSPT2,PC_ENT_CUSE,EU15,,NaN,,NaN,,NaN
A,GE10,J62_J63,E_ITSPT2,PC_ENT_CUSE,EU27_2007,,NaN,,NaN,,NaN
A,GE10,J62_J63,E_ITSPT2,PC_ENT_CUSE,EU27_2020,,NaN,,NaN,,NaN
A,GE10,J62_J63,E_ITSPT2,PC_ENT_CUSE,EU28,,NaN,,NaN,,NaN
A,GE10,J62_J63,E_ITSPT2,PC_ENT_CUSE,FI,,NaN,,NaN,,NaN
A,GE10,J62_J63,E_ITSPT2,PC_ENT_CUSE,FR,,NaN,,NaN,,NaN
A,GE10,J62_J63,E_ITSPT2,PC_ENT_CUSE,HR,,NaN,,NaN,,NaN
A,GE10,J62_J63,E_ITSPT2,PC_ENT_CUSE,HU,,NaN,,NaN,,NaN
A,GE10,J62_J63,E_ITSPT2,PC_ENT_CUSE,IE,,NaN,,NaN,,NaN
A,GE10,J62_J63,E_ITSPT2,PC_ENT_CUSE,IS,,NaN,,NaN,,NaN
A,GE10,J62_J63,E_ITSPT2,PC_ENT_CUSE,IT,,NaN,,NaN,,NaN
A,GE10,J62_J63,E_ITSPT2,PC_ENT_CUSE,LT,,NaN,,NaN,,NaN
A,GE10,J62_J63,E_ITSPT2,PC_ENT_CUSE,LU,,NaN,,NaN,,NaN
A,GE10,J62_J63,E_ITSPT2,PC_ENT_CUSE,LV,,NaN,,NaN,,NaN
A,GE10,J62_J63,E_ITSPT2,PC_ENT_CUSE,ME,,NaN,,NaN,,NaN
A,GE10,J62_J63,E_ITSPT2,PC_ENT_CUSE,MK,,NaN,,NaN,,NaN
A,GE10,J62_J63,E_ITSPT2,PC_ENT_CUSE,MT,,NaN,,NaN,,NaN
A,GE10,J62_J63,E_ITSPT2,PC_ENT_CUSE,NL,,NaN,,NaN,,NaN
A,GE10,J62_J63,E_ITSPT2,PC_ENT_CUSE,NO,,NaN,,NaN,,NaN
A,GE10,J62_J63,E_ITSPT2,PC_ENT_CUSE,PL,,NaN,,NaN,,NaN
A,GE10,J62_J63,E_ITSPT2,PC_ENT_CUSE,PT,,NaN,,NaN,,NaN
A,GE10,J62_J63,E_ITSPT2,PC_ENT_CUSE,RO,,NaN,,NaN,,NaN
A,GE10,J62_J63,E_ITSPT2,PC_ENT_CUSE,RS,,NaN,,NaN,,NaN
A,GE10,J62_J63,E_ITSPT2,PC_ENT_CUSE,SE,,NaN,,NaN,,NaN
A,GE10,J62_J63,E_ITSPT2,PC_ENT_CUSE,SI,,NaN,,NaN,,NaN
A,GE10,J62_J63,E_ITSPT2,PC_ENT_CUSE,SK,,NaN,,NaN,,NaN
A,GE10,J62_J63,E_ITSPT2,PC_ENT_CUSE,TR,,NaN,,NaN,,NaN
A,GE10,J62_J63,E_ITSPT2,PC_ENT_CUSE,UK,,NaN,,NaN,,NaN
A,GE10,J62_J63,E_ITT2,PC_ENT,AT,88.52,NaN,,u,70.65,NaN
A,GE10,J62_J63,E_ITT2,PC_ENT,BA,73.71,NaN,62.68,NaN,70.17,NaN
A,GE10,J62_J63,E_ITT2,PC_ENT,BE,,u,,u,78.7,NaN
A,GE10,J62_J63,E_ITT2,PC_ENT,BG,55.55,NaN,57.37,NaN,60.86,NaN
A,GE10,J62_J63,E_ITT2,PC_ENT,CY,83.89,NaN,79.3,NaN,81.0,NaN
A,GE10,J62_J63,E_ITT2,PC_ENT,CZ,79.83,NaN,72.44,NaN,74.19,NaN
A,GE10,J62_J63,E_ITT2,PC_ENT,DE,67.45,NaN,73.94,NaN,79.29,NaN
A,GE10,J62_J63,E_ITT2,PC_ENT,DK,77.03,NaN,80.39,NaN,77.79,NaN
A,GE10,J62_J63,E_ITT2,PC_ENT,EA,66.68,NaN,70.22,NaN,70.82,NaN
A,GE10,J62_J63,E_ITT2,PC_ENT,EE,82.82,NaN,72.24,NaN,63.94,NaN
A,GE10,J62_J63,E_ITT2,PC_ENT,EL,,u,70.41,NaN,61.23,NaN
A,GE10,J62_J63,E_ITT2,PC_ENT,ES,,u,,u,65.63,NaN
A,GE10,J62_J63,E_ITT2,PC_ENT,EU15,,NaN,,NaN,,NaN
A,GE10,J62_J63,E_ITT2,PC_ENT,EU27_2007,,NaN,,NaN,,NaN
A,GE10,J62_J63,E_ITT2,PC_ENT,EU27_2020,66.31,NaN,69.69,NaN,70.53,NaN
A,GE10,J62_J63,E_ITT2,PC_ENT,EU28,,NaN,,NaN,,NaN
A,GE10,J62_J63,E_ITT2,PC_ENT,FI,,u,,u,,u
A,GE10,J62_J63,E_ITT2,PC_ENT,FR,63.97,NaN,68.94,b,60.2,NaN
A,GE10,J62_J63,E_ITT2,PC_ENT,HR,83.02,NaN,83.55,NaN,80.91,NaN
A,GE10,J62_J63,E_ITT2,PC_ENT,HU,58.76,NaN,61.08,NaN,59.97,NaN
A,GE10,J62_J63,E_ITT2,PC_ENT,IE,74.68,NaN,64.2,NaN,58.59,NaN
A,GE10,J62_J63,E_ITT2,PC_ENT,IS,,NaN,,NaN,,NaN
A,GE10,J62_J63,E_ITT2,PC_ENT,IT,61.77,NaN,56.01,NaN,57.23,NaN
A,GE10,J62_J63,E_ITT2,PC_ENT,LT,63.79,NaN,71.91,NaN,68.72,NaN
A,GE10,J62_J63,E_ITT2,PC_ENT,LU,,u,,u,,u
A,GE10,J62_J63,E_ITT2,PC_ENT,LV,60.33,NaN,55.03,NaN,60.89,NaN
A,GE10,J62_J63,E_ITT2,PC_ENT,ME,,u,73.98,NaN,51.17,NaN
A,GE10,J62_J63,E_ITT2,PC_ENT,MK,62.34,NaN,63.53,NaN,,NaN
A,GE10,J62_J63,E_ITT2,PC_ENT,MT,80.0,NaN,74.55,NaN,83.7,NaN
A,GE10,J62_J63,E_ITT2,PC_ENT,NL,66.72,NaN,77.08,NaN,74.03,NaN
A,GE10,J62_J63,E_ITT2,PC_ENT,NO,78.29,NaN,79.67,NaN,80.59,NaN
A,GE10,J62_J63,E_ITT2,PC_ENT,PL,71.56,NaN,75.09,NaN,80.91,NaN
A,GE10,J62_J63,E_ITT2,PC_ENT,PT,,u,77.44,NaN,84.75,NaN
A,GE10,J62_J63,E_ITT2,PC_ENT,RO,39.18,NaN,50.19,NaN,51.72,NaN
A,GE10,J62_J63,E_ITT2,PC_ENT,RS,58.5,NaN,70.14,NaN,78.12,NaN
A,GE10,J62_J63,E_ITT2,PC_ENT,SE,63.33,NaN,67.89,NaN,70.68,b
A,GE10,J62_J63,E_ITT2,PC_ENT,SI,81.63,NaN,87.37,NaN,88.81,NaN
A,GE10,J62_J63,E_ITT2,PC_ENT,SK,60.76,NaN,55.0,NaN,64.8,NaN
A,GE10,J62_J63,E_ITT2,PC_ENT,TR,53.93,NaN,64.91,NaN,57.99,NaN
A,GE10,J62_J63,E_ITT2,PC_ENT,UK,64.45,NaN,,NaN,,NaN
A,GE10,J62_J63,E_ITT2,PC_ENT_CUSE,AT,,NaN,,NaN,,NaN
A,GE10,J62_J63,E_ITT2,PC_ENT_CUSE,BA,,NaN,,NaN,,NaN
A,GE10,J62_J63,E_ITT2,PC_ENT_CUSE,BE,,NaN,,NaN,,NaN
A,GE10,J62_J63,E_ITT2,PC_ENT_CUSE,BG,,NaN,,NaN,,NaN
A,GE10,J62_J63,E_ITT2,PC_ENT_CUSE,CY,,NaN,,NaN,,NaN
A,GE10,J62_J63,E_ITT2,PC_ENT_CUSE,CZ,,NaN,,NaN,,NaN
A,GE10,J62_J63,E_ITT2,PC_ENT_CUSE,DE,,NaN,,NaN,,NaN
A,GE10,J62_J63,E_ITT2,PC_ENT_CUSE,DK,,NaN,,NaN,,NaN
A,GE10,J62_J63,E_ITT2,PC_ENT_CUSE,EA,,NaN,,NaN,,NaN
A,GE10,J62_J63,E_ITT2,PC_ENT_CUSE,EE,,NaN,,NaN,,NaN
A,GE10,J62_J63,E_ITT2,PC_ENT_CUSE,EL,,NaN,,NaN,,NaN
A,GE10,J62_J63,E_ITT2,PC_ENT_CUSE,ES,,NaN,,NaN,,NaN
A,GE10,J62_J63,E_ITT2,PC_ENT_CUSE,EU15,,NaN,,NaN,,NaN
A,GE10,J62_J63,E_ITT2,PC_ENT_CUSE,EU27_2007,,NaN,,NaN,,NaN
A,GE10,J62_J63,E_ITT2,PC_ENT_CUSE,EU27_2020,,NaN,,NaN,,NaN
A,GE10,J62_J63,E_ITT2,PC_ENT_CUSE,EU28,,NaN,,NaN,,NaN
A,GE10,J62_J63,E_ITT2,PC_ENT_CUSE,FI,,NaN,,NaN,,NaN
A,GE10,J62_J63,E_ITT2,PC_ENT_CUSE,FR,,NaN,,NaN,,NaN
A,GE10,J62_J63,E_ITT2,PC_ENT_CUSE,HR,,NaN,,NaN,,NaN
A,GE10,J62_J63,E_ITT2,PC_ENT_CUSE,HU,,NaN,,NaN,,NaN
A,GE10,J62_J63,E_ITT2,PC_ENT_CUSE,IE,,NaN,,NaN,,NaN
A,GE10,J62_J63,E_ITT2,PC_ENT_CUSE,IS,,NaN,,NaN,,NaN
A,GE10,J62_J63,E_ITT2,PC_ENT_CUSE,IT,,NaN,,NaN,,NaN
A,GE10,J62_J63,E_ITT2,PC_ENT_CUSE,LT,,NaN,,NaN,,NaN
A,GE10,J62_J63,E_ITT2,PC_ENT_CUSE,LU,,NaN,,NaN,,NaN
A,GE10,J62_J63,E_ITT2,PC_ENT_CUSE,LV,,NaN,,NaN,,NaN
A,GE10,J62_J63,E_ITT2,PC_ENT_CUSE,ME,,NaN,,NaN,,NaN
A,GE10,J62_J63,E_ITT2,PC_ENT_CUSE,MK,,NaN,,NaN,,NaN
A,GE10,J62_J63,E_ITT2,PC_ENT_CUSE,MT,,NaN,,NaN,,NaN
A,GE10,J62_J63,E_ITT2,PC_ENT_CUSE,NL,,NaN,,NaN,,NaN
A,GE10,J62_J63,E_ITT2,PC_ENT_CUSE,NO,,NaN,,NaN,,NaN
A,GE10,J62_J63,E_ITT2,PC_ENT_CUSE,PL,,NaN,,NaN,,NaN
A,GE10,J62_J63,E_ITT2,PC_ENT_CUSE,PT,,NaN,,NaN,,NaN
A,GE10,J62_J63,E_ITT2,PC_ENT_CUSE,RO,,NaN,,NaN,,NaN
A,GE10,J62_J63,E_ITT2,PC_ENT_CUSE,RS,,NaN,,NaN,,NaN
A,GE10,J62_J63,E_ITT2,PC_ENT_CUSE,SE,,NaN,,NaN,,NaN
A,GE10,J62_J63,E_ITT2,PC_ENT_CUSE,SI,,NaN,,NaN,,NaN
A,GE10,J62_J63,E_ITT2,PC_ENT_CUSE,SK,,NaN,,NaN,,NaN
A,GE10,J62_J63,E_ITT2,PC_ENT_CUSE,TR,,NaN,,NaN,,NaN
A,GE10,J62_J63,E_ITT2,PC_ENT_CUSE,UK,,NaN,,NaN,,NaN
A,GE10,J62_J63,E_ITUST2,PC_ENT,AT,,u,,u,51.56,NaN
A,GE10,J62_J63,E_ITUST2,PC_ENT,BA,50.9,NaN,56.3,NaN,53.89,NaN
A,GE10,J62_J63,E_ITUST2,PC_ENT,BE,,u,,u,,u
A,GE10,J62_J63,E_ITUST2,PC_ENT,BG,27.56,NaN,29.92,NaN,33.89,NaN
A,GE10,J62_J63,E_ITUST2,PC_ENT,CY,77.07,NaN,70.36,NaN,69.48,NaN
A,GE10,J62_J63,E_ITUST2,PC_ENT,CZ,79.83,NaN,66.94,NaN,64.4,NaN
A,GE10,J62_J63,E_ITUST2,PC_ENT,DE,54.2,NaN,63.72,NaN,63.38,NaN
A,GE10,J62_J63,E_ITUST2,PC_ENT,DK,58.73,NaN,67.11,NaN,69.44,NaN
A,GE10,J62_J63,E_ITUST2,PC_ENT,EA,47.79,NaN,56.76,NaN,54.67,NaN
A,GE10,J62_J63,E_ITUST2,PC_ENT,EE,58.69,NaN,54.57,NaN,50.34,NaN
A,GE10,J62_J63,E_ITUST2,PC_ENT,EL,,u,48.51,NaN,53.85,NaN
A,GE10,J62_J63,E_ITUST2,PC_ENT,ES,,u,,u,52.26,NaN
A,GE10,J62_J63,E_ITUST2,PC_ENT,EU15,,NaN,,NaN,,NaN
A,GE10,J62_J63,E_ITUST2,PC_ENT,EU27_2007,,NaN,,NaN,,NaN
A,GE10,J62_J63,E_ITUST2,PC_ENT,EU27_2020,47.83,NaN,56.24,NaN,54.92,NaN
A,GE10,J62_J63,E_ITUST2,PC_ENT,EU28,,NaN,,NaN,,NaN
A,GE10,J62_J63,E_ITUST2,PC_ENT,FI,,u,,u,,u
A,GE10,J62_J63,E_ITUST2,PC_ENT,FR,44.72,NaN,57.23,b,37.39,NaN
A,GE10,J62_J63,E_ITUST2,PC_ENT,HR,55.68,NaN,67.87,NaN,65.34,NaN
A,GE10,J62_J63,E_ITUST2,PC_ENT,HU,31.46,NaN,39.78,NaN,43.19,NaN
A,GE10,J62_J63,E_ITUST2,PC_ENT,IE,61.18,NaN,43.05,NaN,38.39,NaN
A,GE10,J62_J63,E_ITUST2,PC_ENT,IS,,NaN,,NaN,,NaN
A,GE10,J62_J63,E_ITUST2,PC_ENT,IT,34.15,NaN,38.02,NaN,41.83,NaN
A,GE10,J62_J63,E_ITUST2,PC_ENT,LT,46.55,NaN,48.67,NaN,47.23,NaN
A,GE10,J62_J63,E_ITUST2,PC_ENT,LU,,u,,u,,u
A,GE10,J62_J63,E_ITUST2,PC_ENT,LV,44.23,NaN,46.06,NaN,50.41,NaN
A,GE10,J62_J63,E_ITUST2,PC_ENT,ME,,u,52.87,NaN,51.17,NaN
A,GE10,J62_J63,E_ITUST2,PC_ENT,MK,47.81,NaN,48.88,NaN,,NaN
A,GE10,J62_J63,E_ITUST2,PC_ENT,MT,68.15,NaN,58.47,NaN,75.59,NaN
A,GE10,J62_J63,E_ITUST2,PC_ENT,NL,46.4,NaN,65.4,NaN,59.12,NaN
A,GE10,J62_J63,E_ITUST2,PC_ENT,NO,69.59,NaN,70.9,NaN,78.44,NaN
A,GE10,J62_J63,E_ITUST2,PC_ENT,PL,54.3,NaN,66.32,NaN,63.2,NaN
A,GE10,J62_J63,E_ITUST2,PC_ENT,PT,,u,,u,72.96,NaN
A,GE10,J62_J63,E_ITUST2,PC_ENT,RO,21.74,NaN,33.05,NaN,44.04,NaN
A,GE10,J62_J63,E_ITUST2,PC_ENT,RS,51.33,NaN,53.0,NaN,60.47,NaN
A,GE10,J62_J63,E_ITUST2,PC_ENT,SE,49.98,NaN,57.84,NaN,63.61,b
A,GE10,J62_J63,E_ITUST2,PC_ENT,SI,66.16,NaN,66.71,NaN,64.86,NaN
A,GE10,J62_J63,E_ITUST2,PC_ENT,SK,42.6,NaN,37.69,NaN,48.24,NaN
A,GE10,J62_J63,E_ITUST2,PC_ENT,TR,40.95,NaN,53.05,NaN,52.04,NaN
A,GE10,J62_J63,E_ITUST2,PC_ENT,UK,46.43,NaN,,NaN,,NaN
A,GE10,J62_J63,E_ITUST2,PC_ENT_CUSE,AT,,NaN,,NaN,,NaN
A,GE10,J62_J63,E_ITUST2,PC_ENT_CUSE,BA,,NaN,,NaN,,NaN
A,GE10,J62_J63,E_ITUST2,PC_ENT_CUSE,BE,,NaN,,NaN,,NaN
A,GE10,J62_J63,E_ITUST2,PC_ENT_CUSE,BG,,NaN,,NaN,,NaN
A,GE10,J62_J63,E_ITUST2,PC_ENT_CUSE,CY,,NaN,,NaN,,NaN
A,GE10,J62_J63,E_ITUST2,PC_ENT_CUSE,CZ,,NaN,,NaN,,NaN
A,GE10,J62_J63,E_ITUST2,PC_ENT_CUSE,DE,,NaN,,NaN,,NaN
A,GE10,J62_J63,E_ITUST2,PC_ENT_CUSE,DK,,NaN,,NaN,,NaN
A,GE10,J62_J63,E_ITUST2,PC_ENT_CUSE,EA,,NaN,,NaN,,NaN
A,GE10,J62_J63,E_ITUST2,PC_ENT_CUSE,EE,,NaN,,NaN,,NaN
A,GE10,J62_J63,E_ITUST2,PC_ENT_CUSE,EL,,NaN,,NaN,,NaN
A,GE10,J62_J63,E_ITUST2,PC_ENT_CUSE,ES,,NaN,,NaN,,NaN
A,GE10,J62_J63,E_ITUST2,PC_ENT_CUSE,EU15,,NaN,,NaN,,NaN
A,GE10,J62_J63,E_ITUST2,PC_ENT_CUSE,EU27_2007,,NaN,,NaN,,NaN
A,GE10,J62_J63,E_ITUST2,PC_ENT_CUSE,EU27_2020,,NaN,,NaN,,NaN
A,GE10,J62_J63,E_ITUST2,PC_ENT_CUSE,EU28,,NaN,,NaN,,NaN
A,GE10,J62_J63,E_ITUST2,PC_ENT_CUSE,FI,,NaN,,NaN,,NaN
A,GE10,J62_J63,E_ITUST2,PC_ENT_CUSE,FR,,NaN,,NaN,,NaN
A,GE10,J62_J63,E_ITUST2,PC_ENT_CUSE,HR,,NaN,,NaN,,NaN
A,GE10,J62_J63,E_ITUST2,PC_ENT_CUSE,HU,,NaN,,NaN,,NaN
A,GE10,J62_J63,E_ITUST2,PC_ENT_CUSE,IE,,NaN,,NaN,,NaN
A,GE10,J62_J63,E_ITUST2,PC_ENT_CUSE,IS,,NaN,,NaN,,NaN
A,GE10,J62_J63,E_ITUST2,PC_ENT_CUSE,IT,,NaN,,NaN,,NaN
A,GE10,J62_J63,E_ITUST2,PC_ENT_CUSE,LT,,NaN,,NaN,,NaN
A,GE10,J62_J63,E_ITUST2,PC_ENT_CUSE,LU,,NaN,,NaN,,NaN
A,GE10,J62_J63,E_ITUST2,PC_ENT_CUSE,LV,,NaN,,NaN,,NaN
A,GE10,J62_J63,E_ITUST2,PC_ENT_CUSE,ME,,NaN,,NaN,,NaN
A,GE10,J62_J63,E_ITUST2,PC_ENT_CUSE,MK,,NaN,,NaN,,NaN
A,GE10,J62_J63,E_ITUST2,PC_ENT_CUSE,MT,,NaN,,NaN,,NaN
A,GE10,J62_J63,E_ITUST2,PC_ENT_CUSE,NL,,NaN,,NaN,,NaN
A,GE10,J62_J63,E_ITUST2,PC_ENT_CUSE,NO,,NaN,,NaN,,NaN
A,GE10,J62_J63,E_ITUST2,PC_ENT_CUSE,PL,,NaN,,NaN,,NaN
A,GE10,J62_J63,E_ITUST2,PC_ENT_CUSE,PT,,NaN,,NaN,,NaN
A,GE10,J62_J63,E_ITUST2,PC_ENT_CUSE,RO,,NaN,,NaN,,NaN
A,GE10,J62_J63,E_ITUST2,PC_ENT_CUSE,RS,,NaN,,NaN,,NaN
A,GE10,J62_J63,E_ITUST2,PC_ENT_CUSE,SE,,NaN,,NaN,,NaN
A,GE10,J62_J63,E_ITUST2,PC_ENT_CUSE,SI,,NaN,,NaN,,NaN
A,GE10,J62_J63,E_ITUST2,PC_ENT_CUSE,SK,,NaN,,NaN,,NaN
A,GE10,J62_J63,E_ITUST2,PC_ENT_CUSE,TR,,NaN,,NaN,,NaN
A,GE10,J62_J63,E_ITUST2,PC_ENT_CUSE,UK,,NaN,,NaN,,NaN
A,GE10,L68,E_ITSP2X_ITT2,PC_ENT,AT,,u,6.98,NaN,8.05,NaN
A,GE10,L68,E_ITSP2X_ITT2,PC_ENT,BA,,NaN,,NaN,,NaN
A,GE10,L68,E_ITSP2X_ITT2,PC_ENT,BE,,u,,u,,u
A,GE10,L68,E_ITSP2X_ITT2,PC_ENT,BG,,u,,u,,u
A,GE10,L68,E_ITSP2X_ITT2,PC_ENT,CY,0.0,NaN,11.5,NaN,22.73,NaN
A,GE10,L68,E_ITSP2X_ITT2,PC_ENT,CZ,14.82,NaN,15.21,NaN,24.25,NaN
A,GE10,L68,E_ITSP2X_ITT2,PC_ENT,DE,17.21,NaN,20.9,NaN,16.04,NaN
A,GE10,L68,E_ITSP2X_ITT2,PC_ENT,DK,17.96,NaN,18.12,NaN,19.86,NaN
A,GE10,L68,E_ITSP2X_ITT2,PC_ENT,EA,12.5,NaN,17.03,NaN,12.43,NaN
A,GE10,L68,E_ITSP2X_ITT2,PC_ENT,EE,10.76,NaN,6.12,NaN,30.21,NaN
A,GE10,L68,E_ITSP2X_ITT2,PC_ENT,EL,,u,7.6,NaN,9.74,NaN
A,GE10,L68,E_ITSP2X_ITT2,PC_ENT,ES,14.08,NaN,23.56,NaN,9.09,NaN
A,GE10,L68,E_ITSP2X_ITT2,PC_ENT,EU15,,NaN,,NaN,,NaN
A,GE10,L68,E_ITSP2X_ITT2,PC_ENT,EU27_2007,,NaN,,NaN,,NaN
A,GE10,L68,E_ITSP2X_ITT2,PC_ENT,EU27_2020,11.9,NaN,15.86,NaN,14.27,NaN
A,GE10,L68,E_ITSP2X_ITT2,PC_ENT,EU28,,NaN,,NaN,,NaN
A,GE10,L68,E_ITSP2X_ITT2,PC_ENT,FI,38.87,NaN,40.23,NaN,33.16,NaN
A,GE10,L68,E_ITSP2X_ITT2,PC_ENT,FR,5.51,NaN,11.23,b,7.12,NaN
A,GE10,L68,E_ITSP2X_ITT2,PC_ENT,HR,8.43,NaN,7.88,NaN,33.68,NaN
A,GE10,L68,E_ITSP2X_ITT2,PC_ENT,HU,6.43,NaN,7.04,NaN,9.29,NaN
A,GE10,L68,E_ITSP2X_ITT2,PC_ENT,IE,13.29,NaN,14.92,NaN,4.57,NaN
A,GE10,L68,E_ITSP2X_ITT2,PC_ENT,IT,11.73,NaN,6.42,NaN,6.8,NaN
A,GE10,L68,E_ITSP2X_ITT2,PC_ENT,LT,4.9,NaN,2.74,NaN,5.12,NaN
A,GE10,L68,E_ITSP2X_ITT2,PC_ENT,LU,,NaN,,NaN,,NaN
A,GE10,L68,E_ITSP2X_ITT2,PC_ENT,LV,9.43,NaN,5.52,NaN,5.06,NaN
A,GE10,L68,E_ITSP2X_ITT2,PC_ENT,ME,,u,0.0,NaN,,NaN
A,GE10,L68,E_ITSP2X_ITT2,PC_ENT,MK,0.0,NaN,,u,,NaN
A,GE10,L68,E_ITSP2X_ITT2,PC_ENT,MT,,NaN,0.0,NaN,3.12,NaN
A,GE10,L68,E_ITSP2X_ITT2,PC_ENT,NL,3.19,NaN,12.96,NaN,13.63,NaN
A,GE10,L68,E_ITSP2X_ITT2,PC_ENT,NO,27.8,NaN,28.79,NaN,20.17,NaN
A,GE10,L68,E_ITSP2X_ITT2,PC_ENT,PL,7.04,NaN,12.32,NaN,23.03,NaN
A,GE10,L68,E_ITSP2X_ITT2,PC_ENT,PT,15.97,NaN,,u,,u
A,GE10,L68,E_ITSP2X_ITT2,PC_ENT,RO,0.5,NaN,2.89,NaN,4.46,NaN
A,GE10,L68,E_ITSP2X_ITT2,PC_ENT,RS,8.57,NaN,3.65,NaN,8.17,NaN
A,GE10,L68,E_ITSP2X_ITT2,PC_ENT,SE,29.17,NaN,28.74,NaN,26.4,b
A,GE10,L68,E_ITSP2X_ITT2,PC_ENT,SI,19.52,NaN,23.45,NaN,11.22,NaN
A,GE10,L68,E_ITSP2X_ITT2,PC_ENT,SK,7.87,NaN,7.89,NaN,9.88,NaN
A,GE10,L68,E_ITSP2X_ITT2,PC_ENT,TR,5.38,NaN,6.55,NaN,8.8,NaN
A,GE10,L68,E_ITSP2X_ITT2,PC_ENT,UK,,u,,NaN,,NaN
A,GE10,L68,E_ITSP2X_ITT2,PC_ENT_CUSE,AT,,NaN,,NaN,,NaN
A,GE10,L68,E_ITSP2X_ITT2,PC_ENT_CUSE,BA,,NaN,,NaN,,NaN
A,GE10,L68,E_ITSP2X_ITT2,PC_ENT_CUSE,BE,,NaN,,NaN,,NaN
A,GE10,L68,E_ITSP2X_ITT2,PC_ENT_CUSE,BG,,NaN,,NaN,,NaN
A,GE10,L68,E_ITSP2X_ITT2,PC_ENT_CUSE,CY,,NaN,,NaN,,NaN
A,GE10,L68,E_ITSP2X_ITT2,PC_ENT_CUSE,CZ,,NaN,,NaN,,NaN
A,GE10,L68,E_ITSP2X_ITT2,PC_ENT_CUSE,DE,,NaN,,NaN,,NaN
A,GE10,L68,E_ITSP2X_ITT2,PC_ENT_CUSE,DK,,NaN,,NaN,,NaN
A,GE10,L68,E_ITSP2X_ITT2,PC_ENT_CUSE,EA,,NaN,,NaN,,NaN
A,GE10,L68,E_ITSP2X_ITT2,PC_ENT_CUSE,EE,,NaN,,NaN,,NaN
A,GE10,L68,E_ITSP2X_ITT2,PC_ENT_CUSE,EL,,NaN,,NaN,,NaN
A,GE10,L68,E_ITSP2X_ITT2,PC_ENT_CUSE,ES,,NaN,,NaN,,NaN
A,GE10,L68,E_ITSP2X_ITT2,PC_ENT_CUSE,EU15,,NaN,,NaN,,NaN
A,GE10,L68,E_ITSP2X_ITT2,PC_ENT_CUSE,EU27_2007,,NaN,,NaN,,NaN
A,GE10,L68,E_ITSP2X_ITT2,PC_ENT_CUSE,EU27_2020,,NaN,,NaN,,NaN
A,GE10,L68,E_ITSP2X_ITT2,PC_ENT_CUSE,EU28,,NaN,,NaN,,NaN
A,GE10,L68,E_ITSP2X_ITT2,PC_ENT_CUSE,FI,,NaN,,NaN,,NaN
A,GE10,L68,E_ITSP2X_ITT2,PC_ENT_CUSE,FR,,NaN,,NaN,,NaN
A,GE10,L68,E_ITSP2X_ITT2,PC_ENT_CUSE,HR,,NaN,,NaN,,NaN
A,GE10,L68,E_ITSP2X_ITT2,PC_ENT_CUSE,HU,,NaN,,NaN,,NaN
A,GE10,L68,E_ITSP2X_ITT2,PC_ENT_CUSE,IE,,NaN,,NaN,,NaN
A,GE10,L68,E_ITSP2X_ITT2,PC_ENT_CUSE,IT,,NaN,,NaN,,NaN
A,GE10,L68,E_ITSP2X_ITT2,PC_ENT_CUSE,LT,,NaN,,NaN,,NaN
A,GE10,L68,E_ITSP2X_ITT2,PC_ENT_CUSE,LU,,NaN,,NaN,,NaN
A,GE10,L68,E_ITSP2X_ITT2,PC_ENT_CUSE,LV,,NaN,,NaN,,NaN
A,GE10,L68,E_ITSP2X_ITT2,PC_ENT_CUSE,ME,,NaN,,NaN,,NaN
A,GE10,L68,E_ITSP2X_ITT2,PC_ENT_CUSE,MK,,NaN,,NaN,,NaN
A,GE10,L68,E_ITSP2X_ITT2,PC_ENT_CUSE,MT,,NaN,,NaN,,NaN
A,GE10,L68,E_ITSP2X_ITT2,PC_ENT_CUSE,NL,,NaN,,NaN,,NaN
A,GE10,L68,E_ITSP2X_ITT2,PC_ENT_CUSE,NO,,NaN,,NaN,,NaN
A,GE10,L68,E_ITSP2X_ITT2,PC_ENT_CUSE,PL,,NaN,,NaN,,NaN
A,GE10,L68,E_ITSP2X_ITT2,PC_ENT_CUSE,PT,,NaN,,NaN,,NaN
A,GE10,L68,E_ITSP2X_ITT2,PC_ENT_CUSE,RO,,NaN,,NaN,,NaN
A,GE10,L68,E_ITSP2X_ITT2,PC_ENT_CUSE,RS,,NaN,,NaN,,NaN
A,GE10,L68,E_ITSP2X_ITT2,PC_ENT_CUSE,SE,,NaN,,NaN,,NaN
A,GE10,L68,E_ITSP2X_ITT2,PC_ENT_CUSE,SI,,NaN,,NaN,,NaN
A,GE10,L68,E_ITSP2X_ITT2,PC_ENT_CUSE,SK,,NaN,,NaN,,NaN
A,GE10,L68,E_ITSP2X_ITT2,PC_ENT_CUSE,TR,,NaN,,NaN,,NaN
A,GE10,L68,E_ITSP2X_ITT2,PC_ENT_CUSE,UK,,NaN,,NaN,,NaN
A,GE10,L68,E_ITSP2_ITT2,PC_ENT,AL,,NaN,,u,,NaN
A,GE10,L68,E_ITSP2_ITT2,PC_ENT,AT,,u,,u,13.68,NaN
A,GE10,L68,E_ITSP2_ITT2,PC_ENT,BA,,u,,NaN,,NaN
A,GE10,L68,E_ITSP2_ITT2,PC_ENT,BE,14.75,NaN,14.56,NaN,,u
A,GE10,L68,E_ITSP2_ITT2,PC_ENT,BG,,u,,u,6.97,NaN
A,GE10,L68,E_ITSP2_ITT2,PC_ENT,CY,8.48,NaN,7.67,NaN,12.24,NaN
A,GE10,L68,E_ITSP2_ITT2,PC_ENT,CZ,7.32,NaN,6.81,NaN,12.54,NaN
A,GE10,L68,E_ITSP2_ITT2,PC_ENT,DE,14.87,NaN,15.76,NaN,17.21,NaN
A,GE10,L68,E_ITSP2_ITT2,PC_ENT,DK,15.12,NaN,19.58,NaN,21.97,NaN
A,GE10,L68,E_ITSP2_ITT2,PC_ENT,EA,15.64,NaN,16.85,NaN,14.56,NaN
A,GE10,L68,E_ITSP2_ITT2,PC_ENT,EE,0.0,NaN,0.81,NaN,10.23,NaN
A,GE10,L68,E_ITSP2_ITT2,PC_ENT,EL,,u,21.63,NaN,9.07,NaN
A,GE10,L68,E_ITSP2_ITT2,PC_ENT,ES,11.24,NaN,11.1,NaN,7.41,NaN
A,GE10,L68,E_ITSP2_ITT2,PC_ENT,EU15,,NaN,,NaN,,NaN
A,GE10,L68,E_ITSP2_ITT2,PC_ENT,EU27_2007,,NaN,,NaN,,NaN
A,GE10,L68,E_ITSP2_ITT2,PC_ENT,EU27_2020,14.22,NaN,15.5,NaN,14.41,NaN
A,GE10,L68,E_ITSP2_ITT2,PC_ENT,EU28,,NaN,,NaN,,NaN
A,GE10,L68,E_ITSP2_ITT2,PC_ENT,FI,15.4,NaN,18.87,NaN,18.18,NaN
A,GE10,L68,E_ITSP2_ITT2,PC_ENT,FR,19.99,NaN,24.02,b,12.38,NaN
A,GE10,L68,E_ITSP2_ITT2,PC_ENT,HR,,NaN,7.88,NaN,6.78,NaN
A,GE10,L68,E_ITSP2_ITT2,PC_ENT,HU,8.88,NaN,9.17,NaN,13.28,NaN
A,GE10,L68,E_ITSP2_ITT2,PC_ENT,IE,20.64,NaN,19.36,NaN,16.67,NaN
A,GE10,L68,E_ITSP2_ITT2,PC_ENT,IT,5.05,NaN,9.26,NaN,6.62,NaN
A,GE10,L68,E_ITSP2_ITT2,PC_ENT,LT,4.9,NaN,5.48,NaN,7.44,NaN
A,GE10,L68,E_ITSP2_ITT2,PC_ENT,LU,,NaN,,NaN,,NaN
A,GE10,L68,E_ITSP2_ITT2,PC_ENT,LV,7.31,NaN,9.23,NaN,5.3,NaN
A,GE10,L68,E_ITSP2_ITT2,PC_ENT,ME,,u,,NaN,,NaN
A,GE10,L68,E_ITSP2_ITT2,PC_ENT,MK,0.0,NaN,0.0,NaN,,NaN
A,GE10,L68,E_ITSP2_ITT2,PC_ENT,MT,,NaN,23.79,NaN,21.99,NaN
A,GE10,L68,E_ITSP2_ITT2,PC_ENT,NL,27.54,NaN,27.54,NaN,26.41,NaN
A,GE10,L68,E_ITSP2_ITT2,PC_ENT,NO,13.97,NaN,21.16,NaN,15.3,NaN
A,GE10,L68,E_ITSP2_ITT2,PC_ENT,PL,10.31,NaN,15.57,NaN,16.7,NaN
A,GE10,L68,E_ITSP2_ITT2,PC_ENT,PT,12.64,NaN,,u,,u
A,GE10,L68,E_ITSP2_ITT2,PC_ENT,RO,4.76,NaN,3.68,NaN,5.73,NaN
A,GE10,L68,E_ITSP2_ITT2,PC_ENT,RS,9.83,NaN,10.42,NaN,4.49,NaN
A,GE10,L68,E_ITSP2_ITT2,PC_ENT,SE,24.18,NaN,20.84,NaN,15.08,b
A,GE10,L68,E_ITSP2_ITT2,PC_ENT,SI,7.38,NaN,13.23,NaN,,NaN
A,GE10,L68,E_ITSP2_ITT2,PC_ENT,SK,7.01,NaN,9.08,NaN,5.08,NaN
A,GE10,L68,E_ITSP2_ITT2,PC_ENT,TR,8.95,NaN,17.68,NaN,10.09,NaN
A,GE10,L68,E_ITSP2_ITT2,PC_ENT,UK,,u,,NaN,,NaN
A,GE10,L68,E_ITSP2_ITT2,PC_ENT_CUSE,AT,,NaN,,NaN,,NaN
A,GE10,L68,E_ITSP2_ITT2,PC_ENT_CUSE,BA,,NaN,,NaN,,NaN
A,GE10,L68,E_ITSP2_ITT2,PC_ENT_CUSE,BE,,NaN,,NaN,,NaN
A,GE10,L68,E_ITSP2_ITT2,PC_ENT_CUSE,BG,,NaN,,NaN,,NaN
A,GE10,L68,E_ITSP2_ITT2,PC_ENT_CUSE,CY,,NaN,,NaN,,NaN
A,GE10,L68,E_ITSP2_ITT2,PC_ENT_CUSE,CZ,,NaN,,NaN,,NaN
A,GE10,L68,E_ITSP2_ITT2,PC_ENT_CUSE,DE,,NaN,,NaN,,NaN
A,GE10,L68,E_ITSP2_ITT2,PC_ENT_CUSE,DK,,NaN,,NaN,,NaN
A,GE10,L68,E_ITSP2_ITT2,PC_ENT_CUSE,EA,,NaN,,NaN,,NaN
A,GE10,L68,E_ITSP2_ITT2,PC_ENT_CUSE,EE,,NaN,,NaN,,NaN
A,GE10,L68,E_ITSP2_ITT2,PC_ENT_CUSE,EL,,NaN,,NaN,,NaN
A,GE10,L68,E_ITSP2_ITT2,PC_ENT_CUSE,ES,,NaN,,NaN,,NaN
A,GE10,L68,E_ITSP2_ITT2,PC_ENT_CUSE,EU15,,NaN,,NaN,,NaN
A,GE10,L68,E_ITSP2_ITT2,PC_ENT_CUSE,EU27_2007,,NaN,,NaN,,NaN
A,GE10,L68,E_ITSP2_ITT2,PC_ENT_CUSE,EU27_2020,,NaN,,NaN,,NaN
A,GE10,L68,E_ITSP2_ITT2,PC_ENT_CUSE,EU28,,NaN,,NaN,,NaN
A,GE10,L68,E_ITSP2_ITT2,PC_ENT_CUSE,FI,,NaN,,NaN,,NaN
A,GE10,L68,E_ITSP2_ITT2,PC_ENT_CUSE,FR,,NaN,,NaN,,NaN
A,GE10,L68,E_ITSP2_ITT2,PC_ENT_CUSE,HR,,NaN,,NaN,,NaN
A,GE10,L68,E_ITSP2_ITT2,PC_ENT_CUSE,HU,,NaN,,NaN,,NaN
A,GE10,L68,E_ITSP2_ITT2,PC_ENT_CUSE,IE,,NaN,,NaN,,NaN
A,GE10,L68,E_ITSP2_ITT2,PC_ENT_CUSE,IT,,NaN,,NaN,,NaN
A,GE10,L68,E_ITSP2_ITT2,PC_ENT_CUSE,LT,,NaN,,NaN,,NaN
A,GE10,L68,E_ITSP2_ITT2,PC_ENT_CUSE,LU,,NaN,,NaN,,NaN
A,GE10,L68,E_ITSP2_ITT2,PC_ENT_CUSE,LV,,NaN,,NaN,,NaN
A,GE10,L68,E_ITSP2_ITT2,PC_ENT_CUSE,ME,,NaN,,NaN,,NaN
A,GE10,L68,E_ITSP2_ITT2,PC_ENT_CUSE,MK,,NaN,,NaN,,NaN
A,GE10,L68,E_ITSP2_ITT2,PC_ENT_CUSE,MT,,NaN,,NaN,,NaN
A,GE10,L68,E_ITSP2_ITT2,PC_ENT_CUSE,NL,,NaN,,NaN,,NaN
A,GE10,L68,E_ITSP2_ITT2,PC_ENT_CUSE,NO,,NaN,,NaN,,NaN
A,GE10,L68,E_ITSP2_ITT2,PC_ENT_CUSE,PL,,NaN,,NaN,,NaN
A,GE10,L68,E_ITSP2_ITT2,PC_ENT_CUSE,PT,,NaN,,NaN,,NaN
A,GE10,L68,E_ITSP2_ITT2,PC_ENT_CUSE,RO,,NaN,,NaN,,NaN
A,GE10,L68,E_ITSP2_ITT2,PC_ENT_CUSE,RS,,NaN,,NaN,,NaN
A,GE10,L68,E_ITSP2_ITT2,PC_ENT_CUSE,SE,,NaN,,NaN,,NaN
A,GE10,L68,E_ITSP2_ITT2,PC_ENT_CUSE,SI,,NaN,,NaN,,NaN
A,GE10,L68,E_ITSP2_ITT2,PC_ENT_CUSE,SK,,NaN,,NaN,,NaN
A,GE10,L68,E_ITSP2_ITT2,PC_ENT_CUSE,TR,,NaN,,NaN,,NaN
A,GE10,L68,E_ITSP2_ITT2,PC_ENT_CUSE,UK,,NaN,,NaN,,NaN
A,GE10,L68,E_ITSPT2,PC_ENT,AL,,NaN,,u,,NaN
A,GE10,L68,E_ITSPT2,PC_ENT,AT,,u,,u,12.95,NaN
A,GE10,L68,E_ITSPT2,PC_ENT,BA,,NaN,0.0,NaN,,NaN
A,GE10,L68,E_ITSPT2,PC_ENT,BE,7.78,NaN,12.66,NaN,,u
A,GE10,L68,E_ITSPT2,PC_ENT,BG,,u,,u,3.59,NaN
A,GE10,L68,E_ITSPT2,PC_ENT,CY,4.24,NaN,7.67,NaN,8.05,NaN
A,GE10,L68,E_ITSPT2,PC_ENT,CZ,6.33,NaN,5.24,NaN,9.27,NaN
A,GE10,L68,E_ITSPT2,PC_ENT,DE,11.8,NaN,13.53,NaN,16.07,NaN
A,GE10,L68,E_ITSPT2,PC_ENT,DK,10.19,NaN,15.25,NaN,17.57,NaN
A,GE10,L68,E_ITSPT2,PC_ENT,EA,12.39,NaN,14.19,NaN,13.49,NaN
A,GE10,L68,E_ITSPT2,PC_ENT,EE,0.0,NaN,0.81,NaN,6.13,NaN
A,GE10,L68,E_ITSPT2,PC_ENT,EL,,u,20.45,NaN,12.66,NaN
A,GE10,L68,E_ITSPT2,PC_ENT,ES,8.44,NaN,6.28,NaN,5.98,NaN
A,GE10,L68,E_ITSPT2,PC_ENT,EU15,,NaN,,NaN,,NaN
A,GE10,L68,E_ITSPT2,PC_ENT,EU27_2007,,NaN,,NaN,,NaN
A,GE10,L68,E_ITSPT2,PC_ENT,EU27_2020,10.96,NaN,12.51,NaN,12.86,NaN
A,GE10,L68,E_ITSPT2,PC_ENT,EU28,,NaN,,NaN,,NaN
A,GE10,L68,E_ITSPT2,PC_ENT,FI,10.94,NaN,16.1,NaN,11.17,NaN
A,GE10,L68,E_ITSPT2,PC_ENT,FR,15.99,NaN,21.32,b,11.45,NaN
A,GE10,L68,E_ITSPT2,PC_ENT,HR,,NaN,7.88,NaN,6.14,NaN
A,GE10,L68,E_ITSPT2,PC_ENT,HU,5.8,NaN,6.3,NaN,10.1,NaN
A,GE10,L68,E_ITSPT2,PC_ENT,IE,10.25,NaN,10.52,NaN,11.36,NaN
A,GE10,L68,E_ITSPT2,PC_ENT,IS,,NaN,,NaN,,NaN
A,GE10,L68,E_ITSPT2,PC_ENT,IT,6.44,NaN,7.1,NaN,12.29,NaN
A,GE10,L68,E_ITSPT2,PC_ENT,LT,4.08,NaN,2.74,NaN,5.12,NaN
A,GE10,L68,E_ITSPT2,PC_ENT,LU,,NaN,,NaN,,NaN
A,GE10,L68,E_ITSPT2,PC_ENT,LV,6.32,NaN,5.46,NaN,4.23,NaN
A,GE10,L68,E_ITSPT2,PC_ENT,ME,,u,,NaN,,NaN
A,GE10,L68,E_ITSPT2,PC_ENT,MK,0.0,NaN,0.0,NaN,,NaN
A,GE10,L68,E_ITSPT2,PC_ENT,MT,,NaN,19.82,NaN,15.6,NaN
A,GE10,L68,E_ITSPT2,PC_ENT,NL,24.35,NaN,27.35,NaN,26.19,NaN
A,GE10,L68,E_ITSPT2,PC_ENT,NO,17.69,NaN,20.03,NaN,13.96,NaN
A,GE10,L68,E_ITSPT2,PC_ENT,PL,7.53,NaN,8.91,NaN,15.45,NaN
A,GE10,L68,E_ITSPT2,PC_ENT,PT,7.98,NaN,,u,,u
A,GE10,L68,E_ITSPT2,PC_ENT,RO,4.45,NaN,3.44,NaN,5.52,NaN
A,GE10,L68,E_ITSPT2,PC_ENT,RS,9.83,NaN,7.55,NaN,0.96,NaN
A,GE10,L68,E_ITSPT2,PC_ENT,SE,15.04,NaN,16.82,NaN,8.87,b
A,GE10,L68,E_ITSPT2,PC_ENT,SI,,NaN,13.23,NaN,,NaN
A,GE10,L68,E_ITSPT2,PC_ENT,SK,5.04,NaN,5.27,NaN,4.82,NaN
A,GE10,L68,E_ITSPT2,PC_ENT,TR,7.52,NaN,12.11,NaN,8.89,NaN
A,GE10,L68,E_ITSPT2,PC_ENT,UK,,u,,NaN,,NaN
A,GE10,L68,E_ITSPT2,PC_ENT_CUSE,AT,,NaN,,NaN,,NaN
A,GE10,L68,E_ITSPT2,PC_ENT_CUSE,BA,,NaN,,NaN,,NaN
A,GE10,L68,E_ITSPT2,PC_ENT_CUSE,BE,,NaN,,NaN,,NaN
A,GE10,L68,E_ITSPT2,PC_ENT_CUSE,BG,,NaN,,NaN,,NaN
A,GE10,L68,E_ITSPT2,PC_ENT_CUSE,CY,,NaN,,NaN,,NaN
A,GE10,L68,E_ITSPT2,PC_ENT_CUSE,CZ,,NaN,,NaN,,NaN
A,GE10,L68,E_ITSPT2,PC_ENT_CUSE,DE,,NaN,,NaN,,NaN
A,GE10,L68,E_ITSPT2,PC_ENT_CUSE,DK,,NaN,,NaN,,NaN
A,GE10,L68,E_ITSPT2,PC_ENT_CUSE,EA,,NaN,,NaN,,NaN
A,GE10,L68,E_ITSPT2,PC_ENT_CUSE,EE,,NaN,,NaN,,NaN
A,GE10,L68,E_ITSPT2,PC_ENT_CUSE,EL,,NaN,,NaN,,NaN
A,GE10,L68,E_ITSPT2,PC_ENT_CUSE,ES,,NaN,,NaN,,NaN
A,GE10,L68,E_ITSPT2,PC_ENT_CUSE,EU15,,NaN,,NaN,,NaN
A,GE10,L68,E_ITSPT2,PC_ENT_CUSE,EU27_2007,,NaN,,NaN,,NaN
A,GE10,L68,E_ITSPT2,PC_ENT_CUSE,EU27_2020,,NaN,,NaN,,NaN
A,GE10,L68,E_ITSPT2,PC_ENT_CUSE,EU28,,NaN,,NaN,,NaN
A,GE10,L68,E_ITSPT2,PC_ENT_CUSE,FI,,NaN,,NaN,,NaN
A,GE10,L68,E_ITSPT2,PC_ENT_CUSE,FR,,NaN,,NaN,,NaN
A,GE10,L68,E_ITSPT2,PC_ENT_CUSE,HR,,NaN,,NaN,,NaN
A,GE10,L68,E_ITSPT2,PC_ENT_CUSE,HU,,NaN,,NaN,,NaN
A,GE10,L68,E_ITSPT2,PC_ENT_CUSE,IE,,NaN,,NaN,,NaN
A,GE10,L68,E_ITSPT2,PC_ENT_CUSE,IS,,NaN,,NaN,,NaN
A,GE10,L68,E_ITSPT2,PC_ENT_CUSE,IT,,NaN,,NaN,,NaN
A,GE10,L68,E_ITSPT2,PC_ENT_CUSE,LT,,NaN,,NaN,,NaN
A,GE10,L68,E_ITSPT2,PC_ENT_CUSE,LU,,NaN,,NaN,,NaN
A,GE10,L68,E_ITSPT2,PC_ENT_CUSE,LV,,NaN,,NaN,,NaN
A,GE10,L68,E_ITSPT2,PC_ENT_CUSE,ME,,NaN,,NaN,,NaN
A,GE10,L68,E_ITSPT2,PC_ENT_CUSE,MK,,NaN,,NaN,,NaN
A,GE10,L68,E_ITSPT2,PC_ENT_CUSE,MT,,NaN,,NaN,,NaN
A,GE10,L68,E_ITSPT2,PC_ENT_CUSE,NL,,NaN,,NaN,,NaN
A,GE10,L68,E_ITSPT2,PC_ENT_CUSE,NO,,NaN,,NaN,,NaN
A,GE10,L68,E_ITSPT2,PC_ENT_CUSE,PL,,NaN,,NaN,,NaN
A,GE10,L68,E_ITSPT2,PC_ENT_CUSE,PT,,NaN,,NaN,,NaN
A,GE10,L68,E_ITSPT2,PC_ENT_CUSE,RO,,NaN,,NaN,,NaN
A,GE10,L68,E_ITSPT2,PC_ENT_CUSE,RS,,NaN,,NaN,,NaN
A,GE10,L68,E_ITSPT2,PC_ENT_CUSE,SE,,NaN,,NaN,,NaN
A,GE10,L68,E_ITSPT2,PC_ENT_CUSE,SI,,NaN,,NaN,,NaN
A,GE10,L68,E_ITSPT2,PC_ENT_CUSE,SK,,NaN,,NaN,,NaN
A,GE10,L68,E_ITSPT2,PC_ENT_CUSE,TR,,NaN,,NaN,,NaN
A,GE10,L68,E_ITSPT2,PC_ENT_CUSE,UK,,NaN,,NaN,,NaN
A,GE10,L68,E_ITT2,PC_ENT,AL,,NaN,,u,,NaN
A,GE10,L68,E_ITT2,PC_ENT,AT,,u,,u,21.73,NaN
A,GE10,L68,E_ITT2,PC_ENT,BA,,u,,NaN,8.2,NaN
A,GE10,L68,E_ITT2,PC_ENT,BE,,u,,u,,u
A,GE10,L68,E_ITT2,PC_ENT,BG,,u,6.23,NaN,7.19,NaN
A,GE10,L68,E_ITT2,PC_ENT,CY,8.48,NaN,19.17,NaN,34.97,NaN
A,GE10,L68,E_ITT2,PC_ENT,CZ,22.13,NaN,22.02,NaN,36.79,NaN
A,GE10,L68,E_ITT2,PC_ENT,DE,32.08,NaN,37.07,NaN,33.25,NaN
A,GE10,L68,E_ITT2,PC_ENT,DK,33.09,NaN,37.7,NaN,41.83,NaN
A,GE10,L68,E_ITT2,PC_ENT,EA,28.62,NaN,34.41,NaN,27.22,NaN
A,GE10,L68,E_ITT2,PC_ENT,EE,10.76,NaN,6.93,NaN,40.44,NaN
A,GE10,L68,E_ITT2,PC_ENT,EL,,u,32.39,NaN,18.81,NaN
A,GE10,L68,E_ITT2,PC_ENT,ES,25.32,NaN,34.66,NaN,16.5,NaN
A,GE10,L68,E_ITT2,PC_ENT,EU15,,NaN,,NaN,,NaN
A,GE10,L68,E_ITT2,PC_ENT,EU27_2007,,NaN,,NaN,,NaN
A,GE10,L68,E_ITT2,PC_ENT,EU27_2020,26.38,NaN,31.73,NaN,28.85,NaN
A,GE10,L68,E_ITT2,PC_ENT,EU28,,NaN,,NaN,,NaN
A,GE10,L68,E_ITT2,PC_ENT,FI,54.27,NaN,59.1,NaN,51.34,NaN
A,GE10,L68,E_ITT2,PC_ENT,FR,25.5,NaN,35.25,b,19.49,NaN
A,GE10,L68,E_ITT2,PC_ENT,HR,10.07,NaN,15.77,NaN,40.46,NaN
A,GE10,L68,E_ITT2,PC_ENT,HU,15.31,NaN,16.21,NaN,22.57,NaN
A,GE10,L68,E_ITT2,PC_ENT,IE,33.93,NaN,34.28,NaN,21.23,NaN
A,GE10,L68,E_ITT2,PC_ENT,IS,,NaN,,NaN,,NaN
A,GE10,L68,E_ITT2,PC_ENT,IT,17.98,NaN,17.17,NaN,19.44,NaN
A,GE10,L68,E_ITT2,PC_ENT,LT,9.8,NaN,8.22,NaN,12.56,NaN
A,GE10,L68,E_ITT2,PC_ENT,LU,,NaN,,NaN,,NaN
A,GE10,L68,E_ITT2,PC_ENT,LV,16.74,NaN,14.74,NaN,10.36,NaN
A,GE10,L68,E_ITT2,PC_ENT,ME,,u,,NaN,,NaN
A,GE10,L68,E_ITT2,PC_ENT,MK,0.0,NaN,,u,,NaN
A,GE10,L68,E_ITT2,PC_ENT,MT,,NaN,23.79,NaN,25.11,NaN
A,GE10,L68,E_ITT2,PC_ENT,NL,39.53,NaN,40.51,NaN,40.04,NaN
A,GE10,L68,E_ITT2,PC_ENT,NO,44.11,NaN,49.95,NaN,35.48,NaN
A,GE10,L68,E_ITT2,PC_ENT,PL,17.35,NaN,27.89,NaN,39.73,NaN
A,GE10,L68,E_ITT2,PC_ENT,PT,,u,,u,,u
A,GE10,L68,E_ITT2,PC_ENT,RO,5.26,NaN,6.57,NaN,10.19,NaN
A,GE10,L68,E_ITT2,PC_ENT,RS,18.4,NaN,14.06,NaN,12.66,NaN
A,GE10,L68,E_ITT2,PC_ENT,SE,53.36,NaN,49.57,NaN,41.48,b
A,GE10,L68,E_ITT2,PC_ENT,SI,26.91,NaN,36.68,NaN,14.7,NaN
A,GE10,L68,E_ITT2,PC_ENT,SK,14.88,NaN,16.96,NaN,14.96,NaN
A,GE10,L68,E_ITT2,PC_ENT,TR,14.33,NaN,24.24,NaN,18.89,NaN
A,GE10,L68,E_ITT2,PC_ENT,UK,,u,,NaN,,NaN
A,GE10,L68,E_ITT2,PC_ENT_CUSE,AT,,NaN,,NaN,,NaN
A,GE10,L68,E_ITT2,PC_ENT_CUSE,BA,,NaN,,NaN,,NaN
A,GE10,L68,E_ITT2,PC_ENT_CUSE,BE,,NaN,,NaN,,NaN
A,GE10,L68,E_ITT2,PC_ENT_CUSE,BG,,NaN,,NaN,,NaN
A,GE10,L68,E_ITT2,PC_ENT_CUSE,CY,,NaN,,NaN,,NaN
A,GE10,L68,E_ITT2,PC_ENT_CUSE,CZ,,NaN,,NaN,,NaN
A,GE10,L68,E_ITT2,PC_ENT_CUSE,DE,,NaN,,NaN,,NaN
A,GE10,L68,E_ITT2,PC_ENT_CUSE,DK,,NaN,,NaN,,NaN
A,GE10,L68,E_ITT2,PC_ENT_CUSE,EA,,NaN,,NaN,,NaN
A,GE10,L68,E_ITT2,PC_ENT_CUSE,EE,,NaN,,NaN,,NaN
A,GE10,L68,E_ITT2,PC_ENT_CUSE,EL,,NaN,,NaN,,NaN
A,GE10,L68,E_ITT2,PC_ENT_CUSE,ES,,NaN,,NaN,,NaN
A,GE10,L68,E_ITT2,PC_ENT_CUSE,EU15,,NaN,,NaN,,NaN
A,GE10,L68,E_ITT2,PC_ENT_CUSE,EU27_2007,,NaN,,NaN,,NaN
A,GE10,L68,E_ITT2,PC_ENT_CUSE,EU27_2020,,NaN,,NaN,,NaN
A,GE10,L68,E_ITT2,PC_ENT_CUSE,EU28,,NaN,,NaN,,NaN
A,GE10,L68,E_ITT2,PC_ENT_CUSE,FI,,NaN,,NaN,,NaN
A,GE10,L68,E_ITT2,PC_ENT_CUSE,FR,,NaN,,NaN,,NaN
A,GE10,L68,E_ITT2,PC_ENT_CUSE,HR,,NaN,,NaN,,NaN
A,GE10,L68,E_ITT2,PC_ENT_CUSE,HU,,NaN,,NaN,,NaN
A,GE10,L68,E_ITT2,PC_ENT_CUSE,IE,,NaN,,NaN,,NaN
A,GE10,L68,E_ITT2,PC_ENT_CUSE,IS,,NaN,,NaN,,NaN
A,GE10,L68,E_ITT2,PC_ENT_CUSE,IT,,NaN,,NaN,,NaN
A,GE10,L68,E_ITT2,PC_ENT_CUSE,LT,,NaN,,NaN,,NaN
A,GE10,L68,E_ITT2,PC_ENT_CUSE,LU,,NaN,,NaN,,NaN
A,GE10,L68,E_ITT2,PC_ENT_CUSE,LV,,NaN,,NaN,,NaN
A,GE10,L68,E_ITT2,PC_ENT_CUSE,ME,,NaN,,NaN,,NaN
A,GE10,L68,E_ITT2,PC_ENT_CUSE,MK,,NaN,,NaN,,NaN
A,GE10,L68,E_ITT2,PC_ENT_CUSE,MT,,NaN,,NaN,,NaN
A,GE10,L68,E_ITT2,PC_ENT_CUSE,NL,,NaN,,NaN,,NaN
A,GE10,L68,E_ITT2,PC_ENT_CUSE,NO,,NaN,,NaN,,NaN
A,GE10,L68,E_ITT2,PC_ENT_CUSE,PL,,NaN,,NaN,,NaN
A,GE10,L68,E_ITT2,PC_ENT_CUSE,PT,,NaN,,NaN,,NaN
A,GE10,L68,E_ITT2,PC_ENT_CUSE,RO,,NaN,,NaN,,NaN
A,GE10,L68,E_ITT2,PC_ENT_CUSE,RS,,NaN,,NaN,,NaN
A,GE10,L68,E_ITT2,PC_ENT_CUSE,SE,,NaN,,NaN,,NaN
A,GE10,L68,E_ITT2,PC_ENT_CUSE,SI,,NaN,,NaN,,NaN
A,GE10,L68,E_ITT2,PC_ENT_CUSE,SK,,NaN,,NaN,,NaN
A,GE10,L68,E_ITT2,PC_ENT_CUSE,TR,,NaN,,NaN,,NaN
A,GE10,L68,E_ITT2,PC_ENT_CUSE,UK,,NaN,,NaN,,NaN
A,GE10,L68,E_ITUST2,PC_ENT,AL,,NaN,,u,,NaN
A,GE10,L68,E_ITUST2,PC_ENT,AT,,u,,u,18.1,NaN
A,GE10,L68,E_ITUST2,PC_ENT,BA,,u,,NaN,,NaN
A,GE10,L68,E_ITUST2,PC_ENT,BE,,u,,u,,u
A,GE10,L68,E_ITUST2,PC_ENT,BG,,u,,u,4.24,NaN
A,GE10,L68,E_ITUST2,PC_ENT,CY,4.24,NaN,15.33,NaN,32.88,NaN
A,GE10,L68,E_ITUST2,PC_ENT,CZ,22.13,NaN,21.06,NaN,35.03,NaN
A,GE10,L68,E_ITUST2,PC_ENT,DE,30.07,NaN,35.33,NaN,30.69,NaN
A,GE10,L68,E_ITUST2,PC_ENT,DK,30.84,NaN,34.39,NaN,41.09,NaN
A,GE10,L68,E_ITUST2,PC_ENT,EA,25.81,NaN,31.08,NaN,24.4,NaN
A,GE10,L68,E_ITUST2,PC_ENT,EE,10.76,NaN,6.93,NaN,35.42,NaN
A,GE10,L68,E_ITUST2,PC_ENT,EL,,u,26.76,NaN,17.03,NaN
A,GE10,L68,E_ITUST2,PC_ENT,ES,24.4,NaN,32.11,NaN,15.53,NaN
A,GE10,L68,E_ITUST2,PC_ENT,EU15,,NaN,,NaN,,NaN
A,GE10,L68,E_ITUST2,PC_ENT,EU27_2007,,NaN,,NaN,,NaN
A,GE10,L68,E_ITUST2,PC_ENT,EU27_2020,23.91,NaN,29.03,NaN,25.94,NaN
A,GE10,L68,E_ITUST2,PC_ENT,EU28,,NaN,,NaN,,NaN
A,GE10,L68,E_ITUST2,PC_ENT,FI,53.0,NaN,59.1,NaN,47.3,NaN
A,GE10,L68,E_ITUST2,PC_ENT,FR,19.64,NaN,30.3,b,16.27,NaN
A,GE10,L68,E_ITUST2,PC_ENT,HR,10.07,NaN,7.88,NaN,34.96,NaN
A,GE10,L68,E_ITUST2,PC_ENT,HU,12.81,NaN,14.9,NaN,18.24,NaN
A,GE10,L68,E_ITUST2,PC_ENT,IE,32.41,NaN,26.8,NaN,15.92,NaN
A,GE10,L68,E_ITUST2,PC_ENT,IS,,NaN,,NaN,,NaN
A,GE10,L68,E_ITUST2,PC_ENT,IT,15.69,NaN,13.6,NaN,11.31,NaN
A,GE10,L68,E_ITUST2,PC_ENT,LT,8.16,NaN,7.76,NaN,12.56,NaN
A,GE10,L68,E_ITUST2,PC_ENT,LU,,NaN,,NaN,,NaN
A,GE10,L68,E_ITUST2,PC_ENT,LV,14.73,NaN,12.81,NaN,9.64,NaN
A,GE10,L68,E_ITUST2,PC_ENT,ME,,u,0.0,NaN,,NaN
A,GE10,L68,E_ITUST2,PC_ENT,MK,0.0,NaN,,u,,NaN
A,GE10,L68,E_ITUST2,PC_ENT,MT,,NaN,23.79,NaN,25.11,NaN
A,GE10,L68,E_ITUST2,PC_ENT,NL,35.27,NaN,37.31,NaN,34.81,NaN
A,GE10,L68,E_ITUST2,PC_ENT,NO,39.76,NaN,45.58,NaN,34.31,NaN
A,GE10,L68,E_ITUST2,PC_ENT,PL,15.16,NaN,26.5,NaN,34.21,NaN
A,GE10,L68,E_ITUST2,PC_ENT,PT,,u,,u,,u
A,GE10,L68,E_ITUST2,PC_ENT,RO,3.18,NaN,6.17,NaN,9.98,NaN
A,GE10,L68,E_ITUST2,PC_ENT,RS,13.21,NaN,14.06,NaN,12.66,NaN
A,GE10,L68,E_ITUST2,PC_ENT,SE,52.51,NaN,49.3,NaN,41.48,b
A,GE10,L68,E_ITUST2,PC_ENT,SI,25.66,NaN,36.68,NaN,14.7,NaN
A,GE10,L68,E_ITUST2,PC_ENT,SK,11.97,NaN,14.58,NaN,13.82,NaN
A,GE10,L68,E_ITUST2,PC_ENT,TR,11.6,NaN,21.78,NaN,18.67,NaN
A,GE10,L68,E_ITUST2,PC_ENT,UK,,u,,NaN,,NaN
A,GE10,L68,E_ITUST2,PC_ENT_CUSE,AT,,NaN,,NaN,,NaN
A,GE10,L68,E_ITUST2,PC_ENT_CUSE,BA,,NaN,,NaN,,NaN
A,GE10,L68,E_ITUST2,PC_ENT_CUSE,BE,,NaN,,NaN,,NaN
A,GE10,L68,E_ITUST2,PC_ENT_CUSE,BG,,NaN,,NaN,,NaN
A,GE10,L68,E_ITUST2,PC_ENT_CUSE,CY,,NaN,,NaN,,NaN
A,GE10,L68,E_ITUST2,PC_ENT_CUSE,CZ,,NaN,,NaN,,NaN
A,GE10,L68,E_ITUST2,PC_ENT_CUSE,DE,,NaN,,NaN,,NaN
A,GE10,L68,E_ITUST2,PC_ENT_CUSE,DK,,NaN,,NaN,,NaN
A,GE10,L68,E_ITUST2,PC_ENT_CUSE,EA,,NaN,,NaN,,NaN
A,GE10,L68,E_ITUST2,PC_ENT_CUSE,EE,,NaN,,NaN,,NaN
A,GE10,L68,E_ITUST2,PC_ENT_CUSE,EL,,NaN,,NaN,,NaN
A,GE10,L68,E_ITUST2,PC_ENT_CUSE,ES,,NaN,,NaN,,NaN
A,GE10,L68,E_ITUST2,PC_ENT_CUSE,EU15,,NaN,,NaN,,NaN
A,GE10,L68,E_ITUST2,PC_ENT_CUSE,EU27_2007,,NaN,,NaN,,NaN
A,GE10,L68,E_ITUST2,PC_ENT_CUSE,EU27_2020,,NaN,,NaN,,NaN
A,GE10,L68,E_ITUST2,PC_ENT_CUSE,EU28,,NaN,,NaN,,NaN
A,GE10,L68,E_ITUST2,PC_ENT_CUSE,FI,,NaN,,NaN,,NaN
A,GE10,L68,E_ITUST2,PC_ENT_CUSE,FR,,NaN,,NaN,,NaN
A,GE10,L68,E_ITUST2,PC_ENT_CUSE,HR,,NaN,,NaN,,NaN
A,GE10,L68,E_ITUST2,PC_ENT_CUSE,HU,,NaN,,NaN,,NaN
A,GE10,L68,E_ITUST2,PC_ENT_CUSE,IE,,NaN,,NaN,,NaN
A,GE10,L68,E_ITUST2,PC_ENT_CUSE,IS,,NaN,,NaN,,NaN
A,GE10,L68,E_ITUST2,PC_ENT_CUSE,IT,,NaN,,NaN,,NaN
A,GE10,L68,E_ITUST2,PC_ENT_CUSE,LT,,NaN,,NaN,,NaN
A,GE10,L68,E_ITUST2,PC_ENT_CUSE,LU,,NaN,,NaN,,NaN
A,GE10,L68,E_ITUST2,PC_ENT_CUSE,LV,,NaN,,NaN,,NaN
A,GE10,L68,E_ITUST2,PC_ENT_CUSE,ME,,NaN,,NaN,,NaN
A,GE10,L68,E_ITUST2,PC_ENT_CUSE,MK,,NaN,,NaN,,NaN
A,GE10,L68,E_ITUST2,PC_ENT_CUSE,MT,,NaN,,NaN,,NaN
A,GE10,L68,E_ITUST2,PC_ENT_CUSE,NL,,NaN,,NaN,,NaN
A,GE10,L68,E_ITUST2,PC_ENT_CUSE,NO,,NaN,,NaN,,NaN
A,GE10,L68,E_ITUST2,PC_ENT_CUSE,PL,,NaN,,NaN,,NaN
A,GE10,L68,E_ITUST2,PC_ENT_CUSE,PT,,NaN,,NaN,,NaN
A,GE10,L68,E_ITUST2,PC_ENT_CUSE,RO,,NaN,,NaN,,NaN
A,GE10,L68,E_ITUST2,PC_ENT_CUSE,RS,,NaN,,NaN,,NaN
A,GE10,L68,E_ITUST2,PC_ENT_CUSE,SE,,NaN,,NaN,,NaN
A,GE10,L68,E_ITUST2,PC_ENT_CUSE,SI,,NaN,,NaN,,NaN
A,GE10,L68,E_ITUST2,PC_ENT_CUSE,SK,,NaN,,NaN,,NaN
A,GE10,L68,E_ITUST2,PC_ENT_CUSE,TR,,NaN,,NaN,,NaN
A,GE10,L68,E_ITUST2,PC_ENT_CUSE,UK,,NaN,,NaN,,NaN
A,GE10,L_M,E_ITSP2X_ITT2,PC_ENT,AT,,NaN,9.57,NaN,14.41,NaN
A,GE10,L_M,E_ITSP2X_ITT2,PC_ENT,BA,,NaN,,NaN,,NaN
A,GE10,L_M,E_ITSP2X_ITT2,PC_ENT,BE,,NaN,,u,,u
A,GE10,L_M,E_ITSP2X_ITT2,PC_ENT,BG,,NaN,,u,,u
A,GE10,L_M,E_ITSP2X_ITT2,PC_ENT,CY,,NaN,13.12,NaN,15.58,NaN
A,GE10,L_M,E_ITSP2X_ITT2,PC_ENT,CZ,,NaN,22.07,NaN,22.3,NaN
A,GE10,L_M,E_ITSP2X_ITT2,PC_ENT,DE,,NaN,18.1,NaN,17.66,NaN
A,GE10,L_M,E_ITSP2X_ITT2,PC_ENT,DK,,NaN,17.01,NaN,15.99,NaN
A,GE10,L_M,E_ITSP2X_ITT2,PC_ENT,EA,,NaN,14.27,NaN,13.85,NaN
A,GE10,L_M,E_ITSP2X_ITT2,PC_ENT,EE,,NaN,16.65,NaN,16.49,NaN
A,GE10,L_M,E_ITSP2X_ITT2,PC_ENT,EL,,NaN,9.63,NaN,5.19,NaN
A,GE10,L_M,E_ITSP2X_ITT2,PC_ENT,ES,,NaN,15.23,NaN,15.35,NaN
A,GE10,L_M,E_ITSP2X_ITT2,PC_ENT,EU27_2020,,NaN,14.37,NaN,14.14,NaN
A,GE10,L_M,E_ITSP2X_ITT2,PC_ENT,FI,,NaN,29.98,NaN,24.0,NaN
A,GE10,L_M,E_ITSP2X_ITT2,PC_ENT,FR,,NaN,7.44,b,6.5,NaN
A,GE10,L_M,E_ITSP2X_ITT2,PC_ENT,HR,,NaN,21.16,NaN,19.65,NaN
A,GE10,L_M,E_ITSP2X_ITT2,PC_ENT,HU,,NaN,8.36,NaN,8.83,NaN
A,GE10,L_M,E_ITSP2X_ITT2,PC_ENT,IE,,NaN,9.28,NaN,7.86,NaN
A,GE10,L_M,E_ITSP2X_ITT2,PC_ENT,IT,,NaN,12.93,NaN,13.96,NaN
A,GE10,L_M,E_ITSP2X_ITT2,PC_ENT,LT,,NaN,4.08,NaN,7.74,NaN
A,GE10,L_M,E_ITSP2X_ITT2,PC_ENT,LU,,NaN,,NaN,,NaN
A,GE10,L_M,E_ITSP2X_ITT2,PC_ENT,LV,,NaN,8.16,NaN,9.83,NaN
A,GE10,L_M,E_ITSP2X_ITT2,PC_ENT,ME,,NaN,8.14,NaN,,NaN
A,GE10,L_M,E_ITSP2X_ITT2,PC_ENT,MK,,NaN,,u,,NaN
A,GE10,L_M,E_ITSP2X_ITT2,PC_ENT,MT,,NaN,7.13,NaN,7.55,NaN
A,GE10,L_M,E_ITSP2X_ITT2,PC_ENT,NL,,NaN,10.75,NaN,10.14,NaN
A,GE10,L_M,E_ITSP2X_ITT2,PC_ENT,NO,,NaN,27.15,NaN,20.92,NaN
A,GE10,L_M,E_ITSP2X_ITT2,PC_ENT,PL,,NaN,12.35,NaN,18.05,NaN
A,GE10,L_M,E_ITSP2X_ITT2,PC_ENT,PT,,NaN,,u,,u
A,GE10,L_M,E_ITSP2X_ITT2,PC_ENT,RO,,NaN,7.35,NaN,2.77,NaN
A,GE10,L_M,E_ITSP2X_ITT2,PC_ENT,RS,,NaN,11.24,NaN,31.21,NaN
A,GE10,L_M,E_ITSP2X_ITT2,PC_ENT,SE,,NaN,22.11,NaN,21.24,b
A,GE10,L_M,E_ITSP2X_ITT2,PC_ENT,SI,,NaN,22.73,NaN,14.27,NaN
A,GE10,L_M,E_ITSP2X_ITT2,PC_ENT,SK,,NaN,8.86,NaN,9.36,NaN
A,GE10,L_M,E_ITSP2X_ITT2,PC_ENT,TR,,NaN,7.24,NaN,7.26,NaN
A,GE10,L_M,E_ITSP2_ITT2,PC_ENT,AL,,NaN,,u,,NaN
A,GE10,L_M,E_ITSP2_ITT2,PC_ENT,AT,,NaN,,u,16.9,NaN
A,GE10,L_M,E_ITSP2_ITT2,PC_ENT,BA,,NaN,,NaN,,NaN
A,GE10,L_M,E_ITSP2_ITT2,PC_ENT,BE,,NaN,35.65,NaN,,u
A,GE10,L_M,E_ITSP2_ITT2,PC_ENT,BG,,NaN,,u,11.45,NaN
A,GE10,L_M,E_ITSP2_ITT2,PC_ENT,CY,,NaN,28.48,NaN,28.45,NaN
A,GE10,L_M,E_ITSP2_ITT2,PC_ENT,CZ,,NaN,14.09,NaN,16.98,NaN
A,GE10,L_M,E_ITSP2_ITT2,PC_ENT,DE,,NaN,21.98,NaN,22.37,NaN
A,GE10,L_M,E_ITSP2_ITT2,PC_ENT,DK,,NaN,34.29,NaN,31.85,NaN
A,GE10,L_M,E_ITSP2_ITT2,PC_ENT,EA,,NaN,21.2,NaN,20.04,NaN
A,GE10,L_M,E_ITSP2_ITT2,PC_ENT,EE,,NaN,12.98,NaN,23.84,NaN
A,GE10,L_M,E_ITSP2_ITT2,PC_ENT,EL,,NaN,23.8,NaN,23.86,NaN
A,GE10,L_M,E_ITSP2_ITT2,PC_ENT,ES,,NaN,18.86,NaN,17.83,NaN
A,GE10,L_M,E_ITSP2_ITT2,PC_ENT,EU27_2020,,NaN,20.92,NaN,20.46,NaN
A,GE10,L_M,E_ITSP2_ITT2,PC_ENT,FI,,NaN,27.35,NaN,31.87,NaN
A,GE10,L_M,E_ITSP2_ITT2,PC_ENT,FR,,NaN,19.02,b,11.72,NaN
A,GE10,L_M,E_ITSP2_ITT2,PC_ENT,HR,,NaN,16.06,NaN,18.28,NaN
A,GE10,L_M,E_ITSP2_ITT2,PC_ENT,HU,,NaN,19.43,NaN,19.28,NaN
A,GE10,L_M,E_ITSP2_ITT2,PC_ENT,IE,,NaN,18.04,NaN,28.77,NaN
A,GE10,L_M,E_ITSP2_ITT2,PC_ENT,IT,,NaN,12.59,NaN,12.9,NaN
A,GE10,L_M,E_ITSP2_ITT2,PC_ENT,LT,,NaN,16.72,NaN,11.96,NaN
A,GE10,L_M,E_ITSP2_ITT2,PC_ENT,LU,,NaN,,NaN,,NaN
A,GE10,L_M,E_ITSP2_ITT2,PC_ENT,LV,,NaN,12.96,NaN,12.44,NaN
A,GE10,L_M,E_ITSP2_ITT2,PC_ENT,ME,,NaN,,NaN,,NaN
A,GE10,L_M,E_ITSP2_ITT2,PC_ENT,MK,,NaN,,u,,NaN
A,GE10,L_M,E_ITSP2_ITT2,PC_ENT,MT,,NaN,32.08,NaN,28.88,NaN
A,GE10,L_M,E_ITSP2_ITT2,PC_ENT,NL,,NaN,30.52,NaN,28.02,NaN
A,GE10,L_M,E_ITSP2_ITT2,PC_ENT,NO,,NaN,21.06,NaN,24.72,NaN
A,GE10,L_M,E_ITSP2_ITT2,PC_ENT,PL,,NaN,23.4,NaN,28.99,NaN
A,GE10,L_M,E_ITSP2_ITT2,PC_ENT,PT,,NaN,,u,,u
A,GE10,L_M,E_ITSP2_ITT2,PC_ENT,RO,,NaN,9.7,NaN,17.34,NaN
A,GE10,L_M,E_ITSP2_ITT2,PC_ENT,RS,,NaN,22.65,NaN,11.26,NaN
A,GE10,L_M,E_ITSP2_ITT2,PC_ENT,SE,,NaN,22.93,NaN,19.96,b
A,GE10,L_M,E_ITSP2_ITT2,PC_ENT,SI,,NaN,24.31,NaN,,NaN
A,GE10,L_M,E_ITSP2_ITT2,PC_ENT,SK,,NaN,11.78,NaN,14.5,NaN
A,GE10,L_M,E_ITSP2_ITT2,PC_ENT,TR,,NaN,10.53,NaN,9.86,NaN
A,GE10,L_M,E_ITSPT2,PC_ENT,AL,,NaN,,u,,NaN
A,GE10,L_M,E_ITSPT2,PC_ENT,AT,,NaN,,u,16.15,NaN
A,GE10,L_M,E_ITSPT2,PC_ENT,BA,,NaN,13.23,NaN,,NaN
A,GE10,L_M,E_ITSPT2,PC_ENT,BE,,NaN,29.69,NaN,,u
A,GE10,L_M,E_ITSPT2,PC_ENT,BG,,NaN,,u,8.7,NaN
A,GE10,L_M,E_ITSPT2,PC_ENT,CY,,NaN,23.22,NaN,22.28,NaN
A,GE10,L_M,E_ITSPT2,PC_ENT,CZ,,NaN,11.61,NaN,13.66,NaN
A,GE10,L_M,E_ITSPT2,PC_ENT,DE,,NaN,19.7,NaN,20.8,NaN
A,GE10,L_M,E_ITSPT2,PC_ENT,DK,,NaN,29.77,NaN,28.04,NaN
A,GE10,L_M,E_ITSPT2,PC_ENT,EA,,NaN,18.55,NaN,18.13,NaN
A,GE10,L_M,E_ITSPT2,PC_ENT,EE,,NaN,14.13,NaN,22.46,NaN
A,GE10,L_M,E_ITSPT2,PC_ENT,EL,,NaN,21.16,NaN,24.45,NaN
A,GE10,L_M,E_ITSPT2,PC_ENT,ES,,NaN,15.28,NaN,14.52,NaN
A,GE10,L_M,E_ITSPT2,PC_ENT,EU27_2020,,NaN,17.9,NaN,18.24,NaN
A,GE10,L_M,E_ITSPT2,PC_ENT,FI,,NaN,20.32,NaN,27.87,NaN
A,GE10,L_M,E_ITSPT2,PC_ENT,FR,,NaN,15.8,b,10.73,NaN
A,GE10,L_M,E_ITSPT2,PC_ENT,HR,,NaN,14.38,NaN,16.02,NaN
A,GE10,L_M,E_ITSPT2,PC_ENT,HU,,NaN,12.85,NaN,12.55,NaN
A,GE10,L_M,E_ITSPT2,PC_ENT,IE,,NaN,10.66,NaN,23.55,NaN
A,GE10,L_M,E_ITSPT2,PC_ENT,IT,,NaN,13.26,NaN,12.81,NaN
A,GE10,L_M,E_ITSPT2,PC_ENT,LT,,NaN,13.17,NaN,8.34,NaN
A,GE10,L_M,E_ITSPT2,PC_ENT,LU,,NaN,,NaN,,NaN
A,GE10,L_M,E_ITSPT2,PC_ENT,LV,,NaN,10.39,NaN,9.47,NaN
A,GE10,L_M,E_ITSPT2,PC_ENT,ME,,NaN,,NaN,,NaN
A,GE10,L_M,E_ITSPT2,PC_ENT,MK,,NaN,,u,,NaN
A,GE10,L_M,E_ITSPT2,PC_ENT,MT,,NaN,27.86,NaN,24.34,NaN
A,GE10,L_M,E_ITSPT2,PC_ENT,NL,,NaN,29.29,NaN,26.0,NaN
A,GE10,L_M,E_ITSPT2,PC_ENT,NO,,NaN,17.96,NaN,21.9,NaN
A,GE10,L_M,E_ITSPT2,PC_ENT,PL,,NaN,15.98,NaN,26.53,NaN
A,GE10,L_M,E_ITSPT2,PC_ENT,PT,,NaN,,u,,u
A,GE10,L_M,E_ITSPT2,PC_ENT,RO,,NaN,9.42,NaN,14.64,NaN
A,GE10,L_M,E_ITSPT2,PC_ENT,RS,,NaN,19.74,NaN,9.61,NaN
A,GE10,L_M,E_ITSPT2,PC_ENT,SE,,NaN,19.0,NaN,15.48,b
A,GE10,L_M,E_ITSPT2,PC_ENT,SI,,NaN,21.05,NaN,,NaN
A,GE10,L_M,E_ITSPT2,PC_ENT,SK,,NaN,7.87,NaN,10.88,NaN
A,GE10,L_M,E_ITSPT2,PC_ENT,TR,,NaN,7.78,NaN,6.67,NaN
A,GE10,L_M,E_ITT2,PC_ENT,AL,,NaN,,u,,NaN
A,GE10,L_M,E_ITT2,PC_ENT,AT,,NaN,,u,32.79,NaN
A,GE10,L_M,E_ITT2,PC_ENT,BA,,NaN,,NaN,27.2,NaN
A,GE10,L_M,E_ITT2,PC_ENT,BE,,NaN,,u,,u
A,GE10,L_M,E_ITT2,PC_ENT,BG,,NaN,15.6,NaN,14.43,NaN
A,GE10,L_M,E_ITT2,PC_ENT,CY,,NaN,41.59,NaN,44.03,NaN
A,GE10,L_M,E_ITT2,PC_ENT,CZ,,NaN,36.16,NaN,39.28,NaN
A,GE10,L_M,E_ITT2,PC_ENT,DE,,NaN,40.17,NaN,40.04,NaN
A,GE10,L_M,E_ITT2,PC_ENT,DK,,NaN,51.3,NaN,47.84,NaN
A,GE10,L_M,E_ITT2,PC_ENT,EA,,NaN,35.65,NaN,34.06,NaN
A,GE10,L_M,E_ITT2,PC_ENT,EE,,NaN,30.5,NaN,42.62,NaN
A,GE10,L_M,E_ITT2,PC_ENT,EL,,NaN,34.79,NaN,30.93,NaN
A,GE10,L_M,E_ITT2,PC_ENT,ES,,NaN,34.09,NaN,33.18,NaN
A,GE10,L_M,E_ITT2,PC_ENT,EU27_2020,,NaN,35.44,NaN,34.74,NaN
A,GE10,L_M,E_ITT2,PC_ENT,FI,,NaN,57.33,NaN,55.88,NaN
A,GE10,L_M,E_ITT2,PC_ENT,FR,,NaN,26.46,b,18.22,NaN
A,GE10,L_M,E_ITT2,PC_ENT,HR,,NaN,37.22,NaN,37.93,NaN
A,GE10,L_M,E_ITT2,PC_ENT,HU,,NaN,27.79,NaN,28.11,NaN
A,GE10,L_M,E_ITT2,PC_ENT,IE,,NaN,27.31,NaN,36.63,NaN
A,GE10,L_M,E_ITT2,PC_ENT,IT,,NaN,26.6,NaN,27.56,NaN
A,GE10,L_M,E_ITT2,PC_ENT,LT,,NaN,20.79,NaN,19.7,NaN
A,GE10,L_M,E_ITT2,PC_ENT,LU,,NaN,,NaN,,NaN
A,GE10,L_M,E_ITT2,PC_ENT,LV,,NaN,21.12,NaN,22.27,NaN
A,GE10,L_M,E_ITT2,PC_ENT,ME,,NaN,,NaN,,NaN
A,GE10,L_M,E_ITT2,PC_ENT,MK,,NaN,,u,,NaN
A,GE10,L_M,E_ITT2,PC_ENT,MT,,NaN,39.87,NaN,36.43,NaN
A,GE10,L_M,E_ITT2,PC_ENT,NL,,NaN,41.26,NaN,38.15,NaN
A,GE10,L_M,E_ITT2,PC_ENT,NO,,NaN,48.21,NaN,45.64,NaN
A,GE10,L_M,E_ITT2,PC_ENT,PL,,NaN,35.74,NaN,47.18,NaN
A,GE10,L_M,E_ITT2,PC_ENT,PT,,NaN,,u,,u
A,GE10,L_M,E_ITT2,PC_ENT,RO,,NaN,17.53,NaN,20.11,NaN
A,GE10,L_M,E_ITT2,PC_ENT,RS,,NaN,33.88,NaN,42.47,NaN
A,GE10,L_M,E_ITT2,PC_ENT,SE,,NaN,45.04,NaN,41.19,b
A,GE10,L_M,E_ITT2,PC_ENT,SI,,NaN,47.04,NaN,34.57,NaN
A,GE10,L_M,E_ITT2,PC_ENT,SK,,NaN,20.65,NaN,23.85,NaN
A,GE10,L_M,E_ITT2,PC_ENT,TR,,NaN,17.76,NaN,17.12,NaN
A,GE10,L_M,E_ITUST2,PC_ENT,AL,,NaN,,u,,NaN
A,GE10,L_M,E_ITUST2,PC_ENT,AT,,NaN,,u,28.15,NaN
A,GE10,L_M,E_ITUST2,PC_ENT,BA,,NaN,,NaN,,NaN
A,GE10,L_M,E_ITUST2,PC_ENT,BE,,NaN,,u,,u
A,GE10,L_M,E_ITUST2,PC_ENT,BG,,NaN,,u,8.29,NaN
A,GE10,L_M,E_ITUST2,PC_ENT,CY,,NaN,37.58,NaN,40.41,NaN
A,GE10,L_M,E_ITUST2,PC_ENT,CZ,,NaN,34.31,NaN,37.54,NaN
A,GE10,L_M,E_ITUST2,PC_ENT,DE,,NaN,37.35,NaN,37.53,NaN
A,GE10,L_M,E_ITUST2,PC_ENT,DK,,NaN,45.91,NaN,43.3,NaN
A,GE10,L_M,E_ITUST2,PC_ENT,EA,,NaN,31.48,NaN,30.81,NaN
A,GE10,L_M,E_ITUST2,PC_ENT,EE,,NaN,25.1,NaN,37.94,NaN
A,GE10,L_M,E_ITUST2,PC_ENT,EL,,NaN,29.18,NaN,22.96,NaN
A,GE10,L_M,E_ITUST2,PC_ENT,ES,,NaN,29.34,NaN,30.45,NaN
A,GE10,L_M,E_ITUST2,PC_ENT,EU27_2020,,NaN,31.56,NaN,31.25,NaN
A,GE10,L_M,E_ITUST2,PC_ENT,FI,,NaN,52.62,NaN,50.46,NaN
A,GE10,L_M,E_ITUST2,PC_ENT,FR,,NaN,21.66,b,15.87,NaN
A,GE10,L_M,E_ITUST2,PC_ENT,HR,,NaN,31.97,NaN,32.38,NaN
A,GE10,L_M,E_ITUST2,PC_ENT,HU,,NaN,23.95,NaN,22.2,NaN
A,GE10,L_M,E_ITUST2,PC_ENT,IE,,NaN,20.97,NaN,28.96,NaN
A,GE10,L_M,E_ITUST2,PC_ENT,IT,,NaN,21.67,NaN,22.79,NaN
A,GE10,L_M,E_ITUST2,PC_ENT,LT,,NaN,20.17,NaN,19.0,NaN
A,GE10,L_M,E_ITUST2,PC_ENT,LU,,NaN,,NaN,,NaN
A,GE10,L_M,E_ITUST2,PC_ENT,LV,,NaN,18.33,NaN,21.07,NaN
A,GE10,L_M,E_ITUST2,PC_ENT,ME,,NaN,23.39,NaN,,NaN
A,GE10,L_M,E_ITUST2,PC_ENT,MK,,NaN,,u,,NaN
A,GE10,L_M,E_ITUST2,PC_ENT,MT,,NaN,34.15,NaN,35.64,NaN
A,GE10,L_M,E_ITUST2,PC_ENT,NL,,NaN,34.83,NaN,32.32,NaN
A,GE10,L_M,E_ITUST2,PC_ENT,NO,,NaN,46.22,NaN,43.1,NaN
A,GE10,L_M,E_ITUST2,PC_ENT,PL,,NaN,33.81,NaN,40.4,NaN
A,GE10,L_M,E_ITUST2,PC_ENT,PT,,NaN,,u,,u
A,GE10,L_M,E_ITUST2,PC_ENT,RO,,NaN,14.78,NaN,16.54,NaN
A,GE10,L_M,E_ITUST2,PC_ENT,RS,,NaN,31.04,NaN,42.15,NaN
A,GE10,L_M,E_ITUST2,PC_ENT,SE,,NaN,43.09,NaN,39.15,b
A,GE10,L_M,E_ITUST2,PC_ENT,SI,,NaN,41.65,NaN,31.85,NaN
A,GE10,L_M,E_ITUST2,PC_ENT,SK,,NaN,19.95,NaN,21.6,NaN
A,GE10,L_M,E_ITUST2,PC_ENT,TR,,NaN,17.11,NaN,15.51,NaN
A,GE10,M,E_ITSP2X_ITT2,PC_ENT,AT,,NaN,10.02,NaN,15.71,NaN
A,GE10,M,E_ITSP2X_ITT2,PC_ENT,BA,,NaN,21.17,NaN,,u
A,GE10,M,E_ITSP2X_ITT2,PC_ENT,BE,,NaN,13.75,NaN,22.19,NaN
A,GE10,M,E_ITSP2X_ITT2,PC_ENT,BG,,NaN,5.31,NaN,3.96,NaN
A,GE10,M,E_ITSP2X_ITT2,PC_ENT,CY,,NaN,13.25,NaN,14.95,NaN
A,GE10,M,E_ITSP2X_ITT2,PC_ENT,CZ,,NaN,24.39,NaN,21.62,NaN
A,GE10,M,E_ITSP2X_ITT2,PC_ENT,DE,,NaN,17.67,NaN,17.92,NaN
A,GE10,M,E_ITSP2X_ITT2,PC_ENT,DK,,NaN,16.82,NaN,15.38,NaN
A,GE10,M,E_ITSP2X_ITT2,PC_ENT,EA,,NaN,13.82,NaN,14.05,NaN
A,GE10,M,E_ITSP2X_ITT2,PC_ENT,EE,,NaN,19.79,NaN,13.19,NaN
A,GE10,M,E_ITSP2X_ITT2,PC_ENT,EL,,NaN,9.95,NaN,4.44,NaN
A,GE10,M,E_ITSP2X_ITT2,PC_ENT,ES,,NaN,14.08,NaN,16.2,NaN
A,GE10,M,E_ITSP2X_ITT2,PC_ENT,EU27_2020,,NaN,14.07,NaN,14.1,NaN
A,GE10,M,E_ITSP2X_ITT2,PC_ENT,FI,,NaN,28.41,NaN,22.64,NaN
A,GE10,M,E_ITSP2X_ITT2,PC_ENT,FR,,NaN,6.85,b,6.4,NaN
A,GE10,M,E_ITSP2X_ITT2,PC_ENT,HR,,NaN,22.8,NaN,17.36,NaN
A,GE10,M,E_ITSP2X_ITT2,PC_ENT,HU,,NaN,8.78,NaN,8.7,NaN
A,GE10,M,E_ITSP2X_ITT2,PC_ENT,IE,,NaN,8.53,NaN,8.32,NaN
A,GE10,M,E_ITSP2X_ITT2,PC_ENT,IT,,NaN,13.47,NaN,14.53,NaN
A,GE10,M,E_ITSP2X_ITT2,PC_ENT,LT,,NaN,4.47,NaN,8.46,NaN
A,GE10,M,E_ITSP2X_ITT2,PC_ENT,LU,,NaN,8.7,NaN,11.35,NaN
A,GE10,M,E_ITSP2X_ITT2,PC_ENT,LV,,NaN,9.6,NaN,12.5,NaN
A,GE10,M,E_ITSP2X_ITT2,PC_ENT,ME,,NaN,9.13,NaN,,NaN
A,GE10,M,E_ITSP2X_ITT2,PC_ENT,MK,,NaN,,u,,NaN
A,GE10,M,E_ITSP2X_ITT2,PC_ENT,MT,,NaN,7.83,NaN,8.11,NaN
A,GE10,M,E_ITSP2X_ITT2,PC_ENT,NL,,NaN,10.49,NaN,9.76,NaN
A,GE10,M,E_ITSP2X_ITT2,PC_ENT,NO,,NaN,26.84,NaN,21.06,NaN
A,GE10,M,E_ITSP2X_ITT2,PC_ENT,PL,,NaN,12.36,NaN,16.15,NaN
A,GE10,M,E_ITSP2X_ITT2,PC_ENT,PT,,NaN,16.91,NaN,12.6,NaN
A,GE10,M,E_ITSP2X_ITT2,PC_ENT,RO,,NaN,8.56,NaN,2.4,NaN
A,GE10,M,E_ITSP2X_ITT2,PC_ENT,RS,,NaN,11.86,NaN,33.06,NaN
A,GE10,M,E_ITSP2X_ITT2,PC_ENT,SE,,NaN,20.32,NaN,19.95,b
A,GE10,M,E_ITSP2X_ITT2,PC_ENT,SI,,NaN,22.66,NaN,14.52,NaN
A,GE10,M,E_ITSP2X_ITT2,PC_ENT,SK,,NaN,9.22,NaN,9.18,NaN
A,GE10,M,E_ITSP2X_ITT2,PC_ENT,TR,,NaN,7.33,NaN,7.03,NaN
A,GE10,M,E_ITSP2_ITT2,PC_ENT,AL,,NaN,,u,,NaN
A,GE10,M,E_ITSP2_ITT2,PC_ENT,AT,,NaN,24.17,NaN,17.57,NaN
A,GE10,M,E_ITSP2_ITT2,PC_ENT,BA,,NaN,20.81,NaN,18.37,NaN
A,GE10,M,E_ITSP2_ITT2,PC_ENT,BE,,NaN,39.57,NaN,32.41,NaN
A,GE10,M,E_ITSP2_ITT2,PC_ENT,BG,,NaN,13.81,NaN,13.04,NaN
A,GE10,M,E_ITSP2_ITT2,PC_ENT,CY,,NaN,30.19,NaN,29.88,NaN
A,GE10,M,E_ITSP2_ITT2,PC_ENT,CZ,,NaN,16.55,NaN,18.53,NaN
A,GE10,M,E_ITSP2_ITT2,PC_ENT,DE,,NaN,22.92,NaN,23.18,NaN
A,GE10,M,E_ITSP2_ITT2,PC_ENT,DK,,NaN,36.81,NaN,33.42,NaN
A,GE10,M,E_ITSP2_ITT2,PC_ENT,EA,,NaN,21.84,NaN,20.91,NaN
A,GE10,M,E_ITSP2_ITT2,PC_ENT,EE,,NaN,16.62,NaN,27.12,NaN
A,GE10,M,E_ITSP2_ITT2,PC_ENT,EL,,NaN,24.14,NaN,26.32,NaN
A,GE10,M,E_ITSP2_ITT2,PC_ENT,ES,,NaN,19.94,NaN,19.25,NaN
A,GE10,M,E_ITSP2_ITT2,PC_ENT,EU27_2020,,NaN,21.88,NaN,21.55,NaN
A,GE10,M,E_ITSP2_ITT2,PC_ENT,FI,,NaN,28.65,NaN,33.92,NaN
A,GE10,M,E_ITSP2_ITT2,PC_ENT,FR,,NaN,18.23,b,11.62,NaN
A,GE10,M,E_ITSP2_ITT2,PC_ENT,HR,,NaN,17.07,NaN,20.16,NaN
A,GE10,M,E_ITSP2_ITT2,PC_ENT,HU,,NaN,22.66,NaN,20.93,NaN
A,GE10,M,E_ITSP2_ITT2,PC_ENT,IE,,NaN,17.86,NaN,30.45,NaN
A,GE10,M,E_ITSP2_ITT2,PC_ENT,IT,,NaN,12.86,NaN,13.41,NaN
A,GE10,M,E_ITSP2_ITT2,PC_ENT,LT,,NaN,20.05,NaN,13.21,NaN
A,GE10,M,E_ITSP2_ITT2,PC_ENT,LU,,NaN,19.83,NaN,25.86,NaN
A,GE10,M,E_ITSP2_ITT2,PC_ENT,LV,,NaN,14.99,NaN,16.44,NaN
A,GE10,M,E_ITSP2_ITT2,PC_ENT,ME,,NaN,19.85,NaN,17.53,NaN
A,GE10,M,E_ITSP2_ITT2,PC_ENT,MK,,NaN,,u,,NaN
A,GE10,M,E_ITSP2_ITT2,PC_ENT,MT,,NaN,32.9,NaN,29.75,NaN
A,GE10,M,E_ITSP2_ITT2,PC_ENT,NL,,NaN,30.86,NaN,28.19,NaN
A,GE10,M,E_ITSP2_ITT2,PC_ENT,NO,,NaN,21.04,NaN,26.57,NaN
A,GE10,M,E_ITSP2_ITT2,PC_ENT,PL,,NaN,26.48,NaN,33.67,NaN
A,GE10,M,E_ITSP2_ITT2,PC_ENT,PT,,NaN,21.5,NaN,,u
A,GE10,M,E_ITSP2_ITT2,PC_ENT,RO,,NaN,11.33,NaN,19.86,NaN
A,GE10,M,E_ITSP2_ITT2,PC_ENT,RS,,NaN,23.64,NaN,11.81,NaN
A,GE10,M,E_ITSP2_ITT2,PC_ENT,SE,,NaN,23.5,NaN,21.18,b
A,GE10,M,E_ITSP2_ITT2,PC_ENT,SI,,NaN,25.31,NaN,21.72,NaN
A,GE10,M,E_ITSP2_ITT2,PC_ENT,SK,,NaN,12.77,NaN,17.64,NaN
A,GE10,M,E_ITSP2_ITT2,PC_ENT,TR,,NaN,9.58,NaN,9.82,NaN
A,GE10,M,E_ITSPT2,PC_ENT,AL,,NaN,,u,,NaN
A,GE10,M,E_ITSPT2,PC_ENT,AT,,NaN,23.06,NaN,16.81,NaN
A,GE10,M,E_ITSPT2,PC_ENT,BA,,NaN,15.28,NaN,16.58,NaN
A,GE10,M,E_ITSPT2,PC_ENT,BE,,NaN,32.86,NaN,26.26,NaN
A,GE10,M,E_ITSPT2,PC_ENT,BG,,NaN,11.54,NaN,10.52,NaN
A,GE10,M,E_ITSPT2,PC_ENT,CY,,NaN,24.5,NaN,23.53,NaN
A,GE10,M,E_ITSPT2,PC_ENT,CZ,,NaN,13.76,NaN,15.18,NaN
A,GE10,M,E_ITSPT2,PC_ENT,DE,,NaN,20.64,NaN,21.54,NaN
A,GE10,M,E_ITSPT2,PC_ENT,DK,,NaN,32.26,NaN,29.72,NaN
A,GE10,M,E_ITSPT2,PC_ENT,EA,,NaN,19.18,NaN,18.86,NaN
A,GE10,M,E_ITSPT2,PC_ENT,EE,,NaN,18.11,NaN,26.39,NaN
A,GE10,M,E_ITSPT2,PC_ENT,EL,,NaN,21.27,NaN,26.41,NaN
A,GE10,M,E_ITSPT2,PC_ENT,ES,,NaN,16.53,NaN,15.68,NaN
A,GE10,M,E_ITSPT2,PC_ENT,EU27_2020,,NaN,18.85,NaN,19.21,NaN
A,GE10,M,E_ITSPT2,PC_ENT,FI,,NaN,20.97,NaN,30.37,NaN
A,GE10,M,E_ITSPT2,PC_ENT,FR,,NaN,14.93,b,10.62,NaN
A,GE10,M,E_ITSPT2,PC_ENT,HR,,NaN,15.18,NaN,17.63,NaN
A,GE10,M,E_ITSPT2,PC_ENT,HU,,NaN,14.92,NaN,13.22,NaN
A,GE10,M,E_ITSPT2,PC_ENT,IE,,NaN,10.67,NaN,25.25,NaN
A,GE10,M,E_ITSPT2,PC_ENT,IT,,NaN,13.77,NaN,12.85,NaN
A,GE10,M,E_ITSPT2,PC_ENT,LT,,NaN,16.26,NaN,9.23,NaN
A,GE10,M,E_ITSPT2,PC_ENT,LU,,NaN,15.5,NaN,21.65,NaN
A,GE10,M,E_ITSPT2,PC_ENT,LV,,NaN,13.06,NaN,12.4,NaN
A,GE10,M,E_ITSPT2,PC_ENT,ME,,NaN,19.85,NaN,,NaN
A,GE10,M,E_ITSPT2,PC_ENT,MK,,NaN,,u,,NaN
A,GE10,M,E_ITSPT2,PC_ENT,MT,,NaN,28.65,NaN,25.45,NaN
A,GE10,M,E_ITSPT2,PC_ENT,NL,,NaN,29.51,NaN,25.98,NaN
A,GE10,M,E_ITSPT2,PC_ENT,NO,,NaN,17.58,NaN,23.46,NaN
A,GE10,M,E_ITSPT2,PC_ENT,PL,,NaN,18.76,NaN,30.75,NaN
A,GE10,M,E_ITSPT2,PC_ENT,PT,,NaN,16.03,NaN,,u
A,GE10,M,E_ITSPT2,PC_ENT,RO,,NaN,11.03,NaN,16.63,NaN
A,GE10,M,E_ITSPT2,PC_ENT,RS,,NaN,20.74,NaN,10.31,NaN
A,GE10,M,E_ITSPT2,PC_ENT,SE,,NaN,19.58,NaN,17.13,b
A,GE10,M,E_ITSPT2,PC_ENT,SI,,NaN,21.75,NaN,20.73,NaN
A,GE10,M,E_ITSPT2,PC_ENT,SK,,NaN,8.81,NaN,12.9,NaN
A,GE10,M,E_ITSPT2,PC_ENT,TR,,NaN,7.21,NaN,6.33,NaN
A,GE10,M,E_ITT2,PC_ENT,AL,,NaN,,u,,NaN
A,GE10,M,E_ITT2,PC_ENT,AT,,NaN,34.19,NaN,35.06,NaN
A,GE10,M,E_ITT2,PC_ENT,BA,,NaN,41.98,NaN,29.98,NaN
A,GE10,M,E_ITT2,PC_ENT,BE,,NaN,53.32,NaN,54.6,NaN
A,GE10,M,E_ITT2,PC_ENT,BG,,NaN,19.12,NaN,17.01,NaN
A,GE10,M,E_ITT2,PC_ENT,CY,,NaN,43.44,NaN,44.83,NaN
A,GE10,M,E_ITT2,PC_ENT,CZ,,NaN,40.94,NaN,40.15,NaN
A,GE10,M,E_ITT2,PC_ENT,DE,,NaN,40.65,NaN,41.1,NaN
A,GE10,M,E_ITT2,PC_ENT,DK,,NaN,53.62,NaN,48.8,NaN
A,GE10,M,E_ITT2,PC_ENT,EA,,NaN,35.79,NaN,35.1,NaN
A,GE10,M,E_ITT2,PC_ENT,EE,,NaN,37.54,NaN,43.14,NaN
A,GE10,M,E_ITT2,PC_ENT,EL,,NaN,35.16,NaN,32.95,NaN
A,GE10,M,E_ITT2,PC_ENT,ES,,NaN,34.02,NaN,35.46,NaN
A,GE10,M,E_ITT2,PC_ENT,EU27_2020,,NaN,36.07,NaN,35.79,NaN
A,GE10,M,E_ITT2,PC_ENT,FI,,NaN,57.06,NaN,56.55,NaN
A,GE10,M,E_ITT2,PC_ENT,FR,,NaN,25.08,b,18.03,NaN
A,GE10,M,E_ITT2,PC_ENT,HR,,NaN,39.88,NaN,37.52,NaN
A,GE10,M,E_ITT2,PC_ENT,HU,,NaN,31.44,NaN,29.64,NaN
A,GE10,M,E_ITT2,PC_ENT,IE,,NaN,26.39,NaN,38.77,NaN
A,GE10,M,E_ITT2,PC_ENT,IT,,NaN,27.38,NaN,28.21,NaN
A,GE10,M,E_ITT2,PC_ENT,LT,,NaN,24.53,NaN,21.67,NaN
A,GE10,M,E_ITT2,PC_ENT,LU,,NaN,28.53,NaN,37.21,NaN
A,GE10,M,E_ITT2,PC_ENT,LV,,NaN,24.58,NaN,28.94,NaN
A,GE10,M,E_ITT2,PC_ENT,ME,,NaN,28.98,NaN,23.12,NaN
A,GE10,M,E_ITT2,PC_ENT,MK,,NaN,,u,,NaN
A,GE10,M,E_ITT2,PC_ENT,MT,,NaN,41.45,NaN,37.86,NaN
A,GE10,M,E_ITT2,PC_ENT,NL,,NaN,41.35,NaN,37.95,NaN
A,GE10,M,E_ITT2,PC_ENT,NO,,NaN,47.88,NaN,47.64,NaN
A,GE10,M,E_ITT2,PC_ENT,PL,,NaN,38.83,NaN,50.02,NaN
A,GE10,M,E_ITT2,PC_ENT,PT,,NaN,,u,,u
A,GE10,M,E_ITT2,PC_ENT,RO,,NaN,20.51,NaN,22.27,NaN
A,GE10,M,E_ITT2,PC_ENT,RS,,NaN,35.5,NaN,44.87,NaN
A,GE10,M,E_ITT2,PC_ENT,SE,,NaN,43.81,NaN,41.12,b
A,GE10,M,E_ITT2,PC_ENT,SI,,NaN,47.97,NaN,36.24,NaN
A,GE10,M,E_ITT2,PC_ENT,SK,,NaN,21.99,NaN,26.83,NaN
A,GE10,M,E_ITT2,PC_ENT,TR,,NaN,16.91,NaN,16.85,NaN
A,GE10,M,E_ITUST2,PC_ENT,AL,,NaN,,u,,NaN
A,GE10,M,E_ITUST2,PC_ENT,AT,,NaN,27.05,NaN,30.21,NaN
A,GE10,M,E_ITUST2,PC_ENT,BA,,NaN,38.43,NaN,26.07,NaN
A,GE10,M,E_ITUST2,PC_ENT,BE,,NaN,49.94,NaN,50.26,NaN
A,GE10,M,E_ITUST2,PC_ENT,BG,,NaN,14.65,NaN,9.74,NaN
A,GE10,M,E_ITUST2,PC_ENT,CY,,NaN,39.41,NaN,41.08,NaN
A,GE10,M,E_ITUST2,PC_ENT,CZ,,NaN,38.78,NaN,38.41,NaN
A,GE10,M,E_ITUST2,PC_ENT,DE,,NaN,37.66,NaN,38.6,NaN
A,GE10,M,E_ITUST2,PC_ENT,DK,,NaN,47.89,NaN,43.66,NaN
A,GE10,M,E_ITUST2,PC_ENT,EA,,NaN,31.5,NaN,31.79,NaN
A,GE10,M,E_ITUST2,PC_ENT,EE,,NaN,30.53,NaN,38.55,NaN
A,GE10,M,E_ITUST2,PC_ENT,EL,,NaN,29.56,NaN,23.95,NaN
A,GE10,M,E_ITUST2,PC_ENT,ES,,NaN,28.96,NaN,32.48,NaN
A,GE10,M,E_ITUST2,PC_ENT,EU27_2020,,NaN,31.98,NaN,32.2,NaN
A,GE10,M,E_ITUST2,PC_ENT,FI,,NaN,51.63,NaN,50.93,NaN
A,GE10,M,E_ITUST2,PC_ENT,FR,,NaN,20.31,b,15.81,NaN
A,GE10,M,E_ITUST2,PC_ENT,HR,,NaN,34.96,NaN,31.96,NaN
A,GE10,M,E_ITUST2,PC_ENT,HU,,NaN,26.8,NaN,23.29,NaN
A,GE10,M,E_ITUST2,PC_ENT,IE,,NaN,20.2,NaN,30.78,NaN
A,GE10,M,E_ITUST2,PC_ENT,IT,,NaN,22.33,NaN,23.71,NaN
A,GE10,M,E_ITUST2,PC_ENT,LT,,NaN,23.85,NaN,20.77,NaN
A,GE10,M,E_ITUST2,PC_ENT,LU,,NaN,25.25,NaN,34.31,NaN
A,GE10,M,E_ITUST2,PC_ENT,LV,,NaN,21.33,NaN,27.47,NaN
A,GE10,M,E_ITUST2,PC_ENT,ME,,NaN,26.22,NaN,23.12,NaN
A,GE10,M,E_ITUST2,PC_ENT,MK,,NaN,,u,,NaN
A,GE10,M,E_ITUST2,PC_ENT,MT,,NaN,35.17,NaN,36.97,NaN
A,GE10,M,E_ITUST2,PC_ENT,NL,,NaN,34.54,NaN,32.05,NaN
A,GE10,M,E_ITUST2,PC_ENT,NO,,NaN,46.34,NaN,44.83,NaN
A,GE10,M,E_ITUST2,PC_ENT,PL,,NaN,36.68,NaN,42.76,NaN
A,GE10,M,E_ITUST2,PC_ENT,PT,,NaN,,u,,u
A,GE10,M,E_ITUST2,PC_ENT,RO,,NaN,17.11,NaN,17.96,NaN
A,GE10,M,E_ITUST2,PC_ENT,RS,,NaN,32.43,NaN,44.53,NaN
A,GE10,M,E_ITUST2,PC_ENT,SE,,NaN,41.41,NaN,38.56,b
A,GE10,M,E_ITUST2,PC_ENT,SI,,NaN,42.1,NaN,33.29,NaN
A,GE10,M,E_ITUST2,PC_ENT,SK,,NaN,21.9,NaN,24.19,NaN
A,GE10,M,E_ITUST2,PC_ENT,TR,,NaN,16.49,NaN,15.03,NaN
A,GE10,M69-M71,E_ITSP2X_ITT2,PC_ENT,AT,,NaN,9.66,NaN,16.33,NaN
A,GE10,M69-M71,E_ITSP2X_ITT2,PC_ENT,BA,,NaN,25.08,NaN,,u
A,GE10,M69-M71,E_ITSP2X_ITT2,PC_ENT,BE,,NaN,14.45,NaN,24.7,NaN
A,GE10,M69-M71,E_ITSP2X_ITT2,PC_ENT,BG,,NaN,8.28,NaN,,u
A,GE10,M69-M71,E_ITSP2X_ITT2,PC_ENT,CY,,NaN,13.6,NaN,14.85,NaN
A,GE10,M69-M71,E_ITSP2X_ITT2,PC_ENT,CZ,,NaN,23.86,NaN,22.15,NaN
A,GE10,M69-M71,E_ITSP2X_ITT2,PC_ENT,DE,,NaN,18.85,NaN,19.19,NaN
A,GE10,M69-M71,E_ITSP2X_ITT2,PC_ENT,DK,,NaN,20.78,NaN,17.89,NaN
A,GE10,M69-M71,E_ITSP2X_ITT2,PC_ENT,EA,,NaN,14.56,NaN,14.76,NaN
A,GE10,M69-M71,E_ITSP2X_ITT2,PC_ENT,EE,,NaN,24.58,NaN,17.53,NaN
A,GE10,M69-M71,E_ITSP2X_ITT2,PC_ENT,EL,,NaN,9.59,NaN,2.75,NaN
A,GE10,M69-M71,E_ITSP2X_ITT2,PC_ENT,ES,,NaN,,u,17.52,NaN
A,GE10,M69-M71,E_ITSP2X_ITT2,PC_ENT,EU27_2020,,NaN,14.78,NaN,14.86,NaN
A,GE10,M69-M71,E_ITSP2X_ITT2,PC_ENT,FI,,NaN,,u,,u
A,GE10,M69-M71,E_ITSP2X_ITT2,PC_ENT,FR,,NaN,7.52,b,6.86,NaN
A,GE10,M69-M71,E_ITSP2X_ITT2,PC_ENT,HR,,NaN,27.83,NaN,20.52,NaN
A,GE10,M69-M71,E_ITSP2X_ITT2,PC_ENT,HU,,NaN,10.09,NaN,9.19,NaN
A,GE10,M69-M71,E_ITSP2X_ITT2,PC_ENT,IE,,NaN,6.07,NaN,7.67,NaN
A,GE10,M69-M71,E_ITSP2X_ITT2,PC_ENT,IT,,NaN,,u,,u
A,GE10,M69-M71,E_ITSP2X_ITT2,PC_ENT,LT,,NaN,,u,9.55,NaN
A,GE10,M69-M71,E_ITSP2X_ITT2,PC_ENT,LU,,NaN,,u,,u
A,GE10,M69-M71,E_ITSP2X_ITT2,PC_ENT,LV,,NaN,10.9,NaN,11.56,NaN
A,GE10,M69-M71,E_ITSP2X_ITT2,PC_ENT,ME,,NaN,11.65,NaN,,NaN
A,GE10,M69-M71,E_ITSP2X_ITT2,PC_ENT,MK,,NaN,0.0,NaN,,NaN
A,GE10,M69-M71,E_ITSP2X_ITT2,PC_ENT,MT,,NaN,10.0,NaN,7.71,NaN
A,GE10,M69-M71,E_ITSP2X_ITT2,PC_ENT,NL,,NaN,11.84,NaN,10.06,NaN
A,GE10,M69-M71,E_ITSP2X_ITT2,PC_ENT,NO,,NaN,28.91,NaN,23.13,NaN
A,GE10,M69-M71,E_ITSP2X_ITT2,PC_ENT,PL,,NaN,10.86,NaN,16.03,NaN
A,GE10,M69-M71,E_ITSP2X_ITT2,PC_ENT,PT,,NaN,,u,,u
A,GE10,M69-M71,E_ITSP2X_ITT2,PC_ENT,RO,,NaN,9.71,NaN,3.17,NaN
A,GE10,M69-M71,E_ITSP2X_ITT2,PC_ENT,RS,,NaN,13.24,NaN,40.71,NaN
A,GE10,M69-M71,E_ITSP2X_ITT2,PC_ENT,SE,,NaN,21.62,NaN,22.35,b
A,GE10,M69-M71,E_ITSP2X_ITT2,PC_ENT,SI,,NaN,23.94,NaN,11.23,NaN
A,GE10,M69-M71,E_ITSP2X_ITT2,PC_ENT,SK,,NaN,8.52,NaN,10.11,NaN
A,GE10,M69-M71,E_ITSP2X_ITT2,PC_ENT,TR,,NaN,6.94,NaN,7.27,NaN
A,GE10,M69-M71,E_ITSP2_ITT2,PC_ENT,AT,,NaN,24.85,NaN,16.02,NaN
A,GE10,M69-M71,E_ITSP2_ITT2,PC_ENT,BA,,NaN,,u,,u
A,GE10,M69-M71,E_ITSP2_ITT2,PC_ENT,BE,,NaN,35.81,NaN,30.29,NaN
A,GE10,M69-M71,E_ITSP2_ITT2,PC_ENT,BG,,NaN,8.72,NaN,15.72,NaN
A,GE10,M69-M71,E_ITSP2_ITT2,PC_ENT,CY,,NaN,29.51,NaN,28.5,NaN
A,GE10,M69-M71,E_ITSP2_ITT2,PC_ENT,CZ,,NaN,16.4,NaN,18.56,NaN
A,GE10,M69-M71,E_ITSP2_ITT2,PC_ENT,DE,,NaN,21.24,NaN,22.69,NaN
A,GE10,M69-M71,E_ITSP2_ITT2,PC_ENT,DK,,NaN,36.95,NaN,37.19,NaN
A,GE10,M69-M71,E_ITSP2_ITT2,PC_ENT,EA,,NaN,20.94,NaN,20.41,NaN
A,GE10,M69-M71,E_ITSP2_ITT2,PC_ENT,EE,,NaN,19.31,NaN,25.51,NaN
A,GE10,M69-M71,E_ITSP2_ITT2,PC_ENT,EL,,NaN,19.1,NaN,25.75,NaN
A,GE10,M69-M71,E_ITSP2_ITT2,PC_ENT,ES,,NaN,,u,19.08,NaN
A,GE10,M69-M71,E_ITSP2_ITT2,PC_ENT,EU27_2020,,NaN,21.0,NaN,21.07,NaN
A,GE10,M69-M71,E_ITSP2_ITT2,PC_ENT,FI,,NaN,,u,,u
A,GE10,M69-M71,E_ITSP2_ITT2,PC_ENT,FR,,NaN,18.02,b,10.26,NaN
A,GE10,M69-M71,E_ITSP2_ITT2,PC_ENT,HR,,NaN,13.57,NaN,18.37,NaN
A,GE10,M69-M71,E_ITSP2_ITT2,PC_ENT,HU,,NaN,23.57,NaN,21.03,NaN
A,GE10,M69-M71,E_ITSP2_ITT2,PC_ENT,IE,,NaN,16.96,NaN,28.12,NaN
A,GE10,M69-M71,E_ITSP2_ITT2,PC_ENT,IT,,NaN,,u,,u
A,GE10,M69-M71,E_ITSP2_ITT2,PC_ENT,LT,,NaN,,u,14.62,NaN
A,GE10,M69-M71,E_ITSP2_ITT2,PC_ENT,LU,,NaN,,u,,u
A,GE10,M69-M71,E_ITSP2_ITT2,PC_ENT,LV,,NaN,13.84,NaN,17.54,NaN
A,GE10,M69-M71,E_ITSP2_ITT2,PC_ENT,ME,,NaN,21.82,NaN,17.44,NaN
A,GE10,M69-M71,E_ITSP2_ITT2,PC_ENT,MK,,NaN,,u,,NaN
A,GE10,M69-M71,E_ITSP2_ITT2,PC_ENT,MT,,NaN,30.82,NaN,29.82,NaN
A,GE10,M69-M71,E_ITSP2_ITT2,PC_ENT,NL,,NaN,31.76,NaN,29.55,NaN
A,GE10,M69-M71,E_ITSP2_ITT2,PC_ENT,NO,,NaN,18.55,NaN,27.1,NaN
A,GE10,M69-M71,E_ITSP2_ITT2,PC_ENT,PL,,NaN,23.39,NaN,32.09,NaN
A,GE10,M69-M71,E_ITSP2_ITT2,PC_ENT,PT,,NaN,19.47,NaN,,u
A,GE10,M69-M71,E_ITSP2_ITT2,PC_ENT,RO,,NaN,12.17,NaN,23.42,NaN
A,GE10,M69-M71,E_ITSP2_ITT2,PC_ENT,RS,,NaN,21.03,NaN,9.18,NaN
A,GE10,M69-M71,E_ITSP2_ITT2,PC_ENT,SE,,NaN,25.02,NaN,18.68,b
A,GE10,M69-M71,E_ITSP2_ITT2,PC_ENT,SI,,NaN,22.46,NaN,21.42,NaN
A,GE10,M69-M71,E_ITSP2_ITT2,PC_ENT,SK,,NaN,13.33,NaN,18.84,NaN
A,GE10,M69-M71,E_ITSP2_ITT2,PC_ENT,TR,,NaN,8.59,NaN,8.8,NaN
A,GE10,M69-M71,E_ITSPT2,PC_ENT,AT,,NaN,23.49,NaN,14.95,NaN
A,GE10,M69-M71,E_ITSPT2,PC_ENT,BA,,NaN,,u,,u
A,GE10,M69-M71,E_ITSPT2,PC_ENT,BE,,NaN,30.1,NaN,26.44,NaN
A,GE10,M69-M71,E_ITSPT2,PC_ENT,BG,,NaN,6.35,NaN,13.18,NaN
A,GE10,M69-M71,E_ITSPT2,PC_ENT,CY,,NaN,23.36,NaN,22.3,NaN
A,GE10,M69-M71,E_ITSPT2,PC_ENT,CZ,,NaN,12.91,NaN,15.38,NaN
A,GE10,M69-M71,E_ITSPT2,PC_ENT,DE,,NaN,19.4,NaN,21.11,NaN
A,GE10,M69-M71,E_ITSPT2,PC_ENT,DK,,NaN,33.14,NaN,32.8,NaN
A,GE10,M69-M71,E_ITSPT2,PC_ENT,EA,,NaN,18.55,NaN,18.49,NaN
A,GE10,M69-M71,E_ITSPT2,PC_ENT,EE,,NaN,22.26,NaN,26.08,NaN
A,GE10,M69-M71,E_ITSPT2,PC_ENT,EL,,NaN,17.69,NaN,25.55,NaN
A,GE10,M69-M71,E_ITSPT2,PC_ENT,ES,,NaN,,u,15.26,NaN
A,GE10,M69-M71,E_ITSPT2,PC_ENT,EU27_2020,,NaN,18.17,NaN,18.9,NaN
A,GE10,M69-M71,E_ITSPT2,PC_ENT,FI,,NaN,,u,,u
A,GE10,M69-M71,E_ITSPT2,PC_ENT,FR,,NaN,14.94,b,9.57,NaN
A,GE10,M69-M71,E_ITSPT2,PC_ENT,HR,,NaN,11.13,NaN,15.35,NaN
A,GE10,M69-M71,E_ITSPT2,PC_ENT,HU,,NaN,15.04,NaN,12.3,NaN
A,GE10,M69-M71,E_ITSPT2,PC_ENT,IE,,NaN,9.34,NaN,24.59,NaN
A,GE10,M69-M71,E_ITSPT2,PC_ENT,IT,,NaN,,u,,u
A,GE10,M69-M71,E_ITSPT2,PC_ENT,LT,,NaN,,u,10.33,NaN
A,GE10,M69-M71,E_ITSPT2,PC_ENT,LU,,NaN,,u,,u
A,GE10,M69-M71,E_ITSPT2,PC_ENT,LV,,NaN,13.11,NaN,13.43,NaN
A,GE10,M69-M71,E_ITSPT2,PC_ENT,ME,,NaN,21.82,NaN,,NaN
A,GE10,M69-M71,E_ITSPT2,PC_ENT,MK,,NaN,,u,,NaN
A,GE10,M69-M71,E_ITSPT2,PC_ENT,MT,,NaN,25.61,NaN,25.39,NaN
A,GE10,M69-M71,E_ITSPT2,PC_ENT,NL,,NaN,30.21,NaN,27.15,NaN
A,GE10,M69-M71,E_ITSPT2,PC_ENT,NO,,NaN,15.03,NaN,24.23,NaN
A,GE10,M69-M71,E_ITSPT2,PC_ENT,PL,,NaN,15.57,NaN,29.51,NaN
A,GE10,M69-M71,E_ITSPT2,PC_ENT,PT,,NaN,13.99,NaN,,u
A,GE10,M69-M71,E_ITSPT2,PC_ENT,RO,,NaN,11.4,NaN,19.67,NaN
A,GE10,M69-M71,E_ITSPT2,PC_ENT,RS,,NaN,17.95,NaN,7.86,NaN
A,GE10,M69-M71,E_ITSPT2,PC_ENT,SE,,NaN,20.86,NaN,16.55,b
A,GE10,M69-M71,E_ITSPT2,PC_ENT,SI,,NaN,20.83,NaN,20.17,NaN
A,GE10,M69-M71,E_ITSPT2,PC_ENT,SK,,NaN,9.01,NaN,13.1,NaN
A,GE10,M69-M71,E_ITSPT2,PC_ENT,TR,,NaN,6.31,NaN,5.63,NaN
A,GE10,M69-M71,E_ITT2,PC_ENT,AT,,NaN,34.52,NaN,34.25,NaN
A,GE10,M69-M71,E_ITT2,PC_ENT,BA,,NaN,43.53,NaN,29.98,NaN
A,GE10,M69-M71,E_ITT2,PC_ENT,BE,,NaN,,u,54.99,NaN
A,GE10,M69-M71,E_ITT2,PC_ENT,BG,,NaN,17.01,NaN,21.38,NaN
A,GE10,M69-M71,E_ITT2,PC_ENT,CY,,NaN,43.1,NaN,43.35,NaN
A,GE10,M69-M71,E_ITT2,PC_ENT,CZ,,NaN,40.25,NaN,40.7,NaN
A,GE10,M69-M71,E_ITT2,PC_ENT,DE,,NaN,40.09,NaN,41.88,NaN
A,GE10,M69-M71,E_ITT2,PC_ENT,DK,,NaN,57.73,NaN,55.07,NaN
A,GE10,M69-M71,E_ITT2,PC_ENT,EA,,NaN,35.64,NaN,35.34,NaN
A,GE10,M69-M71,E_ITT2,PC_ENT,EE,,NaN,45.55,NaN,47.42,NaN
A,GE10,M69-M71,E_ITT2,PC_ENT,EL,,NaN,30.14,NaN,31.44,NaN
A,GE10,M69-M71,E_ITT2,PC_ENT,ES,,NaN,,u,36.6,NaN
A,GE10,M69-M71,E_ITT2,PC_ENT,EU27_2020,,NaN,35.9,NaN,36.09,NaN
A,GE10,M69-M71,E_ITT2,PC_ENT,FI,,NaN,,u,,u
A,GE10,M69-M71,E_ITT2,PC_ENT,FR,,NaN,25.55,b,17.12,NaN
A,GE10,M69-M71,E_ITT2,PC_ENT,HR,,NaN,41.4,NaN,38.89,NaN
A,GE10,M69-M71,E_ITT2,PC_ENT,HU,,NaN,33.66,NaN,30.22,NaN
A,GE10,M69-M71,E_ITT2,PC_ENT,IE,,NaN,23.03,NaN,35.79,NaN
A,GE10,M69-M71,E_ITT2,PC_ENT,IT,,NaN,,u,,u
A,GE10,M69-M71,E_ITT2,PC_ENT,LT,,NaN,,u,23.98,NaN
A,GE10,M69-M71,E_ITT2,PC_ENT,LU,,NaN,,u,,u
A,GE10,M69-M71,E_ITT2,PC_ENT,LV,,NaN,24.74,NaN,29.1,NaN
A,GE10,M69-M71,E_ITT2,PC_ENT,ME,,NaN,33.47,NaN,23.64,NaN
A,GE10,M69-M71,E_ITT2,PC_ENT,MK,,NaN,,u,,NaN
A,GE10,M69-M71,E_ITT2,PC_ENT,MT,,NaN,41.3,NaN,37.53,NaN
A,GE10,M69-M71,E_ITT2,PC_ENT,NL,,NaN,43.6,NaN,39.61,NaN
A,GE10,M69-M71,E_ITT2,PC_ENT,NO,,NaN,47.45,NaN,50.24,NaN
A,GE10,M69-M71,E_ITT2,PC_ENT,PL,,NaN,34.26,NaN,48.39,NaN
A,GE10,M69-M71,E_ITT2,PC_ENT,PT,,NaN,,u,,u
A,GE10,M69-M71,E_ITT2,PC_ENT,RO,,NaN,22.28,NaN,26.59,NaN
A,GE10,M69-M71,E_ITT2,PC_ENT,RS,,NaN,34.27,NaN,49.89,NaN
A,GE10,M69-M71,E_ITT2,PC_ENT,SE,,NaN,46.65,NaN,41.03,b
A,GE10,M69-M71,E_ITT2,PC_ENT,SI,,NaN,46.43,NaN,32.64,NaN
A,GE10,M69-M71,E_ITT2,PC_ENT,SK,,NaN,21.84,NaN,28.95,NaN
A,GE10,M69-M71,E_ITT2,PC_ENT,TR,,NaN,15.53,NaN,16.07,NaN
A,GE10,M69-M71,E_ITUST2,PC_ENT,AT,,NaN,26.78,NaN,29.0,NaN
A,GE10,M69-M71,E_ITUST2,PC_ENT,BA,,NaN,41.74,NaN,26.15,NaN
A,GE10,M69-M71,E_ITUST2,PC_ENT,BE,,NaN,,u,50.13,NaN
A,GE10,M69-M71,E_ITUST2,PC_ENT,BG,,NaN,13.89,NaN,12.33,NaN
A,GE10,M69-M71,E_ITUST2,PC_ENT,CY,,NaN,38.98,NaN,39.83,NaN
A,GE10,M69-M71,E_ITUST2,PC_ENT,CZ,,NaN,39.0,NaN,38.52,NaN
A,GE10,M69-M71,E_ITUST2,PC_ENT,DE,,NaN,37.63,NaN,39.67,NaN
A,GE10,M69-M71,E_ITUST2,PC_ENT,DK,,NaN,51.96,NaN,48.55,NaN
A,GE10,M69-M71,E_ITUST2,PC_ENT,EA,,NaN,31.55,NaN,32.34,NaN
A,GE10,M69-M71,E_ITUST2,PC_ENT,EE,,NaN,36.88,NaN,42.01,NaN
A,GE10,M69-M71,E_ITUST2,PC_ENT,EL,,NaN,25.27,NaN,21.91,NaN
A,GE10,M69-M71,E_ITUST2,PC_ENT,ES,,NaN,,u,33.53,NaN
A,GE10,M69-M71,E_ITUST2,PC_ENT,EU27_2020,,NaN,32.0,NaN,32.73,NaN
A,GE10,M69-M71,E_ITUST2,PC_ENT,FI,,NaN,,u,,u
A,GE10,M69-M71,E_ITUST2,PC_ENT,FR,,NaN,20.41,b,15.43,NaN
A,GE10,M69-M71,E_ITUST2,PC_ENT,HR,,NaN,36.65,NaN,35.67,NaN
A,GE10,M69-M71,E_ITUST2,PC_ENT,HU,,NaN,28.91,NaN,24.21,NaN
A,GE10,M69-M71,E_ITUST2,PC_ENT,IE,,NaN,17.52,NaN,28.6,NaN
A,GE10,M69-M71,E_ITUST2,PC_ENT,IT,,NaN,,u,,u
A,GE10,M69-M71,E_ITUST2,PC_ENT,LT,,NaN,,u,22.81,NaN
A,GE10,M69-M71,E_ITUST2,PC_ENT,LU,,NaN,,u,,u
A,GE10,M69-M71,E_ITUST2,PC_ENT,LV,,NaN,21.93,NaN,27.82,NaN
A,GE10,M69-M71,E_ITUST2,PC_ENT,ME,,NaN,33.47,NaN,23.64,NaN
A,GE10,M69-M71,E_ITUST2,PC_ENT,MK,,NaN,,u,,NaN
A,GE10,M69-M71,E_ITUST2,PC_ENT,MT,,NaN,36.17,NaN,37.53,NaN
A,GE10,M69-M71,E_ITUST2,PC_ENT,NL,,NaN,36.16,NaN,33.89,NaN
A,GE10,M69-M71,E_ITUST2,PC_ENT,NO,,NaN,46.41,NaN,47.13,NaN
A,GE10,M69-M71,E_ITUST2,PC_ENT,PL,,NaN,32.18,NaN,40.95,NaN
A,GE10,M69-M71,E_ITUST2,PC_ENT,PT,,NaN,,u,,u
A,GE10,M69-M71,E_ITUST2,PC_ENT,RO,,NaN,18.75,NaN,21.48,NaN
A,GE10,M69-M71,E_ITUST2,PC_ENT,RS,,NaN,33.9,NaN,49.64,NaN
A,GE10,M69-M71,E_ITUST2,PC_ENT,SE,,NaN,43.96,NaN,38.24,b
A,GE10,M69-M71,E_ITUST2,PC_ENT,SI,,NaN,39.33,NaN,28.9,NaN
A,GE10,M69-M71,E_ITUST2,PC_ENT,SK,,NaN,21.72,NaN,26.71,NaN
A,GE10,M69-M71,E_ITUST2,PC_ENT,TR,,NaN,15.33,NaN,14.56,NaN
A,GE10,M69-M74,E_ITSP2X_ITT2,PC_ENT,AT,6.98,NaN,,NaN,,NaN
A,GE10,M69-M74,E_ITSP2X_ITT2,PC_ENT,BA,,u,,NaN,,NaN
A,GE10,M69-M74,E_ITSP2X_ITT2,PC_ENT,BE,13.57,NaN,,NaN,,NaN
A,GE10,M69-M74,E_ITSP2X_ITT2,PC_ENT,BG,,u,,NaN,,NaN
A,GE10,M69-M74,E_ITSP2X_ITT2,PC_ENT,CY,13.47,NaN,,NaN,,NaN
A,GE10,M69-M74,E_ITSP2X_ITT2,PC_ENT,CZ,19.92,NaN,,NaN,,NaN
A,GE10,M69-M74,E_ITSP2X_ITT2,PC_ENT,DE,18.82,NaN,,NaN,,NaN
A,GE10,M69-M74,E_ITSP2X_ITT2,PC_ENT,DK,18.56,NaN,,NaN,,NaN
A,GE10,M69-M74,E_ITSP2X_ITT2,PC_ENT,EA,12.93,NaN,,NaN,,NaN
A,GE10,M69-M74,E_ITSP2X_ITT2,PC_ENT,EE,14.63,NaN,,NaN,,NaN
A,GE10,M69-M74,E_ITSP2X_ITT2,PC_ENT,EL,,u,,NaN,,NaN
A,GE10,M69-M74,E_ITSP2X_ITT2,PC_ENT,ES,12.14,NaN,,NaN,,NaN
A,GE10,M69-M74,E_ITSP2X_ITT2,PC_ENT,EU15,,NaN,,NaN,,NaN
A,GE10,M69-M74,E_ITSP2X_ITT2,PC_ENT,EU27_2007,,NaN,,NaN,,NaN
A,GE10,M69-M74,E_ITSP2X_ITT2,PC_ENT,EU27_2020,13.01,NaN,,NaN,,NaN
A,GE10,M69-M74,E_ITSP2X_ITT2,PC_ENT,EU28,,NaN,,NaN,,NaN
A,GE10,M69-M74,E_ITSP2X_ITT2,PC_ENT,FI,30.66,NaN,,NaN,,NaN
A,GE10,M69-M74,E_ITSP2X_ITT2,PC_ENT,FR,6.78,NaN,,NaN,,NaN
A,GE10,M69-M74,E_ITSP2X_ITT2,PC_ENT,HR,14.91,NaN,,NaN,,NaN
A,GE10,M69-M74,E_ITSP2X_ITT2,PC_ENT,HU,8.68,NaN,,NaN,,NaN
A,GE10,M69-M74,E_ITSP2X_ITT2,PC_ENT,IE,18.95,NaN,,NaN,,NaN
A,GE10,M69-M74,E_ITSP2X_ITT2,PC_ENT,IT,11.31,NaN,,NaN,,NaN
A,GE10,M69-M74,E_ITSP2X_ITT2,PC_ENT,LT,11.71,NaN,,NaN,,NaN
A,GE10,M69-M74,E_ITSP2X_ITT2,PC_ENT,LU,10.34,NaN,,NaN,,NaN
A,GE10,M69-M74,E_ITSP2X_ITT2,PC_ENT,LV,11.37,NaN,,NaN,,NaN
A,GE10,M69-M74,E_ITSP2X_ITT2,PC_ENT,ME,,u,,NaN,,NaN
A,GE10,M69-M74,E_ITSP2X_ITT2,PC_ENT,MK,4.6,NaN,,NaN,,NaN
A,GE10,M69-M74,E_ITSP2X_ITT2,PC_ENT,MT,9.98,NaN,,NaN,,NaN
A,GE10,M69-M74,E_ITSP2X_ITT2,PC_ENT,NL,1.76,NaN,,NaN,,NaN
A,GE10,M69-M74,E_ITSP2X_ITT2,PC_ENT,NO,27.8,NaN,,NaN,,NaN
A,GE10,M69-M74,E_ITSP2X_ITT2,PC_ENT,PL,9.87,NaN,,NaN,,NaN
A,GE10,M69-M74,E_ITSP2X_ITT2,PC_ENT,PT,11.56,NaN,,NaN,,NaN
A,GE10,M69-M74,E_ITSP2X_ITT2,PC_ENT,RO,3.83,NaN,,NaN,,NaN
A,GE10,M69-M74,E_ITSP2X_ITT2,PC_ENT,RS,5.02,NaN,,NaN,,NaN
A,GE10,M69-M74,E_ITSP2X_ITT2,PC_ENT,SE,25.83,NaN,,NaN,,NaN
A,GE10,M69-M74,E_ITSP2X_ITT2,PC_ENT,SI,23.69,NaN,,NaN,,NaN
A,GE10,M69-M74,E_ITSP2X_ITT2,PC_ENT,SK,5.15,NaN,,NaN,,NaN
A,GE10,M69-M74,E_ITSP2X_ITT2,PC_ENT,TR,7.97,NaN,,NaN,,NaN
A,GE10,M69-M74,E_ITSP2X_ITT2,PC_ENT,UK,14.01,NaN,,NaN,,NaN
A,GE10,M69-M74,E_ITSP2X_ITT2,PC_ENT_CUSE,AT,,NaN,,NaN,,NaN
A,GE10,M69-M74,E_ITSP2X_ITT2,PC_ENT_CUSE,BA,,NaN,,NaN,,NaN
A,GE10,M69-M74,E_ITSP2X_ITT2,PC_ENT_CUSE,BE,,NaN,,NaN,,NaN
A,GE10,M69-M74,E_ITSP2X_ITT2,PC_ENT_CUSE,BG,,NaN,,NaN,,NaN
A,GE10,M69-M74,E_ITSP2X_ITT2,PC_ENT_CUSE,CY,,NaN,,NaN,,NaN
A,GE10,M69-M74,E_ITSP2X_ITT2,PC_ENT_CUSE,CZ,,NaN,,NaN,,NaN
A,GE10,M69-M74,E_ITSP2X_ITT2,PC_ENT_CUSE,DE,,NaN,,NaN,,NaN
A,GE10,M69-M74,E_ITSP2X_ITT2,PC_ENT_CUSE,DK,,NaN,,NaN,,NaN
A,GE10,M69-M74,E_ITSP2X_ITT2,PC_ENT_CUSE,EA,,NaN,,NaN,,NaN
A,GE10,M69-M74,E_ITSP2X_ITT2,PC_ENT_CUSE,EE,,NaN,,NaN,,NaN
A,GE10,M69-M74,E_ITSP2X_ITT2,PC_ENT_CUSE,EL,,NaN,,NaN,,NaN
A,GE10,M69-M74,E_ITSP2X_ITT2,PC_ENT_CUSE,ES,,NaN,,NaN,,NaN
A,GE10,M69-M74,E_ITSP2X_ITT2,PC_ENT_CUSE,EU15,,NaN,,NaN,,NaN
A,GE10,M69-M74,E_ITSP2X_ITT2,PC_ENT_CUSE,EU27_2007,,NaN,,NaN,,NaN
A,GE10,M69-M74,E_ITSP2X_ITT2,PC_ENT_CUSE,EU27_2020,,NaN,,NaN,,NaN
A,GE10,M69-M74,E_ITSP2X_ITT2,PC_ENT_CUSE,EU28,,NaN,,NaN,,NaN
A,GE10,M69-M74,E_ITSP2X_ITT2,PC_ENT_CUSE,FI,,NaN,,NaN,,NaN
A,GE10,M69-M74,E_ITSP2X_ITT2,PC_ENT_CUSE,FR,,NaN,,NaN,,NaN
A,GE10,M69-M74,E_ITSP2X_ITT2,PC_ENT_CUSE,HR,,NaN,,NaN,,NaN
A,GE10,M69-M74,E_ITSP2X_ITT2,PC_ENT_CUSE,HU,,NaN,,NaN,,NaN
A,GE10,M69-M74,E_ITSP2X_ITT2,PC_ENT_CUSE,IE,,NaN,,NaN,,NaN
A,GE10,M69-M74,E_ITSP2X_ITT2,PC_ENT_CUSE,IT,,NaN,,NaN,,NaN
A,GE10,M69-M74,E_ITSP2X_ITT2,PC_ENT_CUSE,LT,,NaN,,NaN,,NaN
A,GE10,M69-M74,E_ITSP2X_ITT2,PC_ENT_CUSE,LU,,NaN,,NaN,,NaN
A,GE10,M69-M74,E_ITSP2X_ITT2,PC_ENT_CUSE,LV,,NaN,,NaN,,NaN
A,GE10,M69-M74,E_ITSP2X_ITT2,PC_ENT_CUSE,ME,,NaN,,NaN,,NaN
A,GE10,M69-M74,E_ITSP2X_ITT2,PC_ENT_CUSE,MK,,NaN,,NaN,,NaN
A,GE10,M69-M74,E_ITSP2X_ITT2,PC_ENT_CUSE,MT,,NaN,,NaN,,NaN
A,GE10,M69-M74,E_ITSP2X_ITT2,PC_ENT_CUSE,NL,,NaN,,NaN,,NaN
A,GE10,M69-M74,E_ITSP2X_ITT2,PC_ENT_CUSE,NO,,NaN,,NaN,,NaN
A,GE10,M69-M74,E_ITSP2X_ITT2,PC_ENT_CUSE,PL,,NaN,,NaN,,NaN
A,GE10,M69-M74,E_ITSP2X_ITT2,PC_ENT_CUSE,PT,,NaN,,NaN,,NaN
A,GE10,M69-M74,E_ITSP2X_ITT2,PC_ENT_CUSE,RO,,NaN,,NaN,,NaN
A,GE10,M69-M74,E_ITSP2X_ITT2,PC_ENT_CUSE,RS,,NaN,,NaN,,NaN
A,GE10,M69-M74,E_ITSP2X_ITT2,PC_ENT_CUSE,SE,,NaN,,NaN,,NaN
A,GE10,M69-M74,E_ITSP2X_ITT2,PC_ENT_CUSE,SI,,NaN,,NaN,,NaN
A,GE10,M69-M74,E_ITSP2X_ITT2,PC_ENT_CUSE,SK,,NaN,,NaN,,NaN
A,GE10,M69-M74,E_ITSP2X_ITT2,PC_ENT_CUSE,TR,,NaN,,NaN,,NaN
A,GE10,M69-M74,E_ITSP2X_ITT2,PC_ENT_CUSE,UK,,NaN,,NaN,,NaN
A,GE10,M69-M74,E_ITSP2_ITT2,PC_ENT,AT,16.81,NaN,,NaN,,NaN
A,GE10,M69-M74,E_ITSP2_ITT2,PC_ENT,BA,,u,,NaN,,NaN
A,GE10,M69-M74,E_ITSP2_ITT2,PC_ENT,BE,37.39,NaN,,NaN,,NaN
A,GE10,M69-M74,E_ITSP2_ITT2,PC_ENT,BG,8.79,NaN,,NaN,,NaN
A,GE10,M69-M74,E_ITSP2_ITT2,PC_ENT,CY,28.74,NaN,,NaN,,NaN
A,GE10,M69-M74,E_ITSP2_ITT2,PC_ENT,CZ,13.19,NaN,,NaN,,NaN
A,GE10,M69-M74,E_ITSP2_ITT2,PC_ENT,DE,17.47,NaN,,NaN,,NaN
A,GE10,M69-M74,E_ITSP2_ITT2,PC_ENT,DK,32.47,NaN,,NaN,,NaN
A,GE10,M69-M74,E_ITSP2_ITT2,PC_ENT,EA,19.09,NaN,,NaN,,NaN
A,GE10,M69-M74,E_ITSP2_ITT2,PC_ENT,EE,19.38,NaN,,NaN,,NaN
A,GE10,M69-M74,E_ITSP2_ITT2,PC_ENT,EL,,u,,NaN,,NaN
A,GE10,M69-M74,E_ITSP2_ITT2,PC_ENT,ES,21.88,NaN,,NaN,,NaN
A,GE10,M69-M74,E_ITSP2_ITT2,PC_ENT,EU15,,NaN,,NaN,,NaN
A,GE10,M69-M74,E_ITSP2_ITT2,PC_ENT,EU27_2007,,NaN,,NaN,,NaN
A,GE10,M69-M74,E_ITSP2_ITT2,PC_ENT,EU27_2020,18.95,NaN,,NaN,,NaN
A,GE10,M69-M74,E_ITSP2_ITT2,PC_ENT,EU28,,NaN,,NaN,,NaN
A,GE10,M69-M74,E_ITSP2_ITT2,PC_ENT,FI,30.16,NaN,,NaN,,NaN
A,GE10,M69-M74,E_ITSP2_ITT2,PC_ENT,FR,15.42,NaN,,NaN,,NaN
A,GE10,M69-M74,E_ITSP2_ITT2,PC_ENT,HR,23.91,NaN,,NaN,,NaN
A,GE10,M69-M74,E_ITSP2_ITT2,PC_ENT,HU,18.92,NaN,,NaN,,NaN
A,GE10,M69-M74,E_ITSP2_ITT2,PC_ENT,IE,33.95,NaN,,NaN,,NaN
A,GE10,M69-M74,E_ITSP2_ITT2,PC_ENT,IT,17.8,NaN,,NaN,,NaN
A,GE10,M69-M74,E_ITSP2_ITT2,PC_ENT,LT,13.85,NaN,,NaN,,NaN
A,GE10,M69-M74,E_ITSP2_ITT2,PC_ENT,LU,21.84,NaN,,NaN,,NaN
A,GE10,M69-M74,E_ITSP2_ITT2,PC_ENT,LV,16.91,NaN,,NaN,,NaN
A,GE10,M69-M74,E_ITSP2_ITT2,PC_ENT,ME,,u,,NaN,,NaN
A,GE10,M69-M74,E_ITSP2_ITT2,PC_ENT,MK,4.0,NaN,,NaN,,NaN
A,GE10,M69-M74,E_ITSP2_ITT2,PC_ENT,MT,29.16,NaN,,NaN,,NaN
A,GE10,M69-M74,E_ITSP2_ITT2,PC_ENT,NL,24.18,NaN,,NaN,,NaN
A,GE10,M69-M74,E_ITSP2_ITT2,PC_ENT,NO,23.2,NaN,,NaN,,NaN
A,GE10,M69-M74,E_ITSP2_ITT2,PC_ENT,PL,21.76,NaN,,NaN,,NaN
A,GE10,M69-M74,E_ITSP2_ITT2,PC_ENT,PT,15.31,NaN,,NaN,,NaN
A,GE10,M69-M74,E_ITSP2_ITT2,PC_ENT,RO,10.01,NaN,,NaN,,NaN
A,GE10,M69-M74,E_ITSP2_ITT2,PC_ENT,RS,17.03,NaN,,NaN,,NaN
A,GE10,M69-M74,E_ITSP2_ITT2,PC_ENT,SE,18.44,NaN,,NaN,,NaN
A,GE10,M69-M74,E_ITSP2_ITT2,PC_ENT,SI,16.67,NaN,,NaN,,NaN
A,GE10,M69-M74,E_ITSP2_ITT2,PC_ENT,SK,16.91,NaN,,NaN,,NaN
A,GE10,M69-M74,E_ITSP2_ITT2,PC_ENT,TR,5.79,NaN,,NaN,,NaN
A,GE10,M69-M74,E_ITSP2_ITT2,PC_ENT,UK,26.68,NaN,,NaN,,NaN
A,GE10,M69-M74,E_ITSP2_ITT2,PC_ENT_CUSE,AT,,NaN,,NaN,,NaN
A,GE10,M69-M74,E_ITSP2_ITT2,PC_ENT_CUSE,BA,,NaN,,NaN,,NaN
A,GE10,M69-M74,E_ITSP2_ITT2,PC_ENT_CUSE,BE,,NaN,,NaN,,NaN
A,GE10,M69-M74,E_ITSP2_ITT2,PC_ENT_CUSE,BG,,NaN,,NaN,,NaN
A,GE10,M69-M74,E_ITSP2_ITT2,PC_ENT_CUSE,CY,,NaN,,NaN,,NaN
A,GE10,M69-M74,E_ITSP2_ITT2,PC_ENT_CUSE,CZ,,NaN,,NaN,,NaN
A,GE10,M69-M74,E_ITSP2_ITT2,PC_ENT_CUSE,DE,,NaN,,NaN,,NaN
A,GE10,M69-M74,E_ITSP2_ITT2,PC_ENT_CUSE,DK,,NaN,,NaN,,NaN
A,GE10,M69-M74,E_ITSP2_ITT2,PC_ENT_CUSE,EA,,NaN,,NaN,,NaN
A,GE10,M69-M74,E_ITSP2_ITT2,PC_ENT_CUSE,EE,,NaN,,NaN,,NaN
A,GE10,M69-M74,E_ITSP2_ITT2,PC_ENT_CUSE,EL,,NaN,,NaN,,NaN
A,GE10,M69-M74,E_ITSP2_ITT2,PC_ENT_CUSE,ES,,NaN,,NaN,,NaN
A,GE10,M69-M74,E_ITSP2_ITT2,PC_ENT_CUSE,EU15,,NaN,,NaN,,NaN
A,GE10,M69-M74,E_ITSP2_ITT2,PC_ENT_CUSE,EU27_2007,,NaN,,NaN,,NaN
A,GE10,M69-M74,E_ITSP2_ITT2,PC_ENT_CUSE,EU27_2020,,NaN,,NaN,,NaN
A,GE10,M69-M74,E_ITSP2_ITT2,PC_ENT_CUSE,EU28,,NaN,,NaN,,NaN
A,GE10,M69-M74,E_ITSP2_ITT2,PC_ENT_CUSE,FI,,NaN,,NaN,,NaN
A,GE10,M69-M74,E_ITSP2_ITT2,PC_ENT_CUSE,FR,,NaN,,NaN,,NaN
A,GE10,M69-M74,E_ITSP2_ITT2,PC_ENT_CUSE,HR,,NaN,,NaN,,NaN
A,GE10,M69-M74,E_ITSP2_ITT2,PC_ENT_CUSE,HU,,NaN,,NaN,,NaN
A,GE10,M69-M74,E_ITSP2_ITT2,PC_ENT_CUSE,IE,,NaN,,NaN,,NaN
A,GE10,M69-M74,E_ITSP2_ITT2,PC_ENT_CUSE,IT,,NaN,,NaN,,NaN
A,GE10,M69-M74,E_ITSP2_ITT2,PC_ENT_CUSE,LT,,NaN,,NaN,,NaN
A,GE10,M69-M74,E_ITSP2_ITT2,PC_ENT_CUSE,LU,,NaN,,NaN,,NaN
A,GE10,M69-M74,E_ITSP2_ITT2,PC_ENT_CUSE,LV,,NaN,,NaN,,NaN
A,GE10,M69-M74,E_ITSP2_ITT2,PC_ENT_CUSE,ME,,NaN,,NaN,,NaN
A,GE10,M69-M74,E_ITSP2_ITT2,PC_ENT_CUSE,MK,,NaN,,NaN,,NaN
A,GE10,M69-M74,E_ITSP2_ITT2,PC_ENT_CUSE,MT,,NaN,,NaN,,NaN
A,GE10,M69-M74,E_ITSP2_ITT2,PC_ENT_CUSE,NL,,NaN,,NaN,,NaN
A,GE10,M69-M74,E_ITSP2_ITT2,PC_ENT_CUSE,NO,,NaN,,NaN,,NaN
A,GE10,M69-M74,E_ITSP2_ITT2,PC_ENT_CUSE,PL,,NaN,,NaN,,NaN
A,GE10,M69-M74,E_ITSP2_ITT2,PC_ENT_CUSE,PT,,NaN,,NaN,,NaN
A,GE10,M69-M74,E_ITSP2_ITT2,PC_ENT_CUSE,RO,,NaN,,NaN,,NaN
A,GE10,M69-M74,E_ITSP2_ITT2,PC_ENT_CUSE,RS,,NaN,,NaN,,NaN
A,GE10,M69-M74,E_ITSP2_ITT2,PC_ENT_CUSE,SE,,NaN,,NaN,,NaN
A,GE10,M69-M74,E_ITSP2_ITT2,PC_ENT_CUSE,SI,,NaN,,NaN,,NaN
A,GE10,M69-M74,E_ITSP2_ITT2,PC_ENT_CUSE,SK,,NaN,,NaN,,NaN
A,GE10,M69-M74,E_ITSP2_ITT2,PC_ENT_CUSE,TR,,NaN,,NaN,,NaN
A,GE10,M69-M74,E_ITSP2_ITT2,PC_ENT_CUSE,UK,,NaN,,NaN,,NaN
A,GE10,M69-M74,E_ITSPT2,PC_ENT,AT,13.91,NaN,,NaN,,NaN
A,GE10,M69-M74,E_ITSPT2,PC_ENT,BA,,u,,NaN,,NaN
A,GE10,M69-M74,E_ITSPT2,PC_ENT,BE,29.73,NaN,,NaN,,NaN
A,GE10,M69-M74,E_ITSPT2,PC_ENT,BG,8.47,NaN,,NaN,,NaN
A,GE10,M69-M74,E_ITSPT2,PC_ENT,CY,20.89,NaN,,NaN,,NaN
A,GE10,M69-M74,E_ITSPT2,PC_ENT,CZ,11.93,NaN,,NaN,,NaN
A,GE10,M69-M74,E_ITSPT2,PC_ENT,DE,14.77,NaN,,NaN,,NaN
A,GE10,M69-M74,E_ITSPT2,PC_ENT,DK,28.27,NaN,,NaN,,NaN
A,GE10,M69-M74,E_ITSPT2,PC_ENT,EA,16.12,NaN,,NaN,,NaN
A,GE10,M69-M74,E_ITSPT2,PC_ENT,EE,16.39,NaN,,NaN,,NaN
A,GE10,M69-M74,E_ITSPT2,PC_ENT,EL,,u,,NaN,,NaN
A,GE10,M69-M74,E_ITSPT2,PC_ENT,ES,19.19,NaN,,NaN,,NaN
A,GE10,M69-M74,E_ITSPT2,PC_ENT,EU15,,NaN,,NaN,,NaN
A,GE10,M69-M74,E_ITSPT2,PC_ENT,EU27_2007,,NaN,,NaN,,NaN
A,GE10,M69-M74,E_ITSPT2,PC_ENT,EU27_2020,15.74,NaN,,NaN,,NaN
A,GE10,M69-M74,E_ITSPT2,PC_ENT,EU28,,NaN,,NaN,,NaN
A,GE10,M69-M74,E_ITSPT2,PC_ENT,FI,19.42,NaN,,NaN,,NaN
A,GE10,M69-M74,E_ITSPT2,PC_ENT,FR,12.78,NaN,,NaN,,NaN
A,GE10,M69-M74,E_ITSPT2,PC_ENT,HR,18.48,NaN,,NaN,,NaN
A,GE10,M69-M74,E_ITSPT2,PC_ENT,HU,12.46,NaN,,NaN,,NaN
A,GE10,M69-M74,E_ITSPT2,PC_ENT,IE,20.5,NaN,,NaN,,NaN
A,GE10,M69-M74,E_ITSPT2,PC_ENT,IS,,NaN,,NaN,,NaN
A,GE10,M69-M74,E_ITSPT2,PC_ENT,IT,16.8,NaN,,NaN,,NaN
A,GE10,M69-M74,E_ITSPT2,PC_ENT,LT,12.72,NaN,,NaN,,NaN
A,GE10,M69-M74,E_ITSPT2,PC_ENT,LU,20.43,NaN,,NaN,,NaN
A,GE10,M69-M74,E_ITSPT2,PC_ENT,LV,11.06,NaN,,NaN,,NaN
A,GE10,M69-M74,E_ITSPT2,PC_ENT,ME,,u,,NaN,,NaN
A,GE10,M69-M74,E_ITSPT2,PC_ENT,MK,2.47,NaN,,NaN,,NaN
A,GE10,M69-M74,E_ITSPT2,PC_ENT,MT,24.3,NaN,,NaN,,NaN
A,GE10,M69-M74,E_ITSPT2,PC_ENT,NL,22.42,NaN,,NaN,,NaN
A,GE10,M69-M74,E_ITSPT2,PC_ENT,NO,24.08,NaN,,NaN,,NaN
A,GE10,M69-M74,E_ITSPT2,PC_ENT,PL,14.77,NaN,,NaN,,NaN
A,GE10,M69-M74,E_ITSPT2,PC_ENT,PT,13.0,NaN,,NaN,,NaN
A,GE10,M69-M74,E_ITSPT2,PC_ENT,RO,8.1,NaN,,NaN,,NaN
A,GE10,M69-M74,E_ITSPT2,PC_ENT,RS,13.28,NaN,,NaN,,NaN
A,GE10,M69-M74,E_ITSPT2,PC_ENT,SE,14.57,NaN,,NaN,,NaN
A,GE10,M69-M74,E_ITSPT2,PC_ENT,SI,14.28,NaN,,NaN,,NaN
A,GE10,M69-M74,E_ITSPT2,PC_ENT,SK,14.41,NaN,,NaN,,NaN
A,GE10,M69-M74,E_ITSPT2,PC_ENT,TR,4.78,NaN,,NaN,,NaN
A,GE10,M69-M74,E_ITSPT2,PC_ENT,UK,21.83,NaN,,NaN,,NaN
A,GE10,M69-M74,E_ITSPT2,PC_ENT_CUSE,AT,,NaN,,NaN,,NaN
A,GE10,M69-M74,E_ITSPT2,PC_ENT_CUSE,BA,,NaN,,NaN,,NaN
A,GE10,M69-M74,E_ITSPT2,PC_ENT_CUSE,BE,,NaN,,NaN,,NaN
A,GE10,M69-M74,E_ITSPT2,PC_ENT_CUSE,BG,,NaN,,NaN,,NaN
A,GE10,M69-M74,E_ITSPT2,PC_ENT_CUSE,CY,,NaN,,NaN,,NaN
A,GE10,M69-M74,E_ITSPT2,PC_ENT_CUSE,CZ,,NaN,,NaN,,NaN
A,GE10,M69-M74,E_ITSPT2,PC_ENT_CUSE,DE,,NaN,,NaN,,NaN
A,GE10,M69-M74,E_ITSPT2,PC_ENT_CUSE,DK,,NaN,,NaN,,NaN
A,GE10,M69-M74,E_ITSPT2,PC_ENT_CUSE,EA,,NaN,,NaN,,NaN
A,GE10,M69-M74,E_ITSPT2,PC_ENT_CUSE,EE,,NaN,,NaN,,NaN
A,GE10,M69-M74,E_ITSPT2,PC_ENT_CUSE,EL,,NaN,,NaN,,NaN
A,GE10,M69-M74,E_ITSPT2,PC_ENT_CUSE,ES,,NaN,,NaN,,NaN
A,GE10,M69-M74,E_ITSPT2,PC_ENT_CUSE,EU15,,NaN,,NaN,,NaN
A,GE10,M69-M74,E_ITSPT2,PC_ENT_CUSE,EU27_2007,,NaN,,NaN,,NaN
A,GE10,M69-M74,E_ITSPT2,PC_ENT_CUSE,EU27_2020,,NaN,,NaN,,NaN
A,GE10,M69-M74,E_ITSPT2,PC_ENT_CUSE,EU28,,NaN,,NaN,,NaN
A,GE10,M69-M74,E_ITSPT2,PC_ENT_CUSE,FI,,NaN,,NaN,,NaN
A,GE10,M69-M74,E_ITSPT2,PC_ENT_CUSE,FR,,NaN,,NaN,,NaN
A,GE10,M69-M74,E_ITSPT2,PC_ENT_CUSE,HR,,NaN,,NaN,,NaN
A,GE10,M69-M74,E_ITSPT2,PC_ENT_CUSE,HU,,NaN,,NaN,,NaN
A,GE10,M69-M74,E_ITSPT2,PC_ENT_CUSE,IE,,NaN,,NaN,,NaN
A,GE10,M69-M74,E_ITSPT2,PC_ENT_CUSE,IS,,NaN,,NaN,,NaN
A,GE10,M69-M74,E_ITSPT2,PC_ENT_CUSE,IT,,NaN,,NaN,,NaN
A,GE10,M69-M74,E_ITSPT2,PC_ENT_CUSE,LT,,NaN,,NaN,,NaN
A,GE10,M69-M74,E_ITSPT2,PC_ENT_CUSE,LU,,NaN,,NaN,,NaN
A,GE10,M69-M74,E_ITSPT2,PC_ENT_CUSE,LV,,NaN,,NaN,,NaN
A,GE10,M69-M74,E_ITSPT2,PC_ENT_CUSE,ME,,NaN,,NaN,,NaN
A,GE10,M69-M74,E_ITSPT2,PC_ENT_CUSE,MK,,NaN,,NaN,,NaN
A,GE10,M69-M74,E_ITSPT2,PC_ENT_CUSE,MT,,NaN,,NaN,,NaN
A,GE10,M69-M74,E_ITSPT2,PC_ENT_CUSE,NL,,NaN,,NaN,,NaN
A,GE10,M69-M74,E_ITSPT2,PC_ENT_CUSE,NO,,NaN,,NaN,,NaN
A,GE10,M69-M74,E_ITSPT2,PC_ENT_CUSE,PL,,NaN,,NaN,,NaN
A,GE10,M69-M74,E_ITSPT2,PC_ENT_CUSE,PT,,NaN,,NaN,,NaN
A,GE10,M69-M74,E_ITSPT2,PC_ENT_CUSE,RO,,NaN,,NaN,,NaN
A,GE10,M69-M74,E_ITSPT2,PC_ENT_CUSE,RS,,NaN,,NaN,,NaN
A,GE10,M69-M74,E_ITSPT2,PC_ENT_CUSE,SE,,NaN,,NaN,,NaN
A,GE10,M69-M74,E_ITSPT2,PC_ENT_CUSE,SI,,NaN,,NaN,,NaN
A,GE10,M69-M74,E_ITSPT2,PC_ENT_CUSE,SK,,NaN,,NaN,,NaN
A,GE10,M69-M74,E_ITSPT2,PC_ENT_CUSE,TR,,NaN,,NaN,,NaN
A,GE10,M69-M74,E_ITSPT2,PC_ENT_CUSE,UK,,NaN,,NaN,,NaN
A,GE10,M69-M74,E_ITT2,PC_ENT,AT,24.56,NaN,,NaN,,NaN
A,GE10,M69-M74,E_ITT2,PC_ENT,BA,19.5,NaN,,NaN,,NaN
A,GE10,M69-M74,E_ITT2,PC_ENT,BE,50.96,NaN,,NaN,,NaN
A,GE10,M69-M74,E_ITT2,PC_ENT,BG,8.88,NaN,,NaN,,NaN
A,GE10,M69-M74,E_ITT2,PC_ENT,CY,42.21,NaN,,NaN,,NaN
A,GE10,M69-M74,E_ITT2,PC_ENT,CZ,33.11,NaN,,NaN,,NaN
A,GE10,M69-M74,E_ITT2,PC_ENT,DE,36.87,NaN,,NaN,,NaN
A,GE10,M69-M74,E_ITT2,PC_ENT,DK,51.02,NaN,,NaN,,NaN
A,GE10,M69-M74,E_ITT2,PC_ENT,EA,32.82,NaN,,NaN,,NaN
A,GE10,M69-M74,E_ITT2,PC_ENT,EE,34.01,NaN,,NaN,,NaN
A,GE10,M69-M74,E_ITT2,PC_ENT,EL,,u,,NaN,,NaN
A,GE10,M69-M74,E_ITT2,PC_ENT,ES,34.02,NaN,,NaN,,NaN
A,GE10,M69-M74,E_ITT2,PC_ENT,EU15,,NaN,,NaN,,NaN
A,GE10,M69-M74,E_ITT2,PC_ENT,EU27_2007,,NaN,,NaN,,NaN
A,GE10,M69-M74,E_ITT2,PC_ENT,EU27_2020,32.63,NaN,,NaN,,NaN
A,GE10,M69-M74,E_ITT2,PC_ENT,EU28,,NaN,,NaN,,NaN
A,GE10,M69-M74,E_ITT2,PC_ENT,FI,60.82,NaN,,NaN,,NaN
A,GE10,M69-M74,E_ITT2,PC_ENT,FR,22.2,NaN,,NaN,,NaN
A,GE10,M69-M74,E_ITT2,PC_ENT,HR,38.82,NaN,,NaN,,NaN
A,GE10,M69-M74,E_ITT2,PC_ENT,HU,27.6,NaN,,NaN,,NaN
A,GE10,M69-M74,E_ITT2,PC_ENT,IE,52.9,NaN,,NaN,,NaN
A,GE10,M69-M74,E_ITT2,PC_ENT,IS,,NaN,,NaN,,NaN
A,GE10,M69-M74,E_ITT2,PC_ENT,IT,30.65,NaN,,NaN,,NaN
A,GE10,M69-M74,E_ITT2,PC_ENT,LT,25.57,NaN,,NaN,,NaN
A,GE10,M69-M74,E_ITT2,PC_ENT,LU,32.18,NaN,,NaN,,NaN
A,GE10,M69-M74,E_ITT2,PC_ENT,LV,28.28,NaN,,NaN,,NaN
A,GE10,M69-M74,E_ITT2,PC_ENT,ME,,u,,NaN,,NaN
A,GE10,M69-M74,E_ITT2,PC_ENT,MK,8.6,NaN,,NaN,,NaN
A,GE10,M69-M74,E_ITT2,PC_ENT,MT,39.13,NaN,,NaN,,NaN
A,GE10,M69-M74,E_ITT2,PC_ENT,NL,32.96,NaN,,NaN,,NaN
A,GE10,M69-M74,E_ITT2,PC_ENT,NO,52.04,NaN,,NaN,,NaN
A,GE10,M69-M74,E_ITT2,PC_ENT,PL,31.64,NaN,,NaN,,NaN
A,GE10,M69-M74,E_ITT2,PC_ENT,PT,,u,,NaN,,NaN
A,GE10,M69-M74,E_ITT2,PC_ENT,RO,14.14,NaN,,NaN,,NaN
A,GE10,M69-M74,E_ITT2,PC_ENT,RS,22.06,NaN,,NaN,,NaN
A,GE10,M69-M74,E_ITT2,PC_ENT,SE,44.27,NaN,,NaN,,NaN
A,GE10,M69-M74,E_ITT2,PC_ENT,SI,40.38,NaN,,NaN,,NaN
A,GE10,M69-M74,E_ITT2,PC_ENT,SK,22.06,NaN,,NaN,,NaN
A,GE10,M69-M74,E_ITT2,PC_ENT,TR,13.76,NaN,,NaN,,NaN
A,GE10,M69-M74,E_ITT2,PC_ENT,UK,40.68,NaN,,NaN,,NaN
A,GE10,M69-M74,E_ITT2,PC_ENT_CUSE,AT,,NaN,,NaN,,NaN
A,GE10,M69-M74,E_ITT2,PC_ENT_CUSE,BA,,NaN,,NaN,,NaN
A,GE10,M69-M74,E_ITT2,PC_ENT_CUSE,BE,,NaN,,NaN,,NaN
A,GE10,M69-M74,E_ITT2,PC_ENT_CUSE,BG,,NaN,,NaN,,NaN
A,GE10,M69-M74,E_ITT2,PC_ENT_CUSE,CY,,NaN,,NaN,,NaN
A,GE10,M69-M74,E_ITT2,PC_ENT_CUSE,CZ,,NaN,,NaN,,NaN
A,GE10,M69-M74,E_ITT2,PC_ENT_CUSE,DE,,NaN,,NaN,,NaN
A,GE10,M69-M74,E_ITT2,PC_ENT_CUSE,DK,,NaN,,NaN,,NaN
A,GE10,M69-M74,E_ITT2,PC_ENT_CUSE,EA,,NaN,,NaN,,NaN
A,GE10,M69-M74,E_ITT2,PC_ENT_CUSE,EE,,NaN,,NaN,,NaN
A,GE10,M69-M74,E_ITT2,PC_ENT_CUSE,EL,,NaN,,NaN,,NaN
A,GE10,M69-M74,E_ITT2,PC_ENT_CUSE,ES,,NaN,,NaN,,NaN
A,GE10,M69-M74,E_ITT2,PC_ENT_CUSE,EU15,,NaN,,NaN,,NaN
A,GE10,M69-M74,E_ITT2,PC_ENT_CUSE,EU27_2007,,NaN,,NaN,,NaN
A,GE10,M69-M74,E_ITT2,PC_ENT_CUSE,EU27_2020,,NaN,,NaN,,NaN
A,GE10,M69-M74,E_ITT2,PC_ENT_CUSE,EU28,,NaN,,NaN,,NaN
A,GE10,M69-M74,E_ITT2,PC_ENT_CUSE,FI,,NaN,,NaN,,NaN
A,GE10,M69-M74,E_ITT2,PC_ENT_CUSE,FR,,NaN,,NaN,,NaN
A,GE10,M69-M74,E_ITT2,PC_ENT_CUSE,HR,,NaN,,NaN,,NaN
A,GE10,M69-M74,E_ITT2,PC_ENT_CUSE,HU,,NaN,,NaN,,NaN
A,GE10,M69-M74,E_ITT2,PC_ENT_CUSE,IE,,NaN,,NaN,,NaN
A,GE10,M69-M74,E_ITT2,PC_ENT_CUSE,IS,,NaN,,NaN,,NaN
A,GE10,M69-M74,E_ITT2,PC_ENT_CUSE,IT,,NaN,,NaN,,NaN
A,GE10,M69-M74,E_ITT2,PC_ENT_CUSE,LT,,NaN,,NaN,,NaN
A,GE10,M69-M74,E_ITT2,PC_ENT_CUSE,LU,,NaN,,NaN,,NaN
A,GE10,M69-M74,E_ITT2,PC_ENT_CUSE,LV,,NaN,,NaN,,NaN
A,GE10,M69-M74,E_ITT2,PC_ENT_CUSE,ME,,NaN,,NaN,,NaN
A,GE10,M69-M74,E_ITT2,PC_ENT_CUSE,MK,,NaN,,NaN,,NaN
A,GE10,M69-M74,E_ITT2,PC_ENT_CUSE,MT,,NaN,,NaN,,NaN
A,GE10,M69-M74,E_ITT2,PC_ENT_CUSE,NL,,NaN,,NaN,,NaN
A,GE10,M69-M74,E_ITT2,PC_ENT_CUSE,NO,,NaN,,NaN,,NaN
A,GE10,M69-M74,E_ITT2,PC_ENT_CUSE,PL,,NaN,,NaN,,NaN
A,GE10,M69-M74,E_ITT2,PC_ENT_CUSE,PT,,NaN,,NaN,,NaN
A,GE10,M69-M74,E_ITT2,PC_ENT_CUSE,RO,,NaN,,NaN,,NaN
A,GE10,M69-M74,E_ITT2,PC_ENT_CUSE,RS,,NaN,,NaN,,NaN
A,GE10,M69-M74,E_ITT2,PC_ENT_CUSE,SE,,NaN,,NaN,,NaN
A,GE10,M69-M74,E_ITT2,PC_ENT_CUSE,SI,,NaN,,NaN,,NaN
A,GE10,M69-M74,E_ITT2,PC_ENT_CUSE,SK,,NaN,,NaN,,NaN
A,GE10,M69-M74,E_ITT2,PC_ENT_CUSE,TR,,NaN,,NaN,,NaN
A,GE10,M69-M74,E_ITT2,PC_ENT_CUSE,UK,,NaN,,NaN,,NaN
A,GE10,M69-M74,E_ITUST2,PC_ENT,AT,19.47,NaN,,NaN,,NaN
A,GE10,M69-M74,E_ITUST2,PC_ENT,BA,,u,,NaN,,NaN
A,GE10,M69-M74,E_ITUST2,PC_ENT,BE,48.86,NaN,,NaN,,NaN
A,GE10,M69-M74,E_ITUST2,PC_ENT,BG,3.57,NaN,,NaN,,NaN
A,GE10,M69-M74,E_ITUST2,PC_ENT,CY,37.7,NaN,,NaN,,NaN
A,GE10,M69-M74,E_ITUST2,PC_ENT,CZ,33.11,NaN,,NaN,,NaN
A,GE10,M69-M74,E_ITUST2,PC_ENT,DE,33.04,NaN,,NaN,,NaN
A,GE10,M69-M74,E_ITUST2,PC_ENT,DK,44.64,NaN,,NaN,,NaN
A,GE10,M69-M74,E_ITUST2,PC_ENT,EA,28.42,NaN,,NaN,,NaN
A,GE10,M69-M74,E_ITUST2,PC_ENT,EE,31.04,NaN,,NaN,,NaN
A,GE10,M69-M74,E_ITUST2,PC_ENT,EL,,u,,NaN,,NaN
A,GE10,M69-M74,E_ITUST2,PC_ENT,ES,27.94,NaN,,NaN,,NaN
A,GE10,M69-M74,E_ITUST2,PC_ENT,EU15,,NaN,,NaN,,NaN
A,GE10,M69-M74,E_ITUST2,PC_ENT,EU27_2007,,NaN,,NaN,,NaN
A,GE10,M69-M74,E_ITUST2,PC_ENT,EU27_2020,28.45,NaN,,NaN,,NaN
A,GE10,M69-M74,E_ITUST2,PC_ENT,EU28,,NaN,,NaN,,NaN
A,GE10,M69-M74,E_ITUST2,PC_ENT,FI,58.18,NaN,,NaN,,NaN
A,GE10,M69-M74,E_ITUST2,PC_ENT,FR,18.62,NaN,,NaN,,NaN
A,GE10,M69-M74,E_ITUST2,PC_ENT,HR,35.56,NaN,,NaN,,NaN
A,GE10,M69-M74,E_ITUST2,PC_ENT,HU,24.79,NaN,,NaN,,NaN
A,GE10,M69-M74,E_ITUST2,PC_ENT,IE,51.34,NaN,,NaN,,NaN
A,GE10,M69-M74,E_ITUST2,PC_ENT,IS,,NaN,,NaN,,NaN
A,GE10,M69-M74,E_ITUST2,PC_ENT,IT,21.85,NaN,,NaN,,NaN
A,GE10,M69-M74,E_ITUST2,PC_ENT,LT,22.54,NaN,,NaN,,NaN
A,GE10,M69-M74,E_ITUST2,PC_ENT,LU,27.87,NaN,,NaN,,NaN
A,GE10,M69-M74,E_ITUST2,PC_ENT,LV,24.46,NaN,,NaN,,NaN
A,GE10,M69-M74,E_ITUST2,PC_ENT,ME,,u,,NaN,,NaN
A,GE10,M69-M74,E_ITUST2,PC_ENT,MK,8.6,NaN,,NaN,,NaN
A,GE10,M69-M74,E_ITUST2,PC_ENT,MT,37.39,NaN,,NaN,,NaN
A,GE10,M69-M74,E_ITUST2,PC_ENT,NL,27.96,NaN,,NaN,,NaN
A,GE10,M69-M74,E_ITUST2,PC_ENT,NO,47.58,NaN,,NaN,,NaN
A,GE10,M69-M74,E_ITUST2,PC_ENT,PL,28.47,NaN,,NaN,,NaN
A,GE10,M69-M74,E_ITUST2,PC_ENT,PT,,u,,NaN,,NaN
A,GE10,M69-M74,E_ITUST2,PC_ENT,RO,9.94,NaN,,NaN,,NaN
A,GE10,M69-M74,E_ITUST2,PC_ENT,RS,19.28,NaN,,NaN,,NaN
A,GE10,M69-M74,E_ITUST2,PC_ENT,SE,40.88,NaN,,NaN,,NaN
A,GE10,M69-M74,E_ITUST2,PC_ENT,SI,38.6,NaN,,NaN,,NaN
A,GE10,M69-M74,E_ITUST2,PC_ENT,SK,17.91,NaN,,NaN,,NaN
A,GE10,M69-M74,E_ITUST2,PC_ENT,TR,10.75,NaN,,NaN,,NaN
A,GE10,M69-M74,E_ITUST2,PC_ENT,UK,35.15,NaN,,NaN,,NaN
A,GE10,M69-M74,E_ITUST2,PC_ENT_CUSE,AT,,NaN,,NaN,,NaN
A,GE10,M69-M74,E_ITUST2,PC_ENT_CUSE,BA,,NaN,,NaN,,NaN
A,GE10,M69-M74,E_ITUST2,PC_ENT_CUSE,BE,,NaN,,NaN,,NaN
A,GE10,M69-M74,E_ITUST2,PC_ENT_CUSE,BG,,NaN,,NaN,,NaN
A,GE10,M69-M74,E_ITUST2,PC_ENT_CUSE,CY,,NaN,,NaN,,NaN
A,GE10,M69-M74,E_ITUST2,PC_ENT_CUSE,CZ,,NaN,,NaN,,NaN
A,GE10,M69-M74,E_ITUST2,PC_ENT_CUSE,DE,,NaN,,NaN,,NaN
A,GE10,M69-M74,E_ITUST2,PC_ENT_CUSE,DK,,NaN,,NaN,,NaN
A,GE10,M69-M74,E_ITUST2,PC_ENT_CUSE,EA,,NaN,,NaN,,NaN
A,GE10,M69-M74,E_ITUST2,PC_ENT_CUSE,EE,,NaN,,NaN,,NaN
A,GE10,M69-M74,E_ITUST2,PC_ENT_CUSE,EL,,NaN,,NaN,,NaN
A,GE10,M69-M74,E_ITUST2,PC_ENT_CUSE,ES,,NaN,,NaN,,NaN
A,GE10,M69-M74,E_ITUST2,PC_ENT_CUSE,EU15,,NaN,,NaN,,NaN
A,GE10,M69-M74,E_ITUST2,PC_ENT_CUSE,EU27_2007,,NaN,,NaN,,NaN
A,GE10,M69-M74,E_ITUST2,PC_ENT_CUSE,EU27_2020,,NaN,,NaN,,NaN
A,GE10,M69-M74,E_ITUST2,PC_ENT_CUSE,EU28,,NaN,,NaN,,NaN
A,GE10,M69-M74,E_ITUST2,PC_ENT_CUSE,FI,,NaN,,NaN,,NaN
A,GE10,M69-M74,E_ITUST2,PC_ENT_CUSE,FR,,NaN,,NaN,,NaN
A,GE10,M69-M74,E_ITUST2,PC_ENT_CUSE,HR,,NaN,,NaN,,NaN
A,GE10,M69-M74,E_ITUST2,PC_ENT_CUSE,HU,,NaN,,NaN,,NaN
A,GE10,M69-M74,E_ITUST2,PC_ENT_CUSE,IE,,NaN,,NaN,,NaN
A,GE10,M69-M74,E_ITUST2,PC_ENT_CUSE,IS,,NaN,,NaN,,NaN
A,GE10,M69-M74,E_ITUST2,PC_ENT_CUSE,IT,,NaN,,NaN,,NaN
A,GE10,M69-M74,E_ITUST2,PC_ENT_CUSE,LT,,NaN,,NaN,,NaN
A,GE10,M69-M74,E_ITUST2,PC_ENT_CUSE,LU,,NaN,,NaN,,NaN
A,GE10,M69-M74,E_ITUST2,PC_ENT_CUSE,LV,,NaN,,NaN,,NaN
A,GE10,M69-M74,E_ITUST2,PC_ENT_CUSE,ME,,NaN,,NaN,,NaN
A,GE10,M69-M74,E_ITUST2,PC_ENT_CUSE,MK,,NaN,,NaN,,NaN
A,GE10,M69-M74,E_ITUST2,PC_ENT_CUSE,MT,,NaN,,NaN,,NaN
A,GE10,M69-M74,E_ITUST2,PC_ENT_CUSE,NL,,NaN,,NaN,,NaN
A,GE10,M69-M74,E_ITUST2,PC_ENT_CUSE,NO,,NaN,,NaN,,NaN
A,GE10,M69-M74,E_ITUST2,PC_ENT_CUSE,PL,,NaN,,NaN,,NaN
A,GE10,M69-M74,E_ITUST2,PC_ENT_CUSE,PT,,NaN,,NaN,,NaN
A,GE10,M69-M74,E_ITUST2,PC_ENT_CUSE,RO,,NaN,,NaN,,NaN
A,GE10,M69-M74,E_ITUST2,PC_ENT_CUSE,RS,,NaN,,NaN,,NaN
A,GE10,M69-M74,E_ITUST2,PC_ENT_CUSE,SE,,NaN,,NaN,,NaN
A,GE10,M69-M74,E_ITUST2,PC_ENT_CUSE,SI,,NaN,,NaN,,NaN
A,GE10,M69-M74,E_ITUST2,PC_ENT_CUSE,SK,,NaN,,NaN,,NaN
A,GE10,M69-M74,E_ITUST2,PC_ENT_CUSE,TR,,NaN,,NaN,,NaN
A,GE10,M69-M74,E_ITUST2,PC_ENT_CUSE,UK,,NaN,,NaN,,NaN
A,GE10,M72,E_ITSP2X_ITT2,PC_ENT,AT,,NaN,,u,,u
A,GE10,M72,E_ITSP2X_ITT2,PC_ENT,BA,,NaN,,NaN,0.0,NaN
A,GE10,M72,E_ITSP2X_ITT2,PC_ENT,BE,,NaN,,NaN,,u
A,GE10,M72,E_ITSP2X_ITT2,PC_ENT,BG,,NaN,,u,,u
A,GE10,M72,E_ITSP2X_ITT2,PC_ENT,CY,,NaN,0.0,NaN,0.0,NaN
A,GE10,M72,E_ITSP2X_ITT2,PC_ENT,CZ,,NaN,14.9,NaN,18.79,NaN
A,GE10,M72,E_ITSP2X_ITT2,PC_ENT,DE,,NaN,12.56,NaN,11.93,NaN
A,GE10,M72,E_ITSP2X_ITT2,PC_ENT,DK,,NaN,20.89,NaN,6.06,NaN
A,GE10,M72,E_ITSP2X_ITT2,PC_ENT,EA,,NaN,12.09,NaN,8.94,NaN
A,GE10,M72,E_ITSP2X_ITT2,PC_ENT,EE,,NaN,4.56,NaN,0.0,NaN
A,GE10,M72,E_ITSP2X_ITT2,PC_ENT,EL,,NaN,7.35,NaN,1.03,NaN
A,GE10,M72,E_ITSP2X_ITT2,PC_ENT,ES,,NaN,,u,,u
A,GE10,M72,E_ITSP2X_ITT2,PC_ENT,EU27_2020,,NaN,12.88,NaN,8.96,NaN
A,GE10,M72,E_ITSP2X_ITT2,PC_ENT,FI,,NaN,,u,,u
A,GE10,M72,E_ITSP2X_ITT2,PC_ENT,FR,,NaN,6.64,b,3.63,NaN
A,GE10,M72,E_ITSP2X_ITT2,PC_ENT,HR,,NaN,10.92,NaN,0.0,NaN
A,GE10,M72,E_ITSP2X_ITT2,PC_ENT,HU,,NaN,6.25,NaN,10.01,NaN
A,GE10,M72,E_ITSP2X_ITT2,PC_ENT,IE,,NaN,11.22,NaN,0.0,NaN
A,GE10,M72,E_ITSP2X_ITT2,PC_ENT,IT,,NaN,,NaN,,u
A,GE10,M72,E_ITSP2X_ITT2,PC_ENT,LT,,NaN,,u,,u
A,GE10,M72,E_ITSP2X_ITT2,PC_ENT,LU,,NaN,,u,,u
A,GE10,M72,E_ITSP2X_ITT2,PC_ENT,LV,,NaN,14.29,NaN,6.67,NaN
A,GE10,M72,E_ITSP2X_ITT2,PC_ENT,ME,,NaN,0.0,NaN,,NaN
A,GE10,M72,E_ITSP2X_ITT2,PC_ENT,MK,,NaN,0.0,NaN,,NaN
A,GE10,M72,E_ITSP2X_ITT2,PC_ENT,MT,,NaN,,NaN,,NaN
A,GE10,M72,E_ITSP2X_ITT2,PC_ENT,NL,,NaN,6.59,NaN,10.04,NaN
A,GE10,M72,E_ITSP2X_ITT2,PC_ENT,NO,,NaN,19.94,NaN,18.96,NaN
A,GE10,M72,E_ITSP2X_ITT2,PC_ENT,PL,,NaN,,u,6.0,NaN
A,GE10,M72,E_ITSP2X_ITT2,PC_ENT,PT,,NaN,,u,15.73,NaN
A,GE10,M72,E_ITSP2X_ITT2,PC_ENT,RO,,NaN,3.01,NaN,0.0,NaN
A,GE10,M72,E_ITSP2X_ITT2,PC_ENT,RS,,NaN,0.0,NaN,6.41,NaN
A,GE10,M72,E_ITSP2X_ITT2,PC_ENT,SE,,NaN,27.26,NaN,13.41,b
A,GE10,M72,E_ITSP2X_ITT2,PC_ENT,SI,,NaN,19.96,NaN,,u
A,GE10,M72,E_ITSP2X_ITT2,PC_ENT,SK,,NaN,19.36,NaN,3.06,NaN
A,GE10,M72,E_ITSP2X_ITT2,PC_ENT,TR,,NaN,3.95,NaN,7.14,NaN
A,GE10,M72,E_ITSP2_ITT2,PC_ENT,AT,,NaN,,u,,u
A,GE10,M72,E_ITSP2_ITT2,PC_ENT,BA,,NaN,46.49,NaN,25.71,NaN
A,GE10,M72,E_ITSP2_ITT2,PC_ENT,BE,,NaN,,NaN,64.61,NaN
A,GE10,M72,E_ITSP2_ITT2,PC_ENT,BG,,NaN,,u,26.09,NaN
A,GE10,M72,E_ITSP2_ITT2,PC_ENT,CY,,NaN,100.0,NaN,86.71,NaN
A,GE10,M72,E_ITSP2_ITT2,PC_ENT,CZ,,NaN,34.3,NaN,28.45,NaN
A,GE10,M72,E_ITSP2_ITT2,PC_ENT,DE,,NaN,38.56,NaN,43.63,NaN
A,GE10,M72,E_ITSP2_ITT2,PC_ENT,DK,,NaN,34.99,NaN,40.29,NaN
A,GE10,M72,E_ITSP2_ITT2,PC_ENT,EA,,NaN,33.18,NaN,39.28,NaN
A,GE10,M72,E_ITSP2_ITT2,PC_ENT,EE,,NaN,40.97,NaN,37.14,NaN
A,GE10,M72,E_ITSP2_ITT2,PC_ENT,EL,,NaN,35.03,NaN,32.9,NaN
A,GE10,M72,E_ITSP2_ITT2,PC_ENT,ES,,NaN,,u,,u
A,GE10,M72,E_ITSP2_ITT2,PC_ENT,EU27_2020,,NaN,32.29,NaN,38.95,NaN
A,GE10,M72,E_ITSP2_ITT2,PC_ENT,FI,,NaN,,u,,u
A,GE10,M72,E_ITSP2_ITT2,PC_ENT,FR,,NaN,28.81,b,28.53,NaN
A,GE10,M72,E_ITSP2_ITT2,PC_ENT,HR,,NaN,22.42,NaN,93.71,NaN
A,GE10,M72,E_ITSP2_ITT2,PC_ENT,HU,,NaN,32.94,NaN,38.76,NaN
A,GE10,M72,E_ITSP2_ITT2,PC_ENT,IE,,NaN,34.66,NaN,45.52,NaN
A,GE10,M72,E_ITSP2_ITT2,PC_ENT,IT,,NaN,,u,,u
A,GE10,M72,E_ITSP2_ITT2,PC_ENT,LT,,NaN,,u,,u
A,GE10,M72,E_ITSP2_ITT2,PC_ENT,LU,,NaN,,u,,u
A,GE10,M72,E_ITSP2_ITT2,PC_ENT,LV,,NaN,14.29,NaN,26.67,NaN
A,GE10,M72,E_ITSP2_ITT2,PC_ENT,ME,,NaN,0.0,NaN,,NaN
A,GE10,M72,E_ITSP2_ITT2,PC_ENT,MK,,NaN,,u,,NaN
A,GE10,M72,E_ITSP2_ITT2,PC_ENT,MT,,NaN,,NaN,,NaN
A,GE10,M72,E_ITSP2_ITT2,PC_ENT,NL,,NaN,40.1,NaN,34.13,NaN
A,GE10,M72,E_ITSP2_ITT2,PC_ENT,NO,,NaN,46.13,NaN,40.57,NaN
A,GE10,M72,E_ITSP2_ITT2,PC_ENT,PL,,NaN,,u,,u
A,GE10,M72,E_ITSP2_ITT2,PC_ENT,PT,,NaN,21.68,NaN,41.0,NaN
A,GE10,M72,E_ITSP2_ITT2,PC_ENT,RO,,NaN,14.66,NaN,26.91,NaN
A,GE10,M72,E_ITSP2_ITT2,PC_ENT,RS,,NaN,50.1,NaN,16.59,NaN
A,GE10,M72,E_ITSP2_ITT2,PC_ENT,SE,,NaN,23.12,NaN,30.62,b
A,GE10,M72,E_ITSP2_ITT2,PC_ENT,SI,,NaN,44.46,NaN,,u
A,GE10,M72,E_ITSP2_ITT2,PC_ENT,SK,,NaN,16.42,NaN,30.14,NaN
A,GE10,M72,E_ITSP2_ITT2,PC_ENT,TR,,NaN,32.41,NaN,28.31,NaN
A,GE10,M72,E_ITSPT2,PC_ENT,AT,,NaN,,u,,u
A,GE10,M72,E_ITSPT2,PC_ENT,BA,,NaN,38.6,NaN,25.71,NaN
A,GE10,M72,E_ITSPT2,PC_ENT,BE,,NaN,,NaN,,u
A,GE10,M72,E_ITSPT2,PC_ENT,BG,,NaN,,u,23.69,NaN
A,GE10,M72,E_ITSPT2,PC_ENT,CY,,NaN,100.0,NaN,36.71,NaN
A,GE10,M72,E_ITSPT2,PC_ENT,CZ,,NaN,29.0,NaN,24.21,NaN
A,GE10,M72,E_ITSPT2,PC_ENT,DE,,NaN,33.27,NaN,40.0,NaN
A,GE10,M72,E_ITSPT2,PC_ENT,DK,,NaN,28.38,NaN,38.33,NaN
A,GE10,M72,E_ITSPT2,PC_ENT,EA,,NaN,29.82,NaN,34.45,NaN
A,GE10,M72,E_ITSPT2,PC_ENT,EE,,NaN,32.93,NaN,37.14,NaN
A,GE10,M72,E_ITSPT2,PC_ENT,EL,,NaN,28.73,NaN,31.24,NaN
A,GE10,M72,E_ITSPT2,PC_ENT,ES,,NaN,,u,,u
A,GE10,M72,E_ITSPT2,PC_ENT,EU27_2020,,NaN,29.01,NaN,33.77,NaN
A,GE10,M72,E_ITSPT2,PC_ENT,FI,,NaN,,u,,u
A,GE10,M72,E_ITSPT2,PC_ENT,FR,,NaN,22.5,b,19.45,NaN
A,GE10,M72,E_ITSPT2,PC_ENT,HR,,NaN,22.42,NaN,87.43,NaN
A,GE10,M72,E_ITSPT2,PC_ENT,HU,,NaN,27.78,NaN,27.04,NaN
A,GE10,M72,E_ITSPT2,PC_ENT,IE,,NaN,29.01,NaN,31.16,NaN
A,GE10,M72,E_ITSPT2,PC_ENT,IT,,NaN,,u,,u
A,GE10,M72,E_ITSPT2,PC_ENT,LT,,NaN,,u,,u
A,GE10,M72,E_ITSPT2,PC_ENT,LU,,NaN,,u,,u
A,GE10,M72,E_ITSPT2,PC_ENT,LV,,NaN,7.14,NaN,26.67,NaN
A,GE10,M72,E_ITSPT2,PC_ENT,ME,,NaN,0.0,NaN,,NaN
A,GE10,M72,E_ITSPT2,PC_ENT,MK,,NaN,,u,,NaN
A,GE10,M72,E_ITSPT2,PC_ENT,MT,,NaN,,NaN,,NaN
A,GE10,M72,E_ITSPT2,PC_ENT,NL,,NaN,39.63,NaN,32.34,NaN
A,GE10,M72,E_ITSPT2,PC_ENT,NO,,NaN,38.09,NaN,32.84,NaN
A,GE10,M72,E_ITSPT2,PC_ENT,PL,,NaN,,u,,u
A,GE10,M72,E_ITSPT2,PC_ENT,PT,,NaN,21.68,NaN,30.93,NaN
A,GE10,M72,E_ITSPT2,PC_ENT,RO,,NaN,12.06,NaN,21.31,NaN
A,GE10,M72,E_ITSPT2,PC_ENT,RS,,NaN,44.85,NaN,15.01,NaN
A,GE10,M72,E_ITSPT2,PC_ENT,SE,,NaN,16.45,NaN,20.92,b
A,GE10,M72,E_ITSPT2,PC_ENT,SI,,NaN,37.75,NaN,,u
A,GE10,M72,E_ITSPT2,PC_ENT,SK,,NaN,9.8,NaN,24.17,NaN
A,GE10,M72,E_ITSPT2,PC_ENT,TR,,NaN,23.15,NaN,20.32,NaN
A,GE10,M72,E_ITT2,PC_ENT,AT,,NaN,,u,,u
A,GE10,M72,E_ITT2,PC_ENT,BA,,NaN,55.26,NaN,25.71,NaN
A,GE10,M72,E_ITT2,PC_ENT,BE,,NaN,,NaN,,u
A,GE10,M72,E_ITT2,PC_ENT,BG,,NaN,19.58,NaN,28.49,NaN
A,GE10,M72,E_ITT2,PC_ENT,CY,,NaN,100.0,NaN,86.71,NaN
A,GE10,M72,E_ITT2,PC_ENT,CZ,,NaN,49.2,NaN,47.24,NaN
A,GE10,M72,E_ITT2,PC_ENT,DE,,NaN,51.31,NaN,55.5,NaN
A,GE10,M72,E_ITT2,PC_ENT,DK,,NaN,55.88,NaN,46.35,NaN
A,GE10,M72,E_ITT2,PC_ENT,EA,,NaN,44.92,NaN,48.23,NaN
A,GE10,M72,E_ITT2,PC_ENT,EE,,NaN,45.53,NaN,37.14,NaN
A,GE10,M72,E_ITT2,PC_ENT,EL,,NaN,42.38,NaN,33.92,NaN
A,GE10,M72,E_ITT2,PC_ENT,ES,,NaN,,u,,u
A,GE10,M72,E_ITT2,PC_ENT,EU27_2020,,NaN,44.84,NaN,47.92,NaN
A,GE10,M72,E_ITT2,PC_ENT,FI,,NaN,,u,,u
A,GE10,M72,E_ITT2,PC_ENT,FR,,NaN,,bu,32.16,NaN
A,GE10,M72,E_ITT2,PC_ENT,HR,,NaN,33.35,NaN,93.71,NaN
A,GE10,M72,E_ITT2,PC_ENT,HU,,NaN,39.19,NaN,48.78,NaN
A,GE10,M72,E_ITT2,PC_ENT,IE,,NaN,45.88,NaN,45.52,NaN
A,GE10,M72,E_ITT2,PC_ENT,IT,,NaN,,u,,u
A,GE10,M72,E_ITT2,PC_ENT,LT,,NaN,,u,,u
A,GE10,M72,E_ITT2,PC_ENT,LU,,NaN,,u,,u
A,GE10,M72,E_ITT2,PC_ENT,LV,,NaN,28.57,NaN,33.33,NaN
A,GE10,M72,E_ITT2,PC_ENT,ME,,NaN,0.0,NaN,,NaN
A,GE10,M72,E_ITT2,PC_ENT,MK,,NaN,,u,,NaN
A,GE10,M72,E_ITT2,PC_ENT,MT,,NaN,,NaN,,NaN
A,GE10,M72,E_ITT2,PC_ENT,NL,,NaN,46.69,NaN,44.17,NaN
A,GE10,M72,E_ITT2,PC_ENT,NO,,NaN,66.07,NaN,59.54,NaN
A,GE10,M72,E_ITT2,PC_ENT,PL,,NaN,,u,,u
A,GE10,M72,E_ITT2,PC_ENT,PT,,NaN,,u,,u
A,GE10,M72,E_ITT2,PC_ENT,RO,,NaN,17.67,NaN,26.91,NaN
A,GE10,M72,E_ITT2,PC_ENT,RS,,NaN,50.1,NaN,23.0,NaN
A,GE10,M72,E_ITT2,PC_ENT,SE,,NaN,50.38,NaN,44.03,b
A,GE10,M72,E_ITT2,PC_ENT,SI,,NaN,64.43,NaN,,u
A,GE10,M72,E_ITT2,PC_ENT,SK,,NaN,35.78,NaN,33.19,NaN
A,GE10,M72,E_ITT2,PC_ENT,TR,,NaN,36.36,NaN,35.46,NaN
A,GE10,M72,E_ITUST2,PC_ENT,AT,,NaN,,u,,u
A,GE10,M72,E_ITUST2,PC_ENT,BA,,NaN,46.49,NaN,20.95,NaN
A,GE10,M72,E_ITUST2,PC_ENT,BE,,NaN,,NaN,,u
A,GE10,M72,E_ITUST2,PC_ENT,BG,,NaN,,u,,u
A,GE10,M72,E_ITUST2,PC_ENT,CY,,NaN,100.0,NaN,86.71,NaN
A,GE10,M72,E_ITUST2,PC_ENT,CZ,,NaN,43.86,NaN,44.63,NaN
A,GE10,M72,E_ITUST2,PC_ENT,DE,,NaN,47.26,NaN,49.65,NaN
A,GE10,M72,E_ITUST2,PC_ENT,DK,,NaN,51.13,NaN,45.58,NaN
A,GE10,M72,E_ITUST2,PC_ENT,EA,,NaN,37.89,NaN,40.96,NaN
A,GE10,M72,E_ITUST2,PC_ENT,EE,,NaN,32.82,NaN,37.14,NaN
A,GE10,M72,E_ITUST2,PC_ENT,EL,,NaN,25.22,NaN,20.11,NaN
A,GE10,M72,E_ITUST2,PC_ENT,ES,,NaN,,u,,u
A,GE10,M72,E_ITUST2,PC_ENT,EU27_2020,,NaN,38.31,NaN,41.11,NaN
A,GE10,M72,E_ITUST2,PC_ENT,FI,,NaN,,u,,u
A,GE10,M72,E_ITUST2,PC_ENT,FR,,NaN,,bu,24.6,NaN
A,GE10,M72,E_ITUST2,PC_ENT,HR,,NaN,21.3,NaN,87.43,NaN
A,GE10,M72,E_ITUST2,PC_ENT,HU,,NaN,27.93,NaN,38.71,NaN
A,GE10,M72,E_ITUST2,PC_ENT,IE,,NaN,32.95,NaN,40.11,NaN
A,GE10,M72,E_ITUST2,PC_ENT,IT,,NaN,,u,,u
A,GE10,M72,E_ITUST2,PC_ENT,LT,,NaN,,u,,u
A,GE10,M72,E_ITUST2,PC_ENT,LU,,NaN,,u,,u
A,GE10,M72,E_ITUST2,PC_ENT,LV,,NaN,21.43,NaN,26.67,NaN
A,GE10,M72,E_ITUST2,PC_ENT,ME,,NaN,0.0,NaN,,NaN
A,GE10,M72,E_ITUST2,PC_ENT,MK,,NaN,,u,,NaN
A,GE10,M72,E_ITUST2,PC_ENT,MT,,NaN,,NaN,,NaN
A,GE10,M72,E_ITUST2,PC_ENT,NL,,NaN,42.12,NaN,35.43,NaN
A,GE10,M72,E_ITUST2,PC_ENT,NO,,NaN,60.63,NaN,56.68,NaN
A,GE10,M72,E_ITUST2,PC_ENT,PL,,NaN,,u,,u
A,GE10,M72,E_ITUST2,PC_ENT,PT,,NaN,,u,,u
A,GE10,M72,E_ITUST2,PC_ENT,RO,,NaN,10.35,NaN,24.24,NaN
A,GE10,M72,E_ITUST2,PC_ENT,RS,,NaN,25.69,NaN,22.28,NaN
A,GE10,M72,E_ITUST2,PC_ENT,SE,,NaN,49.23,NaN,42.61,b
A,GE10,M72,E_ITUST2,PC_ENT,SI,,NaN,57.71,NaN,,u
A,GE10,M72,E_ITUST2,PC_ENT,SK,,NaN,35.78,NaN,24.03,NaN
A,GE10,M72,E_ITUST2,PC_ENT,TR,,NaN,30.92,NaN,30.29,NaN
A,GE10,M73-M75,E_ITSP2X_ITT2,PC_ENT,AT,,NaN,,u,13.14,NaN
A,GE10,M73-M75,E_ITSP2X_ITT2,PC_ENT,BA,,NaN,,u,,NaN
A,GE10,M73-M75,E_ITSP2X_ITT2,PC_ENT,BE,,NaN,9.5,NaN,,u
A,GE10,M73-M75,E_ITSP2X_ITT2,PC_ENT,BG,,NaN,,u,,u
A,GE10,M73-M75,E_ITSP2X_ITT2,PC_ENT,CY,,NaN,11.85,NaN,17.07,NaN
A,GE10,M73-M75,E_ITSP2X_ITT2,PC_ENT,CZ,,NaN,27.2,NaN,20.65,NaN
A,GE10,M73-M75,E_ITSP2X_ITT2,PC_ENT,DE,,NaN,12.18,NaN,12.3,NaN
A,GE10,M73-M75,E_ITSP2X_ITT2,PC_ENT,DK,,NaN,7.36,NaN,11.84,NaN
A,GE10,M73-M75,E_ITSP2X_ITT2,PC_ENT,EA,,NaN,11.11,NaN,12.21,NaN
A,GE10,M73-M75,E_ITSP2X_ITT2,PC_ENT,EE,,NaN,10.82,NaN,6.58,NaN
A,GE10,M73-M75,E_ITSP2X_ITT2,PC_ENT,EL,,NaN,12.01,NaN,13.14,NaN
A,GE10,M73-M75,E_ITSP2X_ITT2,PC_ENT,ES,,NaN,,u,14.96,NaN
A,GE10,M73-M75,E_ITSP2X_ITT2,PC_ENT,EU27_2020,,NaN,11.58,NaN,12.28,NaN
A,GE10,M73-M75,E_ITSP2X_ITT2,PC_ENT,FI,,NaN,,u,,u
A,GE10,M73-M75,E_ITSP2X_ITT2,PC_ENT,FR,,NaN,2.91,b,4.68,NaN
A,GE10,M73-M75,E_ITSP2X_ITT2,PC_ENT,HR,,NaN,9.04,NaN,9.74,NaN
A,GE10,M73-M75,E_ITSP2X_ITT2,PC_ENT,HU,,NaN,4.55,NaN,6.44,NaN
A,GE10,M73-M75,E_ITSP2X_ITT2,PC_ENT,IE,,NaN,17.72,NaN,12.82,NaN
A,GE10,M73-M75,E_ITSP2X_ITT2,PC_ENT,IT,,NaN,,u,,u
A,GE10,M73-M75,E_ITSP2X_ITT2,PC_ENT,LT,,NaN,,u,,u
A,GE10,M73-M75,E_ITSP2X_ITT2,PC_ENT,LU,,NaN,,u,,u
A,GE10,M73-M75,E_ITSP2X_ITT2,PC_ENT,LV,,NaN,6.74,NaN,14.79,NaN
A,GE10,M73-M75,E_ITSP2X_ITT2,PC_ENT,ME,,NaN,0.0,NaN,,NaN
A,GE10,M73-M75,E_ITSP2X_ITT2,PC_ENT,MK,,NaN,,u,,NaN
A,GE10,M73-M75,E_ITSP2X_ITT2,PC_ENT,MT,,NaN,,NaN,9.29,NaN
A,GE10,M73-M75,E_ITSP2X_ITT2,PC_ENT,NL,,NaN,6.91,NaN,8.62,NaN
A,GE10,M73-M75,E_ITSP2X_ITT2,PC_ENT,NO,,NaN,21.78,NaN,14.3,NaN
A,GE10,M73-M75,E_ITSP2X_ITT2,PC_ENT,PL,,NaN,16.08,NaN,18.67,NaN
A,GE10,M73-M75,E_ITSP2X_ITT2,PC_ENT,PT,,NaN,6.27,NaN,,u
A,GE10,M73-M75,E_ITSP2X_ITT2,PC_ENT,RO,,NaN,6.65,NaN,0.88,NaN
A,GE10,M73-M75,E_ITSP2X_ITT2,PC_ENT,RS,,NaN,13.15,NaN,12.24,NaN
A,GE10,M73-M75,E_ITSP2X_ITT2,PC_ENT,SE,,NaN,13.78,NaN,13.65,b
A,GE10,M73-M75,E_ITSP2X_ITT2,PC_ENT,SI,,NaN,20.04,NaN,24.19,NaN
A,GE10,M73-M75,E_ITSP2X_ITT2,PC_ENT,SK,,NaN,10.04,NaN,7.18,NaN
A,GE10,M73-M75,E_ITSP2X_ITT2,PC_ENT,TR,,NaN,9.06,NaN,6.08,NaN
A,GE10,M73-M75,E_ITSP2_ITT2,PC_ENT,AT,,NaN,,u,17.15,NaN
A,GE10,M73-M75,E_ITSP2_ITT2,PC_ENT,BA,,NaN,,u,,u
A,GE10,M73-M75,E_ITSP2_ITT2,PC_ENT,BE,,NaN,,u,,u
A,GE10,M73-M75,E_ITSP2_ITT2,PC_ENT,BG,,NaN,22.04,NaN,6.78,NaN
A,GE10,M73-M75,E_ITSP2_ITT2,PC_ENT,CY,,NaN,30.55,NaN,31.81,NaN
A,GE10,M73-M75,E_ITSP2_ITT2,PC_ENT,CZ,,NaN,14.17,NaN,16.6,NaN
A,GE10,M73-M75,E_ITSP2_ITT2,PC_ENT,DE,,NaN,28.34,NaN,20.11,NaN
A,GE10,M73-M75,E_ITSP2_ITT2,PC_ENT,DK,,NaN,36.95,NaN,22.67,NaN
A,GE10,M73-M75,E_ITSP2_ITT2,PC_ENT,EA,,NaN,22.9,NaN,18.38,NaN
A,GE10,M73-M75,E_ITSP2_ITT2,PC_ENT,EE,,NaN,3.13,NaN,28.29,NaN
A,GE10,M73-M75,E_ITSP2_ITT2,PC_ENT,EL,,NaN,39.29,NaN,25.78,NaN
A,GE10,M73-M75,E_ITSP2_ITT2,PC_ENT,ES,,NaN,,u,13.84,NaN
A,GE10,M73-M75,E_ITSP2_ITT2,PC_ENT,EU27_2020,,NaN,22.84,NaN,19.14,NaN
A,GE10,M73-M75,E_ITSP2_ITT2,PC_ENT,FI,,NaN,,u,,u
A,GE10,M73-M75,E_ITSP2_ITT2,PC_ENT,FR,,NaN,16.65,b,14.73,NaN
A,GE10,M73-M75,E_ITSP2_ITT2,PC_ENT,HR,,NaN,28.68,NaN,19.97,NaN
A,GE10,M73-M75,E_ITSP2_ITT2,PC_ENT,HU,,NaN,15.83,NaN,15.27,NaN
A,GE10,M73-M75,E_ITSP2_ITT2,PC_ENT,IE,,NaN,17.98,NaN,36.09,NaN
A,GE10,M73-M75,E_ITSP2_ITT2,PC_ENT,IT,,NaN,,u,,u
A,GE10,M73-M75,E_ITSP2_ITT2,PC_ENT,LT,,NaN,,u,,u
A,GE10,M73-M75,E_ITSP2_ITT2,PC_ENT,LU,,NaN,,u,,u
A,GE10,M73-M75,E_ITSP2_ITT2,PC_ENT,LV,,NaN,17.24,NaN,13.52,NaN
A,GE10,M73-M75,E_ITSP2_ITT2,PC_ENT,ME,,NaN,,NaN,,NaN
A,GE10,M73-M75,E_ITSP2_ITT2,PC_ENT,MK,,NaN,,u,,NaN
A,GE10,M73-M75,E_ITSP2_ITT2,PC_ENT,MT,,NaN,,NaN,30.2,NaN
A,GE10,M73-M75,E_ITSP2_ITT2,PC_ENT,NL,,NaN,24.66,NaN,21.56,NaN
A,GE10,M73-M75,E_ITSP2_ITT2,PC_ENT,NO,,NaN,22.07,NaN,20.13,NaN
A,GE10,M73-M75,E_ITSP2_ITT2,PC_ENT,PL,,NaN,33.85,NaN,34.96,NaN
A,GE10,M73-M75,E_ITSP2_ITT2,PC_ENT,PT,,NaN,28.39,NaN,,u
A,GE10,M73-M75,E_ITSP2_ITT2,PC_ENT,RO,,NaN,8.3,NaN,9.64,NaN
A,GE10,M73-M75,E_ITSP2_ITT2,PC_ENT,RS,,NaN,17.94,NaN,22.37,NaN
A,GE10,M73-M75,E_ITSP2_ITT2,PC_ENT,SE,,NaN,18.24,NaN,26.87,b
A,GE10,M73-M75,E_ITSP2_ITT2,PC_ENT,SI,,NaN,17.56,NaN,23.32,NaN
A,GE10,M73-M75,E_ITSP2_ITT2,PC_ENT,SK,,NaN,10.71,NaN,12.07,NaN
A,GE10,M73-M75,E_ITSP2_ITT2,PC_ENT,TR,,NaN,11.85,NaN,12.56,NaN
A,GE10,M73-M75,E_ITSPT2,PC_ENT,AT,,NaN,,u,17.06,NaN
A,GE10,M73-M75,E_ITSPT2,PC_ENT,BA,,NaN,,u,,u
A,GE10,M73-M75,E_ITSPT2,PC_ENT,BE,,NaN,,u,18.18,NaN
A,GE10,M73-M75,E_ITSPT2,PC_ENT,BG,,NaN,19.67,NaN,4.25,NaN
A,GE10,M73-M75,E_ITSPT2,PC_ENT,CY,,NaN,27.41,NaN,29.08,NaN
A,GE10,M73-M75,E_ITSPT2,PC_ENT,CZ,,NaN,13.52,NaN,12.94,NaN
A,GE10,M73-M75,E_ITSPT2,PC_ENT,DE,,NaN,24.34,NaN,18.69,NaN
A,GE10,M73-M75,E_ITSPT2,PC_ENT,DK,,NaN,31.31,NaN,20.13,NaN
A,GE10,M73-M75,E_ITSPT2,PC_ENT,EA,,NaN,19.17,NaN,16.46,NaN
A,GE10,M73-M75,E_ITSPT2,PC_ENT,EE,,NaN,3.13,NaN,24.41,NaN
A,GE10,M73-M75,E_ITSPT2,PC_ENT,EL,,NaN,32.09,NaN,27.91,NaN
A,GE10,M73-M75,E_ITSPT2,PC_ENT,ES,,NaN,,u,11.07,NaN
A,GE10,M73-M75,E_ITSPT2,PC_ENT,EU27_2020,,NaN,19.04,NaN,16.83,NaN
A,GE10,M73-M75,E_ITSPT2,PC_ENT,FI,,NaN,,u,,u
A,GE10,M73-M75,E_ITSPT2,PC_ENT,FR,,NaN,12.85,b,13.98,NaN
A,GE10,M73-M75,E_ITSPT2,PC_ENT,HR,,NaN,27.91,NaN,19.09,NaN
A,GE10,M73-M75,E_ITSPT2,PC_ENT,HU,,NaN,10.28,NaN,12.61,NaN
A,GE10,M73-M75,E_ITSPT2,PC_ENT,IE,,NaN,12.2,NaN,26.44,NaN
A,GE10,M73-M75,E_ITSPT2,PC_ENT,IT,,NaN,,u,,u
A,GE10,M73-M75,E_ITSPT2,PC_ENT,LT,,NaN,,u,,u
A,GE10,M73-M75,E_ITSPT2,PC_ENT,LU,,NaN,,u,,u
A,GE10,M73-M75,E_ITSPT2,PC_ENT,LV,,NaN,13.42,NaN,9.31,NaN
A,GE10,M73-M75,E_ITSPT2,PC_ENT,ME,,NaN,,NaN,,NaN
A,GE10,M73-M75,E_ITSPT2,PC_ENT,MK,,NaN,,u,,NaN
A,GE10,M73-M75,E_ITSPT2,PC_ENT,MT,,NaN,,NaN,26.12,NaN
A,GE10,M73-M75,E_ITSPT2,PC_ENT,NL,,NaN,23.75,NaN,19.84,NaN
A,GE10,M73-M75,E_ITSPT2,PC_ENT,NO,,NaN,20.16,NaN,17.64,NaN
A,GE10,M73-M75,E_ITSPT2,PC_ENT,PL,,NaN,24.21,NaN,31.62,NaN
A,GE10,M73-M75,E_ITSPT2,PC_ENT,PT,,NaN,22.12,NaN,,u
A,GE10,M73-M75,E_ITSPT2,PC_ENT,RO,,NaN,9.82,NaN,8.11,NaN
A,GE10,M73-M75,E_ITSPT2,PC_ENT,RS,,NaN,17.94,NaN,19.95,NaN
A,GE10,M73-M75,E_ITSPT2,PC_ENT,SE,,NaN,15.99,NaN,17.95,b
A,GE10,M73-M75,E_ITSPT2,PC_ENT,SI,,NaN,9.28,NaN,23.32,NaN
A,GE10,M73-M75,E_ITSPT2,PC_ENT,SK,,NaN,8.12,NaN,10.63,NaN
A,GE10,M73-M75,E_ITSPT2,PC_ENT,TR,,NaN,9.59,NaN,8.15,NaN
A,GE10,M73-M75,E_ITT2,PC_ENT,AT,,NaN,,u,,u
A,GE10,M73-M75,E_ITT2,PC_ENT,BA,,NaN,,u,,u
A,GE10,M73-M75,E_ITT2,PC_ENT,BE,,NaN,,u,,u
A,GE10,M73-M75,E_ITT2,PC_ENT,BG,,NaN,22.5,NaN,7.94,NaN
A,GE10,M73-M75,E_ITT2,PC_ENT,CY,,NaN,42.39,NaN,48.87,NaN
A,GE10,M73-M75,E_ITT2,PC_ENT,CZ,,NaN,41.37,NaN,37.25,NaN
A,GE10,M73-M75,E_ITT2,PC_ENT,DE,,NaN,40.83,NaN,32.4,NaN
A,GE10,M73-M75,E_ITT2,PC_ENT,DK,,NaN,44.31,NaN,34.5,NaN
A,GE10,M73-M75,E_ITT2,PC_ENT,EA,,NaN,34.11,NaN,30.66,NaN
A,GE10,M73-M75,E_ITT2,PC_ENT,EE,,NaN,13.95,NaN,34.87,NaN
A,GE10,M73-M75,E_ITT2,PC_ENT,EL,,NaN,51.3,NaN,38.91,NaN
A,GE10,M73-M75,E_ITT2,PC_ENT,ES,,NaN,,u,28.8,NaN
A,GE10,M73-M75,E_ITT2,PC_ENT,EU27_2020,,NaN,34.53,NaN,31.47,NaN
A,GE10,M73-M75,E_ITT2,PC_ENT,FI,,NaN,,u,,u
A,GE10,M73-M75,E_ITT2,PC_ENT,FR,,NaN,19.56,b,19.41,NaN
A,GE10,M73-M75,E_ITT2,PC_ENT,HR,,NaN,37.73,NaN,29.71,NaN
A,GE10,M73-M75,E_ITT2,PC_ENT,HU,,NaN,20.38,NaN,21.71,NaN
A,GE10,M73-M75,E_ITT2,PC_ENT,IE,,NaN,35.7,NaN,48.91,NaN
A,GE10,M73-M75,E_ITT2,PC_ENT,IT,,NaN,,u,,u
A,GE10,M73-M75,E_ITT2,PC_ENT,LT,,NaN,,u,,u
A,GE10,M73-M75,E_ITT2,PC_ENT,LU,,NaN,,u,,u
A,GE10,M73-M75,E_ITT2,PC_ENT,LV,,NaN,23.98,NaN,28.31,NaN
A,GE10,M73-M75,E_ITT2,PC_ENT,ME,,NaN,,NaN,,NaN
A,GE10,M73-M75,E_ITT2,PC_ENT,MK,,NaN,,u,,NaN
A,GE10,M73-M75,E_ITT2,PC_ENT,MT,,NaN,,NaN,39.49,NaN
A,GE10,M73-M75,E_ITT2,PC_ENT,NL,,NaN,31.56,NaN,30.18,NaN
A,GE10,M73-M75,E_ITT2,PC_ENT,NO,,NaN,43.85,NaN,34.43,NaN
A,GE10,M73-M75,E_ITT2,PC_ENT,PL,,NaN,49.93,NaN,53.63,NaN
A,GE10,M73-M75,E_ITT2,PC_ENT,PT,,NaN,,u,,u
A,GE10,M73-M75,E_ITT2,PC_ENT,RO,,NaN,16.3,NaN,10.52,NaN
A,GE10,M73-M75,E_ITT2,PC_ENT,RS,,NaN,31.08,NaN,34.6,NaN
A,GE10,M73-M75,E_ITT2,PC_ENT,SE,,NaN,32.01,NaN,40.53,b
A,GE10,M73-M75,E_ITT2,PC_ENT,SI,,NaN,37.59,NaN,47.5,NaN
A,GE10,M73-M75,E_ITT2,PC_ENT,SK,,NaN,20.74,NaN,19.25,NaN
A,GE10,M73-M75,E_ITT2,PC_ENT,TR,,NaN,20.91,NaN,18.64,NaN
A,GE10,M73-M75,E_ITUST2,PC_ENT,AT,,NaN,,u,,u
A,GE10,M73-M75,E_ITUST2,PC_ENT,BA,,NaN,26.86,NaN,,u
A,GE10,M73-M75,E_ITUST2,PC_ENT,BE,,NaN,,u,,u
A,GE10,M73-M75,E_ITUST2,PC_ENT,BG,,NaN,16.2,NaN,4.96,NaN
A,GE10,M73-M75,E_ITUST2,PC_ENT,CY,,NaN,38.68,NaN,43.42,NaN
A,GE10,M73-M75,E_ITUST2,PC_ENT,CZ,,NaN,37.46,NaN,36.92,NaN
A,GE10,M73-M75,E_ITUST2,PC_ENT,DE,,NaN,35.04,NaN,29.21,NaN
A,GE10,M73-M75,E_ITUST2,PC_ENT,DK,,NaN,38.4,NaN,31.51,NaN
A,GE10,M73-M75,E_ITUST2,PC_ENT,EA,,NaN,29.59,NaN,26.96,NaN
A,GE10,M73-M75,E_ITUST2,PC_ENT,EE,,NaN,12.86,NaN,30.99,NaN
A,GE10,M73-M75,E_ITUST2,PC_ENT,EL,,NaN,46.34,NaN,34.32,NaN
A,GE10,M73-M75,E_ITUST2,PC_ENT,ES,,NaN,,u,27.88,NaN
A,GE10,M73-M75,E_ITUST2,PC_ENT,EU27_2020,,NaN,30.31,NaN,27.75,NaN
A,GE10,M73-M75,E_ITUST2,PC_ENT,FI,,NaN,,u,,u
A,GE10,M73-M75,E_ITUST2,PC_ENT,FR,,NaN,16.76,b,15.77,NaN
A,GE10,M73-M75,E_ITUST2,PC_ENT,HR,,NaN,36.95,NaN,17.69,NaN
A,GE10,M73-M75,E_ITUST2,PC_ENT,HU,,NaN,18.35,NaN,15.2,NaN
A,GE10,M73-M75,E_ITUST2,PC_ENT,IE,,NaN,28.2,NaN,37.16,NaN
A,GE10,M73-M75,E_ITUST2,PC_ENT,IT,,NaN,,u,,u
A,GE10,M73-M75,E_ITUST2,PC_ENT,LT,,NaN,,u,,u
A,GE10,M73-M75,E_ITUST2,PC_ENT,LU,,NaN,,u,,u
A,GE10,M73-M75,E_ITUST2,PC_ENT,LV,,NaN,20.15,NaN,26.87,NaN
A,GE10,M73-M75,E_ITUST2,PC_ENT,ME,,NaN,0.0,NaN,,NaN
A,GE10,M73-M75,E_ITUST2,PC_ENT,MK,,NaN,,u,,NaN
A,GE10,M73-M75,E_ITUST2,PC_ENT,MT,,NaN,,NaN,36.32,NaN
A,GE10,M73-M75,E_ITUST2,PC_ENT,NL,,NaN,26.32,NaN,24.49,NaN
A,GE10,M73-M75,E_ITUST2,PC_ENT,NO,,NaN,41.78,NaN,32.74,NaN
A,GE10,M73-M75,E_ITUST2,PC_ENT,PL,,NaN,47.19,NaN,46.8,NaN
A,GE10,M73-M75,E_ITUST2,PC_ENT,PT,,NaN,26.38,NaN,,u
A,GE10,M73-M75,E_ITUST2,PC_ENT,RO,,NaN,14.12,NaN,7.98,NaN
A,GE10,M73-M75,E_ITUST2,PC_ENT,RS,,NaN,29.12,NaN,34.05,NaN
A,GE10,M73-M75,E_ITUST2,PC_ENT,SE,,NaN,30.24,NaN,38.41,b
A,GE10,M73-M75,E_ITUST2,PC_ENT,SI,,NaN,37.59,NaN,47.5,NaN
A,GE10,M73-M75,E_ITUST2,PC_ENT,SK,,NaN,20.74,NaN,16.38,NaN
A,GE10,M73-M75,E_ITUST2,PC_ENT,TR,,NaN,19.97,NaN,15.85,NaN
A,GE10,N,E_ITSP2X_ITT2,PC_ENT,AT,6.21,NaN,5.47,NaN,5.69,NaN
A,GE10,N,E_ITSP2X_ITT2,PC_ENT,BA,,u,11.79,NaN,,u
A,GE10,N,E_ITSP2X_ITT2,PC_ENT,BE,10.41,NaN,7.29,NaN,13.8,NaN
A,GE10,N,E_ITSP2X_ITT2,PC_ENT,BG,,u,3.33,NaN,,u
A,GE10,N,E_ITSP2X_ITT2,PC_ENT,CY,7.33,NaN,14.99,NaN,11.33,NaN
A,GE10,N,E_ITSP2X_ITT2,PC_ENT,CZ,9.69,NaN,9.01,NaN,11.64,NaN
A,GE10,N,E_ITSP2X_ITT2,PC_ENT,DE,9.25,NaN,12.06,NaN,9.84,NaN
A,GE10,N,E_ITSP2X_ITT2,PC_ENT,DK,7.0,NaN,9.16,NaN,11.5,NaN
A,GE10,N,E_ITSP2X_ITT2,PC_ENT,EA,6.94,NaN,9.42,NaN,9.27,NaN
A,GE10,N,E_ITSP2X_ITT2,PC_ENT,EE,7.43,NaN,7.67,NaN,13.09,NaN
A,GE10,N,E_ITSP2X_ITT2,PC_ENT,EL,,u,6.67,NaN,5.95,NaN
A,GE10,N,E_ITSP2X_ITT2,PC_ENT,ES,7.46,NaN,8.41,NaN,11.4,NaN
A,GE10,N,E_ITSP2X_ITT2,PC_ENT,EU15,,NaN,,NaN,,NaN
A,GE10,N,E_ITSP2X_ITT2,PC_ENT,EU27_2007,,NaN,,NaN,,NaN
A,GE10,N,E_ITSP2X_ITT2,PC_ENT,EU27_2020,7.06,NaN,9.37,NaN,9.44,NaN
A,GE10,N,E_ITSP2X_ITT2,PC_ENT,EU28,,NaN,,NaN,,NaN
A,GE10,N,E_ITSP2X_ITT2,PC_ENT,FI,10.1,NaN,18.49,NaN,14.54,NaN
A,GE10,N,E_ITSP2X_ITT2,PC_ENT,FR,3.62,NaN,5.35,b,7.85,NaN
A,GE10,N,E_ITSP2X_ITT2,PC_ENT,HR,9.25,NaN,5.84,NaN,13.43,NaN
A,GE10,N,E_ITSP2X_ITT2,PC_ENT,HU,4.41,NaN,6.13,NaN,8.16,NaN
A,GE10,N,E_ITSP2X_ITT2,PC_ENT,IE,8.2,NaN,4.81,NaN,4.0,NaN
A,GE10,N,E_ITSP2X_ITT2,PC_ENT,IT,5.96,NaN,11.18,NaN,8.2,NaN
A,GE10,N,E_ITSP2X_ITT2,PC_ENT,LT,9.92,NaN,3.64,NaN,3.25,NaN
A,GE10,N,E_ITSP2X_ITT2,PC_ENT,LU,2.86,NaN,6.61,NaN,4.71,NaN
A,GE10,N,E_ITSP2X_ITT2,PC_ENT,LV,6.54,NaN,7.2,NaN,7.34,NaN
A,GE10,N,E_ITSP2X_ITT2,PC_ENT,ME,,u,,NaN,15.87,NaN
A,GE10,N,E_ITSP2X_ITT2,PC_ENT,MK,2.7,NaN,,u,,NaN
A,GE10,N,E_ITSP2X_ITT2,PC_ENT,MT,8.35,NaN,8.02,NaN,8.98,NaN
A,GE10,N,E_ITSP2X_ITT2,PC_ENT,NL,0.52,NaN,7.75,NaN,6.56,NaN
A,GE10,N,E_ITSP2X_ITT2,PC_ENT,NO,23.33,NaN,17.91,NaN,13.3,NaN
A,GE10,N,E_ITSP2X_ITT2,PC_ENT,PL,8.3,NaN,10.65,NaN,11.32,NaN
A,GE10,N,E_ITSP2X_ITT2,PC_ENT,PT,13.92,NaN,9.88,NaN,17.33,NaN
A,GE10,N,E_ITSP2X_ITT2,PC_ENT,RO,1.18,NaN,3.85,NaN,6.0,NaN
A,GE10,N,E_ITSP2X_ITT2,PC_ENT,RS,0.63,NaN,3.31,NaN,16.01,NaN
A,GE10,N,E_ITSP2X_ITT2,PC_ENT,SE,18.33,NaN,16.64,NaN,17.12,b
A,GE10,N,E_ITSP2X_ITT2,PC_ENT,SI,12.77,NaN,17.82,NaN,13.07,NaN
A,GE10,N,E_ITSP2X_ITT2,PC_ENT,SK,3.52,NaN,4.06,NaN,6.52,NaN
A,GE10,N,E_ITSP2X_ITT2,PC_ENT,TR,4.97,NaN,6.29,NaN,9.43,NaN
A,GE10,N,E_ITSP2X_ITT2,PC_ENT,UK,10.73,NaN,,NaN,,NaN
A,GE10,N,E_ITSP2X_ITT2,PC_ENT_CUSE,AT,,NaN,,NaN,,NaN
A,GE10,N,E_ITSP2X_ITT2,PC_ENT_CUSE,BA,,NaN,,NaN,,NaN
A,GE10,N,E_ITSP2X_ITT2,PC_ENT_CUSE,BE,,NaN,,NaN,,NaN
A,GE10,N,E_ITSP2X_ITT2,PC_ENT_CUSE,BG,,NaN,,NaN,,NaN
A,GE10,N,E_ITSP2X_ITT2,PC_ENT_CUSE,CY,,NaN,,NaN,,NaN
A,GE10,N,E_ITSP2X_ITT2,PC_ENT_CUSE,CZ,,NaN,,NaN,,NaN
A,GE10,N,E_ITSP2X_ITT2,PC_ENT_CUSE,DE,,NaN,,NaN,,NaN
A,GE10,N,E_ITSP2X_ITT2,PC_ENT_CUSE,DK,,NaN,,NaN,,NaN
A,GE10,N,E_ITSP2X_ITT2,PC_ENT_CUSE,EA,,NaN,,NaN,,NaN
A,GE10,N,E_ITSP2X_ITT2,PC_ENT_CUSE,EE,,NaN,,NaN,,NaN
A,GE10,N,E_ITSP2X_ITT2,PC_ENT_CUSE,EL,,NaN,,NaN,,NaN
A,GE10,N,E_ITSP2X_ITT2,PC_ENT_CUSE,ES,,NaN,,NaN,,NaN
A,GE10,N,E_ITSP2X_ITT2,PC_ENT_CUSE,EU15,,NaN,,NaN,,NaN
A,GE10,N,E_ITSP2X_ITT2,PC_ENT_CUSE,EU27_2007,,NaN,,NaN,,NaN
A,GE10,N,E_ITSP2X_ITT2,PC_ENT_CUSE,EU27_2020,,NaN,,NaN,,NaN
A,GE10,N,E_ITSP2X_ITT2,PC_ENT_CUSE,EU28,,NaN,,NaN,,NaN
A,GE10,N,E_ITSP2X_ITT2,PC_ENT_CUSE,FI,,NaN,,NaN,,NaN
A,GE10,N,E_ITSP2X_ITT2,PC_ENT_CUSE,FR,,NaN,,NaN,,NaN
A,GE10,N,E_ITSP2X_ITT2,PC_ENT_CUSE,HR,,NaN,,NaN,,NaN
A,GE10,N,E_ITSP2X_ITT2,PC_ENT_CUSE,HU,,NaN,,NaN,,NaN
A,GE10,N,E_ITSP2X_ITT2,PC_ENT_CUSE,IE,,NaN,,NaN,,NaN
A,GE10,N,E_ITSP2X_ITT2,PC_ENT_CUSE,IT,,NaN,,NaN,,NaN
A,GE10,N,E_ITSP2X_ITT2,PC_ENT_CUSE,LT,,NaN,,NaN,,NaN
A,GE10,N,E_ITSP2X_ITT2,PC_ENT_CUSE,LU,,NaN,,NaN,,NaN
A,GE10,N,E_ITSP2X_ITT2,PC_ENT_CUSE,LV,,NaN,,NaN,,NaN
A,GE10,N,E_ITSP2X_ITT2,PC_ENT_CUSE,ME,,NaN,,NaN,,NaN
A,GE10,N,E_ITSP2X_ITT2,PC_ENT_CUSE,MK,,NaN,,NaN,,NaN
A,GE10,N,E_ITSP2X_ITT2,PC_ENT_CUSE,MT,,NaN,,NaN,,NaN
A,GE10,N,E_ITSP2X_ITT2,PC_ENT_CUSE,NL,,NaN,,NaN,,NaN
A,GE10,N,E_ITSP2X_ITT2,PC_ENT_CUSE,NO,,NaN,,NaN,,NaN
A,GE10,N,E_ITSP2X_ITT2,PC_ENT_CUSE,PL,,NaN,,NaN,,NaN
A,GE10,N,E_ITSP2X_ITT2,PC_ENT_CUSE,PT,,NaN,,NaN,,NaN
A,GE10,N,E_ITSP2X_ITT2,PC_ENT_CUSE,RO,,NaN,,NaN,,NaN
A,GE10,N,E_ITSP2X_ITT2,PC_ENT_CUSE,RS,,NaN,,NaN,,NaN
A,GE10,N,E_ITSP2X_ITT2,PC_ENT_CUSE,SE,,NaN,,NaN,,NaN
A,GE10,N,E_ITSP2X_ITT2,PC_ENT_CUSE,SI,,NaN,,NaN,,NaN
A,GE10,N,E_ITSP2X_ITT2,PC_ENT_CUSE,SK,,NaN,,NaN,,NaN
A,GE10,N,E_ITSP2X_ITT2,PC_ENT_CUSE,TR,,NaN,,NaN,,NaN
A,GE10,N,E_ITSP2X_ITT2,PC_ENT_CUSE,UK,,NaN,,NaN,,NaN
A,GE10,N,E_ITSP2_ITT2,PC_ENT,AL,,NaN,,u,,NaN
A,GE10,N,E_ITSP2_ITT2,PC_ENT,AT,10.54,NaN,6.22,NaN,9.97,NaN
A,GE10,N,E_ITSP2_ITT2,PC_ENT,BA,18.13,NaN,15.33,NaN,20.58,NaN
A,GE10,N,E_ITSP2_ITT2,PC_ENT,BE,18.16,NaN,20.59,NaN,21.66,NaN
A,GE10,N,E_ITSP2_ITT2,PC_ENT,BG,3.64,NaN,6.35,NaN,5.15,NaN
A,GE10,N,E_ITSP2_ITT2,PC_ENT,CY,14.46,NaN,22.77,NaN,22.99,NaN
A,GE10,N,E_ITSP2_ITT2,PC_ENT,CZ,6.89,NaN,9.21,NaN,8.04,NaN
A,GE10,N,E_ITSP2_ITT2,PC_ENT,DE,9.77,NaN,12.56,NaN,10.6,NaN
A,GE10,N,E_ITSP2_ITT2,PC_ENT,DK,17.2,NaN,18.19,NaN,17.42,NaN
A,GE10,N,E_ITSP2_ITT2,PC_ENT,EA,10.53,NaN,11.27,NaN,10.86,NaN
A,GE10,N,E_ITSP2_ITT2,PC_ENT,EE,8.76,NaN,11.21,NaN,9.89,NaN
A,GE10,N,E_ITSP2_ITT2,PC_ENT,EL,,u,12.56,NaN,14.48,NaN
A,GE10,N,E_ITSP2_ITT2,PC_ENT,ES,9.84,NaN,9.93,NaN,8.08,NaN
A,GE10,N,E_ITSP2_ITT2,PC_ENT,EU15,,NaN,,NaN,,NaN
A,GE10,N,E_ITSP2_ITT2,PC_ENT,EU27_2007,,NaN,,NaN,,NaN
A,GE10,N,E_ITSP2_ITT2,PC_ENT,EU27_2020,10.13,NaN,11.22,NaN,11.09,NaN
A,GE10,N,E_ITSP2_ITT2,PC_ENT,EU28,,NaN,,NaN,,NaN
A,GE10,N,E_ITSP2_ITT2,PC_ENT,FI,24.41,NaN,20.29,NaN,25.68,NaN
A,GE10,N,E_ITSP2_ITT2,PC_ENT,FR,10.61,NaN,8.2,b,7.88,NaN
A,GE10,N,E_ITSP2_ITT2,PC_ENT,HR,14.43,NaN,10.74,NaN,11.58,NaN
A,GE10,N,E_ITSP2_ITT2,PC_ENT,HU,8.47,NaN,10.35,NaN,10.4,NaN
A,GE10,N,E_ITSP2_ITT2,PC_ENT,IE,28.61,NaN,20.04,NaN,24.4,NaN
A,GE10,N,E_ITSP2_ITT2,PC_ENT,IT,5.62,NaN,7.48,NaN,8.45,NaN
A,GE10,N,E_ITSP2_ITT2,PC_ENT,LT,11.74,NaN,9.09,NaN,12.85,NaN
A,GE10,N,E_ITSP2_ITT2,PC_ENT,LU,8.75,NaN,16.98,NaN,15.26,NaN
A,GE10,N,E_ITSP2_ITT2,PC_ENT,LV,11.33,NaN,6.96,NaN,8.68,NaN
A,GE10,N,E_ITSP2_ITT2,PC_ENT,ME,,u,,NaN,,NaN
A,GE10,N,E_ITSP2_ITT2,PC_ENT,MK,1.3,NaN,,u,,NaN
A,GE10,N,E_ITSP2_ITT2,PC_ENT,MT,18.36,NaN,26.93,NaN,25.31,NaN
A,GE10,N,E_ITSP2_ITT2,PC_ENT,NL,10.28,NaN,14.89,NaN,14.08,NaN
A,GE10,N,E_ITSP2_ITT2,PC_ENT,NO,9.24,NaN,13.96,NaN,13.43,NaN
A,GE10,N,E_ITSP2_ITT2,PC_ENT,PL,10.37,NaN,16.61,NaN,19.66,NaN
A,GE10,N,E_ITSP2_ITT2,PC_ENT,PT,18.49,NaN,17.33,NaN,15.5,NaN
A,GE10,N,E_ITSP2_ITT2,PC_ENT,RO,2.94,NaN,5.17,NaN,9.38,NaN
A,GE10,N,E_ITSP2_ITT2,PC_ENT,RS,13.08,NaN,8.48,NaN,21.81,NaN
A,GE10,N,E_ITSP2_ITT2,PC_ENT,SE,9.05,NaN,8.37,NaN,8.62,b
A,GE10,N,E_ITSP2_ITT2,PC_ENT,SI,4.67,NaN,9.7,NaN,9.67,NaN
A,GE10,N,E_ITSP2_ITT2,PC_ENT,SK,11.22,NaN,3.61,NaN,10.98,NaN
A,GE10,N,E_ITSP2_ITT2,PC_ENT,TR,6.53,NaN,12.82,NaN,10.48,NaN
A,GE10,N,E_ITSP2_ITT2,PC_ENT,UK,12.5,NaN,,NaN,,NaN
A,GE10,N,E_ITSP2_ITT2,PC_ENT_CUSE,AT,,NaN,,NaN,,NaN
A,GE10,N,E_ITSP2_ITT2,PC_ENT_CUSE,BA,,NaN,,NaN,,NaN
A,GE10,N,E_ITSP2_ITT2,PC_ENT_CUSE,BE,,NaN,,NaN,,NaN
A,GE10,N,E_ITSP2_ITT2,PC_ENT_CUSE,BG,,NaN,,NaN,,NaN
A,GE10,N,E_ITSP2_ITT2,PC_ENT_CUSE,CY,,NaN,,NaN,,NaN
A,GE10,N,E_ITSP2_ITT2,PC_ENT_CUSE,CZ,,NaN,,NaN,,NaN
A,GE10,N,E_ITSP2_ITT2,PC_ENT_CUSE,DE,,NaN,,NaN,,NaN
A,GE10,N,E_ITSP2_ITT2,PC_ENT_CUSE,DK,,NaN,,NaN,,NaN
A,GE10,N,E_ITSP2_ITT2,PC_ENT_CUSE,EA,,NaN,,NaN,,NaN
A,GE10,N,E_ITSP2_ITT2,PC_ENT_CUSE,EE,,NaN,,NaN,,NaN
A,GE10,N,E_ITSP2_ITT2,PC_ENT_CUSE,EL,,NaN,,NaN,,NaN
A,GE10,N,E_ITSP2_ITT2,PC_ENT_CUSE,ES,,NaN,,NaN,,NaN
A,GE10,N,E_ITSP2_ITT2,PC_ENT_CUSE,EU15,,NaN,,NaN,,NaN
A,GE10,N,E_ITSP2_ITT2,PC_ENT_CUSE,EU27_2007,,NaN,,NaN,,NaN
A,GE10,N,E_ITSP2_ITT2,PC_ENT_CUSE,EU27_2020,,NaN,,NaN,,NaN
A,GE10,N,E_ITSP2_ITT2,PC_ENT_CUSE,EU28,,NaN,,NaN,,NaN
A,GE10,N,E_ITSP2_ITT2,PC_ENT_CUSE,FI,,NaN,,NaN,,NaN
A,GE10,N,E_ITSP2_ITT2,PC_ENT_CUSE,FR,,NaN,,NaN,,NaN
A,GE10,N,E_ITSP2_ITT2,PC_ENT_CUSE,HR,,NaN,,NaN,,NaN
A,GE10,N,E_ITSP2_ITT2,PC_ENT_CUSE,HU,,NaN,,NaN,,NaN
A,GE10,N,E_ITSP2_ITT2,PC_ENT_CUSE,IE,,NaN,,NaN,,NaN
A,GE10,N,E_ITSP2_ITT2,PC_ENT_CUSE,IT,,NaN,,NaN,,NaN
A,GE10,N,E_ITSP2_ITT2,PC_ENT_CUSE,LT,,NaN,,NaN,,NaN
A,GE10,N,E_ITSP2_ITT2,PC_ENT_CUSE,LU,,NaN,,NaN,,NaN
A,GE10,N,E_ITSP2_ITT2,PC_ENT_CUSE,LV,,NaN,,NaN,,NaN
A,GE10,N,E_ITSP2_ITT2,PC_ENT_CUSE,ME,,NaN,,NaN,,NaN
A,GE10,N,E_ITSP2_ITT2,PC_ENT_CUSE,MK,,NaN,,NaN,,NaN
A,GE10,N,E_ITSP2_ITT2,PC_ENT_CUSE,MT,,NaN,,NaN,,NaN
A,GE10,N,E_ITSP2_ITT2,PC_ENT_CUSE,NL,,NaN,,NaN,,NaN
A,GE10,N,E_ITSP2_ITT2,PC_ENT_CUSE,NO,,NaN,,NaN,,NaN
A,GE10,N,E_ITSP2_ITT2,PC_ENT_CUSE,PL,,NaN,,NaN,,NaN
A,GE10,N,E_ITSP2_ITT2,PC_ENT_CUSE,PT,,NaN,,NaN,,NaN
A,GE10,N,E_ITSP2_ITT2,PC_ENT_CUSE,RO,,NaN,,NaN,,NaN
A,GE10,N,E_ITSP2_ITT2,PC_ENT_CUSE,RS,,NaN,,NaN,,NaN
A,GE10,N,E_ITSP2_ITT2,PC_ENT_CUSE,SE,,NaN,,NaN,,NaN
A,GE10,N,E_ITSP2_ITT2,PC_ENT_CUSE,SI,,NaN,,NaN,,NaN
A,GE10,N,E_ITSP2_ITT2,PC_ENT_CUSE,SK,,NaN,,NaN,,NaN
A,GE10,N,E_ITSP2_ITT2,PC_ENT_CUSE,TR,,NaN,,NaN,,NaN
A,GE10,N,E_ITSP2_ITT2,PC_ENT_CUSE,UK,,NaN,,NaN,,NaN
A,GE10,N,E_ITSPT2,PC_ENT,AL,,NaN,,u,,NaN
A,GE10,N,E_ITSPT2,PC_ENT,AT,7.91,NaN,7.14,NaN,10.62,NaN
A,GE10,N,E_ITSPT2,PC_ENT,BA,15.04,NaN,13.27,NaN,,u
A,GE10,N,E_ITSPT2,PC_ENT,BE,14.22,NaN,17.16,NaN,17.35,NaN
A,GE10,N,E_ITSPT2,PC_ENT,BG,3.22,NaN,5.22,NaN,4.86,NaN
A,GE10,N,E_ITSPT2,PC_ENT,CY,10.31,NaN,17.02,NaN,16.26,NaN
A,GE10,N,E_ITSPT2,PC_ENT,CZ,6.25,NaN,6.97,NaN,7.37,NaN
A,GE10,N,E_ITSPT2,PC_ENT,DE,8.2,NaN,10.59,NaN,8.95,NaN
A,GE10,N,E_ITSPT2,PC_ENT,DK,15.09,NaN,15.35,NaN,16.25,NaN
A,GE10,N,E_ITSPT2,PC_ENT,EA,8.82,NaN,9.32,NaN,8.95,NaN
A,GE10,N,E_ITSPT2,PC_ENT,EE,5.48,NaN,10.91,NaN,10.78,NaN
A,GE10,N,E_ITSPT2,PC_ENT,EL,,u,11.06,NaN,15.82,NaN
A,GE10,N,E_ITSPT2,PC_ENT,ES,7.98,NaN,7.59,NaN,6.63,NaN
A,GE10,N,E_ITSPT2,PC_ENT,EU15,,NaN,,NaN,,NaN
A,GE10,N,E_ITSPT2,PC_ENT,EU27_2007,,NaN,,NaN,,NaN
A,GE10,N,E_ITSPT2,PC_ENT,EU27_2020,8.37,NaN,9.18,NaN,9.24,NaN
A,GE10,N,E_ITSPT2,PC_ENT,EU28,,NaN,,NaN,,NaN
A,GE10,N,E_ITSPT2,PC_ENT,FI,19.92,NaN,11.77,NaN,21.24,NaN
A,GE10,N,E_ITSPT2,PC_ENT,FR,9.17,NaN,6.7,b,4.61,NaN
A,GE10,N,E_ITSPT2,PC_ENT,HR,8.82,NaN,10.1,NaN,6.24,NaN
A,GE10,N,E_ITSPT2,PC_ENT,HU,5.39,NaN,6.38,NaN,6.82,NaN
A,GE10,N,E_ITSPT2,PC_ENT,IE,17.9,NaN,14.45,NaN,19.31,NaN
A,GE10,N,E_ITSPT2,PC_ENT,IS,,NaN,,NaN,,NaN
A,GE10,N,E_ITSPT2,PC_ENT,IT,5.53,NaN,6.56,NaN,7.85,NaN
A,GE10,N,E_ITSPT2,PC_ENT,LT,6.12,NaN,6.91,NaN,11.3,NaN
A,GE10,N,E_ITSPT2,PC_ENT,LU,7.48,NaN,13.5,NaN,14.36,NaN
A,GE10,N,E_ITSPT2,PC_ENT,LV,8.19,NaN,,u,5.78,NaN
A,GE10,N,E_ITSPT2,PC_ENT,ME,,u,9.26,NaN,,NaN
A,GE10,N,E_ITSPT2,PC_ENT,MK,1.3,NaN,,u,,NaN
A,GE10,N,E_ITSPT2,PC_ENT,MT,14.81,NaN,25.1,NaN,21.3,NaN
A,GE10,N,E_ITSPT2,PC_ENT,NL,9.77,NaN,14.05,NaN,12.7,NaN
A,GE10,N,E_ITSPT2,PC_ENT,NO,12.27,NaN,11.68,NaN,10.95,NaN
A,GE10,N,E_ITSPT2,PC_ENT,PL,7.7,NaN,12.0,NaN,18.32,NaN
A,GE10,N,E_ITSPT2,PC_ENT,PT,14.92,NaN,11.05,NaN,12.06,NaN
A,GE10,N,E_ITSPT2,PC_ENT,RO,2.27,NaN,5.88,NaN,8.03,NaN
A,GE10,N,E_ITSPT2,PC_ENT,RS,12.83,NaN,8.18,NaN,19.99,NaN
A,GE10,N,E_ITSPT2,PC_ENT,SE,6.32,NaN,6.7,NaN,6.7,b
A,GE10,N,E_ITSPT2,PC_ENT,SI,4.36,NaN,7.95,NaN,6.19,NaN
A,GE10,N,E_ITSPT2,PC_ENT,SK,8.83,NaN,2.61,NaN,7.41,NaN
A,GE10,N,E_ITSPT2,PC_ENT,TR,5.4,NaN,9.59,NaN,8.7,NaN
A,GE10,N,E_ITSPT2,PC_ENT,UK,9.31,NaN,,NaN,,NaN
A,GE10,N,E_ITSPT2,PC_ENT_CUSE,AT,,NaN,,NaN,,NaN
A,GE10,N,E_ITSPT2,PC_ENT_CUSE,BA,,NaN,,NaN,,NaN
A,GE10,N,E_ITSPT2,PC_ENT_CUSE,BE,,NaN,,NaN,,NaN
A,GE10,N,E_ITSPT2,PC_ENT_CUSE,BG,,NaN,,NaN,,NaN
A,GE10,N,E_ITSPT2,PC_ENT_CUSE,CY,,NaN,,NaN,,NaN
A,GE10,N,E_ITSPT2,PC_ENT_CUSE,CZ,,NaN,,NaN,,NaN
A,GE10,N,E_ITSPT2,PC_ENT_CUSE,DE,,NaN,,NaN,,NaN
A,GE10,N,E_ITSPT2,PC_ENT_CUSE,DK,,NaN,,NaN,,NaN
A,GE10,N,E_ITSPT2,PC_ENT_CUSE,EA,,NaN,,NaN,,NaN
A,GE10,N,E_ITSPT2,PC_ENT_CUSE,EE,,NaN,,NaN,,NaN
A,GE10,N,E_ITSPT2,PC_ENT_CUSE,EL,,NaN,,NaN,,NaN
A,GE10,N,E_ITSPT2,PC_ENT_CUSE,ES,,NaN,,NaN,,NaN
A,GE10,N,E_ITSPT2,PC_ENT_CUSE,EU15,,NaN,,NaN,,NaN
A,GE10,N,E_ITSPT2,PC_ENT_CUSE,EU27_2007,,NaN,,NaN,,NaN
A,GE10,N,E_ITSPT2,PC_ENT_CUSE,EU27_2020,,NaN,,NaN,,NaN
A,GE10,N,E_ITSPT2,PC_ENT_CUSE,EU28,,NaN,,NaN,,NaN
A,GE10,N,E_ITSPT2,PC_ENT_CUSE,FI,,NaN,,NaN,,NaN
A,GE10,N,E_ITSPT2,PC_ENT_CUSE,FR,,NaN,,NaN,,NaN
A,GE10,N,E_ITSPT2,PC_ENT_CUSE,HR,,NaN,,NaN,,NaN
A,GE10,N,E_ITSPT2,PC_ENT_CUSE,HU,,NaN,,NaN,,NaN
A,GE10,N,E_ITSPT2,PC_ENT_CUSE,IE,,NaN,,NaN,,NaN
A,GE10,N,E_ITSPT2,PC_ENT_CUSE,IS,,NaN,,NaN,,NaN
A,GE10,N,E_ITSPT2,PC_ENT_CUSE,IT,,NaN,,NaN,,NaN
A,GE10,N,E_ITSPT2,PC_ENT_CUSE,LT,,NaN,,NaN,,NaN
A,GE10,N,E_ITSPT2,PC_ENT_CUSE,LU,,NaN,,NaN,,NaN
A,GE10,N,E_ITSPT2,PC_ENT_CUSE,LV,,NaN,,NaN,,NaN
A,GE10,N,E_ITSPT2,PC_ENT_CUSE,ME,,NaN,,NaN,,NaN
A,GE10,N,E_ITSPT2,PC_ENT_CUSE,MK,,NaN,,NaN,,NaN
A,GE10,N,E_ITSPT2,PC_ENT_CUSE,MT,,NaN,,NaN,,NaN
A,GE10,N,E_ITSPT2,PC_ENT_CUSE,NL,,NaN,,NaN,,NaN
A,GE10,N,E_ITSPT2,PC_ENT_CUSE,NO,,NaN,,NaN,,NaN
A,GE10,N,E_ITSPT2,PC_ENT_CUSE,PL,,NaN,,NaN,,NaN
A,GE10,N,E_ITSPT2,PC_ENT_CUSE,PT,,NaN,,NaN,,NaN
A,GE10,N,E_ITSPT2,PC_ENT_CUSE,RO,,NaN,,NaN,,NaN
A,GE10,N,E_ITSPT2,PC_ENT_CUSE,RS,,NaN,,NaN,,NaN
A,GE10,N,E_ITSPT2,PC_ENT_CUSE,SE,,NaN,,NaN,,NaN
A,GE10,N,E_ITSPT2,PC_ENT_CUSE,SI,,NaN,,NaN,,NaN
A,GE10,N,E_ITSPT2,PC_ENT_CUSE,SK,,NaN,,NaN,,NaN
A,GE10,N,E_ITSPT2,PC_ENT_CUSE,TR,,NaN,,NaN,,NaN
A,GE10,N,E_ITSPT2,PC_ENT_CUSE,UK,,NaN,,NaN,,NaN
A,GE10,N,E_ITT2,PC_ENT,AL,,NaN,,u,,NaN
A,GE10,N,E_ITT2,PC_ENT,AT,17.82,NaN,13.52,NaN,16.68,NaN
A,GE10,N,E_ITT2,PC_ENT,BA,18.91,NaN,27.12,NaN,29.97,NaN
A,GE10,N,E_ITT2,PC_ENT,BE,28.57,NaN,27.88,NaN,35.45,NaN
A,GE10,N,E_ITT2,PC_ENT,BG,4.66,NaN,9.69,NaN,5.63,NaN
A,GE10,N,E_ITT2,PC_ENT,CY,21.8,NaN,37.76,NaN,34.32,NaN
A,GE10,N,E_ITT2,PC_ENT,CZ,16.59,NaN,18.22,NaN,19.68,NaN
A,GE10,N,E_ITT2,PC_ENT,DE,19.16,NaN,24.7,NaN,20.44,NaN
A,GE10,N,E_ITT2,PC_ENT,DK,24.21,NaN,27.35,NaN,28.92,NaN
A,GE10,N,E_ITT2,PC_ENT,EA,18.03,NaN,20.85,NaN,20.28,NaN
A,GE10,N,E_ITT2,PC_ENT,EE,16.2,NaN,18.89,NaN,23.2,NaN
A,GE10,N,E_ITT2,PC_ENT,EL,,u,19.23,NaN,24.97,NaN
A,GE10,N,E_ITT2,PC_ENT,ES,17.29,NaN,18.34,NaN,19.48,NaN
A,GE10,N,E_ITT2,PC_ENT,EU15,,NaN,,NaN,,NaN
A,GE10,N,E_ITT2,PC_ENT,EU27_2007,,NaN,,NaN,,NaN
A,GE10,N,E_ITT2,PC_ENT,EU27_2020,17.67,NaN,20.75,NaN,20.65,NaN
A,GE10,N,E_ITT2,PC_ENT,EU28,,NaN,,NaN,,NaN
A,GE10,N,E_ITT2,PC_ENT,FI,37.18,NaN,38.78,NaN,40.22,NaN
A,GE10,N,E_ITT2,PC_ENT,FR,14.23,NaN,13.55,b,15.73,NaN
A,GE10,N,E_ITT2,PC_ENT,HR,23.68,NaN,16.58,NaN,25.01,NaN
A,GE10,N,E_ITT2,PC_ENT,HU,12.89,NaN,16.48,NaN,18.55,NaN
A,GE10,N,E_ITT2,PC_ENT,IE,36.81,NaN,24.85,NaN,28.4,NaN
A,GE10,N,E_ITT2,PC_ENT,IS,,NaN,,NaN,,NaN
A,GE10,N,E_ITT2,PC_ENT,IT,11.96,NaN,19.21,NaN,16.81,NaN
A,GE10,N,E_ITT2,PC_ENT,LT,21.65,NaN,12.73,NaN,16.25,NaN
A,GE10,N,E_ITT2,PC_ENT,LU,11.61,NaN,23.59,NaN,19.96,NaN
A,GE10,N,E_ITT2,PC_ENT,LV,17.87,NaN,14.16,NaN,16.03,NaN
A,GE10,N,E_ITT2,PC_ENT,ME,,u,11.57,NaN,22.42,NaN
A,GE10,N,E_ITT2,PC_ENT,MK,4.0,NaN,7.27,NaN,,NaN
A,GE10,N,E_ITT2,PC_ENT,MT,26.71,NaN,34.95,NaN,34.3,NaN
A,GE10,N,E_ITT2,PC_ENT,NL,17.24,NaN,22.64,NaN,20.64,NaN
A,GE10,N,E_ITT2,PC_ENT,NO,33.75,NaN,31.87,NaN,26.73,NaN
A,GE10,N,E_ITT2,PC_ENT,PL,18.66,NaN,27.26,NaN,30.98,NaN
A,GE10,N,E_ITT2,PC_ENT,PT,32.41,NaN,27.2,NaN,32.82,NaN
A,GE10,N,E_ITT2,PC_ENT,RO,4.19,NaN,9.8,NaN,15.37,NaN
A,GE10,N,E_ITT2,PC_ENT,RS,13.71,NaN,11.78,NaN,37.82,NaN
A,GE10,N,E_ITT2,PC_ENT,SE,27.38,NaN,25.01,NaN,25.74,b
A,GE10,N,E_ITT2,PC_ENT,SI,17.44,NaN,27.52,NaN,22.73,NaN
A,GE10,N,E_ITT2,PC_ENT,SK,14.74,NaN,7.67,NaN,17.5,NaN
A,GE10,N,E_ITT2,PC_ENT,TR,11.5,NaN,19.11,NaN,19.92,NaN
A,GE10,N,E_ITT2,PC_ENT,UK,23.23,NaN,,NaN,,NaN
A,GE10,N,E_ITT2,PC_ENT_CUSE,AT,,NaN,,NaN,,NaN
A,GE10,N,E_ITT2,PC_ENT_CUSE,BA,,NaN,,NaN,,NaN
A,GE10,N,E_ITT2,PC_ENT_CUSE,BE,,NaN,,NaN,,NaN
A,GE10,N,E_ITT2,PC_ENT_CUSE,BG,,NaN,,NaN,,NaN
A,GE10,N,E_ITT2,PC_ENT_CUSE,CY,,NaN,,NaN,,NaN
A,GE10,N,E_ITT2,PC_ENT_CUSE,CZ,,NaN,,NaN,,NaN
A,GE10,N,E_ITT2,PC_ENT_CUSE,DE,,NaN,,NaN,,NaN
A,GE10,N,E_ITT2,PC_ENT_CUSE,DK,,NaN,,NaN,,NaN
A,GE10,N,E_ITT2,PC_ENT_CUSE,EA,,NaN,,NaN,,NaN
A,GE10,N,E_ITT2,PC_ENT_CUSE,EE,,NaN,,NaN,,NaN
A,GE10,N,E_ITT2,PC_ENT_CUSE,EL,,NaN,,NaN,,NaN
A,GE10,N,E_ITT2,PC_ENT_CUSE,ES,,NaN,,NaN,,NaN
A,GE10,N,E_ITT2,PC_ENT_CUSE,EU15,,NaN,,NaN,,NaN
A,GE10,N,E_ITT2,PC_ENT_CUSE,EU27_2007,,NaN,,NaN,,NaN
A,GE10,N,E_ITT2,PC_ENT_CUSE,EU27_2020,,NaN,,NaN,,NaN
A,GE10,N,E_ITT2,PC_ENT_CUSE,EU28,,NaN,,NaN,,NaN
A,GE10,N,E_ITT2,PC_ENT_CUSE,FI,,NaN,,NaN,,NaN
A,GE10,N,E_ITT2,PC_ENT_CUSE,FR,,NaN,,NaN,,NaN
A,GE10,N,E_ITT2,PC_ENT_CUSE,HR,,NaN,,NaN,,NaN
A,GE10,N,E_ITT2,PC_ENT_CUSE,HU,,NaN,,NaN,,NaN
A,GE10,N,E_ITT2,PC_ENT_CUSE,IE,,NaN,,NaN,,NaN
A,GE10,N,E_ITT2,PC_ENT_CUSE,IS,,NaN,,NaN,,NaN
A,GE10,N,E_ITT2,PC_ENT_CUSE,IT,,NaN,,NaN,,NaN
A,GE10,N,E_ITT2,PC_ENT_CUSE,LT,,NaN,,NaN,,NaN
A,GE10,N,E_ITT2,PC_ENT_CUSE,LU,,NaN,,NaN,,NaN
A,GE10,N,E_ITT2,PC_ENT_CUSE,LV,,NaN,,NaN,,NaN
A,GE10,N,E_ITT2,PC_ENT_CUSE,ME,,NaN,,NaN,,NaN
A,GE10,N,E_ITT2,PC_ENT_CUSE,MK,,NaN,,NaN,,NaN
A,GE10,N,E_ITT2,PC_ENT_CUSE,MT,,NaN,,NaN,,NaN
A,GE10,N,E_ITT2,PC_ENT_CUSE,NL,,NaN,,NaN,,NaN
A,GE10,N,E_ITT2,PC_ENT_CUSE,NO,,NaN,,NaN,,NaN
A,GE10,N,E_ITT2,PC_ENT_CUSE,PL,,NaN,,NaN,,NaN
A,GE10,N,E_ITT2,PC_ENT_CUSE,PT,,NaN,,NaN,,NaN
A,GE10,N,E_ITT2,PC_ENT_CUSE,RO,,NaN,,NaN,,NaN
A,GE10,N,E_ITT2,PC_ENT_CUSE,RS,,NaN,,NaN,,NaN
A,GE10,N,E_ITT2,PC_ENT_CUSE,SE,,NaN,,NaN,,NaN
A,GE10,N,E_ITT2,PC_ENT_CUSE,SI,,NaN,,NaN,,NaN
A,GE10,N,E_ITT2,PC_ENT_CUSE,SK,,NaN,,NaN,,NaN
A,GE10,N,E_ITT2,PC_ENT_CUSE,TR,,NaN,,NaN,,NaN
A,GE10,N,E_ITT2,PC_ENT_CUSE,UK,,NaN,,NaN,,NaN
A,GE10,N,E_ITUST2,PC_ENT,AL,,NaN,,u,,NaN
A,GE10,N,E_ITUST2,PC_ENT,AT,15.91,NaN,9.97,NaN,12.91,NaN
A,GE10,N,E_ITUST2,PC_ENT,BA,13.09,NaN,25.66,NaN,23.41,NaN
A,GE10,N,E_ITUST2,PC_ENT,BE,26.55,NaN,22.64,NaN,34.34,NaN
A,GE10,N,E_ITUST2,PC_ENT,BG,3.29,NaN,7.35,NaN,2.83,NaN
A,GE10,N,E_ITUST2,PC_ENT,CY,19.87,NaN,34.23,NaN,32.54,NaN
A,GE10,N,E_ITUST2,PC_ENT,CZ,16.59,NaN,17.38,NaN,17.16,NaN
A,GE10,N,E_ITUST2,PC_ENT,DE,17.29,NaN,22.78,NaN,18.31,NaN
A,GE10,N,E_ITUST2,PC_ENT,DK,18.49,NaN,19.89,NaN,22.54,NaN
A,GE10,N,E_ITUST2,PC_ENT,EA,15.43,NaN,18.69,NaN,17.82,NaN
A,GE10,N,E_ITUST2,PC_ENT,EE,14.92,NaN,15.18,NaN,22.03,NaN
A,GE10,N,E_ITUST2,PC_ENT,EL,,u,13.9,NaN,18.87,NaN
A,GE10,N,E_ITUST2,PC_ENT,ES,14.32,NaN,17.03,NaN,17.76,NaN
A,GE10,N,E_ITUST2,PC_ENT,EU15,,NaN,,NaN,,NaN
A,GE10,N,E_ITUST2,PC_ENT,EU27_2007,,NaN,,NaN,,NaN
A,GE10,N,E_ITUST2,PC_ENT,EU27_2020,15.24,NaN,18.6,NaN,17.95,NaN
A,GE10,N,E_ITUST2,PC_ENT,EU28,,NaN,,NaN,,NaN
A,GE10,N,E_ITUST2,PC_ENT,FI,36.32,NaN,38.08,NaN,33.39,NaN
A,GE10,N,E_ITUST2,PC_ENT,FR,10.7,NaN,12.0,b,14.45,NaN
A,GE10,N,E_ITUST2,PC_ENT,HR,23.21,NaN,16.06,NaN,24.57,NaN
A,GE10,N,E_ITUST2,PC_ENT,HU,10.69,NaN,14.27,NaN,16.55,NaN
A,GE10,N,E_ITUST2,PC_ENT,IE,27.66,NaN,21.05,NaN,19.24,NaN
A,GE10,N,E_ITUST2,PC_ENT,IS,,NaN,,NaN,,NaN
A,GE10,N,E_ITUST2,PC_ENT,IT,9.45,NaN,16.91,NaN,13.49,NaN
A,GE10,N,E_ITUST2,PC_ENT,LT,20.99,NaN,12.0,NaN,13.47,NaN
A,GE10,N,E_ITUST2,PC_ENT,LU,10.44,NaN,23.21,NaN,17.74,NaN
A,GE10,N,E_ITUST2,PC_ENT,LV,15.16,NaN,12.22,NaN,15.48,NaN
A,GE10,N,E_ITUST2,PC_ENT,ME,,u,,NaN,22.42,NaN
A,GE10,N,E_ITUST2,PC_ENT,MK,3.35,NaN,6.63,NaN,,NaN
A,GE10,N,E_ITUST2,PC_ENT,MT,25.36,NaN,29.98,NaN,32.16,NaN
A,GE10,N,E_ITUST2,PC_ENT,NL,14.33,NaN,18.8,NaN,17.47,NaN
A,GE10,N,E_ITUST2,PC_ENT,NO,31.11,NaN,30.12,NaN,25.85,NaN
A,GE10,N,E_ITUST2,PC_ENT,PL,17.33,NaN,25.94,NaN,25.04,NaN
A,GE10,N,E_ITUST2,PC_ENT,PT,29.8,NaN,24.88,NaN,30.97,NaN
A,GE10,N,E_ITUST2,PC_ENT,RO,3.37,NaN,7.29,NaN,11.22,NaN
A,GE10,N,E_ITUST2,PC_ENT,RS,11.22,NaN,11.32,NaN,37.82,NaN
A,GE10,N,E_ITUST2,PC_ENT,SE,25.21,NaN,23.15,NaN,23.53,b
A,GE10,N,E_ITUST2,PC_ENT,SI,15.4,NaN,24.89,NaN,22.18,NaN
A,GE10,N,E_ITUST2,PC_ENT,SK,12.31,NaN,7.27,NaN,14.05,NaN
A,GE10,N,E_ITUST2,PC_ENT,TR,9.66,NaN,17.59,NaN,18.35,NaN
A,GE10,N,E_ITUST2,PC_ENT,UK,18.51,NaN,,NaN,,NaN
A,GE10,N,E_ITUST2,PC_ENT_CUSE,AT,,NaN,,NaN,,NaN
A,GE10,N,E_ITUST2,PC_ENT_CUSE,BA,,NaN,,NaN,,NaN
A,GE10,N,E_ITUST2,PC_ENT_CUSE,BE,,NaN,,NaN,,NaN
A,GE10,N,E_ITUST2,PC_ENT_CUSE,BG,,NaN,,NaN,,NaN
A,GE10,N,E_ITUST2,PC_ENT_CUSE,CY,,NaN,,NaN,,NaN
A,GE10,N,E_ITUST2,PC_ENT_CUSE,CZ,,NaN,,NaN,,NaN
A,GE10,N,E_ITUST2,PC_ENT_CUSE,DE,,NaN,,NaN,,NaN
A,GE10,N,E_ITUST2,PC_ENT_CUSE,DK,,NaN,,NaN,,NaN
A,GE10,N,E_ITUST2,PC_ENT_CUSE,EA,,NaN,,NaN,,NaN
A,GE10,N,E_ITUST2,PC_ENT_CUSE,EE,,NaN,,NaN,,NaN
A,GE10,N,E_ITUST2,PC_ENT_CUSE,EL,,NaN,,NaN,,NaN
A,GE10,N,E_ITUST2,PC_ENT_CUSE,ES,,NaN,,NaN,,NaN
A,GE10,N,E_ITUST2,PC_ENT_CUSE,EU15,,NaN,,NaN,,NaN
A,GE10,N,E_ITUST2,PC_ENT_CUSE,EU27_2007,,NaN,,NaN,,NaN
A,GE10,N,E_ITUST2,PC_ENT_CUSE,EU27_2020,,NaN,,NaN,,NaN
A,GE10,N,E_ITUST2,PC_ENT_CUSE,EU28,,NaN,,NaN,,NaN
A,GE10,N,E_ITUST2,PC_ENT_CUSE,FI,,NaN,,NaN,,NaN
A,GE10,N,E_ITUST2,PC_ENT_CUSE,FR,,NaN,,NaN,,NaN
A,GE10,N,E_ITUST2,PC_ENT_CUSE,HR,,NaN,,NaN,,NaN
A,GE10,N,E_ITUST2,PC_ENT_CUSE,HU,,NaN,,NaN,,NaN
A,GE10,N,E_ITUST2,PC_ENT_CUSE,IE,,NaN,,NaN,,NaN
A,GE10,N,E_ITUST2,PC_ENT_CUSE,IS,,NaN,,NaN,,NaN
A,GE10,N,E_ITUST2,PC_ENT_CUSE,IT,,NaN,,NaN,,NaN
A,GE10,N,E_ITUST2,PC_ENT_CUSE,LT,,NaN,,NaN,,NaN
A,GE10,N,E_ITUST2,PC_ENT_CUSE,LU,,NaN,,NaN,,NaN
A,GE10,N,E_ITUST2,PC_ENT_CUSE,LV,,NaN,,NaN,,NaN
A,GE10,N,E_ITUST2,PC_ENT_CUSE,ME,,NaN,,NaN,,NaN
A,GE10,N,E_ITUST2,PC_ENT_CUSE,MK,,NaN,,NaN,,NaN
A,GE10,N,E_ITUST2,PC_ENT_CUSE,MT,,NaN,,NaN,,NaN
A,GE10,N,E_ITUST2,PC_ENT_CUSE,NL,,NaN,,NaN,,NaN
A,GE10,N,E_ITUST2,PC_ENT_CUSE,NO,,NaN,,NaN,,NaN
A,GE10,N,E_ITUST2,PC_ENT_CUSE,PL,,NaN,,NaN,,NaN
A,GE10,N,E_ITUST2,PC_ENT_CUSE,PT,,NaN,,NaN,,NaN
A,GE10,N,E_ITUST2,PC_ENT_CUSE,RO,,NaN,,NaN,,NaN
A,GE10,N,E_ITUST2,PC_ENT_CUSE,RS,,NaN,,NaN,,NaN
A,GE10,N,E_ITUST2,PC_ENT_CUSE,SE,,NaN,,NaN,,NaN
A,GE10,N,E_ITUST2,PC_ENT_CUSE,SI,,NaN,,NaN,,NaN
A,GE10,N,E_ITUST2,PC_ENT_CUSE,SK,,NaN,,NaN,,NaN
A,GE10,N,E_ITUST2,PC_ENT_CUSE,TR,,NaN,,NaN,,NaN
A,GE10,N,E_ITUST2,PC_ENT_CUSE,UK,,NaN,,NaN,,NaN
A,GE10,N77-N82_X_N79,E_ITSP2X_ITT2,PC_ENT,AT,6.72,NaN,4.83,NaN,5.3,NaN
A,GE10,N77-N82_X_N79,E_ITSP2X_ITT2,PC_ENT,BA,0.0,NaN,12.19,NaN,,u
A,GE10,N77-N82_X_N79,E_ITSP2X_ITT2,PC_ENT,BE,10.11,NaN,7.55,NaN,13.53,NaN
A,GE10,N77-N82_X_N79,E_ITSP2X_ITT2,PC_ENT,BG,,u,3.47,NaN,,u
A,GE10,N77-N82_X_N79,E_ITSP2X_ITT2,PC_ENT,CY,5.79,NaN,15.82,NaN,10.72,NaN
A,GE10,N77-N82_X_N79,E_ITSP2X_ITT2,PC_ENT,CZ,9.25,NaN,8.9,NaN,11.24,NaN
A,GE10,N77-N82_X_N79,E_ITSP2X_ITT2,PC_ENT,DE,9.11,NaN,11.79,NaN,9.5,NaN
A,GE10,N77-N82_X_N79,E_ITSP2X_ITT2,PC_ENT,DK,7.21,NaN,9.44,NaN,10.54,NaN
A,GE10,N77-N82_X_N79,E_ITSP2X_ITT2,PC_ENT,EA,6.84,NaN,9.28,NaN,9.09,NaN
A,GE10,N77-N82_X_N79,E_ITSP2X_ITT2,PC_ENT,EE,7.96,NaN,7.43,NaN,13.0,NaN
A,GE10,N77-N82_X_N79,E_ITSP2X_ITT2,PC_ENT,EL,,u,6.31,NaN,6.48,NaN
A,GE10,N77-N82_X_N79,E_ITSP2X_ITT2,PC_ENT,ES,7.63,NaN,7.97,NaN,11.48,NaN
A,GE10,N77-N82_X_N79,E_ITSP2X_ITT2,PC_ENT,EU15,,NaN,,NaN,,NaN
A,GE10,N77-N82_X_N79,E_ITSP2X_ITT2,PC_ENT,EU27_2007,,NaN,,NaN,,NaN
A,GE10,N77-N82_X_N79,E_ITSP2X_ITT2,PC_ENT,EU27_2020,6.94,NaN,9.24,NaN,9.27,NaN
A,GE10,N77-N82_X_N79,E_ITSP2X_ITT2,PC_ENT,EU28,,NaN,,NaN,,NaN
A,GE10,N77-N82_X_N79,E_ITSP2X_ITT2,PC_ENT,FI,,u,,u,,u
A,GE10,N77-N82_X_N79,E_ITSP2X_ITT2,PC_ENT,FR,3.62,NaN,5.32,b,7.8,NaN
A,GE10,N77-N82_X_N79,E_ITSP2X_ITT2,PC_ENT,HR,6.55,NaN,5.89,NaN,15.22,NaN
A,GE10,N77-N82_X_N79,E_ITSP2X_ITT2,PC_ENT,HU,4.34,NaN,6.09,NaN,8.09,NaN
A,GE10,N77-N82_X_N79,E_ITSP2X_ITT2,PC_ENT,IE,7.93,NaN,4.59,NaN,3.26,NaN
A,GE10,N77-N82_X_N79,E_ITSP2X_ITT2,PC_ENT,IT,5.63,NaN,11.22,NaN,7.97,NaN
A,GE10,N77-N82_X_N79,E_ITSP2X_ITT2,PC_ENT,LT,10.58,NaN,3.86,NaN,1.49,NaN
A,GE10,N77-N82_X_N79,E_ITSP2X_ITT2,PC_ENT,LU,,u,,u,,u
A,GE10,N77-N82_X_N79,E_ITSP2X_ITT2,PC_ENT,LV,6.24,NaN,7.2,NaN,6.9,NaN
A,GE10,N77-N82_X_N79,E_ITSP2X_ITT2,PC_ENT,ME,,u,,NaN,,NaN
A,GE10,N77-N82_X_N79,E_ITSP2X_ITT2,PC_ENT,MK,2.91,NaN,,u,,NaN
A,GE10,N77-N82_X_N79,E_ITSP2X_ITT2,PC_ENT,MT,7.6,NaN,8.44,NaN,9.37,NaN
A,GE10,N77-N82_X_N79,E_ITSP2X_ITT2,PC_ENT,NL,0.46,NaN,7.72,NaN,6.45,NaN
A,GE10,N77-N82_X_N79,E_ITSP2X_ITT2,PC_ENT,NO,21.91,NaN,18.65,NaN,13.96,NaN
A,GE10,N77-N82_X_N79,E_ITSP2X_ITT2,PC_ENT,PL,8.3,NaN,10.69,NaN,11.13,NaN
A,GE10,N77-N82_X_N79,E_ITSP2X_ITT2,PC_ENT,PT,13.38,NaN,9.84,NaN,17.3,NaN
A,GE10,N77-N82_X_N79,E_ITSP2X_ITT2,PC_ENT,RO,1.09,NaN,3.3,NaN,6.21,NaN
A,GE10,N77-N82_X_N79,E_ITSP2X_ITT2,PC_ENT,RS,0.29,NaN,2.03,NaN,14.43,NaN
A,GE10,N77-N82_X_N79,E_ITSP2X_ITT2,PC_ENT,SE,17.74,NaN,16.46,NaN,17.11,b
A,GE10,N77-N82_X_N79,E_ITSP2X_ITT2,PC_ENT,SI,13.48,NaN,17.85,NaN,13.16,NaN
A,GE10,N77-N82_X_N79,E_ITSP2X_ITT2,PC_ENT,SK,3.43,NaN,3.96,NaN,6.29,NaN
A,GE10,N77-N82_X_N79,E_ITSP2X_ITT2,PC_ENT,TR,4.9,NaN,6.04,NaN,9.05,NaN
A,GE10,N77-N82_X_N79,E_ITSP2X_ITT2,PC_ENT,UK,10.67,NaN,,NaN,,NaN
A,GE10,N77-N82_X_N79,E_ITSP2X_ITT2,PC_ENT_CUSE,AT,,NaN,,NaN,,NaN
A,GE10,N77-N82_X_N79,E_ITSP2X_ITT2,PC_ENT_CUSE,BA,,NaN,,NaN,,NaN
A,GE10,N77-N82_X_N79,E_ITSP2X_ITT2,PC_ENT_CUSE,BE,,NaN,,NaN,,NaN
A,GE10,N77-N82_X_N79,E_ITSP2X_ITT2,PC_ENT_CUSE,BG,,NaN,,NaN,,NaN
A,GE10,N77-N82_X_N79,E_ITSP2X_ITT2,PC_ENT_CUSE,CY,,NaN,,NaN,,NaN
A,GE10,N77-N82_X_N79,E_ITSP2X_ITT2,PC_ENT_CUSE,CZ,,NaN,,NaN,,NaN
A,GE10,N77-N82_X_N79,E_ITSP2X_ITT2,PC_ENT_CUSE,DE,,NaN,,NaN,,NaN
A,GE10,N77-N82_X_N79,E_ITSP2X_ITT2,PC_ENT_CUSE,DK,,NaN,,NaN,,NaN
A,GE10,N77-N82_X_N79,E_ITSP2X_ITT2,PC_ENT_CUSE,EA,,NaN,,NaN,,NaN
A,GE10,N77-N82_X_N79,E_ITSP2X_ITT2,PC_ENT_CUSE,EE,,NaN,,NaN,,NaN
A,GE10,N77-N82_X_N79,E_ITSP2X_ITT2,PC_ENT_CUSE,EL,,NaN,,NaN,,NaN
A,GE10,N77-N82_X_N79,E_ITSP2X_ITT2,PC_ENT_CUSE,ES,,NaN,,NaN,,NaN
A,GE10,N77-N82_X_N79,E_ITSP2X_ITT2,PC_ENT_CUSE,EU15,,NaN,,NaN,,NaN
A,GE10,N77-N82_X_N79,E_ITSP2X_ITT2,PC_ENT_CUSE,EU27_2007,,NaN,,NaN,,NaN
A,GE10,N77-N82_X_N79,E_ITSP2X_ITT2,PC_ENT_CUSE,EU27_2020,,NaN,,NaN,,NaN
A,GE10,N77-N82_X_N79,E_ITSP2X_ITT2,PC_ENT_CUSE,EU28,,NaN,,NaN,,NaN
A,GE10,N77-N82_X_N79,E_ITSP2X_ITT2,PC_ENT_CUSE,FI,,NaN,,NaN,,NaN
A,GE10,N77-N82_X_N79,E_ITSP2X_ITT2,PC_ENT_CUSE,FR,,NaN,,NaN,,NaN
A,GE10,N77-N82_X_N79,E_ITSP2X_ITT2,PC_ENT_CUSE,HR,,NaN,,NaN,,NaN
A,GE10,N77-N82_X_N79,E_ITSP2X_ITT2,PC_ENT_CUSE,HU,,NaN,,NaN,,NaN
A,GE10,N77-N82_X_N79,E_ITSP2X_ITT2,PC_ENT_CUSE,IE,,NaN,,NaN,,NaN
A,GE10,N77-N82_X_N79,E_ITSP2X_ITT2,PC_ENT_CUSE,IT,,NaN,,NaN,,NaN
A,GE10,N77-N82_X_N79,E_ITSP2X_ITT2,PC_ENT_CUSE,LT,,NaN,,NaN,,NaN
A,GE10,N77-N82_X_N79,E_ITSP2X_ITT2,PC_ENT_CUSE,LU,,NaN,,NaN,,NaN
A,GE10,N77-N82_X_N79,E_ITSP2X_ITT2,PC_ENT_CUSE,LV,,NaN,,NaN,,NaN
A,GE10,N77-N82_X_N79,E_ITSP2X_ITT2,PC_ENT_CUSE,ME,,NaN,,NaN,,NaN
A,GE10,N77-N82_X_N79,E_ITSP2X_ITT2,PC_ENT_CUSE,MK,,NaN,,NaN,,NaN
A,GE10,N77-N82_X_N79,E_ITSP2X_ITT2,PC_ENT_CUSE,MT,,NaN,,NaN,,NaN
A,GE10,N77-N82_X_N79,E_ITSP2X_ITT2,PC_ENT_CUSE,NL,,NaN,,NaN,,NaN
A,GE10,N77-N82_X_N79,E_ITSP2X_ITT2,PC_ENT_CUSE,NO,,NaN,,NaN,,NaN
A,GE10,N77-N82_X_N79,E_ITSP2X_ITT2,PC_ENT_CUSE,PL,,NaN,,NaN,,NaN
A,GE10,N77-N82_X_N79,E_ITSP2X_ITT2,PC_ENT_CUSE,PT,,NaN,,NaN,,NaN
A,GE10,N77-N82_X_N79,E_ITSP2X_ITT2,PC_ENT_CUSE,RO,,NaN,,NaN,,NaN
A,GE10,N77-N82_X_N79,E_ITSP2X_ITT2,PC_ENT_CUSE,RS,,NaN,,NaN,,NaN
A,GE10,N77-N82_X_N79,E_ITSP2X_ITT2,PC_ENT_CUSE,SE,,NaN,,NaN,,NaN
A,GE10,N77-N82_X_N79,E_ITSP2X_ITT2,PC_ENT_CUSE,SI,,NaN,,NaN,,NaN
A,GE10,N77-N82_X_N79,E_ITSP2X_ITT2,PC_ENT_CUSE,SK,,NaN,,NaN,,NaN
A,GE10,N77-N82_X_N79,E_ITSP2X_ITT2,PC_ENT_CUSE,TR,,NaN,,NaN,,NaN
A,GE10,N77-N82_X_N79,E_ITSP2X_ITT2,PC_ENT_CUSE,UK,,NaN,,NaN,,NaN
A,GE10,N77-N82_X_N79,E_ITSP2_ITT2,PC_ENT,AT,9.28,NaN,6.13,NaN,9.56,NaN
A,GE10,N77-N82_X_N79,E_ITSP2_ITT2,PC_ENT,BA,20.01,NaN,16.0,NaN,,u
A,GE10,N77-N82_X_N79,E_ITSP2_ITT2,PC_ENT,BE,17.94,NaN,18.93,NaN,21.97,NaN
A,GE10,N77-N82_X_N79,E_ITSP2_ITT2,PC_ENT,BG,3.9,NaN,6.6,NaN,5.22,NaN
A,GE10,N77-N82_X_N79,E_ITSP2_ITT2,PC_ENT,CY,13.75,NaN,24.06,NaN,23.18,NaN
A,GE10,N77-N82_X_N79,E_ITSP2_ITT2,PC_ENT,CZ,6.56,NaN,9.01,NaN,7.78,NaN
A,GE10,N77-N82_X_N79,E_ITSP2_ITT2,PC_ENT,DE,9.61,NaN,12.53,NaN,10.49,NaN
A,GE10,N77-N82_X_N79,E_ITSP2_ITT2,PC_ENT,DK,15.78,NaN,17.31,NaN,16.6,NaN
A,GE10,N77-N82_X_N79,E_ITSP2_ITT2,PC_ENT,EA,9.94,NaN,10.88,NaN,10.46,NaN
A,GE10,N77-N82_X_N79,E_ITSP2_ITT2,PC_ENT,EE,7.81,NaN,11.16,NaN,8.61,NaN
A,GE10,N77-N82_X_N79,E_ITSP2_ITT2,PC_ENT,EL,,u,13.43,NaN,14.14,NaN
A,GE10,N77-N82_X_N79,E_ITSP2_ITT2,PC_ENT,ES,9.37,NaN,9.24,NaN,7.43,NaN
A,GE10,N77-N82_X_N79,E_ITSP2_ITT2,PC_ENT,EU15,,NaN,,NaN,,NaN
A,GE10,N77-N82_X_N79,E_ITSP2_ITT2,PC_ENT,EU27_2007,,NaN,,NaN,,NaN
A,GE10,N77-N82_X_N79,E_ITSP2_ITT2,PC_ENT,EU27_2020,9.58,NaN,10.84,NaN,10.67,NaN
A,GE10,N77-N82_X_N79,E_ITSP2_ITT2,PC_ENT,EU28,,NaN,,NaN,,NaN
A,GE10,N77-N82_X_N79,E_ITSP2_ITT2,PC_ENT,FI,,u,,u,,u
A,GE10,N77-N82_X_N79,E_ITSP2_ITT2,PC_ENT,FR,9.05,NaN,6.95,b,6.95,NaN
A,GE10,N77-N82_X_N79,E_ITSP2_ITT2,PC_ENT,HR,13.45,NaN,10.41,NaN,12.38,NaN
A,GE10,N77-N82_X_N79,E_ITSP2_ITT2,PC_ENT,HU,7.98,NaN,9.97,NaN,10.12,NaN
A,GE10,N77-N82_X_N79,E_ITSP2_ITT2,PC_ENT,IE,29.12,NaN,20.86,NaN,22.56,NaN
A,GE10,N77-N82_X_N79,E_ITSP2_ITT2,PC_ENT,IT,5.36,NaN,7.36,NaN,8.45,NaN
A,GE10,N77-N82_X_N79,E_ITSP2_ITT2,PC_ENT,LT,11.86,NaN,8.69,NaN,12.54,NaN
A,GE10,N77-N82_X_N79,E_ITSP2_ITT2,PC_ENT,LU,,u,,u,,u
A,GE10,N77-N82_X_N79,E_ITSP2_ITT2,PC_ENT,LV,11.18,NaN,6.11,NaN,7.75,NaN
A,GE10,N77-N82_X_N79,E_ITSP2_ITT2,PC_ENT,ME,,u,,NaN,,NaN
A,GE10,N77-N82_X_N79,E_ITSP2_ITT2,PC_ENT,MK,1.4,NaN,,u,,NaN
A,GE10,N77-N82_X_N79,E_ITSP2_ITT2,PC_ENT,MT,18.55,NaN,25.78,NaN,24.57,NaN
A,GE10,N77-N82_X_N79,E_ITSP2_ITT2,PC_ENT,NL,9.76,NaN,14.55,NaN,13.6,NaN
A,GE10,N77-N82_X_N79,E_ITSP2_ITT2,PC_ENT,NO,9.43,NaN,13.45,NaN,13.4,NaN
A,GE10,N77-N82_X_N79,E_ITSP2_ITT2,PC_ENT,PL,9.96,NaN,16.2,NaN,18.72,NaN
A,GE10,N77-N82_X_N79,E_ITSP2_ITT2,PC_ENT,PT,16.35,NaN,16.7,NaN,14.64,NaN
A,GE10,N77-N82_X_N79,E_ITSP2_ITT2,PC_ENT,RO,3.0,NaN,4.92,NaN,9.33,NaN
A,GE10,N77-N82_X_N79,E_ITSP2_ITT2,PC_ENT,RS,13.78,NaN,9.13,NaN,22.17,NaN
A,GE10,N77-N82_X_N79,E_ITSP2_ITT2,PC_ENT,SE,8.5,NaN,8.0,NaN,8.0,b
A,GE10,N77-N82_X_N79,E_ITSP2_ITT2,PC_ENT,SI,4.05,NaN,9.83,NaN,8.28,NaN
A,GE10,N77-N82_X_N79,E_ITSP2_ITT2,PC_ENT,SK,10.8,NaN,3.6,NaN,10.77,NaN
A,GE10,N77-N82_X_N79,E_ITSP2_ITT2,PC_ENT,TR,5.58,NaN,12.03,NaN,9.34,NaN
A,GE10,N77-N82_X_N79,E_ITSP2_ITT2,PC_ENT,UK,11.81,NaN,,NaN,,NaN
A,GE10,N77-N82_X_N79,E_ITSP2_ITT2,PC_ENT_CUSE,AT,,NaN,,NaN,,NaN
A,GE10,N77-N82_X_N79,E_ITSP2_ITT2,PC_ENT_CUSE,BA,,NaN,,NaN,,NaN
A,GE10,N77-N82_X_N79,E_ITSP2_ITT2,PC_ENT_CUSE,BE,,NaN,,NaN,,NaN
A,GE10,N77-N82_X_N79,E_ITSP2_ITT2,PC_ENT_CUSE,BG,,NaN,,NaN,,NaN
A,GE10,N77-N82_X_N79,E_ITSP2_ITT2,PC_ENT_CUSE,CY,,NaN,,NaN,,NaN
A,GE10,N77-N82_X_N79,E_ITSP2_ITT2,PC_ENT_CUSE,CZ,,NaN,,NaN,,NaN
A,GE10,N77-N82_X_N79,E_ITSP2_ITT2,PC_ENT_CUSE,DE,,NaN,,NaN,,NaN
A,GE10,N77-N82_X_N79,E_ITSP2_ITT2,PC_ENT_CUSE,DK,,NaN,,NaN,,NaN
A,GE10,N77-N82_X_N79,E_ITSP2_ITT2,PC_ENT_CUSE,EA,,NaN,,NaN,,NaN
A,GE10,N77-N82_X_N79,E_ITSP2_ITT2,PC_ENT_CUSE,EE,,NaN,,NaN,,NaN
A,GE10,N77-N82_X_N79,E_ITSP2_ITT2,PC_ENT_CUSE,EL,,NaN,,NaN,,NaN
A,GE10,N77-N82_X_N79,E_ITSP2_ITT2,PC_ENT_CUSE,ES,,NaN,,NaN,,NaN
A,GE10,N77-N82_X_N79,E_ITSP2_ITT2,PC_ENT_CUSE,EU15,,NaN,,NaN,,NaN
A,GE10,N77-N82_X_N79,E_ITSP2_ITT2,PC_ENT_CUSE,EU27_2007,,NaN,,NaN,,NaN
A,GE10,N77-N82_X_N79,E_ITSP2_ITT2,PC_ENT_CUSE,EU27_2020,,NaN,,NaN,,NaN
A,GE10,N77-N82_X_N79,E_ITSP2_ITT2,PC_ENT_CUSE,EU28,,NaN,,NaN,,NaN
A,GE10,N77-N82_X_N79,E_ITSP2_ITT2,PC_ENT_CUSE,FI,,NaN,,NaN,,NaN
A,GE10,N77-N82_X_N79,E_ITSP2_ITT2,PC_ENT_CUSE,FR,,NaN,,NaN,,NaN
A,GE10,N77-N82_X_N79,E_ITSP2_ITT2,PC_ENT_CUSE,HR,,NaN,,NaN,,NaN
A,GE10,N77-N82_X_N79,E_ITSP2_ITT2,PC_ENT_CUSE,HU,,NaN,,NaN,,NaN
A,GE10,N77-N82_X_N79,E_ITSP2_ITT2,PC_ENT_CUSE,IE,,NaN,,NaN,,NaN
A,GE10,N77-N82_X_N79,E_ITSP2_ITT2,PC_ENT_CUSE,IT,,NaN,,NaN,,NaN
A,GE10,N77-N82_X_N79,E_ITSP2_ITT2,PC_ENT_CUSE,LT,,NaN,,NaN,,NaN
A,GE10,N77-N82_X_N79,E_ITSP2_ITT2,PC_ENT_CUSE,LU,,NaN,,NaN,,NaN
A,GE10,N77-N82_X_N79,E_ITSP2_ITT2,PC_ENT_CUSE,LV,,NaN,,NaN,,NaN
A,GE10,N77-N82_X_N79,E_ITSP2_ITT2,PC_ENT_CUSE,ME,,NaN,,NaN,,NaN
A,GE10,N77-N82_X_N79,E_ITSP2_ITT2,PC_ENT_CUSE,MK,,NaN,,NaN,,NaN
A,GE10,N77-N82_X_N79,E_ITSP2_ITT2,PC_ENT_CUSE,MT,,NaN,,NaN,,NaN
A,GE10,N77-N82_X_N79,E_ITSP2_ITT2,PC_ENT_CUSE,NL,,NaN,,NaN,,NaN
A,GE10,N77-N82_X_N79,E_ITSP2_ITT2,PC_ENT_CUSE,NO,,NaN,,NaN,,NaN
A,GE10,N77-N82_X_N79,E_ITSP2_ITT2,PC_ENT_CUSE,PL,,NaN,,NaN,,NaN
A,GE10,N77-N82_X_N79,E_ITSP2_ITT2,PC_ENT_CUSE,PT,,NaN,,NaN,,NaN
A,GE10,N77-N82_X_N79,E_ITSP2_ITT2,PC_ENT_CUSE,RO,,NaN,,NaN,,NaN
A,GE10,N77-N82_X_N79,E_ITSP2_ITT2,PC_ENT_CUSE,RS,,NaN,,NaN,,NaN
A,GE10,N77-N82_X_N79,E_ITSP2_ITT2,PC_ENT_CUSE,SE,,NaN,,NaN,,NaN
A,GE10,N77-N82_X_N79,E_ITSP2_ITT2,PC_ENT_CUSE,SI,,NaN,,NaN,,NaN
A,GE10,N77-N82_X_N79,E_ITSP2_ITT2,PC_ENT_CUSE,SK,,NaN,,NaN,,NaN
A,GE10,N77-N82_X_N79,E_ITSP2_ITT2,PC_ENT_CUSE,TR,,NaN,,NaN,,NaN
A,GE10,N77-N82_X_N79,E_ITSP2_ITT2,PC_ENT_CUSE,UK,,NaN,,NaN,,NaN
A,GE10,N77-N82_X_N79,E_ITSPT2,PC_ENT,AT,6.43,NaN,7.24,NaN,10.35,NaN
A,GE10,N77-N82_X_N79,E_ITSPT2,PC_ENT,BA,16.6,NaN,13.78,NaN,,u
A,GE10,N77-N82_X_N79,E_ITSPT2,PC_ENT,BE,13.82,NaN,15.43,NaN,17.48,NaN
A,GE10,N77-N82_X_N79,E_ITSPT2,PC_ENT,BG,3.43,NaN,5.61,NaN,5.13,NaN
A,GE10,N77-N82_X_N79,E_ITSPT2,PC_ENT,CY,9.62,NaN,17.36,NaN,16.46,NaN
A,GE10,N77-N82_X_N79,E_ITSPT2,PC_ENT,CZ,6.02,NaN,6.8,NaN,7.11,NaN
A,GE10,N77-N82_X_N79,E_ITSPT2,PC_ENT,DE,8.12,NaN,10.53,NaN,8.87,NaN
A,GE10,N77-N82_X_N79,E_ITSPT2,PC_ENT,DK,13.96,NaN,14.78,NaN,15.36,NaN
A,GE10,N77-N82_X_N79,E_ITSPT2,PC_ENT,EA,8.29,NaN,8.96,NaN,8.56,NaN
A,GE10,N77-N82_X_N79,E_ITSPT2,PC_ENT,EE,4.56,NaN,11.11,NaN,10.12,NaN
A,GE10,N77-N82_X_N79,E_ITSPT2,PC_ENT,EL,,u,11.53,NaN,15.36,NaN
A,GE10,N77-N82_X_N79,E_ITSPT2,PC_ENT,ES,7.52,NaN,7.07,NaN,6.13,NaN
A,GE10,N77-N82_X_N79,E_ITSPT2,PC_ENT,EU15,,NaN,,NaN,,NaN
A,GE10,N77-N82_X_N79,E_ITSPT2,PC_ENT,EU27_2007,,NaN,,NaN,,NaN
A,GE10,N77-N82_X_N79,E_ITSPT2,PC_ENT,EU27_2020,7.89,NaN,8.85,NaN,8.84,NaN
A,GE10,N77-N82_X_N79,E_ITSPT2,PC_ENT,EU28,,NaN,,NaN,,NaN
A,GE10,N77-N82_X_N79,E_ITSPT2,PC_ENT,FI,,u,,u,,u
A,GE10,N77-N82_X_N79,E_ITSPT2,PC_ENT,FR,7.76,NaN,5.49,b,3.68,NaN
A,GE10,N77-N82_X_N79,E_ITSPT2,PC_ENT,HR,9.55,NaN,9.97,NaN,6.23,NaN
A,GE10,N77-N82_X_N79,E_ITSPT2,PC_ENT,HU,5.26,NaN,6.1,NaN,6.63,NaN
A,GE10,N77-N82_X_N79,E_ITSPT2,PC_ENT,IE,18.47,NaN,15.18,NaN,17.09,NaN
A,GE10,N77-N82_X_N79,E_ITSPT2,PC_ENT,IS,,NaN,,NaN,,NaN
A,GE10,N77-N82_X_N79,E_ITSPT2,PC_ENT,IT,5.04,NaN,6.51,NaN,7.82,NaN
A,GE10,N77-N82_X_N79,E_ITSPT2,PC_ENT,LT,5.84,NaN,6.76,NaN,11.55,NaN
A,GE10,N77-N82_X_N79,E_ITSPT2,PC_ENT,LU,,u,,u,,u
A,GE10,N77-N82_X_N79,E_ITSPT2,PC_ENT,LV,8.35,NaN,,u,4.86,NaN
A,GE10,N77-N82_X_N79,E_ITSPT2,PC_ENT,ME,,u,12.35,NaN,,NaN
A,GE10,N77-N82_X_N79,E_ITSPT2,PC_ENT,MK,1.4,NaN,,u,,NaN
A,GE10,N77-N82_X_N79,E_ITSPT2,PC_ENT,MT,14.94,NaN,25.38,NaN,21.69,NaN
A,GE10,N77-N82_X_N79,E_ITSPT2,PC_ENT,NL,9.3,NaN,13.82,NaN,12.2,NaN
A,GE10,N77-N82_X_N79,E_ITSPT2,PC_ENT,NO,11.43,NaN,11.01,NaN,11.05,NaN
A,GE10,N77-N82_X_N79,E_ITSPT2,PC_ENT,PL,7.39,NaN,11.76,NaN,17.53,NaN
A,GE10,N77-N82_X_N79,E_ITSPT2,PC_ENT,PT,13.33,NaN,10.51,NaN,10.98,NaN
A,GE10,N77-N82_X_N79,E_ITSPT2,PC_ENT,RO,2.37,NaN,5.41,NaN,7.96,NaN
A,GE10,N77-N82_X_N79,E_ITSPT2,PC_ENT,RS,13.5,NaN,8.81,NaN,21.23,NaN
A,GE10,N77-N82_X_N79,E_ITSPT2,PC_ENT,SE,5.88,NaN,6.35,NaN,6.08,b
A,GE10,N77-N82_X_N79,E_ITSPT2,PC_ENT,SI,4.05,NaN,8.35,NaN,5.3,NaN
A,GE10,N77-N82_X_N79,E_ITSPT2,PC_ENT,SK,8.64,NaN,2.58,NaN,7.31,NaN
A,GE10,N77-N82_X_N79,E_ITSPT2,PC_ENT,TR,4.36,NaN,9.24,NaN,8.29,NaN
A,GE10,N77-N82_X_N79,E_ITSPT2,PC_ENT,UK,8.95,NaN,,NaN,,NaN
A,GE10,N77-N82_X_N79,E_ITSPT2,PC_ENT_CUSE,AT,,NaN,,NaN,,NaN
A,GE10,N77-N82_X_N79,E_ITSPT2,PC_ENT_CUSE,BA,,NaN,,NaN,,NaN
A,GE10,N77-N82_X_N79,E_ITSPT2,PC_ENT_CUSE,BE,,NaN,,NaN,,NaN
A,GE10,N77-N82_X_N79,E_ITSPT2,PC_ENT_CUSE,BG,,NaN,,NaN,,NaN
A,GE10,N77-N82_X_N79,E_ITSPT2,PC_ENT_CUSE,CY,,NaN,,NaN,,NaN
A,GE10,N77-N82_X_N79,E_ITSPT2,PC_ENT_CUSE,CZ,,NaN,,NaN,,NaN
A,GE10,N77-N82_X_N79,E_ITSPT2,PC_ENT_CUSE,DE,,NaN,,NaN,,NaN
A,GE10,N77-N82_X_N79,E_ITSPT2,PC_ENT_CUSE,DK,,NaN,,NaN,,NaN
A,GE10,N77-N82_X_N79,E_ITSPT2,PC_ENT_CUSE,EA,,NaN,,NaN,,NaN
A,GE10,N77-N82_X_N79,E_ITSPT2,PC_ENT_CUSE,EE,,NaN,,NaN,,NaN
A,GE10,N77-N82_X_N79,E_ITSPT2,PC_ENT_CUSE,EL,,NaN,,NaN,,NaN
A,GE10,N77-N82_X_N79,E_ITSPT2,PC_ENT_CUSE,ES,,NaN,,NaN,,NaN
A,GE10,N77-N82_X_N79,E_ITSPT2,PC_ENT_CUSE,EU15,,NaN,,NaN,,NaN
A,GE10,N77-N82_X_N79,E_ITSPT2,PC_ENT_CUSE,EU27_2007,,NaN,,NaN,,NaN
A,GE10,N77-N82_X_N79,E_ITSPT2,PC_ENT_CUSE,EU27_2020,,NaN,,NaN,,NaN
A,GE10,N77-N82_X_N79,E_ITSPT2,PC_ENT_CUSE,EU28,,NaN,,NaN,,NaN
A,GE10,N77-N82_X_N79,E_ITSPT2,PC_ENT_CUSE,FI,,NaN,,NaN,,NaN
A,GE10,N77-N82_X_N79,E_ITSPT2,PC_ENT_CUSE,FR,,NaN,,NaN,,NaN
A,GE10,N77-N82_X_N79,E_ITSPT2,PC_ENT_CUSE,HR,,NaN,,NaN,,NaN
A,GE10,N77-N82_X_N79,E_ITSPT2,PC_ENT_CUSE,HU,,NaN,,NaN,,NaN
A,GE10,N77-N82_X_N79,E_ITSPT2,PC_ENT_CUSE,IE,,NaN,,NaN,,NaN
A,GE10,N77-N82_X_N79,E_ITSPT2,PC_ENT_CUSE,IS,,NaN,,NaN,,NaN
A,GE10,N77-N82_X_N79,E_ITSPT2,PC_ENT_CUSE,IT,,NaN,,NaN,,NaN
A,GE10,N77-N82_X_N79,E_ITSPT2,PC_ENT_CUSE,LT,,NaN,,NaN,,NaN
A,GE10,N77-N82_X_N79,E_ITSPT2,PC_ENT_CUSE,LU,,NaN,,NaN,,NaN
A,GE10,N77-N82_X_N79,E_ITSPT2,PC_ENT_CUSE,LV,,NaN,,NaN,,NaN
A,GE10,N77-N82_X_N79,E_ITSPT2,PC_ENT_CUSE,ME,,NaN,,NaN,,NaN
A,GE10,N77-N82_X_N79,E_ITSPT2,PC_ENT_CUSE,MK,,NaN,,NaN,,NaN
A,GE10,N77-N82_X_N79,E_ITSPT2,PC_ENT_CUSE,MT,,NaN,,NaN,,NaN
A,GE10,N77-N82_X_N79,E_ITSPT2,PC_ENT_CUSE,NL,,NaN,,NaN,,NaN
A,GE10,N77-N82_X_N79,E_ITSPT2,PC_ENT_CUSE,NO,,NaN,,NaN,,NaN
A,GE10,N77-N82_X_N79,E_ITSPT2,PC_ENT_CUSE,PL,,NaN,,NaN,,NaN
A,GE10,N77-N82_X_N79,E_ITSPT2,PC_ENT_CUSE,PT,,NaN,,NaN,,NaN
A,GE10,N77-N82_X_N79,E_ITSPT2,PC_ENT_CUSE,RO,,NaN,,NaN,,NaN
A,GE10,N77-N82_X_N79,E_ITSPT2,PC_ENT_CUSE,RS,,NaN,,NaN,,NaN
A,GE10,N77-N82_X_N79,E_ITSPT2,PC_ENT_CUSE,SE,,NaN,,NaN,,NaN
A,GE10,N77-N82_X_N79,E_ITSPT2,PC_ENT_CUSE,SI,,NaN,,NaN,,NaN
A,GE10,N77-N82_X_N79,E_ITSPT2,PC_ENT_CUSE,SK,,NaN,,NaN,,NaN
A,GE10,N77-N82_X_N79,E_ITSPT2,PC_ENT_CUSE,TR,,NaN,,NaN,,NaN
A,GE10,N77-N82_X_N79,E_ITSPT2,PC_ENT_CUSE,UK,,NaN,,NaN,,NaN
A,GE10,N77-N82_X_N79,E_ITT2,PC_ENT,AT,17.16,NaN,12.9,NaN,15.95,NaN
A,GE10,N77-N82_X_N79,E_ITT2,PC_ENT,BA,20.01,NaN,28.19,NaN,30.68,NaN
A,GE10,N77-N82_X_N79,E_ITT2,PC_ENT,BE,28.05,NaN,26.48,NaN,35.5,NaN
A,GE10,N77-N82_X_N79,E_ITT2,PC_ENT,BG,5.02,NaN,10.08,NaN,5.73,NaN
A,GE10,N77-N82_X_N79,E_ITT2,PC_ENT,CY,19.54,NaN,39.88,NaN,33.91,NaN
A,GE10,N77-N82_X_N79,E_ITT2,PC_ENT,CZ,15.81,NaN,17.91,NaN,19.02,NaN
A,GE10,N77-N82_X_N79,E_ITT2,PC_ENT,DE,18.87,NaN,24.4,NaN,19.99,NaN
A,GE10,N77-N82_X_N79,E_ITT2,PC_ENT,DK,22.99,NaN,26.75,NaN,27.14,NaN
A,GE10,N77-N82_X_N79,E_ITT2,PC_ENT,EA,17.34,NaN,20.32,NaN,19.63,NaN
A,GE10,N77-N82_X_N79,E_ITT2,PC_ENT,EE,15.77,NaN,18.59,NaN,21.6,NaN
A,GE10,N77-N82_X_N79,E_ITT2,PC_ENT,EL,,u,19.74,NaN,22.46,NaN
A,GE10,N77-N82_X_N79,E_ITT2,PC_ENT,ES,16.99,NaN,17.21,NaN,18.91,NaN
A,GE10,N77-N82_X_N79,E_ITT2,PC_ENT,EU15,,NaN,,NaN,,NaN
A,GE10,N77-N82_X_N79,E_ITT2,PC_ENT,EU27_2007,,NaN,,NaN,,NaN
A,GE10,N77-N82_X_N79,E_ITT2,PC_ENT,EU27_2020,16.99,NaN,20.24,NaN,20.01,NaN
A,GE10,N77-N82_X_N79,E_ITT2,PC_ENT,EU28,,NaN,,NaN,,NaN
A,GE10,N77-N82_X_N79,E_ITT2,PC_ENT,FI,,u,,u,,u
A,GE10,N77-N82_X_N79,E_ITT2,PC_ENT,FR,12.68,NaN,12.27,b,14.75,NaN
A,GE10,N77-N82_X_N79,E_ITT2,PC_ENT,HR,20.0,NaN,16.3,NaN,27.6,NaN
A,GE10,N77-N82_X_N79,E_ITT2,PC_ENT,HU,12.32,NaN,16.06,NaN,18.21,NaN
A,GE10,N77-N82_X_N79,E_ITT2,PC_ENT,IE,37.05,NaN,25.45,NaN,25.81,NaN
A,GE10,N77-N82_X_N79,E_ITT2,PC_ENT,IS,,NaN,,NaN,,NaN
A,GE10,N77-N82_X_N79,E_ITT2,PC_ENT,IT,11.22,NaN,19.12,NaN,16.59,NaN
A,GE10,N77-N82_X_N79,E_ITT2,PC_ENT,LT,22.45,NaN,12.55,NaN,14.19,NaN
A,GE10,N77-N82_X_N79,E_ITT2,PC_ENT,LU,,u,,u,,u
A,GE10,N77-N82_X_N79,E_ITT2,PC_ENT,LV,17.42,NaN,13.3,NaN,14.65,NaN
A,GE10,N77-N82_X_N79,E_ITT2,PC_ENT,ME,,u,15.43,NaN,18.96,NaN
A,GE10,N77-N82_X_N79,E_ITT2,PC_ENT,MK,4.32,NaN,7.83,NaN,,NaN
A,GE10,N77-N82_X_N79,E_ITT2,PC_ENT,MT,26.15,NaN,34.22,NaN,33.94,NaN
A,GE10,N77-N82_X_N79,E_ITT2,PC_ENT,NL,16.6,NaN,22.27,NaN,20.05,NaN
A,GE10,N77-N82_X_N79,E_ITT2,PC_ENT,NO,32.64,NaN,32.1,NaN,27.36,NaN
A,GE10,N77-N82_X_N79,E_ITT2,PC_ENT,PL,18.26,NaN,26.89,NaN,29.85,NaN
A,GE10,N77-N82_X_N79,E_ITT2,PC_ENT,PT,29.73,NaN,26.54,NaN,31.94,NaN
A,GE10,N77-N82_X_N79,E_ITT2,PC_ENT,RO,4.18,NaN,8.96,NaN,15.54,NaN
A,GE10,N77-N82_X_N79,E_ITT2,PC_ENT,RS,14.07,NaN,11.16,NaN,36.6,NaN
A,GE10,N77-N82_X_N79,E_ITT2,PC_ENT,SE,26.25,NaN,24.46,NaN,25.11,b
A,GE10,N77-N82_X_N79,E_ITT2,PC_ENT,SI,17.53,NaN,27.68,NaN,21.44,NaN
A,GE10,N77-N82_X_N79,E_ITT2,PC_ENT,SK,14.23,NaN,7.56,NaN,17.06,NaN
A,GE10,N77-N82_X_N79,E_ITT2,PC_ENT,TR,10.48,NaN,18.07,NaN,18.4,NaN
A,GE10,N77-N82_X_N79,E_ITT2,PC_ENT,UK,22.48,NaN,,NaN,,NaN
A,GE10,N77-N82_X_N79,E_ITT2,PC_ENT_CUSE,AT,,NaN,,NaN,,NaN
A,GE10,N77-N82_X_N79,E_ITT2,PC_ENT_CUSE,BA,,NaN,,NaN,,NaN
A,GE10,N77-N82_X_N79,E_ITT2,PC_ENT_CUSE,BE,,NaN,,NaN,,NaN
A,GE10,N77-N82_X_N79,E_ITT2,PC_ENT_CUSE,BG,,NaN,,NaN,,NaN
A,GE10,N77-N82_X_N79,E_ITT2,PC_ENT_CUSE,CY,,NaN,,NaN,,NaN
A,GE10,N77-N82_X_N79,E_ITT2,PC_ENT_CUSE,CZ,,NaN,,NaN,,NaN
A,GE10,N77-N82_X_N79,E_ITT2,PC_ENT_CUSE,DE,,NaN,,NaN,,NaN
A,GE10,N77-N82_X_N79,E_ITT2,PC_ENT_CUSE,DK,,NaN,,NaN,,NaN
A,GE10,N77-N82_X_N79,E_ITT2,PC_ENT_CUSE,EA,,NaN,,NaN,,NaN
A,GE10,N77-N82_X_N79,E_ITT2,PC_ENT_CUSE,EE,,NaN,,NaN,,NaN
A,GE10,N77-N82_X_N79,E_ITT2,PC_ENT_CUSE,EL,,NaN,,NaN,,NaN
A,GE10,N77-N82_X_N79,E_ITT2,PC_ENT_CUSE,ES,,NaN,,NaN,,NaN
A,GE10,N77-N82_X_N79,E_ITT2,PC_ENT_CUSE,EU15,,NaN,,NaN,,NaN
A,GE10,N77-N82_X_N79,E_ITT2,PC_ENT_CUSE,EU27_2007,,NaN,,NaN,,NaN
A,GE10,N77-N82_X_N79,E_ITT2,PC_ENT_CUSE,EU27_2020,,NaN,,NaN,,NaN
A,GE10,N77-N82_X_N79,E_ITT2,PC_ENT_CUSE,EU28,,NaN,,NaN,,NaN
A,GE10,N77-N82_X_N79,E_ITT2,PC_ENT_CUSE,FI,,NaN,,NaN,,NaN
A,GE10,N77-N82_X_N79,E_ITT2,PC_ENT_CUSE,FR,,NaN,,NaN,,NaN
A,GE10,N77-N82_X_N79,E_ITT2,PC_ENT_CUSE,HR,,NaN,,NaN,,NaN
A,GE10,N77-N82_X_N79,E_ITT2,PC_ENT_CUSE,HU,,NaN,,NaN,,NaN
A,GE10,N77-N82_X_N79,E_ITT2,PC_ENT_CUSE,IE,,NaN,,NaN,,NaN
A,GE10,N77-N82_X_N79,E_ITT2,PC_ENT_CUSE,IS,,NaN,,NaN,,NaN
A,GE10,N77-N82_X_N79,E_ITT2,PC_ENT_CUSE,IT,,NaN,,NaN,,NaN
A,GE10,N77-N82_X_N79,E_ITT2,PC_ENT_CUSE,LT,,NaN,,NaN,,NaN
A,GE10,N77-N82_X_N79,E_ITT2,PC_ENT_CUSE,LU,,NaN,,NaN,,NaN
A,GE10,N77-N82_X_N79,E_ITT2,PC_ENT_CUSE,LV,,NaN,,NaN,,NaN
A,GE10,N77-N82_X_N79,E_ITT2,PC_ENT_CUSE,ME,,NaN,,NaN,,NaN
A,GE10,N77-N82_X_N79,E_ITT2,PC_ENT_CUSE,MK,,NaN,,NaN,,NaN
A,GE10,N77-N82_X_N79,E_ITT2,PC_ENT_CUSE,MT,,NaN,,NaN,,NaN
A,GE10,N77-N82_X_N79,E_ITT2,PC_ENT_CUSE,NL,,NaN,,NaN,,NaN
A,GE10,N77-N82_X_N79,E_ITT2,PC_ENT_CUSE,NO,,NaN,,NaN,,NaN
A,GE10,N77-N82_X_N79,E_ITT2,PC_ENT_CUSE,PL,,NaN,,NaN,,NaN
A,GE10,N77-N82_X_N79,E_ITT2,PC_ENT_CUSE,PT,,NaN,,NaN,,NaN
A,GE10,N77-N82_X_N79,E_ITT2,PC_ENT_CUSE,RO,,NaN,,NaN,,NaN
A,GE10,N77-N82_X_N79,E_ITT2,PC_ENT_CUSE,RS,,NaN,,NaN,,NaN
A,GE10,N77-N82_X_N79,E_ITT2,PC_ENT_CUSE,SE,,NaN,,NaN,,NaN
A,GE10,N77-N82_X_N79,E_ITT2,PC_ENT_CUSE,SI,,NaN,,NaN,,NaN
A,GE10,N77-N82_X_N79,E_ITT2,PC_ENT_CUSE,SK,,NaN,,NaN,,NaN
A,GE10,N77-N82_X_N79,E_ITT2,PC_ENT_CUSE,TR,,NaN,,NaN,,NaN
A,GE10,N77-N82_X_N79,E_ITT2,PC_ENT_CUSE,UK,,NaN,,NaN,,NaN
A,GE10,N77-N82_X_N79,E_ITUST2,PC_ENT,AT,15.32,NaN,9.19,NaN,12.44,NaN
A,GE10,N77-N82_X_N79,E_ITUST2,PC_ENT,BA,13.59,NaN,26.62,NaN,24.79,NaN
A,GE10,N77-N82_X_N79,E_ITUST2,PC_ENT,BE,25.94,NaN,20.99,NaN,34.33,NaN
A,GE10,N77-N82_X_N79,E_ITUST2,PC_ENT,BG,3.62,NaN,7.56,NaN,2.71,NaN
A,GE10,N77-N82_X_N79,E_ITUST2,PC_ENT,CY,17.06,NaN,36.59,NaN,33.07,NaN
A,GE10,N77-N82_X_N79,E_ITUST2,PC_ENT,CZ,15.81,NaN,17.02,NaN,16.51,NaN
A,GE10,N77-N82_X_N79,E_ITUST2,PC_ENT,DE,17.04,NaN,22.48,NaN,17.85,NaN
A,GE10,N77-N82_X_N79,E_ITUST2,PC_ENT,DK,17.8,NaN,19.57,NaN,20.95,NaN
A,GE10,N77-N82_X_N79,E_ITUST2,PC_ENT,EA,14.89,NaN,18.22,NaN,17.3,NaN
A,GE10,N77-N82_X_N79,E_ITUST2,PC_ENT,EE,15.18,NaN,14.73,NaN,20.62,NaN
A,GE10,N77-N82_X_N79,E_ITUST2,PC_ENT,EL,,u,14.69,NaN,18.54,NaN
A,GE10,N77-N82_X_N79,E_ITUST2,PC_ENT,ES,13.99,NaN,15.94,NaN,17.33,NaN
A,GE10,N77-N82_X_N79,E_ITUST2,PC_ENT,EU15,,NaN,,NaN,,NaN
A,GE10,N77-N82_X_N79,E_ITUST2,PC_ENT,EU27_2007,,NaN,,NaN,,NaN
A,GE10,N77-N82_X_N79,E_ITUST2,PC_ENT,EU27_2020,14.7,NaN,18.15,NaN,17.43,NaN
A,GE10,N77-N82_X_N79,E_ITUST2,PC_ENT,EU28,,NaN,,NaN,,NaN
A,GE10,N77-N82_X_N79,E_ITUST2,PC_ENT,FI,,u,,u,,u
A,GE10,N77-N82_X_N79,E_ITUST2,PC_ENT,FR,9.6,NaN,10.99,b,13.7,NaN
A,GE10,N77-N82_X_N79,E_ITUST2,PC_ENT,HR,20.0,NaN,15.78,NaN,27.1,NaN
A,GE10,N77-N82_X_N79,E_ITUST2,PC_ENT,HU,10.11,NaN,13.87,NaN,16.32,NaN
A,GE10,N77-N82_X_N79,E_ITUST2,PC_ENT,IE,27.1,NaN,21.36,NaN,17.2,NaN
A,GE10,N77-N82_X_N79,E_ITUST2,PC_ENT,IS,,NaN,,NaN,,NaN
A,GE10,N77-N82_X_N79,E_ITUST2,PC_ENT,IT,8.89,NaN,16.88,NaN,13.28,NaN
A,GE10,N77-N82_X_N79,E_ITUST2,PC_ENT,LT,22.08,NaN,11.78,NaN,11.22,NaN
A,GE10,N77-N82_X_N79,E_ITUST2,PC_ENT,LU,,u,,u,,u
A,GE10,N77-N82_X_N79,E_ITUST2,PC_ENT,LV,14.49,NaN,11.25,NaN,14.27,NaN
A,GE10,N77-N82_X_N79,E_ITUST2,PC_ENT,ME,,u,,NaN,18.96,NaN
A,GE10,N77-N82_X_N79,E_ITUST2,PC_ENT,MK,3.61,NaN,7.14,NaN,,NaN
A,GE10,N77-N82_X_N79,E_ITUST2,PC_ENT,MT,25.52,NaN,30.32,NaN,31.52,NaN
A,GE10,N77-N82_X_N79,E_ITUST2,PC_ENT,NL,13.8,NaN,18.45,NaN,16.93,NaN
A,GE10,N77-N82_X_N79,E_ITUST2,PC_ENT,NO,29.73,NaN,30.35,NaN,26.86,NaN
A,GE10,N77-N82_X_N79,E_ITUST2,PC_ENT,PL,17.01,NaN,25.63,NaN,24.01,NaN
A,GE10,N77-N82_X_N79,E_ITUST2,PC_ENT,PT,27.26,NaN,24.16,NaN,30.3,NaN
A,GE10,N77-N82_X_N79,E_ITUST2,PC_ENT,RO,3.31,NaN,6.41,NaN,11.18,NaN
A,GE10,N77-N82_X_N79,E_ITUST2,PC_ENT,RS,12.1,NaN,10.66,NaN,36.6,NaN
A,GE10,N77-N82_X_N79,E_ITUST2,PC_ENT,SE,24.07,NaN,22.57,NaN,23.0,b
A,GE10,N77-N82_X_N79,E_ITUST2,PC_ENT,SI,15.66,NaN,24.95,NaN,20.85,NaN
A,GE10,N77-N82_X_N79,E_ITUST2,PC_ENT,SK,11.81,NaN,7.25,NaN,13.5,NaN
A,GE10,N77-N82_X_N79,E_ITUST2,PC_ENT,TR,8.95,NaN,16.68,NaN,16.9,NaN
A,GE10,N77-N82_X_N79,E_ITUST2,PC_ENT,UK,17.76,NaN,,NaN,,NaN
A,GE10,N77-N82_X_N79,E_ITUST2,PC_ENT_CUSE,AT,,NaN,,NaN,,NaN
A,GE10,N77-N82_X_N79,E_ITUST2,PC_ENT_CUSE,BA,,NaN,,NaN,,NaN
A,GE10,N77-N82_X_N79,E_ITUST2,PC_ENT_CUSE,BE,,NaN,,NaN,,NaN
A,GE10,N77-N82_X_N79,E_ITUST2,PC_ENT_CUSE,BG,,NaN,,NaN,,NaN
A,GE10,N77-N82_X_N79,E_ITUST2,PC_ENT_CUSE,CY,,NaN,,NaN,,NaN
A,GE10,N77-N82_X_N79,E_ITUST2,PC_ENT_CUSE,CZ,,NaN,,NaN,,NaN
A,GE10,N77-N82_X_N79,E_ITUST2,PC_ENT_CUSE,DE,,NaN,,NaN,,NaN
A,GE10,N77-N82_X_N79,E_ITUST2,PC_ENT_CUSE,DK,,NaN,,NaN,,NaN
A,GE10,N77-N82_X_N79,E_ITUST2,PC_ENT_CUSE,EA,,NaN,,NaN,,NaN
A,GE10,N77-N82_X_N79,E_ITUST2,PC_ENT_CUSE,EE,,NaN,,NaN,,NaN
A,GE10,N77-N82_X_N79,E_ITUST2,PC_ENT_CUSE,EL,,NaN,,NaN,,NaN
A,GE10,N77-N82_X_N79,E_ITUST2,PC_ENT_CUSE,ES,,NaN,,NaN,,NaN
A,GE10,N77-N82_X_N79,E_ITUST2,PC_ENT_CUSE,EU15,,NaN,,NaN,,NaN
A,GE10,N77-N82_X_N79,E_ITUST2,PC_ENT_CUSE,EU27_2007,,NaN,,NaN,,NaN
A,GE10,N77-N82_X_N79,E_ITUST2,PC_ENT_CUSE,EU27_2020,,NaN,,NaN,,NaN
A,GE10,N77-N82_X_N79,E_ITUST2,PC_ENT_CUSE,EU28,,NaN,,NaN,,NaN
A,GE10,N77-N82_X_N79,E_ITUST2,PC_ENT_CUSE,FI,,NaN,,NaN,,NaN
A,GE10,N77-N82_X_N79,E_ITUST2,PC_ENT_CUSE,FR,,NaN,,NaN,,NaN
A,GE10,N77-N82_X_N79,E_ITUST2,PC_ENT_CUSE,HR,,NaN,,NaN,,NaN
A,GE10,N77-N82_X_N79,E_ITUST2,PC_ENT_CUSE,HU,,NaN,,NaN,,NaN
A,GE10,N77-N82_X_N79,E_ITUST2,PC_ENT_CUSE,IE,,NaN,,NaN,,NaN
A,GE10,N77-N82_X_N79,E_ITUST2,PC_ENT_CUSE,IS,,NaN,,NaN,,NaN
A,GE10,N77-N82_X_N79,E_ITUST2,PC_ENT_CUSE,IT,,NaN,,NaN,,NaN
A,GE10,N77-N82_X_N79,E_ITUST2,PC_ENT_CUSE,LT,,NaN,,NaN,,NaN
A,GE10,N77-N82_X_N79,E_ITUST2,PC_ENT_CUSE,LU,,NaN,,NaN,,NaN
A,GE10,N77-N82_X_N79,E_ITUST2,PC_ENT_CUSE,LV,,NaN,,NaN,,NaN
A,GE10,N77-N82_X_N79,E_ITUST2,PC_ENT_CUSE,ME,,NaN,,NaN,,NaN
A,GE10,N77-N82_X_N79,E_ITUST2,PC_ENT_CUSE,MK,,NaN,,NaN,,NaN
A,GE10,N77-N82_X_N79,E_ITUST2,PC_ENT_CUSE,MT,,NaN,,NaN,,NaN
A,GE10,N77-N82_X_N79,E_ITUST2,PC_ENT_CUSE,NL,,NaN,,NaN,,NaN
A,GE10,N77-N82_X_N79,E_ITUST2,PC_ENT_CUSE,NO,,NaN,,NaN,,NaN
A,GE10,N77-N82_X_N79,E_ITUST2,PC_ENT_CUSE,PL,,NaN,,NaN,,NaN
A,GE10,N77-N82_X_N79,E_ITUST2,PC_ENT_CUSE,PT,,NaN,,NaN,,NaN
A,GE10,N77-N82_X_N79,E_ITUST2,PC_ENT_CUSE,RO,,NaN,,NaN,,NaN
A,GE10,N77-N82_X_N79,E_ITUST2,PC_ENT_CUSE,RS,,NaN,,NaN,,NaN
A,GE10,N77-N82_X_N79,E_ITUST2,PC_ENT_CUSE,SE,,NaN,,NaN,,NaN
A,GE10,N77-N82_X_N79,E_ITUST2,PC_ENT_CUSE,SI,,NaN,,NaN,,NaN
A,GE10,N77-N82_X_N79,E_ITUST2,PC_ENT_CUSE,SK,,NaN,,NaN,,NaN
A,GE10,N77-N82_X_N79,E_ITUST2,PC_ENT_CUSE,TR,,NaN,,NaN,,NaN
A,GE10,N77-N82_X_N79,E_ITUST2,PC_ENT_CUSE,UK,,NaN,,NaN,,NaN
A,GE10,N79,E_ITSP2X_ITT2,PC_ENT,AT,0.0,NaN,,u,11.57,NaN
A,GE10,N79,E_ITSP2X_ITT2,PC_ENT,BA,,u,,NaN,0.0,NaN
A,GE10,N79,E_ITSP2X_ITT2,PC_ENT,BE,,u,1.75,NaN,,u
A,GE10,N79,E_ITSP2X_ITT2,PC_ENT,BG,0.0,NaN,,u,0.0,NaN
A,GE10,N79,E_ITSP2X_ITT2,PC_ENT,CY,12.7,NaN,10.0,NaN,15.03,NaN
A,GE10,N79,E_ITSP2X_ITT2,PC_ENT,CZ,15.77,NaN,11.41,NaN,20.14,NaN
A,GE10,N79,E_ITSP2X_ITT2,PC_ENT,DE,12.08,NaN,18.88,NaN,19.7,NaN
A,GE10,N79,E_ITSP2X_ITT2,PC_ENT,DK,4.61,NaN,3.77,NaN,27.37,NaN
A,GE10,N79,E_ITSP2X_ITT2,PC_ENT,EA,8.64,NaN,12.17,NaN,13.01,NaN
A,GE10,N79,E_ITSP2X_ITT2,PC_ENT,EE,0.0,NaN,13.39,NaN,15.0,NaN
A,GE10,N79,E_ITSP2X_ITT2,PC_ENT,EL,,u,7.66,NaN,4.35,NaN
A,GE10,N79,E_ITSP2X_ITT2,PC_ENT,ES,4.37,NaN,18.41,NaN,9.55,NaN
A,GE10,N79,E_ITSP2X_ITT2,PC_ENT,EU15,,NaN,,NaN,,NaN
A,GE10,N79,E_ITSP2X_ITT2,PC_ENT,EU27_2007,,NaN,,NaN,,NaN
A,GE10,N79,E_ITSP2X_ITT2,PC_ENT,EU27_2020,9.04,NaN,11.96,NaN,13.07,NaN
A,GE10,N79,E_ITSP2X_ITT2,PC_ENT,EU28,,NaN,,NaN,,NaN
A,GE10,N79,E_ITSP2X_ITT2,PC_ENT,FI,,u,,u,,u
A,GE10,N79,E_ITSP2X_ITT2,PC_ENT,FR,3.55,NaN,5.87,b,8.81,NaN
A,GE10,N79,E_ITSP2X_ITT2,PC_ENT,HR,21.92,NaN,0.0,NaN,,NaN
A,GE10,N79,E_ITSP2X_ITT2,PC_ENT,HU,6.42,NaN,7.28,NaN,11.25,NaN
A,GE10,N79,E_ITSP2X_ITT2,PC_ENT,IE,11.22,NaN,7.53,NaN,14.33,NaN
A,GE10,N79,E_ITSP2X_ITT2,PC_ENT,IT,11.74,NaN,10.47,NaN,13.02,NaN
A,GE10,N79,E_ITSP2X_ITT2,PC_ENT,LT,3.51,NaN,0.0,NaN,30.0,NaN
A,GE10,N79,E_ITSP2X_ITT2,PC_ENT,LU,,u,,u,,u
A,GE10,N79,E_ITSP2X_ITT2,PC_ENT,LV,10.43,NaN,7.28,NaN,14.29,NaN
A,GE10,N79,E_ITSP2X_ITT2,PC_ENT,ME,,u,0.0,NaN,31.43,NaN
A,GE10,N79,E_ITSP2X_ITT2,PC_ENT,MK,0.0,NaN,0.0,NaN,,NaN
A,GE10,N79,E_ITSP2X_ITT2,PC_ENT,MT,11.94,NaN,4.54,NaN,6.15,NaN
A,GE10,N79,E_ITSP2X_ITT2,PC_ENT,NL,2.05,NaN,8.43,NaN,9.88,NaN
A,GE10,N79,E_ITSP2X_ITT2,PC_ENT,NO,37.54,NaN,7.65,NaN,6.2,NaN
A,GE10,N79,E_ITSP2X_ITT2,PC_ENT,PL,8.17,NaN,9.28,NaN,16.96,NaN
A,GE10,N79,E_ITSP2X_ITT2,PC_ENT,PT,,u,10.24,NaN,,u
A,GE10,N79,E_ITSP2X_ITT2,PC_ENT,RO,2.69,NaN,13.6,NaN,1.8,NaN
A,GE10,N79,E_ITSP2X_ITT2,PC_ENT,RS,3.21,NaN,16.64,NaN,41.64,NaN
A,GE10,N79,E_ITSP2X_ITT2,PC_ENT,SE,28.93,NaN,21.79,NaN,17.36,b
A,GE10,N79,E_ITSP2X_ITT2,PC_ENT,SI,,NaN,,NaN,11.65,NaN
A,GE10,N79,E_ITSP2X_ITT2,PC_ENT,SK,5.82,NaN,8.06,NaN,14.31,NaN
A,GE10,N79,E_ITSP2X_ITT2,PC_ENT,TR,5.44,NaN,7.99,NaN,11.16,NaN
A,GE10,N79,E_ITSP2X_ITT2,PC_ENT,UK,11.93,NaN,,NaN,,NaN
A,GE10,N79,E_ITSP2X_ITT2,PC_ENT_CUSE,AT,,NaN,,NaN,,NaN
A,GE10,N79,E_ITSP2X_ITT2,PC_ENT_CUSE,BA,,NaN,,NaN,,NaN
A,GE10,N79,E_ITSP2X_ITT2,PC_ENT_CUSE,BE,,NaN,,NaN,,NaN
A,GE10,N79,E_ITSP2X_ITT2,PC_ENT_CUSE,BG,,NaN,,NaN,,NaN
A,GE10,N79,E_ITSP2X_ITT2,PC_ENT_CUSE,CY,,NaN,,NaN,,NaN
A,GE10,N79,E_ITSP2X_ITT2,PC_ENT_CUSE,CZ,,NaN,,NaN,,NaN
A,GE10,N79,E_ITSP2X_ITT2,PC_ENT_CUSE,DE,,NaN,,NaN,,NaN
A,GE10,N79,E_ITSP2X_ITT2,PC_ENT_CUSE,DK,,NaN,,NaN,,NaN
A,GE10,N79,E_ITSP2X_ITT2,PC_ENT_CUSE,EA,,NaN,,NaN,,NaN
A,GE10,N79,E_ITSP2X_ITT2,PC_ENT_CUSE,EE,,NaN,,NaN,,NaN
A,GE10,N79,E_ITSP2X_ITT2,PC_ENT_CUSE,EL,,NaN,,NaN,,NaN
A,GE10,N79,E_ITSP2X_ITT2,PC_ENT_CUSE,ES,,NaN,,NaN,,NaN
A,GE10,N79,E_ITSP2X_ITT2,PC_ENT_CUSE,EU15,,NaN,,NaN,,NaN
A,GE10,N79,E_ITSP2X_ITT2,PC_ENT_CUSE,EU27_2007,,NaN,,NaN,,NaN
A,GE10,N79,E_ITSP2X_ITT2,PC_ENT_CUSE,EU27_2020,,NaN,,NaN,,NaN
A,GE10,N79,E_ITSP2X_ITT2,PC_ENT_CUSE,EU28,,NaN,,NaN,,NaN
A,GE10,N79,E_ITSP2X_ITT2,PC_ENT_CUSE,FI,,NaN,,NaN,,NaN
A,GE10,N79,E_ITSP2X_ITT2,PC_ENT_CUSE,FR,,NaN,,NaN,,NaN
A,GE10,N79,E_ITSP2X_ITT2,PC_ENT_CUSE,HR,,NaN,,NaN,,NaN
A,GE10,N79,E_ITSP2X_ITT2,PC_ENT_CUSE,HU,,NaN,,NaN,,NaN
A,GE10,N79,E_ITSP2X_ITT2,PC_ENT_CUSE,IE,,NaN,,NaN,,NaN
A,GE10,N79,E_ITSP2X_ITT2,PC_ENT_CUSE,IT,,NaN,,NaN,,NaN
A,GE10,N79,E_ITSP2X_ITT2,PC_ENT_CUSE,LT,,NaN,,NaN,,NaN
A,GE10,N79,E_ITSP2X_ITT2,PC_ENT_CUSE,LU,,NaN,,NaN,,NaN
A,GE10,N79,E_ITSP2X_ITT2,PC_ENT_CUSE,LV,,NaN,,NaN,,NaN
A,GE10,N79,E_ITSP2X_ITT2,PC_ENT_CUSE,ME,,NaN,,NaN,,NaN
A,GE10,N79,E_ITSP2X_ITT2,PC_ENT_CUSE,MK,,NaN,,NaN,,NaN
A,GE10,N79,E_ITSP2X_ITT2,PC_ENT_CUSE,MT,,NaN,,NaN,,NaN
A,GE10,N79,E_ITSP2X_ITT2,PC_ENT_CUSE,NL,,NaN,,NaN,,NaN
A,GE10,N79,E_ITSP2X_ITT2,PC_ENT_CUSE,NO,,NaN,,NaN,,NaN
A,GE10,N79,E_ITSP2X_ITT2,PC_ENT_CUSE,PL,,NaN,,NaN,,NaN
A,GE10,N79,E_ITSP2X_ITT2,PC_ENT_CUSE,PT,,NaN,,NaN,,NaN
A,GE10,N79,E_ITSP2X_ITT2,PC_ENT_CUSE,RO,,NaN,,NaN,,NaN
A,GE10,N79,E_ITSP2X_ITT2,PC_ENT_CUSE,RS,,NaN,,NaN,,NaN
A,GE10,N79,E_ITSP2X_ITT2,PC_ENT_CUSE,SE,,NaN,,NaN,,NaN
A,GE10,N79,E_ITSP2X_ITT2,PC_ENT_CUSE,SI,,NaN,,NaN,,NaN
A,GE10,N79,E_ITSP2X_ITT2,PC_ENT_CUSE,SK,,NaN,,NaN,,NaN
A,GE10,N79,E_ITSP2X_ITT2,PC_ENT_CUSE,TR,,NaN,,NaN,,NaN
A,GE10,N79,E_ITSP2X_ITT2,PC_ENT_CUSE,UK,,NaN,,NaN,,NaN
A,GE10,N79,E_ITSP2_ITT2,PC_ENT,AT,,u,7.78,NaN,16.08,NaN
A,GE10,N79,E_ITSP2_ITT2,PC_ENT,BA,0.0,NaN,,NaN,,NaN
A,GE10,N79,E_ITSP2_ITT2,PC_ENT,BE,,u,,u,14.32,NaN
A,GE10,N79,E_ITSP2_ITT2,PC_ENT,BG,,u,,u,,u
A,GE10,N79,E_ITSP2_ITT2,PC_ENT,CY,16.93,NaN,15.0,NaN,21.82,NaN
A,GE10,N79,E_ITSP2_ITT2,PC_ENT,CZ,11.51,NaN,13.45,NaN,13.69,NaN
A,GE10,N79,E_ITSP2_ITT2,PC_ENT,DE,13.08,NaN,13.46,NaN,13.7,NaN
A,GE10,N79,E_ITSP2_ITT2,PC_ENT,DK,33.88,NaN,35.33,NaN,31.09,NaN
A,GE10,N79,E_ITSP2_ITT2,PC_ENT,EA,20.0,NaN,18.99,NaN,18.88,NaN
A,GE10,N79,E_ITSP2_ITT2,PC_ENT,EE,22.22,NaN,12.5,NaN,37.5,NaN
A,GE10,N79,E_ITSP2_ITT2,PC_ENT,EL,,u,10.13,NaN,15.53,NaN
A,GE10,N79,E_ITSP2_ITT2,PC_ENT,ES,18.39,NaN,25.74,NaN,23.94,NaN
A,GE10,N79,E_ITSP2_ITT2,PC_ENT,EU15,,NaN,,NaN,,NaN
A,GE10,N79,E_ITSP2_ITT2,PC_ENT,EU27_2007,,NaN,,NaN,,NaN
A,GE10,N79,E_ITSP2_ITT2,PC_ENT,EU27_2020,19.1,NaN,18.86,NaN,19.48,NaN
A,GE10,N79,E_ITSP2_ITT2,PC_ENT,EU28,,NaN,,NaN,,NaN
A,GE10,N79,E_ITSP2_ITT2,PC_ENT,FI,,u,,u,,u
A,GE10,N79,E_ITSP2_ITT2,PC_ENT,FR,34.46,NaN,,bu,24.77,NaN
A,GE10,N79,E_ITSP2_ITT2,PC_ENT,HR,19.05,NaN,,NaN,6.35,NaN
A,GE10,N79,E_ITSP2_ITT2,PC_ENT,HU,21.29,NaN,21.86,NaN,22.86,NaN
A,GE10,N79,E_ITSP2_ITT2,PC_ENT,IE,22.8,NaN,9.55,NaN,50.28,NaN
A,GE10,N79,E_ITSP2_ITT2,PC_ENT,IT,10.16,NaN,9.75,NaN,8.46,NaN
A,GE10,N79,E_ITSP2_ITT2,PC_ENT,LT,10.53,NaN,15.63,NaN,17.5,NaN
A,GE10,N79,E_ITSP2_ITT2,PC_ENT,LU,,u,,u,,u
A,GE10,N79,E_ITSP2_ITT2,PC_ENT,LV,13.28,NaN,21.26,NaN,23.38,NaN
A,GE10,N79,E_ITSP2_ITT2,PC_ENT,ME,,u,0.0,NaN,,NaN
A,GE10,N79,E_ITSP2_ITT2,PC_ENT,MK,0.0,NaN,0.0,NaN,,NaN
A,GE10,N79,E_ITSP2_ITT2,PC_ENT,MT,17.48,NaN,36.45,NaN,30.75,NaN
A,GE10,N79,E_ITSP2_ITT2,PC_ENT,NL,23.85,NaN,25.24,NaN,28.67,NaN
A,GE10,N79,E_ITSP2_ITT2,PC_ENT,NO,7.31,NaN,21.05,NaN,13.78,NaN
A,GE10,N79,E_ITSP2_ITT2,PC_ENT,PL,20.26,NaN,30.43,NaN,46.61,NaN
A,GE10,N79,E_ITSP2_ITT2,PC_ENT,PT,,u,23.65,NaN,,u
A,GE10,N79,E_ITSP2_ITT2,PC_ENT,RO,1.79,NaN,9.48,NaN,10.32,NaN
A,GE10,N79,E_ITSP2_ITT2,PC_ENT,RS,7.86,NaN,1.64,NaN,15.95,NaN
A,GE10,N79,E_ITSP2_ITT2,PC_ENT,SE,18.87,NaN,18.4,NaN,23.38,b
A,GE10,N79,E_ITSP2_ITT2,PC_ENT,SI,,NaN,,NaN,30.3,NaN
A,GE10,N79,E_ITSP2_ITT2,PC_ENT,SK,21.84,NaN,4.03,NaN,18.02,NaN
A,GE10,N79,E_ITSP2_ITT2,PC_ENT,TR,12.44,NaN,18.16,NaN,15.65,NaN
A,GE10,N79,E_ITSP2_ITT2,PC_ENT,UK,,u,,NaN,,NaN
A,GE10,N79,E_ITSP2_ITT2,PC_ENT_CUSE,AT,,NaN,,NaN,,NaN
A,GE10,N79,E_ITSP2_ITT2,PC_ENT_CUSE,BA,,NaN,,NaN,,NaN
A,GE10,N79,E_ITSP2_ITT2,PC_ENT_CUSE,BE,,NaN,,NaN,,NaN
A,GE10,N79,E_ITSP2_ITT2,PC_ENT_CUSE,BG,,NaN,,NaN,,NaN
A,GE10,N79,E_ITSP2_ITT2,PC_ENT_CUSE,CY,,NaN,,NaN,,NaN
A,GE10,N79,E_ITSP2_ITT2,PC_ENT_CUSE,CZ,,NaN,,NaN,,NaN
A,GE10,N79,E_ITSP2_ITT2,PC_ENT_CUSE,DE,,NaN,,NaN,,NaN
A,GE10,N79,E_ITSP2_ITT2,PC_ENT_CUSE,DK,,NaN,,NaN,,NaN
A,GE10,N79,E_ITSP2_ITT2,PC_ENT_CUSE,EA,,NaN,,NaN,,NaN
A,GE10,N79,E_ITSP2_ITT2,PC_ENT_CUSE,EE,,NaN,,NaN,,NaN
A,GE10,N79,E_ITSP2_ITT2,PC_ENT_CUSE,EL,,NaN,,NaN,,NaN
A,GE10,N79,E_ITSP2_ITT2,PC_ENT_CUSE,ES,,NaN,,NaN,,NaN
A,GE10,N79,E_ITSP2_ITT2,PC_ENT_CUSE,EU15,,NaN,,NaN,,NaN
A,GE10,N79,E_ITSP2_ITT2,PC_ENT_CUSE,EU27_2007,,NaN,,NaN,,NaN
A,GE10,N79,E_ITSP2_ITT2,PC_ENT_CUSE,EU27_2020,,NaN,,NaN,,NaN
A,GE10,N79,E_ITSP2_ITT2,PC_ENT_CUSE,EU28,,NaN,,NaN,,NaN
A,GE10,N79,E_ITSP2_ITT2,PC_ENT_CUSE,FI,,NaN,,NaN,,NaN
A,GE10,N79,E_ITSP2_ITT2,PC_ENT_CUSE,FR,,NaN,,NaN,,NaN
A,GE10,N79,E_ITSP2_ITT2,PC_ENT_CUSE,HR,,NaN,,NaN,,NaN
A,GE10,N79,E_ITSP2_ITT2,PC_ENT_CUSE,HU,,NaN,,NaN,,NaN
A,GE10,N79,E_ITSP2_ITT2,PC_ENT_CUSE,IE,,NaN,,NaN,,NaN
A,GE10,N79,E_ITSP2_ITT2,PC_ENT_CUSE,IT,,NaN,,NaN,,NaN
A,GE10,N79,E_ITSP2_ITT2,PC_ENT_CUSE,LT,,NaN,,NaN,,NaN
A,GE10,N79,E_ITSP2_ITT2,PC_ENT_CUSE,LU,,NaN,,NaN,,NaN
A,GE10,N79,E_ITSP2_ITT2,PC_ENT_CUSE,LV,,NaN,,NaN,,NaN
A,GE10,N79,E_ITSP2_ITT2,PC_ENT_CUSE,ME,,NaN,,NaN,,NaN
A,GE10,N79,E_ITSP2_ITT2,PC_ENT_CUSE,MK,,NaN,,NaN,,NaN
A,GE10,N79,E_ITSP2_ITT2,PC_ENT_CUSE,MT,,NaN,,NaN,,NaN
A,GE10,N79,E_ITSP2_ITT2,PC_ENT_CUSE,NL,,NaN,,NaN,,NaN
A,GE10,N79,E_ITSP2_ITT2,PC_ENT_CUSE,NO,,NaN,,NaN,,NaN
A,GE10,N79,E_ITSP2_ITT2,PC_ENT_CUSE,PL,,NaN,,NaN,,NaN
A,GE10,N79,E_ITSP2_ITT2,PC_ENT_CUSE,PT,,NaN,,NaN,,NaN
A,GE10,N79,E_ITSP2_ITT2,PC_ENT_CUSE,RO,,NaN,,NaN,,NaN
A,GE10,N79,E_ITSP2_ITT2,PC_ENT_CUSE,RS,,NaN,,NaN,,NaN
A,GE10,N79,E_ITSP2_ITT2,PC_ENT_CUSE,SE,,NaN,,NaN,,NaN
A,GE10,N79,E_ITSP2_ITT2,PC_ENT_CUSE,SI,,NaN,,NaN,,NaN
A,GE10,N79,E_ITSP2_ITT2,PC_ENT_CUSE,SK,,NaN,,NaN,,NaN
A,GE10,N79,E_ITSP2_ITT2,PC_ENT_CUSE,TR,,NaN,,NaN,,NaN
A,GE10,N79,E_ITSP2_ITT2,PC_ENT_CUSE,UK,,NaN,,NaN,,NaN
A,GE10,N79,E_ITSPT2,PC_ENT,AT,,u,5.46,NaN,14.58,NaN
A,GE10,N79,E_ITSPT2,PC_ENT,BA,0.0,NaN,,NaN,,NaN
A,GE10,N79,E_ITSPT2,PC_ENT,BE,,u,,u,14.32,NaN
A,GE10,N79,E_ITSPT2,PC_ENT,BG,,u,0.0,NaN,,u
A,GE10,N79,E_ITSPT2,PC_ENT,CY,12.7,NaN,15.0,NaN,15.03,NaN
A,GE10,N79,E_ITSPT2,PC_ENT,CZ,9.47,NaN,10.46,NaN,12.82,NaN
A,GE10,N79,E_ITSPT2,PC_ENT,DE,9.86,NaN,12.24,NaN,11.07,NaN
A,GE10,N79,E_ITSPT2,PC_ENT,DK,28.27,NaN,26.45,NaN,31.09,NaN
A,GE10,N79,E_ITSPT2,PC_ENT,EA,17.35,NaN,16.23,NaN,16.63,NaN
A,GE10,N79,E_ITSPT2,PC_ENT,EE,18.52,NaN,6.25,NaN,25.0,NaN
A,GE10,N79,E_ITSPT2,PC_ENT,EL,,u,9.78,NaN,17.22,NaN
A,GE10,N79,E_ITSPT2,PC_ENT,ES,16.31,NaN,19.49,NaN,18.87,NaN
A,GE10,N79,E_ITSPT2,PC_ENT,EU15,,NaN,,NaN,,NaN
A,GE10,N79,E_ITSPT2,PC_ENT,EU27_2007,,NaN,,NaN,,NaN
A,GE10,N79,E_ITSPT2,PC_ENT,EU27_2020,16.09,NaN,15.98,NaN,17.16,NaN
A,GE10,N79,E_ITSPT2,PC_ENT,EU28,,NaN,,NaN,,NaN
A,GE10,N79,E_ITSPT2,PC_ENT,FI,,u,,u,,u
A,GE10,N79,E_ITSPT2,PC_ENT,FR,,u,,bu,21.43,NaN
A,GE10,N79,E_ITSPT2,PC_ENT,HR,5.39,NaN,,NaN,6.35,NaN
A,GE10,N79,E_ITSPT2,PC_ENT,HU,8.96,NaN,14.75,NaN,15.36,NaN
A,GE10,N79,E_ITSPT2,PC_ENT,IE,11.4,NaN,5.02,NaN,50.28,NaN
A,GE10,N79,E_ITSPT2,PC_ENT,IS,,NaN,,NaN,,NaN
A,GE10,N79,E_ITSPT2,PC_ENT,IT,13.91,NaN,7.35,NaN,8.46,NaN
A,GE10,N79,E_ITSPT2,PC_ENT,LT,8.77,NaN,9.38,NaN,7.5,NaN
A,GE10,N79,E_ITSPT2,PC_ENT,LU,,u,,u,,u
A,GE10,N79,E_ITSPT2,PC_ENT,LV,6.15,NaN,,u,20.35,NaN
A,GE10,N79,E_ITSPT2,PC_ENT,ME,,u,0.0,NaN,,NaN
A,GE10,N79,E_ITSPT2,PC_ENT,MK,0.0,NaN,0.0,NaN,,NaN
A,GE10,N79,E_ITSPT2,PC_ENT,MT,14.21,NaN,22.83,NaN,18.45,NaN
A,GE10,N79,E_ITSPT2,PC_ENT,NL,21.8,NaN,20.96,NaN,28.0,NaN
A,GE10,N79,E_ITSPT2,PC_ENT,NO,20.68,NaN,21.05,NaN,9.92,NaN
A,GE10,N79,E_ITSPT2,PC_ENT,PL,14.97,NaN,20.22,NaN,41.19,NaN
A,GE10,N79,E_ITSPT2,PC_ENT,PT,,u,16.45,NaN,,u
A,GE10,N79,E_ITSPT2,PC_ENT,RO,0.6,NaN,14.23,NaN,9.42,NaN
A,GE10,N79,E_ITSPT2,PC_ENT,RS,7.86,NaN,1.64,NaN,0.0,NaN
A,GE10,N79,E_ITSPT2,PC_ENT,SE,14.27,NaN,16.51,NaN,21.43,b
A,GE10,N79,E_ITSPT2,PC_ENT,SI,,NaN,0.0,NaN,19.48,NaN
A,GE10,N79,E_ITSPT2,PC_ENT,SK,13.48,NaN,4.03,NaN,10.83,NaN
A,GE10,N79,E_ITSPT2,PC_ENT,TR,11.85,NaN,11.94,NaN,10.58,NaN
A,GE10,N79,E_ITSPT2,PC_ENT,UK,16.98,NaN,,NaN,,NaN
A,GE10,N79,E_ITSPT2,PC_ENT_CUSE,AT,,NaN,,NaN,,NaN
A,GE10,N79,E_ITSPT2,PC_ENT_CUSE,BA,,NaN,,NaN,,NaN
A,GE10,N79,E_ITSPT2,PC_ENT_CUSE,BE,,NaN,,NaN,,NaN
A,GE10,N79,E_ITSPT2,PC_ENT_CUSE,BG,,NaN,,NaN,,NaN
A,GE10,N79,E_ITSPT2,PC_ENT_CUSE,CY,,NaN,,NaN,,NaN
A,GE10,N79,E_ITSPT2,PC_ENT_CUSE,CZ,,NaN,,NaN,,NaN
A,GE10,N79,E_ITSPT2,PC_ENT_CUSE,DE,,NaN,,NaN,,NaN
A,GE10,N79,E_ITSPT2,PC_ENT_CUSE,DK,,NaN,,NaN,,NaN
A,GE10,N79,E_ITSPT2,PC_ENT_CUSE,EA,,NaN,,NaN,,NaN
A,GE10,N79,E_ITSPT2,PC_ENT_CUSE,EE,,NaN,,NaN,,NaN
A,GE10,N79,E_ITSPT2,PC_ENT_CUSE,EL,,NaN,,NaN,,NaN
A,GE10,N79,E_ITSPT2,PC_ENT_CUSE,ES,,NaN,,NaN,,NaN
A,GE10,N79,E_ITSPT2,PC_ENT_CUSE,EU15,,NaN,,NaN,,NaN
A,GE10,N79,E_ITSPT2,PC_ENT_CUSE,EU27_2007,,NaN,,NaN,,NaN
A,GE10,N79,E_ITSPT2,PC_ENT_CUSE,EU27_2020,,NaN,,NaN,,NaN
A,GE10,N79,E_ITSPT2,PC_ENT_CUSE,EU28,,NaN,,NaN,,NaN
A,GE10,N79,E_ITSPT2,PC_ENT_CUSE,FI,,NaN,,NaN,,NaN
A,GE10,N79,E_ITSPT2,PC_ENT_CUSE,FR,,NaN,,NaN,,NaN
A,GE10,N79,E_ITSPT2,PC_ENT_CUSE,HR,,NaN,,NaN,,NaN
A,GE10,N79,E_ITSPT2,PC_ENT_CUSE,HU,,NaN,,NaN,,NaN
A,GE10,N79,E_ITSPT2,PC_ENT_CUSE,IE,,NaN,,NaN,,NaN
A,GE10,N79,E_ITSPT2,PC_ENT_CUSE,IS,,NaN,,NaN,,NaN
A,GE10,N79,E_ITSPT2,PC_ENT_CUSE,IT,,NaN,,NaN,,NaN
A,GE10,N79,E_ITSPT2,PC_ENT_CUSE,LT,,NaN,,NaN,,NaN
A,GE10,N79,E_ITSPT2,PC_ENT_CUSE,LU,,NaN,,NaN,,NaN
A,GE10,N79,E_ITSPT2,PC_ENT_CUSE,LV,,NaN,,NaN,,NaN
A,GE10,N79,E_ITSPT2,PC_ENT_CUSE,ME,,NaN,,NaN,,NaN
A,GE10,N79,E_ITSPT2,PC_ENT_CUSE,MK,,NaN,,NaN,,NaN
A,GE10,N79,E_ITSPT2,PC_ENT_CUSE,MT,,NaN,,NaN,,NaN
A,GE10,N79,E_ITSPT2,PC_ENT_CUSE,NL,,NaN,,NaN,,NaN
A,GE10,N79,E_ITSPT2,PC_ENT_CUSE,NO,,NaN,,NaN,,NaN
A,GE10,N79,E_ITSPT2,PC_ENT_CUSE,PL,,NaN,,NaN,,NaN
A,GE10,N79,E_ITSPT2,PC_ENT_CUSE,PT,,NaN,,NaN,,NaN
A,GE10,N79,E_ITSPT2,PC_ENT_CUSE,RO,,NaN,,NaN,,NaN
A,GE10,N79,E_ITSPT2,PC_ENT_CUSE,RS,,NaN,,NaN,,NaN
A,GE10,N79,E_ITSPT2,PC_ENT_CUSE,SE,,NaN,,NaN,,NaN
A,GE10,N79,E_ITSPT2,PC_ENT_CUSE,SI,,NaN,,NaN,,NaN
A,GE10,N79,E_ITSPT2,PC_ENT_CUSE,SK,,NaN,,NaN,,NaN
A,GE10,N79,E_ITSPT2,PC_ENT_CUSE,TR,,NaN,,NaN,,NaN
A,GE10,N79,E_ITSPT2,PC_ENT_CUSE,UK,,NaN,,NaN,,NaN
A,GE10,N79,E_ITT2,PC_ENT,AT,,u,,u,,u
A,GE10,N79,E_ITT2,PC_ENT,BA,,u,,NaN,,NaN
A,GE10,N79,E_ITT2,PC_ENT,BE,,u,,u,,u
A,GE10,N79,E_ITT2,PC_ENT,BG,,u,,u,,u
A,GE10,N79,E_ITT2,PC_ENT,CY,29.63,NaN,25.0,NaN,36.85,NaN
A,GE10,N79,E_ITT2,PC_ENT,CZ,27.28,NaN,24.86,NaN,33.82,NaN
A,GE10,N79,E_ITT2,PC_ENT,DE,25.16,NaN,32.34,NaN,33.4,NaN
A,GE10,N79,E_ITT2,PC_ENT,DK,38.48,NaN,39.1,NaN,58.46,NaN
A,GE10,N79,E_ITT2,PC_ENT,EA,29.24,NaN,31.23,NaN,33.05,NaN
A,GE10,N79,E_ITT2,PC_ENT,EE,22.22,NaN,25.89,NaN,57.5,NaN
A,GE10,N79,E_ITT2,PC_ENT,EL,,u,17.79,NaN,32.64,NaN
A,GE10,N79,E_ITT2,PC_ENT,ES,22.76,NaN,44.15,NaN,33.49,NaN
A,GE10,N79,E_ITT2,PC_ENT,EU15,,NaN,,NaN,,NaN
A,GE10,N79,E_ITT2,PC_ENT,EU27_2007,,NaN,,NaN,,NaN
A,GE10,N79,E_ITT2,PC_ENT,EU27_2020,28.64,NaN,30.94,NaN,33.53,NaN
A,GE10,N79,E_ITT2,PC_ENT,EU28,,NaN,,NaN,,NaN
A,GE10,N79,E_ITT2,PC_ENT,FI,,u,,u,,u
A,GE10,N79,E_ITT2,PC_ENT,FR,38.0,NaN,,bu,33.58,NaN
A,GE10,N79,E_ITT2,PC_ENT,HR,40.97,NaN,,NaN,7.94,NaN
A,GE10,N79,E_ITT2,PC_ENT,HU,27.71,NaN,29.14,NaN,34.11,NaN
A,GE10,N79,E_ITT2,PC_ENT,IE,34.02,NaN,17.09,NaN,64.61,NaN
A,GE10,N79,E_ITT2,PC_ENT,IS,,NaN,,NaN,,NaN
A,GE10,N79,E_ITT2,PC_ENT,IT,24.74,NaN,20.98,NaN,21.48,NaN
A,GE10,N79,E_ITT2,PC_ENT,LT,14.04,NaN,15.63,NaN,47.5,NaN
A,GE10,N79,E_ITT2,PC_ENT,LU,,u,,u,,u
A,GE10,N79,E_ITT2,PC_ENT,LV,23.71,NaN,28.54,NaN,37.66,NaN
A,GE10,N79,E_ITT2,PC_ENT,ME,,u,0.0,NaN,31.43,NaN
A,GE10,N79,E_ITT2,PC_ENT,MK,0.0,NaN,0.0,NaN,,NaN
A,GE10,N79,E_ITT2,PC_ENT,MT,29.42,NaN,40.99,NaN,36.9,NaN
A,GE10,N79,E_ITT2,PC_ENT,NL,33.78,NaN,33.67,NaN,38.55,NaN
A,GE10,N79,E_ITT2,PC_ENT,NO,44.85,NaN,28.68,NaN,19.99,NaN
A,GE10,N79,E_ITT2,PC_ENT,PL,28.38,NaN,39.71,NaN,63.57,NaN
A,GE10,N79,E_ITT2,PC_ENT,PT,,u,,u,,u
A,GE10,N79,E_ITT2,PC_ENT,RO,4.47,NaN,24.87,NaN,12.12,NaN
A,GE10,N79,E_ITT2,PC_ENT,RS,11.07,NaN,18.28,NaN,57.59,NaN
A,GE10,N79,E_ITT2,PC_ENT,SE,,u,40.19,NaN,40.74,b
A,GE10,N79,E_ITT2,PC_ENT,SI,16.24,NaN,24.12,NaN,41.96,NaN
A,GE10,N79,E_ITT2,PC_ENT,SK,27.66,NaN,12.09,NaN,32.33,NaN
A,GE10,N79,E_ITT2,PC_ENT,TR,17.88,NaN,26.15,NaN,26.81,NaN
A,GE10,N79,E_ITT2,PC_ENT,UK,,u,,NaN,,NaN
A,GE10,N79,E_ITT2,PC_ENT_CUSE,AT,,NaN,,NaN,,NaN
A,GE10,N79,E_ITT2,PC_ENT_CUSE,BA,,NaN,,NaN,,NaN
A,GE10,N79,E_ITT2,PC_ENT_CUSE,BE,,NaN,,NaN,,NaN
A,GE10,N79,E_ITT2,PC_ENT_CUSE,BG,,NaN,,NaN,,NaN
A,GE10,N79,E_ITT2,PC_ENT_CUSE,CY,,NaN,,NaN,,NaN
A,GE10,N79,E_ITT2,PC_ENT_CUSE,CZ,,NaN,,NaN,,NaN
A,GE10,N79,E_ITT2,PC_ENT_CUSE,DE,,NaN,,NaN,,NaN
A,GE10,N79,E_ITT2,PC_ENT_CUSE,DK,,NaN,,NaN,,NaN
A,GE10,N79,E_ITT2,PC_ENT_CUSE,EA,,NaN,,NaN,,NaN
A,GE10,N79,E_ITT2,PC_ENT_CUSE,EE,,NaN,,NaN,,NaN
A,GE10,N79,E_ITT2,PC_ENT_CUSE,EL,,NaN,,NaN,,NaN
A,GE10,N79,E_ITT2,PC_ENT_CUSE,ES,,NaN,,NaN,,NaN
A,GE10,N79,E_ITT2,PC_ENT_CUSE,EU15,,NaN,,NaN,,NaN
A,GE10,N79,E_ITT2,PC_ENT_CUSE,EU27_2007,,NaN,,NaN,,NaN
A,GE10,N79,E_ITT2,PC_ENT_CUSE,EU27_2020,,NaN,,NaN,,NaN
A,GE10,N79,E_ITT2,PC_ENT_CUSE,EU28,,NaN,,NaN,,NaN
A,GE10,N79,E_ITT2,PC_ENT_CUSE,FI,,NaN,,NaN,,NaN
A,GE10,N79,E_ITT2,PC_ENT_CUSE,FR,,NaN,,NaN,,NaN
A,GE10,N79,E_ITT2,PC_ENT_CUSE,HR,,NaN,,NaN,,NaN
A,GE10,N79,E_ITT2,PC_ENT_CUSE,HU,,NaN,,NaN,,NaN
A,GE10,N79,E_ITT2,PC_ENT_CUSE,IE,,NaN,,NaN,,NaN
A,GE10,N79,E_ITT2,PC_ENT_CUSE,IS,,NaN,,NaN,,NaN
A,GE10,N79,E_ITT2,PC_ENT_CUSE,IT,,NaN,,NaN,,NaN
A,GE10,N79,E_ITT2,PC_ENT_CUSE,LT,,NaN,,NaN,,NaN
A,GE10,N79,E_ITT2,PC_ENT_CUSE,LU,,NaN,,NaN,,NaN
A,GE10,N79,E_ITT2,PC_ENT_CUSE,LV,,NaN,,NaN,,NaN
A,GE10,N79,E_ITT2,PC_ENT_CUSE,ME,,NaN,,NaN,,NaN
A,GE10,N79,E_ITT2,PC_ENT_CUSE,MK,,NaN,,NaN,,NaN
A,GE10,N79,E_ITT2,PC_ENT_CUSE,MT,,NaN,,NaN,,NaN
A,GE10,N79,E_ITT2,PC_ENT_CUSE,NL,,NaN,,NaN,,NaN
A,GE10,N79,E_ITT2,PC_ENT_CUSE,NO,,NaN,,NaN,,NaN
A,GE10,N79,E_ITT2,PC_ENT_CUSE,PL,,NaN,,NaN,,NaN
A,GE10,N79,E_ITT2,PC_ENT_CUSE,PT,,NaN,,NaN,,NaN
A,GE10,N79,E_ITT2,PC_ENT_CUSE,RO,,NaN,,NaN,,NaN
A,GE10,N79,E_ITT2,PC_ENT_CUSE,RS,,NaN,,NaN,,NaN
A,GE10,N79,E_ITT2,PC_ENT_CUSE,SE,,NaN,,NaN,,NaN
A,GE10,N79,E_ITT2,PC_ENT_CUSE,SI,,NaN,,NaN,,NaN
A,GE10,N79,E_ITT2,PC_ENT_CUSE,SK,,NaN,,NaN,,NaN
A,GE10,N79,E_ITT2,PC_ENT_CUSE,TR,,NaN,,NaN,,NaN
A,GE10,N79,E_ITT2,PC_ENT_CUSE,UK,,NaN,,NaN,,NaN
A,GE10,N79,E_ITUST2,PC_ENT,AT,,u,,u,19.87,NaN
A,GE10,N79,E_ITUST2,PC_ENT,BA,,u,,NaN,0.0,NaN
A,GE10,N79,E_ITUST2,PC_ENT,BE,,u,,u,,u
A,GE10,N79,E_ITUST2,PC_ENT,BG,0.0,NaN,,u,,u
A,GE10,N79,E_ITUST2,PC_ENT,CY,29.63,NaN,20.0,NaN,29.33,NaN
A,GE10,N79,E_ITUST2,PC_ENT,CZ,27.28,NaN,24.86,NaN,31.04,NaN
A,GE10,N79,E_ITUST2,PC_ENT,DE,22.52,NaN,30.33,NaN,31.52,NaN
A,GE10,N79,E_ITUST2,PC_ENT,DK,26.54,NaN,25.98,NaN,48.93,NaN
A,GE10,N79,E_ITUST2,PC_ENT,EA,24.28,NaN,27.74,NaN,28.03,NaN
A,GE10,N79,E_ITUST2,PC_ENT,EE,11.11,NaN,25.89,NaN,52.5,NaN
A,GE10,N79,E_ITUST2,PC_ENT,EL,,u,11.73,NaN,19.88,NaN
A,GE10,N79,E_ITUST2,PC_ENT,ES,20.37,NaN,42.02,NaN,28.22,NaN
A,GE10,N79,E_ITUST2,PC_ENT,EU15,,NaN,,NaN,,NaN
A,GE10,N79,E_ITUST2,PC_ENT,EU27_2007,,NaN,,NaN,,NaN
A,GE10,N79,E_ITUST2,PC_ENT,EU27_2020,24.11,NaN,27.6,NaN,28.58,NaN
A,GE10,N79,E_ITUST2,PC_ENT,EU28,,NaN,,NaN,,NaN
A,GE10,N79,E_ITUST2,PC_ENT,FI,,u,,u,,u
A,GE10,N79,E_ITUST2,PC_ENT,FR,,u,,bu,27.93,NaN
A,GE10,N79,E_ITUST2,PC_ENT,HR,38.28,NaN,,NaN,7.94,NaN
A,GE10,N79,E_ITUST2,PC_ENT,HU,25.69,NaN,26.36,NaN,26.96,NaN
A,GE10,N79,E_ITUST2,PC_ENT,IE,34.02,NaN,17.09,NaN,47.85,NaN
A,GE10,N79,E_ITUST2,PC_ENT,IS,,NaN,,NaN,,NaN
A,GE10,N79,E_ITUST2,PC_ENT,IT,19.12,NaN,17.45,NaN,17.97,NaN
A,GE10,N79,E_ITUST2,PC_ENT,LT,10.53,NaN,15.63,NaN,47.5,NaN
A,GE10,N79,E_ITUST2,PC_ENT,LU,,u,,u,,u
A,GE10,N79,E_ITUST2,PC_ENT,LV,23.71,NaN,28.54,NaN,34.63,NaN
A,GE10,N79,E_ITUST2,PC_ENT,ME,,u,0.0,NaN,31.43,NaN
A,GE10,N79,E_ITUST2,PC_ENT,MK,0.0,NaN,0.0,NaN,,NaN
A,GE10,N79,E_ITUST2,PC_ENT,MT,24.59,NaN,27.24,NaN,36.9,NaN
A,GE10,N79,E_ITUST2,PC_ENT,NL,27.92,NaN,29.45,NaN,33.77,NaN
A,GE10,N79,E_ITUST2,PC_ENT,NO,44.85,NaN,26.88,NaN,14.94,NaN
A,GE10,N79,E_ITUST2,PC_ENT,PL,24.82,NaN,36.3,NaN,54.52,NaN
A,GE10,N79,E_ITUST2,PC_ENT,PT,,u,,u,,u
A,GE10,N79,E_ITUST2,PC_ENT,RO,4.47,NaN,23.08,NaN,12.12,NaN
A,GE10,N79,E_ITUST2,PC_ENT,RS,4.64,NaN,18.28,NaN,57.59,NaN
A,GE10,N79,E_ITUST2,PC_ENT,SE,,u,39.25,NaN,36.14,b
A,GE10,N79,E_ITUST2,PC_ENT,SI,,NaN,24.12,NaN,41.96,NaN
A,GE10,N79,E_ITUST2,PC_ENT,SK,25.11,NaN,8.06,NaN,32.33,NaN
A,GE10,N79,E_ITUST2,PC_ENT,TR,14.1,NaN,23.76,NaN,24.91,NaN
A,GE10,N79,E_ITUST2,PC_ENT,UK,,u,,NaN,,NaN
A,GE10,N79,E_ITUST2,PC_ENT_CUSE,AT,,NaN,,NaN,,NaN
A,GE10,N79,E_ITUST2,PC_ENT_CUSE,BA,,NaN,,NaN,,NaN
A,GE10,N79,E_ITUST2,PC_ENT_CUSE,BE,,NaN,,NaN,,NaN
A,GE10,N79,E_ITUST2,PC_ENT_CUSE,BG,,NaN,,NaN,,NaN
A,GE10,N79,E_ITUST2,PC_ENT_CUSE,CY,,NaN,,NaN,,NaN
A,GE10,N79,E_ITUST2,PC_ENT_CUSE,CZ,,NaN,,NaN,,NaN
A,GE10,N79,E_ITUST2,PC_ENT_CUSE,DE,,NaN,,NaN,,NaN
A,GE10,N79,E_ITUST2,PC_ENT_CUSE,DK,,NaN,,NaN,,NaN
A,GE10,N79,E_ITUST2,PC_ENT_CUSE,EA,,NaN,,NaN,,NaN
A,GE10,N79,E_ITUST2,PC_ENT_CUSE,EE,,NaN,,NaN,,NaN
A,GE10,N79,E_ITUST2,PC_ENT_CUSE,EL,,NaN,,NaN,,NaN
A,GE10,N79,E_ITUST2,PC_ENT_CUSE,ES,,NaN,,NaN,,NaN
A,GE10,N79,E_ITUST2,PC_ENT_CUSE,EU15,,NaN,,NaN,,NaN
A,GE10,N79,E_ITUST2,PC_ENT_CUSE,EU27_2007,,NaN,,NaN,,NaN
A,GE10,N79,E_ITUST2,PC_ENT_CUSE,EU27_2020,,NaN,,NaN,,NaN
A,GE10,N79,E_ITUST2,PC_ENT_CUSE,EU28,,NaN,,NaN,,NaN
A,GE10,N79,E_ITUST2,PC_ENT_CUSE,FI,,NaN,,NaN,,NaN
A,GE10,N79,E_ITUST2,PC_ENT_CUSE,FR,,NaN,,NaN,,NaN
A,GE10,N79,E_ITUST2,PC_ENT_CUSE,HR,,NaN,,NaN,,NaN
A,GE10,N79,E_ITUST2,PC_ENT_CUSE,HU,,NaN,,NaN,,NaN
A,GE10,N79,E_ITUST2,PC_ENT_CUSE,IE,,NaN,,NaN,,NaN
A,GE10,N79,E_ITUST2,PC_ENT_CUSE,IS,,NaN,,NaN,,NaN
A,GE10,N79,E_ITUST2,PC_ENT_CUSE,IT,,NaN,,NaN,,NaN
A,GE10,N79,E_ITUST2,PC_ENT_CUSE,LT,,NaN,,NaN,,NaN
A,GE10,N79,E_ITUST2,PC_ENT_CUSE,LU,,NaN,,NaN,,NaN
A,GE10,N79,E_ITUST2,PC_ENT_CUSE,LV,,NaN,,NaN,,NaN
A,GE10,N79,E_ITUST2,PC_ENT_CUSE,ME,,NaN,,NaN,,NaN
A,GE10,N79,E_ITUST2,PC_ENT_CUSE,MK,,NaN,,NaN,,NaN
A,GE10,N79,E_ITUST2,PC_ENT_CUSE,MT,,NaN,,NaN,,NaN
A,GE10,N79,E_ITUST2,PC_ENT_CUSE,NL,,NaN,,NaN,,NaN
A,GE10,N79,E_ITUST2,PC_ENT_CUSE,NO,,NaN,,NaN,,NaN
A,GE10,N79,E_ITUST2,PC_ENT_CUSE,PL,,NaN,,NaN,,NaN
A,GE10,N79,E_ITUST2,PC_ENT_CUSE,PT,,NaN,,NaN,,NaN
A,GE10,N79,E_ITUST2,PC_ENT_CUSE,RO,,NaN,,NaN,,NaN
A,GE10,N79,E_ITUST2,PC_ENT_CUSE,RS,,NaN,,NaN,,NaN
A,GE10,N79,E_ITUST2,PC_ENT_CUSE,SE,,NaN,,NaN,,NaN
A,GE10,N79,E_ITUST2,PC_ENT_CUSE,SI,,NaN,,NaN,,NaN
A,GE10,N79,E_ITUST2,PC_ENT_CUSE,SK,,NaN,,NaN,,NaN
A,GE10,N79,E_ITUST2,PC_ENT_CUSE,TR,,NaN,,NaN,,NaN
A,GE10,N79,E_ITUST2,PC_ENT_CUSE,UK,,NaN,,NaN,,NaN
A,GE10,S951,E_ITSP2X_ITT2,PC_ENT,AT,,u,,u,,u
A,GE10,S951,E_ITSP2X_ITT2,PC_ENT,BA,0.0,NaN,0.0,NaN,0.0,NaN
A,GE10,S951,E_ITSP2X_ITT2,PC_ENT,BE,0.0,NaN,0.0,NaN,0.0,NaN
A,GE10,S951,E_ITSP2X_ITT2,PC_ENT,BG,0.0,NaN,0.0,NaN,0.0,NaN
A,GE10,S951,E_ITSP2X_ITT2,PC_ENT,CY,,NaN,,NaN,0.0,NaN
A,GE10,S951,E_ITSP2X_ITT2,PC_ENT,CZ,,u,8.66,NaN,0.0,NaN
A,GE10,S951,E_ITSP2X_ITT2,PC_ENT,DE,,NaN,,NaN,21.43,NaN
A,GE10,S951,E_ITSP2X_ITT2,PC_ENT,DK,0.0,NaN,0.0,NaN,9.09,NaN
A,GE10,S951,E_ITSP2X_ITT2,PC_ENT,EA,5.98,NaN,2.41,NaN,8.38,NaN
A,GE10,S951,E_ITSP2X_ITT2,PC_ENT,EE,33.33,NaN,,NaN,,NaN
A,GE10,S951,E_ITSP2X_ITT2,PC_ENT,EL,0.0,NaN,0.0,NaN,0.0,NaN
A,GE10,S951,E_ITSP2X_ITT2,PC_ENT,ES,14.88,NaN,,u,11.14,NaN
A,GE10,S951,E_ITSP2X_ITT2,PC_ENT,EU15,,NaN,,NaN,,NaN
A,GE10,S951,E_ITSP2X_ITT2,PC_ENT,EU27_2007,,NaN,,NaN,,NaN
A,GE10,S951,E_ITSP2X_ITT2,PC_ENT,EU27_2020,6.0,NaN,3.63,NaN,7.0,NaN
A,GE10,S951,E_ITSP2X_ITT2,PC_ENT,EU28,,NaN,,NaN,,NaN
A,GE10,S951,E_ITSP2X_ITT2,PC_ENT,FI,,u,,u,,u
A,GE10,S951,E_ITSP2X_ITT2,PC_ENT,FR,4.59,NaN,0.0,b,2.1,NaN
A,GE10,S951,E_ITSP2X_ITT2,PC_ENT,HR,31.98,NaN,,NaN,,NaN
A,GE10,S951,E_ITSP2X_ITT2,PC_ENT,HU,4.17,NaN,4.55,NaN,2.58,NaN
A,GE10,S951,E_ITSP2X_ITT2,PC_ENT,IE,0.0,NaN,,NaN,10.42,NaN
A,GE10,S951,E_ITSP2X_ITT2,PC_ENT,IT,,u,,u,,u
A,GE10,S951,E_ITSP2X_ITT2,PC_ENT,LT,14.29,NaN,0.0,NaN,14.29,NaN
A,GE10,S951,E_ITSP2X_ITT2,PC_ENT,LU,,NaN,,NaN,,NaN
A,GE10,S951,E_ITSP2X_ITT2,PC_ENT,LV,26.67,NaN,0.0,NaN,,NaN
A,GE10,S951,E_ITSP2X_ITT2,PC_ENT,ME,,u,0.0,NaN,,NaN
A,GE10,S951,E_ITSP2X_ITT2,PC_ENT,MK,0.0,NaN,0.0,NaN,,NaN
A,GE10,S951,E_ITSP2X_ITT2,PC_ENT,MT,,NaN,,NaN,,NaN
A,GE10,S951,E_ITSP2X_ITT2,PC_ENT,NL,4.0,NaN,0.0,NaN,0.0,NaN
A,GE10,S951,E_ITSP2X_ITT2,PC_ENT,NO,11.11,NaN,0.0,NaN,0.0,NaN
A,GE10,S951,E_ITSP2X_ITT2,PC_ENT,PL,2.57,NaN,5.07,NaN,2.96,NaN
A,GE10,S951,E_ITSP2X_ITT2,PC_ENT,PT,3.29,NaN,0.0,NaN,5.81,NaN
A,GE10,S951,E_ITSP2X_ITT2,PC_ENT,RO,3.83,NaN,3.69,NaN,3.08,NaN
A,GE10,S951,E_ITSP2X_ITT2,PC_ENT,RS,0.0,NaN,13.33,NaN,27.78,NaN
A,GE10,S951,E_ITSP2X_ITT2,PC_ENT,SE,12.5,NaN,33.33,NaN,8.65,b
A,GE10,S951,E_ITSP2X_ITT2,PC_ENT,SI,0.0,NaN,0.0,NaN,0.0,NaN
A,GE10,S951,E_ITSP2X_ITT2,PC_ENT,SK,9.17,NaN,7.69,NaN,9.09,NaN
A,GE10,S951,E_ITSP2X_ITT2,PC_ENT,TR,,NaN,4.82,NaN,5.95,NaN
A,GE10,S951,E_ITSP2X_ITT2,PC_ENT,UK,1.47,NaN,,NaN,,NaN
A,GE10,S951,E_ITSP2X_ITT2,PC_ENT_CUSE,AT,,NaN,,NaN,,NaN
A,GE10,S951,E_ITSP2X_ITT2,PC_ENT_CUSE,BA,,NaN,,NaN,,NaN
A,GE10,S951,E_ITSP2X_ITT2,PC_ENT_CUSE,BE,,NaN,,NaN,,NaN
A,GE10,S951,E_ITSP2X_ITT2,PC_ENT_CUSE,BG,,NaN,,NaN,,NaN
A,GE10,S951,E_ITSP2X_ITT2,PC_ENT_CUSE,CY,,NaN,,NaN,,NaN
A,GE10,S951,E_ITSP2X_ITT2,PC_ENT_CUSE,CZ,,NaN,,NaN,,NaN
A,GE10,S951,E_ITSP2X_ITT2,PC_ENT_CUSE,DE,,NaN,,NaN,,NaN
A,GE10,S951,E_ITSP2X_ITT2,PC_ENT_CUSE,DK,,NaN,,NaN,,NaN
A,GE10,S951,E_ITSP2X_ITT2,PC_ENT_CUSE,EA,,NaN,,NaN,,NaN
A,GE10,S951,E_ITSP2X_ITT2,PC_ENT_CUSE,EE,,NaN,,NaN,,NaN
A,GE10,S951,E_ITSP2X_ITT2,PC_ENT_CUSE,EL,,NaN,,NaN,,NaN
A,GE10,S951,E_ITSP2X_ITT2,PC_ENT_CUSE,ES,,NaN,,NaN,,NaN
A,GE10,S951,E_ITSP2X_ITT2,PC_ENT_CUSE,EU15,,NaN,,NaN,,NaN
A,GE10,S951,E_ITSP2X_ITT2,PC_ENT_CUSE,EU27_2007,,NaN,,NaN,,NaN
A,GE10,S951,E_ITSP2X_ITT2,PC_ENT_CUSE,EU27_2020,,NaN,,NaN,,NaN
A,GE10,S951,E_ITSP2X_ITT2,PC_ENT_CUSE,EU28,,NaN,,NaN,,NaN
A,GE10,S951,E_ITSP2X_ITT2,PC_ENT_CUSE,FI,,NaN,,NaN,,NaN
A,GE10,S951,E_ITSP2X_ITT2,PC_ENT_CUSE,FR,,NaN,,NaN,,NaN
A,GE10,S951,E_ITSP2X_ITT2,PC_ENT_CUSE,HR,,NaN,,NaN,,NaN
A,GE10,S951,E_ITSP2X_ITT2,PC_ENT_CUSE,HU,,NaN,,NaN,,NaN
A,GE10,S951,E_ITSP2X_ITT2,PC_ENT_CUSE,IE,,NaN,,NaN,,NaN
A,GE10,S951,E_ITSP2X_ITT2,PC_ENT_CUSE,IT,,NaN,,NaN,,NaN
A,GE10,S951,E_ITSP2X_ITT2,PC_ENT_CUSE,LT,,NaN,,NaN,,NaN
A,GE10,S951,E_ITSP2X_ITT2,PC_ENT_CUSE,LU,,NaN,,NaN,,NaN
A,GE10,S951,E_ITSP2X_ITT2,PC_ENT_CUSE,LV,,NaN,,NaN,,NaN
A,GE10,S951,E_ITSP2X_ITT2,PC_ENT_CUSE,ME,,NaN,,NaN,,NaN
A,GE10,S951,E_ITSP2X_ITT2,PC_ENT_CUSE,MK,,NaN,,NaN,,NaN
A,GE10,S951,E_ITSP2X_ITT2,PC_ENT_CUSE,MT,,NaN,,NaN,,NaN
A,GE10,S951,E_ITSP2X_ITT2,PC_ENT_CUSE,NL,,NaN,,NaN,,NaN
A,GE10,S951,E_ITSP2X_ITT2,PC_ENT_CUSE,NO,,NaN,,NaN,,NaN
A,GE10,S951,E_ITSP2X_ITT2,PC_ENT_CUSE,PL,,NaN,,NaN,,NaN
A,GE10,S951,E_ITSP2X_ITT2,PC_ENT_CUSE,PT,,NaN,,NaN,,NaN
A,GE10,S951,E_ITSP2X_ITT2,PC_ENT_CUSE,RO,,NaN,,NaN,,NaN
A,GE10,S951,E_ITSP2X_ITT2,PC_ENT_CUSE,RS,,NaN,,NaN,,NaN
A,GE10,S951,E_ITSP2X_ITT2,PC_ENT_CUSE,SE,,NaN,,NaN,,NaN
A,GE10,S951,E_ITSP2X_ITT2,PC_ENT_CUSE,SI,,NaN,,NaN,,NaN
A,GE10,S951,E_ITSP2X_ITT2,PC_ENT_CUSE,SK,,NaN,,NaN,,NaN
A,GE10,S951,E_ITSP2X_ITT2,PC_ENT_CUSE,TR,,NaN,,NaN,,NaN
A,GE10,S951,E_ITSP2X_ITT2,PC_ENT_CUSE,UK,,NaN,,NaN,,NaN
A,GE10,S951,E_ITSP2_ITT2,PC_ENT,AL,,NaN,,NaN,,NaN
A,GE10,S951,E_ITSP2_ITT2,PC_ENT,AT,,u,,u,,u
A,GE10,S951,E_ITSP2_ITT2,PC_ENT,BA,,NaN,,NaN,,NaN
A,GE10,S951,E_ITSP2_ITT2,PC_ENT,BE,,u,,u,100.0,NaN
A,GE10,S951,E_ITSP2_ITT2,PC_ENT,BG,,u,,u,0.0,NaN
A,GE10,S951,E_ITSP2_ITT2,PC_ENT,CY,,NaN,,NaN,66.67,NaN
A,GE10,S951,E_ITSP2_ITT2,PC_ENT,CZ,51.5,NaN,45.56,NaN,44.95,NaN
A,GE10,S951,E_ITSP2_ITT2,PC_ENT,DE,25.95,NaN,,u,,u
A,GE10,S951,E_ITSP2_ITT2,PC_ENT,DK,63.81,NaN,41.26,NaN,45.45,NaN
A,GE10,S951,E_ITSP2_ITT2,PC_ENT,EA,41.68,NaN,49.22,NaN,38.43,NaN
A,GE10,S951,E_ITSP2_ITT2,PC_ENT,EE,0.0,NaN,,NaN,,NaN
A,GE10,S951,E_ITSP2_ITT2,PC_ENT,EL,,u,54.55,NaN,68.75,NaN
A,GE10,S951,E_ITSP2_ITT2,PC_ENT,ES,51.75,NaN,,u,21.62,NaN
A,GE10,S951,E_ITSP2_ITT2,PC_ENT,EU15,,NaN,,NaN,,NaN
A,GE10,S951,E_ITSP2_ITT2,PC_ENT,EU27_2007,,NaN,,NaN,,NaN
A,GE10,S951,E_ITSP2_ITT2,PC_ENT,EU27_2020,41.17,NaN,45.83,NaN,39.27,NaN
A,GE10,S951,E_ITSP2_ITT2,PC_ENT,EU28,,NaN,,NaN,,NaN
A,GE10,S951,E_ITSP2_ITT2,PC_ENT,FI,,u,,u,,u
A,GE10,S951,E_ITSP2_ITT2,PC_ENT,FR,37.04,NaN,,bu,47.75,NaN
A,GE10,S951,E_ITSP2_ITT2,PC_ENT,HR,68.02,NaN,60.52,NaN,75.95,NaN
A,GE10,S951,E_ITSP2_ITT2,PC_ENT,HU,33.33,NaN,38.64,NaN,42.32,NaN
A,GE10,S951,E_ITSP2_ITT2,PC_ENT,IE,33.33,NaN,83.33,NaN,16.67,NaN
A,GE10,S951,E_ITSP2_ITT2,PC_ENT,IT,,u,,u,,u
A,GE10,S951,E_ITSP2_ITT2,PC_ENT,LT,28.57,NaN,16.67,NaN,14.29,NaN
A,GE10,S951,E_ITSP2_ITT2,PC_ENT,LU,,NaN,,NaN,,NaN
A,GE10,S951,E_ITSP2_ITT2,PC_ENT,LV,73.33,NaN,38.89,NaN,,NaN
A,GE10,S951,E_ITSP2_ITT2,PC_ENT,ME,,u,,NaN,,NaN
A,GE10,S951,E_ITSP2_ITT2,PC_ENT,MK,,NaN,0.0,NaN,,NaN
A,GE10,S951,E_ITSP2_ITT2,PC_ENT,MT,,NaN,,NaN,,NaN
A,GE10,S951,E_ITSP2_ITT2,PC_ENT,NL,61.6,NaN,52.29,NaN,26.15,NaN
A,GE10,S951,E_ITSP2_ITT2,PC_ENT,NO,66.67,NaN,57.14,NaN,66.67,NaN
A,GE10,S951,E_ITSP2_ITT2,PC_ENT,PL,50.71,NaN,53.15,NaN,69.88,NaN
A,GE10,S951,E_ITSP2_ITT2,PC_ENT,PT,59.99,NaN,,u,,u
A,GE10,S951,E_ITSP2_ITT2,PC_ENT,RO,17.95,NaN,16.7,NaN,11.43,NaN
A,GE10,S951,E_ITSP2_ITT2,PC_ENT,RS,100.0,NaN,61.67,NaN,61.11,NaN
A,GE10,S951,E_ITSP2_ITT2,PC_ENT,SE,,u,20.0,NaN,,bu
A,GE10,S951,E_ITSP2_ITT2,PC_ENT,SI,,u,,u,76.96,NaN
A,GE10,S951,E_ITSP2_ITT2,PC_ENT,SK,9.17,NaN,15.38,NaN,9.09,NaN
A,GE10,S951,E_ITSP2_ITT2,PC_ENT,TR,24.96,NaN,36.14,NaN,36.9,NaN
A,GE10,S951,E_ITSP2_ITT2,PC_ENT,UK,,u,,NaN,,NaN
A,GE10,S951,E_ITSP2_ITT2,PC_ENT_CUSE,AT,,NaN,,NaN,,NaN
A,GE10,S951,E_ITSP2_ITT2,PC_ENT_CUSE,BA,,NaN,,NaN,,NaN
A,GE10,S951,E_ITSP2_ITT2,PC_ENT_CUSE,BE,,NaN,,NaN,,NaN
A,GE10,S951,E_ITSP2_ITT2,PC_ENT_CUSE,BG,,NaN,,NaN,,NaN
A,GE10,S951,E_ITSP2_ITT2,PC_ENT_CUSE,CY,,NaN,,NaN,,NaN
A,GE10,S951,E_ITSP2_ITT2,PC_ENT_CUSE,CZ,,NaN,,NaN,,NaN
A,GE10,S951,E_ITSP2_ITT2,PC_ENT_CUSE,DE,,NaN,,NaN,,NaN
A,GE10,S951,E_ITSP2_ITT2,PC_ENT_CUSE,DK,,NaN,,NaN,,NaN
A,GE10,S951,E_ITSP2_ITT2,PC_ENT_CUSE,EA,,NaN,,NaN,,NaN
A,GE10,S951,E_ITSP2_ITT2,PC_ENT_CUSE,EE,,NaN,,NaN,,NaN
A,GE10,S951,E_ITSP2_ITT2,PC_ENT_CUSE,EL,,NaN,,NaN,,NaN
A,GE10,S951,E_ITSP2_ITT2,PC_ENT_CUSE,ES,,NaN,,NaN,,NaN
A,GE10,S951,E_ITSP2_ITT2,PC_ENT_CUSE,EU15,,NaN,,NaN,,NaN
A,GE10,S951,E_ITSP2_ITT2,PC_ENT_CUSE,EU27_2007,,NaN,,NaN,,NaN
A,GE10,S951,E_ITSP2_ITT2,PC_ENT_CUSE,EU27_2020,,NaN,,NaN,,NaN
A,GE10,S951,E_ITSP2_ITT2,PC_ENT_CUSE,EU28,,NaN,,NaN,,NaN
A,GE10,S951,E_ITSP2_ITT2,PC_ENT_CUSE,FI,,NaN,,NaN,,NaN
A,GE10,S951,E_ITSP2_ITT2,PC_ENT_CUSE,FR,,NaN,,NaN,,NaN
A,GE10,S951,E_ITSP2_ITT2,PC_ENT_CUSE,HR,,NaN,,NaN,,NaN
A,GE10,S951,E_ITSP2_ITT2,PC_ENT_CUSE,HU,,NaN,,NaN,,NaN
A,GE10,S951,E_ITSP2_ITT2,PC_ENT_CUSE,IE,,NaN,,NaN,,NaN
A,GE10,S951,E_ITSP2_ITT2,PC_ENT_CUSE,IT,,NaN,,NaN,,NaN
A,GE10,S951,E_ITSP2_ITT2,PC_ENT_CUSE,LT,,NaN,,NaN,,NaN
A,GE10,S951,E_ITSP2_ITT2,PC_ENT_CUSE,LU,,NaN,,NaN,,NaN
A,GE10,S951,E_ITSP2_ITT2,PC_ENT_CUSE,LV,,NaN,,NaN,,NaN
A,GE10,S951,E_ITSP2_ITT2,PC_ENT_CUSE,ME,,NaN,,NaN,,NaN
A,GE10,S951,E_ITSP2_ITT2,PC_ENT_CUSE,MK,,NaN,,NaN,,NaN
A,GE10,S951,E_ITSP2_ITT2,PC_ENT_CUSE,MT,,NaN,,NaN,,NaN
A,GE10,S951,E_ITSP2_ITT2,PC_ENT_CUSE,NL,,NaN,,NaN,,NaN
A,GE10,S951,E_ITSP2_ITT2,PC_ENT_CUSE,NO,,NaN,,NaN,,NaN
A,GE10,S951,E_ITSP2_ITT2,PC_ENT_CUSE,PL,,NaN,,NaN,,NaN
A,GE10,S951,E_ITSP2_ITT2,PC_ENT_CUSE,PT,,NaN,,NaN,,NaN
A,GE10,S951,E_ITSP2_ITT2,PC_ENT_CUSE,RO,,NaN,,NaN,,NaN
A,GE10,S951,E_ITSP2_ITT2,PC_ENT_CUSE,RS,,NaN,,NaN,,NaN
A,GE10,S951,E_ITSP2_ITT2,PC_ENT_CUSE,SE,,NaN,,NaN,,NaN
A,GE10,S951,E_ITSP2_ITT2,PC_ENT_CUSE,SI,,NaN,,NaN,,NaN
A,GE10,S951,E_ITSP2_ITT2,PC_ENT_CUSE,SK,,NaN,,NaN,,NaN
A,GE10,S951,E_ITSP2_ITT2,PC_ENT_CUSE,TR,,NaN,,NaN,,NaN
A,GE10,S951,E_ITSP2_ITT2,PC_ENT_CUSE,UK,,NaN,,NaN,,NaN
A,GE10,S951,E_ITSPT2,PC_ENT,AL,,NaN,,NaN,,NaN
A,GE10,S951,E_ITSPT2,PC_ENT,AT,,u,,u,,u
A,GE10,S951,E_ITSPT2,PC_ENT,BA,,NaN,,NaN,,NaN
A,GE10,S951,E_ITSPT2,PC_ENT,BE,,u,,u,66.67,NaN
A,GE10,S951,E_ITSPT2,PC_ENT,BG,,u,,u,0.0,NaN
A,GE10,S951,E_ITSPT2,PC_ENT,CY,,NaN,,NaN,66.67,NaN
A,GE10,S951,E_ITSPT2,PC_ENT,CZ,41.32,NaN,42.34,NaN,44.95,NaN
A,GE10,S951,E_ITSPT2,PC_ENT,DE,24.43,NaN,,u,,u
A,GE10,S951,E_ITSPT2,PC_ENT,DK,55.51,NaN,41.26,NaN,45.45,NaN
A,GE10,S951,E_ITSPT2,PC_ENT,EA,39.21,NaN,43.47,NaN,35.93,NaN
A,GE10,S951,E_ITSPT2,PC_ENT,EE,0.0,NaN,,NaN,,NaN
A,GE10,S951,E_ITSPT2,PC_ENT,EL,,u,54.55,NaN,56.25,NaN
A,GE10,S951,E_ITSPT2,PC_ENT,ES,46.59,NaN,,u,19.68,NaN
A,GE10,S951,E_ITSPT2,PC_ENT,EU15,,NaN,,NaN,,NaN
A,GE10,S951,E_ITSPT2,PC_ENT,EU27_2007,,NaN,,NaN,,NaN
A,GE10,S951,E_ITSPT2,PC_ENT,EU27_2020,37.35,NaN,41.19,NaN,36.62,NaN
A,GE10,S951,E_ITSPT2,PC_ENT,EU28,,NaN,,NaN,,NaN
A,GE10,S951,E_ITSPT2,PC_ENT,FI,,u,,u,,u
A,GE10,S951,E_ITSPT2,PC_ENT,FR,33.32,NaN,,bu,43.76,NaN
A,GE10,S951,E_ITSPT2,PC_ENT,HR,54.07,NaN,60.52,NaN,75.95,NaN
A,GE10,S951,E_ITSPT2,PC_ENT,HU,29.17,NaN,34.09,NaN,32.28,NaN
A,GE10,S951,E_ITSPT2,PC_ENT,IE,33.33,NaN,33.33,NaN,16.67,NaN
A,GE10,S951,E_ITSPT2,PC_ENT,IS,,NaN,,NaN,,NaN
A,GE10,S951,E_ITSPT2,PC_ENT,IT,,u,,u,,u
A,GE10,S951,E_ITSPT2,PC_ENT,LT,14.29,NaN,16.67,NaN,14.29,NaN
A,GE10,S951,E_ITSPT2,PC_ENT,LU,,NaN,,NaN,,NaN
A,GE10,S951,E_ITSPT2,PC_ENT,LV,26.67,NaN,22.22,NaN,,NaN
A,GE10,S951,E_ITSPT2,PC_ENT,ME,,u,,NaN,,NaN
A,GE10,S951,E_ITSPT2,PC_ENT,MK,,NaN,0.0,NaN,,NaN
A,GE10,S951,E_ITSPT2,PC_ENT,MT,,NaN,,NaN,,NaN
A,GE10,S951,E_ITSPT2,PC_ENT,NL,57.6,NaN,52.29,NaN,26.15,NaN
A,GE10,S951,E_ITSPT2,PC_ENT,NO,66.67,NaN,57.14,NaN,66.67,NaN
A,GE10,S951,E_ITSPT2,PC_ENT,PL,40.71,NaN,42.6,NaN,69.88,NaN
A,GE10,S951,E_ITSPT2,PC_ENT,PT,53.4,NaN,,u,,u
A,GE10,S951,E_ITSPT2,PC_ENT,RO,15.38,NaN,24.08,NaN,11.43,NaN
A,GE10,S951,E_ITSPT2,PC_ENT,RS,100.0,NaN,61.67,NaN,50.0,NaN
A,GE10,S951,E_ITSPT2,PC_ENT,SE,31.25,NaN,26.67,NaN,8.65,b
A,GE10,S951,E_ITSPT2,PC_ENT,SI,,u,,NaN,19.24,NaN
A,GE10,S951,E_ITSPT2,PC_ENT,SK,9.17,NaN,15.38,NaN,9.09,NaN
A,GE10,S951,E_ITSPT2,PC_ENT,TR,23.56,NaN,28.92,NaN,28.57,NaN
A,GE10,S951,E_ITSPT2,PC_ENT,UK,,u,,NaN,,NaN
A,GE10,S951,E_ITSPT2,PC_ENT_CUSE,AT,,NaN,,NaN,,NaN
A,GE10,S951,E_ITSPT2,PC_ENT_CUSE,BA,,NaN,,NaN,,NaN
A,GE10,S951,E_ITSPT2,PC_ENT_CUSE,BE,,NaN,,NaN,,NaN
A,GE10,S951,E_ITSPT2,PC_ENT_CUSE,BG,,NaN,,NaN,,NaN
A,GE10,S951,E_ITSPT2,PC_ENT_CUSE,CY,,NaN,,NaN,,NaN
A,GE10,S951,E_ITSPT2,PC_ENT_CUSE,CZ,,NaN,,NaN,,NaN
A,GE10,S951,E_ITSPT2,PC_ENT_CUSE,DE,,NaN,,NaN,,NaN
A,GE10,S951,E_ITSPT2,PC_ENT_CUSE,DK,,NaN,,NaN,,NaN
A,GE10,S951,E_ITSPT2,PC_ENT_CUSE,EA,,NaN,,NaN,,NaN
A,GE10,S951,E_ITSPT2,PC_ENT_CUSE,EE,,NaN,,NaN,,NaN
A,GE10,S951,E_ITSPT2,PC_ENT_CUSE,EL,,NaN,,NaN,,NaN
A,GE10,S951,E_ITSPT2,PC_ENT_CUSE,ES,,NaN,,NaN,,NaN
A,GE10,S951,E_ITSPT2,PC_ENT_CUSE,EU15,,NaN,,NaN,,NaN
A,GE10,S951,E_ITSPT2,PC_ENT_CUSE,EU27_2007,,NaN,,NaN,,NaN
A,GE10,S951,E_ITSPT2,PC_ENT_CUSE,EU27_2020,,NaN,,NaN,,NaN
A,GE10,S951,E_ITSPT2,PC_ENT_CUSE,EU28,,NaN,,NaN,,NaN
A,GE10,S951,E_ITSPT2,PC_ENT_CUSE,FI,,NaN,,NaN,,NaN
A,GE10,S951,E_ITSPT2,PC_ENT_CUSE,FR,,NaN,,NaN,,NaN
A,GE10,S951,E_ITSPT2,PC_ENT_CUSE,HR,,NaN,,NaN,,NaN
A,GE10,S951,E_ITSPT2,PC_ENT_CUSE,HU,,NaN,,NaN,,NaN
A,GE10,S951,E_ITSPT2,PC_ENT_CUSE,IE,,NaN,,NaN,,NaN
A,GE10,S951,E_ITSPT2,PC_ENT_CUSE,IS,,NaN,,NaN,,NaN
A,GE10,S951,E_ITSPT2,PC_ENT_CUSE,IT,,NaN,,NaN,,NaN
A,GE10,S951,E_ITSPT2,PC_ENT_CUSE,LT,,NaN,,NaN,,NaN
A,GE10,S951,E_ITSPT2,PC_ENT_CUSE,LU,,NaN,,NaN,,NaN
A,GE10,S951,E_ITSPT2,PC_ENT_CUSE,LV,,NaN,,NaN,,NaN
A,GE10,S951,E_ITSPT2,PC_ENT_CUSE,ME,,NaN,,NaN,,NaN
A,GE10,S951,E_ITSPT2,PC_ENT_CUSE,MK,,NaN,,NaN,,NaN
A,GE10,S951,E_ITSPT2,PC_ENT_CUSE,MT,,NaN,,NaN,,NaN
A,GE10,S951,E_ITSPT2,PC_ENT_CUSE,NL,,NaN,,NaN,,NaN
A,GE10,S951,E_ITSPT2,PC_ENT_CUSE,NO,,NaN,,NaN,,NaN
A,GE10,S951,E_ITSPT2,PC_ENT_CUSE,PL,,NaN,,NaN,,NaN
A,GE10,S951,E_ITSPT2,PC_ENT_CUSE,PT,,NaN,,NaN,,NaN
A,GE10,S951,E_ITSPT2,PC_ENT_CUSE,RO,,NaN,,NaN,,NaN
A,GE10,S951,E_ITSPT2,PC_ENT_CUSE,RS,,NaN,,NaN,,NaN
A,GE10,S951,E_ITSPT2,PC_ENT_CUSE,SE,,NaN,,NaN,,NaN
A,GE10,S951,E_ITSPT2,PC_ENT_CUSE,SI,,NaN,,NaN,,NaN
A,GE10,S951,E_ITSPT2,PC_ENT_CUSE,SK,,NaN,,NaN,,NaN
A,GE10,S951,E_ITSPT2,PC_ENT_CUSE,TR,,NaN,,NaN,,NaN
A,GE10,S951,E_ITSPT2,PC_ENT_CUSE,UK,,NaN,,NaN,,NaN
A,GE10,S951,E_ITT2,PC_ENT,AL,,NaN,,NaN,,NaN
A,GE10,S951,E_ITT2,PC_ENT,AT,,u,,u,,u
A,GE10,S951,E_ITT2,PC_ENT,BA,,NaN,,NaN,,NaN
A,GE10,S951,E_ITT2,PC_ENT,BE,,u,,u,100.0,NaN
A,GE10,S951,E_ITT2,PC_ENT,BG,,u,,u,0.0,NaN
A,GE10,S951,E_ITT2,PC_ENT,CY,,NaN,,NaN,66.67,NaN
A,GE10,S951,E_ITT2,PC_ENT,CZ,55.1,NaN,54.22,NaN,44.95,NaN
A,GE10,S951,E_ITT2,PC_ENT,DE,29.01,NaN,,u,,u
A,GE10,S951,E_ITT2,PC_ENT,DK,63.81,NaN,41.26,NaN,54.55,NaN
A,GE10,S951,E_ITT2,PC_ENT,EA,47.68,NaN,52.03,NaN,46.76,NaN
A,GE10,S951,E_ITT2,PC_ENT,EE,33.33,NaN,,NaN,,NaN
A,GE10,S951,E_ITT2,PC_ENT,EL,,u,54.55,NaN,68.75,NaN
A,GE10,S951,E_ITT2,PC_ENT,ES,66.63,NaN,,u,32.76,NaN
A,GE10,S951,E_ITT2,PC_ENT,EU15,,NaN,,NaN,,NaN
A,GE10,S951,E_ITT2,PC_ENT,EU27_2007,,NaN,,NaN,,NaN
A,GE10,S951,E_ITT2,PC_ENT,EU27_2020,47.17,NaN,49.97,NaN,46.26,NaN
A,GE10,S951,E_ITT2,PC_ENT,EU28,,NaN,,NaN,,NaN
A,GE10,S951,E_ITT2,PC_ENT,FI,,u,,u,,u
A,GE10,S951,E_ITT2,PC_ENT,FR,41.63,NaN,,bu,49.85,NaN
A,GE10,S951,E_ITT2,PC_ENT,HR,100.0,NaN,72.81,NaN,82.7,NaN
A,GE10,S951,E_ITT2,PC_ENT,HU,37.5,NaN,43.18,NaN,44.91,NaN
A,GE10,S951,E_ITT2,PC_ENT,IE,33.33,NaN,83.33,NaN,27.08,NaN
A,GE10,S951,E_ITT2,PC_ENT,IS,,NaN,,NaN,,NaN
A,GE10,S951,E_ITT2,PC_ENT,IT,,u,,u,,u
A,GE10,S951,E_ITT2,PC_ENT,LT,42.86,NaN,16.67,NaN,28.57,NaN
A,GE10,S951,E_ITT2,PC_ENT,LU,,NaN,,NaN,,NaN
A,GE10,S951,E_ITT2,PC_ENT,LV,100.0,NaN,38.89,NaN,,NaN
A,GE10,S951,E_ITT2,PC_ENT,ME,,u,,NaN,,NaN
A,GE10,S951,E_ITT2,PC_ENT,MK,,NaN,0.0,NaN,,NaN
A,GE10,S951,E_ITT2,PC_ENT,MT,,NaN,,NaN,,NaN
A,GE10,S951,E_ITT2,PC_ENT,NL,61.6,NaN,52.29,NaN,26.15,NaN
A,GE10,S951,E_ITT2,PC_ENT,NO,77.78,NaN,57.14,NaN,66.67,NaN
A,GE10,S951,E_ITT2,PC_ENT,PL,53.29,NaN,58.08,NaN,72.84,NaN
A,GE10,S951,E_ITT2,PC_ENT,PT,63.29,NaN,,u,,u
A,GE10,S951,E_ITT2,PC_ENT,RO,21.78,NaN,24.08,NaN,14.51,NaN
A,GE10,S951,E_ITT2,PC_ENT,RS,100.0,NaN,75.0,NaN,88.89,NaN
A,GE10,S951,E_ITT2,PC_ENT,SE,,u,53.33,NaN,,bu
A,GE10,S951,E_ITT2,PC_ENT,SI,,u,,u,76.96,NaN
A,GE10,S951,E_ITT2,PC_ENT,SK,18.33,NaN,23.08,NaN,18.18,NaN
A,GE10,S951,E_ITT2,PC_ENT,TR,26.35,NaN,40.96,NaN,42.86,NaN
A,GE10,S951,E_ITT2,PC_ENT,UK,,u,,NaN,,NaN
A,GE10,S951,E_ITT2,PC_ENT_CUSE,AT,,NaN,,NaN,,NaN
A,GE10,S951,E_ITT2,PC_ENT_CUSE,BA,,NaN,,NaN,,NaN
A,GE10,S951,E_ITT2,PC_ENT_CUSE,BE,,NaN,,NaN,,NaN
A,GE10,S951,E_ITT2,PC_ENT_CUSE,BG,,NaN,,NaN,,NaN
A,GE10,S951,E_ITT2,PC_ENT_CUSE,CY,,NaN,,NaN,,NaN
A,GE10,S951,E_ITT2,PC_ENT_CUSE,CZ,,NaN,,NaN,,NaN
A,GE10,S951,E_ITT2,PC_ENT_CUSE,DE,,NaN,,NaN,,NaN
A,GE10,S951,E_ITT2,PC_ENT_CUSE,DK,,NaN,,NaN,,NaN
A,GE10,S951,E_ITT2,PC_ENT_CUSE,EA,,NaN,,NaN,,NaN
A,GE10,S951,E_ITT2,PC_ENT_CUSE,EE,,NaN,,NaN,,NaN
A,GE10,S951,E_ITT2,PC_ENT_CUSE,EL,,NaN,,NaN,,NaN
A,GE10,S951,E_ITT2,PC_ENT_CUSE,ES,,NaN,,NaN,,NaN
A,GE10,S951,E_ITT2,PC_ENT_CUSE,EU15,,NaN,,NaN,,NaN
A,GE10,S951,E_ITT2,PC_ENT_CUSE,EU27_2007,,NaN,,NaN,,NaN
A,GE10,S951,E_ITT2,PC_ENT_CUSE,EU27_2020,,NaN,,NaN,,NaN
A,GE10,S951,E_ITT2,PC_ENT_CUSE,EU28,,NaN,,NaN,,NaN
A,GE10,S951,E_ITT2,PC_ENT_CUSE,FI,,NaN,,NaN,,NaN
A,GE10,S951,E_ITT2,PC_ENT_CUSE,FR,,NaN,,NaN,,NaN
A,GE10,S951,E_ITT2,PC_ENT_CUSE,HR,,NaN,,NaN,,NaN
A,GE10,S951,E_ITT2,PC_ENT_CUSE,HU,,NaN,,NaN,,NaN
A,GE10,S951,E_ITT2,PC_ENT_CUSE,IE,,NaN,,NaN,,NaN
A,GE10,S951,E_ITT2,PC_ENT_CUSE,IS,,NaN,,NaN,,NaN
A,GE10,S951,E_ITT2,PC_ENT_CUSE,IT,,NaN,,NaN,,NaN
A,GE10,S951,E_ITT2,PC_ENT_CUSE,LT,,NaN,,NaN,,NaN
A,GE10,S951,E_ITT2,PC_ENT_CUSE,LU,,NaN,,NaN,,NaN
A,GE10,S951,E_ITT2,PC_ENT_CUSE,LV,,NaN,,NaN,,NaN
A,GE10,S951,E_ITT2,PC_ENT_CUSE,ME,,NaN,,NaN,,NaN
A,GE10,S951,E_ITT2,PC_ENT_CUSE,MK,,NaN,,NaN,,NaN
A,GE10,S951,E_ITT2,PC_ENT_CUSE,MT,,NaN,,NaN,,NaN
A,GE10,S951,E_ITT2,PC_ENT_CUSE,NL,,NaN,,NaN,,NaN
A,GE10,S951,E_ITT2,PC_ENT_CUSE,NO,,NaN,,NaN,,NaN
A,GE10,S951,E_ITT2,PC_ENT_CUSE,PL,,NaN,,NaN,,NaN
A,GE10,S951,E_ITT2,PC_ENT_CUSE,PT,,NaN,,NaN,,NaN
A,GE10,S951,E_ITT2,PC_ENT_CUSE,RO,,NaN,,NaN,,NaN
A,GE10,S951,E_ITT2,PC_ENT_CUSE,RS,,NaN,,NaN,,NaN
A,GE10,S951,E_ITT2,PC_ENT_CUSE,SE,,NaN,,NaN,,NaN
A,GE10,S951,E_ITT2,PC_ENT_CUSE,SI,,NaN,,NaN,,NaN
A,GE10,S951,E_ITT2,PC_ENT_CUSE,SK,,NaN,,NaN,,NaN
A,GE10,S951,E_ITT2,PC_ENT_CUSE,TR,,NaN,,NaN,,NaN
A,GE10,S951,E_ITT2,PC_ENT_CUSE,UK,,NaN,,NaN,,NaN
A,GE10,S951,E_ITUST2,PC_ENT,AL,,NaN,,NaN,,NaN
A,GE10,S951,E_ITUST2,PC_ENT,AT,,u,,u,,u
A,GE10,S951,E_ITUST2,PC_ENT,BA,,NaN,,NaN,,NaN
A,GE10,S951,E_ITUST2,PC_ENT,BE,,u,,u,100.0,NaN
A,GE10,S951,E_ITUST2,PC_ENT,BG,0.0,NaN,0.0,NaN,0.0,NaN
A,GE10,S951,E_ITUST2,PC_ENT,CY,,NaN,,NaN,33.33,NaN
A,GE10,S951,E_ITUST2,PC_ENT,CZ,55.1,NaN,54.22,NaN,35.99,NaN
A,GE10,S951,E_ITUST2,PC_ENT,DE,22.14,NaN,,u,,u
A,GE10,S951,E_ITUST2,PC_ENT,DK,56.01,NaN,32.27,NaN,54.55,NaN
A,GE10,S951,E_ITUST2,PC_ENT,EA,29.86,NaN,35.44,NaN,36.36,NaN
A,GE10,S951,E_ITUST2,PC_ENT,EE,33.33,NaN,,NaN,,NaN
A,GE10,S951,E_ITUST2,PC_ENT,EL,0.0,NaN,54.55,NaN,68.75,NaN
A,GE10,S951,E_ITUST2,PC_ENT,ES,50.86,NaN,,u,27.61,NaN
A,GE10,S951,E_ITUST2,PC_ENT,EU15,,NaN,,NaN,,NaN
A,GE10,S951,E_ITUST2,PC_ENT,EU27_2007,,NaN,,NaN,,NaN
A,GE10,S951,E_ITUST2,PC_ENT,EU27_2020,32.17,NaN,35.74,NaN,35.44,NaN
A,GE10,S951,E_ITUST2,PC_ENT,EU28,,NaN,,NaN,,NaN
A,GE10,S951,E_ITUST2,PC_ENT,FI,,u,,u,,u
A,GE10,S951,E_ITUST2,PC_ENT,FR,21.67,NaN,,bu,38.49,NaN
A,GE10,S951,E_ITUST2,PC_ENT,HR,86.05,NaN,72.81,NaN,41.35,NaN
A,GE10,S951,E_ITUST2,PC_ENT,HU,25.0,NaN,29.55,NaN,32.42,NaN
A,GE10,S951,E_ITUST2,PC_ENT,IE,33.33,NaN,66.67,NaN,27.08,NaN
A,GE10,S951,E_ITUST2,PC_ENT,IS,,NaN,,NaN,,NaN
A,GE10,S951,E_ITUST2,PC_ENT,IT,,u,,u,,u
A,GE10,S951,E_ITUST2,PC_ENT,LT,42.86,NaN,16.67,NaN,28.57,NaN
A,GE10,S951,E_ITUST2,PC_ENT,LU,,NaN,,NaN,,NaN
A,GE10,S951,E_ITUST2,PC_ENT,LV,100.0,NaN,38.89,NaN,,NaN
A,GE10,S951,E_ITUST2,PC_ENT,ME,,u,,NaN,,NaN
A,GE10,S951,E_ITUST2,PC_ENT,MK,,NaN,0.0,NaN,,NaN
A,GE10,S951,E_ITUST2,PC_ENT,MT,,NaN,,NaN,,NaN
A,GE10,S951,E_ITUST2,PC_ENT,NL,41.6,NaN,24.14,NaN,26.15,NaN
A,GE10,S951,E_ITUST2,PC_ENT,NO,77.78,NaN,57.14,NaN,66.67,NaN
A,GE10,S951,E_ITUST2,PC_ENT,PL,45.43,NaN,49.86,NaN,51.23,NaN
A,GE10,S951,E_ITUST2,PC_ENT,PT,49.63,NaN,,u,,u
A,GE10,S951,E_ITUST2,PC_ENT,RO,17.95,NaN,13.02,NaN,8.35,NaN
A,GE10,S951,E_ITUST2,PC_ENT,RS,100.0,NaN,61.67,NaN,66.67,NaN
A,GE10,S951,E_ITUST2,PC_ENT,SE,,u,46.67,NaN,,bu
A,GE10,S951,E_ITUST2,PC_ENT,SI,0.0,NaN,,u,76.96,NaN
A,GE10,S951,E_ITUST2,PC_ENT,SK,9.17,NaN,23.08,NaN,18.18,NaN
A,GE10,S951,E_ITUST2,PC_ENT,TR,20.77,NaN,32.53,NaN,39.29,NaN
A,GE10,S951,E_ITUST2,PC_ENT,UK,,u,,NaN,,NaN
A,GE10,S951,E_ITUST2,PC_ENT_CUSE,AT,,NaN,,NaN,,NaN
A,GE10,S951,E_ITUST2,PC_ENT_CUSE,BA,,NaN,,NaN,,NaN
A,GE10,S951,E_ITUST2,PC_ENT_CUSE,BE,,NaN,,NaN,,NaN
A,GE10,S951,E_ITUST2,PC_ENT_CUSE,BG,,NaN,,NaN,,NaN
A,GE10,S951,E_ITUST2,PC_ENT_CUSE,CY,,NaN,,NaN,,NaN
A,GE10,S951,E_ITUST2,PC_ENT_CUSE,CZ,,NaN,,NaN,,NaN
A,GE10,S951,E_ITUST2,PC_ENT_CUSE,DE,,NaN,,NaN,,NaN
A,GE10,S951,E_ITUST2,PC_ENT_CUSE,DK,,NaN,,NaN,,NaN
A,GE10,S951,E_ITUST2,PC_ENT_CUSE,EA,,NaN,,NaN,,NaN
A,GE10,S951,E_ITUST2,PC_ENT_CUSE,EE,,NaN,,NaN,,NaN
A,GE10,S951,E_ITUST2,PC_ENT_CUSE,EL,,NaN,,NaN,,NaN
A,GE10,S951,E_ITUST2,PC_ENT_CUSE,ES,,NaN,,NaN,,NaN
A,GE10,S951,E_ITUST2,PC_ENT_CUSE,EU15,,NaN,,NaN,,NaN
A,GE10,S951,E_ITUST2,PC_ENT_CUSE,EU27_2007,,NaN,,NaN,,NaN
A,GE10,S951,E_ITUST2,PC_ENT_CUSE,EU27_2020,,NaN,,NaN,,NaN
A,GE10,S951,E_ITUST2,PC_ENT_CUSE,EU28,,NaN,,NaN,,NaN
A,GE10,S951,E_ITUST2,PC_ENT_CUSE,FI,,NaN,,NaN,,NaN
A,GE10,S951,E_ITUST2,PC_ENT_CUSE,FR,,NaN,,NaN,,NaN
A,GE10,S951,E_ITUST2,PC_ENT_CUSE,HR,,NaN,,NaN,,NaN
A,GE10,S951,E_ITUST2,PC_ENT_CUSE,HU,,NaN,,NaN,,NaN
A,GE10,S951,E_ITUST2,PC_ENT_CUSE,IE,,NaN,,NaN,,NaN
A,GE10,S951,E_ITUST2,PC_ENT_CUSE,IS,,NaN,,NaN,,NaN
A,GE10,S951,E_ITUST2,PC_ENT_CUSE,IT,,NaN,,NaN,,NaN
A,GE10,S951,E_ITUST2,PC_ENT_CUSE,LT,,NaN,,NaN,,NaN
A,GE10,S951,E_ITUST2,PC_ENT_CUSE,LU,,NaN,,NaN,,NaN
A,GE10,S951,E_ITUST2,PC_ENT_CUSE,LV,,NaN,,NaN,,NaN
A,GE10,S951,E_ITUST2,PC_ENT_CUSE,ME,,NaN,,NaN,,NaN
A,GE10,S951,E_ITUST2,PC_ENT_CUSE,MK,,NaN,,NaN,,NaN
A,GE10,S951,E_ITUST2,PC_ENT_CUSE,MT,,NaN,,NaN,,NaN
A,GE10,S951,E_ITUST2,PC_ENT_CUSE,NL,,NaN,,NaN,,NaN
A,GE10,S951,E_ITUST2,PC_ENT_CUSE,NO,,NaN,,NaN,,NaN
A,GE10,S951,E_ITUST2,PC_ENT_CUSE,PL,,NaN,,NaN,,NaN
A,GE10,S951,E_ITUST2,PC_ENT_CUSE,PT,,NaN,,NaN,,NaN
A,GE10,S951,E_ITUST2,PC_ENT_CUSE,RO,,NaN,,NaN,,NaN
A,GE10,S951,E_ITUST2,PC_ENT_CUSE,RS,,NaN,,NaN,,NaN
A,GE10,S951,E_ITUST2,PC_ENT_CUSE,SE,,NaN,,NaN,,NaN
A,GE10,S951,E_ITUST2,PC_ENT_CUSE,SI,,NaN,,NaN,,NaN
A,GE10,S951,E_ITUST2,PC_ENT_CUSE,SK,,NaN,,NaN,,NaN
A,GE10,S951,E_ITUST2,PC_ENT_CUSE,TR,,NaN,,NaN,,NaN
A,GE10,S951,E_ITUST2,PC_ENT_CUSE,UK,,NaN,,NaN,,NaN
