freq,size_emp,nace_r2,indic_is,unit,geo\TIME_PERIOD	2012 	2014 	2015 	2016 	2017 	2018 	2019 	2020 	2022 	2024 
A,GE10,C,E_ITSP2,PC_ENT,AL	: 	: 	: 	: 	: 	: 	: 	: 	11.22 b	: 
A,GE10,C,E_ITSP2,PC_ENT,AT	35.12 	31.01 	31.44 	35.22 	30.53 	28.03 	29.00 	28.74 	28.37 	30.02 
A,GE10,C,E_ITSP2,PC_ENT,BA	: 	: 	: 	: 	: 	12.50 	13.33 	12.92 	12.46 	13.91 
A,GE10,C,E_ITSP2,PC_ENT,BE	32.85 	: u	: u	: u	: u	: u	30.43 	: u	35.46 	35.31 
A,GE10,C,E_ITSP2,PC_ENT,BG	10.34 	17.20 	16.76 	15.71 	17.61 	14.58 	16.27 	15.16 	14.73 	15.53 
A,GE10,C,E_ITSP2,PC_ENT,CY	13.12 	14.28 	15.62 	14.90 	13.23 	15.51 	18.03 	14.23 	16.29 	14.93 
A,GE10,C,E_ITSP2,PC_ENT,CZ	32.70 	22.86 	22.01 	23.68 	23.43 	22.39 	22.60 	21.66 	21.42 	23.05 
A,GE10,C,E_ITSP2,PC_ENT,DE	26.18 	26.56 	25.91 	24.56 	23.62 	25.58 	24.12 	24.97 	25.82 	26.81 
A,GE10,C,E_ITSP2,PC_ENT,DK	27.35 	25.80 	24.08 	25.98 	25.69 	25.06 	27.59 	30.07 	31.99 	26.96 
A,GE10,C,E_ITSP2,PC_ENT,EA	21.43 	21.64 	22.28 	22.12 	20.87 	20.81 	20.78 	19.81 	20.41 	20.03 
A,GE10,C,E_ITSP2,PC_ENT,EE	14.55 	12.95 	13.08 	12.51 	13.60 	12.42 	12.27 	14.83 	14.37 	16.71 
A,GE10,C,E_ITSP2,PC_ENT,EL	: u	: u	: u	: u	: u	: u	: u	: u	17.08 	19.06 
A,GE10,C,E_ITSP2,PC_ENT,ES	19.18 	22.75 	25.98 	26.13 	20.13 	16.98 	15.61 	17.03 	13.05 	13.90 
A,GE10,C,E_ITSP2,PC_ENT,EU15	22.42 	21.96 	22.63 	22.68 	21.42 	21.31 	: 	: 	: 	: 
A,GE10,C,E_ITSP2,PC_ENT,EU27_2007	21.11 	20.45 	20.98 	21.08 	20.05 	20.01 	: 	: 	: 	: 
A,GE10,C,E_ITSP2,PC_ENT,EU27_2020	20.38 	20.17 	20.73 	20.59 	19.68 	19.62 	20.76 	20.63 	21.45 	20.62 
A,GE10,C,E_ITSP2,PC_ENT,EU28	21.10 	20.44 	20.99 	21.04 	20.04 	19.99 	21.36 	: 	: 	: 
A,GE10,C,E_ITSP2,PC_ENT,FI	35.40 	27.57 	30.51 	26.00 	27.55 	30.36 	27.86 	34.04 	33.07 	33.73 
A,GE10,C,E_ITSP2,PC_ENT,FR	15.91 	16.91 	18.09 	16.84 	19.35 	18.85 	20.32 	19.15 	20.45 b	17.55 
A,GE10,C,E_ITSP2,PC_ENT,HR	19.39 	18.45 	21.54 	16.57 	18.00 	18.30 	19.14 	16.61 	15.15 	14.29 
A,GE10,C,E_ITSP2,PC_ENT,HU	27.89 	26.16 	24.56 	25.94 	25.15 	27.69 	26.86 	30.72 	34.97 	30.38 
A,GE10,C,E_ITSP2,PC_ENT,IE	35.44 	33.62 	33.46 	41.90 	45.78 	37.40 	36.64 	33.48 	36.91 	38.11 
A,GE10,C,E_ITSP2,PC_ENT,IS	16.17 	13.05 	: 	: 	9.87 	: 	: 	12.10 	: 	: 
A,GE10,C,E_ITSP2,PC_ENT,IT	15.68 	16.87 	17.64 	18.40 	16.30 	: u	17.84 	12.96 	14.02 	13.64 
A,GE10,C,E_ITSP2,PC_ENT,LT	21.37 	16.55 	15.42 	14.33 	14.75 	17.70 	15.66 	15.30 	17.45 	16.15 
A,GE10,C,E_ITSP2,PC_ENT,LU	39.01 	25.22 	32.59 	32.07 	31.15 	29.36 	30.21 	24.05 	25.83 	24.56 
A,GE10,C,E_ITSP2,PC_ENT,LV	20.00 	19.30 	15.92 	14.02 	11.69 	12.87 	: u	17.61 	17.52 	16.83 
A,GE10,C,E_ITSP2,PC_ENT,ME	: 	: 	: 	15.32 	18.08 	14.22 	9.21 	: u	20.80 	17.76 
A,GE10,C,E_ITSP2,PC_ENT,MK	: u	9.53 	: u	11.08 	: 	: 	: 	: @C	6.21 	: 
A,GE10,C,E_ITSP2,PC_ENT,MT	18.87 	18.48 	20.26 	20.33 	17.07 	17.38 	22.94 	24.54 	28.48 	29.29 
A,GE10,C,E_ITSP2,PC_ENT,NL	30.09 	32.20 	34.29 	30.30 	28.47 	27.57 	24.68 	25.52 	31.64 	30.69 
A,GE10,C,E_ITSP2,PC_ENT,NO	31.67 	21.10 	20.54 	18.83 	22.97 	22.03 	19.78 	18.80 	19.85 	17.77 
A,GE10,C,E_ITSP2,PC_ENT,PL	13.31 	10.92 	12.51 	12.47 	11.95 	12.71 	24.10 	27.28 	32.05 	25.87 
A,GE10,C,E_ITSP2,PC_ENT,PT	27.46 	17.50 	14.83 	15.30 	18.76 	16.65 	16.73 	18.18 	20.11 	18.84 
A,GE10,C,E_ITSP2,PC_ENT,RO	3.43 	9.55 	9.74 	8.85 	8.53 	7.71 	8.76 	15.43 	9.35 	10.01 
A,GE10,C,E_ITSP2,PC_ENT,RS	: 	18.58 	: 	: 	20.30 	18.51 	21.81 	17.11 	17.47 	18.63 
A,GE10,C,E_ITSP2,PC_ENT,SE	24.24 	20.60 	19.89 	15.96 	18.31 	16.86 	19.47 	22.25 	22.27 	24.01 b
A,GE10,C,E_ITSP2,PC_ENT,SI	20.75 	19.27 	20.57 	20.03 	19.10 	20.84 	20.34 	17.22 	24.28 	17.52 
A,GE10,C,E_ITSP2,PC_ENT,SK	22.28 	20.34 	20.84 	20.91 	19.61 	18.40 	21.21 	18.50 	18.57 	17.41 
A,GE10,C,E_ITSP2,PC_ENT,TR	: 	: 	: u	: 	: 	10.72 	14.49 	12.62 	17.36 	14.40 
A,GE10,C,E_ITSP2,PC_ENT,UK	29.51 	23.40 	23.73 	26.04 	24.03 	24.32 	28.29 	: u	: 	: 
A,GE10,C,E_ITSP2,PC_ENT_CUSE,AT	35.52 	31.13 	31.59 	35.22 	30.65 	28.03 	29.00 	: 	: 	: 
A,GE10,C,E_ITSP2,PC_ENT_CUSE,BA	: 	: 	: 	: 	: 	12.67 	13.50 	: 	: 	: 
A,GE10,C,E_ITSP2,PC_ENT_CUSE,BE	33.46 	: u	: u	: u	: u	: u	30.43 	: 	: 	: 
A,GE10,C,E_ITSP2,PC_ENT_CUSE,BG	11.54 	18.77 	18.22 	16.89 	18.27 	15.36 	17.16 	: 	: 	: 
A,GE10,C,E_ITSP2,PC_ENT_CUSE,CY	13.58 	14.79 	16.00 	15.11 	13.65 	15.86 	18.32 	: 	: 	: 
A,GE10,C,E_ITSP2,PC_ENT_CUSE,CZ	33.29 	23.23 	22.39 	24.05 	23.74 	22.70 	23.02 	: 	: 	: 
A,GE10,C,E_ITSP2,PC_ENT_CUSE,DE	26.82 	26.84 	26.15 	24.95 	23.97 	25.78 	24.28 	: 	: 	: 
A,GE10,C,E_ITSP2,PC_ENT_CUSE,DK	27.41 	25.88 	24.08 	25.98 	25.69 	25.06 	27.59 	: 	: 	: 
A,GE10,C,E_ITSP2,PC_ENT_CUSE,EA	21.77 	21.86 	22.50 	22.33 	21.03 	20.98 	20.93 	: 	: 	: 
A,GE10,C,E_ITSP2,PC_ENT_CUSE,EE	14.84 	13.28 	13.38 	12.96 	13.94 	12.43 	12.30 	: 	: 	: 
A,GE10,C,E_ITSP2,PC_ENT_CUSE,EL	: u	: u	: u	: u	: u	: u	: u	: 	: 	: 
A,GE10,C,E_ITSP2,PC_ENT_CUSE,ES	19.37 	22.99 	26.39 	26.44 	20.26 	17.18 	15.81 	: 	: 	: 
A,GE10,C,E_ITSP2,PC_ENT_CUSE,EU15	22.80 	22.17 	22.84 	22.90 	21.60 	21.50 	: 	: 	: 	: 
A,GE10,C,E_ITSP2,PC_ENT_CUSE,EU27_2007	21.73 	20.89 	21.46 	21.51 	20.37 	20.34 	: 	: 	: 	: 
A,GE10,C,E_ITSP2,PC_ENT_CUSE,EU27_2020	20.99 	20.62 	21.24 	21.04 	20.00 	19.96 	21.11 	: 	: 	: 
A,GE10,C,E_ITSP2,PC_ENT_CUSE,EU28	21.72 	20.87 	21.48 	21.49 	20.36 	20.34 	21.70 	: 	: 	: 
A,GE10,C,E_ITSP2,PC_ENT_CUSE,FI	35.40 	27.57 	30.51 	26.00 	27.55 	30.36 	27.86 	: 	: 	: 
A,GE10,C,E_ITSP2,PC_ENT_CUSE,FR	16.13 	17.07 	18.21 	16.92 	19.35 	19.00 	20.36 	: 	: 	: 
A,GE10,C,E_ITSP2,PC_ENT_CUSE,HR	20.04 	19.09 	24.38 	18.64 	18.92 	19.49 	19.30 	: 	: 	: 
A,GE10,C,E_ITSP2,PC_ENT_CUSE,HU	29.67 	28.22 	26.24 	27.30 	26.31 	29.11 	28.01 	: 	: 	: 
A,GE10,C,E_ITSP2,PC_ENT_CUSE,IE	36.18 	33.79 	33.94 	42.08 	45.78 	37.51 	37.01 	: 	: 	: 
A,GE10,C,E_ITSP2,PC_ENT_CUSE,IS	16.27 	13.05 	: 	: 	9.87 	: 	: 	: 	: 	: 
A,GE10,C,E_ITSP2,PC_ENT_CUSE,IT	15.92 	17.00 	17.80 	18.52 	16.35 	: u	17.93 	: 	: 	: 
A,GE10,C,E_ITSP2,PC_ENT_CUSE,LT	21.37 	16.55 	15.42 	14.33 	14.75 	17.70 	15.66 	: 	: 	: 
A,GE10,C,E_ITSP2,PC_ENT_CUSE,LU	39.83 	25.22 	32.83 	32.07 	31.15 	29.36 	30.21 	: 	: 	: 
A,GE10,C,E_ITSP2,PC_ENT_CUSE,LV	20.91 	19.62 	16.13 	14.22 	11.80 	12.91 	: u	: 	: 	: 
A,GE10,C,E_ITSP2,PC_ENT_CUSE,ME	: 	: 	: 	16.19 	19.55 	14.22 	9.53 	: 	: 	: 
A,GE10,C,E_ITSP2,PC_ENT_CUSE,MK	: u	10.24 	: u	11.70 	: 	: 	: 	: 	: 	: 
A,GE10,C,E_ITSP2,PC_ENT_CUSE,MT	19.77 	18.83 	20.62 	20.66 	17.55 	17.66 	23.05 	: 	: 	: 
A,GE10,C,E_ITSP2,PC_ENT_CUSE,NL	30.09 	32.20 	34.29 	30.30 	28.47 	27.57 	24.68 	: 	: 	: 
A,GE10,C,E_ITSP2,PC_ENT_CUSE,NO	32.21 	21.60 	20.67 	19.08 	23.15 	22.22 	19.85 	: 	: 	: 
A,GE10,C,E_ITSP2,PC_ENT_CUSE,PL	14.02 	11.47 	13.40 	13.12 	12.42 	13.17 	24.90 	: 	: 	: 
A,GE10,C,E_ITSP2,PC_ENT_CUSE,PT	27.75 	17.74 	15.03 	15.51 	19.05 	16.79 	16.87 	: 	: 	: 
A,GE10,C,E_ITSP2,PC_ENT_CUSE,RO	4.27 	11.12 	11.42 	10.15 	9.50 	8.71 	10.35 	: 	: 	: 
A,GE10,C,E_ITSP2,PC_ENT_CUSE,RS	: 	18.58 	: 	: 	20.30 	18.78 	21.81 	: 	: 	: 
A,GE10,C,E_ITSP2,PC_ENT_CUSE,SE	24.43 	20.60 	19.89 	15.96 	18.31 	16.86 	19.47 	: 	: 	: 
A,GE10,C,E_ITSP2,PC_ENT_CUSE,SI	21.12 	19.63 	20.86 	20.12 	19.10 	21.00 	20.38 	: 	: 	: 
A,GE10,C,E_ITSP2,PC_ENT_CUSE,SK	22.51 	20.59 	21.13 	21.20 	19.97 	18.65 	21.76 	: 	: 	: 
A,GE10,C,E_ITSP2,PC_ENT_CUSE,TR	: 	: 	: u	: 	: 	11.05 	14.91 	: 	: 	: 
A,GE10,C,E_ITSP2,PC_ENT_CUSE,UK	30.36 	23.67 	23.99 	26.39 	24.47 	24.65 	28.46 	: 	: 	: 
A,GE10,C-E,E_ITSP2,PC_ENT,AL	: 	: 	: 	: 	: 	: 	: 	: 	14.61 b	: 
A,GE10,C-E,E_ITSP2,PC_ENT,AT	35.31 	31.11 	31.72 	35.27 	30.12 	27.88 	29.24 	27.98 	29.17 	30.23 
A,GE10,C-E,E_ITSP2,PC_ENT,BA	: 	: 	: 	: 	: 	13.44 	13.78 	13.34 	12.79 	15.03 
A,GE10,C-E,E_ITSP2,PC_ENT,BE	32.79 	: u	: u	: u	: u	: u	: u	: u	: u	: u
A,GE10,C-E,E_ITSP2,PC_ENT,BG	10.71 	17.63 	17.11 	16.40 	18.39 	14.93 	16.39 	15.22 	15.51 	15.93 
A,GE10,C-E,E_ITSP2,PC_ENT,CY	13.30 	16.09 	16.68 	16.24 	14.42 	16.53 	18.55 	15.15 	17.03 	16.03 
A,GE10,C-E,E_ITSP2,PC_ENT,CZ	32.61 	23.11 	22.28 	23.71 	23.34 	22.82 	23.09 	21.50 	21.27 	22.72 
A,GE10,C-E,E_ITSP2,PC_ENT,DE	26.12 	26.65 	26.00 	24.72 	24.16 	25.88 	24.48 	25.25 	26.33 	27.44 
A,GE10,C-E,E_ITSP2,PC_ENT,DK	28.51 	26.71 	24.25 	25.99 	26.23 	25.85 	27.96 	30.61 	33.05 	28.01 
A,GE10,C-E,E_ITSP2,PC_ENT,EA	21.64 	21.93 	22.53 	22.38 	21.22 	21.08 	21.10 	20.08 	20.90 	20.51 
A,GE10,C-E,E_ITSP2,PC_ENT,EE	15.13 	13.42 	13.61 	13.73 	14.63 	13.07 	12.91 	15.39 	15.16 	17.30 
A,GE10,C-E,E_ITSP2,PC_ENT,EL	: u	: u	: u	: u	: u	: u	: u	: u	17.68 	19.83 
A,GE10,C-E,E_ITSP2,PC_ENT,ES	19.49 	23.19 	26.09 	26.47 	20.53 	17.32 	16.11 	17.34 	13.65 	14.22 
A,GE10,C-E,E_ITSP2,PC_ENT,EU15	22.60 	22.29 	22.83 	22.84 	21.74 	21.55 	: 	: 	: 	: 
A,GE10,C-E,E_ITSP2,PC_ENT,EU27_2007	21.35 	20.81 	21.25 	21.32 	20.41 	20.31 	: 	: 	: 	: 
A,GE10,C-E,E_ITSP2,PC_ENT,EU27_2020	20.67 	20.52 	21.03 	20.91 	20.06 	19.98 	21.15 	20.97 	21.98 	21.12 
A,GE10,C-E,E_ITSP2,PC_ENT,EU28	21.34 	20.80 	21.25 	21.28 	20.39 	20.30 	21.73 	: 	: 	: 
A,GE10,C-E,E_ITSP2,PC_ENT,FI	35.30 	28.20 	31.24 	26.83 	27.90 	30.59 	29.34 	34.75 	33.81 	34.92 
A,GE10,C-E,E_ITSP2,PC_ENT,FR	16.18 	16.91 	18.27 	16.90 	19.29 	18.83 	20.23 	19.12 	20.46 b	17.73 
A,GE10,C-E,E_ITSP2,PC_ENT,HR	19.55 	19.12 	21.77 	16.76 	18.32 	19.21 	20.47 	17.64 	16.75 	15.30 
A,GE10,C-E,E_ITSP2,PC_ENT,HU	29.10 	26.98 	25.25 	26.50 	25.96 	28.35 	27.40 	31.25 	35.48 	30.94 
A,GE10,C-E,E_ITSP2,PC_ENT,IE	35.58 	34.34 	33.54 	42.22 	45.90 	37.14 	35.88 	33.02 	37.42 	37.40 
A,GE10,C-E,E_ITSP2,PC_ENT,IS	17.42 	15.34 	: 	: 	12.34 	: 	: 	15.37 	: 	: 
A,GE10,C-E,E_ITSP2,PC_ENT,IT	15.83 	17.15 	17.81 	18.56 	16.50 	: u	18.06 	13.15 	14.28 	13.81 
A,GE10,C-E,E_ITSP2,PC_ENT,LT	22.39 	17.82 	16.86 	16.19 	16.13 	18.75 	16.83 	16.44 	18.69 	17.69 
A,GE10,C-E,E_ITSP2,PC_ENT,LU	41.30 	26.91 	34.61 	33.11 	32.77 	32.10 	31.87 	26.29 	27.98 	26.51 
A,GE10,C-E,E_ITSP2,PC_ENT,LV	21.59 	20.30 	17.52 	14.69 	12.20 	13.48 	: u	18.29 	18.74 	18.02 
A,GE10,C-E,E_ITSP2,PC_ENT,ME	: 	: 	: 	18.77 	23.43 	19.68 	14.99 	: u	25.27 	26.19 
A,GE10,C-E,E_ITSP2,PC_ENT,MK	: u	10.39 	: u	12.09 	: 	: 	: 	: @C	6.95 	: 
A,GE10,C-E,E_ITSP2,PC_ENT,MT	: u	19.10 	20.41 	: u	: u	: u	: u	: u	: u	: u
A,GE10,C-E,E_ITSP2,PC_ENT,NL	30.45 	32.39 	34.48 	30.52 	28.81 	27.95 	24.89 	25.87 	31.99 	31.11 
A,GE10,C-E,E_ITSP2,PC_ENT,NO	34.63 	23.56 	22.53 	21.54 	25.20 	23.93 	23.22 	20.08 	22.42 	20.63 
A,GE10,C-E,E_ITSP2,PC_ENT,PL	13.99 	11.46 	13.12 	13.03 	12.52 	13.56 	24.78 	28.01 	32.64 	26.62 
A,GE10,C-E,E_ITSP2,PC_ENT,PT	28.04 	18.15 	15.33 	15.74 	19.34 	17.13 	17.38 	18.59 	20.64 	19.64 
A,GE10,C-E,E_ITSP2,PC_ENT,RO	3.47 	10.08 	10.18 	9.45 	8.79 	8.29 	9.17 	15.62 	10.07 	10.39 
A,GE10,C-E,E_ITSP2,PC_ENT,RS	: 	19.11 	: 	: 	21.43 	19.37 	22.76 	17.64 	17.70 	19.23 
A,GE10,C-E,E_ITSP2,PC_ENT,SE	24.80 	21.60 	21.25 	17.71 	19.91 	18.55 	21.07 	23.79 	23.87 	25.64 b
A,GE10,C-E,E_ITSP2,PC_ENT,SI	21.64 	20.37 	21.48 	21.09 	20.41 	21.68 	21.70 	18.29 	25.05 	18.39 
A,GE10,C-E,E_ITSP2,PC_ENT,SK	22.83 	21.02 	21.13 	21.75 	20.63 	18.37 	21.20 	18.69 	18.80 	17.55 
A,GE10,C-E,E_ITSP2,PC_ENT,TR	: 	: 	: u	: 	: 	11.10 	14.97 	13.04 	17.92 	14.98 
A,GE10,C-E,E_ITSP2,PC_ENT,UK	29.31 	23.91 	23.61 	25.33 	: u	23.93 	: u	: u	: 	: 
A,GE10,C-E,E_ITSP2,PC_ENT_CUSE,AT	35.69 	31.22 	31.86 	35.27 	30.24 	27.88 	29.24 	: 	: 	: 
A,GE10,C-E,E_ITSP2,PC_ENT_CUSE,BA	: 	: 	: 	: 	: 	13.61 	13.94 	: 	: 	: 
A,GE10,C-E,E_ITSP2,PC_ENT_CUSE,BE	33.38 	: u	: u	: u	: u	: u	: u	: 	: 	: 
A,GE10,C-E,E_ITSP2,PC_ENT_CUSE,BG	11.93 	19.17 	18.57 	17.56 	19.06 	15.71 	17.24 	: 	: 	: 
A,GE10,C-E,E_ITSP2,PC_ENT_CUSE,CY	13.78 	16.62 	17.06 	16.53 	14.88 	16.87 	18.86 	: 	: 	: 
A,GE10,C-E,E_ITSP2,PC_ENT_CUSE,CZ	33.17 	23.49 	22.64 	24.09 	23.65 	23.14 	23.53 	: 	: 	: 
A,GE10,C-E,E_ITSP2,PC_ENT_CUSE,DE	26.74 	26.93 	26.22 	25.10 	24.50 	26.08 	24.64 	: 	: 	: 
A,GE10,C-E,E_ITSP2,PC_ENT_CUSE,DK	28.57 	26.79 	24.25 	25.99 	26.23 	25.85 	27.96 	: 	: 	: 
A,GE10,C-E,E_ITSP2,PC_ENT_CUSE,EA	21.98 	22.15 	22.73 	22.60 	21.38 	21.25 	21.25 	: 	: 	: 
A,GE10,C-E,E_ITSP2,PC_ENT_CUSE,EE	15.46 	13.76 	13.89 	14.21 	14.99 	13.07 	12.94 	: 	: 	: 
A,GE10,C-E,E_ITSP2,PC_ENT_CUSE,EL	: u	: u	: u	: u	: u	: u	: u	: 	: 	: 
A,GE10,C-E,E_ITSP2,PC_ENT_CUSE,ES	19.68 	23.43 	26.47 	26.77 	20.66 	17.52 	16.31 	: 	: 	: 
A,GE10,C-E,E_ITSP2,PC_ENT_CUSE,EU15	22.97 	22.50 	23.04 	23.07 	21.93 	21.76 	: 	: 	: 	: 
A,GE10,C-E,E_ITSP2,PC_ENT_CUSE,EU27_2007	21.97 	21.24 	21.73 	21.75 	20.73 	20.66 	: 	: 	: 	: 
A,GE10,C-E,E_ITSP2,PC_ENT_CUSE,EU27_2020	21.26 	20.96 	21.54 	21.35 	20.37 	20.32 	21.51 	: 	: 	: 
A,GE10,C-E,E_ITSP2,PC_ENT_CUSE,EU28	21.95 	21.23 	21.74 	21.72 	20.72 	20.66 	22.09 	: 	: 	: 
A,GE10,C-E,E_ITSP2,PC_ENT_CUSE,FI	35.30 	28.20 	31.24 	26.83 	27.90 	30.59 	29.34 	: 	: 	: 
A,GE10,C-E,E_ITSP2,PC_ENT_CUSE,FR	16.39 	17.07 	18.39 	16.98 	19.29 	18.97 	20.26 	: 	: 	: 
A,GE10,C-E,E_ITSP2,PC_ENT_CUSE,HR	20.16 	19.71 	24.36 	18.59 	19.14 	20.30 	20.63 	: 	: 	: 
A,GE10,C-E,E_ITSP2,PC_ENT_CUSE,HU	30.85 	29.02 	26.94 	27.87 	27.12 	29.78 	28.56 	: 	: 	: 
A,GE10,C-E,E_ITSP2,PC_ENT_CUSE,IE	36.28 	34.50 	33.98 	42.38 	45.90 	37.25 	36.24 	: 	: 	: 
A,GE10,C-E,E_ITSP2,PC_ENT_CUSE,IS	17.51 	15.34 	: 	: 	12.34 	: 	: 	: 	: 	: 
A,GE10,C-E,E_ITSP2,PC_ENT_CUSE,IT	16.07 	17.29 	17.97 	18.68 	16.54 	: u	18.14 	: 	: 	: 
A,GE10,C-E,E_ITSP2,PC_ENT_CUSE,LT	22.39 	17.82 	16.86 	16.19 	16.13 	18.75 	16.83 	: 	: 	: 
A,GE10,C-E,E_ITSP2,PC_ENT_CUSE,LU	42.09 	26.91 	34.84 	33.11 	32.77 	32.10 	31.87 	: 	: 	: 
A,GE10,C-E,E_ITSP2,PC_ENT_CUSE,LV	22.50 	20.63 	17.72 	14.89 	12.33 	13.52 	: u	: 	: 	: 
A,GE10,C-E,E_ITSP2,PC_ENT_CUSE,ME	: 	: 	: 	19.70 	24.89 	19.68 	15.39 	: 	: 	: 
A,GE10,C-E,E_ITSP2,PC_ENT_CUSE,MK	: u	11.14 	: u	12.71 	: 	: 	: 	: 	: 	: 
A,GE10,C-E,E_ITSP2,PC_ENT_CUSE,MT	: u	19.44 	20.76 	: u	: u	: u	: u	: 	: 	: 
A,GE10,C-E,E_ITSP2,PC_ENT_CUSE,NL	30.45 	32.39 	34.48 	30.52 	28.81 	27.95 	24.89 	: 	: 	: 
A,GE10,C-E,E_ITSP2,PC_ENT_CUSE,NO	35.16 	24.06 	22.66 	21.79 	25.38 	24.11 	23.30 	: 	: 	: 
A,GE10,C-E,E_ITSP2,PC_ENT_CUSE,PL	14.71 	12.02 	14.01 	13.67 	12.99 	14.02 	25.57 	: 	: 	: 
A,GE10,C-E,E_ITSP2,PC_ENT_CUSE,PT	28.33 	18.38 	15.53 	15.95 	19.63 	17.27 	17.52 	: 	: 	: 
A,GE10,C-E,E_ITSP2,PC_ENT_CUSE,RO	4.30 	11.67 	11.94 	10.77 	9.78 	9.36 	10.82 	: 	: 	: 
A,GE10,C-E,E_ITSP2,PC_ENT_CUSE,RS	: 	19.11 	: 	: 	21.43 	19.66 	22.76 	: 	: 	: 
A,GE10,C-E,E_ITSP2,PC_ENT_CUSE,SE	24.99 	21.60 	21.25 	17.71 	19.91 	18.55 	21.07 	: 	: 	: 
A,GE10,C-E,E_ITSP2,PC_ENT_CUSE,SI	22.02 	20.75 	21.75 	21.20 	20.41 	21.84 	21.77 	: 	: 	: 
A,GE10,C-E,E_ITSP2,PC_ENT_CUSE,SK	23.05 	21.30 	21.39 	22.05 	20.98 	18.62 	21.70 	: 	: 	: 
A,GE10,C-E,E_ITSP2,PC_ENT_CUSE,TR	: 	: 	: u	: 	: 	11.43 	15.40 	: 	: 	: 
A,GE10,C-E,E_ITSP2,PC_ENT_CUSE,UK	30.13 	24.21 	23.96 	25.81 	: u	24.55 	: u	: 	: 	: 
A,GE10,C-F,E_ITSP2,PC_ENT,AL	: 	: 	: 	: 	: 	: 	: 	: 	16.35 b	: 
A,GE10,C-F,E_ITSP2,PC_ENT,AT	29.78 	23.38 	21.53 	24.41 	20.83 	19.10 	19.14 	18.71 	19.52 	19.00 
A,GE10,C-F,E_ITSP2,PC_ENT,BA	: 	: 	: 	: 	: 	12.97 	12.34 	11.97 	11.15 	13.34 
A,GE10,C-F,E_ITSP2,PC_ENT,BE	24.18 	22.38 	22.03 	23.41 	27.11 	22.83 	22.44 	27.88 	26.89 	24.92 
A,GE10,C-F,E_ITSP2,PC_ENT,BG	10.68 	15.73 	17.13 	15.97 	15.92 	13.92 	14.88 	13.47 	12.40 	13.55 
A,GE10,C-F,E_ITSP2,PC_ENT,CY	12.15 	14.90 	16.98 	15.51 	15.40 	14.31 	15.95 	14.45 	14.67 	14.37 
A,GE10,C-F,E_ITSP2,PC_ENT,CZ	28.12 	18.86 	19.00 	19.54 	18.71 	19.16 	19.59 	17.66 	17.33 	18.10 
A,GE10,C-F,E_ITSP2,PC_ENT,DE	20.45 	19.41 	18.53 	18.22 	17.52 	18.40 	17.70 	17.51 	18.95 	19.01 
A,GE10,C-F,E_ITSP2,PC_ENT,DK	20.02 	18.17 	16.83 	18.94 	18.11 	18.57 	19.67 	20.68 	22.22 	19.24 
A,GE10,C-F,E_ITSP2,PC_ENT,EA	17.72 	17.40 	17.59 	17.54 	16.82 	16.47 	16.47 	15.54 	16.00 	15.39 
A,GE10,C-F,E_ITSP2,PC_ENT,EE	13.04 	10.92 	10.73 	10.73 	11.71 	10.15 	10.16 	11.85 	11.26 	13.38 
A,GE10,C-F,E_ITSP2,PC_ENT,EL	30.45 	22.10 	25.18 	24.97 	19.96 	21.28 	21.83 	19.03 	16.42 	18.80 
A,GE10,C-F,E_ITSP2,PC_ENT,ES	17.22 	21.10 	23.06 	22.47 	16.98 	14.65 	13.17 	13.71 	10.95 	10.47 
A,GE10,C-F,E_ITSP2,PC_ENT,EU15	18.77 	17.95 	18.00 	17.97 	17.29 	16.98 	: 	: 	: 	: 
A,GE10,C-F,E_ITSP2,PC_ENT,EU27_2007	17.90 	16.90 	17.08 	17.09 	16.47 	16.23 	: 	: 	: 	: 
A,GE10,C-F,E_ITSP2,PC_ENT,EU27_2020	17.00 	16.36 	16.73 	16.67 	16.04 	15.80 	16.74 	16.57 	17.08 	16.07 
A,GE10,C-F,E_ITSP2,PC_ENT,EU28	17.89 	16.89 	17.10 	17.07 	16.45 	16.22 	17.70 	: 	: 	: 
A,GE10,C-F,E_ITSP2,PC_ENT,FI	24.48 	21.22 	21.38 	19.06 	22.07 	22.54 	19.80 	22.36 	24.14 	26.26 
A,GE10,C-F,E_ITSP2,PC_ENT,FR	11.46 	11.37 	11.64 	10.94 	13.22 	12.78 	13.26 	13.59 	12.48 b	12.46 
A,GE10,C-F,E_ITSP2,PC_ENT,HR	16.06 	15.48 	18.77 	14.47 	14.84 	15.84 	15.53 	14.84 	11.35 	11.47 
A,GE10,C-F,E_ITSP2,PC_ENT,HU	27.11 	24.26 	22.45 	23.41 	24.19 	22.91 	21.46 	27.58 	28.04 	24.89 
A,GE10,C-F,E_ITSP2,PC_ENT,IE	32.74 	32.62 	31.66 	38.44 	41.53 	35.63 	35.15 	27.07 	29.80 	29.27 
A,GE10,C-F,E_ITSP2,PC_ENT,IS	15.90 	12.40 	: 	: 	9.97 	: 	: 	9.04 	: 	: 
A,GE10,C-F,E_ITSP2,PC_ENT,IT	13.53 	15.02 	16.02 	16.56 	14.96 	15.01 	16.13 	11.65 	12.49 	11.46 
A,GE10,C-F,E_ITSP2,PC_ENT,LT	18.66 	13.20 	13.27 	12.54 	14.11 	14.29 	13.17 	12.15 	12.89 	12.76 
A,GE10,C-F,E_ITSP2,PC_ENT,LU	23.26 	12.50 	16.60 	14.79 	19.14 	14.45 	16.01 	15.91 	13.23 	14.02 
A,GE10,C-F,E_ITSP2,PC_ENT,LV	18.30 	17.38 	14.42 	12.50 	9.39 	11.19 	14.90 	15.47 	14.74 	13.10 
A,GE10,C-F,E_ITSP2,PC_ENT,ME	: 	: 	: 	16.32 	17.48 	15.88 	11.40 	: u	25.81 	23.64 
A,GE10,C-F,E_ITSP2,PC_ENT,MK	14.07 	8.40 	9.13 	11.17 	: 	: 	: 	7.40 	6.82 	: 
A,GE10,C-F,E_ITSP2,PC_ENT,MT	17.65 	18.06 	18.65 	18.81 	15.57 	15.32 	19.68 	20.00 	25.36 	25.00 
A,GE10,C-F,E_ITSP2,PC_ENT,NL	22.36 	25.24 	27.61 	25.92 	23.94 	22.93 	19.52 	20.71 	25.48 	24.90 
A,GE10,C-F,E_ITSP2,PC_ENT,NO	24.65 	14.86 	13.63 	12.67 	14.51 	13.06 	13.12 	11.50 	13.25 	11.31 
A,GE10,C-F,E_ITSP2,PC_ENT,PL	11.67 	9.31 	10.73 	11.01 	10.47 	11.30 	21.60 	23.74 	28.48 	22.59 
A,GE10,C-F,E_ITSP2,PC_ENT,PT	27.38 	15.73 	14.42 	13.86 	17.55 	14.28 	18.65 	16.29 	16.62 	15.54 
A,GE10,C-F,E_ITSP2,PC_ENT,RO	2.59 	8.65 	9.87 	8.73 	7.85 	7.58 	7.72 	15.27 	8.26 	8.71 
A,GE10,C-F,E_ITSP2,PC_ENT,RS	: 	17.37 	: 	: 	19.41 	18.73 	21.44 	15.46 	17.93 	18.65 
A,GE10,C-F,E_ITSP2,PC_ENT,SE	16.28 	14.04 	14.07 	12.02 	13.01 	12.71 	14.00 	14.71 	16.14 	14.67 b
A,GE10,C-F,E_ITSP2,PC_ENT,SI	15.82 	15.64 	15.39 	15.33 	15.20 	16.95 	15.28 	13.08 	17.15 	12.96 
A,GE10,C-F,E_ITSP2,PC_ENT,SK	21.67 	17.46 	16.87 	18.52 	18.53 	15.42 	17.59 	14.98 	15.52 	14.76 
A,GE10,C-F,E_ITSP2,PC_ENT,TR	: 	: 	: u	: 	: 	8.78 	11.54 	10.60 	15.01 	11.45 
A,GE10,C-F,E_ITSP2,PC_ENT,UK	28.21 	22.61 	20.88 	21.25 	20.80 	20.69 	28.06 	32.44 	: 	: 
A,GE10,C-F,E_ITSP2,PC_ENT_CUSE,AT	30.07 	23.42 	21.58 	24.41 	20.87 	19.10 	19.14 	: 	: 	: 
A,GE10,C-F,E_ITSP2,PC_ENT_CUSE,BA	: 	: 	: 	: 	: 	13.09 	12.44 	: 	: 	: 
A,GE10,C-F,E_ITSP2,PC_ENT_CUSE,BE	24.52 	22.64 	22.03 	23.41 	27.11 	22.83 	22.44 	: 	: 	: 
A,GE10,C-F,E_ITSP2,PC_ENT_CUSE,BG	11.88 	16.98 	18.35 	17.05 	16.43 	14.53 	15.61 	: 	: 	: 
A,GE10,C-F,E_ITSP2,PC_ENT_CUSE,CY	12.58 	15.43 	17.64 	15.98 	16.33 	14.96 	16.51 	: 	: 	: 
A,GE10,C-F,E_ITSP2,PC_ENT_CUSE,CZ	28.75 	19.17 	19.29 	19.91 	18.99 	19.45 	20.02 	: 	: 	: 
A,GE10,C-F,E_ITSP2,PC_ENT_CUSE,DE	20.84 	19.75 	18.78 	18.49 	17.72 	18.51 	17.77 	: 	: 	: 
A,GE10,C-F,E_ITSP2,PC_ENT_CUSE,DK	20.08 	18.29 	16.85 	18.94 	18.11 	18.57 	19.67 	: 	: 	: 
A,GE10,C-F,E_ITSP2,PC_ENT_CUSE,EA	17.98 	17.61 	17.78 	17.72 	16.94 	16.59 	16.57 	: 	: 	: 
A,GE10,C-F,E_ITSP2,PC_ENT_CUSE,EE	13.40 	11.19 	10.96 	11.05 	12.02 	10.15 	10.24 	: 	: 	: 
A,GE10,C-F,E_ITSP2,PC_ENT_CUSE,EL	31.73 	24.02 	29.51 	28.18 	21.85 	23.18 	23.87 	: 	: 	: 
A,GE10,C-F,E_ITSP2,PC_ENT_CUSE,ES	17.44 	21.33 	23.35 	22.70 	17.07 	14.80 	13.28 	: 	: 	: 
A,GE10,C-F,E_ITSP2,PC_ENT_CUSE,EU15	19.06 	18.16 	18.21 	18.17 	17.45 	17.14 	: 	: 	: 	: 
A,GE10,C-F,E_ITSP2,PC_ENT_CUSE,EU27_2007	18.42 	17.30 	17.49 	17.45 	16.77 	16.52 	: 	: 	: 	: 
A,GE10,C-F,E_ITSP2,PC_ENT_CUSE,EU27_2020	17.50 	16.75 	17.14 	17.03 	16.32 	16.07 	17.04 	: 	: 	: 
A,GE10,C-F,E_ITSP2,PC_ENT_CUSE,EU28	18.40 	17.29 	17.51 	17.44 	16.76 	16.52 	18.03 	: 	: 	: 
A,GE10,C-F,E_ITSP2,PC_ENT_CUSE,FI	24.48 	21.22 	21.38 	19.06 	22.07 	22.54 	19.80 	: 	: 	: 
A,GE10,C-F,E_ITSP2,PC_ENT_CUSE,FR	11.54 	11.44 	11.69 	10.97 	13.22 	12.84 	13.27 	: 	: 	: 
A,GE10,C-F,E_ITSP2,PC_ENT_CUSE,HR	16.65 	16.08 	21.03 	16.17 	15.61 	16.71 	15.95 	: 	: 	: 
A,GE10,C-F,E_ITSP2,PC_ENT_CUSE,HU	29.39 	26.19 	24.25 	24.75 	25.42 	24.27 	22.53 	: 	: 	: 
A,GE10,C-F,E_ITSP2,PC_ENT_CUSE,IE	33.88 	32.81 	31.95 	38.64 	41.63 	35.77 	35.61 	: 	: 	: 
A,GE10,C-F,E_ITSP2,PC_ENT_CUSE,IS	15.96 	12.40 	: 	: 	9.97 	: 	: 	: 	: 	: 
A,GE10,C-F,E_ITSP2,PC_ENT_CUSE,IT	13.76 	15.13 	16.14 	16.67 	15.01 	15.12 	16.21 	: 	: 	: 
A,GE10,C-F,E_ITSP2,PC_ENT_CUSE,LT	18.66 	13.20 	13.27 	12.54 	14.11 	14.29 	13.17 	: 	: 	: 
A,GE10,C-F,E_ITSP2,PC_ENT_CUSE,LU	23.62 	12.50 	16.67 	14.80 	19.14 	14.45 	16.01 	: 	: 	: 
A,GE10,C-F,E_ITSP2,PC_ENT_CUSE,LV	19.43 	17.72 	14.72 	12.65 	9.47 	11.21 	15.04 	: 	: 	: 
A,GE10,C-F,E_ITSP2,PC_ENT_CUSE,ME	: 	: 	: 	17.04 	18.62 	15.88 	11.95 	: 	: 	: 
A,GE10,C-F,E_ITSP2,PC_ENT_CUSE,MK	15.92 	8.91 	9.49 	11.60 	: 	: 	: 	: 	: 	: 
A,GE10,C-F,E_ITSP2,PC_ENT_CUSE,MT	18.61 	18.53 	19.25 	19.29 	16.00 	15.84 	20.02 	: 	: 	: 
A,GE10,C-F,E_ITSP2,PC_ENT_CUSE,NL	22.36 	25.24 	27.61 	25.92 	23.94 	22.93 	19.52 	: 	: 	: 
A,GE10,C-F,E_ITSP2,PC_ENT_CUSE,NO	24.90 	15.08 	13.67 	12.74 	14.63 	13.16 	13.18 	: 	: 	: 
A,GE10,C-F,E_ITSP2,PC_ENT_CUSE,PL	12.38 	9.89 	11.49 	11.68 	10.99 	11.83 	22.44 	: 	: 	: 
A,GE10,C-F,E_ITSP2,PC_ENT_CUSE,PT	28.05 	15.97 	14.60 	14.05 	17.90 	14.42 	18.76 	: 	: 	: 
A,GE10,C-F,E_ITSP2,PC_ENT_CUSE,RO	3.17 	10.04 	11.43 	9.99 	8.92 	8.63 	9.49 	: 	: 	: 
A,GE10,C-F,E_ITSP2,PC_ENT_CUSE,RS	: 	17.37 	: 	: 	19.41 	18.94 	21.44 	: 	: 	: 
A,GE10,C-F,E_ITSP2,PC_ENT_CUSE,SE	16.47 	14.04 	14.07 	12.02 	13.01 	12.71 	14.00 	: 	: 	: 
A,GE10,C-F,E_ITSP2,PC_ENT_CUSE,SI	16.44 	16.08 	15.71 	15.50 	15.40 	17.16 	15.52 	: 	: 	: 
A,GE10,C-F,E_ITSP2,PC_ENT_CUSE,SK	21.86 	17.74 	17.10 	18.79 	18.80 	15.70 	18.17 	: 	: 	: 
A,GE10,C-F,E_ITSP2,PC_ENT_CUSE,TR	: 	: 	: u	: 	: 	9.11 	11.98 	: 	: 	: 
A,GE10,C-F,E_ITSP2,PC_ENT_CUSE,UK	28.95 	23.05 	21.36 	21.73 	21.46 	21.29 	28.64 	: 	: 	: 
A,GE10,C10-C12,E_ITSP2,PC_ENT,AT	: u	: u	: u	14.87 	11.90 	15.40 	12.57 	15.50 	16.39 	16.96 
A,GE10,C10-C12,E_ITSP2,PC_ENT,BA	: 	: 	: 	: 	: 	11.13 	11.40 	11.68 	10.34 	11.08 
A,GE10,C10-C12,E_ITSP2,PC_ENT,BE	18.08 	18.15 	24.54 	: u	: u	: u	: u	26.40 	: u	30.07 
A,GE10,C10-C12,E_ITSP2,PC_ENT,BG	13.14 	15.61 	15.39 	13.11 	16.28 	12.86 	16.11 	12.90 	12.25 	12.62 
A,GE10,C10-C12,E_ITSP2,PC_ENT,CY	14.18 	16.33 	19.34 	19.28 	11.39 	15.02 	15.63 	13.08 	15.00 	20.20 
A,GE10,C10-C12,E_ITSP2,PC_ENT,CZ	20.31 	17.26 	17.07 	14.02 	15.71 	14.26 	17.09 	14.06 	13.50 	12.47 
A,GE10,C10-C12,E_ITSP2,PC_ENT,DE	9.31 	11.97 	11.62 	8.25 	9.12 	10.85 	9.21 	10.47 	13.04 	12.53 
A,GE10,C10-C12,E_ITSP2,PC_ENT,DK	22.67 	20.29 	20.47 	19.84 	21.14 	21.46 	24.74 	24.59 	33.24 	26.60 
A,GE10,C10-C12,E_ITSP2,PC_ENT,EA	14.66 	14.53 	14.41 	12.92 	12.47 	13.02 	12.30 	12.73 	13.09 	12.75 
A,GE10,C10-C12,E_ITSP2,PC_ENT,EE	15.33 	14.93 	11.39 	13.71 	16.33 	11.38 	8.83 	14.14 	16.94 	9.45 
A,GE10,C10-C12,E_ITSP2,PC_ENT,EL	26.68 	23.46 	28.02 	36.35 	17.32 	16.64 	18.92 	: u	14.75 	15.56 
A,GE10,C10-C12,E_ITSP2,PC_ENT,ES	: u	: u	: u	: u	: u	: u	: u	: u	: u	11.08 
A,GE10,C10-C12,E_ITSP2,PC_ENT,EU15	15.21 	14.87 	14.83 	13.47 	13.06 	13.37 	: 	: 	: 	: 
A,GE10,C10-C12,E_ITSP2,PC_ENT,EU27_2007	14.61 	14.27 	14.23 	13.03 	12.63 	13.15 	: 	: 	: 	: 
A,GE10,C10-C12,E_ITSP2,PC_ENT,EU27_2020	14.13 	13.87 	13.90 	12.55 	12.15 	12.89 	13.40 	14.01 	14.55 	13.52 
A,GE10,C10-C12,E_ITSP2,PC_ENT,EU28	14.63 	14.29 	14.26 	13.03 	12.63 	13.13 	13.86 	: 	: 	: 
A,GE10,C10-C12,E_ITSP2,PC_ENT,FI	: u	: u	: u	: u	: u	: u	: u	: u	: u	: u
A,GE10,C10-C12,E_ITSP2,PC_ENT,FR	10.33 	10.12 	9.91 	9.67 	9.68 	11.34 	10.35 	11.86 	12.04 b	8.47 
A,GE10,C10-C12,E_ITSP2,PC_ENT,HR	16.08 	17.43 	18.30 	12.89 	13.14 	11.21 	20.50 	12.52 	7.82 	6.04 
A,GE10,C10-C12,E_ITSP2,PC_ENT,HU	21.12 	22.73 	22.06 	20.01 	18.98 	22.63 	21.88 	21.31 	27.27 	19.80 
A,GE10,C10-C12,E_ITSP2,PC_ENT,IE	36.53 	24.97 	22.97 	39.37 	41.42 	40.16 	32.98 	25.50 	37.26 	38.50 
A,GE10,C10-C12,E_ITSP2,PC_ENT,IS	13.92 	13.33 	: 	: 	7.29 	: 	: 	7.30 	: 	: 
A,GE10,C10-C12,E_ITSP2,PC_ENT,IT	14.23 	11.80 	13.25 	11.81 	12.06 	11.52 	12.33 	11.18 	7.81 	10.07 
A,GE10,C10-C12,E_ITSP2,PC_ENT,LT	20.50 	17.67 	20.43 	14.51 	17.19 	15.23 	17.41 	15.64 	21.38 	17.46 
A,GE10,C10-C12,E_ITSP2,PC_ENT,LU	: u	: u	: u	: u	: u	: u	: u	: u	: u	: u
A,GE10,C10-C12,E_ITSP2,PC_ENT,LV	26.77 	22.62 	18.17 	15.26 	17.06 	13.34 	16.47 	17.64 	20.42 	15.35 
A,GE10,C10-C12,E_ITSP2,PC_ENT,ME	: 	: 	: 	17.19 	18.41 	14.86 	: u	: u	7.14 	16.36 
A,GE10,C10-C12,E_ITSP2,PC_ENT,MK	14.00 	13.07 	9.25 	10.74 	: 	: 	: 	: @C	: u	: 
A,GE10,C10-C12,E_ITSP2,PC_ENT,MT	17.22 	25.06 	23.25 	16.70 	10.63 	13.49 	23.03 	21.05 	23.24 	21.00 
A,GE10,C10-C12,E_ITSP2,PC_ENT,NL	20.62 	23.82 	26.33 	20.73 	21.43 	22.31 	18.50 	18.56 	24.64 	25.58 
A,GE10,C10-C12,E_ITSP2,PC_ENT,NO	16.59 	9.39 	9.28 	9.00 	10.73 	11.91 	10.60 	16.63 	12.32 	12.49 
A,GE10,C10-C12,E_ITSP2,PC_ENT,PL	10.22 	8.30 	9.42 	9.21 	7.80 	10.35 	18.71 	22.87 	26.45 	20.22 
A,GE10,C10-C12,E_ITSP2,PC_ENT,PT	33.81 	15.06 	12.36 	9.98 	13.08 	16.81 	15.56 	18.30 	18.94 	17.76 
A,GE10,C10-C12,E_ITSP2,PC_ENT,RO	5.17 	6.98 	7.15 	7.35 	5.99 	8.41 	8.06 	13.20 	6.42 	8.30 
A,GE10,C10-C12,E_ITSP2,PC_ENT,RS	: 	14.32 	: 	: 	13.53 	14.37 	18.62 	11.60 	16.59 	20.19 
A,GE10,C10-C12,E_ITSP2,PC_ENT,SE	9.01 	12.82 	15.81 	11.58 	11.63 	13.18 	18.24 	16.06 	22.51 	17.03 b
A,GE10,C10-C12,E_ITSP2,PC_ENT,SI	16.30 	24.99 	16.67 	13.50 	7.94 	13.33 	19.98 	22.55 	17.24 	16.31 
A,GE10,C10-C12,E_ITSP2,PC_ENT,SK	21.16 	23.63 	13.32 	16.18 	13.96 	13.10 	14.54 	10.59 	13.59 	7.41 
A,GE10,C10-C12,E_ITSP2,PC_ENT,TR	: 	: 	: u	: 	: 	7.21 	8.62 	7.85 	13.23 	10.79 
A,GE10,C10-C12,E_ITSP2,PC_ENT,UK	25.58 	22.83 	21.11 	22.37 	21.89 	17.76 	22.62 	24.72 	: 	: 
A,GE10,C10-C12,E_ITSP2,PC_ENT_CUSE,AT	: u	: u	: u	14.87 	12.13 	15.40 	12.57 	: 	: 	: 
A,GE10,C10-C12,E_ITSP2,PC_ENT_CUSE,BA	: 	: 	: 	: 	: 	11.34 	11.83 	: 	: 	: 
A,GE10,C10-C12,E_ITSP2,PC_ENT_CUSE,BE	18.93 	18.52 	24.54 	: u	: u	: u	: u	: 	: 	: 
A,GE10,C10-C12,E_ITSP2,PC_ENT_CUSE,BG	14.63 	16.72 	16.47 	14.08 	16.70 	13.72 	17.36 	: 	: 	: 
A,GE10,C10-C12,E_ITSP2,PC_ENT_CUSE,CY	15.32 	17.69 	20.29 	19.70 	12.31 	15.54 	16.02 	: 	: 	: 
A,GE10,C10-C12,E_ITSP2,PC_ENT_CUSE,CZ	21.57 	17.72 	17.61 	14.28 	16.13 	14.68 	17.30 	: 	: 	: 
A,GE10,C10-C12,E_ITSP2,PC_ENT_CUSE,DE	9.98 	12.70 	12.07 	8.54 	9.71 	11.27 	9.42 	: 	: 	: 
A,GE10,C10-C12,E_ITSP2,PC_ENT_CUSE,DK	22.90 	20.29 	20.47 	19.84 	21.14 	21.46 	24.74 	: 	: 	: 
A,GE10,C10-C12,E_ITSP2,PC_ENT_CUSE,EA	15.27 	15.08 	14.81 	13.22 	12.77 	13.37 	12.55 	: 	: 	: 
A,GE10,C10-C12,E_ITSP2,PC_ENT_CUSE,EE	15.93 	14.93 	11.52 	14.24 	16.73 	11.38 	8.83 	: 	: 	: 
A,GE10,C10-C12,E_ITSP2,PC_ENT_CUSE,EL	28.88 	25.35 	29.85 	38.02 	18.50 	18.41 	21.50 	: 	: 	: 
A,GE10,C10-C12,E_ITSP2,PC_ENT_CUSE,ES	: u	: u	: u	: u	: u	: u	: u	: 	: 	: 
A,GE10,C10-C12,E_ITSP2,PC_ENT_CUSE,EU15	15.85 	15.40 	15.22 	13.83 	13.40 	13.75 	: 	: 	: 	: 
A,GE10,C10-C12,E_ITSP2,PC_ENT_CUSE,EU27_2007	15.38 	14.93 	14.81 	13.51 	13.01 	13.62 	: 	: 	: 	: 
A,GE10,C10-C12,E_ITSP2,PC_ENT_CUSE,EU27_2020	14.87 	14.55 	14.53 	13.01 	12.51 	13.35 	13.77 	: 	: 	: 
A,GE10,C10-C12,E_ITSP2,PC_ENT_CUSE,EU28	15.39 	14.96 	14.88 	13.53 	13.02 	13.61 	14.24 	: 	: 	: 
A,GE10,C10-C12,E_ITSP2,PC_ENT_CUSE,FI	: u	: u	: u	: u	: u	: u	: u	: 	: 	: 
A,GE10,C10-C12,E_ITSP2,PC_ENT_CUSE,FR	10.85 	10.54 	10.13 	9.82 	9.68 	11.60 	10.42 	: 	: 	: 
A,GE10,C10-C12,E_ITSP2,PC_ENT_CUSE,HR	16.63 	18.85 	26.18 	15.83 	14.11 	12.34 	20.54 	: 	: 	: 
A,GE10,C10-C12,E_ITSP2,PC_ENT_CUSE,HU	22.97 	25.39 	23.88 	21.50 	21.11 	24.67 	22.95 	: 	: 	: 
A,GE10,C10-C12,E_ITSP2,PC_ENT_CUSE,IE	37.93 	25.33 	22.97 	39.37 	41.42 	40.74 	33.55 	: 	: 	: 
A,GE10,C10-C12,E_ITSP2,PC_ENT_CUSE,IS	13.92 	13.33 	: 	: 	7.29 	: 	: 	: 	: 	: 
A,GE10,C10-C12,E_ITSP2,PC_ENT_CUSE,IT	14.73 	12.23 	13.67 	12.21 	12.18 	11.78 	12.50 	: 	: 	: 
A,GE10,C10-C12,E_ITSP2,PC_ENT_CUSE,LT	20.50 	17.67 	20.43 	14.51 	17.19 	15.23 	17.41 	: 	: 	: 
A,GE10,C10-C12,E_ITSP2,PC_ENT_CUSE,LU	: u	: u	: u	: u	: u	: u	: u	: 	: 	: 
A,GE10,C10-C12,E_ITSP2,PC_ENT_CUSE,LV	27.94 	22.62 	18.31 	15.42 	17.06 	13.34 	16.63 	: 	: 	: 
A,GE10,C10-C12,E_ITSP2,PC_ENT_CUSE,ME	: 	: 	: 	19.04 	23.32 	14.86 	: u	: 	: 	: 
A,GE10,C10-C12,E_ITSP2,PC_ENT_CUSE,MK	15.67 	14.24 	9.49 	11.26 	: 	: 	: 	: 	: 	: 
A,GE10,C10-C12,E_ITSP2,PC_ENT_CUSE,MT	20.24 	26.19 	24.33 	17.06 	11.16 	14.21 	23.03 	: 	: 	: 
A,GE10,C10-C12,E_ITSP2,PC_ENT_CUSE,NL	20.62 	23.82 	26.33 	20.73 	21.43 	22.31 	18.50 	: 	: 	: 
A,GE10,C10-C12,E_ITSP2,PC_ENT_CUSE,NO	17.38 	10.06 	9.35 	9.42 	10.83 	12.07 	10.60 	: 	: 	: 
A,GE10,C10-C12,E_ITSP2,PC_ENT_CUSE,PL	10.86 	8.81 	10.41 	9.71 	8.10 	10.90 	19.33 	: 	: 	: 
A,GE10,C10-C12,E_ITSP2,PC_ENT_CUSE,PT	33.81 	15.83 	12.90 	10.09 	13.27 	17.06 	15.70 	: 	: 	: 
A,GE10,C10-C12,E_ITSP2,PC_ENT_CUSE,RO	6.03 	8.19 	8.02 	8.63 	6.39 	9.38 	9.26 	: 	: 	: 
A,GE10,C10-C12,E_ITSP2,PC_ENT_CUSE,RS	: 	14.32 	: 	: 	13.53 	14.79 	18.62 	: 	: 	: 
A,GE10,C10-C12,E_ITSP2,PC_ENT_CUSE,SE	9.47 	12.82 	15.81 	11.58 	11.63 	13.18 	18.24 	: 	: 	: 
A,GE10,C10-C12,E_ITSP2,PC_ENT_CUSE,SI	16.30 	28.73 	16.67 	13.50 	7.94 	13.33 	19.98 	: 	: 	: 
A,GE10,C10-C12,E_ITSP2,PC_ENT_CUSE,SK	21.76 	23.63 	13.68 	16.30 	13.96 	13.29 	14.61 	: 	: 	: 
A,GE10,C10-C12,E_ITSP2,PC_ENT_CUSE,TR	: 	: 	: u	: 	: 	7.84 	9.49 	: 	: 	: 
A,GE10,C10-C12,E_ITSP2,PC_ENT_CUSE,UK	26.91 	22.83 	21.13 	24.04 	22.96 	18.62 	23.15 	: 	: 	: 
A,GE10,C10-C18,E_ITSP2,PC_ENT,AT	24.05 	22.74 	22.51 	20.47 	14.89 	16.11 	20.74 	19.62 	17.32 	19.90 
A,GE10,C10-C18,E_ITSP2,PC_ENT,BA	: 	: 	: 	: 	: 	9.59 	10.27 	7.90 	9.69 	7.81 
A,GE10,C10-C18,E_ITSP2,PC_ENT,BE	23.63 	18.39 	28.38 	29.46 	33.69 	29.97 	23.79 	24.36 	: u	30.55 
A,GE10,C10-C18,E_ITSP2,PC_ENT,BG	9.84 	13.33 	13.30 	11.04 	14.33 	10.35 	12.60 	10.91 	11.84 	10.50 
A,GE10,C10-C18,E_ITSP2,PC_ENT,CY	15.84 	13.88 	18.22 	16.36 	11.36 	14.96 	16.19 	12.79 	14.34 	16.69 
A,GE10,C10-C18,E_ITSP2,PC_ENT,CZ	20.69 	17.32 	16.14 	16.63 	14.74 	14.22 	17.96 	12.92 	13.53 	13.50 
A,GE10,C10-C18,E_ITSP2,PC_ENT,DE	18.34 	17.12 	17.76 	14.84 	14.38 	17.12 	15.97 	15.91 	17.01 	17.57 
A,GE10,C10-C18,E_ITSP2,PC_ENT,DK	24.99 	27.53 	25.87 	24.60 	24.88 	26.63 	26.94 	31.08 	31.02 	25.58 
A,GE10,C10-C18,E_ITSP2,PC_ENT,EA	16.54 	15.76 	15.93 	14.78 	14.69 	15.08 	14.69 	13.74 	13.32 	13.82 
A,GE10,C10-C18,E_ITSP2,PC_ENT,EE	10.50 	10.28 	10.14 	12.40 	11.54 	11.15 	11.00 	14.96 	12.63 	12.43 
A,GE10,C10-C18,E_ITSP2,PC_ENT,EL	: u	: u	26.77 	33.01 	: u	: u	18.17 	: u	13.53 	18.42 
A,GE10,C10-C18,E_ITSP2,PC_ENT,ES	16.55 	20.73 	21.79 	19.30 	14.68 	11.90 	12.61 	12.84 	7.46 	10.43 
A,GE10,C10-C18,E_ITSP2,PC_ENT,EU15	17.97 	16.40 	16.74 	15.76 	15.12 	15.96 	: 	: 	: 	: 
A,GE10,C10-C18,E_ITSP2,PC_ENT,EU27_2007	16.18 	15.04 	15.02 	14.27 	13.72 	14.48 	: 	: 	: 	: 
A,GE10,C10-C18,E_ITSP2,PC_ENT,EU27_2020	15.23 	14.59 	14.57 	13.64 	13.53 	13.91 	15.02 	14.80 	14.77 	14.29 
A,GE10,C10-C18,E_ITSP2,PC_ENT,EU28	16.17 	15.04 	15.02 	14.25 	13.75 	14.46 	15.80 	: 	: 	: 
A,GE10,C10-C18,E_ITSP2,PC_ENT,FI	35.42 	25.59 	27.45 	20.82 	25.01 	27.13 	23.31 	32.25 	29.15 	35.00 
A,GE10,C10-C18,E_ITSP2,PC_ENT,FR	11.11 	13.32 	11.66 	11.64 	15.22 	14.58 	13.77 	15.56 	13.63 b	11.80 
A,GE10,C10-C18,E_ITSP2,PC_ENT,HR	14.79 	15.23 	14.94 	12.35 	15.92 	12.25 	16.09 	12.74 	10.92 	9.35 
A,GE10,C10-C18,E_ITSP2,PC_ENT,HU	21.92 	20.89 	19.20 	18.89 	17.30 	20.86 	20.35 	21.39 	27.65 	20.66 
A,GE10,C10-C18,E_ITSP2,PC_ENT,IE	32.82 	24.40 	27.51 	38.93 	40.27 	37.36 	31.30 	26.70 	36.51 	34.58 
A,GE10,C10-C18,E_ITSP2,PC_ENT,IS	16.24 	11.01 	: 	: 	7.53 	: 	: 	7.94 	: 	: 
A,GE10,C10-C18,E_ITSP2,PC_ENT,IT	11.88 	10.72 	11.69 	11.02 	11.42 	12.13 	11.83 	8.19 	7.22 	8.94 
A,GE10,C10-C18,E_ITSP2,PC_ENT,LT	15.66 	14.02 	13.29 	11.10 	12.89 	15.11 	12.79 	12.27 	16.43 	11.34 
A,GE10,C10-C18,E_ITSP2,PC_ENT,LU	30.24 	20.04 	31.24 	26.10 	20.74 	20.30 	22.92 	17.19 	22.73 	20.71 
A,GE10,C10-C18,E_ITSP2,PC_ENT,LV	19.62 	16.58 	13.35 	11.48 	10.06 	10.41 	14.74 	13.65 	12.75 	12.27 
A,GE10,C10-C18,E_ITSP2,PC_ENT,ME	: 	: 	: 	14.47 	25.88 	16.48 	: u	: u	18.27 	9.44 
A,GE10,C10-C18,E_ITSP2,PC_ENT,MK	8.13 	7.33 	6.06 	8.59 	: 	: 	: 	4.30 	: u	: 
A,GE10,C10-C18,E_ITSP2,PC_ENT,MT	19.45 	20.44 	18.27 	16.59 	10.60 	13.49 	20.75 	22.70 	27.20 	26.98 
A,GE10,C10-C18,E_ITSP2,PC_ENT,NL	25.46 	26.23 	29.45 	23.26 	23.85 	25.34 	21.43 	19.96 	26.24 	24.44 
A,GE10,C10-C18,E_ITSP2,PC_ENT,NO	22.12 	16.46 	12.89 	11.21 	15.66 	13.37 	11.94 	17.59 	16.64 	14.08 
A,GE10,C10-C18,E_ITSP2,PC_ENT,PL	9.71 	7.55 	7.54 	8.61 	6.68 	8.20 	19.43 	21.53 	25.91 	19.73 
A,GE10,C10-C18,E_ITSP2,PC_ENT,PT	24.88 	15.86 	10.69 	11.62 	13.60 	13.73 	15.68 	12.93 	15.43 	15.33 
A,GE10,C10-C18,E_ITSP2,PC_ENT,RO	3.26 	8.22 	7.08 	4.93 	5.82 	5.48 	6.49 	15.06 	6.96 	7.48 
A,GE10,C10-C18,E_ITSP2,PC_ENT,RS	: 	15.36 	: 	: 	16.01 	15.36 	14.80 	13.55 	13.36 	18.28 
A,GE10,C10-C18,E_ITSP2,PC_ENT,SE	24.04 	18.79 	20.75 	17.41 	15.68 	18.22 	20.44 	21.50 	25.31 	20.04 b
A,GE10,C10-C18,E_ITSP2,PC_ENT,SI	18.42 	23.66 	20.16 	15.59 	16.64 	18.53 	15.00 	21.70 	21.90 	14.00 
A,GE10,C10-C18,E_ITSP2,PC_ENT,SK	15.10 	16.65 	11.41 	12.89 	11.24 	11.77 	12.26 	10.57 	11.11 	8.13 
A,GE10,C10-C18,E_ITSP2,PC_ENT,TR	: 	: 	: u	: 	: 	9.80 	10.76 	9.59 	15.35 	12.48 
A,GE10,C10-C18,E_ITSP2,PC_ENT,UK	30.54 	21.50 	21.28 	22.81 	16.84 	22.27 	27.05 	28.61 	: 	: 
A,GE10,C10-C18,E_ITSP2,PC_ENT_CUSE,AT	24.82 	22.99 	22.80 	20.47 	15.06 	16.11 	20.74 	: 	: 	: 
A,GE10,C10-C18,E_ITSP2,PC_ENT_CUSE,BA	: 	: 	: 	: 	: 	9.77 	10.45 	: 	: 	: 
A,GE10,C10-C18,E_ITSP2,PC_ENT_CUSE,BE	24.37 	19.18 	28.38 	29.46 	33.69 	29.97 	23.79 	: 	: 	: 
A,GE10,C10-C18,E_ITSP2,PC_ENT_CUSE,BG	11.53 	15.12 	15.12 	12.17 	15.20 	11.26 	13.74 	: 	: 	: 
A,GE10,C10-C18,E_ITSP2,PC_ENT_CUSE,CY	16.99 	14.77 	18.85 	16.60 	12.01 	15.34 	16.48 	: 	: 	: 
A,GE10,C10-C18,E_ITSP2,PC_ENT_CUSE,CZ	21.77 	17.77 	16.58 	17.01 	15.19 	14.68 	18.29 	: 	: 	: 
A,GE10,C10-C18,E_ITSP2,PC_ENT_CUSE,DE	19.39 	17.76 	18.16 	15.28 	14.98 	17.54 	16.25 	: 	: 	: 
A,GE10,C10-C18,E_ITSP2,PC_ENT_CUSE,DK	25.11 	27.53 	25.87 	24.60 	24.88 	26.63 	26.94 	: 	: 	: 
A,GE10,C10-C18,E_ITSP2,PC_ENT_CUSE,EA	17.08 	16.17 	16.25 	15.04 	14.93 	15.37 	14.93 	: 	: 	: 
A,GE10,C10-C18,E_ITSP2,PC_ENT_CUSE,EE	10.68 	10.77 	10.46 	12.90 	11.86 	11.15 	11.07 	: 	: 	: 
A,GE10,C10-C18,E_ITSP2,PC_ENT_CUSE,EL	: u	: u	29.04 	34.84 	: u	: u	20.38 	: 	: 	: 
A,GE10,C10-C18,E_ITSP2,PC_ENT_CUSE,ES	16.88 	21.23 	22.35 	19.56 	14.77 	12.12 	12.90 	: 	: 	: 
A,GE10,C10-C18,E_ITSP2,PC_ENT_CUSE,EU15	18.59 	16.82 	17.05 	16.06 	15.39 	16.30 	: 	: 	: 	: 
A,GE10,C10-C18,E_ITSP2,PC_ENT_CUSE,EU27_2007	17.07 	15.73 	15.67 	14.78 	14.13 	14.98 	: 	: 	: 	: 
A,GE10,C10-C18,E_ITSP2,PC_ENT_CUSE,EU27_2020	16.07 	15.29 	15.26 	14.15 	13.93 	14.39 	15.50 	: 	: 	: 
A,GE10,C10-C18,E_ITSP2,PC_ENT_CUSE,EU28	17.06 	15.74 	15.69 	14.78 	14.16 	14.96 	16.30 	: 	: 	: 
A,GE10,C10-C18,E_ITSP2,PC_ENT_CUSE,FI	35.42 	25.59 	27.45 	20.82 	25.01 	27.13 	23.31 	: 	: 	: 
A,GE10,C10-C18,E_ITSP2,PC_ENT_CUSE,FR	11.43 	13.64 	11.81 	11.75 	15.22 	14.82 	13.83 	: 	: 	: 
A,GE10,C10-C18,E_ITSP2,PC_ENT_CUSE,HR	15.47 	16.03 	17.95 	14.62 	16.84 	13.25 	16.38 	: 	: 	: 
A,GE10,C10-C18,E_ITSP2,PC_ENT_CUSE,HU	24.05 	23.46 	20.95 	20.53 	18.81 	22.94 	21.80 	: 	: 	: 
A,GE10,C10-C18,E_ITSP2,PC_ENT_CUSE,IE	33.65 	24.60 	27.63 	39.01 	40.27 	37.67 	32.17 	: 	: 	: 
A,GE10,C10-C18,E_ITSP2,PC_ENT_CUSE,IS	16.24 	11.01 	: 	: 	7.53 	: 	: 	: 	: 	: 
A,GE10,C10-C18,E_ITSP2,PC_ENT_CUSE,IT	12.29 	10.94 	11.97 	11.20 	11.51 	12.37 	12.00 	: 	: 	: 
A,GE10,C10-C18,E_ITSP2,PC_ENT_CUSE,LT	15.66 	14.02 	13.29 	11.10 	12.89 	15.11 	12.79 	: 	: 	: 
A,GE10,C10-C18,E_ITSP2,PC_ENT_CUSE,LU	32.28 	20.04 	31.94 	26.10 	20.74 	20.30 	22.92 	: 	: 	: 
A,GE10,C10-C18,E_ITSP2,PC_ENT_CUSE,LV	20.68 	17.00 	13.52 	11.71 	10.20 	10.47 	14.87 	: 	: 	: 
A,GE10,C10-C18,E_ITSP2,PC_ENT_CUSE,ME	: 	: 	: 	15.42 	29.27 	16.48 	: u	: 	: 	: 
A,GE10,C10-C18,E_ITSP2,PC_ENT_CUSE,MK	9.74 	8.06 	6.36 	9.29 	: 	: 	: 	: 	: 	: 
A,GE10,C10-C18,E_ITSP2,PC_ENT_CUSE,MT	21.32 	21.00 	18.75 	16.79 	10.93 	14.11 	20.75 	: 	: 	: 
A,GE10,C10-C18,E_ITSP2,PC_ENT_CUSE,NL	25.46 	26.23 	29.45 	23.26 	23.85 	25.34 	21.43 	: 	: 	: 
A,GE10,C10-C18,E_ITSP2,PC_ENT_CUSE,NO	22.70 	17.09 	12.95 	11.51 	15.75 	13.54 	11.94 	: 	: 	: 
A,GE10,C10-C18,E_ITSP2,PC_ENT_CUSE,PL	10.54 	8.20 	8.42 	9.30 	7.08 	8.74 	20.41 	: 	: 	: 
A,GE10,C10-C18,E_ITSP2,PC_ENT_CUSE,PT	25.04 	16.25 	10.88 	11.91 	13.99 	13.89 	15.87 	: 	: 	: 
A,GE10,C10-C18,E_ITSP2,PC_ENT_CUSE,RO	4.14 	10.09 	8.65 	5.74 	6.53 	6.35 	7.92 	: 	: 	: 
A,GE10,C10-C18,E_ITSP2,PC_ENT_CUSE,RS	: 	15.36 	: 	: 	16.01 	15.84 	14.80 	: 	: 	: 
A,GE10,C10-C18,E_ITSP2,PC_ENT_CUSE,SE	24.50 	18.79 	20.75 	17.41 	15.68 	18.22 	20.44 	: 	: 	: 
A,GE10,C10-C18,E_ITSP2,PC_ENT_CUSE,SI	18.75 	24.89 	20.42 	15.59 	16.64 	18.53 	15.00 	: 	: 	: 
A,GE10,C10-C18,E_ITSP2,PC_ENT_CUSE,SK	15.32 	17.14 	11.90 	13.36 	11.67 	12.03 	12.67 	: 	: 	: 
A,GE10,C10-C18,E_ITSP2,PC_ENT_CUSE,TR	: 	: 	: u	: 	: 	10.31 	11.39 	: 	: 	: 
A,GE10,C10-C18,E_ITSP2,PC_ENT_CUSE,UK	32.24 	22.07 	21.44 	23.67 	17.49 	23.17 	27.53 	: 	: 	: 
A,GE10,C10-S951_X_K,E_ITSP2,PC_ENT,AL	: 	: 	: 	: 	: 	: 	: 	: 	26.08 b	: 
A,GE10,C10-S951_X_K,E_ITSP2,PC_ENT,AT	31.45 	23.63 	23.87 	24.81 	23.26 	20.19 	19.80 	19.55 	23.20 	19.91 
A,GE10,C10-S951_X_K,E_ITSP2,PC_ENT,BA	: 	: 	: 	: 	: 	17.39 	17.10 	15.22 	13.38 	18.53 
A,GE10,C10-S951_X_K,E_ITSP2,PC_ENT,BE	27.88 	26.15 	28.25 	25.70 	29.40 	28.23 	27.96 	30.26 	32.70 	29.11 
A,GE10,C10-S951_X_K,E_ITSP2,PC_ENT,BG	13.32 	21.00 	20.45 	19.86 	19.21 	19.75 	20.08 	15.95 	15.90 	17.81 
A,GE10,C10-S951_X_K,E_ITSP2,PC_ENT,CY	24.27 	24.80 	26.20 	24.60 	24.79 	22.83 	23.13 	24.92 	24.54 	27.48 
A,GE10,C10-S951_X_K,E_ITSP2,PC_ENT,CZ	29.20 	20.51 	19.30 	19.41 	20.51 	19.47 	20.45 	18.46 	19.60 	20.20 
A,GE10,C10-S951_X_K,E_ITSP2,PC_ENT,DE	21.28 	22.29 	21.37 	22.23 	18.96 	20.05 	19.05 	19.42 	22.23 	22.86 
A,GE10,C10-S951_X_K,E_ITSP2,PC_ENT,DK	26.73 	26.78 	24.49 	25.50 	24.48 	27.81 	29.56 	28.94 	34.17 	30.94 
A,GE10,C10-S951_X_K,E_ITSP2,PC_ENT,EA	20.52 	20.19 	20.74 	20.93 	19.57 	19.38 	18.96 	18.52 	20.12 	19.36 
A,GE10,C10-S951_X_K,E_ITSP2,PC_ENT,EE	17.71 	15.38 	14.64 	14.74 	14.98 	13.44 	14.81 	16.72 	17.18 	19.22 
A,GE10,C10-S951_X_K,E_ITSP2,PC_ENT,EL	34.73 	24.27 	26.39 	29.65 	20.46 	21.97 	21.64 	19.11 	20.48 	22.53 
A,GE10,C10-S951_X_K,E_ITSP2,PC_ENT,ES	22.43 	24.54 	25.27 	25.17 	21.00 	18.04 	16.69 	16.96 	16.26 	14.57 
A,GE10,C10-S951_X_K,E_ITSP2,PC_ENT,EU15	22.00 	20.94 	21.10 	21.41 	20.13 	20.34 	: 	: 	: 	: 
A,GE10,C10-S951_X_K,E_ITSP2,PC_ENT,EU27_2007	21.11 	19.90 	20.14 	20.44 	19.38 	19.61 	: 	: 	: 	: 
A,GE10,C10-S951_X_K,E_ITSP2,PC_ENT,EU27_2020	19.91 	19.27 	19.84 	19.96 	18.97 	18.92 	19.32 	19.27 	20.99 	20.05 
A,GE10,C10-S951_X_K,E_ITSP2,PC_ENT,EU28	21.11 	19.90 	20.16 	20.42 	19.38 	19.61 	20.31 	: 	: 	: 
A,GE10,C10-S951_X_K,E_ITSP2,PC_ENT,FI	32.93 	28.47 	24.97 	24.35 	25.96 	25.68 	25.60 	27.58 	28.86 	30.51 
A,GE10,C10-S951_X_K,E_ITSP2,PC_ENT,FR	14.97 	14.70 	16.20 	15.54 	17.22 	17.01 	17.44 	18.01 	17.56 b	15.94 
A,GE10,C10-S951_X_K,E_ITSP2,PC_ENT,HR	20.76 	19.85 	22.28 	17.19 	20.04 	20.15 	19.22 	18.97 	17.05 	15.89 
A,GE10,C10-S951_X_K,E_ITSP2,PC_ENT,HU	29.89 	26.61 	25.53 	25.82 	27.29 	26.21 	25.99 	28.83 	30.55 	29.34 
A,GE10,C10-S951_X_K,E_ITSP2,PC_ENT,IE	32.05 	27.86 	30.48 	35.27 	32.94 	32.37 	31.54 	30.21 	30.41 	30.28 
A,GE10,C10-S951_X_K,E_ITSP2,PC_ENT,IS	26.87 	23.13 	: 	: 	17.73 	: 	: 	13.09 	: 	: 
A,GE10,C10-S951_X_K,E_ITSP2,PC_ENT,IT	14.10 	15.17 	16.68 	16.83 	16.18 	16.14 	15.97 	12.60 	13.36 	12.44 
A,GE10,C10-S951_X_K,E_ITSP2,PC_ENT,LT	22.00 	16.00 	15.01 	15.43 	18.14 	17.05 	15.25 	15.88 	17.25 	16.12 
A,GE10,C10-S951_X_K,E_ITSP2,PC_ENT,LU	32.02 	20.01 	24.75 	23.66 	24.41 	23.53 	24.53 	22.23 	23.10 	23.35 
A,GE10,C10-S951_X_K,E_ITSP2,PC_ENT,LV	22.81 	20.71 	18.80 	17.38 	13.52 	15.48 	20.11 	20.03 	18.73 	17.99 
A,GE10,C10-S951_X_K,E_ITSP2,PC_ENT,ME	: 	: 	: 	17.80 	18.99 	19.57 	21.22 	27.29 	27.76 	32.55 
A,GE10,C10-S951_X_K,E_ITSP2,PC_ENT,MK	16.66 	13.73 	12.55 	14.85 	: 	: 	: 	11.83 	11.94 	: 
A,GE10,C10-S951_X_K,E_ITSP2,PC_ENT,MT	25.82 	25.60 	26.45 	26.36 	23.60 	23.54 	27.31 	28.51 	33.46 	34.11 
A,GE10,C10-S951_X_K,E_ITSP2,PC_ENT,NL	25.52 	26.92 	28.12 	26.27 	26.84 	27.35 	25.49 	24.36 	30.77 	29.73 
A,GE10,C10-S951_X_K,E_ITSP2,PC_ENT,NO	30.72 	19.63 	18.98 	18.85 	18.59 	18.50 	18.89 	16.58 	19.68 	20.80 
A,GE10,C10-S951_X_K,E_ITSP2,PC_ENT,PL	14.21 	10.22 	12.02 	12.47 	12.28 	13.23 	23.49 	25.19 	30.86 	25.99 
A,GE10,C10-S951_X_K,E_ITSP2,PC_ENT,PT	28.77 	19.08 	19.79 	19.00 	19.80 	18.61 	21.16 	19.84 	20.03 	20.56 
A,GE10,C10-S951_X_K,E_ITSP2,PC_ENT,RO	4.00 	11.68 	12.91 	11.24 	9.88 	11.34 	10.46 	15.56 	11.48 	13.16 
A,GE10,C10-S951_X_K,E_ITSP2,PC_ENT,RS	: 	22.55 	: 	: 	23.02 	20.58 	20.94 	19.34 	24.16 	25.19 
A,GE10,C10-S951_X_K,E_ITSP2,PC_ENT,SE	22.29 	20.19 	19.39 	17.69 	20.32 	19.08 	18.27 	21.08 	23.00 	21.60 b
A,GE10,C10-S951_X_K,E_ITSP2,PC_ENT,SI	20.82 	19.56 	19.80 	20.00 	19.09 	20.39 	18.00 	16.79 	20.62 	17.71 
A,GE10,C10-S951_X_K,E_ITSP2,PC_ENT,SK	24.67 	18.43 	19.45 	19.98 	19.65 	17.56 	17.72 	16.82 	17.66 	17.25 
A,GE10,C10-S951_X_K,E_ITSP2,PC_ENT,TR	: 	: 	: u	: 	: 	11.63 	13.75 	11.80 	17.80 	13.37 
A,GE10,C10-S951_X_K,E_ITSP2,PC_ENT,UK	30.23 	24.27 	22.22 	23.48 	22.17 	24.38 	27.12 	29.48 	: 	: 
A,GE10,C10-S951_X_K,E_ITSP2,PC_ENT_CUSE,AT	31.79 	23.81 	24.01 	24.91 	23.29 	20.19 	19.80 	: 	: 	: 
A,GE10,C10-S951_X_K,E_ITSP2,PC_ENT_CUSE,BA	: 	: 	: 	: 	: 	17.48 	17.17 	: 	: 	: 
A,GE10,C10-S951_X_K,E_ITSP2,PC_ENT_CUSE,BE	28.47 	26.65 	28.26 	25.70 	29.40 	28.23 	27.96 	: 	: 	: 
A,GE10,C10-S951_X_K,E_ITSP2,PC_ENT_CUSE,BG	14.68 	22.45 	21.98 	21.19 	19.87 	20.43 	20.98 	: 	: 	: 
A,GE10,C10-S951_X_K,E_ITSP2,PC_ENT_CUSE,CY	25.06 	25.56 	27.19 	25.22 	25.48 	23.54 	23.62 	: 	: 	: 
A,GE10,C10-S951_X_K,E_ITSP2,PC_ENT_CUSE,CZ	30.08 	20.87 	19.66 	19.75 	20.92 	19.80 	20.94 	: 	: 	: 
A,GE10,C10-S951_X_K,E_ITSP2,PC_ENT_CUSE,DE	21.82 	22.58 	21.63 	22.56 	19.36 	20.25 	19.22 	: 	: 	: 
A,GE10,C10-S951_X_K,E_ITSP2,PC_ENT_CUSE,DK	26.99 	26.97 	24.57 	25.50 	24.48 	27.81 	29.56 	: 	: 	: 
A,GE10,C10-S951_X_K,E_ITSP2,PC_ENT_CUSE,EA	20.93 	20.46 	21.01 	21.17 	19.83 	19.61 	19.18 	: 	: 	: 
A,GE10,C10-S951_X_K,E_ITSP2,PC_ENT_CUSE,EE	18.23 	15.84 	15.01 	15.30 	15.56 	13.45 	14.92 	: 	: 	: 
A,GE10,C10-S951_X_K,E_ITSP2,PC_ENT_CUSE,EL	37.21 	27.01 	29.77 	33.38 	23.09 	25.31 	25.32 	: 	: 	: 
A,GE10,C10-S951_X_K,E_ITSP2,PC_ENT_CUSE,ES	22.94 	24.83 	25.58 	25.47 	21.10 	18.23 	16.88 	: 	: 	: 
A,GE10,C10-S951_X_K,E_ITSP2,PC_ENT_CUSE,EU15	22.52 	21.31 	21.43 	21.75 	20.51 	20.73 	: 	: 	: 	: 
A,GE10,C10-S951_X_K,E_ITSP2,PC_ENT_CUSE,EU27_2007	21.82 	20.43 	20.64 	20.94 	19.87 	20.09 	: 	: 	: 	: 
A,GE10,C10-S951_X_K,E_ITSP2,PC_ENT_CUSE,EU27_2020	20.55 	19.74 	20.31 	20.40 	19.37 	19.29 	19.71 	: 	: 	: 
A,GE10,C10-S951_X_K,E_ITSP2,PC_ENT_CUSE,EU28	21.82 	20.43 	20.66 	20.92 	19.88 	20.10 	20.78 	: 	: 	: 
A,GE10,C10-S951_X_K,E_ITSP2,PC_ENT_CUSE,FI	32.93 	28.47 	24.97 	24.35 	25.96 	25.68 	25.60 	: 	: 	: 
A,GE10,C10-S951_X_K,E_ITSP2,PC_ENT_CUSE,FR	15.08 	14.78 	16.26 	15.58 	17.25 	17.05 	17.46 	: 	: 	: 
A,GE10,C10-S951_X_K,E_ITSP2,PC_ENT_CUSE,HR	21.36 	20.59 	24.69 	18.78 	20.84 	20.81 	19.57 	: 	: 	: 
A,GE10,C10-S951_X_K,E_ITSP2,PC_ENT_CUSE,HU	32.51 	29.28 	27.59 	27.51 	28.77 	28.03 	27.51 	: 	: 	: 
A,GE10,C10-S951_X_K,E_ITSP2,PC_ENT_CUSE,IE	33.77 	28.29 	31.23 	35.65 	33.27 	33.29 	32.60 	: 	: 	: 
A,GE10,C10-S951_X_K,E_ITSP2,PC_ENT_CUSE,IS	27.10 	23.13 	: 	: 	17.73 	: 	: 	: 	: 	: 
A,GE10,C10-S951_X_K,E_ITSP2,PC_ENT_CUSE,IT	14.46 	15.41 	16.96 	16.97 	16.35 	16.42 	16.14 	: 	: 	: 
A,GE10,C10-S951_X_K,E_ITSP2,PC_ENT_CUSE,LT	22.07 	16.00 	15.01 	15.43 	18.14 	17.05 	15.25 	: 	: 	: 
A,GE10,C10-S951_X_K,E_ITSP2,PC_ENT_CUSE,LU	32.33 	20.06 	24.79 	23.66 	24.41 	23.53 	24.53 	: 	: 	: 
A,GE10,C10-S951_X_K,E_ITSP2,PC_ENT_CUSE,LV	23.92 	21.11 	19.15 	17.61 	13.68 	15.51 	20.27 	: 	: 	: 
A,GE10,C10-S951_X_K,E_ITSP2,PC_ENT_CUSE,ME	: 	: 	: 	18.75 	19.29 	19.88 	21.52 	: 	: 	: 
A,GE10,C10-S951_X_K,E_ITSP2,PC_ENT_CUSE,MK	18.13 	14.51 	13.14 	15.56 	: 	: 	: 	: 	: 	: 
A,GE10,C10-S951_X_K,E_ITSP2,PC_ENT_CUSE,MT	26.75 	26.20 	27.05 	27.13 	24.39 	24.25 	27.95 	: 	: 	: 
A,GE10,C10-S951_X_K,E_ITSP2,PC_ENT_CUSE,NL	25.52 	26.92 	28.12 	26.27 	26.84 	27.35 	25.49 	: 	: 	: 
A,GE10,C10-S951_X_K,E_ITSP2,PC_ENT_CUSE,NO	31.32 	19.99 	19.23 	19.14 	18.79 	18.68 	19.16 	: 	: 	: 
A,GE10,C10-S951_X_K,E_ITSP2,PC_ENT_CUSE,PL	15.00 	10.82 	12.78 	13.17 	12.84 	13.75 	24.27 	: 	: 	: 
A,GE10,C10-S951_X_K,E_ITSP2,PC_ENT_CUSE,PT	29.32 	19.32 	20.00 	19.19 	20.05 	18.75 	21.34 	: 	: 	: 
A,GE10,C10-S951_X_K,E_ITSP2,PC_ENT_CUSE,RO	4.91 	13.35 	14.62 	13.09 	11.42 	12.95 	12.49 	: 	: 	: 
A,GE10,C10-S951_X_K,E_ITSP2,PC_ENT_CUSE,RS	: 	22.55 	: 	: 	23.02 	20.72 	20.94 	: 	: 	: 
A,GE10,C10-S951_X_K,E_ITSP2,PC_ENT_CUSE,SE	22.66 	20.19 	19.39 	17.69 	20.32 	19.08 	18.27 	: 	: 	: 
A,GE10,C10-S951_X_K,E_ITSP2,PC_ENT_CUSE,SI	21.24 	19.91 	20.05 	20.14 	19.27 	20.59 	18.18 	: 	: 	: 
A,GE10,C10-S951_X_K,E_ITSP2,PC_ENT_CUSE,SK	25.08 	18.79 	19.90 	20.46 	20.08 	18.01 	18.37 	: 	: 	: 
A,GE10,C10-S951_X_K,E_ITSP2,PC_ENT_CUSE,TR	: 	: 	: u	: 	: 	11.99 	14.21 	: 	: 	: 
A,GE10,C10-S951_X_K,E_ITSP2,PC_ENT_CUSE,UK	31.61 	25.33 	22.98 	24.51 	23.40 	25.83 	28.32 	: 	: 	: 
A,GE10,C13-C15,E_ITSP2,PC_ENT,AT	: u	: u	: u	: u	: u	: u	: u	: u	17.56 	21.19 
A,GE10,C13-C15,E_ITSP2,PC_ENT,BA	: 	: 	: 	: 	: 	10.95 	8.65 	8.76 	12.41 	6.77 
A,GE10,C13-C15,E_ITSP2,PC_ENT,BE	20.40 	16.57 	: u	: u	: u	: u	14.87 	: u	: u	: u
A,GE10,C13-C15,E_ITSP2,PC_ENT,BG	8.64 	9.65 	10.63 	8.39 	10.59 	4.72 	9.17 	7.85 	10.27 	8.14 
A,GE10,C13-C15,E_ITSP2,PC_ENT,CY	5.13 	0 	0 	0 	0 	0 	0 	10.62 	0 	13.59 
A,GE10,C13-C15,E_ITSP2,PC_ENT,CZ	23.03 	17.32 	13.46 	21.34 	13.51 	14.03 	20.57 	12.75 	11.76 	12.42 
A,GE10,C13-C15,E_ITSP2,PC_ENT,DE	26.30 	25.95 	25.15 	23.29 	24.06 	24.84 	29.89 	21.56 	25.95 	30.18 
A,GE10,C13-C15,E_ITSP2,PC_ENT,DK	: u	25.75 	17.87 	12.72 	19.67 	18.58 	20.75 	35.20 	29.83 	30.50 
A,GE10,C13-C15,E_ITSP2,PC_ENT,EA	13.95 	12.99 	14.94 	13.06 	12.96 	13.10 	14.45 	11.02 	9.58 	11.75 
A,GE10,C13-C15,E_ITSP2,PC_ENT,EE	6.21 	7.37 	7.31 	7.47 	8.09 	11.95 	9.89 	12.19 	9.17 	15.16 
A,GE10,C13-C15,E_ITSP2,PC_ENT,EL	: u	: u	21.81 	24.67 	: u	18.39 	13.32 	: u	2.67 	32.03 
A,GE10,C13-C15,E_ITSP2,PC_ENT,ES	: u	: u	: u	: u	: u	: u	: u	: u	: u	6.59 
A,GE10,C13-C15,E_ITSP2,PC_ENT,EU15	14.87 	12.96 	15.30 	12.86 	12.96 	13.09 	: 	: 	: 	: 
A,GE10,C13-C15,E_ITSP2,PC_ENT,EU27_2007	12.86 	11.30 	12.81 	11.02 	11.16 	11.07 	: 	: 	: 	: 
A,GE10,C13-C15,E_ITSP2,PC_ENT,EU27_2020	12.27 	11.28 	12.53 	11.21 	11.22 	11.06 	13.74 	12.38 	11.19 	11.99 
A,GE10,C13-C15,E_ITSP2,PC_ENT,EU28	12.84 	11.28 	12.79 	11.04 	11.20 	11.13 	14.24 	: 	: 	: 
A,GE10,C13-C15,E_ITSP2,PC_ENT,FI	: u	: u	: u	: u	: u	: u	: u	: u	: u	: u
A,GE10,C13-C15,E_ITSP2,PC_ENT,FR	5.72 	16.25 	16.74 	13.64 	17.80 	18.87 	25.98 	23.82 	19.07 b	25.07 
A,GE10,C13-C15,E_ITSP2,PC_ENT,HR	10.89 	8.61 	9.93 	13.13 	15.83 	19.08 	12.49 	8.98 	19.49 	9.20 
A,GE10,C13-C15,E_ITSP2,PC_ENT,HU	16.92 	13.11 	12.80 	10.93 	9.97 	15.31 	11.93 	18.18 	24.64 	19.17 
A,GE10,C13-C15,E_ITSP2,PC_ENT,IE	33.72 	26.11 	15.38 	41.67 	13.51 	10.14 	24.89 	20.36 	17.09 	28.33 
A,GE10,C13-C15,E_ITSP2,PC_ENT,IS	: u	: u	: 	: 	0 	: 	: 	10.00 	: 	: 
A,GE10,C13-C15,E_ITSP2,PC_ENT,IT	10.94 	7.00 	10.84 	8.51 	9.07 	9.85 	8.36 	5.28 	5.54 	6.39 
A,GE10,C13-C15,E_ITSP2,PC_ENT,LT	16.75 	11.31 	11.34 	8.21 	10.78 	14.47 	7.39 	12.37 	12.50 	7.92 
A,GE10,C13-C15,E_ITSP2,PC_ENT,LU	: u	: u	: u	: u	: u	: u	: u	: u	: u	: u
A,GE10,C13-C15,E_ITSP2,PC_ENT,LV	13.98 	16.19 	13.81 	6.13 	6.69 	11.28 	18.11 	19.11 	9.37 	7.70 
A,GE10,C13-C15,E_ITSP2,PC_ENT,ME	: 	: 	: 	: u	: u	: u	: u	: u	0 	: @C
A,GE10,C13-C15,E_ITSP2,PC_ENT,MK	5.46 	3.74 	3.26 	5.33 	: 	: 	: 	2.82 	: u	: 
A,GE10,C13-C15,E_ITSP2,PC_ENT,MT	: u	14.93 	13.29 	: u	: u	: u	: @C	: u	: u	: u
A,GE10,C13-C15,E_ITSP2,PC_ENT,NL	22.97 	27.58 	26.73 	23.63 	23.18 	26.25 	22.14 	22.21 	29.44 	23.96 
A,GE10,C13-C15,E_ITSP2,PC_ENT,NO	12.89 	4.74 	19.74 	18.72 	13.51 	13.85 	11.14 	18.38 	25.46 	16.51 
A,GE10,C13-C15,E_ITSP2,PC_ENT,PL	: u	3.92 	3.84 	4.78 	3.68 	3.85 	18.66 	18.08 	24.38 	17.45 
A,GE10,C13-C15,E_ITSP2,PC_ENT,PT	19.45 	15.28 	9.21 	11.81 	12.91 	10.24 	14.49 	10.04 	9.17 	11.10 
A,GE10,C13-C15,E_ITSP2,PC_ENT,RO	3.24 	5.92 	6.68 	3.91 	5.45 	3.85 	3.49 	17.85 	4.77 	6.07 
A,GE10,C13-C15,E_ITSP2,PC_ENT,RS	: 	12.88 	: 	: 	10.79 	8.39 	10.15 	18.24 	18.49 	17.58 
A,GE10,C13-C15,E_ITSP2,PC_ENT,SE	: u	18.65 	19.08 	13.70 	17.62 	24.35 	17.66 	19.20 	22.76 	21.15 b
A,GE10,C13-C15,E_ITSP2,PC_ENT,SI	15.66 	26.96 	24.32 	20.18 	26.46 	24.84 	16.41 	25.62 	24.73 	15.44 
A,GE10,C13-C15,E_ITSP2,PC_ENT,SK	11.87 	10.59 	13.38 	12.27 	11.23 	11.94 	12.64 	11.50 	9.15 	8.56 
A,GE10,C13-C15,E_ITSP2,PC_ENT,TR	: 	: 	: u	: 	: 	9.74 	11.40 	10.25 	15.85 	12.49 
A,GE10,C13-C15,E_ITSP2,PC_ENT,UK	25.50 	11.41 	17.40 	8.01 	10.80 	12.37 	: u	: u	: 	: 
A,GE10,C13-C15,E_ITSP2,PC_ENT_CUSE,AT	: u	: u	: u	: u	: u	: u	: u	: 	: 	: 
A,GE10,C13-C15,E_ITSP2,PC_ENT_CUSE,BA	: 	: 	: 	: 	: 	11.47 	8.84 	: 	: 	: 
A,GE10,C13-C15,E_ITSP2,PC_ENT_CUSE,BE	21.12 	19.59 	: u	: u	: u	: u	14.87 	: 	: 	: 
A,GE10,C13-C15,E_ITSP2,PC_ENT_CUSE,BG	10.70 	11.95 	13.03 	9.74 	11.65 	5.27 	10.48 	: 	: 	: 
A,GE10,C13-C15,E_ITSP2,PC_ENT_CUSE,CY	5.71 	0 	0 	0 	0 	0 	0 	: 	: 	: 
A,GE10,C13-C15,E_ITSP2,PC_ENT_CUSE,CZ	25.54 	18.35 	14.18 	22.10 	14.61 	14.94 	21.19 	: 	: 	: 
A,GE10,C13-C15,E_ITSP2,PC_ENT_CUSE,DE	27.17 	26.00 	25.15 	23.84 	24.36 	25.09 	30.06 	: 	: 	: 
A,GE10,C13-C15,E_ITSP2,PC_ENT_CUSE,DK	: u	25.75 	17.87 	12.72 	19.67 	18.58 	20.75 	: 	: 	: 
A,GE10,C13-C15,E_ITSP2,PC_ENT_CUSE,EA	14.48 	13.32 	15.28 	13.28 	13.14 	13.35 	14.77 	: 	: 	: 
A,GE10,C13-C15,E_ITSP2,PC_ENT_CUSE,EE	6.24 	7.74 	7.35 	7.78 	8.28 	11.95 	10.14 	: 	: 	: 
A,GE10,C13-C15,E_ITSP2,PC_ENT_CUSE,EL	: u	: u	25.04 	26.49 	: u	18.56 	14.94 	: 	: 	: 
A,GE10,C13-C15,E_ITSP2,PC_ENT_CUSE,ES	: u	: u	: u	: u	: u	: u	: u	: 	: 	: 
A,GE10,C13-C15,E_ITSP2,PC_ENT_CUSE,EU15	15.55 	13.30 	15.66 	13.11 	13.18 	13.43 	: 	: 	: 	: 
A,GE10,C13-C15,E_ITSP2,PC_ENT_CUSE,EU27_2007	13.97 	12.14 	13.77 	11.67 	11.67 	11.67 	: 	: 	: 	: 
A,GE10,C13-C15,E_ITSP2,PC_ENT_CUSE,EU27_2020	13.28 	12.12 	13.50 	11.89 	11.72 	11.64 	14.54 	: 	: 	: 
A,GE10,C13-C15,E_ITSP2,PC_ENT_CUSE,EU28	13.95 	12.12 	13.75 	11.72 	11.71 	11.74 	15.05 	: 	: 	: 
A,GE10,C13-C15,E_ITSP2,PC_ENT_CUSE,FI	: u	: u	: u	: u	: u	: u	: u	: 	: 	: 
A,GE10,C13-C15,E_ITSP2,PC_ENT_CUSE,FR	5.72 	16.25 	16.74 	13.64 	17.80 	18.87 	25.98 	: 	: 	: 
A,GE10,C13-C15,E_ITSP2,PC_ENT_CUSE,HR	11.20 	8.61 	10.69 	17.33 	17.21 	21.09 	12.49 	: 	: 	: 
A,GE10,C13-C15,E_ITSP2,PC_ENT_CUSE,HU	19.05 	15.06 	14.27 	12.46 	10.83 	17.77 	13.93 	: 	: 	: 
A,GE10,C13-C15,E_ITSP2,PC_ENT_CUSE,IE	34.81 	26.11 	16.13 	42.68 	13.51 	10.14 	30.94 	: 	: 	: 
A,GE10,C13-C15,E_ITSP2,PC_ENT_CUSE,IS	: u	: u	: 	: 	0 	: 	: 	: 	: 	: 
A,GE10,C13-C15,E_ITSP2,PC_ENT_CUSE,IT	11.50 	7.16 	11.19 	8.61 	9.15 	10.13 	8.54 	: 	: 	: 
A,GE10,C13-C15,E_ITSP2,PC_ENT_CUSE,LT	16.75 	11.31 	11.34 	8.21 	10.78 	14.47 	7.39 	: 	: 	: 
A,GE10,C13-C15,E_ITSP2,PC_ENT_CUSE,LU	: u	: u	: u	: u	: u	: u	: u	: 	: 	: 
A,GE10,C13-C15,E_ITSP2,PC_ENT_CUSE,LV	15.36 	16.67 	13.93 	6.19 	6.87 	11.28 	18.29 	: 	: 	: 
A,GE10,C13-C15,E_ITSP2,PC_ENT_CUSE,ME	: 	: 	: 	: u	: u	: u	: u	: 	: 	: 
A,GE10,C13-C15,E_ITSP2,PC_ENT_CUSE,MK	7.00 	4.22 	3.45 	6.06 	: 	: 	: 	: 	: 	: 
A,GE10,C13-C15,E_ITSP2,PC_ENT_CUSE,MT	: u	14.93 	13.29 	: u	: u	: u	: @C	: 	: 	: 
A,GE10,C13-C15,E_ITSP2,PC_ENT_CUSE,NL	22.97 	27.58 	26.73 	23.63 	23.18 	26.25 	22.14 	: 	: 	: 
A,GE10,C13-C15,E_ITSP2,PC_ENT_CUSE,NO	13.18 	4.74 	19.74 	18.72 	13.51 	14.86 	11.14 	: 	: 	: 
A,GE10,C13-C15,E_ITSP2,PC_ENT_CUSE,PL	: u	4.66 	4.47 	5.63 	4.13 	4.27 	20.49 	: 	: 	: 
A,GE10,C13-C15,E_ITSP2,PC_ENT_CUSE,PT	19.45 	15.40 	9.28 	12.27 	13.50 	10.33 	14.69 	: 	: 	: 
A,GE10,C13-C15,E_ITSP2,PC_ENT_CUSE,RO	4.47 	7.63 	9.17 	4.77 	6.37 	4.74 	4.54 	: 	: 	: 
A,GE10,C13-C15,E_ITSP2,PC_ENT_CUSE,RS	: 	12.88 	: 	: 	10.79 	8.97 	10.15 	: 	: 	: 
A,GE10,C13-C15,E_ITSP2,PC_ENT_CUSE,SE	: u	18.65 	19.08 	13.70 	17.62 	24.35 	17.66 	: 	: 	: 
A,GE10,C13-C15,E_ITSP2,PC_ENT_CUSE,SI	15.66 	26.96 	24.32 	20.18 	26.46 	24.84 	16.41 	: 	: 	: 
A,GE10,C13-C15,E_ITSP2,PC_ENT_CUSE,SK	12.03 	11.74 	15.02 	13.57 	12.16 	12.39 	14.18 	: 	: 	: 
A,GE10,C13-C15,E_ITSP2,PC_ENT_CUSE,TR	: 	: 	: u	: 	: 	10.14 	11.95 	: 	: 	: 
A,GE10,C13-C15,E_ITSP2,PC_ENT_CUSE,UK	29.75 	12.04 	18.03 	8.54 	11.49 	13.70 	: u	: 	: 	: 
A,GE10,C16-C18,E_ITSP2,PC_ENT,AT	: u	: u	: u	: u	17.84 	12.45 	: u	: u	18.89 	24.75 
A,GE10,C16-C18,E_ITSP2,PC_ENT,BA	: 	: 	: 	: 	: 	7.47 	10.43 	4.68 	: u	: u
A,GE10,C16-C18,E_ITSP2,PC_ENT,BE	35.94 	: u	: u	: u	: u	: u	17.69 	15.94 	: u	: u
A,GE10,C16-C18,E_ITSP2,PC_ENT,BG	5.96 	18.54 	15.33 	12.77 	18.63 	17.50 	12.88 	13.15 	13.98 	10.33 
A,GE10,C16-C18,E_ITSP2,PC_ENT,CY	26.56 	10.94 	18.73 	12.45 	14.83 	18.30 	19.91 	12.28 	14.93 	6.96 
A,GE10,C16-C18,E_ITSP2,PC_ENT,CZ	19.68 	17.40 	16.71 	16.88 	14.37 	14.29 	17.47 	11.69 	14.57 	15.45 
A,GE10,C16-C18,E_ITSP2,PC_ENT,DE	32.06 	23.59 	26.45 	25.65 	22.46 	27.96 	25.97 	25.57 	22.73 	24.28 
A,GE10,C16-C18,E_ITSP2,PC_ENT,DK	: u	38.13 	36.43 	35.52 	32.89 	38.70 	32.97 	41.64 	27.20 	21.87 
A,GE10,C16-C18,E_ITSP2,PC_ENT,EA	22.02 	20.37 	19.20 	19.60 	20.49 	20.88 	19.45 	18.10 	17.24 	18.03 
A,GE10,C16-C18,E_ITSP2,PC_ENT,EE	10.28 	9.35 	11.14 	14.41 	10.60 	10.56 	13.00 	17.08 	11.72 	13.02 
A,GE10,C16-C18,E_ITSP2,PC_ENT,EL	43.85 	22.66 	28.23 	31.59 	: u	: u	20.41 	: u	20.51 	17.60 
A,GE10,C16-C18,E_ITSP2,PC_ENT,ES	: u	: u	: u	: u	: u	: u	: u	: u	: u	12.03 
A,GE10,C16-C18,E_ITSP2,PC_ENT,EU15	24.63 	21.64 	20.77 	21.90 	20.60 	23.12 	: 	: 	: 	: 
A,GE10,C16-C18,E_ITSP2,PC_ENT,EU27_2007	21.54 	19.60 	18.10 	19.07 	17.85 	19.81 	: 	: 	: 	: 
A,GE10,C16-C18,E_ITSP2,PC_ENT,EU27_2020	19.87 	18.95 	17.47 	17.74 	18.17 	18.45 	19.10 	18.46 	18.38 	17.88 
A,GE10,C16-C18,E_ITSP2,PC_ENT,EU28	21.48 	19.56 	18.06 	18.98 	17.88 	19.70 	20.47 	: 	: 	: 
A,GE10,C16-C18,E_ITSP2,PC_ENT,FI	: u	: u	: u	: u	: u	: u	: u	: u	: u	: u
A,GE10,C16-C18,E_ITSP2,PC_ENT,FR	15.64 	19.11 	13.43 	15.71 	28.73 	21.42 	16.91 	21.67 	15.57 b	18.67 
A,GE10,C16-C18,E_ITSP2,PC_ENT,HR	15.71 	15.80 	13.83 	11.03 	20.40 	9.95 	11.57 	15.87 	10.38 	14.49 
A,GE10,C16-C18,E_ITSP2,PC_ENT,HU	27.48 	23.48 	18.31 	22.62 	19.43 	21.42 	23.43 	23.94 	30.51 	23.40 
A,GE10,C16-C18,E_ITSP2,PC_ENT,IE	27.55 	23.04 	37.42 	37.60 	44.41 	39.19 	30.12 	30.55 	40.20 	28.29 
A,GE10,C16-C18,E_ITSP2,PC_ENT,IS	28.00 	: u	: 	: 	: u	: 	: 	11.54 	: 	: 
A,GE10,C16-C18,E_ITSP2,PC_ENT,IT	10.95 	16.15 	11.24 	14.81 	15.30 	17.88 	18.11 	9.45 	9.83 	12.30 
A,GE10,C16-C18,E_ITSP2,PC_ENT,LT	10.76 	12.78 	8.93 	10.54 	10.77 	15.48 	12.95 	9.74 	14.99 	8.73 
A,GE10,C16-C18,E_ITSP2,PC_ENT,LU	: u	: u	: u	: u	: u	: u	: u	: u	: u	: u
A,GE10,C16-C18,E_ITSP2,PC_ENT,LV	17.46 	13.14 	10.52 	11.33 	7.46 	8.40 	12.55 	9.35 	9.68 	12.17 
A,GE10,C16-C18,E_ITSP2,PC_ENT,ME	: 	: 	: 	: u	38.04 	20.83 	: u	: u	36.86 	: @C
A,GE10,C16-C18,E_ITSP2,PC_ENT,MK	6.93 	8.07 	8.87 	13.52 	: 	: 	: 	2.69 	: u	: 
A,GE10,C16-C18,E_ITSP2,PC_ENT,MT	16.37 	12.41 	10.75 	16.95 	9.65 	12.76 	15.79 	19.52 	25.69 	30.96 
A,GE10,C16-C18,E_ITSP2,PC_ENT,NL	32.11 	29.29 	34.99 	27.16 	27.95 	30.06 	26.23 	21.63 	28.06 	22.56 
A,GE10,C16-C18,E_ITSP2,PC_ENT,NO	31.06 	28.95 	17.16 	13.49 	24.58 	15.88 	14.45 	19.22 	23.38 	17.17 
A,GE10,C16-C18,E_ITSP2,PC_ENT,PL	12.59 	9.89 	8.08 	11.27 	7.71 	8.89 	21.19 	22.39 	26.24 	20.61 
A,GE10,C16-C18,E_ITSP2,PC_ENT,PT	: u	19.00 	12.16 	14.06 	16.83 	19.09 	19.66 	11.47 	: u	23.83 
A,GE10,C16-C18,E_ITSP2,PC_ENT,RO	0.28 	14.23 	7.66 	2.95 	6.16 	3.35 	9.09 	13.42 	11.03 	7.71 
A,GE10,C16-C18,E_ITSP2,PC_ENT,RS	: 	19.89 	: 	: 	25.50 	23.90 	12.62 	12.61 	3.56 	15.63 
A,GE10,C16-C18,E_ITSP2,PC_ENT,SE	34.45 	23.31 	25.00 	22.86 	18.95 	21.76 	22.80 	26.60 	28.41 	23.10 b
A,GE10,C16-C18,E_ITSP2,PC_ENT,SI	21.52 	21.37 	20.09 	14.88 	19.67 	19.29 	10.89 	19.34 	24.65 	11.94 
A,GE10,C16-C18,E_ITSP2,PC_ENT,SK	10.71 	13.75 	7.40 	9.25 	7.88 	10.02 	9.22 	9.78 	9.17 	8.86 
A,GE10,C16-C18,E_ITSP2,PC_ENT,TR	: 	: 	: u	: 	: 	16.05 	12.68 	10.56 	17.84 	16.23 
A,GE10,C16-C18,E_ITSP2,PC_ENT,UK	35.63 	24.71 	23.04 	29.41 	15.47 	: u	: u	: u	: 	: 
A,GE10,C16-C18,E_ITSP2,PC_ENT_CUSE,AT	: u	: u	: u	: u	17.84 	12.45 	: u	: 	: 	: 
A,GE10,C16-C18,E_ITSP2,PC_ENT_CUSE,BA	: 	: 	: 	: 	: 	7.47 	10.43 	: 	: 	: 
A,GE10,C16-C18,E_ITSP2,PC_ENT_CUSE,BE	35.94 	: u	: u	: u	: u	: u	17.69 	: 	: 	: 
A,GE10,C16-C18,E_ITSP2,PC_ENT_CUSE,BG	6.74 	19.05 	16.73 	13.28 	19.57 	18.76 	13.08 	: 	: 	: 
A,GE10,C16-C18,E_ITSP2,PC_ENT_CUSE,CY	27.42 	11.28 	18.73 	12.45 	14.83 	18.30 	19.91 	: 	: 	: 
A,GE10,C16-C18,E_ITSP2,PC_ENT_CUSE,CZ	19.89 	17.49 	16.81 	17.24 	14.46 	14.52 	17.80 	: 	: 	: 
A,GE10,C16-C18,E_ITSP2,PC_ENT_CUSE,DE	33.27 	23.81 	26.49 	26.12 	22.56 	27.99 	26.19 	: 	: 	: 
A,GE10,C16-C18,E_ITSP2,PC_ENT_CUSE,DK	: u	38.13 	36.43 	35.52 	32.89 	38.70 	32.97 	: 	: 	: 
A,GE10,C16-C18,E_ITSP2,PC_ENT_CUSE,EA	22.30 	20.50 	19.30 	19.76 	20.56 	20.96 	19.53 	: 	: 	: 
A,GE10,C16-C18,E_ITSP2,PC_ENT_CUSE,EE	10.41 	10.05 	11.82 	14.98 	10.95 	10.56 	13.00 	: 	: 	: 
A,GE10,C16-C18,E_ITSP2,PC_ENT_CUSE,EL	43.96 	24.07 	30.49 	33.65 	: u	: u	21.66 	: 	: 	: 
A,GE10,C16-C18,E_ITSP2,PC_ENT_CUSE,ES	: u	: u	: u	: u	: u	: u	: u	: 	: 	: 
A,GE10,C16-C18,E_ITSP2,PC_ENT_CUSE,EU15	24.96 	21.83 	20.84 	22.04 	20.70 	23.21 	: 	: 	: 	: 
A,GE10,C16-C18,E_ITSP2,PC_ENT_CUSE,EU27_2007	22.23 	20.03 	18.49 	19.37 	18.14 	20.13 	: 	: 	: 	: 
A,GE10,C16-C18,E_ITSP2,PC_ENT_CUSE,EU27_2020	20.55 	19.34 	17.90 	18.05 	18.45 	18.77 	19.45 	: 	: 	: 
A,GE10,C16-C18,E_ITSP2,PC_ENT_CUSE,EU28	22.18 	20.00 	18.46 	19.28 	18.17 	20.02 	20.80 	: 	: 	: 
A,GE10,C16-C18,E_ITSP2,PC_ENT_CUSE,FI	: u	: u	: u	: u	: u	: u	: u	: 	: 	: 
A,GE10,C16-C18,E_ITSP2,PC_ENT_CUSE,FR	15.64 	19.11 	13.43 	15.71 	28.73 	21.60 	16.91 	: 	: 	: 
A,GE10,C16-C18,E_ITSP2,PC_ENT_CUSE,HR	16.94 	16.47 	14.63 	11.62 	20.72 	10.36 	12.20 	: 	: 	: 
A,GE10,C16-C18,E_ITSP2,PC_ENT_CUSE,HU	30.07 	26.22 	19.98 	24.28 	20.17 	23.06 	24.69 	: 	: 	: 
A,GE10,C16-C18,E_ITSP2,PC_ENT_CUSE,IE	27.71 	23.04 	37.42 	37.60 	44.41 	39.19 	30.12 	: 	: 	: 
A,GE10,C16-C18,E_ITSP2,PC_ENT_CUSE,IS	28.00 	: u	: 	: 	: u	: 	: 	: 	: 	: 
A,GE10,C16-C18,E_ITSP2,PC_ENT_CUSE,IT	11.02 	16.15 	11.24 	14.81 	15.30 	17.88 	18.13 	: 	: 	: 
A,GE10,C16-C18,E_ITSP2,PC_ENT_CUSE,LT	10.76 	12.78 	8.93 	10.54 	10.77 	15.48 	12.95 	: 	: 	: 
A,GE10,C16-C18,E_ITSP2,PC_ENT_CUSE,LU	: u	: u	: u	: u	: u	: u	: u	: 	: 	: 
A,GE10,C16-C18,E_ITSP2,PC_ENT_CUSE,LV	18.23 	13.65 	10.70 	11.66 	7.58 	8.49 	12.64 	: 	: 	: 
A,GE10,C16-C18,E_ITSP2,PC_ENT_CUSE,ME	: 	: 	: 	: u	38.04 	20.83 	: u	: 	: 	: 
A,GE10,C16-C18,E_ITSP2,PC_ENT_CUSE,MK	7.57 	8.29 	9.48 	13.52 	: 	: 	: 	: 	: 	: 
A,GE10,C16-C18,E_ITSP2,PC_ENT_CUSE,MT	16.37 	12.41 	10.75 	16.95 	9.65 	13.30 	15.79 	: 	: 	: 
A,GE10,C16-C18,E_ITSP2,PC_ENT_CUSE,NL	32.11 	29.29 	34.99 	27.16 	27.95 	30.06 	26.23 	: 	: 	: 
A,GE10,C16-C18,E_ITSP2,PC_ENT_CUSE,NO	31.06 	28.95 	17.16 	13.49 	24.58 	15.88 	14.45 	: 	: 	: 
A,GE10,C16-C18,E_ITSP2,PC_ENT_CUSE,PL	13.65 	10.22 	8.81 	11.72 	8.01 	9.29 	21.99 	: 	: 	: 
A,GE10,C16-C18,E_ITSP2,PC_ENT_CUSE,PT	: u	19.54 	12.16 	14.20 	16.83 	19.36 	19.89 	: 	: 	: 
A,GE10,C16-C18,E_ITSP2,PC_ENT_CUSE,RO	0.36 	17.31 	8.94 	3.17 	7.04 	3.78 	11.09 	: 	: 	: 
A,GE10,C16-C18,E_ITSP2,PC_ENT_CUSE,RS	: 	19.89 	: 	: 	25.50 	23.90 	12.62 	: 	: 	: 
A,GE10,C16-C18,E_ITSP2,PC_ENT_CUSE,SE	34.45 	23.31 	25.00 	22.86 	18.95 	21.76 	22.80 	: 	: 	: 
A,GE10,C16-C18,E_ITSP2,PC_ENT_CUSE,SI	22.37 	21.37 	20.56 	14.88 	19.67 	19.29 	10.89 	: 	: 	: 
A,GE10,C16-C18,E_ITSP2,PC_ENT_CUSE,SK	10.71 	13.75 	7.40 	9.40 	8.28 	10.19 	9.27 	: 	: 	: 
A,GE10,C16-C18,E_ITSP2,PC_ENT_CUSE,TR	: 	: 	: u	: 	: 	16.50 	12.81 	: 	: 	: 
A,GE10,C16-C18,E_ITSP2,PC_ENT_CUSE,UK	36.38 	25.54 	23.04 	29.41 	15.78 	: u	: u	: 	: 	: 
A,GE10,C19,E_ITSP2,PC_ENT,AT	: 	: 	: 	: 	: 	: 	: 	: 	: u	: u
A,GE10,C19,E_ITSP2,PC_ENT,BA	: 	: 	: 	: 	: 	: 	: 	: 	0 	: @C
A,GE10,C19,E_ITSP2,PC_ENT,BE	: 	: 	: 	: 	: 	: 	: 	: 	85.71 	100.00 
A,GE10,C19,E_ITSP2,PC_ENT,BG	: 	: 	: 	: 	: 	: 	: 	: 	: u	: u
A,GE10,C19,E_ITSP2,PC_ENT,CY	: 	: 	: 	: 	: 	: 	: 	: 	: @C	: @C
A,GE10,C19,E_ITSP2,PC_ENT,CZ	: 	: 	: 	: 	: 	: 	: 	: 	: u	: u
A,GE10,C19,E_ITSP2,PC_ENT,DE	: 	: 	: 	: 	: 	: 	: 	: 	42.37 	71.93 
A,GE10,C19,E_ITSP2,PC_ENT,DK	: 	: 	: 	: 	: 	: 	: 	: 	100.00 	100.00 
A,GE10,C19,E_ITSP2,PC_ENT,EA	: 	: 	: 	: 	: 	: 	: 	: 	33.22 	41.68 
A,GE10,C19,E_ITSP2,PC_ENT,EE	: 	: 	: 	: 	: 	: 	: 	: 	: @C	66.67 
A,GE10,C19,E_ITSP2,PC_ENT,EL	: 	: 	: 	: 	: 	: 	: 	: 	28.57 	57.14 
A,GE10,C19,E_ITSP2,PC_ENT,ES	: 	: 	: 	: 	: 	: 	: 	: 	: u	80.00 
A,GE10,C19,E_ITSP2,PC_ENT,EU27_2020	: 	: 	: 	: 	: 	: 	: 	: 	37.99 	46.21 
A,GE10,C19,E_ITSP2,PC_ENT,FI	: 	: 	: 	: 	: 	: 	: 	: 	: u	: u
A,GE10,C19,E_ITSP2,PC_ENT,FR	: 	: 	: 	: 	: 	: 	: 	: 	: @C	: @C
A,GE10,C19,E_ITSP2,PC_ENT,HR	: 	: 	: 	: 	: 	: 	: 	: 	: @C	: @C
A,GE10,C19,E_ITSP2,PC_ENT,HU	: 	: 	: 	: 	: 	: 	: 	: 	: @C	50.00 
A,GE10,C19,E_ITSP2,PC_ENT,IE	: 	: 	: 	: 	: 	: 	: 	: 	: @C	0 
A,GE10,C19,E_ITSP2,PC_ENT,IT	: 	: 	: 	: 	: 	: 	: 	: 	: u	: u
A,GE10,C19,E_ITSP2,PC_ENT,LT	: 	: 	: 	: 	: 	: 	: 	: 	: u	: @C
A,GE10,C19,E_ITSP2,PC_ENT,NL	: 	: 	: 	: 	: 	: 	: 	: 	92.86 	85.71 
A,GE10,C19,E_ITSP2,PC_ENT,NO	: 	: 	: 	: 	: 	: 	: 	: 	: @C	: 
A,GE10,C19,E_ITSP2,PC_ENT,PL	: 	: 	: 	: 	: 	: 	: 	: 	: u	: u
A,GE10,C19,E_ITSP2,PC_ENT,PT	: 	: 	: 	: 	: 	: 	: 	: 	: u	25.00 
A,GE10,C19,E_ITSP2,PC_ENT,RO	: 	: 	: 	: 	: 	: 	: 	: 	28.57 	41.67 
A,GE10,C19,E_ITSP2,PC_ENT,RS	: 	: 	: 	: 	: 	: 	: 	: 	50.00 	50.00 
A,GE10,C19,E_ITSP2,PC_ENT,SE	: 	: 	: 	: 	: 	: 	: 	: 	: u	87.50 b
A,GE10,C19,E_ITSP2,PC_ENT,SK	: 	: 	: 	: 	: 	: 	: 	: 	33.33 	100.00 
A,GE10,C19,E_ITSP2,PC_ENT,TR	: 	: 	: 	: 	: 	: 	: 	: 	32.39 	28.57 
A,GE10,C19-C23,E_ITSP2,PC_ENT,AT	: u	39.62 	29.03 	: u	: u	: u	: u	: u	: u	39.61 
A,GE10,C19-C23,E_ITSP2,PC_ENT,BA	: 	: 	: 	: 	: 	13.78 	11.00 	9.87 	9.83 	10.92 
A,GE10,C19-C23,E_ITSP2,PC_ENT,BE	44.73 	: u	34.66 	: u	: u	36.44 	42.90 	: u	: u	37.90 
A,GE10,C19-C23,E_ITSP2,PC_ENT,BG	9.79 	23.68 	21.59 	21.10 	19.94 	21.84 	17.88 	15.02 	16.75 	19.37 
A,GE10,C19-C23,E_ITSP2,PC_ENT,CY	14.64 	23.76 	15.12 	13.58 	17.41 	21.55 	25.11 	20.08 	23.25 	15.79 
A,GE10,C19-C23,E_ITSP2,PC_ENT,CZ	37.18 	21.64 	19.09 	24.29 	24.56 	27.66 	23.27 	22.14 	21.08 	22.72 
A,GE10,C19-C23,E_ITSP2,PC_ENT,DE	32.59 	31.11 	28.38 	33.19 	29.03 	32.92 	31.48 	32.54 	31.89 	34.86 
A,GE10,C19-C23,E_ITSP2,PC_ENT,DK	: u	27.39 	29.90 	27.23 	28.54 	32.22 	37.87 	39.29 	41.82 	35.31 
A,GE10,C19-C23,E_ITSP2,PC_ENT,EA	25.48 	24.67 	25.90 	30.14 	25.24 	26.06 	24.55 	25.97 	27.36 	26.74 
A,GE10,C19-C23,E_ITSP2,PC_ENT,EE	22.55 	19.91 	21.36 	20.52 	19.90 	15.77 	17.51 	18.75 	17.84 	19.75 
A,GE10,C19-C23,E_ITSP2,PC_ENT,EL	28.71 	27.95 	36.72 	33.17 	26.84 	31.21 	31.62 	: u	22.64 	18.34 
A,GE10,C19-C23,E_ITSP2,PC_ENT,ES	22.24 	23.93 	29.73 	33.44 	27.14 	24.67 	18.20 	23.97 	22.02 	19.50 
A,GE10,C19-C23,E_ITSP2,PC_ENT,EU15	25.43 	24.87 	26.31 	30.50 	25.99 	27.20 	: 	: 	: 	: 
A,GE10,C19-C23,E_ITSP2,PC_ENT,EU27_2007	24.16 	23.37 	24.57 	28.13 	24.45 	25.25 	: 	: 	: 	: 
A,GE10,C19-C23,E_ITSP2,PC_ENT,EU27_2020	24.29 	23.20 	24.31 	27.86 	23.93 	24.51 	24.56 	26.24 	27.48 	26.73 
A,GE10,C19-C23,E_ITSP2,PC_ENT,EU28	24.14 	23.35 	24.58 	28.07 	24.39 	25.25 	25.35 	: 	: 	: 
A,GE10,C19-C23,E_ITSP2,PC_ENT,FI	36.07 	25.15 	26.24 	36.22 	21.52 	30.21 	26.87 	29.91 	39.06 	34.74 
A,GE10,C19-C23,E_ITSP2,PC_ENT,FR	25.01 	24.88 	27.75 	29.41 	24.14 	26.76 	27.26 	25.43 	32.83 b	33.40 
A,GE10,C19-C23,E_ITSP2,PC_ENT,HR	21.51 	21.13 	26.03 	21.27 	17.55 	24.71 	18.72 	16.45 	13.09 	13.11 
A,GE10,C19-C23,E_ITSP2,PC_ENT,HU	35.75 	33.24 	33.07 	35.23 	33.89 	33.17 	33.99 	37.63 	40.67 	33.26 
A,GE10,C19-C23,E_ITSP2,PC_ENT,IE	42.40 	47.69 	33.57 	50.82 	49.48 	41.29 	44.45 	41.71 	34.26 	43.54 
A,GE10,C19-C23,E_ITSP2,PC_ENT,IS	11.90 	3.94 	: 	: 	13.33 	: 	: 	24.32 	: 	: 
A,GE10,C19-C23,E_ITSP2,PC_ENT,IT	16.61 	14.41 	18.42 	22.69 	16.94 	16.50 	15.08 	17.10 	18.05 	17.45 
A,GE10,C19-C23,E_ITSP2,PC_ENT,LT	34.17 	21.18 	18.75 	20.60 	18.34 	16.62 	15.53 	14.58 	18.55 	19.88 
A,GE10,C19-C23,E_ITSP2,PC_ENT,LU	: u	55.12 	60.82 	68.29 	: u	72.02 	60.65 	60.98 	50.67 	45.65 
A,GE10,C19-C23,E_ITSP2,PC_ENT,LV	20.31 	23.40 	22.44 	19.17 	16.04 	15.00 	17.24 	22.23 	21.84 	25.24 
A,GE10,C19-C23,E_ITSP2,PC_ENT,ME	: 	: 	: 	: u	: u	: u	: u	: u	: @C	56.82 
A,GE10,C19-C23,E_ITSP2,PC_ENT,MK	10.96 	10.82 	: u	10.66 	: 	: 	: 	3.97 	3.81 	: 
A,GE10,C19-C23,E_ITSP2,PC_ENT,MT	13.69 	10.14 	16.36 	18.61 	12.05 	15.03 	21.22 	17.77 	20.38 	19.20 
A,GE10,C19-C23,E_ITSP2,PC_ENT,NL	36.61 	38.87 	39.05 	36.26 	32.99 	33.92 	33.35 	31.91 	39.80 	38.47 
A,GE10,C19-C23,E_ITSP2,PC_ENT,NO	31.43 	29.64 	29.79 	21.21 	32.76 	28.21 	34.71 	20.04 	21.90 	24.28 
A,GE10,C19-C23,E_ITSP2,PC_ENT,PL	17.05 	14.10 	16.70 	17.91 	16.48 	15.52 	27.89 	31.38 	34.43 	30.89 
A,GE10,C19-C23,E_ITSP2,PC_ENT,PT	23.27 	17.31 	22.11 	24.19 	21.66 	21.50 	15.62 	19.26 	31.34 	25.52 
A,GE10,C19-C23,E_ITSP2,PC_ENT,RO	3.07 	11.85 	14.57 	14.24 	13.59 	8.92 	11.32 	15.29 	11.53 	14.10 
A,GE10,C19-C23,E_ITSP2,PC_ENT,RS	: 	17.50 	: 	: 	24.59 	18.64 	23.02 	19.56 	19.97 	22.55 
A,GE10,C19-C23,E_ITSP2,PC_ENT,SE	31.09 	27.22 	22.90 	26.04 	25.90 	23.89 	25.78 	34.04 	30.38 	30.07 b
A,GE10,C19-C23,E_ITSP2,PC_ENT,SI	24.68 	25.15 	22.15 	20.51 	26.06 	29.42 	22.28 	19.64 	28.50 	22.40 
A,GE10,C19-C23,E_ITSP2,PC_ENT,SK	23.23 	21.31 	20.88 	21.63 	21.08 	18.24 	25.61 	19.41 	18.20 	21.02 
A,GE10,C19-C23,E_ITSP2,PC_ENT,TR	: 	: 	: u	: 	: 	10.21 	18.41 	16.27 	17.53 	17.56 
A,GE10,C19-C23,E_ITSP2,PC_ENT,UK	22.47 	24.89 	27.19 	30.07 	28.97 	32.58 	33.31 	37.26 	: 	: 
A,GE10,C19-C23,E_ITSP2,PC_ENT_CUSE,AT	: u	39.62 	29.03 	: u	: u	: u	: u	: 	: 	: 
A,GE10,C19-C23,E_ITSP2,PC_ENT_CUSE,BA	: 	: 	: 	: 	: 	13.78 	11.00 	: 	: 	: 
A,GE10,C19-C23,E_ITSP2,PC_ENT_CUSE,BE	44.73 	: u	34.66 	: u	: u	36.44 	42.90 	: 	: 	: 
A,GE10,C19-C23,E_ITSP2,PC_ENT_CUSE,BG	10.18 	24.46 	22.69 	22.07 	19.94 	22.06 	18.23 	: 	: 	: 
A,GE10,C19-C23,E_ITSP2,PC_ENT_CUSE,CY	14.64 	23.76 	15.12 	13.58 	17.41 	21.55 	25.63 	: 	: 	: 
A,GE10,C19-C23,E_ITSP2,PC_ENT_CUSE,CZ	37.63 	22.12 	19.32 	24.77 	24.70 	27.89 	23.64 	: 	: 	: 
A,GE10,C19-C23,E_ITSP2,PC_ENT_CUSE,DE	32.68 	31.20 	28.74 	33.55 	29.14 	33.03 	31.51 	: 	: 	: 
A,GE10,C19-C23,E_ITSP2,PC_ENT_CUSE,DK	: u	27.39 	29.90 	27.23 	28.54 	32.22 	37.87 	: 	: 	: 
A,GE10,C19-C23,E_ITSP2,PC_ENT_CUSE,EA	25.59 	24.73 	26.08 	30.27 	25.29 	26.13 	24.59 	: 	: 	: 
A,GE10,C19-C23,E_ITSP2,PC_ENT_CUSE,EE	22.55 	19.91 	21.36 	21.19 	20.67 	15.77 	17.51 	: 	: 	: 
A,GE10,C19-C23,E_ITSP2,PC_ENT_CUSE,EL	28.81 	28.25 	37.93 	33.93 	27.37 	31.67 	31.62 	: 	: 	: 
A,GE10,C19-C23,E_ITSP2,PC_ENT_CUSE,ES	22.36 	23.95 	30.08 	33.64 	27.22 	24.94 	18.32 	: 	: 	: 
A,GE10,C19-C23,E_ITSP2,PC_ENT_CUSE,EU15	25.60 	24.95 	26.47 	30.61 	26.04 	27.31 	: 	: 	: 	: 
A,GE10,C19-C23,E_ITSP2,PC_ENT_CUSE,EU27_2007	24.55 	23.60 	24.82 	28.43 	24.62 	25.47 	: 	: 	: 	: 
A,GE10,C19-C23,E_ITSP2,PC_ENT_CUSE,EU27_2020	24.66 	23.42 	24.61 	28.23 	24.13 	24.71 	24.74 	: 	: 	: 
A,GE10,C19-C23,E_ITSP2,PC_ENT_CUSE,EU28	24.53 	23.58 	24.85 	28.40 	24.58 	25.47 	25.52 	: 	: 	: 
A,GE10,C19-C23,E_ITSP2,PC_ENT_CUSE,FI	36.07 	25.15 	26.24 	36.22 	21.52 	30.21 	26.87 	: 	: 	: 
A,GE10,C19-C23,E_ITSP2,PC_ENT_CUSE,FR	25.45 	24.88 	27.75 	29.41 	24.14 	26.76 	27.26 	: 	: 	: 
A,GE10,C19-C23,E_ITSP2,PC_ENT_CUSE,HR	21.51 	21.13 	28.89 	25.07 	18.79 	26.00 	18.81 	: 	: 	: 
A,GE10,C19-C23,E_ITSP2,PC_ENT_CUSE,HU	36.45 	34.76 	34.48 	36.09 	34.48 	34.09 	35.34 	: 	: 	: 
A,GE10,C19-C23,E_ITSP2,PC_ENT_CUSE,IE	43.01 	48.17 	34.00 	50.82 	49.48 	41.29 	44.45 	: 	: 	: 
A,GE10,C19-C23,E_ITSP2,PC_ENT_CUSE,IS	11.90 	3.94 	: 	: 	13.33 	: 	: 	: 	: 	: 
A,GE10,C19-C23,E_ITSP2,PC_ENT_CUSE,IT	16.62 	14.47 	18.48 	22.69 	16.95 	16.50 	15.08 	: 	: 	: 
A,GE10,C19-C23,E_ITSP2,PC_ENT_CUSE,LT	34.17 	21.18 	18.75 	20.60 	18.34 	16.62 	15.53 	: 	: 	: 
A,GE10,C19-C23,E_ITSP2,PC_ENT_CUSE,LU	: u	55.12 	60.82 	68.29 	: u	72.02 	60.65 	: 	: 	: 
A,GE10,C19-C23,E_ITSP2,PC_ENT_CUSE,LV	21.20 	23.40 	22.88 	19.63 	16.22 	15.00 	17.24 	: 	: 	: 
A,GE10,C19-C23,E_ITSP2,PC_ENT_CUSE,ME	: 	: 	: 	: u	: u	: u	: u	: 	: 	: 
A,GE10,C19-C23,E_ITSP2,PC_ENT_CUSE,MK	11.29 	10.82 	: u	10.66 	: 	: 	: 	: 	: 	: 
A,GE10,C19-C23,E_ITSP2,PC_ENT_CUSE,MT	13.69 	10.29 	16.36 	18.61 	12.05 	15.03 	21.22 	: 	: 	: 
A,GE10,C19-C23,E_ITSP2,PC_ENT_CUSE,NL	36.61 	38.87 	39.05 	36.26 	32.99 	33.92 	33.35 	: 	: 	: 
A,GE10,C19-C23,E_ITSP2,PC_ENT_CUSE,NO	31.43 	29.64 	29.79 	21.21 	32.76 	28.21 	35.87 	: 	: 	: 
A,GE10,C19-C23,E_ITSP2,PC_ENT_CUSE,PL	17.35 	14.30 	17.09 	18.29 	16.93 	15.63 	28.12 	: 	: 	: 
A,GE10,C19-C23,E_ITSP2,PC_ENT_CUSE,PT	23.27 	17.31 	22.32 	24.19 	21.66 	21.50 	15.82 	: 	: 	: 
A,GE10,C19-C23,E_ITSP2,PC_ENT_CUSE,RO	3.96 	13.33 	15.14 	16.08 	14.60 	10.05 	12.47 	: 	: 	: 
A,GE10,C19-C23,E_ITSP2,PC_ENT_CUSE,RS	: 	17.50 	: 	: 	24.59 	18.64 	23.02 	: 	: 	: 
A,GE10,C19-C23,E_ITSP2,PC_ENT_CUSE,SE	31.09 	27.22 	22.90 	26.04 	25.90 	23.89 	25.78 	: 	: 	: 
A,GE10,C19-C23,E_ITSP2,PC_ENT_CUSE,SI	24.68 	25.75 	22.15 	20.51 	26.06 	29.42 	22.28 	: 	: 	: 
A,GE10,C19-C23,E_ITSP2,PC_ENT_CUSE,SK	23.63 	21.31 	20.95 	21.63 	21.08 	18.24 	25.61 	: 	: 	: 
A,GE10,C19-C23,E_ITSP2,PC_ENT_CUSE,TR	: 	: 	: u	: 	: 	10.26 	18.42 	: 	: 	: 
A,GE10,C19-C23,E_ITSP2,PC_ENT_CUSE,UK	23.08 	25.17 	27.23 	30.09 	28.99 	33.00 	33.31 	: 	: 	: 
A,GE10,C20,E_ITSP2,PC_ENT,AT	: 	: 	: 	: 	: 	: 	: 	: 	: u	42.87 
A,GE10,C20,E_ITSP2,PC_ENT,BA	: 	: 	: 	: 	: 	: 	: 	: 	10.53 	15.55 
A,GE10,C20,E_ITSP2,PC_ENT,BE	: 	: 	: 	: 	: 	: 	: 	: 	: u	54.98 
A,GE10,C20,E_ITSP2,PC_ENT,BG	: 	: 	: 	: 	: 	: 	: 	: 	22.18 	32.59 
A,GE10,C20,E_ITSP2,PC_ENT,CY	: 	: 	: 	: 	: 	: 	: 	: 	47.62 	12.88 
A,GE10,C20,E_ITSP2,PC_ENT,CZ	: 	: 	: 	: 	: 	: 	: 	: 	31.96 	28.39 
A,GE10,C20,E_ITSP2,PC_ENT,DE	: 	: 	: 	: 	: 	: 	: 	: 	43.74 	45.76 
A,GE10,C20,E_ITSP2,PC_ENT,DK	: 	: 	: 	: 	: 	: 	: 	: 	48.65 	42.95 
A,GE10,C20,E_ITSP2,PC_ENT,EA	: 	: 	: 	: 	: 	: 	: 	: 	36.84 	36.58 
A,GE10,C20,E_ITSP2,PC_ENT,EE	: 	: 	: 	: 	: 	: 	: 	: 	20.16 	20.97 
A,GE10,C20,E_ITSP2,PC_ENT,EL	: 	: 	: 	: 	: 	: 	: 	: 	28.53 	21.41 
A,GE10,C20,E_ITSP2,PC_ENT,ES	: 	: 	: 	: 	: 	: 	: 	: 	: u	25.81 
A,GE10,C20,E_ITSP2,PC_ENT,EU27_2020	: 	: 	: 	: 	: 	: 	: 	: 	36.72 	36.31 
A,GE10,C20,E_ITSP2,PC_ENT,FI	: 	: 	: 	: 	: 	: 	: 	: 	: u	: u
A,GE10,C20,E_ITSP2,PC_ENT,FR	: 	: 	: 	: 	: 	: 	: 	: 	43.50 b	47.79 
A,GE10,C20,E_ITSP2,PC_ENT,HR	: 	: 	: 	: 	: 	: 	: 	: 	33.84 	32.88 
A,GE10,C20,E_ITSP2,PC_ENT,HU	: 	: 	: 	: 	: 	: 	: 	: 	42.17 	44.44 
A,GE10,C20,E_ITSP2,PC_ENT,IE	: 	: 	: 	: 	: 	: 	: 	: 	37.65 	45.49 
A,GE10,C20,E_ITSP2,PC_ENT,IT	: 	: 	: 	: 	: 	: 	: 	: 	: u	: u
A,GE10,C20,E_ITSP2,PC_ENT,LT	: 	: 	: 	: 	: 	: 	: 	: 	: u	: u
A,GE10,C20,E_ITSP2,PC_ENT,LU	: 	: 	: 	: 	: 	: 	: 	: 	: u	: u
A,GE10,C20,E_ITSP2,PC_ENT,LV	: 	: 	: 	: 	: 	: 	: 	: 	16.67 	21.28 
A,GE10,C20,E_ITSP2,PC_ENT,ME	: 	: 	: 	: 	: 	: 	: 	: 	: @C	: @C
A,GE10,C20,E_ITSP2,PC_ENT,MK	: 	: 	: 	: 	: 	: 	: 	: 	: u	: 
A,GE10,C20,E_ITSP2,PC_ENT,MT	: 	: 	: 	: 	: 	: 	: 	: 	: u	: u
A,GE10,C20,E_ITSP2,PC_ENT,NL	: 	: 	: 	: 	: 	: 	: 	: 	47.57 	51.91 
A,GE10,C20,E_ITSP2,PC_ENT,NO	: 	: 	: 	: 	: 	: 	: 	: 	54.96 	50.78 
A,GE10,C20,E_ITSP2,PC_ENT,PL	: 	: 	: 	: 	: 	: 	: 	: 	44.34 	40.22 
A,GE10,C20,E_ITSP2,PC_ENT,PT	: 	: 	: 	: 	: 	: 	: 	: 	: u	28.91 
A,GE10,C20,E_ITSP2,PC_ENT,RO	: 	: 	: 	: 	: 	: 	: 	: 	14.54 	14.57 
A,GE10,C20,E_ITSP2,PC_ENT,RS	: 	: 	: 	: 	: 	: 	: 	: 	15.51 	15.39 
A,GE10,C20,E_ITSP2,PC_ENT,SE	: 	: 	: 	: 	: 	: 	: 	: 	32.51 	38.55 b
A,GE10,C20,E_ITSP2,PC_ENT,SI	: 	: 	: 	: 	: 	: 	: 	: 	81.79 	: @C
A,GE10,C20,E_ITSP2,PC_ENT,SK	: 	: 	: 	: 	: 	: 	: 	: 	24.21 	35.30 
A,GE10,C20,E_ITSP2,PC_ENT,TR	: 	: 	: 	: 	: 	: 	: 	: 	25.73 	28.78 
A,GE10,C21,E_ITSP2,PC_ENT,AT	: 	: 	: 	: 	: 	: 	: 	: 	: u	: u
A,GE10,C21,E_ITSP2,PC_ENT,BA	: 	: 	: 	: 	: 	: 	: 	: 	: @C	: @C
A,GE10,C21,E_ITSP2,PC_ENT,BE	: 	: 	: 	: 	: 	: 	: 	: 	82.90 	57.80 
A,GE10,C21,E_ITSP2,PC_ENT,BG	: 	: 	: 	: 	: 	: 	: 	: 	34.56 	50.34 
A,GE10,C21,E_ITSP2,PC_ENT,CY	: 	: 	: 	: 	: 	: 	: 	: 	54.88 	68.24 
A,GE10,C21,E_ITSP2,PC_ENT,CZ	: 	: 	: 	: 	: 	: 	: 	: 	36.29 	43.20 
A,GE10,C21,E_ITSP2,PC_ENT,DE	: 	: 	: 	: 	: 	: 	: 	: 	54.75 	65.25 
A,GE10,C21,E_ITSP2,PC_ENT,DK	: 	: 	: 	: 	: 	: 	: 	: 	60.99 	58.52 
A,GE10,C21,E_ITSP2,PC_ENT,EA	: 	: 	: 	: 	: 	: 	: 	: 	60.18 	61.82 
A,GE10,C21,E_ITSP2,PC_ENT,EE	: 	: 	: 	: 	: 	: 	: 	: 	50.00 	66.67 
A,GE10,C21,E_ITSP2,PC_ENT,EL	: 	: 	: 	: 	: 	: 	: 	: 	68.52 	77.12 
A,GE10,C21,E_ITSP2,PC_ENT,ES	: 	: 	: 	: 	: 	: 	: 	: 	: u	69.48 
A,GE10,C21,E_ITSP2,PC_ENT,EU27_2020	: 	: 	: 	: 	: 	: 	: 	: 	59.33 	58.34 
A,GE10,C21,E_ITSP2,PC_ENT,FI	: 	: 	: 	: 	: 	: 	: 	: 	: u	: u
A,GE10,C21,E_ITSP2,PC_ENT,FR	: 	: 	: 	: 	: 	: 	: 	: 	: @C	: @C
A,GE10,C21,E_ITSP2,PC_ENT,HR	: 	: 	: 	: 	: 	: 	: 	: 	100.00 	100.00 
A,GE10,C21,E_ITSP2,PC_ENT,HU	: 	: 	: 	: 	: 	: 	: 	: 	71.11 	65.38 
A,GE10,C21,E_ITSP2,PC_ENT,IE	: 	: 	: 	: 	: 	: 	: 	: 	67.73 	69.27 
A,GE10,C21,E_ITSP2,PC_ENT,IT	: 	: 	: 	: 	: 	: 	: 	: 	: u	: u
A,GE10,C21,E_ITSP2,PC_ENT,LT	: 	: 	: 	: 	: 	: 	: 	: 	: u	: u
A,GE10,C21,E_ITSP2,PC_ENT,LV	: 	: 	: 	: 	: 	: 	: 	: 	46.67 	41.67 
A,GE10,C21,E_ITSP2,PC_ENT,ME	: 	: 	: 	: 	: 	: 	: 	: 	0 	: @C
A,GE10,C21,E_ITSP2,PC_ENT,MK	: 	: 	: 	: 	: 	: 	: 	: 	100.00 	: 
A,GE10,C21,E_ITSP2,PC_ENT,MT	: 	: 	: 	: 	: 	: 	: 	: 	: u	: u
A,GE10,C21,E_ITSP2,PC_ENT,NL	: 	: 	: 	: 	: 	: 	: 	: 	58.69 	52.62 
A,GE10,C21,E_ITSP2,PC_ENT,NO	: 	: 	: 	: 	: 	: 	: 	: 	58.33 	61.54 
A,GE10,C21,E_ITSP2,PC_ENT,PL	: 	: 	: 	: 	: 	: 	: 	: 	: u	: u
A,GE10,C21,E_ITSP2,PC_ENT,PT	: 	: 	: 	: 	: 	: 	: 	: 	: u	56.85 
A,GE10,C21,E_ITSP2,PC_ENT,RO	: 	: 	: 	: 	: 	: 	: 	: 	33.39 	32.64 
A,GE10,C21,E_ITSP2,PC_ENT,RS	: 	: 	: 	: 	: 	: 	: 	: 	38.46 	51.47 
A,GE10,C21,E_ITSP2,PC_ENT,SE	: 	: 	: 	: 	: 	: 	: 	: 	58.77 	56.55 b
A,GE10,C21,E_ITSP2,PC_ENT,SI	: 	: 	: 	: 	: 	: 	: 	: 	100.00 	: @C
A,GE10,C21,E_ITSP2,PC_ENT,SK	: 	: 	: 	: 	: 	: 	: 	: 	38.89 	39.47 
A,GE10,C21,E_ITSP2,PC_ENT,TR	: 	: 	: 	: 	: 	: 	: 	: 	50.00 	45.01 
A,GE10,C22_C23,E_ITSP2,PC_ENT,AT	: 	: 	: 	: 	: 	: 	: 	: 	: u	36.35 
A,GE10,C22_C23,E_ITSP2,PC_ENT,BA	: 	: 	: 	: 	: 	: 	: 	: 	: u	: u
A,GE10,C22_C23,E_ITSP2,PC_ENT,BE	: 	: 	: 	: 	: 	: 	: 	: 	: u	26.50 
A,GE10,C22_C23,E_ITSP2,PC_ENT,BG	: 	: 	: 	: 	: 	: 	: 	: 	14.24 	14.31 
A,GE10,C22_C23,E_ITSP2,PC_ENT,CY	: 	: 	: 	: 	: 	: 	: 	: 	15.50 	11.87 
A,GE10,C22_C23,E_ITSP2,PC_ENT,CZ	: 	: 	: 	: 	: 	: 	: 	: 	18.26 	20.66 
A,GE10,C22_C23,E_ITSP2,PC_ENT,DE	: 	: 	: 	: 	: 	: 	: 	: 	27.22 	29.62 
A,GE10,C22_C23,E_ITSP2,PC_ENT,DK	: 	: 	: 	: 	: 	: 	: 	: 	35.80 	29.21 
A,GE10,C22_C23,E_ITSP2,PC_ENT,EA	: 	: 	: 	: 	: 	: 	: 	: 	22.48 	21.42 
A,GE10,C22_C23,E_ITSP2,PC_ENT,EE	: 	: 	: 	: 	: 	: 	: 	: 	15.41 	16.26 
A,GE10,C22_C23,E_ITSP2,PC_ENT,EL	: 	: 	: 	: 	: 	: 	: 	: 	15.07 	11.00 
A,GE10,C22_C23,E_ITSP2,PC_ENT,ES	: 	: 	: 	: 	: 	: 	: 	: 	: u	13.53 
A,GE10,C22_C23,E_ITSP2,PC_ENT,EU27_2020	: 	: 	: 	: 	: 	: 	: 	: 	23.05 	21.97 
A,GE10,C22_C23,E_ITSP2,PC_ENT,FI	: 	: 	: 	: 	: 	: 	: 	: 	: u	: u
A,GE10,C22_C23,E_ITSP2,PC_ENT,FR	: 	: 	: 	: 	: 	: 	: 	: 	26.42 b	24.98 
A,GE10,C22_C23,E_ITSP2,PC_ENT,HR	: 	: 	: 	: 	: 	: 	: 	: 	9.11 	8.14 
A,GE10,C22_C23,E_ITSP2,PC_ENT,HU	: 	: 	: 	: 	: 	: 	: 	: 	38.84 	29.16 
A,GE10,C22_C23,E_ITSP2,PC_ENT,IE	: 	: 	: 	: 	: 	: 	: 	: 	25.86 	37.80 
A,GE10,C22_C23,E_ITSP2,PC_ENT,IT	: 	: 	: 	: 	: 	: 	: 	: 	: u	: u
A,GE10,C22_C23,E_ITSP2,PC_ENT,LT	: 	: 	: 	: 	: 	: 	: 	: 	: u	18.47 
A,GE10,C22_C23,E_ITSP2,PC_ENT,LU	: 	: 	: 	: 	: 	: 	: 	: 	: u	: u
A,GE10,C22_C23,E_ITSP2,PC_ENT,LV	: 	: 	: 	: 	: 	: 	: 	: 	20.90 	25.15 
A,GE10,C22_C23,E_ITSP2,PC_ENT,ME	: 	: 	: 	: 	: 	: 	: 	: 	: @C	58.82 
A,GE10,C22_C23,E_ITSP2,PC_ENT,MK	: 	: 	: 	: 	: 	: 	: 	: 	: u	: 
A,GE10,C22_C23,E_ITSP2,PC_ENT,MT	: 	: 	: 	: 	: 	: 	: 	: 	16.22 	14.05 
A,GE10,C22_C23,E_ITSP2,PC_ENT,NL	: 	: 	: 	: 	: 	: 	: 	: 	33.15 	29.57 
A,GE10,C22_C23,E_ITSP2,PC_ENT,NO	: 	: 	: 	: 	: 	: 	: 	: 	12.06 	15.52 
A,GE10,C22_C23,E_ITSP2,PC_ENT,PL	: 	: 	: 	: 	: 	: 	: 	: 	30.92 	28.04 
A,GE10,C22_C23,E_ITSP2,PC_ENT,PT	: 	: 	: 	: 	: 	: 	: 	: 	29.62 	23.29 
A,GE10,C22_C23,E_ITSP2,PC_ENT,RO	: 	: 	: 	: 	: 	: 	: 	: 	9.64 	12.83 
A,GE10,C22_C23,E_ITSP2,PC_ENT,RS	: 	: 	: 	: 	: 	: 	: 	: 	20.71 	23.41 
A,GE10,C22_C23,E_ITSP2,PC_ENT,SE	: 	: 	: 	: 	: 	: 	: 	: 	26.33 	23.03 b
A,GE10,C22_C23,E_ITSP2,PC_ENT,SI	: 	: 	: 	: 	: 	: 	: 	: 	22.10 	21.90 
A,GE10,C22_C23,E_ITSP2,PC_ENT,SK	: 	: 	: 	: 	: 	: 	: 	: 	16.37 	17.48 
A,GE10,C22_C23,E_ITSP2,PC_ENT,TR	: 	: 	: 	: 	: 	: 	: 	: 	14.64 	14.07 
A,GE10,C24_C25,E_ITSP2,PC_ENT,AT	32.28 	28.44 	31.23 	32.07 	: u	: u	: u	24.55 	26.82 	31.86 
A,GE10,C24_C25,E_ITSP2,PC_ENT,BA	: 	: 	: 	: 	: 	8.38 	14.45 	17.59 	14.67 	24.83 
A,GE10,C24_C25,E_ITSP2,PC_ENT,BE	36.21 	: u	: u	: u	: u	: u	21.59 	: u	: u	: u
A,GE10,C24_C25,E_ITSP2,PC_ENT,BG	10.29 	18.03 	18.26 	14.88 	19.07 	14.70 	17.77 	16.39 	15.79 	16.31 
A,GE10,C24_C25,E_ITSP2,PC_ENT,CY	8.81 	6.67 	13.33 	9.19 	8.23 	5.85 	13.65 	9.96 	13.14 	6.80 
A,GE10,C24_C25,E_ITSP2,PC_ENT,CZ	29.84 	16.65 	17.37 	19.73 	19.36 	15.18 	14.52 	16.19 	18.50 	17.17 
A,GE10,C24_C25,E_ITSP2,PC_ENT,DE	16.91 	21.29 	17.57 	16.19 	18.10 	17.82 	16.04 	19.61 	19.96 	21.26 
A,GE10,C24_C25,E_ITSP2,PC_ENT,DK	: u	12.97 	9.39 	12.69 	12.01 	11.05 	15.39 	13.56 	13.98 	11.62 
A,GE10,C24_C25,E_ITSP2,PC_ENT,EA	16.18 	17.51 	17.03 	17.09 	17.40 	15.11 	15.87 	15.92 	16.46 	15.47 
A,GE10,C24_C25,E_ITSP2,PC_ENT,EE	13.69 	7.87 	8.92 	5.58 	9.62 	11.38 	8.49 	8.94 	6.33 	12.81 
A,GE10,C24_C25,E_ITSP2,PC_ENT,EL	28.37 	21.60 	: u	23.82 	19.14 	31.59 	13.53 	15.82 	19.78 	16.55 
A,GE10,C24_C25,E_ITSP2,PC_ENT,ES	15.68 	21.06 	20.93 	23.52 	16.24 	12.82 	14.06 	13.97 	11.98 	10.24 
A,GE10,C24_C25,E_ITSP2,PC_ENT,EU15	16.46 	17.39 	16.69 	16.60 	17.25 	15.19 	: 	: 	: 	: 
A,GE10,C24_C25,E_ITSP2,PC_ENT,EU27_2007	16.45 	16.44 	16.16 	16.04 	16.60 	15.10 	: 	: 	: 	: 
A,GE10,C24_C25,E_ITSP2,PC_ENT,EU27_2020	16.22 	16.40 	16.23 	16.19 	16.58 	14.90 	16.15 	17.00 	17.99 	16.45 
A,GE10,C24_C25,E_ITSP2,PC_ENT,EU28	16.43 	16.41 	16.19 	16.04 	16.60 	15.11 	16.24 	: 	: 	: 
A,GE10,C24_C25,E_ITSP2,PC_ENT,FI	25.68 	16.27 	21.03 	16.03 	22.41 	22.65 	19.91 	31.95 	26.29 	22.40 
A,GE10,C24_C25,E_ITSP2,PC_ENT,FR	13.35 	11.29 	13.52 	9.28 	12.60 	15.64 	19.56 	13.52 	19.54 b	13.49 
A,GE10,C24_C25,E_ITSP2,PC_ENT,HR	14.04 	12.84 	20.96 	14.56 	15.50 	16.20 	14.72 	15.30 	10.98 	11.05 
A,GE10,C24_C25,E_ITSP2,PC_ENT,HU	25.67 	20.25 	17.97 	22.85 	18.90 	25.32 	23.54 	28.88 	34.21 	28.72 
A,GE10,C24_C25,E_ITSP2,PC_ENT,IE	26.81 	25.37 	36.75 	37.57 	36.26 	43.00 	39.42 	35.38 	32.37 	21.95 
A,GE10,C24_C25,E_ITSP2,PC_ENT,IS	24.39 	16.84 	: 	: 	10.20 	: 	: 	7.84 	: 	: 
A,GE10,C24_C25,E_ITSP2,PC_ENT,IT	10.74 	12.89 	13.28 	16.78 	15.82 	: u	12.66 	9.77 	10.60 	9.94 
A,GE10,C24_C25,E_ITSP2,PC_ENT,LT	23.39 	13.14 	10.58 	12.24 	8.59 	14.33 	14.52 	10.57 	10.36 	11.63 
A,GE10,C24_C25,E_ITSP2,PC_ENT,LU	: u	11.64 	20.87 	16.55 	24.64 	8.96 	21.99 	12.49 	16.54 	14.38 
A,GE10,C24_C25,E_ITSP2,PC_ENT,LV	19.76 	24.04 	18.28 	15.62 	11.75 	12.67 	: u	23.59 	18.32 	13.45 
A,GE10,C24_C25,E_ITSP2,PC_ENT,ME	: 	: 	: 	: u	: u	: u	: u	: u	: @C	: @C
A,GE10,C24_C25,E_ITSP2,PC_ENT,MK	: u	14.94 	7.25 	13.00 	: 	: 	: 	: @C	: u	: 
A,GE10,C24_C25,E_ITSP2,PC_ENT,MT	8.05 	3.90 	8.21 	11.69 	18.03 	12.14 	21.98 	32.79 	36.75 	31.47 
A,GE10,C24_C25,E_ITSP2,PC_ENT,NL	22.82 	27.46 	30.65 	26.42 	24.85 	17.58 	13.82 	18.78 	21.72 	26.26 
A,GE10,C24_C25,E_ITSP2,PC_ENT,NO	26.83 	20.87 	12.92 	15.40 	17.71 	22.07 	18.78 	18.18 	17.45 	13.03 
A,GE10,C24_C25,E_ITSP2,PC_ENT,PL	12.56 	9.15 	12.54 	9.05 	11.41 	13.52 	21.15 	26.04 	32.30 	23.30 
A,GE10,C24_C25,E_ITSP2,PC_ENT,PT	29.59 	20.00 	13.59 	11.54 	21.31 	12.77 	16.07 	19.94 	21.00 	17.55 
A,GE10,C24_C25,E_ITSP2,PC_ENT,RO	3.01 	6.71 	7.73 	10.17 	8.56 	9.26 	10.33 	17.48 	9.97 	9.58 
A,GE10,C24_C25,E_ITSP2,PC_ENT,RS	: 	19.83 	: 	: 	13.20 	9.87 	24.93 	16.90 	16.78 	9.98 
A,GE10,C24_C25,E_ITSP2,PC_ENT,SE	14.17 	12.94 	9.98 	7.27 	10.12 	8.09 	8.32 	10.37 	10.24 	17.09 b
A,GE10,C24_C25,E_ITSP2,PC_ENT,SI	13.41 	10.80 	12.58 	17.90 	14.65 	10.10 	13.48 	10.33 	13.51 	7.18 
A,GE10,C24_C25,E_ITSP2,PC_ENT,SK	15.61 	12.31 	18.01 	13.84 	14.46 	16.37 	16.55 	11.05 	14.81 	7.74 
A,GE10,C24_C25,E_ITSP2,PC_ENT,TR	: 	: 	: u	: 	: 	11.21 	18.03 	10.60 	17.45 	15.41 
A,GE10,C24_C25,E_ITSP2,PC_ENT,UK	18.65 	16.57 	15.73 	14.49 	16.80 	17.24 	17.21 	: u	: 	: 
A,GE10,C24_C25,E_ITSP2,PC_ENT_CUSE,AT	32.28 	28.44 	31.23 	32.07 	: u	: u	: u	: 	: 	: 
A,GE10,C24_C25,E_ITSP2,PC_ENT_CUSE,BA	: 	: 	: 	: 	: 	8.49 	14.75 	: 	: 	: 
A,GE10,C24_C25,E_ITSP2,PC_ENT_CUSE,BE	37.31 	: u	: u	: u	: u	: u	21.59 	: 	: 	: 
A,GE10,C24_C25,E_ITSP2,PC_ENT_CUSE,BG	10.83 	18.64 	18.49 	15.91 	19.28 	14.90 	18.17 	: 	: 	: 
A,GE10,C24_C25,E_ITSP2,PC_ENT_CUSE,CY	8.81 	6.67 	13.57 	9.39 	8.42 	6.12 	13.93 	: 	: 	: 
A,GE10,C24_C25,E_ITSP2,PC_ENT_CUSE,CZ	29.84 	16.90 	17.74 	19.91 	19.57 	15.32 	15.01 	: 	: 	: 
A,GE10,C24_C25,E_ITSP2,PC_ENT_CUSE,DE	17.31 	21.29 	17.57 	16.37 	18.21 	17.83 	16.05 	: 	: 	: 
A,GE10,C24_C25,E_ITSP2,PC_ENT_CUSE,DK	: u	12.97 	9.39 	12.69 	12.01 	11.05 	15.39 	: 	: 	: 
A,GE10,C24_C25,E_ITSP2,PC_ENT_CUSE,EA	16.36 	17.53 	17.07 	17.20 	17.44 	15.14 	15.90 	: 	: 	: 
A,GE10,C24_C25,E_ITSP2,PC_ENT_CUSE,EE	13.88 	8.06 	9.06 	5.79 	9.88 	11.42 	8.49 	: 	: 	: 
A,GE10,C24_C25,E_ITSP2,PC_ENT_CUSE,EL	30.16 	22.06 	: u	25.37 	19.73 	33.80 	13.90 	: 	: 	: 
A,GE10,C24_C25,E_ITSP2,PC_ENT_CUSE,ES	15.68 	21.08 	21.04 	23.88 	16.24 	12.85 	14.10 	: 	: 	: 
A,GE10,C24_C25,E_ITSP2,PC_ENT_CUSE,EU15	16.61 	17.40 	16.75 	16.69 	17.33 	15.22 	: 	: 	: 	: 
A,GE10,C24_C25,E_ITSP2,PC_ENT_CUSE,EU27_2007	16.73 	16.55 	16.38 	16.25 	16.74 	15.20 	: 	: 	: 	: 
A,GE10,C24_C25,E_ITSP2,PC_ENT_CUSE,EU27_2020	16.52 	16.53 	16.45 	16.43 	16.70 	15.01 	16.28 	: 	: 	: 
A,GE10,C24_C25,E_ITSP2,PC_ENT_CUSE,EU28	16.71 	16.53 	16.41 	16.25 	16.74 	15.21 	16.37 	: 	: 	: 
A,GE10,C24_C25,E_ITSP2,PC_ENT_CUSE,FI	25.68 	16.27 	21.03 	16.03 	22.41 	22.65 	19.91 	: 	: 	: 
A,GE10,C24_C25,E_ITSP2,PC_ENT_CUSE,FR	13.35 	11.29 	13.58 	9.32 	12.60 	15.74 	19.56 	: 	: 	: 
A,GE10,C24_C25,E_ITSP2,PC_ENT_CUSE,HR	14.40 	13.48 	22.19 	16.09 	16.71 	17.42 	14.75 	: 	: 	: 
A,GE10,C24_C25,E_ITSP2,PC_ENT_CUSE,HU	26.67 	21.94 	19.99 	23.97 	19.45 	26.03 	23.86 	: 	: 	: 
A,GE10,C24_C25,E_ITSP2,PC_ENT_CUSE,IE	27.16 	25.37 	37.26 	37.57 	36.26 	43.00 	39.42 	: 	: 	: 
A,GE10,C24_C25,E_ITSP2,PC_ENT_CUSE,IS	24.39 	16.84 	: 	: 	10.20 	: 	: 	: 	: 	: 
A,GE10,C24_C25,E_ITSP2,PC_ENT_CUSE,IT	10.84 	12.91 	13.28 	16.78 	15.82 	: u	12.66 	: 	: 	: 
A,GE10,C24_C25,E_ITSP2,PC_ENT_CUSE,LT	23.39 	13.14 	10.58 	12.24 	8.59 	14.33 	14.52 	: 	: 	: 
A,GE10,C24_C25,E_ITSP2,PC_ENT_CUSE,LU	: u	11.64 	20.87 	16.55 	24.64 	8.96 	21.99 	: 	: 	: 
A,GE10,C24_C25,E_ITSP2,PC_ENT_CUSE,LV	20.13 	24.04 	18.28 	15.62 	11.75 	12.67 	: u	: 	: 	: 
A,GE10,C24_C25,E_ITSP2,PC_ENT_CUSE,ME	: 	: 	: 	: u	: u	: u	: u	: 	: 	: 
A,GE10,C24_C25,E_ITSP2,PC_ENT_CUSE,MK	: u	15.83 	8.11 	13.30 	: 	: 	: 	: 	: 	: 
A,GE10,C24_C25,E_ITSP2,PC_ENT_CUSE,MT	8.42 	3.90 	8.21 	11.69 	18.98 	12.14 	21.98 	: 	: 	: 
A,GE10,C24_C25,E_ITSP2,PC_ENT_CUSE,NL	22.82 	27.46 	30.65 	26.42 	24.85 	17.58 	13.82 	: 	: 	: 
A,GE10,C24_C25,E_ITSP2,PC_ENT_CUSE,NO	26.83 	21.49 	12.95 	15.47 	17.82 	22.07 	18.78 	: 	: 	: 
A,GE10,C24_C25,E_ITSP2,PC_ENT_CUSE,PL	12.97 	9.36 	13.21 	9.46 	11.58 	13.76 	21.69 	: 	: 	: 
A,GE10,C24_C25,E_ITSP2,PC_ENT_CUSE,PT	29.59 	20.00 	13.78 	11.54 	21.31 	12.77 	16.07 	: 	: 	: 
A,GE10,C24_C25,E_ITSP2,PC_ENT_CUSE,RO	3.86 	7.24 	8.86 	11.38 	9.36 	10.39 	11.69 	: 	: 	: 
A,GE10,C24_C25,E_ITSP2,PC_ENT_CUSE,RS	: 	19.83 	: 	: 	13.20 	9.87 	24.93 	: 	: 	: 
A,GE10,C24_C25,E_ITSP2,PC_ENT_CUSE,SE	14.17 	12.94 	9.98 	7.27 	10.12 	8.09 	8.32 	: 	: 	: 
A,GE10,C24_C25,E_ITSP2,PC_ENT_CUSE,SI	13.93 	10.91 	12.84 	18.21 	14.65 	10.19 	13.57 	: 	: 	: 
A,GE10,C24_C25,E_ITSP2,PC_ENT_CUSE,SK	15.82 	12.48 	18.01 	13.87 	14.65 	16.37 	17.28 	: 	: 	: 
A,GE10,C24_C25,E_ITSP2,PC_ENT_CUSE,TR	: 	: 	: u	: 	: 	11.37 	18.31 	: 	: 	: 
A,GE10,C24_C25,E_ITSP2,PC_ENT_CUSE,UK	18.65 	16.57 	16.00 	14.51 	17.21 	17.24 	17.27 	: 	: 	: 
A,GE10,C26,E_ITSP2,PC_ENT,AT	: u	: u	: u	: u	: u	: u	: u	: u	: u	63.91 
A,GE10,C26,E_ITSP2,PC_ENT,BA	: 	: 	: 	: 	: 	50.00 	68.52 	68.52 	37.04 	58.33 
A,GE10,C26,E_ITSP2,PC_ENT,BE	81.39 	: u	: u	: u	: u	: u	: u	: u	: u	: u
A,GE10,C26,E_ITSP2,PC_ENT,BG	22.62 	: u	36.77 	41.05 	53.21 	38.70 	38.09 	55.97 	35.94 	25.68 
A,GE10,C26,E_ITSP2,PC_ENT,CY	: u	: @C	: u	: u	: u	: u	: @C	: @C	: @C	: @C
A,GE10,C26,E_ITSP2,PC_ENT,CZ	62.26 	53.96 	55.12 	58.08 	58.56 	57.89 	54.81 	51.99 	54.11 	55.76 
A,GE10,C26,E_ITSP2,PC_ENT,DE	52.27 	62.55 	55.62 	: u	56.11 	59.61 	55.41 	49.87 	53.05 	55.87 
A,GE10,C26,E_ITSP2,PC_ENT,DK	: u	55.43 	49.52 	67.59 	61.21 	60.18 	60.56 	53.30 	81.77 	56.03 
A,GE10,C26,E_ITSP2,PC_ENT,EA	50.85 	57.57 	54.99 	59.98 	55.59 	54.37 	52.04 	50.88 	51.08 	51.52 
A,GE10,C26,E_ITSP2,PC_ENT,EE	50.00 	49.22 	49.70 	41.49 	40.21 	47.05 	53.57 	52.76 	56.97 	70.35 
A,GE10,C26,E_ITSP2,PC_ENT,EL	67.86 	51.61 	: u	: u	: u	: u	: u	: u	65.48 	36.53 
A,GE10,C26,E_ITSP2,PC_ENT,ES	: u	: u	: u	: u	: u	: u	: u	: u	: u	: u
A,GE10,C26,E_ITSP2,PC_ENT,EU15	51.89 	54.35 	52.05 	58.93 	54.24 	52.26 	: 	: 	: 	: 
A,GE10,C26,E_ITSP2,PC_ENT,EU27_2007	49.58 	52.08 	50.93 	56.90 	52.46 	50.36 	: 	: 	: 	: 
A,GE10,C26,E_ITSP2,PC_ENT,EU27_2020	48.67 	54.53 	52.95 	57.37 	53.65 	52.05 	51.22 	50.90 	51.77 	51.77 
A,GE10,C26,E_ITSP2,PC_ENT,EU28	49.65 	52.24 	51.01 	56.63 	52.49 	50.35 	51.01 	: 	: 	: 
A,GE10,C26,E_ITSP2,PC_ENT,FI	: u	: u	: u	: u	: u	: u	: u	: u	: u	: u
A,GE10,C26,E_ITSP2,PC_ENT,FR	38.65 	49.62 	51.86 	42.13 	54.60 	57.31 	51.78 	49.39 	53.93 b	45.21 
A,GE10,C26,E_ITSP2,PC_ENT,HR	59.53 	74.08 	: u	: u	57.51 	49.67 	81.07 	68.01 	56.99 	94.46 
A,GE10,C26,E_ITSP2,PC_ENT,HU	39.41 	48.25 	56.42 	50.30 	46.72 	46.87 	52.22 	54.20 	52.20 	63.85 
A,GE10,C26,E_ITSP2,PC_ENT,IE	67.56 	54.97 	75.70 	71.56 	65.12 	40.36 	30.73 	58.48 	66.08 	54.55 
A,GE10,C26,E_ITSP2,PC_ENT,IS	: u	: u	: 	: 	: u	: 	: 	21.43 	: 	: 
A,GE10,C26,E_ITSP2,PC_ENT,IT	47.19 	52.59 	51.87 	61.91 	58.37 	: u	45.54 	45.50 	: u	36.31 
A,GE10,C26,E_ITSP2,PC_ENT,LT	41.86 	50.00 	51.92 	45.28 	43.64 	70.00 	50.00 	56.67 	62.12 	: u
A,GE10,C26,E_ITSP2,PC_ENT,LU	: u	: u	: u	: u	: u	: u	: u	: u	: u	: u
A,GE10,C26,E_ITSP2,PC_ENT,LV	45.28 	45.45 	39.06 	40.40 	45.31 	60.44 	59.38 	52.52 	55.19 	50.54 
A,GE10,C26,E_ITSP2,PC_ENT,ME	: 	: 	: 	: 	: 	: u	: u	: 	: 	: 
A,GE10,C26,E_ITSP2,PC_ENT,MK	: u	: u	: u	79.55 	: 	: 	: 	: u	: u	: 
A,GE10,C26,E_ITSP2,PC_ENT,MT	: u	: u	70.34 	74.36 	: @C	: @C	: u	: @C	65.38 	: u
A,GE10,C26,E_ITSP2,PC_ENT,NL	52.98 	56.67 	47.73 	45.26 	48.74 	45.98 	42.26 	52.43 	55.86 	52.09 
A,GE10,C26,E_ITSP2,PC_ENT,NO	93.04 	70.05 	61.45 	66.49 	74.11 	72.30 	60.36 	57.26 	51.79 	76.87 
A,GE10,C26,E_ITSP2,PC_ENT,PL	: u	32.24 	42.15 	46.92 	40.48 	37.55 	54.01 	58.93 	67.78 	61.80 
A,GE10,C26,E_ITSP2,PC_ENT,PT	78.98 	60.61 	66.67 	59.78 	: u	66.67 	69.56 	: u	: u	53.90 
A,GE10,C26,E_ITSP2,PC_ENT,RO	4.74 	28.44 	27.68 	29.02 	20.62 	19.31 	23.34 	30.89 	32.35 	33.75 
A,GE10,C26,E_ITSP2,PC_ENT,RS	: 	58.38 	: 	: 	58.07 	61.97 	71.58 	55.93 	48.14 	67.33 
A,GE10,C26,E_ITSP2,PC_ENT,SE	: u	35.91 	40.06 	40.76 	44.93 	39.08 	35.57 	39.50 	34.28 	45.74 b
A,GE10,C26,E_ITSP2,PC_ENT,SI	40.30 	5.67 	54.10 	50.00 	33.93 	20.13 	55.19 	43.34 	36.06 	64.12 
A,GE10,C26,E_ITSP2,PC_ENT,SK	29.67 	33.13 	44.53 	36.71 	39.94 	20.00 	39.39 	40.26 	43.29 	40.04 
A,GE10,C26,E_ITSP2,PC_ENT,TR	: 	: 	: u	: 	: 	36.47 	40.84 	43.35 	48.11 	44.92 
A,GE10,C26,E_ITSP2,PC_ENT,UK	55.29 	39.62 	39.90 	52.21 	: u	: u	: u	: u	: 	: 
A,GE10,C26,E_ITSP2,PC_ENT_CUSE,AT	: u	: u	: u	: u	: u	: u	: u	: 	: 	: 
A,GE10,C26,E_ITSP2,PC_ENT_CUSE,BA	: 	: 	: 	: 	: 	50.00 	68.52 	: 	: 	: 
A,GE10,C26,E_ITSP2,PC_ENT_CUSE,BE	81.39 	: u	: u	: u	: u	: u	: u	: 	: 	: 
A,GE10,C26,E_ITSP2,PC_ENT_CUSE,BG	26.30 	: u	36.77 	41.05 	53.94 	38.70 	38.09 	: 	: 	: 
A,GE10,C26,E_ITSP2,PC_ENT_CUSE,CY	: u	: @C	: u	: u	: u	: u	: @C	: 	: 	: 
A,GE10,C26,E_ITSP2,PC_ENT_CUSE,CZ	63.42 	54.36 	55.48 	58.29 	59.06 	58.08 	55.29 	: 	: 	: 
A,GE10,C26,E_ITSP2,PC_ENT_CUSE,DE	52.70 	62.55 	55.62 	: u	56.46 	59.61 	55.41 	: 	: 	: 
A,GE10,C26,E_ITSP2,PC_ENT_CUSE,DK	: u	55.43 	49.52 	67.59 	61.21 	60.18 	60.56 	: 	: 	: 
A,GE10,C26,E_ITSP2,PC_ENT_CUSE,EA	51.03 	57.57 	55.03 	60.07 	55.80 	54.46 	52.07 	: 	: 	: 
A,GE10,C26,E_ITSP2,PC_ENT_CUSE,EE	50.00 	49.22 	49.70 	41.49 	40.21 	47.05 	53.57 	: 	: 	: 
A,GE10,C26,E_ITSP2,PC_ENT_CUSE,EL	67.86 	51.61 	: u	: u	: u	: u	: u	: 	: 	: 
A,GE10,C26,E_ITSP2,PC_ENT_CUSE,ES	: u	: u	: u	: u	: u	: u	: u	: 	: 	: 
A,GE10,C26,E_ITSP2,PC_ENT_CUSE,EU15	52.05 	54.35 	52.23 	59.00 	54.37 	52.26 	: 	: 	: 	: 
A,GE10,C26,E_ITSP2,PC_ENT_CUSE,EU27_2007	49.99 	52.28 	51.33 	57.14 	52.75 	50.45 	: 	: 	: 	: 
A,GE10,C26,E_ITSP2,PC_ENT_CUSE,EU27_2020	49.14 	54.76 	53.28 	57.65 	54.00 	52.17 	51.36 	: 	: 	: 
A,GE10,C26,E_ITSP2,PC_ENT_CUSE,EU28	50.07 	52.43 	51.41 	56.87 	52.77 	50.45 	51.13 	: 	: 	: 
A,GE10,C26,E_ITSP2,PC_ENT_CUSE,FI	: u	: u	: u	: u	: u	: u	: u	: 	: 	: 
A,GE10,C26,E_ITSP2,PC_ENT_CUSE,FR	38.65 	49.62 	52.16 	42.13 	54.60 	57.31 	51.78 	: 	: 	: 
A,GE10,C26,E_ITSP2,PC_ENT_CUSE,HR	59.53 	74.08 	: u	: u	57.51 	49.67 	81.07 	: 	: 	: 
A,GE10,C26,E_ITSP2,PC_ENT_CUSE,HU	41.26 	49.42 	57.47 	50.84 	46.97 	46.87 	52.72 	: 	: 	: 
A,GE10,C26,E_ITSP2,PC_ENT_CUSE,IE	67.56 	54.97 	75.70 	71.56 	65.12 	40.36 	30.73 	: 	: 	: 
A,GE10,C26,E_ITSP2,PC_ENT_CUSE,IS	: u	: u	: 	: 	: u	: 	: 	: 	: 	: 
A,GE10,C26,E_ITSP2,PC_ENT_CUSE,IT	47.25 	52.59 	51.87 	61.91 	58.37 	: u	45.54 	: 	: 	: 
A,GE10,C26,E_ITSP2,PC_ENT_CUSE,LT	41.86 	50.00 	51.92 	45.28 	43.64 	70.00 	50.00 	: 	: 	: 
A,GE10,C26,E_ITSP2,PC_ENT_CUSE,LU	: u	: u	: u	: u	: u	: u	: u	: 	: 	: 
A,GE10,C26,E_ITSP2,PC_ENT_CUSE,LV	45.28 	45.45 	39.06 	40.40 	45.31 	60.44 	59.38 	: 	: 	: 
A,GE10,C26,E_ITSP2,PC_ENT_CUSE,ME	: 	: 	: 	: 	: 	: u	: u	: 	: 	: 
A,GE10,C26,E_ITSP2,PC_ENT_CUSE,MK	: u	: u	: u	79.55 	: 	: 	: 	: 	: 	: 
A,GE10,C26,E_ITSP2,PC_ENT_CUSE,MT	: u	: u	70.34 	74.36 	: @C	: @C	: u	: 	: 	: 
A,GE10,C26,E_ITSP2,PC_ENT_CUSE,NL	52.98 	56.67 	47.73 	45.26 	48.74 	45.98 	42.26 	: 	: 	: 
A,GE10,C26,E_ITSP2,PC_ENT_CUSE,NO	93.04 	70.05 	61.45 	66.49 	75.38 	72.30 	60.36 	: 	: 	: 
A,GE10,C26,E_ITSP2,PC_ENT_CUSE,PL	: u	32.31 	43.31 	48.19 	40.91 	37.55 	54.01 	: 	: 	: 
A,GE10,C26,E_ITSP2,PC_ENT_CUSE,PT	78.98 	60.61 	66.67 	59.78 	: u	66.67 	69.56 	: 	: 	: 
A,GE10,C26,E_ITSP2,PC_ENT_CUSE,RO	5.36 	32.66 	31.98 	31.69 	22.55 	19.94 	25.14 	: 	: 	: 
A,GE10,C26,E_ITSP2,PC_ENT_CUSE,RS	: 	58.38 	: 	: 	58.07 	61.97 	71.58 	: 	: 	: 
A,GE10,C26,E_ITSP2,PC_ENT_CUSE,SE	: u	35.91 	40.06 	40.76 	44.93 	39.08 	35.57 	: 	: 	: 
A,GE10,C26,E_ITSP2,PC_ENT_CUSE,SI	40.30 	5.67 	54.10 	50.00 	33.93 	21.75 	55.19 	: 	: 	: 
A,GE10,C26,E_ITSP2,PC_ENT_CUSE,SK	29.67 	33.13 	44.53 	36.71 	42.62 	21.34 	40.95 	: 	: 	: 
A,GE10,C26,E_ITSP2,PC_ENT_CUSE,TR	: 	: 	: u	: 	: 	36.63 	41.17 	: 	: 	: 
A,GE10,C26,E_ITSP2,PC_ENT_CUSE,UK	55.32 	39.62 	40.56 	52.21 	: u	: u	: u	: 	: 	: 
A,GE10,C26-C33,E_ITSP2,PC_ENT,AT	45.31 	38.11 	42.28 	45.39 	41.96 	35.79 	35.48 	36.15 	35.52 	35.96 
A,GE10,C26-C33,E_ITSP2,PC_ENT,BA	: 	: 	: 	: 	: 	24.83 	24.47 	27.01 	20.48 	21.72 
A,GE10,C26-C33,E_ITSP2,PC_ENT,BE	36.32 	37.15 	35.08 	: u	: u	36.97 	38.56 	: u	: u	: u
A,GE10,C26-C33,E_ITSP2,PC_ENT,BG	12.25 	24.77 	22.73 	26.10 	24.31 	21.06 	23.90 	25.16 	19.60 	23.84 
A,GE10,C26-C33,E_ITSP2,PC_ENT,CY	6.51 	8.33 	9.55 	16.15 	18.04 	17.42 	19.19 	15.52 	15.83 	16.91 
A,GE10,C26-C33,E_ITSP2,PC_ENT,CZ	43.24 	31.97 	31.02 	31.91 	32.58 	31.43 	31.44 	31.79 	29.65 	34.42 
A,GE10,C26-C33,E_ITSP2,PC_ENT,DE	35.36 	35.02 	35.82 	34.41 	32.35 	34.37 	32.73 	32.42 	33.53 	33.63 
A,GE10,C26-C33,E_ITSP2,PC_ENT,DK	32.36 	30.82 	28.72 	33.17 	32.34 	29.28 	31.13 	35.38 	38.54 	32.69 
A,GE10,C26-C33,E_ITSP2,PC_ENT,EA	28.56 	29.66 	31.20 	30.26 	28.35 	28.84 	29.24 	26.75 	28.14 	27.29 
A,GE10,C26-C33,E_ITSP2,PC_ENT,EE	18.81 	18.07 	17.30 	14.18 	17.27 	13.89 	14.90 	17.09 	21.04 	24.07 
A,GE10,C26-C33,E_ITSP2,PC_ENT,EL	: u	: u	: u	: u	: u	: u	: u	: u	22.39 	22.48 
A,GE10,C26-C33,E_ITSP2,PC_ENT,ES	23.82 	26.52 	34.08 	34.37 	27.65 	23.41 	20.09 	21.91 	17.60 	18.76 
A,GE10,C26-C33,E_ITSP2,PC_ENT,EU15	29.76 	29.67 	31.09 	30.78 	29.06 	28.65 	: 	: 	: 	: 
A,GE10,C26-C33,E_ITSP2,PC_ENT,EU27_2007	28.70 	28.25 	29.55 	29.39 	27.90 	27.46 	: 	: 	: 	: 
A,GE10,C26-C33,E_ITSP2,PC_ENT,EU27_2020	27.73 	28.19 	29.56 	28.80 	27.38 	27.49 	28.97 	27.61 	28.95 	28.09 
A,GE10,C26-C33,E_ITSP2,PC_ENT,EU28	28.71 	28.25 	29.55 	29.34 	27.88 	27.45 	29.44 	: 	: 	: 
A,GE10,C26-C33,E_ITSP2,PC_ENT,FI	41.57 	37.85 	41.19 	33.13 	35.26 	38.19 	37.18 	38.26 	38.48 	40.14 
A,GE10,C26-C33,E_ITSP2,PC_ENT,FR	20.36 	22.62 	26.34 	24.32 	28.35 	24.04 	26.99 	25.89 	26.47 b	24.47 
A,GE10,C26-C33,E_ITSP2,PC_ENT,HR	31.18 	27.03 	31.11 	23.06 	24.09 	26.29 	27.17 	24.47 	27.30 	25.21 
A,GE10,C26-C33,E_ITSP2,PC_ENT,HU	34.42 	35.20 	33.27 	33.85 	36.60 	36.03 	34.35 	40.43 	41.41 	41.46 
A,GE10,C26-C33,E_ITSP2,PC_ENT,IE	38.82 	39.50 	39.82 	41.63 	54.10 	31.56 	36.66 	35.52 	41.74 	47.62 
A,GE10,C26-C33,E_ITSP2,PC_ENT,IS	12.96 	21.47 	: 	: 	14.93 	: 	: 	21.43 	: 	: 
A,GE10,C26-C33,E_ITSP2,PC_ENT,IT	22.38 	26.85 	26.14 	25.33 	21.43 	25.25 	28.22 	18.70 	22.18 	19.87 
A,GE10,C26-C33,E_ITSP2,PC_ENT,LT	27.36 	20.79 	19.84 	18.37 	18.81 	24.01 	21.04 	22.30 	21.45 	23.73 
A,GE10,C26-C33,E_ITSP2,PC_ENT,LU	46.75 	33.58 	33.02 	38.70 	27.39 	38.46 	30.05 	23.05 	24.98 	28.21 
A,GE10,C26-C33,E_ITSP2,PC_ENT,LV	21.12 	22.40 	18.53 	17.76 	13.80 	18.82 	23.70 	22.00 	27.28 	26.07 
A,GE10,C26-C33,E_ITSP2,PC_ENT,ME	: 	: 	: 	: u	: u	: u	: u	: u	46.53 	: @C
A,GE10,C26-C33,E_ITSP2,PC_ENT,MK	28.18 	15.02 	: u	21.44 	: 	: 	: 	12.91 	: u	: 
A,GE10,C26-C33,E_ITSP2,PC_ENT,MT	28.72 	33.31 	31.76 	29.72 	29.61 	27.31 	27.79 	30.22 	33.09 	39.30 
A,GE10,C26-C33,E_ITSP2,PC_ENT,NL	35.83 	37.30 	38.56 	35.91 	32.47 	32.75 	30.38 	31.19 	38.34 	34.74 
A,GE10,C26-C33,E_ITSP2,PC_ENT,NO	44.64 	23.62 	30.21 	28.45 	31.08 	30.22 	24.44 	20.18 	24.18 	22.38 
A,GE10,C26-C33,E_ITSP2,PC_ENT,PL	18.14 	16.09 	18.58 	18.12 	18.26 	17.71 	31.21 	34.34 	39.11 	33.28 
A,GE10,C26-C33,E_ITSP2,PC_ENT,PT	36.58 	20.79 	23.85 	24.30 	30.97 	25.69 	21.24 	31.62 	24.55 	24.42 
A,GE10,C26-C33,E_ITSP2,PC_ENT,RO	4.43 	13.54 	15.17 	15.76 	12.21 	11.50 	11.89 	15.17 	12.84 	12.95 
A,GE10,C26-C33,E_ITSP2,PC_ENT,RS	: 	24.95 	: 	: 	30.93 	30.39 	33.29 	23.05 	24.60 	22.82 
A,GE10,C26-C33,E_ITSP2,PC_ENT,SE	29.77 	25.93 	26.24 	18.18 	24.46 	20.16 	25.27 	27.89 	26.46 	30.24 b
A,GE10,C26-C33,E_ITSP2,PC_ENT,SI	27.36 	20.20 	28.15 	25.11 	21.99 	28.10 	30.17 	20.16 	34.78 	28.28 
A,GE10,C26-C33,E_ITSP2,PC_ENT,SK	34.27 	29.04 	32.84 	33.65 	30.68 	26.90 	32.41 	32.68 	29.66 	33.38 
A,GE10,C26-C33,E_ITSP2,PC_ENT,TR	: 	: 	: u	: 	: 	12.32 	16.71 	16.73 	20.56 	15.32 
A,GE10,C26-C33,E_ITSP2,PC_ENT,UK	38.70 	28.76 	29.51 	34.78 	32.96 	27.03 	34.35 	38.93 	: 	: 
A,GE10,C26-C33,E_ITSP2,PC_ENT_CUSE,AT	45.31 	38.11 	42.28 	45.39 	41.96 	35.79 	35.48 	: 	: 	: 
A,GE10,C26-C33,E_ITSP2,PC_ENT_CUSE,BA	: 	: 	: 	: 	: 	25.23 	24.47 	: 	: 	: 
A,GE10,C26-C33,E_ITSP2,PC_ENT_CUSE,BE	36.37 	37.15 	35.08 	: u	: u	36.97 	38.56 	: 	: 	: 
A,GE10,C26-C33,E_ITSP2,PC_ENT_CUSE,BG	12.98 	25.77 	23.26 	26.69 	24.68 	21.42 	24.08 	: 	: 	: 
A,GE10,C26-C33,E_ITSP2,PC_ENT_CUSE,CY	6.62 	8.56 	9.86 	16.47 	18.04 	17.83 	19.19 	: 	: 	: 
A,GE10,C26-C33,E_ITSP2,PC_ENT_CUSE,CZ	43.34 	32.16 	31.28 	32.34 	32.69 	31.59 	31.76 	: 	: 	: 
A,GE10,C26-C33,E_ITSP2,PC_ENT_CUSE,DE	35.68 	35.04 	35.98 	34.77 	32.50 	34.41 	32.84 	: 	: 	: 
A,GE10,C26-C33,E_ITSP2,PC_ENT_CUSE,DK	32.45 	31.07 	28.72 	33.17 	32.34 	29.28 	31.13 	: 	: 	: 
A,GE10,C26-C33,E_ITSP2,PC_ENT_CUSE,EA	28.75 	29.69 	31.32 	30.44 	28.45 	28.94 	29.31 	: 	: 	: 
A,GE10,C26-C33,E_ITSP2,PC_ENT_CUSE,EE	19.49 	18.07 	17.65 	14.58 	17.49 	13.89 	14.90 	: 	: 	: 
A,GE10,C26-C33,E_ITSP2,PC_ENT_CUSE,EL	: u	: u	: u	: u	: u	: u	: u	: 	: 	: 
A,GE10,C26-C33,E_ITSP2,PC_ENT_CUSE,ES	23.96 	26.60 	34.42 	34.73 	28.02 	23.61 	20.24 	: 	: 	: 
A,GE10,C26-C33,E_ITSP2,PC_ENT_CUSE,EU15	30.02 	29.71 	31.24 	30.96 	29.17 	28.72 	: 	: 	: 	: 
A,GE10,C26-C33,E_ITSP2,PC_ENT_CUSE,EU27_2007	29.10 	28.46 	29.88 	29.71 	28.15 	27.63 	: 	: 	: 	: 
A,GE10,C26-C33,E_ITSP2,PC_ENT_CUSE,EU27_2020	28.09 	28.40 	29.89 	29.13 	27.63 	27.69 	29.23 	: 	: 	: 
A,GE10,C26-C33,E_ITSP2,PC_ENT_CUSE,EU28	29.12 	28.45 	29.90 	29.66 	28.13 	27.63 	29.69 	: 	: 	: 
A,GE10,C26-C33,E_ITSP2,PC_ENT_CUSE,FI	41.57 	37.85 	41.19 	33.13 	35.26 	38.19 	37.18 	: 	: 	: 
A,GE10,C26-C33,E_ITSP2,PC_ENT_CUSE,FR	20.36 	22.62 	26.36 	24.32 	28.35 	24.04 	26.99 	: 	: 	: 
A,GE10,C26-C33,E_ITSP2,PC_ENT_CUSE,HR	32.38 	27.36 	33.46 	23.43 	24.32 	27.32 	27.17 	: 	: 	: 
A,GE10,C26-C33,E_ITSP2,PC_ENT_CUSE,HU	36.40 	36.30 	33.86 	34.67 	37.39 	36.81 	35.48 	: 	: 	: 
A,GE10,C26-C33,E_ITSP2,PC_ENT_CUSE,IE	39.77 	39.50 	40.98 	42.12 	54.10 	31.56 	36.66 	: 	: 	: 
A,GE10,C26-C33,E_ITSP2,PC_ENT_CUSE,IS	13.46 	21.47 	: 	: 	14.93 	: 	: 	: 	: 	: 
A,GE10,C26-C33,E_ITSP2,PC_ENT_CUSE,IT	22.50 	26.88 	26.19 	25.41 	21.45 	25.33 	28.22 	: 	: 	: 
A,GE10,C26-C33,E_ITSP2,PC_ENT_CUSE,LT	27.36 	20.79 	19.84 	18.37 	18.81 	24.01 	21.04 	: 	: 	: 
A,GE10,C26-C33,E_ITSP2,PC_ENT_CUSE,LU	46.75 	33.58 	33.02 	38.70 	27.39 	38.46 	30.05 	: 	: 	: 
A,GE10,C26-C33,E_ITSP2,PC_ENT_CUSE,LV	21.87 	22.59 	18.84 	17.76 	13.87 	18.82 	23.92 	: 	: 	: 
A,GE10,C26-C33,E_ITSP2,PC_ENT_CUSE,ME	: 	: 	: 	: u	: u	: u	: u	: 	: 	: 
A,GE10,C26-C33,E_ITSP2,PC_ENT_CUSE,MK	29.66 	15.48 	: u	21.91 	: 	: 	: 	: 	: 	: 
A,GE10,C26-C33,E_ITSP2,PC_ENT_CUSE,MT	29.77 	33.95 	32.81 	31.00 	30.92 	27.31 	28.32 	: 	: 	: 
A,GE10,C26-C33,E_ITSP2,PC_ENT_CUSE,NL	35.83 	37.30 	38.56 	35.91 	32.47 	32.75 	30.38 	: 	: 	: 
A,GE10,C26-C33,E_ITSP2,PC_ENT_CUSE,NO	45.61 	23.92 	30.58 	28.64 	31.53 	30.55 	24.44 	: 	: 	: 
A,GE10,C26-C33,E_ITSP2,PC_ENT_CUSE,PL	18.74 	16.67 	19.34 	18.66 	18.85 	18.08 	32.09 	: 	: 	: 
A,GE10,C26-C33,E_ITSP2,PC_ENT_CUSE,PT	38.08 	20.79 	23.93 	24.30 	30.97 	26.00 	21.27 	: 	: 	: 
A,GE10,C26-C33,E_ITSP2,PC_ENT_CUSE,RO	5.02 	14.82 	17.49 	17.78 	13.80 	12.31 	13.92 	: 	: 	: 
A,GE10,C26-C33,E_ITSP2,PC_ENT_CUSE,RS	: 	24.95 	: 	: 	30.93 	30.39 	33.29 	: 	: 	: 
A,GE10,C26-C33,E_ITSP2,PC_ENT_CUSE,SE	29.99 	25.93 	26.24 	18.18 	24.46 	20.16 	25.27 	: 	: 	: 
A,GE10,C26-C33,E_ITSP2,PC_ENT_CUSE,SI	27.60 	20.20 	28.57 	25.11 	21.99 	28.53 	30.17 	: 	: 	: 
A,GE10,C26-C33,E_ITSP2,PC_ENT_CUSE,SK	34.27 	29.10 	32.84 	33.88 	31.08 	27.53 	32.90 	: 	: 	: 
A,GE10,C26-C33,E_ITSP2,PC_ENT_CUSE,TR	: 	: 	: u	: 	: 	12.55 	16.84 	: 	: 	: 
A,GE10,C26-C33,E_ITSP2,PC_ENT_CUSE,UK	39.73 	28.95 	29.94 	35.01 	33.15 	27.03 	34.40 	: 	: 	: 
A,GE10,C27,E_ITSP2,PC_ENT,AT	: 	: 	: 	: 	: 	: 	: 	: 	: u	: u
A,GE10,C27,E_ITSP2,PC_ENT,BA	: 	: 	: 	: 	: 	: 	: 	: 	32.38 	37.50 
A,GE10,C27,E_ITSP2,PC_ENT,BE	: 	: 	: 	: 	: 	: 	: 	: 	: u	: u
A,GE10,C27,E_ITSP2,PC_ENT,BG	: 	: 	: 	: 	: 	: 	: 	: 	24.60 	41.19 
A,GE10,C27,E_ITSP2,PC_ENT,CY	: 	: 	: 	: 	: 	: 	: 	: 	7.69 	0 
A,GE10,C27,E_ITSP2,PC_ENT,CZ	: 	: 	: 	: 	: 	: 	: 	: 	28.67 	31.65 
A,GE10,C27,E_ITSP2,PC_ENT,DE	: 	: 	: 	: 	: 	: 	: 	: 	43.12 	42.55 
A,GE10,C27,E_ITSP2,PC_ENT,DK	: 	: 	: 	: 	: 	: 	: 	: 	35.38 	39.80 
A,GE10,C27,E_ITSP2,PC_ENT,EA	: 	: 	: 	: 	: 	: 	: 	: 	39.87 	34.69 
A,GE10,C27,E_ITSP2,PC_ENT,EE	: 	: 	: 	: 	: 	: 	: 	: 	25.30 	39.58 
A,GE10,C27,E_ITSP2,PC_ENT,EL	: 	: 	: 	: 	: 	: 	: 	: 	26.28 	33.60 
A,GE10,C27,E_ITSP2,PC_ENT,ES	: 	: 	: 	: 	: 	: 	: 	: 	: u	25.50 
A,GE10,C27,E_ITSP2,PC_ENT,EU27_2020	: 	: 	: 	: 	: 	: 	: 	: 	38.38 	35.07 
A,GE10,C27,E_ITSP2,PC_ENT,FI	: 	: 	: 	: 	: 	: 	: 	: 	: u	: u
A,GE10,C27,E_ITSP2,PC_ENT,FR	: 	: 	: 	: 	: 	: 	: 	: 	36.80 b	38.05 
A,GE10,C27,E_ITSP2,PC_ENT,HR	: 	: 	: 	: 	: 	: 	: 	: 	20.49 	16.73 
A,GE10,C27,E_ITSP2,PC_ENT,HU	: 	: 	: 	: 	: 	: 	: 	: 	48.89 	49.79 
A,GE10,C27,E_ITSP2,PC_ENT,IE	: 	: 	: 	: 	: 	: 	: 	: 	33.50 	34.62 
A,GE10,C27,E_ITSP2,PC_ENT,IT	: 	: 	: 	: 	: 	: 	: 	: 	: u	: u
A,GE10,C27,E_ITSP2,PC_ENT,LT	: 	: 	: 	: 	: 	: 	: 	: 	: u	: u
A,GE10,C27,E_ITSP2,PC_ENT,LU	: 	: 	: 	: 	: 	: 	: 	: 	: u	: u
A,GE10,C27,E_ITSP2,PC_ENT,LV	: 	: 	: 	: 	: 	: 	: 	: 	41.90 	33.97 
A,GE10,C27,E_ITSP2,PC_ENT,ME	: 	: 	: 	: 	: 	: 	: 	: 	: 	: @C
A,GE10,C27,E_ITSP2,PC_ENT,MK	: 	: 	: 	: 	: 	: 	: 	: 	: u	: 
A,GE10,C27,E_ITSP2,PC_ENT,MT	: 	: 	: 	: 	: 	: 	: 	: 	: u	: u
A,GE10,C27,E_ITSP2,PC_ENT,NL	: 	: 	: 	: 	: 	: 	: 	: 	43.20 	35.94 
A,GE10,C27,E_ITSP2,PC_ENT,NO	: 	: 	: 	: 	: 	: 	: 	: 	33.72 	26.51 
A,GE10,C27,E_ITSP2,PC_ENT,PL	: 	: 	: 	: 	: 	: 	: 	: 	45.52 	41.96 
A,GE10,C27,E_ITSP2,PC_ENT,PT	: 	: 	: 	: 	: 	: 	: 	: 	36.99 	32.25 
A,GE10,C27,E_ITSP2,PC_ENT,RO	: 	: 	: 	: 	: 	: 	: 	: 	14.30 	14.16 
A,GE10,C27,E_ITSP2,PC_ENT,RS	: 	: 	: 	: 	: 	: 	: 	: 	28.73 	31.64 
A,GE10,C27,E_ITSP2,PC_ENT,SE	: 	: 	: 	: 	: 	: 	: 	: 	26.55 	: bu
A,GE10,C27,E_ITSP2,PC_ENT,SI	: 	: 	: 	: 	: 	: 	: 	: 	41.93 	36.34 
A,GE10,C27,E_ITSP2,PC_ENT,SK	: 	: 	: 	: 	: 	: 	: 	: 	36.07 	37.85 
A,GE10,C27,E_ITSP2,PC_ENT,TR	: 	: 	: 	: 	: 	: 	: 	: 	28.93 	23.05 
A,GE10,C27_C28,E_ITSP2,PC_ENT,AT	: u	: u	: u	: u	: u	: u	: u	: u	: u	47.84 
A,GE10,C27_C28,E_ITSP2,PC_ENT,BA	: 	: 	: 	: 	: 	21.86 	28.07 	27.15 	22.22 	31.25 
A,GE10,C27_C28,E_ITSP2,PC_ENT,BE	36.94 	: u	: u	: u	: u	24.94 	: u	: u	: u	: u
A,GE10,C27_C28,E_ITSP2,PC_ENT,BG	15.31 	26.16 	24.49 	35.75 	26.90 	24.69 	24.91 	32.99 	22.61 	30.62 
A,GE10,C27_C28,E_ITSP2,PC_ENT,CY	4.55 	0 	11.71 	19.55 	6.35 	27.13 	15.67 	10.37 	12.30 	6.47 
A,GE10,C27_C28,E_ITSP2,PC_ENT,CZ	45.60 	32.88 	29.28 	33.72 	35.24 	33.97 	35.21 	31.99 	31.67 	37.63 
A,GE10,C27_C28,E_ITSP2,PC_ENT,DE	36.20 	39.56 	41.21 	37.78 	38.07 	39.12 	38.22 	37.44 	38.85 	39.27 
A,GE10,C27_C28,E_ITSP2,PC_ENT,DK	31.55 	30.22 	29.22 	30.06 	32.23 	30.43 	34.22 	40.69 	36.59 	32.50 
A,GE10,C27_C28,E_ITSP2,PC_ENT,EA	31.98 	35.81 	34.76 	34.23 	31.03 	32.62 	34.83 	30.43 	33.54 	31.59 
A,GE10,C27_C28,E_ITSP2,PC_ENT,EE	23.45 	15.43 	16.42 	21.89 	21.98 	16.51 	16.51 	18.45 	24.15 	28.27 
A,GE10,C27_C28,E_ITSP2,PC_ENT,EL	: u	: u	30.52 	23.62 	23.80 	: u	: u	: u	27.95 	25.55 
A,GE10,C27_C28,E_ITSP2,PC_ENT,ES	: u	: u	: u	: u	: u	: u	: u	: u	: u	21.95 
A,GE10,C27_C28,E_ITSP2,PC_ENT,EU15	32.25 	34.62 	34.30 	33.62 	31.94 	31.90 	: 	: 	: 	: 
A,GE10,C27_C28,E_ITSP2,PC_ENT,EU27_2007	31.79 	33.27 	32.91 	32.85 	31.26 	31.30 	: 	: 	: 	: 
A,GE10,C27_C28,E_ITSP2,PC_ENT,EU27_2020	31.56 	33.97 	33.17 	33.01 	30.46 	31.59 	34.50 	31.27 	33.71 	32.27 
A,GE10,C27_C28,E_ITSP2,PC_ENT,EU28	31.81 	33.23 	32.91 	32.85 	31.26 	31.29 	34.40 	: 	: 	: 
A,GE10,C27_C28,E_ITSP2,PC_ENT,FI	: u	: u	: u	: u	: u	: u	: u	: u	: u	: u
A,GE10,C27_C28,E_ITSP2,PC_ENT,FR	24.69 	27.83 	24.80 	31.02 	28.63 	23.73 	36.16 	32.12 	30.63 b	26.19 
A,GE10,C27_C28,E_ITSP2,PC_ENT,HR	35.99 	27.29 	33.67 	32.45 	30.79 	30.83 	41.65 	34.93 	29.72 	30.88 
A,GE10,C27_C28,E_ITSP2,PC_ENT,HU	33.06 	36.64 	33.69 	36.86 	37.28 	38.86 	36.14 	41.40 	41.32 	48.67 
A,GE10,C27_C28,E_ITSP2,PC_ENT,IE	35.29 	39.09 	30.23 	30.31 	47.87 	36.87 	32.05 	31.88 	37.81 	44.05 
A,GE10,C27_C28,E_ITSP2,PC_ENT,IS	27.78 	: u	: 	: 	23.00 	: 	: 	: 	: 	: 
A,GE10,C27_C28,E_ITSP2,PC_ENT,IT	25.80 	32.44 	27.70 	27.44 	21.18 	26.05 	31.67 	: u	27.82 	22.87 
A,GE10,C27_C28,E_ITSP2,PC_ENT,LT	38.32 	36.67 	22.66 	31.54 	31.30 	28.91 	26.52 	28.78 	25.52 	27.33 
A,GE10,C27_C28,E_ITSP2,PC_ENT,LU	: u	: u	: u	: u	: u	: u	: u	: u	: u	: u
A,GE10,C27_C28,E_ITSP2,PC_ENT,LV	25.37 	23.66 	25.56 	23.26 	18.29 	26.61 	28.74 	36.32 	36.50 	36.33 
A,GE10,C27_C28,E_ITSP2,PC_ENT,ME	: 	: 	: 	0 	: 	50.00 	: u	: u	: @C	: @C
A,GE10,C27_C28,E_ITSP2,PC_ENT,MK	: u	: u	: u	24.19 	: 	: 	: 	9.89 	: u	: 
A,GE10,C27_C28,E_ITSP2,PC_ENT,MT	: u	40.18 	28.36 	24.81 	28.65 	9.91 	16.90 	33.87 	: @C	: u
A,GE10,C27_C28,E_ITSP2,PC_ENT,NL	41.04 	44.64 	46.67 	39.43 	37.48 	34.68 	34.11 	39.01 	46.15 	41.74 
A,GE10,C27_C28,E_ITSP2,PC_ENT,NO	61.01 	28.38 	39.84 	38.21 	46.07 	36.42 	35.34 	22.32 	29.97 	23.31 
A,GE10,C27_C28,E_ITSP2,PC_ENT,PL	21.95 	18.65 	20.52 	21.78 	23.75 	22.73 	37.87 	40.98 	44.99 	37.37 
A,GE10,C27_C28,E_ITSP2,PC_ENT,PT	46.08 	26.82 	30.25 	28.81 	31.30 	36.75 	27.86 	: u	37.34 	31.54 
A,GE10,C27_C28,E_ITSP2,PC_ENT,RO	6.57 	18.98 	19.99 	18.37 	14.39 	19.81 	18.58 	13.93 	15.59 	11.58 
A,GE10,C27_C28,E_ITSP2,PC_ENT,RS	: 	18.85 	: 	: 	26.72 	26.89 	20.06 	20.49 	26.99 	15.08 
A,GE10,C27_C28,E_ITSP2,PC_ENT,SE	: u	24.25 	32.46 	21.50 	22.72 	18.83 	27.17 	29.87 	25.92 	: bu
A,GE10,C27_C28,E_ITSP2,PC_ENT,SI	29.69 	25.18 	30.51 	32.70 	22.40 	40.60 	31.81 	20.28 	43.63 	38.05 
A,GE10,C27_C28,E_ITSP2,PC_ENT,SK	43.78 	32.39 	35.97 	36.55 	30.60 	27.56 	33.36 	34.10 	34.59 	35.37 
A,GE10,C27_C28,E_ITSP2,PC_ENT,TR	: 	: 	: u	: 	: 	15.42 	19.30 	19.44 	21.93 	17.80 
A,GE10,C27_C28,E_ITSP2,PC_ENT,UK	34.63 	24.91 	30.04 	30.99 	: u	27.76 	: u	: u	: 	: 
A,GE10,C27_C28,E_ITSP2,PC_ENT_CUSE,AT	: u	: u	: u	: u	: u	: u	: u	: 	: 	: 
A,GE10,C27_C28,E_ITSP2,PC_ENT_CUSE,BA	: 	: 	: 	: 	: 	21.86 	28.07 	: 	: 	: 
A,GE10,C27_C28,E_ITSP2,PC_ENT_CUSE,BE	37.08 	: u	: u	: u	: u	24.94 	: u	: 	: 	: 
A,GE10,C27_C28,E_ITSP2,PC_ENT_CUSE,BG	15.53 	27.25 	24.49 	36.77 	27.37 	24.69 	24.91 	: 	: 	: 
A,GE10,C27_C28,E_ITSP2,PC_ENT_CUSE,CY	4.55 	0 	11.71 	19.55 	6.35 	27.13 	15.67 	: 	: 	: 
A,GE10,C27_C28,E_ITSP2,PC_ENT_CUSE,CZ	45.60 	32.88 	29.55 	33.72 	35.24 	33.97 	35.41 	: 	: 	: 
A,GE10,C27_C28,E_ITSP2,PC_ENT_CUSE,DE	36.20 	39.56 	41.40 	38.23 	38.19 	39.14 	38.32 	: 	: 	: 
A,GE10,C27_C28,E_ITSP2,PC_ENT_CUSE,DK	31.55 	30.71 	29.22 	30.06 	32.23 	30.43 	34.22 	: 	: 	: 
A,GE10,C27_C28,E_ITSP2,PC_ENT_CUSE,EA	32.02 	35.84 	34.85 	34.49 	31.12 	32.64 	34.87 	: 	: 	: 
A,GE10,C27_C28,E_ITSP2,PC_ENT_CUSE,EE	24.90 	15.43 	16.42 	22.50 	22.58 	16.51 	16.51 	: 	: 	: 
A,GE10,C27_C28,E_ITSP2,PC_ENT_CUSE,EL	: u	: u	32.22 	24.33 	24.47 	: u	: u	: 	: 	: 
A,GE10,C27_C28,E_ITSP2,PC_ENT_CUSE,ES	: u	: u	: u	: u	: u	: u	: u	: 	: 	: 
A,GE10,C27_C28,E_ITSP2,PC_ENT_CUSE,EU15	32.38 	34.65 	34.42 	33.84 	32.02 	31.90 	: 	: 	: 	: 
A,GE10,C27_C28,E_ITSP2,PC_ENT_CUSE,EU27_2007	32.02 	33.40 	33.17 	33.12 	31.40 	31.36 	: 	: 	: 	: 
A,GE10,C27_C28,E_ITSP2,PC_ENT_CUSE,EU27_2020	31.72 	34.12 	33.41 	33.30 	30.60 	31.65 	34.65 	: 	: 	: 
A,GE10,C27_C28,E_ITSP2,PC_ENT_CUSE,EU28	32.04 	33.36 	33.17 	33.11 	31.40 	31.36 	34.54 	: 	: 	: 
A,GE10,C27_C28,E_ITSP2,PC_ENT_CUSE,FI	: u	: u	: u	: u	: u	: u	: u	: 	: 	: 
A,GE10,C27_C28,E_ITSP2,PC_ENT_CUSE,FR	24.69 	27.83 	24.80 	31.02 	28.63 	23.73 	36.16 	: 	: 	: 
A,GE10,C27_C28,E_ITSP2,PC_ENT_CUSE,HR	35.99 	27.29 	33.67 	32.45 	30.79 	30.96 	41.65 	: 	: 	: 
A,GE10,C27_C28,E_ITSP2,PC_ENT_CUSE,HU	35.06 	38.06 	34.50 	37.93 	37.82 	39.72 	37.44 	: 	: 	: 
A,GE10,C27_C28,E_ITSP2,PC_ENT_CUSE,IE	36.36 	39.09 	31.07 	30.61 	47.87 	36.87 	32.05 	: 	: 	: 
A,GE10,C27_C28,E_ITSP2,PC_ENT_CUSE,IS	27.78 	: u	: 	: 	23.00 	: 	: 	: 	: 	: 
A,GE10,C27_C28,E_ITSP2,PC_ENT_CUSE,IT	25.80 	32.48 	27.70 	27.60 	21.18 	26.05 	31.67 	: 	: 	: 
A,GE10,C27_C28,E_ITSP2,PC_ENT_CUSE,LT	38.32 	36.67 	22.66 	31.54 	31.30 	28.91 	26.52 	: 	: 	: 
A,GE10,C27_C28,E_ITSP2,PC_ENT_CUSE,LU	: u	: u	: u	: u	: u	: u	: u	: 	: 	: 
A,GE10,C27_C28,E_ITSP2,PC_ENT_CUSE,LV	25.76 	23.66 	25.56 	23.26 	18.29 	26.61 	28.74 	: 	: 	: 
A,GE10,C27_C28,E_ITSP2,PC_ENT_CUSE,ME	: 	: 	: 	0 	: 	50.00 	: u	: 	: 	: 
A,GE10,C27_C28,E_ITSP2,PC_ENT_CUSE,MK	: u	: u	: u	24.19 	: 	: 	: 	: 	: 	: 
A,GE10,C27_C28,E_ITSP2,PC_ENT_CUSE,MT	: u	40.18 	28.36 	24.81 	28.65 	9.91 	16.90 	: 	: 	: 
A,GE10,C27_C28,E_ITSP2,PC_ENT_CUSE,NL	41.04 	44.64 	46.67 	39.43 	37.48 	34.68 	34.11 	: 	: 	: 
A,GE10,C27_C28,E_ITSP2,PC_ENT_CUSE,NO	61.01 	28.38 	39.84 	38.21 	47.03 	36.42 	35.34 	: 	: 	: 
A,GE10,C27_C28,E_ITSP2,PC_ENT_CUSE,PL	22.37 	18.99 	21.27 	22.35 	24.07 	23.07 	38.21 	: 	: 	: 
A,GE10,C27_C28,E_ITSP2,PC_ENT_CUSE,PT	46.08 	26.82 	30.63 	28.81 	31.30 	36.75 	27.86 	: 	: 	: 
A,GE10,C27_C28,E_ITSP2,PC_ENT_CUSE,RO	7.24 	20.48 	23.26 	18.83 	15.50 	20.26 	21.07 	: 	: 	: 
A,GE10,C27_C28,E_ITSP2,PC_ENT_CUSE,RS	: 	18.85 	: 	: 	26.72 	26.89 	20.06 	: 	: 	: 
A,GE10,C27_C28,E_ITSP2,PC_ENT_CUSE,SE	: u	24.25 	32.46 	21.50 	22.72 	18.83 	27.17 	: 	: 	: 
A,GE10,C27_C28,E_ITSP2,PC_ENT_CUSE,SI	29.69 	25.18 	31.03 	32.70 	22.40 	40.60 	31.81 	: 	: 	: 
A,GE10,C27_C28,E_ITSP2,PC_ENT_CUSE,SK	43.78 	32.55 	35.97 	37.14 	30.74 	28.37 	33.36 	: 	: 	: 
A,GE10,C27_C28,E_ITSP2,PC_ENT_CUSE,TR	: 	: 	: u	: 	: 	15.51 	19.30 	: 	: 	: 
A,GE10,C27_C28,E_ITSP2,PC_ENT_CUSE,UK	35.72 	24.91 	30.50 	30.99 	: u	27.76 	: u	: 	: 	: 
A,GE10,C28,E_ITSP2,PC_ENT,AT	: 	: 	: 	: 	: 	: 	: 	: 	: u	46.39 
A,GE10,C28,E_ITSP2,PC_ENT,BA	: 	: 	: 	: 	: 	: 	: 	: 	15.38 	26.50 
A,GE10,C28,E_ITSP2,PC_ENT,BE	: 	: 	: 	: 	: 	: 	: 	: 	: u	: u
A,GE10,C28,E_ITSP2,PC_ENT,BG	: 	: 	: 	: 	: 	: 	: 	: 	21.50 	24.67 
A,GE10,C28,E_ITSP2,PC_ENT,CY	: 	: 	: 	: 	: 	: 	: 	: 	19.38 	15.48 
A,GE10,C28,E_ITSP2,PC_ENT,CZ	: 	: 	: 	: 	: 	: 	: 	: 	33.39 	41.05 
A,GE10,C28,E_ITSP2,PC_ENT,DE	: 	: 	: 	: 	: 	: 	: 	: 	37.33 	38.06 
A,GE10,C28,E_ITSP2,PC_ENT,DK	: 	: 	: 	: 	: 	: 	: 	: 	36.94 	30.35 
A,GE10,C28,E_ITSP2,PC_ENT,EA	: 	: 	: 	: 	: 	: 	: 	: 	31.45 	30.51 
A,GE10,C28,E_ITSP2,PC_ENT,EE	: 	: 	: 	: 	: 	: 	: 	: 	23.29 	19.83 
A,GE10,C28,E_ITSP2,PC_ENT,EL	: 	: 	: 	: 	: 	: 	: 	: 	28.92 	20.62 
A,GE10,C28,E_ITSP2,PC_ENT,ES	: 	: 	: 	: 	: 	: 	: 	: 	: u	20.99 
A,GE10,C28,E_ITSP2,PC_ENT,EU27_2020	: 	: 	: 	: 	: 	: 	: 	: 	32.02 	31.22 
A,GE10,C28,E_ITSP2,PC_ENT,FI	: 	: 	: 	: 	: 	: 	: 	: 	: u	: u
A,GE10,C28,E_ITSP2,PC_ENT,FR	: 	: 	: 	: 	: 	: 	: 	: 	28.25 b	21.26 
A,GE10,C28,E_ITSP2,PC_ENT,HR	: 	: 	: 	: 	: 	: 	: 	: 	52.56 	37.90 
A,GE10,C28,E_ITSP2,PC_ENT,HU	: 	: 	: 	: 	: 	: 	: 	: 	37.74 	48.13 
A,GE10,C28,E_ITSP2,PC_ENT,IE	: 	: 	: 	: 	: 	: 	: 	: 	39.28 	47.42 
A,GE10,C28,E_ITSP2,PC_ENT,IT	: 	: 	: 	: 	: 	: 	: 	: 	: u	: u
A,GE10,C28,E_ITSP2,PC_ENT,LT	: 	: 	: 	: 	: 	: 	: 	: 	: u	: u
A,GE10,C28,E_ITSP2,PC_ENT,LU	: 	: 	: 	: 	: 	: 	: 	: 	: u	: u
A,GE10,C28,E_ITSP2,PC_ENT,LV	: 	: 	: 	: 	: 	: 	: 	: 	33.93 	37.64 
A,GE10,C28,E_ITSP2,PC_ENT,ME	: 	: 	: 	: 	: 	: 	: 	: 	: @C	: @C
A,GE10,C28,E_ITSP2,PC_ENT,MK	: 	: 	: 	: 	: 	: 	: 	: 	: u	: 
A,GE10,C28,E_ITSP2,PC_ENT,MT	: 	: 	: 	: 	: 	: 	: 	: 	: @C	: u
A,GE10,C28,E_ITSP2,PC_ENT,NL	: 	: 	: 	: 	: 	: 	: 	: 	46.80 	43.05 
A,GE10,C28,E_ITSP2,PC_ENT,NO	: 	: 	: 	: 	: 	: 	: 	: 	28.41 	21.84 
A,GE10,C28,E_ITSP2,PC_ENT,PL	: 	: 	: 	: 	: 	: 	: 	: 	44.70 	34.72 
A,GE10,C28,E_ITSP2,PC_ENT,PT	: 	: 	: 	: 	: 	: 	: 	: 	: u	31.26 
A,GE10,C28,E_ITSP2,PC_ENT,RO	: 	: 	: 	: 	: 	: 	: 	: 	16.47 	9.62 
A,GE10,C28,E_ITSP2,PC_ENT,RS	: 	: 	: 	: 	: 	: 	: 	: 	25.94 	4.97 
A,GE10,C28,E_ITSP2,PC_ENT,SE	: 	: 	: 	: 	: 	: 	: 	: 	25.75 	: bu
A,GE10,C28,E_ITSP2,PC_ENT,SI	: 	: 	: 	: 	: 	: 	: 	: 	44.15 	38.71 
A,GE10,C28,E_ITSP2,PC_ENT,SK	: 	: 	: 	: 	: 	: 	: 	: 	33.71 	33.87 
A,GE10,C28,E_ITSP2,PC_ENT,TR	: 	: 	: 	: 	: 	: 	: 	: 	19.16 	15.67 
A,GE10,C29_C30,E_ITSP2,PC_ENT,AT	: u	: u	: u	49.33 	49.03 	: u	: u	: u	: u	: u
A,GE10,C29_C30,E_ITSP2,PC_ENT,BA	: 	: 	: 	: 	: 	35.05 	42.65 	30.30 	29.31 	50.00 
A,GE10,C29_C30,E_ITSP2,PC_ENT,BE	43.49 	22.21 	33.07 	44.35 	: u	: u	27.68 	: u	: u	: u
A,GE10,C29_C30,E_ITSP2,PC_ENT,BG	: u	29.97 	28.96 	31.56 	37.88 	28.77 	31.09 	27.02 	31.25 	29.23 
A,GE10,C29_C30,E_ITSP2,PC_ENT,CY	: u	0 	0 	0 	0 	0 	: @C	: 	: @C	0 
A,GE10,C29_C30,E_ITSP2,PC_ENT,CZ	51.36 	46.09 	43.93 	45.06 	45.89 	41.86 	41.45 	42.95 	43.89 	45.40 
A,GE10,C29_C30,E_ITSP2,PC_ENT,DE	39.19 	40.08 	41.50 	46.32 	39.28 	40.83 	40.50 	40.98 	40.69 	41.80 
A,GE10,C29_C30,E_ITSP2,PC_ENT,DK	: u	16.27 	21.60 	20.89 	28.04 	32.60 	22.73 	23.68 	26.15 	41.33 
A,GE10,C29_C30,E_ITSP2,PC_ENT,EA	31.24 	34.20 	36.77 	33.80 	34.59 	31.58 	32.16 	33.69 	34.52 	32.80 
A,GE10,C29_C30,E_ITSP2,PC_ENT,EE	21.18 	27.69 	17.30 	10.50 	15.56 	17.83 	13.12 	21.15 	22.75 	23.89 
A,GE10,C29_C30,E_ITSP2,PC_ENT,EL	: u	13.69 	30.40 	28.33 	: u	12.70 	10.77 	: u	23.76 	9.61 
A,GE10,C29_C30,E_ITSP2,PC_ENT,ES	: u	: u	: u	: u	: u	: u	: u	: u	: u	22.32 
A,GE10,C29_C30,E_ITSP2,PC_ENT,EU15	33.22 	35.39 	36.74 	33.89 	35.37 	31.01 	: 	: 	: 	: 
A,GE10,C29_C30,E_ITSP2,PC_ENT,EU27_2007	32.57 	34.82 	36.18 	33.98 	35.13 	31.77 	: 	: 	: 	: 
A,GE10,C29_C30,E_ITSP2,PC_ENT,EU27_2020	30.68 	33.42 	35.71 	33.06 	34.02 	31.52 	32.78 	34.65 	36.66 	35.80 
A,GE10,C29_C30,E_ITSP2,PC_ENT,EU28	32.49 	34.74 	36.13 	33.85 	35.07 	31.66 	34.27 	: 	: 	: 
A,GE10,C29_C30,E_ITSP2,PC_ENT,FI	: u	: u	: u	: u	: u	: u	: u	: u	: u	: u
A,GE10,C29_C30,E_ITSP2,PC_ENT,FR	25.61 	32.24 	32.22 	24.53 	34.19 	28.28 	29.55 	29.29 	29.01 b	34.01 
A,GE10,C29_C30,E_ITSP2,PC_ENT,HR	: u	18.43 	28.59 	: u	26.93 	17.72 	17.16 	20.98 	16.03 	45.29 
A,GE10,C29_C30,E_ITSP2,PC_ENT,HU	44.31 	46.66 	49.82 	49.92 	49.08 	49.88 	43.99 	55.61 	63.35 	56.39 
A,GE10,C29_C30,E_ITSP2,PC_ENT,IE	47.02 	28.00 	34.78 	43.48 	57.14 	0 	33.33 	52.99 	57.50 	57.27 
A,GE10,C29_C30,E_ITSP2,PC_ENT,IS	: u	: 	: 	: 	0 	: 	: 	: 	: 	: 
A,GE10,C29_C30,E_ITSP2,PC_ENT,IT	24.97 	27.23 	35.09 	23.63 	27.76 	26.71 	28.71 	24.00 	: u	23.39 
A,GE10,C29_C30,E_ITSP2,PC_ENT,LT	33.33 	32.50 	30.43 	27.08 	22.64 	25.93 	27.59 	17.19 	28.00 	: u
A,GE10,C29_C30,E_ITSP2,PC_ENT,LU	: u	: u	: u	: u	: u	: u	: u	: u	: u	: u
A,GE10,C29_C30,E_ITSP2,PC_ENT,LV	41.01 	26.47 	26.65 	22.47 	20.51 	21.79 	22.85 	23.30 	27.88 	35.78 
A,GE10,C29_C30,E_ITSP2,PC_ENT,MK	: u	16.67 	: u	61.54 	: 	: 	: 	: u	64.71 	: 
A,GE10,C29_C30,E_ITSP2,PC_ENT,MT	: @C	: @C	: @C	: @C	: @C	: @C	: @C	: @C	: @C	: @C
A,GE10,C29_C30,E_ITSP2,PC_ENT,NL	30.49 	29.78 	31.77 	32.50 	30.49 	30.58 	25.25 	28.11 	33.64 	30.72 
A,GE10,C29_C30,E_ITSP2,PC_ENT,NO	36.12 	25.28 	33.53 	26.98 	16.11 	26.66 	19.04 	21.19 	19.09 	15.90 
A,GE10,C29_C30,E_ITSP2,PC_ENT,PL	27.59 	28.32 	31.37 	28.37 	28.36 	30.51 	41.08 	42.43 	48.33 	49.25 
A,GE10,C29_C30,E_ITSP2,PC_ENT,PT	35.02 	43.66 	38.64 	41.70 	41.06 	34.60 	38.35 	43.94 	38.54 	35.93 
A,GE10,C29_C30,E_ITSP2,PC_ENT,RO	3.84 	17.55 	17.19 	23.25 	19.73 	20.87 	19.79 	23.33 	20.96 	26.73 
A,GE10,C29_C30,E_ITSP2,PC_ENT,RS	: 	17.94 	: 	: 	28.26 	32.95 	41.42 	23.16 	43.97 	34.21 
A,GE10,C29_C30,E_ITSP2,PC_ENT,SE	29.29 	29.82 	: u	14.31 	25.48 	16.21 	23.83 	23.91 	41.09 	: bu
A,GE10,C29_C30,E_ITSP2,PC_ENT,SI	34.69 	29.58 	44.83 	30.77 	51.13 	38.99 	34.54 	25.51 	53.29 	37.10 
A,GE10,C29_C30,E_ITSP2,PC_ENT,SK	45.67 	44.94 	46.80 	45.85 	46.53 	46.94 	48.71 	51.50 	44.77 	48.17 
A,GE10,C29_C30,E_ITSP2,PC_ENT,TR	: 	: 	: u	: 	: 	21.26 	26.66 	23.12 	27.82 	24.35 
A,GE10,C29_C30,E_ITSP2,PC_ENT,UK	47.68 	45.23 	39.59 	40.47 	: u	32.93 	47.49 	35.93 	: 	: 
A,GE10,C29_C30,E_ITSP2,PC_ENT_CUSE,AT	: u	: u	: u	49.33 	49.03 	: u	: u	: 	: 	: 
A,GE10,C29_C30,E_ITSP2,PC_ENT_CUSE,BA	: 	: 	: 	: 	: 	35.05 	42.65 	: 	: 	: 
A,GE10,C29_C30,E_ITSP2,PC_ENT_CUSE,BE	43.49 	22.21 	33.07 	44.35 	: u	: u	27.68 	: 	: 	: 
A,GE10,C29_C30,E_ITSP2,PC_ENT_CUSE,BG	: u	29.97 	28.96 	31.56 	37.88 	29.97 	31.09 	: 	: 	: 
A,GE10,C29_C30,E_ITSP2,PC_ENT_CUSE,CY	: u	0 	0 	0 	0 	0 	: @C	: 	: 	: 
A,GE10,C29_C30,E_ITSP2,PC_ENT_CUSE,CZ	51.80 	46.09 	44.63 	45.40 	46.97 	42.48 	42.54 	: 	: 	: 
A,GE10,C29_C30,E_ITSP2,PC_ENT_CUSE,DE	39.38 	40.08 	41.50 	46.55 	39.64 	41.17 	40.50 	: 	: 	: 
A,GE10,C29_C30,E_ITSP2,PC_ENT_CUSE,DK	: u	16.27 	21.60 	20.89 	28.04 	32.60 	22.73 	: 	: 	: 
A,GE10,C29_C30,E_ITSP2,PC_ENT_CUSE,EA	31.28 	34.20 	36.82 	33.87 	34.73 	32.08 	32.35 	: 	: 	: 
A,GE10,C29_C30,E_ITSP2,PC_ENT_CUSE,EE	21.18 	27.69 	18.96 	11.20 	16.00 	17.83 	13.12 	: 	: 	: 
A,GE10,C29_C30,E_ITSP2,PC_ENT_CUSE,EL	: u	13.69 	33.63 	30.63 	: u	12.90 	11.24 	: 	: 	: 
A,GE10,C29_C30,E_ITSP2,PC_ENT_CUSE,ES	: u	: u	: u	: u	: u	: u	: u	: 	: 	: 
A,GE10,C29_C30,E_ITSP2,PC_ENT_CUSE,EU15	33.38 	35.44 	36.83 	33.95 	35.46 	31.42 	: 	: 	: 	: 
A,GE10,C29_C30,E_ITSP2,PC_ENT_CUSE,EU27_2007	33.18 	35.01 	36.52 	34.24 	35.52 	32.25 	: 	: 	: 	: 
A,GE10,C29_C30,E_ITSP2,PC_ENT_CUSE,EU27_2020	31.27 	33.59 	36.08 	33.37 	34.44 	32.08 	33.25 	: 	: 	: 
A,GE10,C29_C30,E_ITSP2,PC_ENT_CUSE,EU28	33.14 	34.93 	36.52 	34.15 	35.45 	32.17 	34.75 	: 	: 	: 
A,GE10,C29_C30,E_ITSP2,PC_ENT_CUSE,FI	: u	: u	: u	: u	: u	: u	: u	: 	: 	: 
A,GE10,C29_C30,E_ITSP2,PC_ENT_CUSE,FR	25.61 	32.24 	32.22 	24.53 	34.19 	28.28 	29.55 	: 	: 	: 
A,GE10,C29_C30,E_ITSP2,PC_ENT_CUSE,HR	: u	19.03 	36.04 	: u	26.93 	20.47 	17.16 	: 	: 	: 
A,GE10,C29_C30,E_ITSP2,PC_ENT_CUSE,HU	45.65 	46.84 	50.73 	51.14 	49.44 	50.91 	45.27 	: 	: 	: 
A,GE10,C29_C30,E_ITSP2,PC_ENT_CUSE,IE	47.02 	28.00 	34.78 	43.48 	57.14 	0 	33.33 	: 	: 	: 
A,GE10,C29_C30,E_ITSP2,PC_ENT_CUSE,IS	: u	: 	: 	: 	0 	: 	: 	: 	: 	: 
A,GE10,C29_C30,E_ITSP2,PC_ENT_CUSE,IT	24.97 	27.23 	35.11 	23.63 	27.76 	27.21 	28.71 	: 	: 	: 
A,GE10,C29_C30,E_ITSP2,PC_ENT_CUSE,LT	33.33 	32.50 	30.43 	27.08 	22.64 	25.93 	27.59 	: 	: 	: 
A,GE10,C29_C30,E_ITSP2,PC_ENT_CUSE,LU	: u	: u	: u	: u	: u	: u	: u	: 	: 	: 
A,GE10,C29_C30,E_ITSP2,PC_ENT_CUSE,LV	42.69 	27.27 	26.65 	22.47 	20.51 	21.79 	23.58 	: 	: 	: 
A,GE10,C29_C30,E_ITSP2,PC_ENT_CUSE,MK	: u	16.67 	: u	61.54 	: 	: 	: 	: 	: 	: 
A,GE10,C29_C30,E_ITSP2,PC_ENT_CUSE,MT	: @C	: @C	: @C	: @C	: @C	: @C	: @C	: 	: 	: 
A,GE10,C29_C30,E_ITSP2,PC_ENT_CUSE,NL	30.49 	29.78 	31.77 	32.50 	30.49 	30.58 	25.25 	: 	: 	: 
A,GE10,C29_C30,E_ITSP2,PC_ENT_CUSE,NO	40.55 	25.28 	35.84 	26.98 	16.68 	27.45 	19.04 	: 	: 	: 
A,GE10,C29_C30,E_ITSP2,PC_ENT_CUSE,PL	28.75 	28.39 	31.48 	28.37 	29.00 	30.51 	41.43 	: 	: 	: 
A,GE10,C29_C30,E_ITSP2,PC_ENT_CUSE,PT	35.02 	43.66 	38.64 	41.70 	41.06 	34.60 	38.78 	: 	: 	: 
A,GE10,C29_C30,E_ITSP2,PC_ENT_CUSE,RO	5.21 	19.47 	19.96 	26.49 	22.50 	22.62 	23.47 	: 	: 	: 
A,GE10,C29_C30,E_ITSP2,PC_ENT_CUSE,RS	: 	17.94 	: 	: 	28.26 	32.95 	41.42 	: 	: 	: 
A,GE10,C29_C30,E_ITSP2,PC_ENT_CUSE,SE	29.29 	29.82 	: u	14.31 	25.48 	16.21 	23.83 	: 	: 	: 
A,GE10,C29_C30,E_ITSP2,PC_ENT_CUSE,SI	34.69 	29.58 	44.83 	30.77 	51.13 	38.99 	34.54 	: 	: 	: 
A,GE10,C29_C30,E_ITSP2,PC_ENT_CUSE,SK	45.67 	44.94 	46.80 	45.85 	48.10 	48.52 	48.71 	: 	: 	: 
A,GE10,C29_C30,E_ITSP2,PC_ENT_CUSE,TR	: 	: 	: u	: 	: 	21.53 	27.05 	: 	: 	: 
A,GE10,C29_C30,E_ITSP2,PC_ENT_CUSE,UK	48.98 	45.65 	40.10 	40.47 	: u	32.93 	47.99 	: 	: 	: 
A,GE10,C31-C33,E_ITSP2,PC_ENT,AT	: u	: u	: u	: u	: u	: u	13.98 	16.35 	18.71 	19.16 
A,GE10,C31-C33,E_ITSP2,PC_ENT,BA	: 	: 	: 	: 	: 	21.99 	13.17 	21.51 	16.94 	10.71 
A,GE10,C31-C33,E_ITSP2,PC_ENT,BE	25.50 	14.39 	: u	: u	: u	: u	: u	: u	: u	: u
A,GE10,C31-C33,E_ITSP2,PC_ENT,BG	8.79 	14.71 	18.34 	15.99 	16.23 	14.54 	19.90 	13.69 	13.20 	17.89 
A,GE10,C31-C33,E_ITSP2,PC_ENT,CY	8.24 	16.67 	8.52 	14.43 	23.16 	13.58 	20.47 	16.47 	16.44 	22.49 
A,GE10,C31-C33,E_ITSP2,PC_ENT,CZ	32.83 	21.08 	22.62 	17.84 	18.39 	18.54 	18.17 	22.80 	16.48 	21.17 
A,GE10,C31-C33,E_ITSP2,PC_ENT,DE	27.15 	18.35 	20.53 	18.58 	16.76 	19.64 	17.83 	19.58 	19.92 	18.70 
A,GE10,C31-C33,E_ITSP2,PC_ENT,DK	: u	24.46 	19.83 	26.76 	22.24 	14.21 	15.43 	20.59 	25.80 	22.24 
A,GE10,C31-C33,E_ITSP2,PC_ENT,EA	19.58 	16.03 	20.88 	18.83 	18.24 	19.14 	18.21 	16.56 	16.70 	17.22 
A,GE10,C31-C33,E_ITSP2,PC_ENT,EE	10.80 	12.48 	12.19 	6.66 	11.19 	6.27 	8.35 	9.08 	12.99 	14.05 
A,GE10,C31-C33,E_ITSP2,PC_ENT,EL	: u	: u	23.30 	21.00 	: u	15.46 	: u	: u	15.46 	21.21 
A,GE10,C31-C33,E_ITSP2,PC_ENT,ES	: u	: u	: u	: u	: u	: u	: u	: u	: u	11.90 
A,GE10,C31-C33,E_ITSP2,PC_ENT,EU15	20.98 	17.04 	21.09 	20.19 	18.53 	19.33 	: 	: 	: 	: 
A,GE10,C31-C33,E_ITSP2,PC_ENT,EU27_2007	19.96 	16.30 	19.70 	18.68 	17.47 	17.88 	: 	: 	: 	: 
A,GE10,C31-C33,E_ITSP2,PC_ENT,EU27_2020	18.86 	15.66 	19.51 	17.66 	17.38 	17.76 	18.35 	17.89 	18.18 	18.01 
A,GE10,C31-C33,E_ITSP2,PC_ENT,EU28	19.96 	16.29 	19.73 	18.69 	17.45 	17.92 	18.98 	: 	: 	: 
A,GE10,C31-C33,E_ITSP2,PC_ENT,FI	: u	: u	: u	: u	: u	: u	: u	: u	: u	: u
A,GE10,C31-C33,E_ITSP2,PC_ENT,FR	13.32 	12.19 	21.03 	16.58 	21.39 	16.59 	16.49 	16.39 	18.93 b	18.44 
A,GE10,C31-C33,E_ITSP2,PC_ENT,HR	20.62 	12.94 	23.80 	20.16 	14.77 	22.51 	15.73 	12.62 	20.85 	13.09 
A,GE10,C31-C33,E_ITSP2,PC_ENT,HU	31.28 	26.71 	21.74 	22.44 	30.04 	26.64 	25.55 	31.45 	31.78 	25.31 
A,GE10,C31-C33,E_ITSP2,PC_ENT,IE	32.96 	36.40 	37.39 	41.85 	54.76 	28.80 	41.49 	30.62 	37.55 	47.54 
A,GE10,C31-C33,E_ITSP2,PC_ENT,IS	6.06 	14.63 	: 	: 	6.98 	: 	: 	: 	: 	: 
A,GE10,C31-C33,E_ITSP2,PC_ENT,IT	13.07 	14.79 	17.81 	16.58 	14.31 	20.76 	20.63 	10.67 	10.03 	12.34 
A,GE10,C31-C33,E_ITSP2,PC_ENT,LT	22.89 	13.49 	15.15 	11.99 	12.96 	17.38 	15.51 	17.69 	14.71 	18.20 
A,GE10,C31-C33,E_ITSP2,PC_ENT,LU	: u	: u	: u	: u	: u	: u	: u	: u	: u	: u
A,GE10,C31-C33,E_ITSP2,PC_ENT,LV	15.11 	18.62 	12.83 	12.01 	6.55 	9.63 	: u	12.50 	19.25 	16.97 
A,GE10,C31-C33,E_ITSP2,PC_ENT,ME	: 	: 	: 	: u	: u	: u	: u	: u	41.67 	: @C
A,GE10,C31-C33,E_ITSP2,PC_ENT,MK	: u	4.49 	: u	9.58 	: 	: 	: 	0 	: u	: 
A,GE10,C31-C33,E_ITSP2,PC_ENT,MT	19.27 	25.68 	24.67 	22.60 	23.97 	25.97 	25.44 	23.05 	: @C	30.51 
A,GE10,C31-C33,E_ITSP2,PC_ENT,NL	28.51 	28.12 	30.17 	31.12 	24.23 	28.48 	25.68 	20.05 	29.05 	26.15 
A,GE10,C31-C33,E_ITSP2,PC_ENT,NO	27.32 	10.29 	15.25 	14.29 	18.37 	19.57 	12.07 	11.86 	17.64 	15.69 
A,GE10,C31-C33,E_ITSP2,PC_ENT,PL	11.46 	10.07 	12.03 	10.47 	10.52 	9.86 	22.74 	26.23 	30.64 	24.46 
A,GE10,C31-C33,E_ITSP2,PC_ENT,PT	30.18 	9.91 	14.59 	16.02 	26.80 	15.55 	11.23 	23.54 	13.77 	17.24 
A,GE10,C31-C33,E_ITSP2,PC_ENT,RO	3.34 	7.16 	10.05 	9.88 	7.40 	3.83 	4.89 	11.03 	6.29 	6.50 
A,GE10,C31-C33,E_ITSP2,PC_ENT,RS	: 	19.44 	: 	: 	24.92 	19.94 	28.77 	14.30 	10.24 	16.27 
A,GE10,C31-C33,E_ITSP2,PC_ENT,SE	: u	23.22 	12.18 	8.17 	19.52 	17.73 	19.95 	23.32 	18.22 	: bu
A,GE10,C31-C33,E_ITSP2,PC_ENT,SI	17.03 	12.80 	15.32 	7.66 	9.02 	15.97 	19.83 	11.20 	15.67 	8.00 
A,GE10,C31-C33,E_ITSP2,PC_ENT,SK	20.03 	16.76 	19.63 	22.44 	20.24 	17.67 	21.01 	18.56 	10.55 	19.27 
A,GE10,C31-C33,E_ITSP2,PC_ENT,TR	: 	: 	: u	: 	: 	5.98 	10.38 	10.92 	15.71 	8.79 
A,GE10,C31-C33,E_ITSP2,PC_ENT,UK	32.83 	22.92 	21.96 	29.77 	18.16 	19.64 	25.88 	: u	: 	: 
A,GE10,C31-C33,E_ITSP2,PC_ENT_CUSE,AT	: u	: u	: u	: u	: u	: u	13.98 	: 	: 	: 
A,GE10,C31-C33,E_ITSP2,PC_ENT_CUSE,BA	: 	: 	: 	: 	: 	22.67 	13.17 	: 	: 	: 
A,GE10,C31-C33,E_ITSP2,PC_ENT_CUSE,BE	25.50 	14.39 	: u	: u	: u	: u	: u	: 	: 	: 
A,GE10,C31-C33,E_ITSP2,PC_ENT_CUSE,BG	9.53 	15.61 	19.24 	16.38 	16.47 	15.00 	20.22 	: 	: 	: 
A,GE10,C31-C33,E_ITSP2,PC_ENT_CUSE,CY	8.45 	17.65 	9.03 	14.91 	23.16 	14.05 	20.47 	: 	: 	: 
A,GE10,C31-C33,E_ITSP2,PC_ENT_CUSE,CZ	32.83 	21.41 	22.74 	18.54 	18.39 	18.70 	18.35 	: 	: 	: 
A,GE10,C31-C33,E_ITSP2,PC_ENT_CUSE,DE	27.75 	18.37 	20.67 	18.80 	16.84 	19.66 	17.94 	: 	: 	: 
A,GE10,C31-C33,E_ITSP2,PC_ENT_CUSE,DK	: u	24.46 	19.83 	26.76 	22.24 	14.21 	15.43 	: 	: 	: 
A,GE10,C31-C33,E_ITSP2,PC_ENT_CUSE,EA	19.84 	16.05 	21.02 	18.95 	18.32 	19.21 	18.27 	: 	: 	: 
A,GE10,C31-C33,E_ITSP2,PC_ENT_CUSE,EE	11.19 	12.48 	12.49 	6.85 	11.24 	6.27 	8.35 	: 	: 	: 
A,GE10,C31-C33,E_ITSP2,PC_ENT_CUSE,EL	: u	: u	24.78 	23.57 	: u	16.42 	: u	: 	: 	: 
A,GE10,C31-C33,E_ITSP2,PC_ENT_CUSE,ES	: u	: u	: u	: u	: u	: u	: u	: 	: 	: 
A,GE10,C31-C33,E_ITSP2,PC_ENT_CUSE,EU15	21.31 	17.09 	21.24 	20.33 	18.62 	19.38 	: 	: 	: 	: 
A,GE10,C31-C33,E_ITSP2,PC_ENT_CUSE,EU27_2007	20.38 	16.50 	20.02 	18.98 	17.70 	18.04 	: 	: 	: 	: 
A,GE10,C31-C33,E_ITSP2,PC_ENT_CUSE,EU27_2020	19.24 	15.84 	19.84 	17.94 	17.61 	17.94 	18.61 	: 	: 	: 
A,GE10,C31-C33,E_ITSP2,PC_ENT_CUSE,EU28	20.39 	16.48 	20.05 	18.99 	17.68 	18.09 	19.22 	: 	: 	: 
A,GE10,C31-C33,E_ITSP2,PC_ENT_CUSE,FI	: u	: u	: u	: u	: u	: u	: u	: 	: 	: 
A,GE10,C31-C33,E_ITSP2,PC_ENT_CUSE,FR	13.32 	12.19 	21.03 	16.58 	21.39 	16.59 	16.49 	: 	: 	: 
A,GE10,C31-C33,E_ITSP2,PC_ENT_CUSE,HR	21.23 	13.31 	26.36 	20.16 	15.05 	23.52 	15.73 	: 	: 	: 
A,GE10,C31-C33,E_ITSP2,PC_ENT_CUSE,HU	33.37 	27.66 	22.00 	22.95 	31.13 	27.35 	26.50 	: 	: 	: 
A,GE10,C31-C33,E_ITSP2,PC_ENT_CUSE,IE	33.92 	36.40 	38.96 	42.62 	54.76 	28.80 	41.49 	: 	: 	: 
A,GE10,C31-C33,E_ITSP2,PC_ENT_CUSE,IS	6.06 	14.63 	: 	: 	6.98 	: 	: 	: 	: 	: 
A,GE10,C31-C33,E_ITSP2,PC_ENT_CUSE,IT	13.26 	14.81 	17.89 	16.58 	14.34 	20.87 	20.63 	: 	: 	: 
A,GE10,C31-C33,E_ITSP2,PC_ENT_CUSE,LT	22.89 	13.49 	15.15 	11.99 	12.96 	17.38 	15.51 	: 	: 	: 
A,GE10,C31-C33,E_ITSP2,PC_ENT_CUSE,LU	: u	: u	: u	: u	: u	: u	: u	: 	: 	: 
A,GE10,C31-C33,E_ITSP2,PC_ENT_CUSE,LV	15.78 	18.79 	13.16 	12.01 	6.60 	9.63 	: u	: 	: 	: 
A,GE10,C31-C33,E_ITSP2,PC_ENT_CUSE,ME	: 	: 	: 	: u	: u	: u	: u	: 	: 	: 
A,GE10,C31-C33,E_ITSP2,PC_ENT_CUSE,MK	: u	4.75 	: u	9.96 	: 	: 	: 	: 	: 	: 
A,GE10,C31-C33,E_ITSP2,PC_ENT_CUSE,MT	20.44 	26.56 	25.96 	24.10 	25.65 	25.97 	26.28 	: 	: 	: 
A,GE10,C31-C33,E_ITSP2,PC_ENT_CUSE,NL	28.51 	28.12 	30.17 	31.12 	24.23 	28.48 	25.68 	: 	: 	: 
A,GE10,C31-C33,E_ITSP2,PC_ENT_CUSE,NO	27.32 	10.63 	15.25 	14.53 	18.37 	19.83 	12.07 	: 	: 	: 
A,GE10,C31-C33,E_ITSP2,PC_ENT_CUSE,PL	11.96 	10.66 	12.67 	10.88 	11.02 	10.17 	23.81 	: 	: 	: 
A,GE10,C31-C33,E_ITSP2,PC_ENT_CUSE,PT	32.38 	9.91 	14.59 	16.02 	26.80 	15.89 	11.23 	: 	: 	: 
A,GE10,C31-C33,E_ITSP2,PC_ENT_CUSE,RO	3.65 	7.81 	11.50 	11.76 	8.60 	4.20 	5.85 	: 	: 	: 
A,GE10,C31-C33,E_ITSP2,PC_ENT_CUSE,RS	: 	19.44 	: 	: 	24.92 	19.94 	28.77 	: 	: 	: 
A,GE10,C31-C33,E_ITSP2,PC_ENT_CUSE,SE	: u	23.22 	12.18 	8.17 	19.52 	17.73 	19.95 	: 	: 	: 
A,GE10,C31-C33,E_ITSP2,PC_ENT_CUSE,SI	17.51 	12.80 	15.57 	7.66 	9.02 	16.27 	19.83 	: 	: 	: 
A,GE10,C31-C33,E_ITSP2,PC_ENT_CUSE,SK	20.03 	16.76 	19.63 	22.44 	20.24 	17.67 	21.76 	: 	: 	: 
A,GE10,C31-C33,E_ITSP2,PC_ENT_CUSE,TR	: 	: 	: u	: 	: 	6.18 	10.51 	: 	: 	: 
A,GE10,C31-C33,E_ITSP2,PC_ENT_CUSE,UK	33.93 	23.26 	22.27 	30.30 	18.43 	19.64 	25.88 	: 	: 	: 
A,GE10,D35,E_ITSP2,PC_ENT,AL	: 	: 	: 	: 	: 	: 	: 	: 	52.00 b	: 
A,GE10,D35,E_ITSP2,PC_ENT,AT	: 	: 	: 	: 	: 	: 	: 	: 	: u	: u
A,GE10,D35,E_ITSP2,PC_ENT,BA	: 	: 	: 	: 	: 	: 	: 	: 	44.44 	50.91 
A,GE10,D35,E_ITSP2,PC_ENT,BE	: 	: 	: 	: 	: 	: 	: 	: 	77.27 	: u
A,GE10,D35,E_ITSP2,PC_ENT,BG	: 	: 	: 	: 	: 	: 	: 	: 	46.26 	29.93 
A,GE10,D35,E_ITSP2,PC_ENT,CY	: 	: 	: 	: 	: 	: 	: 	: 	: @C	100.00 
A,GE10,D35,E_ITSP2,PC_ENT,CZ	: 	: 	: 	: 	: 	: 	: 	: 	19.19 	20.57 
A,GE10,D35,E_ITSP2,PC_ENT,DE	: 	: 	: 	: 	: 	: 	: 	: 	55.87 	59.89 
A,GE10,D35,E_ITSP2,PC_ENT,DK	: 	: 	: 	: 	: 	: 	: 	: 	66.03 	70.25 
A,GE10,D35,E_ITSP2,PC_ENT,EA	: 	: 	: 	: 	: 	: 	: 	: 	50.09 	49.72 
A,GE10,D35,E_ITSP2,PC_ENT,EE	: 	: 	: 	: 	: 	: 	: 	: 	22.27 	33.15 
A,GE10,D35,E_ITSP2,PC_ENT,EL	: 	: 	: 	: 	: 	: 	: 	: 	46.07 	37.41 
A,GE10,D35,E_ITSP2,PC_ENT,ES	: 	: 	: 	: 	: 	: 	: 	: 	: u	: u
A,GE10,D35,E_ITSP2,PC_ENT,EU27_2020	: 	: 	: 	: 	: 	: 	: 	: 	48.51 	47.87 
A,GE10,D35,E_ITSP2,PC_ENT,FI	: 	: 	: 	: 	: 	: 	: 	: 	: u	: u
A,GE10,D35,E_ITSP2,PC_ENT,FR	: 	: 	: 	: 	: 	: 	: 	: 	: bu	48.13 
A,GE10,D35,E_ITSP2,PC_ENT,HR	: 	: 	: 	: 	: 	: 	: 	: 	38.25 	9.17 
A,GE10,D35,E_ITSP2,PC_ENT,HU	: 	: 	: 	: 	: 	: 	: 	: 	43.06 	48.08 
A,GE10,D35,E_ITSP2,PC_ENT,IE	: 	: 	: 	: 	: 	: 	: 	: 	45.65 	73.33 
A,GE10,D35,E_ITSP2,PC_ENT,IT	: 	: 	: 	: 	: 	: 	: 	: 	: u	: u
A,GE10,D35,E_ITSP2,PC_ENT,LT	: 	: 	: 	: 	: 	: 	: 	: 	: u	: u
A,GE10,D35,E_ITSP2,PC_ENT,LU	: 	: 	: 	: 	: 	: 	: 	: 	: u	: u
A,GE10,D35,E_ITSP2,PC_ENT,LV	: 	: 	: 	: 	: 	: 	: 	: 	33.48 	32.96 
A,GE10,D35,E_ITSP2,PC_ENT,ME	: 	: 	: 	: 	: 	: 	: 	: 	: @C	: @C
A,GE10,D35,E_ITSP2,PC_ENT,MK	: 	: 	: 	: 	: 	: 	: 	: 	: u	: 
A,GE10,D35,E_ITSP2,PC_ENT,MT	: 	: 	: 	: 	: 	: 	: 	: 	: u	: u
A,GE10,D35,E_ITSP2,PC_ENT,NL	: 	: 	: 	: 	: 	: 	: 	: 	71.19 	60.42 
A,GE10,D35,E_ITSP2,PC_ENT,NO	: 	: 	: 	: 	: 	: 	: 	: 	63.61 	62.50 
A,GE10,D35,E_ITSP2,PC_ENT,PL	: 	: 	: 	: 	: 	: 	: 	: 	49.04 	50.94 
A,GE10,D35,E_ITSP2,PC_ENT,PT	: 	: 	: 	: 	: 	: 	: 	: 	: u	50.00 
A,GE10,D35,E_ITSP2,PC_ENT,RO	: 	: 	: 	: 	: 	: 	: 	: 	39.34 	26.83 
A,GE10,D35,E_ITSP2,PC_ENT,RS	: 	: 	: 	: 	: 	: 	: 	: 	35.26 	33.33 
A,GE10,D35,E_ITSP2,PC_ENT,SE	: 	: 	: 	: 	: 	: 	: 	: 	65.21 	63.22 b
A,GE10,D35,E_ITSP2,PC_ENT,SI	: 	: 	: 	: 	: 	: 	: 	: 	56.31 	: u
A,GE10,D35,E_ITSP2,PC_ENT,SK	: 	: 	: 	: 	: 	: 	: 	: 	26.98 	20.22 
A,GE10,D35,E_ITSP2,PC_ENT,TR	: 	: 	: 	: 	: 	: 	: 	: 	51.78 	46.95 
A,GE10,D_E,E_ITSP2,PC_ENT,AL	: 	: 	: 	: 	: 	: 	: 	: 	38.19 b	: 
A,GE10,D_E,E_ITSP2,PC_ENT,AT	: u	32.62 	: u	: u	: u	: u	: u	17.42 	: u	33.23 
A,GE10,D_E,E_ITSP2,PC_ENT,BA	: 	: 	: 	: 	: 	20.28 	17.12 	16.49 	15.36 	23.96 
A,GE10,D_E,E_ITSP2,PC_ENT,BE	31.17 	28.64 	: u	: u	: u	24.57 	: u	: u	: u	: u
A,GE10,D_E,E_ITSP2,PC_ENT,BG	19.71 	26.65 	24.10 	30.05 	33.69 	21.69 	18.54 	16.40 	: u	: u
A,GE10,D_E,E_ITSP2,PC_ENT,CY	16.34 	42.90 	31.61 	34.34 	30.04 	29.69 	25.03 	27.00 	26.26 	29.09 
A,GE10,D_E,E_ITSP2,PC_ENT,CZ	31.23 	26.89 	26.08 	24.27 	22.02 	28.89 	30.03 	19.11 	19.14 	18.43 
A,GE10,D_E,E_ITSP2,PC_ENT,DE	25.26 	27.86 	27.19 	26.97 	32.26 	30.26 	29.50 	28.90 	32.91 	35.17 
A,GE10,D_E,E_ITSP2,PC_ENT,DK	: u	42.04 	28.65 	26.26 	: u	: u	: u	43.24 	: u	47.17 
A,GE10,D_E,E_ITSP2,PC_ENT,EA	25.87 	27.30 	26.74 	27.15 	27.56 	25.89 	26.76 	24.63 	29.07 	28.22 
A,GE10,D_E,E_ITSP2,PC_ENT,EE	21.30 	18.84 	20.04 	29.05 	27.97 	21.77 	21.68 	23.20 	26.52 	26.14 
A,GE10,D_E,E_ITSP2,PC_ENT,EL	38.10 	38.96 	35.36 	37.72 	32.23 	33.56 	25.54 	: u	28.66 	29.18 
A,GE10,D_E,E_ITSP2,PC_ENT,ES	26.37 	31.26 	27.72 	32.08 	27.40 	23.21 	25.21 	22.52 	25.08 	20.00 
A,GE10,D_E,E_ITSP2,PC_ENT,EU15	26.22 	28.26 	26.39 	25.69 	27.44 	25.60 	: 	: 	: 	: 
A,GE10,D_E,E_ITSP2,PC_ENT,EU27_2007	25.76 	26.90 	25.62 	25.28 	26.25 	25.32 	: 	: 	: 	: 
A,GE10,D_E,E_ITSP2,PC_ENT,EU27_2020	25.71 	26.35 	25.95 	26.20 	26.36 	26.04 	27.69 	26.29 	30.45 	28.80 
A,GE10,D_E,E_ITSP2,PC_ENT,EU28	25.68 	26.87 	25.58 	25.15 	26.14 	25.33 	27.67 	: 	: 	: 
A,GE10,D_E,E_ITSP2,PC_ENT,FI	34.07 	36.11 	44.01 	41.13 	32.18 	33.23 	46.81 	42.85 	41.94 	47.20 
A,GE10,D_E,E_ITSP2,PC_ENT,FR	22.21 	16.91 	22.05 	18.21 	18.03 	18.42 	18.28 	18.51 	20.51 b	21.55 
A,GE10,D_E,E_ITSP2,PC_ENT,HR	20.90 	24.67 	23.33 	18.23 	20.59 	25.78 	29.76 	25.67 	29.91 	24.57 
A,GE10,D_E,E_ITSP2,PC_ENT,HU	45.73 	38.35 	36.69 	36.49 	41.51 	41.11 	38.10 	41.49 	46.49 	43.06 
A,GE10,D_E,E_ITSP2,PC_ENT,IE	37.69 	44.65 	34.55 	46.96 	47.93 	33.63 	25.57 	27.06 	43.76 	28.09 
A,GE10,D_E,E_ITSP2,PC_ENT,IS	36.36 	45.93 	: 	: 	41.94 	: 	: 	64.00 	: 	: 
A,GE10,D_E,E_ITSP2,PC_ENT,IT	19.72 	23.94 	21.73 	22.25 	20.80 	20.95 	22.96 	17.48 	19.96 	17.23 
A,GE10,D_E,E_ITSP2,PC_ENT,LT	32.70 	31.09 	31.43 	35.13 	30.11 	29.29 	27.93 	27.82 	32.52 	35.17 
A,GE10,D_E,E_ITSP2,PC_ENT,LU	: u	42.06 	51.12 	41.23 	46.22 	54.94 	44.92 	44.11 	45.08 	41.70 
A,GE10,D_E,E_ITSP2,PC_ENT,LV	36.45 	29.22 	31.86 	20.84 	16.70 	18.90 	20.34 	24.37 	30.14 	30.33 
A,GE10,D_E,E_ITSP2,PC_ENT,ME	: 	: 	: 	: u	41.64 	38.11 	35.96 	37.99 	40.23 	56.59 
A,GE10,D_E,E_ITSP2,PC_ENT,MK	28.55 	24.73 	26.05 	25.81 	: 	: 	: 	20.94 	: u	: 
A,GE10,D_E,E_ITSP2,PC_ENT,MT	: u	: u	25.00 	: u	: u	: u	: u	: u	: u	: u
A,GE10,D_E,E_ITSP2,PC_ENT,NL	38.20 	36.70 	38.66 	35.19 	36.31 	36.28 	29.72 	33.81 	39.52 	40.19 
A,GE10,D_E,E_ITSP2,PC_ENT,NO	58.31 	43.42 	38.17 	43.95 	43.69 	39.73 	51.53 	30.26 	41.89 	40.53 
A,GE10,D_E,E_ITSP2,PC_ENT,PL	23.57 	18.42 	21.11 	20.30 	19.83 	24.24 	33.31 	37.17 	39.84 	35.12 
A,GE10,D_E,E_ITSP2,PC_ENT,PT	50.03 	: u	31.66 	31.24 	39.12 	33.03 	38.85 	30.89 	36.22 	42.29 
A,GE10,D_E,E_ITSP2,PC_ENT,RO	3.99 	17.57 	16.20 	17.84 	12.42 	16.13 	14.87 	18.16 	19.95 	15.31 
A,GE10,D_E,E_ITSP2,PC_ENT,RS	: 	24.14 	: 	: 	32.22 	27.53 	31.83 	22.72 	20.13 	25.20 
A,GE10,D_E,E_ITSP2,PC_ENT,SE	33.16 	35.73 	40.07 	41.11 	40.93 	40.61 	42.34 	43.16 	42.81 	44.92 b
A,GE10,D_E,E_ITSP2,PC_ENT,SI	33.11 	33.37 	33.12 	35.48 	37.42 	32.78 	41.80 	34.85 	37.07 	33.07 
A,GE10,D_E,E_ITSP2,PC_ENT,SK	29.38 	28.68 	24.68 	31.41 	33.56 	17.89 	21.07 	21.08 	21.83 	19.27 
A,GE10,D_E,E_ITSP2,PC_ENT,TR	: 	: 	: u	: 	: 	25.40 	31.03 	27.38 	36.62 	33.60 
A,GE10,D_E,E_ITSP2,PC_ENT,UK	25.31 	32.88 	21.66 	14.79 	: u	18.80 	: u	: u	: 	: 
A,GE10,D_E,E_ITSP2,PC_ENT_CUSE,AT	: u	32.62 	: u	: u	: u	: u	: u	: 	: 	: 
A,GE10,D_E,E_ITSP2,PC_ENT_CUSE,BA	: 	: 	: 	: 	: 	20.28 	17.12 	: 	: 	: 
A,GE10,D_E,E_ITSP2,PC_ENT_CUSE,BE	31.17 	30.02 	: u	: u	: u	24.57 	: u	: 	: 	: 
A,GE10,D_E,E_ITSP2,PC_ENT_CUSE,BG	20.79 	26.65 	25.46 	30.05 	34.54 	22.46 	18.76 	: 	: 	: 
A,GE10,D_E,E_ITSP2,PC_ENT_CUSE,CY	17.05 	42.90 	31.61 	36.96 	31.18 	29.69 	25.68 	: 	: 	: 
A,GE10,D_E,E_ITSP2,PC_ENT_CUSE,CZ	31.43 	27.64 	26.21 	24.58 	22.42 	29.42 	30.80 	: 	: 	: 
A,GE10,D_E,E_ITSP2,PC_ENT_CUSE,DE	25.65 	28.13 	27.23 	27.27 	32.30 	30.39 	29.79 	: 	: 	: 
A,GE10,D_E,E_ITSP2,PC_ENT_CUSE,DK	: u	42.04 	28.65 	26.26 	: u	: u	: u	: 	: 	: 
A,GE10,D_E,E_ITSP2,PC_ENT_CUSE,EA	26.07 	27.50 	26.79 	27.32 	27.64 	25.98 	26.95 	: 	: 	: 
A,GE10,D_E,E_ITSP2,PC_ENT_CUSE,EE	22.03 	19.44 	20.04 	30.01 	28.72 	21.77 	21.68 	: 	: 	: 
A,GE10,D_E,E_ITSP2,PC_ENT_CUSE,EL	38.48 	38.96 	36.14 	39.75 	32.80 	34.69 	27.53 	: 	: 	: 
A,GE10,D_E,E_ITSP2,PC_ENT_CUSE,ES	26.52 	31.40 	27.72 	32.08 	27.49 	23.36 	25.41 	: 	: 	: 
A,GE10,D_E,E_ITSP2,PC_ENT_CUSE,EU15	26.41 	28.54 	26.67 	26.13 	27.80 	26.33 	: 	: 	: 	: 
A,GE10,D_E,E_ITSP2,PC_ENT_CUSE,EU27_2007	26.16 	27.30 	26.11 	25.71 	26.68 	26.03 	: 	: 	: 	: 
A,GE10,D_E,E_ITSP2,PC_ENT_CUSE,EU27_2020	26.13 	26.69 	26.33 	26.42 	26.61 	26.30 	28.10 	: 	: 	: 
A,GE10,D_E,E_ITSP2,PC_ENT_CUSE,EU28	26.08 	27.27 	26.08 	25.57 	26.56 	26.02 	28.35 	: 	: 	: 
A,GE10,D_E,E_ITSP2,PC_ENT_CUSE,FI	34.07 	36.11 	44.01 	41.13 	32.18 	33.23 	46.81 	: 	: 	: 
A,GE10,D_E,E_ITSP2,PC_ENT_CUSE,FR	22.21 	17.06 	22.05 	18.21 	18.03 	18.42 	18.28 	: 	: 	: 
A,GE10,D_E,E_ITSP2,PC_ENT_CUSE,HR	21.18 	24.67 	24.25 	18.23 	20.59 	25.78 	29.76 	: 	: 	: 
A,GE10,D_E,E_ITSP2,PC_ENT_CUSE,HU	46.55 	39.72 	38.55 	37.68 	42.02 	42.52 	39.53 	: 	: 	: 
A,GE10,D_E,E_ITSP2,PC_ENT_CUSE,IE	37.69 	44.65 	34.55 	46.96 	47.93 	33.63 	25.79 	: 	: 	: 
A,GE10,D_E,E_ITSP2,PC_ENT_CUSE,IS	36.36 	45.93 	: 	: 	41.94 	: 	: 	: 	: 	: 
A,GE10,D_E,E_ITSP2,PC_ENT_CUSE,IT	19.81 	24.00 	21.83 	22.31 	20.93 	20.97 	23.02 	: 	: 	: 
A,GE10,D_E,E_ITSP2,PC_ENT_CUSE,LT	32.70 	31.09 	31.43 	35.13 	30.11 	29.29 	27.93 	: 	: 	: 
A,GE10,D_E,E_ITSP2,PC_ENT_CUSE,LU	: u	42.06 	51.12 	41.23 	46.22 	54.94 	44.92 	: 	: 	: 
A,GE10,D_E,E_ITSP2,PC_ENT_CUSE,LV	36.74 	29.65 	31.86 	21.01 	16.99 	18.90 	20.34 	: 	: 	: 
A,GE10,D_E,E_ITSP2,PC_ENT_CUSE,ME	: 	: 	: 	: u	41.64 	38.11 	35.96 	: 	: 	: 
A,GE10,D_E,E_ITSP2,PC_ENT_CUSE,MK	28.55 	25.85 	26.05 	25.81 	: 	: 	: 	: 	: 	: 
A,GE10,D_E,E_ITSP2,PC_ENT_CUSE,MT	: u	: u	25.00 	: u	: u	: u	: u	: 	: 	: 
A,GE10,D_E,E_ITSP2,PC_ENT_CUSE,NL	38.20 	36.70 	38.66 	35.19 	36.31 	36.28 	29.72 	: 	: 	: 
A,GE10,D_E,E_ITSP2,PC_ENT_CUSE,NO	58.31 	43.42 	38.17 	43.95 	43.69 	39.73 	51.53 	: 	: 	: 
A,GE10,D_E,E_ITSP2,PC_ENT_CUSE,PL	23.95 	18.80 	21.69 	20.50 	20.15 	24.39 	33.69 	: 	: 	: 
A,GE10,D_E,E_ITSP2,PC_ENT_CUSE,PT	50.03 	: u	31.66 	31.24 	39.12 	33.03 	39.29 	: 	: 	: 
A,GE10,D_E,E_ITSP2,PC_ENT_CUSE,RO	4.67 	18.72 	18.86 	18.51 	13.54 	18.00 	17.37 	: 	: 	: 
A,GE10,D_E,E_ITSP2,PC_ENT_CUSE,RS	: 	24.14 	: 	: 	32.22 	28.01 	31.83 	: 	: 	: 
A,GE10,D_E,E_ITSP2,PC_ENT_CUSE,SE	33.16 	35.73 	40.07 	41.11 	40.93 	40.61 	42.34 	: 	: 	: 
A,GE10,D_E,E_ITSP2,PC_ENT_CUSE,SI	33.56 	33.77 	33.12 	35.95 	37.42 	32.78 	42.60 	: 	: 	: 
A,GE10,D_E,E_ITSP2,PC_ENT_CUSE,SK	29.38 	29.41 	24.68 	31.98 	33.56 	18.25 	21.07 	: 	: 	: 
A,GE10,D_E,E_ITSP2,PC_ENT_CUSE,TR	: 	: 	: u	: 	: 	25.52 	31.24 	: 	: 	: 
A,GE10,D_E,E_ITSP2,PC_ENT_CUSE,UK	25.49 	34.12 	23.32 	16.37 	: u	22.96 	: u	: 	: 	: 
A,GE10,E,E_ITSP2,PC_ENT,AL	: 	: 	: 	: 	: 	: 	: 	: 	29.84 b	: 
A,GE10,E,E_ITSP2,PC_ENT,AT	: 	: 	: 	: 	: 	: 	: 	: 	: u	: u
A,GE10,E,E_ITSP2,PC_ENT,BA	: 	: 	: 	: 	: 	: 	: 	: 	8.94 	16.76 
A,GE10,E,E_ITSP2,PC_ENT,BE	: 	: 	: 	: 	: 	: 	: 	: 	: u	: u
A,GE10,E,E_ITSP2,PC_ENT,BG	: 	: 	: 	: 	: 	: 	: 	: 	22.08 	19.98 
A,GE10,E,E_ITSP2,PC_ENT,CY	: 	: 	: 	: 	: 	: 	: 	: 	25.39 	27.72 
A,GE10,E,E_ITSP2,PC_ENT,CZ	: 	: 	: 	: 	: 	: 	: 	: 	19.11 	17.34 
A,GE10,E,E_ITSP2,PC_ENT,DE	: 	: 	: 	: 	: 	: 	: 	: 	23.73 	24.99 
A,GE10,E,E_ITSP2,PC_ENT,DK	: 	: 	: 	: 	: 	: 	: 	: 	40.76 	26.21 
A,GE10,E,E_ITSP2,PC_ENT,EA	: 	: 	: 	: 	: 	: 	: 	: 	22.25 	21.29 
A,GE10,E,E_ITSP2,PC_ENT,EE	: 	: 	: 	: 	: 	: 	: 	: 	29.28 	21.94 
A,GE10,E,E_ITSP2,PC_ENT,EL	: 	: 	: 	: 	: 	: 	: 	: 	22.40 	25.93 
A,GE10,E,E_ITSP2,PC_ENT,ES	: 	: 	: 	: 	: 	: 	: 	: 	: u	16.06 
A,GE10,E,E_ITSP2,PC_ENT,EU27_2020	: 	: 	: 	: 	: 	: 	: 	: 	24.47 	22.53 
A,GE10,E,E_ITSP2,PC_ENT,FI	: 	: 	: 	: 	: 	: 	: 	: 	: u	: u
A,GE10,E,E_ITSP2,PC_ENT,FR	: 	: 	: 	: 	: 	: 	: 	: 	17.44 b	15.31 
A,GE10,E,E_ITSP2,PC_ENT,HR	: 	: 	: 	: 	: 	: 	: 	: 	27.30 	26.55 
A,GE10,E,E_ITSP2,PC_ENT,HU	: 	: 	: 	: 	: 	: 	: 	: 	47.41 	41.62 
A,GE10,E,E_ITSP2,PC_ENT,IE	: 	: 	: 	: 	: 	: 	: 	: 	43.48 	18.92 
A,GE10,E,E_ITSP2,PC_ENT,IT	: 	: 	: 	: 	: 	: 	: 	: 	: u	: u
A,GE10,E,E_ITSP2,PC_ENT,LT	: 	: 	: 	: 	: 	: 	: 	: 	: u	32.45 
A,GE10,E,E_ITSP2,PC_ENT,LU	: 	: 	: 	: 	: 	: 	: 	: 	: u	: u
A,GE10,E,E_ITSP2,PC_ENT,LV	: 	: 	: 	: 	: 	: 	: 	: 	27.12 	27.75 
A,GE10,E,E_ITSP2,PC_ENT,ME	: 	: 	: 	: 	: 	: 	: 	: 	42.31 	61.80 
A,GE10,E,E_ITSP2,PC_ENT,MK	: 	: 	: 	: 	: 	: 	: 	: 	: u	: 
A,GE10,E,E_ITSP2,PC_ENT,MT	: 	: 	: 	: 	: 	: 	: 	: 	35.42 	: u
A,GE10,E,E_ITSP2,PC_ENT,NL	: 	: 	: 	: 	: 	: 	: 	: 	30.24 	33.67 
A,GE10,E,E_ITSP2,PC_ENT,NO	: 	: 	: 	: 	: 	: 	: 	: 	19.27 	17.93 
A,GE10,E,E_ITSP2,PC_ENT,PL	: 	: 	: 	: 	: 	: 	: 	: 	37.57 	31.14 
A,GE10,E,E_ITSP2,PC_ENT,PT	: 	: 	: 	: 	: 	: 	: 	: 	28.14 	40.70 
A,GE10,E,E_ITSP2,PC_ENT,RO	: 	: 	: 	: 	: 	: 	: 	: 	15.36 	12.75 
A,GE10,E,E_ITSP2,PC_ENT,RS	: 	: 	: 	: 	: 	: 	: 	: 	16.28 	23.07 
A,GE10,E,E_ITSP2,PC_ENT,SE	: 	: 	: 	: 	: 	: 	: 	: 	22.11 	29.15 b
A,GE10,E,E_ITSP2,PC_ENT,SI	: 	: 	: 	: 	: 	: 	: 	: 	30.13 	27.82 
A,GE10,E,E_ITSP2,PC_ENT,SK	: 	: 	: 	: 	: 	: 	: 	: 	17.65 	18.56 
A,GE10,E,E_ITSP2,PC_ENT,TR	: 	: 	: 	: 	: 	: 	: 	: 	20.23 	15.69 
A,GE10,F,E_ITSP2,PC_ENT,AL	: 	: 	: 	: 	: 	: 	: 	: 	19.04 b	: 
A,GE10,F,E_ITSP2,PC_ENT,AT	22.79 	13.80 	9.17 	11.15 	9.55 	8.51 	7.41 	8.24 	9.03 	7.12 
A,GE10,F,E_ITSP2,PC_ENT,BA	: 	: 	: 	: 	: 	11.57 	7.99 	7.73 	: u	: u
A,GE10,F,E_ITSP2,PC_ENT,BE	11.90 	12.67 	10.93 	9.50 	14.89 	10.34 	11.32 	17.12 	15.14 	10.97 
A,GE10,F,E_ITSP2,PC_ENT,BG	10.62 	10.66 	17.19 	14.82 	9.16 	11.30 	11.17 	9.33 	5.39 	8.44 
A,GE10,F,E_ITSP2,PC_ENT,CY	10.56 	12.74 	17.49 	14.26 	17.17 	10.82 	12.44 	13.63 	12.17 	12.70 
A,GE10,F,E_ITSP2,PC_ENT,CZ	16.92 	7.96 	10.08 	8.08 	5.92 	8.50 	9.66 	7.24 	7.29 	6.94 
A,GE10,F,E_ITSP2,PC_ENT,DE	9.13 	5.53 	4.40 	6.32 	5.84 	5.64 	6.37 	4.98 	7.95 	6.96 
A,GE10,F,E_ITSP2,PC_ENT,DK	7.51 	6.18 	6.79 	9.44 	7.78 	9.55 	9.77 	8.87 	10.18 	9.55 
A,GE10,F,E_ITSP2,PC_ENT,EA	10.61 	8.61 	7.96 	8.08 	8.18 	7.48 	7.66 	7.22 	7.80 	7.35 
A,GE10,F,E_ITSP2,PC_ENT,EE	8.56 	5.78 	4.75 	5.05 	6.02 	4.59 	5.35 	6.00 	3.84 	6.04 
A,GE10,F,E_ITSP2,PC_ENT,EL	24.48 	19.98 	18.10 	16.29 	13.31 	15.90 	19.02 	: u	12.72 	15.27 
A,GE10,F,E_ITSP2,PC_ENT,ES	13.72 	16.21 	16.44 	14.08 	9.76 	9.31 	7.74 	7.48 	6.03 	4.45 
A,GE10,F,E_ITSP2,PC_ENT,EU15	11.95 	9.75 	8.85 	8.76 	8.91 	8.43 	: 	: 	: 	: 
A,GE10,F,E_ITSP2,PC_ENT,EU27_2007	11.50 	9.24 	8.78 	8.70 	8.71 	8.24 	: 	: 	: 	: 
A,GE10,F,E_ITSP2,PC_ENT,EU27_2020	10.17 	8.13 	8.03 	8.12 	8.00 	7.50 	8.22 	8.41 	8.75 	7.97 
A,GE10,F,E_ITSP2,PC_ENT,EU28	11.48 	9.23 	8.79 	8.70 	8.70 	8.24 	10.05 	: 	: 	: 
A,GE10,F,E_ITSP2,PC_ENT,FI	5.75 	10.35 	8.77 	8.98 	14.77 	12.82 	8.81 	8.67 	13.56 	15.61 
A,GE10,F,E_ITSP2,PC_ENT,FR	5.78 	4.88 	3.61 	3.59 	5.60 	5.17 	4.59 	6.87 	4.89 b	7.53 
A,GE10,F,E_ITSP2,PC_ENT,HR	8.76 	7.06 	11.75 	8.35 	7.07 	8.27 	4.63 	8.44 	2.35 	5.11 
A,GE10,F,E_ITSP2,PC_ENT,HU	22.76 	17.45 	15.85 	16.87 	20.38 	11.76 	10.51 	21.25 	15.13 	15.22 
A,GE10,F,E_ITSP2,PC_ENT,IE	27.81 	28.15 	26.82 	28.82 	27.25 	28.89 	31.94 	17.44 	21.10 	21.19 
A,GE10,F,E_ITSP2,PC_ENT,IS	12.06 	4.76 	: 	: 	5.41 	: 	: 	0.34 	: 	: 
A,GE10,F,E_ITSP2,PC_ENT,IT	7.42 	8.28 	9.93 	9.29 	9.26 	9.22 	8.94 	6.11 	6.64 	5.30 
A,GE10,F,E_ITSP2,PC_ENT,LT	12.16 	5.30 	7.26 	6.50 	10.79 	7.02 	7.36 	5.71 	4.95 	6.41 
A,GE10,F,E_ITSP2,PC_ENT,LU	16.44 	7.06 	9.94 	8.13 	14.28 	8.20 	10.57 	12.49 	8.74 	10.24 
A,GE10,F,E_ITSP2,PC_ENT,LV	12.50 	12.92 	9.61 	8.97 	4.44 	7.33 	10.11 	11.54 	9.04 	6.30 
A,GE10,F,E_ITSP2,PC_ENT,ME	: 	: 	: 	13.50 	10.43 	11.02 	7.68 	: u	26.40 	20.92 
A,GE10,F,E_ITSP2,PC_ENT,MK	14.69 	2.38 	5.00 	8.36 	: 	: 	: 	: @C	: u	: 
A,GE10,F,E_ITSP2,PC_ENT,MT	15.30 	15.60 	14.41 	13.44 	10.52 	9.09 	10.05 	9.59 	18.47 	16.14 
A,GE10,F,E_ITSP2,PC_ENT,NL	10.61 	13.87 	15.84 	17.72 	15.23 	14.03 	10.25 	11.95 	14.88 	14.90 
A,GE10,F,E_ITSP2,PC_ENT,NO	16.25 	7.50 	7.24 	6.23 	7.00 	5.76 	6.46 	5.90 	7.42 	5.40 
A,GE10,F,E_ITSP2,PC_ENT,PL	6.61 	4.54 	4.48 	5.82 	5.43 	5.89 	14.31 	14.38 	19.78 	14.30 
A,GE10,F,E_ITSP2,PC_ENT,PT	26.22 	10.15 	11.91 	8.76 	12.68 	6.71 	22.02 	10.40 	8.91 	8.19 
A,GE10,F,E_ITSP2,PC_ENT,RO	0.82 	5.91 	9.23 	7.23 	6.02 	6.18 	4.87 	14.63 	5.55 	6.27 
A,GE10,F,E_ITSP2,PC_ENT,RS	: 	11.01 	: 	: 	11.81 	16.37 	16.67 	8.40 	18.60 	17.04 
A,GE10,F,E_ITSP2,PC_ENT,SE	4.17 	4.20 	5.03 	5.27 	5.19 	6.51 	6.84 	5.81 	8.91 	5.50 b
A,GE10,F,E_ITSP2,PC_ENT,SI	4.92 	5.33 	2.73 	3.38 	4.61 	6.08 	3.46 	2.59 	3.50 	3.31 
A,GE10,F,E_ITSP2,PC_ENT,SK	18.80 	8.19 	5.55 	9.13 	12.21 	7.01 	7.33 	4.49 	6.23 	6.89 
A,GE10,F,E_ITSP2,PC_ENT,TR	: 	: 	: u	: 	: 	5.75 	6.43 	5.76 	9.66 	5.07 
A,GE10,F,E_ITSP2,PC_ENT,UK	26.27 	20.31 	16.06 	14.16 	15.31 	15.26 	27.77 	28.54 	: 	: 
A,GE10,F,E_ITSP2,PC_ENT_CUSE,AT	22.99 	13.80 	9.17 	11.15 	9.55 	8.51 	7.41 	: 	: 	: 
A,GE10,F,E_ITSP2,PC_ENT_CUSE,BA	: 	: 	: 	: 	: 	11.57 	7.99 	: 	: 	: 
A,GE10,F,E_ITSP2,PC_ENT_CUSE,BE	12.00 	12.71 	10.93 	9.50 	14.89 	10.34 	11.32 	: 	: 	: 
A,GE10,F,E_ITSP2,PC_ENT_CUSE,BG	11.77 	11.30 	17.78 	15.67 	9.33 	11.58 	11.64 	: 	: 	: 
A,GE10,F,E_ITSP2,PC_ENT_CUSE,CY	10.93 	13.24 	18.64 	14.99 	19.16 	11.75 	13.20 	: 	: 	: 
A,GE10,F,E_ITSP2,PC_ENT_CUSE,CZ	17.52 	8.09 	10.22 	8.31 	6.03 	8.66 	9.95 	: 	: 	: 
A,GE10,F,E_ITSP2,PC_ENT_CUSE,DE	9.22 	5.70 	4.49 	6.41 	5.87 	5.66 	6.37 	: 	: 	: 
A,GE10,F,E_ITSP2,PC_ENT_CUSE,DK	7.55 	6.25 	6.82 	9.44 	7.78 	9.55 	9.77 	: 	: 	: 
A,GE10,F,E_ITSP2,PC_ENT_CUSE,EA	10.76 	8.74 	8.06 	8.17 	8.25 	7.52 	7.69 	: 	: 	: 
A,GE10,F,E_ITSP2,PC_ENT_CUSE,EE	8.92 	5.91 	4.85 	5.15 	6.21 	4.59 	5.44 	: 	: 	: 
A,GE10,F,E_ITSP2,PC_ENT_CUSE,EL	25.63 	23.44 	25.11 	20.52 	17.22 	18.88 	22.17 	: 	: 	: 
A,GE10,F,E_ITSP2,PC_ENT_CUSE,ES	13.97 	16.41 	16.58 	14.20 	9.80 	9.37 	7.74 	: 	: 	: 
A,GE10,F,E_ITSP2,PC_ENT_CUSE,EU15	12.12 	9.91 	8.99 	8.86 	9.01 	8.50 	: 	: 	: 	: 
A,GE10,F,E_ITSP2,PC_ENT_CUSE,EU27_2007	11.83 	9.51 	9.00 	8.90 	8.91 	8.40 	: 	: 	: 	: 
A,GE10,F,E_ITSP2,PC_ENT_CUSE,EU27_2020	10.46 	8.36 	8.23 	8.32 	8.17 	7.63 	8.39 	: 	: 	: 
A,GE10,F,E_ITSP2,PC_ENT_CUSE,EU28	11.81 	9.49 	9.02 	8.91 	8.90 	8.40 	10.27 	: 	: 	: 
A,GE10,F,E_ITSP2,PC_ENT_CUSE,FI	5.75 	10.35 	8.77 	8.98 	14.77 	12.82 	8.81 	: 	: 	: 
A,GE10,F,E_ITSP2,PC_ENT_CUSE,FR	5.78 	4.89 	3.61 	3.59 	5.60 	5.17 	4.59 	: 	: 	: 
A,GE10,F,E_ITSP2,PC_ENT_CUSE,HR	9.17 	7.47 	13.20 	9.53 	7.56 	8.69 	4.96 	: 	: 	: 
A,GE10,F,E_ITSP2,PC_ENT_CUSE,HU	25.93 	19.02 	17.64 	18.04 	21.70 	12.68 	11.18 	: 	: 	: 
A,GE10,F,E_ITSP2,PC_ENT_CUSE,IE	29.54 	28.40 	26.82 	29.07 	27.52 	29.15 	32.75 	: 	: 	: 
A,GE10,F,E_ITSP2,PC_ENT_CUSE,IS	12.06 	4.76 	: 	: 	5.41 	: 	: 	: 	: 	: 
A,GE10,F,E_ITSP2,PC_ENT_CUSE,IT	7.57 	8.34 	9.96 	9.36 	9.31 	9.27 	8.99 	: 	: 	: 
A,GE10,F,E_ITSP2,PC_ENT_CUSE,LT	12.16 	5.30 	7.26 	6.50 	10.79 	7.02 	7.36 	: 	: 	: 
A,GE10,F,E_ITSP2,PC_ENT_CUSE,LU	16.68 	7.06 	9.97 	8.14 	14.28 	8.20 	10.57 	: 	: 	: 
A,GE10,F,E_ITSP2,PC_ENT_CUSE,LV	13.74 	13.25 	9.94 	9.06 	4.46 	7.33 	10.26 	: 	: 	: 
A,GE10,F,E_ITSP2,PC_ENT_CUSE,ME	: 	: 	: 	14.01 	11.15 	11.02 	8.22 	: 	: 	: 
A,GE10,F,E_ITSP2,PC_ENT_CUSE,MK	16.38 	2.45 	5.16 	8.36 	: 	: 	: 	: 	: 	: 
A,GE10,F,E_ITSP2,PC_ENT_CUSE,MT	16.17 	16.31 	15.43 	14.10 	10.83 	9.79 	10.52 	: 	: 	: 
A,GE10,F,E_ITSP2,PC_ENT_CUSE,NL	10.61 	13.87 	15.84 	17.72 	15.23 	14.03 	10.25 	: 	: 	: 
A,GE10,F,E_ITSP2,PC_ENT_CUSE,NO	16.35 	7.58 	7.25 	6.23 	7.06 	5.80 	6.49 	: 	: 	: 
A,GE10,F,E_ITSP2,PC_ENT_CUSE,PL	7.17 	4.95 	4.84 	6.35 	5.87 	6.35 	15.11 	: 	: 	: 
A,GE10,F,E_ITSP2,PC_ENT_CUSE,PT	27.54 	10.35 	12.06 	8.88 	13.09 	6.80 	22.02 	: 	: 	: 
A,GE10,F,E_ITSP2,PC_ENT_CUSE,RO	0.98 	6.89 	10.41 	8.35 	7.14 	7.15 	6.52 	: 	: 	: 
A,GE10,F,E_ITSP2,PC_ENT_CUSE,RS	: 	11.01 	: 	: 	11.81 	16.37 	16.67 	: 	: 	: 
A,GE10,F,E_ITSP2,PC_ENT_CUSE,SE	4.24 	4.20 	5.03 	5.27 	5.19 	6.51 	6.84 	: 	: 	: 
A,GE10,F,E_ITSP2,PC_ENT_CUSE,SI	5.32 	5.59 	2.83 	3.46 	4.79 	6.23 	3.60 	: 	: 	: 
A,GE10,F,E_ITSP2,PC_ENT_CUSE,SK	18.93 	8.37 	5.64 	9.28 	12.29 	7.21 	7.77 	: 	: 	: 
A,GE10,F,E_ITSP2,PC_ENT_CUSE,TR	: 	: 	: u	: 	: 	6.03 	6.76 	: 	: 	: 
A,GE10,F,E_ITSP2,PC_ENT_CUSE,UK	26.88 	20.93 	16.68 	14.56 	16.04 	15.80 	28.67 	: 	: 	: 
A,GE10,G,E_ITSP2,PC_ENT,AL	: 	: 	: 	: 	: 	: 	: 	: 	20.41 b	: 
A,GE10,G,E_ITSP2,PC_ENT,AT	30.28 	22.47 	29.38 	22.63 	23.91 	18.25 	19.72 	16.25 	22.79 	18.57 
A,GE10,G,E_ITSP2,PC_ENT,BA	: 	: 	: 	: 	: 	16.11 	15.04 	11.80 	10.43 	18.25 
A,GE10,G,E_ITSP2,PC_ENT,BE	31.73 	28.14 	31.00 	23.68 	26.26 	28.74 	29.86 	27.02 	33.10 	29.86 
A,GE10,G,E_ITSP2,PC_ENT,BG	14.10 	21.15 	18.84 	19.04 	18.62 	22.08 	18.94 	13.33 	13.92 	16.97 
A,GE10,G,E_ITSP2,PC_ENT,CY	27.10 	23.16 	25.82 	23.28 	25.48 	22.12 	18.86 	23.31 	21.80 	23.57 
A,GE10,G,E_ITSP2,PC_ENT,CZ	28.03 	17.77 	15.23 	14.67 	19.38 	15.56 	21.12 	17.93 	19.29 	19.57 
A,GE10,G,E_ITSP2,PC_ENT,DE	18.63 	23.45 	20.68 	24.91 	18.68 	20.54 	19.36 	19.84 	19.83 	21.33 
A,GE10,G,E_ITSP2,PC_ENT,DK	23.20 	25.95 	21.03 	23.26 	22.62 	27.15 	30.09 	26.13 	33.44 	29.91 
A,GE10,G,E_ITSP2,PC_ENT,EA	19.83 	19.77 	20.40 	21.15 	19.14 	18.99 	18.56 	18.05 	19.61 	18.23 
A,GE10,G,E_ITSP2,PC_ENT,EE	20.91 	15.88 	13.47 	14.45 	14.59 	12.40 	14.79 	14.90 	16.24 	17.98 
A,GE10,G,E_ITSP2,PC_ENT,EL	: u	: u	28.02 	32.22 	24.16 	26.47 	29.11 	: u	24.06 	19.47 
A,GE10,G,E_ITSP2,PC_ENT,ES	24.89 	24.17 	24.44 	24.47 	20.67 	16.60 	15.91 	17.21 	17.60 	14.04 
A,GE10,G,E_ITSP2,PC_ENT,EU15	21.13 	20.35 	20.47 	21.48 	19.34 	19.62 	: 	: 	: 	: 
A,GE10,G,E_ITSP2,PC_ENT,EU27_2007	20.31 	19.00 	19.08 	20.07 	18.37 	18.70 	: 	: 	: 	: 
A,GE10,G,E_ITSP2,PC_ENT,EU27_2020	19.21 	18.50 	18.94 	19.72 	18.16 	18.26 	18.86 	18.56 	20.36 	19.12 
A,GE10,G,E_ITSP2,PC_ENT,EU28	20.29 	18.98 	19.06 	20.03 	18.36 	18.69 	19.80 	: 	: 	: 
A,GE10,G,E_ITSP2,PC_ENT,FI	34.11 	26.29 	20.50 	22.44 	25.18 	19.73 	24.39 	24.47 	25.66 	26.54 
A,GE10,G,E_ITSP2,PC_ENT,FR	13.01 	12.80 	14.00 	13.36 	15.06 	15.15 	13.83 	14.53 	16.10 b	12.80 
A,GE10,G,E_ITSP2,PC_ENT,HR	17.83 	16.21 	15.16 	14.20 	16.12 	18.24 	16.65 	15.18 	17.99 	13.12 
A,GE10,G,E_ITSP2,PC_ENT,HU	31.99 	25.01 	23.49 	24.34 	26.40 	24.96 	26.91 	27.89 	26.56 	30.01 
A,GE10,G,E_ITSP2,PC_ENT,IE	26.82 	24.17 	28.95 	32.00 	26.68 	26.17 	26.63 	22.93 	29.33 	24.86 
A,GE10,G,E_ITSP2,PC_ENT,IS	34.24 	25.68 	: 	: 	22.97 	: 	: 	11.51 	: 	: 
A,GE10,G,E_ITSP2,PC_ENT,IT	12.34 	13.54 	15.60 	15.79 	15.78 	14.90 	13.83 	12.70 	12.62 	11.87 
A,GE10,G,E_ITSP2,PC_ENT,LT	23.69 	16.02 	12.75 	15.39 	16.43 	17.75 	13.94 	16.37 	18.23 	15.59 
A,GE10,G,E_ITSP2,PC_ENT,LU	32.19 	18.86 	23.56 	22.50 	22.91 	22.77 	24.16 	18.39 	21.28 	20.75 
A,GE10,G,E_ITSP2,PC_ENT,LV	24.97 	19.89 	19.09 	18.58 	14.80 	16.59 	21.02 	20.97 	18.82 	17.11 
A,GE10,G,E_ITSP2,PC_ENT,ME	: 	: 	: 	18.01 	22.90 	15.95 	20.09 	21.46 	18.84 	33.32 
A,GE10,G,E_ITSP2,PC_ENT,MK	17.86 	17.26 	14.89 	15.12 	: 	: 	: 	13.43 	16.43 	: 
A,GE10,G,E_ITSP2,PC_ENT,MT	24.10 	21.62 	22.32 	20.28 	16.27 	16.59 	22.53 	25.25 	29.11 	28.59 
A,GE10,G,E_ITSP2,PC_ENT,NL	23.85 	23.05 	25.57 	24.65 	27.67 	27.91 	26.50 	23.54 	31.42 	31.27 
A,GE10,G,E_ITSP2,PC_ENT,NO	28.82 	16.21 	15.37 	16.96 	16.58 	19.34 	18.96 	13.74 	18.95 	25.59 
A,GE10,G,E_ITSP2,PC_ENT,PL	13.62 	8.55 	9.66 	11.02 	10.15 	10.98 	21.34 	23.18 	29.20 	25.36 
A,GE10,G,E_ITSP2,PC_ENT,PT	27.32 	19.62 	23.50 	18.69 	19.29 	20.38 	25.44 	21.40 	19.41 	18.74 
A,GE10,G,E_ITSP2,PC_ENT,RO	5.16 	11.07 	12.76 	10.97 	9.51 	11.53 	10.45 	12.20 	8.00 	9.97 
A,GE10,G,E_ITSP2,PC_ENT,RS	: 	19.59 	: 	: 	20.93 	14.73 	13.85 	9.95 	16.04 	13.94 
A,GE10,G,E_ITSP2,PC_ENT,SE	21.45 	20.52 	19.75 	20.14 	17.99 	18.56 	18.23 	23.20 	26.32 	25.22 b
A,GE10,G,E_ITSP2,PC_ENT,SI	22.32 	18.48 	18.78 	19.74 	18.78 	16.65 	16.58 	18.75 	22.65 	19.67 
A,GE10,G,E_ITSP2,PC_ENT,SK	24.67 	17.01 	17.61 	16.67 	19.14 	17.77 	15.65 	15.43 	17.52 	15.19 
A,GE10,G,E_ITSP2,PC_ENT,TR	: 	: 	: u	: 	: 	13.97 	15.37 	11.92 	18.96 	13.36 
A,GE10,G,E_ITSP2,PC_ENT,UK	29.08 	22.58 	19.90 	22.31 	19.85 	22.00 	27.05 	26.96 	: 	: 
A,GE10,G,E_ITSP2,PC_ENT_CUSE,AT	30.65 	22.47 	29.38 	22.70 	23.91 	18.25 	19.72 	: 	: 	: 
A,GE10,G,E_ITSP2,PC_ENT_CUSE,BA	: 	: 	: 	: 	: 	16.11 	15.05 	: 	: 	: 
A,GE10,G,E_ITSP2,PC_ENT_CUSE,BE	32.26 	28.51 	31.04 	23.68 	26.26 	28.74 	29.86 	: 	: 	: 
A,GE10,G,E_ITSP2,PC_ENT_CUSE,BG	15.01 	22.24 	20.23 	20.04 	19.15 	22.50 	19.61 	: 	: 	: 
A,GE10,G,E_ITSP2,PC_ENT_CUSE,CY	27.25 	23.32 	26.36 	23.52 	25.76 	22.32 	19.10 	: 	: 	: 
A,GE10,G,E_ITSP2,PC_ENT_CUSE,CZ	29.08 	17.94 	15.39 	14.93 	19.84 	15.69 	21.57 	: 	: 	: 
A,GE10,G,E_ITSP2,PC_ENT_CUSE,DE	19.31 	23.59 	20.81 	24.93 	19.08 	20.78 	19.65 	: 	: 	: 
A,GE10,G,E_ITSP2,PC_ENT_CUSE,DK	23.50 	26.01 	21.05 	23.26 	22.62 	27.15 	30.09 	: 	: 	: 
A,GE10,G,E_ITSP2,PC_ENT_CUSE,EA	20.16 	19.90 	20.53 	21.24 	19.33 	19.14 	18.70 	: 	: 	: 
A,GE10,G,E_ITSP2,PC_ENT_CUSE,EE	21.33 	16.19 	13.71 	15.00 	15.12 	12.40 	14.92 	: 	: 	: 
A,GE10,G,E_ITSP2,PC_ENT_CUSE,EL	: u	: u	30.05 	34.36 	25.62 	28.56 	30.88 	: 	: 	: 
A,GE10,G,E_ITSP2,PC_ENT_CUSE,ES	25.04 	24.27 	24.51 	24.60 	20.71 	16.68 	15.99 	: 	: 	: 
A,GE10,G,E_ITSP2,PC_ENT_CUSE,EU15	21.53 	20.55 	20.72 	21.71 	19.60 	19.88 	: 	: 	: 	: 
A,GE10,G,E_ITSP2,PC_ENT_CUSE,EU27_2007	20.94 	19.38 	19.50 	20.49 	18.75 	19.06 	: 	: 	: 	: 
A,GE10,G,E_ITSP2,PC_ENT_CUSE,EU27_2020	19.80 	18.84 	19.29 	20.07 	18.49 	18.54 	19.12 	: 	: 	: 
A,GE10,G,E_ITSP2,PC_ENT_CUSE,EU28	20.92 	19.36 	19.48 	20.46 	18.74 	19.06 	20.11 	: 	: 	: 
A,GE10,G,E_ITSP2,PC_ENT_CUSE,FI	34.11 	26.29 	20.50 	22.44 	25.18 	19.73 	24.39 	: 	: 	: 
A,GE10,G,E_ITSP2,PC_ENT_CUSE,FR	13.05 	12.82 	14.03 	13.39 	15.10 	15.16 	13.84 	: 	: 	: 
A,GE10,G,E_ITSP2,PC_ENT_CUSE,HR	18.09 	16.63 	16.73 	14.95 	16.27 	18.41 	16.90 	: 	: 	: 
A,GE10,G,E_ITSP2,PC_ENT_CUSE,HU	34.22 	27.31 	25.23 	25.62 	27.46 	26.41 	28.27 	: 	: 	: 
A,GE10,G,E_ITSP2,PC_ENT_CUSE,IE	27.55 	24.47 	29.29 	32.26 	27.03 	26.52 	27.27 	: 	: 	: 
A,GE10,G,E_ITSP2,PC_ENT_CUSE,IS	34.59 	25.68 	: 	: 	22.97 	: 	: 	: 	: 	: 
A,GE10,G,E_ITSP2,PC_ENT_CUSE,IT	12.60 	13.64 	15.71 	15.85 	15.83 	14.98 	13.84 	: 	: 	: 
A,GE10,G,E_ITSP2,PC_ENT_CUSE,LT	23.69 	16.02 	12.75 	15.39 	16.43 	17.75 	13.94 	: 	: 	: 
A,GE10,G,E_ITSP2,PC_ENT_CUSE,LU	32.27 	18.95 	23.56 	22.50 	22.91 	22.77 	24.16 	: 	: 	: 
A,GE10,G,E_ITSP2,PC_ENT_CUSE,LV	26.02 	20.16 	19.28 	18.76 	14.90 	16.61 	21.16 	: 	: 	: 
A,GE10,G,E_ITSP2,PC_ENT_CUSE,ME	: 	: 	: 	18.87 	22.90 	16.21 	20.09 	: 	: 	: 
A,GE10,G,E_ITSP2,PC_ENT_CUSE,MK	18.49 	17.91 	15.90 	15.46 	: 	: 	: 	: 	: 	: 
A,GE10,G,E_ITSP2,PC_ENT_CUSE,MT	24.44 	21.78 	22.49 	20.57 	16.69 	16.81 	22.79 	: 	: 	: 
A,GE10,G,E_ITSP2,PC_ENT_CUSE,NL	23.85 	23.05 	25.57 	24.65 	27.67 	27.91 	26.50 	: 	: 	: 
A,GE10,G,E_ITSP2,PC_ENT_CUSE,NO	29.38 	16.43 	15.56 	17.27 	16.69 	19.47 	19.10 	: 	: 	: 
A,GE10,G,E_ITSP2,PC_ENT_CUSE,PL	14.29 	9.06 	10.21 	11.58 	10.53 	11.30 	21.88 	: 	: 	: 
A,GE10,G,E_ITSP2,PC_ENT_CUSE,PT	27.32 	19.62 	23.50 	18.69 	19.29 	20.38 	25.45 	: 	: 	: 
A,GE10,G,E_ITSP2,PC_ENT_CUSE,RO	6.44 	12.33 	14.22 	13.17 	10.84 	13.26 	11.37 	: 	: 	: 
A,GE10,G,E_ITSP2,PC_ENT_CUSE,RS	: 	19.59 	: 	: 	20.93 	14.82 	13.85 	: 	: 	: 
A,GE10,G,E_ITSP2,PC_ENT_CUSE,SE	21.67 	20.52 	19.75 	20.14 	17.99 	18.56 	18.23 	: 	: 	: 
A,GE10,G,E_ITSP2,PC_ENT_CUSE,SI	22.38 	18.48 	18.78 	19.74 	18.78 	16.65 	16.59 	: 	: 	: 
A,GE10,G,E_ITSP2,PC_ENT_CUSE,SK	25.07 	17.15 	18.03 	16.90 	19.59 	18.29 	16.15 	: 	: 	: 
A,GE10,G,E_ITSP2,PC_ENT_CUSE,TR	: 	: 	: u	: 	: 	14.15 	15.63 	: 	: 	: 
A,GE10,G,E_ITSP2,PC_ENT_CUSE,UK	30.08 	23.31 	20.91 	23.42 	20.65 	23.09 	27.82 	: 	: 	: 
A,GE10,G45,E_ITSP2,PC_ENT,AT	: u	: u	: u	17.22 	10.71 	21.03 	13.36 	10.70 	13.43 	11.89 
A,GE10,G45,E_ITSP2,PC_ENT,BA	: 	: 	: 	: 	: 	20.91 	21.38 	: u	: u	: u
A,GE10,G45,E_ITSP2,PC_ENT,BE	23.72 	: u	: u	9.99 	13.17 	17.22 	14.33 	: u	: u	: u
A,GE10,G45,E_ITSP2,PC_ENT,BG	19.29 	35.16 	30.07 	16.36 	21.78 	33.63 	21.50 	15.38 	16.12 	20.68 
A,GE10,G45,E_ITSP2,PC_ENT,CY	35.31 	19.34 	16.55 	19.55 	19.47 	17.69 	25.94 	30.58 	31.26 	25.67 
A,GE10,G45,E_ITSP2,PC_ENT,CZ	25.73 	17.91 	12.70 	18.38 	14.42 	15.47 	19.00 	16.98 	16.36 	13.67 
A,GE10,G45,E_ITSP2,PC_ENT,DE	10.52 	20.60 	16.06 	17.79 	14.37 	16.68 	15.22 	18.75 	15.47 	18.26 
A,GE10,G45,E_ITSP2,PC_ENT,DK	: u	8.33 	9.65 	13.80 	14.82 	25.28 	29.26 	16.06 	23.11 	15.39 
A,GE10,G45,E_ITSP2,PC_ENT,EA	15.08 	17.34 	18.40 	15.72 	14.90 	16.54 	14.65 	15.99 	16.02 	15.77 
A,GE10,G45,E_ITSP2,PC_ENT,EE	16.57 	15.05 	10.99 	14.25 	12.13 	10.75 	10.33 	8.87 	13.43 	9.86 
A,GE10,G45,E_ITSP2,PC_ENT,EL	: u	: u	29.26 	32.85 	23.24 	21.75 	21.10 	: u	26.74 	13.66 
A,GE10,G45,E_ITSP2,PC_ENT,ES	23.66 	21.70 	24.68 	20.79 	21.28 	19.15 	13.39 	19.15 	17.88 	10.77 
A,GE10,G45,E_ITSP2,PC_ENT,EU15	16.15 	17.59 	18.98 	15.66 	15.69 	17.16 	: 	: 	: 	: 
A,GE10,G45,E_ITSP2,PC_ENT,EU27_2007	16.82 	17.46 	18.26 	15.63 	15.65 	17.13 	: 	: 	: 	: 
A,GE10,G45,E_ITSP2,PC_ENT,EU27_2020	16.20 	17.33 	17.81 	15.70 	15.12 	16.78 	16.16 	17.39 	17.38 	16.43 
A,GE10,G45,E_ITSP2,PC_ENT,EU28	16.84 	17.39 	18.22 	15.59 	15.64 	17.09 	17.54 	: 	: 	: 
A,GE10,G45,E_ITSP2,PC_ENT,FI	: u	: u	: u	: u	: u	: u	: u	: u	: u	: u
A,GE10,G45,E_ITSP2,PC_ENT,FR	8.65 	9.52 	12.32 	7.57 	11.67 	14.48 	11.96 	12.85 	14.47 b	16.18 
A,GE10,G45,E_ITSP2,PC_ENT,HR	20.96 	4.97 	9.90 	9.85 	13.44 	10.95 	13.17 	11.07 	9.27 	11.01 
A,GE10,G45,E_ITSP2,PC_ENT,HU	39.90 	28.83 	27.31 	24.54 	25.74 	25.80 	27.50 	36.63 	32.63 	33.53 
A,GE10,G45,E_ITSP2,PC_ENT,IE	24.89 	29.20 	44.97 	31.60 	31.63 	33.64 	34.65 	27.83 	24.23 	19.96 
A,GE10,G45,E_ITSP2,PC_ENT,IS	25.00 	: u	: 	: 	11.19 	: 	: 	15.00 	: 	: 
A,GE10,G45,E_ITSP2,PC_ENT,IT	: u	: u	: u	: u	: u	: u	: u	: u	: u	: u
A,GE10,G45,E_ITSP2,PC_ENT,LT	24.15 	16.42 	10.72 	7.69 	16.64 	13.49 	13.99 	10.89 	9.63 	12.63 
A,GE10,G45,E_ITSP2,PC_ENT,LU	: u	: u	: u	: u	: u	: u	: u	: u	: u	: u
A,GE10,G45,E_ITSP2,PC_ENT,LV	25.79 	21.19 	13.82 	14.89 	8.59 	16.28 	13.70 	22.51 	13.45 	13.88 
A,GE10,G45,E_ITSP2,PC_ENT,ME	: 	: 	: 	: u	: u	: u	: u	: u	: @C	23.49 
A,GE10,G45,E_ITSP2,PC_ENT,MK	: u	: u	1.54 	5.89 	: 	: 	: 	: u	: u	: 
A,GE10,G45,E_ITSP2,PC_ENT,MT	13.99 	4.94 	9.77 	12.29 	16.13 	13.26 	14.04 	19.21 	33.48 	26.59 
A,GE10,G45,E_ITSP2,PC_ENT,NL	21.75 	17.88 	17.93 	21.20 	16.78 	16.16 	14.67 	12.34 	20.55 	19.09 
A,GE10,G45,E_ITSP2,PC_ENT,NO	24.60 	10.05 	14.71 	10.01 	14.43 	22.21 	15.50 	12.04 	17.28 	23.44 
A,GE10,G45,E_ITSP2,PC_ENT,PL	17.61 	10.35 	10.81 	9.14 	12.41 	10.85 	24.63 	29.04 	29.31 	21.12 
A,GE10,G45,E_ITSP2,PC_ENT,PT	: u	18.18 	: u	: u	14.76 	11.93 	: u	15.71 	18.76 	: u
A,GE10,G45,E_ITSP2,PC_ENT,RO	5.07 	16.35 	12.77 	21.37 	13.30 	19.13 	17.79 	14.61 	12.36 	10.67 
A,GE10,G45,E_ITSP2,PC_ENT,RS	: 	24.77 	: 	: 	23.46 	15.61 	20.42 	13.04 	18.00 	14.87 
A,GE10,G45,E_ITSP2,PC_ENT,SE	27.11 	26.73 	23.03 	12.80 	20.35 	16.12 	20.00 	25.55 	24.73 	19.36 b
A,GE10,G45,E_ITSP2,PC_ENT,SI	11.71 	12.69 	17.83 	11.01 	18.16 	10.98 	10.16 	13.90 	20.30 	14.30 
A,GE10,G45,E_ITSP2,PC_ENT,SK	21.28 	5.58 	19.80 	14.88 	15.00 	17.65 	12.09 	12.02 	10.30 	12.40 
A,GE10,G45,E_ITSP2,PC_ENT,TR	: 	: 	: u	: 	: 	22.26 	20.01 	15.57 	20.69 	15.77 
A,GE10,G45,E_ITSP2,PC_ENT,UK	21.84 	17.84 	21.17 	14.81 	19.45 	19.37 	: u	: u	: 	: 
A,GE10,G45,E_ITSP2,PC_ENT_CUSE,AT	: u	: u	: u	17.56 	10.71 	21.03 	13.36 	: 	: 	: 
A,GE10,G45,E_ITSP2,PC_ENT_CUSE,BA	: 	: 	: 	: 	: 	20.91 	21.38 	: 	: 	: 
A,GE10,G45,E_ITSP2,PC_ENT_CUSE,BE	23.72 	: u	: u	9.99 	13.17 	17.22 	14.33 	: 	: 	: 
A,GE10,G45,E_ITSP2,PC_ENT_CUSE,BG	20.09 	35.68 	30.07 	16.92 	22.19 	34.86 	21.50 	: 	: 	: 
A,GE10,G45,E_ITSP2,PC_ENT_CUSE,CY	37.98 	19.34 	18.11 	20.63 	20.05 	18.23 	25.94 	: 	: 	: 
A,GE10,G45,E_ITSP2,PC_ENT_CUSE,CZ	26.10 	18.28 	12.77 	18.51 	14.55 	15.66 	19.17 	: 	: 	: 
A,GE10,G45,E_ITSP2,PC_ENT_CUSE,DE	10.56 	20.60 	16.17 	17.82 	14.50 	16.76 	15.22 	: 	: 	: 
A,GE10,G45,E_ITSP2,PC_ENT_CUSE,DK	: u	8.33 	9.65 	13.80 	14.82 	25.28 	29.26 	: 	: 	: 
A,GE10,G45,E_ITSP2,PC_ENT_CUSE,EA	15.13 	17.36 	18.48 	15.76 	14.95 	16.58 	14.66 	: 	: 	: 
A,GE10,G45,E_ITSP2,PC_ENT_CUSE,EE	16.86 	15.29 	10.99 	14.56 	12.13 	10.75 	10.48 	: 	: 	: 
A,GE10,G45,E_ITSP2,PC_ENT_CUSE,EL	: u	: u	32.77 	34.72 	23.24 	22.34 	21.48 	: 	: 	: 
A,GE10,G45,E_ITSP2,PC_ENT_CUSE,ES	23.75 	21.70 	24.73 	20.79 	21.28 	19.15 	13.39 	: 	: 	: 
A,GE10,G45,E_ITSP2,PC_ENT_CUSE,EU15	16.22 	17.66 	19.08 	15.76 	15.78 	17.23 	: 	: 	: 	: 
A,GE10,G45,E_ITSP2,PC_ENT_CUSE,EU27_2007	16.97 	17.61 	18.45 	15.81 	15.76 	17.26 	: 	: 	: 	: 
A,GE10,G45,E_ITSP2,PC_ENT_CUSE,EU27_2020	16.35 	17.44 	17.99 	15.85 	15.20 	16.90 	16.26 	: 	: 	: 
A,GE10,G45,E_ITSP2,PC_ENT_CUSE,EU28	16.99 	17.54 	18.41 	15.78 	15.75 	17.24 	17.63 	: 	: 	: 
A,GE10,G45,E_ITSP2,PC_ENT_CUSE,FI	: u	: u	: u	: u	: u	: u	: u	: 	: 	: 
A,GE10,G45,E_ITSP2,PC_ENT_CUSE,FR	8.71 	9.56 	12.32 	7.57 	11.67 	14.48 	11.96 	: 	: 	: 
A,GE10,G45,E_ITSP2,PC_ENT_CUSE,HR	21.04 	4.97 	10.55 	9.85 	13.79 	11.53 	13.17 	: 	: 	: 
A,GE10,G45,E_ITSP2,PC_ENT_CUSE,HU	42.51 	30.06 	27.69 	25.28 	26.44 	26.69 	29.24 	: 	: 	: 
A,GE10,G45,E_ITSP2,PC_ENT_CUSE,IE	25.42 	29.20 	44.97 	31.60 	31.63 	33.64 	35.16 	: 	: 	: 
A,GE10,G45,E_ITSP2,PC_ENT_CUSE,IS	25.00 	: u	: 	: 	11.19 	: 	: 	: 	: 	: 
A,GE10,G45,E_ITSP2,PC_ENT_CUSE,IT	: u	: u	: u	: u	: u	: u	: u	: 	: 	: 
A,GE10,G45,E_ITSP2,PC_ENT_CUSE,LT	24.15 	16.42 	10.72 	7.69 	16.64 	13.49 	13.99 	: 	: 	: 
A,GE10,G45,E_ITSP2,PC_ENT_CUSE,LU	: u	: u	: u	: u	: u	: u	: u	: 	: 	: 
A,GE10,G45,E_ITSP2,PC_ENT_CUSE,LV	26.89 	21.63 	13.95 	14.99 	8.59 	16.39 	13.79 	: 	: 	: 
A,GE10,G45,E_ITSP2,PC_ENT_CUSE,ME	: 	: 	: 	: u	: u	: u	: u	: 	: 	: 
A,GE10,G45,E_ITSP2,PC_ENT_CUSE,MK	: u	: u	1.54 	5.89 	: 	: 	: 	: 	: 	: 
A,GE10,G45,E_ITSP2,PC_ENT_CUSE,MT	13.99 	4.94 	9.77 	12.29 	16.13 	13.26 	14.73 	: 	: 	: 
A,GE10,G45,E_ITSP2,PC_ENT_CUSE,NL	21.75 	17.88 	17.93 	21.20 	16.78 	16.16 	14.67 	: 	: 	: 
A,GE10,G45,E_ITSP2,PC_ENT_CUSE,NO	24.95 	10.20 	14.87 	10.01 	14.77 	22.43 	15.50 	: 	: 	: 
A,GE10,G45,E_ITSP2,PC_ENT_CUSE,PL	17.90 	10.60 	11.03 	9.28 	12.50 	10.98 	24.93 	: 	: 	: 
A,GE10,G45,E_ITSP2,PC_ENT_CUSE,PT	: u	18.18 	: u	: u	14.76 	11.93 	: u	: 	: 	: 
A,GE10,G45,E_ITSP2,PC_ENT_CUSE,RO	5.41 	17.42 	14.36 	24.46 	13.66 	20.48 	19.36 	: 	: 	: 
A,GE10,G45,E_ITSP2,PC_ENT_CUSE,RS	: 	24.77 	: 	: 	23.46 	15.61 	20.42 	: 	: 	: 
A,GE10,G45,E_ITSP2,PC_ENT_CUSE,SE	27.11 	26.73 	23.03 	12.80 	20.35 	16.12 	20.00 	: 	: 	: 
A,GE10,G45,E_ITSP2,PC_ENT_CUSE,SI	11.71 	12.69 	17.83 	11.01 	18.16 	10.98 	10.16 	: 	: 	: 
A,GE10,G45,E_ITSP2,PC_ENT_CUSE,SK	21.28 	5.58 	19.80 	14.97 	15.32 	17.95 	12.43 	: 	: 	: 
A,GE10,G45,E_ITSP2,PC_ENT_CUSE,TR	: 	: 	: u	: 	: 	22.26 	20.47 	: 	: 	: 
A,GE10,G45,E_ITSP2,PC_ENT_CUSE,UK	22.07 	18.28 	21.44 	15.26 	19.80 	19.73 	: u	: 	: 	: 
A,GE10,G45-S951_X_K,E_ITSP2,PC_ENT,AT	32.38 	23.76 	25.03 	25.01 	24.44 	20.71 	20.11 	19.94 	25.03 	20.33 
A,GE10,G45-S951_X_K,E_ITSP2,PC_ENT,BA	: 	: 	: 	: 	: 	20.94 	20.90 	17.79 	15.18 	22.69 
A,GE10,G45-S951_X_K,E_ITSP2,PC_ENT,BE	29.93 	28.14 	31.48 	26.88 	30.55 	30.85 	30.55 	31.36 	35.44 	30.96 
A,GE10,G45-S951_X_K,E_ITSP2,PC_ENT,BG	15.22 	24.43 	22.69 	22.48 	21.35 	23.51 	23.42 	17.50 	18.14 	20.40 
A,GE10,G45-S951_X_K,E_ITSP2,PC_ENT,CY	30.84 	28.50 	29.86 	27.71 	28.03 	25.84 	25.85 	28.99 	28.54 	32.48 
A,GE10,G45-S951_X_K,E_ITSP2,PC_ENT,CZ	30.10 	21.92 	19.56 	19.30 	21.97 	19.70 	21.12 	19.08 	21.31 	21.75 
A,GE10,G45-S951_X_K,E_ITSP2,PC_ENT,DE	21.86 	24.23 	23.23 	24.53 	19.74 	20.95 	19.77 	20.42 	24.00 	24.83 
A,GE10,G45-S951_X_K,E_ITSP2,PC_ENT,DK	30.49 	31.43 	28.61 	29.02 	27.91 	32.69 	34.76 	33.24 	40.60 	36.63 
A,GE10,G45-S951_X_K,E_ITSP2,PC_ENT,EA	22.55 	22.04 	22.74 	22.98 	21.19 	21.05 	20.38 	20.20 	22.51 	21.59 
A,GE10,G45-S951_X_K,E_ITSP2,PC_ENT,EE	21.14 	18.75 	17.49 	17.70 	17.34 	15.88 	18.26 	20.35 	21.66 	23.35 
A,GE10,G45-S951_X_K,E_ITSP2,PC_ENT,EL	36.89 	25.06 	26.78 	31.12 	20.61 	22.16 	21.59 	19.13 	21.48 	23.47 
A,GE10,G45-S951_X_K,E_ITSP2,PC_ENT,ES	26.31 	26.61 	26.45 	26.67 	23.33 	20.01 	18.71 	18.86 	19.85 	17.13 
A,GE10,G45-S951_X_K,E_ITSP2,PC_ENT,EU15	24.13 	22.74 	22.88 	23.30 	21.65 	22.11 	: 	: 	: 	: 
A,GE10,G45-S951_X_K,E_ITSP2,PC_ENT,EU27_2007	23.30 	21.80 	21.99 	22.39 	21.03 	21.50 	: 	: 	: 	: 
A,GE10,G45-S951_X_K,E_ITSP2,PC_ENT,EU27_2020	22.04 	21.26 	21.88 	22.04 	20.77 	20.79 	20.85 	20.85 	23.35 	22.37 
A,GE10,G45-S951_X_K,E_ITSP2,PC_ENT,EU28	23.31 	21.81 	22.01 	22.37 	21.05 	21.51 	21.75 	: 	: 	: 
A,GE10,G45-S951_X_K,E_ITSP2,PC_ENT,FI	: u	: u	: u	: u	: u	: u	: u	: u	: u	33.00 
A,GE10,G45-S951_X_K,E_ITSP2,PC_ENT,FR	17.13 	16.72 	18.82 	18.09 	19.39 	19.32 	19.70 	20.33 	20.19 b	17.69 
A,GE10,G45-S951_X_K,E_ITSP2,PC_ENT,HR	24.60 	23.28 	24.95 	19.30 	24.16 	23.49 	22.09 	22.11 	21.90 	19.43 
A,GE10,G45-S951_X_K,E_ITSP2,PC_ENT,HU	31.74 	28.11 	27.47 	27.31 	29.14 	28.17 	28.68 	29.57 	32.10 	32.01 
A,GE10,G45-S951_X_K,E_ITSP2,PC_ENT,IE	31.87 	26.88 	30.23 	34.62 	31.92 	31.75 	30.87 	30.98 	30.59 	30.56 
A,GE10,G45-S951_X_K,E_ITSP2,PC_ENT,IS	33.41 	28.99 	: 	: 	21.53 	: 	: 	15.06 	: 	: 
A,GE10,G45-S951_X_K,E_ITSP2,PC_ENT,IT	14.74 	15.32 	17.33 	17.10 	17.33 	17.12 	15.84 	13.38 	14.13 	13.29 
A,GE10,G45-S951_X_K,E_ITSP2,PC_ENT,LT	23.94 	17.73 	16.11 	17.28 	20.66 	18.75 	16.55 	18.18 	20.05 	18.25 
A,GE10,G45-S951_X_K,E_ITSP2,PC_ENT,LU	36.68 	23.84 	28.85 	27.97 	26.88 	27.71 	28.48 	25.08 	27.84 	27.62 
A,GE10,G45-S951_X_K,E_ITSP2,PC_ENT,LV	25.31 	22.67 	21.40 	20.17 	15.84 	17.93 	23.06 	22.69 	21.17 	20.89 
A,GE10,G45-S951_X_K,E_ITSP2,PC_ENT,ME	: 	: 	: 	18.23 	19.51 	21.07 	25.57 	28.85 	28.46 	35.40 
A,GE10,G45-S951_X_K,E_ITSP2,PC_ENT,MK	19.04 	18.21 	15.22 	17.43 	: 	: 	: 	14.63 	15.05 	: 
A,GE10,G45-S951_X_K,E_ITSP2,PC_ENT,MT	28.92 	28.07 	29.13 	28.84 	25.95 	25.86 	29.21 	30.73 	35.63 	36.51 
A,GE10,G45-S951_X_K,E_ITSP2,PC_ENT,NL	26.89 	27.60 	28.31 	26.40 	27.92 	28.97 	27.65 	25.67 	32.66 	31.39 
A,GE10,G45-S951_X_K,E_ITSP2,PC_ENT,NO	33.84 	21.99 	21.82 	21.90 	20.63 	21.24 	21.81 	19.16 	22.89 	25.47 
A,GE10,G45-S951_X_K,E_ITSP2,PC_ENT,PL	16.62 	10.98 	13.10 	13.73 	13.77 	14.81 	25.01 	26.36 	32.78 	28.67 
A,GE10,G45-S951_X_K,E_ITSP2,PC_ENT,PT	30.12 	22.06 	24.38 	23.34 	21.67 	22.15 	23.22 	22.67 	22.64 	24.21 
A,GE10,G45-S951_X_K,E_ITSP2,PC_ENT,RO	5.11 	13.97 	15.07 	13.03 	11.29 	13.91 	12.29 	15.76 	13.80 	16.26 
A,GE10,G45-S951_X_K,E_ITSP2,PC_ENT,RS	: 	26.81 	: 	: 	25.85 	22.00 	20.57 	22.10 	28.40 	29.43 
A,GE10,G45-S951_X_K,E_ITSP2,PC_ENT,SE	25.61 	23.55 	22.26 	20.68 	24.15 	22.47 	20.54 	24.47 	26.56 	24.95 b
A,GE10,G45-S951_X_K,E_ITSP2,PC_ENT,SI	25.27 	23.33 	24.02 	24.55 	22.77 	23.55 	20.61 	20.21 	23.91 	22.44 
A,GE10,G45-S951_X_K,E_ITSP2,PC_ENT,SK	27.08 	19.08 	21.12 	20.93 	20.34 	18.87 	17.81 	17.95 	19.03 	18.84 
A,GE10,G45-S951_X_K,E_ITSP2,PC_ENT,TR	: 	: 	: u	: 	: 	14.38 	15.79 	12.82 	20.31 	15.05 
A,GE10,G45-S951_X_K,E_ITSP2,PC_ENT,UK	31.00 	24.85 	22.67 	24.21 	22.62 	25.57 	26.83 	28.54 	: 	: 
A,GE10,G45-S951_X_K,E_ITSP2,PC_ENT_CUSE,AT	32.75 	24.02 	25.23 	25.16 	24.46 	20.71 	20.11 	: 	: 	: 
A,GE10,G45-S951_X_K,E_ITSP2,PC_ENT_CUSE,BA	: 	: 	: 	: 	: 	20.96 	20.91 	: 	: 	: 
A,GE10,G45-S951_X_K,E_ITSP2,PC_ENT_CUSE,BE	30.69 	28.81 	31.50 	26.88 	30.55 	30.85 	30.55 	: 	: 	: 
A,GE10,G45-S951_X_K,E_ITSP2,PC_ENT_CUSE,BG	16.67 	25.95 	24.44 	23.98 	22.11 	24.18 	24.40 	: 	: 	: 
A,GE10,G45-S951_X_K,E_ITSP2,PC_ENT_CUSE,CY	31.78 	29.31 	30.98 	28.35 	28.50 	26.51 	26.25 	: 	: 	: 
A,GE10,G45-S951_X_K,E_ITSP2,PC_ENT_CUSE,CZ	31.21 	22.32 	19.98 	19.61 	22.51 	20.07 	21.67 	: 	: 	: 
A,GE10,G45-S951_X_K,E_ITSP2,PC_ENT_CUSE,DE	22.51 	24.47 	23.51 	24.89 	20.27 	21.20 	19.99 	: 	: 	: 
A,GE10,G45-S951_X_K,E_ITSP2,PC_ENT_CUSE,DK	30.91 	31.66 	28.74 	29.02 	27.91 	32.69 	34.76 	: 	: 	: 
A,GE10,G45-S951_X_K,E_ITSP2,PC_ENT_CUSE,EA	23.08 	22.36 	23.07 	23.26 	21.54 	21.37 	20.68 	: 	: 	: 
A,GE10,G45-S951_X_K,E_ITSP2,PC_ENT_CUSE,EE	21.78 	19.39 	18.00 	18.49 	18.16 	15.90 	18.40 	: 	: 	: 
A,GE10,G45-S951_X_K,E_ITSP2,PC_ENT_CUSE,EL	40.11 	28.14 	29.85 	35.00 	23.49 	25.95 	25.73 	: 	: 	: 
A,GE10,G45-S951_X_K,E_ITSP2,PC_ENT_CUSE,ES	27.12 	26.95 	26.77 	27.01 	23.43 	20.23 	18.96 	: 	: 	: 
A,GE10,G45-S951_X_K,E_ITSP2,PC_ENT_CUSE,EU15	24.82 	23.22 	23.29 	23.73 	22.18 	22.65 	: 	: 	: 	: 
A,GE10,G45-S951_X_K,E_ITSP2,PC_ENT_CUSE,EU27_2007	24.17 	22.42 	22.55 	22.98 	21.65 	22.11 	: 	: 	: 	: 
A,GE10,G45-S951_X_K,E_ITSP2,PC_ENT_CUSE,EU27_2020	22.80 	21.77 	22.39 	22.52 	21.26 	21.23 	21.30 	: 	: 	: 
A,GE10,G45-S951_X_K,E_ITSP2,PC_ENT_CUSE,EU28	24.18 	22.43 	22.57 	22.96 	21.67 	22.12 	22.31 	: 	: 	: 
A,GE10,G45-S951_X_K,E_ITSP2,PC_ENT_CUSE,FI	: u	: u	: u	: u	: u	: u	: u	: 	: 	: 
A,GE10,G45-S951_X_K,E_ITSP2,PC_ENT_CUSE,FR	17.24 	16.80 	18.88 	18.13 	19.45 	19.35 	19.72 	: 	: 	: 
A,GE10,G45-S951_X_K,E_ITSP2,PC_ENT_CUSE,HR	25.16 	24.12 	27.41 	20.73 	24.90 	23.86 	22.34 	: 	: 	: 
A,GE10,G45-S951_X_K,E_ITSP2,PC_ENT_CUSE,HU	34.58 	31.30 	29.70 	29.22 	30.78 	30.29 	30.51 	: 	: 	: 
A,GE10,G45-S951_X_K,E_ITSP2,PC_ENT_CUSE,IE	33.74 	27.35 	31.07 	35.03 	32.27 	32.80 	32.02 	: 	: 	: 
A,GE10,G45-S951_X_K,E_ITSP2,PC_ENT_CUSE,IS	33.77 	28.99 	: 	: 	21.53 	: 	: 	: 	: 	: 
A,GE10,G45-S951_X_K,E_ITSP2,PC_ENT_CUSE,IT	15.26 	15.71 	17.79 	17.27 	17.63 	17.56 	16.08 	: 	: 	: 
A,GE10,G45-S951_X_K,E_ITSP2,PC_ENT_CUSE,LT	24.05 	17.73 	16.11 	17.28 	20.66 	18.75 	16.55 	: 	: 	: 
A,GE10,G45-S951_X_K,E_ITSP2,PC_ENT_CUSE,LU	36.91 	23.91 	28.85 	27.97 	26.88 	27.71 	28.48 	: 	: 	: 
A,GE10,G45-S951_X_K,E_ITSP2,PC_ENT_CUSE,LV	26.36 	23.09 	21.77 	20.45 	16.06 	17.96 	23.22 	: 	: 	: 
A,GE10,G45-S951_X_K,E_ITSP2,PC_ENT_CUSE,ME	: 	: 	: 	19.26 	19.51 	21.53 	25.57 	: 	: 	: 
A,GE10,G45-S951_X_K,E_ITSP2,PC_ENT_CUSE,MK	20.03 	19.17 	16.03 	18.39 	: 	: 	: 	: 	: 	: 
A,GE10,G45-S951_X_K,E_ITSP2,PC_ENT_CUSE,MT	29.76 	28.70 	29.70 	29.73 	26.86 	26.63 	29.95 	: 	: 	: 
A,GE10,G45-S951_X_K,E_ITSP2,PC_ENT_CUSE,NL	26.89 	27.60 	28.31 	26.40 	27.92 	28.97 	27.65 	: 	: 	: 
A,GE10,G45-S951_X_K,E_ITSP2,PC_ENT_CUSE,NO	34.66 	22.43 	22.23 	22.35 	20.88 	21.46 	22.23 	: 	: 	: 
A,GE10,G45-S951_X_K,E_ITSP2,PC_ENT_CUSE,PL	17.45 	11.61 	13.86 	14.45 	14.35 	15.30 	25.73 	: 	: 	: 
A,GE10,G45-S951_X_K,E_ITSP2,PC_ENT_CUSE,PT	30.55 	22.28 	24.61 	23.52 	21.82 	22.28 	23.46 	: 	: 	: 
A,GE10,G45-S951_X_K,E_ITSP2,PC_ENT_CUSE,RO	6.30 	15.79 	16.80 	15.37 	13.22 	15.91 	14.39 	: 	: 	: 
A,GE10,G45-S951_X_K,E_ITSP2,PC_ENT_CUSE,RS	: 	26.81 	: 	: 	25.85 	22.07 	20.57 	: 	: 	: 
A,GE10,G45-S951_X_K,E_ITSP2,PC_ENT_CUSE,SE	26.13 	23.55 	22.26 	20.68 	24.15 	22.47 	20.54 	: 	: 	: 
A,GE10,G45-S951_X_K,E_ITSP2,PC_ENT_CUSE,SI	25.36 	23.51 	24.14 	24.63 	22.91 	23.73 	20.70 	: 	: 	: 
A,GE10,G45-S951_X_K,E_ITSP2,PC_ENT_CUSE,SK	27.70 	19.50 	21.73 	21.57 	20.87 	19.46 	18.49 	: 	: 	: 
A,GE10,G45-S951_X_K,E_ITSP2,PC_ENT_CUSE,TR	: 	: 	: u	: 	: 	14.73 	16.27 	: 	: 	: 
A,GE10,G45-S951_X_K,E_ITSP2,PC_ENT_CUSE,UK	32.65 	26.16 	23.53 	25.46 	24.05 	27.34 	28.22 	: 	: 	: 
A,GE10,G46,E_ITSP2,PC_ENT,AT	: u	: u	: u	36.28 	38.24 	25.23 	31.15 	28.79 	40.06 	29.46 
A,GE10,G46,E_ITSP2,PC_ENT,BA	: 	: 	: 	: 	: 	19.64 	14.30 	13.52 	11.09 	23.57 
A,GE10,G46,E_ITSP2,PC_ENT,BE	40.93 	38.00 	40.99 	35.03 	36.68 	41.27 	45.85 	37.26 	42.11 	40.31 
A,GE10,G46,E_ITSP2,PC_ENT,BG	17.08 	20.12 	21.94 	20.53 	22.00 	22.77 	23.63 	15.85 	18.00 	20.75 
A,GE10,G46,E_ITSP2,PC_ENT,CY	26.99 	26.43 	30.02 	27.16 	28.79 	25.94 	26.41 	26.17 	23.49 	25.66 
A,GE10,G46,E_ITSP2,PC_ENT,CZ	35.00 	20.36 	19.32 	16.41 	22.34 	17.02 	22.75 	20.85 	21.48 	23.77 
A,GE10,G46,E_ITSP2,PC_ENT,DE	30.68 	32.74 	32.74 	31.54 	32.16 	33.80 	29.61 	30.96 	30.11 	34.36 
A,GE10,G46,E_ITSP2,PC_ENT,DK	32.37 	34.74 	29.20 	31.55 	29.21 	33.49 	35.69 	30.95 	40.86 	37.36 
A,GE10,G46,E_ITSP2,PC_ENT,EA	27.83 	26.44 	27.68 	27.33 	26.99 	25.99 	25.25 	25.18 	27.45 	26.14 
A,GE10,G46,E_ITSP2,PC_ENT,EE	23.95 	19.28 	14.62 	15.06 	16.16 	14.43 	14.54 	15.09 	20.24 	21.22 
A,GE10,G46,E_ITSP2,PC_ENT,EL	37.31 	25.90 	29.71 	36.39 	28.90 	28.93 	28.14 	: u	30.77 	26.88 
A,GE10,G46,E_ITSP2,PC_ENT,ES	26.67 	25.38 	25.80 	26.12 	22.34 	17.35 	19.12 	18.76 	20.66 	17.66 
A,GE10,G46,E_ITSP2,PC_ENT,EU15	28.79 	26.90 	27.66 	27.93 	26.93 	26.59 	: 	: 	: 	: 
A,GE10,G46,E_ITSP2,PC_ENT,EU27_2007	27.10 	24.68 	25.51 	25.76 	25.00 	24.65 	: 	: 	: 	: 
A,GE10,G46,E_ITSP2,PC_ENT,EU27_2020	26.21 	24.30 	25.43 	25.20 	24.99 	24.28 	24.92 	24.95 	27.50 	26.37 
A,GE10,G46,E_ITSP2,PC_ENT,EU28	27.02 	24.64 	25.46 	25.68 	24.97 	24.63 	25.65 	: 	: 	: 
A,GE10,G46,E_ITSP2,PC_ENT,FI	: u	: u	: u	: u	: u	: u	: u	: u	: u	: u
A,GE10,G46,E_ITSP2,PC_ENT,FR	21.66 	21.16 	22.03 	20.25 	23.94 	21.33 	20.97 	23.71 	27.70 b	21.61 
A,GE10,G46,E_ITSP2,PC_ENT,HR	18.79 	19.97 	18.71 	14.97 	19.67 	22.80 	20.98 	17.32 	18.67 	13.99 
A,GE10,G46,E_ITSP2,PC_ENT,HU	37.26 	31.48 	30.52 	32.75 	33.28 	30.70 	34.36 	33.21 	33.78 	33.01 
A,GE10,G46,E_ITSP2,PC_ENT,IE	38.30 	35.83 	39.60 	44.43 	35.61 	38.25 	37.26 	38.29 	43.75 	35.01 
A,GE10,G46,E_ITSP2,PC_ENT,IS	37.21 	24.56 	: 	: 	34.21 	: 	: 	8.14 	: 	: 
A,GE10,G46,E_ITSP2,PC_ENT,IT	: u	: u	: u	: u	: u	: u	: u	: u	: u	: u
A,GE10,G46,E_ITSP2,PC_ENT,LT	32.09 	19.34 	15.79 	20.13 	15.56 	21.71 	15.19 	21.22 	22.52 	18.31 
A,GE10,G46,E_ITSP2,PC_ENT,LU	: u	: u	: u	: u	: u	: u	: u	: u	: u	: u
A,GE10,G46,E_ITSP2,PC_ENT,LV	30.50 	26.99 	29.57 	28.89 	23.83 	22.01 	26.85 	25.28 	22.14 	18.82 
A,GE10,G46,E_ITSP2,PC_ENT,ME	: 	: 	: 	15.32 	22.43 	18.62 	20.57 	26.75 	24.59 	31.16 
A,GE10,G46,E_ITSP2,PC_ENT,MK	23.40 	33.75 	29.94 	27.52 	: 	: 	: 	21.27 	: u	: 
A,GE10,G46,E_ITSP2,PC_ENT,MT	27.04 	23.22 	24.11 	24.47 	19.77 	17.67 	25.38 	28.48 	30.88 	29.93 
A,GE10,G46,E_ITSP2,PC_ENT,NL	34.29 	31.69 	33.98 	30.83 	33.18 	34.03 	31.48 	29.68 	36.01 	34.51 
A,GE10,G46,E_ITSP2,PC_ENT,NO	47.01 	29.35 	29.10 	34.18 	32.05 	30.46 	30.98 	22.44 	35.46 	29.91 
A,GE10,G46,E_ITSP2,PC_ENT,PL	17.27 	10.61 	12.89 	14.80 	12.95 	13.98 	23.76 	28.48 	34.22 	30.35 
A,GE10,G46,E_ITSP2,PC_ENT,PT	30.83 	26.21 	24.35 	22.12 	23.45 	23.93 	32.65 	24.70 	30.00 	23.79 
A,GE10,G46,E_ITSP2,PC_ENT,RO	4.11 	14.27 	17.29 	11.18 	12.77 	11.81 	13.84 	9.75 	10.62 	10.29 
A,GE10,G46,E_ITSP2,PC_ENT,RS	: 	23.92 	: 	: 	15.79 	13.10 	10.98 	8.99 	18.67 	11.55 
A,GE10,G46,E_ITSP2,PC_ENT,SE	27.06 	26.72 	23.26 	25.72 	22.73 	25.83 	25.71 	33.28 	33.31 	37.55 b
A,GE10,G46,E_ITSP2,PC_ENT,SI	25.72 	21.34 	17.61 	21.06 	18.36 	19.22 	19.22 	20.01 	21.86 	21.06 
A,GE10,G46,E_ITSP2,PC_ENT,SK	24.72 	19.90 	18.15 	19.73 	21.70 	20.61 	15.38 	18.46 	22.91 	18.29 
A,GE10,G46,E_ITSP2,PC_ENT,TR	: 	: 	: u	: 	: 	14.46 	16.74 	13.65 	19.95 	14.69 
A,GE10,G46,E_ITSP2,PC_ENT,UK	33.82 	27.41 	25.66 	29.51 	24.81 	27.44 	31.54 	35.69 	: 	: 
A,GE10,G46,E_ITSP2,PC_ENT_CUSE,AT	: u	: u	: u	36.28 	38.24 	25.23 	31.15 	: 	: 	: 
A,GE10,G46,E_ITSP2,PC_ENT_CUSE,BA	: 	: 	: 	: 	: 	19.64 	14.30 	: 	: 	: 
A,GE10,G46,E_ITSP2,PC_ENT_CUSE,BE	41.79 	38.05 	40.99 	35.03 	36.68 	41.27 	45.85 	: 	: 	: 
A,GE10,G46,E_ITSP2,PC_ENT_CUSE,BG	17.39 	20.75 	22.92 	21.29 	22.36 	22.85 	23.89 	: 	: 	: 
A,GE10,G46,E_ITSP2,PC_ENT_CUSE,CY	26.99 	26.55 	30.02 	27.16 	28.91 	26.05 	26.69 	: 	: 	: 
A,GE10,G46,E_ITSP2,PC_ENT_CUSE,CZ	35.55 	20.36 	19.32 	16.58 	22.66 	17.20 	22.92 	: 	: 	: 
A,GE10,G46,E_ITSP2,PC_ENT_CUSE,DE	31.74 	33.18 	32.74 	31.57 	32.54 	33.98 	30.06 	: 	: 	: 
A,GE10,G46,E_ITSP2,PC_ENT_CUSE,DK	32.66 	34.78 	29.27 	31.55 	29.21 	33.49 	35.69 	: 	: 	: 
A,GE10,G46,E_ITSP2,PC_ENT_CUSE,EA	28.11 	26.61 	27.74 	27.39 	27.11 	26.08 	25.40 	: 	: 	: 
A,GE10,G46,E_ITSP2,PC_ENT_CUSE,EE	24.03 	19.47 	14.90 	15.23 	16.43 	14.43 	14.58 	: 	: 	: 
A,GE10,G46,E_ITSP2,PC_ENT_CUSE,EL	38.23 	27.04 	30.96 	37.38 	29.79 	30.08 	29.06 	: 	: 	: 
A,GE10,G46,E_ITSP2,PC_ENT_CUSE,ES	26.79 	25.50 	25.80 	26.24 	22.34 	17.40 	19.16 	: 	: 	: 
A,GE10,G46,E_ITSP2,PC_ENT_CUSE,EU15	29.11 	27.06 	27.77 	28.05 	27.13 	26.77 	: 	: 	: 	: 
A,GE10,G46,E_ITSP2,PC_ENT_CUSE,EU27_2007	27.51 	24.97 	25.74 	26.02 	25.28 	24.90 	: 	: 	: 	: 
A,GE10,G46,E_ITSP2,PC_ENT_CUSE,EU27_2020	26.59 	24.60 	25.66 	25.44 	25.21 	24.48 	25.25 	: 	: 	: 
A,GE10,G46,E_ITSP2,PC_ENT_CUSE,EU28	27.43 	24.94 	25.70 	25.95 	25.24 	24.88 	26.01 	: 	: 	: 
A,GE10,G46,E_ITSP2,PC_ENT_CUSE,FI	: u	: u	: u	: u	: u	: u	: u	: 	: 	: 
A,GE10,G46,E_ITSP2,PC_ENT_CUSE,FR	21.66 	21.16 	22.03 	20.25 	23.94 	21.33 	21.01 	: 	: 	: 
A,GE10,G46,E_ITSP2,PC_ENT_CUSE,HR	18.87 	20.27 	20.08 	16.09 	19.67 	22.96 	21.58 	: 	: 	: 
A,GE10,G46,E_ITSP2,PC_ENT_CUSE,HU	39.14 	32.98 	31.26 	33.38 	33.63 	31.32 	35.09 	: 	: 	: 
A,GE10,G46,E_ITSP2,PC_ENT_CUSE,IE	38.43 	35.88 	39.96 	44.85 	36.00 	38.54 	37.66 	: 	: 	: 
A,GE10,G46,E_ITSP2,PC_ENT_CUSE,IS	37.21 	24.56 	: 	: 	34.21 	: 	: 	: 	: 	: 
A,GE10,G46,E_ITSP2,PC_ENT_CUSE,IT	: u	: u	: u	: u	: u	: u	: u	: 	: 	: 
A,GE10,G46,E_ITSP2,PC_ENT_CUSE,LT	32.09 	19.34 	15.79 	20.13 	15.56 	21.71 	15.19 	: 	: 	: 
A,GE10,G46,E_ITSP2,PC_ENT_CUSE,LU	: u	: u	: u	: u	: u	: u	: u	: 	: 	: 
A,GE10,G46,E_ITSP2,PC_ENT_CUSE,LV	31.09 	27.26 	29.70 	28.89 	23.83 	22.01 	26.85 	: 	: 	: 
A,GE10,G46,E_ITSP2,PC_ENT_CUSE,ME	: 	: 	: 	15.32 	22.43 	18.62 	20.57 	: 	: 	: 
A,GE10,G46,E_ITSP2,PC_ENT_CUSE,MK	23.85 	33.75 	29.94 	28.00 	: 	: 	: 	: 	: 	: 
A,GE10,G46,E_ITSP2,PC_ENT_CUSE,MT	27.33 	23.32 	24.36 	24.59 	19.87 	17.67 	25.38 	: 	: 	: 
A,GE10,G46,E_ITSP2,PC_ENT_CUSE,NL	34.29 	31.69 	33.98 	30.83 	33.18 	34.03 	31.48 	: 	: 	: 
A,GE10,G46,E_ITSP2,PC_ENT_CUSE,NO	47.36 	29.79 	29.26 	34.18 	32.05 	30.63 	31.15 	: 	: 	: 
A,GE10,G46,E_ITSP2,PC_ENT_CUSE,PL	17.71 	10.95 	13.29 	15.11 	13.14 	14.31 	23.96 	: 	: 	: 
A,GE10,G46,E_ITSP2,PC_ENT_CUSE,PT	30.83 	26.21 	24.35 	22.12 	23.45 	23.93 	32.66 	: 	: 	: 
A,GE10,G46,E_ITSP2,PC_ENT_CUSE,RO	4.45 	15.43 	18.50 	12.42 	13.97 	12.72 	16.54 	: 	: 	: 
A,GE10,G46,E_ITSP2,PC_ENT_CUSE,RS	: 	23.92 	: 	: 	15.79 	13.23 	10.98 	: 	: 	: 
A,GE10,G46,E_ITSP2,PC_ENT_CUSE,SE	27.06 	26.72 	23.26 	25.72 	22.73 	25.83 	25.71 	: 	: 	: 
A,GE10,G46,E_ITSP2,PC_ENT_CUSE,SI	25.85 	21.34 	17.61 	21.06 	18.36 	19.22 	19.22 	: 	: 	: 
A,GE10,G46,E_ITSP2,PC_ENT_CUSE,SK	24.90 	19.90 	18.25 	19.85 	21.82 	20.79 	15.83 	: 	: 	: 
A,GE10,G46,E_ITSP2,PC_ENT_CUSE,TR	: 	: 	: u	: 	: 	14.61 	16.85 	: 	: 	: 
A,GE10,G46,E_ITSP2,PC_ENT_CUSE,UK	34.44 	27.62 	26.02 	30.02 	25.50 	28.16 	32.26 	: 	: 	: 
A,GE10,G47,E_ITSP2,PC_ENT,AT	: u	: u	19.13 	13.10 	16.56 	11.40 	12.34 	7.55 	11.33 	11.81 
A,GE10,G47,E_ITSP2,PC_ENT,BA	: 	: 	: 	: 	: 	11.80 	14.74 	10.93 	8.96 	13.12 
A,GE10,G47,E_ITSP2,PC_ENT,BE	23.72 	15.90 	18.82 	15.50 	18.99 	17.40 	16.63 	14.93 	23.41 	17.00 
A,GE10,G47,E_ITSP2,PC_ENT,BG	10.22 	19.44 	14.13 	18.26 	15.22 	19.39 	14.70 	10.86 	10.09 	13.17 
A,GE10,G47,E_ITSP2,PC_ENT,CY	25.82 	19.69 	22.23 	19.34 	22.69 	18.43 	9.78 	18.96 	17.57 	20.72 
A,GE10,G47,E_ITSP2,PC_ENT,CZ	18.67 	13.21 	9.30 	10.48 	16.65 	13.30 	19.49 	13.95 	16.88 	15.37 
A,GE10,G47,E_ITSP2,PC_ENT,DE	10.96 	16.06 	11.63 	: u	10.77 	12.73 	13.71 	12.53 	14.33 	13.43 
A,GE10,G47,E_ITSP2,PC_ENT,DK	14.00 	19.15 	12.18 	13.05 	14.51 	16.61 	20.34 	22.17 	25.12 	23.21 
A,GE10,G47,E_ITSP2,PC_ENT,EA	12.77 	13.18 	12.97 	16.78 	12.81 	12.90 	13.21 	11.67 	13.34 	11.59 
A,GE10,G47,E_ITSP2,PC_ENT,EE	19.07 	12.13 	13.13 	13.84 	13.90 	10.89 	17.10 	17.49 	13.26 	18.06 
A,GE10,G47,E_ITSP2,PC_ENT,EL	29.58 	21.42 	23.81 	22.63 	17.10 	24.05 	31.91 	: u	16.03 	9.42 
A,GE10,G47,E_ITSP2,PC_ENT,ES	22.10 	23.13 	21.63 	23.06 	17.01 	13.88 	10.85 	13.17 	12.06 	9.13 
A,GE10,G47,E_ITSP2,PC_ENT,EU15	14.60 	14.14 	13.11 	17.02 	13.09 	13.59 	: 	: 	: 	: 
A,GE10,G47,E_ITSP2,PC_ENT,EU27_2007	14.20 	13.31 	12.38 	15.77 	12.65 	13.28 	: 	: 	: 	: 
A,GE10,G47,E_ITSP2,PC_ENT,EU27_2020	12.62 	12.46 	12.15 	15.45 	12.29 	12.68 	13.59 	12.47 	14.26 	12.92 
A,GE10,G47,E_ITSP2,PC_ENT,EU28	14.20 	13.32 	12.38 	15.76 	12.65 	13.29 	14.66 	: 	: 	: 
A,GE10,G47,E_ITSP2,PC_ENT,FI	: u	: u	8.04 	16.24 	16.25 	9.94 	15.00 	14.24 	16.74 	14.47 
A,GE10,G47,E_ITSP2,PC_ENT,FR	7.25 	6.77 	7.68 	9.50 	8.93 	10.20 	8.17 	7.38 	8.27 b	6.41 
A,GE10,G47,E_ITSP2,PC_ENT,HR	15.45 	14.89 	12.34 	14.76 	12.70 	14.55 	11.52 	13.78 	20.32 	12.41 
A,GE10,G47,E_ITSP2,PC_ENT,HU	24.72 	18.02 	16.23 	16.79 	20.45 	19.69 	20.28 	20.59 	18.02 	26.08 
A,GE10,G47,E_ITSP2,PC_ENT,IE	21.12 	16.99 	20.33 	25.40 	20.76 	17.99 	19.12 	13.39 	21.55 	20.30 
A,GE10,G47,E_ITSP2,PC_ENT,IS	33.88 	30.47 	: 	: 	18.08 	: 	: 	: 	: 	: 
A,GE10,G47,E_ITSP2,PC_ENT,IT	: u	: u	8.81 	8.76 	11.16 	8.67 	9.02 	7.86 	8.81 	5.16 
A,GE10,G47,E_ITSP2,PC_ENT,LT	14.58 	11.83 	10.17 	13.77 	17.44 	14.91 	12.24 	13.07 	16.90 	13.51 
A,GE10,G47,E_ITSP2,PC_ENT,LU	: u	: u	: u	: u	: u	: u	16.11 	16.72 	14.81 	14.21 
A,GE10,G47,E_ITSP2,PC_ENT,LV	20.82 	14.06 	12.43 	11.25 	8.87 	11.78 	17.80 	16.16 	17.06 	16.36 
A,GE10,G47,E_ITSP2,PC_ENT,ME	: 	: 	: 	18.01 	23.25 	11.97 	19.71 	16.24 	14.33 	37.00 
A,GE10,G47,E_ITSP2,PC_ENT,MK	14.95 	5.29 	5.43 	7.22 	: 	: 	: 	: @C	: u	: 
A,GE10,G47,E_ITSP2,PC_ENT,MT	21.60 	21.54 	21.80 	16.87 	12.68 	15.80 	20.40 	22.72 	27.06 	27.17 
A,GE10,G47,E_ITSP2,PC_ENT,NL	9.63 	12.03 	15.31 	15.90 	22.57 	22.06 	22.50 	17.26 	27.45 	29.75 
A,GE10,G47,E_ITSP2,PC_ENT,NO	19.58 	10.12 	7.61 	9.57 	8.63 	12.26 	13.18 	9.39 	10.71 	23.91 
A,GE10,G47,E_ITSP2,PC_ENT,PL	8.86 	6.01 	6.12 	7.53 	6.80 	7.96 	18.04 	16.14 	23.70 	20.92 
A,GE10,G47,E_ITSP2,PC_ENT,PT	: u	12.04 	20.70 	11.19 	16.08 	19.35 	: u	: u	8.84 	13.05 
A,GE10,G47,E_ITSP2,PC_ENT,RO	6.10 	6.75 	8.69 	7.78 	5.59 	9.16 	5.40 	13.75 	4.14 	9.39 
A,GE10,G47,E_ITSP2,PC_ENT,RS	: 	6.57 	: 	: 	30.50 	17.75 	17.82 	11.08 	11.04 	17.91 
A,GE10,G47,E_ITSP2,PC_ENT,SE	13.46 	11.71 	14.79 	16.06 	12.04 	11.10 	9.29 	10.65 	19.71 	16.03 b
A,GE10,G47,E_ITSP2,PC_ENT,SI	20.55 	17.42 	21.54 	22.35 	20.01 	15.30 	15.56 	19.16 	25.83 	20.22 
A,GE10,G47,E_ITSP2,PC_ENT,SK	25.79 	16.54 	16.09 	12.93 	17.01 	14.15 	17.23 	12.57 	12.73 	11.80 
A,GE10,G47,E_ITSP2,PC_ENT,TR	: 	: 	: u	: 	: 	11.69 	12.75 	8.84 	17.24 	10.90 
A,GE10,G47,E_ITSP2,PC_ENT,UK	26.88 	19.45 	13.97 	18.04 	15.33 	17.80 	22.59 	19.03 	: 	: 
A,GE10,G47,E_ITSP2,PC_ENT_CUSE,AT	: u	: u	19.13 	13.10 	16.56 	11.40 	12.34 	: 	: 	: 
A,GE10,G47,E_ITSP2,PC_ENT_CUSE,BA	: 	: 	: 	: 	: 	11.80 	14.75 	: 	: 	: 
A,GE10,G47,E_ITSP2,PC_ENT_CUSE,BE	24.15 	16.42 	18.88 	15.50 	18.99 	17.40 	16.63 	: 	: 	: 
A,GE10,G47,E_ITSP2,PC_ENT_CUSE,BG	11.44 	20.97 	15.77 	19.53 	15.83 	19.96 	15.62 	: 	: 	: 
A,GE10,G47,E_ITSP2,PC_ENT_CUSE,CY	25.82 	19.92 	23.04 	19.61 	23.04 	18.62 	9.94 	: 	: 	: 
A,GE10,G47,E_ITSP2,PC_ENT_CUSE,CZ	20.16 	13.51 	9.59 	10.83 	17.43 	13.35 	20.47 	: 	: 	: 
A,GE10,G47,E_ITSP2,PC_ENT_CUSE,DE	11.55 	16.09 	11.77 	: u	11.13 	12.96 	13.97 	: 	: 	: 
A,GE10,G47,E_ITSP2,PC_ENT_CUSE,DK	14.28 	19.25 	12.18 	13.05 	14.51 	16.61 	20.34 	: 	: 	: 
A,GE10,G47,E_ITSP2,PC_ENT_CUSE,EA	13.14 	13.30 	13.13 	16.90 	13.04 	13.07 	13.38 	: 	: 	: 
A,GE10,G47,E_ITSP2,PC_ENT_CUSE,EE	19.85 	12.54 	13.46 	14.92 	14.97 	10.89 	17.29 	: 	: 	: 
A,GE10,G47,E_ITSP2,PC_ENT_CUSE,EL	33.26 	24.72 	26.89 	26.49 	19.28 	27.71 	35.35 	: 	: 	: 
A,GE10,G47,E_ITSP2,PC_ENT_CUSE,ES	22.33 	23.23 	21.79 	23.30 	17.11 	14.02 	11.00 	: 	: 	: 
A,GE10,G47,E_ITSP2,PC_ENT_CUSE,EU15	15.10 	14.37 	13.44 	17.34 	13.39 	13.90 	: 	: 	: 	: 
A,GE10,G47,E_ITSP2,PC_ENT_CUSE,EU27_2007	15.01 	13.75 	12.89 	16.34 	13.10 	13.72 	: 	: 	: 	: 
A,GE10,G47,E_ITSP2,PC_ENT_CUSE,EU27_2020	13.34 	12.83 	12.55 	15.90 	12.68 	13.01 	13.83 	: 	: 	: 
A,GE10,G47,E_ITSP2,PC_ENT_CUSE,EU28	15.02 	13.77 	12.90 	16.34 	13.10 	13.72 	14.97 	: 	: 	: 
A,GE10,G47,E_ITSP2,PC_ENT_CUSE,FI	: u	: u	8.04 	16.24 	16.25 	9.94 	15.00 	: 	: 	: 
A,GE10,G47,E_ITSP2,PC_ENT_CUSE,FR	7.28 	6.79 	7.72 	9.55 	8.98 	10.22 	8.17 	: 	: 	: 
A,GE10,G47,E_ITSP2,PC_ENT_CUSE,HR	15.97 	15.65 	14.27 	15.44 	12.90 	14.55 	11.52 	: 	: 	: 
A,GE10,G47,E_ITSP2,PC_ENT_CUSE,HU	26.91 	20.78 	18.54 	18.32 	21.93 	21.68 	21.77 	: 	: 	: 
A,GE10,G47,E_ITSP2,PC_ENT_CUSE,IE	21.98 	17.35 	20.64 	25.63 	21.11 	18.34 	19.77 	: 	: 	: 
A,GE10,G47,E_ITSP2,PC_ENT_CUSE,IS	34.45 	30.47 	: 	: 	18.08 	: 	: 	: 	: 	: 
A,GE10,G47,E_ITSP2,PC_ENT_CUSE,IT	: u	: u	8.96 	8.85 	11.23 	8.78 	9.04 	: 	: 	: 
A,GE10,G47,E_ITSP2,PC_ENT_CUSE,LT	14.58 	11.83 	10.17 	13.77 	17.44 	14.91 	12.24 	: 	: 	: 
A,GE10,G47,E_ITSP2,PC_ENT_CUSE,LU	: u	: u	: u	: u	: u	: u	16.11 	: 	: 	: 
A,GE10,G47,E_ITSP2,PC_ENT_CUSE,LV	22.05 	14.26 	12.62 	11.46 	9.00 	11.78 	18.02 	: 	: 	: 
A,GE10,G47,E_ITSP2,PC_ENT_CUSE,ME	: 	: 	: 	20.20 	23.25 	12.42 	19.71 	: 	: 	: 
A,GE10,G47,E_ITSP2,PC_ENT_CUSE,MK	15.70 	5.67 	6.15 	7.43 	: 	: 	: 	: 	: 	: 
A,GE10,G47,E_ITSP2,PC_ENT_CUSE,MT	22.07 	21.81 	21.93 	17.31 	13.34 	16.25 	20.81 	: 	: 	: 
A,GE10,G47,E_ITSP2,PC_ENT_CUSE,NL	9.63 	12.03 	15.31 	15.90 	22.57 	22.06 	22.50 	: 	: 	: 
A,GE10,G47,E_ITSP2,PC_ENT_CUSE,NO	20.13 	10.23 	7.74 	9.88 	8.68 	12.33 	13.32 	: 	: 	: 
A,GE10,G47,E_ITSP2,PC_ENT_CUSE,PL	9.60 	6.61 	6.71 	8.24 	7.27 	8.27 	18.89 	: 	: 	: 
A,GE10,G47,E_ITSP2,PC_ENT_CUSE,PT	: u	12.04 	20.70 	11.19 	16.08 	19.35 	: u	: 	: 	: 
A,GE10,G47,E_ITSP2,PC_ENT_CUSE,RO	9.23 	7.83 	10.04 	10.21 	6.83 	11.46 	5.43 	: 	: 	: 
A,GE10,G47,E_ITSP2,PC_ENT_CUSE,RS	: 	6.57 	: 	: 	30.50 	17.75 	17.82 	: 	: 	: 
A,GE10,G47,E_ITSP2,PC_ENT_CUSE,SE	13.81 	11.71 	14.79 	16.06 	12.04 	11.10 	9.29 	: 	: 	: 
A,GE10,G47,E_ITSP2,PC_ENT_CUSE,SI	20.55 	17.42 	21.54 	22.35 	20.01 	15.30 	15.60 	: 	: 	: 
A,GE10,G47,E_ITSP2,PC_ENT_CUSE,SK	26.72 	16.94 	17.07 	13.30 	17.85 	15.02 	17.86 	: 	: 	: 
A,GE10,G47,E_ITSP2,PC_ENT_CUSE,TR	: 	: 	: u	: 	: 	11.90 	13.12 	: 	: 	: 
A,GE10,G47,E_ITSP2,PC_ENT_CUSE,UK	28.52 	20.64 	15.41 	19.66 	16.24 	19.28 	23.60 	: 	: 	: 
A,GE10,H,E_ITSP2,PC_ENT,AL	: 	: 	: 	: 	: 	: 	: 	: 	19.23 b	: 
A,GE10,H,E_ITSP2,PC_ENT,AT	19.77 	13.90 	15.07 	19.04 	16.12 	15.40 	11.27 	12.28 	16.96 	12.04 
A,GE10,H,E_ITSP2,PC_ENT,BA	: 	: 	: 	: 	: 	13.02 	13.94 	9.80 	10.68 	: u
A,GE10,H,E_ITSP2,PC_ENT,BE	26.84 	23.24 	29.64 	17.16 	25.79 	26.42 	26.01 	24.48 	30.36 	30.67 
A,GE10,H,E_ITSP2,PC_ENT,BG	14.56 	16.89 	13.20 	13.73 	13.78 	17.16 	11.79 	9.29 	7.87 	15.48 
A,GE10,H,E_ITSP2,PC_ENT,CY	32.26 	43.40 	36.40 	40.65 	30.89 	29.41 	40.15 	40.18 	32.67 	37.73 
A,GE10,H,E_ITSP2,PC_ENT,CZ	18.74 	11.33 	11.66 	9.24 	9.19 	11.10 	9.23 	7.93 	11.04 	14.29 
A,GE10,H,E_ITSP2,PC_ENT,DE	9.88 	11.43 	13.45 	10.70 	11.18 	9.39 	10.56 	12.38 	17.23 	16.52 
A,GE10,H,E_ITSP2,PC_ENT,DK	18.78 	16.78 	16.17 	16.45 	13.70 	16.35 	19.59 	18.03 	29.97 	26.81 
A,GE10,H,E_ITSP2,PC_ENT,EA	14.82 	14.38 	15.58 	13.94 	14.52 	12.87 	12.30 	13.39 	15.10 	14.30 
A,GE10,H,E_ITSP2,PC_ENT,EE	12.97 	13.84 	12.15 	13.14 	11.55 	13.16 	10.47 	11.33 	11.75 	13.64 
A,GE10,H,E_ITSP2,PC_ENT,EL	52.83 	38.36 	32.12 	38.51 	29.32 	29.87 	33.11 	: u	27.38 	40.10 
A,GE10,H,E_ITSP2,PC_ENT,ES	18.87 	17.77 	21.39 	18.97 	16.87 	13.75 	11.16 	16.57 	11.18 	10.39 
A,GE10,H,E_ITSP2,PC_ENT,EU15	16.09 	14.76 	15.88 	14.53 	15.18 	13.56 	: 	: 	: 	: 
A,GE10,H,E_ITSP2,PC_ENT,EU27_2007	15.55 	14.00 	14.82 	13.46 	14.20 	13.09 	: 	: 	: 	: 
A,GE10,H,E_ITSP2,PC_ENT,EU27_2020	14.63 	13.68 	14.42 	12.92 	13.71 	12.54 	12.55 	13.63 	15.97 	14.96 
A,GE10,H,E_ITSP2,PC_ENT,EU28	15.60 	14.05 	14.84 	13.49 	14.23 	13.10 	13.07 	: 	: 	: 
A,GE10,H,E_ITSP2,PC_ENT,FI	22.91 	17.56 	15.56 	17.81 	22.80 	15.23 	21.35 	16.46 	15.80 	16.43 
A,GE10,H,E_ITSP2,PC_ENT,FR	10.64 	10.68 	11.89 	9.14 	12.18 	10.93 	10.24 	13.80 	8.99 b	6.74 
A,GE10,H,E_ITSP2,PC_ENT,HR	26.11 	23.96 	20.04 	18.56 	19.36 	15.81 	13.71 	11.86 	11.12 	10.03 
A,GE10,H,E_ITSP2,PC_ENT,HU	33.18 	20.84 	19.90 	19.98 	23.72 	20.56 	21.36 	25.12 	27.71 	26.91 
A,GE10,H,E_ITSP2,PC_ENT,IE	32.94 	25.44 	28.54 	34.25 	27.23 	31.49 	25.43 	22.52 	23.63 	19.14 
A,GE10,H,E_ITSP2,PC_ENT,IS	35.71 	36.28 	: 	: 	13.12 	: 	: 	17.35 	: 	: 
A,GE10,H,E_ITSP2,PC_ENT,IT	8.44 	11.39 	11.04 	12.87 	13.45 	11.41 	9.40 	: u	10.91 	9.89 
A,GE10,H,E_ITSP2,PC_ENT,LT	17.49 	9.47 	10.72 	8.64 	15.81 	9.53 	9.59 	8.80 	11.35 	7.98 
A,GE10,H,E_ITSP2,PC_ENT,LU	33.67 	18.34 	22.06 	20.67 	15.24 	18.68 	17.06 	16.25 	19.40 	17.66 
A,GE10,H,E_ITSP2,PC_ENT,LV	15.47 	16.33 	14.69 	12.81 	9.72 	10.76 	13.31 	16.26 	16.58 	13.81 
A,GE10,H,E_ITSP2,PC_ENT,ME	: 	: 	: 	: u	46.95 	: u	: u	: u	29.74 	13.96 
A,GE10,H,E_ITSP2,PC_ENT,MK	12.24 	9.32 	11.41 	12.60 	: 	: 	: 	: @C	3.51 	: 
A,GE10,H,E_ITSP2,PC_ENT,MT	33.44 	21.11 	20.02 	28.77 	21.60 	24.35 	22.85 	23.58 	31.57 	33.95 
A,GE10,H,E_ITSP2,PC_ENT,NL	21.44 	22.79 	20.71 	17.97 	23.74 	19.94 	20.19 	19.93 	24.93 	24.06 
A,GE10,H,E_ITSP2,PC_ENT,NO	32.67 	20.73 	17.06 	12.98 	13.56 	11.15 	16.12 	12.21 	15.39 	12.20 
A,GE10,H,E_ITSP2,PC_ENT,PL	: u	6.83 	7.51 	5.45 	8.05 	8.97 	17.67 	16.08 	25.32 	18.01 
A,GE10,H,E_ITSP2,PC_ENT,PT	: u	: u	: u	: u	14.26 	: u	10.46 	17.89 	14.75 	15.64 
A,GE10,H,E_ITSP2,PC_ENT,RO	0.59 	10.92 	7.89 	6.03 	5.73 	8.72 	6.94 	13.58 	8.32 	11.07 
A,GE10,H,E_ITSP2,PC_ENT,RS	: 	18.43 	: 	: 	22.38 	9.77 	7.35 	13.23 	11.55 	20.78 
A,GE10,H,E_ITSP2,PC_ENT,SE	16.60 	13.20 	10.18 	10.55 	14.88 	8.85 	4.28 	9.63 	14.18 	12.86 b
A,GE10,H,E_ITSP2,PC_ENT,SI	12.26 	5.32 	9.84 	11.89 	11.64 	11.03 	5.76 	4.87 	5.56 	5.07 
A,GE10,H,E_ITSP2,PC_ENT,SK	15.93 	12.05 	18.79 	13.01 	9.78 	11.36 	13.15 	7.29 	14.47 	14.95 
A,GE10,H,E_ITSP2,PC_ENT,TR	: 	: 	: u	: 	: 	9.79 	9.71 	10.31 	14.66 	9.80 
A,GE10,H,E_ITSP2,PC_ENT,UK	25.82 	17.72 	18.99 	19.40 	19.49 	19.27 	18.74 	25.33 	: 	: 
A,GE10,H,E_ITSP2,PC_ENT_CUSE,AT	19.77 	14.04 	15.27 	19.04 	16.12 	15.40 	11.27 	: 	: 	: 
A,GE10,H,E_ITSP2,PC_ENT_CUSE,BA	: 	: 	: 	: 	: 	13.02 	13.94 	: 	: 	: 
A,GE10,H,E_ITSP2,PC_ENT_CUSE,BE	27.99 	23.32 	29.64 	17.16 	25.79 	26.42 	26.01 	: 	: 	: 
A,GE10,H,E_ITSP2,PC_ENT_CUSE,BG	15.70 	18.09 	13.84 	14.45 	14.10 	18.20 	12.34 	: 	: 	: 
A,GE10,H,E_ITSP2,PC_ENT_CUSE,CY	33.68 	44.84 	38.14 	41.08 	31.53 	30.33 	41.04 	: 	: 	: 
A,GE10,H,E_ITSP2,PC_ENT_CUSE,CZ	19.14 	11.50 	11.88 	9.35 	9.32 	11.38 	9.43 	: 	: 	: 
A,GE10,H,E_ITSP2,PC_ENT_CUSE,DE	10.21 	11.60 	13.49 	11.03 	11.51 	9.51 	10.69 	: 	: 	: 
A,GE10,H,E_ITSP2,PC_ENT_CUSE,DK	18.92 	17.08 	16.33 	16.45 	13.70 	16.35 	19.59 	: 	: 	: 
A,GE10,H,E_ITSP2,PC_ENT_CUSE,EA	15.15 	14.55 	15.70 	14.19 	14.73 	13.01 	12.48 	: 	: 	: 
A,GE10,H,E_ITSP2,PC_ENT_CUSE,EE	13.34 	14.47 	12.62 	13.53 	12.09 	13.16 	10.53 	: 	: 	: 
A,GE10,H,E_ITSP2,PC_ENT_CUSE,EL	57.54 	41.53 	33.10 	44.00 	31.67 	32.72 	36.35 	: 	: 	: 
A,GE10,H,E_ITSP2,PC_ENT_CUSE,ES	19.17 	17.86 	21.63 	19.50 	16.99 	13.84 	11.31 	: 	: 	: 
A,GE10,H,E_ITSP2,PC_ENT_CUSE,EU15	16.47 	14.96 	15.99 	14.83 	15.54 	13.75 	: 	: 	: 	: 
A,GE10,H,E_ITSP2,PC_ENT_CUSE,EU27_2007	16.03 	14.33 	15.08 	13.83 	14.64 	13.38 	: 	: 	: 	: 
A,GE10,H,E_ITSP2,PC_ENT_CUSE,EU27_2020	15.09 	13.98 	14.70 	13.26 	14.06 	12.80 	12.87 	: 	: 	: 
A,GE10,H,E_ITSP2,PC_ENT_CUSE,EU28	16.09 	14.38 	15.11 	13.86 	14.68 	13.40 	13.41 	: 	: 	: 
A,GE10,H,E_ITSP2,PC_ENT_CUSE,FI	22.91 	17.56 	15.56 	17.81 	22.80 	15.23 	21.35 	: 	: 	: 
A,GE10,H,E_ITSP2,PC_ENT_CUSE,FR	10.66 	10.74 	11.91 	9.14 	12.25 	10.93 	10.24 	: 	: 	: 
A,GE10,H,E_ITSP2,PC_ENT_CUSE,HR	26.56 	26.49 	23.87 	20.29 	20.92 	16.53 	13.97 	: 	: 	: 
A,GE10,H,E_ITSP2,PC_ENT_CUSE,HU	35.14 	21.77 	21.23 	20.85 	25.04 	22.10 	22.35 	: 	: 	: 
A,GE10,H,E_ITSP2,PC_ENT_CUSE,IE	34.41 	25.71 	29.10 	35.41 	28.08 	31.49 	26.48 	: 	: 	: 
A,GE10,H,E_ITSP2,PC_ENT_CUSE,IS	35.71 	36.28 	: 	: 	13.12 	: 	: 	: 	: 	: 
A,GE10,H,E_ITSP2,PC_ENT_CUSE,IT	8.74 	11.48 	11.22 	13.04 	13.53 	11.66 	9.74 	: 	: 	: 
A,GE10,H,E_ITSP2,PC_ENT_CUSE,LT	17.74 	9.47 	10.72 	8.64 	15.81 	9.53 	9.59 	: 	: 	: 
A,GE10,H,E_ITSP2,PC_ENT_CUSE,LU	33.67 	18.34 	22.06 	20.67 	15.24 	18.68 	17.06 	: 	: 	: 
A,GE10,H,E_ITSP2,PC_ENT_CUSE,LV	16.28 	16.51 	14.92 	13.00 	9.82 	10.76 	13.31 	: 	: 	: 
A,GE10,H,E_ITSP2,PC_ENT_CUSE,ME	: 	: 	: 	: u	46.95 	: u	: u	: 	: 	: 
A,GE10,H,E_ITSP2,PC_ENT_CUSE,MK	12.86 	10.02 	11.86 	13.71 	: 	: 	: 	: 	: 	: 
A,GE10,H,E_ITSP2,PC_ENT_CUSE,MT	33.89 	21.11 	20.26 	29.06 	22.37 	25.59 	23.72 	: 	: 	: 
A,GE10,H,E_ITSP2,PC_ENT_CUSE,NL	21.44 	22.79 	20.71 	17.97 	23.74 	19.94 	20.19 	: 	: 	: 
A,GE10,H,E_ITSP2,PC_ENT_CUSE,NO	33.91 	21.16 	17.35 	13.37 	13.93 	11.38 	16.23 	: 	: 	: 
A,GE10,H,E_ITSP2,PC_ENT_CUSE,PL	: u	7.23 	7.89 	5.75 	8.42 	9.21 	18.10 	: 	: 	: 
A,GE10,H,E_ITSP2,PC_ENT_CUSE,PT	: u	: u	: u	: u	14.26 	: u	10.46 	: 	: 	: 
A,GE10,H,E_ITSP2,PC_ENT_CUSE,RO	0.71 	12.59 	9.14 	6.89 	7.09 	10.42 	8.98 	: 	: 	: 
A,GE10,H,E_ITSP2,PC_ENT_CUSE,RS	: 	18.43 	: 	: 	22.38 	9.77 	7.35 	: 	: 	: 
A,GE10,H,E_ITSP2,PC_ENT_CUSE,SE	17.28 	13.20 	10.18 	10.55 	14.88 	8.85 	4.28 	: 	: 	: 
A,GE10,H,E_ITSP2,PC_ENT_CUSE,SI	12.26 	5.51 	9.95 	11.89 	11.73 	11.27 	5.76 	: 	: 	: 
A,GE10,H,E_ITSP2,PC_ENT_CUSE,SK	16.63 	13.18 	19.32 	13.29 	9.98 	11.54 	13.36 	: 	: 	: 
A,GE10,H,E_ITSP2,PC_ENT_CUSE,TR	: 	: 	: u	: 	: 	10.25 	9.95 	: 	: 	: 
A,GE10,H,E_ITSP2,PC_ENT_CUSE,UK	26.63 	18.49 	19.15 	20.28 	21.52 	20.11 	19.39 	: 	: 	: 
A,GE10,I,E_ITSP2,PC_ENT,AT	: u	: u	: u	8.68 	7.92 	9.43 	5.55 	3.51 	9.37 	5.87 
A,GE10,I,E_ITSP2,PC_ENT,BA	: 	: 	: 	: 	: 	6.89 	14.90 	5.38 	4.77 	11.90 
A,GE10,I,E_ITSP2,PC_ENT,BE	9.04 	8.21 	6.64 	7.85 	10.46 	14.39 	8.78 	9.26 	14.46 	7.90 
A,GE10,I,E_ITSP2,PC_ENT,BG	12.43 	18.81 	14.04 	14.65 	12.85 	10.95 	13.01 	10.22 	9.50 	7.80 
A,GE10,I,E_ITSP2,PC_ENT,CY	22.77 	14.16 	13.97 	10.63 	12.84 	11.54 	11.03 	15.59 	16.39 	18.44 
A,GE10,I,E_ITSP2,PC_ENT,CZ	8.58 	5.48 	4.74 	5.38 	5.60 	4.02 	7.40 	4.02 	4.20 	3.78 
A,GE10,I,E_ITSP2,PC_ENT,DE	4.39 	6.62 	7.88 	6.73 	4.16 	7.02 	5.29 	5.08 	5.35 	7.10 
A,GE10,I,E_ITSP2,PC_ENT,DK	11.17 	8.47 	8.97 	6.22 	7.21 	11.49 	9.47 	8.96 	19.82 	17.64 
A,GE10,I,E_ITSP2,PC_ENT,EA	9.48 	8.21 	7.58 	7.90 	6.74 	7.99 	6.99 	5.55 	7.58 	7.14 
A,GE10,I,E_ITSP2,PC_ENT,EE	12.78 	7.38 	8.67 	7.71 	8.56 	7.09 	5.21 	6.69 	6.31 	7.30 
A,GE10,I,E_ITSP2,PC_ENT,EL	19.82 	14.32 	12.69 	18.85 	8.81 	11.91 	8.42 	: u	14.11 	14.40 
A,GE10,I,E_ITSP2,PC_ENT,ES	16.00 	19.08 	14.70 	15.95 	11.77 	9.02 	9.80 	4.43 	6.18 	4.14 
A,GE10,I,E_ITSP2,PC_ENT,EU15	9.99 	7.96 	7.31 	8.10 	6.90 	8.03 	: 	: 	: 	: 
A,GE10,I,E_ITSP2,PC_ENT,EU27_2007	9.84 	8.06 	7.45 	8.09 	6.97 	7.93 	: 	: 	: 	: 
A,GE10,I,E_ITSP2,PC_ENT,EU27_2020	9.26 	8.16 	7.72 	7.82 	6.88 	7.86 	7.42 	6.18 	8.14 	7.66 
A,GE10,I,E_ITSP2,PC_ENT,EU28	9.87 	8.09 	7.53 	8.08 	7.02 	7.94 	7.47 	: 	: 	: 
A,GE10,I,E_ITSP2,PC_ENT,FI	9.23 	13.70 	: u	: u	: u	: u	: u	: u	8.67 	10.26 
A,GE10,I,E_ITSP2,PC_ENT,FR	5.19 	4.16 	4.74 	6.06 	6.63 	7.38 	8.22 	6.98 	7.24 b	8.96 
A,GE10,I,E_ITSP2,PC_ENT,HR	15.57 	14.90 	24.75 	: u	14.39 	10.01 	9.73 	7.34 	7.24 	4.88 
A,GE10,I,E_ITSP2,PC_ENT,HU	9.92 	12.10 	11.59 	13.27 	13.88 	9.17 	14.38 	12.37 	16.16 	13.80 
A,GE10,I,E_ITSP2,PC_ENT,IE	14.74 	12.66 	11.42 	16.91 	18.03 	15.49 	15.75 	14.06 	12.47 	13.69 
A,GE10,I,E_ITSP2,PC_ENT,IS	8.93 	12.36 	: 	: 	4.51 	: 	: 	3.35 	: 	: 
A,GE10,I,E_ITSP2,PC_ENT,IT	6.76 	3.43 	3.88 	2.06 	3.21 	5.50 	4.39 	1.84 	3.23 	1.58 
A,GE10,I,E_ITSP2,PC_ENT,LT	10.48 	5.13 	4.58 	4.25 	6.22 	6.99 	6.93 	6.43 	4.77 	3.79 
A,GE10,I,E_ITSP2,PC_ENT,LU	14.71 	4.81 	9.82 	11.60 	6.68 	4.64 	6.75 	4.64 	9.32 	5.96 
A,GE10,I,E_ITSP2,PC_ENT,LV	11.85 	11.97 	10.21 	10.55 	5.79 	6.18 	10.71 	5.99 	5.55 	5.89 
A,GE10,I,E_ITSP2,PC_ENT,ME	: 	: 	: 	: u	5.45 	16.91 	: u	: u	27.04 	50.25 
A,GE10,I,E_ITSP2,PC_ENT,MK	5.65 	6.15 	1.32 	6.13 	: 	: 	: 	4.52 	: u	: 
A,GE10,I,E_ITSP2,PC_ENT,MT	25.30 	20.62 	23.03 	19.41 	13.48 	11.86 	15.84 	15.46 	17.78 	23.53 
A,GE10,I,E_ITSP2,PC_ENT,NL	4.79 	5.32 	4.56 	5.38 	4.99 	6.08 	4.19 	3.63 	10.32 	6.98 
A,GE10,I,E_ITSP2,PC_ENT,NO	12.96 	8.43 	10.16 	7.20 	7.17 	7.60 	6.85 	8.91 	9.21 	9.11 
A,GE10,I,E_ITSP2,PC_ENT,PL	: u	4.58 	3.94 	4.23 	5.03 	5.94 	16.60 	14.44 	22.17 	17.37 
A,GE10,I,E_ITSP2,PC_ENT,PT	16.52 	7.44 	11.26 	9.43 	12.57 	12.29 	10.47 	11.93 	11.48 	10.68 
A,GE10,I,E_ITSP2,PC_ENT,RO	3.46 	4.91 	9.97 	5.13 	2.53 	5.98 	4.78 	10.26 	9.10 	10.77 
A,GE10,I,E_ITSP2,PC_ENT,RS	: 	19.78 	: 	: 	18.05 	13.53 	10.71 	21.06 	25.22 	17.20 
A,GE10,I,E_ITSP2,PC_ENT,SE	5.49 	4.63 	4.39 	4.73 	6.34 	5.24 	3.25 	7.79 	3.33 	7.20 b
A,GE10,I,E_ITSP2,PC_ENT,SI	8.88 	6.78 	7.65 	9.20 	7.66 	5.74 	8.35 	4.95 	4.60 	4.79 
A,GE10,I,E_ITSP2,PC_ENT,SK	5.62 	13.08 	3.70 	3.31 	3.76 	5.01 	4.12 	2.46 	4.37 	5.10 
A,GE10,I,E_ITSP2,PC_ENT,TR	: 	: 	: u	: 	: 	10.55 	10.23 	7.25 	13.96 	8.64 
A,GE10,I,E_ITSP2,PC_ENT,UK	12.47 	7.87 	6.90 	9.06 	7.57 	8.25 	7.72 	4.97 	: 	: 
A,GE10,I,E_ITSP2,PC_ENT_CUSE,AT	: u	: u	: u	8.83 	7.92 	9.43 	5.55 	: 	: 	: 
A,GE10,I,E_ITSP2,PC_ENT_CUSE,BA	: 	: 	: 	: 	: 	7.00 	14.90 	: 	: 	: 
A,GE10,I,E_ITSP2,PC_ENT_CUSE,BE	9.77 	9.02 	6.64 	7.85 	10.46 	14.39 	8.78 	: 	: 	: 
A,GE10,I,E_ITSP2,PC_ENT_CUSE,BG	15.37 	20.54 	16.48 	16.87 	13.75 	11.43 	14.07 	: 	: 	: 
A,GE10,I,E_ITSP2,PC_ENT_CUSE,CY	25.24 	15.51 	15.26 	11.19 	13.20 	12.28 	11.29 	: 	: 	: 
A,GE10,I,E_ITSP2,PC_ENT_CUSE,CZ	9.30 	5.66 	5.04 	5.55 	5.86 	4.12 	7.77 	: 	: 	: 
A,GE10,I,E_ITSP2,PC_ENT_CUSE,DE	4.62 	6.74 	8.26 	7.04 	4.47 	7.21 	5.36 	: 	: 	: 
A,GE10,I,E_ITSP2,PC_ENT_CUSE,DK	11.57 	8.51 	9.13 	6.22 	7.21 	11.49 	9.47 	: 	: 	: 
A,GE10,I,E_ITSP2,PC_ENT_CUSE,EA	10.14 	8.65 	7.98 	8.16 	7.07 	8.40 	7.29 	: 	: 	: 
A,GE10,I,E_ITSP2,PC_ENT_CUSE,EE	13.58 	7.72 	9.20 	8.35 	9.12 	7.09 	5.25 	: 	: 	: 
A,GE10,I,E_ITSP2,PC_ENT_CUSE,EL	23.43 	18.47 	15.63 	23.40 	10.94 	15.57 	11.45 	: 	: 	: 
A,GE10,I,E_ITSP2,PC_ENT_CUSE,ES	17.98 	19.88 	15.34 	16.47 	11.85 	9.30 	10.18 	: 	: 	: 
A,GE10,I,E_ITSP2,PC_ENT_CUSE,EU15	10.76 	8.48 	7.66 	8.42 	7.34 	8.65 	: 	: 	: 	: 
A,GE10,I,E_ITSP2,PC_ENT_CUSE,EU27_2007	10.70 	8.63 	7.86 	8.48 	7.45 	8.52 	: 	: 	: 	: 
A,GE10,I,E_ITSP2,PC_ENT_CUSE,EU27_2020	10.03 	8.64 	8.18 	8.17 	7.26 	8.27 	7.75 	: 	: 	: 
A,GE10,I,E_ITSP2,PC_ENT_CUSE,EU28	10.73 	8.67 	7.95 	8.48 	7.50 	8.53 	7.88 	: 	: 	: 
A,GE10,I,E_ITSP2,PC_ENT_CUSE,FI	9.23 	13.70 	: u	: u	: u	: u	: u	: 	: 	: 
A,GE10,I,E_ITSP2,PC_ENT_CUSE,FR	5.36 	4.24 	4.80 	6.10 	6.67 	7.41 	8.23 	: 	: 	: 
A,GE10,I,E_ITSP2,PC_ENT_CUSE,HR	16.66 	15.84 	29.55 	: u	15.51 	10.27 	9.86 	: 	: 	: 
A,GE10,I,E_ITSP2,PC_ENT_CUSE,HU	12.00 	15.51 	13.45 	15.40 	15.50 	10.49 	16.38 	: 	: 	: 
A,GE10,I,E_ITSP2,PC_ENT_CUSE,IE	17.58 	13.15 	12.15 	16.99 	18.03 	17.09 	17.13 	: 	: 	: 
A,GE10,I,E_ITSP2,PC_ENT_CUSE,IS	9.17 	12.36 	: 	: 	4.51 	: 	: 	: 	: 	: 
A,GE10,I,E_ITSP2,PC_ENT_CUSE,IT	7.31 	3.74 	4.24 	2.10 	3.41 	5.91 	4.52 	: 	: 	: 
A,GE10,I,E_ITSP2,PC_ENT_CUSE,LT	10.54 	5.13 	4.58 	4.25 	6.22 	6.99 	6.93 	: 	: 	: 
A,GE10,I,E_ITSP2,PC_ENT_CUSE,LU	15.19 	4.81 	9.82 	11.60 	6.68 	4.64 	6.75 	: 	: 	: 
A,GE10,I,E_ITSP2,PC_ENT_CUSE,LV	12.83 	12.45 	10.69 	10.71 	5.96 	6.18 	10.88 	: 	: 	: 
A,GE10,I,E_ITSP2,PC_ENT_CUSE,ME	: 	: 	: 	: u	5.45 	16.91 	: u	: 	: 	: 
A,GE10,I,E_ITSP2,PC_ENT_CUSE,MK	6.43 	7.14 	1.42 	7.37 	: 	: 	: 	: 	: 	: 
A,GE10,I,E_ITSP2,PC_ENT_CUSE,MT	27.12 	21.70 	24.28 	21.50 	14.55 	12.91 	17.04 	: 	: 	: 
A,GE10,I,E_ITSP2,PC_ENT_CUSE,NL	4.79 	5.32 	4.56 	5.38 	4.99 	6.08 	4.19 	: 	: 	: 
A,GE10,I,E_ITSP2,PC_ENT_CUSE,NO	13.77 	8.98 	10.98 	7.59 	7.33 	7.77 	7.47 	: 	: 	: 
A,GE10,I,E_ITSP2,PC_ENT_CUSE,PL	: u	5.11 	4.37 	4.67 	5.49 	6.47 	17.41 	: 	: 	: 
A,GE10,I,E_ITSP2,PC_ENT_CUSE,PT	17.87 	7.88 	11.87 	9.83 	13.05 	12.68 	10.92 	: 	: 	: 
A,GE10,I,E_ITSP2,PC_ENT_CUSE,RO	4.31 	5.57 	11.24 	6.50 	3.34 	6.26 	5.12 	: 	: 	: 
A,GE10,I,E_ITSP2,PC_ENT_CUSE,RS	: 	19.78 	: 	: 	18.05 	13.53 	10.71 	: 	: 	: 
A,GE10,I,E_ITSP2,PC_ENT_CUSE,SE	5.81 	4.63 	4.39 	4.73 	6.34 	5.24 	3.25 	: 	: 	: 
A,GE10,I,E_ITSP2,PC_ENT_CUSE,SI	9.07 	6.78 	7.65 	9.31 	7.66 	5.74 	8.35 	: 	: 	: 
A,GE10,I,E_ITSP2,PC_ENT_CUSE,SK	5.88 	13.08 	4.22 	3.49 	3.87 	5.51 	4.41 	: 	: 	: 
A,GE10,I,E_ITSP2,PC_ENT_CUSE,TR	: 	: 	: u	: 	: 	11.17 	11.36 	: 	: 	: 
A,GE10,I,E_ITSP2,PC_ENT_CUSE,UK	13.77 	8.76 	7.18 	9.64 	8.49 	9.75 	8.46 	: 	: 	: 
A,GE10,I55,E_ITSP2,PC_ENT,AL	: 	: 	: 	: 	: 	: 	: 	: 	16.18 b	: 
A,GE10,I55,E_ITSP2,PC_ENT,AT	21.96 	13.19 	7.00 	13.09 	11.83 	13.90 	9.86 	4.38 	13.20 	8.85 
A,GE10,I55,E_ITSP2,PC_ENT,BA	: 	: 	: 	: 	: 	13.32 	15.87 	10.34 	9.12 	21.20 
A,GE10,I55,E_ITSP2,PC_ENT,BE	7.53 	10.87 	15.69 	15.66 	11.80 	16.10 	: u	: u	: u	: u
A,GE10,I55,E_ITSP2,PC_ENT,BG	21.32 	35.77 	27.17 	38.55 	16.45 	18.96 	21.30 	20.66 	20.54 	15.98 
A,GE10,I55,E_ITSP2,PC_ENT,CY	38.96 	26.37 	22.07 	17.16 	23.91 	23.72 	24.44 	28.65 	26.99 	36.28 
A,GE10,I55,E_ITSP2,PC_ENT,CZ	18.85 	12.85 	14.14 	8.47 	9.53 	9.00 	14.10 	8.78 	9.20 	7.67 
A,GE10,I55,E_ITSP2,PC_ENT,DE	5.33 	8.12 	13.25 	9.93 	5.14 	7.79 	6.57 	7.83 	8.77 	8.20 
A,GE10,I55,E_ITSP2,PC_ENT,DK	: u	15.00 	23.76 	10.33 	10.72 	: u	20.03 	12.35 	: u	33.18 
A,GE10,I55,E_ITSP2,PC_ENT,EA	13.85 	12.23 	13.95 	13.57 	11.95 	12.31 	12.07 	11.15 	13.48 	13.06 
A,GE10,I55,E_ITSP2,PC_ENT,EE	32.18 	23.40 	25.62 	22.38 	20.76 	18.96 	13.24 	30.83 	10.08 	23.39 
A,GE10,I55,E_ITSP2,PC_ENT,EL	26.21 	27.07 	31.48 	: u	: u	23.58 	20.93 	: u	17.89 	30.92 
A,GE10,I55,E_ITSP2,PC_ENT,ES	22.30 	22.06 	26.43 	27.73 	20.87 	20.81 	13.80 	11.62 	15.26 	9.29 
A,GE10,I55,E_ITSP2,PC_ENT,EU15	15.82 	11.73 	13.31 	12.98 	12.08 	12.27 	: 	: 	: 	: 
A,GE10,I55,E_ITSP2,PC_ENT,EU27_2007	16.28 	12.52 	13.62 	13.40 	12.25 	12.33 	: 	: 	: 	: 
A,GE10,I55,E_ITSP2,PC_ENT,EU27_2020	14.47 	12.80 	14.19 	13.81 	12.15 	12.40 	13.09 	12.28 	14.49 	13.85 
A,GE10,I55,E_ITSP2,PC_ENT,EU28	16.32 	12.61 	13.78 	13.44 	12.42 	12.42 	14.50 	: 	: 	: 
A,GE10,I55,E_ITSP2,PC_ENT,FI	14.61 	19.86 	10.38 	12.70 	16.03 	4.75 	10.07 	15.42 	11.86 	19.72 
A,GE10,I55,E_ITSP2,PC_ENT,FR	11.81 	7.93 	6.05 	9.27 	14.40 	12.32 	15.08 	12.55 	17.82 b	15.58 
A,GE10,I55,E_ITSP2,PC_ENT,HR	22.00 	26.95 	34.61 	: u	37.71 	23.32 	24.91 	16.95 	18.28 	14.66 
A,GE10,I55,E_ITSP2,PC_ENT,HU	28.76 	31.73 	31.79 	35.23 	27.00 	26.81 	34.90 	29.81 	35.20 	32.83 
A,GE10,I55,E_ITSP2,PC_ENT,IE	31.65 	20.82 	22.21 	34.65 	26.88 	23.31 	24.01 	27.70 	31.31 	29.83 
A,GE10,I55,E_ITSP2,PC_ENT,IS	27.27 	21.33 	: 	: 	12.04 	: 	: 	6.16 	: 	: 
A,GE10,I55,E_ITSP2,PC_ENT,IT	7.65 	5.68 	7.68 	3.40 	6.27 	5.94 	9.84 	6.18 	5.18 	5.77 
A,GE10,I55,E_ITSP2,PC_ENT,LT	21.28 	14.65 	10.46 	14.86 	15.23 	20.63 	18.75 	13.25 	15.83 	9.87 
A,GE10,I55,E_ITSP2,PC_ENT,LU	31.06 	7.35 	15.56 	4.42 	: u	: u	10.96 	5.95 	1.20 	5.18 
A,GE10,I55,E_ITSP2,PC_ENT,LV	32.81 	23.65 	23.65 	22.94 	13.83 	12.21 	: u	24.30 	20.71 	25.42 
A,GE10,I55,E_ITSP2,PC_ENT,ME	: 	: 	: 	: u	15.18 	16.91 	: u	: u	50.06 	34.25 
A,GE10,I55,E_ITSP2,PC_ENT,MK	: u	: u	5.15 	3.34 	: 	: 	: 	: u	: u	: 
A,GE10,I55,E_ITSP2,PC_ENT,MT	35.93 	38.21 	35.91 	39.21 	36.31 	31.39 	37.87 	33.71 	41.11 	47.38 
A,GE10,I55,E_ITSP2,PC_ENT,NL	11.81 	13.44 	16.82 	13.19 	8.55 	15.65 	14.72 	10.11 	20.25 	21.09 
A,GE10,I55,E_ITSP2,PC_ENT,NO	29.24 	14.02 	14.81 	14.19 	11.45 	19.84 	9.05 	17.12 	17.13 	14.01 
A,GE10,I55,E_ITSP2,PC_ENT,PL	15.82 	5.88 	6.82 	8.79 	9.42 	7.68 	27.32 	28.14 	32.08 	26.41 
A,GE10,I55,E_ITSP2,PC_ENT,PT	34.60 	21.49 	25.32 	26.61 	33.56 	23.82 	: u	: u	35.10 	24.45 
A,GE10,I55,E_ITSP2,PC_ENT,RO	11.10 	11.91 	10.10 	5.55 	7.22 	4.28 	7.62 	12.52 	6.50 	13.69 
A,GE10,I55,E_ITSP2,PC_ENT,RS	: 	35.15 	: 	: 	31.78 	25.54 	28.14 	29.21 	25.81 	13.53 
A,GE10,I55,E_ITSP2,PC_ENT,SE	14.27 	5.27 	9.66 	9.31 	11.05 	12.93 	7.68 	14.00 	12.95 	8.53 b
A,GE10,I55,E_ITSP2,PC_ENT,SI	28.32 	17.80 	25.77 	25.53 	24.70 	17.94 	25.20 	20.69 	10.38 	17.05 
A,GE10,I55,E_ITSP2,PC_ENT,SK	12.89 	13.32 	11.41 	4.07 	7.49 	11.31 	7.18 	4.32 	6.13 	8.14 
A,GE10,I55,E_ITSP2,PC_ENT,TR	: 	: 	: u	: 	: 	25.18 	24.62 	20.46 	28.18 	26.23 
A,GE10,I55,E_ITSP2,PC_ENT,UK	29.18 	11.39 	11.21 	10.99 	14.18 	12.50 	24.21 	17.77 	: 	: 
A,GE10,I55,E_ITSP2,PC_ENT_CUSE,AT	21.96 	13.34 	7.00 	13.09 	11.83 	13.90 	9.86 	: 	: 	: 
A,GE10,I55,E_ITSP2,PC_ENT_CUSE,BA	: 	: 	: 	: 	: 	13.32 	15.87 	: 	: 	: 
A,GE10,I55,E_ITSP2,PC_ENT_CUSE,BE	7.53 	11.02 	15.69 	15.66 	11.80 	16.10 	: u	: 	: 	: 
A,GE10,I55,E_ITSP2,PC_ENT_CUSE,BG	23.49 	35.88 	28.14 	39.09 	16.51 	18.96 	21.30 	: 	: 	: 
A,GE10,I55,E_ITSP2,PC_ENT_CUSE,CY	38.96 	26.37 	22.07 	17.16 	23.91 	23.72 	24.44 	: 	: 	: 
A,GE10,I55,E_ITSP2,PC_ENT_CUSE,CZ	19.45 	13.10 	14.32 	8.52 	9.58 	9.15 	14.17 	: 	: 	: 
A,GE10,I55,E_ITSP2,PC_ENT_CUSE,DE	5.33 	8.12 	13.42 	9.95 	5.33 	7.81 	6.62 	: 	: 	: 
A,GE10,I55,E_ITSP2,PC_ENT_CUSE,DK	: u	15.23 	24.11 	10.33 	10.72 	: u	20.03 	: 	: 	: 
A,GE10,I55,E_ITSP2,PC_ENT_CUSE,EA	13.92 	12.26 	14.00 	13.62 	12.11 	12.39 	12.10 	: 	: 	: 
A,GE10,I55,E_ITSP2,PC_ENT_CUSE,EE	32.18 	23.40 	25.62 	22.38 	21.28 	18.96 	13.24 	: 	: 	: 
A,GE10,I55,E_ITSP2,PC_ENT_CUSE,EL	29.30 	27.57 	31.54 	: u	: u	25.83 	21.00 	: 	: 	: 
A,GE10,I55,E_ITSP2,PC_ENT_CUSE,ES	22.30 	22.06 	26.43 	27.73 	20.87 	20.81 	13.80 	: 	: 	: 
A,GE10,I55,E_ITSP2,PC_ENT_CUSE,EU15	15.91 	11.76 	13.35 	13.02 	12.30 	12.38 	: 	: 	: 	: 
A,GE10,I55,E_ITSP2,PC_ENT_CUSE,EU27_2007	16.46 	12.59 	13.70 	13.47 	12.48 	12.46 	: 	: 	: 	: 
A,GE10,I55,E_ITSP2,PC_ENT_CUSE,EU27_2020	14.62 	12.88 	14.31 	13.90 	12.33 	12.50 	13.21 	: 	: 	: 
A,GE10,I55,E_ITSP2,PC_ENT_CUSE,EU28	16.51 	12.68 	13.87 	13.52 	12.65 	12.55 	14.66 	: 	: 	: 
A,GE10,I55,E_ITSP2,PC_ENT_CUSE,FI	14.61 	19.86 	10.38 	12.70 	16.03 	4.75 	10.07 	: 	: 	: 
A,GE10,I55,E_ITSP2,PC_ENT_CUSE,FR	11.81 	7.94 	6.05 	9.27 	14.40 	12.32 	15.08 	: 	: 	: 
A,GE10,I55,E_ITSP2,PC_ENT_CUSE,HR	22.26 	27.87 	36.31 	: u	37.87 	23.32 	24.91 	: 	: 	: 
A,GE10,I55,E_ITSP2,PC_ENT_CUSE,HU	31.32 	33.13 	33.83 	35.76 	27.76 	27.27 	35.41 	: 	: 	: 
A,GE10,I55,E_ITSP2,PC_ENT_CUSE,IE	32.84 	20.82 	22.21 	34.65 	26.88 	23.87 	24.11 	: 	: 	: 
A,GE10,I55,E_ITSP2,PC_ENT_CUSE,IS	27.27 	21.33 	: 	: 	12.04 	: 	: 	: 	: 	: 
A,GE10,I55,E_ITSP2,PC_ENT_CUSE,IT	7.66 	5.68 	7.72 	3.40 	6.32 	5.94 	9.84 	: 	: 	: 
A,GE10,I55,E_ITSP2,PC_ENT_CUSE,LT	21.28 	14.65 	10.46 	14.86 	15.23 	20.63 	18.75 	: 	: 	: 
A,GE10,I55,E_ITSP2,PC_ENT_CUSE,LU	31.06 	7.35 	15.56 	4.42 	: u	: u	10.96 	: 	: 	: 
A,GE10,I55,E_ITSP2,PC_ENT_CUSE,LV	32.81 	23.94 	23.65 	22.94 	13.83 	12.21 	: u	: 	: 	: 
A,GE10,I55,E_ITSP2,PC_ENT_CUSE,ME	: 	: 	: 	: u	15.18 	16.91 	: u	: 	: 	: 
A,GE10,I55,E_ITSP2,PC_ENT_CUSE,MK	: u	: u	5.15 	3.34 	: 	: 	: 	: 	: 	: 
A,GE10,I55,E_ITSP2,PC_ENT_CUSE,MT	35.93 	38.21 	35.91 	39.81 	36.31 	31.85 	37.87 	: 	: 	: 
A,GE10,I55,E_ITSP2,PC_ENT_CUSE,NL	11.81 	13.44 	16.82 	13.19 	8.55 	15.65 	14.72 	: 	: 	: 
A,GE10,I55,E_ITSP2,PC_ENT_CUSE,NO	29.62 	14.02 	14.81 	14.19 	11.45 	19.84 	9.05 	: 	: 	: 
A,GE10,I55,E_ITSP2,PC_ENT_CUSE,PL	16.86 	6.06 	6.99 	8.99 	9.59 	7.82 	27.61 	: 	: 	: 
A,GE10,I55,E_ITSP2,PC_ENT_CUSE,PT	34.60 	21.49 	25.32 	26.61 	33.56 	23.82 	: u	: 	: 	: 
A,GE10,I55,E_ITSP2,PC_ENT_CUSE,RO	11.46 	12.71 	10.64 	5.97 	7.87 	4.49 	9.79 	: 	: 	: 
A,GE10,I55,E_ITSP2,PC_ENT_CUSE,RS	: 	35.15 	: 	: 	31.78 	25.54 	28.14 	: 	: 	: 
A,GE10,I55,E_ITSP2,PC_ENT_CUSE,SE	14.27 	5.27 	9.66 	9.31 	11.05 	12.93 	7.68 	: 	: 	: 
A,GE10,I55,E_ITSP2,PC_ENT_CUSE,SI	28.32 	17.80 	25.77 	25.53 	24.70 	17.94 	25.20 	: 	: 	: 
A,GE10,I55,E_ITSP2,PC_ENT_CUSE,SK	12.89 	13.32 	11.41 	4.07 	7.49 	12.10 	7.23 	: 	: 	: 
A,GE10,I55,E_ITSP2,PC_ENT_CUSE,TR	: 	: 	: u	: 	: 	25.18 	24.68 	: 	: 	: 
A,GE10,I55,E_ITSP2,PC_ENT_CUSE,UK	29.58 	11.39 	11.21 	10.99 	14.80 	12.88 	24.90 	: 	: 	: 
A,GE10,ICT,E_ITSP2,PC_ENT,AT	96.88 	93.77 	95.33 	89.59 	87.54 	: u	83.37 	92.31 	84.45 	84.49 
A,GE10,ICT,E_ITSP2,PC_ENT,BA	: 	: 	: 	: 	: 	78.34 	88.05 	76.56 	55.24 	84.61 
A,GE10,ICT,E_ITSP2,PC_ENT,BE	79.11 	89.54 	90.92 	89.43 	90.12 	92.12 	91.06 	91.22 	88.52 	84.61 
A,GE10,ICT,E_ITSP2,PC_ENT,BG	35.52 	73.16 	78.63 	73.13 	78.49 	71.21 	79.14 	71.56 	68.71 	72.00 
A,GE10,ICT,E_ITSP2,PC_ENT,CY	79.13 	91.13 	93.54 	89.84 	85.24 	80.69 	87.36 	82.39 	79.66 	90.88 
A,GE10,ICT,E_ITSP2,PC_ENT,CZ	86.76 	80.45 	77.97 	84.33 	81.57 	84.93 	83.11 	82.45 	81.75 	81.63 
A,GE10,ICT,E_ITSP2,PC_ENT,DE	82.86 	79.85 	76.26 	81.00 	77.41 	75.10 	75.22 	74.06 	83.40 	87.19 
A,GE10,ICT,E_ITSP2,PC_ENT,DK	82.87 	86.96 	85.13 	88.89 	89.40 	90.69 	91.09 	87.75 	89.37 	88.20 
A,GE10,ICT,E_ITSP2,PC_ENT,EA	77.65 	78.17 	78.02 	79.33 	78.51 	77.27 	77.18 	74.97 	79.13 	78.60 
A,GE10,ICT,E_ITSP2,PC_ENT,EE	76.90 	76.44 	83.34 	84.47 	80.33 	80.27 	82.68 	90.57 	89.59 	84.88 
A,GE10,ICT,E_ITSP2,PC_ENT,EL	79.33 	68.29 	73.40 	79.85 	79.91 	80.86 	84.07 	71.42 	83.62 	79.02 
A,GE10,ICT,E_ITSP2,PC_ENT,ES	79.14 	77.23 	78.24 	77.08 	73.30 	71.36 	75.38 	64.57 	69.01 	62.91 
A,GE10,ICT,E_ITSP2,PC_ENT,EU15	77.46 	78.36 	77.90 	77.59 	77.13 	76.99 	: 	: 	: 	: 
A,GE10,ICT,E_ITSP2,PC_ENT,EU27_2007	74.65 	76.70 	77.18 	76.84 	76.44 	76.45 	: 	: 	: 	: 
A,GE10,ICT,E_ITSP2,PC_ENT,EU27_2020	74.68 	76.60 	77.27 	78.09 	77.63 	76.82 	76.99 	75.28 	78.86 	78.61 
A,GE10,ICT,E_ITSP2,PC_ENT,EU28	74.69 	76.77 	77.27 	76.92 	76.48 	76.50 	76.60 	: 	: 	: 
A,GE10,ICT,E_ITSP2,PC_ENT,FI	89.73 	93.51 	90.67 	92.61 	91.26 	93.50 	91.83 	93.01 	93.43 	90.49 
A,GE10,ICT,E_ITSP2,PC_ENT,FR	71.15 	76.34 	80.26 	78.37 	79.49 	78.99 	78.45 	76.94 	84.35 b	78.95 
A,GE10,ICT,E_ITSP2,PC_ENT,HR	79.71 	87.17 	91.28 	90.65 	81.70 	82.48 	90.98 	84.10 	78.04 	93.53 
A,GE10,ICT,E_ITSP2,PC_ENT,HU	65.57 	79.49 	82.00 	83.55 	84.06 	84.41 	80.47 	85.31 	85.34 	83.36 
A,GE10,ICT,E_ITSP2,PC_ENT,IE	88.10 	72.38 	74.71 	82.44 	78.68 	81.85 	77.10 	85.99 	73.76 	78.74 
A,GE10,ICT,E_ITSP2,PC_ENT,IS	: u	85.07 	: 	: 	90.13 	: 	: 	62.14 	: 	: 
A,GE10,ICT,E_ITSP2,PC_ENT,IT	67.81 	73.83 	70.57 	74.97 	78.39 	74.58 	73.18 	68.48 	64.14 	62.07 
A,GE10,ICT,E_ITSP2,PC_ENT,LT	81.69 	84.64 	81.91 	79.48 	79.71 	100.00 	82.91 	82.10 	85.61 	87.38 
A,GE10,ICT,E_ITSP2,PC_ENT,LU	81.71 	79.14 	85.89 	87.36 	91.78 	90.33 	88.36 	83.14 	79.03 	78.30 
A,GE10,ICT,E_ITSP2,PC_ENT,LV	75.58 	75.88 	76.87 	73.36 	66.39 	72.01 	81.04 	79.26 	71.58 	82.88 
A,GE10,ICT,E_ITSP2,PC_ENT,ME	: 	: 	: 	: u	30.54 	: u	: u	: u	78.59 	54.80 
A,GE10,ICT,E_ITSP2,PC_ENT,MK	: u	81.42 	: u	70.41 	: 	: 	: 	72.16 	60.82 	: 
A,GE10,ICT,E_ITSP2,PC_ENT,MT	81.08 	89.50 	93.56 	89.48 	92.65 	94.66 	88.49 	84.70 	84.41 	87.90 
A,GE10,ICT,E_ITSP2,PC_ENT,NL	80.28 	78.59 	78.01 	73.76 	74.06 	79.35 	74.70 	73.42 	82.54 	82.10 
A,GE10,ICT,E_ITSP2,PC_ENT,NO	97.08 	83.79 	84.45 	70.31 	84.13 	77.52 	85.63 	75.26 	83.28 	80.02 
A,GE10,ICT,E_ITSP2,PC_ENT,PL	62.60 	53.50 	68.72 	68.19 	65.59 	67.16 	78.13 	81.69 	84.60 	82.38 
A,GE10,ICT,E_ITSP2,PC_ENT,PT	87.67 	: u	85.73 	84.24 	81.28 	80.77 	87.27 	88.29 	82.43 	84.18 
A,GE10,ICT,E_ITSP2,PC_ENT,RO	19.39 	56.86 	60.23 	56.34 	58.57 	58.37 	53.93 	53.59 	57.89 	58.88 
A,GE10,ICT,E_ITSP2,PC_ENT,RS	: 	77.33 	: 	: 	89.36 	86.53 	88.84 	92.45 	74.93 	77.90 
A,GE10,ICT,E_ITSP2,PC_ENT,SE	82.53 	79.97 	77.73 	70.98 	76.60 	77.98 	73.14 	72.37 	76.18 	82.11 b
A,GE10,ICT,E_ITSP2,PC_ENT,SI	82.21 	84.92 	86.88 	87.54 	78.25 	80.22 	89.81 	83.77 	80.13 	91.66 
A,GE10,ICT,E_ITSP2,PC_ENT,SK	71.86 	68.82 	74.20 	66.38 	76.74 	70.13 	65.22 	62.74 	69.43 	67.15 
A,GE10,ICT,E_ITSP2,PC_ENT,TR	: 	: 	: u	: 	: 	67.87 	73.46 	62.50 	75.11 	65.05 
A,GE10,ICT,E_ITSP2,PC_ENT,UK	74.69 	77.63 	77.24 	71.14 	70.63 	74.88 	74.61 	76.63 	: 	: 
A,GE10,ICT,E_ITSP2,PC_ENT_CUSE,AT	96.88 	93.77 	95.33 	89.59 	87.54 	: u	83.37 	: 	: 	: 
A,GE10,ICT,E_ITSP2,PC_ENT_CUSE,BA	: 	: 	: 	: 	: 	78.34 	88.05 	: 	: 	: 
A,GE10,ICT,E_ITSP2,PC_ENT_CUSE,BE	79.65 	89.98 	90.92 	89.43 	90.12 	92.12 	91.06 	: 	: 	: 
A,GE10,ICT,E_ITSP2,PC_ENT_CUSE,BG	37.71 	74.17 	78.63 	74.21 	78.49 	71.21 	79.14 	: 	: 	: 
A,GE10,ICT,E_ITSP2,PC_ENT_CUSE,CY	79.13 	91.13 	93.54 	89.84 	85.24 	80.69 	87.36 	: 	: 	: 
A,GE10,ICT,E_ITSP2,PC_ENT_CUSE,CZ	87.20 	80.78 	78.28 	84.33 	81.87 	85.04 	83.34 	: 	: 	: 
A,GE10,ICT,E_ITSP2,PC_ENT_CUSE,DE	82.89 	79.92 	76.26 	81.07 	77.41 	75.10 	75.99 	: 	: 	: 
A,GE10,ICT,E_ITSP2,PC_ENT_CUSE,DK	84.54 	87.47 	85.44 	88.89 	89.40 	90.69 	91.09 	: 	: 	: 
A,GE10,ICT,E_ITSP2,PC_ENT_CUSE,EA	77.74 	78.21 	78.13 	79.41 	78.56 	77.33 	77.49 	: 	: 	: 
A,GE10,ICT,E_ITSP2,PC_ENT_CUSE,EE	76.90 	78.55 	83.71 	84.47 	80.33 	80.67 	82.68 	: 	: 	: 
A,GE10,ICT,E_ITSP2,PC_ENT_CUSE,EL	82.86 	68.40 	77.99 	82.66 	81.16 	82.07 	84.61 	: 	: 	: 
A,GE10,ICT,E_ITSP2,PC_ENT_CUSE,ES	79.14 	77.23 	78.24 	77.08 	73.30 	71.36 	75.48 	: 	: 	: 
A,GE10,ICT,E_ITSP2,PC_ENT_CUSE,EU15	77.80 	78.41 	78.13 	77.67 	77.29 	77.36 	: 	: 	: 	: 
A,GE10,ICT,E_ITSP2,PC_ENT_CUSE,EU27_2007	75.26 	76.91 	77.49 	77.00 	76.75 	76.83 	: 	: 	: 	: 
A,GE10,ICT,E_ITSP2,PC_ENT_CUSE,EU27_2020	75.15 	76.83 	77.51 	78.25 	77.87 	76.92 	77.65 	: 	: 	: 
A,GE10,ICT,E_ITSP2,PC_ENT_CUSE,EU28	75.29 	76.98 	77.58 	77.08 	76.79 	76.88 	77.28 	: 	: 	: 
A,GE10,ICT,E_ITSP2,PC_ENT_CUSE,FI	89.73 	93.51 	90.67 	92.61 	91.26 	93.50 	91.83 	: 	: 	: 
A,GE10,ICT,E_ITSP2,PC_ENT_CUSE,FR	71.15 	76.34 	80.26 	78.37 	79.49 	78.99 	78.45 	: 	: 	: 
A,GE10,ICT,E_ITSP2,PC_ENT_CUSE,HR	79.71 	87.17 	91.28 	90.65 	81.70 	82.48 	90.98 	: 	: 	: 
A,GE10,ICT,E_ITSP2,PC_ENT_CUSE,HU	67.51 	80.44 	83.01 	83.75 	85.95 	85.57 	82.12 	: 	: 	: 
A,GE10,ICT,E_ITSP2,PC_ENT_CUSE,IE	88.10 	72.38 	76.09 	83.08 	78.88 	82.46 	77.92 	: 	: 	: 
A,GE10,ICT,E_ITSP2,PC_ENT_CUSE,IS	: u	85.07 	: 	: 	90.13 	: 	: 	: 	: 	: 
A,GE10,ICT,E_ITSP2,PC_ENT_CUSE,IT	67.86 	73.83 	70.57 	74.97 	78.49 	74.58 	73.21 	: 	: 	: 
A,GE10,ICT,E_ITSP2,PC_ENT_CUSE,LT	81.69 	84.64 	81.91 	79.48 	79.71 	100.00 	82.91 	: 	: 	: 
A,GE10,ICT,E_ITSP2,PC_ENT_CUSE,LU	81.71 	79.14 	85.89 	87.36 	91.78 	90.33 	88.36 	: 	: 	: 
A,GE10,ICT,E_ITSP2,PC_ENT_CUSE,LV	76.03 	75.88 	76.87 	73.36 	66.39 	72.01 	81.04 	: 	: 	: 
A,GE10,ICT,E_ITSP2,PC_ENT_CUSE,ME	: 	: 	: 	: u	30.54 	: u	: u	: 	: 	: 
A,GE10,ICT,E_ITSP2,PC_ENT_CUSE,MK	: u	81.42 	: u	71.64 	: 	: 	: 	: 	: 	: 
A,GE10,ICT,E_ITSP2,PC_ENT_CUSE,MT	81.08 	89.50 	93.56 	89.48 	92.65 	94.66 	88.49 	: 	: 	: 
A,GE10,ICT,E_ITSP2,PC_ENT_CUSE,NL	80.28 	78.59 	78.01 	73.76 	74.06 	79.35 	74.70 	: 	: 	: 
A,GE10,ICT,E_ITSP2,PC_ENT_CUSE,NO	97.08 	83.79 	84.45 	70.31 	84.13 	77.52 	85.63 	: 	: 	: 
A,GE10,ICT,E_ITSP2,PC_ENT_CUSE,PL	63.57 	53.72 	69.71 	68.68 	65.97 	67.20 	78.28 	: 	: 	: 
A,GE10,ICT,E_ITSP2,PC_ENT_CUSE,PT	87.67 	: u	85.73 	84.24 	81.28 	80.77 	87.27 	: 	: 	: 
A,GE10,ICT,E_ITSP2,PC_ENT_CUSE,RO	20.86 	59.80 	61.63 	57.63 	61.71 	59.06 	62.97 	: 	: 	: 
A,GE10,ICT,E_ITSP2,PC_ENT_CUSE,RS	: 	77.33 	: 	: 	89.36 	87.01 	88.84 	: 	: 	: 
A,GE10,ICT,E_ITSP2,PC_ENT_CUSE,SE	82.61 	79.97 	77.73 	70.98 	76.60 	77.98 	73.14 	: 	: 	: 
A,GE10,ICT,E_ITSP2,PC_ENT_CUSE,SI	82.21 	84.92 	86.88 	87.54 	78.25 	81.56 	89.81 	: 	: 	: 
A,GE10,ICT,E_ITSP2,PC_ENT_CUSE,SK	73.56 	68.82 	74.20 	66.38 	77.62 	70.89 	66.66 	: 	: 	: 
A,GE10,ICT,E_ITSP2,PC_ENT_CUSE,TR	: 	: 	: u	: 	: 	67.92 	73.51 	: 	: 	: 
A,GE10,ICT,E_ITSP2,PC_ENT_CUSE,UK	76.09 	77.70 	77.93 	71.26 	71.24 	76.68 	75.38 	: 	: 	: 
A,GE10,J,E_ITSP2,PC_ENT,AL	: 	: 	: 	: 	: 	: 	: 	: 	80.26 b	: 
A,GE10,J,E_ITSP2,PC_ENT,AT	90.34 	85.56 	85.93 	81.67 	84.55 	75.36 	79.04 	88.96 	80.81 	80.74 
A,GE10,J,E_ITSP2,PC_ENT,BA	: 	: 	: 	: 	: 	67.90 	74.62 	69.94 	47.49 	75.17 
A,GE10,J,E_ITSP2,PC_ENT,BE	63.93 	86.73 	81.52 	78.89 	85.95 	83.76 	85.90 	87.15 	85.93 	79.31 
A,GE10,J,E_ITSP2,PC_ENT,BG	34.24 	71.83 	77.88 	72.04 	74.33 	67.52 	77.46 	67.16 	68.99 	71.95 
A,GE10,J,E_ITSP2,PC_ENT,CY	76.48 	80.35 	83.30 	82.56 	73.24 	69.58 	78.17 	81.86 	73.14 	84.75 
A,GE10,J,E_ITSP2,PC_ENT,CZ	85.86 	85.48 	86.48 	87.09 	85.99 	84.74 	86.26 	85.30 	83.49 	84.20 
A,GE10,J,E_ITSP2,PC_ENT,DE	76.67 	79.40 	78.20 	82.17 	73.25 	70.53 	72.74 	71.32 	80.58 	82.15 
A,GE10,J,E_ITSP2,PC_ENT,DK	85.03 	85.02 	82.36 	84.37 	83.75 	85.34 	88.92 	87.13 	89.16 	86.46 
A,GE10,J,E_ITSP2,PC_ENT,EA	71.98 	73.90 	75.37 	76.38 	74.07 	73.62 	72.60 	71.53 	76.29 	75.53 
A,GE10,J,E_ITSP2,PC_ENT,EE	69.20 	69.13 	74.63 	74.09 	73.67 	69.47 	74.50 	83.26 	83.59 	80.86 
A,GE10,J,E_ITSP2,PC_ENT,EL	: u	: u	: u	: u	: u	: u	: u	56.01 	70.58 	72.50 
A,GE10,J,E_ITSP2,PC_ENT,ES	72.03 	72.10 	75.25 	75.30 	69.90 	73.21 	63.72 	60.49 	66.52 	62.04 
A,GE10,J,E_ITSP2,PC_ENT,EU15	72.28 	74.00 	75.40 	74.48 	72.78 	73.78 	: 	: 	: 	: 
A,GE10,J,E_ITSP2,PC_ENT,EU27_2007	69.76 	72.76 	74.76 	74.02 	72.46 	73.44 	: 	: 	: 	: 
A,GE10,J,E_ITSP2,PC_ENT,EU27_2020	69.37 	72.76 	74.79 	75.26 	73.75 	73.53 	73.13 	72.40 	76.79 	76.24 
A,GE10,J,E_ITSP2,PC_ENT,EU28	69.79 	72.77 	74.82 	74.02 	72.51 	73.51 	72.75 	: 	: 	: 
A,GE10,J,E_ITSP2,PC_ENT,FI	83.40 	84.92 	82.68 	82.61 	83.14 	83.94 	83.57 	86.91 	88.70 	83.22 
A,GE10,J,E_ITSP2,PC_ENT,FR	66.43 	69.37 	74.88 	72.23 	73.58 	72.25 	70.37 	70.46 	80.66 b	73.54 
A,GE10,J,E_ITSP2,PC_ENT,HR	73.74 	73.47 	82.26 	74.83 	79.87 	82.11 	72.92 	78.66 	80.87 	85.08 
A,GE10,J,E_ITSP2,PC_ENT,HU	65.40 	74.45 	77.41 	79.43 	80.82 	81.23 	79.47 	83.18 	88.00 	82.77 
A,GE10,J,E_ITSP2,PC_ENT,IE	84.90 	69.50 	73.33 	76.92 	76.95 	77.52 	76.56 	80.35 	72.41 	72.19 
A,GE10,J,E_ITSP2,PC_ENT,IS	80.23 	72.08 	: 	: 	80.50 	: 	: 	54.55 	: 	: 
A,GE10,J,E_ITSP2,PC_ENT,IT	59.90 	66.84 	66.38 	68.28 	73.15 	71.11 	69.50 	66.23 	59.89 	62.03 
A,GE10,J,E_ITSP2,PC_ENT,LT	71.25 	77.29 	68.81 	69.48 	75.23 	81.50 	79.44 	76.83 	84.13 	83.96 
A,GE10,J,E_ITSP2,PC_ENT,LU	79.51 	78.08 	84.00 	81.83 	88.94 	87.54 	85.23 	80.47 	78.48 	78.57 
A,GE10,J,E_ITSP2,PC_ENT,LV	67.80 	74.26 	74.91 	72.79 	65.50 	67.71 	73.19 	72.95 	64.47 	80.39 
A,GE10,J,E_ITSP2,PC_ENT,ME	: 	: 	: 	45.28 	30.92 	: u	: u	: u	65.46 	52.49 
A,GE10,J,E_ITSP2,PC_ENT,MK	: u	69.67 	71.49 	70.45 	: 	: 	: 	66.00 	62.64 	: 
A,GE10,J,E_ITSP2,PC_ENT,MT	70.18 	78.37 	80.78 	83.73 	83.08 	83.94 	83.11 	76.90 	82.46 	87.43 
A,GE10,J,E_ITSP2,PC_ENT,NL	78.40 	78.20 	76.65 	75.64 	73.72 	81.61 	76.65 	74.24 	80.61 	82.11 
A,GE10,J,E_ITSP2,PC_ENT,NO	82.17 	74.52 	73.98 	60.09 	73.27 	63.00 	71.23 	65.86 	74.20 	72.05 
A,GE10,J,E_ITSP2,PC_ENT,PL	57.37 	50.38 	61.68 	64.96 	61.54 	66.75 	77.25 	81.65 	84.35 	85.02 
A,GE10,J,E_ITSP2,PC_ENT,PT	86.39 	: u	81.63 	81.31 	73.16 	79.35 	80.16 	84.59 	80.09 	80.64 
A,GE10,J,E_ITSP2,PC_ENT,RO	19.26 	54.17 	60.11 	56.00 	58.36 	56.73 	52.87 	53.40 	59.51 	58.39 
A,GE10,J,E_ITSP2,PC_ENT,RS	: 	70.70 	: 	: 	74.36 	74.44 	76.07 	83.04 	85.07 	88.05 
A,GE10,J,E_ITSP2,PC_ENT,SE	75.66 	77.77 	76.81 	68.29 	76.57 	76.22 	72.00 	71.87 	76.10 	80.79 b
A,GE10,J,E_ITSP2,PC_ENT,SI	78.65 	90.04 	91.76 	93.80 	75.35 	95.32 	89.13 	91.38 	87.08 	98.25 
A,GE10,J,E_ITSP2,PC_ENT,SK	80.59 	69.51 	77.59 	73.09 	79.72 	76.05 	71.31 	69.63 	71.88 	69.72 
A,GE10,J,E_ITSP2,PC_ENT,TR	: 	: 	: u	: 	: 	67.57 	73.41 	65.59 	76.22 	66.64 
A,GE10,J,E_ITSP2,PC_ENT,UK	72.03 	72.78 	74.92 	68.23 	66.55 	73.46 	70.89 	69.45 	: 	: 
A,GE10,J,E_ITSP2,PC_ENT_CUSE,AT	90.34 	85.56 	85.93 	81.67 	84.55 	75.36 	79.04 	: 	: 	: 
A,GE10,J,E_ITSP2,PC_ENT_CUSE,BA	: 	: 	: 	: 	: 	67.90 	74.62 	: 	: 	: 
A,GE10,J,E_ITSP2,PC_ENT_CUSE,BE	64.39 	88.39 	81.52 	78.89 	85.95 	83.76 	85.90 	: 	: 	: 
A,GE10,J,E_ITSP2,PC_ENT_CUSE,BG	34.67 	73.33 	77.88 	72.98 	74.33 	67.52 	77.46 	: 	: 	: 
A,GE10,J,E_ITSP2,PC_ENT_CUSE,CY	76.48 	82.15 	84.72 	82.56 	74.53 	72.01 	80.88 	: 	: 	: 
A,GE10,J,E_ITSP2,PC_ENT_CUSE,CZ	86.33 	85.83 	86.82 	87.09 	86.23 	84.80 	86.42 	: 	: 	: 
A,GE10,J,E_ITSP2,PC_ENT_CUSE,DE	76.71 	79.47 	78.20 	82.35 	73.50 	70.53 	72.96 	: 	: 	: 
A,GE10,J,E_ITSP2,PC_ENT_CUSE,DK	85.46 	85.57 	82.69 	84.37 	83.75 	85.34 	88.92 	: 	: 	: 
A,GE10,J,E_ITSP2,PC_ENT_CUSE,EA	72.09 	74.02 	75.48 	76.52 	74.22 	73.67 	72.75 	: 	: 	: 
A,GE10,J,E_ITSP2,PC_ENT_CUSE,EE	69.76 	71.15 	74.93 	75.03 	73.67 	69.78 	74.79 	: 	: 	: 
A,GE10,J,E_ITSP2,PC_ENT_CUSE,EL	: u	: u	: u	: u	: u	: u	: u	: 	: 	: 
A,GE10,J,E_ITSP2,PC_ENT_CUSE,ES	72.03 	72.16 	75.25 	75.30 	69.90 	73.21 	63.79 	: 	: 	: 
A,GE10,J,E_ITSP2,PC_ENT_CUSE,EU15	72.60 	74.19 	75.59 	74.70 	73.19 	74.25 	: 	: 	: 	: 
A,GE10,J,E_ITSP2,PC_ENT_CUSE,EU27_2007	70.33 	73.14 	75.07 	74.30 	72.98 	73.92 	: 	: 	: 	: 
A,GE10,J,E_ITSP2,PC_ENT_CUSE,EU27_2020	69.81 	73.11 	75.06 	75.48 	74.08 	73.66 	73.68 	: 	: 	: 
A,GE10,J,E_ITSP2,PC_ENT_CUSE,EU28	70.36 	73.14 	75.12 	74.30 	73.03 	73.99 	73.47 	: 	: 	: 
A,GE10,J,E_ITSP2,PC_ENT_CUSE,FI	83.40 	84.92 	82.68 	82.61 	83.14 	83.94 	83.57 	: 	: 	: 
A,GE10,J,E_ITSP2,PC_ENT_CUSE,FR	66.43 	69.37 	74.88 	72.23 	73.58 	72.25 	70.37 	: 	: 	: 
A,GE10,J,E_ITSP2,PC_ENT_CUSE,HR	73.74 	73.47 	82.26 	74.83 	79.87 	82.11 	72.92 	: 	: 	: 
A,GE10,J,E_ITSP2,PC_ENT_CUSE,HU	66.97 	76.07 	78.46 	79.63 	83.59 	83.33 	81.19 	: 	: 	: 
A,GE10,J,E_ITSP2,PC_ENT_CUSE,IE	84.90 	69.62 	75.54 	77.51 	77.14 	78.27 	77.36 	: 	: 	: 
A,GE10,J,E_ITSP2,PC_ENT_CUSE,IS	80.23 	72.08 	: 	: 	80.50 	: 	: 	: 	: 	: 
A,GE10,J,E_ITSP2,PC_ENT_CUSE,IT	59.92 	66.84 	66.40 	68.28 	73.25 	71.11 	69.54 	: 	: 	: 
A,GE10,J,E_ITSP2,PC_ENT_CUSE,LT	71.25 	77.29 	68.81 	69.48 	75.23 	81.50 	79.44 	: 	: 	: 
A,GE10,J,E_ITSP2,PC_ENT_CUSE,LU	79.51 	78.08 	84.00 	81.83 	88.94 	87.54 	85.23 	: 	: 	: 
A,GE10,J,E_ITSP2,PC_ENT_CUSE,LV	67.80 	74.26 	74.91 	72.79 	65.50 	67.71 	73.19 	: 	: 	: 
A,GE10,J,E_ITSP2,PC_ENT_CUSE,ME	: 	: 	: 	46.38 	30.92 	: u	: u	: 	: 	: 
A,GE10,J,E_ITSP2,PC_ENT_CUSE,MK	: u	70.70 	71.49 	70.45 	: 	: 	: 	: 	: 	: 
A,GE10,J,E_ITSP2,PC_ENT_CUSE,MT	70.18 	78.37 	80.78 	84.70 	83.08 	83.94 	83.11 	: 	: 	: 
A,GE10,J,E_ITSP2,PC_ENT_CUSE,NL	78.40 	78.20 	76.65 	75.64 	73.72 	81.61 	76.65 	: 	: 	: 
A,GE10,J,E_ITSP2,PC_ENT_CUSE,NO	82.25 	74.52 	74.07 	60.09 	73.27 	63.00 	71.23 	: 	: 	: 
A,GE10,J,E_ITSP2,PC_ENT_CUSE,PL	58.74 	51.18 	62.70 	65.41 	61.63 	66.89 	77.40 	: 	: 	: 
A,GE10,J,E_ITSP2,PC_ENT_CUSE,PT	86.39 	: u	81.63 	81.31 	73.16 	79.35 	80.16 	: 	: 	: 
A,GE10,J,E_ITSP2,PC_ENT_CUSE,RO	21.09 	57.10 	62.05 	57.40 	61.82 	57.87 	63.01 	: 	: 	: 
A,GE10,J,E_ITSP2,PC_ENT_CUSE,RS	: 	70.70 	: 	: 	74.36 	74.81 	76.07 	: 	: 	: 
A,GE10,J,E_ITSP2,PC_ENT_CUSE,SE	75.95 	77.77 	76.81 	68.29 	76.57 	76.22 	72.00 	: 	: 	: 
A,GE10,J,E_ITSP2,PC_ENT_CUSE,SI	78.65 	90.04 	91.76 	93.80 	75.35 	95.32 	89.13 	: 	: 	: 
A,GE10,J,E_ITSP2,PC_ENT_CUSE,SK	82.91 	69.51 	77.59 	73.09 	79.72 	76.05 	73.14 	: 	: 	: 
A,GE10,J,E_ITSP2,PC_ENT_CUSE,TR	: 	: 	: u	: 	: 	67.64 	73.44 	: 	: 	: 
A,GE10,J,E_ITSP2,PC_ENT_CUSE,UK	73.33 	73.27 	75.40 	68.76 	67.92 	75.61 	72.41 	: 	: 	: 
A,GE10,J58-J60,E_ITSP2,PC_ENT,AT	: u	: u	: u	: u	: u	: u	: u	: u	: u	: u
A,GE10,J58-J60,E_ITSP2,PC_ENT,BA	: 	: 	: 	: 	: 	47.61 	48.00 	52.43 	40.43 	51.06 
A,GE10,J58-J60,E_ITSP2,PC_ENT,BE	41.96 	: u	: u	: u	: u	: u	: u	: u	: u	: u
A,GE10,J58-J60,E_ITSP2,PC_ENT,BG	22.55 	: u	: u	40.04 	38.74 	29.41 	41.90 	39.74 	44.08 	42.58 
A,GE10,J58-J60,E_ITSP2,PC_ENT,CY	71.59 	67.04 	65.28 	68.01 	51.27 	57.89 	53.48 	69.67 	52.71 	59.94 
A,GE10,J58-J60,E_ITSP2,PC_ENT,CZ	61.00 	57.25 	59.11 	57.95 	55.90 	54.21 	58.40 	60.62 	56.23 	61.47 
A,GE10,J58-J60,E_ITSP2,PC_ENT,DE	39.54 	52.62 	42.28 	41.71 	38.42 	35.44 	33.44 	42.78 	48.65 	46.59 
A,GE10,J58-J60,E_ITSP2,PC_ENT,DK	: u	67.73 	51.69 	60.74 	59.98 	62.30 	68.88 	64.01 	66.31 	60.26 
A,GE10,J58-J60,E_ITSP2,PC_ENT,EA	46.07 	49.18 	49.64 	46.95 	45.26 	44.53 	41.43 	45.70 	49.24 	47.83 
A,GE10,J58-J60,E_ITSP2,PC_ENT,EE	38.71 	31.99 	35.78 	22.58 	30.68 	16.47 	24.84 	24.65 	24.03 	37.25 
A,GE10,J58-J60,E_ITSP2,PC_ENT,EL	70.95 	32.38 	: u	49.77 	: u	: u	: u	: u	47.95 	50.29 
A,GE10,J58-J60,E_ITSP2,PC_ENT,ES	: u	: u	: u	: u	: u	: u	: u	: u	: u	: u
A,GE10,J58-J60,E_ITSP2,PC_ENT,EU15	47.08 	47.04 	49.58 	46.89 	45.23 	45.71 	: 	: 	: 	: 
A,GE10,J58-J60,E_ITSP2,PC_ENT,EU27_2007	45.45 	46.68 	49.15 	46.93 	44.36 	45.72 	: 	: 	: 	: 
A,GE10,J58-J60,E_ITSP2,PC_ENT,EU27_2020	45.28 	48.93 	49.55 	47.18 	45.45 	45.38 	42.95 	47.60 	51.55 	49.46 
A,GE10,J58-J60,E_ITSP2,PC_ENT,EU28	45.59 	46.66 	49.10 	46.73 	44.48 	45.83 	43.10 	: 	: 	: 
A,GE10,J58-J60,E_ITSP2,PC_ENT,FI	: u	: u	: u	: u	: u	: u	: u	: u	: u	: u
A,GE10,J58-J60,E_ITSP2,PC_ENT,FR	47.98 	51.68 	59.21 	51.85 	54.42 	54.45 	49.94 	51.90 	58.54 b	55.32 
A,GE10,J58-J60,E_ITSP2,PC_ENT,HR	59.07 	44.07 	43.05 	: u	62.27 	60.23 	16.31 	31.90 	55.98 	41.15 
A,GE10,J58-J60,E_ITSP2,PC_ENT,HU	45.54 	54.89 	57.05 	53.24 	54.89 	59.54 	55.74 	61.92 	77.73 	63.99 
A,GE10,J58-J60,E_ITSP2,PC_ENT,IE	68.90 	58.51 	69.34 	72.66 	66.02 	65.72 	66.01 	57.45 	59.67 	51.10 
A,GE10,J58-J60,E_ITSP2,PC_ENT,IS	53.85 	45.35 	: 	: 	49.81 	: 	: 	13.33 	: 	: 
A,GE10,J58-J60,E_ITSP2,PC_ENT,IT	27.64 	38.50 	39.66 	36.92 	38.24 	33.53 	35.67 	28.53 	24.72 	33.36 
A,GE10,J58-J60,E_ITSP2,PC_ENT,LT	40.76 	42.55 	22.66 	29.41 	41.32 	39.45 	40.21 	37.37 	40.26 	: u
A,GE10,J58-J60,E_ITSP2,PC_ENT,LU	: u	: u	: u	: u	: u	: u	: u	: u	: u	: u
A,GE10,J58-J60,E_ITSP2,PC_ENT,LV	38.03 	57.81 	44.46 	48.51 	34.67 	30.66 	34.13 	35.41 	35.06 	37.46 
A,GE10,J58-J60,E_ITSP2,PC_ENT,ME	: 	: 	: 	: u	: u	: u	: u	: u	43.92 	60.21 
A,GE10,J58-J60,E_ITSP2,PC_ENT,MK	: u	: u	: u	44.99 	: 	: 	: 	: u	: u	: 
A,GE10,J58-J60,E_ITSP2,PC_ENT,MT	44.73 	37.47 	41.88 	51.78 	41.75 	43.61 	50.10 	36.04 	60.24 	65.86 
A,GE10,J58-J60,E_ITSP2,PC_ENT,NL	46.26 	48.41 	50.68 	53.41 	48.67 	53.82 	52.13 	52.42 	56.23 	51.42 
A,GE10,J58-J60,E_ITSP2,PC_ENT,NO	62.58 	55.02 	53.90 	46.84 	56.01 	42.76 	46.83 	46.65 	53.00 	52.15 
A,GE10,J58-J60,E_ITSP2,PC_ENT,PL	: u	30.89 	38.52 	47.42 	33.78 	45.32 	55.44 	66.23 	69.27 	59.31 
A,GE10,J58-J60,E_ITSP2,PC_ENT,PT	75.94 	: u	: u	: u	36.99 	: u	: u	: u	: u	53.61 
A,GE10,J58-J60,E_ITSP2,PC_ENT,RO	10.68 	45.84 	52.01 	43.40 	34.66 	42.54 	34.45 	39.98 	47.46 	37.79 
A,GE10,J58-J60,E_ITSP2,PC_ENT,RS	: 	60.79 	: 	: 	37.01 	44.23 	46.82 	53.21 	44.72 	61.42 
A,GE10,J58-J60,E_ITSP2,PC_ENT,SE	54.78 	55.07 	50.15 	48.73 	54.60 	47.52 	47.52 	56.04 	57.41 	63.46 b
A,GE10,J58-J60,E_ITSP2,PC_ENT,SI	33.33 	63.39 	67.44 	76.92 	11.25 	100.00 	56.49 	: u	: u	84.29 
A,GE10,J58-J60,E_ITSP2,PC_ENT,SK	53.89 	37.05 	25.12 	36.01 	36.00 	59.21 	40.37 	41.16 	38.74 	41.92 
A,GE10,J58-J60,E_ITSP2,PC_ENT,TR	: 	: 	: u	: 	: 	41.05 	43.18 	46.17 	52.54 	49.51 
A,GE10,J58-J60,E_ITSP2,PC_ENT,UK	47.56 	34.37 	46.71 	44.33 	: u	: u	: u	: u	: 	: 
A,GE10,J58-J60,E_ITSP2,PC_ENT_CUSE,AT	: u	: u	: u	: u	: u	: u	: u	: 	: 	: 
A,GE10,J58-J60,E_ITSP2,PC_ENT_CUSE,BA	: 	: 	: 	: 	: 	47.61 	48.00 	: 	: 	: 
A,GE10,J58-J60,E_ITSP2,PC_ENT_CUSE,BE	41.96 	: u	: u	: u	: u	: u	: u	: 	: 	: 
A,GE10,J58-J60,E_ITSP2,PC_ENT_CUSE,BG	22.55 	: u	: u	40.91 	38.74 	29.41 	41.90 	: 	: 	: 
A,GE10,J58-J60,E_ITSP2,PC_ENT_CUSE,CY	71.59 	69.92 	68.25 	68.01 	54.20 	63.22 	60.52 	: 	: 	: 
A,GE10,J58-J60,E_ITSP2,PC_ENT_CUSE,CZ	61.59 	57.25 	59.11 	57.95 	55.90 	54.21 	58.40 	: 	: 	: 
A,GE10,J58-J60,E_ITSP2,PC_ENT_CUSE,DE	39.62 	52.62 	42.28 	41.83 	38.94 	35.44 	33.87 	: 	: 	: 
A,GE10,J58-J60,E_ITSP2,PC_ENT_CUSE,DK	: u	67.73 	51.69 	60.74 	59.98 	62.30 	68.88 	: 	: 	: 
A,GE10,J58-J60,E_ITSP2,PC_ENT_CUSE,EA	46.14 	49.35 	49.70 	47.09 	45.53 	44.59 	41.65 	: 	: 	: 
A,GE10,J58-J60,E_ITSP2,PC_ENT_CUSE,EE	39.61 	31.99 	35.78 	23.70 	30.68 	16.47 	25.28 	: 	: 	: 
A,GE10,J58-J60,E_ITSP2,PC_ENT_CUSE,EL	72.58 	33.52 	: u	52.28 	: u	: u	: u	: 	: 	: 
A,GE10,J58-J60,E_ITSP2,PC_ENT_CUSE,ES	: u	: u	: u	: u	: u	: u	: u	: 	: 	: 
A,GE10,J58-J60,E_ITSP2,PC_ENT_CUSE,EU15	47.32 	47.40 	49.63 	47.21 	45.86 	46.03 	: 	: 	: 	: 
A,GE10,J58-J60,E_ITSP2,PC_ENT_CUSE,EU27_2007	45.87 	47.14 	49.26 	47.31 	45.00 	46.11 	: 	: 	: 	: 
A,GE10,J58-J60,E_ITSP2,PC_ENT_CUSE,EU27_2020	45.59 	49.23 	49.68 	47.40 	45.78 	45.56 	43.35 	: 	: 	: 
A,GE10,J58-J60,E_ITSP2,PC_ENT_CUSE,EU28	46.01 	47.10 	49.21 	47.10 	45.12 	46.22 	43.79 	: 	: 	: 
A,GE10,J58-J60,E_ITSP2,PC_ENT_CUSE,FI	: u	: u	: u	: u	: u	: u	: u	: 	: 	: 
A,GE10,J58-J60,E_ITSP2,PC_ENT_CUSE,FR	47.98 	51.68 	59.21 	51.85 	54.42 	54.45 	49.94 	: 	: 	: 
A,GE10,J58-J60,E_ITSP2,PC_ENT_CUSE,HR	59.07 	44.07 	43.05 	: u	62.27 	60.23 	16.31 	: 	: 	: 
A,GE10,J58-J60,E_ITSP2,PC_ENT_CUSE,HU	46.74 	56.45 	57.53 	53.41 	57.40 	62.83 	56.24 	: 	: 	: 
A,GE10,J58-J60,E_ITSP2,PC_ENT_CUSE,IE	68.90 	58.51 	71.80 	72.66 	66.02 	66.23 	66.01 	: 	: 	: 
A,GE10,J58-J60,E_ITSP2,PC_ENT_CUSE,IS	53.85 	45.35 	: 	: 	49.81 	: 	: 	: 	: 	: 
A,GE10,J58-J60,E_ITSP2,PC_ENT_CUSE,IT	27.64 	38.50 	39.66 	36.92 	38.24 	33.53 	35.67 	: 	: 	: 
A,GE10,J58-J60,E_ITSP2,PC_ENT_CUSE,LT	40.76 	42.55 	22.66 	29.41 	41.32 	39.45 	40.21 	: 	: 	: 
A,GE10,J58-J60,E_ITSP2,PC_ENT_CUSE,LU	: u	: u	: u	: u	: u	: u	: u	: 	: 	: 
A,GE10,J58-J60,E_ITSP2,PC_ENT_CUSE,LV	38.03 	57.81 	44.46 	48.51 	34.67 	30.66 	34.13 	: 	: 	: 
A,GE10,J58-J60,E_ITSP2,PC_ENT_CUSE,ME	: 	: 	: 	: u	: u	: u	: u	: 	: 	: 
A,GE10,J58-J60,E_ITSP2,PC_ENT_CUSE,MK	: u	: u	: u	44.99 	: 	: 	: 	: 	: 	: 
A,GE10,J58-J60,E_ITSP2,PC_ENT_CUSE,MT	44.73 	37.47 	41.88 	54.16 	41.75 	43.61 	50.10 	: 	: 	: 
A,GE10,J58-J60,E_ITSP2,PC_ENT_CUSE,NL	46.26 	48.41 	50.68 	53.41 	48.67 	53.82 	52.13 	: 	: 	: 
A,GE10,J58-J60,E_ITSP2,PC_ENT_CUSE,NO	62.71 	55.02 	54.06 	46.84 	56.01 	42.76 	46.83 	: 	: 	: 
A,GE10,J58-J60,E_ITSP2,PC_ENT_CUSE,PL	: u	31.76 	38.93 	47.79 	33.97 	45.72 	55.44 	: 	: 	: 
A,GE10,J58-J60,E_ITSP2,PC_ENT_CUSE,PT	75.94 	: u	: u	: u	36.99 	: u	: u	: 	: 	: 
A,GE10,J58-J60,E_ITSP2,PC_ENT_CUSE,RO	11.82 	48.11 	53.56 	46.10 	36.40 	44.25 	40.89 	: 	: 	: 
A,GE10,J58-J60,E_ITSP2,PC_ENT_CUSE,RS	: 	60.79 	: 	: 	37.01 	44.23 	46.82 	: 	: 	: 
A,GE10,J58-J60,E_ITSP2,PC_ENT_CUSE,SE	55.18 	55.07 	50.15 	48.73 	54.60 	47.52 	47.52 	: 	: 	: 
A,GE10,J58-J60,E_ITSP2,PC_ENT_CUSE,SI	33.33 	63.39 	67.44 	76.92 	11.25 	100.00 	56.49 	: 	: 	: 
A,GE10,J58-J60,E_ITSP2,PC_ENT_CUSE,SK	53.89 	37.05 	25.12 	36.01 	36.00 	59.21 	42.05 	: 	: 	: 
A,GE10,J58-J60,E_ITSP2,PC_ENT_CUSE,TR	: 	: 	: u	: 	: 	41.09 	43.18 	: 	: 	: 
A,GE10,J58-J60,E_ITSP2,PC_ENT_CUSE,UK	48.65 	35.34 	46.75 	45.49 	: u	: u	: u	: 	: 	: 
A,GE10,J61,E_ITSP2,PC_ENT,AT	: u	: u	: u	: u	: u	: u	: u	: u	: u	: u
A,GE10,J61,E_ITSP2,PC_ENT,BA	: 	: 	: 	: 	: 	65.96 	68.75 	85.94 	69.51 	79.26 
A,GE10,J61,E_ITSP2,PC_ENT,BE	89.91 	88.40 	: u	: u	: u	: u	90.63 	: u	: u	: u
A,GE10,J61,E_ITSP2,PC_ENT,BG	31.52 	: u	: u	47.17 	69.47 	49.12 	66.39 	46.83 	33.10 	58.09 
A,GE10,J61,E_ITSP2,PC_ENT,CY	62.51 	100.00 	100.00 	86.11 	74.14 	73.91 	76.54 	71.75 	79.73 	70.29 
A,GE10,J61,E_ITSP2,PC_ENT,CZ	88.97 	85.50 	90.96 	96.08 	84.64 	84.49 	86.84 	76.90 	75.41 	75.62 
A,GE10,J61,E_ITSP2,PC_ENT,DE	70.18 	72.40 	70.36 	79.57 	66.59 	64.21 	59.84 	80.56 	79.93 	70.65 
A,GE10,J61,E_ITSP2,PC_ENT,DK	: u	71.67 	79.78 	70.60 	84.56 	75.87 	88.52 	76.59 	86.92 	81.57 
A,GE10,J61,E_ITSP2,PC_ENT,EA	78.85 	72.43 	72.78 	75.57 	70.42 	70.68 	65.90 	68.86 	67.71 	62.80 
A,GE10,J61,E_ITSP2,PC_ENT,EE	86.96 	87.43 	95.83 	90.40 	94.57 	86.67 	92.31 	90.40 	89.29 	89.68 
A,GE10,J61,E_ITSP2,PC_ENT,EL	: u	: u	: u	: u	: u	: u	: u	: u	81.07 	39.32 
A,GE10,J61,E_ITSP2,PC_ENT,ES	: u	: u	: u	: u	: u	: u	: u	: u	: u	: u
A,GE10,J61,E_ITSP2,PC_ENT,EU15	79.86 	72.86 	78.21 	73.23 	68.49 	71.25 	: 	: 	: 	: 
A,GE10,J61,E_ITSP2,PC_ENT,EU27_2007	71.04 	68.42 	73.83 	69.99 	67.54 	69.54 	: 	: 	: 	: 
A,GE10,J61,E_ITSP2,PC_ENT,EU27_2020	67.33 	65.95 	68.87 	70.18 	68.36 	67.97 	65.39 	67.76 	66.78 	65.10 
A,GE10,J61,E_ITSP2,PC_ENT,EU28	70.71 	68.27 	73.94 	70.24 	67.45 	69.40 	67.01 	: 	: 	: 
A,GE10,J61,E_ITSP2,PC_ENT,FI	: u	: u	: u	: u	: u	: u	: u	: u	: u	: u
A,GE10,J61,E_ITSP2,PC_ENT,FR	74.04 	57.96 	67.06 	66.42 	62.99 	: u	57.72 	: u	52.99 b	66.20 
A,GE10,J61,E_ITSP2,PC_ENT,HR	: u	: u	: u	97.02 	58.04 	59.29 	24.25 	56.00 	26.77 	66.23 
A,GE10,J61,E_ITSP2,PC_ENT,HU	56.95 	72.79 	74.65 	74.60 	77.47 	69.90 	71.05 	80.03 	77.74 	69.50 
A,GE10,J61,E_ITSP2,PC_ENT,IE	83.48 	71.11 	97.95 	79.57 	59.89 	73.10 	72.77 	68.78 	61.63 	74.80 
A,GE10,J61,E_ITSP2,PC_ENT,IS	: u	: u	: 	: 	60.00 	: 	: 	60.00 	: 	: 
A,GE10,J61,E_ITSP2,PC_ENT,IT	91.04 	82.89 	78.63 	78.78 	80.96 	76.87 	80.94 	74.47 	72.39 	74.19 
A,GE10,J61,E_ITSP2,PC_ENT,LT	80.95 	78.18 	76.00 	80.00 	76.60 	100.00 	68.75 	84.38 	72.73 	: u
A,GE10,J61,E_ITSP2,PC_ENT,LU	: u	: u	: u	: u	: u	: u	: u	: u	: u	: u
A,GE10,J61,E_ITSP2,PC_ENT,LV	68.58 	67.99 	80.07 	68.36 	61.62 	79.84 	85.83 	90.78 	87.50 	95.54 
A,GE10,J61,E_ITSP2,PC_ENT,ME	: 	: 	: 	60.29 	50.00 	88.10 	100.00 	100.00 	62.50 	64.71 
A,GE10,J61,E_ITSP2,PC_ENT,MK	: u	: u	: u	68.33 	: 	: 	: 	: u	: u	: 
A,GE10,J61,E_ITSP2,PC_ENT,MT	100.00 	: u	: u	100.00 	: u	: u	: u	: u	: u	: u
A,GE10,J61,E_ITSP2,PC_ENT,NL	77.86 	81.65 	72.97 	72.50 	76.50 	78.71 	90.12 	77.09 	85.00 	74.69 
A,GE10,J61,E_ITSP2,PC_ENT,NO	88.41 	72.53 	62.28 	46.86 	72.39 	55.13 	66.73 	66.45 	66.00 	64.91 
A,GE10,J61,E_ITSP2,PC_ENT,PL	: u	56.04 	57.46 	67.36 	61.99 	66.28 	73.56 	: u	77.30 	78.44 
A,GE10,J61,E_ITSP2,PC_ENT,PT	67.17 	55.13 	56.57 	: u	: u	: u	: u	: u	40.70 	: u
A,GE10,J61,E_ITSP2,PC_ENT,RO	12.04 	33.97 	49.54 	28.06 	40.54 	39.65 	27.64 	40.95 	45.68 	44.04 
A,GE10,J61,E_ITSP2,PC_ENT,RS	: 	59.12 	: 	: 	94.54 	89.67 	74.78 	70.55 	64.33 	85.10 
A,GE10,J61,E_ITSP2,PC_ENT,SE	68.53 	57.92 	75.61 	63.23 	74.11 	73.57 	70.65 	63.21 	71.64 	82.32 b
A,GE10,J61,E_ITSP2,PC_ENT,SI	100.00 	100.00 	: u	: u	82.76 	85.53 	100.00 	100.00 	: u	100.00 
A,GE10,J61,E_ITSP2,PC_ENT,SK	77.33 	72.55 	100.00 	88.42 	81.87 	79.52 	77.84 	70.38 	84.52 	70.88 
A,GE10,J61,E_ITSP2,PC_ENT,TR	: 	: 	: u	: 	: 	63.24 	63.51 	60.74 	63.19 	55.57 
A,GE10,J61,E_ITSP2,PC_ENT,UK	85.15 	77.20 	92.70 	70.45 	: u	: u	: u	: u	: 	: 
A,GE10,J61,E_ITSP2,PC_ENT_CUSE,AT	: u	: u	: u	: u	: u	: u	: u	: 	: 	: 
A,GE10,J61,E_ITSP2,PC_ENT_CUSE,BA	: 	: 	: 	: 	: 	65.96 	68.75 	: 	: 	: 
A,GE10,J61,E_ITSP2,PC_ENT_CUSE,BE	89.91 	88.40 	: u	: u	: u	: u	90.63 	: 	: 	: 
A,GE10,J61,E_ITSP2,PC_ENT_CUSE,BG	33.75 	: u	: u	47.17 	69.47 	49.12 	66.39 	: 	: 	: 
A,GE10,J61,E_ITSP2,PC_ENT_CUSE,CY	62.51 	100.00 	100.00 	86.11 	74.14 	73.91 	76.54 	: 	: 	: 
A,GE10,J61,E_ITSP2,PC_ENT_CUSE,CZ	89.91 	86.14 	90.96 	96.08 	84.64 	85.12 	86.84 	: 	: 	: 
A,GE10,J61,E_ITSP2,PC_ENT_CUSE,DE	70.18 	74.01 	70.36 	79.57 	66.59 	64.21 	59.84 	: 	: 	: 
A,GE10,J61,E_ITSP2,PC_ENT_CUSE,DK	: u	71.67 	79.78 	70.60 	84.56 	75.87 	88.52 	: 	: 	: 
A,GE10,J61,E_ITSP2,PC_ENT_CUSE,EA	79.67 	72.77 	73.29 	75.80 	70.74 	70.68 	66.07 	: 	: 	: 
A,GE10,J61,E_ITSP2,PC_ENT_CUSE,EE	86.96 	87.43 	95.83 	90.40 	94.57 	86.67 	92.31 	: 	: 	: 
A,GE10,J61,E_ITSP2,PC_ENT_CUSE,EL	: u	: u	: u	: u	: u	: u	: u	: 	: 	: 
A,GE10,J61,E_ITSP2,PC_ENT_CUSE,ES	: u	: u	: u	: u	: u	: u	: u	: 	: 	: 
A,GE10,J61,E_ITSP2,PC_ENT_CUSE,EU15	80.44 	73.09 	79.74 	73.39 	69.61 	71.53 	: 	: 	: 	: 
A,GE10,J61,E_ITSP2,PC_ENT_CUSE,EU27_2007	72.28 	69.12 	75.24 	70.45 	68.96 	69.96 	: 	: 	: 	: 
A,GE10,J61,E_ITSP2,PC_ENT_CUSE,EU27_2020	68.76 	66.80 	69.63 	70.76 	69.32 	68.22 	66.67 	: 	: 	: 
A,GE10,J61,E_ITSP2,PC_ENT_CUSE,EU28	71.93 	68.96 	75.35 	70.70 	68.85 	69.81 	68.71 	: 	: 	: 
A,GE10,J61,E_ITSP2,PC_ENT_CUSE,FI	: u	: u	: u	: u	: u	: u	: u	: 	: 	: 
A,GE10,J61,E_ITSP2,PC_ENT_CUSE,FR	74.04 	57.96 	67.06 	66.42 	62.99 	: u	57.72 	: 	: 	: 
A,GE10,J61,E_ITSP2,PC_ENT_CUSE,HR	: u	: u	: u	97.02 	58.04 	59.29 	24.25 	: 	: 	: 
A,GE10,J61,E_ITSP2,PC_ENT_CUSE,HU	60.23 	72.79 	78.41 	75.45 	78.42 	72.02 	71.82 	: 	: 	: 
A,GE10,J61,E_ITSP2,PC_ENT_CUSE,IE	83.48 	71.11 	97.95 	79.57 	61.58 	73.10 	74.74 	: 	: 	: 
A,GE10,J61,E_ITSP2,PC_ENT_CUSE,IS	: u	: u	: 	: 	60.00 	: 	: 	: 	: 	: 
A,GE10,J61,E_ITSP2,PC_ENT_CUSE,IT	91.04 	82.89 	78.63 	78.78 	80.96 	76.87 	80.94 	: 	: 	: 
A,GE10,J61,E_ITSP2,PC_ENT_CUSE,LT	80.95 	78.18 	76.00 	80.00 	76.60 	100.00 	68.75 	: 	: 	: 
A,GE10,J61,E_ITSP2,PC_ENT_CUSE,LU	: u	: u	: u	: u	: u	: u	: u	: 	: 	: 
A,GE10,J61,E_ITSP2,PC_ENT_CUSE,LV	68.58 	67.99 	80.07 	68.36 	61.62 	79.84 	85.83 	: 	: 	: 
A,GE10,J61,E_ITSP2,PC_ENT_CUSE,ME	: 	: 	: 	60.29 	50.00 	88.10 	100.00 	: 	: 	: 
A,GE10,J61,E_ITSP2,PC_ENT_CUSE,MK	: u	: u	: u	68.33 	: 	: 	: 	: 	: 	: 
A,GE10,J61,E_ITSP2,PC_ENT_CUSE,MT	100.00 	: u	: u	100.00 	: u	: u	: u	: 	: 	: 
A,GE10,J61,E_ITSP2,PC_ENT_CUSE,NL	77.86 	81.65 	72.97 	72.50 	76.50 	78.71 	90.12 	: 	: 	: 
A,GE10,J61,E_ITSP2,PC_ENT_CUSE,NO	88.41 	72.53 	62.28 	46.86 	72.39 	55.13 	66.73 	: 	: 	: 
A,GE10,J61,E_ITSP2,PC_ENT_CUSE,PL	: u	56.74 	58.59 	67.96 	61.99 	66.28 	74.73 	: 	: 	: 
A,GE10,J61,E_ITSP2,PC_ENT_CUSE,PT	67.17 	55.13 	56.57 	: u	: u	: u	: u	: 	: 	: 
A,GE10,J61,E_ITSP2,PC_ENT_CUSE,RO	13.36 	37.26 	51.31 	29.86 	47.33 	41.23 	36.21 	: 	: 	: 
A,GE10,J61,E_ITSP2,PC_ENT_CUSE,RS	: 	59.12 	: 	: 	94.54 	89.67 	74.78 	: 	: 	: 
A,GE10,J61,E_ITSP2,PC_ENT_CUSE,SE	69.90 	57.92 	75.61 	63.23 	74.11 	73.57 	70.65 	: 	: 	: 
A,GE10,J61,E_ITSP2,PC_ENT_CUSE,SI	100.00 	100.00 	: u	: u	82.76 	85.53 	100.00 	: 	: 	: 
A,GE10,J61,E_ITSP2,PC_ENT_CUSE,SK	81.69 	72.55 	100.00 	88.42 	81.87 	79.52 	77.84 	: 	: 	: 
A,GE10,J61,E_ITSP2,PC_ENT_CUSE,TR	: 	: 	: u	: 	: 	63.40 	63.51 	: 	: 	: 
A,GE10,J61,E_ITSP2,PC_ENT_CUSE,UK	85.15 	77.20 	97.29 	70.45 	: u	: u	: u	: 	: 	: 
A,GE10,J62_J63,E_ITSP2,PC_ENT,AT	: u	: u	: u	93.20 	92.01 	: u	89.21 	99.35 	86.91 	86.26 
A,GE10,J62_J63,E_ITSP2,PC_ENT,BA	: 	: 	: 	: 	: 	83.38 	91.29 	75.57 	45.99 	83.97 
A,GE10,J62_J63,E_ITSP2,PC_ENT,BE	69.83 	: u	: u	: u	95.30 	93.73 	91.45 	94.48 	90.23 	82.98 
A,GE10,J62_J63,E_ITSP2,PC_ENT,BG	41.90 	85.29 	90.35 	85.21 	84.79 	78.99 	86.17 	74.86 	77.05 	77.58 
A,GE10,J62_J63,E_ITSP2,PC_ENT,CY	86.32 	94.36 	93.01 	94.03 	85.91 	78.38 	91.13 	91.44 	81.30 	93.68 
A,GE10,J62_J63,E_ITSP2,PC_ENT,CZ	92.52 	92.62 	92.57 	92.74 	92.48 	90.33 	91.14 	90.69 	88.99 	88.67 
A,GE10,J62_J63,E_ITSP2,PC_ENT,DE	91.12 	89.13 	90.85 	97.39 	85.46 	82.27 	85.64 	79.24 	88.62 	90.85 
A,GE10,J62_J63,E_ITSP2,PC_ENT,DK	93.35 	93.40 	93.94 	94.71 	92.10 	93.97 	95.73 	95.63 	96.55 	94.68 
A,GE10,J62_J63,E_ITSP2,PC_ENT,EA	83.35 	84.54 	85.99 	88.24 	85.12 	84.31 	84.43 	80.37 	84.62 	83.68 
A,GE10,J62_J63,E_ITSP2,PC_ENT,EE	85.41 	84.00 	90.00 	93.06 	86.87 	87.16 	88.52 	96.58 	95.20 	87.75 
A,GE10,J62_J63,E_ITSP2,PC_ENT,EL	90.58 	75.18 	78.91 	89.04 	88.00 	81.54 	93.64 	78.87 	87.46 	94.78 
A,GE10,J62_J63,E_ITSP2,PC_ENT,ES	: u	: u	: u	: u	: u	: u	: u	: u	: u	72.73 
A,GE10,J62_J63,E_ITSP2,PC_ENT,EU15	82.89 	85.26 	85.36 	85.35 	83.25 	84.00 	: 	: 	: 	: 
A,GE10,J62_J63,E_ITSP2,PC_ENT,EU27_2007	80.79 	84.08 	84.93 	84.84 	83.17 	83.52 	: 	: 	: 	: 
A,GE10,J62_J63,E_ITSP2,PC_ENT,EU27_2020	81.02 	83.68 	85.53 	86.83 	84.74 	84.01 	84.44 	80.83 	84.69 	83.97 
A,GE10,J62_J63,E_ITSP2,PC_ENT,EU28	80.86 	84.15 	85.03 	84.92 	83.21 	83.60 	83.53 	: 	: 	: 
A,GE10,J62_J63,E_ITSP2,PC_ENT,FI	: u	: u	: u	: u	: u	: u	: u	: u	: u	: u
A,GE10,J62_J63,E_ITSP2,PC_ENT,FR	79.80 	83.84 	86.57 	86.93 	86.91 	85.40 	85.98 	84.21 	95.29 b	83.56 
A,GE10,J62_J63,E_ITSP2,PC_ENT,HR	90.93 	94.73 	100.00 	97.19 	88.70 	92.52 	97.94 	93.75 	100.00 	94.46 
A,GE10,J62_J63,E_ITSP2,PC_ENT,HU	77.29 	83.76 	85.96 	90.14 	90.22 	89.18 	86.98 	89.34 	91.47 	87.86 
A,GE10,J62_J63,E_ITSP2,PC_ENT,IE	96.17 	76.72 	71.98 	78.99 	85.15 	83.72 	81.91 	92.19 	79.28 	79.88 
A,GE10,J62_J63,E_ITSP2,PC_ENT,IS	92.31 	92.12 	: 	: 	93.82 	: 	: 	69.14 	: 	: 
A,GE10,J62_J63,E_ITSP2,PC_ENT,IT	66.98 	73.65 	72.40 	75.15 	80.32 	78.37 	75.69 	73.09 	65.18 	66.08 
A,GE10,J62_J63,E_ITSP2,PC_ENT,LT	95.00 	99.08 	93.36 	87.03 	90.07 	95.41 	92.98 	87.36 	93.22 	92.13 
A,GE10,J62_J63,E_ITSP2,PC_ENT,LU	: u	: u	: u	: u	: u	: u	: u	: u	: u	: u
A,GE10,J62_J63,E_ITSP2,PC_ENT,LV	86.91 	84.65 	89.18 	84.76 	80.67 	80.32 	88.56 	86.20 	71.46 	88.35 
A,GE10,J62_J63,E_ITSP2,PC_ENT,ME	: 	: 	: 	: u	: u	: u	: u	: u	81.54 	47.55 
A,GE10,J62_J63,E_ITSP2,PC_ENT,MK	: u	87.94 	95.71 	86.58 	: 	: 	: 	78.25 	78.34 	: 
A,GE10,J62_J63,E_ITSP2,PC_ENT,MT	83.38 	95.09 	95.44 	94.21 	97.83 	98.13 	91.96 	87.71 	86.75 	90.22 
A,GE10,J62_J63,E_ITSP2,PC_ENT,NL	86.10 	84.47 	82.26 	80.02 	77.84 	86.51 	79.96 	77.46 	83.80 	86.30 
A,GE10,J62_J63,E_ITSP2,PC_ENT,NO	98.50 	89.99 	91.44 	72.32 	86.15 	77.76 	86.55 	76.29 	85.59 	81.74 
A,GE10,J62_J63,E_ITSP2,PC_ENT,PL	: u	59.59 	74.00 	72.23 	73.36 	75.07 	85.58 	87.21 	89.52 	91.88 
A,GE10,J62_J63,E_ITSP2,PC_ENT,PT	94.12 	: u	92.14 	93.07 	87.50 	88.99 	92.89 	94.68 	89.50 	89.46 
A,GE10,J62_J63,E_ITSP2,PC_ENT,RO	25.98 	64.75 	66.53 	68.33 	72.56 	66.72 	64.42 	60.30 	64.71 	65.33 
A,GE10,J62_J63,E_ITSP2,PC_ENT,RS	: 	100.00 	: 	: 	95.93 	88.79 	92.18 	98.37 	98.90 	94.12 
A,GE10,J62_J63,E_ITSP2,PC_ENT,SE	86.80 	89.12 	88.43 	76.96 	85.56 	87.94 	81.60 	77.66 	82.94 	86.49 b
A,GE10,J62_J63,E_ITSP2,PC_ENT,SI	92.93 	95.53 	97.55 	100.00 	95.15 	96.04 	97.57 	94.19 	93.00 	99.71 
A,GE10,J62_J63,E_ITSP2,PC_ENT,SK	90.50 	77.25 	88.37 	79.05 	86.62 	78.35 	75.00 	73.12 	74.37 	72.79 
A,GE10,J62_J63,E_ITSP2,PC_ENT,TR	: 	: 	: u	: 	: 	85.68 	92.13 	75.45 	87.39 	74.03 
A,GE10,J62_J63,E_ITSP2,PC_ENT,UK	80.00 	86.36 	82.67 	76.12 	75.91 	81.64 	79.15 	77.69 	: 	: 
A,GE10,J62_J63,E_ITSP2,PC_ENT_CUSE,AT	: u	: u	: u	93.20 	92.01 	: u	89.21 	: 	: 	: 
A,GE10,J62_J63,E_ITSP2,PC_ENT_CUSE,BA	: 	: 	: 	: 	: 	83.38 	91.29 	: 	: 	: 
A,GE10,J62_J63,E_ITSP2,PC_ENT_CUSE,BE	70.56 	: u	: u	: u	95.30 	93.73 	91.45 	: 	: 	: 
A,GE10,J62_J63,E_ITSP2,PC_ENT_CUSE,BG	41.90 	88.44 	90.35 	86.32 	84.79 	78.99 	86.17 	: 	: 	: 
A,GE10,J62_J63,E_ITSP2,PC_ENT_CUSE,CY	86.32 	94.36 	93.01 	94.03 	85.91 	78.38 	91.13 	: 	: 	: 
A,GE10,J62_J63,E_ITSP2,PC_ENT_CUSE,CZ	92.86 	93.06 	93.08 	92.74 	92.83 	90.33 	91.36 	: 	: 	: 
A,GE10,J62_J63,E_ITSP2,PC_ENT_CUSE,DE	91.12 	89.13 	90.85 	97.58 	85.46 	82.27 	85.64 	: 	: 	: 
A,GE10,J62_J63,E_ITSP2,PC_ENT_CUSE,DK	94.10 	94.31 	94.49 	94.71 	92.10 	93.97 	95.73 	: 	: 	: 
A,GE10,J62_J63,E_ITSP2,PC_ENT_CUSE,EA	83.42 	84.59 	86.10 	88.35 	85.16 	84.36 	84.51 	: 	: 	: 
A,GE10,J62_J63,E_ITSP2,PC_ENT_CUSE,EE	85.41 	88.15 	90.59 	93.06 	86.87 	87.76 	88.52 	: 	: 	: 
A,GE10,J62_J63,E_ITSP2,PC_ENT_CUSE,EL	90.58 	75.47 	82.91 	92.68 	89.37 	83.75 	93.64 	: 	: 	: 
A,GE10,J62_J63,E_ITSP2,PC_ENT_CUSE,ES	: u	: u	: u	: u	: u	: u	: u	: 	: 	: 
A,GE10,J62_J63,E_ITSP2,PC_ENT_CUSE,EU15	83.22 	85.29 	85.51 	85.48 	83.41 	84.54 	: 	: 	: 	: 
A,GE10,J62_J63,E_ITSP2,PC_ENT_CUSE,EU27_2007	81.34 	84.32 	85.21 	84.99 	83.44 	84.01 	: 	: 	: 	: 
A,GE10,J62_J63,E_ITSP2,PC_ENT_CUSE,EU27_2020	81.39 	83.96 	85.81 	86.97 	84.94 	84.09 	84.93 	: 	: 	: 
A,GE10,J62_J63,E_ITSP2,PC_ENT_CUSE,EU28	81.40 	84.39 	85.30 	85.07 	83.48 	84.09 	84.06 	: 	: 	: 
A,GE10,J62_J63,E_ITSP2,PC_ENT_CUSE,FI	: u	: u	: u	: u	: u	: u	: u	: 	: 	: 
A,GE10,J62_J63,E_ITSP2,PC_ENT_CUSE,FR	79.80 	83.84 	86.57 	86.93 	86.91 	85.40 	85.98 	: 	: 	: 
A,GE10,J62_J63,E_ITSP2,PC_ENT_CUSE,HR	90.93 	94.73 	100.00 	97.19 	88.70 	92.52 	97.94 	: 	: 	: 
A,GE10,J62_J63,E_ITSP2,PC_ENT_CUSE,HU	78.66 	85.61 	86.93 	90.25 	93.15 	90.64 	89.28 	: 	: 	: 
A,GE10,J62_J63,E_ITSP2,PC_ENT_CUSE,IE	96.17 	76.96 	74.25 	80.03 	85.15 	84.73 	82.97 	: 	: 	: 
A,GE10,J62_J63,E_ITSP2,PC_ENT_CUSE,IS	92.31 	92.12 	: 	: 	93.82 	: 	: 	: 	: 	: 
A,GE10,J62_J63,E_ITSP2,PC_ENT_CUSE,IT	67.02 	73.65 	72.43 	75.15 	80.47 	78.37 	75.73 	: 	: 	: 
A,GE10,J62_J63,E_ITSP2,PC_ENT_CUSE,LT	95.00 	99.08 	93.36 	87.03 	90.07 	95.41 	92.98 	: 	: 	: 
A,GE10,J62_J63,E_ITSP2,PC_ENT_CUSE,LU	: u	: u	: u	: u	: u	: u	: u	: 	: 	: 
A,GE10,J62_J63,E_ITSP2,PC_ENT_CUSE,LV	86.91 	84.65 	89.18 	84.76 	80.67 	80.32 	88.56 	: 	: 	: 
A,GE10,J62_J63,E_ITSP2,PC_ENT_CUSE,ME	: 	: 	: 	: u	: u	: u	: u	: 	: 	: 
A,GE10,J62_J63,E_ITSP2,PC_ENT_CUSE,MK	: u	87.94 	95.71 	86.58 	: 	: 	: 	: 	: 	: 
A,GE10,J62_J63,E_ITSP2,PC_ENT_CUSE,MT	83.38 	95.09 	95.44 	94.21 	97.83 	98.13 	91.96 	: 	: 	: 
A,GE10,J62_J63,E_ITSP2,PC_ENT_CUSE,NL	86.10 	84.47 	82.26 	80.02 	77.84 	86.51 	79.96 	: 	: 	: 
A,GE10,J62_J63,E_ITSP2,PC_ENT_CUSE,NO	98.50 	89.99 	91.44 	72.32 	86.15 	77.76 	86.55 	: 	: 	: 
A,GE10,J62_J63,E_ITSP2,PC_ENT_CUSE,PL	: u	60.19 	75.39 	72.67 	73.36 	75.07 	85.58 	: 	: 	: 
A,GE10,J62_J63,E_ITSP2,PC_ENT_CUSE,PT	94.12 	: u	92.14 	93.07 	87.50 	88.99 	92.89 	: 	: 	: 
A,GE10,J62_J63,E_ITSP2,PC_ENT_CUSE,RO	28.20 	67.44 	68.66 	68.50 	75.43 	67.22 	75.54 	: 	: 	: 
A,GE10,J62_J63,E_ITSP2,PC_ENT_CUSE,RS	: 	100.00 	: 	: 	95.93 	89.57 	92.18 	: 	: 	: 
A,GE10,J62_J63,E_ITSP2,PC_ENT_CUSE,SE	86.88 	89.12 	88.43 	76.96 	85.56 	87.94 	81.60 	: 	: 	: 
A,GE10,J62_J63,E_ITSP2,PC_ENT_CUSE,SI	92.93 	95.53 	97.55 	100.00 	95.15 	96.04 	97.57 	: 	: 	: 
A,GE10,J62_J63,E_ITSP2,PC_ENT_CUSE,SK	93.81 	77.25 	88.37 	79.05 	86.62 	78.35 	76.96 	: 	: 	: 
A,GE10,J62_J63,E_ITSP2,PC_ENT_CUSE,TR	: 	: 	: u	: 	: 	85.73 	92.19 	: 	: 	: 
A,GE10,J62_J63,E_ITSP2,PC_ENT_CUSE,UK	81.47 	86.36 	82.95 	76.31 	76.48 	84.04 	79.83 	: 	: 	: 
A,GE10,L68,E_ITSP2,PC_ENT,AL	: 	: 	: 	: 	: 	: 	: 	: 	34.15 b	: 
A,GE10,L68,E_ITSP2,PC_ENT,AT	: u	29.68 	: u	: u	: u	: u	: u	: u	: u	29.09 
A,GE10,L68,E_ITSP2,PC_ENT,BA	: 	: 	: 	: 	: 	13.81 	: u	15.49 	: u	14.66 
A,GE10,L68,E_ITSP2,PC_ENT,BE	21.79 	: u	16.81 	: u	: u	12.40 	: u	: u	22.90 	: u
A,GE10,L68,E_ITSP2,PC_ENT,BG	26.77 	21.39 	22.88 	26.96 	11.09 	25.36 	34.15 	13.57 	: u	: u
A,GE10,L68,E_ITSP2,PC_ENT,CY	29.49 	6.25 	35.10 	25.73 	14.18 	13.64 	13.33 	16.96 	11.50 	22.73 
A,GE10,L68,E_ITSP2,PC_ENT,CZ	29.40 	19.34 	15.04 	18.25 	18.18 	17.58 	17.81 	17.85 	16.25 	19.40 
A,GE10,L68,E_ITSP2,PC_ENT,DE	24.02 	21.74 	18.75 	18.78 	21.58 	20.16 	20.41 	18.48 	22.41 	25.06 
A,GE10,L68,E_ITSP2,PC_ENT,DK	: u	30.16 	17.90 	29.39 	27.00 	33.25 	24.22 	24.41 	24.66 	23.44 
A,GE10,L68,E_ITSP2,PC_ENT,EA	27.60 	24.79 	23.90 	24.09 	22.90 	19.80 	23.52 	23.19 	24.42 	22.21 
A,GE10,L68,E_ITSP2,PC_ENT,EE	13.06 	8.63 	6.13 	6.68 	6.74 	11.90 	3.39 	8.19 	8.40 	14.33 
A,GE10,L68,E_ITSP2,PC_ENT,EL	: u	6.41 	19.54 	30.86 	17.58 	19.20 	: u	: u	35.41 	24.58 
A,GE10,L68,E_ITSP2,PC_ENT,ES	33.35 	26.12 	29.43 	27.03 	22.96 	18.38 	25.37 	20.17 	16.50 	11.19 
A,GE10,L68,E_ITSP2,PC_ENT,EU15	30.05 	21.49 	23.51 	21.26 	23.70 	23.71 	: 	: 	: 	: 
A,GE10,L68,E_ITSP2,PC_ENT,EU27_2007	28.03 	20.58 	21.87 	20.30 	22.32 	22.28 	: 	: 	: 	: 
A,GE10,L68,E_ITSP2,PC_ENT,EU27_2020	25.71 	22.59 	22.02 	22.03 	21.52 	19.57 	22.64 	23.29 	24.29 	21.94 
A,GE10,L68,E_ITSP2,PC_ENT,EU28	28.02 	20.52 	21.84 	20.28 	22.36 	22.23 	24.15 	: 	: 	: 
A,GE10,L68,E_ITSP2,PC_ENT,FI	34.81 	27.31 	16.88 	19.41 	19.00 	20.19 	23.60 	22.98 	21.08 	26.04 
A,GE10,L68,E_ITSP2,PC_ENT,FR	21.68 	25.76 	27.36 	25.90 	23.93 	19.89 	29.31 	32.75 	34.54 b	19.30 
A,GE10,L68,E_ITSP2,PC_ENT,HR	25.21 	1.28 	13.56 	: u	30.38 	12.21 	15.45 	18.76 	9.68 	7.42 
A,GE10,L68,E_ITSP2,PC_ENT,HU	32.05 	18.91 	24.25 	20.83 	21.08 	26.05 	25.28 	22.24 	27.55 	27.66 
A,GE10,L68,E_ITSP2,PC_ENT,IE	42.03 	40.77 	42.68 	25.06 	34.93 	35.95 	37.98 	34.31 	36.97 	43.21 
A,GE10,L68,E_ITSP2,PC_ENT,IS	: u	: u	: 	: 	0 	: 	: 	0 	: 	: 
A,GE10,L68,E_ITSP2,PC_ENT,IT	19.83 	14.72 	18.75 	19.21 	18.43 	: u	14.29 	12.73 	18.24 	11.07 
A,GE10,L68,E_ITSP2,PC_ENT,LT	17.86 	11.39 	11.23 	13.72 	13.50 	14.56 	20.00 	11.43 	22.37 	14.88 
A,GE10,L68,E_ITSP2,PC_ENT,LU	: @C	: @C	: @C	: @C	: @C	: @C	: @C	: @C	: @C	: @C
A,GE10,L68,E_ITSP2,PC_ENT,LV	25.49 	20.30 	20.51 	15.20 	12.52 	14.88 	: u	19.85 	19.96 	17.30 
A,GE10,L68,E_ITSP2,PC_ENT,ME	: 	: 	: 	: u	11.76 	11.11 	: u	: u	43.86 	: @C
A,GE10,L68,E_ITSP2,PC_ENT,MK	6.67 	: u	: u	2.56 	: 	: 	: 	0 	: u	: 
A,GE10,L68,E_ITSP2,PC_ENT,MT	: u	: u	38.46 	: u	: @C	: @C	21.08 	: @C	37.60 	28.23 
A,GE10,L68,E_ITSP2,PC_ENT,NL	42.34 	48.56 	47.35 	42.76 	35.78 	34.77 	31.85 	30.34 	33.67 	32.98 
A,GE10,L68,E_ITSP2,PC_ENT,NO	46.97 	24.10 	17.42 	29.22 	20.92 	24.33 	15.53 	14.57 	26.43 	17.71 
A,GE10,L68,E_ITSP2,PC_ENT,PL	18.44 	14.35 	18.24 	17.55 	18.93 	16.48 	22.99 	28.06 	30.37 	21.97 
A,GE10,L68,E_ITSP2,PC_ENT,PT	: u	: u	: u	14.37 	29.31 	18.26 	: u	16.30 	: u	: u
A,GE10,L68,E_ITSP2,PC_ENT,RO	11.27 	28.05 	13.47 	4.42 	19.45 	14.20 	3.80 	15.16 	7.44 	16.51 
A,GE10,L68,E_ITSP2,PC_ENT,RS	: 	52.80 	: 	: 	23.12 	26.37 	25.53 	34.26 	24.65 	31.09 
A,GE10,L68,E_ITSP2,PC_ENT,SE	22.34 	21.72 	20.62 	19.26 	16.77 	19.24 	18.57 	29.70 	28.83 	19.41 b
A,GE10,L68,E_ITSP2,PC_ENT,SI	21.33 	8.89 	10.94 	12.90 	9.96 	15.95 	10.24 	8.64 	13.23 	5.21 
A,GE10,L68,E_ITSP2,PC_ENT,SK	32.22 	23.53 	13.47 	28.67 	30.51 	17.88 	9.53 	16.84 	16.03 	13.07 
A,GE10,L68,E_ITSP2,PC_ENT,TR	: 	: 	: u	: 	: 	16.91 	22.72 	21.95 	30.15 	21.00 
A,GE10,L68,E_ITSP2,PC_ENT,UK	37.22 	13.32 	21.22 	14.41 	: u	: u	: u	: u	: 	: 
A,GE10,L68,E_ITSP2,PC_ENT_CUSE,AT	: u	30.24 	: u	: u	: u	: u	: u	: 	: 	: 
A,GE10,L68,E_ITSP2,PC_ENT_CUSE,BA	: 	: 	: 	: 	: 	13.81 	: u	: 	: 	: 
A,GE10,L68,E_ITSP2,PC_ENT_CUSE,BE	21.90 	: u	16.81 	: u	: u	12.40 	: u	: 	: 	: 
A,GE10,L68,E_ITSP2,PC_ENT_CUSE,BG	28.61 	21.83 	22.88 	27.58 	11.88 	26.08 	35.03 	: 	: 	: 
A,GE10,L68,E_ITSP2,PC_ENT_CUSE,CY	31.51 	6.25 	37.82 	27.79 	15.88 	13.64 	13.33 	: 	: 	: 
A,GE10,L68,E_ITSP2,PC_ENT_CUSE,CZ	29.78 	19.56 	15.36 	18.58 	18.82 	17.66 	18.37 	: 	: 	: 
A,GE10,L68,E_ITSP2,PC_ENT_CUSE,DE	24.05 	22.52 	18.76 	19.55 	22.35 	20.25 	20.71 	: 	: 	: 
A,GE10,L68,E_ITSP2,PC_ENT_CUSE,DK	: u	30.16 	17.90 	29.39 	27.00 	33.25 	24.22 	: 	: 	: 
A,GE10,L68,E_ITSP2,PC_ENT_CUSE,EA	27.75 	25.35 	24.10 	24.62 	23.36 	19.90 	23.84 	: 	: 	: 
A,GE10,L68,E_ITSP2,PC_ENT_CUSE,EE	13.73 	8.63 	6.13 	6.68 	7.18 	12.26 	3.39 	: 	: 	: 
A,GE10,L68,E_ITSP2,PC_ENT_CUSE,EL	: u	7.63 	23.86 	42.85 	25.70 	22.26 	: u	: 	: 	: 
A,GE10,L68,E_ITSP2,PC_ENT_CUSE,ES	34.25 	26.70 	29.77 	27.08 	22.96 	18.63 	25.37 	: 	: 	: 
A,GE10,L68,E_ITSP2,PC_ENT_CUSE,EU15	31.37 	23.16 	24.28 	22.47 	24.80 	24.49 	: 	: 	: 	: 
A,GE10,L68,E_ITSP2,PC_ENT_CUSE,EU27_2007	29.40 	22.03 	22.58 	21.38 	23.28 	22.97 	: 	: 	: 	: 
A,GE10,L68,E_ITSP2,PC_ENT_CUSE,EU27_2020	26.33 	23.29 	22.36 	22.66 	22.04 	19.79 	23.23 	: 	: 	: 
A,GE10,L68,E_ITSP2,PC_ENT_CUSE,EU28	29.39 	21.96 	22.54 	21.36 	23.32 	22.91 	25.55 	: 	: 	: 
A,GE10,L68,E_ITSP2,PC_ENT_CUSE,FI	34.81 	27.31 	16.88 	19.41 	19.00 	20.19 	23.60 	: 	: 	: 
A,GE10,L68,E_ITSP2,PC_ENT_CUSE,FR	21.68 	25.76 	27.36 	25.90 	23.93 	19.89 	29.63 	: 	: 	: 
A,GE10,L68,E_ITSP2,PC_ENT_CUSE,HR	25.21 	1.28 	14.32 	: u	30.38 	12.21 	15.45 	: 	: 	: 
A,GE10,L68,E_ITSP2,PC_ENT_CUSE,HU	33.02 	21.55 	26.41 	22.66 	22.51 	28.97 	27.07 	: 	: 	: 
A,GE10,L68,E_ITSP2,PC_ENT_CUSE,IE	42.70 	42.84 	44.03 	26.08 	36.61 	35.95 	41.36 	: 	: 	: 
A,GE10,L68,E_ITSP2,PC_ENT_CUSE,IS	: u	: u	: 	: 	0 	: 	: 	: 	: 	: 
A,GE10,L68,E_ITSP2,PC_ENT_CUSE,IT	20.15 	15.20 	19.63 	19.74 	18.81 	: u	14.33 	: 	: 	: 
A,GE10,L68,E_ITSP2,PC_ENT_CUSE,LT	17.97 	11.39 	11.23 	13.72 	13.50 	14.56 	20.00 	: 	: 	: 
A,GE10,L68,E_ITSP2,PC_ENT_CUSE,LU	: @C	: @C	: @C	: @C	: @C	: @C	: @C	: 	: 	: 
A,GE10,L68,E_ITSP2,PC_ENT_CUSE,LV	25.66 	20.73 	20.81 	15.51 	12.88 	14.88 	: u	: 	: 	: 
A,GE10,L68,E_ITSP2,PC_ENT_CUSE,ME	: 	: 	: 	: u	11.76 	13.04 	: u	: 	: 	: 
A,GE10,L68,E_ITSP2,PC_ENT_CUSE,MK	7.55 	: u	: u	2.56 	: 	: 	: 	: 	: 	: 
A,GE10,L68,E_ITSP2,PC_ENT_CUSE,MT	: u	: u	38.46 	: u	: @C	: @C	21.08 	: 	: 	: 
A,GE10,L68,E_ITSP2,PC_ENT_CUSE,NL	42.34 	48.56 	47.35 	42.76 	35.78 	34.77 	31.85 	: 	: 	: 
A,GE10,L68,E_ITSP2,PC_ENT_CUSE,NO	46.97 	24.10 	17.42 	30.16 	21.03 	24.33 	15.53 	: 	: 	: 
A,GE10,L68,E_ITSP2,PC_ENT_CUSE,PL	18.56 	15.03 	18.70 	17.94 	19.14 	16.77 	23.51 	: 	: 	: 
A,GE10,L68,E_ITSP2,PC_ENT_CUSE,PT	: u	: u	: u	14.37 	29.31 	18.26 	: u	: 	: 	: 
A,GE10,L68,E_ITSP2,PC_ENT_CUSE,RO	19.42 	31.68 	14.33 	5.20 	21.34 	14.59 	5.28 	: 	: 	: 
A,GE10,L68,E_ITSP2,PC_ENT_CUSE,RS	: 	52.80 	: 	: 	23.12 	26.37 	25.53 	: 	: 	: 
A,GE10,L68,E_ITSP2,PC_ENT_CUSE,SE	22.39 	21.72 	20.62 	19.26 	16.77 	19.24 	18.57 	: 	: 	: 
A,GE10,L68,E_ITSP2,PC_ENT_CUSE,SI	21.33 	8.89 	10.94 	12.90 	9.96 	15.95 	10.24 	: 	: 	: 
A,GE10,L68,E_ITSP2,PC_ENT_CUSE,SK	32.22 	24.83 	13.68 	29.06 	30.51 	17.88 	10.50 	: 	: 	: 
A,GE10,L68,E_ITSP2,PC_ENT_CUSE,TR	: 	: 	: u	: 	: 	17.14 	23.20 	: 	: 	: 
A,GE10,L68,E_ITSP2,PC_ENT_CUSE,UK	43.12 	16.44 	23.18 	16.50 	: u	: u	: u	: 	: 	: 
A,GE10,L_M,E_ITSP2,PC_ENT,AL	: 	: 	: 	: 	: 	: 	: 	: 	48.74 b	: 
A,GE10,L_M,E_ITSP2,PC_ENT,AT	: 	: 	: 	: 	: 	: 	: 	: 	: u	27.42 
A,GE10,L_M,E_ITSP2,PC_ENT,BA	: 	: 	: 	: 	: 	: 	: 	: 	: u	24.99 
A,GE10,L_M,E_ITSP2,PC_ENT,BE	: 	: 	: 	: 	: 	: 	: 	: 	44.26 	: u
A,GE10,L_M,E_ITSP2,PC_ENT,BG	: 	: 	: 	: 	: 	: 	: 	: 	: u	: u
A,GE10,L_M,E_ITSP2,PC_ENT,CY	: 	: 	: 	: 	: 	: 	: 	: 	34.79 	39.25 
A,GE10,L_M,E_ITSP2,PC_ENT,CZ	: 	: 	: 	: 	: 	: 	: 	: 	23.25 	23.75 
A,GE10,L_M,E_ITSP2,PC_ENT,DE	: 	: 	: 	: 	: 	: 	: 	: 	29.53 	31.31 
A,GE10,L_M,E_ITSP2,PC_ENT,DK	: 	: 	: 	: 	: 	: 	: 	: 	43.80 	41.22 
A,GE10,L_M,E_ITSP2,PC_ENT,EA	: 	: 	: 	: 	: 	: 	: 	: 	30.04 	29.14 
A,GE10,L_M,E_ITSP2,PC_ENT,EE	: 	: 	: 	: 	: 	: 	: 	: 	18.04 	30.56 
A,GE10,L_M,E_ITSP2,PC_ENT,EL	: 	: 	: 	: 	: 	: 	: 	: 	34.40 	39.37 
A,GE10,L_M,E_ITSP2,PC_ENT,ES	: 	: 	: 	: 	: 	: 	: 	: 	28.43 	25.62 
A,GE10,L_M,E_ITSP2,PC_ENT,EU27_2020	: 	: 	: 	: 	: 	: 	: 	: 	30.52 	29.54 
A,GE10,L_M,E_ITSP2,PC_ENT,FI	: 	: 	: 	: 	: 	: 	: 	: 	38.68 	38.39 
A,GE10,L_M,E_ITSP2,PC_ENT,FR	: 	: 	: 	: 	: 	: 	: 	: 	27.85 b	22.03 
A,GE10,L_M,E_ITSP2,PC_ENT,HR	: 	: 	: 	: 	: 	: 	: 	: 	22.07 	20.67 
A,GE10,L_M,E_ITSP2,PC_ENT,HU	: 	: 	: 	: 	: 	: 	: 	: 	42.04 	39.16 
A,GE10,L_M,E_ITSP2,PC_ENT,IE	: 	: 	: 	: 	: 	: 	: 	: 	39.67 	46.67 
A,GE10,L_M,E_ITSP2,PC_ENT,IT	: 	: 	: 	: 	: 	: 	: 	: 	21.77 	20.20 
A,GE10,L_M,E_ITSP2,PC_ENT,LT	: 	: 	: 	: 	: 	: 	: 	: 	26.12 	20.90 
A,GE10,L_M,E_ITSP2,PC_ENT,LU	: 	: 	: 	: 	: 	: 	: 	: 	: @C	: @C
A,GE10,L_M,E_ITSP2,PC_ENT,LV	: 	: 	: 	: 	: 	: 	: 	: 	26.79 	25.34 
A,GE10,L_M,E_ITSP2,PC_ENT,ME	: 	: 	: 	: 	: 	: 	: 	: 	32.15 	: @C
A,GE10,L_M,E_ITSP2,PC_ENT,MK	: 	: 	: 	: 	: 	: 	: 	: 	: u	: 
A,GE10,L_M,E_ITSP2,PC_ENT,MT	: 	: 	: 	: 	: 	: 	: 	: 	43.41 	42.85 
A,GE10,L_M,E_ITSP2,PC_ENT,NL	: 	: 	: 	: 	: 	: 	: 	: 	39.76 	36.93 
A,GE10,L_M,E_ITSP2,PC_ENT,NO	: 	: 	: 	: 	: 	: 	: 	: 	25.50 	28.73 
A,GE10,L_M,E_ITSP2,PC_ENT,PL	: 	: 	: 	: 	: 	: 	: 	: 	39.65 	36.25 
A,GE10,L_M,E_ITSP2,PC_ENT,PT	: 	: 	: 	: 	: 	: 	: 	: 	: u	: u
A,GE10,L_M,E_ITSP2,PC_ENT,RO	: 	: 	: 	: 	: 	: 	: 	: 	22.23 	25.72 
A,GE10,L_M,E_ITSP2,PC_ENT,RS	: 	: 	: 	: 	: 	: 	: 	: 	37.96 	38.05 
A,GE10,L_M,E_ITSP2,PC_ENT,SE	: 	: 	: 	: 	: 	: 	: 	: 	28.79 	25.79 b
A,GE10,L_M,E_ITSP2,PC_ENT,SI	: 	: 	: 	: 	: 	: 	: 	: 	30.00 	25.04 
A,GE10,L_M,E_ITSP2,PC_ENT,SK	: 	: 	: 	: 	: 	: 	: 	: 	18.60 	20.60 
A,GE10,L_M,E_ITSP2,PC_ENT,TR	: 	: 	: 	: 	: 	: 	: 	: 	20.78 	17.01 
A,GE10,M,E_ITSP2,PC_ENT,AL	: 	: 	: 	: 	: 	: 	: 	: 	50.42 b	: 
A,GE10,M,E_ITSP2,PC_ENT,AT	: 	: 	: 	: 	: 	: 	: 	: 	35.97 	27.08 
A,GE10,M,E_ITSP2,PC_ENT,BA	: 	: 	: 	: 	: 	: 	: 	: 	25.21 	26.51 
A,GE10,M,E_ITSP2,PC_ENT,BE	: 	: 	: 	: 	: 	: 	: 	: 	48.23 	39.57 
A,GE10,M,E_ITSP2,PC_ENT,BG	: 	: 	: 	: 	: 	: 	: 	: 	27.34 	24.06 
A,GE10,M,E_ITSP2,PC_ENT,CY	: 	: 	: 	: 	: 	: 	: 	: 	36.71 	40.71 
A,GE10,M,E_ITSP2,PC_ENT,CZ	: 	: 	: 	: 	: 	: 	: 	: 	25.62 	25.26 
A,GE10,M,E_ITSP2,PC_ENT,DE	: 	: 	: 	: 	: 	: 	: 	: 	30.61 	32.29 
A,GE10,M,E_ITSP2,PC_ENT,DK	: 	: 	: 	: 	: 	: 	: 	: 	47.08 	44.06 
A,GE10,M,E_ITSP2,PC_ENT,EA	: 	: 	: 	: 	: 	: 	: 	: 	30.89 	30.22 
A,GE10,M,E_ITSP2,PC_ENT,EE	: 	: 	: 	: 	: 	: 	: 	: 	20.92 	34.47 
A,GE10,M,E_ITSP2,PC_ENT,EL	: 	: 	: 	: 	: 	: 	: 	: 	34.24 	41.83 
A,GE10,M,E_ITSP2,PC_ENT,ES	: 	: 	: 	: 	: 	: 	: 	: 	30.10 	27.59 
A,GE10,M,E_ITSP2,PC_ENT,EU27_2020	: 	: 	: 	: 	: 	: 	: 	: 	31.64 	30.89 
A,GE10,M,E_ITSP2,PC_ENT,FI	: 	: 	: 	: 	: 	: 	: 	: 	41.37 	40.23 
A,GE10,M,E_ITSP2,PC_ENT,FR	: 	: 	: 	: 	: 	: 	: 	: 	26.80 b	22.44 
A,GE10,M,E_ITSP2,PC_ENT,HR	: 	: 	: 	: 	: 	: 	: 	: 	23.60 	22.83 
A,GE10,M,E_ITSP2,PC_ENT,HU	: 	: 	: 	: 	: 	: 	: 	: 	46.61 	42.33 
A,GE10,M,E_ITSP2,PC_ENT,IE	: 	: 	: 	: 	: 	: 	: 	: 	40.03 	47.16 
A,GE10,M,E_ITSP2,PC_ENT,IT	: 	: 	: 	: 	: 	: 	: 	: 	22.06 	20.93 
A,GE10,M,E_ITSP2,PC_ENT,LT	: 	: 	: 	: 	: 	: 	: 	: 	27.24 	22.56 
A,GE10,M,E_ITSP2,PC_ENT,LU	: 	: 	: 	: 	: 	: 	: 	: 	30.66 	35.06 
A,GE10,M,E_ITSP2,PC_ENT,LV	: 	: 	: 	: 	: 	: 	: 	: 	30.49 	29.84 
A,GE10,M,E_ITSP2,PC_ENT,ME	: 	: 	: 	: 	: 	: 	: 	: 	30.73 	24.82 
A,GE10,M,E_ITSP2,PC_ENT,MK	: 	: 	: 	: 	: 	: 	: 	: 	: u	: 
A,GE10,M,E_ITSP2,PC_ENT,MT	: 	: 	: 	: 	: 	: 	: 	: 	43.98 	44.70 
A,GE10,M,E_ITSP2,PC_ENT,NL	: 	: 	: 	: 	: 	: 	: 	: 	40.46 	37.35 
A,GE10,M,E_ITSP2,PC_ENT,NO	: 	: 	: 	: 	: 	: 	: 	: 	25.33 	30.89 
A,GE10,M,E_ITSP2,PC_ENT,PL	: 	: 	: 	: 	: 	: 	: 	: 	43.31 	41.68 
A,GE10,M,E_ITSP2,PC_ENT,PT	: 	: 	: 	: 	: 	: 	: 	: 	31.03 	: u
A,GE10,M,E_ITSP2,PC_ENT,RO	: 	: 	: 	: 	: 	: 	: 	: 	26.23 	27.73 
A,GE10,M,E_ITSP2,PC_ENT,RS	: 	: 	: 	: 	: 	: 	: 	: 	39.04 	38.61 
A,GE10,M,E_ITSP2,PC_ENT,SE	: 	: 	: 	: 	: 	: 	: 	: 	28.79 	27.39 b
A,GE10,M,E_ITSP2,PC_ENT,SI	: 	: 	: 	: 	: 	: 	: 	: 	31.50 	26.71 
A,GE10,M,E_ITSP2,PC_ENT,SK	: 	: 	: 	: 	: 	: 	: 	: 	19.53 	23.11 
A,GE10,M,E_ITSP2,PC_ENT,TR	: 	: 	: 	: 	: 	: 	: 	: 	19.54 	16.41 
A,GE10,M69-M71,E_ITSP2,PC_ENT,AT	: 	: 	: 	: 	: 	: 	: 	: 	36.55 	23.83 
A,GE10,M69-M71,E_ITSP2,PC_ENT,BA	: 	: 	: 	: 	: 	: 	: 	: 	23.73 	: u
A,GE10,M69-M71,E_ITSP2,PC_ENT,BE	: 	: 	: 	: 	: 	: 	: 	: 	43.78 	36.24 
A,GE10,M69-M71,E_ITSP2,PC_ENT,BG	: 	: 	: 	: 	: 	: 	: 	: 	20.09 	24.96 
A,GE10,M69-M71,E_ITSP2,PC_ENT,CY	: 	: 	: 	: 	: 	: 	: 	: 	35.93 	39.09 
A,GE10,M69-M71,E_ITSP2,PC_ENT,CZ	: 	: 	: 	: 	: 	: 	: 	: 	23.88 	25.89 
A,GE10,M69-M71,E_ITSP2,PC_ENT,DE	: 	: 	: 	: 	: 	: 	: 	: 	27.94 	30.78 
A,GE10,M69-M71,E_ITSP2,PC_ENT,DK	: 	: 	: 	: 	: 	: 	: 	: 	42.49 	46.03 
A,GE10,M69-M71,E_ITSP2,PC_ENT,EA	: 	: 	: 	: 	: 	: 	: 	: 	28.78 	28.56 
A,GE10,M69-M71,E_ITSP2,PC_ENT,EE	: 	: 	: 	: 	: 	: 	: 	: 	23.73 	28.15 
A,GE10,M69-M71,E_ITSP2,PC_ENT,EL	: 	: 	: 	: 	: 	: 	: 	: 	30.16 	38.83 
A,GE10,M69-M71,E_ITSP2,PC_ENT,ES	: 	: 	: 	: 	: 	: 	: 	: 	: u	27.29 
A,GE10,M69-M71,E_ITSP2,PC_ENT,EU27_2020	: 	: 	: 	: 	: 	: 	: 	: 	29.54 	29.31 
A,GE10,M69-M71,E_ITSP2,PC_ENT,FI	: 	: 	: 	: 	: 	: 	: 	: 	: u	: u
A,GE10,M69-M71,E_ITSP2,PC_ENT,FR	: 	: 	: 	: 	: 	: 	: 	: 	24.68 b	19.02 
A,GE10,M69-M71,E_ITSP2,PC_ENT,HR	: 	: 	: 	: 	: 	: 	: 	: 	18.47 	21.59 
A,GE10,M69-M71,E_ITSP2,PC_ENT,HU	: 	: 	: 	: 	: 	: 	: 	: 	47.72 	42.15 
A,GE10,M69-M71,E_ITSP2,PC_ENT,IE	: 	: 	: 	: 	: 	: 	: 	: 	41.70 	44.54 
A,GE10,M69-M71,E_ITSP2,PC_ENT,IT	: 	: 	: 	: 	: 	: 	: 	: 	: u	: u
A,GE10,M69-M71,E_ITSP2,PC_ENT,LT	: 	: 	: 	: 	: 	: 	: 	: 	: u	21.25 
A,GE10,M69-M71,E_ITSP2,PC_ENT,LU	: 	: 	: 	: 	: 	: 	: 	: 	: u	: u
A,GE10,M69-M71,E_ITSP2,PC_ENT,LV	: 	: 	: 	: 	: 	: 	: 	: 	30.14 	31.67 
A,GE10,M69-M71,E_ITSP2,PC_ENT,ME	: 	: 	: 	: 	: 	: 	: 	: 	34.49 	23.64 
A,GE10,M69-M71,E_ITSP2,PC_ENT,MK	: 	: 	: 	: 	: 	: 	: 	: 	: u	: 
A,GE10,M69-M71,E_ITSP2,PC_ENT,MT	: 	: 	: 	: 	: 	: 	: 	: 	42.30 	42.66 
A,GE10,M69-M71,E_ITSP2,PC_ENT,NL	: 	: 	: 	: 	: 	: 	: 	: 	40.43 	37.97 
A,GE10,M69-M71,E_ITSP2,PC_ENT,NO	: 	: 	: 	: 	: 	: 	: 	: 	21.51 	30.89 
A,GE10,M69-M71,E_ITSP2,PC_ENT,PL	: 	: 	: 	: 	: 	: 	: 	: 	40.75 	39.54 
A,GE10,M69-M71,E_ITSP2,PC_ENT,PT	: 	: 	: 	: 	: 	: 	: 	: 	: u	: u
A,GE10,M69-M71,E_ITSP2,PC_ENT,RO	: 	: 	: 	: 	: 	: 	: 	: 	28.70 	31.16 
A,GE10,M69-M71,E_ITSP2,PC_ENT,RS	: 	: 	: 	: 	: 	: 	: 	: 	39.75 	37.29 
A,GE10,M69-M71,E_ITSP2,PC_ENT,SE	: 	: 	: 	: 	: 	: 	: 	: 	27.39 	22.26 b
A,GE10,M69-M71,E_ITSP2,PC_ENT,SI	: 	: 	: 	: 	: 	: 	: 	: 	29.54 	25.56 
A,GE10,M69-M71,E_ITSP2,PC_ENT,SK	: 	: 	: 	: 	: 	: 	: 	: 	19.22 	24.54 
A,GE10,M69-M71,E_ITSP2,PC_ENT,TR	: 	: 	: 	: 	: 	: 	: 	: 	18.38 	14.45 
A,GE10,M69-M74,E_ITSP2,PC_ENT,AT	45.29 	36.58 	30.32 	38.47 	40.89 	30.96 	31.03 	30.94 	: 	: 
A,GE10,M69-M74,E_ITSP2,PC_ENT,BA	: 	: 	: 	: 	: 	30.32 	24.73 	19.00 	: 	: 
A,GE10,M69-M74,E_ITSP2,PC_ENT,BE	43.15 	36.19 	43.86 	50.66 	51.51 	40.83 	38.09 	50.43 	: 	: 
A,GE10,M69-M74,E_ITSP2,PC_ENT,BG	14.82 	35.85 	34.53 	32.60 	35.21 	36.56 	38.12 	28.62 	: 	: 
A,GE10,M69-M74,E_ITSP2,PC_ENT,CY	39.35 	40.57 	46.04 	36.47 	40.18 	40.16 	38.48 	38.03 	: 	: 
A,GE10,M69-M74,E_ITSP2,PC_ENT,CZ	43.81 	32.93 	23.76 	26.80 	27.51 	24.93 	19.53 	20.40 	: 	: 
A,GE10,M69-M74,E_ITSP2,PC_ENT,DE	27.32 	31.70 	29.82 	36.71 	27.10 	26.83 	24.23 	25.14 	: 	: 
A,GE10,M69-M74,E_ITSP2,PC_ENT,DK	43.89 	40.76 	37.91 	36.82 	33.63 	43.87 	40.59 	43.74 	: 	: 
A,GE10,M69-M74,E_ITSP2,PC_ENT,EA	32.30 	32.10 	31.96 	35.35 	30.94 	30.02 	28.55 	29.34 	: 	: 
A,GE10,M69-M74,E_ITSP2,PC_ENT,EE	24.58 	23.92 	21.27 	18.97 	17.68 	11.94 	25.10 	30.34 	: 	: 
A,GE10,M69-M74,E_ITSP2,PC_ENT,EL	69.88 	38.96 	45.62 	36.33 	35.16 	43.39 	44.74 	: u	: 	: 
A,GE10,M69-M74,E_ITSP2,PC_ENT,ES	42.65 	41.03 	38.72 	42.54 	39.84 	34.43 	30.95 	32.29 	: 	: 
A,GE10,M69-M74,E_ITSP2,PC_ENT,EU15	34.71 	33.03 	31.44 	34.59 	30.82 	32.07 	: 	: 	: 	: 
A,GE10,M69-M74,E_ITSP2,PC_ENT,EU27_2007	34.13 	32.24 	30.99 	33.82 	30.06 	31.49 	: 	: 	: 	: 
A,GE10,M69-M74,E_ITSP2,PC_ENT,EU27_2020	32.10 	31.30 	31.27 	34.03 	30.28 	29.88 	28.82 	29.65 	: 	: 
A,GE10,M69-M74,E_ITSP2,PC_ENT,EU28	34.08 	32.24 	31.00 	33.78 	30.06 	31.45 	29.84 	: 	: 	: 
A,GE10,M69-M74,E_ITSP2,PC_ENT,FI	57.73 	46.28 	33.49 	34.67 	27.92 	40.80 	35.15 	39.43 	: 	: 
A,GE10,M69-M74,E_ITSP2,PC_ENT,FR	25.40 	23.96 	28.51 	27.63 	27.34 	28.21 	26.90 	28.09 	: 	: 
A,GE10,M69-M74,E_ITSP2,PC_ENT,HR	27.11 	31.26 	31.93 	28.20 	29.69 	24.97 	30.10 	30.61 	: 	: 
A,GE10,M69-M74,E_ITSP2,PC_ENT,HU	47.25 	47.57 	44.71 	40.29 	41.17 	44.73 	39.37 	36.58 	: 	: 
A,GE10,M69-M74,E_ITSP2,PC_ENT,IE	53.59 	41.68 	46.57 	51.37 	51.73 	47.89 	45.93 	56.95 	: 	: 
A,GE10,M69-M74,E_ITSP2,PC_ENT,IS	47.42 	47.37 	: 	: 	30.79 	: 	: 	30.94 	: 	: 
A,GE10,M69-M74,E_ITSP2,PC_ENT,IT	22.64 	25.91 	26.64 	30.55 	27.95 	27.00 	30.87 	25.76 	: 	: 
A,GE10,M69-M74,E_ITSP2,PC_ENT,LT	28.80 	24.83 	26.22 	30.89 	35.61 	25.00 	21.10 	28.09 	: 	: 
A,GE10,M69-M74,E_ITSP2,PC_ENT,LU	49.49 	31.69 	34.87 	31.75 	29.21 	34.82 	33.55 	31.82 	: 	: 
A,GE10,M69-M74,E_ITSP2,PC_ENT,LV	40.93 	40.91 	35.03 	33.64 	19.25 	24.42 	29.50 	27.71 	: 	: 
A,GE10,M69-M74,E_ITSP2,PC_ENT,ME	: 	: 	: 	: u	7.43 	: u	: u	: u	: 	: 
A,GE10,M69-M74,E_ITSP2,PC_ENT,MK	: u	: u	12.77 	21.95 	: 	: 	: 	12.12 	: 	: 
A,GE10,M69-M74,E_ITSP2,PC_ENT,MT	30.33 	30.85 	36.46 	38.41 	34.40 	35.32 	38.06 	39.56 	: 	: 
A,GE10,M69-M74,E_ITSP2,PC_ENT,NL	37.64 	40.78 	39.90 	34.22 	34.78 	37.50 	36.01 	32.52 	: 	: 
A,GE10,M69-M74,E_ITSP2,PC_ENT,NO	46.69 	31.17 	33.46 	39.78 	30.82 	31.16 	30.61 	27.76 	: 	: 
A,GE10,M69-M74,E_ITSP2,PC_ENT,PL	28.84 	14.98 	20.16 	20.29 	19.43 	22.56 	33.14 	38.86 	: 	: 
A,GE10,M69-M74,E_ITSP2,PC_ENT,PT	39.25 	: u	: u	: u	28.65 	: u	: u	22.19 	: 	: 
A,GE10,M69-M74,E_ITSP2,PC_ENT,RO	3.90 	26.51 	24.50 	28.14 	9.04 	23.12 	19.15 	21.03 	: 	: 
A,GE10,M69-M74,E_ITSP2,PC_ENT,RS	: 	36.75 	: 	: 	17.70 	28.54 	23.33 	29.05 	: 	: 
A,GE10,M69-M74,E_ITSP2,PC_ENT,SE	35.93 	26.82 	28.27 	24.83 	38.11 	29.56 	27.85 	25.84 	: 	: 
A,GE10,M69-M74,E_ITSP2,PC_ENT,SI	38.72 	33.93 	36.88 	35.56 	36.75 	39.11 	32.99 	21.29 	: 	: 
A,GE10,M69-M74,E_ITSP2,PC_ENT,SK	41.70 	20.98 	31.93 	32.79 	26.01 	21.57 	23.41 	26.17 	: 	: 
A,GE10,M69-M74,E_ITSP2,PC_ENT,TR	: 	: 	: u	: 	: 	15.40 	18.60 	11.97 	: 	: 
A,GE10,M69-M74,E_ITSP2,PC_ENT,UK	42.93 	36.25 	29.85 	32.73 	29.12 	38.33 	34.44 	42.50 	: 	: 
A,GE10,M69-M74,E_ITSP2,PC_ENT_CUSE,AT	45.62 	36.58 	30.32 	38.47 	40.89 	30.96 	31.03 	: 	: 	: 
A,GE10,M69-M74,E_ITSP2,PC_ENT_CUSE,BA	: 	: 	: 	: 	: 	30.32 	24.73 	: 	: 	: 
A,GE10,M69-M74,E_ITSP2,PC_ENT_CUSE,BE	43.15 	36.19 	43.86 	50.66 	51.51 	40.83 	38.09 	: 	: 	: 
A,GE10,M69-M74,E_ITSP2,PC_ENT_CUSE,BG	15.25 	37.04 	36.14 	33.05 	35.29 	36.63 	38.12 	: 	: 	: 
A,GE10,M69-M74,E_ITSP2,PC_ENT_CUSE,CY	39.35 	40.57 	46.04 	36.67 	40.18 	40.16 	38.70 	: 	: 	: 
A,GE10,M69-M74,E_ITSP2,PC_ENT_CUSE,CZ	43.81 	33.29 	24.09 	26.80 	27.75 	25.32 	19.92 	: 	: 	: 
A,GE10,M69-M74,E_ITSP2,PC_ENT_CUSE,DE	28.05 	31.70 	30.22 	36.91 	27.10 	27.02 	24.42 	: 	: 	: 
A,GE10,M69-M74,E_ITSP2,PC_ENT_CUSE,DK	43.99 	41.04 	38.14 	36.82 	33.63 	43.87 	40.59 	: 	: 	: 
A,GE10,M69-M74,E_ITSP2,PC_ENT_CUSE,EA	32.59 	32.13 	32.16 	35.49 	30.99 	30.14 	28.66 	: 	: 	: 
A,GE10,M69-M74,E_ITSP2,PC_ENT_CUSE,EE	24.65 	23.92 	21.32 	19.02 	18.13 	11.94 	25.59 	: 	: 	: 
A,GE10,M69-M74,E_ITSP2,PC_ENT_CUSE,EL	70.17 	40.59 	48.43 	40.14 	36.13 	44.79 	45.78 	: 	: 	: 
A,GE10,M69-M74,E_ITSP2,PC_ENT_CUSE,ES	42.74 	41.03 	38.81 	42.54 	39.84 	34.43 	30.95 	: 	: 	: 
A,GE10,M69-M74,E_ITSP2,PC_ENT_CUSE,EU15	35.19 	33.23 	31.79 	34.99 	31.09 	32.31 	: 	: 	: 	: 
A,GE10,M69-M74,E_ITSP2,PC_ENT_CUSE,EU27_2007	34.64 	32.54 	31.37 	34.26 	30.41 	31.84 	: 	: 	: 	: 
A,GE10,M69-M74,E_ITSP2,PC_ENT_CUSE,EU27_2020	32.46 	31.48 	31.54 	34.27 	30.45 	30.14 	29.14 	: 	: 	: 
A,GE10,M69-M74,E_ITSP2,PC_ENT_CUSE,EU28	34.59 	32.54 	31.38 	34.24 	30.40 	31.80 	30.23 	: 	: 	: 
A,GE10,M69-M74,E_ITSP2,PC_ENT_CUSE,FI	57.73 	46.28 	33.49 	34.67 	27.92 	40.80 	35.15 	: 	: 	: 
A,GE10,M69-M74,E_ITSP2,PC_ENT_CUSE,FR	25.40 	23.96 	28.51 	27.63 	27.34 	28.21 	26.90 	: 	: 	: 
A,GE10,M69-M74,E_ITSP2,PC_ENT_CUSE,HR	27.33 	32.16 	33.14 	29.59 	29.69 	24.97 	30.10 	: 	: 	: 
A,GE10,M69-M74,E_ITSP2,PC_ENT_CUSE,HU	49.36 	49.07 	45.92 	41.28 	42.00 	46.11 	40.72 	: 	: 	: 
A,GE10,M69-M74,E_ITSP2,PC_ENT_CUSE,IE	53.94 	41.97 	47.35 	51.92 	52.06 	48.73 	46.58 	: 	: 	: 
A,GE10,M69-M74,E_ITSP2,PC_ENT_CUSE,IS	47.42 	47.37 	: 	: 	30.79 	: 	: 	: 	: 	: 
A,GE10,M69-M74,E_ITSP2,PC_ENT_CUSE,IT	22.66 	25.93 	26.81 	30.58 	28.23 	27.10 	30.93 	: 	: 	: 
A,GE10,M69-M74,E_ITSP2,PC_ENT_CUSE,LT	28.80 	24.83 	26.22 	30.89 	35.61 	25.00 	21.10 	: 	: 	: 
A,GE10,M69-M74,E_ITSP2,PC_ENT_CUSE,LU	49.75 	31.69 	34.87 	31.75 	29.21 	34.82 	33.55 	: 	: 	: 
A,GE10,M69-M74,E_ITSP2,PC_ENT_CUSE,LV	41.43 	41.16 	35.22 	33.64 	19.43 	24.64 	29.50 	: 	: 	: 
A,GE10,M69-M74,E_ITSP2,PC_ENT_CUSE,ME	: 	: 	: 	: u	7.43 	: u	: u	: 	: 	: 
A,GE10,M69-M74,E_ITSP2,PC_ENT_CUSE,MK	: u	: u	13.08 	22.36 	: 	: 	: 	: 	: 	: 
A,GE10,M69-M74,E_ITSP2,PC_ENT_CUSE,MT	30.33 	31.36 	36.46 	38.41 	34.68 	35.32 	38.49 	: 	: 	: 
A,GE10,M69-M74,E_ITSP2,PC_ENT_CUSE,NL	37.64 	40.78 	39.90 	34.22 	34.78 	37.50 	36.01 	: 	: 	: 
A,GE10,M69-M74,E_ITSP2,PC_ENT_CUSE,NO	46.69 	31.17 	33.46 	39.78 	30.82 	31.16 	30.61 	: 	: 	: 
A,GE10,M69-M74,E_ITSP2,PC_ENT_CUSE,PL	29.28 	15.31 	20.56 	20.65 	19.86 	22.89 	33.65 	: 	: 	: 
A,GE10,M69-M74,E_ITSP2,PC_ENT_CUSE,PT	39.25 	: u	: u	: u	28.65 	: u	: u	: 	: 	: 
A,GE10,M69-M74,E_ITSP2,PC_ENT_CUSE,RO	4.20 	29.07 	25.29 	30.96 	10.17 	27.79 	26.64 	: 	: 	: 
A,GE10,M69-M74,E_ITSP2,PC_ENT_CUSE,RS	: 	36.75 	: 	: 	17.70 	28.54 	23.33 	: 	: 	: 
A,GE10,M69-M74,E_ITSP2,PC_ENT_CUSE,SE	36.16 	26.82 	28.27 	24.83 	38.11 	29.56 	27.85 	: 	: 	: 
A,GE10,M69-M74,E_ITSP2,PC_ENT_CUSE,SI	38.72 	33.93 	37.25 	35.91 	36.75 	39.66 	32.99 	: 	: 	: 
A,GE10,M69-M74,E_ITSP2,PC_ENT_CUSE,SK	41.70 	20.98 	31.93 	33.51 	26.28 	21.98 	23.41 	: 	: 	: 
A,GE10,M69-M74,E_ITSP2,PC_ENT_CUSE,TR	: 	: 	: u	: 	: 	15.40 	18.76 	: 	: 	: 
A,GE10,M69-M74,E_ITSP2,PC_ENT_CUSE,UK	44.33 	37.15 	30.71 	34.09 	30.19 	39.15 	35.20 	: 	: 	: 
A,GE10,M72,E_ITSP2,PC_ENT,AT	: 	: 	: 	: 	: 	: 	: 	: 	: u	: u
A,GE10,M72,E_ITSP2,PC_ENT,BA	: 	: 	: 	: 	: 	: 	: 	: 	59.65 	58.10 
A,GE10,M72,E_ITSP2,PC_ENT,BE	: 	: 	: 	: 	: 	: 	: 	: 	: 	70.15 
A,GE10,M72,E_ITSP2,PC_ENT,BG	: 	: 	: 	: 	: 	: 	: 	: 	27.36 	49.60 
A,GE10,M72,E_ITSP2,PC_ENT,CY	: 	: 	: 	: 	: 	: 	: 	: 	100.00 	100.00 
A,GE10,M72,E_ITSP2,PC_ENT,CZ	: 	: 	: 	: 	: 	: 	: 	: 	46.98 	43.69 
A,GE10,M72,E_ITSP2,PC_ENT,DE	: 	: 	: 	: 	: 	: 	: 	: 	53.42 	58.19 
A,GE10,M72,E_ITSP2,PC_ENT,DK	: 	: 	: 	: 	: 	: 	: 	: 	54.21 	53.13 
A,GE10,M72,E_ITSP2,PC_ENT,EA	: 	: 	: 	: 	: 	: 	: 	: 	48.26 	55.45 
A,GE10,M72,E_ITSP2,PC_ENT,EE	: 	: 	: 	: 	: 	: 	: 	: 	54.64 	72.41 
A,GE10,M72,E_ITSP2,PC_ENT,EL	: 	: 	: 	: 	: 	: 	: 	: 	63.96 	67.54 
A,GE10,M72,E_ITSP2,PC_ENT,ES	: 	: 	: 	: 	: 	: 	: 	: 	: u	: u
A,GE10,M72,E_ITSP2,PC_ENT,EU27_2020	: 	: 	: 	: 	: 	: 	: 	: 	47.51 	54.36 
A,GE10,M72,E_ITSP2,PC_ENT,FI	: 	: 	: 	: 	: 	: 	: 	: 	: u	: u
A,GE10,M72,E_ITSP2,PC_ENT,FR	: 	: 	: 	: 	: 	: 	: 	: 	: bu	50.73 
A,GE10,M72,E_ITSP2,PC_ENT,HR	: 	: 	: 	: 	: 	: 	: 	: 	34.48 	100.00 
A,GE10,M72,E_ITSP2,PC_ENT,HU	: 	: 	: 	: 	: 	: 	: 	: 	54.17 	60.35 
A,GE10,M72,E_ITSP2,PC_ENT,IE	: 	: 	: 	: 	: 	: 	: 	: 	51.28 	53.92 
A,GE10,M72,E_ITSP2,PC_ENT,IT	: 	: 	: 	: 	: 	: 	: 	: 	: u	: u
A,GE10,M72,E_ITSP2,PC_ENT,LT	: 	: 	: 	: 	: 	: 	: 	: 	: u	: u
A,GE10,M72,E_ITSP2,PC_ENT,LU	: 	: 	: 	: 	: 	: 	: 	: 	: u	: u
A,GE10,M72,E_ITSP2,PC_ENT,LV	: 	: 	: 	: 	: 	: 	: 	: 	35.71 	26.67 
A,GE10,M72,E_ITSP2,PC_ENT,ME	: 	: 	: 	: 	: 	: 	: 	: 	0 	: @C
A,GE10,M72,E_ITSP2,PC_ENT,MK	: 	: 	: 	: 	: 	: 	: 	: 	: u	: 
A,GE10,M72,E_ITSP2,PC_ENT,MT	: 	: 	: 	: 	: 	: 	: 	: 	: @C	: @C
A,GE10,M72,E_ITSP2,PC_ENT,NL	: 	: 	: 	: 	: 	: 	: 	: 	54.20 	47.29 
A,GE10,M72,E_ITSP2,PC_ENT,NO	: 	: 	: 	: 	: 	: 	: 	: 	53.84 	46.69 
A,GE10,M72,E_ITSP2,PC_ENT,PL	: 	: 	: 	: 	: 	: 	: 	: 	: u	: u
A,GE10,M72,E_ITSP2,PC_ENT,PT	: 	: 	: 	: 	: 	: 	: 	: 	: u	: u
A,GE10,M72,E_ITSP2,PC_ENT,RO	: 	: 	: 	: 	: 	: 	: 	: 	29.73 	33.37 
A,GE10,M72,E_ITSP2,PC_ENT,RS	: 	: 	: 	: 	: 	: 	: 	: 	59.41 	37.97 
A,GE10,M72,E_ITSP2,PC_ENT,SE	: 	: 	: 	: 	: 	: 	: 	: 	32.80 	38.14 b
A,GE10,M72,E_ITSP2,PC_ENT,SI	: 	: 	: 	: 	: 	: 	: 	: 	46.55 	: u
A,GE10,M72,E_ITSP2,PC_ENT,SK	: 	: 	: 	: 	: 	: 	: 	: 	35.78 	48.33 
A,GE10,M72,E_ITSP2,PC_ENT,TR	: 	: 	: 	: 	: 	: 	: 	: 	51.74 	45.91 
A,GE10,M73-M75,E_ITSP2,PC_ENT,AT	: 	: 	: 	: 	: 	: 	: 	: 	: u	: u
A,GE10,M73-M75,E_ITSP2,PC_ENT,BA	: 	: 	: 	: 	: 	: 	: 	: 	: u	: u
A,GE10,M73-M75,E_ITSP2,PC_ENT,BE	: 	: 	: 	: 	: 	: 	: 	: 	: u	: u
A,GE10,M73-M75,E_ITSP2,PC_ENT,BG	: 	: 	: 	: 	: 	: 	: 	: 	39.10 	19.44 
A,GE10,M73-M75,E_ITSP2,PC_ENT,CY	: 	: 	: 	: 	: 	: 	: 	: 	37.98 	43.75 
A,GE10,M73-M75,E_ITSP2,PC_ENT,CZ	: 	: 	: 	: 	: 	: 	: 	: 	26.65 	20.04 
A,GE10,M73-M75,E_ITSP2,PC_ENT,DE	: 	: 	: 	: 	: 	: 	: 	: 	39.80 	33.51 
A,GE10,M73-M75,E_ITSP2,PC_ENT,DK	: 	: 	: 	: 	: 	: 	: 	: 	55.16 	37.00 
A,GE10,M73-M75,E_ITSP2,PC_ENT,EA	: 	: 	: 	: 	: 	: 	: 	: 	35.86 	31.05 
A,GE10,M73-M75,E_ITSP2,PC_ENT,EE	: 	: 	: 	: 	: 	: 	: 	: 	4.69 	39.37 
A,GE10,M73-M75,E_ITSP2,PC_ENT,EL	: 	: 	: 	: 	: 	: 	: 	: 	40.51 	43.01 
A,GE10,M73-M75,E_ITSP2,PC_ENT,ES	: 	: 	: 	: 	: 	: 	: 	: 	: u	21.00 
A,GE10,M73-M75,E_ITSP2,PC_ENT,EU27_2020	: 	: 	: 	: 	: 	: 	: 	: 	36.25 	31.53 
A,GE10,M73-M75,E_ITSP2,PC_ENT,FI	: 	: 	: 	: 	: 	: 	: 	: 	: u	: u
A,GE10,M73-M75,E_ITSP2,PC_ENT,FR	: 	: 	: 	: 	: 	: 	: 	: 	34.62 b	33.50 
A,GE10,M73-M75,E_ITSP2,PC_ENT,HR	: 	: 	: 	: 	: 	: 	: 	: 	38.50 	20.86 
A,GE10,M73-M75,E_ITSP2,PC_ENT,HU	: 	: 	: 	: 	: 	: 	: 	: 	39.89 	37.68 
A,GE10,M73-M75,E_ITSP2,PC_ENT,IE	: 	: 	: 	: 	: 	: 	: 	: 	31.10 	55.89 
A,GE10,M73-M75,E_ITSP2,PC_ENT,IT	: 	: 	: 	: 	: 	: 	: 	: 	: u	: u
A,GE10,M73-M75,E_ITSP2,PC_ENT,LT	: 	: 	: 	: 	: 	: 	: 	: 	: u	: u
A,GE10,M73-M75,E_ITSP2,PC_ENT,LU	: 	: 	: 	: 	: 	: 	: 	: 	: u	: u
A,GE10,M73-M75,E_ITSP2,PC_ENT,LV	: 	: 	: 	: 	: 	: 	: 	: 	30.77 	26.52 
A,GE10,M73-M75,E_ITSP2,PC_ENT,ME	: 	: 	: 	: 	: 	: 	: 	: 	18.82 	: @C
A,GE10,M73-M75,E_ITSP2,PC_ENT,MK	: 	: 	: 	: 	: 	: 	: 	: 	: u	: 
A,GE10,M73-M75,E_ITSP2,PC_ENT,MT	: 	: 	: 	: 	: 	: 	: 	: 	: @C	50.83 
A,GE10,M73-M75,E_ITSP2,PC_ENT,NL	: 	: 	: 	: 	: 	: 	: 	: 	36.16 	32.11 
A,GE10,M73-M75,E_ITSP2,PC_ENT,NO	: 	: 	: 	: 	: 	: 	: 	: 	29.90 	25.78 
A,GE10,M73-M75,E_ITSP2,PC_ENT,PL	: 	: 	: 	: 	: 	: 	: 	: 	48.31 	44.58 
A,GE10,M73-M75,E_ITSP2,PC_ENT,PT	: 	: 	: 	: 	: 	: 	: 	: 	: u	: u
A,GE10,M73-M75,E_ITSP2,PC_ENT,RO	: 	: 	: 	: 	: 	: 	: 	: 	18.77 	18.07 
A,GE10,M73-M75,E_ITSP2,PC_ENT,RS	: 	: 	: 	: 	: 	: 	: 	: 	18.59 	46.28 
A,GE10,M73-M75,E_ITSP2,PC_ENT,SE	: 	: 	: 	: 	: 	: 	: 	: 	32.54 	41.82 b
A,GE10,M73-M75,E_ITSP2,PC_ENT,SI	: 	: 	: 	: 	: 	: 	: 	: 	24.17 	33.79 
A,GE10,M73-M75,E_ITSP2,PC_ENT,SK	: 	: 	: 	: 	: 	: 	: 	: 	18.47 	14.94 
A,GE10,M73-M75,E_ITSP2,PC_ENT,TR	: 	: 	: 	: 	: 	: 	: 	: 	21.89 	22.05 
A,GE10,N,E_ITSP2,PC_ENT,AL	: 	: 	: 	: 	: 	: 	: 	: 	60.78 b	: 
A,GE10,N,E_ITSP2,PC_ENT,AT	28.82 	19.30 	20.29 	24.46 	19.10 	19.32 	17.99 	17.98 	16.83 	16.19 
A,GE10,N,E_ITSP2,PC_ENT,BA	: 	: 	: 	: 	: 	31.44 	28.83 	34.65 	18.29 	26.40 
A,GE10,N,E_ITSP2,PC_ENT,BE	22.80 	18.37 	26.67 	18.54 	23.22 	24.48 	23.77 	26.95 	27.55 	24.20 
A,GE10,N,E_ITSP2,PC_ENT,BG	8.77 	20.97 	22.90 	19.13 	12.67 	16.29 	22.74 	14.08 	13.52 	13.34 
A,GE10,N,E_ITSP2,PC_ENT,CY	24.82 	25.81 	24.32 	31.12 	28.37 	29.82 	32.39 	32.96 	32.22 	30.88 
A,GE10,N,E_ITSP2,PC_ENT,CZ	29.83 	17.58 	19.01 	14.81 	17.57 	14.82 	12.73 	10.67 	15.73 	12.66 
A,GE10,N,E_ITSP2,PC_ENT,DE	18.19 	12.80 	13.60 	14.69 	14.33 	18.01 	14.34 	15.94 	20.56 	18.25 
A,GE10,N,E_ITSP2,PC_ENT,DK	23.05 	24.20 	27.34 	20.72 	17.49 	22.48 	28.94 	29.41 	32.23 	25.58 
A,GE10,N,E_ITSP2,PC_ENT,EA	16.83 	15.24 	17.63 	16.55 	16.32 	17.74 	16.27 	17.30 	18.12 	18.01 
A,GE10,N,E_ITSP2,PC_ENT,EE	11.64 	15.79 	14.39 	14.36 	14.19 	13.82 	16.90 	15.14 	19.44 	15.50 
A,GE10,N,E_ITSP2,PC_ENT,EL	33.67 	31.34 	24.97 	33.79 	29.95 	25.78 	28.17 	: u	22.69 	28.15 
A,GE10,N,E_ITSP2,PC_ENT,ES	13.77 	18.54 	18.70 	17.24 	16.49 	12.83 	13.42 	14.17 	13.61 	12.39 
A,GE10,N,E_ITSP2,PC_ENT,EU15	18.89 	17.25 	18.24 	18.08 	17.69 	18.67 	: 	: 	: 	: 
A,GE10,N,E_ITSP2,PC_ENT,EU27_2007	18.59 	16.89 	18.01 	17.67 	17.45 	18.25 	: 	: 	: 	: 
A,GE10,N,E_ITSP2,PC_ENT,EU27_2020	16.92 	15.31 	17.40 	16.13 	16.28 	17.42 	16.67 	17.71 	18.80 	18.30 
A,GE10,N,E_ITSP2,PC_ENT,EU28	18.61 	16.87 	18.01 	17.65 	17.48 	18.26 	18.72 	: 	: 	: 
A,GE10,N,E_ITSP2,PC_ENT,FI	33.62 	32.40 	31.08 	22.76 	23.38 	25.99 	17.03 	29.44 	29.54 	32.60 
A,GE10,N,E_ITSP2,PC_ENT,FR	14.69 	12.63 	15.36 	14.77 	16.59 	15.61 	19.12 	19.40 	14.20 b	14.27 
A,GE10,N,E_ITSP2,PC_ENT,HR	24.74 	10.44 	16.86 	12.26 	25.69 	21.72 	13.40 	16.08 	20.29 	22.09 
A,GE10,N,E_ITSP2,PC_ENT,HU	22.19 	22.81 	23.12 	22.16 	24.72 	25.02 	22.14 	27.56 	28.12 	26.22 
A,GE10,N,E_ITSP2,PC_ENT,IE	37.13 	28.80 	30.80 	42.24 	35.28 	42.41 	35.65 	42.03 	33.30 	49.70 
A,GE10,N,E_ITSP2,PC_ENT,IS	27.54 	20.15 	: 	: 	17.18 	: 	: 	14.94 	: 	: 
A,GE10,N,E_ITSP2,PC_ENT,IT	11.15 	10.92 	19.01 	14.24 	12.91 	17.79 	12.85 	10.39 	11.32 	14.47 
A,GE10,N,E_ITSP2,PC_ENT,LT	24.46 	21.41 	21.00 	19.51 	22.85 	17.45 	14.49 	21.49 	16.18 	22.76 
A,GE10,N,E_ITSP2,PC_ENT,LU	25.39 	10.80 	17.73 	20.12 	20.12 	18.35 	21.01 	18.47 	25.99 	23.13 
A,GE10,N,E_ITSP2,PC_ENT,LV	21.02 	18.01 	18.87 	15.00 	15.96 	21.53 	22.51 	25.14 	15.98 	17.41 
A,GE10,N,E_ITSP2,PC_ENT,ME	: 	: 	: 	: u	10.46 	14.23 	: u	: u	39.58 	32.34 
A,GE10,N,E_ITSP2,PC_ENT,MK	: u	10.90 	: u	16.13 	: 	: 	: 	4.00 	6.93 	: 
A,GE10,N,E_ITSP2,PC_ENT,MT	28.61 	27.93 	28.14 	27.49 	30.48 	27.65 	27.98 	29.69 	34.72 	32.06 
A,GE10,N,E_ITSP2,PC_ENT,NL	14.65 	16.47 	17.43 	15.30 	15.56 	16.26 	17.68 	17.11 	21.95 	21.30 
A,GE10,N,E_ITSP2,PC_ENT,NO	30.72 	13.80 	17.36 	20.91 	11.16 	15.72 	13.47 	14.25 	15.34 	17.18 
A,GE10,N,E_ITSP2,PC_ENT,PL	17.94 	10.61 	14.42 	14.65 	15.78 	14.89 	27.00 	24.04 	31.28 	27.69 
A,GE10,N,E_ITSP2,PC_ENT,PT	: u	: u	29.24 	: u	25.40 	20.77 	21.77 	29.51 	29.67 	29.37 
A,GE10,N,E_ITSP2,PC_ENT,RO	2.53 	7.81 	9.48 	7.10 	8.46 	7.49 	8.48 	14.31 	11.35 	15.56 
A,GE10,N,E_ITSP2,PC_ENT,RS	: 	26.44 	: 	: 	30.20 	27.03 	25.40 	30.17 	30.95 	28.28 
A,GE10,N,E_ITSP2,PC_ENT,SE	17.24 	18.08 	10.81 	9.41 	14.90 	15.02 	12.06 	17.58 	17.64 	11.41 b
A,GE10,N,E_ITSP2,PC_ENT,SI	10.79 	15.03 	11.95 	11.83 	11.71 	10.81 	10.08 	10.39 	14.76 	13.80 
A,GE10,N,E_ITSP2,PC_ENT,SK	17.90 	9.27 	14.32 	13.54 	9.80 	12.98 	12.39 	16.90 	13.37 	13.68 
A,GE10,N,E_ITSP2,PC_ENT,TR	: 	: 	: u	: 	: 	10.24 	12.83 	11.80 	24.81 	18.37 
A,GE10,N,E_ITSP2,PC_ENT,UK	26.37 	23.73 	20.62 	24.35 	22.83 	22.08 	27.91 	34.68 	: 	: 
A,GE10,N,E_ITSP2,PC_ENT_CUSE,AT	29.29 	19.64 	20.55 	24.70 	19.31 	19.32 	17.99 	: 	: 	: 
A,GE10,N,E_ITSP2,PC_ENT_CUSE,BA	: 	: 	: 	: 	: 	31.44 	28.83 	: 	: 	: 
A,GE10,N,E_ITSP2,PC_ENT_CUSE,BE	23.19 	19.04 	26.67 	18.54 	23.22 	24.48 	23.77 	: 	: 	: 
A,GE10,N,E_ITSP2,PC_ENT_CUSE,BG	10.69 	23.94 	24.89 	21.66 	13.68 	17.13 	24.49 	: 	: 	: 
A,GE10,N,E_ITSP2,PC_ENT_CUSE,CY	25.55 	26.34 	25.67 	33.63 	29.49 	30.98 	32.60 	: 	: 	: 
A,GE10,N,E_ITSP2,PC_ENT_CUSE,CZ	32.33 	18.81 	19.93 	15.19 	18.46 	15.82 	13.19 	: 	: 	: 
A,GE10,N,E_ITSP2,PC_ENT_CUSE,DE	18.46 	13.12 	13.85 	14.98 	14.68 	18.13 	14.45 	: 	: 	: 
A,GE10,N,E_ITSP2,PC_ENT_CUSE,DK	23.74 	24.86 	27.34 	20.72 	17.49 	22.48 	28.94 	: 	: 	: 
A,GE10,N,E_ITSP2,PC_ENT_CUSE,EA	17.28 	15.57 	17.92 	16.81 	16.61 	17.95 	16.47 	: 	: 	: 
A,GE10,N,E_ITSP2,PC_ENT_CUSE,EE	12.52 	17.60 	15.34 	16.13 	15.82 	13.82 	16.90 	: 	: 	: 
A,GE10,N,E_ITSP2,PC_ENT_CUSE,EL	40.48 	33.73 	29.88 	37.01 	34.19 	26.79 	31.64 	: 	: 	: 
A,GE10,N,E_ITSP2,PC_ENT_CUSE,ES	14.62 	19.05 	19.05 	17.52 	16.69 	13.12 	13.67 	: 	: 	: 
A,GE10,N,E_ITSP2,PC_ENT_CUSE,EU15	19.50 	17.64 	18.59 	18.47 	18.08 	18.93 	: 	: 	: 	: 
A,GE10,N,E_ITSP2,PC_ENT_CUSE,EU27_2007	19.45 	17.49 	18.56 	18.25 	18.01 	18.70 	: 	: 	: 	: 
A,GE10,N,E_ITSP2,PC_ENT_CUSE,EU27_2020	17.66 	15.87 	17.91 	16.59 	16.73 	17.84 	17.11 	: 	: 	: 
A,GE10,N,E_ITSP2,PC_ENT_CUSE,EU28	19.47 	17.47 	18.56 	18.23 	18.04 	18.71 	19.32 	: 	: 	: 
A,GE10,N,E_ITSP2,PC_ENT_CUSE,FI	33.62 	32.40 	31.08 	22.76 	23.38 	25.99 	17.03 	: 	: 	: 
A,GE10,N,E_ITSP2,PC_ENT_CUSE,FR	14.69 	12.68 	15.40 	14.84 	16.68 	15.66 	19.12 	: 	: 	: 
A,GE10,N,E_ITSP2,PC_ENT_CUSE,HR	26.70 	10.95 	18.07 	13.22 	27.62 	22.72 	13.65 	: 	: 	: 
A,GE10,N,E_ITSP2,PC_ENT_CUSE,HU	26.13 	28.24 	26.23 	25.34 	26.96 	28.07 	24.18 	: 	: 	: 
A,GE10,N,E_ITSP2,PC_ENT_CUSE,IE	38.80 	29.17 	31.78 	43.84 	36.00 	43.21 	35.90 	: 	: 	: 
A,GE10,N,E_ITSP2,PC_ENT_CUSE,IS	27.54 	20.15 	: 	: 	17.18 	: 	: 	: 	: 	: 
A,GE10,N,E_ITSP2,PC_ENT_CUSE,IT	11.81 	11.26 	19.50 	14.47 	13.13 	18.39 	13.19 	: 	: 	: 
A,GE10,N,E_ITSP2,PC_ENT_CUSE,LT	24.84 	21.41 	21.00 	19.51 	22.85 	17.45 	14.49 	: 	: 	: 
A,GE10,N,E_ITSP2,PC_ENT_CUSE,LU	25.39 	10.98 	17.73 	20.12 	20.12 	18.35 	21.01 	: 	: 	: 
A,GE10,N,E_ITSP2,PC_ENT_CUSE,LV	22.24 	19.10 	19.78 	15.72 	16.53 	21.67 	23.11 	: 	: 	: 
A,GE10,N,E_ITSP2,PC_ENT_CUSE,ME	: 	: 	: 	: u	10.46 	14.23 	: u	: 	: 	: 
A,GE10,N,E_ITSP2,PC_ENT_CUSE,MK	: u	11.00 	: u	16.68 	: 	: 	: 	: 	: 	: 
A,GE10,N,E_ITSP2,PC_ENT_CUSE,MT	31.34 	29.89 	29.62 	28.71 	32.12 	28.73 	28.38 	: 	: 	: 
A,GE10,N,E_ITSP2,PC_ENT_CUSE,NL	14.65 	16.47 	17.43 	15.30 	15.56 	16.26 	17.68 	: 	: 	: 
A,GE10,N,E_ITSP2,PC_ENT_CUSE,NO	31.77 	14.22 	17.36 	21.11 	11.48 	16.04 	13.56 	: 	: 	: 
A,GE10,N,E_ITSP2,PC_ENT_CUSE,PL	19.45 	11.23 	16.30 	16.14 	17.31 	15.97 	29.22 	: 	: 	: 
A,GE10,N,E_ITSP2,PC_ENT_CUSE,PT	: u	: u	29.24 	: u	25.40 	20.77 	22.10 	: 	: 	: 
A,GE10,N,E_ITSP2,PC_ENT_CUSE,RO	3.37 	9.95 	11.39 	8.57 	10.29 	9.59 	11.91 	: 	: 	: 
A,GE10,N,E_ITSP2,PC_ENT_CUSE,RS	: 	26.44 	: 	: 	30.20 	27.03 	25.40 	: 	: 	: 
A,GE10,N,E_ITSP2,PC_ENT_CUSE,SE	17.69 	18.08 	10.81 	9.41 	14.90 	15.02 	12.06 	: 	: 	: 
A,GE10,N,E_ITSP2,PC_ENT_CUSE,SI	10.79 	15.43 	12.18 	11.83 	12.37 	11.01 	10.57 	: 	: 	: 
A,GE10,N,E_ITSP2,PC_ENT_CUSE,SK	18.84 	9.69 	14.61 	15.08 	10.62 	13.51 	13.42 	: 	: 	: 
A,GE10,N,E_ITSP2,PC_ENT_CUSE,TR	: 	: 	: u	: 	: 	10.56 	12.96 	: 	: 	: 
A,GE10,N,E_ITSP2,PC_ENT_CUSE,UK	27.83 	24.51 	21.35 	25.65 	23.96 	22.65 	29.48 	: 	: 	: 
A,GE10,N77-N82_X_N79,E_ITSP2,PC_ENT,AT	: u	: u	: u	23.16 	17.47 	16.37 	17.68 	16.14 	16.95 	15.49 
A,GE10,N77-N82_X_N79,E_ITSP2,PC_ENT,BA	: 	: 	: 	: 	: 	32.76 	30.53 	38.25 	19.19 	26.41 
A,GE10,N77-N82_X_N79,E_ITSP2,PC_ENT,BE	22.74 	17.65 	26.31 	19.08 	22.03 	23.85 	22.73 	27.09 	26.14 	24.04 
A,GE10,N77-N82_X_N79,E_ITSP2,PC_ENT,BG	7.30 	19.90 	20.61 	18.05 	11.77 	12.91 	20.52 	13.78 	13.73 	13.34 
A,GE10,N77-N82_X_N79,E_ITSP2,PC_ENT,CY	13.97 	17.01 	20.95 	27.54 	24.65 	28.13 	30.84 	30.30 	30.10 	29.40 
A,GE10,N77-N82_X_N79,E_ITSP2,PC_ENT,CZ	29.21 	16.73 	18.57 	14.29 	16.66 	13.96 	12.00 	9.79 	15.07 	12.13 
A,GE10,N77-N82_X_N79,E_ITSP2,PC_ENT,DE	17.57 	12.23 	12.92 	14.14 	13.94 	17.78 	13.89 	15.55 	20.40 	17.98 
A,GE10,N77-N82_X_N79,E_ITSP2,PC_ENT,DK	22.07 	23.17 	26.03 	18.86 	16.81 	21.13 	27.44 	28.06 	30.98 	24.16 
A,GE10,N77-N82_X_N79,E_ITSP2,PC_ENT,EA	15.86 	14.01 	16.60 	15.51 	15.14 	16.87 	15.21 	16.27 	17.27 	17.29 
A,GE10,N77-N82_X_N79,E_ITSP2,PC_ENT,EE	10.18 	13.57 	12.84 	12.26 	12.57 	13.16 	15.40 	13.53 	18.94 	14.21 
A,GE10,N77-N82_X_N79,E_ITSP2,PC_ENT,EL	34.15 	25.65 	23.44 	29.33 	26.48 	23.92 	23.96 	: u	18.36 	24.02 
A,GE10,N77-N82_X_N79,E_ITSP2,PC_ENT,ES	12.01 	16.83 	17.55 	16.15 	15.84 	11.30 	12.44 	13.09 	12.43 	11.56 
A,GE10,N77-N82_X_N79,E_ITSP2,PC_ENT,EU15	17.84 	16.17 	17.08 	17.07 	16.62 	17.81 	: 	: 	: 	: 
A,GE10,N77-N82_X_N79,E_ITSP2,PC_ENT,EU27_2007	17.56 	15.78 	16.86 	16.68 	16.43 	17.40 	: 	: 	: 	: 
A,GE10,N77-N82_X_N79,E_ITSP2,PC_ENT,EU27_2020	15.96 	14.08 	16.35 	15.12 	15.17 	16.56 	15.66 	16.76 	18.01 	17.59 
A,GE10,N77-N82_X_N79,E_ITSP2,PC_ENT,EU28	17.58 	15.76 	16.85 	16.66 	16.45 	17.40 	17.74 	: 	: 	: 
A,GE10,N77-N82_X_N79,E_ITSP2,PC_ENT,FI	: u	: u	: u	: u	: u	: u	: u	: u	: u	: u
A,GE10,N77-N82_X_N79,E_ITSP2,PC_ENT,FR	13.58 	10.32 	13.05 	13.09 	13.97 	14.06 	16.97 	17.12 	11.91 b	12.82 
A,GE10,N77-N82_X_N79,E_ITSP2,PC_ENT,HR	25.00 	7.48 	15.23 	10.68 	22.16 	19.58 	11.53 	15.44 	19.84 	18.95 
A,GE10,N77-N82_X_N79,E_ITSP2,PC_ENT,HU	21.49 	22.00 	22.21 	21.20 	24.19 	24.56 	21.57 	27.19 	27.28 	25.65 
A,GE10,N77-N82_X_N79,E_ITSP2,PC_ENT,IE	36.27 	28.38 	30.29 	39.14 	30.30 	41.04 	34.82 	41.30 	32.80 	49.53 
A,GE10,N77-N82_X_N79,E_ITSP2,PC_ENT,IS	22.73 	20.72 	: 	: 	12.96 	: 	: 	12.24 	: 	: 
A,GE10,N77-N82_X_N79,E_ITSP2,PC_ENT,IT	10.79 	10.54 	18.99 	13.58 	12.09 	17.53 	12.08 	9.85 	10.89 	14.42 
A,GE10,N77-N82_X_N79,E_ITSP2,PC_ENT,LT	22.68 	17.88 	19.91 	16.67 	22.22 	15.53 	13.77 	20.99 	15.06 	22.77 
A,GE10,N77-N82_X_N79,E_ITSP2,PC_ENT,LU	: u	: @C	: @C	: u	: u	: u	: u	: u	: u	: u
A,GE10,N77-N82_X_N79,E_ITSP2,PC_ENT,LV	19.60 	15.82 	15.95 	13.06 	14.60 	19.31 	20.23 	24.00 	14.20 	16.12 
A,GE10,N77-N82_X_N79,E_ITSP2,PC_ENT,ME	: 	: 	: 	: u	4.35 	: u	: u	: u	36.11 	19.51 
A,GE10,N77-N82_X_N79,E_ITSP2,PC_ENT,MK	: u	: u	: u	16.34 	: 	: 	: 	4.32 	7.46 	: 
A,GE10,N77-N82_X_N79,E_ITSP2,PC_ENT,MT	25.88 	26.14 	26.96 	25.93 	30.07 	26.98 	27.15 	29.81 	32.31 	30.04 
A,GE10,N77-N82_X_N79,E_ITSP2,PC_ENT,NL	14.11 	15.78 	16.64 	14.48 	14.49 	15.74 	16.95 	16.59 	21.46 	20.82 
A,GE10,N77-N82_X_N79,E_ITSP2,PC_ENT,NO	30.30 	13.51 	17.18 	20.54 	11.07 	15.33 	14.21 	14.15 	14.29 	16.62 
A,GE10,N77-N82_X_N79,E_ITSP2,PC_ENT,PL	17.39 	9.71 	13.68 	14.00 	15.55 	14.59 	26.38 	23.14 	30.78 	26.95 
A,GE10,N77-N82_X_N79,E_ITSP2,PC_ENT,PT	: u	: u	27.89 	: u	25.54 	19.64 	19.65 	26.38 	29.28 	28.24 
A,GE10,N77-N82_X_N79,E_ITSP2,PC_ENT,RO	1.86 	5.95 	8.39 	6.34 	7.19 	7.10 	7.72 	14.35 	11.08 	15.16 
A,GE10,N77-N82_X_N79,E_ITSP2,PC_ENT,RS	: 	25.40 	: 	: 	31.86 	28.55 	23.66 	30.14 	31.98 	28.16 
A,GE10,N77-N82_X_N79,E_ITSP2,PC_ENT,SE	15.81 	17.01 	9.21 	8.46 	14.16 	14.48 	11.40 	17.08 	16.95 	10.68 b
A,GE10,N77-N82_X_N79,E_ITSP2,PC_ENT,SI	8.89 	12.70 	11.72 	10.89 	11.08 	9.36 	10.09 	9.25 	13.57 	11.40 
A,GE10,N77-N82_X_N79,E_ITSP2,PC_ENT,SK	16.28 	9.68 	12.82 	13.55 	9.74 	12.05 	12.03 	16.36 	13.12 	13.01 
A,GE10,N77-N82_X_N79,E_ITSP2,PC_ENT,TR	: 	: 	: u	: 	: 	9.16 	10.88 	9.81 	23.48 	17.23 
A,GE10,N77-N82_X_N79,E_ITSP2,PC_ENT,UK	24.91 	23.05 	18.97 	23.33 	22.07 	21.15 	26.96 	34.34 	: 	: 
A,GE10,N77-N82_X_N79,E_ITSP2,PC_ENT_CUSE,AT	: u	: u	: u	23.41 	17.69 	16.37 	17.68 	: 	: 	: 
A,GE10,N77-N82_X_N79,E_ITSP2,PC_ENT_CUSE,BA	: 	: 	: 	: 	: 	32.76 	30.53 	: 	: 	: 
A,GE10,N77-N82_X_N79,E_ITSP2,PC_ENT_CUSE,BE	23.15 	18.33 	26.31 	19.08 	22.03 	23.85 	22.73 	: 	: 	: 
A,GE10,N77-N82_X_N79,E_ITSP2,PC_ENT_CUSE,BG	9.13 	22.85 	22.34 	20.63 	12.81 	13.64 	22.28 	: 	: 	: 
A,GE10,N77-N82_X_N79,E_ITSP2,PC_ENT_CUSE,CY	14.53 	17.47 	22.41 	30.46 	25.91 	28.86 	31.10 	: 	: 	: 
A,GE10,N77-N82_X_N79,E_ITSP2,PC_ENT_CUSE,CZ	31.88 	18.03 	19.56 	14.70 	17.57 	14.99 	12.46 	: 	: 	: 
A,GE10,N77-N82_X_N79,E_ITSP2,PC_ENT_CUSE,DE	17.74 	12.55 	13.16 	14.42 	14.30 	17.91 	14.00 	: 	: 	: 
A,GE10,N77-N82_X_N79,E_ITSP2,PC_ENT_CUSE,DK	22.80 	23.86 	26.03 	18.86 	16.81 	21.13 	27.44 	: 	: 	: 
A,GE10,N77-N82_X_N79,E_ITSP2,PC_ENT_CUSE,EA	16.29 	14.33 	16.88 	15.77 	15.42 	17.08 	15.41 	: 	: 	: 
A,GE10,N77-N82_X_N79,E_ITSP2,PC_ENT_CUSE,EE	11.05 	15.27 	13.76 	13.89 	14.11 	13.16 	15.40 	: 	: 	: 
A,GE10,N77-N82_X_N79,E_ITSP2,PC_ENT_CUSE,EL	40.98 	27.96 	29.06 	32.37 	31.13 	25.16 	28.06 	: 	: 	: 
A,GE10,N77-N82_X_N79,E_ITSP2,PC_ENT_CUSE,ES	12.81 	17.32 	17.91 	16.42 	16.04 	11.58 	12.69 	: 	: 	: 
A,GE10,N77-N82_X_N79,E_ITSP2,PC_ENT_CUSE,EU15	18.41 	16.56 	17.42 	17.45 	17.02 	18.08 	: 	: 	: 	: 
A,GE10,N77-N82_X_N79,E_ITSP2,PC_ENT_CUSE,EU27_2007	18.38 	16.38 	17.39 	17.24 	16.98 	17.84 	: 	: 	: 	: 
A,GE10,N77-N82_X_N79,E_ITSP2,PC_ENT_CUSE,EU27_2020	16.69 	14.62 	16.85 	15.57 	15.62 	16.98 	16.09 	: 	: 	: 
A,GE10,N77-N82_X_N79,E_ITSP2,PC_ENT_CUSE,EU28	18.41 	16.36 	17.38 	17.22 	17.01 	17.85 	18.34 	: 	: 	: 
A,GE10,N77-N82_X_N79,E_ITSP2,PC_ENT_CUSE,FI	: u	: u	: u	: u	: u	: u	: u	: 	: 	: 
A,GE10,N77-N82_X_N79,E_ITSP2,PC_ENT_CUSE,FR	13.58 	10.36 	13.08 	13.15 	14.05 	14.11 	16.97 	: 	: 	: 
A,GE10,N77-N82_X_N79,E_ITSP2,PC_ENT_CUSE,HR	27.56 	7.99 	16.60 	11.71 	24.20 	20.68 	11.82 	: 	: 	: 
A,GE10,N77-N82_X_N79,E_ITSP2,PC_ENT_CUSE,HU	25.36 	27.44 	25.26 	24.39 	26.47 	27.66 	23.60 	: 	: 	: 
A,GE10,N77-N82_X_N79,E_ITSP2,PC_ENT_CUSE,IE	38.02 	28.77 	31.36 	40.76 	30.97 	41.88 	35.08 	: 	: 	: 
A,GE10,N77-N82_X_N79,E_ITSP2,PC_ENT_CUSE,IS	22.73 	20.72 	: 	: 	12.96 	: 	: 	: 	: 	: 
A,GE10,N77-N82_X_N79,E_ITSP2,PC_ENT_CUSE,IT	11.47 	10.88 	19.50 	13.82 	12.31 	18.14 	12.42 	: 	: 	: 
A,GE10,N77-N82_X_N79,E_ITSP2,PC_ENT_CUSE,LT	23.08 	17.88 	19.91 	16.67 	22.22 	15.53 	13.77 	: 	: 	: 
A,GE10,N77-N82_X_N79,E_ITSP2,PC_ENT_CUSE,LU	: u	: @C	: @C	: u	: u	: u	: u	: 	: 	: 
A,GE10,N77-N82_X_N79,E_ITSP2,PC_ENT_CUSE,LV	20.78 	16.88 	16.81 	13.72 	15.18 	19.44 	20.82 	: 	: 	: 
A,GE10,N77-N82_X_N79,E_ITSP2,PC_ENT_CUSE,ME	: 	: 	: 	: u	4.35 	: u	: u	: 	: 	: 
A,GE10,N77-N82_X_N79,E_ITSP2,PC_ENT_CUSE,MK	: u	: u	: u	16.94 	: 	: 	: 	: 	: 	: 
A,GE10,N77-N82_X_N79,E_ITSP2,PC_ENT_CUSE,MT	29.54 	28.27 	28.99 	27.48 	32.15 	28.32 	27.63 	: 	: 	: 
A,GE10,N77-N82_X_N79,E_ITSP2,PC_ENT_CUSE,NL	14.11 	15.78 	16.64 	14.48 	14.49 	15.74 	16.95 	: 	: 	: 
A,GE10,N77-N82_X_N79,E_ITSP2,PC_ENT_CUSE,NO	31.28 	13.96 	17.18 	20.75 	11.42 	15.67 	14.31 	: 	: 	: 
A,GE10,N77-N82_X_N79,E_ITSP2,PC_ENT_CUSE,PL	18.96 	10.30 	15.58 	15.51 	17.13 	15.70 	28.63 	: 	: 	: 
A,GE10,N77-N82_X_N79,E_ITSP2,PC_ENT_CUSE,PT	: u	: u	27.89 	: u	25.54 	19.64 	19.98 	: 	: 	: 
A,GE10,N77-N82_X_N79,E_ITSP2,PC_ENT_CUSE,RO	2.54 	7.72 	10.17 	7.70 	8.85 	9.22 	10.87 	: 	: 	: 
A,GE10,N77-N82_X_N79,E_ITSP2,PC_ENT_CUSE,RS	: 	25.40 	: 	: 	31.86 	28.55 	23.66 	: 	: 	: 
A,GE10,N77-N82_X_N79,E_ITSP2,PC_ENT_CUSE,SE	16.23 	17.01 	9.21 	8.46 	14.16 	14.48 	11.40 	: 	: 	: 
A,GE10,N77-N82_X_N79,E_ITSP2,PC_ENT_CUSE,SI	8.89 	13.08 	11.99 	10.89 	11.75 	9.55 	10.62 	: 	: 	: 
A,GE10,N77-N82_X_N79,E_ITSP2,PC_ENT_CUSE,SK	17.19 	10.13 	13.09 	15.17 	10.59 	12.57 	13.07 	: 	: 	: 
A,GE10,N77-N82_X_N79,E_ITSP2,PC_ENT_CUSE,TR	: 	: 	: u	: 	: 	9.46 	10.99 	: 	: 	: 
A,GE10,N77-N82_X_N79,E_ITSP2,PC_ENT_CUSE,UK	26.28 	23.85 	19.62 	24.57 	23.22 	21.70 	28.55 	: 	: 	: 
A,GE10,N79,E_ITSP2,PC_ENT,AT	: u	: u	: u	: u	: u	: u	: u	: u	14.74 	: u
A,GE10,N79,E_ITSP2,PC_ENT,BA	: 	: 	: 	: 	: 	: @C	: @C	0 	: @C	: @C
A,GE10,N79,E_ITSP2,PC_ENT,BE	24.08 	: u	: u	8.13 	: u	: u	: u	: u	: u	: u
A,GE10,N79,E_ITSP2,PC_ENT,BG	: u	: u	: u	29.49 	21.86 	52.16 	44.22 	17.12 	: u	13.32 
A,GE10,N79,E_ITSP2,PC_ENT,CY	56.71 	57.41 	38.30 	43.57 	41.76 	35.24 	37.51 	42.20 	45.00 	39.88 
A,GE10,N79,E_ITSP2,PC_ENT,CZ	35.75 	26.30 	23.51 	20.04 	28.61 	25.38 	22.14 	22.79 	29.66 	23.94 
A,GE10,N79,E_ITSP2,PC_ENT,DE	: u	24.19 	26.73 	25.62 	22.21 	22.55 	23.69 	23.87 	24.48 	25.80 
A,GE10,N79,E_ITSP2,PC_ENT,DK	: u	35.51 	40.91 	40.96 	25.47 	39.24 	47.20 	45.24 	56.65 	49.19 
A,GE10,N79,E_ITSP2,PC_ENT,EA	32.01 	34.81 	33.71 	33.08 	35.71 	31.95 	33.50 	33.85 	34.72 	32.42 
A,GE10,N79,E_ITSP2,PC_ENT,EE	24.24 	43.87 	33.74 	43.41 	37.47 	22.63 	36.71 	37.86 	31.25 	43.33 
A,GE10,N79,E_ITSP2,PC_ENT,EL	32.38 	: u	: u	: u	: u	: u	: u	: u	34.69 	40.80 
A,GE10,N79,E_ITSP2,PC_ENT,ES	43.36 	50.59 	40.06 	37.00 	29.40 	40.68 	29.91 	33.74 	40.50 	32.62 
A,GE10,N79,E_ITSP2,PC_ENT,EU15	35.98 	35.14 	37.35 	35.11 	36.21 	33.46 	: 	: 	: 	: 
A,GE10,N79,E_ITSP2,PC_ENT,EU27_2007	34.71 	34.66 	36.49 	34.09 	34.79 	32.82 	: 	: 	: 	: 
A,GE10,N79,E_ITSP2,PC_ENT,EU27_2020	31.25 	34.04 	33.38 	31.95 	34.21 	31.29 	33.07 	32.90 	34.65 	32.54 
A,GE10,N79,E_ITSP2,PC_ENT,EU28	34.55 	34.39 	36.36 	33.94 	34.88 	32.81 	35.29 	: 	: 	: 
A,GE10,N79,E_ITSP2,PC_ENT,FI	: u	: u	: u	: u	: u	: u	: u	: u	: u	: u
A,GE10,N79,E_ITSP2,PC_ENT,FR	32.58 	45.09 	49.19 	: u	: u	: u	: u	: u	: bu	40.55 
A,GE10,N79,E_ITSP2,PC_ENT,HR	23.96 	18.27 	24.04 	20.32 	42.69 	31.97 	19.55 	19.05 	75.00 	42.86 
A,GE10,N79,E_ITSP2,PC_ENT,HU	39.94 	42.87 	43.72 	43.07 	36.52 	35.32 	37.01 	37.41 	53.56 	51.79 
A,GE10,N79,E_ITSP2,PC_ENT,IE	49.31 	34.47 	36.21 	76.61 	94.78 	59.28 	45.91 	50.27 	39.71 	52.15 
A,GE10,N79,E_ITSP2,PC_ENT,IS	36.00 	: u	: 	: 	23.06 	: 	: 	19.64 	: 	: 
A,GE10,N79,E_ITSP2,PC_ENT,IT	17.21 	17.92 	19.47 	26.85 	28.28 	22.50 	26.33 	19.66 	: u	15.51 
A,GE10,N79,E_ITSP2,PC_ENT,LT	38.46 	48.21 	31.03 	45.28 	28.85 	36.00 	21.57 	26.32 	34.38 	22.50 
A,GE10,N79,E_ITSP2,PC_ENT,LU	: u	: @C	: @C	: u	: u	: u	: u	: u	: u	: u
A,GE10,N79,E_ITSP2,PC_ENT,LV	37.64 	39.72 	44.08 	33.33 	30.32 	44.57 	47.23 	39.84 	45.79 	37.66 
A,GE10,N79,E_ITSP2,PC_ENT,ME	: 	: 	: 	: u	: u	: u	: u	: u	50.00 	65.71 
A,GE10,N79,E_ITSP2,PC_ENT,MK	: u	0 	10.00 	12.50 	: 	: 	: 	0 	0 	: 
A,GE10,N79,E_ITSP2,PC_ENT,MT	35.06 	33.00 	31.04 	32.27 	32.01 	30.24 	31.73 	29.08 	54.61 	46.93 
A,GE10,N79,E_ITSP2,PC_ENT,NL	24.73 	30.82 	35.80 	34.44 	41.21 	29.75 	36.36 	30.32 	36.96 	35.66 
A,GE10,N79,E_ITSP2,PC_ENT,NO	36.56 	18.16 	20.21 	25.53 	12.13 	19.75 	5.79 	15.24 	29.93 	23.14 
A,GE10,N79,E_ITSP2,PC_ENT,PL	26.46 	25.73 	27.27 	27.27 	20.21 	21.67 	41.49 	45.65 	47.97 	48.75 
A,GE10,N79,E_ITSP2,PC_ENT,PT	: u	: u	: u	: u	24.31 	: u	: u	: u	: u	: u
A,GE10,N79,E_ITSP2,PC_ENT,RO	12.01 	35.63 	27.60 	20.69 	27.91 	13.69 	21.87 	13.74 	16.10 	23.56 
A,GE10,N79,E_ITSP2,PC_ENT,RS	: 	31.52 	: 	: 	20.48 	16.64 	38.02 	30.36 	20.16 	30.34 
A,GE10,N79,E_ITSP2,PC_ENT,SE	38.46 	32.94 	33.17 	24.64 	26.74 	24.84 	23.64 	26.61 	36.76 	28.92 b
A,GE10,N79,E_ITSP2,PC_ENT,SI	18.87 	: u	13.33 	22.73 	21.00 	32.42 	: @C	24.35 	38.24 	49.60 
A,GE10,N79,E_ITSP2,PC_ENT,SK	48.26 	2.08 	43.14 	13.33 	11.17 	35.56 	21.25 	30.57 	23.81 	35.89 
A,GE10,N79,E_ITSP2,PC_ENT,TR	: 	: 	: u	: 	: 	20.60 	28.27 	24.22 	33.85 	23.52 
A,GE10,N79,E_ITSP2,PC_ENT,UK	52.14 	36.29 	52.07 	45.14 	: u	: u	: u	: u	: 	: 
A,GE10,N79,E_ITSP2,PC_ENT_CUSE,AT	: u	: u	: u	: u	: u	: u	: u	: 	: 	: 
A,GE10,N79,E_ITSP2,PC_ENT_CUSE,BA	: 	: 	: 	: 	: 	: @C	: @C	: 	: 	: 
A,GE10,N79,E_ITSP2,PC_ENT_CUSE,BE	24.08 	: u	: u	8.13 	: u	: u	: u	: 	: 	: 
A,GE10,N79,E_ITSP2,PC_ENT_CUSE,BG	: u	: u	: u	30.63 	21.86 	52.16 	44.22 	: 	: 	: 
A,GE10,N79,E_ITSP2,PC_ENT_CUSE,CY	56.71 	57.41 	38.30 	43.57 	41.76 	38.14 	37.51 	: 	: 	: 
A,GE10,N79,E_ITSP2,PC_ENT_CUSE,CZ	36.29 	26.30 	23.51 	20.04 	28.88 	25.38 	22.44 	: 	: 	: 
A,GE10,N79,E_ITSP2,PC_ENT_CUSE,DE	: u	24.19 	27.03 	26.07 	22.21 	22.76 	23.69 	: 	: 	: 
A,GE10,N79,E_ITSP2,PC_ENT_CUSE,DK	: u	35.51 	40.91 	40.96 	25.47 	39.24 	47.20 	: 	: 	: 
A,GE10,N79,E_ITSP2,PC_ENT_CUSE,EA	32.97 	34.92 	34.00 	33.39 	35.83 	32.07 	33.50 	: 	: 	: 
A,GE10,N79,E_ITSP2,PC_ENT_CUSE,EE	24.24 	43.87 	33.74 	43.41 	37.47 	22.63 	36.71 	: 	: 	: 
A,GE10,N79,E_ITSP2,PC_ENT_CUSE,EL	39.14 	: u	: u	: u	: u	: u	: u	: 	: 	: 
A,GE10,N79,E_ITSP2,PC_ENT_CUSE,ES	43.36 	50.59 	40.06 	37.00 	29.40 	40.68 	29.91 	: 	: 	: 
A,GE10,N79,E_ITSP2,PC_ENT_CUSE,EU15	37.24 	35.22 	37.97 	35.69 	36.30 	33.68 	: 	: 	: 	: 
A,GE10,N79,E_ITSP2,PC_ENT_CUSE,EU27_2007	35.81 	34.81 	37.13 	34.68 	34.93 	33.07 	: 	: 	: 	: 
A,GE10,N79,E_ITSP2,PC_ENT_CUSE,EU27_2020	32.10 	34.21 	33.75 	32.30 	34.36 	31.44 	33.35 	: 	: 	: 
A,GE10,N79,E_ITSP2,PC_ENT_CUSE,EU28	35.64 	34.54 	37.00 	34.52 	35.02 	33.05 	35.54 	: 	: 	: 
A,GE10,N79,E_ITSP2,PC_ENT_CUSE,FI	: u	: u	: u	: u	: u	: u	: u	: 	: 	: 
A,GE10,N79,E_ITSP2,PC_ENT_CUSE,FR	32.58 	45.09 	49.19 	: u	: u	: u	: u	: 	: 	: 
A,GE10,N79,E_ITSP2,PC_ENT_CUSE,HR	24.26 	18.27 	24.04 	20.32 	42.69 	31.97 	19.55 	: 	: 	: 
A,GE10,N79,E_ITSP2,PC_ENT_CUSE,HU	44.55 	44.49 	46.90 	43.52 	37.28 	36.39 	38.39 	: 	: 	: 
A,GE10,N79,E_ITSP2,PC_ENT_CUSE,IE	49.31 	34.47 	36.21 	76.61 	94.78 	59.28 	45.91 	: 	: 	: 
A,GE10,N79,E_ITSP2,PC_ENT_CUSE,IS	36.00 	: u	: 	: 	23.06 	: 	: 	: 	: 	: 
A,GE10,N79,E_ITSP2,PC_ENT_CUSE,IT	17.21 	17.92 	19.47 	26.85 	28.28 	22.61 	26.33 	: 	: 	: 
A,GE10,N79,E_ITSP2,PC_ENT_CUSE,LT	38.46 	48.21 	31.03 	45.28 	28.85 	36.00 	21.57 	: 	: 	: 
A,GE10,N79,E_ITSP2,PC_ENT_CUSE,LU	: u	: @C	: @C	: u	: u	: u	: u	: 	: 	: 
A,GE10,N79,E_ITSP2,PC_ENT_CUSE,LV	38.85 	39.72 	44.08 	34.35 	30.32 	44.57 	47.23 	: 	: 	: 
A,GE10,N79,E_ITSP2,PC_ENT_CUSE,ME	: 	: 	: 	: u	: u	: u	: u	: 	: 	: 
A,GE10,N79,E_ITSP2,PC_ENT_CUSE,MK	: u	0 	10.00 	12.50 	: 	: 	: 	: 	: 	: 
A,GE10,N79,E_ITSP2,PC_ENT_CUSE,MT	35.06 	34.27 	31.04 	32.27 	32.01 	30.24 	31.73 	: 	: 	: 
A,GE10,N79,E_ITSP2,PC_ENT_CUSE,NL	24.73 	30.82 	35.80 	34.44 	41.21 	29.75 	36.36 	: 	: 	: 
A,GE10,N79,E_ITSP2,PC_ENT_CUSE,NO	38.59 	18.16 	20.21 	25.53 	12.13 	19.75 	5.79 	: 	: 	: 
A,GE10,N79,E_ITSP2,PC_ENT_CUSE,PL	26.46 	25.85 	27.27 	27.27 	20.48 	21.67 	41.94 	: 	: 	: 
A,GE10,N79,E_ITSP2,PC_ENT_CUSE,PT	: u	: u	: u	: u	24.31 	: u	: u	: 	: 	: 
A,GE10,N79,E_ITSP2,PC_ENT_CUSE,RO	12.01 	35.63 	28.48 	22.52 	28.82 	14.21 	29.24 	: 	: 	: 
A,GE10,N79,E_ITSP2,PC_ENT_CUSE,RS	: 	31.52 	: 	: 	20.48 	16.64 	38.02 	: 	: 	: 
A,GE10,N79,E_ITSP2,PC_ENT_CUSE,SE	39.19 	32.94 	33.17 	24.64 	26.74 	24.84 	23.64 	: 	: 	: 
A,GE10,N79,E_ITSP2,PC_ENT_CUSE,SI	18.87 	: u	13.33 	22.73 	21.00 	32.42 	: @C	: 	: 	: 
A,GE10,N79,E_ITSP2,PC_ENT_CUSE,SK	48.26 	2.08 	43.14 	13.33 	11.17 	35.56 	21.25 	: 	: 	: 
A,GE10,N79,E_ITSP2,PC_ENT_CUSE,TR	: 	: 	: u	: 	: 	20.99 	28.58 	: 	: 	: 
A,GE10,N79,E_ITSP2,PC_ENT_CUSE,UK	55.01 	36.29 	54.72 	47.55 	: u	: u	: u	: 	: 	: 
A,GE10,S951,E_ITSP2,PC_ENT,AL	: 	: 	: 	: 	: 	: 	: 	: 	57.14 b	: 
A,GE10,S951,E_ITSP2,PC_ENT,AT	68.75 	: u	83.33 	90.00 	: u	: u	: u	: u	: u	: u
A,GE10,S951,E_ITSP2,PC_ENT,BA	: 	: 	: 	: 	: 	71.43 	83.33 	62.50 	: @C	: @C
A,GE10,S951,E_ITSP2,PC_ENT,BE	100.00 	100.00 	: u	100.00 	100.00 	87.50 	80.00 	: u	: u	100.00 
A,GE10,S951,E_ITSP2,PC_ENT,BG	: @C	: u	: u	: u	: u	: u	: u	: u	: u	: u
A,GE10,S951,E_ITSP2,PC_ENT,CY	: u	: @C	: u	: u	: u	: u	: @C	: @C	: @C	100.00 
A,GE10,S951,E_ITSP2,PC_ENT,CZ	79.89 	68.03 	73.97 	77.36 	72.10 	69.99 	79.92 	75.73 	60.79 	65.23 
A,GE10,S951,E_ITSP2,PC_ENT,DE	62.44 	: u	: u	: u	: u	: u	: u	: u	84.00 	: u
A,GE10,S951,E_ITSP2,PC_ENT,DK	: u	81.82 	72.73 	72.73 	76.92 	69.23 	83.33 	80.52 	74.42 	72.73 
A,GE10,S951,E_ITSP2,PC_ENT,EA	59.59 	65.02 	66.02 	69.42 	65.72 	71.29 	69.75 	63.02 	63.05 	56.08 
A,GE10,S951,E_ITSP2,PC_ENT,EE	50.00 	33.33 	33.33 	33.33 	0 	25.00 	25.00 	0 	: @C	: 
A,GE10,S951,E_ITSP2,PC_ENT,EL	22.22 	77.78 	100.00 	66.67 	55.56 	100.00 	100.00 	100.00 	54.55 	100.00 
A,GE10,S951,E_ITSP2,PC_ENT,ES	41.26 	59.78 	59.23 	67.83 	65.29 	64.78 	76.41 	55.42 	: u	27.55 
A,GE10,S951,E_ITSP2,PC_ENT,EU15	60.92 	65.10 	69.27 	72.28 	66.29 	69.74 	: 	: 	: 	: 
A,GE10,S951,E_ITSP2,PC_ENT,EU27_2007	58.82 	62.47 	66.56 	70.00 	64.02 	67.58 	: 	: 	: 	: 
A,GE10,S951,E_ITSP2,PC_ENT,EU27_2020	58.21 	61.58 	63.71 	67.17 	63.47 	67.75 	68.34 	62.06 	60.66 	57.57 
A,GE10,S951,E_ITSP2,PC_ENT,EU28	58.93 	62.37 	66.77 	69.96 	63.88 	67.16 	67.77 	: 	: 	: 
A,GE10,S951,E_ITSP2,PC_ENT,FI	: u	: u	: u	: u	: u	: u	: u	: u	: u	: u
A,GE10,S951,E_ITSP2,PC_ENT,FR	58.25 	66.88 	69.58 	73.93 	: u	73.83 	66.65 	: u	: bu	68.05 
A,GE10,S951,E_ITSP2,PC_ENT,HR	65.40 	: u	: u	67.72 	55.83 	51.17 	96.62 	68.02 	60.52 	75.95 
A,GE10,S951,E_ITSP2,PC_ENT,HU	47.55 	69.37 	61.78 	66.67 	74.07 	83.33 	74.42 	63.89 	63.64 	75.18 
A,GE10,S951,E_ITSP2,PC_ENT,IE	35.33 	0 	50.00 	75.00 	40.00 	77.78 	50.00 	33.33 	83.33 	27.08 
A,GE10,S951,E_ITSP2,PC_ENT,IS	: 	100.00 	: 	: 	: 	: 	: 	: 	: 	: 
A,GE10,S951,E_ITSP2,PC_ENT,IT	: u	: u	: u	: u	: u	: u	: u	: u	: u	: u
A,GE10,S951,E_ITSP2,PC_ENT,LT	68.42 	46.67 	50.00 	50.00 	77.78 	100.00 	36.36 	57.14 	83.33 	85.71 
A,GE10,S951,E_ITSP2,PC_ENT,LU	: @C	: @C	: @C	: @C	: @C	: @C	: @C	: @C	: @C	: @C
A,GE10,S951,E_ITSP2,PC_ENT,LV	76.79 	71.79 	80.00 	77.22 	: @C	50.00 	: u	73.33 	38.89 	: @C
A,GE10,S951,E_ITSP2,PC_ENT,ME	: 	: 	: 	: u	: u	: u	: u	: u	: @C	: @C
A,GE10,S951,E_ITSP2,PC_ENT,MK	0 	: @C	0 	0 	: 	: 	: 	: @C	0 	: 
A,GE10,S951,E_ITSP2,PC_ENT,MT	: 	: @C	: @C	: @C	: @C	: @C	: @C	: @C	: 	: 
A,GE10,S951,E_ITSP2,PC_ENT,NL	82.99 	69.78 	: u	: u	: u	: u	63.46 	69.60 	62.57 	62.31 
A,GE10,S951,E_ITSP2,PC_ENT,NO	81.82 	45.45 	60.00 	48.69 	81.82 	64.29 	100.00 	66.67 	71.43 	66.67 
A,GE10,S951,E_ITSP2,PC_ENT,PL	47.69 	38.96 	51.39 	68.66 	67.43 	56.62 	73.61 	68.00 	72.33 	80.74 
A,GE10,S951,E_ITSP2,PC_ENT,PT	90.48 	: u	71.11 	75.00 	: u	77.42 	82.86 	83.79 	: u	: u
A,GE10,S951,E_ITSP2,PC_ENT,RO	21.12 	50.14 	44.60 	46.05 	35.48 	49.89 	42.64 	42.24 	33.20 	31.65 
A,GE10,S951,E_ITSP2,PC_ENT,RS	: 	70.00 	: 	: 	75.00 	83.33 	100.00 	100.00 	78.33 	72.22 
A,GE10,S951,E_ITSP2,PC_ENT,SE	75.00 	: u	72.73 	58.33 	65.91 	: u	39.29 	: u	33.33 	: bu
A,GE10,S951,E_ITSP2,PC_ENT,SI	71.43 	83.33 	83.33 	: u	: @C	: @C	: u	: u	: u	100.00 
A,GE10,S951,E_ITSP2,PC_ENT,SK	41.96 	57.50 	100.00 	93.75 	28.85 	28.85 	31.82 	26.67 	23.08 	68.18 
A,GE10,S951,E_ITSP2,PC_ENT,TR	: 	: 	: u	: 	: 	63.22 	60.43 	55.45 	62.65 	54.76 
A,GE10,S951,E_ITSP2,PC_ENT,UK	62.28 	65.38 	78.18 	79.93 	: u	: u	: u	96.69 	: 	: 
A,GE10,S951,E_ITSP2,PC_ENT_CUSE,AT	68.75 	: u	83.33 	90.00 	: u	: u	: u	: 	: 	: 
A,GE10,S951,E_ITSP2,PC_ENT_CUSE,BA	: 	: 	: 	: 	: 	71.43 	83.33 	: 	: 	: 
A,GE10,S951,E_ITSP2,PC_ENT_CUSE,BE	100.00 	100.00 	: u	100.00 	100.00 	87.50 	80.00 	: 	: 	: 
A,GE10,S951,E_ITSP2,PC_ENT_CUSE,BG	: @C	: u	: u	: u	: u	: u	: u	: 	: 	: 
A,GE10,S951,E_ITSP2,PC_ENT_CUSE,CY	: u	: @C	: u	: u	: u	: u	: @C	: 	: 	: 
A,GE10,S951,E_ITSP2,PC_ENT_CUSE,CZ	79.89 	68.03 	73.97 	77.36 	73.78 	72.08 	82.43 	: 	: 	: 
A,GE10,S951,E_ITSP2,PC_ENT_CUSE,DE	64.24 	: u	: u	: u	: u	: u	: u	: 	: 	: 
A,GE10,S951,E_ITSP2,PC_ENT_CUSE,DK	: u	81.82 	72.73 	72.73 	76.92 	69.23 	83.33 	: 	: 	: 
A,GE10,S951,E_ITSP2,PC_ENT_CUSE,EA	59.95 	65.02 	66.02 	69.63 	65.72 	71.29 	69.75 	: 	: 	: 
A,GE10,S951,E_ITSP2,PC_ENT_CUSE,EE	50.00 	33.33 	33.33 	33.33 	0 	25.00 	25.00 	: 	: 	: 
A,GE10,S951,E_ITSP2,PC_ENT_CUSE,EL	22.22 	77.78 	100.00 	85.71 	55.56 	100.00 	100.00 	: 	: 	: 
A,GE10,S951,E_ITSP2,PC_ENT_CUSE,ES	41.26 	59.78 	59.23 	67.83 	65.29 	64.78 	76.41 	: 	: 	: 
A,GE10,S951,E_ITSP2,PC_ENT_CUSE,EU15	62.08 	65.10 	69.27 	72.44 	66.29 	69.74 	: 	: 	: 	: 
A,GE10,S951,E_ITSP2,PC_ENT_CUSE,EU27_2007	59.92 	62.80 	66.62 	70.32 	64.26 	67.87 	: 	: 	: 	: 
A,GE10,S951,E_ITSP2,PC_ENT_CUSE,EU27_2020	58.68 	61.98 	63.77 	67.57 	63.76 	68.09 	69.11 	: 	: 	: 
A,GE10,S951,E_ITSP2,PC_ENT_CUSE,EU28	60.02 	62.69 	66.82 	70.28 	64.12 	67.43 	68.37 	: 	: 	: 
A,GE10,S951,E_ITSP2,PC_ENT_CUSE,FI	: u	: u	: u	: u	: u	: u	: u	: 	: 	: 
A,GE10,S951,E_ITSP2,PC_ENT_CUSE,FR	58.25 	66.88 	69.58 	73.93 	: u	73.83 	66.65 	: 	: 	: 
A,GE10,S951,E_ITSP2,PC_ENT_CUSE,HR	65.40 	: u	: u	67.72 	55.83 	51.17 	96.62 	: 	: 	: 
A,GE10,S951,E_ITSP2,PC_ENT_CUSE,HU	47.55 	69.37 	61.78 	66.67 	74.07 	83.33 	74.42 	: 	: 	: 
A,GE10,S951,E_ITSP2,PC_ENT_CUSE,IE	35.33 	0 	50.00 	75.00 	40.00 	77.78 	50.00 	: 	: 	: 
A,GE10,S951,E_ITSP2,PC_ENT_CUSE,IS	: 	100.00 	: 	: 	: 	: 	: 	: 	: 	: 
A,GE10,S951,E_ITSP2,PC_ENT_CUSE,IT	: u	: u	: u	: u	: u	: u	: u	: 	: 	: 
A,GE10,S951,E_ITSP2,PC_ENT_CUSE,LT	68.42 	46.67 	50.00 	50.00 	77.78 	100.00 	36.36 	: 	: 	: 
A,GE10,S951,E_ITSP2,PC_ENT_CUSE,LU	: @C	: @C	: @C	: @C	: @C	: @C	: @C	: 	: 	: 
A,GE10,S951,E_ITSP2,PC_ENT_CUSE,LV	76.79 	71.79 	80.00 	77.22 	: @C	50.00 	: u	: 	: 	: 
A,GE10,S951,E_ITSP2,PC_ENT_CUSE,ME	: 	: 	: 	: u	: u	: u	: u	: 	: 	: 
A,GE10,S951,E_ITSP2,PC_ENT_CUSE,MK	0 	: @C	0 	0 	: 	: 	: 	: 	: 	: 
A,GE10,S951,E_ITSP2,PC_ENT_CUSE,MT	: 	: @C	: @C	: @C	: @C	: @C	: @C	: 	: 	: 
A,GE10,S951,E_ITSP2,PC_ENT_CUSE,NL	82.99 	69.78 	: u	: u	: u	: u	63.46 	: 	: 	: 
A,GE10,S951,E_ITSP2,PC_ENT_CUSE,NO	81.82 	45.45 	60.00 	48.69 	81.82 	64.29 	100.00 	: 	: 	: 
A,GE10,S951,E_ITSP2,PC_ENT_CUSE,PL	48.44 	38.96 	51.39 	68.66 	67.43 	57.93 	73.61 	: 	: 	: 
A,GE10,S951,E_ITSP2,PC_ENT_CUSE,PT	90.48 	: u	71.11 	75.00 	: u	77.42 	82.86 	: 	: 	: 
A,GE10,S951,E_ITSP2,PC_ENT_CUSE,RO	22.28 	52.86 	45.20 	48.49 	37.29 	51.66 	49.60 	: 	: 	: 
A,GE10,S951,E_ITSP2,PC_ENT_CUSE,RS	: 	70.00 	: 	: 	75.00 	83.33 	100.00 	: 	: 	: 
A,GE10,S951,E_ITSP2,PC_ENT_CUSE,SE	75.00 	: u	72.73 	58.33 	65.91 	: u	39.29 	: 	: 	: 
A,GE10,S951,E_ITSP2,PC_ENT_CUSE,SI	71.43 	83.33 	83.33 	: u	: @C	: @C	: u	: 	: 	: 
A,GE10,S951,E_ITSP2,PC_ENT_CUSE,SK	41.96 	57.50 	100.00 	93.75 	28.85 	28.85 	31.82 	: 	: 	: 
A,GE10,S951,E_ITSP2,PC_ENT_CUSE,TR	: 	: 	: u	: 	: 	63.22 	60.43 	: 	: 	: 
A,GE10,S951,E_ITSP2,PC_ENT_CUSE,UK	66.67 	65.38 	78.18 	79.93 	: u	: u	: u	: 	: 	: 
