freq,unit,lcstruct,nace_r2,geo\TIME_PERIOD	2008 	2012 	2016 	2020 	2021 	2022 	2023 	2024 
A,EUR,D11,B,AL	: 	2.1 	2.7 	: 	: 	: 	: 	: 
A,EUR,D11,B,AT	22.2 	26.9 	28.1 	28.4 	28.8 	29.2 	31.7 p	34.3 
A,EUR,D11,B,BA	: 	6.3 	6.7 	: 	: 	: 	: 	: 
A,EUR,D11,B,BE	: 	30.3 	29.5 	31.3 	31.7 	34 	36.7 	37.6 
A,EUR,D11,B,BG	3.3 	5 	5.7 	8.1 	8.8 	10.3 	11.4 	12.2 
A,EUR,D11,B,CH	: 	36.6 	42.8 	: 	: 	: 	: 	: 
A,EUR,D11,B,CY	14.7 	13.9 	12.4 	13.6 	14.9 	15 	16.4 	17.1 
A,EUR,D11,B,CZ	8.7 	9.6 	8.8 	11.2 	11.8 	13.3 	14.9 	14.8 
A,EUR,D11,B,DE	25.1 	27 	30.4 	31.7 	32.2 	35.1 	37.6 	39.3 
A,EUR,D11,B,DK	33.7 	45.9 	44.8 	57.9 	: @C	: @C	: @C	: @C
A,EUR,D11,B,EA	18.3 	20.6 	22.3 	24.0 	: 	: 	: 	: 
A,EUR,D11,B,EA19	20.6 	24.3 	26.3 	27.6 	27.7 	28.6 	30 	31.2 
A,EUR,D11,B,EA20	20.6 	24 	26 	27.2 d	27.3 	28.2 	29.6 	30.7 
A,EUR,D11,B,EE	6.9 	: 	9.5 	11.3 	12.1 	13.1 	14.3 	15.2 
A,EUR,D11,B,EL	13.7 	14.6 	15.0 	11.5 	11.3 	10.7 	10.8 	13 
A,EUR,D11,B,ES	16.7 	22.6 	23.6 	25.1 	25.4 	23.4 	23.8 	24.8 
A,EUR,D11,B,EU15	24.5 	28.4 	31.1 	30.3 	: 	: 	: 	: 
A,EUR,D11,B,EU27_2020	13.7 	15.7 	17.1 	19.6 	20.1 	21.8 	23.8 	25.1 
A,EUR,D11,B,EU28	15.3 	17.5 	19.5 	: 	: 	: 	: 	: 
A,EUR,D11,B,FI	22.9 	28.2 	25.4 	32.7 	32.0 p	32.5 p	34.0 p	34.9 p
A,EUR,D11,B,FR	22.1 	21.9 	23.3 	26.5 	26.9 	27.6 	28.4 	29.6 
A,EUR,D11,B,HR	10.4 	9.6 	11 	10.8 	10.4 	10.4 	11.9 	13.1 
A,EUR,D11,B,HU	6.3 	6.9 	6.8 	8.7 	8.9 	9.5 	11.6 	13.1 
A,EUR,D11,B,IE	24.4 	27.1 	27 	27.9 	29 	33.2 	34.9 	34.9 
A,EUR,D11,B,IS	: @C	: @C	: @C	: @C	: @C	: @C	: @C	: @C
A,EUR,D11,B,IT	23.9 	30.3 	30.6 	32 	31.3 	32.2 	32.4 	31.6 
A,EUR,D11,B,LT	5.5 	5.2 	6.3 	10.6 	11.4 	12.2 	14.3 	15.5 
A,EUR,D11,B,LU	: 	23.8 	26.4 	31 	30.5 	32.2 	33.8 	35 
A,EUR,D11,B,LV	4.9 	5 	6.8 	8.8 	8.5 	9.5 	10.8 	12.2 
A,EUR,D11,B,ME	: 	5.5 	6.6 	: 	: 	: 	: 	: 
A,EUR,D11,B,MK	: 	3.8 	4.6 	: 	: 	: 	: 	: 
A,EUR,D11,B,MT	: 	: 	6.8 	10.1 	9.8 	9.7 	10.1 	9.6 
A,EUR,D11,B,NL	45.2 	46.5 	48.9 	50.3 	47.4 	47.3 	50.8 	: @C
A,EUR,D11,B,NO	: 	79.4 	70.6 	67.5 	72.2 	76.5 	70.2 	71.2 
A,EUR,D11,B,PL	10.4 	11.1 	10.8 	13.9 	14.2 	16.9 	20.4 	23.1 
A,EUR,D11,B,PT	9.1 	10.6 	11.6 	12.9 	13.9 	14.5 	15.4 	16.8 
A,EUR,D11,B,RO	6 	6.5 	8.2 	11.7 	12.1 	13.6 	15.5 	17 
A,EUR,D11,B,RS	: 	6.3 	6.7 	10.4 	11 	11.4 	12.8 	14.2 
A,EUR,D11,B,SE	23.9 	31.9 	30.4 	31.2 	33.7 	32.5 	32.5 	33.6 
A,EUR,D11,B,SI	15.5 	16.3 	18.6 	21.8 	23.1 	24.3 	27.1 	29.3 
A,EUR,D11,B,SK	0.2 	7.2 	8.9 	10.2 	10.9 	12.3 	12.3 	14.4 
A,EUR,D11,B,TR	: 	6.6 	7.1 	4.3 	4 	4.2 	5.8 	8.2 
A,EUR,D11,B,UK	30.3 	32.5 	36.1 	: 	: 	: 	: 	: 
A,EUR,D11,B-E,AL	: 	1.5 	1.8 	: 	: 	: 	: 	: 
A,EUR,D11,B-E,AT	21.7 	24.2 	26.6 	29.8 	30.1 	32 	34.3 p	36.6 
A,EUR,D11,B-E,BA	: 	4.5 	4.5 	: 	: 	: 	: 	: 
A,EUR,D11,B-E,BE	24.6 	29.1 	30.1 	31.9 	32.3 	34.5 	37.2 	38.4 
A,EUR,D11,B-E,BG	2 	2.7 	3.5 	5.1 	5.4 	6.4 	7.4 	8.3 
A,EUR,D11,B-E,CH	: 	39.7 	43.9 	: 	: 	: 	: 	: 
A,EUR,D11,B-E,CY	11.7 	12.6 	10.8 	11.2 	11.3 	11.7 	12.3 	12.9 
A,EUR,D11,B-E,CZ	6.5 	7.2 	7.5 	10.5 	11 	12.1 	13.4 	13.6 
A,EUR,D11,B-E,DE	25.3 	27.4 	30 	32.6 	32.7 	33.9 	35.7 	37.3 
A,EUR,D11,B-E,DK	30.4 	35.5 	38.2 	41.8 	43.2 	44.5 	45.8 	47.4 
A,EUR,D11,B-E,EA19	19.8 	22.6 	23.9 	26.1 	26.2 	27.2 	28.6 	29.9 
A,EUR,D11,B-E,EA20	19.8 	22.4 	23.7 	25.9 	26 	27 	28.4 	29.7 
A,EUR,D11,B-E,EE	5.4 	6.3 	7.8 	9.9 	10.4 	11.8 	12.6 	13.7 
A,EUR,D11,B-E,EL	13.3 	12.4 	12.4 	11.1 	11.1 	11.7 	12 	12.7 
A,EUR,D11,B-E,ES	15.2 	16.9 	17.2 	18.1 	17.9 	18.5 	19.4 	20.2 
A,EUR,D11,B-E,EU15	21.2 	23.8 	24.9 	27.3 	: 	: 	: 	: 
A,EUR,D11,B-E,EU27_2020	16.1 	18.4 	19.5 	21.7 	21.9 	22.9 	24.3 	25.5 
A,EUR,D11,B-E,EU28	16.0 	18.4 	19.8 	: 	: 	: 	: 	: 
A,EUR,D11,B-E,FI	23 	27.5 	29 	30.3 	31.9 p	32.9 p	33.9 p	34.8 p
A,EUR,D11,B-E,FR	22.1 	24 	25.1 	28.6 	28.8 	29.9 	31.2 	32.1 
A,EUR,D11,B-E,HR	7.3 	7.1 	7.4 	10.4 	10.7 	11.6 	13.1 	14.8 
A,EUR,D11,B-E,HU	5.5 	5.9 	6.4 	8.6 	9.1 	9.6 	11.7 	12.7 
A,EUR,D11,B-E,IE	24.2 	26.2 	26.1 	28.8 	29.9 	31 	32.7 	34.5 
A,EUR,D11,B-E,IS	16.6 d	19.0 d	30.1 d	32.1 d	35.8 p	40.8 p	42.5 p	45.4 p
A,EUR,D11,B-E,IT	17.1 	19.5 	19.7 	20.8 	20.4 	21 	21.8 	22.7 
A,EUR,D11,B-E,LT	4.1 	4.2 	5.4 	9.8 	10.7 	12.1 	13.4 	14.7 
A,EUR,D11,B-E,LU	25.8 	27.5 	29.2 	35.6 	36 	37.7 	40.1 	41.1 
A,EUR,D11,B-E,LV	4.3 	4.6 	6 	8.1 	8.3 	9.1 	10.2 	11.3 
A,EUR,D11,B-E,ME	: 	5.6 	5.4 	: 	: 	: 	: 	: 
A,EUR,D11,B-E,MK	: 	2.7 	3.1 	: 	: 	: 	: 	: 
A,EUR,D11,B-E,MT	11.2 	10.5 	12.1 	13.8 	14.1 	15.3 	16.3 	17.3 
A,EUR,D11,B-E,NL	23.6 	25.8 	28.5 	31.7 	31.8 	32.8 	34.8 	36.4 
A,EUR,D11,B-E,NO	: 	53.9 	44.8 	45.4 	49 	50.6 	47.1 	48.7 
A,EUR,D11,B-E,PL	6.1 	6.2 	6.8 	8.7 	9.1 	9.9 	11.4 	13.4 
A,EUR,D11,B-E,PT	8.1 	8.8 	8.8 	10.6 	10.8 	11.4 	12 	12.9 
A,EUR,D11,B-E,RO	2.9 	3.2 	4.1 	6.9 	7.2 	8.2 	9.6 	10.7 
A,EUR,D11,B-E,RS	: 	4.2 	4.1 	5.8 	6.2 	7 	8 	9.2 
A,EUR,D11,B-E,SE	22.9 	28.2 	28.4 	28.8 	30.8 	30.2 	29.3 	30.7 
A,EUR,D11,B-E,SI	10.6 	12.6 	14 	17.9 	18.8 	20.3 	22.5 	24 
A,EUR,D11,B-E,SK	0.2 	6.8 	7.8 	10.2 	10.7 	11.4 	12.4 	13.2 
A,EUR,D11,B-E,TR	: 	4.7 	5.2 	3.4 	3.1 	3.2 	4.5 	6.4 
A,EUR,D11,B-E,UK	: 	: 	22.9 	: 	: 	: 	: 	: 
A,EUR,D11,B-F,MT	10.4 	9.9 	11.5 	13.1 	13.4 	14.2 	15.0 	: 
A,EUR,D11,B-N,AL	: 	1.7 	2.0 	: 	: 	: 	: 	: 
A,EUR,D11,B-N,AT	19.5 	22 	24 	26.8 	26.9 	28.2 	29.9 p	32.2 
A,EUR,D11,B-N,BA	: 	4.6 	4.5 	: 	: 	: 	: 	: 
A,EUR,D11,B-N,BE	24.3 	27.7 	28 	29.6 	30 	31.8 	34.5 	35.4 
A,EUR,D11,B-N,BG	2.1 	2.9 	3.8 	5.6 	6.1 	7 	8.1 	9.2 
A,EUR,D11,B-N,CH	: 	40.4 	44.6 	: 	: 	: 	: 	: 
A,EUR,D11,B-N,CY	12.8 	13.8 	11.8 	13.1 	13.2 	14.3 	15.1 	15.8 
A,EUR,D11,B-N,CZ	6.8 	7.4 	7.6 	10.6 	11.2 	12.2 	13.6 	13.8 
A,EUR,D11,B-N,DE	22.3 	24.2 	26 	29.1 	29.5 	31.1 	32.6 	34.2 
A,EUR,D11,B-N,DK	31.1 	35.4 	37.2 	40.6 	41.7 	42.7 	43.8 	45.2 
A,EUR,D11,B-N,EA19	18.6 	20.9 	21.9 	24.3 	24.5 	25.6 	26.9 	28.1 
A,EUR,D11,B-N,EA20	18.6 	20.7 	21.7 	24.1 	24.4 	25.4 	26.7 	27.9 
A,EUR,D11,B-N,EE	5.9 	6.5 	8.1 	10.6 	11.2 	12.3 	13.6 	14.5 
A,EUR,D11,B-N,EL	12.6 	12 	11.8 	11 	11.1 	12.1 	13 	13.9 
A,EUR,D11,B-N,ES	13.9 	15.4 	15.4 	16.4 	16.5 	16.8 	17.6 	18.4 
A,EUR,D11,B-N,EU15	19.8 	21.7 	22.9 	25.4 	: 	: 	: 	: 
A,EUR,D11,B-N,EU27_2020	16 	18.1 	19.1 	21.3 	21.7 	22.7 	24 	25.2 
A,EUR,D11,B-N,EU28	16.6 	18.5 	19.7 	: 	: 	: 	: 	: 
A,EUR,D11,B-N,FI	21.4 	25.1 	26.8 	28.4 	30.0 p	30.5 p	31.6 p	32.4 p
A,EUR,D11,B-N,FR	21.4 	23.1 	24.1 	27.2 	27.5 	28.6 	29.7 	30.5 
A,EUR,D11,B-N,HR	7.6 	7.9 	8 	10 	10.3 	11.2 	12.8 	14.3 
A,EUR,D11,B-N,HU	5.6 	6 	6.4 	8.5 	8.9 	9.4 	11.4 	12.4 
A,EUR,D11,B-N,IE	22.9 	23.7 	24.5 	28.1 	29.4 	30.5 	32 	33.9 
A,EUR,D11,B-N,IS	19.4 d	19.6 d	29.7 p	31.6 p	35.1 p	39.3 p	40.5 p	43.2 p
A,EUR,D11,B-N,IT	17.5 	19.1 	19.2 	20.2 	20 	20.5 	21 	21.7 
A,EUR,D11,B-N,LT	4.3 	4.2 	5.4 	9.9 	10.9 	12.4 	14 	15.4 
A,EUR,D11,B-N,LU	27.6 	30.2 	33.6 	40.6 	41.6 	43.9 	46.7 	47.7 
A,EUR,D11,B-N,LV	4.7 	4.9 	6.4 	8.8 	9.1 	9.8 	10.9 	12.3 
A,EUR,D11,B-N,ME	: 	: 	4.8 	: 	: 	: 	: 	: 
A,EUR,D11,B-N,MK	: 	3.3 	3.5 	: 	: 	: 	: 	: 
A,EUR,D11,B-N,MT	10.4 	10.5 	12.7 	14.7 	14.7 	15.4 	16 	16.3 
A,EUR,D11,B-N,NL	22.6 	24.5 	25.8 	28.8 	29.1 	29.9 	31.9 	33.4 
A,EUR,D11,B-N,NO	: 	46.9 	40.3 	40.2 	44.1 	45.1 	42.1 	43.8 
A,EUR,D11,B-N,PL	6.2 	6.2 	7 	8.7 	9.1 	10.1 	11.6 	13.6 
A,EUR,D11,B-N,PT	9.2 	10.2 	10.1 	11.6 	11.8 	12.3 	13 	13.8 
A,EUR,D11,B-N,RO	3.2 	3.3 	4.3 	7.4 	7.7 	8.8 	10.3 	11.6 
A,EUR,D11,B-N,RS	: 	4.3 	4.3 	6 	6.4 	7.5 	8.5 	9.6 
A,EUR,D11,B-N,SE	22.6 	27.3 	27.6 	27.9 	29.7 	29.3 	28.4 	29.7 
A,EUR,D11,B-N,SI	11.2 	12.9 	14.1 	17.8 	18.7 	20.1 	22.3 	23.9 
A,EUR,D11,B-N,SK	0.2 	6.9 	7.7 	10.2 	10.7 	11.5 	12.5 	13.3 
A,EUR,D11,B-N,TR	: 	5.1 	5.2 	3.2 	: 	: 	: 	: 
A,EUR,D11,B-N,UK	19.9 d	20.5 	22.4 	: 	: 	: 	: 	: 
A,EUR,D11,B-S,MT	: 	: 	13.3 d	15.9 	16.3 	16.8 	17.4 	: 
A,EUR,D11,B-S_X_O,AL	: 	1.8 	2.1 	: 	: 	: 	: 	: 
A,EUR,D11,B-S_X_O,AT	19.6 	21.9 	23.9 	26.8 	26.9 	28.3 	29.9 p	32.4 
A,EUR,D11,B-S_X_O,BA	: 	4.8 	4.8 	: 	: 	: 	: 	: 
A,EUR,D11,B-S_X_O,BE	23.9 	27.4 	29.3 	31.1 	31.5 	33.4 	36.3 	37.1 
A,EUR,D11,B-S_X_O,BG	2.1 	2.9 	3.7 	5.7 	6.2 	7.1 	8.1 	9.2 
A,EUR,D11,B-S_X_O,CH	: 	40.5 	44.4 	: 	: 	: 	: 	: 
A,EUR,D11,B-S_X_O,CY	14.1 	14 	12.9 	14.1 	14.2 	15.2 	16.1 	16.9 
A,EUR,D11,B-S_X_O,CZ	6.7 	7.3 	7.5 	10.7 	11.4 	12.2 	13.5 	13.7 
A,EUR,D11,B-S_X_O,DE	21.8 	23.7 	25.5 	28.6 	29 	30.3 	31.7 	33.3 
A,EUR,D11,B-S_X_O,DK	30.3 	34.2 	35.9 	39.2 	40.2 	41 	42 	43.6 
A,EUR,D11,B-S_X_O,EA19	18.6 d	20.8 	21.9 	24.3 	24.5 	25.5 	26.8 	28 
A,EUR,D11,B-S_X_O,EA20	18.6 d	20.7 	21.7 	24.1 	24.4 	25.3 	26.6 	27.8 
A,EUR,D11,B-S_X_O,EE	5.8 	6.3 	8 	10.5 	11.2 	12.2 	13.6 	14.6 
A,EUR,D11,B-S_X_O,EL	13.5 	12.2 	12.1 	11 	11.1 	11.8 	12.6 	13.3 
A,EUR,D11,B-S_X_O,ES	14.3 	15.7 	15.8 	17 	17 	17.3 	18.1 	18.9 
A,EUR,D11,B-S_X_O,EU15	19.9 	21.7 	23.1 	25.3 	: 	: 	: 	: 
A,EUR,D11,B-S_X_O,EU27_2020	16.1 	18.1 	19.2 	21.5 	21.8 	22.8 	24 	25.2 
A,EUR,D11,B-S_X_O,EU28	16.7 	18.6 	19.9 	: 	: 	: 	: 	: 
A,EUR,D11,B-S_X_O,FI	20.9 	24.4 	26 	27.5 	28.9 p	29.6 p	30.5 p	31.3 p
A,EUR,D11,B-S_X_O,FR	20.9 d	22.4 	23.3 	26.3 	26.7 	27.7 	28.9 	29.7 
A,EUR,D11,B-S_X_O,HR	7.7 	8.1 	8.1 	10 	10.3 	11.2 	12.7 	14.6 
A,EUR,D11,B-S_X_O,HU	5.5 	5.6 	5.8 	8 	8.6 	9.1 	11 	12.1 
A,EUR,D11,B-S_X_O,IE	24.8 	25.8 	25.8 	29.5 	30.6 	31.9 	33.3 	35.2 
A,EUR,D11,B-S_X_O,IS	17.9 d	18.4 d	28.9 d	29.8 d	33.9 p	38.2 p	39.4 p	42.0 p
A,EUR,D11,B-S_X_O,IT	18.2 	19.9 	19.9 	21 	20.8 	21.1 	21.6 	22.3 
A,EUR,D11,B-S_X_O,LT	4.2 	4.2 	5.3 	9.9 	11 	12.5 	14 	15.5 
A,EUR,D11,B-S_X_O,LU	27.7 	30.5 	33.9 	41.3 	42.3 	44.5 	47.3 	48.4 
A,EUR,D11,B-S_X_O,LV	4.6 	4.7 	6.1 	8.4 	9 	9.6 	10.7 	11.9 
A,EUR,D11,B-S_X_O,ME	: 	4.6 	4.9 	: 	: 	: 	: 	: 
A,EUR,D11,B-S_X_O,MK	: 	3.3 	3.5 	: 	: 	: 	: 	: 
A,EUR,D11,B-S_X_O,MT	10.5 	11 	13.3 	15.8 	16.1 	16.6 	17.1 	18 
A,EUR,D11,B-S_X_O,NL	22.9 	24.7 	26.4 	29.6 	29.7 	30.6 	32.7 	34.3 
A,EUR,D11,B-S_X_O,NO	: 	46.2 	40 	40.1 	43.4 	44.5 	41.7 	43.2 
A,EUR,D11,B-S_X_O,PL	6.3 	6.4 	7.1 	9 	9.4 	10.3 	11.9 	14.2 
A,EUR,D11,B-S_X_O,PT	9.9 	10.7 	10.9 	12.3 	12.5 	13 	13.7 	14.7 
A,EUR,D11,B-S_X_O,RO	3.2 	3.2 	4.3 	7.8 	8 	9 	10.4 	11.8 
A,EUR,D11,B-S_X_O,RS	: 	4.3 	4.2 	6 	6.4 	7.4 	8.3 	9.5 
A,EUR,D11,B-S_X_O,SE	21.2 	25.4 	25.6 	26.2 	27.8 	27.4 	26.4 	27.5 
A,EUR,D11,B-S_X_O,SI	11.6 	13.1 	14.1 	17.9 	18.9 	19.8 	21.9 	23.3 
A,EUR,D11,B-S_X_O,SK	0.2 	6.6 	7.5 	10.2 	10.8 	11.4 	12.5 	13.3 
A,EUR,D11,B-S_X_O,TR	: 	5.2 	5.4 	3.7 	: 	: 	: 	: 
A,EUR,D11,B-S_X_O,UK	20.1 d	20.9 	23.1 	: 	: 	: 	: 	: 
A,EUR,D11,C,AL	: 	1.3 	1.5 	: 	: 	: 	: 	: 
A,EUR,D11,C,AT	21.4 	23.8 	26.3 	29.4 	29.8 	31.7 	34.0 p	36.3 
A,EUR,D11,C,BA	: 	3.6 	3.6 	: 	: 	: 	: 	: 
A,EUR,D11,C,BE	24 	28.8 	29.9 	31.5 	31.9 	34.1 	36.8 	38.1 
A,EUR,D11,C,BG	1.8 	2.3 	3.2 	4.7 	5.1 	6 	7 	7.9 
A,EUR,D11,C,CH	: 	39.6 	43.6 	: 	: 	: 	: 	: 
A,EUR,D11,C,CY	10.9 	11.6 	10.2 	10.5 	10.4 	10.7 	11.3 	11.9 
A,EUR,D11,C,CZ	6.4 	7 	7.4 	10.4 	10.9 	11.9 	13.2 	13.4 
A,EUR,D11,C,DE	25.3 	27.3 	29.9 	32.6 	32.6 	33.8 	35.4 	37.1 
A,EUR,D11,C,DK	30.3 	35.1 	37.8 	41.2 	42.5 	43.6 	44.7 	46.3 
A,EUR,D11,C,EA	20.2 	22.2 	23.8 	26.0 	: 	: 	: 	: 
A,EUR,D11,C,EA19	19.7 	22.4 d	23.8 	26 	26 	27.1 	28.4 	29.7 
A,EUR,D11,C,EA20	19.7 	22.2 d	23.5 	25.8 	25.8 	26.8 	28.2 	29.5 
A,EUR,D11,C,EE	5.3 	6 	7.6 	9.7 	10.1 	11.5 	12.2 	13.3 
A,EUR,D11,C,EL	12.1 	11.7 	11.7 	11.1 	10.9 	11.5 	11.9 	12.7 
A,EUR,D11,C,ES	14.9 	16.4 	16.8 	17.7 	17.5 	18 	19 	19.8 
A,EUR,D11,C,EU15	20.9 	23.1 	24.7 	27.2 	: 	: 	: 	: 
A,EUR,D11,C,EU27_2020	16.1 	18.4 d	19.5 	21.7 	21.9 	22.9 	24.2 	25.5 
A,EUR,D11,C,EU28	16.4 	18.6 	19.7 	: 	: 	: 	: 	: 
A,EUR,D11,C,FI	23.1 	27.5 	29 	30.2 	31.9 p	32.9 p	34.0 p	34.8 p
A,EUR,D11,C,FR	22 	23.6 	24.7 	28.1 	28.3 	29.4 	30.6 	31.6 
A,EUR,D11,C,HR	6.9 	6.8 	7 	10.6 	11 	11.9 	13.6 	15.3 
A,EUR,D11,C,HU	5.3 	5.7 	6.3 	8.5 	9 	9.5 	11.6 	12.6 
A,EUR,D11,C,IE	23.4 	25.1 	25.5 	28.4 	29.5 	30.4 	32 	33.7 
A,EUR,D11,C,IS	16.2 	18.6 	29.3 	31.2 	35.2 p	40.2 p	41.8 p	44.7 p
A,EUR,D11,C,IT	16.8 	19.2 	19.4 	20.5 	20.2 	20.8 	21.7 	22.6 
A,EUR,D11,C,LT	4 	4.1 	5.3 	9.7 	10.7 	12 	13.3 	14.6 
A,EUR,D11,C,LU	25.5 	26.9 	28.2 	34.8 	35.1 	36.9 	39.3 	40.2 
A,EUR,D11,C,LV	4.1 	4.3 	5.7 	7.9 	8.1 	8.9 	9.8 	10.9 
A,EUR,D11,C,ME	: 	4.8 	3.6 	: 	: 	: 	: 	: 
A,EUR,D11,C,MK	: 	2.5 	2.8 	: 	: 	: 	: 	: 
A,EUR,D11,C,MT	11.2 	: 	12 	13.6 	13.9 	15.2 	16.2 	17.3 
A,EUR,D11,C,NL	23.2 	25.2 	27.9 	31.4 	31.5 	32.5 	34.5 	: @C
A,EUR,D11,C,NO	: 	43.6 	38.4 	38.7 	42 	42.7 	40.1 	41.8 
A,EUR,D11,C,PL	5.6 	5.6 	6.3 	8.2 	8.6 	9.4 	10.8 	12.7 
A,EUR,D11,C,PT	7.8 	8.7 	8.6 	10.5 	10.6 	11.2 	11.8 	12.7 
A,EUR,D11,C,RO	2.5 	2.8 	3.8 	6.6 	6.9 	7.8 	9.1 	10.2 
A,EUR,D11,C,RS	: 	3.8 	3.6 	5.3 	5.6 	6.4 	7.4 	8.6 
A,EUR,D11,C,SE	22.8 	28 	28.4 	28.8 	30.8 	30.1 	29.2 	30.6 
A,EUR,D11,C,SI	10.2 	12.3 	13.7 	17.6 	18.5 	20 	22.2 	23.7 
A,EUR,D11,C,SK	0.2 	6.6 	7.6 	10.1 	10.6 	11.3 	12.2 	13 
A,EUR,D11,C,TR	: 	4.5 	5 	3.3 	3 	3.1 	4.4 	6.2 
A,EUR,D11,C,UK	19.8 	20.1 	22.3 	: 	: 	: 	: 	: 
A,EUR,D11,D,AL	: 	2.4 	3.1 	: 	: 	: 	: 	: 
A,EUR,D11,D,AT	31.2 	33.5 	38.1 	42.1 	41.5 	44.1 	47.0 p	49.5 
A,EUR,D11,D,BA	: 	8.1 	8.7 	: 	: 	: 	: 	: 
A,EUR,D11,D,BE	: 	39.4 	45.7 	49.4 	50.2 	54.4 	57.2 	58.8 
A,EUR,D11,D,BG	4.7 	6.4 	7.1 	9.3 	9.8 	11.6 	13.3 	14.3 
A,EUR,D11,D,CH	: 	45.7 	53.3 	: 	: 	: 	: 	: 
A,EUR,D11,D,CY	19.8 	21 	17.4 	20.8 	21.8 	23.8 	25.4 	26.3 
A,EUR,D11,D,CZ	10.3 	12.4 	11.6 	15.3 	16.5 	18.5 	21.5 	21.7 
A,EUR,D11,D,DE	31.8 	34.9 	38.3 	41.6 	41.2 	43.8 	47.6 	49 
A,EUR,D11,D,DK	36.7 	41.9 	47.9 	51.2 	55.1 	60.1 	63.9 	67.6 
A,EUR,D11,D,EA19	27.3 	31.6 d	33.4 d	35.8 	36 	37.8 	40.3 	41.5 
A,EUR,D11,D,EA20	27.2 	31.1 d	32.9 d	35.6 d	35.8 	37.6 	40.1 	41.3 
A,EUR,D11,D,EE	6.8 	8.6 	10.9 	14.6 	15.1 	16.7 	19 	20.9 
A,EUR,D11,D,EL	23.3 	19.8 	17.2 	13.6 	14.5 	15.4 	16.5 	15.2 
A,EUR,D11,D,ES	29.9 	35.8 	35.9 	38.4 	41 	40.5 	40.9 	40.7 
A,EUR,D11,D,EU15	30.1 	32.5 	34.3 	37.5 	: 	: 	: 	: 
A,EUR,D11,D,EU27_2020	20.4 	24.5 d	26.2 d	29.2 	29.6 	31.3 	33.7 	35 
A,EUR,D11,D,EU28	20.2 	24.6 	26.6 	: 	: 	: 	: 	: 
A,EUR,D11,D,FI	24.4 	32.1 	36 	35.4 	38.1 p	39.6 p	38.4 p	40.8 p
A,EUR,D11,D,FR	30.7 	35.9 	35.6 	37.9 	38.6 	39.7 	42.5 	43.3 
A,EUR,D11,D,HR	10.9 	10.2 	11 	15.2 	15.8 	16.4 	17.4 	20.5 
A,EUR,D11,D,HU	9.7 	10.4 	10.5 	13.4 	13.6 	13.6 	16.5 	17.9 
A,EUR,D11,D,IE	: 	45.5 	44.2 	45.6 	47.1 	48.6 	49.8 	56.9 
A,EUR,D11,D,IS	21.6 	24.9 	41.6 	44 	44.1 p	50.0 p	52.2 p	55.2 p
A,EUR,D11,D,IT	26.5 	26.8 	28.5 	28.6 	28.8 	29.4 	29.9 	31 
A,EUR,D11,D,LT	5.8 	5.9 	6.8 	11.9 	12.9 	14.3 	16.3 	18.1 
A,EUR,D11,D,LU	: 	43.5 	48.9 	52.8 	53.5 	55.7 	59.1 	60.7 
A,EUR,D11,D,LV	6.4 	6.7 	7.8 	9.7 	10.3 	11.4 	13.5 	14.5 
A,EUR,D11,D,ME	: 	9.7 	9.7 	: 	: 	: 	: 	: 
A,EUR,D11,D,MK	: 	6.6 	6.1 	: 	: 	: 	: 	: 
A,EUR,D11,D,MT	: 	: 	21.8 	27.9 	29 	29.4 	31.9 	35.6 
A,EUR,D11,D,NL	32 	36.1 	38.3 	39.5 	39.9 	41.3 	44.7 	: @C
A,EUR,D11,D,NO	: 	51 	45.7 	48.3 	53.3 	56.2 	52.4 	55 
A,EUR,D11,D,PL	9.2 	9.6 	10.7 	12.6 	12.9 	14 	16.5 	19 
A,EUR,D11,D,PT	: 	19.9 	27.4 	25.3 	23.3 	27.7 	27.7 	28.1 
A,EUR,D11,D,RO	6.1 	6.2 	6.7 	11 	11.5 	13.4 	15.9 	17.3 
A,EUR,D11,D,RS	: 	7.3 	6.6 	10.5 	10.8 	11.3 	12.3 	13.5 
A,EUR,D11,D,SE	25.7 	31.3 	32 	31.9 	34.1 	33.6 	32.7 	34.3 
A,EUR,D11,D,SI	16.3 	19 	21.2 	24.6 	25.5 	27.4 	30.2 	31.2 
A,EUR,D11,D,SK	0.3 	10.5 	12.1 	15.1 	15.4 	16.2 	18.3 	20 
A,EUR,D11,D,TR	: 	10.7 	8.2 	5 	4.7 	5 	6.6 	9.2 
A,EUR,D11,D,UK	: 	25.4 	28.9 	: 	: 	: 	: 	: 
A,EUR,D11,E,AL	: 	1.3 	1.5 	: 	: 	: 	: 	: 
A,EUR,D11,E,AT	18.6 	20.3 	21.6 	24.4 	23.9 	25.4 	27.3 p	29.4 
A,EUR,D11,E,BA	: 	4.8 	4.9 	: 	: 	: 	: 	: 
A,EUR,D11,E,BE	24.1 	24.8 	24.7 	26.5 	26.8 	28.4 	31 	31.6 
A,EUR,D11,E,BG	2.1 	2.5 	3.1 	4.2 	4.4 	4.9 	5.6 	6.4 
A,EUR,D11,E,CH	: 	36.5 	39.4 	: 	: 	: 	: 	: 
A,EUR,D11,E,CY	13.6 	13.8 	10.4 	11.6 	11.7 	12.1 	12.7 	13.2 
A,EUR,D11,E,CZ	6.1 	6.7 	6.8 	9.1 	9.8 	10.7 	11.9 	12.3 
A,EUR,D11,E,DE	19.6 	20.9 	23.1 	26 	26.5 	28 	29.9 	30.2 
A,EUR,D11,E,DK	28.3 	31.9 	34.3 	37.5 	: @C	: @C	: @C	: @C
A,EUR,D11,E,EA19	17.4 d	18.7 	19.4 	21.3 	21.5 	22.5 	23.6 	24.3 
A,EUR,D11,E,EA20	17.3 d	18.4 	19 	20.9 	21 	22 	23.1 	23.9 
A,EUR,D11,E,EE	6 	: 	7.9 	10.1 	10.6 	11.5 	13 	13.7 
A,EUR,D11,E,EL	17.3 	12.3 	12.3 	8.4 	8.5 	8.8 	9.2 	10.2 
A,EUR,D11,E,ES	14.1 	14.8 	15.7 	16.8 	17.1 	18.1 	18.6 	19.2 
A,EUR,D11,E,EU15	18.7 	19.8 	20.9 	22.4 	: 	: 	: 	: 
A,EUR,D11,E,EU27_2020	13.9 d	14.5 	15.3 	17.1 	17.3 	18.3 	19.3 	20.2 
A,EUR,D11,E,EU28	13.7 	15.2 	16.2 	: 	: 	: 	: 	: 
A,EUR,D11,E,FI	18.3 	21.3 	23.5 	25.6 	25.0 p	25.9 p	26.7 p	28.0 p
A,EUR,D11,E,FR	21.2 	21.3 	21.2 	26 	25.8 	26.6 	27.7 	28.5 
A,EUR,D11,E,HR	7.9 	7.5 	8.2 	7.9 	8.1 	8.6 	9.6 	11 
A,EUR,D11,E,HU	5.1 	5.5 	5.4 	7.4 	7.7 	8 	9.8 	11.2 
A,EUR,D11,E,IE	: 	18.5 	20.3 	23.2 	23.9 	25.9 	28.8 	30.1 
A,EUR,D11,E,IS	16.1 	17 	27.6 	28.5 	31.6 p	36.3 p	37.7 p	40.0 p
A,EUR,D11,E,IT	17.1 	18.9 	19.3 	19.1 	18.8 	19.4 	19.6 	20.3 
A,EUR,D11,E,LT	3.9 	4.4 	5.2 	9 	9.6 	10.6 	12.3 	13.6 
A,EUR,D11,E,LU	25.1 	26.7 	30.2 	34 	34.6 	36 	38.8 	40 
A,EUR,D11,E,LV	4.5 	4.5 	5.7 	7.8 	7.9 	8.9 	10.1 	11.4 
A,EUR,D11,E,ME	: 	4.7 	4.8 	: 	: 	: 	: 	: 
A,EUR,D11,E,MK	: 	2.8 	3.1 	: 	: 	: 	: 	: 
A,EUR,D11,E,MT	10.2 	: 	12.9 	15.8 	16 	16.1 	16.6 	17 
A,EUR,D11,E,NL	22 	24.8 	25.8 	27.3 	27.7 	28.9 	30.8 	: @C
A,EUR,D11,E,NO	: 	38.3 	33.5 	36 	38.3 	38.9 	36 	37.8 
A,EUR,D11,E,PL	5.8 	5.9 	6.4 	7.8 	8.1 	8.7 	10 	11.8 
A,EUR,D11,E,PT	9.3 	8.6 	9.1 	9.3 	9.5 	10.1 	10.4 	11.4 
A,EUR,D11,E,RO	2.9 	2.9 	3.6 	6.1 	6.3 	7.1 	8.3 	9.5 
A,EUR,D11,E,RS	: 	3.7 	3.9 	5 	5.5 	6.2 	7 	8 
A,EUR,D11,E,SE	19.8 	24.5 	24.9 	25.1 	26.9 	26.3 	25.2 	26.5 
A,EUR,D11,E,SI	11.1 	12.7 	13.7 	17.3 	18 	19.3 	21.7 	23.1 
A,EUR,D11,E,SK	0.2 	6.2 	7 	8.6 	9.1 	9.8 	10.7 	11.5 
A,EUR,D11,E,TR	: 	7.6 	7.2 	4.5 	3.9 	3.6 	4.6 	6.9 
A,EUR,D11,E,UK	: 	19.8 	22.3 	: 	: 	: 	: 	: 
A,EUR,D11,F,AL	: 	1.6 	2.0 	: 	: 	: 	: 	: 
A,EUR,D11,F,AT	19.3 	21.1 	23.3 	24.9 	25 	26.4 	26.6 p	28.4 
A,EUR,D11,F,BA	: 	3.4 	3.4 	: 	: 	: 	: 	: 
A,EUR,D11,F,BE	18 	20.3 	23.9 	25.2 	25.5 	27 	29.4 	30.1 
A,EUR,D11,F,BG	1.7 	2.5 	3.1 	4.5 	5 	5.6 	6.5 	7.7 
A,EUR,D11,F,CH	: 	34.9 	38.6 	: 	: 	: 	: 	: 
A,EUR,D11,F,CY	12.2 	12.9 	11.7 	12.2 	12.4 	12.8 	13.4 	13.9 
A,EUR,D11,F,CZ	6.4 	6.8 	7 	9.4 	10.1 	10.7 	12 	12.3 
A,EUR,D11,F,DE	17.7 	19.6 	20.8 	24.2 	25 	26.6 	27.7 	29.3 
A,EUR,D11,F,DK	29.3 	32.1 	34 	37 	38.6 	39 	40.2 	41.3 
A,EUR,D11,F,EA	16.6 	18.4 	19.3 	21.5 	: 	: 	: 	: 
A,EUR,D11,F,EA19	15.6 	18.4 	19.4 	21.4 	21.7 	22.8 	23.9 	25 
A,EUR,D11,F,EA20	15.6 	18.2 	19.2 	21.2 	21.5 	22.6 	23.7 	24.8 
A,EUR,D11,F,EE	6.6 	7.3 	8.7 	11 	11.7 	12.3 	12.9 	13.7 
A,EUR,D11,F,EL	11.7 	10.2 	9.5 	8.7 	8.5 	9.1 	9.8 	10.6 
A,EUR,D11,F,ES	12.7 	14.8 	14.6 	14.8 	14.7 	15.2 	15.7 	15.9 
A,EUR,D11,F,EU15	17.6 	20.0 	21.1 	22.6 	: 	: 	: 	: 
A,EUR,D11,F,EU27_2020	13.6 	15.8 	17 	18.9 	19.3 	20.3 	21.4 	22.5 
A,EUR,D11,F,EU28	14.4 	16.6 	17.9 	: 	: 	: 	: 	: 
A,EUR,D11,F,FI	22.1 	24.9 	26.4 	28.1 	29.8 p	30.6 p	30.9 p	32.3 p
A,EUR,D11,F,FR	19.6 	20.9 	21.9 	25.2 	25.3 	26.3 	27.3 	28.1 
A,EUR,D11,F,HR	6.8 	6.9 	7.1 	8.9 	9.2 	10 	11.7 	13 
A,EUR,D11,F,HU	4.5 	5 	4.8 	6.8 	7.3 	7.8 	9.4 	10.4 
A,EUR,D11,F,IE	23.4 	23.3 	22.8 	26.1 	27.6 	28.7 	29.7 	32.2 
A,EUR,D11,F,IS	18.2 	20.2 	31.5 	34.2 	32.8 p	37.2 p	38.8 p	41.7 p
A,EUR,D11,F,IT	15.3 	16.7 	16.5 	16.7 	16.8 	17.4 	18 	19 
A,EUR,D11,F,LT	4.7 	3.8 	5 	9 	10 	11 	12.9 	14.5 
A,EUR,D11,F,LU	18.9 	21.1 	22.7 	26.3 	26.7 	28.2 	30.1 	31.1 
A,EUR,D11,F,LV	4.4 	4.3 	6.3 	8.9 	8.9 	9.3 	10.1 	11.5 
A,EUR,D11,F,ME	: 	3.4 	3.7 	: 	: 	: 	: 	: 
A,EUR,D11,F,MK	: 	2.8 	3.5 	: 	: 	: 	: 	: 
A,EUR,D11,F,MT	7.7 	8.5 	10 	10.8 	11.2 	11.4 	11.9 	12.1 
A,EUR,D11,F,NL	23.3 	25.6 	26.7 	30.1 	29.4 	30.2 	32 	33.7 
A,EUR,D11,F,NO	: 	40.7 	34.5 	34.3 	36.4 	36.8 	34.7 	35.9 
A,EUR,D11,F,PL	5.9 	5.7 	6.6 	7.8 	8.2 	8.8 	9.9 	11.9 
A,EUR,D11,F,PT	7.6 	9.2 	7.6 	8.7 	9.3 	9.8 	10.2 	10.9 
A,EUR,D11,F,RO	2.7 	2.5 	3.2 	6 	6.1 	6.8 	8.5 	9.9 
A,EUR,D11,F,RS	: 	3.9 	3.6 	5.5 	5.9 	6.8 	7.7 	8.9 
A,EUR,D11,F,SE	21.5 	26.4 	25.8 	25.8 	27.1 	27 	26.2 	27.5 
A,EUR,D11,F,SI	9.5 	10.1 	11.2 	14.7 	15.6 	16.7 	18.4 	20.3 
A,EUR,D11,F,SK	0.2 	6.3 	6.7 	8.6 	9.1 	9.9 	10.9 	11.9 
A,EUR,D11,F,TR	: 	3.6 	4 	1.9 	1.7 	1.7 	2.4 	3.3 
A,EUR,D11,F,UK	21.4 	21.4 	22.7 	: 	: 	: 	: 	: 
A,EUR,D11,G,AL	: 	1.4 	1.7 	: 	: 	: 	: 	: 
A,EUR,D11,G,AT	16.5 	19.5 	21.6 	23.9 	23.8 	25 	25.0 p	27.7 
A,EUR,D11,G,BA	: 	3.8 	3.8 	: 	: 	: 	: 	: 
A,EUR,D11,G,BE	21.9 	25.6 	26.2 	27.6 	27.9 	29.6 	32.3 	32.9 
A,EUR,D11,G,BG	1.8 	2.6 	3.5 	5.1 	5.4 	6.3 	7.2 	8.4 
A,EUR,D11,G,CH	: 	36.0 	40.2 	: 	: 	: 	: 	: 
A,EUR,D11,G,CY	10.2 	12.1 	9.4 	9.7 	9.8 	10.4 	10.9 	11.4 
A,EUR,D11,G,CZ	6.5 	6.8 	7.1 	9.8 	10.7 	11.4 	12.5 	12.6 
A,EUR,D11,G,DE	18.7 	20.7 	21.9 	24.5 	24.9 	26 	27.3 	28.3 
A,EUR,D11,G,DK	29 	32.5 	33.5 	36.4 	37.2 	37.9 	38.7 	39.9 
A,EUR,D11,G,EA	16.8 	18.5 	19.3 	21.6 	: 	: 	: 	: 
A,EUR,D11,G,EA19	15.8 	18.1 	18.9 	21 	21.2 	22 	23.2 	24.1 
A,EUR,D11,G,EA20	15.8 	17.9 	18.7 	20.8 	21.1 	21.9 	23 	23.9 
A,EUR,D11,G,EE	5.5 	5.8 	7.2 	9.4 	10.3 	11.1 	12.1 	12.8 
A,EUR,D11,G,EL	10.9 	11.1 	10.7 	9.9 	9.8 	10 	11 	11.7 
A,EUR,D11,G,ES	11.7 	13.2 	13 	14.2 	14.2 	15 	15.8 	16.5 
A,EUR,D11,G,EU15	16.8 	18.6 	19.7 	22 	: 	: 	: 	: 
A,EUR,D11,G,EU27_2020	13.8 	15.8 	16.7 	18.6 	18.9 	19.7 	20.8 	21.7 
A,EUR,D11,G,EU28	14.2 	16.0 	17.1 	: 	: 	: 	: 	: 
A,EUR,D11,G,FI	19.7 	22.9 	24.1 	26.3 	28.1 p	28.8 p	29.1 p	29.7 p
A,EUR,D11,G,FR	18.3 	19.8 	20.6 	24.1 	24.3 	25.1 	26.2 	26.7 
A,EUR,D11,G,HR	6.6 	7 	7.8 	8.7 	9 	9.9 	11.3 	12.8 
A,EUR,D11,G,HU	4.8 	5.4 	5.5 	7.7 	8.1 	8.6 	10.3 	11 
A,EUR,D11,G,IE	18.6 	19.1 	20.2 	22.7 	23.4 	24.4 	25.3 	26.6 
A,EUR,D11,G,IS	15.6 	17.1 	27.6 	27 	32.3 p	36.6 p	37.6 p	39.9 p
A,EUR,D11,G,IT	15.6 	17.2 	18 	19.4 	19.2 	19.4 	19.7 	20.2 
A,EUR,D11,G,LT	3.9 	3.8 	5 	9.4 	10.6 	12 	13.1 	14.4 
A,EUR,D11,G,LU	18.8 	23.3 	26.6 	30.8 	31.4 	32.6 	35 	35.7 
A,EUR,D11,G,LV	4.1 	4.2 	5.6 	7.5 	7.9 	8.4 	9.5 	10.7 
A,EUR,D11,G,ME	: 	3.3 	3.6 	: 	: 	: 	: 	: 
A,EUR,D11,G,MK	: 	3.2 	3.4 	: 	: 	: 	: 	: 
A,EUR,D11,G,MT	8.8 	8.7 	11.5 	13.2 	13.2 	13.2 	13.7 	15 
A,EUR,D11,G,NL	19.4 	21.6 	22.4 	25.1 	25.6 	26.2 	28 	: @C
A,EUR,D11,G,NO	: 	38.2 	34.8 	35.5 	39.9 	40.4 	37.6 	39.1 
A,EUR,D11,G,PL	5.4 	5.1 	6 	7.6 	8 	8.7 	10 	11.7 
A,EUR,D11,G,PT	8.6 	9.7 	10.8 	11.4 	11.7 	12.5 	13.1 	13.9 
A,EUR,D11,G,RO	2.7 	2.9 	3.9 	6.8 	7.1 	8.2 	9.4 	10.8 
A,EUR,D11,G,RS	: 	3.7 	3.6 	4.8 	5.1 	5.9 	6.8 	7.8 
A,EUR,D11,G,SE	20.9 	25.8 	26.6 	25.9 	27.2 	26.7 	25.9 	27.3 
A,EUR,D11,G,SI	10.5 	12.7 	13.7 	17.3 	18.1 	19.5 	21.5 	23.2 
A,EUR,D11,G,SK	0.2 	6.1 	7 	9 	9.8 	10.5 	11.5 	12.1 
A,EUR,D11,G,TR	: 	4.2 	4.7 	2.8 	2.7 	2.7 	3.8 	5.2 
A,EUR,D11,G,UK	16.2 	16.9 	18.7 	: 	: 	: 	: 	: 
A,EUR,D11,G-J,MT	9.4 	10.2 	12.0 	13.8 	14.0 	13.9 	14.5 	: 
A,EUR,D11,G-N,AL	: 	1.8 	2.3 	: 	: 	: 	: 	: 
A,EUR,D11,G-N,AT	18.4 	21.1 	22.9 	25.8 	25.8 	26.9 	28.4 p	30.8 
A,EUR,D11,G-N,BA	: 	4.8 	4.6 	: 	: 	: 	: 	: 
A,EUR,D11,G-N,BE	25 	28 	27.6 	29.2 	29.5 	31.2 	34 	34.7 
A,EUR,D11,G-N,BG	2.3 	3.1 	4.1 	6.2 	6.7 	7.7 	8.8 	10 
A,EUR,D11,G-N,CH	: 	41.7 	45.9 	: 	: 	: 	: 	: 
A,EUR,D11,G-N,CY	13.2 	14.3 	12 	13.6 	13.7 	15.1 	15.9 	16.8 
A,EUR,D11,G-N,CZ	7.2 	7.7 	7.8 	10.8 	11.6 	12.5 	13.9 	14.2 
A,EUR,D11,G-N,DE	20.5 	22.5 	24.2 	27.7 	28.1 	29.9 	31.3 	32.9 
A,EUR,D11,G-N,DK	31.8 	35.8 	37.2 	40.6 	41.6 	42.4 	43.6 	44.9 
A,EUR,D11,G-N,EA19	18.3 	20.3 	21.2 	23.7 	24.1 	25.2 	26.4 	27.6 
A,EUR,D11,G-N,EA20	18.3 	20.2 	21.1 	23.6 	23.9 	25 	26.3 	27.4 
A,EUR,D11,G-N,EE	6.1 	6.6 	8.3 	10.9 	11.7 	12.7 	14.3 	15.3 
A,EUR,D11,G-N,EL	12.4 	12 	11.7 	11.1 	11.3 	12.4 	13.6 	14.5 
A,EUR,D11,G-N,ES	13.7 	14.9 	14.8 	16.1 	16.2 	16.5 	17.3 	18.1 
A,EUR,D11,G-N,EU15	19.5 	21.2 	22.3 	24.8 	: 	: 	: 	: 
A,EUR,D11,G-N,EU27_2020	16.3 	18.2 	19.1 	21.4 	21.8 	22.9 	24.2 	25.3 
A,EUR,D11,G-N,EU28	16.9 	18.7 	19.8 	: 	: 	: 	: 	: 
A,EUR,D11,G-N,FI	20.3 	23.9 	25.9 	27.6 	29.1 p	29.5 p	30.6 p	31.3 p
A,EUR,D11,G-N,FR	21.3 	23 	24 	27 	27.3 	28.4 	29.5 	30.3 
A,EUR,D11,G-N,HR	7.9 	8.5 	8.4 	9.9 	10.1 	11.2 	12.7 	14.1 
A,EUR,D11,G-N,HU	5.9 	6.2 	6.5 	8.6 	9 	9.5 	11.4 	12.4 
A,EUR,D11,G-N,IE	22.4 	22.9 	24.1 	28.1 	29.4 	30.5 	32 	33.9 
A,EUR,D11,G-N,IS	18.5 p	19.6 p	29.6 p	31.5 p	35.1 p	39.0 p	40.0 p	42.7 p
A,EUR,D11,G-N,IT	18 	19.2 	19.1 	20.2 	20.1 	20.4 	20.8 	21.2 
A,EUR,D11,G-N,LT	4.2 	4.2 	5.5 	10.1 	11.2 	12.9 	14.5 	15.8 
A,EUR,D11,G-N,LU	29.8 	32.5 	36.7 	44.5 	45.7 	48.3 	51.2 	52.3 
A,EUR,D11,G-N,LV	4.9 	5.2 	6.6 	9 	9.5 	10.1 	11.4 	12.8 
A,EUR,D11,G-N,ME	: 	4.6 	4.7 	: 	: 	: 	: 	: 
A,EUR,D11,G-N,MK	: 	4.1 	3.9 	: 	: 	: 	: 	: 
A,EUR,D11,G-N,MT	10.4 	10.8 	13.2 	15.3 	15.2 	15.8 	16.3 	16.5 
A,EUR,D11,G-N,NL	22.3 	24 	25 	27.9 	28.3 	29.1 	31.1 	32.6 
A,EUR,D11,G-N,NO	: 	44.6 	39.7 	39.7 	44 	45 	42 	43.8 
A,EUR,D11,G-N,PL	6.3 	6.3 	7.1 	8.8 	9.3 	10.3 	12 	14 
A,EUR,D11,G-N,PT	10.2 	11.2 	11.2 	12.6 	12.6 	13.2 	13.9 	14.7 
A,EUR,D11,G-N,RO	3.5 	3.5 	4.7 	8 	8.3 	9.6 	11.1 	12.5 
A,EUR,D11,G-N,RS	: 	4.6 	4.5 	6.2 	6.6 	7.9 	9 	10.1 
A,EUR,D11,G-N,SE	22.6 	27 	27.5 	28 	29.7 	29.3 	28.4 	29.7 
A,EUR,D11,G-N,SI	12.2 	13.7 	14.6 	18.2 	19.1 	20.5 	22.7 	24.4 
A,EUR,D11,G-N,SK	0.2 	7.1 	7.7 	10.3 	10.8 	11.7 	12.8 	13.5 
A,EUR,D11,G-N,TR	: 	5.6 	5.4 	3.4 	: 	: 	: 	: 
A,EUR,D11,G-N,UK	19.7 d	20.4 	22.2 	: 	: 	: 	: 	: 
A,EUR,D11,H,AL	: 	2.0 	2.6 	: 	: 	: 	: 	: 
A,EUR,D11,H,AT	18.4 	20.3 	21.7 	24.1 	24.2 	25.9 	28.5 p	29.9 
A,EUR,D11,H,BA	: 	4.8 	4.7 	: 	: 	: 	: 	: 
A,EUR,D11,H,BE	22.1 	26 	24.8 	25.9 	26.2 	27.8 	30.2 	30.8 
A,EUR,D11,H,BG	2.5 	3.1 	3.6 	5 	5.1 	6 	7.1 	8.2 
A,EUR,D11,H,CH	: 	36.4 	40.9 	: 	: 	: 	: 	: 
A,EUR,D11,H,CY	15.2 	16.1 	15.4 	15 	14.1 	15.1 	15.6 	17.1 
A,EUR,D11,H,CZ	6.7 	6.8 	6.9 	9.4 	9.8 	10.8 	11.9 	12.2 
A,EUR,D11,H,DE	18 	19.6 	20.6 	22.4 	22.6 	23.4 	25.3 	26.5 
A,EUR,D11,H,DK	29.2 	32.9 	34.3 	37.4 	38.2 	39.1 	40 	40.5 
A,EUR,D11,H,EA19	17.4 	18.9 d	19.6 	20.9 	21 	21.9 	23.4 	24.3 
A,EUR,D11,H,EA20	17.4 	18.8 d	19.5 	20.8 	20.9 	21.7 	23.2 	24.1 
A,EUR,D11,H,EE	5.6 	6.4 	7.9 	9.8 	10.1 	11.4 	12 	12.9 
A,EUR,D11,H,EL	15.5 	14.4 	16.8 	14.7 	14.9 	16.6 	17.5 	19.6 
A,EUR,D11,H,ES	14.9 	15.8 	16.1 	16.1 	15.8 	16.4 	17.2 	17.8 
A,EUR,D11,H,EU15	18.7 	20.1 	21.1 	22 	: 	: 	: 	: 
A,EUR,D11,H,EU27_2020	15.2 	16.5 d	17.2 	18.5 	18.7 	19.6 	21.1 	22 
A,EUR,D11,H,EU28	15.6 	17.1 	18.1 	: 	: 	: 	: 	: 
A,EUR,D11,H,FI	21.6 	23.8 	24.8 	26.3 	27.2 p	28.4 p	29.5 p	29.8 p
A,EUR,D11,H,FR	20 	21.6 	22.4 	23.1 	23.5 	24.8 	26.1 	26.9 
A,EUR,D11,H,HR	8 	8.1 	8.3 	7.8 	7.6 	8.3 	9.5 	10.5 
A,EUR,D11,H,HU	5.4 	5.6 	5.9 	7.9 	8.1 	8.7 	10.2 	11.4 
A,EUR,D11,H,IE	24 	23.7 	24.3 	25.5 	25.5 	27 	27.2 	28.4 
A,EUR,D11,H,IS	16.8 	19.4 	27.3 	30.9 	33.9 p	38.1 p	39.7 p	42.5 p
A,EUR,D11,H,IT	17.5 	18.1 	17.6 	18.8 	18.7 	18.7 	19.4 	19.8 
A,EUR,D11,H,LT	4 	3.9 	5.1 	8.7 	9.4 	10.7 	12.3 	13.4 
A,EUR,D11,H,LU	24.1 	27.3 	29.9 	34.2 	35.9 	38.6 	41.4 	40.6 
A,EUR,D11,H,LV	4.9 	5.4 	6.2 	7.9 	8.1 	8.8 	10 	11.6 
A,EUR,D11,H,ME	: 	5.2 	5.5 	: 	: 	: 	: 	: 
A,EUR,D11,H,MK	: 	5.3 	3.7 	: 	: 	: 	: 	: 
A,EUR,D11,H,MT	11.8 	: 	13.8 	16.3 	16.1 	20.8 	19.9 	18.6 
A,EUR,D11,H,NL	20.9 	21.6 	24.7 	28 	27.2 	27.9 	30.3 	: @C
A,EUR,D11,H,NO	: 	44.8 	40.1 	36.4 	40.3 	42.1 	39.4 	41.6 
A,EUR,D11,H,PL	6 	5.7 	6.3 	7.5 	7.8 	9.3 	11.2 	13 
A,EUR,D11,H,PT	12 	11.7 	13.2 	14.8 	15 	15.4 	16.4 	17.2 
A,EUR,D11,H,RO	3.7 	3.5 	4.2 	7.1 	7.3 	8.2 	9.9 	11.3 
A,EUR,D11,H,RS	: 	4.2 	4.0 	5.3 	5.3 	6.2 	7.2 	8.2 
A,EUR,D11,H,SE	20 	23.3 	22.8 	23.4 	24.9 	24.3 	23.7 	24.6 
A,EUR,D11,H,SI	12.1 	12.8 	13.2 	15.3 	15.9 	17.4 	19.2 	20.9 
A,EUR,D11,H,SK	0.2 	5.8 	6.3 	8.7 	8.9 	9.8 	10.8 	11.5 
A,EUR,D11,H,TR	: 	5 	6.1 	3.5 	3.1 	3.4 	4.7 	6.5 
A,EUR,D11,H,UK	19 	20.2 	22.5 	: 	: 	: 	: 	: 
A,EUR,D11,I,AL	: 	1.3 	1.5 	: 	: 	: 	: 	: 
A,EUR,D11,I,AT	10 	11.9 	13.1 	14.8 	14.3 	15.7 	16.7 p	17.7 
A,EUR,D11,I,BA	: 	3.0 	3.0 	: 	: 	: 	: 	: 
A,EUR,D11,I,BE	: 	13.8 	20 	17.5 	17.7 	18.3 	20.4 	20.7 
A,EUR,D11,I,BG	1.3 	1.8 	2.2 	3.3 	3.6 	4.4 	5.2 	6.3 
A,EUR,D11,I,CH	: 	26.5 	28.2 	: 	: 	: 	: 	: 
A,EUR,D11,I,CY	9.1 	7.6 	6.6 	6.4 	7 	8.7 	8.7 	9.2 
A,EUR,D11,I,CZ	3.9 	4.1 	4.4 	7.7 	8.1 	6.9 	7.6 	7.9 
A,EUR,D11,I,DE	11.3 	12.5 	13.8 	16.4 	16.8 	18.5 	19.9 	20.8 
A,EUR,D11,I,DK	22.8 	24.8 	25.2 	27.2 	: @C	24.4 	24.9 	25.6 
A,EUR,D11,I,EA	12.9 	13.8 	14.7 	16.6 	: 	: 	: 	: 
A,EUR,D11,I,EA19	11.1 	12.1 	12.5 	14.5 	14.4 	15.1 	16 	16.6 
A,EUR,D11,I,EA20	11.1 	12.1 	12.4 	14.4 	14.3 	15 	15.9 	16.6 
A,EUR,D11,I,EE	3.9 	4 	5.3 	6.9 	6.8 	7.6 	8.9 	9.3 
A,EUR,D11,I,EL	8.9 	8.2 	7.4 	8.1 	8 	9.8 	11.5 	12.9 
A,EUR,D11,I,ES	9.4 	10.1 	10.2 	10.7 	10.7 	11.4 	11.8 	12.4 
A,EUR,D11,I,EU15	11.9 	12.6 	13.4 	15.2 	: 	: 	: 	: 
A,EUR,D11,I,EU27_2020	10.1 	11.1 	11.5 	13.4 	13.3 	14 	14.9 	15.6 
A,EUR,D11,I,EU28	10.7 	11.5 	12.2 	: 	: 	: 	: 	: 
A,EUR,D11,I,FI	16 	17.6 	18.6 	20 	21.5 p	21.8 p	22.4 p	23.2 p
A,EUR,D11,I,FR	15.2 	15.7 	15.4 	18.2 	18.5 	19 	19.7 	20.1 
A,EUR,D11,I,HR	6.4 	6.8 	6.7 	8.3 	8.5 	9.4 	10.8 	12.1 
A,EUR,D11,I,HU	3.4 	3.4 	3.7 	5 	5 	5.6 	6.9 	7.7 
A,EUR,D11,I,IE	14 	14 	14.3 	17.4 	17.6 	17.4 	18.3 	19.4 
A,EUR,D11,I,IS	12.0 p	13.5 p	21.4 p	19.3 	25.5 p	29.1 p	30.1 p	32.3 p
A,EUR,D11,I,IT	11.3 	13.2 	13.2 	14.2 	13.9 	13.9 	14.2 	14.4 
A,EUR,D11,I,LT	2.5 	2.4 	3.5 	6.7 	7.1 	8.1 	9 	9.8 
A,EUR,D11,I,LU	14.8 	17.8 	18.4 	25.4 	26.4 	27.2 	29.4 	30 
A,EUR,D11,I,LV	3 	3.1 	4.2 	6.1 	6 	6.2 	6.9 	8 
A,EUR,D11,I,ME	: 	3.6 	3.4 	: 	: 	: 	: 	: 
A,EUR,D11,I,MK	: 	2.4 	2.3 	: 	: 	: 	: 	: 
A,EUR,D11,I,MT	7.3 	7 	8.6 	8.4 	9 	7.5 	7.8 	8.9 
A,EUR,D11,I,NL	13.9 	14.3 	15 	20.4 	17.7 	16.6 	18 	: @C
A,EUR,D11,I,NO	: 	30.9 	26.2 	24.4 	27.3 	25.4 	24.4 	26 
A,EUR,D11,I,PL	4 	4.1 	4.7 	6.3 	6.5 	7.1 	8.3 	9.8 
A,EUR,D11,I,PT	6.8 	6.6 	6.6 	9.3 	10 	9.3 	9.6 	10.2 
A,EUR,D11,I,RO	2 	1.9 	2.6 	4.5 	4.7 	5.4 	6.3 	7.6 
A,EUR,D11,I,RS	: 	3.3 	2.8 	4.4 	4.2 	5 	5.6 	6.5 
A,EUR,D11,I,SE	15.2 	19.1 	18.5 	20.5 	21.6 	21.1 	20.3 	21.5 
A,EUR,D11,I,SI	8.9 	9.8 	10.2 	19.1 	20.7 	22.6 	25.4 	27.4 
A,EUR,D11,I,SK	0.1 	4.2 	4.6 	6.8 	7.4 	7.3 	7.6 	8.2 
A,EUR,D11,I,TR	: 	3.6 	3.9 	1.9 	1.7 	2 	2.8 	3.7 
A,EUR,D11,I,UK	12.4 	12.4 	13.9 	: 	: 	: 	: 	: 
A,EUR,D11,J,AL	: 	2.1 	3.2 	: 	: 	: 	: 	: 
A,EUR,D11,J,AT	29.5 	32.1 	33.6 	36.8 	35 	37.7 	40.0 p	44.1 
A,EUR,D11,J,BA	: 	7.0 	7.3 	: 	: 	: 	: 	: 
A,EUR,D11,J,BE	: 	39.2 	34.6 	36.3 	36.7 	38.3 	42.4 	43.1 
A,EUR,D11,J,BG	4.4 	6.4 	8.5 	12.3 	13.7 	15.7 	17.6 	19.2 
A,EUR,D11,J,CH	: 	51.2 	58.2 	: 	: 	: 	: 	: 
A,EUR,D11,J,CY	17.3 	18.8 	15.3 	22.6 	22.9 	26.1 	29.4 	30.8 
A,EUR,D11,J,CZ	12.5 	13.5 	13.2 	17 	18.3 	20.4 	23.2 	23.5 
A,EUR,D11,J,DE	30 	32.9 	35.5 	39.1 	40.1 	41.8 	43.8 	46 
A,EUR,D11,J,DK	38.8 	43.3 	45.9 	48.9 	50.5 	51.6 	52.7 	54.5 
A,EUR,D11,J,EA19	26 	28.3 	29.6 	32.5 	33.5 	34.5 	36.3 	37.9 
A,EUR,D11,J,EA20	26 	28.1 	29.4 	32.3 	33.3 	34.4 	36.1 	37.8 
A,EUR,D11,J,EE	8.9 	10.8 	13.2 	18 	19.5 	21.1 	24.2 	26.7 
A,EUR,D11,J,EL	14.5 	14.8 	15.8 	14.3 	15.1 	16.4 	18.6 	19.5 
A,EUR,D11,J,ES	19.3 	20.3 	20.3 	21.8 	22.9 	22.7 	24.2 	25.6 
A,EUR,D11,J,EU15	27.4 	29.3 	30.7 	33.7 	: 	: 	: 	: 
A,EUR,D11,J,EU27_2020	23.9 	25.9 	27 	29.7 	30.7 	32 	33.8 	35.5 
A,EUR,D11,J,EU28	24.7 	26.5 	27.5 	: 	: 	: 	: 	: 
A,EUR,D11,J,FI	28.2 	32.4 	34.9 	36.3 	37.5 p	37.4 p	39.3 p	40.6 p
A,EUR,D11,J,FR	28.7 	29.8 	31.2 	35.3 	36.1 	36.9 	37.8 	38.8 
A,EUR,D11,J,HR	11.4 	12.3 	11.6 	16.7 	17.8 	20 	22.2 	23.8 
A,EUR,D11,J,HU	10.5 	10.2 	11.2 	13.6 	14.3 	15 	17.9 	19.5 
A,EUR,D11,J,IE	30.8 	33.1 	36.6 	43.6 	47.2 	50 	53.8 	59.7 
A,EUR,D11,J,IS	19.9 p	22.6 p	38.3 	37.7 	43.1 p	46.7 p	47.6 p	51.3 p
A,EUR,D11,J,IT	23.8 	25.4 	25 	25 	25.4 	25.9 	26.5 	27.1 
A,EUR,D11,J,LT	5.9 	7.3 	9.3 	17.4 	19.6 	22.9 	25.7 	28.2 
A,EUR,D11,J,LU	34.5 	38.1 	43.4 	47.1 	46.8 	48.9 	51.8 	53 
A,EUR,D11,J,LV	8.3 	8.8 	11.2 	14.7 	15.7 	16.9 	19.1 	20.8 
A,EUR,D11,J,ME	: 	7.9 	7.9 	: 	: 	: 	: 	: 
A,EUR,D11,J,MK	: 	5.6 	6.0 	: 	: 	: 	: 	: 
A,EUR,D11,J,MT	12.8 	: 	17.3 	22 	22.6 	21.7 	22.2 	22.7 
A,EUR,D11,J,NL	30.5 	32 	34 	38.2 	40.4 	41.5 	43.9 	: @C
A,EUR,D11,J,NO	: 	56.1 	50.2 	51.6 	56.7 	58.8 	54.9 	57.1 
A,EUR,D11,J,PL	11 	11.1 	12 	14.4 	15.4 	16.8 	19.2 	21.9 
A,EUR,D11,J,PT	: 	17.3 	15.3 	16.7 	17.5 	19.1 	20.3 	21.5 
A,EUR,D11,J,RO	5.5 	6.2 	8.6 	14.5 	15.4 	18.2 	20.8 	22.8 
A,EUR,D11,J,RS	: 	5.2 	6.7 	11.6 	13.9 	18.3 	20.3 	22.4 
A,EUR,D11,J,SE	28.1 	33.3 	36.5 	35.8 	38.4 	37.9 	36.6 	38.4 
A,EUR,D11,J,SI	17.3 	19.1 	19.7 	23.4 	24.5 	25.8 	28.2 	30.6 
A,EUR,D11,J,SK	0.3 	12.9 	13.3 	16.3 	17.5 	18.5 	20.1 	21 
A,EUR,D11,J,TR	: 	12.8 	10.7 	7.2 	7.1 	7.5 	10.7 	15.5 
A,EUR,D11,J,UK	28.1 	28.8 	29.8 	: 	: 	: 	: 	: 
A,EUR,D11,K,AL	: 	3.2 	4.3 	: 	: 	: 	: 	: 
A,EUR,D11,K,AT	30.7 	35 	39.7 	41.2 	42.3 	42.1 	45.6 p	48.3 
A,EUR,D11,K,BA	: 	8.4 	8.7 	: 	: 	: 	: 	: 
A,EUR,D11,K,BE	37.4 	47 	44.5 	47 	47.3 	50.1 	54.8 	56 
A,EUR,D11,K,BG	4.5 	5.4 	6.2 	8.3 	8.4 	9.7 	10.9 	12.1 
A,EUR,D11,K,CH	: 	60.8 	67.0 	: 	: 	: 	: 	: 
A,EUR,D11,K,CY	25.4 	26.8 	23.1 	26.6 	26.2 	27.9 	29.9 	31.4 
A,EUR,D11,K,CZ	13 	14.4 	13.3 	16.7 	17.9 	20 	22 	22 
A,EUR,D11,K,DE	32.6 	35.5 	39.2 	44.2 	44.7 	47.5 	49.6 	52.9 
A,EUR,D11,K,DK	39.8 	45.5 	50 	55.2 	57.4 	58.4 	60.9 	62.2 
A,EUR,D11,K,EA	29.8 	32.1 	34.2 	37.8 	: 	: 	: 	: 
A,EUR,D11,K,EA19	31.1 	33.5 d	36.1 	39.2 	39.6 	41.8 	43.8 	45.7 
A,EUR,D11,K,EA20	30.9 	33.2 d	35.8 	38.9 	39.3 	41.5 	43.4 	45.3 
A,EUR,D11,K,EE	11.1 	10.9 	13.6 	17.4 	18.4 	19.4 	21.4 	23.4 
A,EUR,D11,K,EL	19.3 	19.9 	19 	20 	20.3 	22 	24.6 	23.8 
A,EUR,D11,K,ES	26.6 	29 	28.8 	31.3 	31.3 	32.2 	32.7 	34.6 
A,EUR,D11,K,EU15	31.8 	34.1 	36.6 	40.5 	: 	: 	: 	: 
A,EUR,D11,K,EU27_2020	28 	30.1 d	32.4 	35.5 	36 	38 	40 	41.8 
A,EUR,D11,K,EU28	28.5 	30.6 	32.9 	: 	: 	: 	: 	: 
A,EUR,D11,K,FI	29.1 	32.7 	35.6 	38 	36.8 p	39.1 p	40.7 p	40.2 p
A,EUR,D11,K,FR	31.6 	33.1 	37.3 	39.7 	40.2 	42.7 	44.7 	45.9 
A,EUR,D11,K,HR	11.6 	11.5 	11.6 	13.5 	13.7 	14.5 	15.9 	17.4 
A,EUR,D11,K,HU	12 	11.4 	11.7 	13.9 	14.5 	15 	18.2 	19.4 
A,EUR,D11,K,IE	36.9 	34.6 	35.9 	41.8 	43.6 	44.4 	46.8 	48.7 
A,EUR,D11,K,IS	35.7 	28.2 	47.4 	50.2 	47.5 p	54.6 p	56.3 p	59.2 p
A,EUR,D11,K,IT	33.6 	33.6 	34.7 	36.6 	35.2 	37.3 	38.2 	39.2 
A,EUR,D11,K,LT	8.3 	8.2 	9.9 	16.6 	18.1 	20.4 	22.8 	24.8 
A,EUR,D11,K,LU	48 	52.1 	61.5 	70.5 	72.2 	76.8 	80.8 	82.8 
A,EUR,D11,K,LV	10 	9.9 	12.6 	15.3 	15.8 	16.9 	18.6 	20 
A,EUR,D11,K,ME	: 	10.1 	11.5 	: 	: 	: 	: 	: 
A,EUR,D11,K,MK	: 	7.1 	6.5 	: 	: 	: 	: 	: 
A,EUR,D11,K,MT	17 	: 	20.7 	23.4 	22.5 	24.1 	25.3 	24.7 
A,EUR,D11,K,NL	37 	40.4 	43.4 	44.2 	46.1 	47.6 	50.3 	: @C
A,EUR,D11,K,NO	: 	64 	57.3 	57.4 	63.2 	67.7 	60.7 	63 
A,EUR,D11,K,PL	10.6 	10.5 	11.4 	13.4 	13.9 	15.4 	18 	21.1 
A,EUR,D11,K,PT	26.7 	26.9 	27.3 	27.7 	26.3 	27.3 	27.2 	29.3 
A,EUR,D11,K,RO	8 	7.5 	8.5 	12.9 	13 	14.8 	16.9 	18.7 
A,EUR,D11,K,RS	: 	7.9 	7.8 	9.3 	10 	10.9 	12 	13.5 
A,EUR,D11,K,SE	33.3 	39.4 	39.5 	41.4 	44.3 	44.1 	42.1 	43.7 
A,EUR,D11,K,SI	18.4 	19.3 	21.4 	23.5 	25 	27.1 	29.7 	30.9 
A,EUR,D11,K,SK	0.3 	12.4 	13.4 	16.5 	17.2 	18.6 	19.6 	21.3 
A,EUR,D11,K,TR	: 	14.3 	12.1 	10.6 	9.5 	9.9 	13.7 	19.1 
A,EUR,D11,K,UK	30.6 	32.7 	34.6 	: 	: 	: 	: 	: 
A,EUR,D11,K-N,MT	12.0 	11.7 	14.7 	17.3 	16.9 	17.7 	18.7 	: 
A,EUR,D11,L,MT	8.6 	: 	21.4 	23.5 	23.1 	23.2 	23.2 	: 
A,EUR,D11,M,AL	: 	2.4 	3.0 	: 	: 	: 	: 	: 
A,EUR,D11,M,AT	25.6 	28 	30 	34.2 	32.9 	36.5 	40.2 p	43.5 
A,EUR,D11,M,BA	: 	5.4 	5.7 	: 	: 	: 	: 	: 
A,EUR,D11,M,BE	: 	34.6 	33.4 	35.6 	36 	37.9 	41.4 	42.3 
A,EUR,D11,M,BG	3.4 	4.7 	6.2 	8.7 	9.3 	10.7 	12 	13.8 
A,EUR,D11,M,CH	: 	48.6 	56.5 	: 	: 	: 	: 	: 
A,EUR,D11,M,CY	15.1 	16.9 	16 	16.3 	16.4 	17.3 	18.7 	19.4 
A,EUR,D11,M,CZ	9.9 	10.6 	10.4 	13.7 	14.6 	15.9 	17.7 	18.4 
A,EUR,D11,M,DE	27.7 	30.8 	33 	36.5 	36.8 	40.5 	40.8 	43.6 
A,EUR,D11,M,DK	37.6 	42.6 	45.3 	48.9 	50.7 	51.2 	52.9 	54.8 
A,EUR,D11,M,EA19	24.3 	27.5 	29.1 	32 	32.4 	34.5 	35.6 	37.4 
A,EUR,D11,M,EA20	24.3 	27.4 	28.9 	31.8 	32.2 	34.3 	35.5 	37.2 
A,EUR,D11,M,EE	8.1 	9 	11.5 	13.6 	14.5 	16 	19.4 	20.3 
A,EUR,D11,M,EL	12 	12.3 	12.4 	11.7 	12.2 	14.7 	15.2 	16.2 
A,EUR,D11,M,ES	17.1 	18.1 	19.1 	20.4 	20.8 	21.2 	22.4 	23.7 
A,EUR,D11,M,EU15	25.5 	28.4 	30.0 	33 	: 	: 	: 	: 
A,EUR,D11,M,EU27_2020	22.3 	25.3 	26.8 	29.5 	29.9 	31.9 	33.1 	34.8 
A,EUR,D11,M,EU28	22.2 	25.9 	27.6 	: 	: 	: 	: 	: 
A,EUR,D11,M,FI	25 	30.9 	31.6 	33 	33.9 p	34.2 p	35.1 p	35.4 p
A,EUR,D11,M,FR	26 	29 	30.7 	34.9 	34.9 	36.2 	37.3 	38.2 
A,EUR,D11,M,HR	11.3 	15 	11.5 	12.8 	13.3 	14.4 	16.5 	18.5 
A,EUR,D11,M,HU	8.4 	8.7 	9.4 	11.7 	12.4 	13.3 	15.8 	17.1 
A,EUR,D11,M,IE	29.6 	30.7 	31.1 	33.5 	35.8 	37.3 	38.8 	40.9 
A,EUR,D11,M,IS	22.2 p	24.3 p	36.2 p	36.3 p	41.0 p	46.5 p	48.1 p	50.7 p
A,EUR,D11,M,IT	21.5 	24.9 	24.6 	25.5 	25.8 	26.5 	27.3 	27.9 
A,EUR,D11,M,LT	5.9 	6.1 	7.3 	13.4 	15.6 	18.1 	20.6 	22.4 
A,EUR,D11,M,LU	35.6 	40.4 	42.9 	55.8 	58 	61 	64.3 	66.5 
A,EUR,D11,M,LV	6.4 	7.3 	8.7 	13.2 	14.9 	16.2 	18.1 	20 
A,EUR,D11,M,ME	: 	4.7 	4.5 	: 	: 	: 	: 	: 
A,EUR,D11,M,MK	: 	5.2 	4.7 	: 	: 	: 	: 	: 
A,EUR,D11,M,MT	12.2 	10.9 	16.1 	21.6 	21.1 	21.5 	22.2 	21.7 
A,EUR,D11,M,NL	30 	32.9 	34.8 	37.8 	38.7 	40.2 	42.3 	: @C
A,EUR,D11,M,NO	: 	54.7 	50.3 	48.9 	54.3 	55.9 	52.3 	53.8 
A,EUR,D11,M,PL	7.4 	8.8 	9.7 	11.5 	12.3 	13.3 	15.3 	17.7 
A,EUR,D11,M,PT	: 	15 	14.4 	17.2 	17.4 	18.7 	20.1 	21.3 
A,EUR,D11,M,RO	5.1 	5 	6.8 	10.8 	11.4 	13 	14.5 	16.4 
A,EUR,D11,M,RS	: 	6.8 	6.8 	8 	8.9 	10.8 	12.1 	13.4 
A,EUR,D11,M,SE	27.1 	32.7 	32.5 	33.1 	35.1 	35.3 	34.5 	35.5 
A,EUR,D11,M,SI	15.8 	16.6 	18.6 	21.9 	23.1 	24.4 	27 	28.9 
A,EUR,D11,M,SK	0.2 	9.3 	9.9 	13.6 	13.2 	14.4 	16 	16.7 
A,EUR,D11,M,TR	: 	9.1 	7.8 	4.4 	3.9 	4.1 	5.7 	7.8 
A,EUR,D11,M,UK	: 	27.7 	29.6 	: 	: 	: 	: 	: 
A,EUR,D11,N,AL	: 	1.3 	2.0 	: 	: 	: 	: 	: 
A,EUR,D11,N,AT	15 	16.1 	17.1 	19.3 	20.4 	21.4 	22.8 p	25.1 
A,EUR,D11,N,BA	: 	3.8 	2.7 	: 	: 	: 	: 	: 
A,EUR,D11,N,BE	21.6 	22.7 	22 	23 	23.2 	24.7 	26.5 	27.1 
A,EUR,D11,N,BG	1.1 	1.7 	2.6 	3.9 	4.5 	5.4 	6.1 	7 
A,EUR,D11,N,CH	: 	31.7 	33.3 	: 	: 	: 	: 	: 
A,EUR,D11,N,CY	8.4 	9.1 	7.9 	11.4 	11.8 	12.7 	13.8 	14.7 
A,EUR,D11,N,CZ	4.4 	4.7 	4.9 	7.2 	7.6 	8.2 	9.3 	9.6 
A,EUR,D11,N,DE	12.6 	14.4 	16.4 	19.7 	20.1 	21.9 	23.6 	25 
A,EUR,D11,N,DK	26.7 	29.9 	30.3 	32.6 	33.2 	34.8 	35.9 	37.3 
A,EUR,D11,N,EA19	12.7 d	14.3 	15.1 	17.2 	17.4 	18.3 	19.5 	20.4 
A,EUR,D11,N,EA20	12.7 d	14.3 	15.1 	17.1 	17.4 	18.2 	19.4 	20.3 
A,EUR,D11,N,EE	5.1 	5.4 	6.9 	8.5 	9.1 	9.6 	10.8 	11.8 
A,EUR,D11,N,EL	8.8 	8.1 	8.8 	7.9 	8.3 	9.1 	9.5 	10.2 
A,EUR,D11,N,ES	10.1 	10.5 	10.9 	11.6 	12 	12.1 	13 	13.4 
A,EUR,D11,N,EU15	13.8 	15.2 	16.2 	17.8 	: 	: 	: 	: 
A,EUR,D11,N,EU27_2020	11.7 d	13.2 	13.9 	16 	16.2 	17.1 	18.3 	19.2 
A,EUR,D11,N,EU28	12.4 	13.8 	14.6 	: 	: 	: 	: 	: 
A,EUR,D11,N,FI	12.7 	16.8 	18.6 	19.3 	20.6 p	20.7 p	22.7 p	24.0 p
A,EUR,D11,N,FR	15.8 	17.7 	17.7 	20.3 	20.5 	21.4 	22.5 	23.2 
A,EUR,D11,N,HR	5.2 	4.8 	5.5 	6.6 	6.6 	7.4 	8.7 	9.7 
A,EUR,D11,N,HU	3.8 	4.1 	4.6 	6.1 	6.4 	6.7 	8.1 	8.8 
A,EUR,D11,N,IE	17.6 	17.7 	19.5 	22.7 	24.5 	24.8 	25.9 	27.1 
A,EUR,D11,N,IS	15.0 p	16.9 p	26.6 p	27.7 p	30.9 p	35.8 p	37.0 p	39.7 p
A,EUR,D11,N,IT	12 	13.1 	13.1 	13.5 	13.5 	13.5 	13.5 	13.7 
A,EUR,D11,N,LT	3.6 	3.4 	4.5 	8 	8.5 	10.2 	11.9 	12.8 
A,EUR,D11,N,LU	: 	17.5 	19.9 	25.1 	25.9 	27.2 	29.5 	30.1 
A,EUR,D11,N,LV	4.1 	4.1 	5.6 	7.6 	7.8 	8.3 	8.9 	10.4 
A,EUR,D11,N,ME	: 	3.5 	3.3 	: 	: 	: 	: 	: 
A,EUR,D11,N,MK	: 	2.6 	2.9 	: 	: 	: 	: 	: 
A,EUR,D11,N,MT	8.3 	8.7 	10.8 	11.8 	11.7 	12.4 	13.5 	13.1 
A,EUR,D11,N,NL	15.8 	17.2 	18 	19.9 	19.9 	20.9 	22.8 	: @C
A,EUR,D11,N,NO	: 	36.3 	32.2 	32.4 	35.5 	34.8 	33.3 	35.5 
A,EUR,D11,N,PL	4.6 	4.5 	5 	7 	7.5 	8.1 	9.8 	11.7 
A,EUR,D11,N,PT	5.7 	6.7 	6.6 	7.8 	7.2 	7.5 	8.1 	8.6 
A,EUR,D11,N,RO	1.9 	2 	3.2 	5.6 	5.9 	6.7 	8.1 	8.8 
A,EUR,D11,N,RS	: 	2.9 	3.5 	5.1 	5.4 	6.3 	7.1 	8.1 
A,EUR,D11,N,SE	17.1 	21.2 	21.6 	21.7 	22.8 	22.6 	22.1 	23.3 
A,EUR,D11,N,SI	8.3 	8.9 	10.2 	13.2 	13.8 	15.1 	17 	18.5 
A,EUR,D11,N,SK	0.1 	4.4 	5.3 	7.5 	8.2 	9.2 	10 	10.4 
A,EUR,D11,N,TR	: 	3.3 	4.5 	2.7 	2.5 	2.5 	3.6 	5.2 
A,EUR,D11,N,UK	15.5 	15.8 	17.4 	: 	: 	: 	: 	: 
A,EUR,D11,O-S,MT	: 	: 	15.3 d	19.1 	20.5 	21.0 	21.2 	: 
A,EUR,D11,P,AL	: 	2.2 	2.6 	: 	: 	: 	: 	: 
A,EUR,D11,P,AT	21.7 	23.3 	24.4 	28.3 	27.8 	29.9 	30.9 p	34.9 
A,EUR,D11,P,BA	: 	5.6 	5.8 	: 	: 	: 	: 	: 
A,EUR,D11,P,BE	24.2 	36.7 	46.9 	50.3 	50.8 	53.4 	58.4 	59.6 
A,EUR,D11,P,BG	2.3 	2.9 	3.6 	6.2 	7 	7.8 	9.1 	10.4 
A,EUR,D11,P,CH	: 	48.8 	51.3 	: 	: 	: 	: 	: 
A,EUR,D11,P,CY	29.3 	21.9 	24.8 	26.3 	26.3 	27.5 	29.4 	30 
A,EUR,D11,P,CZ	6.4 	7 	7.1 	11 	11.9 	12.6 	13.5 	13 
A,EUR,D11,P,DE	22.4 	24.8 	26.2 	29.3 	29.6 	29.1 	29.7 	31.1 
A,EUR,D11,P,DK	31.3 	34.7 	36.4 	39.5 	40.2 	40.9 	41.7 	44 
A,EUR,D11,P,EA19	25.2 d	22.7 d	24.2 	26.3 	26.5 	26.8 	27.9 	29.1 
A,EUR,D11,P,EA20	25.1 d	22.4 d	23.9 	26 	26.2 	26.5 	27.6 	28.9 
A,EUR,D11,P,EE	5.3 	5.4 	7.6 	10.2 	10.6 	11.4 	13.3 	14.3 
A,EUR,D11,P,EL	20.6 	14.5 	16.3 	13.3 	14 	13.5 	14.4 	14.9 
A,EUR,D11,P,ES	17.5 	17.9 	18.2 	19.2 	18.9 	19.6 	20.3 	20.9 
A,EUR,D11,P,EU15	25.4 	24.3 	26.6 	27.5 	: 	: 	: 	: 
A,EUR,D11,P,EU27_2020	19.7 	18.8 d	20.4 	22.5 	22.8 	23.1 	24.3 	25.8 
A,EUR,D11,P,EU28	20.3 	19.9 	22.1 	: 	: 	: 	: 	: 
A,EUR,D11,P,FI	23.1 	26.6 	29.3 	30.3 	30.0 p	30.9 p	32.0 p	33.3 p
A,EUR,D11,P,FR	: 	22.4 	23.6 	26.3 	: @C	: @C	: @C	: @C
A,EUR,D11,P,HR	8.3 	8.6 	8.3 	9.7 	10.3 	10.9 	12.4 	15.2 
A,EUR,D11,P,HU	5.8 	4.9 	6.3 	7.5 	8.1 	8.5 	10.2 	12.5 
A,EUR,D11,P,IE	39.8 	41.6 	41.8 	45.7 	47.2 	49.4 	50.7 	52.9 
A,EUR,D11,P,IS	15.1 	16.2 	26.4 	28.4 	30.7 p	34.9 p	36.0 p	38.3 p
A,EUR,D11,P,IT	21.6 	27 	26.3 	26.5 	26.6 	26.6 	26.7 	27.9 
A,EUR,D11,P,LT	4.2 	4.7 	5.1 	9.1 	10.1 	11.6 	13.3 	15.2 
A,EUR,D11,P,LU	34.4 	38.2 	43.1 	45.5 	45.5 	47.7 	51 	52.3 
A,EUR,D11,P,LV	4.8 	4.1 	5.1 	6.7 	7.5 	8.2 	9.4 	10.8 
A,EUR,D11,P,ME	: 	4.7 	5.6 	: 	: 	: 	: 	: 
A,EUR,D11,P,MK	: 	3.3 	3.6 	: 	: 	: 	: 	: 
A,EUR,D11,P,NL	27 	30 	32.4 	34.5 	33.9 	35.6 	38.7 	: @C
A,EUR,D11,P,NO	: 	41.7 	38 	38.2 	40 	42 	39.4 	40.3 
A,EUR,D11,P,PL	7.3 	8.7 	9.2 	10.9 	11.3 	11.7 	13.5 	17.6 
A,EUR,D11,P,PT	15.5 	14.5 	16.7 	17.7 	18 	18.7 	19.7 	20.7 
A,EUR,D11,P,RO	3.8 	2.8 	4.3 	9.4 	9.2 	9.6 	11.7 	14.5 
A,EUR,D11,P,RS	: 	4.5 	4 	6 	6.1 	6.7 	7.6 	8.8 
A,EUR,D11,P,SE	18.2 	21.1 	21.6 	22.3 	23.7 	23.1 	22 	22.9 
A,EUR,D11,P,SI	13.7 	14.1 	14.2 	18.5 	19.8 	19.1 	20.9 	21.8 
A,EUR,D11,P,SK	0.1 	5.7 	7.2 	10.7 	10.8 	11 	12.1 	13.1 
A,EUR,D11,P,TR	: 	6.2 	8.3 	5.5 	: 	: 	: 	: 
A,EUR,D11,P,UK	22.4 	24.5 	29.4 	: 	: 	: 	: 	: 
A,EUR,D11,P-S,AL	: 	2.1 	2.5 	: 	: 	: 	: 	: 
A,EUR,D11,P-S,AT	19.7 	21.5 	23.2 	26.5 	26.5 	28.4 	29.9 p	33.7 
A,EUR,D11,P-S,BA	: 	5.8 	5.8 	: 	: 	: 	: 	: 
A,EUR,D11,P-S,BE	23.2 	26.8 	32.4 	34.7 	35 	37.4 	40.3 	41.3 
A,EUR,D11,P-S,BG	2.2 	2.8 	3.6 	5.8 	6.7 	7.3 	8.2 	9.5 
A,EUR,D11,P-S,CH	: 	40.8 	43.9 	: 	: 	: 	: 	: 
A,EUR,D11,P-S,CY	22.5 	15.9 	19 	19.8 	19.9 	20.8 	22.4 	23.2 
A,EUR,D11,P-S,CZ	6.1 	6.9 	7.1 	11.1 	12.3 	12.5 	13.5 	13.5 
A,EUR,D11,P-S,DE	19.9 	21.9 	23.9 	27 	27.4 	28 	29.1 	30.7 
A,EUR,D11,P-S,DK	28.6 	32 	33.6 	36.6 	37.2 	38 	38.7 	40.6 
A,EUR,D11,P-S,EA19	18.8 d	20.5 	21.8 	24.3 	24.6 	25.2 	26.3 	27.5 
A,EUR,D11,P-S,EA20	18.7 d	20.4 	21.6 	24.1 	24.4 	25 	26.1 	27.4 
A,EUR,D11,P-S,EE	5.4 	5.5 	7.5 	10.2 	10.9 	11.6 	13.6 	14.6 
A,EUR,D11,P-S,EL	16.1 	13 	13.3 	11 	11.2 	11 	11.4 	11.6 
A,EUR,D11,P-S,ES	16.5 	16.8 	17.4 	18.6 	18.6 	19 	19.8 	20.5 
A,EUR,D11,P-S,EU15	20.2 	21.8 	23.4 	25.2 	: 	: 	: 	: 
A,EUR,D11,P-S,EU27_2020	16.5 	18.1 	19.4 	21.9 	22.2 	22.9 	23.9 	25.3 
A,EUR,D11,P-S,EU28	17.4 	18.9 	20.5 	: 	: 	: 	: 	: 
A,EUR,D11,P-S,FI	19.8 	22.9 	24.3 	25.6 	26.8 p	27.6 p	28.2 p	29.1 p
A,EUR,D11,P-S,FR	18.3 d	20.3 	20.8 	23.9 	24.5 	25.3 	26.5 	27.2 
A,EUR,D11,P-S,HR	8.5 	8.6 	8.5 	9.9 	10.3 	11 	12.6 	15.4 
A,EUR,D11,P-S,HU	5.3 	4.3 	4.6 	6.7 	7.5 	8.2 	9.8 	11.2 
A,EUR,D11,P-S,IE	31.7 	31.8 	29.8 	33.4 	34.2 	35.8 	37.4 	38.9 
A,EUR,D11,P-S,IS	15.2 d	16.3 d	25.9 d	28.2 d	31.7 p	36.3 p	37.3 p	39.6 p
A,EUR,D11,P-S,IT	21.4 	23.1 	22.8 	23.8 	23.7 	23.7 	23.8 	24.7 
A,EUR,D11,P-S,LT	4.1 	4.4 	5.1 	9.9 	11.1 	12.5 	14 	15.9 
A,EUR,D11,P-S,LU	29.6 	32.7 	35.7 	45.6 	47.1 	49 	52.1 	53 
A,EUR,D11,P-S,LV	4.6 	4.1 	5.2 	7.4 	8.7 	9.1 	10.1 	11.2 
A,EUR,D11,P-S,ME	: 	4.4 	5.4 	: 	: 	: 	: 	: 
A,EUR,D11,P-S,MK	: 	3.4 	3.7 	: 	: 	: 	: 	: 
A,EUR,D11,P-S,MT	10.9 	12.6 	15.3 	19.1 	20.3 	20.5 	20.6 	23.2 
A,EUR,D11,P-S,NL	23.6 	25.4 	28.3 	31.9 	31.6 	32.4 	34.9 	36.9 
A,EUR,D11,P-S,NO	: 	43.2 	38.5 	39.4 	41.7 	43.1 	40.7 	41.7 
A,EUR,D11,P-S,PL	6.7 	7.1 	7.7 	9.8 	10.5 	10.9 	12.8 	16.2 
A,EUR,D11,P-S,PT	12.3 	12.1 	13.1 	14.4 	14.5 	15 	15.9 	17.2 
A,EUR,D11,P-S,RO	3.6 	2.8 	4.3 	9.5 	9.5 	9.9 	11.2 	13.2 
A,EUR,D11,P-S,RS	: 	4.3 	4 	5.9 	6.3 	6.9 	7.8 	8.9 
A,EUR,D11,P-S,SE	18.6 	22.5 	22.5 	23.3 	24.6 	24.1 	23.1 	23.9 
A,EUR,D11,P-S,SI	13.2 	13.8 	14.2 	18.4 	19.4 	18.8 	20.6 	21.4 
A,EUR,D11,P-S,SK	0.1 	5.8 	7.1 	10.3 	11 	11.3 	12.5 	13.5 
A,EUR,D11,P-S,TR	: 	6.6 	7.3 	5.3 	: 	: 	: 	: 
A,EUR,D11,P-S,UK	20.7 d	22.1 	25.1 	: 	: 	: 	: 	: 
A,EUR,D11,Q,AL	: 	1.9 	2.4 	: 	: 	: 	: 	: 
A,EUR,D11,Q,AT	19.5 	21.1 	23.3 	26.2 	26.4 	28.5 	30.0 p	34.5 
A,EUR,D11,Q,BA	: 	6.4 	6.4 	: 	: 	: 	: 	: 
A,EUR,D11,Q,BE	22.7 	23.7 	26.2 	27.9 	28.2 	30.5 	32.4 	33.4 
A,EUR,D11,Q,BG	2.2 	2.9 	3.9 	5.7 	6.9 	7.2 	7.8 	8.9 
A,EUR,D11,Q,CH	: 	36.1 	41.0 	: 	: 	: 	: 	: 
A,EUR,D11,Q,CY	15.1 	12.4 	14.9 	13.3 	13.3 	13.5 	14.9 	15.7 
A,EUR,D11,Q,CZ	6.1 	7.1 	7.4 	11.8 	13.5 	13.2 	14.2 	14.7 
A,EUR,D11,Q,DE	18.7 	20.8 	22.7 	25.9 	26.3 	27.4 	28.8 	30.5 
A,EUR,D11,Q,DK	26.7 	30.2 	32 	34.9 	35.3 	36.2 	36.9 	38.8 
A,EUR,D11,Q,EA19	18.5 	19.7 d	20.8 	23.4 	23.8 	24.7 	25.8 	27 
A,EUR,D11,Q,EA20	18.5 	19.6 d	20.7 	23.3 	23.7 	24.6 	25.7 	27 
A,EUR,D11,Q,EE	5.7 	5.8 	7.9 	10.7 	11.9 	12.6 	14.9 	16.3 
A,EUR,D11,Q,EL	13 	11.8 	11 	9.8 	9.5 	9.8 	9.4 	9.2 
A,EUR,D11,Q,ES	17.5 	17.3 	18 	19 	19.2 	19.6 	20.5 	21.3 
A,EUR,D11,Q,EU15	19.4 	20.7 	21.9 	24.2 	: 	: 	: 	: 
A,EUR,D11,Q,EU27_2020	16.9 	18.0 d	19 	21.8 	22.2 	23.1 	24.2 	25.4 
A,EUR,D11,Q,EU28	17.4 	18.6 	19.7 	: 	: 	: 	: 	: 
A,EUR,D11,Q,FI	18.4 	21.3 	22.4 	24.1 	25.8 p	26.7 p	27.1 p	27.8 p
A,EUR,D11,Q,FR	18 	19 	19.5 	22.7 	: @C	: @C	: @C	: @C
A,EUR,D11,Q,HR	9 	8.9 	8.8 	10.4 	10.8 	11.5 	13.4 	16.6 
A,EUR,D11,Q,HU	4.7 	3.5 	3.3 	5.9 	6.9 	8 	9.4 	10.1 
A,EUR,D11,Q,IE	30 	29 	25.8 	28.4 	28.9 	30.4 	32.1 	33.3 
A,EUR,D11,Q,IS	15.5 	16.9 	25.9 	28.5 	32.5 p	37.4 p	38.4 p	40.6 p
A,EUR,D11,Q,IT	21.9 	20.9 	20.8 	21.6 	21.4 	21.5 	21.5 	22.1 
A,EUR,D11,Q,LT	4.3 	4.3 	5.2 	11.6 	13.2 	14.3 	15.6 	17.8 
A,EUR,D11,Q,LU	30.2 	33 	35.5 	45.9 	47.9 	49.7 	52.8 	53.8 
A,EUR,D11,Q,LV	4.5 	4.1 	5.2 	8.6 	10.9 	11.1 	11.7 	12.5 
A,EUR,D11,Q,ME	: 	4.2 	5.6 	: 	: 	: 	: 	: 
A,EUR,D11,Q,MK	: 	3.5 	3.9 	: 	: 	: 	: 	: 
A,EUR,D11,Q,MT	9.6 	: 	15.3 	15.7 	17.8 	19.5 	19.8 	20.8 
A,EUR,D11,Q,NL	22.3 	23.8 	26.9 	31.1 	30.9 	31.6 	33.8 	: @C
A,EUR,D11,Q,NO	: 	44.4 	39.3 	41.3 	43.7 	44.8 	42 	43.4 
A,EUR,D11,Q,PL	6.2 	5.8 	6.3 	8.9 	10 	10.6 	12.6 	15.3 
A,EUR,D11,Q,PT	9.6 	10.3 	10.7 	12.1 	12 	12.5 	13.4 	15.2 
A,EUR,D11,Q,RO	3.5 	2.9 	4.6 	10.5 	10.5 	10.8 	11.6 	13.1 
A,EUR,D11,Q,RS	: 	4.2 	4 	6.1 	6.9 	7.4 	8.2 	9.3 
A,EUR,D11,Q,SE	18.9 	23.4 	23.1 	23.9 	25.2 	24.9 	23.8 	24.6 
A,EUR,D11,Q,SI	12.5 	13.5 	14.1 	18.4 	19.2 	18.5 	20.1 	20.9 
A,EUR,D11,Q,SK	0.2 	6.1 	7.5 	10.5 	11.9 	12.3 	13.9 	15 
A,EUR,D11,Q,TR	: 	7.1 	6.9 	5 	: 	: 	: 	: 
A,EUR,D11,Q,UK	19.8 	21 	22.7 	: 	: 	: 	: 	: 
A,EUR,D11,R,AL	: 	2.0 	2.2 	: 	: 	: 	: 	: 
A,EUR,D11,R,AT	18.4 	22.3 	22.8 	27.4 	24 	26.7 	28.4 p	29.8 
A,EUR,D11,R,BA	: 	3.9 	3.5 	: 	: 	: 	: 	: 
A,EUR,D11,R,BE	19.3 	20.8 	23.5 	24.1 	24.3 	26.2 	28.3 	29 
A,EUR,D11,R,BG	1.7 	2.4 	3.1 	4.7 	5.4 	6.3 	7.1 	8.4 
A,EUR,D11,R,CH	: 	39.3 	40.4 	: 	: 	: 	: 	: 
A,EUR,D11,R,CY	10.8 	12 	12.9 	13.2 	13.5 	16 	16.3 	17.2 
A,EUR,D11,R,CZ	5.3 	5.8 	6.1 	9.6 	9.8 	9.7 	11 	11 
A,EUR,D11,R,DE	20.3 	20.9 	23.2 	27.9 	28.8 	28.6 	30 	32.2 
A,EUR,D11,R,DK	29.1 	32.2 	32.1 	35.2 	36.8 	36.5 	37.4 	39.1 
A,EUR,D11,R,EA19	16.3 d	19.1 	19.8 	23.5 	23.6 	23.1 	24.1 	25.5 
A,EUR,D11,R,EA20	16.3 d	18.8 	19.5 	23.1 	23.2 	22.8 	23.8 	25.1 
A,EUR,D11,R,EE	4.7 	4.9 	6.2 	8.6 	9.3 	9.9 	11.9 	11.7 
A,EUR,D11,R,EL	10.8 	11.8 	11.4 	9.2 	8.9 	8.3 	9.2 	9.9 
A,EUR,D11,R,ES	12.6 	13 	13.9 	16.8 	16.7 	15.6 	16.2 	17 
A,EUR,D11,R,EU15	18.5 	20.7 	22.7 	25.3 	: 	: 	: 	: 
A,EUR,D11,R,EU27_2020	14.0 d	15.7 	16.5 	19.3 	19.5 	19.3 	20.3 	21.5 
A,EUR,D11,R,EU28	13.8 	17.0 	18.6 	: 	: 	: 	: 	: 
A,EUR,D11,R,FI	17.5 	20.8 	22 	24 	24.3 p	24.9 p	25.4 p	26.4 p
A,EUR,D11,R,FR	20.6 	24 	24.3 	26.4 	26.4 	25.9 	26.2 	26.6 
A,EUR,D11,R,HR	7.5 	7.7 	7.8 	8.9 	9 	9.6 	11 	12.9 
A,EUR,D11,R,HU	5.1 	5 	5.3 	7.9 	8.4 	9.1 	10.7 	11.5 
A,EUR,D11,R,IE	18 	19.9 	21.4 	23.7 	25.2 	25.5 	26.6 	27.3 
A,EUR,D11,R,IS	13.2 	14.2 	23.2 	25.4 	30.1 p	34.3 p	35.2 p	37.4 p
A,EUR,D11,R,IT	16.2 	28.3 	25.5 	34.8 	34.6 	32.7 	33.7 	36.7 
A,EUR,D11,R,LT	3.3 	3.2 	4.2 	7.9 	8.7 	9.9 	11.6 	13 
A,EUR,D11,R,LU	25.8 	29.4 	36.1 	40.5 	39.8 	41 	43.8 	44.4 
A,EUR,D11,R,LV	4.3 	3.8 	5 	7 	7.8 	8.2 	9.1 	10.1 
A,EUR,D11,R,ME	: 	3.7 	4.4 	: 	: 	: 	: 	: 
A,EUR,D11,R,MK	: 	3.1 	3.4 	: 	: 	: 	: 	: 
A,EUR,D11,R,MT	9.3 	13.6 	17.2 	23.5 	23.7 	24 	22.9 	25.1 
A,EUR,D11,R,NL	21.7 	22.7 	23.8 	30.9 	29.4 	26.9 	28.3 	: @C
A,EUR,D11,R,NO	: 	39.8 	34.8 	31.9 	34.7 	36.7 	34.8 	36 
A,EUR,D11,R,PL	5.8 	5.6 	6.2 	7.7 	7.9 	8.8 	10.5 	12.6 
A,EUR,D11,R,PT	: 	12.6 	11.9 	18.5 	19.5 	18.3 	18.9 	19.9 
A,EUR,D11,R,RO	3.1 	2.4 	3.3 	7.1 	7.2 	7.8 	8.7 	9.6 
A,EUR,D11,R,RS	: 	3.5 	3.4 	4.6 	4.8 	5.6 	6.4 	7.2 
A,EUR,D11,R,SE	17.9 	21.8 	21.7 	22.8 	23.6 	22.8 	21.9 	23.2 
A,EUR,D11,R,SI	14.3 	14.1 	15.3 	19.1 	20.1 	20.4 	22.7 	23.5 
A,EUR,D11,R,SK	0.1 	4.9 	5.7 	9.1 	10.3 	10.2 	10.4 	11.2 
A,EUR,D11,R,TR	: 	6.5 	6.6 	9.2 	: 	: 	: 	: 
A,EUR,D11,R,UK	: 	20.2 	24.6 	: 	: 	: 	: 	: 
A,EUR,D11,S,AL	: 	1.7 	2.4 	: 	: 	: 	: 	: 
A,EUR,D11,S,AT	16.9 	19.5 	21.1 	23.7 	25.6 	26.4 	28.2 p	31.1 
A,EUR,D11,S,BA	: 	6.2 	6.0 	: 	: 	: 	: 	: 
A,EUR,D11,S,BE	22.6 	23.6 	30.1 	31.9 	32.2 	34 	37.2 	37.9 
A,EUR,D11,S,BG	1.5 	2.2 	2.7 	4.1 	4.5 	5.3 	5.7 	7 
A,EUR,D11,S,CH	: 	37.7 	41.4 	: 	: 	: 	: 	: 
A,EUR,D11,S,CY	9.3 	10.5 	11.7 	10.8 	11.1 	11.8 	12.6 	13.4 
A,EUR,D11,S,CZ	5.2 	5.8 	6 	8.1 	8.7 	8.7 	10.2 	10.4 
A,EUR,D11,S,DE	18.3 	20.5 	23.5 	25.5 	26 	26.5 	27.2 	28.6 
A,EUR,D11,S,DK	33.9 	36.5 	37.8 	41.5 	42.8 	43.2 	44.1 	45.8 
A,EUR,D11,S,EA19	16.6 	18.7 d	20.1 d	22.1 	22.3 	22.8 	23.7 	24.9 
A,EUR,D11,S,EA20	16.7 	18.7 d	20.1 d	21.9 	22.1 	22.6 	23.5 	24.6 
A,EUR,D11,S,EE	5.5 	5.7 	6 	8.7 	9.2 	9.3 	10 	11.1 
A,EUR,D11,S,EL	11.2 	10.2 	7.7 	8.9 	9.2 	8.6 	9.1 	10 
A,EUR,D11,S,ES	11.1 	12.7 	12 	13.7 	13.6 	13.8 	14.5 	15.1 
A,EUR,D11,S,EU15	18.0 	19.9 	21.1 	23 	: 	: 	: 	: 
A,EUR,D11,S,EU27_2020	16 	17.8 d	19.1 d	20.9 	21.1 	21.6 	22.5 	23.6 
A,EUR,D11,S,EU28	16.5 	18.4 	19.5 	: 	: 	: 	: 	: 
A,EUR,D11,S,FI	19.1 	26.1 	26.8 	23.8 	28.3 p	28.2 p	29.4 p	31.1 p
A,EUR,D11,S,FR	: @C	: @C	: @C	: @C	: @C	: @C	: @C	: @C
A,EUR,D11,S,HR	7.5 	7.9 	8.8 	8.3 	8.3 	9.4 	10.9 	11.8 
A,EUR,D11,S,HU	4.6 	4 	4.7 	6.4 	6.4 	7.1 	8.3 	9.3 
A,EUR,D11,S,IE	20 	20 	20.9 	21.7 	22.4 	22.7 	24.3 	25.2 
A,EUR,D11,S,IS	18.6 p	20.8 p	31.7 p	31.9 p	36.0 p	39.7 p	40.6 p	43.3 p
A,EUR,D11,S,IT	13.5 	13.9 	13.7 	14.6 	14.3 	14.4 	14.9 	15 
A,EUR,D11,S,LT	3.5 	3.5 	4.8 	8.7 	9.7 	11 	12 	13.4 
A,EUR,D11,S,LU	21.1 	26.5 	28.2 	36.6 	36.5 	38 	40.2 	41 
A,EUR,D11,S,LV	3.1 	4 	5.7 	8.5 	8.9 	9.1 	10.3 	11.9 
A,EUR,D11,S,ME	: 	4.9 	4.4 	: 	: 	: 	: 	: 
A,EUR,D11,S,MK	: 	3.8 	5.0 	: 	: 	: 	: 	: 
A,EUR,D11,S,MT	7.5 	: 	10.6 	12.8 	13.2 	13.9 	16.3 	16.4 
A,EUR,D11,S,NL	21.7 	24.3 	26.5 	29.6 	30.1 	30.8 	32.9 	: @C
A,EUR,D11,S,NO	: 	41.2 	35.3 	37.7 	40.9 	41.3 	43.6 	40.5 
A,EUR,D11,S,PL	6.8 	4.7 	6.3 	6.8 	7.4 	7.4 	8.8 	10.3 
A,EUR,D11,S,PT	10.1 	10 	10.6 	10.2 	10.9 	10.6 	11.5 	12.2 
A,EUR,D11,S,RO	1.8 	1.9 	3 	5.4 	5.5 	6.6 	7.2 	8.5 
A,EUR,D11,S,RS	: 	4.3 	3.7 	5.1 	5.1 	5.7 	6.4 	7.3 
A,EUR,D11,S,SE	19.1 	23.4 	22.8 	23.5 	24.7 	23.9 	23.3 	23.8 
A,EUR,D11,S,SI	11.3 	11.3 	12.9 	15 	15.3 	15.9 	18.2 	19.5 
A,EUR,D11,S,SK	0.1 	4.7 	5.1 	6.8 	7.4 	7.8 	8.6 	8.9 
A,EUR,D11,S,TR	: 	4.8 	5.1 	3.5 	: 	: 	: 	: 
A,EUR,D11,S,UK	19.2 	20.7 	21.4 	: 	: 	: 	: 	: 
A,EUR,D12_D4_MD5,B,AL	: 	0.4 	0.5 	: 	: 	: 	: 	: 
A,EUR,D12_D4_MD5,B,AT	8.6 	10.8 	11.2 	12.4 	12.3 	11.8 	12.8 p	14 
A,EUR,D12_D4_MD5,B,BA	: 	0.7 	0.8 	: 	: 	: 	: 	: 
A,EUR,D12_D4_MD5,B,BE	: 	15.7 	11.2 	11.1 	11.3 	12.1 	12.9 	13.2 
A,EUR,D12_D4_MD5,B,BG	1.2 	1.5 	1.8 	1.5 	1.5 	1.8 	2 	2.1 
A,EUR,D12_D4_MD5,B,CH	: 	9.4 	11.0 	: 	: 	: 	: 	: 
A,EUR,D12_D4_MD5,B,CY	2.5 	2.6 	2.5 	3.2 	3.8 	3.8 	4.1 	4.4 
A,EUR,D12_D4_MD5,B,CZ	3.5 	4 	3.7 	4.8 	5.7 	5.3 	6 	6 
A,EUR,D12_D4_MD5,B,DE	10.8 	13.9 	11.9 	10.2 	10.2 	12.2 	12.8 	13.3 
A,EUR,D12_D4_MD5,B,DK	5.1 	6.5 	6.4 	7.2 	: @C	: @C	: @C	: @C
A,EUR,D12_D4_MD5,B,EA	8.1 	10.0 	9.3 	11.5 	: 	: 	: 	: 
A,EUR,D12_D4_MD5,B,EA19	8.6 	10.3 	10.1 	9.7 	9.5 	10.3 	10.8 	11.2 
A,EUR,D12_D4_MD5,B,EA20	8.5 	10.1 	10 	9.5 d	9.3 	10.1 	10.6 	11 
A,EUR,D12_D4_MD5,B,EE	2.5 	: 	3.5 	4.4 	4.7 	5.2 	5.6 	5.8 
A,EUR,D12_D4_MD5,B,EL	4.2 	5.3 	5.6 	3.5 	3.3 	3.1 	3 	3.6 
A,EUR,D12_D4_MD5,B,ES	6.7 	7.9 	8.8 	10.2 	9.4 	8.5 	10.2 	10.3 
A,EUR,D12_D4_MD5,B,EU15	8.9 	10.6 	10.7 d	10.7 	: 	: 	: 	: 
A,EUR,D12_D4_MD5,B,EU27_2020	5.3 	6 	6.3 	6.2 	6.3 	6.8 	7.4 	7.7 
A,EUR,D12_D4_MD5,B,EU28	5.4 	6.3 	6.6 	: 	: 	: 	: 	: 
A,EUR,D12_D4_MD5,B,FI	6.5 	7.1 	6.2 	5.8 	8.4 p	8.0 p	7.8 p	7.3 p
A,EUR,D12_D4_MD5,B,FR	11.3 	11.3 	12.4 	12.3 	12.4 	12.5 	12.8 	13.5 
A,EUR,D12_D4_MD5,B,HR	2 	2.5 	3.2 	2 	1.9 	1.9 	2.2 	2.3 
A,EUR,D12_D4_MD5,B,HU	2.6 	2.4 	2.2 	1.8 	1.7 	1.5 	1.8 	2 
A,EUR,D12_D4_MD5,B,IE	5.2 	5.3 	7.5 	5 	5.1 	6.3 	6.7 	6.5 
A,EUR,D12_D4_MD5,B,IS	: @C	: @C	: @C	: @C	: @C	: @C	: @C	: @C
A,EUR,D12_D4_MD5,B,IT	12.3 	13.5 	12.6 	12.5 	11.8 	12.4 	12.7 	12.5 
A,EUR,D12_D4_MD5,B,LT	2 	1.8 	2.4 	0.5 	0.6 	0.5 	0.6 	0.6 
A,EUR,D12_D4_MD5,B,LU	: 	3.2 	3.7 	4.4 	4.3 	4.4 	4.8 	4.9 
A,EUR,D12_D4_MD5,B,LV	1.3 	1.2 	1.7 	2.4 	2.2 	2.5 	2.8 	3.2 
A,EUR,D12_D4_MD5,B,ME	: 	1.5 	1.0 	: 	: 	: 	: 	: 
A,EUR,D12_D4_MD5,B,MK	: 	0.2 	0.2 	: 	: 	: 	: 	: 
A,EUR,D12_D4_MD5,B,MT	: 	: 	0.7 	0.9 	1 	1 	1 	0.9 
A,EUR,D12_D4_MD5,B,NL	11.9 	11.2 	16 	16.5 	15.2 	20.5 	20.8 	: @C
A,EUR,D12_D4_MD5,B,NO	: 	20.4 	18.8 	19.4 	20.5 	22.8 	27.2 	27.2 
A,EUR,D12_D4_MD5,B,PL	3 	3.5 	3.4 	3.9 	4 	4.8 	5.7 	6.5 
A,EUR,D12_D4_MD5,B,PT	2.3 	2.6 	3.1 	3.8 	4 	4.1 	4.3 	4.7 
A,EUR,D12_D4_MD5,B,RO	3.1 	2.3 	2.6 	1.4 	1.5 	1.1 	1.2 	1.4 
A,EUR,D12_D4_MD5,B,RS	: 	0.7 	0.7 	1.2 	1.3 	1.4 	1.6 	1.7 
A,EUR,D12_D4_MD5,B,SE	11.6 	16.3 	17.4 	16.1 	17.8 	17.6 	17.2 	17.9 
A,EUR,D12_D4_MD5,B,SI	4.5 	4.4 	5.1 	4.1 	4.7 	5.1 	5.5 	5.9 
A,EUR,D12_D4_MD5,B,SK	0.1 	2.8 	3.3 	3.8 	3.8 	5 	4.9 	6.2 
A,EUR,D12_D4_MD5,B,TR	: 	1.7 	1.6 	0.8 	0.8 	0.8 	1.3 	1.8 
A,EUR,D12_D4_MD5,B,UK	6.7 	8.5 	8.9 	: 	: 	: 	: 	: 
A,EUR,D12_D4_MD5,B-E,AL	: 	0.3 	0.3 	: 	: 	: 	: 	: 
A,EUR,D12_D4_MD5,B-E,AT	7.8 	8.8 	9.5 	10.7 	10.9 	11.4 	12.4 p	13.3 
A,EUR,D12_D4_MD5,B-E,BA	: 	0.4 	0.4 	: 	: 	: 	: 	: 
A,EUR,D12_D4_MD5,B-E,BE	12.8 	13.8 	11.8 	11.2 	11.4 	12.2 	13 	13.4 
A,EUR,D12_D4_MD5,B-E,BG	0.5 	0.6 	0.7 	0.8 	0.9 	1 	1.2 	1.3 
A,EUR,D12_D4_MD5,B-E,CH	: 	10.3 	10.7 	: 	: 	: 	: 	: 
A,EUR,D12_D4_MD5,B-E,CY	2.5 	2.8 	2 	2.5 	2.6 	2.7 	2.9 	3.1 
A,EUR,D12_D4_MD5,B-E,CZ	2.5 	2.7 	2.8 	4 	4.4 	4.8 	5.4 	5.4 
A,EUR,D12_D4_MD5,B-E,DE	7.2 	7.8 	8.4 	9.5 	9.5 	10.6 	10.9 	11.3 
A,EUR,D12_D4_MD5,B-E,DK	4.4 	5.2 	5.7 	5.8 	6.4 	6.7 	6.9 	7.1 
A,EUR,D12_D4_MD5,B-E,EA19	7.1 	8 	8 	8.8 	8.8 	9.4 	9.8 	10.2 
A,EUR,D12_D4_MD5,B-E,EA20	7.1 	7.9 	7.9 	8.6 	8.6 	9.3 	9.7 	10.1 
A,EUR,D12_D4_MD5,B-E,EE	2 	2.3 	2.8 	3.4 	3.6 	4.1 	4.4 	4.8 
A,EUR,D12_D4_MD5,B-E,EL	4.1 	4 	3.6 	3.3 	3.1 	3.2 	3.4 	3.7 
A,EUR,D12_D4_MD5,B-E,ES	5.6 	6.2 	6 	6.7 	6.7 	6.7 	7.1 	7.5 
A,EUR,D12_D4_MD5,B-E,EU15	7.6 	8.5 	8.0 	9.2 	: 	: 	: 	: 
A,EUR,D12_D4_MD5,B-E,EU27_2020	5.7 	6.4 	6.5 	7 	7.1 	7.6 	7.9 	8.3 
A,EUR,D12_D4_MD5,B-E,EU28	5.6 	6.4 	6.3 	: 	: 	: 	: 	: 
A,EUR,D12_D4_MD5,B-E,FI	7 	7.5 	8.1 	6.8 	6.8 p	7.1 p	7.4 p	7.3 p
A,EUR,D12_D4_MD5,B-E,FR	11 	12.4 	11.7 	13.3 	13.2 	13.6 	14.1 	14.8 
A,EUR,D12_D4_MD5,B-E,HR	1.4 	1.4 	1.5 	1.2 	1.3 	1.4 	1.5 	1.8 
A,EUR,D12_D4_MD5,B-E,HU	2.3 	1.9 	2.1 	1.8 	1.8 	1.6 	1.9 	2 
A,EUR,D12_D4_MD5,B-E,IE	4.9 	5.5 	5.7 	4.7 	5.3 	6.3 	6.6 	7.2 
A,EUR,D12_D4_MD5,B-E,IS	3.4 d	4.5 d	6.9 d	8.0 d	8.6 p	9.9 p	10.3 p	11.0 p
A,EUR,D12_D4_MD5,B-E,IT	7.1 	7.7 	7.8 	8.5 	8.2 	8.5 	8.8 	9.2 
A,EUR,D12_D4_MD5,B-E,LT	1.6 	1.5 	2 	0.1 	0.4 	0.5 	0.6 	0.6 
A,EUR,D12_D4_MD5,B-E,LU	4.1 	4.6 	4.7 	6.2 	6.1 	6.3 	6.8 	6.9 
A,EUR,D12_D4_MD5,B-E,LV	1.2 	1.3 	1.7 	2.3 	2.3 	2.6 	2.8 	3.1 
A,EUR,D12_D4_MD5,B-E,ME	: 	1.8 	0.8 	: 	: 	: 	: 	: 
A,EUR,D12_D4_MD5,B-E,MK	: 	0.2 	0.1 	: 	: 	: 	: 	: 
A,EUR,D12_D4_MD5,B-E,MT	1.2 	1 	1 	0.1 	0.1 	0.9 	1.3 	1.5 
A,EUR,D12_D4_MD5,B-E,NL	7.2 	8.1 	8.2 	8.4 	8.7 	9.9 	10.6 	11.3 
A,EUR,D12_D4_MD5,B-E,NO	: 	12.7 	10.9 	11.1 	11.9 	12.5 	13.9 	14.1 
A,EUR,D12_D4_MD5,B-E,PL	1.4 	1.5 	1.7 	2 	2.1 	2.3 	2.7 	3.1 
A,EUR,D12_D4_MD5,B-E,PT	2.1 	2.2 	2.3 	2.4 	2.5 	2.7 	2.8 	3 
A,EUR,D12_D4_MD5,B-E,RO	0.9 	1 	1 	0.5 	0.5 	0.5 	0.6 	0.6 
A,EUR,D12_D4_MD5,B-E,RS	: 	0.8 	0.8 	0.8 	1.2 	1.5 	1.7 	1.9 
A,EUR,D12_D4_MD5,B-E,SE	11.8 	13.5 	14.1 	13.5 	15.1 	14.8 	13.9 	14.7 
A,EUR,D12_D4_MD5,B-E,SI	2.2 	2.5 	2.8 	3 	3.4 	3.7 	4 	4.3 
A,EUR,D12_D4_MD5,B-E,SK	0.1 	2.4 	2.8 	3.4 	3.7 	4.5 	4.7 	5.3 
A,EUR,D12_D4_MD5,B-E,TR	: 	1 	1.1 	0.6 	0.5 	0.6 	1 	1.3 
A,EUR,D12_D4_MD5,B-E,UK	: 	: 	4.7 	: 	: 	: 	: 	: 
A,EUR,D12_D4_MD5,B-F,MT	1.1 	1.0 	1.0 	1.0 	1.1 	1.2 	1.2 	: 
A,EUR,D12_D4_MD5,B-N,AL	: 	0.4 	0.4 	: 	: 	: 	: 	: 
A,EUR,D12_D4_MD5,B-N,AT	7 	7.9 	8.8 	9.7 	9.9 	10.4 	11.1 p	12.1 
A,EUR,D12_D4_MD5,B-N,BA	: 	0.4 	0.4 	: 	: 	: 	: 	: 
A,EUR,D12_D4_MD5,B-N,BE	11.4 	12.3 	10.8 	10.7 	10.8 	11.5 	12.3 	12.6 
A,EUR,D12_D4_MD5,B-N,BG	0.5 	0.5 	0.7 	0.8 	0.9 	1 	1.1 	1.3 
A,EUR,D12_D4_MD5,B-N,CH	: 	10.6 	11.0 	: 	: 	: 	: 	: 
A,EUR,D12_D4_MD5,B-N,CY	2.5 	2.8 	2.1 	2.6 	2.7 	3 	3.2 	3.4 
A,EUR,D12_D4_MD5,B-N,CZ	2.5 	2.7 	2.8 	3.9 	3.6 	3.8 	4.3 	4.4 
A,EUR,D12_D4_MD5,B-N,DE	6.1 	6.7 	7.1 	8 	8.1 	9.1 	9.5 	9.9 
A,EUR,D12_D4_MD5,B-N,DK	4.5 	5.5 	5.7 	5.8 	5.9 	6.2 	6.4 	6.6 
A,EUR,D12_D4_MD5,B-N,EA19	6.6 	7.4 	7.4 	7.9 	7.9 	8.6 	9 	9.4 
A,EUR,D12_D4_MD5,B-N,EA20	6.5 	7.3 	7.3 	7.8 	7.8 	8.5 	8.9 	9.3 
A,EUR,D12_D4_MD5,B-N,EE	2.1 	2.4 	2.9 	3.6 	3.9 	4.3 	4.7 	5.1 
A,EUR,D12_D4_MD5,B-N,EL	3.8 	3.8 	3.6 	3 	3 	3.2 	3.5 	3.9 
A,EUR,D12_D4_MD5,B-N,ES	5.1 	5.6 	5.4 	6 	5.9 	5.9 	6.3 	6.6 
A,EUR,D12_D4_MD5,B-N,EU15	6.3 	7.0 	7.0 	8.3 	: 	: 	: 	: 
A,EUR,D12_D4_MD5,B-N,EU27_2020	5.6 	6.3 	6.3 	6.7 	6.8 	7.3 	7.7 	8 
A,EUR,D12_D4_MD5,B-N,EU28	5.2 	5.9 	6.0 	: 	: 	: 	: 	: 
A,EUR,D12_D4_MD5,B-N,FI	6.2 	6.8 	7.5 	6.4 	6.4 p	6.6 p	6.8 p	6.7 p
A,EUR,D12_D4_MD5,B-N,FR	10.4 	11.7 	11 	12 	11.9 	12.4 	12.8 	13.4 
A,EUR,D12_D4_MD5,B-N,HR	1.4 	1.4 	1.5 	1.2 	1.3 	1.4 	1.6 	1.8 
A,EUR,D12_D4_MD5,B-N,HU	2.3 	1.9 	2.2 	1.8 	1.7 	1.6 	1.8 	2 
A,EUR,D12_D4_MD5,B-N,IE	4.3 	4.3 	4.4 	3.4 	3.4 	6.2 	7.2 	7.8 
A,EUR,D12_D4_MD5,B-N,IS	4.0 d	4.9 d	6.6 p	7.7 p	8.5 p	9.7 p	9.9 p	10.7 p
A,EUR,D12_D4_MD5,B-N,IT	7.1 	7.4 	7.5 	8 	7.8 	8 	8.3 	8.6 
A,EUR,D12_D4_MD5,B-N,LT	1.7 	1.7 	2.3 	0.4 	0.7 	0.8 	0.9 	1 
A,EUR,D12_D4_MD5,B-N,LU	4.5 	4.9 	5.1 	6.4 	6.3 	6.6 	7.1 	7.2 
A,EUR,D12_D4_MD5,B-N,LV	1.3 	1.3 	1.7 	2.4 	2.4 	2.6 	2.9 	3.3 
A,EUR,D12_D4_MD5,B-N,ME	: 	: 	0.7 	: 	: 	: 	: 	: 
A,EUR,D12_D4_MD5,B-N,MK	: 	0.2 	0.1 	: 	: 	: 	: 	: 
A,EUR,D12_D4_MD5,B-N,MT	1 	0.9 	1.1 	-0.5 	-0.2 	0.7 	1.1 	1.1 
A,EUR,D12_D4_MD5,B-N,NL	6.6 	7.5 	7.6 	7.3 	7.7 	9 	9.6 	10.2 
A,EUR,D12_D4_MD5,B-N,NO	: 	10.2 	9.1 	8.7 	9.5 	9.8 	10.4 	10.8 
A,EUR,D12_D4_MD5,B-N,PL	1.3 	1.4 	1.5 	1.9 	2 	2.2 	2.5 	3 
A,EUR,D12_D4_MD5,B-N,PT	2.3 	2.7 	2.7 	2.7 	2.8 	2.9 	3.1 	3.3 
A,EUR,D12_D4_MD5,B-N,RO	1 	1 	1.1 	0.4 	0.4 	0.5 	0.5 	0.6 
A,EUR,D12_D4_MD5,B-N,RS	: 	0.8 	0.7 	0.8 	1.2 	1.6 	1.8 	2 
A,EUR,D12_D4_MD5,B-N,SE	11.2 	12.8 	13.2 	12.6 	14.1 	13.9 	13.1 	13.8 
A,EUR,D12_D4_MD5,B-N,SI	2.3 	2.4 	2.7 	2.7 	3.1 	3.4 	3.7 	3.9 
A,EUR,D12_D4_MD5,B-N,SK	0.1 	2.4 	2.7 	3.4 	3.6 	4.4 	4.7 	5.3 
A,EUR,D12_D4_MD5,B-N,TR	: 	1 	1.1 	0.5 	: 	: 	: 	: 
A,EUR,D12_D4_MD5,B-N,UK	3.4 d	3.8 	4.3 	: 	: 	: 	: 	: 
A,EUR,D12_D4_MD5,B-S,MT	: 	: 	0.9 d	1.2 	1.2 	1.3 	1.3 	: 
A,EUR,D12_D4_MD5,B-S_X_O,AL	: 	0.4 	0.4 	: 	: 	: 	: 	: 
A,EUR,D12_D4_MD5,B-S_X_O,AT	6.8 	7.8 	8.7 	9.6 	9.9 	10.4 	11.1 p	12.1 
A,EUR,D12_D4_MD5,B-S_X_O,BA	: 	0.4 	0.4 	: 	: 	: 	: 	: 
A,EUR,D12_D4_MD5,B-S_X_O,BE	9 	10.6 	9.3 	9.4 	9.5 	10.1 	10.8 	11.1 
A,EUR,D12_D4_MD5,B-S_X_O,BG	0.5 	0.5 	0.7 	0.9 	1 	1.1 	1.2 	1.4 
A,EUR,D12_D4_MD5,B-S_X_O,CH	: 	10.7 	11.2 	: 	: 	: 	: 	: 
A,EUR,D12_D4_MD5,B-S_X_O,CY	2.6 	2.8 	2.8 	3.3 	3.3 	3.6 	3.8 	4.1 
A,EUR,D12_D4_MD5,B-S_X_O,CZ	2.5 	2.7 	2.8 	3.9 	3.7 	4 	4.4 	4.5 
A,EUR,D12_D4_MD5,B-S_X_O,DE	6.1 	6.8 	7.2 	8.2 	8.3 	9.3 	9.7 	10.1 
A,EUR,D12_D4_MD5,B-S_X_O,DK	4.2 	5.1 	5.4 	5.7 	5.8 	6.1 	6.2 	6.5 
A,EUR,D12_D4_MD5,B-S_X_O,EA19	6.5 d	7.5 	7.5 	8.1 	8.2 	8.8 	9.2 	9.6 
A,EUR,D12_D4_MD5,B-S_X_O,EA20	6.5 d	7.4 	7.4 	8 	8.1 	8.7 	9.1 	9.5 
A,EUR,D12_D4_MD5,B-S_X_O,EE	2.1 	2.3 	2.8 	3.6 	3.8 	4.2 	4.7 	5 
A,EUR,D12_D4_MD5,B-S_X_O,EL	3.3 	3.5 	3.1 	2.8 	2.8 	2.9 	3.1 	3.4 
A,EUR,D12_D4_MD5,B-S_X_O,ES	5.1 	5.5 	5.4 	6 	6 	6 	6.4 	6.7 
A,EUR,D12_D4_MD5,B-S_X_O,EU15	6.2 d	7.0 	7.2 	8.5 	: 	: 	: 	: 
A,EUR,D12_D4_MD5,B-S_X_O,EU27_2020	5.5 	6.4 	6.5 	6.9 	7 	7.5 	7.9 	8.3 
A,EUR,D12_D4_MD5,B-S_X_O,EU28	5.2 d	6.0 	6.2 	: 	: 	: 	: 	: 
A,EUR,D12_D4_MD5,B-S_X_O,FI	6.2 	6.9 	7.6 	6.6 	6.2 p	6.4 p	6.6 p	6.5 p
A,EUR,D12_D4_MD5,B-S_X_O,FR	10.3 d	11.9 	11.4 	12.5 	12.5 	13 	13.5 	14 
A,EUR,D12_D4_MD5,B-S_X_O,HR	1.4 	1.4 	1.5 	1.3 	1.4 	1.5 	1.7 	1.9 
A,EUR,D12_D4_MD5,B-S_X_O,HU	2.3 	1.8 	2 	1.7 	1.7 	1.5 	1.8 	1.9 
A,EUR,D12_D4_MD5,B-S_X_O,IE	4.1 	4.1 	4.8 	4.1 	4 	7 	8 	8.6 
A,EUR,D12_D4_MD5,B-S_X_O,IS	4.0 d	4.8 d	7.3 d	8.0 d	8.7 p	9.9 p	10.2 p	11.0 p
A,EUR,D12_D4_MD5,B-S_X_O,IT	7 	7.8 	7.7 	8.2 	8 	8.1 	8.3 	8.6 
A,EUR,D12_D4_MD5,B-S_X_O,LT	1.6 	1.6 	2.1 	0.4 	0.6 	0.7 	0.8 	0.9 
A,EUR,D12_D4_MD5,B-S_X_O,LU	4.5 	4.9 	4.9 	6 	6 	6.2 	6.7 	6.8 
A,EUR,D12_D4_MD5,B-S_X_O,LV	1.2 	1.2 	1.6 	2.3 	2.3 	2.6 	2.8 	3.2 
A,EUR,D12_D4_MD5,B-S_X_O,ME	: 	1.2 	0.7 	: 	: 	: 	: 	: 
A,EUR,D12_D4_MD5,B-S_X_O,MK	: 	0.2 	0.1 	: 	: 	: 	: 	: 
A,EUR,D12_D4_MD5,B-S_X_O,MT	0.9 	0.8 	0.9 	-0.2 	0.1 	0.7 	1.1 	1.1 
A,EUR,D12_D4_MD5,B-S_X_O,NL	6.9 	7.7 	8.1 	8 	8.5 	9.8 	10.4 	11.1 
A,EUR,D12_D4_MD5,B-S_X_O,NO	: 	10.2 	9.3 	9 	9.7 	10 	10.4 	10.8 
A,EUR,D12_D4_MD5,B-S_X_O,PL	1.4 	1.4 	1.6 	2 	2.1 	2.3 	2.6 	3.1 
A,EUR,D12_D4_MD5,B-S_X_O,PT	2.3 	2.6 	2.8 	2.8 	2.9 	3.1 	3.3 	3.5 
A,EUR,D12_D4_MD5,B-S_X_O,RO	1 	0.9 	1 	0.4 	0.4 	0.5 	0.5 	0.6 
A,EUR,D12_D4_MD5,B-S_X_O,RS	: 	0.8 	0.7 	0.8 	1.2 	1.5 	1.7 	2 
A,EUR,D12_D4_MD5,B-S_X_O,SE	10.4 	11.8 	12 	11.8 	13 	12.8 	12.3 	12.7 
A,EUR,D12_D4_MD5,B-S_X_O,SI	2.3 	2.5 	2.6 	2.8 	3.1 	3.3 	3.6 	3.8 
A,EUR,D12_D4_MD5,B-S_X_O,SK	0.1 	2.3 	2.7 	3.5 	3.6 	4.4 	4.7 	5.2 
A,EUR,D12_D4_MD5,B-S_X_O,TR	: 	1 	1.1 	0.5 	: 	: 	: 	: 
A,EUR,D12_D4_MD5,B-S_X_O,UK	3.6 d	4.1 	4.8 	: 	: 	: 	: 	: 
A,EUR,D12_D4_MD5,C,AL	: 	0.3 	0.3 	: 	: 	: 	: 	: 
A,EUR,D12_D4_MD5,C,AT	7.6 	8.6 	9.4 	10.5 	10.7 	11.2 	12.2 p	13.1 
A,EUR,D12_D4_MD5,C,BA	: 	0.3 	0.3 	: 	: 	: 	: 	: 
A,EUR,D12_D4_MD5,C,BE	12.7 	13.2 	11.5 	11.2 	11.3 	12.1 	13 	13.4 
A,EUR,D12_D4_MD5,C,BG	0.4 	0.5 	0.6 	0.7 	0.7 	0.9 	1 	1.1 
A,EUR,D12_D4_MD5,C,CH	: 	10.2 	10.6 	: 	: 	: 	: 	: 
A,EUR,D12_D4_MD5,C,CY	1.5 	1.9 	1.6 	1.8 	1.9 	2 	2.1 	2.2 
A,EUR,D12_D4_MD5,C,CZ	2.4 	2.6 	2.8 	3.9 	4.3 	4.8 	5.3 	5.4 
A,EUR,D12_D4_MD5,C,DE	7.1 	7.7 	8.3 	9.4 	9.4 	10.5 	10.8 	11.2 
A,EUR,D12_D4_MD5,C,DK	4.4 	5.1 	5.6 	5.6 	6.2 	6.6 	6.7 	7 
A,EUR,D12_D4_MD5,C,EA	7.3 	8.1 	8.3 	9.0 	: 	: 	: 	: 
A,EUR,D12_D4_MD5,C,EA19	7 	7.8 d	7.9 	8.6 	8.6 	9.3 	9.7 	10.1 
A,EUR,D12_D4_MD5,C,EA20	6.9 	7.7 d	7.8 	8.5 	8.5 	9.2 	9.5 	10 
A,EUR,D12_D4_MD5,C,EE	1.9 	2.2 	2.7 	3.3 	3.5 	4 	4.3 	4.6 
A,EUR,D12_D4_MD5,C,EL	3.7 	3.7 	3.4 	3.2 	3 	3.2 	3.4 	3.7 
A,EUR,D12_D4_MD5,C,ES	5.4 	6 	5.8 	6.6 	6.5 	6.5 	7 	7.4 
A,EUR,D12_D4_MD5,C,EU15	6.9 	7.6 	7.8 	9.1 	: 	: 	: 	: 
A,EUR,D12_D4_MD5,C,EU27_2020	5.6 	6.3 d	6.4 	7 	7 	7.5 	7.9 	8.3 
A,EUR,D12_D4_MD5,C,EU28	5.4 	6.1 d	6.2 	: 	: 	: 	: 	: 
A,EUR,D12_D4_MD5,C,FI	7 	7.5 	8.1 	6.7 	6.8 p	7.1 p	7.5 p	7.3 p
A,EUR,D12_D4_MD5,C,FR	10.9 	12.1 	11.7 	13.2 	13.1 	13.5 	14 	14.6 
A,EUR,D12_D4_MD5,C,HR	1.3 	1.2 	1.4 	1.2 	1.2 	1.3 	1.5 	1.7 
A,EUR,D12_D4_MD5,C,HU	2.2 	1.8 	2 	1.8 	1.7 	1.5 	1.8 	2 
A,EUR,D12_D4_MD5,C,IE	4.7 	5.4 	5.6 	4.6 	5.3 	6.2 	6.5 	7.1 
A,EUR,D12_D4_MD5,C,IS	3.3 	4.3 	6.6 	7.7 	8.4 p	9.7 p	10.0 p	10.8 p
A,EUR,D12_D4_MD5,C,IT	7 	7.6 	7.6 	8.4 	8.1 	8.4 	8.7 	9.1 
A,EUR,D12_D4_MD5,C,LT	1.5 	1.5 	2 	0.1 	: @C	: @C	: @C	: @C
A,EUR,D12_D4_MD5,C,LU	4 	4.6 	4.4 	6 	5.9 	6.1 	6.5 	6.6 
A,EUR,D12_D4_MD5,C,LV	1.1 	1.1 	1.5 	2.2 	2.2 	2.4 	2.6 	2.9 
A,EUR,D12_D4_MD5,C,ME	: 	1.8 	0.6 	: 	: 	: 	: 	: 
A,EUR,D12_D4_MD5,C,MK	: 	0.1 	0.0 	: 	: 	: 	: 	: 
A,EUR,D12_D4_MD5,C,MT	1.2 	: 	1 	0 	0 	0.9 	1.3 	1.5 
A,EUR,D12_D4_MD5,C,NL	7 	7.9 	8 	8.1 	8.5 	9.6 	10.3 	: @C
A,EUR,D12_D4_MD5,C,NO	: 	9.5 	8.5 	8.4 	9.1 	9.3 	9.9 	10.1 
A,EUR,D12_D4_MD5,C,PL	1.2 	1.3 	1.5 	1.8 	1.9 	2.1 	2.4 	2.8 
A,EUR,D12_D4_MD5,C,PT	2 	2.2 	2.2 	2.3 	2.4 	2.6 	2.7 	2.9 
A,EUR,D12_D4_MD5,C,RO	0.7 	0.8 	1 	0.4 	0.4 	0.5 	0.5 	0.6 
A,EUR,D12_D4_MD5,C,RS	: 	0.7 	0.8 	0.7 	1.2 	1.5 	1.8 	2 
A,EUR,D12_D4_MD5,C,SE	11.7 	13.3 	13.9 	13.3 	14.8 	14.6 	13.7 	14.5 
A,EUR,D12_D4_MD5,C,SI	2.1 	2.4 	2.6 	2.8 	3.2 	3.6 	3.9 	4.1 
A,EUR,D12_D4_MD5,C,SK	0.1 	2.3 	2.8 	3.3 	3.6 	4.4 	4.7 	5.2 
A,EUR,D12_D4_MD5,C,TR	: 	0.9 	1.1 	0.5 	0.5 	0.5 	1 	1.2 
A,EUR,D12_D4_MD5,C,UK	3.6 	3.8 	4.4 	: 	: 	: 	: 	: 
A,EUR,D12_D4_MD5,D,AL	: 	0.5 	0.5 	: 	: 	: 	: 	: 
A,EUR,D12_D4_MD5,D,AT	12 	13.3 	14.5 	15.7 	16 	16.8 	17.7 p	18.7 
A,EUR,D12_D4_MD5,D,BA	: 	0.8 	0.9 	: 	: 	: 	: 	: 
A,EUR,D12_D4_MD5,D,BE	: 	30.5 	23.3 	17.1 	17.4 	18.9 	19.7 	20.2 
A,EUR,D12_D4_MD5,D,BG	1.4 	1.5 	1.9 	2.6 	2.4 	3 	3.1 	3.6 
A,EUR,D12_D4_MD5,D,CH	: 	11.6 	13.2 	: 	: 	: 	: 	: 
A,EUR,D12_D4_MD5,D,CY	13.6 	10.7 	9.1 	13.9 	14 	14.6 	15.6 	16.3 
A,EUR,D12_D4_MD5,D,CZ	4.1 	4.5 	4.4 	6.1 	6.6 	7.4 	8.3 	8.4 
A,EUR,D12_D4_MD5,D,DE	11 	11.9 	13.6 	13.5 	13.5 	15.3 	15.6 	15.6 
A,EUR,D12_D4_MD5,D,DK	6.3 	7.3 	7.7 	8.2 	8.8 	9.2 	9.3 	9.3 
A,EUR,D12_D4_MD5,D,EA19	10.7 	13.0 d	12.2 d	12.6 	12.7 	13.6 	14.2 	14.5 
A,EUR,D12_D4_MD5,D,EA20	10.6 	12.8 d	11.9 d	12.5 d	12.6 	13.5 	14.1 	14.4 
A,EUR,D12_D4_MD5,D,EE	2.6 	3.2 	4 	5.3 	5.4 	5.9 	6.9 	7.7 
A,EUR,D12_D4_MD5,D,EL	7.6 	6.9 	5.2 	4.6 	4.1 	4.1 	4.6 	4.3 
A,EUR,D12_D4_MD5,D,ES	15 	12.9 	13.2 	12.1 	12.4 	12.2 	12.9 	13.1 
A,EUR,D12_D4_MD5,D,EU15	12.0 	12.9 	12.3 	13.4 	: 	: 	: 	: 
A,EUR,D12_D4_MD5,D,EU27_2020	7.9 	9.9 d	9.5 d	10.1 	10.2 	10.9 	11.4 	11.8 
A,EUR,D12_D4_MD5,D,EU28	7.8 	9.5 d	9.4 d	: 	: 	: 	: 	: 
A,EUR,D12_D4_MD5,D,FI	7.7 	9 	10.2 	7.8 	8.0 p	8.3 p	8.1 p	8.1 p
A,EUR,D12_D4_MD5,D,FR	15.4 	19.4 	13.4 	15.9 	16.1 	16.3 	17.4 	18 
A,EUR,D12_D4_MD5,D,HR	2 	2.6 	2.4 	2.2 	2.3 	2.4 	2.6 	3.1 
A,EUR,D12_D4_MD5,D,HU	5 	4.2 	4.7 	3.9 	3.6 	2.9 	3.4 	3.6 
A,EUR,D12_D4_MD5,D,IE	: 	8.9 	8.5 	8.9 	9.4 	9.6 	9.6 	11.4 
A,EUR,D12_D4_MD5,D,IS	4.9 	6.2 	10.6 	11 	10.9 p	12.5 p	13.1 p	14.2 p
A,EUR,D12_D4_MD5,D,IT	10.8 	11 	11.8 	11.9 	11.9 	12.3 	12.4 	12.8 
A,EUR,D12_D4_MD5,D,LT	2.3 	2.1 	2.6 	0.6 	0.6 	0.8 	0.9 	1 
A,EUR,D12_D4_MD5,D,LU	: 	7.3 	9.1 	9.6 	9.7 	10.1 	10.8 	11.1 
A,EUR,D12_D4_MD5,D,LV	2 	2.2 	2.8 	3.3 	3.6 	3.8 	4.3 	4.8 
A,EUR,D12_D4_MD5,D,ME	: 	2.5 	1.1 	: 	: 	: 	: 	: 
A,EUR,D12_D4_MD5,D,MK	: 	0.9 	0.1 	: 	: 	: 	: 	: 
A,EUR,D12_D4_MD5,D,MT	: 	: 	0.8 	0.6 	1.1 	1.1 	1 	1 
A,EUR,D12_D4_MD5,D,NL	10.2 	12.7 	10.5 	12 	12.3 	13.4 	15.6 	: @C
A,EUR,D12_D4_MD5,D,NO	: 	14 	16 	14.3 	16.3 	16.3 	18.8 	19.4 
A,EUR,D12_D4_MD5,D,PL	2.8 	2.9 	3.2 	4 	4.1 	4.5 	5.3 	6.1 
A,EUR,D12_D4_MD5,D,PT	: 	5.8 	8 	7.1 	6.6 	7.9 	7.8 	8 
A,EUR,D12_D4_MD5,D,RO	2 	2 	1.9 	1 	1.1 	1.2 	1.4 	1.5 
A,EUR,D12_D4_MD5,D,RS	: 	1.3 	2 	2 	2.1 	2.1 	2.2 	2.5 
A,EUR,D12_D4_MD5,D,SE	15.5 	18.7 	18.3 	17.6 	19.6 	19.1 	17.5 	18.6 
A,EUR,D12_D4_MD5,D,SI	4 	4.4 	5.1 	5.3 	6.1 	6.6 	7.3 	7.7 
A,EUR,D12_D4_MD5,D,SK	0.1 	4.2 	4.8 	5.9 	6.1 	6.6 	7.1 	8.1 
A,EUR,D12_D4_MD5,D,TR	: 	2.6 	2 	0.9 	0.8 	0.8 	1.3 	1.8 
A,EUR,D12_D4_MD5,D,UK	: 	6.7 	8.9 	: 	: 	: 	: 	: 
A,EUR,D12_D4_MD5,E,AL	: 	0.2 	0.3 	: 	: 	: 	: 	: 
A,EUR,D12_D4_MD5,E,AT	7.4 	7.1 	7.6 	9 	8.9 	9.5 	10.2 p	11.1 
A,EUR,D12_D4_MD5,E,BA	: 	0.4 	0.4 	: 	: 	: 	: 	: 
A,EUR,D12_D4_MD5,E,BE	8.7 	10.6 	8 	8.4 	8.5 	9 	9.7 	9.9 
A,EUR,D12_D4_MD5,E,BG	0.5 	0.5 	0.6 	0.9 	0.9 	1 	1.2 	1.3 
A,EUR,D12_D4_MD5,E,CH	: 	9.2 	9.9 	: 	: 	: 	: 	: 
A,EUR,D12_D4_MD5,E,CY	3.3 	4.8 	2.5 	3.7 	4.3 	4.4 	4.6 	4.9 
A,EUR,D12_D4_MD5,E,CZ	2.2 	2.6 	2.5 	3.4 	3.6 	4 	4.5 	4.7 
A,EUR,D12_D4_MD5,E,DE	6 	6.5 	7.3 	8.3 	8.5 	9.5 	10.1 	10 
A,EUR,D12_D4_MD5,E,DK	3.6 	4.7 	5.8 	6.3 	: @C	: @C	: @C	: @C
A,EUR,D12_D4_MD5,E,EA19	7.0 d	7.2 	7 	7.9 	7.9 	8.5 	8.8 	9.2 
A,EUR,D12_D4_MD5,E,EA20	6.9 d	7.1 	6.8 	7.7 	7.7 	8.2 	8.6 	8.9 
A,EUR,D12_D4_MD5,E,EE	2.1 	: 	2.8 	3.5 	3.8 	4.1 	4.6 	4.9 
A,EUR,D12_D4_MD5,E,EL	4.3 	3.2 	3.3 	2.2 	2 	2.1 	2.1 	2.9 
A,EUR,D12_D4_MD5,E,ES	5.5 	5.7 	6 	6.7 	6.7 	6.9 	7.3 	7.6 
A,EUR,D12_D4_MD5,E,EU15	7.4 d	6.8 	7.0 	8.4 	: 	: 	: 	: 
A,EUR,D12_D4_MD5,E,EU27_2020	5.3 d	5.4 	5.4 	6 	6 	6.4 	6.7 	7 
A,EUR,D12_D4_MD5,E,EU28	5.3 d	5.2 	5.3 	: 	: 	: 	: 	: 
A,EUR,D12_D4_MD5,E,FI	6.6 	6.7 	7.4 	6.5 	5.3 p	5.6 p	5.8 p	5.7 p
A,EUR,D12_D4_MD5,E,FR	11 	11.3 	9.4 	12.6 	12.4 	12.7 	13.1 	13.7 
A,EUR,D12_D4_MD5,E,HR	1.5 	1.2 	1.6 	1.2 	1.2 	1.3 	1.4 	1.7 
A,EUR,D12_D4_MD5,E,HU	2.3 	2 	1.9 	1.7 	1.6 	1.5 	1.7 	1.9 
A,EUR,D12_D4_MD5,E,IE	: 	2.4 	3 	2.3 	2.6 	4.4 	4.9 	5.5 
A,EUR,D12_D4_MD5,E,IS	3.2 	3.9 	6.5 	6.7 	7.9 p	9.1 p	9.4 p	9.9 p
A,EUR,D12_D4_MD5,E,IT	7.3 	7 	7.6 	7.9 	7.6 	7.9 	8 	8.3 
A,EUR,D12_D4_MD5,E,LT	1.3 	1.5 	1.9 	0.3 	0.5 	0.5 	0.6 	0.7 
A,EUR,D12_D4_MD5,E,LU	4 	4.2 	5.4 	6.6 	6.6 	6.9 	7.5 	7.8 
A,EUR,D12_D4_MD5,E,LV	1.2 	1.2 	1.5 	2.2 	2.2 	2.5 	2.8 	3.2 
A,EUR,D12_D4_MD5,E,ME	: 	1.2 	0.7 	: 	: 	: 	: 	: 
A,EUR,D12_D4_MD5,E,MK	: 	0.2 	0.1 	: 	: 	: 	: 	: 
A,EUR,D12_D4_MD5,E,MT	1 	: 	1.1 	0.8 	1.2 	1.2 	1.2 	1.3 
A,EUR,D12_D4_MD5,E,NL	7.6 	8.4 	8.2 	9.1 	9.2 	10.4 	10.7 	: @C
A,EUR,D12_D4_MD5,E,NO	: 	8.3 	7.7 	7.2 	7.6 	7.7 	7.6 	7.9 
A,EUR,D12_D4_MD5,E,PL	1.4 	1.4 	1.6 	2 	2.1 	2.2 	2.5 	3 
A,EUR,D12_D4_MD5,E,PT	2.4 	2.2 	2.4 	2.6 	2.7 	2.8 	3 	3.3 
A,EUR,D12_D4_MD5,E,RO	0.8 	0.8 	0.9 	0.4 	0.4 	0.4 	0.5 	0.5 
A,EUR,D12_D4_MD5,E,RS	: 	0.7 	0.7 	1 	1.2 	1.4 	1.6 	1.8 
A,EUR,D12_D4_MD5,E,SE	9.6 	11.2 	11.8 	11.6 	13.1 	12.8 	12.1 	12.8 
A,EUR,D12_D4_MD5,E,SI	2.2 	2.7 	2.7 	3 	3.4 	3.7 	4.1 	4.4 
A,EUR,D12_D4_MD5,E,SK	0.1 	2.2 	2.4 	3.2 	3.3 	3.7 	4 	4.3 
A,EUR,D12_D4_MD5,E,TR	: 	1.9 	1.6 	0.8 	0.8 	0.7 	1 	1.5 
A,EUR,D12_D4_MD5,E,UK	: 	3.7 	4.7 	: 	: 	: 	: 	: 
A,EUR,D12_D4_MD5,F,AL	: 	0.4 	0.4 	: 	: 	: 	: 	: 
A,EUR,D12_D4_MD5,F,AT	7.2 	7.3 	9.8 	11.4 	11.6 	12.2 	13.3 p	15.3 
A,EUR,D12_D4_MD5,F,BA	: 	0.3 	0.3 	: 	: 	: 	: 	: 
A,EUR,D12_D4_MD5,F,BE	: @C	: @C	: @C	10.8 	10.9 	11.5 	12.5 	12.8 
A,EUR,D12_D4_MD5,F,BG	0.4 	0.5 	0.6 	0.8 	0.8 	0.9 	1 	1.2 
A,EUR,D12_D4_MD5,F,CH	: 	9.0 	9.4 	: 	: 	: 	: 	: 
A,EUR,D12_D4_MD5,F,CY	1.9 	2.1 	2.1 	2.4 	2.5 	2.5 	2.6 	2.8 
A,EUR,D12_D4_MD5,F,CZ	2.3 	2.5 	2.6 	3.4 	3.8 	4.1 	4.6 	4.6 
A,EUR,D12_D4_MD5,F,DE	5 	5.5 	5.9 	6.9 	7.1 	8 	8.4 	8.8 
A,EUR,D12_D4_MD5,F,DK	3.9 	4.3 	4.6 	4.3 	4.9 	5.3 	5.4 	5.5 
A,EUR,D12_D4_MD5,F,EA	5.6 	6.3 	6.3 	6.9 	: 	: 	: 	: 
A,EUR,D12_D4_MD5,F,EA19	5.7 	6.7 	6.8 	7.3 	7.3 	7.8 	8.2 	8.7 
A,EUR,D12_D4_MD5,F,EA20	5.7 	6.6 	6.8 	7.2 	7.2 	7.7 	8.1 	8.6 
A,EUR,D12_D4_MD5,F,EE	2.4 	2.7 	3.1 	3.7 	3.9 	4.2 	4.4 	4.6 
A,EUR,D12_D4_MD5,F,EL	3.8 	3.5 	3.1 	2.4 	2.3 	2.6 	3 	3.5 
A,EUR,D12_D4_MD5,F,ES	5.2 	6.1 	5.7 	5.9 	6 	6 	6.4 	6.8 
A,EUR,D12_D4_MD5,F,EU15	5.7 	6.5 	6.7 	7.7 	: 	: 	: 	: 
A,EUR,D12_D4_MD5,F,EU27_2020	4.8 	5.6 	5.9 	6.2 	6.2 	6.7 	7.1 	7.4 
A,EUR,D12_D4_MD5,F,EU28	4.6 	5.3 	5.6 	: 	: 	: 	: 	: 
A,EUR,D12_D4_MD5,F,FI	6.3 	6.9 	7.6 	6.6 	6.5 p	6.8 p	6.9 p	6.9 p
A,EUR,D12_D4_MD5,F,FR	8.4 	9.4 	9.2 	10.1 	9.7 	9.9 	10.2 	10.6 
A,EUR,D12_D4_MD5,F,HR	1.2 	1.4 	1.3 	0.9 	0.9 	1 	1.1 	1.2 
A,EUR,D12_D4_MD5,F,HU	1.7 	1.4 	1.6 	1.3 	1.3 	1.2 	1.4 	1.5 
A,EUR,D12_D4_MD5,F,IE	4.3 	3.1 	2.9 	1.5 	0.6 	8.6 	10.3 	10.4 
A,EUR,D12_D4_MD5,F,IS	3.3 	4.4 	6.5 	8.2 	7.8 p	8.9 p	9.3 p	10.0 p
A,EUR,D12_D4_MD5,F,IT	6.6 	6.8 	6.9 	7.4 	7.3 	7.6 	7.9 	8.3 
A,EUR,D12_D4_MD5,F,LT	1.9 	1.7 	2.2 	0.3 	0.5 	0.6 	0.7 	0.8 
A,EUR,D12_D4_MD5,F,LU	3.1 	3.7 	3.4 	4.2 	4 	4.2 	4.5 	4.7 
A,EUR,D12_D4_MD5,F,LV	1.2 	1.1 	1.6 	2.4 	2.3 	2.5 	2.6 	3 
A,EUR,D12_D4_MD5,F,ME	: 	0.7 	0.6 	: 	: 	: 	: 	: 
A,EUR,D12_D4_MD5,F,MK	: 	0.3 	0.0 	: 	: 	: 	: 	: 
A,EUR,D12_D4_MD5,F,MT	0.8 	0.9 	1 	0.7 	0.9 	1 	1 	1.1 
A,EUR,D12_D4_MD5,F,NL	7 	8.1 	8.8 	9.3 	9.2 	10 	10.2 	10.7 
A,EUR,D12_D4_MD5,F,NO	: 	8.5 	6.9 	6.8 	7.1 	7.3 	7.5 	7.7 
A,EUR,D12_D4_MD5,F,PL	1.2 	1.2 	1.5 	1.6 	1.7 	1.8 	2.1 	2.5 
A,EUR,D12_D4_MD5,F,PT	2 	2.4 	2.1 	2.5 	2.7 	2.9 	3.2 	3.5 
A,EUR,D12_D4_MD5,F,RO	0.8 	0.7 	0.8 	0.3 	0.3 	0.3 	0.4 	0.4 
A,EUR,D12_D4_MD5,F,RS	: 	0.7 	0.7 	0.7 	1.3 	1.7 	2 	2.3 
A,EUR,D12_D4_MD5,F,SE	9.7 	12 	11.6 	11.2 	12.6 	12.8 	12.3 	13 
A,EUR,D12_D4_MD5,F,SI	1.8 	1.8 	2 	2.1 	2.4 	2.6 	2.9 	3.1 
A,EUR,D12_D4_MD5,F,SK	0.1 	2.2 	2.3 	2.8 	2.6 	3.8 	4.1 	4.9 
A,EUR,D12_D4_MD5,F,TR	: 	0.7 	0.8 	0.4 	0.3 	0.4 	0.5 	0.7 
A,EUR,D12_D4_MD5,F,UK	3.4 	3.6 	4.2 	: 	: 	: 	: 	: 
A,EUR,D12_D4_MD5,G,AL	: 	0.4 	0.3 	: 	: 	: 	: 	: 
A,EUR,D12_D4_MD5,G,AT	5.7 	7 	7.7 	8.3 	8.7 	9 	9.4 p	10.3 
A,EUR,D12_D4_MD5,G,BA	: 	0.3 	0.3 	: 	: 	: 	: 	: 
A,EUR,D12_D4_MD5,G,BE	8.8 	11.5 	10.1 	9.6 	9.7 	10.3 	11.1 	11.3 
A,EUR,D12_D4_MD5,G,BG	0.4 	0.5 	0.6 	0.8 	0.8 	0.9 	1 	1.2 
A,EUR,D12_D4_MD5,G,CH	: 	9.5 	9.6 	: 	: 	: 	: 	: 
A,EUR,D12_D4_MD5,G,CY	1.7 	1.9 	1.3 	1.6 	1.6 	1.8 	1.9 	2 
A,EUR,D12_D4_MD5,G,CZ	2.3 	2.4 	2.6 	3.6 	3.9 	4.5 	4.9 	5 
A,EUR,D12_D4_MD5,G,DE	4.6 	5.2 	5.6 	6.4 	6.4 	7.1 	7.6 	7.8 
A,EUR,D12_D4_MD5,G,DK	3.6 	4.1 	4.2 	4.4 	5.2 	5.6 	5.8 	6.1 
A,EUR,D12_D4_MD5,G,EA	5.3 	6.0 	6.0 	6.6 	: 	: 	: 	: 
A,EUR,D12_D4_MD5,G,EA19	5.3 	6 	6.1 	6.5 	6.6 	7 	7.4 	7.7 
A,EUR,D12_D4_MD5,G,EA20	5.3 	6 	6 	6.5 	6.5 	6.9 	7.3 	7.7 
A,EUR,D12_D4_MD5,G,EE	2 	2.1 	2.6 	3.2 	3.6 	3.9 	4.2 	4.5 
A,EUR,D12_D4_MD5,G,EL	3.1 	3.6 	3 	2.7 	2.6 	2.7 	2.9 	3 
A,EUR,D12_D4_MD5,G,ES	4.2 	4.6 	4.5 	5.1 	5.1 	5.2 	5.6 	5.9 
A,EUR,D12_D4_MD5,G,EU15	4.9 	5.5 	5.7 	6.9 	: 	: 	: 	: 
A,EUR,D12_D4_MD5,G,EU27_2020	4.5 	5.1 	5.3 	5.6 	5.6 	6 	6.4 	6.7 
A,EUR,D12_D4_MD5,G,EU28	4.1 	4.7 	4.9 	: 	: 	: 	: 	: 
A,EUR,D12_D4_MD5,G,FI	5.5 	6.1 	6.7 	5.8 	5.9 p	6.1 p	6.3 p	6.1 p
A,EUR,D12_D4_MD5,G,FR	8.6 	9.5 	8.9 	10.1 	10 	10.3 	10.7 	11 
A,EUR,D12_D4_MD5,G,HR	1.2 	1.2 	1.3 	1 	1 	1.1 	1.3 	1.4 
A,EUR,D12_D4_MD5,G,HU	1.9 	1.5 	2.1 	1.5 	1.5 	1.3 	1.5 	1.6 
A,EUR,D12_D4_MD5,G,IE	3 	2.7 	3.1 	1.9 	: @C	: @C	: @C	: @C
A,EUR,D12_D4_MD5,G,IS	3 	3.9 	6.2 	7.1 	7.8 p	9.0 p	9.2 p	9.9 p
A,EUR,D12_D4_MD5,G,IT	6.4 	6.4 	6.7 	7.4 	7.2 	7.3 	7.5 	7.7 
A,EUR,D12_D4_MD5,G,LT	1.4 	1.3 	1.8 	0.1 	: @C	: @C	: @C	: @C
A,EUR,D12_D4_MD5,G,LU	2.8 	3.4 	3.8 	5.4 	5.2 	5.4 	5.8 	5.9 
A,EUR,D12_D4_MD5,G,LV	1.1 	1.1 	1.4 	2 	2 	2.2 	2.4 	2.8 
A,EUR,D12_D4_MD5,G,ME	: 	0.9 	0.5 	: 	: 	: 	: 	: 
A,EUR,D12_D4_MD5,G,MK	: 	0.2 	0.0 	: 	: 	: 	: 	: 
A,EUR,D12_D4_MD5,G,MT	0.7 	0.8 	0.9 	-1.1 	-0.3 	0.7 	1 	1.1 
A,EUR,D12_D4_MD5,G,NL	5.6 	6.2 	6.6 	6.7 	7.2 	8.2 	8.7 	: @C
A,EUR,D12_D4_MD5,G,NO	: 	7.6 	7 	6.9 	7.7 	7.8 	7.9 	8.1 
A,EUR,D12_D4_MD5,G,PL	1 	1 	1.2 	1.5 	1.6 	1.8 	2 	2.4 
A,EUR,D12_D4_MD5,G,PT	2.2 	2.5 	2.7 	2.6 	2.7 	3 	3.2 	3.4 
A,EUR,D12_D4_MD5,G,RO	0.8 	0.8 	0.9 	0.3 	0.3 	0.4 	0.4 	0.5 
A,EUR,D12_D4_MD5,G,RS	: 	0.7 	0.6 	0.6 	1.1 	1.5 	1.8 	2 
A,EUR,D12_D4_MD5,G,SE	9.8 	10.8 	12 	11 	12.2 	12 	11.4 	12.2 
A,EUR,D12_D4_MD5,G,SI	2 	2.2 	2.4 	2.4 	2.8 	3 	3.3 	3.5 
A,EUR,D12_D4_MD5,G,SK	0.1 	2 	2.4 	3 	3.1 	4 	4.2 	4.8 
A,EUR,D12_D4_MD5,G,TR	: 	0.8 	1 	0.5 	0.4 	0.5 	0.8 	1 
A,EUR,D12_D4_MD5,G,UK	2.3 	2.8 	3.1 	: 	: 	: 	: 	: 
A,EUR,D12_D4_MD5,G-J,MT	0.9 	0.9 	1.0 	1.0 	1.1 	1.0 	1.0 	: 
A,EUR,D12_D4_MD5,G-N,AL	: 	0.5 	0.5 	: 	: 	: 	: 	: 
A,EUR,D12_D4_MD5,G-N,AT	6.5 	7.6 	8.3 	9 	9.1 	9.6 	10.1 p	11 
A,EUR,D12_D4_MD5,G-N,BA	: 	0.4 	0.4 	: 	: 	: 	: 	: 
A,EUR,D12_D4_MD5,G-N,BE	10.7 	11.6 	10.4 	10.4 	10.6 	11.2 	12 	12.3 
A,EUR,D12_D4_MD5,G-N,BG	0.4 	0.5 	0.7 	0.9 	0.9 	1 	1.1 	1.3 
A,EUR,D12_D4_MD5,G-N,CH	: 	11.1 	11.4 	: 	: 	: 	: 	: 
A,EUR,D12_D4_MD5,G-N,CY	2.7 	2.9 	2.1 	2.7 	2.8 	3.2 	3.3 	3.6 
A,EUR,D12_D4_MD5,G-N,CZ	2.6 	2.8 	2.8 	3.9 	2.8 	3 	3.4 	3.4 
A,EUR,D12_D4_MD5,G-N,DE	5.4 	6.1 	6.4 	7.3 	7.4 	8.3 	8.8 	9.1 
A,EUR,D12_D4_MD5,G-N,DK	4.7 	5.7 	5.8 	6 	5.8 	6.1 	6.3 	6.6 
A,EUR,D12_D4_MD5,G-N,EA19	6.4 	7.2 	7.1 	7.6 	7.6 	8.2 	8.7 	9.1 
A,EUR,D12_D4_MD5,G-N,EA20	6.4 	7.1 	7 	7.5 	7.6 	8.2 	8.6 	9 
A,EUR,D12_D4_MD5,G-N,EE	2.2 	2.4 	2.9 	3.7 	4 	4.4 	5 	5.3 
A,EUR,D12_D4_MD5,G-N,EL	3.7 	3.8 	3.6 	2.9 	2.9 	3.2 	3.6 	3.9 
A,EUR,D12_D4_MD5,G-N,ES	4.8 	5.3 	5.1 	5.8 	5.6 	5.7 	6 	6.3 
A,EUR,D12_D4_MD5,G-N,EU15	5.9 	6.6 	6.7 	8 	: 	: 	: 	: 
A,EUR,D12_D4_MD5,G-N,EU27_2020	5.6 	6.3 	6.3 	6.6 	6.7 	7.2 	7.6 	8 
A,EUR,D12_D4_MD5,G-N,EU28	5.1 	5.8 	5.9 	: 	: 	: 	: 	: 
A,EUR,D12_D4_MD5,G-N,FI	5.7 	6.4 	7.2 	6.2 	6.1 p	6.3 p	6.6 p	6.4 p
A,EUR,D12_D4_MD5,G-N,FR	10.4 	11.7 	11 	11.7 	11.8 	12.3 	12.7 	13.2 
A,EUR,D12_D4_MD5,G-N,HR	1.5 	1.5 	1.5 	1.3 	1.3 	1.5 	1.7 	1.9 
A,EUR,D12_D4_MD5,G-N,HU	2.4 	2 	2.3 	1.8 	1.7 	1.6 	1.8 	2 
A,EUR,D12_D4_MD5,G-N,IE	4.1 	4 	4.1 	3.1 	3 	5.9 	7.1 	7.6 
A,EUR,D12_D4_MD5,G-N,IS	3.7 p	4.5 p	6.6 p	7.8 p	8.6 p	9.7 p	9.9 p	10.6 p
A,EUR,D12_D4_MD5,G-N,IT	7.2 	7.3 	7.3 	7.8 	7.6 	7.7 	7.9 	8.1 
A,EUR,D12_D4_MD5,G-N,LT	1.8 	1.8 	2.4 	0.6 	0.9 	0.9 	1 	1.2 
A,EUR,D12_D4_MD5,G-N,LU	4.9 	5.2 	5.6 	6.9 	6.9 	7.1 	7.6 	7.8 
A,EUR,D12_D4_MD5,G-N,LV	1.3 	1.4 	1.8 	2.5 	2.4 	2.7 	3 	3.4 
A,EUR,D12_D4_MD5,G-N,ME	: 	1.1 	0.7 	: 	: 	: 	: 	: 
A,EUR,D12_D4_MD5,G-N,MK	: 	0.2 	0.1 	: 	: 	: 	: 	: 
A,EUR,D12_D4_MD5,G-N,MT	1 	0.9 	1.1 	-0.7 	-0.3 	0.6 	1.1 	1.1 
A,EUR,D12_D4_MD5,G-N,NL	6.4 	7.2 	7.3 	6.9 	7.3 	8.6 	9.3 	9.9 
A,EUR,D12_D4_MD5,G-N,NO	: 	9.4 	8.7 	8.3 	9.1 	9.3 	9.9 	10.3 
A,EUR,D12_D4_MD5,G-N,PL	1.2 	1.3 	1.5 	1.8 	1.9 	2.1 	2.5 	2.9 
A,EUR,D12_D4_MD5,G-N,PT	2.5 	3 	2.9 	2.8 	2.9 	3.1 	3.3 	3.5 
A,EUR,D12_D4_MD5,G-N,RO	1 	1 	1.1 	0.4 	0.4 	0.5 	0.5 	0.6 
A,EUR,D12_D4_MD5,G-N,RS	: 	0.8 	0.7 	0.8 	1.2 	1.6 	1.8 	2.1 
A,EUR,D12_D4_MD5,G-N,SE	11.1 	12.6 	13.1 	12.6 	14 	13.8 	12.9 	13.6 
A,EUR,D12_D4_MD5,G-N,SI	2.5 	2.5 	2.6 	2.7 	3 	3.2 	3.5 	3.8 
A,EUR,D12_D4_MD5,G-N,SK	0.1 	2.4 	2.7 	3.5 	3.6 	4.4 	4.7 	5.3 
A,EUR,D12_D4_MD5,G-N,TR	: 	1 	1.1 	0.5 	: 	: 	: 	: 
A,EUR,D12_D4_MD5,G-N,UK	3.3 d	3.8 	4.2 	: 	: 	: 	: 	: 
A,EUR,D12_D4_MD5,H,AL	: 	0.7 	0.6 	: 	: 	: 	: 	: 
A,EUR,D12_D4_MD5,H,AT	6.8 	7.6 	8.5 	8.6 	9 	10 	10.7 p	11.3 
A,EUR,D12_D4_MD5,H,BA	: 	0.5 	0.5 	: 	: 	: 	: 	: 
A,EUR,D12_D4_MD5,H,BE	10.1 	9.7 	9.1 	9.4 	9.5 	10.1 	10.9 	11.1 
A,EUR,D12_D4_MD5,H,BG	0.6 	0.4 	0.6 	0.6 	0.6 	0.6 	0.7 	0.8 
A,EUR,D12_D4_MD5,H,CH	: 	9.8 	10.7 	: 	: 	: 	: 	: 
A,EUR,D12_D4_MD5,H,CY	2.5 	3 	3 	3.4 	3.1 	3.4 	3.5 	3.9 
A,EUR,D12_D4_MD5,H,CZ	2.6 	2.6 	2.6 	3.6 	3.8 	4.2 	4.7 	4.8 
A,EUR,D12_D4_MD5,H,DE	5.6 	5.9 	6.2 	6.6 	6.8 	7.5 	8.1 	8.4 
A,EUR,D12_D4_MD5,H,DK	3.9 	4.8 	5.1 	5.4 	6.1 	6.5 	6.6 	7 
A,EUR,D12_D4_MD5,H,EA19	6.4 	7.0 d	6.7 	6.8 	6.8 	7.4 	7.9 	8.2 
A,EUR,D12_D4_MD5,H,EA20	6.4 	6.9 d	6.7 	6.8 	6.8 	7.3 	7.8 	8.1 
A,EUR,D12_D4_MD5,H,EE	2 	2.4 	2.9 	3.5 	3.5 	4 	4.3 	4.5 
A,EUR,D12_D4_MD5,H,EL	4.8 	4.7 	4.2 	3.6 	4.2 	4.1 	4.3 	4.9 
A,EUR,D12_D4_MD5,H,ES	5.2 	5.7 	5.6 	6.6 	6.1 	6.3 	6.7 	7 
A,EUR,D12_D4_MD5,H,EU15	6.2 	6.7 	6.6 	7.2 	: 	: 	: 	: 
A,EUR,D12_D4_MD5,H,EU27_2020	5.4 	5.9 d	5.8 	5.9 	5.9 	6.4 	6.8 	7.2 
A,EUR,D12_D4_MD5,H,EU28	5.1 	5.6 d	5.6 	: 	: 	: 	: 	: 
A,EUR,D12_D4_MD5,H,FI	6.1 	5.9 	6.6 	6.7 	5.7 p	6.0 p	6.2 p	6.0 p
A,EUR,D12_D4_MD5,H,FR	9.6 	10.6 	9 	9.1 	9.1 	9.6 	10 	10.5 
A,EUR,D12_D4_MD5,H,HR	1.3 	1.5 	1.3 	1.2 	1.2 	1.3 	1.5 	1.6 
A,EUR,D12_D4_MD5,H,HU	2.3 	1.9 	1.9 	1.7 	1.6 	1.4 	1.7 	1.8 
A,EUR,D12_D4_MD5,H,IE	4.3 	5.2 	4.3 	2.6 	: @C	: @C	: @C	: @C
A,EUR,D12_D4_MD5,H,IS	3.9 	5.3 	7 	9 	9.1 p	10.4 p	10.8 p	11.6 p
A,EUR,D12_D4_MD5,H,IT	6.3 	6.6 	6.4 	7.2 	7 	7 	7.3 	7.5 
A,EUR,D12_D4_MD5,H,LT	2.7 	2.7 	3.4 	1.6 	1.2 	0.9 	0.9 	0.9 
A,EUR,D12_D4_MD5,H,LU	4.5 	4.8 	5.1 	5.6 	5.6 	5.8 	6.2 	6.4 
A,EUR,D12_D4_MD5,H,LV	1.3 	1.5 	1.7 	2.3 	2.2 	2.4 	2.7 	3.2 
A,EUR,D12_D4_MD5,H,ME	: 	0.5 	0.8 	: 	: 	: 	: 	: 
A,EUR,D12_D4_MD5,H,MK	: 	0.2 	0.1 	: 	: 	: 	: 	: 
A,EUR,D12_D4_MD5,H,MT	1.2 	: 	1 	-1 	-0.7 	0.6 	1.5 	1.5 
A,EUR,D12_D4_MD5,H,NL	6.3 	6.9 	8.1 	5.8 	6.2 	8 	8.8 	: @C
A,EUR,D12_D4_MD5,H,NO	: 	9.5 	9.8 	7.8 	8.7 	9.1 	9.6 	10 
A,EUR,D12_D4_MD5,H,PL	1.4 	1.3 	1.4 	1.7 	1.8 	2.1 	2.5 	3 
A,EUR,D12_D4_MD5,H,PT	3.5 	3.4 	4.2 	3.4 	3.6 	3.7 	3.6 	3.8 
A,EUR,D12_D4_MD5,H,RO	1.1 	1 	1.1 	0.5 	0.6 	0.6 	0.7 	0.8 
A,EUR,D12_D4_MD5,H,RS	: 	0.6 	0.6 	0.6 	0.9 	1.2 	1.3 	1.5 
A,EUR,D12_D4_MD5,H,SE	9.3 	10.5 	10.4 	9.7 	10.8 	10.7 	10.2 	10.6 
A,EUR,D12_D4_MD5,H,SI	2.4 	2.4 	2.5 	2.3 	2.6 	2.9 	3.1 	3.4 
A,EUR,D12_D4_MD5,H,SK	0.1 	2.1 	2.3 	3.1 	3 	3.9 	4 	4.6 
A,EUR,D12_D4_MD5,H,TR	: 	1 	1.2 	0.6 	0.5 	0.6 	0.9 	1.1 
A,EUR,D12_D4_MD5,H,UK	3.5 	4.1 	4.7 	: 	: 	: 	: 	: 
A,EUR,D12_D4_MD5,I,AL	: 	0.3 	0.3 	: 	: 	: 	: 	: 
A,EUR,D12_D4_MD5,I,AT	3.3 	4.3 	4.7 	5.3 	5.2 	6.1 	6.5 p	6.9 
A,EUR,D12_D4_MD5,I,BA	: 	0.2 	0.2 	: 	: 	: 	: 	: 
A,EUR,D12_D4_MD5,I,BE	: 	7.2 	7.4 	11 	11.2 	11.5 	12.7 	12.9 
A,EUR,D12_D4_MD5,I,BG	0.3 	0.4 	0.4 	0.1 	0.1 	0.1 	0.1 	0.1 
A,EUR,D12_D4_MD5,I,CH	: 	6.2 	6.2 	: 	: 	: 	: 	: 
A,EUR,D12_D4_MD5,I,CY	1.3 	1.1 	0.9 	1 	0.9 	1.5 	1.5 	1.6 
A,EUR,D12_D4_MD5,I,CZ	1.5 	1.5 	1.6 	2.5 	-17.8 	13 	14.2 	14.7 
A,EUR,D12_D4_MD5,I,DE	2.9 	3.3 	3.6 	4.5 	4.6 	5.3 	5.8 	6.1 
A,EUR,D12_D4_MD5,I,DK	2.4 	3 	2.7 	2.7 	: @C	: @C	: @C	: @C
A,EUR,D12_D4_MD5,I,EA	4.7 	5.3 	5.3 	4.8 	: 	: 	: 	: 
A,EUR,D12_D4_MD5,I,EA19	3.6 d	4.1 	4 	3.9 	3.8 	4.8 	5.3 	5.6 
A,EUR,D12_D4_MD5,I,EA20	3.6 d	4 	4 	3.8 	3.7 	4.7 	5.2 	5.5 
A,EUR,D12_D4_MD5,I,EE	1.4 	1.4 	1.9 	1.8 	1.8 	2.1 	2.5 	2.6 
A,EUR,D12_D4_MD5,I,EL	2.5 	2.4 	1.9 	2 	2.6 	3.5 	4.6 	6.6 
A,EUR,D12_D4_MD5,I,ES	3.5 	3.7 	3.7 	4.4 	3.7 	4.1 	4.4 	4.5 
A,EUR,D12_D4_MD5,I,EU15	3.0 d	3.4 	3.6 	4.1 	: 	: 	: 	: 
A,EUR,D12_D4_MD5,I,EU27_2020	3.2 d	3.6 	3.6 	3.4 	2.8 	3.5 	3.8 	4 
A,EUR,D12_D4_MD5,I,EU28	2.7 d	3.1 	3.2 	: 	: 	: 	: 	: 
A,EUR,D12_D4_MD5,I,FI	4.9 	5.2 	5.6 	4.8 	4.6 p	4.6 p	4.8 p	4.9 p
A,EUR,D12_D4_MD5,I,FR	5.9 	6.8 	6.4 	5.7 	6.6 	9.1 	9.6 	10 
A,EUR,D12_D4_MD5,I,HR	1.2 	0.9 	1.2 	0.9 	0.9 	1 	1.2 	1.3 
A,EUR,D12_D4_MD5,I,HU	1.4 	1 	1.2 	0.9 	0.7 	1 	1.2 	1.2 
A,EUR,D12_D4_MD5,I,IE	1.7 	1.3 	1.5 	: @C	: @C	: @C	: @C	: @C
A,EUR,D12_D4_MD5,I,IS	2.2 p	2.9 p	4.4 p	5.4 	5.9 p	6.8 p	7.0 p	7.5 p
A,EUR,D12_D4_MD5,I,IT	4.3 	4.4 	4.6 	5.5 	5.3 	5.1 	5.5 	5.6 
A,EUR,D12_D4_MD5,I,LT	0.9 	0.8 	1.2 	: @C	: @C	: @C	: @C	: @C
A,EUR,D12_D4_MD5,I,LU	2.2 	2.6 	2.5 	4 	3.9 	3.2 	3.4 	3.4 
A,EUR,D12_D4_MD5,I,LV	0.8 	0.8 	1.1 	1.6 	1 	1.6 	1.7 	2 
A,EUR,D12_D4_MD5,I,ME	: 	0.9 	0.5 	: 	: 	: 	: 	: 
A,EUR,D12_D4_MD5,I,MK	: 	0.2 	0.0 	: 	: 	: 	: 	: 
A,EUR,D12_D4_MD5,I,MT	0.7 	0.7 	0.8 	-4.4 	-4 	-0.9 	0.6 	0.7 
A,EUR,D12_D4_MD5,I,NL	3.8 	3.7 	4 	1.3 	1.1 	-2.7 	-3.3 	: @C
A,EUR,D12_D4_MD5,I,NO	: 	5.5 	4.5 	2 	2.2 	2.1 	2 	2.1 
A,EUR,D12_D4_MD5,I,PL	0.8 	0.8 	1 	1 	1.1 	1.2 	1.4 	1.6 
A,EUR,D12_D4_MD5,I,PT	1.7 	1.6 	1.6 	1 	1.1 	1.2 	1.2 	1.3 
A,EUR,D12_D4_MD5,I,RO	0.6 	0.5 	0.6 	0.2 	0.2 	0.2 	0.3 	0.3 
A,EUR,D12_D4_MD5,I,RS	: 	0.6 	0.5 	0.4 	-4.8 	-7 	-7.9 	-9.2 
A,EUR,D12_D4_MD5,I,SE	5.6 	6.3 	6.9 	5 	5.6 	5.5 	5.4 	5.8 
A,EUR,D12_D4_MD5,I,SI	1.6 	1.8 	1.8 	0.1 	0.1 	0.1 	0.1 	0.1 
A,EUR,D12_D4_MD5,I,SK	0 	1.5 	1.6 	1.6 	2.1 	3.5 	4.7 	5.4 
A,EUR,D12_D4_MD5,I,TR	: 	0.7 	0.8 	0.3 	0.3 	0.3 	0.6 	0.8 
A,EUR,D12_D4_MD5,I,UK	1.4 	1.7 	2.2 	: 	: 	: 	: 	: 
A,EUR,D12_D4_MD5,J,AL	: 	0.6 	0.6 	: 	: 	: 	: 	: 
A,EUR,D12_D4_MD5,J,AT	10.4 	11.2 	11.7 	12.4 	12.5 	13.3 	14.1 p	15.6 
A,EUR,D12_D4_MD5,J,BA	: 	0.8 	0.8 	: 	: 	: 	: 	: 
A,EUR,D12_D4_MD5,J,BE	: 	15.6 	13.1 	13.3 	13.5 	14.1 	15.4 	15.6 
A,EUR,D12_D4_MD5,J,BG	0.8 	1 	1.2 	1.6 	1.7 	1.9 	2.1 	2.4 
A,EUR,D12_D4_MD5,J,CH	: 	13.4 	14.7 	: 	: 	: 	: 	: 
A,EUR,D12_D4_MD5,J,CY	5.1 	5.1 	3.2 	4.5 	4.6 	5.2 	5.8 	6.2 
A,EUR,D12_D4_MD5,J,CZ	4.2 	4.8 	4.9 	6 	6.6 	7.3 	8.4 	8.5 
A,EUR,D12_D4_MD5,J,DE	7.5 	8.4 	8.8 	9.8 	10.5 	10.9 	11.5 	11.9 
A,EUR,D12_D4_MD5,J,DK	5.5 	6.1 	6.3 	5.8 	6.2 	6.5 	6.6 	6.9 
A,EUR,D12_D4_MD5,J,EA19	9.1 	9.9 d	9.5 	10.2 	10.6 	11 	11.5 	12 
A,EUR,D12_D4_MD5,J,EA20	9 	9.8 d	9.4 	10.1 	10.5 	10.9 	11.4 	11.9 
A,EUR,D12_D4_MD5,J,EE	3.2 	4 	4.8 	6.2 	6.9 	7.4 	8.4 	9.3 
A,EUR,D12_D4_MD5,J,EL	5 	4.1 	4.1 	3.5 	3.2 	3.6 	4.2 	4.5 
A,EUR,D12_D4_MD5,J,ES	6.6 	7 	6.5 	7 	7.2 	7 	7.6 	8 
A,EUR,D12_D4_MD5,J,EU15	8.5 	9.3 	9.0 	10.8 	: 	: 	: 	: 
A,EUR,D12_D4_MD5,J,EU27_2020	8.2 	9.0 d	8.6 	9.1 	9.5 	9.9 	10.3 	10.8 
A,EUR,D12_D4_MD5,J,EU28	7.6 	8.3 d	8.0 	: 	: 	: 	: 	: 
A,EUR,D12_D4_MD5,J,FI	7.5 	8.6 	9.5 	7.4 	7.8 p	7.9 p	8.2 p	8.1 p
A,EUR,D12_D4_MD5,J,FR	15.1 	15.9 	14.3 	16.8 	17 	17.4 	17.7 	18.4 
A,EUR,D12_D4_MD5,J,HR	2.6 	2.3 	2.2 	2.5 	2.6 	2.9 	3.2 	3.5 
A,EUR,D12_D4_MD5,J,HU	4.8 	3.6 	3.8 	2.9 	2.8 	2.5 	2.9 	3.1 
A,EUR,D12_D4_MD5,J,IE	6.2 	6.3 	6.9 	7.1 	7.8 	8.8 	9.9 	10.6 
A,EUR,D12_D4_MD5,J,IS	4.0 p	5.1 p	8.5 	9 	10.2 p	11.3 p	11.4 p	12.3 p
A,EUR,D12_D4_MD5,J,IT	9.6 	9.9 	9.3 	9.4 	9.4 	9.5 	9.8 	10 
A,EUR,D12_D4_MD5,J,LT	2.2 	2.7 	3.6 	0.8 	1 	1.2 	1.5 	1.9 
A,EUR,D12_D4_MD5,J,LU	5.3 	5.8 	6.3 	6.9 	6.9 	7.3 	7.7 	7.9 
A,EUR,D12_D4_MD5,J,LV	2.3 	2.4 	3.1 	4 	4.1 	4.6 	5.1 	5.5 
A,EUR,D12_D4_MD5,J,ME	: 	1.6 	1.2 	: 	: 	: 	: 	: 
A,EUR,D12_D4_MD5,J,MK	: 	0.4 	0.1 	: 	: 	: 	: 	: 
A,EUR,D12_D4_MD5,J,MT	1.2 	: 	1.4 	1.1 	1.3 	1.5 	1.6 	1.6 
A,EUR,D12_D4_MD5,J,NL	8.2 	8.6 	8.5 	8.3 	9.4 	10.8 	11.5 	: @C
A,EUR,D12_D4_MD5,J,NO	: 	12.3 	11.3 	11.6 	12.8 	12.8 	14.4 	15.7 
A,EUR,D12_D4_MD5,J,PL	2 	2 	2.4 	2.9 	3.1 	3.4 	3.9 	4.4 
A,EUR,D12_D4_MD5,J,PT	: 	4.4 	3.9 	3.9 	4.1 	4.6 	4.8 	5.1 
A,EUR,D12_D4_MD5,J,RO	1.8 	1.8 	2 	0.6 	0.7 	0.8 	0.9 	1 
A,EUR,D12_D4_MD5,J,RS	: 	1.1 	1.2 	1.5 	2.1 	2.8 	3.4 	3.8 
A,EUR,D12_D4_MD5,J,SE	14.5 	17.2 	18.2 	18.9 	21.3 	20.8 	18.9 	20 
A,EUR,D12_D4_MD5,J,SI	3.9 	3.6 	3.8 	3.8 	4.2 	4.5 	4.9 	5.3 
A,EUR,D12_D4_MD5,J,SK	0.1 	4 	4.5 	5.6 	6 	6.6 	7.1 	7.8 
A,EUR,D12_D4_MD5,J,TR	: 	2.1 	2 	1 	1 	1 	1.6 	2.2 
A,EUR,D12_D4_MD5,J,UK	5.3 	5.5 	5.7 	: 	: 	: 	: 	: 
A,EUR,D12_D4_MD5,K,AL	: 	0.7 	0.8 	: 	: 	: 	: 	: 
A,EUR,D12_D4_MD5,K,AT	11.7 	13.4 	14.7 	14.1 	13.1 	14.2 	14.6 p	15.4 
A,EUR,D12_D4_MD5,K,BA	: 	0.9 	1.0 	: 	: 	: 	: 	: 
A,EUR,D12_D4_MD5,K,BE	18.3 	19.8 	16.6 	15.5 	15.6 	16.6 	17.9 	18.3 
A,EUR,D12_D4_MD5,K,BG	0.8 	0.9 	1.1 	1.4 	1.4 	1.6 	1.7 	1.9 
A,EUR,D12_D4_MD5,K,CH	: 	16.1 	17.6 	: 	: 	: 	: 	: 
A,EUR,D12_D4_MD5,K,CY	7.5 	7.8 	4.9 	7 	7.3 	7.8 	8.3 	8.9 
A,EUR,D12_D4_MD5,K,CZ	4.7 	5 	4.9 	6.2 	6.6 	7.4 	8.3 	8.3 
A,EUR,D12_D4_MD5,K,DE	9.7 	11.6 	11.1 	13 	12.6 	14.1 	15 	15.6 
A,EUR,D12_D4_MD5,K,DK	12 	14.2 	16.6 	17.6 	18.9 	19.4 	19.7 	20.2 
A,EUR,D12_D4_MD5,K,EA	11.9 	13.2 	13.7 	14.8 	: 	: 	: 	: 
A,EUR,D12_D4_MD5,K,EA19	11.9 	13.7 d	13.7 	14.4 	14.5 	15.3 	16 	16.6 
A,EUR,D12_D4_MD5,K,EA20	11.8 	13.6 d	13.5 	14.3 	14.3 	15.1 	15.8 	16.5 
A,EUR,D12_D4_MD5,K,EE	4.3 	4.1 	5 	6.4 	6.7 	7.2 	8 	8.7 
A,EUR,D12_D4_MD5,K,EL	6.5 	7.5 	9.8 	5.9 	5.2 	5.8 	6.5 	6 
A,EUR,D12_D4_MD5,K,ES	9.3 	10.6 	11.2 	12.1 	11.6 	11.5 	11.5 	12.2 
A,EUR,D12_D4_MD5,K,EU15	11.1 	12.7 	12.7 	15.2 	: 	: 	: 	: 
A,EUR,D12_D4_MD5,K,EU27_2020	10.6 	12.2 d	12.2 	12.9 	13 	13.7 	14.3 	14.9 
A,EUR,D12_D4_MD5,K,EU28	9.8 	11.2 d	11.3 	: 	: 	: 	: 	: 
A,EUR,D12_D4_MD5,K,FI	8.8 	9.2 	9.9 	8.2 	7.7 p	8.3 p	8.7 p	8.3 p
A,EUR,D12_D4_MD5,K,FR	17.4 	19.7 	20.6 	20.7 	20.8 	21.9 	22.8 	23.8 
A,EUR,D12_D4_MD5,K,HR	2.5 	2.3 	2.5 	2.3 	2.4 	2.5 	2.8 	3 
A,EUR,D12_D4_MD5,K,HU	5.1 	4.2 	4.4 	3.5 	3.3 	2.9 	3.4 	3.6 
A,EUR,D12_D4_MD5,K,IE	8.8 	8.8 	8.8 	10.3 	11.5 	10.9 	11.5 	12.2 
A,EUR,D12_D4_MD5,K,IS	7.9 	9.1 	14.7 	15.5 	11.5 p	13.3 p	13.7 p	14.5 p
A,EUR,D12_D4_MD5,K,IT	14.1 	14.4 	14.1 	15 	14.4 	15 	15.3 	15.7 
A,EUR,D12_D4_MD5,K,LT	3 	3.5 	4 	1.2 	1.2 	1.3 	1.4 	1.6 
A,EUR,D12_D4_MD5,K,LU	8 	9 	9.6 	10.8 	11 	11.6 	12.4 	12.6 
A,EUR,D12_D4_MD5,K,LV	2.7 	2.8 	3.5 	4.2 	4.2 	4.7 	5.1 	5.5 
A,EUR,D12_D4_MD5,K,ME	: 	2.6 	1.6 	: 	: 	: 	: 	: 
A,EUR,D12_D4_MD5,K,MK	: 	0.2 	0.1 	: 	: 	: 	: 	: 
A,EUR,D12_D4_MD5,K,MT	1.8 	: 	1.9 	1.8 	1.9 	2 	2 	2 
A,EUR,D12_D4_MD5,K,NL	12.7 	16.9 	14.2 	15 	15.9 	15.7 	16 	: @C
A,EUR,D12_D4_MD5,K,NO	: 	15.7 	16.9 	20.4 	21.5 	22.9 	25.3 	26.9 
A,EUR,D12_D4_MD5,K,PL	2 	2.1 	2.3 	3 	3.1 	3.4 	4 	4.7 
A,EUR,D12_D4_MD5,K,PT	5 	8.6 	6.6 	6.8 	6.5 	6.7 	7.1 	7.7 
A,EUR,D12_D4_MD5,K,RO	2.3 	2.3 	2.1 	0.8 	0.8 	0.9 	1 	1.1 
A,EUR,D12_D4_MD5,K,RS	: 	1.6 	1.6 	1.9 	2.1 	2.2 	2.5 	2.8 
A,EUR,D12_D4_MD5,K,SE	20.1 	24.6 	22.2 	22.7 	25.2 	24.7 	22.2 	23.3 
A,EUR,D12_D4_MD5,K,SI	4.2 	3.8 	4.2 	4.8 	5.1 	5.8 	6.4 	6.7 
A,EUR,D12_D4_MD5,K,SK	0.1 	4 	4.7 	6.1 	6.3 	6.8 	7.4 	8.1 
A,EUR,D12_D4_MD5,K,TR	: 	2.4 	2.5 	1.2 	1.1 	1.1 	1.7 	2.4 
A,EUR,D12_D4_MD5,K,UK	6.7 	7.6 	8 	: 	: 	: 	: 	: 
A,EUR,D12_D4_MD5,K-N,MT	1.1 	0.9 	1.2 	1.2 	1.2 	1.3 	1.3 	: 
A,EUR,D12_D4_MD5,L,MT	0.6 	: 	1.2 	0.9 	1.0 	1.0 	1.0 	: 
A,EUR,D12_D4_MD5,M,AL	: 	0.5 	0.5 	: 	: 	: 	: 	: 
A,EUR,D12_D4_MD5,M,AT	8.2 	9.3 	10.1 	11.2 	9.8 	10.4 	11.2 p	12.2 
A,EUR,D12_D4_MD5,M,BA	: 	0.4 	0.5 	: 	: 	: 	: 	: 
A,EUR,D12_D4_MD5,M,BE	: 	12.8 	12.5 	11.5 	11.6 	12.3 	13.3 	13.6 
A,EUR,D12_D4_MD5,M,BG	0.6 	0.7 	1 	1.3 	1.3 	1.5 	1.6 	1.8 
A,EUR,D12_D4_MD5,M,CH	: 	13.1 	14.1 	: 	: 	: 	: 	: 
A,EUR,D12_D4_MD5,M,CY	2.7 	2.9 	2.8 	2.8 	3 	3.1 	3.4 	3.6 
A,EUR,D12_D4_MD5,M,CZ	3.5 	3.7 	3.8 	4.8 	5.2 	5.6 	6.5 	6.8 
A,EUR,D12_D4_MD5,M,DE	6.5 	7.5 	8 	8.7 	8.6 	10.4 	10.4 	11 
A,EUR,D12_D4_MD5,M,DK	4.6 	5.5 	5.3 	5.4 	6 	6.2 	6.4 	6.7 
A,EUR,D12_D4_MD5,M,EA19	8.3 	9.3 	9.5 	9.7 	9.6 	10.6 	10.9 	11.4 
A,EUR,D12_D4_MD5,M,EA20	8.2 	9.3 	9.4 	9.6 	9.5 	10.5 	10.9 	11.4 
A,EUR,D12_D4_MD5,M,EE	2.9 	3.2 	4.1 	4.4 	4.6 	5.2 	6.3 	6.5 
A,EUR,D12_D4_MD5,M,EL	2.9 	3.1 	3.5 	2.9 	2.8 	3 	3.1 	3.6 
A,EUR,D12_D4_MD5,M,ES	5.3 	5.9 	5.8 	6.4 	6.2 	6.3 	6.9 	7.3 
A,EUR,D12_D4_MD5,M,EU15	8.7 	8.5 	8.7 	10 	: 	: 	: 	: 
A,EUR,D12_D4_MD5,M,EU27_2020	7.5 	8.5 	8.7 	8.8 	8.8 	9.6 	9.9 	10.4 
A,EUR,D12_D4_MD5,M,EU28	7.5 	7.7 	7.9 	: 	: 	: 	: 	: 
A,EUR,D12_D4_MD5,M,FI	7 	8.4 	8.6 	7.6 	7.2 p	7.3 p	7.6 p	7.4 p
A,EUR,D12_D4_MD5,M,FR	12.7 	15.3 	15 	15.7 	15.4 	16 	16.3 	16.9 
A,EUR,D12_D4_MD5,M,HR	2.2 	2.6 	2 	1.9 	1.9 	2.1 	2.4 	2.7 
A,EUR,D12_D4_MD5,M,HU	3.3 	3 	3.2 	2.4 	2.4 	2.2 	2.5 	2.7 
A,EUR,D12_D4_MD5,M,IE	6.2 	5 	5.2 	4.7 	5.6 	7.7 	8.8 	9.2 
A,EUR,D12_D4_MD5,M,IS	4.3 p	5.3 p	7.8 p	8.7 p	9.8 p	11.2 p	11.6 p	12.3 p
A,EUR,D12_D4_MD5,M,IT	8.7 	9.2 	11.1 	9.3 	9.3 	9.5 	9.8 	10.1 
A,EUR,D12_D4_MD5,M,LT	2.1 	2.2 	2.7 	0.6 	0.9 	1.1 	1.2 	1.4 
A,EUR,D12_D4_MD5,M,LU	6.1 	6.1 	6.4 	7.6 	7.7 	8.1 	8.7 	8.8 
A,EUR,D12_D4_MD5,M,LV	1.6 	1.9 	2.3 	3.5 	3.8 	4.4 	4.9 	5.4 
A,EUR,D12_D4_MD5,M,ME	: 	1.3 	0.7 	: 	: 	: 	: 	: 
A,EUR,D12_D4_MD5,M,MK	: 	0.3 	0.1 	: 	: 	: 	: 	: 
A,EUR,D12_D4_MD5,M,MT	1 	1 	1.3 	0.8 	1 	1.4 	1.5 	1.5 
A,EUR,D12_D4_MD5,M,NL	7.7 	9.1 	9.6 	9.1 	9 	10.3 	11.2 	: @C
A,EUR,D12_D4_MD5,M,NO	: 	11.9 	11.4 	9.8 	10.9 	11.3 	12.2 	12.7 
A,EUR,D12_D4_MD5,M,PL	1.5 	1.7 	1.8 	2.3 	2.4 	2.7 	3.1 	3.5 
A,EUR,D12_D4_MD5,M,PT	: 	3.5 	4 	3.9 	4.1 	4.4 	4.5 	4.8 
A,EUR,D12_D4_MD5,M,RO	1.5 	1.5 	1.6 	0.5 	0.5 	0.6 	0.6 	0.7 
A,EUR,D12_D4_MD5,M,RS	: 	1.1 	1 	1 	1.4 	1.9 	2.1 	2.4 
A,EUR,D12_D4_MD5,M,SE	14 	16.6 	17.1 	15.1 	16.9 	16.8 	15.5 	16.2 
A,EUR,D12_D4_MD5,M,SI	3.2 	3.2 	3.2 	3.5 	3.9 	4.2 	4.6 	4.9 
A,EUR,D12_D4_MD5,M,SK	0.1 	2.9 	3.3 	4.7 	4.6 	5.5 	6 	6.5 
A,EUR,D12_D4_MD5,M,TR	: 	1.6 	1.4 	0.7 	0.6 	0.6 	1 	1.4 
A,EUR,D12_D4_MD5,M,UK	: 	5.4 	5.7 	: 	: 	: 	: 	: 
A,EUR,D12_D4_MD5,N,AL	: 	0.3 	0.5 	: 	: 	: 	: 	: 
A,EUR,D12_D4_MD5,N,AT	5.1 	5.8 	6.2 	7.4 	8.3 	8.9 	9.3 p	10.3 
A,EUR,D12_D4_MD5,N,BA	: 	0.3 	0.2 	: 	: 	: 	: 	: 
A,EUR,D12_D4_MD5,N,BE	9.1 	8.7 	8.6 	8.9 	9 	9.5 	10.1 	10.4 
A,EUR,D12_D4_MD5,N,BG	0.2 	0.2 	0.4 	0.6 	0.7 	0.8 	0.9 	1.1 
A,EUR,D12_D4_MD5,N,CH	: 	8.8 	7.9 	: 	: 	: 	: 	: 
A,EUR,D12_D4_MD5,N,CY	1.1 	1.2 	1.1 	2.1 	2.1 	2.4 	2.6 	2.8 
A,EUR,D12_D4_MD5,N,CZ	1.6 	1.7 	1.7 	2.5 	2.7 	3 	3.4 	3.5 
A,EUR,D12_D4_MD5,N,DE	3.3 	3.9 	4.5 	5.3 	5.5 	6.3 	6.9 	7.3 
A,EUR,D12_D4_MD5,N,DK	2.8 	4.1 	4 	4.2 	5 	5.2 	5.5 	5.7 
A,EUR,D12_D4_MD5,N,EA19	4.3 d	4.8 	4.9 	5.5 	5.6 	6.1 	6.5 	6.8 
A,EUR,D12_D4_MD5,N,EA20	4.3 d	4.8 	4.9 	5.4 	5.5 	6 	6.4 	6.8 
A,EUR,D12_D4_MD5,N,EE	1.8 	2 	2.4 	2.9 	3.1 	3.3 	3.8 	4.2 
A,EUR,D12_D4_MD5,N,EL	2.4 	2.4 	2.3 	2.3 	2.3 	2.5 	2.6 	3 
A,EUR,D12_D4_MD5,N,ES	3.9 	4.1 	4 	4.4 	4.5 	4.4 	4.9 	5.1 
A,EUR,D12_D4_MD5,N,EU15	3.9 d	4.4 	4.6 	5.7 	: 	: 	: 	: 
A,EUR,D12_D4_MD5,N,EU27_2020	3.9 d	4.4 	4.4 	4.9 	5 	5.5 	5.9 	6.2 
A,EUR,D12_D4_MD5,N,EU28	3.5 d	4.0 	4.2 	: 	: 	: 	: 	: 
A,EUR,D12_D4_MD5,N,FI	3.6 	4.5 	5.2 	4.3 	4.5 p	4.5 p	4.9 p	5.0 p
A,EUR,D12_D4_MD5,N,FR	7.2 	8.3 	7.2 	7.7 	7.7 	8 	8.4 	8.8 
A,EUR,D12_D4_MD5,N,HR	1 	0.8 	1.1 	0.6 	0.6 	0.6 	0.8 	0.9 
A,EUR,D12_D4_MD5,N,HU	1.6 	1.3 	1.7 	1.4 	1.4 	1.2 	1.4 	1.4 
A,EUR,D12_D4_MD5,N,IE	2.8 	2.3 	2.6 	2.2 	2.2 	4.1 	4.7 	5.6 
A,EUR,D12_D4_MD5,N,IS	2.9 p	4.0 p	5.7 p	7.2 p	7.8 p	9.1 p	9.4 p	10.1 p
A,EUR,D12_D4_MD5,N,IT	4.7 	4.8 	4.9 	5.3 	5.2 	5.2 	5.3 	5.4 
A,EUR,D12_D4_MD5,N,LT	1.4 	1.1 	1.9 	0.1 	: @C	: @C	: @C	: @C
A,EUR,D12_D4_MD5,N,LU	: 	2.5 	2.8 	4.3 	4.3 	4.5 	4.8 	4.9 
A,EUR,D12_D4_MD5,N,LV	1.1 	1.1 	1.4 	2 	2 	2.2 	2.3 	2.7 
A,EUR,D12_D4_MD5,N,ME	: 	0.8 	0.4 	: 	: 	: 	: 	: 
A,EUR,D12_D4_MD5,N,MK	: 	0.1 	0.0 	: 	: 	: 	: 	: 
A,EUR,D12_D4_MD5,N,MT	0.8 	0.4 	0.9 	-0.8 	-0.2 	0.6 	1 	0.9 
A,EUR,D12_D4_MD5,N,NL	4.3 	4.6 	5 	4.9 	5.3 	6.6 	7.2 	: @C
A,EUR,D12_D4_MD5,N,NO	: 	7.1 	5.8 	5.2 	5.7 	5.6 	5.9 	6.3 
A,EUR,D12_D4_MD5,N,PL	0.8 	0.8 	1 	1.4 	1.5 	1.6 	2 	2.4 
A,EUR,D12_D4_MD5,N,PT	1.4 	1.6 	1.8 	2 	1.9 	2 	2.2 	2.4 
A,EUR,D12_D4_MD5,N,RO	0.5 	0.6 	0.8 	0.3 	0.3 	0.3 	0.4 	0.4 
A,EUR,D12_D4_MD5,N,RS	: 	0.5 	0.6 	0.7 	1.1 	1.4 	1.6 	1.8 
A,EUR,D12_D4_MD5,N,SE	7.4 	8.6 	8.9 	8.5 	9.2 	9.2 	8.9 	9.4 
A,EUR,D12_D4_MD5,N,SI	1.4 	1.5 	1.8 	1.9 	2.1 	2.3 	2.6 	2.8 
A,EUR,D12_D4_MD5,N,SK	0 	1.5 	1.9 	2.5 	2.6 	3.5 	3.6 	4 
A,EUR,D12_D4_MD5,N,TR	: 	0.7 	0.9 	0.5 	0.5 	0.5 	0.8 	1.1 
A,EUR,D12_D4_MD5,N,UK	2 	2.5 	3.1 	: 	: 	: 	: 	: 
A,EUR,D12_D4_MD5,O-S,MT	: 	: 	0.2 d	0.4 	0.4 	0.4 	0.4 	: 
A,EUR,D12_D4_MD5,P,AL	: 	0.4 	0.5 	: 	: 	: 	: 	: 
A,EUR,D12_D4_MD5,P,AT	6.5 	7.3 	8.1 	9 	8.9 	9.6 	9.9 p	11.1 
A,EUR,D12_D4_MD5,P,BA	: 	0.5 	0.5 	: 	: 	: 	: 	: 
A,EUR,D12_D4_MD5,P,BE	2.9 	3.9 	7.6 	8 	8.1 	8.5 	9.3 	9.5 
A,EUR,D12_D4_MD5,P,BG	0.6 	0.6 	0.9 	1.6 	1.8 	2 	2.3 	2.6 
A,EUR,D12_D4_MD5,P,CH	: 	13.8 	14.9 	: 	: 	: 	: 	: 
A,EUR,D12_D4_MD5,P,CY	3.8 	3.7 	8.8 	9.9 	10.1 	10.3 	10.6 	11 
A,EUR,D12_D4_MD5,P,CZ	2.3 	2.5 	2.5 	3.7 	4.1 	4.5 	4.8 	4.6 
A,EUR,D12_D4_MD5,P,DE	9 	9.9 	10.7 	11.9 	12.1 	12.8 	13.1 	13.7 
A,EUR,D12_D4_MD5,P,DK	4 	4.6 	5.3 	5.8 	6 	6.2 	6.3 	6.6 
A,EUR,D12_D4_MD5,P,EA19	9.2 d	9.7 d	10.3 	10.7 	10.7 	11.1 	11.5 	12 
A,EUR,D12_D4_MD5,P,EA20	9.1 d	9.5 d	10.1 	10.6 	10.6 	10.9 	11.3 	11.8 
A,EUR,D12_D4_MD5,P,EE	1.9 	1.9 	2.6 	3.5 	3.6 	3.9 	4.5 	4.9 
A,EUR,D12_D4_MD5,P,EL	1.6 	2.4 	1.9 	2.8 	2.8 	2.5 	2.7 	2.8 
A,EUR,D12_D4_MD5,P,ES	5.9 	5.9 	6 	6.5 	6.4 	6.6 	6.9 	7.1 
A,EUR,D12_D4_MD5,P,EU15	8.1 d	9.1 	10.2 	11.2 	: 	: 	: 	: 
A,EUR,D12_D4_MD5,P,EU27_2020	7 	7.5 d	8.2 	8.6 	8.6 	8.9 	9.3 	9.7 
A,EUR,D12_D4_MD5,P,EU28	6.4 d	7.3 d	8.3 	: 	: 	: 	: 	: 
A,EUR,D12_D4_MD5,P,FI	5.6 	7.7 	9 	7.3 	6.5 p	6.6 p	6.8 p	6.8 p
A,EUR,D12_D4_MD5,P,FR	: 	16.7 	17.8 	19 	: @C	: @C	: @C	: @C
A,EUR,D12_D4_MD5,P,HR	1.3 	1.3 	1.3 	1.6 	1.6 	1.7 	2 	2.4 
A,EUR,D12_D4_MD5,P,HU	2.5 	1.8 	2.1 	1.8 	1.7 	1.5 	1.8 	2.2 
A,EUR,D12_D4_MD5,P,IE	3.3 	4.1 	8.3 	8.9 	8.3 	10.8 	11.6 	12.2 
A,EUR,D12_D4_MD5,P,IS	3.6 	4.4 	7.3 	7.7 	8.8 p	10.1 p	10.5 p	11.2 p
A,EUR,D12_D4_MD5,P,IT	6.9 	12.1 	10.9 	9.6 	9.6 	9.5 	9.4 	9.7 
A,EUR,D12_D4_MD5,P,LT	1.4 	1.6 	1.8 	0.3 	0.4 	0.4 	0.5 	0.5 
A,EUR,D12_D4_MD5,P,LU	5 	5.5 	3.7 	3.4 	3.4 	3.5 	3.8 	3.8 
A,EUR,D12_D4_MD5,P,LV	1.2 	1 	1.3 	1.7 	1.9 	2.1 	2.4 	2.8 
A,EUR,D12_D4_MD5,P,ME	: 	1.0 	0.7 	: 	: 	: 	: 	: 
A,EUR,D12_D4_MD5,P,MK	: 	0.0 	0.0 	: 	: 	: 	: 	: 
A,EUR,D12_D4_MD5,P,NL	9.7 	10.7 	11.1 	13 	13 	14.3 	15 	: @C
A,EUR,D12_D4_MD5,P,NO	: 	10.2 	9.5 	7.6 	8 	8.4 	8.1 	8.2 
A,EUR,D12_D4_MD5,P,PL	1.8 	2.2 	2.3 	2.6 	2.7 	2.8 	3.2 	4.2 
A,EUR,D12_D4_MD5,P,PT	2.6 	2.7 	3.9 	4.1 	4.2 	4.4 	4.8 	5 
A,EUR,D12_D4_MD5,P,RO	1 	0.8 	1 	0.4 	0.4 	0.4 	0.4 	0.5 
A,EUR,D12_D4_MD5,P,RS	: 	0.8 	0.7 	1 	1.1 	1.2 	1.4 	1.6 
A,EUR,D12_D4_MD5,P,SE	8.5 	9.2 	9.3 	9.6 	10.5 	10.1 	10.1 	10.2 
A,EUR,D12_D4_MD5,P,SI	2.9 	2.8 	2.6 	3.1 	3.4 	3.3 	3.5 	3.6 
A,EUR,D12_D4_MD5,P,SK	0 	2 	2.6 	3.9 	3.9 	4.1 	4.4 	4.9 
A,EUR,D12_D4_MD5,P,TR	: 	1.1 	1.5 	0.6 	: 	: 	: 	: 
A,EUR,D12_D4_MD5,P,UK	5 	6.1 	8.5 	: 	: 	: 	: 	: 
A,EUR,D12_D4_MD5,P-S,AL	: 	0.4 	0.4 	: 	: 	: 	: 	: 
A,EUR,D12_D4_MD5,P-S,AT	6.2 	7.1 	7.9 	8.9 	9.5 	10.6 	11.0 p	12.4 
A,EUR,D12_D4_MD5,P-S,BA	: 	0.5 	0.5 	: 	: 	: 	: 	: 
A,EUR,D12_D4_MD5,P-S,BE	4 	6.4 	5.6 	6.3 	6.3 	6.8 	7.2 	7.4 
A,EUR,D12_D4_MD5,P-S,BG	0.5 	0.6 	0.8 	1.3 	1.4 	1.6 	1.7 	2 
A,EUR,D12_D4_MD5,P-S,CH	: 	11.2 	11.9 	: 	: 	: 	: 	: 
A,EUR,D12_D4_MD5,P-S,CY	3.2 	2.7 	6.2 	6.9 	6.9 	7.2 	7.5 	7.9 
A,EUR,D12_D4_MD5,P-S,CZ	2.2 	2.4 	2.5 	3.8 	4.3 	4.6 	4.9 	4.9 
A,EUR,D12_D4_MD5,P-S,DE	6.3 	7.1 	7.9 	8.9 	9 	9.9 	10.3 	10.8 
A,EUR,D12_D4_MD5,P-S,DK	3.5 	4.6 	4.9 	5.5 	5.6 	5.8 	5.9 	6.2 
A,EUR,D12_D4_MD5,P-S,EA19	6.1 d	7.7 	8.1 	8.7 	8.9 	9.5 	9.9 	10.3 
A,EUR,D12_D4_MD5,P-S,EA20	6.1 d	7.6 	8 	8.7 	8.8 	9.4 	9.8 	10.2 
A,EUR,D12_D4_MD5,P-S,EE	1.9 	1.9 	2.6 	3.4 	3.7 	4 	4.6 	5 
A,EUR,D12_D4_MD5,P-S,EL	1.6 	2.3 	1.6 	2.3 	2.3 	2.1 	2.2 	2.3 
A,EUR,D12_D4_MD5,P-S,ES	5.1 	5.2 	5.2 	6.1 	6.1 	6.2 	6.6 	6.8 
A,EUR,D12_D4_MD5,P-S,EU15	5.9 d	7.3 	7.9 	9.1 	: 	: 	: 	: 
A,EUR,D12_D4_MD5,P-S,EU27_2020	5.3 	6.6 	7 	7.6 	7.7 	8.2 	8.6 	9 
A,EUR,D12_D4_MD5,P-S,EU28	5.1 d	6.2 	6.9 	: 	: 	: 	: 	: 
A,EUR,D12_D4_MD5,P-S,FI	6.1 	7.3 	7.9 	6.9 	5.7 p	5.9 p	6.1 p	6.1 p
A,EUR,D12_D4_MD5,P-S,FR	10.1 d	12.3 	12.4 	13.9 	14.2 	14.7 	15.5 	16 
A,EUR,D12_D4_MD5,P-S,HR	1.4 	1.3 	1.4 	1.6 	1.6 	1.7 	2 	2.4 
A,EUR,D12_D4_MD5,P-S,HU	2.2 	1.5 	1.5 	1.5 	1.5 	1.4 	1.7 	1.9 
A,EUR,D12_D4_MD5,P-S,IE	3.2 	3.3 	5.9 	6.2 	5.5 	8.4 	9.3 	9.9 
A,EUR,D12_D4_MD5,P-S,IS	3.9 d	4.6 d	7.3 d	7.9 d	9.1 p	10.5 p	10.8 p	11.6 p
A,EUR,D12_D4_MD5,P-S,IT	6.7 	9.1 	8.8 	8.8 	8.7 	8.7 	8.7 	8.9 
A,EUR,D12_D4_MD5,P-S,LT	1.4 	1.5 	1.7 	0.3 	0.4 	0.5 	0.5 	0.6 
A,EUR,D12_D4_MD5,P-S,LU	4.5 	4.5 	3.2 	3.6 	3.7 	3.8 	4.1 	4.1 
A,EUR,D12_D4_MD5,P-S,LV	1.2 	1 	1.3 	1.9 	2.2 	2.4 	2.6 	2.9 
A,EUR,D12_D4_MD5,P-S,ME	: 	1.1 	0.7 	: 	: 	: 	: 	: 
A,EUR,D12_D4_MD5,P-S,MK	: 	0.1 	0.1 	: 	: 	: 	: 	: 
A,EUR,D12_D4_MD5,P-S,MT	0.6 	0.4 	0.2 	0.4 	0.5 	0.7 	0.8 	0.8 
A,EUR,D12_D4_MD5,P-S,NL	7.7 	8.5 	9.6 	10 	10.6 	12.3 	12.8 	13.5 
A,EUR,D12_D4_MD5,P-S,NO	: 	10.1 	10.3 	9.9 	10.4 	10.8 	10.6 	10.9 
A,EUR,D12_D4_MD5,P-S,PL	1.5 	1.7 	1.8 	2.2 	2.4 	2.5 	2.9 	3.6 
A,EUR,D12_D4_MD5,P-S,PT	2.3 	2.4 	3.1 	3.3 	3.3 	3.5 	3.8 	4.1 
A,EUR,D12_D4_MD5,P-S,RO	1 	0.8 	1 	0.5 	0.5 	0.5 	0.5 	0.6 
A,EUR,D12_D4_MD5,P-S,RS	: 	0.8 	0.7 	1 	1.2 	1.3 	1.5 	1.7 
A,EUR,D12_D4_MD5,P-S,SE	8.9 	10.3 	10.2 	10.4 	11.2 	11 	11.1 	10.9 
A,EUR,D12_D4_MD5,P-S,SI	2.8 	2.7 	2.6 	3 	3.2 	3.1 	3.3 	3.4 
A,EUR,D12_D4_MD5,P-S,SK	0.1 	2 	2.5 	3.6 	3.9 	4.1 	4.6 	5.1 
A,EUR,D12_D4_MD5,P-S,TR	: 	1.1 	1.3 	0.6 	: 	: 	: 	: 
A,EUR,D12_D4_MD5,P-S,UK	4.2 d	4.9 	6.3 	: 	: 	: 	: 	: 
A,EUR,D12_D4_MD5,Q,AL	: 	0.4 	0.5 	: 	: 	: 	: 	: 
A,EUR,D12_D4_MD5,Q,AT	6.2 	7 	8.1 	8.9 	9.6 	10.4 	10.9 p	12.5 
A,EUR,D12_D4_MD5,Q,BA	: 	0.6 	0.6 	: 	: 	: 	: 	: 
A,EUR,D12_D4_MD5,Q,BE	4.7 	6.8 	4.3 	5.2 	5.2 	5.7 	6 	6.2 
A,EUR,D12_D4_MD5,Q,BG	0.5 	0.5 	0.7 	1 	1.2 	1.3 	1.3 	1.5 
A,EUR,D12_D4_MD5,Q,CH	: 	9.8 	10.8 	: 	: 	: 	: 	: 
A,EUR,D12_D4_MD5,Q,CY	2.6 	2.1 	4.8 	4.2 	4.1 	4.1 	4.5 	4.8 
A,EUR,D12_D4_MD5,Q,CZ	2.1 	2.5 	2.7 	4.2 	4.6 	4.9 	5.1 	5.3 
A,EUR,D12_D4_MD5,Q,DE	5 	5.9 	6.6 	7.6 	7.8 	8.8 	9.2 	9.6 
A,EUR,D12_D4_MD5,Q,DK	3.1 	4.4 	4.6 	5.1 	5.2 	5.3 	5.5 	5.8 
A,EUR,D12_D4_MD5,Q,EA19	6.2 	6.8 d	7.1 	7.9 	8.2 	8.8 	9.2 	9.6 
A,EUR,D12_D4_MD5,Q,EA20	6.2 	6.8 d	7.1 	7.9 	8.1 	8.8 	9.2 	9.6 
A,EUR,D12_D4_MD5,Q,EE	2 	2.1 	2.7 	3.7 	4.2 	4.4 	5.2 	5.7 
A,EUR,D12_D4_MD5,Q,EL	1.3 	2 	1.1 	1.9 	1.8 	1.8 	1.7 	1.7 
A,EUR,D12_D4_MD5,Q,ES	5.1 	5 	5.1 	6.1 	6.2 	6.3 	6.7 	7 
A,EUR,D12_D4_MD5,Q,EU15	5.9 	6.5 	7.0 	8.2 	: 	: 	: 	: 
A,EUR,D12_D4_MD5,Q,EU27_2020	5.6 	6.2 d	6.5 	7.2 	7.4 	8 	8.4 	8.7 
A,EUR,D12_D4_MD5,Q,EU28	5.2 	5.8 d	6.2 	: 	: 	: 	: 	: 
A,EUR,D12_D4_MD5,Q,FI	6.4 	7.2 	7.6 	6.9 	5.5 p	5.7 p	6.0 p	5.8 p
A,EUR,D12_D4_MD5,Q,FR	10.1 	10.3 	10.2 	11.7 	: @C	: @C	: @C	: @C
A,EUR,D12_D4_MD5,Q,HR	1.6 	1.4 	1.5 	1.7 	1.7 	1.8 	2.1 	2.6 
A,EUR,D12_D4_MD5,Q,HU	1.9 	1.2 	1.1 	1.3 	1.4 	1.3 	1.6 	1.7 
A,EUR,D12_D4_MD5,Q,IE	3.3 	3 	5.2 	5.6 	5.1 	6.8 	7.5 	7.9 
A,EUR,D12_D4_MD5,Q,IS	4.3 	5 	7.5 	8.2 	9.5 p	11.1 p	11.4 p	12.2 p
A,EUR,D12_D4_MD5,Q,IT	6.5 	7.4 	7.5 	8.3 	8.1 	8.2 	8.2 	8.4 
A,EUR,D12_D4_MD5,Q,LT	1.4 	1.4 	1.8 	0.3 	0.4 	0.5 	0.6 	0.6 
A,EUR,D12_D4_MD5,Q,LU	4.6 	4.5 	3 	4.8 	5 	5.2 	5.5 	5.6 
A,EUR,D12_D4_MD5,Q,LV	1.2 	1 	1.3 	2.3 	2.8 	2.9 	3 	3.2 
A,EUR,D12_D4_MD5,Q,ME	: 	1.2 	0.7 	: 	: 	: 	: 	: 
A,EUR,D12_D4_MD5,Q,MK	: 	0.1 	0.1 	: 	: 	: 	: 	: 
A,EUR,D12_D4_MD5,Q,MT	0.9 	: 	1 	2.1 	2.2 	2.3 	2.3 	2.3 
A,EUR,D12_D4_MD5,Q,NL	7 	7.8 	9.2 	9.1 	10 	11.5 	11.8 	: @C
A,EUR,D12_D4_MD5,Q,NO	: 	10.5 	11 	11.6 	12.2 	12.6 	12.4 	12.7 
A,EUR,D12_D4_MD5,Q,PL	1.3 	1.2 	1.3 	1.8 	2 	2.1 	2.5 	3.1 
A,EUR,D12_D4_MD5,Q,PT	1.9 	2 	2.5 	2.7 	2.7 	2.9 	3.1 	3.5 
A,EUR,D12_D4_MD5,Q,RO	1 	0.8 	1.1 	0.7 	0.6 	0.6 	0.6 	0.7 
A,EUR,D12_D4_MD5,Q,RS	: 	0.8 	0.8 	1.1 	1.3 	1.5 	1.6 	1.8 
A,EUR,D12_D4_MD5,Q,SE	9.3 	11.1 	10.7 	11 	11.8 	11.6 	12 	11.6 
A,EUR,D12_D4_MD5,Q,SI	2.8 	2.6 	2.6 	3 	3.2 	3.1 	3.3 	3.4 
A,EUR,D12_D4_MD5,Q,SK	0.1 	2.2 	2.6 	3.7 	4.1 	4.4 	5 	5.5 
A,EUR,D12_D4_MD5,Q,TR	: 	1.1 	1.1 	0.5 	: 	: 	: 	: 
A,EUR,D12_D4_MD5,Q,UK	3.8 	4.3 	5.2 	: 	: 	: 	: 	: 
A,EUR,D12_D4_MD5,R,AL	: 	0.4 	0.4 	: 	: 	: 	: 	: 
A,EUR,D12_D4_MD5,R,AT	6.1 	7.3 	7.6 	9.5 	10.4 	14.5 	15.0 p	15.5 
A,EUR,D12_D4_MD5,R,BA	: 	0.3 	0.3 	: 	: 	: 	: 	: 
A,EUR,D12_D4_MD5,R,BE	5.9 	8.3 	6.1 	6.8 	6.9 	7.4 	7.9 	8.1 
A,EUR,D12_D4_MD5,R,BG	0.3 	0.4 	0.6 	0.6 	0.7 	0.8 	0.9 	1 
A,EUR,D12_D4_MD5,R,CH	: 	9.8 	9.8 	: 	: 	: 	: 	: 
A,EUR,D12_D4_MD5,R,CY	2 	2 	2.1 	2.9 	2.5 	3.8 	3.8 	4.2 
A,EUR,D12_D4_MD5,R,CZ	1.8 	2 	2.2 	3.1 	3.5 	4.5 	5 	5 
A,EUR,D12_D4_MD5,R,DE	5.3 	5.7 	5.9 	7.2 	7.3 	7.9 	8.4 	8.8 
A,EUR,D12_D4_MD5,R,DK	3.4 	4.2 	4.3 	5.3 	4.7 	5 	5 	5.2 
A,EUR,D12_D4_MD5,R,EA19	5.7 d	6.3 	6.3 	6.8 	6.6 	7.6 	8.1 	8.5 
A,EUR,D12_D4_MD5,R,EA20	5.6 d	6.2 	6.1 	6.6 	6.5 	7.5 	7.9 	8.3 
A,EUR,D12_D4_MD5,R,EE	1.6 	1.8 	2.2 	2.7 	2.9 	3.2 	3.8 	3.8 
A,EUR,D12_D4_MD5,R,EL	2.9 	3.7 	2.9 	2.3 	2.1 	1.9 	2 	2.1 
A,EUR,D12_D4_MD5,R,ES	4.5 	4.7 	4.1 	5.5 	5 	4.9 	5.3 	5.4 
A,EUR,D12_D4_MD5,R,EU15	6.4 d	5.8 	6.2 	7.5 	: 	: 	: 	: 
A,EUR,D12_D4_MD5,R,EU27_2020	4.7 d	5.1 	5.2 	5.4 	5.3 	6 	6.4 	6.8 
A,EUR,D12_D4_MD5,R,EU28	4.7 d	4.7 	5.1 	: 	: 	: 	: 	: 
A,EUR,D12_D4_MD5,R,FI	5.5 	6.4 	7 	6.1 	5.1 p	5.3 p	5.4 p	5.4 p
A,EUR,D12_D4_MD5,R,FR	10.4 	11.5 	11.1 	11.7 	12.3 	14.2 	14.9 	15.4 
A,EUR,D12_D4_MD5,R,HR	1.3 	1.3 	1.2 	1.2 	1.3 	1.3 	1.5 	1.8 
A,EUR,D12_D4_MD5,R,HU	2.2 	1.8 	2 	1.6 	1.5 	1.5 	1.8 	1.9 
A,EUR,D12_D4_MD5,R,IE	2.3 	2.4 	2.8 	0.3 	: @C	: @C	: @C	: @C
A,EUR,D12_D4_MD5,R,IS	3.3 	4 	6.2 	6.7 	7.9 p	9.2 p	9.4 p	10.1 p
A,EUR,D12_D4_MD5,R,IT	6.3 	7.2 	8.3 	10.9 	9.4 	9.1 	9.3 	10 
A,EUR,D12_D4_MD5,R,LT	1.1 	1 	1.5 	0.1 	: @C	: @C	: @C	: @C
A,EUR,D12_D4_MD5,R,LU	3.9 	4.3 	4.8 	4.5 	4.2 	4.1 	4.4 	4.4 
A,EUR,D12_D4_MD5,R,LV	1.1 	0.9 	1.3 	1.8 	1.8 	2 	2.3 	2.6 
A,EUR,D12_D4_MD5,R,ME	: 	0.9 	0.6 	: 	: 	: 	: 	: 
A,EUR,D12_D4_MD5,R,MK	: 	0.2 	0.0 	: 	: 	: 	: 	: 
A,EUR,D12_D4_MD5,R,MT	1 	1.3 	1.2 	0.5 	0.7 	1.2 	1.4 	1.5 
A,EUR,D12_D4_MD5,R,NL	6.1 	6.6 	7.4 	5.4 	5.4 	18.3 	20 	: @C
A,EUR,D12_D4_MD5,R,NO	: 	7.6 	7.2 	6.9 	7.5 	8 	8 	8.1 
A,EUR,D12_D4_MD5,R,PL	1.3 	1.2 	1.4 	1.7 	1.7 	1.9 	2.3 	2.8 
A,EUR,D12_D4_MD5,R,PT	: 	2.9 	3 	4.2 	4.6 	4.6 	5.6 	5.9 
A,EUR,D12_D4_MD5,R,RO	0.9 	0.7 	0.8 	0.4 	0.4 	0.4 	0.4 	0.5 
A,EUR,D12_D4_MD5,R,RS	: 	0.6 	0.6 	0.6 	0.8 	1 	1.1 	1.3 
A,EUR,D12_D4_MD5,R,SE	7.8 	9 	9.6 	8.8 	9.4 	9.1 	8.9 	9.4 
A,EUR,D12_D4_MD5,R,SI	3.1 	2.3 	2.7 	1.9 	2 	2 	2.3 	2.3 
A,EUR,D12_D4_MD5,R,SK	0 	1.7 	2 	2.9 	3.3 	4 	4.1 	4.7 
A,EUR,D12_D4_MD5,R,TR	: 	1.2 	1.2 	0.7 	: 	: 	: 	: 
A,EUR,D12_D4_MD5,R,UK	: 	3.8 	4.8 	: 	: 	: 	: 	: 
A,EUR,D12_D4_MD5,S,AL	: 	0.3 	0.4 	: 	: 	: 	: 	: 
A,EUR,D12_D4_MD5,S,AT	5.8 	7.1 	7.3 	8.3 	9.7 	10.1 	10.8 p	11.8 
A,EUR,D12_D4_MD5,S,BA	: 	0.7 	0.6 	: 	: 	: 	: 	: 
A,EUR,D12_D4_MD5,S,BE	5.8 	10.8 	8.1 	8 	8.1 	8.5 	9.3 	9.4 
A,EUR,D12_D4_MD5,S,BG	0.3 	0.3 	0.5 	0.7 	0.7 	0.8 	0.9 	1.1 
A,EUR,D12_D4_MD5,S,CH	: 	9.8 	10.8 	: 	: 	: 	: 	: 
A,EUR,D12_D4_MD5,S,CY	1.1 	1.8 	2.7 	1.8 	1.9 	2.4 	2.5 	2.8 
A,EUR,D12_D4_MD5,S,CZ	1.8 	1.8 	2 	2.6 	2.8 	3.3 	3.9 	3.9 
A,EUR,D12_D4_MD5,S,DE	5 	5.9 	6.9 	7.2 	7.3 	8.1 	8.4 	8.7 
A,EUR,D12_D4_MD5,S,DK	5.6 	6.3 	6.6 	8.1 	8.8 	9.1 	9.3 	9.5 
A,EUR,D12_D4_MD5,S,EA19	5.8 	6.6 d	6.8 d	7.1 	7 	7.6 	8 	8.4 
A,EUR,D12_D4_MD5,S,EA20	5.8 	6.6 d	6.7 d	7 	7 	7.5 	7.9 	8.3 
A,EUR,D12_D4_MD5,S,EE	1.6 	1.6 	1.8 	2 	2.2 	2.2 	2.3 	2.6 
A,EUR,D12_D4_MD5,S,EL	2.9 	2.8 	2.6 	2.1 	2.1 	2 	2.1 	2.3 
A,EUR,D12_D4_MD5,S,ES	3.9 	4.4 	4.2 	4.9 	4.7 	4.7 	5 	5.3 
A,EUR,D12_D4_MD5,S,EU15	5.6 	6.4 	6.6 d	7.4 	: 	: 	: 	: 
A,EUR,D12_D4_MD5,S,EU27_2020	5.5 	6.2 d	6.4 d	6.6 	6.6 	7.1 	7.5 	7.8 
A,EUR,D12_D4_MD5,S,EU28	5.2 	5.8 d	6.1 d	: 	: 	: 	: 	: 
A,EUR,D12_D4_MD5,S,FI	5.6 	6.9 	7.6 	5.7 	6.0 p	6.1 p	6.3 p	6.4 p
A,EUR,D12_D4_MD5,S,FR	: @C	: @C	: @C	: @C	: @C	: @C	: @C	: @C
A,EUR,D12_D4_MD5,S,HR	1.4 	1.3 	1.6 	1.1 	1.1 	1.2 	1.4 	1.5 
A,EUR,D12_D4_MD5,S,HU	1.9 	1.3 	1.5 	1.4 	1.2 	1.2 	1.4 	1.6 
A,EUR,D12_D4_MD5,S,IE	3 	2.8 	3.1 	0.9 	: @C	: @C	: @C	: @C
A,EUR,D12_D4_MD5,S,IS	4.1 p	5.4 p	7.8 p	7.8 p	8.9 p	9.9 p	10.1 p	10.8 p
A,EUR,D12_D4_MD5,S,IT	5.4 	5.1 	4.9 	5.8 	5.6 	5.8 	6 	6 
A,EUR,D12_D4_MD5,S,LT	1.2 	1.2 	1.7 	: @C	: @C	: @C	: @C	: @C
A,EUR,D12_D4_MD5,S,LU	3.2 	3.7 	3.8 	3.9 	3.8 	3.9 	4.2 	4.3 
A,EUR,D12_D4_MD5,S,LV	0.8 	0.9 	1.4 	2.2 	2 	2.4 	2.6 	3.3 
A,EUR,D12_D4_MD5,S,ME	: 	1.1 	0.6 	: 	: 	: 	: 	: 
A,EUR,D12_D4_MD5,S,MK	: 	0.3 	0.1 	: 	: 	: 	: 	: 
A,EUR,D12_D4_MD5,S,MT	0.7 	: 	0.8 	-2.6 	-2.3 	0.2 	1.1 	1.1 
A,EUR,D12_D4_MD5,S,NL	6.4 	8.1 	8.7 	8.6 	9.4 	11.4 	12.1 	: @C
A,EUR,D12_D4_MD5,S,NO	: 	9.2 	9.3 	8.3 	8.9 	9 	9.2 	9.4 
A,EUR,D12_D4_MD5,S,PL	0.9 	0.9 	1.3 	1.3 	1.4 	1.4 	1.7 	2 
A,EUR,D12_D4_MD5,S,PT	2.7 	2.2 	2.6 	2.4 	2.5 	2.6 	2.7 	2.8 
A,EUR,D12_D4_MD5,S,RO	0.5 	0.5 	0.7 	0.3 	0.3 	0.3 	0.3 	0.4 
A,EUR,D12_D4_MD5,S,RS	: 	0.9 	0.6 	0.8 	1.6 	2.2 	2.5 	2.9 
A,EUR,D12_D4_MD5,S,SE	9.4 	10.5 	10.8 	9.9 	11.1 	10.6 	9.9 	10.2 
A,EUR,D12_D4_MD5,S,SI	2.2 	1.8 	2.4 	2.5 	2.8 	3 	3.3 	3.5 
A,EUR,D12_D4_MD5,S,SK	0 	1.6 	1.7 	2.2 	2.1 	3.1 	3.5 	3.9 
A,EUR,D12_D4_MD5,S,TR	: 	1 	1.1 	0.6 	: 	: 	: 	: 
A,EUR,D12_D4_MD5,S,UK	3.5 	4.3 	4.7 	: 	: 	: 	: 	: 
A,EUR,D1_D4_MD5,B,AL	: 	2.5 	3.2 	: 	: 	: 	: 	: 
A,EUR,D1_D4_MD5,B,AT	30.8 	37.7 	39.3 	40.8 	41.1 	40.9 	44.5 p	48.3 
A,EUR,D1_D4_MD5,B,BA	: 	7.0 	7.4 	: 	: 	: 	: 	: 
A,EUR,D1_D4_MD5,B,BE	: 	46 	40.7 	42.5 	43 	46.1 	49.6 	50.8 
A,EUR,D1_D4_MD5,B,BG	4.5 	6.5 	7.5 	9.6 	10.3 	12.1 	13.4 	14.3 
A,EUR,D1_D4_MD5,B,CH	: 	46.0 	53.8 	: 	: 	: 	: 	: 
A,EUR,D1_D4_MD5,B,CY	17.2 	16.5 	14.8 	16.6 	18.4 	18.5 	20.2 	21.2 
A,EUR,D1_D4_MD5,B,CZ	12.2 	13.6 	12.4 	16 	17.5 	18.6 	20.9 	20.8 
A,EUR,D1_D4_MD5,B,DE	35.9 	40.9 	42.3 	41.9 	42.3 	47.2 	50.4 	52.6 
A,EUR,D1_D4_MD5,B,DK	38.8 	52.4 	51.2 	65.1 	: @C	: @C	: @C	: @C
A,EUR,D1_D4_MD5,B,EA19	29.2 	34.6 	36.4 	37.3 	37.2 	38.9 	40.8 	42.4 
A,EUR,D1_D4_MD5,B,EA20	29.1 	34.1 	36 	36.7 d	36.6 	38.3 	40.2 	41.7 
A,EUR,D1_D4_MD5,B,EE	9.4 	: 	13 	15.8 	16.7 	18.3 	19.9 	21 
A,EUR,D1_D4_MD5,B,EL	17.9 	19.9 	20.6 	15 	14.7 	13.9 	13.8 	16.6 
A,EUR,D1_D4_MD5,B,ES	23.4 	30.5 	32.4 	35.3 	34.8 	31.9 	34 	35.1 
A,EUR,D1_D4_MD5,B,EU15	33.3 	38.9 	41.8 	41 	: 	: 	: 	: 
A,EUR,D1_D4_MD5,B,EU27_2020	19.1 	21.7 	23.4 	25.8 	26.3 	28.7 	31.2 	32.8 
A,EUR,D1_D4_MD5,B,EU28	20.7 	23.8 	26.2 	: 	: 	: 	: 	: 
A,EUR,D1_D4_MD5,B,FI	29.4 	35.3 	31.7 	38.5 	40.4 p	40.5 p	41.8 p	42.3 p
A,EUR,D1_D4_MD5,B,FR	33.3 	33.2 	35.7 	38.8 	39.3 	40.1 	41.2 	43.1 
A,EUR,D1_D4_MD5,B,HR	12.4 	12.1 	14.1 	12.8 	12.3 	12.3 	14.1 	15.5 
A,EUR,D1_D4_MD5,B,HU	8.8 	9.2 	9 	10.5 	10.6 	11.1 	13.4 	15.1 
A,EUR,D1_D4_MD5,B,IE	29.6 	32.4 	34.4 	32.8 	34.1 	39.5 	41.5 	41.4 
A,EUR,D1_D4_MD5,B,IS	: @C	: @C	: @C	: @C	: @C	: @C	: @C	: @C
A,EUR,D1_D4_MD5,B,IT	36.1 	43.8 	43.2 	44.5 	43.1 	44.6 	45.1 	44.1 
A,EUR,D1_D4_MD5,B,LT	7.6 	7 	8.7 	11.1 	11.9 	12.7 	14.9 	16.2 
A,EUR,D1_D4_MD5,B,LU	: 	27 	30.1 	35.4 	34.8 	36.7 	38.6 	39.9 
A,EUR,D1_D4_MD5,B,LV	6.2 	6.2 	8.5 	11.2 	10.7 	12 	13.6 	15.4 
A,EUR,D1_D4_MD5,B,ME	: 	7.0 	7.6 	: 	: 	: 	: 	: 
A,EUR,D1_D4_MD5,B,MK	: 	4.0 	4.9 	: 	: 	: 	: 	: 
A,EUR,D1_D4_MD5,B,MT	: 	: 	7.5 	11 	10.7 	10.7 	11 	10.6 
A,EUR,D1_D4_MD5,B,NL	57.1 	57.7 	64.9 	66.8 	62.6 	67.5 	71.4 	: @C
A,EUR,D1_D4_MD5,B,NO	: 	99.8 	89.5 	86.9 	92.8 	99.1 	95.3 	96.5 
A,EUR,D1_D4_MD5,B,PL	13.4 	14.6 	14.2 	17.8 	18.2 	21.7 	26.2 	29.6 
A,EUR,D1_D4_MD5,B,PT	11.5 	13.2 	14.8 	16.7 	17.9 	18.6 	19.8 	21.5 
A,EUR,D1_D4_MD5,B,RO	9.1 	8.8 	10.8 	13.1 	13.6 	14.7 	16.8 	18.5 
A,EUR,D1_D4_MD5,B,RS	: 	7 	7.4 	11.6 	12.4 	12.9 	14.4 	16 
A,EUR,D1_D4_MD5,B,SE	35.5 	48.3 	47.8 	47.3 	51.5 	49.9 	49.6 	51.5 
A,EUR,D1_D4_MD5,B,SI	20 	20.7 	23.7 	25.9 	27.7 	29.3 	32.5 	35.1 
A,EUR,D1_D4_MD5,B,SK	0.3 	10 	12.2 	14 	14.8 	17.3 	17.2 	20.5 
A,EUR,D1_D4_MD5,B,TR	: 	8.3 	8.7 	5.1 	4.8 	5.1 	7.1 	10.1 
A,EUR,D1_D4_MD5,B,UK	37.1 	41 	45 	: 	: 	: 	: 	: 
A,EUR,D1_D4_MD5,B-E,AL	: 	1.8 	2.1 	: 	: 	: 	: 	: 
A,EUR,D1_D4_MD5,B-E,AT	29.6 	33 	36.1 	40.4 	41 	43.3 	46.7 p	49.9 
A,EUR,D1_D4_MD5,B-E,BA	: 	4.9 	5.0 	: 	: 	: 	: 	: 
A,EUR,D1_D4_MD5,B-E,BE	37.4 	42.9 	41.9 	43.1 	43.7 	46.7 	50.2 	51.8 
A,EUR,D1_D4_MD5,B-E,BG	2.5 	3.3 	4.2 	5.9 	6.3 	7.4 	8.6 	9.6 
A,EUR,D1_D4_MD5,B-E,CH	: 	50.0 	54.7 	: 	: 	: 	: 	: 
A,EUR,D1_D4_MD5,B-E,CY	14.2 	15.3 	12.8 	13.7 	13.9 	14.4 	15.1 	16 
A,EUR,D1_D4_MD5,B-E,CZ	9 	9.9 	10.4 	14.5 	15.4 	16.9 	18.8 	19 
A,EUR,D1_D4_MD5,B-E,DE	32.5 	35.2 	38.4 	42.1 	42.2 	44.5 	46.6 	48.6 
A,EUR,D1_D4_MD5,B-E,DK	34.8 	40.7 	43.9 	47.5 	49.7 	51.3 	52.8 	54.6 
A,EUR,D1_D4_MD5,B-E,EA19	26.9 	30.5 	31.9 	34.9 	35 	36.6 	38.4 	40.1 
A,EUR,D1_D4_MD5,B-E,EA20	26.9 	30.2 	31.6 	34.5 	34.6 	36.3 	38 	39.8 
A,EUR,D1_D4_MD5,B-E,EE	7.4 	8.6 	10.6 	13.4 	14 	15.9 	17 	18.4 
A,EUR,D1_D4_MD5,B-E,EL	17.4 	16.3 	16 	14.4 	14.2 	14.9 	15.5 	16.5 
A,EUR,D1_D4_MD5,B-E,ES	20.8 	23 	23.2 	24.8 	24.6 	25.1 	26.5 	27.7 
A,EUR,D1_D4_MD5,B-E,EU15	28.8 	32.3 	32.9 	36.6 	: 	: 	: 	: 
A,EUR,D1_D4_MD5,B-E,EU27_2020	21.8 	24.8 	25.9 	28.7 	29 	30.5 	32.2 	33.9 
A,EUR,D1_D4_MD5,B-E,EU28	21.6 	24.8 	26.1 	: 	: 	: 	: 	: 
A,EUR,D1_D4_MD5,B-E,FI	30 	35 	37.1 	37.1 	38.7 p	40.0 p	41.3 p	42.0 p
A,EUR,D1_D4_MD5,B-E,FR	33.1 	36.4 	36.8 	41.9 	42 	43.5 	45.3 	46.9 
A,EUR,D1_D4_MD5,B-E,HR	8.7 	8.5 	8.9 	11.6 	12 	13 	14.6 	16.6 
A,EUR,D1_D4_MD5,B-E,HU	7.7 	7.8 	8.5 	10.5 	10.9 	11.2 	13.7 	14.8 
A,EUR,D1_D4_MD5,B-E,IE	29 	31.8 	31.8 	33.5 	35.2 	37.2 	39.1 	41.6 
A,EUR,D1_D4_MD5,B-E,IS	20.0 d	23.5 d	37.0 d	40.1 d	44.3 p	50.7 p	52.7 p	56.4 p
A,EUR,D1_D4_MD5,B-E,IT	24.2 	27.2 	27.5 	29.2 	28.6 	29.5 	30.7 	31.9 
A,EUR,D1_D4_MD5,B-E,LT	5.7 	5.7 	7.4 	9.9 	11.1 	12.5 	14 	15.3 
A,EUR,D1_D4_MD5,B-E,LU	29.9 	32.1 	33.9 	41.8 	42.1 	44.1 	47 	48.1 
A,EUR,D1_D4_MD5,B-E,LV	5.5 	5.9 	7.6 	10.4 	10.6 	11.7 	13 	14.4 
A,EUR,D1_D4_MD5,B-E,ME	: 	7.3 	6.1 	: 	: 	: 	: 	: 
A,EUR,D1_D4_MD5,B-E,MK	: 	2.8 	3.2 	: 	: 	: 	: 	: 
A,EUR,D1_D4_MD5,B-E,MT	12.4 	11.6 	13.1 	13.9 	14.2 	16.2 	17.6 	18.8 
A,EUR,D1_D4_MD5,B-E,NL	30.8 	33.9 	36.7 	40.1 	40.5 	42.6 	45.4 	47.7 
A,EUR,D1_D4_MD5,B-E,NO	: 	66.7 	55.6 	56.4 	61 	63.1 	60.3 	62.2 
A,EUR,D1_D4_MD5,B-E,PL	7.5 	7.7 	8.5 	10.7 	11.2 	12.2 	14.1 	16.6 
A,EUR,D1_D4_MD5,B-E,PT	10.2 	11 	11.1 	13 	13.3 	14 	14.8 	16 
A,EUR,D1_D4_MD5,B-E,RO	3.9 	4.2 	5.1 	7.4 	7.7 	8.7 	10.2 	11.3 
A,EUR,D1_D4_MD5,B-E,RS	: 	5 	4.9 	6.6 	7.4 	8.5 	9.7 	11.1 
A,EUR,D1_D4_MD5,B-E,SE	34.7 	41.7 	42.5 	42.3 	45.9 	45 	43.2 	45.4 
A,EUR,D1_D4_MD5,B-E,SI	12.8 	15.1 	16.8 	20.9 	22.2 	24 	26.5 	28.3 
A,EUR,D1_D4_MD5,B-E,SK	0.2 	9.2 	10.6 	13.6 	14.4 	15.8 	17.1 	18.4 
A,EUR,D1_D4_MD5,B-E,TR	: 	5.7 	6.3 	3.9 	3.6 	3.8 	5.6 	7.8 
A,EUR,D1_D4_MD5,B-E,UK	: 	: 	27.5 	: 	: 	: 	: 	: 
A,EUR,D1_D4_MD5,B-F,MT	11.6 	10.9 	12.5 	14.1 	14.5 	15.4 	16.2 	: 
A,EUR,D1_D4_MD5,B-N,AL	: 	2.0 	2.4 	: 	: 	: 	: 	: 
A,EUR,D1_D4_MD5,B-N,AT	26.5 	29.9 	32.8 	36.6 	36.9 	38.6 	40.9 p	44.2 
A,EUR,D1_D4_MD5,B-N,BA	: 	5.0 	4.9 	: 	: 	: 	: 	: 
A,EUR,D1_D4_MD5,B-N,BE	35.6 	40 	38.9 	40.3 	40.8 	43.3 	46.9 	48 
A,EUR,D1_D4_MD5,B-N,BG	2.5 	3.4 	4.5 	6.5 	6.9 	8 	9.2 	10.5 
A,EUR,D1_D4_MD5,B-N,CH	: 	51.0 	55.6 	: 	: 	: 	: 	: 
A,EUR,D1_D4_MD5,B-N,CY	15.3 	16.6 	13.9 	15.7 	15.9 	17.3 	18.2 	19.2 
A,EUR,D1_D4_MD5,B-N,CZ	9.3 	10.1 	10.4 	14.5 	14.8 	16.1 	17.9 	18.2 
A,EUR,D1_D4_MD5,B-N,DE	28.4 	30.9 	33.1 	37.2 	37.6 	40.2 	42.1 	44.1 
A,EUR,D1_D4_MD5,B-N,DK	35.6 	40.9 	42.8 	46.4 	47.6 	48.9 	50.2 	51.8 
A,EUR,D1_D4_MD5,B-N,EA19	25.1 	28.3 	29.3 	32.2 	32.5 	34.2 	35.9 	37.5 
A,EUR,D1_D4_MD5,B-N,EA20	25.1 	28.1 	29 	31.9 	32.2 	33.9 	35.6 	37.2 
A,EUR,D1_D4_MD5,B-N,EE	8 	8.9 	11 	14.2 	15.1 	16.6 	18.3 	19.6 
A,EUR,D1_D4_MD5,B-N,EL	16.5 	15.8 	15.3 	13.9 	14 	15.3 	16.6 	17.8 
A,EUR,D1_D4_MD5,B-N,ES	18.9 	20.9 	20.7 	22.5 	22.4 	22.7 	23.9 	25 
A,EUR,D1_D4_MD5,B-N,EU15	26.1 	28.7 	30.0 	33.7 	: 	: 	: 	: 
A,EUR,D1_D4_MD5,B-N,EU27_2020	21.6 	24.4 	25.4 	28.1 	28.4 	30 	31.7 	33.2 
A,EUR,D1_D4_MD5,B-N,EU28	21.7 	24.4 	25.6 	: 	: 	: 	: 	: 
A,EUR,D1_D4_MD5,B-N,FI	27.6 	31.9 	34.3 	34.8 	36.4 p	37.1 p	38.4 p	39.1 p
A,EUR,D1_D4_MD5,B-N,FR	31.8 	34.8 	35.2 	39.2 	39.5 	41 	42.6 	43.9 
A,EUR,D1_D4_MD5,B-N,HR	9 	9.3 	9.5 	11.2 	11.5 	12.6 	14.4 	16 
A,EUR,D1_D4_MD5,B-N,HU	7.9 	7.9 	8.5 	10.3 	10.7 	11.1 	13.3 	14.4 
A,EUR,D1_D4_MD5,B-N,IE	27.2 	28.1 	29 	31.5 	32.9 	36.2 	38.4 	40.8 
A,EUR,D1_D4_MD5,B-N,IS	23.4 d	24.5 d	36.3 p	39.3 p	43.6 p	48.9 p	50.4 p	53.9 p
A,EUR,D1_D4_MD5,B-N,IT	24.5 	26.6 	26.7 	28.2 	27.9 	28.5 	29.3 	30.2 
A,EUR,D1_D4_MD5,B-N,LT	6 	5.9 	7.7 	10.3 	11.6 	13.2 	14.8 	16.2 
A,EUR,D1_D4_MD5,B-N,LU	32.1 	35.1 	38.7 	47 	48 	50.6 	53.8 	55 
A,EUR,D1_D4_MD5,B-N,LV	5.9 	6.3 	8.1 	11.2 	11.5 	12.4 	13.8 	15.5 
A,EUR,D1_D4_MD5,B-N,ME	: 	: 	5.4 	: 	: 	: 	: 	: 
A,EUR,D1_D4_MD5,B-N,MK	: 	3.5 	3.5 	: 	: 	: 	: 	: 
A,EUR,D1_D4_MD5,B-N,MT	11.4 	11.4 	13.8 	14.2 	14.6 	16.1 	17.1 	17.4 
A,EUR,D1_D4_MD5,B-N,NL	29.2 	31.9 	33.3 	36.2 	36.8 	38.7 	41.4 	43.5 
A,EUR,D1_D4_MD5,B-N,NO	: 	57.1 	49.4 	49 	53.6 	54.8 	52.2 	54.3 
A,EUR,D1_D4_MD5,B-N,PL	7.5 	7.6 	8.5 	10.6 	11.1 	12.3 	14.2 	16.6 
A,EUR,D1_D4_MD5,B-N,PT	11.5 	12.9 	12.8 	14.3 	14.5 	15.3 	16.1 	17.2 
A,EUR,D1_D4_MD5,B-N,RO	4.1 	4.3 	5.4 	7.8 	8.1 	9.3 	10.8 	12.2 
A,EUR,D1_D4_MD5,B-N,RS	: 	5.2 	5 	6.8 	7.6 	9 	10.2 	11.6 
A,EUR,D1_D4_MD5,B-N,SE	33.8 	40.1 	40.8 	40.6 	43.8 	43.2 	41.5 	43.5 
A,EUR,D1_D4_MD5,B-N,SI	13.4 	15.3 	16.8 	20.5 	21.8 	23.5 	26 	27.9 
A,EUR,D1_D4_MD5,B-N,SK	0.2 	9.3 	10.4 	13.6 	14.3 	15.8 	17.2 	18.4 
A,EUR,D1_D4_MD5,B-N,TR	: 	6.1 	6.3 	3.7 	: 	: 	: 	: 
A,EUR,D1_D4_MD5,B-N,UK	23.3 d	24.3 	26.7 	: 	: 	: 	: 	: 
A,EUR,D1_D4_MD5,B-S,MT	: 	: 	14.2 d	17.0 	17.5 	18.1 	18.7 	: 
A,EUR,D1_D4_MD5,B-S_X_O,AL	: 	2.2 	2.6 	: 	: 	: 	: 	: 
A,EUR,D1_D4_MD5,B-S_X_O,AT	26.4 	29.7 	32.5 	36.4 	36.7 	38.7 	40.9 p	44.5 
A,EUR,D1_D4_MD5,B-S_X_O,BA	: 	5.3 	5.2 	: 	: 	: 	: 	: 
A,EUR,D1_D4_MD5,B-S_X_O,BE	32.9 	38 	38.6 	40.5 	41 	43.5 	47.1 	48.2 
A,EUR,D1_D4_MD5,B-S_X_O,BG	2.6 	3.4 	4.5 	6.6 	7.1 	8.2 	9.3 	10.6 
A,EUR,D1_D4_MD5,B-S_X_O,CH	: 	51.2 	55.6 	: 	: 	: 	: 	: 
A,EUR,D1_D4_MD5,B-S_X_O,CY	16.7 	16.8 	15.7 	17.3 	17.5 	18.8 	20 	21 
A,EUR,D1_D4_MD5,B-S_X_O,CZ	9.2 	10 	10.3 	14.6 	15.1 	16.2 	18 	18.2 
A,EUR,D1_D4_MD5,B-S_X_O,DE	27.9 	30.5 	32.8 	36.8 	37.3 	39.6 	41.4 	43.4 
A,EUR,D1_D4_MD5,B-S_X_O,DK	34.6 	39.4 	41.3 	44.9 	45.9 	47.1 	48.3 	50.1 
A,EUR,D1_D4_MD5,B-S_X_O,EA19	25.1 d	28.3 	29.4 	32.4 	32.7 	34.3 	36 	37.6 
A,EUR,D1_D4_MD5,B-S_X_O,EA20	25.0 d	28 	29.2 	32.1 	32.4 	34 	35.7 	37.3 
A,EUR,D1_D4_MD5,B-S_X_O,EE	7.9 	8.6 	10.8 	14.1 	15 	16.4 	18.3 	19.6 
A,EUR,D1_D4_MD5,B-S_X_O,EL	16.8 	15.7 	15.2 	13.8 	13.9 	14.7 	15.7 	16.7 
A,EUR,D1_D4_MD5,B-S_X_O,ES	19.4 	21.1 	21.2 	23 	22.9 	23.3 	24.5 	25.5 
A,EUR,D1_D4_MD5,B-S_X_O,EU15	26.1 	28.8 	30.3 	33.8 	: 	: 	: 	: 
A,EUR,D1_D4_MD5,B-S_X_O,EU27_2020	21.6 	24.4 	25.6 	28.4 	28.8 	30.3 	31.9 	33.5 
A,EUR,D1_D4_MD5,B-S_X_O,EU28	21.9 	24.5 	26.0 	: 	: 	: 	: 	: 
A,EUR,D1_D4_MD5,B-S_X_O,FI	27.1 	31.3 	33.7 	34 	35.1 p	35.9 p	37.1 p	37.7 p
A,EUR,D1_D4_MD5,B-S_X_O,FR	31.2 d	34.3 	34.6 	38.8 	39.3 	40.8 	42.4 	43.7 
A,EUR,D1_D4_MD5,B-S_X_O,HR	9.2 	9.5 	9.5 	11.3 	11.6 	12.6 	14.4 	16.5 
A,EUR,D1_D4_MD5,B-S_X_O,HU	7.8 	7.4 	7.8 	9.8 	10.3 	10.7 	12.9 	14.1 
A,EUR,D1_D4_MD5,B-S_X_O,IE	28.9 	29.8 	30.6 	33.5 	34.7 	38 	40.2 	42.5 
A,EUR,D1_D4_MD5,B-S_X_O,IS	21.9 d	23.2 d	36.2 d	37.8 d	42.6 p	48.2 p	49.7 p	53.0 p
A,EUR,D1_D4_MD5,B-S_X_O,IT	25.2 	27.7 	27.6 	29.2 	28.8 	29.3 	29.9 	30.9 
A,EUR,D1_D4_MD5,B-S_X_O,LT	5.9 	5.9 	7.4 	10.3 	11.6 	13.1 	14.7 	16.3 
A,EUR,D1_D4_MD5,B-S_X_O,LU	32.3 	35.3 	38.7 	47.3 	48.4 	50.9 	54.1 	55.2 
A,EUR,D1_D4_MD5,B-S_X_O,LV	5.9 	6 	7.7 	10.7 	11.3 	12.2 	13.5 	15.1 
A,EUR,D1_D4_MD5,B-S_X_O,ME	: 	5.8 	5.6 	: 	: 	: 	: 	: 
A,EUR,D1_D4_MD5,B-S_X_O,MK	: 	3.5 	3.6 	: 	: 	: 	: 	: 
A,EUR,D1_D4_MD5,B-S_X_O,MT	11.4 	11.8 	14.2 	15.6 	16.1 	17.4 	18.2 	19.1 
A,EUR,D1_D4_MD5,B-S_X_O,NL	29.8 	32.5 	34.5 	37.7 	38.2 	40.3 	43 	45.2 
A,EUR,D1_D4_MD5,B-S_X_O,NO	: 	56.4 	49.3 	49.1 	53.1 	54.5 	51.9 	53.7 
A,EUR,D1_D4_MD5,B-S_X_O,PL	7.6 	7.9 	8.7 	10.9 	11.5 	12.5 	14.5 	17.3 
A,EUR,D1_D4_MD5,B-S_X_O,PT	12.2 	13.3 	13.6 	15.1 	15.4 	16.1 	17 	18.2 
A,EUR,D1_D4_MD5,B-S_X_O,RO	4.2 	4.1 	5.3 	8.2 	8.5 	9.5 	11 	12.5 
A,EUR,D1_D4_MD5,B-S_X_O,RS	: 	5.1 	4.9 	6.8 	7.6 	8.8 	10 	11.4 
A,EUR,D1_D4_MD5,B-S_X_O,SE	31.6 	37.3 	37.7 	38 	40.8 	40.2 	38.7 	40.3 
A,EUR,D1_D4_MD5,B-S_X_O,SI	13.9 	15.6 	16.8 	20.7 	22 	23.1 	25.5 	27.1 
A,EUR,D1_D4_MD5,B-S_X_O,SK	0.2 	8.9 	10.2 	13.7 	14.4 	15.7 	17.2 	18.5 
A,EUR,D1_D4_MD5,B-S_X_O,TR	: 	6.3 	6.6 	4.2 	: 	: 	: 	: 
A,EUR,D1_D4_MD5,B-S_X_O,UK	23.7 d	25 	27.9 	: 	: 	: 	: 	: 
A,EUR,D1_D4_MD5,C,AL	: 	1.6 	1.8 	: 	: 	: 	: 	: 
A,EUR,D1_D4_MD5,C,AT	29 	32.4 	35.6 	39.9 	40.6 	42.8 	46.2 p	49.4 
A,EUR,D1_D4_MD5,C,BA	: 	3.9 	3.9 	: 	: 	: 	: 	: 
A,EUR,D1_D4_MD5,C,BE	36.7 	42 	41.4 	42.7 	43.3 	46.3 	49.7 	51.5 
A,EUR,D1_D4_MD5,C,BG	2.2 	2.8 	3.8 	5.4 	5.8 	6.8 	8 	9 
A,EUR,D1_D4_MD5,C,CH	: 	49.8 	54.2 	: 	: 	: 	: 	: 
A,EUR,D1_D4_MD5,C,CY	12.4 	13.5 	11.8 	12.2 	12.3 	12.7 	13.3 	14.1 
A,EUR,D1_D4_MD5,C,CZ	8.7 	9.7 	10.2 	14.3 	15.2 	16.7 	18.5 	18.7 
A,EUR,D1_D4_MD5,C,DE	32.3 	35 	38.2 	42 	42.1 	44.3 	46.2 	48.3 
A,EUR,D1_D4_MD5,C,DK	34.7 	40.2 	43.4 	46.8 	48.8 	50.2 	51.6 	53.4 
A,EUR,D1_D4_MD5,C,EA19	26.7 	30.2 d	31.6 	34.6 	34.7 	36.3 	38.1 	39.8 
A,EUR,D1_D4_MD5,C,EA20	26.6 	29.9 d	31.3 	34.3 	34.4 	36 	37.7 	39.5 
A,EUR,D1_D4_MD5,C,EE	7.2 	8.2 	10.3 	13 	13.6 	15.5 	16.5 	17.9 
A,EUR,D1_D4_MD5,C,EL	15.8 	15.5 	15.1 	14.3 	14 	14.8 	15.2 	16.4 
A,EUR,D1_D4_MD5,C,ES	20.3 	22.4 	22.6 	24.2 	24 	24.5 	25.9 	27.2 
A,EUR,D1_D4_MD5,C,EU15	27.8 	30.8 	32.5 	36.3 	: 	: 	: 	: 
A,EUR,D1_D4_MD5,C,EU27_2020	21.7 	24.7 d	25.9 	28.7 	28.9 	30.4 	32.1 	33.7 
A,EUR,D1_D4_MD5,C,EU28	21.8 	24.6 	25.9 	: 	: 	: 	: 	: 
A,EUR,D1_D4_MD5,C,FI	30.1 	35 	37.1 	36.9 	38.7 p	40.0 p	41.5 p	42.1 p
A,EUR,D1_D4_MD5,C,FR	32.8 	35.7 	36.4 	41.3 	41.4 	43 	44.6 	46.3 
A,EUR,D1_D4_MD5,C,HR	8.2 	8 	8.4 	11.8 	12.2 	13.3 	15.1 	17 
A,EUR,D1_D4_MD5,C,HU	7.5 	7.5 	8.3 	10.3 	10.8 	11.1 	13.6 	14.6 
A,EUR,D1_D4_MD5,C,IE	28 	30.5 	31.1 	33 	34.7 	36.5 	38.4 	40.6 
A,EUR,D1_D4_MD5,C,IS	19.5 	22.9 	35.9 	38.9 	43.5 p	49.8 p	51.8 p	55.5 p
A,EUR,D1_D4_MD5,C,IT	23.8 	26.8 	27.1 	28.9 	28.3 	29.2 	30.4 	31.7 
A,EUR,D1_D4_MD5,C,LT	5.5 	5.5 	7.3 	9.8 	11 	12.5 	13.9 	15.2 
A,EUR,D1_D4_MD5,C,LU	29.4 	31.5 	32.7 	40.8 	41.1 	43.1 	45.8 	46.9 
A,EUR,D1_D4_MD5,C,LV	5.2 	5.5 	7.2 	10.1 	10.3 	11.3 	12.4 	13.8 
A,EUR,D1_D4_MD5,C,ME	: 	6.6 	4.2 	: 	: 	: 	: 	: 
A,EUR,D1_D4_MD5,C,MK	: 	2.6 	2.9 	: 	: 	: 	: 	: 
A,EUR,D1_D4_MD5,C,MT	12.4 	: 	13 	13.6 	13.9 	16 	17.5 	18.8 
A,EUR,D1_D4_MD5,C,NL	30.3 	33.1 	35.9 	39.5 	40 	42 	44.7 	: @C
A,EUR,D1_D4_MD5,C,NO	: 	53 	46.9 	47.1 	51.1 	52 	49.6 	51.6 
A,EUR,D1_D4_MD5,C,PL	6.8 	6.8 	7.8 	10 	10.6 	11.4 	13.2 	15.5 
A,EUR,D1_D4_MD5,C,PT	9.8 	10.9 	10.7 	12.7 	13.1 	13.8 	14.6 	15.7 
A,EUR,D1_D4_MD5,C,RO	3.3 	3.7 	4.8 	7 	7.3 	8.3 	9.6 	10.8 
A,EUR,D1_D4_MD5,C,RS	: 	4.5 	4.4 	6 	6.7 	7.9 	9.1 	10.5 
A,EUR,D1_D4_MD5,C,SE	34.5 	41.4 	42.3 	42 	45.6 	44.7 	42.9 	45.1 
A,EUR,D1_D4_MD5,C,SI	12.3 	14.6 	16.3 	20.4 	21.8 	23.6 	26 	27.8 
A,EUR,D1_D4_MD5,C,SK	0.2 	8.9 	10.3 	13.4 	14.2 	15.6 	16.8 	18.1 
A,EUR,D1_D4_MD5,C,TR	: 	5.4 	6.1 	3.8 	3.5 	3.7 	5.4 	7.5 
A,EUR,D1_D4_MD5,C,UK	23.4 	23.8 	26.6 	: 	: 	: 	: 	: 
A,EUR,D1_D4_MD5,D,AL	: 	2.9 	3.6 	: 	: 	: 	: 	: 
A,EUR,D1_D4_MD5,D,AT	43.2 	46.8 	52.6 	57.8 	57.5 	60.9 	64.8 p	68.2 
A,EUR,D1_D4_MD5,D,BA	: 	8.9 	9.6 	: 	: 	: 	: 	: 
A,EUR,D1_D4_MD5,D,BE	: 	69.8 	69 	66.5 	67.6 	73.4 	76.8 	79 
A,EUR,D1_D4_MD5,D,BG	6.1 	7.9 	9 	11.9 	12.2 	14.6 	16.4 	17.9 
A,EUR,D1_D4_MD5,D,CH	: 	57.3 	66.5 	: 	: 	: 	: 	: 
A,EUR,D1_D4_MD5,D,CY	33.5 	31.7 	26.5 	34.3 	35.4 	38.1 	40.7 	42.2 
A,EUR,D1_D4_MD5,D,CZ	14.4 	16.9 	16 	21.4 	23.1 	25.9 	29.9 	30.2 
A,EUR,D1_D4_MD5,D,DE	42.8 	46.8 	51.8 	55.1 	54.7 	59.1 	63.1 	64.5 
A,EUR,D1_D4_MD5,D,DK	43 	49.2 	55.6 	59.4 	63.9 	69.4 	73.1 	76.9 
A,EUR,D1_D4_MD5,D,EA19	38 	44.6 d	45.6 d	48.4 	48.7 	51.3 	54.4 	56 
A,EUR,D1_D4_MD5,D,EA20	37.8 	43.8 d	44.9 d	48.1 d	48.4 	51 	54.1 	55.7 
A,EUR,D1_D4_MD5,D,EE	9.3 	11.9 	14.9 	19.9 	20.5 	22.7 	26 	28.6 
A,EUR,D1_D4_MD5,D,EL	30.8 	26.7 	22.4 	18.2 	18.8 	19.8 	21.4 	19.7 
A,EUR,D1_D4_MD5,D,ES	44.9 	48.7 	49.1 	50.5 	53.3 	52.7 	53.8 	53.7 
A,EUR,D1_D4_MD5,D,EU15	42.1 	45.4 	46.6 	50.8 	: 	: 	: 	: 
A,EUR,D1_D4_MD5,D,EU27_2020	28.2 	34.3 d	35.7 d	39.3 	39.9 	42.3 	45.2 	46.8 
A,EUR,D1_D4_MD5,D,EU28	28.0 	34.1 	35.9 	: 	: 	: 	: 	: 
A,EUR,D1_D4_MD5,D,FI	32.1 	41.2 	46.3 	43.2 	46.1 p	47.9 p	46.5 p	48.9 p
A,EUR,D1_D4_MD5,D,FR	46.1 	55.3 	49 	53.8 	54.7 	55.9 	59.8 	61.2 
A,EUR,D1_D4_MD5,D,HR	12.9 	12.8 	13.4 	17.4 	18.2 	18.9 	20 	23.6 
A,EUR,D1_D4_MD5,D,HU	14.7 	14.6 	15.2 	17.2 	17.3 	16.7 	20 	21.7 
A,EUR,D1_D4_MD5,D,IE	: 	54.4 	52.8 	54.5 	56.5 	58.2 	59.4 	68.3 
A,EUR,D1_D4_MD5,D,IS	26.5 	31 	52.1 	55 	55.0 p	62.5 p	65.2 p	69.4 p
A,EUR,D1_D4_MD5,D,IT	37.3 	37.8 	40.3 	40.5 	40.7 	41.8 	42.3 	43.8 
A,EUR,D1_D4_MD5,D,LT	8.1 	8 	9.3 	12.5 	13.5 	15.1 	17.1 	19.1 
A,EUR,D1_D4_MD5,D,LU	: 	50.8 	57.9 	62.4 	63.2 	65.8 	69.9 	71.8 
A,EUR,D1_D4_MD5,D,LV	8.4 	8.9 	10.6 	12.9 	13.9 	15.2 	17.8 	19.4 
A,EUR,D1_D4_MD5,D,ME	: 	12.2 	10.8 	: 	: 	: 	: 	: 
A,EUR,D1_D4_MD5,D,MK	: 	7.6 	6.3 	: 	: 	: 	: 	: 
A,EUR,D1_D4_MD5,D,MT	: 	: 	22.6 	28.5 	30.1 	30.6 	32.9 	36.6 
A,EUR,D1_D4_MD5,D,NL	42.2 	48.8 	48.8 	51.5 	52.2 	54.7 	60.1 	: @C
A,EUR,D1_D4_MD5,D,NO	: 	65 	61.7 	62.6 	69.3 	72.6 	69.8 	73.1 
A,EUR,D1_D4_MD5,D,PL	12 	12.5 	13.8 	16.6 	17 	18.4 	21.7 	25.1 
A,EUR,D1_D4_MD5,D,PT	: 	25.7 	35.5 	32.4 	29.9 	35.5 	35.5 	36 
A,EUR,D1_D4_MD5,D,RO	8.1 	8.2 	8.6 	12 	12.6 	14.7 	17.3 	18.8 
A,EUR,D1_D4_MD5,D,RS	: 	8.6 	8.6 	12.5 	12.9 	13.4 	14.6 	15.9 
A,EUR,D1_D4_MD5,D,SE	41.1 	50 	50.3 	49.5 	53.6 	52.7 	50.2 	52.9 
A,EUR,D1_D4_MD5,D,SI	20.3 	23.4 	26.3 	29.9 	31.4 	33.9 	37.3 	38.6 
A,EUR,D1_D4_MD5,D,SK	0.4 	14.6 	16.9 	21.1 	21.4 	22.8 	25.4 	28.1 
A,EUR,D1_D4_MD5,D,TR	: 	13.4 	10.2 	5.9 	5.5 	5.7 	8 	11.1 
A,EUR,D1_D4_MD5,D,UK	: 	32.1 	37.8 	: 	: 	: 	: 	: 
A,EUR,D1_D4_MD5,E,AL	: 	1.5 	1.8 	: 	: 	: 	: 	: 
A,EUR,D1_D4_MD5,E,AT	26.1 	27.3 	29.2 	33.4 	32.8 	34.9 	37.5 p	40.5 
A,EUR,D1_D4_MD5,E,BA	: 	5.2 	5.3 	: 	: 	: 	: 	: 
A,EUR,D1_D4_MD5,E,BE	32.8 	35.4 	32.7 	34.9 	35.3 	37.3 	40.7 	41.5 
A,EUR,D1_D4_MD5,E,BG	2.6 	3 	3.7 	5.1 	5.3 	5.9 	6.8 	7.7 
A,EUR,D1_D4_MD5,E,CH	: 	45.7 	49.3 	: 	: 	: 	: 	: 
A,EUR,D1_D4_MD5,E,CY	16.9 	18.6 	12.9 	15.3 	15.8 	16.4 	17.3 	17.9 
A,EUR,D1_D4_MD5,E,CZ	8.3 	9.3 	9.3 	12.5 	13.4 	14.7 	16.5 	17 
A,EUR,D1_D4_MD5,E,DE	25.6 	27.4 	30.5 	34.3 	35 	37.5 	39.9 	40.3 
A,EUR,D1_D4_MD5,E,DK	32 	36.5 	40 	43.8 	: @C	: @C	: @C	: @C
A,EUR,D1_D4_MD5,E,EA19	24.4 d	25.9 	26.5 	29.2 	29.4 	30.9 	32.4 	33.5 
A,EUR,D1_D4_MD5,E,EA20	24.2 d	25.4 	25.9 	28.6 	28.7 	30.2 	31.7 	32.8 
A,EUR,D1_D4_MD5,E,EE	8.1 	: 	10.7 	13.6 	14.5 	15.7 	17.7 	18.8 
A,EUR,D1_D4_MD5,E,EL	21.6 	15.5 	15.6 	10.6 	10.5 	10.9 	11.4 	13.2 
A,EUR,D1_D4_MD5,E,ES	19.5 	20.6 	21.6 	23.5 	23.8 	25 	25.8 	26.8 
A,EUR,D1_D4_MD5,E,EU15	26.1 	26.6 	27.9 	30.7 	: 	: 	: 	: 
A,EUR,D1_D4_MD5,E,EU27_2020	19.1 d	19.9 	20.6 	23.1 	23.4 	24.7 	26.1 	27.3 
A,EUR,D1_D4_MD5,E,EU28	19.0 	20.4 	21.4 	: 	: 	: 	: 	: 
A,EUR,D1_D4_MD5,E,FI	25 	28 	30.9 	32.2 	30.4 p	31.5 p	32.5 p	33.8 p
A,EUR,D1_D4_MD5,E,FR	32.2 	32.6 	30.7 	38.6 	38.2 	39.3 	40.9 	42.2 
A,EUR,D1_D4_MD5,E,HR	9.4 	8.7 	9.8 	9.1 	9.3 	9.9 	11 	12.7 
A,EUR,D1_D4_MD5,E,HU	7.5 	7.5 	7.3 	9.1 	9.3 	9.5 	11.5 	13.2 
A,EUR,D1_D4_MD5,E,IE	: 	21 	23.3 	25.5 	26.5 	30.1 	33.5 	35.3 
A,EUR,D1_D4_MD5,E,IS	19.3 	21 	34.1 	35.3 	39.5 p	45.4 p	47.1 p	49.9 p
A,EUR,D1_D4_MD5,E,IT	24.4 	25.9 	26.9 	27 	26.4 	27.3 	27.6 	28.6 
A,EUR,D1_D4_MD5,E,LT	5.2 	5.8 	7.1 	9.3 	10.1 	11.1 	12.9 	14.3 
A,EUR,D1_D4_MD5,E,LU	29.1 	30.9 	35.6 	40.6 	41.3 	42.9 	46.3 	47.8 
A,EUR,D1_D4_MD5,E,LV	5.8 	5.6 	7.3 	10 	10 	11.4 	12.9 	14.6 
A,EUR,D1_D4_MD5,E,ME	: 	5.9 	5.5 	: 	: 	: 	: 	: 
A,EUR,D1_D4_MD5,E,MK	: 	3.0 	3.2 	: 	: 	: 	: 	: 
A,EUR,D1_D4_MD5,E,MT	11.2 	: 	14.1 	16.6 	17.2 	17.4 	17.9 	18.2 
A,EUR,D1_D4_MD5,E,NL	29.5 	33.2 	33.9 	36.3 	36.9 	39.3 	41.5 	: @C
A,EUR,D1_D4_MD5,E,NO	: 	46.5 	41.2 	43.2 	45.9 	46.7 	43.5 	45.6 
A,EUR,D1_D4_MD5,E,PL	7.1 	7.3 	7.9 	9.7 	10.2 	10.9 	12.5 	14.8 
A,EUR,D1_D4_MD5,E,PT	11.7 	10.8 	11.5 	11.9 	12.2 	12.9 	13.5 	14.7 
A,EUR,D1_D4_MD5,E,RO	3.7 	3.8 	4.5 	6.5 	6.7 	7.5 	8.7 	10 
A,EUR,D1_D4_MD5,E,RS	: 	4.4 	4.6 	6.1 	6.7 	7.5 	8.5 	9.8 
A,EUR,D1_D4_MD5,E,SE	29.5 	35.7 	36.8 	36.8 	39.9 	39.1 	37.3 	39.3 
A,EUR,D1_D4_MD5,E,SI	13.3 	15.4 	16.5 	20.3 	21.4 	23 	25.7 	27.5 
A,EUR,D1_D4_MD5,E,SK	0.2 	8.4 	9.4 	11.8 	12.4 	13.5 	14.7 	15.8 
A,EUR,D1_D4_MD5,E,TR	: 	9.5 	8.8 	5.3 	4.7 	4.3 	5.6 	8.4 
A,EUR,D1_D4_MD5,E,UK	: 	23.5 	27.1 	: 	: 	: 	: 	: 
A,EUR,D1_D4_MD5,F,AL	: 	2.0 	2.4 	: 	: 	: 	: 	: 
A,EUR,D1_D4_MD5,F,AT	26.5 	28.4 	33.1 	36.3 	36.5 	38.5 	39.9 p	43.4 
A,EUR,D1_D4_MD5,F,BA	: 	3.7 	3.7 	: 	: 	: 	: 	: 
A,EUR,D1_D4_MD5,F,BE	28.6 	33.4 	34.8 	36 	36.4 	38.5 	41.8 	42.8 
A,EUR,D1_D4_MD5,F,BG	2 	3 	3.6 	5.3 	5.8 	6.5 	7.6 	8.9 
A,EUR,D1_D4_MD5,F,CH	: 	43.8 	48.1 	: 	: 	: 	: 	: 
A,EUR,D1_D4_MD5,F,CY	14.1 	15 	13.8 	14.5 	14.9 	15.4 	16 	16.7 
A,EUR,D1_D4_MD5,F,CZ	8.7 	9.3 	9.6 	12.8 	13.9 	14.8 	16.6 	16.9 
A,EUR,D1_D4_MD5,F,DE	22.7 	25.1 	26.7 	31.2 	32.1 	34.6 	36 	38.1 
A,EUR,D1_D4_MD5,F,DK	33.2 	36.4 	38.7 	41.3 	43.6 	44.4 	45.7 	47 
A,EUR,D1_D4_MD5,F,EA19	21.4 	25.1 	26.2 	28.7 	29 	30.7 	32.1 	33.7 
A,EUR,D1_D4_MD5,F,EA20	21.3 	24.8 	25.9 	28.4 	28.7 	30.4 	31.8 	33.4 
A,EUR,D1_D4_MD5,F,EE	9 	10 	11.8 	14.7 	15.7 	16.5 	17.3 	18.3 
A,EUR,D1_D4_MD5,F,EL	15.6 	13.7 	12.6 	11.1 	10.7 	11.7 	12.8 	14.1 
A,EUR,D1_D4_MD5,F,ES	17.9 	20.9 	20.3 	20.6 	20.6 	21.2 	22.1 	22.7 
A,EUR,D1_D4_MD5,F,EU15	23.3 	26.5 	27.8 	30.3 	: 	: 	: 	: 
A,EUR,D1_D4_MD5,F,EU27_2020	18.4 	21.4 	22.9 	25.1 	25.5 	27 	28.4 	30 
A,EUR,D1_D4_MD5,F,EU28	19.1 	21.9 	23.5 	: 	: 	: 	: 	: 
A,EUR,D1_D4_MD5,F,FI	28.3 	31.7 	34 	34.7 	36.4 p	37.3 p	37.7 p	39.1 p
A,EUR,D1_D4_MD5,F,FR	28 	30.3 	31.1 	35.2 	35 	36.2 	37.5 	38.7 
A,EUR,D1_D4_MD5,F,HR	8 	8.2 	8.4 	9.7 	10.1 	11 	12.9 	14.3 
A,EUR,D1_D4_MD5,F,HU	6.2 	6.4 	6.4 	8.2 	8.6 	9 	10.8 	12 
A,EUR,D1_D4_MD5,F,IE	27.7 	26.4 	25.7 	27.5 	28.6 	35.5 	37.3 	40.1 
A,EUR,D1_D4_MD5,F,IS	21.6 	24.6 	38 	42.4 	40.6 p	46.1 p	48.1 p	51.7 p
A,EUR,D1_D4_MD5,F,IT	22 	23.5 	23.5 	24.1 	24.1 	25 	25.9 	27.3 
A,EUR,D1_D4_MD5,F,LT	6.6 	5.5 	7.2 	9.3 	10.5 	11.6 	13.5 	15.2 
A,EUR,D1_D4_MD5,F,LU	22 	24.8 	26.1 	30.4 	30.8 	32.5 	34.7 	35.8 
A,EUR,D1_D4_MD5,F,LV	5.6 	5.5 	8 	11.3 	11.2 	11.8 	12.7 	14.5 
A,EUR,D1_D4_MD5,F,ME	: 	4.1 	4.3 	: 	: 	: 	: 	: 
A,EUR,D1_D4_MD5,F,MK	: 	3.1 	3.6 	: 	: 	: 	: 	: 
A,EUR,D1_D4_MD5,F,MT	8.5 	9.4 	11 	11.5 	12.2 	12.4 	12.9 	13.2 
A,EUR,D1_D4_MD5,F,NL	30.3 	33.7 	35.6 	39.4 	38.6 	40.2 	42.2 	44.4 
A,EUR,D1_D4_MD5,F,NO	: 	49.1 	41.4 	41 	43.6 	44.1 	42 	43.5 
A,EUR,D1_D4_MD5,F,PL	7.1 	6.8 	8.1 	9.5 	9.9 	10.7 	12 	14.3 
A,EUR,D1_D4_MD5,F,PT	9.7 	11.6 	9.7 	11.3 	12 	12.7 	13.4 	14.4 
A,EUR,D1_D4_MD5,F,RO	3.5 	3.3 	4 	6.3 	6.4 	7.2 	8.9 	10.3 
A,EUR,D1_D4_MD5,F,RS	: 	4.7 	4.3 	6.3 	7.1 	8.4 	9.5 	10.9 
A,EUR,D1_D4_MD5,F,SE	31.2 	38.3 	37.4 	36.9 	39.7 	39.8 	38.4 	40.3 
A,EUR,D1_D4_MD5,F,SI	11.2 	11.9 	13.2 	16.8 	18 	19.3 	21.3 	23.5 
A,EUR,D1_D4_MD5,F,SK	0.2 	8.4 	9 	11.3 	11.8 	13.6 	15 	16.6 
A,EUR,D1_D4_MD5,F,TR	: 	4.3 	4.8 	2.2 	2 	2.1 	3 	4.1 
A,EUR,D1_D4_MD5,F,UK	24.8 	25 	26.9 	: 	: 	: 	: 	: 
A,EUR,D1_D4_MD5,G,AL	: 	1.9 	2.0 	: 	: 	: 	: 	: 
A,EUR,D1_D4_MD5,G,AT	22.3 	26.4 	29.3 	32.2 	32.5 	34.1 	34.4 p	38 
A,EUR,D1_D4_MD5,G,BA	: 	4.1 	4.1 	: 	: 	: 	: 	: 
A,EUR,D1_D4_MD5,G,BE	30.7 	37.2 	36.3 	37.2 	37.6 	39.8 	43.3 	44.2 
A,EUR,D1_D4_MD5,G,BG	2.2 	3.1 	4.1 	5.8 	6.2 	7.3 	8.3 	9.5 
A,EUR,D1_D4_MD5,G,CH	: 	45.5 	49.9 	: 	: 	: 	: 	: 
A,EUR,D1_D4_MD5,G,CY	11.8 	14 	10.8 	11.3 	11.4 	12.3 	12.8 	13.4 
A,EUR,D1_D4_MD5,G,CZ	8.8 	9.2 	9.7 	13.4 	14.6 	15.9 	17.4 	17.6 
A,EUR,D1_D4_MD5,G,DE	23.4 	25.9 	27.5 	30.9 	31.3 	33.1 	34.8 	36.2 
A,EUR,D1_D4_MD5,G,DK	32.6 	36.6 	37.7 	40.8 	42.4 	43.6 	44.7 	46.1 
A,EUR,D1_D4_MD5,G,EA19	21.1 	24.1 	24.9 	27.5 	27.8 	29 	30.6 	31.8 
A,EUR,D1_D4_MD5,G,EA20	21 	23.9 	24.7 	27.3 	27.6 	28.8 	30.3 	31.6 
A,EUR,D1_D4_MD5,G,EE	7.5 	7.9 	9.7 	12.6 	13.9 	15 	16.4 	17.3 
A,EUR,D1_D4_MD5,G,EL	13.9 	14.7 	13.7 	12.6 	12.4 	12.7 	13.9 	14.7 
A,EUR,D1_D4_MD5,G,ES	15.9 	17.9 	17.5 	19.3 	19.3 	20.2 	21.4 	22.4 
A,EUR,D1_D4_MD5,G,EU15	21.7 	24.2 	25.4 	28.9 	: 	: 	: 	: 
A,EUR,D1_D4_MD5,G,EU27_2020	18.3 	20.9 	22 	24.1 	24.5 	25.7 	27.2 	28.4 
A,EUR,D1_D4_MD5,G,EU28	18.3 	20.7 	22.0 	: 	: 	: 	: 	: 
A,EUR,D1_D4_MD5,G,FI	25.3 	29 	30.7 	32 	34.1 p	35.0 p	35.4 p	35.8 p
A,EUR,D1_D4_MD5,G,FR	26.9 	29.3 	29.6 	34.2 	34.4 	35.5 	36.8 	37.8 
A,EUR,D1_D4_MD5,G,HR	7.8 	8.2 	9.2 	9.7 	10 	11 	12.6 	14.2 
A,EUR,D1_D4_MD5,G,HU	6.7 	7 	7.6 	9.2 	9.6 	10 	11.9 	12.7 
A,EUR,D1_D4_MD5,G,IE	21.6 	21.9 	23.3 	24.6 	25.5 	28 	29.4 	31.1 
A,EUR,D1_D4_MD5,G,IS	18.6 	21 	33.7 	34.2 	40.1 p	45.6 p	46.8 p	49.8 p
A,EUR,D1_D4_MD5,G,IT	22 	23.6 	24.7 	26.8 	26.4 	26.7 	27.3 	28 
A,EUR,D1_D4_MD5,G,LT	5.3 	5.2 	6.9 	9.4 	11 	12.5 	13.7 	15.1 
A,EUR,D1_D4_MD5,G,LU	21.6 	26.6 	30.3 	36.2 	36.7 	38.1 	40.9 	41.7 
A,EUR,D1_D4_MD5,G,LV	5.2 	5.3 	7 	9.5 	9.9 	10.6 	11.9 	13.5 
A,EUR,D1_D4_MD5,G,ME	: 	4.2 	4.2 	: 	: 	: 	: 	: 
A,EUR,D1_D4_MD5,G,MK	: 	3.4 	3.5 	: 	: 	: 	: 	: 
A,EUR,D1_D4_MD5,G,MT	9.6 	9.5 	12.4 	12.1 	12.9 	13.9 	14.6 	16 
A,EUR,D1_D4_MD5,G,NL	25 	27.7 	29.1 	31.8 	32.7 	34.2 	36.6 	: @C
A,EUR,D1_D4_MD5,G,NO	: 	45.8 	41.8 	42.4 	47.6 	48.2 	45.5 	47.1 
A,EUR,D1_D4_MD5,G,PL	6.4 	6.1 	7.2 	9.1 	9.6 	10.5 	12 	14.1 
A,EUR,D1_D4_MD5,G,PT	10.8 	12.2 	13.5 	14 	14.5 	15.4 	16.3 	17.2 
A,EUR,D1_D4_MD5,G,RO	3.5 	3.8 	4.9 	7.1 	7.4 	8.6 	9.8 	11.2 
A,EUR,D1_D4_MD5,G,RS	: 	4.4 	4.3 	5.4 	6.1 	7.3 	8.4 	9.6 
A,EUR,D1_D4_MD5,G,SE	30.7 	36.6 	38.5 	37 	39.4 	38.7 	37.3 	39.5 
A,EUR,D1_D4_MD5,G,SI	12.5 	14.8 	16.1 	19.7 	20.9 	22.5 	24.8 	26.7 
A,EUR,D1_D4_MD5,G,SK	0.2 	8.2 	9.4 	12 	12.9 	14.5 	15.7 	16.8 
A,EUR,D1_D4_MD5,G,TR	: 	5 	5.7 	3.3 	3.1 	3.2 	4.7 	6.2 
A,EUR,D1_D4_MD5,G,UK	18.5 	19.7 	21.7 	: 	: 	: 	: 	: 
A,EUR,D1_D4_MD5,G-J,MT	10.3 	11.1 	13.0 	14.8 	15.0 	15.1 	15.7 	: 
A,EUR,D1_D4_MD5,G-N,AL	: 	2.3 	2.7 	: 	: 	: 	: 	: 
A,EUR,D1_D4_MD5,G-N,AT	24.9 	28.7 	31.1 	34.8 	34.9 	36.5 	38.5 p	41.8 
A,EUR,D1_D4_MD5,G-N,BA	: 	5.2 	5.1 	: 	: 	: 	: 	: 
A,EUR,D1_D4_MD5,G-N,BE	35.7 	39.5 	38.1 	39.7 	40.1 	42.4 	46.1 	47 
A,EUR,D1_D4_MD5,G-N,BG	2.7 	3.6 	4.8 	7 	7.5 	8.7 	9.9 	11.3 
A,EUR,D1_D4_MD5,G-N,CH	: 	52.7 	57.3 	: 	: 	: 	: 	: 
A,EUR,D1_D4_MD5,G-N,CY	15.9 	17.2 	14.1 	16.3 	16.5 	18.2 	19.3 	20.4 
A,EUR,D1_D4_MD5,G-N,CZ	9.8 	10.5 	10.6 	14.7 	14.4 	15.5 	17.3 	17.6 
A,EUR,D1_D4_MD5,G-N,DE	25.9 	28.6 	30.5 	35 	35.5 	38.2 	40.1 	42.1 
A,EUR,D1_D4_MD5,G-N,DK	36.5 	41.5 	43 	46.6 	47.4 	48.5 	49.9 	51.4 
A,EUR,D1_D4_MD5,G-N,EA19	24.7 	27.5 	28.3 	31.3 	31.7 	33.4 	35.1 	36.6 
A,EUR,D1_D4_MD5,G-N,EA20	24.7 	27.3 	28.1 	31.1 	31.5 	33.2 	34.9 	36.4 
A,EUR,D1_D4_MD5,G-N,EE	8.3 	9 	11.2 	14.7 	15.7 	17.1 	19.3 	20.6 
A,EUR,D1_D4_MD5,G-N,EL	16.1 	15.8 	15.3 	14 	14.2 	15.6 	17.1 	18.5 
A,EUR,D1_D4_MD5,G-N,ES	18.5 	20.2 	19.9 	21.9 	21.8 	22.1 	23.3 	24.4 
A,EUR,D1_D4_MD5,G-N,EU15	25.4 	27.8 	29.0 	32.7 	: 	: 	: 	: 
A,EUR,D1_D4_MD5,G-N,EU27_2020	22 	24.5 	25.4 	28.1 	28.5 	30.1 	31.8 	33.3 
A,EUR,D1_D4_MD5,G-N,EU28	22.1 	24.4 	25.6 	: 	: 	: 	: 	: 
A,EUR,D1_D4_MD5,G-N,FI	26 	30.3 	33.1 	33.7 	35.2 p	35.7 p	37.2 p	37.8 p
A,EUR,D1_D4_MD5,G-N,FR	31.8 	34.8 	35 	38.7 	39.1 	40.7 	42.3 	43.5 
A,EUR,D1_D4_MD5,G-N,HR	9.4 	10 	10 	11.2 	11.5 	12.6 	14.4 	16 
A,EUR,D1_D4_MD5,G-N,HU	8.3 	8.2 	8.7 	10.4 	10.7 	11.2 	13.3 	14.4 
A,EUR,D1_D4_MD5,G-N,IE	26.5 	26.9 	28.3 	31.3 	32.5 	35.8 	38.1 	40.5 
A,EUR,D1_D4_MD5,G-N,IS	22.3 p	24.2 p	36.2 p	39.3 p	43.7 p	48.6 p	49.9 p	53.3 p
A,EUR,D1_D4_MD5,G-N,IT	25.2 	26.4 	26.4 	28 	27.7 	28.1 	28.7 	29.4 
A,EUR,D1_D4_MD5,G-N,LT	6 	6.1 	7.9 	10.7 	12 	13.7 	15.5 	16.9 
A,EUR,D1_D4_MD5,G-N,LU	34.8 	37.7 	42.3 	51.4 	52.7 	55.5 	59 	60.1 
A,EUR,D1_D4_MD5,G-N,LV	6.2 	6.6 	8.4 	11.5 	11.9 	12.9 	14.4 	16.2 
A,EUR,D1_D4_MD5,G-N,ME	: 	5.6 	5.4 	: 	: 	: 	: 	: 
A,EUR,D1_D4_MD5,G-N,MK	: 	4.3 	3.9 	: 	: 	: 	: 	: 
A,EUR,D1_D4_MD5,G-N,MT	11.3 	11.7 	14.2 	14.5 	14.9 	16.4 	17.4 	17.6 
A,EUR,D1_D4_MD5,G-N,NL	28.6 	31.2 	32.2 	34.8 	35.6 	37.6 	40.2 	42.2 
A,EUR,D1_D4_MD5,G-N,NO	: 	54 	48.5 	48 	53.2 	54.3 	51.6 	53.9 
A,EUR,D1_D4_MD5,G-N,PL	7.5 	7.6 	8.6 	10.7 	11.2 	12.5 	14.5 	16.9 
A,EUR,D1_D4_MD5,G-N,PT	12.8 	14.2 	14.1 	15.4 	15.6 	16.3 	17.2 	18.2 
A,EUR,D1_D4_MD5,G-N,RO	4.6 	4.6 	5.8 	8.4 	8.7 	10 	11.6 	13.1 
A,EUR,D1_D4_MD5,G-N,RS	: 	5.4 	5.2 	7 	7.8 	9.4 	10.7 	12.1 
A,EUR,D1_D4_MD5,G-N,SE	33.7 	39.6 	40.6 	40.5 	43.7 	43.1 	41.3 	43.4 
A,EUR,D1_D4_MD5,G-N,SI	14.7 	16.2 	17.2 	20.8 	22.1 	23.8 	26.2 	28.2 
A,EUR,D1_D4_MD5,G-N,SK	0.2 	9.4 	10.4 	13.8 	14.4 	16.1 	17.5 	18.7 
A,EUR,D1_D4_MD5,G-N,TR	: 	6.6 	6.5 	3.9 	: 	: 	: 	: 
A,EUR,D1_D4_MD5,G-N,UK	22.9 d	24.2 	26.4 	: 	: 	: 	: 	: 
A,EUR,D1_D4_MD5,H,AL	: 	2.7 	3.2 	: 	: 	: 	: 	: 
A,EUR,D1_D4_MD5,H,AT	25.2 	27.9 	30.2 	32.7 	33.2 	35.9 	39.2 p	41.1 
A,EUR,D1_D4_MD5,H,BA	: 	5.2 	5.1 	: 	: 	: 	: 	: 
A,EUR,D1_D4_MD5,H,BE	32.1 	35.8 	33.9 	35.3 	35.7 	38 	41 	41.9 
A,EUR,D1_D4_MD5,H,BG	3.1 	3.5 	4.2 	5.5 	5.7 	6.6 	7.8 	8.9 
A,EUR,D1_D4_MD5,H,CH	: 	46.2 	51.7 	: 	: 	: 	: 	: 
A,EUR,D1_D4_MD5,H,CY	17.6 	19.1 	18.4 	18.4 	17.2 	18.5 	19.1 	21.1 
A,EUR,D1_D4_MD5,H,CZ	9.3 	9.4 	9.5 	12.9 	13.6 	15 	16.6 	16.9 
A,EUR,D1_D4_MD5,H,DE	23.6 	25.5 	26.9 	29 	29.4 	30.9 	33.4 	34.9 
A,EUR,D1_D4_MD5,H,DK	33.1 	37.7 	39.4 	42.8 	44.4 	45.7 	46.8 	47.7 
A,EUR,D1_D4_MD5,H,EA19	23.8 	25.9 d	26.3 	27.7 	27.9 	29.3 	31.2 	32.5 
A,EUR,D1_D4_MD5,H,EA20	23.8 	25.7 d	26.2 	27.5 	27.6 	29.1 	31 	32.2 
A,EUR,D1_D4_MD5,H,EE	7.6 	8.8 	10.8 	13.3 	13.5 	15.4 	16.3 	17.4 
A,EUR,D1_D4_MD5,H,EL	20.3 	19.1 	21 	18.3 	19 	20.7 	21.8 	24.4 
A,EUR,D1_D4_MD5,H,ES	20.1 	21.5 	21.6 	22.7 	21.8 	22.7 	23.8 	24.8 
A,EUR,D1_D4_MD5,H,EU15	24.9 	26.8 	27.7 	29.2 	: 	: 	: 	: 
A,EUR,D1_D4_MD5,H,EU27_2020	20.6 	22.4 d	23 	24.4 	24.6 	26 	27.9 	29.2 
A,EUR,D1_D4_MD5,H,EU28	20.8 	22.7 	23.7 	: 	: 	: 	: 	: 
A,EUR,D1_D4_MD5,H,FI	27.7 	29.7 	31.5 	33 	32.9 p	34.4 p	35.7 p	35.8 p
A,EUR,D1_D4_MD5,H,FR	29.6 	32.2 	31.4 	32.1 	32.6 	34.4 	36.1 	37.5 
A,EUR,D1_D4_MD5,H,HR	9.2 	9.6 	9.6 	9 	8.7 	9.6 	10.9 	12.1 
A,EUR,D1_D4_MD5,H,HU	7.7 	7.5 	7.8 	9.6 	9.8 	10.2 	12 	13.3 
A,EUR,D1_D4_MD5,H,IE	28.3 	28.9 	28.6 	28.1 	26.9 	31.2 	32.2 	33.4 
A,EUR,D1_D4_MD5,H,IS	20.7 	24.8 	34.3 	39.8 	43.0 p	48.5 p	50.5 p	54.1 p
A,EUR,D1_D4_MD5,H,IT	23.7 	24.7 	24 	26 	25.7 	25.7 	26.8 	27.3 
A,EUR,D1_D4_MD5,H,LT	6.6 	6.6 	8.5 	10.3 	10.7 	11.9 	13.6 	14.8 
A,EUR,D1_D4_MD5,H,LU	28.6 	32.1 	35 	39.8 	41.6 	44.6 	47.9 	47.1 
A,EUR,D1_D4_MD5,H,LV	6.2 	6.9 	8 	10.2 	10.3 	11.2 	12.8 	14.8 
A,EUR,D1_D4_MD5,H,ME	: 	5.7 	6.3 	: 	: 	: 	: 	: 
A,EUR,D1_D4_MD5,H,MK	: 	5.5 	3.7 	: 	: 	: 	: 	: 
A,EUR,D1_D4_MD5,H,MT	13 	: 	14.9 	15.3 	15.4 	21.4 	21.4 	20.2 
A,EUR,D1_D4_MD5,H,NL	27.2 	28.5 	32.7 	33.8 	33.4 	36 	39.4 	: @C
A,EUR,D1_D4_MD5,H,NO	: 	54.3 	50 	44.2 	49 	51.2 	48.7 	51.3 
A,EUR,D1_D4_MD5,H,PL	7.4 	7 	7.7 	9.2 	9.5 	11.5 	13.7 	15.9 
A,EUR,D1_D4_MD5,H,PT	15.5 	15 	17.4 	18.2 	18.7 	19.1 	20 	21 
A,EUR,D1_D4_MD5,H,RO	4.8 	4.5 	5.3 	7.6 	7.8 	8.8 	10.6 	12.1 
A,EUR,D1_D4_MD5,H,RS	: 	4.8 	3.9 	5.9 	6.3 	7.4 	8.5 	9.8 
A,EUR,D1_D4_MD5,H,SE	29.3 	33.8 	33.2 	33.1 	35.7 	35 	33.8 	35.2 
A,EUR,D1_D4_MD5,H,SI	14.5 	15.1 	15.7 	17.6 	18.5 	20.2 	22.3 	24.3 
A,EUR,D1_D4_MD5,H,SK	0.2 	7.9 	8.7 	11.9 	11.9 	13.7 	14.8 	16.1 
A,EUR,D1_D4_MD5,H,TR	: 	5.9 	7.3 	4 	3.6 	4 	5.6 	7.6 
A,EUR,D1_D4_MD5,H,UK	22.5 	24.3 	27.2 	: 	: 	: 	: 	: 
A,EUR,D1_D4_MD5,I,AL	: 	1.6 	1.8 	: 	: 	: 	: 	: 
A,EUR,D1_D4_MD5,I,AT	13.2 	16.2 	17.8 	20.1 	19.5 	21.8 	23.2 p	24.6 
A,EUR,D1_D4_MD5,I,BA	: 	3.3 	3.3 	: 	: 	: 	: 	: 
A,EUR,D1_D4_MD5,I,BE	19.6 	21 	27.4 	28.6 	28.9 	29.8 	33.1 	33.7 
A,EUR,D1_D4_MD5,I,BG	1.5 	2.2 	2.6 	3.4 	3.7 	4.4 	5.2 	6.2 
A,EUR,D1_D4_MD5,I,CH	: 	32.7 	34.4 	: 	: 	: 	: 	: 
A,EUR,D1_D4_MD5,I,CY	10.4 	8.7 	7.5 	7.3 	7.8 	10.2 	10.2 	10.8 
A,EUR,D1_D4_MD5,I,CZ	5.4 	5.6 	6 	10.2 	6 	11.7 	12.8 	13.2 
A,EUR,D1_D4_MD5,I,DE	14.2 	15.8 	17.4 	20.9 	21.4 	23.8 	25.7 	26.9 
A,EUR,D1_D4_MD5,I,DK	25.2 	27.7 	28 	29.9 	: @C	6.7 	6.8 	7 
A,EUR,D1_D4_MD5,I,EA19	14.7 	16.2 	16.5 	18.3 	18.2 	19.8 	21.2 	22.1 
A,EUR,D1_D4_MD5,I,EA20	14.6 	16.1 	16.3 	18.2 	18.1 	19.7 	21 	21.9 
A,EUR,D1_D4_MD5,I,EE	5.2 	5.4 	7.1 	8.7 	8.6 	9.8 	11.5 	11.9 
A,EUR,D1_D4_MD5,I,EL	11.3 	10.6 	9.3 	10.1 	10.5 	13.1 	15.7 	18.3 
A,EUR,D1_D4_MD5,I,ES	12.8 	13.8 	13.9 	15.1 	14.4 	15.5 	16.2 	16.9 
A,EUR,D1_D4_MD5,I,EU15	14.9 	16.1 	17.0 	19.2 	: 	: 	: 	: 
A,EUR,D1_D4_MD5,I,EU27_2020	13.3 	14.8 	15.1 	16.8 	16.2 	17.5 	18.8 	19.7 
A,EUR,D1_D4_MD5,I,EU28	13.4 	14.6 	15.4 	: 	: 	: 	: 	: 
A,EUR,D1_D4_MD5,I,FI	20.8 	22.8 	24.2 	24.7 	26.1 p	26.4 p	27.2 p	28.1 p
A,EUR,D1_D4_MD5,I,FR	21.1 	22.5 	21.8 	23.9 	24.8 	26.8 	28 	28.6 
A,EUR,D1_D4_MD5,I,HR	7.6 	7.7 	7.9 	9.2 	9.4 	10.4 	12 	13.4 
A,EUR,D1_D4_MD5,I,HU	4.8 	4.4 	4.9 	5.9 	5.8 	6.6 	8.1 	9 
A,EUR,D1_D4_MD5,I,IE	15.7 	15.3 	15.8 	12.3 	: @C	: @C	: @C	: @C
A,EUR,D1_D4_MD5,I,IS	14.2 p	16.3 p	25.8 p	24.7 	31.4 p	35.9 p	37.1 p	39.9 p
A,EUR,D1_D4_MD5,I,IT	15.6 	17.7 	17.8 	19.7 	19.2 	19 	19.6 	20 
A,EUR,D1_D4_MD5,I,LT	3.3 	3.2 	4.7 	6.3 	7.4 	8.9 	9.9 	10.8 
A,EUR,D1_D4_MD5,I,LU	17 	20.4 	20.9 	29.4 	30.3 	30.3 	32.7 	33.4 
A,EUR,D1_D4_MD5,I,LV	3.7 	3.9 	5.3 	7.7 	7 	7.8 	8.6 	10 
A,EUR,D1_D4_MD5,I,ME	: 	4.5 	3.9 	: 	: 	: 	: 	: 
A,EUR,D1_D4_MD5,I,MK	: 	2.5 	2.3 	: 	: 	: 	: 	: 
A,EUR,D1_D4_MD5,I,MT	8 	7.7 	9.4 	4 	5 	6.6 	8.4 	9.6 
A,EUR,D1_D4_MD5,I,NL	17.7 	18 	19 	21.7 	18.9 	20.7 	22.8 	: @C
A,EUR,D1_D4_MD5,I,NO	: 	36.5 	30.7 	26.4 	29.5 	27.4 	26.5 	28.2 
A,EUR,D1_D4_MD5,I,PL	4.8 	4.9 	5.6 	7.3 	7.6 	8.3 	9.6 	11.5 
A,EUR,D1_D4_MD5,I,PT	8.4 	8.2 	8.2 	10.3 	11.2 	10.7 	11 	11.7 
A,EUR,D1_D4_MD5,I,RO	2.5 	2.4 	3.2 	4.8 	4.9 	5.7 	6.6 	7.9 
A,EUR,D1_D4_MD5,I,RS	: 	3.9 	3.4 	4.9 	4.3 	5.2 	5.8 	6.7 
A,EUR,D1_D4_MD5,I,SE	20.9 	25.3 	25.3 	25.6 	27.2 	26.7 	25.9 	27.5 
A,EUR,D1_D4_MD5,I,SI	10.5 	11.5 	12 	19.2 	21.1 	22.7 	25.5 	27.4 
A,EUR,D1_D4_MD5,I,SK	0.1 	5.6 	6.2 	8.4 	9.3 	9.7 	10.6 	11.7 
A,EUR,D1_D4_MD5,I,TR	: 	4.3 	4.7 	2.2 	2 	2.3 	3.4 	4.5 
A,EUR,D1_D4_MD5,I,UK	13.8 	14.1 	16.1 	: 	: 	: 	: 	: 
A,EUR,D1_D4_MD5,J,AL	: 	2.6 	3.8 	: 	: 	: 	: 	: 
A,EUR,D1_D4_MD5,J,AT	39.9 	43.3 	45.3 	49.2 	47.5 	51 	54.1 p	59.7 
A,EUR,D1_D4_MD5,J,BA	: 	7.8 	8.1 	: 	: 	: 	: 	: 
A,EUR,D1_D4_MD5,J,BE	: 	54.7 	47.7 	49.7 	50.2 	52.4 	57.8 	58.7 
A,EUR,D1_D4_MD5,J,BG	5.2 	7.4 	9.7 	14 	15.4 	17.6 	19.6 	21.7 
A,EUR,D1_D4_MD5,J,CH	: 	64.6 	72.9 	: 	: 	: 	: 	: 
A,EUR,D1_D4_MD5,J,CY	22.5 	23.9 	18.6 	27.1 	27.5 	31.3 	35.3 	37 
A,EUR,D1_D4_MD5,J,CZ	16.7 	18.3 	18.1 	23 	24.9 	27.7 	31.6 	32 
A,EUR,D1_D4_MD5,J,DE	37.5 	41.3 	44.3 	49 	50.5 	52.8 	55.3 	57.9 
A,EUR,D1_D4_MD5,J,DK	44.4 	49.4 	52.2 	54.7 	56.7 	58.2 	59.5 	61.5 
A,EUR,D1_D4_MD5,J,EA19	35.1 	38.2 	39.1 	42.6 	44 	45.5 	47.8 	49.9 
A,EUR,D1_D4_MD5,J,EA20	35.1 	37.9 	38.8 	42.4 	43.8 	45.2 	47.5 	49.7 
A,EUR,D1_D4_MD5,J,EE	12.1 	14.8 	17.9 	24.1 	26.4 	28.6 	32.6 	36 
A,EUR,D1_D4_MD5,J,EL	19.5 	18.9 	19.9 	17.8 	18.4 	20.1 	22.9 	24.1 
A,EUR,D1_D4_MD5,J,ES	25.9 	27.3 	26.8 	28.8 	30 	29.7 	31.8 	33.5 
A,EUR,D1_D4_MD5,J,EU15	36.0 	38.5 	39.7 	44.4 	: 	: 	: 	: 
A,EUR,D1_D4_MD5,J,EU27_2020	32.1 	34.9 	35.6 	38.8 	40.2 	41.8 	44.1 	46.3 
A,EUR,D1_D4_MD5,J,EU28	32.3 	34.7 	35.5 	: 	: 	: 	: 	: 
A,EUR,D1_D4_MD5,J,FI	35.7 	41 	44.3 	43.8 	45.4 p	45.3 p	47.4 p	48.7 p
A,EUR,D1_D4_MD5,J,FR	43.8 	45.6 	45.6 	52 	53.2 	54.2 	55.6 	57.2 
A,EUR,D1_D4_MD5,J,HR	14 	14.5 	13.8 	19.2 	20.4 	22.8 	25.5 	27.3 
A,EUR,D1_D4_MD5,J,HU	15.2 	13.8 	15.1 	16.5 	17.2 	17.5 	20.9 	22.7 
A,EUR,D1_D4_MD5,J,IE	37.1 	39.4 	43.5 	50.7 	55 	58.8 	63.6 	70.2 
A,EUR,D1_D4_MD5,J,IS	23.9 p	27.7 p	46.8 	46.7 	53.3 p	58.0 p	59.0 p	63.7 p
A,EUR,D1_D4_MD5,J,IT	33.5 	35.2 	34.4 	34.4 	34.8 	35.5 	36.2 	37.2 
A,EUR,D1_D4_MD5,J,LT	8.1 	9.9 	12.9 	18.2 	20.5 	24.1 	27.2 	30.1 
A,EUR,D1_D4_MD5,J,LU	39.8 	43.9 	49.6 	54 	53.7 	56.2 	59.5 	60.9 
A,EUR,D1_D4_MD5,J,LV	10.6 	11.2 	14.2 	18.6 	19.9 	21.5 	24.2 	26.3 
A,EUR,D1_D4_MD5,J,ME	: 	9.5 	9.0 	: 	: 	: 	: 	: 
A,EUR,D1_D4_MD5,J,MK	: 	6.1 	6.0 	: 	: 	: 	: 	: 
A,EUR,D1_D4_MD5,J,MT	14 	: 	18.7 	23.1 	23.9 	23.2 	23.7 	24.2 
A,EUR,D1_D4_MD5,J,NL	38.7 	40.6 	42.5 	46.5 	49.8 	52.1 	55.2 	: @C
A,EUR,D1_D4_MD5,J,NO	: 	68.4 	61.5 	63.2 	69.4 	71.7 	68.9 	72.1 
A,EUR,D1_D4_MD5,J,PL	13 	13.1 	14.4 	17.3 	18.4 	20.2 	23 	26.3 
A,EUR,D1_D4_MD5,J,PT	: 	21.8 	19.2 	20.5 	21.6 	23.7 	25.2 	26.6 
A,EUR,D1_D4_MD5,J,RO	7.3 	8 	10.6 	15.1 	16.1 	19 	21.8 	23.8 
A,EUR,D1_D4_MD5,J,RS	: 	6.2 	8 	13.1 	15.9 	21.1 	23.7 	26.2 
A,EUR,D1_D4_MD5,J,SE	42.7 	50.4 	54.7 	54.7 	59.7 	58.7 	55.5 	58.5 
A,EUR,D1_D4_MD5,J,SI	21.2 	22.7 	23.5 	27.2 	28.7 	30.2 	33.1 	35.9 
A,EUR,D1_D4_MD5,J,SK	0.4 	16.9 	17.8 	22 	23.5 	25.1 	27.2 	28.8 
A,EUR,D1_D4_MD5,J,TR	: 	14.9 	12.8 	8.2 	8.2 	8.5 	12.4 	17.7 
A,EUR,D1_D4_MD5,J,UK	33.5 	34.3 	35.4 	: 	: 	: 	: 	: 
A,EUR,D1_D4_MD5,K,AL	: 	3.9 	5.1 	: 	: 	: 	: 	: 
A,EUR,D1_D4_MD5,K,AT	42.4 	48.4 	54.4 	55.3 	55.4 	56.3 	60.1 p	63.7 
A,EUR,D1_D4_MD5,K,BA	: 	9.4 	9.7 	: 	: 	: 	: 	: 
A,EUR,D1_D4_MD5,K,BE	55.7 	66.8 	61 	62.5 	63 	66.7 	72.7 	74.4 
A,EUR,D1_D4_MD5,K,BG	5.3 	6.3 	7.3 	9.7 	9.8 	11.3 	12.6 	14 
A,EUR,D1_D4_MD5,K,CH	: 	76.9 	84.6 	: 	: 	: 	: 	: 
A,EUR,D1_D4_MD5,K,CY	32.9 	34.6 	28 	33.7 	33.4 	35.7 	38.1 	40.2 
A,EUR,D1_D4_MD5,K,CZ	17.7 	19.4 	18.2 	22.9 	24.5 	27.4 	30.4 	30.3 
A,EUR,D1_D4_MD5,K,DE	42.3 	47.1 	50.3 	57.2 	57.3 	61.6 	64.6 	68.4 
A,EUR,D1_D4_MD5,K,DK	51.7 	59.7 	66.6 	72.8 	76.4 	77.8 	80.6 	82.5 
A,EUR,D1_D4_MD5,K,EA19	43 	47.2 d	49.7 	53.7 	54.1 	57.1 	59.8 	62.3 
A,EUR,D1_D4_MD5,K,EA20	42.7 	46.8 d	49.3 	53.2 	53.6 	56.6 	59.2 	61.7 
A,EUR,D1_D4_MD5,K,EE	15.3 	14.9 	18.5 	23.7 	25.1 	26.6 	29.4 	32.1 
A,EUR,D1_D4_MD5,K,EL	25.8 	27.4 	28.8 	25.9 	25.3 	27.6 	30.9 	29.6 
A,EUR,D1_D4_MD5,K,ES	35.9 	39.6 	40 	43.3 	42.9 	43.6 	44.2 	46.8 
A,EUR,D1_D4_MD5,K,EU15	42.8 	46.8 	49.3 	55.7 	: 	: 	: 	: 
A,EUR,D1_D4_MD5,K,EU27_2020	38.6 	42.3 d	44.6 	48.4 	48.9 	51.7 	54.3 	56.8 
A,EUR,D1_D4_MD5,K,EU28	38.2 	41.9 	44.2 	: 	: 	: 	: 	: 
A,EUR,D1_D4_MD5,K,FI	37.8 	41.9 	45.4 	46.2 	44.6 p	47.4 p	49.5 p	48.5 p
A,EUR,D1_D4_MD5,K,FR	49 	52.7 	57.9 	60.3 	61.1 	64.6 	67.5 	69.7 
A,EUR,D1_D4_MD5,K,HR	14 	13.8 	14.1 	15.8 	16.1 	17.1 	18.7 	20.5 
A,EUR,D1_D4_MD5,K,HU	17.1 	15.5 	16.1 	17.3 	17.8 	18 	21.8 	23.2 
A,EUR,D1_D4_MD5,K,IE	45.7 	43.4 	44.7 	52 	55 	55.4 	58.3 	60.9 
A,EUR,D1_D4_MD5,K,IS	43.6 	37.3 	62.1 	65.7 	59.0 p	67.9 p	69.9 p	73.7 p
A,EUR,D1_D4_MD5,K,IT	47.7 	48 	48.8 	51.6 	49.7 	52.3 	53.6 	54.9 
A,EUR,D1_D4_MD5,K,LT	11.3 	11.6 	13.9 	17.9 	19.3 	21.7 	24.2 	26.4 
A,EUR,D1_D4_MD5,K,LU	56 	61.1 	71.1 	81.3 	83.2 	88.4 	93.2 	95.4 
A,EUR,D1_D4_MD5,K,LV	12.7 	12.7 	16.1 	19.5 	20.1 	21.6 	23.7 	25.5 
A,EUR,D1_D4_MD5,K,ME	: 	12.6 	13.1 	: 	: 	: 	: 	: 
A,EUR,D1_D4_MD5,K,MK	: 	7.3 	6.7 	: 	: 	: 	: 	: 
A,EUR,D1_D4_MD5,K,MT	18.8 	: 	22.6 	25.2 	24.4 	26.1 	27.4 	26.8 
A,EUR,D1_D4_MD5,K,NL	49.7 	57.3 	57.6 	59.2 	62.1 	63.3 	66.3 	: @C
A,EUR,D1_D4_MD5,K,NO	: 	79.6 	74.2 	77.8 	85.1 	91.1 	84.5 	88 
A,EUR,D1_D4_MD5,K,PL	12.6 	12.6 	13.6 	16.4 	17 	18.9 	22 	25.8 
A,EUR,D1_D4_MD5,K,PT	31.7 	35.6 	33.9 	34.5 	32.8 	34.1 	34.3 	36.9 
A,EUR,D1_D4_MD5,K,RO	10.4 	9.8 	10.6 	13.7 	13.8 	15.6 	17.8 	19.8 
A,EUR,D1_D4_MD5,K,RS	: 	9.6 	9.5 	11.2 	12.1 	13.1 	14.5 	16.3 
A,EUR,D1_D4_MD5,K,SE	53.5 	64 	61.7 	64.1 	69.5 	68.8 	64.4 	67.1 
A,EUR,D1_D4_MD5,K,SI	22.6 	23.1 	25.6 	28.4 	30.1 	32.8 	36 	37.5 
A,EUR,D1_D4_MD5,K,SK	0.4 	16.4 	18.1 	22.5 	23.5 	25.4 	27 	29.5 
A,EUR,D1_D4_MD5,K,TR	: 	16.7 	14.6 	11.8 	10.6 	11 	15.6 	21.7 
A,EUR,D1_D4_MD5,K,UK	37.3 	40.3 	42.6 	: 	: 	: 	: 	: 
A,EUR,D1_D4_MD5,K-N,MT	13.1 	12.6 	16.0 	18.5 	18.2 	19.1 	20.1 	: 
A,EUR,D1_D4_MD5,L,MT	9.2 	: 	22.6 	24.5 	24.1 	24.3 	24.2 	: 
A,EUR,D1_D4_MD5,M,AL	: 	2.8 	3.5 	: 	: 	: 	: 	: 
A,EUR,D1_D4_MD5,M,AT	33.8 	37.3 	40.1 	45.4 	42.7 	46.9 	51.3 p	55.7 
A,EUR,D1_D4_MD5,M,BA	: 	5.8 	6.2 	: 	: 	: 	: 	: 
A,EUR,D1_D4_MD5,M,BE	: 	47.5 	45.9 	47.1 	47.6 	50.2 	54.6 	55.8 
A,EUR,D1_D4_MD5,M,BG	4 	5.5 	7.1 	9.9 	10.6 	12.1 	13.6 	15.6 
A,EUR,D1_D4_MD5,M,CH	: 	61.7 	70.6 	: 	: 	: 	: 	: 
A,EUR,D1_D4_MD5,M,CY	17.7 	19.9 	18.8 	19.2 	19.4 	20.4 	22.1 	23 
A,EUR,D1_D4_MD5,M,CZ	13.4 	14.4 	14.2 	18.5 	19.8 	21.5 	24.2 	25.1 
A,EUR,D1_D4_MD5,M,DE	34.2 	38.2 	41 	45.2 	45.4 	50.9 	51.1 	54.6 
A,EUR,D1_D4_MD5,M,DK	42.2 	48.1 	50.6 	54.3 	56.9 	57.7 	59.4 	61.6 
A,EUR,D1_D4_MD5,M,EA19	32.6 	36.9 	38.6 	41.7 	42 	45.1 	46.6 	48.8 
A,EUR,D1_D4_MD5,M,EA20	32.5 	36.7 	38.4 	41.5 	41.8 	44.8 	46.3 	48.6 
A,EUR,D1_D4_MD5,M,EE	11 	12.2 	15.6 	17.9 	19.1 	21.1 	25.7 	26.8 
A,EUR,D1_D4_MD5,M,EL	14.9 	15.4 	15.9 	14.5 	15.1 	17.6 	18.3 	19.8 
A,EUR,D1_D4_MD5,M,ES	22.3 	24 	24.9 	26.8 	27 	27.5 	29.3 	31 
A,EUR,D1_D4_MD5,M,EU15	34.2 	36.8 	38.7 	43 	: 	: 	: 	: 
A,EUR,D1_D4_MD5,M,EU27_2020	29.8 	33.8 	35.6 	38.2 	38.7 	41.5 	43.1 	45.3 
A,EUR,D1_D4_MD5,M,EU28	29.7 	33.6 	35.5 	: 	: 	: 	: 	: 
A,EUR,D1_D4_MD5,M,FI	32 	39.2 	40.2 	40.6 	41.1 p	41.5 p	42.7 p	42.8 p
A,EUR,D1_D4_MD5,M,FR	38.7 	44.3 	45.7 	50.6 	50.3 	52.2 	53.6 	55.1 
A,EUR,D1_D4_MD5,M,HR	13.5 	17.6 	13.6 	14.6 	15.2 	16.5 	18.9 	21.1 
A,EUR,D1_D4_MD5,M,HU	11.7 	11.7 	12.6 	14.2 	14.8 	15.6 	18.4 	19.9 
A,EUR,D1_D4_MD5,M,IE	35.8 	35.7 	36.3 	38.2 	41.2 	44.5 	46.9 	49.2 
A,EUR,D1_D4_MD5,M,IS	26.4 p	29.6 p	44.0 p	45.0 p	50.7 p	57.8 p	59.7 p	63.0 p
A,EUR,D1_D4_MD5,M,IT	30.2 	34.1 	35.7 	34.8 	35.1 	36 	37.1 	38 
A,EUR,D1_D4_MD5,M,LT	7.9 	8.2 	10 	14 	16.4 	19.1 	21.6 	23.6 
A,EUR,D1_D4_MD5,M,LU	41.6 	46.5 	49.2 	63.4 	65.7 	69.2 	73 	75.4 
A,EUR,D1_D4_MD5,M,LV	8.1 	9.1 	11 	16.7 	18.7 	20.5 	23.1 	25.4 
A,EUR,D1_D4_MD5,M,ME	: 	6.0 	5.2 	: 	: 	: 	: 	: 
A,EUR,D1_D4_MD5,M,MK	: 	5.5 	4.8 	: 	: 	: 	: 	: 
A,EUR,D1_D4_MD5,M,MT	13.2 	11.8 	17.4 	22.4 	22.1 	22.9 	23.7 	23.2 
A,EUR,D1_D4_MD5,M,NL	37.7 	42 	44.4 	46.9 	47.8 	50.4 	53.3 	: @C
A,EUR,D1_D4_MD5,M,NO	: 	66.6 	61.6 	58.6 	65.2 	67.2 	64.2 	66.1 
A,EUR,D1_D4_MD5,M,PL	8.8 	10.6 	11.5 	13.8 	14.7 	16 	18.4 	21.2 
A,EUR,D1_D4_MD5,M,PT	: 	18.5 	18.5 	21.1 	21.5 	23.2 	24.6 	26.1 
A,EUR,D1_D4_MD5,M,RO	6.6 	6.5 	8.4 	11.4 	11.9 	13.6 	15.2 	17.1 
A,EUR,D1_D4_MD5,M,RS	: 	8 	7.9 	9 	10.3 	12.7 	14.3 	15.9 
A,EUR,D1_D4_MD5,M,SE	41 	49.2 	49.6 	48.2 	52.1 	52.2 	49.9 	51.7 
A,EUR,D1_D4_MD5,M,SI	19 	19.7 	21.8 	25.4 	27 	28.6 	31.6 	33.8 
A,EUR,D1_D4_MD5,M,SK	0.3 	12.2 	13.3 	18.3 	17.9 	19.9 	21.9 	23.1 
A,EUR,D1_D4_MD5,M,TR	: 	10.7 	9.2 	5 	4.6 	4.8 	6.8 	9.2 
A,EUR,D1_D4_MD5,M,UK	: 	33.1 	35.3 	: 	: 	: 	: 	: 
A,EUR,D1_D4_MD5,N,AL	: 	1.6 	2.4 	: 	: 	: 	: 	: 
A,EUR,D1_D4_MD5,N,AT	20.1 	21.9 	23.3 	26.7 	28.7 	30.3 	32.1 p	35.4 
A,EUR,D1_D4_MD5,N,BA	: 	4.1 	3.0 	: 	: 	: 	: 	: 
A,EUR,D1_D4_MD5,N,BE	30.6 	31.4 	30.5 	31.8 	32.2 	34.3 	36.6 	37.5 
A,EUR,D1_D4_MD5,N,BG	1.3 	1.9 	3.1 	4.6 	5.2 	6.2 	7 	8.1 
A,EUR,D1_D4_MD5,N,CH	: 	40.6 	41.2 	: 	: 	: 	: 	: 
A,EUR,D1_D4_MD5,N,CY	9.5 	10.4 	9 	13.6 	14 	15.1 	16.3 	17.6 
A,EUR,D1_D4_MD5,N,CZ	5.9 	6.4 	6.6 	9.6 	10.3 	11.2 	12.7 	13.1 
A,EUR,D1_D4_MD5,N,DE	15.8 	18.4 	20.8 	25 	25.6 	28.2 	30.6 	32.3 
A,EUR,D1_D4_MD5,N,DK	29.5 	34 	34.4 	36.8 	38.3 	40.1 	41.5 	43.1 
A,EUR,D1_D4_MD5,N,EA19	17.0 d	19.2 	20 	22.7 	23 	24.3 	25.9 	27.2 
A,EUR,D1_D4_MD5,N,EA20	17.0 d	19.1 	19.9 	22.6 	22.9 	24.2 	25.8 	27.1 
A,EUR,D1_D4_MD5,N,EE	6.8 	7.3 	9.3 	11.4 	12.2 	12.9 	14.6 	16 
A,EUR,D1_D4_MD5,N,EL	11.1 	10.5 	11.1 	10.1 	10.6 	11.7 	12.1 	13.2 
A,EUR,D1_D4_MD5,N,ES	13.9 	14.7 	14.9 	16.1 	16.5 	16.6 	17.9 	18.5 
A,EUR,D1_D4_MD5,N,EU15	17.7 	19.6 	20.8 	23.4 	: 	: 	: 	: 
A,EUR,D1_D4_MD5,N,EU27_2020	15.6 d	17.6 	18.3 	20.9 	21.3 	22.5 	24.1 	25.4 
A,EUR,D1_D4_MD5,N,EU28	15.9 	17.7 	18.8 	: 	: 	: 	: 	: 
A,EUR,D1_D4_MD5,N,FI	16.2 	21.3 	23.8 	23.6 	25.0 p	25.2 p	27.6 p	29.0 p
A,EUR,D1_D4_MD5,N,FR	23 	26 	24.9 	28 	28.2 	29.3 	30.9 	31.9 
A,EUR,D1_D4_MD5,N,HR	6.2 	5.6 	6.6 	7.2 	7.2 	8.1 	9.5 	10.6 
A,EUR,D1_D4_MD5,N,HU	5.4 	5.5 	6.3 	7.6 	7.8 	7.9 	9.6 	10.3 
A,EUR,D1_D4_MD5,N,IE	20.3 	20 	22.1 	24.9 	26.8 	28.4 	30 	32 
A,EUR,D1_D4_MD5,N,IS	17.8 p	20.9 p	32.3 p	35.0 p	38.7 p	44.9 p	46.4 p	49.8 p
A,EUR,D1_D4_MD5,N,IT	16.6 	17.9 	17.9 	18.8 	18.7 	18.7 	18.8 	19.1 
A,EUR,D1_D4_MD5,N,LT	5 	4.5 	6.4 	8 	8.9 	10.6 	12.5 	13.4 
A,EUR,D1_D4_MD5,N,LU	: 	20 	22.7 	29.4 	30.2 	31.7 	34.3 	35.1 
A,EUR,D1_D4_MD5,N,LV	5.2 	5.1 	7 	9.6 	9.8 	10.6 	11.2 	13.1 
A,EUR,D1_D4_MD5,N,ME	: 	4.3 	3.7 	: 	: 	: 	: 	: 
A,EUR,D1_D4_MD5,N,MK	: 	2.8 	2.9 	: 	: 	: 	: 	: 
A,EUR,D1_D4_MD5,N,MT	9.1 	9.1 	11.7 	11 	11.5 	13 	14.4 	14 
A,EUR,D1_D4_MD5,N,NL	20.1 	21.9 	22.9 	24.8 	25.2 	27.3 	29.8 	: @C
A,EUR,D1_D4_MD5,N,NO	: 	43.4 	38 	37.7 	41.1 	40.4 	39.1 	41.8 
A,EUR,D1_D4_MD5,N,PL	5.4 	5.3 	6 	8.5 	9 	9.8 	11.8 	14.1 
A,EUR,D1_D4_MD5,N,PT	7.1 	8.3 	8.4 	9.7 	9.1 	9.4 	10.3 	11 
A,EUR,D1_D4_MD5,N,RO	2.5 	2.6 	4 	5.9 	6.2 	7 	8.4 	9.2 
A,EUR,D1_D4_MD5,N,RS	: 	3.4 	4.1 	5.8 	6.5 	7.6 	8.6 	9.8 
A,EUR,D1_D4_MD5,N,SE	24.5 	29.7 	30.5 	30.2 	32.1 	31.8 	31 	32.8 
A,EUR,D1_D4_MD5,N,SI	9.7 	10.4 	12 	15 	15.9 	17.4 	19.6 	21.3 
A,EUR,D1_D4_MD5,N,SK	0.2 	5.9 	7.2 	10 	10.8 	12.6 	13.5 	14.4 
A,EUR,D1_D4_MD5,N,TR	: 	4 	5.4 	3.2 	3 	3 	4.3 	6.3 
A,EUR,D1_D4_MD5,N,UK	17.5 	18.4 	20.5 	: 	: 	: 	: 	: 
A,EUR,D1_D4_MD5,O-S,MT	: 	: 	15.5 d	20.1 	21.6 	22.1 	22.3 	: 
A,EUR,D1_D4_MD5,P,AL	: 	2.6 	3.0 	: 	: 	: 	: 	: 
A,EUR,D1_D4_MD5,P,AT	28.1 	30.6 	32.5 	37.4 	36.7 	39.6 	40.8 p	46.1 
A,EUR,D1_D4_MD5,P,BA	: 	6.1 	6.3 	: 	: 	: 	: 	: 
A,EUR,D1_D4_MD5,P,BE	27 	40.5 	54.5 	58.4 	59 	62 	67.8 	69.1 
A,EUR,D1_D4_MD5,P,BG	2.8 	3.5 	4.5 	7.9 	8.8 	9.9 	11.4 	13.1 
A,EUR,D1_D4_MD5,P,CH	: 	62.6 	66.2 	: 	: 	: 	: 	: 
A,EUR,D1_D4_MD5,P,CY	33.1 	25.6 	33.6 	36.2 	36.4 	37.8 	40 	41 
A,EUR,D1_D4_MD5,P,CZ	8.7 	9.4 	9.6 	14.7 	16.1 	17.1 	18.3 	17.6 
A,EUR,D1_D4_MD5,P,DE	31.4 	34.7 	36.9 	41.2 	41.7 	41.8 	42.7 	44.8 
A,EUR,D1_D4_MD5,P,DK	35.3 	39.4 	41.8 	45.4 	46.2 	47.1 	48.1 	50.7 
A,EUR,D1_D4_MD5,P,EA19	34.4 d	32.4 d	34.5 	37 	37.2 	37.9 	39.4 	41.1 
A,EUR,D1_D4_MD5,P,EA20	34.2 d	31.9 d	34.1 	36.6 	36.8 	37.4 	38.9 	40.7 
A,EUR,D1_D4_MD5,P,EE	7.1 	7.3 	10.2 	13.7 	14.2 	15.3 	17.9 	19.2 
A,EUR,D1_D4_MD5,P,EL	22.2 	16.8 	18.2 	16 	16.8 	15.8 	16.9 	17.5 
A,EUR,D1_D4_MD5,P,ES	23.4 	23.7 	24.2 	25.6 	25.2 	26.2 	27.2 	28 
A,EUR,D1_D4_MD5,P,EU15	33.5 	33.4 	36.8 	38.6 	: 	: 	: 	: 
A,EUR,D1_D4_MD5,P,EU27_2020	26.6 	26.3 d	28.6 	31 	31.4 	32.1 	33.6 	35.5 
A,EUR,D1_D4_MD5,P,EU28	26.7 	27.1 	30.4 	: 	: 	: 	: 	: 
A,EUR,D1_D4_MD5,P,FI	28.7 	34.3 	38.3 	37.6 	36.4 p	37.5 p	38.8 p	40.1 p
A,EUR,D1_D4_MD5,P,FR	: 	39 	41.5 	45.3 	: @C	: @C	: @C	: @C
A,EUR,D1_D4_MD5,P,HR	9.6 	9.9 	9.6 	11.2 	11.9 	12.6 	14.3 	17.6 
A,EUR,D1_D4_MD5,P,HU	8.3 	6.8 	8.3 	9.3 	9.9 	10.1 	12.1 	14.8 
A,EUR,D1_D4_MD5,P,IE	43.1 	45.6 	50.1 	54.7 	55.9 	59.6 	61.5 	64.2 
A,EUR,D1_D4_MD5,P,IS	18.8 	20.6 	33.7 	36.1 	39.4 p	45.0 p	46.5 p	49.5 p
A,EUR,D1_D4_MD5,P,IT	28.5 	39.1 	37.2 	36.1 	36.2 	36 	36.1 	37.5 
A,EUR,D1_D4_MD5,P,LT	5.6 	6.3 	6.9 	9.4 	10.5 	12 	13.7 	15.7 
A,EUR,D1_D4_MD5,P,LU	39.4 	43.7 	46.7 	46.6 	46.6 	48.8 	52.2 	53.5 
A,EUR,D1_D4_MD5,P,LV	6 	5.2 	6.4 	8.4 	9.4 	10.3 	11.8 	13.6 
A,EUR,D1_D4_MD5,P,ME	: 	5.7 	6.3 	: 	: 	: 	: 	: 
A,EUR,D1_D4_MD5,P,MK	: 	3.3 	3.7 	: 	: 	: 	: 	: 
A,EUR,D1_D4_MD5,P,MT	13.2 	: 	13.6 	20.4 	21.1 	19.3 	19.8 	24.4 
A,EUR,D1_D4_MD5,P,NL	36.7 	40.7 	43.6 	47.5 	46.8 	49.9 	53.6 	: @C
A,EUR,D1_D4_MD5,P,NO	: 	51.9 	47.5 	45.8 	48 	50.4 	47.4 	48.4 
A,EUR,D1_D4_MD5,P,PL	9.1 	10.9 	11.5 	13.5 	14 	14.5 	16.7 	21.8 
A,EUR,D1_D4_MD5,P,PT	18.1 	17.2 	20.6 	21.8 	22.2 	23.1 	24.5 	25.8 
A,EUR,D1_D4_MD5,P,RO	4.8 	3.7 	5.3 	9.7 	9.6 	10 	12.2 	15 
A,EUR,D1_D4_MD5,P,RS	: 	5.2 	4.7 	7 	7.2 	7.9 	9 	10.4 
A,EUR,D1_D4_MD5,P,SE	26.7 	30.3 	30.9 	31.9 	34.2 	33.2 	32.2 	33.1 
A,EUR,D1_D4_MD5,P,SI	16.6 	16.9 	16.8 	21.7 	23.1 	22.3 	24.4 	25.4 
A,EUR,D1_D4_MD5,P,SK	0.2 	7.8 	9.8 	14.6 	14.7 	15 	16.5 	17.9 
A,EUR,D1_D4_MD5,P,TR	: 	7.4 	9.8 	6.1 	: 	: 	: 	: 
A,EUR,D1_D4_MD5,P,UK	27.4 	30.6 	37.9 	: 	: 	: 	: 	: 
A,EUR,D1_D4_MD5,P-S,AL	: 	2.5 	2.9 	: 	: 	: 	: 	: 
A,EUR,D1_D4_MD5,P-S,AT	25.9 	28.6 	31.2 	35.4 	36 	39 	40.9 p	46 
A,EUR,D1_D4_MD5,P-S,BA	: 	6.3 	6.3 	: 	: 	: 	: 	: 
A,EUR,D1_D4_MD5,P-S,BE	27.2 	33.2 	38 	40.9 	41.4 	44.2 	47.5 	48.7 
A,EUR,D1_D4_MD5,P-S,BG	2.7 	3.4 	4.4 	7 	8.1 	8.9 	9.9 	11.4 
A,EUR,D1_D4_MD5,P-S,CH	: 	52.0 	55.8 	: 	: 	: 	: 	: 
A,EUR,D1_D4_MD5,P-S,CY	25.7 	18.6 	25.3 	26.7 	26.8 	28 	30 	31.1 
A,EUR,D1_D4_MD5,P-S,CZ	8.3 	9.3 	9.6 	14.9 	16.5 	17.1 	18.4 	18.4 
A,EUR,D1_D4_MD5,P-S,DE	26.2 	29 	31.7 	35.8 	36.4 	37.9 	39.4 	41.5 
A,EUR,D1_D4_MD5,P-S,DK	32.1 	36.5 	38.5 	42.1 	42.7 	43.7 	44.6 	46.8 
A,EUR,D1_D4_MD5,P-S,EA19	24.9 d	28.2 	29.9 	33 	33.5 	34.6 	36.1 	37.8 
A,EUR,D1_D4_MD5,P-S,EA20	24.9 d	28 	29.6 	32.8 	33.2 	34.4 	35.9 	37.5 
A,EUR,D1_D4_MD5,P-S,EE	7.2 	7.4 	10.1 	13.6 	14.6 	15.6 	18.2 	19.6 
A,EUR,D1_D4_MD5,P-S,EL	17.7 	15.3 	14.9 	13.3 	13.5 	13.1 	13.5 	13.9 
A,EUR,D1_D4_MD5,P-S,ES	21.6 	22 	22.6 	24.7 	24.7 	25.2 	26.4 	27.3 
A,EUR,D1_D4_MD5,P-S,EU15	26.1 	29.1 	31.3 	34.2 	: 	: 	: 	: 
A,EUR,D1_D4_MD5,P-S,EU27_2020	21.8 	24.7 	26.4 	29.4 	30 	31 	32.5 	34.2 
A,EUR,D1_D4_MD5,P-S,EU28	22.4 	25.2 	27.3 	: 	: 	: 	: 	: 
A,EUR,D1_D4_MD5,P-S,FI	25.9 	30.1 	32.2 	32.5 	32.5 p	33.6 p	34.4 p	35.1 p
A,EUR,D1_D4_MD5,P-S,FR	28.4 d	32.6 	33.3 	37.7 	38.7 	40 	42 	43.2 
A,EUR,D1_D4_MD5,P-S,HR	9.9 	9.9 	9.9 	11.4 	11.9 	12.7 	14.6 	17.8 
A,EUR,D1_D4_MD5,P-S,HU	7.5 	5.8 	6.1 	8.2 	9.1 	9.7 	11.6 	13.3 
A,EUR,D1_D4_MD5,P-S,IE	34.9 	35 	35.6 	39.6 	40.2 	43.3 	45.5 	47.4 
A,EUR,D1_D4_MD5,P-S,IS	19.1 d	21.0 d	33.2 d	36.1 d	40.8 p	46.7 p	48.1 p	51.1 p
A,EUR,D1_D4_MD5,P-S,IT	28 	32.2 	31.6 	32.6 	32.4 	32.4 	32.5 	33.6 
A,EUR,D1_D4_MD5,P-S,LT	5.5 	5.8 	6.8 	10.2 	11.5 	12.9 	14.5 	16.5 
A,EUR,D1_D4_MD5,P-S,LU	34.1 	37.2 	39 	49.2 	50.8 	52.8 	56.1 	57.2 
A,EUR,D1_D4_MD5,P-S,LV	5.7 	5.1 	6.4 	9.4 	10.8 	11.5 	12.7 	14.1 
A,EUR,D1_D4_MD5,P-S,ME	: 	5.4 	6.1 	: 	: 	: 	: 	: 
A,EUR,D1_D4_MD5,P-S,MK	: 	3.4 	3.8 	: 	: 	: 	: 	: 
A,EUR,D1_D4_MD5,P-S,MT	11.4 	13.1 	15.5 	19.6 	20.8 	21.2 	21.4 	24 
A,EUR,D1_D4_MD5,P-S,NL	31.4 	33.9 	37.9 	41.9 	42.2 	44.6 	47.5 	50.2 
A,EUR,D1_D4_MD5,P-S,NO	: 	53.3 	48.8 	49.3 	52.2 	53.9 	51.1 	52.3 
A,EUR,D1_D4_MD5,P-S,PL	8.3 	8.8 	9.5 	12 	12.8 	13.4 	15.7 	19.8 
A,EUR,D1_D4_MD5,P-S,PT	14.7 	14.4 	16.2 	17.6 	17.9 	18.5 	19.7 	21.3 
A,EUR,D1_D4_MD5,P-S,RO	4.6 	3.6 	5.3 	10 	10 	10.4 	11.7 	13.8 
A,EUR,D1_D4_MD5,P-S,RS	: 	5 	4.7 	6.9 	7.5 	8.3 	9.3 	10.6 
A,EUR,D1_D4_MD5,P-S,SE	27.5 	32.7 	32.6 	33.6 	35.8 	35.1 	34.2 	34.8 
A,EUR,D1_D4_MD5,P-S,SI	16.1 	16.5 	16.8 	21.3 	22.6 	21.9 	23.9 	24.9 
A,EUR,D1_D4_MD5,P-S,SK	0.2 	7.8 	9.6 	14 	14.9 	15.4 	17.1 	18.5 
A,EUR,D1_D4_MD5,P-S,TR	: 	7.7 	8.6 	5.9 	: 	: 	: 	: 
A,EUR,D1_D4_MD5,P-S,UK	25.0 d	27 	31.4 	: 	: 	: 	: 	: 
A,EUR,D1_D4_MD5,Q,AL	: 	2.3 	2.8 	: 	: 	: 	: 	: 
A,EUR,D1_D4_MD5,Q,AT	25.7 	28 	31.4 	35.1 	36 	38.9 	41.0 p	47 
A,EUR,D1_D4_MD5,Q,BA	: 	7.0 	7.0 	: 	: 	: 	: 	: 
A,EUR,D1_D4_MD5,Q,BE	27.4 	30.5 	30.5 	33.1 	33.5 	36.1 	38.4 	39.5 
A,EUR,D1_D4_MD5,Q,BG	2.7 	3.5 	4.6 	6.7 	8.1 	8.4 	9.2 	10.4 
A,EUR,D1_D4_MD5,Q,CH	: 	45.9 	51.8 	: 	: 	: 	: 	: 
A,EUR,D1_D4_MD5,Q,CY	17.8 	14.5 	19.7 	17.4 	17.4 	17.6 	19.4 	20.5 
A,EUR,D1_D4_MD5,Q,CZ	8.3 	9.6 	10.1 	16 	18.1 	18.1 	19.4 	20 
A,EUR,D1_D4_MD5,Q,DE	23.7 	26.6 	29.2 	33.5 	34.1 	36.2 	38 	40.1 
A,EUR,D1_D4_MD5,Q,DK	29.8 	34.6 	36.6 	40 	40.5 	41.6 	42.4 	44.6 
A,EUR,D1_D4_MD5,Q,EA19	24.7 	26.5 d	27.9 	31.3 	32 	33.5 	35 	36.6 
A,EUR,D1_D4_MD5,Q,EA20	24.7 	26.4 d	27.7 	31.2 	31.8 	33.4 	34.9 	36.5 
A,EUR,D1_D4_MD5,Q,EE	7.7 	7.9 	10.5 	14.4 	16.1 	17.1 	20.1 	22 
A,EUR,D1_D4_MD5,Q,EL	14.3 	13.8 	12.1 	11.7 	11.3 	11.7 	11.2 	10.9 
A,EUR,D1_D4_MD5,Q,ES	22.6 	22.3 	23.2 	25.1 	25.4 	25.9 	27.2 	28.3 
A,EUR,D1_D4_MD5,Q,EU15	25.3 	27.2 	28.9 	32.3 	: 	: 	: 	: 
A,EUR,D1_D4_MD5,Q,EU27_2020	22.5 	24.2 d	25.5 	29 	29.7 	31.1 	32.6 	34.1 
A,EUR,D1_D4_MD5,Q,EU28	22.6 	24.4 	26.0 	: 	: 	: 	: 	: 
A,EUR,D1_D4_MD5,Q,FI	24.8 	28.5 	30 	31 	31.3 p	32.5 p	33.1 p	33.7 p
A,EUR,D1_D4_MD5,Q,FR	28 	29.3 	29.7 	34.4 	: @C	: @C	: @C	: @C
A,EUR,D1_D4_MD5,Q,HR	10.6 	10.3 	10.3 	12 	12.5 	13.4 	15.5 	19.2 
A,EUR,D1_D4_MD5,Q,HU	6.6 	4.7 	4.4 	7.2 	8.3 	9.4 	11 	11.9 
A,EUR,D1_D4_MD5,Q,IE	33.3 	32 	31.1 	34 	34.2 	36.8 	39 	40.6 
A,EUR,D1_D4_MD5,Q,IS	19.8 	21.9 	33.4 	36.8 	42.0 p	48.5 p	49.8 p	52.8 p
A,EUR,D1_D4_MD5,Q,IT	28.5 	28.3 	28.3 	29.9 	29.5 	29.7 	29.6 	30.5 
A,EUR,D1_D4_MD5,Q,LT	5.7 	5.7 	7 	11.8 	13.6 	14.8 	16.1 	18.4 
A,EUR,D1_D4_MD5,Q,LU	34.8 	37.5 	38.5 	50.7 	52.9 	54.9 	58.3 	59.3 
A,EUR,D1_D4_MD5,Q,LV	5.6 	5.2 	6.6 	10.9 	13.7 	14 	14.7 	15.7 
A,EUR,D1_D4_MD5,Q,ME	: 	5.4 	6.3 	: 	: 	: 	: 	: 
A,EUR,D1_D4_MD5,Q,MK	: 	3.6 	4.0 	: 	: 	: 	: 	: 
A,EUR,D1_D4_MD5,Q,MT	10.5 	: 	16.3 	17.8 	20 	21.8 	22.1 	23.1 
A,EUR,D1_D4_MD5,Q,NL	29.4 	31.6 	36.1 	40.2 	40.9 	42.9 	45.6 	: @C
A,EUR,D1_D4_MD5,Q,NO	: 	54.9 	50.3 	52.9 	56 	57.4 	54.1 	55.8 
A,EUR,D1_D4_MD5,Q,PL	7.5 	7 	7.7 	10.7 	12 	12.7 	15.1 	18.4 
A,EUR,D1_D4_MD5,Q,PT	11.6 	12.3 	13.1 	14.8 	14.8 	15.4 	16.5 	18.7 
A,EUR,D1_D4_MD5,Q,RO	4.4 	3.7 	5.7 	11.2 	11.1 	11.4 	12.2 	13.8 
A,EUR,D1_D4_MD5,Q,RS	: 	5 	4.8 	7.2 	8.2 	8.9 	9.8 	11.1 
A,EUR,D1_D4_MD5,Q,SE	28.1 	34.5 	33.8 	34.9 	37 	36.5 	35.8 	36.1 
A,EUR,D1_D4_MD5,Q,SI	15.3 	16.2 	16.7 	21.4 	22.4 	21.6 	23.4 	24.3 
A,EUR,D1_D4_MD5,Q,SK	0.2 	8.3 	10.2 	14.2 	16.1 	16.6 	18.9 	20.5 
A,EUR,D1_D4_MD5,Q,TR	: 	8.2 	8 	5.5 	: 	: 	: 	: 
A,EUR,D1_D4_MD5,Q,UK	23.6 	25.3 	27.9 	: 	: 	: 	: 	: 
A,EUR,D1_D4_MD5,R,AL	: 	2.3 	2.6 	: 	: 	: 	: 	: 
A,EUR,D1_D4_MD5,R,AT	24.4 	29.6 	30.4 	36.8 	34.4 	41.3 	43.3 p	45.4 
A,EUR,D1_D4_MD5,R,BA	: 	4.2 	3.7 	: 	: 	: 	: 	: 
A,EUR,D1_D4_MD5,R,BE	25.2 	29.1 	29.6 	30.9 	31.2 	33.5 	36.3 	37.1 
A,EUR,D1_D4_MD5,R,BG	2 	2.9 	3.7 	5.4 	6.1 	7.1 	8 	9.4 
A,EUR,D1_D4_MD5,R,CH	: 	49.1 	50.2 	: 	: 	: 	: 	: 
A,EUR,D1_D4_MD5,R,CY	12.8 	14 	15 	16.1 	16.1 	19.8 	20.2 	21.4 
A,EUR,D1_D4_MD5,R,CZ	7.2 	7.8 	8.3 	12.7 	13.3 	13.9 	15.7 	15.8 
A,EUR,D1_D4_MD5,R,DE	25.6 	26.5 	29.1 	35.1 	36.1 	36.6 	38.3 	41.1 
A,EUR,D1_D4_MD5,R,DK	32.5 	36.4 	36.4 	40.6 	41.7 	41.6 	42.5 	44.4 
A,EUR,D1_D4_MD5,R,EA19	22.0 d	25.4 	26.1 	30.2 	30.2 	30.7 	32.1 	33.8 
A,EUR,D1_D4_MD5,R,EA20	22.0 d	25 	25.6 	29.7 	29.7 	30.2 	31.6 	33.4 
A,EUR,D1_D4_MD5,R,EE	6.3 	6.7 	8.3 	11.3 	12.2 	13.1 	15.7 	15.5 
A,EUR,D1_D4_MD5,R,EL	13.6 	15.5 	14.2 	11.5 	11.1 	10.2 	11.2 	12.1 
A,EUR,D1_D4_MD5,R,ES	17 	17.7 	18 	22.3 	21.6 	20.5 	21.5 	22.5 
A,EUR,D1_D4_MD5,R,EU15	24.9 	26.5 	28.9 	32.8 	: 	: 	: 	: 
A,EUR,D1_D4_MD5,R,EU27_2020	18.6 d	20.8 	21.6 	24.7 	24.8 	25.3 	26.6 	28.2 
A,EUR,D1_D4_MD5,R,EU28	18.5 	21.7 	23.7 	: 	: 	: 	: 	: 
A,EUR,D1_D4_MD5,R,FI	23.1 	27.2 	29 	30.1 	29.4 p	30.1 p	30.8 p	31.8 p
A,EUR,D1_D4_MD5,R,FR	31.1 	35.5 	35.3 	38.1 	38.6 	39.4 	40.4 	41.1 
A,EUR,D1_D4_MD5,R,HR	8.8 	9 	9 	10.2 	10.2 	11 	12.5 	14.8 
A,EUR,D1_D4_MD5,R,HU	7.3 	6.8 	7.3 	9.5 	10 	10.6 	12.6 	13.5 
A,EUR,D1_D4_MD5,R,IE	20.3 	22.3 	24.1 	24 	: @C	: @C	: @C	: @C
A,EUR,D1_D4_MD5,R,IS	16.5 	18.1 	29.4 	32.1 	38.0 p	43.5 p	44.6 p	47.5 p
A,EUR,D1_D4_MD5,R,IT	22.5 	35.5 	33.8 	45.7 	44 	41.8 	42.9 	46.7 
A,EUR,D1_D4_MD5,R,LT	4.3 	4.2 	5.6 	8 	9 	10.3 	12.1 	13.5 
A,EUR,D1_D4_MD5,R,LU	29.7 	33.7 	40.8 	45 	43.9 	45 	48.1 	48.8 
A,EUR,D1_D4_MD5,R,LV	5.4 	4.8 	6.3 	8.8 	9.5 	10.2 	11.4 	12.7 
A,EUR,D1_D4_MD5,R,ME	: 	4.6 	5.0 	: 	: 	: 	: 	: 
A,EUR,D1_D4_MD5,R,MK	: 	3.3 	3.4 	: 	: 	: 	: 	: 
A,EUR,D1_D4_MD5,R,MT	10.3 	14.9 	18.5 	24.1 	24.3 	25.2 	24.3 	26.7 
A,EUR,D1_D4_MD5,R,NL	27.8 	29.3 	31.1 	36.3 	34.7 	38 	40.4 	: @C
A,EUR,D1_D4_MD5,R,NO	: 	47.4 	41.9 	38.9 	42.3 	44.8 	42.7 	44.1 
A,EUR,D1_D4_MD5,R,PL	7.1 	6.8 	7.6 	9.4 	9.6 	10.8 	12.8 	15.4 
A,EUR,D1_D4_MD5,R,PT	: 	15.5 	15 	22.7 	24 	22.9 	24.5 	25.8 
A,EUR,D1_D4_MD5,R,RO	4 	3.1 	4.1 	7.5 	7.6 	8.2 	9.1 	10.1 
A,EUR,D1_D4_MD5,R,RS	: 	4.2 	4 	5.2 	5.6 	6.5 	7.5 	8.5 
A,EUR,D1_D4_MD5,R,SE	25.6 	30.9 	31.3 	31.6 	33 	32 	30.8 	32.7 
A,EUR,D1_D4_MD5,R,SI	17.4 	16.4 	18 	21 	22.2 	22.4 	25 	25.8 
A,EUR,D1_D4_MD5,R,SK	0.2 	6.6 	7.7 	11.9 	13.6 	14.1 	14.4 	15.8 
A,EUR,D1_D4_MD5,R,TR	: 	7.6 	7.8 	9.9 	: 	: 	: 	: 
A,EUR,D1_D4_MD5,R,UK	: 	24 	29.4 	: 	: 	: 	: 	: 
A,EUR,D1_D4_MD5,S,AL	: 	2.1 	2.8 	: 	: 	: 	: 	: 
A,EUR,D1_D4_MD5,S,AT	22.7 	26.6 	28.4 	32.1 	35.3 	36.5 	39.0 p	42.9 
A,EUR,D1_D4_MD5,S,BA	: 	6.9 	6.5 	: 	: 	: 	: 	: 
A,EUR,D1_D4_MD5,S,BE	28.4 	34.4 	38.1 	39.9 	40.3 	42.5 	46.4 	47.3 
A,EUR,D1_D4_MD5,S,BG	1.8 	2.5 	3.2 	4.8 	5.3 	6.1 	6.6 	8 
A,EUR,D1_D4_MD5,S,CH	: 	47.5 	52.1 	: 	: 	: 	: 	: 
A,EUR,D1_D4_MD5,S,CY	10.4 	12.3 	14.3 	12.7 	13 	14.2 	15.1 	16.2 
A,EUR,D1_D4_MD5,S,CZ	6.9 	7.6 	8 	10.7 	11.5 	12 	14.1 	14.3 
A,EUR,D1_D4_MD5,S,DE	23.3 	26.4 	30.4 	32.7 	33.3 	34.6 	35.6 	37.4 
A,EUR,D1_D4_MD5,S,DK	39.5 	42.8 	44.4 	49.7 	51.7 	52.3 	53.4 	55.3 
A,EUR,D1_D4_MD5,S,EA19	22.5 	25.3 d	26.9 d	29.2 	29.4 	30.4 	31.7 	33.2 
A,EUR,D1_D4_MD5,S,EA20	22.5 	25.3 d	26.8 d	28.9 	29.1 	30.1 	31.4 	32.9 
A,EUR,D1_D4_MD5,S,EE	7.2 	7.3 	7.7 	10.7 	11.5 	11.6 	12.3 	13.7 
A,EUR,D1_D4_MD5,S,EL	14.1 	13 	10.1 	11 	11.3 	10.6 	11.2 	12.4 
A,EUR,D1_D4_MD5,S,ES	15.1 	17.1 	16.2 	18.7 	18.3 	18.5 	19.5 	20.4 
A,EUR,D1_D4_MD5,S,EU15	23.6 	26.3 	27.7 	30.3 	: 	: 	: 	: 
A,EUR,D1_D4_MD5,S,EU27_2020	21.5 	24.0 d	25.5 d	27.5 	27.7 	28.7 	30 	31.4 
A,EUR,D1_D4_MD5,S,EU28	21.6 	24.2 	25.6 	: 	: 	: 	: 	: 
A,EUR,D1_D4_MD5,S,FI	24.7 	33 	34.4 	29.4 	34.3 p	34.3 p	35.8 p	37.5 p
A,EUR,D1_D4_MD5,S,FR	: @C	: @C	: @C	: @C	: @C	: @C	: @C	: @C
A,EUR,D1_D4_MD5,S,HR	8.9 	9.2 	10.4 	9.4 	9.4 	10.6 	12.3 	13.3 
A,EUR,D1_D4_MD5,S,HU	6.5 	5.3 	6.2 	7.8 	7.7 	8.4 	9.9 	11 
A,EUR,D1_D4_MD5,S,IE	23 	22.9 	24 	22.6 	: @C	: @C	: @C	: @C
A,EUR,D1_D4_MD5,S,IS	22.6 p	26.2 p	39.5 p	39.8 p	44.9 p	49.6 p	50.7 p	54.1 p
A,EUR,D1_D4_MD5,S,IT	18.9 	19 	18.6 	20.4 	20 	20.2 	20.9 	21 
A,EUR,D1_D4_MD5,S,LT	4.7 	4.7 	6.5 	8.1 	9.4 	10.8 	11.8 	13.2 
A,EUR,D1_D4_MD5,S,LU	24.3 	30.1 	32 	40.5 	40.3 	41.8 	44.4 	45.3 
A,EUR,D1_D4_MD5,S,LV	3.9 	4.9 	7 	10.7 	10.9 	11.5 	12.9 	15.2 
A,EUR,D1_D4_MD5,S,ME	: 	6.0 	5.0 	: 	: 	: 	: 	: 
A,EUR,D1_D4_MD5,S,MK	: 	4.2 	5.1 	: 	: 	: 	: 	: 
A,EUR,D1_D4_MD5,S,MT	8.2 	: 	11.4 	10.2 	10.9 	14.1 	17.4 	17.4 
A,EUR,D1_D4_MD5,S,NL	28.1 	32.4 	35.2 	38.2 	39.4 	41.8 	44.6 	: @C
A,EUR,D1_D4_MD5,S,NO	: 	50.4 	44.5 	46 	49.8 	50.4 	52.9 	49.8 
A,EUR,D1_D4_MD5,S,PL	7.7 	5.6 	7.6 	8.1 	8.8 	8.8 	10.4 	12.3 
A,EUR,D1_D4_MD5,S,PT	12.7 	12.2 	13.2 	12.6 	13.4 	13.2 	14.2 	15 
A,EUR,D1_D4_MD5,S,RO	2.4 	2.4 	3.7 	5.6 	5.8 	6.9 	7.5 	8.9 
A,EUR,D1_D4_MD5,S,RS	: 	5.2 	4.4 	5.9 	6.4 	7.4 	8.3 	9.4 
A,EUR,D1_D4_MD5,S,SE	28.4 	33.9 	33.5 	33.3 	35.8 	34.5 	33.2 	34 
A,EUR,D1_D4_MD5,S,SI	13.5 	13.1 	15.3 	17.5 	18.1 	18.9 	21.5 	23 
A,EUR,D1_D4_MD5,S,SK	0.2 	6.3 	6.8 	9 	9.5 	10.8 	11.9 	12.7 
A,EUR,D1_D4_MD5,S,TR	: 	5.9 	6.2 	4 	: 	: 	: 	: 
A,EUR,D1_D4_MD5,S,UK	22.6 	25 	26.1 	: 	: 	: 	: 	: 
A,EUR,D2-D4_MD5_RAT,B,AL	: 	16.2 	15.7 	: 	: 	: 	: 	: 
A,EUR,D2-D4_MD5_RAT,B,AT	28 	28.6 	28.5 	30.4 	30 	28.7 	28.7 p	29 
A,EUR,D2-D4_MD5_RAT,B,BA	: 	10.3 	10.2 	: 	: 	: 	: 	: 
A,EUR,D2-D4_MD5_RAT,B,BE	: 	34.1 	27.6 	26.2 	26.2 	26.2 	26.1 	26.1 
A,EUR,D2-D4_MD5_RAT,B,BG	26.7 	23.8 	23.7 	15.6 	14.9 	14.8 	14.8 	15 
A,EUR,D2-D4_MD5_RAT,B,CH	: 	20.4 	20.4 	: 	: 	: 	: 	: 
A,EUR,D2-D4_MD5_RAT,B,CY	14.6 	15.9 	16.9 	19 	20.4 	20.4 	20.4 	20.9 
A,EUR,D2-D4_MD5_RAT,B,CZ	28.7 	29.3 	29.4 	29.9 	32.9 	28.4 	28.7 	28.7 
A,EUR,D2-D4_MD5_RAT,B,DE	30.1 	33.9 	28.2 	24.3 	24 	25.8 	25.4 	25.3 
A,EUR,D2-D4_MD5_RAT,B,DK	13 	12.5 	12.5 	11.1 	: @C	: @C	: @C	: @C
A,EUR,D2-D4_MD5_RAT,B,EA19	29.4 	29.7 	27.8 	26.1 	25.5 	26.4 	26.5 	26.4 
A,EUR,D2-D4_MD5_RAT,B,EA20	29.2 	29.6 	27.8 	26.0 d	25.4 	26.3 	26.4 	26.3 
A,EUR,D2-D4_MD5_RAT,B,EE	26.7 	: 	26.7 	28.1 	27.9 	28.5 	28.1 	27.6 
A,EUR,D2-D4_MD5_RAT,B,EL	23.5 	26.6 	27.4 	23.5 	22.6 	22.6 	21.7 	21.4 
A,EUR,D2-D4_MD5_RAT,B,ES	28.4 	25.9 	27.2 	28.8 	27.1 	26.7 	30.1 	29.3 
A,EUR,D2-D4_MD5_RAT,B,EU15	26.6 	27.1 	25.7 d	26.1 	: 	: 	: 	: 
A,EUR,D2-D4_MD5_RAT,B,EU27_2020	28 	27.8 	27 	24.1 	23.8 	23.8 	23.7 	23.5 
A,EUR,D2-D4_MD5_RAT,B,EU28	26.3 	26.5 	25.4 	: 	: 	: 	: 	: 
A,EUR,D2-D4_MD5_RAT,B,FI	22 	20.2 	19.6 	15 	20.9 p	19.8 p	18.6 p	17.4 p
A,EUR,D2-D4_MD5_RAT,B,FR	33.8 	34 	34.7 	31.7 	31.5 	31.3 	31 	31.4 
A,EUR,D2-D4_MD5_RAT,B,HR	15.8 	20.7 	22.5 	15.5 	15.2 	15.6 	15.6 	15.2 
A,EUR,D2-D4_MD5_RAT,B,HU	29 	25.7 	24.7 	17.1 	16 	13.8 	13.4 	13.2 
A,EUR,D2-D4_MD5_RAT,B,IE	17.4 	16.3 	21.7 	15.1 	15 	16 	16.2 	15.7 
A,EUR,D2-D4_MD5_RAT,B,IS	: @C	: @C	: @C	: @C	: @C	: @C	: @C	: @C
A,EUR,D2-D4_MD5_RAT,B,IT	34 	30.9 	29.1 	28.1 	27.4 	27.8 	28.2 	28.3 
A,EUR,D2-D4_MD5_RAT,B,LT	27 	26.3 	27.2 	4.7 	4.9 	4 	4.2 	3.9 
A,EUR,D2-D4_MD5_RAT,B,LU	: 	11.8 	12.3 	12.4 	12.4 	12 	12.5 	12.3 
A,EUR,D2-D4_MD5_RAT,B,LV	21.1 	20.1 	20 	21.1 	20.9 	21 	20.8 	20.6 
A,EUR,D2-D4_MD5_RAT,B,ME	: 	20.7 	12.8 	: 	: 	: 	: 	: 
A,EUR,D2-D4_MD5_RAT,B,MK	: 	5.3 	5.1 	: 	: 	: 	: 	: 
A,EUR,D2-D4_MD5_RAT,B,MT	: 	: 	8.8 	8.3 	9 	9.2 	8.9 	9 
A,EUR,D2-D4_MD5_RAT,B,NL	20.9 	19.4 	24.6 	24.7 	24.3 	30.4 	29.2 	: @C
A,EUR,D2-D4_MD5_RAT,B,NO	: 	20.4 	21 	22.3 	22.1 	23 	28.5 	28.2 
A,EUR,D2-D4_MD5_RAT,B,PL	22.4 	24.2 	24.2 	22 	22 	22 	22 	22 
A,EUR,D2-D4_MD5_RAT,B,PT	20.4 	19.9 	21.3 	22.7 	22.2 	21.9 	21.9 	21.9 
A,EUR,D2-D4_MD5_RAT,B,RO	33.9 	26.4 	23.9 	10.3 	11.1 	7.6 	7.4 	7.4 
A,EUR,D2-D4_MD5_RAT,B,RS	: 	9.4 	9.1 	10.4 	10.7 	11 	10.9 	10.9 
A,EUR,D2-D4_MD5_RAT,B,SE	32.6 	33.8 	36.4 	34.1 	34.6 	35.2 	34.6 	34.8 
A,EUR,D2-D4_MD5_RAT,B,SI	22.7 	21 	21.5 	15.9 	16.8 	17.3 	16.9 	16.8 
A,EUR,D2-D4_MD5_RAT,B,SK	27.1 	27.6 	27 	27.3 	26 	28.7 	28.3 	30.2 
A,EUR,D2-D4_MD5_RAT,B,TR	: 	20.7 	18.6 	16.5 	16.6 	16.4 	18.2 	18.2 
A,EUR,D2-D4_MD5_RAT,B,UK	18.2 	20.7 	19.8 	: 	: 	: 	: 	: 
A,EUR,D2-D4_MD5_RAT,B-E,AL	: 	17.0 	16.2 	: 	: 	: 	: 	: 
A,EUR,D2-D4_MD5_RAT,B-E,AT	26.5 	26.7 	26.3 	26.4 	26.6 	26.2 	26.5 p	26.7 
A,EUR,D2-D4_MD5_RAT,B-E,BA	: 	8.7 	8.4 	: 	: 	: 	: 	: 
A,EUR,D2-D4_MD5_RAT,B-E,BE	34.2 	32.2 	28.1 	26.1 	26.1 	26.1 	25.9 	25.9 
A,EUR,D2-D4_MD5_RAT,B-E,BG	20.4 	17.9 	17.3 	14.4 	14 	13.9 	13.6 	13.6 
A,EUR,D2-D4_MD5_RAT,B-E,CH	: 	20.5 	19.6 	: 	: 	: 	: 	: 
A,EUR,D2-D4_MD5_RAT,B-E,CY	17.3 	18 	15.8 	17.9 	18.7 	18.8 	18.8 	19.1 
A,EUR,D2-D4_MD5_RAT,B-E,CZ	27.3 	27.4 	27.4 	27.5 	28.4 	28.6 	28.6 	28.6 
A,EUR,D2-D4_MD5_RAT,B-E,DE	22.2 	22.3 	21.9 	22.5 	22.6 	23.8 	23.5 	23.3 
A,EUR,D2-D4_MD5_RAT,B-E,DK	12.6 	12.9 	12.9 	12.1 	12.8 	13.1 	13.1 	13.1 
A,EUR,D2-D4_MD5_RAT,B-E,EA19	26.3 	26.1 	25.1 	25.1 	25.1 	25.7 	25.5 	25.5 
A,EUR,D2-D4_MD5_RAT,B-E,EA20	26.3 	26 	25.1 	25 	25 	25.6 	25.4 	25.4 
A,EUR,D2-D4_MD5_RAT,B-E,EE	26.9 	26.8 	26.4 	25.6 	25.7 	25.9 	26 	25.8 
A,EUR,D2-D4_MD5_RAT,B-E,EL	23.5 	24.3 	22.5 	22.9 	21.5 	21.6 	21.8 	22.7 
A,EUR,D2-D4_MD5_RAT,B-E,ES	26.9 	26.7 	25.7 	27.1 	27.1 	26.5 	26.9 	27.1 
A,EUR,D2-D4_MD5_RAT,B-E,EU15	26.4 	26.2 	24.2 	25.2 	: 	: 	: 	: 
A,EUR,D2-D4_MD5_RAT,B-E,EU27_2020	26 	25.8 	25 	24.4 	24.4 	24.9 	24.6 	24.6 
A,EUR,D2-D4_MD5_RAT,B-E,EU28	26.0 	25.8 	24.1 	: 	: 	: 	: 	: 
A,EUR,D2-D4_MD5_RAT,B-E,FI	23.3 	21.5 	21.9 	18.2 	17.6 p	17.8 p	17.9 p	17.3 p
A,EUR,D2-D4_MD5_RAT,B-E,FR	33.2 	34.1 	31.7 	31.8 	31.5 	31.3 	31.1 	31.5 
A,EUR,D2-D4_MD5_RAT,B-E,HR	15.9 	15.9 	16.9 	10.6 	10.5 	10.6 	10.6 	10.6 
A,EUR,D2-D4_MD5_RAT,B-E,HU	29.6 	24.3 	24.8 	17.6 	16.4 	14.1 	13.7 	13.6 
A,EUR,D2-D4_MD5_RAT,B-E,IE	16.8 	17.4 	17.9 	14 	15.1 	16.9 	16.8 	17.4 
A,EUR,D2-D4_MD5_RAT,B-E,IS	16.9 d	19.0 d	18.6 d	19.8 d	19.3 p	19.5 p	19.4 p	19.5 p
A,EUR,D2-D4_MD5_RAT,B-E,IT	29.3 	28.3 	28.3 	29 	28.7 	28.8 	28.8 	28.8 
A,EUR,D2-D4_MD5_RAT,B-E,LT	27.3 	26.4 	27.2 	1.1 	3.6 	3.9 	4.2 	3.9 
A,EUR,D2-D4_MD5_RAT,B-E,LU	13.8 	14.4 	13.8 	14.8 	14.4 	14.3 	14.4 	14.3 
A,EUR,D2-D4_MD5_RAT,B-E,LV	21.9 	21.5 	21.8 	22 	21.7 	21.8 	21.6 	21.6 
A,EUR,D2-D4_MD5_RAT,B-E,ME	: 	23.9 	12.3 	: 	: 	: 	: 	: 
A,EUR,D2-D4_MD5_RAT,B-E,MK	: 	5.7 	1.7 	: 	: 	: 	: 	: 
A,EUR,D2-D4_MD5_RAT,B-E,MT	9.7 	9 	7.9 	0.5 	0.9 	5.5 	7.4 	7.9 
A,EUR,D2-D4_MD5_RAT,B-E,NL	23.3 	24 	22.4 	20.9 	21.6 	23.3 	23.4 	23.7 
A,EUR,D2-D4_MD5_RAT,B-E,NO	: 	19.1 	19.6 	19.6 	19.6 	19.9 	23 	22.7 
A,EUR,D2-D4_MD5_RAT,B-E,PL	19 	19.8 	19.6 	19 	19 	19 	19 	19 
A,EUR,D2-D4_MD5_RAT,B-E,PT	20.5 	20.4 	20.4 	18.3 	18.9 	18.9 	19 	19 
A,EUR,D2-D4_MD5_RAT,B-E,RO	24.3 	23.3 	20.4 	6.5 	6.3 	6 	5.6 	5.6 
A,EUR,D2-D4_MD5_RAT,B-E,RS	: 	15.7 	17.2 	12.2 	16.1 	17.7 	17.5 	17.5 
A,EUR,D2-D4_MD5_RAT,B-E,SE	34 	32.5 	33.2 	31.9 	32.8 	33 	32.2 	32.4 
A,EUR,D2-D4_MD5_RAT,B-E,SI	17.3 	16.6 	16.5 	14.2 	15.2 	15.4 	15.2 	15.1 
A,EUR,D2-D4_MD5_RAT,B-E,SK	26.9 	26.5 	26.7 	24.9 	25.4 	28.5 	27.7 	28.8 
A,EUR,D2-D4_MD5_RAT,B-E,TR	: 	17.7 	18 	14.1 	14.6 	14.9 	18.2 	16.5 
A,EUR,D2-D4_MD5_RAT,B-E,UK	: 	: 	17 	: 	: 	: 	: 	: 
A,EUR,D2-D4_MD5_RAT,B-F,MT	9.7 	9.1 	8.1 	6.8 	7.5 	7.7 	7.5 	: 
A,EUR,D2-D4_MD5_RAT,B-N,AL	: 	19.4 	16.3 	: 	: 	: 	: 	: 
A,EUR,D2-D4_MD5_RAT,B-N,AT	26.3 	26.5 	26.8 	26.6 	26.9 	26.9 	27.1 p	27.3 
A,EUR,D2-D4_MD5_RAT,B-N,BA	: 	8.5 	8.5 	: 	: 	: 	: 	: 
A,EUR,D2-D4_MD5_RAT,B-N,BE	31.9 	30.8 	27.9 	26.5 	26.5 	26.5 	26.3 	26.3 
A,EUR,D2-D4_MD5_RAT,B-N,BG	18.3 	15.4 	15.6 	13 	12.7 	12.6 	12.3 	12.3 
A,EUR,D2-D4_MD5_RAT,B-N,CH	: 	20.8 	19.8 	: 	: 	: 	: 	: 
A,EUR,D2-D4_MD5_RAT,B-N,CY	16.5 	16.8 	15.1 	16.8 	17 	17.4 	17.4 	17.8 
A,EUR,D2-D4_MD5_RAT,B-N,CZ	27 	26.9 	27.1 	26.9 	24.1 	24 	24 	24 
A,EUR,D2-D4_MD5_RAT,B-N,DE	21.5 	21.7 	21.3 	21.6 	21.6 	22.6 	22.6 	22.4 
A,EUR,D2-D4_MD5_RAT,B-N,DK	12.7 	13.4 	13.3 	12.5 	12.4 	12.7 	12.7 	12.8 
A,EUR,D2-D4_MD5_RAT,B-N,EA19	26.1 	26.1 	25.1 	24.6 	24.5 	25 	25.1 	25.1 
A,EUR,D2-D4_MD5_RAT,B-N,EA20	26.1 	26.1 	25.1 	24.5 	24.4 	25 	25 	25 
A,EUR,D2-D4_MD5_RAT,B-N,EE	26.6 	26.8 	26.4 	25.5 	25.6 	25.8 	25.9 	25.8 
A,EUR,D2-D4_MD5_RAT,B-N,EL	23.3 	24.2 	23.1 	21.4 	21.1 	21.1 	21.3 	21.9 
A,EUR,D2-D4_MD5_RAT,B-N,ES	26.7 	26.6 	26 	26.8 	26.4 	26 	26.4 	26.5 
A,EUR,D2-D4_MD5_RAT,B-N,EU15	24.0 	24.2 	23.4 	24.7 	: 	: 	: 	: 
A,EUR,D2-D4_MD5_RAT,B-N,EU27_2020	25.8 	25.8 	24.9 	24 	23.8 	24.3 	24.2 	24.2 
A,EUR,D2-D4_MD5_RAT,B-N,EU28	23.8 	24.1 	23.3 	: 	: 	: 	: 	: 
A,EUR,D2-D4_MD5_RAT,B-N,FI	22.4 	21.3 	21.8 	18.4 	17.5 p	17.7 p	17.8 p	17.2 p
A,EUR,D2-D4_MD5_RAT,B-N,FR	32.7 	33.6 	31.4 	30.5 	30.3 	30.3 	30.1 	30.5 
A,EUR,D2-D4_MD5_RAT,B-N,HR	15.7 	15.4 	15.8 	11.1 	11.1 	11.1 	11.1 	11.1 
A,EUR,D2-D4_MD5_RAT,B-N,HU	29.5 	24.3 	25.5 	17.5 	16.3 	14 	13.7 	13.6 
A,EUR,D2-D4_MD5_RAT,B-N,IE	15.8 	15.5 	15.3 	10.7 	10.3 	17.2 	18.8 	19 
A,EUR,D2-D4_MD5_RAT,B-N,IS	17.2 d	20.0 d	18.2 p	19.7 p	19.5 p	19.7 p	19.7 p	19.8 p
A,EUR,D2-D4_MD5_RAT,B-N,IT	28.8 	27.9 	28 	28.4 	28.1 	28.1 	28.3 	28.3 
A,EUR,D2-D4_MD5_RAT,B-N,LT	28.9 	29.1 	29.5 	4.2 	6.4 	6.1 	6.2 	6.3 
A,EUR,D2-D4_MD5_RAT,B-N,LU	14.1 	14 	13.2 	13.6 	13.2 	13 	13.1 	13.1 
A,EUR,D2-D4_MD5_RAT,B-N,LV	21.2 	21.1 	21.2 	21.5 	20.7 	21.3 	21.1 	21.1 
A,EUR,D2-D4_MD5_RAT,B-N,ME	: 	: 	12.5 	: 	: 	: 	: 	: 
A,EUR,D2-D4_MD5_RAT,B-N,MK	: 	5.8 	1.5 	: 	: 	: 	: 	: 
A,EUR,D2-D4_MD5_RAT,B-N,MT	9 	8.2 	7.8 	-3.5 	-1.1 	4.2 	6.4 	6.5 
A,EUR,D2-D4_MD5_RAT,B-N,NL	22.6 	23.4 	22.7 	20.3 	21 	23.1 	23.2 	23.5 
A,EUR,D2-D4_MD5_RAT,B-N,NO	: 	17.9 	18.3 	17.8 	17.8 	17.8 	20 	19.9 
A,EUR,D2-D4_MD5_RAT,B-N,PL	17.5 	18.1 	18.2 	17.9 	17.9 	17.9 	17.9 	17.9 
A,EUR,D2-D4_MD5_RAT,B-N,PT	20.2 	20.9 	20.8 	18.6 	19.1 	19.3 	19.5 	19.5 
A,EUR,D2-D4_MD5_RAT,B-N,RO	23.4 	22.9 	19.8 	5.5 	5.4 	5.2 	4.9 	4.9 
A,EUR,D2-D4_MD5_RAT,B-N,RS	: 	15.6 	14.9 	11.8 	15.8 	17.3 	17.4 	17.5 
A,EUR,D2-D4_MD5_RAT,B-N,SE	33.2 	32 	32.3 	31.1 	32.2 	32.3 	31.5 	31.8 
A,EUR,D2-D4_MD5_RAT,B-N,SI	16.8 	15.6 	15.8 	13.4 	14.3 	14.4 	14.2 	14.1 
A,EUR,D2-D4_MD5_RAT,B-N,SK	25.7 	25.7 	26.1 	25.2 	25 	27.9 	27.4 	28.5 
A,EUR,D2-D4_MD5_RAT,B-N,TR	: 	16.5 	17.4 	14.1 	: 	: 	: 	: 
A,EUR,D2-D4_MD5_RAT,B-N,UK	14.5 d	15.7 	16.1 	: 	: 	: 	: 	: 
A,EUR,D2-D4_MD5_RAT,B-S,MT	: 	: 	6.1 d	6.8 	7.0 	6.9 	6.7 	: 
A,EUR,D2-D4_MD5_RAT,B-S_X_O,AL	: 	18.0 	16.0 	: 	: 	: 	: 	: 
A,EUR,D2-D4_MD5_RAT,B-S_X_O,AT	25.9 	26.3 	26.6 	26.4 	26.8 	26.9 	27.0 p	27.2 
A,EUR,D2-D4_MD5_RAT,B-S_X_O,BA	: 	8.3 	8.4 	: 	: 	: 	: 	: 
A,EUR,D2-D4_MD5_RAT,B-S_X_O,BE	27.3 	27.8 	24.2 	23.1 	23.1 	23.1 	23 	23 
A,EUR,D2-D4_MD5_RAT,B-S_X_O,BG	18.4 	15.7 	15.8 	14 	13.6 	13.6 	13.3 	13.3 
A,EUR,D2-D4_MD5_RAT,B-S_X_O,CH	: 	21.0 	20.2 	: 	: 	: 	: 	: 
A,EUR,D2-D4_MD5_RAT,B-S_X_O,CY	15.7 	16.6 	17.6 	18.9 	18.9 	19.2 	19.1 	19.4 
A,EUR,D2-D4_MD5_RAT,B-S_X_O,CZ	26.8 	26.8 	26.9 	26.6 	24.4 	24.5 	24.5 	24.5 
A,EUR,D2-D4_MD5_RAT,B-S_X_O,DE	22 	22.2 	22.1 	22.4 	22.4 	23.5 	23.5 	23.3 
A,EUR,D2-D4_MD5_RAT,B-S_X_O,DK	12.2 	13.1 	13.1 	12.7 	12.6 	12.9 	12.9 	12.9 
A,EUR,D2-D4_MD5_RAT,B-S_X_O,EA19	25.8 d	26.4 	25.6 	25 	25 	25.6 	25.6 	25.6 
A,EUR,D2-D4_MD5_RAT,B-S_X_O,EA20	25.8 d	26.3 	25.5 	25 	24.9 	25.5 	25.5 	25.5 
A,EUR,D2-D4_MD5_RAT,B-S_X_O,EE	26.5 	26.6 	26.2 	25.4 	25.5 	25.7 	25.7 	25.6 
A,EUR,D2-D4_MD5_RAT,B-S_X_O,EL	19.6 	22 	20.4 	20.2 	19.9 	19.7 	19.8 	20.4 
A,EUR,D2-D4_MD5_RAT,B-S_X_O,ES	26.1 	25.9 	25.3 	26.3 	26 	25.6 	26 	26.1 
A,EUR,D2-D4_MD5_RAT,B-S_X_O,EU15	23.7 d	24.4 	23.9 	25.1 	: 	: 	: 	: 
A,EUR,D2-D4_MD5_RAT,B-S_X_O,EU27_2020	25.5 	26 	25.3 	24.4 	24.3 	24.8 	24.8 	24.7 
A,EUR,D2-D4_MD5_RAT,B-S_X_O,EU28	23.6 d	24.2 	23.7 	: 	: 	: 	: 	: 
A,EUR,D2-D4_MD5_RAT,B-S_X_O,FI	22.8 	22.2 	22.6 	19.2 	17.6 p	17.7 p	17.8 p	17.2 p
A,EUR,D2-D4_MD5_RAT,B-S_X_O,FR	33.1 d	34.6 	32.9 	32.1 	31.9 	31.9 	31.9 	32.2 
A,EUR,D2-D4_MD5_RAT,B-S_X_O,HR	15.4 	14.9 	15.3 	11.7 	11.7 	11.7 	11.7 	11.7 
A,EUR,D2-D4_MD5_RAT,B-S_X_O,HU	29.5 	24.7 	25.4 	17.7 	16.4 	14.2 	13.9 	13.7 
A,EUR,D2-D4_MD5_RAT,B-S_X_O,IE	14.1 	13.6 	15.6 	12.1 	11.4 	18.5 	20 	20.3 
A,EUR,D2-D4_MD5_RAT,B-S_X_O,IS	18.2 d	20.7 d	20.3 d	21.2 d	20.4 p	20.6 p	20.6 p	20.7 p
A,EUR,D2-D4_MD5_RAT,B-S_X_O,IT	27.8 	28 	27.9 	28.1 	27.9 	27.8 	27.9 	27.9 
A,EUR,D2-D4_MD5_RAT,B-S_X_O,LT	27.9 	28 	28.6 	3.7 	5.5 	5.4 	5.4 	5.4 
A,EUR,D2-D4_MD5_RAT,B-S_X_O,LU	14 	13.7 	12.6 	12.7 	12.4 	12.3 	12.4 	12.4 
A,EUR,D2-D4_MD5_RAT,B-S_X_O,LV	21.1 	20.7 	20.9 	21.3 	20.5 	21.1 	20.9 	21 
A,EUR,D2-D4_MD5_RAT,B-S_X_O,ME	: 	20.1 	12.1 	: 	: 	: 	: 	: 
A,EUR,D2-D4_MD5_RAT,B-S_X_O,MK	: 	5.2 	1.5 	: 	: 	: 	: 	: 
A,EUR,D2-D4_MD5_RAT,B-S_X_O,MT	8.1 	6.9 	6.1 	-1.5 	0.4 	4.2 	5.8 	5.8 
A,EUR,D2-D4_MD5_RAT,B-S_X_O,NL	23.1 	23.8 	23.4 	21.3 	22.2 	24.4 	24.3 	24.5 
A,EUR,D2-D4_MD5_RAT,B-S_X_O,NO	: 	18.1 	18.9 	18.3 	18.3 	18.3 	20.1 	20.1 
A,EUR,D2-D4_MD5_RAT,B-S_X_O,PL	17.7 	18.3 	18.4 	18 	18 	18 	18.1 	18 
A,EUR,D2-D4_MD5_RAT,B-S_X_O,PT	19 	19.7 	20.2 	18.6 	19 	19.2 	19.4 	19.4 
A,EUR,D2-D4_MD5_RAT,B-S_X_O,RO	23.1 	22.7 	19.6 	5.4 	5.3 	5 	4.8 	4.8 
A,EUR,D2-D4_MD5_RAT,B-S_X_O,RS	: 	15.5 	15 	12.5 	15.8 	17 	17.1 	17.2 
A,EUR,D2-D4_MD5_RAT,B-S_X_O,SE	32.9 	31.8 	31.9 	31 	31.9 	31.9 	31.8 	31.6 
A,EUR,D2-D4_MD5_RAT,B-S_X_O,SI	16.8 	15.7 	15.7 	13.5 	14.2 	14.3 	14.1 	14.1 
A,EUR,D2-D4_MD5_RAT,B-S_X_O,SK	25.6 	25.8 	26.2 	25.4 	25.2 	27.6 	27.2 	28.2 
A,EUR,D2-D4_MD5_RAT,B-S_X_O,TR	: 	16.2 	17.1 	12.8 	: 	: 	: 	: 
A,EUR,D2-D4_MD5_RAT,B-S_X_O,UK	15.2 d	16.4 	17.2 	: 	: 	: 	: 	: 
A,EUR,D2-D4_MD5_RAT,C,AL	: 	17.2 	16.7 	: 	: 	: 	: 	: 
A,EUR,D2-D4_MD5_RAT,C,AT	26.3 	26.6 	26.3 	26.3 	26.4 	26.1 	26.4 p	26.6 
A,EUR,D2-D4_MD5_RAT,C,BA	: 	8.2 	7.5 	: 	: 	: 	: 	: 
A,EUR,D2-D4_MD5_RAT,C,BE	34.5 	31.4 	27.9 	26.2 	26.2 	26.2 	26.1 	26.1 
A,EUR,D2-D4_MD5_RAT,C,BG	19.2 	16.8 	16.3 	12.9 	12.8 	12.7 	12.4 	12.3 
A,EUR,D2-D4_MD5_RAT,C,CH	: 	20.5 	19.6 	: 	: 	: 	: 	: 
A,EUR,D2-D4_MD5_RAT,C,CY	11.9 	13.7 	13.4 	14.5 	15.3 	15.5 	15.5 	15.8 
A,EUR,D2-D4_MD5_RAT,C,CZ	27.3 	27.3 	27.3 	27.4 	28.3 	28.7 	28.7 	28.7 
A,EUR,D2-D4_MD5_RAT,C,DE	21.9 	21.9 	21.6 	22.4 	22.4 	23.7 	23.3 	23.2 
A,EUR,D2-D4_MD5_RAT,C,DK	12.6 	12.8 	12.8 	12 	12.8 	13.1 	13.1 	13.1 
A,EUR,D2-D4_MD5_RAT,C,EA19	26.1 	25.8 d	24.9 	24.9 	24.9 	25.5 	25.4 	25.4 
A,EUR,D2-D4_MD5_RAT,C,EA20	26.1 	25.8 d	24.9 	24.9 	24.8 	25.4 	25.3 	25.3 
A,EUR,D2-D4_MD5_RAT,C,EE	26.7 	26.8 	26.4 	25.5 	25.7 	25.9 	26 	25.7 
A,EUR,D2-D4_MD5_RAT,C,EL	23.4 	24.2 	22.5 	22.7 	21.6 	21.8 	22 	22.6 
A,EUR,D2-D4_MD5_RAT,C,ES	26.5 	26.7 	25.5 	27.1 	27.2 	26.5 	26.9 	27.1 
A,EUR,D2-D4_MD5_RAT,C,EU15	25.0 	24.8 	24.0 	25.1 	: 	: 	: 	: 
A,EUR,D2-D4_MD5_RAT,C,EU27_2020	25.9 	25.6 d	24.8 	24.3 	24.3 	24.8 	24.5 	24.5 
A,EUR,D2-D4_MD5_RAT,C,EU28	24.7 	24.6 d	23.9 	: 	: 	: 	: 	: 
A,EUR,D2-D4_MD5_RAT,C,FI	23.2 	21.4 	21.8 	18.2 	17.6 p	17.8 p	18.0 p	17.3 p
A,EUR,D2-D4_MD5_RAT,C,FR	33.1 	33.9 	32.2 	32 	31.6 	31.4 	31.3 	31.6 
A,EUR,D2-D4_MD5_RAT,C,HR	16 	15.5 	16.7 	10.1 	10.1 	10.2 	10.1 	10.1 
A,EUR,D2-D4_MD5_RAT,C,HU	29.2 	23.8 	24.3 	17.3 	16.1 	13.8 	13.5 	13.4 
A,EUR,D2-D4_MD5_RAT,C,IE	16.6 	17.6 	18 	14 	15.2 	17 	17 	17.6 
A,EUR,D2-D4_MD5_RAT,C,IS	16.8 	18.9 	18.3 	19.9 	19.2 p	19.4 p	19.3 p	19.4 p
A,EUR,D2-D4_MD5_RAT,C,IT	29.5 	28.3 	28.2 	29 	28.7 	28.8 	28.7 	28.8 
A,EUR,D2-D4_MD5_RAT,C,LT	27.4 	26.5 	27.1 	0.6 	: @C	: @C	: @C	: @C
A,EUR,D2-D4_MD5_RAT,C,LU	13.5 	14.5 	13.5 	14.7 	14.3 	14.1 	14.2 	14.1 
A,EUR,D2-D4_MD5_RAT,C,LV	21.5 	20.9 	21.1 	21.5 	21.1 	21.3 	21.2 	21.1 
A,EUR,D2-D4_MD5_RAT,C,ME	: 	27.3 	13.4 	: 	: 	: 	: 	: 
A,EUR,D2-D4_MD5_RAT,C,MK	: 	4.7 	1.5 	: 	: 	: 	: 	: 
A,EUR,D2-D4_MD5_RAT,C,MT	9.8 	: 	8 	0 	0.2 	5.4 	7.6 	8.2 
A,EUR,D2-D4_MD5_RAT,C,NL	23.2 	23.9 	22.3 	20.4 	21.2 	22.9 	23.1 	: @C
A,EUR,D2-D4_MD5_RAT,C,NO	: 	17.9 	18.2 	17.8 	17.8 	18 	19.9 	19.5 
A,EUR,D2-D4_MD5_RAT,C,PL	18 	18.5 	18.7 	18.1 	18.1 	18.1 	18.1 	18.1 
A,EUR,D2-D4_MD5_RAT,C,PT	20.4 	20.4 	20.2 	17.9 	18.6 	18.6 	18.7 	18.7 
A,EUR,D2-D4_MD5_RAT,C,RO	22.8 	22.9 	19.9 	6.1 	5.8 	5.7 	5.3 	5.3 
A,EUR,D2-D4_MD5_RAT,C,RS	: 	16.6 	17.2 	11.6 	17.3 	19.5 	19.4 	19.4 
A,EUR,D2-D4_MD5_RAT,C,SE	33.8 	32.2 	32.9 	31.6 	32.5 	32.7 	32 	32.2 
A,EUR,D2-D4_MD5_RAT,C,SI	17 	16.3 	16.2 	13.9 	14.9 	15.1 	14.8 	14.8 
A,EUR,D2-D4_MD5_RAT,C,SK	26.7 	26.2 	26.6 	24.5 	25.1 	28.4 	27.7 	28.7 
A,EUR,D2-D4_MD5_RAT,C,TR	: 	17.5 	17.9 	13.9 	14.5 	14.8 	18.5 	16.7 
A,EUR,D2-D4_MD5_RAT,C,UK	15.2 	15.8 	16.4 	: 	: 	: 	: 	: 
A,EUR,D2-D4_MD5_RAT,D,AL	: 	17.7 	14.2 	: 	: 	: 	: 	: 
A,EUR,D2-D4_MD5_RAT,D,AT	27.8 	28.3 	27.5 	27.2 	27.8 	27.5 	27.4 p	27.4 
A,EUR,D2-D4_MD5_RAT,D,BA	: 	9.1 	9.3 	: 	: 	: 	: 	: 
A,EUR,D2-D4_MD5_RAT,D,BE	: 	43.6 	33.7 	25.7 	25.8 	25.8 	25.6 	25.6 
A,EUR,D2-D4_MD5_RAT,D,BG	23.4 	19.4 	21.1 	21.7 	19.9 	20.2 	19 	20.1 
A,EUR,D2-D4_MD5_RAT,D,CH	: 	20.2 	19.8 	: 	: 	: 	: 	: 
A,EUR,D2-D4_MD5_RAT,D,CY	40.7 	33.8 	34.2 	40.5 	39.5 	38.3 	38.3 	38.5 
A,EUR,D2-D4_MD5_RAT,D,CZ	28.3 	26.7 	27.8 	28.6 	28.7 	28.7 	27.9 	27.9 
A,EUR,D2-D4_MD5_RAT,D,DE	25.6 	25.4 	26.2 	24.5 	24.6 	25.9 	24.7 	24.1 
A,EUR,D2-D4_MD5_RAT,D,DK	14.7 	14.8 	13.8 	13.9 	13.7 	13.3 	12.7 	12.1 
A,EUR,D2-D4_MD5_RAT,D,EA19	28.2 	29.1 d	26.7 d	26 	26 	26.5 	26 	25.9 
A,EUR,D2-D4_MD5_RAT,D,EA20	28.1 	29.1 d	26.6 d	26.0 d	26 	26.4 	26 	25.8 
A,EUR,D2-D4_MD5_RAT,D,EE	27.7 	27.2 	27.1 	26.7 	26.3 	26.2 	26.7 	26.9 
A,EUR,D2-D4_MD5_RAT,D,EL	24.5 	25.7 	23 	25.5 	21.8 	20.9 	21.6 	21.8 
A,EUR,D2-D4_MD5_RAT,D,ES	33.4 	26.6 	26.9 	23.9 	23.2 	23.1 	23.9 	24.4 
A,EUR,D2-D4_MD5_RAT,D,EU15	28.4 	28.4 	26.4 	26.3 	: 	: 	: 	: 
A,EUR,D2-D4_MD5_RAT,D,EU27_2020	27.9 	28.7 d	26.5 d	25.7 	25.6 	25.9 	25.3 	25.2 
A,EUR,D2-D4_MD5_RAT,D,EU28	27.9 	27.9 d	26.1 d	: 	: 	: 	: 	: 
A,EUR,D2-D4_MD5_RAT,D,FI	24.1 	22 	22.1 	18.1 	17.3 p	17.3 p	17.4 p	16.5 p
A,EUR,D2-D4_MD5_RAT,D,FR	33.3 	35.1 	27.4 	29.6 	29.4 	29.1 	29 	29.4 
A,EUR,D2-D4_MD5_RAT,D,HR	15.8 	20 	17.8 	12.8 	12.8 	12.9 	13 	13.1 
A,EUR,D2-D4_MD5_RAT,D,HU	34 	28.8 	30.7 	22.5 	20.6 	17.6 	16.8 	16.7 
A,EUR,D2-D4_MD5_RAT,D,IE	: 	16.4 	16.1 	16.3 	16.6 	16.5 	16.2 	16.7 
A,EUR,D2-D4_MD5_RAT,D,IS	18.4 	19.9 	20.3 	20 	19.8 p	20.0 p	20.1 p	20.5 p
A,EUR,D2-D4_MD5_RAT,D,IT	29 	29.2 	29.3 	29.4 	29.2 	29.5 	29.4 	29.2 
A,EUR,D2-D4_MD5_RAT,D,LT	28 	26.6 	27.7 	4.6 	4.8 	5.1 	5.2 	5.1 
A,EUR,D2-D4_MD5_RAT,D,LU	: 	14.4 	15.7 	15.4 	15.3 	15.4 	15.4 	15.5 
A,EUR,D2-D4_MD5_RAT,D,LV	24.2 	24.8 	26.4 	25.3 	25.6 	25.2 	24.2 	24.9 
A,EUR,D2-D4_MD5_RAT,D,ME	: 	20.8 	10.4 	: 	: 	: 	: 	: 
A,EUR,D2-D4_MD5_RAT,D,MK	: 	12.4 	1.8 	: 	: 	: 	: 	: 
A,EUR,D2-D4_MD5_RAT,D,MT	: 	: 	3.4 	2.1 	3.5 	3.7 	3 	2.7 
A,EUR,D2-D4_MD5_RAT,D,NL	24.1 	26 	21.6 	23.3 	23.6 	24.5 	25.9 	: @C
A,EUR,D2-D4_MD5_RAT,D,NO	: 	21.5 	25.9 	22.8 	23.5 	22.5 	27 	26.5 
A,EUR,D2-D4_MD5_RAT,D,PL	23.3 	23.4 	22.8 	24.2 	24.2 	24.2 	24.2 	24.2 
A,EUR,D2-D4_MD5_RAT,D,PT	: 	22.6 	22.6 	21.9 	22 	22.1 	21.9 	22.1 
A,EUR,D2-D4_MD5_RAT,D,RO	24.5 	24.1 	22.6 	8.4 	8.5 	8.3 	7.9 	7.9 
A,EUR,D2-D4_MD5_RAT,D,RS	: 	15.4 	23.6 	15.9 	16 	15.6 	15.3 	15.5 
A,EUR,D2-D4_MD5_RAT,D,SE	37.6 	37.4 	36.4 	35.5 	36.5 	36.2 	34.8 	35.1 
A,EUR,D2-D4_MD5_RAT,D,SI	19.8 	18.7 	19.3 	17.7 	19.3 	19.5 	19.6 	20 
A,EUR,D2-D4_MD5_RAT,D,SK	30.2 	28.4 	28.5 	28.2 	28.2 	28.9 	28.1 	28.9 
A,EUR,D2-D4_MD5_RAT,D,TR	: 	19.7 	19.4 	15.6 	14.6 	14.4 	16.5 	16.2 
A,EUR,D2-D4_MD5_RAT,D,UK	: 	20.9 	23.6 	: 	: 	: 	: 	: 
A,EUR,D2-D4_MD5_RAT,E,AL	: 	16.1 	16.3 	: 	: 	: 	: 	: 
A,EUR,D2-D4_MD5_RAT,E,AT	28.5 	25.8 	26 	26.8 	27.2 	27.1 	27.3 p	27.5 
A,EUR,D2-D4_MD5_RAT,E,BA	: 	8.0 	8.1 	: 	: 	: 	: 	: 
A,EUR,D2-D4_MD5_RAT,E,BE	26.5 	29.9 	24.4 	24 	24 	24 	23.9 	23.9 
A,EUR,D2-D4_MD5_RAT,E,BG	18.4 	16.5 	17.3 	17.4 	17.3 	17.4 	17.4 	17.4 
A,EUR,D2-D4_MD5_RAT,E,CH	: 	20.1 	20.0 	: 	: 	: 	: 	: 
A,EUR,D2-D4_MD5_RAT,E,CY	19.4 	25.9 	19.3 	24.3 	27.1 	26.9 	26.9 	27.1 
A,EUR,D2-D4_MD5_RAT,E,CZ	26.4 	27.6 	27.2 	26.9 	27.2 	27.5 	27.5 	27.5 
A,EUR,D2-D4_MD5_RAT,E,DE	23.4 	23.8 	24 	24.3 	24.3 	25.4 	25.2 	25 
A,EUR,D2-D4_MD5_RAT,E,DK	11.3 	12.8 	14.4 	14.5 	: @C	: @C	: @C	: @C
A,EUR,D2-D4_MD5_RAT,E,EA19	28.6 d	27.8 	26.5 	27.1 	26.9 	27.3 	27.2 	27.3 
A,EUR,D2-D4_MD5_RAT,E,EA20	28.5 d	27.7 	26.4 	26.9 	26.8 	27.2 	27 	27.1 
A,EUR,D2-D4_MD5_RAT,E,EE	26.4 	: 	26.3 	26 	26.3 	26.3 	26.2 	26.3 
A,EUR,D2-D4_MD5_RAT,E,EL	19.9 	20.7 	21.2 	20.3 	18.9 	19.1 	18.8 	22.2 
A,EUR,D2-D4_MD5_RAT,E,ES	28.1 	27.9 	27.6 	28.5 	28.2 	27.7 	28.2 	28.4 
A,EUR,D2-D4_MD5_RAT,E,EU15	28.4 d	25.7 	25.0 	27.2 	: 	: 	: 	: 
A,EUR,D2-D4_MD5_RAT,E,EU27_2020	27.6 d	27.1 	26 	25.9 	25.8 	26.1 	25.8 	25.8 
A,EUR,D2-D4_MD5_RAT,E,EU28	27.7 d	25.3 	24.7 	: 	: 	: 	: 	: 
A,EUR,D2-D4_MD5_RAT,E,FI	26.5 	23.9 	24 	20.3 	17.5 p	17.8 p	17.7 p	16.9 p
A,EUR,D2-D4_MD5_RAT,E,FR	34.1 	34.6 	30.8 	32.5 	32.4 	32.3 	32.1 	32.4 
A,EUR,D2-D4_MD5_RAT,E,HR	15.7 	14.1 	16.7 	13 	13 	13.1 	13.1 	13 
A,EUR,D2-D4_MD5_RAT,E,HU	31.2 	26.5 	26.5 	18.5 	17.4 	15.3 	14.8 	14.2 
A,EUR,D2-D4_MD5_RAT,E,IE	: 	11.6 	12.8 	9 	9.8 	14.5 	14.6 	15.5 
A,EUR,D2-D4_MD5_RAT,E,IS	16.4 	18.8 	19.2 	19.1 	20.0 p	20.1 p	20.0 p	19.9 p
A,EUR,D2-D4_MD5_RAT,E,IT	29.8 	27 	28.2 	29.2 	28.8 	28.9 	28.9 	29 
A,EUR,D2-D4_MD5_RAT,E,LT	25.7 	25.2 	26.9 	3.4 	4.6 	4.9 	4.5 	4.9 
A,EUR,D2-D4_MD5_RAT,E,LU	13.8 	13.6 	15 	16.1 	16 	16.2 	16.2 	16.2 
A,EUR,D2-D4_MD5_RAT,E,LV	21.4 	20.6 	20.8 	22 	21.5 	21.8 	21.8 	21.7 
A,EUR,D2-D4_MD5_RAT,E,ME	: 	20.5 	13.2 	: 	: 	: 	: 	: 
A,EUR,D2-D4_MD5_RAT,E,MK	: 	8.1 	1.8 	: 	: 	: 	: 	: 
A,EUR,D2-D4_MD5_RAT,E,MT	9.3 	: 	8 	4.7 	6.9 	7 	6.9 	6.9 
A,EUR,D2-D4_MD5_RAT,E,NL	25.7 	25.2 	24 	24.9 	25.1 	26.5 	25.8 	: @C
A,EUR,D2-D4_MD5_RAT,E,NO	: 	17.7 	18.7 	16.7 	16.5 	16.5 	17.5 	17.3 
A,EUR,D2-D4_MD5_RAT,E,PL	19.2 	19.2 	19.6 	20.3 	20.3 	20.3 	20.3 	20.3 
A,EUR,D2-D4_MD5_RAT,E,PT	20.2 	19.9 	20.8 	21.7 	21.8 	21.8 	22.5 	22.6 
A,EUR,D2-D4_MD5_RAT,E,RO	22.3 	22.6 	19.9 	5.9 	5.8 	5.5 	5.4 	5.4 
A,EUR,D2-D4_MD5_RAT,E,RS	: 	15.7 	15.6 	16.8 	18.1 	18.3 	18.4 	18.5 
A,EUR,D2-D4_MD5_RAT,E,SE	32.7 	31.4 	32.2 	31.6 	32.7 	32.9 	32.4 	32.6 
A,EUR,D2-D4_MD5_RAT,E,SI	16.6 	17.7 	16.6 	14.8 	15.9 	16.1 	15.9 	15.9 
A,EUR,D2-D4_MD5_RAT,E,SK	26.8 	25.9 	25.7 	27.3 	26.6 	27.3 	27.2 	27.3 
A,EUR,D2-D4_MD5_RAT,E,TR	: 	20.2 	18.4 	15.7 	16.2 	16.5 	17.7 	17.3 
A,EUR,D2-D4_MD5_RAT,E,UK	: 	15.7 	17.5 	: 	: 	: 	: 	: 
A,EUR,D2-D4_MD5_RAT,F,AL	: 	19.5 	15.3 	: 	: 	: 	: 	: 
A,EUR,D2-D4_MD5_RAT,F,AT	27.3 	25.7 	29.7 	31.3 	31.7 	31.6 	33.4 p	35.3 
A,EUR,D2-D4_MD5_RAT,F,BA	: 	7.0 	7.9 	: 	: 	: 	: 	: 
A,EUR,D2-D4_MD5_RAT,F,BE	: @C	: @C	: @C	30 	30 	30 	29.8 	29.8 
A,EUR,D2-D4_MD5_RAT,F,BG	18 	15.7 	15.4 	14.2 	13.9 	14 	13.7 	13.1 
A,EUR,D2-D4_MD5_RAT,F,CH	: 	20.5 	19.6 	: 	: 	: 	: 	: 
A,EUR,D2-D4_MD5_RAT,F,CY	13.1 	13.9 	15.1 	16.2 	16.5 	16.5 	16.5 	16.9 
A,EUR,D2-D4_MD5_RAT,F,CZ	26.6 	26.6 	26.9 	26.6 	27.3 	27.5 	27.5 	27.5 
A,EUR,D2-D4_MD5_RAT,F,DE	22 	21.9 	22.1 	22.2 	22.2 	23 	23.2 	23.1 
A,EUR,D2-D4_MD5_RAT,F,DK	11.8 	11.8 	12 	10.5 	11.3 	11.8 	11.8 	11.8 
A,EUR,D2-D4_MD5_RAT,F,EA19	26.8 	26.7 	26.1 	25.3 	25.1 	25.6 	25.6 	25.7 
A,EUR,D2-D4_MD5_RAT,F,EA20	26.7 	26.6 	26 	25.3 	25 	25.5 	25.6 	25.7 
A,EUR,D2-D4_MD5_RAT,F,EE	26.1 	26.7 	26.2 	24.9 	25.1 	25.3 	25.3 	25.1 
A,EUR,D2-D4_MD5_RAT,F,EL	24.5 	25.7 	24.3 	22 	21.2 	22 	23.4 	24.8 
A,EUR,D2-D4_MD5_RAT,F,ES	29 	29.1 	28.1 	28.5 	28.9 	28.1 	29.1 	29.8 
A,EUR,D2-D4_MD5_RAT,F,EU15	24.6 	24.6 	24.1 	25.4 	: 	: 	: 	: 
A,EUR,D2-D4_MD5_RAT,F,EU27_2020	26.1 	26.2 	25.7 	24.6 	24.4 	24.8 	24.8 	24.8 
A,EUR,D2-D4_MD5_RAT,F,EU28	24.3 	24.3 	23.9 	: 	: 	: 	: 	: 
A,EUR,D2-D4_MD5_RAT,F,FI	22.1 	21.7 	22.4 	19 	17.9 p	18.1 p	18.2 p	17.5 p
A,EUR,D2-D4_MD5_RAT,F,FR	30 	30.9 	29.5 	28.5 	27.7 	27.4 	27.1 	27.4 
A,EUR,D2-D4_MD5_RAT,F,HR	14.5 	16.4 	15 	8.8 	8.8 	8.8 	8.8 	8.7 
A,EUR,D2-D4_MD5_RAT,F,HU	27.8 	22 	25.1 	16.3 	15.2 	13.1 	13 	12.8 
A,EUR,D2-D4_MD5_RAT,F,IE	15.5 	11.7 	11.2 	5.3 	2.1 	24.2 	27.7 	25.9 
A,EUR,D2-D4_MD5_RAT,F,IS	15.5 	17.9 	17 	19.4 	19.1 p	19.3 p	19.3 p	19.3 p
A,EUR,D2-D4_MD5_RAT,F,IT	30.2 	29.1 	29.6 	30.7 	30.3 	30.3 	30.4 	30.3 
A,EUR,D2-D4_MD5_RAT,F,LT	28.8 	31.3 	30.2 	3.2 	5.2 	5 	4.8 	5.1 
A,EUR,D2-D4_MD5_RAT,F,LU	14.3 	14.9 	13.1 	13.7 	13.1 	13 	13.1 	13.1 
A,EUR,D2-D4_MD5_RAT,F,LV	21.2 	20.5 	20.6 	21 	20.8 	21.1 	20.8 	20.8 
A,EUR,D2-D4_MD5_RAT,F,ME	: 	18.0 	13.8 	: 	: 	: 	: 	: 
A,EUR,D2-D4_MD5_RAT,F,MK	: 	8.4 	1.1 	: 	: 	: 	: 	: 
A,EUR,D2-D4_MD5_RAT,F,MT	9.5 	9.3 	8.8 	6.3 	7.5 	8.1 	8 	8 
A,EUR,D2-D4_MD5_RAT,F,NL	23.2 	24.1 	24.8 	23.6 	23.8 	24.9 	24.2 	24.2 
A,EUR,D2-D4_MD5_RAT,F,NO	: 	17.2 	16.7 	16.5 	16.4 	16.5 	17.8 	17.6 
A,EUR,D2-D4_MD5_RAT,F,PL	17.3 	17.4 	18.7 	17.3 	17.3 	17.3 	17.3 	17.3 
A,EUR,D2-D4_MD5_RAT,F,PT	21.1 	20.7 	21.8 	22.6 	22.8 	22.8 	24.2 	24.2 
A,EUR,D2-D4_MD5_RAT,F,RO	22.3 	22.7 	19.7 	4.7 	4.7 	4.6 	4.3 	4.3 
A,EUR,D2-D4_MD5_RAT,F,RS	: 	15.9 	16.9 	11.8 	18.2 	20.8 	20.7 	20.7 
A,EUR,D2-D4_MD5_RAT,F,SE	31 	31.2 	31.1 	30.2 	31.7 	32.2 	32 	32.1 
A,EUR,D2-D4_MD5_RAT,F,SI	15.6 	14.9 	15.4 	12.6 	13.4 	13.6 	13.5 	13.3 
A,EUR,D2-D4_MD5_RAT,F,SK	24.4 	25.7 	25.7 	24.3 	22.4 	27.6 	27.5 	29.3 
A,EUR,D2-D4_MD5_RAT,F,TR	: 	17 	17.4 	16.5 	16.7 	17 	18.1 	17.9 
A,EUR,D2-D4_MD5_RAT,F,UK	13.7 	14.5 	15.5 	: 	: 	: 	: 	: 
A,EUR,D2-D4_MD5_RAT,G,AL	: 	23.8 	15.7 	: 	: 	: 	: 	: 
A,EUR,D2-D4_MD5_RAT,G,AT	25.7 	26.3 	26.4 	25.8 	26.7 	26.5 	27.2 p	27.2 
A,EUR,D2-D4_MD5_RAT,G,BA	: 	7.8 	7.7 	: 	: 	: 	: 	: 
A,EUR,D2-D4_MD5_RAT,G,BE	28.7 	31 	27.8 	25.7 	25.7 	25.7 	25.6 	25.6 
A,EUR,D2-D4_MD5_RAT,G,BG	16.3 	14.7 	14.9 	13.3 	13.1 	12.8 	12.5 	12.5 
A,EUR,D2-D4_MD5_RAT,G,CH	: 	20.9 	19.3 	: 	: 	: 	: 	: 
A,EUR,D2-D4_MD5_RAT,G,CY	14 	13.6 	12.5 	14 	14.1 	14.8 	14.8 	15.1 
A,EUR,D2-D4_MD5_RAT,G,CZ	26.6 	26.4 	26.8 	26.6 	26.6 	28.5 	28.4 	28.4 
A,EUR,D2-D4_MD5_RAT,G,DE	19.8 	20 	20.2 	20.6 	20.5 	21.4 	21.7 	21.6 
A,EUR,D2-D4_MD5_RAT,G,DK	11.1 	11.2 	11.2 	10.7 	12.2 	12.9 	13.1 	13.1 
A,EUR,D2-D4_MD5_RAT,G,EA19	25.2 	25 	24.3 	23.8 	23.7 	24.2 	24.3 	24.3 
A,EUR,D2-D4_MD5_RAT,G,EA20	25.1 	25 	24.3 	23.7 	23.6 	24.1 	24.2 	24.2 
A,EUR,D2-D4_MD5_RAT,G,EE	26.4 	26.6 	26.3 	25.4 	25.6 	25.8 	25.9 	25.9 
A,EUR,D2-D4_MD5_RAT,G,EL	21.9 	24.2 	21.9 	21.2 	20.9 	21.3 	20.6 	20.7 
A,EUR,D2-D4_MD5_RAT,G,ES	26.2 	25.9 	25.7 	26.3 	26.4 	25.8 	26.3 	26.1 
A,EUR,D2-D4_MD5_RAT,G,EU15	22.5 	22.9 	22.3 	23.8 	: 	: 	: 	: 
A,EUR,D2-D4_MD5_RAT,G,EU27_2020	24.6 	24.5 	24 	23.1 	23 	23.4 	23.5 	23.5 
A,EUR,D2-D4_MD5_RAT,G,EU28	22.4 	22.7 	22.2 	: 	: 	: 	: 	: 
A,EUR,D2-D4_MD5_RAT,G,FI	21.9 	21 	21.8 	18.1 	17.4 p	17.6 p	17.8 p	17.1 p
A,EUR,D2-D4_MD5_RAT,G,FR	32 	32.5 	30.2 	29.5 	29.2 	29.1 	28.9 	29.2 
A,EUR,D2-D4_MD5_RAT,G,HR	15.2 	14.3 	14.6 	10.1 	10.1 	10.2 	10.2 	10.1 
A,EUR,D2-D4_MD5_RAT,G,HU	28.4 	22.1 	27.1 	16.5 	15.3 	13.2 	13 	12.9 
A,EUR,D2-D4_MD5_RAT,G,IE	13.9 	12.5 	13.1 	7.6 	: @C	: @C	: @C	: @C
A,EUR,D2-D4_MD5_RAT,G,IS	16.4 	18.5 	18.3 	20.9 	19.5 p	19.7 p	19.7 p	19.8 p
A,EUR,D2-D4_MD5_RAT,G,IT	29.2 	27.1 	27.1 	27.8 	27.4 	27.3 	27.7 	27.7 
A,EUR,D2-D4_MD5_RAT,G,LT	26.2 	25.9 	26.8 	0.7 	: @C	: @C	: @C	: @C
A,EUR,D2-D4_MD5_RAT,G,LU	12.8 	12.7 	12.4 	14.8 	14.3 	14.2 	14.1 	14.2 
A,EUR,D2-D4_MD5_RAT,G,LV	20.7 	20.4 	20.5 	21.1 	20.1 	20.8 	20.5 	20.6 
A,EUR,D2-D4_MD5_RAT,G,ME	: 	21.9 	12.5 	: 	: 	: 	: 	: 
A,EUR,D2-D4_MD5_RAT,G,MK	: 	6.8 	1.3 	: 	: 	: 	: 	: 
A,EUR,D2-D4_MD5_RAT,G,MT	7.5 	8.2 	7.3 	-9.2 	-2.3 	4.8 	6.6 	6.6 
A,EUR,D2-D4_MD5_RAT,G,NL	22.3 	22.2 	22.8 	20.9 	22 	24 	23.8 	: @C
A,EUR,D2-D4_MD5_RAT,G,NO	: 	16.5 	16.7 	16.3 	16.3 	16.2 	17.4 	17.1 
A,EUR,D2-D4_MD5_RAT,G,PL	15.6 	16.4 	17 	16.8 	16.8 	16.8 	16.8 	16.8 
A,EUR,D2-D4_MD5_RAT,G,PT	20.5 	20.6 	20.1 	18.4 	18.9 	19.1 	19.6 	19.5 
A,EUR,D2-D4_MD5_RAT,G,RO	22 	22.1 	19.1 	4.5 	4.6 	4.2 	4 	4 
A,EUR,D2-D4_MD5_RAT,G,RS	: 	15.8 	15 	10.6 	18.1 	20.9 	20.9 	21 
A,EUR,D2-D4_MD5_RAT,G,SE	32 	29.6 	31.1 	29.9 	30.9 	31 	30.5 	30.8 
A,EUR,D2-D4_MD5_RAT,G,SI	15.7 	14.6 	14.7 	12.3 	13.3 	13.4 	13.2 	13.1 
A,EUR,D2-D4_MD5_RAT,G,SK	24.6 	25 	25.7 	25.1 	24 	27.8 	27 	28.5 
A,EUR,D2-D4_MD5_RAT,G,TR	: 	15.8 	17.4 	13.8 	14.4 	14.5 	17.2 	16 
A,EUR,D2-D4_MD5_RAT,G,UK	12.6 	14.2 	14 	: 	: 	: 	: 	: 
A,EUR,D2-D4_MD5_RAT,G-J,MT	8.5 	8.5 	7.5 	6.4 	7.0 	6.8 	6.7 	: 
A,EUR,D2-D4_MD5_RAT,G-N,AL	: 	21.0 	16.6 	: 	: 	: 	: 	: 
A,EUR,D2-D4_MD5_RAT,G-N,AT	25.9 	26.5 	26.6 	25.8 	26.1 	26.3 	26.2 p	26.2 
A,EUR,D2-D4_MD5_RAT,G-N,BA	: 	8.6 	8.7 	: 	: 	: 	: 	: 
A,EUR,D2-D4_MD5_RAT,G-N,BE	30.1 	29.2 	27.4 	26.3 	26.3 	26.3 	26.2 	26.2 
A,EUR,D2-D4_MD5_RAT,G-N,BG	16.6 	13.9 	14.3 	12.2 	11.8 	11.6 	11.4 	11.4 
A,EUR,D2-D4_MD5_RAT,G-N,CH	: 	21.0 	19.9 	: 	: 	: 	: 	: 
A,EUR,D2-D4_MD5_RAT,G-N,CY	17 	17 	14.9 	16.7 	16.7 	17.3 	17.3 	17.7 
A,EUR,D2-D4_MD5_RAT,G-N,CZ	26.6 	26.5 	26.8 	26.4 	19.6 	19.3 	19.5 	19.4 
A,EUR,D2-D4_MD5_RAT,G-N,DE	20.8 	21.2 	20.8 	20.9 	20.8 	21.8 	21.9 	21.7 
A,EUR,D2-D4_MD5_RAT,G-N,DK	12.9 	13.7 	13.6 	12.9 	12.3 	12.7 	12.7 	12.8 
A,EUR,D2-D4_MD5_RAT,G-N,EA19	25.9 	26.1 	25 	24.2 	24.1 	24.7 	24.8 	24.8 
A,EUR,D2-D4_MD5_RAT,G-N,EA20	25.9 	26.1 	25 	24.1 	24 	24.6 	24.7 	24.7 
A,EUR,D2-D4_MD5_RAT,G-N,EE	26.5 	26.8 	26.3 	25.4 	25.4 	25.7 	25.7 	25.7 
A,EUR,D2-D4_MD5_RAT,G-N,EL	23 	24 	23.3 	20.6 	20.7 	20.6 	20.8 	21.3 
A,EUR,D2-D4_MD5_RAT,G-N,ES	26 	26.2 	25.8 	26.5 	25.9 	25.6 	25.9 	26 
A,EUR,D2-D4_MD5_RAT,G-N,EU15	23.3 	23.8 	23.0 	24.3 	: 	: 	: 	: 
A,EUR,D2-D4_MD5_RAT,G-N,EU27_2020	25.6 	25.7 	24.8 	23.7 	23.5 	24 	24 	23.9 
A,EUR,D2-D4_MD5_RAT,G-N,EU28	23.2 	23.7 	22.9 	: 	: 	: 	: 	: 
A,EUR,D2-D4_MD5_RAT,G-N,FI	22 	21.1 	21.6 	18.3 	17.4 p	17.6 p	17.6 p	17.1 p
A,EUR,D2-D4_MD5_RAT,G-N,FR	32.8 	33.8 	31.4 	30.3 	30.1 	30.3 	30.1 	30.4 
A,EUR,D2-D4_MD5_RAT,G-N,HR	15.8 	14.9 	15.2 	11.8 	11.7 	11.8 	11.8 	11.8 
A,EUR,D2-D4_MD5_RAT,G-N,HU	29.5 	24.5 	26.1 	17.5 	16.2 	14.1 	13.8 	13.6 
A,EUR,D2-D4_MD5_RAT,G-N,IE	15.5 	14.9 	14.6 	10 	9.2 	16.6 	18.6 	18.9 
A,EUR,D2-D4_MD5_RAT,G-N,IS	16.7 p	18.8 p	18.2 p	19.8 p	19.7 p	19.9 p	19.9 p	19.9 p
A,EUR,D2-D4_MD5_RAT,G-N,IT	28.4 	27.5 	27.6 	27.8 	27.5 	27.4 	27.7 	27.7 
A,EUR,D2-D4_MD5_RAT,G-N,LT	29.7 	30.1 	30.5 	5.7 	7.3 	6.7 	6.7 	7 
A,EUR,D2-D4_MD5_RAT,G-N,LU	14.2 	13.8 	13.1 	13.4 	13.1 	12.8 	13 	12.9 
A,EUR,D2-D4_MD5_RAT,G-N,LV	21.1 	21.1 	21.1 	21.5 	20.4 	21.2 	21 	21.1 
A,EUR,D2-D4_MD5_RAT,G-N,ME	: 	18.8 	12.4 	: 	: 	: 	: 	: 
A,EUR,D2-D4_MD5_RAT,G-N,MK	: 	5.4 	1.5 	: 	: 	: 	: 	: 
A,EUR,D2-D4_MD5_RAT,G-N,MT	8.6 	7.8 	7.5 	-5.1 	-2.2 	3.6 	6.1 	6.1 
A,EUR,D2-D4_MD5_RAT,G-N,NL	22.2 	23.1 	22.6 	19.8 	20.5 	23 	23 	23.4 
A,EUR,D2-D4_MD5_RAT,G-N,NO	: 	17.4 	18 	17.3 	17.2 	17.2 	19.1 	19.2 
A,EUR,D2-D4_MD5_RAT,G-N,PL	16.2 	16.8 	17 	17.2 	17.2 	17.2 	17.2 	17.2 
A,EUR,D2-D4_MD5_RAT,G-N,PT	19.8 	21.2 	20.8 	18.3 	18.8 	19.1 	19.1 	19.1 
A,EUR,D2-D4_MD5_RAT,G-N,RO	22.8 	22.5 	19.4 	4.9 	4.9 	4.7 	4.6 	4.5 
A,EUR,D2-D4_MD5_RAT,G-N,RS	: 	15.5 	12.7 	11.5 	15.3 	16.7 	17 	17.1 
A,EUR,D2-D4_MD5_RAT,G-N,SE	33 	31.9 	32.2 	31 	32 	32 	31.2 	31.4 
A,EUR,D2-D4_MD5_RAT,G-N,SI	16.7 	15.3 	15.3 	12.7 	13.6 	13.6 	13.5 	13.4 
A,EUR,D2-D4_MD5_RAT,G-N,SK	24.7 	25.1 	25.8 	25.4 	24.9 	27.5 	27.1 	28.3 
A,EUR,D2-D4_MD5_RAT,G-N,TR	: 	15.6 	17 	13.8 	: 	: 	: 	: 
A,EUR,D2-D4_MD5_RAT,G-N,UK	14.2 d	15.6 	15.9 	: 	: 	: 	: 	: 
A,EUR,D2-D4_MD5_RAT,H,AL	: 	26.3 	18.1 	: 	: 	: 	: 	: 
A,EUR,D2-D4_MD5_RAT,H,AT	27.1 	27.4 	28.3 	26.2 	27.1 	27.7 	27.3 p	27.4 
A,EUR,D2-D4_MD5_RAT,H,BA	: 	8.9 	8.8 	: 	: 	: 	: 	: 
A,EUR,D2-D4_MD5_RAT,H,BE	31.4 	27.2 	26.8 	26.6 	26.6 	26.6 	26.5 	26.5 
A,EUR,D2-D4_MD5_RAT,H,BG	18.5 	12.2 	13.9 	10.2 	10 	9.9 	9.5 	9.2 
A,EUR,D2-D4_MD5_RAT,H,CH	: 	21.3 	20.7 	: 	: 	: 	: 	: 
A,EUR,D2-D4_MD5_RAT,H,CY	13.9 	15.6 	16.4 	18.5 	18.2 	18.4 	18.4 	18.7 
A,EUR,D2-D4_MD5_RAT,H,CZ	27.8 	27.9 	27.4 	27.5 	28 	28.2 	28.2 	28.2 
A,EUR,D2-D4_MD5_RAT,H,DE	23.7 	23 	23.2 	22.9 	23.1 	24.3 	24.2 	24 
A,EUR,D2-D4_MD5_RAT,H,DK	11.8 	12.8 	13 	12.6 	13.8 	14.2 	14.1 	14.6 
A,EUR,D2-D4_MD5_RAT,H,EA19	26.9 	27.0 d	25.6 	24.6 	24.6 	25.3 	25.2 	25.3 
A,EUR,D2-D4_MD5_RAT,H,EA20	26.9 	26.9 d	25.5 	24.6 	24.5 	25.2 	25.2 	25.2 
A,EUR,D2-D4_MD5_RAT,H,EE	26.5 	26.9 	26.4 	26 	25.7 	26.1 	26.2 	26 
A,EUR,D2-D4_MD5_RAT,H,EL	23.6 	24.8 	20.1 	19.5 	22 	20 	19.7 	20.1 
A,EUR,D2-D4_MD5_RAT,H,ES	26 	26.3 	25.8 	29 	27.8 	27.7 	27.9 	28.4 
A,EUR,D2-D4_MD5_RAT,H,EU15	24.8 	24.9 	23.9 	24.7 	: 	: 	: 	: 
A,EUR,D2-D4_MD5_RAT,H,EU27_2020	26.4 	26.5 d	25.2 	24.1 	24 	24.6 	24.5 	24.5 
A,EUR,D2-D4_MD5_RAT,H,EU28	24.7 	24.8 d	23.8 	: 	: 	: 	: 	: 
A,EUR,D2-D4_MD5_RAT,H,FI	22.1 	19.8 	21 	20.4 	17.3 p	17.4 p	17.4 p	16.8 p
A,EUR,D2-D4_MD5_RAT,H,FR	32.4 	32.9 	28.7 	28.2 	27.9 	27.9 	27.7 	28.1 
A,EUR,D2-D4_MD5_RAT,H,HR	13.6 	16 	14 	13.6 	13.5 	13.5 	13.5 	13.6 
A,EUR,D2-D4_MD5_RAT,H,HU	29.7 	25.8 	24.7 	17.8 	16.4 	14.2 	13.9 	13.6 
A,EUR,D2-D4_MD5_RAT,H,IE	15.2 	18.1 	14.9 	9.2 	: @C	: @C	: @C	: @C
A,EUR,D2-D4_MD5_RAT,H,IS	19 	21.6 	20.4 	22.5 	21.2 p	21.4 p	21.4 p	21.5 p
A,EUR,D2-D4_MD5_RAT,H,IT	26.4 	26.7 	26.6 	27.5 	27.3 	27.4 	27.5 	27.6 
A,EUR,D2-D4_MD5_RAT,H,LT	40.3 	41.2 	40.3 	15.7 	10.8 	7.4 	6.3 	6.2 
A,EUR,D2-D4_MD5_RAT,H,LU	15.7 	15 	14.6 	14 	13.4 	13 	13 	13.6 
A,EUR,D2-D4_MD5_RAT,H,LV	21.6 	21.6 	21.9 	22.6 	21.5 	21.6 	21.4 	21.6 
A,EUR,D2-D4_MD5_RAT,H,ME	: 	8.8 	13.0 	: 	: 	: 	: 	: 
A,EUR,D2-D4_MD5_RAT,H,MK	: 	3.9 	2.1 	: 	: 	: 	: 	: 
A,EUR,D2-D4_MD5_RAT,H,MT	9.3 	: 	7 	-6.7 	-4.5 	2.8 	7.2 	7.5 
A,EUR,D2-D4_MD5_RAT,H,NL	23 	24.2 	24.6 	17.1 	18.4 	22.1 	22.5 	: @C
A,EUR,D2-D4_MD5_RAT,H,NO	: 	17.5 	19.7 	17.7 	17.7 	17.7 	19.6 	19.4 
A,EUR,D2-D4_MD5_RAT,H,PL	18.4 	19.1 	18.5 	18.5 	18.5 	18.5 	18.5 	18.5 
A,EUR,D2-D4_MD5_RAT,H,PT	22.7 	22.4 	24.2 	18.6 	19.4 	19.3 	18.1 	18 
A,EUR,D2-D4_MD5_RAT,H,RO	23.2 	23.1 	20.4 	6.9 	7 	6.5 	6.2 	6.2 
A,EUR,D2-D4_MD5_RAT,H,RS	: 	13 	15.7 	10.6 	14.6 	15.8 	15.6 	15.6 
A,EUR,D2-D4_MD5_RAT,H,SE	31.6 	31.1 	31.4 	29.4 	30.3 	30.5 	30.1 	30.2 
A,EUR,D2-D4_MD5_RAT,H,SI	16.4 	15.7 	15.8 	13 	14.2 	14.2 	13.9 	13.9 
A,EUR,D2-D4_MD5_RAT,H,SK	26.5 	26.7 	27 	26.4 	25.4 	28.3 	27.2 	28.7 
A,EUR,D2-D4_MD5_RAT,H,TR	: 	16.2 	16.5 	14.2 	14.5 	14 	15.7 	15 
A,EUR,D2-D4_MD5_RAT,H,UK	15.6 	16.8 	17.3 	: 	: 	: 	: 	: 
A,EUR,D2-D4_MD5_RAT,I,AL	: 	17.8 	17.2 	: 	: 	: 	: 	: 
A,EUR,D2-D4_MD5_RAT,I,AT	24.7 	26.4 	26.4 	26.2 	26.5 	28.1 	27.9 p	28 
A,EUR,D2-D4_MD5_RAT,I,BA	: 	7.3 	7.5 	: 	: 	: 	: 	: 
A,EUR,D2-D4_MD5_RAT,I,BE	: 	34.3 	27.1 	38.6 	38.6 	38.6 	38.4 	38.4 
A,EUR,D2-D4_MD5_RAT,I,BG	17.9 	16.3 	16.2 	2.4 	2.2 	2.2 	2.1 	2 
A,EUR,D2-D4_MD5_RAT,I,CH	: 	19.1 	17.9 	: 	: 	: 	: 	: 
A,EUR,D2-D4_MD5_RAT,I,CY	12.6 	12.5 	12.1 	13 	11 	14.3 	14.3 	14.6 
A,EUR,D2-D4_MD5_RAT,I,CZ	27.6 	26.7 	26.7 	24.3 	-296.6 	111.4 	110.9 	110.8 
A,EUR,D2-D4_MD5_RAT,I,DE	20.3 	21 	20.7 	21.6 	21.6 	22.2 	22.5 	22.5 
A,EUR,D2-D4_MD5_RAT,I,DK	9.4 	10.7 	9.8 	9 	: @C	: @C	: @C	: @C
A,EUR,D2-D4_MD5_RAT,I,EA19	24.4 d	25.1 	24.4 	21 	20.8 	24.2 	25.1 	25.2 
A,EUR,D2-D4_MD5_RAT,I,EA20	24.4 d	24.9 	24.3 	20.9 	20.7 	24 	24.9 	25.1 
A,EUR,D2-D4_MD5_RAT,I,EE	25.9 	26.6 	26.1 	20.5 	20.8 	21.9 	22 	21.7 
A,EUR,D2-D4_MD5_RAT,I,EL	21.8 	22.7 	20.5 	19.8 	24.5 	26.8 	29.5 	35.8 
A,EUR,D2-D4_MD5_RAT,I,ES	27 	26.9 	26.9 	28.9 	25.5 	26.3 	26.9 	26.9 
A,EUR,D2-D4_MD5_RAT,I,EU15	20.1 d	21.3 	21.0 	21.1 	: 	: 	: 	: 
A,EUR,D2-D4_MD5_RAT,I,EU27_2020	24.1 d	24.6 	24 	20.3 	17.5 	19.8 	20.4 	20.5 
A,EUR,D2-D4_MD5_RAT,I,EU28	20.1 d	21.2 	21.0 	: 	: 	: 	: 	: 
A,EUR,D2-D4_MD5_RAT,I,FI	23.4 	22.7 	22.9 	19.2 	17.7 p	17.5 p	17.7 p	17.4 p
A,EUR,D2-D4_MD5_RAT,I,FR	28.1 	30.4 	29.4 	23.8 	26.8 	34.1 	34.5 	35 
A,EUR,D2-D4_MD5_RAT,I,HR	15.7 	12.1 	14.8 	9.6 	9.7 	9.9 	9.9 	9.9 
A,EUR,D2-D4_MD5_RAT,I,HU	28.8 	22.9 	24.6 	15.4 	12.7 	14.8 	14.3 	13.9 
A,EUR,D2-D4_MD5_RAT,I,IE	10.8 	8.5 	9.5 	: @C	: @C	: @C	: @C	: @C
A,EUR,D2-D4_MD5_RAT,I,IS	15.4 p	17.5 p	17.1 p	21.9 	18.8 p	18.9 p	18.8 p	18.9 p
A,EUR,D2-D4_MD5_RAT,I,IT	27.6 	25 	25.9 	27.8 	27.4 	26.7 	27.8 	27.9 
A,EUR,D2-D4_MD5_RAT,I,LT	25.8 	25.1 	26.3 	: @C	: @C	: @C	: @C	: @C
A,EUR,D2-D4_MD5_RAT,I,LU	12.7 	12.8 	12 	13.7 	12.9 	10.4 	10.3 	10.2 
A,EUR,D2-D4_MD5_RAT,I,LV	20.6 	20.1 	20 	20.6 	14.7 	19.9 	19.7 	19.7 
A,EUR,D2-D4_MD5_RAT,I,ME	: 	19.2 	11.9 	: 	: 	: 	: 	: 
A,EUR,D2-D4_MD5_RAT,I,MK	: 	6.4 	1.2 	: 	: 	: 	: 	: 
A,EUR,D2-D4_MD5_RAT,I,MT	9.1 	8.8 	8.3 	-109.7 	-81.1 	-13.7 	6.9 	7.2 
A,EUR,D2-D4_MD5_RAT,I,NL	21.6 	20.4 	21.2 	6.1 	6 	-12.9 	-14.3 	: @C
A,EUR,D2-D4_MD5_RAT,I,NO	: 	15.2 	14.7 	7.6 	7.5 	7.5 	7.7 	7.6 
A,EUR,D2-D4_MD5_RAT,I,PL	16.4 	16.5 	17 	14.1 	14.1 	14.1 	14.1 	14.1 
A,EUR,D2-D4_MD5_RAT,I,PT	19.9 	19.3 	19.2 	9.3 	10 	11.1 	11.2 	11.2 
A,EUR,D2-D4_MD5_RAT,I,RO	22 	22.1 	19.1 	4.7 	4.4 	4.2 	4 	4 
A,EUR,D2-D4_MD5_RAT,I,RS	: 	15.7 	15.6 	8.5 	-113.6 	-136.1 	-136.4 	-136.9 
A,EUR,D2-D4_MD5_RAT,I,SE	27 	24.8 	27 	19.7 	20.4 	20.5 	20.9 	21.2 
A,EUR,D2-D4_MD5_RAT,I,SI	15.5 	15.3 	14.9 	0.4 	0.4 	0.4 	0.4 	0.4 
A,EUR,D2-D4_MD5_RAT,I,SK	25.2 	25.9 	25.4 	18.6 	22.5 	35.6 	43.7 	46.3 
A,EUR,D2-D4_MD5_RAT,I,TR	: 	17 	17.6 	15.2 	15.1 	15 	18 	17.2 
A,EUR,D2-D4_MD5_RAT,I,UK	9.9 	12.1 	13.4 	: 	: 	: 	: 	: 
A,EUR,D2-D4_MD5_RAT,J,AL	: 	21.2 	15.9 	: 	: 	: 	: 	: 
A,EUR,D2-D4_MD5_RAT,J,AT	26.1 	25.9 	25.8 	25.2 	26.3 	26 	26.0 p	26.2 
A,EUR,D2-D4_MD5_RAT,J,BA	: 	10.2 	9.6 	: 	: 	: 	: 	: 
A,EUR,D2-D4_MD5_RAT,J,BE	: 	28.5 	27.4 	26.9 	26.9 	26.9 	26.6 	26.6 
A,EUR,D2-D4_MD5_RAT,J,BG	15.3 	12.9 	12.8 	11.6 	10.9 	10.8 	10.7 	11.2 
A,EUR,D2-D4_MD5_RAT,J,CH	: 	20.8 	20.2 	: 	: 	: 	: 	: 
A,EUR,D2-D4_MD5_RAT,J,CY	22.9 	21.2 	17.5 	16.6 	16.7 	16.6 	16.5 	16.7 
A,EUR,D2-D4_MD5_RAT,J,CZ	25.3 	26.1 	26.8 	26.2 	26.4 	26.4 	26.5 	26.5 
A,EUR,D2-D4_MD5_RAT,J,DE	20 	20.3 	19.8 	20.1 	20.7 	20.7 	20.8 	20.6 
A,EUR,D2-D4_MD5_RAT,J,DK	12.4 	12.3 	12.1 	10.6 	10.9 	11.2 	11.1 	11.2 
A,EUR,D2-D4_MD5_RAT,J,EA19	25.8 	26.0 d	24.2 	23.9 	24 	24.1 	24.1 	24 
A,EUR,D2-D4_MD5_RAT,J,EA20	25.8 	25.9 d	24.2 	23.8 	23.9 	24 	24 	23.9 
A,EUR,D2-D4_MD5_RAT,J,EE	26.6 	27 	26.5 	25.6 	26 	26 	25.6 	25.9 
A,EUR,D2-D4_MD5_RAT,J,EL	25.9 	21.8 	20.5 	19.8 	17.6 	18 	18.4 	18.7 
A,EUR,D2-D4_MD5_RAT,J,ES	25.4 	25.5 	24.3 	24.2 	23.9 	23.4 	23.8 	23.8 
A,EUR,D2-D4_MD5_RAT,J,EU15	23.7 	24.0 	22.6 	24.3 	: 	: 	: 	: 
A,EUR,D2-D4_MD5_RAT,J,EU27_2020	25.6 	25.7 d	24.2 	23.4 	23.6 	23.6 	23.5 	23.4 
A,EUR,D2-D4_MD5_RAT,J,EU28	23.6 	23.8 d	22.5 	: 	: 	: 	: 	: 
A,EUR,D2-D4_MD5_RAT,J,FI	21 	20.9 	21.3 	16.9 	17.3 p	17.5 p	17.2 p	16.7 p
A,EUR,D2-D4_MD5_RAT,J,FR	34.4 	34.8 	31.5 	32.2 	32 	32 	31.9 	32.1 
A,EUR,D2-D4_MD5_RAT,J,HR	18.3 	15.6 	15.8 	12.9 	12.9 	12.7 	12.7 	12.9 
A,EUR,D2-D4_MD5_RAT,J,HU	31.3 	26.1 	25.5 	17.4 	16.4 	14 	13.8 	13.6 
A,EUR,D2-D4_MD5_RAT,J,IE	16.8 	16 	15.8 	14.1 	14.2 	15 	15.6 	15.1 
A,EUR,D2-D4_MD5_RAT,J,IS	16.6 p	18.3 p	18.1 	19.2 	19.1 p	19.5 p	19.4 p	19.4 p
A,EUR,D2-D4_MD5_RAT,J,IT	28.8 	28 	27.1 	27.3 	26.9 	26.9 	26.9 	27 
A,EUR,D2-D4_MD5_RAT,J,LT	27.5 	27 	28 	4.6 	4.7 	4.9 	5.5 	6.5 
A,EUR,D2-D4_MD5_RAT,J,LU	13.4 	13.2 	12.6 	12.8 	12.9 	12.9 	13 	12.9 
A,EUR,D2-D4_MD5_RAT,J,LV	21.9 	21.5 	21.4 	21.2 	20.8 	21.3 	21.1 	21 
A,EUR,D2-D4_MD5_RAT,J,ME	: 	16.5 	12.9 	: 	: 	: 	: 	: 
A,EUR,D2-D4_MD5_RAT,J,MK	: 	7.2 	0.9 	: 	: 	: 	: 	: 
A,EUR,D2-D4_MD5_RAT,J,MT	8.7 	: 	7.4 	4.8 	5.4 	6.5 	6.6 	6.5 
A,EUR,D2-D4_MD5_RAT,J,NL	21.2 	21.1 	20 	17.9 	18.9 	20.7 	20.9 	: @C
A,EUR,D2-D4_MD5_RAT,J,NO	: 	18 	18.4 	18.3 	18.4 	17.8 	21 	21.8 
A,EUR,D2-D4_MD5_RAT,J,PL	15.4 	15.6 	16.4 	16.7 	16.7 	16.7 	16.7 	16.7 
A,EUR,D2-D4_MD5_RAT,J,PT	: 	20.4 	20.5 	18.7 	19 	19.3 	19.2 	19.2 
A,EUR,D2-D4_MD5_RAT,J,RO	24.9 	22.2 	19.3 	4.1 	4.1 	4.2 	4.3 	4.3 
A,EUR,D2-D4_MD5_RAT,J,RS	: 	17 	15.2 	11.8 	13 	13.4 	14.3 	14.6 
A,EUR,D2-D4_MD5_RAT,J,SE	34.1 	34 	33.2 	34.6 	35.7 	35.5 	34 	34.3 
A,EUR,D2-D4_MD5_RAT,J,SI	18.5 	15.7 	16.1 	13.9 	14.8 	14.8 	14.8 	14.7 
A,EUR,D2-D4_MD5_RAT,J,SK	23.5 	23.8 	25.1 	25.6 	25.4 	26.4 	26.1 	27 
A,EUR,D2-D4_MD5_RAT,J,TR	: 	14.1 	16 	12.6 	12.5 	11.9 	13.1 	12.3 
A,EUR,D2-D4_MD5_RAT,J,UK	15.9 	16 	16 	: 	: 	: 	: 	: 
A,EUR,D2-D4_MD5_RAT,K,AL	: 	17.6 	15.5 	: 	: 	: 	: 	: 
A,EUR,D2-D4_MD5_RAT,K,AT	27.7 	27.7 	27.1 	25.5 	23.7 	25.2 	24.3 p	24.2 
A,EUR,D2-D4_MD5_RAT,K,BA	: 	9.8 	10.5 	: 	: 	: 	: 	: 
A,EUR,D2-D4_MD5_RAT,K,BE	32.8 	29.6 	27.1 	24.8 	24.8 	24.8 	24.7 	24.7 
A,EUR,D2-D4_MD5_RAT,K,BG	15.8 	14.3 	14.9 	14.4 	13.9 	14 	13.5 	13.5 
A,EUR,D2-D4_MD5_RAT,K,CH	: 	20.9 	20.8 	: 	: 	: 	: 	: 
A,EUR,D2-D4_MD5_RAT,K,CY	22.7 	22.5 	17.6 	20.9 	21.7 	21.8 	21.8 	22.1 
A,EUR,D2-D4_MD5_RAT,K,CZ	26.4 	25.6 	26.9 	27.1 	27 	27.1 	27.5 	27.5 
A,EUR,D2-D4_MD5_RAT,K,DE	23 	24.6 	22 	22.7 	22 	22.8 	23.2 	22.7 
A,EUR,D2-D4_MD5_RAT,K,DK	23.1 	23.8 	24.9 	24.1 	24.8 	24.9 	24.4 	24.5 
A,EUR,D2-D4_MD5_RAT,K,EA19	27.7 	29.1 d	27.5 	26.9 	26.7 	26.7 	26.8 	26.7 
A,EUR,D2-D4_MD5_RAT,K,EA20	27.6 	29.0 d	27.4 	26.9 	26.7 	26.7 	26.7 	26.7 
A,EUR,D2-D4_MD5_RAT,K,EE	27.9 	27.3 	26.9 	26.9 	26.7 	26.9 	27.3 	27 
A,EUR,D2-D4_MD5_RAT,K,EL	25 	27.4 	34 	22.9 	20.5 	20.9 	20.9 	20.2 
A,EUR,D2-D4_MD5_RAT,K,ES	25.8 	26.8 	28.1 	27.9 	27.1 	26.3 	26.1 	26.1 
A,EUR,D2-D4_MD5_RAT,K,EU15	25.8 	27.1 	25.8 	27.2 	: 	: 	: 	: 
A,EUR,D2-D4_MD5_RAT,K,EU27_2020	27.5 	28.8 d	27.3 	26.6 	26.5 	26.5 	26.4 	26.3 
A,EUR,D2-D4_MD5_RAT,K,EU28	25.6 	26.8 d	25.5 	: 	: 	: 	: 	: 
A,EUR,D2-D4_MD5_RAT,K,FI	23.2 	22 	21.7 	17.7 	17.4 p	17.5 p	17.7 p	17.0 p
A,EUR,D2-D4_MD5_RAT,K,FR	35.4 	37.3 	35.6 	34.3 	34.1 	34 	33.8 	34.2 
A,EUR,D2-D4_MD5_RAT,K,HR	17.5 	16.4 	17.6 	14.7 	14.7 	14.9 	15 	14.9 
A,EUR,D2-D4_MD5_RAT,K,HU	30 	26.7 	27.3 	19.9 	18.6 	16 	15.5 	15.3 
A,EUR,D2-D4_MD5_RAT,K,IE	19.3 	20.3 	19.7 	19.7 	20.9 	19.7 	19.8 	20 
A,EUR,D2-D4_MD5_RAT,K,IS	18.1 	24.3 	23.7 	23.5 	19.4 p	19.6 p	19.5 p	19.6 p
A,EUR,D2-D4_MD5_RAT,K,IT	29.5 	29.9 	28.9 	29.1 	29 	28.7 	28.6 	28.6 
A,EUR,D2-D4_MD5_RAT,K,LT	26.5 	29.8 	28.9 	6.8 	6.2 	5.9 	5.8 	6 
A,EUR,D2-D4_MD5_RAT,K,LU	14.3 	14.7 	13.5 	13.3 	13.2 	13.1 	13.3 	13.2 
A,EUR,D2-D4_MD5_RAT,K,LV	21 	22.4 	22 	21.8 	21.1 	21.6 	21.5 	21.6 
A,EUR,D2-D4_MD5_RAT,K,ME	: 	20.2 	12.3 	: 	: 	: 	: 	: 
A,EUR,D2-D4_MD5_RAT,K,MK	: 	3.0 	2.0 	: 	: 	: 	: 	: 
A,EUR,D2-D4_MD5_RAT,K,MT	9.4 	: 	8.4 	7.3 	7.6 	7.7 	7.5 	7.5 
A,EUR,D2-D4_MD5_RAT,K,NL	25.5 	29.5 	24.7 	25.4 	25.7 	24.8 	24.1 	: @C
A,EUR,D2-D4_MD5_RAT,K,NO	: 	19.7 	22.8 	26.2 	25.3 	25.1 	29.9 	30.6 
A,EUR,D2-D4_MD5_RAT,K,PL	15.8 	16.6 	16.6 	18.1 	18.1 	18.1 	18.1 	18.1 
A,EUR,D2-D4_MD5_RAT,K,PT	15.8 	24.2 	19.5 	19.7 	19.9 	19.7 	20.7 	20.7 
A,EUR,D2-D4_MD5_RAT,K,RO	22.6 	23.2 	20.2 	5.9 	5.6 	5.5 	5.4 	5.3 
A,EUR,D2-D4_MD5_RAT,K,RS	: 	17.1 	17.1 	16.6 	17 	17.2 	17.2 	17.4 
A,EUR,D2-D4_MD5_RAT,K,SE	37.7 	38.4 	36 	35.4 	36.3 	35.9 	34.5 	34.8 
A,EUR,D2-D4_MD5_RAT,K,SI	18.4 	16.4 	16.3 	17 	17 	17.6 	17.7 	17.8 
A,EUR,D2-D4_MD5_RAT,K,SK	23.4 	24.4 	26 	26.8 	26.7 	26.8 	27.4 	27.6 
A,EUR,D2-D4_MD5_RAT,K,TR	: 	14.5 	17.1 	10 	10 	10.1 	11.2 	10.9 
A,EUR,D2-D4_MD5_RAT,K,UK	18 	18.9 	18.8 	: 	: 	: 	: 	: 
A,EUR,D2-D4_MD5_RAT,K-N,MT	8.7 	7.0 	7.7 	6.2 	6.7 	6.8 	6.6 	: 
A,EUR,D2-D4_MD5_RAT,L,MT	6.6 	: 	5.3 	3.8 	4.2 	4.3 	4.2 	: 
A,EUR,D2-D4_MD5_RAT,M,AL	: 	16.2 	15.2 	: 	: 	: 	: 	: 
A,EUR,D2-D4_MD5_RAT,M,AT	24.2 	24.9 	25.1 	24.6 	22.9 	22.1 	21.7 p	21.9 
A,EUR,D2-D4_MD5_RAT,M,BA	: 	7.5 	8.6 	: 	: 	: 	: 	: 
A,EUR,D2-D4_MD5_RAT,M,BE	: 	27 	27.2 	24.4 	24.4 	24.5 	24.3 	24.3 
A,EUR,D2-D4_MD5_RAT,M,BG	15.3 	13.1 	13.7 	12.6 	12.1 	12.1 	12 	11.7 
A,EUR,D2-D4_MD5_RAT,M,CH	: 	21.2 	19.9 	: 	: 	: 	: 	: 
A,EUR,D2-D4_MD5_RAT,M,CY	15 	14.8 	15 	14.7 	15.3 	15.4 	15.3 	15.7 
A,EUR,D2-D4_MD5_RAT,M,CZ	25.8 	26.1 	26.5 	25.8 	26.4 	25.9 	26.9 	26.9 
A,EUR,D2-D4_MD5_RAT,M,DE	19 	19.6 	19.5 	19.3 	19 	20.4 	20.3 	20.1 
A,EUR,D2-D4_MD5_RAT,M,DK	10.9 	11.5 	10.4 	9.9 	10.6 	10.8 	10.7 	10.8 
A,EUR,D2-D4_MD5_RAT,M,EA19	25.4 	25.3 	24.6 	23.2 	22.9 	23.5 	23.5 	23.4 
A,EUR,D2-D4_MD5_RAT,M,EA20	25.3 	25.3 	24.6 	23.2 	22.8 	23.5 	23.5 	23.4 
A,EUR,D2-D4_MD5_RAT,M,EE	26 	26.2 	26 	24.2 	24.2 	24.4 	24.5 	24.4 
A,EUR,D2-D4_MD5_RAT,M,EL	19.3 	19.8 	22 	19.7 	18.8 	16.8 	17 	18.1 
A,EUR,D2-D4_MD5_RAT,M,ES	23.7 	24.6 	23.3 	23.9 	22.9 	23 	23.5 	23.5 
A,EUR,D2-D4_MD5_RAT,M,EU15	25.4 	23.0 	22.4 	23.3 	: 	: 	: 	: 
A,EUR,D2-D4_MD5_RAT,M,EU27_2020	25.1 	25.1 	24.5 	22.9 	22.7 	23.2 	23.1 	23 
A,EUR,D2-D4_MD5_RAT,M,EU28	25.1 	22.9 	22.3 	: 	: 	: 	: 	: 
A,EUR,D2-D4_MD5_RAT,M,FI	21.8 	21.3 	21.4 	18.8 	17.5 p	17.7 p	17.8 p	17.3 p
A,EUR,D2-D4_MD5_RAT,M,FR	32.9 	34.5 	32.8 	31 	30.7 	30.6 	30.4 	30.6 
A,EUR,D2-D4_MD5_RAT,M,HR	16.1 	14.9 	15 	12.9 	12.8 	12.7 	12.6 	12.7 
A,EUR,D2-D4_MD5_RAT,M,HU	28.4 	25.5 	25.4 	17.3 	16.2 	13.8 	13.7 	13.6 
A,EUR,D2-D4_MD5_RAT,M,IE	17.4 	13.9 	14.3 	12.3 	13.6 	17.4 	18.9 	18.6 
A,EUR,D2-D4_MD5_RAT,M,IS	16.2 p	17.9 p	17.7 p	19.3 p	19.2 p	19.5 p	19.4 p	19.5 p
A,EUR,D2-D4_MD5_RAT,M,IT	28.8 	26.9 	31.1 	26.7 	26.4 	26.4 	26.4 	26.5 
A,EUR,D2-D4_MD5_RAT,M,LT	26.1 	26.4 	26.9 	4.2 	5.2 	5.6 	5.4 	5.8 
A,EUR,D2-D4_MD5_RAT,M,LU	14.6 	13.1 	12.9 	12 	11.7 	11.7 	11.9 	11.7 
A,EUR,D2-D4_MD5_RAT,M,LV	20.3 	20.4 	20.9 	20.9 	20.4 	21.3 	21.5 	21.3 
A,EUR,D2-D4_MD5_RAT,M,ME	: 	22.1 	12.6 	: 	: 	: 	: 	: 
A,EUR,D2-D4_MD5_RAT,M,MK	: 	5.8 	1.9 	: 	: 	: 	: 	: 
A,EUR,D2-D4_MD5_RAT,M,MT	7.8 	8.1 	7.4 	3.6 	4.4 	5.9 	6.4 	6.4 
A,EUR,D2-D4_MD5_RAT,M,NL	20.5 	21.7 	21.7 	19.4 	18.8 	20.5 	20.9 	: @C
A,EUR,D2-D4_MD5_RAT,M,NO	: 	17.9 	18.5 	16.7 	16.7 	16.9 	19.1 	19.2 
A,EUR,D2-D4_MD5_RAT,M,PL	16.5 	16.4 	16 	16.6 	16.6 	16.6 	16.6 	16.6 
A,EUR,D2-D4_MD5_RAT,M,PT	: 	18.8 	21.7 	18.6 	18.9 	19 	18.3 	18.3 
A,EUR,D2-D4_MD5_RAT,M,RO	23.3 	22.5 	19.1 	4.8 	4.6 	4.5 	4.3 	4.3 
A,EUR,D2-D4_MD5_RAT,M,RS	: 	14.3 	13 	10.7 	13.7 	14.8 	15 	15.2 
A,EUR,D2-D4_MD5_RAT,M,SE	34 	33.7 	34.4 	31.3 	32.5 	32.3 	31 	31.3 
A,EUR,D2-D4_MD5_RAT,M,SI	16.8 	16 	14.8 	13.8 	14.6 	14.8 	14.6 	14.5 
A,EUR,D2-D4_MD5_RAT,M,SK	23.8 	23.9 	25 	25.9 	25.8 	27.9 	27.4 	28.2 
A,EUR,D2-D4_MD5_RAT,M,TR	: 	15.1 	15.6 	13.5 	13.7 	13.6 	15.4 	15 
A,EUR,D2-D4_MD5_RAT,M,UK	: 	16.4 	16.2 	: 	: 	: 	: 	: 
A,EUR,D2-D4_MD5_RAT,N,AL	: 	18.7 	18.4 	: 	: 	: 	: 	: 
A,EUR,D2-D4_MD5_RAT,N,AT	25.1 	26.5 	26.7 	27.7 	29 	29.3 	29.0 p	29 
A,EUR,D2-D4_MD5_RAT,N,BA	: 	7.6 	8.2 	: 	: 	: 	: 	: 
A,EUR,D2-D4_MD5_RAT,N,BE	29.6 	27.8 	28 	27.8 	27.8 	27.8 	27.7 	27.7 
A,EUR,D2-D4_MD5_RAT,N,BG	14.9 	12.9 	14.4 	13.7 	13.5 	13.3 	13.1 	13 
A,EUR,D2-D4_MD5_RAT,N,CH	: 	21.8 	19.1 	: 	: 	: 	: 	: 
A,EUR,D2-D4_MD5_RAT,N,CY	11.2 	11.9 	12.1 	15.7 	15.4 	15.8 	15.8 	16.2 
A,EUR,D2-D4_MD5_RAT,N,CZ	26.2 	26.4 	25.6 	25.6 	26.3 	26.9 	27 	27 
A,EUR,D2-D4_MD5_RAT,N,DE	20.6 	21.4 	21.4 	21.3 	21.3 	22.5 	22.7 	22.5 
A,EUR,D2-D4_MD5_RAT,N,DK	9.4 	12.1 	11.7 	11.4 	13 	13 	13.3 	13.3 
A,EUR,D2-D4_MD5_RAT,N,EA19	25.3 d	25.2 	24.5 	24.2 	24.2 	24.9 	25 	25.2 
A,EUR,D2-D4_MD5_RAT,N,EA20	25.3 d	25.2 	24.5 	24.1 	24.2 	24.8 	24.9 	25.1 
A,EUR,D2-D4_MD5_RAT,N,EE	25.9 	26.6 	26.2 	25.5 	25.4 	25.8 	26 	26.2 
A,EUR,D2-D4_MD5_RAT,N,EL	21.4 	22.5 	20.8 	22.4 	21.2 	21.5 	21.7 	22.5 
A,EUR,D2-D4_MD5_RAT,N,ES	27.8 	28.1 	26.9 	27.6 	27.2 	26.8 	27.3 	27.7 
A,EUR,D2-D4_MD5_RAT,N,EU15	21.9 d	22.4 	22.2 	24.2 	: 	: 	: 	: 
A,EUR,D2-D4_MD5_RAT,N,EU27_2020	25.0 d	24.9 	24.2 	23.6 	23.7 	24.3 	24.3 	24.4 
A,EUR,D2-D4_MD5_RAT,N,EU28	21.9 d	22.4 	22.1 	: 	: 	: 	: 	: 
A,EUR,D2-D4_MD5_RAT,N,FI	21.9 	21.3 	22 	18.2 	17.8 p	17.7 p	17.9 p	17.3 p
A,EUR,D2-D4_MD5_RAT,N,FR	31.3 	31.8 	29 	27.5 	27.2 	27.2 	27.2 	27.5 
A,EUR,D2-D4_MD5_RAT,N,HR	15.7 	14.1 	16.2 	8 	8 	8 	8.1 	8.1 
A,EUR,D2-D4_MD5_RAT,N,HU	30.1 	24.5 	26.9 	18.8 	17.4 	15 	14.3 	13.7 
A,EUR,D2-D4_MD5_RAT,N,IE	13.7 	11.5 	11.9 	8.7 	8.4 	14.3 	15.5 	17.6 
A,EUR,D2-D4_MD5_RAT,N,IS	16.1 p	19.0 p	17.7 p	20.7 p	20.1 p	20.3 p	20.2 p	20.3 p
A,EUR,D2-D4_MD5_RAT,N,IT	27.9 	26.9 	27.2 	27.9 	28 	27.9 	28.1 	28.1 
A,EUR,D2-D4_MD5_RAT,N,LT	28.6 	25.2 	29.6 	1.1 	: @C	: @C	: @C	: @C
A,EUR,D2-D4_MD5_RAT,N,LU	: 	12.3 	12.5 	14.6 	14.2 	14.1 	14.1 	14.1 
A,EUR,D2-D4_MD5_RAT,N,LV	20.9 	20.7 	20.4 	21.1 	20.4 	21.1 	20.7 	20.7 
A,EUR,D2-D4_MD5_RAT,N,ME	: 	18.0 	11.3 	: 	: 	: 	: 	: 
A,EUR,D2-D4_MD5_RAT,N,MK	: 	4.6 	1.0 	: 	: 	: 	: 	: 
A,EUR,D2-D4_MD5_RAT,N,MT	8.5 	3.9 	7.5 	-6.9 	-1.5 	4.6 	6.8 	6.7 
A,EUR,D2-D4_MD5_RAT,N,NL	21.3 	21.2 	21.6 	19.8 	21.1 	24.2 	24 	: @C
A,EUR,D2-D4_MD5_RAT,N,NO	: 	16.3 	15.3 	13.9 	13.8 	14 	15 	15.2 
A,EUR,D2-D4_MD5_RAT,N,PL	15.1 	15.7 	16.5 	16.8 	16.8 	16.8 	16.8 	16.8 
A,EUR,D2-D4_MD5_RAT,N,PT	19.9 	19.5 	21.1 	20.1 	20.6 	20.7 	21.5 	21.5 
A,EUR,D2-D4_MD5_RAT,N,RO	21.6 	22.1 	19.2 	4.8 	4.6 	4.5 	4.5 	4.5 
A,EUR,D2-D4_MD5_RAT,N,RS	: 	15.8 	15.1 	11.6 	16.3 	18.2 	18.3 	18.1 
A,EUR,D2-D4_MD5_RAT,N,SE	30.1 	28.8 	29.2 	28.1 	28.8 	28.9 	28.6 	28.8 
A,EUR,D2-D4_MD5_RAT,N,SI	14.8 	14.4 	15.1 	12.3 	13.3 	13.2 	13.2 	13 
A,EUR,D2-D4_MD5_RAT,N,SK	24.9 	25.9 	25.8 	24.8 	24.2 	27.5 	26.3 	28.1 
A,EUR,D2-D4_MD5_RAT,N,TR	: 	16.8 	17 	16.1 	16.3 	16.2 	17.4 	17.2 
A,EUR,D2-D4_MD5_RAT,N,UK	11.6 	13.8 	15.3 	: 	: 	: 	: 	: 
A,EUR,D2-D4_MD5_RAT,O-S,MT	: 	: 	1.4 d	2.1 	2.0 	2.0 	1.9 	: 
A,EUR,D2-D4_MD5_RAT,P,AL	: 	15.2 	14.9 	: 	: 	: 	: 	: 
A,EUR,D2-D4_MD5_RAT,P,AT	23 	24 	24.9 	24.2 	24.3 	24.4 	24.2 p	24.2 
A,EUR,D2-D4_MD5_RAT,P,BA	: 	7.5 	7.5 	: 	: 	: 	: 	: 
A,EUR,D2-D4_MD5_RAT,P,BE	10.6 	9.5 	13.9 	13.8 	13.8 	13.8 	13.8 	13.8 
A,EUR,D2-D4_MD5_RAT,P,BG	20.1 	18 	19.6 	20.5 	20.5 	20.7 	20 	20.2 
A,EUR,D2-D4_MD5_RAT,P,CH	: 	22.1 	22.5 	: 	: 	: 	: 	: 
A,EUR,D2-D4_MD5_RAT,P,CY	11.6 	14.4 	26.1 	27.5 	27.7 	27.2 	26.5 	26.8 
A,EUR,D2-D4_MD5_RAT,P,CZ	26.3 	26.3 	26 	25.3 	25.8 	26.3 	26.1 	26.1 
A,EUR,D2-D4_MD5_RAT,P,DE	28.6 	28.5 	28.9 	28.9 	29 	30.5 	30.6 	30.6 
A,EUR,D2-D4_MD5_RAT,P,DK	11.4 	11.8 	12.7 	12.9 	12.9 	13.1 	13.2 	13.1 
A,EUR,D2-D4_MD5_RAT,P,EA19	26.8 d	29.8 d	29.9 	29 	28.8 	29.3 	29.2 	29.1 
A,EUR,D2-D4_MD5_RAT,P,EA20	26.7 d	29.7 d	29.8 	28.9 	28.8 	29.2 	29.1 	29 
A,EUR,D2-D4_MD5_RAT,P,EE	26 	26.2 	25.6 	25.4 	25.5 	25.5 	25.4 	25.5 
A,EUR,D2-D4_MD5_RAT,P,EL	7 	14.1 	10.6 	17.2 	16.6 	15.8 	15.8 	16.1 
A,EUR,D2-D4_MD5_RAT,P,ES	25.1 	24.7 	24.8 	25.2 	25.2 	25.1 	25.5 	25.4 
A,EUR,D2-D4_MD5_RAT,P,EU15	24.2 d	27.2 	27.7 	28.9 	: 	: 	: 	: 
A,EUR,D2-D4_MD5_RAT,P,EU27_2020	26.2 	28.7 d	28.7 	27.6 	27.5 	27.8 	27.7 	27.4 
A,EUR,D2-D4_MD5_RAT,P,EU28	24.0 d	26.8 d	27.2 	: 	: 	: 	: 	: 
A,EUR,D2-D4_MD5_RAT,P,FI	19.6 	22.4 	23.6 	19.5 	17.7 p	17.6 p	17.5 p	16.9 p
A,EUR,D2-D4_MD5_RAT,P,FR	: 	42.7 	43 	42 	: @C	: @C	: @C	: @C
A,EUR,D2-D4_MD5_RAT,P,HR	13.7 	12.9 	13.1 	13.8 	13.8 	13.8 	13.8 	13.8 
A,EUR,D2-D4_MD5_RAT,P,HU	29.7 	27.2 	24.8 	19.1 	17.6 	15.2 	14.9 	14.6 
A,EUR,D2-D4_MD5_RAT,P,IE	7.7 	8.9 	16.7 	16.4 	14.8 	18.1 	18.9 	19 
A,EUR,D2-D4_MD5_RAT,P,IS	19.4 	21.5 	21.7 	21.3 	22.2 p	22.5 p	22.5 p	22.7 p
A,EUR,D2-D4_MD5_RAT,P,IT	24.3 	31 	29.3 	26.7 	26.5 	26.3 	26.1 	25.9 
A,EUR,D2-D4_MD5_RAT,P,LT	24.9 	25.3 	25.7 	3.4 	3.6 	3.6 	3.5 	3.4 
A,EUR,D2-D4_MD5_RAT,P,LU	12.7 	12.6 	7.9 	7.3 	7.2 	7.2 	7.2 	7.2 
A,EUR,D2-D4_MD5_RAT,P,LV	20.5 	19.7 	19.7 	20.4 	20.1 	20.5 	20.3 	20.6 
A,EUR,D2-D4_MD5_RAT,P,ME	: 	17.8 	10.8 	: 	: 	: 	: 	: 
A,EUR,D2-D4_MD5_RAT,P,MK	: 	0.6 	0.9 	: 	: 	: 	: 	: 
A,EUR,D2-D4_MD5_RAT,P,NL	26.5 	26.3 	25.6 	27.3 	27.7 	28.8 	28 	: @C
A,EUR,D2-D4_MD5_RAT,P,NO	: 	19.6 	20 	16.6 	16.6 	16.7 	17.1 	17 
A,EUR,D2-D4_MD5_RAT,P,PL	19.4 	20.1 	19.9 	19.4 	19.4 	19.4 	19.4 	19.4 
A,EUR,D2-D4_MD5_RAT,P,PT	14.5 	15.9 	18.9 	18.8 	18.9 	19 	19.5 	19.5 
A,EUR,D2-D4_MD5_RAT,P,RO	21.6 	22 	18.6 	3.8 	3.9 	3.9 	3.6 	3.6 
A,EUR,D2-D4_MD5_RAT,P,RS	: 	14.8 	14.9 	14.7 	15.1 	15.3 	15.2 	15.2 
A,EUR,D2-D4_MD5_RAT,P,SE	31.7 	30.4 	30.2 	30.2 	30.7 	30.5 	31.5 	30.8 
A,EUR,D2-D4_MD5_RAT,P,SI	17.4 	16.7 	15.5 	14.5 	14.5 	14.7 	14.4 	14.3 
A,EUR,D2-D4_MD5_RAT,P,SK	25.8 	26.2 	26.5 	26.6 	26.5 	26.9 	26.8 	27.3 
A,EUR,D2-D4_MD5_RAT,P,TR	: 	15.4 	15.6 	10.1 	: 	: 	: 	: 
A,EUR,D2-D4_MD5_RAT,P,UK	18.2 	20 	22.3 	: 	: 	: 	: 	: 
A,EUR,D2-D4_MD5_RAT,P-S,AL	: 	15.8 	15.3 	: 	: 	: 	: 	: 
A,EUR,D2-D4_MD5_RAT,P-S,AT	24 	24.8 	25.5 	25.2 	26.5 	27.1 	26.9 p	26.9 
A,EUR,D2-D4_MD5_RAT,P-S,BA	: 	7.9 	8.1 	: 	: 	: 	: 	: 
A,EUR,D2-D4_MD5_RAT,P-S,BE	14.7 	19.2 	14.7 	15.3 	15.3 	15.3 	15.2 	15.2 
A,EUR,D2-D4_MD5_RAT,P-S,BG	18.9 	16.8 	17.6 	17.8 	17.4 	17.6 	17.2 	17.2 
A,EUR,D2-D4_MD5_RAT,P-S,CH	: 	21.5 	21.3 	: 	: 	: 	: 	: 
A,EUR,D2-D4_MD5_RAT,P-S,CY	12.5 	14.4 	24.7 	25.7 	25.6 	25.6 	25.1 	25.3 
A,EUR,D2-D4_MD5_RAT,P-S,CZ	26.1 	26.2 	26.1 	25.6 	25.7 	27 	26.7 	26.7 
A,EUR,D2-D4_MD5_RAT,P-S,DE	24 	24.4 	24.8 	24.7 	24.8 	26.2 	26.3 	26 
A,EUR,D2-D4_MD5_RAT,P-S,DK	11 	12.5 	12.7 	13 	13.1 	13.2 	13.3 	13.2 
A,EUR,D2-D4_MD5_RAT,P-S,EA19	24.7 d	27.2 	27.1 	26.4 	26.5 	27.3 	27.3 	27.2 
A,EUR,D2-D4_MD5_RAT,P-S,EA20	24.6 d	27.1 	27 	26.4 	26.5 	27.3 	27.3 	27.2 
A,EUR,D2-D4_MD5_RAT,P-S,EE	25.9 	26.1 	25.5 	25.2 	25.4 	25.5 	25.3 	25.4 
A,EUR,D2-D4_MD5_RAT,P-S,EL	8.8 	15 	10.9 	17.1 	16.9 	16.1 	16.2 	16.4 
A,EUR,D2-D4_MD5_RAT,P-S,ES	23.7 	23.5 	23.2 	24.7 	24.7 	24.7 	24.9 	24.9 
A,EUR,D2-D4_MD5_RAT,P-S,EU15	22.7 d	25.0 	25.3 	26.4 	: 	: 	: 	: 
A,EUR,D2-D4_MD5_RAT,P-S,EU27_2020	24.5 	26.6 	26.5 	25.7 	25.8 	26.4 	26.4 	26.2 
A,EUR,D2-D4_MD5_RAT,P-S,EU28	22.6 d	24.8 	25.1 	: 	: 	: 	: 	: 
A,EUR,D2-D4_MD5_RAT,P-S,FI	23.6 	24.2 	24.6 	21.3 	17.7 p	17.7 p	17.8 p	17.2 p
A,EUR,D2-D4_MD5_RAT,P-S,FR	35.6 d	37.7 	37.3 	36.7 	36.7 	36.8 	37 	37.2 
A,EUR,D2-D4_MD5_RAT,P-S,HR	14.4 	13.5 	13.8 	13.6 	13.6 	13.6 	13.6 	13.6 
A,EUR,D2-D4_MD5_RAT,P-S,HU	29.5 	26.3 	24.9 	18.4 	16.9 	14.7 	14.5 	14.4 
A,EUR,D2-D4_MD5_RAT,P-S,IE	9.3 	9.3 	16.4 	15.7 	13.6 	19.4 	20.5 	20.8 
A,EUR,D2-D4_MD5_RAT,P-S,IS	20.5 d	22.2 d	22.0 d	21.8 d	22.2 p	22.4 p	22.5 p	22.6 p
A,EUR,D2-D4_MD5_RAT,P-S,IT	23.8 	28.2 	27.7 	27.1 	26.9 	26.8 	26.7 	26.5 
A,EUR,D2-D4_MD5_RAT,P-S,LT	24.8 	25 	25.4 	2.6 	3.5 	3.6 	3.6 	3.5 
A,EUR,D2-D4_MD5_RAT,P-S,LU	13.2 	12 	8.3 	7.3 	7.2 	7.2 	7.2 	7.2 
A,EUR,D2-D4_MD5_RAT,P-S,LV	20.3 	19.9 	19.9 	20.6 	20.1 	20.6 	20.5 	20.5 
A,EUR,D2-D4_MD5_RAT,P-S,ME	: 	19.5 	11.2 	: 	: 	: 	: 	: 
A,EUR,D2-D4_MD5_RAT,P-S,MK	: 	1.7 	1.4 	: 	: 	: 	: 	: 
A,EUR,D2-D4_MD5_RAT,P-S,MT	5.1 	3.4 	1.4 	2.2 	2.4 	3.4 	3.7 	3.2 
A,EUR,D2-D4_MD5_RAT,P-S,NL	24.7 	25.1 	25.4 	23.8 	25.2 	27.7 	27 	26.9 
A,EUR,D2-D4_MD5_RAT,P-S,NO	: 	19 	21.2 	20 	20 	20.1 	20.8 	20.7 
A,EUR,D2-D4_MD5_RAT,P-S,PL	18.4 	19 	18.9 	18.3 	18.4 	18.4 	18.4 	18.4 
A,EUR,D2-D4_MD5_RAT,P-S,PT	15.8 	16.4 	18.9 	18.6 	18.7 	18.8 	19.3 	19.2 
A,EUR,D2-D4_MD5_RAT,P-S,RO	21.8 	22 	18.8 	5 	4.8 	4.7 	4.3 	4.3 
A,EUR,D2-D4_MD5_RAT,P-S,RS	: 	15.2 	15.6 	14.9 	15.9 	16.2 	16.2 	16.2 
A,EUR,D2-D4_MD5_RAT,P-S,SE	32.4 	31.3 	31.1 	30.8 	31.3 	31.2 	32.5 	31.4 
A,EUR,D2-D4_MD5_RAT,P-S,SI	17.6 	16.1 	15.6 	13.8 	14 	14.1 	13.8 	13.8 
A,EUR,D2-D4_MD5_RAT,P-S,SK	25.4 	26 	26.2 	26.1 	25.9 	26.7 	26.7 	27.3 
A,EUR,D2-D4_MD5_RAT,P-S,TR	: 	14.5 	15.2 	10 	: 	: 	: 	: 
A,EUR,D2-D4_MD5_RAT,P-S,UK	16.9 d	18.1 	20 	: 	: 	: 	: 	: 
A,EUR,D2-D4_MD5_RAT,Q,AL	: 	17.1 	16.3 	: 	: 	: 	: 	: 
A,EUR,D2-D4_MD5_RAT,Q,AT	24.2 	24.9 	25.8 	25.4 	26.8 	26.8 	26.7 p	26.7 
A,EUR,D2-D4_MD5_RAT,Q,BA	: 	8.3 	8.8 	: 	: 	: 	: 	: 
A,EUR,D2-D4_MD5_RAT,Q,BE	17.1 	22.4 	14.1 	15.7 	15.7 	15.7 	15.6 	15.6 
A,EUR,D2-D4_MD5_RAT,Q,BG	17.9 	15.9 	15.8 	15.6 	15 	15 	14.6 	14.5 
A,EUR,D2-D4_MD5_RAT,Q,CH	: 	21.3 	20.9 	: 	: 	: 	: 	: 
A,EUR,D2-D4_MD5_RAT,Q,CY	14.8 	14.6 	24.4 	23.9 	23.6 	23.3 	23 	23.3 
A,EUR,D2-D4_MD5_RAT,Q,CZ	26 	26.4 	26.3 	26.1 	25.6 	26.9 	26.5 	26.5 
A,EUR,D2-D4_MD5_RAT,Q,DE	21.1 	22.1 	22.4 	22.6 	22.8 	24.2 	24.3 	24 
A,EUR,D2-D4_MD5_RAT,Q,DK	10.4 	12.8 	12.5 	12.8 	12.8 	12.9 	13 	13 
A,EUR,D2-D4_MD5_RAT,Q,EA19	25.1 	25.8 d	25.6 	25.2 	25.6 	26.4 	26.4 	26.2 
A,EUR,D2-D4_MD5_RAT,Q,EA20	25.1 	25.7 d	25.5 	25.2 	25.6 	26.4 	26.4 	26.2 
A,EUR,D2-D4_MD5_RAT,Q,EE	25.8 	26.2 	25.4 	25.8 	26.1 	26 	25.9 	25.9 
A,EUR,D2-D4_MD5_RAT,Q,EL	9.1 	14.4 	8.8 	16.4 	16.1 	15.8 	15.5 	15.5 
A,EUR,D2-D4_MD5_RAT,Q,ES	22.5 	22.5 	22.2 	24.3 	24.4 	24.4 	24.6 	24.7 
A,EUR,D2-D4_MD5_RAT,Q,EU15	23.3 	23.9 	24.1 	25.3 	: 	: 	: 	: 
A,EUR,D2-D4_MD5_RAT,Q,EU27_2020	24.9 	25.5 d	25.3 	24.8 	25 	25.7 	25.8 	25.6 
A,EUR,D2-D4_MD5_RAT,Q,EU28	23.2 	23.8 d	24.0 	: 	: 	: 	: 	: 
A,EUR,D2-D4_MD5_RAT,Q,FI	25.7 	25.3 	25.3 	22.3 	17.7 p	17.7 p	18.0 p	17.4 p
A,EUR,D2-D4_MD5_RAT,Q,FR	35.9 	35.1 	34.4 	34.1 	: @C	: @C	: @C	: @C
A,EUR,D2-D4_MD5_RAT,Q,HR	15 	14 	14.7 	13.8 	13.8 	13.8 	13.7 	13.7 
A,EUR,D2-D4_MD5_RAT,Q,HU	29 	25.1 	24.7 	17.9 	16.4 	14.2 	14.1 	14.2 
A,EUR,D2-D4_MD5_RAT,Q,IE	10 	9.3 	16.9 	16.4 	14.8 	18.5 	19.2 	19.5 
A,EUR,D2-D4_MD5_RAT,Q,IS	21.6 	22.8 	22.5 	22.4 	22.6 p	22.8 p	22.9 p	23.1 p
A,EUR,D2-D4_MD5_RAT,Q,IT	22.9 	26.3 	26.6 	27.7 	27.6 	27.6 	27.5 	27.4 
A,EUR,D2-D4_MD5_RAT,Q,LT	24.6 	24.8 	25.2 	2.2 	3.2 	3.2 	3.4 	3.4 
A,EUR,D2-D4_MD5_RAT,Q,LU	13.2 	11.9 	7.9 	9.5 	9.4 	9.4 	9.4 	9.4 
A,EUR,D2-D4_MD5_RAT,Q,LV	20.4 	19.9 	20.1 	20.8 	20.4 	20.8 	20.5 	20.4 
A,EUR,D2-D4_MD5_RAT,Q,ME	: 	22.4 	11.2 	: 	: 	: 	: 	: 
A,EUR,D2-D4_MD5_RAT,Q,MK	: 	1.8 	2.0 	: 	: 	: 	: 	: 
A,EUR,D2-D4_MD5_RAT,Q,MT	9 	: 	6.2 	11.6 	11 	10.7 	10.2 	9.9 
A,EUR,D2-D4_MD5_RAT,Q,NL	24 	24.6 	25.5 	22.7 	24.5 	26.7 	26 	: @C
A,EUR,D2-D4_MD5_RAT,Q,NO	: 	19.1 	21.8 	21.9 	21.9 	21.9 	22.9 	22.8 
A,EUR,D2-D4_MD5_RAT,Q,PL	17.4 	17.6 	17.4 	16.7 	16.7 	16.7 	16.7 	16.7 
A,EUR,D2-D4_MD5_RAT,Q,PT	16.8 	16.6 	18.7 	18.4 	18.6 	18.6 	18.8 	18.8 
A,EUR,D2-D4_MD5_RAT,Q,RO	22.1 	22.1 	18.9 	6.1 	5.6 	5.3 	5.1 	5.1 
A,EUR,D2-D4_MD5_RAT,Q,RS	: 	15.4 	16.5 	15.7 	16.2 	16.3 	16.3 	16.2 
A,EUR,D2-D4_MD5_RAT,Q,SE	32.9 	32.1 	31.6 	31.4 	31.8 	31.8 	33.6 	32 
A,EUR,D2-D4_MD5_RAT,Q,SI	18.1 	16.2 	15.7 	14 	14.3 	14.3 	14.1 	14 
A,EUR,D2-D4_MD5_RAT,Q,SK	25.4 	26 	26 	26 	25.8 	26.3 	26.3 	26.9 
A,EUR,D2-D4_MD5_RAT,Q,TR	: 	13.6 	14.2 	9.6 	: 	: 	: 	: 
A,EUR,D2-D4_MD5_RAT,Q,UK	16 	17 	18.8 	: 	: 	: 	: 	: 
A,EUR,D2-D4_MD5_RAT,R,AL	: 	15.4 	15.0 	: 	: 	: 	: 	: 
A,EUR,D2-D4_MD5_RAT,R,AT	24.9 	24.7 	25.1 	25.7 	30.2 	35.2 	34.6 p	34.2 
A,EUR,D2-D4_MD5_RAT,R,BA	: 	7.3 	7.4 	: 	: 	: 	: 	: 
A,EUR,D2-D4_MD5_RAT,R,BE	23.6 	28.5 	20.6 	22 	22 	22 	21.9 	21.9 
A,EUR,D2-D4_MD5_RAT,R,BG	17 	14.3 	15 	11.6 	11.1 	11.3 	11.1 	11 
A,EUR,D2-D4_MD5_RAT,R,CH	: 	19.9 	19.5 	: 	: 	: 	: 	: 
A,EUR,D2-D4_MD5_RAT,R,CY	15.8 	14.2 	13.8 	17.9 	15.4 	19.1 	19 	19.5 
A,EUR,D2-D4_MD5_RAT,R,CZ	25.7 	25.7 	26.3 	24.3 	26.3 	32.1 	32 	31.9 
A,EUR,D2-D4_MD5_RAT,R,DE	20.5 	21.3 	20.3 	20.5 	20.3 	21.7 	21.9 	21.5 
A,EUR,D2-D4_MD5_RAT,R,DK	10.5 	11.5 	11.9 	13.1 	11.3 	12 	11.9 	11.7 
A,EUR,D2-D4_MD5_RAT,R,EA19	25.8 d	24.8 	24 	22.4 	21.9 	24.8 	25.2 	25 
A,EUR,D2-D4_MD5_RAT,R,EA20	25.7 d	24.7 	23.9 	22.3 	21.9 	24.8 	25.1 	24.9 
A,EUR,D2-D4_MD5_RAT,R,EE	26 	26.3 	26.1 	24 	23.9 	24.5 	24.4 	24.4 
A,EUR,D2-D4_MD5_RAT,R,EL	21.1 	23.7 	20.1 	19.7 	19.3 	18.7 	17.8 	17.7 
A,EUR,D2-D4_MD5_RAT,R,ES	26.2 	26.8 	22.8 	24.5 	22.9 	23.9 	24.6 	24.2 
A,EUR,D2-D4_MD5_RAT,R,EU15	25.7 d	21.7 	21.4 	22.7 	: 	: 	: 	: 
A,EUR,D2-D4_MD5_RAT,R,EU27_2020	25.2 d	24.3 	23.8 	21.8 	21.4 	23.9 	24.2 	24 
A,EUR,D2-D4_MD5_RAT,R,EU28	25.2 d	21.7 	21.4 	: 	: 	: 	: 	: 
A,EUR,D2-D4_MD5_RAT,R,FI	23.9 	23.4 	24.2 	20.2 	17.5 p	17.5 p	17.6 p	16.9 p
A,EUR,D2-D4_MD5_RAT,R,FR	33.6 	32.4 	31.3 	30.8 	32 	36 	37 	37.4 
A,EUR,D2-D4_MD5_RAT,R,HR	14.3 	14.7 	13.2 	12.2 	12.3 	12.3 	12.3 	12.3 
A,EUR,D2-D4_MD5_RAT,R,HU	30.2 	26.9 	27.7 	17.1 	15.4 	14.5 	14.3 	14.1 
A,EUR,D2-D4_MD5_RAT,R,IE	11.1 	10.9 	11.4 	1.2 	: @C	: @C	: @C	: @C
A,EUR,D2-D4_MD5_RAT,R,IS	20.1 	21.9 	21 	20.9 	20.8 p	21.1 p	21.1 p	21.2 p
A,EUR,D2-D4_MD5_RAT,R,IT	28 	20.3 	24.5 	23.9 	21.3 	21.8 	21.6 	21.4 
A,EUR,D2-D4_MD5_RAT,R,LT	24.8 	24.8 	25.7 	1.1 	: @C	: @C	: @C	: @C
A,EUR,D2-D4_MD5_RAT,R,LU	13.2 	12.7 	11.7 	9.9 	9.5 	9.1 	9.1 	9.1 
A,EUR,D2-D4_MD5_RAT,R,LV	20.5 	19.9 	20 	20.6 	18.4 	19.9 	20.5 	20.2 
A,EUR,D2-D4_MD5_RAT,R,ME	: 	18.9 	11.8 	: 	: 	: 	: 	: 
A,EUR,D2-D4_MD5_RAT,R,MK	: 	5.1 	1.4 	: 	: 	: 	: 	: 
A,EUR,D2-D4_MD5_RAT,R,MT	9.6 	8.4 	6.7 	2.3 	2.8 	4.9 	5.7 	5.8 
A,EUR,D2-D4_MD5_RAT,R,NL	22 	22.6 	23.7 	14.8 	15.6 	48.2 	49.6 	: @C
A,EUR,D2-D4_MD5_RAT,R,NO	: 	15.9 	17.1 	17.7 	17.6 	17.8 	18.7 	18.4 
A,EUR,D2-D4_MD5_RAT,R,PL	18.2 	17.6 	18.2 	18 	18 	18 	18 	18 
A,EUR,D2-D4_MD5_RAT,R,PT	: 	18.6 	20.3 	18.7 	19 	20.1 	23 	22.9 
A,EUR,D2-D4_MD5_RAT,R,RO	22.1 	22.3 	19.1 	5.1 	5.4 	4.9 	4.7 	4.7 
A,EUR,D2-D4_MD5_RAT,R,RS	: 	15.1 	14.7 	11 	13.7 	14.8 	14.8 	14.8 
A,EUR,D2-D4_MD5_RAT,R,SE	30.3 	29.3 	30.7 	27.9 	28.5 	28.6 	28.9 	28.8 
A,EUR,D2-D4_MD5_RAT,R,SI	17.7 	14.1 	14.8 	9 	9.2 	9.1 	9 	8.9 
A,EUR,D2-D4_MD5_RAT,R,SK	24.6 	25.9 	25.5 	23.9 	24.5 	28.5 	28.5 	29.7 
A,EUR,D2-D4_MD5_RAT,R,TR	: 	15.3 	15.9 	7.5 	: 	: 	: 	: 
A,EUR,D2-D4_MD5_RAT,R,UK	: 	16 	16.4 	: 	: 	: 	: 	: 
A,EUR,D2-D4_MD5_RAT,S,AL	: 	16.9 	14.7 	: 	: 	: 	: 	: 
A,EUR,D2-D4_MD5_RAT,S,AT	25.5 	26.6 	25.6 	26 	27.4 	27.6 	27.7 p	27.5 
A,EUR,D2-D4_MD5_RAT,S,BA	: 	9.7 	8.8 	: 	: 	: 	: 	: 
A,EUR,D2-D4_MD5_RAT,S,BE	20.4 	31.4 	21.2 	20.1 	20.1 	20.1 	19.9 	19.9 
A,EUR,D2-D4_MD5_RAT,S,BG	14.8 	13.8 	15.1 	13.8 	14 	13.3 	13.7 	13.2 
A,EUR,D2-D4_MD5_RAT,S,CH	: 	20.6 	20.6 	: 	: 	: 	: 	: 
A,EUR,D2-D4_MD5_RAT,S,CY	10.9 	14.5 	18.6 	14.5 	14.6 	16.7 	16.7 	17.1 
A,EUR,D2-D4_MD5_RAT,S,CZ	25.5 	23.5 	24.8 	24 	24.4 	28 	27.5 	27.5 
A,EUR,D2-D4_MD5_RAT,S,DE	21.5 	22.4 	22.6 	22.1 	21.9 	23.4 	23.6 	23.4 
A,EUR,D2-D4_MD5_RAT,S,DK	14.3 	14.7 	14.9 	16.3 	17.1 	17.4 	17.3 	17.2 
A,EUR,D2-D4_MD5_RAT,S,EA19	25.9 	26.0 d	25.2 d	24.3 	23.9 	25.1 	25.3 	25.2 
A,EUR,D2-D4_MD5_RAT,S,EA20	25.9 	26.0 d	25.1 d	24.3 	23.9 	25.1 	25.2 	25.2 
A,EUR,D2-D4_MD5_RAT,S,EE	22.9 	21.3 	22.6 	18.5 	19.4 	19.1 	18.6 	18.9 
A,EUR,D2-D4_MD5_RAT,S,EL	20.3 	21.6 	25.6 	19.2 	18.6 	18.6 	18.5 	18.9 
A,EUR,D2-D4_MD5_RAT,S,ES	26.1 	25.9 	26.1 	26.5 	25.9 	25.3 	25.8 	25.9 
A,EUR,D2-D4_MD5_RAT,S,EU15	23.9 	24.2 	23.8 d	24.3 	: 	: 	: 	: 
A,EUR,D2-D4_MD5_RAT,S,EU27_2020	25.5 	25.8 d	25.1 d	24 	23.8 	24.8 	24.9 	24.9 
A,EUR,D2-D4_MD5_RAT,S,EU28	23.8 	24.1 d	23.7 d	: 	: 	: 	: 	: 
A,EUR,D2-D4_MD5_RAT,S,FI	22.8 	21 	22.2 	19.3 	17.5 p	17.8 p	17.7 p	17.1 p
A,EUR,D2-D4_MD5_RAT,S,FR	: @C	: @C	: @C	: @C	: @C	: @C	: @C	: @C
A,EUR,D2-D4_MD5_RAT,S,HR	15.9 	13.7 	15.7 	11.5 	11.5 	11.6 	11.6 	11.6 
A,EUR,D2-D4_MD5_RAT,S,HU	29.7 	23.7 	24.4 	17.5 	16.2 	14.5 	14.5 	14.4 
A,EUR,D2-D4_MD5_RAT,S,IE	12.9 	12.4 	12.9 	4.1 	: @C	: @C	: @C	: @C
A,EUR,D2-D4_MD5_RAT,S,IS	18.1 p	20.6 p	19.8 p	19.7 p	19.8 p	20.0 p	19.9 p	20.0 p
A,EUR,D2-D4_MD5_RAT,S,IT	28.4 	26.7 	26.3 	28.3 	28.1 	28.6 	28.7 	28.7 
A,EUR,D2-D4_MD5_RAT,S,LT	25.4 	25.2 	26.5 	: @C	: @C	: @C	: @C	: @C
A,EUR,D2-D4_MD5_RAT,S,LU	13.1 	12.2 	11.8 	9.6 	9.3 	9.3 	9.4 	9.4 
A,EUR,D2-D4_MD5_RAT,S,LV	19.9 	18.8 	19.2 	20.1 	18.4 	20.7 	20.4 	21.5 
A,EUR,D2-D4_MD5_RAT,S,ME	: 	18.0 	11.2 	: 	: 	: 	: 	: 
A,EUR,D2-D4_MD5_RAT,S,MK	: 	7.4 	1.0 	: 	: 	: 	: 	: 
A,EUR,D2-D4_MD5_RAT,S,MT	8.6 	: 	6.6 	-25.2 	-21.2 	1.2 	6.3 	6.3 
A,EUR,D2-D4_MD5_RAT,S,NL	22.7 	24.9 	24.6 	22.4 	23.9 	27.3 	27.1 	: @C
A,EUR,D2-D4_MD5_RAT,S,NO	: 	18.2 	20.8 	18.1 	18 	17.9 	17.5 	19 
A,EUR,D2-D4_MD5_RAT,S,PL	12 	16.2 	17.4 	15.9 	15.9 	15.9 	15.9 	15.9 
A,EUR,D2-D4_MD5_RAT,S,PT	20.8 	17.9 	20 	18.7 	19 	19.5 	18.9 	19 
A,EUR,D2-D4_MD5_RAT,S,RO	22 	22.1 	19.9 	4.8 	4.8 	4.4 	4.2 	4.2 
A,EUR,D2-D4_MD5_RAT,S,RS	: 	17.2 	14.6 	13.3 	25.5 	29.9 	30.2 	30.7 
A,EUR,D2-D4_MD5_RAT,S,SE	32.9 	31 	32.1 	29.6 	30.9 	30.7 	29.8 	30 
A,EUR,D2-D4_MD5_RAT,S,SI	16.1 	13.6 	15.9 	14.5 	15.7 	15.7 	15.4 	15.4 
A,EUR,D2-D4_MD5_RAT,S,SK	24.6 	25.6 	25.5 	24.8 	21.8 	28.5 	29.2 	31 
A,EUR,D2-D4_MD5_RAT,S,TR	: 	17.3 	17.9 	13.7 	: 	: 	: 	: 
A,EUR,D2-D4_MD5_RAT,S,UK	15.4 	17.3 	17.9 	: 	: 	: 	: 	: 
A,NAC,D11,B,AL	: 	295.9 	370.7 	: 	: 	: 	: 	: 
A,NAC,D11,B,AT	22.2 	26.9 	28.1 	28.4 	28.8 	29.2 	31.7 p	34.3 
A,NAC,D11,B,BA	: 	12.3 	13.1 	: 	: 	: 	: 	: 
A,NAC,D11,B,BE	: 	30.3 	29.5 	31.3 	31.7 	34 	36.7 	37.6 
A,NAC,D11,B,BG	6.4 	9.7 	11.2 	15.9 	17.1 	20.2 	22.4 	23.9 
A,NAC,D11,B,CH	: 	44.1 	46.7 	: 	: 	: 	: 	: 
A,NAC,D11,B,CY	14.7 	13.9 	12.4 	13.6 	14.9 	15 	16.4 	17.1 
A,NAC,D11,B,CZ	217.6 	241.6 	237.3 	297.4 	301.4 	326 	358.6 	372.6 
A,NAC,D11,B,DE	25.1 	27 	30.4 	31.7 	32.2 	35.1 	37.6 	39.3 
A,NAC,D11,B,DK	251.5 	341.6 	333.2 	431.4 	: @C	: @C	: @C	: @C
A,NAC,D11,B,EA19	20.6 	24.3 	26.3 	27.6 	27.7 	28.6 	30 	31.2 
A,NAC,D11,B,EA20	20.6 	24 	26 	27.2 d	27.2 	28.2 	29.5 	30.7 
A,NAC,D11,B,EE	6.9 	: 	9.5 	11.3 	12.1 	13.1 	14.3 	15.2 
A,NAC,D11,B,EL	13.7 	14.6 	15.0 	11.5 	11.3 	10.7 	10.8 	13 
A,NAC,D11,B,ES	16.7 	22.6 	23.6 	25.1 	25.4 	23.4 	23.8 	24.8 
A,NAC,D11,B,FI	22.9 	28.2 	25.4 	32.7 	32.0 p	32.5 p	34.0 p	34.9 p
A,NAC,D11,B,FR	22.1 	21.9 	23.3 	26.5 	26.9 	27.6 	28.4 	29.6 
A,NAC,D11,B,HR	10 	9.6 	10.9 	10.8 	10.4 	10.4 	11.9 	13.1 
A,NAC,D11,B,HU	1579.8 	1981.7 	2107.2 	3054.9 	3181.8 	3734.2 	4416.6 	5165.6 
A,NAC,D11,B,IE	24.4 	27.1 	27 	27.9 	29 	33.2 	34.9 	34.9 
A,NAC,D11,B,IS	: @C	: @C	: @C	: @C	: @C	: @C	: @C	: @C
A,NAC,D11,B,IT	23.9 	30.3 	30.6 	32 	31.3 	32.2 	32.4 	31.6 
A,NAC,D11,B,LT	5.5 	5.2 	6.3 	10.6 	11.4 	12.2 	14.3 	15.5 
A,NAC,D11,B,LU	: 	23.8 	26.4 	31 	30.5 	32.2 	33.8 	35 
A,NAC,D11,B,LV	4.9 	4.9 	6.8 	8.8 	8.5 	9.5 	10.8 	12.2 
A,NAC,D11,B,ME	: 	5.5 	6.6 	: 	: 	: 	: 	: 
A,NAC,D11,B,MK	: 	234.0 	284.5 	: 	: 	: 	: 	: 
A,NAC,D11,B,MT	: 	: 	6.8 	10.1 	9.8 	9.7 	10.1 	9.6 
A,NAC,D11,B,NL	45.2 	46.5 	48.9 	50.3 	47.4 	47.3 	50.8 	: @C
A,NAC,D11,B,NO	: 	593.8 	656.4 	723.5 	733.6 	773.2 	801.8 	828 
A,NAC,D11,B,PL	36.6 	46.5 	47.1 	61.7 	65 	79.4 	92.8 	99.5 
A,NAC,D11,B,PT	9.1 	10.6 	11.6 	12.9 	13.9 	14.5 	15.4 	16.8 
A,NAC,D11,B,RO	22.1 	28.8 	36.8 	56.7 	59.7 	66.8 	76.8 	84.7 
A,NAC,D11,B,RS	: 	717.6 	824.3 	1217.3 	1294.2 	1342 	1503.5 	1657.1 
A,NAC,D11,B,SE	230.3 	278 	288 	326.7 	342.1 	345.2 	372.6 	384.7 
A,NAC,D11,B,SI	15.5 	16.3 	18.6 	21.8 	23.1 	24.3 	27.1 	29.3 
A,NAC,D11,B,SK	0.2 	7.2 	8.9 	10.2 	10.9 	12.3 	12.3 	14.4 
A,NAC,D11,B,TR	: 	15.2 	23.6 	34.3 	41.7 	73.6 	148.7 	292 
A,NAC,D11,B,UK	24.1 	26.3 	29.6 	: 	: 	: 	: 	: 
A,NAC,D11,B-E,AL	: 	205.3 	241.7 	: 	: 	: 	: 	: 
A,NAC,D11,B-E,AT	21.7 	24.2 	26.6 	29.8 	30.1 	32 	34.3 p	36.6 
A,NAC,D11,B-E,BA	: 	8.8 	8.9 	: 	: 	: 	: 	: 
A,NAC,D11,B-E,BE	24.6 	29.1 	30.1 	31.9 	32.3 	34.5 	37.2 	38.4 
A,NAC,D11,B-E,BG	4 	5.3 	6.8 	9.9 	10.6 	12.5 	14.5 	16.3 
A,NAC,D11,B-E,CH	: 	47.9 	47.9 	: 	: 	: 	: 	: 
A,NAC,D11,B-E,CY	11.7 	12.6 	10.8 	11.2 	11.3 	11.7 	12.3 	12.9 
A,NAC,D11,B-E,CZ	162.7 	181.6 	203.2 	277.9 	282.8 	296.3 	321.6 	341.6 
A,NAC,D11,B-E,DE	25.3 	27.4 	30 	32.6 	32.7 	33.9 	35.7 	37.3 
A,NAC,D11,B-E,DK	226.7 	264 	284.5 	311.3 	321.3 	331.3 	341.2 	353.5 
A,NAC,D11,B-E,EA19	19.8 	22.6 	23.9 	26.1 	26.2 	27.2 	28.6 	29.9 
A,NAC,D11,B-E,EA20	19.8 	22.4 	23.7 	25.9 	26 	27 	28.4 	29.7 
A,NAC,D11,B-E,EE	5.4 	6.3 	7.8 	9.9 	10.4 	11.8 	12.6 	13.7 
A,NAC,D11,B-E,EL	13.3 	12.4 	12.4 	11.1 	11.1 	11.7 	12 	12.7 
A,NAC,D11,B-E,ES	15.2 	16.9 	17.2 	18.1 	17.9 	18.5 	19.4 	20.2 
A,NAC,D11,B-E,FI	23 	27.5 	29 	30.3 	31.9 p	32.9 p	33.9 p	34.8 p
A,NAC,D11,B-E,FR	22.1 	24 	25.1 	28.6 	28.8 	29.9 	31.2 	32.1 
A,NAC,D11,B-E,HR	7 	7.1 	7.4 	10.4 	10.7 	11.6 	13.1 	14.8 
A,NAC,D11,B-E,HU	1371.4 	1709.9 	1992.1 	3028.6 	3259 	3737.8 	4463 	5003 
A,NAC,D11,B-E,IE	24.2 	26.2 	26.1 	28.8 	29.9 	31 	32.7 	34.5 
A,NAC,D11,B-E,IS	2389.6 d	3059.1 d	4023.0 d	4966.0 d	5370.0 p	5803.0 p	6334.0 p	6781.0 p
A,NAC,D11,B-E,IT	17.1 	19.5 	19.7 	20.8 	20.4 	21 	21.8 	22.7 
A,NAC,D11,B-E,LT	4.1 	4.2 	5.4 	9.8 	10.7 	12.1 	13.4 	14.7 
A,NAC,D11,B-E,LU	25.8 	27.5 	29.2 	35.6 	36 	37.7 	40.1 	41.1 
A,NAC,D11,B-E,LV	4.3 	4.6 	6 	8.1 	8.3 	9.1 	10.2 	11.3 
A,NAC,D11,B-E,ME	: 	5.6 	5.4 	: 	: 	: 	: 	: 
A,NAC,D11,B-E,MK	: 	165.3 	191.5 	: 	: 	: 	: 	: 
A,NAC,D11,B-E,MT	11.2 	10.5 	12.1 	13.8 	14.1 	15.3 	16.3 	17.3 
A,NAC,D11,B-E,NL	23.6 	25.8 	28.5 	31.7 	31.8 	32.8 	34.8 	36.4 
A,NAC,D11,B-E,NO	: 	403.2 	415.8 	486.5 	498.2 	511.2 	538.1 	566.7 
A,NAC,D11,B-E,PL	21.4 	26 	29.7 	38.5 	41.5 	46.4 	52 	57.8 
A,NAC,D11,B-E,PT	8.1 	8.8 	8.8 	10.6 	10.8 	11.4 	12 	12.9 
A,NAC,D11,B-E,RO	10.8 	14.3 	18.4 	33.5 	35.5 	40.4 	47.4 	53.2 
A,NAC,D11,B-E,RS	: 	472.4 	499.2 	684.1 	724.7 	819.9 	936.8 	1071.7 
A,NAC,D11,B-E,SE	220.3 	245 	269.2 	302.3 	313 	320.9 	336.3 	350.6 
A,NAC,D11,B-E,SI	10.6 	12.6 	14 	17.9 	18.8 	20.3 	22.5 	24 
A,NAC,D11,B-E,SK	0.2 	6.8 	7.8 	10.2 	10.7 	11.4 	12.4 	13.2 
A,NAC,D11,B-E,TR	: 	10.8 	17.3 	27 	32.4 	56.1 	115.7 	228.1 
A,NAC,D11,B-E,UK	: 	: 	18.7 	: 	: 	: 	: 	: 
A,NAC,D11,B-F,MT	10.4 	9.9 	11.5 	13.1 	13.4 	14.2 	15.0 	: 
A,NAC,D11,B-N,AL	: 	229.6 	280.4 	: 	: 	: 	: 	: 
A,NAC,D11,B-N,AT	19.5 	22 	24 	26.8 	26.9 	28.2 	29.9 p	32.2 
A,NAC,D11,B-N,BA	: 	8.9 	8.8 	: 	: 	: 	: 	: 
A,NAC,D11,B-N,BE	24.3 	27.7 	28 	29.6 	30 	31.8 	34.5 	35.4 
A,NAC,D11,B-N,BG	4.1 	5.7 	7.4 	11 	11.9 	13.8 	15.8 	18 
A,NAC,D11,B-N,CH	: 	48.7 	48.6 	: 	: 	: 	: 	: 
A,NAC,D11,B-N,CY	12.8 	13.8 	11.8 	13.1 	13.2 	14.3 	15.1 	15.8 
A,NAC,D11,B-N,CZ	170.1 	186.5 	205.6 	280.2 	288.4 	299.8 	325.6 	346.4 
A,NAC,D11,B-N,DE	22.3 	24.2 	26 	29.1 	29.5 	31.1 	32.6 	34.2 
A,NAC,D11,B-N,DK	232.1 	263.8 	276.6 	302.3 	310.3 	317.3 	326.5 	337 
A,NAC,D11,B-N,EA19	18.6 	20.9 	21.9 	24.3 	24.5 	25.6 	26.9 	28.1 
A,NAC,D11,B-N,EA20	18.6 	20.7 	21.7 	24.1 	24.4 	25.4 	26.7 	27.9 
A,NAC,D11,B-N,EE	5.9 	6.5 	8.1 	10.6 	11.2 	12.3 	13.6 	14.5 
A,NAC,D11,B-N,EL	12.6 	12 	11.8 	11 	11.1 	12.1 	13 	13.9 
A,NAC,D11,B-N,ES	13.9 	15.4 	15.4 	16.4 	16.5 	16.8 	17.6 	18.4 
A,NAC,D11,B-N,FI	21.4 	25.1 	26.8 	28.4 	30.0 p	30.5 p	31.6 p	32.4 p
A,NAC,D11,B-N,FR	21.4 	23.1 	24.1 	27.2 	27.5 	28.6 	29.7 	30.5 
A,NAC,D11,B-N,HR	7.3 	7.9 	8 	10 	10.3 	11.2 	12.8 	14.3 
A,NAC,D11,B-N,HU	1410 	1736.6 	1978.9 	2981.9 	3197.9 	3695.3 	4347.2 	4888 
A,NAC,D11,B-N,IE	22.9 	23.7 	24.5 	28.1 	29.4 	30.5 	32 	33.9 
A,NAC,D11,B-N,IS	2784.2 d	3148.2 d	3966.0 p	4878.0 p	5269.0 p	5583.0 p	6036.0 p	6452.0 p
A,NAC,D11,B-N,IT	17.5 	19.1 	19.2 	20.2 	20 	20.5 	21 	21.7 
A,NAC,D11,B-N,LT	4.3 	4.2 	5.4 	9.9 	10.9 	12.4 	14 	15.4 
A,NAC,D11,B-N,LU	27.6 	30.2 	33.6 	40.6 	41.6 	43.9 	46.7 	47.7 
A,NAC,D11,B-N,LV	4.7 	4.9 	6.4 	8.8 	9.1 	9.8 	10.9 	12.3 
A,NAC,D11,B-N,ME	: 	: 	4.8 	: 	: 	: 	: 	: 
A,NAC,D11,B-N,MK	: 	202.5 	214.9 	: 	: 	: 	: 	: 
A,NAC,D11,B-N,MT	10.4 	10.5 	12.7 	14.7 	14.7 	15.4 	16 	16.3 
A,NAC,D11,B-N,NL	22.6 	24.5 	25.8 	28.8 	29.1 	29.9 	31.9 	33.4 
A,NAC,D11,B-N,NO	: 	350.3 	374.6 	431.5 	448.1 	455.3 	481 	509.6 
A,NAC,D11,B-N,PL	21.7 	26 	30.3 	38.7 	41.8 	47.1 	52.8 	58.6 
A,NAC,D11,B-N,PT	9.2 	10.2 	10.1 	11.6 	11.8 	12.3 	13 	13.8 
A,NAC,D11,B-N,RO	11.6 	14.7 	19.3 	35.7 	37.8 	43.3 	50.7 	57.5 
A,NAC,D11,B-N,RS	: 	491.8 	524 	703.2 	751.9 	877.5 	995.8 	1128.6 
A,NAC,D11,B-N,SE	217.2 	237.2 	261.2 	293 	301.1 	311.2 	325.8 	339.6 
A,NAC,D11,B-N,SI	11.2 	12.9 	14.1 	17.8 	18.7 	20.1 	22.3 	23.9 
A,NAC,D11,B-N,SK	0.2 	6.9 	7.7 	10.2 	10.7 	11.5 	12.5 	13.3 
A,NAC,D11,B-N,TR	: 	11.7 	17.4 	25.8 	: 	: 	: 	: 
A,NAC,D11,B-N,UK	15.9 d	16.6 	18.3 	: 	: 	: 	: 	: 
A,NAC,D11,B-S,MT	: 	: 	13.3 d	15.9 	16.3 	16.8 	17.4 	: 
A,NAC,D11,B-S_X_O,AL	: 	250.6 	295.0 	: 	: 	: 	: 	: 
A,NAC,D11,B-S_X_O,AT	19.6 	21.9 	23.9 	26.8 	26.9 	28.3 	29.9 p	32.4 
A,NAC,D11,B-S_X_O,BA	: 	9.5 	9.4 	: 	: 	: 	: 	: 
A,NAC,D11,B-S_X_O,BE	23.9 	27.4 	29.3 	31.1 	31.5 	33.4 	36.3 	37.1 
A,NAC,D11,B-S_X_O,BG	4.1 	5.7 	7.3 	11.1 	12.1 	13.9 	15.9 	18.1 
A,NAC,D11,B-S_X_O,CH	: 	48.8 	48.4 	: 	: 	: 	: 	: 
A,NAC,D11,B-S_X_O,CY	14.1 	14 	12.9 	14.1 	14.2 	15.2 	16.1 	16.9 
A,NAC,D11,B-S_X_O,CZ	167.1 	183.8 	203 	282.9 	293.5 	300.9 	325 	344.5 
A,NAC,D11,B-S_X_O,DE	21.8 	23.7 	25.5 	28.6 	29 	30.3 	31.7 	33.3 
A,NAC,D11,B-S_X_O,DK	226.2 	254.7 	267.5 	292.1 	298.7 	305.3 	313.2 	325.3 
A,NAC,D11,B-S_X_O,EA19	18.6 d	20.8 	21.9 	24.3 	24.5 	25.5 	26.8 	28 
A,NAC,D11,B-S_X_O,EA20	18.6 d	20.7 	21.7 	24.1 	24.4 	25.3 	26.6 	27.8 
A,NAC,D11,B-S_X_O,EE	5.8 	6.3 	8 	10.5 	11.2 	12.2 	13.6 	14.6 
A,NAC,D11,B-S_X_O,EL	13.5 	12.2 	12.1 	11 	11.1 	11.8 	12.6 	13.3 
A,NAC,D11,B-S_X_O,ES	14.3 	15.7 	15.8 	17 	17 	17.3 	18.1 	18.9 
A,NAC,D11,B-S_X_O,FI	20.9 	24.4 	26 	27.5 	28.9 p	29.6 p	30.5 p	31.3 p
A,NAC,D11,B-S_X_O,FR	20.9 d	22.4 	23.3 	26.3 	26.7 	27.7 	28.9 	29.7 
A,NAC,D11,B-S_X_O,HR	7.4 	8 	8.1 	10 	10.3 	11.2 	12.7 	14.6 
A,NAC,D11,B-S_X_O,HU	1390.4 	1605.5 	1821.4 	2826.2 	3070.6 	3573.1 	4191.9 	4769.1 
A,NAC,D11,B-S_X_O,IE	24.8 	25.8 	25.8 	29.5 	30.6 	31.9 	33.3 	35.2 
A,NAC,D11,B-S_X_O,IS	2578.5 d	2953.5 d	3857.8 d	4606.3 d	5087.0 p	5440.0 p	5882.0 p	6274.0 p
A,NAC,D11,B-S_X_O,IT	18.2 	19.9 	19.9 	21 	20.8 	21.1 	21.6 	22.3 
A,NAC,D11,B-S_X_O,LT	4.2 	4.2 	5.3 	9.9 	11 	12.5 	14 	15.5 
A,NAC,D11,B-S_X_O,LU	27.7 	30.5 	33.9 	41.3 	42.3 	44.5 	47.3 	48.4 
A,NAC,D11,B-S_X_O,LV	4.6 	4.7 	6.1 	8.4 	9 	9.6 	10.7 	11.9 
A,NAC,D11,B-S_X_O,ME	: 	4.6 	4.9 	: 	: 	: 	: 	: 
A,NAC,D11,B-S_X_O,MK	: 	203.5 	218.3 	: 	: 	: 	: 	: 
A,NAC,D11,B-S_X_O,MT	10.5 	11 	13.3 	15.8 	16.1 	16.6 	17.1 	18 
A,NAC,D11,B-S_X_O,NL	22.9 	24.7 	26.4 	29.6 	29.7 	30.6 	32.7 	34.3 
A,NAC,D11,B-S_X_O,NO	: 	345.1 	371.3 	429.7 	441.3 	449.7 	476.8 	502.5 
A,NAC,D11,B-S_X_O,PL	22.1 	26.8 	31 	39.8 	43.1 	48.1 	54.1 	61 
A,NAC,D11,B-S_X_O,PT	9.9 	10.7 	10.9 	12.3 	12.5 	13 	13.7 	14.7 
A,NAC,D11,B-S_X_O,RO	11.9 	14.3 	19.3 	37.6 	39.5 	44.3 	51.6 	58.9 
A,NAC,D11,B-S_X_O,RS	: 	489.8 	515.3 	700.5 	750.3 	864.1 	978.4 	1110.1 
A,NAC,D11,B-S_X_O,SE	204 	221.3 	242.7 	274.7 	281.9 	290.7 	303.1 	314.9 
A,NAC,D11,B-S_X_O,SI	11.6 	13.1 	14.1 	17.9 	18.9 	19.8 	21.9 	23.3 
A,NAC,D11,B-S_X_O,SK	0.2 	6.6 	7.5 	10.2 	10.8 	11.4 	12.5 	13.3 
A,NAC,D11,B-S_X_O,TR	: 	12.1 	18.2 	29.5 	: 	: 	: 	: 
A,NAC,D11,B-S_X_O,UK	16.0 d	17 	18.9 	: 	: 	: 	: 	: 
A,NAC,D11,C,AL	: 	181.5 	207.9 	: 	: 	: 	: 	: 
A,NAC,D11,C,AT	21.4 	23.8 	26.3 	29.4 	29.8 	31.7 	34.0 p	36.3 
A,NAC,D11,C,BA	: 	7.1 	7.1 	: 	: 	: 	: 	: 
A,NAC,D11,C,BE	24 	28.8 	29.9 	31.5 	31.9 	34.1 	36.8 	38.1 
A,NAC,D11,C,BG	3.5 	4.6 	6.2 	9.2 	9.9 	11.7 	13.7 	15.4 
A,NAC,D11,C,CH	: 	47.7 	47.5 	: 	: 	: 	: 	: 
A,NAC,D11,C,CY	10.9 	11.6 	10.2 	10.5 	10.4 	10.7 	11.3 	11.9 
A,NAC,D11,C,CZ	158.8 	176.7 	200.4 	275.1 	279.4 	292.2 	316.3 	335.9 
A,NAC,D11,C,DE	25.3 	27.3 	29.9 	32.6 	32.6 	33.8 	35.4 	37.1 
A,NAC,D11,C,DK	225.9 	261.3 	281.8 	307.1 	315.8 	324.2 	333.1 	345 
A,NAC,D11,C,EA19	19.7 	22.4 d	23.8 	26 	26 	27.1 	28.4 	29.7 
A,NAC,D11,C,EA20	19.7 	22.2 d	23.5 	25.8 	25.8 	26.8 	28.2 	29.5 
A,NAC,D11,C,EE	5.3 	6 	7.6 	9.7 	10.1 	11.5 	12.2 	13.3 
A,NAC,D11,C,EL	12.1 	11.7 	11.7 	11.1 	10.9 	11.5 	11.9 	12.7 
A,NAC,D11,C,ES	14.9 	16.4 	16.8 	17.7 	17.5 	18 	19 	19.8 
A,NAC,D11,C,FI	23.1 	27.5 	29 	30.2 	31.9 p	32.9 p	34.0 p	34.8 p
A,NAC,D11,C,FR	22 	23.6 	24.7 	28.1 	28.3 	29.4 	30.6 	31.6 
A,NAC,D11,C,HR	6.6 	6.8 	7 	10.6 	11 	11.9 	13.6 	15.3 
A,NAC,D11,C,HU	1331.5 	1662.7 	1965.5 	2998.6 	3235.2 	3721.3 	4447.3 	4969.1 
A,NAC,D11,C,IE	23.4 	25.1 	25.5 	28.4 	29.5 	30.4 	32 	33.7 
A,NAC,D11,C,IS	2329.3 	2987.9 	3917.7 	4816.8 	5278.0 p	5712.0 p	6233.0 p	6681.0 p
A,NAC,D11,C,IT	16.8 	19.2 	19.4 	20.5 	20.2 	20.8 	21.7 	22.6 
A,NAC,D11,C,LT	4 	4.1 	5.3 	9.7 	10.7 	12 	13.3 	14.6 
A,NAC,D11,C,LU	25.5 	26.9 	28.2 	34.8 	35.1 	36.9 	39.3 	40.2 
A,NAC,D11,C,LV	4.1 	4.3 	5.7 	7.9 	8.1 	8.9 	9.8 	10.9 
A,NAC,D11,C,ME	: 	4.8 	3.6 	: 	: 	: 	: 	: 
A,NAC,D11,C,MK	: 	152.0 	173.0 	: 	: 	: 	: 	: 
A,NAC,D11,C,MT	11.2 	: 	12 	13.6 	13.9 	15.2 	16.2 	17.3 
A,NAC,D11,C,NL	23.2 	25.2 	27.9 	31.4 	31.5 	32.5 	34.5 	: @C
A,NAC,D11,C,NO	: 	325.7 	356.5 	415.1 	426.7 	431.5 	457.8 	485.5 
A,NAC,D11,C,PL	19.6 	23.3 	27.6 	36.5 	39.5 	43.9 	48.9 	54.6 
A,NAC,D11,C,PT	7.8 	8.7 	8.6 	10.5 	10.6 	11.2 	11.8 	12.7 
A,NAC,D11,C,RO	9.3 	12.7 	17.2 	31.8 	33.8 	38.5 	45.1 	50.6 
A,NAC,D11,C,RS	: 	425.7 	448.4 	619.7 	656.8 	757 	871 	1003.8 
A,NAC,D11,C,SE	219.7 	244.1 	268.5 	301.7 	312.2 	320.1 	335.3 	349.5 
A,NAC,D11,C,SI	10.2 	12.3 	13.7 	17.6 	18.5 	20 	22.2 	23.7 
A,NAC,D11,C,SK	0.2 	6.6 	7.6 	10.1 	10.6 	11.3 	12.2 	13 
A,NAC,D11,C,TR	: 	10.3 	16.7 	26.2 	31.4 	54.4 	112.7 	222.3 
A,NAC,D11,C,UK	15.8 	16.3 	18.3 	: 	: 	: 	: 	: 
A,NAC,D11,D,AL	: 	327.5 	422.7 	: 	: 	: 	: 	: 
A,NAC,D11,D,AT	31.2 	33.5 	38.1 	42.1 	41.5 	44.1 	47.0 p	49.5 
A,NAC,D11,D,BA	: 	15.8 	17.1 	: 	: 	: 	: 	: 
A,NAC,D11,D,BE	: 	39.4 	45.7 	49.4 	50.2 	54.4 	57.2 	58.8 
A,NAC,D11,D,BG	9.2 	12.5 	14 	18.3 	19.1 	22.8 	26 	27.9 
A,NAC,D11,D,CH	: 	55.1 	58.1 	: 	: 	: 	: 	: 
A,NAC,D11,D,CY	19.8 	21 	17.4 	20.8 	21.8 	23.8 	25.4 	26.3 
A,NAC,D11,D,CZ	257.4 	311.1 	312.6 	404 	423.1 	453.6 	516.5 	546.3 
A,NAC,D11,D,DE	31.8 	34.9 	38.3 	41.6 	41.2 	43.8 	47.6 	49 
A,NAC,D11,D,DK	273.5 	311.9 	356.7 	381.6 	409.8 	446.9 	475.9 	504.5 
A,NAC,D11,D,EA19	27.3 	31.5 d	33.4 d	35.7 	36 	37.7 	40.2 	41.4 
A,NAC,D11,D,EA20	27.2 	31.0 d	32.9 d	35.5 d	35.8 	37.5 	40 	41.2 
A,NAC,D11,D,EE	6.8 	8.6 	10.9 	14.6 	15.1 	16.7 	19 	20.9 
A,NAC,D11,D,EL	23.3 	19.8 	17.2 	13.6 	14.5 	15.4 	16.5 	15.2 
A,NAC,D11,D,ES	29.9 	35.8 	35.9 	38.4 	41 	40.5 	40.9 	40.7 
A,NAC,D11,D,FI	24.4 	32.1 	36 	35.4 	38.1 p	39.6 p	38.4 p	40.8 p
A,NAC,D11,D,FR	30.7 	35.9 	35.6 	37.9 	38.6 	39.7 	42.5 	43.3 
A,NAC,D11,D,HR	10.4 	10.2 	11 	15.2 	15.8 	16.4 	17.4 	20.5 
A,NAC,D11,D,HU	2443.8 	3013.7 	3275.7 	4692.4 	4887 	5330.1 	6285.6 	7058.4 
A,NAC,D11,D,IE	: 	45.5 	44.2 	45.6 	47.1 	48.6 	49.8 	56.9 
A,NAC,D11,D,IS	3108.2 	3997.5 	5554.4 	6805 	6617.0 p	7110.0 p	7778.0 p	8237.0 p
A,NAC,D11,D,IT	26.5 	26.8 	28.5 	28.6 	28.8 	29.4 	29.9 	31 
A,NAC,D11,D,LT	5.8 	5.9 	6.8 	11.9 	12.9 	14.3 	16.3 	18.1 
A,NAC,D11,D,LU	: 	43.5 	48.9 	52.8 	53.5 	55.7 	59.1 	60.7 
A,NAC,D11,D,LV	6.4 	6.7 	7.8 	9.7 	10.3 	11.4 	13.5 	14.5 
A,NAC,D11,D,ME	: 	9.7 	9.7 	: 	: 	: 	: 	: 
A,NAC,D11,D,MK	: 	408.8 	378.6 	: 	: 	: 	: 	: 
A,NAC,D11,D,MT	: 	: 	21.8 	27.9 	29 	29.4 	31.9 	35.6 
A,NAC,D11,D,NL	32 	36.1 	38.3 	39.5 	39.9 	41.3 	44.7 	: @C
A,NAC,D11,D,NO	: 	381.4 	424.9 	518.2 	541.4 	567.4 	598.2 	639.4 
A,NAC,D11,D,PL	32.3 	40 	46.6 	55.8 	58.7 	65.5 	74.8 	81.9 
A,NAC,D11,D,PT	: 	19.9 	27.4 	25.3 	23.3 	27.7 	27.7 	28.1 
A,NAC,D11,D,RO	22.4 	27.7 	29.9 	53.3 	56.7 	66.2 	78.5 	85.9 
A,NAC,D11,D,RS	: 	825.2 	812.5 	1239.2 	1273.7 	1331.3 	1446.7 	1577.6 
A,NAC,D11,D,SE	246.9 	272.4 	302.9 	334.8 	346.1 	357.5 	375.7 	392.6 
A,NAC,D11,D,SI	16.3 	19 	21.2 	24.6 	25.5 	27.4 	30.2 	31.2 
A,NAC,D11,D,SK	0.3 	10.5 	12.1 	15.1 	15.4 	16.2 	18.3 	20 
A,NAC,D11,D,TR	: 	24.8 	27.4 	40.3 	49.3 	86.2 	169.7 	327.8 
A,NAC,D11,D,UK	: 	20.6 	23.7 	: 	: 	: 	: 	: 
A,NAC,D11,E,AL	: 	176.5 	212.6 	: 	: 	: 	: 	: 
A,NAC,D11,E,AT	18.6 	20.3 	21.6 	24.4 	23.9 	25.4 	27.3 p	29.4 
A,NAC,D11,E,BA	: 	9.3 	9.6 	: 	: 	: 	: 	: 
A,NAC,D11,E,BE	24.1 	24.8 	24.7 	26.5 	26.8 	28.4 	31 	31.6 
A,NAC,D11,E,BG	4.2 	5 	6 	8.2 	8.6 	9.5 	10.9 	12.5 
A,NAC,D11,E,CH	: 	44.0 	43.0 	: 	: 	: 	: 	: 
A,NAC,D11,E,CY	13.6 	13.8 	10.4 	11.6 	11.7 	12.1 	12.7 	13.2 
A,NAC,D11,E,CZ	152.3 	169.1 	183.4 	241.4 	250.4 	261.9 	286.5 	308.9 
A,NAC,D11,E,DE	19.6 	20.9 	23.1 	26 	26.5 	28 	29.9 	30.2 
A,NAC,D11,E,DK	211.4 	237.3 	255.1 	279.2 	: @C	: @C	: @C	: @C
A,NAC,D11,E,EA19	17.4 d	18.7 	19.4 	21.3 	21.5 	22.5 	23.6 	24.3 
A,NAC,D11,E,EA20	17.4 d	18.4 	19 	20.9 	21 	22 	23.1 	23.9 
A,NAC,D11,E,EE	6 	: 	7.9 	10.1 	10.6 	11.5 	13 	13.7 
A,NAC,D11,E,EL	17.3 	12.3 	12.3 	8.4 	8.5 	8.8 	9.2 	10.2 
A,NAC,D11,E,ES	14.1 	14.8 	15.7 	16.8 	17.1 	18.1 	18.6 	19.2 
A,NAC,D11,E,FI	18.3 	21.3 	23.5 	25.6 	25.0 p	25.9 p	26.7 p	28.0 p
A,NAC,D11,E,FR	21.2 	21.3 	21.2 	26 	25.8 	26.6 	27.7 	28.5 
A,NAC,D11,E,HR	7.6 	7.5 	8.2 	7.9 	8.1 	8.6 	9.6 	11 
A,NAC,D11,E,HU	1294.3 	1592.6 	1682.4 	2589.9 	2754 	3133.2 	3729.3 	4427.1 
A,NAC,D11,E,IE	: 	18.5 	20.3 	23.2 	23.9 	25.9 	28.8 	30.1 
A,NAC,D11,E,IS	2321.7 	2738.3 	3684.6 	4409.5 	4751.0 p	5164.0 p	5621.0 p	5970.0 p
A,NAC,D11,E,IT	17.1 	18.9 	19.3 	19.1 	18.8 	19.4 	19.6 	20.3 
A,NAC,D11,E,LT	3.9 	4.4 	5.2 	9 	9.6 	10.6 	12.3 	13.6 
A,NAC,D11,E,LU	25.1 	26.7 	30.2 	34 	34.6 	36 	38.8 	40 
A,NAC,D11,E,LV	4.5 	4.4 	5.7 	7.8 	7.9 	8.9 	10.1 	11.4 
A,NAC,D11,E,ME	: 	4.7 	4.8 	: 	: 	: 	: 	: 
A,NAC,D11,E,MK	: 	170.1 	192.5 	: 	: 	: 	: 	: 
A,NAC,D11,E,MT	10.2 	: 	12.9 	15.8 	16 	16.1 	16.6 	17 
A,NAC,D11,E,NL	22 	24.8 	25.8 	27.3 	27.7 	28.9 	30.8 	: @C
A,NAC,D11,E,NO	: 	286.1 	311.1 	386 	389.6 	393.4 	410.8 	439.1 
A,NAC,D11,E,PL	20.3 	24.5 	27.8 	34.5 	37 	40.8 	45.2 	50.9 
A,NAC,D11,E,PT	9.3 	8.6 	9.1 	9.3 	9.5 	10.1 	10.4 	11.4 
A,NAC,D11,E,RO	10.6 	13 	16.3 	29.7 	31 	34.8 	40.9 	47.2 
A,NAC,D11,E,RS	: 	417.2 	478.1 	593.7 	651 	724.1 	817.6 	937 
A,NAC,D11,E,SE	190.7 	213 	236.1 	263.7 	272.7 	279.1 	289.4 	303.2 
A,NAC,D11,E,SI	11.1 	12.7 	13.7 	17.3 	18 	19.3 	21.7 	23.1 
A,NAC,D11,E,SK	0.2 	6.2 	7 	8.6 	9.1 	9.8 	10.7 	11.5 
A,NAC,D11,E,TR	: 	17.5 	24.1 	36.2 	41 	63 	119.3 	246.6 
A,NAC,D11,E,UK	: 	16.1 	18.3 	: 	: 	: 	: 	: 
A,NAC,D11,F,AL	: 	224.0 	277.2 	: 	: 	: 	: 	: 
A,NAC,D11,F,AT	19.3 	21.1 	23.3 	24.9 	25 	26.4 	26.6 p	28.4 
A,NAC,D11,F,BA	: 	6.7 	6.6 	: 	: 	: 	: 	: 
A,NAC,D11,F,BE	18 	20.3 	23.9 	25.2 	25.5 	27 	29.4 	30.1 
A,NAC,D11,F,BG	3.2 	4.9 	6 	8.9 	9.8 	10.9 	12.8 	15.1 
A,NAC,D11,F,CH	: 	42.0 	42.1 	: 	: 	: 	: 	: 
A,NAC,D11,F,CY	12.2 	12.9 	11.7 	12.2 	12.4 	12.8 	13.4 	13.9 
A,NAC,D11,F,CZ	160.1 	172.3 	189 	248.5 	258.9 	263.6 	288.8 	307.8 
A,NAC,D11,F,DE	17.7 	19.6 	20.8 	24.2 	25 	26.6 	27.7 	29.3 
A,NAC,D11,F,DK	218.5 	238.9 	253.4 	275.8 	286.9 	290.5 	299.4 	308.1 
A,NAC,D11,F,EA19	15.6 	18.4 	19.4 	21.4 	21.7 	22.8 	23.9 	25 
A,NAC,D11,F,EA20	15.6 	18.2 	19.2 	21.2 	21.5 	22.6 	23.7 	24.8 
A,NAC,D11,F,EE	6.6 	7.3 	8.7 	11 	11.7 	12.3 	12.9 	13.7 
A,NAC,D11,F,EL	11.7 	10.2 	9.5 	8.7 	8.5 	9.1 	9.8 	10.6 
A,NAC,D11,F,ES	12.7 	14.8 	14.6 	14.8 	14.7 	15.2 	15.7 	15.9 
A,NAC,D11,F,FI	22.1 	24.9 	26.4 	28.1 	29.8 p	30.6 p	30.9 p	32.3 p
A,NAC,D11,F,FR	19.6 	20.9 	21.9 	25.2 	25.3 	26.3 	27.3 	28.1 
A,NAC,D11,F,HR	6.5 	6.9 	7.1 	8.9 	9.2 	10 	11.7 	13 
A,NAC,D11,F,HU	1133 	1439.7 	1482.1 	2404.7 	2601.8 	3057.1 	3573.9 	4105.5 
A,NAC,D11,F,IE	23.4 	23.3 	22.8 	26.1 	27.6 	28.7 	29.7 	32.2 
A,NAC,D11,F,IS	2621.3 	3249.2 	4211.7 	5290.4 	4927.0 p	5294.0 p	5789.0 p	6229.0 p
A,NAC,D11,F,IT	15.3 	16.7 	16.5 	16.7 	16.8 	17.4 	18 	19 
A,NAC,D11,F,LT	4.7 	3.8 	5 	9 	10 	11 	12.9 	14.5 
A,NAC,D11,F,LU	18.9 	21.1 	22.7 	26.3 	26.7 	28.2 	30.1 	31.1 
A,NAC,D11,F,LV	4.4 	4.3 	6.3 	8.9 	8.9 	9.3 	10.1 	11.5 
A,NAC,D11,F,ME	: 	3.4 	3.7 	: 	: 	: 	: 	: 
A,NAC,D11,F,MK	: 	172.9 	218.2 	: 	: 	: 	: 	: 
A,NAC,D11,F,MT	7.7 	8.5 	10 	10.8 	11.2 	11.4 	11.9 	12.1 
A,NAC,D11,F,NL	23.3 	25.6 	26.7 	30.1 	29.4 	30.2 	32 	33.7 
A,NAC,D11,F,NO	: 	304 	320.7 	367.3 	370.3 	372 	396.2 	417.9 
A,NAC,D11,F,PL	20.6 	23.7 	28.7 	34.8 	37.3 	41.5 	44.9 	51.1 
A,NAC,D11,F,PT	7.6 	9.2 	7.6 	8.7 	9.3 	9.8 	10.2 	10.9 
A,NAC,D11,F,RO	10.1 	11.4 	14.6 	29 	30.1 	33.7 	42.2 	49.1 
A,NAC,D11,F,RS	: 	444.1 	444.2 	651.9 	698.6 	796.9 	907 	1040.3 
A,NAC,D11,F,SE	207 	229.4 	244.1 	270.2 	275.4 	287.4 	300.7 	314 
A,NAC,D11,F,SI	9.5 	10.1 	11.2 	14.7 	15.6 	16.7 	18.4 	20.3 
A,NAC,D11,F,SK	0.2 	6.3 	6.7 	8.6 	9.1 	9.9 	10.9 	11.9 
A,NAC,D11,F,TR	: 	8.2 	13.2 	15.1 	17.5 	29.9 	63 	118.6 
A,NAC,D11,F,UK	17.1 	17.4 	18.6 	: 	: 	: 	: 	: 
A,NAC,D11,G,AL	: 	198.6 	237.0 	: 	: 	: 	: 	: 
A,NAC,D11,G,AT	16.5 	19.5 	21.6 	23.9 	23.8 	25 	25.0 p	27.7 
A,NAC,D11,G,BA	: 	7.3 	7.4 	: 	: 	: 	: 	: 
A,NAC,D11,G,BE	21.9 	25.6 	26.2 	27.6 	27.9 	29.6 	32.3 	32.9 
A,NAC,D11,G,BG	3.6 	5.2 	6.9 	9.9 	10.6 	12.4 	14.1 	16.4 
A,NAC,D11,G,CH	: 	43.4 	43.9 	: 	: 	: 	: 	: 
A,NAC,D11,G,CY	10.2 	12.1 	9.4 	9.7 	9.8 	10.4 	10.9 	11.4 
A,NAC,D11,G,CZ	161.3 	171 	192.3 	259.7 	274.3 	280.1 	299.8 	316.6 
A,NAC,D11,G,DE	18.7 	20.7 	21.9 	24.5 	24.9 	26 	27.3 	28.3 
A,NAC,D11,G,DK	216 	242 	249.2 	271.6 	276.8 	282.2 	288.5 	297.9 
A,NAC,D11,G,EA19	15.8 	18.1 	18.9 	21 	21.2 	22 	23.2 	24.1 
A,NAC,D11,G,EA20	15.8 	17.9 	18.7 	20.8 	21.1 	21.9 	23 	23.9 
A,NAC,D11,G,EE	5.5 	5.8 	7.2 	9.4 	10.3 	11.1 	12.1 	12.8 
A,NAC,D11,G,EL	10.9 	11.1 	10.7 	9.9 	9.8 	10 	11 	11.7 
A,NAC,D11,G,ES	11.7 	13.2 	13 	14.2 	14.2 	15 	15.8 	16.5 
A,NAC,D11,G,FI	19.7 	22.9 	24.1 	26.3 	28.1 p	28.8 p	29.1 p	29.7 p
A,NAC,D11,G,FR	18.3 	19.8 	20.6 	24.1 	24.3 	25.1 	26.2 	26.7 
A,NAC,D11,G,HR	6.3 	7 	7.8 	8.7 	8.9 	9.9 	11.3 	12.8 
A,NAC,D11,G,HU	1211.5 	1575.6 	1723 	2687.3 	2905.4 	3366.1 	3920.1 	4355 
A,NAC,D11,G,IE	18.6 	19.1 	20.2 	22.7 	23.4 	24.4 	25.3 	26.6 
A,NAC,D11,G,IS	2237.2 	2753.9 	3681.4 	4179 	4850.0 p	5209.0 p	5609.0 p	5964.0 p
A,NAC,D11,G,IT	15.6 	17.2 	18 	19.4 	19.2 	19.4 	19.7 	20.2 
A,NAC,D11,G,LT	3.9 	3.8 	5 	9.4 	10.6 	12 	13.1 	14.4 
A,NAC,D11,G,LU	18.8 	23.3 	26.6 	30.8 	31.4 	32.6 	35 	35.7 
A,NAC,D11,G,LV	4.1 	4.2 	5.6 	7.5 	7.9 	8.4 	9.5 	10.7 
A,NAC,D11,G,ME	: 	3.3 	3.6 	: 	: 	: 	: 	: 
A,NAC,D11,G,MK	: 	194.3 	211.1 	: 	: 	: 	: 	: 
A,NAC,D11,G,MT	8.8 	8.7 	11.5 	13.2 	13.2 	13.2 	13.7 	15 
A,NAC,D11,G,NL	19.4 	21.6 	22.4 	25.1 	25.6 	26.2 	28 	: @C
A,NAC,D11,G,NO	: 	285.7 	323.6 	380.4 	405.3 	407.8 	429.9 	454.4 
A,NAC,D11,G,PL	19 	21.3 	26 	33.7 	36.6 	40.9 	45.4 	50.3 
A,NAC,D11,G,PT	8.6 	9.7 	10.8 	11.4 	11.7 	12.5 	13.1 	13.9 
A,NAC,D11,G,RO	10 	13.1 	17.7 	32.8 	35 	40.4 	46.6 	53.5 
A,NAC,D11,G,RS	: 	422.3 	447.3 	569.3 	598.4 	693.4 	800 	909.8 
A,NAC,D11,G,SE	200.7 	224.1 	251.4 	271.8 	276 	283.5 	297.1 	312.4 
A,NAC,D11,G,SI	10.5 	12.7 	13.7 	17.3 	18.1 	19.5 	21.5 	23.2 
A,NAC,D11,G,SK	0.2 	6.1 	7 	9 	9.8 	10.5 	11.5 	12.1 
A,NAC,D11,G,TR	: 	9.7 	15.8 	22.8 	27.9 	47.5 	98.7 	184.6 
A,NAC,D11,G,UK	12.9 	13.7 	15.3 	: 	: 	: 	: 	: 
A,NAC,D11,G-J,MT	9.4 	10.2 	12.0 	13.8 	14.0 	13.9 	14.5 	: 
A,NAC,D11,G-N,AL	: 	254.2 	312.9 	: 	: 	: 	: 	: 
A,NAC,D11,G-N,AT	18.4 	21.1 	22.9 	25.8 	25.8 	26.9 	28.4 p	30.8 
A,NAC,D11,G-N,BA	: 	9.4 	9.1 	: 	: 	: 	: 	: 
A,NAC,D11,G-N,BE	25 	28 	27.6 	29.2 	29.5 	31.2 	34 	34.7 
A,NAC,D11,G-N,BG	4.4 	6.1 	8 	12.1 	13 	15.1 	17.2 	19.6 
A,NAC,D11,G-N,CH	: 	50.2 	50.0 	: 	: 	: 	: 	: 
A,NAC,D11,G-N,CY	13.2 	14.3 	12 	13.6 	13.7 	15.1 	15.9 	16.8 
A,NAC,D11,G-N,CZ	180.2 	193.7 	210.2 	286.4 	297.2 	307.8 	334 	355.9 
A,NAC,D11,G-N,DE	20.5 	22.5 	24.2 	27.7 	28.1 	29.9 	31.3 	32.9 
A,NAC,D11,G-N,DK	237 	266.6 	276.6 	302.4 	309.3 	315.6 	324.5 	334.6 
A,NAC,D11,G-N,EA19	18.3 	20.3 	21.2 	23.7 	24.1 	25.2 	26.4 	27.6 
A,NAC,D11,G-N,EA20	18.3 	20.2 	21.1 	23.6 	23.9 	25 	26.3 	27.4 
A,NAC,D11,G-N,EE	6.1 	6.6 	8.3 	10.9 	11.7 	12.7 	14.3 	15.3 
A,NAC,D11,G-N,EL	12.4 	12 	11.7 	11.1 	11.3 	12.4 	13.6 	14.5 
A,NAC,D11,G-N,ES	13.7 	14.9 	14.8 	16.1 	16.2 	16.5 	17.3 	18.1 
A,NAC,D11,G-N,FI	20.3 	23.9 	25.9 	27.6 	29.1 p	29.5 p	30.6 p	31.3 p
A,NAC,D11,G-N,FR	21.3 	23 	24 	27 	27.3 	28.4 	29.5 	30.3 
A,NAC,D11,G-N,HR	7.6 	8.5 	8.4 	9.9 	10.1 	11.2 	12.7 	14.1 
A,NAC,D11,G-N,HU	1472.6 	1786.5 	2012.5 	3009.1 	3217.2 	3729.2 	4348.9 	4888.7 
A,NAC,D11,G-N,IE	22.4 	22.9 	24.1 	28.1 	29.4 	30.5 	32 	33.9 
A,NAC,D11,G-N,IS	2668.0 p	3153.0 p	3956.0 p	4871.0 p	5274.0 p	5544.0 p	5969.0 p	6375.0 p
A,NAC,D11,G-N,IT	18 	19.2 	19.1 	20.2 	20.1 	20.4 	20.8 	21.2 
A,NAC,D11,G-N,LT	4.2 	4.2 	5.5 	10.1 	11.2 	12.9 	14.5 	15.8 
A,NAC,D11,G-N,LU	29.8 	32.5 	36.7 	44.5 	45.7 	48.3 	51.2 	52.3 
A,NAC,D11,G-N,LV	4.9 	5.2 	6.6 	9 	9.5 	10.1 	11.4 	12.8 
A,NAC,D11,G-N,ME	: 	4.6 	4.7 	: 	: 	: 	: 	: 
A,NAC,D11,G-N,MK	: 	249.7 	237.8 	: 	: 	: 	: 	: 
A,NAC,D11,G-N,MT	10.4 	10.8 	13.2 	15.3 	15.2 	15.8 	16.3 	16.5 
A,NAC,D11,G-N,NL	22.3 	24 	25 	27.9 	28.3 	29.1 	31.1 	32.6 
A,NAC,D11,G-N,NO	: 	333.8 	369.2 	425.7 	447.6 	454.2 	479.7 	509.7 
A,NAC,D11,G-N,PL	22.2 	26.4 	31.1 	39.3 	42.5 	48.4 	54.5 	60.2 
A,NAC,D11,G-N,PT	10.2 	11.2 	11.2 	12.6 	12.6 	13.2 	13.9 	14.7 
A,NAC,D11,G-N,RO	13 	15.8 	21 	38.5 	40.9 	47.2 	54.8 	62.1 
A,NAC,D11,G-N,RS	: 	516.9 	556.1 	726.7 	781.3 	930.2 	1051.5 	1184.5 
A,NAC,D11,G-N,SE	217.1 	234.6 	260.5 	293.4 	301.1 	311.6 	326.2 	339.9 
A,NAC,D11,G-N,SI	12.2 	13.7 	14.6 	18.2 	19.1 	20.5 	22.7 	24.4 
A,NAC,D11,G-N,SK	0.2 	7.1 	7.7 	10.3 	10.8 	11.7 	12.8 	13.5 
A,NAC,D11,G-N,TR	: 	12.9 	18.2 	27.3 	: 	: 	: 	: 
A,NAC,D11,G-N,UK	15.7 d	16.6 	18.2 	: 	: 	: 	: 	: 
A,NAC,D11,H,AL	: 	274.2 	356.3 	: 	: 	: 	: 	: 
A,NAC,D11,H,AT	18.4 	20.3 	21.7 	24.1 	24.2 	25.9 	28.5 p	29.9 
A,NAC,D11,H,BA	: 	9.4 	9.2 	: 	: 	: 	: 	: 
A,NAC,D11,H,BE	22.1 	26 	24.8 	25.9 	26.2 	27.8 	30.2 	30.8 
A,NAC,D11,H,BG	4.9 	6.1 	7.1 	9.7 	10 	11.6 	13.9 	16.1 
A,NAC,D11,H,CH	: 	43.9 	44.6 	: 	: 	: 	: 	: 
A,NAC,D11,H,CY	15.2 	16.1 	15.4 	15 	14.1 	15.1 	15.6 	17.1 
A,NAC,D11,H,CZ	167 	170.2 	187.3 	247.9 	251.2 	264.9 	285.6 	305.7 
A,NAC,D11,H,DE	18 	19.6 	20.6 	22.4 	22.6 	23.4 	25.3 	26.5 
A,NAC,D11,H,DK	217.6 	244.6 	255.2 	278.7 	284 	290.6 	298.3 	302.1 
A,NAC,D11,H,EA19	17.4 	18.9 d	19.6 	20.9 	21 	21.9 	23.4 	24.3 
A,NAC,D11,H,EA20	17.4 	18.8 d	19.5 	20.8 	20.9 	21.7 	23.2 	24.1 
A,NAC,D11,H,EE	5.6 	6.4 	7.9 	9.8 	10.1 	11.4 	12 	12.9 
A,NAC,D11,H,EL	15.5 	14.4 	16.8 	14.7 	14.9 	16.6 	17.5 	19.6 
A,NAC,D11,H,ES	14.9 	15.8 	16.1 	16.1 	15.8 	16.4 	17.2 	17.8 
A,NAC,D11,H,FI	21.6 	23.8 	24.8 	26.3 	27.2 p	28.4 p	29.5 p	29.8 p
A,NAC,D11,H,FR	20 	21.6 	22.4 	23.1 	23.5 	24.8 	26.1 	26.9 
A,NAC,D11,H,HR	7.6 	8.1 	8.3 	7.8 	7.6 	8.3 	9.5 	10.5 
A,NAC,D11,H,HU	1365.9 	1606.3 	1828.2 	2781 	2921.3 	3409.5 	3904.2 	4501.6 
A,NAC,D11,H,IE	24 	23.7 	24.3 	25.5 	25.5 	27 	27.2 	28.4 
A,NAC,D11,H,IS	2410.5 	3123.8 	3647 	4772.9 	5083.0 p	5421.0 p	5921.0 p	6347.0 p
A,NAC,D11,H,IT	17.5 	18.1 	17.6 	18.8 	18.7 	18.7 	19.4 	19.8 
A,NAC,D11,H,LT	4 	3.9 	5.1 	8.7 	9.4 	10.7 	12.3 	13.4 
A,NAC,D11,H,LU	24.1 	27.3 	29.9 	34.2 	35.9 	38.6 	41.4 	40.6 
A,NAC,D11,H,LV	4.9 	5.4 	6.2 	7.9 	8.1 	8.8 	10 	11.6 
A,NAC,D11,H,ME	: 	5.2 	5.5 	: 	: 	: 	: 	: 
A,NAC,D11,H,MK	: 	326.4 	225.2 	: 	: 	: 	: 	: 
A,NAC,D11,H,MT	11.8 	: 	13.8 	16.3 	16.1 	20.8 	19.9 	18.6 
A,NAC,D11,H,NL	20.9 	21.6 	24.7 	28 	27.2 	27.9 	30.3 	: @C
A,NAC,D11,H,NO	: 	335 	373 	390.7 	410 	425.7 	450.2 	483.7 
A,NAC,D11,H,PL	21.1 	23.7 	27.3 	33.5 	35.5 	43.8 	50.8 	55.9 
A,NAC,D11,H,PT	12 	11.7 	13.2 	14.8 	15 	15.4 	16.4 	17.2 
A,NAC,D11,H,RO	13.7 	15.5 	18.9 	34.4 	35.9 	40.6 	49 	56.3 
A,NAC,D11,H,RS	: 	475.4 	488.5 	624 	629 	728.5 	838.8 	964.5 
A,NAC,D11,H,SE	192.6 	202.9 	215.5 	244.9 	252.4 	258.7 	271.6 	281.1 
A,NAC,D11,H,SI	12.1 	12.8 	13.2 	15.3 	15.9 	17.4 	19.2 	20.9 
A,NAC,D11,H,SK	0.2 	5.8 	6.3 	8.7 	8.9 	9.8 	10.8 	11.5 
A,NAC,D11,H,TR	: 	11.5 	20.3 	27.8 	32.3 	59.8 	121.5 	230 
A,NAC,D11,H,UK	15.2 	16.4 	18.5 	: 	: 	: 	: 	: 
A,NAC,D11,I,AL	: 	177.2 	199.5 	: 	: 	: 	: 	: 
A,NAC,D11,I,AT	10 	11.9 	13.1 	14.8 	14.3 	15.7 	16.7 p	17.7 
A,NAC,D11,I,BA	: 	5.9 	6.0 	: 	: 	: 	: 	: 
A,NAC,D11,I,BE	: 	13.8 	20 	17.5 	17.7 	18.3 	20.4 	20.7 
A,NAC,D11,I,BG	2.5 	3.5 	4.3 	6.6 	7.1 	8.5 	10.2 	12.2 
A,NAC,D11,I,CH	: 	31.9 	30.8 	: 	: 	: 	: 	: 
A,NAC,D11,I,CY	9.1 	7.6 	6.6 	6.4 	7 	8.7 	8.7 	9.2 
A,NAC,D11,I,CZ	96.6 	103 	119.1 	204.5 	208.9 	170.4 	183.1 	197.7 
A,NAC,D11,I,DE	11.3 	12.5 	13.8 	16.4 	16.8 	18.5 	19.9 	20.8 
A,NAC,D11,I,DK	170.3 	184.3 	187.9 	202.6 	: @C	181.6 	185.5 	190.7 
A,NAC,D11,I,EA19	11.1 	12.1 	12.5 	14.5 	14.4 	15.1 	16 	16.6 
A,NAC,D11,I,EA20	11.1 	12.1 	12.4 	14.4 	14.3 	15 	15.9 	16.6 
A,NAC,D11,I,EE	3.9 	4 	5.3 	6.9 	6.8 	7.6 	8.9 	9.3 
A,NAC,D11,I,EL	8.9 	8.2 	7.4 	8.1 	8 	9.8 	11.5 	12.9 
A,NAC,D11,I,ES	9.4 	10.1 	10.2 	10.7 	10.7 	11.4 	11.8 	12.4 
A,NAC,D11,I,FI	16 	17.6 	18.6 	20 	21.5 p	21.8 p	22.4 p	23.2 p
A,NAC,D11,I,FR	15.2 	15.7 	15.4 	18.2 	18.5 	19 	19.7 	20.1 
A,NAC,D11,I,HR	6.1 	6.8 	6.7 	8.3 	8.5 	9.4 	10.8 	12.1 
A,NAC,D11,I,HU	858.1 	986.2 	1144.5 	1760.8 	1804.3 	2207.8 	2648.3 	3033 
A,NAC,D11,I,IE	14 	14 	14.3 	17.4 	17.6 	17.4 	18.3 	19.4 
A,NAC,D11,I,IS	1731.0 p	2165.0 p	2860.0 p	2988.7 	3825.0 p	4140.0 p	4492.0 p	4830.0 p
A,NAC,D11,I,IT	11.3 	13.2 	13.2 	14.2 	13.9 	13.9 	14.2 	14.4 
A,NAC,D11,I,LT	2.5 	2.4 	3.5 	6.7 	7.1 	8.1 	9 	9.8 
A,NAC,D11,I,LU	14.8 	17.8 	18.4 	25.4 	26.4 	27.2 	29.4 	30 
A,NAC,D11,I,LV	3 	3.1 	4.2 	6.1 	6 	6.2 	6.9 	8 
A,NAC,D11,I,ME	: 	3.6 	3.4 	: 	: 	: 	: 	: 
A,NAC,D11,I,MK	: 	146.5 	139.7 	: 	: 	: 	: 	: 
A,NAC,D11,I,MT	7.3 	7 	8.6 	8.4 	9 	7.5 	7.8 	8.9 
A,NAC,D11,I,NL	13.9 	14.3 	15 	20.4 	17.7 	16.6 	18 	: @C
A,NAC,D11,I,NO	: 	231.2 	243.4 	262 	277.6 	256.3 	279.2 	302.6 
A,NAC,D11,I,PL	14 	17.1 	20.4 	28 	29.8 	33.2 	37.5 	42.4 
A,NAC,D11,I,PT	6.8 	6.6 	6.6 	9.3 	10 	9.3 	9.6 	10.2 
A,NAC,D11,I,RO	7.3 	8.3 	11.6 	22 	23 	26.8 	31.1 	37.9 
A,NAC,D11,I,RS	: 	367.7 	350.5 	522.4 	494.9 	581.5 	653.4 	755.6 
A,NAC,D11,I,SE	146.5 	165.9 	175.1 	215.1 	218.9 	224.8 	233.5 	245.3 
A,NAC,D11,I,SI	8.9 	9.8 	10.2 	19.1 	20.7 	22.6 	25.4 	27.4 
A,NAC,D11,I,SK	0.1 	4.2 	4.6 	6.8 	7.4 	7.3 	7.6 	8.2 
A,NAC,D11,I,TR	: 	8.3 	13 	15.3 	18.1 	34.2 	71 	131.8 
A,NAC,D11,I,UK	9.9 	10 	11.4 	: 	: 	: 	: 	: 
A,NAC,D11,J,AL	: 	289.6 	438.3 	: 	: 	: 	: 	: 
A,NAC,D11,J,AT	29.5 	32.1 	33.6 	36.8 	35 	37.7 	40.0 p	44.1 
A,NAC,D11,J,BA	: 	13.7 	14.4 	: 	: 	: 	: 	: 
A,NAC,D11,J,BE	: 	39.2 	34.6 	36.3 	36.7 	38.3 	42.4 	43.1 
A,NAC,D11,J,BG	8.6 	12.6 	16.5 	24.1 	26.8 	30.7 	34.3 	37.6 
A,NAC,D11,J,CH	: 	61.7 	63.4 	: 	: 	: 	: 	: 
A,NAC,D11,J,CY	17.3 	18.8 	15.3 	22.6 	22.9 	26.1 	29.4 	30.8 
A,NAC,D11,J,CZ	310.9 	339.7 	357.9 	449.7 	469.6 	500.3 	558 	590.4 
A,NAC,D11,J,DE	30 	32.9 	35.5 	39.1 	40.1 	41.8 	43.8 	46 
A,NAC,D11,J,DK	289.6 	322.5 	341.5 	364.8 	375.4 	383.9 	392.7 	406.2 
A,NAC,D11,J,EA19	26 	28.2 	29.6 	32.5 	33.5 	34.5 	36.3 	37.9 
A,NAC,D11,J,EA20	26 	28.1 	29.4 	32.3 	33.3 	34.4 	36.1 	37.8 
A,NAC,D11,J,EE	8.9 	10.8 	13.2 	18 	19.5 	21.1 	24.2 	26.7 
A,NAC,D11,J,EL	14.5 	14.8 	15.8 	14.3 	15.1 	16.4 	18.6 	19.5 
A,NAC,D11,J,ES	19.3 	20.3 	20.3 	21.8 	22.9 	22.7 	24.2 	25.6 
A,NAC,D11,J,FI	28.2 	32.4 	34.9 	36.3 	37.5 p	37.4 p	39.3 p	40.6 p
A,NAC,D11,J,FR	28.7 	29.8 	31.2 	35.3 	36.1 	36.9 	37.8 	38.8 
A,NAC,D11,J,HR	11 	12.2 	11.6 	16.7 	17.8 	20 	22.2 	23.8 
A,NAC,D11,J,HU	2632.2 	2957.3 	3497.7 	4785.5 	5131.9 	5868.1 	6824.4 	7702.8 
A,NAC,D11,J,IE	30.8 	33.1 	36.6 	43.6 	47.2 	50 	53.8 	59.7 
A,NAC,D11,J,IS	2863.0 p	3633.0 p	5117.8 	5828.2 	6474.0 p	6639.0 p	7099.0 p	7663.0 p
A,NAC,D11,J,IT	23.8 	25.4 	25 	25 	25.4 	25.9 	26.5 	27.1 
A,NAC,D11,J,LT	5.9 	7.3 	9.3 	17.4 	19.6 	22.9 	25.7 	28.2 
A,NAC,D11,J,LU	34.5 	38.1 	43.4 	47.1 	46.8 	48.9 	51.8 	53 
A,NAC,D11,J,LV	8.3 	8.7 	11.2 	14.7 	15.7 	16.9 	19.1 	20.8 
A,NAC,D11,J,ME	: 	7.9 	7.9 	: 	: 	: 	: 	: 
A,NAC,D11,J,MK	: 	345.5 	369.0 	: 	: 	: 	: 	: 
A,NAC,D11,J,MT	12.8 	: 	17.3 	22 	22.6 	21.7 	22.2 	22.7 
A,NAC,D11,J,NL	30.5 	32 	34 	38.2 	40.4 	41.5 	43.9 	: @C
A,NAC,D11,J,NO	: 	419.1 	466.1 	553.7 	576.3 	594.4 	627.4 	664.5 
A,NAC,D11,J,PL	38.7 	46.4 	52.5 	64.1 	70.1 	78.8 	87.2 	94.4 
A,NAC,D11,J,PT	: 	17.3 	15.3 	16.7 	17.5 	19.1 	20.3 	21.5 
A,NAC,D11,J,RO	20.3 	27.8 	38.5 	70.3 	75.9 	89.5 	103 	113.3 
A,NAC,D11,J,RS	: 	586.2 	830.3 	1360.8 	1629.9 	2145.7 	2380.6 	2624.3 
A,NAC,D11,J,SE	270.6 	289.8 	346 	375.1 	389.8 	403 	420.3 	439.2 
A,NAC,D11,J,SI	17.3 	19.1 	19.7 	23.4 	24.5 	25.8 	28.2 	30.6 
A,NAC,D11,J,SK	0.3 	12.9 	13.3 	16.3 	17.5 	18.5 	20.1 	21 
A,NAC,D11,J,TR	: 	29.5 	35.8 	58 	75 	129.9 	276.8 	552.3 
A,NAC,D11,J,UK	22.4 	23.3 	24.4 	: 	: 	: 	: 	: 
A,NAC,D11,K,AL	: 	449.1 	591.1 	: 	: 	: 	: 	: 
A,NAC,D11,K,AT	30.7 	35 	39.7 	41.2 	42.3 	42.1 	45.6 p	48.3 
A,NAC,D11,K,BA	: 	16.5 	16.9 	: 	: 	: 	: 	: 
A,NAC,D11,K,BE	37.4 	47 	44.5 	47 	47.3 	50.1 	54.8 	56 
A,NAC,D11,K,BG	8.8 	10.5 	12.1 	16.2 	16.5 	19 	21.3 	23.8 
A,NAC,D11,K,CH	: 	73.3 	73.0 	: 	: 	: 	: 	: 
A,NAC,D11,K,CY	25.4 	26.8 	23.1 	26.6 	26.2 	27.9 	29.9 	31.4 
A,NAC,D11,K,CZ	324.6 	363.2 	359.6 	440.9 	458.6 	491.2 	528.9 	552.2 
A,NAC,D11,K,DE	32.6 	35.5 	39.2 	44.2 	44.7 	47.5 	49.6 	52.9 
A,NAC,D11,K,DK	296.6 	338.8 	372 	411.5 	427.1 	434.2 	453.4 	464.1 
A,NAC,D11,K,EA19	31.1 	33.5 d	36.1 	39.2 	39.6 	41.8 	43.8 	45.7 
A,NAC,D11,K,EA20	30.9 	33.2 d	35.8 	38.9 	39.3 	41.5 	43.4 	45.3 
A,NAC,D11,K,EE	11.1 	10.9 	13.6 	17.4 	18.4 	19.4 	21.4 	23.4 
A,NAC,D11,K,EL	19.3 	19.9 	19 	20 	20.3 	22 	24.6 	23.8 
A,NAC,D11,K,ES	26.6 	29 	28.8 	31.3 	31.3 	32.2 	32.7 	34.6 
A,NAC,D11,K,FI	29.1 	32.7 	35.6 	38 	36.8 p	39.1 p	40.7 p	40.2 p
A,NAC,D11,K,FR	31.6 	33.1 	37.3 	39.7 	40.2 	42.7 	44.7 	45.9 
A,NAC,D11,K,HR	11.1 	11.5 	11.6 	13.5 	13.7 	14.5 	15.9 	17.4 
A,NAC,D11,K,HU	3008.3 	3291.5 	3642.3 	4874.8 	5190.5 	5870.6 	6949.5 	7680.7 
A,NAC,D11,K,IE	36.9 	34.6 	35.9 	41.8 	43.6 	44.4 	46.8 	48.7 
A,NAC,D11,K,IS	5131.2 	4535 	6332.8 	7763.8 	7135.0 p	7770.0 p	8395.0 p	8837.0 p
A,NAC,D11,K,IT	33.6 	33.6 	34.7 	36.6 	35.2 	37.3 	38.2 	39.2 
A,NAC,D11,K,LT	8.3 	8.2 	9.9 	16.6 	18.1 	20.4 	22.8 	24.8 
A,NAC,D11,K,LU	48 	52.1 	61.5 	70.5 	72.2 	76.8 	80.8 	82.8 
A,NAC,D11,K,LV	10 	9.8 	12.6 	15.3 	15.8 	16.9 	18.6 	20 
A,NAC,D11,K,ME	: 	10.1 	11.5 	: 	: 	: 	: 	: 
A,NAC,D11,K,MK	: 	434.9 	403.0 	: 	: 	: 	: 	: 
A,NAC,D11,K,MT	17 	: 	20.7 	23.4 	22.5 	24.1 	25.3 	24.7 
A,NAC,D11,K,NL	37 	40.4 	43.4 	44.2 	46.1 	47.6 	50.3 	: @C
A,NAC,D11,K,NO	: 	478.2 	532.2 	615.3 	642.2 	684.4 	693.9 	733 
A,NAC,D11,K,PL	37.4 	43.9 	49.6 	59.6 	63.6 	72.4 	81.8 	91 
A,NAC,D11,K,PT	26.7 	26.9 	27.3 	27.7 	26.3 	27.3 	27.2 	29.3 
A,NAC,D11,K,RO	29.6 	33.5 	38.1 	62.5 	64.1 	72.8 	83.5 	92.9 
A,NAC,D11,K,RS	: 	898.5 	966.1 	1093.4 	1178.5 	1276.9 	1407.7 	1581.6 
A,NAC,D11,K,SE	320.4 	343 	373.9 	433.7 	449.7 	468.9 	483.5 	500.1 
A,NAC,D11,K,SI	18.4 	19.3 	21.4 	23.5 	25 	27.1 	29.7 	30.9 
A,NAC,D11,K,SK	0.3 	12.4 	13.4 	16.5 	17.2 	18.6 	19.6 	21.3 
A,NAC,D11,K,TR	: 	33 	40.5 	85.8 	100 	171.8 	351.8 	681.2 
A,NAC,D11,K,UK	24.3 	26.5 	28.4 	: 	: 	: 	: 	: 
A,NAC,D11,K-N,MT	12.0 	11.7 	14.7 	17.3 	16.9 	17.7 	18.7 	: 
A,NAC,D11,L,MT	8.6 	: 	21.4 	23.5 	23.1 	23.2 	23.2 	: 
A,NAC,D11,M,AL	: 	327.4 	408.0 	: 	: 	: 	: 	: 
A,NAC,D11,M,AT	25.6 	28 	30 	34.2 	32.9 	36.5 	40.2 p	43.5 
A,NAC,D11,M,BA	: 	10.5 	11.1 	: 	: 	: 	: 	: 
A,NAC,D11,M,BE	: 	34.6 	33.4 	35.6 	36 	37.9 	41.4 	42.3 
A,NAC,D11,M,BG	6.7 	9.3 	12 	17 	18.3 	20.9 	23.5 	27.1 
A,NAC,D11,M,CH	: 	58.6 	61.6 	: 	: 	: 	: 	: 
A,NAC,D11,M,CY	15.1 	16.9 	16 	16.3 	16.4 	17.3 	18.7 	19.4 
A,NAC,D11,M,CZ	247.5 	266.9 	281.6 	362.8 	374.4 	390.6 	425.4 	461.2 
A,NAC,D11,M,DE	27.7 	30.8 	33 	36.5 	36.8 	40.5 	40.8 	43.6 
A,NAC,D11,M,DK	280.5 	317.1 	337.4 	364.4 	377.1 	381.1 	393.9 	408.4 
A,NAC,D11,M,EA19	24.3 	27.5 	29.1 	32 	32.4 	34.5 	35.6 	37.4 
A,NAC,D11,M,EA20	24.3 	27.4 	28.9 	31.8 	32.2 	34.3 	35.5 	37.2 
A,NAC,D11,M,EE	8.1 	9 	11.5 	13.6 	14.5 	16 	19.4 	20.3 
A,NAC,D11,M,EL	12 	12.3 	12.4 	11.7 	12.2 	14.7 	15.2 	16.2 
A,NAC,D11,M,ES	17.1 	18.1 	19.1 	20.4 	20.8 	21.2 	22.4 	23.7 
A,NAC,D11,M,FI	25 	30.9 	31.6 	33 	33.9 p	34.2 p	35.1 p	35.4 p
A,NAC,D11,M,FR	26 	29 	30.7 	34.9 	34.9 	36.2 	37.3 	38.2 
A,NAC,D11,M,HR	10.9 	14.9 	11.5 	12.8 	13.3 	14.4 	16.5 	18.5 
A,NAC,D11,M,HU	2111.1 	2516.8 	2933.2 	4115.1 	4443.3 	5221.4 	6025.9 	6743 
A,NAC,D11,M,IE	29.6 	30.7 	31.1 	33.5 	35.8 	37.3 	38.8 	40.9 
A,NAC,D11,M,IS	3186.0 p	3905.0 p	4839.0 p	5619.0 p	6153.0 p	6620.0 p	7170.0 p	7573.0 p
A,NAC,D11,M,IT	21.5 	24.9 	24.6 	25.5 	25.8 	26.5 	27.3 	27.9 
A,NAC,D11,M,LT	5.9 	6.1 	7.3 	13.4 	15.6 	18.1 	20.6 	22.4 
A,NAC,D11,M,LU	35.6 	40.4 	42.9 	55.8 	58 	61 	64.3 	66.5 
A,NAC,D11,M,LV	6.4 	7.2 	8.7 	13.2 	14.9 	16.2 	18.1 	20 
A,NAC,D11,M,ME	: 	4.7 	4.5 	: 	: 	: 	: 	: 
A,NAC,D11,M,MK	: 	320.2 	291.8 	: 	: 	: 	: 	: 
A,NAC,D11,M,MT	12.2 	10.9 	16.1 	21.6 	21.1 	21.5 	22.2 	21.7 
A,NAC,D11,M,NL	30 	32.9 	34.8 	37.8 	38.7 	40.2 	42.3 	: @C
A,NAC,D11,M,NO	: 	408.8 	467.1 	523.8 	551.9 	564.6 	597 	625.1 
A,NAC,D11,M,PL	25.9 	37 	42.1 	51.2 	56 	62.3 	69.5 	76.1 
A,NAC,D11,M,PT	: 	15 	14.4 	17.2 	17.4 	18.7 	20.1 	21.3 
A,NAC,D11,M,RO	18.7 	22.4 	30.4 	52.5 	56 	64 	71.9 	81.5 
A,NAC,D11,M,RS	: 	771 	840.6 	944.3 	1044.8 	1267.8 	1419.3 	1573.2 
A,NAC,D11,M,SE	260.4 	284.3 	308.2 	346.7 	356.2 	375.7 	395.6 	406.2 
A,NAC,D11,M,SI	15.8 	16.6 	18.6 	21.9 	23.1 	24.4 	27 	28.9 
A,NAC,D11,M,SK	0.3 	9.3 	9.9 	13.6 	13.2 	14.4 	16 	16.7 
A,NAC,D11,M,TR	: 	21 	26 	35.1 	41.5 	71.8 	146.6 	277.4 
A,NAC,D11,M,UK	: 	22.4 	24.3 	: 	: 	: 	: 	: 
A,NAC,D11,N,AL	: 	186.4 	274.3 	: 	: 	: 	: 	: 
A,NAC,D11,N,AT	15 	16.1 	17.1 	19.3 	20.4 	21.4 	22.8 p	25.1 
A,NAC,D11,N,BA	: 	7.3 	5.3 	: 	: 	: 	: 	: 
A,NAC,D11,N,BE	21.6 	22.7 	22 	23 	23.2 	24.7 	26.5 	27.1 
A,NAC,D11,N,BG	2.2 	3.3 	5.2 	7.7 	8.9 	10.5 	11.9 	13.8 
A,NAC,D11,N,CH	: 	38.2 	36.4 	: 	: 	: 	: 	: 
A,NAC,D11,N,CY	8.4 	9.1 	7.9 	11.4 	11.8 	12.7 	13.8 	14.7 
A,NAC,D11,N,CZ	109.4 	117.7 	132.2 	189.5 	194.8 	201.8 	222.9 	240.3 
A,NAC,D11,N,DE	12.6 	14.4 	16.4 	19.7 	20.1 	21.9 	23.6 	25 
A,NAC,D11,N,DK	199.2 	222.2 	225.9 	243.4 	247.1 	259.2 	267.3 	278 
A,NAC,D11,N,EA19	12.7 d	14.3 	15.1 	17.2 	17.4 	18.3 	19.5 	20.4 
A,NAC,D11,N,EA20	12.7 d	14.3 	15.1 	17.1 	17.4 	18.2 	19.4 	20.3 
A,NAC,D11,N,EE	5.1 	5.4 	6.9 	8.5 	9.1 	9.6 	10.8 	11.8 
A,NAC,D11,N,EL	8.8 	8.1 	8.8 	7.9 	8.3 	9.1 	9.5 	10.2 
A,NAC,D11,N,ES	10.1 	10.5 	10.9 	11.6 	12 	12.1 	13 	13.4 
A,NAC,D11,N,FI	12.7 	16.8 	18.6 	19.3 	20.6 p	20.7 p	22.7 p	24.0 p
A,NAC,D11,N,FR	15.8 	17.7 	17.7 	20.3 	20.5 	21.4 	22.5 	23.2 
A,NAC,D11,N,HR	5 	4.8 	5.5 	6.6 	6.6 	7.4 	8.7 	9.7 
A,NAC,D11,N,HU	949 	1192.5 	1427.6 	2155.7 	2289 	2621.4 	3101.1 	3463.5 
A,NAC,D11,N,IE	17.6 	17.7 	19.5 	22.7 	24.5 	24.8 	25.9 	27.1 
A,NAC,D11,N,IS	2154.0 p	2724.0 p	3547.0 p	4285.0 p	4641.0 p	5089.0 p	5519.0 p	5931.0 p
A,NAC,D11,N,IT	12 	13.1 	13.1 	13.5 	13.5 	13.5 	13.5 	13.7 
A,NAC,D11,N,LT	3.6 	3.4 	4.5 	8 	8.5 	10.2 	11.9 	12.8 
A,NAC,D11,N,LU	: 	17.5 	19.9 	25.1 	25.9 	27.2 	29.5 	30.1 
A,NAC,D11,N,LV	4.1 	4 	5.6 	7.6 	7.8 	8.3 	8.9 	10.4 
A,NAC,D11,N,ME	: 	3.5 	3.3 	: 	: 	: 	: 	: 
A,NAC,D11,N,MK	: 	162.4 	178.6 	: 	: 	: 	: 	: 
A,NAC,D11,N,MT	8.3 	8.7 	10.8 	11.8 	11.7 	12.4 	13.5 	13.1 
A,NAC,D11,N,NL	15.8 	17.2 	18 	19.9 	19.9 	20.9 	22.8 	: @C
A,NAC,D11,N,NO	: 	271.5 	299.6 	347.7 	360.3 	351.6 	380.1 	412.7 
A,NAC,D11,N,PL	16.2 	18.7 	21.8 	31.2 	34.1 	38.1 	44.4 	50.5 
A,NAC,D11,N,PT	5.7 	6.7 	6.6 	7.8 	7.2 	7.5 	8.1 	8.6 
A,NAC,D11,N,RO	7.1 	9.1 	14.5 	27.3 	29.1 	32.8 	39.9 	43.6 
A,NAC,D11,N,RS	: 	326.8 	425.2 	603.3 	638.6 	737.3 	829.7 	950.5 
A,NAC,D11,N,SE	164.3 	184.3 	204.4 	227.7 	231.6 	240.3 	253.6 	266.8 
A,NAC,D11,N,SI	8.3 	8.9 	10.2 	13.2 	13.8 	15.1 	17 	18.5 
A,NAC,D11,N,SK	0.1 	4.4 	5.3 	7.5 	8.2 	9.2 	10 	10.4 
A,NAC,D11,N,TR	: 	7.7 	15 	21.7 	26.5 	44.4 	92.2 	184.1 
A,NAC,D11,N,UK	12.3 	12.8 	14.3 	: 	: 	: 	: 	: 
A,NAC,D11,O-S,MT	: 	: 	15.3 d	19.1 	20.5 	21.0 	21.2 	: 
A,NAC,D11,P,AL	: 	309.7 	352.7 	: 	: 	: 	: 	: 
A,NAC,D11,P,AT	21.7 	23.3 	24.4 	28.3 	27.8 	29.9 	30.9 p	34.9 
A,NAC,D11,P,BA	: 	11.0 	11.4 	: 	: 	: 	: 	: 
A,NAC,D11,P,BE	24.2 	36.7 	46.9 	50.3 	50.8 	53.4 	58.4 	59.6 
A,NAC,D11,P,BG	4.4 	5.6 	7.1 	12.2 	13.7 	15.3 	17.8 	20.4 
A,NAC,D11,P,CH	: 	58.8 	56.0 	: 	: 	: 	: 	: 
A,NAC,D11,P,CY	29.3 	21.9 	24.8 	26.3 	26.3 	27.5 	29.4 	30 
A,NAC,D11,P,CZ	159.6 	174.8 	191.6 	289.8 	305.3 	309.4 	324.3 	326.2 
A,NAC,D11,P,DE	22.4 	24.8 	26.2 	29.3 	29.6 	29.1 	29.7 	31.1 
A,NAC,D11,P,DK	233.1 	258.5 	271.3 	294.7 	299.2 	304.2 	311 	328.3 
A,NAC,D11,P,EA19	25.2 d	22.7 d	24.2 	26.3 	26.5 	26.8 	27.9 	29.1 
A,NAC,D11,P,EA20	25.1 d	22.4 d	23.9 	26 	26.2 	26.5 	27.6 	28.9 
A,NAC,D11,P,EE	5.3 	5.4 	7.6 	10.2 	10.6 	11.4 	13.3 	14.3 
A,NAC,D11,P,EL	20.6 	14.5 	16.3 	13.3 	14 	13.5 	14.4 	14.9 
A,NAC,D11,P,ES	17.5 	17.9 	18.2 	19.2 	18.9 	19.6 	20.3 	20.9 
A,NAC,D11,P,FI	23.1 	26.6 	29.3 	30.3 	30.0 p	30.9 p	32.0 p	33.3 p
A,NAC,D11,P,FR	: 	22.4 	23.6 	26.3 	: @C	: @C	: @C	: @C
A,NAC,D11,P,HR	7.9 	8.6 	8.3 	9.7 	10.3 	10.9 	12.4 	15.2 
A,NAC,D11,P,HU	1467.7 	1425.1 	1950.7 	2635.2 	2916 	3317.8 	3903.8 	4955.2 
A,NAC,D11,P,IE	39.8 	41.6 	41.8 	45.7 	47.2 	49.4 	50.7 	52.9 
A,NAC,D11,P,IS	2178.7 	2596.7 	3525.8 	4389.7 	4607.0 p	4964.0 p	5370.0 p	5712.0 p
A,NAC,D11,P,IT	21.6 	27 	26.3 	26.5 	26.6 	26.6 	26.7 	27.9 
A,NAC,D11,P,LT	4.2 	4.7 	5.1 	9.1 	10.1 	11.6 	13.3 	15.2 
A,NAC,D11,P,LU	34.4 	38.2 	43.1 	45.5 	45.5 	47.7 	51 	52.3 
A,NAC,D11,P,LV	4.8 	4.1 	5.1 	6.7 	7.5 	8.2 	9.4 	10.8 
A,NAC,D11,P,ME	: 	4.7 	5.6 	: 	: 	: 	: 	: 
A,NAC,D11,P,MK	: 	202.5 	222.9 	: 	: 	: 	: 	: 
A,NAC,D11,P,NL	27 	30 	32.4 	34.5 	33.9 	35.6 	38.7 	: @C
A,NAC,D11,P,NO	: 	311.9 	353.3 	410 	406.9 	424.3 	450.3 	468.5 
A,NAC,D11,P,PL	25.8 	36.4 	40.1 	48.5 	51.5 	54.6 	61.3 	75.6 
A,NAC,D11,P,PT	15.5 	14.5 	16.7 	17.7 	18 	18.7 	19.7 	20.7 
A,NAC,D11,P,RO	14 	12.7 	19.4 	45.3 	45.4 	47.4 	58.1 	72.1 
A,NAC,D11,P,RS	: 	505.5 	489.4 	701.1 	718.6 	783.6 	890.5 	1031.2 
A,NAC,D11,P,SE	175.3 	183.7 	204.2 	233.9 	240.4 	245.1 	252.6 	261.9 
A,NAC,D11,P,SI	13.7 	14.1 	14.2 	18.5 	19.8 	19.1 	20.9 	21.8 
A,NAC,D11,P,SK	0.1 	5.7 	7.2 	10.7 	10.8 	11 	12.1 	13.1 
A,NAC,D11,P,TR	: 	14.4 	27.6 	44.4 	: 	: 	: 	: 
A,NAC,D11,P,UK	17.8 	19.9 	24.1 	: 	: 	: 	: 	: 
A,NAC,D11,P-S,AL	: 	292.2 	337.2 	: 	: 	: 	: 	: 
A,NAC,D11,P-S,AT	19.7 	21.5 	23.2 	26.5 	26.5 	28.4 	29.9 p	33.7 
A,NAC,D11,P-S,BA	: 	11.3 	11.4 	: 	: 	: 	: 	: 
A,NAC,D11,P-S,BE	23.2 	26.8 	32.4 	34.7 	35 	37.4 	40.3 	41.3 
A,NAC,D11,P-S,BG	4.2 	5.5 	7.1 	11.3 	13.1 	14.3 	16.1 	18.5 
A,NAC,D11,P-S,CH	: 	49.2 	47.8 	: 	: 	: 	: 	: 
A,NAC,D11,P-S,CY	22.5 	15.9 	19 	19.8 	19.9 	20.8 	22.4 	23.2 
A,NAC,D11,P-S,CZ	152.8 	172.4 	192 	293.4 	314.9 	306.4 	324.2 	339 
A,NAC,D11,P-S,DE	19.9 	21.9 	23.9 	27 	27.4 	28 	29.1 	30.7 
A,NAC,D11,P-S,DK	212.9 	238 	250.1 	272.6 	276.4 	282.3 	288.1 	303.2 
A,NAC,D11,P-S,EA19	18.8 d	20.5 	21.8 	24.3 	24.6 	25.2 	26.3 	27.5 
A,NAC,D11,P-S,EA20	18.7 d	20.4 	21.6 	24.1 	24.4 	25 	26.1 	27.4 
A,NAC,D11,P-S,EE	5.4 	5.5 	7.5 	10.2 	10.9 	11.6 	13.6 	14.6 
A,NAC,D11,P-S,EL	16.1 	13 	13.3 	11 	11.2 	11 	11.4 	11.6 
A,NAC,D11,P-S,ES	16.5 	16.8 	17.4 	18.6 	18.6 	19 	19.8 	20.5 
A,NAC,D11,P-S,FI	19.8 	22.9 	24.3 	25.6 	26.8 p	27.6 p	28.2 p	29.1 p
A,NAC,D11,P-S,FR	18.3 d	20.3 	20.8 	23.9 	24.5 	25.3 	26.5 	27.2 
A,NAC,D11,P-S,HR	8.1 	8.6 	8.5 	9.9 	10.3 	11 	12.6 	15.4 
A,NAC,D11,P-S,HU	1325.4 	1231.1 	1429.1 	2361.7 	2696.2 	3220 	3737.8 	4446.7 
A,NAC,D11,P-S,IE	31.7 	31.8 	29.8 	33.4 	34.2 	35.8 	37.4 	38.9 
A,NAC,D11,P-S,IS	2181.6 d	2624.8 d	3460.0 d	4364.6 d	4761.0 p	5157.0 p	5561.0 p	5906.0 p
A,NAC,D11,P-S,IT	21.4 	23.1 	22.8 	23.8 	23.7 	23.7 	23.8 	24.7 
A,NAC,D11,P-S,LT	4.1 	4.4 	5.1 	9.9 	11.1 	12.5 	14 	15.9 
A,NAC,D11,P-S,LU	29.6 	32.7 	35.7 	45.6 	47.1 	49 	52.1 	53 
A,NAC,D11,P-S,LV	4.6 	4.1 	5.2 	7.4 	8.7 	9.1 	10.1 	11.2 
A,NAC,D11,P-S,ME	: 	4.4 	5.4 	: 	: 	: 	: 	: 
A,NAC,D11,P-S,MK	: 	207.3 	230.3 	: 	: 	: 	: 	: 
A,NAC,D11,P-S,MT	10.9 	12.6 	15.3 	19.1 	20.3 	20.5 	20.6 	23.2 
A,NAC,D11,P-S,NL	23.6 	25.4 	28.3 	31.9 	31.6 	32.4 	34.9 	36.9 
A,NAC,D11,P-S,NO	: 	323.2 	357.7 	422.9 	424.2 	435.1 	464.8 	484.4 
A,NAC,D11,P-S,PL	23.7 	29.7 	33.7 	43.7 	47.7 	51.3 	58.2 	69.6 
A,NAC,D11,P-S,PT	12.3 	12.1 	13.1 	14.4 	14.5 	15 	15.9 	17.2 
A,NAC,D11,P-S,RO	13.1 	12.5 	19.2 	46.1 	46.7 	48.8 	55.5 	65.5 
A,NAC,D11,P-S,RS	: 	483.9 	486.4 	691 	745.1 	812.3 	910.6 	1038.8 
A,NAC,D11,P-S,SE	179.1 	195.5 	212.9 	244.1 	249.5 	256.3 	264.7 	273.1 
A,NAC,D11,P-S,SI	13.2 	13.8 	14.2 	18.4 	19.4 	18.8 	20.6 	21.4 
A,NAC,D11,P-S,SK	0.2 	5.8 	7.1 	10.3 	11 	11.3 	12.5 	13.5 
A,NAC,D11,P-S,TR	: 	15.2 	24.3 	42.9 	: 	: 	: 	: 
A,NAC,D11,P-S,UK	16.5 d	17.9 	20.6 	: 	: 	: 	: 	: 
A,NAC,D11,Q,AL	: 	268.9 	324.3 	: 	: 	: 	: 	: 
A,NAC,D11,Q,AT	19.5 	21.1 	23.3 	26.2 	26.4 	28.5 	30.0 p	34.5 
A,NAC,D11,Q,BA	: 	12.5 	12.5 	: 	: 	: 	: 	: 
A,NAC,D11,Q,BE	22.7 	23.7 	26.2 	27.9 	28.2 	30.5 	32.4 	33.4 
A,NAC,D11,Q,BG	4.3 	5.7 	7.6 	11.1 	13.5 	14 	15.3 	17.4 
A,NAC,D11,Q,CH	: 	43.6 	44.7 	: 	: 	: 	: 	: 
A,NAC,D11,Q,CY	15.1 	12.4 	14.9 	13.3 	13.3 	13.5 	14.9 	15.7 
A,NAC,D11,Q,CZ	152.6 	178.1 	200.7 	311.9 	345.1 	325.1 	341.8 	369.3 
A,NAC,D11,Q,DE	18.7 	20.8 	22.7 	25.9 	26.3 	27.4 	28.8 	30.5 
A,NAC,D11,Q,DK	199 	224.8 	238 	260 	262.5 	269.7 	274.7 	289.1 
A,NAC,D11,Q,EA19	18.5 	19.7 d	20.8 	23.4 	23.8 	24.7 	25.8 	27 
A,NAC,D11,Q,EA20	18.5 	19.6 d	20.7 	23.3 	23.7 	24.6 	25.7 	27 
A,NAC,D11,Q,EE	5.7 	5.8 	7.9 	10.7 	11.9 	12.6 	14.9 	16.3 
A,NAC,D11,Q,EL	13 	11.8 	11 	9.8 	9.5 	9.8 	9.4 	9.2 
A,NAC,D11,Q,ES	17.5 	17.3 	18 	19 	19.2 	19.6 	20.5 	21.3 
A,NAC,D11,Q,FI	18.4 	21.3 	22.4 	24.1 	25.8 p	26.7 p	27.1 p	27.8 p
A,NAC,D11,Q,FR	18 	19 	19.5 	22.7 	: @C	: @C	: @C	: @C
A,NAC,D11,Q,HR	8.6 	8.8 	8.8 	10.4 	10.7 	11.5 	13.4 	16.6 
A,NAC,D11,Q,HU	1171.9 	1023.8 	1039.6 	2064.5 	2478.2 	3119 	3576.7 	4011.8 
A,NAC,D11,Q,IE	30 	29 	25.8 	28.4 	28.9 	30.4 	32.1 	33.3 
A,NAC,D11,Q,IS	2232.7 	2720.4 	3462.6 	4408.1 	4882.0 p	5323.0 p	5728.0 p	6060.0 p
A,NAC,D11,Q,IT	21.9 	20.9 	20.8 	21.6 	21.4 	21.5 	21.5 	22.1 
A,NAC,D11,Q,LT	4.3 	4.3 	5.2 	11.6 	13.2 	14.3 	15.6 	17.8 
A,NAC,D11,Q,LU	30.2 	33 	35.5 	45.9 	47.9 	49.7 	52.8 	53.8 
A,NAC,D11,Q,LV	4.5 	4.1 	5.2 	8.6 	10.9 	11.1 	11.7 	12.5 
A,NAC,D11,Q,ME	: 	4.2 	5.6 	: 	: 	: 	: 	: 
A,NAC,D11,Q,MK	: 	215.7 	242.2 	: 	: 	: 	: 	: 
A,NAC,D11,Q,MT	9.6 	: 	15.3 	15.7 	17.8 	19.5 	19.8 	20.8 
A,NAC,D11,Q,NL	22.3 	23.8 	26.9 	31.1 	30.9 	31.6 	33.8 	: @C
A,NAC,D11,Q,NO	: 	331.9 	365.5 	442.9 	444.6 	452.8 	480.3 	504.3 
A,NAC,D11,Q,PL	21.7 	24.3 	27.7 	39.7 	45.7 	49.6 	57.1 	65.9 
A,NAC,D11,Q,PT	9.6 	10.3 	10.7 	12.1 	12 	12.5 	13.4 	15.2 
A,NAC,D11,Q,RO	12.8 	13 	20.7 	50.7 	51.6 	53.4 	57.3 	65.2 
A,NAC,D11,Q,RS	: 	480.3 	497.8 	714.2 	812.8 	874.7 	966.7 	1091.5 
A,NAC,D11,Q,SE	181.6 	203.9 	218.8 	250.7 	256.1 	264.6 	273.1 	280.8 
A,NAC,D11,Q,SI	12.5 	13.5 	14.1 	18.4 	19.2 	18.5 	20.1 	20.9 
A,NAC,D11,Q,SK	0.2 	6.1 	7.5 	10.5 	11.9 	12.3 	13.9 	15 
A,NAC,D11,Q,TR	: 	16.3 	23 	40.2 	: 	: 	: 	: 
A,NAC,D11,Q,UK	15.8 	17 	18.6 	: 	: 	: 	: 	: 
A,NAC,D11,R,AL	: 	271.7 	299.9 	: 	: 	: 	: 	: 
A,NAC,D11,R,AT	18.4 	22.3 	22.8 	27.4 	24 	26.7 	28.4 p	29.8 
A,NAC,D11,R,BA	: 	7.5 	6.8 	: 	: 	: 	: 	: 
A,NAC,D11,R,BE	19.3 	20.8 	23.5 	24.1 	24.3 	26.2 	28.3 	29 
A,NAC,D11,R,BG	3.3 	4.8 	6.1 	9.3 	10.6 	12.4 	13.9 	16.5 
A,NAC,D11,R,CH	: 	47.4 	44.1 	: 	: 	: 	: 	: 
A,NAC,D11,R,CY	10.8 	12 	12.9 	13.2 	13.5 	16 	16.3 	17.2 
A,NAC,D11,R,CZ	132.9 	145.4 	164.5 	254.8 	252.3 	237.8 	263.6 	276.5 
A,NAC,D11,R,DE	20.3 	20.9 	23.2 	27.9 	28.8 	28.6 	30 	32.2 
A,NAC,D11,R,DK	217 	240 	238.6 	262.6 	273.9 	271.7 	278.3 	291.6 
A,NAC,D11,R,EA19	16.3 d	19.1 	19.8 	23.5 	23.6 	23.1 	24.1 	25.5 
A,NAC,D11,R,EA20	16.2 d	18.8 	19.5 	23.1 	23.2 	22.8 	23.8 	25.1 
A,NAC,D11,R,EE	4.7 	4.9 	6.2 	8.6 	9.3 	9.9 	11.9 	11.7 
A,NAC,D11,R,EL	10.8 	11.8 	11.4 	9.2 	8.9 	8.3 	9.2 	9.9 
A,NAC,D11,R,ES	12.6 	13 	13.9 	16.8 	16.7 	15.6 	16.2 	17 
A,NAC,D11,R,FI	17.5 	20.8 	22 	24 	24.3 p	24.9 p	25.4 p	26.4 p
A,NAC,D11,R,FR	20.6 	24 	24.3 	26.4 	26.4 	25.9 	26.2 	26.6 
A,NAC,D11,R,HR	7.2 	7.7 	7.8 	8.9 	9 	9.6 	11 	12.9 
A,NAC,D11,R,HU	1288.6 	1447.2 	1644.2 	2762.7 	3023.6 	3542 	4094.5 	4555.5 
A,NAC,D11,R,IE	18 	19.9 	21.4 	23.7 	25.2 	25.5 	26.6 	27.3 
A,NAC,D11,R,IS	1896.2 	2275.1 	3102.5 	3928.7 	4522.0 p	4876.0 p	5246.0 p	5589.0 p
A,NAC,D11,R,IT	16.2 	28.3 	25.5 	34.8 	34.6 	32.7 	33.7 	36.7 
A,NAC,D11,R,LT	3.3 	3.2 	4.2 	7.9 	8.7 	9.9 	11.6 	13 
A,NAC,D11,R,LU	25.8 	29.4 	36.1 	40.5 	39.8 	41 	43.8 	44.4 
A,NAC,D11,R,LV	4.3 	3.8 	5 	7 	7.8 	8.2 	9.1 	10.1 
A,NAC,D11,R,ME	: 	3.7 	4.4 	: 	: 	: 	: 	: 
A,NAC,D11,R,MK	: 	193.1 	208.0 	: 	: 	: 	: 	: 
A,NAC,D11,R,MT	9.3 	13.6 	17.2 	23.5 	23.7 	24 	22.9 	25.1 
A,NAC,D11,R,NL	21.7 	22.7 	23.8 	30.9 	29.4 	26.9 	28.3 	: @C
A,NAC,D11,R,NO	: 	297.7 	323 	342.2 	353.1 	371 	397.3 	419.1 
A,NAC,D11,R,PL	20.4 	23.6 	27 	34.3 	35.9 	41.4 	47.6 	54.5 
A,NAC,D11,R,PT	: 	12.6 	11.9 	18.5 	19.5 	18.3 	18.9 	19.9 
A,NAC,D11,R,RO	11.5 	10.6 	14.8 	34.3 	35.3 	38.5 	42.8 	47.9 
A,NAC,D11,R,RS	: 	400.7 	418.2 	542.6 	562.8 	652.5 	746.2 	847.3 
A,NAC,D11,R,SE	171.8 	190.1 	205.5 	239.4 	239.2 	242.5 	251.1 	265.4 
A,NAC,D11,R,SI	14.3 	14.1 	15.3 	19.1 	20.1 	20.4 	22.7 	23.5 
A,NAC,D11,R,SK	0.2 	4.9 	5.7 	9.1 	10.3 	10.2 	10.4 	11.2 
A,NAC,D11,R,TR	: 	15 	21.9 	73.9 	: 	: 	: 	: 
A,NAC,D11,R,UK	: 	16.4 	20.2 	: 	: 	: 	: 	: 
A,NAC,D11,S,AL	: 	238.9 	330.5 	: 	: 	: 	: 	: 
A,NAC,D11,S,AT	16.9 	19.5 	21.1 	23.7 	25.6 	26.4 	28.2 p	31.1 
A,NAC,D11,S,BA	: 	12.1 	11.6 	: 	: 	: 	: 	: 
A,NAC,D11,S,BE	22.6 	23.6 	30.1 	31.9 	32.2 	34 	37.2 	37.9 
A,NAC,D11,S,BG	3 	4.3 	5.3 	8 	8.9 	10.4 	11.1 	13.6 
A,NAC,D11,S,CH	: 	45.5 	45.1 	: 	: 	: 	: 	: 
A,NAC,D11,S,CY	9.3 	10.5 	11.7 	10.8 	11.1 	11.8 	12.6 	13.4 
A,NAC,D11,S,CZ	128.7 	146.4 	162.8 	214.1 	223.8 	213.6 	246 	261.6 
A,NAC,D11,S,DE	18.3 	20.5 	23.5 	25.5 	26 	26.5 	27.2 	28.6 
A,NAC,D11,S,DK	252.8 	271.6 	281.1 	309.7 	318.4 	321.1 	328.9 	341.4 
A,NAC,D11,S,EA19	16.6 	18.7 d	19.9 d	22.1 	22.3 	22.8 	23.7 	24.9 
A,NAC,D11,S,EA20	16.7 	18.7 d	19.9 d	21.9 	22.1 	22.6 	23.5 	24.6 
A,NAC,D11,S,EE	5.5 	5.7 	6 	8.7 	9.2 	9.3 	10 	11.1 
A,NAC,D11,S,EL	11.2 	10.2 	7.7 	8.9 	9.2 	8.6 	9.1 	10 
A,NAC,D11,S,ES	11.1 	12.7 	12 	13.7 	13.6 	13.8 	14.5 	15.1 
A,NAC,D11,S,FI	19.1 	26.1 	26.8 	23.8 	28.3 p	28.2 p	29.4 p	31.1 p
A,NAC,D11,S,FR	: @C	: @C	: @C	: @C	: @C	: @C	: @C	: @C
A,NAC,D11,S,HR	7.2 	7.9 	8.8 	8.3 	8.3 	9.4 	10.9 	11.8 
A,NAC,D11,S,HU	1145.8 	1170.5 	1468.5 	2258.7 	2292.6 	2793.3 	3185.9 	3671.8 
A,NAC,D11,S,IE	20 	20 	20.9 	21.7 	22.4 	22.7 	24.3 	25.2 
A,NAC,D11,S,IS	2669.0 p	3343.0 p	4229.0 p	4933.0 p	5403.0 p	5650.0 p	6051.0 p	6465.0 p
A,NAC,D11,S,IT	13.5 	13.9 	13.7 	14.6 	14.3 	14.4 	14.9 	15 
A,NAC,D11,S,LT	3.5 	3.5 	4.8 	8.7 	9.7 	11 	12 	13.4 
A,NAC,D11,S,LU	21.1 	26.5 	28.2 	36.6 	36.5 	38 	40.2 	41 
A,NAC,D11,S,LV	3.1 	3.9 	5.7 	8.5 	8.9 	9.1 	10.3 	11.9 
A,NAC,D11,S,ME	: 	4.9 	4.4 	: 	: 	: 	: 	: 
A,NAC,D11,S,MK	: 	236.7 	310.8 	: 	: 	: 	: 	: 
A,NAC,D11,S,MT	7.5 	: 	10.6 	12.8 	13.2 	13.9 	16.3 	16.4 
A,NAC,D11,S,NL	21.7 	24.3 	26.5 	29.6 	30.1 	30.8 	32.9 	: @C
A,NAC,D11,S,NO	: 	307.9 	327.8 	404.1 	415.4 	417.5 	497.7 	470.8 
A,NAC,D11,S,PL	23.7 	19.6 	27.4 	30.3 	33.7 	34.6 	39.9 	44.5 
A,NAC,D11,S,PT	10.1 	10 	10.6 	10.2 	10.9 	10.6 	11.5 	12.2 
A,NAC,D11,S,RO	6.8 	8.5 	13.3 	26 	27.2 	32.7 	35.5 	42.2 
A,NAC,D11,S,RS	: 	488.1 	460.8 	596.3 	599.3 	671.9 	752 	849.5 
A,NAC,D11,S,SE	183.2 	203.6 	215.5 	246 	250.7 	253.7 	267 	272.3 
A,NAC,D11,S,SI	11.3 	11.3 	12.9 	15 	15.3 	15.9 	18.2 	19.5 
A,NAC,D11,S,SK	0.1 	4.7 	5.1 	6.8 	7.4 	7.8 	8.6 	8.9 
A,NAC,D11,S,TR	: 	11.2 	17.1 	28.1 	: 	: 	: 	: 
A,NAC,D11,S,UK	15.3 	16.8 	17.6 	: 	: 	: 	: 	: 
A,NAC,D12_D4_MD5,B,AL	: 	57.3 	69.2 	: 	: 	: 	: 	: 
A,NAC,D12_D4_MD5,B,AT	8.6 	10.8 	11.2 	12.4 	12.3 	11.8 	12.8 p	14 
A,NAC,D12_D4_MD5,B,BA	: 	1.4 	1.5 	: 	: 	: 	: 	: 
A,NAC,D12_D4_MD5,B,BE	: 	15.7 	11.2 	11.1 	11.3 	12.1 	12.9 	13.2 
A,NAC,D12_D4_MD5,B,BG	2.3 	3 	3.5 	3 	3 	3.5 	3.9 	4.2 
A,NAC,D12_D4_MD5,B,CH	: 	11.3 	12.0 	: 	: 	: 	: 	: 
A,NAC,D12_D4_MD5,B,CY	2.5 	2.6 	2.5 	3.2 	3.8 	3.8 	4.1 	4.4 
A,NAC,D12_D4_MD5,B,CZ	87.7 	100.3 	99 	126.6 	147.4 	129.5 	144.1 	149.8 
A,NAC,D12_D4_MD5,B,DE	10.8 	13.9 	11.9 	10.2 	10.2 	12.2 	12.8 	13.3 
A,NAC,D12_D4_MD5,B,DK	37.7 	48.7 	47.8 	53.8 	: @C	: @C	: @C	: @C
A,NAC,D12_D4_MD5,B,EA19	8.6 	10.3 	10.1 	9.7 	9.5 	10.3 	10.8 	11.2 
A,NAC,D12_D4_MD5,B,EA20	8.5 	10.1 	10 	9.5 d	9.3 	10.1 	10.6 	10.9 
A,NAC,D12_D4_MD5,B,EE	2.5 	: 	3.5 	4.4 	4.7 	5.2 	5.6 	5.8 
A,NAC,D12_D4_MD5,B,EL	4.2 	5.3 	5.6 	3.5 	3.3 	3.1 	3 	3.6 
A,NAC,D12_D4_MD5,B,ES	6.7 	7.9 	8.8 	10.2 	9.4 	8.5 	10.2 	10.3 
A,NAC,D12_D4_MD5,B,FI	6.5 	7.1 	6.2 	5.8 	8.4 p	8.0 p	7.8 p	7.3 p
A,NAC,D12_D4_MD5,B,FR	11.3 	11.3 	12.4 	12.3 	12.4 	12.5 	12.8 	13.5 
A,NAC,D12_D4_MD5,B,HR	1.9 	2.5 	3.2 	2 	1.9 	1.9 	2.2 	2.3 
A,NAC,D12_D4_MD5,B,HU	645.1 	686.3 	692.8 	630.3 	606.3 	601.8 	687.1 	787.8 
A,NAC,D12_D4_MD5,B,IE	5.2 	5.3 	7.5 	5 	5.1 	6.3 	6.7 	6.5 
A,NAC,D12_D4_MD5,B,IS	: @C	: @C	: @C	: @C	: @C	: @C	: @C	: @C
A,NAC,D12_D4_MD5,B,IT	12.3 	13.5 	12.6 	12.5 	11.8 	12.4 	12.7 	12.5 
A,NAC,D12_D4_MD5,B,LT	2 	1.8 	2.4 	0.5 	0.6 	0.5 	0.6 	0.6 
A,NAC,D12_D4_MD5,B,LU	: 	3.2 	3.7 	4.4 	4.3 	4.4 	4.8 	4.9 
A,NAC,D12_D4_MD5,B,LV	1.3 	1.2 	1.7 	2.4 	2.2 	2.5 	2.8 	3.2 
A,NAC,D12_D4_MD5,B,ME	: 	1.5 	1.0 	: 	: 	: 	: 	: 
A,NAC,D12_D4_MD5,B,MK	: 	13.0 	15.3 	: 	: 	: 	: 	: 
A,NAC,D12_D4_MD5,B,MT	: 	: 	0.7 	0.9 	1 	1 	1 	0.9 
A,NAC,D12_D4_MD5,B,NL	11.9 	11.2 	16 	16.5 	15.2 	20.5 	20.8 	: @C
A,NAC,D12_D4_MD5,B,NO	: 	152.3 	174.8 	208 	208.7 	229.9 	310.6 	316.2 
A,NAC,D12_D4_MD5,B,PL	10.6 	14.8 	15 	17.4 	18.3 	22.3 	26.1 	28 
A,NAC,D12_D4_MD5,B,PT	2.3 	2.6 	3.1 	3.8 	4 	4.1 	4.3 	4.7 
A,NAC,D12_D4_MD5,B,RO	11.3 	10.3 	11.5 	6.5 	7.4 	5.5 	6.2 	6.8 
A,NAC,D12_D4_MD5,B,RS	: 	74.3 	82.2 	141.2 	155.2 	166.6 	184 	204.5 
A,NAC,D12_D4_MD5,B,SE	111.3 	142.1 	164.8 	168.9 	180.9 	186.6 	197.2 	205 
A,NAC,D12_D4_MD5,B,SI	4.5 	4.4 	5.1 	4.1 	4.7 	5.1 	5.5 	5.9 
A,NAC,D12_D4_MD5,B,SK	0.1 	2.8 	3.3 	3.8 	3.8 	5 	4.9 	6.2 
A,NAC,D12_D4_MD5,B,TR	: 	4 	5.4 	6.8 	8.3 	14.4 	33.2 	65.1 
A,NAC,D12_D4_MD5,B,UK	5.4 	6.9 	7.3 	: 	: 	: 	: 	: 
A,NAC,D12_D4_MD5,B-E,AL	: 	42.1 	46.6 	: 	: 	: 	: 	: 
A,NAC,D12_D4_MD5,B-E,AT	7.8 	8.8 	9.5 	10.7 	10.9 	11.4 	12.4 p	13.3 
A,NAC,D12_D4_MD5,B-E,BA	: 	0.8 	0.8 	: 	: 	: 	: 	: 
A,NAC,D12_D4_MD5,B-E,BE	12.8 	13.8 	11.8 	11.2 	11.4 	12.2 	13 	13.4 
A,NAC,D12_D4_MD5,B-E,BG	1 	1.2 	1.4 	1.7 	1.7 	2 	2.3 	2.6 
A,NAC,D12_D4_MD5,B-E,CH	: 	12.4 	11.7 	: 	: 	: 	: 	: 
A,NAC,D12_D4_MD5,B-E,CY	2.5 	2.8 	2 	2.5 	2.6 	2.7 	2.9 	3.1 
A,NAC,D12_D4_MD5,B-E,CZ	61.2 	68.6 	76.7 	105.3 	112.3 	118.8 	128.9 	136.8 
A,NAC,D12_D4_MD5,B-E,DE	7.2 	7.8 	8.4 	9.5 	9.5 	10.6 	10.9 	11.3 
A,NAC,D12_D4_MD5,B-E,DK	32.6 	39 	42.2 	43 	47.4 	49.9 	51.3 	53.2 
A,NAC,D12_D4_MD5,B-E,EA19	7.1 	8 	8 	8.8 	8.8 	9.4 	9.8 	10.2 
A,NAC,D12_D4_MD5,B-E,EA20	7.1 	7.9 	7.9 	8.6 	8.6 	9.3 	9.7 	10.1 
A,NAC,D12_D4_MD5,B-E,EE	2 	2.3 	2.8 	3.4 	3.6 	4.1 	4.4 	4.8 
A,NAC,D12_D4_MD5,B-E,EL	4.1 	4 	3.6 	3.3 	3.1 	3.2 	3.4 	3.7 
A,NAC,D12_D4_MD5,B-E,ES	5.6 	6.2 	6 	6.7 	6.7 	6.7 	7.1 	7.5 
A,NAC,D12_D4_MD5,B-E,FI	7 	7.5 	8.1 	6.8 	6.8 p	7.1 p	7.4 p	7.3 p
A,NAC,D12_D4_MD5,B-E,FR	11 	12.4 	11.7 	13.3 	13.2 	13.6 	14.1 	14.8 
A,NAC,D12_D4_MD5,B-E,HR	1.3 	1.3 	1.5 	1.2 	1.3 	1.4 	1.5 	1.8 
A,NAC,D12_D4_MD5,B-E,HU	577.1 	549.6 	658 	648.2 	641.2 	617.6 	716.1 	793.3 
A,NAC,D12_D4_MD5,B-E,IE	4.9 	5.5 	5.7 	4.7 	5.3 	6.3 	6.6 	7.2 
A,NAC,D12_D4_MD5,B-E,IS	487.7 d	716.7 d	917.3 d	1229.6 d	1286.0 p	1405.0 p	1529.0 p	1645.0 p
A,NAC,D12_D4_MD5,B-E,IT	7.1 	7.7 	7.8 	8.5 	8.2 	8.5 	8.8 	9.2 
A,NAC,D12_D4_MD5,B-E,LT	1.6 	1.5 	2 	0.1 	0.4 	0.5 	0.6 	0.6 
A,NAC,D12_D4_MD5,B-E,LU	4.1 	4.6 	4.7 	6.2 	6.1 	6.3 	6.8 	6.9 
A,NAC,D12_D4_MD5,B-E,LV	1.2 	1.3 	1.7 	2.3 	2.3 	2.6 	2.8 	3.1 
A,NAC,D12_D4_MD5,B-E,ME	: 	1.8 	0.8 	: 	: 	: 	: 	: 
A,NAC,D12_D4_MD5,B-E,MK	: 	10.1 	3.3 	: 	: 	: 	: 	: 
A,NAC,D12_D4_MD5,B-E,MT	1.2 	1 	1 	0.1 	0.1 	0.9 	1.3 	1.5 
A,NAC,D12_D4_MD5,B-E,NL	7.2 	8.1 	8.2 	8.4 	8.7 	9.9 	10.6 	11.3 
A,NAC,D12_D4_MD5,B-E,NO	: 	95.2 	101.1 	118.5 	121.2 	126.7 	158.7 	163.9 
A,NAC,D12_D4_MD5,B-E,PL	5 	6.4 	7.3 	9 	9.7 	10.9 	12.2 	13.5 
A,NAC,D12_D4_MD5,B-E,PT	2.1 	2.2 	2.3 	2.4 	2.5 	2.7 	2.8 	3 
A,NAC,D12_D4_MD5,B-E,RO	3.5 	4.3 	4.7 	2.3 	2.4 	2.6 	2.8 	3.2 
A,NAC,D12_D4_MD5,B-E,RS	: 	88.2 	103.7 	95.2 	139.4 	176.3 	199.2 	228 
A,NAC,D12_D4_MD5,B-E,SE	113.3 	117.9 	133.5 	141.5 	152.7 	157.8 	159.8 	168.3 
A,NAC,D12_D4_MD5,B-E,SI	2.2 	2.5 	2.8 	3 	3.4 	3.7 	4 	4.3 
A,NAC,D12_D4_MD5,B-E,SK	0.1 	2.4 	2.8 	3.4 	3.7 	4.5 	4.7 	5.3 
A,NAC,D12_D4_MD5,B-E,TR	: 	2.3 	3.8 	4.4 	5.6 	9.8 	26.2 	45.9 
A,NAC,D12_D4_MD5,B-E,UK	: 	: 	3.8 	: 	: 	: 	: 	: 
A,NAC,D12_D4_MD5,B-F,MT	1.1 	1.0 	1.0 	1.0 	1.1 	1.2 	1.2 	: 
A,NAC,D12_D4_MD5,B-N,AL	: 	55.2 	54.5 	: 	: 	: 	: 	: 
A,NAC,D12_D4_MD5,B-N,AT	7 	7.9 	8.8 	9.7 	9.9 	10.4 	11.1 p	12.1 
A,NAC,D12_D4_MD5,B-N,BA	: 	0.8 	0.8 	: 	: 	: 	: 	: 
A,NAC,D12_D4_MD5,B-N,BE	11.4 	12.3 	10.8 	10.7 	10.8 	11.5 	12.3 	12.6 
A,NAC,D12_D4_MD5,B-N,BG	0.9 	1 	1.4 	1.7 	1.7 	2 	2.2 	2.5 
A,NAC,D12_D4_MD5,B-N,CH	: 	12.8 	12.0 	: 	: 	: 	: 	: 
A,NAC,D12_D4_MD5,B-N,CY	2.5 	2.8 	2.1 	2.6 	2.7 	3 	3.2 	3.4 
A,NAC,D12_D4_MD5,B-N,CZ	62.8 	68.7 	76.3 	103.1 	91.4 	94.5 	103.2 	109.7 
A,NAC,D12_D4_MD5,B-N,DE	6.1 	6.7 	7.1 	8 	8.1 	9.1 	9.5 	9.9 
A,NAC,D12_D4_MD5,B-N,DK	33.7 	40.7 	42.3 	43.3 	43.9 	46.3 	47.6 	49.4 
A,NAC,D12_D4_MD5,B-N,EA19	6.6 	7.4 	7.4 	7.9 	7.9 	8.6 	9 	9.4 
A,NAC,D12_D4_MD5,B-N,EA20	6.5 	7.3 	7.3 	7.8 	7.8 	8.5 	8.9 	9.3 
A,NAC,D12_D4_MD5,B-N,EE	2.1 	2.4 	2.9 	3.6 	3.9 	4.3 	4.7 	5.1 
A,NAC,D12_D4_MD5,B-N,EL	3.8 	3.8 	3.6 	3 	3 	3.2 	3.5 	3.9 
A,NAC,D12_D4_MD5,B-N,ES	5.1 	5.6 	5.4 	6 	5.9 	5.9 	6.3 	6.6 
A,NAC,D12_D4_MD5,B-N,FI	6.2 	6.8 	7.5 	6.4 	6.4 p	6.6 p	6.8 p	6.7 p
A,NAC,D12_D4_MD5,B-N,FR	10.4 	11.7 	11 	12 	11.9 	12.4 	12.8 	13.4 
A,NAC,D12_D4_MD5,B-N,HR	1.3 	1.4 	1.5 	1.2 	1.3 	1.4 	1.6 	1.8 
A,NAC,D12_D4_MD5,B-N,HU	588.8 	558.9 	678.9 	632.7 	622.2 	608.1 	698.2 	772.9 
A,NAC,D12_D4_MD5,B-N,IE	4.3 	4.3 	4.4 	3.4 	3.4 	6.2 	7.2 	7.8 
A,NAC,D12_D4_MD5,B-N,IS	579.0 d	785.3 d	880.0 p	1193.0 p	1279.0 p	1373.0 p	1482.0 p	1591.0 p
A,NAC,D12_D4_MD5,B-N,IT	7.1 	7.4 	7.5 	8 	7.8 	8 	8.3 	8.6 
A,NAC,D12_D4_MD5,B-N,LT	1.7 	1.7 	2.3 	0.4 	0.7 	0.8 	0.9 	1 
A,NAC,D12_D4_MD5,B-N,LU	4.5 	4.9 	5.1 	6.4 	6.3 	6.6 	7.1 	7.2 
A,NAC,D12_D4_MD5,B-N,LV	1.3 	1.3 	1.7 	2.4 	2.4 	2.6 	2.9 	3.3 
A,NAC,D12_D4_MD5,B-N,ME	: 	: 	0.7 	: 	: 	: 	: 	: 
A,NAC,D12_D4_MD5,B-N,MK	: 	12.4 	3.3 	: 	: 	: 	: 	: 
A,NAC,D12_D4_MD5,B-N,MT	1 	0.9 	1.1 	-0.5 	-0.2 	0.7 	1.1 	1.1 
A,NAC,D12_D4_MD5,B-N,NL	6.6 	7.5 	7.6 	7.3 	7.7 	9 	9.6 	10.2 
A,NAC,D12_D4_MD5,B-N,NO	: 	76.5 	84.1 	93.7 	96.8 	98.8 	119.1 	125.6 
A,NAC,D12_D4_MD5,B-N,PL	4.6 	5.8 	6.8 	8.4 	9.1 	10.3 	11.5 	12.8 
A,NAC,D12_D4_MD5,B-N,PT	2.3 	2.7 	2.7 	2.7 	2.8 	2.9 	3.1 	3.3 
A,NAC,D12_D4_MD5,B-N,RO	3.6 	4.4 	4.8 	2.1 	2.2 	2.4 	2.6 	3 
A,NAC,D12_D4_MD5,B-N,RS	: 	91 	91.4 	94 	140.5 	182.9 	209 	238.3 
A,NAC,D12_D4_MD5,B-N,SE	107.8 	111.6 	124.9 	132.5 	143.1 	148.2 	150.1 	158 
A,NAC,D12_D4_MD5,B-N,SI	2.3 	2.4 	2.7 	2.7 	3.1 	3.4 	3.7 	3.9 
A,NAC,D12_D4_MD5,B-N,SK	0.1 	2.4 	2.7 	3.4 	3.6 	4.4 	4.7 	5.3 
A,NAC,D12_D4_MD5,B-N,TR	: 	2.3 	3.7 	4.2 	: 	: 	: 	: 
A,NAC,D12_D4_MD5,B-N,UK	2.7 d	3.1 	3.5 	: 	: 	: 	: 	: 
A,NAC,D12_D4_MD5,B-S,MT	: 	: 	0.9 d	1.2 	1.2 	1.3 	1.3 	: 
A,NAC,D12_D4_MD5,B-S_X_O,AL	: 	55.1 	56.2 	: 	: 	: 	: 	: 
A,NAC,D12_D4_MD5,B-S_X_O,AT	6.8 	7.8 	8.7 	9.6 	9.9 	10.4 	11.1 p	12.1 
A,NAC,D12_D4_MD5,B-S_X_O,BA	: 	0.9 	0.9 	: 	: 	: 	: 	: 
A,NAC,D12_D4_MD5,B-S_X_O,BE	9 	10.6 	9.3 	9.4 	9.5 	10.1 	10.8 	11.1 
A,NAC,D12_D4_MD5,B-S_X_O,BG	0.9 	1.1 	1.4 	1.8 	1.9 	2.2 	2.4 	2.8 
A,NAC,D12_D4_MD5,B-S_X_O,CH	: 	13.0 	12.2 	: 	: 	: 	: 	: 
A,NAC,D12_D4_MD5,B-S_X_O,CY	2.6 	2.8 	2.8 	3.3 	3.3 	3.6 	3.8 	4.1 
A,NAC,D12_D4_MD5,B-S_X_O,CZ	61.2 	67.2 	74.7 	102.7 	94.5 	97.8 	105.7 	112.1 
A,NAC,D12_D4_MD5,B-S_X_O,DE	6.1 	6.8 	7.2 	8.2 	8.3 	9.3 	9.7 	10.1 
A,NAC,D12_D4_MD5,B-S_X_O,DK	31.5 	38.3 	40.3 	42.5 	43.1 	45.1 	46.4 	48.3 
A,NAC,D12_D4_MD5,B-S_X_O,EA19	6.5 d	7.5 	7.5 	8.1 	8.2 	8.8 	9.2 	9.6 
A,NAC,D12_D4_MD5,B-S_X_O,EA20	6.5 d	7.4 	7.4 	8 	8.1 	8.7 	9.1 	9.5 
A,NAC,D12_D4_MD5,B-S_X_O,EE	2.1 	2.3 	2.8 	3.6 	3.8 	4.2 	4.7 	5 
A,NAC,D12_D4_MD5,B-S_X_O,EL	3.3 	3.5 	3.1 	2.8 	2.8 	2.9 	3.1 	3.4 
A,NAC,D12_D4_MD5,B-S_X_O,ES	5.1 	5.5 	5.4 	6 	6 	6 	6.4 	6.7 
A,NAC,D12_D4_MD5,B-S_X_O,FI	6.2 	6.9 	7.6 	6.6 	6.2 p	6.4 p	6.6 p	6.5 p
A,NAC,D12_D4_MD5,B-S_X_O,FR	10.3 d	11.9 	11.4 	12.5 	12.5 	13 	13.5 	14 
A,NAC,D12_D4_MD5,B-S_X_O,HR	1.4 	1.4 	1.5 	1.3 	1.4 	1.5 	1.7 	1.9 
A,NAC,D12_D4_MD5,B-S_X_O,HU	580.6 	527.8 	620.5 	607.6 	603.6 	595 	682.5 	766.2 
A,NAC,D12_D4_MD5,B-S_X_O,IE	4.1 	4.1 	4.8 	4.1 	4 	7 	8 	8.6 
A,NAC,D12_D4_MD5,B-S_X_O,IS	573.7 d	771.1 d	979.9 d	1240.7 d	1307.0 p	1412.0 p	1525.0 p	1635.0 p
A,NAC,D12_D4_MD5,B-S_X_O,IT	7 	7.8 	7.7 	8.2 	8 	8.1 	8.3 	8.6 
A,NAC,D12_D4_MD5,B-S_X_O,LT	1.6 	1.6 	2.1 	0.4 	0.6 	0.7 	0.8 	0.9 
A,NAC,D12_D4_MD5,B-S_X_O,LU	4.5 	4.9 	4.9 	6 	6 	6.2 	6.7 	6.8 
A,NAC,D12_D4_MD5,B-S_X_O,LV	1.2 	1.2 	1.6 	2.3 	2.3 	2.6 	2.8 	3.2 
A,NAC,D12_D4_MD5,B-S_X_O,ME	: 	1.2 	0.7 	: 	: 	: 	: 	: 
A,NAC,D12_D4_MD5,B-S_X_O,MK	: 	11.2 	3.3 	: 	: 	: 	: 	: 
A,NAC,D12_D4_MD5,B-S_X_O,MT	0.9 	0.8 	0.9 	-0.2 	0.1 	0.7 	1.1 	1.1 
A,NAC,D12_D4_MD5,B-S_X_O,NL	6.9 	7.7 	8.1 	8 	8.5 	9.8 	10.4 	11.1 
A,NAC,D12_D4_MD5,B-S_X_O,NO	: 	76.4 	86.4 	96.3 	98.6 	100.9 	119.1 	125.2 
A,NAC,D12_D4_MD5,B-S_X_O,PL	4.8 	6 	7 	8.8 	9.5 	10.6 	11.9 	13.4 
A,NAC,D12_D4_MD5,B-S_X_O,PT	2.3 	2.6 	2.8 	2.8 	2.9 	3.1 	3.3 	3.5 
A,NAC,D12_D4_MD5,B-S_X_O,RO	3.6 	4.2 	4.7 	2.1 	2.2 	2.4 	2.6 	3 
A,NAC,D12_D4_MD5,B-S_X_O,RS	: 	89.8 	91.1 	99.9 	140.3 	176.9 	201.4 	229.5 
A,NAC,D12_D4_MD5,B-S_X_O,SE	100.2 	103.1 	113.9 	123.6 	132 	136.3 	141.6 	145.7 
A,NAC,D12_D4_MD5,B-S_X_O,SI	2.3 	2.5 	2.6 	2.8 	3.1 	3.3 	3.6 	3.8 
A,NAC,D12_D4_MD5,B-S_X_O,SK	0.1 	2.3 	2.7 	3.5 	3.6 	4.4 	4.7 	5.2 
A,NAC,D12_D4_MD5,B-S_X_O,TR	: 	2.3 	3.7 	4.3 	: 	: 	: 	: 
A,NAC,D12_D4_MD5,B-S_X_O,UK	2.9 d	3.3 	3.9 	: 	: 	: 	: 	: 
A,NAC,D12_D4_MD5,C,AL	: 	37.8 	41.7 	: 	: 	: 	: 	: 
A,NAC,D12_D4_MD5,C,AT	7.6 	8.6 	9.4 	10.5 	10.7 	11.2 	12.2 p	13.1 
A,NAC,D12_D4_MD5,C,BA	: 	0.6 	0.6 	: 	: 	: 	: 	: 
A,NAC,D12_D4_MD5,C,BE	12.7 	13.2 	11.5 	11.2 	11.3 	12.1 	13 	13.4 
A,NAC,D12_D4_MD5,C,BG	0.8 	0.9 	1.2 	1.4 	1.4 	1.7 	1.9 	2.2 
A,NAC,D12_D4_MD5,C,CH	: 	12.3 	11.6 	: 	: 	: 	: 	: 
A,NAC,D12_D4_MD5,C,CY	1.5 	1.9 	1.6 	1.8 	1.9 	2 	2.1 	2.2 
A,NAC,D12_D4_MD5,C,CZ	59.5 	66.5 	75.4 	103.7 	110.4 	117.3 	127 	134.9 
A,NAC,D12_D4_MD5,C,DE	7.1 	7.7 	8.3 	9.4 	9.4 	10.5 	10.8 	11.2 
A,NAC,D12_D4_MD5,C,DK	32.5 	38.3 	41.4 	41.8 	46.3 	48.8 	50.3 	52.2 
A,NAC,D12_D4_MD5,C,EA19	7 	7.8 d	7.9 	8.6 	8.6 	9.3 	9.7 	10.1 
A,NAC,D12_D4_MD5,C,EA20	6.9 	7.7 d	7.8 	8.5 	8.5 	9.2 	9.5 	10 
A,NAC,D12_D4_MD5,C,EE	1.9 	2.2 	2.7 	3.3 	3.5 	4 	4.3 	4.6 
A,NAC,D12_D4_MD5,C,EL	3.7 	3.7 	3.4 	3.2 	3 	3.2 	3.4 	3.7 
A,NAC,D12_D4_MD5,C,ES	5.4 	6 	5.8 	6.6 	6.5 	6.5 	7 	7.4 
A,NAC,D12_D4_MD5,C,FI	7 	7.5 	8.1 	6.7 	6.8 p	7.1 p	7.5 p	7.3 p
A,NAC,D12_D4_MD5,C,FR	10.9 	12.1 	11.7 	13.2 	13.1 	13.5 	14 	14.6 
A,NAC,D12_D4_MD5,C,HR	1.3 	1.2 	1.4 	1.2 	1.2 	1.3 	1.5 	1.7 
A,NAC,D12_D4_MD5,C,HU	548 	519.6 	632.2 	626.9 	622.7 	601.8 	700.5 	774.6 
A,NAC,D12_D4_MD5,C,IE	4.7 	5.4 	5.6 	4.6 	5.3 	6.2 	6.5 	7.1 
A,NAC,D12_D4_MD5,C,IS	470.2 	695.5 	880.2 	1193.8 	1256.0 p	1376.0 p	1495.0 p	1606.0 p
A,NAC,D12_D4_MD5,C,IT	7 	7.6 	7.6 	8.4 	8.1 	8.4 	8.7 	9.1 
A,NAC,D12_D4_MD5,C,LT	1.5 	1.5 	2 	0.1 	: @C	: @C	: @C	: @C
A,NAC,D12_D4_MD5,C,LU	4 	4.6 	4.4 	6 	5.9 	6.1 	6.5 	6.6 
A,NAC,D12_D4_MD5,C,LV	1.1 	1.1 	1.5 	2.2 	2.2 	2.4 	2.6 	2.9 
A,NAC,D12_D4_MD5,C,ME	: 	1.8 	0.6 	: 	: 	: 	: 	: 
A,NAC,D12_D4_MD5,C,MK	: 	7.5 	2.6 	: 	: 	: 	: 	: 
A,NAC,D12_D4_MD5,C,MT	1.2 	: 	1 	0 	0 	0.9 	1.3 	1.5 
A,NAC,D12_D4_MD5,C,NL	7 	7.9 	8 	8.1 	8.5 	9.6 	10.3 	: @C
A,NAC,D12_D4_MD5,C,NO	: 	70.8 	79.3 	89.9 	92.7 	94.4 	112.7 	117.1 
A,NAC,D12_D4_MD5,C,PL	4.3 	5.3 	6.4 	8.1 	8.7 	9.7 	10.8 	12.1 
A,NAC,D12_D4_MD5,C,PT	2 	2.2 	2.2 	2.3 	2.4 	2.6 	2.7 	2.9 
A,NAC,D12_D4_MD5,C,RO	2.8 	3.8 	4.3 	2.1 	2.1 	2.3 	2.5 	2.8 
A,NAC,D12_D4_MD5,C,RS	: 	84.7 	93.2 	81.6 	136.3 	181.9 	207.1 	238.5 
A,NAC,D12_D4_MD5,C,SE	112.1 	115.9 	131.8 	139.2 	150.2 	155.3 	157.4 	165.8 
A,NAC,D12_D4_MD5,C,SI	2.1 	2.4 	2.6 	2.8 	3.2 	3.6 	3.9 	4.1 
A,NAC,D12_D4_MD5,C,SK	0.1 	2.3 	2.8 	3.3 	3.6 	4.4 	4.7 	5.2 
A,NAC,D12_D4_MD5,C,TR	: 	2.2 	3.6 	4.2 	5.4 	9.5 	25.7 	44.4 
A,NAC,D12_D4_MD5,C,UK	2.8 	3.1 	3.6 	: 	: 	: 	: 	: 
A,NAC,D12_D4_MD5,D,AL	: 	70.6 	70.0 	: 	: 	: 	: 	: 
A,NAC,D12_D4_MD5,D,AT	12 	13.3 	14.5 	15.7 	16 	16.8 	17.7 p	18.7 
A,NAC,D12_D4_MD5,D,BA	: 	1.6 	1.7 	: 	: 	: 	: 	: 
A,NAC,D12_D4_MD5,D,BE	: 	30.5 	23.3 	17.1 	17.4 	18.9 	19.7 	20.2 
A,NAC,D12_D4_MD5,D,BG	2.8 	3 	3.7 	5.1 	4.7 	5.8 	6.1 	7 
A,NAC,D12_D4_MD5,D,CH	: 	14.0 	14.4 	: 	: 	: 	: 	: 
A,NAC,D12_D4_MD5,D,CY	13.6 	10.7 	9.1 	13.9 	14 	14.6 	15.6 	16.3 
A,NAC,D12_D4_MD5,D,CZ	101.4 	113.6 	120.2 	162.1 	170.3 	182.5 	200.1 	211.6 
A,NAC,D12_D4_MD5,D,DE	11 	11.9 	13.6 	13.5 	13.5 	15.3 	15.6 	15.6 
A,NAC,D12_D4_MD5,D,DK	47 	54 	57.3 	61.5 	65.1 	68.7 	69 	69.2 
A,NAC,D12_D4_MD5,D,EA19	10.7 	13.0 d	12.1 d	12.6 	12.7 	13.6 	14.1 	14.5 
A,NAC,D12_D4_MD5,D,EA20	10.6 	12.7 d	11.9 d	12.5 d	12.6 	13.5 	14 	14.4 
A,NAC,D12_D4_MD5,D,EE	2.6 	3.2 	4 	5.3 	5.4 	5.9 	6.9 	7.7 
A,NAC,D12_D4_MD5,D,EL	7.6 	6.9 	5.2 	4.6 	4.1 	4.1 	4.6 	4.3 
A,NAC,D12_D4_MD5,D,ES	15 	12.9 	13.2 	12.1 	12.4 	12.2 	12.9 	13.1 
A,NAC,D12_D4_MD5,D,FI	7.7 	9 	10.2 	7.8 	8.0 p	8.3 p	8.1 p	8.1 p
A,NAC,D12_D4_MD5,D,FR	15.4 	19.4 	13.4 	15.9 	16.1 	16.3 	17.4 	18 
A,NAC,D12_D4_MD5,D,HR	2 	2.6 	2.4 	2.2 	2.3 	2.4 	2.6 	3.1 
A,NAC,D12_D4_MD5,D,HU	1260.9 	1216.1 	1449.6 	1361.5 	1276.7 	1153.9 	1285.2 	1429.4 
A,NAC,D12_D4_MD5,D,IE	: 	8.9 	8.5 	8.9 	9.4 	9.6 	9.6 	11.4 
A,NAC,D12_D4_MD5,D,IS	701.5 	990.5 	1410.4 	1702.9 	1635.0 p	1777.0 p	1951.0 p	2125.0 p
A,NAC,D12_D4_MD5,D,IT	10.8 	11 	11.8 	11.9 	11.9 	12.3 	12.4 	12.8 
A,NAC,D12_D4_MD5,D,LT	2.3 	2.1 	2.6 	0.6 	0.6 	0.8 	0.9 	1 
A,NAC,D12_D4_MD5,D,LU	: 	7.3 	9.1 	9.6 	9.7 	10.1 	10.8 	11.1 
A,NAC,D12_D4_MD5,D,LV	2 	2.2 	2.8 	3.3 	3.6 	3.8 	4.3 	4.8 
A,NAC,D12_D4_MD5,D,ME	: 	2.5 	1.1 	: 	: 	: 	: 	: 
A,NAC,D12_D4_MD5,D,MK	: 	57.8 	7.0 	: 	: 	: 	: 	: 
A,NAC,D12_D4_MD5,D,MT	: 	: 	0.8 	0.6 	1.1 	1.1 	1 	1 
A,NAC,D12_D4_MD5,D,NL	10.2 	12.7 	10.5 	12 	12.3 	13.4 	15.6 	: @C
A,NAC,D12_D4_MD5,D,NO	: 	104.5 	148.6 	153.3 	165.8 	165.1 	215.3 	225.3 
A,NAC,D12_D4_MD5,D,PL	9.8 	12.3 	13.8 	17.8 	18.7 	20.9 	23.9 	26.2 
A,NAC,D12_D4_MD5,D,PT	: 	5.8 	8 	7.1 	6.6 	7.9 	7.8 	8 
A,NAC,D12_D4_MD5,D,RO	7.3 	8.8 	8.7 	4.9 	5.3 	6 	6.8 	7.4 
A,NAC,D12_D4_MD5,D,RS	: 	149.7 	251.1 	233.8 	242.7 	246.3 	261.9 	288.8 
A,NAC,D12_D4_MD5,D,SE	148.7 	162.5 	173.4 	184.1 	198.5 	203 	200.5 	212.1 
A,NAC,D12_D4_MD5,D,SI	4 	4.4 	5.1 	5.3 	6.1 	6.6 	7.3 	7.7 
A,NAC,D12_D4_MD5,D,SK	0.1 	4.2 	4.8 	5.9 	6.1 	6.6 	7.1 	8.1 
A,NAC,D12_D4_MD5,D,TR	: 	6.1 	6.6 	7.5 	8.4 	14.4 	33.9 	63.7 
A,NAC,D12_D4_MD5,D,UK	: 	5.5 	7.3 	: 	: 	: 	: 	: 
A,NAC,D12_D4_MD5,E,AL	: 	33.8 	41.4 	: 	: 	: 	: 	: 
A,NAC,D12_D4_MD5,E,AT	7.4 	7.1 	7.6 	9 	8.9 	9.5 	10.2 p	11.1 
A,NAC,D12_D4_MD5,E,BA	: 	0.8 	0.8 	: 	: 	: 	: 	: 
A,NAC,D12_D4_MD5,E,BE	8.7 	10.6 	8 	8.4 	8.5 	9 	9.7 	9.9 
A,NAC,D12_D4_MD5,E,BG	1 	1 	1.3 	1.7 	1.8 	2 	2.3 	2.6 
A,NAC,D12_D4_MD5,E,CH	: 	11.1 	10.7 	: 	: 	: 	: 	: 
A,NAC,D12_D4_MD5,E,CY	3.3 	4.8 	2.5 	3.7 	4.3 	4.4 	4.6 	4.9 
A,NAC,D12_D4_MD5,E,CZ	54.7 	64.5 	68.4 	88.6 	93.4 	99.3 	108.8 	117.2 
A,NAC,D12_D4_MD5,E,DE	6 	6.5 	7.3 	8.3 	8.5 	9.5 	10.1 	10 
A,NAC,D12_D4_MD5,E,DK	26.9 	34.8 	42.8 	47.2 	: @C	: @C	: @C	: @C
A,NAC,D12_D4_MD5,E,EA19	7.0 d	7.2 	7 	7.9 	7.9 	8.5 	8.8 	9.2 
A,NAC,D12_D4_MD5,E,EA20	6.9 d	7.1 	6.8 	7.7 	7.7 	8.2 	8.6 	8.9 
A,NAC,D12_D4_MD5,E,EE	2.1 	: 	2.8 	3.5 	3.8 	4.1 	4.6 	4.9 
A,NAC,D12_D4_MD5,E,EL	4.3 	3.2 	3.3 	2.2 	2 	2.1 	2.1 	2.9 
A,NAC,D12_D4_MD5,E,ES	5.5 	5.7 	6 	6.7 	6.7 	6.9 	7.3 	7.6 
A,NAC,D12_D4_MD5,E,FI	6.6 	6.7 	7.4 	6.5 	5.3 p	5.6 p	5.8 p	5.7 p
A,NAC,D12_D4_MD5,E,FR	11 	11.3 	9.4 	12.6 	12.4 	12.7 	13.1 	13.7 
A,NAC,D12_D4_MD5,E,HR	1.4 	1.2 	1.6 	1.2 	1.2 	1.3 	1.4 	1.7 
A,NAC,D12_D4_MD5,E,HU	587.9 	574.7 	605.3 	589.6 	583.2 	570.5 	650.8 	737.4 
A,NAC,D12_D4_MD5,E,IE	: 	2.4 	3 	2.3 	2.6 	4.4 	4.9 	5.5 
A,NAC,D12_D4_MD5,E,IS	455 	632 	874.9 	1041 	1185.0 p	1298.0 p	1404.0 p	1483.0 p
A,NAC,D12_D4_MD5,E,IT	7.3 	7 	7.6 	7.9 	7.6 	7.9 	8 	8.3 
A,NAC,D12_D4_MD5,E,LT	1.3 	1.5 	1.9 	0.3 	0.5 	0.5 	0.6 	0.7 
A,NAC,D12_D4_MD5,E,LU	4 	4.2 	5.4 	6.6 	6.6 	6.9 	7.5 	7.8 
A,NAC,D12_D4_MD5,E,LV	1.2 	1.2 	1.5 	2.2 	2.2 	2.5 	2.8 	3.2 
A,NAC,D12_D4_MD5,E,ME	: 	1.2 	0.7 	: 	: 	: 	: 	: 
A,NAC,D12_D4_MD5,E,MK	: 	15.0 	3.5 	: 	: 	: 	: 	: 
A,NAC,D12_D4_MD5,E,MT	1 	: 	1.1 	0.8 	1.2 	1.2 	1.2 	1.3 
A,NAC,D12_D4_MD5,E,NL	7.6 	8.4 	8.2 	9.1 	9.2 	10.4 	10.7 	: @C
A,NAC,D12_D4_MD5,E,NO	: 	61.7 	71.8 	77.3 	77.1 	77.8 	87 	92 
A,NAC,D12_D4_MD5,E,PL	4.8 	5.8 	6.8 	8.8 	9.4 	10.4 	11.5 	13 
A,NAC,D12_D4_MD5,E,PT	2.4 	2.2 	2.4 	2.6 	2.7 	2.8 	3 	3.3 
A,NAC,D12_D4_MD5,E,RO	3 	3.8 	4 	1.9 	1.9 	2 	2.3 	2.7 
A,NAC,D12_D4_MD5,E,RS	: 	77.7 	88 	119.7 	143.2 	161.8 	183.6 	211.8 
A,NAC,D12_D4_MD5,E,SE	92.6 	97.7 	112.2 	121.7 	132.5 	136.4 	138.4 	146.3 
A,NAC,D12_D4_MD5,E,SI	2.2 	2.7 	2.7 	3 	3.4 	3.7 	4.1 	4.4 
A,NAC,D12_D4_MD5,E,SK	0.1 	2.2 	2.4 	3.2 	3.3 	3.7 	4 	4.3 
A,NAC,D12_D4_MD5,E,TR	: 	4.4 	5.4 	6.8 	8 	12.5 	25.6 	51.6 
A,NAC,D12_D4_MD5,E,UK	: 	3 	3.9 	: 	: 	: 	: 	: 
A,NAC,D12_D4_MD5,F,AL	: 	54.2 	50.0 	: 	: 	: 	: 	: 
A,NAC,D12_D4_MD5,F,AT	7.2 	7.3 	9.8 	11.4 	11.6 	12.2 	13.3 p	15.3 
A,NAC,D12_D4_MD5,F,BA	: 	0.5 	0.6 	: 	: 	: 	: 	: 
A,NAC,D12_D4_MD5,F,BE	: @C	: @C	: @C	10.8 	10.9 	11.5 	12.5 	12.8 
A,NAC,D12_D4_MD5,F,BG	0.7 	0.9 	1.1 	1.5 	1.6 	1.8 	2 	2.3 
A,NAC,D12_D4_MD5,F,CH	: 	10.8 	10.3 	: 	: 	: 	: 	: 
A,NAC,D12_D4_MD5,F,CY	1.9 	2.1 	2.1 	2.4 	2.5 	2.5 	2.6 	2.8 
A,NAC,D12_D4_MD5,F,CZ	58.1 	62.5 	69.5 	89.9 	97.4 	99.8 	109.4 	116.5 
A,NAC,D12_D4_MD5,F,DE	5 	5.5 	5.9 	6.9 	7.1 	8 	8.4 	8.8 
A,NAC,D12_D4_MD5,F,DK	29.3 	32.1 	34.4 	32.4 	36.5 	39.1 	40.1 	41.3 
A,NAC,D12_D4_MD5,F,EA19	5.7 	6.7 	6.8 	7.3 	7.3 	7.8 	8.2 	8.7 
A,NAC,D12_D4_MD5,F,EA20	5.7 	6.6 	6.8 	7.2 	7.2 	7.7 	8.1 	8.6 
A,NAC,D12_D4_MD5,F,EE	2.4 	2.7 	3.1 	3.7 	3.9 	4.2 	4.4 	4.6 
A,NAC,D12_D4_MD5,F,EL	3.8 	3.5 	3.1 	2.4 	2.3 	2.6 	3 	3.5 
A,NAC,D12_D4_MD5,F,ES	5.2 	6.1 	5.7 	5.9 	6 	6 	6.4 	6.8 
A,NAC,D12_D4_MD5,F,FI	6.3 	6.9 	7.6 	6.6 	6.5 p	6.8 p	6.9 p	6.9 p
A,NAC,D12_D4_MD5,F,FR	8.4 	9.4 	9.2 	10.1 	9.7 	9.9 	10.2 	10.6 
A,NAC,D12_D4_MD5,F,HR	1.1 	1.4 	1.3 	0.9 	0.9 	1 	1.1 	1.2 
A,NAC,D12_D4_MD5,F,HU	436.2 	406.7 	497.2 	468 	467.3 	462.9 	535.6 	605.5 
A,NAC,D12_D4_MD5,F,IE	4.3 	3.1 	2.9 	1.5 	0.6 	8.6 	10.3 	10.4 
A,NAC,D12_D4_MD5,F,IS	481.2 	707.6 	864.5 	1270.9 	1164.0 p	1265.0 p	1386.0 p	1491.0 p
A,NAC,D12_D4_MD5,F,IT	6.6 	6.8 	6.9 	7.4 	7.3 	7.6 	7.9 	8.3 
A,NAC,D12_D4_MD5,F,LT	1.9 	1.7 	2.2 	0.3 	0.5 	0.6 	0.7 	0.8 
A,NAC,D12_D4_MD5,F,LU	3.1 	3.7 	3.4 	4.2 	4 	4.2 	4.5 	4.7 
A,NAC,D12_D4_MD5,F,LV	1.2 	1.1 	1.6 	2.4 	2.3 	2.5 	2.6 	3 
A,NAC,D12_D4_MD5,F,ME	: 	0.7 	0.6 	: 	: 	: 	: 	: 
A,NAC,D12_D4_MD5,F,MK	: 	15.9 	2.4 	: 	: 	: 	: 	: 
A,NAC,D12_D4_MD5,F,MT	0.8 	0.9 	1 	0.7 	0.9 	1 	1 	1.1 
A,NAC,D12_D4_MD5,F,NL	7 	8.1 	8.8 	9.3 	9.2 	10 	10.2 	10.7 
A,NAC,D12_D4_MD5,F,NO	: 	63.3 	64.4 	72.8 	72.6 	73.7 	85.3 	89.1 
A,NAC,D12_D4_MD5,F,PL	4.3 	5 	6.6 	7.3 	7.8 	8.7 	9.4 	10.7 
A,NAC,D12_D4_MD5,F,PT	2 	2.4 	2.1 	2.5 	2.7 	2.9 	3.2 	3.5 
A,NAC,D12_D4_MD5,F,RO	2.9 	3.3 	3.6 	1.4 	1.5 	1.6 	1.9 	2.2 
A,NAC,D12_D4_MD5,F,RS	: 	84.3 	90.6 	87.1 	153.1 	204.5 	231 	265.4 
A,NAC,D12_D4_MD5,F,SE	93.2 	104.1 	110 	117 	127.5 	136 	140.9 	148.1 
A,NAC,D12_D4_MD5,F,SI	1.8 	1.8 	2 	2.1 	2.4 	2.6 	2.9 	3.1 
A,NAC,D12_D4_MD5,F,SK	0.1 	2.2 	2.3 	2.8 	2.6 	3.8 	4.1 	4.9 
A,NAC,D12_D4_MD5,F,TR	: 	1.7 	2.8 	3 	3.5 	6.1 	14 	26 
A,NAC,D12_D4_MD5,F,UK	2.7 	2.9 	3.4 	: 	: 	: 	: 	: 
A,NAC,D12_D4_MD5,G,AL	: 	62.2 	44.2 	: 	: 	: 	: 	: 
A,NAC,D12_D4_MD5,G,AT	5.7 	7 	7.7 	8.3 	8.7 	9 	9.4 p	10.3 
A,NAC,D12_D4_MD5,G,BA	: 	0.6 	0.6 	: 	: 	: 	: 	: 
A,NAC,D12_D4_MD5,G,BE	8.8 	11.5 	10.1 	9.6 	9.7 	10.3 	11.1 	11.3 
A,NAC,D12_D4_MD5,G,BG	0.7 	0.9 	1.2 	1.5 	1.6 	1.8 	2 	2.3 
A,NAC,D12_D4_MD5,G,CH	: 	11.5 	10.5 	: 	: 	: 	: 	: 
A,NAC,D12_D4_MD5,G,CY	1.7 	1.9 	1.3 	1.6 	1.6 	1.8 	1.9 	2 
A,NAC,D12_D4_MD5,G,CZ	58.4 	61.3 	70.4 	94 	99.3 	111.1 	118.8 	125.4 
A,NAC,D12_D4_MD5,G,DE	4.6 	5.2 	5.6 	6.4 	6.4 	7.1 	7.6 	7.8 
A,NAC,D12_D4_MD5,G,DK	27 	30.5 	31.5 	32.5 	38.4 	41.8 	43.5 	45.2 
A,NAC,D12_D4_MD5,G,EA19	5.3 	6 	6.1 	6.5 	6.6 	7 	7.4 	7.7 
A,NAC,D12_D4_MD5,G,EA20	5.3 	6 	6 	6.5 	6.5 	6.9 	7.3 	7.7 
A,NAC,D12_D4_MD5,G,EE	2 	2.1 	2.6 	3.2 	3.6 	3.9 	4.2 	4.5 
A,NAC,D12_D4_MD5,G,EL	3.1 	3.6 	3 	2.7 	2.6 	2.7 	2.9 	3 
A,NAC,D12_D4_MD5,G,ES	4.2 	4.6 	4.5 	5.1 	5.1 	5.2 	5.6 	5.9 
A,NAC,D12_D4_MD5,G,FI	5.5 	6.1 	6.7 	5.8 	5.9 p	6.1 p	6.3 p	6.1 p
A,NAC,D12_D4_MD5,G,FR	8.6 	9.5 	8.9 	10.1 	10 	10.3 	10.7 	11 
A,NAC,D12_D4_MD5,G,HR	1.1 	1.2 	1.3 	1 	1 	1.1 	1.3 	1.4 
A,NAC,D12_D4_MD5,G,HU	481.4 	446.6 	639 	530.1 	524.3 	512.8 	588.2 	647 
A,NAC,D12_D4_MD5,G,IE	3 	2.7 	3.1 	1.9 	: @C	: @C	: @C	: @C
A,NAC,D12_D4_MD5,G,IS	438.5 	627.2 	827.2 	1102.8 	1177.0 p	1279.0 p	1374.0 p	1477.0 p
A,NAC,D12_D4_MD5,G,IT	6.4 	6.4 	6.7 	7.4 	7.2 	7.3 	7.5 	7.7 
A,NAC,D12_D4_MD5,G,LT	1.4 	1.3 	1.8 	0.1 	: @C	: @C	: @C	: @C
A,NAC,D12_D4_MD5,G,LU	2.8 	3.4 	3.8 	5.4 	5.2 	5.4 	5.8 	5.9 
A,NAC,D12_D4_MD5,G,LV	1.1 	1.1 	1.4 	2 	2 	2.2 	2.4 	2.8 
A,NAC,D12_D4_MD5,G,ME	: 	0.9 	0.5 	: 	: 	: 	: 	: 
A,NAC,D12_D4_MD5,G,MK	: 	14.2 	2.7 	: 	: 	: 	: 	: 
A,NAC,D12_D4_MD5,G,MT	0.7 	0.8 	0.9 	-1.1 	-0.3 	0.7 	1 	1.1 
A,NAC,D12_D4_MD5,G,NL	5.6 	6.2 	6.6 	6.7 	7.2 	8.2 	8.7 	: @C
A,NAC,D12_D4_MD5,G,NO	: 	56.6 	64.8 	74.2 	78.7 	78.9 	90.6 	93.9 
A,NAC,D12_D4_MD5,G,PL	3.5 	4.2 	5.3 	6.8 	7.4 	8.3 	9.2 	10.2 
A,NAC,D12_D4_MD5,G,PT	2.2 	2.5 	2.7 	2.6 	2.7 	3 	3.2 	3.4 
A,NAC,D12_D4_MD5,G,RO	2.8 	3.7 	4.2 	1.6 	1.7 	1.8 	2 	2.3 
A,NAC,D12_D4_MD5,G,RS	: 	79.3 	78.9 	67.5 	130.1 	178.6 	206.4 	236 
A,NAC,D12_D4_MD5,G,SE	94.3 	94.3 	113.5 	115.8 	123.3 	127.4 	130.6 	139 
A,NAC,D12_D4_MD5,G,SI	2 	2.2 	2.4 	2.4 	2.8 	3 	3.3 	3.5 
A,NAC,D12_D4_MD5,G,SK	0.1 	2 	2.4 	3 	3.1 	4 	4.2 	4.8 
A,NAC,D12_D4_MD5,G,TR	: 	1.8 	3.3 	3.7 	4.7 	8.1 	20.8 	35.4 
A,NAC,D12_D4_MD5,G,UK	1.9 	2.3 	2.5 	: 	: 	: 	: 	: 
A,NAC,D12_D4_MD5,G-J,MT	0.9 	0.9 	1.0 	1.0 	1.1 	1.0 	1.0 	: 
A,NAC,D12_D4_MD5,G-N,AL	: 	67.7 	62.2 	: 	: 	: 	: 	: 
A,NAC,D12_D4_MD5,G-N,AT	6.5 	7.6 	8.3 	9 	9.1 	9.6 	10.1 p	11 
A,NAC,D12_D4_MD5,G-N,BA	: 	0.9 	0.9 	: 	: 	: 	: 	: 
A,NAC,D12_D4_MD5,G-N,BE	10.7 	11.6 	10.4 	10.4 	10.6 	11.2 	12 	12.3 
A,NAC,D12_D4_MD5,G-N,BG	0.9 	1 	1.3 	1.7 	1.7 	2 	2.2 	2.5 
A,NAC,D12_D4_MD5,G-N,CH	: 	13.3 	12.4 	: 	: 	: 	: 	: 
A,NAC,D12_D4_MD5,G-N,CY	2.7 	2.9 	2.1 	2.7 	2.8 	3.2 	3.3 	3.6 
A,NAC,D12_D4_MD5,G-N,CZ	65.4 	69.8 	76.8 	103 	72.6 	73.6 	80.7 	85.9 
A,NAC,D12_D4_MD5,G-N,DE	5.4 	6.1 	6.4 	7.3 	7.4 	8.3 	8.8 	9.1 
A,NAC,D12_D4_MD5,G-N,DK	35 	42.3 	43.4 	44.8 	43.4 	45.7 	47.1 	48.9 
A,NAC,D12_D4_MD5,G-N,EA19	6.4 	7.2 	7.1 	7.6 	7.6 	8.2 	8.7 	9.1 
A,NAC,D12_D4_MD5,G-N,EA20	6.4 	7.1 	7 	7.5 	7.6 	8.2 	8.6 	9 
A,NAC,D12_D4_MD5,G-N,EE	2.2 	2.4 	2.9 	3.7 	4 	4.4 	5 	5.3 
A,NAC,D12_D4_MD5,G-N,EL	3.7 	3.8 	3.6 	2.9 	2.9 	3.2 	3.6 	3.9 
A,NAC,D12_D4_MD5,G-N,ES	4.8 	5.3 	5.1 	5.8 	5.6 	5.7 	6 	6.3 
A,NAC,D12_D4_MD5,G-N,FI	5.7 	6.4 	7.2 	6.2 	6.1 p	6.3 p	6.6 p	6.4 p
A,NAC,D12_D4_MD5,G-N,FR	10.4 	11.7 	11 	11.7 	11.8 	12.3 	12.7 	13.2 
A,NAC,D12_D4_MD5,G-N,HR	1.4 	1.5 	1.5 	1.3 	1.3 	1.5 	1.7 	1.9 
A,NAC,D12_D4_MD5,G-N,HU	615.5 	581.1 	710.7 	638.9 	625.1 	615.9 	702.2 	775.4 
A,NAC,D12_D4_MD5,G-N,IE	4.1 	4 	4.1 	3.1 	3 	5.9 	7.1 	7.6 
A,NAC,D12_D4_MD5,G-N,IS	534.0 p	731.0 p	881.0 p	1203.0 p	1291.0 p	1376.0 p	1479.0 p	1588.0 p
A,NAC,D12_D4_MD5,G-N,IT	7.2 	7.3 	7.3 	7.8 	7.6 	7.7 	7.9 	8.1 
A,NAC,D12_D4_MD5,G-N,LT	1.8 	1.8 	2.4 	0.6 	0.9 	0.9 	1 	1.2 
A,NAC,D12_D4_MD5,G-N,LU	4.9 	5.2 	5.6 	6.9 	6.9 	7.1 	7.6 	7.8 
A,NAC,D12_D4_MD5,G-N,LV	1.3 	1.4 	1.8 	2.5 	2.4 	2.7 	3 	3.4 
A,NAC,D12_D4_MD5,G-N,ME	: 	1.1 	0.7 	: 	: 	: 	: 	: 
A,NAC,D12_D4_MD5,G-N,MK	: 	14.3 	3.5 	: 	: 	: 	: 	: 
A,NAC,D12_D4_MD5,G-N,MT	1 	0.9 	1.1 	-0.7 	-0.3 	0.6 	1.1 	1.1 
A,NAC,D12_D4_MD5,G-N,NL	6.4 	7.2 	7.3 	6.9 	7.3 	8.6 	9.3 	9.9 
A,NAC,D12_D4_MD5,G-N,NO	: 	70.1 	81.3 	89 	93 	94.2 	112.8 	120.3 
A,NAC,D12_D4_MD5,G-N,PL	4.3 	5.3 	6.3 	8.2 	8.8 	10 	11.3 	12.5 
A,NAC,D12_D4_MD5,G-N,PT	2.5 	3 	2.9 	2.8 	2.9 	3.1 	3.3 	3.5 
A,NAC,D12_D4_MD5,G-N,RO	3.8 	4.6 	5.1 	2 	2.1 	2.3 	2.6 	3 
A,NAC,D12_D4_MD5,G-N,RS	: 	94.6 	80.8 	94 	140.3 	185.7 	213.9 	243.2 
A,NAC,D12_D4_MD5,G-N,SE	107.1 	109.8 	123.6 	131.8 	142 	146.6 	147.9 	155.7 
A,NAC,D12_D4_MD5,G-N,SI	2.5 	2.5 	2.6 	2.7 	3 	3.2 	3.5 	3.8 
A,NAC,D12_D4_MD5,G-N,SK	0.1 	2.4 	2.7 	3.5 	3.6 	4.4 	4.7 	5.3 
A,NAC,D12_D4_MD5,G-N,TR	: 	2.4 	3.7 	4.4 	: 	: 	: 	: 
A,NAC,D12_D4_MD5,G-N,UK	2.6 d	3.1 	3.4 	: 	: 	: 	: 	: 
A,NAC,D12_D4_MD5,H,AL	: 	98.0 	78.8 	: 	: 	: 	: 	: 
A,NAC,D12_D4_MD5,H,AT	6.8 	7.6 	8.5 	8.6 	9 	10 	10.7 p	11.3 
A,NAC,D12_D4_MD5,H,BA	: 	0.9 	0.9 	: 	: 	: 	: 	: 
A,NAC,D12_D4_MD5,H,BE	10.1 	9.7 	9.1 	9.4 	9.5 	10.1 	10.9 	11.1 
A,NAC,D12_D4_MD5,H,BG	1.1 	0.8 	1.2 	1.1 	1.1 	1.3 	1.4 	1.6 
A,NAC,D12_D4_MD5,H,CH	: 	11.9 	11.7 	: 	: 	: 	: 	: 
A,NAC,D12_D4_MD5,H,CY	2.5 	3 	3 	3.4 	3.1 	3.4 	3.5 	3.9 
A,NAC,D12_D4_MD5,H,CZ	64.2 	65.7 	70.8 	94 	97.5 	104.2 	112.2 	120 
A,NAC,D12_D4_MD5,H,DE	5.6 	5.9 	6.2 	6.6 	6.8 	7.5 	8.1 	8.4 
A,NAC,D12_D4_MD5,H,DK	29.1 	36.1 	38.2 	40 	45.4 	48.1 	49.4 	52 
A,NAC,D12_D4_MD5,H,EA19	6.4 	7.0 d	6.7 	6.8 	6.8 	7.4 	7.9 	8.2 
A,NAC,D12_D4_MD5,H,EA20	6.4 	6.9 d	6.7 	6.8 	6.8 	7.3 	7.8 	8.1 
A,NAC,D12_D4_MD5,H,EE	2 	2.4 	2.9 	3.5 	3.5 	4 	4.3 	4.5 
A,NAC,D12_D4_MD5,H,EL	4.8 	4.7 	4.2 	3.6 	4.2 	4.1 	4.3 	4.9 
A,NAC,D12_D4_MD5,H,ES	5.2 	5.7 	5.6 	6.6 	6.1 	6.3 	6.7 	7 
A,NAC,D12_D4_MD5,H,FI	6.1 	5.9 	6.6 	6.7 	5.7 p	6.0 p	6.2 p	6.0 p
A,NAC,D12_D4_MD5,H,FR	9.6 	10.6 	9 	9.1 	9.1 	9.6 	10 	10.5 
A,NAC,D12_D4_MD5,H,HR	1.2 	1.5 	1.3 	1.2 	1.2 	1.3 	1.5 	1.6 
A,NAC,D12_D4_MD5,H,HU	577.7 	557.4 	599.5 	602.8 	576 	566.5 	636.6 	715 
A,NAC,D12_D4_MD5,H,IE	4.3 	5.2 	4.3 	2.6 	: @C	: @C	: @C	: @C
A,NAC,D12_D4_MD5,H,IS	566.8 	859.3 	932.9 	1385.8 	1367.0 p	1473.0 p	1613.0 p	1736.0 p
A,NAC,D12_D4_MD5,H,IT	6.3 	6.6 	6.4 	7.2 	7 	7 	7.3 	7.5 
A,NAC,D12_D4_MD5,H,LT	2.7 	2.7 	3.4 	1.6 	1.2 	0.9 	0.9 	0.9 
A,NAC,D12_D4_MD5,H,LU	4.5 	4.8 	5.1 	5.6 	5.6 	5.8 	6.2 	6.4 
A,NAC,D12_D4_MD5,H,LV	1.3 	1.5 	1.7 	2.3 	2.2 	2.4 	2.7 	3.2 
A,NAC,D12_D4_MD5,H,ME	: 	0.5 	0.8 	: 	: 	: 	: 	: 
A,NAC,D12_D4_MD5,H,MK	: 	13.1 	4.8 	: 	: 	: 	: 	: 
A,NAC,D12_D4_MD5,H,MT	1.2 	: 	1 	-1 	-0.7 	0.6 	1.5 	1.5 
A,NAC,D12_D4_MD5,H,NL	6.3 	6.9 	8.1 	5.8 	6.2 	8 	8.8 	: @C
A,NAC,D12_D4_MD5,H,NO	: 	70.9 	91.5 	83.8 	87.9 	91.7 	109.1 	115.9 
A,NAC,D12_D4_MD5,H,PL	4.8 	5.6 	6.2 	7.6 	8.1 	10 	11.6 	12.7 
A,NAC,D12_D4_MD5,H,PT	3.5 	3.4 	4.2 	3.4 	3.6 	3.7 	3.6 	3.8 
A,NAC,D12_D4_MD5,H,RO	4.1 	4.7 	4.9 	2.5 	2.7 	2.8 	3.3 	3.7 
A,NAC,D12_D4_MD5,H,RS	: 	71.3 	74.5 	74.3 	108.4 	137.1 	156.4 	179.6 
A,NAC,D12_D4_MD5,H,SE	89.1 	91.4 	98.7 	101.8 	109.8 	113.4 	116.8 	121.6 
A,NAC,D12_D4_MD5,H,SI	2.4 	2.4 	2.5 	2.3 	2.6 	2.9 	3.1 	3.4 
A,NAC,D12_D4_MD5,H,SK	0.1 	2.1 	2.3 	3.1 	3 	3.9 	4 	4.6 
A,NAC,D12_D4_MD5,H,TR	: 	2.2 	4 	4.6 	5.5 	9.7 	22.6 	40.7 
A,NAC,D12_D4_MD5,H,UK	2.8 	3.3 	3.9 	: 	: 	: 	: 	: 
A,NAC,D12_D4_MD5,I,AL	: 	38.4 	41.6 	: 	: 	: 	: 	: 
A,NAC,D12_D4_MD5,I,AT	3.3 	4.3 	4.7 	5.3 	5.2 	6.1 	6.5 p	6.9 
A,NAC,D12_D4_MD5,I,BA	: 	0.5 	0.5 	: 	: 	: 	: 	: 
A,NAC,D12_D4_MD5,I,BE	: 	7.2 	7.4 	11 	11.2 	11.5 	12.7 	12.9 
A,NAC,D12_D4_MD5,I,BG	0.5 	0.7 	0.8 	0.2 	0.2 	0.2 	0.2 	0.2 
A,NAC,D12_D4_MD5,I,CH	: 	7.5 	6.7 	: 	: 	: 	: 	: 
A,NAC,D12_D4_MD5,I,CY	1.3 	1.1 	0.9 	1 	0.9 	1.5 	1.5 	1.6 
A,NAC,D12_D4_MD5,I,CZ	36.9 	37.6 	43.5 	65.8 	-455.5 	320 	341.8 	368.9 
A,NAC,D12_D4_MD5,I,DE	2.9 	3.3 	3.6 	4.5 	4.6 	5.3 	5.8 	6.1 
A,NAC,D12_D4_MD5,I,DK	17.6 	22.2 	20.5 	20 	: @C	: @C	: @C	: @C
A,NAC,D12_D4_MD5,I,EA19	3.6 d	4.1 	4 	3.9 	3.8 	4.8 	5.3 	5.6 
A,NAC,D12_D4_MD5,I,EA20	3.6 d	4 	4 	3.8 	3.7 	4.7 	5.2 	5.5 
A,NAC,D12_D4_MD5,I,EE	1.4 	1.4 	1.9 	1.8 	1.8 	2.1 	2.5 	2.6 
A,NAC,D12_D4_MD5,I,EL	2.5 	2.4 	1.9 	2 	2.6 	3.5 	4.6 	6.6 
A,NAC,D12_D4_MD5,I,ES	3.5 	3.7 	3.7 	4.4 	3.7 	4.1 	4.4 	4.5 
A,NAC,D12_D4_MD5,I,FI	4.9 	5.2 	5.6 	4.8 	4.6 p	4.6 p	4.8 p	4.9 p
A,NAC,D12_D4_MD5,I,FR	5.9 	6.8 	6.4 	5.7 	6.6 	9.1 	9.6 	10 
A,NAC,D12_D4_MD5,I,HR	1.1 	0.9 	1.2 	0.9 	0.9 	1 	1.2 	1.3 
A,NAC,D12_D4_MD5,I,HU	347.4 	293.4 	373.6 	321.3 	264.1 	382.8 	444.9 	491.2 
A,NAC,D12_D4_MD5,I,IE	1.7 	1.3 	1.5 	: @C	: @C	: @C	: @C	: @C
A,NAC,D12_D4_MD5,I,IS	316.0 p	459.0 p	592.0 p	836.7 	885.0 p	963.0 p	1043.0 p	1126.0 p
A,NAC,D12_D4_MD5,I,IT	4.3 	4.4 	4.6 	5.5 	5.3 	5.1 	5.5 	5.6 
A,NAC,D12_D4_MD5,I,LT	0.9 	0.8 	1.2 	: @C	: @C	: @C	: @C	: @C
A,NAC,D12_D4_MD5,I,LU	2.2 	2.6 	2.5 	4 	3.9 	3.2 	3.4 	3.4 
A,NAC,D12_D4_MD5,I,LV	0.8 	0.8 	1.1 	1.6 	1 	1.6 	1.7 	2 
A,NAC,D12_D4_MD5,I,ME	: 	0.9 	0.5 	: 	: 	: 	: 	: 
A,NAC,D12_D4_MD5,I,MK	: 	10.0 	1.7 	: 	: 	: 	: 	: 
A,NAC,D12_D4_MD5,I,MT	0.7 	0.7 	0.8 	-4.4 	-4 	-0.9 	0.6 	0.7 
A,NAC,D12_D4_MD5,I,NL	3.8 	3.7 	4 	1.3 	1.1 	-2.7 	-3.3 	: @C
A,NAC,D12_D4_MD5,I,NO	: 	41.4 	42.1 	21.4 	22.5 	20.8 	23.2 	24.9 
A,NAC,D12_D4_MD5,I,PL	2.7 	3.4 	4.2 	4.6 	4.9 	5.5 	6.2 	7 
A,NAC,D12_D4_MD5,I,PT	1.7 	1.6 	1.6 	1 	1.1 	1.2 	1.2 	1.3 
A,NAC,D12_D4_MD5,I,RO	2.1 	2.4 	2.7 	1.1 	1.1 	1.2 	1.3 	1.6 
A,NAC,D12_D4_MD5,I,RS	: 	68.3 	65 	48.3 	-567.9 	-826.5 	-931.6 	-1081.8 
A,NAC,D12_D4_MD5,I,SE	54.2 	54.6 	64.9 	52.9 	56.5 	58.2 	62.3 	66.6 
A,NAC,D12_D4_MD5,I,SI	1.6 	1.8 	1.8 	0.1 	0.1 	0.1 	0.1 	0.1 
A,NAC,D12_D4_MD5,I,SK	0 	1.5 	1.6 	1.6 	2.1 	3.5 	4.7 	5.4 
A,NAC,D12_D4_MD5,I,TR	: 	1.7 	2.8 	2.8 	3.2 	6 	15.6 	27.3 
A,NAC,D12_D4_MD5,I,UK	1.1 	1.4 	1.8 	: 	: 	: 	: 	: 
A,NAC,D12_D4_MD5,J,AL	: 	77.7 	82.6 	: 	: 	: 	: 	: 
A,NAC,D12_D4_MD5,J,AT	10.4 	11.2 	11.7 	12.4 	12.5 	13.3 	14.1 p	15.6 
A,NAC,D12_D4_MD5,J,BA	: 	1.6 	1.5 	: 	: 	: 	: 	: 
A,NAC,D12_D4_MD5,J,BE	: 	15.6 	13.1 	13.3 	13.5 	14.1 	15.4 	15.6 
A,NAC,D12_D4_MD5,J,BG	1.6 	1.9 	2.4 	3.2 	3.3 	3.7 	4.1 	4.7 
A,NAC,D12_D4_MD5,J,CH	: 	16.2 	16.1 	: 	: 	: 	: 	: 
A,NAC,D12_D4_MD5,J,CY	5.1 	5.1 	3.2 	4.5 	4.6 	5.2 	5.8 	6.2 
A,NAC,D12_D4_MD5,J,CZ	105.5 	120.2 	131.3 	159.6 	168.3 	179.7 	201.3 	213 
A,NAC,D12_D4_MD5,J,DE	7.5 	8.4 	8.8 	9.8 	10.5 	10.9 	11.5 	11.9 
A,NAC,D12_D4_MD5,J,DK	41.1 	45.2 	47 	43.2 	46.1 	48.4 	49.4 	51.2 
A,NAC,D12_D4_MD5,J,EA19	9.1 	9.9 d	9.5 	10.2 	10.6 	11 	11.5 	12 
A,NAC,D12_D4_MD5,J,EA20	9 	9.8 d	9.4 	10.1 	10.5 	10.9 	11.4 	11.9 
A,NAC,D12_D4_MD5,J,EE	3.2 	4 	4.8 	6.2 	6.9 	7.4 	8.4 	9.3 
A,NAC,D12_D4_MD5,J,EL	5 	4.1 	4.1 	3.5 	3.2 	3.6 	4.2 	4.5 
A,NAC,D12_D4_MD5,J,ES	6.6 	7 	6.5 	7 	7.2 	7 	7.6 	8 
A,NAC,D12_D4_MD5,J,FI	7.5 	8.6 	9.5 	7.4 	7.8 p	7.9 p	8.2 p	8.1 p
A,NAC,D12_D4_MD5,J,FR	15.1 	15.9 	14.3 	16.8 	17 	17.4 	17.7 	18.4 
A,NAC,D12_D4_MD5,J,HR	2.5 	2.3 	2.2 	2.5 	2.6 	2.9 	3.2 	3.5 
A,NAC,D12_D4_MD5,J,HU	1198.1 	1045.9 	1194.5 	1008.3 	1007.4 	960.5 	1096.7 	1218.8 
A,NAC,D12_D4_MD5,J,IE	6.2 	6.3 	6.9 	7.1 	7.8 	8.8 	9.9 	10.6 
A,NAC,D12_D4_MD5,J,IS	570.0 p	813.0 p	1129.6 	1388.9 	1530.0 p	1609.0 p	1705.0 p	1843.0 p
A,NAC,D12_D4_MD5,J,IT	9.6 	9.9 	9.3 	9.4 	9.4 	9.5 	9.8 	10 
A,NAC,D12_D4_MD5,J,LT	2.2 	2.7 	3.6 	0.8 	1 	1.2 	1.5 	1.9 
A,NAC,D12_D4_MD5,J,LU	5.3 	5.8 	6.3 	6.9 	6.9 	7.3 	7.7 	7.9 
A,NAC,D12_D4_MD5,J,LV	2.3 	2.4 	3.1 	4 	4.1 	4.6 	5.1 	5.5 
A,NAC,D12_D4_MD5,J,ME	: 	1.6 	1.2 	: 	: 	: 	: 	: 
A,NAC,D12_D4_MD5,J,MK	: 	26.9 	3.4 	: 	: 	: 	: 	: 
A,NAC,D12_D4_MD5,J,MT	1.2 	: 	1.4 	1.1 	1.3 	1.5 	1.6 	1.6 
A,NAC,D12_D4_MD5,J,NL	8.2 	8.6 	8.5 	8.3 	9.4 	10.8 	11.5 	: @C
A,NAC,D12_D4_MD5,J,NO	: 	92.1 	105.4 	124.1 	129.6 	129.3 	165.1 	182.8 
A,NAC,D12_D4_MD5,J,PL	7 	8.6 	10.3 	12.9 	14.1 	15.8 	17.5 	19 
A,NAC,D12_D4_MD5,J,PT	: 	4.4 	3.9 	3.9 	4.1 	4.6 	4.8 	5.1 
A,NAC,D12_D4_MD5,J,RO	6.7 	7.9 	9.2 	3 	3.3 	4 	4.6 	5 
A,NAC,D12_D4_MD5,J,RS	: 	120.5 	149.3 	181.9 	243.3 	332.7 	398.2 	447.9 
A,NAC,D12_D4_MD5,J,SE	139.7 	149.3 	172 	198.1 	216.5 	221.2 	216.8 	228.9 
A,NAC,D12_D4_MD5,J,SI	3.9 	3.6 	3.8 	3.8 	4.2 	4.5 	4.9 	5.3 
A,NAC,D12_D4_MD5,J,SK	0.1 	4 	4.5 	5.6 	6 	6.6 	7.1 	7.8 
A,NAC,D12_D4_MD5,J,TR	: 	4.9 	6.8 	8.4 	10.7 	17.6 	41.9 	77.5 
A,NAC,D12_D4_MD5,J,UK	4.3 	4.5 	4.6 	: 	: 	: 	: 	: 
A,NAC,D12_D4_MD5,K,AL	: 	95.9 	108.1 	: 	: 	: 	: 	: 
A,NAC,D12_D4_MD5,K,AT	11.7 	13.4 	14.7 	14.1 	13.1 	14.2 	14.6 p	15.4 
A,NAC,D12_D4_MD5,K,BA	: 	1.8 	2.0 	: 	: 	: 	: 	: 
A,NAC,D12_D4_MD5,K,BE	18.3 	19.8 	16.6 	15.5 	15.6 	16.6 	17.9 	18.3 
A,NAC,D12_D4_MD5,K,BG	1.6 	1.8 	2.1 	2.7 	2.6 	3.1 	3.3 	3.7 
A,NAC,D12_D4_MD5,K,CH	: 	19.4 	19.2 	: 	: 	: 	: 	: 
A,NAC,D12_D4_MD5,K,CY	7.5 	7.8 	4.9 	7 	7.3 	7.8 	8.3 	8.9 
A,NAC,D12_D4_MD5,K,CZ	116.7 	125.2 	132.6 	164.2 	169.8 	182.4 	200.2 	209.1 
A,NAC,D12_D4_MD5,K,DE	9.7 	11.6 	11.1 	13 	12.6 	14.1 	15 	15.6 
A,NAC,D12_D4_MD5,K,DK	89.2 	105.6 	123.5 	130.8 	140.8 	144.2 	146.8 	150.7 
A,NAC,D12_D4_MD5,K,EA19	11.9 	13.7 d	13.7 	14.4 	14.5 	15.3 	16 	16.6 
A,NAC,D12_D4_MD5,K,EA20	11.8 	13.5 d	13.5 	14.3 	14.3 	15.1 	15.8 	16.5 
A,NAC,D12_D4_MD5,K,EE	4.3 	4.1 	5 	6.4 	6.7 	7.2 	8 	8.7 
A,NAC,D12_D4_MD5,K,EL	6.5 	7.5 	9.8 	5.9 	5.2 	5.8 	6.5 	6 
A,NAC,D12_D4_MD5,K,ES	9.3 	10.6 	11.2 	12.1 	11.6 	11.5 	11.5 	12.2 
A,NAC,D12_D4_MD5,K,FI	8.8 	9.2 	9.9 	8.2 	7.7 p	8.3 p	8.7 p	8.3 p
A,NAC,D12_D4_MD5,K,FR	17.4 	19.7 	20.6 	20.7 	20.8 	21.9 	22.8 	23.8 
A,NAC,D12_D4_MD5,K,HR	2.4 	2.3 	2.5 	2.3 	2.4 	2.5 	2.8 	3 
A,NAC,D12_D4_MD5,K,HU	1292.1 	1201.5 	1368.6 	1213.5 	1189.1 	1127.3 	1285.4 	1403.9 
A,NAC,D12_D4_MD5,K,IE	8.8 	8.8 	8.8 	10.3 	11.5 	10.9 	11.5 	12.2 
A,NAC,D12_D4_MD5,K,IS	1134.8 	1455.4 	1966.4 	2390.9 	1721.0 p	1893.0 p	2036.0 p	2161.0 p
A,NAC,D12_D4_MD5,K,IT	14.1 	14.4 	14.1 	15 	14.4 	15 	15.3 	15.7 
A,NAC,D12_D4_MD5,K,LT	3 	3.5 	4 	1.2 	1.2 	1.3 	1.4 	1.6 
A,NAC,D12_D4_MD5,K,LU	8 	9 	9.6 	10.8 	11 	11.6 	12.4 	12.6 
A,NAC,D12_D4_MD5,K,LV	2.7 	2.8 	3.5 	4.2 	4.2 	4.7 	5.1 	5.5 
A,NAC,D12_D4_MD5,K,ME	: 	2.6 	1.6 	: 	: 	: 	: 	: 
A,NAC,D12_D4_MD5,K,MK	: 	13.7 	8.0 	: 	: 	: 	: 	: 
A,NAC,D12_D4_MD5,K,MT	1.8 	: 	1.9 	1.8 	1.9 	2 	2 	2 
A,NAC,D12_D4_MD5,K,NL	12.7 	16.9 	14.2 	15 	15.9 	15.7 	16 	: @C
A,NAC,D12_D4_MD5,K,NO	: 	117 	157 	219 	218.7 	231 	289 	313.4 
A,NAC,D12_D4_MD5,K,PL	7 	8.7 	9.9 	13.2 	14.1 	16 	18.1 	20.2 
A,NAC,D12_D4_MD5,K,PT	5 	8.6 	6.6 	6.8 	6.5 	6.7 	7.1 	7.7 
A,NAC,D12_D4_MD5,K,RO	8.6 	10.1 	9.6 	4 	3.8 	4.2 	4.7 	5.3 
A,NAC,D12_D4_MD5,K,RS	: 	184.7 	199.5 	217.8 	241.7 	264.2 	293 	332.3 
A,NAC,D12_D4_MD5,K,SE	193.6 	214.1 	209.9 	237.9 	256.1 	262.9 	254.9 	266.5 
A,NAC,D12_D4_MD5,K,SI	4.2 	3.8 	4.2 	4.8 	5.1 	5.8 	6.4 	6.7 
A,NAC,D12_D4_MD5,K,SK	0.1 	4 	4.7 	6.1 	6.3 	6.8 	7.4 	8.1 
A,NAC,D12_D4_MD5,K,TR	: 	5.6 	8.4 	9.6 	11.1 	19.2 	45 	84.2 
A,NAC,D12_D4_MD5,K,UK	5.4 	6.2 	6.6 	: 	: 	: 	: 	: 
A,NAC,D12_D4_MD5,K-N,MT	1.1 	0.9 	1.2 	1.2 	1.2 	1.3 	1.3 	: 
A,NAC,D12_D4_MD5,L,MT	0.6 	: 	1.2 	0.9 	1.0 	1.0 	1.0 	: 
A,NAC,D12_D4_MD5,M,AL	: 	63.5 	73.3 	: 	: 	: 	: 	: 
A,NAC,D12_D4_MD5,M,AT	8.2 	9.3 	10.1 	11.2 	9.8 	10.4 	11.2 p	12.2 
A,NAC,D12_D4_MD5,M,BA	: 	0.9 	1.0 	: 	: 	: 	: 	: 
A,NAC,D12_D4_MD5,M,BE	: 	12.8 	12.5 	11.5 	11.6 	12.3 	13.3 	13.6 
A,NAC,D12_D4_MD5,M,BG	1.2 	1.4 	1.9 	2.5 	2.5 	2.9 	3.2 	3.6 
A,NAC,D12_D4_MD5,M,CH	: 	15.8 	15.3 	: 	: 	: 	: 	: 
A,NAC,D12_D4_MD5,M,CY	2.7 	2.9 	2.8 	2.8 	3 	3.1 	3.4 	3.6 
A,NAC,D12_D4_MD5,M,CZ	86.1 	94.1 	101.5 	126 	134.5 	136.5 	156.6 	169.9 
A,NAC,D12_D4_MD5,M,DE	6.5 	7.5 	8 	8.7 	8.6 	10.4 	10.4 	11 
A,NAC,D12_D4_MD5,M,DK	34.2 	41.2 	39.2 	40 	44.8 	46.3 	47.4 	49.7 
A,NAC,D12_D4_MD5,M,EA19	8.3 	9.3 	9.5 	9.7 	9.6 	10.6 	10.9 	11.4 
A,NAC,D12_D4_MD5,M,EA20	8.2 	9.3 	9.4 	9.6 	9.5 	10.5 	10.9 	11.4 
A,NAC,D12_D4_MD5,M,EE	2.9 	3.2 	4.1 	4.4 	4.6 	5.2 	6.3 	6.5 
A,NAC,D12_D4_MD5,M,EL	2.9 	3.1 	3.5 	2.9 	2.8 	3 	3.1 	3.6 
A,NAC,D12_D4_MD5,M,ES	5.3 	5.9 	5.8 	6.4 	6.2 	6.3 	6.9 	7.3 
A,NAC,D12_D4_MD5,M,FI	7 	8.4 	8.6 	7.6 	7.2 p	7.3 p	7.6 p	7.4 p
A,NAC,D12_D4_MD5,M,FR	12.7 	15.3 	15 	15.7 	15.4 	16 	16.3 	16.9 
A,NAC,D12_D4_MD5,M,HR	2.1 	2.6 	2 	1.9 	1.9 	2.1 	2.4 	2.7 
A,NAC,D12_D4_MD5,M,HU	838.3 	860.5 	997.4 	858.3 	858.1 	843.2 	962.4 	1071.6 
A,NAC,D12_D4_MD5,M,IE	6.2 	5 	5.2 	4.7 	5.6 	7.7 	8.8 	9.2 
A,NAC,D12_D4_MD5,M,IS	618.0 p	853.0 p	1041.0 p	1340.0 p	1466.0 p	1599.0 p	1730.0 p	1833.0 p
A,NAC,D12_D4_MD5,M,IT	8.7 	9.2 	11.1 	9.3 	9.3 	9.5 	9.8 	10.1 
A,NAC,D12_D4_MD5,M,LT	2.1 	2.2 	2.7 	0.6 	0.9 	1.1 	1.2 	1.4 
A,NAC,D12_D4_MD5,M,LU	6.1 	6.1 	6.4 	7.6 	7.7 	8.1 	8.7 	8.8 
A,NAC,D12_D4_MD5,M,LV	1.6 	1.8 	2.3 	3.5 	3.8 	4.4 	4.9 	5.4 
A,NAC,D12_D4_MD5,M,ME	: 	1.3 	0.7 	: 	: 	: 	: 	: 
A,NAC,D12_D4_MD5,M,MK	: 	19.6 	5.6 	: 	: 	: 	: 	: 
A,NAC,D12_D4_MD5,M,MT	1 	1 	1.3 	0.8 	1 	1.4 	1.5 	1.5 
A,NAC,D12_D4_MD5,M,NL	7.7 	9.1 	9.6 	9.1 	9 	10.3 	11.2 	: @C
A,NAC,D12_D4_MD5,M,NO	: 	89.1 	105.7 	104.8 	110.6 	114.5 	139.9 	147.8 
A,NAC,D12_D4_MD5,M,PL	5.1 	7.3 	8 	10.2 	11.2 	12.4 	13.9 	15.2 
A,NAC,D12_D4_MD5,M,PT	: 	3.5 	4 	3.9 	4.1 	4.4 	4.5 	4.8 
A,NAC,D12_D4_MD5,M,RO	5.7 	6.5 	7.2 	2.7 	2.7 	3 	3.2 	3.6 
A,NAC,D12_D4_MD5,M,RS	: 	128.8 	125.9 	113.7 	166.6 	220.2 	251.4 	282.5 
A,NAC,D12_D4_MD5,M,SE	134.3 	144.2 	161.7 	158.3 	171.9 	179.1 	177.8 	184.7 
A,NAC,D12_D4_MD5,M,SI	3.2 	3.2 	3.2 	3.5 	3.9 	4.2 	4.6 	4.9 
A,NAC,D12_D4_MD5,M,SK	0.1 	2.9 	3.3 	4.7 	4.6 	5.5 	6 	6.5 
A,NAC,D12_D4_MD5,M,TR	: 	3.7 	4.8 	5.5 	6.6 	11.3 	26.9 	49.2 
A,NAC,D12_D4_MD5,M,UK	: 	4.4 	4.7 	: 	: 	: 	: 	: 
A,NAC,D12_D4_MD5,N,AL	: 	42.8 	62.0 	: 	: 	: 	: 	: 
A,NAC,D12_D4_MD5,N,AT	5.1 	5.8 	6.2 	7.4 	8.3 	8.9 	9.3 p	10.3 
A,NAC,D12_D4_MD5,N,BA	: 	0.6 	0.5 	: 	: 	: 	: 	: 
A,NAC,D12_D4_MD5,N,BE	9.1 	8.7 	8.6 	8.9 	9 	9.5 	10.1 	10.4 
A,NAC,D12_D4_MD5,N,BG	0.4 	0.5 	0.9 	1.2 	1.4 	1.6 	1.8 	2.1 
A,NAC,D12_D4_MD5,N,CH	: 	10.7 	8.6 	: 	: 	: 	: 	: 
A,NAC,D12_D4_MD5,N,CY	1.1 	1.2 	1.1 	2.1 	2.1 	2.4 	2.6 	2.8 
A,NAC,D12_D4_MD5,N,CZ	38.8 	42.1 	45.4 	65.3 	69.4 	74.1 	82.5 	88.9 
A,NAC,D12_D4_MD5,N,DE	3.3 	3.9 	4.5 	5.3 	5.5 	6.3 	6.9 	7.3 
A,NAC,D12_D4_MD5,N,DK	20.6 	30.6 	30 	31.2 	37.1 	38.9 	41.1 	42.8 
A,NAC,D12_D4_MD5,N,EA19	4.3 d	4.8 	4.9 	5.5 	5.6 	6.1 	6.5 	6.8 
A,NAC,D12_D4_MD5,N,EA20	4.3 d	4.8 	4.9 	5.4 	5.5 	6 	6.4 	6.8 
A,NAC,D12_D4_MD5,N,EE	1.8 	2 	2.4 	2.9 	3.1 	3.3 	3.8 	4.2 
A,NAC,D12_D4_MD5,N,EL	2.4 	2.4 	2.3 	2.3 	2.3 	2.5 	2.6 	3 
A,NAC,D12_D4_MD5,N,ES	3.9 	4.1 	4 	4.4 	4.5 	4.4 	4.9 	5.1 
A,NAC,D12_D4_MD5,N,FI	3.6 	4.5 	5.2 	4.3 	4.5 p	4.5 p	4.9 p	5.0 p
A,NAC,D12_D4_MD5,N,FR	7.2 	8.3 	7.2 	7.7 	7.7 	8 	8.4 	8.8 
A,NAC,D12_D4_MD5,N,HR	0.9 	0.8 	1.1 	0.6 	0.6 	0.6 	0.8 	0.9 
A,NAC,D12_D4_MD5,N,HU	408.4 	386.3 	524.2 	498.5 	485.1 	465.9 	523 	558.2 
A,NAC,D12_D4_MD5,N,IE	2.8 	2.3 	2.6 	2.2 	2.2 	4.1 	4.7 	5.6 
A,NAC,D12_D4_MD5,N,IS	412.0 p	640.0 p	763.0 p	1119.0 p	1170.0 p	1298.0 p	1399.0 p	1508.0 p
A,NAC,D12_D4_MD5,N,IT	4.7 	4.8 	4.9 	5.3 	5.2 	5.2 	5.3 	5.4 
A,NAC,D12_D4_MD5,N,LT	1.4 	1.1 	1.9 	0.1 	: @C	: @C	: @C	: @C
A,NAC,D12_D4_MD5,N,LU	: 	2.5 	2.8 	4.3 	4.3 	4.5 	4.8 	4.9 
A,NAC,D12_D4_MD5,N,LV	1.1 	1.1 	1.4 	2 	2 	2.2 	2.3 	2.7 
A,NAC,D12_D4_MD5,N,ME	: 	0.8 	0.4 	: 	: 	: 	: 	: 
A,NAC,D12_D4_MD5,N,MK	: 	7.9 	1.8 	: 	: 	: 	: 	: 
A,NAC,D12_D4_MD5,N,MT	0.8 	0.4 	0.9 	-0.8 	-0.2 	0.6 	1 	0.9 
A,NAC,D12_D4_MD5,N,NL	4.3 	4.6 	5 	4.9 	5.3 	6.6 	7.2 	: @C
A,NAC,D12_D4_MD5,N,NO	: 	52.8 	53.9 	56.3 	57.8 	57.1 	67.3 	73.6 
A,NAC,D12_D4_MD5,N,PL	2.9 	3.5 	4.3 	6.3 	6.9 	7.7 	9 	10.2 
A,NAC,D12_D4_MD5,N,PT	1.4 	1.6 	1.8 	2 	1.9 	2 	2.2 	2.4 
A,NAC,D12_D4_MD5,N,RO	2 	2.6 	3.4 	1.4 	1.4 	1.5 	1.9 	2 
A,NAC,D12_D4_MD5,N,RS	: 	61.5 	75.6 	79.1 	123.5 	162.4 	183.9 	208.6 
A,NAC,D12_D4_MD5,N,SE	70.9 	74.7 	84.2 	89 	93.6 	97.7 	101.8 	108 
A,NAC,D12_D4_MD5,N,SI	1.4 	1.5 	1.8 	1.9 	2.1 	2.3 	2.6 	2.8 
A,NAC,D12_D4_MD5,N,SK	0 	1.5 	1.9 	2.5 	2.6 	3.5 	3.6 	4 
A,NAC,D12_D4_MD5,N,TR	: 	1.6 	3.1 	4.2 	5.2 	8.6 	19.5 	38.3 
A,NAC,D12_D4_MD5,N,UK	1.6 	2.1 	2.6 	: 	: 	: 	: 	: 
A,NAC,D12_D4_MD5,O-S,MT	: 	: 	0.2 d	0.4 	0.4 	0.4 	0.4 	: 
A,NAC,D12_D4_MD5,P,AL	: 	55.6 	61.9 	: 	: 	: 	: 	: 
A,NAC,D12_D4_MD5,P,AT	6.5 	7.3 	8.1 	9 	8.9 	9.6 	9.9 p	11.1 
A,NAC,D12_D4_MD5,P,BA	: 	0.9 	0.9 	: 	: 	: 	: 	: 
A,NAC,D12_D4_MD5,P,BE	2.9 	3.9 	7.6 	8 	8.1 	8.5 	9.3 	9.5 
A,NAC,D12_D4_MD5,P,BG	1.1 	1.2 	1.7 	3.2 	3.5 	4 	4.5 	5.2 
A,NAC,D12_D4_MD5,P,CH	: 	16.7 	16.2 	: 	: 	: 	: 	: 
A,NAC,D12_D4_MD5,P,CY	3.8 	3.7 	8.8 	9.9 	10.1 	10.3 	10.6 	11 
A,NAC,D12_D4_MD5,P,CZ	57.1 	62.3 	67.5 	98.1 	106.3 	110.5 	114.6 	115.3 
A,NAC,D12_D4_MD5,P,DE	9 	9.9 	10.7 	11.9 	12.1 	12.8 	13.1 	13.7 
A,NAC,D12_D4_MD5,P,DK	30.1 	34.4 	39.6 	43.6 	44.5 	45.9 	47.1 	49.6 
A,NAC,D12_D4_MD5,P,EA19	9.2 d	9.6 d	10.3 	10.7 	10.7 	11.1 	11.5 	12 
A,NAC,D12_D4_MD5,P,EA20	9.1 d	9.5 d	10.1 	10.6 	10.6 	10.9 	11.3 	11.8 
A,NAC,D12_D4_MD5,P,EE	1.9 	1.9 	2.6 	3.5 	3.6 	3.9 	4.5 	4.9 
A,NAC,D12_D4_MD5,P,EL	1.6 	2.4 	1.9 	2.8 	2.8 	2.5 	2.7 	2.8 
A,NAC,D12_D4_MD5,P,ES	5.9 	5.9 	6 	6.5 	6.4 	6.6 	6.9 	7.1 
A,NAC,D12_D4_MD5,P,FI	5.6 	7.7 	9 	7.3 	6.5 p	6.6 p	6.8 p	6.8 p
A,NAC,D12_D4_MD5,P,FR	: 	16.7 	17.8 	19 	: @C	: @C	: @C	: @C
A,NAC,D12_D4_MD5,P,HR	1.3 	1.3 	1.3 	1.6 	1.6 	1.7 	2 	2.4 
A,NAC,D12_D4_MD5,P,HU	619 	533.2 	642.2 	620.4 	623.5 	600.3 	689 	854.2 
A,NAC,D12_D4_MD5,P,IE	3.3 	4.1 	8.3 	8.9 	8.3 	10.8 	11.6 	12.2 
A,NAC,D12_D4_MD5,P,IS	523.6 	710.3 	976.5 	1186.7 	1315.0 p	1438.0 p	1563.0 p	1673.0 p
A,NAC,D12_D4_MD5,P,IT	6.9 	12.1 	10.9 	9.6 	9.6 	9.5 	9.4 	9.7 
A,NAC,D12_D4_MD5,P,LT	1.4 	1.6 	1.8 	0.3 	0.4 	0.4 	0.5 	0.5 
A,NAC,D12_D4_MD5,P,LU	5 	5.5 	3.7 	3.4 	3.4 	3.5 	3.8 	3.8 
A,NAC,D12_D4_MD5,P,LV	1.2 	1 	1.3 	1.7 	1.9 	2.1 	2.4 	2.8 
A,NAC,D12_D4_MD5,P,ME	: 	1.0 	0.7 	: 	: 	: 	: 	: 
A,NAC,D12_D4_MD5,P,MK	: 	1.3 	2.0 	: 	: 	: 	: 	: 
A,NAC,D12_D4_MD5,P,NL	9.7 	10.7 	11.1 	13 	13 	14.3 	15 	: @C
A,NAC,D12_D4_MD5,P,NO	: 	76.2 	88.5 	81.6 	80.8 	84.8 	92.7 	95.8 
A,NAC,D12_D4_MD5,P,PL	6.2 	9.1 	10 	11.7 	12.4 	13.1 	14.7 	18.2 
A,NAC,D12_D4_MD5,P,PT	2.6 	2.7 	3.9 	4.1 	4.2 	4.4 	4.8 	5 
A,NAC,D12_D4_MD5,P,RO	3.9 	3.6 	4.4 	1.8 	1.8 	1.9 	2.1 	2.7 
A,NAC,D12_D4_MD5,P,RS	: 	87.7 	85.8 	120.8 	128.3 	141.2 	160.1 	185.4 
A,NAC,D12_D4_MD5,P,SE	81.3 	80.4 	88.3 	101 	106.5 	107.8 	116.3 	116.4 
A,NAC,D12_D4_MD5,P,SI	2.9 	2.8 	2.6 	3.1 	3.4 	3.3 	3.5 	3.6 
A,NAC,D12_D4_MD5,P,SK	0.1 	2 	2.6 	3.9 	3.9 	4.1 	4.4 	4.9 
A,NAC,D12_D4_MD5,P,TR	: 	2.6 	5.1 	5 	: 	: 	: 	: 
A,NAC,D12_D4_MD5,P,UK	4 	5 	6.9 	: 	: 	: 	: 	: 
A,NAC,D12_D4_MD5,P-S,AL	: 	54.9 	61.1 	: 	: 	: 	: 	: 
A,NAC,D12_D4_MD5,P-S,AT	6.2 	7.1 	7.9 	8.9 	9.5 	10.6 	11.0 p	12.4 
A,NAC,D12_D4_MD5,P-S,BA	: 	1.0 	1.0 	: 	: 	: 	: 	: 
A,NAC,D12_D4_MD5,P-S,BE	4 	6.4 	5.6 	6.3 	6.3 	6.8 	7.2 	7.4 
A,NAC,D12_D4_MD5,P-S,BG	1 	1.1 	1.5 	2.5 	2.8 	3 	3.3 	3.8 
A,NAC,D12_D4_MD5,P-S,CH	: 	13.5 	13.0 	: 	: 	: 	: 	: 
A,NAC,D12_D4_MD5,P-S,CY	3.2 	2.7 	6.2 	6.9 	6.9 	7.2 	7.5 	7.9 
A,NAC,D12_D4_MD5,P-S,CZ	54 	61.2 	67.9 	100.8 	109 	113.1 	117.8 	123.4 
A,NAC,D12_D4_MD5,P-S,DE	6.3 	7.1 	7.9 	8.9 	9 	9.9 	10.3 	10.8 
A,NAC,D12_D4_MD5,P-S,DK	26.4 	34 	36.4 	40.9 	41.5 	42.9 	44.1 	46.2 
A,NAC,D12_D4_MD5,P-S,EA19	6.1 d	7.7 	8.1 	8.7 	8.9 	9.5 	9.9 	10.3 
A,NAC,D12_D4_MD5,P-S,EA20	6.1 d	7.6 	8 	8.7 	8.8 	9.4 	9.8 	10.2 
A,NAC,D12_D4_MD5,P-S,EE	1.9 	1.9 	2.6 	3.4 	3.7 	4 	4.6 	5 
A,NAC,D12_D4_MD5,P-S,EL	1.6 	2.3 	1.6 	2.3 	2.3 	2.1 	2.2 	2.3 
A,NAC,D12_D4_MD5,P-S,ES	5.1 	5.2 	5.2 	6.1 	6.1 	6.2 	6.6 	6.8 
A,NAC,D12_D4_MD5,P-S,FI	6.1 	7.3 	7.9 	6.9 	5.7 p	5.9 p	6.1 p	6.1 p
A,NAC,D12_D4_MD5,P-S,FR	10.1 d	12.3 	12.4 	13.9 	14.2 	14.7 	15.5 	16 
A,NAC,D12_D4_MD5,P-S,HR	1.4 	1.3 	1.4 	1.6 	1.6 	1.7 	2 	2.4 
A,NAC,D12_D4_MD5,P-S,HU	553.3 	438.8 	474.8 	532.8 	549.4 	558.8 	638.6 	754.6 
A,NAC,D12_D4_MD5,P-S,IE	3.2 	3.3 	5.9 	6.2 	5.5 	8.4 	9.3 	9.9 
A,NAC,D12_D4_MD5,P-S,IS	563.4 d	747.0 d	976.9 d	1218.3 d	1359.0 p	1490.0 p	1614.0 p	1725.0 p
A,NAC,D12_D4_MD5,P-S,IT	6.7 	9.1 	8.8 	8.8 	8.7 	8.7 	8.7 	8.9 
A,NAC,D12_D4_MD5,P-S,LT	1.4 	1.5 	1.7 	0.3 	0.4 	0.5 	0.5 	0.6 
A,NAC,D12_D4_MD5,P-S,LU	4.5 	4.5 	3.2 	3.6 	3.7 	3.8 	4.1 	4.1 
A,NAC,D12_D4_MD5,P-S,LV	1.2 	1 	1.3 	1.9 	2.2 	2.4 	2.6 	2.9 
A,NAC,D12_D4_MD5,P-S,ME	: 	1.1 	0.7 	: 	: 	: 	: 	: 
A,NAC,D12_D4_MD5,P-S,MK	: 	3.6 	3.3 	: 	: 	: 	: 	: 
A,NAC,D12_D4_MD5,P-S,MT	0.6 	0.4 	0.2 	0.4 	0.5 	0.7 	0.8 	0.8 
A,NAC,D12_D4_MD5,P-S,NL	7.7 	8.5 	9.6 	10 	10.6 	12.3 	12.8 	13.5 
A,NAC,D12_D4_MD5,P-S,NO	: 	75.6 	96 	105.8 	106.1 	109.1 	121.4 	126.2 
A,NAC,D12_D4_MD5,P-S,PL	5.4 	7 	7.8 	9.8 	10.7 	11.5 	13.1 	15.7 
A,NAC,D12_D4_MD5,P-S,PT	2.3 	2.4 	3.1 	3.3 	3.3 	3.5 	3.8 	4.1 
A,NAC,D12_D4_MD5,P-S,RO	3.7 	3.5 	4.5 	2.4 	2.4 	2.4 	2.5 	3 
A,NAC,D12_D4_MD5,P-S,RS	: 	86.4 	90.1 	121 	140.6 	156.8 	175.6 	200.2 
A,NAC,D12_D4_MD5,P-S,SE	85.7 	89.2 	96.2 	108.5 	113.6 	116.4 	127.6 	124.9 
A,NAC,D12_D4_MD5,P-S,SI	2.8 	2.7 	2.6 	3 	3.2 	3.1 	3.3 	3.4 
A,NAC,D12_D4_MD5,P-S,SK	0.1 	2 	2.5 	3.6 	3.9 	4.1 	4.6 	5.1 
A,NAC,D12_D4_MD5,P-S,TR	: 	2.6 	4.3 	4.7 	: 	: 	: 	: 
A,NAC,D12_D4_MD5,P-S,UK	3.4 d	4 	5.2 	: 	: 	: 	: 	: 
A,NAC,D12_D4_MD5,Q,AL	: 	55.3 	63.3 	: 	: 	: 	: 	: 
A,NAC,D12_D4_MD5,Q,AT	6.2 	7 	8.1 	8.9 	9.6 	10.4 	10.9 p	12.5 
A,NAC,D12_D4_MD5,Q,BA	: 	1.1 	1.2 	: 	: 	: 	: 	: 
A,NAC,D12_D4_MD5,Q,BE	4.7 	6.8 	4.3 	5.2 	5.2 	5.7 	6 	6.2 
A,NAC,D12_D4_MD5,Q,BG	0.9 	1.1 	1.4 	2.1 	2.4 	2.5 	2.6 	3 
A,NAC,D12_D4_MD5,Q,CH	: 	11.8 	11.8 	: 	: 	: 	: 	: 
A,NAC,D12_D4_MD5,Q,CY	2.6 	2.1 	4.8 	4.2 	4.1 	4.1 	4.5 	4.8 
A,NAC,D12_D4_MD5,Q,CZ	53.5 	63.9 	71.7 	110.3 	118.9 	119.5 	123.4 	133.4 
A,NAC,D12_D4_MD5,Q,DE	5 	5.9 	6.6 	7.6 	7.8 	8.8 	9.2 	9.6 
A,NAC,D12_D4_MD5,Q,DK	23.2 	32.9 	34.1 	38.3 	38.6 	39.8 	41.1 	43.2 
A,NAC,D12_D4_MD5,Q,EA19	6.2 	6.8 d	7.1 	7.9 	8.2 	8.8 	9.2 	9.6 
A,NAC,D12_D4_MD5,Q,EA20	6.2 	6.8 d	7.1 	7.9 	8.1 	8.8 	9.2 	9.6 
A,NAC,D12_D4_MD5,Q,EE	2 	2.1 	2.7 	3.7 	4.2 	4.4 	5.2 	5.7 
A,NAC,D12_D4_MD5,Q,EL	1.3 	2 	1.1 	1.9 	1.8 	1.8 	1.7 	1.7 
A,NAC,D12_D4_MD5,Q,ES	5.1 	5 	5.1 	6.1 	6.2 	6.3 	6.7 	7 
A,NAC,D12_D4_MD5,Q,FI	6.4 	7.2 	7.6 	6.9 	5.5 p	5.7 p	6.0 p	5.8 p
A,NAC,D12_D4_MD5,Q,FR	10.1 	10.3 	10.2 	11.7 	: @C	: @C	: @C	: @C
A,NAC,D12_D4_MD5,Q,HR	1.5 	1.4 	1.5 	1.7 	1.7 	1.8 	2.1 	2.6 
A,NAC,D12_D4_MD5,Q,HU	477.8 	342.4 	340.9 	450.8 	487.7 	520.1 	592.2 	671.6 
A,NAC,D12_D4_MD5,Q,IE	3.3 	3 	5.2 	5.6 	5.1 	6.8 	7.5 	7.9 
A,NAC,D12_D4_MD5,Q,IS	616.6 	805.6 	1004.2 	1273.5 	1428.0 p	1576.0 p	1705.0 p	1816.0 p
A,NAC,D12_D4_MD5,Q,IT	6.5 	7.4 	7.5 	8.3 	8.1 	8.2 	8.2 	8.4 
A,NAC,D12_D4_MD5,Q,LT	1.4 	1.4 	1.8 	0.3 	0.4 	0.5 	0.6 	0.6 
A,NAC,D12_D4_MD5,Q,LU	4.6 	4.5 	3 	4.8 	5 	5.2 	5.5 	5.6 
A,NAC,D12_D4_MD5,Q,LV	1.2 	1 	1.3 	2.3 	2.8 	2.9 	3 	3.2 
A,NAC,D12_D4_MD5,Q,ME	: 	1.2 	0.7 	: 	: 	: 	: 	: 
A,NAC,D12_D4_MD5,Q,MK	: 	4.0 	5.0 	: 	: 	: 	: 	: 
A,NAC,D12_D4_MD5,Q,MT	0.9 	: 	1 	2.1 	2.2 	2.3 	2.3 	2.3 
A,NAC,D12_D4_MD5,Q,NL	7 	7.8 	9.2 	9.1 	10 	11.5 	11.8 	: @C
A,NAC,D12_D4_MD5,Q,NO	: 	78.1 	101.8 	124 	124.4 	126.9 	141.5 	147.6 
A,NAC,D12_D4_MD5,Q,PL	4.6 	5.2 	5.8 	8 	9.1 	9.9 	11.4 	13.2 
A,NAC,D12_D4_MD5,Q,PT	1.9 	2 	2.5 	2.7 	2.7 	2.9 	3.1 	3.5 
A,NAC,D12_D4_MD5,Q,RO	3.6 	3.7 	4.8 	3.3 	3 	3 	3.1 	3.5 
A,NAC,D12_D4_MD5,Q,RS	: 	87.3 	98 	133.3 	156.9 	170.4 	187.8 	211.3 
A,NAC,D12_D4_MD5,Q,SE	89 	96.3 	101.2 	114.9 	119.4 	123.5 	138 	132.2 
A,NAC,D12_D4_MD5,Q,SI	2.8 	2.6 	2.6 	3 	3.2 	3.1 	3.3 	3.4 
A,NAC,D12_D4_MD5,Q,SK	0.1 	2.2 	2.6 	3.7 	4.1 	4.4 	5 	5.5 
A,NAC,D12_D4_MD5,Q,TR	: 	2.6 	3.8 	4.3 	: 	: 	: 	: 
A,NAC,D12_D4_MD5,Q,UK	3 	3.5 	4.3 	: 	: 	: 	: 	: 
A,NAC,D12_D4_MD5,R,AL	: 	49.6 	53.0 	: 	: 	: 	: 	: 
A,NAC,D12_D4_MD5,R,AT	6.1 	7.3 	7.6 	9.5 	10.4 	14.5 	15.0 p	15.5 
A,NAC,D12_D4_MD5,R,BA	: 	0.6 	0.5 	: 	: 	: 	: 	: 
A,NAC,D12_D4_MD5,R,BE	5.9 	8.3 	6.1 	6.8 	6.9 	7.4 	7.9 	8.1 
A,NAC,D12_D4_MD5,R,BG	0.7 	0.8 	1.1 	1.2 	1.3 	1.6 	1.7 	2 
A,NAC,D12_D4_MD5,R,CH	: 	11.8 	10.7 	: 	: 	: 	: 	: 
A,NAC,D12_D4_MD5,R,CY	2 	2 	2.1 	2.9 	2.5 	3.8 	3.8 	4.2 
A,NAC,D12_D4_MD5,R,CZ	45.9 	50.4 	58.8 	82 	89.4 	109.7 	120.8 	126.6 
A,NAC,D12_D4_MD5,R,DE	5.3 	5.7 	5.9 	7.2 	7.3 	7.9 	8.4 	8.8 
A,NAC,D12_D4_MD5,R,DK	25.5 	31.1 	32.1 	39.7 	35 	37.2 	37.5 	38.7 
A,NAC,D12_D4_MD5,R,EA19	5.6 d	6.3 	6.3 	6.8 	6.6 	7.6 	8.1 	8.5 
A,NAC,D12_D4_MD5,R,EA20	5.6 d	6.2 	6.1 	6.6 	6.5 	7.5 	7.9 	8.3 
A,NAC,D12_D4_MD5,R,EE	1.6 	1.8 	2.2 	2.7 	2.9 	3.2 	3.8 	3.8 
A,NAC,D12_D4_MD5,R,EL	2.9 	3.7 	2.9 	2.3 	2.1 	1.9 	2 	2.1 
A,NAC,D12_D4_MD5,R,ES	4.5 	4.7 	4.1 	5.5 	5 	4.9 	5.3 	5.4 
A,NAC,D12_D4_MD5,R,FI	5.5 	6.4 	7 	6.1 	5.1 p	5.3 p	5.4 p	5.4 p
A,NAC,D12_D4_MD5,R,FR	10.4 	11.5 	11.1 	11.7 	12.3 	14.2 	14.9 	15.4 
A,NAC,D12_D4_MD5,R,HR	1.2 	1.3 	1.2 	1.2 	1.3 	1.3 	1.5 	1.8 
A,NAC,D12_D4_MD5,R,HU	557 	532.8 	628.9 	570.3 	552.7 	601.8 	685.1 	750.9 
A,NAC,D12_D4_MD5,R,IE	2.3 	2.4 	2.8 	0.3 	: @C	: @C	: @C	: @C
A,NAC,D12_D4_MD5,R,IS	477.7 	636.8 	824.5 	1035.4 	1191.0 p	1305.0 p	1407.0 p	1507.0 p
A,NAC,D12_D4_MD5,R,IT	6.3 	7.2 	8.3 	10.9 	9.4 	9.1 	9.3 	10 
A,NAC,D12_D4_MD5,R,LT	1.1 	1 	1.5 	0.1 	: @C	: @C	: @C	: @C
A,NAC,D12_D4_MD5,R,LU	3.9 	4.3 	4.8 	4.5 	4.2 	4.1 	4.4 	4.4 
A,NAC,D12_D4_MD5,R,LV	1.1 	0.9 	1.3 	1.8 	1.8 	2 	2.3 	2.6 
A,NAC,D12_D4_MD5,R,ME	: 	0.9 	0.6 	: 	: 	: 	: 	: 
A,NAC,D12_D4_MD5,R,MK	: 	10.4 	2.9 	: 	: 	: 	: 	: 
A,NAC,D12_D4_MD5,R,MT	1 	1.3 	1.2 	0.5 	0.7 	1.2 	1.4 	1.5 
A,NAC,D12_D4_MD5,R,NL	6.1 	6.6 	7.4 	5.4 	5.4 	18.3 	20 	: @C
A,NAC,D12_D4_MD5,R,NO	: 	56.5 	66.4 	73.6 	75.8 	80.5 	91.4 	94.3 
A,NAC,D12_D4_MD5,R,PL	4.5 	5 	6 	7.5 	7.9 	9.1 	10.4 	11.9 
A,NAC,D12_D4_MD5,R,PT	: 	2.9 	3 	4.2 	4.6 	4.6 	5.6 	5.9 
A,NAC,D12_D4_MD5,R,RO	3.3 	3.1 	3.5 	1.8 	2 	2 	2.1 	2.4 
A,NAC,D12_D4_MD5,R,RS	: 	71.2 	72 	67.1 	89.6 	113.4 	130.4 	148.2 
A,NAC,D12_D4_MD5,R,SE	74.6 	78.6 	91 	92.4 	95.5 	97.1 	102.1 	107.5 
A,NAC,D12_D4_MD5,R,SI	3.1 	2.3 	2.7 	1.9 	2 	2 	2.3 	2.3 
A,NAC,D12_D4_MD5,R,SK	0 	1.7 	2 	2.9 	3.3 	4 	4.1 	4.7 
A,NAC,D12_D4_MD5,R,TR	: 	2.7 	4.1 	6 	: 	: 	: 	: 
A,NAC,D12_D4_MD5,R,UK	: 	3.1 	4 	: 	: 	: 	: 	: 
A,NAC,D12_D4_MD5,S,AL	: 	48.4 	56.7 	: 	: 	: 	: 	: 
A,NAC,D12_D4_MD5,S,AT	5.8 	7.1 	7.3 	8.3 	9.7 	10.1 	10.8 p	11.8 
A,NAC,D12_D4_MD5,S,BA	: 	1.3 	1.1 	: 	: 	: 	: 	: 
A,NAC,D12_D4_MD5,S,BE	5.8 	10.8 	8.1 	8 	8.1 	8.5 	9.3 	9.4 
A,NAC,D12_D4_MD5,S,BG	0.5 	0.7 	1 	1.3 	1.4 	1.6 	1.8 	2.1 
A,NAC,D12_D4_MD5,S,CH	: 	11.8 	11.7 	: 	: 	: 	: 	: 
A,NAC,D12_D4_MD5,S,CY	1.1 	1.8 	2.7 	1.8 	1.9 	2.4 	2.5 	2.8 
A,NAC,D12_D4_MD5,S,CZ	44.2 	45.1 	53.6 	67.7 	72.3 	82.3 	92.8 	98.8 
A,NAC,D12_D4_MD5,S,DE	5 	5.9 	6.9 	7.2 	7.3 	8.1 	8.4 	8.7 
A,NAC,D12_D4_MD5,S,DK	42.1 	47 	49.4 	60.5 	65.7 	67.8 	69 	71.1 
A,NAC,D12_D4_MD5,S,EA19	5.8 	6.6 d	6.7 d	7.1 	7 	7.6 	8 	8.4 
A,NAC,D12_D4_MD5,S,EA20	5.8 	6.6 d	6.7 d	7 	7 	7.5 	7.9 	8.3 
A,NAC,D12_D4_MD5,S,EE	1.6 	1.6 	1.8 	2 	2.2 	2.2 	2.3 	2.6 
A,NAC,D12_D4_MD5,S,EL	2.9 	2.8 	2.6 	2.1 	2.1 	2 	2.1 	2.3 
A,NAC,D12_D4_MD5,S,ES	3.9 	4.4 	4.2 	4.9 	4.7 	4.7 	5 	5.3 
A,NAC,D12_D4_MD5,S,FI	5.6 	6.9 	7.6 	5.7 	6.0 p	6.1 p	6.3 p	6.4 p
A,NAC,D12_D4_MD5,S,FR	: @C	: @C	: @C	: @C	: @C	: @C	: @C	: @C
A,NAC,D12_D4_MD5,S,HR	1.4 	1.3 	1.6 	1.1 	1.1 	1.2 	1.4 	1.5 
A,NAC,D12_D4_MD5,S,HU	485.2 	364 	473.1 	480.3 	446.6 	479.2 	546.5 	624 
A,NAC,D12_D4_MD5,S,IE	3 	2.8 	3.1 	0.9 	: @C	: @C	: @C	: @C
A,NAC,D12_D4_MD5,S,IS	588.0 p	868.0 p	1046.0 p	1212.0 p	1334.0 p	1410.0 p	1507.0 p	1617.0 p
A,NAC,D12_D4_MD5,S,IT	5.4 	5.1 	4.9 	5.8 	5.6 	5.8 	6 	6 
A,NAC,D12_D4_MD5,S,LT	1.2 	1.2 	1.7 	: @C	: @C	: @C	: @C	: @C
A,NAC,D12_D4_MD5,S,LU	3.2 	3.7 	3.8 	3.9 	3.8 	3.9 	4.2 	4.3 
A,NAC,D12_D4_MD5,S,LV	0.8 	0.9 	1.4 	2.2 	2 	2.4 	2.6 	3.3 
A,NAC,D12_D4_MD5,S,ME	: 	1.1 	0.6 	: 	: 	: 	: 	: 
A,NAC,D12_D4_MD5,S,MK	: 	18.9 	3.1 	: 	: 	: 	: 	: 
A,NAC,D12_D4_MD5,S,MT	0.7 	: 	0.8 	-2.6 	-2.3 	0.2 	1.1 	1.1 
A,NAC,D12_D4_MD5,S,NL	6.4 	8.1 	8.7 	8.6 	9.4 	11.4 	12.1 	: @C
A,NAC,D12_D4_MD5,S,NO	: 	68.5 	86.1 	89.4 	91 	91.3 	105.6 	109.8 
A,NAC,D12_D4_MD5,S,PL	3.2 	3.8 	5.8 	5.7 	6.4 	6.5 	7.5 	8.4 
A,NAC,D12_D4_MD5,S,PT	2.7 	2.2 	2.6 	2.4 	2.5 	2.6 	2.7 	2.8 
A,NAC,D12_D4_MD5,S,RO	1.9 	2.4 	3.3 	1.3 	1.4 	1.5 	1.5 	1.8 
A,NAC,D12_D4_MD5,S,RS	: 	101.5 	78.7 	91.7 	192.2 	259.6 	294.6 	338.6 
A,NAC,D12_D4_MD5,S,SE	90 	91.3 	102.1 	103.4 	112.2 	112.7 	113.6 	116.7 
A,NAC,D12_D4_MD5,S,SI	2.2 	1.8 	2.4 	2.5 	2.8 	3 	3.3 	3.5 
A,NAC,D12_D4_MD5,S,SK	0 	1.6 	1.7 	2.2 	2.1 	3.1 	3.5 	3.9 
A,NAC,D12_D4_MD5,S,TR	: 	2.4 	3.7 	4.5 	: 	: 	: 	: 
A,NAC,D12_D4_MD5,S,UK	2.8 	3.5 	3.8 	: 	: 	: 	: 	: 
A,NAC,D1_D4_MD5,B,AL	: 	353.2 	439.9 	: 	: 	: 	: 	: 
A,NAC,D1_D4_MD5,B,AT	30.8 	37.7 	39.3 	40.8 	41.1 	40.9 	44.5 p	48.3 
A,NAC,D1_D4_MD5,B,BA	: 	13.7 	14.6 	: 	: 	: 	: 	: 
A,NAC,D1_D4_MD5,B,BE	: 	46 	40.7 	42.5 	43 	46.1 	49.6 	50.8 
A,NAC,D1_D4_MD5,B,BG	8.8 	12.7 	14.7 	18.9 	20.1 	23.6 	26.1 	28 
A,NAC,D1_D4_MD5,B,CH	: 	55.4 	58.6 	: 	: 	: 	: 	: 
A,NAC,D1_D4_MD5,B,CY	17.2 	16.5 	14.8 	16.6 	18.4 	18.5 	20.2 	21.2 
A,NAC,D1_D4_MD5,B,CZ	305.3 	341.9 	336.2 	424 	448.3 	455.8 	502.9 	522.5 
A,NAC,D1_D4_MD5,B,DE	35.9 	40.9 	42.3 	41.9 	42.3 	47.2 	50.4 	52.6 
A,NAC,D1_D4_MD5,B,DK	289.2 	390.2 	381 	485.2 	: @C	: @C	: @C	: @C
A,NAC,D1_D4_MD5,B,EA19	29.2 	34.6 	36.4 	37.3 	37.1 	38.9 	40.8 	42.3 
A,NAC,D1_D4_MD5,B,EA20	29.1 	34.1 	36 	36.7 d	36.5 	38.2 	40.1 	41.6 
A,NAC,D1_D4_MD5,B,EE	9.4 	: 	13 	15.8 	16.7 	18.3 	19.9 	21 
A,NAC,D1_D4_MD5,B,EL	17.9 	19.9 	20.6 	15 	14.7 	13.9 	13.8 	16.6 
A,NAC,D1_D4_MD5,B,ES	23.4 	30.5 	32.4 	35.3 	34.8 	31.9 	34 	35.1 
A,NAC,D1_D4_MD5,B,FI	29.4 	35.3 	31.7 	38.5 	40.4 p	40.5 p	41.8 p	42.3 p
A,NAC,D1_D4_MD5,B,FR	33.3 	33.2 	35.7 	38.8 	39.3 	40.1 	41.2 	43.1 
A,NAC,D1_D4_MD5,B,HR	11.9 	12.1 	14.1 	12.8 	12.2 	12.3 	14.1 	15.5 
A,NAC,D1_D4_MD5,B,HU	2224.9 	2668 	2800 	3685.2 	3791 	4346.4 	5117.5 	5970.6 
A,NAC,D1_D4_MD5,B,IE	29.6 	32.4 	34.4 	32.8 	34.1 	39.5 	41.5 	41.4 
A,NAC,D1_D4_MD5,B,IS	: @C	: @C	: @C	: @C	: @C	: @C	: @C	: @C
A,NAC,D1_D4_MD5,B,IT	36.1 	43.8 	43.2 	44.5 	43.1 	44.6 	45.1 	44.1 
A,NAC,D1_D4_MD5,B,LT	7.6 	7 	8.7 	11.1 	11.9 	12.7 	14.9 	16.2 
A,NAC,D1_D4_MD5,B,LU	: 	27 	30.1 	35.4 	34.8 	36.7 	38.6 	39.9 
A,NAC,D1_D4_MD5,B,LV	6.2 	6.2 	8.5 	11.2 	10.7 	12 	13.6 	15.4 
A,NAC,D1_D4_MD5,B,ME	: 	7.0 	7.6 	: 	: 	: 	: 	: 
A,NAC,D1_D4_MD5,B,MK	: 	247.1 	299.7 	: 	: 	: 	: 	: 
A,NAC,D1_D4_MD5,B,MT	: 	: 	7.5 	11 	10.7 	10.7 	11 	10.6 
A,NAC,D1_D4_MD5,B,NL	57.1 	57.7 	64.9 	66.8 	62.6 	67.5 	71.4 	: @C
A,NAC,D1_D4_MD5,B,NO	: 	746.1 	831.2 	931.5 	942.9 	1000.9 	1089 	1122 
A,NAC,D1_D4_MD5,B,PL	47.2 	61.3 	62.1 	79.1 	83.3 	101.8 	118.9 	127.5 
A,NAC,D1_D4_MD5,B,PT	11.5 	13.2 	14.8 	16.7 	17.9 	18.6 	19.8 	21.5 
A,NAC,D1_D4_MD5,B,RO	33.4 	39.1 	48.3 	63.3 	67 	72.6 	83.3 	91.9 
A,NAC,D1_D4_MD5,B,RS	: 	791.9 	906.6 	1358.4 	1453 	1516.2 	1694.2 	1870.2 
A,NAC,D1_D4_MD5,B,SE	341.6 	420.1 	452.8 	495.6 	522.5 	530.8 	569.2 	588.9 
A,NAC,D1_D4_MD5,B,SI	20 	20.7 	23.7 	25.9 	27.7 	29.3 	32.5 	35.1 
A,NAC,D1_D4_MD5,B,SK	0.3 	10 	12.2 	14 	14.8 	17.3 	17.2 	20.5 
A,NAC,D1_D4_MD5,B,TR	: 	19.2 	29 	41 	50 	88 	182.6 	358.5 
A,NAC,D1_D4_MD5,B,UK	29.5 	33.2 	36.9 	: 	: 	: 	: 	: 
A,NAC,D1_D4_MD5,B-E,AL	: 	247.4 	288.4 	: 	: 	: 	: 	: 
A,NAC,D1_D4_MD5,B-E,AT	29.6 	33 	36.1 	40.4 	41 	43.3 	46.7 p	49.9 
A,NAC,D1_D4_MD5,B-E,BA	: 	9.7 	9.7 	: 	: 	: 	: 	: 
A,NAC,D1_D4_MD5,B-E,BE	37.4 	42.9 	41.9 	43.1 	43.7 	46.7 	50.2 	51.8 
A,NAC,D1_D4_MD5,B-E,BG	5 	6.4 	8.2 	11.6 	12.3 	14.5 	16.8 	18.8 
A,NAC,D1_D4_MD5,B-E,CH	: 	60.2 	59.6 	: 	: 	: 	: 	: 
A,NAC,D1_D4_MD5,B-E,CY	14.2 	15.3 	12.8 	13.7 	13.9 	14.4 	15.1 	16 
A,NAC,D1_D4_MD5,B-E,CZ	223.9 	250.2 	279.8 	383.2 	394.9 	414.9 	450.3 	478.1 
A,NAC,D1_D4_MD5,B-E,DE	32.5 	35.2 	38.4 	42.1 	42.2 	44.5 	46.6 	48.6 
A,NAC,D1_D4_MD5,B-E,DK	259.3 	303 	326.6 	354.3 	369.3 	381.9 	393.1 	407.4 
A,NAC,D1_D4_MD5,B-E,EA19	26.9 	30.5 	31.9 	34.9 	35 	36.6 	38.4 	40.1 
A,NAC,D1_D4_MD5,B-E,EA20	26.9 	30.2 	31.6 	34.5 	34.6 	36.3 	38 	39.8 
A,NAC,D1_D4_MD5,B-E,EE	7.4 	8.6 	10.6 	13.4 	14 	15.9 	17 	18.4 
A,NAC,D1_D4_MD5,B-E,EL	17.4 	16.3 	16 	14.4 	14.2 	14.9 	15.5 	16.5 
A,NAC,D1_D4_MD5,B-E,ES	20.8 	23 	23.2 	24.8 	24.6 	25.1 	26.5 	27.7 
A,NAC,D1_D4_MD5,B-E,FI	30 	35 	37.1 	37.1 	38.7 p	40.0 p	41.3 p	42.0 p
A,NAC,D1_D4_MD5,B-E,FR	33.1 	36.4 	36.8 	41.9 	42 	43.5 	45.3 	46.9 
A,NAC,D1_D4_MD5,B-E,HR	8.3 	8.5 	8.9 	11.6 	12 	13 	14.6 	16.6 
A,NAC,D1_D4_MD5,B-E,HU	1948.5 	2259.5 	2650.1 	3676.8 	3908.8 	4383.1 	5215.4 	5838.5 
A,NAC,D1_D4_MD5,B-E,IE	29 	31.8 	31.8 	33.5 	35.2 	37.2 	39.1 	41.6 
A,NAC,D1_D4_MD5,B-E,IS	2877.3 d	3775.8 d	4940.3 d	6195.5 d	6656.0 p	7208.0 p	7864.0 p	8426.0 p
A,NAC,D1_D4_MD5,B-E,IT	24.2 	27.2 	27.5 	29.2 	28.6 	29.5 	30.7 	31.9 
A,NAC,D1_D4_MD5,B-E,LT	5.7 	5.7 	7.4 	9.9 	11.1 	12.5 	14 	15.3 
A,NAC,D1_D4_MD5,B-E,LU	29.9 	32.1 	33.9 	41.8 	42.1 	44.1 	47 	48.1 
A,NAC,D1_D4_MD5,B-E,LV	5.5 	5.8 	7.6 	10.4 	10.6 	11.7 	13 	14.4 
A,NAC,D1_D4_MD5,B-E,ME	: 	7.3 	6.1 	: 	: 	: 	: 	: 
A,NAC,D1_D4_MD5,B-E,MK	: 	175.3 	194.8 	: 	: 	: 	: 	: 
A,NAC,D1_D4_MD5,B-E,MT	12.4 	11.6 	13.1 	13.9 	14.2 	16.2 	17.6 	18.8 
A,NAC,D1_D4_MD5,B-E,NL	30.8 	33.9 	36.7 	40.1 	40.5 	42.6 	45.4 	47.7 
A,NAC,D1_D4_MD5,B-E,NO	: 	498.5 	516.9 	605 	619.5 	637.3 	688.9 	723.5 
A,NAC,D1_D4_MD5,B-E,PL	26.4 	32.4 	37 	47.6 	51.2 	57.3 	64.1 	71.3 
A,NAC,D1_D4_MD5,B-E,PT	10.2 	11 	11.1 	13 	13.3 	14 	14.8 	16 
A,NAC,D1_D4_MD5,B-E,RO	14.3 	18.6 	23.1 	35.8 	37.9 	43 	50.3 	56.4 
A,NAC,D1_D4_MD5,B-E,RS	: 	560.6 	602.9 	779.3 	864.4 	996 	1135.8 	1299.5 
A,NAC,D1_D4_MD5,B-E,SE	333.5 	362.9 	402.7 	443.9 	465.5 	478.3 	496 	518.7 
A,NAC,D1_D4_MD5,B-E,SI	12.8 	15.1 	16.8 	20.9 	22.2 	24 	26.5 	28.3 
A,NAC,D1_D4_MD5,B-E,SK	0.2 	9.2 	10.6 	13.6 	14.4 	15.8 	17.1 	18.4 
A,NAC,D1_D4_MD5,B-E,TR	: 	13.1 	21 	31.5 	38.1 	66.1 	143.7 	277.5 
A,NAC,D1_D4_MD5,B-E,UK	: 	: 	22.6 	: 	: 	: 	: 	: 
A,NAC,D1_D4_MD5,B-F,MT	11.6 	10.9 	12.5 	14.1 	14.5 	15.4 	16.2 	: 
A,NAC,D1_D4_MD5,B-N,AL	: 	284.8 	334.9 	: 	: 	: 	: 	: 
A,NAC,D1_D4_MD5,B-N,AT	26.5 	29.9 	32.8 	36.6 	36.9 	38.6 	40.9 p	44.2 
A,NAC,D1_D4_MD5,B-N,BA	: 	9.8 	9.6 	: 	: 	: 	: 	: 
A,NAC,D1_D4_MD5,B-N,BE	35.6 	40 	38.9 	40.3 	40.8 	43.3 	46.9 	48 
A,NAC,D1_D4_MD5,B-N,BG	5 	6.7 	8.7 	12.7 	13.6 	15.7 	18 	20.5 
A,NAC,D1_D4_MD5,B-N,CH	: 	61.5 	60.6 	: 	: 	: 	: 	: 
A,NAC,D1_D4_MD5,B-N,CY	15.3 	16.6 	13.9 	15.7 	15.9 	17.3 	18.2 	19.2 
A,NAC,D1_D4_MD5,B-N,CZ	232.9 	255.2 	281.9 	383.3 	380.1 	394.5 	429 	456.4 
A,NAC,D1_D4_MD5,B-N,DE	28.4 	30.9 	33.1 	37.2 	37.6 	40.2 	42.1 	44.1 
A,NAC,D1_D4_MD5,B-N,DK	265.8 	304.5 	319 	345.6 	354.1 	363.7 	374.2 	386.5 
A,NAC,D1_D4_MD5,B-N,EA19	25.1 	28.3 	29.3 	32.2 	32.5 	34.2 	35.9 	37.5 
A,NAC,D1_D4_MD5,B-N,EA20	25.1 	28.1 	29 	31.9 	32.2 	33.9 	35.6 	37.2 
A,NAC,D1_D4_MD5,B-N,EE	8 	8.9 	11 	14.2 	15.1 	16.6 	18.3 	19.6 
A,NAC,D1_D4_MD5,B-N,EL	16.5 	15.8 	15.3 	13.9 	14 	15.3 	16.6 	17.8 
A,NAC,D1_D4_MD5,B-N,ES	18.9 	20.9 	20.7 	22.5 	22.4 	22.7 	23.9 	25 
A,NAC,D1_D4_MD5,B-N,FI	27.6 	31.9 	34.3 	34.8 	36.4 p	37.1 p	38.4 p	39.1 p
A,NAC,D1_D4_MD5,B-N,FR	31.8 	34.8 	35.2 	39.2 	39.5 	41 	42.6 	43.9 
A,NAC,D1_D4_MD5,B-N,HR	8.6 	9.3 	9.5 	11.2 	11.5 	12.6 	14.4 	16 
A,NAC,D1_D4_MD5,B-N,HU	1998.9 	2295.5 	2657.8 	3614.5 	3828.6 	4330 	5079.3 	5700.9 
A,NAC,D1_D4_MD5,B-N,IE	27.2 	28.1 	29 	31.5 	32.9 	36.2 	38.4 	40.8 
A,NAC,D1_D4_MD5,B-N,IS	3363.2 d	3933.6 d	4846.0 p	6071.0 p	6547.0 p	6956.0 p	7517.0 p	8043.0 p
A,NAC,D1_D4_MD5,B-N,IT	24.5 	26.6 	26.7 	28.2 	27.9 	28.5 	29.3 	30.2 
A,NAC,D1_D4_MD5,B-N,LT	6 	5.9 	7.7 	10.3 	11.6 	13.2 	14.8 	16.2 
A,NAC,D1_D4_MD5,B-N,LU	32.1 	35.1 	38.7 	47 	48 	50.6 	53.8 	55 
A,NAC,D1_D4_MD5,B-N,LV	5.9 	6.2 	8.1 	11.2 	11.5 	12.4 	13.8 	15.5 
A,NAC,D1_D4_MD5,B-N,ME	: 	: 	5.4 	: 	: 	: 	: 	: 
A,NAC,D1_D4_MD5,B-N,MK	: 	214.9 	218.2 	: 	: 	: 	: 	: 
A,NAC,D1_D4_MD5,B-N,MT	11.4 	11.4 	13.8 	14.2 	14.6 	16.1 	17.1 	17.4 
A,NAC,D1_D4_MD5,B-N,NL	29.2 	31.9 	33.3 	36.2 	36.8 	38.7 	41.4 	43.5 
A,NAC,D1_D4_MD5,B-N,NO	: 	426.8 	458.7 	525.2 	545 	554.1 	596.8 	631.9 
A,NAC,D1_D4_MD5,B-N,PL	26.3 	31.8 	37.1 	47.1 	50.9 	57.4 	64.3 	71.4 
A,NAC,D1_D4_MD5,B-N,PT	11.5 	12.9 	12.8 	14.3 	14.5 	15.3 	16.1 	17.2 
A,NAC,D1_D4_MD5,B-N,RO	15.2 	19 	24.1 	37.7 	40 	45.7 	53.4 	60.5 
A,NAC,D1_D4_MD5,B-N,RS	: 	582.8 	615.4 	797.2 	889.7 	1055.9 	1199.6 	1360.9 
A,NAC,D1_D4_MD5,B-N,SE	325 	348.8 	386 	425.5 	444.1 	459.4 	475.9 	497.6 
A,NAC,D1_D4_MD5,B-N,SI	13.4 	15.3 	16.8 	20.5 	21.8 	23.5 	26 	27.9 
A,NAC,D1_D4_MD5,B-N,SK	0.3 	9.3 	10.4 	13.6 	14.3 	15.8 	17.2 	18.4 
A,NAC,D1_D4_MD5,B-N,TR	: 	14 	21 	30 	: 	: 	: 	: 
A,NAC,D1_D4_MD5,B-N,UK	18.5 d	19.7 	21.9 	: 	: 	: 	: 	: 
A,NAC,D1_D4_MD5,B-S,MT	: 	: 	14.2 d	17.0 	17.5 	18.1 	18.7 	: 
A,NAC,D1_D4_MD5,B-S_X_O,AL	: 	305.7 	351.3 	: 	: 	: 	: 	: 
A,NAC,D1_D4_MD5,B-S_X_O,AT	26.4 	29.7 	32.5 	36.4 	36.7 	38.7 	40.9 p	44.5 
A,NAC,D1_D4_MD5,B-S_X_O,BA	: 	10.3 	10.3 	: 	: 	: 	: 	: 
A,NAC,D1_D4_MD5,B-S_X_O,BE	32.9 	38 	38.6 	40.5 	41 	43.5 	47.1 	48.2 
A,NAC,D1_D4_MD5,B-S_X_O,BG	5 	6.7 	8.7 	12.9 	14 	16 	18.3 	20.8 
A,NAC,D1_D4_MD5,B-S_X_O,CH	: 	61.8 	60.6 	: 	: 	: 	: 	: 
A,NAC,D1_D4_MD5,B-S_X_O,CY	16.7 	16.8 	15.7 	17.3 	17.5 	18.8 	20 	21 
A,NAC,D1_D4_MD5,B-S_X_O,CZ	228.3 	251 	277.7 	385.6 	388.2 	398.9 	431 	456.9 
A,NAC,D1_D4_MD5,B-S_X_O,DE	27.9 	30.5 	32.8 	36.8 	37.3 	39.6 	41.4 	43.4 
A,NAC,D1_D4_MD5,B-S_X_O,DK	257.7 	293 	307.8 	334.6 	341.7 	350.4 	359.7 	373.7 
A,NAC,D1_D4_MD5,B-S_X_O,EA19	25.1 d	28.3 	29.4 	32.4 	32.7 	34.3 	36 	37.6 
A,NAC,D1_D4_MD5,B-S_X_O,EA20	25.0 d	28 	29.2 	32.1 	32.4 	34 	35.7 	37.3 
A,NAC,D1_D4_MD5,B-S_X_O,EE	7.9 	8.6 	10.8 	14.1 	15 	16.4 	18.3 	19.6 
A,NAC,D1_D4_MD5,B-S_X_O,EL	16.8 	15.7 	15.2 	13.8 	13.9 	14.7 	15.7 	16.7 
A,NAC,D1_D4_MD5,B-S_X_O,ES	19.4 	21.1 	21.2 	23 	22.9 	23.3 	24.5 	25.5 
A,NAC,D1_D4_MD5,B-S_X_O,FI	27.1 	31.3 	33.7 	34 	35.1 p	35.9 p	37.1 p	37.7 p
A,NAC,D1_D4_MD5,B-S_X_O,FR	31.2 d	34.3 	34.6 	38.8 	39.3 	40.8 	42.4 	43.7 
A,NAC,D1_D4_MD5,B-S_X_O,HR	8.8 	9.5 	9.5 	11.3 	11.6 	12.6 	14.4 	16.5 
A,NAC,D1_D4_MD5,B-S_X_O,HU	1971 	2133.3 	2441.9 	3433.7 	3683 	4195 	4908.3 	5575.5 
A,NAC,D1_D4_MD5,B-S_X_O,IE	28.9 	29.8 	30.6 	33.5 	34.7 	38 	40.2 	42.5 
A,NAC,D1_D4_MD5,B-S_X_O,IS	3152.2 d	3724.6 d	4837.7 d	5847.0 d	6394.0 p	6852.0 p	7406.0 p	7909.0 p
A,NAC,D1_D4_MD5,B-S_X_O,IT	25.2 	27.7 	27.6 	29.2 	28.8 	29.3 	29.9 	30.9 
A,NAC,D1_D4_MD5,B-S_X_O,LT	5.9 	5.9 	7.4 	10.3 	11.6 	13.1 	14.7 	16.3 
A,NAC,D1_D4_MD5,B-S_X_O,LU	32.3 	35.3 	38.7 	47.3 	48.4 	50.9 	54.1 	55.2 
A,NAC,D1_D4_MD5,B-S_X_O,LV	5.9 	5.9 	7.7 	10.7 	11.3 	12.2 	13.5 	15.1 
A,NAC,D1_D4_MD5,B-S_X_O,ME	: 	5.8 	5.6 	: 	: 	: 	: 	: 
A,NAC,D1_D4_MD5,B-S_X_O,MK	: 	214.7 	221.6 	: 	: 	: 	: 	: 
A,NAC,D1_D4_MD5,B-S_X_O,MT	11.4 	11.8 	14.2 	15.6 	16.1 	17.4 	18.2 	19.1 
A,NAC,D1_D4_MD5,B-S_X_O,NL	29.8 	32.5 	34.5 	37.7 	38.2 	40.3 	43 	45.2 
A,NAC,D1_D4_MD5,B-S_X_O,NO	: 	421.5 	457.7 	526 	540 	550.6 	592.4 	624.1 
A,NAC,D1_D4_MD5,B-S_X_O,PL	26.8 	32.9 	38 	48.6 	52.6 	58.7 	66 	74.4 
A,NAC,D1_D4_MD5,B-S_X_O,PT	12.2 	13.3 	13.6 	15.1 	15.4 	16.1 	17 	18.2 
A,NAC,D1_D4_MD5,B-S_X_O,RO	15.5 	18.5 	24 	39.8 	41.7 	46.7 	54.2 	61.9 
A,NAC,D1_D4_MD5,B-S_X_O,RS	: 	579.6 	606.4 	800.5 	889.1 	1038.3 	1176.7 	1336.2 
A,NAC,D1_D4_MD5,B-S_X_O,SE	304.2 	324.3 	356.6 	398.3 	413.9 	427.1 	444.7 	460.6 
A,NAC,D1_D4_MD5,B-S_X_O,SI	13.9 	15.6 	16.8 	20.7 	22 	23.1 	25.5 	27.1 
A,NAC,D1_D4_MD5,B-S_X_O,SK	0.2 	8.9 	10.2 	13.7 	14.4 	15.7 	17.2 	18.5 
A,NAC,D1_D4_MD5,B-S_X_O,TR	: 	14.5 	21.9 	33.8 	: 	: 	: 	: 
A,NAC,D1_D4_MD5,B-S_X_O,UK	18.9 d	20.3 	22.9 	: 	: 	: 	: 	: 
A,NAC,D1_D4_MD5,C,AL	: 	219.2 	249.6 	: 	: 	: 	: 	: 
A,NAC,D1_D4_MD5,C,AT	29 	32.4 	35.6 	39.9 	40.6 	42.8 	46.2 p	49.4 
A,NAC,D1_D4_MD5,C,BA	: 	7.7 	7.7 	: 	: 	: 	: 	: 
A,NAC,D1_D4_MD5,C,BE	36.7 	42 	41.4 	42.7 	43.3 	46.3 	49.7 	51.5 
A,NAC,D1_D4_MD5,C,BG	4.3 	5.5 	7.4 	10.6 	11.3 	13.4 	15.6 	17.6 
A,NAC,D1_D4_MD5,C,CH	: 	60.1 	59.1 	: 	: 	: 	: 	: 
A,NAC,D1_D4_MD5,C,CY	12.4 	13.5 	11.8 	12.2 	12.3 	12.7 	13.3 	14.1 
A,NAC,D1_D4_MD5,C,CZ	218.3 	243.1 	275.7 	378.9 	389.6 	409.1 	442.9 	470.3 
A,NAC,D1_D4_MD5,C,DE	32.3 	35 	38.2 	42 	42.1 	44.3 	46.2 	48.3 
A,NAC,D1_D4_MD5,C,DK	258.4 	299.6 	323.2 	348.8 	362.8 	373.7 	384.2 	398.1 
A,NAC,D1_D4_MD5,C,EA19	26.7 	30.2 d	31.6 	34.6 	34.7 	36.3 	38.1 	39.8 
A,NAC,D1_D4_MD5,C,EA20	26.6 	29.9 d	31.3 	34.3 	34.4 	36 	37.7 	39.5 
A,NAC,D1_D4_MD5,C,EE	7.2 	8.2 	10.3 	13 	13.6 	15.5 	16.5 	17.9 
A,NAC,D1_D4_MD5,C,EL	15.8 	15.5 	15.1 	14.3 	14 	14.8 	15.2 	16.4 
A,NAC,D1_D4_MD5,C,ES	20.3 	22.4 	22.6 	24.2 	24 	24.5 	25.9 	27.2 
A,NAC,D1_D4_MD5,C,FI	30.1 	35 	37.1 	36.9 	38.7 p	40.0 p	41.5 p	42.1 p
A,NAC,D1_D4_MD5,C,FR	32.8 	35.7 	36.4 	41.3 	41.4 	43 	44.6 	46.3 
A,NAC,D1_D4_MD5,C,HR	7.9 	8 	8.4 	11.8 	12.2 	13.3 	15.1 	17 
A,NAC,D1_D4_MD5,C,HU	1879.5 	2182.3 	2597.8 	3625.5 	3866.1 	4350.1 	5182.9 	5784.2 
A,NAC,D1_D4_MD5,C,IE	28 	30.5 	31.1 	33 	34.7 	36.5 	38.4 	40.6 
A,NAC,D1_D4_MD5,C,IS	2799.5 	3683.5 	4797.9 	6010.6 	6534.0 p	7088.0 p	7728.0 p	8287.0 p
A,NAC,D1_D4_MD5,C,IT	23.8 	26.8 	27.1 	28.9 	28.3 	29.2 	30.4 	31.7 
A,NAC,D1_D4_MD5,C,LT	5.5 	5.5 	7.3 	9.8 	11 	12.5 	13.9 	15.2 
A,NAC,D1_D4_MD5,C,LU	29.4 	31.5 	32.7 	40.8 	41.1 	43.1 	45.8 	46.9 
A,NAC,D1_D4_MD5,C,LV	5.2 	5.4 	7.2 	10.1 	10.3 	11.3 	12.4 	13.8 
A,NAC,D1_D4_MD5,C,ME	: 	6.6 	4.2 	: 	: 	: 	: 	: 
A,NAC,D1_D4_MD5,C,MK	: 	159.5 	175.6 	: 	: 	: 	: 	: 
A,NAC,D1_D4_MD5,C,MT	12.4 	: 	13 	13.6 	13.9 	16 	17.5 	18.8 
A,NAC,D1_D4_MD5,C,NL	30.3 	33.1 	35.9 	39.5 	40 	42 	44.7 	: @C
A,NAC,D1_D4_MD5,C,NO	: 	396.5 	435.8 	505 	519.3 	525.6 	567.1 	599.8 
A,NAC,D1_D4_MD5,C,PL	23.9 	28.5 	34 	44.6 	48.2 	53.6 	59.7 	66.7 
A,NAC,D1_D4_MD5,C,PT	9.8 	10.9 	10.7 	12.7 	13.1 	13.8 	14.6 	15.7 
A,NAC,D1_D4_MD5,C,RO	12.1 	16.4 	21.5 	33.9 	35.9 	40.8 	47.6 	53.5 
A,NAC,D1_D4_MD5,C,RS	: 	510.3 	541.6 	701.3 	788.8 	930.8 	1069.1 	1231.8 
A,NAC,D1_D4_MD5,C,SE	331.8 	360 	400.3 	440.9 	462.2 	475.1 	492.6 	515.1 
A,NAC,D1_D4_MD5,C,SI	12.3 	14.6 	16.3 	20.4 	21.8 	23.6 	26 	27.8 
A,NAC,D1_D4_MD5,C,SK	0.2 	8.9 	10.3 	13.4 	14.2 	15.6 	16.8 	18.1 
A,NAC,D1_D4_MD5,C,TR	: 	12.5 	20.3 	30.5 	36.8 	63.9 	138.5 	266.8 
A,NAC,D1_D4_MD5,C,UK	18.6 	19.3 	21.8 	: 	: 	: 	: 	: 
A,NAC,D1_D4_MD5,D,AL	: 	398.1 	492.7 	: 	: 	: 	: 	: 
A,NAC,D1_D4_MD5,D,AT	43.2 	46.8 	52.6 	57.8 	57.5 	60.9 	64.8 p	68.2 
A,NAC,D1_D4_MD5,D,BA	: 	17.3 	18.8 	: 	: 	: 	: 	: 
A,NAC,D1_D4_MD5,D,BE	: 	69.8 	69 	66.5 	67.6 	73.4 	76.8 	79 
A,NAC,D1_D4_MD5,D,BG	12 	15.5 	17.7 	23.3 	23.8 	28.6 	32.1 	35 
A,NAC,D1_D4_MD5,D,CH	: 	69.1 	72.5 	: 	: 	: 	: 	: 
A,NAC,D1_D4_MD5,D,CY	33.5 	31.7 	26.5 	34.3 	35.4 	38.1 	40.7 	42.2 
A,NAC,D1_D4_MD5,D,CZ	358.8 	424.7 	432.8 	566.1 	593.4 	636.1 	716.7 	758 
A,NAC,D1_D4_MD5,D,DE	42.8 	46.8 	51.8 	55.1 	54.7 	59.1 	63.1 	64.5 
A,NAC,D1_D4_MD5,D,DK	320.5 	365.9 	414 	443.1 	475.3 	516.2 	544.9 	573.4 
A,NAC,D1_D4_MD5,D,EA19	38 	44.5 d	45.5 d	48.3 	48.6 	51.3 	54.4 	55.9 
A,NAC,D1_D4_MD5,D,EA20	37.8 	43.7 d	44.8 d	48.0 d	48.4 	51 	54 	55.6 
A,NAC,D1_D4_MD5,D,EE	9.3 	11.9 	14.9 	19.9 	20.5 	22.7 	26 	28.6 
A,NAC,D1_D4_MD5,D,EL	30.8 	26.7 	22.4 	18.2 	18.8 	19.8 	21.4 	19.7 
A,NAC,D1_D4_MD5,D,ES	44.9 	48.7 	49.1 	50.5 	53.3 	52.7 	53.8 	53.7 
A,NAC,D1_D4_MD5,D,FI	32.1 	41.2 	46.3 	43.2 	46.1 p	47.9 p	46.5 p	48.9 p
A,NAC,D1_D4_MD5,D,FR	46.1 	55.3 	49 	53.8 	54.7 	55.9 	59.8 	61.2 
A,NAC,D1_D4_MD5,D,HR	12.4 	12.7 	13.4 	17.4 	18.1 	18.9 	20 	23.6 
A,NAC,D1_D4_MD5,D,HU	3704.7 	4229.8 	4725.3 	6053.9 	6184.7 	6542.5 	7651.1 	8580.1 
A,NAC,D1_D4_MD5,D,IE	: 	54.4 	52.8 	54.5 	56.5 	58.2 	59.4 	68.3 
A,NAC,D1_D4_MD5,D,IS	3809.7 	4988 	6964.8 	8507.9 	8252.0 p	8886.0 p	9728.0 p	10362.0 p
A,NAC,D1_D4_MD5,D,IT	37.3 	37.8 	40.3 	40.5 	40.7 	41.8 	42.3 	43.8 
A,NAC,D1_D4_MD5,D,LT	8.1 	8 	9.3 	12.5 	13.5 	15.1 	17.1 	19.1 
A,NAC,D1_D4_MD5,D,LU	: 	50.8 	57.9 	62.4 	63.2 	65.8 	69.9 	71.8 
A,NAC,D1_D4_MD5,D,LV	8.4 	8.9 	10.6 	12.9 	13.9 	15.2 	17.8 	19.4 
A,NAC,D1_D4_MD5,D,ME	: 	12.2 	10.8 	: 	: 	: 	: 	: 
A,NAC,D1_D4_MD5,D,MK	: 	466.7 	385.5 	: 	: 	: 	: 	: 
A,NAC,D1_D4_MD5,D,MT	: 	: 	22.6 	28.5 	30.1 	30.6 	32.9 	36.6 
A,NAC,D1_D4_MD5,D,NL	42.2 	48.8 	48.8 	51.5 	52.2 	54.7 	60.1 	: @C
A,NAC,D1_D4_MD5,D,NO	: 	485.9 	573.5 	671.5 	704.8 	733.7 	797.3 	849.9 
A,NAC,D1_D4_MD5,D,PL	42.1 	52.2 	60.4 	73.7 	77.4 	86.4 	98.6 	108.1 
A,NAC,D1_D4_MD5,D,PT	: 	25.7 	35.5 	32.4 	29.9 	35.5 	35.5 	36 
A,NAC,D1_D4_MD5,D,RO	29.7 	36.4 	38.6 	58.2 	62 	72.3 	85.3 	93.3 
A,NAC,D1_D4_MD5,D,RS	: 	974.9 	1063.6 	1473 	1516.8 	1576.9 	1706.9 	1865 
A,NAC,D1_D4_MD5,D,SE	395.5 	435 	476.4 	518.9 	544 	560 	576.6 	605 
A,NAC,D1_D4_MD5,D,SI	20.3 	23.4 	26.3 	29.9 	31.4 	33.9 	37.3 	38.6 
A,NAC,D1_D4_MD5,D,SK	0.4 	14.6 	16.9 	21.1 	21.4 	22.8 	25.4 	28.1 
A,NAC,D1_D4_MD5,D,TR	: 	30.9 	34 	47.8 	57.4 	100.1 	205 	393.8 
A,NAC,D1_D4_MD5,D,UK	: 	26 	31 	: 	: 	: 	: 	: 
A,NAC,D1_D4_MD5,E,AL	: 	210.3 	254.0 	: 	: 	: 	: 	: 
A,NAC,D1_D4_MD5,E,AT	26.1 	27.3 	29.2 	33.4 	32.8 	34.9 	37.5 p	40.5 
A,NAC,D1_D4_MD5,E,BA	: 	10.2 	10.4 	: 	: 	: 	: 	: 
A,NAC,D1_D4_MD5,E,BE	32.8 	35.4 	32.7 	34.9 	35.3 	37.3 	40.7 	41.5 
A,NAC,D1_D4_MD5,E,BG	5.2 	5.9 	7.2 	10 	10.3 	11.5 	13.2 	15.1 
A,NAC,D1_D4_MD5,E,CH	: 	55.1 	53.7 	: 	: 	: 	: 	: 
A,NAC,D1_D4_MD5,E,CY	16.9 	18.6 	12.9 	15.3 	15.8 	16.4 	17.3 	17.9 
A,NAC,D1_D4_MD5,E,CZ	207 	233.6 	251.8 	330.1 	343.8 	361.1 	395.2 	426 
A,NAC,D1_D4_MD5,E,DE	25.6 	27.4 	30.5 	34.3 	35 	37.5 	39.9 	40.3 
A,NAC,D1_D4_MD5,E,DK	238.2 	272 	297.9 	326.4 	: @C	: @C	: @C	: @C
A,NAC,D1_D4_MD5,E,EA19	24.4 d	25.9 	26.5 	29.2 	29.4 	30.9 	32.4 	33.5 
A,NAC,D1_D4_MD5,E,EA20	24.2 d	25.4 	25.9 	28.6 	28.7 	30.2 	31.7 	32.8 
A,NAC,D1_D4_MD5,E,EE	8.1 	: 	10.7 	13.6 	14.5 	15.7 	17.7 	18.8 
A,NAC,D1_D4_MD5,E,EL	21.6 	15.5 	15.6 	10.6 	10.5 	10.9 	11.4 	13.2 
A,NAC,D1_D4_MD5,E,ES	19.5 	20.6 	21.6 	23.5 	23.8 	25 	25.8 	26.8 
A,NAC,D1_D4_MD5,E,FI	25 	28 	30.9 	32.2 	30.4 p	31.5 p	32.5 p	33.8 p
A,NAC,D1_D4_MD5,E,FR	32.2 	32.6 	30.7 	38.6 	38.2 	39.3 	40.9 	42.2 
A,NAC,D1_D4_MD5,E,HR	9 	8.7 	9.8 	9.1 	9.3 	9.9 	11 	12.7 
A,NAC,D1_D4_MD5,E,HU	1882.1 	2167.2 	2287.6 	3179.5 	3343.3 	3723.8 	4407.9 	5202.4 
A,NAC,D1_D4_MD5,E,IE	: 	21 	23.3 	25.5 	26.5 	30.1 	33.5 	35.3 
A,NAC,D1_D4_MD5,E,IS	2776.7 	3370.3 	4559.5 	5450.5 	5935.0 p	6462.0 p	7025.0 p	7453.0 p
A,NAC,D1_D4_MD5,E,IT	24.4 	25.9 	26.9 	27 	26.4 	27.3 	27.6 	28.6 
A,NAC,D1_D4_MD5,E,LT	5.2 	5.8 	7.1 	9.3 	10.1 	11.1 	12.9 	14.3 
A,NAC,D1_D4_MD5,E,LU	29.1 	30.9 	35.6 	40.6 	41.3 	42.9 	46.3 	47.8 
A,NAC,D1_D4_MD5,E,LV	5.8 	5.6 	7.3 	10 	10 	11.4 	12.9 	14.6 
A,NAC,D1_D4_MD5,E,ME	: 	5.9 	5.5 	: 	: 	: 	: 	: 
A,NAC,D1_D4_MD5,E,MK	: 	185.1 	196.0 	: 	: 	: 	: 	: 
A,NAC,D1_D4_MD5,E,MT	11.2 	: 	14.1 	16.6 	17.2 	17.4 	17.9 	18.2 
A,NAC,D1_D4_MD5,E,NL	29.5 	33.2 	33.9 	36.3 	36.9 	39.3 	41.5 	: @C
A,NAC,D1_D4_MD5,E,NO	: 	347.7 	382.9 	463.4 	467 	471.4 	496.7 	530.1 
A,NAC,D1_D4_MD5,E,PL	25.1 	30.4 	34.6 	43.2 	46.4 	51.2 	56.7 	63.9 
A,NAC,D1_D4_MD5,E,PT	11.7 	10.8 	11.5 	11.9 	12.2 	12.9 	13.5 	14.7 
A,NAC,D1_D4_MD5,E,RO	13.7 	16.8 	20.3 	31.6 	32.9 	36.8 	43.2 	50 
A,NAC,D1_D4_MD5,E,RS	: 	494.9 	566.1 	713.5 	792.8 	883.9 	998.9 	1146 
A,NAC,D1_D4_MD5,E,SE	283.3 	310.8 	348.2 	385.3 	404.9 	415.2 	427.6 	449.2 
A,NAC,D1_D4_MD5,E,SI	13.3 	15.4 	16.5 	20.3 	21.4 	23 	25.7 	27.5 
A,NAC,D1_D4_MD5,E,SK	0.2 	8.4 	9.4 	11.8 	12.4 	13.5 	14.7 	15.8 
A,NAC,D1_D4_MD5,E,TR	: 	22 	29.5 	42.9 	49 	75.5 	145.1 	298.7 
A,NAC,D1_D4_MD5,E,UK	: 	19.1 	22.2 	: 	: 	: 	: 	: 
A,NAC,D1_D4_MD5,F,AL	: 	278.3 	327.2 	: 	: 	: 	: 	: 
A,NAC,D1_D4_MD5,F,AT	26.5 	28.4 	33.1 	36.3 	36.5 	38.5 	39.9 p	43.4 
A,NAC,D1_D4_MD5,F,BA	: 	7.2 	7.2 	: 	: 	: 	: 	: 
A,NAC,D1_D4_MD5,F,BE	28.6 	33.4 	34.8 	36 	36.4 	38.5 	41.8 	42.8 
A,NAC,D1_D4_MD5,F,BG	3.9 	5.8 	7.1 	10.3 	11.4 	12.7 	14.8 	17.4 
A,NAC,D1_D4_MD5,F,CH	: 	52.8 	52.4 	: 	: 	: 	: 	: 
A,NAC,D1_D4_MD5,F,CY	14.1 	15 	13.8 	14.5 	14.9 	15.4 	16 	16.7 
A,NAC,D1_D4_MD5,F,CZ	218.2 	234.7 	258.6 	338.4 	356.1 	363.2 	397.9 	424.1 
A,NAC,D1_D4_MD5,F,DE	22.7 	25.1 	26.7 	31.2 	32.1 	34.6 	36 	38.1 
A,NAC,D1_D4_MD5,F,DK	247.8 	271 	287.8 	308.2 	324.2 	330.5 	340.4 	350.4 
A,NAC,D1_D4_MD5,F,EA19	21.4 	25.1 	26.2 	28.7 	29 	30.7 	32.1 	33.7 
A,NAC,D1_D4_MD5,F,EA20	21.3 	24.8 	25.9 	28.4 	28.7 	30.4 	31.8 	33.4 
A,NAC,D1_D4_MD5,F,EE	9 	10 	11.8 	14.7 	15.7 	16.5 	17.3 	18.3 
A,NAC,D1_D4_MD5,F,EL	15.6 	13.7 	12.6 	11.1 	10.7 	11.7 	12.8 	14.1 
A,NAC,D1_D4_MD5,F,ES	17.9 	20.9 	20.3 	20.6 	20.6 	21.2 	22.1 	22.7 
A,NAC,D1_D4_MD5,F,FI	28.3 	31.7 	34 	34.7 	36.4 p	37.3 p	37.7 p	39.1 p
A,NAC,D1_D4_MD5,F,FR	28 	30.3 	31.1 	35.2 	35 	36.2 	37.5 	38.7 
A,NAC,D1_D4_MD5,F,HR	7.6 	8.2 	8.4 	9.7 	10.1 	11 	12.9 	14.3 
A,NAC,D1_D4_MD5,F,HU	1569.2 	1846.5 	1979.3 	2872.7 	3074.6 	3538.6 	4132 	4738.2 
A,NAC,D1_D4_MD5,F,IE	27.7 	26.4 	25.7 	27.5 	28.6 	35.5 	37.3 	40.1 
A,NAC,D1_D4_MD5,F,IS	3102.5 	3956.8 	5076.2 	6561.3 	6091.0 p	6559.0 p	7176.0 p	7720.0 p
A,NAC,D1_D4_MD5,F,IT	22 	23.5 	23.5 	24.1 	24.1 	25 	25.9 	27.3 
A,NAC,D1_D4_MD5,F,LT	6.6 	5.5 	7.2 	9.3 	10.5 	11.6 	13.5 	15.2 
A,NAC,D1_D4_MD5,F,LU	22 	24.8 	26.1 	30.4 	30.8 	32.5 	34.7 	35.8 
A,NAC,D1_D4_MD5,F,LV	5.6 	5.4 	8 	11.3 	11.2 	11.8 	12.7 	14.5 
A,NAC,D1_D4_MD5,F,ME	: 	4.1 	4.3 	: 	: 	: 	: 	: 
A,NAC,D1_D4_MD5,F,MK	: 	188.8 	220.6 	: 	: 	: 	: 	: 
A,NAC,D1_D4_MD5,F,MT	8.5 	9.4 	11 	11.5 	12.2 	12.4 	12.9 	13.2 
A,NAC,D1_D4_MD5,F,NL	30.3 	33.7 	35.6 	39.4 	38.6 	40.2 	42.2 	44.4 
A,NAC,D1_D4_MD5,F,NO	: 	367.3 	385.1 	440.1 	443 	445.7 	480.4 	506 
A,NAC,D1_D4_MD5,F,PL	24.9 	28.6 	35.3 	42.1 	45.1 	50.1 	54.3 	61.8 
A,NAC,D1_D4_MD5,F,PT	9.7 	11.6 	9.7 	11.3 	12 	12.7 	13.4 	14.4 
A,NAC,D1_D4_MD5,F,RO	13 	14.7 	18.1 	30.4 	31.6 	35.3 	44.1 	51.3 
A,NAC,D1_D4_MD5,F,RS	: 	528.4 	534.7 	739 	839.9 	981 	1115.3 	1279.4 
A,NAC,D1_D4_MD5,F,SE	300.2 	333.5 	354.1 	387.2 	402.3 	422.7 	440.9 	461.2 
A,NAC,D1_D4_MD5,F,SI	11.2 	11.9 	13.2 	16.8 	18 	19.3 	21.3 	23.5 
A,NAC,D1_D4_MD5,F,SK	0.2 	8.4 	9 	11.3 	11.8 	13.6 	15 	16.6 
A,NAC,D1_D4_MD5,F,TR	: 	9.9 	16 	18 	21 	36 	77.2 	145 
A,NAC,D1_D4_MD5,F,UK	19.8 	20.3 	22 	: 	: 	: 	: 	: 
A,NAC,D1_D4_MD5,G,AL	: 	260.8 	281.2 	: 	: 	: 	: 	: 
A,NAC,D1_D4_MD5,G,AT	22.3 	26.4 	29.3 	32.2 	32.5 	34.1 	34.4 p	38 
A,NAC,D1_D4_MD5,G,BA	: 	8.0 	8.0 	: 	: 	: 	: 	: 
A,NAC,D1_D4_MD5,G,BE	30.7 	37.2 	36.3 	37.2 	37.6 	39.8 	43.3 	44.2 
A,NAC,D1_D4_MD5,G,BG	4.3 	6.1 	8.1 	11.4 	12.2 	14.2 	16.1 	18.7 
A,NAC,D1_D4_MD5,G,CH	: 	54.8 	54.4 	: 	: 	: 	: 	: 
A,NAC,D1_D4_MD5,G,CY	11.8 	14 	10.8 	11.3 	11.4 	12.3 	12.8 	13.4 
A,NAC,D1_D4_MD5,G,CZ	219.7 	232.3 	262.7 	353.7 	373.5 	390.6 	417.8 	441.3 
A,NAC,D1_D4_MD5,G,DE	23.4 	25.9 	27.5 	30.9 	31.3 	33.1 	34.8 	36.2 
A,NAC,D1_D4_MD5,G,DK	243 	272.6 	280.7 	304.1 	315.6 	324.7 	332.8 	344.2 
A,NAC,D1_D4_MD5,G,EA19	21.1 	24.1 	24.9 	27.5 	27.8 	29 	30.6 	31.8 
A,NAC,D1_D4_MD5,G,EA20	21 	23.9 	24.7 	27.3 	27.6 	28.8 	30.3 	31.6 
A,NAC,D1_D4_MD5,G,EE	7.5 	7.9 	9.7 	12.6 	13.9 	15 	16.4 	17.3 
A,NAC,D1_D4_MD5,G,EL	13.9 	14.7 	13.7 	12.6 	12.4 	12.7 	13.9 	14.7 
A,NAC,D1_D4_MD5,G,ES	15.9 	17.9 	17.5 	19.3 	19.3 	20.2 	21.4 	22.4 
A,NAC,D1_D4_MD5,G,FI	25.3 	29 	30.7 	32 	34.1 p	35.0 p	35.4 p	35.8 p
A,NAC,D1_D4_MD5,G,FR	26.9 	29.3 	29.6 	34.2 	34.4 	35.5 	36.8 	37.8 
A,NAC,D1_D4_MD5,G,HR	7.5 	8.2 	9.2 	9.7 	10 	11 	12.6 	14.2 
A,NAC,D1_D4_MD5,G,HU	1692.9 	2022.2 	2362 	3217.4 	3435.8 	3898 	4531.6 	5028.8 
A,NAC,D1_D4_MD5,G,IE	21.6 	21.9 	23.3 	24.6 	25.5 	28 	29.4 	31.1 
A,NAC,D1_D4_MD5,G,IS	2675.8 	3381.1 	4508.6 	5281.8 	6027.0 p	6488.0 p	6984.0 p	7441.0 p
A,NAC,D1_D4_MD5,G,IT	22 	23.6 	24.7 	26.8 	26.4 	26.7 	27.3 	28 
A,NAC,D1_D4_MD5,G,LT	5.3 	5.2 	6.9 	9.4 	11 	12.5 	13.7 	15.1 
A,NAC,D1_D4_MD5,G,LU	21.6 	26.6 	30.3 	36.2 	36.7 	38.1 	40.9 	41.7 
A,NAC,D1_D4_MD5,G,LV	5.2 	5.2 	7 	9.5 	9.9 	10.6 	11.9 	13.5 
A,NAC,D1_D4_MD5,G,ME	: 	4.2 	4.2 	: 	: 	: 	: 	: 
A,NAC,D1_D4_MD5,G,MK	: 	208.5 	213.9 	: 	: 	: 	: 	: 
A,NAC,D1_D4_MD5,G,MT	9.6 	9.5 	12.4 	12.1 	12.9 	13.9 	14.6 	16 
A,NAC,D1_D4_MD5,G,NL	25 	27.7 	29.1 	31.8 	32.7 	34.2 	36.6 	: @C
A,NAC,D1_D4_MD5,G,NO	: 	342.3 	388.4 	454.6 	484 	486.8 	519.8 	547.8 
A,NAC,D1_D4_MD5,G,PL	22.5 	25.5 	31.3 	40.5 	44 	49.2 	54.6 	60.5 
A,NAC,D1_D4_MD5,G,PT	10.8 	12.2 	13.5 	14 	14.5 	15.4 	16.3 	17.2 
A,NAC,D1_D4_MD5,G,RO	12.8 	16.8 	21.9 	34.3 	36.7 	42.2 	48.6 	55.8 
A,NAC,D1_D4_MD5,G,RS	: 	501.6 	526.2 	636.7 	718.8 	854.6 	986.1 	1122.5 
A,NAC,D1_D4_MD5,G,SE	295 	318.4 	364.9 	387.6 	399.4 	411.1 	427.8 	451.5 
A,NAC,D1_D4_MD5,G,SI	12.5 	14.8 	16.1 	19.7 	20.9 	22.5 	24.8 	26.7 
A,NAC,D1_D4_MD5,G,SK	0.2 	8.2 	9.4 	12 	12.9 	14.5 	15.7 	16.8 
A,NAC,D1_D4_MD5,G,TR	: 	11.5 	19.1 	26.4 	32.6 	55.7 	120.5 	221.9 
A,NAC,D1_D4_MD5,G,UK	14.7 	16 	17.8 	: 	: 	: 	: 	: 
A,NAC,D1_D4_MD5,G-J,MT	10.3 	11.1 	13.0 	14.8 	15.0 	15.1 	15.7 	: 
A,NAC,D1_D4_MD5,G-N,AL	: 	321.8 	375.2 	: 	: 	: 	: 	: 
A,NAC,D1_D4_MD5,G-N,AT	24.9 	28.7 	31.1 	34.8 	34.9 	36.5 	38.5 p	41.8 
A,NAC,D1_D4_MD5,G-N,BA	: 	10.3 	9.9 	: 	: 	: 	: 	: 
A,NAC,D1_D4_MD5,G-N,BE	35.7 	39.5 	38.1 	39.7 	40.1 	42.4 	46.1 	47 
A,NAC,D1_D4_MD5,G-N,BG	5.3 	7.1 	9.4 	13.7 	14.7 	17.1 	19.4 	22.1 
A,NAC,D1_D4_MD5,G-N,CH	: 	63.5 	62.5 	: 	: 	: 	: 	: 
A,NAC,D1_D4_MD5,G-N,CY	15.9 	17.2 	14.1 	16.3 	16.5 	18.2 	19.3 	20.4 
A,NAC,D1_D4_MD5,G-N,CZ	245.6 	263.5 	287 	389.3 	370.1 	381.2 	414.8 	441.9 
A,NAC,D1_D4_MD5,G-N,DE	25.9 	28.6 	30.5 	35 	35.5 	38.2 	40.1 	42.1 
A,NAC,D1_D4_MD5,G-N,DK	271.9 	308.9 	320 	347.3 	352.3 	361.1 	371.5 	383.5 
A,NAC,D1_D4_MD5,G-N,EA19	24.7 	27.5 	28.3 	31.3 	31.7 	33.4 	35.1 	36.6 
A,NAC,D1_D4_MD5,G-N,EA20	24.7 	27.3 	28.1 	31.1 	31.5 	33.2 	34.9 	36.4 
A,NAC,D1_D4_MD5,G-N,EE	8.3 	9 	11.2 	14.7 	15.7 	17.1 	19.3 	20.6 
A,NAC,D1_D4_MD5,G-N,EL	16.1 	15.8 	15.3 	14 	14.2 	15.6 	17.1 	18.5 
A,NAC,D1_D4_MD5,G-N,ES	18.5 	20.2 	19.9 	21.9 	21.8 	22.1 	23.3 	24.4 
A,NAC,D1_D4_MD5,G-N,FI	26 	30.3 	33.1 	33.7 	35.2 p	35.7 p	37.2 p	37.8 p
A,NAC,D1_D4_MD5,G-N,FR	31.8 	34.8 	35 	38.7 	39.1 	40.7 	42.3 	43.5 
A,NAC,D1_D4_MD5,G-N,HR	9 	10 	10 	11.2 	11.5 	12.6 	14.4 	16 
A,NAC,D1_D4_MD5,G-N,HU	2088.1 	2367.7 	2723.2 	3648.1 	3850.9 	4371.6 	5084.3 	5703.6 
A,NAC,D1_D4_MD5,G-N,IE	26.5 	26.9 	28.3 	31.3 	32.5 	35.8 	38.1 	40.5 
A,NAC,D1_D4_MD5,G-N,IS	3202.0 p	3883.0 p	4837.0 p	6074.0 p	6565.0 p	6919.0 p	7448.0 p	7963.0 p
A,NAC,D1_D4_MD5,G-N,IT	25.2 	26.4 	26.4 	28 	27.7 	28.1 	28.7 	29.4 
A,NAC,D1_D4_MD5,G-N,LT	6 	6.1 	7.9 	10.7 	12 	13.7 	15.5 	16.9 
A,NAC,D1_D4_MD5,G-N,LU	34.8 	37.7 	42.3 	51.4 	52.7 	55.5 	59 	60.1 
A,NAC,D1_D4_MD5,G-N,LV	6.2 	6.5 	8.4 	11.5 	11.9 	12.9 	14.4 	16.2 
A,NAC,D1_D4_MD5,G-N,ME	: 	5.6 	5.4 	: 	: 	: 	: 	: 
A,NAC,D1_D4_MD5,G-N,MK	: 	264.0 	241.4 	: 	: 	: 	: 	: 
A,NAC,D1_D4_MD5,G-N,MT	11.3 	11.7 	14.2 	14.5 	14.9 	16.4 	17.4 	17.6 
A,NAC,D1_D4_MD5,G-N,NL	28.6 	31.2 	32.2 	34.8 	35.6 	37.6 	40.2 	42.2 
A,NAC,D1_D4_MD5,G-N,NO	: 	403.8 	450.5 	514.7 	540.7 	548.5 	589.9 	627.2 
A,NAC,D1_D4_MD5,G-N,PL	26.5 	31.7 	37.4 	47.5 	51.3 	58.4 	65.8 	72.7 
A,NAC,D1_D4_MD5,G-N,PT	12.8 	14.2 	14.1 	15.4 	15.6 	16.3 	17.2 	18.2 
A,NAC,D1_D4_MD5,G-N,RO	16.8 	20.4 	26.1 	40.5 	43.1 	49.5 	57.5 	65.1 
A,NAC,D1_D4_MD5,G-N,RS	: 	611.5 	636.8 	820.7 	917.7 	1109.8 	1258.3 	1419.5 
A,NAC,D1_D4_MD5,G-N,SE	324.2 	344.4 	384.1 	425.1 	443.2 	458.3 	474.1 	495.7 
A,NAC,D1_D4_MD5,G-N,SI	14.7 	16.2 	17.2 	20.8 	22.1 	23.8 	26.2 	28.2 
A,NAC,D1_D4_MD5,G-N,SK	0.3 	9.4 	10.4 	13.8 	14.4 	16.1 	17.5 	18.7 
A,NAC,D1_D4_MD5,G-N,TR	: 	15.3 	21.9 	31.6 	: 	: 	: 	: 
A,NAC,D1_D4_MD5,G-N,UK	18.3 d	19.6 	21.7 	: 	: 	: 	: 	: 
A,NAC,D1_D4_MD5,H,AL	: 	372.1 	435.1 	: 	: 	: 	: 	: 
A,NAC,D1_D4_MD5,H,AT	25.2 	27.9 	30.2 	32.7 	33.2 	35.9 	39.2 p	41.1 
A,NAC,D1_D4_MD5,H,BA	: 	10.3 	10.1 	: 	: 	: 	: 	: 
A,NAC,D1_D4_MD5,H,BE	32.1 	35.8 	33.9 	35.3 	35.7 	38 	41 	41.9 
A,NAC,D1_D4_MD5,H,BG	6 	6.9 	8.3 	10.8 	11.1 	12.9 	15.2 	17.5 
A,NAC,D1_D4_MD5,H,CH	: 	55.7 	56.3 	: 	: 	: 	: 	: 
A,NAC,D1_D4_MD5,H,CY	17.6 	19.1 	18.4 	18.4 	17.2 	18.5 	19.1 	21.1 
A,NAC,D1_D4_MD5,H,CZ	231.2 	235.9 	258 	341.9 	348.6 	369 	397.6 	425.5 
A,NAC,D1_D4_MD5,H,DE	23.6 	25.5 	26.9 	29 	29.4 	30.9 	33.4 	34.9 
A,NAC,D1_D4_MD5,H,DK	246.7 	280.7 	293.4 	318.8 	330.2 	340 	349 	355.9 
A,NAC,D1_D4_MD5,H,EA19	23.8 	25.9 d	26.3 	27.7 	27.9 	29.3 	31.2 	32.5 
A,NAC,D1_D4_MD5,H,EA20	23.8 	25.7 d	26.2 	27.5 	27.6 	29.1 	31 	32.2 
A,NAC,D1_D4_MD5,H,EE	7.6 	8.8 	10.8 	13.3 	13.5 	15.4 	16.3 	17.4 
A,NAC,D1_D4_MD5,H,EL	20.3 	19.1 	21 	18.3 	19 	20.7 	21.8 	24.4 
A,NAC,D1_D4_MD5,H,ES	20.1 	21.5 	21.6 	22.7 	21.8 	22.7 	23.8 	24.8 
A,NAC,D1_D4_MD5,H,FI	27.7 	29.7 	31.5 	33 	32.9 p	34.4 p	35.7 p	35.8 p
A,NAC,D1_D4_MD5,H,FR	29.6 	32.2 	31.4 	32.1 	32.6 	34.4 	36.1 	37.5 
A,NAC,D1_D4_MD5,H,HR	8.8 	9.6 	9.6 	9.1 	8.7 	9.6 	10.9 	12.1 
A,NAC,D1_D4_MD5,H,HU	1943.6 	2163.8 	2427.6 	3383.8 	3504.1 	3996.5 	4565.7 	5247.6 
A,NAC,D1_D4_MD5,H,IE	28.3 	28.9 	28.6 	28.1 	26.9 	31.2 	32.2 	33.4 
A,NAC,D1_D4_MD5,H,IS	2977.3 	3983.1 	4579.9 	6158.6 	6451.0 p	6894.0 p	7534.0 p	8083.0 p
A,NAC,D1_D4_MD5,H,IT	23.7 	24.7 	24 	26 	25.7 	25.7 	26.8 	27.3 
A,NAC,D1_D4_MD5,H,LT	6.6 	6.6 	8.5 	10.3 	10.7 	11.9 	13.6 	14.8 
A,NAC,D1_D4_MD5,H,LU	28.6 	32.1 	35 	39.8 	41.6 	44.6 	47.9 	47.1 
A,NAC,D1_D4_MD5,H,LV	6.2 	6.9 	8 	10.2 	10.3 	11.2 	12.8 	14.8 
A,NAC,D1_D4_MD5,H,ME	: 	5.7 	6.3 	: 	: 	: 	: 	: 
A,NAC,D1_D4_MD5,H,MK	: 	339.6 	230.0 	: 	: 	: 	: 	: 
A,NAC,D1_D4_MD5,H,MT	13 	: 	14.9 	15.3 	15.4 	21.4 	21.4 	20.2 
A,NAC,D1_D4_MD5,H,NL	27.2 	28.5 	32.7 	33.8 	33.4 	36 	39.4 	: @C
A,NAC,D1_D4_MD5,H,NO	: 	405.8 	464.5 	474.5 	498 	517.2 	556 	596.5 
A,NAC,D1_D4_MD5,H,PL	25.9 	29.3 	33.5 	41.1 	43.6 	53.7 	62.4 	68.6 
A,NAC,D1_D4_MD5,H,PT	15.5 	15 	17.4 	18.2 	18.7 	19.1 	20 	21 
A,NAC,D1_D4_MD5,H,RO	17.8 	20.2 	23.7 	36.9 	38.6 	43.5 	52.3 	60.1 
A,NAC,D1_D4_MD5,H,RS	: 	546.7 	474.9 	698.3 	740.6 	870 	1000.2 	1149.8 
A,NAC,D1_D4_MD5,H,SE	281.7 	294.4 	314.3 	346.7 	362.2 	372.2 	388.4 	402.8 
A,NAC,D1_D4_MD5,H,SI	14.5 	15.1 	15.7 	17.6 	18.5 	20.2 	22.3 	24.3 
A,NAC,D1_D4_MD5,H,SK	0.2 	7.9 	8.7 	11.9 	11.9 	13.7 	14.8 	16.1 
A,NAC,D1_D4_MD5,H,TR	: 	13.7 	24.3 	32.4 	37.8 	69.6 	144.4 	271.2 
A,NAC,D1_D4_MD5,H,UK	18 	19.7 	22.3 	: 	: 	: 	: 	: 
A,NAC,D1_D4_MD5,I,AL	: 	215.5 	241.0 	: 	: 	: 	: 	: 
A,NAC,D1_D4_MD5,I,AT	13.2 	16.2 	17.8 	20.1 	19.5 	21.8 	23.2 p	24.6 
A,NAC,D1_D4_MD5,I,BA	: 	6.4 	6.4 	: 	: 	: 	: 	: 
A,NAC,D1_D4_MD5,I,BE	19.6 	21 	27.4 	28.6 	28.9 	29.8 	33.1 	33.7 
A,NAC,D1_D4_MD5,I,BG	3 	4.2 	5.1 	6.7 	7.2 	8.6 	10.2 	12.1 
A,NAC,D1_D4_MD5,I,CH	: 	39.4 	37.5 	: 	: 	: 	: 	: 
A,NAC,D1_D4_MD5,I,CY	10.4 	8.7 	7.5 	7.3 	7.8 	10.2 	10.2 	10.8 
A,NAC,D1_D4_MD5,I,CZ	133.5 	140.6 	162.6 	270.2 	153.6 	287.3 	308.3 	332.8 
A,NAC,D1_D4_MD5,I,DE	14.2 	15.8 	17.4 	20.9 	21.4 	23.8 	25.7 	26.9 
A,NAC,D1_D4_MD5,I,DK	188 	206.5 	208.4 	222.6 	: @C	49.7 	50.9 	52.5 
A,NAC,D1_D4_MD5,I,EA19	14.7 	16.2 	16.5 	18.3 	18.2 	19.8 	21.2 	22.1 
A,NAC,D1_D4_MD5,I,EA20	14.7 	16.1 	16.3 	18.2 	18.1 	19.7 	21 	21.9 
A,NAC,D1_D4_MD5,I,EE	5.2 	5.4 	7.1 	8.7 	8.6 	9.8 	11.5 	11.9 
A,NAC,D1_D4_MD5,I,EL	11.3 	10.6 	9.3 	10.1 	10.5 	13.1 	15.7 	18.3 
A,NAC,D1_D4_MD5,I,ES	12.8 	13.8 	13.9 	15.1 	14.4 	15.5 	16.2 	16.9 
A,NAC,D1_D4_MD5,I,FI	20.8 	22.8 	24.2 	24.7 	26.1 p	26.4 p	27.2 p	28.1 p
A,NAC,D1_D4_MD5,I,FR	21.1 	22.5 	21.8 	23.9 	24.8 	26.8 	28 	28.6 
A,NAC,D1_D4_MD5,I,HR	7.3 	7.7 	7.9 	9.2 	9.4 	10.4 	12 	13.4 
A,NAC,D1_D4_MD5,I,HU	1205.5 	1279.7 	1518.1 	2082 	2084.4 	2594.9 	3102.3 	3539.7 
A,NAC,D1_D4_MD5,I,IE	15.7 	15.3 	15.8 	12.3 	: @C	: @C	: @C	: @C
A,NAC,D1_D4_MD5,I,IS	2047.0 p	2625.0 p	3452.0 p	3825.5 	4710.0 p	5103.0 p	5535.0 p	5956.0 p
A,NAC,D1_D4_MD5,I,IT	15.6 	17.7 	17.8 	19.7 	19.2 	19 	19.6 	20 
A,NAC,D1_D4_MD5,I,LT	3.3 	3.2 	4.7 	6.3 	7.4 	8.9 	9.9 	10.8 
A,NAC,D1_D4_MD5,I,LU	17 	20.4 	20.9 	29.4 	30.3 	30.3 	32.7 	33.4 
A,NAC,D1_D4_MD5,I,LV	3.7 	3.9 	5.3 	7.7 	7 	7.8 	8.6 	10 
A,NAC,D1_D4_MD5,I,ME	: 	4.5 	3.9 	: 	: 	: 	: 	: 
A,NAC,D1_D4_MD5,I,MK	: 	156.5 	141.4 	: 	: 	: 	: 	: 
A,NAC,D1_D4_MD5,I,MT	8 	7.7 	9.4 	4 	5 	6.6 	8.4 	9.6 
A,NAC,D1_D4_MD5,I,NL	17.7 	18 	19 	21.7 	18.9 	20.7 	22.8 	: @C
A,NAC,D1_D4_MD5,I,NO	: 	272.6 	285.5 	283.4 	300 	276.9 	302.6 	327.6 
A,NAC,D1_D4_MD5,I,PL	16.7 	20.4 	24.6 	32.6 	34.8 	38.7 	43.6 	49.3 
A,NAC,D1_D4_MD5,I,PT	8.4 	8.2 	8.2 	10.3 	11.2 	10.7 	11 	11.7 
A,NAC,D1_D4_MD5,I,RO	9.4 	10.6 	14.3 	23.1 	24.1 	28 	32.4 	39.5 
A,NAC,D1_D4_MD5,I,RS	: 	436 	415.5 	570.7 	500.1 	607.4 	682.8 	790.2 
A,NAC,D1_D4_MD5,I,SE	200.7 	220.5 	240 	268 	276.4 	284.1 	297.6 	314.2 
A,NAC,D1_D4_MD5,I,SI	10.5 	11.5 	12 	19.2 	21.1 	22.7 	25.5 	27.4 
A,NAC,D1_D4_MD5,I,SK	0.2 	5.6 	6.2 	8.4 	9.3 	9.7 	10.6 	11.7 
A,NAC,D1_D4_MD5,I,TR	: 	10 	15.8 	18.1 	21.3 	40.2 	86.6 	159 
A,NAC,D1_D4_MD5,I,UK	11 	11.4 	13.2 	: 	: 	: 	: 	: 
A,NAC,D1_D4_MD5,J,AL	: 	367.3 	520.9 	: 	: 	: 	: 	: 
A,NAC,D1_D4_MD5,J,AT	39.9 	43.3 	45.3 	49.2 	47.5 	51 	54.1 p	59.7 
A,NAC,D1_D4_MD5,J,BA	: 	15.2 	15.9 	: 	: 	: 	: 	: 
A,NAC,D1_D4_MD5,J,BE	: 	54.7 	47.7 	49.7 	50.2 	52.4 	57.8 	58.7 
A,NAC,D1_D4_MD5,J,BG	10.1 	14.5 	19 	27.3 	30.1 	34.4 	38.4 	42.4 
A,NAC,D1_D4_MD5,J,CH	: 	77.9 	79.5 	: 	: 	: 	: 	: 
A,NAC,D1_D4_MD5,J,CY	22.5 	23.9 	18.6 	27.1 	27.5 	31.3 	35.3 	37 
A,NAC,D1_D4_MD5,J,CZ	416.4 	459.9 	489.1 	609.2 	637.9 	679.9 	759.3 	803.4 
A,NAC,D1_D4_MD5,J,DE	37.5 	41.3 	44.3 	49 	50.5 	52.8 	55.3 	57.9 
A,NAC,D1_D4_MD5,J,DK	330.7 	367.7 	388.5 	408 	421.9 	433.2 	443 	458.6 
A,NAC,D1_D4_MD5,J,EA19	35.1 	38.1 	39.1 	42.6 	44 	45.5 	47.8 	49.9 
A,NAC,D1_D4_MD5,J,EA20	35.1 	37.9 	38.8 	42.4 	43.8 	45.2 	47.5 	49.7 
A,NAC,D1_D4_MD5,J,EE	12.1 	14.8 	17.9 	24.1 	26.4 	28.6 	32.6 	36 
A,NAC,D1_D4_MD5,J,EL	19.5 	18.9 	19.9 	17.8 	18.4 	20.1 	22.9 	24.1 
A,NAC,D1_D4_MD5,J,ES	25.9 	27.3 	26.8 	28.8 	30 	29.7 	31.8 	33.5 
A,NAC,D1_D4_MD5,J,FI	35.7 	41 	44.3 	43.8 	45.4 p	45.3 p	47.4 p	48.7 p
A,NAC,D1_D4_MD5,J,FR	43.8 	45.6 	45.6 	52 	53.2 	54.2 	55.6 	57.2 
A,NAC,D1_D4_MD5,J,HR	13.4 	14.5 	13.8 	19.2 	20.4 	22.8 	25.5 	27.3 
A,NAC,D1_D4_MD5,J,HU	3830.3 	4003.2 	4692.2 	5793.8 	6148.8 	6864.2 	7965 	8973.7 
A,NAC,D1_D4_MD5,J,IE	37.1 	39.4 	43.5 	50.7 	55 	58.8 	63.6 	70.2 
A,NAC,D1_D4_MD5,J,IS	3433.0 p	4446.0 p	6247.3 	7217.1 	8005.0 p	8247.0 p	8804.0 p	9506.0 p
A,NAC,D1_D4_MD5,J,IT	33.5 	35.2 	34.4 	34.4 	34.8 	35.5 	36.2 	37.2 
A,NAC,D1_D4_MD5,J,LT	8.1 	9.9 	12.9 	18.2 	20.5 	24.1 	27.2 	30.1 
A,NAC,D1_D4_MD5,J,LU	39.8 	43.9 	49.6 	54 	53.7 	56.2 	59.5 	60.9 
A,NAC,D1_D4_MD5,J,LV	10.6 	11.1 	14.2 	18.6 	19.9 	21.5 	24.2 	26.3 
A,NAC,D1_D4_MD5,J,ME	: 	9.5 	9.0 	: 	: 	: 	: 	: 
A,NAC,D1_D4_MD5,J,MK	: 	372.4 	372.4 	: 	: 	: 	: 	: 
A,NAC,D1_D4_MD5,J,MT	14 	: 	18.7 	23.1 	23.9 	23.2 	23.7 	24.2 
A,NAC,D1_D4_MD5,J,NL	38.7 	40.6 	42.5 	46.5 	49.8 	52.1 	55.2 	: @C
A,NAC,D1_D4_MD5,J,NO	: 	511.2 	571.5 	677.8 	705.8 	724.6 	786.8 	838.5 
A,NAC,D1_D4_MD5,J,PL	45.7 	55 	62.7 	77 	84.2 	94.6 	104.7 	113.4 
A,NAC,D1_D4_MD5,J,PT	: 	21.8 	19.2 	20.5 	21.6 	23.7 	25.2 	26.6 
A,NAC,D1_D4_MD5,J,RO	27 	35.7 	47.6 	73.2 	79.2 	93.5 	107.6 	118.3 
A,NAC,D1_D4_MD5,J,RS	: 	706.6 	979.6 	1542.7 	1872.4 	2476.8 	2776.1 	3069 
A,NAC,D1_D4_MD5,J,SE	410.3 	439.1 	518 	573.2 	605.9 	623.9 	637.2 	668.3 
A,NAC,D1_D4_MD5,J,SI	21.2 	22.7 	23.5 	27.2 	28.7 	30.2 	33.1 	35.9 
A,NAC,D1_D4_MD5,J,SK	0.4 	16.9 	17.8 	22 	23.5 	25.1 	27.2 	28.8 
A,NAC,D1_D4_MD5,J,TR	: 	34.4 	42.7 	66.4 	85.8 	147.2 	319.5 	630.2 
A,NAC,D1_D4_MD5,J,UK	26.7 	27.8 	29 	: 	: 	: 	: 	: 
A,NAC,D1_D4_MD5,K,AL	: 	545.0 	699.2 	: 	: 	: 	: 	: 
A,NAC,D1_D4_MD5,K,AT	42.4 	48.4 	54.4 	55.3 	55.4 	56.3 	60.1 p	63.7 
A,NAC,D1_D4_MD5,K,BA	: 	18.3 	18.9 	: 	: 	: 	: 	: 
A,NAC,D1_D4_MD5,K,BE	55.7 	66.8 	61 	62.5 	63 	66.7 	72.7 	74.4 
A,NAC,D1_D4_MD5,K,BG	10.4 	12.2 	14.3 	19 	19.1 	22.2 	24.7 	27.5 
A,NAC,D1_D4_MD5,K,CH	: 	92.7 	92.3 	: 	: 	: 	: 	: 
A,NAC,D1_D4_MD5,K,CY	32.9 	34.6 	28 	33.7 	33.4 	35.7 	38.1 	40.2 
A,NAC,D1_D4_MD5,K,CZ	441.2 	488.4 	492.2 	605 	628.3 	673.6 	729.1 	761.3 
A,NAC,D1_D4_MD5,K,DE	42.3 	47.1 	50.3 	57.2 	57.3 	61.6 	64.6 	68.4 
A,NAC,D1_D4_MD5,K,DK	385.8 	444.4 	495.6 	542.3 	568.4 	579 	600.6 	615.3 
A,NAC,D1_D4_MD5,K,EA19	43 	47.1 d	49.7 	53.7 	54.1 	57.1 	59.8 	62.3 
A,NAC,D1_D4_MD5,K,EA20	42.7 	46.7 d	49.3 	53.2 	53.6 	56.6 	59.2 	61.7 
A,NAC,D1_D4_MD5,K,EE	15.3 	14.9 	18.5 	23.7 	25.1 	26.6 	29.4 	32.1 
A,NAC,D1_D4_MD5,K,EL	25.8 	27.4 	28.8 	25.9 	25.3 	27.6 	30.9 	29.6 
A,NAC,D1_D4_MD5,K,ES	35.9 	39.6 	40 	43.3 	42.9 	43.6 	44.2 	46.8 
A,NAC,D1_D4_MD5,K,FI	37.8 	41.9 	45.4 	46.2 	44.6 p	47.4 p	49.5 p	48.5 p
A,NAC,D1_D4_MD5,K,FR	49 	52.7 	57.9 	60.3 	61.1 	64.6 	67.5 	69.7 
A,NAC,D1_D4_MD5,K,HR	13.4 	13.8 	14.1 	15.8 	16.1 	17.1 	18.7 	20.5 
A,NAC,D1_D4_MD5,K,HU	4300.4 	4493 	5011 	6088.3 	6396.8 	7053.8 	8309.3 	9169.5 
A,NAC,D1_D4_MD5,K,IE	45.7 	43.4 	44.7 	52 	55 	55.4 	58.3 	60.9 
A,NAC,D1_D4_MD5,K,IS	6266 	5990.4 	8299.2 	10154.8 	8856.0 p	9663.0 p	10431.0 p	10998.0 p
A,NAC,D1_D4_MD5,K,IT	47.7 	48 	48.8 	51.6 	49.7 	52.3 	53.6 	54.9 
A,NAC,D1_D4_MD5,K,LT	11.3 	11.6 	13.9 	17.9 	19.3 	21.7 	24.2 	26.4 
A,NAC,D1_D4_MD5,K,LU	56 	61.1 	71.1 	81.3 	83.2 	88.4 	93.2 	95.4 
A,NAC,D1_D4_MD5,K,LV	12.7 	12.6 	16.1 	19.5 	20.1 	21.6 	23.7 	25.5 
A,NAC,D1_D4_MD5,K,ME	: 	12.6 	13.1 	: 	: 	: 	: 	: 
A,NAC,D1_D4_MD5,K,MK	: 	448.6 	411.0 	: 	: 	: 	: 	: 
A,NAC,D1_D4_MD5,K,MT	18.8 	: 	22.6 	25.2 	24.4 	26.1 	27.4 	26.8 
A,NAC,D1_D4_MD5,K,NL	49.7 	57.3 	57.6 	59.2 	62.1 	63.3 	66.3 	: @C
A,NAC,D1_D4_MD5,K,NO	: 	595.3 	689.2 	834.3 	865.1 	920.7 	965 	1023.3 
A,NAC,D1_D4_MD5,K,PL	44.4 	52.7 	59.5 	72.8 	77.7 	88.4 	99.9 	111.1 
A,NAC,D1_D4_MD5,K,PT	31.7 	35.6 	33.9 	34.5 	32.8 	34.1 	34.3 	36.9 
A,NAC,D1_D4_MD5,K,RO	38.2 	43.6 	47.7 	66.5 	68 	77.1 	88.3 	98.3 
A,NAC,D1_D4_MD5,K,RS	: 	1083.2 	1165.6 	1311.1 	1419.7 	1540.4 	1699.8 	1912.6 
A,NAC,D1_D4_MD5,K,SE	514 	557.1 	583.8 	671.6 	705.3 	731.5 	738.9 	767 
A,NAC,D1_D4_MD5,K,SI	22.6 	23.1 	25.6 	28.4 	30.1 	32.8 	36 	37.5 
A,NAC,D1_D4_MD5,K,SK	0.4 	16.4 	18.1 	22.5 	23.5 	25.4 	27 	29.5 
A,NAC,D1_D4_MD5,K,TR	: 	38.6 	48.8 	95.3 	111 	191 	401.9 	773.2 
A,NAC,D1_D4_MD5,K,UK	29.7 	32.7 	35 	: 	: 	: 	: 	: 
A,NAC,D1_D4_MD5,K-N,MT	13.1 	12.6 	16.0 	18.5 	18.2 	19.1 	20.1 	: 
A,NAC,D1_D4_MD5,L,MT	9.2 	: 	22.6 	24.5 	24.1 	24.3 	24.2 	: 
A,NAC,D1_D4_MD5,M,AL	: 	390.9 	481.3 	: 	: 	: 	: 	: 
A,NAC,D1_D4_MD5,M,AT	33.8 	37.3 	40.1 	45.4 	42.7 	46.9 	51.3 p	55.7 
A,NAC,D1_D4_MD5,M,BA	: 	11.3 	12.1 	: 	: 	: 	: 	: 
A,NAC,D1_D4_MD5,M,BE	: 	47.5 	45.9 	47.1 	47.6 	50.2 	54.6 	55.8 
A,NAC,D1_D4_MD5,M,BG	7.9 	10.7 	14 	19.4 	20.8 	23.7 	26.6 	30.6 
A,NAC,D1_D4_MD5,M,CH	: 	74.3 	76.9 	: 	: 	: 	: 	: 
A,NAC,D1_D4_MD5,M,CY	17.7 	19.9 	18.8 	19.2 	19.4 	20.4 	22.1 	23 
A,NAC,D1_D4_MD5,M,CZ	333.6 	361 	383.1 	488.8 	508.8 	527.1 	581.8 	630.9 
A,NAC,D1_D4_MD5,M,DE	34.2 	38.2 	41 	45.2 	45.4 	50.9 	51.1 	54.6 
A,NAC,D1_D4_MD5,M,DK	314.7 	358.3 	376.6 	404.4 	423.2 	429 	442.7 	459.8 
A,NAC,D1_D4_MD5,M,EA19	32.6 	36.9 	38.6 	41.7 	42 	45.1 	46.6 	48.8 
A,NAC,D1_D4_MD5,M,EA20	32.5 	36.7 	38.4 	41.5 	41.8 	44.8 	46.3 	48.6 
A,NAC,D1_D4_MD5,M,EE	11 	12.2 	15.6 	17.9 	19.1 	21.1 	25.7 	26.8 
A,NAC,D1_D4_MD5,M,EL	14.9 	15.4 	15.9 	14.5 	15.1 	17.6 	18.3 	19.8 
A,NAC,D1_D4_MD5,M,ES	22.3 	24 	24.9 	26.8 	27 	27.5 	29.3 	31 
A,NAC,D1_D4_MD5,M,FI	32 	39.2 	40.2 	40.6 	41.1 p	41.5 p	42.7 p	42.8 p
A,NAC,D1_D4_MD5,M,FR	38.7 	44.3 	45.7 	50.6 	50.3 	52.2 	53.6 	55.1 
A,NAC,D1_D4_MD5,M,HR	13 	17.6 	13.6 	14.7 	15.2 	16.5 	18.9 	21.1 
A,NAC,D1_D4_MD5,M,HU	2949.4 	3377.3 	3930.6 	4973.4 	5312.5 	6104.6 	7036.1 	7869 
A,NAC,D1_D4_MD5,M,IE	35.8 	35.7 	36.3 	38.2 	41.2 	44.5 	46.9 	49.2 
A,NAC,D1_D4_MD5,M,IS	3804.0 p	4758.0 p	5880.0 p	6958.0 p	7619.0 p	8220.0 p	8900.0 p	9405.0 p
A,NAC,D1_D4_MD5,M,IT	30.2 	34.1 	35.7 	34.8 	35.1 	36 	37.1 	38 
A,NAC,D1_D4_MD5,M,LT	7.9 	8.2 	10 	14 	16.4 	19.1 	21.6 	23.6 
A,NAC,D1_D4_MD5,M,LU	41.6 	46.5 	49.2 	63.4 	65.7 	69.2 	73 	75.4 
A,NAC,D1_D4_MD5,M,LV	8.1 	9 	11 	16.7 	18.7 	20.5 	23.1 	25.4 
A,NAC,D1_D4_MD5,M,ME	: 	6.0 	5.2 	: 	: 	: 	: 	: 
A,NAC,D1_D4_MD5,M,MK	: 	339.8 	297.4 	: 	: 	: 	: 	: 
A,NAC,D1_D4_MD5,M,MT	13.2 	11.8 	17.4 	22.4 	22.1 	22.9 	23.7 	23.2 
A,NAC,D1_D4_MD5,M,NL	37.7 	42 	44.4 	46.9 	47.8 	50.4 	53.3 	: @C
A,NAC,D1_D4_MD5,M,NO	: 	497.9 	572.7 	628.6 	662.4 	678.7 	732.9 	768.3 
A,NAC,D1_D4_MD5,M,PL	31 	44.3 	50.2 	61.4 	67.2 	74.7 	83.4 	91.3 
A,NAC,D1_D4_MD5,M,PT	: 	18.5 	18.5 	21.1 	21.5 	23.2 	24.6 	26.1 
A,NAC,D1_D4_MD5,M,RO	24.3 	29 	37.6 	55.1 	58.7 	67.1 	75.2 	85.2 
A,NAC,D1_D4_MD5,M,RS	: 	899.8 	966.5 	1058 	1212.2 	1489.4 	1672.3 	1857.4 
A,NAC,D1_D4_MD5,M,SE	394.6 	428.5 	469.9 	505 	528.5 	555.1 	573.3 	590.9 
A,NAC,D1_D4_MD5,M,SI	19 	19.7 	21.8 	25.4 	27 	28.6 	31.6 	33.8 
A,NAC,D1_D4_MD5,M,SK	0.3 	12.2 	13.3 	18.3 	17.9 	19.9 	21.9 	23.1 
A,NAC,D1_D4_MD5,M,TR	: 	24.7 	30.8 	40.6 	48.1 	83.1 	174.3 	328.2 
A,NAC,D1_D4_MD5,M,UK	: 	26.8 	29 	: 	: 	: 	: 	: 
A,NAC,D1_D4_MD5,N,AL	: 	229.2 	336.4 	: 	: 	: 	: 	: 
A,NAC,D1_D4_MD5,N,AT	20.1 	21.9 	23.3 	26.7 	28.7 	30.3 	32.1 p	35.4 
A,NAC,D1_D4_MD5,N,BA	: 	7.9 	5.8 	: 	: 	: 	: 	: 
A,NAC,D1_D4_MD5,N,BE	30.6 	31.4 	30.5 	31.8 	32.2 	34.3 	36.6 	37.5 
A,NAC,D1_D4_MD5,N,BG	2.6 	3.7 	6 	9 	10.2 	12.1 	13.7 	15.8 
A,NAC,D1_D4_MD5,N,CH	: 	48.9 	44.9 	: 	: 	: 	: 	: 
A,NAC,D1_D4_MD5,N,CY	9.5 	10.4 	9 	13.6 	14 	15.1 	16.3 	17.6 
A,NAC,D1_D4_MD5,N,CZ	148.3 	159.8 	177.6 	254.8 	264.1 	275.6 	305 	328.8 
A,NAC,D1_D4_MD5,N,DE	15.8 	18.4 	20.8 	25 	25.6 	28.2 	30.6 	32.3 
A,NAC,D1_D4_MD5,N,DK	219.8 	252.9 	255.9 	274.5 	284.7 	298.6 	309 	321.4 
A,NAC,D1_D4_MD5,N,EA19	17.0 d	19.2 	20 	22.7 	23 	24.3 	25.9 	27.2 
A,NAC,D1_D4_MD5,N,EA20	17.0 d	19.1 	19.9 	22.6 	22.9 	24.2 	25.8 	27.1 
A,NAC,D1_D4_MD5,N,EE	6.8 	7.3 	9.3 	11.4 	12.2 	12.9 	14.6 	16 
A,NAC,D1_D4_MD5,N,EL	11.1 	10.5 	11.1 	10.1 	10.6 	11.7 	12.1 	13.2 
A,NAC,D1_D4_MD5,N,ES	13.9 	14.7 	14.9 	16.1 	16.5 	16.6 	17.9 	18.5 
A,NAC,D1_D4_MD5,N,FI	16.2 	21.3 	23.8 	23.6 	25.0 p	25.2 p	27.6 p	29.0 p
A,NAC,D1_D4_MD5,N,FR	23 	26 	24.9 	28 	28.2 	29.3 	30.9 	31.9 
A,NAC,D1_D4_MD5,N,HR	5.9 	5.6 	6.6 	7.2 	7.2 	8.1 	9.5 	10.6 
A,NAC,D1_D4_MD5,N,HU	1357.4 	1578.8 	1951.8 	2654.2 	2781.2 	3109.9 	3655.5 	4061 
A,NAC,D1_D4_MD5,N,IE	20.3 	20 	22.1 	24.9 	26.8 	28.4 	30 	32 
A,NAC,D1_D4_MD5,N,IS	2566.0 p	3364.0 p	4310.0 p	5404.0 p	5811.0 p	6387.0 p	6918.0 p	7439.0 p
A,NAC,D1_D4_MD5,N,IT	16.6 	17.9 	17.9 	18.8 	18.7 	18.7 	18.8 	19.1 
A,NAC,D1_D4_MD5,N,LT	5 	4.5 	6.4 	8 	8.9 	10.6 	12.5 	13.4 
A,NAC,D1_D4_MD5,N,LU	: 	20 	22.7 	29.4 	30.2 	31.7 	34.3 	35.1 
A,NAC,D1_D4_MD5,N,LV	5.2 	5.1 	7 	9.6 	9.8 	10.6 	11.2 	13.1 
A,NAC,D1_D4_MD5,N,ME	: 	4.3 	3.7 	: 	: 	: 	: 	: 
A,NAC,D1_D4_MD5,N,MK	: 	170.3 	180.4 	: 	: 	: 	: 	: 
A,NAC,D1_D4_MD5,N,MT	9.1 	9.1 	11.7 	11 	11.5 	13 	14.4 	14 
A,NAC,D1_D4_MD5,N,NL	20.1 	21.9 	22.9 	24.8 	25.2 	27.3 	29.8 	: @C
A,NAC,D1_D4_MD5,N,NO	: 	324.3 	353.5 	403.9 	418.1 	408.6 	447 	485.8 
A,NAC,D1_D4_MD5,N,PL	19.1 	22.1 	26.1 	37.6 	41 	45.8 	53.4 	60.7 
A,NAC,D1_D4_MD5,N,PT	7.1 	8.3 	8.4 	9.7 	9.1 	9.4 	10.3 	11 
A,NAC,D1_D4_MD5,N,RO	9.1 	11.7 	17.9 	28.7 	30.5 	34.4 	41.7 	45.7 
A,NAC,D1_D4_MD5,N,RS	: 	388.3 	500.9 	682.4 	758.8 	893.6 	1006.6 	1151.4 
A,NAC,D1_D4_MD5,N,SE	235.1 	258.9 	288.6 	316.6 	325.5 	338.2 	355.6 	375 
A,NAC,D1_D4_MD5,N,SI	9.7 	10.4 	12 	15 	15.9 	17.4 	19.6 	21.3 
A,NAC,D1_D4_MD5,N,SK	0.2 	5.9 	7.2 	10 	10.8 	12.6 	13.5 	14.4 
A,NAC,D1_D4_MD5,N,TR	: 	9.2 	18.1 	25.8 	31.6 	53 	111.8 	222.7 
A,NAC,D1_D4_MD5,N,UK	13.9 	14.9 	16.8 	: 	: 	: 	: 	: 
A,NAC,D1_D4_MD5,O-S,MT	: 	: 	15.5 d	20.1 	21.6 	22.1 	22.3 	: 
A,NAC,D1_D4_MD5,P,AL	: 	365.3 	414.6 	: 	: 	: 	: 	: 
A,NAC,D1_D4_MD5,P,AT	28.1 	30.6 	32.5 	37.4 	36.7 	39.6 	40.8 p	46.1 
A,NAC,D1_D4_MD5,P,BA	: 	11.9 	12.3 	: 	: 	: 	: 	: 
A,NAC,D1_D4_MD5,P,BE	27 	40.5 	54.5 	58.4 	59 	62 	67.8 	69.1 
A,NAC,D1_D4_MD5,P,BG	5.5 	6.9 	8.8 	15.4 	17.2 	19.3 	22.2 	25.6 
A,NAC,D1_D4_MD5,P,CH	: 	75.5 	72.2 	: 	: 	: 	: 	: 
A,NAC,D1_D4_MD5,P,CY	33.1 	25.6 	33.6 	36.2 	36.4 	37.8 	40 	41 
A,NAC,D1_D4_MD5,P,CZ	216.7 	237.1 	259.1 	387.9 	411.5 	419.8 	438.9 	441.4 
A,NAC,D1_D4_MD5,P,DE	31.4 	34.7 	36.9 	41.2 	41.7 	41.8 	42.7 	44.8 
A,NAC,D1_D4_MD5,P,DK	263.2 	292.9 	310.9 	338.3 	343.7 	350.2 	358.2 	378 
A,NAC,D1_D4_MD5,P,EA19	34.4 d	32.3 d	34.5 	37 	37.2 	37.9 	39.4 	41.1 
A,NAC,D1_D4_MD5,P,EA20	34.2 d	31.9 d	34.1 	36.6 	36.8 	37.4 	38.9 	40.7 
A,NAC,D1_D4_MD5,P,EE	7.1 	7.3 	10.2 	13.7 	14.2 	15.3 	17.9 	19.2 
A,NAC,D1_D4_MD5,P,EL	22.2 	16.8 	18.2 	16 	16.8 	15.8 	16.9 	17.5 
A,NAC,D1_D4_MD5,P,ES	23.4 	23.7 	24.2 	25.6 	25.2 	26.2 	27.2 	28 
A,NAC,D1_D4_MD5,P,FI	28.7 	34.3 	38.3 	37.6 	36.4 p	37.5 p	38.8 p	40.1 p
A,NAC,D1_D4_MD5,P,FR	: 	39 	41.5 	45.3 	: @C	: @C	: @C	: @C
A,NAC,D1_D4_MD5,P,HR	9.2 	9.9 	9.6 	11.3 	11.9 	12.6 	14.3 	17.6 
A,NAC,D1_D4_MD5,P,HU	2086.7 	1958.3 	2592.9 	3255.6 	3549.9 	3948 	4630.8 	5861 
A,NAC,D1_D4_MD5,P,IE	43.1 	45.6 	50.1 	54.7 	55.9 	59.6 	61.5 	64.2 
A,NAC,D1_D4_MD5,P,IS	2702.3 	3307 	4502.2 	5576.4 	5922.0 p	6403.0 p	6932.0 p	7385.0 p
A,NAC,D1_D4_MD5,P,IT	28.5 	39.1 	37.2 	36.1 	36.2 	36 	36.1 	37.5 
A,NAC,D1_D4_MD5,P,LT	5.6 	6.3 	6.9 	9.4 	10.5 	12 	13.7 	15.7 
A,NAC,D1_D4_MD5,P,LU	39.4 	43.7 	46.7 	46.6 	46.6 	48.8 	52.2 	53.5 
A,NAC,D1_D4_MD5,P,LV	6 	5.1 	6.4 	8.4 	9.4 	10.3 	11.8 	13.6 
A,NAC,D1_D4_MD5,P,ME	: 	5.7 	6.3 	: 	: 	: 	: 	: 
A,NAC,D1_D4_MD5,P,MK	: 	203.7 	224.9 	: 	: 	: 	: 	: 
A,NAC,D1_D4_MD5,P,MT	13.2 	: 	13.6 	20.4 	21.1 	19.3 	19.8 	24.4 
A,NAC,D1_D4_MD5,P,NL	36.7 	40.7 	43.6 	47.5 	46.8 	49.9 	53.6 	: @C
A,NAC,D1_D4_MD5,P,NO	: 	388.1 	441.8 	491.5 	487.8 	509 	541.9 	563.4 
A,NAC,D1_D4_MD5,P,PL	32 	45.5 	50.1 	60.1 	63.9 	67.8 	76 	93.8 
A,NAC,D1_D4_MD5,P,PT	18.1 	17.2 	20.6 	21.8 	22.2 	23.1 	24.5 	25.8 
A,NAC,D1_D4_MD5,P,RO	17.8 	16.3 	23.8 	47.1 	47.2 	49.3 	60.2 	74.8 
A,NAC,D1_D4_MD5,P,RS	: 	593.1 	575.1 	821.9 	847.2 	925.2 	1051.1 	1217.1 
A,NAC,D1_D4_MD5,P,SE	256.6 	264.1 	292.5 	334.9 	347 	353 	369.2 	378.4 
A,NAC,D1_D4_MD5,P,SI	16.6 	16.9 	16.8 	21.7 	23.1 	22.3 	24.4 	25.4 
A,NAC,D1_D4_MD5,P,SK	0.2 	7.8 	9.8 	14.6 	14.7 	15 	16.5 	17.9 
A,NAC,D1_D4_MD5,P,TR	: 	17 	32.7 	49.3 	: 	: 	: 	: 
A,NAC,D1_D4_MD5,P,UK	21.8 	24.9 	31.1 	: 	: 	: 	: 	: 
A,NAC,D1_D4_MD5,P-S,AL	: 	347.1 	398.3 	: 	: 	: 	: 	: 
A,NAC,D1_D4_MD5,P-S,AT	25.9 	28.6 	31.2 	35.4 	36 	39 	40.9 p	46 
A,NAC,D1_D4_MD5,P-S,BA	: 	12.3 	12.4 	: 	: 	: 	: 	: 
A,NAC,D1_D4_MD5,P-S,BE	27.2 	33.2 	38 	40.9 	41.4 	44.2 	47.5 	48.7 
A,NAC,D1_D4_MD5,P-S,BG	5.2 	6.6 	8.6 	13.8 	15.9 	17.3 	19.4 	22.4 
A,NAC,D1_D4_MD5,P-S,CH	: 	62.7 	60.8 	: 	: 	: 	: 	: 
A,NAC,D1_D4_MD5,P-S,CY	25.7 	18.6 	25.3 	26.7 	26.8 	28 	30 	31.1 
A,NAC,D1_D4_MD5,P-S,CZ	206.8 	233.6 	260 	394.2 	423.9 	419.4 	442 	462.4 
A,NAC,D1_D4_MD5,P-S,DE	26.2 	29 	31.7 	35.8 	36.4 	37.9 	39.4 	41.5 
A,NAC,D1_D4_MD5,P-S,DK	239.4 	272 	286.5 	313.5 	317.9 	325.2 	332.2 	349.4 
A,NAC,D1_D4_MD5,P-S,EA19	24.9 d	28.2 	29.9 	33 	33.5 	34.6 	36.1 	37.8 
A,NAC,D1_D4_MD5,P-S,EA20	24.9 d	28 	29.6 	32.8 	33.2 	34.4 	35.9 	37.5 
A,NAC,D1_D4_MD5,P-S,EE	7.2 	7.4 	10.1 	13.6 	14.6 	15.6 	18.2 	19.6 
A,NAC,D1_D4_MD5,P-S,EL	17.7 	15.3 	14.9 	13.3 	13.5 	13.1 	13.5 	13.9 
A,NAC,D1_D4_MD5,P-S,ES	21.6 	22 	22.6 	24.7 	24.7 	25.2 	26.4 	27.3 
A,NAC,D1_D4_MD5,P-S,FI	25.9 	30.1 	32.2 	32.5 	32.5 p	33.6 p	34.4 p	35.1 p
A,NAC,D1_D4_MD5,P-S,FR	28.4 d	32.6 	33.3 	37.7 	38.7 	40 	42 	43.2 
A,NAC,D1_D4_MD5,P-S,HR	9.5 	9.9 	9.9 	11.4 	11.9 	12.7 	14.6 	17.8 
A,NAC,D1_D4_MD5,P-S,HU	1878.6 	1669.9 	1903.9 	2894.5 	3255.5 	3807 	4410.9 	5243 
A,NAC,D1_D4_MD5,P-S,IE	34.9 	35 	35.6 	39.6 	40.2 	43.3 	45.5 	47.4 
A,NAC,D1_D4_MD5,P-S,IS	2745.1 d	3371.8 d	4436.9 d	5582.9 d	6120.0 p	6647.0 p	7175.0 p	7631.0 p
A,NAC,D1_D4_MD5,P-S,IT	28 	32.2 	31.6 	32.6 	32.4 	32.4 	32.5 	33.6 
A,NAC,D1_D4_MD5,P-S,LT	5.5 	5.8 	6.8 	10.2 	11.5 	12.9 	14.5 	16.5 
A,NAC,D1_D4_MD5,P-S,LU	34.1 	37.2 	39 	49.2 	50.8 	52.8 	56.1 	57.2 
A,NAC,D1_D4_MD5,P-S,LV	5.7 	5.1 	6.4 	9.4 	10.8 	11.5 	12.7 	14.1 
A,NAC,D1_D4_MD5,P-S,ME	: 	5.4 	6.1 	: 	: 	: 	: 	: 
A,NAC,D1_D4_MD5,P-S,MK	: 	211.0 	233.7 	: 	: 	: 	: 	: 
A,NAC,D1_D4_MD5,P-S,MT	11.4 	13.1 	15.5 	19.6 	20.8 	21.2 	21.4 	24 
A,NAC,D1_D4_MD5,P-S,NL	31.4 	33.9 	37.9 	41.9 	42.2 	44.6 	47.5 	50.2 
A,NAC,D1_D4_MD5,P-S,NO	: 	398.8 	453.6 	528.7 	530.3 	544.1 	584 	608.4 
A,NAC,D1_D4_MD5,P-S,PL	29 	36.7 	41.5 	53.5 	58.5 	62.8 	71.3 	85.3 
A,NAC,D1_D4_MD5,P-S,PT	14.7 	14.4 	16.2 	17.6 	17.9 	18.5 	19.7 	21.3 
A,NAC,D1_D4_MD5,P-S,RO	16.8 	16 	23.7 	48.5 	49.1 	51.3 	58 	68.5 
A,NAC,D1_D4_MD5,P-S,RS	: 	570.3 	576.5 	812.1 	886 	969.3 	1086.6 	1239.3 
A,NAC,D1_D4_MD5,P-S,SE	264.8 	284.8 	309.1 	352.6 	363.1 	372.7 	392.4 	398.1 
A,NAC,D1_D4_MD5,P-S,SI	16.1 	16.5 	16.8 	21.3 	22.6 	21.9 	23.9 	24.9 
A,NAC,D1_D4_MD5,P-S,SK	0.2 	7.8 	9.6 	14 	14.9 	15.4 	17.1 	18.5 
A,NAC,D1_D4_MD5,P-S,TR	: 	17.8 	28.6 	47.6 	: 	: 	: 	: 
A,NAC,D1_D4_MD5,P-S,UK	19.9 d	21.9 	25.7 	: 	: 	: 	: 	: 
A,NAC,D1_D4_MD5,Q,AL	: 	324.3 	387.6 	: 	: 	: 	: 	: 
A,NAC,D1_D4_MD5,Q,AT	25.7 	28 	31.4 	35.1 	36 	38.9 	41.0 p	47 
A,NAC,D1_D4_MD5,Q,BA	: 	13.7 	13.7 	: 	: 	: 	: 	: 
A,NAC,D1_D4_MD5,Q,BE	27.4 	30.5 	30.5 	33.1 	33.5 	36.1 	38.4 	39.5 
A,NAC,D1_D4_MD5,Q,BG	5.3 	6.8 	9 	13.2 	15.9 	16.5 	17.9 	20.4 
A,NAC,D1_D4_MD5,Q,CH	: 	55.3 	56.5 	: 	: 	: 	: 	: 
A,NAC,D1_D4_MD5,Q,CY	17.8 	14.5 	19.7 	17.4 	17.4 	17.6 	19.4 	20.5 
A,NAC,D1_D4_MD5,Q,CZ	206.1 	242 	272.4 	422.1 	464.2 	444.5 	465.1 	502.7 
A,NAC,D1_D4_MD5,Q,DE	23.7 	26.6 	29.2 	33.5 	34.1 	36.2 	38 	40.1 
A,NAC,D1_D4_MD5,Q,DK	222.1 	257.7 	272.2 	298.3 	301.2 	309.5 	315.8 	332.3 
A,NAC,D1_D4_MD5,Q,EA19	24.7 	26.5 d	27.9 	31.3 	32 	33.5 	35 	36.6 
A,NAC,D1_D4_MD5,Q,EA20	24.7 	26.3 d	27.7 	31.2 	31.8 	33.4 	34.9 	36.5 
A,NAC,D1_D4_MD5,Q,EE	7.7 	7.9 	10.5 	14.4 	16.1 	17.1 	20.1 	22 
A,NAC,D1_D4_MD5,Q,EL	14.3 	13.8 	12.1 	11.7 	11.3 	11.7 	11.2 	10.9 
A,NAC,D1_D4_MD5,Q,ES	22.6 	22.3 	23.2 	25.1 	25.4 	25.9 	27.2 	28.3 
A,NAC,D1_D4_MD5,Q,FI	24.8 	28.5 	30 	31 	31.3 p	32.5 p	33.1 p	33.7 p
A,NAC,D1_D4_MD5,Q,FR	28 	29.3 	29.7 	34.4 	: @C	: @C	: @C	: @C
A,NAC,D1_D4_MD5,Q,HR	10.1 	10.3 	10.3 	12 	12.5 	13.4 	15.5 	19.2 
A,NAC,D1_D4_MD5,Q,HU	1649.7 	1366.2 	1380.5 	2515.3 	2974.9 	3666.3 	4200.9 	4718 
A,NAC,D1_D4_MD5,Q,IE	33.3 	32 	31.1 	34 	34.2 	36.8 	39 	40.6 
A,NAC,D1_D4_MD5,Q,IS	2849.2 	3526 	4466.8 	5681.7 	6310.0 p	6899.0 p	7434.0 p	7877.0 p
A,NAC,D1_D4_MD5,Q,IT	28.5 	28.3 	28.3 	29.9 	29.5 	29.7 	29.6 	30.5 
A,NAC,D1_D4_MD5,Q,LT	5.7 	5.7 	7 	11.8 	13.6 	14.8 	16.1 	18.4 
A,NAC,D1_D4_MD5,Q,LU	34.8 	37.5 	38.5 	50.7 	52.9 	54.9 	58.3 	59.3 
A,NAC,D1_D4_MD5,Q,LV	5.6 	5.1 	6.6 	10.9 	13.7 	14 	14.7 	15.7 
A,NAC,D1_D4_MD5,Q,ME	: 	5.4 	6.3 	: 	: 	: 	: 	: 
A,NAC,D1_D4_MD5,Q,MK	: 	219.7 	247.2 	: 	: 	: 	: 	: 
A,NAC,D1_D4_MD5,Q,MT	10.5 	: 	16.3 	17.8 	20 	21.8 	22.1 	23.1 
A,NAC,D1_D4_MD5,Q,NL	29.4 	31.6 	36.1 	40.2 	40.9 	42.9 	45.6 	: @C
A,NAC,D1_D4_MD5,Q,NO	: 	410.1 	467.3 	566.8 	569.1 	579.7 	618.3 	648.8 
A,NAC,D1_D4_MD5,Q,PL	26.3 	29.5 	33.5 	47.7 	54.8 	59.5 	68.5 	79 
A,NAC,D1_D4_MD5,Q,PT	11.6 	12.3 	13.1 	14.8 	14.8 	15.4 	16.5 	18.7 
A,NAC,D1_D4_MD5,Q,RO	16.4 	16.7 	25.5 	54 	54.6 	56.4 	60.4 	68.7 
A,NAC,D1_D4_MD5,Q,RS	: 	567.6 	595.8 	847.4 	969.8 	1045.2 	1154.6 	1302.8 
A,NAC,D1_D4_MD5,Q,SE	270.5 	300.2 	320 	365.6 	375.5 	388.1 	411 	413 
A,NAC,D1_D4_MD5,Q,SI	15.3 	16.2 	16.7 	21.4 	22.4 	21.6 	23.4 	24.3 
A,NAC,D1_D4_MD5,Q,SK	0.2 	8.3 	10.2 	14.2 	16.1 	16.6 	18.9 	20.5 
A,NAC,D1_D4_MD5,Q,TR	: 	18.9 	26.8 	44.5 	: 	: 	: 	: 
A,NAC,D1_D4_MD5,Q,UK	18.8 	20.5 	22.9 	: 	: 	: 	: 	: 
A,NAC,D1_D4_MD5,R,AL	: 	321.4 	352.9 	: 	: 	: 	: 	: 
A,NAC,D1_D4_MD5,R,AT	24.4 	29.6 	30.4 	36.8 	34.4 	41.3 	43.3 p	45.4 
A,NAC,D1_D4_MD5,R,BA	: 	8.1 	7.3 	: 	: 	: 	: 	: 
A,NAC,D1_D4_MD5,R,BE	25.2 	29.1 	29.6 	30.9 	31.2 	33.5 	36.3 	37.1 
A,NAC,D1_D4_MD5,R,BG	4 	5.6 	7.2 	10.5 	11.9 	14 	15.6 	18.4 
A,NAC,D1_D4_MD5,R,CH	: 	59.2 	54.8 	: 	: 	: 	: 	: 
A,NAC,D1_D4_MD5,R,CY	12.8 	14 	15 	16.1 	16.1 	19.8 	20.2 	21.4 
A,NAC,D1_D4_MD5,R,CZ	178.8 	195.8 	223.3 	336.8 	340.2 	341.5 	377.8 	396.2 
A,NAC,D1_D4_MD5,R,DE	25.6 	26.5 	29.1 	35.1 	36.1 	36.6 	38.3 	41.1 
A,NAC,D1_D4_MD5,R,DK	242.5 	271.1 	270.7 	302.3 	309.8 	309.6 	316.7 	331.1 
A,NAC,D1_D4_MD5,R,EA19	21.9 d	25.4 	26.1 	30.2 	30.2 	30.7 	32.1 	33.8 
A,NAC,D1_D4_MD5,R,EA20	21.8 d	25 	25.6 	29.7 	29.7 	30.2 	31.6 	33.4 
A,NAC,D1_D4_MD5,R,EE	6.3 	6.7 	8.3 	11.3 	12.2 	13.1 	15.7 	15.5 
A,NAC,D1_D4_MD5,R,EL	13.6 	15.5 	14.2 	11.5 	11.1 	10.2 	11.2 	12.1 
A,NAC,D1_D4_MD5,R,ES	17 	17.7 	18 	22.3 	21.6 	20.5 	21.5 	22.5 
A,NAC,D1_D4_MD5,R,FI	23.1 	27.2 	29 	30.1 	29.4 p	30.1 p	30.8 p	31.8 p
A,NAC,D1_D4_MD5,R,FR	31.1 	35.5 	35.3 	38.1 	38.6 	39.4 	40.4 	41.1 
A,NAC,D1_D4_MD5,R,HR	8.4 	9 	9 	10.2 	10.2 	11 	12.5 	14.8 
A,NAC,D1_D4_MD5,R,HU	1845.6 	1980 	2273.1 	3333.1 	3586.8 	4163.1 	4803.5 	5334.8 
A,NAC,D1_D4_MD5,R,IE	20.3 	22.3 	24.1 	24 	: @C	: @C	: @C	: @C
A,NAC,D1_D4_MD5,R,IS	2373.9 	2911.9 	3927 	4964.1 	5713.0 p	6181.0 p	6653.0 p	7096.0 p
A,NAC,D1_D4_MD5,R,IT	22.5 	35.5 	33.8 	45.7 	44 	41.8 	42.9 	46.7 
A,NAC,D1_D4_MD5,R,LT	4.3 	4.2 	5.6 	8 	9 	10.3 	12.1 	13.5 
A,NAC,D1_D4_MD5,R,LU	29.7 	33.7 	40.8 	45 	43.9 	45 	48.1 	48.8 
A,NAC,D1_D4_MD5,R,LV	5.3 	4.7 	6.3 	8.8 	9.5 	10.2 	11.4 	12.7 
A,NAC,D1_D4_MD5,R,ME	: 	4.6 	5.0 	: 	: 	: 	: 	: 
A,NAC,D1_D4_MD5,R,MK	: 	203.5 	211.0 	: 	: 	: 	: 	: 
A,NAC,D1_D4_MD5,R,MT	10.3 	14.9 	18.5 	24.1 	24.3 	25.2 	24.3 	26.7 
A,NAC,D1_D4_MD5,R,NL	27.8 	29.3 	31.1 	36.3 	34.7 	38 	40.4 	: @C
A,NAC,D1_D4_MD5,R,NO	: 	354.1 	389.5 	416.7 	429.8 	452.2 	487.9 	513.2 
A,NAC,D1_D4_MD5,R,PL	24.9 	28.7 	33 	41.8 	43.8 	50.5 	58.1 	66.4 
A,NAC,D1_D4_MD5,R,PT	: 	15.5 	15 	22.7 	24 	22.9 	24.5 	25.8 
A,NAC,D1_D4_MD5,R,RO	14.7 	13.7 	18.2 	36.1 	37.3 	40.5 	44.9 	50.2 
A,NAC,D1_D4_MD5,R,RS	: 	471.9 	490.2 	609.8 	654.2 	768.9 	880.1 	999.4 
A,NAC,D1_D4_MD5,R,SE	246.5 	268.8 	296.6 	331.8 	335 	340 	353.7 	373.3 
A,NAC,D1_D4_MD5,R,SI	17.4 	16.4 	18 	21 	22.2 	22.4 	25 	25.8 
A,NAC,D1_D4_MD5,R,SK	0.2 	6.6 	7.7 	11.9 	13.6 	14.1 	14.4 	15.8 
A,NAC,D1_D4_MD5,R,TR	: 	17.7 	26.1 	79.9 	: 	: 	: 	: 
A,NAC,D1_D4_MD5,R,UK	: 	19.5 	24.1 	: 	: 	: 	: 	: 
A,NAC,D1_D4_MD5,S,AL	: 	287.3 	387.2 	: 	: 	: 	: 	: 
A,NAC,D1_D4_MD5,S,AT	22.7 	26.6 	28.4 	32.1 	35.3 	36.5 	39.0 p	42.9 
A,NAC,D1_D4_MD5,S,BA	: 	13.5 	12.8 	: 	: 	: 	: 	: 
A,NAC,D1_D4_MD5,S,BE	28.4 	34.4 	38.1 	39.9 	40.3 	42.5 	46.4 	47.3 
A,NAC,D1_D4_MD5,S,BG	3.5 	4.9 	6.3 	9.3 	10.3 	11.9 	12.8 	15.7 
A,NAC,D1_D4_MD5,S,CH	: 	57.3 	56.9 	: 	: 	: 	: 	: 
A,NAC,D1_D4_MD5,S,CY	10.4 	12.3 	14.3 	12.7 	13 	14.2 	15.1 	16.2 
A,NAC,D1_D4_MD5,S,CZ	172.9 	191.5 	216.5 	281.8 	296 	294.3 	337.3 	358.7 
A,NAC,D1_D4_MD5,S,DE	23.3 	26.4 	30.4 	32.7 	33.3 	34.6 	35.6 	37.4 
A,NAC,D1_D4_MD5,S,DK	294.9 	318.6 	330.5 	370.2 	384.2 	388.9 	398 	412.5 
A,NAC,D1_D4_MD5,S,EA19	22.5 	25.3 d	26.6 d	29.2 	29.4 	30.4 	31.7 	33.2 
A,NAC,D1_D4_MD5,S,EA20	22.5 	25.2 d	26.5 d	28.9 	29.1 	30.1 	31.4 	32.9 
A,NAC,D1_D4_MD5,S,EE	7.2 	7.3 	7.7 	10.7 	11.5 	11.6 	12.3 	13.7 
A,NAC,D1_D4_MD5,S,EL	14.1 	13 	10.1 	11 	11.3 	10.6 	11.2 	12.4 
A,NAC,D1_D4_MD5,S,ES	15.1 	17.1 	16.2 	18.7 	18.3 	18.5 	19.5 	20.4 
A,NAC,D1_D4_MD5,S,FI	24.7 	33 	34.4 	29.4 	34.3 p	34.3 p	35.8 p	37.5 p
A,NAC,D1_D4_MD5,S,FR	: @C	: @C	: @C	: @C	: @C	: @C	: @C	: @C
A,NAC,D1_D4_MD5,S,HR	8.6 	9.1 	10.4 	9.4 	9.4 	10.6 	12.3 	13.3 
A,NAC,D1_D4_MD5,S,HU	1630.9 	1534.5 	1941.6 	2739 	2749.5 	3301.5 	3765.6 	4335.5 
A,NAC,D1_D4_MD5,S,IE	23 	22.9 	24 	22.6 	: @C	: @C	: @C	: @C
A,NAC,D1_D4_MD5,S,IS	3257.0 p	4211.0 p	5274.0 p	6145.0 p	6737.0 p	7060.0 p	7558.0 p	8082.0 p
A,NAC,D1_D4_MD5,S,IT	18.9 	19 	18.6 	20.4 	20 	20.2 	20.9 	21 
A,NAC,D1_D4_MD5,S,LT	4.7 	4.7 	6.5 	8.1 	9.4 	10.8 	11.8 	13.2 
A,NAC,D1_D4_MD5,S,LU	24.3 	30.1 	32 	40.5 	40.3 	41.8 	44.4 	45.3 
A,NAC,D1_D4_MD5,S,LV	3.9 	4.8 	7 	10.7 	10.9 	11.5 	12.9 	15.2 
A,NAC,D1_D4_MD5,S,ME	: 	6.0 	5.0 	: 	: 	: 	: 	: 
A,NAC,D1_D4_MD5,S,MK	: 	255.6 	314.0 	: 	: 	: 	: 	: 
A,NAC,D1_D4_MD5,S,MT	8.2 	: 	11.4 	10.2 	10.9 	14.1 	17.4 	17.4 
A,NAC,D1_D4_MD5,S,NL	28.1 	32.4 	35.2 	38.2 	39.4 	41.8 	44.6 	: @C
A,NAC,D1_D4_MD5,S,NO	: 	376.5 	413.9 	493.5 	506.6 	509.2 	604.7 	579.1 
A,NAC,D1_D4_MD5,S,PL	27 	23.4 	33.1 	36 	40.1 	41.1 	47.5 	52.9 
A,NAC,D1_D4_MD5,S,PT	12.7 	12.2 	13.2 	12.6 	13.4 	13.2 	14.2 	15 
A,NAC,D1_D4_MD5,S,RO	8.7 	10.9 	16.7 	27.3 	28.6 	34.3 	37.1 	44.1 
A,NAC,D1_D4_MD5,S,RS	: 	589.6 	539.5 	688 	753.1 	868.4 	974.1 	1103.6 
A,NAC,D1_D4_MD5,S,SE	273.2 	294.9 	317.5 	349.4 	363.2 	366.8 	380.7 	389.1 
A,NAC,D1_D4_MD5,S,SI	13.5 	13.1 	15.3 	17.5 	18.1 	18.9 	21.5 	23 
A,NAC,D1_D4_MD5,S,SK	0.2 	6.3 	6.8 	9 	9.5 	10.8 	11.9 	12.7 
A,NAC,D1_D4_MD5,S,TR	: 	13.6 	20.8 	32.6 	: 	: 	: 	: 
A,NAC,D1_D4_MD5,S,UK	18 	20.3 	21.4 	: 	: 	: 	: 	: 
A,NAC,D2-D4_MD5_RAT,B,AL	: 	16.2 	15.7 	: 	: 	: 	: 	: 
A,NAC,D2-D4_MD5_RAT,B,AT	28 	28.6 	28.5 	30.4 	30 	28.7 	28.7 p	29 
A,NAC,D2-D4_MD5_RAT,B,BA	: 	10.3 	10.2 	: 	: 	: 	: 	: 
A,NAC,D2-D4_MD5_RAT,B,BE	: 	34.1 	27.6 	26.2 	26.2 	26.2 	26.1 	26.1 
A,NAC,D2-D4_MD5_RAT,B,BG	26.7 	23.8 	23.7 	15.6 	14.9 	14.8 	14.8 	15 
A,NAC,D2-D4_MD5_RAT,B,CH	: 	20.4 	20.4 	: 	: 	: 	: 	: 
A,NAC,D2-D4_MD5_RAT,B,CY	14.6 	15.9 	16.9 	19 	20.4 	20.4 	20.4 	20.9 
A,NAC,D2-D4_MD5_RAT,B,CZ	28.7 	29.3 	29.4 	29.9 	32.9 	28.4 	28.7 	28.7 
A,NAC,D2-D4_MD5_RAT,B,DE	30.1 	33.9 	28.2 	24.3 	24 	25.8 	25.4 	25.3 
A,NAC,D2-D4_MD5_RAT,B,DK	13 	12.5 	12.5 	11.1 	: @C	: @C	: @C	: @C
A,NAC,D2-D4_MD5_RAT,B,EA19	29.4 	29.7 	27.8 	26 	25.5 	26.4 	26.5 	26.4 
A,NAC,D2-D4_MD5_RAT,B,EA20	29.2 	29.6 	27.8 	25.9 d	25.4 	26.3 	26.4 	26.2 
A,NAC,D2-D4_MD5_RAT,B,EE	26.7 	: 	26.7 	28.1 	27.9 	28.5 	28.1 	27.6 
A,NAC,D2-D4_MD5_RAT,B,EL	23.5 	26.6 	27.4 	23.5 	22.6 	22.6 	21.7 	21.4 
A,NAC,D2-D4_MD5_RAT,B,ES	28.4 	25.9 	27.2 	28.8 	27.1 	26.7 	30.1 	29.3 
A,NAC,D2-D4_MD5_RAT,B,FI	22 	20.2 	19.6 	15 	20.9 p	19.8 p	18.6 p	17.4 p
A,NAC,D2-D4_MD5_RAT,B,FR	33.8 	34 	34.7 	31.7 	31.5 	31.3 	31 	31.4 
A,NAC,D2-D4_MD5_RAT,B,HR	15.8 	20.7 	22.5 	15.5 	15.2 	15.6 	15.6 	15.2 
A,NAC,D2-D4_MD5_RAT,B,HU	29 	25.7 	24.7 	17.1 	16 	13.8 	13.4 	13.2 
A,NAC,D2-D4_MD5_RAT,B,IE	17.4 	16.3 	21.7 	15.1 	15 	16 	16.2 	15.7 
A,NAC,D2-D4_MD5_RAT,B,IS	: @C	: @C	: @C	: @C	: @C	: @C	: @C	: @C
A,NAC,D2-D4_MD5_RAT,B,IT	34 	30.9 	29.1 	28.1 	27.4 	27.8 	28.2 	28.3 
A,NAC,D2-D4_MD5_RAT,B,LT	27 	26.3 	27.2 	4.7 	4.9 	4 	4.2 	3.9 
A,NAC,D2-D4_MD5_RAT,B,LU	: 	11.8 	12.3 	12.4 	12.4 	12 	12.5 	12.3 
A,NAC,D2-D4_MD5_RAT,B,LV	21.1 	20.1 	20 	21.1 	20.9 	21 	20.8 	20.6 
A,NAC,D2-D4_MD5_RAT,B,ME	: 	20.7 	12.8 	: 	: 	: 	: 	: 
A,NAC,D2-D4_MD5_RAT,B,MK	: 	5.3 	5.1 	: 	: 	: 	: 	: 
A,NAC,D2-D4_MD5_RAT,B,MT	: 	: 	8.8 	8.3 	9 	9.2 	8.9 	9 
A,NAC,D2-D4_MD5_RAT,B,NL	20.9 	19.4 	24.6 	24.7 	24.3 	30.4 	29.2 	: @C
A,NAC,D2-D4_MD5_RAT,B,NO	: 	20.4 	21 	22.3 	22.1 	23 	28.5 	28.2 
A,NAC,D2-D4_MD5_RAT,B,PL	22.4 	24.2 	24.2 	22 	22 	22 	22 	22 
A,NAC,D2-D4_MD5_RAT,B,PT	20.4 	19.9 	21.3 	22.7 	22.2 	21.9 	21.9 	21.9 
A,NAC,D2-D4_MD5_RAT,B,RO	33.9 	26.4 	23.9 	10.3 	11.1 	7.6 	7.4 	7.4 
A,NAC,D2-D4_MD5_RAT,B,RS	: 	9.4 	9.1 	10.4 	10.7 	11 	10.9 	10.9 
A,NAC,D2-D4_MD5_RAT,B,SE	32.6 	33.8 	36.4 	34.1 	34.6 	35.2 	34.6 	34.8 
A,NAC,D2-D4_MD5_RAT,B,SI	22.7 	21 	21.5 	15.9 	16.8 	17.3 	16.9 	16.8 
A,NAC,D2-D4_MD5_RAT,B,SK	27.1 	27.6 	27 	27.3 	26 	28.7 	28.3 	30.2 
A,NAC,D2-D4_MD5_RAT,B,TR	: 	20.7 	18.6 	16.5 	16.6 	16.4 	18.2 	18.2 
A,NAC,D2-D4_MD5_RAT,B,UK	18.2 	20.7 	19.8 	: 	: 	: 	: 	: 
A,NAC,D2-D4_MD5_RAT,B-E,AL	: 	17.0 	16.2 	: 	: 	: 	: 	: 
A,NAC,D2-D4_MD5_RAT,B-E,AT	26.5 	26.7 	26.3 	26.4 	26.6 	26.2 	26.5 p	26.7 
A,NAC,D2-D4_MD5_RAT,B-E,BA	: 	8.7 	8.4 	: 	: 	: 	: 	: 
A,NAC,D2-D4_MD5_RAT,B-E,BE	34.2 	32.2 	28.1 	26.1 	26.1 	26.1 	25.9 	25.9 
A,NAC,D2-D4_MD5_RAT,B-E,BG	20.4 	17.9 	17.3 	14.4 	14 	13.9 	13.6 	13.6 
A,NAC,D2-D4_MD5_RAT,B-E,CH	: 	20.5 	19.6 	: 	: 	: 	: 	: 
A,NAC,D2-D4_MD5_RAT,B-E,CY	17.3 	18 	15.8 	17.9 	18.7 	18.8 	18.8 	19.1 
A,NAC,D2-D4_MD5_RAT,B-E,CZ	27.3 	27.4 	27.4 	27.5 	28.4 	28.6 	28.6 	28.6 
A,NAC,D2-D4_MD5_RAT,B-E,DE	22.2 	22.3 	21.9 	22.5 	22.6 	23.8 	23.5 	23.3 
A,NAC,D2-D4_MD5_RAT,B-E,DK	12.6 	12.9 	12.9 	12.1 	12.8 	13.1 	13.1 	13.1 
A,NAC,D2-D4_MD5_RAT,B-E,EA19	26.3 	26.1 	25.1 	25.1 	25.1 	25.7 	25.5 	25.5 
A,NAC,D2-D4_MD5_RAT,B-E,EA20	26.3 	26 	25.1 	25 	25 	25.6 	25.4 	25.4 
A,NAC,D2-D4_MD5_RAT,B-E,EE	26.9 	26.8 	26.4 	25.6 	25.7 	25.9 	26 	25.8 
A,NAC,D2-D4_MD5_RAT,B-E,EL	23.5 	24.3 	22.5 	22.9 	21.5 	21.6 	21.8 	22.7 
A,NAC,D2-D4_MD5_RAT,B-E,ES	26.9 	26.7 	25.7 	27.1 	27.1 	26.5 	26.9 	27.1 
A,NAC,D2-D4_MD5_RAT,B-E,FI	23.3 	21.5 	21.9 	18.2 	17.6 p	17.8 p	17.9 p	17.3 p
A,NAC,D2-D4_MD5_RAT,B-E,FR	33.2 	34.1 	31.7 	31.8 	31.5 	31.3 	31.1 	31.5 
A,NAC,D2-D4_MD5_RAT,B-E,HR	15.9 	15.9 	16.9 	10.6 	10.5 	10.6 	10.6 	10.6 
A,NAC,D2-D4_MD5_RAT,B-E,HU	29.6 	24.3 	24.8 	17.6 	16.4 	14.1 	13.7 	13.6 
A,NAC,D2-D4_MD5_RAT,B-E,IE	16.8 	17.4 	17.9 	14 	15.1 	16.9 	16.8 	17.4 
A,NAC,D2-D4_MD5_RAT,B-E,IS	16.9 d	19.0 d	18.6 d	19.8 d	19.3 p	19.5 p	19.4 p	19.5 p
A,NAC,D2-D4_MD5_RAT,B-E,IT	29.3 	28.3 	28.3 	29 	28.7 	28.8 	28.8 	28.8 
A,NAC,D2-D4_MD5_RAT,B-E,LT	27.3 	26.4 	27.2 	1.1 	3.6 	3.9 	4.2 	3.9 
A,NAC,D2-D4_MD5_RAT,B-E,LU	13.8 	14.4 	13.8 	14.8 	14.4 	14.3 	14.4 	14.3 
A,NAC,D2-D4_MD5_RAT,B-E,LV	21.9 	21.5 	21.8 	22 	21.7 	21.8 	21.6 	21.6 
A,NAC,D2-D4_MD5_RAT,B-E,ME	: 	23.9 	12.3 	: 	: 	: 	: 	: 
A,NAC,D2-D4_MD5_RAT,B-E,MK	: 	5.7 	1.7 	: 	: 	: 	: 	: 
A,NAC,D2-D4_MD5_RAT,B-E,MT	9.7 	9 	7.9 	0.5 	0.9 	5.5 	7.4 	7.9 
A,NAC,D2-D4_MD5_RAT,B-E,NL	23.3 	24 	22.4 	20.9 	21.6 	23.3 	23.4 	23.7 
A,NAC,D2-D4_MD5_RAT,B-E,NO	: 	19.1 	19.6 	19.6 	19.6 	19.9 	23 	22.7 
A,NAC,D2-D4_MD5_RAT,B-E,PL	19 	19.8 	19.6 	19 	19 	19 	19 	19 
A,NAC,D2-D4_MD5_RAT,B-E,PT	20.5 	20.4 	20.4 	18.3 	18.9 	18.9 	19 	19 
A,NAC,D2-D4_MD5_RAT,B-E,RO	24.3 	23.3 	20.4 	6.5 	6.3 	6 	5.6 	5.6 
A,NAC,D2-D4_MD5_RAT,B-E,RS	: 	15.7 	17.2 	12.2 	16.1 	17.7 	17.5 	17.5 
A,NAC,D2-D4_MD5_RAT,B-E,SE	34 	32.5 	33.2 	31.9 	32.8 	33 	32.2 	32.4 
A,NAC,D2-D4_MD5_RAT,B-E,SI	17.3 	16.6 	16.5 	14.2 	15.2 	15.4 	15.2 	15.1 
A,NAC,D2-D4_MD5_RAT,B-E,SK	26.9 	26.5 	26.7 	24.9 	25.4 	28.5 	27.7 	28.8 
A,NAC,D2-D4_MD5_RAT,B-E,TR	: 	17.7 	18 	14.1 	14.6 	14.9 	18.2 	16.5 
A,NAC,D2-D4_MD5_RAT,B-E,UK	: 	: 	17 	: 	: 	: 	: 	: 
A,NAC,D2-D4_MD5_RAT,B-F,MT	9.7 	9.1 	8.1 	6.8 	7.5 	7.7 	7.5 	: 
A,NAC,D2-D4_MD5_RAT,B-N,AL	: 	19.4 	16.3 	: 	: 	: 	: 	: 
A,NAC,D2-D4_MD5_RAT,B-N,AT	26.3 	26.5 	26.8 	26.6 	26.9 	26.9 	27.1 p	27.3 
A,NAC,D2-D4_MD5_RAT,B-N,BA	: 	8.5 	8.5 	: 	: 	: 	: 	: 
A,NAC,D2-D4_MD5_RAT,B-N,BE	31.9 	30.8 	27.9 	26.5 	26.5 	26.5 	26.3 	26.3 
A,NAC,D2-D4_MD5_RAT,B-N,BG	18.3 	15.4 	15.6 	13 	12.7 	12.6 	12.3 	12.3 
A,NAC,D2-D4_MD5_RAT,B-N,CH	: 	20.8 	19.8 	: 	: 	: 	: 	: 
A,NAC,D2-D4_MD5_RAT,B-N,CY	16.5 	16.8 	15.1 	16.8 	17 	17.4 	17.4 	17.8 
A,NAC,D2-D4_MD5_RAT,B-N,CZ	27 	26.9 	27.1 	26.9 	24.1 	24 	24 	24 
A,NAC,D2-D4_MD5_RAT,B-N,DE	21.5 	21.7 	21.3 	21.6 	21.6 	22.6 	22.6 	22.4 
A,NAC,D2-D4_MD5_RAT,B-N,DK	12.7 	13.4 	13.3 	12.5 	12.4 	12.7 	12.7 	12.8 
A,NAC,D2-D4_MD5_RAT,B-N,EA19	26.1 	26.1 	25.1 	24.6 	24.5 	25 	25.1 	25.1 
A,NAC,D2-D4_MD5_RAT,B-N,EA20	26.1 	26.1 	25.1 	24.5 	24.4 	25 	25 	25 
A,NAC,D2-D4_MD5_RAT,B-N,EE	26.6 	26.8 	26.4 	25.5 	25.6 	25.8 	25.9 	25.8 
A,NAC,D2-D4_MD5_RAT,B-N,EL	23.3 	24.2 	23.1 	21.4 	21.1 	21.1 	21.3 	21.9 
A,NAC,D2-D4_MD5_RAT,B-N,ES	26.7 	26.6 	26 	26.8 	26.4 	26 	26.4 	26.5 
A,NAC,D2-D4_MD5_RAT,B-N,FI	22.4 	21.3 	21.8 	18.4 	17.5 p	17.7 p	17.8 p	17.2 p
A,NAC,D2-D4_MD5_RAT,B-N,FR	32.7 	33.6 	31.4 	30.5 	30.3 	30.3 	30.1 	30.5 
A,NAC,D2-D4_MD5_RAT,B-N,HR	15.7 	15.4 	15.8 	11.1 	11.1 	11.1 	11.1 	11.1 
A,NAC,D2-D4_MD5_RAT,B-N,HU	29.5 	24.3 	25.5 	17.5 	16.3 	14 	13.7 	13.6 
A,NAC,D2-D4_MD5_RAT,B-N,IE	15.8 	15.5 	15.3 	10.7 	10.3 	17.2 	18.8 	19 
A,NAC,D2-D4_MD5_RAT,B-N,IS	17.2 d	20.0 d	18.2 p	19.7 p	19.5 p	19.7 p	19.7 p	19.8 p
A,NAC,D2-D4_MD5_RAT,B-N,IT	28.8 	27.9 	28 	28.4 	28.1 	28.1 	28.3 	28.3 
A,NAC,D2-D4_MD5_RAT,B-N,LT	28.9 	29.1 	29.5 	4.2 	6.4 	6.1 	6.2 	6.3 
A,NAC,D2-D4_MD5_RAT,B-N,LU	14.1 	14 	13.2 	13.6 	13.2 	13 	13.1 	13.1 
A,NAC,D2-D4_MD5_RAT,B-N,LV	21.2 	21.1 	21.2 	21.5 	20.7 	21.3 	21.1 	21.1 
A,NAC,D2-D4_MD5_RAT,B-N,ME	: 	: 	12.5 	: 	: 	: 	: 	: 
A,NAC,D2-D4_MD5_RAT,B-N,MK	: 	5.8 	1.5 	: 	: 	: 	: 	: 
A,NAC,D2-D4_MD5_RAT,B-N,MT	9 	8.2 	7.8 	-3.5 	-1.1 	4.2 	6.4 	6.5 
A,NAC,D2-D4_MD5_RAT,B-N,NL	22.6 	23.4 	22.7 	20.3 	21 	23.1 	23.2 	23.5 
A,NAC,D2-D4_MD5_RAT,B-N,NO	: 	17.9 	18.3 	17.8 	17.8 	17.8 	20 	19.9 
A,NAC,D2-D4_MD5_RAT,B-N,PL	17.5 	18.1 	18.2 	17.9 	17.9 	17.9 	17.9 	17.9 
A,NAC,D2-D4_MD5_RAT,B-N,PT	20.2 	20.9 	20.8 	18.6 	19.1 	19.3 	19.5 	19.5 
A,NAC,D2-D4_MD5_RAT,B-N,RO	23.4 	22.9 	19.8 	5.5 	5.4 	5.2 	4.9 	4.9 
A,NAC,D2-D4_MD5_RAT,B-N,RS	: 	15.6 	14.9 	11.8 	15.8 	17.3 	17.4 	17.5 
A,NAC,D2-D4_MD5_RAT,B-N,SE	33.2 	32 	32.3 	31.1 	32.2 	32.3 	31.5 	31.8 
A,NAC,D2-D4_MD5_RAT,B-N,SI	16.8 	15.6 	15.8 	13.4 	14.3 	14.4 	14.2 	14.1 
A,NAC,D2-D4_MD5_RAT,B-N,SK	25.7 	25.7 	26.1 	25.2 	25 	27.9 	27.4 	28.5 
A,NAC,D2-D4_MD5_RAT,B-N,TR	: 	16.5 	17.4 	14.1 	: 	: 	: 	: 
A,NAC,D2-D4_MD5_RAT,B-N,UK	14.5 d	15.7 	16.1 	: 	: 	: 	: 	: 
A,NAC,D2-D4_MD5_RAT,B-S,MT	: 	: 	6.1 d	6.8 	7.0 	6.9 	6.7 	: 
A,NAC,D2-D4_MD5_RAT,B-S_X_O,AL	: 	18.0 	16.0 	: 	: 	: 	: 	: 
A,NAC,D2-D4_MD5_RAT,B-S_X_O,AT	25.9 	26.3 	26.6 	26.4 	26.8 	26.9 	27.0 p	27.2 
A,NAC,D2-D4_MD5_RAT,B-S_X_O,BA	: 	8.3 	8.4 	: 	: 	: 	: 	: 
A,NAC,D2-D4_MD5_RAT,B-S_X_O,BE	27.3 	27.8 	24.2 	23.1 	23.1 	23.1 	23 	23 
A,NAC,D2-D4_MD5_RAT,B-S_X_O,BG	18.4 	15.7 	15.8 	14 	13.6 	13.6 	13.3 	13.3 
A,NAC,D2-D4_MD5_RAT,B-S_X_O,CH	: 	21.0 	20.2 	: 	: 	: 	: 	: 
A,NAC,D2-D4_MD5_RAT,B-S_X_O,CY	15.7 	16.6 	17.6 	18.9 	18.9 	19.2 	19.1 	19.4 
A,NAC,D2-D4_MD5_RAT,B-S_X_O,CZ	26.8 	26.8 	26.9 	26.6 	24.4 	24.5 	24.5 	24.5 
A,NAC,D2-D4_MD5_RAT,B-S_X_O,DE	22 	22.2 	22.1 	22.4 	22.4 	23.5 	23.5 	23.3 
A,NAC,D2-D4_MD5_RAT,B-S_X_O,DK	12.2 	13.1 	13.1 	12.7 	12.6 	12.9 	12.9 	12.9 
A,NAC,D2-D4_MD5_RAT,B-S_X_O,EA19	25.8 d	26.4 	25.6 	25 	25 	25.6 	25.6 	25.6 
A,NAC,D2-D4_MD5_RAT,B-S_X_O,EA20	25.8 d	26.3 	25.5 	25 	24.9 	25.5 	25.5 	25.5 
A,NAC,D2-D4_MD5_RAT,B-S_X_O,EE	26.5 	26.6 	26.2 	25.4 	25.5 	25.7 	25.7 	25.6 
A,NAC,D2-D4_MD5_RAT,B-S_X_O,EL	19.6 	22 	20.4 	20.2 	19.9 	19.7 	19.8 	20.4 
A,NAC,D2-D4_MD5_RAT,B-S_X_O,ES	26.1 	25.9 	25.3 	26.3 	26 	25.6 	26 	26.1 
A,NAC,D2-D4_MD5_RAT,B-S_X_O,FI	22.8 	22.2 	22.6 	19.2 	17.6 p	17.7 p	17.8 p	17.2 p
A,NAC,D2-D4_MD5_RAT,B-S_X_O,FR	33.1 d	34.6 	32.9 	32.1 	31.9 	31.9 	31.9 	32.2 
A,NAC,D2-D4_MD5_RAT,B-S_X_O,HR	15.4 	14.9 	15.3 	11.7 	11.7 	11.7 	11.7 	11.7 
A,NAC,D2-D4_MD5_RAT,B-S_X_O,HU	29.5 	24.7 	25.4 	17.7 	16.4 	14.2 	13.9 	13.7 
A,NAC,D2-D4_MD5_RAT,B-S_X_O,IE	14.1 	13.6 	15.6 	12.1 	11.4 	18.5 	20 	20.3 
A,NAC,D2-D4_MD5_RAT,B-S_X_O,IS	18.2 d	20.7 d	20.3 d	21.2 d	20.4 p	20.6 p	20.6 p	20.7 p
A,NAC,D2-D4_MD5_RAT,B-S_X_O,IT	27.8 	28 	27.9 	28.1 	27.9 	27.8 	27.9 	27.9 
A,NAC,D2-D4_MD5_RAT,B-S_X_O,LT	27.9 	28 	28.6 	3.7 	5.5 	5.4 	5.4 	5.4 
A,NAC,D2-D4_MD5_RAT,B-S_X_O,LU	14 	13.7 	12.6 	12.7 	12.4 	12.3 	12.4 	12.4 
A,NAC,D2-D4_MD5_RAT,B-S_X_O,LV	21.1 	20.7 	20.9 	21.3 	20.5 	21.1 	20.9 	21 
A,NAC,D2-D4_MD5_RAT,B-S_X_O,ME	: 	20.1 	12.1 	: 	: 	: 	: 	: 
A,NAC,D2-D4_MD5_RAT,B-S_X_O,MK	: 	5.2 	1.5 	: 	: 	: 	: 	: 
A,NAC,D2-D4_MD5_RAT,B-S_X_O,MT	8.1 	6.9 	6.1 	-1.5 	0.4 	4.2 	5.8 	5.8 
A,NAC,D2-D4_MD5_RAT,B-S_X_O,NL	23.1 	23.8 	23.4 	21.3 	22.2 	24.4 	24.3 	24.5 
A,NAC,D2-D4_MD5_RAT,B-S_X_O,NO	: 	18.1 	18.9 	18.3 	18.3 	18.3 	20.1 	20.1 
A,NAC,D2-D4_MD5_RAT,B-S_X_O,PL	17.7 	18.3 	18.4 	18 	18 	18 	18.1 	18 
A,NAC,D2-D4_MD5_RAT,B-S_X_O,PT	19 	19.7 	20.2 	18.6 	19 	19.2 	19.4 	19.4 
A,NAC,D2-D4_MD5_RAT,B-S_X_O,RO	23.1 	22.7 	19.6 	5.4 	5.3 	5 	4.8 	4.8 
A,NAC,D2-D4_MD5_RAT,B-S_X_O,RS	: 	15.5 	15 	12.5 	15.8 	17 	17.1 	17.2 
A,NAC,D2-D4_MD5_RAT,B-S_X_O,SE	32.9 	31.8 	31.9 	31 	31.9 	31.9 	31.8 	31.6 
A,NAC,D2-D4_MD5_RAT,B-S_X_O,SI	16.8 	15.7 	15.7 	13.5 	14.2 	14.3 	14.1 	14.1 
A,NAC,D2-D4_MD5_RAT,B-S_X_O,SK	25.6 	25.8 	26.2 	25.4 	25.2 	27.6 	27.2 	28.2 
A,NAC,D2-D4_MD5_RAT,B-S_X_O,TR	: 	16.2 	17.1 	12.8 	: 	: 	: 	: 
A,NAC,D2-D4_MD5_RAT,B-S_X_O,UK	15.2 d	16.4 	17.2 	: 	: 	: 	: 	: 
A,NAC,D2-D4_MD5_RAT,C,AL	: 	17.2 	16.7 	: 	: 	: 	: 	: 
A,NAC,D2-D4_MD5_RAT,C,AT	26.3 	26.6 	26.3 	26.3 	26.4 	26.1 	26.4 p	26.6 
A,NAC,D2-D4_MD5_RAT,C,BA	: 	8.2 	7.5 	: 	: 	: 	: 	: 
A,NAC,D2-D4_MD5_RAT,C,BE	34.5 	31.4 	27.9 	26.2 	26.2 	26.2 	26.1 	26.1 
A,NAC,D2-D4_MD5_RAT,C,BG	19.2 	16.8 	16.3 	12.9 	12.8 	12.7 	12.4 	12.3 
A,NAC,D2-D4_MD5_RAT,C,CH	: 	20.5 	19.6 	: 	: 	: 	: 	: 
A,NAC,D2-D4_MD5_RAT,C,CY	11.9 	13.7 	13.4 	14.5 	15.3 	15.5 	15.5 	15.8 
A,NAC,D2-D4_MD5_RAT,C,CZ	27.3 	27.3 	27.3 	27.4 	28.3 	28.7 	28.7 	28.7 
A,NAC,D2-D4_MD5_RAT,C,DE	21.9 	21.9 	21.6 	22.4 	22.4 	23.7 	23.3 	23.2 
A,NAC,D2-D4_MD5_RAT,C,DK	12.6 	12.8 	12.8 	12 	12.8 	13.1 	13.1 	13.1 
A,NAC,D2-D4_MD5_RAT,C,EA19	26.1 	25.8 d	24.9 	24.9 	24.9 	25.5 	25.4 	25.4 
A,NAC,D2-D4_MD5_RAT,C,EA20	26.1 	25.7 d	24.9 	24.9 	24.8 	25.4 	25.3 	25.3 
A,NAC,D2-D4_MD5_RAT,C,EE	26.7 	26.8 	26.4 	25.5 	25.7 	25.9 	26 	25.7 
A,NAC,D2-D4_MD5_RAT,C,EL	23.4 	24.2 	22.5 	22.7 	21.6 	21.8 	22 	22.6 
A,NAC,D2-D4_MD5_RAT,C,ES	26.5 	26.7 	25.5 	27.1 	27.2 	26.5 	26.9 	27.1 
A,NAC,D2-D4_MD5_RAT,C,FI	23.2 	21.4 	21.8 	18.2 	17.6 p	17.8 p	18.0 p	17.3 p
A,NAC,D2-D4_MD5_RAT,C,FR	33.1 	33.9 	32.2 	32 	31.6 	31.4 	31.3 	31.6 
A,NAC,D2-D4_MD5_RAT,C,HR	16 	15.5 	16.7 	10.1 	10.1 	10.2 	10.1 	10.1 
A,NAC,D2-D4_MD5_RAT,C,HU	29.2 	23.8 	24.3 	17.3 	16.1 	13.8 	13.5 	13.4 
A,NAC,D2-D4_MD5_RAT,C,IE	16.6 	17.6 	18 	14 	15.2 	17 	17 	17.6 
A,NAC,D2-D4_MD5_RAT,C,IS	16.8 	18.9 	18.3 	19.9 	19.2 p	19.4 p	19.3 p	19.4 p
A,NAC,D2-D4_MD5_RAT,C,IT	29.5 	28.3 	28.2 	29 	28.7 	28.8 	28.7 	28.8 
A,NAC,D2-D4_MD5_RAT,C,LT	27.4 	26.5 	27.1 	0.6 	: @C	: @C	: @C	: @C
A,NAC,D2-D4_MD5_RAT,C,LU	13.5 	14.5 	13.5 	14.7 	14.3 	14.1 	14.2 	14.1 
A,NAC,D2-D4_MD5_RAT,C,LV	21.5 	20.9 	21.1 	21.5 	21.1 	21.3 	21.2 	21.1 
A,NAC,D2-D4_MD5_RAT,C,ME	: 	27.3 	13.4 	: 	: 	: 	: 	: 
A,NAC,D2-D4_MD5_RAT,C,MK	: 	4.7 	1.5 	: 	: 	: 	: 	: 
A,NAC,D2-D4_MD5_RAT,C,MT	9.8 	: 	8 	0 	0.2 	5.4 	7.6 	8.2 
A,NAC,D2-D4_MD5_RAT,C,NL	23.2 	23.9 	22.3 	20.4 	21.2 	22.9 	23.1 	: @C
A,NAC,D2-D4_MD5_RAT,C,NO	: 	17.9 	18.2 	17.8 	17.8 	18 	19.9 	19.5 
A,NAC,D2-D4_MD5_RAT,C,PL	18 	18.5 	18.7 	18.1 	18.1 	18.1 	18.1 	18.1 
A,NAC,D2-D4_MD5_RAT,C,PT	20.4 	20.4 	20.2 	17.9 	18.6 	18.6 	18.7 	18.7 
A,NAC,D2-D4_MD5_RAT,C,RO	22.8 	22.9 	19.9 	6.1 	5.8 	5.7 	5.3 	5.3 
A,NAC,D2-D4_MD5_RAT,C,RS	: 	16.6 	17.2 	11.6 	17.3 	19.5 	19.4 	19.4 
A,NAC,D2-D4_MD5_RAT,C,SE	33.8 	32.2 	32.9 	31.6 	32.5 	32.7 	32 	32.2 
A,NAC,D2-D4_MD5_RAT,C,SI	17 	16.3 	16.2 	13.9 	14.9 	15.1 	14.8 	14.8 
A,NAC,D2-D4_MD5_RAT,C,SK	26.7 	26.2 	26.6 	24.5 	25.1 	28.4 	27.7 	28.7 
A,NAC,D2-D4_MD5_RAT,C,TR	: 	17.5 	17.9 	13.9 	14.5 	14.8 	18.5 	16.7 
A,NAC,D2-D4_MD5_RAT,C,UK	15.2 	15.8 	16.4 	: 	: 	: 	: 	: 
A,NAC,D2-D4_MD5_RAT,D,AL	: 	17.7 	14.2 	: 	: 	: 	: 	: 
A,NAC,D2-D4_MD5_RAT,D,AT	27.8 	28.3 	27.5 	27.2 	27.8 	27.5 	27.4 p	27.4 
A,NAC,D2-D4_MD5_RAT,D,BA	: 	9.1 	9.3 	: 	: 	: 	: 	: 
A,NAC,D2-D4_MD5_RAT,D,BE	: 	43.6 	33.7 	25.7 	25.8 	25.8 	25.6 	25.6 
A,NAC,D2-D4_MD5_RAT,D,BG	23.4 	19.4 	21.1 	21.7 	19.9 	20.2 	19 	20.1 
A,NAC,D2-D4_MD5_RAT,D,CH	: 	20.2 	19.8 	: 	: 	: 	: 	: 
A,NAC,D2-D4_MD5_RAT,D,CY	40.7 	33.8 	34.2 	40.5 	39.5 	38.3 	38.3 	38.5 
A,NAC,D2-D4_MD5_RAT,D,CZ	28.3 	26.7 	27.8 	28.6 	28.7 	28.7 	27.9 	27.9 
A,NAC,D2-D4_MD5_RAT,D,DE	25.6 	25.4 	26.2 	24.5 	24.6 	25.9 	24.7 	24.1 
A,NAC,D2-D4_MD5_RAT,D,DK	14.7 	14.8 	13.8 	13.9 	13.7 	13.3 	12.7 	12.1 
A,NAC,D2-D4_MD5_RAT,D,EA19	28.2 	29.1 d	26.7 d	26 	26 	26.5 	26 	25.9 
A,NAC,D2-D4_MD5_RAT,D,EA20	28.1 	29.1 d	26.6 d	26.0 d	26 	26.4 	26 	25.9 
A,NAC,D2-D4_MD5_RAT,D,EE	27.7 	27.2 	27.1 	26.7 	26.3 	26.2 	26.7 	26.9 
A,NAC,D2-D4_MD5_RAT,D,EL	24.5 	25.7 	23 	25.5 	21.8 	20.9 	21.6 	21.8 
A,NAC,D2-D4_MD5_RAT,D,ES	33.4 	26.6 	26.9 	23.9 	23.2 	23.1 	23.9 	24.4 
A,NAC,D2-D4_MD5_RAT,D,FI	24.1 	22 	22.1 	18.1 	17.3 p	17.3 p	17.4 p	16.5 p
A,NAC,D2-D4_MD5_RAT,D,FR	33.3 	35.1 	27.4 	29.6 	29.4 	29.1 	29 	29.4 
A,NAC,D2-D4_MD5_RAT,D,HR	15.8 	20 	17.8 	12.8 	12.8 	12.9 	13 	13.1 
A,NAC,D2-D4_MD5_RAT,D,HU	34 	28.8 	30.7 	22.5 	20.6 	17.6 	16.8 	16.7 
A,NAC,D2-D4_MD5_RAT,D,IE	: 	16.4 	16.1 	16.3 	16.6 	16.5 	16.2 	16.7 
A,NAC,D2-D4_MD5_RAT,D,IS	18.4 	19.9 	20.3 	20 	19.8 p	20.0 p	20.1 p	20.5 p
A,NAC,D2-D4_MD5_RAT,D,IT	29 	29.2 	29.3 	29.4 	29.2 	29.5 	29.4 	29.2 
A,NAC,D2-D4_MD5_RAT,D,LT	28 	26.6 	27.7 	4.6 	4.8 	5.1 	5.2 	5.1 
A,NAC,D2-D4_MD5_RAT,D,LU	: 	14.4 	15.7 	15.4 	15.3 	15.4 	15.4 	15.5 
A,NAC,D2-D4_MD5_RAT,D,LV	24.2 	24.8 	26.4 	25.3 	25.6 	25.2 	24.2 	24.9 
A,NAC,D2-D4_MD5_RAT,D,ME	: 	20.8 	10.4 	: 	: 	: 	: 	: 
A,NAC,D2-D4_MD5_RAT,D,MK	: 	12.4 	1.8 	: 	: 	: 	: 	: 
A,NAC,D2-D4_MD5_RAT,D,MT	: 	: 	3.4 	2.1 	3.5 	3.7 	3 	2.7 
A,NAC,D2-D4_MD5_RAT,D,NL	24.1 	26 	21.6 	23.3 	23.6 	24.5 	25.9 	: @C
A,NAC,D2-D4_MD5_RAT,D,NO	: 	21.5 	25.9 	22.8 	23.5 	22.5 	27 	26.5 
A,NAC,D2-D4_MD5_RAT,D,PL	23.3 	23.4 	22.8 	24.2 	24.2 	24.2 	24.2 	24.2 
A,NAC,D2-D4_MD5_RAT,D,PT	: 	22.6 	22.6 	21.9 	22 	22.1 	21.9 	22.1 
A,NAC,D2-D4_MD5_RAT,D,RO	24.5 	24.1 	22.6 	8.4 	8.5 	8.3 	7.9 	7.9 
A,NAC,D2-D4_MD5_RAT,D,RS	: 	15.4 	23.6 	15.9 	16 	15.6 	15.3 	15.5 
A,NAC,D2-D4_MD5_RAT,D,SE	37.6 	37.4 	36.4 	35.5 	36.5 	36.2 	34.8 	35.1 
A,NAC,D2-D4_MD5_RAT,D,SI	19.8 	18.7 	19.3 	17.7 	19.3 	19.5 	19.6 	20 
A,NAC,D2-D4_MD5_RAT,D,SK	30.2 	28.4 	28.5 	28.2 	28.2 	28.9 	28.1 	28.9 
A,NAC,D2-D4_MD5_RAT,D,TR	: 	19.7 	19.4 	15.6 	14.6 	14.4 	16.5 	16.2 
A,NAC,D2-D4_MD5_RAT,D,UK	: 	20.9 	23.6 	: 	: 	: 	: 	: 
A,NAC,D2-D4_MD5_RAT,E,AL	: 	16.1 	16.3 	: 	: 	: 	: 	: 
A,NAC,D2-D4_MD5_RAT,E,AT	28.5 	25.8 	26 	26.8 	27.2 	27.1 	27.3 p	27.5 
A,NAC,D2-D4_MD5_RAT,E,BA	: 	8.0 	8.1 	: 	: 	: 	: 	: 
A,NAC,D2-D4_MD5_RAT,E,BE	26.5 	29.9 	24.4 	24 	24 	24 	23.9 	23.9 
A,NAC,D2-D4_MD5_RAT,E,BG	18.4 	16.5 	17.3 	17.4 	17.3 	17.4 	17.4 	17.4 
A,NAC,D2-D4_MD5_RAT,E,CH	: 	20.1 	20.0 	: 	: 	: 	: 	: 
A,NAC,D2-D4_MD5_RAT,E,CY	19.4 	25.9 	19.3 	24.3 	27.1 	26.9 	26.9 	27.1 
A,NAC,D2-D4_MD5_RAT,E,CZ	26.4 	27.6 	27.2 	26.9 	27.2 	27.5 	27.5 	27.5 
A,NAC,D2-D4_MD5_RAT,E,DE	23.4 	23.8 	24 	24.3 	24.3 	25.4 	25.2 	25 
A,NAC,D2-D4_MD5_RAT,E,DK	11.3 	12.8 	14.4 	14.5 	: @C	: @C	: @C	: @C
A,NAC,D2-D4_MD5_RAT,E,EA19	28.6 d	27.8 	26.5 	27.1 	26.9 	27.3 	27.2 	27.3 
A,NAC,D2-D4_MD5_RAT,E,EA20	28.4 d	27.7 	26.4 	26.9 	26.8 	27.2 	27 	27.1 
A,NAC,D2-D4_MD5_RAT,E,EE	26.4 	: 	26.3 	26 	26.3 	26.3 	26.2 	26.3 
A,NAC,D2-D4_MD5_RAT,E,EL	19.9 	20.7 	21.2 	20.3 	18.9 	19.1 	18.8 	22.2 
A,NAC,D2-D4_MD5_RAT,E,ES	28.1 	27.9 	27.6 	28.5 	28.2 	27.7 	28.2 	28.4 
A,NAC,D2-D4_MD5_RAT,E,FI	26.5 	23.9 	24 	20.3 	17.5 p	17.8 p	17.7 p	16.9 p
A,NAC,D2-D4_MD5_RAT,E,FR	34.1 	34.6 	30.8 	32.5 	32.4 	32.3 	32.1 	32.4 
A,NAC,D2-D4_MD5_RAT,E,HR	15.7 	14.1 	16.7 	13 	13 	13.1 	13.1 	13 
A,NAC,D2-D4_MD5_RAT,E,HU	31.2 	26.5 	26.5 	18.5 	17.4 	15.3 	14.8 	14.2 
A,NAC,D2-D4_MD5_RAT,E,IE	: 	11.6 	12.8 	9 	9.8 	14.5 	14.6 	15.5 
A,NAC,D2-D4_MD5_RAT,E,IS	16.4 	18.8 	19.2 	19.1 	20.0 p	20.1 p	20.0 p	19.9 p
A,NAC,D2-D4_MD5_RAT,E,IT	29.8 	27 	28.2 	29.2 	28.8 	28.9 	28.9 	29 
A,NAC,D2-D4_MD5_RAT,E,LT	25.7 	25.2 	26.9 	3.4 	4.6 	4.9 	4.5 	4.9 
A,NAC,D2-D4_MD5_RAT,E,LU	13.8 	13.6 	15 	16.1 	16 	16.2 	16.2 	16.2 
A,NAC,D2-D4_MD5_RAT,E,LV	21.4 	20.6 	20.8 	22 	21.5 	21.8 	21.8 	21.7 
A,NAC,D2-D4_MD5_RAT,E,ME	: 	20.5 	13.2 	: 	: 	: 	: 	: 
A,NAC,D2-D4_MD5_RAT,E,MK	: 	8.1 	1.8 	: 	: 	: 	: 	: 
A,NAC,D2-D4_MD5_RAT,E,MT	9.3 	: 	8 	4.7 	6.9 	7 	6.9 	6.9 
A,NAC,D2-D4_MD5_RAT,E,NL	25.7 	25.2 	24 	24.9 	25.1 	26.5 	25.8 	: @C
A,NAC,D2-D4_MD5_RAT,E,NO	: 	17.7 	18.7 	16.7 	16.5 	16.5 	17.5 	17.3 
A,NAC,D2-D4_MD5_RAT,E,PL	19.2 	19.2 	19.6 	20.3 	20.3 	20.3 	20.3 	20.3 
A,NAC,D2-D4_MD5_RAT,E,PT	20.2 	19.9 	20.8 	21.7 	21.8 	21.8 	22.5 	22.6 
A,NAC,D2-D4_MD5_RAT,E,RO	22.3 	22.6 	19.9 	5.9 	5.8 	5.5 	5.4 	5.4 
A,NAC,D2-D4_MD5_RAT,E,RS	: 	15.7 	15.6 	16.8 	18.1 	18.3 	18.4 	18.5 
A,NAC,D2-D4_MD5_RAT,E,SE	32.7 	31.4 	32.2 	31.6 	32.7 	32.9 	32.4 	32.6 
A,NAC,D2-D4_MD5_RAT,E,SI	16.6 	17.7 	16.6 	14.8 	15.9 	16.1 	15.9 	15.9 
A,NAC,D2-D4_MD5_RAT,E,SK	26.8 	25.9 	25.7 	27.3 	26.6 	27.3 	27.2 	27.3 
A,NAC,D2-D4_MD5_RAT,E,TR	: 	20.2 	18.4 	15.7 	16.2 	16.5 	17.7 	17.3 
A,NAC,D2-D4_MD5_RAT,E,UK	: 	15.7 	17.5 	: 	: 	: 	: 	: 
A,NAC,D2-D4_MD5_RAT,F,AL	: 	19.5 	15.3 	: 	: 	: 	: 	: 
A,NAC,D2-D4_MD5_RAT,F,AT	27.3 	25.7 	29.7 	31.3 	31.7 	31.6 	33.4 p	35.3 
A,NAC,D2-D4_MD5_RAT,F,BA	: 	7.0 	7.9 	: 	: 	: 	: 	: 
A,NAC,D2-D4_MD5_RAT,F,BE	: @C	: @C	: @C	30 	30 	30 	29.8 	29.8 
A,NAC,D2-D4_MD5_RAT,F,BG	18 	15.7 	15.4 	14.2 	13.9 	14 	13.7 	13.1 
A,NAC,D2-D4_MD5_RAT,F,CH	: 	20.5 	19.6 	: 	: 	: 	: 	: 
A,NAC,D2-D4_MD5_RAT,F,CY	13.1 	13.9 	15.1 	16.2 	16.5 	16.5 	16.5 	16.9 
A,NAC,D2-D4_MD5_RAT,F,CZ	26.6 	26.6 	26.9 	26.6 	27.3 	27.5 	27.5 	27.5 
A,NAC,D2-D4_MD5_RAT,F,DE	22 	21.9 	22.1 	22.2 	22.2 	23 	23.2 	23.1 
A,NAC,D2-D4_MD5_RAT,F,DK	11.8 	11.8 	12 	10.5 	11.3 	11.8 	11.8 	11.8 
A,NAC,D2-D4_MD5_RAT,F,EA19	26.8 	26.7 	26.1 	25.3 	25.1 	25.6 	25.6 	25.7 
A,NAC,D2-D4_MD5_RAT,F,EA20	26.7 	26.6 	26 	25.3 	25 	25.5 	25.6 	25.7 
A,NAC,D2-D4_MD5_RAT,F,EE	26.1 	26.7 	26.2 	24.9 	25.1 	25.3 	25.3 	25.1 
A,NAC,D2-D4_MD5_RAT,F,EL	24.5 	25.7 	24.3 	22 	21.2 	22 	23.4 	24.8 
A,NAC,D2-D4_MD5_RAT,F,ES	29 	29.1 	28.1 	28.5 	28.9 	28.1 	29.1 	29.8 
A,NAC,D2-D4_MD5_RAT,F,FI	22.1 	21.7 	22.4 	19 	17.9 p	18.1 p	18.2 p	17.5 p
A,NAC,D2-D4_MD5_RAT,F,FR	30 	30.9 	29.5 	28.5 	27.7 	27.4 	27.1 	27.4 
A,NAC,D2-D4_MD5_RAT,F,HR	14.5 	16.4 	15 	8.8 	8.8 	8.8 	8.8 	8.7 
A,NAC,D2-D4_MD5_RAT,F,HU	27.8 	22 	25.1 	16.3 	15.2 	13.1 	13 	12.8 
A,NAC,D2-D4_MD5_RAT,F,IE	15.5 	11.7 	11.2 	5.3 	2.1 	24.2 	27.7 	25.9 
A,NAC,D2-D4_MD5_RAT,F,IS	15.5 	17.9 	17 	19.4 	19.1 p	19.3 p	19.3 p	19.3 p
A,NAC,D2-D4_MD5_RAT,F,IT	30.2 	29.1 	29.6 	30.7 	30.3 	30.3 	30.4 	30.3 
A,NAC,D2-D4_MD5_RAT,F,LT	28.8 	31.3 	30.2 	3.2 	5.2 	5 	4.8 	5.1 
A,NAC,D2-D4_MD5_RAT,F,LU	14.3 	14.9 	13.1 	13.7 	13.1 	13 	13.1 	13.1 
A,NAC,D2-D4_MD5_RAT,F,LV	21.2 	20.5 	20.6 	21 	20.8 	21.1 	20.8 	20.8 
A,NAC,D2-D4_MD5_RAT,F,ME	: 	18.0 	13.8 	: 	: 	: 	: 	: 
A,NAC,D2-D4_MD5_RAT,F,MK	: 	8.4 	1.1 	: 	: 	: 	: 	: 
A,NAC,D2-D4_MD5_RAT,F,MT	9.5 	9.3 	8.8 	6.3 	7.5 	8.1 	8 	8 
A,NAC,D2-D4_MD5_RAT,F,NL	23.2 	24.1 	24.8 	23.6 	23.8 	24.9 	24.2 	24.2 
A,NAC,D2-D4_MD5_RAT,F,NO	: 	17.2 	16.7 	16.5 	16.4 	16.5 	17.8 	17.6 
A,NAC,D2-D4_MD5_RAT,F,PL	17.3 	17.4 	18.7 	17.3 	17.3 	17.3 	17.3 	17.3 
A,NAC,D2-D4_MD5_RAT,F,PT	21.1 	20.7 	21.8 	22.6 	22.8 	22.8 	24.2 	24.2 
A,NAC,D2-D4_MD5_RAT,F,RO	22.3 	22.7 	19.7 	4.7 	4.7 	4.6 	4.3 	4.3 
A,NAC,D2-D4_MD5_RAT,F,RS	: 	15.9 	16.9 	11.8 	18.2 	20.8 	20.7 	20.7 
A,NAC,D2-D4_MD5_RAT,F,SE	31 	31.2 	31.1 	30.2 	31.7 	32.2 	32 	32.1 
A,NAC,D2-D4_MD5_RAT,F,SI	15.6 	14.9 	15.4 	12.6 	13.4 	13.6 	13.5 	13.3 
A,NAC,D2-D4_MD5_RAT,F,SK	24.4 	25.7 	25.7 	24.3 	22.4 	27.6 	27.5 	29.3 
A,NAC,D2-D4_MD5_RAT,F,TR	: 	17 	17.4 	16.5 	16.7 	17 	18.1 	17.9 
A,NAC,D2-D4_MD5_RAT,F,UK	13.7 	14.5 	15.5 	: 	: 	: 	: 	: 
A,NAC,D2-D4_MD5_RAT,G,AL	: 	23.8 	15.7 	: 	: 	: 	: 	: 
A,NAC,D2-D4_MD5_RAT,G,AT	25.7 	26.3 	26.4 	25.8 	26.7 	26.5 	27.2 p	27.2 
A,NAC,D2-D4_MD5_RAT,G,BA	: 	7.8 	7.7 	: 	: 	: 	: 	: 
A,NAC,D2-D4_MD5_RAT,G,BE	28.7 	31 	27.8 	25.7 	25.7 	25.7 	25.6 	25.6 
A,NAC,D2-D4_MD5_RAT,G,BG	16.3 	14.7 	14.9 	13.3 	13.1 	12.8 	12.5 	12.5 
A,NAC,D2-D4_MD5_RAT,G,CH	: 	20.9 	19.3 	: 	: 	: 	: 	: 
A,NAC,D2-D4_MD5_RAT,G,CY	14 	13.6 	12.5 	14 	14.1 	14.8 	14.8 	15.1 
A,NAC,D2-D4_MD5_RAT,G,CZ	26.6 	26.4 	26.8 	26.6 	26.6 	28.5 	28.4 	28.4 
A,NAC,D2-D4_MD5_RAT,G,DE	19.8 	20 	20.2 	20.6 	20.5 	21.4 	21.7 	21.6 
A,NAC,D2-D4_MD5_RAT,G,DK	11.1 	11.2 	11.2 	10.7 	12.2 	12.9 	13.1 	13.1 
A,NAC,D2-D4_MD5_RAT,G,EA19	25.2 	25 	24.3 	23.8 	23.7 	24.2 	24.3 	24.3 
A,NAC,D2-D4_MD5_RAT,G,EA20	25.1 	25 	24.3 	23.7 	23.6 	24.1 	24.2 	24.2 
A,NAC,D2-D4_MD5_RAT,G,EE	26.4 	26.6 	26.3 	25.4 	25.6 	25.8 	25.9 	25.9 
A,NAC,D2-D4_MD5_RAT,G,EL	21.9 	24.2 	21.9 	21.2 	20.9 	21.3 	20.6 	20.7 
A,NAC,D2-D4_MD5_RAT,G,ES	26.2 	25.9 	25.7 	26.3 	26.4 	25.8 	26.3 	26.1 
A,NAC,D2-D4_MD5_RAT,G,FI	21.9 	21 	21.8 	18.1 	17.4 p	17.6 p	17.8 p	17.1 p
A,NAC,D2-D4_MD5_RAT,G,FR	32 	32.5 	30.2 	29.5 	29.2 	29.1 	28.9 	29.2 
A,NAC,D2-D4_MD5_RAT,G,HR	15.2 	14.3 	14.6 	10.1 	10.1 	10.2 	10.2 	10.1 
A,NAC,D2-D4_MD5_RAT,G,HU	28.4 	22.1 	27.1 	16.5 	15.3 	13.2 	13 	12.9 
A,NAC,D2-D4_MD5_RAT,G,IE	13.9 	12.5 	13.1 	7.6 	: @C	: @C	: @C	: @C
A,NAC,D2-D4_MD5_RAT,G,IS	16.4 	18.5 	18.3 	20.9 	19.5 p	19.7 p	19.7 p	19.8 p
A,NAC,D2-D4_MD5_RAT,G,IT	29.2 	27.1 	27.1 	27.8 	27.4 	27.3 	27.7 	27.7 
A,NAC,D2-D4_MD5_RAT,G,LT	26.2 	25.9 	26.8 	0.7 	: @C	: @C	: @C	: @C
A,NAC,D2-D4_MD5_RAT,G,LU	12.8 	12.7 	12.4 	14.8 	14.3 	14.2 	14.1 	14.2 
A,NAC,D2-D4_MD5_RAT,G,LV	20.7 	20.4 	20.5 	21.1 	20.1 	20.8 	20.5 	20.6 
A,NAC,D2-D4_MD5_RAT,G,ME	: 	21.9 	12.5 	: 	: 	: 	: 	: 
A,NAC,D2-D4_MD5_RAT,G,MK	: 	6.8 	1.3 	: 	: 	: 	: 	: 
A,NAC,D2-D4_MD5_RAT,G,MT	7.5 	8.2 	7.3 	-9.2 	-2.3 	4.8 	6.6 	6.6 
A,NAC,D2-D4_MD5_RAT,G,NL	22.3 	22.2 	22.8 	20.9 	22 	24 	23.8 	: @C
A,NAC,D2-D4_MD5_RAT,G,NO	: 	16.5 	16.7 	16.3 	16.3 	16.2 	17.4 	17.1 
A,NAC,D2-D4_MD5_RAT,G,PL	15.6 	16.4 	17 	16.8 	16.8 	16.8 	16.8 	16.8 
A,NAC,D2-D4_MD5_RAT,G,PT	20.5 	20.6 	20.1 	18.4 	18.9 	19.1 	19.6 	19.5 
A,NAC,D2-D4_MD5_RAT,G,RO	22 	22.1 	19.1 	4.5 	4.6 	4.2 	4 	4 
A,NAC,D2-D4_MD5_RAT,G,RS	: 	15.8 	15 	10.6 	18.1 	20.9 	20.9 	21 
A,NAC,D2-D4_MD5_RAT,G,SE	32 	29.6 	31.1 	29.9 	30.9 	31 	30.5 	30.8 
A,NAC,D2-D4_MD5_RAT,G,SI	15.7 	14.6 	14.7 	12.3 	13.3 	13.4 	13.2 	13.1 
A,NAC,D2-D4_MD5_RAT,G,SK	24.6 	25 	25.7 	25.1 	24 	27.8 	27 	28.5 
A,NAC,D2-D4_MD5_RAT,G,TR	: 	15.8 	17.4 	13.8 	14.4 	14.5 	17.2 	16 
A,NAC,D2-D4_MD5_RAT,G,UK	12.6 	14.2 	14 	: 	: 	: 	: 	: 
A,NAC,D2-D4_MD5_RAT,G-J,MT	8.5 	8.5 	7.5 	6.4 	7.0 	6.8 	6.7 	: 
A,NAC,D2-D4_MD5_RAT,G-N,AL	: 	21.0 	16.6 	: 	: 	: 	: 	: 
A,NAC,D2-D4_MD5_RAT,G-N,AT	25.9 	26.5 	26.6 	25.8 	26.1 	26.3 	26.2 p	26.2 
A,NAC,D2-D4_MD5_RAT,G-N,BA	: 	8.6 	8.7 	: 	: 	: 	: 	: 
A,NAC,D2-D4_MD5_RAT,G-N,BE	30.1 	29.2 	27.4 	26.3 	26.3 	26.3 	26.2 	26.2 
A,NAC,D2-D4_MD5_RAT,G-N,BG	16.6 	13.9 	14.3 	12.2 	11.8 	11.6 	11.4 	11.4 
A,NAC,D2-D4_MD5_RAT,G-N,CH	: 	21.0 	19.9 	: 	: 	: 	: 	: 
A,NAC,D2-D4_MD5_RAT,G-N,CY	17 	17 	14.9 	16.7 	16.7 	17.3 	17.3 	17.7 
A,NAC,D2-D4_MD5_RAT,G-N,CZ	26.6 	26.5 	26.8 	26.4 	19.6 	19.3 	19.5 	19.4 
A,NAC,D2-D4_MD5_RAT,G-N,DE	20.8 	21.2 	20.8 	20.9 	20.8 	21.8 	21.9 	21.7 
A,NAC,D2-D4_MD5_RAT,G-N,DK	12.9 	13.7 	13.6 	12.9 	12.3 	12.7 	12.7 	12.8 
A,NAC,D2-D4_MD5_RAT,G-N,EA19	25.9 	26.1 	25 	24.2 	24.1 	24.7 	24.8 	24.8 
A,NAC,D2-D4_MD5_RAT,G-N,EA20	25.9 	26.1 	25 	24.1 	24 	24.6 	24.7 	24.7 
A,NAC,D2-D4_MD5_RAT,G-N,EE	26.5 	26.8 	26.3 	25.4 	25.4 	25.7 	25.7 	25.7 
A,NAC,D2-D4_MD5_RAT,G-N,EL	23 	24 	23.3 	20.6 	20.7 	20.6 	20.8 	21.3 
A,NAC,D2-D4_MD5_RAT,G-N,ES	26 	26.2 	25.8 	26.5 	25.9 	25.6 	25.9 	26 
A,NAC,D2-D4_MD5_RAT,G-N,FI	22 	21.1 	21.6 	18.3 	17.4 p	17.6 p	17.6 p	17.1 p
A,NAC,D2-D4_MD5_RAT,G-N,FR	32.8 	33.8 	31.4 	30.3 	30.1 	30.3 	30.1 	30.4 
A,NAC,D2-D4_MD5_RAT,G-N,HR	15.8 	14.9 	15.2 	11.8 	11.7 	11.8 	11.8 	11.8 
A,NAC,D2-D4_MD5_RAT,G-N,HU	29.5 	24.5 	26.1 	17.5 	16.2 	14.1 	13.8 	13.6 
A,NAC,D2-D4_MD5_RAT,G-N,IE	15.5 	14.9 	14.6 	10 	9.2 	16.6 	18.6 	18.9 
A,NAC,D2-D4_MD5_RAT,G-N,IS	16.7 p	18.8 p	18.2 p	19.8 p	19.7 p	19.9 p	19.9 p	19.9 p
A,NAC,D2-D4_MD5_RAT,G-N,IT	28.4 	27.5 	27.6 	27.8 	27.5 	27.4 	27.7 	27.7 
A,NAC,D2-D4_MD5_RAT,G-N,LT	29.7 	30.1 	30.5 	5.7 	7.3 	6.7 	6.7 	7 
A,NAC,D2-D4_MD5_RAT,G-N,LU	14.2 	13.8 	13.1 	13.4 	13.1 	12.8 	13 	12.9 
A,NAC,D2-D4_MD5_RAT,G-N,LV	21.1 	21.1 	21.1 	21.5 	20.4 	21.2 	21 	21.1 
A,NAC,D2-D4_MD5_RAT,G-N,ME	: 	18.8 	12.4 	: 	: 	: 	: 	: 
A,NAC,D2-D4_MD5_RAT,G-N,MK	: 	5.4 	1.5 	: 	: 	: 	: 	: 
A,NAC,D2-D4_MD5_RAT,G-N,MT	8.6 	7.8 	7.5 	-5.1 	-2.2 	3.6 	6.1 	6.1 
A,NAC,D2-D4_MD5_RAT,G-N,NL	22.2 	23.1 	22.6 	19.8 	20.5 	23 	23 	23.4 
A,NAC,D2-D4_MD5_RAT,G-N,NO	: 	17.4 	18 	17.3 	17.2 	17.2 	19.1 	19.2 
A,NAC,D2-D4_MD5_RAT,G-N,PL	16.2 	16.8 	17 	17.2 	17.2 	17.2 	17.2 	17.2 
A,NAC,D2-D4_MD5_RAT,G-N,PT	19.8 	21.2 	20.8 	18.3 	18.8 	19.1 	19.1 	19.1 
A,NAC,D2-D4_MD5_RAT,G-N,RO	22.8 	22.5 	19.4 	4.9 	4.9 	4.7 	4.6 	4.5 
A,NAC,D2-D4_MD5_RAT,G-N,RS	: 	15.5 	12.7 	11.5 	15.3 	16.7 	17 	17.1 
A,NAC,D2-D4_MD5_RAT,G-N,SE	33 	31.9 	32.2 	31 	32 	32 	31.2 	31.4 
A,NAC,D2-D4_MD5_RAT,G-N,SI	16.7 	15.3 	15.3 	12.7 	13.6 	13.6 	13.5 	13.4 
A,NAC,D2-D4_MD5_RAT,G-N,SK	24.7 	25.1 	25.8 	25.4 	24.9 	27.5 	27.1 	28.3 
A,NAC,D2-D4_MD5_RAT,G-N,TR	: 	15.6 	17 	13.8 	: 	: 	: 	: 
A,NAC,D2-D4_MD5_RAT,G-N,UK	14.2 d	15.6 	15.9 	: 	: 	: 	: 	: 
A,NAC,D2-D4_MD5_RAT,H,AL	: 	26.3 	18.1 	: 	: 	: 	: 	: 
A,NAC,D2-D4_MD5_RAT,H,AT	27.1 	27.4 	28.3 	26.2 	27.1 	27.7 	27.3 p	27.4 
A,NAC,D2-D4_MD5_RAT,H,BA	: 	8.9 	8.8 	: 	: 	: 	: 	: 
A,NAC,D2-D4_MD5_RAT,H,BE	31.4 	27.2 	26.8 	26.6 	26.6 	26.6 	26.5 	26.5 
A,NAC,D2-D4_MD5_RAT,H,BG	18.5 	12.2 	13.9 	10.2 	10 	9.9 	9.5 	9.2 
A,NAC,D2-D4_MD5_RAT,H,CH	: 	21.3 	20.7 	: 	: 	: 	: 	: 
A,NAC,D2-D4_MD5_RAT,H,CY	13.9 	15.6 	16.4 	18.5 	18.2 	18.4 	18.4 	18.7 
A,NAC,D2-D4_MD5_RAT,H,CZ	27.8 	27.9 	27.4 	27.5 	28 	28.2 	28.2 	28.2 
A,NAC,D2-D4_MD5_RAT,H,DE	23.7 	23 	23.2 	22.9 	23.1 	24.3 	24.2 	24 
A,NAC,D2-D4_MD5_RAT,H,DK	11.8 	12.8 	13 	12.6 	13.8 	14.2 	14.1 	14.6 
A,NAC,D2-D4_MD5_RAT,H,EA19	26.9 	26.9 d	25.6 	24.6 	24.6 	25.3 	25.2 	25.3 
A,NAC,D2-D4_MD5_RAT,H,EA20	26.9 	26.9 d	25.5 	24.6 	24.5 	25.2 	25.2 	25.2 
A,NAC,D2-D4_MD5_RAT,H,EE	26.5 	26.9 	26.4 	26 	25.7 	26.1 	26.2 	26 
A,NAC,D2-D4_MD5_RAT,H,EL	23.6 	24.8 	20.1 	19.5 	22 	20 	19.7 	20.1 
A,NAC,D2-D4_MD5_RAT,H,ES	26 	26.3 	25.8 	29 	27.8 	27.7 	27.9 	28.4 
A,NAC,D2-D4_MD5_RAT,H,FI	22.1 	19.8 	21 	20.4 	17.3 p	17.4 p	17.4 p	16.8 p
A,NAC,D2-D4_MD5_RAT,H,FR	32.4 	32.9 	28.7 	28.2 	27.9 	27.9 	27.7 	28.1 
A,NAC,D2-D4_MD5_RAT,H,HR	13.6 	16 	14 	13.6 	13.5 	13.5 	13.5 	13.6 
A,NAC,D2-D4_MD5_RAT,H,HU	29.7 	25.8 	24.7 	17.8 	16.4 	14.2 	13.9 	13.6 
A,NAC,D2-D4_MD5_RAT,H,IE	15.2 	18.1 	14.9 	9.2 	: @C	: @C	: @C	: @C
A,NAC,D2-D4_MD5_RAT,H,IS	19 	21.6 	20.4 	22.5 	21.2 p	21.4 p	21.4 p	21.5 p
A,NAC,D2-D4_MD5_RAT,H,IT	26.4 	26.7 	26.6 	27.5 	27.3 	27.4 	27.5 	27.6 
A,NAC,D2-D4_MD5_RAT,H,LT	40.3 	41.2 	40.3 	15.7 	10.8 	7.4 	6.3 	6.2 
A,NAC,D2-D4_MD5_RAT,H,LU	15.7 	15 	14.6 	14 	13.4 	13 	13 	13.6 
A,NAC,D2-D4_MD5_RAT,H,LV	21.6 	21.6 	21.9 	22.6 	21.5 	21.6 	21.4 	21.6 
A,NAC,D2-D4_MD5_RAT,H,ME	: 	8.8 	13.0 	: 	: 	: 	: 	: 
A,NAC,D2-D4_MD5_RAT,H,MK	: 	3.9 	2.1 	: 	: 	: 	: 	: 
A,NAC,D2-D4_MD5_RAT,H,MT	9.3 	: 	7 	-6.7 	-4.5 	2.8 	7.2 	7.5 
A,NAC,D2-D4_MD5_RAT,H,NL	23 	24.2 	24.6 	17.1 	18.4 	22.1 	22.5 	: @C
A,NAC,D2-D4_MD5_RAT,H,NO	: 	17.5 	19.7 	17.7 	17.7 	17.7 	19.6 	19.4 
A,NAC,D2-D4_MD5_RAT,H,PL	18.4 	19.1 	18.5 	18.5 	18.5 	18.5 	18.5 	18.5 
A,NAC,D2-D4_MD5_RAT,H,PT	22.7 	22.4 	24.2 	18.6 	19.4 	19.3 	18.1 	18 
A,NAC,D2-D4_MD5_RAT,H,RO	23.2 	23.1 	20.4 	6.9 	7 	6.5 	6.2 	6.2 
A,NAC,D2-D4_MD5_RAT,H,RS	: 	13 	15.7 	10.6 	14.6 	15.8 	15.6 	15.6 
A,NAC,D2-D4_MD5_RAT,H,SE	31.6 	31.1 	31.4 	29.4 	30.3 	30.5 	30.1 	30.2 
A,NAC,D2-D4_MD5_RAT,H,SI	16.4 	15.7 	15.8 	13 	14.2 	14.2 	13.9 	13.9 
A,NAC,D2-D4_MD5_RAT,H,SK	26.5 	26.7 	27 	26.4 	25.4 	28.3 	27.2 	28.7 
A,NAC,D2-D4_MD5_RAT,H,TR	: 	16.2 	16.5 	14.2 	14.5 	14 	15.7 	15 
A,NAC,D2-D4_MD5_RAT,H,UK	15.6 	16.8 	17.3 	: 	: 	: 	: 	: 
A,NAC,D2-D4_MD5_RAT,I,AL	: 	17.8 	17.2 	: 	: 	: 	: 	: 
A,NAC,D2-D4_MD5_RAT,I,AT	24.7 	26.4 	26.4 	26.2 	26.5 	28.1 	27.9 p	28 
A,NAC,D2-D4_MD5_RAT,I,BA	: 	7.3 	7.5 	: 	: 	: 	: 	: 
A,NAC,D2-D4_MD5_RAT,I,BE	: 	34.3 	27.1 	38.6 	38.6 	38.6 	38.4 	38.4 
A,NAC,D2-D4_MD5_RAT,I,BG	17.9 	16.3 	16.2 	2.4 	2.2 	2.2 	2.1 	2 
A,NAC,D2-D4_MD5_RAT,I,CH	: 	19.1 	17.9 	: 	: 	: 	: 	: 
A,NAC,D2-D4_MD5_RAT,I,CY	12.6 	12.5 	12.1 	13 	11 	14.3 	14.3 	14.6 
A,NAC,D2-D4_MD5_RAT,I,CZ	27.6 	26.7 	26.7 	24.3 	-296.6 	111.4 	110.9 	110.8 
A,NAC,D2-D4_MD5_RAT,I,DE	20.3 	21 	20.7 	21.6 	21.6 	22.2 	22.5 	22.5 
A,NAC,D2-D4_MD5_RAT,I,DK	9.4 	10.7 	9.8 	9 	: @C	: @C	: @C	: @C
A,NAC,D2-D4_MD5_RAT,I,EA19	24.5 d	25.1 	24.4 	21 	20.8 	24.2 	25.1 	25.2 
A,NAC,D2-D4_MD5_RAT,I,EA20	24.4 d	24.9 	24.3 	20.9 	20.7 	24 	24.9 	25.1 
A,NAC,D2-D4_MD5_RAT,I,EE	25.9 	26.6 	26.1 	20.5 	20.8 	21.9 	22 	21.7 
A,NAC,D2-D4_MD5_RAT,I,EL	21.8 	22.7 	20.5 	19.8 	24.5 	26.8 	29.5 	35.8 
A,NAC,D2-D4_MD5_RAT,I,ES	27 	26.9 	26.9 	28.9 	25.5 	26.3 	26.9 	26.9 
A,NAC,D2-D4_MD5_RAT,I,FI	23.4 	22.7 	22.9 	19.2 	17.7 p	17.5 p	17.7 p	17.4 p
A,NAC,D2-D4_MD5_RAT,I,FR	28.1 	30.4 	29.4 	23.8 	26.8 	34.1 	34.5 	35 
A,NAC,D2-D4_MD5_RAT,I,HR	15.7 	12.1 	14.8 	9.6 	9.7 	9.9 	9.9 	9.9 
A,NAC,D2-D4_MD5_RAT,I,HU	28.8 	22.9 	24.6 	15.4 	12.7 	14.8 	14.3 	13.9 
A,NAC,D2-D4_MD5_RAT,I,IE	10.8 	8.5 	9.5 	: @C	: @C	: @C	: @C	: @C
A,NAC,D2-D4_MD5_RAT,I,IS	15.4 p	17.5 p	17.1 p	21.9 	18.8 p	18.9 p	18.8 p	18.9 p
A,NAC,D2-D4_MD5_RAT,I,IT	27.6 	25 	25.9 	27.8 	27.4 	26.7 	27.8 	27.9 
A,NAC,D2-D4_MD5_RAT,I,LT	25.8 	25.1 	26.3 	: @C	: @C	: @C	: @C	: @C
A,NAC,D2-D4_MD5_RAT,I,LU	12.7 	12.8 	12 	13.7 	12.9 	10.4 	10.3 	10.2 
A,NAC,D2-D4_MD5_RAT,I,LV	20.6 	20.1 	20 	20.6 	14.7 	19.9 	19.7 	19.7 
A,NAC,D2-D4_MD5_RAT,I,ME	: 	19.2 	11.9 	: 	: 	: 	: 	: 
A,NAC,D2-D4_MD5_RAT,I,MK	: 	6.4 	1.2 	: 	: 	: 	: 	: 
A,NAC,D2-D4_MD5_RAT,I,MT	9.1 	8.8 	8.3 	-109.7 	-81.1 	-13.7 	6.9 	7.2 
A,NAC,D2-D4_MD5_RAT,I,NL	21.6 	20.4 	21.2 	6.1 	6 	-12.9 	-14.3 	: @C
A,NAC,D2-D4_MD5_RAT,I,NO	: 	15.2 	14.7 	7.6 	7.5 	7.5 	7.7 	7.6 
A,NAC,D2-D4_MD5_RAT,I,PL	16.4 	16.5 	17 	14.1 	14.1 	14.1 	14.1 	14.1 
A,NAC,D2-D4_MD5_RAT,I,PT	19.9 	19.3 	19.2 	9.3 	10 	11.1 	11.2 	11.2 
A,NAC,D2-D4_MD5_RAT,I,RO	22 	22.1 	19.1 	4.7 	4.4 	4.2 	4 	4 
A,NAC,D2-D4_MD5_RAT,I,RS	: 	15.7 	15.6 	8.5 	-113.6 	-136.1 	-136.4 	-136.9 
A,NAC,D2-D4_MD5_RAT,I,SE	27 	24.8 	27 	19.7 	20.4 	20.5 	20.9 	21.2 
A,NAC,D2-D4_MD5_RAT,I,SI	15.5 	15.3 	14.9 	0.4 	0.4 	0.4 	0.4 	0.4 
A,NAC,D2-D4_MD5_RAT,I,SK	25.2 	25.9 	25.4 	18.6 	22.5 	35.6 	43.7 	46.3 
A,NAC,D2-D4_MD5_RAT,I,TR	: 	17 	17.6 	15.2 	15.1 	15 	18 	17.2 
A,NAC,D2-D4_MD5_RAT,I,UK	9.9 	12.1 	13.4 	: 	: 	: 	: 	: 
A,NAC,D2-D4_MD5_RAT,J,AL	: 	21.2 	15.9 	: 	: 	: 	: 	: 
A,NAC,D2-D4_MD5_RAT,J,AT	26.1 	25.9 	25.8 	25.2 	26.3 	26 	26.0 p	26.2 
A,NAC,D2-D4_MD5_RAT,J,BA	: 	10.2 	9.6 	: 	: 	: 	: 	: 
A,NAC,D2-D4_MD5_RAT,J,BE	: 	28.5 	27.4 	26.9 	26.9 	26.9 	26.6 	26.6 
A,NAC,D2-D4_MD5_RAT,J,BG	15.3 	12.9 	12.8 	11.6 	10.9 	10.8 	10.7 	11.2 
A,NAC,D2-D4_MD5_RAT,J,CH	: 	20.8 	20.2 	: 	: 	: 	: 	: 
A,NAC,D2-D4_MD5_RAT,J,CY	22.9 	21.2 	17.5 	16.6 	16.7 	16.6 	16.5 	16.7 
A,NAC,D2-D4_MD5_RAT,J,CZ	25.3 	26.1 	26.8 	26.2 	26.4 	26.4 	26.5 	26.5 
A,NAC,D2-D4_MD5_RAT,J,DE	20 	20.3 	19.8 	20.1 	20.7 	20.7 	20.8 	20.6 
A,NAC,D2-D4_MD5_RAT,J,DK	12.4 	12.3 	12.1 	10.6 	10.9 	11.2 	11.1 	11.2 
A,NAC,D2-D4_MD5_RAT,J,EA19	25.8 	25.9 d	24.2 	23.9 	24 	24.1 	24.1 	24 
A,NAC,D2-D4_MD5_RAT,J,EA20	25.8 	25.9 d	24.2 	23.8 	23.9 	24 	24 	23.9 
A,NAC,D2-D4_MD5_RAT,J,EE	26.6 	27 	26.5 	25.6 	26 	26 	25.6 	25.9 
A,NAC,D2-D4_MD5_RAT,J,EL	25.9 	21.8 	20.5 	19.8 	17.6 	18 	18.4 	18.7 
A,NAC,D2-D4_MD5_RAT,J,ES	25.4 	25.5 	24.3 	24.2 	23.9 	23.4 	23.8 	23.8 
A,NAC,D2-D4_MD5_RAT,J,FI	21 	20.9 	21.3 	16.9 	17.3 p	17.5 p	17.2 p	16.7 p
A,NAC,D2-D4_MD5_RAT,J,FR	34.4 	34.8 	31.5 	32.2 	32 	32 	31.9 	32.1 
A,NAC,D2-D4_MD5_RAT,J,HR	18.3 	15.6 	15.8 	12.9 	12.9 	12.7 	12.7 	12.9 
A,NAC,D2-D4_MD5_RAT,J,HU	31.3 	26.1 	25.5 	17.4 	16.4 	14 	13.8 	13.6 
A,NAC,D2-D4_MD5_RAT,J,IE	16.8 	16 	15.8 	14.1 	14.2 	15 	15.6 	15.1 
A,NAC,D2-D4_MD5_RAT,J,IS	16.6 p	18.3 p	18.1 	19.2 	19.1 p	19.5 p	19.4 p	19.4 p
A,NAC,D2-D4_MD5_RAT,J,IT	28.8 	28 	27.1 	27.3 	26.9 	26.9 	26.9 	27 
A,NAC,D2-D4_MD5_RAT,J,LT	27.5 	27 	28 	4.6 	4.7 	4.9 	5.5 	6.5 
A,NAC,D2-D4_MD5_RAT,J,LU	13.4 	13.2 	12.6 	12.8 	12.9 	12.9 	13 	12.9 
A,NAC,D2-D4_MD5_RAT,J,LV	21.9 	21.5 	21.4 	21.2 	20.8 	21.3 	21.1 	21 
A,NAC,D2-D4_MD5_RAT,J,ME	: 	16.5 	12.9 	: 	: 	: 	: 	: 
A,NAC,D2-D4_MD5_RAT,J,MK	: 	7.2 	0.9 	: 	: 	: 	: 	: 
A,NAC,D2-D4_MD5_RAT,J,MT	8.7 	: 	7.4 	4.8 	5.4 	6.5 	6.6 	6.5 
A,NAC,D2-D4_MD5_RAT,J,NL	21.2 	21.1 	20 	17.9 	18.9 	20.7 	20.9 	: @C
A,NAC,D2-D4_MD5_RAT,J,NO	: 	18 	18.4 	18.3 	18.4 	17.8 	21 	21.8 
A,NAC,D2-D4_MD5_RAT,J,PL	15.4 	15.6 	16.4 	16.7 	16.7 	16.7 	16.7 	16.7 
A,NAC,D2-D4_MD5_RAT,J,PT	: 	20.4 	20.5 	18.7 	19 	19.3 	19.2 	19.2 
A,NAC,D2-D4_MD5_RAT,J,RO	24.9 	22.2 	19.3 	4.1 	4.1 	4.2 	4.3 	4.3 
A,NAC,D2-D4_MD5_RAT,J,RS	: 	17 	15.2 	11.8 	13 	13.4 	14.3 	14.6 
A,NAC,D2-D4_MD5_RAT,J,SE	34.1 	34 	33.2 	34.6 	35.7 	35.5 	34 	34.3 
A,NAC,D2-D4_MD5_RAT,J,SI	18.5 	15.7 	16.1 	13.9 	14.8 	14.8 	14.8 	14.7 
A,NAC,D2-D4_MD5_RAT,J,SK	23.5 	23.8 	25.1 	25.6 	25.4 	26.4 	26.1 	27 
A,NAC,D2-D4_MD5_RAT,J,TR	: 	14.1 	16 	12.6 	12.5 	11.9 	13.1 	12.3 
A,NAC,D2-D4_MD5_RAT,J,UK	15.9 	16 	16 	: 	: 	: 	: 	: 
A,NAC,D2-D4_MD5_RAT,K,AL	: 	17.6 	15.5 	: 	: 	: 	: 	: 
A,NAC,D2-D4_MD5_RAT,K,AT	27.7 	27.7 	27.1 	25.5 	23.7 	25.2 	24.3 p	24.2 
A,NAC,D2-D4_MD5_RAT,K,BA	: 	9.8 	10.5 	: 	: 	: 	: 	: 
A,NAC,D2-D4_MD5_RAT,K,BE	32.8 	29.6 	27.1 	24.8 	24.8 	24.8 	24.7 	24.7 
A,NAC,D2-D4_MD5_RAT,K,BG	15.8 	14.3 	14.9 	14.4 	13.9 	14 	13.5 	13.5 
A,NAC,D2-D4_MD5_RAT,K,CH	: 	20.9 	20.8 	: 	: 	: 	: 	: 
A,NAC,D2-D4_MD5_RAT,K,CY	22.7 	22.5 	17.6 	20.9 	21.7 	21.8 	21.8 	22.1 
A,NAC,D2-D4_MD5_RAT,K,CZ	26.4 	25.6 	26.9 	27.1 	27 	27.1 	27.5 	27.5 
A,NAC,D2-D4_MD5_RAT,K,DE	23 	24.6 	22 	22.7 	22 	22.8 	23.2 	22.7 
A,NAC,D2-D4_MD5_RAT,K,DK	23.1 	23.8 	24.9 	24.1 	24.8 	24.9 	24.4 	24.5 
A,NAC,D2-D4_MD5_RAT,K,EA19	27.7 	29.0 d	27.5 	26.9 	26.7 	26.7 	26.8 	26.7 
A,NAC,D2-D4_MD5_RAT,K,EA20	27.6 	29.0 d	27.4 	26.9 	26.7 	26.7 	26.7 	26.7 
A,NAC,D2-D4_MD5_RAT,K,EE	27.9 	27.3 	26.9 	26.9 	26.7 	26.9 	27.3 	27 
A,NAC,D2-D4_MD5_RAT,K,EL	25 	27.4 	34 	22.9 	20.5 	20.9 	20.9 	20.2 
A,NAC,D2-D4_MD5_RAT,K,ES	25.8 	26.8 	28.1 	27.9 	27.1 	26.3 	26.1 	26.1 
A,NAC,D2-D4_MD5_RAT,K,FI	23.2 	22 	21.7 	17.7 	17.4 p	17.5 p	17.7 p	17.0 p
A,NAC,D2-D4_MD5_RAT,K,FR	35.4 	37.3 	35.6 	34.3 	34.1 	34 	33.8 	34.2 
A,NAC,D2-D4_MD5_RAT,K,HR	17.5 	16.4 	17.6 	14.7 	14.7 	14.9 	15 	14.9 
A,NAC,D2-D4_MD5_RAT,K,HU	30 	26.7 	27.3 	19.9 	18.6 	16 	15.5 	15.3 
A,NAC,D2-D4_MD5_RAT,K,IE	19.3 	20.3 	19.7 	19.7 	20.9 	19.7 	19.8 	20 
A,NAC,D2-D4_MD5_RAT,K,IS	18.1 	24.3 	23.7 	23.5 	19.4 p	19.6 p	19.5 p	19.6 p
A,NAC,D2-D4_MD5_RAT,K,IT	29.5 	29.9 	28.9 	29.1 	29 	28.7 	28.6 	28.6 
A,NAC,D2-D4_MD5_RAT,K,LT	26.5 	29.8 	28.9 	6.8 	6.2 	5.9 	5.8 	6 
A,NAC,D2-D4_MD5_RAT,K,LU	14.3 	14.7 	13.5 	13.3 	13.2 	13.1 	13.3 	13.2 
A,NAC,D2-D4_MD5_RAT,K,LV	21 	22.4 	22 	21.8 	21.1 	21.6 	21.5 	21.6 
A,NAC,D2-D4_MD5_RAT,K,ME	: 	20.2 	12.3 	: 	: 	: 	: 	: 
A,NAC,D2-D4_MD5_RAT,K,MK	: 	3.0 	2.0 	: 	: 	: 	: 	: 
A,NAC,D2-D4_MD5_RAT,K,MT	9.4 	: 	8.4 	7.3 	7.6 	7.7 	7.5 	7.5 
A,NAC,D2-D4_MD5_RAT,K,NL	25.5 	29.5 	24.7 	25.4 	25.7 	24.8 	24.1 	: @C
A,NAC,D2-D4_MD5_RAT,K,NO	: 	19.7 	22.8 	26.2 	25.3 	25.1 	29.9 	30.6 
A,NAC,D2-D4_MD5_RAT,K,PL	15.8 	16.6 	16.6 	18.1 	18.1 	18.1 	18.1 	18.1 
A,NAC,D2-D4_MD5_RAT,K,PT	15.8 	24.2 	19.5 	19.7 	19.9 	19.7 	20.7 	20.7 
A,NAC,D2-D4_MD5_RAT,K,RO	22.6 	23.2 	20.2 	5.9 	5.6 	5.5 	5.4 	5.3 
A,NAC,D2-D4_MD5_RAT,K,RS	: 	17.1 	17.1 	16.6 	17 	17.2 	17.2 	17.4 
A,NAC,D2-D4_MD5_RAT,K,SE	37.7 	38.4 	36 	35.4 	36.3 	35.9 	34.5 	34.8 
A,NAC,D2-D4_MD5_RAT,K,SI	18.4 	16.4 	16.3 	17 	17 	17.6 	17.7 	17.8 
A,NAC,D2-D4_MD5_RAT,K,SK	23.4 	24.4 	26 	26.8 	26.7 	26.8 	27.4 	27.6 
A,NAC,D2-D4_MD5_RAT,K,TR	: 	14.5 	17.1 	10 	10 	10.1 	11.2 	10.9 
A,NAC,D2-D4_MD5_RAT,K,UK	18 	18.9 	18.8 	: 	: 	: 	: 	: 
A,NAC,D2-D4_MD5_RAT,K-N,MT	8.7 	7.0 	7.7 	6.2 	6.7 	6.8 	6.6 	: 
A,NAC,D2-D4_MD5_RAT,L,MT	6.6 	: 	5.3 	3.8 	4.2 	4.3 	4.2 	: 
A,NAC,D2-D4_MD5_RAT,M,AL	: 	16.2 	15.2 	: 	: 	: 	: 	: 
A,NAC,D2-D4_MD5_RAT,M,AT	24.2 	24.9 	25.1 	24.6 	22.9 	22.1 	21.7 p	21.9 
A,NAC,D2-D4_MD5_RAT,M,BA	: 	7.5 	8.6 	: 	: 	: 	: 	: 
A,NAC,D2-D4_MD5_RAT,M,BE	: 	27 	27.2 	24.4 	24.4 	24.5 	24.3 	24.3 
A,NAC,D2-D4_MD5_RAT,M,BG	15.3 	13.1 	13.7 	12.6 	12.1 	12.1 	12 	11.7 
A,NAC,D2-D4_MD5_RAT,M,CH	: 	21.2 	19.9 	: 	: 	: 	: 	: 
A,NAC,D2-D4_MD5_RAT,M,CY	15 	14.8 	15 	14.7 	15.3 	15.4 	15.3 	15.7 
A,NAC,D2-D4_MD5_RAT,M,CZ	25.8 	26.1 	26.5 	25.8 	26.4 	25.9 	26.9 	26.9 
A,NAC,D2-D4_MD5_RAT,M,DE	19 	19.6 	19.5 	19.3 	19 	20.4 	20.3 	20.1 
A,NAC,D2-D4_MD5_RAT,M,DK	10.9 	11.5 	10.4 	9.9 	10.6 	10.8 	10.7 	10.8 
A,NAC,D2-D4_MD5_RAT,M,EA19	25.4 	25.3 	24.6 	23.2 	22.9 	23.5 	23.5 	23.4 
A,NAC,D2-D4_MD5_RAT,M,EA20	25.3 	25.3 	24.6 	23.2 	22.8 	23.5 	23.5 	23.4 
A,NAC,D2-D4_MD5_RAT,M,EE	26 	26.2 	26 	24.2 	24.2 	24.4 	24.5 	24.4 
A,NAC,D2-D4_MD5_RAT,M,EL	19.3 	19.8 	22 	19.7 	18.8 	16.8 	17 	18.1 
A,NAC,D2-D4_MD5_RAT,M,ES	23.7 	24.6 	23.3 	23.9 	22.9 	23 	23.5 	23.5 
A,NAC,D2-D4_MD5_RAT,M,FI	21.8 	21.3 	21.4 	18.8 	17.5 p	17.7 p	17.8 p	17.3 p
A,NAC,D2-D4_MD5_RAT,M,FR	32.9 	34.5 	32.8 	31 	30.7 	30.6 	30.4 	30.6 
A,NAC,D2-D4_MD5_RAT,M,HR	16.1 	14.9 	15 	12.9 	12.8 	12.7 	12.6 	12.7 
A,NAC,D2-D4_MD5_RAT,M,HU	28.4 	25.5 	25.4 	17.3 	16.2 	13.8 	13.7 	13.6 
A,NAC,D2-D4_MD5_RAT,M,IE	17.4 	13.9 	14.3 	12.3 	13.6 	17.4 	18.9 	18.6 
A,NAC,D2-D4_MD5_RAT,M,IS	16.2 p	17.9 p	17.7 p	19.3 p	19.2 p	19.5 p	19.4 p	19.5 p
A,NAC,D2-D4_MD5_RAT,M,IT	28.8 	26.9 	31.1 	26.7 	26.4 	26.4 	26.4 	26.5 
A,NAC,D2-D4_MD5_RAT,M,LT	26.1 	26.4 	26.9 	4.2 	5.2 	5.6 	5.4 	5.8 
A,NAC,D2-D4_MD5_RAT,M,LU	14.6 	13.1 	12.9 	12 	11.7 	11.7 	11.9 	11.7 
A,NAC,D2-D4_MD5_RAT,M,LV	20.3 	20.4 	20.9 	20.9 	20.4 	21.3 	21.5 	21.3 
A,NAC,D2-D4_MD5_RAT,M,ME	: 	22.1 	12.6 	: 	: 	: 	: 	: 
A,NAC,D2-D4_MD5_RAT,M,MK	: 	5.8 	1.9 	: 	: 	: 	: 	: 
A,NAC,D2-D4_MD5_RAT,M,MT	7.8 	8.1 	7.4 	3.6 	4.4 	5.9 	6.4 	6.4 
A,NAC,D2-D4_MD5_RAT,M,NL	20.5 	21.7 	21.7 	19.4 	18.8 	20.5 	20.9 	: @C
A,NAC,D2-D4_MD5_RAT,M,NO	: 	17.9 	18.5 	16.7 	16.7 	16.9 	19.1 	19.2 
A,NAC,D2-D4_MD5_RAT,M,PL	16.5 	16.4 	16 	16.6 	16.6 	16.6 	16.6 	16.6 
A,NAC,D2-D4_MD5_RAT,M,PT	: 	18.8 	21.7 	18.6 	18.9 	19 	18.3 	18.3 
A,NAC,D2-D4_MD5_RAT,M,RO	23.3 	22.5 	19.1 	4.8 	4.6 	4.5 	4.3 	4.3 
A,NAC,D2-D4_MD5_RAT,M,RS	: 	14.3 	13 	10.7 	13.7 	14.8 	15 	15.2 
A,NAC,D2-D4_MD5_RAT,M,SE	34 	33.7 	34.4 	31.3 	32.5 	32.3 	31 	31.3 
A,NAC,D2-D4_MD5_RAT,M,SI	16.8 	16 	14.8 	13.8 	14.6 	14.8 	14.6 	14.5 
A,NAC,D2-D4_MD5_RAT,M,SK	23.8 	23.9 	25 	25.9 	25.8 	27.9 	27.4 	28.2 
A,NAC,D2-D4_MD5_RAT,M,TR	: 	15.1 	15.6 	13.5 	13.7 	13.6 	15.4 	15 
A,NAC,D2-D4_MD5_RAT,M,UK	: 	16.4 	16.2 	: 	: 	: 	: 	: 
A,NAC,D2-D4_MD5_RAT,N,AL	: 	18.7 	18.4 	: 	: 	: 	: 	: 
A,NAC,D2-D4_MD5_RAT,N,AT	25.1 	26.5 	26.7 	27.7 	29 	29.3 	29.0 p	29 
A,NAC,D2-D4_MD5_RAT,N,BA	: 	7.6 	8.2 	: 	: 	: 	: 	: 
A,NAC,D2-D4_MD5_RAT,N,BE	29.6 	27.8 	28 	27.8 	27.8 	27.8 	27.7 	27.7 
A,NAC,D2-D4_MD5_RAT,N,BG	14.9 	12.9 	14.4 	13.7 	13.5 	13.3 	13.1 	13 
A,NAC,D2-D4_MD5_RAT,N,CH	: 	21.8 	19.1 	: 	: 	: 	: 	: 
A,NAC,D2-D4_MD5_RAT,N,CY	11.2 	11.9 	12.1 	15.7 	15.4 	15.8 	15.8 	16.2 
A,NAC,D2-D4_MD5_RAT,N,CZ	26.2 	26.4 	25.6 	25.6 	26.3 	26.9 	27 	27 
A,NAC,D2-D4_MD5_RAT,N,DE	20.6 	21.4 	21.4 	21.3 	21.3 	22.5 	22.7 	22.5 
A,NAC,D2-D4_MD5_RAT,N,DK	9.4 	12.1 	11.7 	11.4 	13 	13 	13.3 	13.3 
A,NAC,D2-D4_MD5_RAT,N,EA19	25.2 d	25.2 	24.5 	24.2 	24.2 	24.9 	25 	25.2 
A,NAC,D2-D4_MD5_RAT,N,EA20	25.2 d	25.2 	24.5 	24.1 	24.2 	24.8 	24.9 	25.1 
A,NAC,D2-D4_MD5_RAT,N,EE	25.9 	26.6 	26.2 	25.5 	25.4 	25.8 	26 	26.2 
A,NAC,D2-D4_MD5_RAT,N,EL	21.4 	22.5 	20.8 	22.4 	21.2 	21.5 	21.7 	22.5 
A,NAC,D2-D4_MD5_RAT,N,ES	27.8 	28.1 	26.9 	27.6 	27.2 	26.8 	27.3 	27.7 
A,NAC,D2-D4_MD5_RAT,N,FI	21.9 	21.3 	22 	18.2 	17.8 p	17.7 p	17.9 p	17.3 p
A,NAC,D2-D4_MD5_RAT,N,FR	31.3 	31.8 	29 	27.5 	27.2 	27.2 	27.2 	27.5 
A,NAC,D2-D4_MD5_RAT,N,HR	15.7 	14.1 	16.2 	8 	8 	8 	8.1 	8.1 
A,NAC,D2-D4_MD5_RAT,N,HU	30.1 	24.5 	26.9 	18.8 	17.4 	15 	14.3 	13.7 
A,NAC,D2-D4_MD5_RAT,N,IE	13.7 	11.5 	11.9 	8.7 	8.4 	14.3 	15.5 	17.6 
A,NAC,D2-D4_MD5_RAT,N,IS	16.1 p	19.0 p	17.7 p	20.7 p	20.1 p	20.3 p	20.2 p	20.3 p
A,NAC,D2-D4_MD5_RAT,N,IT	27.9 	26.9 	27.2 	27.9 	28 	27.9 	28.1 	28.1 
A,NAC,D2-D4_MD5_RAT,N,LT	28.6 	25.2 	29.6 	1.1 	: @C	: @C	: @C	: @C
A,NAC,D2-D4_MD5_RAT,N,LU	: 	12.3 	12.5 	14.6 	14.2 	14.1 	14.1 	14.1 
A,NAC,D2-D4_MD5_RAT,N,LV	20.9 	20.7 	20.4 	21.1 	20.4 	21.1 	20.7 	20.7 
A,NAC,D2-D4_MD5_RAT,N,ME	: 	18.0 	11.3 	: 	: 	: 	: 	: 
A,NAC,D2-D4_MD5_RAT,N,MK	: 	4.6 	1.0 	: 	: 	: 	: 	: 
A,NAC,D2-D4_MD5_RAT,N,MT	8.5 	3.9 	7.5 	-6.9 	-1.5 	4.6 	6.8 	6.7 
A,NAC,D2-D4_MD5_RAT,N,NL	21.3 	21.2 	21.6 	19.8 	21.1 	24.2 	24 	: @C
A,NAC,D2-D4_MD5_RAT,N,NO	: 	16.3 	15.3 	13.9 	13.8 	14 	15 	15.2 
A,NAC,D2-D4_MD5_RAT,N,PL	15.1 	15.7 	16.5 	16.8 	16.8 	16.8 	16.8 	16.8 
A,NAC,D2-D4_MD5_RAT,N,PT	19.9 	19.5 	21.1 	20.1 	20.6 	20.7 	21.5 	21.5 
A,NAC,D2-D4_MD5_RAT,N,RO	21.6 	22.1 	19.2 	4.8 	4.6 	4.5 	4.5 	4.5 
A,NAC,D2-D4_MD5_RAT,N,RS	: 	15.8 	15.1 	11.6 	16.3 	18.2 	18.3 	18.1 
A,NAC,D2-D4_MD5_RAT,N,SE	30.1 	28.8 	29.2 	28.1 	28.8 	28.9 	28.6 	28.8 
A,NAC,D2-D4_MD5_RAT,N,SI	14.8 	14.4 	15.1 	12.3 	13.3 	13.2 	13.2 	13 
A,NAC,D2-D4_MD5_RAT,N,SK	24.9 	25.9 	25.8 	24.8 	24.2 	27.5 	26.3 	28.1 
A,NAC,D2-D4_MD5_RAT,N,TR	: 	16.8 	17 	16.1 	16.3 	16.2 	17.4 	17.2 
A,NAC,D2-D4_MD5_RAT,N,UK	11.6 	13.8 	15.3 	: 	: 	: 	: 	: 
A,NAC,D2-D4_MD5_RAT,O-S,MT	: 	: 	1.4 d	2.1 	2.0 	2.0 	1.9 	: 
A,NAC,D2-D4_MD5_RAT,P,AL	: 	15.2 	14.9 	: 	: 	: 	: 	: 
A,NAC,D2-D4_MD5_RAT,P,AT	23 	24 	24.9 	24.2 	24.3 	24.4 	24.2 p	24.2 
A,NAC,D2-D4_MD5_RAT,P,BA	: 	7.5 	7.5 	: 	: 	: 	: 	: 
A,NAC,D2-D4_MD5_RAT,P,BE	10.6 	9.5 	13.9 	13.8 	13.8 	13.8 	13.8 	13.8 
A,NAC,D2-D4_MD5_RAT,P,BG	20.1 	18 	19.6 	20.5 	20.5 	20.7 	20 	20.2 
A,NAC,D2-D4_MD5_RAT,P,CH	: 	22.1 	22.5 	: 	: 	: 	: 	: 
A,NAC,D2-D4_MD5_RAT,P,CY	11.6 	14.4 	26.1 	27.5 	27.7 	27.2 	26.5 	26.8 
A,NAC,D2-D4_MD5_RAT,P,CZ	26.3 	26.3 	26 	25.3 	25.8 	26.3 	26.1 	26.1 
A,NAC,D2-D4_MD5_RAT,P,DE	28.6 	28.5 	28.9 	28.9 	29 	30.5 	30.6 	30.6 
A,NAC,D2-D4_MD5_RAT,P,DK	11.4 	11.8 	12.7 	12.9 	12.9 	13.1 	13.2 	13.1 
A,NAC,D2-D4_MD5_RAT,P,EA19	26.8 d	29.8 d	29.9 	29 	28.8 	29.3 	29.2 	29.1 
A,NAC,D2-D4_MD5_RAT,P,EA20	26.7 d	29.7 d	29.8 	28.9 	28.8 	29.2 	29.1 	29 
A,NAC,D2-D4_MD5_RAT,P,EE	26 	26.2 	25.6 	25.4 	25.5 	25.5 	25.4 	25.5 
A,NAC,D2-D4_MD5_RAT,P,EL	7 	14.1 	10.6 	17.2 	16.6 	15.8 	15.8 	16.1 
A,NAC,D2-D4_MD5_RAT,P,ES	25.1 	24.7 	24.8 	25.2 	25.2 	25.1 	25.5 	25.4 
A,NAC,D2-D4_MD5_RAT,P,FI	19.6 	22.4 	23.6 	19.5 	17.7 p	17.6 p	17.5 p	16.9 p
A,NAC,D2-D4_MD5_RAT,P,FR	: 	42.7 	43 	42 	: @C	: @C	: @C	: @C
A,NAC,D2-D4_MD5_RAT,P,HR	13.7 	12.9 	13.1 	13.8 	13.8 	13.8 	13.8 	13.8 
A,NAC,D2-D4_MD5_RAT,P,HU	29.7 	27.2 	24.8 	19.1 	17.6 	15.2 	14.9 	14.6 
A,NAC,D2-D4_MD5_RAT,P,IE	7.7 	8.9 	16.7 	16.4 	14.8 	18.1 	18.9 	19 
A,NAC,D2-D4_MD5_RAT,P,IS	19.4 	21.5 	21.7 	21.3 	22.2 p	22.5 p	22.5 p	22.7 p
A,NAC,D2-D4_MD5_RAT,P,IT	24.3 	31 	29.3 	26.7 	26.5 	26.3 	26.1 	25.9 
A,NAC,D2-D4_MD5_RAT,P,LT	24.9 	25.3 	25.7 	3.4 	3.6 	3.6 	3.5 	3.4 
A,NAC,D2-D4_MD5_RAT,P,LU	12.7 	12.6 	7.9 	7.3 	7.2 	7.2 	7.2 	7.2 
A,NAC,D2-D4_MD5_RAT,P,LV	20.5 	19.7 	19.7 	20.4 	20.1 	20.5 	20.3 	20.6 
A,NAC,D2-D4_MD5_RAT,P,ME	: 	17.8 	10.8 	: 	: 	: 	: 	: 
A,NAC,D2-D4_MD5_RAT,P,MK	: 	0.6 	0.9 	: 	: 	: 	: 	: 
A,NAC,D2-D4_MD5_RAT,P,NL	26.5 	26.3 	25.6 	27.3 	27.7 	28.8 	28 	: @C
A,NAC,D2-D4_MD5_RAT,P,NO	: 	19.6 	20 	16.6 	16.6 	16.7 	17.1 	17 
A,NAC,D2-D4_MD5_RAT,P,PL	19.4 	20.1 	19.9 	19.4 	19.4 	19.4 	19.4 	19.4 
A,NAC,D2-D4_MD5_RAT,P,PT	14.5 	15.9 	18.9 	18.8 	18.9 	19 	19.5 	19.5 
A,NAC,D2-D4_MD5_RAT,P,RO	21.6 	22 	18.6 	3.8 	3.9 	3.9 	3.6 	3.6 
A,NAC,D2-D4_MD5_RAT,P,RS	: 	14.8 	14.9 	14.7 	15.1 	15.3 	15.2 	15.2 
A,NAC,D2-D4_MD5_RAT,P,SE	31.7 	30.4 	30.2 	30.2 	30.7 	30.5 	31.5 	30.8 
A,NAC,D2-D4_MD5_RAT,P,SI	17.4 	16.7 	15.5 	14.5 	14.5 	14.7 	14.4 	14.3 
A,NAC,D2-D4_MD5_RAT,P,SK	25.8 	26.2 	26.5 	26.6 	26.5 	26.9 	26.8 	27.3 
A,NAC,D2-D4_MD5_RAT,P,TR	: 	15.4 	15.6 	10.1 	: 	: 	: 	: 
A,NAC,D2-D4_MD5_RAT,P,UK	18.2 	20 	22.3 	: 	: 	: 	: 	: 
A,NAC,D2-D4_MD5_RAT,P-S,AL	: 	15.8 	15.3 	: 	: 	: 	: 	: 
A,NAC,D2-D4_MD5_RAT,P-S,AT	24 	24.8 	25.5 	25.2 	26.5 	27.1 	26.9 p	26.9 
A,NAC,D2-D4_MD5_RAT,P-S,BA	: 	7.9 	8.1 	: 	: 	: 	: 	: 
A,NAC,D2-D4_MD5_RAT,P-S,BE	14.7 	19.2 	14.7 	15.3 	15.3 	15.3 	15.2 	15.2 
A,NAC,D2-D4_MD5_RAT,P-S,BG	18.9 	16.8 	17.6 	17.8 	17.4 	17.6 	17.2 	17.2 
A,NAC,D2-D4_MD5_RAT,P-S,CH	: 	21.5 	21.3 	: 	: 	: 	: 	: 
A,NAC,D2-D4_MD5_RAT,P-S,CY	12.5 	14.4 	24.7 	25.7 	25.6 	25.6 	25.1 	25.3 
A,NAC,D2-D4_MD5_RAT,P-S,CZ	26.1 	26.2 	26.1 	25.6 	25.7 	27 	26.7 	26.7 
A,NAC,D2-D4_MD5_RAT,P-S,DE	24 	24.4 	24.8 	24.7 	24.8 	26.2 	26.3 	26 
A,NAC,D2-D4_MD5_RAT,P-S,DK	11 	12.5 	12.7 	13 	13.1 	13.2 	13.3 	13.2 
A,NAC,D2-D4_MD5_RAT,P-S,EA19	24.7 d	27.2 	27.1 	26.4 	26.5 	27.3 	27.3 	27.2 
A,NAC,D2-D4_MD5_RAT,P-S,EA20	24.6 d	27.1 	27 	26.4 	26.5 	27.3 	27.3 	27.2 
A,NAC,D2-D4_MD5_RAT,P-S,EE	25.9 	26.1 	25.5 	25.2 	25.4 	25.5 	25.3 	25.4 
A,NAC,D2-D4_MD5_RAT,P-S,EL	8.8 	15 	10.9 	17.1 	16.9 	16.1 	16.2 	16.4 
A,NAC,D2-D4_MD5_RAT,P-S,ES	23.7 	23.5 	23.2 	24.7 	24.7 	24.7 	24.9 	24.9 
A,NAC,D2-D4_MD5_RAT,P-S,FI	23.6 	24.2 	24.6 	21.3 	17.7 p	17.7 p	17.8 p	17.2 p
A,NAC,D2-D4_MD5_RAT,P-S,FR	35.6 d	37.7 	37.3 	36.7 	36.7 	36.8 	37 	37.2 
A,NAC,D2-D4_MD5_RAT,P-S,HR	14.4 	13.5 	13.8 	13.6 	13.6 	13.6 	13.6 	13.6 
A,NAC,D2-D4_MD5_RAT,P-S,HU	29.5 	26.3 	24.9 	18.4 	16.9 	14.7 	14.5 	14.4 
A,NAC,D2-D4_MD5_RAT,P-S,IE	9.3 	9.3 	16.4 	15.7 	13.6 	19.4 	20.5 	20.8 
A,NAC,D2-D4_MD5_RAT,P-S,IS	20.5 d	22.2 d	22.0 d	21.8 d	22.2 p	22.4 p	22.5 p	22.6 p
A,NAC,D2-D4_MD5_RAT,P-S,IT	23.8 	28.2 	27.7 	27.1 	26.9 	26.8 	26.7 	26.5 
A,NAC,D2-D4_MD5_RAT,P-S,LT	24.8 	25 	25.4 	2.6 	3.5 	3.6 	3.6 	3.5 
A,NAC,D2-D4_MD5_RAT,P-S,LU	13.2 	12 	8.3 	7.3 	7.2 	7.2 	7.2 	7.2 
A,NAC,D2-D4_MD5_RAT,P-S,LV	20.3 	19.9 	19.9 	20.6 	20.1 	20.6 	20.5 	20.5 
A,NAC,D2-D4_MD5_RAT,P-S,ME	: 	19.5 	11.2 	: 	: 	: 	: 	: 
A,NAC,D2-D4_MD5_RAT,P-S,MK	: 	1.7 	1.4 	: 	: 	: 	: 	: 
A,NAC,D2-D4_MD5_RAT,P-S,MT	5.1 	3.4 	1.4 	2.2 	2.4 	3.4 	3.7 	3.2 
A,NAC,D2-D4_MD5_RAT,P-S,NL	24.7 	25.1 	25.4 	23.8 	25.2 	27.7 	27 	26.9 
A,NAC,D2-D4_MD5_RAT,P-S,NO	: 	19 	21.2 	20 	20 	20.1 	20.8 	20.7 
A,NAC,D2-D4_MD5_RAT,P-S,PL	18.4 	19 	18.9 	18.3 	18.4 	18.4 	18.4 	18.4 
A,NAC,D2-D4_MD5_RAT,P-S,PT	15.8 	16.4 	18.9 	18.6 	18.7 	18.8 	19.3 	19.2 
A,NAC,D2-D4_MD5_RAT,P-S,RO	21.8 	22 	18.8 	5 	4.8 	4.7 	4.3 	4.3 
A,NAC,D2-D4_MD5_RAT,P-S,RS	: 	15.2 	15.6 	14.9 	15.9 	16.2 	16.2 	16.2 
A,NAC,D2-D4_MD5_RAT,P-S,SE	32.4 	31.3 	31.1 	30.8 	31.3 	31.2 	32.5 	31.4 
A,NAC,D2-D4_MD5_RAT,P-S,SI	17.6 	16.1 	15.6 	13.8 	14 	14.1 	13.8 	13.8 
A,NAC,D2-D4_MD5_RAT,P-S,SK	25.4 	26 	26.2 	26.1 	25.9 	26.7 	26.7 	27.3 
A,NAC,D2-D4_MD5_RAT,P-S,TR	: 	14.5 	15.2 	10 	: 	: 	: 	: 
A,NAC,D2-D4_MD5_RAT,P-S,UK	16.9 d	18.1 	20 	: 	: 	: 	: 	: 
A,NAC,D2-D4_MD5_RAT,Q,AL	: 	17.1 	16.3 	: 	: 	: 	: 	: 
A,NAC,D2-D4_MD5_RAT,Q,AT	24.2 	24.9 	25.8 	25.4 	26.8 	26.8 	26.7 p	26.7 
A,NAC,D2-D4_MD5_RAT,Q,BA	: 	8.3 	8.8 	: 	: 	: 	: 	: 
A,NAC,D2-D4_MD5_RAT,Q,BE	17.1 	22.4 	14.1 	15.7 	15.7 	15.7 	15.6 	15.6 
A,NAC,D2-D4_MD5_RAT,Q,BG	17.9 	15.9 	15.8 	15.6 	15 	15 	14.6 	14.5 
A,NAC,D2-D4_MD5_RAT,Q,CH	: 	21.3 	20.9 	: 	: 	: 	: 	: 
A,NAC,D2-D4_MD5_RAT,Q,CY	14.8 	14.6 	24.4 	23.9 	23.6 	23.3 	23 	23.3 
A,NAC,D2-D4_MD5_RAT,Q,CZ	26 	26.4 	26.3 	26.1 	25.6 	26.9 	26.5 	26.5 
A,NAC,D2-D4_MD5_RAT,Q,DE	21.1 	22.1 	22.4 	22.6 	22.8 	24.2 	24.3 	24 
A,NAC,D2-D4_MD5_RAT,Q,DK	10.4 	12.8 	12.5 	12.8 	12.8 	12.9 	13 	13 
A,NAC,D2-D4_MD5_RAT,Q,EA19	25.1 	25.8 d	25.6 	25.2 	25.6 	26.4 	26.4 	26.2 
A,NAC,D2-D4_MD5_RAT,Q,EA20	25.1 	25.7 d	25.5 	25.2 	25.6 	26.4 	26.4 	26.2 
A,NAC,D2-D4_MD5_RAT,Q,EE	25.8 	26.2 	25.4 	25.8 	26.1 	26 	25.9 	25.9 
A,NAC,D2-D4_MD5_RAT,Q,EL	9.1 	14.4 	8.8 	16.4 	16.1 	15.8 	15.5 	15.5 
A,NAC,D2-D4_MD5_RAT,Q,ES	22.5 	22.5 	22.2 	24.3 	24.4 	24.4 	24.6 	24.7 
A,NAC,D2-D4_MD5_RAT,Q,FI	25.7 	25.3 	25.3 	22.3 	17.7 p	17.7 p	18.0 p	17.4 p
A,NAC,D2-D4_MD5_RAT,Q,FR	35.9 	35.1 	34.4 	34.1 	: @C	: @C	: @C	: @C
A,NAC,D2-D4_MD5_RAT,Q,HR	15 	14 	14.7 	13.8 	13.8 	13.8 	13.7 	13.7 
A,NAC,D2-D4_MD5_RAT,Q,HU	29 	25.1 	24.7 	17.9 	16.4 	14.2 	14.1 	14.2 
A,NAC,D2-D4_MD5_RAT,Q,IE	10 	9.3 	16.9 	16.4 	14.8 	18.5 	19.2 	19.5 
A,NAC,D2-D4_MD5_RAT,Q,IS	21.6 	22.8 	22.5 	22.4 	22.6 p	22.8 p	22.9 p	23.1 p
A,NAC,D2-D4_MD5_RAT,Q,IT	22.9 	26.3 	26.6 	27.7 	27.6 	27.6 	27.5 	27.4 
A,NAC,D2-D4_MD5_RAT,Q,LT	24.6 	24.8 	25.2 	2.2 	3.2 	3.2 	3.4 	3.4 
A,NAC,D2-D4_MD5_RAT,Q,LU	13.2 	11.9 	7.9 	9.5 	9.4 	9.4 	9.4 	9.4 
A,NAC,D2-D4_MD5_RAT,Q,LV	20.4 	19.9 	20.1 	20.8 	20.4 	20.8 	20.5 	20.4 
A,NAC,D2-D4_MD5_RAT,Q,ME	: 	22.4 	11.2 	: 	: 	: 	: 	: 
A,NAC,D2-D4_MD5_RAT,Q,MK	: 	1.8 	2.0 	: 	: 	: 	: 	: 
A,NAC,D2-D4_MD5_RAT,Q,MT	9 	: 	6.2 	11.6 	11 	10.7 	10.2 	9.9 
A,NAC,D2-D4_MD5_RAT,Q,NL	24 	24.6 	25.5 	22.7 	24.5 	26.7 	26 	: @C
A,NAC,D2-D4_MD5_RAT,Q,NO	: 	19.1 	21.8 	21.9 	21.9 	21.9 	22.9 	22.8 
A,NAC,D2-D4_MD5_RAT,Q,PL	17.4 	17.6 	17.4 	16.7 	16.7 	16.7 	16.7 	16.7 
A,NAC,D2-D4_MD5_RAT,Q,PT	16.8 	16.6 	18.7 	18.4 	18.6 	18.6 	18.8 	18.8 
A,NAC,D2-D4_MD5_RAT,Q,RO	22.1 	22.1 	18.9 	6.1 	5.6 	5.3 	5.1 	5.1 
A,NAC,D2-D4_MD5_RAT,Q,RS	: 	15.4 	16.5 	15.7 	16.2 	16.3 	16.3 	16.2 
A,NAC,D2-D4_MD5_RAT,Q,SE	32.9 	32.1 	31.6 	31.4 	31.8 	31.8 	33.6 	32 
A,NAC,D2-D4_MD5_RAT,Q,SI	18.1 	16.2 	15.7 	14 	14.3 	14.3 	14.1 	14 
A,NAC,D2-D4_MD5_RAT,Q,SK	25.4 	26 	26 	26 	25.8 	26.3 	26.3 	26.9 
A,NAC,D2-D4_MD5_RAT,Q,TR	: 	13.6 	14.2 	9.6 	: 	: 	: 	: 
A,NAC,D2-D4_MD5_RAT,Q,UK	16 	17 	18.8 	: 	: 	: 	: 	: 
A,NAC,D2-D4_MD5_RAT,R,AL	: 	15.4 	15.0 	: 	: 	: 	: 	: 
A,NAC,D2-D4_MD5_RAT,R,AT	24.9 	24.7 	25.1 	25.7 	30.2 	35.2 	34.6 p	34.2 
A,NAC,D2-D4_MD5_RAT,R,BA	: 	7.3 	7.4 	: 	: 	: 	: 	: 
A,NAC,D2-D4_MD5_RAT,R,BE	23.6 	28.5 	20.6 	22 	22 	22 	21.9 	21.9 
A,NAC,D2-D4_MD5_RAT,R,BG	17 	14.3 	15 	11.6 	11.1 	11.3 	11.1 	11 
A,NAC,D2-D4_MD5_RAT,R,CH	: 	19.9 	19.5 	: 	: 	: 	: 	: 
A,NAC,D2-D4_MD5_RAT,R,CY	15.8 	14.2 	13.8 	17.9 	15.4 	19.1 	19 	19.5 
A,NAC,D2-D4_MD5_RAT,R,CZ	25.7 	25.7 	26.3 	24.3 	26.3 	32.1 	32 	31.9 
A,NAC,D2-D4_MD5_RAT,R,DE	20.5 	21.3 	20.3 	20.5 	20.3 	21.7 	21.9 	21.5 
A,NAC,D2-D4_MD5_RAT,R,DK	10.5 	11.5 	11.9 	13.1 	11.3 	12 	11.9 	11.7 
A,NAC,D2-D4_MD5_RAT,R,EA19	25.7 d	24.8 	24 	22.4 	21.9 	24.8 	25.2 	25 
A,NAC,D2-D4_MD5_RAT,R,EA20	25.6 d	24.7 	23.9 	22.3 	21.9 	24.8 	25.1 	24.9 
A,NAC,D2-D4_MD5_RAT,R,EE	26 	26.3 	26.1 	24 	23.9 	24.5 	24.4 	24.4 
A,NAC,D2-D4_MD5_RAT,R,EL	21.1 	23.7 	20.1 	19.7 	19.3 	18.7 	17.8 	17.7 
A,NAC,D2-D4_MD5_RAT,R,ES	26.2 	26.8 	22.8 	24.5 	22.9 	23.9 	24.6 	24.2 
A,NAC,D2-D4_MD5_RAT,R,FI	23.9 	23.4 	24.2 	20.2 	17.5 p	17.5 p	17.6 p	16.9 p
A,NAC,D2-D4_MD5_RAT,R,FR	33.6 	32.4 	31.3 	30.8 	32 	36 	37 	37.4 
A,NAC,D2-D4_MD5_RAT,R,HR	14.3 	14.7 	13.2 	12.2 	12.3 	12.3 	12.3 	12.3 
A,NAC,D2-D4_MD5_RAT,R,HU	30.2 	26.9 	27.7 	17.1 	15.4 	14.5 	14.3 	14.1 
A,NAC,D2-D4_MD5_RAT,R,IE	11.1 	10.9 	11.4 	1.2 	: @C	: @C	: @C	: @C
A,NAC,D2-D4_MD5_RAT,R,IS	20.1 	21.9 	21 	20.9 	20.8 p	21.1 p	21.1 p	21.2 p
A,NAC,D2-D4_MD5_RAT,R,IT	28 	20.3 	24.5 	23.9 	21.3 	21.8 	21.6 	21.4 
A,NAC,D2-D4_MD5_RAT,R,LT	24.8 	24.8 	25.7 	1.1 	: @C	: @C	: @C	: @C
A,NAC,D2-D4_MD5_RAT,R,LU	13.2 	12.7 	11.7 	9.9 	9.5 	9.1 	9.1 	9.1 
A,NAC,D2-D4_MD5_RAT,R,LV	20.5 	19.9 	20 	20.6 	18.4 	19.9 	20.5 	20.2 
A,NAC,D2-D4_MD5_RAT,R,ME	: 	18.9 	11.8 	: 	: 	: 	: 	: 
A,NAC,D2-D4_MD5_RAT,R,MK	: 	5.1 	1.4 	: 	: 	: 	: 	: 
A,NAC,D2-D4_MD5_RAT,R,MT	9.6 	8.4 	6.7 	2.3 	2.8 	4.9 	5.7 	5.8 
A,NAC,D2-D4_MD5_RAT,R,NL	22 	22.6 	23.7 	14.8 	15.6 	48.2 	49.6 	: @C
A,NAC,D2-D4_MD5_RAT,R,NO	: 	15.9 	17.1 	17.7 	17.6 	17.8 	18.7 	18.4 
A,NAC,D2-D4_MD5_RAT,R,PL	18.2 	17.6 	18.2 	18 	18 	18 	18 	18 
A,NAC,D2-D4_MD5_RAT,R,PT	: 	18.6 	20.3 	18.7 	19 	20.1 	23 	22.9 
A,NAC,D2-D4_MD5_RAT,R,RO	22.1 	22.3 	19.1 	5.1 	5.4 	4.9 	4.7 	4.7 
A,NAC,D2-D4_MD5_RAT,R,RS	: 	15.1 	14.7 	11 	13.7 	14.8 	14.8 	14.8 
A,NAC,D2-D4_MD5_RAT,R,SE	30.3 	29.3 	30.7 	27.9 	28.5 	28.6 	28.9 	28.8 
A,NAC,D2-D4_MD5_RAT,R,SI	17.7 	14.1 	14.8 	9 	9.2 	9.1 	9 	8.9 
A,NAC,D2-D4_MD5_RAT,R,SK	24.6 	25.9 	25.5 	23.9 	24.5 	28.5 	28.5 	29.7 
A,NAC,D2-D4_MD5_RAT,R,TR	: 	15.3 	15.9 	7.5 	: 	: 	: 	: 
A,NAC,D2-D4_MD5_RAT,R,UK	: 	16 	16.4 	: 	: 	: 	: 	: 
A,NAC,D2-D4_MD5_RAT,S,AL	: 	16.9 	14.7 	: 	: 	: 	: 	: 
A,NAC,D2-D4_MD5_RAT,S,AT	25.5 	26.6 	25.6 	26 	27.4 	27.6 	27.7 p	27.5 
A,NAC,D2-D4_MD5_RAT,S,BA	: 	9.7 	8.8 	: 	: 	: 	: 	: 
A,NAC,D2-D4_MD5_RAT,S,BE	20.4 	31.4 	21.2 	20.1 	20.1 	20.1 	19.9 	19.9 
A,NAC,D2-D4_MD5_RAT,S,BG	14.8 	13.8 	15.1 	13.8 	14 	13.3 	13.7 	13.2 
A,NAC,D2-D4_MD5_RAT,S,CH	: 	20.6 	20.6 	: 	: 	: 	: 	: 
A,NAC,D2-D4_MD5_RAT,S,CY	10.9 	14.5 	18.6 	14.5 	14.6 	16.7 	16.7 	17.1 
A,NAC,D2-D4_MD5_RAT,S,CZ	25.5 	23.5 	24.8 	24 	24.4 	28 	27.5 	27.5 
A,NAC,D2-D4_MD5_RAT,S,DE	21.5 	22.4 	22.6 	22.1 	21.9 	23.4 	23.6 	23.4 
A,NAC,D2-D4_MD5_RAT,S,DK	14.3 	14.7 	14.9 	16.3 	17.1 	17.4 	17.3 	17.2 
A,NAC,D2-D4_MD5_RAT,S,EA19	25.9 	26.0 d	25.1 d	24.3 	23.9 	25.1 	25.3 	25.2 
A,NAC,D2-D4_MD5_RAT,S,EA20	25.9 	26.0 d	25.1 d	24.3 	23.9 	25.1 	25.2 	25.2 
A,NAC,D2-D4_MD5_RAT,S,EE	22.9 	21.3 	22.6 	18.5 	19.4 	19.1 	18.6 	18.9 
A,NAC,D2-D4_MD5_RAT,S,EL	20.3 	21.6 	25.6 	19.2 	18.6 	18.6 	18.5 	18.9 
A,NAC,D2-D4_MD5_RAT,S,ES	26.1 	25.9 	26.1 	26.5 	25.9 	25.3 	25.8 	25.9 
A,NAC,D2-D4_MD5_RAT,S,FI	22.8 	21 	22.2 	19.3 	17.5 p	17.8 p	17.7 p	17.1 p
A,NAC,D2-D4_MD5_RAT,S,FR	: @C	: @C	: @C	: @C	: @C	: @C	: @C	: @C
A,NAC,D2-D4_MD5_RAT,S,HR	15.9 	13.7 	15.7 	11.5 	11.5 	11.6 	11.6 	11.6 
A,NAC,D2-D4_MD5_RAT,S,HU	29.7 	23.7 	24.4 	17.5 	16.2 	14.5 	14.5 	14.4 
A,NAC,D2-D4_MD5_RAT,S,IE	12.9 	12.4 	12.9 	4.1 	: @C	: @C	: @C	: @C
A,NAC,D2-D4_MD5_RAT,S,IS	18.1 p	20.6 p	19.8 p	19.7 p	19.8 p	20.0 p	19.9 p	20.0 p
A,NAC,D2-D4_MD5_RAT,S,IT	28.4 	26.7 	26.3 	28.3 	28.1 	28.6 	28.7 	28.7 
A,NAC,D2-D4_MD5_RAT,S,LT	25.4 	25.2 	26.5 	: @C	: @C	: @C	: @C	: @C
A,NAC,D2-D4_MD5_RAT,S,LU	13.1 	12.2 	11.8 	9.6 	9.3 	9.3 	9.4 	9.4 
A,NAC,D2-D4_MD5_RAT,S,LV	19.9 	18.8 	19.2 	20.1 	18.4 	20.7 	20.4 	21.5 
A,NAC,D2-D4_MD5_RAT,S,ME	: 	18.0 	11.2 	: 	: 	: 	: 	: 
A,NAC,D2-D4_MD5_RAT,S,MK	: 	7.4 	1.0 	: 	: 	: 	: 	: 
A,NAC,D2-D4_MD5_RAT,S,MT	8.6 	: 	6.6 	-25.2 	-21.2 	1.2 	6.3 	6.3 
A,NAC,D2-D4_MD5_RAT,S,NL	22.7 	24.9 	24.6 	22.4 	23.9 	27.3 	27.1 	: @C
A,NAC,D2-D4_MD5_RAT,S,NO	: 	18.2 	20.8 	18.1 	18 	17.9 	17.5 	19 
A,NAC,D2-D4_MD5_RAT,S,PL	12 	16.2 	17.4 	15.9 	15.9 	15.9 	15.9 	15.9 
A,NAC,D2-D4_MD5_RAT,S,PT	20.8 	17.9 	20 	18.7 	19 	19.5 	18.9 	19 
A,NAC,D2-D4_MD5_RAT,S,RO	22 	22.1 	19.9 	4.8 	4.8 	4.4 	4.2 	4.2 
A,NAC,D2-D4_MD5_RAT,S,RS	: 	17.2 	14.6 	13.3 	25.5 	29.9 	30.2 	30.7 
A,NAC,D2-D4_MD5_RAT,S,SE	32.9 	31 	32.1 	29.6 	30.9 	30.7 	29.8 	30 
A,NAC,D2-D4_MD5_RAT,S,SI	16.1 	13.6 	15.9 	14.5 	15.7 	15.7 	15.4 	15.4 
A,NAC,D2-D4_MD5_RAT,S,SK	24.6 	25.6 	25.5 	24.8 	21.8 	28.5 	29.2 	31 
A,NAC,D2-D4_MD5_RAT,S,TR	: 	17.3 	17.9 	13.7 	: 	: 	: 	: 
A,NAC,D2-D4_MD5_RAT,S,UK	15.4 	17.3 	17.9 	: 	: 	: 	: 	: 
A,RT_PRE_EUR,D11,B,AT	: 	: 	-1.5 	1.5 	1.3 	1.5 	8.8 p	8.2 p
A,RT_PRE_EUR,D11,B,BE	: 	: 	: 	1.6 	1.4 	7 	7.9 	2.5 
A,RT_PRE_EUR,D11,B,BG	: 	: 	: 	8.2 	7.7 	18.1 	10.5 	6.8 
A,RT_PRE_EUR,D11,B,CY	: 	: 	5.2 	-1.7 	9.7 	0.5 	9.3 	4.5 
A,RT_PRE_EUR,D11,B,CZ	: 	: 	: 	1.8 	4.5 	12.9 	12.6 	-0.7 
A,RT_PRE_EUR,D11,B,DE	: 	: 	: 	-1.6 	1.6 	8.9 	7.2 	4.6 
A,RT_PRE_EUR,D11,B,DK	: 	: 	: @C	: @C	: @C	: @C	: @C	: @C
A,RT_PRE_EUR,D11,B,EA	5.7 	3.4 	1.0 	2.4 	: 	: 	: 	: 
A,RT_PRE_EUR,D11,B,EA19	: 	: 	: 	2.1 	0.4 	3.4 	4.8 	4 
A,RT_PRE_EUR,D11,B,EA20	: 	: 	: 	: 	0.3 d	3.4 	4.8 	4 
A,RT_PRE_EUR,D11,B,EE	: 	: 	: 	-0.2 	6.4 	8.6 	9.5 	5.7 
A,RT_PRE_EUR,D11,B,EL	: 	: 	2.3 	1.6 	-1.5 	-5.5 	1.1 	20.4 
A,RT_PRE_EUR,D11,B,ES	: 	: 	6.6 	7.1 	1 	-7.9 	1.7 	4.1 
A,RT_PRE_EUR,D11,B,EU27_2020	: 	: 	: 	4.1 	2.3 	8.8 	9 	5.5 
A,RT_PRE_EUR,D11,B,FI	-2.8 p	6.0 p	-13.8 p	5.0 p	-2.1 p	1.5 p	4.6 p	2.7 p
A,RT_PRE_EUR,D11,B,FR	: 	: 	: 	1.7 	1.6 	2.5 	3.1 	4 
A,RT_PRE_EUR,D11,B,HR	: 	: 	: 	-0.5 	-4.1 	0 	14.3 	10.7 
A,RT_PRE_EUR,D11,B,HU	: 	: 	: 	-3.2 	2 	7.5 	21.2 	13 
A,RT_PRE_EUR,D11,B,IE	: 	: 	: 	5.2 	4 	14.6 	5 	0.1 
A,RT_PRE_EUR,D11,B,IS	: 	: @C	: @C	: @C	: @C	: @C	: @C	: @C
A,RT_PRE_EUR,D11,B,IT	: 	: 	: 	1.5 	-2.2 	3.1 	0.5 	-2.5 
A,RT_PRE_EUR,D11,B,LT	: 	: 	: 	5.6 	7.3 	7.6 	16.9 	8.8 
A,RT_PRE_EUR,D11,B,LU	: 	: 	: 	1.5 	-1.7 	5.7 	4.8 	3.7 
A,RT_PRE_EUR,D11,B,LV	: 	: 	: 	6.6 	-3.9 	12.2 	13.7 	13 
A,RT_PRE_EUR,D11,B,MT	: 	: 	: 	5.8 	-2.9 	-1 	3.9 	-4.3 
A,RT_PRE_EUR,D11,B,NL	: 	: 	: 	5.9 	-5.7 	-0.2 	7.3 	: @C
A,RT_PRE_EUR,D11,B,NO	: 	: 	: 	-6.5 	7 	6 	-8.3 	1.5 
A,RT_PRE_EUR,D11,B,PL	: 	: 	: 	4.2 	2.5 	19 	20.6 	13.1 
A,RT_PRE_EUR,D11,B,PT	: 	: 	: 	2.7 	8.2 	4.5 	6 	8.9 
A,RT_PRE_EUR,D11,B,RO	: 	: 	: 	5.1 b	3.4 	11.8 	14.6 	9.6 
A,RT_PRE_EUR,D11,B,RS	: 	: 	: 	5.5 	6.3 	3.8 	12.2 	10.4 
A,RT_PRE_EUR,D11,B,SE	: 	: 	: 	4.7 	8.2 	-3.7 	-0.1 	3.7 
A,RT_PRE_EUR,D11,B,SI	: 	: 	: 	1.6 	6 	5.2 	11.4 	8.2 
A,RT_PRE_EUR,D11,B,SK	: 	: 	: 	2.6 	7.8 	12.8 	0.1 	16.6 
A,RT_PRE_EUR,D11,B,TR	: 	: 	: 	-3.5 	-6.8 	6.6 	36.6 	42.2 
A,RT_PRE_EUR,D11,B-E,AT	: 	: 	1.6 	3.2 	1.2 	6 	7.4 p	6.8 p
A,RT_PRE_EUR,D11,B-E,BE	: 	: 	: 	1.7 	1.3 	7 	7.7 	3.4 
A,RT_PRE_EUR,D11,B-E,BG	: 	: 	: 	5.3 	6.8 	17.8 	16.6 	11.8 
A,RT_PRE_EUR,D11,B-E,CY	: 	: 	: 	0.1 	0.4 	3.5 	5.4 	5.2 
A,RT_PRE_EUR,D11,B-E,CZ	: 	: 	: 	3.3 	5 	9.3 	11.1 	1.5 
A,RT_PRE_EUR,D11,B-E,DE	: 	: 	: 	1.1 	0.2 	3.8 	5 	4.6 
A,RT_PRE_EUR,D11,B-E,DK	: 	: 	2.4 	1.1 	3.5 	3.1 	2.8 	3.5 
A,RT_PRE_EUR,D11,B-E,EA19	: 	: 	: 	2.3 	0.3 	3.9 	5.1 	4.5 
A,RT_PRE_EUR,D11,B-E,EA20	: 	: 	: 	: 	0.4 	4 	5.1 	4.5 
A,RT_PRE_EUR,D11,B-E,EE	: 	: 	: 	3.2 	4.4 	13.4 	6.8 	8.7 
A,RT_PRE_EUR,D11,B-E,EL	: 	: 	: 	2.3 	-0.2 	5.2 	3.4 	5.6 
A,RT_PRE_EUR,D11,B-E,ES	: 	: 	0.2 	3 	-1 	3.1 	4.9 	4.3 
A,RT_PRE_EUR,D11,B-E,EU27_2020	: 	: 	: 	2.6 	1 	4.6 	5.9 	5.1 
A,RT_PRE_EUR,D11,B-E,FI	-6.4 p	1.0 p	-3.0 p	-1.4 p	5.2 p	3.1 p	3.2 p	2.5 p
A,RT_PRE_EUR,D11,B-E,FR	: 	: 	: 	3.1 	0.7 	3.9 	4.2 	3.1 
A,RT_PRE_EUR,D11,B-E,HR	: 	: 	: 	-1.1 	3.4 	7.9 	13 	13.4 
A,RT_PRE_EUR,D11,B-E,HU	: 	: 	: 	-0.6 	5.4 	5.1 	22.4 	8.3 
A,RT_PRE_EUR,D11,B-E,IE	: 	: 	: 	3.8 	3.8 	3.7 	5.3 	5.6 
A,RT_PRE_EUR,D11,B-E,IS	: 	6.7 d	18.2 d	-8.6 d	11.3 d	14.1 p	4.1 p	6.9 p
A,RT_PRE_EUR,D11,B-E,IT	: 	: 	: 	3 	-1.7 	3.1 	3.8 	4.1 
A,RT_PRE_EUR,D11,B-E,LT	: 	: 	: 	8.2 	9.3 	12.6 	11.1 	10.1 
A,RT_PRE_EUR,D11,B-E,LU	: 	: 	: 	0.1 	0.9 	4.9 	6.4 	2.5 
A,RT_PRE_EUR,D11,B-E,LV	: 	: 	: 	6.1 	2.7 	9.6 	11.5 	11 
A,RT_PRE_EUR,D11,B-E,MT	: 	: 	: 	0.6 	1.6 	8.7 	6.5 	6.5 
A,RT_PRE_EUR,D11,B-E,NL	: 	: 	: 	5.9 	0.3 	2.9 	6.3 	4.6 
A,RT_PRE_EUR,D11,B-E,NO	: 	: 	: 	-6.1 	8 	3.2 	-6.9 	3.5 
A,RT_PRE_EUR,D11,B-E,PL	: 	: 	: 	2.3 	4.8 	9.1 	15.5 	17.3 
A,RT_PRE_EUR,D11,B-E,PT	: 	: 	: 	8.4 	1.7 	5.5 	5.6 	7.6 
A,RT_PRE_EUR,D11,B-E,RO	: 	: 	: 	6 b	4.3 	13.6 	16.7 	11.6 
A,RT_PRE_EUR,D11,B-E,RS	: 	: 	: 	11.9 	5.9 	13.3 	14.5 	14.6 
A,RT_PRE_EUR,D11,B-E,SE	: 	: 	: 	1.6 	7 	-2.1 	-3 	4.7 
A,RT_PRE_EUR,D11,B-E,SI	: 	: 	: 	2.5 	5.3 	8 	10.8 	6.6 
A,RT_PRE_EUR,D11,B-E,SK	: 	: 	: 	8.3 	5.3 	6.1 	8.7 	6.5 
A,RT_PRE_EUR,D11,B-E,TR	: 	: 	: 	-6.6 	-8.1 	4.5 	39.4 	42.7 
A,RT_PRE_EUR,D11,B-F,MT	: 	: 	: 	1.1 	2.3 	6.6 	5.5 	: 
A,RT_PRE_EUR,D11,B-N,AT	: 	: 	0 	6.4 	0.3 	4.8 	5.7 p	7.8 p
A,RT_PRE_EUR,D11,B-N,BE	: 	: 	: 	1.5 	1.2 	6 	8.6 	2.4 
A,RT_PRE_EUR,D11,B-N,BG	: 	: 	: 	6.3 	7.7 	16.3 	14.9 	13.6 
A,RT_PRE_EUR,D11,B-N,CY	: 	: 	: 	-1.5 	1.1 	8 	5.7 	5.1 
A,RT_PRE_EUR,D11,B-N,CZ	: 	: 	: 	3.7 	6.2 	8.5 	11.2 	1.7 
A,RT_PRE_EUR,D11,B-N,DE	: 	: 	: 	2.3 	1.2 	5.4 	4.8 	5.1 
A,RT_PRE_EUR,D11,B-N,DK	: 	: 	0.6 	1.7 	2.9 	2.2 	2.7 	3.1 
A,RT_PRE_EUR,D11,B-N,EA19	: 	: 	: 	3.3 	1 	4.5 	5 	4.4 
A,RT_PRE_EUR,D11,B-N,EA20	: 	: 	: 	: 	1 	4.5 	5.1 	4.4 
A,RT_PRE_EUR,D11,B-N,EE	: 	: 	: 	1.8 	6.1 	9.5 	10.2 	7.2 
A,RT_PRE_EUR,D11,B-N,EL	: 	: 	: 	4 	1 	8.9 	8.1 	6.8 
A,RT_PRE_EUR,D11,B-N,ES	: 	: 	-0.5 	4.4 	0.1 	2.2 	4.7 	4.3 
A,RT_PRE_EUR,D11,B-N,EU27_2020	: 	: 	: 	3.5 	1.5 	5 	5.7 	4.9 
A,RT_PRE_EUR,D11,B-N,FI	-4.9 p	-0.7 p	-1.8 p	-0.8 p	5.7 p	1.8 p	3.6 p	2.4 p
A,RT_PRE_EUR,D11,B-N,FR	: 	: 	: 	3.3 	1 	4 	4 	2.7 
A,RT_PRE_EUR,D11,B-N,HR	: 	: 	: 	-3.2 	2.8 	9.3 	13.9 	11.6 
A,RT_PRE_EUR,D11,B-N,HU	: 	: 	: 	0.1 	5.1 	5.9 	20.5 	8.6 
A,RT_PRE_EUR,D11,B-N,IE	: 	: 	: 	3.4 	4.6 	3.7 	4.7 	6.1 
A,RT_PRE_EUR,D11,B-N,IS	: 	7.5 d	17.0 p	-6.9 p	11.2 p	11.9 p	3.1 p	6.8 p
A,RT_PRE_EUR,D11,B-N,IT	: 	: 	: 	4.4 	-1 	2.2 	2.8 	3.1 
A,RT_PRE_EUR,D11,B-N,LT	: 	: 	: 	9.9 	10.6 	13.8 	12.5 	9.7 
A,RT_PRE_EUR,D11,B-N,LU	: 	: 	: 	0.5 	2.5 	5.5 	6.3 	2.2 
A,RT_PRE_EUR,D11,B-N,LV	: 	: 	: 	5.9 	4.1 	7.5 	11.5 	12.3 
A,RT_PRE_EUR,D11,B-N,MT	: 	: 	: 	3.2 	0 	4.7 	3.7 	1.9 
A,RT_PRE_EUR,D11,B-N,NL	: 	: 	: 	5.9 	0.9 	2.9 	6.8 	4.7 
A,RT_PRE_EUR,D11,B-N,NO	: 	: 	: 	-5.8 	9.6 	2.2 	-6.6 	4.1 
A,RT_PRE_EUR,D11,B-N,PL	: 	: 	: 	1.9 	5 	9.9 	15.6 	17.1 
A,RT_PRE_EUR,D11,B-N,PT	: 	: 	: 	8.5 	1.3 	4.8 	5.3 	6.5 
A,RT_PRE_EUR,D11,B-N,RO	: 	: 	: 	5.7 b	4.2 	14.2 	16.9 	12.6 
A,RT_PRE_EUR,D11,B-N,RS	: 	: 	: 	14 	6.9 	16.8 	13.7 	13.5 
A,RT_PRE_EUR,D11,B-N,SE	: 	: 	: 	3.1 	6.2 	-1.3 	-3.1 	4.7 
A,RT_PRE_EUR,D11,B-N,SI	: 	: 	: 	2.8 	5.2 	7.7 	10.6 	7.5 
A,RT_PRE_EUR,D11,B-N,SK	: 	: 	: 	8.5 	5.3 	7.2 	9.1 	5.9 
A,RT_PRE_EUR,D11,B-S,MT	: 	: 	: 	4.4 	2.6 	3.0 	3.5 	: 
A,RT_PRE_EUR,D11,B-S_X_O,AT	: 	: 	0 	6.9 	0.3 	5.2 	5.7 p	8.4 p
A,RT_PRE_EUR,D11,B-S_X_O,BE	: 	: 	: 	1.5 	1.1 	6.2 	8.4 	2.4 
A,RT_PRE_EUR,D11,B-S_X_O,BG	: 	: 	: 	7.4 	9.2 	14.8 	14.5 	13.9 
A,RT_PRE_EUR,D11,B-S_X_O,CY	: 	: 	: 	-1 	1 	7.3 	6.1 	4.8 
A,RT_PRE_EUR,D11,B-S_X_O,CZ	: 	: 	: 	4.7 	7 	7 	10.5 	1.3 
A,RT_PRE_EUR,D11,B-S_X_O,DE	: 	: 	: 	2.8 	1.3 	4.7 	4.6 	5.2 
A,RT_PRE_EUR,D11,B-S_X_O,DK	: 	: 	1.2 	2.1 	2.5 	2.2 	2.5 	3.7 
A,RT_PRE_EUR,D11,B-S_X_O,EA19	: 	: 	: 	3.7 	1.1 	4 	4.9 	4.4 
A,RT_PRE_EUR,D11,B-S_X_O,EA20	: 	: 	: 	: 	1.1 	4 	4.9 	4.5 
A,RT_PRE_EUR,D11,B-S_X_O,EE	: 	: 	: 	2.3 	6.4 	8.8 	11.7 	7.3 
A,RT_PRE_EUR,D11,B-S_X_O,EL	: 	: 	: 	4 	1.2 	6 	6.8 	5.5 
A,RT_PRE_EUR,D11,B-S_X_O,ES	: 	: 	-0.1 	4.8 	0 	2.2 	4.5 	4.2 
A,RT_PRE_EUR,D11,B-S_X_O,EU27_2020	: 	: 	: 	3.8 	1.6 	4.4 	5.4 	5.1 
A,RT_PRE_EUR,D11,B-S_X_O,FI	-6.1 p	-0.7 p	-1.5 p	-0.5 p	5.2 p	2.4 p	3.0 p	2.5 p
A,RT_PRE_EUR,D11,B-S_X_O,FR	: 	: 	: 	3.5 	1.4 	3.8 	4.2 	2.6 
A,RT_PRE_EUR,D11,B-S_X_O,HR	: 	: 	: 	-1.7 	3.2 	8.7 	14.2 	14.2 
A,RT_PRE_EUR,D11,B-S_X_O,HU	: 	: 	: 	0.9 	6.4 	6.6 	20.2 	9.9 
A,RT_PRE_EUR,D11,B-S_X_O,IE	: 	: 	: 	3.2 	4 	4 	4.6 	5.6 
A,RT_PRE_EUR,D11,B-S_X_O,IS	: 	7.1 d	18.7 d	-9.0 d	13.7 d	12.9 p	3.1 p	6.5 p
A,RT_PRE_EUR,D11,B-S_X_O,IT	: 	: 	: 	3.7 	-0.8 	1.6 	2.2 	3.3 
A,RT_PRE_EUR,D11,B-S_X_O,LT	: 	: 	: 	10.7 	11 	13.4 	12.3 	10.7 
A,RT_PRE_EUR,D11,B-S_X_O,LU	: 	: 	: 	0.6 	2.6 	5.3 	6.3 	2.1 
A,RT_PRE_EUR,D11,B-S_X_O,LV	: 	: 	: 	6 	6.8 	7 	11.2 	12.1 
A,RT_PRE_EUR,D11,B-S_X_O,MT	: 	: 	: 	4 	1.8 	3.6 	2.9 	4.9 
A,RT_PRE_EUR,D11,B-S_X_O,NL	: 	: 	: 	6.8 	0.4 	2.8 	6.9 	5 
A,RT_PRE_EUR,D11,B-S_X_O,NO	: 	: 	: 	-5.7 	8.4 	2.5 	-6.2 	3.5 
A,RT_PRE_EUR,D11,B-S_X_O,PL	: 	: 	: 	2.7 	5.3 	8.8 	15.9 	19 
A,RT_PRE_EUR,D11,B-S_X_O,PT	: 	: 	: 	9.4 	1.3 	4.4 	5.5 	6.9 
A,RT_PRE_EUR,D11,B-S_X_O,RO	: 	: 	: 	5.9 b	3.1 	12 	16.2 	13.6 
A,RT_PRE_EUR,D11,B-S_X_O,RS	: 	: 	: 	14.7 	7.1 	15.3 	13.4 	13.6 
A,RT_PRE_EUR,D11,B-S_X_O,SE	: 	: 	: 	3.4 	6 	-1.5 	-3.5 	4.3 
A,RT_PRE_EUR,D11,B-S_X_O,SI	: 	: 	: 	5 	5.3 	5 	10.4 	6.7 
A,RT_PRE_EUR,D11,B-S_X_O,SK	: 	: 	: 	9.7 	5.7 	6.1 	9.5 	6.3 
A,RT_PRE_EUR,D11,C,AT	: 	: 	1.9 	3 	1.3 	6.1 	7.4 p	6.8 p
A,RT_PRE_EUR,D11,C,BE	: 	: 	: 	1.7 	1.3 	6.9 	7.8 	3.4 
A,RT_PRE_EUR,D11,C,BG	: 	: 	: 	4.8 	7.3 	18.1 	17.6 	12.5 
A,RT_PRE_EUR,D11,C,CY	: 	: 	: 	-0.5 	-0.4 	2.9 	5.2 	5.6 
A,RT_PRE_EUR,D11,C,CZ	: 	: 	: 	3.4 	4.8 	9.1 	10.8 	1.5 
A,RT_PRE_EUR,D11,C,DE	: 	: 	: 	1.1 	0.2 	3.6 	4.8 	4.8 
A,RT_PRE_EUR,D11,C,DK	: 	: 	2.4 	1.1 	3.1 	2.6 	2.6 	3.5 
A,RT_PRE_EUR,D11,C,EA	3.4 	2.8 	1.5 	2.2 	: 	: 	: 	: 
A,RT_PRE_EUR,D11,C,EA19	: 	: 	: 	2.3 	0.3 	3.9 	5 	4.6 
A,RT_PRE_EUR,D11,C,EA20	: 	: 	: 	: 	0.3 	3.9 	5 	4.7 
A,RT_PRE_EUR,D11,C,EE	: 	: 	: 	3.3 	4.4 	13.9 	6.1 	8.8 
A,RT_PRE_EUR,D11,C,EL	: 	: 	: 	2.8 	-1.4 	5.7 	2.8 	6.8 
A,RT_PRE_EUR,D11,C,ES	: 	: 	0.2 	2.8 	-1.1 	3.1 	5.2 	4.6 
A,RT_PRE_EUR,D11,C,EU27_2020	: 	: 	: 	2.6 	1 	4.5 	5.7 	5.2 
A,RT_PRE_EUR,D11,C,FI	-5.3 p	1.0 p	-3.1 p	-1.7 p	5.8 p	3.0 p	3.5 p	2.2 p
A,RT_PRE_EUR,D11,C,FR	: 	: 	: 	3 	0.7 	4.1 	4 	3.3 
A,RT_PRE_EUR,D11,C,HR	: 	: 	: 	-1.3 	3.6 	8.6 	13.9 	12.8 
A,RT_PRE_EUR,D11,C,HU	: 	: 	: 	-0.5 	5.7 	5.4 	22.5 	7.9 
A,RT_PRE_EUR,D11,C,IE	: 	: 	: 	3.7 	3.9 	3.3 	5.3 	5.1 
A,RT_PRE_EUR,D11,C,IS	: 	5.7 p	16.9 p	-9.8 p	12.8 p	14.2 p	4.1 p	7.1 p
A,RT_PRE_EUR,D11,C,IT	: 	: 	: 	3.3 	-1.7 	3.1 	4.1 	4.3 
A,RT_PRE_EUR,D11,C,LT	: 	: 	: 	8 	9.6 	12.9 	10.6 	10 
A,RT_PRE_EUR,D11,C,LU	: 	: 	: 	0.2 	0.9 	5 	6.4 	2.4 
A,RT_PRE_EUR,D11,C,LV	: 	: 	: 	6.7 	2.4 	9.1 	10.4 	11.2 
A,RT_PRE_EUR,D11,C,MT	: 	: 	: 	0.1 	1.7 	9.6 	6.7 	6.7 
A,RT_PRE_EUR,D11,C,NL	: 	: 	: 	6.2 	0.3 	2.9 	6.2 	: @C
A,RT_PRE_EUR,D11,C,NO	: 	: 	: 	-5.9 	8.5 	1.7 	-6.2 	4.2 
A,RT_PRE_EUR,D11,C,PL	: 	: 	: 	2.2 	5.2 	8.3 	14.9 	17.8 
A,RT_PRE_EUR,D11,C,PT	: 	: 	: 	8.8 	1.9 	5.1 	5.8 	7.7 
A,RT_PRE_EUR,D11,C,RO	: 	: 	: 	5.8 b	4.5 	13.6 	16.7 	11.7 
A,RT_PRE_EUR,D11,C,RS	: 	: 	: 	12.5 	6 	15.4 	15.3 	15.4 
A,RT_PRE_EUR,D11,C,SE	: 	: 	: 	1.5 	7 	-2.1 	-3 	4.7 
A,RT_PRE_EUR,D11,C,SI	: 	: 	: 	2.5 	5.4 	8.1 	10.7 	6.7 
A,RT_PRE_EUR,D11,C,SK	: 	: 	: 	8.4 	5.5 	6 	8.5 	6.1 
A,RT_PRE_EUR,D11,C,TR	: 	: 	: 	-6.6 	-8.2 	4.5 	40 	42.7 
A,RT_PRE_EUR,D11,D,AT	: 	: 	2.2 	2.7 	-1.3 	6.2 	6.6 p	5.3 p
A,RT_PRE_EUR,D11,D,BE	: 	: 	: 	2.1 	1.5 	8.5 	5 	2.9 
A,RT_PRE_EUR,D11,D,BG	: 	: 	: 	5.8 	4.4 	19.4 	14.2 	7.3 
A,RT_PRE_EUR,D11,D,CY	: 	: 	0.7 	5.3 	4.7 	9.4 	6.8 	3.3 
A,RT_PRE_EUR,D11,D,CZ	: 	: 	: 	4.5 	8.1 	11.9 	16.5 	1.1 
A,RT_PRE_EUR,D11,D,DE	: 	: 	: 	1.3 	-1 	6.4 	8.5 	2.9 
A,RT_PRE_EUR,D11,D,DK	: 	: 	2.4 	0.4 	7.7 	9 	6.3 	5.9 
A,RT_PRE_EUR,D11,D,EA19	: 	: 	: 	2.2 	0.7 	4.8 	6.7 	3 
A,RT_PRE_EUR,D11,D,EA20	: 	: 	: 	: 	0.7 d	4.8 	6.7 	3.1 
A,RT_PRE_EUR,D11,D,EE	: 	: 	: 	4.1 	3.4 	10.8 	13.7 	9.8 
A,RT_PRE_EUR,D11,D,EL	: 	: 	: 	2.4 	7.3 	5.9 	7.2 	-7.8 
A,RT_PRE_EUR,D11,D,ES	: 	: 	-1 	2.6 	6.5 	-1.1 	1 	-0.6 
A,RT_PRE_EUR,D11,D,EU27_2020	: 	: 	: 	2.6 	1.4 	5.7 	7.6 	3.9 
A,RT_PRE_EUR,D11,D,FI	-25.6 p	-1.5 p	0.5 p	-5.0 p	7.7 p	3.9 p	-3.1 p	6.4 p
A,RT_PRE_EUR,D11,D,FR	: 	: 	: 	3.3 	1.9 	2.8 	7.1 	1.7 
A,RT_PRE_EUR,D11,D,HR	: 	: 	: 	-1 	4.2 	3.8 	5.6 	18 
A,RT_PRE_EUR,D11,D,HU	: 	: 	: 	-1 	2 	-0.1 	20.8 	8.5 
A,RT_PRE_EUR,D11,D,IE	: 	: 	: 	3.4 	3.4 	3.2 	2.3 	14.3 
A,RT_PRE_EUR,D11,D,IS	: 	16.6 p	32.1 p	1.6 p	0.1 p	13.4 p	4.3 p	5.8 p
A,RT_PRE_EUR,D11,D,IT	: 	: 	: 	0.1 	0.6 	2.4 	1.4 	3.9 
A,RT_PRE_EUR,D11,D,LT	: 	: 	: 	11.1 	7.9 	11.3 	13.4 	11.4 
A,RT_PRE_EUR,D11,D,LU	: 	: 	: 	-1.3 	1.3 	4.1 	6.1 	2.6 
A,RT_PRE_EUR,D11,D,LV	: 	: 	: 	2 	6.7 	10.4 	18.6 	7.7 
A,RT_PRE_EUR,D11,D,MT	: 	: 	: 	6.8 	4.1 	1.3 	8.6 	11.6 
A,RT_PRE_EUR,D11,D,NL	: 	: 	: 	3.5 	1.1 	3.6 	8 	: @C
A,RT_PRE_EUR,D11,D,NO	: 	: 	: 	-5.9 	10.2 	5.4 	-6.8 	5 
A,RT_PRE_EUR,D11,D,PL	: 	: 	: 	1.7 	2.3 	8.7 	17.8 	15.6 
A,RT_PRE_EUR,D11,D,PT	: 	: 	: 	0.1 	-7.9 	18.7 	0.1 	1.4 
A,RT_PRE_EUR,D11,D,RO	: 	: 	: 	8.8 b	4.6 	16.5 	18.1 	8.7 
A,RT_PRE_EUR,D11,D,RS	: 	: 	: 	10.2 	2.8 	4.6 	8.9 	9.2 
A,RT_PRE_EUR,D11,D,SE	: 	: 	: 	1.4 	6.8 	-1.4 	-2.7 	4.9 
A,RT_PRE_EUR,D11,D,SI	: 	: 	: 	0.9 	3.6 	7.6 	10.2 	3 
A,RT_PRE_EUR,D11,D,SK	: 	: 	: 	8.8 	1.7 	5.5 	12.6 	9.4 
A,RT_PRE_EUR,D11,D,TR	: 	: 	: 	-8.5 	-6.3 	5.7 	33 	39.9 
A,RT_PRE_EUR,D11,E,AT	: 	: 	-4.8 	4.1 	-2.2 	6.3 	7.4 p	7.7 p
A,RT_PRE_EUR,D11,E,BE	: 	: 	: 	1.1 	1.3 	5.8 	9.2 	2.1 
A,RT_PRE_EUR,D11,E,BG	: 	: 	: 	9.2 	3.9 	11.4 	14.5 	14.3 
A,RT_PRE_EUR,D11,E,CY	: 	: 	: 	1.1 	0.6 	3.5 	5.5 	3.6 
A,RT_PRE_EUR,D11,E,CZ	: 	: 	: 	2.5 	7 	9.2 	12 	3 
A,RT_PRE_EUR,D11,E,DE	: 	: 	: 	2.7 	2 	5.7 	6.7 	1.3 
A,RT_PRE_EUR,D11,E,DK	: 	: 	: @C	: @C	: @C	: @C	: @C	: @C
A,RT_PRE_EUR,D11,E,EA19	: 	: 	: 	3 	0.7 	4.8 	5 	3.2 
A,RT_PRE_EUR,D11,E,EA20	: 	: 	: 	: 	0.7 	4.8 	5 	3.3 
A,RT_PRE_EUR,D11,E,EE	: 	: 	: 	3.5 	5.4 	8.5 	12.9 	5.8 
A,RT_PRE_EUR,D11,E,EL	: 	: 	: 	-0.1 	0.6 	3.8 	4.6 	11.2 
A,RT_PRE_EUR,D11,E,ES	: 	: 	-0.1 	3.5 	1.7 	6 	2.5 	3.6 
A,RT_PRE_EUR,D11,E,EU27_2020	: 	: 	: 	3.2 	1.4 	5.3 	5.9 	4.5 
A,RT_PRE_EUR,D11,E,FI	-16.8 p	-3.5 p	-1.1 p	5.6 p	-2.4 p	3.4 p	3.1 p	5.0 p
A,RT_PRE_EUR,D11,E,FR	: 	: 	: 	5.6 	-0.9 	3.1 	4.4 	2.7 
A,RT_PRE_EUR,D11,E,HR	: 	: 	: 	-0.1 	1.9 	6.8 	11.2 	15.2 
A,RT_PRE_EUR,D11,E,HU	: 	: 	: 	-1.3 	4.2 	4.2 	22 	14.7 
A,RT_PRE_EUR,D11,E,IE	: 	: 	: 	6.4 	2.8 	8.5 	11 	4.6 
A,RT_PRE_EUR,D11,E,IS	: 	7.2 p	20.3 p	-7.5 p	10.9 p	14.7 p	3.8 p	6.1 p
A,RT_PRE_EUR,D11,E,IT	: 	: 	: 	0.4 	-1.8 	3.2 	1.2 	3.4 
A,RT_PRE_EUR,D11,E,LT	: 	: 	: 	7.6 	7.6 	9.5 	16.8 	10.3 
A,RT_PRE_EUR,D11,E,LU	: 	: 	: 	0.6 	1.7 	3.9 	7.9 	3.2 
A,RT_PRE_EUR,D11,E,LV	: 	: 	: 	5.5 	1.1 	13.2 	13 	13.5 
A,RT_PRE_EUR,D11,E,MT	: 	: 	: 	5.1 	1 	1 	3 	2 
A,RT_PRE_EUR,D11,E,NL	: 	: 	: 	2.4 	1.5 	4.5 	6.4 	: @C
A,RT_PRE_EUR,D11,E,NO	: 	: 	: 	-6 	6.5 	1.6 	-7.6 	5 
A,RT_PRE_EUR,D11,E,PL	: 	: 	: 	1.3 	4.4 	7.5 	14.4 	18.8 
A,RT_PRE_EUR,D11,E,PT	: 	: 	: 	6.7 	2.2 	6.1 	3.3 	8.8 
A,RT_PRE_EUR,D11,E,RO	: 	: 	: 	6.1 b	2.4 	12 	17.1 	15 
A,RT_PRE_EUR,D11,E,RS	: 	: 	: 	15.8 	9.7 	11.3 	13.1 	14.8 
A,RT_PRE_EUR,D11,E,SE	: 	: 	: 	1.7 	6.9 	-2.3 	-4 	5.2 
A,RT_PRE_EUR,D11,E,SI	: 	: 	: 	3 	4.3 	7.3 	12.3 	6.7 
A,RT_PRE_EUR,D11,E,SK	: 	: 	: 	6.6 	5.8 	7.4 	9.2 	7.4 
A,RT_PRE_EUR,D11,E,TR	: 	: 	: 	-8.3 	-13.2 	-7.2 	28 	49.7 
A,RT_PRE_EUR,D11,F,AT	: 	: 	-0.2 	3.6 	0.2 	5.6 	0.8 p	7.0 p
A,RT_PRE_EUR,D11,F,BE	: 	: 	: 	1.5 	1 	5.8 	8.9 	2.3 
A,RT_PRE_EUR,D11,F,BG	: 	: 	: 	2.9 	10.9 	11.2 	17.2 	18 
A,RT_PRE_EUR,D11,F,CY	: 	: 	: 	-1.1 	2.3 	3.2 	4.1 	4.1 
A,RT_PRE_EUR,D11,F,CZ	: 	: 	: 	2.3 	7.5 	6.3 	12.1 	1.8 
A,RT_PRE_EUR,D11,F,DE	: 	: 	: 	2.9 	3.2 	6.4 	4 	5.9 
A,RT_PRE_EUR,D11,F,DK	: 	: 	1.2 	2 	4.3 	1.2 	2.9 	2.8 
A,RT_PRE_EUR,D11,F,EA	4.4 	2.8 	1.7 	3.5 	: 	: 	: 	: 
A,RT_PRE_EUR,D11,F,EA19	: 	: 	: 	3.6 	1.5 	5 	4.6 	4.8 
A,RT_PRE_EUR,D11,F,EA20	: 	: 	: 	: 	1.6 	5.1 	4.6 	4.9 
A,RT_PRE_EUR,D11,F,EE	: 	: 	: 	2.7 	6.5 	4.8 	4.8 	6.4 
A,RT_PRE_EUR,D11,F,EL	: 	: 	: 	5.6 	-2.2 	8 	6.8 	8.2 
A,RT_PRE_EUR,D11,F,ES	: 	: 	-0.7 	2.4 	-0.6 	3.7 	3.1 	1.4 
A,RT_PRE_EUR,D11,F,EU27_2020	: 	: 	: 	3.5 	1.9 	5.3 	5.2 	5.4 
A,RT_PRE_EUR,D11,F,FI	6.2 p	2.1 p	-3.0 p	-1.5 p	6.2 p	2.4 p	1.0 p	4.6 p
A,RT_PRE_EUR,D11,F,FR	: 	: 	: 	4 	0.4 	3.9 	4.1 	2.8 
A,RT_PRE_EUR,D11,F,HR	: 	: 	: 	-1.6 	3.7 	9.3 	17.1 	10.8 
A,RT_PRE_EUR,D11,F,HU	: 	: 	: 	2.3 	6 	7.7 	19.8 	11 
A,RT_PRE_EUR,D11,F,IE	: 	: 	: 	1.9 	5.8 	4.2 	3.4 	8.3 
A,RT_PRE_EUR,D11,F,IS	: 	12.0 p	27.1 p	4.8 p	-4.1 p	13.4 p	4.3 p	7.5 p
A,RT_PRE_EUR,D11,F,IT	: 	: 	: 	1.5 	0.6 	3.6 	3.4 	5.4 
A,RT_PRE_EUR,D11,F,LT	: 	: 	: 	10.6 	11.7 	10.2 	16.7 	12.5 
A,RT_PRE_EUR,D11,F,LU	: 	: 	: 	0.7 	1.9 	5.5 	6.7 	3.3 
A,RT_PRE_EUR,D11,F,LV	: 	: 	: 	10.2 	-0.3 	4.6 	8.1 	13.9 
A,RT_PRE_EUR,D11,F,MT	: 	: 	: 	2.4 	4 	1.5 	4 	2.3 
A,RT_PRE_EUR,D11,F,NL	: 	: 	: 	9.1 	-2.2 	2.7 	5.9 	5.3 
A,RT_PRE_EUR,D11,F,NO	: 	: 	: 	-5.6 	6.3 	1.1 	-5.8 	3.6 
A,RT_PRE_EUR,D11,F,PL	: 	: 	: 	0.8 	4.5 	8.2 	11.8 	20 
A,RT_PRE_EUR,D11,F,PT	: 	: 	: 	3.4 	6.1 	5.8 	3.9 	7.4 
A,RT_PRE_EUR,D11,F,RO	: 	: 	: 	2.7 b	2.3 	11.6 	24.7 	15.7 
A,RT_PRE_EUR,D11,F,RS	: 	: 	: 	10.3 	7.2 	14.2 	14 	14.9 
A,RT_PRE_EUR,D11,F,SE	: 	: 	: 	3.3 	5.3 	-0.4 	-3.1 	4.8 
A,RT_PRE_EUR,D11,F,SI	: 	: 	: 	5.2 	6.2 	7 	10.4 	10.4 
A,RT_PRE_EUR,D11,F,SK	: 	: 	: 	2.8 	6.4 	8.9 	10.1 	8.7 
A,RT_PRE_EUR,D11,F,TR	: 	: 	: 	-11.5 	-11.1 	3.3 	42.4 	36.3 
A,RT_PRE_EUR,D11,G,AT	: 	: 	1.2 	4.7 	-0.2 	5 	0.0 p	10.7 p
A,RT_PRE_EUR,D11,G,BE	: 	: 	: 	1.4 	1.3 	5.9 	9 	2 
A,RT_PRE_EUR,D11,G,BG	: 	: 	: 	8.8 	7.1 	17.3 	14 	15.8 
A,RT_PRE_EUR,D11,G,CY	: 	: 	: 	-2.8 	1.3 	6.6 	4.5 	4.5 
A,RT_PRE_EUR,D11,G,CZ	: 	: 	: 	3.6 	9 	6.6 	9.5 	0.9 
A,RT_PRE_EUR,D11,G,DE	: 	: 	: 	4 	1.6 	4.4 	5 	3.8 
A,RT_PRE_EUR,D11,G,DK	: 	: 	-0.8 	1.6 	2.2 	1.9 	2.1 	3.2 
A,RT_PRE_EUR,D11,G,EA	2.8 	2.7 	1.5 	4.3 	: 	: 	: 	: 
A,RT_PRE_EUR,D11,G,EA19	: 	: 	: 	4.4 	1.2 	3.7 	5.1 	3.9 
A,RT_PRE_EUR,D11,G,EA20	: 	: 	: 	: 	1.2 	3.8 	5.2 	4 
A,RT_PRE_EUR,D11,G,EE	: 	: 	: 	-8.1 	9.9 	7.5 	9.3 	5.9 
A,RT_PRE_EUR,D11,G,EL	: 	: 	: 	2 	-0.7 	1.8 	9.8 	6.2 
A,RT_PRE_EUR,D11,G,ES	: 	: 	-2.2 	1.9 	0.2 	5.2 	5.5 	4.8 
A,RT_PRE_EUR,D11,G,EU27_2020	: 	: 	: 	4.5 	1.7 	4.3 	5.6 	4.6 
A,RT_PRE_EUR,D11,G,FI	-1.7 p	2.7 p	-1.2 p	-2.2 p	7.2 p	2.4 p	0.9 p	2.1 p
A,RT_PRE_EUR,D11,G,FR	: 	: 	: 	3.8 	1 	3.3 	4.1 	2.3 
A,RT_PRE_EUR,D11,G,HR	: 	: 	: 	-2.5 	3.1 	10.4 	14.4 	12.7 
A,RT_PRE_EUR,D11,G,HU	: 	: 	: 	1.9 	5.9 	6.2 	19.3 	7.3 
A,RT_PRE_EUR,D11,G,IE	: 	: 	: 	2 	3.2 	4.1 	3.8 	5 
A,RT_PRE_EUR,D11,G,IS	: 	6.2 p	20.1 p	-12.8 p	19.5 p	13.4 p	2.7 p	6.2 p
A,RT_PRE_EUR,D11,G,IT	: 	: 	: 	6.7 	-1 	1.2 	1.6 	2.6 
A,RT_PRE_EUR,D11,G,LT	: 	: 	: 	10.5 	13.2 	13.5 	9.5 	9.4 
A,RT_PRE_EUR,D11,G,LU	: 	: 	: 	0.9 	1.8 	4 	7.4 	1.8 
A,RT_PRE_EUR,D11,G,LV	: 	: 	: 	6.5 	6.2 	6.1 	12.5 	13 
A,RT_PRE_EUR,D11,G,MT	: 	: 	: 	6 	-0.2 	-0.2 	3.6 	9.7 
A,RT_PRE_EUR,D11,G,NL	: 	: 	: 	5.9 	1.8 	2.4 	7.1 	: @C
A,RT_PRE_EUR,D11,G,NO	: 	: 	: 	-5.6 	12.4 	1.2 	-6.8 	3.8 
A,RT_PRE_EUR,D11,G,PL	: 	: 	: 	2.6 	5.8 	8.9 	14.5 	16.9 
A,RT_PRE_EUR,D11,G,PT	: 	: 	: 	9 	2.8 	6.4 	5.1 	5.5 
A,RT_PRE_EUR,D11,G,RO	: 	: 	: 	6.5 b	5 	15.3 	14.9 	14.2 
A,RT_PRE_EUR,D11,G,RS	: 	: 	: 	15.3 	5.1 	16 	15.6 	13.9 
A,RT_PRE_EUR,D11,G,SE	: 	: 	: 	4.3 	4.9 	-2 	-3 	5.6 
A,RT_PRE_EUR,D11,G,SI	: 	: 	: 	4.9 	4.7 	7.6 	10.3 	7.8 
A,RT_PRE_EUR,D11,G,SK	: 	: 	: 	8.3 	8.8 	6.7 	10 	5.2 
A,RT_PRE_EUR,D11,G,TR	: 	: 	: 	-7.4 	-6.2 	2.9 	40.5 	35.4 
A,RT_PRE_EUR,D11,G-J,MT	: 	: 	: 	2.2 	1.2 	-0.3 	4.0 	: 
A,RT_PRE_EUR,D11,G-N,AT	: 	: 	-0.6 	8.5 	0 	4.3 	5.7 p	8.5 p
A,RT_PRE_EUR,D11,G-N,BE	: 	: 	: 	1.5 	1.1 	5.7 	8.9 	2.1 
A,RT_PRE_EUR,D11,G-N,BG	: 	: 	: 	7.2 	7.9 	16 	13.9 	14.1 
A,RT_PRE_EUR,D11,G-N,CY	: 	: 	: 	-1.9 	1 	9.5 	6 	5.3 
A,RT_PRE_EUR,D11,G-N,CZ	: 	: 	: 	4.1 	7.1 	8.1 	11.1 	1.8 
A,RT_PRE_EUR,D11,G-N,DE	: 	: 	: 	3.1 	1.5 	6.3 	4.7 	5.3 
A,RT_PRE_EUR,D11,G-N,DK	: 	: 	0 	1.9 	2.5 	2 	2.7 	3 
A,RT_PRE_EUR,D11,G-N,EA19	: 	: 	: 	3.8 	1.3 	4.6 	5.1 	4.3 
A,RT_PRE_EUR,D11,G-N,EA20	: 	: 	: 	: 	1.3 	4.7 	5.1 	4.3 
A,RT_PRE_EUR,D11,G-N,EE	: 	: 	: 	0.9 	6.9 	8.5 	12.6 	6.7 
A,RT_PRE_EUR,D11,G-N,EL	: 	: 	: 	4.5 	1.6 	10.1 	9.6 	7.1 
A,RT_PRE_EUR,D11,G-N,ES	: 	: 	-0.7 	5.2 	0.6 	1.9 	4.9 	4.7 
A,RT_PRE_EUR,D11,G-N,EU27_2020	: 	: 	: 	3.9 	1.7 	5.1 	5.6 	4.8 
A,RT_PRE_EUR,D11,G-N,FI	-4.4 p	-1.5 p	-0.6 p	-0.1 p	5.6 p	1.2 p	4.0 p	2.2 p
A,RT_PRE_EUR,D11,G-N,FR	: 	: 	: 	3.3 	1.2 	4 	4 	2.5 
A,RT_PRE_EUR,D11,G-N,HR	: 	: 	: 	-4.5 	2.5 	10 	13.8 	10.9 
A,RT_PRE_EUR,D11,G-N,HU	: 	: 	: 	0.4 	4.7 	6.2 	19.5 	8.6 
A,RT_PRE_EUR,D11,G-N,IE	: 	: 	: 	3.4 	4.7 	3.7 	4.7 	6 
A,RT_PRE_EUR,D11,G-N,IS	: 	6.7 p	16.7 p	-6.2 p	11.5 p	11.0 p	2.7 p	6.7 p
A,RT_PRE_EUR,D11,G-N,IT	: 	: 	: 	5.6 	-0.8 	1.4 	2 	2.2 
A,RT_PRE_EUR,D11,G-N,LT	: 	: 	: 	10.5 	11.1 	14.9 	12.4 	9.1 
A,RT_PRE_EUR,D11,G-N,LU	: 	: 	: 	0.6 	2.7 	5.6 	6.2 	2 
A,RT_PRE_EUR,D11,G-N,LV	: 	: 	: 	5.2 	5.2 	7.2 	12 	12.5 
A,RT_PRE_EUR,D11,G-N,MT	: 	: 	: 	3.7 	-0.6 	4.2 	3.3 	1.1 
A,RT_PRE_EUR,D11,G-N,NL	: 	: 	: 	5.6 	1.3 	2.8 	6.9 	4.6 
A,RT_PRE_EUR,D11,G-N,NO	: 	: 	: 	-5.7 	10.9 	2.1 	-6.6 	4.4 
A,RT_PRE_EUR,D11,G-N,PL	: 	: 	: 	1.7 	5.3 	10.8 	16.2 	16.6 
A,RT_PRE_EUR,D11,G-N,PT	: 	: 	: 	9.1 	0.6 	4.3 	5.4 	5.9 
A,RT_PRE_EUR,D11,G-N,RO	: 	: 	: 	6 b	4.5 	15 	15.9 	12.6 
A,RT_PRE_EUR,D11,G-N,RS	: 	: 	: 	15.8 	7.5 	19.2 	13.2 	12.8 
A,RT_PRE_EUR,D11,G-N,SE	: 	: 	: 	3.7 	6.1 	-1.2 	-3.1 	4.6 
A,RT_PRE_EUR,D11,G-N,SI	: 	: 	: 	2.9 	5 	7.5 	10.5 	7.8 
A,RT_PRE_EUR,D11,G-N,SK	: 	: 	: 	9.2 	5.3 	7.9 	9.4 	5.4 
A,RT_PRE_EUR,D11,H,AT	: 	: 	4.5 	5.1 	0.2 	7.3 	9.9 p	4.8 p
A,RT_PRE_EUR,D11,H,BE	: 	: 	: 	1.1 	1.3 	6.3 	8.3 	2.1 
A,RT_PRE_EUR,D11,H,BG	: 	: 	: 	5.4 	3.5 	16 	19.2 	15.6 
A,RT_PRE_EUR,D11,H,CY	: 	: 	: 	5.8 	-5.8 	7.1 	3.4 	9.7 
A,RT_PRE_EUR,D11,H,CZ	: 	: 	: 	2.6 	4.5 	10.1 	10.3 	2.3 
A,RT_PRE_EUR,D11,H,DE	: 	: 	: 	3.8 	1 	3.4 	8.3 	4.8 
A,RT_PRE_EUR,D11,H,DK	: 	: 	0.4 	1.8 	2.1 	2.3 	2.5 	1.1 
A,RT_PRE_EUR,D11,H,EA19	: 	: 	: 	3.4 	0.6 	4.2 	6.6 	3.9 
A,RT_PRE_EUR,D11,H,EA20	: 	: 	: 	: 	0.5 	4.2 	6.6 	3.9 
A,RT_PRE_EUR,D11,H,EE	: 	: 	: 	4.7 	2.2 	13.1 	5.6 	7.2 
A,RT_PRE_EUR,D11,H,EL	: 	: 	: 	4.4 	1.4 	11.2 	5.6 	11.8 
A,RT_PRE_EUR,D11,H,ES	: 	: 	1.4 	1.3 	-2.1 	4.1 	4.7 	3.4 
A,RT_PRE_EUR,D11,H,EU27_2020	: 	: 	: 	3.5 	1 	5.2 	7.3 	4.6 
A,RT_PRE_EUR,D11,H,FI	-0.4 p	-0.9 p	-2.7 p	-1.8 p	3.6 p	4.4 p	3.7 p	1.1 p
A,RT_PRE_EUR,D11,H,FR	: 	: 	: 	1.4 	1.9 	5.7 	5 	3.2 
A,RT_PRE_EUR,D11,H,HR	: 	: 	: 	-6.6 	-3.2 	9.2 	14.5 	10.5 
A,RT_PRE_EUR,D11,H,HU	: 	: 	: 	1.7 	2.9 	6.9 	17.3 	11.4 
A,RT_PRE_EUR,D11,H,IE	: 	: 	: 	-5.3 	0.1 	5.7 	0.8 	4.2 
A,RT_PRE_EUR,D11,H,IS	: 	7.9 p	11.6 p	-7.2 p	9.6 p	12.6 p	4.2 p	7.1 p
A,RT_PRE_EUR,D11,H,IT	: 	: 	: 	4.2 	-0.6 	-0.2 	3.9 	1.8 
A,RT_PRE_EUR,D11,H,LT	: 	: 	: 	15.8 	7.4 	14.1 	15.3 	8.9 
A,RT_PRE_EUR,D11,H,LU	: 	: 	: 	0.8 	4.9 	7.6 	7.3 	-2.1 
A,RT_PRE_EUR,D11,H,LV	: 	: 	: 	2.2 	1.7 	8.9 	14.3 	15.4 
A,RT_PRE_EUR,D11,H,MT	: 	: 	: 	1.2 	-1.3 	29.6 	-4.6 	-6.2 
A,RT_PRE_EUR,D11,H,NL	: 	: 	: 	8.6 	-2.9 	2.6 	8.8 	: @C
A,RT_PRE_EUR,D11,H,NO	: 	: 	: 	-5.8 	10.7 	4.4 	-6.5 	5.6 
A,RT_PRE_EUR,D11,H,PL	: 	: 	: 	-0.4 	3.2 	20.2 	19.7 	16 
A,RT_PRE_EUR,D11,H,PT	: 	: 	: 	2.4 	1.6 	2.5 	6.3 	5.2 
A,RT_PRE_EUR,D11,H,RO	: 	: 	: 	7.2 b	2.6 	13.1 	20.3 	14.2 
A,RT_PRE_EUR,D11,H,RS	: 	: 	-1.4 	13.3 	0.8 	15.9 	15.3 	15.1 
A,RT_PRE_EUR,D11,H,SE	: 	: 	: 	2.4 	6.5 	-2.1 	-2.8 	3.9 
A,RT_PRE_EUR,D11,H,SI	: 	: 	: 	0.2 	4 	9.2 	10.3 	9.2 
A,RT_PRE_EUR,D11,H,SK	: 	: 	: 	9.6 	1.8 	10.7 	9.6 	6.5 
A,RT_PRE_EUR,D11,H,TR	: 	: 	: 	-15.1 	-11 	11.9 	37.3 	37.1 
A,RT_PRE_EUR,D11,I,AT	: 	: 	-8.1 	10.8 	-3.6 	9.6 	6.7 p	5.8 p
A,RT_PRE_EUR,D11,I,BE	: 	: 	: 	1.6 	1 	3.4 	11.3 	1.8 
A,RT_PRE_EUR,D11,I,BG	: 	: 	: 	2.2 	8.2 	20 	20.3 	19.5 
A,RT_PRE_EUR,D11,I,CY	: 	: 	: 	-13.5 	9.4 	24.8 	0.5 	5.3 
A,RT_PRE_EUR,D11,I,CZ	: 	: 	: 	30.3 	5.4 	-14.9 	10 	3.2 
A,RT_PRE_EUR,D11,I,DE	: 	: 	: 	5.2 	2.5 	10.2 	7.6 	4.6 
A,RT_PRE_EUR,D11,I,DK	: 	: 	-0.1 	2.6 	: @C	: @C	2 	2.7 
A,RT_PRE_EUR,D11,I,EA	3.3 	1.5 	1.5 	7.9 	: 	: 	: 	: 
A,RT_PRE_EUR,D11,I,EA19	: 	: 	: 	8.2 	-0.2 	5 	5.7 	4 
A,RT_PRE_EUR,D11,I,EA20	: 	: 	: 	: 	-0.2 	5 	5.8 	4.1 
A,RT_PRE_EUR,D11,I,EE	: 	: 	: 	5.2 	-1.6 	12 	17.5 	4.3 
A,RT_PRE_EUR,D11,I,EL	: 	: 	: 	14.7 	-1.1 	22.2 	17 	12.1 
A,RT_PRE_EUR,D11,I,ES	: 	: 	-0.7 	0.8 	0 	6.2 	3.9 	4.6 
A,RT_PRE_EUR,D11,I,EU27_2020	: 	: 	: 	8.1 	0 	5 	6.1 	4.6 
A,RT_PRE_EUR,D11,I,FI	1.0 p	-2.3 p	-3.8 p	0.7 p	7.7 p	1.3 p	2.8 p	3.5 p
A,RT_PRE_EUR,D11,I,FR	: 	: 	: 	7 	1.9 	2.5 	3.9 	2 
A,RT_PRE_EUR,D11,I,HR	: 	: 	: 	-5.2 	1.8 	11.2 	15.2 	11.4 
A,RT_PRE_EUR,D11,I,HU	: 	: 	: 	1 	0.4 	12.1 	22.9 	10.6 
A,RT_PRE_EUR,D11,I,IE	: 	: 	: 	12.7 	1.1 	-1 	5.3 	5.9 
A,RT_PRE_EUR,D11,I,IS	: 	6.8 p	19.8 p	-21.2 p	31.8 p	14.3 p	3.5 p	7.4 p
A,RT_PRE_EUR,D11,I,IT	: 	: 	: 	11.1 	-1.9 	-0.3 	1.9 	1.7 
A,RT_PRE_EUR,D11,I,LT	: 	: 	: 	12.2 	6 	13.6 	11.1 	9.4 
A,RT_PRE_EUR,D11,I,LU	: 	: 	: 	2.2 	3.8 	3.1 	8.1 	2.2 
A,RT_PRE_EUR,D11,I,LV	: 	: 	: 	5.8 	-2.1 	4.8 	10.8 	16.1 
A,RT_PRE_EUR,D11,I,MT	: 	: 	: 	-0.3 	7 	-16.6 	4.1 	14.5 
A,RT_PRE_EUR,D11,I,NL	: 	: 	: 	32.1 	-13 	-6.3 	8.3 	: @C
A,RT_PRE_EUR,D11,I,NO	: 	: 	: 	-5.3 	11.8 	-7.1 	-3.7 	6.5 
A,RT_PRE_EUR,D11,I,PL	: 	: 	: 	3.1 	3.8 	8.5 	16.3 	19.3 
A,RT_PRE_EUR,D11,I,PT	: 	: 	: 	15.2 	7.1 	-6.4 	2.7 	6.2 
A,RT_PRE_EUR,D11,I,RO	: 	: 	: 	-3.5 b	2.8 	16.2 	15.9 	21.2 
A,RT_PRE_EUR,D11,I,RS	: 	: 	: 	23.8 	-5.3 	17.6 	12.6 	15.8 
A,RT_PRE_EUR,D11,I,SE	: 	: 	: 	3.7 	5.1 	-2 	-3.8 	5.5 
A,RT_PRE_EUR,D11,I,SI	: 	: 	: 	-1 	8.2 	8.9 	12.6 	7.9 
A,RT_PRE_EUR,D11,I,SK	: 	: 	: 	23.2 	7.8 	-0.6 	3.4 	8 
A,RT_PRE_EUR,D11,I,TR	: 	: 	: 	-12.5 	-9.5 	14.2 	40.4 	34.4 
A,RT_PRE_EUR,D11,J,AT	: 	: 	2.6 	7.2 	-4.9 	7.6 	6.2 p	10.2 p
A,RT_PRE_EUR,D11,J,BE	: 	: 	: 	1.5 	1.1 	4.4 	10.5 	1.6 
A,RT_PRE_EUR,D11,J,BG	: 	: 	: 	8.6 	11.1 	14.6 	11.8 	9.6 
A,RT_PRE_EUR,D11,J,CY	: 	: 	: 	0.8 	1.5 	13.9 	12.7 	4.5 
A,RT_PRE_EUR,D11,J,CZ	: 	: 	: 	3.5 	7.8 	11.2 	14.1 	1.1 
A,RT_PRE_EUR,D11,J,DE	: 	: 	: 	2.6 	2.4 	4.4 	4.7 	5 
A,RT_PRE_EUR,D11,J,DK	: 	: 	-0.4 	1.4 	3.1 	2.2 	2.1 	3.3 
A,RT_PRE_EUR,D11,J,EA19	: 	: 	: 	3 	3.1 	3.2 	5 	4.7 
A,RT_PRE_EUR,D11,J,EA20	: 	: 	: 	: 	3.1 	3.2 	5 	4.7 
A,RT_PRE_EUR,D11,J,EE	: 	: 	: 	8.7 	8.7 	8.4 	14.6 	10.2 
A,RT_PRE_EUR,D11,J,EL	: 	: 	: 	5 	6.3 	8.2 	13.6 	4.9 
A,RT_PRE_EUR,D11,J,ES	: 	: 	-0.6 	2.9 	4.8 	-0.5 	6.4 	5.7 
A,RT_PRE_EUR,D11,J,EU27_2020	: 	: 	: 	3.2 	3.6 	4 	5.6 	5.1 
A,RT_PRE_EUR,D11,J,FI	8.9 p	1.2 p	-1.3 p	0.2 p	3.2 p	-0.2 p	4.8 p	3.3 p
A,RT_PRE_EUR,D11,J,FR	: 	: 	: 	2.9 	2.4 	2 	2.7 	2.6 
A,RT_PRE_EUR,D11,J,HR	: 	: 	: 	-5.3 	6.7 	12 	11.4 	6.9 
A,RT_PRE_EUR,D11,J,HU	: 	: 	: 	-0.8 	5.1 	4.8 	19.2 	9 
A,RT_PRE_EUR,D11,J,IE	: 	: 	: 	7.1 	8.4 	6 	7.5 	11 
A,RT_PRE_EUR,D11,J,IS	: 	8.1 p	27.2 p	-7.1 p	14.4 p	8.3 p	2.0 p	7.8 p
A,RT_PRE_EUR,D11,J,IT	: 	: 	: 	1.9 	1.6 	2 	2 	2.5 
A,RT_PRE_EUR,D11,J,LT	: 	: 	: 	8.8 	12.5 	16.9 	12.3 	9.8 
A,RT_PRE_EUR,D11,J,LU	: 	: 	: 	-2.6 	-0.6 	4.6 	5.9 	2.4 
A,RT_PRE_EUR,D11,J,LV	: 	: 	: 	6.4 	7.4 	7.6 	12.7 	9 
A,RT_PRE_EUR,D11,J,MT	: 	: 	: 	-1.4 	2.6 	-3.9 	2.3 	2.2 
A,RT_PRE_EUR,D11,J,NL	: 	: 	: 	2.4 	5.9 	2.7 	5.6 	: @C
A,RT_PRE_EUR,D11,J,NO	: 	: 	: 	-5.8 	9.8 	3.8 	-6.7 	4.1 
A,RT_PRE_EUR,D11,J,PL	: 	: 	: 	0.2 	6.4 	9.5 	14.2 	14.3 
A,RT_PRE_EUR,D11,J,PT	: 	: 	: 	3.6 	4.6 	9.5 	6.4 	5.5 
A,RT_PRE_EUR,D11,J,RO	: 	: 	: 	9.1 b	6.2 	17.7 	14.7 	9.3 
A,RT_PRE_EUR,D11,J,RS	: 	: 	: 	24.2 	19.8 	31.8 	11.1 	10.4 
A,RT_PRE_EUR,D11,J,SE	: 	: 	: 	4.8 	7.4 	-1.3 	-3.4 	4.9 
A,RT_PRE_EUR,D11,J,SI	: 	: 	: 	1.7 	4.5 	5.3 	9.5 	8.5 
A,RT_PRE_EUR,D11,J,SK	: 	: 	: 	4.5 	7.4 	5.7 	8.6 	4.5 
A,RT_PRE_EUR,D11,J,TR	: 	: 	: 	-8.4 	-1 	4.5 	44 	44.5 
A,RT_PRE_EUR,D11,K,AT	: 	: 	4.2 	3.3 	2.7 	-0.5 	8.2 p	6.0 p
A,RT_PRE_EUR,D11,K,BE	: 	: 	: 	1.6 	0.8 	5.9 	9.3 	2.2 
A,RT_PRE_EUR,D11,K,BG	: 	: 	: 	8.2 	1.4 	15.8 	11.9 	11.4 
A,RT_PRE_EUR,D11,K,CY	: 	: 	: 	5.4 	-1.5 	6.6 	6.9 	5 
A,RT_PRE_EUR,D11,K,CZ	: 	: 	: 	-1.5 	7.3 	11.8 	10.2 	-0.2 
A,RT_PRE_EUR,D11,K,DE	: 	: 	: 	4.2 	1 	6.4 	4.4 	6.5 
A,RT_PRE_EUR,D11,K,DK	: 	: 	2.2 	0.9 	4 	1.6 	4.3 	2.2 
A,RT_PRE_EUR,D11,K,EA	3.3 	2.2 	1.8 	3.3 	: 	: 	: 	: 
A,RT_PRE_EUR,D11,K,EA19	: 	: 	: 	3.4 	1 	5.5 	4.6 	4.3 
A,RT_PRE_EUR,D11,K,EA20	: 	: 	: 	: 	1 	5.5 	4.7 	4.3 
A,RT_PRE_EUR,D11,K,EE	: 	: 	: 	2.9 	6.1 	5.6 	10 	9.5 
A,RT_PRE_EUR,D11,K,EL	: 	: 	: 	-1.1 	1.9 	8.1 	12 	-3.3 
A,RT_PRE_EUR,D11,K,ES	: 	: 	1.8 	2 	0.1 	2.8 	1.5 	5.9 
A,RT_PRE_EUR,D11,K,EU27_2020	: 	: 	: 	3.3 	1.4 	5.7 	5.1 	4.6 
A,RT_PRE_EUR,D11,K,FI	4.8 p	6.3 p	4.2 p	5.9 p	-3.0 p	6.1 p	4.2 p	-1.2 p
A,RT_PRE_EUR,D11,K,FR	: 	: 	: 	2.8 	1.5 	6 	4.7 	2.7 
A,RT_PRE_EUR,D11,K,HR	: 	: 	: 	-4.7 	1.7 	6 	9.7 	9.5 
A,RT_PRE_EUR,D11,K,HU	: 	: 	: 	-3.6 	4.3 	3.6 	21.3 	6.8 
A,RT_PRE_EUR,D11,K,IE	: 	: 	: 	3.5 	4.3 	2 	5.2 	4.2 
A,RT_PRE_EUR,D11,K,IS	: 	16.7 p	30.9 p	2.6 p	-5.4 p	15.0 p	3.1 p	5.1 p
A,RT_PRE_EUR,D11,K,IT	: 	: 	: 	5.3 	-3.7 	5.7 	2.6 	2.6 
A,RT_PRE_EUR,D11,K,LT	: 	: 	: 	4.9 	8.8 	12.8 	11.8 	8.7 
A,RT_PRE_EUR,D11,K,LU	: 	: 	: 	-0.9 	2.4 	6.3 	5.3 	2.4 
A,RT_PRE_EUR,D11,K,LV	: 	: 	: 	2.5 	3.7 	6.9 	9.9 	7.8 
A,RT_PRE_EUR,D11,K,MT	: 	: 	: 	4.9 	-3.6 	7 	5.1 	-2.4 
A,RT_PRE_EUR,D11,K,NL	: 	: 	: 	2.4 	4.3 	3.3 	5.6 	: @C
A,RT_PRE_EUR,D11,K,NO	: 	: 	: 	-4.9 	10.1 	7.2 	-10.3 	3.8 
A,RT_PRE_EUR,D11,K,PL	: 	: 	: 	0.9 	3.9 	10.9 	16.6 	17.4 
A,RT_PRE_EUR,D11,K,PT	: 	: 	: 	10.1 	-5 	3.9 	-0.4 	7.6 
A,RT_PRE_EUR,D11,K,RO	: 	: 	: 	7.8 b	0.8 	13.3 	14.3 	10.7 
A,RT_PRE_EUR,D11,K,RS	: 	: 	: 	5.6 	7.8 	8.5 	10.4 	12.5 
A,RT_PRE_EUR,D11,K,SE	: 	: 	: 	1.0 	7.2 	-0.5 	-4.5 	3.8 
A,RT_PRE_EUR,D11,K,SI	: 	: 	: 	0.5 	6.1 	8.4 	9.5 	4.3 
A,RT_PRE_EUR,D11,K,SK	: 	: 	: 	4.2 	4.3 	8.1 	5.5 	8.7 
A,RT_PRE_EUR,D11,K,TR	: 	: 	: 	-0.5 	-10.7 	3.7 	38.4 	40.2 
A,RT_PRE_EUR,D11,K-N,MT	: 	: 	: 	5.4 	-2.3 	4.9 	5.4 	: 
A,RT_PRE_EUR,D11,L,MT	: 	: 	: 	6.2 	-1.6 	0.4 	0.0 	: 
A,RT_PRE_EUR,D11,M,AT	: 	: 	1.7 	6.1 	-3.8 	10.8 	10.1 p	8.3 p
A,RT_PRE_EUR,D11,M,BE	: 	: 	: 	1.6 	1 	5.4 	9.1 	2.2 
A,RT_PRE_EUR,D11,M,BG	: 	: 	: 	4 	7.7 	14.2 	12.5 	15.3 
A,RT_PRE_EUR,D11,M,CY	: 	: 	: 	-1.3 	0.6 	5.1 	8.2 	4 
A,RT_PRE_EUR,D11,M,CZ	: 	: 	: 	1.1 	6.5 	8.9 	11.5 	3.6 
A,RT_PRE_EUR,D11,M,DE	: 	: 	: 	1.7 	0.8 	10 	0.7 	7 
A,RT_PRE_EUR,D11,M,DK	: 	: 	1.9 	1.7 	3.7 	1 	3.2 	3.6 
A,RT_PRE_EUR,D11,M,EA19	: 	: 	: 	2.6 	1.2 	6.5 	3.3 	5 
A,RT_PRE_EUR,D11,M,EA20	: 	: 	: 	: 	1.2 	6.5 	3.4 	5 
A,RT_PRE_EUR,D11,M,EE	: 	: 	: 	7.7 	6.8 	9.9 	21.6 	4.4 
A,RT_PRE_EUR,D11,M,EL	: 	: 	: 	6.7 	5 	19.9 	3.5 	7 
A,RT_PRE_EUR,D11,M,ES	: 	: 	2.3 	4.1 	1.9 	1.9 	5.7 	5.8 
A,RT_PRE_EUR,D11,M,EU27_2020	: 	: 	: 	2.7 	1.6 	6.6 	3.8 	5.2 
A,RT_PRE_EUR,D11,M,FI	1.8 p	4.4 p	-0.2 p	3.9 p	3.0 p	0.6 p	2.7 p	1.0 p
A,RT_PRE_EUR,D11,M,FR	: 	: 	: 	3.1 	0 	3.9 	3 	2.4 
A,RT_PRE_EUR,D11,M,HR	: 	: 	: 	-6.9 	4.1 	8.6 	14.3 	12 
A,RT_PRE_EUR,D11,M,HU	: 	: 	: 	2.3 	5.8 	7.7 	18.3 	8.1 
A,RT_PRE_EUR,D11,M,IE	: 	: 	: 	0.8 	6.9 	4.4 	4 	5.2 
A,RT_PRE_EUR,D11,M,IS	: 	8.0 p	15.3 p	-10.6 p	12.7 p	13.6 p	3.3 p	5.5 p
A,RT_PRE_EUR,D11,M,IT	: 	: 	: 	2.9 	1.3 	2.6 	3 	2.4 
A,RT_PRE_EUR,D11,M,LT	: 	: 	: 	5.6 	16.6 	16.1 	13.6 	8.9 
A,RT_PRE_EUR,D11,M,LU	: 	: 	: 	2.5 	3.9 	5.3 	5.3 	3.4 
A,RT_PRE_EUR,D11,M,LV	: 	: 	: 	8.3 	12.9 	8.5 	12.1 	10.6 
A,RT_PRE_EUR,D11,M,MT	: 	: 	: 	6.4 	-2.2 	1.9 	3.1 	-2.3 
A,RT_PRE_EUR,D11,M,NL	: 	: 	: 	2.2 	2.6 	3.7 	5.3 	: @C
A,RT_PRE_EUR,D11,M,NO	: 	: 	: 	-5.8 	11.1 	2.9 	-6.5 	2.9 
A,RT_PRE_EUR,D11,M,PL	: 	: 	: 	0.4 	6.4 	8.4 	15.1 	15.5 
A,RT_PRE_EUR,D11,M,PT	: 	: 	: 	7.2 	1.4 	7.8 	7.3 	5.9 
A,RT_PRE_EUR,D11,M,RO	: 	: 	: 	1.5 b	5 	14 	12 	12.7 
A,RT_PRE_EUR,D11,M,RS	: 	: 	: 	13.6 	10.6 	21.5 	12.1 	11 
A,RT_PRE_EUR,D11,M,SE	: 	: 	: 	4.8 	6.2 	0.7 	-2.5 	3.1 
A,RT_PRE_EUR,D11,M,SI	: 	: 	: 	3.7 	5.5 	5.8 	10.5 	7.2 
A,RT_PRE_EUR,D11,M,SK	: 	: 	: 	12.1 	-2.3 	8.6 	11 	4.3 
A,RT_PRE_EUR,D11,M,TR	: 	: 	: 	-10.7 	-9.5 	4.4 	37.9 	37.1 
A,RT_PRE_EUR,D11,N,AT	: 	: 	-6.9 	8.5 	5.5 	5.1 	6.4 p	10.2 p
A,RT_PRE_EUR,D11,N,BE	: 	: 	: 	1.9 	1.1 	6.6 	7.1 	2.4 
A,RT_PRE_EUR,D11,N,BG	: 	: 	: 	5.1 	14.7 	18.4 	13.3 	15.8 
A,RT_PRE_EUR,D11,N,CY	: 	: 	: 	-1.5 	3.4 	7.7 	8 	7.1 
A,RT_PRE_EUR,D11,N,CZ	: 	: 	: 	9.4 	6.1 	8.1 	13 	3 
A,RT_PRE_EUR,D11,N,DE	: 	: 	: 	1.1 	2.2 	8.8 	8 	5.7 
A,RT_PRE_EUR,D11,N,DK	: 	: 	0.6 	1.3 	1.8 	4.9 	3 	3.9 
A,RT_PRE_EUR,D11,N,EA19	: 	: 	: 	3.3 	1.4 	5 	6.5 	4.6 
A,RT_PRE_EUR,D11,N,EA20	: 	: 	: 	: 	1.4 	5 	6.5 	4.6 
A,RT_PRE_EUR,D11,N,EE	: 	: 	: 	1.7 	6.9 	5.7 	12.6 	9.4 
A,RT_PRE_EUR,D11,N,EL	: 	: 	: 	6.2 	6 	9.5 	3.5 	8.1 
A,RT_PRE_EUR,D11,N,ES	: 	: 	1.5 	2.9 	2.9 	1.2 	7.1 	3.1 
A,RT_PRE_EUR,D11,N,EU27_2020	: 	: 	: 	3.4 	1.7 	5.3 	7 	5 
A,RT_PRE_EUR,D11,N,FI	-17.3 p	-4.5 p	-2.8 p	-4.7 p	6.6 p	0.8 p	9.3 p	5.7 p
A,RT_PRE_EUR,D11,N,FR	: 	: 	: 	2.6 	1 	4.2 	5.3 	3 
A,RT_PRE_EUR,D11,N,HR	: 	: 	: 	-2.4 	0.2 	12.1 	17.8 	11.1 
A,RT_PRE_EUR,D11,N,HU	: 	: 	: 	-2.9 	4 	4.9 	21.2 	7.9 
A,RT_PRE_EUR,D11,N,IE	: 	: 	: 	5.9 	7.9 	1 	4.7 	4.6 
A,RT_PRE_EUR,D11,N,IS	: 	8.2 p	18.6 p	-8.0 p	11.5 p	15.8 p	3.4 p	7.3 p
A,RT_PRE_EUR,D11,N,IT	: 	: 	: 	5.7 	-0.5 	0.1 	0.2 	1.8 
A,RT_PRE_EUR,D11,N,LT	: 	: 	: 	10.5 	7.3 	19 	17 	8 
A,RT_PRE_EUR,D11,N,LU	: 	: 	: 	3 	2.9 	5.1 	8.4 	2.1 
A,RT_PRE_EUR,D11,N,LV	: 	: 	: 	5.1 	2.4 	7.4 	6.6 	17.1 
A,RT_PRE_EUR,D11,N,MT	: 	: 	: 	4.8 	-1 	6.2 	8.7 	-2.9 
A,RT_PRE_EUR,D11,N,NL	: 	: 	: 	4.7 	0.2 	4.6 	9.4 	: @C
A,RT_PRE_EUR,D11,N,NO	: 	: 	: 	-6.5 	9.4 	-1.8 	-4.4 	6.7 
A,RT_PRE_EUR,D11,N,PL	: 	: 	: 	5.9 	6.2 	8.9 	20.3 	20 
A,RT_PRE_EUR,D11,N,PT	: 	: 	: 	15.8 	-6.8 	3.4 	8.4 	6.7 
A,RT_PRE_EUR,D11,N,RO	: 	: 	: 	7 b	4.8 	12.5 	21 	8.8 
A,RT_PRE_EUR,D11,N,RS	: 	: 	: 	18.1 	5.9 	15.6 	12.7 	14.7 
A,RT_PRE_EUR,D11,N,SE	: 	: 	: 	1.7 	5.1 	-1 	-2.3 	5.6 
A,RT_PRE_EUR,D11,N,SI	: 	: 	: 	5.5 	4.9 	9.3 	12.7 	9 
A,RT_PRE_EUR,D11,N,SK	: 	: 	: 	12.4 	9.1 	12 	8.9 	4.3 
A,RT_PRE_EUR,D11,N,TR	: 	: 	: 	-4.7 	-6.3 	1.2 	40.4 	44.6 
A,RT_PRE_EUR,D11,O-S,MT	: 	: 	: 	6.7 	7.3 	2.7 	0.9 	: 
A,RT_PRE_EUR,D11,P,AT	: 	: 	-0.6 	10.1 	-1.9 	7.7 	3.3 p	13.0 p
A,RT_PRE_EUR,D11,P,BE	: 	: 	: 	1.4 	1 	5.1 	9.4 	1.9 
A,RT_PRE_EUR,D11,P,BG	: 	: 	: 	15.6 	11.7 	12 	16.3 	14.8 
A,RT_PRE_EUR,D11,P,CY	: 	: 	: 	2 	0.2 	4.5 	7 	2.1 
A,RT_PRE_EUR,D11,P,CZ	: 	: 	: 	7 	8.7 	5.8 	7.3 	-3.9 
A,RT_PRE_EUR,D11,P,DE	: 	: 	: 	4 	1.1 	-1.8 	2 	4.8 
A,RT_PRE_EUR,D11,P,DK	: 	: 	1.4 	2.4 	1.7 	1.6 	2.1 	5.4 
A,RT_PRE_EUR,D11,P,EA19	: 	: 	: 	3.8 	0.7 	1.1 	4 	4.5 
A,RT_PRE_EUR,D11,P,EA20	: 	: 	: 	: 	0.8 	1.2 	4 	4.6 
A,RT_PRE_EUR,D11,P,EE	: 	: 	: 	5.5 	3.4 	8 	16.7 	7.5 
A,RT_PRE_EUR,D11,P,EL	: 	: 	: 	0.8 	5.9 	-4.1 	7.2 	3.1 
A,RT_PRE_EUR,D11,P,ES	: 	: 	-0.2 	4.5 	-1.7 	4 	3.4 	2.8 
A,RT_PRE_EUR,D11,P,EU27_2020	: 	: 	: 	4.2 	1.3 	1.7 	4.8 	6.2 
A,RT_PRE_EUR,D11,P,FI	-11.2 p	1.5 p	5.4 p	5.4 p	-0.8 p	2.9 p	3.7 p	4.0 p
A,RT_PRE_EUR,D11,P,FR	: 	: 	: 	: @C	: @C	: @C	: @C	: @C
A,RT_PRE_EUR,D11,P,HR	: 	: 	: 	0.6 	5.8 	5.9 	13.8 	23 
A,RT_PRE_EUR,D11,P,HU	: 	: 	: 	-0.2 	8.4 	4.3 	20.6 	22.6 
A,RT_PRE_EUR,D11,P,IE	: 	: 	: 	1.6 	3.3 	4.6 	2.7 	4.4 
A,RT_PRE_EUR,D11,P,IS	: 	8.7 p	20.7 p	-4.0 p	8.1 p	13.7 p	3.2 p	6.2 p
A,RT_PRE_EUR,D11,P,IT	: 	: 	: 	0.5 	0.5 	-0.2 	0.6 	4.4 
A,RT_PRE_EUR,D11,P,LT	: 	: 	: 	7.6 	11.2 	15.1 	14.2 	14.8 
A,RT_PRE_EUR,D11,P,LU	: 	: 	: 	-0.5 	0.2 	4.7 	6.9 	2.7 
A,RT_PRE_EUR,D11,P,LV	: 	: 	: 	0.8 	11.8 	8.6 	15.1 	15.1 
A,RT_PRE_EUR,D11,P,NL	: 	: 	: 	7.5 	-1.8 	5.1 	8.5 	: @C
A,RT_PRE_EUR,D11,P,NO	: 	: 	: 	-5.7 	4.7 	4.9 	-6.2 	2.2 
A,RT_PRE_EUR,D11,P,PL	: 	: 	: 	5.1 	3.4 	3.4 	15.8 	30.1 
A,RT_PRE_EUR,D11,P,PT	: 	: 	: 	10.1 	1.9 	3.7 	5.5 	5 
A,RT_PRE_EUR,D11,P,RO	: 	: 	: 	6.9 b	-1.6 	4.2 	22.2 	23.5 
A,RT_PRE_EUR,D11,P,RS	: 	: 	: 	12.9 	2.5 	9.2 	13.8 	16 
A,RT_PRE_EUR,D11,P,SE	: 	: 	: 	4.1 	6.2 	-2.7 	-4.5 	4.1 
A,RT_PRE_EUR,D11,P,SI	: 	: 	: 	9.2 	6.7 	-3.7 	9.8 	4.1 
A,RT_PRE_EUR,D11,P,SK	: 	: 	: 	16.9 	0.8 	2.1 	9.8 	8.2 
A,RT_PRE_EUR,D11,P-S,AT	: 	: 	-0.2 	9.3 	-0.1 	7.5 	5.1 p	12.6 p
A,RT_PRE_EUR,D11,P-S,BE	: 	: 	: 	1.5 	1 	6.8 	7.7 	2.5 
A,RT_PRE_EUR,D11,P-S,BG	: 	: 	: 	12.7 	15.8 	9 	12.5 	15.1 
A,RT_PRE_EUR,D11,P-S,CY	: 	: 	: 	1.3 	0.6 	4.8 	7.6 	3.6 
A,RT_PRE_EUR,D11,P-S,CZ	: 	: 	: 	9.3 	10.7 	1.6 	8.3 	-0.1 
A,RT_PRE_EUR,D11,P-S,DE	: 	: 	: 	4.6 	1.5 	2.2 	3.8 	5.6 
A,RT_PRE_EUR,D11,P-S,DK	: 	: 	1.8 	3.1 	1.6 	2.1 	1.9 	5.1 
A,RT_PRE_EUR,D11,P-S,EA19	: 	: 	: 	4.7 	1.3 	2.5 	4.3 	4.7 
A,RT_PRE_EUR,D11,P-S,EA20	: 	: 	: 	: 	1.3 	2.5 	4.4 	4.7 
A,RT_PRE_EUR,D11,P-S,EE	: 	: 	: 	4.5 	7 	6.6 	17 	7.5 
A,RT_PRE_EUR,D11,P-S,EL	: 	: 	: 	3.9 	1.8 	-1.7 	3.1 	2 
A,RT_PRE_EUR,D11,P-S,ES	: 	: 	1.2 	5 	0 	2 	4.3 	3.7 
A,RT_PRE_EUR,D11,P-S,EU27_2020	: 	: 	: 	4.9 	1.7 	2.8 	4.8 	5.5 
A,RT_PRE_EUR,D11,P-S,FI	-1.6 p	-1.1 p	-1.0 p	0.0 p	4.6 p	3.2 p	2.2 p	2.9 p
A,RT_PRE_EUR,D11,P-S,FR	: 	: 	: 	4.1 	2.7 	3.2 	4.7 	2.6 
A,RT_PRE_EUR,D11,P-S,HR	: 	: 	: 	2.8 	4.1 	6.9 	15.1 	22.1 
A,RT_PRE_EUR,D11,P-S,HU	: 	: 	: 	4.3 	11.8 	9.4 	19 	14.9 
A,RT_PRE_EUR,D11,P-S,IE	: 	: 	: 	2.7 	2.5 	4.7 	4.5 	4 
A,RT_PRE_EUR,D11,P-S,IS	: 	7.6 d	16.6 d	-6.8 d	12.3 d	14.3 p	2.9 p	6.1 p
A,RT_PRE_EUR,D11,P-S,IT	: 	: 	: 	1.3 	-0.4 	0 	0.5 	3.8 
A,RT_PRE_EUR,D11,P-S,LT	: 	: 	: 	13.5 	12.2 	12.1 	12 	14 
A,RT_PRE_EUR,D11,P-S,LU	: 	: 	: 	0.8 	3.3 	3.9 	6.3 	1.9 
A,RT_PRE_EUR,D11,P-S,LV	: 	: 	: 	6.5 	16.7 	5.5 	10.2 	11.3 
A,RT_PRE_EUR,D11,P-S,MT	: 	: 	: 	5.8 	5.9 	1 	0.8 	12.4 
A,RT_PRE_EUR,D11,P-S,NL	: 	: 	: 	9.6 	-0.9 	2.5 	7.5 	5.8 
A,RT_PRE_EUR,D11,P-S,NO	: 	: 	: 	-5.6 	5.8 	3.2 	-5.5 	2.4 
A,RT_PRE_EUR,D11,P-S,PL	: 	: 	: 	5.7 	6.3 	4.6 	17.1 	26.3 
A,RT_PRE_EUR,D11,P-S,PT	: 	: 	: 	11.7 	1.2 	3.4 	6 	8 
A,RT_PRE_EUR,D11,P-S,RO	: 	: 	: 	6.6 b	-0.5 	4.4 	13.3 	17.4 
A,RT_PRE_EUR,D11,P-S,RS	: 	: 	: 	17.2 	7.8 	9.1 	12.3 	14.2 
A,RT_PRE_EUR,D11,P-S,SE	: 	: 	: 	4.0 	5.7 	-2 	-4.3 	3.6 
A,RT_PRE_EUR,D11,P-S,SI	: 	: 	: 	12.3 	5.5 	-3.1 	9.7 	4 
A,RT_PRE_EUR,D11,P-S,SK	: 	: 	: 	14.4 	7 	2.3 	11 	7.6 
A,RT_PRE_EUR,D11,Q,AT	: 	: 	0.3 	7.2 	0.8 	8 	5.5 p	14.8 p
A,RT_PRE_EUR,D11,Q,BE	: 	: 	: 	1.6 	1 	8 	6.4 	3 
A,RT_PRE_EUR,D11,Q,BG	: 	: 	: 	12.7 	21.4 	3.6 	9.3 	14 
A,RT_PRE_EUR,D11,Q,CY	: 	: 	: 	2 	0.4 	1.5 	10.6 	5 
A,RT_PRE_EUR,D11,Q,CZ	: 	: 	: 	11.9 	14.2 	-1.7 	7.6 	3.3 
A,RT_PRE_EUR,D11,Q,DE	: 	: 	: 	4 	1.4 	4.4 	4.9 	5.9 
A,RT_PRE_EUR,D11,Q,DK	: 	: 	1.9 	3.5 	1.2 	2.7 	1.7 	5.1 
A,RT_PRE_EUR,D11,Q,EA19	: 	: 	: 	4.5 	1.7 	3.7 	4.6 	4.6 
A,RT_PRE_EUR,D11,Q,EA20	: 	: 	: 	: 	1.7 	3.7 	4.6 	4.7 
A,RT_PRE_EUR,D11,Q,EE	: 	: 	: 	3.4 	11.6 	6 	17.9 	9.7 
A,RT_PRE_EUR,D11,Q,EL	: 	: 	: 	5 	-3 	3.5 	-3.7 	-2.9 
A,RT_PRE_EUR,D11,Q,ES	: 	: 	2 	3.3 	1.1 	2.2 	4.7 	3.9 
A,RT_PRE_EUR,D11,Q,EU27_2020	: 	: 	: 	4.7 	2.2 	3.8 	4.8 	5.1 
A,RT_PRE_EUR,D11,Q,FI	4.4 p	-3.8 p	-4.6 p	-2.3 p	7.2 p	3.6 p	1.5 p	2.5 p
A,RT_PRE_EUR,D11,Q,FR	: 	: 	: 	: @C	: @C	: @C	: @C	: @C
A,RT_PRE_EUR,D11,Q,HR	: 	: 	: 	7.2 	3.6 	7.2 	16.4 	23.4 
A,RT_PRE_EUR,D11,Q,HU	: 	: 	: 	11.1 	17.6 	15.3 	17.5 	8.3 
A,RT_PRE_EUR,D11,Q,IE	: 	: 	: 	2.8 	1.6 	5.3 	5.7 	3.8 
A,RT_PRE_EUR,D11,Q,IS	: 	10.5 p	15.2 p	-7.5 p	14.0 p	15.1 p	2.6 p	5.7 p
A,RT_PRE_EUR,D11,Q,IT	: 	: 	: 	2.3 	-0.9 	0.6 	-0.3 	3.1 
A,RT_PRE_EUR,D11,Q,LT	: 	: 	: 	20.3 	13.7 	8.9 	9 	13.8 
A,RT_PRE_EUR,D11,Q,LU	: 	: 	: 	0.3 	4.4 	3.8 	6.3 	1.8 
A,RT_PRE_EUR,D11,Q,LV	: 	: 	: 	11.3 	26 	2.1 	5.1 	7.2 
A,RT_PRE_EUR,D11,Q,MT	: 	: 	: 	-4.7 	13.3 	9.4 	1.9 	4.7 
A,RT_PRE_EUR,D11,Q,NL	: 	: 	: 	9.9 	-0.5 	2.1 	7.2 	: @C
A,RT_PRE_EUR,D11,Q,NO	: 	: 	: 	-5.6 	5.9 	2.5 	-6.2 	3.2 
A,RT_PRE_EUR,D11,Q,PL	: 	: 	: 	7.3 	11.9 	5.8 	18.8 	21.7 
A,RT_PRE_EUR,D11,Q,PT	: 	: 	: 	13.7 	-0.2 	4.1 	6.7 	13.3 
A,RT_PRE_EUR,D11,Q,RO	: 	: 	: 	5.8 b	0 	3.2 	7.1 	13.1 
A,RT_PRE_EUR,D11,Q,RS	: 	: 	: 	21.4 	13.8 	7.7 	10.7 	13.1 
A,RT_PRE_EUR,D11,Q,SE	: 	: 	: 	3.9 	5.6 	-1.4 	-4.4 	3.2 
A,RT_PRE_EUR,D11,Q,SI	: 	: 	: 	17.3 	4.5 	-3.8 	8.9 	3.8 
A,RT_PRE_EUR,D11,Q,SK	: 	: 	: 	12.1 	13.1 	2.8 	13.7 	7.3 
A,RT_PRE_EUR,D11,R,AT	: 	: 	-2.7 	19.1 	-12.2 	11.2 	6.1 p	5.1 p
A,RT_PRE_EUR,D11,R,BE	: 	: 	: 	1.6 	1.1 	7.5 	8.3 	2.3 
A,RT_PRE_EUR,D11,R,BG	: 	: 	: 	0.1 	14.5 	16.8 	12 	18.4 
A,RT_PRE_EUR,D11,R,CY	: 	: 	: 	-1.2 	2.5 	18.3 	1.8 	5.3 
A,RT_PRE_EUR,D11,R,CZ	: 	: 	: 	9.7 	2.1 	-1.6 	13.4 	0.2 
A,RT_PRE_EUR,D11,R,DE	: 	: 	: 	9.9 	3.2 	-0.5 	4.6 	7.5 
A,RT_PRE_EUR,D11,R,DK	: 	: 	1.4 	4.1 	4.5 	-0.8 	2.3 	4.7 
A,RT_PRE_EUR,D11,R,EA19	: 	: 	: 	9.6 	0.5 	-1.8 	4.2 	5.6 
A,RT_PRE_EUR,D11,R,EA20	: 	: 	: 	: 	0.5 	-1.7 	4.3 	5.7 
A,RT_PRE_EUR,D11,R,EE	: 	: 	: 	1.3 	7.8 	6.1 	20.5 	-1.8 
A,RT_PRE_EUR,D11,R,EL	: 	: 	: 	7.6 	-3.2 	-7 	10.4 	7.6 
A,RT_PRE_EUR,D11,R,ES	: 	: 	5.6 	14.2 	-1 	-6.5 	4 	5.2 
A,RT_PRE_EUR,D11,R,EU27_2020	: 	: 	: 	9.2 	0.9 	-0.8 	4.8 	6.1 
A,RT_PRE_EUR,D11,R,FI	1.8 p	0.4 p	-2.3 p	2.3 p	1.1 p	2.4 p	2.1 p	4.2 p
A,RT_PRE_EUR,D11,R,FR	: 	: 	: 	6.7 	0 	-1.9 	1.4 	1.5 
A,RT_PRE_EUR,D11,R,HR	: 	: 	: 	1.1 	0.5 	7.1 	14.4 	17.7 
A,RT_PRE_EUR,D11,R,HU	: 	: 	: 	2.6 	7.2 	7.3 	18.5 	7.5 
A,RT_PRE_EUR,D11,R,IE	: 	: 	: 	6.2 	6.3 	1.1 	4.4 	2.7 
A,RT_PRE_EUR,D11,R,IS	: 	-2.2 p	13.0 p	-10.0 p	18.5 p	13.8 p	2.6 p	6.4 p
A,RT_PRE_EUR,D11,R,IT	: 	: 	: 	2.2 	-0.5 	-5.5 	2.8 	9.1 
A,RT_PRE_EUR,D11,R,LT	: 	: 	: 	12.1 	9.2 	13.7 	17.5 	11.8 
A,RT_PRE_EUR,D11,R,LU	: 	: 	: 	5.6 	-1.9 	3.2 	6.8 	1.4 
A,RT_PRE_EUR,D11,R,LV	: 	: 	: 	12.1 	11.6 	5.4 	10.9 	11.3 
A,RT_PRE_EUR,D11,R,MT	: 	: 	: 	-1.2 	0.6 	1.4 	-4.6 	9.8 
A,RT_PRE_EUR,D11,R,NL	: 	: 	: 	22.5 	-4.8 	-8.7 	5.5 	: @C
A,RT_PRE_EUR,D11,R,NO	: 	: 	: 	-4.1 	8.9 	5.7 	-5.3 	3.6 
A,RT_PRE_EUR,D11,R,PL	: 	: 	: 	1.6 	1.8 	12.3 	18.7 	20.6 
A,RT_PRE_EUR,D11,R,PT	: 	: 	: 	16.6 	5.4 	-5.9 	3 	5.3 
A,RT_PRE_EUR,D11,R,RO	: 	: 	: 	10.7 b	1.3 	8.8 	10.8 	11.2 
A,RT_PRE_EUR,D11,R,RS	: 	: 	: 	15 	3.7 	16.1 	14.6 	13.7 
A,RT_PRE_EUR,D11,R,SE	: 	: 	: 	5.0 	3.3 	-3.2 	-4.1 	6.1 
A,RT_PRE_EUR,D11,R,SI	: 	: 	: 	5.5 	5.4 	1.4 	11.3 	3.7 
A,RT_PRE_EUR,D11,R,SK	: 	: 	: 	13.8 	13.3 	-1.4 	2.6 	7.8 
A,RT_PRE_EUR,D11,S,AT	: 	: 	0.8 	10.9 	8.1 	3 	6.7 p	10.3 p
A,RT_PRE_EUR,D11,S,BE	: 	: 	: 	1.6 	1.2 	5.3 	9.5 	1.9 
A,RT_PRE_EUR,D11,S,BG	: 	: 	: 	9.7 	10.5 	16.8 	6.9 	23 
A,RT_PRE_EUR,D11,S,CY	: 	: 	: 	-3.3 	2.4 	6.9 	6.5 	6.7 
A,RT_PRE_EUR,D11,S,CZ	: 	: 	: 	4.5 	7.8 	-0.4 	17.9 	1.6 
A,RT_PRE_EUR,D11,S,DE	: 	: 	: 	6.4 	2.2 	1.9 	2.5 	5.4 
A,RT_PRE_EUR,D11,S,DK	: 	: 	2.2 	2.5 	3 	0.8 	2.3 	3.7 
A,RT_PRE_EUR,D11,S,EA19	: 	: 	: 	6.1 	0.9 	2.2 	4 	4.7 
A,RT_PRE_EUR,D11,S,EA20	: 	: 	: 	: 	0.9 	2.3 	4.1 	4.7 
A,RT_PRE_EUR,D11,S,EE	: 	: 	: 	8.9 	5.6 	1.2 	7.5 	10.5 
A,RT_PRE_EUR,D11,S,EL	: 	: 	0.1 	7.1 	3.5 	-6.3 	5.8 	10.2 
A,RT_PRE_EUR,D11,S,ES	: 	: 	-2.7 	10.3 	-1.3 	1.9 	4.6 	4.5 
A,RT_PRE_EUR,D11,S,EU27_2020	: 	: 	: 	5.9 	1.1 	2.3 	4.3 	4.8 
A,RT_PRE_EUR,D11,S,FI	-15.4 p	14.3 p	0.1 p	-12.2 p	18.9 p	-0.1 p	4.2 p	5.7 p
A,RT_PRE_EUR,D11,S,FR	: 	: 	: 	7.2 	: @C	: @C	: @C	: @C
A,RT_PRE_EUR,D11,S,HR	: 	: 	: 	-8.6 	-0.7 	13.3 	16.1 	7.9 
A,RT_PRE_EUR,D11,S,HU	: 	: 	: 	-3.3 	-0.6 	11.6 	16.9 	11.3 
A,RT_PRE_EUR,D11,S,IE	: 	: 	: 	7.8 	3.1 	1.6 	7.2 	3.7 
A,RT_PRE_EUR,D11,S,IS	: 	8.4 p	20.7 p	-13.2 p	12.8 p	10.4 p	2.1 p	6.7 p
A,RT_PRE_EUR,D11,S,IT	: 	: 	: 	-1.2 	-1.7 	0.7 	3.2 	0.3 
A,RT_PRE_EUR,D11,S,LT	: 	: 	: 	14.7 	11.7 	13.2 	9 	11.5 
A,RT_PRE_EUR,D11,S,LU	: 	: 	: 	4.7 	-0.1 	3.9 	6 	2 
A,RT_PRE_EUR,D11,S,LV	: 	: 	: 	15.3 	4.3 	2.6 	12.7 	16.1 
A,RT_PRE_EUR,D11,S,MT	: 	: 	: 	5.6 	3.2 	5.1 	17.5 	0.1 
A,RT_PRE_EUR,D11,S,NL	: 	: 	: 	6.1 	1.7 	2.2 	7.1 	: @C
A,RT_PRE_EUR,D11,S,NO	: 	: 	: 	-5.3 	8.5 	1.1 	5.4 	-7.1 
A,RT_PRE_EUR,D11,S,PL	: 	: 	: 	2.4 	8.5 	-0.2 	19.2 	17.7 
A,RT_PRE_EUR,D11,S,PT	: 	: 	: 	8.1 	6.4 	-2.3 	8.9 	5.4 
A,RT_PRE_EUR,D11,S,RO	: 	: 	: 	6.2 b	3 	19.9 	8 	18.2 
A,RT_PRE_EUR,D11,S,RS	: 	: 	: 	18.8 	0.5 	12.2 	12.1 	13.1 
A,RT_PRE_EUR,D11,S,SE	: 	: 	: 	3.7 	5.3 	-3.4 	-2.5 	2.4 
A,RT_PRE_EUR,D11,S,SI	: 	: 	: 	5.4 	2.3 	4.3 	14.3 	7.1 
A,RT_PRE_EUR,D11,S,SK	: 	: 	: 	11.2 	8.8 	5.1 	10.2 	4.3 
A,RT_PRE_EUR,D12_D4_MD5,B,AT	: 	: 	-4.5 	4.1 	-0.5 	-4.6 	8.8 p	9.5 p
A,RT_PRE_EUR,D12_D4_MD5,B,BE	: 	: 	: 	1.7 	1.4 	7 	7 	2.5 
A,RT_PRE_EUR,D12_D4_MD5,B,BG	: 	: 	: 	5.4 	1.5 	16.9 	10.9 	8.3 
A,RT_PRE_EUR,D12_D4_MD5,B,CY	: 	: 	4.1 	7.5 	19 	0.5 	9.3 	7.3 
A,RT_PRE_EUR,D12_D4_MD5,B,CZ	: 	: 	: 	4.2 	20.1 	-8.3 	13.9 	-0.7 
A,RT_PRE_EUR,D12_D4_MD5,B,DE	: 	: 	: 	12.4 	-0.3 	19.8 	5.1 	4.2 
A,RT_PRE_EUR,D12_D4_MD5,B,DK	: 	: 	: @C	: @C	: @C	: @C	: @C	: @C
A,RT_PRE_EUR,D12_D4_MD5,B,EA	4.8 	4.9 	-11.6 	7.0 	: 	: 	: 	: 
A,RT_PRE_EUR,D12_D4_MD5,B,EA19	: 	: 	: 	9.1 	-2.5 	8.5 	5.2 	3.2 
A,RT_PRE_EUR,D12_D4_MD5,B,EA20	: 	: 	: 	: 	-2.5 d	8.5 	5.2 	3.3 
A,RT_PRE_EUR,D12_D4_MD5,B,EE	: 	: 	: 	-10.7 	5.4 	11.5 	7.3 	3.1 
A,RT_PRE_EUR,D12_D4_MD5,B,EL	: 	: 	4.0 	-10.7 	-6 	-5.6 	-4.2 	18.4 
A,RT_PRE_EUR,D12_D4_MD5,B,ES	: 	: 	6.8 	20.2 	-7.2 	-9.7 	20.2 	0.5 
A,RT_PRE_EUR,D12_D4_MD5,B,EU27_2020	: 	: 	: 	8.6 	0.7 	9 	8.1 	4.6 
A,RT_PRE_EUR,D12_D4_MD5,B,FI	-1.0 p	8.8 p	-14.5 p	-28.3 p	46.2 p	-4.9 p	-3.1 p	-5.6 p
A,RT_PRE_EUR,D12_D4_MD5,B,FR	: 	: 	: 	1.4 	0.9 	1.2 	1.8 	5.7 
A,RT_PRE_EUR,D12_D4_MD5,B,HR	: 	: 	: 	-0.7 	-6.3 	2.7 	14 	7.4 
A,RT_PRE_EUR,D12_D4_MD5,B,HU	: 	: 	: 	-10.1 	-5.8 	-9.1 	17 	10.8 
A,RT_PRE_EUR,D12_D4_MD5,B,IE	: 	: 	: 	-15.5 	3.5 	23.2 	6.5 	-3.2 
A,RT_PRE_EUR,D12_D4_MD5,B,IS	: 	: @C	: @C	: @C	: @C	: @C	: @C	: @C
A,RT_PRE_EUR,D12_D4_MD5,B,IT	: 	: 	: 	-3 	-5.6 	5 	2.6 	-2.1 
A,RT_PRE_EUR,D12_D4_MD5,B,LT	: 	: 	: 	9.9 	11.8 	-12.4 	23.7 	1.2 
A,RT_PRE_EUR,D12_D4_MD5,B,LU	: 	: 	: 	3.7 	-1.6 	1.9 	9.4 	1.8 
A,RT_PRE_EUR,D12_D4_MD5,B,LV	: 	: 	: 	4.7 	-4.8 	12.7 	12.5 	11.7 
A,RT_PRE_EUR,D12_D4_MD5,B,MT	: 	: 	: 	8 	5.7 	1.3 	0.4 	-3.4 
A,RT_PRE_EUR,D12_D4_MD5,B,NL	: 	: 	: 	41.7 	-8.1 	35 	1.5 	: @C
A,RT_PRE_EUR,D12_D4_MD5,B,NO	: 	: 	: 	-8.2 	5.9 	10.8 	19.4 	0 
A,RT_PRE_EUR,D12_D4_MD5,B,PL	: 	: 	: 	4.2 	2.5 	19.1 	20.6 	13 
A,RT_PRE_EUR,D12_D4_MD5,B,PT	: 	: 	: 	7.8 	4.9 	2.9 	5.8 	9 
A,RT_PRE_EUR,D12_D4_MD5,B,RO	: 	: 	: 	14.9 b	11.8 	-26.3 	11.9 	10 
A,RT_PRE_EUR,D12_D4_MD5,B,RS	: 	: 	: 	2.9 	9.9 	7.4 	10.7 	11.3 
A,RT_PRE_EUR,D12_D4_MD5,B,SE	: 	: 	: 	1.9 	10.6 	-1.5 	-2.2 	4.4 
A,RT_PRE_EUR,D12_D4_MD5,B,SI	: 	: 	: 	-4.5 	13 	8.7 	8.5 	7.5 
A,RT_PRE_EUR,D12_D4_MD5,B,SK	: 	: 	: 	-2.7 	0.9 	29 	-1.8 	27.1 
A,RT_PRE_EUR,D12_D4_MD5,B,TR	: 	: 	: 	-7.1 	-6.5 	5 	55.8 	42.1 
A,RT_PRE_EUR,D12_D4_MD5,B-E,AT	: 	: 	1.8 	3.3 	2.4 	4.1 	8.8 p	7.7 p
A,RT_PRE_EUR,D12_D4_MD5,B-E,BE	: 	: 	: 	1.7 	1.3 	7 	6.7 	3.3 
A,RT_PRE_EUR,D12_D4_MD5,B-E,BG	: 	: 	: 	5.3 	3.7 	17.1 	13.1 	12.2 
A,RT_PRE_EUR,D12_D4_MD5,B-E,CY	: 	: 	: 	-2 	5.9 	3.9 	5.7 	7.1 
A,RT_PRE_EUR,D12_D4_MD5,B-E,CZ	: 	: 	: 	-1.7 	10 	10.5 	11 	1.4 
A,RT_PRE_EUR,D12_D4_MD5,B-E,DE	: 	: 	: 	2.1 	0.4 	11.5 	2.9 	3.5 
A,RT_PRE_EUR,D12_D4_MD5,B-E,DK	: 	: 	5.6 	-5.9 	10.5 	5.3 	2.6 	3.6 
A,RT_PRE_EUR,D12_D4_MD5,B-E,EA19	: 	: 	: 	1.5 	0.1 	7.3 	4.3 	4.5 
A,RT_PRE_EUR,D12_D4_MD5,B-E,EA20	: 	: 	: 	: 	0.1 	7.3 	4.3 	4.5 
A,RT_PRE_EUR,D12_D4_MD5,B-E,EE	: 	: 	: 	2.2 	5 	14.8 	7.3 	7.5 
A,RT_PRE_EUR,D12_D4_MD5,B-E,EL	: 	: 	: 	-1 	-7.4 	5.6 	4.3 	11.3 
A,RT_PRE_EUR,D12_D4_MD5,B-E,ES	: 	: 	-0.7 	6 	-0.9 	0 	7.1 	5.3 
A,RT_PRE_EUR,D12_D4_MD5,B-E,EU27_2020	: 	: 	: 	1.5 	0.9 	7.2 	4.6 	4.9 
A,RT_PRE_EUR,D12_D4_MD5,B-E,FI	9.8 p	13.5 p	10.9 p	-1.0 p	1.1 p	4.4 p	4.0 p	-2.1 p
A,RT_PRE_EUR,D12_D4_MD5,B-E,FR	: 	: 	: 	2.6 	-0.8 	2.9 	3.7 	4.7 
A,RT_PRE_EUR,D12_D4_MD5,B-E,HR	: 	: 	: 	-6.8 	3.2 	8.5 	13 	13.2 
A,RT_PRE_EUR,D12_D4_MD5,B-E,HU	: 	: 	: 	-5.7 	-3.1 	-11.8 	18.8 	7 
A,RT_PRE_EUR,D12_D4_MD5,B-E,IE	: 	: 	: 	-24.7 	13 	18.3 	4.9 	9.9 
A,RT_PRE_EUR,D12_D4_MD5,B-E,IS	: 	5.2 d	20.5 d	-7.9 d	7.7 d	15.3 p	3.8 p	7.5 p
A,RT_PRE_EUR,D12_D4_MD5,B-E,IT	: 	: 	: 	1.4 	-2.8 	3.3 	3.8 	4.2 
A,RT_PRE_EUR,D12_D4_MD5,B-E,LT	: 	: 	: 	-66.9 	265.5 	23.1 	18 	3.3 
A,RT_PRE_EUR,D12_D4_MD5,B-E,LU	: 	: 	: 	4.2 	-1.9 	3.7 	7.6 	1.8 
A,RT_PRE_EUR,D12_D4_MD5,B-E,LV	: 	: 	: 	4.3 	1 	10.4 	10.1 	10.9 
A,RT_PRE_EUR,D12_D4_MD5,B-E,MT	: 	: 	: 	-92.9 	83.8 	598.1 	47.9 	14.3 
A,RT_PRE_EUR,D12_D4_MD5,B-E,NL	: 	: 	: 	-11.6 	4.4 	13.4 	7.4 	6 
A,RT_PRE_EUR,D12_D4_MD5,B-E,NO	: 	: 	: 	-7.3 	7.9 	5.1 	10.8 	1.5 
A,RT_PRE_EUR,D12_D4_MD5,B-E,PL	: 	: 	: 	2.3 	4.7 	9.1 	15.5 	17.3 
A,RT_PRE_EUR,D12_D4_MD5,B-E,PT	: 	: 	: 	4.1 	6.1 	5.7 	6.3 	7.6 
A,RT_PRE_EUR,D12_D4_MD5,B-E,RO	: 	: 	: 	13.1 b	1.5 	6.9 	10 	11.4 
A,RT_PRE_EUR,D12_D4_MD5,B-E,RS	: 	: 	: 	-26.2 	46.4 	26.6 	13.2 	14.6 
A,RT_PRE_EUR,D12_D4_MD5,B-E,SE	: 	: 	: 	-2.7 	11.5 	-1.4 	-6.2 	5.7 
A,RT_PRE_EUR,D12_D4_MD5,B-E,SI	: 	: 	: 	-4.6 	14.1 	9.6 	8.7 	6.5 
A,RT_PRE_EUR,D12_D4_MD5,B-E,SK	: 	: 	: 	-4.4 	7.7 	23.4 	5 	11.8 
A,RT_PRE_EUR,D12_D4_MD5,B-E,TR	: 	: 	: 	-15.3 	-3.7 	6.4 	80.3 	26.8 
A,RT_PRE_EUR,D12_D4_MD5,B-F,MT	: 	: 	: 	5.2 	13.0 	9.4 	2.1 	: 
A,RT_PRE_EUR,D12_D4_MD5,B-N,AT	: 	: 	0.1 	4.9 	2 	4.6 	6.8 p	9.0 p
A,RT_PRE_EUR,D12_D4_MD5,B-N,BE	: 	: 	: 	1.6 	1.2 	6.1 	7.6 	2.4 
A,RT_PRE_EUR,D12_D4_MD5,B-N,BG	: 	: 	: 	6.1 	3.9 	15.3 	12 	13.5 
A,RT_PRE_EUR,D12_D4_MD5,B-N,CY	: 	: 	: 	-3.2 	2.1 	11.5 	5.7 	7.6 
A,RT_PRE_EUR,D12_D4_MD5,B-N,CZ	: 	: 	: 	-4 	-8.5 	7.9 	11.7 	1.6 
A,RT_PRE_EUR,D12_D4_MD5,B-N,DE	: 	: 	: 	1.4 	1 	12.1 	4.6 	4 
A,RT_PRE_EUR,D12_D4_MD5,B-N,DK	: 	: 	2 	-5.5 	1.6 	5.4 	2.7 	3.7 
A,RT_PRE_EUR,D12_D4_MD5,B-N,EA19	: 	: 	: 	0.1 	0.5 	7.8 	5.2 	4.5 
A,RT_PRE_EUR,D12_D4_MD5,B-N,EA20	: 	: 	: 	: 	0.5 	7.8 	5.2 	4.5 
A,RT_PRE_EUR,D12_D4_MD5,B-N,EE	: 	: 	: 	0.7 	6.6 	11 	10.4 	6.9 
A,RT_PRE_EUR,D12_D4_MD5,B-N,EL	: 	: 	: 	3.7 	-0.4 	8.6 	9.3 	10.9 
A,RT_PRE_EUR,D12_D4_MD5,B-N,ES	: 	: 	-0.7 	6.2 	-2.2 	0.2 	6.8 	5.1 
A,RT_PRE_EUR,D12_D4_MD5,B-N,EU27_2020	: 	: 	: 	0.1 	0.9 	7.6 	5.3 	4.8 
A,RT_PRE_EUR,D12_D4_MD5,B-N,FI	9.1 p	12.5 p	12.9 p	2.8 p	0.0 p	2.8 p	4.1 p	-1.8 p
A,RT_PRE_EUR,D12_D4_MD5,B-N,FR	: 	: 	: 	0.3 	-0.2 	4.1 	3.3 	4.1 
A,RT_PRE_EUR,D12_D4_MD5,B-N,HR	: 	: 	: 	-9.5 	2.7 	9.6 	13.9 	11.6 
A,RT_PRE_EUR,D12_D4_MD5,B-N,HU	: 	: 	: 	-5.8 	-3.6 	-10.5 	17.6 	6.9 
A,RT_PRE_EUR,D12_D4_MD5,B-N,IE	: 	: 	: 	-48.1 	0.3 	83.9 	15.7 	7.7 
A,RT_PRE_EUR,D12_D4_MD5,B-N,IS	: 	11.9 d	15.3 p	-8.4 p	10.4 p	13.3 p	3.0 p	7.2 p
A,RT_PRE_EUR,D12_D4_MD5,B-N,IT	: 	: 	: 	2.8 	-2.2 	2 	3.5 	3.3 
A,RT_PRE_EUR,D12_D4_MD5,B-N,LT	: 	: 	: 	-54.2 	71.2 	9.8 	13.4 	11.7 
A,RT_PRE_EUR,D12_D4_MD5,B-N,LU	: 	: 	: 	4.1 	-0.5 	3.7 	7.3 	2.1 
A,RT_PRE_EUR,D12_D4_MD5,B-N,LV	: 	: 	: 	4.9 	-0.8 	11.2 	10.3 	12.4 
A,RT_PRE_EUR,D12_D4_MD5,B-N,MT	: 	: 	: 	-150.5 	-68.6 	-525.1 	63.8 	3.9 
A,RT_PRE_EUR,D12_D4_MD5,B-N,NL	: 	: 	: 	-19.2 	5.2 	16.3 	7 	6.3 
A,RT_PRE_EUR,D12_D4_MD5,B-N,NO	: 	: 	: 	-6.7 	8.9 	2.7 	6.6 	3.6 
A,RT_PRE_EUR,D12_D4_MD5,B-N,PL	: 	: 	: 	1.8 	5 	10.1 	15.7 	17 
A,RT_PRE_EUR,D12_D4_MD5,B-N,PT	: 	: 	: 	4.2 	4.9 	6.1 	6.5 	6.5 
A,RT_PRE_EUR,D12_D4_MD5,B-N,RO	: 	: 	: 	12.3 b	2.8 	8.6 	11.9 	12.2 
A,RT_PRE_EUR,D12_D4_MD5,B-N,RS	: 	: 	: 	-31.8 	49.4 	30.3 	14.5 	14.2 
A,RT_PRE_EUR,D12_D4_MD5,B-N,SE	: 	: 	: 	-2.1 	11.5 	-1.1 	-6.2 	5.7 
A,RT_PRE_EUR,D12_D4_MD5,B-N,SI	: 	: 	: 	-3.7 	13.7 	8.7 	9.1 	6.7 
A,RT_PRE_EUR,D12_D4_MD5,B-N,SK	: 	: 	: 	-2.9 	4.1 	24.2 	6.2 	12.1 
A,RT_PRE_EUR,D12_D4_MD5,B-S,MT	: 	: 	: 	7.2 	6.3 	1.7 	0.2 	: 
A,RT_PRE_EUR,D12_D4_MD5,B-S_X_O,AT	: 	: 	0.7 	5 	2.7 	5.6 	6.4 p	9.4 p
A,RT_PRE_EUR,D12_D4_MD5,B-S_X_O,BE	: 	: 	: 	1.6 	1.2 	6.3 	7.4 	2.5 
A,RT_PRE_EUR,D12_D4_MD5,B-S_X_O,BG	: 	: 	: 	8 	5.8 	14.1 	11.4 	13.9 
A,RT_PRE_EUR,D12_D4_MD5,B-S_X_O,CY	: 	: 	: 	-1.8 	1.4 	9.1 	5.4 	6.8 
A,RT_PRE_EUR,D12_D4_MD5,B-S_X_O,CZ	: 	: 	: 	-2.8 	-5 	8 	10.6 	1.3 
A,RT_PRE_EUR,D12_D4_MD5,B-S_X_O,DE	: 	: 	: 	2.4 	1.2 	11.5 	4.5 	4.1 
A,RT_PRE_EUR,D12_D4_MD5,B-S_X_O,DK	: 	: 	-5 	-11.6 	1.6 	4.7 	2.7 	4 
A,RT_PRE_EUR,D12_D4_MD5,B-S_X_O,EA19	: 	: 	: 	0.7 	0.8 	7.5 	5 	4.4 
A,RT_PRE_EUR,D12_D4_MD5,B-S_X_O,EA20	: 	: 	: 	: 	0.8 	7.5 	5 	4.4 
A,RT_PRE_EUR,D12_D4_MD5,B-S_X_O,EE	: 	: 	: 	1.4 	7 	10 	11.7 	7.1 
A,RT_PRE_EUR,D12_D4_MD5,B-S_X_O,EL	: 	: 	: 	-0.5 	-0.4 	4.2 	7.9 	9 
A,RT_PRE_EUR,D12_D4_MD5,B-S_X_O,ES	: 	: 	-0.6 	6.3 	-1.3 	0 	6.7 	4.8 
A,RT_PRE_EUR,D12_D4_MD5,B-S_X_O,EU27_2020	: 	: 	: 	0.7 	1.2 	7.2 	5.2 	4.7 
A,RT_PRE_EUR,D12_D4_MD5,B-S_X_O,FI	10.1 p	17.0 p	17.7 p	9.3 p	-5.8 p	3.1 p	3.8 p	-1.7 p
A,RT_PRE_EUR,D12_D4_MD5,B-S_X_O,FR	: 	: 	: 	0.2 	0.5 	3.9 	3.8 	3.9 
A,RT_PRE_EUR,D12_D4_MD5,B-S_X_O,HR	: 	: 	: 	-7.8 	3 	8.9 	14.2 	14.2 
A,RT_PRE_EUR,D12_D4_MD5,B-S_X_O,HU	: 	: 	: 	-5.5 	-2.7 	-9.7 	17.5 	8.4 
A,RT_PRE_EUR,D12_D4_MD5,B-S_X_O,IE	: 	: 	: 	-42.7 	-2.6 	76.8 	14.7 	7.3 
A,RT_PRE_EUR,D12_D4_MD5,B-S_X_O,IS	: 	8.9 d	24.1 d	-5.1 d	8.5 d	14.0 p	3.0 p	7.1 p
A,RT_PRE_EUR,D12_D4_MD5,B-S_X_O,IT	: 	: 	: 	2.6 	-2 	1.4 	2.6 	3.2 
A,RT_PRE_EUR,D12_D4_MD5,B-S_X_O,LT	: 	: 	: 	-49.2 	66.2 	11 	13.2 	11.7 
A,RT_PRE_EUR,D12_D4_MD5,B-S_X_O,LU	: 	: 	: 	3.8 	-0.1 	3.8 	7.2 	2 
A,RT_PRE_EUR,D12_D4_MD5,B-S_X_O,LV	: 	: 	: 	4.9 	2.1 	10.8 	10.1 	12.2 
A,RT_PRE_EUR,D12_D4_MD5,B-S_X_O,MT	: 	: 	: 	-123 	-125.7 	1138 	45.8 	5.5 
A,RT_PRE_EUR,D12_D4_MD5,B-S_X_O,NL	: 	: 	: 	-16.1 	5.5 	16.3 	6.1 	6 
A,RT_PRE_EUR,D12_D4_MD5,B-S_X_O,NO	: 	: 	: 	-6.7 	8.1 	2.9 	4.4 	3.3 
A,RT_PRE_EUR,D12_D4_MD5,B-S_X_O,PL	: 	: 	: 	2.6 	5.3 	9 	16 	18.8 
A,RT_PRE_EUR,D12_D4_MD5,B-S_X_O,PT	: 	: 	: 	5.9 	4.1 	5.6 	7.2 	6.8 
A,RT_PRE_EUR,D12_D4_MD5,B-S_X_O,RO	: 	: 	: 	14.9 b	1.4 	6.8 	10.4 	13.1 
A,RT_PRE_EUR,D12_D4_MD5,B-S_X_O,RS	: 	: 	: 	-24 	40.4 	26.2 	14.1 	14.2 
A,RT_PRE_EUR,D12_D4_MD5,B-S_X_O,SE	: 	: 	: 	-0.7 	10.4 	-1.4 	-3.8 	3.3 
A,RT_PRE_EUR,D12_D4_MD5,B-S_X_O,SI	: 	: 	: 	-0.3 	12 	5.9 	8.8 	6 
A,RT_PRE_EUR,D12_D4_MD5,B-S_X_O,SK	: 	: 	: 	-0.2 	4.5 	20 	7.2 	11.9 
A,RT_PRE_EUR,D12_D4_MD5,C,AT	: 	: 	1.5 	3.1 	2.4 	4.2 	8.9 p	7.7 p
A,RT_PRE_EUR,D12_D4_MD5,C,BE	: 	: 	: 	1.7 	1.3 	6.9 	6.9 	3.4 
A,RT_PRE_EUR,D12_D4_MD5,C,BG	: 	: 	: 	4.4 	5.7 	16.8 	14.5 	11.9 
A,RT_PRE_EUR,D12_D4_MD5,C,CY	: 	: 	: 	-4.4 	6.5 	4 	5.3 	8.5 
A,RT_PRE_EUR,D12_D4_MD5,C,CZ	: 	: 	: 	-2.4 	9.8 	10.9 	10.8 	1.5 
A,RT_PRE_EUR,D12_D4_MD5,C,DE	: 	: 	: 	2.3 	0.4 	11.3 	2.9 	3.9 
A,RT_PRE_EUR,D12_D4_MD5,C,DK	: 	: 	6 	-6.5 	11.2 	5.3 	2.9 	3.7 
A,RT_PRE_EUR,D12_D4_MD5,C,EA	3.2 	2.4 	1.3 	1.2 	: 	: 	: 	: 
A,RT_PRE_EUR,D12_D4_MD5,C,EA19	: 	: 	: 	1.5 	0.1 	7.3 	4.2 	4.6 
A,RT_PRE_EUR,D12_D4_MD5,C,EA20	: 	: 	: 	: 	0.1 	7.3 	4.3 	4.7 
A,RT_PRE_EUR,D12_D4_MD5,C,EE	: 	: 	: 	2.8 	5.2 	15.5 	6.5 	7.3 
A,RT_PRE_EUR,D12_D4_MD5,C,EL	: 	: 	: 	-1.9 	-6.8 	6.7 	3.9 	10.7 
A,RT_PRE_EUR,D12_D4_MD5,C,ES	: 	: 	-1 	5.8 	-0.5 	-0.5 	7.4 	5.6 
A,RT_PRE_EUR,D12_D4_MD5,C,EU27_2020	: 	: 	: 	1.5 	0.9 	7.2 	4.6 	5 
A,RT_PRE_EUR,D12_D4_MD5,C,FI	10.5 p	12.7 p	10.2 p	-1.1 p	1.3 p	4.5 p	4.5 p	-2.1 p
A,RT_PRE_EUR,D12_D4_MD5,C,FR	: 	: 	: 	2.5 	-0.9 	3.1 	3.4 	4.8 
A,RT_PRE_EUR,D12_D4_MD5,C,HR	: 	: 	: 	-7.4 	3.5 	9.1 	13.8 	12.6 
A,RT_PRE_EUR,D12_D4_MD5,C,HU	: 	: 	: 	-5.6 	-2.7 	-11.5 	19.3 	6.8 
A,RT_PRE_EUR,D12_D4_MD5,C,IE	: 	: 	: 	-26.5 	13.9 	18.2 	4.9 	9.5 
A,RT_PRE_EUR,D12_D4_MD5,C,IS	: 	4.4 p	18.9 p	-8.1 p	8.3 p	15.6 p	3.6 p	7.3 p
A,RT_PRE_EUR,D12_D4_MD5,C,IT	: 	: 	: 	1.7 	-2.8 	3.2 	4 	4.3 
A,RT_PRE_EUR,D12_D4_MD5,C,LT	: 	: 	: 	-78.5 	: @C	: @C	: @C	: @C
A,RT_PRE_EUR,D12_D4_MD5,C,LU	: 	: 	: 	4.7 	-2.2 	3.5 	7.7 	1.6 
A,RT_PRE_EUR,D12_D4_MD5,C,LV	: 	: 	: 	5.2 	0 	10.4 	9.3 	10.7 
A,RT_PRE_EUR,D12_D4_MD5,C,MT	: 	: 	: 	-99.6 	723.6 	2699.2 	54.7 	15.5 
A,RT_PRE_EUR,D12_D4_MD5,C,NL	: 	: 	: 	-13.7 	5 	13.3 	7.3 	: @C
A,RT_PRE_EUR,D12_D4_MD5,C,NO	: 	: 	: 	-6.7 	8.8 	2.5 	5.7 	2.1 
A,RT_PRE_EUR,D12_D4_MD5,C,PL	: 	: 	: 	2.2 	5.2 	8.3 	14.9 	17.8 
A,RT_PRE_EUR,D12_D4_MD5,C,PT	: 	: 	: 	3.8 	6.8 	5.2 	6.4 	7.6 
A,RT_PRE_EUR,D12_D4_MD5,C,RO	: 	: 	: 	12.5 b	-0.3 	10.8 	9.2 	11.6 
A,RT_PRE_EUR,D12_D4_MD5,C,RS	: 	: 	: 	-37.3 	67 	33.6 	14.1 	15.3 
A,RT_PRE_EUR,D12_D4_MD5,C,SE	: 	: 	: 	-2.9 	11.5 	-1.3 	-6.1 	5.7 
A,RT_PRE_EUR,D12_D4_MD5,C,SI	: 	: 	: 	-4.2 	14 	9.7 	8.5 	6.6 
A,RT_PRE_EUR,D12_D4_MD5,C,SK	: 	: 	: 	-5.6 	8.6 	25.1 	4.8 	11.6 
A,RT_PRE_EUR,D12_D4_MD5,C,TR	: 	: 	: 	-16.4 	-3 	6.8 	83.3 	25.3 
A,RT_PRE_EUR,D12_D4_MD5,D,AT	: 	: 	13.1 	2.4 	1.8 	4.9 	5.8 p	5.4 p
A,RT_PRE_EUR,D12_D4_MD5,D,BE	: 	: 	: 	2.1 	1.7 	8.6 	4 	2.9 
A,RT_PRE_EUR,D12_D4_MD5,D,BG	: 	: 	: 	7.6 	-6.1 	21.7 	5.5 	15.6 
A,RT_PRE_EUR,D12_D4_MD5,D,CY	: 	: 	-1.8 	32.5 	0.8 	4.5 	6.8 	4.2 
A,RT_PRE_EUR,D12_D4_MD5,D,CZ	: 	: 	: 	5.9 	8.4 	11.8 	12.2 	1 
A,RT_PRE_EUR,D12_D4_MD5,D,DE	: 	: 	: 	-4 	-0.2 	13.7 	1.6 	-0.1 
A,RT_PRE_EUR,D12_D4_MD5,D,DK	: 	: 	2.4 	-0.4 	6.2 	5.5 	0.2 	0.3 
A,RT_PRE_EUR,D12_D4_MD5,D,EA19	: 	: 	: 	-0.3 	0.6 	7.2 	4.3 	2.3 
A,RT_PRE_EUR,D12_D4_MD5,D,EA20	: 	: 	: 	: 	0.6 d	7.2 	4.3 	2.4 
A,RT_PRE_EUR,D12_D4_MD5,D,EE	: 	: 	: 	4.2 	1.5 	9.9 	16.8 	11 
A,RT_PRE_EUR,D12_D4_MD5,D,EL	: 	: 	: 	1.9 	-11.5 	0.8 	11.7 	-6.7 
A,RT_PRE_EUR,D12_D4_MD5,D,ES	: 	: 	9.2 	-0.1 	2.4 	-1.6 	5.6 	2 
A,RT_PRE_EUR,D12_D4_MD5,D,EU27_2020	: 	: 	: 	0.1 	1.2 	7.1 	4.6 	3.1 
A,RT_PRE_EUR,D12_D4_MD5,D,FI	-8.6 p	19.6 p	23.9 p	-3.4 p	1.8 p	4.1 p	-2.8 p	-0.2 p
A,RT_PRE_EUR,D12_D4_MD5,D,FR	: 	: 	: 	3 	0.9 	1.3 	6.7 	3.7 
A,RT_PRE_EUR,D12_D4_MD5,D,HR	: 	: 	: 	-6.5 	4.4 	4.2 	6.8 	19.2 
A,RT_PRE_EUR,D12_D4_MD5,D,HU	: 	: 	: 	-6.3 	-8.1 	-17.2 	14.1 	7.4 
A,RT_PRE_EUR,D12_D4_MD5,D,IE	: 	: 	: 	3.4 	5.1 	2.7 	0.2 	18.6 
A,RT_PRE_EUR,D12_D4_MD5,D,IS	: 	15.3 p	35.9 p	-1.4 p	-1.1 p	14.7 p	4.7 p	8.8 p
A,RT_PRE_EUR,D12_D4_MD5,D,IT	: 	: 	: 	-0.4 	-0.2 	3.8 	0.6 	2.9 
A,RT_PRE_EUR,D12_D4_MD5,D,LT	: 	: 	: 	-4.7 	13.8 	19.9 	14.6 	9.7 
A,RT_PRE_EUR,D12_D4_MD5,D,LU	: 	: 	: 	-0.8 	0.9 	4.6 	6.6 	2.9 
A,RT_PRE_EUR,D12_D4_MD5,D,LV	: 	: 	: 	0 	8.6 	7.9 	12.9 	11.2 
A,RT_PRE_EUR,D12_D4_MD5,D,MT	: 	: 	: 	15.6 	77.7 	8.2 	-12.9 	-1.3 
A,RT_PRE_EUR,D12_D4_MD5,D,NL	: 	: 	: 	4.6 	3 	8.4 	16.4 	: @C
A,RT_PRE_EUR,D12_D4_MD5,D,NO	: 	: 	: 	-6.7 	14.1 	0.1 	15.3 	2.8 
A,RT_PRE_EUR,D12_D4_MD5,D,PL	: 	: 	: 	1.7 	2.3 	8.7 	17.8 	15.6 
A,RT_PRE_EUR,D12_D4_MD5,D,PT	: 	: 	: 	4 	-7.3 	19.8 	-1.3 	2.4 
A,RT_PRE_EUR,D12_D4_MD5,D,RO	: 	: 	: 	20.2 b	6.2 	13.9 	12 	8.6 
A,RT_PRE_EUR,D12_D4_MD5,D,RS	: 	: 	: 	13.9 	3.8 	1.6 	6.5 	10.4 
A,RT_PRE_EUR,D12_D4_MD5,D,SE	: 	: 	: 	-2.2 	11.4 	-2.4 	-8.5 	6.2 
A,RT_PRE_EUR,D12_D4_MD5,D,SI	: 	: 	: 	-10.3 	14.9 	9 	10.6 	5.3 
A,RT_PRE_EUR,D12_D4_MD5,D,SK	: 	: 	: 	6.7 	1.9 	9.1 	8 	13.9 
A,RT_PRE_EUR,D12_D4_MD5,D,TR	: 	: 	: 	-3.3 	-13.7 	3.6 	59 	36 
A,RT_PRE_EUR,D12_D4_MD5,E,AT	: 	: 	-2.4 	5.3 	-0.2 	5.7 	8.4 p	8.9 p
A,RT_PRE_EUR,D12_D4_MD5,E,BE	: 	: 	: 	1.2 	1.2 	5.8 	8.3 	2.1 
A,RT_PRE_EUR,D12_D4_MD5,E,BG	: 	: 	: 	12.1 	3.7 	11.6 	14.7 	14.3 
A,RT_PRE_EUR,D12_D4_MD5,E,CY	: 	: 	: 	-2.7 	15.5 	2.5 	5.2 	5 
A,RT_PRE_EUR,D12_D4_MD5,E,CZ	: 	: 	: 	0.9 	8.7 	10.9 	12.1 	3 
A,RT_PRE_EUR,D12_D4_MD5,E,DE	: 	: 	: 	1.4 	2 	12.2 	5.6 	0 
A,RT_PRE_EUR,D12_D4_MD5,E,DK	: 	: 	: @C	: @C	: @C	: @C	: @C	: @C
A,RT_PRE_EUR,D12_D4_MD5,E,EA19	: 	: 	: 	1.6 	-0.1 	6.8 	4.4 	3.7 
A,RT_PRE_EUR,D12_D4_MD5,E,EA20	: 	: 	: 	: 	-0.1 	6.8 	4.4 	3.8 
A,RT_PRE_EUR,D12_D4_MD5,E,EE	: 	: 	: 	2 	7.7 	8.4 	12.8 	6.3 
A,RT_PRE_EUR,D12_D4_MD5,E,EL	: 	: 	: 	6.8 	-7.9 	5.4 	2.6 	37 
A,RT_PRE_EUR,D12_D4_MD5,E,ES	: 	: 	-0.8 	4.9 	0.4 	3.3 	5.2 	4.5 
A,RT_PRE_EUR,D12_D4_MD5,E,EU27_2020	: 	: 	: 	1.6 	0.6 	6.8 	4.8 	4.4 
A,RT_PRE_EUR,D12_D4_MD5,E,FI	15.0 p	25.7 p	27.2 p	24.2 p	-18.4 p	5.4 p	2.6 p	-0.8 p
A,RT_PRE_EUR,D12_D4_MD5,E,FR	: 	: 	: 	4.2 	-1.3 	2.3 	3.5 	4.3 
A,RT_PRE_EUR,D12_D4_MD5,E,HR	: 	: 	: 	-4.3 	1.5 	7.5 	11.3 	14.4 
A,RT_PRE_EUR,D12_D4_MD5,E,HU	: 	: 	: 	-5.8 	-3.1 	-10.4 	16.9 	9.4 
A,RT_PRE_EUR,D12_D4_MD5,E,IE	: 	: 	: 	-35.6 	13.7 	68.3 	11.9 	11.8 
A,RT_PRE_EUR,D12_D4_MD5,E,IS	: 	0.1 p	20.7 p	-17.5 p	17.2 p	15.6 p	3.2 p	5.5 p
A,RT_PRE_EUR,D12_D4_MD5,E,IT	: 	: 	: 	-1.8 	-3.7 	3.8 	1.3 	3.9 
A,RT_PRE_EUR,D12_D4_MD5,E,LT	: 	: 	: 	-8.1 	44.2 	18.2 	6.2 	21.2 
A,RT_PRE_EUR,D12_D4_MD5,E,LU	: 	: 	: 	1.8 	0.8 	5.1 	8 	3.5 
A,RT_PRE_EUR,D12_D4_MD5,E,LV	: 	: 	: 	3.9 	-1.7 	15.1 	13.3 	12.4 
A,RT_PRE_EUR,D12_D4_MD5,E,MT	: 	: 	: 	-24.9 	51.2 	3.2 	1.9 	2.1 
A,RT_PRE_EUR,D12_D4_MD5,E,NL	: 	: 	: 	-3.7 	2.2 	12.8 	2.6 	: @C
A,RT_PRE_EUR,D12_D4_MD5,E,NO	: 	: 	: 	-6.9 	5.3 	1.4 	-1 	3.8 
A,RT_PRE_EUR,D12_D4_MD5,E,PL	: 	: 	: 	1.3 	4.4 	7.5 	14.4 	18.8 
A,RT_PRE_EUR,D12_D4_MD5,E,PT	: 	: 	: 	6.6 	2.7 	6 	7.8 	9.2 
A,RT_PRE_EUR,D12_D4_MD5,E,RO	: 	: 	: 	8.9 b	0.4 	5.9 	14.2 	15 
A,RT_PRE_EUR,D12_D4_MD5,E,RS	: 	: 	: 	7.4 	19.6 	13.1 	13.7 	15.5 
A,RT_PRE_EUR,D12_D4_MD5,E,SE	: 	: 	: 	-3.0 	12.5 	-1.7 	-6 	6.1 
A,RT_PRE_EUR,D12_D4_MD5,E,SI	: 	: 	: 	-6.4 	13.9 	8.4 	10.5 	7.1 
A,RT_PRE_EUR,D12_D4_MD5,E,SK	: 	: 	: 	6.4 	2.5 	10.7 	8.7 	8.4 
A,RT_PRE_EUR,D12_D4_MD5,E,TR	: 	: 	: 	-11.1 	-9.7 	-5.5 	39.2 	45.7 
A,RT_PRE_EUR,D12_D4_MD5,F,AT	: 	: 	16.3 	4.9 	1.8 	5.1 	9.4 p	15.1 p
A,RT_PRE_EUR,D12_D4_MD5,F,BE	: 	: 	: 	1.5 	1 	5.8 	8.1 	2.3 
A,RT_PRE_EUR,D12_D4_MD5,F,BG	: 	: 	: 	2.9 	7.4 	12.2 	14.1 	12.8 
A,RT_PRE_EUR,D12_D4_MD5,F,CY	: 	: 	: 	-9.2 	4.8 	3.2 	4.2 	6.7 
A,RT_PRE_EUR,D12_D4_MD5,F,CZ	: 	: 	: 	-2.5 	11.7 	7 	12.2 	1.8 
A,RT_PRE_EUR,D12_D4_MD5,F,DE	: 	: 	: 	3.1 	2.8 	11.8 	5 	5.5 
A,RT_PRE_EUR,D12_D4_MD5,F,DK	: 	: 	2.5 	-12.2 	13.1 	7 	2.3 	2.9 
A,RT_PRE_EUR,D12_D4_MD5,F,EA	3.9 	2.6 	1.2 	1.8 	: 	: 	: 	: 
A,RT_PRE_EUR,D12_D4_MD5,F,EA19	: 	: 	: 	1.6 	0.2 	7.9 	5 	5.3 
A,RT_PRE_EUR,D12_D4_MD5,F,EA20	: 	: 	: 	: 	0.2 	7.9 	5 	5.4 
A,RT_PRE_EUR,D12_D4_MD5,F,EE	: 	: 	: 	1.9 	7.2 	6 	5.2 	4.7 
A,RT_PRE_EUR,D12_D4_MD5,F,EL	: 	: 	: 	2.2 	-6.9 	13.4 	16 	16.5 
A,RT_PRE_EUR,D12_D4_MD5,F,ES	: 	: 	-1.9 	2.8 	1.4 	-0.2 	8.1 	5.1 
A,RT_PRE_EUR,D12_D4_MD5,F,EU27_2020	: 	: 	: 	1.2 	1.2 	7.7 	5.1 	5.6 
A,RT_PRE_EUR,D12_D4_MD5,F,FI	16.6 p	14.8 p	12.2 p	2.4 p	-1.1 p	3.7 p	1.6 p	-0.1 p
A,RT_PRE_EUR,D12_D4_MD5,F,FR	: 	: 	: 	3.1 	-3.6 	2.6 	2.4 	4.4 
A,RT_PRE_EUR,D12_D4_MD5,F,HR	: 	: 	: 	-8.7 	3.5 	9.2 	17 	10.3 
A,RT_PRE_EUR,D12_D4_MD5,F,HU	: 	: 	: 	-2.3 	-2.2 	-9.2 	18.6 	9.2 
A,RT_PRE_EUR,D12_D4_MD5,F,IE	: 	: 	: 	-79.9 	-60 	1361.3 	20 	0.5 
A,RT_PRE_EUR,D12_D4_MD5,F,IS	: 	8.3 p	23.8 p	6.2 p	-5.7 p	14.7 p	4.5 p	7.4 p
A,RT_PRE_EUR,D12_D4_MD5,F,IT	: 	: 	: 	0.8 	-1.3 	3.7 	4.1 	4.7 
A,RT_PRE_EUR,D12_D4_MD5,F,LT	: 	: 	: 	-43.2 	82.9 	5.9 	12 	18.9 
A,RT_PRE_EUR,D12_D4_MD5,F,LU	: 	: 	: 	5.4 	-3.2 	4.8 	7.6 	3.3 
A,RT_PRE_EUR,D12_D4_MD5,F,LV	: 	: 	: 	8.7 	-1.6 	6.1 	6.1 	14.2 
A,RT_PRE_EUR,D12_D4_MD5,F,MT	: 	: 	: 	-18.6 	25.2 	11 	2.5 	1.7 
A,RT_PRE_EUR,D12_D4_MD5,F,NL	: 	: 	: 	-0.3 	-1.2 	8.9 	1.9 	5 
A,RT_PRE_EUR,D12_D4_MD5,F,NO	: 	: 	: 	-6.4 	5.3 	2.1 	2.4 	2.5 
A,RT_PRE_EUR,D12_D4_MD5,F,PL	: 	: 	: 	0.8 	4.5 	8.1 	11.8 	20 
A,RT_PRE_EUR,D12_D4_MD5,F,PT	: 	: 	: 	2.5 	7.3 	5.9 	12.2 	7.4 
A,RT_PRE_EUR,D12_D4_MD5,F,RO	: 	: 	: 	20.5 b	2.4 	9.2 	16.3 	15.6 
A,RT_PRE_EUR,D12_D4_MD5,F,RS	: 	: 	: 	-43.1 	75.9 	33.7 	13.2 	15 
A,RT_PRE_EUR,D12_D4_MD5,F,SE	: 	: 	: 	-4.4 	12.6 	1.9 	-4.1 	5.5 
A,RT_PRE_EUR,D12_D4_MD5,F,SI	: 	: 	: 	-1.6 	14.1 	8.9 	9.2 	8.1 
A,RT_PRE_EUR,D12_D4_MD5,F,SK	: 	: 	: 	-14 	-4.2 	42.5 	9.2 	18.4 
A,RT_PRE_EUR,D12_D4_MD5,F,TR	: 	: 	: 	-17.3 	-9.5 	5.3 	54.7 	34.6 
A,RT_PRE_EUR,D12_D4_MD5,G,AT	: 	: 	2 	3.9 	4.6 	3.9 	3.5 p	10.6 p
A,RT_PRE_EUR,D12_D4_MD5,G,BE	: 	: 	: 	1.5 	1.3 	5.9 	8 	2 
A,RT_PRE_EUR,D12_D4_MD5,G,BG	: 	: 	: 	8 	5.3 	14.4 	10.9 	15.3 
A,RT_PRE_EUR,D12_D4_MD5,G,CY	: 	: 	: 	-9.1 	1.7 	12.8 	4.5 	7.5 
A,RT_PRE_EUR,D12_D4_MD5,G,CZ	: 	: 	: 	-5.6 	8.9 	16.9 	9.4 	0.9 
A,RT_PRE_EUR,D12_D4_MD5,G,DE	: 	: 	: 	3.4 	0.8 	10.4 	6.8 	3.6 
A,RT_PRE_EUR,D12_D4_MD5,G,DK	: 	: 	2.2 	-5.3 	18.3 	9 	3.8 	3.7 
A,RT_PRE_EUR,D12_D4_MD5,G,EA	2.1 	2.2 	1.6 	0.9 	: 	: 	: 	: 
A,RT_PRE_EUR,D12_D4_MD5,G,EA19	: 	: 	: 	0.9 	0.7 	6.5 	5.9 	4.2 
A,RT_PRE_EUR,D12_D4_MD5,G,EA20	: 	: 	: 	: 	0.7 	6.5 	5.9 	4.2 
A,RT_PRE_EUR,D12_D4_MD5,G,EE	: 	: 	: 	-10.2 	11.1 	8.7 	9.7 	6 
A,RT_PRE_EUR,D12_D4_MD5,G,EL	: 	: 	: 	0.8 	-2.3 	3.7 	5.9 	6.4 
A,RT_PRE_EUR,D12_D4_MD5,G,ES	: 	: 	-1.5 	3 	0.6 	2 	8.3 	4 
A,RT_PRE_EUR,D12_D4_MD5,G,EU27_2020	: 	: 	: 	0.8 	1.5 	6.6 	5.9 	4.6 
A,RT_PRE_EUR,D12_D4_MD5,G,FI	14.3 p	16.4 p	15.2 p	0.9 p	2.3 p	3.7 p	2.4 p	-2.4 p
A,RT_PRE_EUR,D12_D4_MD5,G,FR	: 	: 	: 	0.4 	-0.5 	2.9 	3.3 	3.6 
A,RT_PRE_EUR,D12_D4_MD5,G,HR	: 	: 	: 	-8.2 	3.7 	11 	14.3 	12.3 
A,RT_PRE_EUR,D12_D4_MD5,G,HU	: 	: 	: 	-4.4 	-3.1 	-10.4 	17.5 	6.3 
A,RT_PRE_EUR,D12_D4_MD5,G,IE	: 	: 	: 	-54.8 	: @C	: @C	: @C	: @C
A,RT_PRE_EUR,D12_D4_MD5,G,IS	: 	6.0 p	24.6 p	-5.7 p	9.9 p	14.7 p	2.5 p	7.4 p
A,RT_PRE_EUR,D12_D4_MD5,G,IT	: 	: 	: 	4.2 	-2.9 	1 	3.4 	2.8 
A,RT_PRE_EUR,D12_D4_MD5,G,LT	: 	: 	: 	-101.2 	: @C	: @C	: @C	: @C
A,RT_PRE_EUR,D12_D4_MD5,G,LU	: 	: 	: 	5.6 	-2.7 	3.2 	7.3 	1.9 
A,RT_PRE_EUR,D12_D4_MD5,G,LV	: 	: 	: 	5.6 	0.1 	10.6 	11 	13.3 
A,RT_PRE_EUR,D12_D4_MD5,G,MT	: 	: 	: 	-238.3 	-72.9 	-318.9 	46.2 	8.9 
A,RT_PRE_EUR,D12_D4_MD5,G,NL	: 	: 	: 	-15.4 	8.4 	14.2 	5.8 	: @C
A,RT_PRE_EUR,D12_D4_MD5,G,NO	: 	: 	: 	-6.6 	11.9 	0.9 	1.5 	1.8 
A,RT_PRE_EUR,D12_D4_MD5,G,PL	: 	: 	: 	2.6 	5.8 	8.9 	14.5 	16.9 
A,RT_PRE_EUR,D12_D4_MD5,G,PT	: 	: 	: 	4.6 	5.8 	8.2 	8.3 	5.3 
A,RT_PRE_EUR,D12_D4_MD5,G,RO	: 	: 	: 	11.4 b	6.8 	5.3 	9.5 	13.8 
A,RT_PRE_EUR,D12_D4_MD5,G,RS	: 	: 	: 	-47.8 	92.8 	37.5 	15.7 	14.5 
A,RT_PRE_EUR,D12_D4_MD5,G,SE	: 	: 	: 	-1.3 	10 	-1.3 	-5.1 	6.9 
A,RT_PRE_EUR,D12_D4_MD5,G,SI	: 	: 	: 	-2.2 	14.9 	8.1 	8.8 	6.4 
A,RT_PRE_EUR,D12_D4_MD5,G,SK	: 	: 	: 	-2.9 	2.7 	29.8 	5.5 	13 
A,RT_PRE_EUR,D12_D4_MD5,G,TR	: 	: 	: 	-17.9 	-1.5 	4.1 	73.4 	23.5 
A,RT_PRE_EUR,D12_D4_MD5,G-J,MT	: 	: 	: 	12.9 	11.1 	-2.7 	1.6 	: 
A,RT_PRE_EUR,D12_D4_MD5,G-N,AT	: 	: 	-3.4 	5 	1.3 	5.4 	5.2 p	8.7 p
A,RT_PRE_EUR,D12_D4_MD5,G-N,BE	: 	: 	: 	1.5 	1.1 	5.8 	7.9 	2.1 
A,RT_PRE_EUR,D12_D4_MD5,G-N,BG	: 	: 	: 	7 	3.7 	14.5 	11.1 	14.3 
A,RT_PRE_EUR,D12_D4_MD5,G-N,CY	: 	: 	: 	-2.6 	0.9 	14.5 	5.9 	7.8 
A,RT_PRE_EUR,D12_D4_MD5,G-N,CZ	: 	: 	: 	-6.2 	-27.3 	5.9 	12.2 	1.8 
A,RT_PRE_EUR,D12_D4_MD5,G-N,DE	: 	: 	: 	0.8 	1.2 	12.5 	5.6 	4.2 
A,RT_PRE_EUR,D12_D4_MD5,G-N,DK	: 	: 	0.6 	-4.7 	-3 	5.3 	2.8 	3.8 
A,RT_PRE_EUR,D12_D4_MD5,G-N,EA19	: 	: 	: 	-0.8 	0.7 	8 	5.6 	4.4 
A,RT_PRE_EUR,D12_D4_MD5,G-N,EA20	: 	: 	: 	: 	0.7 	8 	5.6 	4.4 
A,RT_PRE_EUR,D12_D4_MD5,G-N,EE	: 	: 	: 	-0.3 	7.4 	10.1 	12.6 	6.9 
A,RT_PRE_EUR,D12_D4_MD5,G-N,EL	: 	: 	: 	5 	2.2 	9.3 	10.6 	10.4 
A,RT_PRE_EUR,D12_D4_MD5,G-N,ES	: 	: 	-0.6 	6.2 	-2.6 	0.4 	6.7 	5 
A,RT_PRE_EUR,D12_D4_MD5,G-N,EU27_2020	: 	: 	: 	-0.8 	0.9 	7.7 	5.6 	4.7 
A,RT_PRE_EUR,D12_D4_MD5,G-N,FI	9.8 p	12.6 p	14.6 p	5.0 p	-0.5 p	2.1 p	4.5 p	-1.8 p
A,RT_PRE_EUR,D12_D4_MD5,G-N,FR	: 	: 	: 	-0.8 	0.4 	4.6 	3.3 	4 
A,RT_PRE_EUR,D12_D4_MD5,G-N,HR	: 	: 	: 	-11 	2.3 	10.2 	14 	11 
A,RT_PRE_EUR,D12_D4_MD5,G-N,HU	: 	: 	: 	-6.3 	-4.2 	-9.7 	16.8 	6.7 
A,RT_PRE_EUR,D12_D4_MD5,G-N,IE	: 	: 	: 	-54.6 	-4 	97.1 	19.6 	7.8 
A,RT_PRE_EUR,D12_D4_MD5,G-N,IS	: 	2.4 p	14.6 p	-7.8 p	10.5 p	12.5 p	2.5 p	7.2 p
A,RT_PRE_EUR,D12_D4_MD5,G-N,IT	: 	: 	: 	4.1 	-2 	0.9 	3.3 	2.4 
A,RT_PRE_EUR,D12_D4_MD5,G-N,LT	: 	: 	: 	-52.6 	43.1 	5.6 	11.8 	14.1 
A,RT_PRE_EUR,D12_D4_MD5,G-N,LU	: 	: 	: 	3.9 	0.1 	3.6 	7.2 	1.9 
A,RT_PRE_EUR,D12_D4_MD5,G-N,LV	: 	: 	: 	4.6 	-1.3 	12.3 	11.1 	12.7 
A,RT_PRE_EUR,D12_D4_MD5,G-N,MT	: 	: 	: 	-175.7 	-56.1 	-279.7 	79.7 	2.1 
A,RT_PRE_EUR,D12_D4_MD5,G-N,NL	: 	: 	: 	-23.4 	6.2 	18 	7.4 	6.5 
A,RT_PRE_EUR,D12_D4_MD5,G-N,NO	: 	: 	: 	-6.6 	10.2 	1.9 	5.9 	4.8 
A,RT_PRE_EUR,D12_D4_MD5,G-N,PL	: 	: 	: 	1.7 	5.2 	11.1 	16.3 	16.5 
A,RT_PRE_EUR,D12_D4_MD5,G-N,PT	: 	: 	: 	4.6 	4 	6.3 	5.9 	5.9 
A,RT_PRE_EUR,D12_D4_MD5,G-N,RO	: 	: 	: 	10.7 b	3.9 	9.7 	12.5 	12.2 
A,RT_PRE_EUR,D12_D4_MD5,G-N,RS	: 	: 	: 	-34.6 	49.2 	32.5 	15.4 	13.8 
A,RT_PRE_EUR,D12_D4_MD5,G-N,SE	: 	: 	: 	-1.6 	11.4 	-1.4 	-6.6 	5.7 
A,RT_PRE_EUR,D12_D4_MD5,G-N,SI	: 	: 	: 	-3.2 	13.3 	8 	9.4 	6.6 
A,RT_PRE_EUR,D12_D4_MD5,G-N,SK	: 	: 	: 	-0.8 	2.2 	23.4 	6.7 	11.9 
A,RT_PRE_EUR,D12_D4_MD5,H,AT	: 	: 	6.1 	-2.8 	4.9 	10.7 	7.7 p	5.2 p
A,RT_PRE_EUR,D12_D4_MD5,H,BE	: 	: 	: 	1.2 	1.3 	6.3 	7.4 	2.1 
A,RT_PRE_EUR,D12_D4_MD5,H,BG	: 	: 	: 	8.3 	1.4 	13.7 	13.5 	12.1 
A,RT_PRE_EUR,D12_D4_MD5,H,CY	: 	: 	: 	7.8 	-8.1 	8.8 	3.3 	12 
A,RT_PRE_EUR,D12_D4_MD5,H,CZ	: 	: 	: 	-0.4 	7.1 	11.5 	10.1 	2.2 
A,RT_PRE_EUR,D12_D4_MD5,H,DE	: 	: 	: 	0.5 	2.4 	10.6 	7.7 	3.5 
A,RT_PRE_EUR,D12_D4_MD5,H,DK	: 	: 	1.8 	-4.7 	13.7 	5.9 	2.5 	5.2 
A,RT_PRE_EUR,D12_D4_MD5,H,EA19	: 	: 	: 	-1.1 	0.2 	8.2 	6.3 	4.4 
A,RT_PRE_EUR,D12_D4_MD5,H,EA20	: 	: 	: 	: 	0.2 	8.2 	6.3 	4.4 
A,RT_PRE_EUR,D12_D4_MD5,H,EE	: 	: 	: 	5.1 	0.9 	15.5 	6 	6.2 
A,RT_PRE_EUR,D12_D4_MD5,H,EL	: 	: 	: 	4.1 	17.1 	-0.9 	3.6 	14.1 
A,RT_PRE_EUR,D12_D4_MD5,H,ES	: 	: 	2.2 	10.2 	-7.8 	3.5 	5.9 	5.9 
A,RT_PRE_EUR,D12_D4_MD5,H,EU27_2020	: 	: 	: 	-1 	0.9 	8.4 	6.6 	4.8 
A,RT_PRE_EUR,D12_D4_MD5,H,FI	2.9 p	2.1 p	8.9 p	20.8 p	-15.6 p	5.6 p	3.4 p	-3.4 p
A,RT_PRE_EUR,D12_D4_MD5,H,FR	: 	: 	: 	-1.5 	0.4 	5.6 	4.1 	5.5 
A,RT_PRE_EUR,D12_D4_MD5,H,HR	: 	: 	: 	-11.2 	-4.2 	9.5 	14.7 	10.7 
A,RT_PRE_EUR,D12_D4_MD5,H,HU	: 	: 	: 	-4.4 	-6.4 	-9.9 	15.1 	8.5 
A,RT_PRE_EUR,D12_D4_MD5,H,IE	: 	: 	: 	-49.2 	: @C	: @C	: @C	: @C
A,RT_PRE_EUR,D12_D4_MD5,H,IS	: 	13.0 p	13.5 p	-3.0 p	1.6 p	13.7 p	4.4 p	7.5 p
A,RT_PRE_EUR,D12_D4_MD5,H,IT	: 	: 	: 	4.7 	-1.8 	0.3 	4.3 	2.6 
A,RT_PRE_EUR,D12_D4_MD5,H,LT	: 	: 	: 	-34.1 	-28.9 	-24.1 	-1.7 	6.4 
A,RT_PRE_EUR,D12_D4_MD5,H,LU	: 	: 	: 	3 	-0.4 	4.1 	7.6 	3 
A,RT_PRE_EUR,D12_D4_MD5,H,LV	: 	: 	: 	4.2 	-4.3 	9.7 	12.9 	16.6 
A,RT_PRE_EUR,D12_D4_MD5,H,MT	: 	: 	: 	-198.4 	-32.5 	-188.4 	153.3 	-1.6 
A,RT_PRE_EUR,D12_D4_MD5,H,NL	: 	: 	: 	-33.2 	6.6 	29.5 	11 	: @C
A,RT_PRE_EUR,D12_D4_MD5,H,NO	: 	: 	: 	-6.2 	10.7 	4.9 	5.3 	4.3 
A,RT_PRE_EUR,D12_D4_MD5,H,PL	: 	: 	: 	-0.5 	3.2 	20.2 	19.8 	16 
A,RT_PRE_EUR,D12_D4_MD5,H,PT	: 	: 	: 	-1.9 	7 	2.3 	-2.4 	4.9 
A,RT_PRE_EUR,D12_D4_MD5,H,RO	: 	: 	: 	13.2 b	4.8 	4.2 	14.9 	14.2 
A,RT_PRE_EUR,D12_D4_MD5,H,RS	: 	: 	-1.0 	-27.7 	46 	26.5 	14.3 	15 
A,RT_PRE_EUR,D12_D4_MD5,H,SE	: 	: 	: 	-3.6 	11.5 	-1.4 	-4.7 	4.6 
A,RT_PRE_EUR,D12_D4_MD5,H,SI	: 	: 	: 	-7.2 	14.7 	9.3 	7.9 	8.9 
A,RT_PRE_EUR,D12_D4_MD5,H,SK	: 	: 	: 	1.6 	-3.2 	27.6 	4.1 	14.6 
A,RT_PRE_EUR,D12_D4_MD5,H,TR	: 	: 	: 	-15.5 	-9.1 	7.5 	57 	30.3 
A,RT_PRE_EUR,D12_D4_MD5,I,AT	: 	: 	-8 	13.8 	-2.1 	19 	5.4 p	6.3 p
A,RT_PRE_EUR,D12_D4_MD5,I,BE	: 	: 	: 	1.6 	1 	3.4 	10.3 	1.8 
A,RT_PRE_EUR,D12_D4_MD5,I,BG	: 	: 	: 	14.7 	-0.3 	16.8 	13.4 	15.4 
A,RT_PRE_EUR,D12_D4_MD5,I,CY	: 	: 	: 	-20.6 	-9.1 	68.6 	0.3 	8.3 
A,RT_PRE_EUR,D12_D4_MD5,I,CZ	: 	: 	: 	-81.2 	-814.5 	-173.3 	9.3 	3.1 
A,RT_PRE_EUR,D12_D4_MD5,I,DE	: 	: 	: 	4.7 	2.4 	14.4 	9.5 	4.5 
A,RT_PRE_EUR,D12_D4_MD5,I,DK	: 	: 	-0.3 	-12 	: @C	: @C	: @C	: @C
A,RT_PRE_EUR,D12_D4_MD5,I,EA	2.8 	1.5 	1.0 	-14.2 	: 	: 	: 	: 
A,RT_PRE_EUR,D12_D4_MD5,I,EA19	: 	: 	: 	-15.1 	-1.7 	26.6 	10.9 	4.7 
A,RT_PRE_EUR,D12_D4_MD5,I,EA20	: 	: 	: 	: 	-1.6 	26.6 	10.9 	4.7 
A,RT_PRE_EUR,D12_D4_MD5,I,EE	: 	: 	: 	-3.4 	0.1 	20.2 	18.1 	2.7 
A,RT_PRE_EUR,D12_D4_MD5,I,EL	: 	: 	: 	10.8 	28.6 	36.4 	31.5 	41.5 
A,RT_PRE_EUR,D12_D4_MD5,I,ES	: 	: 	-1.3 	11.5 	-16 	10.9 	6.9 	4.5 
A,RT_PRE_EUR,D12_D4_MD5,I,EU27_2020	: 	: 	: 	-15.3 	-16.8 	22.5 	10.7 	5 
A,RT_PRE_EUR,D12_D4_MD5,I,FI	25.8 p	21.0 p	16.0 p	8.9 p	-2.6 p	0.2 p	3.7 p	2.0 p
A,RT_PRE_EUR,D12_D4_MD5,I,FR	: 	: 	: 	-34.6 	17.1 	37.6 	5.4 	3.9 
A,RT_PRE_EUR,D12_D4_MD5,I,HR	: 	: 	: 	-15.2 	3.2 	13.2 	15.3 	12.1 
A,RT_PRE_EUR,D12_D4_MD5,I,HU	: 	: 	: 	-19 	-19.5 	32.8 	19.1 	6.7 
A,RT_PRE_EUR,D12_D4_MD5,I,IE	: 	: 	: 	: @C	: @C	: @C	: @C	: @C
A,RT_PRE_EUR,D12_D4_MD5,I,IS	: 	2.7 p	18.5 p	-8.9 p	8.9 p	14.9 p	3.3 p	7.8 p
A,RT_PRE_EUR,D12_D4_MD5,I,IT	: 	: 	: 	6.9 	-3.4 	-3.9 	7.7 	1.9 
A,RT_PRE_EUR,D12_D4_MD5,I,LT	: 	: 	: 	: @C	: @C	: @C	: @C	: @C
A,RT_PRE_EUR,D12_D4_MD5,I,LU	: 	: 	: 	40.5 	-2.7 	-19.1 	6 	1.8 
A,RT_PRE_EUR,D12_D4_MD5,I,LV	: 	: 	: 	6.7 	-35.2 	51.4 	9.8 	15.6 
A,RT_PRE_EUR,D12_D4_MD5,I,MT	: 	: 	: 	-853.9 	-8.4 	-77.6 	-164.2 	19.5 
A,RT_PRE_EUR,D12_D4_MD5,I,NL	: 	: 	: 	-212.6 	-14.1 	-334.2 	22.6 	: @C
A,RT_PRE_EUR,D12_D4_MD5,I,NO	: 	: 	: 	-5.6 	10.7 	-7.2 	-1.3 	5.5 
A,RT_PRE_EUR,D12_D4_MD5,I,PL	: 	: 	: 	3.2 	3.7 	8.6 	16.3 	19.2 
A,RT_PRE_EUR,D12_D4_MD5,I,PT	: 	: 	: 	-6.4 	16.8 	6 	4 	6 
A,RT_PRE_EUR,D12_D4_MD5,I,RO	: 	: 	: 	7.5 b	-4.2 	11.6 	9.2 	21.2 
A,RT_PRE_EUR,D12_D4_MD5,I,RS	: 	: 	: 	-107.9 	-1275.6 	45.7 	12.9 	16.3 
A,RT_PRE_EUR,D12_D4_MD5,I,SE	: 	: 	: 	-5.5 	10.3 	-1.7 	-0.8 	7.3 
A,RT_PRE_EUR,D12_D4_MD5,I,SI	: 	: 	: 	0.2 	17.5 	1.3 	11.2 	6.7 
A,RT_PRE_EUR,D12_D4_MD5,I,SK	: 	: 	: 	-42.1 	34.4 	64.7 	34.7 	16.8 
A,RT_PRE_EUR,D12_D4_MD5,I,TR	: 	: 	: 	-13.9 	-10.4 	13.1 	75 	26.7 
A,RT_PRE_EUR,D12_D4_MD5,J,AT	: 	: 	2.9 	5 	0.9 	6.2 	6.3 p	10.9 p
A,RT_PRE_EUR,D12_D4_MD5,J,BE	: 	: 	: 	1.5 	1.1 	4.4 	9.3 	1.6 
A,RT_PRE_EUR,D12_D4_MD5,J,BG	: 	: 	: 	3.6 	3.4 	13.3 	10.2 	15.4 
A,RT_PRE_EUR,D12_D4_MD5,J,CY	: 	: 	: 	4.1 	2.4 	12.7 	11.8 	6.5 
A,RT_PRE_EUR,D12_D4_MD5,J,CZ	: 	: 	: 	1.6 	8.8 	11.4 	14.7 	1.1 
A,RT_PRE_EUR,D12_D4_MD5,J,DE	: 	: 	: 	-3.4 	6.5 	4.5 	5.2 	3.8 
A,RT_PRE_EUR,D12_D4_MD5,J,DK	: 	: 	-1.7 	-7.7 	6.8 	5 	1.8 	3.6 
A,RT_PRE_EUR,D12_D4_MD5,J,EA19	: 	: 	: 	-1 	3.8 	3.7 	5 	4.1 
A,RT_PRE_EUR,D12_D4_MD5,J,EA20	: 	: 	: 	: 	3.8 	3.7 	5 	4.2 
A,RT_PRE_EUR,D12_D4_MD5,J,EE	: 	: 	: 	8.7 	10.8 	8.4 	12.4 	11.9 
A,RT_PRE_EUR,D12_D4_MD5,J,EL	: 	: 	: 	14.5 	-7.5 	11 	17 	7 
A,RT_PRE_EUR,D12_D4_MD5,J,ES	: 	: 	-4 	-0.4 	3.2 	-3.2 	8.8 	5.5 
A,RT_PRE_EUR,D12_D4_MD5,J,EU27_2020	: 	: 	: 	-0.8 	4.4 	3.9 	4.8 	4.5 
A,RT_PRE_EUR,D12_D4_MD5,J,FI	21.6 p	15.3 p	9.5 p	-4.4 p	5.9 p	0.8 p	3.1 p	-0.7 p
A,RT_PRE_EUR,D12_D4_MD5,J,FR	: 	: 	: 	1.2 	1.6 	2.2 	2.1 	3.6 
A,RT_PRE_EUR,D12_D4_MD5,J,HR	: 	: 	: 	-19.2 	6 	10 	12 	8.2 
A,RT_PRE_EUR,D12_D4_MD5,J,HU	: 	: 	: 	-10.6 	-2.1 	-12.6 	17 	7.4 
A,RT_PRE_EUR,D12_D4_MD5,J,IE	: 	: 	: 	-2.8 	9.4 	13.1 	12.7 	6.7 
A,RT_PRE_EUR,D12_D4_MD5,J,IS	: 	4.0 p	27.8 p	-10.9 p	13.4 p	11.0 p	1.1 p	8.0 p
A,RT_PRE_EUR,D12_D4_MD5,J,IT	: 	: 	: 	0.8 	-0.4 	1.9 	2.3 	2.7 
A,RT_PRE_EUR,D12_D4_MD5,J,LT	: 	: 	: 	-3.1 	17.1 	21.6 	26.8 	30 
A,RT_PRE_EUR,D12_D4_MD5,J,LU	: 	: 	: 	1.2 	-0.1 	4.9 	6.5 	1.7 
A,RT_PRE_EUR,D12_D4_MD5,J,LV	: 	: 	: 	4 	4.4 	10.8 	11.6 	8.5 
A,RT_PRE_EUR,D12_D4_MD5,J,MT	: 	: 	: 	-24.4 	17.9 	15.7 	4.1 	1.5 
A,RT_PRE_EUR,D12_D4_MD5,J,NL	: 	: 	: 	-15.3 	13 	15 	6.7 	: @C
A,RT_PRE_EUR,D12_D4_MD5,J,NO	: 	: 	: 	-7 	10.2 	0.4 	12.9 	8.8 
A,RT_PRE_EUR,D12_D4_MD5,J,PL	: 	: 	: 	0.2 	6.4 	9.5 	14.2 	14.2 
A,RT_PRE_EUR,D12_D4_MD5,J,PT	: 	: 	: 	4 	6.7 	11.5 	5.3 	5.7 
A,RT_PRE_EUR,D12_D4_MD5,J,RO	: 	: 	: 	4.2 b	7.7 	21.2 	15.9 	8.9 
A,RT_PRE_EUR,D12_D4_MD5,J,RS	: 	: 	: 	-11.6 	33.8 	36.9 	19.9 	12.6 
A,RT_PRE_EUR,D12_D4_MD5,J,SE	: 	: 	: 	0.3 	13 	-2.5 	-9.3 	6 
A,RT_PRE_EUR,D12_D4_MD5,J,SI	: 	: 	: 	-5.5 	12.5 	5.6 	9.5 	7.5 
A,RT_PRE_EUR,D12_D4_MD5,J,SK	: 	: 	: 	2.3 	5.8 	11.4 	6.9 	9.5 
A,RT_PRE_EUR,D12_D4_MD5,J,TR	: 	: 	: 	-14.6 	-1.6 	-1.4 	61.4 	33.8 
A,RT_PRE_EUR,D12_D4_MD5,K,AT	: 	: 	-16.2 	-11.7 	-7.1 	8.1 	2.9 p	5.4 p
A,RT_PRE_EUR,D12_D4_MD5,K,BE	: 	: 	: 	1.6 	0.8 	5.9 	8.3 	2.2 
A,RT_PRE_EUR,D12_D4_MD5,K,BG	: 	: 	: 	5.3 	-2.7 	17.2 	7.7 	10.6 
A,RT_PRE_EUR,D12_D4_MD5,K,CY	: 	: 	: 	9.3 	3.2 	6.9 	7.1 	6.8 
A,RT_PRE_EUR,D12_D4_MD5,K,CZ	: 	: 	: 	-1.7 	6.7 	12.2 	12.3 	-0.2 
A,RT_PRE_EUR,D12_D4_MD5,K,DE	: 	: 	: 	3.3 	-3 	11.8 	6.5 	3.8 
A,RT_PRE_EUR,D12_D4_MD5,K,DK	: 	: 	5.9 	-4.9 	7.8 	2.4 	1.7 	2.6 
A,RT_PRE_EUR,D12_D4_MD5,K,EA	3.5 	1.3 	1.1 	2.7 	: 	: 	: 	: 
A,RT_PRE_EUR,D12_D4_MD5,K,EA19	: 	: 	: 	2.6 	0.2 	5.6 	4.8 	4 
A,RT_PRE_EUR,D12_D4_MD5,K,EA20	: 	: 	: 	: 	0.2 	5.6 	4.8 	4 
A,RT_PRE_EUR,D12_D4_MD5,K,EE	: 	: 	: 	1.7 	5.2 	6.9 	11.9 	8 
A,RT_PRE_EUR,D12_D4_MD5,K,EL	: 	: 	: 	2.8 	-12.6 	11.1 	12.1 	-7.7 
A,RT_PRE_EUR,D12_D4_MD5,K,ES	: 	: 	9.5 	-0.7 	-3.6 	-1.4 	0.5 	5.7 
A,RT_PRE_EUR,D12_D4_MD5,K,EU27_2020	: 	: 	: 	2.4 	0.8 	5.5 	4.6 	4.1 
A,RT_PRE_EUR,D12_D4_MD5,K,FI	27.7 p	29.9 p	25.1 p	12.2 p	-5.4 p	7.3 p	5.3 p	-5.6 p
A,RT_PRE_EUR,D12_D4_MD5,K,FR	: 	: 	: 	2.6 	0.8 	5.2 	4.1 	4.3 
A,RT_PRE_EUR,D12_D4_MD5,K,HR	: 	: 	: 	-2.8 	1.2 	7.5 	10.5 	8.7 
A,RT_PRE_EUR,D12_D4_MD5,K,HU	: 	: 	: 	-9.2 	-4 	-13.1 	16.8 	5.5 
A,RT_PRE_EUR,D12_D4_MD5,K,IE	: 	: 	: 	0.2 	12.2 	-5.2 	5.7 	5.4 
A,RT_PRE_EUR,D12_D4_MD5,K,IS	: 	39.5 p	67.7 p	30.4 p	-25.9 p	16.1 p	2.6 p	6.0 p
A,RT_PRE_EUR,D12_D4_MD5,K,IT	: 	: 	: 	6.3 	-3.9 	4 	2.1 	2.4 
A,RT_PRE_EUR,D12_D4_MD5,K,LT	: 	: 	: 	9.1 	-0.6 	6.4 	9.5 	14 
A,RT_PRE_EUR,D12_D4_MD5,K,LU	: 	: 	: 	-1.5 	1.9 	5.1 	7.1 	1.8 
A,RT_PRE_EUR,D12_D4_MD5,K,LV	: 	: 	: 	0 	0 	9.7 	9.6 	8.2 
A,RT_PRE_EUR,D12_D4_MD5,K,MT	: 	: 	: 	2.2 	1.5 	8.2 	1.8 	-1.3 
A,RT_PRE_EUR,D12_D4_MD5,K,NL	: 	: 	: 	-1 	6.1 	-1.5 	1.8 	: @C
A,RT_PRE_EUR,D12_D4_MD5,K,NO	: 	: 	: 	-5.7 	5.4 	6.2 	10.6 	6.5 
A,RT_PRE_EUR,D12_D4_MD5,K,PL	: 	: 	: 	0.9 	3.9 	10.9 	16.6 	17.4 
A,RT_PRE_EUR,D12_D4_MD5,K,PT	: 	: 	: 	12 	-3.9 	3 	5.5 	7.8 
A,RT_PRE_EUR,D12_D4_MD5,K,RO	: 	: 	: 	12 b	-4.4 	9.8 	11.8 	10.3 
A,RT_PRE_EUR,D12_D4_MD5,K,RS	: 	: 	: 	1.5 	11 	9.4 	11.1 	13.6 
A,RT_PRE_EUR,D12_D4_MD5,K,SE	: 	: 	: 	-1.9 	11.2 	-2 	-10.2 	5 
A,RT_PRE_EUR,D12_D4_MD5,K,SI	: 	: 	: 	-2.6 	6.1 	13.4 	10.2 	4.6 
A,RT_PRE_EUR,D12_D4_MD5,K,SK	: 	: 	: 	3.8 	3.8 	8.6 	8.3 	10.2 
A,RT_PRE_EUR,D12_D4_MD5,K,TR	: 	: 	: 	-2 	-11.3 	4.7 	58.5 	35.4 
A,RT_PRE_EUR,D12_D4_MD5,K-N,MT	: 	: 	: 	7.7 	5.5 	6.9 	1.3 	: 
A,RT_PRE_EUR,D12_D4_MD5,L,MT	: 	: 	: 	9.7 	7.7 	3.1 	-3.1 	: 
A,RT_PRE_EUR,D12_D4_MD5,M,AT	: 	: 	2.4 	7.8 	-12.3 	5.8 	7.6 p	9.4 p
A,RT_PRE_EUR,D12_D4_MD5,M,BE	: 	: 	: 	1.7 	1 	5.5 	8.1 	2.2 
A,RT_PRE_EUR,D12_D4_MD5,M,BG	: 	: 	: 	5.2 	2.3 	14.6 	11.5 	12.1 
A,RT_PRE_EUR,D12_D4_MD5,M,CY	: 	: 	: 	-2.6 	5.5 	5.5 	7.9 	6.5 
A,RT_PRE_EUR,D12_D4_MD5,M,CZ	: 	: 	: 	-2.6 	10.1 	5.9 	17.5 	3.7 
A,RT_PRE_EUR,D12_D4_MD5,M,DE	: 	: 	: 	-3.4 	-1 	20.5 	-0.3 	5.9 
A,RT_PRE_EUR,D12_D4_MD5,M,DK	: 	: 	2.3 	-1.5 	12.2 	3.4 	2.1 	4.7 
A,RT_PRE_EUR,D12_D4_MD5,M,EA19	: 	: 	: 	-0.4 	-0.8 	10.2 	3.3 	4.6 
A,RT_PRE_EUR,D12_D4_MD5,M,EA20	: 	: 	: 	: 	-0.8 	10.2 	3.3 	4.6 
A,RT_PRE_EUR,D12_D4_MD5,M,EE	: 	: 	: 	7.9 	6.4 	11.5 	21.8 	4 
A,RT_PRE_EUR,D12_D4_MD5,M,EL	: 	: 	: 	5.6 	-0.6 	4.4 	5.2 	15.4 
A,RT_PRE_EUR,D12_D4_MD5,M,ES	: 	: 	1 	5.6 	-3.4 	2.6 	8.5 	6.1 
A,RT_PRE_EUR,D12_D4_MD5,M,EU27_2020	: 	: 	: 	-0.4 	0.2 	9.6 	3.4 	4.8 
A,RT_PRE_EUR,D12_D4_MD5,M,FI	19.1 p	23.4 p	15.9 p	14.4 p	-5.6 p	1.8 p	3.9 p	-2.9 p
A,RT_PRE_EUR,D12_D4_MD5,M,FR	: 	: 	: 	2.4 	-1.5 	3.4 	2.1 	3.5 
A,RT_PRE_EUR,D12_D4_MD5,M,HR	: 	: 	: 	-15.5 	3.2 	7.9 	13.5 	12.3 
A,RT_PRE_EUR,D12_D4_MD5,M,HU	: 	: 	: 	-5.9 	-2.1 	-10 	16.9 	7.6 
A,RT_PRE_EUR,D12_D4_MD5,M,IE	: 	: 	: 	-27.1 	18.7 	38.3 	14.4 	3.6 
A,RT_PRE_EUR,D12_D4_MD5,M,IS	: 	5.0 p	13.1 p	-13.8 p	12.6 p	15.1 p	3.2 p	5.8 p
A,RT_PRE_EUR,D12_D4_MD5,M,IT	: 	: 	: 	1.3 	-0.1 	2.4 	3.3 	2.7 
A,RT_PRE_EUR,D12_D4_MD5,M,LT	: 	: 	: 	-19.7 	44.1 	25 	10.4 	17.2 
A,RT_PRE_EUR,D12_D4_MD5,M,LU	: 	: 	: 	2.4 	0.8 	5.4 	7.3 	1.6 
A,RT_PRE_EUR,D12_D4_MD5,M,LV	: 	: 	: 	7.5 	9.2 	14.9 	13.1 	9.4 
A,RT_PRE_EUR,D12_D4_MD5,M,MT	: 	: 	: 	-36.8 	19.8 	39.3 	13 	-2.5 
A,RT_PRE_EUR,D12_D4_MD5,M,NL	: 	: 	: 	-9.9 	-1.2 	14.4 	8.3 	: @C
A,RT_PRE_EUR,D12_D4_MD5,M,NO	: 	: 	: 	-7 	11.3 	4.2 	8.1 	3.8 
A,RT_PRE_EUR,D12_D4_MD5,M,PL	: 	: 	: 	0.4 	6.5 	8.4 	15.1 	15.5 
A,RT_PRE_EUR,D12_D4_MD5,M,PT	: 	: 	: 	5.4 	3.4 	8.2 	2.6 	5.8 
A,RT_PRE_EUR,D12_D4_MD5,M,RO	: 	: 	: 	10.3 b	0.1 	12 	5.7 	12.2 
A,RT_PRE_EUR,D12_D4_MD5,M,RS	: 	: 	: 	-26.3 	46.5 	32.3 	14.4 	12.5 
A,RT_PRE_EUR,D12_D4_MD5,M,SE	: 	: 	: 	-0.3 	12.2 	-0.5 	-8.1 	4.3 
A,RT_PRE_EUR,D12_D4_MD5,M,SI	: 	: 	: 	-3.5 	12.6 	7.7 	9.2 	5.6 
A,RT_PRE_EUR,D12_D4_MD5,M,SK	: 	: 	: 	2.9 	-2.4 	20.2 	8.1 	8.4 
A,RT_PRE_EUR,D12_D4_MD5,M,TR	: 	: 	: 	-18.9 	-8.3 	3.4 	61.3 	32.4 
A,RT_PRE_EUR,D12_D4_MD5,N,AT	: 	: 	-8.4 	7.7 	12.4 	6.5 	4.9 p	10.7 p
A,RT_PRE_EUR,D12_D4_MD5,N,BE	: 	: 	: 	1.9 	1.1 	6.5 	6.2 	2.4 
A,RT_PRE_EUR,D12_D4_MD5,N,BG	: 	: 	: 	5.3 	12.5 	16.5 	11.4 	14.6 
A,RT_PRE_EUR,D12_D4_MD5,N,CY	: 	: 	: 	-3 	0.9 	11.4 	7.9 	10.1 
A,RT_PRE_EUR,D12_D4_MD5,N,CZ	: 	: 	: 	-0.8 	9.6 	11.4 	13.9 	3 
A,RT_PRE_EUR,D12_D4_MD5,N,DE	: 	: 	: 	1.8 	2.4 	16.1 	9.4 	4.8 
A,RT_PRE_EUR,D12_D4_MD5,N,DK	: 	: 	-3.3 	-6.2 	19.3 	4.7 	5.5 	4.1 
A,RT_PRE_EUR,D12_D4_MD5,N,EA19	: 	: 	: 	-1.2 	1.7 	8.7 	7 	5.7 
A,RT_PRE_EUR,D12_D4_MD5,N,EA20	: 	: 	: 	: 	1.7 	8.7 	7 	5.7 
A,RT_PRE_EUR,D12_D4_MD5,N,EE	: 	: 	: 	1.7 	6.3 	8.1 	13.8 	10.3 
A,RT_PRE_EUR,D12_D4_MD5,N,EL	: 	: 	: 	3.5 	-0.9 	11.5 	4.8 	12.6 
A,RT_PRE_EUR,D12_D4_MD5,N,ES	: 	: 	-0.7 	4.2 	0.9 	-0.7 	9.9 	5.3 
A,RT_PRE_EUR,D12_D4_MD5,N,EU27_2020	: 	: 	: 	-1 	2.3 	8.5 	7.1 	5.9 
A,RT_PRE_EUR,D12_D4_MD5,N,FI	-5.2 p	9.4 p	11.8 p	-6.1 p	3.5 p	0.5 p	10.2 p	1.9 p
A,RT_PRE_EUR,D12_D4_MD5,N,FR	: 	: 	: 	-1.2 	-0.4 	3.7 	5.3 	4.9 
A,RT_PRE_EUR,D12_D4_MD5,N,HR	: 	: 	: 	-9.6 	0.4 	13 	18.2 	11.3 
A,RT_PRE_EUR,D12_D4_MD5,N,HU	: 	: 	: 	-1.4 	-4.7 	-12 	15 	3.1 
A,RT_PRE_EUR,D12_D4_MD5,N,IE	: 	: 	: 	-42.5 	3.4 	80.8 	14.8 	21 
A,RT_PRE_EUR,D12_D4_MD5,N,IS	: 	6.8 p	15.6 p	-3.0 p	7.6 p	17.1 p	2.8 p	7.7 p
A,RT_PRE_EUR,D12_D4_MD5,N,IT	: 	: 	: 	3.3 	-0.2 	-0.5 	1.2 	1.7 
A,RT_PRE_EUR,D12_D4_MD5,N,LT	: 	: 	: 	-95.6 	: @C	: @C	: @C	: @C
A,RT_PRE_EUR,D12_D4_MD5,N,LU	: 	: 	: 	6.3 	-0.1 	4.1 	8.4 	2.4 
A,RT_PRE_EUR,D12_D4_MD5,N,LV	: 	: 	: 	5 	-1.8 	11.5 	4.6 	16.9 
A,RT_PRE_EUR,D12_D4_MD5,N,MT	: 	: 	: 	-201.1 	-76.7 	-441.5 	62.3 	-3.5 
A,RT_PRE_EUR,D12_D4_MD5,N,NL	: 	: 	: 	-25.7 	7.8 	24.4 	8.5 	: @C
A,RT_PRE_EUR,D12_D4_MD5,N,NO	: 	: 	: 	-7.5 	8.3 	-0.6 	4.2 	7.6 
A,RT_PRE_EUR,D12_D4_MD5,N,PL	: 	: 	: 	6 	6.2 	8.9 	20.3 	19.9 
A,RT_PRE_EUR,D12_D4_MD5,N,PT	: 	: 	: 	12.3 	-3.7 	4 	13.5 	6.9 
A,RT_PRE_EUR,D12_D4_MD5,N,RO	: 	: 	: 	15.6 b	0.4 	10.5 	19.6 	8.7 
A,RT_PRE_EUR,D12_D4_MD5,N,RS	: 	: 	: 	-30.5 	56.1 	31.6 	13.4 	13.6 
A,RT_PRE_EUR,D12_D4_MD5,N,SE	: 	: 	: 	-3.3 	8.7 	-0.4 	-3.5 	6.5 
A,RT_PRE_EUR,D12_D4_MD5,N,SI	: 	: 	: 	0.6 	14.4 	8.4 	13.4 	6.1 
A,RT_PRE_EUR,D12_D4_MD5,N,SK	: 	: 	: 	2.2 	6 	32.4 	2.6 	13.5 
A,RT_PRE_EUR,D12_D4_MD5,N,TR	: 	: 	: 	-7.6 	-4.9 	0.5 	53.1 	42.6 
A,RT_PRE_EUR,D12_D4_MD5,O-S,MT	: 	: 	: 	5.5 	3.8 	-0.1 	-1.2 	: 
A,RT_PRE_EUR,D12_D4_MD5,P,AT	: 	: 	4.1 	9.1 	-1.2 	8.1 	2.2 p	12.9 p
A,RT_PRE_EUR,D12_D4_MD5,P,BE	: 	: 	: 	1.5 	1.1 	5 	9.4 	1.9 
A,RT_PRE_EUR,D12_D4_MD5,P,BG	: 	: 	: 	18.3 	11.9 	13.1 	11.7 	16.3 
A,RT_PRE_EUR,D12_D4_MD5,P,CY	: 	: 	: 	2.7 	1.4 	2.1 	3.3 	3.5 
A,RT_PRE_EUR,D12_D4_MD5,P,CZ	: 	: 	: 	2.6 	11.8 	8.5 	6.1 	-3.8 
A,RT_PRE_EUR,D12_D4_MD5,P,DE	: 	: 	: 	4.2 	1.6 	5.4 	2.5 	4.7 
A,RT_PRE_EUR,D12_D4_MD5,P,DK	: 	: 	3.2 	-5.5 	2.3 	3.2 	2.4 	5.1 
A,RT_PRE_EUR,D12_D4_MD5,P,EA19	: 	: 	: 	2.5 	0 	3.2 	3.8 	4.1 
A,RT_PRE_EUR,D12_D4_MD5,P,EA20	: 	: 	: 	: 	0.1 	3.2 	3.8 	4.1 
A,RT_PRE_EUR,D12_D4_MD5,P,EE	: 	: 	: 	5.6 	3.8 	8.2 	16.1 	7.6 
A,RT_PRE_EUR,D12_D4_MD5,P,EL	: 	: 	: 	-10.3 	1.4 	-10.6 	7.3 	5.5 
A,RT_PRE_EUR,D12_D4_MD5,P,ES	: 	: 	0.2 	3.7 	-1.4 	3.5 	5.5 	2.3 
A,RT_PRE_EUR,D12_D4_MD5,P,EU27_2020	: 	: 	: 	2.8 	0.7 	3.2 	4.3 	4.7 
A,RT_PRE_EUR,D12_D4_MD5,P,FI	-15.8 p	19.0 p	29.1 p	18.2 p	-11.7 p	2.2 p	3.0 p	0.0 p
A,RT_PRE_EUR,D12_D4_MD5,P,FR	: 	: 	: 	: @C	: @C	: @C	: @C	: @C
A,RT_PRE_EUR,D12_D4_MD5,P,HR	: 	: 	: 	0.2 	5.6 	6 	13.8 	22.6 
A,RT_PRE_EUR,D12_D4_MD5,P,HU	: 	: 	: 	-7.7 	-1.5 	-11.8 	17.6 	19.8 
A,RT_PRE_EUR,D12_D4_MD5,P,IE	: 	: 	: 	-4.9 	-7.6 	30.8 	7.5 	5 
A,RT_PRE_EUR,D12_D4_MD5,P,IS	: 	2.2 p	17.3 p	-7.8 p	14.1 p	15.4 p	3.7 p	6.9 p
A,RT_PRE_EUR,D12_D4_MD5,P,IT	: 	: 	: 	1.2 	-0.3 	-1.5 	-0.4 	2.9 
A,RT_PRE_EUR,D12_D4_MD5,P,LT	: 	: 	: 	1.2 	18 	15.1 	9.6 	11.4 
A,RT_PRE_EUR,D12_D4_MD5,P,LU	: 	: 	: 	0.5 	-0.8 	4.3 	7.5 	1.7 
A,RT_PRE_EUR,D12_D4_MD5,P,LV	: 	: 	: 	-0.5 	10.1 	11 	14.1 	16.8 
A,RT_PRE_EUR,D12_D4_MD5,P,NL	: 	: 	: 	0.1 	-0.1 	10.7 	4.5 	: @C
A,RT_PRE_EUR,D12_D4_MD5,P,NO	: 	: 	: 	-6.9 	4.6 	5.6 	-3.4 	1.5 
A,RT_PRE_EUR,D12_D4_MD5,P,PL	: 	: 	: 	5.1 	3.4 	3.4 	15.8 	30.1 
A,RT_PRE_EUR,D12_D4_MD5,P,PT	: 	: 	: 	9.6 	2.1 	4.3 	9.3 	5 
A,RT_PRE_EUR,D12_D4_MD5,P,RO	: 	: 	: 	11.6 b	1.6 	4.6 	11.1 	23.9 
A,RT_PRE_EUR,D12_D4_MD5,P,RS	: 	: 	: 	7.5 	6.2 	10.1 	13.6 	15.9 
A,RT_PRE_EUR,D12_D4_MD5,P,SE	: 	: 	: 	4.3 	9 	-3.3 	-0.2 	0.5 
A,RT_PRE_EUR,D12_D4_MD5,P,SI	: 	: 	: 	8.6 	7.1 	-2.6 	7.2 	3.7 
A,RT_PRE_EUR,D12_D4_MD5,P,SK	: 	: 	: 	15.6 	0.5 	4.1 	9.2 	10.6 
A,RT_PRE_EUR,D12_D4_MD5,P-S,AT	: 	: 	4.6 	6.7 	6.7 	10.8 	4.3 p	12.4 p
A,RT_PRE_EUR,D12_D4_MD5,P-S,BE	: 	: 	: 	1.6 	1.1 	7.2 	6.6 	2.6 
A,RT_PRE_EUR,D12_D4_MD5,P-S,BG	: 	: 	: 	15.9 	13.1 	10 	9.5 	15.2 
A,RT_PRE_EUR,D12_D4_MD5,P-S,CY	: 	: 	: 	1.7 	0 	4.4 	4.9 	4.9 
A,RT_PRE_EUR,D12_D4_MD5,P-S,CZ	: 	: 	: 	2.9 	11.5 	8.3 	6.6 	0 
A,RT_PRE_EUR,D12_D4_MD5,P-S,DE	: 	: 	: 	5.3 	1.8 	10 	4.2 	4.4 
A,RT_PRE_EUR,D12_D4_MD5,P-S,DK	: 	: 	-17.2 	-21.9 	1.7 	3.2 	2.7 	4.8 
A,RT_PRE_EUR,D12_D4_MD5,P-S,EA19	: 	: 	: 	2.4 	1.6 	6.5 	4.4 	4 
A,RT_PRE_EUR,D12_D4_MD5,P-S,EA20	: 	: 	: 	: 	1.6 	6.5 	4.4 	4.1 
A,RT_PRE_EUR,D12_D4_MD5,P-S,EE	: 	: 	: 	4.2 	8.1 	6.8 	16.2 	7.8 
A,RT_PRE_EUR,D12_D4_MD5,P-S,EL	: 	: 	: 	-9.6 	-0.3 	-7.6 	4.2 	4.2 
A,RT_PRE_EUR,D12_D4_MD5,P-S,ES	: 	: 	-1.5 	7 	0.2 	2 	5.5 	3.8 
A,RT_PRE_EUR,D12_D4_MD5,P-S,EU27_2020	: 	: 	: 	2.5 	2.1 	6.2 	5 	4.1 
A,RT_PRE_EUR,D12_D4_MD5,P-S,FI	24.0 p	27.4 p	28.4 p	24.5 p	-16.9 p	3.2 p	3.5 p	-1.4 p
A,RT_PRE_EUR,D12_D4_MD5,P-S,FR	: 	: 	: 	-0.2 	2.8 	3.6 	5.3 	3.2 
A,RT_PRE_EUR,D12_D4_MD5,P-S,HR	: 	: 	: 	-2.6 	4.1 	6.8 	14.9 	22 
A,RT_PRE_EUR,D12_D4_MD5,P-S,HU	: 	: 	: 	-4.1 	1 	-6.8 	17.1 	14.1 
A,RT_PRE_EUR,D12_D4_MD5,P-S,IE	: 	: 	: 	-20 	-11.6 	53.5 	10.9 	5.7 
A,RT_PRE_EUR,D12_D4_MD5,P-S,IS	: 	3.8 d	15.9 d	-7.5 d	14.8 d	15.7 p	3.3 p	6.7 p
A,RT_PRE_EUR,D12_D4_MD5,P-S,IT	: 	: 	: 	1.7 	-1.4 	-0.5 	-0.1 	2.9 
A,RT_PRE_EUR,D12_D4_MD5,P-S,LT	: 	: 	: 	-19 	48.7 	15.7 	12.2 	11.8 
A,RT_PRE_EUR,D12_D4_MD5,P-S,LU	: 	: 	: 	1.6 	2 	4 	6.6 	1.7 
A,RT_PRE_EUR,D12_D4_MD5,P-S,LV	: 	: 	: 	5.1 	12.7 	9.1 	9.2 	11.7 
A,RT_PRE_EUR,D12_D4_MD5,P-S,MT	: 	: 	: 	-50.8 	16.2 	43.3 	8.5 	-0.5 
A,RT_PRE_EUR,D12_D4_MD5,P-S,NL	: 	: 	: 	-8.2 	6.3 	16.2 	4.1 	5.3 
A,RT_PRE_EUR,D12_D4_MD5,P-S,NO	: 	: 	: 	-6.6 	5.7 	3.5 	-1.6 	2.2 
A,RT_PRE_EUR,D12_D4_MD5,P-S,PL	: 	: 	: 	5.7 	6.5 	4.6 	17.2 	26.1 
A,RT_PRE_EUR,D12_D4_MD5,P-S,PT	: 	: 	: 	10.4 	1.9 	4.2 	9.1 	7.8 
A,RT_PRE_EUR,D12_D4_MD5,P-S,RO	: 	: 	: 	24.5 b	-3.8 	0.7 	5.1 	16.8 
A,RT_PRE_EUR,D12_D4_MD5,P-S,RS	: 	: 	: 	6.2 	16.2 	11.6 	12.2 	14.1 
A,RT_PRE_EUR,D12_D4_MD5,P-S,SE	: 	: 	: 	2.5 	8.1 	-2.2 	1.5 	-1.7 
A,RT_PRE_EUR,D12_D4_MD5,P-S,SI	: 	: 	: 	11.4 	7.3 	-2.7 	7.5 	3.4 
A,RT_PRE_EUR,D12_D4_MD5,P-S,SK	: 	: 	: 	10.6 	5.9 	6.8 	10.8 	11.1 
A,RT_PRE_EUR,D12_D4_MD5,Q,AT	: 	: 	8 	4.7 	8 	8.3 	4.7 p	14.8 p
A,RT_PRE_EUR,D12_D4_MD5,Q,BE	: 	: 	: 	1.6 	1.1 	8 	5.5 	2.9 
A,RT_PRE_EUR,D12_D4_MD5,Q,BG	: 	: 	: 	15 	15.9 	4.3 	5.9 	13 
A,RT_PRE_EUR,D12_D4_MD5,Q,CY	: 	: 	: 	3.7 	-1.4 	0.1 	8.6 	6.5 
A,RT_PRE_EUR,D12_D4_MD5,Q,CZ	: 	: 	: 	9.2 	11.3 	4.9 	5.6 	3.3 
A,RT_PRE_EUR,D12_D4_MD5,Q,DE	: 	: 	: 	5.6 	2.1 	13 	5.4 	4.1 
A,RT_PRE_EUR,D12_D4_MD5,Q,DK	: 	: 	-27.1 	-31.3 	1.1 	3 	3.2 	4.9 
A,RT_PRE_EUR,D12_D4_MD5,Q,EA19	: 	: 	: 	3 	3.5 	8.1 	4.6 	3.9 
A,RT_PRE_EUR,D12_D4_MD5,Q,EA20	: 	: 	: 	: 	3.5 	8.1 	4.6 	3.9 
A,RT_PRE_EUR,D12_D4_MD5,Q,EE	: 	: 	: 	3.4 	13.4 	5.8 	17.3 	9.8 
A,RT_PRE_EUR,D12_D4_MD5,Q,EL	: 	: 	: 	0.5 	-5.1 	1.7 	-5.8 	-2.8 
A,RT_PRE_EUR,D12_D4_MD5,Q,ES	: 	: 	-1 	6.5 	1.8 	2.1 	6 	4.6 
A,RT_PRE_EUR,D12_D4_MD5,Q,EU27_2020	: 	: 	: 	3.1 	3.7 	7.5 	5.3 	3.6 
A,RT_PRE_EUR,D12_D4_MD5,Q,FI	55.1 p	30.9 p	27.8 p	29.1 p	-20.0 p	3.8 p	3.7 p	-1.9 p
A,RT_PRE_EUR,D12_D4_MD5,Q,FR	: 	: 	: 	: @C	: @C	: @C	: @C	: @C
A,RT_PRE_EUR,D12_D4_MD5,Q,HR	: 	: 	: 	-3.2 	3.4 	6.9 	15.8 	24 
A,RT_PRE_EUR,D12_D4_MD5,Q,HU	: 	: 	: 	3.3 	6 	-2.3 	16.7 	9.6 
A,RT_PRE_EUR,D12_D4_MD5,Q,IE	: 	: 	: 	-12.1 	-9 	34.7 	10.3 	5.5 
A,RT_PRE_EUR,D12_D4_MD5,Q,IS	: 	7.3 p	14.9 p	-6.6 p	15.4 p	16.5 p	3.2 p	6.4 p
A,RT_PRE_EUR,D12_D4_MD5,Q,IT	: 	: 	: 	2.4 	-1.4 	0.6 	-0.4 	2.6 
A,RT_PRE_EUR,D12_D4_MD5,Q,LT	: 	: 	: 	-21.1 	65.7 	11.1 	15.2 	11.8 
A,RT_PRE_EUR,D12_D4_MD5,Q,LU	: 	: 	: 	-0.1 	3.4 	4.3 	6.3 	1.7 
A,RT_PRE_EUR,D12_D4_MD5,Q,LV	: 	: 	: 	9.9 	22.9 	4.2 	3.5 	6.3 
A,RT_PRE_EUR,D12_D4_MD5,Q,MT	: 	: 	: 	-3.8 	6.5 	5.5 	-2.8 	1.3 
A,RT_PRE_EUR,D12_D4_MD5,Q,NL	: 	: 	: 	-5.4 	10.1 	14.3 	3.3 	: @C
A,RT_PRE_EUR,D12_D4_MD5,Q,NO	: 	: 	: 	-6.4 	5.9 	2.6 	-1.4 	2.5 
A,RT_PRE_EUR,D12_D4_MD5,Q,PL	: 	: 	: 	7.4 	11.8 	5.7 	18.9 	21.6 
A,RT_PRE_EUR,D12_D4_MD5,Q,PT	: 	: 	: 	12.1 	0.9 	4.6 	7.9 	13 
A,RT_PRE_EUR,D12_D4_MD5,Q,RO	: 	: 	: 	33.9 b	-8.5 	-1.4 	1.7 	13 
A,RT_PRE_EUR,D12_D4_MD5,Q,RS	: 	: 	: 	16.1 	17.7 	8.7 	10.4 	12.6 
A,RT_PRE_EUR,D12_D4_MD5,Q,SE	: 	: 	: 	2.4 	7.4 	-1.3 	3.5 	-3.9 
A,RT_PRE_EUR,D12_D4_MD5,Q,SI	: 	: 	: 	16.6 	6.9 	-3.6 	7 	3.2 
A,RT_PRE_EUR,D12_D4_MD5,Q,SK	: 	: 	: 	10.2 	12 	5.6 	13.4 	11 
A,RT_PRE_EUR,D12_D4_MD5,R,AT	: 	: 	0.4 	10.3 	9.9 	39.5 	3.2 p	3.8 p
A,RT_PRE_EUR,D12_D4_MD5,R,BE	: 	: 	: 	1.6 	1.1 	7.4 	7.7 	2.3 
A,RT_PRE_EUR,D12_D4_MD5,R,BG	: 	: 	: 	8.8 	8.3 	19.3 	10 	16.8 
A,RT_PRE_EUR,D12_D4_MD5,R,CY	: 	: 	: 	-5.5 	-14.3 	52.7 	1.3 	8.6 
A,RT_PRE_EUR,D12_D4_MD5,R,CZ	: 	: 	: 	-27.6 	12.5 	28.1 	12.6 	0.1 
A,RT_PRE_EUR,D12_D4_MD5,R,DE	: 	: 	: 	8.2 	1.7 	8.4 	5.8 	5.6 
A,RT_PRE_EUR,D12_D4_MD5,R,DK	: 	: 	-12.7 	5.9 	-11.6 	6.2 	0.8 	3.2 
A,RT_PRE_EUR,D12_D4_MD5,R,EA19	: 	: 	: 	-6.4 	-1.9 	15 	6.2 	4.6 
A,RT_PRE_EUR,D12_D4_MD5,R,EA20	: 	: 	: 	: 	-1.9 	14.9 	6.3 	4.7 
A,RT_PRE_EUR,D12_D4_MD5,R,EE	: 	: 	: 	-1.2 	7.4 	9.8 	19.7 	-1.5 
A,RT_PRE_EUR,D12_D4_MD5,R,EL	: 	: 	: 	7.2 	-5.6 	-10.6 	4.3 	7 
A,RT_PRE_EUR,D12_D4_MD5,R,ES	: 	: 	-10.7 	15.7 	-9.2 	-1.2 	8 	2.9 
A,RT_PRE_EUR,D12_D4_MD5,R,EU27_2020	: 	: 	: 	-6 	-1.3 	13.8 	6.4 	5 
A,RT_PRE_EUR,D12_D4_MD5,R,FI	30.3 p	26.3 p	28.5 p	19.8 p	-15.3 p	2.5 p	2.9 p	-0.8 p
A,RT_PRE_EUR,D12_D4_MD5,R,FR	: 	: 	: 	-18 	5 	14.9 	5.5 	2.9 
A,RT_PRE_EUR,D12_D4_MD5,R,HR	: 	: 	: 	-4.4 	1.7 	7 	14.6 	17.1 
A,RT_PRE_EUR,D12_D4_MD5,R,HU	: 	: 	: 	-12.4 	-5.1 	-0.2 	16.7 	5.9 
A,RT_PRE_EUR,D12_D4_MD5,R,IE	: 	: 	: 	-124 	: @C	: @C	: @C	: @C
A,RT_PRE_EUR,D12_D4_MD5,R,IS	: 	-1.9 p	15.9 p	-8.5 p	18.4 p	15.7 p	2.8 p	7.0 p
A,RT_PRE_EUR,D12_D4_MD5,R,IT	: 	: 	: 	5.2 	-14 	-2.7 	1.6 	7.7 
A,RT_PRE_EUR,D12_D4_MD5,R,LT	: 	: 	: 	-83.1 	: @C	: @C	: @C	: @C
A,RT_PRE_EUR,D12_D4_MD5,R,LU	: 	: 	: 	16.1 	-6.9 	-1.8 	6.8 	1.6 
A,RT_PRE_EUR,D12_D4_MD5,R,LV	: 	: 	: 	11.2 	-3.3 	15.9 	15.6 	9 
A,RT_PRE_EUR,D12_D4_MD5,R,MT	: 	: 	: 	-56.3 	24.4 	82.2 	12 	9.9 
A,RT_PRE_EUR,D12_D4_MD5,R,NL	: 	: 	: 	-96.1 	0.9 	238.5 	9.3 	: @C
A,RT_PRE_EUR,D12_D4_MD5,R,NO	: 	: 	: 	-5.8 	8.6 	6.8 	0.4 	1.3 
A,RT_PRE_EUR,D12_D4_MD5,R,PL	: 	: 	: 	1.5 	1.8 	12.4 	18.7 	20.6 
A,RT_PRE_EUR,D12_D4_MD5,R,PT	: 	: 	: 	7.2 	7.6 	0.9 	22.4 	5.1 
A,RT_PRE_EUR,D12_D4_MD5,R,RO	: 	: 	: 	19.4 b	7.9 	-2.1 	6.3 	10.8 
A,RT_PRE_EUR,D12_D4_MD5,R,RS	: 	: 	: 	-19.5 	33.5 	26.6 	15.2 	13.7 
A,RT_PRE_EUR,D12_D4_MD5,R,SE	: 	: 	: 	-0.2 	6.7 	-2.9 	-2.7 	5.7 
A,RT_PRE_EUR,D12_D4_MD5,R,SI	: 	: 	: 	5.7 	8.2 	0.1 	10.9 	1.1 
A,RT_PRE_EUR,D12_D4_MD5,R,SK	: 	: 	: 	-5.3 	17.3 	19.8 	2.5 	13.7 
A,RT_PRE_EUR,D12_D4_MD5,S,AT	: 	: 	-4.6 	8.6 	15.8 	4.2 	7.2 p	9.2 p
A,RT_PRE_EUR,D12_D4_MD5,S,BE	: 	: 	: 	1.7 	1.2 	5.3 	8.6 	1.9 
A,RT_PRE_EUR,D12_D4_MD5,S,BG	: 	: 	: 	10.2 	11.8 	9.6 	11.5 	17.3 
A,RT_PRE_EUR,D12_D4_MD5,S,CY	: 	: 	: 	-10.8 	3.2 	25.3 	6.6 	9.6 
A,RT_PRE_EUR,D12_D4_MD5,S,CZ	: 	: 	: 	-10.6 	10.3 	18.7 	15.5 	1.7 
A,RT_PRE_EUR,D12_D4_MD5,S,DE	: 	: 	: 	6.7 	1 	11 	3.7 	4 
A,RT_PRE_EUR,D12_D4_MD5,S,DK	: 	: 	0.7 	-3.3 	9 	3.2 	1.6 	2.9 
A,RT_PRE_EUR,D12_D4_MD5,S,EA19	: 	: 	: 	3.2 	-0.8 	8.5 	5.1 	4.4 
A,RT_PRE_EUR,D12_D4_MD5,S,EA20	: 	: 	: 	: 	-0.8 	8.5 	5.1 	4.4 
A,RT_PRE_EUR,D12_D4_MD5,S,EE	: 	: 	: 	6.3 	12.6 	-0.8 	3.7 	12.9 
A,RT_PRE_EUR,D12_D4_MD5,S,EL	: 	: 	4.4 	-12.2 	-0.4 	-5.8 	4.7 	13 
A,RT_PRE_EUR,D12_D4_MD5,S,ES	: 	: 	-0.9 	14.6 	-4 	-1.3 	7.3 	5 
A,RT_PRE_EUR,D12_D4_MD5,S,EU27_2020	: 	: 	: 	2.6 	-0.1 	8 	4.9 	4.4 
A,RT_PRE_EUR,D12_D4_MD5,S,FI	2.2 p	29.4 p	17.9 p	-1.3 p	5.7 p	1.9 p	3.5 p	1.5 p
A,RT_PRE_EUR,D12_D4_MD5,S,FR	: 	: 	: 	1.6 	: @C	: @C	: @C	: @C
A,RT_PRE_EUR,D12_D4_MD5,S,HR	: 	: 	: 	-17.6 	-0.1 	13.6 	17.3 	7.5 
A,RT_PRE_EUR,D12_D4_MD5,S,HU	: 	: 	: 	-11.5 	-8.9 	-1.7 	16.9 	10.3 
A,RT_PRE_EUR,D12_D4_MD5,S,IE	: 	: 	: 	-120.5 	: @C	: @C	: @C	: @C
A,RT_PRE_EUR,D12_D4_MD5,S,IS	: 	5.0 p	22.0 p	-15.6 p	13.3 p	11.6 p	1.9 p	7.2 p
A,RT_PRE_EUR,D12_D4_MD5,S,IT	: 	: 	: 	-1.3 	-2.7 	2.9 	3.8 	0.5 
A,RT_PRE_EUR,D12_D4_MD5,S,LT	: 	: 	: 	: @C	: @C	: @C	: @C	: @C
A,RT_PRE_EUR,D12_D4_MD5,S,LU	: 	: 	: 	10.7 	-3.4 	3.3 	7.6 	2.1 
A,RT_PRE_EUR,D12_D4_MD5,S,LV	: 	: 	: 	13.7 	-6.7 	19 	10.4 	24.1 
A,RT_PRE_EUR,D12_D4_MD5,S,MT	: 	: 	: 	-443.2 	-10.2 	-107.1 	559.8 	0.1 
A,RT_PRE_EUR,D12_D4_MD5,S,NL	: 	: 	: 	-20.7 	9.8 	21.1 	6 	: @C
A,RT_PRE_EUR,D12_D4_MD5,S,NO	: 	: 	: 	-6.4 	7.3 	1 	2.2 	2.2 
A,RT_PRE_EUR,D12_D4_MD5,S,PL	: 	: 	: 	2.5 	8.5 	-0.2 	19.3 	17.7 
A,RT_PRE_EUR,D12_D4_MD5,S,PT	: 	: 	: 	3.9 	8.4 	0.8 	5.1 	5.6 
A,RT_PRE_EUR,D12_D4_MD5,S,RO	: 	: 	: 	9.6 b	3.4 	9.8 	2.1 	18.1 
A,RT_PRE_EUR,D12_D4_MD5,S,RS	: 	: 	: 	-53.5 	109.6 	35.2 	13.7 	15.1 
A,RT_PRE_EUR,D12_D4_MD5,S,SE	: 	: 	: 	-4.3 	12.1 	-4.1 	-6.7 	3.1 
A,RT_PRE_EUR,D12_D4_MD5,S,SI	: 	: 	: 	-3.7 	12.5 	3.9 	12.3 	6.7 
A,RT_PRE_EUR,D12_D4_MD5,S,SK	: 	: 	: 	-16.9 	-7 	47.2 	13.7 	13.2 
A,RT_PRE_EUR,D1_D4_MD5,B,AT	: 	: 	-2.4 	2.2 	0.8 	-0.4 	8.8 p	8.5 p
A,RT_PRE_EUR,D1_D4_MD5,B,BE	: 	: 	: 	1.7 	1.4 	7 	7.6 	2.5 
A,RT_PRE_EUR,D1_D4_MD5,B,BG	: 	: 	: 	7.6 	6.3 	17.8 	10.6 	7.1 
A,RT_PRE_EUR,D1_D4_MD5,B,CY	: 	: 	5.1 	-0.5 	11 	0.5 	9.3 	4.9 
A,RT_PRE_EUR,D1_D4_MD5,B,CZ	: 	: 	: 	2.5 	9.1 	6.1 	12.9 	-0.7 
A,RT_PRE_EUR,D1_D4_MD5,B,DE	: 	: 	: 	3.2 	1.1 	11.5 	6.7 	4.5 
A,RT_PRE_EUR,D1_D4_MD5,B,DK	: 	: 	: @C	: @C	: @C	: @C	: @C	: @C
A,RT_PRE_EUR,D1_D4_MD5,B,EA19	: 	: 	: 	4 	-0.3 	4.7 	4.9 	3.8 
A,RT_PRE_EUR,D1_D4_MD5,B,EA20	: 	: 	: 	: 	-0.4 d	4.7 	4.9 	3.8 
A,RT_PRE_EUR,D1_D4_MD5,B,EE	: 	: 	: 	-3.2 	6.1 	9.3 	8.9 	5.1 
A,RT_PRE_EUR,D1_D4_MD5,B,EL	: 	: 	2.6 	-1 	-2.3 	-5.6 	-0.1 	20 
A,RT_PRE_EUR,D1_D4_MD5,B,ES	: 	: 	6.6 	10.6 	-1.5 	-7.2 	6.6 	3.1 
A,RT_PRE_EUR,D1_D4_MD5,B,EU27_2020	: 	: 	: 	5.2 	2 	8.9 	8.8 	5.3 
A,RT_PRE_EUR,D1_D4_MD5,B,FI	-2.4 p	6.5 p	-13.9 p	-1.8 p	5.2 p	0.2 p	3.1 p	1.1 p
A,RT_PRE_EUR,D1_D4_MD5,B,FR	: 	: 	: 	1.6 	1.4 	2.1 	2.7 	4.5 
A,RT_PRE_EUR,D1_D4_MD5,B,HR	: 	: 	: 	-0.5 	-4.5 	0.4 	14.2 	10.2 
A,RT_PRE_EUR,D1_D4_MD5,B,HU	: 	: 	: 	-4.4 	0.8 	5 	20.7 	12.7 
A,RT_PRE_EUR,D1_D4_MD5,B,IE	: 	: 	: 	1.8 	3.9 	15.7 	5.2 	-0.4 
A,RT_PRE_EUR,D1_D4_MD5,B,IS	: 	: @C	: @C	: @C	: @C	: @C	: @C	: @C
A,RT_PRE_EUR,D1_D4_MD5,B,IT	: 	: 	: 	0.2 	-3.2 	3.6 	1.1 	-2.4 
A,RT_PRE_EUR,D1_D4_MD5,B,LT	: 	: 	: 	5.8 	7.5 	6.6 	17.1 	8.4 
A,RT_PRE_EUR,D1_D4_MD5,B,LU	: 	: 	: 	1.7 	-1.7 	5.4 	5.2 	3.5 
A,RT_PRE_EUR,D1_D4_MD5,B,LV	: 	: 	: 	6.2 	-4.1 	12.3 	13.5 	12.7 
A,RT_PRE_EUR,D1_D4_MD5,B,MT	: 	: 	: 	6 	-2.1 	-0.8 	3.6 	-4.2 
A,RT_PRE_EUR,D1_D4_MD5,B,NL	: 	: 	: 	12 	-6.2 	7.8 	5.7 	: @C
A,RT_PRE_EUR,D1_D4_MD5,B,NO	: 	: 	: 	-6.8 	6.8 	6.8 	-3.8 	1.2 
A,RT_PRE_EUR,D1_D4_MD5,B,PL	: 	: 	: 	4.2 	2.5 	19.1 	20.6 	13.1 
A,RT_PRE_EUR,D1_D4_MD5,B,PT	: 	: 	: 	3.8 	7.4 	4.1 	6 	9 
A,RT_PRE_EUR,D1_D4_MD5,B,RO	: 	: 	: 	5.9 	4.2 	8.1 	14.4 	9.7 
A,RT_PRE_EUR,D1_D4_MD5,B,RS	: 	: 	: 	5 	7 	4.5 	11.9 	10.5 
A,RT_PRE_EUR,D1_D4_MD5,B,SE	: 	: 	: 	3.8 	8.9 	-3 	-0.7 	3.9 
A,RT_PRE_EUR,D1_D4_MD5,B,SI	: 	: 	: 	0.7 	6.9 	5.7 	11 	8.1 
A,RT_PRE_EUR,D1_D4_MD5,B,SK	: 	: 	: 	1.2 	6 	16.7 	-0.4 	19.3 
A,RT_PRE_EUR,D1_D4_MD5,B,TR	: 	: 	: 	-4.1 	-6.7 	6.3 	40.3 	42.1 
A,RT_PRE_EUR,D1_D4_MD5,B-E,AT	: 	: 	1.6 	3.2 	1.6 	5.5 	7.8 p	7.0 p
A,RT_PRE_EUR,D1_D4_MD5,B-E,BE	: 	: 	: 	1.7 	1.3 	7 	7.4 	3.4 
A,RT_PRE_EUR,D1_D4_MD5,B-E,BG	: 	: 	: 	5.3 	6.3 	17.7 	16 	11.9 
A,RT_PRE_EUR,D1_D4_MD5,B-E,CY	: 	: 	: 	-0.3 	1.3 	3.6 	5.5 	5.5 
A,RT_PRE_EUR,D1_D4_MD5,B-E,CZ	: 	: 	: 	2 	6.3 	9.6 	11.1 	1.5 
A,RT_PRE_EUR,D1_D4_MD5,B-E,DE	: 	: 	: 	1.3 	0.2 	5.5 	4.5 	4.3 
A,RT_PRE_EUR,D1_D4_MD5,B-E,DK	: 	: 	2.8 	0.2 	4.5 	3.4 	2.8 	3.5 
A,RT_PRE_EUR,D1_D4_MD5,B-E,EA19	: 	: 	: 	2.1 	0.3 	4.8 	4.9 	4.5 
A,RT_PRE_EUR,D1_D4_MD5,B-E,EA20	: 	: 	: 	: 	0.3 	4.8 	4.9 	4.5 
A,RT_PRE_EUR,D1_D4_MD5,B-E,EE	: 	: 	: 	2.9 	4.6 	13.8 	6.9 	8.4 
A,RT_PRE_EUR,D1_D4_MD5,B-E,EL	: 	: 	: 	1.7 	-1.6 	5.3 	3.6 	6.8 
A,RT_PRE_EUR,D1_D4_MD5,B-E,ES	: 	: 	0 	3.8 	-1 	2.2 	5.5 	4.6 
A,RT_PRE_EUR,D1_D4_MD5,B-E,EU27_2020	: 	: 	: 	2.4 	1 	5.2 	5.6 	5.1 
A,RT_PRE_EUR,D1_D4_MD5,B-E,FI	-3.1 p	3.4 p	-0.3 p	-1.4 p	4.4 p	3.3 p	3.4 p	1.7 p
A,RT_PRE_EUR,D1_D4_MD5,B-E,FR	: 	: 	: 	3 	0.3 	3.6 	4.1 	3.6 
A,RT_PRE_EUR,D1_D4_MD5,B-E,HR	: 	: 	: 	-1.9 	3.3 	8 	13 	13.4 
A,RT_PRE_EUR,D1_D4_MD5,B-E,HU	: 	: 	: 	-1.4 	4.2 	2.7 	21.9 	8.1 
A,RT_PRE_EUR,D1_D4_MD5,B-E,IE	: 	: 	: 	-0.9 	5 	5.6 	5.2 	6.2 
A,RT_PRE_EUR,D1_D4_MD5,B-E,IS	: 	6.4 d	18.6 d	-8.4 d	10.6 d	14.3 p	4.1 p	7.0 p
A,RT_PRE_EUR,D1_D4_MD5,B-E,IT	: 	: 	: 	2.5 	-2 	3.1 	3.8 	4.1 
A,RT_PRE_EUR,D1_D4_MD5,B-E,LT	: 	: 	: 	5.6 	12.1 	13 	11.4 	9.8 
A,RT_PRE_EUR,D1_D4_MD5,B-E,LU	: 	: 	: 	0.5 	0.6 	4.8 	6.5 	2.4 
A,RT_PRE_EUR,D1_D4_MD5,B-E,LV	: 	: 	: 	5.7 	2.3 	9.7 	11.2 	11 
A,RT_PRE_EUR,D1_D4_MD5,B-E,MT	: 	: 	: 	-5.6 	2 	13.9 	8.7 	7 
A,RT_PRE_EUR,D1_D4_MD5,B-E,NL	: 	: 	: 	2.3 	1.1 	5.1 	6.6 	4.9 
A,RT_PRE_EUR,D1_D4_MD5,B-E,NO	: 	: 	: 	-6.2 	8 	3.5 	-4.4 	3.2 
A,RT_PRE_EUR,D1_D4_MD5,B-E,PL	: 	: 	: 	2.3 	4.8 	9.1 	15.5 	17.3 
A,RT_PRE_EUR,D1_D4_MD5,B-E,PT	: 	: 	: 	7.5 	2.6 	5.5 	5.7 	7.6 
A,RT_PRE_EUR,D1_D4_MD5,B-E,RO	: 	: 	: 	6.4 	4.1 	13.3 	16.4 	11.6 
A,RT_PRE_EUR,D1_D4_MD5,B-E,RS	: 	: 	: 	5.4 	10.9 	15.3 	14.2 	14.6 
A,RT_PRE_EUR,D1_D4_MD5,B-E,SE	: 	: 	: 	0.2 	8.4 	-1.9 	-4 	5 
A,RT_PRE_EUR,D1_D4_MD5,B-E,SI	: 	: 	: 	1.4 	6.5 	8.2 	10.5 	6.6 
A,RT_PRE_EUR,D1_D4_MD5,B-E,SK	: 	: 	: 	5 	5.8 	10.1 	7.7 	7.8 
A,RT_PRE_EUR,D1_D4_MD5,B-E,TR	: 	: 	: 	-8.2 	-7.3 	4.8 	46.9 	39.8 
A,RT_PRE_EUR,D1_D4_MD5,B-F,MT	: 	: 	: 	1.3 	2.9 	6.6 	5.3 	: 
A,RT_PRE_EUR,D1_D4_MD5,B-N,AT	: 	: 	0 	6 	0.8 	4.7 	6.0 p	8.1 p
A,RT_PRE_EUR,D1_D4_MD5,B-N,BE	: 	: 	: 	1.6 	1.2 	6.1 	8.3 	2.4 
A,RT_PRE_EUR,D1_D4_MD5,B-N,BG	: 	: 	: 	6.3 	7.1 	16.1 	14.5 	13.6 
A,RT_PRE_EUR,D1_D4_MD5,B-N,CY	: 	: 	: 	-1.8 	1.2 	8.5 	5.7 	5.5 
A,RT_PRE_EUR,D1_D4_MD5,B-N,CZ	: 	: 	: 	1.6 	2.3 	8.3 	11.3 	1.7 
A,RT_PRE_EUR,D1_D4_MD5,B-N,DE	: 	: 	: 	2.2 	1.2 	6.8 	4.7 	4.8 
A,RT_PRE_EUR,D1_D4_MD5,B-N,DK	: 	: 	0.8 	0.8 	2.7 	2.7 	2.7 	3.2 
A,RT_PRE_EUR,D1_D4_MD5,B-N,EA19	: 	: 	: 	2.6 	0.9 	5.2 	5.1 	4.4 
A,RT_PRE_EUR,D1_D4_MD5,B-N,EA20	: 	: 	: 	: 	0.9 	5.3 	5.1 	4.4 
A,RT_PRE_EUR,D1_D4_MD5,B-N,EE	: 	: 	: 	1.5 	6.3 	9.9 	10.2 	7.1 
A,RT_PRE_EUR,D1_D4_MD5,B-N,EL	: 	: 	: 	4 	0.7 	8.8 	8.4 	7.6 
A,RT_PRE_EUR,D1_D4_MD5,B-N,ES	: 	: 	-0.6 	4.9 	-0.5 	1.7 	5.2 	4.5 
A,RT_PRE_EUR,D1_D4_MD5,B-N,EU27_2020	: 	: 	: 	2.7 	1.4 	5.6 	5.6 	4.9 
A,RT_PRE_EUR,D1_D4_MD5,B-N,FI	-2.1 p	1.8 p	1.0 p	-0.1 p	4.6 p	2.0 p	3.7 p	1.7 p
A,RT_PRE_EUR,D1_D4_MD5,B-N,FR	: 	: 	: 	2.4 	0.7 	4 	3.8 	3.1 
A,RT_PRE_EUR,D1_D4_MD5,B-N,HR	: 	: 	: 	-4.1 	2.8 	9.3 	13.9 	11.6 
A,RT_PRE_EUR,D1_D4_MD5,B-N,HU	: 	: 	: 	-0.8 	3.8 	3.6 	20.2 	8.4 
A,RT_PRE_EUR,D1_D4_MD5,B-N,IE	: 	: 	: 	-3.6 	4.2 	10.1 	6.1 	6.3 
A,RT_PRE_EUR,D1_D4_MD5,B-N,IS	: 	8.4 d	16.7 p	-7.2 p	11.0 p	12.2 p	3.1 p	6.9 p
A,RT_PRE_EUR,D1_D4_MD5,B-N,IT	: 	: 	: 	4 	-1.3 	2.1 	3 	3.2 
A,RT_PRE_EUR,D1_D4_MD5,B-N,LT	: 	: 	: 	6.1 	12.3 	13.7 	12.5 	9.8 
A,RT_PRE_EUR,D1_D4_MD5,B-N,LU	: 	: 	: 	0.9 	2.2 	5.3 	6.4 	2.2 
A,RT_PRE_EUR,D1_D4_MD5,B-N,LV	: 	: 	: 	5.7 	3.1 	8.3 	11.3 	12.3 
A,RT_PRE_EUR,D1_D4_MD5,B-N,MT	: 	: 	: 	-6.8 	2.4 	10.4 	6.2 	2 
A,RT_PRE_EUR,D1_D4_MD5,B-N,NL	: 	: 	: 	0.9 	1.7 	5.4 	6.8 	5 
A,RT_PRE_EUR,D1_D4_MD5,B-N,NO	: 	: 	: 	-5.9 	9.5 	2.3 	-4.7 	4 
A,RT_PRE_EUR,D1_D4_MD5,B-N,PL	: 	: 	: 	1.9 	5 	10 	15.6 	17.1 
A,RT_PRE_EUR,D1_D4_MD5,B-N,PT	: 	: 	: 	7.6 	2 	5.1 	5.6 	6.5 
A,RT_PRE_EUR,D1_D4_MD5,B-N,RO	: 	: 	: 	6 	4.1 	14 	16.7 	12.6 
A,RT_PRE_EUR,D1_D4_MD5,B-N,RS	: 	: 	: 	6.5 	11.6 	18.8 	13.8 	13.6 
A,RT_PRE_EUR,D1_D4_MD5,B-N,SE	: 	: 	: 	1.5 	7.8 	-1.3 	-4.1 	5 
A,RT_PRE_EUR,D1_D4_MD5,B-N,SI	: 	: 	: 	1.9 	6.3 	7.8 	10.4 	7.4 
A,RT_PRE_EUR,D1_D4_MD5,B-N,SK	: 	: 	: 	5.6 	5 	11.1 	8.4 	7.5 
A,RT_PRE_EUR,D1_D4_MD5,B-S,MT	: 	: 	: 	4.6 	2.9 	3.2 	3.2 	: 
A,RT_PRE_EUR,D1_D4_MD5,B-S_X_O,AT	: 	: 	0.2 	6.4 	0.9 	5.3 	5.9 p	8.6 p
A,RT_PRE_EUR,D1_D4_MD5,B-S_X_O,BE	: 	: 	: 	1.6 	1.1 	6.2 	8.2 	2.4 
A,RT_PRE_EUR,D1_D4_MD5,B-S_X_O,BG	: 	: 	: 	7.5 	8.6 	14.7 	14 	13.9 
A,RT_PRE_EUR,D1_D4_MD5,B-S_X_O,CY	: 	: 	: 	-1.1 	1 	7.6 	6 	5.1 
A,RT_PRE_EUR,D1_D4_MD5,B-S_X_O,CZ	: 	: 	: 	2.7 	3.9 	7.3 	10.6 	1.3 
A,RT_PRE_EUR,D1_D4_MD5,B-S_X_O,DE	: 	: 	: 	2.8 	1.3 	6.2 	4.5 	5 
A,RT_PRE_EUR,D1_D4_MD5,B-S_X_O,DK	: 	: 	0.4 	0.2 	2.4 	2.5 	2.5 	3.8 
A,RT_PRE_EUR,D1_D4_MD5,B-S_X_O,EA19	: 	: 	: 	2.9 	1 	4.8 	4.9 	4.4 
A,RT_PRE_EUR,D1_D4_MD5,B-S_X_O,EA20	: 	: 	: 	: 	1 	4.8 	4.9 	4.5 
A,RT_PRE_EUR,D1_D4_MD5,B-S_X_O,EE	: 	: 	: 	2.1 	6.5 	9.1 	11.7 	7.3 
A,RT_PRE_EUR,D1_D4_MD5,B-S_X_O,EL	: 	: 	: 	3 	0.9 	5.6 	7 	6.3 
A,RT_PRE_EUR,D1_D4_MD5,B-S_X_O,ES	: 	: 	-0.2 	5.2 	-0.3 	1.7 	5.1 	4.3 
A,RT_PRE_EUR,D1_D4_MD5,B-S_X_O,EU27_2020	: 	: 	: 	3.1 	1.5 	5.1 	5.4 	5 
A,RT_PRE_EUR,D1_D4_MD5,B-S_X_O,FI	-2.8 p	2.7 p	2.3 p	1.3 p	3.1 p	2.5 p	3.1 p	1.8 p
A,RT_PRE_EUR,D1_D4_MD5,B-S_X_O,FR	: 	: 	: 	2.5 	1.2 	3.8 	4.1 	3 
A,RT_PRE_EUR,D1_D4_MD5,B-S_X_O,HR	: 	: 	: 	-2.6 	3.1 	8.7 	14.2 	14.2 
A,RT_PRE_EUR,D1_D4_MD5,B-S_X_O,HU	: 	: 	: 	-0.1 	5.1 	4.4 	19.9 	9.7 
A,RT_PRE_EUR,D1_D4_MD5,B-S_X_O,IE	: 	: 	: 	-2.6 	3.5 	9.5 	5.8 	5.8 
A,RT_PRE_EUR,D1_D4_MD5,B-S_X_O,IS	: 	7.4 d	19.8 d	-8.2 d	12.6 d	13.1 p	3.1 p	6.7 p
A,RT_PRE_EUR,D1_D4_MD5,B-S_X_O,IT	: 	: 	: 	3.4 	-1.2 	1.5 	2.3 	3.3 
A,RT_PRE_EUR,D1_D4_MD5,B-S_X_O,LT	: 	: 	: 	7.5 	12.5 	13.3 	12.4 	10.8 
A,RT_PRE_EUR,D1_D4_MD5,B-S_X_O,LU	: 	: 	: 	0.9 	2.3 	5.1 	6.4 	2.1 
A,RT_PRE_EUR,D1_D4_MD5,B-S_X_O,LV	: 	: 	: 	5.8 	5.8 	7.8 	11 	12.1 
A,RT_PRE_EUR,D1_D4_MD5,B-S_X_O,MT	: 	: 	: 	-3.8 	3.6 	7.7 	4.7 	4.9 
A,RT_PRE_EUR,D1_D4_MD5,B-S_X_O,NL	: 	: 	: 	2.1 	1.4 	5.5 	6.8 	5.2 
A,RT_PRE_EUR,D1_D4_MD5,B-S_X_O,NO	: 	: 	: 	-5.8 	8.3 	2.6 	-4.9 	3.5 
A,RT_PRE_EUR,D1_D4_MD5,B-S_X_O,PL	: 	: 	: 	2.6 	5.3 	8.8 	15.9 	19 
A,RT_PRE_EUR,D1_D4_MD5,B-S_X_O,PT	: 	: 	: 	8.7 	1.8 	4.7 	5.8 	6.9 
A,RT_PRE_EUR,D1_D4_MD5,B-S_X_O,RO	: 	: 	: 	6.3 	3 	11.8 	15.9 	13.5 
A,RT_PRE_EUR,D1_D4_MD5,B-S_X_O,RS	: 	: 	: 	8.3 	11.1 	16.9 	13.5 	13.7 
A,RT_PRE_EUR,D1_D4_MD5,B-S_X_O,SE	: 	: 	: 	2.1 	7.4 	-1.5 	-3.6 	4 
A,RT_PRE_EUR,D1_D4_MD5,B-S_X_O,SI	: 	: 	: 	4.2 	6.2 	5.1 	10.2 	6.6 
A,RT_PRE_EUR,D1_D4_MD5,B-S_X_O,SK	: 	: 	: 	7.2 	5.4 	9.3 	8.9 	7.7 
A,RT_PRE_EUR,D1_D4_MD5,C,AT	: 	: 	1.8 	3.1 	1.6 	5.6 	7.8 p	7.0 p
A,RT_PRE_EUR,D1_D4_MD5,C,BE	: 	: 	: 	1.7 	1.3 	6.9 	7.5 	3.4 
A,RT_PRE_EUR,D1_D4_MD5,C,BG	: 	: 	: 	4.7 	7.1 	17.9 	17.1 	12.4 
A,RT_PRE_EUR,D1_D4_MD5,C,CY	: 	: 	: 	-1.1 	0.6 	3 	5.2 	6 
A,RT_PRE_EUR,D1_D4_MD5,C,CZ	: 	: 	: 	1.8 	6.1 	9.6 	10.8 	1.5 
A,RT_PRE_EUR,D1_D4_MD5,C,DE	: 	: 	: 	1.3 	0.2 	5.2 	4.4 	4.6 
A,RT_PRE_EUR,D1_D4_MD5,C,DK	: 	: 	2.8 	0.1 	4.3 	3 	2.6 	3.5 
A,RT_PRE_EUR,D1_D4_MD5,C,EA19	: 	: 	: 	2.1 	0.3 	4.7 	4.8 	4.6 
A,RT_PRE_EUR,D1_D4_MD5,C,EA20	: 	: 	: 	: 	0.3 	4.7 	4.8 	4.7 
A,RT_PRE_EUR,D1_D4_MD5,C,EE	: 	: 	: 	3.1 	4.6 	14.3 	6.2 	8.4 
A,RT_PRE_EUR,D1_D4_MD5,C,EL	: 	: 	: 	1.9 	-2.4 	5.9 	3 	7.6 
A,RT_PRE_EUR,D1_D4_MD5,C,ES	: 	: 	-0.1 	3.6 	-0.9 	2.1 	5.8 	4.8 
A,RT_PRE_EUR,D1_D4_MD5,C,EU27_2020	: 	: 	: 	2.3 	0.9 	5.1 	5.5 	5.2 
A,RT_PRE_EUR,D1_D4_MD5,C,FI	-2.0 p	3.3 p	-0.5 p	-1.6 p	5.0 p	3.3 p	3.6 p	1.4 p
A,RT_PRE_EUR,D1_D4_MD5,C,FR	: 	: 	: 	2.8 	0.2 	3.8 	3.8 	3.7 
A,RT_PRE_EUR,D1_D4_MD5,C,HR	: 	: 	: 	-2.2 	3.6 	8.7 	13.9 	12.7 
A,RT_PRE_EUR,D1_D4_MD5,C,HU	: 	: 	: 	-1.3 	4.5 	3.1 	22.1 	7.8 
A,RT_PRE_EUR,D1_D4_MD5,C,IE	: 	: 	: 	-1.4 	5.1 	5.3 	5.2 	5.8 
A,RT_PRE_EUR,D1_D4_MD5,C,IS	: 	5.4 p	17.3 p	-9.5 p	11.9 p	14.5 p	4.0 p	7.1 p
A,RT_PRE_EUR,D1_D4_MD5,C,IT	: 	: 	: 	2.8 	-2 	3.1 	4.1 	4.3 
A,RT_PRE_EUR,D1_D4_MD5,C,LT	: 	: 	: 	5.2 	12.7 	13.3 	10.9 	9.7 
A,RT_PRE_EUR,D1_D4_MD5,C,LU	: 	: 	: 	0.7 	0.5 	4.9 	6.5 	2.3 
A,RT_PRE_EUR,D1_D4_MD5,C,LV	: 	: 	: 	6.4 	1.9 	9.4 	10.2 	11.1 
A,RT_PRE_EUR,D1_D4_MD5,C,MT	: 	: 	: 	-6.6 	1.9 	15.5 	9.3 	7.4 
A,RT_PRE_EUR,D1_D4_MD5,C,NL	: 	: 	: 	2.1 	1.2 	5 	6.5 	: @C
A,RT_PRE_EUR,D1_D4_MD5,C,NO	: 	: 	: 	-6 	8.5 	1.8 	-4.6 	3.9 
A,RT_PRE_EUR,D1_D4_MD5,C,PL	: 	: 	: 	2.2 	5.2 	8.3 	14.9 	17.8 
A,RT_PRE_EUR,D1_D4_MD5,C,PT	: 	: 	: 	7.8 	2.9 	5.1 	6 	7.7 
A,RT_PRE_EUR,D1_D4_MD5,C,RO	: 	: 	: 	6.1 	4.2 	13.5 	16.3 	11.7 
A,RT_PRE_EUR,D1_D4_MD5,C,RS	: 	: 	: 	4.2 	12.5 	18.1 	15.1 	15.4 
A,RT_PRE_EUR,D1_D4_MD5,C,SE	: 	: 	: 	0.1 	8.3 	-1.9 	-4 	5 
A,RT_PRE_EUR,D1_D4_MD5,C,SI	: 	: 	: 	1.6 	6.6 	8.3 	10.4 	6.7 
A,RT_PRE_EUR,D1_D4_MD5,C,SK	: 	: 	: 	4.8 	6.2 	10.3 	7.6 	7.5 
A,RT_PRE_EUR,D1_D4_MD5,C,TR	: 	: 	: 	-8.4 	-7.4 	4.9 	46.5 	39.5 
A,RT_PRE_EUR,D1_D4_MD5,D,AT	: 	: 	5 	2.6 	-0.4 	5.8 	6.4 p	5.4 p
A,RT_PRE_EUR,D1_D4_MD5,D,BE	: 	: 	: 	2.1 	1.6 	8.6 	4.7 	2.9 
A,RT_PRE_EUR,D1_D4_MD5,D,BG	: 	: 	: 	6.2 	2.1 	19.9 	12.5 	8.9 
A,RT_PRE_EUR,D1_D4_MD5,D,CY	: 	: 	-0.1 	13.7 	3.3 	7.7 	6.8 	3.6 
A,RT_PRE_EUR,D1_D4_MD5,D,CZ	: 	: 	: 	4.9 	8.2 	11.9 	15.3 	1.1 
A,RT_PRE_EUR,D1_D4_MD5,D,DE	: 	: 	: 	-0.1 	-0.8 	8.1 	6.7 	2.2 
A,RT_PRE_EUR,D1_D4_MD5,D,DK	: 	: 	2.4 	0.3 	7.5 	8.6 	5.4 	5.1 
A,RT_PRE_EUR,D1_D4_MD5,D,EA19	: 	: 	: 	1.5 	0.7 	5.4 	6 	2.8 
A,RT_PRE_EUR,D1_D4_MD5,D,EA20	: 	: 	: 	: 	0.7 d	5.4 	6 	2.9 
A,RT_PRE_EUR,D1_D4_MD5,D,EE	: 	: 	: 	4.1 	2.9 	10.6 	14.5 	10.1 
A,RT_PRE_EUR,D1_D4_MD5,D,EL	: 	: 	: 	2.3 	3.6 	4.9 	8.1 	-7.6 
A,RT_PRE_EUR,D1_D4_MD5,D,ES	: 	: 	1.6 	2 	5.5 	-1.2 	2 	-0.1 
A,RT_PRE_EUR,D1_D4_MD5,D,EU27_2020	: 	: 	: 	1.9 	1.3 	6 	6.9 	3.7 
A,RT_PRE_EUR,D1_D4_MD5,D,FI	-22.1 p	2.4 p	4.8 p	-4.7 p	6.6 p	4.0 p	-3.0 p	5.2 p
A,RT_PRE_EUR,D1_D4_MD5,D,FR	: 	: 	: 	3.2 	1.6 	2.3 	7 	2.3 
A,RT_PRE_EUR,D1_D4_MD5,D,HR	: 	: 	: 	-1.8 	4.2 	3.8 	5.8 	18.2 
A,RT_PRE_EUR,D1_D4_MD5,D,HU	: 	: 	: 	-2.1 	0.1 	-3.1 	19.8 	8.3 
A,RT_PRE_EUR,D1_D4_MD5,D,IE	: 	: 	: 	3.4 	3.6 	3.2 	2 	15 
A,RT_PRE_EUR,D1_D4_MD5,D,IS	: 	16.4 p	32.9 p	1.0 p	-0.1 p	13.7 p	4.4 p	6.4 p
A,RT_PRE_EUR,D1_D4_MD5,D,IT	: 	: 	: 	0 	0.4 	2.8 	1.2 	3.6 
A,RT_PRE_EUR,D1_D4_MD5,D,LT	: 	: 	: 	10.3 	8.1 	11.7 	13.4 	11.3 
A,RT_PRE_EUR,D1_D4_MD5,D,LU	: 	: 	: 	-1.2 	1.3 	4.2 	6.2 	2.7 
A,RT_PRE_EUR,D1_D4_MD5,D,LV	: 	: 	: 	1.5 	7.2 	9.8 	17.2 	8.5 
A,RT_PRE_EUR,D1_D4_MD5,D,MT	: 	: 	: 	7 	5.7 	1.6 	7.8 	11.2 
A,RT_PRE_EUR,D1_D4_MD5,D,NL	: 	: 	: 	3.7 	1.5 	4.6 	10 	: @C
A,RT_PRE_EUR,D1_D4_MD5,D,NO	: 	: 	: 	-6 	10.7 	4.7 	-3.9 	4.7 
A,RT_PRE_EUR,D1_D4_MD5,D,PL	: 	: 	: 	1.7 	2.3 	8.7 	17.8 	15.6 
A,RT_PRE_EUR,D1_D4_MD5,D,PT	: 	: 	: 	0.9 	-7.7 	19 	-0.2 	1.6 
A,RT_PRE_EUR,D1_D4_MD5,D,RO	: 	: 	: 	9.5 	4.7 	16.4 	17.7 	8.7 
A,RT_PRE_EUR,D1_D4_MD5,D,RS	: 	: 	: 	10.9 	3 	4.1 	8.4 	9.4 
A,RT_PRE_EUR,D1_D4_MD5,D,SE	: 	: 	: 	0.2 	8.3 	-1.7 	-4.7 	5.4 
A,RT_PRE_EUR,D1_D4_MD5,D,SI	: 	: 	: 	-0.7 	5.1 	7.8 	10.2 	3.3 
A,RT_PRE_EUR,D1_D4_MD5,D,SK	: 	: 	: 	8.3 	1.7 	6.4 	11.4 	10.6 
A,RT_PRE_EUR,D1_D4_MD5,D,TR	: 	: 	: 	-7.7 	-7.9 	5.2 	38.5 	39.1 
A,RT_PRE_EUR,D1_D4_MD5,E,AT	: 	: 	-4.2 	4.4 	-1.6 	6.1 	7.6 p	7.9 p
A,RT_PRE_EUR,D1_D4_MD5,E,BE	: 	: 	: 	1.2 	1.2 	5.8 	8.9 	2.1 
A,RT_PRE_EUR,D1_D4_MD5,E,BG	: 	: 	: 	9.7 	3.9 	11.5 	14.5 	14.3 
A,RT_PRE_EUR,D1_D4_MD5,E,CY	: 	: 	: 	0.4 	3.4 	3.3 	5.4 	3.9 
A,RT_PRE_EUR,D1_D4_MD5,E,CZ	: 	: 	: 	2.1 	7.5 	9.6 	12 	3 
A,RT_PRE_EUR,D1_D4_MD5,E,DE	: 	: 	: 	2.4 	2 	7.2 	6.4 	1 
A,RT_PRE_EUR,D1_D4_MD5,E,DK	: 	: 	: @C	: @C	: @C	: @C	: @C	: @C
A,RT_PRE_EUR,D1_D4_MD5,E,EA19	: 	: 	: 	2.6 	0.5 	5.3 	4.8 	3.3 
A,RT_PRE_EUR,D1_D4_MD5,E,EA20	: 	: 	: 	: 	0.5 	5.3 	4.9 	3.4 
A,RT_PRE_EUR,D1_D4_MD5,E,EE	: 	: 	: 	2.7 	6.3 	8.5 	12.9 	5.9 
A,RT_PRE_EUR,D1_D4_MD5,E,EL	: 	: 	: 	1.1 	-0.8 	4.1 	4.2 	16.3 
A,RT_PRE_EUR,D1_D4_MD5,E,ES	: 	: 	-0.3 	3.9 	1.4 	5.3 	3.2 	3.8 
A,RT_PRE_EUR,D1_D4_MD5,E,EU27_2020	: 	: 	: 	2.8 	1.2 	5.7 	5.6 	4.5 
A,RT_PRE_EUR,D1_D4_MD5,E,FI	-10.2 p	2.2 p	4.5 p	8.9 p	-5.6 p	3.8 p	3.1 p	3.9 p
A,RT_PRE_EUR,D1_D4_MD5,E,FR	: 	: 	: 	5.2 	-1 	2.8 	4.1 	3.2 
A,RT_PRE_EUR,D1_D4_MD5,E,HR	: 	: 	: 	-0.7 	1.8 	6.9 	11.2 	15 
A,RT_PRE_EUR,D1_D4_MD5,E,HU	: 	: 	: 	-2 	3 	2.1 	21.3 	14 
A,RT_PRE_EUR,D1_D4_MD5,E,IE	: 	: 	: 	1.1 	3.6 	13.9 	11.1 	5.5 
A,RT_PRE_EUR,D1_D4_MD5,E,IS	: 	5.7 p	20.3 p	-9.6 p	12.1 p	14.9 p	3.7 p	6.0 p
A,RT_PRE_EUR,D1_D4_MD5,E,IT	: 	: 	: 	-0.2 	-2.3 	3.4 	1.2 	3.5 
A,RT_PRE_EUR,D1_D4_MD5,E,LT	: 	: 	: 	7.1 	8.7 	9.9 	16.3 	10.8 
A,RT_PRE_EUR,D1_D4_MD5,E,LU	: 	: 	: 	0.7 	1.7 	4 	7.9 	3.2 
A,RT_PRE_EUR,D1_D4_MD5,E,LV	: 	: 	: 	5.2 	0.5 	13.6 	13.1 	13.2 
A,RT_PRE_EUR,D1_D4_MD5,E,MT	: 	: 	: 	3.2 	3.4 	1.1 	3 	2 
A,RT_PRE_EUR,D1_D4_MD5,E,NL	: 	: 	: 	0.9 	1.7 	6.5 	5.5 	: @C
A,RT_PRE_EUR,D1_D4_MD5,E,NO	: 	: 	: 	-6.1 	6.3 	1.6 	-6.8 	4.9 
A,RT_PRE_EUR,D1_D4_MD5,E,PL	: 	: 	: 	1.3 	4.4 	7.5 	14.4 	18.8 
A,RT_PRE_EUR,D1_D4_MD5,E,PT	: 	: 	: 	6.7 	2.3 	6.1 	4.2 	8.9 
A,RT_PRE_EUR,D1_D4_MD5,E,RO	: 	: 	: 	6.3 	2.3 	11.7 	17 	15 
A,RT_PRE_EUR,D1_D4_MD5,E,RS	: 	: 	: 	14.5 	11.1 	11.6 	13.2 	14.9 
A,RT_PRE_EUR,D1_D4_MD5,E,SE	: 	: 	: 	0.2 	8.6 	-2.1 	-4.6 	5.5 
A,RT_PRE_EUR,D1_D4_MD5,E,SI	: 	: 	: 	1.6 	5.6 	7.4 	12 	6.8 
A,RT_PRE_EUR,D1_D4_MD5,E,SK	: 	: 	: 	6.6 	5 	8.2 	9.1 	7.6 
A,RT_PRE_EUR,D1_D4_MD5,E,TR	: 	: 	: 	-8.7 	-12.6 	-6.9 	29.9 	49 
A,RT_PRE_EUR,D1_D4_MD5,F,AT	: 	: 	4.2 	4 	0.7 	5.5 	3.5 p	8.8 p
A,RT_PRE_EUR,D1_D4_MD5,F,BE	: 	: 	: 	1.5 	1 	5.8 	8.6 	2.3 
A,RT_PRE_EUR,D1_D4_MD5,F,BG	: 	: 	: 	2.9 	10.4 	11.3 	16.7 	17.2 
A,RT_PRE_EUR,D1_D4_MD5,F,CY	: 	: 	: 	-2.3 	2.7 	3.2 	4.1 	4.6 
A,RT_PRE_EUR,D1_D4_MD5,F,CZ	: 	: 	: 	1 	8.5 	6.5 	12.1 	1.8 
A,RT_PRE_EUR,D1_D4_MD5,F,DE	: 	: 	: 	2.9 	3.1 	7.6 	4.2 	5.8 
A,RT_PRE_EUR,D1_D4_MD5,F,DK	: 	: 	1.4 	0.3 	5.5 	1.9 	2.8 	2.8 
A,RT_PRE_EUR,D1_D4_MD5,F,EA19	: 	: 	: 	3.1 	1.2 	5.7 	4.7 	5 
A,RT_PRE_EUR,D1_D4_MD5,F,EA20	: 	: 	: 	: 	1.2 	5.7 	4.7 	5 
A,RT_PRE_EUR,D1_D4_MD5,F,EE	: 	: 	: 	2.5 	6.7 	5.1 	4.9 	5.9 
A,RT_PRE_EUR,D1_D4_MD5,F,EL	: 	: 	: 	5 	-3.2 	9.2 	8.9 	10.1 
A,RT_PRE_EUR,D1_D4_MD5,F,ES	: 	: 	-1.1 	2.5 	0 	2.6 	4.5 	2.5 
A,RT_PRE_EUR,D1_D4_MD5,F,EU27_2020	: 	: 	: 	3 	1.7 	5.9 	5.2 	5.4 
A,RT_PRE_EUR,D1_D4_MD5,F,FI	8.3 p	4.6 p	0.1 p	-0.8 p	4.8 p	2.6 p	1.1 p	3.8 p
A,RT_PRE_EUR,D1_D4_MD5,F,FR	: 	: 	: 	3.8 	-0.7 	3.6 	3.7 	3.2 
A,RT_PRE_EUR,D1_D4_MD5,F,HR	: 	: 	: 	-2.6 	3.7 	9.2 	17.1 	10.8 
A,RT_PRE_EUR,D1_D4_MD5,F,HU	: 	: 	: 	1.6 	4.9 	5.5 	19.7 	10.8 
A,RT_PRE_EUR,D1_D4_MD5,F,IE	: 	: 	: 	-6.4 	4 	23.9 	5.1 	7.4 
A,RT_PRE_EUR,D1_D4_MD5,F,IS	: 	11.3 p	26.5 p	5.1 p	-4.4 p	13.7 p	4.4 p	7.5 p
A,RT_PRE_EUR,D1_D4_MD5,F,IT	: 	: 	: 	1.3 	0 	3.7 	3.6 	5.2 
A,RT_PRE_EUR,D1_D4_MD5,F,LT	: 	: 	: 	8.1 	13.5 	10 	16.5 	12.7 
A,RT_PRE_EUR,D1_D4_MD5,F,LU	: 	: 	: 	1.1 	1.3 	5.4 	6.8 	3.3 
A,RT_PRE_EUR,D1_D4_MD5,F,LV	: 	: 	: 	9.9 	-0.6 	4.9 	7.7 	13.9 
A,RT_PRE_EUR,D1_D4_MD5,F,MT	: 	: 	: 	0.8 	5.4 	2.2 	3.9 	2.3 
A,RT_PRE_EUR,D1_D4_MD5,F,NL	: 	: 	: 	7 	-2 	4.1 	5 	5.2 
A,RT_PRE_EUR,D1_D4_MD5,F,NO	: 	: 	: 	-5.7 	6.2 	1.2 	-4.7 	3.5 
A,RT_PRE_EUR,D1_D4_MD5,F,PL	: 	: 	: 	0.8 	4.5 	8.2 	11.8 	20 
A,RT_PRE_EUR,D1_D4_MD5,F,PT	: 	: 	: 	3.2 	6.4 	5.8 	5.7 	7.4 
A,RT_PRE_EUR,D1_D4_MD5,F,RO	: 	: 	: 	3.3 	2.3 	11.5 	24.4 	15.7 
A,RT_PRE_EUR,D1_D4_MD5,F,RS	: 	: 	: 	1.7 	13.7 	16.9 	13.9 	14.9 
A,RT_PRE_EUR,D1_D4_MD5,F,SE	: 	: 	: 	1.0 	7.4 	0.3 	-3.4 	5 
A,RT_PRE_EUR,D1_D4_MD5,F,SI	: 	: 	: 	4.2 	7.2 	7.3 	10.2 	10 
A,RT_PRE_EUR,D1_D4_MD5,F,SK	: 	: 	: 	-1.5 	4.1 	15.6 	9.9 	11.1 
A,RT_PRE_EUR,D1_D4_MD5,F,TR	: 	: 	: 	-12.6 	-10.8 	3.6 	44.8 	36 
A,RT_PRE_EUR,D1_D4_MD5,G,AT	: 	: 	1.4 	4.5 	1.1 	4.7 	0.9 p	10.7 p
A,RT_PRE_EUR,D1_D4_MD5,G,BE	: 	: 	: 	1.4 	1.3 	5.9 	8.7 	2 
A,RT_PRE_EUR,D1_D4_MD5,G,BG	: 	: 	: 	8.6 	6.8 	16.9 	13.5 	15.7 
A,RT_PRE_EUR,D1_D4_MD5,G,CY	: 	: 	: 	-3.7 	1.3 	7.5 	4.5 	5 
A,RT_PRE_EUR,D1_D4_MD5,G,CZ	: 	: 	: 	1.2 	9 	9.1 	9.5 	0.9 
A,RT_PRE_EUR,D1_D4_MD5,G,DE	: 	: 	: 	3.9 	1.4 	5.6 	5.4 	3.8 
A,RT_PRE_EUR,D1_D4_MD5,G,DK	: 	: 	-0.5 	0.8 	4 	2.9 	2.3 	3.3 
A,RT_PRE_EUR,D1_D4_MD5,G,EA19	: 	: 	: 	3.6 	1.1 	4.4 	5.3 	4 
A,RT_PRE_EUR,D1_D4_MD5,G,EA20	: 	: 	: 	: 	1.1 	4.4 	5.3 	4 
A,RT_PRE_EUR,D1_D4_MD5,G,EE	: 	: 	: 	-8.6 	10.2 	7.8 	9.4 	6 
A,RT_PRE_EUR,D1_D4_MD5,G,EL	: 	: 	: 	1.8 	-1 	2.2 	9 	6.2 
A,RT_PRE_EUR,D1_D4_MD5,G,ES	: 	: 	-2 	2.2 	0.3 	4.3 	6.3 	4.6 
A,RT_PRE_EUR,D1_D4_MD5,G,EU27_2020	: 	: 	: 	3.7 	1.7 	4.8 	5.7 	4.6 
A,RT_PRE_EUR,D1_D4_MD5,G,FI	1.4 p	5.3 p	2.0 p	-1.7 p	6.3 p	2.6 p	1.1 p	1.3 p
A,RT_PRE_EUR,D1_D4_MD5,G,FR	: 	: 	: 	2.9 	0.6 	3.2 	3.9 	2.6 
A,RT_PRE_EUR,D1_D4_MD5,G,HR	: 	: 	: 	-3.3 	3.2 	10.5 	14.4 	12.7 
A,RT_PRE_EUR,D1_D4_MD5,G,HU	: 	: 	: 	0.9 	4.6 	4 	19.1 	7.2 
A,RT_PRE_EUR,D1_D4_MD5,G,IE	: 	: 	: 	-4.5 	3.6 	10.1 	4.7 	5.9 
A,RT_PRE_EUR,D1_D4_MD5,G,IS	: 	6.1 p	20.9 p	-11.4 p	17.5 p	13.6 p	2.7 p	6.4 p
A,RT_PRE_EUR,D1_D4_MD5,G,IT	: 	: 	: 	6 	-1.5 	1.2 	2.1 	2.6 
A,RT_PRE_EUR,D1_D4_MD5,G,LT	: 	: 	: 	6.3 	17.3 	13.5 	9.5 	9.7 
A,RT_PRE_EUR,D1_D4_MD5,G,LU	: 	: 	: 	1.4 	1.3 	3.9 	7.4 	1.8 
A,RT_PRE_EUR,D1_D4_MD5,G,LV	: 	: 	: 	6.3 	4.9 	7 	12.2 	13.1 
A,RT_PRE_EUR,D1_D4_MD5,G,MT	: 	: 	: 	-8.9 	6.6 	7.3 	5.6 	9.6 
A,RT_PRE_EUR,D1_D4_MD5,G,NL	: 	: 	: 	1.7 	3 	4.7 	6.8 	: @C
A,RT_PRE_EUR,D1_D4_MD5,G,NO	: 	: 	: 	-5.7 	12.3 	1.2 	-5.6 	3.5 
A,RT_PRE_EUR,D1_D4_MD5,G,PL	: 	: 	: 	2.6 	5.8 	8.9 	14.5 	16.9 
A,RT_PRE_EUR,D1_D4_MD5,G,PT	: 	: 	: 	8.1 	3.4 	6.7 	5.8 	5.5 
A,RT_PRE_EUR,D1_D4_MD5,G,RO	: 	: 	: 	6.6 	5.1 	14.9 	14.7 	14.2 
A,RT_PRE_EUR,D1_D4_MD5,G,RS	: 	: 	: 	5 	12.9 	19 	15.6 	14 
A,RT_PRE_EUR,D1_D4_MD5,G,SE	: 	: 	: 	2.5 	6.5 	-1.8 	-3.6 	6 
A,RT_PRE_EUR,D1_D4_MD5,G,SI	: 	: 	: 	3.9 	6.1 	7.7 	10.1 	7.6 
A,RT_PRE_EUR,D1_D4_MD5,G,SK	: 	: 	: 	5.4 	7.4 	11.8 	8.8 	7.1 
A,RT_PRE_EUR,D1_D4_MD5,G,TR	: 	: 	: 	-8.9 	-5.4 	3.1 	46.2 	33.3 
A,RT_PRE_EUR,D1_D4_MD5,G-J,MT	: 	: 	: 	2.7 	1.4 	0.3 	4.0 	: 
A,RT_PRE_EUR,D1_D4_MD5,G-N,AT	: 	: 	-1.3 	7.6 	0.3 	4.6 	5.6 p	8.6 p
A,RT_PRE_EUR,D1_D4_MD5,G-N,BE	: 	: 	: 	1.5 	1.1 	5.7 	8.7 	2.1 
A,RT_PRE_EUR,D1_D4_MD5,G-N,BG	: 	: 	: 	7.1 	7.2 	15.8 	13.5 	14.1 
A,RT_PRE_EUR,D1_D4_MD5,G-N,CY	: 	: 	: 	-2 	1 	10.3 	5.9 	5.7 
A,RT_PRE_EUR,D1_D4_MD5,G-N,CZ	: 	: 	: 	1.4 	-1.9 	7.5 	11.4 	1.8 
A,RT_PRE_EUR,D1_D4_MD5,G-N,DE	: 	: 	: 	2.6 	1.5 	7.6 	4.9 	5 
A,RT_PRE_EUR,D1_D4_MD5,G-N,DK	: 	: 	0 	1 	1.7 	2.5 	2.7 	3.1 
A,RT_PRE_EUR,D1_D4_MD5,G-N,EA19	: 	: 	: 	2.7 	1.2 	5.4 	5.2 	4.3 
A,RT_PRE_EUR,D1_D4_MD5,G-N,EA20	: 	: 	: 	: 	1.2 	5.4 	5.2 	4.4 
A,RT_PRE_EUR,D1_D4_MD5,G-N,EE	: 	: 	: 	0.6 	7.1 	8.9 	12.6 	6.8 
A,RT_PRE_EUR,D1_D4_MD5,G-N,EL	: 	: 	: 	4.6 	1.7 	9.9 	9.8 	7.7 
A,RT_PRE_EUR,D1_D4_MD5,G-N,ES	: 	: 	-0.7 	5.5 	-0.3 	1.5 	5.4 	4.8 
A,RT_PRE_EUR,D1_D4_MD5,G-N,EU27_2020	: 	: 	: 	2.8 	1.5 	5.7 	5.6 	4.8 
A,RT_PRE_EUR,D1_D4_MD5,G-N,FI	-1.6 p	1.2 p	2.3 p	0.8 p	4.5 p	1.4 p	4.1 p	1.5 p
A,RT_PRE_EUR,D1_D4_MD5,G-N,FR	: 	: 	: 	2.1 	1 	4.2 	3.8 	2.9 
A,RT_PRE_EUR,D1_D4_MD5,G-N,HR	: 	: 	: 	-5.4 	2.4 	10 	13.9 	10.9 
A,RT_PRE_EUR,D1_D4_MD5,G-N,HU	: 	: 	: 	-0.7 	3.4 	4 	19.2 	8.4 
A,RT_PRE_EUR,D1_D4_MD5,G-N,IE	: 	: 	: 	-4.1 	4 	10.1 	6.5 	6.3 
A,RT_PRE_EUR,D1_D4_MD5,G-N,IS	: 	5.8 p	16.3 p	-6.6 p	11.3 p	11.3 p	2.7 p	6.8 p
A,RT_PRE_EUR,D1_D4_MD5,G-N,IT	: 	: 	: 	5.2 	-1.1 	1.3 	2.4 	2.3 
A,RT_PRE_EUR,D1_D4_MD5,G-N,LT	: 	: 	: 	6 	12.2 	14.5 	12.4 	9.3 
A,RT_PRE_EUR,D1_D4_MD5,G-N,LU	: 	: 	: 	0.9 	2.5 	5.4 	6.3 	2 
A,RT_PRE_EUR,D1_D4_MD5,G-N,LV	: 	: 	: 	5.1 	3.8 	8.2 	11.9 	12.6 
A,RT_PRE_EUR,D1_D4_MD5,G-N,MT	: 	: 	: 	-7.5 	2.2 	10.5 	6 	1.2 
A,RT_PRE_EUR,D1_D4_MD5,G-N,NL	: 	: 	: 	0 	2.2 	5.6 	7 	5 
A,RT_PRE_EUR,D1_D4_MD5,G-N,NO	: 	: 	: 	-5.8 	10.8 	2.1 	-4.9 	4.5 
A,RT_PRE_EUR,D1_D4_MD5,G-N,PL	: 	: 	: 	1.7 	5.3 	10.9 	16.2 	16.6 
A,RT_PRE_EUR,D1_D4_MD5,G-N,PT	: 	: 	: 	8.2 	1.3 	4.7 	5.5 	5.9 
A,RT_PRE_EUR,D1_D4_MD5,G-N,RO	: 	: 	: 	6.2 	4.4 	14.8 	15.7 	12.6 
A,RT_PRE_EUR,D1_D4_MD5,G-N,RS	: 	: 	: 	7.7 	11.8 	21.1 	13.6 	13 
A,RT_PRE_EUR,D1_D4_MD5,G-N,SE	: 	: 	: 	2.0 	7.7 	-1.3 	-4.2 	5 
A,RT_PRE_EUR,D1_D4_MD5,G-N,SI	: 	: 	: 	2 	6.1 	7.6 	10.3 	7.6 
A,RT_PRE_EUR,D1_D4_MD5,G-N,SK	: 	: 	: 	6.7 	4.6 	11.4 	8.7 	7 
A,RT_PRE_EUR,D1_D4_MD5,H,AT	: 	: 	4.9 	2.8 	1.5 	8.2 	9.3 p	4.9 p
A,RT_PRE_EUR,D1_D4_MD5,H,BE	: 	: 	: 	1.1 	1.3 	6.3 	8 	2.1 
A,RT_PRE_EUR,D1_D4_MD5,H,BG	: 	: 	: 	5.9 	3.1 	15.6 	18.2 	15 
A,RT_PRE_EUR,D1_D4_MD5,H,CY	: 	: 	: 	6.1 	-6.3 	7.4 	3.4 	10.1 
A,RT_PRE_EUR,D1_D4_MD5,H,CZ	: 	: 	: 	1.8 	5.2 	10.5 	10.3 	2.3 
A,RT_PRE_EUR,D1_D4_MD5,H,DE	: 	: 	: 	3 	1.4 	5 	8.2 	4.5 
A,RT_PRE_EUR,D1_D4_MD5,H,DK	: 	: 	0.6 	0.9 	3.8 	2.9 	2.5 	1.9 
A,RT_PRE_EUR,D1_D4_MD5,H,EA19	: 	: 	: 	2.3 	0.5 	5.2 	6.5 	4 
A,RT_PRE_EUR,D1_D4_MD5,H,EA20	: 	: 	: 	: 	0.5 	5.2 	6.6 	4.1 
A,RT_PRE_EUR,D1_D4_MD5,H,EE	: 	: 	: 	4.8 	1.9 	13.7 	5.7 	6.9 
A,RT_PRE_EUR,D1_D4_MD5,H,EL	: 	: 	: 	4.3 	4.1 	8.8 	5.2 	12.2 
A,RT_PRE_EUR,D1_D4_MD5,H,ES	: 	: 	1.6 	3.8 	-3.7 	3.9 	5 	4.2 
A,RT_PRE_EUR,D1_D4_MD5,H,EU27_2020	: 	: 	: 	2.4 	0.9 	5.9 	7.1 	4.6 
A,RT_PRE_EUR,D1_D4_MD5,H,FI	0.3 p	-0.3 p	-0.5 p	2.1 p	-0.3 p	4.6 p	3.7 p	0.3 p
A,RT_PRE_EUR,D1_D4_MD5,H,FR	: 	: 	: 	0.6 	1.5 	5.7 	4.7 	3.8 
A,RT_PRE_EUR,D1_D4_MD5,H,HR	: 	: 	: 	-7.3 	-3.3 	9.2 	14.6 	10.5 
A,RT_PRE_EUR,D1_D4_MD5,H,HU	: 	: 	: 	0.7 	1.5 	4.5 	17.1 	11 
A,RT_PRE_EUR,D1_D4_MD5,H,IE	: 	: 	: 	-11 	-4.3 	16 	3.3 	3.7 
A,RT_PRE_EUR,D1_D4_MD5,H,IS	: 	8.9 p	12.0 p	-6.3 p	7.8 p	12.8 p	4.2 p	7.2 p
A,RT_PRE_EUR,D1_D4_MD5,H,IT	: 	: 	: 	4.3 	-0.9 	-0.1 	4 	2 
A,RT_PRE_EUR,D1_D4_MD5,H,LT	: 	: 	: 	6.9 	3.4 	11.2 	14.5 	8.8 
A,RT_PRE_EUR,D1_D4_MD5,H,LU	: 	: 	: 	1 	4.4 	7.3 	7.3 	-1.6 
A,RT_PRE_EUR,D1_D4_MD5,H,LV	: 	: 	: 	2.6 	0.4 	9 	14 	15.7 
A,RT_PRE_EUR,D1_D4_MD5,H,MT	: 	: 	: 	-10.9 	0.8 	39.4 	-0.1 	-5.9 
A,RT_PRE_EUR,D1_D4_MD5,H,NL	: 	: 	: 	-0.8 	-1.1 	8 	9.3 	: @C
A,RT_PRE_EUR,D1_D4_MD5,H,NO	: 	: 	: 	-5.8 	10.7 	4.5 	-4.9 	5.4 
A,RT_PRE_EUR,D1_D4_MD5,H,PL	: 	: 	: 	-0.5 	3.2 	20.2 	19.8 	16 
A,RT_PRE_EUR,D1_D4_MD5,H,PT	: 	: 	: 	1.4 	2.8 	2.5 	4.3 	5.1 
A,RT_PRE_EUR,D1_D4_MD5,H,RO	: 	: 	: 	7.5 	2.8 	12.5 	20 	14.2 
A,RT_PRE_EUR,D1_D4_MD5,H,RS	: 	: 	: 	6.5 	6.1 	17.6 	15.2 	15.1 
A,RT_PRE_EUR,D1_D4_MD5,H,SE	: 	: 	: 	0.5 	7.9 	-1.9 	-3.4 	4.1 
A,RT_PRE_EUR,D1_D4_MD5,H,SI	: 	: 	: 	-0.9 	5.4 	9.2 	10 	9.2 
A,RT_PRE_EUR,D1_D4_MD5,H,SK	: 	: 	: 	7.6 	0.6 	14.7 	8.2 	8.5 
A,RT_PRE_EUR,D1_D4_MD5,H,TR	: 	: 	: 	-15.1 	-10.7 	11.2 	40.3 	36 
A,RT_PRE_EUR,D1_D4_MD5,I,AT	: 	: 	-8.1 	11.6 	-3.2 	12.1 	6.3 p	5.9 p
A,RT_PRE_EUR,D1_D4_MD5,I,BE	4.6 	3 	1.6 	1.6 	1 	3.4 	11 	1.8 
A,RT_PRE_EUR,D1_D4_MD5,I,BG	23.9 	15.1 	6.2 	6.3 	6.7 	19.5 	19.2 	18.8 
A,RT_PRE_EUR,D1_D4_MD5,I,CY	5.7 	-4 	-1.7 	-14.1 	7 	29.7 	0.5 	5.7 
A,RT_PRE_EUR,D1_D4_MD5,I,CZ	9.5 	-1.8 	5.4 	3 	-41.4 	95.3 	9.8 	3.1 
A,RT_PRE_EUR,D1_D4_MD5,I,DE	0.9 	4.3 	2.7 	7.2 	2.5 	11.1 	8 	4.6 
A,RT_PRE_EUR,D1_D4_MD5,I,DK	: 	: 	-0.1 	1.1 	: @C	: @C	2.3 	3.1 
A,RT_PRE_EUR,D1_D4_MD5,I,EA19	2.5 	1.5 	1.4 	3.5 	-0.5 	8.9 	6.8 	4.2 
A,RT_PRE_EUR,D1_D4_MD5,I,EA20	: 	: 	: 	: 	-0.5 	9 	6.9 	4.2 
A,RT_PRE_EUR,D1_D4_MD5,I,EE	18.8 	6.2 	9.9 	3 	-1.2 	14 	17.7 	3.9 
A,RT_PRE_EUR,D1_D4_MD5,I,EL	2.5 	-1.5 	9.4 	9.7 	3.9 	24.7 	19.5 	16.5 
A,RT_PRE_EUR,D1_D4_MD5,I,ES	: 	: 	-0.9 	3.7 	-4.6 	7.4 	4.7 	4.6 
A,RT_PRE_EUR,D1_D4_MD5,I,EU27_2020	2.6 	1.6 	1.6 	3.4 	-3.2 	8.2 	7 	4.7 
A,RT_PRE_EUR,D1_D4_MD5,I,FI	5.9 p	2.1 p	0.1 p	2.2 p	5.8 p	1.1 p	3.0 p	3.3 p
A,RT_PRE_EUR,D1_D4_MD5,I,FR	2.5 	2.4 	0.1 	-3.5 	4.1 	8.1 	4.3 	2.4 
A,RT_PRE_EUR,D1_D4_MD5,I,HR	: 	: 	: 	-6.6 	2 	11.4 	15.2 	11.5 
A,RT_PRE_EUR,D1_D4_MD5,I,HU	6.9 	7.7 	4.3 	-1.7 	-1.9 	14.1 	22.5 	10.2 
A,RT_PRE_EUR,D1_D4_MD5,I,IE	: @C	: @C	: @C	: @C	: @C	: @C	: @C	: @C
A,RT_PRE_EUR,D1_D4_MD5,I,IS	: 	6.1 p	19.6 p	-18.8 p	26.8 p	14.4 p	3.5 p	7.5 p
A,RT_PRE_EUR,D1_D4_MD5,I,IT	5.9 	-1.6 	1.5 	9.5 	-2.3 	-1.2 	3.3 	1.8 
A,RT_PRE_EUR,D1_D4_MD5,I,LT	22.7 	1.7 	13.5 	-3.8 	17.9 	19.6 	11.1 	9.1 
A,RT_PRE_EUR,D1_D4_MD5,I,LU	2.6 	2.1 	0.7 	6.2 	2.9 	0.2 	7.9 	2.2 
A,RT_PRE_EUR,D1_D4_MD5,I,LV	24.5 	6.1 	9.2 	6 	-9 	11.7 	10.6 	16 
A,RT_PRE_EUR,D1_D4_MD5,I,MT	-4.5 	-1.0 	-4.5 	-55.6 	24 	32.9 	27 	14.9 
A,RT_PRE_EUR,D1_D4_MD5,I,NL	2.1 	2.6 	0.3 	2.1 	-13 	9.4 	10.5 	: @C
A,RT_PRE_EUR,D1_D4_MD5,I,NO	: 	: 	: 	-5.3 	11.7 	-7.1 	-3.4 	6.4 
A,RT_PRE_EUR,D1_D4_MD5,I,PL	17.7 	1.3 	3.5 	3.1 	3.8 	8.5 	16.3 	19.3 
A,RT_PRE_EUR,D1_D4_MD5,I,PT	2.5 	-8.8 	0.4 	11 	8.7 	-4.2 	2.9 	6.1 
A,RT_PRE_EUR,D1_D4_MD5,I,RO	1.5 	-5.5 	15.9 	-3.1 	2.5 	16 	15.6 	21.2 
A,RT_PRE_EUR,D1_D4_MD5,I,RS	: 	: 	: 	1.4 	-12.4 	21.6 	12.6 	15.9 
A,RT_PRE_EUR,D1_D4_MD5,I,SE	-2.5 	7.2 	2.7 	1.1 	6.6 	-1.9 	-3 	6 
A,RT_PRE_EUR,D1_D4_MD5,I,SI	5 	-0.7 	0.1 	-0.8 	9.5 	7.7 	12.4 	7.7 
A,RT_PRE_EUR,D1_D4_MD5,I,SK	12.7 	3.7 	7.6 	2.8 	11.1 	4 	9.7 	10.1 
A,RT_PRE_EUR,D1_D4_MD5,I,TR	: 	: 	: 	-12.7 	-9.6 	14 	45.5 	33 
A,RT_PRE_EUR,D1_D4_MD5,J,AT	: 	: 	2.7 	6.7 	-3.4 	7.2 	6.2 p	10.4 p
A,RT_PRE_EUR,D1_D4_MD5,J,BE	: 	: 	: 	1.5 	1.1 	4.4 	10.2 	1.6 
A,RT_PRE_EUR,D1_D4_MD5,J,BG	: 	: 	: 	8 	10.2 	14.5 	11.6 	10.3 
A,RT_PRE_EUR,D1_D4_MD5,J,CY	: 	: 	: 	1.4 	1.7 	13.7 	12.5 	4.8 
A,RT_PRE_EUR,D1_D4_MD5,J,CZ	: 	: 	: 	3 	8 	11.2 	14.3 	1.1 
A,RT_PRE_EUR,D1_D4_MD5,J,DE	: 	: 	: 	1.4 	3.2 	4.4 	4.8 	4.8 
A,RT_PRE_EUR,D1_D4_MD5,J,DK	: 	: 	-0.5 	0.4 	3.7 	2.6 	2.1 	3.4 
A,RT_PRE_EUR,D1_D4_MD5,J,EA19	: 	: 	: 	2 	3.3 	3.3 	5 	4.6 
A,RT_PRE_EUR,D1_D4_MD5,J,EA20	: 	: 	: 	: 	3.3 	3.3 	5 	4.6 
A,RT_PRE_EUR,D1_D4_MD5,J,EE	: 	: 	: 	8.7 	9.2 	8.4 	14 	10.6 
A,RT_PRE_EUR,D1_D4_MD5,J,EL	: 	: 	: 	7.8 	3.8 	8.8 	14.2 	5.3 
A,RT_PRE_EUR,D1_D4_MD5,J,ES	: 	: 	-1.4 	2.1 	4.4 	-1.2 	7 	5.6 
A,RT_PRE_EUR,D1_D4_MD5,J,EU27_2020	: 	: 	: 	2.3 	3.8 	4 	5.4 	4.9 
A,RT_PRE_EUR,D1_D4_MD5,J,FI	11.3 p	3.8 p	0.8 p	-0.6 p	3.7 p	0.0 p	4.5 p	2.6 p
A,RT_PRE_EUR,D1_D4_MD5,J,FR	: 	: 	: 	2.4 	2.1 	2 	2.5 	2.9 
A,RT_PRE_EUR,D1_D4_MD5,J,HR	: 	: 	: 	-7.2 	6.6 	11.8 	11.5 	7.1 
A,RT_PRE_EUR,D1_D4_MD5,J,HU	: 	: 	: 	-2.4 	4 	2.3 	18.9 	8.8 
A,RT_PRE_EUR,D1_D4_MD5,J,IE	: 	: 	: 	5.7 	8.5 	6.9 	8.2 	10.4 
A,RT_PRE_EUR,D1_D4_MD5,J,IS	: 	7.3 p	27.3 p	-7.9 p	14.2 p	8.8 p	1.8 p	7.8 p
A,RT_PRE_EUR,D1_D4_MD5,J,IT	: 	: 	: 	1.6 	1.1 	2 	2.1 	2.6 
A,RT_PRE_EUR,D1_D4_MD5,J,LT	: 	: 	: 	8.3 	12.6 	17.1 	12.9 	10.7 
A,RT_PRE_EUR,D1_D4_MD5,J,LU	: 	: 	: 	-2.2 	-0.6 	4.6 	5.9 	2.3 
A,RT_PRE_EUR,D1_D4_MD5,J,LV	: 	: 	: 	5.9 	6.8 	8.2 	12.4 	8.9 
A,RT_PRE_EUR,D1_D4_MD5,J,MT	: 	: 	: 	-2.8 	3.3 	-2.8 	2.4 	2.1 
A,RT_PRE_EUR,D1_D4_MD5,J,NL	: 	: 	: 	-0.7 	7.1 	4.8 	5.8 	: @C
A,RT_PRE_EUR,D1_D4_MD5,J,NO	: 	: 	: 	-6 	9.9 	3.3 	-4 	4.7 
A,RT_PRE_EUR,D1_D4_MD5,J,PL	: 	: 	: 	0.2 	6.4 	9.5 	14.2 	14.3 
A,RT_PRE_EUR,D1_D4_MD5,J,PT	: 	: 	: 	3.6 	5 	9.9 	6.2 	5.6 
A,RT_PRE_EUR,D1_D4_MD5,J,RO	: 	: 	: 	8.9 	6.3 	17.8 	14.8 	9.3 
A,RT_PRE_EUR,D1_D4_MD5,J,RS	: 	: 	: 	18.7 	21.4 	32.4 	12.3 	10.7 
A,RT_PRE_EUR,D1_D4_MD5,J,SE	: 	: 	: 	3.2 	9.2 	-1.7 	-5.4 	5.3 
A,RT_PRE_EUR,D1_D4_MD5,J,SI	: 	: 	: 	0.7 	5.5 	5.3 	9.5 	8.4 
A,RT_PRE_EUR,D1_D4_MD5,J,SK	: 	: 	: 	3.9 	7 	7.1 	8.1 	5.8 
A,RT_PRE_EUR,D1_D4_MD5,J,TR	: 	: 	: 	-9.2 	-1.1 	3.6 	46.7 	42.8 
A,RT_PRE_EUR,D1_D4_MD5,K,AT	: 	: 	-2.2 	-1 	0.2 	1.5 	6.9 p	5.8 p
A,RT_PRE_EUR,D1_D4_MD5,K,BE	: 	: 	: 	1.6 	0.8 	5.9 	9 	2.2 
A,RT_PRE_EUR,D1_D4_MD5,K,BG	: 	: 	: 	7.8 	0.8 	16 	11.4 	11.3 
A,RT_PRE_EUR,D1_D4_MD5,K,CY	: 	: 	: 	6.1 	-0.7 	6.7 	6.9 	5.3 
A,RT_PRE_EUR,D1_D4_MD5,K,CZ	: 	: 	: 	-1.5 	7.2 	11.9 	10.8 	-0.2 
A,RT_PRE_EUR,D1_D4_MD5,K,DE	: 	: 	: 	4 	0.1 	7.6 	4.9 	5.9 
A,RT_PRE_EUR,D1_D4_MD5,K,DK	: 	: 	3.1 	-0.6 	5 	1.8 	3.6 	2.3 
A,RT_PRE_EUR,D1_D4_MD5,K,EA19	: 	: 	: 	3.2 	0.8 	5.5 	4.7 	4.2 
A,RT_PRE_EUR,D1_D4_MD5,K,EA20	: 	: 	: 	: 	0.8 	5.5 	4.7 	4.2 
A,RT_PRE_EUR,D1_D4_MD5,K,EE	: 	: 	: 	2.5 	5.9 	5.9 	10.5 	9.1 
A,RT_PRE_EUR,D1_D4_MD5,K,EL	: 	: 	: 	0.2 	-2.1 	8.9 	12.1 	-4.3 
A,RT_PRE_EUR,D1_D4_MD5,K,ES	: 	: 	3.8 	1.2 	-1 	1.7 	1.3 	5.9 
A,RT_PRE_EUR,D1_D4_MD5,K,EU27_2020	: 	: 	: 	3 	1.2 	5.7 	5 	4.5 
A,RT_PRE_EUR,D1_D4_MD5,K,FI	9.3 p	10.8 p	8.1 p	7.0 p	-3.4 p	6.3 p	4.4 p	-2.0 p
A,RT_PRE_EUR,D1_D4_MD5,K,FR	: 	: 	: 	2.7 	1.2 	5.7 	4.5 	3.3 
A,RT_PRE_EUR,D1_D4_MD5,K,HR	: 	: 	: 	-4.4 	1.6 	6.2 	9.8 	9.4 
A,RT_PRE_EUR,D1_D4_MD5,K,HU	: 	: 	: 	-4.6 	2.9 	1 	20.7 	6.6 
A,RT_PRE_EUR,D1_D4_MD5,K,IE	: 	: 	: 	2.9 	5.8 	0.6 	5.3 	4.4 
A,RT_PRE_EUR,D1_D4_MD5,K,IS	: 	21.5 p	38.0 p	8.0 p	-10.2 p	15.2 p	3.0 p	5.3 p
A,RT_PRE_EUR,D1_D4_MD5,K,IT	: 	: 	: 	5.6 	-3.8 	5.3 	2.5 	2.5 
A,RT_PRE_EUR,D1_D4_MD5,K,LT	: 	: 	: 	5.2 	8.2 	12.4 	11.7 	8.9 
A,RT_PRE_EUR,D1_D4_MD5,K,LU	: 	: 	: 	-1 	2.4 	6.2 	5.4 	2.4 
A,RT_PRE_EUR,D1_D4_MD5,K,LV	: 	: 	: 	2 	2.9 	7.5 	9.8 	7.9 
A,RT_PRE_EUR,D1_D4_MD5,K,MT	: 	: 	: 	4.7 	-3.2 	7.1 	4.8 	-2.3 
A,RT_PRE_EUR,D1_D4_MD5,K,NL	: 	: 	: 	1.7 	4.8 	2 	4.7 	: @C
A,RT_PRE_EUR,D1_D4_MD5,K,NO	: 	: 	: 	-5 	9.4 	7.1 	-7.3 	4.2 
A,RT_PRE_EUR,D1_D4_MD5,K,PL	: 	: 	: 	0.9 	3.9 	10.9 	16.6 	17.4 
A,RT_PRE_EUR,D1_D4_MD5,K,PT	: 	: 	: 	10.5 	-4.8 	3.7 	0.8 	7.6 
A,RT_PRE_EUR,D1_D4_MD5,K,RO	: 	: 	: 	8 	0.6 	13.1 	14.1 	10.7 
A,RT_PRE_EUR,D1_D4_MD5,K,RS	: 	: 	: 	5 	8.3 	8.6 	10.5 	12.7 
A,RT_PRE_EUR,D1_D4_MD5,K,SE	: 	: 	: 	0.0 	8.5 	-1 	-6.5 	4.2 
A,RT_PRE_EUR,D1_D4_MD5,K,SI	: 	: 	: 	0 	6.1 	9.1 	9.6 	4.3 
A,RT_PRE_EUR,D1_D4_MD5,K,SK	: 	: 	: 	4.1 	4.2 	8.3 	6.2 	9 
A,RT_PRE_EUR,D1_D4_MD5,K,TR	: 	: 	: 	-0.8 	-10.8 	3.9 	42.2 	39.3 
A,RT_PRE_EUR,D1_D4_MD5,K-N,MT	: 	: 	: 	5.5 	-2.0 	5.0 	5.2 	: 
A,RT_PRE_EUR,D1_D4_MD5,L,MT	: 	: 	: 	6.3 	-1.3 	0.5 	-0.1 	: 
A,RT_PRE_EUR,D1_D4_MD5,M,AT	: 	: 	1.9 	6.5 	-5.9 	9.7 	9.6 p	8.5 p
A,RT_PRE_EUR,D1_D4_MD5,M,BE	: 	: 	: 	1.6 	1 	5.4 	8.9 	2.2 
A,RT_PRE_EUR,D1_D4_MD5,M,BG	: 	: 	: 	4.2 	6.9 	14.2 	12.4 	14.9 
A,RT_PRE_EUR,D1_D4_MD5,M,CY	: 	: 	: 	-1.5 	1.3 	5.2 	8.2 	4.4 
A,RT_PRE_EUR,D1_D4_MD5,M,CZ	: 	: 	: 	0.1 	7.4 	8.1 	13 	3.6 
A,RT_PRE_EUR,D1_D4_MD5,M,DE	: 	: 	: 	0.7 	0.5 	11.9 	0.5 	6.8 
A,RT_PRE_EUR,D1_D4_MD5,M,DK	: 	: 	1.9 	1.4 	4.9 	1.4 	3 	3.7 
A,RT_PRE_EUR,D1_D4_MD5,M,EA19	: 	: 	: 	1.9 	0.7 	7.3 	3.3 	4.9 
A,RT_PRE_EUR,D1_D4_MD5,M,EA20	: 	: 	: 	: 	0.8 	7.3 	3.3 	4.9 
A,RT_PRE_EUR,D1_D4_MD5,M,EE	: 	: 	: 	7.7 	6.7 	10.3 	21.6 	4.3 
A,RT_PRE_EUR,D1_D4_MD5,M,EL	: 	: 	: 	6.5 	4 	16.7 	3.9 	8.6 
A,RT_PRE_EUR,D1_D4_MD5,M,ES	: 	: 	2 	4.4 	0.6 	2.1 	6.3 	5.9 
A,RT_PRE_EUR,D1_D4_MD5,M,EU27_2020	: 	: 	: 	2 	1.3 	7.2 	3.7 	5.1 
A,RT_PRE_EUR,D1_D4_MD5,M,FI	5.1 p	8.0 p	2.9 p	5.7 p	1.4 p	0.8 p	2.9 p	0.3 p
A,RT_PRE_EUR,D1_D4_MD5,M,FR	: 	: 	: 	2.9 	-0.5 	3.8 	2.8 	2.7 
A,RT_PRE_EUR,D1_D4_MD5,M,HR	: 	: 	: 	-8.1 	4 	8.5 	14.2 	12 
A,RT_PRE_EUR,D1_D4_MD5,M,HU	: 	: 	: 	1 	4.7 	5.3 	18.1 	8 
A,RT_PRE_EUR,D1_D4_MD5,M,IE	: 	: 	: 	-2.6 	8 	7.9 	5.3 	5 
A,RT_PRE_EUR,D1_D4_MD5,M,IS	: 	7.5 p	14.9 p	-11.3 p	12.7 p	13.9 p	3.3 p	5.5 p
A,RT_PRE_EUR,D1_D4_MD5,M,IT	: 	: 	: 	2.5 	0.9 	2.5 	3.1 	2.5 
A,RT_PRE_EUR,D1_D4_MD5,M,LT	: 	: 	: 	4.7 	17.4 	16.4 	13.5 	9.2 
A,RT_PRE_EUR,D1_D4_MD5,M,LU	: 	: 	: 	2.5 	3.6 	5.3 	5.5 	3.3 
A,RT_PRE_EUR,D1_D4_MD5,M,LV	: 	: 	: 	8.1 	12.2 	9.7 	12.3 	10.4 
A,RT_PRE_EUR,D1_D4_MD5,M,MT	: 	: 	: 	3.8 	-1.4 	3.5 	3.6 	-2.3 
A,RT_PRE_EUR,D1_D4_MD5,M,NL	: 	: 	: 	0 	2 	5.4 	5.8 	: @C
A,RT_PRE_EUR,D1_D4_MD5,M,NO	: 	: 	: 	-5.9 	11.2 	3.1 	-4.5 	3 
A,RT_PRE_EUR,D1_D4_MD5,M,PL	: 	: 	: 	0.4 	6.4 	8.4 	15.1 	15.5 
A,RT_PRE_EUR,D1_D4_MD5,M,PT	: 	: 	: 	6.8 	1.8 	7.9 	6.3 	5.8 
A,RT_PRE_EUR,D1_D4_MD5,M,RO	: 	: 	: 	1.9 	4.8 	13.9 	11.7 	12.7 
A,RT_PRE_EUR,D1_D4_MD5,M,RS	: 	: 	: 	7.2 	14.6 	23 	12.5 	11.2 
A,RT_PRE_EUR,D1_D4_MD5,M,SE	: 	: 	: 	3.1 	8.2 	0.3 	-4.4 	3.5 
A,RT_PRE_EUR,D1_D4_MD5,M,SI	: 	: 	: 	2.7 	6.4 	6 	10.3 	7 
A,RT_PRE_EUR,D1_D4_MD5,M,SK	: 	: 	: 	9.8 	-2.3 	11.3 	10.3 	5.4 
A,RT_PRE_EUR,D1_D4_MD5,M,TR	: 	: 	: 	-12 	-9.3 	4.3 	41.8 	36.3 
A,RT_PRE_EUR,D1_D4_MD5,N,AT	: 	: 	-7.3 	8.3 	7.4 	5.5 	6.0 p	10.3 p
A,RT_PRE_EUR,D1_D4_MD5,N,BE	: 	: 	: 	1.9 	1.1 	6.5 	6.9 	2.4 
A,RT_PRE_EUR,D1_D4_MD5,N,BG	: 	: 	: 	5.1 	14.4 	18.1 	13 	15.6 
A,RT_PRE_EUR,D1_D4_MD5,N,CY	: 	: 	: 	-1.7 	3 	8.3 	8 	7.6 
A,RT_PRE_EUR,D1_D4_MD5,N,CZ	: 	: 	: 	6.8 	6.9 	8.9 	13.3 	3 
A,RT_PRE_EUR,D1_D4_MD5,N,DE	: 	: 	: 	1.2 	2.3 	10.3 	8.3 	5.5 
A,RT_PRE_EUR,D1_D4_MD5,N,DK	: 	: 	0.1 	0.4 	4 	4.8 	3.3 	3.9 
A,RT_PRE_EUR,D1_D4_MD5,N,EA19	: 	: 	: 	2.2 	1.5 	5.8 	6.6 	4.8 
A,RT_PRE_EUR,D1_D4_MD5,N,EA20	: 	: 	: 	: 	1.5 	5.9 	6.6 	4.8 
A,RT_PRE_EUR,D1_D4_MD5,N,EE	: 	: 	: 	1.7 	6.7 	6.3 	12.9 	9.7 
A,RT_PRE_EUR,D1_D4_MD5,N,EL	: 	: 	: 	5.7 	4.7 	9.9 	3.8 	9 
A,RT_PRE_EUR,D1_D4_MD5,N,ES	: 	: 	0.9 	3.3 	2.4 	0.7 	7.9 	3.7 
A,RT_PRE_EUR,D1_D4_MD5,N,EU27_2020	: 	: 	: 	2.4 	1.8 	6 	7 	5.2 
A,RT_PRE_EUR,D1_D4_MD5,N,FI	-14.9 p	-1.9 p	0.0 p	-4.9 p	6.0 p	0.8 p	9.4 p	5.0 p
A,RT_PRE_EUR,D1_D4_MD5,N,FR	: 	: 	: 	1.6 	0.6 	4.1 	5.3 	3.4 
A,RT_PRE_EUR,D1_D4_MD5,N,HR	: 	: 	: 	-3.4 	0.2 	12.2 	17.9 	11.1 
A,RT_PRE_EUR,D1_D4_MD5,N,HU	: 	: 	: 	-2.6 	2.7 	2.5 	20.4 	7.3 
A,RT_PRE_EUR,D1_D4_MD5,N,IE	: 	: 	: 	0.4 	7.6 	5.9 	5.8 	6.5 
A,RT_PRE_EUR,D1_D4_MD5,N,IS	: 	7.9 p	18.1 p	-7.0 p	10.7 p	16.0 p	3.3 p	7.4 p
A,RT_PRE_EUR,D1_D4_MD5,N,IT	: 	: 	: 	5.1 	-0.4 	-0.1 	0.4 	1.8 
A,RT_PRE_EUR,D1_D4_MD5,N,LT	: 	: 	: 	7.9 	10.7 	18.9 	17.8 	7.9 
A,RT_PRE_EUR,D1_D4_MD5,N,LU	: 	: 	: 	3.3 	2.6 	5 	8.4 	2.1 
A,RT_PRE_EUR,D1_D4_MD5,N,LV	: 	: 	: 	5.1 	1.6 	8.2 	6.2 	17.1 
A,RT_PRE_EUR,D1_D4_MD5,N,MT	: 	: 	: 	-8.1 	4.2 	13.1 	11.1 	-2.9 
A,RT_PRE_EUR,D1_D4_MD5,N,NL	: 	: 	: 	-1.4 	1.5 	8.4 	9.2 	: @C
A,RT_PRE_EUR,D1_D4_MD5,N,NO	: 	: 	: 	-6.6 	9.2 	-1.7 	-3.3 	6.8 
A,RT_PRE_EUR,D1_D4_MD5,N,PL	: 	: 	: 	5.9 	6.2 	8.9 	20.3 	20 
A,RT_PRE_EUR,D1_D4_MD5,N,PT	: 	: 	: 	15.1 	-6.2 	3.5 	9.4 	6.8 
A,RT_PRE_EUR,D1_D4_MD5,N,RO	: 	: 	: 	7.3 	4.6 	12.5 	21 	8.8 
A,RT_PRE_EUR,D1_D4_MD5,N,RS	: 	: 	: 	10.1 	11.2 	17.9 	12.8 	14.5 
A,RT_PRE_EUR,D1_D4_MD5,N,SE	: 	: 	: 	0.1 	6.2 	-0.8 	-2.6 	5.9 
A,RT_PRE_EUR,D1_D4_MD5,N,SI	: 	: 	: 	4.8 	6.1 	9.2 	12.8 	8.6 
A,RT_PRE_EUR,D1_D4_MD5,N,SK	: 	: 	: 	9.8 	8.4 	16.6 	7.3 	6.5 
A,RT_PRE_EUR,D1_D4_MD5,N,TR	: 	: 	: 	-5.2 	-6.1 	1.1 	42.6 	44.2 
A,RT_PRE_EUR,D1_D4_MD5,O-S,MT	: 	: 	: 	6.6 	7.0 	2.4 	0.7 	: 
A,RT_PRE_EUR,D1_D4_MD5,P,AT	: 	: 	0.5 	9.9 	-1.7 	7.8 	3.0 p	13.0 p
A,RT_PRE_EUR,D1_D4_MD5,P,BE	: 	: 	: 	1.4 	1 	5.1 	9.4 	1.9 
A,RT_PRE_EUR,D1_D4_MD5,P,BG	: 	: 	: 	16.1 	11.8 	12.2 	15.4 	15.1 
A,RT_PRE_EUR,D1_D4_MD5,P,CY	: 	: 	: 	2.2 	0.5 	3.9 	6 	2.4 
A,RT_PRE_EUR,D1_D4_MD5,P,CZ	: 	: 	: 	5.8 	9.5 	6.5 	7 	-3.9 
A,RT_PRE_EUR,D1_D4_MD5,P,DE	: 	: 	: 	4.1 	1.3 	0.3 	2.1 	4.8 
A,RT_PRE_EUR,D1_D4_MD5,P,DK	: 	: 	1.6 	1.3 	1.8 	1.9 	2.1 	5.4 
A,RT_PRE_EUR,D1_D4_MD5,P,EA19	: 	: 	: 	3.5 	0.5 	1.7 	3.9 	4.4 
A,RT_PRE_EUR,D1_D4_MD5,P,EA20	: 	: 	: 	: 	0.6 	1.8 	4 	4.5 
A,RT_PRE_EUR,D1_D4_MD5,P,EE	: 	: 	: 	5.5 	3.5 	8.1 	16.5 	7.5 
A,RT_PRE_EUR,D1_D4_MD5,P,EL	: 	: 	: 	-2.6 	4.6 	-5.9 	7.2 	3.8 
A,RT_PRE_EUR,D1_D4_MD5,P,ES	: 	: 	-0.1 	4.3 	-1.6 	3.9 	3.9 	2.7 
A,RT_PRE_EUR,D1_D4_MD5,P,EU27_2020	: 	: 	: 	3.8 	1.1 	2.1 	4.7 	5.8 
A,RT_PRE_EUR,D1_D4_MD5,P,FI	-12.1 p	5.0 p	10.2 p	7.7 p	-3.0 p	2.8 p	3.6 p	3.3 p
A,RT_PRE_EUR,D1_D4_MD5,P,FR	: 	: 	: 	: @C	: @C	: @C	: @C	: @C
A,RT_PRE_EUR,D1_D4_MD5,P,HR	: 	: 	: 	0.6 	5.8 	5.9 	13.8 	23 
A,RT_PRE_EUR,D1_D4_MD5,P,HU	: 	: 	: 	-1.5 	6.8 	1.9 	20.2 	22.3 
A,RT_PRE_EUR,D1_D4_MD5,P,IE	: 	: 	: 	1.1 	2.4 	6.5 	3.1 	4.5 
A,RT_PRE_EUR,D1_D4_MD5,P,IS	: 	7.2 p	20.0 p	-4.8 p	9.3 p	14.1 p	3.3 p	6.4 p
A,RT_PRE_EUR,D1_D4_MD5,P,IT	: 	: 	: 	0.7 	0.3 	-0.6 	0.3 	3.9 
A,RT_PRE_EUR,D1_D4_MD5,P,LT	: 	: 	: 	7.4 	11.4 	15.1 	14 	14.7 
A,RT_PRE_EUR,D1_D4_MD5,P,LU	: 	: 	: 	-0.4 	0.1 	4.6 	7 	2.6 
A,RT_PRE_EUR,D1_D4_MD5,P,LV	: 	: 	: 	0.5 	11.4 	9.1 	14.9 	15.4 
A,RT_PRE_EUR,D1_D4_MD5,P,MT	: 	: 	: 	19.8 	3.2 	-8.6 	2.6 	23.6 
A,RT_PRE_EUR,D1_D4_MD5,P,NL	: 	: 	: 	5.6 	-1.3 	6.6 	7.4 	: @C
A,RT_PRE_EUR,D1_D4_MD5,P,NO	: 	: 	: 	-5.8 	4.7 	5 	-5.9 	2.1 
A,RT_PRE_EUR,D1_D4_MD5,P,PL	: 	: 	: 	5.1 	3.4 	3.4 	15.8 	30.1 
A,RT_PRE_EUR,D1_D4_MD5,P,PT	: 	: 	: 	10 	1.9 	3.8 	6.3 	5 
A,RT_PRE_EUR,D1_D4_MD5,P,RO	: 	: 	: 	7.1 	-1.4 	4.2 	21.7 	23.5 
A,RT_PRE_EUR,D1_D4_MD5,P,RS	: 	: 	: 	12 	3.1 	9.3 	13.8 	16 
A,RT_PRE_EUR,D1_D4_MD5,P,SE	: 	: 	: 	4.2 	7.1 	-2.9 	-3.1 	2.9 
A,RT_PRE_EUR,D1_D4_MD5,P,SI	: 	: 	: 	9.1 	6.8 	-3.5 	9.5 	4 
A,RT_PRE_EUR,D1_D4_MD5,P,SK	: 	: 	: 	16.5 	0.7 	2.6 	9.6 	8.8 
A,RT_PRE_EUR,D1_D4_MD5,P-S,AT	: 	: 	1 	8.6 	1.6 	8.4 	4.9 p	12.6 p
A,RT_PRE_EUR,D1_D4_MD5,P-S,BE	: 	: 	: 	1.5 	1 	6.8 	7.5 	2.5 
A,RT_PRE_EUR,D1_D4_MD5,P-S,BG	: 	: 	: 	13.2 	15.3 	9.2 	12 	15.2 
A,RT_PRE_EUR,D1_D4_MD5,P-S,CY	: 	: 	: 	1.4 	0.4 	4.7 	6.9 	3.9 
A,RT_PRE_EUR,D1_D4_MD5,P-S,CZ	: 	: 	: 	7.7 	10.9 	3.3 	7.9 	0 
A,RT_PRE_EUR,D1_D4_MD5,P-S,DE	: 	: 	: 	4.8 	1.6 	4.1 	3.9 	5.3 
A,RT_PRE_EUR,D1_D4_MD5,P-S,DK	: 	: 	-1.1 	-1.1 	1.6 	2.3 	2 	5.1 
A,RT_PRE_EUR,D1_D4_MD5,P-S,EA19	: 	: 	: 	4.1 	1.4 	3.5 	4.4 	4.5 
A,RT_PRE_EUR,D1_D4_MD5,P-S,EA20	: 	: 	: 	: 	1.4 	3.5 	4.4 	4.6 
A,RT_PRE_EUR,D1_D4_MD5,P-S,EE	: 	: 	: 	4.4 	7.3 	6.6 	16.9 	7.6 
A,RT_PRE_EUR,D1_D4_MD5,P-S,EL	: 	: 	: 	0.8 	1.4 	-2.9 	3.4 	2.5 
A,RT_PRE_EUR,D1_D4_MD5,P-S,ES	: 	: 	0.6 	5.5 	0 	2 	4.6 	3.7 
A,RT_PRE_EUR,D1_D4_MD5,P-S,EU27_2020	: 	: 	: 	4.3 	1.8 	3.6 	4.8 	5.2 
A,RT_PRE_EUR,D1_D4_MD5,P-S,FI	3.4 p	4.6 p	4.9 p	4.4 p	0.0 p	3.2 p	2.4 p	2.2 p
A,RT_PRE_EUR,D1_D4_MD5,P-S,FR	: 	: 	: 	2.8 	2.7 	3.3 	4.9 	2.8 
A,RT_PRE_EUR,D1_D4_MD5,P-S,HR	: 	: 	: 	2.1 	4.1 	6.9 	15.1 	22.1 
A,RT_PRE_EUR,D1_D4_MD5,P-S,HU	: 	: 	: 	2.9 	10.2 	7.1 	18.7 	14.8 
A,RT_PRE_EUR,D1_D4_MD5,P-S,IE	: 	: 	: 	0.5 	1.4 	7.9 	5.1 	4.1 
A,RT_PRE_EUR,D1_D4_MD5,P-S,IS	: 	6.7 d	16.4 d	-7.0 d	12.9 d	14.7 p	3.0 p	6.2 p
A,RT_PRE_EUR,D1_D4_MD5,P-S,IT	: 	: 	: 	1.4 	-0.7 	-0.2 	0.3 	3.5 
A,RT_PRE_EUR,D1_D4_MD5,P-S,LT	: 	: 	: 	12.4 	13 	12.2 	12 	14 
A,RT_PRE_EUR,D1_D4_MD5,P-S,LU	: 	: 	: 	0.9 	3.2 	3.9 	6.4 	1.9 
A,RT_PRE_EUR,D1_D4_MD5,P-S,LV	: 	: 	: 	6.2 	15.9 	6.2 	10 	11.4 
A,RT_PRE_EUR,D1_D4_MD5,P-S,MT	: 	: 	: 	3.2 	6.1 	2 	1 	11.9 
A,RT_PRE_EUR,D1_D4_MD5,P-S,NL	: 	: 	: 	5.5 	0.7 	5.7 	6.6 	5.7 
A,RT_PRE_EUR,D1_D4_MD5,P-S,NO	: 	: 	: 	-5.7 	5.8 	3.2 	-5.1 	2.4 
A,RT_PRE_EUR,D1_D4_MD5,P-S,PL	: 	: 	: 	5.7 	6.4 	4.6 	17.1 	26.2 
A,RT_PRE_EUR,D1_D4_MD5,P-S,PT	: 	: 	: 	11.4 	1.3 	3.5 	6.6 	7.9 
A,RT_PRE_EUR,D1_D4_MD5,P-S,RO	: 	: 	: 	7.3 	-0.6 	4.2 	12.9 	17.4 
A,RT_PRE_EUR,D1_D4_MD5,P-S,RS	: 	: 	: 	15.4 	9.1 	9.5 	12.3 	14.2 
A,RT_PRE_EUR,D1_D4_MD5,P-S,SE	: 	: 	: 	3.5 	6.4 	-2 	-2.5 	1.8 
A,RT_PRE_EUR,D1_D4_MD5,P-S,SI	: 	: 	: 	12.1 	5.7 	-3.1 	9.4 	4 
A,RT_PRE_EUR,D1_D4_MD5,P-S,SK	: 	: 	: 	13.4 	6.8 	3.4 	11 	8.5 
A,RT_PRE_EUR,D1_D4_MD5,Q,AT	: 	: 	2.1 	6.6 	2.6 	8.1 	5.3 p	14.8 p
A,RT_PRE_EUR,D1_D4_MD5,Q,BE	: 	: 	: 	1.6 	1 	8 	6.2 	3 
A,RT_PRE_EUR,D1_D4_MD5,Q,BG	: 	: 	: 	13.1 	20.5 	3.7 	8.8 	13.8 
A,RT_PRE_EUR,D1_D4_MD5,Q,CY	: 	: 	: 	2.4 	0 	1.2 	10.1 	5.4 
A,RT_PRE_EUR,D1_D4_MD5,Q,CZ	: 	: 	: 	11.2 	13.5 	-0.1 	7.1 	3.3 
A,RT_PRE_EUR,D1_D4_MD5,Q,DE	: 	: 	: 	4.3 	1.6 	6.3 	5 	5.5 
A,RT_PRE_EUR,D1_D4_MD5,Q,DK	: 	: 	-2.9 	-2.8 	1.2 	2.7 	1.9 	5.1 
A,RT_PRE_EUR,D1_D4_MD5,Q,EA19	: 	: 	: 	4.1 	2.1 	4.8 	4.6 	4.5 
A,RT_PRE_EUR,D1_D4_MD5,Q,EA20	: 	: 	: 	: 	2.1 	4.8 	4.6 	4.5 
A,RT_PRE_EUR,D1_D4_MD5,Q,EE	: 	: 	: 	3.4 	12.1 	6 	17.8 	9.7 
A,RT_PRE_EUR,D1_D4_MD5,Q,EL	: 	: 	: 	4.7 	-3.3 	3.3 	-4 	-2.9 
A,RT_PRE_EUR,D1_D4_MD5,Q,ES	: 	: 	1.3 	4 	1.3 	2.2 	5 	4.1 
A,RT_PRE_EUR,D1_D4_MD5,Q,EU27_2020	: 	: 	: 	4.3 	2.5 	4.7 	4.9 	4.8 
A,RT_PRE_EUR,D1_D4_MD5,Q,FI	14.0 p	3.1 p	1.9 p	3.3 p	1.1 p	3.6 p	1.9 p	1.7 p
A,RT_PRE_EUR,D1_D4_MD5,Q,FR	: 	: 	: 	: @C	: @C	: @C	: @C	: @C
A,RT_PRE_EUR,D1_D4_MD5,Q,HR	: 	: 	: 	5.7 	3.6 	7.1 	16.4 	23.5 
A,RT_PRE_EUR,D1_D4_MD5,Q,HU	: 	: 	: 	9.8 	15.9 	12.9 	17.4 	8.5 
A,RT_PRE_EUR,D1_D4_MD5,Q,IE	: 	: 	: 	1.4 	0.7 	7.5 	6.2 	3.9 
A,RT_PRE_EUR,D1_D4_MD5,Q,IS	: 	9.8 p	15.1 p	-7.3 p	14.3 p	15.4 p	2.8 p	5.8 p
A,RT_PRE_EUR,D1_D4_MD5,Q,IT	: 	: 	: 	2.3 	-1.1 	0.6 	-0.3 	3 
A,RT_PRE_EUR,D1_D4_MD5,Q,LT	: 	: 	: 	19 	14.7 	8.9 	9.2 	13.7 
A,RT_PRE_EUR,D1_D4_MD5,Q,LU	: 	: 	: 	0.2 	4.3 	3.8 	6.3 	1.8 
A,RT_PRE_EUR,D1_D4_MD5,Q,LV	: 	: 	: 	11 	25.4 	2.5 	4.8 	7 
A,RT_PRE_EUR,D1_D4_MD5,Q,MT	: 	: 	: 	-4.6 	12.5 	9 	1.4 	4.4 
A,RT_PRE_EUR,D1_D4_MD5,Q,NL	: 	: 	: 	6.4 	1.8 	4.9 	6.2 	: @C
A,RT_PRE_EUR,D1_D4_MD5,Q,NO	: 	: 	: 	-5.7 	5.9 	2.5 	-5.7 	3.1 
A,RT_PRE_EUR,D1_D4_MD5,Q,PL	: 	: 	: 	7.4 	11.9 	5.8 	18.9 	21.7 
A,RT_PRE_EUR,D1_D4_MD5,Q,PT	: 	: 	: 	13.4 	0 	4.2 	7 	13.3 
A,RT_PRE_EUR,D1_D4_MD5,Q,RO	: 	: 	: 	7.1 	-0.5 	3 	6.8 	13.1 
A,RT_PRE_EUR,D1_D4_MD5,Q,RS	: 	: 	: 	20.5 	14.4 	7.9 	10.7 	13 
A,RT_PRE_EUR,D1_D4_MD5,Q,SE	: 	: 	: 	3.4 	6.1 	-1.3 	-1.9 	0.9 
A,RT_PRE_EUR,D1_D4_MD5,Q,SI	: 	: 	: 	17.2 	4.9 	-3.7 	8.6 	3.7 
A,RT_PRE_EUR,D1_D4_MD5,Q,SK	: 	: 	: 	11.6 	12.9 	3.5 	13.6 	8.2 
A,RT_PRE_EUR,D1_D4_MD5,R,AT	: 	: 	-1.9 	16.7 	-6.5 	19.8 	5.0 p	4.8 p
A,RT_PRE_EUR,D1_D4_MD5,R,BE	: 	: 	: 	1.6 	1.1 	7.5 	8.2 	2.3 
A,RT_PRE_EUR,D1_D4_MD5,R,BG	: 	: 	: 	1.5 	13.5 	17.2 	11.7 	18.1 
A,RT_PRE_EUR,D1_D4_MD5,R,CY	: 	: 	: 	-1.8 	-0.1 	23.4 	1.7 	5.9 
A,RT_PRE_EUR,D1_D4_MD5,R,CZ	: 	: 	: 	-0.3 	4.2 	4.8 	13.2 	0.2 
A,RT_PRE_EUR,D1_D4_MD5,R,DE	: 	: 	: 	9.6 	2.9 	1.3 	4.9 	7.1 
A,RT_PRE_EUR,D1_D4_MD5,R,DK	: 	: 	-0.5 	4.4 	2.7 	-0.1 	2.1 	4.5 
A,RT_PRE_EUR,D1_D4_MD5,R,EA19	: 	: 	: 	6 	0 	1.5 	4.7 	5.4 
A,RT_PRE_EUR,D1_D4_MD5,R,EA20	: 	: 	: 	: 	0 	1.6 	4.7 	5.5 
A,RT_PRE_EUR,D1_D4_MD5,R,EE	: 	: 	: 	0.7 	7.7 	7 	20.3 	-1.7 
A,RT_PRE_EUR,D1_D4_MD5,R,EL	: 	: 	: 	7.6 	-3.6 	-7.6 	9.5 	7.5 
A,RT_PRE_EUR,D1_D4_MD5,R,ES	: 	: 	1.4 	14.6 	-3 	-5.3 	4.9 	4.6 
A,RT_PRE_EUR,D1_D4_MD5,R,EU27_2020	: 	: 	: 	5.8 	0.4 	2.2 	5.2 	5.9 
A,RT_PRE_EUR,D1_D4_MD5,R,FI	7.4 p	5.5 p	3.7 p	5.4 p	-2.2 p	2.4 p	2.2 p	3.3 p
A,RT_PRE_EUR,D1_D4_MD5,R,FR	: 	: 	: 	-0.4 	1.2 	2.1 	2.5 	1.9 
A,RT_PRE_EUR,D1_D4_MD5,R,HR	: 	: 	: 	0.3 	0.7 	7.1 	14.4 	17.6 
A,RT_PRE_EUR,D1_D4_MD5,R,HU	: 	: 	: 	0.1 	5.4 	6.3 	18.2 	7.3 
A,RT_PRE_EUR,D1_D4_MD5,R,IE	: 	: 	: 	-9.3 	: @C	: @C	: @C	: @C
A,RT_PRE_EUR,D1_D4_MD5,R,IS	: 	-2.1 p	13.6 p	-9.7 p	18.5 p	14.2 p	2.7 p	6.5 p
A,RT_PRE_EUR,D1_D4_MD5,R,IT	: 	: 	: 	2.9 	-3.7 	-4.9 	2.6 	8.8 
A,RT_PRE_EUR,D1_D4_MD5,R,LT	: 	: 	: 	9 	12.1 	14.2 	17.6 	11.7 
A,RT_PRE_EUR,D1_D4_MD5,R,LU	: 	: 	: 	6.7 	-2.4 	2.6 	6.8 	1.5 
A,RT_PRE_EUR,D1_D4_MD5,R,LV	: 	: 	: 	11.9 	8.6 	7.2 	11.8 	10.9 
A,RT_PRE_EUR,D1_D4_MD5,R,MT	: 	: 	: 	-4 	1.2 	3.7 	-3.8 	9.8 
A,RT_PRE_EUR,D1_D4_MD5,R,NL	: 	: 	: 	-0.8 	-4.3 	9.6 	6.3 	: @C
A,RT_PRE_EUR,D1_D4_MD5,R,NO	: 	: 	: 	-4.3 	8.8 	5.9 	-4.6 	3.4 
A,RT_PRE_EUR,D1_D4_MD5,R,PL	: 	: 	: 	1.6 	1.8 	12.4 	18.7 	20.6 
A,RT_PRE_EUR,D1_D4_MD5,R,PT	: 	: 	: 	14.7 	5.8 	-4.5 	7 	5.3 
A,RT_PRE_EUR,D1_D4_MD5,R,RO	: 	: 	: 	11.1 	1.6 	8.3 	10.6 	11.2 
A,RT_PRE_EUR,D1_D4_MD5,R,RS	: 	: 	: 	9.4 	7.3 	17.6 	14.7 	13.7 
A,RT_PRE_EUR,D1_D4_MD5,R,SE	: 	: 	: 	3.3 	4.3 	-3.1 	-3.7 	6 
A,RT_PRE_EUR,D1_D4_MD5,R,SI	: 	: 	: 	5.6 	5.8 	1.2 	11.3 	3.3 
A,RT_PRE_EUR,D1_D4_MD5,R,SK	: 	: 	: 	9.1 	14.2 	3.1 	2.6 	9.3 
A,RT_PRE_EUR,D1_D4_MD5,S,AT	: 	: 	-0.7 	10.3 	10.1 	3.4 	6.8 p	10.1 p
A,RT_PRE_EUR,D1_D4_MD5,S,BE	: 	: 	: 	1.7 	1.2 	5.3 	9.3 	1.9 
A,RT_PRE_EUR,D1_D4_MD5,S,BG	: 	: 	: 	9.8 	10.7 	15.6 	7.6 	22.1 
A,RT_PRE_EUR,D1_D4_MD5,S,CY	: 	: 	: 	-4.7 	2.5 	9.6 	6.5 	7.1 
A,RT_PRE_EUR,D1_D4_MD5,S,CZ	: 	: 	: 	0.6 	8.4 	3.8 	17.3 	1.6 
A,RT_PRE_EUR,D1_D4_MD5,S,DE	: 	: 	: 	6.5 	2 	3.9 	2.8 	5.1 
A,RT_PRE_EUR,D1_D4_MD5,S,DK	: 	: 	2 	1.5 	4 	1.2 	2.2 	3.5 
A,RT_PRE_EUR,D1_D4_MD5,S,EA19	: 	: 	: 	5.4 	0.5 	3.6 	4.3 	4.6 
A,RT_PRE_EUR,D1_D4_MD5,S,EA20	: 	: 	: 	: 	0.5 	3.7 	4.3 	4.6 
A,RT_PRE_EUR,D1_D4_MD5,S,EE	: 	: 	: 	8.3 	7.3 	0.7 	6.5 	11.1 
A,RT_PRE_EUR,D1_D4_MD5,S,EL	: 	: 	1.1 	2.6 	2.9 	-6.2 	5.7 	10.6 
A,RT_PRE_EUR,D1_D4_MD5,S,ES	: 	: 	-2.2 	11.4 	-2 	1.1 	5.3 	4.6 
A,RT_PRE_EUR,D1_D4_MD5,S,EU27_2020	: 	: 	: 	5.1 	0.9 	3.6 	4.4 	4.7 
A,RT_PRE_EUR,D1_D4_MD5,S,FI	-11.9 p	17.2 p	3.6 p	-10.3 p	16.4 p	0.3 p	4.1 p	4.9 p
A,RT_PRE_EUR,D1_D4_MD5,S,FR	: 	: 	: 	5.6 	: @C	: @C	: @C	: @C
A,RT_PRE_EUR,D1_D4_MD5,S,HR	: 	: 	: 	-9.9 	-0.6 	13.3 	16.3 	7.9 
A,RT_PRE_EUR,D1_D4_MD5,S,HU	: 	: 	: 	-4.5 	-1.7 	10 	16.9 	11.2 
A,RT_PRE_EUR,D1_D4_MD5,S,IE	: 	: 	: 	-6.1 	: @C	: @C	: @C	: @C
A,RT_PRE_EUR,D1_D4_MD5,S,IS	: 	7.7 p	20.9 p	-13.7 p	12.9 p	10.6 p	2.1 p	6.8 p
A,RT_PRE_EUR,D1_D4_MD5,S,IT	: 	: 	: 	-1.2 	-2 	1.2 	3.3 	0.4 
A,RT_PRE_EUR,D1_D4_MD5,S,LT	: 	: 	: 	8.9 	16 	14.8 	8.5 	11.9 
A,RT_PRE_EUR,D1_D4_MD5,S,LU	: 	: 	: 	5.3 	-0.4 	3.8 	6.1 	2 
A,RT_PRE_EUR,D1_D4_MD5,S,LV	: 	: 	: 	15 	2.2 	5.4 	12.2 	17.6 
A,RT_PRE_EUR,D1_D4_MD5,S,MT	: 	: 	: 	-20.6 	6.5 	28.9 	23.9 	0.1 
A,RT_PRE_EUR,D1_D4_MD5,S,NL	: 	: 	: 	0.5 	3.2 	6 	6.8 	: @C
A,RT_PRE_EUR,D1_D4_MD5,S,NO	: 	: 	: 	-5.4 	8.3 	1.1 	5 	-5.9 
A,RT_PRE_EUR,D1_D4_MD5,S,PL	: 	: 	: 	2.5 	8.5 	-0.2 	19.2 	17.7 
A,RT_PRE_EUR,D1_D4_MD5,S,PT	: 	: 	: 	7.2 	6.8 	-1.7 	8.2 	5.4 
A,RT_PRE_EUR,D1_D4_MD5,S,RO	: 	: 	: 	6.3 	3 	19.5 	7.9 	18.2 
A,RT_PRE_EUR,D1_D4_MD5,S,RS	: 	: 	: 	6.9 	9.5 	15.4 	12.4 	13.5 
A,RT_PRE_EUR,D1_D4_MD5,S,SE	: 	: 	: 	1.1 	7.4 	-3.6 	-3.9 	2.6 
A,RT_PRE_EUR,D1_D4_MD5,S,SI	: 	: 	: 	4.1 	3.6 	4.2 	14 	7 
A,RT_PRE_EUR,D1_D4_MD5,S,SK	: 	: 	: 	4.1 	5.5 	12.7 	11.1 	6.4 
A,RT_PRE_NAC,D11,B,AT	: 	: 	-1.5 	1.5 	1.3 	1.5 	8.8 p	8.2 
A,RT_PRE_NAC,D11,B,BE	: 	: 	: 	1.6 	1.4 	7 	7.9 	2.5 
A,RT_PRE_NAC,D11,B,BG	: 	: 	: 	8.2 	7.7 	18.1 	10.5 	6.8 
A,RT_PRE_NAC,D11,B,CY	: 	: 	5.2 	-1.7 	9.7 	0.5 	9.3 	4.5 
A,RT_PRE_NAC,D11,B,CZ	: 	: 	: 	4.9 	1.3 	8.2 	10 	3.9 
A,RT_PRE_NAC,D11,B,DE	: 	: 	: 	-1.6 	1.6 	8.9 	7.2 	4.6 
A,RT_PRE_NAC,D11,B,DK	: 	: 	: @C	: @C	: @C	: @C	: @C	: @C
A,RT_PRE_NAC,D11,B,EA19	: 	: 	: 	2.1 	0.4 	3.4 	4.8 	4 
A,RT_PRE_NAC,D11,B,EA20	: 	: 	: 	: 	0.3 d	3.4 	4.8 	4 
A,RT_PRE_NAC,D11,B,EE	: 	: 	: 	-0.2 	6.4 	8.6 	9.5 	5.7 
A,RT_PRE_NAC,D11,B,EL	: 	: 	2.3 	1.6 	-1.5 	-5.5 	1.1 	20.4 
A,RT_PRE_NAC,D11,B,ES	: 	: 	6.6 	7.1 	1 	-7.9 	1.7 	4.1 
A,RT_PRE_NAC,D11,B,FI	-2.8 p	6.0 p	-13.8 p	5.0 p	-2.1 p	1.5 p	4.6 p	2.7 p
A,RT_PRE_NAC,D11,B,FR	: 	: 	: 	1.7 	1.6 	2.5 	3.1 	4 
A,RT_PRE_NAC,D11,B,HR	: 	: 	: 	1.1 	-4.3 	0.1 	14.3 	10.7 
A,RT_PRE_NAC,D11,B,HU	: 	: 	: 	4.5 	4.2 	17.4 	18.3 	17 
A,RT_PRE_NAC,D11,B,IE	: 	: 	: 	5.2 	4 	14.6 	5 	0.1 
A,RT_PRE_NAC,D11,B,IS	: 	: @C	: @C	: @C	: @C	: @C	: @C	: @C
A,RT_PRE_NAC,D11,B,IT	: 	: 	: 	1.5 	-2.2 	3.1 	0.5 	-2.5 
A,RT_PRE_NAC,D11,B,LT	: 	: 	: 	5.6 	7.3 	7.6 	16.9 	8.8 
A,RT_PRE_NAC,D11,B,LU	: 	: 	: 	1.5 	-1.7 	5.7 	4.8 	3.7 
A,RT_PRE_NAC,D11,B,LV	: 	: 	: 	6.6 	-3.9 	12.2 	13.7 	13 
A,RT_PRE_NAC,D11,B,MT	: 	: 	: 	5.8 	-2.9 	-1 	3.9 	-4.3 
A,RT_PRE_NAC,D11,B,NL	: 	: 	: 	5.9 	-5.7 	-0.2 	7.3 	: @C
A,RT_PRE_NAC,D11,B,NO	: 	: 	: 	1.8 	1.4 	5.4 	3.7 	3.3 
A,RT_PRE_NAC,D11,B,PL	: 	: 	: 	7.8 	5.3 	22.2 	16.9 	7.2 
A,RT_PRE_NAC,D11,B,PT	: 	: 	: 	2.7 	8.2 	4.5 	6 	8.9 
A,RT_PRE_NAC,D11,B,RO	: 	: 	: 	7.2 b	5.2 	12 	14.9 	10.3 
A,RT_PRE_NAC,D11,B,RS	: 	: 	: 	5.2 	6.3 	3.7 	12 	10.2 
A,RT_PRE_NAC,D11,B,SE	: 	: 	: 	3.6 	4.7 	0.9 	7.9 	3.2 
A,RT_PRE_NAC,D11,B,SI	: 	: 	: 	1.6 	6 	5.2 	11.4 	8.2 
A,RT_PRE_NAC,D11,B,SK	: 	: 	: 	2.6 	7.8 	12.8 	0.1 	16.6 
A,RT_PRE_NAC,D11,B,TR	: 	: 	: 	22.3 	21.7 	76.6 	102.1 	96.3 
A,RT_PRE_NAC,D11,B-E,AT	: 	: 	1.6 	3.2 	1.2 	6 	7.4 p	6.8 
A,RT_PRE_NAC,D11,B-E,BE	: 	: 	: 	1.7 	1.3 	7 	7.7 	3.4 
A,RT_PRE_NAC,D11,B-E,BG	: 	: 	: 	5.3 	6.8 	17.8 	16.6 	11.8 
A,RT_PRE_NAC,D11,B-E,CY	: 	: 	: 	0.1 	0.4 	3.5 	5.4 	5.2 
A,RT_PRE_NAC,D11,B-E,CZ	: 	: 	: 	6.5 	1.7 	4.8 	8.6 	6.2 
A,RT_PRE_NAC,D11,B-E,DE	: 	: 	: 	1.1 	0.2 	3.8 	5 	4.6 
A,RT_PRE_NAC,D11,B-E,DK	: 	: 	2.2 	1 	3.2 	3.1 	3 	3.6 
A,RT_PRE_NAC,D11,B-E,EA19	: 	: 	: 	2.3 	0.3 	3.9 	5.1 	4.5 
A,RT_PRE_NAC,D11,B-E,EA20	: 	: 	: 	: 	0.4 	4 	5.1 	4.5 
A,RT_PRE_NAC,D11,B-E,EE	: 	: 	: 	3.2 	4.4 	13.4 	6.8 	8.7 
A,RT_PRE_NAC,D11,B-E,EL	: 	: 	: 	2.3 	-0.2 	5.2 	3.4 	5.6 
A,RT_PRE_NAC,D11,B-E,ES	: 	: 	0.2 	3 	-1 	3.1 	4.9 	4.3 
A,RT_PRE_NAC,D11,B-E,FI	-6.4 p	1.0 p	-3.0 p	-1.4 p	5.2 p	3.1 p	3.2 p	2.5 p
A,RT_PRE_NAC,D11,B-E,FR	: 	: 	: 	3.1 	0.7 	3.9 	4.2 	3.1 
A,RT_PRE_NAC,D11,B-E,HR	: 	: 	: 	0.5 	3.2 	8 	13 	13.4 
A,RT_PRE_NAC,D11,B-E,HU	: 	: 	: 	7.4 	7.6 	14.7 	19.4 	12.1 
A,RT_PRE_NAC,D11,B-E,IE	: 	: 	: 	3.8 	3.8 	3.7 	5.3 	5.6 
A,RT_PRE_NAC,D11,B-E,IS	: 	6.2 d	7.9 d	3.0 d	8.1 d	8.1 p	9.2 p	7.1 p
A,RT_PRE_NAC,D11,B-E,IT	: 	: 	: 	3 	-1.7 	3.1 	3.8 	4.1 
A,RT_PRE_NAC,D11,B-E,LT	: 	: 	: 	8.2 	9.3 	12.6 	11.1 	10.1 
A,RT_PRE_NAC,D11,B-E,LU	: 	: 	: 	0.1 	0.9 	4.9 	6.4 	2.5 
A,RT_PRE_NAC,D11,B-E,LV	: 	: 	: 	6.1 	2.7 	9.6 	11.5 	11 
A,RT_PRE_NAC,D11,B-E,MT	: 	: 	: 	0.6 	1.6 	8.7 	6.5 	6.5 
A,RT_PRE_NAC,D11,B-E,NL	: 	: 	: 	5.9 	0.3 	2.9 	6.3 	4.6 
A,RT_PRE_NAC,D11,B-E,NO	: 	: 	: 	2.3 	2.4 	2.6 	5.3 	5.3 
A,RT_PRE_NAC,D11,B-E,PL	: 	: 	: 	5.7 	7.6 	11.9 	11.9 	11.2 
A,RT_PRE_NAC,D11,B-E,PT	: 	: 	: 	8.4 	1.7 	5.5 	5.6 	7.6 
A,RT_PRE_NAC,D11,B-E,RO	: 	: 	: 	8.1 b	6.1 	13.8 	17.1 	12.3 
A,RT_PRE_NAC,D11,B-E,RS	: 	: 	: 	11.6 	5.9 	13.1 	14.2 	14.4 
A,RT_PRE_NAC,D11,B-E,SE	: 	: 	: 	0.6 	3.5 	2.5 	4.8 	4.3 
A,RT_PRE_NAC,D11,B-E,SI	: 	: 	: 	2.5 	5.3 	8 	10.8 	6.6 
A,RT_PRE_NAC,D11,B-E,SK	: 	: 	: 	8.3 	5.3 	6.1 	8.7 	6.5 
A,RT_PRE_NAC,D11,B-E,TR	: 	: 	: 	18.4 	19.9 	73 	106.2 	97.1 
A,RT_PRE_NAC,D11,B-F,MT	: 	: 	: 	1.1 	2.3 	6.6 	5.5 	: 
A,RT_PRE_NAC,D11,B-N,AT	: 	: 	0 	6.4 	0.3 	4.8 	5.7 p	7.8 
A,RT_PRE_NAC,D11,B-N,BE	: 	: 	: 	1.5 	1.2 	6 	8.6 	2.4 
A,RT_PRE_NAC,D11,B-N,BG	: 	: 	: 	6.3 	7.7 	16.3 	14.9 	13.6 
A,RT_PRE_NAC,D11,B-N,CY	: 	: 	: 	-1.5 	1.1 	8 	5.7 	5.1 
A,RT_PRE_NAC,D11,B-N,CZ	: 	: 	: 	6.8 	2.9 	4 	8.6 	6.4 
A,RT_PRE_NAC,D11,B-N,DE	: 	: 	: 	2.3 	1.2 	5.4 	4.8 	5.1 
A,RT_PRE_NAC,D11,B-N,DK	: 	: 	0.5 	1.6 	2.7 	2.3 	2.9 	3.2 
A,RT_PRE_NAC,D11,B-N,EA19	: 	: 	: 	3.3 	1 	4.5 	5 	4.4 
A,RT_PRE_NAC,D11,B-N,EA20	: 	: 	: 	: 	1 	4.5 	5.1 	4.4 
A,RT_PRE_NAC,D11,B-N,EE	: 	: 	: 	1.8 	6.1 	9.5 	10.2 	7.2 
A,RT_PRE_NAC,D11,B-N,EL	: 	: 	: 	4 	1 	8.9 	8.1 	6.8 
A,RT_PRE_NAC,D11,B-N,ES	: 	: 	-0.5 	4.4 	0.1 	2.2 	4.7 	4.3 
A,RT_PRE_NAC,D11,B-N,FI	-4.9 p	-0.7 p	-1.8 p	-0.8 p	5.7 p	1.8 p	3.6 p	2.4 p
A,RT_PRE_NAC,D11,B-N,FR	: 	: 	: 	3.3 	1 	4 	4 	2.7 
A,RT_PRE_NAC,D11,B-N,HR	: 	: 	: 	-1.7 	2.7 	9.4 	13.9 	11.6 
A,RT_PRE_NAC,D11,B-N,HU	: 	: 	: 	8.1 	7.2 	15.6 	17.6 	12.4 
A,RT_PRE_NAC,D11,B-N,IE	: 	: 	: 	3.4 	4.6 	3.7 	4.7 	6.1 
A,RT_PRE_NAC,D11,B-N,IS	: 	7.1 d	6.8 p	4.9 p	8.0 p	6.0 p	8.1 p	6.9 p
A,RT_PRE_NAC,D11,B-N,IT	: 	: 	: 	4.4 	-1 	2.2 	2.8 	3.1 
A,RT_PRE_NAC,D11,B-N,LT	: 	: 	: 	9.9 	10.6 	13.8 	12.5 	9.7 
A,RT_PRE_NAC,D11,B-N,LU	: 	: 	: 	0.5 	2.5 	5.5 	6.3 	2.2 
A,RT_PRE_NAC,D11,B-N,LV	: 	: 	: 	5.9 	4.1 	7.5 	11.5 	12.3 
A,RT_PRE_NAC,D11,B-N,MT	: 	: 	: 	3.2 	0 	4.7 	3.7 	1.9 
A,RT_PRE_NAC,D11,B-N,NL	: 	: 	: 	5.9 	0.9 	2.9 	6.8 	4.7 
A,RT_PRE_NAC,D11,B-N,NO	: 	: 	: 	2.6 	3.8 	1.6 	5.7 	5.9 
A,RT_PRE_NAC,D11,B-N,PL	: 	: 	: 	5.3 	7.9 	12.8 	12.1 	11 
A,RT_PRE_NAC,D11,B-N,PT	: 	: 	: 	8.5 	1.3 	4.8 	5.3 	6.5 
A,RT_PRE_NAC,D11,B-N,RO	: 	: 	: 	7.8 b	6 	14.5 	17.3 	13.2 
A,RT_PRE_NAC,D11,B-N,RS	: 	: 	: 	13.8 	6.9 	16.7 	13.5 	13.3 
A,RT_PRE_NAC,D11,B-N,SE	: 	: 	: 	2.1 	2.8 	3.4 	4.7 	4.2 
A,RT_PRE_NAC,D11,B-N,SI	: 	: 	: 	2.8 	5.2 	7.7 	10.6 	7.5 
A,RT_PRE_NAC,D11,B-N,SK	: 	: 	: 	8.5 	5.3 	7.2 	9.1 	5.9 
A,RT_PRE_NAC,D11,B-S,MT	: 	: 	: 	4.4 	2.6 	3.0 	3.5 	: 
A,RT_PRE_NAC,D11,B-S_X_O,AT	: 	: 	0 	6.9 	0.3 	5.2 	5.7 p	8.4 
A,RT_PRE_NAC,D11,B-S_X_O,BE	: 	: 	: 	1.5 	1.1 	6.2 	8.4 	2.4 
A,RT_PRE_NAC,D11,B-S_X_O,BG	: 	: 	: 	7.4 	9.2 	14.8 	14.5 	13.9 
A,RT_PRE_NAC,D11,B-S_X_O,CY	: 	: 	: 	-1 	1 	7.3 	6.1 	4.8 
A,RT_PRE_NAC,D11,B-S_X_O,CZ	: 	: 	: 	7.9 	3.7 	2.5 	8 	6 
A,RT_PRE_NAC,D11,B-S_X_O,DE	: 	: 	: 	2.8 	1.3 	4.7 	4.6 	5.2 
A,RT_PRE_NAC,D11,B-S_X_O,DK	: 	: 	1.1 	2 	2.2 	2.2 	2.6 	3.9 
A,RT_PRE_NAC,D11,B-S_X_O,EA19	: 	: 	: 	3.7 	1.1 	4 	4.9 	4.4 
A,RT_PRE_NAC,D11,B-S_X_O,EA20	: 	: 	: 	: 	1.1 	4 	4.9 	4.5 
A,RT_PRE_NAC,D11,B-S_X_O,EE	: 	: 	: 	2.3 	6.4 	8.8 	11.7 	7.3 
A,RT_PRE_NAC,D11,B-S_X_O,EL	: 	: 	: 	4 	1.2 	6 	6.8 	5.5 
A,RT_PRE_NAC,D11,B-S_X_O,ES	: 	: 	-0.1 	4.8 	0 	2.2 	4.5 	4.2 
A,RT_PRE_NAC,D11,B-S_X_O,FI	-6.1 p	-0.7 p	-1.5 p	-0.5 p	5.2 p	2.4 p	3.0 p	2.5 p
A,RT_PRE_NAC,D11,B-S_X_O,FR	: 	: 	: 	3.5 	1.4 	3.8 	4.2 	2.6 
A,RT_PRE_NAC,D11,B-S_X_O,HR	: 	: 	: 	-0.1 	3 	8.8 	14.2 	14.2 
A,RT_PRE_NAC,D11,B-S_X_O,HU	: 	: 	: 	9 	8.7 	16.4 	17.3 	13.8 
A,RT_PRE_NAC,D11,B-S_X_O,IE	: 	: 	: 	3.2 	4 	4 	4.6 	5.6 
A,RT_PRE_NAC,D11,B-S_X_O,IS	: 	6.6 d	8.4 d	2.4 d	10.4 d	6.9 p	8.1 p	6.7 p
A,RT_PRE_NAC,D11,B-S_X_O,IT	: 	: 	: 	3.7 	-0.8 	1.6 	2.2 	3.3 
A,RT_PRE_NAC,D11,B-S_X_O,LT	: 	: 	: 	10.7 	11 	13.4 	12.3 	10.7 
A,RT_PRE_NAC,D11,B-S_X_O,LU	: 	: 	: 	0.6 	2.6 	5.3 	6.3 	2.1 
A,RT_PRE_NAC,D11,B-S_X_O,LV	: 	: 	: 	6 	6.8 	7 	11.2 	12.1 
A,RT_PRE_NAC,D11,B-S_X_O,MT	: 	: 	: 	4 	1.8 	3.6 	2.9 	4.9 
A,RT_PRE_NAC,D11,B-S_X_O,NL	: 	: 	: 	6.8 	0.4 	2.8 	6.9 	5 
A,RT_PRE_NAC,D11,B-S_X_O,NO	: 	: 	: 	2.6 	2.7 	1.9 	6 	5.4 
A,RT_PRE_NAC,D11,B-S_X_O,PL	: 	: 	: 	6.1 	8.2 	11.7 	12.4 	12.8 
A,RT_PRE_NAC,D11,B-S_X_O,PT	: 	: 	: 	9.4 	1.3 	4.4 	5.5 	6.9 
A,RT_PRE_NAC,D11,B-S_X_O,RO	: 	: 	: 	8 b	4.9 	12.3 	16.5 	14.2 
A,RT_PRE_NAC,D11,B-S_X_O,RS	: 	: 	: 	14.4 	7.1 	15.2 	13.2 	13.5 
A,RT_PRE_NAC,D11,B-S_X_O,SE	: 	: 	: 	2.4 	2.6 	3.2 	4.2 	3.9 
A,RT_PRE_NAC,D11,B-S_X_O,SI	: 	: 	: 	5 	5.3 	5 	10.4 	6.7 
A,RT_PRE_NAC,D11,B-S_X_O,SK	: 	: 	: 	9.7 	5.7 	6.1 	9.5 	6.3 
A,RT_PRE_NAC,D11,C,AT	: 	: 	1.9 	3 	1.3 	6.1 	7.4 p	6.8 
A,RT_PRE_NAC,D11,C,BE	: 	: 	: 	1.7 	1.3 	6.9 	7.8 	3.4 
A,RT_PRE_NAC,D11,C,BG	: 	: 	: 	4.8 	7.3 	18.1 	17.6 	12.5 
A,RT_PRE_NAC,D11,C,CY	: 	: 	: 	-0.5 	-0.4 	2.9 	5.2 	5.6 
A,RT_PRE_NAC,D11,C,CZ	: 	: 	: 	6.5 	1.6 	4.6 	8.3 	6.2 
A,RT_PRE_NAC,D11,C,DE	: 	: 	: 	1.1 	0.2 	3.6 	4.8 	4.8 
A,RT_PRE_NAC,D11,C,DK	: 	: 	2.2 	1 	2.9 	2.6 	2.7 	3.6 
A,RT_PRE_NAC,D11,C,EA19	: 	: 	: 	2.3 	0.3 	3.9 	5 	4.6 
A,RT_PRE_NAC,D11,C,EA20	: 	: 	: 	: 	0.3 	3.9 	5 	4.7 
A,RT_PRE_NAC,D11,C,EE	: 	: 	: 	3.3 	4.4 	13.9 	6.1 	8.8 
A,RT_PRE_NAC,D11,C,EL	: 	: 	: 	2.8 	-1.4 	5.7 	2.8 	6.8 
A,RT_PRE_NAC,D11,C,ES	: 	: 	0.2 	2.8 	-1.1 	3.1 	5.2 	4.6 
A,RT_PRE_NAC,D11,C,FI	-5.3 p	1.0 p	-3.1 p	-1.7 p	5.8 p	3.0 p	3.5 p	2.2 p
A,RT_PRE_NAC,D11,C,FR	: 	: 	: 	3 	0.7 	4.1 	4 	3.3 
A,RT_PRE_NAC,D11,C,HR	: 	: 	: 	0.3 	3.5 	8.7 	13.9 	12.8 
A,RT_PRE_NAC,D11,C,HU	: 	: 	: 	7.4 	7.9 	15 	19.5 	11.7 
A,RT_PRE_NAC,D11,C,IE	: 	: 	: 	3.7 	3.9 	3.3 	5.3 	5.1 
A,RT_PRE_NAC,D11,C,IS	: 	5.2 p	6.7 p	1.6 p	9.6 p	8.2 p	9.1 p	7.2 p
A,RT_PRE_NAC,D11,C,IT	: 	: 	: 	3.3 	-1.7 	3.1 	4.1 	4.3 
A,RT_PRE_NAC,D11,C,LT	: 	: 	: 	8 	9.6 	12.9 	10.6 	10 
A,RT_PRE_NAC,D11,C,LU	: 	: 	: 	0.2 	0.9 	5 	6.4 	2.4 
A,RT_PRE_NAC,D11,C,LV	: 	: 	: 	6.7 	2.4 	9.1 	10.4 	11.2 
A,RT_PRE_NAC,D11,C,MT	: 	: 	: 	0.1 	1.7 	9.6 	6.7 	6.7 
A,RT_PRE_NAC,D11,C,NL	: 	: 	: 	6.2 	0.3 	2.9 	6.2 	: @C
A,RT_PRE_NAC,D11,C,NO	: 	: 	: 	2.4 	2.8 	1.1 	6.1 	6.1 
A,RT_PRE_NAC,D11,C,PL	: 	: 	: 	5.6 	8.1 	11.2 	11.4 	11.6 
A,RT_PRE_NAC,D11,C,PT	: 	: 	: 	8.8 	1.9 	5.1 	5.8 	7.7 
A,RT_PRE_NAC,D11,C,RO	: 	: 	: 	7.9 b	6.3 	13.9 	17.1 	12.4 
A,RT_PRE_NAC,D11,C,RS	: 	: 	: 	12.3 	6 	15.2 	15.1 	15.2 
A,RT_PRE_NAC,D11,C,SE	: 	: 	: 	0.5 	3.5 	2.5 	4.8 	4.2 
A,RT_PRE_NAC,D11,C,SI	: 	: 	: 	2.5 	5.4 	8.1 	10.7 	6.7 
A,RT_PRE_NAC,D11,C,SK	: 	: 	: 	8.4 	5.5 	6 	8.5 	6.1 
A,RT_PRE_NAC,D11,C,TR	: 	: 	: 	18.3 	19.9 	73.1 	107.1 	97.1 
A,RT_PRE_NAC,D11,D,AT	: 	: 	2.2 	2.7 	-1.3 	6.2 	6.6 p	5.3 
A,RT_PRE_NAC,D11,D,BE	: 	: 	: 	2.1 	1.5 	8.5 	5 	2.9 
A,RT_PRE_NAC,D11,D,BG	: 	: 	: 	5.8 	4.4 	19.4 	14.2 	7.3 
A,RT_PRE_NAC,D11,D,CY	: 	: 	0.7 	5.3 	4.7 	9.4 	6.8 	3.3 
A,RT_PRE_NAC,D11,D,CZ	: 	: 	: 	7.7 	4.7 	7.2 	13.9 	5.8 
A,RT_PRE_NAC,D11,D,DE	: 	: 	: 	1.3 	-1 	6.4 	8.5 	2.9 
A,RT_PRE_NAC,D11,D,DK	: 	: 	2.2 	0.2 	7.4 	9 	6.5 	6 
A,RT_PRE_NAC,D11,D,EA19	: 	: 	: 	2.2 	0.7 	4.8 	6.7 	3 
A,RT_PRE_NAC,D11,D,EA20	: 	: 	: 	: 	0.7 d	4.8 	6.7 	3.1 
A,RT_PRE_NAC,D11,D,EE	: 	: 	: 	4.1 	3.4 	10.8 	13.7 	9.8 
A,RT_PRE_NAC,D11,D,EL	: 	: 	: 	2.4 	7.3 	5.9 	7.2 	-7.8 
A,RT_PRE_NAC,D11,D,ES	: 	: 	-1 	2.6 	6.5 	-1.1 	1 	-0.6 
A,RT_PRE_NAC,D11,D,FI	-25.6 p	-1.5 p	0.5 p	-5.0 p	7.7 p	3.9 p	-3.1 p	6.4 p
A,RT_PRE_NAC,D11,D,FR	: 	: 	: 	3.3 	1.9 	2.8 	7.1 	1.7 
A,RT_PRE_NAC,D11,D,HR	: 	: 	: 	0.6 	4 	3.9 	5.6 	18 
A,RT_PRE_NAC,D11,D,HU	: 	: 	: 	6.9 	4.1 	9.1 	17.9 	12.3 
A,RT_PRE_NAC,D11,D,IE	: 	: 	: 	3.4 	3.4 	3.2 	2.3 	14.3 
A,RT_PRE_NAC,D11,D,IS	: 	16.1 p	20.6 p	14.4 p	-2.8 p	7.5 p	9.4 p	5.9 p
A,RT_PRE_NAC,D11,D,IT	: 	: 	: 	0.1 	0.6 	2.4 	1.4 	3.9 
A,RT_PRE_NAC,D11,D,LT	: 	: 	: 	11.1 	7.9 	11.3 	13.4 	11.4 
A,RT_PRE_NAC,D11,D,LU	: 	: 	: 	-1.3 	1.3 	4.1 	6.1 	2.6 
A,RT_PRE_NAC,D11,D,LV	: 	: 	: 	2 	6.7 	10.4 	18.6 	7.7 
A,RT_PRE_NAC,D11,D,MT	: 	: 	: 	6.8 	4.1 	1.3 	8.6 	11.6 
A,RT_PRE_NAC,D11,D,NL	: 	: 	: 	3.5 	1.1 	3.6 	8 	: @C
A,RT_PRE_NAC,D11,D,NO	: 	: 	: 	2.5 	4.5 	4.8 	5.4 	6.9 
A,RT_PRE_NAC,D11,D,PL	: 	: 	: 	5.2 	5.1 	11.6 	14.1 	9.6 
A,RT_PRE_NAC,D11,D,PT	: 	: 	: 	0.1 	-7.9 	18.7 	0.1 	1.4 
A,RT_PRE_NAC,D11,D,RO	: 	: 	: 	11 b	6.4 	16.8 	18.5 	9.4 
A,RT_PRE_NAC,D11,D,RS	: 	: 	: 	10 	2.8 	4.5 	8.7 	9 
A,RT_PRE_NAC,D11,D,SE	: 	: 	: 	0.4 	3.4 	3.3 	5.1 	4.5 
A,RT_PRE_NAC,D11,D,SI	: 	: 	: 	0.9 	3.6 	7.6 	10.2 	3 
A,RT_PRE_NAC,D11,D,SK	: 	: 	: 	8.8 	1.7 	5.5 	12.6 	9.4 
A,RT_PRE_NAC,D11,D,TR	: 	: 	: 	15.9 	22.3 	75 	96.8 	93.2 
A,RT_PRE_NAC,D11,E,AT	: 	: 	-4.8 	4.1 	-2.2 	6.3 	7.4 p	7.7 
A,RT_PRE_NAC,D11,E,BE	: 	: 	: 	1.1 	1.3 	5.8 	9.2 	2.1 
A,RT_PRE_NAC,D11,E,BG	: 	: 	: 	9.2 	3.9 	11.4 	14.5 	14.3 
A,RT_PRE_NAC,D11,E,CY	: 	: 	: 	1.1 	0.6 	3.5 	5.5 	3.6 
A,RT_PRE_NAC,D11,E,CZ	: 	: 	: 	5.6 	3.7 	4.6 	9.4 	7.8 
A,RT_PRE_NAC,D11,E,DE	: 	: 	: 	2.7 	2 	5.7 	6.7 	1.3 
A,RT_PRE_NAC,D11,E,DK	: 	: 	: @C	: @C	: @C	: @C	: @C	: @C
A,RT_PRE_NAC,D11,E,EA19	: 	: 	: 	3 	0.7 	4.8 	5 	3.2 
A,RT_PRE_NAC,D11,E,EA20	: 	: 	: 	: 	0.7 	4.8 	5 	3.3 
A,RT_PRE_NAC,D11,E,EE	: 	: 	: 	3.5 	5.4 	8.5 	12.9 	5.8 
A,RT_PRE_NAC,D11,E,EL	: 	: 	: 	-0.1 	0.6 	3.8 	4.6 	11.2 
A,RT_PRE_NAC,D11,E,ES	: 	: 	-0.1 	3.5 	1.7 	6 	2.5 	3.6 
A,RT_PRE_NAC,D11,E,FI	-16.8 p	-3.5 p	-1.1 p	5.6 p	-2.4 p	3.4 p	3.1 p	5.0 p
A,RT_PRE_NAC,D11,E,FR	: 	: 	: 	5.6 	-0.9 	3.1 	4.4 	2.7 
A,RT_PRE_NAC,D11,E,HR	: 	: 	: 	1.5 	1.8 	6.9 	11.2 	15.2 
A,RT_PRE_NAC,D11,E,HU	: 	: 	: 	6.6 	6.3 	13.8 	19 	18.7 
A,RT_PRE_NAC,D11,E,IE	: 	: 	: 	6.4 	2.8 	8.5 	11 	4.6 
A,RT_PRE_NAC,D11,E,IS	: 	6.7 p	9.8 p	4.2 p	7.7 p	8.7 p	8.8 p	6.2 p
A,RT_PRE_NAC,D11,E,IT	: 	: 	: 	0.4 	-1.8 	3.2 	1.2 	3.4 
A,RT_PRE_NAC,D11,E,LT	: 	: 	: 	7.6 	7.6 	9.5 	16.8 	10.3 
A,RT_PRE_NAC,D11,E,LU	: 	: 	: 	0.6 	1.7 	3.9 	7.9 	3.2 
A,RT_PRE_NAC,D11,E,LV	: 	: 	: 	5.5 	1.1 	13.2 	13 	13.5 
A,RT_PRE_NAC,D11,E,MT	: 	: 	: 	5.1 	1 	1 	3 	2 
A,RT_PRE_NAC,D11,E,NL	: 	: 	: 	2.4 	1.5 	4.5 	6.4 	: @C
A,RT_PRE_NAC,D11,E,NO	: 	: 	: 	2.3 	0.9 	1 	4.4 	6.9 
A,RT_PRE_NAC,D11,E,PL	: 	: 	: 	4.8 	7.3 	10.4 	10.9 	12.6 
A,RT_PRE_NAC,D11,E,PT	: 	: 	: 	6.7 	2.2 	6.1 	3.3 	8.8 
A,RT_PRE_NAC,D11,E,RO	: 	: 	: 	8.2 b	4.2 	12.2 	17.5 	15.6 
A,RT_PRE_NAC,D11,E,RS	: 	: 	: 	15.5 	9.6 	11.2 	12.9 	14.6 
A,RT_PRE_NAC,D11,E,SE	: 	: 	: 	0.7 	3.4 	2.3 	3.7 	4.8 
A,RT_PRE_NAC,D11,E,SI	: 	: 	: 	3 	4.3 	7.3 	12.3 	6.7 
A,RT_PRE_NAC,D11,E,SK	: 	: 	: 	6.6 	5.8 	7.4 	9.2 	7.4 
A,RT_PRE_NAC,D11,E,TR	: 	: 	: 	16.2 	13.3 	53.7 	89.3 	106.7 
A,RT_PRE_NAC,D11,F,AT	: 	: 	-0.2 	3.6 	0.2 	5.6 	0.8 p	7 
A,RT_PRE_NAC,D11,F,BE	: 	: 	: 	1.5 	1 	5.8 	8.9 	2.3 
A,RT_PRE_NAC,D11,F,BG	: 	: 	: 	2.9 	10.9 	11.2 	17.2 	18 
A,RT_PRE_NAC,D11,F,CY	: 	: 	: 	-1.1 	2.3 	3.2 	4.1 	4.1 
A,RT_PRE_NAC,D11,F,CZ	: 	: 	: 	5.5 	4.2 	1.8 	9.5 	6.6 
A,RT_PRE_NAC,D11,F,DE	: 	: 	: 	2.9 	3.2 	6.4 	4 	5.9 
A,RT_PRE_NAC,D11,F,DK	: 	: 	1 	1.8 	4 	1.2 	3.1 	2.9 
A,RT_PRE_NAC,D11,F,EA19	: 	: 	: 	3.6 	1.5 	5 	4.6 	4.8 
A,RT_PRE_NAC,D11,F,EA20	: 	: 	: 	: 	1.6 	5.1 	4.6 	4.9 
A,RT_PRE_NAC,D11,F,EE	: 	: 	: 	2.7 	6.5 	4.8 	4.8 	6.4 
A,RT_PRE_NAC,D11,F,EL	: 	: 	: 	5.6 	-2.2 	8 	6.8 	8.2 
A,RT_PRE_NAC,D11,F,ES	: 	: 	-0.7 	2.4 	-0.6 	3.7 	3.1 	1.4 
A,RT_PRE_NAC,D11,F,FI	6.2 p	2.1 p	-3.0 p	-1.5 p	6.2 p	2.4 p	1.0 p	4.6 p
A,RT_PRE_NAC,D11,F,FR	: 	: 	: 	4 	0.4 	3.9 	4.1 	2.8 
A,RT_PRE_NAC,D11,F,HR	: 	: 	: 	0 	3.6 	9.3 	17.1 	10.8 
A,RT_PRE_NAC,D11,F,HU	: 	: 	: 	10.5 	8.2 	17.5 	16.9 	14.9 
A,RT_PRE_NAC,D11,F,IE	: 	: 	: 	1.9 	5.8 	4.2 	3.4 	8.3 
A,RT_PRE_NAC,D11,F,IS	: 	11.5 p	16.0 p	18.0 p	-6.9 p	7.4 p	9.4 p	7.6 p
A,RT_PRE_NAC,D11,F,IT	: 	: 	: 	1.5 	0.6 	3.6 	3.4 	5.4 
A,RT_PRE_NAC,D11,F,LT	: 	: 	: 	10.6 	11.7 	10.2 	16.7 	12.5 
A,RT_PRE_NAC,D11,F,LU	: 	: 	: 	0.7 	1.9 	5.5 	6.7 	3.3 
A,RT_PRE_NAC,D11,F,LV	: 	: 	: 	10.2 	-0.3 	4.6 	8.1 	13.9 
A,RT_PRE_NAC,D11,F,MT	: 	: 	: 	2.4 	4 	1.5 	4 	2.3 
A,RT_PRE_NAC,D11,F,NL	: 	: 	: 	9.1 	-2.2 	2.7 	5.9 	5.3 
A,RT_PRE_NAC,D11,F,NO	: 	: 	: 	2.7 	0.8 	0.5 	6.5 	5.5 
A,RT_PRE_NAC,D11,F,PL	: 	: 	: 	4.2 	7.3 	11 	8.3 	13.8 
A,RT_PRE_NAC,D11,F,PT	: 	: 	: 	3.4 	6.1 	5.8 	3.9 	7.4 
A,RT_PRE_NAC,D11,F,RO	: 	: 	: 	4.7 b	4.1 	11.8 	25.1 	16.4 
A,RT_PRE_NAC,D11,F,RS	: 	: 	: 	10.1 	7.2 	14.1 	13.8 	14.7 
A,RT_PRE_NAC,D11,F,SE	: 	: 	: 	2.3 	1.9 	4.4 	4.6 	4.4 
A,RT_PRE_NAC,D11,F,SI	: 	: 	: 	5.2 	6.2 	7 	10.4 	10.4 
A,RT_PRE_NAC,D11,F,SK	: 	: 	: 	2.8 	6.4 	8.9 	10.1 	8.7 
A,RT_PRE_NAC,D11,F,TR	: 	: 	: 	12.2 	16 	71 	110.7 	88.3 
A,RT_PRE_NAC,D11,G,AT	: 	: 	1.2 	4.7 	-0.2 	5 	0.0 p	10.7 
A,RT_PRE_NAC,D11,G,BE	: 	: 	: 	1.4 	1.3 	5.9 	9 	2 
A,RT_PRE_NAC,D11,G,BG	: 	: 	: 	8.8 	7.1 	17.3 	14 	15.8 
A,RT_PRE_NAC,D11,G,CY	: 	: 	: 	-2.8 	1.3 	6.6 	4.5 	4.5 
A,RT_PRE_NAC,D11,G,CZ	: 	: 	: 	6.8 	5.6 	2.1 	7 	5.6 
A,RT_PRE_NAC,D11,G,DE	: 	: 	: 	4 	1.6 	4.4 	5 	3.8 
A,RT_PRE_NAC,D11,G,DK	: 	: 	-1 	1.4 	1.9 	2 	2.2 	3.3 
A,RT_PRE_NAC,D11,G,EA19	: 	: 	: 	4.4 	1.2 	3.7 	5.1 	3.9 
A,RT_PRE_NAC,D11,G,EA20	: 	: 	: 	: 	1.2 	3.8 	5.2 	4 
A,RT_PRE_NAC,D11,G,EE	: 	: 	: 	-8.1 	9.9 	7.5 	9.3 	5.9 
A,RT_PRE_NAC,D11,G,EL	: 	: 	: 	2 	-0.7 	1.8 	9.8 	6.2 
A,RT_PRE_NAC,D11,G,ES	: 	: 	-2.2 	1.9 	0.2 	5.2 	5.5 	4.8 
A,RT_PRE_NAC,D11,G,FI	-1.7 p	2.7 p	-1.2 p	-2.2 p	7.2 p	2.4 p	0.9 p	2.1 p
A,RT_PRE_NAC,D11,G,FR	: 	: 	: 	3.8 	1 	3.3 	4.1 	2.3 
A,RT_PRE_NAC,D11,G,HR	: 	: 	: 	-0.9 	3 	10.5 	14.4 	12.7 
A,RT_PRE_NAC,D11,G,HU	: 	: 	: 	10 	8.1 	15.9 	16.5 	11.1 
A,RT_PRE_NAC,D11,G,IE	: 	: 	: 	2 	3.2 	4.1 	3.8 	5 
A,RT_PRE_NAC,D11,G,IS	: 	5.7 p	9.7 p	-1.8 p	16.1 p	7.4 p	7.7 p	6.3 p
A,RT_PRE_NAC,D11,G,IT	: 	: 	: 	6.7 	-1 	1.2 	1.6 	2.6 
A,RT_PRE_NAC,D11,G,LT	: 	: 	: 	10.5 	13.2 	13.5 	9.5 	9.4 
A,RT_PRE_NAC,D11,G,LU	: 	: 	: 	0.9 	1.8 	4 	7.4 	1.8 
A,RT_PRE_NAC,D11,G,LV	: 	: 	: 	6.5 	6.2 	6.1 	12.5 	13 
A,RT_PRE_NAC,D11,G,MT	: 	: 	: 	6 	-0.2 	-0.2 	3.6 	9.7 
A,RT_PRE_NAC,D11,G,NL	: 	: 	: 	5.9 	1.8 	2.4 	7.1 	: @C
A,RT_PRE_NAC,D11,G,NO	: 	: 	: 	2.8 	6.6 	0.6 	5.4 	5.7 
A,RT_PRE_NAC,D11,G,PL	: 	: 	: 	6.1 	8.7 	11.8 	11 	10.9 
A,RT_PRE_NAC,D11,G,PT	: 	: 	: 	9 	2.8 	6.4 	5.1 	5.5 
A,RT_PRE_NAC,D11,G,RO	: 	: 	: 	8.5 b	6.8 	15.6 	15.3 	14.9 
A,RT_PRE_NAC,D11,G,RS	: 	: 	: 	15.1 	5.1 	15.9 	15.4 	13.7 
A,RT_PRE_NAC,D11,G,SE	: 	: 	: 	3.3 	1.5 	2.7 	4.8 	5.1 
A,RT_PRE_NAC,D11,G,SI	: 	: 	: 	4.9 	4.7 	7.6 	10.3 	7.8 
A,RT_PRE_NAC,D11,G,SK	: 	: 	: 	8.3 	8.8 	6.7 	10 	5.2 
A,RT_PRE_NAC,D11,G,TR	: 	: 	: 	17.4 	22.4 	70.4 	107.8 	86.9 
A,RT_PRE_NAC,D11,G-J,MT	: 	: 	: 	2.2 	1.2 	-0.3 	4.0 	: 
A,RT_PRE_NAC,D11,G-N,AT	: 	: 	-0.6 	8.5 	0 	4.3 	5.7 p	8.5 
A,RT_PRE_NAC,D11,G-N,BE	: 	: 	: 	1.5 	1.1 	5.7 	8.9 	2.1 
A,RT_PRE_NAC,D11,G-N,BG	: 	: 	: 	7.2 	7.9 	16 	13.9 	14.1 
A,RT_PRE_NAC,D11,G-N,CY	: 	: 	: 	-1.9 	1 	9.5 	6 	5.3 
A,RT_PRE_NAC,D11,G-N,CZ	: 	: 	: 	7.3 	3.8 	3.6 	8.5 	6.5 
A,RT_PRE_NAC,D11,G-N,DE	: 	: 	: 	3.1 	1.5 	6.3 	4.7 	5.3 
A,RT_PRE_NAC,D11,G-N,DK	: 	: 	-0.2 	1.8 	2.3 	2 	2.8 	3.1 
A,RT_PRE_NAC,D11,G-N,EA19	: 	: 	: 	3.8 	1.3 	4.6 	5.1 	4.3 
A,RT_PRE_NAC,D11,G-N,EA20	: 	: 	: 	: 	1.3 	4.7 	5.1 	4.3 
A,RT_PRE_NAC,D11,G-N,EE	: 	: 	: 	0.9 	6.9 	8.5 	12.6 	6.7 
A,RT_PRE_NAC,D11,G-N,EL	: 	: 	: 	4.5 	1.6 	10.1 	9.6 	7.1 
A,RT_PRE_NAC,D11,G-N,ES	: 	: 	-0.7 	5.2 	0.6 	1.9 	4.9 	4.7 
A,RT_PRE_NAC,D11,G-N,FI	-4.4 p	-1.5 p	-0.6 p	-0.1 p	5.6 p	1.2 p	4.0 p	2.2 p
A,RT_PRE_NAC,D11,G-N,FR	: 	: 	: 	3.3 	1.2 	4 	4 	2.5 
A,RT_PRE_NAC,D11,G-N,HR	: 	: 	: 	-2.9 	2.3 	10.1 	13.8 	10.9 
A,RT_PRE_NAC,D11,G-N,HU	: 	: 	: 	8.4 	6.9 	15.9 	16.6 	12.4 
A,RT_PRE_NAC,D11,G-N,IE	: 	: 	: 	3.4 	4.7 	3.7 	4.7 	6 
A,RT_PRE_NAC,D11,G-N,IS	: 	6.2 p	6.6 p	5.6 p	8.3 p	5.1 p	7.7 p	6.8 p
A,RT_PRE_NAC,D11,G-N,IT	: 	: 	: 	5.6 	-0.8 	1.4 	2 	2.2 
A,RT_PRE_NAC,D11,G-N,LT	: 	: 	: 	10.5 	11.1 	14.9 	12.4 	9.1 
A,RT_PRE_NAC,D11,G-N,LU	: 	: 	: 	0.6 	2.7 	5.6 	6.2 	2 
A,RT_PRE_NAC,D11,G-N,LV	: 	: 	: 	5.2 	5.2 	7.2 	12 	12.5 
A,RT_PRE_NAC,D11,G-N,MT	: 	: 	: 	3.7 	-0.6 	4.2 	3.3 	1.1 
A,RT_PRE_NAC,D11,G-N,NL	: 	: 	: 	5.6 	1.3 	2.8 	6.9 	4.6 
A,RT_PRE_NAC,D11,G-N,NO	: 	: 	: 	2.7 	5.1 	1.5 	5.6 	6.3 
A,RT_PRE_NAC,D11,G-N,PL	: 	: 	: 	5.1 	8.2 	13.7 	12.6 	10.6 
A,RT_PRE_NAC,D11,G-N,PT	: 	: 	: 	9.1 	0.6 	4.3 	5.4 	5.9 
A,RT_PRE_NAC,D11,G-N,RO	: 	: 	: 	8.1 b	6.3 	15.2 	16.2 	13.2 
A,RT_PRE_NAC,D11,G-N,RS	: 	: 	: 	15.5 	7.5 	19.1 	13 	12.7 
A,RT_PRE_NAC,D11,G-N,SE	: 	: 	: 	2.7 	2.6 	3.5 	4.7 	4.2 
A,RT_PRE_NAC,D11,G-N,SI	: 	: 	: 	2.9 	5 	7.5 	10.5 	7.8 
A,RT_PRE_NAC,D11,G-N,SK	: 	: 	: 	9.2 	5.3 	7.9 	9.4 	5.4 
A,RT_PRE_NAC,D11,H,AT	: 	: 	4.5 	5.1 	0.2 	7.3 	9.9 p	4.8 
A,RT_PRE_NAC,D11,H,BE	: 	: 	: 	1.1 	1.3 	6.3 	8.3 	2.1 
A,RT_PRE_NAC,D11,H,BG	: 	: 	: 	5.4 	3.5 	16 	19.2 	15.6 
A,RT_PRE_NAC,D11,H,CY	: 	: 	: 	5.8 	-5.8 	7.1 	3.4 	9.7 
A,RT_PRE_NAC,D11,H,CZ	: 	: 	: 	5.8 	1.3 	5.5 	7.8 	7 
A,RT_PRE_NAC,D11,H,DE	: 	: 	: 	3.8 	1 	3.4 	8.3 	4.8 
A,RT_PRE_NAC,D11,H,DK	: 	: 	0.2 	1.7 	1.9 	2.3 	2.6 	1.3 
A,RT_PRE_NAC,D11,H,EA19	: 	: 	: 	3.4 	0.6 	4.2 	6.6 	3.9 
A,RT_PRE_NAC,D11,H,EA20	: 	: 	: 	: 	0.5 	4.2 	6.6 	3.9 
A,RT_PRE_NAC,D11,H,EE	: 	: 	: 	4.7 	2.2 	13.1 	5.6 	7.2 
A,RT_PRE_NAC,D11,H,EL	: 	: 	: 	4.4 	1.4 	11.2 	5.6 	11.8 
A,RT_PRE_NAC,D11,H,ES	: 	: 	1.4 	1.3 	-2.1 	4.1 	4.7 	3.4 
A,RT_PRE_NAC,D11,H,FI	-0.4 p	-0.9 p	-2.7 p	-1.8 p	3.6 p	4.4 p	3.7 p	1.1 p
A,RT_PRE_NAC,D11,H,FR	: 	: 	: 	1.4 	1.9 	5.7 	5 	3.2 
A,RT_PRE_NAC,D11,H,HR	: 	: 	: 	-5.1 	-3.3 	9.3 	14.5 	10.5 
A,RT_PRE_NAC,D11,H,HU	: 	: 	: 	9.8 	5 	16.7 	14.5 	15.3 
A,RT_PRE_NAC,D11,H,IE	: 	: 	: 	-5.3 	0.1 	5.7 	0.8 	4.2 
A,RT_PRE_NAC,D11,H,IS	: 	7.4 p	1.9 p	4.5 p	6.5 p	6.6 p	9.2 p	7.2 p
A,RT_PRE_NAC,D11,H,IT	: 	: 	: 	4.2 	-0.6 	-0.2 	3.9 	1.8 
A,RT_PRE_NAC,D11,H,LT	: 	: 	: 	15.8 	7.4 	14.1 	15.3 	8.9 
A,RT_PRE_NAC,D11,H,LU	: 	: 	: 	0.8 	4.9 	7.6 	7.3 	-2.1 
A,RT_PRE_NAC,D11,H,LV	: 	: 	: 	2.2 	1.7 	8.9 	14.3 	15.4 
A,RT_PRE_NAC,D11,H,MT	: 	: 	: 	1.2 	-1.3 	29.6 	-4.6 	-6.2 
A,RT_PRE_NAC,D11,H,NL	: 	: 	: 	8.6 	-2.9 	2.6 	8.8 	: @C
A,RT_PRE_NAC,D11,H,NO	: 	: 	: 	2.6 	5 	3.8 	5.8 	7.4 
A,RT_PRE_NAC,D11,H,PL	: 	: 	: 	2.9 	6 	23.4 	16.1 	10 
A,RT_PRE_NAC,D11,H,PT	: 	: 	: 	2.4 	1.6 	2.5 	6.3 	5.2 
A,RT_PRE_NAC,D11,H,RO	: 	: 	: 	9.3 b	4.4 	13.3 	20.7 	14.8 
A,RT_PRE_NAC,D11,H,RS	: 	: 	0.5 	13 	0.8 	15.8 	15.1 	15 
A,RT_PRE_NAC,D11,H,SE	: 	: 	: 	1.4 	3 	2.5 	5 	3.5 
A,RT_PRE_NAC,D11,H,SI	: 	: 	: 	0.2 	4 	9.2 	10.3 	9.2 
A,RT_PRE_NAC,D11,H,SK	: 	: 	: 	9.6 	1.8 	10.7 	9.6 	6.5 
A,RT_PRE_NAC,D11,H,TR	: 	: 	: 	7.6 	16.1 	85.2 	103.1 	89.3 
A,RT_PRE_NAC,D11,I,AT	: 	: 	-8.1 	10.8 	-3.6 	9.6 	6.7 p	5.8 
A,RT_PRE_NAC,D11,I,BE	: 	: 	: 	1.6 	1 	3.4 	11.3 	1.8 
A,RT_PRE_NAC,D11,I,BG	: 	: 	: 	2.2 	8.2 	20 	20.3 	19.5 
A,RT_PRE_NAC,D11,I,CY	: 	: 	: 	-13.5 	9.4 	24.8 	0.5 	5.3 
A,RT_PRE_NAC,D11,I,CZ	: 	: 	: 	34.3 	2.2 	-18.4 	7.5 	8 
A,RT_PRE_NAC,D11,I,DE	: 	: 	: 	5.2 	2.5 	10.2 	7.6 	4.6 
A,RT_PRE_NAC,D11,I,DK	: 	: 	-0.3 	2.4 	: @C	: @C	2.2 	2.8 
A,RT_PRE_NAC,D11,I,EA19	: 	: 	: 	8.2 	-0.2 	5 	5.7 	4 
A,RT_PRE_NAC,D11,I,EA20	: 	: 	: 	: 	-0.2 	5 	5.8 	4.1 
A,RT_PRE_NAC,D11,I,EE	: 	: 	: 	5.2 	-1.6 	12 	17.5 	4.3 
A,RT_PRE_NAC,D11,I,EL	: 	: 	: 	14.7 	-1.1 	22.2 	17 	12.1 
A,RT_PRE_NAC,D11,I,ES	: 	: 	-0.7 	0.8 	0 	6.2 	3.9 	4.6 
A,RT_PRE_NAC,D11,I,FI	1.0 p	-2.3 p	-3.8 p	0.7 p	7.7 p	1.3 p	2.8 p	3.5 p
A,RT_PRE_NAC,D11,I,FR	: 	: 	: 	7 	1.9 	2.5 	3.9 	2 
A,RT_PRE_NAC,D11,I,HR	: 	: 	: 	-3.7 	1.7 	11.3 	15.2 	11.4 
A,RT_PRE_NAC,D11,I,HU	: 	: 	: 	9.1 	2.5 	22.4 	20 	14.5 
A,RT_PRE_NAC,D11,I,IE	: 	: 	: 	12.7 	1.1 	-1 	5.3 	5.9 
A,RT_PRE_NAC,D11,I,IS	: 	6.3 p	9.4 p	-11.2 p	28.0 p	8.2 p	8.5 p	7.5 p
A,RT_PRE_NAC,D11,I,IT	: 	: 	: 	11.1 	-1.9 	-0.3 	1.9 	1.7 
A,RT_PRE_NAC,D11,I,LT	: 	: 	: 	12.2 	6 	13.6 	11.1 	9.4 
A,RT_PRE_NAC,D11,I,LU	: 	: 	: 	2.2 	3.8 	3.1 	8.1 	2.2 
A,RT_PRE_NAC,D11,I,LV	: 	: 	: 	5.8 	-2.1 	4.8 	10.8 	16.1 
A,RT_PRE_NAC,D11,I,MT	: 	: 	: 	-0.3 	7 	-16.6 	4.1 	14.5 
A,RT_PRE_NAC,D11,I,NL	: 	: 	: 	32.1 	-13 	-6.3 	8.3 	: @C
A,RT_PRE_NAC,D11,I,NO	: 	: 	: 	3.1 	6 	-7.7 	8.9 	8.4 
A,RT_PRE_NAC,D11,I,PL	: 	: 	: 	6.6 	6.7 	11.4 	12.7 	13.1 
A,RT_PRE_NAC,D11,I,PT	: 	: 	: 	15.2 	7.1 	-6.4 	2.7 	6.2 
A,RT_PRE_NAC,D11,I,RO	: 	: 	: 	-1.6 b	4.6 	16.4 	16.3 	21.8 
A,RT_PRE_NAC,D11,I,RS	: 	: 	: 	23.5 	-5.3 	17.5 	12.4 	15.6 
A,RT_PRE_NAC,D11,I,SE	: 	: 	: 	2.7 	1.8 	2.7 	3.9 	5.1 
A,RT_PRE_NAC,D11,I,SI	: 	: 	: 	-1 	8.2 	8.9 	12.6 	7.9 
A,RT_PRE_NAC,D11,I,SK	: 	: 	: 	23.2 	7.8 	-0.6 	3.4 	8 
A,RT_PRE_NAC,D11,I,TR	: 	: 	: 	10.9 	18.1 	89.1 	107.8 	85.6 
A,RT_PRE_NAC,D11,J,AT	: 	: 	2.6 	7.2 	-4.9 	7.6 	6.2 p	10.2 
A,RT_PRE_NAC,D11,J,BE	: 	: 	: 	1.5 	1.1 	4.4 	10.5 	1.6 
A,RT_PRE_NAC,D11,J,BG	: 	: 	: 	8.6 	11.1 	14.6 	11.8 	9.6 
A,RT_PRE_NAC,D11,J,CY	: 	: 	: 	0.8 	1.5 	13.9 	12.7 	4.5 
A,RT_PRE_NAC,D11,J,CZ	: 	: 	: 	6.7 	4.4 	6.5 	11.5 	5.8 
A,RT_PRE_NAC,D11,J,DE	: 	: 	: 	2.6 	2.4 	4.4 	4.7 	5 
A,RT_PRE_NAC,D11,J,DK	: 	: 	-0.6 	1.3 	2.9 	2.3 	2.3 	3.4 
A,RT_PRE_NAC,D11,J,EA19	: 	: 	: 	3 	3.1 	3.2 	5 	4.7 
A,RT_PRE_NAC,D11,J,EA20	: 	: 	: 	: 	3.1 	3.2 	5 	4.7 
A,RT_PRE_NAC,D11,J,EE	: 	: 	: 	8.7 	8.7 	8.4 	14.6 	10.2 
A,RT_PRE_NAC,D11,J,EL	: 	: 	: 	5 	6.3 	8.2 	13.6 	4.9 
A,RT_PRE_NAC,D11,J,ES	: 	: 	-0.6 	2.9 	4.8 	-0.5 	6.4 	5.7 
A,RT_PRE_NAC,D11,J,FI	8.9 p	1.2 p	-1.3 p	0.2 p	3.2 p	-0.2 p	4.8 p	3.3 p
A,RT_PRE_NAC,D11,J,FR	: 	: 	: 	2.9 	2.4 	2 	2.7 	2.6 
A,RT_PRE_NAC,D11,J,HR	: 	: 	: 	-3.7 	6.5 	12.1 	11.4 	6.9 
A,RT_PRE_NAC,D11,J,HU	: 	: 	: 	7.2 	7.2 	14.3 	16.3 	12.9 
A,RT_PRE_NAC,D11,J,IE	: 	: 	: 	7.1 	8.4 	6 	7.5 	11 
A,RT_PRE_NAC,D11,J,IS	: 	7.6 p	16.2 p	4.6 p	11.1 p	2.5 p	6.9 p	7.9 p
A,RT_PRE_NAC,D11,J,IT	: 	: 	: 	1.9 	1.6 	2 	2 	2.5 
A,RT_PRE_NAC,D11,J,LT	: 	: 	: 	8.8 	12.5 	16.9 	12.3 	9.8 
A,RT_PRE_NAC,D11,J,LU	: 	: 	: 	-2.6 	-0.6 	4.6 	5.9 	2.4 
A,RT_PRE_NAC,D11,J,LV	: 	: 	: 	6.4 	7.4 	7.6 	12.7 	9 
A,RT_PRE_NAC,D11,J,MT	: 	: 	: 	-1.4 	2.6 	-3.9 	2.3 	2.2 
A,RT_PRE_NAC,D11,J,NL	: 	: 	: 	2.4 	5.9 	2.7 	5.6 	: @C
A,RT_PRE_NAC,D11,J,NO	: 	: 	: 	2.5 	4.1 	3.1 	5.5 	5.9 
A,RT_PRE_NAC,D11,J,PL	: 	: 	: 	3.6 	9.3 	12.4 	10.7 	8.3 
A,RT_PRE_NAC,D11,J,PT	: 	: 	: 	3.6 	4.6 	9.5 	6.4 	5.5 
A,RT_PRE_NAC,D11,J,RO	: 	: 	: 	11.2 b	8.1 	17.9 	15.1 	10 
A,RT_PRE_NAC,D11,J,RS	: 	: 	: 	23.9 	19.8 	31.6 	10.9 	10.2 
A,RT_PRE_NAC,D11,J,SE	: 	: 	: 	3.7 	3.9 	3.4 	4.3 	4.5 
A,RT_PRE_NAC,D11,J,SI	: 	: 	: 	1.7 	4.5 	5.3 	9.5 	8.5 
A,RT_PRE_NAC,D11,J,SK	: 	: 	: 	4.5 	7.4 	5.7 	8.6 	4.5 
A,RT_PRE_NAC,D11,J,TR	: 	: 	: 	16 	29.3 	73.1 	113.1 	99.6 
A,RT_PRE_NAC,D11,K,AT	: 	: 	4.2 	3.3 	2.7 	-0.5 	8.2 p	6 
A,RT_PRE_NAC,D11,K,BE	: 	: 	: 	1.6 	0.8 	5.9 	9.3 	2.2 
A,RT_PRE_NAC,D11,K,BG	: 	: 	: 	8.2 	1.4 	15.8 	11.9 	11.4 
A,RT_PRE_NAC,D11,K,CY	: 	: 	: 	5.4 	-1.5 	6.6 	6.9 	5 
A,RT_PRE_NAC,D11,K,CZ	: 	: 	: 	1.5 	4 	7.1 	7.7 	4.4 
A,RT_PRE_NAC,D11,K,DE	: 	: 	: 	4.2 	1 	6.4 	4.4 	6.5 
A,RT_PRE_NAC,D11,K,DK	: 	: 	2 	0.7 	3.8 	1.7 	4.4 	2.4 
A,RT_PRE_NAC,D11,K,EA19	: 	: 	: 	3.4 	1 	5.5 	4.6 	4.3 
A,RT_PRE_NAC,D11,K,EA20	: 	: 	: 	: 	1 	5.5 	4.7 	4.3 
A,RT_PRE_NAC,D11,K,EE	: 	: 	: 	2.9 	6.1 	5.6 	10 	9.5 
A,RT_PRE_NAC,D11,K,EL	: 	: 	: 	-1.1 	1.9 	8.1 	12 	-3.3 
A,RT_PRE_NAC,D11,K,ES	: 	: 	1.8 	2 	0.1 	2.8 	1.5 	5.9 
A,RT_PRE_NAC,D11,K,FI	4.8 p	6.3 p	4.2 p	5.9 p	-3.0 p	6.1 p	4.2 p	-1.2 p
A,RT_PRE_NAC,D11,K,FR	: 	: 	: 	2.8 	1.5 	6 	4.7 	2.7 
A,RT_PRE_NAC,D11,K,HR	: 	: 	: 	-3.1 	1.5 	6 	9.7 	9.5 
A,RT_PRE_NAC,D11,K,HU	: 	: 	: 	4 	6.5 	13.1 	18.4 	10.5 
A,RT_PRE_NAC,D11,K,IE	: 	: 	: 	3.5 	4.3 	2 	5.2 	4.2 
A,RT_PRE_NAC,D11,K,IS	: 	16.2 p	19.5 p	15.5 p	-8.1 p	8.9 p	8.0 p	5.3 p
A,RT_PRE_NAC,D11,K,IT	: 	: 	: 	5.3 	-3.7 	5.7 	2.6 	2.6 
A,RT_PRE_NAC,D11,K,LT	: 	: 	: 	4.9 	8.8 	12.8 	11.8 	8.7 
A,RT_PRE_NAC,D11,K,LU	: 	: 	: 	-0.9 	2.4 	6.3 	5.3 	2.4 
A,RT_PRE_NAC,D11,K,LV	: 	: 	: 	2.5 	3.7 	6.9 	9.9 	7.8 
A,RT_PRE_NAC,D11,K,MT	: 	: 	: 	4.9 	-3.6 	7 	5.1 	-2.4 
A,RT_PRE_NAC,D11,K,NL	: 	: 	: 	2.4 	4.3 	3.3 	5.6 	: @C
A,RT_PRE_NAC,D11,K,NO	: 	: 	: 	3.6 	4.4 	6.6 	1.4 	5.6 
A,RT_PRE_NAC,D11,K,PL	: 	: 	: 	4.3 	6.7 	13.8 	13 	11.3 
A,RT_PRE_NAC,D11,K,PT	: 	: 	: 	10.1 	-5 	3.9 	-0.4 	7.6 
A,RT_PRE_NAC,D11,K,RO	: 	: 	: 	9.9 b	2.6 	13.5 	14.6 	11.4 
A,RT_PRE_NAC,D11,K,RS	: 	: 	: 	5.4 	7.8 	8.4 	10.2 	12.3 
A,RT_PRE_NAC,D11,K,SE	: 	: 	: 	0.0 	3.7 	4.3 	3.1 	3.4 
A,RT_PRE_NAC,D11,K,SI	: 	: 	: 	0.5 	6.1 	8.4 	9.5 	4.3 
A,RT_PRE_NAC,D11,K,SK	: 	: 	: 	4.2 	4.3 	8.1 	5.5 	8.7 
A,RT_PRE_NAC,D11,K,TR	: 	: 	: 	26.1 	16.6 	71.8 	104.8 	93.6 
A,RT_PRE_NAC,D11,K-N,MT	: 	: 	: 	5.4 	-2.3 	4.9 	5.4 	: 
A,RT_PRE_NAC,D11,L,MT	: 	: 	: 	6.2 	-1.6 	0.4 	0.0 	: 
A,RT_PRE_NAC,D11,M,AT	: 	: 	1.7 	6.1 	-3.8 	10.8 	10.1 p	8.3 
A,RT_PRE_NAC,D11,M,BE	: 	: 	: 	1.6 	1 	5.4 	9.1 	2.2 
A,RT_PRE_NAC,D11,M,BG	: 	: 	: 	4 	7.7 	14.2 	12.5 	15.3 
A,RT_PRE_NAC,D11,M,CY	: 	: 	: 	-1.3 	0.6 	5.1 	8.2 	4 
A,RT_PRE_NAC,D11,M,CZ	: 	: 	: 	4.1 	3.2 	4.3 	8.9 	8.4 
A,RT_PRE_NAC,D11,M,DE	: 	: 	: 	1.7 	0.8 	10 	0.7 	7 
A,RT_PRE_NAC,D11,M,DK	: 	: 	1.7 	1.5 	3.5 	1.1 	3.3 	3.7 
A,RT_PRE_NAC,D11,M,EA19	: 	: 	: 	2.6 	1.2 	6.5 	3.3 	5 
A,RT_PRE_NAC,D11,M,EA20	: 	: 	: 	: 	1.2 	6.5 	3.4 	5 
A,RT_PRE_NAC,D11,M,EE	: 	: 	: 	7.7 	6.8 	9.9 	21.6 	4.4 
A,RT_PRE_NAC,D11,M,EL	: 	: 	: 	6.7 	5 	19.9 	3.5 	7 
A,RT_PRE_NAC,D11,M,ES	: 	: 	2.3 	4.1 	1.9 	1.9 	5.7 	5.8 
A,RT_PRE_NAC,D11,M,FI	1.8 p	4.4 p	-0.2 p	3.9 p	3.0 p	0.6 p	2.7 p	1.0 p
A,RT_PRE_NAC,D11,M,FR	: 	: 	: 	3.1 	0 	3.9 	3 	2.4 
A,RT_PRE_NAC,D11,M,HR	: 	: 	: 	-5.4 	3.9 	8.7 	14.3 	12 
A,RT_PRE_NAC,D11,M,HU	: 	: 	: 	10.4 	8 	17.5 	15.4 	11.9 
A,RT_PRE_NAC,D11,M,IE	: 	: 	: 	0.8 	6.9 	4.4 	4 	5.2 
A,RT_PRE_NAC,D11,M,IS	: 	7.5 p	5.3 p	0.6 p	9.5 p	7.6 p	8.3 p	5.6 p
A,RT_PRE_NAC,D11,M,IT	: 	: 	: 	2.9 	1.3 	2.6 	3 	2.4 
A,RT_PRE_NAC,D11,M,LT	: 	: 	: 	5.6 	16.6 	16.1 	13.6 	8.9 
A,RT_PRE_NAC,D11,M,LU	: 	: 	: 	2.5 	3.9 	5.3 	5.3 	3.4 
A,RT_PRE_NAC,D11,M,LV	: 	: 	: 	8.3 	12.9 	8.5 	12.1 	10.6 
A,RT_PRE_NAC,D11,M,MT	: 	: 	: 	6.4 	-2.2 	1.9 	3.1 	-2.3 
A,RT_PRE_NAC,D11,M,NL	: 	: 	: 	2.2 	2.6 	3.7 	5.3 	: @C
A,RT_PRE_NAC,D11,M,NO	: 	: 	: 	2.6 	5.4 	2.3 	5.8 	4.7 
A,RT_PRE_NAC,D11,M,PL	: 	: 	: 	3.8 	9.4 	11.3 	11.6 	9.5 
A,RT_PRE_NAC,D11,M,PT	: 	: 	: 	7.2 	1.4 	7.8 	7.3 	5.9 
A,RT_PRE_NAC,D11,M,RO	: 	: 	: 	3.5 b	6.8 	14.3 	12.3 	13.3 
A,RT_PRE_NAC,D11,M,RS	: 	: 	: 	13.3 	10.6 	21.3 	11.9 	10.8 
A,RT_PRE_NAC,D11,M,SE	: 	: 	: 	3.8 	2.7 	5.5 	5.3 	2.7 
A,RT_PRE_NAC,D11,M,SI	: 	: 	: 	3.7 	5.5 	5.8 	10.5 	7.2 
A,RT_PRE_NAC,D11,M,SK	: 	: 	: 	12.1 	-2.3 	8.6 	11 	4.3 
A,RT_PRE_NAC,D11,M,TR	: 	: 	: 	13.2 	18.2 	72.9 	104.1 	89.3 
A,RT_PRE_NAC,D11,N,AT	: 	: 	-6.9 	8.5 	5.5 	5.1 	6.4 p	10.2 
A,RT_PRE_NAC,D11,N,BE	: 	: 	: 	1.9 	1.1 	6.6 	7.1 	2.4 
A,RT_PRE_NAC,D11,N,BG	: 	: 	: 	5.1 	14.7 	18.4 	13.3 	15.8 
A,RT_PRE_NAC,D11,N,CY	: 	: 	: 	-1.5 	3.4 	7.7 	8 	7.1 
A,RT_PRE_NAC,D11,N,CZ	: 	: 	: 	12.7 	2.8 	3.6 	10.4 	7.8 
A,RT_PRE_NAC,D11,N,DE	: 	: 	: 	1.1 	2.2 	8.8 	8 	5.7 
A,RT_PRE_NAC,D11,N,DK	: 	: 	0.4 	1.1 	1.5 	4.9 	3.1 	4 
A,RT_PRE_NAC,D11,N,EA19	: 	: 	: 	3.3 	1.4 	5 	6.5 	4.6 
A,RT_PRE_NAC,D11,N,EA20	: 	: 	: 	: 	1.4 	5 	6.5 	4.6 
A,RT_PRE_NAC,D11,N,EE	: 	: 	: 	1.7 	6.9 	5.7 	12.6 	9.4 
A,RT_PRE_NAC,D11,N,EL	: 	: 	: 	6.2 	6 	9.5 	3.5 	8.1 
A,RT_PRE_NAC,D11,N,ES	: 	: 	1.5 	2.9 	2.9 	1.2 	7.1 	3.1 
A,RT_PRE_NAC,D11,N,FI	-17.3 p	-4.5 p	-2.8 p	-4.7 p	6.6 p	0.8 p	9.3 p	5.7 p
A,RT_PRE_NAC,D11,N,FR	: 	: 	: 	2.6 	1 	4.2 	5.3 	3 
A,RT_PRE_NAC,D11,N,HR	: 	: 	: 	-0.8 	0 	12.2 	17.8 	11.1 
A,RT_PRE_NAC,D11,N,HU	: 	: 	: 	4.9 	6.2 	14.5 	18.3 	11.7 
A,RT_PRE_NAC,D11,N,IE	: 	: 	: 	5.9 	7.9 	1 	4.7 	4.6 
A,RT_PRE_NAC,D11,N,IS	: 	7.8 p	8.3 p	3.7 p	8.3 p	9.7 p	8.4 p	7.5 p
A,RT_PRE_NAC,D11,N,IT	: 	: 	: 	5.7 	-0.5 	0.1 	0.2 	1.8 
A,RT_PRE_NAC,D11,N,LT	: 	: 	: 	10.5 	7.3 	19 	17 	8 
A,RT_PRE_NAC,D11,N,LU	: 	: 	: 	3 	2.9 	5.1 	8.4 	2.1 
A,RT_PRE_NAC,D11,N,LV	: 	: 	: 	5.1 	2.4 	7.4 	6.6 	17.1 
A,RT_PRE_NAC,D11,N,MT	: 	: 	: 	4.8 	-1 	6.2 	8.7 	-2.9 
A,RT_PRE_NAC,D11,N,NL	: 	: 	: 	4.7 	0.2 	4.6 	9.4 	: @C
A,RT_PRE_NAC,D11,N,NO	: 	: 	: 	1.8 	3.6 	-2.4 	8.1 	8.6 
A,RT_PRE_NAC,D11,N,PL	: 	: 	: 	9.5 	9.1 	11.8 	16.6 	13.7 
A,RT_PRE_NAC,D11,N,PT	: 	: 	: 	15.8 	-6.8 	3.4 	8.4 	6.7 
A,RT_PRE_NAC,D11,N,RO	: 	: 	: 	9.1 b	6.6 	12.8 	21.4 	9.4 
A,RT_PRE_NAC,D11,N,RS	: 	: 	: 	17.8 	5.8 	15.4 	12.5 	14.6 
A,RT_PRE_NAC,D11,N,SE	: 	: 	: 	0.7 	1.7 	3.7 	5.5 	5.2 
A,RT_PRE_NAC,D11,N,SI	: 	: 	: 	5.5 	4.9 	9.3 	12.7 	9 
A,RT_PRE_NAC,D11,N,SK	: 	: 	: 	12.4 	9.1 	12 	8.9 	4.3 
A,RT_PRE_NAC,D11,N,TR	: 	: 	: 	20.8 	22.3 	67.7 	107.7 	99.6 
A,RT_PRE_NAC,D11,O-S,MT	: 	: 	: 	6.7 	7.3 	2.7 	0.9 	: 
A,RT_PRE_NAC,D11,P,AT	: 	: 	-0.6 	10.1 	-1.9 	7.7 	3.3 p	13 
A,RT_PRE_NAC,D11,P,BE	: 	: 	: 	1.4 	1 	5.1 	9.4 	1.9 
A,RT_PRE_NAC,D11,P,BG	: 	: 	: 	15.6 	11.7 	12 	16.3 	14.8 
A,RT_PRE_NAC,D11,P,CY	: 	: 	: 	2 	0.2 	4.5 	7 	2.1 
A,RT_PRE_NAC,D11,P,CZ	: 	: 	: 	10.3 	5.3 	1.3 	4.8 	0.6 
A,RT_PRE_NAC,D11,P,DE	: 	: 	: 	4 	1.1 	-1.8 	2 	4.8 
A,RT_PRE_NAC,D11,P,DK	: 	: 	1.2 	2.3 	1.5 	1.7 	2.2 	5.5 
A,RT_PRE_NAC,D11,P,EA19	: 	: 	: 	3.8 	0.7 	1.1 	4 	4.5 
A,RT_PRE_NAC,D11,P,EA20	: 	: 	: 	: 	0.8 	1.2 	4 	4.6 
A,RT_PRE_NAC,D11,P,EE	: 	: 	: 	5.5 	3.4 	8 	16.7 	7.5 
A,RT_PRE_NAC,D11,P,EL	: 	: 	: 	0.8 	5.9 	-4.1 	7.2 	3.1 
A,RT_PRE_NAC,D11,P,ES	: 	: 	-0.2 	4.5 	-1.7 	4 	3.4 	2.8 
A,RT_PRE_NAC,D11,P,FI	-11.2 p	1.5 p	5.4 p	5.4 p	-0.8 p	2.9 p	3.7 p	4.0 p
A,RT_PRE_NAC,D11,P,FR	: 	: 	: 	: @C	: @C	: @C	: @C	: @C
A,RT_PRE_NAC,D11,P,HR	: 	: 	: 	2.3 	5.7 	6 	13.8 	23 
A,RT_PRE_NAC,D11,P,HU	: 	: 	: 	7.7 	10.7 	13.8 	17.7 	26.9 
A,RT_PRE_NAC,D11,P,IE	: 	: 	: 	1.6 	3.3 	4.6 	2.7 	4.4 
A,RT_PRE_NAC,D11,P,IS	: 	8.2 p	10.2 p	8.1 p	5.0 p	7.7 p	8.2 p	6.4 p
A,RT_PRE_NAC,D11,P,IT	: 	: 	: 	0.5 	0.5 	-0.2 	0.6 	4.4 
A,RT_PRE_NAC,D11,P,LT	: 	: 	: 	7.6 	11.2 	15.1 	14.2 	14.8 
A,RT_PRE_NAC,D11,P,LU	: 	: 	: 	-0.5 	0.2 	4.7 	6.9 	2.7 
A,RT_PRE_NAC,D11,P,LV	: 	: 	: 	0.8 	11.8 	8.6 	15.1 	15.1 
A,RT_PRE_NAC,D11,P,NL	: 	: 	: 	7.5 	-1.8 	5.1 	8.5 	: @C
A,RT_PRE_NAC,D11,P,NO	: 	: 	: 	2.6 	-0.8 	4.3 	6.1 	4.1 
A,RT_PRE_NAC,D11,P,PL	: 	: 	: 	8.7 	6.2 	6.1 	12.2 	23.3 
A,RT_PRE_NAC,D11,P,PT	: 	: 	: 	10.1 	1.9 	3.7 	5.5 	5 
A,RT_PRE_NAC,D11,P,RO	: 	: 	: 	9 b	0.1 	4.4 	22.5 	24.2 
A,RT_PRE_NAC,D11,P,RS	: 	: 	: 	12.6 	2.5 	9.1 	13.6 	15.8 
A,RT_PRE_NAC,D11,P,SE	: 	: 	: 	3.1 	2.8 	2 	3.1 	3.7 
A,RT_PRE_NAC,D11,P,SI	: 	: 	: 	9.2 	6.7 	-3.7 	9.8 	4.1 
A,RT_PRE_NAC,D11,P,SK	: 	: 	: 	16.9 	0.8 	2.1 	9.8 	8.2 
A,RT_PRE_NAC,D11,P-S,AT	: 	: 	-0.2 	9.3 	-0.1 	7.5 	5.1 p	12.6 
A,RT_PRE_NAC,D11,P-S,BE	: 	: 	: 	1.5 	1 	6.8 	7.7 	2.5 
A,RT_PRE_NAC,D11,P-S,BG	: 	: 	: 	12.7 	15.8 	9 	12.5 	15.1 
A,RT_PRE_NAC,D11,P-S,CY	: 	: 	: 	1.3 	0.6 	4.8 	7.6 	3.6 
A,RT_PRE_NAC,D11,P-S,CZ	: 	: 	: 	12.6 	7.3 	-2.7 	5.8 	4.6 
A,RT_PRE_NAC,D11,P-S,DE	: 	: 	: 	4.6 	1.5 	2.2 	3.8 	5.6 
A,RT_PRE_NAC,D11,P-S,DK	: 	: 	1.6 	2.9 	1.4 	2.1 	2 	5.2 
A,RT_PRE_NAC,D11,P-S,EA19	: 	: 	: 	4.7 	1.3 	2.5 	4.3 	4.7 
A,RT_PRE_NAC,D11,P-S,EA20	: 	: 	: 	: 	1.3 	2.5 	4.4 	4.7 
A,RT_PRE_NAC,D11,P-S,EE	: 	: 	: 	4.5 	7 	6.6 	17 	7.5 
A,RT_PRE_NAC,D11,P-S,EL	: 	: 	: 	3.9 	1.8 	-1.7 	3.1 	2 
A,RT_PRE_NAC,D11,P-S,ES	: 	: 	1.2 	5 	0 	2 	4.3 	3.7 
A,RT_PRE_NAC,D11,P-S,FI	-1.6 p	-1.1 p	-1.0 p	0.0 p	4.6 p	3.2 p	2.2 p	2.9 p
A,RT_PRE_NAC,D11,P-S,FR	: 	: 	: 	4.1 	2.7 	3.2 	4.7 	2.6 
A,RT_PRE_NAC,D11,P-S,HR	: 	: 	: 	4.5 	4 	7 	15.1 	22.1 
A,RT_PRE_NAC,D11,P-S,HU	: 	: 	: 	12.6 	14.2 	19.4 	16.1 	19 
A,RT_PRE_NAC,D11,P-S,IE	: 	: 	: 	2.7 	2.5 	4.7 	4.5 	4 
A,RT_PRE_NAC,D11,P-S,IS	: 	7.1 d	6.5 d	4.9 d	9.1 d	8.3 p	7.8 p	6.2 p
A,RT_PRE_NAC,D11,P-S,IT	: 	: 	: 	1.3 	-0.4 	0 	0.5 	3.8 
A,RT_PRE_NAC,D11,P-S,LT	: 	: 	: 	13.5 	12.2 	12.1 	12 	14 
A,RT_PRE_NAC,D11,P-S,LU	: 	: 	: 	0.8 	3.3 	3.9 	6.3 	1.9 
A,RT_PRE_NAC,D11,P-S,LV	: 	: 	: 	6.5 	16.7 	5.5 	10.2 	11.3 
A,RT_PRE_NAC,D11,P-S,MT	: 	: 	: 	5.8 	5.9 	1 	0.8 	12.4 
A,RT_PRE_NAC,D11,P-S,NL	: 	: 	: 	9.6 	-0.9 	2.5 	7.5 	5.8 
A,RT_PRE_NAC,D11,P-S,NO	: 	: 	: 	2.7 	0.3 	2.6 	6.8 	4.2 
A,RT_PRE_NAC,D11,P-S,PL	: 	: 	: 	9.3 	9.3 	7.3 	13.5 	19.7 
A,RT_PRE_NAC,D11,P-S,PT	: 	: 	: 	11.7 	1.2 	3.4 	6 	8 
A,RT_PRE_NAC,D11,P-S,RO	: 	: 	: 	8.6 b	1.3 	4.6 	13.6 	18.1 
A,RT_PRE_NAC,D11,P-S,RS	: 	: 	: 	16.9 	7.8 	9 	12.1 	14.1 
A,RT_PRE_NAC,D11,P-S,SE	: 	: 	: 	3.0 	2.2 	2.7 	3.3 	3.2 
A,RT_PRE_NAC,D11,P-S,SI	: 	: 	: 	12.3 	5.5 	-3.1 	9.7 	4 
A,RT_PRE_NAC,D11,P-S,SK	: 	: 	: 	14.4 	7 	2.3 	11 	7.6 
A,RT_PRE_NAC,D11,Q,AT	: 	: 	0.3 	7.2 	0.8 	8 	5.5 p	14.8 
A,RT_PRE_NAC,D11,Q,BE	: 	: 	: 	1.6 	1 	8 	6.4 	3 
A,RT_PRE_NAC,D11,Q,BG	: 	: 	: 	12.7 	21.4 	3.6 	9.3 	14 
A,RT_PRE_NAC,D11,Q,CY	: 	: 	: 	2 	0.4 	1.5 	10.6 	5 
A,RT_PRE_NAC,D11,Q,CZ	: 	: 	: 	15.3 	10.7 	-5.8 	5.1 	8.1 
A,RT_PRE_NAC,D11,Q,DE	: 	: 	: 	4 	1.4 	4.4 	4.9 	5.9 
A,RT_PRE_NAC,D11,Q,DK	: 	: 	1.7 	3.3 	1 	2.7 	1.9 	5.3 
A,RT_PRE_NAC,D11,Q,EA19	: 	: 	: 	4.5 	1.7 	3.7 	4.6 	4.6 
A,RT_PRE_NAC,D11,Q,EA20	: 	: 	: 	: 	1.7 	3.7 	4.6 	4.7 
A,RT_PRE_NAC,D11,Q,EE	: 	: 	: 	3.4 	11.6 	6 	17.9 	9.7 
A,RT_PRE_NAC,D11,Q,EL	: 	: 	: 	5 	-3 	3.5 	-3.7 	-2.9 
A,RT_PRE_NAC,D11,Q,ES	: 	: 	2 	3.3 	1.1 	2.2 	4.7 	3.9 
A,RT_PRE_NAC,D11,Q,FI	4.4 p	-3.8 p	-4.6 p	-2.3 p	7.2 p	3.6 p	1.5 p	2.5 p
A,RT_PRE_NAC,D11,Q,FR	: 	: 	: 	: @C	: @C	: @C	: @C	: @C
A,RT_PRE_NAC,D11,Q,HR	: 	: 	: 	8.9 	3.5 	7.3 	16.4 	23.4 
A,RT_PRE_NAC,D11,Q,HU	: 	: 	: 	19.9 	20 	25.9 	14.7 	12.2 
A,RT_PRE_NAC,D11,Q,IE	: 	: 	: 	2.8 	1.6 	5.3 	5.7 	3.8 
A,RT_PRE_NAC,D11,Q,IS	: 	10.0 p	5.2 p	4.2 p	10.7 p	9.0 p	7.6 p	5.8 p
A,RT_PRE_NAC,D11,Q,IT	: 	: 	: 	2.3 	-0.9 	0.6 	-0.3 	3.1 
A,RT_PRE_NAC,D11,Q,LT	: 	: 	: 	20.3 	13.7 	8.9 	9 	13.8 
A,RT_PRE_NAC,D11,Q,LU	: 	: 	: 	0.3 	4.4 	3.8 	6.3 	1.8 
A,RT_PRE_NAC,D11,Q,LV	: 	: 	: 	11.3 	26 	2.1 	5.1 	7.2 
A,RT_PRE_NAC,D11,Q,MT	: 	: 	: 	-4.7 	13.3 	9.4 	1.9 	4.7 
A,RT_PRE_NAC,D11,Q,NL	: 	: 	: 	9.9 	-0.5 	2.1 	7.2 	: @C
A,RT_PRE_NAC,D11,Q,NO	: 	: 	: 	2.8 	0.4 	1.8 	6.1 	5 
A,RT_PRE_NAC,D11,Q,PL	: 	: 	: 	11 	15 	8.6 	15.2 	15.4 
A,RT_PRE_NAC,D11,Q,PT	: 	: 	: 	13.7 	-0.2 	4.1 	6.7 	13.3 
A,RT_PRE_NAC,D11,Q,RO	: 	: 	: 	7.9 b	1.7 	3.5 	7.4 	13.7 
A,RT_PRE_NAC,D11,Q,RS	: 	: 	: 	21.1 	13.8 	7.6 	10.5 	12.9 
A,RT_PRE_NAC,D11,Q,SE	: 	: 	: 	2.9 	2.2 	3.3 	3.2 	2.8 
A,RT_PRE_NAC,D11,Q,SI	: 	: 	: 	17.3 	4.5 	-3.8 	8.9 	3.8 
A,RT_PRE_NAC,D11,Q,SK	: 	: 	: 	12.1 	13.1 	2.8 	13.7 	7.3 
A,RT_PRE_NAC,D11,R,AT	: 	: 	-2.7 	19.1 	-12.2 	11.2 	6.1 p	5.1 
A,RT_PRE_NAC,D11,R,BE	: 	: 	: 	1.6 	1.1 	7.5 	8.3 	2.3 
A,RT_PRE_NAC,D11,R,BG	: 	: 	: 	0.1 	14.5 	16.8 	12 	18.4 
A,RT_PRE_NAC,D11,R,CY	: 	: 	: 	-1.2 	2.5 	18.3 	1.8 	5.3 
A,RT_PRE_NAC,D11,R,CZ	: 	: 	: 	13 	-1 	-5.7 	10.9 	4.9 
A,RT_PRE_NAC,D11,R,DE	: 	: 	: 	9.9 	3.2 	-0.5 	4.6 	7.5 
A,RT_PRE_NAC,D11,R,DK	: 	: 	1.2 	4 	4.3 	-0.8 	2.5 	4.8 
A,RT_PRE_NAC,D11,R,EA19	: 	: 	: 	9.6 	0.5 	-1.8 	4.2 	5.6 
A,RT_PRE_NAC,D11,R,EA20	: 	: 	: 	: 	0.5 	-1.7 	4.3 	5.7 
A,RT_PRE_NAC,D11,R,EE	: 	: 	: 	1.3 	7.8 	6.1 	20.5 	-1.8 
A,RT_PRE_NAC,D11,R,EL	: 	: 	: 	7.6 	-3.2 	-7 	10.4 	7.6 
A,RT_PRE_NAC,D11,R,ES	: 	: 	5.6 	14.2 	-1 	-6.5 	4 	5.2 
A,RT_PRE_NAC,D11,R,FI	1.8 p	0.4 p	-2.3 p	2.3 p	1.1 p	2.4 p	2.1 p	4.2 p
A,RT_PRE_NAC,D11,R,FR	: 	: 	: 	6.7 	0 	-1.9 	1.4 	1.5 
A,RT_PRE_NAC,D11,R,HR	: 	: 	: 	2.8 	0.4 	7.2 	14.4 	17.7 
A,RT_PRE_NAC,D11,R,HU	: 	: 	: 	10.8 	9.4 	17.1 	15.6 	11.3 
A,RT_PRE_NAC,D11,R,IE	: 	: 	: 	6.2 	6.3 	1.1 	4.4 	2.7 
A,RT_PRE_NAC,D11,R,IS	: 	-2.6 p	3.1 p	1.4 p	15.1 p	7.8 p	7.6 p	6.5 p
A,RT_PRE_NAC,D11,R,IT	: 	: 	: 	2.2 	-0.5 	-5.5 	2.8 	9.1 
A,RT_PRE_NAC,D11,R,LT	: 	: 	: 	12.1 	9.2 	13.7 	17.5 	11.8 
A,RT_PRE_NAC,D11,R,LU	: 	: 	: 	5.6 	-1.9 	3.2 	6.8 	1.4 
A,RT_PRE_NAC,D11,R,LV	: 	: 	: 	12.1 	11.6 	5.4 	10.9 	11.3 
A,RT_PRE_NAC,D11,R,MT	: 	: 	: 	-1.2 	0.6 	1.4 	-4.6 	9.8 
A,RT_PRE_NAC,D11,R,NL	: 	: 	: 	22.5 	-4.8 	-8.7 	5.5 	: @C
A,RT_PRE_NAC,D11,R,NO	: 	: 	: 	4.4 	3.2 	5.1 	7.1 	5.5 
A,RT_PRE_NAC,D11,R,PL	: 	: 	: 	5 	4.6 	15.3 	15.1 	14.3 
A,RT_PRE_NAC,D11,R,PT	: 	: 	: 	16.6 	5.4 	-5.9 	3 	5.3 
A,RT_PRE_NAC,D11,R,RO	: 	: 	: 	12.9 b	3 	9 	11.2 	11.8 
A,RT_PRE_NAC,D11,R,RS	: 	: 	: 	14.8 	3.7 	15.9 	14.4 	13.5 
A,RT_PRE_NAC,D11,R,SE	: 	: 	: 	4.0 	-0.1 	1.4 	3.5 	5.7 
A,RT_PRE_NAC,D11,R,SI	: 	: 	: 	5.5 	5.4 	1.4 	11.3 	3.7 
A,RT_PRE_NAC,D11,R,SK	: 	: 	: 	13.8 	13.3 	-1.4 	2.6 	7.8 
A,RT_PRE_NAC,D11,S,AT	: 	: 	0.8 	10.9 	8.1 	3 	6.7 p	10.3 
A,RT_PRE_NAC,D11,S,BE	: 	: 	: 	1.6 	1.2 	5.3 	9.5 	1.9 
A,RT_PRE_NAC,D11,S,BG	: 	: 	: 	9.7 	10.5 	16.8 	6.9 	23 
A,RT_PRE_NAC,D11,S,CY	: 	: 	: 	-3.3 	2.4 	6.9 	6.5 	6.7 
A,RT_PRE_NAC,D11,S,CZ	: 	: 	: 	7.7 	4.5 	-4.6 	15.2 	6.3 
A,RT_PRE_NAC,D11,S,DE	: 	: 	: 	6.4 	2.2 	1.9 	2.5 	5.4 
A,RT_PRE_NAC,D11,S,DK	: 	: 	2 	2.3 	2.8 	0.8 	2.5 	3.8 
A,RT_PRE_NAC,D11,S,EA19	: 	: 	: 	6.1 	0.9 	2.2 	4 	4.7 
A,RT_PRE_NAC,D11,S,EA20	: 	: 	: 	: 	0.9 	2.3 	4.1 	4.7 
A,RT_PRE_NAC,D11,S,EE	: 	: 	: 	8.9 	5.6 	1.2 	7.5 	10.5 
A,RT_PRE_NAC,D11,S,EL	: 	: 	0.1 	7.1 	3.5 	-6.3 	5.8 	10.2 
A,RT_PRE_NAC,D11,S,ES	: 	: 	-2.7 	10.3 	-1.3 	1.9 	4.6 	4.5 
A,RT_PRE_NAC,D11,S,FI	-15.4 p	14.3 p	0.1 p	-12.2 p	18.9 p	-0.1 p	4.2 p	5.7 p
A,RT_PRE_NAC,D11,S,FR	: 	: 	: 	7.2 	: @C	: @C	: @C	: @C
A,RT_PRE_NAC,D11,S,HR	: 	: 	: 	-7.1 	-0.9 	13.4 	16.1 	7.9 
A,RT_PRE_NAC,D11,S,HU	: 	: 	: 	4.4 	1.5 	21.8 	14.1 	15.3 
A,RT_PRE_NAC,D11,S,IE	: 	: 	: 	7.8 	3.1 	1.6 	7.2 	3.7 
A,RT_PRE_NAC,D11,S,IS	: 	8.0 p	10.2 p	-2.3 p	9.5 p	4.6 p	7.1 p	6.8 p
A,RT_PRE_NAC,D11,S,IT	: 	: 	: 	-1.2 	-1.7 	0.7 	3.2 	0.3 
A,RT_PRE_NAC,D11,S,LT	: 	: 	: 	14.7 	11.7 	13.2 	9 	11.5 
A,RT_PRE_NAC,D11,S,LU	: 	: 	: 	4.7 	-0.1 	3.9 	6 	2 
A,RT_PRE_NAC,D11,S,LV	: 	: 	: 	15.3 	4.3 	2.6 	12.7 	16.1 
A,RT_PRE_NAC,D11,S,MT	: 	: 	: 	5.6 	3.2 	5.1 	17.5 	0.1 
A,RT_PRE_NAC,D11,S,NL	: 	: 	: 	6.1 	1.7 	2.2 	7.1 	: @C
A,RT_PRE_NAC,D11,S,NO	: 	: 	: 	3.1 	2.8 	0.5 	19.2 	-5.4 
A,RT_PRE_NAC,D11,S,PL	: 	: 	: 	5.9 	11.5 	2.5 	15.5 	11.5 
A,RT_PRE_NAC,D11,S,PT	: 	: 	: 	8.1 	6.4 	-2.3 	8.9 	5.4 
A,RT_PRE_NAC,D11,S,RO	: 	: 	: 	8.3 b	4.8 	20.1 	8.4 	18.9 
A,RT_PRE_NAC,D11,S,RS	: 	: 	: 	18.5 	0.5 	12.1 	11.9 	13 
A,RT_PRE_NAC,D11,S,SE	: 	: 	: 	2.7 	1.9 	1.2 	5.2 	2 
A,RT_PRE_NAC,D11,S,SI	: 	: 	: 	5.4 	2.3 	4.3 	14.3 	7.1 
A,RT_PRE_NAC,D11,S,SK	: 	: 	: 	11.2 	8.8 	5.1 	10.2 	4.3 
A,RT_PRE_NAC,D12_D4_MD5,B,AT	: 	: 	-4.5 	4.1 	-0.5 	-4.6 	8.8 p	9.5 
A,RT_PRE_NAC,D12_D4_MD5,B,BE	: 	: 	: 	1.7 	1.4 	7 	7 	2.5 
A,RT_PRE_NAC,D12_D4_MD5,B,BG	: 	: 	: 	5.4 	1.5 	16.9 	10.9 	8.3 
A,RT_PRE_NAC,D12_D4_MD5,B,CY	: 	: 	4.1 	7.5 	19 	0.5 	9.3 	7.3 
A,RT_PRE_NAC,D12_D4_MD5,B,CZ	: 	: 	: 	7.4 	16.4 	-12.1 	11.3 	3.9 
A,RT_PRE_NAC,D12_D4_MD5,B,DE	: 	: 	: 	12.4 	-0.3 	19.8 	5.1 	4.2 
A,RT_PRE_NAC,D12_D4_MD5,B,DK	: 	: 	: @C	: @C	: @C	: @C	: @C	: @C
A,RT_PRE_NAC,D12_D4_MD5,B,EA19	: 	: 	: 	9.1 	-2.5 	8.5 	5.2 	3.2 
A,RT_PRE_NAC,D12_D4_MD5,B,EA20	: 	: 	: 	: 	-2.5 d	8.5 	5.2 	3.3 
A,RT_PRE_NAC,D12_D4_MD5,B,EE	: 	: 	: 	-10.7 	5.4 	11.5 	7.3 	3.1 
A,RT_PRE_NAC,D12_D4_MD5,B,EL	: 	: 	4.0 	-10.7 	-6 	-5.6 	-4.2 	18.4 
A,RT_PRE_NAC,D12_D4_MD5,B,ES	: 	: 	6.8 	20.2 	-7.2 	-9.7 	20.2 	0.5 
A,RT_PRE_NAC,D12_D4_MD5,B,FI	-1.0 p	8.8 p	-14.5 p	-28.3 p	46.2 p	-4.9 p	-3.1 p	-5.6 p
A,RT_PRE_NAC,D12_D4_MD5,B,FR	: 	: 	: 	1.4 	0.9 	1.2 	1.8 	5.7 
A,RT_PRE_NAC,D12_D4_MD5,B,HR	: 	: 	: 	0.9 	-6.5 	2.8 	14 	7.4 
A,RT_PRE_NAC,D12_D4_MD5,B,HU	: 	: 	: 	-3 	-3.8 	-0.7 	14.2 	14.7 
A,RT_PRE_NAC,D12_D4_MD5,B,IE	: 	: 	: 	-15.5 	3.5 	23.2 	6.5 	-3.2 
A,RT_PRE_NAC,D12_D4_MD5,B,IS	: 	: @C	: @C	: @C	: @C	: @C	: @C	: @C
A,RT_PRE_NAC,D12_D4_MD5,B,IT	: 	: 	: 	-3 	-5.6 	5 	2.6 	-2.1 
A,RT_PRE_NAC,D12_D4_MD5,B,LT	: 	: 	: 	9.9 	11.8 	-12.4 	23.7 	1.2 
A,RT_PRE_NAC,D12_D4_MD5,B,LU	: 	: 	: 	3.7 	-1.6 	1.9 	9.4 	1.8 
A,RT_PRE_NAC,D12_D4_MD5,B,LV	: 	: 	: 	4.7 	-4.8 	12.7 	12.5 	11.7 
A,RT_PRE_NAC,D12_D4_MD5,B,MT	: 	: 	: 	8 	5.7 	1.3 	0.4 	-3.4 
A,RT_PRE_NAC,D12_D4_MD5,B,NL	: 	: 	: 	41.7 	-8.1 	35 	1.5 	: @C
A,RT_PRE_NAC,D12_D4_MD5,B,NO	: 	: 	: 	-0.1 	0.3 	10.2 	35.1 	1.8 
A,RT_PRE_NAC,D12_D4_MD5,B,PL	: 	: 	: 	7.7 	5.3 	22.2 	16.9 	7.1 
A,RT_PRE_NAC,D12_D4_MD5,B,PT	: 	: 	: 	7.8 	4.9 	2.9 	5.8 	9 
A,RT_PRE_NAC,D12_D4_MD5,B,RO	: 	: 	: 	17.2 b	13.7 	-26.1 	12.2 	10.6 
A,RT_PRE_NAC,D12_D4_MD5,B,RS	: 	: 	: 	2.6 	9.9 	7.3 	10.5 	11.1 
A,RT_PRE_NAC,D12_D4_MD5,B,SE	: 	: 	: 	0.9 	7.1 	3.2 	5.7 	4 
A,RT_PRE_NAC,D12_D4_MD5,B,SI	: 	: 	: 	-4.5 	13 	8.7 	8.5 	7.5 
A,RT_PRE_NAC,D12_D4_MD5,B,SK	: 	: 	: 	-2.7 	0.9 	29 	-1.8 	27.1 
A,RT_PRE_NAC,D12_D4_MD5,B,TR	: 	: 	: 	17.6 	22.1 	73.9 	130.6 	96.2 
A,RT_PRE_NAC,D12_D4_MD5,B-E,AT	: 	: 	1.8 	3.3 	2.4 	4.1 	8.8 p	7.7 
A,RT_PRE_NAC,D12_D4_MD5,B-E,BE	: 	: 	: 	1.7 	1.3 	7 	6.7 	3.3 
A,RT_PRE_NAC,D12_D4_MD5,B-E,BG	: 	: 	: 	5.3 	3.7 	17.1 	13.1 	12.2 
A,RT_PRE_NAC,D12_D4_MD5,B-E,CY	: 	: 	: 	-2 	5.9 	3.9 	5.7 	7.1 
A,RT_PRE_NAC,D12_D4_MD5,B-E,CZ	: 	: 	: 	1.3 	6.6 	5.9 	8.4 	6.2 
A,RT_PRE_NAC,D12_D4_MD5,B-E,DE	: 	: 	: 	2.1 	0.4 	11.5 	2.9 	3.5 
A,RT_PRE_NAC,D12_D4_MD5,B-E,DK	: 	: 	5.4 	-6 	10.3 	5.3 	2.8 	3.7 
A,RT_PRE_NAC,D12_D4_MD5,B-E,EA19	: 	: 	: 	1.5 	0.1 	7.3 	4.3 	4.5 
A,RT_PRE_NAC,D12_D4_MD5,B-E,EA20	: 	: 	: 	: 	0.1 	7.3 	4.3 	4.5 
A,RT_PRE_NAC,D12_D4_MD5,B-E,EE	: 	: 	: 	2.2 	5 	14.8 	7.3 	7.5 
A,RT_PRE_NAC,D12_D4_MD5,B-E,EL	: 	: 	: 	-1 	-7.4 	5.6 	4.3 	11.3 
A,RT_PRE_NAC,D12_D4_MD5,B-E,ES	: 	: 	-0.7 	6 	-0.9 	0 	7.1 	5.3 
A,RT_PRE_NAC,D12_D4_MD5,B-E,FI	9.8 p	13.5 p	10.9 p	-1.0 p	1.1 p	4.4 p	4.0 p	-2.1 p
A,RT_PRE_NAC,D12_D4_MD5,B-E,FR	: 	: 	: 	2.6 	-0.8 	2.9 	3.7 	4.7 
A,RT_PRE_NAC,D12_D4_MD5,B-E,HR	: 	: 	: 	-5.3 	3 	8.6 	13 	13.2 
A,RT_PRE_NAC,D12_D4_MD5,B-E,HU	: 	: 	: 	1.9 	-1.1 	-3.7 	16 	10.8 
A,RT_PRE_NAC,D12_D4_MD5,B-E,IE	: 	: 	: 	-24.7 	13 	18.3 	4.9 	9.9 
A,RT_PRE_NAC,D12_D4_MD5,B-E,IS	: 	4.8 d	10.0 d	3.8 d	4.6 d	9.3 p	8.8 p	7.6 p
A,RT_PRE_NAC,D12_D4_MD5,B-E,IT	: 	: 	: 	1.4 	-2.8 	3.3 	3.8 	4.2 
A,RT_PRE_NAC,D12_D4_MD5,B-E,LT	: 	: 	: 	-66.9 	265.5 	23.1 	18 	3.3 
A,RT_PRE_NAC,D12_D4_MD5,B-E,LU	: 	: 	: 	4.2 	-1.9 	3.7 	7.6 	1.8 
A,RT_PRE_NAC,D12_D4_MD5,B-E,LV	: 	: 	: 	4.3 	1 	10.4 	10.1 	10.9 
A,RT_PRE_NAC,D12_D4_MD5,B-E,MT	: 	: 	: 	-92.9 	83.8 	598.1 	47.9 	14.3 
A,RT_PRE_NAC,D12_D4_MD5,B-E,NL	: 	: 	: 	-11.6 	4.4 	13.4 	7.4 	6 
A,RT_PRE_NAC,D12_D4_MD5,B-E,NO	: 	: 	: 	0.9 	2.3 	4.5 	25.3 	3.3 
A,RT_PRE_NAC,D12_D4_MD5,B-E,PL	: 	: 	: 	5.7 	7.6 	12 	12 	11.2 
A,RT_PRE_NAC,D12_D4_MD5,B-E,PT	: 	: 	: 	4.1 	6.1 	5.7 	6.3 	7.6 
A,RT_PRE_NAC,D12_D4_MD5,B-E,RO	: 	: 	: 	15.3 b	3.3 	7.1 	10.3 	12 
A,RT_PRE_NAC,D12_D4_MD5,B-E,RS	: 	: 	: 	-26.4 	46.4 	26.4 	13 	14.5 
A,RT_PRE_NAC,D12_D4_MD5,B-E,SE	: 	: 	: 	-3.7 	7.9 	3.3 	1.3 	5.3 
A,RT_PRE_NAC,D12_D4_MD5,B-E,SI	: 	: 	: 	-4.6 	14.1 	9.6 	8.7 	6.5 
A,RT_PRE_NAC,D12_D4_MD5,B-E,SK	: 	: 	: 	-4.4 	7.7 	23.4 	5 	11.8 
A,RT_PRE_NAC,D12_D4_MD5,B-E,TR	: 	: 	: 	7.3 	25.6 	76.1 	166.8 	75.2 
A,RT_PRE_NAC,D12_D4_MD5,B-F,MT	: 	: 	: 	5.2 	13.0 	9.4 	2.1 	: 
A,RT_PRE_NAC,D12_D4_MD5,B-N,AT	: 	: 	0.1 	4.9 	2 	4.6 	6.8 p	9 
A,RT_PRE_NAC,D12_D4_MD5,B-N,BE	: 	: 	: 	1.6 	1.2 	6.1 	7.6 	2.4 
A,RT_PRE_NAC,D12_D4_MD5,B-N,BG	: 	: 	: 	6.1 	3.9 	15.3 	12 	13.5 
A,RT_PRE_NAC,D12_D4_MD5,B-N,CY	: 	: 	: 	-3.2 	2.1 	11.5 	5.7 	7.6 
A,RT_PRE_NAC,D12_D4_MD5,B-N,CZ	: 	: 	: 	-1.1 	-11.3 	3.4 	9.1 	6.4 
A,RT_PRE_NAC,D12_D4_MD5,B-N,DE	: 	: 	: 	1.4 	1 	12.1 	4.6 	4 
A,RT_PRE_NAC,D12_D4_MD5,B-N,DK	: 	: 	1.8 	-5.7 	1.4 	5.4 	2.9 	3.8 
A,RT_PRE_NAC,D12_D4_MD5,B-N,EA19	: 	: 	: 	0.1 	0.5 	7.8 	5.2 	4.5 
A,RT_PRE_NAC,D12_D4_MD5,B-N,EA20	: 	: 	: 	: 	0.5 	7.8 	5.2 	4.5 
A,RT_PRE_NAC,D12_D4_MD5,B-N,EE	: 	: 	: 	0.7 	6.6 	11 	10.4 	6.9 
A,RT_PRE_NAC,D12_D4_MD5,B-N,EL	: 	: 	: 	3.7 	-0.4 	8.6 	9.3 	10.9 
A,RT_PRE_NAC,D12_D4_MD5,B-N,ES	: 	: 	-0.7 	6.2 	-2.2 	0.2 	6.8 	5.1 
A,RT_PRE_NAC,D12_D4_MD5,B-N,FI	9.1 p	12.5 p	12.9 p	2.8 p	0.0 p	2.8 p	4.1 p	-1.8 p
A,RT_PRE_NAC,D12_D4_MD5,B-N,FR	: 	: 	: 	0.3 	-0.2 	4.1 	3.3 	4.1 
A,RT_PRE_NAC,D12_D4_MD5,B-N,HR	: 	: 	: 	-8.1 	2.5 	9.7 	13.9 	11.6 
A,RT_PRE_NAC,D12_D4_MD5,B-N,HU	: 	: 	: 	1.7 	-1.6 	-2.3 	14.8 	10.7 
A,RT_PRE_NAC,D12_D4_MD5,B-N,IE	: 	: 	: 	-48.1 	0.3 	83.9 	15.7 	7.7 
A,RT_PRE_NAC,D12_D4_MD5,B-N,IS	: 	11.4 d	5.3 p	3.1 p	7.2 p	7.3 p	7.9 p	7.4 p
A,RT_PRE_NAC,D12_D4_MD5,B-N,IT	: 	: 	: 	2.8 	-2.2 	2 	3.5 	3.3 
A,RT_PRE_NAC,D12_D4_MD5,B-N,LT	: 	: 	: 	-54.2 	71.2 	9.8 	13.4 	11.7 
A,RT_PRE_NAC,D12_D4_MD5,B-N,LU	: 	: 	: 	4.1 	-0.5 	3.7 	7.3 	2.1 
A,RT_PRE_NAC,D12_D4_MD5,B-N,LV	: 	: 	: 	4.9 	-0.8 	11.2 	10.3 	12.4 
A,RT_PRE_NAC,D12_D4_MD5,B-N,MT	: 	: 	: 	-150.5 	-68.6 	-525.1 	63.8 	3.9 
A,RT_PRE_NAC,D12_D4_MD5,B-N,NL	: 	: 	: 	-19.2 	5.2 	16.3 	7 	6.3 
A,RT_PRE_NAC,D12_D4_MD5,B-N,NO	: 	: 	: 	1.5 	3.3 	2.1 	20.5 	5.5 
A,RT_PRE_NAC,D12_D4_MD5,B-N,PL	: 	: 	: 	5.3 	7.9 	13 	12.2 	10.9 
A,RT_PRE_NAC,D12_D4_MD5,B-N,PT	: 	: 	: 	4.2 	4.9 	6.1 	6.5 	6.5 
A,RT_PRE_NAC,D12_D4_MD5,B-N,RO	: 	: 	: 	14.5 b	4.6 	8.8 	12.2 	12.8 
A,RT_PRE_NAC,D12_D4_MD5,B-N,RS	: 	: 	: 	-32 	49.4 	30.2 	14.3 	14 
A,RT_PRE_NAC,D12_D4_MD5,B-N,SE	: 	: 	: 	-3.1 	7.9 	3.6 	1.3 	5.3 
A,RT_PRE_NAC,D12_D4_MD5,B-N,SI	: 	: 	: 	-3.7 	13.7 	8.7 	9.1 	6.7 
A,RT_PRE_NAC,D12_D4_MD5,B-N,SK	: 	: 	: 	-2.9 	4.1 	24.2 	6.2 	12.1 
A,RT_PRE_NAC,D12_D4_MD5,B-S,MT	: 	: 	: 	7.2 	6.3 	1.7 	0.2 	: 
A,RT_PRE_NAC,D12_D4_MD5,B-S_X_O,AT	: 	: 	0.7 	5 	2.7 	5.6 	6.4 p	9.4 
A,RT_PRE_NAC,D12_D4_MD5,B-S_X_O,BE	: 	: 	: 	1.6 	1.2 	6.3 	7.4 	2.5 
A,RT_PRE_NAC,D12_D4_MD5,B-S_X_O,BG	: 	: 	: 	8 	5.8 	14.1 	11.4 	13.9 
A,RT_PRE_NAC,D12_D4_MD5,B-S_X_O,CY	: 	: 	: 	-1.8 	1.4 	9.1 	5.4 	6.8 
A,RT_PRE_NAC,D12_D4_MD5,B-S_X_O,CZ	: 	: 	: 	0.2 	-7.9 	3.5 	8.1 	6 
A,RT_PRE_NAC,D12_D4_MD5,B-S_X_O,DE	: 	: 	: 	2.4 	1.2 	11.5 	4.5 	4.1 
A,RT_PRE_NAC,D12_D4_MD5,B-S_X_O,DK	: 	: 	-5.2 	-11.8 	1.4 	4.8 	2.9 	4.1 
A,RT_PRE_NAC,D12_D4_MD5,B-S_X_O,EA19	: 	: 	: 	0.7 	0.8 	7.5 	5 	4.4 
A,RT_PRE_NAC,D12_D4_MD5,B-S_X_O,EA20	: 	: 	: 	: 	0.8 	7.5 	5 	4.4 
A,RT_PRE_NAC,D12_D4_MD5,B-S_X_O,EE	: 	: 	: 	1.4 	7 	10 	11.7 	7.1 
A,RT_PRE_NAC,D12_D4_MD5,B-S_X_O,EL	: 	: 	: 	-0.5 	-0.4 	4.2 	7.9 	9 
A,RT_PRE_NAC,D12_D4_MD5,B-S_X_O,ES	: 	: 	-0.6 	6.3 	-1.3 	0 	6.7 	4.8 
A,RT_PRE_NAC,D12_D4_MD5,B-S_X_O,FI	10.1 p	17.0 p	17.7 p	9.3 p	-5.8 p	3.1 p	3.8 p	-1.7 p
A,RT_PRE_NAC,D12_D4_MD5,B-S_X_O,FR	: 	: 	: 	0.2 	0.5 	3.9 	3.8 	3.9 
A,RT_PRE_NAC,D12_D4_MD5,B-S_X_O,HR	: 	: 	: 	-6.3 	2.9 	9 	14.2 	14.2 
A,RT_PRE_NAC,D12_D4_MD5,B-S_X_O,HU	: 	: 	: 	2 	-0.6 	-1.4 	14.7 	12.3 
A,RT_PRE_NAC,D12_D4_MD5,B-S_X_O,IE	: 	: 	: 	-42.7 	-2.6 	76.8 	14.7 	7.3 
A,RT_PRE_NAC,D12_D4_MD5,B-S_X_O,IS	: 	8.4 d	13.3 d	6.9 d	5.3 d	8.0 p	8.0 p	7.2 p
A,RT_PRE_NAC,D12_D4_MD5,B-S_X_O,IT	: 	: 	: 	2.6 	-2 	1.4 	2.6 	3.2 
A,RT_PRE_NAC,D12_D4_MD5,B-S_X_O,LT	: 	: 	: 	-49.2 	66.2 	11 	13.2 	11.7 
A,RT_PRE_NAC,D12_D4_MD5,B-S_X_O,LU	: 	: 	: 	3.8 	-0.1 	3.8 	7.2 	2 
A,RT_PRE_NAC,D12_D4_MD5,B-S_X_O,LV	: 	: 	: 	4.9 	2.1 	10.8 	10.1 	12.2 
A,RT_PRE_NAC,D12_D4_MD5,B-S_X_O,MT	: 	: 	: 	-123 	-125.7 	1138 	45.8 	5.5 
A,RT_PRE_NAC,D12_D4_MD5,B-S_X_O,NL	: 	: 	: 	-16.1 	5.5 	16.3 	6.1 	6 
A,RT_PRE_NAC,D12_D4_MD5,B-S_X_O,NO	: 	: 	: 	1.6 	2.4 	2.3 	18.1 	5.1 
A,RT_PRE_NAC,D12_D4_MD5,B-S_X_O,PL	: 	: 	: 	6 	8.2 	11.9 	12.5 	12.6 
A,RT_PRE_NAC,D12_D4_MD5,B-S_X_O,PT	: 	: 	: 	5.9 	4.1 	5.6 	7.2 	6.8 
A,RT_PRE_NAC,D12_D4_MD5,B-S_X_O,RO	: 	: 	: 	17.1 b	3.1 	7 	10.8 	13.7 
A,RT_PRE_NAC,D12_D4_MD5,B-S_X_O,RS	: 	: 	: 	-24.1 	40.4 	26.1 	13.9 	14 
A,RT_PRE_NAC,D12_D4_MD5,B-S_X_O,SE	: 	: 	: 	-1.7 	6.8 	3.3 	3.9 	2.9 
A,RT_PRE_NAC,D12_D4_MD5,B-S_X_O,SI	: 	: 	: 	-0.3 	12 	5.9 	8.8 	6 
A,RT_PRE_NAC,D12_D4_MD5,B-S_X_O,SK	: 	: 	: 	-0.2 	4.5 	20 	7.2 	11.9 
A,RT_PRE_NAC,D12_D4_MD5,C,AT	: 	: 	1.5 	3.1 	2.4 	4.2 	8.9 p	7.7 
A,RT_PRE_NAC,D12_D4_MD5,C,BE	: 	: 	: 	1.7 	1.3 	6.9 	6.9 	3.4 
A,RT_PRE_NAC,D12_D4_MD5,C,BG	: 	: 	: 	4.4 	5.7 	16.8 	14.5 	11.9 
A,RT_PRE_NAC,D12_D4_MD5,C,CY	: 	: 	: 	-4.4 	6.5 	4 	5.3 	8.5 
A,RT_PRE_NAC,D12_D4_MD5,C,CZ	: 	: 	: 	0.6 	6.5 	6.2 	8.3 	6.2 
A,RT_PRE_NAC,D12_D4_MD5,C,DE	: 	: 	: 	2.3 	0.4 	11.3 	2.9 	3.9 
A,RT_PRE_NAC,D12_D4_MD5,C,DK	: 	: 	5.8 	-6.6 	10.9 	5.4 	3.1 	3.9 
A,RT_PRE_NAC,D12_D4_MD5,C,EA19	: 	: 	: 	1.5 	0.1 	7.3 	4.2 	4.6 
A,RT_PRE_NAC,D12_D4_MD5,C,EA20	: 	: 	: 	: 	0.1 	7.3 	4.3 	4.7 
A,RT_PRE_NAC,D12_D4_MD5,C,EE	: 	: 	: 	2.8 	5.2 	15.5 	6.5 	7.3 
A,RT_PRE_NAC,D12_D4_MD5,C,EL	: 	: 	: 	-1.9 	-6.8 	6.7 	3.9 	10.7 
A,RT_PRE_NAC,D12_D4_MD5,C,ES	: 	: 	-1 	5.8 	-0.5 	-0.5 	7.4 	5.6 
A,RT_PRE_NAC,D12_D4_MD5,C,FI	10.5 p	12.7 p	10.2 p	-1.1 p	1.3 p	4.5 p	4.5 p	-2.1 p
A,RT_PRE_NAC,D12_D4_MD5,C,FR	: 	: 	: 	2.5 	-0.9 	3.1 	3.4 	4.8 
A,RT_PRE_NAC,D12_D4_MD5,C,HR	: 	: 	: 	-5.9 	3.4 	9.2 	13.8 	12.6 
A,RT_PRE_NAC,D12_D4_MD5,C,HU	: 	: 	: 	2 	-0.7 	-3.4 	16.4 	10.6 
A,RT_PRE_NAC,D12_D4_MD5,C,IE	: 	: 	: 	-26.5 	13.9 	18.2 	4.9 	9.5 
A,RT_PRE_NAC,D12_D4_MD5,C,IS	: 	4.0 p	8.5 p	3.4 p	5.2 p	9.6 p	8.6 p	7.4 p
A,RT_PRE_NAC,D12_D4_MD5,C,IT	: 	: 	: 	1.7 	-2.8 	3.2 	4 	4.3 
A,RT_PRE_NAC,D12_D4_MD5,C,LT	: 	: 	: 	-78.5 	: @C	: @C	: @C	: @C
A,RT_PRE_NAC,D12_D4_MD5,C,LU	: 	: 	: 	4.7 	-2.2 	3.5 	7.7 	1.6 
A,RT_PRE_NAC,D12_D4_MD5,C,LV	: 	: 	: 	5.2 	0 	10.4 	9.3 	10.7 
A,RT_PRE_NAC,D12_D4_MD5,C,MT	: 	: 	: 	-99.6 	723.6 	2699.2 	54.7 	15.5 
A,RT_PRE_NAC,D12_D4_MD5,C,NL	: 	: 	: 	-13.7 	5 	13.3 	7.3 	: @C
A,RT_PRE_NAC,D12_D4_MD5,C,NO	: 	: 	: 	1.5 	3.1 	1.8 	19.5 	3.9 
A,RT_PRE_NAC,D12_D4_MD5,C,PL	: 	: 	: 	5.6 	8.1 	11.2 	11.4 	11.7 
A,RT_PRE_NAC,D12_D4_MD5,C,PT	: 	: 	: 	3.8 	6.8 	5.2 	6.4 	7.6 
A,RT_PRE_NAC,D12_D4_MD5,C,RO	: 	: 	: 	14.7 b	1.5 	11 	9.5 	12.2 
A,RT_PRE_NAC,D12_D4_MD5,C,RS	: 	: 	: 	-37.4 	67 	33.5 	13.9 	15.1 
A,RT_PRE_NAC,D12_D4_MD5,C,SE	: 	: 	: 	-3.8 	7.9 	3.4 	1.4 	5.3 
A,RT_PRE_NAC,D12_D4_MD5,C,SI	: 	: 	: 	-4.2 	14 	9.7 	8.5 	6.6 
A,RT_PRE_NAC,D12_D4_MD5,C,SK	: 	: 	: 	-5.6 	8.6 	25.1 	4.8 	11.6 
A,RT_PRE_NAC,D12_D4_MD5,C,TR	: 	: 	: 	5.9 	26.6 	76.8 	171.3 	73 
A,RT_PRE_NAC,D12_D4_MD5,D,AT	: 	: 	13.1 	2.4 	1.8 	4.9 	5.8 p	5.4 
A,RT_PRE_NAC,D12_D4_MD5,D,BE	: 	: 	: 	2.1 	1.7 	8.6 	4 	2.9 
A,RT_PRE_NAC,D12_D4_MD5,D,BG	: 	: 	: 	7.6 	-6.1 	21.7 	5.5 	15.6 
A,RT_PRE_NAC,D12_D4_MD5,D,CY	: 	: 	-1.8 	32.5 	0.8 	4.5 	6.8 	4.2 
A,RT_PRE_NAC,D12_D4_MD5,D,CZ	: 	: 	: 	9.2 	5 	7.1 	9.7 	5.7 
A,RT_PRE_NAC,D12_D4_MD5,D,DE	: 	: 	: 	-4 	-0.2 	13.7 	1.6 	-0.1 
A,RT_PRE_NAC,D12_D4_MD5,D,DK	: 	: 	2.3 	-0.6 	5.9 	5.6 	0.4 	0.4 
A,RT_PRE_NAC,D12_D4_MD5,D,EA19	: 	: 	: 	-0.3 	0.6 	7.2 	4.3 	2.3 
A,RT_PRE_NAC,D12_D4_MD5,D,EA20	: 	: 	: 	: 	0.6 d	7.2 	4.3 	2.4 
A,RT_PRE_NAC,D12_D4_MD5,D,EE	: 	: 	: 	4.2 	1.5 	9.9 	16.8 	11 
A,RT_PRE_NAC,D12_D4_MD5,D,EL	: 	: 	: 	1.9 	-11.5 	0.8 	11.7 	-6.7 
A,RT_PRE_NAC,D12_D4_MD5,D,ES	: 	: 	9.2 	-0.1 	2.4 	-1.6 	5.6 	2 
A,RT_PRE_NAC,D12_D4_MD5,D,FI	-8.6 p	19.6 p	23.9 p	-3.4 p	1.8 p	4.1 p	-2.8 p	-0.2 p
A,RT_PRE_NAC,D12_D4_MD5,D,FR	: 	: 	: 	3 	0.9 	1.3 	6.7 	3.7 
A,RT_PRE_NAC,D12_D4_MD5,D,HR	: 	: 	: 	-5 	4.3 	4.3 	6.8 	19.2 
A,RT_PRE_NAC,D12_D4_MD5,D,HU	: 	: 	: 	1.2 	-6.2 	-9.6 	11.4 	11.2 
A,RT_PRE_NAC,D12_D4_MD5,D,IE	: 	: 	: 	3.4 	5.1 	2.7 	0.2 	18.6 
A,RT_PRE_NAC,D12_D4_MD5,D,IS	: 	14.8 p	24.0 p	11.1 p	-4.0 p	8.7 p	9.8 p	8.9 p
A,RT_PRE_NAC,D12_D4_MD5,D,IT	: 	: 	: 	-0.4 	-0.2 	3.8 	0.6 	2.9 
A,RT_PRE_NAC,D12_D4_MD5,D,LT	: 	: 	: 	-4.7 	13.8 	19.9 	14.6 	9.7 
A,RT_PRE_NAC,D12_D4_MD5,D,LU	: 	: 	: 	-0.8 	0.9 	4.6 	6.6 	2.9 
A,RT_PRE_NAC,D12_D4_MD5,D,LV	: 	: 	: 	0 	8.6 	7.9 	12.9 	11.2 
A,RT_PRE_NAC,D12_D4_MD5,D,MT	: 	: 	: 	15.6 	77.7 	8.2 	-12.9 	-1.3 
A,RT_PRE_NAC,D12_D4_MD5,D,NL	: 	: 	: 	4.6 	3 	8.4 	16.4 	: @C
A,RT_PRE_NAC,D12_D4_MD5,D,NO	: 	: 	: 	1.6 	8.2 	-0.5 	30.4 	4.7 
A,RT_PRE_NAC,D12_D4_MD5,D,PL	: 	: 	: 	5.2 	5.1 	11.6 	14.1 	9.6 
A,RT_PRE_NAC,D12_D4_MD5,D,PT	: 	: 	: 	4 	-7.3 	19.8 	-1.3 	2.4 
A,RT_PRE_NAC,D12_D4_MD5,D,RO	: 	: 	: 	22.5 b	8 	14.1 	12.4 	9.2 
A,RT_PRE_NAC,D12_D4_MD5,D,RS	: 	: 	: 	13.6 	3.8 	1.5 	6.3 	10.3 
A,RT_PRE_NAC,D12_D4_MD5,D,SE	: 	: 	: 	-3.2 	7.8 	2.3 	-1.2 	5.8 
A,RT_PRE_NAC,D12_D4_MD5,D,SI	: 	: 	: 	-10.3 	14.9 	9 	10.6 	5.3 
A,RT_PRE_NAC,D12_D4_MD5,D,SK	: 	: 	: 	6.7 	1.9 	9.1 	8 	13.9 
A,RT_PRE_NAC,D12_D4_MD5,D,TR	: 	: 	: 	22.6 	12.7 	71.5 	135.3 	87.8 
A,RT_PRE_NAC,D12_D4_MD5,E,AT	: 	: 	-2.4 	5.3 	-0.2 	5.7 	8.4 p	8.9 
A,RT_PRE_NAC,D12_D4_MD5,E,BE	: 	: 	: 	1.2 	1.2 	5.8 	8.3 	2.1 
A,RT_PRE_NAC,D12_D4_MD5,E,BG	: 	: 	: 	12.1 	3.7 	11.6 	14.7 	14.3 
A,RT_PRE_NAC,D12_D4_MD5,E,CY	: 	: 	: 	-2.7 	15.5 	2.5 	5.2 	5 
A,RT_PRE_NAC,D12_D4_MD5,E,CZ	: 	: 	: 	3.9 	5.4 	6.3 	9.6 	7.8 
A,RT_PRE_NAC,D12_D4_MD5,E,DE	: 	: 	: 	1.4 	2 	12.2 	5.6 	0 
A,RT_PRE_NAC,D12_D4_MD5,E,DK	: 	: 	: @C	: @C	: @C	: @C	: @C	: @C
A,RT_PRE_NAC,D12_D4_MD5,E,EA19	: 	: 	: 	1.6 	-0.1 	6.8 	4.4 	3.7 
A,RT_PRE_NAC,D12_D4_MD5,E,EA20	: 	: 	: 	: 	-0.1 	6.8 	4.4 	3.8 
A,RT_PRE_NAC,D12_D4_MD5,E,EE	: 	: 	: 	2 	7.7 	8.4 	12.8 	6.3 
A,RT_PRE_NAC,D12_D4_MD5,E,EL	: 	: 	: 	6.8 	-7.9 	5.4 	2.6 	37 
A,RT_PRE_NAC,D12_D4_MD5,E,ES	: 	: 	-0.8 	4.9 	0.4 	3.3 	5.2 	4.5 
A,RT_PRE_NAC,D12_D4_MD5,E,FI	15.0 p	25.7 p	27.2 p	24.2 p	-18.4 p	5.4 p	2.6 p	-0.8 p
A,RT_PRE_NAC,D12_D4_MD5,E,FR	: 	: 	: 	4.2 	-1.3 	2.3 	3.5 	4.3 
A,RT_PRE_NAC,D12_D4_MD5,E,HR	: 	: 	: 	-2.8 	1.4 	7.5 	11.3 	14.4 
A,RT_PRE_NAC,D12_D4_MD5,E,HU	: 	: 	: 	1.7 	-1.1 	-2.2 	14.1 	13.3 
A,RT_PRE_NAC,D12_D4_MD5,E,IE	: 	: 	: 	-35.6 	13.7 	68.3 	11.9 	11.8 
A,RT_PRE_NAC,D12_D4_MD5,E,IS	: 	-0.3 p	10.2 p	-7.1 p	13.8 p	9.5 p	8.2 p	5.6 p
A,RT_PRE_NAC,D12_D4_MD5,E,IT	: 	: 	: 	-1.8 	-3.7 	3.8 	1.3 	3.9 
A,RT_PRE_NAC,D12_D4_MD5,E,LT	: 	: 	: 	-8.1 	44.2 	18.2 	6.2 	21.2 
A,RT_PRE_NAC,D12_D4_MD5,E,LU	: 	: 	: 	1.8 	0.8 	5.1 	8 	3.5 
A,RT_PRE_NAC,D12_D4_MD5,E,LV	: 	: 	: 	3.9 	-1.7 	15.1 	13.3 	12.4 
A,RT_PRE_NAC,D12_D4_MD5,E,MT	: 	: 	: 	-24.9 	51.2 	3.2 	1.9 	2.1 
A,RT_PRE_NAC,D12_D4_MD5,E,NL	: 	: 	: 	-3.7 	2.2 	12.8 	2.6 	: @C
A,RT_PRE_NAC,D12_D4_MD5,E,NO	: 	: 	: 	1.3 	-0.2 	0.8 	11.9 	5.6 
A,RT_PRE_NAC,D12_D4_MD5,E,PL	: 	: 	: 	4.8 	7.3 	10.4 	10.8 	12.6 
A,RT_PRE_NAC,D12_D4_MD5,E,PT	: 	: 	: 	6.6 	2.7 	6 	7.8 	9.2 
A,RT_PRE_NAC,D12_D4_MD5,E,RO	: 	: 	: 	11 b	2.1 	6.1 	14.6 	15.6 
A,RT_PRE_NAC,D12_D4_MD5,E,RS	: 	: 	: 	7.2 	19.6 	13 	13.5 	15.4 
A,RT_PRE_NAC,D12_D4_MD5,E,SE	: 	: 	: 	-4.0 	8.9 	3 	1.5 	5.6 
A,RT_PRE_NAC,D12_D4_MD5,E,SI	: 	: 	: 	-6.4 	13.9 	8.4 	10.5 	7.1 
A,RT_PRE_NAC,D12_D4_MD5,E,SK	: 	: 	: 	6.4 	2.5 	10.7 	8.7 	8.4 
A,RT_PRE_NAC,D12_D4_MD5,E,TR	: 	: 	: 	12.6 	17.9 	56.5 	105.9 	101.2 
A,RT_PRE_NAC,D12_D4_MD5,F,AT	: 	: 	16.3 	4.9 	1.8 	5.1 	9.4 p	15.1 
A,RT_PRE_NAC,D12_D4_MD5,F,BE	: 	: 	: 	1.5 	1 	5.8 	8.1 	2.3 
A,RT_PRE_NAC,D12_D4_MD5,F,BG	: 	: 	: 	2.9 	7.4 	12.2 	14.1 	12.8 
A,RT_PRE_NAC,D12_D4_MD5,F,CY	: 	: 	: 	-9.2 	4.8 	3.2 	4.2 	6.7 
A,RT_PRE_NAC,D12_D4_MD5,F,CZ	: 	: 	: 	0.4 	8.3 	2.5 	9.6 	6.5 
A,RT_PRE_NAC,D12_D4_MD5,F,DE	: 	: 	: 	3.1 	2.8 	11.8 	5 	5.5 
A,RT_PRE_NAC,D12_D4_MD5,F,DK	: 	: 	2.3 	-12.3 	12.8 	7 	2.5 	3 
A,RT_PRE_NAC,D12_D4_MD5,F,EA19	: 	: 	: 	1.6 	0.2 	7.9 	5 	5.3 
A,RT_PRE_NAC,D12_D4_MD5,F,EA20	: 	: 	: 	: 	0.2 	7.9 	5 	5.4 
A,RT_PRE_NAC,D12_D4_MD5,F,EE	: 	: 	: 	1.9 	7.2 	6 	5.2 	4.7 
A,RT_PRE_NAC,D12_D4_MD5,F,EL	: 	: 	: 	2.2 	-6.9 	13.4 	16 	16.5 
A,RT_PRE_NAC,D12_D4_MD5,F,ES	: 	: 	-1.9 	2.8 	1.4 	-0.2 	8.1 	5.1 
A,RT_PRE_NAC,D12_D4_MD5,F,FI	16.6 p	14.8 p	12.2 p	2.4 p	-1.1 p	3.7 p	1.6 p	-0.1 p
A,RT_PRE_NAC,D12_D4_MD5,F,FR	: 	: 	: 	3.1 	-3.6 	2.6 	2.4 	4.4 
A,RT_PRE_NAC,D12_D4_MD5,F,HR	: 	: 	: 	-7.2 	3.3 	9.3 	17 	10.3 
A,RT_PRE_NAC,D12_D4_MD5,F,HU	: 	: 	: 	5.5 	-0.1 	-1 	15.7 	13 
A,RT_PRE_NAC,D12_D4_MD5,F,IE	: 	: 	: 	-79.9 	-60 	1361.3 	20 	0.5 
A,RT_PRE_NAC,D12_D4_MD5,F,IS	: 	7.9 p	13.0 p	19.6 p	-8.4 p	8.7 p	9.6 p	7.6 p
A,RT_PRE_NAC,D12_D4_MD5,F,IT	: 	: 	: 	0.8 	-1.3 	3.7 	4.1 	4.7 
A,RT_PRE_NAC,D12_D4_MD5,F,LT	: 	: 	: 	-43.2 	82.9 	5.9 	12 	18.9 
A,RT_PRE_NAC,D12_D4_MD5,F,LU	: 	: 	: 	5.4 	-3.2 	4.8 	7.6 	3.3 
A,RT_PRE_NAC,D12_D4_MD5,F,LV	: 	: 	: 	8.7 	-1.6 	6.1 	6.1 	14.2 
A,RT_PRE_NAC,D12_D4_MD5,F,MT	: 	: 	: 	-18.6 	25.2 	11 	2.5 	1.7 
A,RT_PRE_NAC,D12_D4_MD5,F,NL	: 	: 	: 	-0.3 	-1.2 	8.9 	1.9 	5 
A,RT_PRE_NAC,D12_D4_MD5,F,NO	: 	: 	: 	1.9 	-0.2 	1.5 	15.8 	4.4 
A,RT_PRE_NAC,D12_D4_MD5,F,PL	: 	: 	: 	4.2 	7.4 	11 	8.4 	13.7 
A,RT_PRE_NAC,D12_D4_MD5,F,PT	: 	: 	: 	2.5 	7.3 	5.9 	12.2 	7.4 
A,RT_PRE_NAC,D12_D4_MD5,F,RO	: 	: 	: 	22.9 b	4.1 	9.4 	16.6 	16.3 
A,RT_PRE_NAC,D12_D4_MD5,F,RS	: 	: 	: 	-43.2 	75.9 	33.5 	13 	14.9 
A,RT_PRE_NAC,D12_D4_MD5,F,SE	: 	: 	: 	-5.3 	8.9 	6.7 	3.6 	5.1 
A,RT_PRE_NAC,D12_D4_MD5,F,SI	: 	: 	: 	-1.6 	14.1 	8.9 	9.2 	8.1 
A,RT_PRE_NAC,D12_D4_MD5,F,SK	: 	: 	: 	-14 	-4.2 	42.5 	9.2 	18.4 
A,RT_PRE_NAC,D12_D4_MD5,F,TR	: 	: 	: 	4.8 	18.1 	74.3 	128.9 	85.8 
A,RT_PRE_NAC,D12_D4_MD5,G,AT	: 	: 	2 	3.9 	4.6 	3.9 	3.5 p	10.6 
A,RT_PRE_NAC,D12_D4_MD5,G,BE	: 	: 	: 	1.5 	1.3 	5.9 	8 	2 
A,RT_PRE_NAC,D12_D4_MD5,G,BG	: 	: 	: 	8 	5.3 	14.4 	10.9 	15.3 
A,RT_PRE_NAC,D12_D4_MD5,G,CY	: 	: 	: 	-9.1 	1.7 	12.8 	4.5 	7.5 
A,RT_PRE_NAC,D12_D4_MD5,G,CZ	: 	: 	: 	-2.7 	5.6 	12 	6.9 	5.6 
A,RT_PRE_NAC,D12_D4_MD5,G,DE	: 	: 	: 	3.4 	0.8 	10.4 	6.8 	3.6 
A,RT_PRE_NAC,D12_D4_MD5,G,DK	: 	: 	2 	-5.4 	18 	9 	4 	3.8 
A,RT_PRE_NAC,D12_D4_MD5,G,EA19	: 	: 	: 	0.9 	0.7 	6.5 	5.9 	4.2 
A,RT_PRE_NAC,D12_D4_MD5,G,EA20	: 	: 	: 	: 	0.7 	6.5 	5.9 	4.2 
A,RT_PRE_NAC,D12_D4_MD5,G,EE	: 	: 	: 	-10.2 	11.1 	8.7 	9.7 	6 
A,RT_PRE_NAC,D12_D4_MD5,G,EL	: 	: 	: 	0.8 	-2.3 	3.7 	5.9 	6.4 
A,RT_PRE_NAC,D12_D4_MD5,G,ES	: 	: 	-1.5 	3 	0.6 	2 	8.3 	4 
A,RT_PRE_NAC,D12_D4_MD5,G,FI	14.3 p	16.4 p	15.2 p	0.9 p	2.3 p	3.7 p	2.4 p	-2.4 p
A,RT_PRE_NAC,D12_D4_MD5,G,FR	: 	: 	: 	0.4 	-0.5 	2.9 	3.3 	3.6 
A,RT_PRE_NAC,D12_D4_MD5,G,HR	: 	: 	: 	-6.7 	3.5 	11.1 	14.3 	12.3 
A,RT_PRE_NAC,D12_D4_MD5,G,HU	: 	: 	: 	3.2 	-1.1 	-2.2 	14.7 	10 
A,RT_PRE_NAC,D12_D4_MD5,G,IE	: 	: 	: 	-54.8 	: @C	: @C	: @C	: @C
A,RT_PRE_NAC,D12_D4_MD5,G,IS	: 	5.6 p	13.8 p	6.1 p	6.7 p	8.7 p	7.4 p	7.5 p
A,RT_PRE_NAC,D12_D4_MD5,G,IT	: 	: 	: 	4.2 	-2.9 	1 	3.4 	2.8 
A,RT_PRE_NAC,D12_D4_MD5,G,LT	: 	: 	: 	-101.2 	: @C	: @C	: @C	: @C
A,RT_PRE_NAC,D12_D4_MD5,G,LU	: 	: 	: 	5.6 	-2.7 	3.2 	7.3 	1.9 
A,RT_PRE_NAC,D12_D4_MD5,G,LV	: 	: 	: 	5.6 	0.1 	10.6 	11 	13.3 
A,RT_PRE_NAC,D12_D4_MD5,G,MT	: 	: 	: 	-238.3 	-72.9 	-318.9 	46.2 	8.9 
A,RT_PRE_NAC,D12_D4_MD5,G,NL	: 	: 	: 	-15.4 	8.4 	14.2 	5.8 	: @C
A,RT_PRE_NAC,D12_D4_MD5,G,NO	: 	: 	: 	1.7 	6 	0.3 	14.8 	3.6 
A,RT_PRE_NAC,D12_D4_MD5,G,PL	: 	: 	: 	6.1 	8.7 	11.8 	11 	10.8 
A,RT_PRE_NAC,D12_D4_MD5,G,PT	: 	: 	: 	4.6 	5.8 	8.2 	8.3 	5.3 
A,RT_PRE_NAC,D12_D4_MD5,G,RO	: 	: 	: 	13.6 b	8.7 	5.5 	9.9 	14.5 
A,RT_PRE_NAC,D12_D4_MD5,G,RS	: 	: 	: 	-47.9 	92.8 	37.3 	15.5 	14.4 
A,RT_PRE_NAC,D12_D4_MD5,G,SE	: 	: 	: 	-2.2 	6.5 	3.4 	2.5 	6.4 
A,RT_PRE_NAC,D12_D4_MD5,G,SI	: 	: 	: 	-2.2 	14.9 	8.1 	8.8 	6.4 
A,RT_PRE_NAC,D12_D4_MD5,G,SK	: 	: 	: 	-2.9 	2.7 	29.8 	5.5 	13 
A,RT_PRE_NAC,D12_D4_MD5,G,TR	: 	: 	: 	4 	28.6 	72.4 	156.6 	70.6 
A,RT_PRE_NAC,D12_D4_MD5,G-J,MT	: 	: 	: 	12.9 	11.1 	-2.7 	1.6 	: 
A,RT_PRE_NAC,D12_D4_MD5,G-N,AT	: 	: 	-3.4 	5 	1.3 	5.4 	5.2 p	8.7 
A,RT_PRE_NAC,D12_D4_MD5,G-N,BE	: 	: 	: 	1.5 	1.1 	5.8 	7.9 	2.1 
A,RT_PRE_NAC,D12_D4_MD5,G-N,BG	: 	: 	: 	7 	3.7 	14.5 	11.1 	14.3 
A,RT_PRE_NAC,D12_D4_MD5,G-N,CY	: 	: 	: 	-2.6 	0.9 	14.5 	5.9 	7.8 
A,RT_PRE_NAC,D12_D4_MD5,G-N,CZ	: 	: 	: 	-3.4 	-29.5 	1.4 	9.6 	6.5 
A,RT_PRE_NAC,D12_D4_MD5,G-N,DE	: 	: 	: 	0.8 	1.2 	12.5 	5.6 	4.2 
A,RT_PRE_NAC,D12_D4_MD5,G-N,DK	: 	: 	0.5 	-4.8 	-3.2 	5.4 	3 	3.9 
A,RT_PRE_NAC,D12_D4_MD5,G-N,EA19	: 	: 	: 	-0.8 	0.7 	8 	5.6 	4.4 
A,RT_PRE_NAC,D12_D4_MD5,G-N,EA20	: 	: 	: 	: 	0.7 	8 	5.6 	4.4 
A,RT_PRE_NAC,D12_D4_MD5,G-N,EE	: 	: 	: 	-0.3 	7.4 	10.1 	12.6 	6.9 
A,RT_PRE_NAC,D12_D4_MD5,G-N,EL	: 	: 	: 	5 	2.2 	9.3 	10.6 	10.4 
A,RT_PRE_NAC,D12_D4_MD5,G-N,ES	: 	: 	-0.6 	6.2 	-2.6 	0.4 	6.7 	5 
A,RT_PRE_NAC,D12_D4_MD5,G-N,FI	9.8 p	12.6 p	14.6 p	5.0 p	-0.5 p	2.1 p	4.5 p	-1.8 p
A,RT_PRE_NAC,D12_D4_MD5,G-N,FR	: 	: 	: 	-0.8 	0.4 	4.6 	3.3 	4 
A,RT_PRE_NAC,D12_D4_MD5,G-N,HR	: 	: 	: 	-9.5 	2.2 	10.3 	13.9 	11 
A,RT_PRE_NAC,D12_D4_MD5,G-N,HU	: 	: 	: 	1.2 	-2.2 	-1.5 	14 	10.4 
A,RT_PRE_NAC,D12_D4_MD5,G-N,IE	: 	: 	: 	-54.6 	-4 	97.1 	19.6 	7.8 
A,RT_PRE_NAC,D12_D4_MD5,G-N,IS	: 	2.0 p	4.6 p	3.8 p	7.3 p	6.6 p	7.5 p	7.4 p
A,RT_PRE_NAC,D12_D4_MD5,G-N,IT	: 	: 	: 	4.1 	-2 	0.9 	3.3 	2.4 
A,RT_PRE_NAC,D12_D4_MD5,G-N,LT	: 	: 	: 	-52.6 	43.1 	5.6 	11.8 	14.1 
A,RT_PRE_NAC,D12_D4_MD5,G-N,LU	: 	: 	: 	3.9 	0.1 	3.6 	7.2 	1.9 
A,RT_PRE_NAC,D12_D4_MD5,G-N,LV	: 	: 	: 	4.6 	-1.3 	12.3 	11.1 	12.7 
A,RT_PRE_NAC,D12_D4_MD5,G-N,MT	: 	: 	: 	-175.7 	-56.1 	-279.7 	79.7 	2.1 
A,RT_PRE_NAC,D12_D4_MD5,G-N,NL	: 	: 	: 	-23.4 	6.2 	18 	7.4 	6.5 
A,RT_PRE_NAC,D12_D4_MD5,G-N,NO	: 	: 	: 	1.7 	4.5 	1.3 	19.8 	6.6 
A,RT_PRE_NAC,D12_D4_MD5,G-N,PL	: 	: 	: 	5.1 	8.1 	14 	12.8 	10.5 
A,RT_PRE_NAC,D12_D4_MD5,G-N,PT	: 	: 	: 	4.6 	4 	6.3 	5.9 	5.9 
A,RT_PRE_NAC,D12_D4_MD5,G-N,RO	: 	: 	: 	12.9 b	5.7 	10 	12.9 	12.9 
A,RT_PRE_NAC,D12_D4_MD5,G-N,RS	: 	: 	: 	-34.7 	49.2 	32.4 	15.2 	13.7 
A,RT_PRE_NAC,D12_D4_MD5,G-N,SE	: 	: 	: 	-2.5 	7.8 	3.2 	0.9 	5.3 
A,RT_PRE_NAC,D12_D4_MD5,G-N,SI	: 	: 	: 	-3.2 	13.3 	8 	9.4 	6.6 
A,RT_PRE_NAC,D12_D4_MD5,G-N,SK	: 	: 	: 	-0.8 	2.2 	23.4 	6.7 	11.9 
A,RT_PRE_NAC,D12_D4_MD5,H,AT	: 	: 	6.1 	-2.8 	4.9 	10.7 	7.7 p	5.2 
A,RT_PRE_NAC,D12_D4_MD5,H,BE	: 	: 	: 	1.2 	1.3 	6.3 	7.4 	2.1 
A,RT_PRE_NAC,D12_D4_MD5,H,BG	: 	: 	: 	8.3 	1.4 	13.7 	13.5 	12.1 
A,RT_PRE_NAC,D12_D4_MD5,H,CY	: 	: 	: 	7.8 	-8.1 	8.8 	3.3 	12 
A,RT_PRE_NAC,D12_D4_MD5,H,CZ	: 	: 	: 	2.6 	3.8 	6.9 	7.6 	7 
A,RT_PRE_NAC,D12_D4_MD5,H,DE	: 	: 	: 	0.5 	2.4 	10.6 	7.7 	3.5 
A,RT_PRE_NAC,D12_D4_MD5,H,DK	: 	: 	1.6 	-4.9 	13.5 	5.9 	2.6 	5.3 
A,RT_PRE_NAC,D12_D4_MD5,H,EA19	: 	: 	: 	-1.1 	0.2 	8.2 	6.3 	4.4 
A,RT_PRE_NAC,D12_D4_MD5,H,EA20	: 	: 	: 	: 	0.2 	8.2 	6.3 	4.4 
A,RT_PRE_NAC,D12_D4_MD5,H,EE	: 	: 	: 	5.1 	0.9 	15.5 	6 	6.2 
A,RT_PRE_NAC,D12_D4_MD5,H,EL	: 	: 	: 	4.1 	17.1 	-0.9 	3.6 	14.1 
A,RT_PRE_NAC,D12_D4_MD5,H,ES	: 	: 	2.2 	10.2 	-7.8 	3.5 	5.9 	5.9 
A,RT_PRE_NAC,D12_D4_MD5,H,FI	2.9 p	2.1 p	8.9 p	20.8 p	-15.6 p	5.6 p	3.4 p	-3.4 p
A,RT_PRE_NAC,D12_D4_MD5,H,FR	: 	: 	: 	-1.5 	0.4 	5.6 	4.1 	5.5 
A,RT_PRE_NAC,D12_D4_MD5,H,HR	: 	: 	: 	-9.8 	-4.3 	9.6 	14.7 	10.7 
A,RT_PRE_NAC,D12_D4_MD5,H,HU	: 	: 	: 	3.2 	-4.4 	-1.6 	12.4 	12.3 
A,RT_PRE_NAC,D12_D4_MD5,H,IE	: 	: 	: 	-49.2 	: @C	: @C	: @C	: @C
A,RT_PRE_NAC,D12_D4_MD5,H,IS	: 	12.5 p	3.7 p	9.2 p	-1.4 p	7.8 p	9.5 p	7.6 p
A,RT_PRE_NAC,D12_D4_MD5,H,IT	: 	: 	: 	4.7 	-1.8 	0.3 	4.3 	2.6 
A,RT_PRE_NAC,D12_D4_MD5,H,LT	: 	: 	: 	-34.1 	-28.9 	-24.1 	-1.7 	6.4 
A,RT_PRE_NAC,D12_D4_MD5,H,LU	: 	: 	: 	3 	-0.4 	4.1 	7.6 	3 
A,RT_PRE_NAC,D12_D4_MD5,H,LV	: 	: 	: 	4.2 	-4.3 	9.7 	12.9 	16.6 
A,RT_PRE_NAC,D12_D4_MD5,H,MT	: 	: 	: 	-198.4 	-32.5 	-188.4 	153.3 	-1.6 
A,RT_PRE_NAC,D12_D4_MD5,H,NL	: 	: 	: 	-33.2 	6.6 	29.5 	11 	: @C
A,RT_PRE_NAC,D12_D4_MD5,H,NO	: 	: 	: 	2.1 	4.9 	4.3 	19 	6.2 
A,RT_PRE_NAC,D12_D4_MD5,H,PL	: 	: 	: 	2.8 	6 	23.4 	16.1 	10 
A,RT_PRE_NAC,D12_D4_MD5,H,PT	: 	: 	: 	-1.9 	7 	2.3 	-2.4 	4.9 
A,RT_PRE_NAC,D12_D4_MD5,H,RO	: 	: 	: 	15.4 b	6.6 	4.4 	15.3 	14.9 
A,RT_PRE_NAC,D12_D4_MD5,H,RS	: 	: 	1.0 	-27.9 	46 	26.4 	14.1 	14.9 
A,RT_PRE_NAC,D12_D4_MD5,H,SE	: 	: 	: 	-4.6 	7.9 	3.3 	3 	4.1 
A,RT_PRE_NAC,D12_D4_MD5,H,SI	: 	: 	: 	-7.2 	14.7 	9.3 	7.9 	8.9 
A,RT_PRE_NAC,D12_D4_MD5,H,SK	: 	: 	: 	1.6 	-3.2 	27.6 	4.1 	14.6 
A,RT_PRE_NAC,D12_D4_MD5,H,TR	: 	: 	: 	7 	18.6 	78 	132.3 	80 
A,RT_PRE_NAC,D12_D4_MD5,I,AT	: 	: 	-8 	13.8 	-2.1 	19 	5.4 p	6.3 
A,RT_PRE_NAC,D12_D4_MD5,I,BE	: 	: 	: 	1.6 	1 	3.4 	10.3 	1.8 
A,RT_PRE_NAC,D12_D4_MD5,I,BG	: 	: 	: 	14.7 	-0.3 	16.8 	13.4 	15.4 
A,RT_PRE_NAC,D12_D4_MD5,I,CY	: 	: 	: 	-20.6 	-9.1 	68.6 	0.3 	8.3 
A,RT_PRE_NAC,D12_D4_MD5,I,CZ	: 	: 	: 	-80.6 	-792.5 	-170.3 	6.8 	7.9 
A,RT_PRE_NAC,D12_D4_MD5,I,DE	: 	: 	: 	4.7 	2.4 	14.4 	9.5 	4.5 
A,RT_PRE_NAC,D12_D4_MD5,I,DK	: 	: 	-0.5 	-12.1 	: @C	: @C	: @C	: @C
A,RT_PRE_NAC,D12_D4_MD5,I,EA19	: 	: 	: 	-15.1 	-1.7 	26.6 	10.9 	4.7 
A,RT_PRE_NAC,D12_D4_MD5,I,EA20	: 	: 	: 	: 	-1.6 	26.6 	10.9 	4.7 
A,RT_PRE_NAC,D12_D4_MD5,I,EE	: 	: 	: 	-3.4 	0.1 	20.2 	18.1 	2.7 
A,RT_PRE_NAC,D12_D4_MD5,I,EL	: 	: 	: 	10.8 	28.6 	36.4 	31.5 	41.5 
A,RT_PRE_NAC,D12_D4_MD5,I,ES	: 	: 	-1.3 	11.5 	-16 	10.9 	6.9 	4.5 
A,RT_PRE_NAC,D12_D4_MD5,I,FI	25.8 p	21.0 p	16.0 p	8.9 p	-2.6 p	0.2 p	3.7 p	2.0 p
A,RT_PRE_NAC,D12_D4_MD5,I,FR	: 	: 	: 	-34.6 	17.1 	37.6 	5.4 	3.9 
A,RT_PRE_NAC,D12_D4_MD5,I,HR	: 	: 	: 	-13.8 	3.1 	13.3 	15.3 	12.1 
A,RT_PRE_NAC,D12_D4_MD5,I,HU	: 	: 	: 	-12.5 	-17.8 	45 	16.2 	10.4 
A,RT_PRE_NAC,D12_D4_MD5,I,IE	: 	: 	: 	: @C	: @C	: @C	: @C	: @C
A,RT_PRE_NAC,D12_D4_MD5,I,IS	: 	2.2 p	8.2 p	2.5 p	5.8 p	8.8 p	8.3 p	8.0 p
A,RT_PRE_NAC,D12_D4_MD5,I,IT	: 	: 	: 	6.9 	-3.4 	-3.9 	7.7 	1.9 
A,RT_PRE_NAC,D12_D4_MD5,I,LT	: 	: 	: 	: @C	: @C	: @C	: @C	: @C
A,RT_PRE_NAC,D12_D4_MD5,I,LU	: 	: 	: 	40.5 	-2.7 	-19.1 	6 	1.8 
A,RT_PRE_NAC,D12_D4_MD5,I,LV	: 	: 	: 	6.7 	-35.2 	51.4 	9.8 	15.6 
A,RT_PRE_NAC,D12_D4_MD5,I,MT	: 	: 	: 	-853.9 	-8.4 	-77.6 	-164.2 	19.5 
A,RT_PRE_NAC,D12_D4_MD5,I,NL	: 	: 	: 	-212.6 	-14.1 	-334.2 	22.6 	: @C
A,RT_PRE_NAC,D12_D4_MD5,I,NO	: 	: 	: 	2.8 	5 	-7.7 	11.7 	7.4 
A,RT_PRE_NAC,D12_D4_MD5,I,PL	: 	: 	: 	6.7 	6.6 	11.4 	12.7 	13 
A,RT_PRE_NAC,D12_D4_MD5,I,PT	: 	: 	: 	-6.4 	16.8 	6 	4 	6 
A,RT_PRE_NAC,D12_D4_MD5,I,RO	: 	: 	: 	9.6 b	-2.6 	11.9 	9.6 	21.9 
A,RT_PRE_NAC,D12_D4_MD5,I,RS	: 	: 	: 	-107.9 	-1275.5 	45.5 	12.7 	16.1 
A,RT_PRE_NAC,D12_D4_MD5,I,SE	: 	: 	: 	-6.4 	6.8 	3 	7.1 	6.9 
A,RT_PRE_NAC,D12_D4_MD5,I,SI	: 	: 	: 	0.2 	17.5 	1.3 	11.2 	6.7 
A,RT_PRE_NAC,D12_D4_MD5,I,SK	: 	: 	: 	-42.1 	34.4 	64.7 	34.7 	16.8 
A,RT_PRE_NAC,D12_D4_MD5,I,TR	: 	: 	: 	9.1 	17 	87.3 	158.9 	74.9 
A,RT_PRE_NAC,D12_D4_MD5,J,AT	: 	: 	2.9 	5 	0.9 	6.2 	6.3 p	10.9 
A,RT_PRE_NAC,D12_D4_MD5,J,BE	: 	: 	: 	1.5 	1.1 	4.4 	9.3 	1.6 
A,RT_PRE_NAC,D12_D4_MD5,J,BG	: 	: 	: 	3.6 	3.4 	13.3 	10.2 	15.4 
A,RT_PRE_NAC,D12_D4_MD5,J,CY	: 	: 	: 	4.1 	2.4 	12.7 	11.8 	6.5 
A,RT_PRE_NAC,D12_D4_MD5,J,CZ	: 	: 	: 	4.7 	5.5 	6.8 	12.1 	5.8 
A,RT_PRE_NAC,D12_D4_MD5,J,DE	: 	: 	: 	-3.4 	6.5 	4.5 	5.2 	3.8 
A,RT_PRE_NAC,D12_D4_MD5,J,DK	: 	: 	-1.9 	-7.9 	6.6 	5 	2 	3.7 
A,RT_PRE_NAC,D12_D4_MD5,J,EA19	: 	: 	: 	-1 	3.8 	3.7 	5 	4.1 
A,RT_PRE_NAC,D12_D4_MD5,J,EA20	: 	: 	: 	: 	3.8 	3.7 	5 	4.2 
A,RT_PRE_NAC,D12_D4_MD5,J,EE	: 	: 	: 	8.7 	10.8 	8.4 	12.4 	11.9 
A,RT_PRE_NAC,D12_D4_MD5,J,EL	: 	: 	: 	14.5 	-7.5 	11 	17 	7 
A,RT_PRE_NAC,D12_D4_MD5,J,ES	: 	: 	-4 	-0.4 	3.2 	-3.2 	8.8 	5.5 
A,RT_PRE_NAC,D12_D4_MD5,J,FI	21.6 p	15.3 p	9.5 p	-4.4 p	5.9 p	0.8 p	3.1 p	-0.7 p
A,RT_PRE_NAC,D12_D4_MD5,J,FR	: 	: 	: 	1.2 	1.6 	2.2 	2.1 	3.6 
A,RT_PRE_NAC,D12_D4_MD5,J,HR	: 	: 	: 	-17.8 	5.9 	10.1 	12 	8.2 
A,RT_PRE_NAC,D12_D4_MD5,J,HU	: 	: 	: 	-3.4 	-0.1 	-4.7 	14.2 	11.1 
A,RT_PRE_NAC,D12_D4_MD5,J,IE	: 	: 	: 	-2.8 	9.4 	13.1 	12.7 	6.7 
A,RT_PRE_NAC,D12_D4_MD5,J,IS	: 	3.6 p	16.7 p	0.4 p	10.2 p	5.2 p	6.0 p	8.1 p
A,RT_PRE_NAC,D12_D4_MD5,J,IT	: 	: 	: 	0.8 	-0.4 	1.9 	2.3 	2.7 
A,RT_PRE_NAC,D12_D4_MD5,J,LT	: 	: 	: 	-3.1 	17.1 	21.6 	26.8 	30 
A,RT_PRE_NAC,D12_D4_MD5,J,LU	: 	: 	: 	1.2 	-0.1 	4.9 	6.5 	1.7 
A,RT_PRE_NAC,D12_D4_MD5,J,LV	: 	: 	: 	4 	4.4 	10.8 	11.6 	8.5 
A,RT_PRE_NAC,D12_D4_MD5,J,MT	: 	: 	: 	-24.4 	17.9 	15.7 	4.1 	1.5 
A,RT_PRE_NAC,D12_D4_MD5,J,NL	: 	: 	: 	-15.3 	13 	15 	6.7 	: @C
A,RT_PRE_NAC,D12_D4_MD5,J,NO	: 	: 	: 	1.2 	4.4 	-0.2 	27.7 	10.7 
A,RT_PRE_NAC,D12_D4_MD5,J,PL	: 	: 	: 	3.5 	9.4 	12.4 	10.7 	8.3 
A,RT_PRE_NAC,D12_D4_MD5,J,PT	: 	: 	: 	4 	6.7 	11.5 	5.3 	5.7 
A,RT_PRE_NAC,D12_D4_MD5,J,RO	: 	: 	: 	6.2 b	9.5 	21.5 	16.2 	9.5 
A,RT_PRE_NAC,D12_D4_MD5,J,RS	: 	: 	: 	-11.8 	33.8 	36.7 	19.7 	12.5 
A,RT_PRE_NAC,D12_D4_MD5,J,SE	: 	: 	: 	-0.7 	9.3 	2.2 	-2 	5.6 
A,RT_PRE_NAC,D12_D4_MD5,J,SI	: 	: 	: 	-5.5 	12.5 	5.6 	9.5 	7.5 
A,RT_PRE_NAC,D12_D4_MD5,J,SK	: 	: 	: 	2.3 	5.8 	11.4 	6.9 	9.5 
A,RT_PRE_NAC,D12_D4_MD5,J,TR	: 	: 	: 	8.1 	28.4 	63.4 	138.8 	84.8 
A,RT_PRE_NAC,D12_D4_MD5,K,AT	: 	: 	-16.2 	-11.7 	-7.1 	8.1 	2.9 p	5.4 
A,RT_PRE_NAC,D12_D4_MD5,K,BE	: 	: 	: 	1.6 	0.8 	5.9 	8.3 	2.2 
A,RT_PRE_NAC,D12_D4_MD5,K,BG	: 	: 	: 	5.3 	-2.7 	17.2 	7.7 	10.6 
A,RT_PRE_NAC,D12_D4_MD5,K,CY	: 	: 	: 	9.3 	3.2 	6.9 	7.1 	6.8 
A,RT_PRE_NAC,D12_D4_MD5,K,CZ	: 	: 	: 	1.3 	3.4 	7.5 	9.8 	4.4 
A,RT_PRE_NAC,D12_D4_MD5,K,DE	: 	: 	: 	3.3 	-3 	11.8 	6.5 	3.8 
A,RT_PRE_NAC,D12_D4_MD5,K,DK	: 	: 	5.7 	-5.1 	7.6 	2.4 	1.8 	2.7 
A,RT_PRE_NAC,D12_D4_MD5,K,EA19	: 	: 	: 	2.6 	0.2 	5.6 	4.8 	4 
A,RT_PRE_NAC,D12_D4_MD5,K,EA20	: 	: 	: 	: 	0.2 	5.6 	4.8 	4 
A,RT_PRE_NAC,D12_D4_MD5,K,EE	: 	: 	: 	1.7 	5.2 	6.9 	11.9 	8 
A,RT_PRE_NAC,D12_D4_MD5,K,EL	: 	: 	: 	2.8 	-12.6 	11.1 	12.1 	-7.7 
A,RT_PRE_NAC,D12_D4_MD5,K,ES	: 	: 	9.5 	-0.7 	-3.6 	-1.4 	0.5 	5.7 
A,RT_PRE_NAC,D12_D4_MD5,K,FI	27.7 p	29.9 p	25.1 p	12.2 p	-5.4 p	7.3 p	5.3 p	-5.6 p
A,RT_PRE_NAC,D12_D4_MD5,K,FR	: 	: 	: 	2.6 	0.8 	5.2 	4.1 	4.3 
A,RT_PRE_NAC,D12_D4_MD5,K,HR	: 	: 	: 	-1.2 	1.1 	7.6 	10.5 	8.7 
A,RT_PRE_NAC,D12_D4_MD5,K,HU	: 	: 	: 	-1.9 	-2 	-5.2 	14 	9.2 
A,RT_PRE_NAC,D12_D4_MD5,K,IE	: 	: 	: 	0.2 	12.2 	-5.2 	5.7 	5.4 
A,RT_PRE_NAC,D12_D4_MD5,K,IS	: 	38.9 p	53.1 p	46.9 p	-28.0 p	10.0 p	7.6 p	6.1 p
A,RT_PRE_NAC,D12_D4_MD5,K,IT	: 	: 	: 	6.3 	-3.9 	4 	2.1 	2.4 
A,RT_PRE_NAC,D12_D4_MD5,K,LT	: 	: 	: 	9.1 	-0.6 	6.4 	9.5 	14 
A,RT_PRE_NAC,D12_D4_MD5,K,LU	: 	: 	: 	-1.5 	1.9 	5.1 	7.1 	1.8 
A,RT_PRE_NAC,D12_D4_MD5,K,LV	: 	: 	: 	0 	0 	9.7 	9.6 	8.2 
A,RT_PRE_NAC,D12_D4_MD5,K,MT	: 	: 	: 	2.2 	1.5 	8.2 	1.8 	-1.3 
A,RT_PRE_NAC,D12_D4_MD5,K,NL	: 	: 	: 	-1 	6.1 	-1.5 	1.8 	: @C
A,RT_PRE_NAC,D12_D4_MD5,K,NO	: 	: 	: 	2.7 	-0.1 	5.6 	25.1 	8.4 
A,RT_PRE_NAC,D12_D4_MD5,K,PL	: 	: 	: 	4.3 	6.8 	13.8 	13 	11.3 
A,RT_PRE_NAC,D12_D4_MD5,K,PT	: 	: 	: 	12 	-3.9 	3 	5.5 	7.8 
A,RT_PRE_NAC,D12_D4_MD5,K,RO	: 	: 	: 	14.2 b	-2.8 	10 	12.1 	11 
A,RT_PRE_NAC,D12_D4_MD5,K,RS	: 	: 	: 	1.3 	11 	9.3 	10.9 	13.4 
A,RT_PRE_NAC,D12_D4_MD5,K,SE	: 	: 	: 	-2.8 	7.6 	2.7 	-3 	4.6 
A,RT_PRE_NAC,D12_D4_MD5,K,SI	: 	: 	: 	-2.6 	6.1 	13.4 	10.2 	4.6 
A,RT_PRE_NAC,D12_D4_MD5,K,SK	: 	: 	: 	3.8 	3.8 	8.6 	8.3 	10.2 
A,RT_PRE_NAC,D12_D4_MD5,K,TR	: 	: 	: 	24.1 	15.8 	73.5 	134.5 	87 
A,RT_PRE_NAC,D12_D4_MD5,K-N,MT	: 	: 	: 	7.7 	5.5 	6.9 	1.3 	: 
A,RT_PRE_NAC,D12_D4_MD5,L,MT	: 	: 	: 	9.7 	7.7 	3.1 	-3.1 	: 
A,RT_PRE_NAC,D12_D4_MD5,M,AT	: 	: 	2.4 	7.8 	-12.3 	5.8 	7.6 p	9.4 
A,RT_PRE_NAC,D12_D4_MD5,M,BE	: 	: 	: 	1.7 	1 	5.5 	8.1 	2.2 
A,RT_PRE_NAC,D12_D4_MD5,M,BG	: 	: 	: 	5.2 	2.3 	14.6 	11.5 	12.1 
A,RT_PRE_NAC,D12_D4_MD5,M,CY	: 	: 	: 	-2.6 	5.5 	5.5 	7.9 	6.5 
A,RT_PRE_NAC,D12_D4_MD5,M,CZ	: 	: 	: 	0.4 	6.7 	1.5 	14.8 	8.5 
A,RT_PRE_NAC,D12_D4_MD5,M,DE	: 	: 	: 	-3.4 	-1 	20.5 	-0.3 	5.9 
A,RT_PRE_NAC,D12_D4_MD5,M,DK	: 	: 	2.2 	-1.6 	11.9 	3.4 	2.3 	4.8 
A,RT_PRE_NAC,D12_D4_MD5,M,EA19	: 	: 	: 	-0.4 	-0.8 	10.2 	3.3 	4.6 
A,RT_PRE_NAC,D12_D4_MD5,M,EA20	: 	: 	: 	: 	-0.8 	10.2 	3.3 	4.6 
A,RT_PRE_NAC,D12_D4_MD5,M,EE	: 	: 	: 	7.9 	6.4 	11.5 	21.8 	4 
A,RT_PRE_NAC,D12_D4_MD5,M,EL	: 	: 	: 	5.6 	-0.6 	4.4 	5.2 	15.4 
A,RT_PRE_NAC,D12_D4_MD5,M,ES	: 	: 	1 	5.6 	-3.4 	2.6 	8.5 	6.1 
A,RT_PRE_NAC,D12_D4_MD5,M,FI	19.1 p	23.4 p	15.9 p	14.4 p	-5.6 p	1.8 p	3.9 p	-2.9 p
A,RT_PRE_NAC,D12_D4_MD5,M,FR	: 	: 	: 	2.4 	-1.5 	3.4 	2.1 	3.5 
A,RT_PRE_NAC,D12_D4_MD5,M,HR	: 	: 	: 	-14.2 	3.1 	8 	13.5 	12.3 
A,RT_PRE_NAC,D12_D4_MD5,M,HU	: 	: 	: 	1.6 	0 	-1.7 	14.1 	11.3 
A,RT_PRE_NAC,D12_D4_MD5,M,IE	: 	: 	: 	-27.1 	18.7 	38.3 	14.4 	3.6 
A,RT_PRE_NAC,D12_D4_MD5,M,IS	: 	4.5 p	3.3 p	-2.9 p	9.4 p	9.1 p	8.2 p	6.0 p
A,RT_PRE_NAC,D12_D4_MD5,M,IT	: 	: 	: 	1.3 	-0.1 	2.4 	3.3 	2.7 
A,RT_PRE_NAC,D12_D4_MD5,M,LT	: 	: 	: 	-19.7 	44.1 	25 	10.4 	17.2 
A,RT_PRE_NAC,D12_D4_MD5,M,LU	: 	: 	: 	2.4 	0.8 	5.4 	7.3 	1.6 
A,RT_PRE_NAC,D12_D4_MD5,M,LV	: 	: 	: 	7.5 	9.2 	14.9 	13.1 	9.4 
A,RT_PRE_NAC,D12_D4_MD5,M,MT	: 	: 	: 	-36.8 	19.8 	39.3 	13 	-2.5 
A,RT_PRE_NAC,D12_D4_MD5,M,NL	: 	: 	: 	-9.9 	-1.2 	14.4 	8.3 	: @C
A,RT_PRE_NAC,D12_D4_MD5,M,NO	: 	: 	: 	1.3 	5.5 	3.6 	22.2 	5.7 
A,RT_PRE_NAC,D12_D4_MD5,M,PL	: 	: 	: 	3.8 	9.4 	11.3 	11.6 	9.5 
A,RT_PRE_NAC,D12_D4_MD5,M,PT	: 	: 	: 	5.4 	3.4 	8.2 	2.6 	5.8 
A,RT_PRE_NAC,D12_D4_MD5,M,RO	: 	: 	: 	12.5 b	1.8 	12.2 	6 	12.8 
A,RT_PRE_NAC,D12_D4_MD5,M,RS	: 	: 	: 	-26.5 	46.5 	32.2 	14.2 	12.3 
A,RT_PRE_NAC,D12_D4_MD5,M,SE	: 	: 	: 	-1.3 	8.6 	4.2 	-0.7 	3.9 
A,RT_PRE_NAC,D12_D4_MD5,M,SI	: 	: 	: 	-3.5 	12.6 	7.7 	9.2 	5.6 
A,RT_PRE_NAC,D12_D4_MD5,M,SK	: 	: 	: 	2.9 	-2.4 	20.2 	8.1 	8.4 
A,RT_PRE_NAC,D12_D4_MD5,M,TR	: 	: 	: 	2.7 	19.7 	71.3 	138.7 	82.9 
A,RT_PRE_NAC,D12_D4_MD5,N,AT	: 	: 	-8.4 	7.7 	12.4 	6.5 	4.9 p	10.7 
A,RT_PRE_NAC,D12_D4_MD5,N,BE	: 	: 	: 	1.9 	1.1 	6.5 	6.2 	2.4 
A,RT_PRE_NAC,D12_D4_MD5,N,BG	: 	: 	: 	5.3 	12.5 	16.5 	11.4 	14.6 
A,RT_PRE_NAC,D12_D4_MD5,N,CY	: 	: 	: 	-3 	0.9 	11.4 	7.9 	10.1 
A,RT_PRE_NAC,D12_D4_MD5,N,CZ	: 	: 	: 	2.2 	6.3 	6.7 	11.3 	7.7 
A,RT_PRE_NAC,D12_D4_MD5,N,DE	: 	: 	: 	1.8 	2.4 	16.1 	9.4 	4.8 
A,RT_PRE_NAC,D12_D4_MD5,N,DK	: 	: 	-3.4 	-6.4 	19 	4.7 	5.7 	4.2 
A,RT_PRE_NAC,D12_D4_MD5,N,EA19	: 	: 	: 	-1.2 	1.7 	8.7 	7 	5.7 
A,RT_PRE_NAC,D12_D4_MD5,N,EA20	: 	: 	: 	: 	1.7 	8.7 	7 	5.7 
A,RT_PRE_NAC,D12_D4_MD5,N,EE	: 	: 	: 	1.7 	6.3 	8.1 	13.8 	10.3 
A,RT_PRE_NAC,D12_D4_MD5,N,EL	: 	: 	: 	3.5 	-0.9 	11.5 	4.8 	12.6 
A,RT_PRE_NAC,D12_D4_MD5,N,ES	: 	: 	-0.7 	4.2 	0.9 	-0.7 	9.9 	5.3 
A,RT_PRE_NAC,D12_D4_MD5,N,FI	-5.2 p	9.4 p	11.8 p	-6.1 p	3.5 p	0.5 p	10.2 p	1.9 p
A,RT_PRE_NAC,D12_D4_MD5,N,FR	: 	: 	: 	-1.2 	-0.4 	3.7 	5.3 	4.9 
A,RT_PRE_NAC,D12_D4_MD5,N,HR	: 	: 	: 	-8.1 	0.3 	13.1 	18.2 	11.3 
A,RT_PRE_NAC,D12_D4_MD5,N,HU	: 	: 	: 	6.5 	-2.7 	-4 	12.3 	6.7 
A,RT_PRE_NAC,D12_D4_MD5,N,IE	: 	: 	: 	-42.5 	3.4 	80.8 	14.8 	21 
A,RT_PRE_NAC,D12_D4_MD5,N,IS	: 	6.3 p	5.5 p	9.3 p	4.6 p	10.9 p	7.8 p	7.8 p
A,RT_PRE_NAC,D12_D4_MD5,N,IT	: 	: 	: 	3.3 	-0.2 	-0.5 	1.2 	1.7 
A,RT_PRE_NAC,D12_D4_MD5,N,LT	: 	: 	: 	-95.6 	: @C	: @C	: @C	: @C
A,RT_PRE_NAC,D12_D4_MD5,N,LU	: 	: 	: 	6.3 	-0.1 	4.1 	8.4 	2.4 
A,RT_PRE_NAC,D12_D4_MD5,N,LV	: 	: 	: 	5 	-1.8 	11.5 	4.6 	16.9 
A,RT_PRE_NAC,D12_D4_MD5,N,MT	: 	: 	: 	-201.1 	-76.7 	-441.5 	62.3 	-3.5 
A,RT_PRE_NAC,D12_D4_MD5,N,NL	: 	: 	: 	-25.7 	7.8 	24.4 	8.5 	: @C
A,RT_PRE_NAC,D12_D4_MD5,N,NO	: 	: 	: 	0.7 	2.6 	-1.2 	17.9 	9.5 
A,RT_PRE_NAC,D12_D4_MD5,N,PL	: 	: 	: 	9.5 	9.1 	11.8 	16.6 	13.7 
A,RT_PRE_NAC,D12_D4_MD5,N,PT	: 	: 	: 	12.3 	-3.7 	4 	13.5 	6.9 
A,RT_PRE_NAC,D12_D4_MD5,N,RO	: 	: 	: 	17.8 b	2.1 	10.8 	20 	9.3 
A,RT_PRE_NAC,D12_D4_MD5,N,RS	: 	: 	: 	-30.7 	56.1 	31.5 	13.2 	13.4 
A,RT_PRE_NAC,D12_D4_MD5,N,SE	: 	: 	: 	-4.2 	5.2 	4.4 	4.3 	6.1 
A,RT_PRE_NAC,D12_D4_MD5,N,SI	: 	: 	: 	0.6 	14.4 	8.4 	13.4 	6.1 
A,RT_PRE_NAC,D12_D4_MD5,N,SK	: 	: 	: 	2.2 	6 	32.4 	2.6 	13.5 
A,RT_PRE_NAC,D12_D4_MD5,N,TR	: 	: 	: 	17.1 	24.1 	66.4 	126.5 	96.9 
A,RT_PRE_NAC,D12_D4_MD5,O-S,MT	: 	: 	: 	5.5 	3.8 	-0.1 	-1.2 	: 
A,RT_PRE_NAC,D12_D4_MD5,P,AT	: 	: 	4.1 	9.1 	-1.2 	8.1 	2.2 p	12.9 
A,RT_PRE_NAC,D12_D4_MD5,P,BE	: 	: 	: 	1.5 	1.1 	5 	9.4 	1.9 
A,RT_PRE_NAC,D12_D4_MD5,P,BG	: 	: 	: 	18.3 	11.9 	13.1 	11.7 	16.3 
A,RT_PRE_NAC,D12_D4_MD5,P,CY	: 	: 	: 	2.7 	1.4 	2.1 	3.3 	3.5 
A,RT_PRE_NAC,D12_D4_MD5,P,CZ	: 	: 	: 	5.7 	8.3 	4 	3.7 	0.6 
A,RT_PRE_NAC,D12_D4_MD5,P,DE	: 	: 	: 	4.2 	1.6 	5.4 	2.5 	4.7 
A,RT_PRE_NAC,D12_D4_MD5,P,DK	: 	: 	3 	-5.7 	2 	3.2 	2.6 	5.2 
A,RT_PRE_NAC,D12_D4_MD5,P,EA19	: 	: 	: 	2.5 	0 	3.2 	3.8 	4.1 
A,RT_PRE_NAC,D12_D4_MD5,P,EA20	: 	: 	: 	: 	0.1 	3.2 	3.8 	4.1 
A,RT_PRE_NAC,D12_D4_MD5,P,EE	: 	: 	: 	5.6 	3.8 	8.2 	16.1 	7.6 
A,RT_PRE_NAC,D12_D4_MD5,P,EL	: 	: 	: 	-10.3 	1.4 	-10.6 	7.3 	5.5 
A,RT_PRE_NAC,D12_D4_MD5,P,ES	: 	: 	0.2 	3.7 	-1.4 	3.5 	5.5 	2.3 
A,RT_PRE_NAC,D12_D4_MD5,P,FI	-15.8 p	19.0 p	29.1 p	18.2 p	-11.7 p	2.2 p	3.0 p	0.0 p
A,RT_PRE_NAC,D12_D4_MD5,P,FR	: 	: 	: 	: @C	: @C	: @C	: @C	: @C
A,RT_PRE_NAC,D12_D4_MD5,P,HR	: 	: 	: 	1.8 	5.5 	6.1 	13.8 	22.6 
A,RT_PRE_NAC,D12_D4_MD5,P,HU	: 	: 	: 	-0.4 	0.5 	-3.7 	14.8 	24 
A,RT_PRE_NAC,D12_D4_MD5,P,IE	: 	: 	: 	-4.9 	-7.6 	30.8 	7.5 	5 
A,RT_PRE_NAC,D12_D4_MD5,P,IS	: 	1.8 p	7.1 p	3.8 p	10.8 p	9.4 p	8.7 p	7.0 p
A,RT_PRE_NAC,D12_D4_MD5,P,IT	: 	: 	: 	1.2 	-0.3 	-1.5 	-0.4 	2.9 
A,RT_PRE_NAC,D12_D4_MD5,P,LT	: 	: 	: 	1.2 	18 	15.1 	9.6 	11.4 
A,RT_PRE_NAC,D12_D4_MD5,P,LU	: 	: 	: 	0.5 	-0.8 	4.3 	7.5 	1.7 
A,RT_PRE_NAC,D12_D4_MD5,P,LV	: 	: 	: 	-0.5 	10.1 	11 	14.1 	16.8 
A,RT_PRE_NAC,D12_D4_MD5,P,NL	: 	: 	: 	0.1 	-0.1 	10.7 	4.5 	: @C
A,RT_PRE_NAC,D12_D4_MD5,P,NO	: 	: 	: 	1.4 	-0.9 	5 	9.2 	3.3 
A,RT_PRE_NAC,D12_D4_MD5,P,PL	: 	: 	: 	8.6 	6.2 	6.1 	12.2 	23.3 
A,RT_PRE_NAC,D12_D4_MD5,P,PT	: 	: 	: 	9.6 	2.1 	4.3 	9.3 	5 
A,RT_PRE_NAC,D12_D4_MD5,P,RO	: 	: 	: 	13.8 b	3.3 	4.8 	11.4 	24.6 
A,RT_PRE_NAC,D12_D4_MD5,P,RS	: 	: 	: 	7.3 	6.2 	10 	13.4 	15.8 
A,RT_PRE_NAC,D12_D4_MD5,P,SE	: 	: 	: 	3.2 	5.5 	1.3 	7.8 	0.1 
A,RT_PRE_NAC,D12_D4_MD5,P,SI	: 	: 	: 	8.6 	7.1 	-2.6 	7.2 	3.7 
A,RT_PRE_NAC,D12_D4_MD5,P,SK	: 	: 	: 	15.6 	0.5 	4.1 	9.2 	10.6 
A,RT_PRE_NAC,D12_D4_MD5,P-S,AT	: 	: 	4.6 	6.7 	6.7 	10.8 	4.3 p	12.4 
A,RT_PRE_NAC,D12_D4_MD5,P-S,BE	: 	: 	: 	1.6 	1.1 	7.2 	6.6 	2.6 
A,RT_PRE_NAC,D12_D4_MD5,P-S,BG	: 	: 	: 	15.9 	13.1 	10 	9.5 	15.2 
A,RT_PRE_NAC,D12_D4_MD5,P-S,CY	: 	: 	: 	1.7 	0 	4.4 	4.9 	4.9 
A,RT_PRE_NAC,D12_D4_MD5,P-S,CZ	: 	: 	: 	6.1 	8.1 	3.8 	4.2 	4.7 
A,RT_PRE_NAC,D12_D4_MD5,P-S,DE	: 	: 	: 	5.3 	1.8 	10 	4.2 	4.4 
A,RT_PRE_NAC,D12_D4_MD5,P-S,DK	: 	: 	-17.4 	-22 	1.5 	3.2 	2.9 	4.9 
A,RT_PRE_NAC,D12_D4_MD5,P-S,EA19	: 	: 	: 	2.4 	1.6 	6.5 	4.4 	4 
A,RT_PRE_NAC,D12_D4_MD5,P-S,EA20	: 	: 	: 	: 	1.6 	6.5 	4.4 	4.1 
A,RT_PRE_NAC,D12_D4_MD5,P-S,EE	: 	: 	: 	4.2 	8.1 	6.8 	16.2 	7.8 
A,RT_PRE_NAC,D12_D4_MD5,P-S,EL	: 	: 	: 	-9.6 	-0.3 	-7.6 	4.2 	4.2 
A,RT_PRE_NAC,D12_D4_MD5,P-S,ES	: 	: 	-1.5 	7 	0.2 	2 	5.5 	3.8 
A,RT_PRE_NAC,D12_D4_MD5,P-S,FI	24.0 p	27.4 p	28.4 p	24.5 p	-16.9 p	3.2 p	3.5 p	-1.4 p
A,RT_PRE_NAC,D12_D4_MD5,P-S,FR	: 	: 	: 	-0.2 	2.8 	3.6 	5.3 	3.2 
A,RT_PRE_NAC,D12_D4_MD5,P-S,HR	: 	: 	: 	-1 	3.9 	6.9 	14.8 	22 
A,RT_PRE_NAC,D12_D4_MD5,P-S,HU	: 	: 	: 	3.6 	3.1 	1.7 	14.3 	18.2 
A,RT_PRE_NAC,D12_D4_MD5,P-S,IE	: 	: 	: 	-20 	-11.6 	53.5 	10.9 	5.7 
A,RT_PRE_NAC,D12_D4_MD5,P-S,IS	: 	3.3 d	5.8 d	4.2 d	11.5 d	9.6 p	8.3 p	6.9 p
A,RT_PRE_NAC,D12_D4_MD5,P-S,IT	: 	: 	: 	1.7 	-1.4 	-0.5 	-0.1 	2.9 
A,RT_PRE_NAC,D12_D4_MD5,P-S,LT	: 	: 	: 	-19 	48.7 	15.7 	12.2 	11.8 
A,RT_PRE_NAC,D12_D4_MD5,P-S,LU	: 	: 	: 	1.6 	2 	4 	6.6 	1.7 
A,RT_PRE_NAC,D12_D4_MD5,P-S,LV	: 	: 	: 	5.1 	12.7 	9.1 	9.2 	11.7 
A,RT_PRE_NAC,D12_D4_MD5,P-S,MT	: 	: 	: 	-50.8 	16.2 	43.3 	8.5 	-0.5 
A,RT_PRE_NAC,D12_D4_MD5,P-S,NL	: 	: 	: 	-8.2 	6.3 	16.2 	4.1 	5.3 
A,RT_PRE_NAC,D12_D4_MD5,P-S,NO	: 	: 	: 	1.7 	0.2 	2.9 	11.2 	4 
A,RT_PRE_NAC,D12_D4_MD5,P-S,PL	: 	: 	: 	9.2 	9.4 	7.4 	13.6 	19.5 
A,RT_PRE_NAC,D12_D4_MD5,P-S,PT	: 	: 	: 	10.4 	1.9 	4.2 	9.1 	7.8 
A,RT_PRE_NAC,D12_D4_MD5,P-S,RO	: 	: 	: 	27 b	-2.2 	0.9 	5.5 	17.5 
A,RT_PRE_NAC,D12_D4_MD5,P-S,RS	: 	: 	: 	6 	16.2 	11.5 	12 	14 
A,RT_PRE_NAC,D12_D4_MD5,P-S,SE	: 	: 	: 	1.5 	4.6 	2.5 	9.6 	-2.1 
A,RT_PRE_NAC,D12_D4_MD5,P-S,SI	: 	: 	: 	11.4 	7.3 	-2.7 	7.5 	3.4 
A,RT_PRE_NAC,D12_D4_MD5,P-S,SK	: 	: 	: 	10.6 	5.9 	6.8 	10.8 	11.1 
A,RT_PRE_NAC,D12_D4_MD5,Q,AT	: 	: 	8 	4.7 	8 	8.3 	4.7 p	14.8 
A,RT_PRE_NAC,D12_D4_MD5,Q,BE	: 	: 	: 	1.6 	1.1 	8 	5.5 	2.9 
A,RT_PRE_NAC,D12_D4_MD5,Q,BG	: 	: 	: 	15 	15.9 	4.3 	5.9 	13 
A,RT_PRE_NAC,D12_D4_MD5,Q,CY	: 	: 	: 	3.7 	-1.4 	0.1 	8.6 	6.5 
A,RT_PRE_NAC,D12_D4_MD5,Q,CZ	: 	: 	: 	12.6 	7.9 	0.5 	3.2 	8.1 
A,RT_PRE_NAC,D12_D4_MD5,Q,DE	: 	: 	: 	5.6 	2.1 	13 	5.4 	4.1 
A,RT_PRE_NAC,D12_D4_MD5,Q,DK	: 	: 	-27.3 	-31.4 	0.9 	3.1 	3.3 	5 
A,RT_PRE_NAC,D12_D4_MD5,Q,EA19	: 	: 	: 	3 	3.5 	8.1 	4.6 	3.9 
A,RT_PRE_NAC,D12_D4_MD5,Q,EA20	: 	: 	: 	: 	3.5 	8.1 	4.6 	3.9 
A,RT_PRE_NAC,D12_D4_MD5,Q,EE	: 	: 	: 	3.4 	13.4 	5.8 	17.3 	9.8 
A,RT_PRE_NAC,D12_D4_MD5,Q,EL	: 	: 	: 	0.5 	-5.1 	1.7 	-5.8 	-2.8 
A,RT_PRE_NAC,D12_D4_MD5,Q,ES	: 	: 	-1 	6.5 	1.8 	2.1 	6 	4.6 
A,RT_PRE_NAC,D12_D4_MD5,Q,FI	55.1 p	30.9 p	27.8 p	29.1 p	-20.0 p	3.8 p	3.7 p	-1.9 p
A,RT_PRE_NAC,D12_D4_MD5,Q,FR	: 	: 	: 	: @C	: @C	: @C	: @C	: @C
A,RT_PRE_NAC,D12_D4_MD5,Q,HR	: 	: 	: 	-1.6 	3.3 	6.9 	15.8 	24 
A,RT_PRE_NAC,D12_D4_MD5,Q,HU	: 	: 	: 	11.5 	8.2 	6.7 	13.9 	13.4 
A,RT_PRE_NAC,D12_D4_MD5,Q,IE	: 	: 	: 	-12.1 	-9 	34.7 	10.3 	5.5 
A,RT_PRE_NAC,D12_D4_MD5,Q,IS	: 	6.8 p	4.9 p	5.2 p	12.1 p	10.4 p	8.2 p	6.5 p
A,RT_PRE_NAC,D12_D4_MD5,Q,IT	: 	: 	: 	2.4 	-1.4 	0.6 	-0.4 	2.6 
A,RT_PRE_NAC,D12_D4_MD5,Q,LT	: 	: 	: 	-21.1 	65.7 	11.1 	15.2 	11.8 
A,RT_PRE_NAC,D12_D4_MD5,Q,LU	: 	: 	: 	-0.1 	3.4 	4.3 	6.3 	1.7 
A,RT_PRE_NAC,D12_D4_MD5,Q,LV	: 	: 	: 	9.9 	22.9 	4.2 	3.5 	6.3 
A,RT_PRE_NAC,D12_D4_MD5,Q,MT	: 	: 	: 	-3.8 	6.5 	5.5 	-2.8 	1.3 
A,RT_PRE_NAC,D12_D4_MD5,Q,NL	: 	: 	: 	-5.4 	10.1 	14.3 	3.3 	: @C
A,RT_PRE_NAC,D12_D4_MD5,Q,NO	: 	: 	: 	1.9 	0.4 	2 	11.5 	4.3 
A,RT_PRE_NAC,D12_D4_MD5,Q,PL	: 	: 	: 	11 	14.9 	8.5 	15.2 	15.3 
A,RT_PRE_NAC,D12_D4_MD5,Q,PT	: 	: 	: 	12.1 	0.9 	4.6 	7.9 	13 
A,RT_PRE_NAC,D12_D4_MD5,Q,RO	: 	: 	: 	36.6 b	-6.9 	-1.2 	2 	13.7 
A,RT_PRE_NAC,D12_D4_MD5,Q,RS	: 	: 	: 	15.8 	17.7 	8.6 	10.2 	12.5 
A,RT_PRE_NAC,D12_D4_MD5,Q,SE	: 	: 	: 	1.3 	3.9 	3.4 	11.8 	-4.2 
A,RT_PRE_NAC,D12_D4_MD5,Q,SI	: 	: 	: 	16.6 	6.9 	-3.6 	7 	3.2 
A,RT_PRE_NAC,D12_D4_MD5,Q,SK	: 	: 	: 	10.2 	12 	5.6 	13.4 	11 
A,RT_PRE_NAC,D12_D4_MD5,R,AT	: 	: 	0.4 	10.3 	9.9 	39.5 	3.2 p	3.8 
A,RT_PRE_NAC,D12_D4_MD5,R,BE	: 	: 	: 	1.6 	1.1 	7.4 	7.7 	2.3 
A,RT_PRE_NAC,D12_D4_MD5,R,BG	: 	: 	: 	8.8 	8.3 	19.3 	10 	16.8 
A,RT_PRE_NAC,D12_D4_MD5,R,CY	: 	: 	: 	-5.5 	-14.3 	52.7 	1.3 	8.6 
A,RT_PRE_NAC,D12_D4_MD5,R,CZ	: 	: 	: 	-25.4 	9.1 	22.7 	10.1 	4.8 
A,RT_PRE_NAC,D12_D4_MD5,R,DE	: 	: 	: 	8.2 	1.7 	8.4 	5.8 	5.6 
A,RT_PRE_NAC,D12_D4_MD5,R,DK	: 	: 	-12.8 	5.8 	-11.8 	6.3 	1 	3.3 
A,RT_PRE_NAC,D12_D4_MD5,R,EA19	: 	: 	: 	-6.4 	-1.9 	15 	6.2 	4.6 
A,RT_PRE_NAC,D12_D4_MD5,R,EA20	: 	: 	: 	: 	-1.9 	14.9 	6.3 	4.7 
A,RT_PRE_NAC,D12_D4_MD5,R,EE	: 	: 	: 	-1.2 	7.4 	9.8 	19.7 	-1.5 
A,RT_PRE_NAC,D12_D4_MD5,R,EL	: 	: 	: 	7.2 	-5.6 	-10.6 	4.3 	7 
A,RT_PRE_NAC,D12_D4_MD5,R,ES	: 	: 	-10.7 	15.7 	-9.2 	-1.2 	8 	2.9 
A,RT_PRE_NAC,D12_D4_MD5,R,FI	30.3 p	26.3 p	28.5 p	19.8 p	-15.3 p	2.5 p	2.9 p	-0.8 p
A,RT_PRE_NAC,D12_D4_MD5,R,FR	: 	: 	: 	-18 	5 	14.9 	5.5 	2.9 
A,RT_PRE_NAC,D12_D4_MD5,R,HR	: 	: 	: 	-2.9 	1.6 	7.1 	14.5 	17.1 
A,RT_PRE_NAC,D12_D4_MD5,R,HU	: 	: 	: 	-5.4 	-3.1 	8.9 	13.8 	9.6 
A,RT_PRE_NAC,D12_D4_MD5,R,IE	: 	: 	: 	-124 	: @C	: @C	: @C	: @C
A,RT_PRE_NAC,D12_D4_MD5,R,IS	: 	-2.3 p	5.8 p	3.0 p	15.0 p	9.6 p	7.8 p	7.1 p
A,RT_PRE_NAC,D12_D4_MD5,R,IT	: 	: 	: 	5.2 	-14 	-2.7 	1.6 	7.7 
A,RT_PRE_NAC,D12_D4_MD5,R,LT	: 	: 	: 	-83.1 	: @C	: @C	: @C	: @C
A,RT_PRE_NAC,D12_D4_MD5,R,LU	: 	: 	: 	16.1 	-6.9 	-1.8 	6.8 	1.6 
A,RT_PRE_NAC,D12_D4_MD5,R,LV	: 	: 	: 	11.2 	-3.3 	15.9 	15.6 	9 
A,RT_PRE_NAC,D12_D4_MD5,R,MT	: 	: 	: 	-56.3 	24.4 	82.2 	12 	9.9 
A,RT_PRE_NAC,D12_D4_MD5,R,NL	: 	: 	: 	-96.1 	0.9 	238.5 	9.3 	: @C
A,RT_PRE_NAC,D12_D4_MD5,R,NO	: 	: 	: 	2.5 	3 	6.2 	13.6 	3.1 
A,RT_PRE_NAC,D12_D4_MD5,R,PL	: 	: 	: 	5 	4.6 	15.4 	15 	14.4 
A,RT_PRE_NAC,D12_D4_MD5,R,PT	: 	: 	: 	7.2 	7.6 	0.9 	22.4 	5.1 
A,RT_PRE_NAC,D12_D4_MD5,R,RO	: 	: 	: 	21.7 b	9.7 	-1.9 	6.6 	11.4 
A,RT_PRE_NAC,D12_D4_MD5,R,RS	: 	: 	: 	-19.7 	33.5 	26.5 	15 	13.6 
A,RT_PRE_NAC,D12_D4_MD5,R,SE	: 	: 	: 	-1.2 	3.3 	1.7 	5.1 	5.3 
A,RT_PRE_NAC,D12_D4_MD5,R,SI	: 	: 	: 	5.7 	8.2 	0.1 	10.9 	1.1 
A,RT_PRE_NAC,D12_D4_MD5,R,SK	: 	: 	: 	-5.3 	17.3 	19.8 	2.5 	13.7 
A,RT_PRE_NAC,D12_D4_MD5,S,AT	: 	: 	-4.6 	8.6 	15.8 	4.2 	7.2 p	9.2 
A,RT_PRE_NAC,D12_D4_MD5,S,BE	: 	: 	: 	1.7 	1.2 	5.3 	8.6 	1.9 
A,RT_PRE_NAC,D12_D4_MD5,S,BG	: 	: 	: 	10.2 	11.8 	9.6 	11.5 	17.3 
A,RT_PRE_NAC,D12_D4_MD5,S,CY	: 	: 	: 	-10.8 	3.2 	25.3 	6.6 	9.6 
A,RT_PRE_NAC,D12_D4_MD5,S,CZ	: 	: 	: 	-7.9 	6.9 	13.7 	12.8 	6.4 
A,RT_PRE_NAC,D12_D4_MD5,S,DE	: 	: 	: 	6.7 	1 	11 	3.7 	4 
A,RT_PRE_NAC,D12_D4_MD5,S,DK	: 	: 	0.5 	-3.4 	8.7 	3.2 	1.8 	3 
A,RT_PRE_NAC,D12_D4_MD5,S,EA19	: 	: 	: 	3.2 	-0.8 	8.5 	5.1 	4.4 
A,RT_PRE_NAC,D12_D4_MD5,S,EA20	: 	: 	: 	: 	-0.8 	8.5 	5.1 	4.4 
A,RT_PRE_NAC,D12_D4_MD5,S,EE	: 	: 	: 	6.3 	12.6 	-0.8 	3.7 	12.9 
A,RT_PRE_NAC,D12_D4_MD5,S,EL	: 	: 	4.4 	-12.2 	-0.4 	-5.8 	4.7 	13 
A,RT_PRE_NAC,D12_D4_MD5,S,ES	: 	: 	-0.9 	14.6 	-4 	-1.3 	7.3 	5 
A,RT_PRE_NAC,D12_D4_MD5,S,FI	2.2 p	29.4 p	17.9 p	-1.3 p	5.7 p	1.9 p	3.5 p	1.5 p
A,RT_PRE_NAC,D12_D4_MD5,S,FR	: 	: 	: 	1.6 	: @C	: @C	: @C	: @C
A,RT_PRE_NAC,D12_D4_MD5,S,HR	: 	: 	: 	-16.3 	-0.3 	13.7 	17.3 	7.5 
A,RT_PRE_NAC,D12_D4_MD5,S,HU	: 	: 	: 	-4.4 	-7 	7.3 	14.1 	14.2 
A,RT_PRE_NAC,D12_D4_MD5,S,IE	: 	: 	: 	-120.5 	: @C	: @C	: @C	: @C
A,RT_PRE_NAC,D12_D4_MD5,S,IS	: 	4.6 p	11.4 p	-4.9 p	10.1 p	5.7 p	6.9 p	7.3 p
A,RT_PRE_NAC,D12_D4_MD5,S,IT	: 	: 	: 	-1.3 	-2.7 	2.9 	3.8 	0.5 
A,RT_PRE_NAC,D12_D4_MD5,S,LT	: 	: 	: 	: @C	: @C	: @C	: @C	: @C
A,RT_PRE_NAC,D12_D4_MD5,S,LU	: 	: 	: 	10.7 	-3.4 	3.3 	7.6 	2.1 
A,RT_PRE_NAC,D12_D4_MD5,S,LV	: 	: 	: 	13.7 	-6.7 	19 	10.4 	24.1 
A,RT_PRE_NAC,D12_D4_MD5,S,MT	: 	: 	: 	-443.2 	-10.2 	-107.1 	559.8 	0.1 
A,RT_PRE_NAC,D12_D4_MD5,S,NL	: 	: 	: 	-20.7 	9.8 	21.1 	6 	: @C
A,RT_PRE_NAC,D12_D4_MD5,S,NO	: 	: 	: 	1.9 	1.7 	0.4 	15.6 	4 
A,RT_PRE_NAC,D12_D4_MD5,S,PL	: 	: 	: 	6 	11.5 	2.4 	15.6 	11.5 
A,RT_PRE_NAC,D12_D4_MD5,S,PT	: 	: 	: 	3.9 	8.4 	0.8 	5.1 	5.6 
A,RT_PRE_NAC,D12_D4_MD5,S,RO	: 	: 	: 	11.7 b	5.1 	10 	2.4 	18.7 
A,RT_PRE_NAC,D12_D4_MD5,S,RS	: 	: 	: 	-53.7 	109.6 	35.1 	13.5 	14.9 
A,RT_PRE_NAC,D12_D4_MD5,S,SE	: 	: 	: 	-5.2 	8.5 	0.5 	0.7 	2.7 
A,RT_PRE_NAC,D12_D4_MD5,S,SI	: 	: 	: 	-3.7 	12.5 	3.9 	12.3 	6.7 
A,RT_PRE_NAC,D12_D4_MD5,S,SK	: 	: 	: 	-16.9 	-7 	47.2 	13.7 	13.2 
A,RT_PRE_NAC,D1_D4_MD5,B,AT	: 	: 	-2.4 	2.2 	0.8 	-0.4 	8.8 p	8.5 
A,RT_PRE_NAC,D1_D4_MD5,B,BE	: 	: 	: 	1.7 	1.4 	7 	7.6 	2.5 
A,RT_PRE_NAC,D1_D4_MD5,B,BG	: 	: 	: 	7.6 	6.3 	17.8 	10.6 	7.1 
A,RT_PRE_NAC,D1_D4_MD5,B,CY	: 	: 	5.1 	-0.5 	11 	0.5 	9.3 	4.9 
A,RT_PRE_NAC,D1_D4_MD5,B,CZ	: 	: 	: 	5.6 	5.7 	1.7 	10.3 	3.9 
A,RT_PRE_NAC,D1_D4_MD5,B,DE	: 	: 	: 	3.2 	1.1 	11.5 	6.7 	4.5 
A,RT_PRE_NAC,D1_D4_MD5,B,DK	: 	: 	: @C	: @C	: @C	: @C	: @C	: @C
A,RT_PRE_NAC,D1_D4_MD5,B,EA19	: 	: 	: 	4 	-0.3 	4.7 	4.9 	3.8 
A,RT_PRE_NAC,D1_D4_MD5,B,EA20	: 	: 	: 	: 	-0.4 d	4.7 	4.9 	3.8 
A,RT_PRE_NAC,D1_D4_MD5,B,EE	: 	: 	: 	-3.2 	6.1 	9.3 	8.9 	5.1 
A,RT_PRE_NAC,D1_D4_MD5,B,EL	: 	: 	2.6 	-1 	-2.3 	-5.6 	-0.1 	20 
A,RT_PRE_NAC,D1_D4_MD5,B,ES	: 	: 	6.6 	10.6 	-1.5 	-7.2 	6.6 	3.1 
A,RT_PRE_NAC,D1_D4_MD5,B,FI	-2.4 p	6.5 p	-13.9 p	-1.8 p	5.2 p	0.2 p	3.1 p	1.1 p
A,RT_PRE_NAC,D1_D4_MD5,B,FR	: 	: 	: 	1.6 	1.4 	2.1 	2.7 	4.5 
A,RT_PRE_NAC,D1_D4_MD5,B,HR	: 	: 	: 	1.1 	-4.6 	0.5 	14.2 	10.2 
A,RT_PRE_NAC,D1_D4_MD5,B,HU	: 	: 	: 	3.3 	2.9 	14.6 	17.7 	16.7 
A,RT_PRE_NAC,D1_D4_MD5,B,IE	: 	: 	: 	1.8 	3.9 	15.7 	5.2 	-0.4 
A,RT_PRE_NAC,D1_D4_MD5,B,IS	: 	: @C	: @C	: @C	: @C	: @C	: @C	: @C
A,RT_PRE_NAC,D1_D4_MD5,B,IT	: 	: 	: 	0.2 	-3.2 	3.6 	1.1 	-2.4 
A,RT_PRE_NAC,D1_D4_MD5,B,LT	: 	: 	: 	5.8 	7.5 	6.6 	17.1 	8.4 
A,RT_PRE_NAC,D1_D4_MD5,B,LU	: 	: 	: 	1.7 	-1.7 	5.4 	5.2 	3.5 
A,RT_PRE_NAC,D1_D4_MD5,B,LV	: 	: 	: 	6.2 	-4.1 	12.3 	13.5 	12.7 
A,RT_PRE_NAC,D1_D4_MD5,B,MT	: 	: 	: 	6 	-2.1 	-0.8 	3.6 	-4.2 
A,RT_PRE_NAC,D1_D4_MD5,B,NL	: 	: 	: 	12 	-6.2 	7.8 	5.7 	: @C
A,RT_PRE_NAC,D1_D4_MD5,B,NO	: 	: 	: 	1.5 	1.2 	6.2 	8.8 	3 
A,RT_PRE_NAC,D1_D4_MD5,B,PL	: 	: 	: 	7.8 	5.3 	22.2 	16.9 	7.2 
A,RT_PRE_NAC,D1_D4_MD5,B,PT	: 	: 	: 	3.8 	7.4 	4.1 	6 	9 
A,RT_PRE_NAC,D1_D4_MD5,B,RO	: 	: 	: 	8 	6 	8.4 	14.8 	10.3 
A,RT_PRE_NAC,D1_D4_MD5,B,RS	: 	: 	: 	4.8 	7 	4.3 	11.7 	10.4 
A,RT_PRE_NAC,D1_D4_MD5,B,SE	: 	: 	: 	2.8 	5.4 	1.6 	7.2 	3.5 
A,RT_PRE_NAC,D1_D4_MD5,B,SI	: 	: 	: 	0.7 	6.9 	5.7 	11 	8.1 
A,RT_PRE_NAC,D1_D4_MD5,B,SK	: 	: 	: 	1.2 	6 	16.7 	-0.4 	19.3 
A,RT_PRE_NAC,D1_D4_MD5,B,TR	: 	: 	: 	21.5 	21.8 	76.1 	107.6 	96.3 
A,RT_PRE_NAC,D1_D4_MD5,B-E,AT	: 	: 	1.6 	3.2 	1.6 	5.5 	7.8 p	7 
A,RT_PRE_NAC,D1_D4_MD5,B-E,BE	: 	: 	: 	1.7 	1.3 	7 	7.4 	3.4 
A,RT_PRE_NAC,D1_D4_MD5,B-E,BG	: 	: 	: 	5.3 	6.3 	17.7 	16 	11.9 
A,RT_PRE_NAC,D1_D4_MD5,B-E,CY	: 	: 	: 	-0.3 	1.3 	3.6 	5.5 	5.5 
A,RT_PRE_NAC,D1_D4_MD5,B-E,CZ	: 	: 	: 	5.1 	3.1 	5.1 	8.5 	6.2 
A,RT_PRE_NAC,D1_D4_MD5,B-E,DE	: 	: 	: 	1.3 	0.2 	5.5 	4.5 	4.3 
A,RT_PRE_NAC,D1_D4_MD5,B-E,DK	: 	: 	2.6 	0.1 	4.2 	3.4 	2.9 	3.6 
A,RT_PRE_NAC,D1_D4_MD5,B-E,EA19	: 	: 	: 	2.1 	0.3 	4.8 	4.9 	4.5 
A,RT_PRE_NAC,D1_D4_MD5,B-E,EA20	: 	: 	: 	: 	0.3 	4.8 	4.9 	4.5 
A,RT_PRE_NAC,D1_D4_MD5,B-E,EE	: 	: 	: 	2.9 	4.6 	13.8 	6.9 	8.4 
A,RT_PRE_NAC,D1_D4_MD5,B-E,EL	: 	: 	: 	1.7 	-1.6 	5.3 	3.6 	6.8 
A,RT_PRE_NAC,D1_D4_MD5,B-E,ES	: 	: 	0 	3.8 	-1 	2.2 	5.5 	4.6 
A,RT_PRE_NAC,D1_D4_MD5,B-E,FI	-3.1 p	3.4 p	-0.3 p	-1.4 p	4.4 p	3.3 p	3.4 p	1.7 p
A,RT_PRE_NAC,D1_D4_MD5,B-E,FR	: 	: 	: 	3 	0.3 	3.6 	4.1 	3.6 
A,RT_PRE_NAC,D1_D4_MD5,B-E,HR	: 	: 	: 	-0.3 	3.2 	8.1 	13 	13.4 
A,RT_PRE_NAC,D1_D4_MD5,B-E,HU	: 	: 	: 	6.5 	6.3 	12.1 	19 	11.9 
A,RT_PRE_NAC,D1_D4_MD5,B-E,IE	: 	: 	: 	-0.9 	5 	5.6 	5.2 	6.2 
A,RT_PRE_NAC,D1_D4_MD5,B-E,IS	: 	5.9 d	8.3 d	3.1 d	7.4 d	8.3 p	9.1 p	7.1 p
A,RT_PRE_NAC,D1_D4_MD5,B-E,IT	: 	: 	: 	2.5 	-2 	3.1 	3.8 	4.1 
A,RT_PRE_NAC,D1_D4_MD5,B-E,LT	: 	: 	: 	5.6 	12.1 	13 	11.4 	9.8 
A,RT_PRE_NAC,D1_D4_MD5,B-E,LU	: 	: 	: 	0.5 	0.6 	4.8 	6.5 	2.4 
A,RT_PRE_NAC,D1_D4_MD5,B-E,LV	: 	: 	: 	5.7 	2.3 	9.7 	11.2 	11 
A,RT_PRE_NAC,D1_D4_MD5,B-E,MT	: 	: 	: 	-5.6 	2 	13.9 	8.7 	7 
A,RT_PRE_NAC,D1_D4_MD5,B-E,NL	: 	: 	: 	2.3 	1.1 	5.1 	6.6 	4.9 
A,RT_PRE_NAC,D1_D4_MD5,B-E,NO	: 	: 	: 	2.1 	2.4 	2.9 	8.1 	5 
A,RT_PRE_NAC,D1_D4_MD5,B-E,PL	: 	: 	: 	5.7 	7.6 	11.9 	11.9 	11.2 
A,RT_PRE_NAC,D1_D4_MD5,B-E,PT	: 	: 	: 	7.5 	2.6 	5.5 	5.7 	7.6 
A,RT_PRE_NAC,D1_D4_MD5,B-E,RO	: 	: 	: 	8.4 	5.9 	13.5 	16.7 	12.3 
A,RT_PRE_NAC,D1_D4_MD5,B-E,RS	: 	: 	: 	5.2 	10.9 	15.2 	14 	14.4 
A,RT_PRE_NAC,D1_D4_MD5,B-E,SE	: 	: 	: 	-0.8 	4.9 	2.8 	3.7 	4.6 
A,RT_PRE_NAC,D1_D4_MD5,B-E,SI	: 	: 	: 	1.4 	6.5 	8.2 	10.5 	6.6 
A,RT_PRE_NAC,D1_D4_MD5,B-E,SK	: 	: 	: 	5 	5.8 	10.1 	7.7 	7.8 
A,RT_PRE_NAC,D1_D4_MD5,B-E,TR	: 	: 	: 	16.3 	21 	73.6 	117.4 	93.1 
A,RT_PRE_NAC,D1_D4_MD5,B-F,MT	: 	: 	: 	1.3 	2.9 	6.6 	5.3 	: 
A,RT_PRE_NAC,D1_D4_MD5,B-N,AT	: 	: 	0 	6 	0.8 	4.7 	6.0 p	8.1 
A,RT_PRE_NAC,D1_D4_MD5,B-N,BE	: 	: 	: 	1.6 	1.2 	6.1 	8.3 	2.4 
A,RT_PRE_NAC,D1_D4_MD5,B-N,BG	: 	: 	: 	6.3 	7.1 	16.1 	14.5 	13.6 
A,RT_PRE_NAC,D1_D4_MD5,B-N,CY	: 	: 	: 	-1.8 	1.2 	8.5 	5.7 	5.5 
A,RT_PRE_NAC,D1_D4_MD5,B-N,CZ	: 	: 	: 	4.7 	-0.8 	3.8 	8.7 	6.4 
A,RT_PRE_NAC,D1_D4_MD5,B-N,DE	: 	: 	: 	2.2 	1.2 	6.8 	4.7 	4.8 
A,RT_PRE_NAC,D1_D4_MD5,B-N,DK	: 	: 	0.6 	0.6 	2.5 	2.7 	2.9 	3.3 
A,RT_PRE_NAC,D1_D4_MD5,B-N,EA19	: 	: 	: 	2.6 	0.9 	5.2 	5.1 	4.4 
A,RT_PRE_NAC,D1_D4_MD5,B-N,EA20	: 	: 	: 	: 	0.9 	5.3 	5.1 	4.4 
A,RT_PRE_NAC,D1_D4_MD5,B-N,EE	: 	: 	: 	1.5 	6.3 	9.9 	10.2 	7.1 
A,RT_PRE_NAC,D1_D4_MD5,B-N,EL	: 	: 	: 	4 	0.7 	8.8 	8.4 	7.6 
A,RT_PRE_NAC,D1_D4_MD5,B-N,ES	: 	: 	-0.6 	4.9 	-0.5 	1.7 	5.2 	4.5 
A,RT_PRE_NAC,D1_D4_MD5,B-N,FI	-2.1 p	1.8 p	1.0 p	-0.1 p	4.6 p	2.0 p	3.7 p	1.7 p
A,RT_PRE_NAC,D1_D4_MD5,B-N,FR	: 	: 	: 	2.4 	0.7 	4 	3.8 	3.1 
A,RT_PRE_NAC,D1_D4_MD5,B-N,HR	: 	: 	: 	-2.6 	2.7 	9.4 	13.9 	11.6 
A,RT_PRE_NAC,D1_D4_MD5,B-N,HU	: 	: 	: 	7.1 	5.9 	13.1 	17.3 	12.2 
A,RT_PRE_NAC,D1_D4_MD5,B-N,IE	: 	: 	: 	-3.6 	4.2 	10.1 	6.1 	6.3 
A,RT_PRE_NAC,D1_D4_MD5,B-N,IS	: 	7.9 d	6.6 p	4.5 p	7.8 p	6.2 p	8.1 p	7.0 p
A,RT_PRE_NAC,D1_D4_MD5,B-N,IT	: 	: 	: 	4 	-1.3 	2.1 	3 	3.2 
A,RT_PRE_NAC,D1_D4_MD5,B-N,LT	: 	: 	: 	6.1 	12.3 	13.7 	12.5 	9.8 
A,RT_PRE_NAC,D1_D4_MD5,B-N,LU	: 	: 	: 	0.9 	2.2 	5.3 	6.4 	2.2 
A,RT_PRE_NAC,D1_D4_MD5,B-N,LV	: 	: 	: 	5.7 	3.1 	8.3 	11.3 	12.3 
A,RT_PRE_NAC,D1_D4_MD5,B-N,MT	: 	: 	: 	-6.8 	2.4 	10.4 	6.2 	2 
A,RT_PRE_NAC,D1_D4_MD5,B-N,NL	: 	: 	: 	0.9 	1.7 	5.4 	6.8 	5 
A,RT_PRE_NAC,D1_D4_MD5,B-N,NO	: 	: 	: 	2.4 	3.8 	1.7 	7.7 	5.9 
A,RT_PRE_NAC,D1_D4_MD5,B-N,PL	: 	: 	: 	5.3 	7.9 	12.9 	12.1 	11 
A,RT_PRE_NAC,D1_D4_MD5,B-N,PT	: 	: 	: 	7.6 	2 	5.1 	5.6 	6.5 
A,RT_PRE_NAC,D1_D4_MD5,B-N,RO	: 	: 	: 	8.1 	5.9 	14.2 	17.1 	13.2 
A,RT_PRE_NAC,D1_D4_MD5,B-N,RS	: 	: 	: 	6.2 	11.6 	18.7 	13.6 	13.4 
A,RT_PRE_NAC,D1_D4_MD5,B-N,SE	: 	: 	: 	0.5 	4.4 	3.4 	3.6 	4.6 
A,RT_PRE_NAC,D1_D4_MD5,B-N,SI	: 	: 	: 	1.9 	6.3 	7.8 	10.4 	7.4 
A,RT_PRE_NAC,D1_D4_MD5,B-N,SK	: 	: 	: 	5.6 	5 	11.1 	8.4 	7.5 
A,RT_PRE_NAC,D1_D4_MD5,B-S,MT	: 	: 	: 	4.6 	2.9 	3.2 	3.2 	: 
A,RT_PRE_NAC,D1_D4_MD5,B-S_X_O,AT	: 	: 	0.2 	6.4 	0.9 	5.3 	5.9 p	8.6 
A,RT_PRE_NAC,D1_D4_MD5,B-S_X_O,BE	: 	: 	: 	1.6 	1.1 	6.2 	8.2 	2.4 
A,RT_PRE_NAC,D1_D4_MD5,B-S_X_O,BG	: 	: 	: 	7.5 	8.6 	14.7 	14 	13.9 
A,RT_PRE_NAC,D1_D4_MD5,B-S_X_O,CY	: 	: 	: 	-1.1 	1 	7.6 	6 	5.1 
A,RT_PRE_NAC,D1_D4_MD5,B-S_X_O,CZ	: 	: 	: 	5.9 	0.7 	2.8 	8 	6 
A,RT_PRE_NAC,D1_D4_MD5,B-S_X_O,DE	: 	: 	: 	2.8 	1.3 	6.2 	4.5 	5 
A,RT_PRE_NAC,D1_D4_MD5,B-S_X_O,DK	: 	: 	0.2 	0 	2.1 	2.6 	2.6 	3.9 
A,RT_PRE_NAC,D1_D4_MD5,B-S_X_O,EA19	: 	: 	: 	2.9 	1 	4.8 	4.9 	4.4 
A,RT_PRE_NAC,D1_D4_MD5,B-S_X_O,EA20	: 	: 	: 	: 	1 	4.8 	4.9 	4.5 
A,RT_PRE_NAC,D1_D4_MD5,B-S_X_O,EE	: 	: 	: 	2.1 	6.5 	9.1 	11.7 	7.3 
A,RT_PRE_NAC,D1_D4_MD5,B-S_X_O,EL	: 	: 	: 	3 	0.9 	5.6 	7 	6.3 
A,RT_PRE_NAC,D1_D4_MD5,B-S_X_O,ES	: 	: 	-0.2 	5.2 	-0.3 	1.7 	5.1 	4.3 
A,RT_PRE_NAC,D1_D4_MD5,B-S_X_O,FI	-2.8 p	2.7 p	2.3 p	1.3 p	3.1 p	2.5 p	3.1 p	1.8 p
A,RT_PRE_NAC,D1_D4_MD5,B-S_X_O,FR	: 	: 	: 	2.5 	1.2 	3.8 	4.1 	3 
A,RT_PRE_NAC,D1_D4_MD5,B-S_X_O,HR	: 	: 	: 	-1 	3 	8.8 	14.2 	14.2 
A,RT_PRE_NAC,D1_D4_MD5,B-S_X_O,HU	: 	: 	: 	7.9 	7.3 	13.9 	17 	13.6 
A,RT_PRE_NAC,D1_D4_MD5,B-S_X_O,IE	: 	: 	: 	-2.6 	3.5 	9.5 	5.8 	5.8 
A,RT_PRE_NAC,D1_D4_MD5,B-S_X_O,IS	: 	7.0 d	9.4 d	3.4 d	9.4 d	7.2 p	8.1 p	6.8 p
A,RT_PRE_NAC,D1_D4_MD5,B-S_X_O,IT	: 	: 	: 	3.4 	-1.2 	1.5 	2.3 	3.3 
A,RT_PRE_NAC,D1_D4_MD5,B-S_X_O,LT	: 	: 	: 	7.5 	12.5 	13.3 	12.4 	10.8 
A,RT_PRE_NAC,D1_D4_MD5,B-S_X_O,LU	: 	: 	: 	0.9 	2.3 	5.1 	6.4 	2.1 
A,RT_PRE_NAC,D1_D4_MD5,B-S_X_O,LV	: 	: 	: 	5.8 	5.8 	7.8 	11 	12.1 
A,RT_PRE_NAC,D1_D4_MD5,B-S_X_O,MT	: 	: 	: 	-3.8 	3.6 	7.7 	4.7 	4.9 
A,RT_PRE_NAC,D1_D4_MD5,B-S_X_O,NL	: 	: 	: 	2.1 	1.4 	5.5 	6.8 	5.2 
A,RT_PRE_NAC,D1_D4_MD5,B-S_X_O,NO	: 	: 	: 	2.5 	2.7 	2 	7.6 	5.4 
A,RT_PRE_NAC,D1_D4_MD5,B-S_X_O,PL	: 	: 	: 	6.1 	8.2 	11.7 	12.4 	12.8 
A,RT_PRE_NAC,D1_D4_MD5,B-S_X_O,PT	: 	: 	: 	8.7 	1.8 	4.7 	5.8 	6.9 
A,RT_PRE_NAC,D1_D4_MD5,B-S_X_O,RO	: 	: 	: 	8.4 	4.8 	12 	16.3 	14.2 
A,RT_PRE_NAC,D1_D4_MD5,B-S_X_O,RS	: 	: 	: 	8.1 	11.1 	16.8 	13.3 	13.6 
A,RT_PRE_NAC,D1_D4_MD5,B-S_X_O,SE	: 	: 	: 	1.1 	3.9 	3.2 	4.1 	3.6 
A,RT_PRE_NAC,D1_D4_MD5,B-S_X_O,SI	: 	: 	: 	4.2 	6.2 	5.1 	10.2 	6.6 
A,RT_PRE_NAC,D1_D4_MD5,B-S_X_O,SK	: 	: 	: 	7.2 	5.4 	9.3 	8.9 	7.7 
A,RT_PRE_NAC,D1_D4_MD5,C,AT	: 	: 	1.8 	3.1 	1.6 	5.6 	7.8 p	7 
A,RT_PRE_NAC,D1_D4_MD5,C,BE	: 	: 	: 	1.7 	1.3 	6.9 	7.5 	3.4 
A,RT_PRE_NAC,D1_D4_MD5,C,BG	: 	: 	: 	4.7 	7.1 	17.9 	17.1 	12.4 
A,RT_PRE_NAC,D1_D4_MD5,C,CY	: 	: 	: 	-1.1 	0.6 	3 	5.2 	6 
A,RT_PRE_NAC,D1_D4_MD5,C,CZ	: 	: 	: 	4.9 	2.8 	5 	8.3 	6.2 
A,RT_PRE_NAC,D1_D4_MD5,C,DE	: 	: 	: 	1.3 	0.2 	5.2 	4.4 	4.6 
A,RT_PRE_NAC,D1_D4_MD5,C,DK	: 	: 	2.6 	0 	4 	3 	2.8 	3.6 
A,RT_PRE_NAC,D1_D4_MD5,C,EA19	: 	: 	: 	2.1 	0.3 	4.7 	4.8 	4.6 
A,RT_PRE_NAC,D1_D4_MD5,C,EA20	: 	: 	: 	: 	0.3 	4.7 	4.8 	4.7 
A,RT_PRE_NAC,D1_D4_MD5,C,EE	: 	: 	: 	3.1 	4.6 	14.3 	6.2 	8.4 
A,RT_PRE_NAC,D1_D4_MD5,C,EL	: 	: 	: 	1.9 	-2.4 	5.9 	3 	7.6 
A,RT_PRE_NAC,D1_D4_MD5,C,ES	: 	: 	-0.1 	3.6 	-0.9 	2.1 	5.8 	4.8 
A,RT_PRE_NAC,D1_D4_MD5,C,FI	-2.0 p	3.3 p	-0.5 p	-1.6 p	5.0 p	3.3 p	3.6 p	1.4 p
A,RT_PRE_NAC,D1_D4_MD5,C,FR	: 	: 	: 	2.8 	0.2 	3.8 	3.8 	3.7 
A,RT_PRE_NAC,D1_D4_MD5,C,HR	: 	: 	: 	-0.6 	3.5 	8.8 	13.9 	12.7 
A,RT_PRE_NAC,D1_D4_MD5,C,HU	: 	: 	: 	6.6 	6.6 	12.5 	19.1 	11.6 
A,RT_PRE_NAC,D1_D4_MD5,C,IE	: 	: 	: 	-1.4 	5.1 	5.3 	5.2 	5.8 
A,RT_PRE_NAC,D1_D4_MD5,C,IS	: 	5.0 p	7.1 p	1.9 p	8.7 p	8.5 p	9.0 p	7.2 p
A,RT_PRE_NAC,D1_D4_MD5,C,IT	: 	: 	: 	2.8 	-2 	3.1 	4.1 	4.3 
A,RT_PRE_NAC,D1_D4_MD5,C,LT	: 	: 	: 	5.2 	12.7 	13.3 	10.9 	9.7 
A,RT_PRE_NAC,D1_D4_MD5,C,LU	: 	: 	: 	0.7 	0.5 	4.9 	6.5 	2.3 
A,RT_PRE_NAC,D1_D4_MD5,C,LV	: 	: 	: 	6.4 	1.9 	9.4 	10.2 	11.1 
A,RT_PRE_NAC,D1_D4_MD5,C,MT	: 	: 	: 	-6.6 	1.9 	15.5 	9.3 	7.4 
A,RT_PRE_NAC,D1_D4_MD5,C,NL	: 	: 	: 	2.1 	1.2 	5 	6.5 	: @C
A,RT_PRE_NAC,D1_D4_MD5,C,NO	: 	: 	: 	2.3 	2.8 	1.2 	7.9 	5.8 
A,RT_PRE_NAC,D1_D4_MD5,C,PL	: 	: 	: 	5.6 	8.1 	11.2 	11.4 	11.6 
A,RT_PRE_NAC,D1_D4_MD5,C,PT	: 	: 	: 	7.8 	2.9 	5.1 	6 	7.7 
A,RT_PRE_NAC,D1_D4_MD5,C,RO	: 	: 	: 	8.2 	6 	13.7 	16.7 	12.4 
A,RT_PRE_NAC,D1_D4_MD5,C,RS	: 	: 	: 	3.9 	12.5 	18 	14.9 	15.2 
A,RT_PRE_NAC,D1_D4_MD5,C,SE	: 	: 	: 	-0.8 	4.8 	2.8 	3.7 	4.6 
A,RT_PRE_NAC,D1_D4_MD5,C,SI	: 	: 	: 	1.6 	6.6 	8.3 	10.4 	6.7 
A,RT_PRE_NAC,D1_D4_MD5,C,SK	: 	: 	: 	4.8 	6.2 	10.3 	7.6 	7.5 
A,RT_PRE_NAC,D1_D4_MD5,C,TR	: 	: 	: 	16.1 	20.8 	73.7 	116.8 	92.6 
A,RT_PRE_NAC,D1_D4_MD5,D,AT	: 	: 	5 	2.6 	-0.4 	5.8 	6.4 p	5.4 
A,RT_PRE_NAC,D1_D4_MD5,D,BE	: 	: 	: 	2.1 	1.6 	8.6 	4.7 	2.9 
A,RT_PRE_NAC,D1_D4_MD5,D,BG	: 	: 	: 	6.2 	2.1 	19.9 	12.5 	8.9 
A,RT_PRE_NAC,D1_D4_MD5,D,CY	: 	: 	-0.1 	13.7 	3.3 	7.7 	6.8 	3.6 
A,RT_PRE_NAC,D1_D4_MD5,D,CZ	: 	: 	: 	8.1 	4.8 	7.2 	12.7 	5.8 
A,RT_PRE_NAC,D1_D4_MD5,D,DE	: 	: 	: 	-0.1 	-0.8 	8.1 	6.7 	2.2 
A,RT_PRE_NAC,D1_D4_MD5,D,DK	: 	: 	2.2 	0.1 	7.3 	8.6 	5.6 	5.2 
A,RT_PRE_NAC,D1_D4_MD5,D,EA19	: 	: 	: 	1.5 	0.7 	5.4 	6 	2.8 
A,RT_PRE_NAC,D1_D4_MD5,D,EA20	: 	: 	: 	: 	0.7 d	5.4 	6 	2.9 
A,RT_PRE_NAC,D1_D4_MD5,D,EE	: 	: 	: 	4.1 	2.9 	10.6 	14.5 	10.1 
A,RT_PRE_NAC,D1_D4_MD5,D,EL	: 	: 	: 	2.3 	3.6 	4.9 	8.1 	-7.6 
A,RT_PRE_NAC,D1_D4_MD5,D,ES	: 	: 	1.6 	2 	5.5 	-1.2 	2 	-0.1 
A,RT_PRE_NAC,D1_D4_MD5,D,FI	-22.1 p	2.4 p	4.8 p	-4.7 p	6.6 p	4.0 p	-3.0 p	5.2 p
A,RT_PRE_NAC,D1_D4_MD5,D,FR	: 	: 	: 	3.2 	1.6 	2.3 	7 	2.3 
A,RT_PRE_NAC,D1_D4_MD5,D,HR	: 	: 	: 	-0.2 	4.1 	3.9 	5.8 	18.2 
A,RT_PRE_NAC,D1_D4_MD5,D,HU	: 	: 	: 	5.8 	2.2 	5.8 	16.9 	12.1 
A,RT_PRE_NAC,D1_D4_MD5,D,IE	: 	: 	: 	3.4 	3.6 	3.2 	2 	15 
A,RT_PRE_NAC,D1_D4_MD5,D,IS	: 	15.9 p	21.3 p	13.7 p	-3.0 p	7.7 p	9.5 p	6.5 p
A,RT_PRE_NAC,D1_D4_MD5,D,IT	: 	: 	: 	0 	0.4 	2.8 	1.2 	3.6 
A,RT_PRE_NAC,D1_D4_MD5,D,LT	: 	: 	: 	10.3 	8.1 	11.7 	13.4 	11.3 
A,RT_PRE_NAC,D1_D4_MD5,D,LU	: 	: 	: 	-1.2 	1.3 	4.2 	6.2 	2.7 
A,RT_PRE_NAC,D1_D4_MD5,D,LV	: 	: 	: 	1.5 	7.2 	9.8 	17.2 	8.5 
A,RT_PRE_NAC,D1_D4_MD5,D,MT	: 	: 	: 	7 	5.7 	1.6 	7.8 	11.2 
A,RT_PRE_NAC,D1_D4_MD5,D,NL	: 	: 	: 	3.7 	1.5 	4.6 	10 	: @C
A,RT_PRE_NAC,D1_D4_MD5,D,NO	: 	: 	: 	2.4 	5 	4.1 	8.7 	6.6 
A,RT_PRE_NAC,D1_D4_MD5,D,PL	: 	: 	: 	5.2 	5.1 	11.6 	14.1 	9.6 
A,RT_PRE_NAC,D1_D4_MD5,D,PT	: 	: 	: 	0.9 	-7.7 	19 	-0.2 	1.6 
A,RT_PRE_NAC,D1_D4_MD5,D,RO	: 	: 	: 	11.7 	6.5 	16.6 	18.1 	9.3 
A,RT_PRE_NAC,D1_D4_MD5,D,RS	: 	: 	: 	10.6 	3 	4 	8.2 	9.3 
A,RT_PRE_NAC,D1_D4_MD5,D,SE	: 	: 	: 	-0.8 	4.8 	2.9 	3 	4.9 
A,RT_PRE_NAC,D1_D4_MD5,D,SI	: 	: 	: 	-0.7 	5.1 	7.8 	10.2 	3.3 
A,RT_PRE_NAC,D1_D4_MD5,D,SK	: 	: 	: 	8.3 	1.7 	6.4 	11.4 	10.6 
A,RT_PRE_NAC,D1_D4_MD5,D,TR	: 	: 	: 	16.9 	20.2 	74.3 	104.9 	92.1 
A,RT_PRE_NAC,D1_D4_MD5,E,AT	: 	: 	-4.2 	4.4 	-1.6 	6.1 	7.6 p	7.9 
A,RT_PRE_NAC,D1_D4_MD5,E,BE	: 	: 	: 	1.2 	1.2 	5.8 	8.9 	2.1 
A,RT_PRE_NAC,D1_D4_MD5,E,BG	: 	: 	: 	9.7 	3.9 	11.5 	14.5 	14.3 
A,RT_PRE_NAC,D1_D4_MD5,E,CY	: 	: 	: 	0.4 	3.4 	3.3 	5.4 	3.9 
A,RT_PRE_NAC,D1_D4_MD5,E,CZ	: 	: 	: 	5.2 	4.2 	5 	9.4 	7.8 
A,RT_PRE_NAC,D1_D4_MD5,E,DE	: 	: 	: 	2.4 	2 	7.2 	6.4 	1 
A,RT_PRE_NAC,D1_D4_MD5,E,DK	: 	: 	: @C	: @C	: @C	: @C	: @C	: @C
A,RT_PRE_NAC,D1_D4_MD5,E,EA19	: 	: 	: 	2.6 	0.5 	5.3 	4.8 	3.3 
A,RT_PRE_NAC,D1_D4_MD5,E,EA20	: 	: 	: 	: 	0.5 	5.3 	4.9 	3.4 
A,RT_PRE_NAC,D1_D4_MD5,E,EE	: 	: 	: 	2.7 	6.3 	8.5 	12.9 	5.9 
A,RT_PRE_NAC,D1_D4_MD5,E,EL	: 	: 	: 	1.1 	-0.8 	4.1 	4.2 	16.3 
A,RT_PRE_NAC,D1_D4_MD5,E,ES	: 	: 	-0.3 	3.9 	1.4 	5.3 	3.2 	3.8 
A,RT_PRE_NAC,D1_D4_MD5,E,FI	-10.2 p	2.2 p	4.5 p	8.9 p	-5.6 p	3.8 p	3.1 p	3.9 p
A,RT_PRE_NAC,D1_D4_MD5,E,FR	: 	: 	: 	5.2 	-1 	2.8 	4.1 	3.2 
A,RT_PRE_NAC,D1_D4_MD5,E,HR	: 	: 	: 	0.9 	1.7 	7 	11.2 	15 
A,RT_PRE_NAC,D1_D4_MD5,E,HU	: 	: 	: 	5.8 	5.2 	11.4 	18.4 	18 
A,RT_PRE_NAC,D1_D4_MD5,E,IE	: 	: 	: 	1.1 	3.6 	13.9 	11.1 	5.5 
A,RT_PRE_NAC,D1_D4_MD5,E,IS	: 	5.3 p	9.9 p	1.8 p	8.9 p	8.9 p	8.7 p	6.1 p
A,RT_PRE_NAC,D1_D4_MD5,E,IT	: 	: 	: 	-0.2 	-2.3 	3.4 	1.2 	3.5 
A,RT_PRE_NAC,D1_D4_MD5,E,LT	: 	: 	: 	7.1 	8.7 	9.9 	16.3 	10.8 
A,RT_PRE_NAC,D1_D4_MD5,E,LU	: 	: 	: 	0.7 	1.7 	4 	7.9 	3.2 
A,RT_PRE_NAC,D1_D4_MD5,E,LV	: 	: 	: 	5.2 	0.5 	13.6 	13.1 	13.2 
A,RT_PRE_NAC,D1_D4_MD5,E,MT	: 	: 	: 	3.2 	3.4 	1.1 	3 	2 
A,RT_PRE_NAC,D1_D4_MD5,E,NL	: 	: 	: 	0.9 	1.7 	6.5 	5.5 	: @C
A,RT_PRE_NAC,D1_D4_MD5,E,NO	: 	: 	: 	2.2 	0.8 	0.9 	5.4 	6.7 
A,RT_PRE_NAC,D1_D4_MD5,E,PL	: 	: 	: 	4.8 	7.3 	10.4 	10.9 	12.6 
A,RT_PRE_NAC,D1_D4_MD5,E,PT	: 	: 	: 	6.7 	2.3 	6.1 	4.2 	8.9 
A,RT_PRE_NAC,D1_D4_MD5,E,RO	: 	: 	: 	8.3 	4.1 	12 	17.4 	15.6 
A,RT_PRE_NAC,D1_D4_MD5,E,RS	: 	: 	: 	14.2 	11.1 	11.5 	13 	14.7 
A,RT_PRE_NAC,D1_D4_MD5,E,SE	: 	: 	: 	-0.8 	5.1 	2.5 	3 	5 
A,RT_PRE_NAC,D1_D4_MD5,E,SI	: 	: 	: 	1.6 	5.6 	7.4 	12 	6.8 
A,RT_PRE_NAC,D1_D4_MD5,E,SK	: 	: 	: 	6.6 	5 	8.2 	9.1 	7.6 
A,RT_PRE_NAC,D1_D4_MD5,E,TR	: 	: 	: 	15.6 	14.1 	54.2 	92.2 	105.8 
A,RT_PRE_NAC,D1_D4_MD5,F,AT	: 	: 	4.2 	4 	0.7 	5.5 	3.5 p	8.8 
A,RT_PRE_NAC,D1_D4_MD5,F,BE	: 	: 	: 	1.5 	1 	5.8 	8.6 	2.3 
A,RT_PRE_NAC,D1_D4_MD5,F,BG	: 	: 	: 	2.9 	10.4 	11.3 	16.7 	17.2 
A,RT_PRE_NAC,D1_D4_MD5,F,CY	: 	: 	: 	-2.3 	2.7 	3.2 	4.1 	4.6 
A,RT_PRE_NAC,D1_D4_MD5,F,CZ	: 	: 	: 	4.1 	5.2 	2 	9.6 	6.6 
A,RT_PRE_NAC,D1_D4_MD5,F,DE	: 	: 	: 	2.9 	3.1 	7.6 	4.2 	5.8 
A,RT_PRE_NAC,D1_D4_MD5,F,DK	: 	: 	1.2 	0.1 	5.2 	1.9 	3 	2.9 
A,RT_PRE_NAC,D1_D4_MD5,F,EA19	: 	: 	: 	3.1 	1.2 	5.7 	4.7 	5 
A,RT_PRE_NAC,D1_D4_MD5,F,EA20	: 	: 	: 	: 	1.2 	5.7 	4.7 	5 
A,RT_PRE_NAC,D1_D4_MD5,F,EE	: 	: 	: 	2.5 	6.7 	5.1 	4.9 	5.9 
A,RT_PRE_NAC,D1_D4_MD5,F,EL	: 	: 	: 	5 	-3.2 	9.2 	8.9 	10.1 
A,RT_PRE_NAC,D1_D4_MD5,F,ES	: 	: 	-1.1 	2.5 	0 	2.6 	4.5 	2.5 
A,RT_PRE_NAC,D1_D4_MD5,F,FI	8.3 p	4.6 p	0.1 p	-0.8 p	4.8 p	2.6 p	1.1 p	3.8 p
A,RT_PRE_NAC,D1_D4_MD5,F,FR	: 	: 	: 	3.8 	-0.7 	3.6 	3.7 	3.2 
A,RT_PRE_NAC,D1_D4_MD5,F,HR	: 	: 	: 	-1.1 	3.6 	9.3 	17.1 	10.8 
A,RT_PRE_NAC,D1_D4_MD5,F,HU	: 	: 	: 	9.7 	7 	15.1 	16.8 	14.7 
A,RT_PRE_NAC,D1_D4_MD5,F,IE	: 	: 	: 	-6.4 	4 	23.9 	5.1 	7.4 
A,RT_PRE_NAC,D1_D4_MD5,F,IS	: 	10.9 p	15.5 p	18.3 p	-7.2 p	7.7 p	9.4 p	7.6 p
A,RT_PRE_NAC,D1_D4_MD5,F,IT	: 	: 	: 	1.3 	0 	3.7 	3.6 	5.2 
A,RT_PRE_NAC,D1_D4_MD5,F,LT	: 	: 	: 	8.1 	13.5 	10 	16.5 	12.7 
A,RT_PRE_NAC,D1_D4_MD5,F,LU	: 	: 	: 	1.1 	1.3 	5.4 	6.8 	3.3 
A,RT_PRE_NAC,D1_D4_MD5,F,LV	: 	: 	: 	9.9 	-0.6 	4.9 	7.7 	13.9 
A,RT_PRE_NAC,D1_D4_MD5,F,MT	: 	: 	: 	0.8 	5.4 	2.2 	3.9 	2.3 
A,RT_PRE_NAC,D1_D4_MD5,F,NL	: 	: 	: 	7 	-2 	4.1 	5 	5.2 
A,RT_PRE_NAC,D1_D4_MD5,F,NO	: 	: 	: 	2.6 	0.7 	0.6 	7.8 	5.3 
A,RT_PRE_NAC,D1_D4_MD5,F,PL	: 	: 	: 	4.2 	7.3 	11 	8.4 	13.8 
A,RT_PRE_NAC,D1_D4_MD5,F,PT	: 	: 	: 	3.2 	6.4 	5.8 	5.7 	7.4 
A,RT_PRE_NAC,D1_D4_MD5,F,RO	: 	: 	: 	5.3 	4.1 	11.7 	24.8 	16.3 
A,RT_PRE_NAC,D1_D4_MD5,F,RS	: 	: 	: 	1.5 	13.7 	16.8 	13.7 	14.7 
A,RT_PRE_NAC,D1_D4_MD5,F,SE	: 	: 	: 	0.0 	3.9 	5.1 	4.3 	4.6 
A,RT_PRE_NAC,D1_D4_MD5,F,SI	: 	: 	: 	4.2 	7.2 	7.3 	10.2 	10 
A,RT_PRE_NAC,D1_D4_MD5,F,SK	: 	: 	: 	-1.5 	4.1 	15.6 	9.9 	11.1 
A,RT_PRE_NAC,D1_D4_MD5,F,TR	: 	: 	: 	10.8 	16.4 	71.6 	114.2 	87.8 
A,RT_PRE_NAC,D1_D4_MD5,G,AT	: 	: 	1.4 	4.5 	1.1 	4.7 	0.9 p	10.7 
A,RT_PRE_NAC,D1_D4_MD5,G,BE	: 	: 	: 	1.4 	1.3 	5.9 	8.7 	2 
A,RT_PRE_NAC,D1_D4_MD5,G,BG	: 	: 	: 	8.6 	6.8 	16.9 	13.5 	15.7 
A,RT_PRE_NAC,D1_D4_MD5,G,CY	: 	: 	: 	-3.7 	1.3 	7.5 	4.5 	5 
A,RT_PRE_NAC,D1_D4_MD5,G,CZ	: 	: 	: 	4.3 	5.6 	4.6 	7 	5.6 
A,RT_PRE_NAC,D1_D4_MD5,G,DE	: 	: 	: 	3.9 	1.4 	5.6 	5.4 	3.8 
A,RT_PRE_NAC,D1_D4_MD5,G,DK	: 	: 	-0.7 	0.7 	3.8 	2.9 	2.5 	3.4 
A,RT_PRE_NAC,D1_D4_MD5,G,EA19	: 	: 	: 	3.6 	1.1 	4.4 	5.3 	4 
A,RT_PRE_NAC,D1_D4_MD5,G,EA20	: 	: 	: 	: 	1.1 	4.4 	5.3 	4 
A,RT_PRE_NAC,D1_D4_MD5,G,EE	: 	: 	: 	-8.6 	10.2 	7.8 	9.4 	6 
A,RT_PRE_NAC,D1_D4_MD5,G,EL	: 	: 	: 	1.8 	-1 	2.2 	9 	6.2 
A,RT_PRE_NAC,D1_D4_MD5,G,ES	: 	: 	-2 	2.2 	0.3 	4.3 	6.3 	4.6 
A,RT_PRE_NAC,D1_D4_MD5,G,FI	1.4 p	5.3 p	2.0 p	-1.7 p	6.3 p	2.6 p	1.1 p	1.3 p
A,RT_PRE_NAC,D1_D4_MD5,G,FR	: 	: 	: 	2.9 	0.6 	3.2 	3.9 	2.6 
A,RT_PRE_NAC,D1_D4_MD5,G,HR	: 	: 	: 	-1.7 	3.1 	10.6 	14.3 	12.7 
A,RT_PRE_NAC,D1_D4_MD5,G,HU	: 	: 	: 	9 	6.8 	13.5 	16.3 	11 
A,RT_PRE_NAC,D1_D4_MD5,G,IE	: 	: 	: 	-4.5 	3.6 	10.1 	4.7 	5.9 
A,RT_PRE_NAC,D1_D4_MD5,G,IS	: 	5.7 p	10.4 p	-0.2 p	14.1 p	7.6 p	7.6 p	6.5 p
A,RT_PRE_NAC,D1_D4_MD5,G,IT	: 	: 	: 	6 	-1.5 	1.2 	2.1 	2.6 
A,RT_PRE_NAC,D1_D4_MD5,G,LT	: 	: 	: 	6.3 	17.3 	13.5 	9.5 	9.7 
A,RT_PRE_NAC,D1_D4_MD5,G,LU	: 	: 	: 	1.4 	1.3 	3.9 	7.4 	1.8 
A,RT_PRE_NAC,D1_D4_MD5,G,LV	: 	: 	: 	6.3 	4.9 	7 	12.2 	13.1 
A,RT_PRE_NAC,D1_D4_MD5,G,MT	: 	: 	: 	-8.9 	6.6 	7.3 	5.6 	9.6 
A,RT_PRE_NAC,D1_D4_MD5,G,NL	: 	: 	: 	1.7 	3 	4.7 	6.8 	: @C
A,RT_PRE_NAC,D1_D4_MD5,G,NO	: 	: 	: 	2.6 	6.5 	0.6 	6.8 	5.4 
A,RT_PRE_NAC,D1_D4_MD5,G,PL	: 	: 	: 	6.1 	8.7 	11.8 	11 	10.9 
A,RT_PRE_NAC,D1_D4_MD5,G,PT	: 	: 	: 	8.1 	3.4 	6.7 	5.8 	5.5 
A,RT_PRE_NAC,D1_D4_MD5,G,RO	: 	: 	: 	8.7 	6.9 	15.1 	15.1 	14.9 
A,RT_PRE_NAC,D1_D4_MD5,G,RS	: 	: 	: 	4.8 	12.9 	18.9 	15.4 	13.8 
A,RT_PRE_NAC,D1_D4_MD5,G,SE	: 	: 	: 	1.5 	3 	2.9 	4.1 	5.5 
A,RT_PRE_NAC,D1_D4_MD5,G,SI	: 	: 	: 	3.9 	6.1 	7.7 	10.1 	7.6 
A,RT_PRE_NAC,D1_D4_MD5,G,SK	: 	: 	: 	5.4 	7.4 	11.8 	8.8 	7.1 
A,RT_PRE_NAC,D1_D4_MD5,G,TR	: 	: 	: 	15.4 	23.4 	70.7 	116.3 	84.1 
A,RT_PRE_NAC,D1_D4_MD5,G-J,MT	: 	: 	: 	2.7 	1.4 	0.3 	4.0 	: 
A,RT_PRE_NAC,D1_D4_MD5,G-N,AT	: 	: 	-1.3 	7.6 	0.3 	4.6 	5.6 p	8.6 
A,RT_PRE_NAC,D1_D4_MD5,G-N,BE	: 	: 	: 	1.5 	1.1 	5.7 	8.7 	2.1 
A,RT_PRE_NAC,D1_D4_MD5,G-N,BG	: 	: 	: 	7.1 	7.2 	15.8 	13.5 	14.1 
A,RT_PRE_NAC,D1_D4_MD5,G-N,CY	: 	: 	: 	-2 	1 	10.3 	5.9 	5.7 
A,RT_PRE_NAC,D1_D4_MD5,G-N,CZ	: 	: 	: 	4.5 	-4.9 	3 	8.8 	6.5 
A,RT_PRE_NAC,D1_D4_MD5,G-N,DE	: 	: 	: 	2.6 	1.5 	7.6 	4.9 	5 
A,RT_PRE_NAC,D1_D4_MD5,G-N,DK	: 	: 	-0.1 	0.9 	1.5 	2.5 	2.9 	3.2 
A,RT_PRE_NAC,D1_D4_MD5,G-N,EA19	: 	: 	: 	2.7 	1.2 	5.4 	5.2 	4.3 
A,RT_PRE_NAC,D1_D4_MD5,G-N,EA20	: 	: 	: 	: 	1.2 	5.4 	5.2 	4.4 
A,RT_PRE_NAC,D1_D4_MD5,G-N,EE	: 	: 	: 	0.6 	7.1 	8.9 	12.6 	6.8 
A,RT_PRE_NAC,D1_D4_MD5,G-N,EL	: 	: 	: 	4.6 	1.7 	9.9 	9.8 	7.7 
A,RT_PRE_NAC,D1_D4_MD5,G-N,ES	: 	: 	-0.7 	5.5 	-0.3 	1.5 	5.4 	4.8 
A,RT_PRE_NAC,D1_D4_MD5,G-N,FI	-1.6 p	1.2 p	2.3 p	0.8 p	4.5 p	1.4 p	4.1 p	1.5 p
A,RT_PRE_NAC,D1_D4_MD5,G-N,FR	: 	: 	: 	2.1 	1 	4.2 	3.8 	2.9 
A,RT_PRE_NAC,D1_D4_MD5,G-N,HR	: 	: 	: 	-3.9 	2.3 	10.1 	13.8 	10.9 
A,RT_PRE_NAC,D1_D4_MD5,G-N,HU	: 	: 	: 	7.3 	5.6 	13.5 	16.3 	12.2 
A,RT_PRE_NAC,D1_D4_MD5,G-N,IE	: 	: 	: 	-4.1 	4 	10.1 	6.5 	6.3 
A,RT_PRE_NAC,D1_D4_MD5,G-N,IS	: 	5.4 p	6.2 p	5.2 p	8.1 p	5.4 p	7.6 p	6.9 p
A,RT_PRE_NAC,D1_D4_MD5,G-N,IT	: 	: 	: 	5.2 	-1.1 	1.3 	2.4 	2.3 
A,RT_PRE_NAC,D1_D4_MD5,G-N,LT	: 	: 	: 	6 	12.2 	14.5 	12.4 	9.3 
A,RT_PRE_NAC,D1_D4_MD5,G-N,LU	: 	: 	: 	0.9 	2.5 	5.4 	6.3 	2 
A,RT_PRE_NAC,D1_D4_MD5,G-N,LV	: 	: 	: 	5.1 	3.8 	8.2 	11.9 	12.6 
A,RT_PRE_NAC,D1_D4_MD5,G-N,MT	: 	: 	: 	-7.5 	2.2 	10.5 	6 	1.2 
A,RT_PRE_NAC,D1_D4_MD5,G-N,NL	: 	: 	: 	0 	2.2 	5.6 	7 	5 
A,RT_PRE_NAC,D1_D4_MD5,G-N,NO	: 	: 	: 	2.5 	5 	1.4 	7.6 	6.3 
A,RT_PRE_NAC,D1_D4_MD5,G-N,PL	: 	: 	: 	5.1 	8.2 	13.8 	12.6 	10.5 
A,RT_PRE_NAC,D1_D4_MD5,G-N,PT	: 	: 	: 	8.2 	1.3 	4.7 	5.5 	5.9 
A,RT_PRE_NAC,D1_D4_MD5,G-N,RO	: 	: 	: 	8.3 	6.2 	15 	16.1 	13.2 
A,RT_PRE_NAC,D1_D4_MD5,G-N,RS	: 	: 	: 	7.4 	11.8 	20.9 	13.4 	12.8 
A,RT_PRE_NAC,D1_D4_MD5,G-N,SE	: 	: 	: 	1.0 	4.3 	3.4 	3.4 	4.5 
A,RT_PRE_NAC,D1_D4_MD5,G-N,SI	: 	: 	: 	2 	6.1 	7.6 	10.3 	7.6 
A,RT_PRE_NAC,D1_D4_MD5,G-N,SK	: 	: 	: 	6.7 	4.6 	11.4 	8.7 	7 
A,RT_PRE_NAC,D1_D4_MD5,H,AT	: 	: 	4.9 	2.8 	1.5 	8.2 	9.3 p	4.9 
A,RT_PRE_NAC,D1_D4_MD5,H,BE	: 	: 	: 	1.1 	1.3 	6.3 	8 	2.1 
A,RT_PRE_NAC,D1_D4_MD5,H,BG	: 	: 	: 	5.9 	3.1 	15.6 	18.2 	15 
A,RT_PRE_NAC,D1_D4_MD5,H,CY	: 	: 	: 	6.1 	-6.3 	7.4 	3.4 	10.1 
A,RT_PRE_NAC,D1_D4_MD5,H,CZ	: 	: 	: 	4.9 	2 	5.8 	7.8 	7 
A,RT_PRE_NAC,D1_D4_MD5,H,DE	: 	: 	: 	3 	1.4 	5 	8.2 	4.5 
A,RT_PRE_NAC,D1_D4_MD5,H,DK	: 	: 	0.4 	0.8 	3.6 	2.9 	2.7 	2 
A,RT_PRE_NAC,D1_D4_MD5,H,EA19	: 	: 	: 	2.3 	0.5 	5.2 	6.5 	4 
A,RT_PRE_NAC,D1_D4_MD5,H,EA20	: 	: 	: 	: 	0.5 	5.2 	6.6 	4.1 
A,RT_PRE_NAC,D1_D4_MD5,H,EE	: 	: 	: 	4.8 	1.9 	13.7 	5.7 	6.9 
A,RT_PRE_NAC,D1_D4_MD5,H,EL	: 	: 	: 	4.3 	4.1 	8.8 	5.2 	12.2 
A,RT_PRE_NAC,D1_D4_MD5,H,ES	: 	: 	1.6 	3.8 	-3.7 	3.9 	5 	4.2 
A,RT_PRE_NAC,D1_D4_MD5,H,FI	0.3 p	-0.3 p	-0.5 p	2.1 p	-0.3 p	4.6 p	3.7 p	0.3 p
A,RT_PRE_NAC,D1_D4_MD5,H,FR	: 	: 	: 	0.6 	1.5 	5.7 	4.7 	3.8 
A,RT_PRE_NAC,D1_D4_MD5,H,HR	: 	: 	: 	-5.8 	-3.5 	9.3 	14.6 	10.5 
A,RT_PRE_NAC,D1_D4_MD5,H,HU	: 	: 	: 	8.7 	3.6 	14.1 	14.2 	14.9 
A,RT_PRE_NAC,D1_D4_MD5,H,IE	: 	: 	: 	-11 	-4.3 	16 	3.3 	3.7 
A,RT_PRE_NAC,D1_D4_MD5,H,IS	: 	8.4 p	2.3 p	5.5 p	4.7 p	6.9 p	9.3 p	7.3 p
A,RT_PRE_NAC,D1_D4_MD5,H,IT	: 	: 	: 	4.3 	-0.9 	-0.1 	4 	2 
A,RT_PRE_NAC,D1_D4_MD5,H,LT	: 	: 	: 	6.9 	3.4 	11.2 	14.5 	8.8 
A,RT_PRE_NAC,D1_D4_MD5,H,LU	: 	: 	: 	1 	4.4 	7.3 	7.3 	-1.6 
A,RT_PRE_NAC,D1_D4_MD5,H,LV	: 	: 	: 	2.6 	0.4 	9 	14 	15.7 
A,RT_PRE_NAC,D1_D4_MD5,H,MT	: 	: 	: 	-10.9 	0.8 	39.4 	-0.1 	-5.9 
A,RT_PRE_NAC,D1_D4_MD5,H,NL	: 	: 	: 	-0.8 	-1.1 	8 	9.3 	: @C
A,RT_PRE_NAC,D1_D4_MD5,H,NO	: 	: 	: 	2.5 	4.9 	3.9 	7.5 	7.3 
A,RT_PRE_NAC,D1_D4_MD5,H,PL	: 	: 	: 	2.9 	6 	23.4 	16.1 	10 
A,RT_PRE_NAC,D1_D4_MD5,H,PT	: 	: 	: 	1.4 	2.8 	2.5 	4.3 	5.1 
A,RT_PRE_NAC,D1_D4_MD5,H,RO	: 	: 	: 	9.6 	4.5 	12.7 	20.4 	14.8 
A,RT_PRE_NAC,D1_D4_MD5,H,RS	: 	: 	: 	6.3 	6.1 	17.5 	15 	15 
A,RT_PRE_NAC,D1_D4_MD5,H,SE	: 	: 	: 	-0.4 	4.5 	2.8 	4.3 	3.7 
A,RT_PRE_NAC,D1_D4_MD5,H,SI	: 	: 	: 	-0.9 	5.4 	9.2 	10 	9.2 
A,RT_PRE_NAC,D1_D4_MD5,H,SK	: 	: 	: 	7.6 	0.6 	14.7 	8.2 	8.5 
A,RT_PRE_NAC,D1_D4_MD5,H,TR	: 	: 	: 	7.5 	16.5 	84.1 	107.6 	87.8 
A,RT_PRE_NAC,D1_D4_MD5,I,AT	: 	: 	-8.1 	11.6 	-3.2 	12.1 	6.3 p	5.9 
A,RT_PRE_NAC,D1_D4_MD5,I,BE	4.6 	3 	1.6 	1.6 	1 	3.4 	11 	1.8 
A,RT_PRE_NAC,D1_D4_MD5,I,BG	23.9 	15.1 	6.2 	6.3 	6.7 	19.5 	19.2 	18.8 
A,RT_PRE_NAC,D1_D4_MD5,I,CY	6.2 	-4 	-1.7 	-14.1 	7 	29.7 	0.5 	5.7 
A,RT_PRE_NAC,D1_D4_MD5,I,CZ	-1.6 	0.4 	4.4 	6.1 	-43.2 	87.1 	7.3 	7.9 
A,RT_PRE_NAC,D1_D4_MD5,I,DE	0.9 	4.3 	2.7 	7.2 	2.5 	11.1 	8 	4.6 
A,RT_PRE_NAC,D1_D4_MD5,I,DK	: 	: 	-0.3 	0.9 	: @C	: @C	2.4 	3.2 
A,RT_PRE_NAC,D1_D4_MD5,I,EA19	: 	: 	: 	2.9 	-0.5 	8.9 	6.8 	4.2 
A,RT_PRE_NAC,D1_D4_MD5,I,EA20	: 	: 	: 	: 	-0.5 	9 	6.9 	4.2 
A,RT_PRE_NAC,D1_D4_MD5,I,EE	18.8 	6.2 	9.9 	3 	-1.2 	14 	17.7 	3.9 
A,RT_PRE_NAC,D1_D4_MD5,I,EL	2.5 	-1.5 	9.4 	9.7 	3.9 	24.7 	19.5 	16.5 
A,RT_PRE_NAC,D1_D4_MD5,I,ES	: 	: 	-0.9 	3.7 	-4.6 	7.4 	4.7 	4.6 
A,RT_PRE_NAC,D1_D4_MD5,I,FI	5.9 p	2.1 p	0.1 p	2.2 p	5.8 p	1.1 p	3.0 p	3.3 p
A,RT_PRE_NAC,D1_D4_MD5,I,FR	2.5 	2.4 	0.1 	-3.5 	4.1 	8.1 	4.3 	2.4 
A,RT_PRE_NAC,D1_D4_MD5,I,HR	: 	: 	: 	-5.1 	1.9 	11.5 	15.2 	11.5 
A,RT_PRE_NAC,D1_D4_MD5,I,HU	6.9 	11.5 	4.8 	6.1 	0.1 	24.5 	19.6 	14.1 
A,RT_PRE_NAC,D1_D4_MD5,I,IE	: @C	: @C	: @C	: @C	: @C	: @C	: @C	: @C
A,RT_PRE_NAC,D1_D4_MD5,I,IS	: 	5.6 p	9.2 p	-8.5 p	23.1 p	8.3 p	8.5 p	7.6 p
A,RT_PRE_NAC,D1_D4_MD5,I,IT	5.9 	-1.6 	1.5 	9.5 	-2.3 	-1.2 	3.3 	1.8 
A,RT_PRE_NAC,D1_D4_MD5,I,LT	22.7 	1.7 	13.5 	-3.8 	17.9 	19.6 	11.1 	9.1 
A,RT_PRE_NAC,D1_D4_MD5,I,LU	2.6 	2.1 	0.7 	6.2 	2.9 	0.2 	7.9 	2.2 
A,RT_PRE_NAC,D1_D4_MD5,I,LV	25 	4.8 	9.2 	6 	-9 	11.7 	10.6 	16 
A,RT_PRE_NAC,D1_D4_MD5,I,MT	-4.5 	-1.0 	-4.5 	-55.6 	24 	32.9 	27 	14.9 
A,RT_PRE_NAC,D1_D4_MD5,I,NL	2.1 	2.6 	0.3 	2.1 	-13 	9.4 	10.5 	: @C
A,RT_PRE_NAC,D1_D4_MD5,I,NO	: 	: 	: 	3 	5.8 	-7.7 	9.3 	8.3 
A,RT_PRE_NAC,D1_D4_MD5,I,PL	9.2 	2.9 	8 	6.6 	6.7 	11.4 	12.7 	13.1 
A,RT_PRE_NAC,D1_D4_MD5,I,PT	2.5 	-8.8 	0.4 	11 	8.7 	-4.2 	2.9 	6.1 
A,RT_PRE_NAC,D1_D4_MD5,I,RO	12 	-0.6 	17.1 	-1.2 	4.3 	16.3 	16 	21.8 
A,RT_PRE_NAC,D1_D4_MD5,I,RS	: 	: 	: 	1.2 	-12.4 	21.5 	12.4 	15.7 
A,RT_PRE_NAC,D1_D4_MD5,I,SE	1.3 	3.4 	4 	0.1 	3.1 	2.8 	4.8 	5.6 
A,RT_PRE_NAC,D1_D4_MD5,I,SI	5 	-0.7 	0.1 	-0.8 	9.5 	7.7 	12.4 	7.7 
A,RT_PRE_NAC,D1_D4_MD5,I,SK	4.3 	3.7 	7.6 	2.8 	11.1 	4 	9.7 	10.1 
A,RT_PRE_NAC,D1_D4_MD5,I,TR	: 	: 	: 	10.6 	18 	88.8 	115.3 	83.7 
A,RT_PRE_NAC,D1_D4_MD5,J,AT	: 	: 	2.7 	6.7 	-3.4 	7.2 	6.2 p	10.4 
A,RT_PRE_NAC,D1_D4_MD5,J,BE	: 	: 	: 	1.5 	1.1 	4.4 	10.2 	1.6 
A,RT_PRE_NAC,D1_D4_MD5,J,BG	: 	: 	: 	8 	10.2 	14.5 	11.6 	10.3 
A,RT_PRE_NAC,D1_D4_MD5,J,CY	: 	: 	: 	1.4 	1.7 	13.7 	12.5 	4.8 
A,RT_PRE_NAC,D1_D4_MD5,J,CZ	: 	: 	: 	6.1 	4.7 	6.6 	11.7 	5.8 
A,RT_PRE_NAC,D1_D4_MD5,J,DE	: 	: 	: 	1.4 	3.2 	4.4 	4.8 	4.8 
A,RT_PRE_NAC,D1_D4_MD5,J,DK	: 	: 	-0.7 	0.2 	3.4 	2.7 	2.2 	3.5 
A,RT_PRE_NAC,D1_D4_MD5,J,EA19	: 	: 	: 	2 	3.3 	3.3 	5 	4.6 
A,RT_PRE_NAC,D1_D4_MD5,J,EA20	: 	: 	: 	: 	3.3 	3.3 	5 	4.6 
A,RT_PRE_NAC,D1_D4_MD5,J,EE	: 	: 	: 	8.7 	9.2 	8.4 	14 	10.6 
A,RT_PRE_NAC,D1_D4_MD5,J,EL	: 	: 	: 	7.8 	3.8 	8.8 	14.2 	5.3 
A,RT_PRE_NAC,D1_D4_MD5,J,ES	: 	: 	-1.4 	2.1 	4.4 	-1.2 	7 	5.6 
A,RT_PRE_NAC,D1_D4_MD5,J,FI	11.3 p	3.8 p	0.8 p	-0.6 p	3.7 p	0.0 p	4.5 p	2.6 p
A,RT_PRE_NAC,D1_D4_MD5,J,FR	: 	: 	: 	2.4 	2.1 	2 	2.5 	2.9 
A,RT_PRE_NAC,D1_D4_MD5,J,HR	: 	: 	: 	-5.7 	6.4 	11.9 	11.5 	7.1 
A,RT_PRE_NAC,D1_D4_MD5,J,HU	: 	: 	: 	5.4 	6.1 	11.6 	16 	12.7 
A,RT_PRE_NAC,D1_D4_MD5,J,IE	: 	: 	: 	5.7 	8.5 	6.9 	8.2 	10.4 
A,RT_PRE_NAC,D1_D4_MD5,J,IS	: 	6.8 p	16.3 p	3.7 p	10.9 p	3.0 p	6.8 p	8.0 p
A,RT_PRE_NAC,D1_D4_MD5,J,IT	: 	: 	: 	1.6 	1.1 	2 	2.1 	2.6 
A,RT_PRE_NAC,D1_D4_MD5,J,LT	: 	: 	: 	8.3 	12.6 	17.1 	12.9 	10.7 
A,RT_PRE_NAC,D1_D4_MD5,J,LU	: 	: 	: 	-2.2 	-0.6 	4.6 	5.9 	2.3 
A,RT_PRE_NAC,D1_D4_MD5,J,LV	: 	: 	: 	5.9 	6.8 	8.2 	12.4 	8.9 
A,RT_PRE_NAC,D1_D4_MD5,J,MT	: 	: 	: 	-2.8 	3.3 	-2.8 	2.4 	2.1 
A,RT_PRE_NAC,D1_D4_MD5,J,NL	: 	: 	: 	-0.7 	7.1 	4.8 	5.8 	: @C
A,RT_PRE_NAC,D1_D4_MD5,J,NO	: 	: 	: 	2.4 	4.1 	2.7 	8.6 	6.6 
A,RT_PRE_NAC,D1_D4_MD5,J,PL	: 	: 	: 	3.6 	9.3 	12.4 	10.7 	8.3 
A,RT_PRE_NAC,D1_D4_MD5,J,PT	: 	: 	: 	3.6 	5 	9.9 	6.2 	5.6 
A,RT_PRE_NAC,D1_D4_MD5,J,RO	: 	: 	: 	11 	8.1 	18 	15.1 	9.9 
A,RT_PRE_NAC,D1_D4_MD5,J,RS	: 	: 	: 	18.5 	21.4 	32.3 	12.1 	10.6 
A,RT_PRE_NAC,D1_D4_MD5,J,SE	: 	: 	: 	2.2 	5.7 	3 	2.1 	4.9 
A,RT_PRE_NAC,D1_D4_MD5,J,SI	: 	: 	: 	0.7 	5.5 	5.3 	9.5 	8.4 
A,RT_PRE_NAC,D1_D4_MD5,J,SK	: 	: 	: 	3.9 	7 	7.1 	8.1 	5.8 
A,RT_PRE_NAC,D1_D4_MD5,J,TR	: 	: 	: 	15 	29.1 	71.6 	117.1 	97.3 
A,RT_PRE_NAC,D1_D4_MD5,K,AT	: 	: 	-2.2 	-1 	0.2 	1.5 	6.9 p	5.8 
A,RT_PRE_NAC,D1_D4_MD5,K,BE	: 	: 	: 	1.6 	0.8 	5.9 	9 	2.2 
A,RT_PRE_NAC,D1_D4_MD5,K,BG	: 	: 	: 	7.8 	0.8 	16 	11.4 	11.3 
A,RT_PRE_NAC,D1_D4_MD5,K,CY	: 	: 	: 	6.1 	-0.7 	6.7 	6.9 	5.3 
A,RT_PRE_NAC,D1_D4_MD5,K,CZ	: 	: 	: 	1.5 	3.9 	7.2 	8.2 	4.4 
A,RT_PRE_NAC,D1_D4_MD5,K,DE	: 	: 	: 	4 	0.1 	7.6 	4.9 	5.9 
A,RT_PRE_NAC,D1_D4_MD5,K,DK	: 	: 	2.9 	-0.7 	4.8 	1.9 	3.7 	2.4 
A,RT_PRE_NAC,D1_D4_MD5,K,EA19	: 	: 	: 	3.2 	0.8 	5.5 	4.7 	4.2 
A,RT_PRE_NAC,D1_D4_MD5,K,EA20	: 	: 	: 	: 	0.8 	5.5 	4.7 	4.2 
A,RT_PRE_NAC,D1_D4_MD5,K,EE	: 	: 	: 	2.5 	5.9 	5.9 	10.5 	9.1 
A,RT_PRE_NAC,D1_D4_MD5,K,EL	: 	: 	: 	0.2 	-2.1 	8.9 	12.1 	-4.3 
A,RT_PRE_NAC,D1_D4_MD5,K,ES	: 	: 	3.8 	1.2 	-1 	1.7 	1.3 	5.9 
A,RT_PRE_NAC,D1_D4_MD5,K,FI	9.3 p	10.8 p	8.1 p	7.0 p	-3.4 p	6.3 p	4.4 p	-2.0 p
A,RT_PRE_NAC,D1_D4_MD5,K,FR	: 	: 	: 	2.7 	1.2 	5.7 	4.5 	3.3 
A,RT_PRE_NAC,D1_D4_MD5,K,HR	: 	: 	: 	-2.9 	1.5 	6.3 	9.8 	9.4 
A,RT_PRE_NAC,D1_D4_MD5,K,HU	: 	: 	: 	3 	5.1 	10.3 	17.8 	10.4 
A,RT_PRE_NAC,D1_D4_MD5,K,IE	: 	: 	: 	2.9 	5.8 	0.6 	5.3 	4.4 
A,RT_PRE_NAC,D1_D4_MD5,K,IS	: 	20.9 p	26.1 p	21.6 p	-12.8 p	9.1 p	7.9 p	5.4 p
A,RT_PRE_NAC,D1_D4_MD5,K,IT	: 	: 	: 	5.6 	-3.8 	5.3 	2.5 	2.5 
A,RT_PRE_NAC,D1_D4_MD5,K,LT	: 	: 	: 	5.2 	8.2 	12.4 	11.7 	8.9 
A,RT_PRE_NAC,D1_D4_MD5,K,LU	: 	: 	: 	-1 	2.4 	6.2 	5.4 	2.4 
A,RT_PRE_NAC,D1_D4_MD5,K,LV	: 	: 	: 	2 	2.9 	7.5 	9.8 	7.9 
A,RT_PRE_NAC,D1_D4_MD5,K,MT	: 	: 	: 	4.7 	-3.2 	7.1 	4.8 	-2.3 
A,RT_PRE_NAC,D1_D4_MD5,K,NL	: 	: 	: 	1.7 	4.8 	2 	4.7 	: @C
A,RT_PRE_NAC,D1_D4_MD5,K,NO	: 	: 	: 	3.4 	3.7 	6.4 	4.8 	6 
A,RT_PRE_NAC,D1_D4_MD5,K,PL	: 	: 	: 	4.3 	6.7 	13.8 	13 	11.3 
A,RT_PRE_NAC,D1_D4_MD5,K,PT	: 	: 	: 	10.5 	-4.8 	3.7 	0.8 	7.6 
A,RT_PRE_NAC,D1_D4_MD5,K,RO	: 	: 	: 	10.1 	2.3 	13.4 	14.5 	11.3 
A,RT_PRE_NAC,D1_D4_MD5,K,RS	: 	: 	: 	4.7 	8.3 	8.5 	10.3 	12.5 
A,RT_PRE_NAC,D1_D4_MD5,K,SE	: 	: 	: 	-1.0 	5 	3.7 	1 	3.8 
A,RT_PRE_NAC,D1_D4_MD5,K,SI	: 	: 	: 	0 	6.1 	9.1 	9.6 	4.3 
A,RT_PRE_NAC,D1_D4_MD5,K,SK	: 	: 	: 	4.1 	4.2 	8.3 	6.2 	9 
A,RT_PRE_NAC,D1_D4_MD5,K,TR	: 	: 	: 	25.7 	16.4 	72.1 	110.4 	92.4 
A,RT_PRE_NAC,D1_D4_MD5,K-N,MT	: 	: 	: 	5.5 	-2.0 	5.0 	5.2 	: 
A,RT_PRE_NAC,D1_D4_MD5,L,MT	: 	: 	: 	6.3 	-1.3 	0.5 	-0.1 	: 
A,RT_PRE_NAC,D1_D4_MD5,M,AT	: 	: 	1.9 	6.5 	-5.9 	9.7 	9.6 p	8.5 
A,RT_PRE_NAC,D1_D4_MD5,M,BE	: 	: 	: 	1.6 	1 	5.4 	8.9 	2.2 
A,RT_PRE_NAC,D1_D4_MD5,M,BG	: 	: 	: 	4.2 	6.9 	14.2 	12.4 	14.9 
A,RT_PRE_NAC,D1_D4_MD5,M,CY	: 	: 	: 	-1.5 	1.3 	5.2 	8.2 	4.4 
A,RT_PRE_NAC,D1_D4_MD5,M,CZ	: 	: 	: 	3.2 	4.1 	3.6 	10.4 	8.4 
A,RT_PRE_NAC,D1_D4_MD5,M,DE	: 	: 	: 	0.7 	0.5 	11.9 	0.5 	6.8 
A,RT_PRE_NAC,D1_D4_MD5,M,DK	: 	: 	1.8 	1.2 	4.6 	1.4 	3.2 	3.9 
A,RT_PRE_NAC,D1_D4_MD5,M,EA19	: 	: 	: 	1.9 	0.7 	7.3 	3.3 	4.9 
A,RT_PRE_NAC,D1_D4_MD5,M,EA20	: 	: 	: 	: 	0.8 	7.3 	3.3 	4.9 
A,RT_PRE_NAC,D1_D4_MD5,M,EE	: 	: 	: 	7.7 	6.7 	10.3 	21.6 	4.3 
A,RT_PRE_NAC,D1_D4_MD5,M,EL	: 	: 	: 	6.5 	4 	16.7 	3.9 	8.6 
A,RT_PRE_NAC,D1_D4_MD5,M,ES	: 	: 	2 	4.4 	0.6 	2.1 	6.3 	5.9 
A,RT_PRE_NAC,D1_D4_MD5,M,FI	5.1 p	8.0 p	2.9 p	5.7 p	1.4 p	0.8 p	2.9 p	0.3 p
A,RT_PRE_NAC,D1_D4_MD5,M,FR	: 	: 	: 	2.9 	-0.5 	3.8 	2.8 	2.7 
A,RT_PRE_NAC,D1_D4_MD5,M,HR	: 	: 	: 	-6.7 	3.8 	8.6 	14.2 	12 
A,RT_PRE_NAC,D1_D4_MD5,M,HU	: 	: 	: 	9 	6.8 	14.9 	15.3 	11.8 
A,RT_PRE_NAC,D1_D4_MD5,M,IE	: 	: 	: 	-2.6 	8 	7.9 	5.3 	5 
A,RT_PRE_NAC,D1_D4_MD5,M,IS	: 	7.0 p	4.9 p	-0.1 p	9.5 p	7.9 p	8.3 p	5.7 p
A,RT_PRE_NAC,D1_D4_MD5,M,IT	: 	: 	: 	2.5 	0.9 	2.5 	3.1 	2.5 
A,RT_PRE_NAC,D1_D4_MD5,M,LT	: 	: 	: 	4.7 	17.4 	16.4 	13.5 	9.2 
A,RT_PRE_NAC,D1_D4_MD5,M,LU	: 	: 	: 	2.5 	3.6 	5.3 	5.5 	3.3 
A,RT_PRE_NAC,D1_D4_MD5,M,LV	: 	: 	: 	8.1 	12.2 	9.7 	12.3 	10.4 
A,RT_PRE_NAC,D1_D4_MD5,M,MT	: 	: 	: 	3.8 	-1.4 	3.5 	3.6 	-2.3 
A,RT_PRE_NAC,D1_D4_MD5,M,NL	: 	: 	: 	0 	2 	5.4 	5.8 	: @C
A,RT_PRE_NAC,D1_D4_MD5,M,NO	: 	: 	: 	2.4 	5.4 	2.5 	8 	4.8 
A,RT_PRE_NAC,D1_D4_MD5,M,PL	: 	: 	: 	3.8 	9.4 	11.3 	11.6 	9.5 
A,RT_PRE_NAC,D1_D4_MD5,M,PT	: 	: 	: 	6.8 	1.8 	7.9 	6.3 	5.8 
A,RT_PRE_NAC,D1_D4_MD5,M,RO	: 	: 	: 	3.9 	6.6 	14.2 	12.1 	13.3 
A,RT_PRE_NAC,D1_D4_MD5,M,RS	: 	: 	: 	7 	14.6 	22.9 	12.3 	11.1 
A,RT_PRE_NAC,D1_D4_MD5,M,SE	: 	: 	: 	2.1 	4.7 	5 	3.3 	3.1 
A,RT_PRE_NAC,D1_D4_MD5,M,SI	: 	: 	: 	2.7 	6.4 	6 	10.3 	7 
A,RT_PRE_NAC,D1_D4_MD5,M,SK	: 	: 	: 	9.8 	-2.3 	11.3 	10.3 	5.4 
A,RT_PRE_NAC,D1_D4_MD5,M,TR	: 	: 	: 	11.5 	18.4 	72.7 	109.8 	88.2 
A,RT_PRE_NAC,D1_D4_MD5,N,AT	: 	: 	-7.3 	8.3 	7.4 	5.5 	6.0 p	10.3 
A,RT_PRE_NAC,D1_D4_MD5,N,BE	: 	: 	: 	1.9 	1.1 	6.5 	6.9 	2.4 
A,RT_PRE_NAC,D1_D4_MD5,N,BG	: 	: 	: 	5.1 	14.4 	18.1 	13 	15.6 
A,RT_PRE_NAC,D1_D4_MD5,N,CY	: 	: 	: 	-1.7 	3 	8.3 	8 	7.6 
A,RT_PRE_NAC,D1_D4_MD5,N,CZ	: 	: 	: 	10 	3.7 	4.4 	10.7 	7.8 
A,RT_PRE_NAC,D1_D4_MD5,N,DE	: 	: 	: 	1.2 	2.3 	10.3 	8.3 	5.5 
A,RT_PRE_NAC,D1_D4_MD5,N,DK	: 	: 	-0.1 	0.2 	3.7 	4.9 	3.5 	4 
A,RT_PRE_NAC,D1_D4_MD5,N,EA19	: 	: 	: 	2.2 	1.5 	5.8 	6.6 	4.8 
A,RT_PRE_NAC,D1_D4_MD5,N,EA20	: 	: 	: 	: 	1.5 	5.9 	6.6 	4.8 
A,RT_PRE_NAC,D1_D4_MD5,N,EE	: 	: 	: 	1.7 	6.7 	6.3 	12.9 	9.7 
A,RT_PRE_NAC,D1_D4_MD5,N,EL	: 	: 	: 	5.7 	4.7 	9.9 	3.8 	9 
A,RT_PRE_NAC,D1_D4_MD5,N,ES	: 	: 	0.9 	3.3 	2.4 	0.7 	7.9 	3.7 
A,RT_PRE_NAC,D1_D4_MD5,N,FI	-14.9 p	-1.9 p	0.0 p	-4.9 p	6.0 p	0.8 p	9.4 p	5.0 p
A,RT_PRE_NAC,D1_D4_MD5,N,FR	: 	: 	: 	1.6 	0.6 	4.1 	5.3 	3.4 
A,RT_PRE_NAC,D1_D4_MD5,N,HR	: 	: 	: 	-1.8 	0.1 	12.3 	17.9 	11.1 
A,RT_PRE_NAC,D1_D4_MD5,N,HU	: 	: 	: 	5.1 	4.8 	11.8 	17.5 	11.1 
A,RT_PRE_NAC,D1_D4_MD5,N,IE	: 	: 	: 	0.4 	7.6 	5.9 	5.8 	6.5 
A,RT_PRE_NAC,D1_D4_MD5,N,IS	: 	7.5 p	7.8 p	4.8 p	7.5 p	9.9 p	8.3 p	7.5 p
A,RT_PRE_NAC,D1_D4_MD5,N,IT	: 	: 	: 	5.1 	-0.4 	-0.1 	0.4 	1.8 
A,RT_PRE_NAC,D1_D4_MD5,N,LT	: 	: 	: 	7.9 	10.7 	18.9 	17.8 	7.9 
A,RT_PRE_NAC,D1_D4_MD5,N,LU	: 	: 	: 	3.3 	2.6 	5 	8.4 	2.1 
A,RT_PRE_NAC,D1_D4_MD5,N,LV	: 	: 	: 	5.1 	1.6 	8.2 	6.2 	17.1 
A,RT_PRE_NAC,D1_D4_MD5,N,MT	: 	: 	: 	-8.1 	4.2 	13.1 	11.1 	-2.9 
A,RT_PRE_NAC,D1_D4_MD5,N,NL	: 	: 	: 	-1.4 	1.5 	8.4 	9.2 	: @C
A,RT_PRE_NAC,D1_D4_MD5,N,NO	: 	: 	: 	1.7 	3.5 	-2.3 	9.4 	8.7 
A,RT_PRE_NAC,D1_D4_MD5,N,PL	: 	: 	: 	9.5 	9.1 	11.8 	16.6 	13.7 
A,RT_PRE_NAC,D1_D4_MD5,N,PT	: 	: 	: 	15.1 	-6.2 	3.5 	9.4 	6.8 
A,RT_PRE_NAC,D1_D4_MD5,N,RO	: 	: 	: 	9.4 	6.4 	12.7 	21.3 	9.4 
A,RT_PRE_NAC,D1_D4_MD5,N,RS	: 	: 	: 	9.9 	11.2 	17.8 	12.6 	14.4 
A,RT_PRE_NAC,D1_D4_MD5,N,SE	: 	: 	: 	-0.9 	2.8 	3.9 	5.1 	5.5 
A,RT_PRE_NAC,D1_D4_MD5,N,SI	: 	: 	: 	4.8 	6.1 	9.2 	12.8 	8.6 
A,RT_PRE_NAC,D1_D4_MD5,N,SK	: 	: 	: 	9.8 	8.4 	16.6 	7.3 	6.5 
A,RT_PRE_NAC,D1_D4_MD5,N,TR	: 	: 	: 	20.2 	22.6 	67.4 	111.1 	99.2 
A,RT_PRE_NAC,D1_D4_MD5,O-S,MT	: 	: 	: 	6.6 	7.0 	2.4 	0.7 	: 
A,RT_PRE_NAC,D1_D4_MD5,P,AT	: 	: 	0.5 	9.9 	-1.7 	7.8 	3.0 p	13 
A,RT_PRE_NAC,D1_D4_MD5,P,BE	: 	: 	: 	1.4 	1 	5.1 	9.4 	1.9 
A,RT_PRE_NAC,D1_D4_MD5,P,BG	: 	: 	: 	16.1 	11.8 	12.2 	15.4 	15.1 
A,RT_PRE_NAC,D1_D4_MD5,P,CY	: 	: 	: 	2.2 	0.5 	3.9 	6 	2.4 
A,RT_PRE_NAC,D1_D4_MD5,P,CZ	: 	: 	: 	9.1 	6.1 	2 	4.5 	0.6 
A,RT_PRE_NAC,D1_D4_MD5,P,DE	: 	: 	: 	4.1 	1.3 	0.3 	2.1 	4.8 
A,RT_PRE_NAC,D1_D4_MD5,P,DK	: 	: 	1.5 	1.2 	1.6 	1.9 	2.3 	5.5 
A,RT_PRE_NAC,D1_D4_MD5,P,EA19	: 	: 	: 	3.5 	0.5 	1.7 	3.9 	4.4 
A,RT_PRE_NAC,D1_D4_MD5,P,EA20	: 	: 	: 	: 	0.6 	1.8 	4 	4.5 
A,RT_PRE_NAC,D1_D4_MD5,P,EE	: 	: 	: 	5.5 	3.5 	8.1 	16.5 	7.5 
A,RT_PRE_NAC,D1_D4_MD5,P,EL	: 	: 	: 	-2.6 	4.6 	-5.9 	7.2 	3.8 
A,RT_PRE_NAC,D1_D4_MD5,P,ES	: 	: 	-0.1 	4.3 	-1.6 	3.9 	3.9 	2.7 
A,RT_PRE_NAC,D1_D4_MD5,P,FI	-12.1 p	5.0 p	10.2 p	7.7 p	-3.0 p	2.8 p	3.6 p	3.3 p
A,RT_PRE_NAC,D1_D4_MD5,P,FR	: 	: 	: 	: @C	: @C	: @C	: @C	: @C
A,RT_PRE_NAC,D1_D4_MD5,P,HR	: 	: 	: 	2.2 	5.7 	6 	13.8 	23 
A,RT_PRE_NAC,D1_D4_MD5,P,HU	: 	: 	: 	6.3 	9 	11.2 	17.3 	26.6 
A,RT_PRE_NAC,D1_D4_MD5,P,IE	: 	: 	: 	1.1 	2.4 	6.5 	3.1 	4.5 
A,RT_PRE_NAC,D1_D4_MD5,P,IS	: 	6.7 p	9.5 p	7.2 p	6.2 p	8.1 p	8.3 p	6.5 p
A,RT_PRE_NAC,D1_D4_MD5,P,IT	: 	: 	: 	0.7 	0.3 	-0.6 	0.3 	3.9 
A,RT_PRE_NAC,D1_D4_MD5,P,LT	: 	: 	: 	7.4 	11.4 	15.1 	14 	14.7 
A,RT_PRE_NAC,D1_D4_MD5,P,LU	: 	: 	: 	-0.4 	0.1 	4.6 	7 	2.6 
A,RT_PRE_NAC,D1_D4_MD5,P,LV	: 	: 	: 	0.5 	11.4 	9.1 	14.9 	15.4 
A,RT_PRE_NAC,D1_D4_MD5,P,MT	: 	: 	: 	19.8 	3.2 	-8.6 	2.6 	23.6 
A,RT_PRE_NAC,D1_D4_MD5,P,NL	: 	: 	: 	5.6 	-1.3 	6.6 	7.4 	: @C
A,RT_PRE_NAC,D1_D4_MD5,P,NO	: 	: 	: 	2.5 	-0.8 	4.4 	6.5 	4 
A,RT_PRE_NAC,D1_D4_MD5,P,PL	: 	: 	: 	8.7 	6.2 	6.1 	12.2 	23.3 
A,RT_PRE_NAC,D1_D4_MD5,P,PT	: 	: 	: 	10 	1.9 	3.8 	6.3 	5 
A,RT_PRE_NAC,D1_D4_MD5,P,RO	: 	: 	: 	9.2 	0.2 	4.4 	22.1 	24.2 
A,RT_PRE_NAC,D1_D4_MD5,P,RS	: 	: 	: 	11.7 	3.1 	9.2 	13.6 	15.8 
A,RT_PRE_NAC,D1_D4_MD5,P,SE	: 	: 	: 	3.1 	3.6 	1.7 	4.6 	2.5 
A,RT_PRE_NAC,D1_D4_MD5,P,SI	: 	: 	: 	9.1 	6.8 	-3.5 	9.5 	4 
A,RT_PRE_NAC,D1_D4_MD5,P,SK	: 	: 	: 	16.5 	0.7 	2.6 	9.6 	8.8 
A,RT_PRE_NAC,D1_D4_MD5,P-S,AT	: 	: 	1 	8.6 	1.6 	8.4 	4.9 p	12.6 
A,RT_PRE_NAC,D1_D4_MD5,P-S,BE	: 	: 	: 	1.5 	1 	6.8 	7.5 	2.5 
A,RT_PRE_NAC,D1_D4_MD5,P-S,BG	: 	: 	: 	13.2 	15.3 	9.2 	12 	15.2 
A,RT_PRE_NAC,D1_D4_MD5,P-S,CY	: 	: 	: 	1.4 	0.4 	4.7 	6.9 	3.9 
A,RT_PRE_NAC,D1_D4_MD5,P-S,CZ	: 	: 	: 	10.9 	7.5 	-1.1 	5.4 	4.6 
A,RT_PRE_NAC,D1_D4_MD5,P-S,DE	: 	: 	: 	4.8 	1.6 	4.1 	3.9 	5.3 
A,RT_PRE_NAC,D1_D4_MD5,P-S,DK	: 	: 	-1.3 	-1.2 	1.4 	2.3 	2.1 	5.2 
A,RT_PRE_NAC,D1_D4_MD5,P-S,EA19	: 	: 	: 	4.1 	1.4 	3.5 	4.4 	4.5 
A,RT_PRE_NAC,D1_D4_MD5,P-S,EA20	: 	: 	: 	: 	1.4 	3.5 	4.4 	4.6 
A,RT_PRE_NAC,D1_D4_MD5,P-S,EE	: 	: 	: 	4.4 	7.3 	6.6 	16.9 	7.6 
A,RT_PRE_NAC,D1_D4_MD5,P-S,EL	: 	: 	: 	0.8 	1.4 	-2.9 	3.4 	2.5 
A,RT_PRE_NAC,D1_D4_MD5,P-S,ES	: 	: 	0.6 	5.5 	0 	2 	4.6 	3.7 
A,RT_PRE_NAC,D1_D4_MD5,P-S,FI	3.4 p	4.6 p	4.9 p	4.4 p	0.0 p	3.2 p	2.4 p	2.2 p
A,RT_PRE_NAC,D1_D4_MD5,P-S,FR	: 	: 	: 	2.8 	2.7 	3.3 	4.9 	2.8 
A,RT_PRE_NAC,D1_D4_MD5,P-S,HR	: 	: 	: 	3.7 	3.9 	7 	15.1 	22.1 
A,RT_PRE_NAC,D1_D4_MD5,P-S,HU	: 	: 	: 	11.1 	12.5 	16.9 	15.9 	18.9 
A,RT_PRE_NAC,D1_D4_MD5,P-S,IE	: 	: 	: 	0.5 	1.4 	7.9 	5.1 	4.1 
A,RT_PRE_NAC,D1_D4_MD5,P-S,IS	: 	6.2 d	6.3 d	4.8 d	9.6 d	8.6 p	7.9 p	6.4 p
A,RT_PRE_NAC,D1_D4_MD5,P-S,IT	: 	: 	: 	1.4 	-0.7 	-0.2 	0.3 	3.5 
A,RT_PRE_NAC,D1_D4_MD5,P-S,LT	: 	: 	: 	12.4 	13 	12.2 	12 	14 
A,RT_PRE_NAC,D1_D4_MD5,P-S,LU	: 	: 	: 	0.9 	3.2 	3.9 	6.4 	1.9 
A,RT_PRE_NAC,D1_D4_MD5,P-S,LV	: 	: 	: 	6.2 	15.9 	6.2 	10 	11.4 
A,RT_PRE_NAC,D1_D4_MD5,P-S,MT	: 	: 	: 	3.2 	6.1 	2 	1 	11.9 
A,RT_PRE_NAC,D1_D4_MD5,P-S,NL	: 	: 	: 	5.5 	0.7 	5.7 	6.6 	5.7 
A,RT_PRE_NAC,D1_D4_MD5,P-S,NO	: 	: 	: 	2.6 	0.3 	2.6 	7.3 	4.2 
A,RT_PRE_NAC,D1_D4_MD5,P-S,PL	: 	: 	: 	9.3 	9.3 	7.4 	13.5 	19.7 
A,RT_PRE_NAC,D1_D4_MD5,P-S,PT	: 	: 	: 	11.4 	1.3 	3.5 	6.6 	7.9 
A,RT_PRE_NAC,D1_D4_MD5,P-S,RO	: 	: 	: 	9.4 	1.1 	4.4 	13.2 	18.1 
A,RT_PRE_NAC,D1_D4_MD5,P-S,RS	: 	: 	: 	15.1 	9.1 	9.4 	12.1 	14.1 
A,RT_PRE_NAC,D1_D4_MD5,P-S,SE	: 	: 	: 	2.5 	3 	2.6 	5.3 	1.4 
A,RT_PRE_NAC,D1_D4_MD5,P-S,SI	: 	: 	: 	12.1 	5.7 	-3.1 	9.4 	4 
A,RT_PRE_NAC,D1_D4_MD5,P-S,SK	: 	: 	: 	13.4 	6.8 	3.4 	11 	8.5 
A,RT_PRE_NAC,D1_D4_MD5,Q,AT	: 	: 	2.1 	6.6 	2.6 	8.1 	5.3 p	14.8 
A,RT_PRE_NAC,D1_D4_MD5,Q,BE	: 	: 	: 	1.6 	1 	8 	6.2 	3 
A,RT_PRE_NAC,D1_D4_MD5,Q,BG	: 	: 	: 	13.1 	20.5 	3.7 	8.8 	13.8 
A,RT_PRE_NAC,D1_D4_MD5,Q,CY	: 	: 	: 	2.4 	0 	1.2 	10.1 	5.4 
A,RT_PRE_NAC,D1_D4_MD5,Q,CZ	: 	: 	: 	14.6 	10 	-4.2 	4.6 	8.1 
A,RT_PRE_NAC,D1_D4_MD5,Q,DE	: 	: 	: 	4.3 	1.6 	6.3 	5 	5.5 
A,RT_PRE_NAC,D1_D4_MD5,Q,DK	: 	: 	-3.1 	-3 	1 	2.8 	2 	5.2 
A,RT_PRE_NAC,D1_D4_MD5,Q,EA19	: 	: 	: 	4.1 	2.1 	4.8 	4.6 	4.5 
A,RT_PRE_NAC,D1_D4_MD5,Q,EA20	: 	: 	: 	: 	2.1 	4.8 	4.6 	4.5 
A,RT_PRE_NAC,D1_D4_MD5,Q,EE	: 	: 	: 	3.4 	12.1 	6 	17.8 	9.7 
A,RT_PRE_NAC,D1_D4_MD5,Q,EL	: 	: 	: 	4.7 	-3.3 	3.3 	-4 	-2.9 
A,RT_PRE_NAC,D1_D4_MD5,Q,ES	: 	: 	1.3 	4 	1.3 	2.2 	5 	4.1 
A,RT_PRE_NAC,D1_D4_MD5,Q,FI	14.0 p	3.1 p	1.9 p	3.3 p	1.1 p	3.6 p	1.9 p	1.7 p
A,RT_PRE_NAC,D1_D4_MD5,Q,FR	: 	: 	: 	: @C	: @C	: @C	: @C	: @C
A,RT_PRE_NAC,D1_D4_MD5,Q,HR	: 	: 	: 	7.4 	3.5 	7.2 	16.4 	23.5 
A,RT_PRE_NAC,D1_D4_MD5,Q,HU	: 	: 	: 	18.6 	18.3 	23.2 	14.6 	12.3 
A,RT_PRE_NAC,D1_D4_MD5,Q,IE	: 	: 	: 	1.4 	0.7 	7.5 	6.2 	3.9 
A,RT_PRE_NAC,D1_D4_MD5,Q,IS	: 	9.3 p	5.1 p	4.4 p	11.1 p	9.3 p	7.8 p	6.0 p
A,RT_PRE_NAC,D1_D4_MD5,Q,IT	: 	: 	: 	2.3 	-1.1 	0.6 	-0.3 	3 
A,RT_PRE_NAC,D1_D4_MD5,Q,LT	: 	: 	: 	19 	14.7 	8.9 	9.2 	13.7 
A,RT_PRE_NAC,D1_D4_MD5,Q,LU	: 	: 	: 	0.2 	4.3 	3.8 	6.3 	1.8 
A,RT_PRE_NAC,D1_D4_MD5,Q,LV	: 	: 	: 	11 	25.4 	2.5 	4.8 	7 
A,RT_PRE_NAC,D1_D4_MD5,Q,MT	: 	: 	: 	-4.6 	12.5 	9 	1.4 	4.4 
A,RT_PRE_NAC,D1_D4_MD5,Q,NL	: 	: 	: 	6.4 	1.8 	4.9 	6.2 	: @C
A,RT_PRE_NAC,D1_D4_MD5,Q,NO	: 	: 	: 	2.7 	0.4 	1.9 	6.7 	4.9 
A,RT_PRE_NAC,D1_D4_MD5,Q,PL	: 	: 	: 	11 	15 	8.6 	15.2 	15.3 
A,RT_PRE_NAC,D1_D4_MD5,Q,PT	: 	: 	: 	13.4 	0 	4.2 	7 	13.3 
A,RT_PRE_NAC,D1_D4_MD5,Q,RO	: 	: 	: 	9.2 	1.2 	3.2 	7.2 	13.7 
A,RT_PRE_NAC,D1_D4_MD5,Q,RS	: 	: 	: 	20.2 	14.4 	7.8 	10.5 	12.8 
A,RT_PRE_NAC,D1_D4_MD5,Q,SE	: 	: 	: 	2.4 	2.7 	3.4 	5.9 	0.5 
A,RT_PRE_NAC,D1_D4_MD5,Q,SI	: 	: 	: 	17.2 	4.9 	-3.7 	8.6 	3.7 
A,RT_PRE_NAC,D1_D4_MD5,Q,SK	: 	: 	: 	11.6 	12.9 	3.5 	13.6 	8.2 
A,RT_PRE_NAC,D1_D4_MD5,R,AT	: 	: 	-1.9 	16.7 	-6.5 	19.8 	5.0 p	4.8 
A,RT_PRE_NAC,D1_D4_MD5,R,BE	: 	: 	: 	1.6 	1.1 	7.5 	8.2 	2.3 
A,RT_PRE_NAC,D1_D4_MD5,R,BG	: 	: 	: 	1.5 	13.5 	17.2 	11.7 	18.1 
A,RT_PRE_NAC,D1_D4_MD5,R,CY	: 	: 	: 	-1.8 	-0.1 	23.4 	1.7 	5.9 
A,RT_PRE_NAC,D1_D4_MD5,R,CZ	: 	: 	: 	2.7 	1 	0.4 	10.6 	4.9 
A,RT_PRE_NAC,D1_D4_MD5,R,DE	: 	: 	: 	9.6 	2.9 	1.3 	4.9 	7.1 
A,RT_PRE_NAC,D1_D4_MD5,R,DK	: 	: 	-0.7 	4.2 	2.5 	0 	2.3 	4.6 
A,RT_PRE_NAC,D1_D4_MD5,R,EA19	: 	: 	: 	6 	0 	1.5 	4.7 	5.4 
A,RT_PRE_NAC,D1_D4_MD5,R,EA20	: 	: 	: 	: 	0 	1.6 	4.7 	5.5 
A,RT_PRE_NAC,D1_D4_MD5,R,EE	: 	: 	: 	0.7 	7.7 	7 	20.3 	-1.7 
A,RT_PRE_NAC,D1_D4_MD5,R,EL	: 	: 	: 	7.6 	-3.6 	-7.6 	9.5 	7.5 
A,RT_PRE_NAC,D1_D4_MD5,R,ES	: 	: 	1.4 	14.6 	-3 	-5.3 	4.9 	4.6 
A,RT_PRE_NAC,D1_D4_MD5,R,FI	7.4 p	5.5 p	3.7 p	5.4 p	-2.2 p	2.4 p	2.2 p	3.3 p
A,RT_PRE_NAC,D1_D4_MD5,R,FR	: 	: 	: 	-0.4 	1.2 	2.1 	2.5 	1.9 
A,RT_PRE_NAC,D1_D4_MD5,R,HR	: 	: 	: 	2 	0.6 	7.2 	14.4 	17.6 
A,RT_PRE_NAC,D1_D4_MD5,R,HU	: 	: 	: 	8.1 	7.6 	16.1 	15.4 	11.1 
A,RT_PRE_NAC,D1_D4_MD5,R,IE	: 	: 	: 	-9.3 	: @C	: @C	: @C	: @C
A,RT_PRE_NAC,D1_D4_MD5,R,IS	: 	-2.5 p	3.7 p	1.7 p	15.1 p	8.2 p	7.6 p	6.7 p
A,RT_PRE_NAC,D1_D4_MD5,R,IT	: 	: 	: 	2.9 	-3.7 	-4.9 	2.6 	8.8 
A,RT_PRE_NAC,D1_D4_MD5,R,LT	: 	: 	: 	9 	12.1 	14.2 	17.6 	11.7 
A,RT_PRE_NAC,D1_D4_MD5,R,LU	: 	: 	: 	6.7 	-2.4 	2.6 	6.8 	1.5 
A,RT_PRE_NAC,D1_D4_MD5,R,LV	: 	: 	: 	11.9 	8.6 	7.2 	11.8 	10.9 
A,RT_PRE_NAC,D1_D4_MD5,R,MT	: 	: 	: 	-4 	1.2 	3.7 	-3.8 	9.8 
A,RT_PRE_NAC,D1_D4_MD5,R,NL	: 	: 	: 	-0.8 	-4.3 	9.6 	6.3 	: @C
A,RT_PRE_NAC,D1_D4_MD5,R,NO	: 	: 	: 	4.1 	3.1 	5.2 	7.9 	5.2 
A,RT_PRE_NAC,D1_D4_MD5,R,PL	: 	: 	: 	5 	4.6 	15.3 	15.1 	14.3 
A,RT_PRE_NAC,D1_D4_MD5,R,PT	: 	: 	: 	14.7 	5.8 	-4.5 	7 	5.3 
A,RT_PRE_NAC,D1_D4_MD5,R,RO	: 	: 	: 	13.3 	3.3 	8.5 	11 	11.8 
A,RT_PRE_NAC,D1_D4_MD5,R,RS	: 	: 	: 	9.1 	7.3 	17.5 	14.5 	13.6 
A,RT_PRE_NAC,D1_D4_MD5,R,SE	: 	: 	: 	2.3 	1 	1.5 	4 	5.6 
A,RT_PRE_NAC,D1_D4_MD5,R,SI	: 	: 	: 	5.6 	5.8 	1.2 	11.3 	3.3 
A,RT_PRE_NAC,D1_D4_MD5,R,SK	: 	: 	: 	9.1 	14.2 	3.1 	2.6 	9.3 
A,RT_PRE_NAC,D1_D4_MD5,S,AT	: 	: 	-0.7 	10.3 	10.1 	3.4 	6.8 p	10.1 
A,RT_PRE_NAC,D1_D4_MD5,S,BE	: 	: 	: 	1.7 	1.2 	5.3 	9.3 	1.9 
A,RT_PRE_NAC,D1_D4_MD5,S,BG	: 	: 	: 	9.8 	10.7 	15.6 	7.6 	22.1 
A,RT_PRE_NAC,D1_D4_MD5,S,CY	: 	: 	: 	-4.7 	2.5 	9.6 	6.5 	7.1 
A,RT_PRE_NAC,D1_D4_MD5,S,CZ	: 	: 	: 	3.7 	5 	-0.6 	14.6 	6.4 
A,RT_PRE_NAC,D1_D4_MD5,S,DE	: 	: 	: 	6.5 	2 	3.9 	2.8 	5.1 
A,RT_PRE_NAC,D1_D4_MD5,S,DK	: 	: 	1.8 	1.3 	3.8 	1.2 	2.3 	3.7 
A,RT_PRE_NAC,D1_D4_MD5,S,EA19	: 	: 	: 	5.4 	0.5 	3.6 	4.3 	4.6 
A,RT_PRE_NAC,D1_D4_MD5,S,EA20	: 	: 	: 	: 	0.5 	3.7 	4.3 	4.6 
A,RT_PRE_NAC,D1_D4_MD5,S,EE	: 	: 	: 	8.3 	7.3 	0.7 	6.5 	11.1 
A,RT_PRE_NAC,D1_D4_MD5,S,EL	: 	: 	1.1 	2.6 	2.9 	-6.2 	5.7 	10.6 
A,RT_PRE_NAC,D1_D4_MD5,S,ES	: 	: 	-2.2 	11.4 	-2 	1.1 	5.3 	4.6 
A,RT_PRE_NAC,D1_D4_MD5,S,FI	-11.9 p	17.2 p	3.6 p	-10.3 p	16.4 p	0.3 p	4.1 p	4.9 p
A,RT_PRE_NAC,D1_D4_MD5,S,FR	: 	: 	: 	5.6 	: @C	: @C	: @C	: @C
A,RT_PRE_NAC,D1_D4_MD5,S,HR	: 	: 	: 	-8.4 	-0.8 	13.4 	16.3 	7.9 
A,RT_PRE_NAC,D1_D4_MD5,S,HU	: 	: 	: 	3.2 	0.4 	20.1 	14.1 	15.1 
A,RT_PRE_NAC,D1_D4_MD5,S,IE	: 	: 	: 	-6.1 	: @C	: @C	: @C	: @C
A,RT_PRE_NAC,D1_D4_MD5,S,IS	: 	7.3 p	10.4 p	-2.8 p	9.6 p	4.8 p	7.1 p	6.9 p
A,RT_PRE_NAC,D1_D4_MD5,S,IT	: 	: 	: 	-1.2 	-2 	1.2 	3.3 	0.4 
A,RT_PRE_NAC,D1_D4_MD5,S,LT	: 	: 	: 	8.9 	16 	14.8 	8.5 	11.9 
A,RT_PRE_NAC,D1_D4_MD5,S,LU	: 	: 	: 	5.3 	-0.4 	3.8 	6.1 	2 
A,RT_PRE_NAC,D1_D4_MD5,S,LV	: 	: 	: 	15 	2.2 	5.4 	12.2 	17.6 
A,RT_PRE_NAC,D1_D4_MD5,S,MT	: 	: 	: 	-20.6 	6.5 	28.9 	23.9 	0.1 
A,RT_PRE_NAC,D1_D4_MD5,S,NL	: 	: 	: 	0.5 	3.2 	6 	6.8 	: @C
A,RT_PRE_NAC,D1_D4_MD5,S,NO	: 	: 	: 	2.9 	2.7 	0.5 	18.8 	-4.2 
A,RT_PRE_NAC,D1_D4_MD5,S,PL	: 	: 	: 	5.9 	11.5 	2.4 	15.6 	11.5 
A,RT_PRE_NAC,D1_D4_MD5,S,PT	: 	: 	: 	7.2 	6.8 	-1.7 	8.2 	5.4 
A,RT_PRE_NAC,D1_D4_MD5,S,RO	: 	: 	: 	8.4 	4.8 	19.8 	8.2 	18.9 
A,RT_PRE_NAC,D1_D4_MD5,S,RS	: 	: 	: 	6.6 	9.5 	15.3 	12.2 	13.3 
A,RT_PRE_NAC,D1_D4_MD5,S,SE	: 	: 	: 	0.1 	4 	1 	3.8 	2.2 
A,RT_PRE_NAC,D1_D4_MD5,S,SI	: 	: 	: 	4.1 	3.6 	4.2 	14 	7 
A,RT_PRE_NAC,D1_D4_MD5,S,SK	: 	: 	: 	4.1 	5.5 	12.7 	11.1 	6.4 
